改正時期,改正種別,改正前FI,改正後FI,改正前タイトル,改正後タイトル
uploaded,新設,,A01F 7/07,,・フレール（ｆｌａｉｌｓ）を有するもの［２０１０．０１］
uploaded,新設,,A01F 29/09,,・細部［２０１０．０１］
uploaded,新設,,A01F 29/09 A,,バランスウエイトまたはその取付
uploaded,新設,,A01F 29/09 B,,結束帯の切断機構
uploaded,新設,,A01F 29/09 Z,,その他のもの
uploaded,新設,,A44B 99/00,,このサブクラスの他のグループに分類されない主題事項［２０１０．０１］
uploaded,新設,,A44B 99/00 601,,・他の締め具又は止め具の用途
uploaded,新設,,A44B 99/00 601 A,,被服
uploaded,新設,,A44B 99/00 601 B,,・襟元止め具
uploaded,新設,,A44B 99/00 601 C,,・・洋服用
uploaded,新設,,A44B 99/00 601 D,,・・和服用
uploaded,新設,,A44B 99/00 601 E,,・ズボン、スカ－ト用
uploaded,新設,,A44B 99/00 601 F,,・サスペンダ－
uploaded,新設,,A44B 99/00 601 G,,・こはぜ
uploaded,新設,,A44B 99/00 601 H,,・・平板型
uploaded,新設,,A44B 99/00 601 J,,・・線輪型
uploaded,新設,,A44B 99/00 601 K,,・・こはぜ掛
uploaded,新設,,A44B 99/00 601 L,,・おむつ
uploaded,新設,,A44B 99/00 601 M,,・・ボタン
uploaded,新設,,A44B 99/00 601 N,,帽子
uploaded,新設,,A44B 99/00 601 P,,ハンカチ
uploaded,新設,,A44B 99/00 601 Q,,装身具
uploaded,新設,,A44B 99/00 601 R,,寝具
uploaded,新設,,A44B 99/00 601 S,,ソフア、椅子
uploaded,新設,,A44B 99/00 601 T,,カ－ペツト
uploaded,新設,,A44B 99/00 601 U,,兼用
uploaded,新設,,A44B 99/00 601 Z,,その他
uploaded,新設,,A44B 99/00 611,,・他の締め具又は止め具のタイプ
uploaded,新設,,A44B 99/00 611 A,,挟持するもの
uploaded,新設,,A44B 99/00 611 B,,・クリツプ型
uploaded,新設,,A44B 99/00 611 C,,・レバ－付きのもの
uploaded,新設,,A44B 99/00 611 D,,・弾性体によるもの
uploaded,新設,,A44B 99/00 611 E,,止め金具
uploaded,新設,,A44B 99/00 611 F,,ハトメ
uploaded,新設,,A44B 99/00 611 G,,ホツク型
uploaded,新設,,A44B 99/00 611 H,,面接合をするもの
uploaded,新設,,A44B 99/00 611 J,,・ベルベツト式フアスナ－
uploaded,新設,,A44B 99/00 611 K,,・接着、粘着するもの
uploaded,新設,,A44B 99/00 611 L,,磁石
uploaded,新設,,A44B 99/00 611 M,,緊締するもの
uploaded,新設,,A44B 99/00 611 N,,紐用のもの
uploaded,新設,,A44B 99/00 611 P,,装飾
uploaded,新設,,A44B 99/00 611 Z,,その他
uploaded,新設,,A62C 99/00,,このサブクラスの他のグループに分類されない主題事項［２０１０．０１］
uploaded,新設,,B01L 7/04,,・保温装置，例．フラスコ用ジャケット［２０１０．０１］
uploaded,新設,,B01L 99/00,,このサブクラスの他のグループに分類されない主題事項［２０１０．０１］
uploaded,新設,,B24B 37/00 X,,ラッピング機械、装置に用いられる制御・付属装置
uploaded,新設,,B24B 37/04 U,,両面研磨用ラッピングキャリア
uploaded,新設,,B24B 37/04 V,,片面研磨用ラッピングキャリア
uploaded,新設,,B24D 99/00,,このサブクラスの他のグループに分類されない主題事項［２０１０．０１］
uploaded,新設,,B24D 99/00 A,,エアバツク研削工具
uploaded,新設,,B24D 99/00 B,,煙突掃除型内面研摩工具
uploaded,新設,,B24D 99/00 C,,帯状切断砥石
uploaded,新設,,B24D 99/00 D,,砥石車の構成要素としての砥石ブロツク
uploaded,新設,,B24D 99/00 E,,非砥粒性研摩工具〔他に分類のない「研摩工具」など〕
uploaded,新設,,B24D 99/00 F,,他の装置や道具と兼用される砥石具
uploaded,新設,,B24D 99/00 Z,,その他
uploaded,新設,,B29D 33/00,,軸受け用のブッシュの製造［２０１０．０１］
uploaded,新設,,B29D 99/00,,このサブクラスの他のグループに分類されない主題事項［２０１０．０１］
uploaded,新設,,B43M 99/00,,このサブクラスの他のグループに分類されない主題事項［２０１０．０１］
uploaded,新設,,B43M 99/00 A,,硯
uploaded,新設,,B43M 99/00 B,,墨すり
uploaded,新設,,B43M 99/00 C,,墨ホルダー
uploaded,新設,,B43M 99/00 D,,水差し
uploaded,新設,,B43M 99/00 E,,机上文具入れ
uploaded,新設,,B43M 99/00 F,,固体湿潤具
uploaded,新設,,B43M 99/00 Z,,その他のもの
uploaded,新設,,B60G 99/00,,このサブクラスの他のグループに分類されない主題事項［２０１０．０１］
uploaded,新設,,B60W 10/00,,異なる種類または異なる機能の車両用サブユニットの関連制御（乗物の内部に動力供給源をもつ単なる電気的推進車両の推進のためのものＢ６０Ｌ１１／００）［８］
uploaded,新設,,B60W 10/00 102,,・推進装置とクラッチに関するもの
uploaded,新設,,B60W 10/00 104,,・推進装置と伝動装置に関するもの
uploaded,新設,,B60W 10/00 106,,・・伝動装置が段階的なもの
uploaded,新設,,B60W 10/00 108,,・・・駆動の中断を伴うもの
uploaded,新設,,B60W 10/00 110,,・・・駆動の中断を伴わないもの
uploaded,新設,,B60W 10/00 112,,・・伝動装置が無段階に変化するもの
uploaded,新設,,B60W 10/00 114,,・・・機械式のもの
uploaded,新設,,B60W 10/00 116,,・・・流体式のもの
uploaded,新設,,B60W 10/00 118,,・・・電気式のもの，例．電磁式
uploaded,新設,,B60W 10/00 120,,・推進装置と制動方式に関するもの
uploaded,新設,,B60W 10/00 122,,・クラッチと伝動装置に関するもの（トルクコンバータのロックアップクラッチの制御Ｆ１６Ｈ６１／１４）
uploaded,新設,,B60W 10/00 124,,・クラッチと制動方式に関するもの
uploaded,新設,,B60W 10/00 126,,・伝動装置と制動方式に関するもの
uploaded,新設,,B60W 10/00 132,,・操舵装置と制動方式に関するもの
uploaded,新設,,B60W 10/00 134,,・操舵装置と推進装置に関するもの
uploaded,新設,,B60W 10/00 136,,・操舵装置と伝動装置に関するもの
uploaded,新設,,B60W 10/00 148,,・三つ以上の部分に関するもの
uploaded,新設,,B60W 10/00 150,,・その他の組合せに関するもの
uploaded,新設,,B60W 10/00 152,,・全輪駆動（ＡＷＤ）の制御を含むもの，例．前後で駆動力を分配するためのギア又はクラッチを有するもの（Ｂ６０Ｗ１０／１２，１４０優先）
uploaded,新設,,B60W 10/02,,・駆動系のクラッチの制御を含むもの［８］
uploaded,新設,,B60W 10/04,,・推進装置の制御を含むもの［８］
uploaded,新設,,B60W 10/06,,・・燃焼機関の制御を含むもの［８］
uploaded,新設,,B60W 10/08,,・・電気推進装置の制御を含むもの，例．電動機，発電機［８］
uploaded,新設,,B60W 10/01,,・変速伝動装置の制御を含むもの［８］
uploaded,新設,,B60W 10/01 201,,・・無段変速機の制御を含むもの
uploaded,新設,,B60W 10/01 203,,・・・流体式無段変速機，例．ＨＳＴ
uploaded,新設,,B60W 10/01 205,,・・・電気式無段変速機
uploaded,新設,,B60W 10/01 207,,・・・無端可撓部材による無段変速機，例．ベルト、チェーン
uploaded,新設,,B60W 10/01 208,,・・・摩擦による無段変速機
uploaded,新設,,B60W 10/01 209,,・・・・トロイダル式
uploaded,新設,,B60W 10/01 210,,・・有段変速機の制御を含むもの
uploaded,新設,,B60W 10/01 211,,・・・直列に配置された別個の変速歯車列を持つもの
uploaded,新設,,B60W 10/01 213,,・・・二つの入力経路があるもの，例．入力クラッチによって二つのトルク伝達経路の一つを選択するダブルクラッチ
uploaded,新設,,B60W 10/01 215,,・・・遊星歯車によるもの
uploaded,新設,,B60W 10/01 217,,・・・平行な軸を有するもの（１０／１０，１１３優先）
uploaded,新設,,B60W 10/12,,・差動装置の制御を含むもの［８］
uploaded,新設,,B60W 10/12 240,,・・前後の駆動力分配をする差動装置（いわゆるセンターデフ）の制御を含むもの
uploaded,新設,,B60W 10/12 260,,・・左右の駆動力分配をする差動装置の制御を含むもの
uploaded,新設,,B60W 10/18,,・制動装置の制御を含むもの［８］
uploaded,新設,,B60W 10/18 284,,・・車輪に作用させるブレーキ、ホイールブレーキの制御を含むもの
uploaded,新設,,B60W 10/18 288,,・・・液圧式ブレーキ
uploaded,新設,,B60W 10/18 292,,・・・電気式ブレーキ
uploaded,新設,,B60W 10/18 296,,・・ドライブラインに直接作用させるブレーキの制御を含むもの，例．リターダ
uploaded,新設,,B60W 10/18 298,,・・排気ブレーキの制御を含むもの（燃焼機関の他の制御は１０／０６）
uploaded,新設,,B60W 10/02,,・操向装置の制御を含むもの［８］
uploaded,新設,,B60W 10/22,,・懸架装置の制御を含むもの［８］
uploaded,新設,,B60W 10/24,,・エネルギ貯蔵手段の制御を含むもの［８］
uploaded,新設,,B60W 10/26,,・・電気エネルギーを貯蔵するもの，例．バッテリー，キャパシタ［８］
uploaded,新設,,B60W 10/28,,・燃料電池の制御を含むもの［８］
uploaded,新設,,B60W 10/03,,・付属装置の制御を含むもの，例．空気調節用圧縮機，オイルポンプ［８］
uploaded,新設,,B60W 30/00,,特定の単一のサブユニットの制御に関するものではない道路走行用車両の運動制御システムであって目的によって特徴づけられるもの（例．車両用サブユニットの関連制御を用いたシステムにおける目的）［８］
uploaded,新設,,B60W 30/02,,・車両の挙動安定化制御［８］
uploaded,新設,,B60W 30/02 145,,・・旋回性の向上
uploaded,新設,,B60W 30/02 150,,・・加速時の車輪のスピンを防ぐための制御，例．トラクションコントロール
uploaded,新設,,B60W 30/02 155,,・・・異なる摩擦係数を有する表面の走行時の制御，例．左右輪間のμスプリット
uploaded,新設,,B60W 30/04,,・・横転防止［８］
uploaded,新設,,B60W 30/06,,・駐車時の自動運転［８］
uploaded,新設,,B60W 30/08,,・起こり得る又は差し迫った衝突の，予知又は回避［８］
uploaded,新設,,B60W 30/08 185,,・・衝突に備えた姿勢制御を自動的に行うもの，例．ノーズドロップのための制動
uploaded,新設,,B60W 30/08 190,,・・衝突回避行動を自動的に行うもの，例．制動と操向
uploaded,新設,,B60W 30/08 195,,・・走行軌跡または衝突可能性の予測を伴うもの
uploaded,新設,,B60W 30/01,,・走行軌跡維持制御［８］
uploaded,新設,,B60W 30/12,,・・レーンキープ［８］
uploaded,新設,,B60W 30/14,,・クルーズコントロール［８］
uploaded,新設,,B60W 30/16,,・・車間距離制御，例．先行する車両との距離を維持するもの［８］
uploaded,新設,,B60W 30/16 265,,・・・先行車の走行軌跡に自動追従するもの，例．操舵制御によるもの、いわゆる「電子的牽引」
uploaded,新設,,B60W 30/16 270,,・・・先行車の停車に対応するもの，例．ストップ＆ゴー制御
uploaded,新設,,B60W 30/18,,・車両の推進に関するもの［８］
uploaded,新設,,B60W 30/18 282,,・・運転モードを選択するもの
uploaded,新設,,B60W 30/18 284,,・・ドライブライン上の過負荷、摩耗を抑制するもの
uploaded,新設,,B60W 30/18 286,,・・・摩擦要素の摩耗を抑制するもの，例．クラッチ
uploaded,新設,,B60W 30/18 288,,・・ドライブライン上の駆動力パラメータの制御，例．要求駆動力の決定
uploaded,新設,,B60W 30/18 290,,・・変速性の向上，例．同期、なめらかな変速
uploaded,新設,,B60W 30/18 292,,・・ドライブライン上の駆動力に影響を及ぼす問題（例．外部環境による影響）の緩和
uploaded,新設,,B60W 30/18 294,,・・・低温状態に関係するもの，例．冷却したエンジンの始動、オイルの粘性が高くなる状態
uploaded,新設,,B60W 30/02,,・・動力伝達経路上の振動を低減させるもの［８］
uploaded,新設,,B60W 40/00,,特定の単一のサブユニットの制御に関するものではない道路走行用車両の運動制御システムのためのパラメータの推定または演算［８］
uploaded,新設,,B60W 40/02,,・周囲の環境に関するもの［８］
uploaded,新設,,B60W 40/04,,・・交通の状態［８］
uploaded,新設,,B60W 40/06,,・・道路の状態［８］
uploaded,新設,,B60W 40/06 164,,・・・グリップの余裕度，摩擦係数の利用率
uploaded,新設,,B60W 40/06 168,,・・・道路の摩擦係数（道路とタイヤ間の接触状態）
uploaded,新設,,B60W 40/06 172,,・・・タイヤのスリップ角、車輪横滑り角（車体横滑り角はＢ６０Ｗ４０／１０，１０２）
uploaded,新設,,B60W 40/06 176,,・・・勾配、カント、曲率などの道路の形状に関するパラメータ
uploaded,新設,,B60W 40/08,,・運転者又は同乗者の状態に関するもの［８］
uploaded,新設,,B60W 40/08 190,,・・運転スタイルまたは運転傾向
uploaded,新設,,B60W 40/01,,・車両挙動に関するもの［８］
uploaded,新設,,B60W 40/01 202,,・・車体の横滑り角
uploaded,新設,,B60W 40/01 204,,・・車速
uploaded,新設,,B60W 40/01 206,,・・前後方向加速度
uploaded,新設,,B60W 40/01 208,,・・横加速度
uploaded,新設,,B60W 40/01 210,,・・車体のピッチ方向の運動に関するもの
uploaded,新設,,B60W 40/01 212,,・・車体のロール方向の運動に関するもの
uploaded,新設,,B60W 40/01 214,,・・車体のヨー方向の運動に関するもの
uploaded,新設,,B60W 40/12,,・車両自体のパラメータに関するもの［８］
uploaded,新設,,B60W 40/12 230,,・・荷重または車重
uploaded,新設,,B60W 50/00,,特定の単一のサブユニットの制御に関するものではない道路走行用車両の運動制御システムの細部［８］
uploaded,新設,,B60W 50/02,,・制御システムの故障時の安全確保，例．故障の診断，故障の回避，故障からの復帰によるもの［８］
uploaded,新設,,B60W 50/02 123,,・・冗長なパーツを用いることによる機能不全の回避
uploaded,新設,,B60W 50/02 126,,・・・追加的なコントロールレバーや入力装置を用いるもの
uploaded,新設,,B60W 50/02 129,,・・他の構成パーツが故障に対応した動作をするもの，例．故障したパーツを用いずに動作させるもの
uploaded,新設,,B60W 50/02 132,,・・故障したパーツを修理することにより機能を修復するもの，例．弁の固着を解消させるもの
uploaded,新設,,B60W 50/02 135,,・・予め設定した緊急用のセッティングに制御システムをセットするもの，例．特定のアクチュエータを優先させるもの
uploaded,新設,,B60W 50/02 138,,・・入力するパワー、トルク、速度を制限するもの
uploaded,新設,,B60W 50/04,,・制御システムの機能の監視［８］
uploaded,新設,,B60W 50/06,,・制御システムの動特性を改善するもの，例．整定速度を改善するもの又はハンチングもしくはオーバーシュートを回避するもの［８］
uploaded,新設,,B60W 50/08,,・運転者と制御システムとの相互作用［８］
uploaded,新設,,B60W 50/08 200,,・・運転者の要求や要望を入力する手段，例．設定値を入力する手段
uploaded,新設,,B60W 50/08 220,,・・運転者の誤操作による誤った運転を防止するもの
uploaded,新設,,B60W 50/08 240,,・・運転者に情報、警告を伝えたり、運転者の介入を促したりする手段
uploaded,新設,,B60W 50/08 260,,・・・運転者への触覚的なフィードバック，例．ハンドルやアクセルペダルに振動や反力を付与するもの
uploaded,新設,,B62M 6/00,,付加的な動力源を備えた車両の乗手推進，例．燃焼機関又は電気モータを備えるもの［２０１０．０１］
uploaded,新設,,B62M 6/01,,・補助的な燃焼機関を備えた乗手推進自転車［２０１０．０１］
uploaded,新設,,B62M 6/15,,・・制御またはそのための作動装置［２０１０．０１］
uploaded,新設,,B62M 6/02,,・・クランク軸部で動力駆動されるもの［２０１０．０１］
uploaded,新設,,B62M 6/25,,・・車軸部で動力駆動されるもの［２０１０．０１］
uploaded,新設,,B62M 6/03,,・・単一の無端可撓性部材で動力駆動されるもの，例．自転車のクランク軸部と車軸との間のチェーン，無端可撓性部材に連動するエンジン［２０１０．０１］
uploaded,新設,,B62M 6/35,,・・接地輪に圧接する摩擦ローラまたは係合する歯車によって動力駆動されるもの［２０１０．０１］
uploaded,新設,,B62M 6/04,,・補助的な電気モータを備えた乗手推進自転車［２０１０．０１］
uploaded,新設,,B62M 6/45,,・・制御またはそのための作動装置［２０１０．０１］
uploaded,新設,,B62M 6/05,,・・・検出器またはセンサに特徴のあるもの，またはその配置［２０１０．０１］
uploaded,新設,,B62M 6/55,,・・クランク軸部で動力駆動されるもの［２０１０．０１］
uploaded,新設,,B62M 6/06,,・・車軸部で動力駆動されるもの［２０１０．０１］
uploaded,新設,,B62M 6/65,,・・・車軸と駆動軸とが同軸上に配置されるもの［２０１０．０１］
uploaded,新設,,B62M 6/07,,・・単一の無端可撓性部材で動力駆動されるもの，例．自転車のクランク軸部と車軸との間のチェーン，無端可撓性部材に連動するモータ［２０１０．０１］
uploaded,新設,,B62M 6/75,,・・接地輪に圧接する摩擦ローラまたは係合する歯車によって動力駆動されるもの［２０１０．０１］
uploaded,新設,,B62M 6/08,,・付属品，例．動力源；その配置［２０１０．０１］
uploaded,新設,,B62M 6/85,,・・太陽電池［２０１０．０１］
uploaded,新設,,B62M 6/09,,・・バッテリ［２０１０．０１］
uploaded,新設,,B62M 9/121,,・・・・・リヤディレーラ［２０１０．０１］
uploaded,新設,,B62M 9/122,,・・・・・・電動又は流体駆動のもの；その制御［２０１０．０１］
uploaded,新設,,B62M 9/123,,・・・・・・自動変速［２０１０．０１］
uploaded,新設,,B62M 9/124,,・・・・・・横方向への移動機構［２０１０．０１］
uploaded,新設,,B62M 9/1242,,・・・・・・・リンク機構に特徴のあるもの［２０１０．０１］
uploaded,新設,,B62M 9/1244,,・・・・・・・移動の制限又は位置決め［２０１０．０１］
uploaded,新設,,B62M 9/1246,,・・・・・・・・カム又は板を用いるもの［２０１０．０１］
uploaded,新設,,B62M 9/1248,,・・・・・・・付勢手段，例．ばね，の使用に特徴のあるもの；その機構［２０１０．０１］
uploaded,新設,,B62M 9/125,,・・・・・・ディレーラのフレームへの取付け［２０１０．０１］
uploaded,新設,,B62M 9/126,,・・・・・・チェーンガイド；その取付け［２０１０．０１］
uploaded,新設,,B62M 9/127,,・・・・・・ケーブルの取付け又は案内［２０１０．０１］
uploaded,新設,,B62M 9/128,,・・・・・・付属品，例．プロテクター［２０１０．０１］
uploaded,新設,,B62M 9/131,,・・・・・フロントディレーラ［２０１０．０１］
uploaded,新設,,B62M 9/132,,・・・・・・電動又は流体駆動のもの；その制御［２０１０．０１］
uploaded,新設,,B62M 9/133,,・・・・・・自動変速［２０１０．０１］
uploaded,新設,,B62M 9/134,,・・・・・・横方向への移動機構［２０１０．０１］
uploaded,新設,,B62M 9/1342,,・・・・・・・リンク機構に特徴のあるもの［２０１０．０１］
uploaded,新設,,B62M 9/1344,,・・・・・・・移動の制限又は位置決め［２０１０．０１］
uploaded,新設,,B62M 9/1346,,・・・・・・・・カム又は板を用いるもの［２０１０．０１］
uploaded,新設,,B62M 9/1348,,・・・・・・・付勢手段，例．ばね，の使用に特徴のあるもの；その機構［２０１０．０１］
uploaded,新設,,B62M 9/135,,・・・・・・ディレーラのフレームへの取付け［２０１０．０１］
uploaded,新設,,B62M 9/136,,・・・・・・チェーンガイド；その取付け［２０１０．０１］
uploaded,新設,,B62M 9/137,,・・・・・・ケーブルの取付け又は案内［２０１０．０１］
uploaded,新設,,B62M 9/138,,・・・・・・付属品，例．プロテクター［２０１０．０１］
uploaded,新設,,B64C 99/00,,このサブクラスの他のグループに分類されない主題事項［２０１０．０１］
uploaded,新設,,B65B 9/06 A,,ウエブが連続的に送られるもの（９／０８が優先）
uploaded,新設,,B65B 9/06 B,,ウエブが間欠的に送られるもの（９／０８が優先）
uploaded,新設,,B65B 9/06 Z,,その他のもの
uploaded,新設,,B65B 9/08 A,,ウエブが連続的に送られるもの
uploaded,新設,,B65B 9/08 B,,ウエブが間欠的に送られるもの
uploaded,新設,,B65B 9/08 Z,,その他のもの
uploaded,新設,,B65B 9/02 A,,ウエブが連続的に送られるもの（９／２２が優先）
uploaded,新設,,B65B 9/02 B,,ウエブが間欠的に送られるもの（９／２２が優先）
uploaded,新設,,B65B 9/02 Z,,その他のもの
uploaded,新設,,B67D 7/00,,大型貯蔵容器または貯蔵槽から車両または携帯用容器へ液体移送するための装置または器具，例．小売り用のもの（車両の燃料供給所における設備の一般的配置Ｂ６０Ｓ５／０２；機関車の水タンクの充填または排除のためのもの，例．給水柱Ｂ６１Ｋ１１／００；飛行中の航空機に補給するためのものＢ６４Ｄ３９／００；静止している航空機に燃料を供給するのに特に適した液体操作地上設備Ｂ６４Ｆ１／２８）［２０１０．０１］
uploaded,新設,,B67D 7/02,,・燃料または潤滑油以外の液体の移送のためのもの［２０１０．０１］
uploaded,新設,,B67D 7/02 A,,作動油，ク－ラント等の充填〔例．ブレ－キオイル，ク－ラント，冷媒等〕〔エンジンオイルは，７／０４〕
uploaded,新設,,B67D 7/02 B,,・充填前に真空吸引を行うもの
uploaded,新設,,B67D 7/02 Z,,その他のもの
uploaded,新設,,B67D 7/04,,・燃料，潤滑油または燃料と潤滑油の混合油の移送のためのもの［２０１０．０１］
uploaded,新設,,B67D 7/04 A,,燃料の移送，給油所における給油設備のレイアウト〔給油所における給油以外の諸設備，例えば洗車機，サ－ビス用ボックス等は，Ｂ６０Ｓ〕
uploaded,新設,,B67D 7/04 B,,・ロボット給油機〔マニプレ－タによる給油，例えば自動車生産ラインにおける給油設備〕
uploaded,新設,,B67D 7/04 C,,・タンクロ－リ積込用ローディングア－ム〔船舶用は，９／０２〕
uploaded,新設,,B67D 7/04 D,,・・蒸気回収路を設けたもの
uploaded,新設,,B67D 7/04 E,,・・内蔵弁に特徴のあるもの〔溢出防止一般は，７／３４〕
uploaded,新設,,B67D 7/04 F,,潤滑油の移出〔例．オイル交換機〕
uploaded,新設,,B67D 7/04 Z,,その他のもの
uploaded,新設,,B67D 7/06,,・細部または付属品［２０１０．０１］
uploaded,新設,,B67D 7/06 A,,給油機の細部〔例．換気，空調設備，排水設備等〕
uploaded,新設,,B67D 7/06 B,,・ノズルホルダ〔ノズルスイッチ機構は，７／１２Ａ〕
uploaded,新設,,B67D 7/06 C,,・給油機の付属品〔例．マット洗い機，おしぼり提供，商品展示等が付属のもの〕
uploaded,新設,,B67D 7/06 D,,・付加的な情報を報知するもの〔例．油種の表示，顧客情報の表示〕
uploaded,新設,,B67D 7/06 E,,・・給油機の操作手順を教えるもの
uploaded,新設,,B67D 7/06 F,,・・運転状態を知らせるもの〔例．スタンバイ，給油終了の表示，進捗状況の表示〕
uploaded,新設,,B67D 7/06 Z,,その他のもの
uploaded,新設,,B67D 7/08,,・・移送された液体の量または価格の制御，指示，計量または記録装置の配置（流量または圧力制御弁の配置７／３６；計算，計数に関するものＧ０６；流体分配のためのコイン解放装置Ｇ０７Ｆ１３／００；液体計量のための料金先払い装置Ｇ０７Ｆ１５／００）［２０１０．０１］
uploaded,新設,,B67D 7/08 A,,液体の計量に関するもの
uploaded,新設,,B67D 7/08 B,,・さらに金額の演算が可能なもの
uploaded,新設,,B67D 7/08 C,,・・単価を設定するもの
uploaded,新設,,B67D 7/08 Z,,その他のもの〔他に分類されない給油機の制御，例えば停電時のバックアップ〕
uploaded,新設,,B67D 7/01,,・・・かぎ，押しボタンまたは金銭登録機により操作されるもの［２０１０．０１］
uploaded,新設,,B67D 7/12,,・・・供給ホースまたはノズルの動作，またはそれらに係合する装置により操作されるもの［２０１０．０１］
uploaded,新設,,B67D 7/12 A,,ノズルの動作により操作されるもの〔例．ノズルスイッチ〕
uploaded,新設,,B67D 7/12 B,,・給油口にノズルを挿入することにより操作されるもの
uploaded,新設,,B67D 7/12 Z,,その他のもの〔吊下げホ－スの昇降により操作されるものは，７／４０〕
uploaded,新設,,B67D 7/14,,・・・プログラムされた記録情報，例．パンチカードの入力により応答するもの［２０１０．０１］
uploaded,新設,,B67D 7/16,,・・・液体計量装置の配置［２０１０．０１］
uploaded,新設,,B67D 7/18,,・・・・ピストン型のもの［２０１０．０１］
uploaded,新設,,B67D 7/02,,・・・・回転型のもの［２０１０．０１］
uploaded,新設,,B67D 7/22,,・・・表示器または記録器の配置（流体計量装置の表示または記録Ｇ０１Ｆ１５／０６）［２０１０．０１］
uploaded,新設,,B67D 7/22 A,,給油情報〔給油量，金額，単価〕を表示するもの〔給油量，金額の設定は，７／３０，単価の設定は，７／０８〕
uploaded,新設,,B67D 7/22 B,,・表示器の配置に特徴のあるもの
uploaded,新設,,B67D 7/22 C,,・音声によつて報知するもの〔給油情報以外の報知は，７／０６〕
uploaded,新設,,B67D 7/22 Z,,その他のもの
uploaded,新設,,B67D 7/24,,・・・・売上の受領証または記録書を作成または発行する手段を有するもの［２０１０．０１］
uploaded,新設,,B67D 7/24 A,,伝票発行手段を備えた給油機
uploaded,新設,,B67D 7/24 B,,・さらにＰＯＳシステムを備えたもの
uploaded,新設,,B67D 7/24 C,,・・ＰＯＳ端末と給油機の間のデ－タ伝送に関するもの〔例．布線の減少を図るもの〕
uploaded,新設,,B67D 7/24 Z,,その他のもの〔油槽所における出荷伝票の作成〕
uploaded,新設,,B67D 7/26,,・・・・リセットまたはゼロ復帰手段を有するもの［２０１０．０１］
uploaded,新設,,B67D 7/28,,・・・供給終了前の流出を減少または流出を間欠的に中断する，例．小きざみ供給を行なう，自動的な手段をもつもの［２０１０．０１］
uploaded,新設,,B67D 7/28 A,,丁度停止〔整数〕給油に特徴のあるもの
uploaded,新設,,B67D 7/28 B,,満タン給油に特徴のあるもの
uploaded,新設,,B67D 7/28 Z,,その他のもの
uploaded,新設,,B67D 7/03,,・・・移送されるべき液体の量を予め定める手段を有するもの（７／１０，７／１４が優先）［２０１０．０１］
uploaded,新設,,B67D 7/03 A,,流量計により計数するもの
uploaded,新設,,B67D 7/03 B,,・プリセット手段の配置，機能に特徴のあるもの
uploaded,新設,,B67D 7/03 Z,,その他のもの
uploaded,新設,,B67D 7/32,,・・安全または警告装置の配置；液体の無断放出防止のための手段［２０１０．０１］
uploaded,新設,,B67D 7/32 A,,給油前の安全確認〔インタロック解除〕手段〔例．エンジン停止確認，キャップ置忘れ検知〕
uploaded,新設,,B67D 7/32 B,,・ア－スの取付
uploaded,新設,,B67D 7/32 C,,・混油防止手段
uploaded,新設,,B67D 7/32 D,,・弁閉状態の確認
uploaded,新設,,B67D 7/32 E,,誤動作〔故障等〕・誤操作の防止手段
uploaded,新設,,B67D 7/32 G,,給油外の要因により応動する安全手段〔例．停電後の異常吐出防止〕
uploaded,新設,,B67D 7/32 H,,・災害〔地震，火事〕に応動するもの
uploaded,新設,,B67D 7/32 J,,・事故に応動するもの〔例．ホ－ス，ノズルの引掛け，衝突等〕
uploaded,新設,,B67D 7/32 K,,タンクの残量を検知し応動するもの〔例．空吐出防止〕〔タンクの油量管理は，７／７８Ｅ〕
uploaded,新設,,B67D 7/32 Z,,その他のもの〔例．漏洩検知，防爆〕
uploaded,新設,,B67D 7/34,,・・・液体の無断放出防止のための手段［２０１０．０１］
uploaded,新設,,B67D 7/36,,・・流量または圧力制御弁の配置（ノズルの中に組込まれたもの７／４２）［２０１０．０１］
uploaded,新設,,B67D 7/38,,・・ホース，例．ポンプモータと関連して運転されるもの，の配置（ホース一般Ｆ１６Ｌ１１／００）［２０１０．０１］
uploaded,新設,,B67D 7/38 A,,ホ－スの重量を軽減する手段を有するもの〔例．バランス錘，スプリングによる支持〕
uploaded,新設,,B67D 7/38 B,,ホ－ス導出部が水平移動するもの〔吊上げホ－スの横移動は，７／４０〕
uploaded,新設,,B67D 7/38 Z,,その他のもの
uploaded,新設,,B67D 7/04,,・・・吊り下げ，巻取りまたは収納装置（長尺ホース収納のための支持具一般Ｂ６５Ｈ７５／３４）［２０１０．０１］
uploaded,新設,,B67D 7/04 A,,吊下げホ－ス
uploaded,新設,,B67D 7/04 B,,・動力により昇降するもの
uploaded,新設,,B67D 7/04 C,,・・さらにホ－ス繰出し長さを制御するもの
uploaded,新設,,B67D 7/04 D,,・吊下げ点を移動可能とした点を特徴とするもの
uploaded,新設,,B67D 7/04 E,,・・さらに移動軌跡が円を描くもの
uploaded,新設,,B67D 7/04 Z,,その他のもの〔例．ロ－リ－のホ－ス収納装置，地下収納，キャビネット収納〕
uploaded,新設,,B67D 7/42,,・・充填ノズル［２０１０．０１］
uploaded,新設,,B67D 7/42 A,,ノズル本体の構造に特徴のあるもの〔例．ノズルパイプ，弁，レバ－，レバ－ガ－ド，流路等の構造，形状に関するもの〕
uploaded,新設,,B67D 7/42 B,,非給油時のノズル支持手段〔ノズルホルダは，７／０６Ｂ〕
uploaded,新設,,B67D 7/42 Z,,その他のもの〔例．ノズル関連アクセサリ－〕
uploaded,新設,,B67D 7/44,,・・・自動閉止［２０１０．０１］
uploaded,新設,,B67D 7/44 A,,プリセット給油用停止弁を有するもの
uploaded,新設,,B67D 7/44 Z,,その他のもの
uploaded,新設,,B67D 7/46,,・・・・容器内に充填された液体が規定のレベルに達する時自動閉止するもの［２０１０．０１］
uploaded,新設,,B67D 7/48,,・・・・・上昇する液体により閉止される開口を通る空気吸引の利用によるもの［２０１０．０１］
uploaded,新設,,B67D 7/05,,・・・・そして付加的な手動レバーを備えるもの［２０１０．０１］
uploaded,新設,,B67D 7/52,,・・・・そして付加的な流量制御弁手段を備えるもの［２０１０．０１］
uploaded,新設,,B67D 7/54,,・・・液体または蒸気の漏洩防止のためまたは漏洩した液体または蒸気を回収するための手段を有するもの（７／４４が優先）［２０１０．０１］
uploaded,新設,,B67D 7/56,,・・流量指示器，例．透明な区画，窓，回転翼，の配置（流動の有無または方向の指示または記録Ｇ０１Ｐ１３／００）［２０１０．０１］
uploaded,新設,,B67D 7/58,,・・ポンプの配置［２０１０．０１］
uploaded,新設,,B67D 7/06,,・・・手動のもの［２０１０．０１］
uploaded,新設,,B67D 7/62,,・・・動力によるもの［２０１０．０１］
uploaded,新設,,B67D 7/64,,・・・・ピストン型のもの［２０１０．０１］
uploaded,新設,,B67D 7/66,,・・・・回転型のもの［２０１０．０１］
uploaded,新設,,B67D 7/68,,・・・貯蔵タンクまたは貯蔵槽の中に沈めるもの［２０１０．０１］
uploaded,新設,,B67D 7/07,,・・・直列または並列に配列した二個以上のポンプをもつもの［２０１０．０１］
uploaded,新設,,B67D 7/72,,・・供給点まで液体を押圧するため空気またはその他のガス圧力を利用する装置［２０１０．０１］
uploaded,新設,,B67D 7/74,,・・移送されるべき二以上の相違する液体を混合する装置（コインにより解放される装置Ｇ０７Ｆ１３／０６）［２０１０．０１］
uploaded,新設,,B67D 7/74 A,,燃料を混合するもの〔混合した燃料の量・金額の演算も含む〕
uploaded,新設,,B67D 7/74 Z,,その他のもの
uploaded,新設,,B67D 7/76,,・・移送されるべき液体を浄化する装置，例．ろ過機，空気または水の分離機，の配置［２０１０．０１］
uploaded,新設,,B67D 7/76 A,,気体の除去〔例．エア－セパレ－タ〕
uploaded,新設,,B67D 7/76 B,,・蒸気回収路を備えたもの〔ノズルバルブに備えたものは，７／５４，ローディングア－ムに備えたものは，７／０４Ｄ〕
uploaded,新設,,B67D 7/76 C,,液体の除去〔例．水分の除去〕
uploaded,新設,,B67D 7/76 D,,固形物の除去〔例．スラッジ，ごみ，鉄分等を除去するフィルタ，ストレ－ナの配置〕
uploaded,新設,,B67D 7/76 Z,,その他のもの
uploaded,新設,,B67D 7/78,,・・貯蔵タンク，貯蔵槽またはパイプラインの配置［２０１０．０１］
uploaded,新設,,B67D 7/78 A,,給油所における配置
uploaded,新設,,B67D 7/78 B,,・さらに流路切換弁を有するもの〔例．複数系統を一つの筐体に収納した給油機（マルチ）〕
uploaded,新設,,B67D 7/78 C,,油槽所における配置
uploaded,新設,,B67D 7/78 D,,ロ－リの配管
uploaded,新設,,B67D 7/78 E,,タンクの油量管理
uploaded,新設,,B67D 7/78 Z,,その他のもの
uploaded,新設,,B67D 7/08,,・・移送されるべき液体の加熱または冷却装置の配置［２０１０．０１］
uploaded,新設,,B67D 7/82,,・・・加熱のみ［２０１０．０１］
uploaded,新設,,B67D 7/84,,・・ケーシング，キャビネットまたは骨組；台車または類似の可動支持具［２０１０．０１］
uploaded,新設,,B67D 7/84 A,,固定式給油機
uploaded,新設,,B67D 7/84 B,,・一部が回動可能なもの
uploaded,新設,,B67D 7/84 C,,・アイランド
uploaded,新設,,B67D 7/84 D,,可搬式給油機
uploaded,新設,,B67D 7/84 Z,,その他のもの
uploaded,新設,,B67D 7/86,,・・照明設備［２０１０．０１］
uploaded,新設,,B67D 9/00,,船への積込み，船からの荷上げ（船に付いた装置Ｂ６３Ｂ２７／００）［２０１０．０１］
uploaded,新設,,B67D 9/00 A,,岸壁で積込み，積降しするもの
uploaded,新設,,B67D 9/00 B,,沖合で積込み，積降しするもの
uploaded,新設,,B67D 9/00 C,,・さらに係留浮標を経由するもの
uploaded,新設,,B67D 9/00 D,,細部
uploaded,新設,,B67D 9/00 E,,・荷役ホ－ス
uploaded,新設,,B67D 9/00 F,,・荷役ホ－ス支持手段
uploaded,新設,,B67D 9/00 Z,,その他のもの
uploaded,新設,,B67D 9/02,,・関節のあるパイプを使用するもの［２０１０．０１］
uploaded,新設,,B67D 99/00,,このサブクラスの他のグループに分類されない主題事項［２０１０．０１］
uploaded,新設,,B81C 99/00,,このサブクラスの他のグループに分類されない主題事項［２０１０．０１］
uploaded,新設,,C01G 99/00,,このサブクラスの他のグループに分類されない主題事項［２０１０．０１］
uploaded,新設,,C08H 6/00,,リグニンから誘導される高分子化合物［２０１０．０１］
uploaded,新設,,C08H 8/00,,リグノセルロース材料から誘導される高分子化合物［２０１０．０１］
uploaded,新設,,C08H 99/00,,このサブクラスの他のグループに分類されない主題事項［２０１０．０１］
uploaded,新設,,D01G 99/00,,このサブクラスの他のグループに分類されない主題事項［２０１０．０１］
uploaded,新設,,F01N 13/00,,構造上の特色によって特徴づけられた排気または消音装置［２０１０．０１］
uploaded,新設,,F01N 13/00 A,,検出器をもつもの
uploaded,新設,,F01N 13/00 B,,液抜きを行うもの
uploaded,新設,,F01N 13/00 C,,消音器の支持
uploaded,新設,,F01N 13/00 Z,,その他のもの
uploaded,新設,,F01N 13/02,,・２つまたはそれ以上の独立した消音器を直列にした装置［２０１０．０１］
uploaded,新設,,F01N 13/04,,・２つまたはそれ以上の消音器を並列にした装置，例．多気筒機関用の中間連結材をもつもの［２０１０．０１］
uploaded,新設,,F01N 13/06,,・特に星形シリンダに適用されるもの，例．排気マニホルド［２０１０．０１］
uploaded,新設,,F01N 13/08,,・排気管のその他の構成または適用［２０１０．０１］
uploaded,新設,,F01N 13/08 A,,二重構造のもの
uploaded,新設,,F01N 13/08 B,,開閉弁をもつもの
uploaded,新設,,F01N 13/08 C,,吸気系に結合したもの
uploaded,新設,,F01N 13/08 D,,排気管の支持
uploaded,新設,,F01N 13/08 E,,管継手及びフランジ
uploaded,新設,,F01N 13/08 F,,・可撓継手及び可撓管
uploaded,新設,,F01N 13/08 G,,オ－トバイ用のもの
uploaded,新設,,F01N 13/08 Z,,その他のもの
uploaded,新設,,F01N 13/01,,・・排気集合管に対するもの［２０１０．０１］
uploaded,新設,,F01N 13/12,,・特に浸水排気に適用されるもの［２０１０．０１］
uploaded,新設,,F01N 13/14,,・断熱手段をもつもの［２０１０．０１］
uploaded,新設,,F01N 13/16,,・特殊な物質を選択したもの［２０１０．０１］
uploaded,新設,,F01N 13/18,,・製造，組立，分解を容易にするための構造［２０１０．０１］
uploaded,新設,,F01N 13/02,,・拡開出口をもつもの，例．魚の尾ひれ形［２０１０．０１］
uploaded,新設,,F01N 13/02 B,,調整可能なもの〔例．排気方向可変のもの〕
uploaded,新設,,F01N 13/02 C,,・開閉板を有するもの
uploaded,新設,,F01N 13/02 D,,オ－トバイ用又は２サイクル機関用のもの
uploaded,新設,,F01N 13/02 E,,縦型〔鉛直方向上向き〕の排気出口又は排気出口管を有するもの〔例．トラクタ用のもの〕
uploaded,新設,,F01N 13/02 Z,,その他のもの
uploaded,新設,,F01N 99/00,,このサブクラスの他のグループに分類されない主題事項［２０１０．０１］
uploaded,新設,,F02N 19/00,,燃焼機関のための始動補助で他に分類されないもの［２０１０．０１］
uploaded,新設,,F02N 19/00 B,,過給機関の始動補助
uploaded,新設,,F02N 19/00 C,,排気弁制御によるもの
uploaded,新設,,F02N 19/00 D,,燃料増量するもの
uploaded,新設,,F02N 19/00 E,,・機関回転数または温度に関連するもの
uploaded,新設,,F02N 19/00 F,,・スタ－タ作動と関連するもの
uploaded,新設,,F02N 19/00 G,,・手動操作するもの
uploaded,新設,,F02N 19/00 H,,主燃料以外の始動用燃料または始動補助剤を用いるもの
uploaded,新設,,F02N 19/00 Z,,その他のもの
uploaded,新設,,F02N 19/02,,・熱手段，例．点火された灯心の使用，による機関の始動補助（電気的に加熱された予熱プラグの使用Ｆ０２Ｐ１９／０２）［２０１０．０１］
uploaded,新設,,F02N 19/02 A,,機関の加熱，保温
uploaded,新設,,F02N 19/02 C,,・燃焼器による加熱，保温
uploaded,新設,,F02N 19/02 D,,・電熱ヒ－タによる加熱，保温
uploaded,新設,,F02N 19/02 E,,・温風による加熱，保温
uploaded,新設,,F02N 19/02 F,,燃焼室の加熱，保温
uploaded,新設,,F02N 19/02 Z,,その他のもの
uploaded,新設,,F02N 19/04,,・・機関に使用される流体の加熱によるもの（潤滑剤の加熱Ｆ０１Ｍ５／０２）［２０１０．０１］
uploaded,新設,,F02N 19/04 A,,吸気加熱
uploaded,新設,,F02N 19/04 B,,・電熱ヒ－タによるもの
uploaded,新設,,F02N 19/04 C,,・・ヒ－タ又はヒ－タの配置に特徴を有するもの
uploaded,新設,,F02N 19/04 D,,燃料を加熱するもの
uploaded,新設,,F02N 19/04 Z,,その他のもの
uploaded,新設,,F02N 19/06,,・・・炎発生手段による燃焼空気の加熱によるもの，例．炎加熱プラグ［４］［２０１０．０１］
uploaded,新設,,F02N 19/06 A,,燃焼器に特徴を有するもの
uploaded,新設,,F02N 19/06 B,,・点火プラグにより点火するもの
uploaded,新設,,F02N 19/06 C,,・電熱ヒ－タにより着火するもの
uploaded,新設,,F02N 19/06 D,,燃料供給装置またはその制御
uploaded,新設,,F02N 19/06 E,,・機関回転数により制御するもの
uploaded,新設,,F02N 19/06 F,,・温度により制御するもの
uploaded,新設,,F02N 19/06 G,,点火または加熱回路
uploaded,新設,,F02N 19/06 H,,加熱と燃料供給との関連
uploaded,新設,,F02N 19/06 J,,スタ－タとの関連
uploaded,新設,,F02N 19/06 K,,燃料霧化手段に特徴を有するもの
uploaded,新設,,F02N 19/06 L,,表示装置
uploaded,新設,,F02N 19/06 Z,,その他のもの
uploaded,新設,,F02N 19/08,,・・・・その配置［２０１０．０１］
uploaded,新設,,F02N 19/01,,・・・機関冷却剤の加熱によるもの［２０１０．０１］
uploaded,新設,,F02N 19/01 A,,燃焼器による加熱
uploaded,新設,,F02N 19/01 B,,電熱ヒ－タによる加熱
uploaded,新設,,F02N 19/01 C,,排気ガスによる加熱
uploaded,新設,,F02N 19/01 D,,保温槽を有するもの
uploaded,新設,,F02N 19/01 Z,,その他のもの
uploaded,新設,,F02N 99/00,,このサブクラスの他のグループに分類されない主題事項［２０１０．０１］
uploaded,新設,,F02N 99/00 A,,デコンプ操作
uploaded,新設,,F02N 99/00 B,,絞り弁操作または空気を導入するもの
uploaded,新設,,F02N 99/00 Z,,その他のもの
uploaded,新設,,F03C 7/00,,可とう壁形の機関［２０１０．０１］
uploaded,新設,,F03C 99/00,,このサブクラスの他のグループに分類されない主題事項［２０１０．０１］
uploaded,新設,,F16H 48/00 101,,・相互に連結された複数の差動装置を有するもの
uploaded,新設,,F16H 48/00 111,,・意図的に出力間に回転数差を発生させることに特徴を有するもの
uploaded,新設,,F16H 48/00 121,,・回転するデフケースに特徴を有するもの
uploaded,新設,,F16H 48/00 131,,・入力軸に特徴を有するもの，例．ドライブピニオンの取付け
uploaded,新設,,F16H 48/00 141,,・細部　（差動装置の冷却又は潤滑についての細部は　Ｆ１６Ｈ５７／０４）
uploaded,新設,,F16H 48/01 101,,・・・互いに噛み合う遊星ピニオンをもつもの
uploaded,新設,,F16H 48/12 101,,・・関連した２つのクラッチからなるもの
uploaded,新設,,F16H 48/02 101,,・・内部作動式の流体圧力を用いるもの　例、内部ポンプ型
uploaded,新設,,F16H 48/02 201,,・・力増幅のために、複数の手段を用いるもの
uploaded,新設,,F16H 48/28 101,,・・・自己制動式の、互いに噛み合う歯車をもつものであって、その歯車は、軸が互いに平行に配置されたヘリカルギヤまたはウォームであるもの
uploaded,新設,,F16H 48/28 201,,・・・自己制動式の、互いに噛み合う歯車をもつものであって、その歯車は、軸が互いに直交配置されたヘリカルギヤまたはウォームであるもの
uploaded,新設,,F16H 48/03 101,,・・・流体圧アクチュエータを用いるもの
uploaded,新設,,F16H 48/03 201,,・・・電磁気的又は電気的作動アクチュエータを用いるもの
uploaded,新設,,F16H 57/00 100,,・伝動装置の要素の摩耗や応力の監視，例．メンテナンスのきっかけのため
uploaded,新設,,F16H 57/02 101,,・・ケースの通気のための手段，例．エアブリーザ
uploaded,新設,,F16H 57/02 102,,・・軸の支持構造，例．仕切り壁，軸受の留め孔，軸受付きの壁やカバー
uploaded,新設,,F16H 57/02 103,,・・・軸や軸受の調整（遊星歯車をもたない歯車装置の軸の不整列を補償するための特別な手段Ｆ１６Ｈ１／２６；遊星歯車装置の軸の不整列を補償するための特別な手段　Ｆ１６Ｈ１／４８）
uploaded,新設,,F16H 57/02 104,,・・ケースへの歯車や軸の取付けや据え付け，例．組立のための手段や方法
uploaded,新設,,F16H 57/02 105,,・・伝動装置のケースの支持，例．トルクアーム，取付けのためのたの道具　（車両の動力伝達装置の取付けＢ６０Ｋ１７／００）
uploaded,新設,,F16H 57/02 106,,・・振動や騒音の低減の手段によって特徴付けられるもの
uploaded,新設,,F16H 57/02 107,,・・ケースの密封手段によって特徴付けられるもの，例．気密性の改善
uploaded,新設,,F16H 57/02 108,,・・使用される材料によって特徴付けられるもの
uploaded,新設,,F16H 57/02 109,,・・ケースの補強によって特徴付けられるもの，例．リブ
uploaded,新設,,F16H 57/02 110,,・・ケースのカバーや蓋によって特徴付けられるもの
uploaded,新設,,F16H 57/02 111,,・・シリーズ化された伝動装置箱，例．標準化されたユニットを使用した伝動装置箱
uploaded,新設,,F16H 57/02 112,,・・無端可撓部材を用いた伝動装置のための伝動装置箱
uploaded,新設,,F16H 57/02 113,,・・差動伝動装置のための伝動装置箱（差動伝動装置の回転ケースＦ１６Ｈ４８／００，１２１）
uploaded,新設,,F16H 57/02 114,,・・傘歯車伝動装置のための伝動装置箱（Ｆ１６Ｈ５７／０２，１１３が優先）
uploaded,新設,,F16H 57/02 115,,・・ウォーム伝動装置のための伝動装置箱
uploaded,新設,,F16H 61/4008,,・・・回路圧の制御［２０１０．０１］
uploaded,新設,,F16H 61/4017,,・・・・高圧回路の制御，例．リリーフ弁による超過油圧の防止［２０１０．０１］
uploaded,新設,,F16H 61/4026,,・・・・低圧回路の制御［２０１０．０１］
uploaded,新設,,F16H 61/4035,,・・・流量の制御［２０１０．０１］
uploaded,新設,,F16H 61/4043,,・・・高圧回路と低圧回路をバイパスする弁に関連する制御［２０１０．０１］
uploaded,新設,,F16H 61/4052,,・・・・弁が可変絞り機能を有するもの，例．オリフィス弁［２０１０．０１］
uploaded,新設,,F16H 61/4061,,・・・方向切換弁に関連する制御，例．給水導管を横断する切換弁（斜板を用いて前後進の切換を行うもの６１／４３８）［２０１０．０１］
uploaded,新設,,F16H 61/4069,,・・・中立制御に関連する弁，例．シャットオフ弁（斜板の中立位置への手段は、６１／４３９）［２０１０．０１］
uploaded,新設,,F16H 61/4078,,・・・油圧回路と外部または補機との流体の交換［２０１０．０１］
uploaded,新設,,F16H 61/4096,,・・・・アキュムレータを用いたもの［２０１０．０１］
uploaded,新設,,F16H 61/4104,,・・・・フラッシング，例．フラッシング弁や排出手段への接続によるもの［２０１０．０１］
uploaded,新設,,F16H 61/4131,,・・・・タンクからの吸引による流体の交換，例．オイルパン［２０１０．０１］
uploaded,新設,,F16H 61/4139,,・・・・補充または清掃用のポンプ，例．補充用チャージポンプ［２０１０．０１］
uploaded,新設,,F16H 61/4148,,・・・開回路［２０１０．０１］
uploaded,新設,,F16H 61/4157,,・・・制動装置の制御，例．モータがポンプとして作動するときのポンプのオーバーラン防止［２０１０．０１］
uploaded,新設,,F16H 61/4165,,・・・冷却または潤滑の制御［２０１０．０１］
uploaded,新設,,F16H 61/4174,,・・・通気孔の制御，例．捕捉した空気の除去［２０１０．０１］
uploaded,新設,,F16H 61/4183,,・・・振動または騒音の防止または減少，例．キャビテーション防止［２０１０．０１］
uploaded,新設,,F16H 61/4192,,・・・機能不調または機能不調の可能性があることを検知するもの，例．フェイルセーフ［２０１０．０１］
uploaded,新設,,F16H 61/421,,・・・・電気水力学的制御手段を用いたモータ容量の制御，例．ソレノイド弁を用いたもの［２０１０．０１］
uploaded,新設,,F16H 61/423,,・・・・油圧制御手段を用いたモータ容量の制御［２０１０．０１］
uploaded,新設,,F16H 61/425,,・・・・電気アクチュエータを用いたモータ容量の制御［２０１０．０１］
uploaded,新設,,F16H 61/427,,・・・・機械的な制御手段を用いたモータ容量の制御，例．レバーやペダルを用いたもの［２０１０．０１］
uploaded,新設,,F16H 61/431,,・・・・電気水力学的制御手段を用いたポンプ容量の制御，例．ソレノイド弁を用いたもの［２０１０．０１］
uploaded,新設,,F16H 61/433,,・・・・油圧制御手段を用いたポンプ容量の制御［２０１０．０１］
uploaded,新設,,F16H 61/435,,・・・・電気アクチュエータを用いたポンプ容量の制御［２０１０．０１］
uploaded,新設,,F16H 61/437,,・・・・機械的な制御手段を用いたポンプ容量の制御，例．レバーやペダルを用いたもの［２０１０．０１］
uploaded,新設,,F16H 61/438,,・・・・前後進の切換の制御，例．斜板の制御（方向切換弁を用いたものは、６１／４０６１）［２０１０．０１］
uploaded,新設,,F16H 61/439,,・・・・中立位置の制御，例．斜板の中立位置への手段（中立弁やシャットオフ弁を用いたものは、６１／４０６９）［２０１０．０１］
uploaded,新設,,F16H 61/444,,・・・・運転中のポンプまたはモータユニットの数の変更によるもの［２０１０．０１］
uploaded,新設,,F16H 61/448,,・・・・タンデムポンプまたはモータのために回路を制御するもの［２０１０．０１］
uploaded,新設,,F16H 61/452,,・・・・複数のポンプまたはモータを選択的に制御したもの，例．直列または並列の切換［２０１０．０１］
uploaded,新設,,F16H 61/456,,・・・・複数のポンプ間またはモータ間におけるトルクまたは速度のバランスを制御したもの（静圧形差動装置４８／１８）［２０１０．０１］
uploaded,新設,,F16H 61/462,,・・・・目標変速比を達成するもの［２０１０．０１］
uploaded,新設,,F16H 61/465,,・・・・目標入力回転数を達成するもの［２０１０．０１］
uploaded,新設,,F16H 61/468,,・・・・目標入力トルクを達成するもの［２０１０．０１］
uploaded,新設,,F16H 61/47,,・・・・目標出力回転数を達成するもの［２０１０．０１］
uploaded,新設,,F16H 61/472,,・・・・目標出力トルクを達成するもの［２０１０．０１］
uploaded,新設,,F16H 61/475,,・・・・目標パワーを達成するもの，例．入力パワーまたは出力パワー［２０１０．０１］
uploaded,新設,,F16H 61/478,,・・・・過負荷防止，例．高圧を限定するもの［２０１０．０１］
uploaded,新設,,F21K 99/00,,このサブクラスの他のグループに分類されない主題事項［２０１０．０１］
uploaded,新設,,F23B 101:00,,燃焼室がボイラ容器内に設置されている，例．冷却面に囲まれているもの，燃焼装置のボイラへの適用［８］
uploaded,新設,,F23B 103:00,,ボイラの開口部内または開口部に向けて設置するための，例．オイルバーナに換えて使用するための，燃焼装置の適用［８］
uploaded,新設,,F23B 103:02,,・本質的に水平な炎を作成するためのもの［８］
uploaded,新設,,F23D 99/00,,このサブクラスの他のグループに分類されない主題事項［２０１０．０１］
uploaded,新設,,F23M 99/00,,このサブクラスの他のグループに分類されない主題事項［２０１０．０１］
uploaded,新設,,F27D 25/00,,インクラステーションの除去装置［２０１０．０１］
uploaded,新設,,F27D 27/00,,溶融物のためのかき混ぜ装置（３／１４が優先）［２０１０．０１］
uploaded,新設,,F27D 99/00,,このサブクラスの他のグループに分類されない主題事項［２０１０．０１］
uploaded,新設,,F27D 99/00 A,,付属品
uploaded,新設,,F27D 99/00 Z,,その他のもの
uploaded,新設,,F41H 11/12 100,,・地雷敷設地帯の除去手段；地雷探知に特に適した装置
uploaded,新設,,F41H 11/12 100 A,,地雷探知に特に適した装置
uploaded,新設,,F41H 11/12 100 B,,・生物学的装置、例．動物または植物による探知を伴うもの
uploaded,新設,,F41H 11/12 100 C,,・化学的装置、例．蒸気分析による探知を伴うもの
uploaded,新設,,F41H 11/12 100 D,,・磁気的、電磁的、音響的または放射性の装置、例．地中浸透レーダまたは金属探知機
uploaded,新設,,F41H 11/12 100 E,,・機械的装置、例．手動探知のための刺索棒
uploaded,新設,,F41H 11/12 100 Z,,その他のもの
uploaded,新設,,F41H 11/14 100,,・・導爆索、例．地雷探知機
uploaded,新設,,F41H 11/16 100,,・・自走の地雷除去車；車両に連結できる地雷除去装置
uploaded,新設,,F41H 11/16 100 A,,機械的インパルスを用いて地雷を起動するための地面に衝撃を与える手段を有するもの、例．穀ざおまたは踏みつけ要素
uploaded,新設,,F41H 11/16 100 B,,地面に浸透する要素、例．土中から埋設された地雷を除去する手段を有するもの（Ｆ４１Ｈ　１１／１８を優先）
uploaded,新設,,F41H 11/16 100 C,,・発掘用バケツである要素
uploaded,新設,,F41H 11/16 100 D,,・すきである要素
uploaded,新設,,F41H 11/16 100 E,,・地中に潜り込む回転機械である要素
uploaded,新設,,F41H 11/16 100 F,,地表に置かれた地雷を脇に避けるために、ブラシをかける、または掃く手段またはブルドーザを用いるもの；地雷に触れずに表面から除去する方法
uploaded,新設,,F41H 11/16 100 G,,地面に面荷重を作り出すローラを有するもの、例．起爆する目的で面荷重を徐々に増加すること
uploaded,新設,,F41H 11/16 100 H,,囮または犠牲用の車両；車両に連結できる囮または犠牲用の装置
uploaded,新設,,F41H 11/16 100 Z,,その他のもの
uploaded,新設,,G01D 5/16 E,,磁気－電気抵抗変換によるもの
uploaded,新設,,G01D 5/16 M,,・磁気抵抗効果素子（ＭＲ素子）の構造に関するもの
uploaded,新設,,G01D 5/16 G,,・・巨大磁気抵抗効果素子（ＧＭＲ素子）の構造に関するもの
uploaded,新設,,G01D 5/165,,・・・・接点と抵抗トラックとの相対運動によるもの［６］
uploaded,新設,,G01D 5/165 A,,変換部の構造に関するもの
uploaded,新設,,G01D 5/165 B,,処理部に関するもの
uploaded,新設,,G01D 5/165 Z,,その他
uploaded,新設,,G01D 5/02 110,,・・・・相互インダクタンスの変化によるもの
uploaded,新設,,G01D 5/02 110 A,,被検出部に関するもの
uploaded,新設,,G01D 5/02 110 B,,・被検出部が磁性体であるもの
uploaded,新設,,G01D 5/02 110 C,,・被検出部が磁石であるもの
uploaded,新設,,G01D 5/02 110 D,,・被検出部がコイルを有するもの
uploaded,新設,,G01D 5/02 110 E,,・・励磁コイルと検出コイルが相対移動するもの
uploaded,新設,,G01D 5/02 110 F,,・被検出部が非磁性導体であるもの
uploaded,新設,,G01D 5/02 110 H,,検出部に関するもの
uploaded,新設,,G01D 5/02 110 Q,,処理部に関するもの
uploaded,新設,,G01D 5/02 110 X,,その他の構造に関するもの
uploaded,新設,,G01D 5/02 110 Z,,その他
uploaded,新設,,G01D 5/241,,・・・・蓄電器電極の相対運動によるもの［６］
uploaded,新設,,G01D 5/241 A,,変換部の構造に関するもの
uploaded,新設,,G01D 5/241 B,,・検知電極間の対向面積が変化するもの
uploaded,新設,,G01D 5/241 C,,・検知電極間の間隔が変化するもの
uploaded,新設,,G01D 5/241 D,,処理部に関するもの
uploaded,新設,,G01D 5/241 Z,,その他
uploaded,新設,,G01D 5/243 C,,・キャパシタンス変化によるもの
uploaded,新設,,G01D 5/243 G,,・インダクタンス変化によるもの
uploaded,新設,,G01D 5/243 H,,・キャパシタンス変化によるもの
uploaded,新設,,G01D 5/245 110,,・・・・エンコーダの構造，細部
uploaded,新設,,G01D 5/245 110 A,,検出部の構造に関するもの
uploaded,新設,,G01D 5/245 110 B,,・検出素子の配列に関するもの
uploaded,新設,,G01D 5/245 110 C,,・検出部のケーシング構造に関するもの
uploaded,新設,,G01D 5/245 110 J,,被検出部の構造に関するもの
uploaded,新設,,G01D 5/245 110 K,,・被検出部が非着磁磁性体であるもの
uploaded,新設,,G01D 5/245 110 L,,・被検出部が着磁部材，磁石であるもの
uploaded,新設,,G01D 5/245 110 M,,・・被検出部が多極であるもの
uploaded,新設,,G01D 5/245 110 P,,・被検出部がコイルを有するもの
uploaded,新設,,G01D 5/245 110 Q,,・・被検出部が多数のコイルを有するもの
uploaded,新設,,G01D 5/245 110 R,,・被検出部が非磁性導体であるもの
uploaded,新設,,G01D 5/245 110 W,,その他の構造に関するもの
uploaded,新設,,G01D 5/245 110 X,,・エンコーダのケーシング構造に関するもの
uploaded,新設,,G01D 5/245 110 Z,,その他
uploaded,新設,,G01D 5/252 A,,パルスコード型エンコーダ
uploaded,新設,,G01D 5/252 B,,・ビットパターンが直列方向に配列されたもの
uploaded,新設,,G01D 5/252 Z,,その他
uploaded,新設,,G01D 5/26 S,,・投光部，受光部の構造に関するもの
uploaded,新設,,G01D 5/347,,・・・・変位エンコーダースケールを用いるもの［６］
uploaded,新設,,G01D 5/347 A,,アナログ変化型
uploaded,新設,,G01D 5/347 B,,パルスコード型
uploaded,新設,,G01D 5/347 C,,・ビットパターンが直列方向に配列されたもの
uploaded,新設,,G01D 5/347 D,,インクリメンタル型
uploaded,新設,,G01D 5/347 E,,・異なる方式のエンコーダを併用するもの
uploaded,新設,,G01D 5/347 Z,,その他
uploaded,新設,,G01D 5/347 110,,・・・・・エンコーダの構造，細部
uploaded,新設,,G01D 5/347 110 A,,エンコーダ板の構造に関するもの〔５／３８優先〕
uploaded,新設,,G01D 5/347 110 B,,・基準位置，原点に関するもの
uploaded,新設,,G01D 5/347 110 C,,・反射部の構造に関するもの
uploaded,新設,,G01D 5/347 110 D,,・２次元，３次元の変位を検出するもの
uploaded,新設,,G01D 5/347 110 E,,・３つの格子を用いるもの
uploaded,新設,,G01D 5/347 110 F,,・モアレ縞を形成するためのもの
uploaded,新設,,G01D 5/347 110 L,,処理部に関するもの
uploaded,新設,,G01D 5/347 110 M,,・補償，調整，異常検出に関するもの
uploaded,新設,,G01D 5/347 110 N,,・・光量の補償，調整に関するもの
uploaded,新設,,G01D 5/347 110 P,,・・温度補償に関するもの
uploaded,新設,,G01D 5/347 110 Q,,・変調光を用いるもの
uploaded,新設,,G01D 5/347 110 S,,投光部，受光部の構造に関するもの
uploaded,新設,,G01D 5/347 110 T,,・多数の受光素子が配列されたもの
uploaded,新設,,G01D 5/347 110 U,,・光学系に関するもの
uploaded,新設,,G01D 5/347 110 V,,・・ライトガイドを用いるもの
uploaded,新設,,G01D 5/347 110 X,,その他の構造に関するもの
uploaded,新設,,G01D 5/347 110 Z,,その他
uploaded,新設,,G01D 5/353,,・・・・光ファイバーの伝送特性に影響を与えるもの［６］
uploaded,新設,,G01D 5/353 A,,光ファイバを用いるもの
uploaded,新設,,G01D 5/353 B,,・散乱を利用するもの
uploaded,新設,,G01D 5/353 C,,・回折格子を用いるもの
uploaded,新設,,G01D 5/353 Z,,その他
uploaded,新設,,G01D 5/38 G,,・回折格子の構造に関するもの
uploaded,新設,,G01Q 10/00,,走査または位置決め装置，すなわち，プローブの動きあるいは位置を積極的に制御するための装置［２０１０．０１］
uploaded,新設,,G01Q 10/02,,・粗動走査または粗動位置決め［２０１０．０１］
uploaded,新設,,G01Q 10/02 101,,・・圧電素子を用いたもの
uploaded,新設,,G01Q 10/02 111,,・・それらのための回路またはアルゴリズム
uploaded,新設,,G01Q 10/04,,・微動走査または微動位置決め［２０１０．０１］
uploaded,新設,,G01Q 10/04 101,,・・圧電素子を用いたもの
uploaded,新設,,G01Q 10/06,,・・それらのための回路またはアルゴリズム［２０１０．０１］
uploaded,新設,,G01Q 20/00,,プローブの動きまたは位置の監視［２０１０．０１］
uploaded,新設,,G01Q 20/02,,・光学的手段によるもの［２０１０．０１］
uploaded,新設,,G01Q 20/04,,・自己検知プローブ，すなわち，プローブ自身がその位置を示すような信号を発するもの，例．圧電ゲージ［２０１０．０１］
uploaded,新設,,G01Q 30/00,,走査プローブ技術または装置の補助または改良に資する補助的手段，例．表示装置またはデータ処理装置［２０１０．０１］
uploaded,新設,,G01Q 30/02,,・非ＳＰＭ分析装置，例．ＳＥＭ［走査型電子顕微鏡］，分光計または光学顕微鏡［２０１０．０１］
uploaded,新設,,G01Q 30/04,,・表示装置またはデータ処理装置［２０１０．０１］
uploaded,新設,,G01Q 30/06,,・・エラー補償のためのもの［２０１０．０１］
uploaded,新設,,G01Q 30/08,,・サンプルチェンバー内に所望の環境条件を確立し調節するための手段［２０１０．０１］
uploaded,新設,,G01Q 30/01,,・・温度環境［２０１０．０１］
uploaded,新設,,G01Q 30/12,,・・流体環境［２０１０．０１］
uploaded,新設,,G01Q 30/14,,・・・液体環境［２０１０．０１］
uploaded,新設,,G01Q 30/16,,・・真空環境［２０１０．０１］
uploaded,新設,,G01Q 30/18,,・外部の環境条件または影響からサンプルチェンバーの内部を保護しあるいは隔離するための手段［２０１０．０１］
uploaded,新設,,G01Q 30/02,,・試料の取扱装置または手段［２０１０．０１］
uploaded,新設,,G01Q 40/00,,キャリブレーション，例．プローブのキャリブレーション［２０１０．０１］
uploaded,新設,,G01Q 40/02,,・キャリブレーションの基準またはその製造方法［２０１０．０１］
uploaded,新設,,G01Q 60/00,,特定の型のＳＰＭ［走査プローブ型顕微鏡］またはそのための装置；その基本的な構成部品［２０１０．０１］
uploaded,新設,,G01Q 60/00 101,,・プローブの特性
uploaded,新設,,G01Q 60/02,,・マルチタイプＳＰＭ，すなわち２つまたはそれ以上のＳＰＭ技術を使用するもの［２０１０．０１］
uploaded,新設,,G01Q 60/04,,・・ＳＴＭ［走査型トンネル顕微鏡法］とＡＦＭ［原子間力顕微鏡法］の組合せ［２０１０．０１］
uploaded,新設,,G01Q 60/06,,・・ＳＮＯＭ［近視野光学顕微鏡法］とＡＦＭ［原子間力顕微鏡法］の組合せ［２０１０．０１］
uploaded,新設,,G01Q 60/08,,・・ＭＦＭ［磁気力顕微鏡法］とＡＦＭ［原子間力顕微鏡法］の組合せ［２０１０．０１］
uploaded,新設,,G01Q 60/01,,・ＳＴＭ［走査型トンネル顕微鏡法］またはそのための装置，例．ＳＴＭ用プローブ［２０１０．０１］
uploaded,新設,,G01Q 60/12,,・・ＳＴＳ［走査型トンネルスペクトロスコピー］［２０１０．０１］
uploaded,新設,,G01Q 60/14,,・・ＳＴＰ［走査型トンネルポテンショメトリー］［２０１０．０１］
uploaded,新設,,G01Q 60/16,,・・プローブまたはその製造または関連する器具類，例．プローブホルダー［２０１０．０１］
uploaded,新設,,G01Q 60/16 101,,・・・プローブの特性
uploaded,新設,,G01Q 60/16 111,,・・・プローブの製造
uploaded,新設,,G01Q 60/18,,・ＳＮＯＭ［近視野光学顕微鏡法］またはそのための装置，例．ＳＮＯＭ用のプローブ［２０１０．０１］
uploaded,新設,,G01Q 60/02,,・・蛍光［２０１０．０１］
uploaded,新設,,G01Q 60/22,,・・プローブまたはその製造または関連する器具類，例．プローブホルダー［２０１０．０１］
uploaded,新設,,G01Q 60/22 101,,・・・プローブの特性
uploaded,新設,,G01Q 60/22 111,,・・・プローブの製造
uploaded,新設,,G01Q 60/24,,・ＡＦＭ［原子間力顕微鏡法］またはそのための装置，例．ＡＦＭ用のプローブ［２０１０．０１］
uploaded,新設,,G01Q 60/26,,・・摩擦力顕微鏡法［２０１０．０１］
uploaded,新設,,G01Q 60/28,,・・凝着力顕微鏡法［２０１０．０１］
uploaded,新設,,G01Q 60/03,,・・走査型ポテンシャル顕微鏡法［２０１０．０１］
uploaded,新設,,G01Q 60/32,,・・ＡＣモード［２０１０．０１］
uploaded,新設,,G01Q 60/34,,・・・タッピングモード［２０１０．０１］
uploaded,新設,,G01Q 60/36,,・・ＤＣモード［２０１０．０１］
uploaded,新設,,G01Q 60/38,,・・プローブまたはその製造または関連する器具類，例．プローブホルダー［２０１０．０１］
uploaded,新設,,G01Q 60/38 101,,・・・プローブの特性
uploaded,新設,,G01Q 60/38 111,,・・・プローブの製造
uploaded,新設,,G01Q 60/04,,・・・導電性プローブ［２０１０．０１］
uploaded,新設,,G01Q 60/42,,・・・機能化［２０１０．０１］
uploaded,新設,,G01Q 60/44,,・ＳＩＣＭ［走査型イオンコンダクタンス顕微鏡法］またはそのための装置，例．ＳＩＣＭ用のプローブ［２０１０．０１］
uploaded,新設,,G01Q 60/44 101,,・・プローブまたはその製造または関連する器具類，例．プローブホルダー
uploaded,新設,,G01Q 60/46,,・ＳＣＭ［走査型キャパシタンス顕微鏡法］またはそのための装置，例．ＳＣＭ用のプローブ［２０１０．０１］
uploaded,新設,,G01Q 60/48,,・・プローブまたはその製造または関連する器具類，例．プローブホルダー［２０１０．０１］
uploaded,新設,,G01Q 60/05,,・ＭＦＭ［磁気力顕微鏡法］またはそのための装置，例．ＭＦＭ用のプローブ［２０１０．０１］
uploaded,新設,,G01Q 60/52,,・・磁気共鳴［２０１０．０１］
uploaded,新設,,G01Q 60/54,,・・プローブまたはその製造または関連する器具類，例．プローブホルダー［２０１０．０１］
uploaded,新設,,G01Q 60/54 101,,・・・プローブの特性
uploaded,新設,,G01Q 60/54 111,,・・・プローブの製造
uploaded,新設,,G01Q 60/56,,・・・磁気コーティングされたプローブ［２０１０．０１］
uploaded,新設,,G01Q 60/58,,・ＳＴｈＭ［走査型熱顕微鏡法］またはそのための装置，例．ＳＴｈＭ用のプローブ［２０１０．０１］
uploaded,新設,,G01Q 60/06,,・ＳＥＣＭ［走査型電気化学顕微鏡法］またはそのための装置，例．ＳＥＣＭ用のプローブ［２０１０．０１］
uploaded,新設,,G01Q 60/06 101,,・・プローブまたはその製造または関連する器具類，例．プローブホルダー
uploaded,新設,,G01Q 70/00,,ＳＰＭプローブの一般的観点またはその製造または関連する器具類で，グループＧ０１Ｑ６０／００に包含される単一のＳＰＭ技術に特に適合していないもの［２０１０．０１］
uploaded,新設,,G01Q 70/02,,・プローブホルダー［２０１０．０１］
uploaded,新設,,G01Q 70/04,,・・温度・震動に誘引されたエラーの補償のあるもの［２０１０．０１］
uploaded,新設,,G01Q 70/06,,・プローブチップアレイ［２０１０．０１］
uploaded,新設,,G01Q 70/08,,・プローブの特性［２０１０．０１］
uploaded,新設,,G01Q 70/01,,・・形状またはテーパ［２０１０．０１］
uploaded,新設,,G01Q 70/12,,・・・ナノチューブチップ［２０１０．０１］
uploaded,新設,,G01Q 70/14,,・・特定の物質［２０１０．０１］
uploaded,新設,,G01Q 70/16,,・プローブの製造［２０１０．０１］
uploaded,新設,,G01Q 70/18,,・・機能化［２０１０．０１］
uploaded,新設,,G01Q 80/00,,ＳＰＭを除く走査プローブ技術の応用（マイクロ構造の製造または処理Ｂ８１Ｃ；ナノ構造物の製造または処理Ｂ８２Ｂ３／００；近接場相互作用を用いる情報の記録と再生Ｇ１１Ｂ９／１２，Ｇ１１Ｂ１１／２４，Ｇ１１Ｂ１３／０８）［２０１０．０１］
uploaded,新設,,G01Q 80/00 101,,・情報記録装置への適用
uploaded,新設,,G01Q 80/00 111,,・表面加工への適用
uploaded,新設,,G01Q 80/00 121,,・生物試料への適用
uploaded,新設,,G01Q 90/00,,他に分類されない走査プローブ技術または装置［２０１０．０１］
uploaded,新設,,G01S 19/00,,衛星電波ビーコン測位システム；当該システムから送信される信号を用いた，位置，速度または姿勢の決定［２０１０．０１］
uploaded,新設,,G01S 19/01,,・タイムスタンプメッセージを送信する衛星電波ビーコン測位システム，例．ＧＰＳ　［Ｇｌｏｂａｌ　Ｐｏｓｉｔｉｏｎｉｎｇ　Ｓｙｓｔｅｍ］，　ＧＬＯＮＡＳＳ［Ｇｌｏｂａｌ　Ｏｒｂｉｔｉｎｇ　Ｎａｖｉｇａｔｉｏｎ　Ｓａｔｅｌｌｉｔｅ　Ｓｙｓｔｅｍ］　ｏｒ　ＧＡＬＩＬＥＯ［２０１０．０１］
uploaded,新設,,G01S 19/02,,・・宇宙セグメントまたは地上コントロールセグメントの細部［２０１０．０１］
uploaded,新設,,G01S 19/03,,・・協働要素；異なる協働要素間または協働要素と受信機との間の相互作用または通信［２０１０．０１］
uploaded,新設,,G01S 19/04,,・・・キャリア位相データを提供するもの［２０１０．０１］
uploaded,新設,,G01S 19/05,,・・・補助情報を提供するもの［２０１０．０１］
uploaded,新設,,G01S 19/06,,・・・・補助情報として，もしくは，補助情報生成時に，受信機の初期推定位置を用いるもの［２０１０．０１］
uploaded,新設,,G01S 19/07,,・・・測定された位置データを補正する情報を提供するもの，例．ＤＧＰＳ　［Ｄｉｆｆｅｒｅｎｔｉａｌ　ＧＰＳ］，電離層補正［２０１０．０１］
uploaded,新設,,G01S 19/08,,・・・インテグリティ情報，例．衛星の健全性，エフェメリスデータの品質，を提供するもの［２０１０．０１］
uploaded,新設,,G01S 19/09,,・・・通常は受信機で行われる処理機能を提供するもの［２０１０．０１］
uploaded,新設,,G01S 19/01,,・・・そのために特別に適合された補助的な測位信号を提供するもの［２０１０．０１］
uploaded,新設,,G01S 19/11,,・・・・協働要素が擬似衛星，または衛星電波ビーコン測位システム信号のリピーターであるもの［２０１０．０１］
uploaded,新設,,G01S 19/12,,・・・・協働要素が電話通信基地局であるもの［２０１０．０１］
uploaded,新設,,G01S 19/13,,・・受信機［２０１０．０１］
uploaded,新設,,G01S 19/14,,・・・特定の応用に特に適合した受信機［２０１０．０１］
uploaded,新設,,G01S 19/15,,・・・・航空機着陸システム用［２０１０．０１］
uploaded,新設,,G01S 19/16,,・・・・盗難誘拐対策用［２０１０．０１］
uploaded,新設,,G01S 19/17,,・・・・緊急時用［２０１０．０１］
uploaded,新設,,G01S 19/18,,・・・・軍事用［２０１０．０１］
uploaded,新設,,G01S 19/19,,・・・・スポーツ用［２０１０．０１］
uploaded,新設,,G01S 19/02,,・・・宇宙セグメントのインテグリティモニタリング，宇宙セグメントの障害検知もしくは障害分離［２０１０．０１］
uploaded,新設,,G01S 19/21,,・・・干渉を課題とするもの［２０１０．０１］
uploaded,新設,,G01S 19/22,,・・・マルチパスを課題とするもの［２０１０．０１］
uploaded,新設,,G01S 19/23,,・・・受信機要素の試験，監視，補正または較正［２０１０．０１］
uploaded,新設,,G01S 19/24,,・・・当該システムが送信する信号の捕捉または追尾［２０１０．０１］
uploaded,新設,,G01S 19/25,,・・・・協働要素からの補助データの受信を含むもの，例．アシステッドＧＰＳ［２０１０．０１］
uploaded,新設,,G01S 19/26,,・・・・捕捉または追尾を補助するセンサー測定を含むもの［２０１０．０１］
uploaded,新設,,G01S 19/27,,・・・・受信機の中でエフェメリスまたはアルマナックデータを生成し，予測し，または補正するもの［２０１０．０１］
uploaded,新設,,G01S 19/28,,・・・・衛星の選択［２０１０．０１］
uploaded,新設,,G01S 19/29,,・・・・キャリア関連［２０１０．０１］
uploaded,新設,,G01S 19/03,,・・・・コード関連［２０１０．０１］
uploaded,新設,,G01S 19/31,,・・・測位のための他の信号の捕捉，追尾［２０１０．０１］
uploaded,新設,,G01S 19/32,,・・・同じ衛星システムでの多モード動作，例．ＧＰＳのＬ１とＬ２［２０１０．０１］
uploaded,新設,,G01S 19/33,,・・・タイムスタンプメッセージを送信する異なるシステム間の多モード動作，例．ＧＰＳ／ＧＬＯＮＡＳＳ［２０１０．０１］
uploaded,新設,,G01S 19/34,,・・・電力の節減［２０１０．０１］
uploaded,新設,,G01S 19/35,,・・・構成上の細部，または，信号処理系統のハードウェアもしくはソフトウェアの細部［２０１０．０１］
uploaded,新設,,G01S 19/36,,・・・・受信機フロントエンド関連［２０１０．０１］
uploaded,新設,,G01S 19/37,,・・・・信号処理系統のハードウェアもしくはソフトウェアの細部［２０１０．０１］
uploaded,新設,,G01S 19/38,,・衛星電波ビーコン測位システムの送信信号を用いた，航法解の決定［２０１０．０１］
uploaded,新設,,G01S 19/39,,・・衛星電波ビーコン測位システムがタイムスタンプメッセージを送信するもの，例．ＧＰＳ　［Ｇｌｏｂａｌ　Ｐｏｓｉｔｉｏｎｉｎｇ　Ｓｙｓｔｅｍ］，　ＧＬＯＮＡＳＳ　［Ｇｌｏｂａｌ　Ｏｒｂｉｔｉｎｇ　Ｎａｖｉｇａｔｉｏｎ　Ｓａｔｅｌｌｉｔｅ　Ｓｙｓｔｅｍ］　，　ＧＡＬＩＬＥＯ［２０１０．０１］
uploaded,新設,,G01S 19/04,,・・・位置，速度または姿勢の補正［２０１０．０１］
uploaded,新設,,G01S 19/41,,・・・・ディファレンシャル補正，例．ＤＧＰＳ［Ｄｉｆｆｅｒｅｎｔｉａｌ　ＧＰＳ］［２０１０．０１］
uploaded,新設,,G01S 19/42,,・・・位置の決定［２０１０．０１］
uploaded,新設,,G01S 19/43,,・・・・キャリア位相測定を用いるもの，例．キネマティック測位；長基線または短基線干渉を用いるもの［２０１０．０１］
uploaded,新設,,G01S 19/44,,・・・・・キャリア位相不確定の決定；フローティング・アンビギュイティ；ＬＡＭＢＤＡ［Ｌｅａｓｔ－ｓｑｕａｒｅｓ　ＡＭＢｉｇｕｉｔｙ　Ｄｅｃｏｒｒｅｌａｔｉｏｎ　Ａｄｊｕｓｔｍｅｎｔ］法［２０１０．０１］
uploaded,新設,,G01S 19/45,,・・・・衛星電波ビーコン測位システムからの信号の測定を，補助的な測定と組み合わせるもの［２０１０．０１］
uploaded,新設,,G01S 19/46,,・・・・・補助的な測定が電波信号を測定するタイプであるもの［２０１０．０１］
uploaded,新設,,G01S 19/47,,・・・・・補助的な測定が慣性測定であるもの，例．Ｔｉｇｈｔｌｙ　ｃｏｕｐｌｅｄ　ｉｎｅｒｔｉａｌ［２０１０．０１］
uploaded,新設,,G01S 19/48,,・・・・衛星電波ビーコン測位システムからの信号から引き出される位置解と，さらなるシステムからの位置解とを，切り替えまたは組み合わせるもの［２０１０．０１］
uploaded,新設,,G01S 19/49,,・・・・・さらなるシステムが慣性測位システムであるもの，例．ｌｏｏｓｅｌｙ－ｃｏｕｐｌｅｄ［２０１０．０１］
uploaded,新設,,G01S 19/05,,・・・・位置解が特定の曲線または表面上に制限されるもの，例．線路上を動く物体のための［２０１０．０１］
uploaded,新設,,G01S 19/51,,・・・・相対位置決定［２０１０．０１］
uploaded,新設,,G01S 19/52,,・・・速度の決定［２０１０．０１］
uploaded,新設,,G01S 19/53,,・・・姿勢の決定［２０１０．０１］
uploaded,新設,,G01S 19/54,,・・・・キャリア位相測定を用いるもの；長基線または短基線干渉［２０１０．０１］
uploaded,新設,,G01S 19/55,,・・・・・キャリア位相不確定の決定；フローティング・アンビギュイティ；ＬＡＭＢＤＡ［Ｌｅａｓｔ－ｓｑｕａｒｅｓ　ＡＭＢｉｇｕｉｔｙ　Ｄｅｃｏｒｒｅｌａｔｉｏｎ　Ａｄｊｕｓｔｍｅｎｔ］法［２０１０．０１］
uploaded,新設,,G06N 99/00,,このサブクラスの他のグループに分類されない主題事項［２０１０．０１］
uploaded,廃止,A01F 9/00,A01F 7/07,フレール（ｆｌａｉｌｓ）を有する脱穀機；フレール（ｆｌａｉｌｓ）を有するコンバインの脱穀装置,
uploaded,廃止,A01F 29/02,A01F 29/09,・その他の細部［３］,
uploaded,廃止,A01F 29/02 A,A01F 29/09 A,バランスウエイトまたはその取付,
uploaded,廃止,A01F 29/02 B,A01F 29/09 B,結束帯の切断機構,
uploaded,廃止,A01F 29/02 Z,A01F 29/09 Z,その他のもの,
uploaded,廃止,A01N 65/00 B,A01N 65/02,ロテノン，デリス根,
uploaded,廃止,A01N 65/00 C,A01N 65/12,除虫菊，その抽出物,
uploaded,廃止,A44B 21/00,A44B 99/00,他の締め具または止め具,
uploaded,廃止,A44B 21/00 601,A44B 99/00 601,・他の締め具又は止め具の用途,
uploaded,廃止,A44B 21/00 601 A,A44B 99/00 601 A,被服,
uploaded,廃止,A44B 21/00 601 B,A44B 99/00 601 B,・襟元止め具,
uploaded,廃止,A44B 21/00 601 C,A44B 99/00 601 C,・・洋服用,
uploaded,廃止,A44B 21/00 601 D,A44B 99/00 601 D,・・和服用,
uploaded,廃止,A44B 21/00 601 E,A44B 99/00 601 E,・ズボン、スカ－ト用,
uploaded,廃止,A44B 21/00 601 F,A44B 99/00 601 F,・サスペンダ－,
uploaded,廃止,A44B 21/00 601 G,A44B 99/00 601 G,・こはぜ,
uploaded,廃止,A44B 21/00 601 H,A44B 99/00 601 H,・・平板型,
uploaded,廃止,A44B 21/00 601 J,A44B 99/00 601 J,・・線輪型,
uploaded,廃止,A44B 21/00 601 K,A44B 99/00 601 K,・・こはぜ掛,
uploaded,廃止,A44B 21/00 601 L,A44B 99/00 601 L,・おむつ,
uploaded,廃止,A44B 21/00 601 M,A44B 99/00 601 M,・・ボタン,
uploaded,廃止,A44B 21/00 601 N,A44B 99/00 601 N,帽子,
uploaded,廃止,A44B 21/00 601 P,A44B 99/00 601 P,ハンカチ,
uploaded,廃止,A44B 21/00 601 Q,A44B 99/00 601 Q,装身具,
uploaded,廃止,A44B 21/00 601 R,A44B 99/00 601 R,寝具,
uploaded,廃止,A44B 21/00 601 S,A44B 99/00 601 S,ソフア、椅子,
uploaded,廃止,A44B 21/00 601 T,A44B 99/00 601 T,カ－ペツト,
uploaded,廃止,A44B 21/00 601 U,A44B 99/00 601 U,兼用,
uploaded,廃止,A44B 21/00 601 Z,A44B 99/00 601 Z,その他,
uploaded,廃止,A44B 21/00 611,A44B 99/00 611,・他の締め具又は止め具のタイプ,
uploaded,廃止,A44B 21/00 611 A,A44B 99/00 611 A,挟持するもの,
uploaded,廃止,A44B 21/00 611 B,A44B 99/00 611 B,・クリツプ型,
uploaded,廃止,A44B 21/00 611 C,A44B 99/00 611 C,・レバ－付きのもの,
uploaded,廃止,A44B 21/00 611 D,A44B 99/00 611 D,・弾性体によるもの,
uploaded,廃止,A44B 21/00 611 E,A44B 99/00 611 E,止め金具,
uploaded,廃止,A44B 21/00 611 F,A44B 99/00 611 F,ハトメ,
uploaded,廃止,A44B 21/00 611 G,A44B 99/00 611 G,ホツク型,
uploaded,廃止,A44B 21/00 611 H,A44B 99/00 611 H,面接合をするもの,
uploaded,廃止,A44B 21/00 611 J,A44B 99/00 611 J,・ベルベツト式フアスナ－,
uploaded,廃止,A44B 21/00 611 K,A44B 99/00 611 K,・接着、粘着するもの,
uploaded,廃止,A44B 21/00 611 L,A44B 99/00 611 L,磁石,
uploaded,廃止,A44B 21/00 611 M,A44B 99/00 611 M,緊締するもの,
uploaded,廃止,A44B 21/00 611 N,A44B 99/00 611 N,紐用のもの,
uploaded,廃止,A44B 21/00 611 P,A44B 99/00 611 P,装飾,
uploaded,廃止,A44B 21/00 611 Z,A44B 99/00 611 Z,その他,
uploaded,廃止,A62C 39/00,A62C 99/00,グループ２／００～３７／００に分類されない消火方法，設備または付属具,
uploaded,廃止,B01L 11/00,B01L 99/00,先行グループに分類されない装置（化学指示装置一般Ｇ０１Ｎ）,
uploaded,廃止,B01L 11/02,B01L 7/04,・保温装置，例．フラスコ用ジャケット,
uploaded,廃止,B24B 37/04 C,B24B 37/04 U,ラツピングキヤリア,
uploaded,廃止,B24B 37/04 E,B24B 37/04 V,ワ－ク保持装置〔Ｃが優先〕,
uploaded,廃止,B24D 17/00,B24D 99/00,グループ３／００から１５／００に分類されない研ぎ具または磨き具,
uploaded,廃止,B24D 17/00 A,B24D 99/00 A,エアバツク研削工具,
uploaded,廃止,B24D 17/00 B,B24D 99/00 B,煙突掃除型内面研摩工具,
uploaded,廃止,B24D 17/00 C,B24D 99/00 C,帯状切断砥石,
uploaded,廃止,B24D 17/00 D,B24D 99/00 D,砥石車の構成要素としての砥石ブロツク,
uploaded,廃止,B24D 17/00 E,B24D 99/00 E,非砥粒性研摩工具〔他に分類のない「研摩工具」など〕,
uploaded,廃止,B24D 17/00 F,B24D 99/00 F,他の装置や道具と兼用される砥石具,
uploaded,廃止,B24D 17/00 Z,B24D 99/00 Z,その他,
uploaded,廃止,B29D 31/00,B29D 99/00,その他の特定物品の製造（義歯Ａ６１Ｃ１３／０８）,
uploaded,廃止,B29D 31/02,B29D 33/00,・軸受け用のブッシュ,
uploaded,廃止,B43M 17/00,B43M 99/00,他の机上付属具,
uploaded,廃止,B43M 17/00 A,B43M 99/00 A,硯,
uploaded,廃止,B43M 17/00 B,B43M 99/00 B,墨すり,
uploaded,廃止,B43M 17/00 C,B43M 99/00 C,墨ホルダ－,
uploaded,廃止,B43M 17/00 D,B43M 99/00 D,水差し,
uploaded,廃止,B43M 17/00 E,B43M 99/00 E,机上文具入れ,
uploaded,廃止,B43M 17/00 F,B43M 99/00 F,固体湿潤具,
uploaded,廃止,B43M 17/00 Z,B43M 99/00 Z,その他のもの,
uploaded,廃止,B60G 25/00,B60G 99/00,その他の懸架装置,
uploaded,廃止,B60K 41/00,B60W 10/00,駆動装置の関連制御；すくなくとも二つのサブユニットの関連制御（相互または共通の推進のための複数の異なった原動力６／００）［２］［５］,
uploaded,廃止,B60K 41/00 301,B60W 10/06,・制御対象（併用有り）　（Ｈ１２．４新設）,
uploaded,廃止,B60K 41/00 301 A,B60W 10/06,推進装置　（Ｈ１２．４新設）,
uploaded,廃止,B60K 41/00 301 B,B60W 10/08,・電動機　（Ｈ１２．４新設）,
uploaded,廃止,B60K 41/00 301 C,B60W 10/02,クラッチ　（Ｈ１２．４新設）,
uploaded,廃止,B60K 41/00 301 D,B60W 10/01,伝動装置　（Ｈ１２．４新設）,
uploaded,廃止,B60K 41/00 301 E,B60W 10/12,駆動力分配装置　（Ｈ１２．４新設）,
uploaded,廃止,B60K 41/00 301 F,B60W 10/18,制動装置［推進装置を利用した制動は除く；例．エンジンブレーキ、排気ブレーキ等］　（Ｈ１２．４新設）,
uploaded,廃止,B60K 41/00 301 G,B60W 10/02,操向装置　（Ｈ１２．４新設）,
uploaded,廃止,B60K 41/00 301 H,B60W 10/22,懸架装置　（Ｈ１２．４新設）,
uploaded,廃止,B60K 41/00 301 J,B60W 10/24,エネルギーを蓄積するための装置,
uploaded,廃止,B60K 41/00 301 K,B60W 10/28,燃料電池,
uploaded,廃止,B60K 41/00 301 L,B60W 10/03,補機の制御，例．エアコンのコンプレッサー、オイルポンプ,
uploaded,廃止,B60K 41/00 301 Z,B60W 10/00,その他,
uploaded,廃止,B60K 41/00 310,B60W 30/00,・特定のサブユニットの制御ではない［つまり、サブユニットが特定されないか関連制御による］道路上の車両の運動制御であって、目的によって特徴づけられるもの　［ここでいう「道路上の車両の運動制御」とは、通常人が運転する車両に、所定の車両挙動を生じせしめるよう自動制御することを意味する］,
uploaded,廃止,B60K 41/00 320,B60W 30/14,・・クルーズコントロール　（一つのサブユニットのみによって車速の制御を行うもの　Ｂ６０Ｋ３１／００）,
uploaded,廃止,B60K 41/00 322,B60W 30/16,・・・車間距離制御，例．前方車両との距離,
uploaded,廃止,B60K 41/00 326,B60W 30/16 270,・・・・先行車の停車に対応するもの，例．ストップ＆ゴー制御,
uploaded,廃止,B60K 41/00 328,B60W 30/16 265,・・・・先行車の走行軌跡に自動追従するもの，例．操舵制御によるもの、いわゆる「電子的牽引」,
uploaded,廃止,B60K 41/00 330,B60W 30/01,・・走行軌跡維持制御,
uploaded,廃止,B60K 41/00 332,B60W 30/12,・・・レーンキープ,
uploaded,廃止,B60K 41/00 340,B60W 30/02,・・安定性制御　（ブレーキ制御による安定性制御　Ｂ６０Ｔ８／００）,
uploaded,廃止,B60K 41/00 342,B60W 30/04,・・・横転防止,
uploaded,廃止,B60K 41/00 350,B60W 30/06,・・駐車時の自動運転,
uploaded,廃止,B60K 41/00 360,B60W 30/08,・・差し迫った衝突への対応［予測または回避］　（乗員保護用安全装置［例．エアバッグ］の始動のための電気回路　Ｂ６０Ｒ２１／０１）,
uploaded,廃止,B60K 41/00 362,B60W 30/08 195,・・・走行軌跡または衝突可能性の予測を伴うもの,
uploaded,廃止,B60K 41/00 364,B60W 30/08 190,・・・衝突回避行動を自動的に行うもの，例．ブレーキ、操舵,
uploaded,廃止,B60K 41/00 366,B60W 30/08 185,・・・衝突に備えた姿勢制御を自動的に行うもの，例．車両前端を下げるための［いわゆるノーズドロップのための］制動をするもの,
uploaded,廃止,B60K 41/00 370,B60W 30/02,・・動力伝導経路上の振動［例．エンジン、クラッチ、変速機によるもの］を低減させるもの,
uploaded,廃止,B60K 41/00 380,B60W 30/00,・・道路環境認識に特徴がある運動制御システム,
uploaded,廃止,B60K 41/00 382,B60W 30/00,・・・障害物検知，例．死角の障害物を認識するもの,
uploaded,廃止,B60K 41/00 384,B60W 30/00,・・・目標車両の選択，例．先行車を見失った際に新たな先行車を選択するもの　（車間距離制御　４１／００，３２２）,
uploaded,廃止,B60K 41/00 386,B60W 30/00,・・・レーン検知　（レーンキープ　４１／００，３３２）,
uploaded,廃止,B60K 41/00 390,B60W 50/08 260,・・運動制御に関連して運転者に警報または報知を行うもの,
uploaded,廃止,B60K 41/00 400,B60W 40/00,・サブユニットが特定されないか関連制御による道路上の車両の運動制御におけるパラメータの推定または演算,
uploaded,廃止,B60K 41/00 410,B60W 40/02,・・周囲の環境に関連するもの,
uploaded,廃止,B60K 41/00 420,B60W 40/06 176,・・・道路表面の状態,
uploaded,廃止,B60K 41/00 423,B60W 40/06 168,・・・・道路の摩擦係数,
uploaded,廃止,B60K 41/00 425,B60W 40/06 168,・・・・ハイドロプレーニング状態,
uploaded,廃止,B60K 41/00 430,B60W 40/04,・・・交通の状態,
uploaded,廃止,B60K 41/00 440,B60W 40/08,・・運転者または同乗者の状態に関連するもの,
uploaded,廃止,B60K 41/00 442,B60W 40/08 190,・・・運転傾向または運転行動,
uploaded,廃止,B60K 41/00 460,B60W 40/01,・・車両の挙動に関連するもの,
uploaded,廃止,B60K 41/00 462,B60W 40/01 202,・・・横滑り角,
uploaded,廃止,B60K 41/00 464,B60W 40/01 204,・・・速度,
uploaded,廃止,B60K 41/00 466,B60W 40/01 208,・・・コーナリングに関連するパラメータ,
uploaded,廃止,B60K 41/00 480,B60W 40/12,・・車両自体のパラメータに関連するもの,
uploaded,廃止,B60K 41/00 482,B60W 40/12 230,・・・荷重または車重,
uploaded,廃止,B60K 41/00 500,B60W 50/00,・サブユニットが特定されないか関連制御による道路上の車両の運動制御におけるコントローラの信号の処理または監視,
uploaded,廃止,B60K 41/00 502,B60W 50/02,・・フェイルセーフ，例．故障の診断、回避、復帰,
uploaded,廃止,B60K 41/00 504,B60W 50/04,・・監視　（故障の診断　４１／００，５０２）,
uploaded,廃止,B60K 41/00 506,B60W 50/06,・・制御システムの動特性を改善するもの，例．ハンチングやオーバーシュートを改善するもの,
uploaded,廃止,B60K 41/00 610,B60W 30/00,・制御される車両の運動方向,
uploaded,廃止,B60K 41/00 610 A,B60W 30/00,前後方向,
uploaded,廃止,B60K 41/00 610 B,B60W 30/00,・速度,
uploaded,廃止,B60K 41/00 610 C,B60W 30/00,・加速度,
uploaded,廃止,B60K 41/00 610 D,B60W 30/00,・減速度,
uploaded,廃止,B60K 41/00 610 E,B60W 30/00,左右方向,
uploaded,廃止,B60K 41/00 610 F,B60W 30/00,上下方向,
uploaded,廃止,B60K 41/00 610 G,B60W 30/00,ロール方向,
uploaded,廃止,B60K 41/00 610 H,B60W 30/00,ピッチ方向,
uploaded,廃止,B60K 41/00 610 J,B60W 30/00,ヨー方向,
uploaded,廃止,B60K 41/00 610 Z,B60W 30/00,その他,
uploaded,廃止,B60K 41/00 612,B60W 30/00,・車両の状況または運転状態,
uploaded,廃止,B60K 41/00 612 A,B60W 30/00,後退時,
uploaded,廃止,B60K 41/00 612 B,B60W 30/00,発進時、停止状態からの加速時,
uploaded,廃止,B60K 41/00 612 C,B60W 30/00,駐車時,
uploaded,廃止,B60K 41/00 612 D,B60W 30/00,制動時,
uploaded,廃止,B60K 41/00 612 E,B60W 30/00,坂道での停止時、いわゆるヒルホールド,
uploaded,廃止,B60K 41/00 612 F,B60W 30/00,制御開始時,
uploaded,廃止,B60K 41/00 612 G,B60W 30/00,制御終了時,
uploaded,廃止,B60K 41/00 612 H,B60W 30/00,制御モード遷移時,
uploaded,廃止,B60K 41/00 612 J,B60W 30/00,車線変更時または走行軌跡変更時,
uploaded,廃止,B60K 41/00 612 K,B60W 30/00,カーブ路走行時,
uploaded,廃止,B60K 41/00 612 L,B60W 30/00,低μ路走行時,
uploaded,廃止,B60K 41/00 612 M,B60W 30/00,坂道走行時,
uploaded,廃止,B60K 41/00 612 N,B60W 30/00,渋滞走行時，例．ストップ＆ゴー,
uploaded,廃止,B60K 41/00 612 P,B60W 30/00,交差点通過時,
uploaded,廃止,B60K 41/00 612 Q,B60W 30/00,ジャンクション接近時　［含．高速道路のランプ、自動車専用道路の入口または出口］,
uploaded,廃止,B60K 41/00 612 R,B60W 30/00,追い越し時,
uploaded,廃止,B60K 41/00 612 Z,B60W 30/18,その他,
uploaded,廃止,B60K 41/02,B60W 10/00 102,・推進装置とクラッチに関するもの［２］,
uploaded,廃止,B60K 41/04,B60W 10/00 104,・推進装置と伝動装置に関するもの［２］,
uploaded,廃止,B60K 41/06,B60W 10/00 106,・・伝動装置が段階的なもの［２］,
uploaded,廃止,B60K 41/08,B60W 10/00 108,・・・駆動の中断を伴うもの［２］,
uploaded,廃止,B60K 41/01,B60W 10/00 110,・・・駆動の中断を伴わないもの［２］,
uploaded,廃止,B60K 41/12,B60W 10/00 112,・・伝動装置が無段階に変化するもの［２］,
uploaded,廃止,B60K 41/14,B60W 10/00 114,・・・機械式のもの［２］,
uploaded,廃止,B60K 41/16,B60W 10/00 116,・・・流体式のもの［２］,
uploaded,廃止,B60K 41/18,B60W 10/00 118,・・・電気式のもの，例．電磁式［２］,
uploaded,廃止,B60K 41/02,B60W 10/00 120,・推進装置と制動方式に関するもの［２］,
uploaded,廃止,B60K 41/22,B60W 10/00 122,・クラッチと伝動装置に関するもの（トルクコンバータのロックアップクラッチの制御Ｆ１６Ｈ６１／１４）［２］,
uploaded,廃止,B60K 41/24,B60W 10/00 124,・クラッチと制動方式に関するもの［２］,
uploaded,廃止,B60K 41/26,B60W 10/00 126,・伝動装置と制動方式に関するもの［２］,
uploaded,廃止,B60K 41/28,B60W 10/00 148,・三つ以上の部分に関するもの［２］,
uploaded,廃止,B62M 9/12 120,B62M 9/121,・・・・・リヤディレーラ［このサブグループでは，ファーストプレイス優先ルールを適用する］,
uploaded,廃止,B62M 9/12 120 A,B62M 9/122,電動又は流体駆動のもの；その制御,
uploaded,廃止,B62M 9/12 120 B,B62M 9/123,自動変速,
uploaded,廃止,B62M 9/12 120 C,B62M 9/124,横方向への移動機構,
uploaded,廃止,B62M 9/12 120 D,B62M 9/1242,・リンク機構に特徴のあるもの,
uploaded,廃止,B62M 9/12 120 E,B62M 9/1244,・移動の制限又は位置決め（リンク機構を用いるもの９／１２，１２０＠Ｄ）,
uploaded,廃止,B62M 9/12 120 F,B62M 9/1246,・・カム又は板を用いるもの,
uploaded,廃止,B62M 9/12 120 G,B62M 9/1248,・付勢手段［例．ばね］の使用に特徴のあるもの；その機構,
uploaded,廃止,B62M 9/12 120 H,B62M 9/125,フレームへの取付け,
uploaded,廃止,B62M 9/12 120 J,B62M 9/126,チェーンガイド；その取付け,
uploaded,廃止,B62M 9/12 120 K,B62M 9/127,ケーブルの取付け又は案内,
uploaded,廃止,B62M 9/12 120 L,B62M 9/128,付属品［例．プロテクター］,
uploaded,廃止,B62M 9/12 120 Z,B62M 9/121,その他のもの,
uploaded,廃止,B62M 9/12 130,B62M 9/131,・・・・・フロントディレーラ［このサブグループでは，ファーストプレイス優先ルールを適用する］,
uploaded,廃止,B62M 9/12 130 A,B62M 9/132,電動又は流体駆動のもの；その制御,
uploaded,廃止,B62M 9/12 130 B,B62M 9/133,自動変速,
uploaded,廃止,B62M 9/12 130 C,B62M 9/134,横方向への移動機構,
uploaded,廃止,B62M 9/12 130 D,B62M 9/1342,・リンク機構に特徴のあるもの,
uploaded,廃止,B62M 9/12 130 E,B62M 9/1344,・移動の制限又は位置決め（リンク機構を用いるもの９／１２，１３０＠Ｄ）,
uploaded,廃止,B62M 9/12 130 F,B62M 9/1346,・・カム又は板を用いるもの,
uploaded,廃止,B62M 9/12 130 G,B62M 9/1348,・付勢手段［例．ばね］の使用に特徴のあるもの；その機構,
uploaded,廃止,B62M 9/12 130 H,B62M 9/135,フレームへの取付け,
uploaded,廃止,B62M 9/12 130 J,B62M 9/136,チェーンガイド；その取付け,
uploaded,廃止,B62M 9/12 130 K,B62M 9/137,ケーブルの取付け又は案内,
uploaded,廃止,B62M 9/12 130 L,B62M 9/138,付属品［例．プロテクター］,
uploaded,廃止,B62M 9/12 130 Z,B62M 9/131,その他のもの,
uploaded,廃止,B62M 23/02 120,B62M 6/01,・・補助的な燃焼機関を備えた乗手推進自転車,
uploaded,廃止,B62M 23/02 120 A,B62M 6/15,制御またはそのための作動装置,
uploaded,廃止,B62M 23/02 120 B,B62M 6/02,クランク軸部で動力駆動されるもの,
uploaded,廃止,B62M 23/02 120 C,B62M 6/25,車軸部で動力駆動されるもの,
uploaded,廃止,B62M 23/02 120 D,B62M 6/03,単一の無端可撓性部材で動力駆動されるもの〔例．自転車のクランク軸部と車軸との間のチェーン，無端可撓性部材に連動するエンジン〕,
uploaded,廃止,B62M 23/02 120 E,B62M 6/35,接地輪に圧接する摩擦ローラまたは係合する歯車によって動力駆動されるもの,
uploaded,廃止,B62M 23/02 120 Z,B62M 6/01,その他のもの,
uploaded,廃止,B62M 23/02 130,B62M 6/04,・・補助的な電気モータを備えた乗手推進自転車,
uploaded,廃止,B62M 23/02 130 A,B62M 6/45,制御またはそのための作動装置,
uploaded,廃止,B62M 23/02 130 B,B62M 6/05,・検出器またはセンサに特徴のあるもの，またはその配置,
uploaded,廃止,B62M 23/02 130 C,B62M 6/55,クランク軸部で動力駆動されるもの,
uploaded,廃止,B62M 23/02 130 D,B62M 6/06,車軸部で動力駆動されるもの,
uploaded,廃止,B62M 23/02 130 E,B62M 6/65,・車軸と駆動軸とが同軸上に配置されるもの,
uploaded,廃止,B62M 23/02 130 F,B62M 6/07,単一の無端可撓性部材で動力駆動されるもの〔例．自転車のクランク軸部と車軸との間のチェーン，無端可撓性部材に連動するモータ〕,
uploaded,廃止,B62M 23/02 130 G,B62M 6/75,接地輪に圧接する摩擦ローラまたは係合する歯車によって動力駆動されるもの,
uploaded,廃止,B62M 23/02 130 Z,B62M 6/04,その他のもの,
uploaded,廃止,B62M 23/02 140,B62M 6/08,・・付属品〔例．動力源；その配置〕,
uploaded,廃止,B62M 23/02 140 A,B62M 6/85,太陽電池,
uploaded,廃止,B62M 23/02 140 B,B62M 6/09,バッテリ,
uploaded,廃止,B62M 23/02 140 Z,B62M 6/08,その他のもの,
uploaded,廃止,B67D 5/00,B67D 99/00,１／００または３／００に分類されない液体移送のための装置または器具（車両の燃料供給所における設備の一般的配置Ｂ６０Ｓ５／０２；機関車の水タンクの充填または排除のためのもの，例．給水柱Ｂ６１Ｋ１１／００；飛行中の航空機に補給するためのものＢ６４Ｄ３９／００；静止している航空機に燃料を供給するのに特に適した液体操作地上設備Ｂ６４Ｆ１／２８）,
uploaded,廃止,B67D 5/01,B67D 7/00,・大型貯蔵容器または貯蔵槽から車両または携帯用容器へのもの，例．小売り用のもの（５／６８が優先）,
uploaded,廃止,B67D 5/02,B67D 7/02,・・燃料または潤滑油以外の液体の移送のためのもの,
uploaded,廃止,B67D 5/02 A,B67D 7/02 A,作動油，ク－ラント等の充填〔ブレ－キオイル，ク－ラント，冷媒等，エンジンオイルは，５／０４〕,
uploaded,廃止,B67D 5/02 B,B67D 7/02 B,・充填前に真空吸引を行うもの,
uploaded,廃止,B67D 5/02 Z,B67D 7/02 Z,その他のもの,
uploaded,廃止,B67D 5/04,B67D 7/04,・・燃料，潤滑油または燃料と潤滑油の混合油の移送のためのもの,
uploaded,廃止,B67D 5/04 A,B67D 7/04 A,燃料の移送，給油所における給油設備のレイアウト〔給油所における給油以外の諸設備，例えば洗車機，サ－ビス用ボツクス等は，Ｂ６０Ｓ〕,
uploaded,廃止,B67D 5/04 B,B67D 7/04 B,・ロボツト給油機〔マニプレ－タによる給油，例えば自動車生産ラインにおける給油設備〕,
uploaded,廃止,B67D 5/04 C,B67D 7/04 C,・タンクロ－リ積込用ロ－デイングア－ム〔船舶用は，５／７０〕,
uploaded,廃止,B67D 5/04 D,B67D 7/04 D,・・蒸気回収路を設けたもの,
uploaded,廃止,B67D 5/04 E,B67D 7/04 E,・・内蔵弁に特徴のあるもの〔溢出防止一般は，５／３２Ｆ〕,
uploaded,廃止,B67D 5/04 F,B67D 7/04 F,潤滑油の移出〔例．オイル交換機〕,
uploaded,廃止,B67D 5/04 Z,B67D 7/04 Z,その他のもの,
uploaded,廃止,B67D 5/06,B67D 7/06,・・細部または付属品,
uploaded,廃止,B67D 5/06 A,B67D 7/06 A,給油機の細部〔例．換気，空調設備，排水設備等〕,
uploaded,廃止,B67D 5/06 B,B67D 7/06 B,・ノズルホルダ〔ノズルスイツチ機構は，５／１２Ａ〕,
uploaded,廃止,B67D 5/06 C,B67D 7/06 C,・給油機の付属品〔例．マツト洗い機，おしぼり提供，商品展示等が付属のもの〕,
uploaded,廃止,B67D 5/06 D,B67D 7/06 D,・付加的な情報を報知するもの〔例．油種の表示，顧客情報の表示〕,
uploaded,廃止,B67D 5/06 E,B67D 7/06 E,・・給油機の操作手順を教えるもの,
uploaded,廃止,B67D 5/06 F,B67D 7/06 F,・・運転状態を知らせるもの〔例．スタンバイ，給油終了の表示，進捗状況の表示〕,
uploaded,廃止,B67D 5/06 Z,B67D 7/06 Z,その他のもの,
uploaded,廃止,B67D 5/08,B67D 7/08,・・・移送された液体の量または価格の制御，指示，計量または記録装置の配置（流量または圧力制御弁の配置５／３４；測定と関連する指示または記録一般Ｇ０１Ｄ；容積または流量測定一般Ｇ０１Ｆ；計算，計数に関するものＧ０６；液体分配のためのコイン解放装置Ｇ０７Ｆ１３／００；液体計量のための料金先払い装置Ｇ０７Ｆ１５／００）,
uploaded,廃止,B67D 5/08 A,B67D 7/08 A,液体の計量に関するもの,
uploaded,廃止,B67D 5/08 B,B67D 7/08 B,・さらに金額の演算が可能なもの,
uploaded,廃止,B67D 5/08 C,B67D 7/08 C,・・単価を設定するもの,
uploaded,廃止,B67D 5/08 Z,B67D 7/08 Z,その他のもの〔他に分類されない給油機の制御，例えば停電時のバツクアツプ〕,
uploaded,廃止,B67D 5/01,B67D 7/01,・・・・かぎ，押しボタンまたは金銭登録機により操作されるもの,
uploaded,廃止,B67D 5/12,B67D 7/12,・・・・供給ホースまたはノズルの動作，またはそれらに係合する装置により操作されるもの,
uploaded,廃止,B67D 5/12 A,B67D 7/12 A,ノズルの動作により操作されるもの〔例．ノズルスイツチ〕,
uploaded,廃止,B67D 5/12 B,B67D 7/12 B,・給油口にノズルを挿入することにより操作されるもの,
uploaded,廃止,B67D 5/12 Z,B67D 7/12 Z,その他のもの〔吊下げホ－スの昇降により操作されるものは，５／３６５〕,
uploaded,廃止,B67D 5/14,B67D 7/14,・・・・プログラムされた記録情報，例．パンチカードの入力により応答するもの,
uploaded,廃止,B67D 5/16,B67D 7/16,・・・・液体計量装置の配置,
uploaded,廃止,B67D 5/18,B67D 7/18,・・・・・ピストン型のもの,
uploaded,廃止,B67D 5/02,B67D 7/02,・・・・・回転型のもの,
uploaded,廃止,B67D 5/22,B67D 7/22,・・・・指示器または記録器の配置（流体計量装置の指示または記録Ｇ０１Ｆ１５／０６）,
uploaded,廃止,B67D 5/22 A,B67D 7/22 A,給油情報〔給油量，金額，単価〕を表示するもの〔給油量，金額の設定は，５／３０，単価の設定は，５／０８〕,
uploaded,廃止,B67D 5/22 B,B67D 7/22 B,・表示器の配置に特徴のあるもの,
uploaded,廃止,B67D 5/22 C,B67D 7/22 C,・音声によつて報知するもの〔給油情報以外の報知は，５／０６〕,
uploaded,廃止,B67D 5/22 Z,B67D 7/22 Z,その他のもの,
uploaded,廃止,B67D 5/24,B67D 7/24,・・・・・売上の受領証または記録書を作成または発行する手段を有するもの,
uploaded,廃止,B67D 5/24 A,B67D 7/24 A,伝票発行手段を備えた給油機,
uploaded,廃止,B67D 5/24 B,B67D 7/24 B,・さらにＰＯＳシステムを備えたもの,
uploaded,廃止,B67D 5/24 C,B67D 7/24 C,・・ＰＯＳ端末と給油機の間のデ－タ伝送に関するもの〔例．布線の減少を図るもの〕,
uploaded,廃止,B67D 5/24 Z,B67D 7/24 Z,その他のもの〔油槽所における出荷伝票の作成〕,
uploaded,廃止,B67D 5/26,B67D 7/26,・・・・・リセットまたはゼロ復帰手段を有するもの,
uploaded,廃止,B67D 5/28,B67D 7/28,・・・・供給終了前の流出を減少または流出を間欠的に中断する，例．小きざみ供給を行なう，自動的な手段をもつもの,
uploaded,廃止,B67D 5/28 A,B67D 7/28 A,丁度停止〔整数〕給油に特徴のあるもの,
uploaded,廃止,B67D 5/28 B,B67D 7/28 B,満タン給油に特徴のあるもの,
uploaded,廃止,B67D 5/28 Z,B67D 7/28 Z,その他のもの,
uploaded,廃止,B67D 5/03,B67D 7/03,・・・・移送されるべき液体の量を予め定める手段を有するもの（５／１０，５／１４が優先）,
uploaded,廃止,B67D 5/03 A,B67D 7/03 A,流量計により計数するもの,
uploaded,廃止,B67D 5/03 B,B67D 7/03 B,・プリセツト手段の配置，機能に特徴のあるもの,
uploaded,廃止,B67D 5/03 Z,B67D 7/03 Z,その他のもの,
uploaded,廃止,B67D 5/32,B67D 7/32,・・・安全または警告装置の配置（警報装置一般Ｇ０８Ｂ）；液体の異常な放出防止のための手段,
uploaded,廃止,B67D 5/32 A,B67D 7/32 A,給油前の安全確認〔インタロツク解除〕手段〔例．エンジン停止確認，キヤツプ置忘れ検知〕,
uploaded,廃止,B67D 5/32 B,B67D 7/32 B,・ア－スの取付,
uploaded,廃止,B67D 5/32 C,B67D 7/32 C,・混油防止手段,
uploaded,廃止,B67D 5/32 D,B67D 7/32 D,・弁閉状態の確認,
uploaded,廃止,B67D 5/32 E,B67D 7/32 E,誤動作〔故障等〕・誤操作の防止手段,
uploaded,廃止,B67D 5/32 F,B67D 7/34,・溢出防止手段〔ロ－デイングア－ム内蔵弁は，５／０４〕,
uploaded,廃止,B67D 5/32 G,B67D 7/32 G,給油外の要因により応動する安全手段〔例．停電後の異常吐出防止〕,
uploaded,廃止,B67D 5/32 H,B67D 7/32 H,・災害〔地震，火事〕に応動するもの,
uploaded,廃止,B67D 5/32 J,B67D 7/32 J,・事故に応動するもの〔例．ホ－ス，ノズルの引掛け，衝突等〕,
uploaded,廃止,B67D 5/32 K,B67D 7/32 K,タンクの残量を検知し応動するもの〔例．空吐出防止，タンクの油量管理は，５／６０Ｅ〕,
uploaded,廃止,B67D 5/32 Z,B67D 7/32 Z,その他のもの〔例．漏洩検知，防爆〕,
uploaded,廃止,B67D 5/34,B67D 7/36,・・・流量または圧力制御弁の配置（ノズルの中に組込まれたもの５／３７）,
uploaded,廃止,B67D 5/36,B67D 7/38,・・・ホース，例．ポンプモータと関連して運転されるもの，の配置（ホース一般Ｆ１６Ｌ１１／００）,
uploaded,廃止,B67D 5/36 A,B67D 7/38 A,ホ－スの重量を軽減する手段を有するもの〔例．バランス錘，スプリングによる支持〕,
uploaded,廃止,B67D 5/36 B,B67D 7/38 B,ホ－ス導出部が水平移動するもの〔吊上げホ－スの横移動は，５／３６５〕,
uploaded,廃止,B67D 5/36 Z,B67D 7/38 Z,その他のもの,
uploaded,廃止,B67D 5/365,B67D 7/04,・・・・吊り下げ，巻取りまたは収納装置（長尺ホース収納のための支持具一般Ｂ６５Ｈ７５／３４）,
uploaded,廃止,B67D 5/365 A,B67D 7/04 A,吊下げホ－ス,
uploaded,廃止,B67D 5/365 B,B67D 7/04 B,・動力により昇降するもの,
uploaded,廃止,B67D 5/365 C,B67D 7/04 C,・・さらにホ－ス繰出し長さを制御するもの,
uploaded,廃止,B67D 5/365 D,B67D 7/04 D,・吊下げ点を移動可能とした点を特徴とするもの,
uploaded,廃止,B67D 5/365 E,B67D 7/04 E,・・さらに移動軌跡が円を描くもの,
uploaded,廃止,B67D 5/365 Z,B67D 7/04 Z,その他のもの〔例．ロ－リ－のホ－ス収納装置，地下収納，キヤビネツト収納〕,
uploaded,廃止,B67D 5/37,B67D 7/42,・・・充填ノズル（ノズル一般Ｂ０５Ｂ；流体供給弁一般Ｆ１６Ｋ２１／００）,
uploaded,廃止,B67D 5/37 A,B67D 7/42 A,ノズル本体の構造に特徴のあるもの〔例．ノズルパイプ，弁，レバ－，レバ－ガ－ド，流路等の構造，形状に関するもの〕,
uploaded,廃止,B67D 5/37 B,B67D 7/42 B,非給油時のノズル支持手段〔ノズルホルダは，５／０６Ｂ〕,
uploaded,廃止,B67D 5/37 C,B67D 7/54,蒸合回収路を設けたもの,
uploaded,廃止,B67D 5/37 Z,B67D 7/42 Z,その他のもの〔例．ノズル関連アクセサリ－〕,
uploaded,廃止,B67D 5/371,B67D 7/44,・・・・自動閉止,
uploaded,廃止,B67D 5/371 A,B67D 7/44 A,プリセツト給油用停止弁を有するもの,
uploaded,廃止,B67D 5/371 Z,B67D 7/44 Z,その他のもの,
uploaded,廃止,B67D 5/372,B67D 7/46,・・・・・容器内に充填された液体が規定のレベルに達する時自動閉止するもの,
uploaded,廃止,B67D 5/373,B67D 7/48,・・・・・・上昇する液体により閉止される開口を通る空気吸引の利用によるもの,
uploaded,廃止,B67D 5/375,B67D 7/05,・・・・・そして付加的な手動レバーを備えるもの,
uploaded,廃止,B67D 5/377,B67D 7/52,・・・・・そして付加的な流量制御弁手段を備えるもの,
uploaded,廃止,B67D 5/38,B67D 7/56,・・・流量指示器，例．透明な区画，窓，回転翼，の配置（流動の有無または方向の指示または記録Ｇ０１Ｐ１３／００）,
uploaded,廃止,B67D 5/04,B67D 7/58,・・・ポンプの配置（ポンプＦ０４）,
uploaded,廃止,B67D 5/42,B67D 7/06,・・・・手動のもの,
uploaded,廃止,B67D 5/44,B67D 7/62,・・・・動力によるもの,
uploaded,廃止,B67D 5/46,B67D 7/64,・・・・・ピストン型のもの,
uploaded,廃止,B67D 5/48,B67D 7/66,・・・・・回転型のもの,
uploaded,廃止,B67D 5/05,B67D 7/68,・・・・貯蔵タンクまたは貯蔵槽の中に沈めるもの,
uploaded,廃止,B67D 5/52,B67D 7/07,・・・・直列または並列に配列した二個以上のポンプをもつもの,
uploaded,廃止,B67D 5/54,B67D 7/72,・・・供給点まで液体を押圧するため空気またはその他のガス圧力を利用する装置,
uploaded,廃止,B67D 5/56,B67D 7/74,・・・移送されるべき二以上の相違する液体を混合する装置（コインにより解放される装置Ｇ０７Ｆ１３／０６）,
uploaded,廃止,B67D 5/56 A,B67D 7/74 A,燃料を混合するもの〔混合した燃料の量・金額の演算も含む〕,
uploaded,廃止,B67D 5/56 Z,B67D 7/74 Z,その他のもの,
uploaded,廃止,B67D 5/58,B67D 7/76,・・・移送されるべき液体を浄化する装置，例．ろ過機，空気または水の分離機，の配置（ろ過，分離それ自体Ｂ０１Ｄ）,
uploaded,廃止,B67D 5/58 A,B67D 7/76 A,気体の除去〔例．エア－セパレ－タ〕,
uploaded,廃止,B67D 5/58 B,B67D 7/76 B,・蒸気回収路を備えたもの〔ノズルバルブに備えたものは，５／３７Ｃ，ロ－デイングア－ムに備えたものは，５／０４Ｄ〕,
uploaded,廃止,B67D 5/58 C,B67D 7/76 C,液体の除去〔例．水分の除去〕,
uploaded,廃止,B67D 5/58 D,B67D 7/76 D,固型物の除去〔例．スラツジ，ごみ，鉄分等を除去するフイルタ，ストレ－ナの配置〕,
uploaded,廃止,B67D 5/58 Z,B67D 7/76 Z,その他のもの,
uploaded,廃止,B67D 5/06,B67D 7/78,・・・貯蔵タンク，貯蔵槽またはパイプラインの配置,
uploaded,廃止,B67D 5/06 A,B67D 7/78 A,給油所における配置,
uploaded,廃止,B67D 5/06 B,B67D 7/78 B,・さらに流路切換弁を有するもの〔例．複数系統を一つの筐体に収納した給油機（マルチ）〕,
uploaded,廃止,B67D 5/06 C,B67D 7/78 C,油槽所における配置,
uploaded,廃止,B67D 5/06 D,B67D 7/78 D,ロ－リの配管,
uploaded,廃止,B67D 5/06 E,B67D 7/78 E,タンクの油量管理,
uploaded,廃止,B67D 5/06 Z,B67D 7/78 Z,その他のもの,
uploaded,廃止,B67D 5/62,B67D 7/08,・・・移送されるべき液体の加熱または冷却装置の配置,
uploaded,廃止,B67D 5/64,B67D 7/84,・・・ケーシング，キャビネットまたは骨組；台車または類似の可動支持具,
uploaded,廃止,B67D 5/64 A,B67D 7/84 A,固定式給油機,
uploaded,廃止,B67D 5/64 B,B67D 7/84 B,・一部が回動可能なもの,
uploaded,廃止,B67D 5/64 C,B67D 7/84 C,・アイランド,
uploaded,廃止,B67D 5/64 D,B67D 7/84 D,可搬式給油機,
uploaded,廃止,B67D 5/64 Z,B67D 7/84 Z,その他のもの,
uploaded,廃止,B67D 5/66,B67D 7/86,・・・照明設備,
uploaded,廃止,B67D 5/68,B67D 9/00,・船への積込み，船からの積下し（船に付いた装置Ｂ６３Ｂ２７／００）,
uploaded,廃止,B67D 5/68 A,B67D 9/00 A,岸壁で積込み，積降しするもの,
uploaded,廃止,B67D 5/68 B,B67D 9/00 B,沖合で積込み，積降しするもの,
uploaded,廃止,B67D 5/68 C,B67D 9/00 C,・さらに係留浮標を経由するもの,
uploaded,廃止,B67D 5/68 D,B67D 9/00 D,細部,
uploaded,廃止,B67D 5/68 E,B67D 9/00 E,・荷役ホ－ス,
uploaded,廃止,B67D 5/68 F,B67D 9/00 F,・荷役ホ－ス支持手段,
uploaded,廃止,B67D 5/68 Z,B67D 9/00 Z,その他のもの,
uploaded,廃止,B67D 5/07,B67D 9/02,・・関節のあるパイプを使用するもの,
uploaded,廃止,B81C 5/00,B81C 99/00,グループ１／００～３／００に分類されない方法または装置［７］,
uploaded,廃止,C01G 57/00,C01G 99/00,このサブクラスのどこにも包含されない金属化合物,
uploaded,廃止,C08H 5/00,C08H 99/00,その他の高分子化合物（天然樹脂またはその誘導体Ｃ０９Ｆ；ビチューメン質材料Ｃ１０）,
uploaded,廃止,C08H 5/02,C08H 6/00,・リグニンから誘導されるもの,
uploaded,廃止,C08H 5/04,C08H 8/00,・リグノセルロース材料から誘導されるもの,
uploaded,廃止,D01G 37/00,D01G 99/00,他の繊維準備処理,
uploaded,廃止,F01N 7/00,F01N 13/00,グループ１／００から５／００，９／００，１１／００に分類されない，または前記グループにはない注目すべき，共通した特徴をもつ排気または消音装置またはその部品,
uploaded,廃止,F01N 7/00 A,F01N 13/00 A,検出器をもつもの,
uploaded,廃止,F01N 7/00 B,F01N 13/00 B,液抜きを行うもの,
uploaded,廃止,F01N 7/00 C,F01N 13/00 C,消音器の支持,
uploaded,廃止,F01N 7/00 Z,F01N 13/00 Z,その他のもの,
uploaded,廃止,F01N 7/02,F01N 13/02,・２つまたはそれ以上の独立した消音器を直列にした装置,
uploaded,廃止,F01N 7/04,F01N 13/04,・２つまたはそれ以上の消音器を並列にした装置，例．多気筒機関用の中間連結材をもつもの,
uploaded,廃止,F01N 7/06,F01N 13/06,・特に星形シリンダに適用されるもの，例．排気マニホルド,
uploaded,廃止,F01N 7/08,F01N 13/08,・排気管のその他の構成または適用（管一般Ｆ１６Ｌ）,
uploaded,廃止,F01N 7/08 A,F01N 13/08 A,二重構造のもの,
uploaded,廃止,F01N 7/08 B,F01N 13/08 B,開閉弁をもつもの,
uploaded,廃止,F01N 7/08 C,F01N 13/08 C,吸気系に結合したもの,
uploaded,廃止,F01N 7/08 D,F01N 13/08 D,排気管の支持,
uploaded,廃止,F01N 7/08 E,F01N 13/08 E,管継手及びフランジ,
uploaded,廃止,F01N 7/08 F,F01N 13/08 F,・可撓継手及び可撓管,
uploaded,廃止,F01N 7/08 G,F01N 13/08 G,オ－トバイ用のもの,
uploaded,廃止,F01N 7/08 Z,F01N 13/08 Z,その他のもの,
uploaded,廃止,F01N 7/01,F01N 13/01,・・排気集合管に対するもの,
uploaded,廃止,F01N 7/12,F01N 13/12,・特に浸水排気に適用されるもの,
uploaded,廃止,F01N 7/14,F01N 13/14,・断熱手段をもつもの,
uploaded,廃止,F01N 7/16,F01N 13/16,・特殊な物質を選択したもの,
uploaded,廃止,F01N 7/18,F01N 13/18,・製造，組立，分解を容易にするための構造,
uploaded,廃止,F01N 7/02,F01N 13/02,・拡開出口，例．魚の尾ひれ形,
uploaded,廃止,F01N 7/02 B,F01N 13/02 B,調整可能なもの〔例．排気方向可変のもの〕,
uploaded,廃止,F01N 7/02 C,F01N 13/02 C,・開閉板を有するもの,
uploaded,廃止,F01N 7/02 D,F01N 13/02 D,オ－トバイ用又は２サイクル機関用のもの,
uploaded,廃止,F01N 7/02 E,F01N 13/02 E,縦型〔鉛直方向上向き〕の排気出口又は排気出口管を有するもの〔例．トラクタ用のもの〕,
uploaded,廃止,F01N 7/02 Z,F01N 13/02 Z,その他のもの,
uploaded,廃止,F02N 17/00,F02N 99/00,他の始動手段；他に分類されない始動補助,
uploaded,廃止,F02N 17/00 A,F02N 99/00 A,デコンプ操作,
uploaded,廃止,F02N 17/00 B,F02N 99/00 B,絞り弁操作または空気を導入するもの,
uploaded,廃止,F02N 17/00 Z,F02N 99/00 Z,その他のもの,
uploaded,廃止,F02N 17/02,F02N 19/02,・熱手段，例．点火された灯心の使用，による機関の始動補助（電気的に加熱された予熱プラグの使用Ｆ０２Ｐ１９／０２）,
uploaded,廃止,F02N 17/02 A,F02N 19/02 A,機関の加熱，保温,
uploaded,廃止,F02N 17/02 C,F02N 19/02 C,・燃焼器による加熱，保温,
uploaded,廃止,F02N 17/02 D,F02N 19/02 D,・電熱ヒ－タによる加熱，保温,
uploaded,廃止,F02N 17/02 E,F02N 19/02 E,・温風による加熱，保温,
uploaded,廃止,F02N 17/02 F,F02N 19/02 F,燃焼室の加熱，保温,
uploaded,廃止,F02N 17/02 Z,F02N 19/02 Z,その他のもの,
uploaded,廃止,F02N 17/04,F02N 19/04,・・機関に使用される流体の加熱によるもの（潤滑剤の加熱Ｆ０１Ｍ５／０２）,
uploaded,廃止,F02N 17/04 A,F02N 19/04 A,吸気加熱,
uploaded,廃止,F02N 17/04 B,F02N 19/04 B,・電熱ヒ－タによるもの,
uploaded,廃止,F02N 17/04 C,F02N 19/04 C,・・ヒ－タ又はヒ－タの配置に特徴を有するもの,
uploaded,廃止,F02N 17/04 D,F02N 19/04 D,燃料を加熱するもの,
uploaded,廃止,F02N 17/04 Z,F02N 19/04 Z,その他のもの,
uploaded,廃止,F02N 17/047,F02N 19/06,・・・炎発生手段による燃焼空気の加熱によるもの，例．炎加熱プラグ［４］,
uploaded,廃止,F02N 17/047 A,F02N 19/06 A,燃焼器に特徴を有するもの,
uploaded,廃止,F02N 17/047 B,F02N 19/06 B,・点火プラグにより点火するもの,
uploaded,廃止,F02N 17/047 C,F02N 19/06 C,・電熱ヒ－タにより着火するもの,
uploaded,廃止,F02N 17/047 D,F02N 19/06 D,燃料供給装置またはその制御,
uploaded,廃止,F02N 17/047 E,F02N 19/06 E,・機関回転数により制御するもの,
uploaded,廃止,F02N 17/047 F,F02N 19/06 F,・温度により制御するもの,
uploaded,廃止,F02N 17/047 G,F02N 19/06 G,点火または加熱回路,
uploaded,廃止,F02N 17/047 H,F02N 19/06 H,加熱と燃料供給との関連,
uploaded,廃止,F02N 17/047 J,F02N 19/06 J,スタ－タとの関連,
uploaded,廃止,F02N 17/047 K,F02N 19/06 K,燃料霧化手段に特徴を有するもの,
uploaded,廃止,F02N 17/047 L,F02N 19/06 L,表示装置,
uploaded,廃止,F02N 17/047 Z,F02N 19/06 Z,その他のもの,
uploaded,廃止,F02N 17/053,F02N 19/08,・・・・その配置［４］,
uploaded,廃止,F02N 17/06,F02N 19/01,・・・機関冷却剤の加熱によるもの,
uploaded,廃止,F02N 17/06 A,F02N 19/01 A,燃焼器による加熱,
uploaded,廃止,F02N 17/06 B,F02N 19/01 B,電熱ヒ－タによる加熱,
uploaded,廃止,F02N 17/06 C,F02N 19/01 C,排気ガスによる加熱,
uploaded,廃止,F02N 17/06 D,F02N 19/01 D,保温槽を有するもの,
uploaded,廃止,F02N 17/06 Z,F02N 19/01 Z,その他のもの,
uploaded,廃止,F02N 17/08,F02N 19/00,・熱手段以外による機関始動の補助,
uploaded,廃止,F02N 17/08 B,F02N 19/00 B,過給機関の始動補助,
uploaded,廃止,F02N 17/08 C,F02N 19/00 C,排気弁制御によるもの,
uploaded,廃止,F02N 17/08 D,F02N 19/00 D,燃料増量するもの,
uploaded,廃止,F02N 17/08 E,F02N 19/00 E,・機関回転数または温度に関連するもの,
uploaded,廃止,F02N 17/08 F,F02N 19/00 F,・スタ－タ作動と関連するもの,
uploaded,廃止,F02N 17/08 G,F02N 19/00 G,・手動操作するもの,
uploaded,廃止,F02N 17/08 H,F02N 19/00 H,主燃料以外の始動用燃料または始動補助剤を用いるもの,
uploaded,廃止,F02N 17/08 Z,F02N 19/00 Z,その他のもの,
uploaded,廃止,F03C 5/00,F03C 99/00,その他の機関,
uploaded,廃止,F03C 5/02,F03C 7/00,・可とう壁形のもの,
uploaded,廃止,F16H 48/02 A,F16H 48/00,乗用車両用,
uploaded,廃止,F16H 48/02 B,F16H 48/00,作業車両用（例．農機・建機）,
uploaded,廃止,F16H 48/02 Z,F16H 48/00,その他,
uploaded,廃止,F16H 48/04 A,F16H 48/00,乗用車両用,
uploaded,廃止,F16H 48/04 B,F16H 48/00,作業車両用（例．農機・建機）,
uploaded,廃止,F16H 48/04 Z,F16H 48/00,その他,
uploaded,廃止,F16H 48/06 A,F16H 48/06,左右輪間に設けられるもの,
uploaded,廃止,F16H 48/06 B,F16H 48/06,・乗用車両用,
uploaded,廃止,F16H 48/06 C,F16H 48/06,・作業車両用（例．農機・建機）,
uploaded,廃止,F16H 48/06 D,F16H 48/06,前後輪間に設けられるもの,
uploaded,廃止,F16H 48/06 E,F16H 48/06,・乗用車両用,
uploaded,廃止,F16H 48/06 F,F16H 48/06,・作業車両用（例．農機・建機）,
uploaded,廃止,F16H 48/06 G,F16H 48/06,設けられる場所が特定されないもの,
uploaded,廃止,F16H 48/06 H,F16H 48/06,・乗用車両用,
uploaded,廃止,F16H 48/06 J,F16H 48/06,・作業車両用（例．農機・建機）,
uploaded,廃止,F16H 48/06 Z,F16H 48/06,その他,
uploaded,廃止,F16H 48/08 A,F16H 48/08,左右輪間に設けられるもの,
uploaded,廃止,F16H 48/08 B,F16H 48/08,・乗用車両用,
uploaded,廃止,F16H 48/08 C,F16H 48/08,・作業車両用（例．農機・建機）,
uploaded,廃止,F16H 48/08 D,F16H 48/08,前後輪間に設けられるもの,
uploaded,廃止,F16H 48/08 E,F16H 48/08,・乗用車両用,
uploaded,廃止,F16H 48/08 F,F16H 48/08,・作業車両用（例．農機・建機）,
uploaded,廃止,F16H 48/08 G,F16H 48/08,設けられる場所が特定されないもの,
uploaded,廃止,F16H 48/08 H,F16H 48/08,・乗用車両用,
uploaded,廃止,F16H 48/08 J,F16H 48/08,・作業車両用（例．農機・建機）,
uploaded,廃止,F16H 48/08 Z,F16H 48/08,その他,
uploaded,廃止,F16H 48/01 A,F16H 48/01,左右輪間に設けられるもの,
uploaded,廃止,F16H 48/01 B,F16H 48/01,・乗用車両用,
uploaded,廃止,F16H 48/01 C,F16H 48/01,・作業車両用（例．農機・建機）,
uploaded,廃止,F16H 48/01 D,F16H 48/01,前後輪間に設けられるもの,
uploaded,廃止,F16H 48/01 E,F16H 48/01,・乗用車両用,
uploaded,廃止,F16H 48/01 F,F16H 48/01,・作業車両用（例．農機・建機）,
uploaded,廃止,F16H 48/01 G,F16H 48/01,設けられる場所が特定されないもの,
uploaded,廃止,F16H 48/01 H,F16H 48/01,・乗用車両用,
uploaded,廃止,F16H 48/01 J,F16H 48/01,・作業車両用（例．農機・建機）,
uploaded,廃止,F16H 48/01 Z,F16H 48/01,その他,
uploaded,廃止,F16H 48/12 A,F16H 48/12,左右輪間に設けられるもの,
uploaded,廃止,F16H 48/12 B,F16H 48/12,・乗用車両用,
uploaded,廃止,F16H 48/12 C,F16H 48/12,・作業車両用（例．農機・建機）,
uploaded,廃止,F16H 48/12 D,F16H 48/12,前後輪間に設けられるもの,
uploaded,廃止,F16H 48/12 E,F16H 48/12,・乗用車両用,
uploaded,廃止,F16H 48/12 F,F16H 48/12,・作業車両用（例．農機・建機）,
uploaded,廃止,F16H 48/12 G,F16H 48/12,設けられる場所が特定されないもの,
uploaded,廃止,F16H 48/12 H,F16H 48/12,・乗用車両用,
uploaded,廃止,F16H 48/12 J,F16H 48/12,・作業車両用（例．農機・建機）,
uploaded,廃止,F16H 48/12 Z,F16H 48/12,その他,
uploaded,廃止,F16H 48/14 A,F16H 48/14,左右輪間に設けられるもの,
uploaded,廃止,F16H 48/14 B,F16H 48/14,・乗用車両用,
uploaded,廃止,F16H 48/14 C,F16H 48/14,・作業車両用（例．農機・建機）,
uploaded,廃止,F16H 48/14 D,F16H 48/14,前後輪間に設けられるもの,
uploaded,廃止,F16H 48/14 E,F16H 48/14,・乗用車両用,
uploaded,廃止,F16H 48/14 F,F16H 48/14,・作業車両用（例．農機・建機）,
uploaded,廃止,F16H 48/14 G,F16H 48/14,設けられる場所が特定されないもの,
uploaded,廃止,F16H 48/14 H,F16H 48/14,・乗用車両用,
uploaded,廃止,F16H 48/14 J,F16H 48/14,・作業車両用（例．農機・建機）,
uploaded,廃止,F16H 48/14 Z,F16H 48/14,その他,
uploaded,廃止,F16H 48/16 A,F16H 48/16,左右輪間に設けられるもの,
uploaded,廃止,F16H 48/16 B,F16H 48/16,・乗用車両用,
uploaded,廃止,F16H 48/16 C,F16H 48/16,・作業車両用（例．農機・建機）,
uploaded,廃止,F16H 48/16 D,F16H 48/16,前後輪間に設けられるもの,
uploaded,廃止,F16H 48/16 E,F16H 48/16,・乗用車両用,
uploaded,廃止,F16H 48/16 F,F16H 48/16,・作業車両用（例．農機・建機）,
uploaded,廃止,F16H 48/16 G,F16H 48/16,設けられる場所が特定されないもの,
uploaded,廃止,F16H 48/16 H,F16H 48/16,・乗用車両用,
uploaded,廃止,F16H 48/16 J,F16H 48/16,・作業車両用（例．農機・建機）,
uploaded,廃止,F16H 48/16 Z,F16H 48/16,その他,
uploaded,廃止,F16H 48/18 A,F16H 48/18,左右輪間に設けられるもの,
uploaded,廃止,F16H 48/18 B,F16H 48/18,・乗用車両用,
uploaded,廃止,F16H 48/18 C,F16H 48/18,・作業車両用（例．農機・建機）,
uploaded,廃止,F16H 48/18 D,F16H 48/18,前後輪間に設けられるもの,
uploaded,廃止,F16H 48/18 E,F16H 48/18,・乗用車両用,
uploaded,廃止,F16H 48/18 F,F16H 48/18,・作業車両用（例．農機・建機）,
uploaded,廃止,F16H 48/18 G,F16H 48/18,設けられる場所が特定されないもの,
uploaded,廃止,F16H 48/18 H,F16H 48/18,・乗用車両用,
uploaded,廃止,F16H 48/18 J,F16H 48/18,・作業車両用（例．農機・建機）,
uploaded,廃止,F16H 48/18 Z,F16H 48/18,その他,
uploaded,廃止,F16H 48/02 A,F16H 48/02,左右輪間に設けられるもの,
uploaded,廃止,F16H 48/02 B,F16H 48/02,・乗用車両用,
uploaded,廃止,F16H 48/02 C,F16H 48/02,・作業車両用（例．農機・建機）,
uploaded,廃止,F16H 48/02 D,F16H 48/02,前後輪間に設けられるもの,
uploaded,廃止,F16H 48/02 E,F16H 48/02,・乗用車両用,
uploaded,廃止,F16H 48/02 F,F16H 48/02,・作業車両用（例．農機・建機）,
uploaded,廃止,F16H 48/02 G,F16H 48/02,設けられる場所が特定されないもの,
uploaded,廃止,F16H 48/02 H,F16H 48/02,・乗用車両用,
uploaded,廃止,F16H 48/02 J,F16H 48/02,・作業車両用（例．農機・建機）,
uploaded,廃止,F16H 48/02 Z,F16H 48/02,その他,
uploaded,廃止,F16H 48/22 A,F16H 48/22,左右輪間に設けられるもの,
uploaded,廃止,F16H 48/22 B,F16H 48/22,・乗用車両用,
uploaded,廃止,F16H 48/22 C,F16H 48/22,・作業車両用（例．農機・建機）,
uploaded,廃止,F16H 48/22 D,F16H 48/22,前後輪間に設けられるもの,
uploaded,廃止,F16H 48/22 E,F16H 48/22,・乗用車両用,
uploaded,廃止,F16H 48/22 F,F16H 48/22,・作業車両用（例．農機・建機）,
uploaded,廃止,F16H 48/22 G,F16H 48/22,設けられる場所が特定されないもの,
uploaded,廃止,F16H 48/22 H,F16H 48/22,・乗用車両用,
uploaded,廃止,F16H 48/22 J,F16H 48/22,・作業車両用（例．農機・建機）,
uploaded,廃止,F16H 48/22 Z,F16H 48/22,その他,
uploaded,廃止,F16H 48/24 A,F16H 48/24,左右輪間に設けられるもの,
uploaded,廃止,F16H 48/24 B,F16H 48/24,・乗用車両用,
uploaded,廃止,F16H 48/24 C,F16H 48/24,・作業車両用（例．農機・建機）,
uploaded,廃止,F16H 48/24 D,F16H 48/24,前後輪間に設けられるもの,
uploaded,廃止,F16H 48/24 E,F16H 48/24,・乗用車両用,
uploaded,廃止,F16H 48/24 F,F16H 48/24,・作業車両用（例．農機・建機）,
uploaded,廃止,F16H 48/24 G,F16H 48/24,設けられる場所が特定されないもの,
uploaded,廃止,F16H 48/24 H,F16H 48/24,・乗用車両用,
uploaded,廃止,F16H 48/24 J,F16H 48/24,・作業車両用（例．農機・建機）,
uploaded,廃止,F16H 48/24 Z,F16H 48/24,その他,
uploaded,廃止,F16H 48/26 A,F16H 48/26,左右輪間に設けられるもの,
uploaded,廃止,F16H 48/26 B,F16H 48/26,・乗用車両用,
uploaded,廃止,F16H 48/26 C,F16H 48/26,・作業車両用（例．農機・建機）,
uploaded,廃止,F16H 48/26 D,F16H 48/26,前後輪間に設けられるもの,
uploaded,廃止,F16H 48/26 E,F16H 48/26,・乗用車両用,
uploaded,廃止,F16H 48/26 F,F16H 48/26,・作業車両用（例．農機・建機）,
uploaded,廃止,F16H 48/26 G,F16H 48/26,設けられる場所が特定されないもの,
uploaded,廃止,F16H 48/26 H,F16H 48/26,・乗用車両用,
uploaded,廃止,F16H 48/26 J,F16H 48/26,・作業車両用（例．農機・建機）,
uploaded,廃止,F16H 48/26 Z,F16H 48/26,その他,
uploaded,廃止,F16H 48/28 A,F16H 48/28,左右輪間に設けられるもの,
uploaded,廃止,F16H 48/28 B,F16H 48/28,・乗用車両用,
uploaded,廃止,F16H 48/28 C,F16H 48/28,・作業車両用（例．農機・建機）,
uploaded,廃止,F16H 48/28 D,F16H 48/28,前後輪間に設けられるもの,
uploaded,廃止,F16H 48/28 E,F16H 48/28,・乗用車両用,
uploaded,廃止,F16H 48/28 F,F16H 48/28,・作業車両用（例．農機・建機）,
uploaded,廃止,F16H 48/28 G,F16H 48/28,設けられる場所が特定されないもの,
uploaded,廃止,F16H 48/28 H,F16H 48/28,・乗用車両用,
uploaded,廃止,F16H 48/28 J,F16H 48/28,・作業車両用（例．農機・建機）,
uploaded,廃止,F16H 48/28 Z,F16H 48/28,その他,
uploaded,廃止,F16H 48/03 A,F16H 48/03,左右輪間に設けられるもの,
uploaded,廃止,F16H 48/03 B,F16H 48/03,・乗用車両用,
uploaded,廃止,F16H 48/03 C,F16H 48/03,・作業車両用（例．農機・建機）,
uploaded,廃止,F16H 48/03 D,F16H 48/03,前後輪間に設けられるもの,
uploaded,廃止,F16H 48/03 E,F16H 48/03,・乗用車両用,
uploaded,廃止,F16H 48/03 F,F16H 48/03,・作業車両用（例．農機・建機）,
uploaded,廃止,F16H 48/03 G,F16H 48/03,設けられる場所が特定されないもの,
uploaded,廃止,F16H 48/03 H,F16H 48/03,・乗用車両用,
uploaded,廃止,F16H 48/03 J,F16H 48/03,・作業車両用（例．農機・建機）,
uploaded,廃止,F16H 48/03 Z,F16H 48/03,その他,
uploaded,廃止,F16H 57/02 301,F16H 57/02,・・歯車箱の構成一般［汎用的なもの；３０２～３０４の用途以外のもの；用途の特定できないもの］,
uploaded,廃止,F16H 57/02 301 A,F16H 57/02 102,軸支持構造,
uploaded,廃止,F16H 57/02 301 B,F16H 57/02 102,・軸受［軸受一般，Ｆ１６Ｃ］,
uploaded,廃止,F16H 57/02 301 C,F16H 57/02 101,エアブリ－ザ,
uploaded,廃止,F16H 57/02 301 D,F16H 57/04 Z,潤滑；冷却；油路；オイルポンプ［５７／０４に留意］,
uploaded,廃止,F16H 57/02 301 E,F16H 57/02,歯車箱の箱自体の構造,
uploaded,廃止,F16H 57/02 301 F,F16H 57/02,歯車箱の機能の向上に関するもの［例．防振．防音，密封性，耐久性］,
uploaded,廃止,F16H 57/02 301 G,F16H 57/02,各要素の取付・組立・配置に関するもの,
uploaded,廃止,F16H 57/02 301 Z,F16H 57/02,その他,
uploaded,廃止,F16H 57/02 302,F16H 57/02,・・・乗用車両用のもの［例．自動車，自動二輪車，自転車］,
uploaded,廃止,F16H 57/02 302 A,F16H 57/02 102,軸支持構造,
uploaded,廃止,F16H 57/02 302 B,F16H 57/02 102,・軸受［軸受一般，Ｆ１６Ｃ］,
uploaded,廃止,F16H 57/02 302 C,F16H 57/02 101,エアブリ－ザ,
uploaded,廃止,F16H 57/02 302 D,F16H 57/04 Z,潤滑；冷却；油路；オイルポンプ［５７／０４に留意］,
uploaded,廃止,F16H 57/02 302 E,F16H 57/02,歯車箱の箱自体の構造,
uploaded,廃止,F16H 57/02 302 F,F16H 57/02,歯車箱の機能の向上に関するもの［例．防振．防音，密封性，耐久性］,
uploaded,廃止,F16H 57/02 302 G,F16H 57/02,各要素の取付・組立・配置に関するもの,
uploaded,廃止,F16H 57/02 302 Z,F16H 57/02,その他,
uploaded,廃止,F16H 57/02 303,F16H 57/02,・・・作業車両用のもの［例。農機，建機］,
uploaded,廃止,F16H 57/02 303 A,F16H 57/02 102,軸支持構造,
uploaded,廃止,F16H 57/02 303 B,F16H 57/02 102,・軸受［軸受一般，Ｆ１６Ｃ］,
uploaded,廃止,F16H 57/02 303 C,F16H 57/02 101,エアブリ－ザ,
uploaded,廃止,F16H 57/02 303 D,F16H 57/04 Z,潤滑；冷却；油路；オイルポンプ［５７／０４に留意］,
uploaded,廃止,F16H 57/02 303 E,F16H 57/02,歯車箱の箱自体の構造,
uploaded,廃止,F16H 57/02 303 F,F16H 57/02,歯車箱の機能の向上に関するもの［例．防振．防音，密封性，耐久性］,
uploaded,廃止,F16H 57/02 303 G,F16H 57/02,各要素の取付・組立・配置に関するもの,
uploaded,廃止,F16H 57/02 303 Z,F16H 57/02,その他,
uploaded,廃止,F16H 57/02 304,F16H 57/02,・・・機械用のもの［例．工作機械、精密機械，事務機械］,
uploaded,廃止,F16H 57/02 304 A,F16H 57/02 102,軸支持構造,
uploaded,廃止,F16H 57/02 304 B,F16H 57/02 102,・軸受［軸受一般，Ｆ１６Ｃ］,
uploaded,廃止,F16H 57/02 304 C,F16H 57/02 101,エアブリ－ザ,
uploaded,廃止,F16H 57/02 304 D,F16H 57/04 Z,潤滑；冷却；油路；オイルポンプ［５７／０４に留意］,
uploaded,廃止,F16H 57/02 304 E,F16H 57/02,歯車箱の箱自体の構造,
uploaded,廃止,F16H 57/02 304 F,F16H 57/02,歯車箱の機能の向上に関するもの［例．防振．防音，密封性，耐久性］,
uploaded,廃止,F16H 57/02 304 G,F16H 57/02,各要素の取付・組立・配置に関するもの,
uploaded,廃止,F16H 57/02 304 Z,F16H 57/02,その他,
uploaded,廃止,F16H 57/02 311,F16H 57/02 113,・・デファレンシャル，ベベルギア，ウオ－ムギアを含む歯車箱の特徴,
uploaded,廃止,F16H 57/02 321,F16H 57/02 112,・・無端可撓部材による伝動機構を含む歯車箱の特徴,
uploaded,廃止,F16H 57/02 321 A,F16H 57/02 102,軸支持構造,
uploaded,廃止,F16H 57/02 321 D,F16H 57/02 112,潤滑；冷却；油路；オイルポンプ［５７／０４に留意］,
uploaded,廃止,F16H 57/02 321 E,F16H 57/02 112,歯車箱の箱自体の構造,
uploaded,廃止,F16H 57/02 321 F,F16H 57/02 112,歯車箱の機能の向上に関するもの［例．防振．防音，密封性，耐久性］,
uploaded,廃止,F16H 57/02 321 G,F16H 57/02 112,各要素の取付・組立・配置に関するもの,
uploaded,廃止,F16H 57/02 321 H,F16H 57/02 112,無端可撓部材に関連するもの［例．テンション機構］,
uploaded,廃止,F16H 57/02 321 Z,F16H 57/02 112,その他,
uploaded,廃止,F16H 61/04 101,F16H 61/4008,・・・油圧信号を利用した制御,
uploaded,廃止,F16H 61/04 103,F16H 61/4017,・・・・高圧回路の制御，例．リリーフ弁による超過油圧の防止,
uploaded,廃止,F16H 61/04 105,F16H 61/4026,・・・・低圧回路の制御,
uploaded,廃止,F16H 61/04 107,F16H 61/4035,・・・流量の制御,
uploaded,廃止,F16H 61/04 109,F16H 61/4043,・・・高圧回路と低圧回路をバイパスする弁に関連する制御,
uploaded,廃止,F16H 61/04 201,F16H 61/4052,・・・・弁が可変絞り機能を有するもの，例．オリフィス弁,
uploaded,廃止,F16H 61/04 203,F16H 61/4061,・・・方向切換弁に関連する制御（斜板を用いて前後進の切換を行うもの６１／４２，２０７）,
uploaded,廃止,F16H 61/04 205,F16H 61/4069,・・・中立制御に関連する弁，例．シャットオフ弁（斜板の中立位置への手段は、６１／４２，２０９）,
uploaded,廃止,F16H 61/04 207,F16H 61/4078,・・・油圧回路と外部または補機との流体の交換,
uploaded,廃止,F16H 61/04 209,F16H 61/4096,・・・・アキュムレータを用いたもの,
uploaded,廃止,F16H 61/04 301,F16H 61/4104,・・・・フラッシング，例．フラッシング弁や排出手段への接続によるもの,
uploaded,廃止,F16H 61/04 303,F16H 61/4131,・・・・タンクからの吸引による流体の交換，例．オイルパン,
uploaded,廃止,F16H 61/04 305,F16H 61/4139,・・・・補充または清掃用のポンプ，例．補充用チャージポンプ,
uploaded,廃止,F16H 61/04 307,F16H 61/4148,・・・開回路,
uploaded,廃止,F16H 61/04 309,F16H 61/4157,・・・制動装置の制御，例．モータがポンプとして作動するときのポンプのオーバーラン防止,
uploaded,廃止,F16H 61/04 401,F16H 61/4165,・・・冷却または潤滑の制御,
uploaded,廃止,F16H 61/04 403,F16H 61/4174,・・・通気孔の制御，例．捕捉した空気の除去,
uploaded,廃止,F16H 61/04 405,F16H 61/4183,・・・振動または騒音の防止または減少，例．キャビテーション防止,
uploaded,廃止,F16H 61/04 407,F16H 61/4192,・・・機能不調または機能不調の可能性があることを検知するもの，例．フェイルセーフ,
uploaded,廃止,F16H 61/42 101,F16H 61/421,・・・・電気水力学的手段を用いたモータ容量の制御，例．ソレノイド弁を用いたもの,
uploaded,廃止,F16H 61/42 103,F16H 61/423,・・・・油圧制御手段を用いたモータ容量の制御,
uploaded,廃止,F16H 61/42 105,F16H 61/425,・・・・電気アクチュエータを用いたモータ容量の制御,
uploaded,廃止,F16H 61/42 107,F16H 61/427,・・・・機械的な制御手段を用いたモータ容量の制御，例．レバーやペダルを用いたもの,
uploaded,廃止,F16H 61/42 109,F16H 61/431,・・・・電気水力学的手段を用いたポンプ容量の制御，例．ソレノイド弁を用いたもの,
uploaded,廃止,F16H 61/42 201,F16H 61/433,・・・・油圧制御手段を用いたポンプ容量の制御,
uploaded,廃止,F16H 61/42 203,F16H 61/435,・・・・電気アクチュエータを用いたポンプ容量の制御,
uploaded,廃止,F16H 61/42 205,F16H 61/437,・・・・機械的な制御手段を用いたポンプ容量の制御，例．レバーやペダルを用いたもの,
uploaded,廃止,F16H 61/42 207,F16H 61/438,・・・・方向切換の制御，例．斜板の制御（方向切換弁を用いたものは、６１／４０，２０３）,
uploaded,廃止,F16H 61/42 209,F16H 61/439,・・・・中立位置の制御，例．斜板の中立位置への手段（中立弁やシャットオフ弁を用いたものは、６１／４０，２０５）,
uploaded,廃止,F16H 61/44 101,F16H 61/444,・・・・運転中のポンプまたはモータユニットの数の変更によるもの（複数のポンプまたはモータを持つが、数の変更を行わないものは、６１／４４。）,
uploaded,廃止,F16H 61/44 103,F16H 61/448,・・・・タンデムポンプまたはモータのために回路を制御するもの,
uploaded,廃止,F16H 61/44 105,F16H 61/452,・・・・複数のポンプまたはモータを選択的に切換制御したもの，例．直列または並列の切換,
uploaded,廃止,F16H 61/44 107,F16H 61/456,・・・・複数のポンプまたはモータにおけるトルクまたは速度のバランスを制御したもの,
uploaded,廃止,F16H 61/46 101,F16H 61/462,・・・・目標変速比を達成するもの,
uploaded,廃止,F16H 61/46 103,F16H 61/465,・・・・目標入力回転数を達成するもの,
uploaded,廃止,F16H 61/46 105,F16H 61/468,・・・・目標入力トルクを達成するもの,
uploaded,廃止,F16H 61/46 107,F16H 61/47,・・・・目標出力回転数を達成するもの,
uploaded,廃止,F16H 61/46 109,F16H 61/472,・・・・目標出力トルクを達成するもの,
uploaded,廃止,F16H 61/46 201,F16H 61/475,・・・・目標パワーを達成するもの,
uploaded,廃止,F16H 61/46 203,F16H 61/478,・・・・過負荷防止，例．高圧を限定するもの,
uploaded,廃止,F21K 7/00,F21K 99/00,その他の光源,
uploaded,廃止,F23D 21/00,F23D 99/00,他に分類されないバーナ,
uploaded,廃止,F23D 21/00 A,F23D 99/00,その他の種類の燃料を用いるもの,
uploaded,廃止,F23D 21/00 B,F23D 99/00,・粉状燃料と液体，例．水，または液体燃料の混合物〔例．スラリ－燃料，ＣＯＭ，ＣＷＭ〕,
uploaded,廃止,F23D 21/00 C,F23D 99/00,燃料の種類が特定されないもの,
uploaded,廃止,F23D 21/00 D,F23D 99/00,触媒を用いるもの〔他に分類のあるものは除く〕,
uploaded,廃止,F23D 21/00 Z,F23D 99/00,その他のもの,
uploaded,廃止,F23M 13/00,F23M 99/00,その他の細部［３］,
uploaded,廃止,F27D 23/00,F27D 99/00,このサブクラスの他のいずれのグループにも包含されない細部または付属品,
uploaded,廃止,F27D 23/00 A,F27D 99/00 A,付属品,
uploaded,廃止,F27D 23/00 Z,F27D 99/00 Z,その他のもの,
uploaded,廃止,F27D 23/02,F27D 25/00,・インクラステーションの除去装置,
uploaded,廃止,F27D 23/04,F27D 27/00,・溶融物のためのかき混ぜ装置（混合一般Ｂ０１Ｆ）［３］,
uploaded,廃止,G01D 5/12 D,G01D 5/12 G,・二次元位置に関するもの〔Ｆ優先〕,
uploaded,廃止,G01D 5/12 F,G01D 5/12 G,・位置合わせに関するもの,
uploaded,廃止,G01D 5/12 L,G01D 5/12 G,・回転運動するものの，〔他〔Ｍを除く〕が優先〕,
uploaded,廃止,G01D 5/12 M,G01D 5/12 G,・直線運動するものの，〔他〔Ｌを除く〕が優先〕,
uploaded,廃止,G01D 5/12 J,G01D 5/12 G,物体の端部の検出に関するもの〔注．Ｇの注に同じ〕,
uploaded,廃止,G01D 5/12 S,G01D 5/12 C,機能の切換え，互換性の付与に関するもの,
uploaded,廃止,G01D 5/12 P,G01D 5/12 A,特に表示手段と結合したもの,
uploaded,廃止,G01D 5/14 G,G01D 5/14 H,・補償，調整に関するもの，例；誤差補償，温度補償，直線性補償，雑音除去，波形の調整，故障の検出・防止,
uploaded,廃止,G01D 5/14 B,G01D 5/14 P,・回路に関するもの〔Ｊ優先〕,
uploaded,廃止,G01D 5/14 J,G01D 5/14 P,・補償，調整に関するもの　例；Ｇに同じ,
uploaded,廃止,G01D 5/14 A,G01D 5/12 Z,その他の変換方式に関するもの,
uploaded,廃止,G01D 5/14 C,G01D 5/12 C,・回路に関するもの〔Ｎ優先〕,
uploaded,廃止,G01D 5/14 N,G01D 5/12 N,・補償，調整に関するもの　例；Ｇに同じ,
uploaded,廃止,G01D 5/14 Q,G01D 5/245 110 W,測定要素の支持，取付けに関するもの〔注；上記に展開した変換方式に共通の支持，取付け及び５／１６～５／２４２に含まれない支持，取付け〕,
uploaded,廃止,G01D 5/16 A,G01D 5/165 A,ポテンシヨメ－タを用いるもの,
uploaded,廃止,G01D 5/16 B,G01D 5/165 B,・回路に関するもの〔Ｃ優先〕,
uploaded,廃止,G01D 5/16 C,G01D 5/165 B,・補償，調整に関するもの〔ストレインゲ－ジ〕,
uploaded,廃止,G01D 5/16 T,G01D 5/16 S,・・ゲ－ジの配置，取付け，カンチレバ－,
uploaded,廃止,G01D 5/16 N,G01D 5/16 V,・補償調整に関するもの,
uploaded,廃止,G01D 5/18 B,G01D 5/18 D,・回路に関するもの〔Ｋが優先〕,
uploaded,廃止,G01D 5/18 K,G01D 5/18 D,・補償，調整に関するもの　例；誤差補償，温度補償，直線性補償，雑音除去，波形の調整，故障の検出・防止,
uploaded,廃止,G01D 5/18 L,G01D 5/16 M,・磁気抵抗効果素子を用いるもの〔Ｆ，Ｊが優先〕　例；磁界の強度または方向に応じた電気抵抗を示すもの,
uploaded,廃止,G01D 5/18 N,G01D 5/16 G,・・分割型のもの〔Ｆ，Ｊが優先〕　例；特に磁界の方向に感知するように複数の分割磁気抵抗効果素子を配列したもの,
uploaded,廃止,G01D 5/18 F,G01D 5/14 F,・回路に関するもの〔Ｊが優先〕,
uploaded,廃止,G01D 5/18 J,G01D 5/18 E,・補償，調整に関するもの　例；Ｋに同じ,
uploaded,廃止,G01D 5/18 A,G01D 5/18 Z,その他のインピ－ダンス変化の検出によるもの〔Ｄ，Ｅ以下の展開が優先〕,
uploaded,廃止,G01D 5/18 C,G01D 5/18 Z,・回路に関するもの〔Ｇ優先〕,
uploaded,廃止,G01D 5/18 G,G01D 5/18 Z,・補償，調整に関するもの，例；Ｋに同じ,
uploaded,廃止,G01D 5/02 B,G01D 5/02 A,・・筒状コイル内を，コアが移動するもの，例．「図」,
uploaded,廃止,G01D 5/02 C,G01D 5/02 A,・・扇状コアを有するもの，例．「図」,
uploaded,廃止,G01D 5/02 F,G01D 5/02 A,・・路離が変化するもの，例．「図」,
uploaded,廃止,G01D 5/02 S,G01D 5/02 110 D,・コイルが相対移動するもの〔Ｇ，Ｋ，Ｈ，５／２４５，２０１以下の展開が優先〕,
uploaded,廃止,G01D 5/02 N,G01D 5/02 Q,回路に関するもの，例；発振回路，共振回路　注；Ｇ優先。位相変調によるものは５／２４５，１０１，２０１以下の展開及び５／２４３が優先,
uploaded,廃止,G01D 5/02 R,G01D 5/02 Q,・特に非直線性の補償に関するもの〔高調波の除去を含む〕,
uploaded,廃止,G01D 5/02 P,G01D 5/02 Q,・特に温度補償に関するもの,
uploaded,廃止,G01D 5/22 E,G01D 5/22 B,・補償，調整に関するもの,
uploaded,廃止,G01D 5/24 C,G01D 5/241 B,・検知電極の対向関係が変化するもの　例；対向面積，位置関係の変化,
uploaded,廃止,G01D 5/24 B,G01D 5/241 C,・・検知電極間の間隔距離が変化するもの,
uploaded,廃止,G01D 5/24 V,G01D 5/241 A,・抵抗体との結合容量を有するもの,
uploaded,廃止,G01D 5/24 L,G01D 5/243 H,・静電容量によつて交流入力を変調するもの　例；振幅変調，周波数変調，周期変調，パルス幅変調　注；交流の語は切替スイツチにより直流を交番電流にするものを含む,
uploaded,廃止,G01D 5/24 U,G01D 5/243 C,・・位相変調するもの,
uploaded,廃止,G01D 5/24 R,G01D 5/243 H,・静電容量を利用した発振，共振現象によるもの，例．発振回路中に静電容量が組込まれたもの,
uploaded,廃止,G01D 5/24 W,G01D 5/241 D,補償，調整に関するもの,
uploaded,廃止,G01D 5/24 H,G01D 5/241 D,・構成回路上生じる非直線性補償，注．極板変化に正比例した出力を得るのに特に適した回路構成を含む,
uploaded,廃止,G01D 5/24 F,G01D 5/241 D,・特に浮遊容量，外乱容量の補償に適したもの,
uploaded,廃止,G01D 5/24 G,G01D 5/241 D,・特に温度補償に適したもの,
uploaded,廃止,G01D 5/24 J,G01D 5/241 D,・電源電圧，周波数補償,
uploaded,廃止,G01D 5/24 K,G01D 5/241 D,・零点調整，スパン調整，注；Ｈ～Ｋの展開は，誤差の原因ではなく，実際に補償・調整の対象になつているものにしたがつて分類する。〔変換器の誤差は，複数の原因が有機的に重なつて生じる〔例；浮遊容量の存在＋温度変化→非直線性〕ことが多いため〕,
uploaded,廃止,G01D 5/242 C,G01D 5/242 B,補償，調整〔例；断線・故障検知，温度補償〕,
uploaded,廃止,G01D 5/245 J,G01D 5/245 C,・・静電容量によって交流入力を変調するもの,
uploaded,廃止,G01D 5/245 U,G01D 5/245 L,・・単軸磁気異方性素子とコイルを用いるもの,
uploaded,廃止,G01D 5/245 X,G01D 5/245 110 X,特に構造に特徴を有するもの　例；ケ－シング構造，防水構造，センサへの運動の伝達，被測定機器へのセンサの組付け　注；検出方式によつて構造が決定されるものはＡからＷの展開がＸ～Ｙに優先する。,
uploaded,廃止,G01D 5/245 V,G01D 5/245 110 M,・特にエンコ－ダ板自体の構造・製造法に特徴を有するもの　例；着磁法，回転磁石の取付け,
uploaded,廃止,G01D 5/245 Y,G01D 5/245 110 A,・特に検出ヘツド自体の配列，取付けに特徴を有するもの　例；分解能向上のための複数素子配列，位相調整用微動機構,
uploaded,廃止,G01D 5/245 101,G01D 5/245 110 M,・・・励磁手段を用いて、着磁部材、磁石の相対的移動をコイルにて検知するもの,
uploaded,廃止,G01D 5/245 101 B,G01D 5/245 110 M,磁気スケールの構造に関するもの,
uploaded,廃止,G01D 5/245 101 H,G01D 5/245 110 M,・スケ－ル部自体の構造,
uploaded,廃止,G01D 5/245 101 J,G01D 5/245 E,・検出ヘツド自体の構造,
uploaded,廃止,G01D 5/245 101 L,G01D 5/245 110 B,・・検出ヘツドの取付け，配列,
uploaded,廃止,G01D 5/245 101 D,G01D 5/245 E,磁気スケ－ルに特に適した回路〔Ｓ，Ｎ優先〕，注．パルス処理回路一般は５／２４５，１０２,
uploaded,廃止,G01D 5/245 101 M,G01D 5/245 E,・振幅，位相変調検出型のもの〔Ｑ，Ｓ優先〕,
uploaded,廃止,G01D 5/245 101 Q,G01D 5/244 H,・補間，内挿処理に関するもの,
uploaded,廃止,G01D 5/245 101 S,G01D 5/244 B,・補償，調整に関するもの　例；温度補償，波形の調整，ノイズ除去，帯磁補償,
uploaded,廃止,G01D 5/245 101 N,G01D 5/244 A,原点位置，基準位置，定点位置に関するもの,
uploaded,廃止,G01D 5/245 101 Z,G01D 5/245 E,その他,
uploaded,廃止,G01D 5/245 201,G01D 5/02 110 Z,・・・励磁手段を用いて着磁部材、磁石以外の部材（磁性部材、コイル等）の相対的移動をコイルにて検知するもの（例レゾルバ、インダクトシン、シンクロ等）,
uploaded,廃止,G01D 5/245 201 A,G01D 5/02 110 A,励磁コイルと検出コイルが一体のもの,
uploaded,廃止,G01D 5/245 201 B,G01D 5/02 110 F,・被検出部、検出部の両者に特有の構造,
uploaded,廃止,G01D 5/245 201 C,G01D 5/02 110 B,・・被検出部が磁性体のもの,
uploaded,廃止,G01D 5/245 201 D,G01D 5/02 110 D,・・被検出部がコイルのもの,
uploaded,廃止,G01D 5/245 201 E,G01D 5/02 110 F,・被検出部のみ特有の構造,
uploaded,廃止,G01D 5/245 201 F,G01D 5/02 110 B,・・被検出部が磁性体のもの,
uploaded,廃止,G01D 5/245 201 G,G01D 5/02 110 D,・・被検出部がコイルのもの,
uploaded,廃止,G01D 5/245 201 H,G01D 5/02 110 H,・検出部のみ特有の構造,
uploaded,廃止,G01D 5/245 201 J,G01D 5/02 110 E,励磁コイルと検出コイルが相対移動するもの,
uploaded,廃止,G01D 5/245 201 K,G01D 5/02 110 X,その他の構造、細部（例；ケーシング、センサへの伝達、組付け）注；Ａ～Ｊ優先,
uploaded,廃止,G01D 5/245 201 L,G01D 5/02 110 Q,励磁制御手段、検出処理手段（Ｒ／Ｄコンバータ）等の回路に関するもの,
uploaded,廃止,G01D 5/245 201 Z,G01D 5/245 L,その他,
uploaded,廃止,G01D 5/249 D,G01D 5/347 B,・パタ－ン読出し型ＡＤ変換部〔光電的手段を用いるもの〕　注；パルス符号を生ずる光電エンコ－ダ〔例えばアブソリユ－ト型〕に関しては，５／２６～３６とともにこれも適用する,
uploaded,廃止,G01D 5/249 L,G01D 5/347 C,・・直列方向にビツトパタ－ンが配列されたもの,
uploaded,廃止,G01D 5/249 E,G01D 5/252 A,・パタ－ン読出し型ＡＤ変換部〔電気的接点を用いるもの〕,
uploaded,廃止,G01D 5/249 M,G01D 5/252 B,・・直列方向にビツトパタ－ンが配列されたもの,
uploaded,廃止,G01D 5/249 A,G01D 5/249 T,・パタ－ン読出し型ＡＤ変換部〔その他の検知手段を用いるもの〕,
uploaded,廃止,G01D 5/249 J,G01D 5/249 T,・・直列方向にビツトパタ－ンが配列されたもの,
uploaded,廃止,G01D 5/249 N,G01D 5/249 Q,アナログ－デイジタル変換装置の処理回路〔Ｑが優先〕　例；電圧－ＢＣＤコ－ド化。すなわち，これを用いた変位測定方式は，本質的にアブソリユ－ト型になる。,
uploaded,廃止,G01D 5/249 U,G01D 5/249 Q,・補間・内挿を行うもの,
uploaded,廃止,G01D 5/249 H,G01D 5/249 S,デイジタル－アナログ変換装置,
uploaded,廃止,G01D 5/249 R,G01D 5/249 S,・パラレル－シリアル，シリアル－パラレル変換装置,
uploaded,廃止,G01D 5/26 B,G01D 5/26 A,投影指示を行なうもの,
uploaded,廃止,G01D 5/26 P,G01D 5/26 K,・モアレ縞を用いるもの〔５／３０Ｖ，５／３４Ｐ，５／３６Ｖ優先〕,
uploaded,廃止,G01D 5/26 H,G01D 5/26 S,発光，受光に関するもの,
uploaded,廃止,G01D 5/26 E,G01D 5/26 S,・レ－ザ光を用いるもの,
uploaded,廃止,G01D 5/28 C,G01D 5/28 A,・ライトガイド〔例；光フアイバ〕を有するもの,
uploaded,廃止,G01D 5/28 E,G01D 5/28 A,・光点指示を行うもの,
uploaded,廃止,G01D 5/03 E,G01D 5/03 A,・反射させるもの,
uploaded,廃止,G01D 5/03 F,G01D 5/347 110 C,・・反射部に特徴あるもの,
uploaded,廃止,G01D 5/03 V,G01D 5/347 110 F,・・モアレ縞を用いるもの,
uploaded,廃止,G01D 5/03 G,G01D 5/03 A,・ライトガイド〔例；光フアイバ〕を有するもの,
uploaded,廃止,G01D 5/03 U,G01D 5/347 110 B,・基準位置，原点に関するもの,
uploaded,廃止,G01D 5/03 D,G01D 5/26 J,磁界，力等を用いるもの〔注；光フアイバに直接作用するものはＧ優先〕,
uploaded,廃止,G01D 5/03 W,G01D 5/03 A,その他の変換，伝達手段〔注；パルス符号を生ずるもの〔例：アブソリユ－ト型〕は，５／２４９にも分類される〕,
uploaded,廃止,G01D 5/03 B,G01D 5/347 110 L,処理回路に関するもの,
uploaded,廃止,G01D 5/03 H,G01D 5/347 110 L,・分解能を向上させるもの〔例；補間，内挿，逓倍回路〕,
uploaded,廃止,G01D 5/03 J,G01D 5/347 110 M,・補償，調整に関するもの〔例；波型の歪み，誤パルスの調整，誤りの検出または防止〕,
uploaded,廃止,G01D 5/03 K,G01D 5/347 110 N,・・特に光量の補償，調整に適したもの,
uploaded,廃止,G01D 5/03 L,G01D 5/347 110 P,・・特に温度補償に適したもの〔Ｋ優先〕,
uploaded,廃止,G01D 5/03 M,G01D 5/36 X,・基準位置，原点に関するもの〔注；設定値への到達，回転位相の検出を含む〕,
uploaded,廃止,G01D 5/03 N,G01D 5/36 F,・運動方向を検出するもの,
uploaded,廃止,G01D 5/03 P,G01D 5/347 110 T,・多数の受光素子を配列したもの〔例；ＣＣＤ，フオトアレイ等〕に特に適した回路,
uploaded,廃止,G01D 5/03 C,G01D 5/347 110 S,発光，受光に関するもの〔Ｊ，Ｋ，Ｌ優先〕,
uploaded,廃止,G01D 5/03 Q,G01D 5/347 110 Q,・変調光，走査光を用いるもの〔例；光学的レゾルバのように位相変調を用いるもの，パルス発光〕,
uploaded,廃止,G01D 5/03 R,G01D 5/347 110 S,・発，受光部の構造，配列，取付け〔例；微調整機構，分解能向上のための複数素子の配列〕,
uploaded,廃止,G01D 5/03 S,G01D 5/347 110 S,・・レ－ザ光を用いるもの〔例；光自己結合現象を用いるもの〕,
uploaded,廃止,G01D 5/03 T,G01D 5/347 110 T,・・多数の受光素子が配列されたもの〔例；フオトアレイ，ＣＣＤ。注；単なる複数素子の配列はＲ〕,
uploaded,廃止,G01D 5/32 B,G01D 5/32 A,・ライトガイド〔例；光フアイバ〕を有するもの,
uploaded,廃止,G01D 5/34 A,G01D 5/347 A,相対運動するエンコ－ダ板によつて遮蔽するもの,
uploaded,廃止,G01D 5/34 D,G01D 5/347 110 A,・エンコ－ダ板の構造，形状，光学特性に特徴のあるもの〔例；特殊なスリツト形状，偏光板，色フイルタ〕,
uploaded,廃止,G01D 5/34 P,G01D 5/347 110 F,・・モアレ縞を利用するもの,
uploaded,廃止,G01D 5/34 E,G01D 5/347 110 V,・ライトガイド〔例；光フアイバ〕を有するもの,
uploaded,廃止,G01D 5/34 B,G01D 5/347 110 L,処理回路に関するもの,
uploaded,廃止,G01D 5/34 Q,G01D 5/347 110 M,・補償，調整に関するもの〔例；波型の歪みの調整，誤りの検出または防止〕,
uploaded,廃止,G01D 5/34 U,G01D 5/347 110 N,・・特に光量の補償，調整に適したもの,
uploaded,廃止,G01D 5/34 V,G01D 5/347 110 P,・・特に温度補償に適したもの〔Ｕ優先〕,
uploaded,廃止,G01D 5/34 K,G01D 5/347 110 T,・多数の受光素子を配列したもの〔ＣＣＤ，フオトアレイ等〕に特に適した回路,
uploaded,廃止,G01D 5/34 C,G01D 5/347 110 S,発光，受光に関するもの〔Ｑ，Ｕ，Ｖ優先〕,
uploaded,廃止,G01D 5/34 W,G01D 5/347 110 Q,・変調光，走査光を用いるもの〔例；光学的レゾルバのように位相変調を用いるもの，パルス発光〕,
uploaded,廃止,G01D 5/34 L,G01D 5/347 110 S,・発，受光部の構造，配列，取付け〔例；微調整機構〕,
uploaded,廃止,G01D 5/34 G,G01D 5/347 110 S,・・レ－ザ光を用いるもの,
uploaded,廃止,G01D 5/34 F,G01D 5/347 110 T,・・多数の受光素子が配列されたもの〔例；フオトアレイ，ＣＣＤ。注：単なる複数素子の配列はＬ〕,
uploaded,廃止,G01D 5/36 A,G01D 5/347 B,相対運動するエンコ－ダ板〔偏光板，色フイルタを含む〕によつて，遮蔽するもの〔注；パルス符号を生ずるもの〔例；アブソリユ－ト型〕は５／２４９にも分類される〕,
uploaded,廃止,G01D 5/36 B,G01D 5/347 B,・スリツト，格子を用いるもの〔Ｋ優先〕,
uploaded,廃止,G01D 5/36 S,G01D 5/347 110 E,・・複数のスリツト板を有するもの〔Ｔ，Ｒ優先〕〔注；とくに格子の回析現象を利用するものは５／３８〕,
uploaded,廃止,G01D 5/36 V,G01D 5/347 110 F,・・・モアレ縞を利用するもの,
uploaded,廃止,G01D 5/36 C,G01D 5/347 110 C,・・反射部を含むもの〔注；反射のみをするものは５／３０〕,
uploaded,廃止,G01D 5/36 K,G01D 5/347 110 B,・基準位置，原点に関するもの,
uploaded,廃止,G01D 5/36 D,G01D 5/347 110 V,・ライトガイド〔例；光フアイバ〕を有するもの,
uploaded,廃止,G01D 5/36 E,G01D 5/347 110 S,磁界，力等を利用するもの〔注；光フアイバに直接作用するものはＤ〕,
uploaded,廃止,G01D 5/36 P,G01D 5/347 110 S,その他の変換，伝達手段,
uploaded,廃止,G01D 5/36 H,G01D 5/347 110 S,発光，受光に関するもの,
uploaded,廃止,G01D 5/36 T,G01D 5/347 110 S,・発，受光部の構造，配列，取付け〔例；微調整機構，分解能向上のための複数素子の配列〕〔注；モアレ縞に特有な調整は，Ｖ優先〕,
uploaded,廃止,G01D 5/42 B,G01D 5/42 D,・ノズルフラツパ機構〔フイ－ドバツク系〕,
uploaded,廃止,G01D 5/42 E,G01D 5/42 D,・光学的手段を有するもの,
uploaded,廃止,G01D 5/42 C,G01D 5/42 D,・差圧，圧力を得るもの〔ベロ－ズ等〕,
uploaded,廃止,G01D 5/42 A,G01D 5/42 D,ノズル機構・背圧を得る機構,
uploaded,廃止,G01N 13/01,G01Q 90/00,・走査プローブ技術を使用した原子領域の表面構造の調査または分析（二次放射の測定によるもの２３／２２；走査プローブ技術を用いた寸法の測定Ｇ０１Ｂ；走査プローブ装置の細部一般Ｇ１２Ｂ２１／００）［７］,
uploaded,廃止,G01N 13/01 J,G01Q 80/00 101,情報記録装置への適用,
uploaded,廃止,G01N 13/01 K,G01Q 80/00 111,表面加工への適用,
uploaded,廃止,G01N 13/01 L,G01Q 80/00 121,生物試料への適用,
uploaded,廃止,G01N 13/01 Z,G01Q 90/00,その他,
uploaded,廃止,G01N 13/01 101,G01Q 10/00,・・走査装置、又は位置決め装置,
uploaded,廃止,G01N 13/01 101 A,G01Q 10/02,粗動走査・粗動位置決め,
uploaded,廃止,G01N 13/01 101 B,G01Q 10/02 101,・圧電素子を用いたもの,
uploaded,廃止,G01N 13/01 101 C,G01Q 10/02 111,・走査・位置決めのための回路・アルゴリズム,
uploaded,廃止,G01N 13/01 101 D,G01Q 10/04,微動走査・微動位置決め,
uploaded,廃止,G01N 13/01 101 E,G01Q 10/04 101,・圧電素子を用いたもの,
uploaded,廃止,G01N 13/01 101 F,G01Q 10/06,・走査・位置決めのための回路・アルゴリズム,
uploaded,廃止,G01N 13/01 101 Z,G01Q 10/00,その他,
uploaded,廃止,G01N 13/01 111,G01Q 70/00,・・特定の相互作用に限定されないプローブ一般,
uploaded,廃止,G01N 13/01 111 A,G01Q 40/00,プローブのキャリブレーション,
uploaded,廃止,G01N 13/01 111 B,G01Q 20/00,プローブの変位検出,
uploaded,廃止,G01N 13/01 111 C,G01Q 20/02,・光検出,
uploaded,廃止,G01N 13/01 111 D,G01Q 20/04,・自己検知,
uploaded,廃止,G01N 13/01 111 E,G01Q 70/02,プローブホルダー,
uploaded,廃止,G01N 13/01 111 F,G01Q 70/04,・ノイズ除去のための温度・振動補償,
uploaded,廃止,G01N 13/01 111 G,G01Q 70/06,プローブアレイ,
uploaded,廃止,G01N 13/01 111 H,G01Q 70/08,プローブの特性,
uploaded,廃止,G01N 13/01 111 J,G01Q 70/01,・プローブの形状に特徴があるもの,
uploaded,廃止,G01N 13/01 111 K,G01Q 70/12,・・ナノチューブプローブ,
uploaded,廃止,G01N 13/01 111 L,G01Q 70/14,・特定の物質により特徴付けられるプローブ,
uploaded,廃止,G01N 13/01 111 M,G01Q 70/16,プローブの製造,
uploaded,廃止,G01N 13/01 111 N,G01Q 70/18,・機能化,
uploaded,廃止,G01N 13/01 111 Z,G01Q 70/00,その他,
uploaded,廃止,G01N 13/01 121,G01Q 30/00,・・補助手段,
uploaded,廃止,G01N 13/01 121 A,G01Q 30/02,ＳＥＭや分光器などのＳＰＭとは異なる分析装置,
uploaded,廃止,G01N 13/01 121 B,G01Q 30/04,データ処理・表示装置,
uploaded,廃止,G01N 13/01 121 C,G01Q 30/06,・データ補正,
uploaded,廃止,G01N 13/01 121 D,G01Q 30/18,外部の影響から保護する手段,
uploaded,廃止,G01N 13/01 121 E,G01Q 30/08,試料環境調整手段,
uploaded,廃止,G01N 13/01 121 F,G01Q 30/01,・温度環境,
uploaded,廃止,G01N 13/01 121 G,G01Q 30/12,・流体環境,
uploaded,廃止,G01N 13/01 121 H,G01Q 30/14,・・液体環境,
uploaded,廃止,G01N 13/01 121 J,G01Q 30/16,・真空環境,
uploaded,廃止,G01N 13/01 121 K,G01Q 30/02,試料の取扱装置・手段,
uploaded,廃止,G01N 13/01 121 Z,G01Q 30/00,その他,
uploaded,廃止,G01N 13/01 131,G01Q 40/02,・・較正用試料及びその作成方法,
uploaded,廃止,G01N 13/01 141,G01Q 60/00,・・以下（Ｇ０１Ｎ１３／１２－１３／２４）に分類されない特定の相互作用を利用したＳＰＭ,
uploaded,廃止,G01N 13/01 141 A,G01Q 60/00 101,プローブの特性,
uploaded,廃止,G01N 13/01 141 B,G01Q 60/58,走査型熱顕微鏡,
uploaded,廃止,G01N 13/01 141 Z,G01Q 60/00,その他,
uploaded,廃止,G01N 13/01 151,G01Q 60/02,・・マルチタイプＳＰＭ,
uploaded,廃止,G01N 13/01 151 A,G01Q 60/04,ＳＴＭとＡＦＭの組合せ,
uploaded,廃止,G01N 13/01 151 B,G01Q 60/06,ＳＮＯＭとＡＦＭの組合せ,
uploaded,廃止,G01N 13/01 151 C,G01Q 60/08,ＭＦＭとＡＦＭの組合せ,
uploaded,廃止,G01N 13/01 151 Z,G01Q 60/02,その他,
uploaded,廃止,G01N 13/12,G01Q 60/01,・・走査型トンネル顕微鏡法（ＳＴＭ）を使用するもの［７］,
uploaded,廃止,G01N 13/12 101,G01Q 60/01,・・・走査型トンネル顕微鏡法（ＳＴＭ）を使用する装置又は方法（Ｈ１１．５新設）,
uploaded,廃止,G01N 13/12 101 A,G01Q 60/12,走査型トンネルスペクトロスコピー〔ＳＴＳ〕（Ｈ１１．５新設）,
uploaded,廃止,G01N 13/12 101 B,G01Q 60/14,走査型トンネルポテンショメトリー〔ＳＴＰ〕（Ｈ１１．５新設）,
uploaded,廃止,G01N 13/12 101 C,G01Q 60/16 101,プローブの特性,
uploaded,廃止,G01N 13/12 101 D,G01Q 60/16 111,プローブの製造,
uploaded,廃止,G01N 13/12 101 Z,G01Q 60/01,その他,
uploaded,廃止,G01N 13/14,G01Q 60/18,・・近視野光学顕微鏡検査法（ＳＮＯＭ）を使用するもの［７］,
uploaded,廃止,G01N 13/14 101,G01Q 60/18,・・・近視野光学顕微鏡法（ＳＮＯＭ）を使用する装置又は方法（Ｈ１１．５新設）,
uploaded,廃止,G01N 13/14 101 A,G01Q 60/02,蛍光,
uploaded,廃止,G01N 13/14 101 B,G01Q 60/22 101,プローブの特性,
uploaded,廃止,G01N 13/14 101 C,G01Q 60/22 111,プローブの製造,
uploaded,廃止,G01N 13/14 101 Z,G01Q 60/18,その他,
uploaded,廃止,G01N 13/16,G01Q 60/24,・・原子間力顕微鏡法（ＡＦＭ）を使用するもの［７］,
uploaded,廃止,G01N 13/16 101,G01Q 60/24,・・・原子間力顕微鏡法（ＡＦＭ）を使用する装置又は方法（Ｈ１１．５新設）,
uploaded,廃止,G01N 13/16 101 A,G01Q 60/26,摩擦力顕微鏡〔ＦＦＭ〕（Ｈ１１．５新設）,
uploaded,廃止,G01N 13/16 101 B,G01Q 60/28,凝着力顕微鏡,
uploaded,廃止,G01N 13/16 101 C,G01Q 60/03,走査型ポテンシャル顕微鏡,
uploaded,廃止,G01N 13/16 101 D,G01Q 60/32,ＡＣモード,
uploaded,廃止,G01N 13/16 101 E,G01Q 60/34,・タッピングモード,
uploaded,廃止,G01N 13/16 101 F,G01Q 60/36,ＤＣモード,
uploaded,廃止,G01N 13/16 101 G,G01Q 60/38 101,プローブの特性,
uploaded,廃止,G01N 13/16 101 H,G01Q 60/04,・導電性プローブ,
uploaded,廃止,G01N 13/16 101 J,G01Q 60/38 111,プローブの製造,
uploaded,廃止,G01N 13/16 101 K,G01Q 60/42,・機能化,
uploaded,廃止,G01N 13/16 101 Z,G01Q 60/24,その他,
uploaded,廃止,G01N 13/18,G01Q 60/44,・・走査型イオンコンダクタンス顕微鏡法（ＳＩＣＭ）を使用するもの［７］,
uploaded,廃止,G01N 13/18 101,G01Q 60/44,・・・走査型イオンコンダクタンス顕微鏡法〔ＳＩＣＭ〕を使用する装置または方法（Ｈ１１．５新設）,
uploaded,廃止,G01N 13/18 101 A,G01Q 60/44 101,プローブの特性,
uploaded,廃止,G01N 13/18 101 Z,G01Q 60/44,その他,
uploaded,廃止,G01N 13/02,G01Q 60/46,・・走査型キャパシタンス顕微鏡法（ＳＣＭ）を使用するもの［７］,
uploaded,廃止,G01N 13/02 101,G01Q 60/46,・・・走査型キャパシタンス顕微鏡法〔ＳＣＭ〕を使用する装置または方法（Ｈ１１．５新設）,
uploaded,廃止,G01N 13/02 101 A,G01Q 60/48,プローブの特性,
uploaded,廃止,G01N 13/02 101 Z,G01Q 60/46,その他,
uploaded,廃止,G01N 13/22,G01Q 60/05,・・磁気力顕微鏡法（ＭＦＭ）を使用するもの［７］,
uploaded,廃止,G01N 13/22 101,G01Q 60/05,・・・磁気力顕微鏡法〔ＭＦＭ〕を使用する装置または方法（Ｈ１１．５新設）,
uploaded,廃止,G01N 13/22 101 A,G01Q 60/52,磁気共鳴,
uploaded,廃止,G01N 13/22 101 B,G01Q 60/54 101,プローブの特性,
uploaded,廃止,G01N 13/22 101 C,G01Q 60/56,・磁気コーティング,
uploaded,廃止,G01N 13/22 101 D,G01Q 60/54 111,プローブの製造,
uploaded,廃止,G01N 13/22 101 Z,G01Q 60/05,その他,
uploaded,廃止,G01N 13/24,G01Q 60/06,・・走査型電気化学顕微鏡法を使用するもの［７］,
uploaded,廃止,G01N 13/24 101,G01Q 60/06,・・・走査型電気化学顕微鏡法を使用する装置または方法（Ｈ１１．５新設）,
uploaded,廃止,G01N 13/24 101 A,G01Q 60/06 101,プローブの特性,
uploaded,廃止,G01N 13/24 101 Z,G01Q 60/06,その他,
uploaded,廃止,G01S 5/14 500,G01S 19/00,・・・衛星電波ビーコン測位システム；当該システムから送信される信号を用いた，位置，速度または姿勢の決定,
uploaded,廃止,G01S 5/14 502,G01S 19/01,・・・・タイムスタンプメッセージを送信する衛星電波ビーコン測位システム，例．ＧＰＳ　［Ｇｌｏｂａｌ　Ｐｏｓｉｔｉｏｎｉｎｇ　Ｓｙｓｔｅｍ］，　ＧＬＯＮＡＳＳ［Ｇｌｏｂａｌ　Ｏｒｂｉｔｉｎｇ　Ｎａｖｉｇａｔｉｏｎ　Ｓａｔｅｌｌｉｔｅ　Ｓｙｓｔｅｍ］　ｏｒ　ＧＡＬＩＬＥＯ,
uploaded,廃止,G01S 5/14 510,G01S 19/02,・・・・・宇宙セグメントまたは地上コントロールセグメントの細部,
uploaded,廃止,G01S 5/14 520,G01S 19/03,・・・・・協働要素［付加的な要素またはサブシステムを指し，受信機または衛星測位システムと相互作用しまたは通信する，他のユーザーの受信機を含む］；異なる協働要素間または協働要素と受信機との間の相互作用または通信,
uploaded,廃止,G01S 5/14 521,G01S 19/04,・・・・・・キャリア位相データを提供するもの,
uploaded,廃止,G01S 5/14 522,G01S 19/05,・・・・・・補助情報を提供するもの,
uploaded,廃止,G01S 5/14 523,G01S 19/06,・・・・・・・補助情報として，もしくは，補助情報生成時に，受信機の初期推定位置を用いるもの,
uploaded,廃止,G01S 5/14 524,G01S 19/07,・・・・・・測定された位置データを補正する情報を提供するもの，例．ＤＧＰＳ　［Ｄｉｆｆｅｒｅｎｔｉａｌ　ＧＰＳ］，電離層補正,
uploaded,廃止,G01S 5/14 525,G01S 19/08,・・・・・・インテグリティ情報，例．衛星の健全性，エフェメリスデータの品質，を提供するもの,
uploaded,廃止,G01S 5/14 526,G01S 19/09,・・・・・・通常は受信機で行われる処理機能を提供するもの,
uploaded,廃止,G01S 5/14 527,G01S 19/01,・・・・・・そのために特別に適合された補助的な測位信号を提供するもの,
uploaded,廃止,G01S 5/14 528,G01S 19/11,・・・・・・・協働要素が擬似衛星，または衛星電波ビーコン測位システム信号のリピーターであるもの,
uploaded,廃止,G01S 5/14 529,G01S 19/12,・・・・・・・協働要素が電話通信基地局であるもの,
uploaded,廃止,G01S 5/14 530,G01S 19/13,・・・・・受信機,
uploaded,廃止,G01S 5/14 531,G01S 19/14,・・・・・・特定の応用に特に適合した受信機,
uploaded,廃止,G01S 5/14 532,G01S 19/15,・・・・・・・航空機着陸システム用,
uploaded,廃止,G01S 5/14 533,G01S 19/16,・・・・・・・盗難誘拐対策用,
uploaded,廃止,G01S 5/14 534,G01S 19/17,・・・・・・・緊急時用,
uploaded,廃止,G01S 5/14 535,G01S 19/18,・・・・・・・軍事用,
uploaded,廃止,G01S 5/14 536,G01S 19/19,・・・・・・・スポーツ用,
uploaded,廃止,G01S 5/14 537,G01S 19/02,・・・・・・宇宙セグメントのインテグリティモニタリング，宇宙セグメントの障害検知もしくは障害分離,
uploaded,廃止,G01S 5/14 538,G01S 19/21,・・・・・・干渉を課題とするもの,
uploaded,廃止,G01S 5/14 539,G01S 19/22,・・・・・・マルチパスを課題とするもの,
uploaded,廃止,G01S 5/14 540,G01S 19/23,・・・・・・受信機要素の試験，監視，補正または較正,
uploaded,廃止,G01S 5/14 542,G01S 19/24,・・・・・・当該システムが送信する信号の捕捉または追尾,
uploaded,廃止,G01S 5/14 543,G01S 19/25,・・・・・・・協働要素からの補助データの受信を含むもの，例．アシステッドＧＰＳ,
uploaded,廃止,G01S 5/14 544,G01S 19/26,・・・・・・・捕捉または追尾を補助するセンサー測定を含むもの,
uploaded,廃止,G01S 5/14 545,G01S 19/27,・・・・・・・受信機の中でエフェメリスまたはアルマナックデータを生成し，予測し，または補正するもの,
uploaded,廃止,G01S 5/14 546,G01S 19/28,・・・・・・・衛星の選択,
uploaded,廃止,G01S 5/14 547,G01S 19/29,・・・・・・・キャリア関連,
uploaded,廃止,G01S 5/14 548,G01S 19/03,・・・・・・・コード関連,
uploaded,廃止,G01S 5/14 549,G01S 19/31,・・・・・・測位のための他の信号の捕捉，追尾,
uploaded,廃止,G01S 5/14 550,G01S 19/32,・・・・・・同じ衛星システムでの多モード動作，例．ＧＰＳのＬ１とＬ２,
uploaded,廃止,G01S 5/14 551,G01S 19/33,・・・・・・タイムスタンプメッセージを送信する異なるシステム間の多モード動作，例．ＧＰＳ／ＧＬＯＮＡＳＳ,
uploaded,廃止,G01S 5/14 552,G01S 19/34,・・・・・・電力の節減,
uploaded,廃止,G01S 5/14 553,G01S 19/35,・・・・・・構成上の細部，または，信号処理系統のハードウェアもしくはソフトウェアの細部,
uploaded,廃止,G01S 5/14 554,G01S 19/36,・・・・・・・受信機フロントエンド関連,
uploaded,廃止,G01S 5/14 555,G01S 19/37,・・・・・・・信号処理系統のハードウェアもしくはソフトウェアの細部,
uploaded,廃止,G01S 5/14 570,G01S 19/38,・・・・衛星電波ビーコン測位システムの送信信号を用いた，航法解の決定,
uploaded,廃止,G01S 5/14 571,G01S 19/39,・・・・・衛星電波ビーコン測位システムがタイムスタンプメッセージを送信するもの，例．ＧＰＳ　［Ｇｌｏｂａｌ　Ｐｏｓｉｔｉｏｎｉｎｇ　Ｓｙｓｔｅｍ］，　ＧＬＯＮＡＳＳ　［Ｇｌｏｂａｌ　Ｏｒｂｉｔｉｎｇ　Ｎａｖｉｇａｔｉｏｎ　Ｓａｔｅｌｌｉｔｅ　Ｓｙｓｔｅｍ］　，　ＧＡＬＩＬＥＯ,
uploaded,廃止,G01S 5/14 572,G01S 19/04,・・・・・・位置，速度または姿勢の補正,
uploaded,廃止,G01S 5/14 573,G01S 19/41,・・・・・・・ディファレンシャル補正，例．ＤＧＰＳ［差動ＧＰＳ］,
uploaded,廃止,G01S 5/14 574,G01S 19/42,・・・・・・位置の決定,
uploaded,廃止,G01S 5/14 575,G01S 19/43,・・・・・・・キャリア位相測定を用いるもの，例．キネマティック測位；長基線または短基線干渉を用いるもの,
uploaded,廃止,G01S 5/14 576,G01S 19/44,・・・・・・・・キャリア位相不確定の決定；フローティング・アンビギュイティ；ＬＡＭＢＤＡ［Ｌｅａｓｔ－ｓｑｕａｒｅｓ　ＡＭＢｉｇｕｉｔｙ　Ｄｅｃｏｒｒｅｌａｔｉｏｎ　Ａｄｊｕｓｔｍｅｎｔ］法,
uploaded,廃止,G01S 5/14 577,G01S 19/45,・・・・・・・衛星電波ビーコン測位システムからの信号の測定を，補助的な測定と組み合わせるもの,
uploaded,廃止,G01S 5/14 578,G01S 19/46,・・・・・・・・補助的な測定が電波信号を測定するタイプであるもの,
uploaded,廃止,G01S 5/14 579,G01S 19/47,・・・・・・・・補助的な測定が慣性測定であるもの，例．ｔｉｇｈｔｌｙ　ｃｏｕｐｌｅｄ,
uploaded,廃止,G01S 5/14 580,G01S 19/48,・・・・・・・衛星電波ビーコン測位システムからの信号から引き出される位置解と，さらなるシステムからの位置解とを，切り替えまたは組み合わせるもの,
uploaded,廃止,G01S 5/14 581,G01S 19/49,・・・・・・・・さらなるシステムが慣性測位システムであるもの，例．ｌｏｏｓｅｌｙ－ｃｏｕｐｌｅｄ,
uploaded,廃止,G01S 5/14 582,G01S 19/05,・・・・・・・位置解が特定の曲線または表面上に制限されるもの，例．線路上を動く物体のための,
uploaded,廃止,G01S 5/14 583,G01S 19/51,・・・・・・・相対位置決定,
uploaded,廃止,G01S 5/14 584,G01S 19/52,・・・・・・速度の決定,
uploaded,廃止,G01S 5/14 585,G01S 19/53,・・・・・・姿勢の決定,
uploaded,廃止,G01S 5/14 586,G01S 19/54,・・・・・・・キャリア位相測定を用いるもの；長基線または短基線干渉,
uploaded,廃止,G01S 5/14 587,G01S 19/55,・・・・・・・・キャリア位相不確定の決定；フローティング・アンビギュイティ；ＬＡＭＢＤＡ［Ｌｅａｓｔ－ｓｑｕａｒｅｓ　ＡＭＢｉｇｕｉｔｙ　Ｄｅｃｏｒｒｅｌａｔｉｏｎ　Ａｄｊｕｓｔｍｅｎｔ］法,
uploaded,廃止,G06N 1/00,G06N 99/00,３／００～７／００のグループに分類されないコンピュータ・システム［７］,
uploaded,廃止,G06N 1/00 510,G06N 99/00,・学習型計算機（Ｈ１２．６新設）,
uploaded,タイトル変更,A01N 65/00 D,A01N 65/00 D,松根油，木酢液，樟脳,由来不明の木酢液
uploaded,タイトル変更,B62M 1/00,B62M 1/00,車両の乗手推進（接地杆によるもの２９／０２）,車両の乗手推進（付加的な動力源を備えた乗手推進６／００；接地杆によるもの２９／０２）［１，２０１０．０１］
uploaded,タイトル変更,B62M 1/01,B62M 1/01,・エネルギーの蓄積，取出しのできる装置，例．フライホイール装置を有するもの,・エネルギーの機械的な蓄積，取出しのできる装置，例．フライホイール装置，を有するもの［１，２０１０．０１］
uploaded,タイトル変更,B62M 7/00,B62M 7/00,エンジンの位置に特徴のある自動自転車または補助動力付自転車（エンジンの位置に特徴のあるフレームＢ６２Ｋ１１／００；内燃機関それ自体Ｆ０２Ｂ；キックスタータ機構またはそれに類似のものＦ０２Ｎ）,モータまたはエンジンの位置に特徴のある自動自転車（付加的動力源，例．補助的内燃機関または電気モーター，を付設した乗手推進６／００；エンジンの位置に特徴のあるフレームＢ６２Ｋ１１／００）［１，２０１０．０１］
uploaded,タイトル変更,B62M 13/00,B62M 13/00,車輪の外周に接触する摩擦ローラの使用を特徴とする伝動装置,車輪の外周に接触する摩擦ローラの使用を特徴とする伝動装置（付加的な動力源を備えた乗手推進自転車６／３５，６／７５）［１，２０１０．０１］
uploaded,タイトル変更,B62M 23/02,B62M 23/02,・二つまたはそれ以上の非類似動力源，例．エンジンおよびペダル，の使用を特徴とするもの,・二つまたはそれ以上の非類似動力源の使用を特徴とする伝動装置，例．ハイブリッド自動自転車の伝動装置（付加的動力源を有する乗り手推進を用いる車両のための伝動装置６／００）［１，２０１０．０１］
uploaded,タイトル変更,F16H 57/04,F16H 57/04,・潤滑または冷却に関して特徴があるもの,・潤滑または冷却に関して特徴があるもの（静圧形伝動装置の潤滑または冷却の制御６１／４１６５）［１，２０１０．０１］
uploaded,タイトル変更,F16H 61/12,F16H 61/12,・機能不調または機能不調の可能性があることを検知するもの，例．フェイルセーフ［５］,・機能不調または機能不調の可能性があることを検知するもの，例．フェイルセーフ（静圧形伝動装置の制御における６１／４１９２）［５，２０１０．０１］
uploaded,タイトル変更,F16H 61/04,F16H 61/04,・・静圧形（伝動装置の変形を含むもの３９／０２，３９／０４）［５］,・・静圧形（伝動装置の変形を含むもの３９／０２，３９／０４）［５，２０１０．０１］
uploaded,タイトル変更,F16H 61/42,F16H 61/42,・・・可変出力または容量を備えているポンプまたはモータの調整装置を含むもの［５］,・・・可変出力または容量を備えているポンプまたはモータの調整装置を含むもの［５，２０１０．０１］
uploaded,タイトル変更,F16H 61/46,F16H 61/46,・・・出力要求による自動調整（サーボモータＧ０５Ｂ）［５］,・・・出力要求による自動調整［５，２０１０．０１］
uploaded,タイトル変更,G01D 5/00,G01D 5/00,感知要素の出力を伝達するための機械的手段；感知要素の出力を異った変量に変換する手段（３／００が優先；変量の瞬時値以外の結果を示す装置に特に適合したもの１／００；感知要素は関連したサブクラス，例．Ｇ０１，Ｈ０１内の，を参照；高電圧または高電流測定装置に特に適合したものＧ０１Ｒ１５／０２；測定値，制御信号または類似信号のための伝送方式Ｇ０８Ｃ）,感知要素の出力を伝達するための機械的手段；感知素子の型式や特性が変換手段を束縛しない場合に，感知要素の出力を別の変量に変換する手段；特に特定の変量に適用されない変換器（３／００が優先；変量の瞬時値以外の結果を示す装置に特に適合したもの１／００；感知要素は関連した，例．Ｇ０１，Ｈ０１内の，サブクラスを参照；単一の電流または単一の電圧を機械的変位に変換するためのものＧ０１Ｒ５／００；高電圧または高電流測定装置に特に適合したものＧ０１Ｒ１５／０２；デジタル測定技術を用いて電流または電圧を測定するものＧ０１Ｒ１９／２５；測定値；制御信号または類似信号のための伝送方式Ｇ０８Ｃ，例．電気信号Ｇ０８Ｃ１９／００）［６］
uploaded,タイトル変更,G01D 5/04 A,G01D 5/04 A,レバ－を使用するもの,レバーを使用するもの
uploaded,タイトル変更,G01D 5/04 Z,G01D 5/04 Z,その他のもの,その他
uploaded,タイトル変更,G01D 5/12,G01D 5/12,・電気的または磁気的手段を使用するもの（５／０６が優先）,・電気的または磁気的手段を使用するもの（５／０６が優先）［３］
uploaded,タイトル変更,G01D 5/12 G,G01D 5/12 G,位置検出に関するもの〔注．被測物体と結びついた測定はＧ０１Ｂ〕,位置，角度検出に関するもの
uploaded,タイトル変更,G01D 5/12 B,G01D 5/12 B,・特にジヨイステイツクに関するもの〔マウス等を含む〕,・入力装置の変換部に関するもの
uploaded,タイトル変更,G01D 5/12 H,G01D 5/12 H,磁気マ－クの付与・検出，金属体等の検出に関するもの〔注．Ｇの注に同じ〕,磁気的検出手段を用いるもの
uploaded,タイトル変更,G01D 5/12 R,G01D 5/12 R,電気－変位変換，例．圧電アクチユエ－タ型変換器,電気的検出手段を用いるもの
uploaded,タイトル変更,G01D 5/12 N,G01D 5/12 N,補償，調整に関するもの,補償，調整，異常検出に関するもの
uploaded,タイトル変更,G01D 5/12 K,G01D 5/12 K,・測定系自身の異常検出に関するもの,・異常検出に関するもの
uploaded,タイトル変更,G01D 5/12 Q,G01D 5/12 Q,・測定要素の支持，取付けに関するもの,・支持，取付けの構造に関するもの
uploaded,タイトル変更,G01D 5/14 D,G01D 5/14 D,電界を利用するもの〔例；エレクトレツト〕　注；静電容量に関するものは５／２４Ａ優先,電界を検出するもの
uploaded,タイトル変更,G01D 5/14 E,G01D 5/14 E,磁歪を利用するもの　注；磁歪パルス波を用いるものは５／４８Ａ優先,感磁素子を用いるもの
uploaded,タイトル変更,G01D 5/14 F,G01D 5/14 F,・回路に関するもの〔Ｇ優先〕,・磁気回路に関するもの
uploaded,タイトル変更,G01D 5/14 P,G01D 5/14 P,圧力－電気変換素子を用いるもの，注；圧力による実効インピ－ダンス変化を利用するものは，５／１８Ｄ。周波数によるもの，５／２４３,圧電素子を用いるもの
uploaded,タイトル変更,G01D 5/16 U,G01D 5/16 U,ストレインゲ－ジを用いるもの,ひずみ－電気抵抗変換によるもの
uploaded,タイトル変更,G01D 5/16 S,G01D 5/16 S,・ストレインゲ－ジ自体の構造〔Ｎ優先〕,・変換部の構造に関するもの
uploaded,タイトル変更,G01D 5/16 V,G01D 5/16 V,・回路に関するもの〔Ｎ優先〕,・処理部に関するもの
uploaded,タイトル変更,G01D 5/18 D,G01D 5/18 D,感圧素子を用いるもの〔注；周波数によるもの５／２４３〕　例；ピエゾ抵抗効果素子を用いるもの,ひずみ－インピーダンス変換によるもの
uploaded,タイトル変更,G01D 5/18 E,G01D 5/18 E,感磁素子を用いるもの,磁気－インピーダンス変換によるもの
uploaded,タイトル変更,G01D 5/02 J,G01D 5/02 J,インダクタンスまたはその変化の検出部の構造〔Ｑ優先。磁歪効果を用いるものは，５／１４Ｅ優先〕,インダクタンスまたはその変化の検出部の構造に関するもの
uploaded,タイトル変更,G01D 5/02 A,G01D 5/02 A,・コアが相対移動するもの〔Ｇ，Ｋが優先〕,・検出コイルと磁性体が相対移動するもの
uploaded,タイトル変更,G01D 5/02 D,G01D 5/02 D,・磁石が相対移動するもの,・検出コイルと磁石が相対移動するもの
uploaded,タイトル変更,G01D 5/02 G,G01D 5/02 G,・磁性体の磁気飽和，不飽和を利用するもの,・磁気飽和を利用するもの
uploaded,タイトル変更,G01D 5/02 K,G01D 5/02 K,・渦電流を利用するもの,・検出コイルと非磁性導体が相対移動するもの
uploaded,タイトル変更,G01D 5/02 H,G01D 5/02 H,・・短絡環を有するもの,・・短絡環を用いるもの
uploaded,タイトル変更,G01D 5/02 Q,G01D 5/02 Q,補償，調整に関するもの　例；雑音除去，帯磁補償，故障・誤りの検出・防止,処理部に関するもの
uploaded,タイトル変更,G01D 5/22 C,G01D 5/22 C,差動トランスを用いた装置に関するもの,差動トランスを用いるもの
uploaded,タイトル変更,G01D 5/22 A,G01D 5/22 A,差動トランス自体の構造，製造方法に関するもの,・変換部の構造に関するもの
uploaded,タイトル変更,G01D 5/22 B,G01D 5/22 B,回路に関するもの〔Ｅが優先〕,・処理部に関するもの
uploaded,タイトル変更,G01D 5/24 A,G01D 5/24 A,静電容量変化を生じるための変換部の構造に関するもの　例；誘電率の変化，エレクトレツトを用いるもの　注；Ｗ以下の展開が優先,変換部の構造に関するもの
uploaded,タイトル変更,G01D 5/24 S,G01D 5/24 S,・検知電極間の電界内を誘電体が変位するもの，注．誘電体でなく結合電極，伝送電極が変位するものはＣ,・検知電極間の誘電体が変化するもの
uploaded,タイトル変更,G01D 5/24 D,G01D 5/24 D,回路に関するもの〔Ｗが優先〕,処理部に関するもの
uploaded,タイトル変更,G01D 5/242 A,G01D 5/242 A,発電機の構造〔Ｃ以下が優先〕,変換部の構造に関するもの
uploaded,タイトル変更,G01D 5/242 B,G01D 5/242 B,発電機用の回路〔Ｃ以下が優先〕,処理部に関するもの
uploaded,タイトル変更,G01D 5/243 A,G01D 5/243 A,交流信号の位相変化に関するもの　例；位相変調型検出器〔５／２４５，１０１，２０１以下の展開，および５／２４が優先〕,交流信号の位相変化に関するもの
uploaded,タイトル変更,G01D 5/243 B,G01D 5/243 B,・インダクタンス型検出器に関するもの,・インダクタンス変化によるもの
uploaded,タイトル変更,G01D 5/243 F,G01D 5/243 F,交流信号の周波数変化に関するもの　例；周波数発振型検出器，振動・共振型検出器,交流信号の周波数変化に関するもの
uploaded,タイトル変更,G01D 5/244,G01D 5/244,・・パルスまたはパルス列の特性に作用するもの,・・パルスまたはパルス列の特性に作用するもの；パルスまたはパルス列を発生するもの［６］
uploaded,タイトル変更,G01D 5/244 A,G01D 5/244 A,原点，基準位置，任意位相到達の検出に関するもの,基準位置，原点の検出に関するもの
uploaded,タイトル変更,G01D 5/244 C,G01D 5/244 C,方向判別を行うもの,移動方向を検出するもの
uploaded,タイトル変更,G01D 5/244 B,G01D 5/244 B,補償、調整に関するもの,補償，調整，異常検出に関するもの
uploaded,タイトル変更,G01D 5/244 D,G01D 5/244 D,・温度補償,・温度補償に関するもの
uploaded,タイトル変更,G01D 5/244 E,G01D 5/244 E,・電源・停電対策、消費電力の低減,・電源，停電対策；消費電力の低減に関するもの
uploaded,タイトル変更,G01D 5/244 F,G01D 5/244 F,・波形・パルスの整形、波形の補償（例；正規化、零点・オフセット・振幅・位相の調整）,・波形，パルスの整形に関するもの
uploaded,タイトル変更,G01D 5/244 G,G01D 5/244 G,・分解能の向上、分解能の切換（但し、精度は除く：注；スケール、検出器の配列そのものは５／２４５Ｖ、Ｙ、５／３０Ｒ、５／３６Ｔ）下位Ｈ、Ｊ優先,・分解能の向上，分解能の切換に関するもの
uploaded,タイトル変更,G01D 5/244 H,G01D 5/244 H,・・内挿、補間、逓倍、位相検出、検出値の予測,・・分解能の向上に関するもの
uploaded,タイトル変更,G01D 5/244 J,G01D 5/244 J,・・・高調波・ノイズ対策、特性の補償（但し、波形、パルスによるものはＦ）,・位相を求める処理に特徴を有するもの
uploaded,タイトル変更,G01D 5/244 K,G01D 5/244 K,・故障・異常・符号の誤りの検出・検査、信号線の短絡・切断検出・検査,・異常検出に関するもの
uploaded,タイトル変更,G01D 5/244 L,G01D 5/244 L,位相変調,変調に関するもの
uploaded,タイトル変更,G01D 5/245 C,G01D 5/245 C,・静電容量が変化するもの,・静電容量変化を利用するもの
uploaded,タイトル変更,G01D 5/245 T,G01D 5/245 T,・接触スイツチを用いるもの,・接触スイッチを用いるもの
uploaded,タイトル変更,G01D 5/245 F,G01D 5/245 F,・・磁気バブル素子を用いるもの,・・磁気回路に関するもの
uploaded,タイトル変更,G01D 5/245 H,G01D 5/245 H,・・ホ－ル素子を用いるもの,・・ホール素子を用いるもの
uploaded,タイトル変更,G01D 5/245 E,G01D 5/245 E,・・・発振，共振，励磁用のコイルを持つもの〔５／２４５，１０１，２０１優先、注；磁気スケールは、５／２４５，１０１］,・・・励磁コイルと検出コイルを用いるもの
uploaded,タイトル変更,G01D 5/245 M,G01D 5/245 M,・・磁気抵抗を利用するもの（ＭＲ素子、ＧＭＲ素子、ＭＩ素子等）〔Ｒ、Ｇ優先〕,・・磁気抵抗効果を利用するもの
uploaded,タイトル変更,G01D 5/245 R,G01D 5/245 R,・・・磁気抵抗効果素子（ＭＲ素子）注；ＧＭＲ素子にも適用可能なものも含む,・・・磁気抵抗効果素子（ＭＲ素子）を用いるもの
uploaded,タイトル変更,G01D 5/245 N,G01D 5/245 N,・・・・巨大磁気抵抗効果素子（ＧＭＲ素子）を用いるもの注；ＧＭＲ素子のみ特徴を有するもの,・・・・巨大磁気抵抗効果素子（ＧＭＲ素子）を用いるもの
uploaded,タイトル変更,G01D 5/245 S,G01D 5/245 S,・・リ－ドスイツチを用いるもの,・・リードスイッチを用いるもの
uploaded,タイトル変更,G01D 5/245 W,G01D 5/245 W,・・双安定磁気特性素子〔例．ウイ－ガンドワイヤ〕を用いるもの,・・双安定磁気特性素子を用いるもの
uploaded,タイトル変更,G01D 5/249 T,G01D 5/249 T,アナログ－デイジタル変換装置の変換部〔Ｑが優先〕,変換部の構造に関するもの
uploaded,タイトル変更,G01D 5/249 C,G01D 5/249 C,・パタ－ン読出し型ＡＤ変換部〔磁気的または誘導的手段を用いるもの〕　例；並列方向配列ビツト型，複速回転型,・磁気的または誘導的手段を用いるもの
uploaded,タイトル変更,G01D 5/249 K,G01D 5/249 K,・・直列方向にビツトパタ－ンが配列されたもの,・・ビットパターンが直列方向に配列されたもの
uploaded,タイトル変更,G01D 5/249 B,G01D 5/249 B,・パタ－ン読出し型ＡＤ変換部〔容量的または静電的手段を用いるもの〕,・容量的または静電的手段を用いるもの
uploaded,タイトル変更,G01D 5/249 P,G01D 5/249 P,・インクリメント方式と結合したもの　注；Ｒが優先。５／２４５，１０２Ｊに注意。,・インクリメンタル方式を併用するもの
uploaded,タイトル変更,G01D 5/249 Q,G01D 5/249 Q,補償，調整に関するもの　例；誤差補償，温度補償，直線性補償，光量補償，故障の検出・防止,処理部に関するもの
uploaded,タイトル変更,G01D 5/249 S,G01D 5/249 S,デイジタル符号間の変換装置,検出部と被検出部の相対移動によらない変換に関するもの
uploaded,タイトル変更,G01D 5/26 A,G01D 5/26 A,光点指示を行なうもの,指示手段に関するもの
uploaded,タイトル変更,G01D 5/26 C,G01D 5/26 C,変換，伝達手段に関するもの〔指示手段はＡ，Ｂ〕,変換部の構造に関するもの
uploaded,タイトル変更,G01D 5/26 D,G01D 5/26 D,・ライトガイド〔例；光フアイバ〕を用いるもの〔注；光導波路，屈接率分布型レンズを含む。以下の展開も同じ〕,・・ライトガイドを用いるもの
uploaded,タイトル変更,G01D 5/26 J,G01D 5/26 J,・磁界，力等によるもの〔例；光学特性の変化を用いるもの〕〔注；光フアイバに直接作用するものはＤ優先〕,・力，温度，磁界等による光学特性の変化を利用するもの〔光ファイバの光学特性の変化を利用するものは５／３５３〕
uploaded,タイトル変更,G01D 5/26 F,G01D 5/26 F,・回析，干渉，共振を利用するもの〔Ｊ，５／３８優先〕,・・回折，干渉を利用するもの〔５／３５３，５／３８優先〕
uploaded,タイトル変更,G01D 5/26 K,G01D 5/26 K,・撮像手段を用いるもの〔Ｈ優先〕,・撮像手段を用いるもの
uploaded,タイトル変更,G01D 5/26 G,G01D 5/26 G,処理回路に関するもの,処理部に関するもの
uploaded,タイトル変更,G01D 5/26 L,G01D 5/26 L,・補償，調整に関するもの〔例；波形の歪みの調整，誤りの検出または防止〕,・補償，調整，異常検出に関するもの
uploaded,タイトル変更,G01D 5/26 M,G01D 5/26 M,・・特に光量の補償，調整に適したもの,・・光量の補償，調整に関するもの
uploaded,タイトル変更,G01D 5/26 N,G01D 5/26 N,・・特に温度補償に適したもの〔Ｍ優先〕,・・温度補償に関するもの
uploaded,タイトル変更,G01D 5/28,G01D 5/28,・・検出素子によって光ビームを偏向させるもの，例．直示型光点指示用（５／４０が優先）,・・光ビームの偏向があるもの，例．直示型光点指示用（５／４０が優先）
uploaded,タイトル変更,G01D 5/28 A,G01D 5/28 A,光の偏光によつて指示するもの,光の偏向によって指示するもの
uploaded,タイトル変更,G01D 5/03,G01D 5/03,・・・そしてホトセルで検知するもの,・・・光ビームをホトセルで検知するもの
uploaded,タイトル変更,G01D 5/03 A,G01D 5/03 A,相対運動するエンコ－ダ板により偏向するもの〔プリズムを含む〕,変換部の構造に関するもの
uploaded,タイトル変更,G01D 5/32,G01D 5/32,・・検出素子によって光ビームの全部または一部を遮蔽するもの（５／４０が優先）,・・光ビームの減衰，または全部または一部の遮蔽のあるもの（５／４０が優先）
uploaded,タイトル変更,G01D 5/32 A,G01D 5/32 A,光の遮蔽によつて指示するもの,光の遮蔽によって指示するもの
uploaded,タイトル変更,G01D 5/34,G01D 5/34,・・・そしてホトセルで検知するもの,・・・光ビームをホトセルで検知するもの
uploaded,タイトル変更,G01D 5/34 R,G01D 5/34 R,その他の変換・伝達手段,変換部の構造に関するもの〔５／３４７～５／３８優先〕
uploaded,タイトル変更,G01D 5/36 G,G01D 5/36 G,処理回路に関するもの,処理部に関するもの
uploaded,タイトル変更,G01D 5/36 Q,G01D 5/36 Q,・分解能を向上させるもの〔例；補間，内挿，逓倍回路〕,・分解能を向上させるもの
uploaded,タイトル変更,G01D 5/36 W,G01D 5/36 W,・補償，調整に関するもの〔例；波型の歪み，誤パルスの調整，誤りの検出または防止〕,・補償，調整，異常検出に関するもの
uploaded,タイトル変更,G01D 5/36 U,G01D 5/36 U,・・特に光量の補償，調整に適したもの,・・光量の補償，調整に関するもの
uploaded,タイトル変更,G01D 5/36 Y,G01D 5/36 Y,・・特に温度補償に適したもの〔Ｕ優先〕,・・温度補償に関するもの
uploaded,タイトル変更,G01D 5/36 X,G01D 5/36 X,・基準位置，原点に関するもの〔注；設定値への到達，回転位相の検出を含む〕,・基準位置，原点の検出に関するもの
uploaded,タイトル変更,G01D 5/36 F,G01D 5/36 F,・運動方向を検出するもの〔注；方向検出用エンコ－ダ構造と結合したものはここに優先付与〕,・移動方向を検出するもの
uploaded,タイトル変更,G01D 5/36 R,G01D 5/36 R,・変調光，走査光を用いるもの〔例；パルス発光〕,・変調光を用いるもの
uploaded,タイトル変更,G01D 5/38 A,G01D 5/38 A,変換部の構造に関するもの〔例；反射型，透過型の回析格子の運動によるもの〕,変換部に関するもの
uploaded,タイトル変更,G01D 5/38 B,G01D 5/38 B,処理回路に関するもの,処理部に関するもの
uploaded,タイトル変更,G01D 5/42 D,G01D 5/42 D,電空，空電変換システム,電空，空電変換に関するもの
uploaded,タイトル変更,G01D 5/48 B,G01D 5/48 B,振動波〔例えば音波〕を利用するもの,振動波を用いるもの
uploaded,タイトル変更,G01D 5/48 A,G01D 5/48 A,・磁歪振動を利用するもの,・磁歪振動を用いるもの
uploaded,タイトル変更,G01D 5/48 Z,G01D 5/48 Z,その他〔例；電磁波を用いるもの〕,その他
uploaded,タイトル変更,G06K 17/00 L,G06K 17/00 L,特殊用途に適したカ－ドリ－ダライタ（その用途の属するサプクラス参照，例．タイムレコ－ダＧ０７Ｃ，ワ－プロＧ０６Ｆ１５／２０，入出金Ｇ０７Ｄ，Ｇ０６Ｆ１５／３０，勤怠管理Ｇ０６Ｆ１５／２０，教育のためのものＧ０６Ｆ１５／２０．１０２，言語障害者用Ｇ０９Ｂ，ハンデイコピ－Ｇ０３Ｇ，有料道路管理Ｇ０６Ｆ１５／２０，電子メモＧ０６Ｆ１５／０２）,特殊用途に適したカ－ドリ－ダライタ（その用途の属するサブクラス参照，例．タイムレコ－ダＧ０７Ｃ，ワ－プロＧ０６Ｆ１７／２０－１７／２６，入出金Ｇ０７Ｄ，Ｇ０６Ｆ１７／６０　２００－２５０，Ｇ０６Ｆ１７／６０　４００－４３２，勤怠管理Ｇ０６Ｆ１７／６０　１６２，教育のためのものＧ０６Ｆ１７／６０　１２８，言語障害者用Ｇ０９Ｂ，ハンデイコピ－Ｇ０３Ｇ，有料道路管理Ｇ０６Ｆ１７／６０　１１２，電子メモＧ０６Ｆ１５／０２）
uploaded,タイトル変更,G06K 17/00 R,G06K 17/00 R,・カ－ドの価値情報の処理〔テレホンカ－ドの処理Ｈ０４Ｍ，回数券の処理Ｇ０７Ｄ，なおＧ０６Ｆ１５／２１参照〕,・カ－ドの価値情報の処理〔テレホンカ－ドの処理Ｈ０４Ｍ，回数券の処理Ｇ０７Ｄ，なおＧ０６Ｆ１７／６０参照〕
uploaded,タイトル変更,G06K 17/00 T,G06K 17/00 T,・・暗証照合；改ざん防止，暗証入力，生成，表示，読取り〔メインは「手動入力された暗証とカ－ドからの暗証との比較」；銀行業務のためのもの，Ｇ０６Ｆ１５／３０，Ｇ０７Ｄ〕〔改ざん防止は，Ｓに移行〕,・・暗証照合；改ざん防止，暗証入力，生成，表示，読取り〔メインは「手動入力された暗証とカ－ドからの暗証との比較」；銀行業務のためのもの，Ｇ０６Ｆ１７／６０　２００－２５０，Ｇ０６Ｆ１７／６０　４００－４３２，Ｇ０７Ｄ〕〔改ざん防止は，Ｓに移行〕
uploaded,タイトル変更,G06K 17/00 W,G06K 17/00 W,・図形情報処理〔例．パタ－ンの発生Ｇ０９Ｇ，イメ－ジ処理Ｇ０６Ｆ１５／６２〕,・図形情報処理〔例．パタ－ンの発生Ｇ０９Ｇ，イメ－ジ処理Ｇ０６Ｔ〕
uploaded,タイトル変更,G06K 19/00 R,G06K 19/00 R,・照合用カ－ド；改ざん防止型カ－ド；盗難防止型カ－ド〔Ｇ０６Ｆ１５／３０，Ｇ０７Ｄ参照〕；暗証入力，生成，表示；暗証隠蔽型カ－ド,・照合用カ－ド；改ざん防止型カ－ド；盗難防止型カ－ド〔Ｇ０６Ｆ１７／６０　２００－２５０，Ｇ０６Ｆ１７／６０　４００－４３２，Ｇ０７Ｄ参照〕；暗証入力，生成，表示；暗証隠蔽型カ－ド
uploaded,タイトル変更,H01L 27/01 448,H01L 27/01 448,・・・・・相変化メモリ（読出し専用メモリを除く）,・・・・・抵抗変化メモリ（読出し専用メモリを除く）
uploaded,タイトル変更,H01L 29/28 250 E,H01L 29/28 250 E,フラーレン,カーボン系（フラーレン，カーボンナノチューブ等）
uploaded,タイトル変更,H01L 29/28 310 E,H01L 29/28 310 E,フラーレン用,カーボン系（フラーレン，カーボンナノチューブ等）
uploaded,ドット変更,G01D 5/14 H,G01D 5/14 H,ホ－ル素子を用いるもの,・ホール素子を用いるもの
uploaded,ドット変更,G01D 5/22 A,G01D 5/22 A,差動トランス自体の構造，製造方法に関するもの,・変換部の構造に関するもの
uploaded,ドット変更,G01D 5/22 B,G01D 5/22 B,回路に関するもの〔Ｅが優先〕,・処理部に関するもの
uploaded,ドット変更,G01D 5/244 J,G01D 5/244 J,・・・高調波・ノイズ対策、特性の補償（但し、波形、パルスによるものはＦ）,・位相を求める処理に特徴を有するもの
uploaded,ドット変更,G01D 5/26 D,G01D 5/26 D,・ライトガイド〔例；光フアイバ〕を用いるもの〔注；光導波路，屈接率分布型レンズを含む。以下の展開も同じ〕,・・ライトガイドを用いるもの
uploaded,ドット変更,G01D 5/26 F,G01D 5/26 F,・回析，干渉，共振を利用するもの〔Ｊ，５／３８優先〕,・・回折，干渉を利用するもの〔５／３５３，５／３８優先〕
