改正時期,改正種別,改正前FI,改正後FI,改正前タイトル,改正後タイトル
uploaded,新設,,A47C 1/0355,,・・・・・リンク機構，例．レージータング（ｌａｚｙｔｏｎｇｓ）機構，により操作されるもの［２０１３．０１］
uploaded,新設,,A61F 2/01,,・血管へ植込み可能なフィルター［６］
uploaded,新設,,A61F 2/07,,・・・・ステントグラフト［２０１３．０１］
uploaded,新設,,A61F 2/82,,・人体の管状構造の開通状態を維持または閉塞を防止する装置，例．ステント（血管以外の人体の管状構造のためのステントグラフトＡ６１Ｆ２／０４；血管用のステントグラフトＡ６１Ｆ２／０７；ステントまたはステントグラフトの設置または除去に特に適合した器具Ａ６１Ｆ２／９５；傷の閉鎖用，または傷を閉鎖把持するものＡ６１Ｂ１７／０３；拡張器Ａ６１Ｍ２９／００）［８，２０１３．０１］
uploaded,新設,,A61F 2/844,,・・展開前に折り畳まれているもの［２０１３．０１］
uploaded,新設,,A61F 2/848,,・・管壁に固定する手段，例．とげ（ｂａｒｂｓ），を有するもの［２０１３．０１］
uploaded,新設,,A61F 2/852,,・・複数の別個のステントが重なり合うもの［２０１３．０１］
uploaded,新設,,A61F 2/856,,・・単一管状のステントで周面に入口通路を有するもの［２０１３．０１］
uploaded,新設,,A61F 2/86,,・・ワイヤ状の要素により形成されたことに特徴のあるステント；ネット状またはメッシュ状の構造により形成されたことに特徴のあるステント［８，２０１３．０１］
uploaded,新設,,A61F 2/88,,・・・らせん状（ヘリカル）または渦巻き状（スパイラル）コイルとして形成されたワイヤ状の要素（ネット状またはメッシュ状の構造を形成するものＡ６１Ｆ２／９０）［８］
uploaded,新設,,A61F 2/89,,・・・隣接する複数のリングが，別体の部材によって柔軟に連結されたものからなるワイヤ状の要素［２０１３．０１］
uploaded,新設,,A61F 2/09,,・・・ネット状またはメッシュ状の構造に特徴があるもの［８，２０１３．０１］
uploaded,新設,,A61F 2/91,,・・・・穿孔されたシートまたは管より作られているもの，穿孔は例えば、レーザーカットまたはエッチングにより形成されたもの［２０１３．０１］
uploaded,新設,,A61F 2/915,,・・・・・曲折または蛇行した構造をもつバンドを有するもので，隣接するバンドは互いに連結されているもの［２０１３．０１］
uploaded,新設,,A61F 2/92,,・・管に挿入後拡張する巻き上げシート型ステント［８，２０１３．０１］
uploaded,新設,,A61F 2/93,,・・・ラチェットを用いて円周状に拡張可能なもの［２０１３．０１］
uploaded,新設,,A61F 2/94,,・・予め定められた箇所に設置後はその形状を維持する，すなわち設置後は変形しないステント［８，２０１３．０１］
uploaded,新設,,A61F 2/945,,・・・硬化可能なもの，例．ｉｎ　ｓｉｔｕ（生体内）形成されるステント［２０１３．０１］
uploaded,新設,,A61F 2/95,,・ステントまたはステントグラフトの設置または除去に特に適合した器具［２０１３．０１］
uploaded,新設,,A61F 2/954,,・・分岐部にステントまたはステントグラフトを設置するためのもの［２０１３．０１］
uploaded,新設,,A61F 2/958,,・・ステントまたはステントグラフトを設置するための膨張可能なバルーン［２０１３．０１］
uploaded,新設,,A61F 2/962,,・・外側にスリーブをもつもの［２０１３．０１］
uploaded,新設,,A61F 2/966,,・・・外側のスリーブと人工補綴物を長手方向へ相対移動させるもの，例．押し棒を用いる［２０１３．０１］
uploaded,新設,,A61F 2/97,,・・・外側のスリーブが分割可能であるもの［２０１３．０１］
uploaded,新設,,A61M 29/04,,・・膨潤可能な材料で作られた拡張器［５］
uploaded,新設,,B42D 15/01 200,,・・特別の用途または目的により特徴づけられるもの
uploaded,新設,,B42D 15/01 210,,・・・多用途のためのもの
uploaded,新設,,B42D 15/01 220,,・・・情報担体カードに適した付属品と共に使用するもの
uploaded,新設,,B42D 15/01 230,,・・・身分証明カード
uploaded,新設,,B42D 15/01 240,,・・・パスポート
uploaded,新設,,B42D 15/01 250,,・・・公共交通機関の乗車券（印刷および発券のための装置　Ｇ０７Ｂ）
uploaded,新設,,B42D 15/01 260,,・・・入場カード；入場券
uploaded,新設,,B42D 15/01 270,,・・・くじ券，例．宝くじ券
uploaded,新設,,B42D 15/01 280,,・・・医療に使用するもの
uploaded,新設,,B42D 15/01 290,,・・・有価証券；紙幣
uploaded,新設,,B42D 15/01 300,,・・身分証明機能またはセキュリティ機能，例．偽造防止
uploaded,新設,,B42D 15/01 305,,・・・デジタル情報に関連したもの（少なくともその一部にデジタルマークが記録されるように設計され，かつ機械で使用される記録担体　Ｇ０６Ｋ１９／００）
uploaded,新設,,B42D 15/01 307,,・・・・ＩＣカード
uploaded,新設,,B42D 15/01 309,,・・・写真
uploaded,新設,,B42D 15/01 313,,・・・指紋
uploaded,新設,,B42D 15/01 318,,・・・署名
uploaded,新設,,B42D 15/01 324,,・・・浮き彫り，レリーフ
uploaded,新設,,B42D 15/01 328,,・・・回折格子；ホログラム
uploaded,新設,,B42D 15/01 329,,・・・・回折層または反射層が部分的に形成されているもの
uploaded,新設,,B42D 15/01 330,,・・・・回折層または反射層が部分的に視認可能なもの，例．上部に印刷層を設けたもの
uploaded,新設,,B42D 15/01 331,,・・・・光回折，ホログラフィー以外の手法による付加的な情報を有するもの，例．レーザー破壊による情報記録，割印
uploaded,新設,,B42D 15/01 333,,・・・透かし
uploaded,新設,,B42D 15/01 337,,・・・細紋模様
uploaded,新設,,B42D 15/01 340,,・・・複写機器の特性に基づいて複写を防止する印刷
uploaded,新設,,B42D 15/01 342,,・・・モアレ効果
uploaded,新設,,B42D 15/01 346,,・・・穿孔
uploaded,新設,,B42D 15/01 351,,・・・半透明の部分または部分的に半透明の部分，例．窓
uploaded,新設,,B42D 15/01 355,,・・・偽造防止糸，セキュリティスレッド
uploaded,新設,,B42D 15/01 360,,・・・特殊物質を有するもの
uploaded,新設,,B42D 15/01 364,,・・・・液晶
uploaded,新設,,B42D 15/01 369,,・・・・磁化された物質，磁化できる物質
uploaded,新設,,B42D 15/01 373,,・・・・金属
uploaded,新設,,B42D 15/01 378,,・・・・特別なインク
uploaded,新設,,B42D 15/01 382,,・・・・・赤外線を吸収または反射するもの
uploaded,新設,,B42D 15/01 387,,・・・・・紫外線を吸収または反射するもの
uploaded,新設,,B42D 15/01 391,,・・・・・偏光された光を吸収または反射するもの
uploaded,新設,,B42D 15/01 400,,・・製造
uploaded,新設,,B42D 15/01 402,,・・・転写手法に特徴を有するもの，例．パターン状に転写されたホログラム
uploaded,新設,,B42D 15/01 405,,・・・マーキング
uploaded,新設,,B42D 15/01 410,,・・・・電磁放射を用いるもの（Ｂ４２Ｄ　１５／１０，４３５が優先）
uploaded,新設,,B42D 15/01 415,,・・・・化学的方法を用いるもの（Ｂ４２Ｄ　１５／００，４４５が優先）
uploaded,新設,,B42D 15/01 420,,・・・・・写真法によるもの
uploaded,新設,,B42D 15/01 425,,・・・・変形によるもの，例．エンボス加工
uploaded,新設,,B42D 15/01 430,,・・・・材料の除去によるもの
uploaded,新設,,B42D 15/01 435,,・・・・・電磁放射を用いるもの，例．レーザー
uploaded,新設,,B42D 15/01 440,,・・・・・機械的手段を用いるもの，例．彫刻
uploaded,新設,,B42D 15/01 445,,・・・・・化学的手段を用いるもの，例．エッチング
uploaded,新設,,B42D 15/01 450,,・・・２以上の層が関連するもの
uploaded,新設,,B42D 15/01 455,,・・・・熱を用いるもの
uploaded,新設,,B42D 15/01 460,,・・・・圧力を用いるもの
uploaded,新設,,B42D 15/01 465,,・・・・化学的方法または接着剤を用いるもの
uploaded,新設,,B42D 15/01 470,,・・・・・接着剤を用いるもの
uploaded,新設,,B42D 15/01 475,,・・・カードの切断
uploaded,新設,,B42D 15/01 480,,・・・製造工程の制御
uploaded,新設,,B42D 15/01 485,,・・・・電子処理手段によるもの
uploaded,新設,,B60R 25/01,,・車両システムまたは車両付属品に作用するもの，例．ドア，座席またはフロントガラス［２０１３．０１］
uploaded,新設,,B60R 25/021,,・・・ステアリングコラムまたはステアリングホイールハブの動きを制限するもの，例．イグニション・スイッチによって制御された規制手段［２０１３．０１］
uploaded,新設,,B60R 25/0215,,・・・・電気的手段の使用によるもの，例．電気モータ，ソレノイド［２０１３．０１］
uploaded,新設,,B60R 25/022,,・・・ステアリングホイールに作用するもの，例．ステアリングホイールのリム上にロックされた棒（Ｂ６０Ｒ２５／０２１が優先）［２０１３．０１］
uploaded,新設,,B60R 25/023,,・・・ステアリングロックの物理的な破壊に対抗する手段［２０１３．０１］
uploaded,新設,,B60R 25/042,,・・・燃料の供給に作用するもの［２０１３．０１］
uploaded,新設,,B60R 25/043,,・・・排気を妨げることによるもの［２０１３．０１］
uploaded,新設,,B60R 25/044,,・・・空気の供給を制限または妨げることによるもの［２０１３．０１］
uploaded,新設,,B60R 25/045,,・・・推進ユニットへの電気の供給を制限または切断することによるもの［２０１３．０１］
uploaded,新設,,B60R 25/09,,・・車輪の回転の制限によるもの，例．車輪クランプ［２０１３．０１］
uploaded,新設,,B60R 25/102,,・・遠隔地へ送られる信号，例．警察署，警備会社または所有者へ送られる無線信号［２０１３．０１］
uploaded,新設,,B60R 25/104,,・・盗難警報信号のタイプにより特徴付けられるもの，例．特別な特徴のある可視または可聴信号［２０１３．０１］
uploaded,新設,,B60R 25/02,,・盗難防止システムをオンまたはオフにスイッチする手段［２０１３．０１］
uploaded,新設,,B60R 25/21,,・・隠されたスイッチを用いるもの［２０１３．０１］
uploaded,新設,,B60R 25/22,,・・機械的な識別子を用いるもの［２０１３．０１］
uploaded,新設,,B60R 25/23,,・・英数字記号の手動入力を用いるもの［２０１３．０１］
uploaded,新設,,B60R 25/24,,・・ユーザーによって記憶されない記号を含む電子的な識別子を用いるもの［２０１３．０１］
uploaded,新設,,B60R 25/25,,・・バイオメトリクスを用いるもの［２０１３．０１］
uploaded,新設,,B60R 25/03,,・盗難に関連した検知または盗難防止システムに関係ある他の事象に関連した検知［２０１３．０１］
uploaded,新設,,B60R 25/31,,・・車両の内部または外部の人間の存在の検知［２０１３．０１］
uploaded,新設,,B60R 25/32,,・・車両の動的パラメータ，例．速度または加速度，の検知［２０１３．０１］
uploaded,新設,,B60R 25/33,,・・地球上の位置の検知，例．ＧＰＳ座標の提供によるもの［２０１３．０１］
uploaded,新設,,B60R 25/34,,・・車両の部品，例．窓，ドアロックまたはギヤ・セレクタ，の状態の検知［２０１３．０１］
uploaded,新設,,B60R 25/04,,・盗難防止システムのための動力供給に関する特徴，例．盗難防止バッテリー，動力供給源のバックアップまたはバッテリーの電力を節約する手段［２０１３．０１］
uploaded,新設,,B60W 10/101,,・・無段変速機の制御を含むもの［２０１２．０１］
uploaded,新設,,B60W 10/103,,・・・流体式無段変速機［２０１２．０１］
uploaded,新設,,B60W 10/105,,・・・電気式無段変速機［２０１２．０１］
uploaded,新設,,B60W 10/107,,・・・無端可撓部材による無段変速機［２０１２．０１］
uploaded,新設,,B60W 10/108,,・・・摩擦による無段変速機［２０１２．０１］
uploaded,新設,,B60W 10/109,,・・・・トロイダル式無段変速機［２０１２．０１］
uploaded,新設,,B60W 10/11,,・・有段変速機の制御を含むもの［２０１２．０１］
uploaded,新設,,B60W 10/11 300,,・・・平行な軸を有するもの（１０／１１３優先）
uploaded,新設,,B60W 10/111,,・・・直列に配置された別個の変速歯車列を持つもの［２０１２．０１］
uploaded,新設,,B60W 10/113,,・・・２つの入力経路があるもの，例．入力クラッチによって二つのトルク伝達経路の一つを選択するダブルクラッチ［２０１２．０１］
uploaded,新設,,B60W 10/115,,・・・遊星歯車によるもの［２０１２．０１］
uploaded,新設,,B60W 10/119,,・全輪駆動（ＡＷＤ）の制御を含むもの，例．前後で駆動力を分配するためのギア又はクラッチを有するもの（Ｂ６０Ｗ１０／１４が優先）［２０１２．０１］
uploaded,新設,,B60W 10/14,,・・前後の駆動力分配をする差動装置（いわゆるセンターデフ）の制御を含むもの［２０１２．０１］
uploaded,新設,,B60W 10/16,,・・左右の駆動力分配をする差動装置の制御を含むもの［２０１２．０１］
uploaded,新設,,B60W 10/184,,・・車輪に作用させるブレーキ、ホイールブレーキの制御を含むもの［２０１２．０１］
uploaded,新設,,B60W 10/188,,・・・液圧式ブレーキ［２０１２．０１］
uploaded,新設,,B60W 10/192,,・・・電気式ブレーキ［２０１２．０１］
uploaded,新設,,B60W 10/196,,・・ドライブライン内で作動するもの，例．リターダ［２０１２．０１］
uploaded,新設,,B60W 10/198,,・・排気ブレーキの制御を含むもの［２０１２．０１］
uploaded,新設,,B60W 30/02 300,,・・加速時の車輪のスピンを防ぐための制御，例．トラクションコントロール
uploaded,新設,,B60W 30/02 310,,・・・異なる摩擦係数を有する表面の走行時の制御，例．左右輪間のμスプリット
uploaded,新設,,B60W 30/045,,・・旋回性の向上［２０１２．０１］
uploaded,新設,,B60W 30/085,,・・衝突に備えた姿勢制御を自動的に行うもの，例．ノーズドロップのための制動［２０１２．０１］
uploaded,新設,,B60W 30/09,,・・衝突回避行動を自動的に行うもの，例．制動と操向［２０１２．０１］
uploaded,新設,,B60W 30/095,,・・走行軌跡または衝突可能性の予測を伴うもの［２０１２．０１］
uploaded,新設,,B60W 30/165,,・・・先行車の走行軌跡に自動追従するもの，例．操舵制御によるもの、いわゆる「電子的牽引」［２０１２．０１］
uploaded,新設,,B60W 30/17,,・・・先行車の停車に対応するもの，例．ストップ＆ゴー制御［２０１２．０１］
uploaded,新設,,B60W 30/182,,・・運転モードを選択するもの，例．快適モード、パフォーマンスモード、パワーモード、エコモード［２０１２．０１］
uploaded,新設,,B60W 30/184,,・・ドライブライン上の過負荷、摩耗を抑制するもの［２０１２．０１］
uploaded,新設,,B60W 30/186,,・・・摩擦要素の摩耗を抑制するもの，例．クラッチ［２０１２．０１］
uploaded,新設,,B60W 30/188,,・・ドライブライン上の駆動力パラメータの制御，例．要求駆動力の決定［２０１２．０１］
uploaded,新設,,B60W 30/19,,・・変速性の向上，例．同期、なめらかな変速［２０１２．０１］
uploaded,新設,,B60W 30/192,,・・ドライブライン上の駆動力に影響を及ぼす問題（外部環境による影響）の緩和，例．冷却したエンジンの始動［２０１２．０１］
uploaded,新設,,B60W 30/194,,・・・低温状態に関係するもの，例．オイルの粘性が高くなる状態［２０１２．０１］
uploaded,新設,,B60W 40/064,,・・・グリップの余裕度，摩擦係数の利用率［２０１２．０１］
uploaded,新設,,B60W 40/068,,・・・道路の摩擦係数（道路とタイヤ間の接触状態）［２０１２．０１］
uploaded,新設,,B60W 40/072,,・・・道路の曲率［２０１２．０１］
uploaded,新設,,B60W 40/076,,・・・道路の勾配［２０１２．０１］
uploaded,新設,,B60W 40/09,,・・運転スタイルまたは運転傾向［２０１２．０１］
uploaded,新設,,B60W 40/101,,・・車輪の横滑り角［２０１２．０１］
uploaded,新設,,B60W 40/103,,・・車体の横滑り角［２０１２．０１］
uploaded,新設,,B60W 40/105,,・・車速［２０１２．０１］
uploaded,新設,,B60W 40/107,,・・前後方向加速度［２０１２．０１］
uploaded,新設,,B60W 40/109,,・・横加速度［２０１２．０１］
uploaded,新設,,B60W 40/11,,・・車体のピッチ方向の運動に関するもの［２０１２．０１］
uploaded,新設,,B60W 40/112,,・・車体のロール方向の運動に関するもの［２０１２．０１］
uploaded,新設,,B60W 40/114,,・・車体のヨー方向の運動に関するもの［２０１２．０１］
uploaded,新設,,B60W 40/13,,・・荷重または車重［２０１２．０１］
uploaded,新設,,B60W 50/023,,・・冗長なパーツを用いることによる機能不全の回避［２０１２．０１］
uploaded,新設,,B60W 50/023 300,,・・・追加的なコントロールレバーや入力装置を用いるもの
uploaded,新設,,B60W 50/029,,・・他の構成パーツが故障に対応した動作をするもの，例．故障したパーツを用いずに動作させるもの［２０１２．０１］
uploaded,新設,,B60W 50/032,,・・故障した部品を修理することにより機能を修復するもの，例．弁の固着を解消させるもの［２０１２．０１］
uploaded,新設,,B60W 50/035,,・・予め設定した緊急用のセッティングに制御システムをセットするもの，例．特定のアクチュエータを優先させるもの［２０１２．０１］
uploaded,新設,,B60W 50/038,,・・入力する駆動力，トルクまたは速度を制限するもの［２０１２．０１］
uploaded,新設,,B60W 50/01,,・・運転者の要求や要望を入力する手段［２０１２．０１］
uploaded,新設,,B60W 50/12,,・・運転者の誤操作による誤った運転を防止するもの，例．安全でない操作を予防するために入力を制御する連動手段［２０１２．０１］
uploaded,新設,,B60W 50/14,,・・運転者に情報、警告を伝えたり、運転者の介入を促したりする手段［２０１２．０１］
uploaded,新設,,B60W 50/16,,・・・運転者への触覚的なフィードバック，例．ハンドルやアクセルペダルに振動や反力を付与するもの［２０１２．０１］
uploaded,新設,,B65B 9/067,,・・ウエブが連続的に送られるもの（Ｂ６５Ｂ９／０８が優先）［２０１２．０１］
uploaded,新設,,B65B 9/073,,・・ウエブが間欠的な動きをするもの（Ｂ６５Ｂ９／０８が優先）［２０１２．０１］
uploaded,新設,,B65B 9/087,,・・・ウエブが連続的に送られるもの［２０１２．０１］
uploaded,新設,,B65B 9/093,,・・・ウエブが間欠的な動きをするもの［２０１２．０１］
uploaded,新設,,B65B 9/207,,・・・ウエブが連続的に送られるもの（Ｂ６５Ｂ９／２２が優先）［２０１２．０１］
uploaded,新設,,B65B 9/213,,・・・ウエブが間欠的な動きをするもの（Ｂ６５Ｂ９／２２が優先）［２０１２．０１］
uploaded,新設,,F16H 48/05,,・相互に連結された複数の差動装置を有するもの［２０１２．０１］
uploaded,新設,,F16H 48/11,,・・・互いに噛み合う遊星ピニオンを有するもの［２０１２．０１］
uploaded,新設,,F16H 48/19,,・・関連した２つのクラッチからなるもの［２０１２．０１］
uploaded,新設,,F16H 48/27,,・・内部作動式の流体圧力を用いるもの，例．内部ポンプ型［２０１２．０１］
uploaded,新設,,F16H 48/285,,・・・軸が互いに平行に配置されたヘリカルギヤまたはウォームを有する，自己制動式で互いに噛み合う歯車をもつもの［２０１２．０１］
uploaded,新設,,F16H 48/29,,・・・軸が互いに直交配置されたヘリカルギヤまたはウォームを有する，自己制動式で互いに噛み合う歯車をもつもの［２０１２．０１］
uploaded,新設,,F16H 48/295,,・・力増幅のために複数の手段を用いるもの［２０１２．０１］
uploaded,新設,,F16H 48/32,,・・・流体圧アクチュエータを用いるもの［２０１２．０１］
uploaded,新設,,F16H 48/34,,・・・電磁気的または電気的アクチュエータを用いるもの［２０１２．０１］
uploaded,新設,,F16H 48/36,,・意図的に出力間に回転数差を発生させることを特徴とするもの［２０１２．０１］
uploaded,新設,,F16H 48/38,,・構造の細部（差動装置と入出力シャフトからなる外部ケーシングＦ１６Ｈ５７／０３７）［２０１２．０１］
uploaded,新設,,F16H 48/04,,・・回転するデフケースに特徴を有するもの［２０１２．０１］
uploaded,新設,,F16H 48/42,,・・入力軸に特徴を有するもの，例．ドライブピニオンの取付け［２０１２．０１］
uploaded,新設,,F16H 57/01,,・伝動装置の要素の摩耗や応力の監視，例．メンテナンスのきっかけのため［２０１２．０１］
uploaded,新設,,F16H 57/021,,・・軸の支持構造，例．仕切り壁，軸受の留め孔，軸受付きの壁やカバー［２０１２．０１］
uploaded,新設,,F16H 57/022,,・・・動力伝達装置の軸や軸受の調整（遊星歯車をもたない歯車装置の軸の不整列を補償するための特別な手段Ｆ１６Ｈ１／２６；遊星歯車装置の軸の不整列を補償するための特別な手段Ｆ１６Ｈ１／４８）［２０１２．０１］
uploaded,新設,,F16H 57/023,,・・伝動装置箱中への歯車または軸の取付けや据え付け，例．組立のための方法または手段［２０１２．０１］
uploaded,新設,,F16H 57/025,,・・伝動装置箱の支持，例．トルクアーム，または他の装置への取付けのための道具（車両の動力伝達装置の取付けＢ６０Ｋ１７／００）［２０１２．０１］
uploaded,新設,,F16H 57/027,,・・伝動装置箱の通気のための手段，例．エアブリーザ，を特徴とするもの［２０１２．０１］
uploaded,新設,,F16H 57/028,,・・振動や騒音の低減の手段を特徴とするもの［２０１２．０１］
uploaded,新設,,F16H 57/029,,・・伝動装置箱の密封手段，例．気密性の改善，を特徴とするもの［２０１２．０１］
uploaded,新設,,F16H 57/03,,・・伝動装置箱の補強手段，例．リブ，を特徴とするもの［２０１２．０１］
uploaded,新設,,F16H 57/031,,・・伝動装置箱のカバーや蓋を特徴とするもの［２０１２．０１］
uploaded,新設,,F16H 57/032,,・・使用される材料を特徴とするもの［２０１２．０１］
uploaded,新設,,F16H 57/033,,・・シリーズ化された伝動装置箱，例．同じ設計思想でサイズ違いがあるもの，あるいは標準化されたユニットの組合せを用いた伝動装置箱［２０１２．０１］
uploaded,新設,,F16H 57/035,,・・無端可撓部材を用いた動力伝達装置のための伝動装置箱［２０１２．０１］
uploaded,新設,,F16H 57/037,,・・差動伝動装置を収納するための伝動装置箱（差動伝動装置の回転ケースＦ１６Ｈ４８／００）［２０１２．０１］
uploaded,新設,,F16H 57/038,,・・傘歯車伝動装置を収納するための伝動装置箱（Ｆ１６Ｈ５７／０３７が優先）［２０１２．０１］
uploaded,新設,,F16H 57/039,,・・ウォーム伝動装置を収納するための伝動装置箱［２０１２．０１］
uploaded,新設,,F41B 11/05,,・圧縮ガス銃の弾倉；弾倉から飛しょう体を補給または装填するためのもの［２０１３．０１］
uploaded,新設,,F41B 11/51,,・・銃筐体と一体の内部部品となる弾倉［２０１３．０１］
uploaded,新設,,F41B 11/52,,・・銃筐体の上方の弾倉，例．ホッパー，に緩く保持された飛しょう体［２０１３．０１］
uploaded,新設,,F41B 11/53,,・・・電動の給弾補助手段を備える弾倉［２０１３．０１］
uploaded,新設,,F41B 11/54,,・・回転するドラム式の弾倉に収容される飛しょう体［２０１３．０１］
uploaded,新設,,F41B 11/55,,・・取り外し可能な箱形弾倉，ラックまたはチューブ状弾倉に積み重ねられた状態で収容された飛しょう体［２０１３．０１］
uploaded,新設,,F41B 11/56,,・・・ガスカートリッジも収容した弾倉［２０１３．０１］
uploaded,新設,,F41B 11/57,,・・給弾または装填のための電子または電気システム（Ｆ４１Ｂ１１／５３が優先）［２０１３．０１］
uploaded,新設,,F41B 11/06,,・圧縮ガスの供給に特徴のあるもの［２０１３．０１］
uploaded,新設,,F41B 11/62,,・・ガスカートリッジで加圧されるもの［２０１３．０１］
uploaded,新設,,F41B 11/64,,・・発射ごとに空気の圧縮工程を行うピストンを有するもの［２０１３．０１］
uploaded,新設,,F41B 11/641,,・・・手動によるピストン［２０１３．０１］
uploaded,新設,,F41B 11/642,,・・・ばねで作動するピストン［２０１３．０１］
uploaded,新設,,F41B 11/643,,・・・・バレルと同心に配置されたピストン［２０１３．０１］
uploaded,新設,,F41B 11/644,,・・・・ピストンと反対方向に動く滑動可能な追加の重量体を有するもの，例．反動減少のためのもの［２０１３．０１］
uploaded,新設,,F41B 11/645,,・・・・・滑動可能な重量体が圧縮ピストンであるもの［２０１３．０１］
uploaded,新設,,F41B 11/646,,・・・・ばね付勢装置［２０１３．０１］
uploaded,新設,,F41B 11/647,,・・・・・揺動レバーによるもの［２０１３．０１］
uploaded,新設,,F41B 11/648,,・・・・・・空気銃の折り曲げ状態［２０１３．０１］
uploaded,新設,,F41B 11/66,,・・発射の際に圧縮される変形可能なベローズあるいは加圧室を有するもの，例．銃本体の変形による［２０１３．０１］
uploaded,新設,,F41B 11/68,,・・発射の前に圧縮されるガス（Ｆ４１Ｂ１１／６２が優先）［２０１３．０１］
uploaded,新設,,F41B 11/681,,・・・そのためのポンプまたは圧縮装置［２０１３．０１］
uploaded,新設,,F41B 11/682,,・・・・蓄圧タンク［２０１３．０１］
uploaded,新設,,F41B 11/683,,・・・・揺動レバー方式で操作されるもの［２０１３．０１］
uploaded,新設,,F41B 11/684,,・・・・・空気銃の折り曲げ状態におけるもの［２０１３．０１］
uploaded,新設,,F41B 11/07,,・Ｆ４１Ｂ１１／５０またはＦ４１Ｂ１１／６０に分類されない細部［２０１３．０１］
uploaded,新設,,F41B 11/71,,・・電気または電子制御システム，例．安全目的のためのもの［２０１３．０１］
uploaded,新設,,F41B 11/72,,・・バルブ；バルブの配置［２０１３．０１］
uploaded,新設,,F41B 11/721,,・・・飛しょう体の発射および装填または給弾の両方の目的でガス圧を調整するためのもの［２０１３．０１］
uploaded,新設,,F41B 11/722,,・・・装填または給弾のためだけにガス圧を規制するためのもの［２０１３．０１］
uploaded,新設,,F41B 11/723,,・・・飛しょう体の発射のためだけにガス圧を規制するためのもの［２０１３．０１］
uploaded,新設,,F41B 11/724,,・・・ガス圧低減のためのもの［２０１３．０１］
uploaded,新設,,F41B 11/73,,・・密封装置；ピストン［２０１３．０１］
uploaded,新設,,F41B 11/08,,・特定の目的に特別に適合されるもの［２０１３．０１］
uploaded,新設,,F41B 11/81,,・・粉末，例．こしょう，の噴出用［２０１３．０１］
uploaded,新設,,F41B 11/83,,・・銛の発射用［２０１３．０１］
uploaded,新設,,F41B 11/85,,・・皮下（注射）用飛しょう体の発射用［２０１３．０１］
uploaded,新設,,F41B 11/87,,・・産業目的用，例．表面処理用［２０１３．０１］
uploaded,新設,,F41B 11/89,,・・玩具用［２０１３．０１］
uploaded,新設,,G01N 21/17 N,,近接場光，エバネッセント波を用いるもの（２１／４１，１０１、２１／５５，１０１が優先）
uploaded,新設,,G01N 21/35 101,,・・・・・気体分析のためのもの，例．多成分ガス分析
uploaded,新設,,G01N 21/35 102,,・・・・・・ガスフィルタ相関法を用いる装置；ガス圧力変調法を用いる装置
uploaded,新設,,G01N 21/35 103,,・・・・・固体分析のためのもの；そのための試料調整
uploaded,新設,,G01N 21/35 104,,・・・・・液体，例．汚染水，を分析するためのもの
uploaded,新設,,G01N 21/35 105,,・・・・・遠赤外光を用いるもの；テラヘルツ波を用いるもの
uploaded,新設,,G01N 21/35 106,,・・・・・・テラヘルツ時間領域分光法［ＴＨｚ－ＴＤＳ］によるもの
uploaded,新設,,G01N 21/35 107,,・・・・・近赤外光を用いるもの
uploaded,新設,,G01N 21/41 101,,・・・表面プラズモン共鳴［ＳＰＲ］を用いるもの
uploaded,新設,,G01N 21/41 102,,・・・・局在表面プラズモン共鳴［ＬＳＰＲ］を用いるもの
uploaded,新設,,G01N 21/55 101,,・・・減衰全反射［ＡＴＲ］
uploaded,新設,,G04R 20/00,,電波信号で送られる，または電波信号に含まれる時間情報にしたがった時間の設定［２０１３．０１］
uploaded,新設,,G04R 20/02,,・衛星から送られる電波信号，例．ＧＰＳ［２０１３．０１］
uploaded,新設,,G04R 20/04,,・・同調または受信；そのための回路［２０１３．０１］
uploaded,新設,,G04R 20/06,,・・時間データのデコード；そのための回路［２０１３．０１］
uploaded,新設,,G04R 20/08,,・長波のコールサインからの送信である電波信号，例．ＤＣＦ７７，ＪＪＹ４０，ＪＪＹ６０，ＭＳＦ６０またはＷＷＶＢ［２０１３．０１］
uploaded,新設,,G04R 20/01,,・・同調または受信；そのための回路［２０１３．０１］
uploaded,新設,,G04R 20/12,,・・時間データのデコード；そのための回路［２０１３．０１］
uploaded,新設,,G04R 20/14,,・テレコミュニケーションの標準信号である電波信号，例．ＧＳＭ，ＵＭＴＳまたは３Ｇ［２０１３．０１］
uploaded,新設,,G04R 20/16,,・・同調または受信；そのための回路［２０１３．０１］
uploaded,新設,,G04R 20/18,,・・時間データのデコード；そのための回路［２０１３．０１］
uploaded,新設,,G04R 20/02,,・ＡＭ／ＦＭ標準信号である電波信号，例．ＲＤＳ［２０１３．０１］
uploaded,新設,,G04R 20/22,,・・同調または受信；そのための回路［２０１３．０１］
uploaded,新設,,G04R 20/24,,・・時間データのデコード；そのための回路［２０１３．０１］
uploaded,新設,,G04R 20/26,,・近距離通信信号である電波信号［２０１３．０１］
uploaded,新設,,G04R 20/28,,・・同調または受信；そのための回路［２０１３．０１］
uploaded,新設,,G04R 20/03,,・・時間データのデコード；そのための回路［２０１３．０１］
uploaded,新設,,G04R 40/00,,クロック周波数の修正［２０１３．０１］
uploaded,新設,,G04R 40/02,,・位相同期によるもの［２０１３．０１］
uploaded,新設,,G04R 40/04,,・電波信号の周波数の検知によるもの［２０１３．０１］
uploaded,新設,,G04R 40/06,,・電波信号に含まれる時間値を計算することによるもの［２０１３．０１］
uploaded,新設,,G04R 60/00,,構造上の細部［２０１３．０１］
uploaded,新設,,G04R 60/02,,・時計の構成部品としても働くアンテナ，例．モーターコイル［２０１３．０１］
uploaded,新設,,G04R 60/04,,・時計のブレスレットに取り付けられた，または一体化されたアンテナ［２０１３．０１］
uploaded,新設,,G04R 60/06,,・時計の本体に取り付けられた，または一体化されたアンテナ［２０１３．０１］
uploaded,新設,,G04R 60/08,,・・ベゼル内のもの［２０１３．０１］
uploaded,新設,,G04R 60/01,,・・ケース内のもの［２０１３．０１］
uploaded,新設,,G04R 60/12,,・・・金属ケース内のもの［２０１３．０１］
uploaded,新設,,G04R 60/14,,・電気機械的な時計に特有のもの，例．そのための動く部品［２０１３．０１］
uploaded,新設,,G09G 3/2807,,・・・・放電が特別に適合された高周波信号によって生起されるもの［２０１３．０１］
uploaded,新設,,G09G 3/2813,,・・・・交流［ＡＣ］－直流［ＤＣ］ハイブリッド型パネルを用いるもの［２０１３．０１］
uploaded,新設,,G09G 3/282,,・・・・ＤＣ型パネルを用いるもの［７］
uploaded,新設,,G09G 3/285,,・・・・・セルフ・スキャンを用いるもの［７］
uploaded,新設,,G09G 3/288,,・・・・ＡＣ型パネルを用いるもの［７，２０１３．０１］
uploaded,新設,,G09G 3/291,,・・・・・放電セルの状態を制御するためにガス放電を制御するもの，例．特定のパルスの形状を用いるもの［２０１３．０１］
uploaded,新設,,G09G 3/292,,・・・・・・アドレス工程以外の工程におけるリセット放電，予備放電または消去放電のためのもの［２０１３．０１］
uploaded,新設,,G09G 3/293,,・・・・・・アドレス放電のためのもの［２０１３．０１］
uploaded,新設,,G09G 3/294,,・・・・・・発光または維持放電のためのもの［２０１３．０１］
uploaded,新設,,G09G 3/296,,・・・・・駆動電極に印加される波形を生成するための駆動回路［２０１３．０１］
uploaded,新設,,G09G 3/297,,・・・・・対向放電型パネルを用いるもの［２０１３．０１］
uploaded,新設,,G09G 3/298,,・・・・・面放電型パネルを用いるもの［２０１３．０１］
uploaded,新設,,G09G 3/299,,・・・・・・ＡＬＩＳ（Ａｌｔｅｒｎａｔｅ　Ｌｉｇｈｔｉｎｇ　ｏｆ　Ｓｕｒｆａｃｅ）型パネルを用いるもの［２０１３．０１］
uploaded,新設,,H01L 41/047,,・・・電極［６］
uploaded,新設,,H01L 41/053,,・・・取付具，支持具，囲いまたはケーシング［６］
uploaded,新設,,H01L 41/083,,・・積み重ねまたは多層構造をもつもの［６］
uploaded,新設,,H01L 41/087,,・・同軸ケーブルとして形成されるもの［６］
uploaded,新設,,H01L 41/09,,・・電気的入力および機械的出力をもつもの［５］
uploaded,新設,,H01L 41/107,,・・電気的入力および電気的出力をもつもの［５］
uploaded,新設,,H01L 41/113,,・・機械的入力および電気的出力をもつもの［５］
uploaded,新設,,H01L 41/187,,・・・セラミック組成物［５］
uploaded,新設,,H01L 41/193,,・・・高分子組成物［５］
uploaded,新設,,H01L 41/23,,・・被覆またはケースの形成［２０１３．０１］
uploaded,新設,,H01L 41/25,,・・圧電部品または電歪部品を含む装置の組み立て［２０１３．０１］
uploaded,新設,,H01L 41/253,,・・圧電特性または電歪特性を修正する装置またはその部品の取扱い，例．分極の特徴，振動の特徴またはモード同調［２０１３．０１］
uploaded,新設,,H01L 41/257,,・・・分極方法による［２０１３．０１］
uploaded,新設,,H01L 41/27,,・・多層圧電装置または電歪装置およびそれら部品の製造，例．圧電体と電極の積層による［２０１３．０１］
uploaded,新設,,H01L 41/273,,・・・圧電体または電歪体と電極を同時焼結による［２０１３．０１］
uploaded,新設,,H01L 41/277,,・・・バルク圧電体または電歪体と電極の積層による［２０１３．０１］
uploaded,新設,,H01L 41/29,,・・電極，リードまたは端子配置の形成［２０１３．０１］
uploaded,新設,,H01L 41/293,,・・・積層型圧電装置または積層型電歪装置の接続電極［２０１３．０１］
uploaded,新設,,H01L 41/297,,・・・積層型圧電装置または積層型電歪装置の内部電極［２０１３．０１］
uploaded,新設,,H01L 41/31,,・・圧電部品または電歪部品，あるいはそれらの本体を，電気素子または他の基板の上に貼付け［２０１３．０１］
uploaded,新設,,H01L 41/311,,・・・圧電部品または電歪部品を半導体素子または他の回路素子と共に共通基板の上に取付け［２０１３．０１］
uploaded,新設,,H01L 41/312,,・・・圧電体または電歪体の積層または接着による［２０１３．０１］
uploaded,新設,,H01L 41/313,,・・・・金属溶融または接着による［２０１３．０１］
uploaded,新設,,H01L 41/314,,・・・圧電層または電磁層の堆積による，例．エアロゾルまたはスクリーン印刷［２０１３．０１］
uploaded,新設,,H01L 41/316,,・・・・気相堆積による［２０１３．０１］
uploaded,新設,,H01L 41/317,,・・・・液相堆積による［２０１３．０１］
uploaded,新設,,H01L 41/318,,・・・・・ソルゲル堆積による［２０１３．０１］
uploaded,新設,,H01L 41/319,,・・・・下地膜を用いる方法，例．成長制御［２０１３．０１］
uploaded,新設,,H01L 41/33,,・・圧電体または電歪体の成形または機械加工［２０１３．０１］
uploaded,新設,,H01L 41/331,,・・・マスクを用いた塗布または堆積による，例．リフトオフ［２０１３．０１］
uploaded,新設,,H01L 41/332,,・・・エッチングによる，例．リソグラフィ［２０１３．０１］
uploaded,新設,,H01L 41/333,,・・・型成形または押出成形による［２０１３．０１］
uploaded,新設,,H01L 41/335,,・・・機械加工による［２０１３．０１］
uploaded,新設,,H01L 41/337,,・・・・研磨または研削による［２０１３．０１］
uploaded,新設,,H01L 41/338,,・・・・切断またはダイシングによる［２０１３．０１］
uploaded,新設,,H01L 41/339,,・・・・パンチングによる［２０１３．０１］
uploaded,新設,,H01L 41/35,,・・圧電材料または電歪材料の形成［２０１３．０１］
uploaded,新設,,H01L 41/37,,・・・複合材料［２０１３．０１］
uploaded,新設,,H01L 41/39,,・・・無機材料［２０１３．０１］
uploaded,新設,,H01L 41/41,,・・・・溶融による［２０１３．０１］
uploaded,新設,,H01L 41/43,,・・・・焼成による［２０１３．０１］
uploaded,新設,,H01L 41/45,,・・・有機材料［２０１３．０１］
uploaded,新設,,H01L 41/47,,・磁歪装置またはその部品の組み立て，製造または処理に特別に適合した方法または装置［２０１３．０１］
uploaded,新設,,H04L 12/07,,・パケット交換方式［２０１３．０１］
uploaded,新設,,H04L 12/07 100,,・・監視・試験
uploaded,新設,,H04L 12/07 100 A,,中間ノードの監視・試験
uploaded,新設,,H04L 12/07 100 Z,,その他
uploaded,新設,,H04L 12/07 A,,呼制御
uploaded,新設,,H04L 12/07 B,,アドレス管理
uploaded,新設,,H04L 12/07 C,,課金
uploaded,新設,,H04L 12/07 D,,仮想ネットワーク
uploaded,新設,,H04L 12/07 E,,リアルタイムデータの伝送
uploaded,新設,,H04L 12/07 F,,同報
uploaded,新設,,H04L 12/07 Z,,その他
uploaded,新設,,H04L 12/701,,・・ルーチングまたはパス探索［２０１３．０１］
uploaded,新設,,H04L 12/703,,・・・ルート障害の防止または回復，例．リルーチング，ルート冗長，ＶＲＲＰまたはＨＳＲＰ［２０１３．０１］
uploaded,新設,,H04L 12/705,,・・・・ループまたはライブロックの防止，例．ＴＴＬまたはスパニングツリー［２０１３．０１］
uploaded,新設,,H04L 12/707,,・・・・パスの冗長構成を用いるもの［２０１３．０１］
uploaded,新設,,H04L 12/709,,・・・・・Ｍ＋Ｎ並列アクティブパスを用いるもの［２０１３．０１］
uploaded,新設,,H04L 12/711,,・・・・・Ｍ：Ｎアクティブまたはスタンバイパスを用いるもの［２０１３．０１］
uploaded,新設,,H04L 12/713,,・・・・ノードの冗長構成を用いるもの，例．ＶＲＲＰ［２０１３．０１］
uploaded,新設,,H04L 12/715,,・・・階層型ルーチング，例．クラスタ構造のネットワークまたはドメイン間のルーチング［２０１３．０１］
uploaded,新設,,H04L 12/717,,・・・集中型ルーチング［２０１３．０１］
uploaded,新設,,H04L 12/721,,・・・ルーチング手法，例．最短パスルーチング，ソースルーチング，リンクステートルーチングまたは距離ベクトルルーチング［２０１３．０１］
uploaded,新設,,H04L 12/721 A,,ソースルーチング
uploaded,新設,,H04L 12/721 Z,,その他
uploaded,新設,,H04L 12/723,,・・・・ラベルまたはタグに基づくルーチング，例．ＭＰＬＳまたはＧＭＰＬＳ［２０１３．０１］
uploaded,新設,,H04L 12/725,,・・・・適切なＱｏＳをもつパスを選択するもの［２０１３．０１］
uploaded,新設,,H04L 12/727,,・・・・・最小遅延をもつパスを選択するもの［２０１３．０１］
uploaded,新設,,H04L 12/729,,・・・・・適切な帯域幅またはスループットをもつパスを選択するもの［２０１３．０１］
uploaded,新設,,H04L 12/733,,・・・・最短距離または最小ホップ数をもつパスを選択するもの［２０１３．０１］
uploaded,新設,,H04L 12/735,,・・・・ディスジョイントルーチング，例．パスディスジョイントまたはノードディスジョイント［２０１３．０１］
uploaded,新設,,H04L 12/741,,・・・ルーチングのためのヘッダ・アドレス処理，例．テーブルルックアップ［２０１３．０１］
uploaded,新設,,H04L 12/743,,・・・・ハッシュ技術を用いるもの［２０１３．０１］
uploaded,新設,,H04L 12/745,,・・・・最長一致プレフィックスを用いるもの［２０１３．０１］
uploaded,新設,,H04L 12/747,,・・・・アドレスキャッシング［２０１３．０１］
uploaded,新設,,H04L 12/749,,・・・・ドメイン間またはネットワーク間におけるアドレス処理，例．ＩＰｖ６ネットワークとＩＰｖ４ネットワークの間のルーチングのために異なるアドレスをマッピングするもの［２０１３．０１］
uploaded,新設,,H04L 12/751,,・・・トポロジの更新または発見［２０１３．０１］
uploaded,新設,,H04L 12/753,,・・・・ルーチングツリーの発見，例．メッシュトポロジからツリートポロジへの変換［２０１３．０１］
uploaded,新設,,H04L 12/755,,・・・・トポロジ更新の整合性に関するもの，例．ＬＳＡ，更新におけるタイムスタンプまたは更新におけるシーケンス番号［２０１３．０１］
uploaded,新設,,H04L 12/757,,・・・・ルーチングの更新を同期させるもの，例．ルーチングテーブルの更新を遅らせるまたは保留するもの［２０１３．０１］
uploaded,新設,,H04L 12/759,,・・・・更新間隔の動的な適合，例．イベント駆動型の更新［２０１３．０１］
uploaded,新設,,H04L 12/761,,・・・ブロードキャストルーチングまたはマルチキャストルーチング［２０１３．０１］
uploaded,新設,,H04L 12/763,,・・・ショートカットルーチング，例．ＮＨＲＰ［２０１３．０１］
uploaded,新設,,H04L 12/771,,・・・ルータアーキテクチャ［２０１３．０１］
uploaded,新設,,H04L 12/773,,・・・・レイヤー３スイッチングをサポートするためのもの，例．ＩＰスイッチング，セル交換リレーまたはタグスイッチング［２０１３．０１］
uploaded,新設,,H04L 12/775,,・・・・複数のルーチングエンティティ，例．複数のソフトウェアインスタンスまたは複数のハードウェアインスタンス［２０１３．０１］
uploaded,新設,,H04L 12/781,,・・・マルチプロトコルルーチング，例．ＩＰｖ４とＩＰｖ６の間のプロトコル適合のためのものまたはデュアル・スタック［２０１３．０１］
uploaded,新設,,H04L 12/801,,・・フロー制御または輻輳制御［２０１３．０１］
uploaded,新設,,H04L 12/803,,・・・ロードバランシング，例．複数のリンクにトラフィックを分配するもの［２０１３．０１］
uploaded,新設,,H04L 12/805,,・・・最適パケットサイズの決定，例．ＭＴＵ［２０１３．０１］
uploaded,新設,,H04L 12/807,,・・・輻輳ウィンドウの計算または更新［２０１３．０１］
uploaded,新設,,H04L 12/811,,・・・アクティブフローにおけるビットレートの適合［２０１３．０１］
uploaded,新設,,H04L 12/813,,・・・・ポリシーに基づく制御，例．ポリシング［２０１３．０１］
uploaded,新設,,H04L 12/815,,・・・・シェーピング［２０１３．０１］
uploaded,新設,,H04L 12/819,,・・・・リーキーバケット［２０１３．０１］
uploaded,新設,,H04L 12/823,,・・・・パケットドロッピング［２０１３．０１］
uploaded,新設,,H04L 12/825,,・・・・輻輳フィードバックによるソースノードまたは中間ノードにおける適合制御，例．Ｘ－ｏｎ　Ｘ－ｏｆｆ［２０１３．０１］
uploaded,新設,,H04L 12/827,,・・・・・中間ネットワークノードによって送られるもの［２０１３．０１］
uploaded,新設,,H04L 12/829,,・・・・・宛先エンドポイントによって送られるもの［２０１３．０１］
uploaded,新設,,H04L 12/833,,・・・・輻輳時または輻輳の防止のために，パケットにマーキングするもの，またはパケットの優先度を変更するもの［２０１３．０１］
uploaded,新設,,H04L 12/835,,・・・・エンドポイントまたはトランジットノードにおけるバッファ容量の情報を用いるもの［２０１３．０１］
uploaded,新設,,H04L 12/841,,・・・時間を考慮したフロー制御，例．ＲＴＴを考慮するもの［２０１３．０１］
uploaded,新設,,H04L 12/851,,・・・トラフィックタイプに基づく制御，例．ＱｏＳまたは優先度［２０１３．０１］
uploaded,新設,,H04L 12/853,,・・・・リアルタイムトラフィックのためのもの［２０１３．０１］
uploaded,新設,,H04L 12/855,,・・・・シグナリングトラフィックのためのもの，例．ＯＡＭパケットまたはＡＣＫパケット［２０１３．０１］
uploaded,新設,,H04L 12/857,,・・・・レイヤ間または異なるネットワーク間のＱｏＳマッピング［２０１３．０１］
uploaded,新設,,H04L 12/859,,・・・・アプリケーションの性質に基づくフロー制御，例．ウェブトラフィックまたは電子メールトラフィック［２０１３．０１］
uploaded,新設,,H04L 12/861,,・・・パケットバッファリングまたはキューイングのための配置；キュースケジューリング［２０１３．０１］
uploaded,新設,,H04L 12/863,,・・・・キュースケジューリング，例．ラウンドロビン［２０１３．０１］
uploaded,新設,,H04L 12/865,,・・・・・優先度に基づくスケジューリング［２０１３．０１］
uploaded,新設,,H04L 12/867,,・・・・・フェアシェアスケジューリング［２０１３．０１］
uploaded,新設,,H04L 12/869,,・・・・・マルチレベルスケジューリング；階層的スケジューリング［２０１３．０１］
uploaded,新設,,H04L 12/873,,・・・・・帯域幅を考慮したスケジューリング［２０１３．０１］
uploaded,新設,,H04L 12/875,,・・・・・遅延を考慮したスケジューリング［２０１３．０１］
uploaded,新設,,H04L 12/877,,・・・・・残余帯域の配分，例．ベストエフォート型トラフィックへの未使用帯域の配分［２０１３．０１］
uploaded,新設,,H04L 12/879,,・・・・シングルバッファ操作，例．バッファポインタまたはバッファディスクリプタ［２０１３．０１］
uploaded,新設,,H04L 12/883,,・・・・バッファの連結リストを用いたパケットの格納［２０１３．０１］
uploaded,新設,,H04L 12/885,,・・・・ジッタ補償バッファリング［２０１３．０１］
uploaded,新設,,H04L 12/891,,・・・集約リンクまたは集約フローのフロー制御［２０１３．０１］
uploaded,新設,,H04L 12/893,,・・・コネクションの分割，例．ＩＰスプリッティング［２０１３．０１］
uploaded,新設,,H04L 12/901,,・・送信元エンドポイントによるイングレスポイントの選択，例．ＩＳＰまたはＰＯＰの選択［２０１３．０１］
uploaded,新設,,H04L 12/903,,・・・複数の異なるネットワークからの選択［２０１３．０１］
uploaded,新設,,H04L 12/905,,・・・・動的なネットワーク選択または再選択，例．品質劣化後［２０１３．０１］
uploaded,新設,,H04L 12/911,,・・ネットワーク受付制御およびリソースの割り当て，例．帯域幅の割り当てまたは通信中の再ネゴシエーション［２０１３．０１］
uploaded,新設,,H04L 12/913,,・・・中間ノードの関与する予約，例．ＲＳＶＰ［２０１３．０１］
uploaded,新設,,H04L 12/915,,・・・複数のネットワークドメインに関わる予約，例．ドメイン間の合意またはリソースのマッピング［２０１３．０１］
uploaded,新設,,H04L 12/917,,・・・リソースの動的な割り当て，例．通信中の再ネゴシエーションであって，ユーザから要求されるもの，またはネットワークから要求されたネットワークの状態変化によるもの［２０１３．０１］
uploaded,新設,,H04L 12/919,,・・・・送信元エンドポイントにより開始されるもの［２０１３．０１］
uploaded,新設,,H04L 12/923,,・・・・ネットワークにより開始されるもの［２０１３．０１］
uploaded,新設,,H04L 12/925,,・・・宛先エンドポイントにおけるリソースの予約［２０１３．０１］
uploaded,新設,,H04L 12/927,,・・・トラフィックのタイプ，ＱｏＳまたは優先度に基づくリソースの割り当て［２０１３．０１］
uploaded,新設,,H04L 12/931,,・・スイッチファブリックアーキテクチャ［２０１３．０１］
uploaded,新設,,H04L 12/933,,・・・スイッチコア，例．クロスバー，共有メモリ型または共有媒体型［２０１３．０１］
uploaded,新設,,H04L 12/935,,・・・スイッチインターフェース，例．ポートの細部［２０１３．０１］
uploaded,新設,,H04L 12/937,,・・・スイッチ制御，例．アービトレイション［２０１３．０１］
uploaded,新設,,H04L 12/939,,・・・冗長なスイッチングのためのもの，例．並列スイッチングプレーンを用いるもの［２０１３．０１］
uploaded,新設,,H04L 12/943,,・・・・各プレーンからパケットの全体またはセルの全体を転送するもの［２０１３．０１］
uploaded,新設,,H04L 12/945,,・・・・各プレーンからパケットの一部またはセルの一部を転送するもの，例．ビットスライス［２０１３．０１］
uploaded,新設,,H04L 12/947,,・・・装置内部のアドレス処理，例．スイッチ内のルーチングのために内部ＩＤまたはタグを用いるもの［２０１３．０１］
uploaded,新設,,H04L 12/951,,・・パケットの組立および分解，例．ＡＴＭにおけるＳＡＲ［２０１３．０１］
uploaded,新設,,H04L 12/953,,・・・メッセージの再組立のためのパケットの順序付けに関するもの，例．パケットシーケンス番号［２０１３．０１］
uploaded,新設,,H04L 12/955,,・・・パディングまたはデパディング，例．パケットの未使用領域におけるダミーデータの挿入または除去［２０１３．０１］
uploaded,新設,,H04N 21/00,,選択的なコンテンツ配信，例．双方向テレビジョン，ＶＯＤ［ビデオ・オン・デマンド］（放送通信Ｈ０４Ｈ；プロトコルによって特徴づけられる通信制御または処理のための配置，装置，回路または方式Ｈ０４Ｌ２９／０６；動画データのリアルタイム双方向通信Ｈ０４Ｎ７／１４）［２０１１．０１］
uploaded,新設,,H04N 21/02,,・コンテンツの配信に特に適合したサーバ，例．ＶＯＤサーバ；それらの操作［２０１１．０１］
uploaded,新設,,H04N 21/21,,・・サーバの構成要素またはアーキテクチャ［２０１１．０１］
uploaded,新設,,H04N 21/214,,・・・サーバの特別な設置場所，例．航空機，ホテルまたは病院に設置されたサーバ［２０１１．０１］
uploaded,新設,,H04N 21/218,,・・・オーディオまたはビデオコンテンツのソース，例．ローカル・ディスク・アレイ［２０１１．０１］
uploaded,新設,,H04N 21/2183,,・・・・キャッシュメモリ［２０１１．０１］
uploaded,新設,,H04N 21/2187,,・・・・ライブ映像［２０１１．０１］
uploaded,新設,,H04N 21/222,,・・・二次的サーバ，例．プロキシ・サーバまたはケーブルテレビジョンのヘッドエンド装置［２０１１．０１］
uploaded,新設,,H04N 21/2225,,・・・・ローカルのＶＯＤサーバ［２０１１．０１］
uploaded,新設,,H04N 21/226,,・・・サーバ内部の構成要素［２０１１．０１］
uploaded,新設,,H04N 21/23,,・・コンテンツまたは追加データの処理；基礎的なサーバ操作；サーバのミドルウェア［２０１１．０１］
uploaded,新設,,H04N 21/231,,・・・コンテンツの蓄積操作，例．映画の短期ストレージのためのキャッシング，複数のサーバ間でのデータ複製または消去のためのデータの順序づけ［２０１１．０１］
uploaded,新設,,H04N 21/2312,,・・・・ディスクアレイへのデータ配置［２０１１．０１］
uploaded,新設,,H04N 21/2315,,・・・・・インターリービングを用いるもの［２０１１．０１］
uploaded,新設,,H04N 21/2318,,・・・・・ストライピングを用いるもの［２０１１．０１］
uploaded,新設,,H04N 21/232,,・・・サーバ内のコンテンツ取得操作，例．ディスクアレイからのビデオストリームの読み出し［２０１１．０１］
uploaded,新設,,H04N 21/233,,・・・オーディオ・エレメンタリ・ストリームの処理［２０１１．０１］
uploaded,新設,,H04N 21/234,,・・・ビデオ・エレメンタリ・ストリームの処理，例．ビデオストリームのスプライシングまたはＭＰＥＧ－４シーン・グラフの操作（ビデオエンコーディングまたはトランスコーディング処理それ自体Ｈ０４Ｎ７／２６）［２０１１．０１］
uploaded,新設,,H04N 21/2343,,・・・・配信するため，またはエンドユーザの要求またはエンドユーザの装置の要求に応じるための，ビデオ信号の再フォーマット操作を含むもの［２０１１．０１］
uploaded,新設,,H04N 21/2347,,・・・・ビデオストリームの暗号化を含むもの（秘密または安全な通信のための配置Ｈ０４Ｌ９／００；アナログ秘密方式Ｈ０４Ｎ７／１６）［２０１１．０１］
uploaded,新設,,H04N 21/235,,・・・付加データの処理，例．付加データのスクランブリングまたはコンテンツ記述の処理［２０１１．０１］
uploaded,新設,,H04N 21/236,,・・・ビデオストリームと他のコンテンツまたは付加データの組合せによる多重ストリーム，例．トランスポートストリーム，の組立て，例．ＵＲＬ［ユニフォーム・リソース・ロケータ］のビデオストリームへの挿入，ソフトウェアデータのビデオストリームへの多重化；多重ストリームの再多重化；スタッフィング・ビットの多重ストリームへの挿入，例．固定ビットレートにするためのもの；ＰＥＳの組立て［２０１１．０１］
uploaded,新設,,H04N 21/2362,,・・・・ＳＩ［サービス情報］の生成または処理［２０１１．０１］
uploaded,新設,,H04N 21/2365,,・・・・複数のビデオストリームの多重化［２０１１．０１］
uploaded,新設,,H04N 21/2368,,・・・・オーディオストリームとビデオストリームの多重化［２０１１．０１］
uploaded,新設,,H04N 21/237,,・・・付加データサーバとの通信［２０１１．０１］
uploaded,新設,,H04N 21/238,,・・・伝送ネットワークの下り経路をインターフェースすること，例．ビデオストリームの伝送レートをネットワーク帯域に適合させる；多重ストリームの処理［２０１１．０１］
uploaded,新設,,H04N 21/2381,,・・・・多重ストリームを特定のネットワーク，例．ＩＰ［インターネット・プロトコル］ネットワーク，に適合させること［２０１１．０１］
uploaded,新設,,H04N 21/2383,,・・・・デジタル・ビットストリームの伝送路符号化，例．変調［２０１１．０１］
uploaded,新設,,H04N 21/2385,,・・・・チャンネルの割当て（Ｈ０４Ｎ２１／２６６が優先）；帯域の割当て（Ｈ０４Ｎ２１／２４が優先）［２０１１．０１］
uploaded,新設,,H04N 21/2387,,・・・・エンドユーザからの再生要求，例．特殊再生，に応じたストリーム処理［２０１１．０１］
uploaded,新設,,H04N 21/2389,,・・・・多重ストリーム処理，例．多重ストリームの暗号化［２０１１．０１］
uploaded,新設,,H04N 21/239,,・・・伝送ネットワークの上り経路をインターフェースすること，例．クライアントの要求に優先順位を付ける［２０１１．０１］
uploaded,新設,,H04N 21/24,,・・・処理またはリソースの監視，例．サーバの負荷，利用可能な帯域あるいは上りの要求の監視［２０１１．０１］
uploaded,新設,,H04N 21/241,,・・・ＯＳ［オペレーティング・システム］の処理，例．サーバのセットアップ（プログラム制御のための装置Ｇ０６Ｆ９／００）［２０１１．０１］
uploaded,新設,,H04N 21/242,,・・・同期処理，例．ＰＣＲ［プログラム・クロック・リファレンス］の処理［２０１１．０１］
uploaded,新設,,H04N 21/25,,・・サーバが行う管理操作であって，コンテンツの配信を容易にするため，あるいはエンドユーザまたはクライアントの装置に関するデータを管理するためのもの，例．エンドユーザまたはクライアントの装置の認証，映画推薦のためのユーザ嗜好の学習［２０１１．０１］
uploaded,新設,,H04N 21/254,,・・・付加データサーバ，例．買い物用サーバまたは権利管理用サーバ，における管理［２０１１．０１］
uploaded,新設,,H04N 21/2543,,・・・・課金［２０１１．０１］
uploaded,新設,,H04N 21/2547,,・・・・・第三者への課金，例．広告主への課金［２０１１．０１］
uploaded,新設,,H04N 21/258,,・・・クライアントまたはエンドユーザのデータ管理，例．クライアントの能力，ユーザの嗜好または年齢構成あるいは多数のエンドユーザの嗜好から協調的なデータを得ること［２０１１．０１］
uploaded,新設,,H04N 21/262,,・・・コンテンツまたは付加データの配信スケジューリング，例．付加データをピーク時以外に伝送すること，ソフトウェアのモジュールを更新すること，カルーセル伝送の周期を計算すること，ビデオストリームの伝送を遅延させること、またはプレイリストの生成［２０１１．０１］
uploaded,新設,,H04N 21/266,,・・・チャネルまたはコンテンツの管理，例．限定受信方式における鍵および限定受信メッセージの生成と管理あるいはＶＯＤユニキャスト・チャネルを併合してマルチキャスト・チャネルにすること［２０１１．０１］
uploaded,新設,,H04N 21/2662,,・・・・ビデオストリームの複雑性の制御，例．クライアントの能力に従ったビデオストリームの解像度またはビットレートのスケーリング［２０１１．０１］
uploaded,新設,,H04N 21/2665,,・・・・異なるソース，例．インターネット及び衛星，からコンテンツを集めること［２０１１．０１］
uploaded,新設,,H04N 21/2668,,・・・・特定のエンドユーザのグループのためのチャネルを生成すること，例．ビデオストリームの中にエンドユーザのプロファイルに基づいて特定された広告を挿入することによるもの［２０１１．０１］
uploaded,新設,,H04N 21/27,,・・サーバを基礎としたエンドユーザのアプリケーション［２０１１．０１］
uploaded,新設,,H04N 21/274,,・・・エンドユーザの要求に対応してエンドユーザに特化されたコンテンツまたは付加データを蓄積すること［２０１１．０１］
uploaded,新設,,H04N 21/2743,,・・・・クライアントからアップロードされたビデオデータのホスティング［２０１１．０１］
uploaded,新設,,H04N 21/2747,,・・・・下り経路経由で，例．サーバから，受信するビデオプログラムの遠隔蓄積［２０１１．０１］
uploaded,新設,,H04N 21/278,,・・・エンドユーザがアクセスするためのコンテンツ記述のデータベースサービスまたはディレクトリサービス［２０１１．０１］
uploaded,新設,,H04N 21/04,,・コンテンツの受信またはコンテンツとの相互作用に特に適合したクライアントの機器，例．ＳＴＢ［セット・トップ・ボックス］；それらの操作［２０１１．０１］
uploaded,新設,,H04N 21/41,,・・クライアントの構成；クライアント周辺機器の構成［２０１１．０１］
uploaded,新設,,H04N 21/414,,・・・特殊化したクライアントのプラットフォーム，例．車内受信機または移動体端末に埋め込まれたもの［２０１１．０１］
uploaded,新設,,H04N 21/4143,,・・・・ＰＣ［パーソナル・コンピュータ］［２０１１．０１］
uploaded,新設,,H04N 21/4147,,・・・・ＰＶＲ［パーソナル・ビデオ・レコーダ］（Ｈ０４Ｎ５／７６が優先）［２０１１．０１］
uploaded,新設,,H04N 21/418,,・・・クライアント装置と共に使用される外部カード，例．条件付アクセス用［２０１１．０１］
uploaded,新設,,H04N 21/4185,,・・・・支払い用［２０１１．０１］
uploaded,新設,,H04N 21/422,,・・・入力のみの周辺機器，例．ＧＰＳ［グローバル・ポジショニング・システム］（ユーザとコンピュータとの相互作用のための入力装置または入力と出力が結合した装置Ｇ０６Ｆ３／０１）［２０１１．０１］
uploaded,新設,,H04N 21/4223,,・・・・カメラ（Ｈ０４Ｎ５／２２５が優先）［２０１１．０１］
uploaded,新設,,H04N 21/4227,,・・・・クライアントの装置から遠隔地，例．業務地，にいるユーザによる遠隔入力［２０１１．０１］
uploaded,新設,,H04N 21/426,,・・・クライアントの内部構成部品（Ｈ０４Ｎ５／４４が優先）［２０１１．０１］
uploaded,新設,,H04N 21/43,,・・コンテンツまたは付加データの処理，例．デジタル・ビデオストリームからの付加データの多重分離；基礎的なクライアント操作，例．ホーム・ネットワークの監視またはデコーダ・クロックの同期；クライアントのミドルウェア［２０１１．０１］
uploaded,新設,,H04N 21/431,,・・・ビジュアル・インターフェースの生成；コンテンツまたは付加データのレンダリング（付加情報を表示するための受信機の回路Ｈ０４Ｎ５／４４５）［２０１１．０１］
uploaded,新設,,H04N 21/432,,・・・ローカルな蓄積媒体，例．ハードディスク，からのコンテンツ取得操作［２０１１．０１］
uploaded,新設,,H04N 21/433,,・・・コンテンツの蓄積操作，例．停止要求またはキャッシング操作に応じた蓄積操作［２０１１．０１］
uploaded,新設,,H04N 21/4335,,・・・・ハウスキーピング処理，例．蓄積スペースの制約による消去のためのコンテンツの順位付け［２０１１．０１］
uploaded,新設,,H04N 21/434,,・・・多重ストリームの解体，例．音声ストリームと映像ストリームの多重分離あるいはビデオストリームからの付加データの抽出；多重ストリームの再多重化；ＳＩの抽出または処理；ＰＥＳの解体［２０１１．０１］
uploaded,新設,,H04N 21/435,,・・・付加データの処理，例．付加データの暗号解除あるいはトランスポート・ストリームから抜き取ったモジュールからのソフトウェアの再構築［２０１１．０１］
uploaded,新設,,H04N 21/436,,・・・ローカルな配信ネットワークをインターフェースすること，例．別のＳＴＢと通信するまたは家庭内で通信すること［２０１１．０１］
uploaded,新設,,H04N 21/4363,,・・・・ビデオストリームを特定のローカルネットワーク，例．ＩＥＥＥ１３９４またはブルートゥース・ネットワーク，に適合させること［２０１１．０１］
uploaded,新設,,H04N 21/4367,,・・・・クライアントと周辺機器またはスマートカードの間に安全な通信を確立させること（秘密または安全な通信のための配置Ｈ０４Ｌ９／００；不正行為から計算機を保護するためのセキュリティ装置Ｇ０６Ｆ２１／００）［２０１１．０１］
uploaded,新設,,H04N 21/437,,・・・伝送ネットワークの上り経路をインターフェースすること，例．クライアントの要求をＶＯＤサーバに伝送するため［２０１１．０１］
uploaded,新設,,H04N 21/438,,・・・サーバから発せられる伝送ネットワークの下り経路をインターフェースすること，例．ＩＰネットワークからＭＰＥＧパケットを取得する［２０１１．０１］
uploaded,新設,,H04N 21/4385,,・・・・多重ストリーム処理，例．多重ストリームの暗号解除［２０１１．０１］
uploaded,新設,,H04N 21/439,,・・・オーディオ・エレメンタリ・ストリームの処理［２０１１．０１］
uploaded,新設,,H04N 21/44,,・・・ビデオ・エレメンタリ・ストリームの処理，例．入力されるビデオストリームとローカルの蓄積から取得されたビデオクリップとをスプライシングすること，あるいはＭＰＥＧ－４シーン・グラフに従ってシーンをレンダリングすること［２０１１．０１］
uploaded,新設,,H04N 21/4402,,・・・・家庭用の再分配，蓄積またはリアルタイムの表示のためのビデオ信号の再フォーマット処理を含むもの［２０１１．０１］
uploaded,新設,,H04N 21/4405,,・・・・ビデオストリームの暗号解除を含むもの（秘密または安全な通信のための配置Ｈ０４Ｌ９／００）［２０１１．０１］
uploaded,新設,,H04N 21/4408,,・・・・ビデオストリームの暗号化を含むもの，例．ホームネットワーク配信のための，暗号解除されたビデオストリームの再暗号化（秘密または安全な通信のための配置Ｈ０４Ｌ９／００）［２０１１．０１］
uploaded,新設,,H04N 21/441,,・・・エンドユーザ識別の獲得［２０１１．０１］
uploaded,新設,,H04N 21/4415,,・・・・ユーザの生体的特徴を用いるもの，例．音声認識または指紋走査によるもの［２０１１．０１］
uploaded,新設,,H04N 21/442,,・・・処理またはリソースの監視，例．記録装置の失敗の検出，下りの帯域，映画が視聴された回数あるいは内部のハードディスクから利用可能な蓄積スペースの監視［２０１１．０１］
uploaded,新設,,H04N 21/4425,,・・・・クライアントのエラー処理またはハードウェアの欠陥の監視（電気的デジタルデータ処理における監視Ｇ０６Ｆ１１／００）［２０１１．０１］
uploaded,新設,,H04N 21/443,,・・・ＯＳ手順，例．ＳＴＢの起動，ＳＴＢへのＪａｖａ仮想マシンの実装あるいはＳＴＢ内の電源管理（プログラムローディングまたは初期化のための配置Ｇ０６Ｆ９／４４５）［２０１１．０１］
uploaded,新設,,H04N 21/45,,・・受信あるいはコンテンツとの相互作用を容易にするためあるいはエンドユーザまたはクライアントの機器それ自体に関連したデータを管理するために，クライアントが行う管理操作，例．映画を薦めるためあるいはスケジュールの競合を解消するためのユーザ嗜好の学習［２０１１．０１］
uploaded,新設,,H04N 21/454,,・・・コンテンツのフィルタリング，例．広告のブロック［２０１１．０１］
uploaded,新設,,H04N 21/4545,,・・・・フィルタリング用アルゴリズムへの入力，例．画面のある領域のフィルタリング［２０１１．０１］
uploaded,新設,,H04N 21/458,,・・・個人向けのストリームを生成するためのコンテンツのスケジューリング，例．ローカルに蓄積された広告を入力されるストリームと組み合わせることによるもの；更新操作，例．ＯＳモジュールのためのもの［２０１１．０１］
uploaded,新設,,H04N 21/462,,・・・コンテンツまたは付加データの管理，例．インターネットとヘッドエンドから受信したデータからマスターＥＰＧを作成すること，あるいはクライアントの能力に基づいて解像度またはビットレートをスケーリングすることによってビデオストリームの複雑性を制御すること［２０１１．０１］
uploaded,新設,,H04N 21/4623,,・・・・限定受信メッセージの処理，例．ＥＣＭ［エンタイトルメント・コントロール・メッセージ］またはＥＭＭ［エンタイトルメント・マネジメント・メッセージ］［２０１１．０１］
uploaded,新設,,H04N 21/4627,,・・・・権利の管理［２０１１．０１］
uploaded,新設,,H04N 21/466,,・・・知的な管理のための学習プロセス，例．映画を薦めるためのユーザ嗜好の学習［２０１１．０１］
uploaded,新設,,H04N 21/47,,・・エンドユーザのアプリケーション（グラフィカルユーザインタフェースのための相互作用技術Ｇ０６Ｆ３／０４８；付加的な情報を表示するための受信機回路Ｈ０４Ｎ５／４４５）［２０１１．０１］
uploaded,新設,,H04N 21/472,,・・・コンテンツ，付加データまたはサービスを要求するためのエンドユーザ・インターフェース；コンテンツと相互作用するためのエンドユーザ・インターフェイス，例．コンテンツ予約またはリマインダの設定のためのもの，イベント通知を要求するためのものあるいは表示されたコンテンツを操作するためのもの［２０１１．０１］
uploaded,新設,,H04N 21/4722,,・・・・コンテンツと結合された付加データを要求するためのもの［２０１１．０１］
uploaded,新設,,H04N 21/4725,,・・・・・画面上のインタラクティブな領域，例．ホットスポット，を用いるもの［２０１１．０１］
uploaded,新設,,H04N 21/4728,,・・・・ＲＯＩ［関心の領域］を選択するためのもの，例．選択した領域について解像度の高い版を要求するためのもの［２０１１．０１］
uploaded,新設,,H04N 21/475,,・・・エンドユーザのデータ，例．ＰＩＮ［個人識別番号］または嗜好データ，を入力するためのエンドユーザ・インターフェース［２０１１．０１］
uploaded,新設,,H04N 21/478,,・・・補助的なサービス，例．電話発信者の識別表示または買い物アプリケーション［２０１１．０１］
uploaded,新設,,H04N 21/4782,,・・・・ウェブ・ブラウジング［２０１１．０１］
uploaded,新設,,H04N 21/4784,,・・・・報償を受け取るもの［２０１１．０１］
uploaded,新設,,H04N 21/4786,,・・・・電子メール［２０１１．０１］
uploaded,新設,,H04N 21/4788,,・・・・他のユーザとの通信，例．チャット［２０１１．０１］
uploaded,新設,,H04N 21/482,,・・・番組選択のためのエンドユーザ・インターフェース［２０１１．０１］
uploaded,新設,,H04N 21/485,,・・・クライアントの環境設定のためのエンドユーザ・インターフェース［２０１１．０１］
uploaded,新設,,H04N 21/488,,・・・データ・サービス，例．ニュース・ティッカー［２０１１．０１］
uploaded,新設,,H04N 21/06,,・サーバとクライアントの間，あるいは離れた複数のクライアント間でビデオ配信するためのネットワークの構成または処理（データ交換ネットワークＨ０４Ｌ１２／００；無線通信ネットワークＨ０４Ｗ）；クライアント，サーバおよびネットワーク構成部分間の制御信号；サーバとクライアント間の管理データの伝送；サーバとクライアント間の通信の細部［２０１１．０１］
uploaded,新設,,H04N 21/61,,・・ネットワークの物理的な構成；信号処理（Ｈ０４Ｂが優先）［２０１１．０１］
uploaded,新設,,H04N 21/63,,・・クライアント，サーバおよびネットワーク構成部分の間の制御信号；サーバとクライアントの間のビデオ配信のためのネットワーク手順，例．基礎層と強化層を異なる伝送経路によって伝送すること，離れた複数のＳＴＢ間にインターネット経由でピア－トゥ－ピアの通信を確立すること；通信プロトコル；アドレッシング［２０１１．０１］
uploaded,新設,,H04N 21/633,,・・・サーバからネットワーク構成部分またはクライアントに対して発行される制御信号［２０１１．０１］
uploaded,新設,,H04N 21/6332,,・・・・クライアントに対するもの［２０１１．０１］
uploaded,新設,,H04N 21/6334,,・・・・・認証のためのもの，例．鍵を伝送することによるもの（秘密または安全な通信のための配置Ｈ０４Ｌ９／００）［２０１１．０１］
uploaded,新設,,H04N 21/6336,,・・・・・デコーダに対するもの［２０１１．０１］
uploaded,新設,,H04N 21/6338,,・・・・ネットワークに対するもの［２０１１．０１］
uploaded,新設,,H04N 21/637,,・・・クライアントからサーバまたはネットワーク構成部分に対して発行される制御信号［２０１１．０１］
uploaded,新設,,H04N 21/6371,,・・・・ネットワークに対するもの［２０１１．０１］
uploaded,新設,,H04N 21/6373,,・・・・レート制御のためのもの［２０１１．０１］
uploaded,新設,,H04N 21/6375,,・・・・再送要求のためのもの［２０１１．０１］
uploaded,新設,,H04N 21/6377,,・・・・サーバに対するもの［２０１１．０１］
uploaded,新設,,H04N 21/6379,,・・・・・エンコーダに対するもの［２０１１．０１］
uploaded,新設,,H04N 21/64,,・・・アドレッシング［２０１１．０１］
uploaded,新設,,H04N 21/6402,,・・・・クライアントのためのアドレス割当て処理［２０１１．０１］
uploaded,新設,,H04N 21/6405,,・・・・マルチキャスティングのためのもの［２０１１．０１］
uploaded,新設,,H04N 21/6408,,・・・・ユニキャスティングのためのもの［２０１１．０１］
uploaded,新設,,H04N 21/643,,・・・通信プロトコル［２０１１．０１］
uploaded,新設,,H04N 21/6433,,・・・・ＤＳＭ－ＣＣ［デジタル・ストレージ・メディア－コマンド・アンド・コントロール・プロトコル］［２０１１．０１］
uploaded,新設,,H04N 21/6437,,・・・・ＲＴＰ［リアルタイム・トランスポート・プロトコル］［２０１１．０１］
uploaded,新設,,H04N 21/647,,・・・ネットワーク構成部分とサーバまたはクライアントの間の制御信号；サーバとクライアントの間のビデオ配信のためのネットワーク手順，例．パケットをドロップすることによりビデオストリームの品質を制御するもの，ネットワーク内における不正な改変からコンテンツを保護するもの，ネットワーク負荷を監視するもの，ＩＰと無線のような２つの異なるネットワークの間を橋渡しするもの［２０１１．０１］
uploaded,新設,,H04N 21/65,,・・クライアントとサーバの間の管理データの伝送［２０１１．０１］
uploaded,新設,,H04N 21/654,,・・・サーバによるクライアント向けの伝送［２０１１．０１］
uploaded,新設,,H04N 21/6543,,・・・・クライアントに操作，例．蓄積，を強要するもの［２０１１．０１］
uploaded,新設,,H04N 21/6547,,・・・・パラメータ，例．クライアントのセットアップのためのもの，からなるもの［２０１１．０１］
uploaded,新設,,H04N 21/658,,・・・クライアントによるサーバ向けの伝送［２０１１．０１］
uploaded,新設,,H04N 21/6583,,・・・・確認応答［２０１１．０１］
uploaded,新設,,H04N 21/6587,,・・・・制御パラメータ，例．特殊再生のコマンドまたは視点の選択［２０１１．０１］
uploaded,新設,,H04N 21/08,,・コンテンツ・クリエーターによる，配信手順とは独立した，コンテンツまたは追加データの生成または処理；コンテンツそれ自体［２０１１．０１］
uploaded,新設,,H04N 21/81,,・・コンテンツのモノメディア構成部分［２０１１．０１］
uploaded,新設,,H04N 21/83,,・・コンテンツと関連づけられた保護データまたは記述データの生成または処理；コンテンツの構造化［２０１１．０１］
uploaded,新設,,H04N 21/835,,・・・保護データ，例．証明書，の生成［２０１１．０１］
uploaded,新設,,H04N 21/8352,,・・・・コンテンツまたはソースを特定するデータを含むもの，例．ＵＭＩＤ［ユニーク・マテリアル・アイデンティファイア］［２０１１．０１］
uploaded,新設,,H04N 21/8355,,・・・・使用法のデータ，例．許可されたコピーの枚数または閲覧の回数，を含むもの［２０１１．０１］
uploaded,新設,,H04N 21/8358,,・・・・電子透かしを含むもの［２０１１．０１］
uploaded,新設,,H04N 21/84,,・・・記述データ，例．コンテンツ記述，の生成または処理［２０１１．０１］
uploaded,新設,,H04N 21/8405,,・・・・キーワードで表されるもの［２０１１．０１］
uploaded,新設,,H04N 21/845,,・・・コンテンツの構造化，例．コンテンツを時間区分に分解するもの［２０１１．０１］
uploaded,新設,,H04N 21/85,,・・コンテンツの組立て；マルチメディアアプリケーションの生成［２０１１．０１］
uploaded,新設,,H04N 21/854,,・・・コンテンツのオーサリング［２０１１．０１］
uploaded,新設,,H04N 21/8541,,・・・・枝分かれ，例．物語の異なるエンディングへの，を含むもの［２０１１．０１］
uploaded,新設,,H04N 21/8543,,・・・・記述言語，例．ＭＨＥＧ［マルチメディア・ハイパーメディア・インフォメーション・コーディング・エキスパート・グループ］またはＸＭＬ［エクステンシブル・マークアップ・ランゲージ］，を用いるもの［２０１１．０１］
uploaded,新設,,H04N 21/8545,,・・・・インタラクティブアプリケーションを生成するためのもの［２０１１．０１］
uploaded,新設,,H04N 21/8547,,・・・・コンテンツを同期させるためのタイムスタンプを含むもの［２０１１．０１］
uploaded,新設,,H04N 21/8549,,・・・・映像の要約，例．映画予告編，の作成［２０１１．０１］
uploaded,新設,,H04N 21/858,,・・・データをコンテンツにリンクさせること，例．ＵＲＬを対象ビデオにリンクさせるものあるいはホットスポットを生成することによるもの［２０１１．０１］
uploaded,廃止,A47C 1/038,A47C 1/0355,・・・レージータング（ｌａｚｙ　ｔｏｎｇｓ）によって操作させる可動に結合された座席（シート）と背もたれをもつもの（１／０３２，１／０３６が優先）［２］,
uploaded,廃止,A47C 25/00,A47C 27/06,ソファまたはベッドに特に適合する枠のないばねユニット,
uploaded,廃止,A47C 25/02,A47C 27/06,・ばねの間に付加的な結合装置を有しないもの,
uploaded,廃止,A61F 2/22,A61F 2/02,・・植込み用に特に適した人工心臓（人工心臓一般Ａ６１Ｍ１／１０）,
uploaded,廃止,B42D 15/01 501,B42D 15/01,・・身分証明書，クレジツトカ－ド（５１１，５２１優先）,
uploaded,廃止,B42D 15/01 501 A,B42D 15/01,ＩＤカ－ド,
uploaded,廃止,B42D 15/01 501 B,B42D 15/01,・記録層に特徴を有するもの,
uploaded,廃止,B42D 15/01 501 C,B42D 15/01,・・感光層,
uploaded,廃止,B42D 15/01 501 D,B42D 15/01,・・感熱記録層,
uploaded,廃止,B42D 15/01 501 E,B42D 15/01,・・磁気記録層,
uploaded,廃止,B42D 15/01 501 F,B42D 15/01,・・彫刻台座を有するもの,
uploaded,廃止,B42D 15/01 501 G,B42D 15/01,・・ホログラム，回折格子,
uploaded,廃止,B42D 15/01 501 H,B42D 15/01,・被覆シ－トを有するもの,
uploaded,廃止,B42D 15/01 501 J,B42D 15/01,・カ－ドの作成装置,
uploaded,廃止,B42D 15/01 501 K,B42D 15/01,・カ－ドの作成方法,
uploaded,廃止,B42D 15/01 501 L,B42D 15/01,・カ－ドの認証に関する装置,
uploaded,廃止,B42D 15/01 501 P,B42D 15/01,・偽造防止方法，不正利用防止方法,
uploaded,廃止,B42D 15/01 501 Z,B42D 15/01,その他,
uploaded,廃止,B42D 15/01 511,B42D 15/01,・・光カ－ド,
uploaded,廃止,B42D 15/01 521,B42D 15/01,・・ＩＣカ－ド,
uploaded,廃止,B42D 15/01 531,B42D 15/01,・・小切手またはその類似物,
uploaded,廃止,B42D 15/01 531 A,B42D 15/01,有価証券,
uploaded,廃止,B42D 15/01 531 B,B42D 15/01,・偽造防止を目的とするもの,
uploaded,廃止,B42D 15/01 531 C,B42D 15/01,・・複写防止を目的とするもの,
uploaded,廃止,B42D 15/01 531 D,B42D 15/01,くじ；抽選券，投票券,
uploaded,廃止,B42D 15/01 531 Z,B42D 15/01,その他,
uploaded,廃止,B42D 15/01 541,B42D 15/01,・・乗車券,
uploaded,廃止,B42D 15/01 541 A,B42D 15/01,偽造防止を目的とするもの,
uploaded,廃止,B42D 15/01 541 B,B42D 15/01,・記録層に特徴を有するもの,
uploaded,廃止,B42D 15/01 541 C,B42D 15/01,・・彫刻,
uploaded,廃止,B42D 15/01 541 D,B42D 15/01,・・磁気記録,
uploaded,廃止,B42D 15/01 541 E,B42D 15/01,改札又は発券に関するもの,
uploaded,廃止,B42D 15/01 541 Z,B42D 15/01,その他,
uploaded,廃止,B42D 15/01 551,B42D 15/01,・・他に分類されない情報カ－ド,
uploaded,廃止,B42D 15/01 551 A,B42D 15/01,機械読み取り用カ－ドに関するもの,
uploaded,廃止,B42D 15/01 551 B,B42D 15/01,・記載欄に特徴のあるもの,
uploaded,廃止,B42D 15/01 551 C,B42D 15/01,・カ－ドの作成，取扱いに関するもの,
uploaded,廃止,B42D 15/01 551 D,B42D 15/01,・タイムレコ－ダ－用カ－ド,
uploaded,廃止,B42D 15/01 551 Z,B42D 15/01,その他,
uploaded,廃止,B60R 25/00 601,B60R 25/01,・運転不可能状態に設定するもの,
uploaded,廃止,B60R 25/00 602,B60R 25/01,・・座席のロツク「図」,
uploaded,廃止,B60R 25/00 603,B60R 25/09,・・タイヤのロツク,
uploaded,廃止,B60R 25/00 605,B60R 25/01,・ドア又はトランクの解錠制御を行うもの,
uploaded,廃止,B60R 25/00 606,B60R 25/01,・・無線方式によるもの,
uploaded,廃止,B60R 25/00 607,B60R 25/01,・・乗員を検出するもの,
uploaded,廃止,B60R 25/00 609,B60R 25/00,・盗難車を特定する手段を講じるもの「図」,
uploaded,廃止,B60R 25/00 611,B60R 25/00,・特に二輪車用のもの,
uploaded,廃止,B60R 25/02 601,B60R 25/021,・・ステアリングロツク安全装置,
uploaded,廃止,B60R 25/02 602,B60R 25/021,・・・ロツク阻止部材を有するもの,
uploaded,廃止,B60R 25/02 603,B60R 25/021,・・・・キ－の挿抜に連動するもの,
uploaded,廃止,B60R 25/02 604,B60R 25/021,・・・・・キ－検知スイツチを有するもの,
uploaded,廃止,B60R 25/02 605,B60R 25/021,・・・・・走行検知スイツチを有するもの「図」,
uploaded,廃止,B60R 25/02 606,B60R 25/021,・・・キ－のロツク位置への回動阻止を図るもの,
uploaded,廃止,B60R 25/02 607,B60R 25/021,・・・・阻止解除手段,
uploaded,廃止,B60R 25/02 608,B60R 25/021,・・・・・手動操作部材によるもの,
uploaded,廃止,B60R 25/02 609,B60R 25/021,・・・・・・押圧操作型「図」,
uploaded,廃止,B60R 25/02 610,B60R 25/021,・・・・・・引出し操作型,
uploaded,廃止,B60R 25/02 611,B60R 25/021,・・・・・・イグニツシヨンスイツチ側に配設するもの,
uploaded,廃止,B60R 25/02 612,B60R 25/021,・・・・・キ－シリンダを移動させるもの,
uploaded,廃止,B60R 25/02 613,B60R 25/021,・・・・・車両停止状態を検知するもの,
uploaded,廃止,B60R 25/02 615,B60R 25/021,・・キ－レスステアリングロツク,
uploaded,廃止,B60R 25/02 616,B60R 25/021,・・・ロツクボルトを手動で解除するもの,
uploaded,廃止,B60R 25/02 617,B60R 25/021,・・・・操作ノブのロツク位置への回動阻止,
uploaded,廃止,B60R 25/02 618,B60R 25/021,・・・・・解除信号「図」「図」,
uploaded,廃止,B60R 25/02 619,B60R 25/0215,・・・ロツクボルトを電動機駆動で解除するもの,
uploaded,廃止,B60R 25/02 620,B60R 25/0215,・・・・歯車装置を用いるもの,
uploaded,廃止,B60R 25/02 621,B60R 25/0215,・・・・・ラツク・ピニオンギア,
uploaded,廃止,B60R 25/02 622,B60R 25/0215,・・・・・解除信号の発生,
uploaded,廃止,B60R 25/02 624,B60R 25/021,・・イグニツシヨンスイツチの取付の特徴,
uploaded,廃止,B60R 25/02 626,B60R 25/021,・・ステアリングシヤフトの特徴,
uploaded,廃止,B60R 25/02 627,B60R 25/021,・・・ロツクカラ－「図」,
uploaded,廃止,B60R 25/04 601,B60R 25/04,・・キ－レス制御によるもの,
uploaded,廃止,B60R 25/04 602,B60R 25/04,・・・コ－ド信号を入力するもの,
uploaded,廃止,B60R 25/04 603,B60R 25/04,・・・・磁気カ－ド「図」,
uploaded,廃止,B60R 25/04 604,B60R 25/04,・・・・運転免許証,
uploaded,廃止,B60R 25/04 605,B60R 25/04,・・・・差込型コネクタ,
uploaded,廃止,B60R 25/04 606,B60R 25/04,・・・・暗証番号,
uploaded,廃止,B60R 25/04 607,B60R 25/04,・・・・・押ボタンで入力するもの,
uploaded,廃止,B60R 25/04 608,B60R 25/04,・・・・無線入力,
uploaded,廃止,B60R 25/04 610,B60R 25/04,・・キ－制御によるもの,
uploaded,廃止,B60R 25/04 611,B60R 25/04,・・・複数のキ－を用いるもの,
uploaded,廃止,B60R 25/04 613,B60R 25/04,・・特にエンジン駆動状態時の盗難防止を図るもの,
uploaded,廃止,B60R 25/01 601,B60R 25/02,・・警報回路のセツト,
uploaded,廃止,B60R 25/01 602,B60R 25/02,・・・ドアスイツチによるもの,
uploaded,廃止,B60R 25/01 603,B60R 25/02,・・・キ－スイツチによるもの,
uploaded,廃止,B60R 25/01 604,B60R 25/02,・・・セツト状態を解除するもの,
uploaded,廃止,B60R 25/01 607,B60R 25/01,・・警報回路,
uploaded,廃止,B60R 25/01 608,B60R 25/01,・・・キ－の抜き忘れを防止するもの「図」,
uploaded,廃止,B60R 25/01 609,B60R 25/01,・・・・ドアロツクを解除するもの,
uploaded,廃止,B60R 25/01 610,B60R 25/104,・・・複数の警報手段を作動するもの,
uploaded,廃止,B60R 25/01 611,B60R 25/03,・・車体傾斜を検知するもの,
uploaded,廃止,B60R 25/01 612,B60R 25/03,・・・傾斜センサ－,
uploaded,廃止,B60R 25/01 613,B60R 25/03,・・・タイヤの盗難防止を図るもの,
uploaded,廃止,B60R 25/01 615,B60R 25/01,・・キ－レスエントリ－,
uploaded,廃止,B60R 25/01 616,B60R 25/01,・・・送・受信機を使用するもの,
uploaded,廃止,B60R 25/01 617,B60R 25/01,・・・・携帯式「図」,
uploaded,廃止,B60R 25/01 618,B60R 25/01,・・・暗証番号を用いるもの,
uploaded,廃止,B60R 25/01 619,B60R 25/25,・・・音声入力を用いるもの,
uploaded,廃止,B60R 25/01 621,B60R 25/31,・・車内への侵入を検知するもの,
uploaded,廃止,B60R 25/01 622,B60R 25/31,・・・超音波センサ－によるもの,
uploaded,廃止,B60R 25/01 623,B60R 25/31,・・・光センサ－によるもの,
uploaded,廃止,B60R 25/01 625,B60R 25/102,・・盗難車であることを通報するもの「図」,
uploaded,廃止,B60R 25/01 627,B60R 25/01,・・特に二輪車用のもの,
uploaded,廃止,B60W 10/00 152,B60W 10/119,・全輪駆動（ＡＷＤ）の制御を含むもの，例．前後で駆動力を分配するためのギア又はクラッチを有するもの（Ｂ６０Ｗ１０／１２，２４０優先）,
uploaded,廃止,B60W 10/01 201,B60W 10/101,・・無段変速機の制御を含むもの,
uploaded,廃止,B60W 10/01 203,B60W 10/103,・・・流体式無段変速機，例．ＨＳＴ,
uploaded,廃止,B60W 10/01 205,B60W 10/105,・・・電気式無段変速機,
uploaded,廃止,B60W 10/01 207,B60W 10/107,・・・無端可撓部材による無段変速機，例．ベルト、チェーン,
uploaded,廃止,B60W 10/01 208,B60W 10/108,・・・摩擦による無段変速機,
uploaded,廃止,B60W 10/01 209,B60W 10/109,・・・・トロイダル式,
uploaded,廃止,B60W 10/01 210,B60W 10/11,・・有段変速機の制御を含むもの,
uploaded,廃止,B60W 10/01 211,B60W 10/111,・・・直列に配置された別個の変速歯車列を持つもの,
uploaded,廃止,B60W 10/01 213,B60W 10/113,・・・二つの入力経路があるもの，例．入力クラッチによって二つのトルク伝達経路の一つを選択するダブルクラッチ,
uploaded,廃止,B60W 10/01 215,B60W 10/115,・・・遊星歯車によるもの,
uploaded,廃止,B60W 10/01 217,B60W 10/11 300,・・・平行な軸を有するもの（１０／１０，２１３優先）,
uploaded,廃止,B60W 10/12 240,B60W 10/14,・・前後の駆動力分配をする差動装置（いわゆるセンターデフ）の制御を含むもの,
uploaded,廃止,B60W 10/12 260,B60W 10/16,・・左右の駆動力分配をする差動装置の制御を含むもの,
uploaded,廃止,B60W 10/18 284,B60W 10/184,・・車輪に作用させるブレーキ、ホイールブレーキの制御を含むもの,
uploaded,廃止,B60W 10/18 288,B60W 10/188,・・・液圧式ブレーキ,
uploaded,廃止,B60W 10/18 292,B60W 10/192,・・・電気式ブレーキ,
uploaded,廃止,B60W 10/18 296,B60W 10/196,・・ドライブラインに直接作用させるブレーキの制御を含むもの，例．リターダ,
uploaded,廃止,B60W 10/18 298,B60W 10/198,・・排気ブレーキの制御を含むもの（燃焼機関の他の制御は１０／０６）,
uploaded,廃止,B60W 30/02 145,B60W 30/045,・・旋回性の向上,
uploaded,廃止,B60W 30/02 150,B60W 30/02 300,・・加速時の車輪のスピンを防ぐための制御，例．トラクションコントロール,
uploaded,廃止,B60W 30/02 155,B60W 30/02 310,・・・異なる摩擦係数を有する表面の走行時の制御，例．左右輪間のμスプリット,
uploaded,廃止,B60W 30/08 185,B60W 30/085,・・衝突に備えた姿勢制御を自動的に行うもの，例．ノーズドロップのための制動,
uploaded,廃止,B60W 30/08 190,B60W 30/09,・・衝突回避行動を自動的に行うもの，例．制動と操向,
uploaded,廃止,B60W 30/08 195,B60W 30/095,・・走行軌跡または衝突可能性の予測を伴うもの,
uploaded,廃止,B60W 30/16 265,B60W 30/165,・・・先行車の走行軌跡に自動追従するもの，例．操舵制御によるもの、いわゆる「電子的牽引」,
uploaded,廃止,B60W 30/16 270,B60W 30/17,・・・先行車の停車に対応するもの，例．ストップ＆ゴー制御,
uploaded,廃止,B60W 30/18 282,B60W 30/182,・・運転モードを選択するもの,
uploaded,廃止,B60W 30/18 284,B60W 30/184,・・ドライブライン上の過負荷、摩耗を抑制するもの,
uploaded,廃止,B60W 30/18 286,B60W 30/186,・・・摩擦要素の摩耗を抑制するもの，例．クラッチ,
uploaded,廃止,B60W 30/18 288,B60W 30/188,・・ドライブライン上の駆動力パラメータの制御，例．要求駆動力の決定,
uploaded,廃止,B60W 30/18 290,B60W 30/19,・・変速性の向上，例．同期、なめらかな変速,
uploaded,廃止,B60W 30/18 292,B60W 30/192,・・ドライブライン上の駆動力に影響を及ぼす問題（例．外部環境による影響）の緩和,
uploaded,廃止,B60W 30/18 294,B60W 30/194,・・・低温状態に関係するもの，例．冷却したエンジンの始動、オイルの粘性が高くなる状態,
uploaded,廃止,B60W 40/06 164,B60W 40/064,・・・グリップの余裕度，摩擦係数の利用率,
uploaded,廃止,B60W 40/06 168,B60W 40/068,・・・道路の摩擦係数（道路とタイヤ間の接触状態）,
uploaded,廃止,B60W 40/06 172,B60W 40/101,・・・タイヤのスリップ角、車輪横滑り角（車体横滑り角はＢ６０Ｗ４０／１０，２０２）,
uploaded,廃止,B60W 40/06 176,B60W 40/072,・・・勾配、カント、曲率などの道路の形状に関するパラメータ,
uploaded,廃止,B60W 40/08 190,B60W 40/09,・・運転スタイルまたは運転傾向,
uploaded,廃止,B60W 40/01 202,B60W 40/103,・・車体の横滑り角,
uploaded,廃止,B60W 40/01 204,B60W 40/105,・・車速,
uploaded,廃止,B60W 40/01 206,B60W 40/107,・・前後方向加速度,
uploaded,廃止,B60W 40/01 208,B60W 40/109,・・横加速度,
uploaded,廃止,B60W 40/01 210,B60W 40/11,・・車体のピッチ方向の運動に関するもの,
uploaded,廃止,B60W 40/01 212,B60W 40/112,・・車体のロール方向の運動に関するもの,
uploaded,廃止,B60W 40/01 214,B60W 40/114,・・車体のヨー方向の運動に関するもの,
uploaded,廃止,B60W 40/12 230,B60W 40/13,・・荷重または車重,
uploaded,廃止,B60W 50/02 123,B60W 50/023,・・冗長なパーツを用いることによる機能不全の回避,
uploaded,廃止,B60W 50/02 126,B60W 50/023,・・・追加的なコントロールレバーや入力装置を用いるもの,
uploaded,廃止,B60W 50/02 129,B60W 50/029,・・他の構成パーツが故障に対応した動作をするもの，例．故障したパーツを用いずに動作させるもの,
uploaded,廃止,B60W 50/02 132,B60W 50/032,・・故障したパーツを修理することにより機能を修復するもの，例．弁の固着を解消させるもの,
uploaded,廃止,B60W 50/02 135,B60W 50/035,・・予め設定した緊急用のセッティングに制御システムをセットするもの，例．特定のアクチュエータを優先させるもの,
uploaded,廃止,B60W 50/02 138,B60W 50/038,・・入力するパワー、トルク、速度を制限するもの,
uploaded,廃止,B60W 50/08 200,B60W 50/01,・・運転者の要求や要望を入力する手段，例．設定値を入力する手段,
uploaded,廃止,B60W 50/08 220,B60W 50/12,・・運転者の誤操作による誤った運転を防止するもの,
uploaded,廃止,B60W 50/08 240,B60W 50/14,・・運転者に情報、警告を伝えたり、運転者の介入を促したりする手段,
uploaded,廃止,B60W 50/08 260,B60W 50/16,・・・運転者への触覚的なフィードバック，例．ハンドルやアクセルペダルに振動や反力を付与するもの,
uploaded,廃止,B65B 9/06 A,B65B 9/067,ウエブが連続的に送られるもの（９／０８が優先）,
uploaded,廃止,B65B 9/06 B,B65B 9/073,ウエブが間欠的に送られるもの（９／０８が優先）,
uploaded,廃止,B65B 9/06 Z,B65B 9/06,その他のもの,
uploaded,廃止,B65B 9/08 A,B65B 9/087,ウエブが連続的に送られるもの,
uploaded,廃止,B65B 9/08 B,B65B 9/093,ウエブが間欠的に送られるもの,
uploaded,廃止,B65B 9/08 Z,B65B 9/08,その他のもの,
uploaded,廃止,B65B 9/02 A,B65B 9/207,ウエブが連続的に送られるもの（９／２２が優先）,
uploaded,廃止,B65B 9/02 B,B65B 9/213,ウエブが間欠的に送られるもの（９／２２が優先）,
uploaded,廃止,B65B 9/02 Z,B65B 9/02,その他のもの,
uploaded,廃止,C12S 1/00,C99Z 99/00,石油オイル，頁岩油またはサンドオイルの処理［５］,
uploaded,廃止,C12S 1/02,C99Z 99/00,・脱硫［５］,
uploaded,廃止,C12S 3/00,C99Z 99/00,動物または植物材料または微生物の処理［５］,
uploaded,廃止,C12S 3/02,C99Z 99/00,・炭水化物材料の回収または精製［５］,
uploaded,廃止,C12S 3/04,C99Z 99/00,・・セルロース，例．植物繊維［５］,
uploaded,廃止,C12S 3/06,C99Z 99/00,・・・麻または亜麻の処理［５］,
uploaded,廃止,C12S 3/08,C99Z 99/00,・・・紙パルプの製造において［５］,
uploaded,廃止,C12S 3/01,C99Z 99/00,・・砂糖または糖蜜の処理［５］,
uploaded,廃止,C12S 3/12,C99Z 99/00,・・ペクチンまたはでん粉の処理［５］,
uploaded,廃止,C12S 3/14,C99Z 99/00,・たんぱく質材料の回収または精製［５］,
uploaded,廃止,C12S 3/16,C99Z 99/00,・・コラーゲンまたはゼラチン［５］,
uploaded,廃止,C12S 3/18,C99Z 99/00,・グリセリド油，脂肪，エステル型ワックスまたは脂肪酸の回収または精製［５］,
uploaded,廃止,C12S 3/02,C99Z 99/00,・そのままのまたは崩壊させた細胞からの核酸の除去［５］,
uploaded,廃止,C12S 3/22,C99Z 99/00,・血液留分の処理［５］,
uploaded,廃止,C12S 3/24,C99Z 99/00,・動物の分泌物または臓器の処理［５］,
uploaded,廃止,C12S 5/00,C99Z 99/00,エマルジョン，ガスまたは泡の処理［５］,
uploaded,廃止,C12S 7/00,C99Z 99/00,皮の処理，例．脱毛，ベーチィング［５］,
uploaded,廃止,C12S 9/00,C99Z 99/00,材料の固体表面の清浄［５］,
uploaded,廃止,C12S 11/00,C99Z 99/00,繊維製品の処理，例．清浄［５］,
uploaded,廃止,C12S 13/00,C99Z 99/00,グループ１／００～１１／００に分類されない方法［５］,
uploaded,廃止,F16H 48/00 101,F16H 48/05,・相互に連結された複数の差動装置を有するもの,
uploaded,廃止,F16H 48/00 111,F16H 48/36,・意図的に出力間に回転数差を発生させることに特徴を有するもの,
uploaded,廃止,F16H 48/00 121,F16H 48/04,・回転するデフケースに特徴を有するもの,
uploaded,廃止,F16H 48/00 131,F16H 48/42,・入力軸に特徴を有するもの，例．ドライブピニオンの取付け,
uploaded,廃止,F16H 48/00 141,F16H 48/38,・細部　（差動装置の冷却又は潤滑についての細部は　Ｆ１６Ｈ５７／０４）,
uploaded,廃止,F16H 48/02,F16H 48/00,・出力間の駆動に影響を及ぼすためのトランスファー装置［６］,
uploaded,廃止,F16H 48/04,F16H 48/00,・・二つの出力間のトルク移動が等しくないようなトランスファー装置［６］,
uploaded,廃止,F16H 48/01 101,F16H 48/11,・・・互いに噛み合う遊星ピニオンをもつもの,
uploaded,廃止,F16H 48/12 101,F16H 48/19,・・関連した２つのクラッチからなるもの,
uploaded,廃止,F16H 48/02 101,F16H 48/27,・・内部作動式の流体圧力を用いるもの　例、内部ポンプ型,
uploaded,廃止,F16H 48/02 201,F16H 48/295,・・力増幅のために、複数の手段を用いるもの,
uploaded,廃止,F16H 48/28 101,F16H 48/285,・・・自己制動式の、互いに噛み合う歯車をもつものであって、その歯車は、軸が互いに平行に配置されたヘリカルギヤまたはウォームであるもの,
uploaded,廃止,F16H 48/28 201,F16H 48/29,・・・自己制動式の、互いに噛み合う歯車をもつものであって、その歯車は、軸が互いに直交配置されたヘリカルギヤまたはウォームであるもの,
uploaded,廃止,F16H 48/03 101,F16H 48/32,・・・流体圧アクチュエータを用いるもの,
uploaded,廃止,F16H 48/03 201,F16H 48/34,・・・電磁気的又は電気的作動アクチュエータを用いるもの,
uploaded,廃止,F16H 57/00 100,F16H 57/01,・伝動装置の要素の摩耗や応力の監視，例．メンテナンスのきっかけのため,
uploaded,廃止,F16H 57/02 101,F16H 57/027,・・ケースの通気のための手段，例．エアブリーザ,
uploaded,廃止,F16H 57/02 102,F16H 57/021,・・軸の支持構造，例．仕切り壁，軸受の留め孔，軸受付きの壁やカバー,
uploaded,廃止,F16H 57/02 103,F16H 57/022,・・・軸や軸受の調整（遊星歯車をもたない歯車装置の軸の不整列を補償するための特別な手段Ｆ１６Ｈ１／２６；遊星歯車装置の軸の不整列を補償するための特別な手段　Ｆ１６Ｈ１／４８）,
uploaded,廃止,F16H 57/02 104,F16H 57/023,・・ケースへの歯車や軸の取付けや据え付け，例．組立のための手段や方法,
uploaded,廃止,F16H 57/02 105,F16H 57/025,・・伝動装置のケースの支持，例．トルクアーム，取付けのためのたの道具　（車両の動力伝達装置の取付けＢ６０Ｋ１７／００）,
uploaded,廃止,F16H 57/02 106,F16H 57/028,・・振動や騒音の低減の手段によって特徴付けられるもの,
uploaded,廃止,F16H 57/02 107,F16H 57/029,・・ケースの密封手段によって特徴付けられるもの，例．気密性の改善,
uploaded,廃止,F16H 57/02 108,F16H 57/032,・・使用される材料によって特徴付けられるもの,
uploaded,廃止,F16H 57/02 109,F16H 57/03,・・ケースの補強によって特徴付けられるもの，例．リブ,
uploaded,廃止,F16H 57/02 110,F16H 57/031,・・ケースのカバーや蓋によって特徴付けられるもの,
uploaded,廃止,F16H 57/02 111,F16H 57/033,・・シリーズ化された伝動装置箱，例．標準化されたユニットを使用した伝動装置箱,
uploaded,廃止,F16H 57/02 112,F16H 57/035,・・無端可撓部材を用いた伝動装置のための伝動装置箱,
uploaded,廃止,F16H 57/02 113,F16H 57/037,・・差動伝動装置のための伝動装置箱（差動伝動装置の回転ケースＦ１６Ｈ４８／００，１２１）,
uploaded,廃止,F16H 57/02 114,F16H 57/038,・・傘歯車伝動装置のための伝動装置箱（Ｆ１６Ｈ５７／０２，１１３が優先）,
uploaded,廃止,F16H 57/02 115,F16H 57/039,・・ウォーム伝動装置のための伝動装置箱,
uploaded,廃止,F41B 11/00 B,F41B 11/648,銃本体を変形させることによるもの,
uploaded,廃止,F41B 11/00 Z,F41B 11/00,その他のもの,
uploaded,廃止,F41B 11/02,F41B 11/05,・弾倉から飛しょう体を補給または装てんするためのもの,
uploaded,廃止,F41B 11/02 C,F41B 11/05,弾丸がピストン機能を有するもの,
uploaded,廃止,F41B 11/02 Z,F41B 11/05,その他のもの,
uploaded,廃止,F41B 11/04,F41B 11/81,・粉，例．こしょう，の噴出用,
uploaded,廃止,F41B 11/06,F41B 11/06,・ガス薬きょうで与えられている圧力によるもの（１１／０８が優先；そのための弁１１／３２）,
uploaded,廃止,F41B 11/06 A,F41B 11/62,ガスカ－トリツジを有するもの,
uploaded,廃止,F41B 11/06 Z,F41B 11/06,その他のもの,
uploaded,廃止,F41B 11/08,F41B 11/83,・もり発射用,
uploaded,廃止,F41B 11/12,F41B 11/64,・発射ごとに空気の圧縮工程を行うピストンを有するもの［５］,
uploaded,廃止,F41B 11/12 G,F41B 11/64,蓄圧を回分操作で行う連射形空気銃砲,
uploaded,廃止,F41B 11/12 H,F41B 11/64,・回転弾巣を有するもの,
uploaded,廃止,F41B 11/12 J,F41B 11/64,弾込め，蓄圧を回分操作で行うもの,
uploaded,廃止,F41B 11/12 K,F41B 11/64,・蓄圧機構,
uploaded,廃止,F41B 11/12 L,F41B 11/64,・ピストン係止，引金，弾丸発射機構,
uploaded,廃止,F41B 11/12 M,F41B 11/64,・弾丸装填,
uploaded,廃止,F41B 11/12 Z,F41B 11/64,その他のもの,
uploaded,廃止,F41B 11/14,F41B 11/642,・・ばねで作動するもの［５］,
uploaded,廃止,F41B 11/16,F41B 11/644,・・・ピストンと反対方向に動く滑動可能な重量体を有するもの，例．反動減少のため［５］,
uploaded,廃止,F41B 11/18,F41B 11/646,・・・ばね付勢装置［５］,
uploaded,廃止,F41B 11/02,F41B 11/647,・・・・揺動レバーによるもの［５］,
uploaded,廃止,F41B 11/22,F41B 11/648,・・・・・折り曲げ式空気銃におけるもの［５］,
uploaded,廃止,F41B 11/24,F41B 11/66,・発射の際に加圧するベローズまたは弁を有するもの［５］,
uploaded,廃止,F41B 11/26,F41B 11/68,・発射前に蓄圧を行うもの（１１／０６，１１／０８，１１／３２が優先）［５］,
uploaded,廃止,F41B 11/26 D,F41B 11/68,蓄圧タンクを有する連射形空気銃砲,
uploaded,廃止,F41B 11/26 E,F41B 11/68,・回転弾倉を有するもの,
uploaded,廃止,F41B 11/26 F,F41B 11/682,弾込めを回分操作で行う蓄圧タンクを有するもの,
uploaded,廃止,F41B 11/26 G,F41B 11/682,・蓄圧タンク,
uploaded,廃止,F41B 11/26 H,F41B 11/68,・作動流体リリ－ス，引金，弾丸発射機構,
uploaded,廃止,F41B 11/26 J,F41B 11/68,・弾丸装填,
uploaded,廃止,F41B 11/26 Z,F41B 11/68,その他のもの,
uploaded,廃止,F41B 11/28,F41B 11/681,・・そのためのポンプまたは圧縮装置［５］,
uploaded,廃止,F41B 11/03,F41B 11/683,・・・揺動レバー方式で操作されるもの，例．折り曲げ式空気銃におけるもの［５］,
uploaded,廃止,F41B 11/32,F41B 11/72,・空気銃における弁装置，またはそれに特に適合する弁［５］,
uploaded,廃止,F41B 11/34,F41B 11/73,・密封装置；ピストン［５］,
uploaded,廃止,G01N 21/27 C,G01N 21/17 N,ＡＴＲ〔減衰全反射測定，エバネッセント波測定，表面プラズモン共鳴〕,
uploaded,廃止,G01P 9/00,G01P 7/00,ジャイロスコープの効果を利用した速度測定，例．ガスを用いるもの，電子ビームを用いるもの（ジャイロスコープまたは回転感知装置それ自体Ｇ０１Ｃ１９／００）,
uploaded,廃止,G01P 9/00 A,G01P 7/00,ガスレ－トジヤイロを用いたもの,
uploaded,廃止,G01P 9/00 B,G01P 7/00,リングレ－ザジヤイロを用いたもの,
uploaded,廃止,G01P 9/00 C,G01P 7/00,光フアイバ－ジヤイロを用いたもの,
uploaded,廃止,G01P 9/00 Z,G01P 7/00,その他のもの,
uploaded,廃止,G01P 9/02,G01P 7/00,・回転式ジャイロスコープを用いるもの,
uploaded,廃止,G01P 9/04,G01P 7/00,・振動錘，例．音叉，をそなえた回転検出装置を用いるもの,
uploaded,廃止,G04C 11/02,G04C 11/00,・無線によるもの,
uploaded,廃止,G09G 3/28 B,G09G 3/288,交流駆動〔細部についてはＧ０９Ｇ３／２０，６１０－６９１併用、交流型ＰＤＰの装置構造，Ｈ０１Ｊ１１／００〕,
uploaded,廃止,G09G 3/28 E,G09G 3/298,面放電形〔細部についてはＧ０９Ｇ３／２０，６１０－６９１併用〕,
uploaded,廃止,G09G 3/28 F,G09G 3/282,直流駆動〔細部についてはＧ０９Ｇ３／２０，６１０－６９１併用、直流型，ＰＤＰの装置構造，Ｈ０１Ｊ１７／４９〕,
uploaded,廃止,H01L 41/22 A,H01L 41/22,無機圧電材料の製造方法,
uploaded,廃止,H01L 41/22 B,H01L 41/22,無機圧電材料の分極方法,
uploaded,廃止,H01L 41/22 C,H01L 41/22,有機，有機＋無機圧電材料の製造，分極方法,
uploaded,廃止,H01L 41/22 Z,H01L 41/22,その他のもの,
uploaded,廃止,H04L 12/56,H04L 12/07,・・パケット交換方式［５，６］,
uploaded,廃止,H04L 12/56 100,H04L 12/701,・・・ルーチング（Ｈ１３．５新設）,
uploaded,廃止,H04L 12/56 100 A,H04L 12/707,冗長構成（Ｈ１３．５新設）,
uploaded,廃止,H04L 12/56 100 B,H04L 12/721 A,ソースルーチング（Ｈ１３．５新設）,
uploaded,廃止,H04L 12/56 100 C,H04L 12/721,ポリシーベースルーチング（Ｈ１３．５新設）,
uploaded,廃止,H04L 12/56 100 D,H04L 12/701,端末が移動するもの（Ｈ１３．５新設）,
uploaded,廃止,H04L 12/56 100 Z,H04L 12/701,その他のもの（Ｈ１３．５新設）,
uploaded,廃止,H04L 12/56 200,H04L 12/801,・・・帯域管理／フロー制御（Ｈ１３．５新設）,
uploaded,廃止,H04L 12/56 200 A,H04L 12/911,呼設定における帯域管理・ＣＡＣ（Ｈ１３．５新設）,
uploaded,廃止,H04L 12/56 200 B,H04L 12/813,ポリシング・ＵＰＣ（Ｈ１３．５新設）,
uploaded,廃止,H04L 12/56 200 C,H04L 12/815,シェーピング・スケジューリング（Ｈ１３．５新設）,
uploaded,廃止,H04L 12/56 200 D,H04L 12/807,ウィンドウ方式（Ｈ１３．５新設）,
uploaded,廃止,H04L 12/56 200 E,H04L 12/851,上位レイヤを考慮した制御（Ｈ１３．５新設）,
uploaded,廃止,H04L 12/56 200 F,H04L 12/801,帯域の変更（Ｈ１３．５新設）,
uploaded,廃止,H04L 12/56 200 Z,H04L 12/801,その他のもの（Ｈ１３．５新設）,
uploaded,廃止,H04L 12/56 230,H04L 12/07 E,・・・リアルタイムデータの伝送（Ｈ１３．５新設）,
uploaded,廃止,H04L 12/56 230 A,H04L 12/885,遅延ゆらぎの吸収（Ｈ１３．５新設）,
uploaded,廃止,H04L 12/56 230 B,H04L 12/07 E,マルチメディアデータ相互の制御（Ｈ１３．５新設）,
uploaded,廃止,H04L 12/56 230 Z,H04L 12/07 E,その他のもの（Ｈ１３．５新設）,
uploaded,廃止,H04L 12/56 260,H04L 12/07 F,・・・同報（Ｈ１３．５新設）,
uploaded,廃止,H04L 12/56 260 A,H04L 12/07 F,ＩＰマルチキャスト（Ｈ１３．５新設）,
uploaded,廃止,H04L 12/56 260 Z,H04L 12/07 F,その他のもの（Ｈ１３．５新設）,
uploaded,廃止,H04L 12/56 300,H04L 12/951,・・・パケットまたはセルの生成（Ｈ１３．５新設）,
uploaded,廃止,H04L 12/56 300 A,H04L 12/951,パケット化・セル化（Ｈ１３．５新設）,
uploaded,廃止,H04L 12/56 300 B,H04L 12/951,・ＡＡＬ２（Ｈ１３．５新設）,
uploaded,廃止,H04L 12/56 300 C,H04L 12/951,・ＡＡＬ５（Ｈ１３．５新設）,
uploaded,廃止,H04L 12/56 300 D,H04L 12/951,同一レイヤにおける分割・結合（Ｈ１３．５新設）,
uploaded,廃止,H04L 12/56 300 Z,H04L 12/951,その他のもの（Ｈ１３．５新設）,
uploaded,廃止,H04L 12/56 400,H04L 12/07 100,・・・監視・試験（Ｈ１３．５新設）,
uploaded,廃止,H04L 12/56 400 A,H04L 12/07 100 A,交換機の監視・試験（Ｈ１３．５新設）,
uploaded,廃止,H04L 12/56 400 B,H04L 12/07 100 Z,伝送路の監視・試験（Ｈ１３．５新設）,
uploaded,廃止,H04L 12/56 400 Z,H04L 12/07 100 Z,その他のもの（Ｈ１３．５新設）,
uploaded,廃止,H04L 12/56 A,H04L 12/07 A,呼制御（Ｈ１３．５新設）,
uploaded,廃止,H04L 12/56 B,H04L 12/07 B,アドレス管理（Ｈ１３．５新設）,
uploaded,廃止,H04L 12/56 C,H04L 12/07 C,課金（Ｈ１３．５新設）,
uploaded,廃止,H04L 12/56 D,H04L 12/07 Z,同期（Ｈ１３．５新設）,
uploaded,廃止,H04L 12/56 E,H04L 12/07 Z,ハードウェア（Ｈ１３．５新設）,
uploaded,廃止,H04L 12/56 F,H04L 12/931,通話路スイッチ（Ｈ１３．５新設）,
uploaded,廃止,H04L 12/56 G,H04L 12/713,冗長構成（Ｈ１３．５新設）,
uploaded,廃止,H04L 12/56 H,H04L 12/07 D,バーチャルＬＡＮ・ＬＡＮエミュレーション（Ｈ１３．５新設）,
uploaded,廃止,H04L 12/56 Z,H04L 12/07 Z,その他のもの（Ｈ１３．５新設）,
uploaded,タイトル変更,A47C 1/025,A47C 1/025,・・・・歯付ラックまたは類似の連動機構によるもの,・・・・ラック・アンド・ピニオンまたは類似の連動機構によるもの
uploaded,タイトル変更,A47C 1/026,A47C 1/026,・・・・くぎと切欠きまたはつめとカムの機構によるもの,・・・・くぎと切欠きまたはつめとラチェットの機構によるもの
uploaded,タイトル変更,A47C 1/034,A47C 1/034,・・・支持部分がレッグレストまたはフートレストを含むもの,・・・支持部分がレッグレストまたはフートレストを含むもの（Ａ４７Ｃ１／０３７が優先）
uploaded,タイトル変更,A47C 20/08,A47C 20/08,・二つ以上の受台を共に調節するための手段を有するもの［２］,・二つ以上の受台を同時に調節するための手段を有するもの［２］
uploaded,タイトル変更,A47C 23/00,A47C 23/00,剛性枠付またはベッドステッドの部分を形成するスプリングマットレス；寝いす基部（枠付きでない取り外しできるばね２５／００；詰め物マットレスに備えられるばねユニット２７／００；看護用に特に適合したベッドの患者支え台Ａ６１Ｇ７／０６５）,剛性枠付またはベッドステッドの部分を形成するスプリングマットレス，例．ボックススプリング；寝いす基部スラットベッド基部
uploaded,タイトル変更,A47C 27/00,A47C 27/00,特にいす，ベッド，またはソファに使用される詰め物入りマットレスまたは流体マットレス（床擦れ防止用または火傷患者支持用装置，例．そのために特に適したマッレトスＡ６１Ｇ７／０５７；既製の詰め物用，かわ張りされたパッド一般Ｂ６８Ｇ５／００；マットレスの製造Ｂ６８Ｇ７／００）［５］,特にいす，ベッド，またはソファに使用されるスプリングマットレス，詰め物マットレスまたは流体マットレス［５］
uploaded,タイトル変更,A47C 27/06,A47C 27/06,・・内部ばね,・・内部ばねまたはそのためのばねユニット
uploaded,タイトル変更,A61F 2/00,A61F 2/00,補綴または補助具（解剖模形，教育器具Ｇ０９Ｂ）補綴，すなわち．身体の各部分のための人工的代用品または代替物；身体とそれらを結合するための器具（美容上の物品については，関連するサブグラスを参照のこと，例．かつら，ヘアーピースＡ４１Ｇ３／００，５／００，人造のつめＡ４５Ｄ３１／００；有床義歯Ａ６１Ｃ１３／００；補綴材料Ａ６１Ｌ２７／００；人工腎臓Ａ６１Ｍ１／１４）,血管への植込み可能なフィルター；補綴，すなわち，身体の各部分のための人工的代用品または代替物；身体とそれらを結合するための器具；人体の管状構造の開通状態を維持または閉塞を防止する装置，例．ステント（美容上の物品については，関連するサブクラスを参照のこと，例．かつら，ヘアピースＡ４１Ｇ３／００，Ａ４１Ｇ５／００人造のつめＡ４５Ｄ３１／００；有床義歯Ａ６１Ｃ１３／００；補綴材料Ａ６１Ｌ２７／００；人工心臓Ａ６１Ｍ１／１０；人工腎臓Ａ６１Ｍ１／１４）［４，６，８］
uploaded,タイトル変更,A61F 2/02,A61F 2/02,・身体内への植込み式人工器官,・身体内への植込み式人工器官［４］
uploaded,タイトル変更,A61F 2/04,A61F 2/04,・・中空のまたは管状の部分または器官，例．膀胱，気管，気管支，胆管（２／１８，２／２０が優先）,・・器官の中空部分または管状部分，例．膀胱，気管，気管支または胆管（Ａ６１Ｆ２／１８，Ａ６１Ｆ２／２０が優先；ステントグラフト以外で人体の管状構造の開通状態を維持または閉塞を防止する装置，例．ステントＡ６１Ｆ２／８２；ステントまたはステントグラフトの設置または除去に特に適合した器具Ａ６１Ｆ２／９５）［４，８，２０１３．０１］
uploaded,タイトル変更,A61F 2/06,A61F 2/06,・・・血管,・・・血管［４，２０１３．０１］
uploaded,タイトル変更,A61F 2/08,A61F 2/08,・・筋肉；腱；じん帯,・・筋肉；腱；じん帯［４］
uploaded,タイトル変更,A61F 2/01,A61F 2/01,・・毛または皮膚移植,・・毛または皮膚移植［４］
uploaded,タイトル変更,A61F 2/12,A61F 2/12,・・人工乳房,・・人工乳房［４］
uploaded,タイトル変更,A61F 2/14,A61F 2/14,・・眼の部分，例．水晶体，角膜移植（取り外し可能なコンタクトレンズＧ０２Ｃ７／０４）；義眼（有機プラスチツク材料からの製造Ｂ２９Ｃ，Ｂ２９Ｄ１１／０２）,・・眼の部分，例．水晶体，角膜移植（取り外し可能なコンタクトレンズＧ０２Ｃ７／０４）；義眼（有機プラスチック材料からの製造Ｂ２９Ｃ，Ｂ２９Ｄ１１／０２）［４］
uploaded,タイトル変更,A61F 2/16,A61F 2/16,・・・眼内レンズ,・・・眼内レンズ［４］
uploaded,タイトル変更,A61F 2/18,A61F 2/18,・・内耳または鼻の部品，例．鼓膜,・・内耳または鼻の部品，例．鼓膜［４］
uploaded,タイトル変更,A61F 2/02,A61F 2/02,・・喉頭；喉頭と結合した気管または喉頭と一緒に使用するための気管（気管，気管支それ自体２／０４）,・・喉頭；喉頭と結合した気管または喉頭と一緒に使用するための気管（気管，気管支それ自体２／０４）［４］
uploaded,タイトル変更,A61F 2/24,A61F 2/24,・・心臓弁,・・心臓弁［４］
uploaded,タイトル変更,A61F 2/26,A61F 2/26,・・陰茎移植,・・陰茎移植［４］
uploaded,タイトル変更,A61F 2/28,A61F 2/28,・・骨（関節２／３０）,・・骨（関節２／３０）［４］
uploaded,タイトル変更,A61F 2/03,A61F 2/03,・・関節,・・関節［４］
uploaded,タイトル変更,A61F 2/32,A61F 2/32,・・・股のためのもの,・・・股のためのもの［４］
uploaded,タイトル変更,A61F 2/34,A61F 2/34,・・・・寛骨臼窩,・・・・寛骨臼窩［４］
uploaded,タイトル変更,A61F 2/36,A61F 2/36,・・・・大腿骨頭,・・・・大腿骨頭［４］
uploaded,タイトル変更,A61F 2/38,A61F 2/38,・・・肘または膝のためのもの,・・・肘または膝のためのもの［４］
uploaded,タイトル変更,A61F 2/04,A61F 2/04,・・・肩のためのもの,・・・肩のためのもの［４］
uploaded,タイトル変更,A61F 2/42,A61F 2/42,・・・手首またはくるぶしのためのもの；手，例．指，のためのもの；足，例．足指，のためのもの,・・・手首またはくるぶしのためのもの；手，例．指，のためのもの；足，例．足指，のためのもの［４］
uploaded,タイトル変更,A61F 2/44,A61F 2/44,・・・脊柱，例．脊椎，脊柱円板，のためのもの,・・・脊柱，例．脊椎，脊柱円板，のためのもの［４］
uploaded,タイトル変更,A61F 2/46,A61F 2/46,・・・人工関節を植込むための特別の道具（手術用機器Ａ６１Ｂ１７／００）,・・・人工関節を植込むための特別の道具（手術用機器Ａ６１Ｂ１７／００）［４］
uploaded,タイトル変更,A61F 2/48,A61F 2/48,・・操作または制御手段，例．身体の外側からのもの，括約筋の制御,・・操作または制御手段，例．身体の外側からのもの，括約筋の制御［４］
uploaded,タイトル変更,A61F 2/05,A61F 2/05,・身体内へ植込まない人工器官,・身体内へ植込まない人工器官［４］
uploaded,タイトル変更,A61F 2/52,A61F 2/52,・・人工乳房（ブラジャーＡ４１Ｃ３／００）,・・人工乳房（ブラジャーＡ４１Ｃ３／００）［４］
uploaded,タイトル変更,A61F 2/54,A61F 2/54,・・人工腕または手またはそれらの部品,・・人工腕または手またはそれらの部品［４］
uploaded,タイトル変更,A61F 2/56,A61F 2/56,・・・調節可能なもの,・・・調節可能なもの［４］
uploaded,タイトル変更,A61F 2/58,A61F 2/58,・・・肘；手首,・・・肘；手首［４］
uploaded,タイトル変更,A61F 2/06,A61F 2/06,・・人工脚または足またはそれらの部品,・・人工脚または足またはそれらの部品［４］
uploaded,タイトル変更,A61F 2/62,A61F 2/62,・・・調節可能なもの，例．調節可能な脛，腿，または管状骨系,・・・調節可能なもの，例．調節可能な脛，腿，または管状骨系［４］
uploaded,タイトル変更,A61F 2/64,A61F 2/64,・・・膝関節,・・・膝関節［４］
uploaded,タイトル変更,A61F 2/66,A61F 2/66,・・・足；くるぶし関節,・・・足；くるぶし関節［４］
uploaded,タイトル変更,A61F 2/68,A61F 2/68,・・操作または制御手段,・・操作または制御手段［４］
uploaded,タイトル変更,A61F 2/07,A61F 2/07,・・・電気的なもの,・・・電気的なもの［４］
uploaded,タイトル変更,A61F 2/72,A61F 2/72,・・・・生体電気的制御，例．筋電によるものの,・・・・生体電気的制御，例．筋電によるもの［４］
uploaded,タイトル変更,A61F 2/74,A61F 2/74,・・・流体制御,・・・流体制御［４］
uploaded,タイトル変更,A61F 2/76,A61F 2/76,・・人工器官を組み立て，はめ込みまたは試験するための手段，例．測ったり調整したりするためのもの,・・人工器官を組み立て，はめ込みまたは試験するための手段，例．測ったり調整したりするためのもの［４］
uploaded,タイトル変更,A61F 2/78,A61F 2/78,・・人工器官を保護するためのまたはそれらを身体に取り付けるための手段，例．切断された肢の端部用の包帯，背負い紐，帯または靴下,・・人工器官を保護するためのまたはそれらを身体に取り付けるための手段，例．切断された肢の端部用の包帯，背負い紐，帯または靴下［４］
uploaded,タイトル変更,A61F 2/08,A61F 2/08,・・・受け口，例．吸引型の,・・・受け口，例．吸引型の［４］
uploaded,タイトル変更,A61M 25/00 306 Z,A61M 25/00 306 Z,その他のもの〔分岐管Ａ６１Ｍ２５／００４０５〕,その他のもの〔分岐管Ａ６１Ｍ２５／００，４０５〕
uploaded,タイトル変更,A61M 25/00 320 P,A61M 25/00 320 P,・アダプタ－〔特殊形態にカテ－テル用のアダプタ－は，Ａ６１Ｍ２５／００４０５～４２０〕,・アダプタ－〔特殊形態にカテ－テル用のアダプタ－は，Ａ６１Ｍ２５／００，４０５～４２０〕
uploaded,タイトル変更,A61M 25/00 410,A61M 25/00 410,・・・バル－ンカテ－テル,・・・バル－ンカテ－テル（ステントまたはステントグラフトを配置するための膨張可能なバルーンＡ６１Ｆ２／９５８）
uploaded,タイトル変更,A61M 29/00,A61M 29/00,媒体，例，薬剤，を導入する手段を有するまたは有しない拡張器（人体の窩部または管部の視覚的診察を行うための機器Ａ６１Ｂ１／００）,媒体，例．薬剤，を導入する手段を有するまたは有しない拡張器（ステントＡ６１Ｆ２／８２）［２］
uploaded,タイトル変更,A61M 29/02,A61M 29/02,・膨張拡張器；膨張可能な材料で作られた拡張器,・膨脹拡張器（ふくらむ弾性体への弁の取付けＢ６０Ｃ２９／００）；膨潤可能な材料で作られた拡張器［３］
uploaded,タイトル変更,A63C 5/075,A63C 5/075,・・防振器（防振器それ自体Ｆ１６Ｆ７／００）［４］,・・防振器［４］
uploaded,タイトル変更,A63C 11/02 F,A63C 11/02 F,軍輪付,車輪付
uploaded,タイトル変更,A63C 11/08,A63C 11/08,・・ワックスを塗ったりはがしたりする道具（スキーワックスＣ０９Ｇ３／００）,・・ワックスを塗ったりはがしたりする道具
uploaded,タイトル変更,A63C 19/00,A63C 19/00,競技場，リンク，ボーリング・グリーン，または水上スキー用施設の設計またはレイアウト；そのカバー（水上回転木馬Ａ６３Ｇ３／００；床面または基礎の構造Ｅ０１Ｃ；屋根Ｅ０４Ｂ７／００；スポーツ用の建築物または建築物のグループＥ０４Ｈ３／１０；水泳または水遊び用の槽またはプールＥ０４Ｈ４／００；槽のカバーＥ０４Ｈ４／０６）［４］,競技場，リンク，ボーリング・グリーン，または水上スキー用施設の設計またはレイアウト；そのカバー［４］
uploaded,タイトル変更,A63C 19/01,A63C 19/01,・アイススケートまたはローラースケートリンク；スキー，スキージャンプまたはトボガンそり用のスロープまたは軌道（シュートＡ６３Ｇ２１／００；スキーリフトＢ６１Ｂ１１／００；交通またはスポーツの目的に適した雪または氷の面の製造または維持Ｅ０１Ｈ４／００；雪または氷の除去Ｅ０１Ｈ５／００；氷または雪の製造Ｆ２５Ｃ３／００）［４］,・アイススケートまたはローラースケートリンク；スキー，スキージャンプまたはトボガンそり用のスロープまたは軌道［４］
uploaded,タイトル変更,A63D 1/00,A63D 1/00,ボウリング場；ボッチアコート（ボウリング芝生Ａ６３Ｃ１９／００）,ボウリングゲームのための設備，例．ボウリング場またはボッチアコート（ボウリング芝生Ａ６３Ｃ１９／００）
uploaded,タイトル変更,A63D 3/00,A63D 3/00,卓上玉ころがし；小形ボウリング場；ボウリングゲーム,卓上ボウリングゲーム；小形ボウリング場；ボウリングゲーム（ピンのゲームＡ６３Ｄ７／００）
uploaded,タイトル変更,A63D 13/00,A63D 13/00,バゲティル；類似のゲーム（ボールの発射または押出し装置Ａ６３Ｆ７／２４）,バゲティルまたは類似のゲーム
uploaded,タイトル変更,A63D 15/00,A63D 15/00,玉突き；玉突き台；ポケット玉突き（バゲテイル１３／００）,ビリヤード，例．キャロムビリヤードまたはポケットビリヤード；ビリヤード台（バゲティルＡ６３Ｄ１３／００）
uploaded,タイトル変更,A63J 1/00,A63J 1/00,舞台装置（舞台または劇場の構造的な装置Ｅ０４Ｈ；劇場の装飾のため，衣裳のため，幕のための織物Ｄ０３Ｄ）,舞台装置
uploaded,タイトル変更,A63J 3/00,A63J 3/00,サーカスまたは試合場の装置または設備（サーカスの建物Ｅ０４Ｂ，Ｅ０４Ｈ）,サーカスまたは試合場の装置または設備
uploaded,タイトル変更,A63J 5/00,A63J 5/00,舞台上，またはサーカスまたは試合場内で特殊な効果を出すための補助装置（照明装置Ｆ２１Ｓ）,舞台上，またはサーカスまたは試合場内で特殊な効果を出すための補助装置
uploaded,タイトル変更,A63J 5/12,A63J 5/12,・人を昇降するための装置（エレベーター，エスカレーターまたは動く歩動Ｂ６６Ｂ）,・人を昇降するための装置
uploaded,タイトル変更,A63J 9/00,A63J 9/00,遠心力を利用した軌道，宙乗り，または類似のもの（大衆娯楽のための滑降斜面路Ａ６３Ｇ２１／００）,遠心力を利用した軌道，宙乗り，または類似のもの
uploaded,タイトル変更,A63J 13/00,A63J 13/00,パノラマ，ディオラマ，ステレオラマ，または類似のもの（模形一般Ｇ０９Ｂ）,パノラマ，ディオラマ，ステレオラマ，または類似のもの
uploaded,タイトル変更,A63J 15/00,A63J 15/00,のぞきからくり，例．のぞき眼鏡；万華鏡的なまたはその他の乳白光を出す見せ物（着色玩具Ａ６３Ｈ３３／２２；万華鏡Ｇ０２Ｂ２７／０８）,のぞきからくり，例．のぞき眼鏡；万華鏡的なまたはその他の乳白光を出す見せ物
uploaded,タイトル変更,B21D 1/00,B21D 1/00,金属板または金属板から作られた特定物品の矯正，形状の回復または局部ひずみの除去（３／００が優先）；圧延と結合された金属板の引張り矯正（引張りによる限定された長さの金属板の加工２５／００；局部的打伸ばしによるもの３１／０６）［２］,金属板または金属板から作られた特定物品の矯正，形状の回復または局部ひずみの除去（Ｂ２１Ｄ３／００が優先）；圧延と結合された金属板の引張り矯正［２］
uploaded,タイトル変更,B21D 3/00,B21D 3/00,金属棒，金属管，金属プロフィル，またはそれから作られた特殊な物品であって，金属板の部分を含むかあるいは含まないものの矯正または形状の回復（設置された抗井ケーシングのその場所での矯正Ｅ２１Ｂ）,金属棒，金属管，金属プロフィル，またはそれから作られた特殊な物品であって，金属板の部分を含むかあるいは含まないものの矯正または形状の回復
uploaded,タイトル変更,B21D 5/00,B21D 5/00,直線にそった金属板の曲げ，例．単純なカーブの成形（１１／０６から１１／１８が優先；金属板のコルゲート加工１３／００；縁処理１９／００）,直線にそった金属板の曲げ，例．単純なカーブの成形（Ｂ２１Ｄ１１／０６からＢ２１Ｄ１１／１８が優先）
uploaded,タイトル変更,B21D 9/15,B21D 9/15,・不定形状の材料，例．砂，可塑性材料，を充填して使用するもの（管への前記材料の充填９／１６）［２］,・不定形状の材料，例．砂，可塑性材料，を充填して使用するもの［２］
uploaded,タイトル変更,B21D 11/00,B21D 11/00,グループ５／００，７／００，９／００の一つのみに記載された材料の形状に限定されない曲げ；グループ５／００から９／００に分類されない曲げ（コルゲート加工または曲げによる波形の成形１３／００，１５／００；フランジ加工１９／００）；ねじり［２］,グループＢ２１Ｄ５／００，Ｂ２１Ｄ７／００，Ｂ２１Ｄ９／００の一つのみに記載された材料の形状に限定されない曲げ；グループＢ２１Ｄ５／００からＢ２１Ｄ９／００に分類されない曲げ；ねじり［２］
uploaded,タイトル変更,B21D 11/02,B21D 11/02,・ダイス上での伸張または引張りによる曲げ（伸張による限定された長さの金属板の加工２５／００）,・ダイス上での伸張または引張りによる曲げ
uploaded,タイトル変更,B21D 11/06,B21D 11/06,・ヘルカル状またはスパイラルサーペンタイン形（スパイラル管の製造Ｂ２１Ｃ３７／１２）,・ヘルカル状またはスパイラルサーペンタイン形
uploaded,タイトル変更,B21D 13/00,B21D 13/00,金属板，棒，またはプロフィルのコルゲート加工；金属板，棒，またはプロフィルの波形への曲げ（管１５／００）,金属板，棒，またはプロフィルのコルゲート加工；金属板，棒，またはプロフィルの波形への曲げ
uploaded,タイトル変更,B21D 15/00,B21D 15/00,管のコルゲート加工（マンドレルまたは類似のものを使用するしわ付け曲げ９／１４）［２］,管のコルゲート加工［２］
uploaded,タイトル変更,B21D 17/02,B21D 17/02,・プレスによるもの（ボルト，鋲もしくは類似のものの溝付けまたはノッチングＢ２１Ｋ１／５４）,・プレスによるもの
uploaded,タイトル変更,B21D 19/00,B21D 19/00,フランジ加工または他の縁処理，例．管のもの（ひだを利用した結合３９／００；管端の拡大４１／０２）,フランジ加工または他の縁処理，例．管のもの
uploaded,タイトル変更,B21D 19/02,B21D 19/02,・縁にそって動く連続作動工具によるもの（エッジカーリング１９／１２）,・縁にそって動く連続作動工具によるもの
uploaded,タイトル変更,B21D 19/14,B21D 19/14,・・縁の補強，例．鎧装板,・・縁の補強，例．鎧装板による
uploaded,タイトル変更,B21D 22/22,B21D 22/22,・・ブランクの縁を保持する装置をもつもの（２２／２４～２２／３０が優先；外側の成形型なしのダイスの上での成形１１／０２）,・・ブランクの縁を保持する装置をもつもの（Ｂ２１Ｄ２２／２４～Ｂ２１Ｄ２２／３０が優先する）
uploaded,タイトル変更,B21D 26/00,B21D 26/00,切断を伴わない成形であって，剛性の装置または工具もしくは可塑性または弾性パッドを用いる以外のものすなわち流体圧力または磁気力を適用するもの（弾性パッドを使用する型打ち２２／１０）,切断を伴わない成形であって，剛性の装置または工具もしくは可塑性または弾性パッドを用いる以外のもの，例．流体圧力または磁気力を適用することによる成形
uploaded,タイトル変更,B21D 28/02,B21D 28/02,・屑を出すかもしくは出さないでブランクまたは物品の押し抜き（ストリップもしくは板材からのくぎまたはピンの切断Ｂ２１Ｇ３／２６）；ノッチング,・屑を出すかもしくは出さないでブランクまたは物品の押し抜き；ノッチング
uploaded,タイトル変更,B21D 28/14,B21D 28/14,・・ダイス（押抜き機または押抜き工具に組入れられる放出または除去装置４５／００）,・・ダイス（押抜き工具に組入れられる放出または除去装置Ｂ２１Ｄ４５／００）
uploaded,タイトル変更,B21D 31/00,B21D 31/00,金属板，金属管，金属プロフィルの加工のための他の方法（圧延により管の片面をら施状に変形することＢ２１Ｈ３／００；アプセット加工Ｂ２１Ｊ５／０８；材料を除去することによる金属の加工Ｂ２３；エンボス加工Ｂ４４Ｂ）,金属板，金属管，金属プロフィルの加工のための他の方法（圧延により管の片面をら施状に変形することＢ２１Ｈ３／００；アプセット加工Ｂ２１Ｊ５／０８；装飾またはマークをエンボス加工するＢ４４Ｂ５／００）
uploaded,タイトル変更,B21D 31/02,B21D 31/02,・スタッピングまたはピアシング，例．篩を作るためのもの（窪みの作成２２／０４；押抜きによる穴あけ２８／２４）,・スタッピングまたはピアシング，例．篩を作るためのもの
uploaded,タイトル変更,B21D 31/04,B21D 31/04,・グループ１／００から２８／００に分類されている以外のエキスパンディング，例．エキスパンデッドメタルの製造のためのもの（４７／００が優先；管端の拡大４１／０２）［２］,・グループＢ２１Ｄ１／００からＢ２１Ｄ２８／００に分類されている以外のエキスパンディング，例．エキスパンデッドメタルの製造のためのもの（Ｂ２１Ｄ４７／００が優先）［２］
uploaded,タイトル変更,B21D 31/06,B21D 31/06,・連続衝撃による金属板，金属管，金属プロフィルの変形，例．ハンマリング，ビーティング，ピーン（金槌のとがった端）による成形（鍛造ハンマーＢ２１Ｊ７／００）,・連続衝撃による金属板，金属管，金属プロフィルの変形，例．ハンマリング，ビーティング，ピーン（金槌のとがった端）による成形
uploaded,タイトル変更,B21D 39/00,B21D 39/00,物体または部品を結合するための方法の適用，例．鍍金以外の金属板での被覆（リベット締めＢ２１Ｊ；複数部品によって集成された物品を作るために鍛造またはプレスによる構成部材の結合Ｂ２１Ｋ２５／００；溶接Ｂ２３Ｋ；プレスパメ，圧力パメまたは普通の焼パメＢ２３Ｐ１１／００，１９／００；粘着性物によるものＦ１６Ｂ１１／００）；拡管装置,物体または部品を結合するための方法の適用，例．鍍金以外の金属板での被覆（リベット締めＢ２１Ｊ；複数部品によって集成された物品を作るために鍛造またはプレスによる構成部材の結合Ｂ２１Ｋ２５／００）；拡管装置
uploaded,タイトル変更,B21D 43/02,B21D 43/02,・貯蔵装置；積み重ねまたは積み重ねないもの（一般Ｂ６５Ｇ）,・貯蔵装置；積み重ねまたは積み重ねないもの
uploaded,タイトル変更,B21D 49/00,B21D 49/00,物品の被覆または補強（その上へのワイヤまたテープの巻付けによるものＢ６５Ｈ５４／００，８１／００；導体またはケーブルの製造に特に適応させるものＨ０１Ｂ１３／２６）,物品の被覆または補強
uploaded,タイトル変更,B21D 51/14,B21D 51/14,・・運搬または貯蔵のために中空物品を平らにすること；これを元の形に復元すること（二重になっている平らな材料からの管の製造Ｂ２１Ｃ３７／１４）,・・運搬または貯蔵のために中空物品を平らにすること；それに続く元の形の復元
uploaded,タイトル変更,B21D 51/26,B21D 51/26,・・缶または錫缶；これの永久的な密封（出口設備の製造５１／３８；溶接またはハンダ付Ｂ２３Ｋ）［２］,・・缶または錫缶；缶または錫缶の永久的な密封（出口設備の製造Ｂ２１Ｄ５１／３８）［２］
uploaded,タイトル変更,B21D 51/44,B21D 51/44,・・・密封具の製造，例．蓋（紙蓋の製造と同じような薄い金属箔の折曲げＢ３１Ｄ５／００；密封具の製造とその取付けとが同時に行なわれるものＢ６７Ｂ）,・・・密封具の製造，例．蓋（紙蓋の製造と同じような薄い金属箔の折曲げＢ３１Ｄ５／００；それらの応用による密封具の製造とその取付けとが同時に行われるものＢ６７Ｂ）
uploaded,タイトル変更,B21D 53/00,B21D 53/00,他の特定物品の製造（線材構造物の製造Ｂ２１Ｆ；チェーンまたはチェーン部品の製造Ｂ２１Ｌ）,他の特定物品の製造（チェーンまたはチェーン部品の製造Ｂ２１Ｌ）
uploaded,タイトル変更,B21D 53/08,B21D 53/08,・・金属管と金属板両方のもの（開口部での管の結合３９／０６）,・・金属管と金属板両方のもの
uploaded,タイトル変更,B21D 55/00,B21D 55/00,機械または操縦者を保護する安全装置であって，このサブクラスに関する装置または機械に特に適応させたもの（プレス用一般Ｂ３０Ｂ；安全装置一般Ｆ１６Ｐ）,機械または操縦者を保護する安全装置であって，このサブクラスに関する装置または機械に特に適応させたもの
uploaded,タイトル変更,B22D 11/04 311 G,B22D 11/04 311 G,鋳型壁の内面の形状・構造に特徴のあるもの〔被覆は，１１／０４　３１２〕,鋳型壁の内面の形状・構造に特徴のあるもの〔被覆は，１１／０５９　１１０〕
uploaded,タイトル変更,B22D 11/04 311 J,B22D 11/04 311 J,・電磁誘導子をもつもの〔撹拌装置は１１／１０　３５０〕,・電磁誘導子をもつもの〔撹拌装置は１１／１１５〕
uploaded,タイトル変更,B22F 1/00,B22F 1/00,金属質粉の特殊処理，例．加工を促進するためのもの，特性を改善するためのもの；金属粉それ自体，例．異なる組成の小片の混合（Ｃ０４，Ｃ０８が優先）,金属質粉の特殊処理，例．加工を促進するためのもの，特性を改善するためのもの；金属粉それ自体，例．異なる組成の小片の混合
uploaded,タイトル変更,B22F 9/00,B22F 9/00,金属質粉またはその懸濁液の製造,金属質粉またはその懸濁液の製造；それに特に適する装置または機械
uploaded,タイトル変更,B22F 9/04,B22F 9/04,・・固体物質からはじまるもの，例．破砕，研磨または粉砕によるもの（破砕，研磨または粉砕一般は適当なサブクラス，例．Ｂ０２，を参照）［３］,・・固体物質からはじまるもの，例．破砕，研磨または粉砕によるもの［３］
uploaded,タイトル変更,B24B 1/04,B24B 1/04,・研削または研磨工具，研磨媒体または工作物に振動を行わせるもの，例．超音波振動による研削（タンブリング装置による工作物表面の研磨３１／００；揺動または振動容器を含むもの３１／０６；工作物表面の超仕上げ，例．高い振動数で往復動する研磨体によるもの３５／００）［４］,・研削または研磨工具，研磨媒体または工作物に振動を行わせるもの，例．超音波振動による研削（揺動または振動容器Ｂ２４Ｂ３１／０６；工作物表面の超仕上げ，例．高い振動数で往復動する研磨体によるものＢ２４Ｂ３５／００，を含む）［４］
uploaded,タイトル変更,B24B 3/00,B24B 3/00,刃砥ぎ，例．工具の；そのための附属装置，例．工具の保持装置（大鎌小鎌もしくはそれに類似するものの，研磨体を用いない刃砥ぎＡ０１Ｄ３／００；刃物を有する機械の構成部分として設計されている刃砥ぎ装置はその機械の関連箇所を参照，例．Ａ０１Ｄ７５／０８，Ｂ２６Ｄ７／１２；鋸歯砥ぎＢ２３Ｄ６３／１２；やすり，または石目やすりの目立てＢ２３Ｄ７３／００；ダイスもしくはチェーザーの研削Ｂ２３Ｇ１／３６）,刃砥ぎ，例．工具の；そのための附属装置，例．工具の保持装置（大鎌小鎌もしくはそれに類似するものの，研磨体を用いない刃砥ぎＡ０１Ｄ３／００；刃物を有する機械の構成部分として設計されている刃砥ぎ装置はその機械の関連箇所を参照，例．Ａ０１Ｄ７５／０８，Ｂ２６Ｄ７／１２）
uploaded,タイトル変更,B24B 3/48,B24B 3/48,・・カミソリまたはカミソリの刃の刃砥ぎ（機械的機構によらず，研削体によってする刃砥ぎＢ２４Ｄ）,・・カミソリまたはカミソリの刃の刃砥ぎ（機械的機構によらず，研削体によってする刃砥ぎＢ２４Ｄ１５／０６）
uploaded,タイトル変更,B24B 5/18,B24B 5/18,・工作物を支持し，案内し，自由に動かしまたは回転させるためのセンターレス装置を有するもの（心なし旋盤Ｂ２３Ｂ５／０８；ねじの心なし研削Ｂ２３Ｇ１／４２）［２］,・工作物を支持し，案内し，自由に動かしまたは回転させるためのセンターレス装置を有するもの［２］
uploaded,タイトル変更,B24B 5/05,B24B 5/05,・研削されるべき非金属物体の材質の特性に対する特別の設計により特徴づけられるもの，例．楽器の弦の研削（タイヤトレッドへのプロフィルのカッティングＢ２９Ｄ３０／６８）,・研削されるべき非金属物体の材質の特性に対する特別の設計により特徴づけられるもの，例．楽器の弦の研削
uploaded,タイトル変更,B24B 7/02,B24B 7/02,・往復動する工作物支持テーブルを有するもの（動かない工作物支持テーブルと組み合わされた往復動砥石車を有するもの７／０７）［４］,・往復動する工作物支持テーブルを有するもの［４］
uploaded,タイトル変更,B24B 7/01,B24B 7/01,・専用機械または専用装置（敷設された軌道上で使用するために特に設計された研削盤または研削機械Ｅ０１Ｂ３１／１７）,・専用機械または専用装置
uploaded,タイトル変更,B24B 7/14,B24B 7/14,・・滑り面を研削するもの（工作物に取り付けて使用するように設計された携帯用研削盤２３／０８）［４］,・・滑り面を研削するもの［４］
uploaded,タイトル変更,B24B 7/16,B24B 7/16,・・端面，例．ゲージ，ローラー，ナット，ピストンリングの端面，を研削するもの（工作物の回転面とこれに隣接する平面をいっしょに研削するもの５／０１；工作物の端部または斜面を研削するためのもの９／００）［４］,・・端面，例．ゲージ，ローラー，ナット，ピストンリングの端面，を研削するもの（工作物の回転面とこれに隣接する平面をいっしょに研削するものＢ２４Ｂ５／０１）［４］
uploaded,タイトル変更,B24B 7/18,B24B 7/18,・・床，壁，天井または類似のものを研削するもの（床を清浄にする機械または装置Ａ４７Ｌ１１／００，Ａ４７Ｌ１３／００）,・・床，壁，天井または類似のものを研削するもの
uploaded,タイトル変更,B24B 11/00,B24B 11/00,工作物の球面部分または球面を研削するために設計された機械または装置；そのための附属装置（特に光学面用に設計されたもの１３／００；座面を研削するもの１５／００）,工作物の球面部分または球面を研削するために設計された機械または装置；そのための附属装置
uploaded,タイトル変更,B24B 15/00,B24B 15/00,座面を研削するために設計された機械または装置；そのための附属装置（球面一般の研削１１／００）,座面を研削するために設計された機械または装置；そのための附属装置
uploaded,タイトル変更,B24B 17/00,B24B 17/00,モデル，図面，磁気テープまたは類似のものによって制御される研削機械または装置に特有の応用（そのように制御される研削機械または装置のうちレンズ端面研削用９／１４；光学レンズ表面の研削または研磨用１３／０６；非円形横断面の研削用１９／０８；トロコイド面の研削用１９／０９；カムの研削用１９／１２；タービン羽根または類似のものの研削用１９／１４；そのような制御手段それ自体Ｂ２３Ｑ３３／００，Ｂ２３Ｑ３５／００，Ｇ０５）；そのための附属装置［４］,モデル，図面，磁気テープまたは類似のものによって制御される研削機械または装置に特有の応用；そのための附属装置［４］
uploaded,タイトル変更,B24B 19/00,B24B 19/00,他のメイングループのどれにも分類されない特定の研削加工用専用機械または専用装置（タップまたはリーマのテーパ削り，面取りまたは二番取り３／２０，３／２２；ネジの研削Ｂ２３Ｇ１／３６）,他のメイングループのどれにも分類されない特定の研削加工用専用機械または専用装置（ネジの研削Ｂ２３Ｇ１／３６）
uploaded,タイトル変更,B24B 19/11,B24B 19/11,・・リング，例．ピストンリング，の円周面を研削するもの（端面の研削７／１６，７／１７）［４］,・・リング，例．ピストンリング，の円周面を研削するもの［４］
uploaded,タイトル変更,B24B 19/14,B24B 19/14,・タービンブレード，プロペラブレードまたは類似のものを研削するもの（研削帯を用いるもの２１／１６）［４］,・タービンブレード，プロペラブレードまたは類似のものを研削するもの［４］
uploaded,タイトル変更,B24B 19/16,B24B 19/16,・鋭端を有する工作物，例．針，ペン，釣針，毛抜き，レコード針，を研削するもの（ダイヤモンドまたはサファイヤの斜面を研削するもの９／１６；針の研磨２９／０８）［４］,・鋭端を有する工作物，例．針，ペン，釣針，毛抜き，レコード針，を研削するもの（針の研磨Ｂ２４Ｂ２９／０８）［４］
uploaded,タイトル変更,B24B 19/18,B24B 19/18,・・梳綿装置，例．針布，を研削するもの（梳綿機に組み込まれ，または，それにとりつけ得るようになっている針布を砥ぐ装置Ｄ０１Ｇ）,・・梳綿装置，例．針布，を研削するもの
uploaded,タイトル変更,B24B 19/02,B24B 19/02,・引抜きダイスを研削するもの（非常に細い孔の内壁の研削５／４８）,・引抜きダイスを研削するもの
uploaded,タイトル変更,B24B 19/26,B24B 19/26,・弧状面を有する工作物，例．自動車車体の一部，バンパー，磁気記録ヘッド，を研削するもの（球面の研削一般１１／００；レンズの光学面または他の工作物の類似形状面の研削１３／００）［４］,・弧状面を有する工作物，例．自動車車体の一部，バンパー，磁気記録ヘッド，を研削するもの［４］
uploaded,タイトル変更,B24B 19/28,B24B 19/28,・・ドラムブレーキのシューまたはライニングを研削するもの（ブレーキドラム・ハブの研削５／０６；ブレーキディスクの研削７／１７）［４］,・・ドラムブレーキのシューまたはライニングを研削するもの［４］
uploaded,タイトル変更,B24B 21/00,B24B 21/00,研削または研磨帯を用いる機械または装置（工具の刃の刃砥ぎ３／００；携帯用ベルト研削機２３／０６）；そのための付属装置［４］,研削または研磨帯を用いる機械または装置（携帯用ベルト研削機Ｂ２４Ｂ２３／０６）；そのための付属装置［４］
uploaded,タイトル変更,B24B 21/16,B24B 21/16,・その他の特別の形状面を研削するもの（カムまたはカムシャフトを研削する専用機械１９／１２）［４］,・その他の特別の形状面を研削するもの［４］
uploaded,タイトル変更,B24B 23/00,B24B 23/00,携帯用研削機械，例．手動研削機械；そのための付属装置（７／１８が優先；座面の研削１５／００；フレキシブルシャフトを有するもの２７／０２７；切断用研削機２７／０８；除塵装置５５／１０；作動に特別の関連をもたない可搬型動力工具の細部または要素，例．ケーシング，本体，Ｂ２５Ｆ５／００）［４］,携帯用研削機械，例．手動研削機械；そのための付属装置（Ｂ２４Ｂ７／１８が優先；除塵装置Ｂ２４Ｂ５５／１０）［４］
uploaded,タイトル変更,B24B 29/00,B24B 29/00,固体または液体研磨剤を用いまたは用いないで，柔軟または弾性材料からなる工具により工作物の表面を研磨する機械または装置（ガラスを研削または研磨する機械または装置７／２４，９／００，１３／００；研削帯を用いる研削または研磨２１／００；研磨工具一般Ｂ２４Ｄ１３／００）［４］,固体または液体研磨剤を用いまたは用いないで，柔軟または弾性材料からなる工具により工作物の表面を研磨する機械または装置（研削帯を用いる研削または研磨Ｂ２４Ｂ２１／００）［４］
uploaded,タイトル変更,B24B 31/00,B24B 31/00,工作物または砥粒が流動可能な状態で入れられているタンブリング装置，またはその他の装置によって工作物の表面を研磨しまたは艶出しするために設計された機械または装置；そのための附属装置（ガラスを研削または研磨する機械または装置７／２４，９／００，１３／００；砥粒投射機械Ｂ２４Ｃ３／２６）,工作物または砥粒が流動可能な状態で入れられているタンブリング装置，またはその他の装置によって工作物の表面を研磨しまたは艶出しするために設計された機械または装置；そのための附属装置（砥粒投射機械Ｂ２４Ｃ３／２６）
uploaded,タイトル変更,B24B 31/12,B24B 31/12,・付属装置；保護装置または安全装置；グループ３１／００のために特に設計された除塵または消音装置（一般５５／００）［４］,・付属装置；保護装置または安全装置；グループＢ２４Ｂ３１／００に包含される機械のために特に適した除塵または消音装置［４］
uploaded,タイトル変更,B24B 33/06,B24B 33/06,・制御または計測装置をもつもの（測定一般Ｇ０１Ｂ；制御一般Ｇ０５）,・制御または計測装置をもつもの）
uploaded,タイトル変更,B24B 39/00,B24B 39/00,バニッシング機械または装置，すなわち，工作物表面に接する押圧部材を有する機械または装置（バニッシングにより金属の組織的構造または物理的性質を変えるものＣ２１Ｄ７／０８，Ｃ２２Ｆ１／００）；そのための附属装置（３／００が優先）,バニッシング機械または装置，すなわち，工作物表面に接する押圧部材を有する機械または装置；そのための附属装置（Ｂ２４Ｂ３／００が優先）
uploaded,タイトル変更,B24B 45/00,B24B 45/00,回転軸に砥石車をとりつける手段（系内に発生する振動の防止Ｆ１６Ｆ１５／００；機械の静的もしくは動的釣合の試験Ｇ０１Ｍ１／００）,回転軸に砥石車をとりつける手段
uploaded,タイトル変更,B24B 53/00,B24B 53/00,研削面のドレッシングまたは正常化のための装置または手段（ドレッシングの結果生じた砥石車の摩耗の補償４７／２５）［４］,研削面のドレッシングまたは正常化のための装置または手段［４］
uploaded,タイトル変更,B24B 53/095,B24B 53/095,・ドレッシング作業中の冷却または潤滑（研削面の冷却５５／０２）［４］,・ドレッシング作業中の冷却または潤滑［４］
uploaded,タイトル変更,B24B 55/00,B24B 55/00,研削または研磨機械の安全装置；工具または機械の部品を良い稼動条件に維持するために研削または研磨機械に取り付けられた付属装置（工作機械一般に用い得るものＢ２３Ｑ１１／００；一般Ｆ１６Ｐ）,研削または研磨機械の安全装置；工具または機械の部品を良い稼動条件に維持するために研削または研磨機械に取り付けられた付属装置
uploaded,タイトル変更,B24B 55/02,B24B 55/02,・冷却液の供給のための装置を含む研削面の冷却のための装置（ドレッシング作業中の冷却または潤滑５３／０９５；砥石車に組み込まれたものＢ２４Ｄ）［４］,・研削面の冷却のための装置，例．冷却液の供給のための装置（砥石車に組み込まれたものＢ２４Ｄ）［４］
uploaded,タイトル変更,B24D 3/00,B24D 3/00,研磨体または研磨シートの物理的特徴，例．特別な性質の研磨表面；構成成分により特徴づけられる研磨体または研磨シート（摩擦ライニングの組成物Ｆ１６Ｄ６９／０２）,研磨体または研磨シートの物理的特徴，例．特別な性質の研磨表面；構成成分により特徴づけられる研磨体または研磨シート
uploaded,タイトル変更,B24D 5/06,B24D 5/06,・砥粒塊を装着したもの，例．セグメント砥石をもったもの（区域により異なった性質をもったもの５／１４）,・砥粒塊を装着したもの，例．セグメント砥石をもったもの
uploaded,タイトル変更,B24D 7/06,B24D 7/06,・砥粒塊を内装したもの，例．セグメント砥石をもったもの（区域により異なった結合度をもったもの７／１４）,・砥粒塊を内装したもの，例．セグメント砥石をもったもの
uploaded,タイトル変更,B24D 7/18,B24D 7/18,・特殊な型の車（特別な目的のために設計されたものが他の単一のクラス内に備えられたものであるならばそのクラスが優先する）,・特殊な型の車
uploaded,タイトル変更,B24D 9/00,B24D 9/00,可撓性研磨素材の一層を交換可能に保持する磨き車またはドラム，例．サンドペーパーを交換可能に保持する車またはドラム（機械要素としての車またはドラムＦ１６）,可撓性研磨素材の一層を交換可能に保持する磨き車またはドラム，例．サンドペーパーを交換可能に保持する車またはドラム
uploaded,タイトル変更,B25F 1/00,B25F 1/00,組合せ手工具または多目的手工具（単一の可搬型動力駆動装置といろいろな作業工具との組合せ３／００）,組合せ手工具または多目的手工具
uploaded,タイトル変更,B25H 3/00,B25H 3/00,工作物，工具または器具に近づき易くするかまたはそれらの取扱いを容易にするための作業用の貯蔵手段または装置（内容物を分配するための特別の手段をもつ容器または包装Ｂ６５Ｄ８３／００）,工作物，工具または器具に近づき易くするかまたはそれらの取扱いを容易にするための作業用の貯蔵手段または装置
uploaded,タイトル変更,B25H 5/00,B25H 5/00,車両と組み合わされて使用される工具，器具，工作物保持手段または貯蔵手段（車輪またはその部品の保持手段Ｂ６０Ｂ３０／００）；作業者のささえ，例．メカニッククリーパー,車両と組み合わされて使用される工具，器具，工作物保持手段または貯蔵手段；作業者のささえ，例．メカニッククリーパー
uploaded,タイトル変更,B25H 7/00,B25H 7/00,工作物の印付けまたは芯出し（測定，ゲージングＧ０１；光学器械Ｇ０２Ｂ；写真手段によるものＧ０３Ｃ）,工作物の印付けまたは芯出し（印付け，ミシン目打ち，またはボタン穴あけのための器具または方法Ａ４１Ｈ２５／００；紐線引きＢ４４Ｄ３／３８）
uploaded,タイトル変更,B26D 1/06,B26D 1/06,・・・切断刃部が往復動するもの（カップ状または類似の切断刃部１／４４）［３］,・・・切断刃部が往復動するもの［３］
uploaded,タイトル変更,B26D 1/12,B26D 1/12,・・軸のまわりを動く切断刃部を具備するもの（１／５４７が優先；カップ状または類似の切断刃部１／４４）［３］,・・軸のまわりを動く切断刃部を具備するもの（Ｂ２６Ｄ１／５４７が優先）［３］
uploaded,タイトル変更,B26D 1/36,B26D 1/36,・・・・・切断中連続的に一方向に回転するもの，例．回転円筒上に取付られたもの（フライング切断のためのもの１／６２）［３］,・・・・・切断中連続的に一方向に回転するもの，例．回転円筒上に取付られたもの［３］
uploaded,タイトル変更,B26D 1/56,B26D 1/56,・被加工材とともに移動する切断刃部を具備するもの，すなわち，フライング切断機（金属用のフライングシャーＢ２３Ｄ２５／００；金属用のフライング鋸Ｂ２３Ｄ４５／１８）［３］,・被加工材とともに移動する切断刃部を具備するもの，すなわち，フライング切断機［３］
uploaded,タイトル変更,B26D 3/01,B26D 3/01,・単一直線型以外の切断加工（切抜Ｂ２６Ｆ）,・単一直線型以外の切断加工（切抜または型抜Ｂ２６Ｆ１／３８）
uploaded,タイトル変更,B26D 3/14,B26D 3/14,・切断による被加工材端部への切欠加工（打抜によるものＢ２６Ｆ１／１２）,・切断による被加工材端部への切欠加工
uploaded,タイトル変更,B26D 3/18,B26D 3/18,・立方体またはそれと類似のものを得るためのもの（氷を得るものＦ２５Ｃ５／０２）［３］,・立方体またはそれと類似のものを得るためのもの［３］
uploaded,タイトル変更,B26D 3/28,B26D 3/28,・被加工材を層状に分割するもの；切断により層状物を相互に分離するもの（プラスチック含有廃棄物からプラスチックまたはその他の成分の回収Ｂ２９Ｂ１７／００）［３］,・被加工材を層状に分割するもの；切断により層状物を相互に分離するもの（Ｂ２６Ｄ３／３０が優先）［３］
uploaded,タイトル変更,B26D 5/42,B26D 5/42,・材料の供給および把持とが関連動作を行うもの（材料肥持装持装置７／０２）,・材料の供給および把持とが関連動作を行うもの
uploaded,タイトル変更,B26D 7/00,B26D 7/00,切断，切抜，型抜，打抜，穴あけ，または切断刃以外の手段による切断装置の細部（刃部１／００；手持ち切断工具を案内するための装置Ｂ２６Ｂ２９／０６；打抜工具またはダイ，切抜工具またはダイＢ２６Ｆ）［５］,切断，切抜，型抜，打抜，穴あけ，または切断刃以外の手段による切断装置の細部［５］
uploaded,タイトル変更,B26D 7/06,B26D 7/06,・シート，ウェブ，または線状材料以外の材料の供給と送り装置（シート，織物または繊維素物のものＢ６５Ｈ）,・シート，ウェブ，または線状材料以外の材料の供給と送り装置
uploaded,タイトル変更,B26D 7/01,B26D 7/01,・・加熱によるもの（加熱切断Ｂ２６Ｆ）,・・加熱によるもの（加熱部材による切断Ｂ２６Ｆ３／０８）
uploaded,タイトル変更,B26D 7/22,B26D 7/22,・切断機特有の安全装置（安全装置一般Ｆ１６Ｐ）,・切断機特有の安全装置
uploaded,タイトル変更,B27G 13/00,B27G 13/00,切削ブロック；その他の回転切削工具（１５／００，１７／００が優先）,切削ブロック；木材または類似材料の加工のために特に適合したその他の回転切削工具（Ｂ２７Ｋ１５／００，Ｂ２７Ｋ１７／００が優先）
uploaded,タイトル変更,B27G 23/00,B27G 23/00,工具または案内具の調整用に特に設計されたゲージ手段，例．切削ブロックの切削刃の調整（鋸機械の案内Ｂ２７Ｂ２７／００）,工具または案内具の調整用に特に設計されたゲージ手段，例．切削ブロックの切削刃の調整（手鋸取付け用Ｂ２７Ｂ２１／０８；鋸機械の案内用Ｂ２７Ｂ２７／００）
uploaded,タイトル変更,B27K 3/00,B27K 3/00,木材への注入（木材の着色または染色Ｂ２７Ｋ５／０２；木材の注入および乾燥の組み合わせＢ２７Ｋ５／０４）,木材への注入，例．保護のため（木材の注入および乾燥の組み合わせＢ２７Ｋ５／０４）
uploaded,タイトル変更,B27K 5/00,B27K 5/00,グループ１／００，３／００に分類されない木材の処理,木材の着色または染色；木材の漂白；グループＢ２７Ｋ１／００またはＢ２７Ｋ３／００に分類されない木材の処理
uploaded,タイトル変更,B29D 11/00,B29D 11/00,光学部品，例．レンズ，プリズム，の製造（光学部品の研削または研磨Ｂ２４Ｂ；光学部品の構造的な形状Ｇ０２Ｂ）［４］,光学部品，例．レンズまたはプリズム［４］
uploaded,タイトル変更,B29D 12/02,B29D 12/02,・眼鏡縁の製造（構造的な形状Ｇ０２Ｃ）,・眼鏡縁の製造
uploaded,タイトル変更,B29D 17/00,B29D 17/00,細い溝または刻印を有する記録用担体，例．針を用いる録音再生用円盤レコード，円筒レコード，の製造（形成された溝，またはそれに相当するものを用いて音またはその他の情報を記録するものＧ１１Ｂ）；原盤型からのレコード円盤の製造［４，６］,細い溝または刻印を有する記録用担体，例．針を用いる録音再生用円盤レコードまたは円筒レコード；原盤型からのレコード円盤の製造［４，６］
uploaded,タイトル変更,B29D 28/00,B29D 28/00,網または類似物の製造（結節によるものＤ０４Ｇ）［４］,網または類似物の製造［４］
uploaded,タイトル変更,B29D 30/00,B29D 30/00,空気タイヤもしくは中実タイヤまたはその部品の製造（インナーチューブの製造２３／２４；タイヤまたはその部品の構造上の形状Ｂ６０Ｃ；膨張可能な弾性体への弁の取付けＢ６０Ｃ２９／００；タイヤの検査Ｇ０１Ｍ１７／０２）［４］,空気タイヤもしくは中実タイヤまたはその部品の製造（インナーチューブの製造Ｂ２９Ｄ２３／２４；膨張可能な弾性体への弁の取付けＢ６０Ｃ２９／００）［４］
uploaded,タイトル変更,B29D 30/26,B29D 30/26,・・・・・付属装置または細部，例．膜体，移送［４］,・・・・・付属装置または細部，例．膜体または移送リング［４］
uploaded,タイトル変更,B29D 30/38,B29D 30/38,・・織物挿入物，例．コードまたはキャンバス層（織物の製造Ｄ０３Ｄ）；タイヤの組立て前における挿入物の処理（挿入物の前処理Ｂ２９Ｂ１５／００；相当なまたは連続的な長さの繊維状の平行な強化材からなる層の製造Ｂ２９Ｃ７０／２０）［４］,・・織物挿入物，例．コードまたはキャンバス層；タイヤの組立て前における挿入物の処理（相当なまたは連続的な長さの繊維状の平行な強化材からなる層の製造Ｂ２９Ｃ７０／２０）［４］
uploaded,タイトル変更,B29D 30/44,B29D 30/44,・・・ドラムへ装着する前の層の引張りまたは処理（装着時は３０／３０）［４］,・・・ドラムへ装着する前の層の引張りまたは処理［４］
uploaded,タイトル変更,B29D 30/48,B29D 30/48,・・ビードリングまたはビードコア（針金製のものＢ２１Ｆ３７／００）；そのタイヤを組立てる前の処理［４］,・・ビードリングまたはビードコア；そのタイヤを組立てる前の処理［４］
uploaded,タイトル変更,B29D 30/05,B29D 30/05,・・・個々のビードリングまたはビードコアを織物材料，例．フリッパーストリップ，によって包むもの，例．巻き付け（ビードリングまたはビードコアの周りへ織物層を折り重ねるもの３０／１８，３０／３２；ビードリングまたはビードコアを一体的に被覆するもの３０／３４）［４］,・・・個々のビードリングまたはビードコアを織物材料，例．フリッパーストリップ，によって包むもの，例．巻き付け［４］
uploaded,タイトル変更,B29D 30/52,B29D 30/52,・・未加硫トレッド，例．中古タイヤに対するもの；トレッドの再生（トレッドの成形および加硫装置Ｂ２９Ｃ３５／０２；車輪またはその部品の支持手段に特徴のある装置Ｂ６０Ｂ３０／００）［４，５］,・・未加硫トレッド，例．中古タイヤに対するもの；トレッドの再生［４，５］
uploaded,タイトル変更,B41J 1/56,B41J 1/56,・・・・活字がシャトルまたは類似のキャリヤに装着させたもの,・・・・活字がシャトルまたは類似のキャリヤに装着されたもの
uploaded,タイトル変更,B41J 3/04 104 A,B41J 3/04 104 A,荷電制御型及び飛翔御一般,荷電制御型及び飛翔制御一般
uploaded,タイトル変更,B41J 3/02 109 B,B41J 3/02 109 B,通電発熱プリンテイング用〔サ－マルプリンタで通電式（用紙に通電するもの）はサ－マルヘツドでも，３／２０１０９Ｂ〕〔通電転写用プリンタのヘツド，その他の構造〕,通電発熱プリンテイング用〔サ－マルプリンタで通電式（用紙に通電するもの）はサ－マルヘツドでも，３／２０，１０９Ｂ〕〔通電転写用プリンタのヘツド，その他の構造〕
uploaded,タイトル変更,B42D 1/00,B42D 1/00,本または他の装丁物（マッチブックＡ２４Ｆ２７／１２；付加的玩具効果を有する絵本Ａ６３Ｈ３３／３８；索引の特徴Ｂ４２Ｆ２１／００；教育または説明装置Ｇ０９Ｂ，例．外国語教習用教科書Ｇ０９Ｂ１９／０８）,本または他の装丁物（索引の特徴Ｂ４２Ｆ２１／００）
uploaded,タイトル変更,B42D 5/00,B42D 5/00,一綴りにするために装丁されないで結合された紙片（工程Ｂ４２Ｂ）,一綴りにするために装丁されないで結合された紙片
uploaded,タイトル変更,B42D 5/02,B42D 5/02,・書式の組（簿記書式１５／０２）,・書式の組
uploaded,タイトル変更,B42D 5/04,B42D 5/04,・カレンダー帳（カレンダーを印刷する特殊な装置Ｂ４１Ｆ１７／０４）,・カレンダー帳
uploaded,タイトル変更,B42D 9/00,B42D 9/00,しおり；目印指示器；本を開いておくための装置（表紙と結合したもの３／１６；シート用索引つけ札Ｂ４２Ｆ２１／００）；紙片めくり［２］,しおり；地点指示器；本を開いておくための装置（シート用索引つけ札Ｂ４２Ｆ２１／００）；紙片めくり［２］
uploaded,タイトル変更,B42D 13/00,B42D 13/00,製本用のルーズリーフ；差入物（一時的に取付けるルーズリーフＢ４２Ｆ３／００；索引に特徴があるものＢ４２Ｆ２１／００）,製本用のルーズリーフ；差入物（索引に特徴があるものＢ４２Ｆ２１／００）
uploaded,タイトル変更,B42D 15/00,B42D 15/00,他類に属さない特殊形式の印刷物（一時的に相互に取付けられたシートまたはシートにそのように取付けられた対象物をもつものＢ４２Ｆ；地図，線図Ｇ０９Ｂ２９／００；ラベルＧ０９Ｆ３／００）,他に分類されない特殊形式の印刷物
uploaded,タイトル変更,B42D 15/02,B42D 15/02,・郵便はがき；あいさつ状，献立表，業務用名刺またはその類似物；簡易書簡または便箋（１５／１０が優先；封筒Ｂ６５Ｄ２７／００）,・郵便はがき；あいさつ状，献立表，業務用名刺または類似のカード；簡易書簡または便箋（Ｂ４２Ｄ１５／１０が優先）
uploaded,タイトル変更,B42D 15/01,B42D 15/01,・身分証明書，クレジットカード，小切手または類似の情報担持カード（データの認識，記録担体として使用されるカードＧ０６Ｋ；記録担体一般Ｇ１１）［５］,・身分証明書，クレジットカード，小切手または類似の情報担持カード（少なくともその一部にデジタルマークが記録されるように設計され，かつ機械で使用される記録担体，例．クレジットカードまたは身分証明書Ｇ０６Ｋ１９／００）［５］
uploaded,タイトル変更,B42D 19/00,B42D 19/00,移動する帯状体の書き込みまたは読み取り装置（複写装置Ｂ４１Ｌ；金銭登録機に適合するものまたは組込まれたものＧ０７Ｇ）,移動する帯状体の書き込みまたは読み取り装置
uploaded,タイトル変更,B44B 3/00,B44B 3/00,浅い装飾またはマークを彫刻，彫付けまたは組紐飾り彫りするための二次元方向に可動のまたは制御され得る工具または工作物保持具を備えた美術作業用機械または装置（高密度電流の作用による金属のマーク付けまたは彫付けＢ２３Ｈ９／０６；組版彫込みＢ４１Ｃ，Ｂ４１Ｄ；写真製版法の複写による彫込みＧ０３Ｆ）,浅い装飾またはマークを彫刻，彫付けまたは組紐飾り彫りするための二次元方向に可動のまたは制御され得る工具または工作物保持具を備えた美術作業用機械または装置（高密度電流の作用による金属のマーク付けまたは彫付けＢ２３Ｈ９／０６；組版彫込みＢ４１Ｃ１／０２；写真製版法の複写による彫込みＧ０３Ｆ７／２０）
uploaded,タイトル変更,B44B 5/00,B44B 5/00,装飾またはマークをエンボシングする機械または装置，例．貨幣をエンボシングする機械または装置（板金または金属管の波形加工，板金加工と結合したエンボシングＢ２１Ｄ；プラスチックまたは可塑状態の物質のエンボシング一般Ｂ２９Ｃ５９／００；紙または厚紙のエンボシング一般Ｂ３１Ｆ１／０７；組版エンボシングＢ４１Ｃ１／０８；インキの使用を組合わせたエンボシング，活字圧刻プレス，選択エンボシング機構Ｂ４１Ｆ，Ｂ４１Ｊ，Ｂ４１Ｋ，Ｂ４１Ｍ；皮革のエンボシングＣ１４Ｂ）,装飾またはマークをエンボシングする機械または装置，例．貨幣をエンボシングする機械または装置（板金または金属管の波形加工，板金加工と結合したエンボシングＢ２１Ｄ；プラスチックまたは可塑状態の物質のエンボシング一般Ｂ２９Ｃ５９／０２；紙または厚紙のエンボシング一般Ｂ３１Ｆ１／０７；組版エンボシングＢ４１Ｃ１／０８；エンボスと結合された印刷操作を行う印刷機械Ｂ４１Ｆ１９／０２；エンボシング用のタイプライターまたは選択的プリンティングまたはマーキング機構Ｂ４１Ｊ３／３８；凹板押し印器具または装置Ｂ４１Ｋ１／３０，Ｂ４１Ｋ３／１６；コピー事項を変形する手段を有する押し印装置Ｂ４１Ｋ３／３６；エンボス用の皮革Ｃ１４Ｂ１／５６）
uploaded,タイトル変更,B44B 7/00,B44B 7/00,焼印用機械，装置または手工具（木材を焼くまたは黒焦げにするものＢ２７Ｍ１／０６）,焼印用機械，装置または手工具
uploaded,タイトル変更,B44B 9/00,B44B 9/00,装飾構造物をはめ込み加工，例．寄せ木細工，モザイク細工，する機械または装置（支持体に対する装飾物の取付けＢ４４Ｃ１／２８，構造物に対するものＢ４４Ｃ３／１２；モザイクまたは寄せ木細工のパターンの模倣Ｂ４４Ｆ１１／０４）,装飾構造物をはめ込み加工，例．寄せ木細工，モザイク細工，する機械または装置
uploaded,タイトル変更,B44F 5/00,B44F 5/00,不規則な面積を特徴とするデザイン，例．斑色のパターン（自然のパターンまたは美術品の模造によるもの９／００，１１／００）,不規則な面積を特徴とするデザイン，例．斑色のパターン
uploaded,タイトル変更,B60Q 7/00 660 C,B60Q 7/00 660 C,・電源を車載バヅテリ－から得るもの,・電源を車載バッテリ－から得るもの
uploaded,タイトル変更,B60Q 9/00 J,B60Q 9/00 J,・・速度、加速度を知らせるもの〔ｅｘ．オ－バ－スピ－ド、減速動作〕,・・速度、加速度を知らせるもの〔例．オ－バ－スピ－ド、減速動作〕
uploaded,タイトル変更,B60Q 9/00 Q,B60Q 9/00 Q,・・無人車のためのもの〔ｅｘ．存在を示すために常時信号を発するもの〕,・・無人車のためのもの〔例．存在を示すために常時信号を発するもの〕
uploaded,タイトル変更,B60Q 11/00 625 E,B60Q 11/00 625 E,点灯に供しない電流、電力により検知するもの,点灯に供しない電圧、電流により検知するもの
uploaded,タイトル変更,B60R 25/00,B60R 25/00,車両の無断使用や盗難を防いだり知らせたりする車両付属品［５］,車両の無断使用や盗難を防いだり知らせたりする付属品またはシステム（車両用の錠Ｅ０５Ｂ６５／１２）［５，２０１３．０１］
uploaded,タイトル変更,B60R 25/02,B60R 25/02,・操向機構に作用するもの,・・操向機構に作用するもの［１，２０１３．０１］
uploaded,タイトル変更,B60R 25/04,B60R 25/04,・エンジンの駆動を防止するもの（通常の使用時におけるエンジン，その部品はエンジンまたはその部品の関係分類を参照）,・・推進システム，例．エンジンまたは駆動モータ，に作用するもの［１，２０１３．０１］
uploaded,タイトル変更,B60R 25/06,B60R 25/06,・トランスミッションに作用するもの,・・・車両のトランスミッションに作用するもの［１，２０１３．０１］
uploaded,タイトル変更,B60R 25/08,B60R 25/08,・制動装置に作用するもの,・・制動装置または制動方式に作用するもの［１，２０１３．０１］
uploaded,タイトル変更,B60R 25/01,B60R 25/01,・信号装置を作動させるもの,・信号装置を作動させるもの［１，２０１３．０１］
uploaded,タイトル変更,B60W 10/01,B60W 10/01,・変速伝動装置の制御を含むもの［８］,・変速伝動装置の制御を含むもの［８，２０１２．０１］
uploaded,タイトル変更,B60W 10/12,B60W 10/12,・差動装置の制御を含むもの［８］,・差動装置の制御を含むもの［８，２０１２．０１］
uploaded,タイトル変更,B60W 10/18,B60W 10/18,・制動装置の制御を含むもの［８］,・制動装置の制御を含むもの［８，２０１２．０１］
uploaded,タイトル変更,B60W 30/02,B60W 30/02,・車両の挙動安定化制御［８］,・車両の挙動安定化制御［８，２０１２．０１］
uploaded,タイトル変更,B60W 30/08,B60W 30/08,・起こり得る又は差し迫った衝突の，予知又は回避［８］,・起こり得る又は差し迫った衝突の，予知又は回避［８，２０１２．０１］
uploaded,タイトル変更,B60W 30/16,B60W 30/16,・・車間距離制御，例．先行する車両との距離を維持するもの［８］,・・車間距離制御，例．先行する車両との距離を維持するもの［８，２０１２．０１］
uploaded,タイトル変更,B60W 30/18,B60W 30/18,・車両の推進に関するもの［８］,・車両の推進に関するもの［８，２０１２．０１］
uploaded,タイトル変更,B60W 40/06,B60W 40/06,・・道路の状態［８］,・・道路の状態［８，２０１２．０１］
uploaded,タイトル変更,B60W 40/08,B60W 40/08,・運転者又は同乗者の状態に関するもの［８］,・運転者又は同乗者の状態に関するもの［８，２０１２．０１］
uploaded,タイトル変更,B60W 40/01,B60W 40/01,・車両挙動に関するもの［８］,・車両挙動に関するもの［８，２０１２．０１］
uploaded,タイトル変更,B60W 40/12,B60W 40/12,・車両自体のパラメータに関するもの［８］,・車両自体のパラメータに関するもの［８，２０１２．０１］
uploaded,タイトル変更,B60W 50/02,B60W 50/02,・制御システムの故障時の安全確保，例．故障の診断，故障の回避，故障からの復帰によるもの［８］,・制御システムの故障時の安全確保，例．故障の診断，故障の回避，故障からの復帰によるもの［８，２０１２．０１］
uploaded,タイトル変更,B60W 50/08,B60W 50/08,・運転者と制御システムとの相互作用［８］,・運転者と制御システムとの相互作用［８，２０１２．０１］
uploaded,タイトル変更,B62D 3/08 D,B62D 3/08 D,セクタジヤフトの支持,セクタシヤフトの支持
uploaded,タイトル変更,B62J 35/00,B62J 35/00,モーターサイクルまたは補助エンジン付自転車特有の燃料タンク；その配置（自転車フレームの一部をなす燃料タンクＢ６２Ｋ１１／００；タンク一般Ｂ６５Ｄ）,モーターサイクルまたは補助エンジン付自転車特有の燃料タンク；その配置
uploaded,タイトル変更,B62K 5/06,B62K 5/06,・・・フレーム,・・・三輪車用フレーム
uploaded,タイトル変更,B62K 5/08,B62K 5/08,・二輪以上に作用する操向装置,・２つまたはそれ以上の車輪に作用する操向装置をもつもの
uploaded,タイトル変更,B62K 11/14,B62K 11/14,・ハンドルバーの構造，またはその制御装置および特殊な組合わせ（手操作の制御装置それ自体は２３／０２）,・ハンドルバーの構造，またはその制御装置および特殊な組合わせ（手操作の制御装置それ自体はＢ６２Ｋ２３／０２）
uploaded,タイトル変更,B62K 21/26,B62K 21/26,・握り（ねじり握り２３／０４）,・ハンドルバーの握り（ねじり握り２３／０４）
uploaded,タイトル変更,B62M 1/12,B62M 1/12,・手または足の両方で操作するもの,・手と足の両方の力で操作するもの
uploaded,タイトル変更,B62M 1/14,B62M 1/14,・もっぱら手の力によるもの（手クランクそれ自体は３／００）,・もっぱら手の力で操作するもの
uploaded,タイトル変更,B62M 1/16,B62M 1/16,・・前後動ハンドレバー手段によるもの,・・前後動ハンドルバー，例．手段によるもの
uploaded,タイトル変更,B63B 1/00,B63B 1/00,船体または水中翼の流体力学的または流体静力学的特徴（潜水艦特有の船体３／１３；キール３／３８；流体力学または流体静力学上の特徴の決定９／００；水中で作動する翼を使用して縦振れ，横振れ，または類似の望ましくない船舶の動揺を軽減するもの３９／０６）,船体または水中翼の流体力学的または流体静力学的特徴（潜水艦特有の船体Ｂ６３Ｂ３／１３；キールＢ６３Ｂ３／３８）
uploaded,タイトル変更,B63B 1/18,B63B 1/18,・・滑走艇型のもの（水平舵による潜水艦の姿勢または深さの制御Ｂ６３Ｇ８／１８）,・・滑走艇型のもの
uploaded,タイトル変更,B63B 3/00,B63B 3/00,船体の構造（非金属製の船体５／００；設計，建造，保守ならびに修理の各方法９／００）,船体の構造（非金属製の船体Ｂ６３Ｂ５／００）
uploaded,タイトル変更,B63B 7/08,B63B 7/08,・・膨張可能なもの（膨張可能な弾性体への弁の結合Ｂ６０Ｃ２９／００）,・・膨張可能なもの（膨張可能なブイＢ６３Ｂ２２／２２；膨張可能な救命いかだＢ６３Ｃ９／０４）
uploaded,タイトル変更,B63B 13/00,B63B 13/00,バラスト水注排水のための導管；自動あかとり装置；排水口（ハッチの排水装置１９／２６；ビルジ水遠心分離機Ｂ０４；管一般Ｆ１６Ｌ）,バラスト水注排水のための導管；自動あかとり装置；排水口
uploaded,タイトル変更,B63B 15/00,B63B 15/00,上部構造；マスト装置または設備（積込みまたは積降しの装置２７／００；マストまたは支索一般Ｅ０４Ｈ；帆，動索Ｂ６３Ｈ）,上部構造；マスト装置または設備
uploaded,タイトル変更,B63B 17/06,B63B 17/06,・廃棄物の排出，例．灰（生活廃棄物又は類似物の排出Ｂ６５Ｆ）,・廃棄物の排出，例．灰
uploaded,タイトル変更,B63B 19/04,B63B 19/04,・窓または玄窓に関連した空気採入れ装置（通風Ｂ６３Ｊ２／００）,・窓または玄窓に関連した空気採入れ装置
uploaded,タイトル変更,B63B 19/08,B63B 19/08,・船舶の玄側の載貨門またはそれに類する開口,・船舶の玄側の載貨門またはそれに類する開口（船舶の舷側を通過する水の開口Ｂ６３Ｂ１３／０２）
uploaded,タイトル変更,B63B 19/14,B63B 19/14,・・ハッチカバー（開閉装置一般Ｅ０５Ｆ）,・・ハッチカバー
uploaded,タイトル変更,B63B 21/00,B63B 21/00,係船；移動，曳船，または押船用装置；錨泊（動的停留Ｂ６３Ｈ２５／００；岸，港湾または他の海洋固定構造物の船舶用設備，例．上陸のためのものＥ０２Ｂ）［４］,係船；移動，曳船，または押船用装置；錨泊（動的停留Ｂ６３Ｈ２５／００）［４］
uploaded,タイトル変更,B63B 21/08,B63B 21/08,・・締付け装置（一般Ｆ１６Ｂ）,・・締付け装置
uploaded,タイトル変更,B63B 21/16,B63B 21/16,・ウインチを使用するもの（ウインチそれ自体はＢ６６Ｄ）,・ウインチを使用するもの
uploaded,タイトル変更,B63B 21/02,B63B 21/02,・チェーン，ロープ，ハウザーまたはこれに類するもの，またはそれの部分の装置（チェーン，ロープまたはハウザー一般は関連するサブクラスを参照，例．Ｆ１６Ｇ）,・チェーン，ロープ，ハウザーまたはこれに類するもの，またはそれの部分の装置
uploaded,タイトル変更,B63B 21/58,B63B 21/58,・・曳航用フック装置；曳航用フックの取付け（フック一般Ｆ１６Ｂ）,・・曳航用フック装置；曳航用フックの取付け
uploaded,タイトル変更,B63B 21/62,B63B 21/62,・・二隻以上の船舶の移動を特徴とするもの（ポンツーン間の剛固な結合装置３５／３８）,・・二隻以上の船舶の移動を特徴とするもの
uploaded,タイトル変更,B63B 21/64,B63B 21/64,・・水路に沿って地上の通路上を前進移動する車両または動物によって船舶を曳きまたは押すための装置（ボートフックまたはそれに類するもの２１／５４；岸または地上の装置それ自体は関連するクラスを参照，例．車両，レール）［２］,・・水路に沿って地上の通路上を前進移動する車両または動物によって船舶を曳きまたは押すための装置（ボートフックまたはそれに類するものＢ６３Ｂ２１／５４）［２］
uploaded,タイトル変更,B63B 21/66,B63B 21/66,・・水中の物体または船舶の曳航に特に適した装置，例．曳航ケーブルの為の整形体（沈没船または水中の物体の引上げＢ６３Ｃ７／００；曳航される水中船舶Ｂ６３Ｇ８／４２）［３］,・・水中の物体または船舶の曳航に特に適した装置，例．曳航ケーブルの為の整形体［３］
uploaded,タイトル変更,B63B 22/16,B63B 22/16,・航路を表示するために特に適合したもの（信号または照明装置４５／００）［４］,・航路を表示するために特に適合したもの［４］
uploaded,タイトル変更,B63B 22/22,B63B 22/22,・ガス発生手段を含む膨張可能なもの（２２／１２が優先）［４］,・ガス発生手段を含む膨張可能なもの（Ｂ６３Ｂ２２／１２が優先）［４］
uploaded,タイトル変更,B63B 22/26,B63B 22/26,・・内容物を選択的に解放する手段，例．回り継手，を持つもの（パイプラインを用い，船と沖合構造体の間で積荷または積おろしを行うための装置２７／３４；管の継ぎ手またはカップリング一般Ｆ１６Ｌ）［４］,・・内容物を選択的に解放する手段，例．回り継手，を持つもの［４］
uploaded,タイトル変更,B63B 23/02,B63B 23/02,・・・一本アームのダビット（クレーン一般Ｂ６６Ｃ）,・・・一本アームのダビット
uploaded,タイトル変更,B63B 25/00,B63B 25/00,貨物収容装置，例．積付け，積荷ならし；それを特徴とする船舶（貨物倉の構造１１／００，ハッチ，ハッチ装置１９／１２；荷分けによる以外の調整，例．バラストの使用によるもの，４３／０６，４３／０８）,貨物収容装置，例．積付けまたは積荷ならし；それを特徴とする船舶（漁船の魚倉Ｂ６３Ｂ３５／２４；荷分けによる以外の調整，例．バラストの使用によるもの，Ｂ６３Ｂ４３／０６，Ｂ６３Ｂ４３／０８）
uploaded,タイトル変更,B63B 25/16,B63B 25/16,・・・・防熱されたもの（防熱板３／６８；加熱または冷却Ｂ６３Ｊ）,・・・・防熱されたもの
uploaded,タイトル変更,B63B 27/00,B63B 27/00,乗客または貨物の積込み，積降しのための船体付きの装置の配置（自動荷役のバージまたははしけ３５／３０；岩壁付のものＢ６５Ｇ６７／６０；エレベータ，エスカレータ，または動く歩道それ自体Ｂ６６Ｂ；浮きクレーンＢ６６Ｃ２３／５２；積込み，積降し装置それ自体は，関連するサブクラスを参照，例．Ｂ６５Ｇ，Ｂ６６Ｃ，Ｂ６７Ｄ）［３］,乗客または貨物の積込み，積降しのための船体付きの装置の配置（自動荷役のバージまたははしけＢ６３Ｂ３５／３０；浮きクレーンＢ６６Ｃ２３／５２）［３］
uploaded,タイトル変更,B63B 27/04,B63B 27/04,・デリックの配置および取付（デリックそれ自体Ｂ６６Ｃ２３／６０）［３］,・デリックの配置および取付［３］
uploaded,タイトル変更,B63B 27/08,B63B 27/08,・ウインチの配置および取付（ウインチそれ自体Ｂ６６Ｄ）［３］,・ウインチの配置および取付［３］
uploaded,タイトル変更,B63B 27/01,B63B 27/01,・クレーンの配置および取付（クレーンそれ自体Ｂ６６Ｃ）［３］,・クレーンの配置および取付［３］
uploaded,タイトル変更,B63B 27/14,B63B 27/14,・斜道，ガングウエーまたは船外のはしごの配置および取付（船内のはしご２９／２０；荷積み用ランプそれ自体Ｂ６５Ｇ６９／２８；はしごそれ自体Ｅ０６Ｃ）［３］,・斜道，ガングウエーまたは船外のはしごの配置および取付［３］
uploaded,タイトル変更,B63B 27/18,B63B 27/18,・索道の配置および取付，例．二又ブイを備えたもの（索道それ自体Ｂ６５Ｇ）［３］,・索道の配置および取付，例．二又ブイを備えたもの［３］
uploaded,タイトル変更,B63B 27/22,B63B 27/22,・コンベアの配置および取付け，例．無限帯またはスクリュー型の（投入機能をもつ装置の配置２７／２６；シュートの配置２７／２８；コンベアそれ自体Ｂ６５Ｇ，［３，６］,・コンベアの配置および取付け，例．無限帯またはスクリュー型の［３，６］
uploaded,タイトル変更,B63B 27/24,B63B 27/24,・パイプラインの配置および取付（パイプラインそれ自体Ｆ１７Ｄ）［３］,・パイプラインの配置および取付［３］
uploaded,タイトル変更,B63B 27/26,B63B 27/26,・投入機能をもつ装置の配置（物品または固型物質のための機械的投入装置それ自体Ｂ６５Ｇ３１／００）［３］,・投入機能をもつ装置の配置［３］
uploaded,タイトル変更,B63B 27/28,B63B 27/28,・シュートの配置（シュートそれ自体Ｂ６５Ｇ１１／００）［３］,・シュートの配置［３］
uploaded,タイトル変更,B63B 27/36,B63B 27/36,・浮遊荷物のためのもの（浮遊物の回収を容易にする装置それ自体Ｂ６６Ｃ１３／０２）［３］,・浮遊荷物のためのもの（［３］
uploaded,タイトル変更,B63B 29/04,B63B 29/04,・・船舶に特有な調度品（浮揚できる備品Ｂ６３Ｃ９／３０）,・・船舶に特別に適合した調度品
uploaded,タイトル変更,B63B 35/00,B63B 35/00,特定の目的のため適用される船舶またはそれに類する浮揚構造物（貨物収容装置に特徴がある船舶２５／００；消防艇Ａ６２Ｃ２９／００；潜水艦，機雷敷設艦，掃海艇Ｂ６３Ｇ；水中で使用する大型容器Ｂ６５Ｄ８８／７８）［５］,特定の目的のため適用される船舶またはそれに類する浮揚構造物（貨物収容装置に特徴がある船舶Ｂ６３Ｂ２５／００；機雷敷設艇または掃海艇，潜水艦，航空母艦または他の船舶で，攻撃または防御用設備に特徴を有するものＢ６３Ｇ）［５］
uploaded,タイトル変更,B63B 35/03,B63B 35/03,・パイプ敷設船（水面下にパイプを敷設するものＦ１６Ｌ１／１２）［５］,・パイプ敷設船［５］
uploaded,タイトル変更,B63B 35/14,B63B 35/14,・漁船（魚労Ａ０１Ｋ６９／００～９７／００）［５］,・漁船［５］
uploaded,タイトル変更,B63B 35/34,B63B 35/34,・ポンツーン（浮橋Ｅ０１Ｄ１５／１４）［５］,・ポンツーン［５］
uploaded,タイトル変更,B63B 35/05,B63B 35/05,・航空機用船舶または浮揚構造物（航空母艦Ｂ６３Ｇ１１／００；飛行艇体，航空機用の他の浮揚手段Ｂ６４）［５］,・航空機用船舶または浮揚構造物（航空母艦Ｂ６３Ｇ１１／００）［５］
uploaded,タイトル変更,B63B 35/54,B63B 35/54,・渡船（チェーン渡船の推進Ｂ６３Ｈ）［５］,・渡船［５］
uploaded,タイトル変更,B63B 35/56,B63B 35/56,・燈船（航路指示５１／００）［５］,・燈船（錨泊された航路指示Ｂ６３Ｂ５１／０２）［５］
uploaded,タイトル変更,B63B 35/58,B63B 35/58,・いかだ，すなわち，自由に浮遊し，吃水が浅く，乾舷が無いかほとんど無く，かつ使用者を支持するプラットフォームまたは床を持つ水上船（救命ボート救命いかだまたは類似のものＢ６３Ｃ９／０２）［４，５］,・いかだ，すなわち，自由に浮遊し，吃水が浅く，乾舷が無いかほとんど無く，かつ使用者を支持するプラットフォームまたは床を持つ水上船（救命いかだまたは類似のものＢ６３Ｃ９／０２）［４，５］
uploaded,タイトル変更,B63B 35/66,B63B 35/66,・曳船（曳航または押航の装置２１／５６）［５］,・曳船［５］
uploaded,タイトル変更,B63B 35/71,B63B 35/71,・カヌー，カイヤックまたは類似のもの（折たたみ自在，押しつぶし自在，膨張自在または類似の船７／００）［４，５］,・カヌー，カイヤックまたは類似のもの［４，５］
uploaded,タイトル変更,B63B 35/76,B63B 35/76,・・・リング状浮力部材［４，５］,・・・リング状浮力部材（リング状の救命ブイＢ６３Ｃ９／０８）［４，５］
uploaded,タイトル変更,B63B 38/00,B63B 38/00,他に分類されない船舶またはそれに類する浮揚構造物（貨物収容装置に特徴がある船舶２５／００；消防艇Ａ６２Ｃ２９／００；潜水艦，機雷敷設艦または掃海艇Ｂ６３Ｇ；水中で使用する容器Ｂ６５Ｄ８８／７８）［５］,他に分類されない船舶またはそれに類する浮揚構造物［５］
uploaded,タイトル変更,B63B 41/00,B63B 41/00,落下キール，例．センターボード，サイドボード（船体の一部となっているキール３／３８；安定翼板３９／０６）,落下キール，例．センターボードまたはサイドボード
uploaded,タイトル変更,B63B 43/00,B63B 43/00,船舶の安全性を改善するもの，例．損傷の抑制，であって他に分類されないもの（船内の消火Ａ６２Ｃ３／１０）,船舶の安全性を改善するもの，例．損傷の抑制，であって他に分類されないもの
uploaded,タイトル変更,B63B 43/06,B63B 43/06,・・・バラストタンクを使用するもの（バラスト水注排水のための導管１３／００）,・・・バラストタンクを使用するもの
uploaded,タイトル変更,B63B 45/00,B63B 45/00,信号または照明装置の配置または適合（信号または照明装置の配置，装着，支持についてまたは，回路のためのもの，車両一般のためのものＢ６０Ｑ；信号装置に特徴を有する救命ブイ，救命ベルト，救命ジャケット，救命スーツまたは類似のものＢ６３Ｃ９／２０；照明装置またはその系（システム）のためのものＦ２１Ｌ，Ｆ２１Ｓ）［４］,信号または照明装置の配置または適合（救命ブイ，救命ベルト，救命ジャケット，救命スーツまたは類似のものＢ６３Ｃ９／２０）［４］
uploaded,タイトル変更,B63B 49/00,B63B 49/00,航海用具または航行用補助具の配置（航海用測定機器Ｇ０１Ｃ；無線航法，他の電波を用いる類似の装置Ｇ０１Ｓ）,航海用具または航行用補助具の配置
uploaded,タイトル変更,B63B 51/00,B63B 51/00,ブイを用いない航路の表示（航路表示に特に適合したブイ２２／１６）［４］,ブイを用いない航路の表示［４］
uploaded,タイトル変更,B63B 57/00,B63B 57/00,特に船舶に適用されるタンクの清掃，（タンク清掃一般Ｂ０８Ｂ９／０８）,特に船舶に適用されるタンクの清掃，
uploaded,タイトル変更,B63B 59/00,B63B 59/00,船舶に特有な船殻の保護；船舶に特有な清掃装置（清掃一般Ｂ０８Ｂ；車両一般の清掃，例．風防ガラスのワイパーＢ６０Ｓ；陰極または陽極保護による金属の防食Ｃ２３Ｆ１３／００）,船舶に特別に適合した船殻の保護；船舶に特別に適合した清掃装置
uploaded,タイトル変更,B63B 59/02,B63B 59/02,・船舶に取り付けられた，またそれに特に適した防げん材；摩擦用の外板の条列（港湾またはその他の固定海洋構造物の防げん材Ｅ０２Ｂ３／２６）,・船舶に取り付けられた，またそれに特に適した防げん材；摩擦用の外板の条列（救命ボート用の滑り止めフェンダＢ６３Ｂ２３／３６）
uploaded,タイトル変更,B63B 59/04,B63B 59/04,・船殻の防汚（防汚塗料Ｃ０９Ｄ５／１６）［３］,・船殻の防汚［３］
uploaded,タイトル変更,B65B 3/22,B65B 3/22,・充填に関係して液体の泡立を防止すること,・充填に関係して液体の泡立を防止するまたは液体の泡を取り除くこと
uploaded,タイトル変更,B65B 9/06,B65B 9/06,・物品または多量の材料を，縦に折り返されたウェブ内に，またはそれが置かれたまわりにチューブ状に折り込まれたウェブ内に包むこと,・連続する物品または多量の材料を，縦に折り返されたウエブ内に，またはそれが置かれたまわりにチューブ状に折り込まれたウエブ内に包むこと［１，２０１２．０１］
uploaded,タイトル変更,B65B 9/08,B65B 9/08,・・ウェブが折り返されそして横断方向にシールされてポケットが形成され，そのポケットに引き続き充填しそれからシールすることによって封鎖される,・・ウエブが折り返されそして横断方向にシールされてポケットが形成され，そのポケットに引き続き充填しそれからシールすることによって封鎖される［１，２０１２．０１］
uploaded,タイトル変更,B65B 9/02,B65B 9/02,・・充填ノズル附近のその位置でチューブに形成されるウエブ［３］,・・充填ノズル附近のその位置でチューブに形成されるウエブ［３，２０１２．０１］
uploaded,タイトル変更,B65C 1/00,B65C 1/00,本質的に硬い平滑な面へのラベル取付け（織地への取付け５／００）,本質的に硬い平らな面へのラベル取付け（織物へのラベル取付け５／００）
uploaded,タイトル変更,B65C 1/02,B65C 1/02,・物品，例．包装体，平らなバンド，の１つの面へのラベル取付け,・物品，例．包装体，平らなバンド，の１つの平らな面にラベルを取付けるもの
uploaded,タイトル変更,B65C 1/04,B65C 1/04,・多面体の２以上の面へのラベル取付け，例．巻付ラベル,・多面体の物品の２以上の平らな面にラベル，例．巻付ラベル，を取付けるもの
uploaded,タイトル変更,B65C 3/00,B65C 3/00,平滑面以外へのラベル取付け（織物へのラベル取付け５／００）,平らな面以外へのラベル取付け（織物へのラベル取付け５／００）
uploaded,タイトル変更,B65C 3/02,B65C 3/02,・長い物体，例．針金，ケーブル，棒，管へのラベル取付け,・長い物体，例．金属線，ケーブル，棒，管にラベルを取付けるもの
uploaded,タイトル変更,B65C 3/04,B65C 3/04,・・葉巻または紙巻タバコへの帯またはラベルの取付け,・・葉巻タバコまたは紙巻タバコに帯またはラベルを取付けるもの
uploaded,タイトル変更,B65C 3/06,B65C 3/06,・短かく硬い容器へのラベル取付け,・短く硬い容器にラベルを取付けるもの
uploaded,タイトル変更,B65C 3/12,B65C 3/12,・・・・円筒状容器，例．ビン，へのラベル巻付けによるもの,・・・・円筒状容器，例．ボトル，にラベルを巻付けることによるもの
uploaded,タイトル変更,B65C 3/16,B65C 3/16,・・・・円筒状容器，例．ビン，へのラベル巻付けによるもの,・・・・円筒状容器，例．ボトル，にラベルを巻付けることによるもの
uploaded,タイトル変更,B65C 3/02,B65C 3/02,・・ビンの閉蓋具への取付け（ビンへの閉鎖具または口金の取付けＢ６７Ｂ）,・・ボトルの閉鎖具への取付け（ボトルへの閉鎖具または口金の取付けＢ６７Ｂ）
uploaded,タイトル変更,B65C 3/22,B65C 3/22,・・・金属箔製の覆いの取付け,・・・金属箔製の覆いを取付けるもの
uploaded,タイトル変更,B65C 3/26,B65C 3/26,・硬くない容器，例．ポリエチレン製のビン，ラベル取付けに先立って空気圧により膨らまされた箱体，へのラベル取付け,・硬くない容器，例．ポリエチレン製のボトル，ラベル取付けの前に内部空気圧により膨らませた箱体，にラベルを取付けるもの
uploaded,タイトル変更,B65C 5/00,B65C 5/00,織物または変形可能な面をもった材料または物品，例．紙，巻織物，靴下，靴，へのラベル取り付け（硬くない容器へのラベル取付け３／２６；縫付によるものＤ０５Ｂ）,織物または変形可能な面を有する類似の材料あるいは物品，例．紙，巻織物，靴下，靴，へのラベル取り付け（硬くない容器にラベルを取付けるもの３／２６；縫付によるものＤ０５Ｂ）
uploaded,タイトル変更,B65C 5/02,B65C 5/02,・粘着剤を使用するもの,・接着剤を使用するもの
uploaded,タイトル変更,B65C 5/04,B65C 5/04,・・熱溶着性粘着剤を使用するもの,・・熱活性化接着剤によるもの
uploaded,タイトル変更,B65C 7/00,B65C 7/00,タツグ取付け（ティーバッグの充填と関係するものＢ６５Ｂ２９／０４）,タッグを取付けるもの（ティーバッグの充填と結合したものＢ６５Ｂ２９／０４）
uploaded,タイトル変更,B65C 9/02,B65C 9/02,・ラベル貼着ステーションを通過する物品，例．容器，を動かすための装置,・ラベル取付けステーションを通過する物品，例．容器，を動かすための装置
uploaded,タイトル変更,B65C 9/04,B65C 9/04,・・物品を回転する手段を有するもの,・・物品を回転させるための手段を有するもの
uploaded,タイトル変更,B65C 9/06,B65C 9/06,・ラベル貼付ステーションへあらかじめ定められた姿勢でまたは位置に品物を供給するための装置,・ラベル取付けステーションで物品を所定の姿勢にするまたは所定の位置に置くための装置
uploaded,タイトル変更,B65C 9/12,B65C 9/12,・・積み重ねた状態からの個々のラベルの取り出し（印刷のためのものＢ４１Ｆ）,・・スタックから個々のラベルを取り出すもの（印刷のためのものＢ４１Ｆ）
uploaded,タイトル変更,B65C 9/18,B65C 9/18,・・帯状物，例．ロール状のもの，からのラベルの供給,・・ストリップからの，例．ロールからの，ラベルの供給
uploaded,タイトル変更,B65C 9/02,B65C 9/02,・ラベルまたは物品への粘性の付与,・ラベルまたは物品に接着性を付与するもの
uploaded,タイトル変更,B65C 9/22,B65C 9/22,・・給湿によるもの，例．液状の接着剤の供給または乾いた接着剤の被覆部に対する給湿によるもの,・・給湿によるもの，例．液状接着剤を塗ることまたは乾いた接着剤の被覆部に液体を付けることによるもの
uploaded,タイトル変更,B65C 9/25,B65C 9/25,・・・熱溶着性接着剤によるもの［２］,・・・接着剤を熱活性化することによるもの
uploaded,タイトル変更,B65C 9/26,B65C 9/26,・ラベル取付け装置,・ラベルを貼り付けるための装置
uploaded,タイトル変更,B65C 9/32,B65C 9/32,・・・物品とラベルをはさんで供給する協働ローラ,・・・物品およびラベルを間に挟んで供給する協働ローラ
uploaded,タイトル変更,B65C 9/38,B65C 9/38,・ラベルの冷却および乾燥,・ラベルの冷却または乾燥
uploaded,タイトル変更,B65C 9/46,B65C 9/46,・ラベル取付け中におけるラベルへの日付，コードまたは類似するものの取付け（印刷装置を有する手動式装置１１／０２；切符の印刷および発行Ｇ０７Ｂ１／００）,・ラベル取付け中に日付，コードまたは類似のものをラベルに付けるもの（印刷装置を有する手動制御用のまたは手動操作可能な装置１１／０２；切符の印刷および発行Ｇ０７Ｂ１／００）
uploaded,タイトル変更,B65C 11/00,B65C 11/00,手動制御または手動操作式ラベル配布機，例．物品へのラベル取付用に改良されたもの（商店，倉庫，酒場，または類似の場所に用いる特殊な家具，備品，または付属品Ａ４７Ｆ；紙ナプキン用のもの，トイレットペーパー用のものＡ４７Ｋ；遊戯カード用のものＡ６３Ｆ；移動する帯状体の書き込みまたは読み取り装置Ｂ４２Ｄ１９／００；粘着テープ配布機Ｂ６５Ｈ３５／０７；切符配布機Ｇ０７Ｂ；硬貨により作動する切手類配布機Ｇ０７Ｆ）,手動制御用または手動操作可能なラベルディスペンサ，例．物品へのラベル取付け用に改良されたもの（商店，倉庫，酒場，または類似の場所に用いる特殊な家具，備品，または付属品Ａ４７Ｆ；紙ナプキン用のもの，トイレットペーパー用のものＡ４７Ｋ；遊戯カード用のものＡ６３Ｆ；移動する帯状体の書き込みまたは読み取り装置Ｂ４２Ｄ１９／００；粘着テープ繰出し装置Ｂ６５Ｈ３５／０７；切符配布機Ｇ０７Ｂ；硬貨により作動する切手類配布機Ｇ０７Ｆ）
uploaded,タイトル変更,B65C 11/02,B65C 11/02,・印字機構を有するもの,・印刷機構を有するもの
uploaded,タイトル変更,B65C 11/06,B65C 11/06,・熱溶着性ラベルを加熱する手段を有するもの,・熱活性化ラベルを加熱するための手段を有するもの
uploaded,タイトル変更,B65D 5/52 Q,B65D 5/52 Q,・被数の窓付壁が対接するもの「図」,・複数の窓付壁が対接するもの「図」
uploaded,タイトル変更,B65D 5/54 301 C,B65D 5/54 301 C,・・除去部ガ口部となるもの「図」,・・除去部が口部となるもの「図」
uploaded,タイトル変更,B65D 8/06,B65D 8/06,・・間隔があけられて，面と面が向き合った関係にある多数のパネルから構成された壁，例．二重壁，をもつもの［３］,・・間隔があけられて，面と面が向き合った関係にある複数の壁，例．二重壁，をもつもの
uploaded,タイトル変更,B65D 63/00,B65D 63/00,可撓性長尺要素，例．物品のてん束または支持用,物品の結束または支持のための可撓性長尺要素，例．ストラップ
uploaded,タイトル変更,B65D 63/02,B65D 63/02,・金属帯金，テープ，またはバンド；その端部間の継手,・金属製のストラップ，テープ，またはバンド；それらの端部間の継手
uploaded,タイトル変更,B65D 63/01,B65D 63/01,・非金属の帯金，テープ，またはバンド；線状要素，例．紐，糸，より糸，針金；それらの端部間の継手,・非金属製のストラップ，テープ，またはバンド；線状要素，例．紐，糸，金属線；それらの端部間の継手
uploaded,タイトル変更,B65D 65/00,B65D 65/00,被包材または可撓性カバー；特殊形式の包装材（衝撃吸収特性を有する被包材または封筒８１／０３）,被包材または可撓性カバー；特殊な型または形の包装材（衝撃吸収特性を有する被包材または封筒８１／０３）
uploaded,タイトル変更,B65D 65/06,B65D 65/06,・・・折りたたみできるフラップ，例．相互に連結しているフラップ，で形成されるもの,・・・折りたたみできるフラップ，例．相互にかみあうフラップ，をもつもの
uploaded,タイトル変更,B65D 85/05 N,B65D 85/05 N,・・・蓋付きプラスチツク製魚箱の収納するもの,・・・蓋付きプラスチツク製魚箱に収納するもの
uploaded,タイトル変更,B66B 1/00,B66B 1/00,エレベータの制御システム一般（安全装置５／００；扉またはゲイト操作の制御１３／００；一般的応用システムＧ０５）,エレベータの制御システム一般（安全装置Ｂ６６Ｂ５／００；扉またはゲート操作の制御Ｂ６６Ｂ１３／００）
uploaded,タイトル変更,B66B 1/06 C,B66B 1/06 C,特殊エレベ－タ用の制御〔例．展望用〕,特殊エレベータ用の制御〔例．展望用〕
uploaded,タイトル変更,B66B 1/06 D,B66B 1/06 D,・ダブルデツキ用,・ダブルデッキ用
uploaded,タイトル変更,B66B 1/06 E,B66B 1/06 E,荷物・車両用エレベ－タの制御,荷物・車両用エレベータの制御
uploaded,タイトル変更,B66B 1/06 K,B66B 1/06 K,省エネルギ－制御,省エネルギー制御
uploaded,タイトル変更,B66B 1/14 C,B66B 1/14 C,特殊エレベ－タ用の制御〔例．展望用〕,特殊エレベータ用の制御〔例．展望用〕
uploaded,タイトル変更,B66B 1/14 D,B66B 1/14 D,・ダブルデツキ用,・ダブルデッキ用
uploaded,タイトル変更,B66B 1/14 E,B66B 1/14 E,荷物・車両用エレベ－タの制御,荷物・車両用エレベータの制御
uploaded,タイトル変更,B66B 1/14 M,B66B 1/14 M,呼びの取消に特張のあるもの,呼びの取消に特徴のあるもの
uploaded,タイトル変更,B66B 1/16 A,B66B 1/16 A,照明の御制,照明の制御
uploaded,タイトル変更,B66B 1/16 C,B66B 1/16 C,特殊エレベ－タ用の制御〔例．展望用〕,特殊エレベータ用の制御〔例．展望用〕
uploaded,タイトル変更,B66B 1/16 D,B66B 1/16 D,・ダブルデツキ用,・ダブルデッキ用
uploaded,タイトル変更,B66B 1/16 E,B66B 1/16 E,荷物・車両用エレベ－タの制御,荷物・車両用エレベータの制御
uploaded,タイトル変更,B66B 1/18 B,B66B 1/18 B,空調の御制〔例．特定空調階への運転〕,空調の制御〔例．特定空調階への運転〕
uploaded,タイトル変更,B66B 1/18 C,B66B 1/18 C,特殊エレベ－タ用の制御〔例．展望用〕,特殊エレベータ用の制御〔例．展望用〕
uploaded,タイトル変更,B66B 1/18 D,B66B 1/18 D,・ダブルデツキ用,・ダブルデッキ用
uploaded,タイトル変更,B66B 1/18 E,B66B 1/18 E,荷物・車両用エレベ－タの制御,荷物・車両用エレベータの制御
uploaded,タイトル変更,B66B 1/18 T,B66B 1/18 T,・分割帯域〔固定ゾ－ン〕内の呼び割当,・分割帯域〔固定ゾーン〕内の呼び割当
uploaded,タイトル変更,B66B 1/18 U,B66B 1/18 U,・移動するサ－ビスゾ－ン内の呼び割当,・移動するサービスゾーン内の呼び割当
uploaded,タイトル変更,B66B 1/18 Y,B66B 1/18 Y,・スカイロビ－を持つもの,・スカイロビーを持つもの
uploaded,タイトル変更,B66B 1/02 C,B66B 1/02 C,特殊エレベ－タ用の制御〔例．展望用〕,特殊エレベータ用の制御〔例．展望用〕
uploaded,タイトル変更,B66B 1/02 D,B66B 1/02 D,・ダブルデツキ用,・ダブルデッキ用
uploaded,タイトル変更,B66B 1/02 E,B66B 1/02 E,荷物・車両用エレベ－タの制御,荷物・車両用エレベータの制御
uploaded,タイトル変更,B66B 1/02 T,B66B 1/02 T,・分割帯域〔固定ゾ－ン〕内の呼び割当,・分割帯域〔固定ゾーン〕内の呼び割当
uploaded,タイトル変更,B66B 1/02 U,B66B 1/02 U,・移動するサ－ビスゾ－ン内の呼び割当,・移動するサービスゾーン内の呼び割当
uploaded,タイトル変更,B66B 1/02 Y,B66B 1/02 Y,・スカイロビ－を持つもの,・スカイロビーを持つもの
uploaded,タイトル変更,B66B 1/03 B,B66B 1/03 B,速度パタ－ンの発生,速度パターンの発生
uploaded,タイトル変更,B66B 1/03 C,B66B 1/03 C,・加速度パタ－ンを積分するもの,・加速度パターンを積分するもの
uploaded,タイトル変更,B66B 1/03 D,B66B 1/03 D,直流エレベ－タの制御,直流エレベータの制御
uploaded,タイトル変更,B66B 1/03 E,B66B 1/03 E,交流エレベ－タの制御,交流エレベータの制御
uploaded,タイトル変更,B66B 1/03 H,B66B 1/03 H,・インバ－タ制御,・インバータ制御
uploaded,タイトル変更,B66B 1/36 A,B66B 1/36 A,油圧エレベ－タの着床制御,油圧エレベータの着床制御
uploaded,タイトル変更,B66B 1/04 A,B66B 1/04 A,油圧エレベ－タの着床制御,油圧エレベータの着床制御
uploaded,タイトル変更,B66B 1/42 A,B66B 1/42 A,油圧エレベ－タの着床制御,油圧エレベータの着床制御
uploaded,タイトル変更,B66B 1/44 A,B66B 1/44 A,油圧エレベ－タの着床制御,油圧エレベータの着床制御
uploaded,タイトル変更,B66B 1/46,B66B 1/46,・・スイッチまたはスイッチ装置の適用（スイッチまたはスイッチ装置一般階床位置合わせの目的のためのスイッチまたはスイッチ装置の応用Ｈ０１Ｈ；制御盤Ｈ０２Ｂ１／０２；開閉装置用のパネルまたは盤Ｈ０２Ｂ１／０１５）,・・スイッチまたはスイッチ装置の適用
uploaded,タイトル変更,B66B 1/48,B66B 1/48,・・・機械的に操作されるリミット・スイッチの適用（クレーンのためのものＢ６６Ｃ１３／５０；巻上装置のためのものＢ６６Ｄ１／５６）,・・・機械的に操作されるリミットスイッチの適用
uploaded,タイトル変更,B66B 1/52 A,B66B 1/52 A,エレベ－タの動きを縮尺するもの,エレベータの動きを縮尺するもの
uploaded,タイトル変更,B66B 7/00 E,B66B 7/00 E,昇降路内壁部の保護板〔フエツシアプレ－ト〕,昇降路内壁部の保護板〔フェッシャープレート〕
uploaded,タイトル変更,B66B 7/00 G,B66B 7/00 G,昇降路，エレベ－タ設備の組立，工法,昇降路，エレベータ設備の組立，工法
uploaded,タイトル変更,B66B 7/00 L,B66B 7/00 L,・芯出し〔ガイドレ－ルに関連した据付，芯出し，曲がり検出→７／０２Ｈ〕,・芯出し〔ガイドレールに関連した据付，芯出し，曲がり検出→７／０２Ｈ〕
uploaded,タイトル変更,B66B 7/00 M,B66B 7/00 M,・位置決め，固定〔ガイドレ－ルに関連した据付，芯出し，曲がり検出→７／０２Ｈ〕,・位置決め，固定〔ガイドレールに関連した据付，芯出し，曲がり検出→７／０２Ｈ〕
uploaded,タイトル変更,B66B 7/02,B66B 7/02,・案内軌条；ガイド（鉱山の立て坑内の配置Ｅ２１Ｄ７／０２）,・案内軌条；ガイド
uploaded,タイトル変更,B66B 7/02 A,B66B 7/02 A,ガイドレ－ル，軌条,ガイドレール，軌条
uploaded,タイトル変更,B66B 7/02 C,B66B 7/02 C,ガイドレ－ルの取付け手段,ガイドレールの取付け手段
uploaded,タイトル変更,B66B 7/02 E,B66B 7/02 E,・支持ブラケツト，取付板に特徴を有するもの,・支持ブラケット，取付板に特徴を有するもの
uploaded,タイトル変更,B66B 7/02 F,B66B 7/02 F,・ガイドレ－ルの端部の固定手段,・ガイドレールの端部の固定手段
uploaded,タイトル変更,B66B 7/02 G,B66B 7/02 G,・ガイドレ－ルの長手方向の接続手段,・ガイドレールの長手方向の接続手段
uploaded,タイトル変更,B66B 7/02 H,B66B 7/02 H,ガイドレ－ルに関連した据付け，芯出し，曲がり検出に特徴を有するもの,ガイドレールに関連した据付け，芯出し，曲がり検出に特徴を有するもの
uploaded,タイトル変更,B66B 7/02 J,B66B 7/02 J,ガイドレ－ルに関連した配設，位置関係に特徴を有するもの,ガイドレールに関連した配設，位置関係に特徴を有するもの
uploaded,タイトル変更,B66B 7/02 K,B66B 7/02 K,ガイドレ－ルに関連した安全手段〔脱レ－ル検出，位置検出等〕〔脱レ－ル検知→５／０２Ａ〕,ガイドレールに関連した安全手段〔脱レール検出，位置検出等〕〔脱レール検知→５／０２Ａ〕
uploaded,タイトル変更,B66B 7/02 L,B66B 7/02 L,案内ロ－プ,案内ロープ
uploaded,タイトル変更,B66B 7/04 A,B66B 7/04 A,シユ－を用いたもの,シューを用いたもの
uploaded,タイトル変更,B66B 7/04 B,B66B 7/04 B,・シユ－の形状，構造に特徴を有するもの,・シューの形状，構造に特徴を有するもの
uploaded,タイトル変更,B66B 7/04 C,B66B 7/04 C,ロ－ラを用いたもの,ローラを用いたもの
uploaded,タイトル変更,B66B 7/04 D,B66B 7/04 D,・ロ－ラの形状，構造に特徴を有するもの,・ローラの形状，構造に特徴を有するもの
uploaded,タイトル変更,B66B 7/06 C,B66B 7/06 C,釣合い補償ロ－プ・鎖の配置〔釣合い錘装置１１／００〕,釣合い補償ロープ・鎖の配置〔釣合い錘装置１１／００〕
uploaded,タイトル変更,B66B 7/06 E,B66B 7/06 E,・釣合い鎖・ロ－プの形状，構造,・釣合い鎖・ロープの形状，構造
uploaded,タイトル変更,B66B 7/06 J,B66B 7/06 J,・ガバナ－ロ－プ用〔ガバナ－ロ－プ装置→５／０４Ｆ〕,・ガバナーロープ用〔ガバナーロープ装置→５／０４Ｆ〕
uploaded,タイトル変更,B66B 7/06 K,B66B 7/06 K,・釣合い補償ロ－プ用,・釣合い補償ロープ用
uploaded,タイトル変更,B66B 7/06 L,B66B 7/06 L,プ－リ，シ－ブの形状，構造；下持手段〔駆動装置とロ－プ関連機構に於けるシ－ブの支持構造→１１／０８Ｌ，シ－ブの形状構造，ロ－プとの係合面→１１／０８Ｍ〕,プーリ，シーブの形状，構造；支持手段〔駆動装置とロープ関連機構に於けるシーブの支持構造→１１／０８Ｌ，シーブの形状構造，ロープとの係合面→１１／０８Ｍ〕
uploaded,タイトル変更,B66B 7/06 M,B66B 7/06 M,制御・給電ケ－ブルの配置,制御・給電ケーブルの配置
uploaded,タイトル変更,B66B 7/06 R,B66B 7/06 R,・ケ－ブルの形状，構造,・ケーブルの形状，構造
uploaded,タイトル変更,B66B 7/06 S,B66B 7/06 S,・斜行エレベ－タ用,・斜行エレベータ用
uploaded,タイトル変更,B66B 7/08 C,B66B 7/08 C,・シ－ブを介して取付けたもの,・シーブを介して取付けたもの
uploaded,タイトル変更,B66B 7/08 D,B66B 7/08 D,ロ－プ端部を固定部材へ取付けたもの〔例ロ－プ端部を昇降路内の建物ビ－ムに取付けたもの〕,ロープ端部を固定部材へ取付けたもの〔例ロープ端部を昇降路内の建物ビームに取付けたもの〕
uploaded,タイトル変更,B66B 7/12 A,B66B 7/12 A,ガイドレ－ル用,ガイドレール用
uploaded,タイトル変更,B66B 7/12 Z,B66B 7/12 Z,その他のもの〔ロ－プ等の異常検知→５／０２Ｃ；ロ－プ等弛緩の検出装置→５／１２Ａ〕,その他のもの〔ロープ等の異常検知→５／０２Ｃ；ロープ等弛緩の検出装置→５／１２Ａ〕
uploaded,タイトル変更,B66B 13/00,B66B 13/00,ケージまたは昇降路の階床から，またはそれへの，出入を制御する扉，ゲートまたはその他の装置（扉の付属品，錠Ｅ０５）,ケージまたは昇降路の階床から，またはそれへの，出入を制御する扉，ゲートまたはその他の装置
uploaded,タイトル変更,B66B 13/02,B66B 13/02,・扉またはゲート操作（一般的応用Ｅ０５Ｆ）,・扉またはゲート操作
uploaded,タイトル変更,B66B 13/03,B66B 13/03,・扉またはゲートの構造上の特徴（これの応用以外の関係部門Ｅ０６Ｂ）,・扉またはゲートの構造上の特徴
uploaded,タイトル変更,B66B 17/02,B66B 17/02,・上部構造に装備されるもの（鉱山のための巻上塔Ｅ０４Ｈ１２／２６）,・上部構造に装備されるもの
uploaded,タイトル変更,B66B 17/14,B66B 17/14,・荷積みまたは荷おろし設備の応用（一般的応用Ｂ６５Ｇ）,・荷積みまたは荷おろし設備の応用
uploaded,タイトル変更,B66B 17/28,B66B 17/28,・・電気的に制御されるもの（一般的エレベータのためのもの１／０６）,・・電気的に制御されるもの
uploaded,タイトル変更,B66B 19/06,B66B 19/06,・信号装置の応用（深さ表示装置３／０２；指令信号Ｇ０８Ｂ）,・信号装置の応用（深さ表示装置Ｂ６６Ｂ３／０２）
uploaded,タイトル変更,B66B 23/00 Z,B66B 23/00 Z,その他〔例．排水，オイルバン，外装〕,その他〔例．排水，オイルパン，外装〕
uploaded,タイトル変更,B66B 23/02 A,B66B 23/02 A,ブレ－キ装置,ブレーキ装置
uploaded,タイトル変更,B66B 23/02 B,B66B 23/02 B,スプロケツトまたはチエ－ン,スプロケットまたはチェーン
uploaded,タイトル変更,B66B 23/02 D,B66B 23/02 D,・螺旋エスカレ－タ用〔２１／０６にも付与〕,・螺旋エスカレータ用〔２１／０６にも付与〕
uploaded,タイトル変更,B66B 23/04 A,B66B 23/04 A,狭圧型〔手摺ベルトの上下面を駆動ロ－ラ等で狭みつけて駆動するもの〕,狭圧型〔手摺ベルトの上下面を駆動ローラ等で狭みつけて駆動するもの〕
uploaded,タイトル変更,B66B 23/04 B,B66B 23/04 B,・直線状のもの〔駆動ロ－ラ等が直線状に配列されたもの〕,・直線状のもの〔駆動ローラ等が直線状に配列されたもの〕
uploaded,タイトル変更,B66B 23/04 C,B66B 23/04 C,巻掛型〔手摺ベルトを駆動プ－リ等に巻掛けて駆動するもの〕,巻掛型〔手摺ベルトを駆動プーリ等に巻掛けて駆動するもの〕
uploaded,タイトル変更,B66B 23/04 Z,B66B 23/04 Z,その他〔例．チエ－ン駆動，磁石駆動，狭圧や巻掛以外の摩擦駆動〕,その他〔例．チェーン駆動，磁石駆動，狭圧や巻掛以外の摩擦駆動〕
uploaded,タイトル変更,B66B 23/12 A,B66B 23/12 A,・螺旋エスカレ－タ用〔２１／０６にも付与〕,・螺旋エスカレータ用〔２１／０６にも付与〕
uploaded,タイトル変更,B66B 23/12 Z,B66B 23/12 Z,その他〔例．排水，保修，取付，養生シ－ト〕,その他〔例．排水，保修，取付，養生シート〕
uploaded,タイトル変更,B66B 23/14 A,B66B 23/14 A,案内レ－ル,案内レール
uploaded,タイトル変更,B66B 23/14 C,B66B 23/14 C,案内ロ－ラ〔車軸及び車軸の踏段への取付→２３／１２Ｆ〕,案内ローラ〔車軸及び車軸の踏段への取付→２３／１２Ｆ〕
uploaded,タイトル変更,B66B 23/22 C,B66B 23/22 C,ニユ－アル〔手すりの反転部〕,ニューアル〔手すりの反転部〕
uploaded,タイトル変更,B66B 23/22 E,B66B 23/22 E,上部デツキボ－ド〔手すり付近に配置されたデツキボ－ド〕,上部デッキボード〔手すり付近に配置されたデッキボード〕
uploaded,タイトル変更,B66B 23/22 F,B66B 23/22 F,下部デツキボ－ド〔踏板付近の高さに配置されたデツキボ－ド〕,下部デッキボード〔踏板付近の高さに配置されたデッキボード〕
uploaded,タイトル変更,B66B 23/22 G,B66B 23/22 G,スカ－トガ－ド,スカートガード
uploaded,タイトル変更,B66B 25/00,B66B 25/00,エスカレータまたは移動歩道の制御（可変速度型移動歩道２１／１２；可変速度型手すり２３／２６；一般的適用Ｇ０５）［４］,エスカレータまたは移動歩道の制御（可変速度型移動歩道Ｂ６６Ｂ２１／１２；可変速度型手すりＢ６６Ｂ２３／２６）［４］
uploaded,タイトル変更,B66B 27/00,B66B 27/00,エスカレータまたは移動歩道の作動状態の指示（一般的適用Ｇ０８）［４］,エスカレータまたは移動歩道の作動状態の指示［４］
uploaded,タイトル変更,B66B 29/00,B66B 29/00,エスカレータまたは移動歩道の安全装置（可変速度型移動歩道２１／１２；可変速度型手すり２３／２６）［４］,エスカレータまたは移動歩道の安全装置［４］
uploaded,タイトル変更,B66C 9/08,B66C 9/08,・走行部；走行部の軸受（軌条車輛用の車輪Ｂ６０Ｂ）,・走行部；走行部の軸受（軌条車両用の車輪Ｂ６０Ｂ）
uploaded,タイトル変更,B66C 13/12 D,B66C 13/12 D,給電〔電気的推進車両の動力供給線，Ｂ６０Ｍ，そのための集電装置，Ｂ６０Ｌ５１００，集電装置一般Ｈ０１Ｒ；相対的移動部分間の電気ケ－ブルの配置，Ｈ０２Ｇ１１／００〕,給電〔電気的推進車両の動力供給線，Ｂ６０Ｍ，そのための集電装置，Ｂ６０Ｌ５／００，集電装置一般Ｈ０１Ｒ；相対的移動部分間の電気ケ－ブルの配置，Ｈ０２Ｇ１１／００〕
uploaded,タイトル変更,B66C 23/00 B,B66C 23/00 B,・共吊り制御〔クレ－ン（電気駆動用）共吊制御一般，Ｂ６６Ｃ１３／２２Ｌ；ウインチ共吊り制御，Ｂ６６Ｄ１／４０Ａ〕,・共吊り制御〔クレーン（電気駆動用）共吊制御一般，Ｂ６６Ｃ１３／２２Ｌ；ウインチ共吊り制御，Ｂ６６Ｄ１／４０Ａ〕
uploaded,タイトル変更,B66C 23/00 D,B66C 23/00 D,ツインクレ－ン,ツインクレーン
uploaded,タイトル変更,B66C 23/26 A,B66C 23/26 A,建物位置の上で使用するもの；屋上クレ－ン,建物位置の上で使用するもの；屋上クレーン
uploaded,タイトル変更,B66C 23/26 B,B66C 23/26 B,・移動式屋上クレ－ン,・移動式屋上クレーン
uploaded,タイトル変更,B66C 23/26 C,B66C 23/26 C,クレ－ン要素の分解・組立分割輸送一般,クレーン要素の分解・組立分割輸送一般
uploaded,タイトル変更,B66C 23/26 D,B66C 23/26 D,・ジヤツキを用いて行なうもの,・ジャッキを用いて行なうもの
uploaded,タイトル変更,B66C 23/26 E,B66C 23/26 E,・ブ－ムを折りたたんで収納するもの,・ブームを折りたたんで収納するもの
uploaded,タイトル変更,B66C 23/26 F,B66C 23/26 F,・ペンダントロ－プ，ブライドル部の着脱・固定,・ペンダントロープ，ブライドル部の着脱・固定
uploaded,タイトル変更,B66C 23/28 A,B66C 23/28 A,クライミングクレ－ン一般,クライミングクレーン一般
uploaded,タイトル変更,B66C 23/32 C,B66C 23/32 C,ステツプアツプ式クライミングクレ－ン,ステツプアツプ式クライミングクレーン
uploaded,タイトル変更,B66C 23/36 A,B66C 23/36 A,一体ジブを有する車輛クレ－ン,一体ジブを有する車両クレーン
uploaded,タイトル変更,B66C 23/36 D,B66C 23/36 D,他機能複合型及び特殊用途の車輛ジブクレ－ン,他機能複合型及び特殊用途の車両ジブクレーン
uploaded,タイトル変更,B66C 23/42 A,B66C 23/42 A,伸縮ブ－ムを有する車輛クレ－ン,伸縮ブームを有する車両クレーン
uploaded,タイトル変更,B66C 23/42 B,B66C 23/42 B,タワ－型トラツククレ－ン〔ブ－ムの折りたたみ格納，Ｂ６６Ｃ２３／２６Ｅ〕,タワー型トラツククレーン〔ブームの折りたたみ格納，Ｂ６６Ｃ２３／２６Ｅ〕
uploaded,タイトル変更,B66C 23/42 D,B66C 23/42 D,・トロリ－走行路をもつもの,・トロリー走行路をもつもの
uploaded,タイトル変更,B66C 23/44 A,B66C 23/44 A,車輛の荷台に設けられた荷役用ジブクレ－ン,車輛の荷台に設けられた荷役用ジブクレーン
uploaded,タイトル変更,B66C 23/44 B,B66C 23/44 B,・クロ－ラの荷台に設けられたもの,・クローラの荷台に設けられたもの
uploaded,タイトル変更,B66C 23/06 A,B66C 23/06 A,ブ－ムをロ－プで直接旋回するもの,ブームをロープで直接旋回するもの
uploaded,タイトル変更,B66C 23/06 C,B66C 23/06 C,複数ブ－ムをもつもの,複数ブームをもつもの
uploaded,タイトル変更,B66C 23/06 D,B66C 23/06 D,吊下げ部；ブ－ム頭部構造,吊下げ部；ブーム頭部構造
uploaded,タイトル変更,B66C 23/06 E,B66C 23/06 E,ブ－ム基端連結部〔ジブクレ－ン一般，Ｂ６６Ｃ２３／８２Ｂ〕,ブーム基端連結部〔ジブクレーン一般，Ｂ６６Ｃ２３／８２Ｂ〕
uploaded,タイトル変更,B66C 23/68 B,B66C 23/68 B,単一のシリンダ装置により作動させる一段伸縮ブ－ム,単一のシリンダ装置により作動させる一段伸縮ブーム
uploaded,タイトル変更,B66C 23/68 C,B66C 23/68 C,複数のシリンダを有する多段伸縮ブ－ム,複数のシリンダを有する多段伸縮ブーム
uploaded,タイトル変更,B66C 23/68 F,B66C 23/68 F,ブ－ム同時伸縮制御回路をもつもの,ブーム同時伸縮制御回路をもつもの
uploaded,タイトル変更,B66C 23/68 G,B66C 23/68 G,・モ－タ・ポンプ型分集流器をもつもの,・モータ・ポンプ型分集流器をもつもの
uploaded,タイトル変更,B66C 23/68 H,B66C 23/68 H,ブ－ム順次伸縮制御回路をもつもの,ブーム順次伸縮制御回路をもつもの
uploaded,タイトル変更,B66C 23/68 J,B66C 23/68 J,ブ－ム，シリンダの選択係止手段をもつもの,ブーム，シリンダの選択係止手段をもつもの
uploaded,タイトル変更,B66C 23/68 K,B66C 23/68 K,・ブ－ムの伸縮により順次作動するもの,・ブームの伸縮により順次作動するもの
uploaded,タイトル変更,B66C 23/68 L,B66C 23/68 L,ロ－プ連動式ブ－ム伸縮機構をもつもの,ロープ連動式ブーム伸縮機構をもつもの
uploaded,タイトル変更,B66C 23/68 M,B66C 23/68 M,他に分類されないブ－ム伸縮機構をもつもの,他に分類されないブーム伸縮機構をもつもの
uploaded,タイトル変更,B66C 23/68 N,B66C 23/68 N,伸縮ブ－ム案内部,伸縮ブーム案内部
uploaded,タイトル変更,B66C 23/68 Q,B66C 23/68 Q,多関節ブ－ム〔水平多関節ブ－ムは，Ｂ６６Ｃ２３／０４Ｃ〕,多関節ブーム〔水平多関節ブームは，Ｂ６６Ｃ２３／０４Ｃ〕
uploaded,タイトル変更,B66C 23/68 R,B66C 23/68 R,・伸縮ブ－ムを含むもの,・伸縮ブームを含むもの
uploaded,タイトル変更,B66C 23/07 D,B66C 23/07 D,・垂直面内の回動と，補助ジブ軸線まわりの回動で，ブ－ム側方に収納するもの,・垂直面内の回動と，補助ジブ軸線まわりの回動で，ブーム側方に収納するもの
uploaded,タイトル変更,B66C 23/07 E,B66C 23/07 E,・先端ブ－ム内へ又は，先端ブ－ム外面に沿つて補助ジブを引き込み収納するもの,・先端ブーム内へ又は，先端ブーム外面に沿つて補助ジブを引き込み収納するもの
uploaded,タイトル変更,B66C 23/07 G,B66C 23/07 G,・先端ブ－ムへの取付角度が調整できるもの,・先端ブームへの取付角度が調整できるもの
uploaded,タイトル変更,B66C 23/07 H,B66C 23/07 H,先端ブ－ムへの補助ジブ固定装置；固定ピン,先端ブームへの補助ジブ固定装置；固定ピン
uploaded,タイトル変更,B66C 23/74 A,B66C 23/74 A,カウンタウエイト一般〔フオ－クリフト車用，Ｂ６６Ｆ９／０７５Ｃ，トラクタ－用，Ｂ６２Ｄ４９／０８，シヤベル車用，Ｅ０２Ｆ９／１８〕,カウンタウエイト一般〔フォークリフト車用，Ｂ６６Ｆ９／０７５Ｃ，トラクター用，Ｂ６２Ｄ４９／０８，シャベル車用，Ｅ０２Ｆ９／１８〕
uploaded,タイトル変更,B66C 23/78 A,B66C 23/78 A,アウトリガ，支持部材一般〔一般車両用，Ｂ６０Ｓ９／００，フオ－クリフト車用，Ｂ６６Ｆ９／０７５Ｌ，シヤベル車用，Ｅ０２Ｆ９／０８Ａ〕,アウトリガ，支持部材一般〔一般車両用，Ｂ６０Ｓ９／００，フォークリフト車用，Ｂ６６Ｆ９／０７５Ｌ，シャベル車用，Ｅ０２Ｆ９／０８Ａ〕
uploaded,タイトル変更,B66C 23/78 C,B66C 23/78 C,・水平伸縮ビ－ムをもつもの,・水平伸縮ビームをもつもの
uploaded,タイトル変更,B66C 23/78 D,B66C 23/78 D,・アウトリガを用いてクレ－ン本体を移動するもの,・アウトリガを用いてクレーン本体を移動するもの
uploaded,タイトル変更,B66C 23/78 F,B66C 23/78 F,・フロ－ト；接地部,・フロート；接地部
uploaded,タイトル変更,B66C 23/78 G,B66C 23/78 G,・・フロ－ト部の収納機構,・・フロート部の収納機構
uploaded,タイトル変更,B66C 23/82 B,B66C 23/82 B,・デリツクシリンダ取付構造；ブ－ム枢支部構造,・デリックシリンダ取付構造；ブーム枢支部構造
uploaded,タイトル変更,B66C 23/82 C,B66C 23/82 C,・Ａフレ－ム,・Ａフレーム
uploaded,タイトル変更,B66C 23/82 D,B66C 23/82 D,・イコライザシ－ブ部〔分解・組立，Ｂ６６Ｃ２３／２６Ｆ〕,・イコライザシーブ部〔分解・組立，Ｂ６６Ｃ２３／２６Ｆ〕
uploaded,タイトル変更,B66C 23/84 B,B66C 23/84 B,・可撓体〔ロ－プ；チエ－ン等〕による旋回駆動手段,・可撓体〔ロープ；チエーン等〕による旋回駆動手段
uploaded,タイトル変更,B66C 23/84 D,B66C 23/84 D,・ウオ－ムギアによる駆動,・ウォームギヤによる駆動
uploaded,タイトル変更,B66C 23/84 G,B66C 23/84 G,・潤滑，清掃，防じん,・潤滑，清掃，防塵
uploaded,タイトル変更,B66C 23/88 B,B66C 23/88 B,・クレ－ン本体の傾斜検出,・クレーン本体の傾斜検出
uploaded,タイトル変更,B66C 23/88 C,B66C 23/88 C,・機械的手段によるもの〔例．ストツパ〕,・機械的手段によるもの〔例．ストッパ〕
uploaded,タイトル変更,B66C 23/88 E,B66C 23/88 E,・クレ－ン間のもの,・クレーン間のもの
uploaded,タイトル変更,B66C 23/88 G,B66C 23/88 G,ブ－ムの絶縁,ブームの絶縁
uploaded,タイトル変更,B66C 23/88 H,B66C 23/88 H,俯仰制限２３／９２が優先,俯仰制限［２３／９２が優先］
uploaded,タイトル変更,B66C 23/88 K,B66C 23/88 K,ブ－ムの自然降下〔落下〕防止,ブームの自然降下〔落下〕防止
uploaded,タイトル変更,B66C 23/88 L,B66C 23/88 L,ブ－ムレストを有するブ－ムの格納,ブームレストを有するブームの格納
uploaded,タイトル変更,B66C 23/88 M,B66C 23/88 M,ジブ頭部へのフツクの格納,ジブ頭部へのフックの格納
uploaded,タイトル変更,B66C 23/88 N,B66C 23/88 N,車体部へのフツクの格納,車体部へのフックの格納
uploaded,タイトル変更,B66C 23/88 Q,B66C 23/88 Q,過巻防止；ジブの伸縮等によるくり出しロ－プ長の変化を防止するもの,過巻防止；ジブの伸縮等によるくり出しロープ長の変化を防止するもの
uploaded,タイトル変更,B66C 23/88 R,B66C 23/88 R,ワイヤロ－プの保護；緩衝,ワイヤロープの保護；緩衝
uploaded,タイトル変更,B66C 23/09 A,B66C 23/09 A,モ－メントリミツタ一般,モーメントリミッタ一般
uploaded,タイトル変更,B66C 23/09 C,B66C 23/09 C,・伸縮ブ－ム長検出・表示,・伸縮ブーム長検出・表示
uploaded,タイトル変更,B66C 23/09 G,B66C 23/09 G,・モ－メントリミツタの表示装置一般,・モーメントリミッタの表示装置一般
uploaded,タイトル変更,B66C 23/09 H,B66C 23/09 H,・・アラ－ム警報装置,・・アラーム警報装置
uploaded,タイトル変更,B66C 23/09 P,B66C 23/09 P,・・ブ－ム長の変化と関連するもの,・・ブーム長の変化と関連するもの
uploaded,タイトル変更,B66C 23/09 Q,B66C 23/09 Q,・・旋回位置と関連するもの〔旋回用モ－メントリミツタ，Ｂ６６Ｃ２３／９４Ｅ〕,・・旋回位置と関連するもの〔旋回用モーメントリミッタ，Ｂ６６Ｃ２３／９４Ｅ〕
uploaded,タイトル変更,B66C 23/09 S,B66C 23/09 S,・・車速・クレ－ン動作速度と関連するもの,・・車速・クレーン動作速度と関連するもの
uploaded,タイトル変更,B66C 23/09 Y,B66C 23/09 Y,・・デリツクシリンダ－圧を検出するもの〔一般Ｂ６６Ｃ１３／１６Ｃ〕,・・デリックシリンダー圧を検出するもの〔一般，Ｂ６６Ｃ１３／１６Ｃ〕
uploaded,タイトル変更,B66C 23/94 A,B66C 23/94 A,旋回輪固定装置；ロツクピン,旋回輪固定装置；ロックピン
uploaded,タイトル変更,B66C 23/94 B,B66C 23/94 B,旋回位置規制用メカニカルストツパ,旋回位置規制用メカニカルストッパ
uploaded,タイトル変更,B66C 23/94 C,B66C 23/94 C,旋回用ブレ－キ,旋回用ブレーキ
uploaded,タイトル変更,B66C 23/94 D,B66C 23/94 D,旋回位置検出装置；リミツトスイツチ,旋回位置検出装置；リミットスイッチ
uploaded,タイトル変更,B66C 23/94 E,B66C 23/94 E,旋回用モ－メントリミツタ〔モ－メントリミツタ一般，Ｂ６６Ｃ２３／９０〕,旋回用モーメントリミッタ〔モーメントリミッタ一般，Ｂ６６Ｃ２３／９０〕
uploaded,タイトル変更,B66D 1/02,B66D 1/02,・・・チェーン，ベルト，または摩擦駆動，例．協同して働らく滑車,・・・チェーン，ベルト，または摩擦駆動，例．協同して働く滑車
uploaded,タイトル変更,B66D 3/04 A,B66D 3/04 A,プ－リの形状，構造,プーリの形状，構造
uploaded,タイトル変更,B66D 3/04 B,B66D 3/04 B,・ロ－プ係合面に特徴を有するもの,・ロープ係合面に特徴を有するもの
uploaded,タイトル変更,B66D 3/04 C,B66D 3/04 C,スプロケツト,スプロケット
uploaded,タイトル変更,B66D 3/04 D,B66D 3/04 D,枠体，フレ－ム,枠体，フレーム
uploaded,タイトル変更,B66D 3/04 G,B66D 3/04 G,ガイド，ロ－プ外れ止め,ガイド，ロープ外れ止め
uploaded,タイトル変更,B66D 3/04 J,B66D 3/04 J,フツクブロツク〔物品係合側〕,フックブロック〔物品係合側〕
uploaded,タイトル変更,B66D 3/08 A,B66D 3/08 A,複数のロ－ドシ－ブを備えたもの「図」,複数のロードシーブを備えたもの「図」
uploaded,タイトル変更,B66D 3/01,B66D 3/01,・・・ブレーキまたはラチエット装置の応用,・・・ブレーキまたはラチェット装置の応用
uploaded,タイトル変更,B66D 3/14 A,B66D 3/14 A,レバ－式ホイスト「図」,レバー式ホイスト「図」
uploaded,タイトル変更,B66D 3/14 D,B66D 3/14 D,・操作レバ－に特徴を有するもの,・操作レバーに特徴を有するもの
uploaded,タイトル変更,B66D 3/14 E,B66D 3/14 E,ラチエツト式,ラチェット式
uploaded,タイトル変更,B66D 3/16 A,B66D 3/16 A,同軸型チエンブロツク「図」,同軸型チェーンブロック「図」
uploaded,タイトル変更,B66D 3/16 B,B66D 3/16 B,他軸型チエンブロツク,他軸型チェーンブロック
uploaded,タイトル変更,B66D 3/16 C,B66D 3/16 C,ハンドチエン関連,ハンドチェーン関連
uploaded,タイトル変更,B66D 3/16 D,B66D 3/16 D,枠体，フレ－ム,枠体，フレーム
uploaded,タイトル変更,B66D 3/16 F,B66D 3/16 F,チエン案内体，取付体,チェーン案内体，取付体
uploaded,タイトル変更,B66D 3/18 E,B66D 3/18 E,パワ－バランスホイスト〔無重力，平衡ホイスト〕,パワーバランスホイスト〔無重力，平衡ホイスト〕
uploaded,タイトル変更,B66D 3/02 A,B66D 3/02 A,電動ホイスト〔チエンホイスト→Ｋ〕「図」,電動ホイスト〔チェーンホイスト→Ｋ〕「図」
uploaded,タイトル変更,B66D 3/02 C,B66D 3/02 C,・・制動，クラツチに特徴を有するもの,・・制動，クラッチに特徴を有するもの
uploaded,タイトル変更,B66D 3/02 G,B66D 3/02 G,・押〔釦〕スイツチによる制御,・押〔釦〕スイッチによる制御
uploaded,タイトル変更,B66D 3/02 K,B66D 3/02 K,電動チエンホイスト,電動チェーンホイスト
uploaded,タイトル変更,B66D 3/26 B,B66D 3/26 B,・チエンホイスト用,・チェーンホイスト用
uploaded,タイトル変更,B66D 3/26 D,B66D 3/26 D,チエンガイド，スプロケツト,チェーンガイド，スプロケツト
uploaded,タイトル変更,B66D 3/26 E,B66D 3/26 E,チエン収納手段,チェーン収納手段
uploaded,タイトル変更,B66D 3/26 F,B66D 3/26 F,ロ－プ端部支持手段,ロープ端部支持手段
uploaded,タイトル変更,B66D 3/26 G,B66D 3/26 G,枠体，フレ－ム「図」,枠体，フレーム「図」
uploaded,タイトル変更,B66D 3/26 H,B66D 3/26 H,・チエンホイスト用,・チェーンホイスト用
uploaded,タイトル変更,B66D 3/26 J,B66D 3/26 J,・シ－ブを用いたもの,・シーブを用いたもの
uploaded,タイトル変更,B66D 5/14,B66D 5/14,・・・デスクの形態をしたもの,・・・ディスクの形態をしたもの
uploaded,タイトル変更,B66F 3/00,B66F 3/00,荷物を連続的にもち上げるために適合する装置，例．ジヤツキ（ガレージ型の移動ジヤツキ５／００）,荷物を連続的にもち上げるために適合する装置，例．ジャッキ（ガレージ型の移動ジャッキ５／００）
uploaded,タイトル変更,B66F 3/08 A,B66F 3/08 A,ジヤツキのフレ－ム，取付態様の特徴〔例．必要に応じ起伏可能に取付けられたもの。すきまへの挿入が容易な構造等〕「図」,ジャッキのフレーム，取付態様の特徴〔例．必要に応じ起伏可能に取付けられたもの。すきまへの挿入が容易な構造等〕「図」
uploaded,タイトル変更,B66F 3/08 C,B66F 3/08 C,・ジヤツキの底部への特徴〔例．すべり止め〕「図」,・ジャッキの底部への特徴〔例．すべり止め〕「図」
uploaded,タイトル変更,B66F 3/08 D,B66F 3/08 D,・ジヤツキの心出し機構〔例．位置あわせのための横行機構，位置あわせのための揺動機構〕「図」,・ジャッキの心出し機構〔例．位置あわせのための横行機構，位置あわせのための揺動機構〕「図」
uploaded,タイトル変更,B66F 3/08 G,B66F 3/08 G,スリ－ブの両端に各々ボルトを伸縮自在に螺合したもの，またはその逆の構造〔例．タ－ンバツクル型のジヤツキ〕〔注．繰出しスリ－ブは，３／１０〕「図」,スリーブの両端に各々ボルトを伸縮自在に螺合したもの，またはその逆の構造〔例．ターンバックル型のジャッキ〕〔注．繰出しスリーブは，３／１０〕「図」
uploaded,タイトル変更,B66F 3/08 J,B66F 3/08 J,落下防止機構〔例．スクリユ－のまわり止め〕〔注．シリンダの戻り止めのためのストツプナツトは３／３０，安全一般は１７／００〕「図」,落下防止機構〔例．スクリューのまわり止め〕〔注．シリンダの戻り止めのためのストップナットは３／３０，安全一般は１７／００〕「図」
uploaded,タイトル変更,B66F 3/08 L,B66F 3/08 L,フリ－ナツト機構〔注．ハ－フナツト等を用いジヤツキの初期高さを迅速に設定するため，スクリユ－とナツトとを選択的に係脱できるもの〕「図」,フリーナット機構〔注．ハーフナット等を用いジャッキの初期高さを迅速に設定するため，スクリューとナットとを選択的に係脱できるもの〕「図」
uploaded,タイトル変更,B66F 3/12,B66F 3/12,・・トツグルレバーからなるもの（レージイトング機構３／２２）,・・トグルレバーからなるもの（レージイトング機構３／２２）
uploaded,タイトル変更,B66F 3/12 A,B66F 3/12 A,リンク機構に特徴を持つもの〔例．バランスを保つため不等辺にしたヒシ形リンク，リンクア－ムのヒンジ構造，リンクフレ－ムの特徴〕「図」,リンク機構に特徴を持つもの〔例．バランスを保つため不等辺にしたヒシ形リンク，リンクアームのヒンジ構造，リンクフレームの特徴〕「図」
uploaded,タイトル変更,B66F 3/12 B,B66F 3/12 B,・特にヒシ型以外のリンク構造に特徴を持つもの「例．ｙ型，ｖ型等のリンク構造〕「図」,・特に菱形以外のリンク構造に特徴を持つもの「例．Ｙ型，Ｖ型等のリンク構造〕「図」
uploaded,タイトル変更,B66F 3/12 C,B66F 3/12 C,ネジ駆動部の特徴〔例．ネジ杆，ハンドルとの係合部，リンクに設けたナツト部〕〔注・動力源を持つ駆動部は，３／４４，７／０８参照〕「図」,ネジ駆動部の特徴〔例．ネジ杆，ハンドルとの係合部，リンクに設けたナット部〕〔注・動力源を持つ駆動部は，３／４４，７／０８参照〕「図」
uploaded,タイトル変更,B66F 3/12 D,B66F 3/12 D,・早送り，早戻機構〔例．フリ－ナツト機構，すなわちスクリユ－とナツトとの噛合を解除し，リンクを所定高にした後再噛合させる早送り機構〕「図」,・早送り，早戻機構〔例．フリーナット機構，すなわちスクリューとナットとの噛合を解除し，リンクを所定高にした後再噛合させる早送り機構〕「図」
uploaded,タイトル変更,B66F 3/12 E,B66F 3/12 E,応用，取付の特徴〔例．物品の特定ケ所への取付，傾斜角度微調整のための応用〕「図」,応用，取付の特徴〔例．物品の特定箇所への取付，傾斜角度微調整のための応用〕「図」
uploaded,タイトル変更,B66F 3/12 G,B66F 3/12 G,・特に収納状態に特徴があるもの〔例．車体へのジヤツキの収納〕「図」,・特に収納状態に特徴があるもの〔例．車体へのジャッキの収納〕「図」
uploaded,タイトル変更,B66F 3/12 H,B66F 3/12 H,落下防止機構〔例．ロツク機構〕〔注．３／０８Ｊに優先〕「図」,落下防止機構〔例．ロック機構〕〔注．３／０８Ｊに優先〕「図」
uploaded,タイトル変更,B66F 3/18,B66F 3/18,・・ウオームギアを介して作動されるもの,・・ウォームギアを介して作動されるもの
uploaded,タイトル変更,B66F 3/24 A,B66F 3/24 A,ジヤツキのフレ－ム，取付態様の特徴〔例．特殊な分野への応用に適したフレ－ム構造，ジヤツキの支持構造，ガイド，底板〕「図」,ジャッキのフレーム，取付態様の特徴〔例．特殊な分野への応用に適したフレーム構造，ジャッキの支持構造，ガイド，底板〕「図」
uploaded,タイトル変更,B66F 3/24 B,B66F 3/24 B,物品を横方向に移動させるための液圧ジヤツキ〔注．ガレ－ジ型移動ジヤツキは５／００，主に建築物を横に押してスライドさせるようなものを分類〕〔例．横置シリンダの両端に引張用フツクまたは押圧力受皿をつけた突張ジヤツキ〕「図」,物品を横方向に移動させるための液圧ジャッキ〔注．ガレージ型移動ジャッキは５／００，主に建築物を横に押してスライドさせるようなものを分類〕〔例．横置シリンダの両端に引張用フックまたは押圧力受皿をつけた突張ジャッキ〕「図」
uploaded,タイトル変更,B66F 3/24 C,B66F 3/24 C,・特に押上用ジヤツキとその横方向押進手段とから成るもの〔注．心出し手段は，ここに分類〕「図」,・特に押上用ジャッキとその横方向押進手段とから成るもの〔注．心出し手段は，ここに分類〕「図」
uploaded,タイトル変更,B66F 3/24 D,B66F 3/24 D,圧縮性流体〔例．空気〕を用いたもの〔注．ベロ－ズ等の特徴は，３／３５〕「図」,圧縮性流体〔例．空気〕を用いたもの〔注．ベローズ等の特徴は，３／３５〕「図」
uploaded,タイトル変更,B66F 3/24 E,B66F 3/24 E,熱による流体の体積変化を応用したもの〔注．爆発ジヤツキは，３／４３〕「図」,熱による流体の体積変化を応用したもの〔注．爆発ジャッキは，３／４３〕「図」
uploaded,タイトル変更,B66F 3/24 F,B66F 3/24 F,油圧駆動式トグルレバ－ジヤツキ〔例．シリンダでリンクを開閉するもの，スクリユ－杆を油圧モ－タで駆動しリンクを開閉するもの，ネジ式トグルレバ－ジヤツキと油圧ジヤツキとの組合せ〕「図」,油圧駆動式トグルレバージャッキ〔例．シリンダでリンクを開閉するもの，スクリュー杆を油圧モータで駆動しリンクを開閉するもの，ネジ式トグルレバージャッキと油圧ジャッキとの組合せ〕「図」
uploaded,タイトル変更,B66F 3/24 G,B66F 3/24 G,油圧駆動式ラツクピニオンまたはネジジヤツキ（例．油圧モ－タで直接ピニオンを駆動するもの，クランク機構を介して油圧シリンダでナツトを駆動するもの，ネジ式ジヤツキと油圧ジヤツキとの組み合わせ）「図」,油圧駆動式ラックピニオンまたはネジジャッキ（例．油圧モータで直接ピニオンを駆動するもの，クランク機構を介して油圧シリンダでナットを駆動するもの，ネジ式ジャッキと油圧ジャッキとの組み合わせ）「図」
uploaded,タイトル変更,B66F 3/24 H,B66F 3/24 H,低身ジヤツキ〔注．すきまへの挿入を容易にした，薄型液圧シリンダ－ジヤツキで，ボタン電池様の形状をしている〕「図」,低身ジャッキ〔注．すきまへの挿入を容易にした，薄型液圧シリンダージャッキで，ボタン電池様の形状をしている〕「図」
uploaded,タイトル変更,B66F 3/24 J,B66F 3/24 J,早送り，早戻し機構〔例．リタ－ンスプリング，バイパス回路〕「図」,早送り，早戻し機構〔例．リターンスプリング，バイパス回路〕「図」
uploaded,タイトル変更,B66F 3/24 K,B66F 3/24 K,油圧回路の特徴〔例．回生制御，すなわち物品が下る時のエネルギを保存して，押上に利用するもの。下降速度制御絞り装置，押上力変更機構〕〔注．ポンプは，３／４２，クツシヨンは，３／３２，連動制御は，３／４６〕「図」,油圧回路の特徴〔例．回生制御，すなわち物品が下る時のエネルギを保存して，押上に利用するもの。下降速度制御絞り装置，押上力変更機構〕〔注．ポンプは，３／４２，クッションは，３／３２，連動制御は，３／４６〕「図」
uploaded,タイトル変更,B66F 7/02,B66F 7/02,・ロープ，ケーブル，またはチエーンから懸吊されるプラットフォームをもつもの,・ロープ，ケーブル，またはチェーンから懸吊されるプラットフォームをもつもの
uploaded,タイトル変更,B66F 7/02 A,B66F 7/02 A,支持フレ－ム，すなわち少なくとも支柱から成る支持部と，これに対し索体によつて昇降する載置部材とを有するもの〔注．原則として車輪等により横行するものは含まない。＝載置部に代えて吊下部を持つもの→クレ－ン，Ｂ６６Ｃ，＝載置部にスライデイングフオ－クを有し横行するもの→スタツカクレ－ン，Ｂ６５Ｇ１／００，Ｂ６６Ｆ９／０７，＝建造物の上部から索体により載置部が吊り下げられるもの→建設用足場，ゴンドラ，Ｅ０４Ｇ＝シヤフト内を昇降し床間その人荷の運搬に供されるもの→エレベ－タ，Ｂ６６Ｂ＝載置部に代え特定の物「図」,支持フレーム，すなわち少なくとも支柱から成る支持部と，これに対し索体によつて昇降する載置部材とを有するもの〔注．原則として車輪等により横行するものは含まない。　載置部に代えて吊下部を持つもの→クレーン，Ｂ６６Ｃ，　載置部にスライディングフォークを有し横行するもの→スタッカクレーン，Ｂ６５Ｇ１／００，Ｂ６６Ｆ９／０７，　建造物の上部から索体により載置部が吊り下げられるもの→建設用足場，ゴンドラ，Ｅ０４Ｇ，　シャフト内を昇降し床間その人荷の運搬に供されるもの→エレベータ，Ｂ６６Ｂ　載置部に代え特定の物「図」
uploaded,タイトル変更,B66F 7/02 C,B66F 7/02 C,・・車輛持上用一柱式リフト「図」,・・車両持上用一柱式リフト「図」
uploaded,タイトル変更,B66F 7/02 H,B66F 7/02 H,・・車輛持上用二柱式リフト〔注．荷台，７／２８Ｂ〕「図」,・・車両持上用二柱式リフト〔注．荷台，７／２８Ｂ〕「図」
uploaded,タイトル変更,B66F 7/02 N,B66F 7/02 N,索体によりテレスコピツク状に伸縮し，最上部に設けた荷台を昇降させるもの〔注．高所作業車は，９／０６Ｎ〕「図」,索体によりテレスコピック状に伸縮し，最上部に設けた荷台を昇降させるもの〔注．高所作業車は，９／０６Ｎ〕「図」
uploaded,タイトル変更,B66F 7/06 A,B66F 7/06 A,フレ－ム，底部構造の特徴〔例．キヤスタ－輪，特定の用途に適応させるための特定の形態，すべり止め〕〔注．リンクによる昇降機構としての原理は，３／１２トグルレバ－からなるジヤツキと同じである。相異は，ジヤツキが一点をスポツト的に支持し持上げるのに対し，プラツトフオ－ムは多点あるいは面を支持し持上げる点にある。自動車に載置された，操作部を持つプラツトフオ－ムは，９／０６Ｋ，Ｐが優先〕「図」,フレーム，底部構造の特徴〔例．キヤスター輪，特定の用途に適応させるための特定の形態，すべり止め〕〔注．リンクによる昇降機構としての原理は，３／１２トグルレバーからなるジャッキと同じである。相異は，ジャッキが一点をスポット的に支持し持上げるのに対し，プラットフォームは多点あるいは面を支持し持上げる点にある。自動車に載置された，操作部を持つプラットフォームは，９／０６Ｋ，Ｐが優先〕「図」
uploaded,タイトル変更,B66F 7/06 B,B66F 7/06 B,リンクの構造に特徴を持つもの〔例．リンクア－ム，リンクガイド，リンクの配置〕「図」,リンクの構造に特徴を持つもの〔例．リンクアーム，リンクガイド，リンクの配置〕「図」
uploaded,タイトル変更,B66F 7/06 C,B66F 7/06 C,・Ｘ字型，パンタグラフ型以外の特殊形状のリンクに特徴を持つもの〔例：ｙ型，ｖ型，板状リンク〕「図」,・Ｘ字型，パンタグラフ型以外の特殊形状のリンクに特徴を持つもの〔例：Ｙ型，Ｖ型，板状リンク〕「図」
uploaded,タイトル変更,B66F 7/06 E,B66F 7/06 E,車輛持上用リフト〔注．吊下式のものは，７／０２Ｃ，Ｈ，Ｍ〕「図」,車両持上用リフト〔注．吊下式のものは，７／０２Ｃ，Ｈ，Ｍ〕「図」
uploaded,タイトル変更,B66F 7/06 F,B66F 7/06 F,駆動部〔ネジ杆，ナツト，原動部，補助付勢手段〕「図」,駆動部〔ネジ杆，ナット，原動部，補助付勢手段〕「図」
uploaded,タイトル変更,B66F 7/08 A,B66F 7/08 A,流体圧駆動手段の特徴〔例：流体源，油圧回路，回転型アクチユエ－タ〕「図」,流体圧駆動手段の特徴〔例：流体源，油圧回路，回転型アクチュエータ〕「図」
uploaded,タイトル変更,B66F 7/08 B,B66F 7/08 B,シリンダ以外の伸縮式アクチユエ－タ〔例．ベロ－ズ〕を備えたもの〔注．ベロ－ズジヤツキ，３／３５〕「図」,シリンダ以外の伸縮式アクチュエータ〔例．ベローズ〕を備えたもの〔注．ベローズジャッキ，３／３５〕「図」
uploaded,タイトル変更,B66F 7/08 C,B66F 7/08 C,シリンダを備えたリンク式プラツトフオ－ム「図」,シリンダを備えたリンク式プラットフォーム「図」
uploaded,タイトル変更,B66F 7/01,B66F 7/01,・ジヤツキによって直接に支持されるプラットフォームをもつもの,・ジャッキによって直接に支持されるプラットフォームをもつもの
uploaded,タイトル変更,B66F 7/12,B66F 7/12,・・機械式ジヤツキによるもの,・・機械式ジャッキによるもの
uploaded,タイトル変更,B66F 7/18,B66F 7/18,・・・単独の中心ジヤツキによるもの,・・・単独の中心ジャッキによるもの
uploaded,タイトル変更,B66F 7/02,B66F 7/02,・・・移動の際プラットフォームの水平を保持するための装置をもった数個のジヤツキによるもの,・・・移動の際プラットフォームの水平を保持するための装置をもった数個のジャッキによるもの
uploaded,タイトル変更,B66F 7/02 A,B66F 7/02 A,複数のシリンダの伸縮を機械的に同調させるもの〔例．補助水平ガイド部材，ラツクピニオンとの併用〕〔注．液圧駆動されるパンタダラフジヤツキは，７／０８が優先「図」,複数のシリンダの伸縮を機械的に同調させるもの〔例．補助水平ガイド部材，ラックピニオンとの併用〕〔注．液圧駆動されるパンタダラフジャッキは，７／０８が優先「図」
uploaded,タイトル変更,B66F 7/02 C,B66F 7/02 C,・歯車，ラツク，チエ－ン利用したもの「図」,・歯車，ラック，チェーン利用したもの「図」
uploaded,タイトル変更,B66F 7/02 D,B66F 7/02 D,流体手段を用いて複数のシリンダの伸縮を同調させるもの〔例．複数シリンダの直列接続分配集流弁〕〔注．電気的な制御手段を持つものは，１７／００Ｅが優先「図」,流体手段を用いて複数のシリンダの伸縮を同調させるもの〔例．複数シリンダの直列接続分配集流弁〕〔注．電気的な制御手段を持つものは，１７／００Ｅが優先「図」〕
uploaded,タイトル変更,B66F 7/02 Z,B66F 7/02 Z,その他のもの〔バ－ジ，洋上プラツトフオ－ムのイコライザ－は，Ｅ０２Ｂ１７／０４が主〕「図」,その他のもの〔バージ，洋上プラットフォームのイコライザーは，Ｅ０２Ｂ１７／０４が主〕「図」
uploaded,タイトル変更,B66F 7/22 A,B66F 7/22 A,昇降動作と連動してプラツトフオ－ムを傾斜させるもの〔注．スキツプホイスト，すなわち最上端で転倒するバケツトあるいはホツパを持つものは，Ｂ６６Ｂ１７／０８〕〔例．傾斜またはわん曲したガイドレ－ルによりプラツトフオ－ムを傾けるもの上昇するにつれて傾斜するパンタグラフリンク機構〕「図」,昇降動作と連動してプラツトフォームを傾斜させるもの〔注．スキップホイスト，すなわち最上端で転倒するバケットあるいはホッパーを持つものは，Ｂ６６Ｂ１７／０８〕〔例．傾斜またはわん曲したガイドレールによりプラットフォームを傾けるもの上昇するにつれて傾斜するパンタグラフリンク機構〕「図」
uploaded,タイトル変更,B66F 7/22 B,B66F 7/22 B,プラツトフオ－ムの片側のみを持上げることによりプラツトフオ－ムの傾斜を行なうもの〔注．プラツトフオ－ム全体の昇降は行なわれず，はね橋のようにプラツトフオ－ムが傾くものを分類する。ただしホツパ－の目的でバケツト等を傾けるものは，Ｂ６５Ｇ６５〕「図」,プラットフォームの片側のみを持上げることによりプラットフォームの傾斜を行なうもの〔注．プラットフォーム全体の昇降は行なわれず，はね橋のようにプラットフォームが傾くものを分類する。ただしホッパーの目的でバケット等を傾けるものは，Ｂ６５Ｇ６５〕「図」
uploaded,タイトル変更,B66F 7/22 C,B66F 7/22 C,昇降位置とは無関係にプラツトフオ－ムを傾斜させるもの〔例：両持式プラツトフオ－ムにおいて左右の持上部材の高さを変え，プラツトフオ－ムを傾けるもの。プラツトフオ－ム自体に揺動装置を持つもの〕〔昇降ダンプ荷台，Ｂ６０Ｐ１／３４〕「図」,昇降位置とは無関係にプラットフォームを傾斜させるもの〔例：両持式プラツトフオームにおいて左右の持上部材の高さを変え，プラツトフオームを傾けるもの。プラツトフオーム自体に揺動装置を持つもの〕〔昇降ダンプ荷台，Ｂ６０Ｐ１／３４〕「図」
uploaded,タイトル変更,B66F 7/22 Z,B66F 7/22 Z,その他のもの〔重い荷のかたむけは，Ｂ６５Ｇ７／００，ダンプカ－は，Ｂ６０Ｐ１／３２〕,その他のもの〔重い荷のかたむけは，Ｂ６５Ｇ７／００，ダンプカーは，Ｂ６０Ｐ１／３２〕
uploaded,タイトル変更,B66F 7/26,B66F 7/26,・車両の部分を選択的にもち上げるためのもの（移動用ガレージジヤツキ５／００）,・車両の部分を選択的にもち上げるためのもの（移動用ガレージジャッキ５／００）
uploaded,タイトル変更,B66F 7/28 A,B66F 7/28 A,プラツトフオ－ムリフト荷台〔注．ジヤツキの荷受部は３／０８Ｂ，３／１２Ｆ，３／３６〕「図」,プラットフォームリフト荷台〔注．ジャッキの荷受部は３／０８Ｂ，３／１２Ｆ，３／３６〕「図」
uploaded,タイトル変更,B66F 7/28 B,B66F 7/28 B,・車輛の下面をスポツト支持するもの「図」,・車両の下面をスポット支持するもの「図」
uploaded,タイトル変更,B66F 7/28 C,B66F 7/28 C,・・スイングア－ムの特微〔例．枢着構造，伸縮構造〕「図」,・・スイングアームの特微〔例．枢着構造，伸縮構造〕「図」
uploaded,タイトル変更,B66F 7/28 D,B66F 7/28 D,・・支持部材の構造〔例：スイングア－ム先端に設けた受皿の特微〕「図」,・・支持部材の構造〔例：スイングアーム先端に設けた受皿の特微〕「図」
uploaded,タイトル変更,B66F 7/28 E,B66F 7/28 E,・少なくとも一部が横に移動可能なもの〔例．荷の大きさにあわせてスライドする可変面積のプラツトフオ－ム，横方向のバラスンをとるためのもの荷の積おろし補助するためのもの〕〔注．スタツカクレ－ンのスライデイングフオ－クは，Ｂ６５Ｇ１／０６〕「図」,・少なくとも一部が横に移動可能なもの〔例．荷の大きさにあわせてスライドする可変面積のプラットフォーム，横方向のバランスをとるためのもの荷の積おろし補助するためのもの〕〔注．スタッカクレーンのスライディングフォークは，Ｂ６５Ｇ１／０６〕「図」
uploaded,タイトル変更,B66F 7/28 G,B66F 7/28 G,・荷持スライド補助部材〔例：プラツトフオ－ム上にロ－ラコンベアを設けたもの〕〔荷積荷おろし，Ｂ６５Ｇ６９／２４，Ｂ６２Ｂ３／０４Ｃ参照〕「図」,・荷持スライド補助部材〔例：プラットフォーム上にローラコンベアを設けたもの〕〔荷積荷おろし，Ｂ６５Ｇ６９／２４，Ｂ６２Ｂ３／０４Ｃ参照〕「図」
uploaded,タイトル変更,B66F 7/28 J,B66F 7/28 J,・タ－ンテ－ブル〔荷積荷おろし用タ－ンテ－ブルはＢ６５Ｇ６９／２６参照〕「図」,・ターンテーブル〔荷積荷おろし用ターンテーブルはＢ６５Ｇ６９／２６参照〕「図」
uploaded,タイトル変更,B66F 7/28 L,B66F 7/28 L,プラツトフオ－ムリフト側面カバ－構造「図」,プラットフォームリフト側面カバー構造「図」
uploaded,タイトル変更,B66F 7/28 M,B66F 7/28 M,床下埋込ジヤツキを有するプラツトフオ－ムリフト特微〔例：収納蓋，ピツトの水ぬき〕「図」,床下埋込ジャッキを有するプラットフォームリフト特微〔例：収納蓋，ピットの水ぬき〕「図」
uploaded,タイトル変更,B66F 7/28 Z,B66F 7/28 Z,その他のもの〔例．ブレ－キ，脚部〕,その他のもの〔例．ブレーキ，脚部〕
uploaded,タイトル変更,B66F 9/06 A,B66F 9/06 A,走行が主に人力によるもの〔例：簡易リフト・ウオ－キ－リフト〕〔ロ－リフトは，Ｂ６２Ｂ３／００〕「図」,走行が主に人力によるもの〔例：簡易リフト・ウォーキーリフト〕〔ローリフトは，Ｂ６２Ｂ３／００〕「図」
uploaded,タイトル変更,B66F 9/06 B,B66F 9/06 B,昇降する操作台をもつもの〔例：高所作業車・オ－ダ－ピツカ－〕〔注ブ－ムの格納はここに分類する，ブ－ムから下の構造，ブ－ムの車体取付配置，Ｂ６０Ｐ３／１４，Ｂ６６Ｆ１１／０４高所作業車を副分類とする〕,昇降する操作台をもつもの〔例：高所作業車・オーダーピッカー〕〔注　ブームの格納はここに分類する，ブームから下の構造，ブームの車体取付配置，Ｂ６０Ｐ３／１４，Ｂ６６Ｆ１１／０４高所作業車を副分類とする〕
uploaded,タイトル変更,B66F 9/06 C,B66F 9/06 C,フオ－クリフトを他の作業車と組合せたもの「図」,フォークリフトを他の作業車と組合せたもの「図」
uploaded,タイトル変更,B66F 9/06 E,B66F 9/06 E,・セルフクライミング・フオ－クリフト〔注．セルフクライミングクレ－ン，Ｂ６６Ｃ２３／３２，車両の一部の持上，Ｂ６０Ｓ９／００〕「図」,・セルフクライミング・フォークリフト〔注．セルフクライミングクレーン，Ｂ６６Ｃ２３／３２，車両の一部の持上，Ｂ６０Ｓ９／００〕「図」
uploaded,タイトル変更,B66F 9/06 F,B66F 9/06 F,・クレ－ン・ウインチとの組合せ「図」,・クレーン・ウインチとの組合せ「図」
uploaded,タイトル変更,B66F 9/06 G,B66F 9/06 G,・トラクタ用リヤフオ－ク〔注持上装置を持つトラクタ－，Ｂ６２Ｄ４９／０２，トラクタ－用農具，Ａ０１Ｂ６３／１０８〕,・トラクタ用リヤフォーク〔注持上装置を持つトラクター，Ｂ６２Ｄ４９／０２，トラクター用農具，Ａ０１Ｂ６３／１０８〕
uploaded,タイトル変更,B66F 9/06 H,B66F 9/06 H,・トラクタ用フロントフオ－ク,・トラクター用フロントフォーク
uploaded,タイトル変更,B66F 9/06 K,B66F 9/06 K,・回動・屈曲するブ－ムの先端に操作台があるもの〔例：リンク式〕「図」,・回動・屈曲するブームの先端に操作台があるもの〔例：リンク式〕「図」
uploaded,タイトル変更,B66F 9/06 L,B66F 9/06 L,・伸縮するブ－ムの先端に操作台があるもの〔例：テレスコピツクブ－ム式〕「図」,・伸縮するブームの先端に操作台があるもの〔例：テレスコピックブーム式〕「図」
uploaded,タイトル変更,B66F 9/06 N,B66F 9/06 N,・・特にブ－ムが垂直に伸縮するもの〔注建設作業用のプラツトフオ－ムを持つ足場，Ｅ０４Ｇ１／２０〕「図」,・・特にブームが垂直に伸縮するもの〔注建設作業用のプラットフォームを持つ足場，Ｅ０４Ｇ１／２０〕「図」
uploaded,タイトル変更,B66F 9/06 P,B66F 9/06 P,・・特にブ－ムが交差しているもの〔例：パンタグラフ式，シザ－ス式〕「図」,・・特にブームが交差しているもの〔例：パンタグラフ式，シザース式〕「図」
uploaded,タイトル変更,B66F 9/06 Q,B66F 9/06 Q,・・操作台にクレ－ン等の巻揚装置を併設したもの「図」,・・操作台にクレーン等の巻揚装置を併設したもの「図」
uploaded,タイトル変更,B66F 9/06 W,B66F 9/06 W,・・操作台にフオ－ク等の荷役装置を併設したもの〔フオ－ク以外のマニプレ－タ－，クランプ等の荷役手段を含む〕「図」,・・操作台にフォーク等の荷役装置を併設したもの〔フォーク以外のマニピュレーター，クランプ等の荷役手段を含む〕「図」
uploaded,タイトル変更,B66F 9/06 Y,B66F 9/06 Y,・・操作台の垂直面内での姿勢調節，例．水平軸まわりの旋回すなわち水平維持手段，垂直面内での小距離の直線運動〕「図」,・・操作台の垂直面内での姿勢調節，〔例．水平軸まわりの旋回すなわち水平維持手段，垂直面内での小距離の直線運動〕「図」
uploaded,タイトル変更,B66F 9/065 A,B66F 9/065 A,四辺形リンクをもつのもの「図」,四辺形リンクをもつもの「図」
uploaded,タイトル変更,B66F 9/065 C,B66F 9/065 C,テレスコピツク・ブ－ムをもつもの「図」,テレスコピック・ブームをもつもの「図」
uploaded,タイトル変更,B66F 9/065 Z,B66F 9/065 Z,その他のもの〔注シヤベルロ－ダ－，Ｅ０２Ｆ３／３６〕,その他のもの〔注　シャベルローダー，Ｅ０２Ｆ３／３６〕
uploaded,タイトル変更,B66F 9/07 A,B66F 9/07 A,荷役作業・操作用昇降台〔スタツカクレ－ンの荷役用スライデイングフオ－クは，Ｂ６５Ｇ１／０６〕「図」,荷役作業・操作用昇降台〔スタッカクレーンの荷役用スライディングフォークは，Ｂ６５Ｇ１／０６〕「図」
uploaded,タイトル変更,B66F 9/07 C,B66F 9/07 C,床走行型スタツカクレ－ンのフレ－ム，案内「図」,床走行型スタッカクレーンのフレーム，案内「図」
uploaded,タイトル変更,B66F 9/07 E,B66F 9/07 E,吊下支持型スタツカクレ－ンのフレ－ム，案内〔注．天井走行クレ－ンの荷物係合要素用ビ－ムＢ６６Ｃ１７／０４「図」,吊下支持型スタッカクレーンのフレーム，案内〔注．天井走行クレーンの荷物係合要素用ビームＢ６６Ｃ１７／０４「図」
uploaded,タイトル変更,B66F 9/07 J,B66F 9/07 J,防振・緩衝〔クレ－ンの制振制御は，Ｂ６６Ｃ１３／２２，ふれ止め，Ｂ６６Ｃ１３／０６「図」,防振・緩衝〔クレーンの制振制御は，Ｂ６６Ｃ１３／２２，振れ止め，Ｂ６６Ｃ１３／０６「図」
uploaded,タイトル変更,B66F 9/075 A,B66F 9/075 A,フオ－クリフトに特有な車体の特微〔荷役車両の形状Ｂ６０Ｐ１／００〕「図」,フォークリフトに特有な車体の特微〔荷役車両の形状Ｂ６０Ｐ１／００〕「図」
uploaded,タイトル変更,B66F 9/075 C,B66F 9/075 C,・釣合手段〔カウンタウエイト，バツテリ－〕〔カウンタ－ウエイト一般，Ｂ６２Ｄ４９／０８，クレ－ンのカウンタウエイト，Ｂ６６Ｃ２３／７２，７４，バツテリ，Ｈ０１Ｍ７／１０，バツテリ交換Ｂ６０Ｋ１，充電Ｂ６０Ｌ１５／〕「図」,・釣合手段〔カウンターウエイト，バッテリー〕〔カウンターウエイト一般，Ｂ６２Ｄ４９／０８，クレーンのカウンターウエイト，Ｂ６６Ｃ２３／７２，７４，バッテリー，Ｈ０１Ｍ７／１０，バッテリー交換Ｂ６０Ｋ１，充電Ｂ６０Ｌ１５／〕「図」
uploaded,タイトル変更,B66F 9/075 E,B66F 9/075 E,・運転席〔貨関輸送用運転台Ｂ６２Ｄ３３／０６，クレ－ン運転台Ｂ６６Ｃ１３／５４，運転席Ｂ６２Ｎ１／０２，トラクタ運転席Ｅ０２Ｆ９／１６，座席Ｂ６０Ｎ１／－〕「図」,・運転席〔貨関輸送用運転台Ｂ６２Ｄ３３／０６，クレーン運転台Ｂ６６Ｃ１３／５４，運転席Ｂ６２Ｎ１／０２，トラクター運転席Ｅ０２Ｆ９／１６，座席Ｂ６０Ｎ１／〕「図」
uploaded,タイトル変更,B66F 9/075 G,B66F 9/075 G,・ヘツドガ－ド〔ヘツドガ－ド一般は，Ｂ６２Ｄ４９／００〕「図」,・ヘッドガード〔ヘッドカード一般は，Ｂ６２Ｄ４９／００〕「図」
uploaded,タイトル変更,B66F 9/075 J,B66F 9/075 J,・荷役用視界補助手段〔例；ミラ－等〕〔車両の照明Ｂ６０Ｑ１／０２，投光装置Ｆ２１Ｍ７／００，クレ－ンの照明装置，Ｂ６６Ｃ１３／００，光学的視認Ｂ６０Ｒ１／００〕「図」,・荷役用視界補助手段〔例；ミラー等〕〔車両の照明Ｂ６０Ｑ１／０２，投光装置Ｆ２１Ｍ７／００，クレーンの照明装置，Ｂ６６Ｃ１３／００，光学的視認Ｂ６０Ｒ１／００〕「図」
uploaded,タイトル変更,B66F 9/075 L,B66F 9/075 L,・アウトリガ－，補助輪〔アウトリガ－Ｂ６０Ｓ９／００，クレ－ンのアウトリガ－Ｂ６６Ｃ２３／７８，安全脚Ｆ１６Ｍ１１／００〕「図」,・アウトリガー，補助輪〔アウトリガーＢ６０Ｓ９／００，クレーンのアウトリガーＢ６６Ｃ２３／７８，安全脚Ｆ１６Ｍ１１／００〕「図」
uploaded,タイトル変更,B66F 9/075 N,B66F 9/075 N,ストラルド型フオ－クリフト〔リ－チ式のものを除く〕〔ステラドルキヤリア（コンテナ用）は，Ｂ６５Ｇ６３／００Ｌ〕「図」,ストラドル型フォークリフト〔リーチ式のものを除く〕〔ステラドルキャリア（コンテナ用）は，Ｂ６５Ｇ６３／００Ｌ〕「図」
uploaded,タイトル変更,B66F 9/08 B,B66F 9/08 B,マスト等のガイド〔例．ロ－ラ以外によるスライドガイド〕「図」,マスト等のガイド〔例．ローラ以外によるスライドガイド〕「図」
uploaded,タイトル変更,B66F 9/08 C,B66F 9/08 C,チエン，スプロケツト〔例．リフトチエン等の構造，案内，端部止着構造〕「図」,チェーン，スプロケット〔例．リフトチェーン等の構造，案内，端部止着構造〕「図」
uploaded,タイトル変更,B66F 9/08 D,B66F 9/08 D,マスト等の昇降装置の垂直軸まわりの旋回〔注．フオ－ク等の垂直軸旋回は９／１４Ｋ，リ－チと旋回とを行なうマストは９／１０Ｇ，サイドリ－チフオ－クは９／１４Ｍ〕「図」,マスト等の昇降装置の垂直軸まわりの旋回〔注．フォーク等の垂直軸旋回は９／１４Ｋ，リーチと旋回とを行なうマストは９／１０Ｇ，サイドリーチフォークは９／１４Ｍ〕「図」
uploaded,タイトル変更,B66F 9/08 E,B66F 9/08 E,マスト等の昇降装置の前後傾動〔例．マストチルト〕〔注．チルトシリンダ，配管の特微は，９／２２Ｇ．制御は９／２４Ｅ，架台，フオ－ク等のマストに対するチルトは，９／１６〕「図」,マスト等の昇降装置の前後傾動〔例．マストチルト〕〔注．チルトシリンダ，配管の特微は，９／２２Ｇ．制御は９／２４Ｅ，架台，フォーク等のマストに対するチルトは，９／１６〕「図」
uploaded,タイトル変更,B66F 9/08 F,B66F 9/08 F,油圧ホ－スの配管，または配線の構造，案内〔例．マストにおけるホ－スプ－リによるホ－スの案内，リ－チリフトの給電ケ－ブルの案内〕〔注．回路図で示された配管は９／２２が，同じく配線は９／２４が優先〕「図」,油圧ホースの配管，または配線の構造，案内〔例．マストにおけるホースプーリによるホースの案内，リーチリフトの給電ケーブルの案内〕〔注．回路図で示された配管は９／２２が，同じく配線は９／２４が優先〕「図」
uploaded,タイトル変更,B66F 9/08 G,B66F 9/08 G,視界の向上〔例．マストの近くに二本のリフトシリンダを配設した構造，いわゆるフリ－ビユ－マスト〕「図」,視界の向上〔例．マストの近くに二本のリフトシリンダを配設した構造，いわゆるフリービューマスト〕「図」
uploaded,タイトル変更,B66F 9/08 H,B66F 9/08 H,フリ－リフト〔注．マストの上昇を伴なわずフオ－クを一定量上昇させるための構造。ただし専用シリンダを備えたいわゆるフルフリ－マストについては９／０８Ｐ，Ｑ。特にシリンダや配管に特微があるものは９／２２Ｄ，Ｅが優先〕「図」,フリーリフト〔注．マストの上昇を伴なわず、フォークを一定量上昇させるための構造。ただし専用シリンダを備えたいわゆるフルフリーマストについては９／０８Ｐ，Ｑ。特にシリンダや配管に特微があるものは９／２２Ｄ，Ｅが優先〕「図」
uploaded,タイトル変更,B66F 9/08 L,B66F 9/08 L,複数組の荷役手段を持つもの〔例．複数組のマスト，フオ－ク〕「図」,複数組の荷役手段を持つもの〔例．複数組のマスト，フォーク〕「図」
uploaded,タイトル変更,B66F 9/08 M,B66F 9/08 M,マスト等の取付・支持，分解・組立〔例．マスト下部のフロントアクスルへの取付構造，ロ－ラ交換のためのマストの分解〕「図」,マスト等の取付・支持，分解・組立〔例．マスト下部のフロントアクスルへの取付構造，ローラ交換のためのマストの分解〕「図」
uploaded,タイトル変更,B66F 9/08 N,B66F 9/08 N,マスト等へのリフトシリンダ等の取付，支持〔注．フリ－リフトのためのもの９／０８Ｈが優先，シリンダ自体の特微，９／２２が優先〕「図」,マスト等へのリフトシリンダ等の取付，支持〔注．フリーリフトのためのもの９／０８Ｈが優先，シリンダ自体の特微，９／２２が優先〕「図」
uploaded,タイトル変更,B66F 9/08 Q,B66F 9/08 Q,・・ガイドロ－ラの取付支持構造〔例．支軸のレ－ルへの固着，ロ－ラの軸受，サイドロ－ラを内蔵した，いわゆるクロスロ－ラの構造〕「図」,・・ガイドローラの取付支持構造〔例．支軸のレールへの固着，ローラの軸受，サイドローラを内蔵した，いわゆるクロスローラの構造〕「図」
uploaded,タイトル変更,B66F 9/08 R,B66F 9/08 R,・マストレ－ル等のロ－ラによるガイド〔例．ロ－ラとレ－ルとの組合せ構造〕〔注．リ－チ９／１０Ｅ，クランプ９／１８Ａが優先〕「図」,・マストレール等のローラによるガイド〔例．ローラとレールとの組合せ構造〕〔注．リーチ９／１０Ｅ，クランプ９／１８Ａが優先〕「図」
uploaded,タイトル変更,B66F 9/08 S,B66F 9/08 S,・・特にマストレ－ル等とロ－ラとの当接面の形状に特微を持つもの〔例．テ－パ面を持つレ－ルとロ－ラとの組合せ〕「図」,・・特にマストレール等とローラとの当接面の形状に特微を持つもの〔例．テーパ面を持つレールとローラとの組合せ〕「図」
uploaded,タイトル変更,B66F 9/08 T,B66F 9/08 T,・・特にマストレ－ル等またはロ－ラの当接面の材料に特微を持つもの〔例．焼入れ硬化面を持つレ－ル，弾性表面を持つロ－ラ〕「図」,・・特にマストレール等またはローラの当接面の材料に特微を持つもの〔例．焼入れ硬化面を持つレール，弾性表面を持つローラ〕「図」
uploaded,タイトル変更,B66F 9/08 U,B66F 9/08 U,・・マストレ－ル等の摺動部材のガタツキや傾斜を防止するための付加的手段を持つもの〔例．スライダ－やシムの併用，付加的サイドロ－ラの併用〕〔注．ガイドロ－ラにサイドロ－ラを内蔵した構造については，９／０８Ｑが優先〕「図」,・・マストレール等の摺動部材のガタツキや傾斜を防止するための付加的手段を持つもの〔例．スライダーやシムの併用，付加的サイドローラの併用〕〔注．ガイドローラにサイドローラを内蔵した構造については，９／０８Ｑが優先〕「図」
uploaded,タイトル変更,B66F 9/08 V,B66F 9/08 V,・・マストレ－ル等自体の構造の特微〔例．ガイドレ－ルの容接構造，円弧状断面等の特殊断面形状〕〔注：多段マストは，９／０８Ｐがモノマストは，９／０８Ｊが優先〕「図」,・・マストレール等自体の構造の特微〔例．ガイドレールの容接構造，円弧状断面等の特殊断面形状〕〔注：多段マストは，９／０８Ｐがモノマストは，９／０８Ｊが優先〕「図」
uploaded,タイトル変更,B66F 9/08 W,B66F 9/08 W,・特に多段テレスコピツク式油圧シリンダを含む多段マストの構造〔注．多段テレスコピツク式油圧シリンダの特微は，９／２２Ｅが優先〕「図」,・特に多段テレスコピック式油圧シリンダを含む多段マストの構造〔注．多段テレスコピック式油圧シリンダの特微は，９／２２Ｅが優先〕「図」
uploaded,タイトル変更,B66F 9/08 Z,B66F 9/08 Z,その他のもの〔例：フオ－クの下限ストツパ〕「図」,その他のもの〔例：フォークの下限ストツパ〕「図」
uploaded,タイトル変更,B66F 9/01 A,B66F 9/01 A,車の進行向にマストが進退するもの〔例：ストラドル・リ－チリフト，リヤ－・リ－チリフト〕「図」,車の進行向にマストが進退するもの〔例：ストラドル・リーチリフト，リヤー・リーチリフト〕「図」
uploaded,タイトル変更,B66F 9/01 C,B66F 9/01 C,車進行方向に直交してマストが進退するもの〔例：サイド・ロ－ダ－〕「図」,車進行方向に直交してマストが進退するもの〔例：サイド・ローダー〕「図」
uploaded,タイトル変更,B66F 9/01 E,B66F 9/01 E,マストの案内〔例：レ－ル，リ－チチレグ，ロ－ラ〕「図」,マストの案内〔例：レール，リーチレグ，ローラ〕「図」
uploaded,タイトル変更,B66F 9/01 G,B66F 9/01 G,リ－チと旋回とを行なうマスト〔例：サイドロ－デイングマスト〕「図」,リーチと旋回とを行なうマスト〔例：サイドローディングマスト〕「図」
uploaded,タイトル変更,B66F 9/01 Z,B66F 9/01 Z,その他もの〔例：切離し式マストすなわち，いわゆる親子式リフト車．ただし，一部９／１０Ａ１２分類．「図」,その他のもの〔例：切離し式マストすなわち，いわゆる親子式リフト車．ただし，一部９／１０Ａ１２分類〕「図」
uploaded,タイトル変更,B66F 9/12 A,B66F 9/12 A,・フオ－クまたはプラテン〔注．スライデイングフオ－クは，Ｂ６５Ｇ１／０４Ｐ，Ｑ〕「図」,・フォークまたはプラテン〔注．スライディングフォークは，Ｂ６５Ｇ１／０４Ｐ，Ｑ〕「図」
uploaded,タイトル変更,B66F 9/12 B,B66F 9/12 B,・バケツト状または箱状の荷持支持手段〔注．掘削および土砂移送用Ｅ０２Ｆ〕「図」,・バケット状または箱状の荷持支持手段〔注．掘削および土砂移送用Ｅ０２Ｆ〕「図」
uploaded,タイトル変更,B66F 9/12 C,B66F 9/12 C,平面状荷物載置部材〔例：プラツトフオ－ム〕「図」,平面状荷物載置部材〔例：プラットフォーム〕「図」
uploaded,タイトル変更,B66F 9/12 D,B66F 9/12 D,・・フオ－クまたはプラテンに着脱自在に取付けられる荷役補助部材〔例：鞘フオ－ク〕〔注．フオ－ク着脱式の特殊アタツチメントは９／１２Ｚ，バケツトは９／１２Ｂ～Ｐ〕「図」,・・フォークまたはプラテンに着脱自在に取付けられる荷役補助部材〔例：鞘フォーク〕〔注．フォーク着脱式の特殊アタッチメントは９／１２Ｚ，バケットは９／１２Ｂ～Ｐ〕「図」
uploaded,タイトル変更,B66F 9/12 E,B66F 9/12 E,・載置面上に設けた荷物保持手段〔例．荷物ストツパ〕〔注．スタビライザはＢ６６Ｆ９／１８Ｃ〕「図」,・載置面上に設けた荷物保持手段〔例．荷物ストッパ〕〔注．スタビライザはＢ６６Ｆ９／１８Ｃ〕「図」
uploaded,タイトル変更,B66F 9/12 F,B66F 9/12 F,・・特にフオ－クに設けた荷物保持手段「図」,・・特にフォークに設けた荷物保持手段「図」
uploaded,タイトル変更,B66F 9/12 G,B66F 9/12 G,・載置面に設けた荷移動補助手段〔例．コンベア付ブラツトフオ－ム〕「図」,・載置面に設けた荷移動補助手段〔例．コンベア付プラットフォーム〕「図」
uploaded,タイトル変更,B66F 9/12 H,B66F 9/12 H,・・特にフオ－クに設けた荷移動補助手段「図」,・・特にフォークに設けた荷移動補助手段「図」
uploaded,タイトル変更,B66F 9/12 J,B66F 9/12 J,・・前後方向に回動して荷の排出を行なすもの〔例：自重または昇降を利用したバケツト反転〕「図」,・・前後方向に回動して荷の排出を行なうもの〔例：自重または昇降を利用したバケット反転〕「図」
uploaded,タイトル変更,B66F 9/12 K,B66F 9/12 K,・・・油圧シリンダにより積極的に回動を行なうもの〔例：フオ－クのチルトシリンダの利用〕「図」,・・・油圧シリンダにより積極的に回動を行なうもの〔例：フォークのチルトシリンダの利用〕「図」
uploaded,タイトル変更,B66F 9/12 N,B66F 9/12 N,・・荷の受入等のために側面が開閉可能なもの〔例：ウイングバケツト〕「図」,・・荷の受入等のために側面が開閉可能なもの〔例：ウイングバケット〕「図」
uploaded,タイトル変更,B66F 9/12 P,B66F 9/12 P,・・フオ－クへの着脱可能なバケツト反付構造「図」,・・フォークへの着脱可能なバケット反付構造「図」
uploaded,タイトル変更,B66F 9/12 Q,B66F 9/12 Q,荷役手段を支持する昇降部材〔例：キヤリツジ，リフトブラケツト〕〔注．昇降手段は９／０８〕「図」,荷役手段を支持する昇降部材〔例：キャリッジ，リフトブラケット〕〔注．昇降手段は９／０８〕「図」
uploaded,タイトル変更,B66F 9/12 R,B66F 9/12 R,・昇降部材への荷役手段の取付，止着〔例：フオ－クロツクピン，フインガ－バ－〕〔注．スライド可能な取付は９／１４〕「図」,・昇降部材への荷役手段の取付，止着〔例：フォークロックピン，フィンガーバー〕〔注．スライド可能な取付は９／１４〕「図」
uploaded,タイトル変更,B66F 9/12 S,B66F 9/12 S,・昇降部材に設けられた荷物背面支持部材〔例．バツクレスト〕〔注．プツシヤは９／１９Ｂ，スタビライザは９／１８Ｃ〕「図」,・昇降部材に設けられた荷物背面支持部材〔例．バックレスト〕〔注．プッシャは９／１９Ｂ，スタビライザは９／１８Ｃ〕「図」
uploaded,タイトル変更,B66F 9/12 T,B66F 9/12 T,・昇降部材〔キヤリツジ〕に着脱可能に取付けられる他に属さない特殊アタツチメント〔例．コンクリ－トミキサ－アタツチメント，スラツプレスアタツチメント〕「図」,・昇降部材〔キャリッジ〕に着脱可能に取付けられる他に属さない特殊アタッチメント〔例．コンクリートミキサーアタッチメント，スラップレスアタッチメント〕「図」
uploaded,タイトル変更,B66F 9/12 U,B66F 9/12 U,・フオ－クに着脱可能に取付けられる他に属さない特殊アタツチメント〔例．道路清掃用ブラシアタツチメント〕〔注．鞘フオ－クは９／１２Ｄ〕「図」,・フォークに着脱可能に取付けられる他に属さない特殊アタッチメント〔例．道路清掃用ブラシアタッチメント〕〔注．鞘フォークは９／１２Ｄ〕「図」
uploaded,タイトル変更,B66F 9/14 A,B66F 9/14 A,架台が昇降部材に対し車巾方向に水平移動するもの〔例．フインガ－バ－のサイドシフト装置〕「図」,架台が昇降部材に対し車巾方向に水平移動するもの〔例．フィンガーバーのサイドシフト装置〕「図」
uploaded,タイトル変更,B66F 9/14 B,B66F 9/14 B,架台が車長手向に水平移動するもの〔注．マストの車長手方向水平動は，９／１０〕〔例．リ－チフオ－ク〕「図」,架台が車長手向に水平移動するもの〔注．マストの車長手方向水平動は，９／１０〕〔例．リーチフォーク〕「図」
uploaded,タイトル変更,B66F 9/14 F,B66F 9/14 F,・特に荷物保持部が一組のフオ－クであるもの「図」,・特に荷物保持部が一組のフォークであるもの「図」
uploaded,タイトル変更,B66F 9/14 G,B66F 9/14 G,・・特にフオ－クが液圧シリンダにより直接駆動されるもの「図」,・・特にフォークが液圧シリンダにより直接駆動されるもの「図」
uploaded,タイトル変更,B66F 9/14 J,B66F 9/14 J,・特に荷物保持部がフオ－クであるもの〔注．スタツカクレ－ン用スライドフオ－クは，Ｂ６５Ｇ１／０４Ｐ，Ｑ〕〔例：伸縮式フオ－ク，スライドフオ－ク〕「図」,・特に荷物保持部がフォークであるもの〔注．スタッカクレーン用スライドフォークは，Ｂ６５Ｇ１／０４Ｐ，Ｑ〕〔例：伸縮式フォーク，スライドフォーク〕「図」
uploaded,タイトル変更,B66F 9/14 K,B66F 9/14 K,架台または荷物保持部が昇降部材に対し垂直軸まわりに揺動または回動するもの〔注．マストの旋回，９／０８Ｄ〕〔例．回転テ－ブル〕「図」,架台または荷物保持部が昇降部材に対し垂直軸まわりに揺動または回動するもの〔注．マストの旋回，９／０８Ｄ〕〔例．回転テーブル〕「図」
uploaded,タイトル変更,B66F 9/14 M,B66F 9/14 M,荷物保持部が昇降部材に対し車巾方向水平移動と垂直軸まわりの回動とを行なうもの〔例：サイドリ－チフオ－ク〕〔注．マストが車巾方向を向き進退するものは，９／１０Ｃ〕「図」,荷物保持部が昇降部材に対し車巾方向水平移動と垂直軸まわりの回動とを行なうもの〔例：サイドリーチフォーク〕〔注．マストが車巾方向を向き進退するものは，９／１０Ｃ〕「図」
uploaded,タイトル変更,B66F 9/14 N,B66F 9/14 N,荷物保持部が昇降部材に対し車巾方向水平移動と車長手方向水平軸まわりの回動とを行なうもの〔例：反転フオ－ク式サイドリ－チリフト〕〔注．バケツトの側方反転は，９／１２Ｌ〕「図」,荷物保持部が昇降部材に対し車巾方向水平移動と車長手方向水平軸まわりの回動とを行なうもの〔例：反転フォーク式サイドリーチリフト〕〔注．バケットの側方反転は，９／１２Ｌ〕「図」
uploaded,タイトル変更,B66F 9/14 P,B66F 9/14 P,架台が昇降部材に対し車長手方向水平軸まわりに揺動または回動するもの〔例：揺動キヤリツジ〕「図」,架台が昇降部材に対し車長手方向水平軸まわりに揺動または回動するもの〔例：揺動キャリッジ〕「図」
uploaded,タイトル変更,B66F 9/14 Q,B66F 9/14 Q,・特に架台が回転式駆動手段〔例．油圧モ－タ〕により一方向に続けて旋回可能なもの〔例：タ－レツト〕「図」,・特に架台が回転式駆動手段〔例．油圧モータ〕により一方向に続けて旋回可能なもの〔例：ターレツト〕「図」
uploaded,タイトル変更,B66F 9/14 R,B66F 9/14 R,荷物保持部が架台に対し車長手方向水平軸まわりに回動するもの〔例：スイングフオ－ク〕〔注．架台の回動を伴なう場合はＲがＰ，Ｑに優先。バケツトの側方反転は，９／１２Ｌ〕「図」,荷物保持部が架台に対し車長手方向水平軸まわりに回動するもの〔例：スイングフォーク〕〔注．架台の回動を伴なう場合はＲがＰ，Ｑに優先。バケットの側方反転は，９／１２Ｌ〕「図」
uploaded,タイトル変更,B66F 9/14 Z,B66F 9/14 Z,その他のもの〔例：一対のフオ－クの相互高さ調整〕「図」,その他のもの〔例：一対のフォークの相互高さ調整〕「図」
uploaded,タイトル変更,B66F 9/16 B,B66F 9/16 B,架台に対して荷物保持部材が車巾方向水平軸まわりに回動可能に取付けられたもの〔注．前後方向転倒可能なバケツトは，９／１２Ｊ〕〔例：ヒンジドフオ－ク〕「図」,架台に対して荷物保持部材が車巾方向水平軸まわりに回動可能に取付けられたもの〔注．前後方向転倒可能なバケットは，９／１２Ｊ〕〔例：ヒンジドフォーク〕「図」
uploaded,タイトル変更,B66F 9/16 C,B66F 9/16 C,・特に荷物保持部材が途中から折りたたみ可能となつているもの〔例：屈折フオ－ク〕「図」,・特に荷物保持部材が途中から折りたたみ可能となつているもの〔例：屈折フォーク〕「図」
uploaded,タイトル変更,B66F 9/16 D,B66F 9/16 D,回動用アクチユエ－タの取付構造「図」,回動用アクチュエータの取付構造「図」
uploaded,タイトル変更,B66F 9/16 E,B66F 9/16 E,荷物保持部材または架台が荷背面支持部材〔例：バツクレスト〕と連動して車巾方向水平軸まわりに回動するもの「図」,荷物保持部材または架台が荷背面支持部材〔例：バックレスト〕と連動して車巾方向水平軸まわりに回動するもの「図」
uploaded,タイトル変更,B66F 9/16 F,B66F 9/16 F,荷物保持部材及び架台が車巾方向水平軸まわりの回動を含む２以上の自由度で変位可能なもの〔注．サイドリ－チフオ－クは，９／１４Ｍ〕「図」,荷物保持部材及び架台が車巾方向水平軸まわりの回動を含む２以上の自由度で変位可能なもの〔注．サイドリーチフォークは，９／１４Ｍ〕「図」
uploaded,タイトル変更,B66F 9/16 G,B66F 9/16 G,・特に荷物保持部材及び架台が車巾方向水平軸及びこれに直交する軸まわりにともに回動可能なもの〔例：回転クランプチルト装置〕〔注．タ－レツト装置，９／１４Ｑ〕「図」,・特に荷物保持部材及び架台が車巾方向水平軸及びこれに直交する軸まわりにともに回動可能なもの〔例：回転クランプチルト装置〕〔注．ターレット装置，９／１４Ｑ〕「図」
uploaded,タイトル変更,B66F 9/16 Z,B66F 9/16 Z,その他〔例．フオ－クのチルトを利用した前輪の持上，フオ－クのチルトを利用した物品の押しつぶし〕,その他〔例．フォークのチルトを利用した前輪の持上，フォークのチルトを利用した物品の押しつぶし〕
uploaded,タイトル変更,B66F 9/18 A,B66F 9/18 A,ア－ムの摺動案内部がア－ムの側方にあるスライド式クランプ装置〔例．サイドシフトクランプ〕「図」,アームの摺動案内部がアームの側方にあるスライド式クランプ装置〔例．サイドシフトクランプ〕「図」
uploaded,タイトル変更,B66F 9/18 B,B66F 9/18 B,ア－ムの回動支点がア－ムの側方にあるリンク式クランプ装置〔例．ロ－ルクランプ，ログフオ－ク〕「図」,アームの回動支点がアームの側方にあるリンク式クランプ装置〔例．ロールクランプ，ログフォーク〕「図」
uploaded,タイトル変更,B66F 9/18 C,B66F 9/18 C,フオ－ク上に載置された物品を安定させるための付加的保持手段〔例．ロ－ドスタビライザ〕〔注．フオ－ク上に設けたもの，９／１２Ｅ，バツクレスト，９／１２Ｓ，物品の反転等のためのフオ－クとクランプとの組合せ，９／１８Ｖ，ログフオ－ク，９／１８Ｂ〕「図」,フォーク上に載置された物品を安定させるための付加的保持手段〔例．ロードスタビライザ〕〔注．フォーク上に設けたもの，９／１２Ｅ，バックレスト，９／１２Ｓ，物品の反転等のためのフォークとクランプとの組合せ，９／１８Ｖ，ログフォーク，９／１８Ｂ〕「図」
uploaded,タイトル変更,B66F 9/18 D,B66F 9/18 D,引掛または吊上装置〔例．カ－トンボツクス吊〕「図」,引掛または吊上装置〔例．カートンボックス吊〕「図」
uploaded,タイトル変更,B66F 9/18 E,B66F 9/18 E,・吸着によるもの〔例．真空や磁気を利用したもの〕〔注．クレ－ン用，Ｂ６６Ｃ１／０２〕「図」,・吸着によるもの〔例．真空や磁気を利用したもの〕〔注．クレーン用，Ｂ６６Ｃ１／０２〕「図」
uploaded,タイトル変更,B66F 9/18 F,B66F 9/18 F,ドラム缶リブクランプ方式によるもの〔注．クレ－ン用，Ｂ６６Ｃ１／６２〕「図」,ドラム缶リブクランプ方式によるもの〔注．クレーン用，Ｂ６６Ｃ１／６２〕「図」
uploaded,タイトル変更,B66F 9/18 G,B66F 9/18 G,ア－ムの摺動案内部がア－ムの上下方向にあるスライド式クランプ装置〔例．吊下スライドクランプ〕「図」,アームの摺動案内部がアームの上下方向にあるスライド式クランプ装置〔例．吊下スライドクランプ〕「図」
uploaded,タイトル変更,B66F 9/18 H,B66F 9/18 H,ア－ムの回動支点がア－ムの上下方向にあるリンク式クランプ装置〔例．吊下リンククランプ〕「図」,アームの回動支点がアームの上下方向にあるリンク式クランプ装置〔例．吊下リンククランプ〕「図」
uploaded,タイトル変更,B66F 9/18 J,B66F 9/18 J,特に一組のア－ムすべてが回動可能なリンク式クランプ装置「図」,特に一組のアームすべてが回動可能なリンク式クランプ装置「図」
uploaded,タイトル変更,B66F 9/18 K,B66F 9/18 K,クランプア－ムの共通した構造上の特徴〔注．ア－ムの移動形式にかかわらないもの〕「図」,クランプアームの共通した構造上の特徴〔注．アームの移動形式にかかわらないもの〕「図」
uploaded,タイトル変更,B66F 9/18 M,B66F 9/18 M,・・特に物品の形状にあわせ変形または変位可能な把持面〔注．スタビライザパツドは，Ｂ６６Ｆ９／１８Ｐ〕〔例．弾性クランプフエ－ス，揺動クランプ爪〕「図」,・・特に物品の形状にあわせ変形または変位可能な把持面〔注．スタビライザパッドは，Ｂ６６Ｆ９／１８Ｐ〕〔例．弾性クランプフェース，揺動クランプ爪〕「図」
uploaded,タイトル変更,B66F 9/18 P,B66F 9/18 P,・物品の形状にあわせ変位または変形可能なスタビライザパツドに特徴を持つもの〔注．クランプア－ムへの適用は，９／１８Ｍ〕「図」,・物品の形状にあわせ変位または変形可能なスタビライザパッドに特徴を持つもの〔注．クランプアームへの適用は，９／１８Ｍ〕「図」
uploaded,タイトル変更,B66F 9/18 Q,B66F 9/18 Q,・可とう部材〔例．シ－ト，ロ－プ等〕を利用するもの〔例．雨よけ等の覆い〕「図」,・可とう部材〔例．シート，ロープ等〕を利用するもの〔例．雨よけ等の覆い〕「図」
uploaded,タイトル変更,B66F 9/18 R,B66F 9/18 R,・ラムアタツチメント「図」,・ラムアタッチメント「図」
uploaded,タイトル変更,B66F 9/18 S,B66F 9/18 S,・コンテナスプレツダアタツチメント〔注．クレ－ン用，Ｂ６６Ｃ１／６６〕〔コンテナ用ストラドルキヤリア，Ｂ６５Ｇ６３／００Ｌ〕「図」,・コンテナスプレッダアタッチメント〔注．クレーン用，Ｂ６６Ｃ１／６６〕〔コンテナ用ストラドルキャリア，Ｂ６５Ｇ６３／００Ｌ〕「図」
uploaded,タイトル変更,B66F 9/18 T,B66F 9/18 T,・リフトキヤリツジまたはフオ－クに取付けられて昇降する，独立した巻上または持上手段を持たないフツクアタツチメント〔注．独立した巻上または持上手段を有するフツク，すなわちクレ－ン機構とフオ－クとの併用は，９／０６Ｆ，クレ－ンのフツクは，Ｂ６６Ｃ１／３４〕「図」,・リフトキャリッジまたはフォークに取付けられて昇降する，独立した巻上または持上手段を持たないフックアタッチメント〔注．独立した巻上または持上手段を有するフック，すなわちクレーン機構とフォークとの併用は，９／０６Ｆ，クレーンのフックは，Ｂ６６Ｃ１／３４〕「図」
uploaded,タイトル変更,B66F 9/18 U,B66F 9/18 U,・コンクリ－トブロツク〔例．間知ブロツク〕吊上装置〔注．９／１８の他分類に優先，クレ－ン用，Ｂ６６Ｃ１／４２Ｌ〕「図」,・コンクリートブロック〔例．間知ブロック〕吊上装置〔注．９／１８の他分類に優先，クレーン用，Ｂ６６Ｃ１／４２Ｌ〕「図」
uploaded,タイトル変更,B66F 9/18 V,B66F 9/18 V,フオ－クとクランプとの併用または兼用〔例．物品の反転等のためのもの〕〔注．スタビライザは，９／１８Ｃ〕「図」,フォークとクランプとの併用または兼用〔例．物品の反転等のためのもの〕〔注．スタビライザは，９／１８Ｃ〕「図」
uploaded,タイトル変更,B66F 9/18 W,B66F 9/18 W,・・片口コンテナスプレツダ「図」,・・片口コンテナスプレッダ「図」
uploaded,タイトル変更,B66F 9/18 X,B66F 9/18 X,・作動位置により不作動位置へ回動退避可能なスタビライザ－ア－ムに特徴を持つもの「図」,・作動位置により不作動位置へ回動退避可能なスタビライザーアームに特徴を持つもの「図」
uploaded,タイトル変更,B66F 9/19 A,B66F 9/19 A,物品と係合し，物品をリフト車の載置面上に引き込み，またはそこより押出すもの〔例．引込用クランプ〕〔注．載置面またはフオ－ク上のスライド用コンベア等は，９／１２Ｇ，Ｈ。載置のためのフオ－クの前後動は，９／１０。フオ－クとクランプの併用一般は，９／１８Ｖ〕「図」,物品と係合し，物品をリフト車の載置面上に引き込み，またはそこより押出すもの〔例．引込用クランプ〕〔注．載置面またはフォーク上のスライド用コンベア等は，９／１２Ｇ，Ｈ。載置のためのフォークの前後動は，９／１０。フォークとクランプの併用一般は，９／１８Ｖ〕「図」
uploaded,タイトル変更,B66F 9/19 B,B66F 9/19 B,・特に，物品の背面にのみ係合する部材により物品をスライドさせるもの〔例．シ－トパレツト用プツシユプル装置〕〔注．バツクレストは，９／１２Ｓ〕「図」,・特に，物品の背面にのみ係合する部材により物品をスライドさせるもの〔例．シートパレット用プッシュプル装置〕〔注．バックレストは，９／１２Ｓ〕「図」
uploaded,タイトル変更,B66F 9/19 C,B66F 9/19 C,・・特にプツシヤ－とともにフオ－クまたはプラテンを前後動させるもの〔例．プツシヤ－リ－チ装置〕〔注．フオ－クまたはプラテンのみの前後動は，９／１４Ｂ〕「図」,・・特にプッシャーとともにフォークまたはプラテンを前後動させるもの〔例．プッシャーリーチ装置〕〔注．フォークまたはプラテンのみの前後動は，９／１４Ｂ〕「図」
uploaded,タイトル変更,B66F 9/19 D,B66F 9/19 D,・・特にプツシヤ－のリンク式伸縮機構に特徴を有するもの〔例．伸縮に伴ないプツシヤ－プレ－トを傾けるリンク機構〕〔注．特徴のないリンク機構を伴なうものは当分類Ｂが優先〕「図」,・・特にプッシャーのリンク式伸縮機構に特徴を有するもの〔例．伸縮に伴ないプッシャープレートを傾けるリンク機構〕〔注．特徴のないリンク機構を伴なうものは当分類Ｂが優先〕「図」
uploaded,タイトル変更,B66F 9/19 E,B66F 9/19 E,・・プツシユプルに関連したシ－トパレツトの取扱いに特徴があるもの〔例．シ－トクランプ，リテ－ナ，シ－トパレツトの分離〕〔クランプ一般，９／１８に対し優先〕「図」,・・プッシュプルに関連したシートパレツトの取扱いに特徴があるもの〔例．シートクランプ，リテーナ，シートパレットの分離〕〔クランプ一般，９／１８に対し優先〕「図」
uploaded,タイトル変更,B66F 9/19 F,B66F 9/19 F,・物品を載置面上に引込むためのワイヤによる水平向牽引手段〔例．車載ウインチ付リフト車〕〔注．物品を吊上げるためのウインチ，クレ－ンの併設は，９／０６Ｆ，吊上用フツクアタツチメントは，９／１８Ｄ〕「図」,・物品を載置面上に引込むためのワイヤによる水平向牽引手段〔例．車載ウインチ付リフト車〕〔注．物品を吊上げるためのウインチ，クレーンの併設は，９／０６Ｆ，吊上用フックアタッチメントは，９／１８Ｄ〕「図」
uploaded,タイトル変更,B66F 9/02 A,B66F 9/02 A,荷役用操作部〔例．荷役操作レバ－の構造〕〔注．ステアリングハンドルは，Ｂ６２Ｄ，車輛の走行制御は，Ｂ６０Ｋ，クレ－ンの操作レバ－は，Ｂ６６Ｃ１３／５６，レバ－スイツチ一般は，Ｈ０１Ｈ１９／１８，トラクタの安全装置は，Ｅ０２Ｆ９／２４，レバ－伝動装置一般は，Ｆ１６Ｈ２１／００，運転席におけるレバ－，スイツチ類の配置は，９／０７５Ｅ，操作弁自体の特徴は，９／２２Ｗ，ただし一般は，Ｆ１５Ｂ，Ｆ１６Ｋがそれぞれ優先〕「図」,荷役用操作部〔例．荷役操作レバ－の構造〕〔注．ステアリングハンドルは，Ｂ６２Ｄ，車両の走行制御は，Ｂ６０Ｋ，クレーンの操作レバーは，Ｂ６６Ｃ１３／５６，レバースイッチ一般は，Ｈ０１Ｈ１９／１８，トラクタの安全装置は，Ｅ０２Ｆ９／２４，レバー伝動装置一般は，Ｆ１６Ｈ２１／００，運転席におけるレバー，スイッチ類の配置は，９／０７５Ｅ，操作弁自体の特徴は，９／２２Ｗ，ただし一般は，Ｆ１５Ｂ，Ｆ１６Ｋがそれぞれ優先〕「図」
uploaded,タイトル変更,B66F 9/02 B,B66F 9/02 B,・荷役操作レバ－等の移動範囲制限，ロツク手段「図」,・荷役操作レバー等の移動範囲制限，ロツク手段「図」
uploaded,タイトル変更,B66F 9/02 C,B66F 9/02 C,・荷役操作レバ－等のトランスデユ－サ作動部の特徴〔例．スプ－ルに設けたマイクロスイツチ操作用ドグ〕「図」,・荷役操作レバー等のトランスデューサー作動部の特徴〔例．スプールに設けたマイクロスイッチ操作用ドグ〕「図」
uploaded,タイトル変更,B66F 9/02 F,B66F 9/02 F,機械的検出，表示，安全装置〔例．機械的稼動メ－タ，積載状態の機械的表示器〕〔注．流体的なものは，９／２２，電気的なものは，９／２４。ただし，これら手段を含んでいても機構に主要な特徴があれば，ここに分類する〕「図」,機械的検出，表示，安全装置〔例．機械的稼動メータ，積載状態の機械的表示器〕〔注．流体的なものは，９／２２，電気的なものは，９／２４。ただし，これら手段を含んでいても機構に主要な特徴があれば，ここに分類する〕「図」
uploaded,タイトル変更,B66F 9/02 G,B66F 9/02 G,・機械的角度検出，表示，安全装置〔例．マストやフオ－クのチルト角を，ワイヤやリンクの変位伝達機構でメ－タに伝えるもの〕「図」,・機械的角度検出，表示，安全装置〔例．マストやフォークのチルト角を，ワイヤやリンクの変位伝達機構でメータに伝えるもの〕「図」
uploaded,タイトル変更,B66F 9/02 H,B66F 9/02 H,・機械的長さ検出，表示，安全装置〔例．マストやフオ－クの揚高，リ－チ長等を，ワイヤやリンクの変位伝達機構でメ－タに伝えるもの〕「図」,・機械的長さ検出，表示，安全装置〔例．マストやフォークの揚高，リーチ長等を，ワイヤやリンクの変位伝達機構でメータに伝えるもの〕「図」
uploaded,タイトル変更,B66F 9/02 J,B66F 9/02 J,・機械的重量検出，表示，安全装置〔例．フオ－クに積載した荷物の荷重を，バネばかり等で検出表示するもの〕〔注．シリンダの油圧を利用し圧力計により荷重を表示するようにしたものは，この分類に含む〕「図」,・機械的重量検出，表示，安全装置〔例．フォークに積載した荷物の荷重を，バネばかり等で検出表示するもの〕〔注．シリンダの油圧を利用し圧力計により荷重を表示するようにしたものは，この分類に含む〕「図」
uploaded,タイトル変更,B66F 9/02 Z,B66F 9/02 Z,その他のもの〔例．機械的落下防止用ロツクピン。機械的積載状態標示器。機械的インタロツク手段〕,その他のもの〔例．機械的落下防止用ロックピン。機械的積載状態標示器。機械的インタロック手段〕
uploaded,タイトル変更,B66F 9/22 C,B66F 9/22 C,リフト用油圧手段〔例：単式または並列式リフトシリンダ〕〔シリンダ一般，Ｆ１５Ｂ１５／１６〕「図」,リフト用油圧手段〔例：単式または並列式リフトシリンダ〕〔シリンダー一般，Ｆ１５Ｂ１５／１６〕「図」
uploaded,タイトル変更,B66F 9/22 E,B66F 9/22 E,・・多段テレスコピツク式リフトシリンダを含むもの「図」,・・多段テレスコピック式リフトシリンダを含むもの「図」
uploaded,タイトル変更,B66F 9/22 H,B66F 9/22 H,荷役手段の前後進用油圧手段〔例：プツシヤ－用，リ－チ用，サイドリ－チ用，シ－トクランプ用〕「図」,荷役手段の前後進用油圧手段〔例：プッシャー用，リーチ用，サイドリーチ用，シートクランプ用〕「図」
uploaded,タイトル変更,B66F 9/22 M,B66F 9/22 M,・コンテナスプレツダ用油圧手段「図」,・コンテナスプレッダ用油圧手段「図」
uploaded,タイトル変更,B66F 9/22 N,B66F 9/22 N,荷役装置の回転，揺動に関する油圧手段〔例：ロ－テ－タ，ロ－タリ－バルブ，揺動式バランサ－〕「図」,荷役装置の回転，揺動に関する油圧手段〔例：ローテータ，ロータリーバルブ，揺動式バランサー〕「図」
uploaded,タイトル変更,B66F 9/22 R,B66F 9/22 R,制御，安全のための油圧手段〔例：誤操作防止，転倒防止，自動停止，ただし電気的なものは，９／２４，操作レバ－等は，９／２０〕「図」,制御，安全のための油圧手段〔例：誤操作防止，転倒防止，自動停止，ただし電気的なものは，９／２４，操作レバー等は，９／２０〕「図」
uploaded,タイトル変更,B66F 9/22 S,B66F 9/22 S,・アクチユエ－タの速度制御〔例：リフトシリンダの昇降速制御〕「図」,・アクチュエータの速度制御〔例：リフトシリンダの昇降速制御〕「図」
uploaded,タイトル変更,B66F 9/22 T,B66F 9/22 T,・・アクチエエ－タのクツシヨン装置「図」,・・アクチュエータのクッション装置「図」
uploaded,タイトル変更,B66F 9/22 W,B66F 9/22 W,複数アクチユエ－タ間での流れ切換手段〔例：複数の切換弁を含む回路〕「図」,複数アクチュエータ間での流れ切換手段〔例：複数の切換弁を含む回路〕「図」
uploaded,タイトル変更,B66F 9/22 X,B66F 9/22 X,油圧源とその駆動〔例：負荷に応じたポンプ駆動制御，アキユムレ－タ，負荷に応じた分配集流〕〔回生制御は，ここを主とし，副に，９／２４Ｗ〕「図」,油圧源とその駆動〔例：負荷に応じたポンプ駆動制御，アキュムレータ，負荷に応じた分配集流〕〔回生制御は，ここを主とし，副に，９／２４Ｗ〕「図」
uploaded,タイトル変更,B66F 9/22 Z,B66F 9/22 Z,その他のもの〔例：オイルタンク，シリンダストロ－ク調整，フオ－クリフト車のバランス装置，圧力計〕「図」,その他のもの〔例：オイルタンク，シリンダストローク調整，フォークリフト車のバランス装置，圧力計〕「図」
uploaded,タイトル変更,B66F 9/24 A,B66F 9/24 A,走行荷役の自動化システムに関するもの〔注．いわゆる無人自動フオ－クリフトの荷役制御を分類する。シ－ケンシヤルに走行，荷積，荷おろしを行なうための制御システムに関する，個別の〔例えば揚高，荷位置検出〕制御は，それぞれの分類が優先，無人車の走行制御は，Ｇ０５Ｄ１／０２，電気車輛一般は，Ｂ６０Ｌ〕「図」,走行荷役の自動化システムに関するもの〔注．いわゆる無人自動フォークリフトの荷役制御を分類する。シーケンシャルに走行，荷積，荷おろしを行なうための制御システムに関する，個別の〔例えば揚高，荷位置検出〕制御は，それぞれの分類が優先，無人車の走行制御は，Ｇ０５Ｄ１／０２，電気車両一般は，Ｂ６０Ｌ〕「図」
uploaded,タイトル変更,B66F 9/24 B,B66F 9/24 B,・揚高検出手段の特徴〔例．検出器の構造，取付方〕〔注．電磁気的長さ測定一般は，Ｇ０１Ｂ７／０２〕「図」,・揚高検出手段の特徴〔例．検出器の構造，取付方法〕〔注．電磁気的長さ測定一般は，Ｇ０１Ｂ７／０２〕「図」
uploaded,タイトル変更,B66F 9/24 C,B66F 9/24 C,揚高検出，安全，制御〔例．フオ－ク定揚高停止〕「図」,揚高検出，安全，制御〔例．フォーク定揚高停止〕「図」
uploaded,タイトル変更,B66F 9/24 E,B66F 9/24 E,チルト角検出，安全，制御〔例．マスト，リフトブラケツト，フオ－クの定角停止〕「図」,チルト角検出，安全，制御〔例．マスト，リフトブラケット，フォークの定角停止〕「図」
uploaded,タイトル変更,B66F 9/24 J,B66F 9/24 J,転倒防止制御〔注．転倒モ－メントに関する制御。揚高，チルト角，荷重のうち少なくとも２つの量を入力して，モ－メントが一定値を越えないよう，変位量または移動速度を制限するものを分類する。揚高，チルト角，荷重のうち１つのみを入力するものはそれぞれＣ，Ｅ，Ｇが優先，クレ－ンの転倒防止は，Ｂ６６Ｃ２３〕「図」,転倒防止制御〔注．転倒モーメントに関する制御。揚高，チルト角，荷重のうち少なくとも２つの量を入力して，モーメントが一定値を越えないよう，変位量または移動速度を制限するものを分類する。揚高，チルト角，荷重のうち１つのみを入力するものはそれぞれＣ，Ｅ，Ｇが優先，クレーンの転倒防止は，Ｂ６６Ｃ２３／〕「図」
uploaded,タイトル変更,B66F 9/24 L,B66F 9/24 L,対象物等検出，安全，制御〔例．無人自動フオ－クリフトの障害物発見停止，フオ－クの目標棚発見位置決め〕〔注．無人走行車制御一般は，Ｇ０５Ｄ１／０２〕「図」,対象物等検出，安全，制御〔例．無人自動フォークリフトの障害物発見停止，フォークの目標棚発見位置決め〕〔注．無人走行車制御一般は，Ｇ０５Ｄ１／０２〕「図」
uploaded,タイトル変更,B66F 9/24 M,B66F 9/24 M,・負荷検出手段の特徴〔例．検出器の構造，フオ－ク等への取付方〕〔注．車輛用電気式重量計一般は，Ｇ０１Ｇ１９／１２〕「図」,・負荷検出手段の特徴〔例．検出器の構造，フォーク等への取付方〕〔注．車輛用電気式重量計一般は，Ｇ０１Ｇ１９／１２〕「図」
uploaded,タイトル変更,B66F 9/24 N,B66F 9/24 N,シフト，回転，クランプ検出，安全，制御〔例．回転クランプ等の荷役手段の定位置停止や，作動確認等。例えば，マイクロスイツチによる定位置停止〕「図」,シフト，回転，クランプ検出，安全，制御〔例．回転クランプ等の荷役手段の定位置停止や，作動確認等。例えば，マイクロスイッチによる定位置停止〕「図」
uploaded,タイトル変更,B66F 9/24 P,B66F 9/24 P,・対象物等検出手段の特徴〔例．検出器の構造，フオ－ク等への取付方。例えば，フオ－ク先端に超音波距離センサ－を内蔵したもの〕「図」,・対象物等検出手段の特徴〔例．検出器の構造，フォーク等への取付方。例えば，フォーク先端に超音波距離センサーを内蔵したもの〕「図」
uploaded,タイトル変更,B66F 9/24 Q,B66F 9/24 Q,落下，急降下防止，安全，制御〔注．油圧手段によるものは，９／２２Ｕが優先。ロツクピン等の機械的なものは，９／２０Ｚ〕〔例．リフトチエン切断検知器，リフトブラケツト電磁ロツク機構〕「図」,落下，急降下防止，安全，制御〔注．油圧手段によるものは，９／２２Ｕが優先。ロックピン等の機械的なものは，９／２０Ｚ〕〔例．リフトチェーン切断検知器，リフトブラケットト電磁ロック機構〕「図」
uploaded,タイトル変更,B66F 9/24 R,B66F 9/24 R,・走行荷役の自動化システムにおける誤動作防止装置〔注．いわゆるフエイルセ－フ装置。動作の異常を自動的に診断して，訂正，停止等の処置をとるもの〕「図」,・走行荷役の自動化システムにおける誤動作防止装置〔注．いわゆるフェイルセーフ装置。動作の異常を自動的に診断して，訂正，停止等の処置をとるもの〕「図」
uploaded,タイトル変更,B66F 9/24 U,B66F 9/24 U,リ－チ，プツシユプルに特有の検出，安全，制御〔例．定位置に荷積みするための，プツシヤ－と車体との連動制御。転倒を防止するための，揚高等に連動したリ－チ量の制限〔Ｃ，Ｊに対し優先〕〕「図」,リーチ，プッシュプルに特有の検出，安全，制御〔例．定位置に荷積みするための，プッシャーと車体との連動制御。転倒を防止するための，揚高等に連動したリーチ量の制限〔Ｃ，Ｊに対し優先〕〕「図」
uploaded,タイトル変更,B66F 9/24 V,B66F 9/24 V,吊下〔コンテナスプレツダ等〕に特有の検出，安全，制御〔例：ツイストロツク誤動作防止用インタ－ロツク装置〕「図」,吊下〔コンテナスプレッダ等〕に特有の検出，安全，制御〔例：ツイストロック誤動作防止用インターロック装置〕「図」
uploaded,タイトル変更,B66F 9/24 W,B66F 9/24 W,電気的駆動制御〔例．モ－タの出力制御〕〔注．電気車輛一般は，Ｂ６０Ｌ，負荷に応じたポンプ駆動制御は，９／２２Ｘ〕「回生制御は，ここと，９／２２Ｘ〕「図」,電気的駆動制御〔例．モータの出力制御〕〔注．電気車輛一般は，Ｂ６０Ｌ，負荷に応じたポンプ駆動制御は，９／２２Ｘ〕「回生制御は，ここと，９／２２Ｘ〕「図」
uploaded,タイトル変更,B66F 9/24 Y,B66F 9/24 Y,・高所作業員の感電防止〔例：活線作業における作業台の絶縁構造〕〔注．架線作業自体，Ｈ０２Ｇ１／－〕〔例：非電気的手段による，絶縁された作業台への電気エネルギ供給〕「図」,・高所作業員の感電防止〔例：活線作業における作業台の絶縁構造〕〔注．架線作業自体，Ｈ０２Ｇ１／〕〔例：非電気的手段による，絶縁された作業台への電気エネルギ供給〕「図」
uploaded,タイトル変更,B66F 9/24 Z,B66F 9/24 Z,その他のもの〔例：移動警告ランプの点滅，着座スイツチ〕〔デイスプレ－，運転指示，通信〕〔注．フオ－クリフトの運転管理，すなわち，荷役物品，タナ等の電算材による指示，作業終了の登録等は，Ｇ０６Ｆ１５／２４（在庫管理デ－タ処理システム）参照．スタツカクレ－ンの運転管理，Ｂ６５Ｇ１／－．〕「図」,その他のもの〔例：移動警告ランプの点滅，着座スイッチ〕〔ディスプレー，運転指示，通信〕〔注．フォークリフトの運転管理，すなわち，荷役物品，棚などの電算材による指示，作業終了の登録等は，Ｇ０６Ｆ１５／２４（在庫管理データ処理システム）参照．スタッカクレーンの運転管理，Ｂ６５Ｇ１／〕「図」
uploaded,タイトル変更,B66F 17/00 B,B66F 17/00 B,・油圧手段を含むもの〔例．リリ－フバルブによる負荷制限，圧力検知器からの信号でバルブを切換えるもの〕〔注．フオ－クリフト，９／２４Ｇ，Ｊ〕「図」,・油圧手段を含むもの〔例．リリーフバルブによる負荷制限，圧力検知器からの信号でバルブを切換えるもの〕〔注．フォークリフト，９／２４Ｇ，Ｊ〕「図」
uploaded,タイトル変更,B66F 17/00 C,B66F 17/00 C,揚高に係る制御，検知，安全装置〔例．リフトの揚高表示，所定揚高停止〕〔注．フオ－クリフト，９／２４Ｃ〕「図」,揚高に係る制御，検知，安全装置〔例．リフトの揚高表示，所定揚高停止〕〔注．フォークリフト，９／２４Ｃ〕「図」
uploaded,タイトル変更,B66F 17/00 E,B66F 17/00 E,機械式または電気的な水平バランス制御〔注．油圧式の水平制御７／２０，複数ジヤツキの連動制御，３／４６に優先〕「図」,機械式または電気的な水平バランス制御〔注．油圧式の水平制御７／２０，複数ジャッキの連動制御，３／４６に優先〕「図」
uploaded,タイトル変更,B66F 17/00 F,B66F 17/00 F,落下，急傾斜に係る制御，検知，安全装置〔例．ブレ－キ手段，ロツク手段〕〔注．歯付支柱を持つ間けつジヤツキ，１／０４，戻り止め付流体ジヤツキ，３／３０，フオ－クリフト，９／２２Ｕ，９／２４Ｑ，エレベ－タ，Ｂ６６こ５／１６〕「図」,落下，急傾斜に係る制御，検知，安全装置〔例．ブレーキ手段，ロック手段〕〔注．歯付支柱を持つ間けつジャッキ，１／０４，戻り止め付流体ジャッキ，３／３０，フォークリフト，９／２２Ｕ，９／２４Ｑ，エレベータ，Ｂ６６Ｂ５／１６〕「図」
uploaded,タイトル変更,B66F 17/00 K,B66F 17/00 K,操作装置〔例．操作パネル，スイツチ〕「図」,操作装置〔例．操作パネル，スイッチ〕「図」
uploaded,タイトル変更,C03B 9/41,C03B 9/41,・・・電気的または電子的システム（一般Ｇ０５Ｂ１９／００）［５］,・・・電気的または電子的システム［５］
uploaded,タイトル変更,C03B 35/00,C03B 35/00,ガラス成形品のその製造中での輸送（もろい薄板状材料，例．ガラス，の移送システムＢ６５Ｇ４９／０６）［２］,ガラス成形品のその製造中での輸送［２］
uploaded,タイトル変更,C03B 37/07,C03B 37/07,・制御または調整（制御または調整一般はＧ０５）［３］,・制御または調整［３］
uploaded,タイトル変更,C03B 37/08,C03B 37/08,・ブッシング；紡糸口金；ノズル；ノズルプレート（ノズル一般はＢ０５Ｂ）,・ブッシング；紡糸口金；ノズル；ノズルプレート
uploaded,タイトル変更,C03B 37/01,C03B 37/01,・非化学的処理（Ｃ０３Ｃ２５／００が優先；糸Ｄ０２；織布Ｄ０３；不織布Ｄ０４）,・非化学的処理（Ｃ０３Ｃ２５／００が優先）
uploaded,タイトル変更,C03C 15/00,C03C 15/00,繊維やフィラメントの形態をとらないガラスの，エッチングによる表面処理（エッチングまたは表面のつや出し用組成物一般Ｃ０９Ｋ１３／００）［２］,繊維やフィラメントの形態をとらないガラスの，エッチングによる表面処理［２］
uploaded,タイトル変更,C03C 17/00,C03C 17/00,繊維やフィラメントの形態をとらないガラス，例．結晶化ガラス，の被覆による表面処理（光学要素の光学的被覆Ｇ０２Ｂ１／１０）,繊維やフィラメントの形態をとらないガラス，例．結晶化ガラス，の被覆による表面処理
uploaded,タイトル変更,C03C 27/06,C03C 27/06,・融着以外の方法によるガラスのガラスへの接着（融着Ｃ０３Ｂ２３／２０；壁または同様な開口を閉じるための要素として使用される部材であって単位が２枚以上の平行な空間層成ガラスからなり，それらが共に永久固定されているものＥ０６Ｂ３／６６）,・融着以外の方法によるガラスのガラスへの接着
uploaded,タイトル変更,C05B 19/00,C05B 19/00,スラグ以外のりん酸肥料の造粒またはペレット化（スラグの造粒Ｃ０４Ｂ）,スラグ以外のりん酸肥料の造粒またはペレット化
uploaded,タイトル変更,C07D 251/18 E,C07D 251/18 E,・複素環の炭水原子に直結する窒素に水素，炭化水素基のみ直結,・複素環の炭素原子に直結する窒素に水素，炭化水素基のみ直結
uploaded,タイトル変更,C07D 251/05 A,C07D 251/05 A,複素環に炭化素基が直結,複素環に炭化水素基が直結
uploaded,タイトル変更,C11C 3/00,C11C 3/00,脂肪，脂肪油，またはそれから得られる脂肪酸の化学的変性による脂肪，脂肪油，または脂肪酸（スルフォン化脂肪または脂肪油Ｃ０７Ｃ３０９／６２；ファクチスＣ０８Ｈ；乾性油Ｃ０９Ｆ）,脂肪，脂肪油，またはそれから得られる脂肪酸の化学的変性による脂肪，脂肪油，または脂肪酸（スルフォン化脂肪または脂肪油Ｃ０７Ｃ３０９／６２；加硫油，例．ファクチスＣ０８Ｈ３／００）
uploaded,タイトル変更,C14C 1/00,C14C 1/00,なめし前の化学的処理,なめし前の裸皮または原皮の化学薬品，酵素または微生物による処理
uploaded,タイトル変更,C23C 14/34 N,C23C 14/34 N,スパツタリング「被膜を指定したもの〕,スパツタリング〔被膜を指定したもの〕
uploaded,タイトル変更,C25B 15/02,C25B 15/02,・プロセス制御または調整（制御または調整一般Ｇ０５）［２］,・プロセス制御または調整［２］
uploaded,タイトル変更,C25B 15/04,C25B 15/04,・極間距離の調整（高密度の電流の作用による金属加工Ｂ２３Ｈ）［２］,・極間距離の調整［２］
uploaded,タイトル変更,C25D 11/18,C25D 11/18,・・・後処理，例．封孔処理（ラッカー塗装Ｂ４４Ｄ）［２］,・・・後処理，例．封孔処理［２］
uploaded,タイトル変更,C25D 13/00,C25D 13/00,電気泳動被覆（１５／００が優先；浴中に物品を連続的に移送するための装置Ｂ６５Ｇ，例．Ｂ６５Ｇ４９／００；電気泳動被覆のための組成物Ｃ０９Ｄ５／４４）［２］,電気泳動被覆（Ｃ２５Ｄ１５／００が優先；電気泳動被覆のための組成物Ｃ０９Ｄ５／４４）［２］
uploaded,タイトル変更,C25D 17/00,C25D 17/00,電解被覆用槽の構造部品またはその組立体（浴中に物品を連続的に移送するための装置Ｂ６５Ｇ，例．Ｂ６５Ｇ４９／００；電気的装置は関連する箇所，例．Ｈ０１Ｂ，Ｈ０２Ｇ，を参照）［２］,電解被覆用槽の構造部品またはその組立体［２］
uploaded,タイトル変更,C25D 21/12,C25D 21/12,・プロセス制御または調整（制御または調整一般Ｇ０５）［２］,・プロセス制御または調整［２］
uploaded,タイトル変更,C25F 7/00,C25F 7/00,材料の電気分解除去用槽の構造部品またはその組立体（電解被覆および電解除去の併用Ｃ２５Ｄ）；保守または操作［２］,材料の電気分解除去用槽の構造部品またはその組立体（電解被覆および電解除去の併用Ｃ２５Ｄ１７／００）；保守または操作［２］
uploaded,タイトル変更,D21B 1/08,D21B 1/08,・・・故紙を原料としたもの（化学的なものＤ２１Ｃ５／０２）；ぼろを原料としたもの,・・・故紙を原料としたもの；ぼろを原料としたもの
uploaded,タイトル変更,D21C 3/00,D21C 3/00,セルロース含有材料のパルプ化（蒸解器７／００）,セルロース含有材料のパルプ化
uploaded,タイトル変更,D21C 5/00,D21C 5/00,セルロースを得るためのその他の方法，例．綿リンタの蒸解（紡績用繊維を得る方法Ｄ０１Ｃ）,セルロースを得るためのその他の方法，例．綿リンタの蒸解
uploaded,タイトル変更,D21C 5/02,D21C 5/02,・故紙からのパルプの再生（機械的なものＤ２１Ｂ１／０８，Ｄ２１Ｂ１／３２）,・故紙からのパルプの再生（古紙からのパルプの再生のための機械的な工程Ｄ２１Ｂ１／０８，Ｄ２１Ｂ１／３２）
uploaded,タイトル変更,D21C 9/18,D21C 9/18,・脱水（脱水一般Ｆ２６Ｂ）,・脱水
uploaded,タイトル変更,D21C 11/01,D21C 11/01,・蒸発による廃液の濃縮（蒸発器Ｂ０１Ｄ）,・蒸発による廃液の濃縮
uploaded,タイトル変更,E04B 2/56 631 S,E04B 2/56 631 S,・・・別体の取付部本（例．フ－プ筋）,・・・別体の取付部材（例．フ－プ筋）
uploaded,タイトル変更,E21B 19/089,E21B 19/089,・・スプリングまは追加荷重を有するもの［７］,・・スプリングまたは追加荷重を有するもの［７］
uploaded,タイトル変更,E21B 47/02,E21B 47/02,・・・・泥土波の変調によるもの［２０１２．０１］,・・・・泥土波の変調によるもの，例．連続変調によるもの［２０１２．０１］
uploaded,タイトル変更,F04D 27/00 V,F04D 27/00 V,・・操作部〔タイマ部→２７／００１０１Ｓ〕,・・操作部〔タイマ部→２７／００，１０１Ｓ〕
uploaded,タイトル変更,F16H 48/00,F16H 48/00,差動伝動装置［６］,差動伝動装置（差動伝動装置の冷却と潤滑Ｆ１６Ｈ５７／０４）［６，２０１２．０１］
uploaded,タイトル変更,F16H 48/01,F16H 48/01,・・遊星平歯車装置を有するもの［６］,・・遊星平歯車装置を有するもの［６，２０１２．０１］
uploaded,タイトル変更,F16H 48/12,F16H 48/12,・遊星運動をする歯車装置を有しないもの［６］,・遊星運動をする歯車装置を有しないもの［６，２０１２．０１］
uploaded,タイトル変更,F16H 48/02,F16H 48/02,・差動動作を抑制または差動動作に影響を及ぼすための装置，例．固定装置［６］,・差動動作を抑制または差動動作に影響を及ぼすための装置，例．固定装置［６，２０１２．０１］
uploaded,タイトル変更,F16H 48/28,F16H 48/28,・・自動ロック式の歯車装置を用いるもの［６］,・・自動ロック式または自己制動式の歯車装置を用いるもの［６，２０１２．０１］
uploaded,タイトル変更,F16H 48/03,F16H 48/03,・・外部から作動可能な固定装置を用いるもの［６］,・・外部から作動可能な手段を用いるもの［６，２０１２．０１］
uploaded,タイトル変更,F16H 57/00,F16H 57/00,伝動装置の一般的な細部（流体伝動装置の細部３９／００～４３／００；ねじおよびナットによる伝動装置の細部２５／００；軸，ボーデン機構，クランク，偏心輪，軸受，枢着，クロスヘッド，コネクチングロッドＦ１６Ｃ）,伝動装置の一般的な細部（ねじおよびナットによる伝動装置の細部Ｆ１６Ｈ２５／００；流体伝動装置の細部Ｆ１６Ｈ３９／００～Ｆ１６Ｈ４３／００）［１，２０１２．０１］
uploaded,タイトル変更,F16H 57/02,F16H 57/02,・歯車箱；その中に伝動装置を取り付けるもの,・歯車箱；その中に伝動装置を取り付けるもの［１，２０１２．０１］
uploaded,タイトル変更,F17B 1/00,F17B 1/00,可変容量のガスタンク（大型容器一般Ｂ６５Ｄ８８／００；自然または人工的な地中の穴または室での流体貯蔵Ｂ６５Ｇ５／００）,可変容量のガスホルダ（大型容器一般Ｂ６５Ｄ８８／００；自然または人工的な地中の穴または室での流体貯蔵Ｂ６５Ｇ５／００）
uploaded,タイトル変更,F17B 1/007,F17B 1/007,・入れこ式に可動のリング状部材をもつもの（１／１０が優先；リングの密封１／０４）［２］,・入れこ状に伸縮自在な可動のリング状部材をもつもの（１／１０が優先；リングのシール１／０４）［２］
uploaded,タイトル変更,F17B 1/013,F17B 1/013,・可動デイスクをもつもの（１／１０が優先；デイスクの密封１／０４）［２］,・可動ディスクをもつもの（１／１０が優先；ディスクのシール１／０４）［２］
uploaded,タイトル変更,F17B 1/04,F17B 1/04,・・しゅう動部材にたいする密封装置（一般的なものＦ１６Ｊ１５／００）,・・スライド部材のためのシール装置（密封装置一般Ｆ１６Ｊ１５／００）
uploaded,タイトル変更,F17B 1/06,F17B 1/06,・・・密封液体を用いるもの,・・・シール液を用いるもの
uploaded,タイトル変更,F17B 1/08,F17B 1/08,・・・パッキング材として弾性材料を用いるもの，例．皮,・・・パッキングのために弾性材料を用いるもの，例．革
uploaded,タイトル変更,F17B 1/01,F17B 1/01,・・動く部材の案内,・・動く部材を案内するもの
uploaded,タイトル変更,F17B 1/12,F17B 1/12,・・ガスの流入または流出の調整,・・ガス吸入装置またはガス排出装置
uploaded,タイトル変更,F17B 1/02,F17B 1/02,・・テレスコープ式,・・入れ子状に伸縮自在のもの
uploaded,タイトル変更,F17B 1/26,F17B 1/26,・・可撓壁，例．ベロー，をもったもの（膨脹可能な弾性体への弁の取り付けＢ６０Ｃ２９／００）,・・可撓壁，例．ベローズ，をもつもの（膨脹可能な弾性体への弁の取り付けＢ６０Ｃ２９／００）
uploaded,タイトル変更,F17C 1/00,F17C 1/00,圧力容器，例．ガスボンベ，ガスタンク，取り替え可能カートリッジ（貯蔵の目的以外の加圧された装置はＡ６２Ｃ，Ｂ０５Ｂのごときそれに適するサブクラス参照，運搬具に関連するものＢ６０からＢ６４の適当なサブクラス参照；圧力容器一般Ｆ１６Ｊ１２／００）,圧力容器，例．ガスボンベ，ガスタンク，取り替え可能カートリッジ（貯蔵の目的以外の加圧された装置はＡ６２Ｃ，Ｂ０５Ｂなどの関連するサブクラス参照，乗物に関連するものＢ６０からＢ６４の適当なサブクラス参照；圧力容器一般Ｆ１６Ｊ１２／００）
uploaded,タイトル変更,F17C 3/00,F17C 3/00,圧力のかかっていない容器,圧力をかけない容器
uploaded,タイトル変更,F17C 3/06,F17C 3/06,・・・内表面上にあるもの，すなわち．貯蔵された液体に接しているもの［４］,・・・内表面上にあるもの，すなわち貯蔵された流体に接しているもの［４］
uploaded,タイトル変更,F17C 3/01,F17C 3/01,・・液体循環または気体循環ジャケットによるもの,・・液体循環または蒸気循環ジャケットによるもの
uploaded,タイトル変更,F17C 5/00,F17C 5/00,圧力容器に液化，固化または圧縮ガスを充填するための方法または装置（エアゾール容器に推進剤の注入Ｂ６５Ｂ３１／００）,圧力容器に液化，固化または圧縮ガスを充填するための方法または装置（エアゾール容器への推進剤の添加Ｂ６５Ｂ３１／００）
uploaded,タイトル変更,F17C 6/00,F17C 6/00,圧力のかかっていない容器に液化または固化ガスを充填する方法または装置［３］,圧力をかけない容器に液化または固化ガスを充填する方法または装置［３］
uploaded,タイトル変更,F17C 9/00,F17C 9/00,圧力のかかっていない状態で容器から液化または固化ガスを放出する方法または装置,圧力をかけていない容器から液化または固化ガスを放出する方法または装置
uploaded,タイトル変更,F17C 13/00,F17C 13/00,容器の細部または容器への充填または放出の細部,容器の細部または容器への充填あるいは容器からの放出の細部
uploaded,タイトル変更,F17C 13/06,F17C 13/06,・密閉装置，例．ふた，破損可能な密閉部材（容器一般用の密閉装置Ｂ６５Ｄ）,・閉鎖具，例．キャップ，脆弱部材（容器一般用の閉鎖具Ｂ６５Ｄ）
uploaded,タイトル変更,F21L 4/00 300,F21L 4/00 300,・非常時に使用するもの［非常灯］,・非常時に使用するもの
uploaded,タイトル変更,F21L 4/00 400,F21L 4/00 400,・手で持つことを意図したもの［トーチ，ポケットランプ］,・手で持つことを意図したもの［例．トーチ，ポケットランプ］
uploaded,タイトル変更,F21L 4/00 411,F21L 4/00 411,・・・前方部［把持した際の光出射部側］に特徴を有するもの,・・・前方部［すなわち把持した際の光出射部側］に特徴を有するもの
uploaded,タイトル変更,F21L 4/00 413,F21L 4/00 413,・・・後方部［把持した際の光出射部と反対側］に特徴を有するもの,・・・後方部［すなわち把持した際の光出射部と反対側］に特徴を有するもの
uploaded,タイトル変更,F21L 4/00 414,F21L 4/00 414,・・・光源部［光源と他の部品が一体になったもの］が把持部に対して傾斜しているもの,・・・光源部［光源と他の部品が一体になったものを含む］が把持部に対して傾斜しているもの
uploaded,タイトル変更,F21L 4/00 416,F21L 4/00 416,・・・表示，信号機能を有するもの［検問灯］,・・・表示，信号機能を有するもの［例．検問灯］
uploaded,タイトル変更,F21L 4/00 425,F21L 4/00 425,・・・表示，信号機能を有するもの［検問灯］,・・・表示，信号機能を有するもの［例．検問灯］
uploaded,タイトル変更,F21S 2/00 100,F21S 2/00 100,・モジュール式構造［光源部をユニット化したもの］,・モジュール式構造［すなわち光源部をユニット化したもの］
uploaded,タイトル変更,F21S 2/00 110,F21S 2/00 110,・・各モジュールを単位ユニットとして連結を意図するもの　［モジュール間（同士）の連結を意図するもの］,・・各モジュールを単位ユニットとして連結を意図するもの　［すなわちモジュール間（同士）の連結を意図するもの］
uploaded,タイトル変更,F21S 2/00 211,F21S 2/00 211,・・・・電球に似せたもの［例．電球口金付き蛍光灯］,・・・・電球に似せたもの［例．電球形蛍光灯，ＬＥＤ電球］
uploaded,タイトル変更,F21S 2/00 360,F21S 2/00 360,・・・装置［ハウジング内に光源、反射鏡などを含んだ装置自体］の支持，取付け,・・・装置［すなわちハウジングに光源、反射鏡などを含んだ装置自体］の支持，取付け
uploaded,タイトル変更,F21S 2/00 411,F21S 2/00 411,・・・・・導光板の出射面側に配置する部材に特徴を有するもの［表示面］,・・・・・導光板の出射面側に配置する部材に特徴を有するもの［例．表示面側］
uploaded,タイトル変更,F21S 2/00 431,F21S 2/00 431,・・・・・導光板の出射面側に配置する部材に特徴を有するもの［表示面］,・・・・・導光板の出射面側に配置する部材に特徴を有するもの［例．表示面側］
uploaded,タイトル変更,F21S 2/00 435,F21S 2/00 435,・・・・・・導光板自体の出射面と反対側に特徴を有するもの［導光板への積層も含む］［反射面］,・・・・・・導光板自体の出射面と反対側に特徴を有するもの［導光板への積層も含む］［例．反射面側］
uploaded,タイトル変更,F21S 2/00 436,F21S 2/00 436,・・・・・・導光板自体の光源側に特徴を有するもの［入光面］,・・・・・・導光板自体の光源側［すなわち入光面側］に特徴を有するもの
uploaded,タイトル変更,F21S 2/00 437,F21S 2/00 437,・・・・・・導光板自体の光源側と反対側に特徴を有するもの［対向面］,・・・・・・導光板自体の光源側と反対側［すなわち対向面側］に特徴を有するもの
uploaded,タイトル変更,F21S 2/00 455,F21S 2/00 455,・・・・・・・導光板自体の対象物と反対側［観察方向側］に特徴を有するもの［導光板への積層も含む］,・・・・・・・導光板自体の対象物と反対側［すなわち観察方向側］に特徴を有するもの［導光板への積層も含む］
uploaded,タイトル変更,F21S 2/00 456,F21S 2/00 456,・・・・・・・導光板自体の光源側に特徴を有するもの［入光面］,・・・・・・・導光板自体の光源側［すなわち入光面側］に特徴を有するもの
uploaded,タイトル変更,F21S 2/00 457,F21S 2/00 457,・・・・・・・導光板自体の光源と反対側に特徴を有するもの［対向面］,・・・・・・・導光板自体の光源側と反対側［すなわち対向面側］に特徴を有するもの
uploaded,タイトル変更,F21S 2/00 458,F21S 2/00 458,・・・・・・導光板の対象物と反対側（観察方向側）に配置する部材に特徴を有するもの,・・・・・・導光板の対象物と反対側［すなわち観察方向側］に配置する部材に特徴を有するもの
uploaded,タイトル変更,F21S 8/06 300,F21S 8/06 300,・・・多枝状のもの。シャンデリア,・・・多枝状のもの，例．シャンデリア
uploaded,タイトル変更,F21S 8/08 100,F21S 8/08 100,・・道路灯［支柱や電信柱に配置された道路用照明装置］,・・道路灯［例．支柱や電信柱に配置された道路用照明装置］
uploaded,タイトル変更,F21S 8/08 120,F21S 8/08 120,・・・直立状型［例．「図」］［支柱頂部に灯具が載置されたもの］,・・・直立状型［例．「図」］［例．支柱頂部に灯具が載置されたもの］
uploaded,タイトル変更,F21S 8/08 410,F21S 8/08 410,・・・土台への取り付け［土台部分と支柱との取付構造に特徴があるもの］,・・・土台への取り付け［例．土台部分と支柱との取付構造に特徴があるもの］
uploaded,タイトル変更,F21S 8/08 440,F21S 8/08 440,・・・支柱に可動（傾倒，伸縮）部分または可動アームを有するもの,・・・支柱に可動（例．傾倒，伸縮）部分または可動アームを有するもの
uploaded,タイトル変更,F21S 8/01 174,F21S 8/01 174,・・・・・ネジによる固着を含む取付け,・・・・・ネジによるもの
uploaded,タイトル変更,F21S 8/01 175,F21S 8/01 175,・・・・・クリツプ，係止部による固着を含む取付け,・・・・・クリツプ，係止部によるもの
uploaded,タイトル変更,F21S 8/01 374,F21S 8/01 374,・・・・・ネジによる固着を含む取付け,・・・・・ネジによるもの
uploaded,タイトル変更,F21S 8/01 375,F21S 8/01 375,・・・・・クリツプ，係止部による固着を含む取付け,・・・・・クリツプ，係止部によるもの
uploaded,タイトル変更,F21V 1/00 300,F21V 1/00 300,・透孔を設けたもの［放熱孔・コ－ド孔］,・透孔を設けたもの［例．放熱孔・コ－ド孔］
uploaded,タイトル変更,F21V 17/12 100,F21V 17/12 100,・・・抜け止め［仮係止］手段を有するもの,・・・抜け止め［例．仮係止］手段を有するもの
uploaded,タイトル変更,F21V 19/00 200,F21V 19/00 200,・ランプホルダ［光源を直接支持する部品］の固定,・ランプホルダ［すなわち光源を直接支持する部品］の固定
uploaded,タイトル変更,F21V 19/00 215,F21V 19/00 215,・・・ランプソケットを支持する部品［ソケット台など］への固定，又はソケットを支持する部品自体に特徴があるもの,・・・ランプソケットを支持する部品［例．ソケット台など］への固定，又はソケットを支持する部品自体に特徴があるもの
uploaded,タイトル変更,F21V 19/00 410,F21V 19/00 410,・・ランプソケットを支持する部品［ソケット台など］の固定,・・ランプソケットを支持する部品［例．ソケット台など］の固定
uploaded,タイトル変更,F21V 19/00 530,F21V 19/00 530,・・後方から光源の着脱を可能としたもの［バックカバーを有するもの］,・・後方から光源の着脱を可能としたもの［例．バックカバーを有するもの］
uploaded,タイトル変更,F21V 19/00 600,F21V 19/00 600,・他の部品［反射器など］の固定を同時に行なうもの,・他の部品［例．反射器など］の固定を同時に行なうもの
uploaded,タイトル変更,F21V 19/02 100,F21V 19/02 100,・・光軸方向［出射方向］への調整,・・光軸方向［すなわち出射方向］への調整
uploaded,タイトル変更,F21V 19/02 200,F21V 19/02 200,・・光軸と直交する方向［出射方向と直交する方向］への調整,・・光軸と直交する方向［すなわち出射方向と直交する方向］への調整
uploaded,タイトル変更,F21V 23/00 102,F21V 23/00 102,・・・始動回路，イグナイタ,・・・始動回路，例．イグナイタ
uploaded,タイトル変更,F21V 23/00 103,F21V 23/00 103,・・・電源回路，インバータ,・・・電源回路，例．インバータ
uploaded,タイトル変更,F21V 23/00 130,F21V 23/00 130,・雑音防止部材，アース，シールド,・雑音防止部材，例．アース，シールド
uploaded,タイトル変更,F21V 23/00 140,F21V 23/00 140,・制御装置［ＣＰＵ］，調光装置,・制御装置［例．ＣＰＵ］，調光装置
uploaded,タイトル変更,F21V 23/00 150,F21V 23/00 150,・回路基板・配電ブロック［素子が集合したもの］の配置,・回路基板・配電ブロック［例．素子が集合したもの］の配置
uploaded,タイトル変更,F21V 23/00 160,F21V 23/00 160,・給電用素子［配線，コード，電路］,・給電用素子［例．配線，コード，電路］
uploaded,タイトル変更,F21V 23/00 200,F21V 23/00 200,・素子のレイアウトに特徴を有するもの［小型化を図るものなど］,・素子のレイアウトに特徴を有するもの［例．小型化を図るものなど］
uploaded,タイトル変更,F23D 1/00,F23D 1/00,粉状燃料燃焼用バーナ（バーナの装置または据え付けＦ２３Ｃ５／００）,粉状燃料燃焼用バーナ
uploaded,タイトル変更,F23D 3/16,F23D 3/16,・・ろうそくを用いるもの（ろうそく自体Ｃ１１Ｃ）,・・ろうそくを用いるもの
uploaded,タイトル変更,F23D 11/00,F23D 11/00,燃焼空間へ小液滴または気化した液体として直接噴霧する作用を用いたバーナ（噴霧一般Ｂ０５Ｂ，Ｄ）,燃焼空間へ小液滴または気化した液体として直接噴霧する作用を用いたバーナ
uploaded,タイトル変更,F23D 11/38,F23D 11/38,・・ノズル（ノズル一般Ｂ０５Ｂ）；その掃除装置,・・ノズル；その掃除装置
uploaded,タイトル変更,F23D 14/02,F23D 14/02,・非予混合ガスバーナ，すなわち．ガス状燃料が燃焼域へ到達時に燃焼空気と混合されるもの（１４／３０から１４／４４が優先）［４］,・非予混合ガスバーナ，すなわち．ガス状燃料が燃焼域へ到達時に燃焼空気と混合されるもの（Ｆ２３Ｄ１４／３８が優先）［４］
uploaded,タイトル変更,F23D 14/34,F23D 14/34,・ガス状燃料または燃焼用空気の加圧手段と一緒に用いるのに特に適合したバーナ（１４／３８が優先）［４］,・ガス状燃料または燃焼用空気の加圧手段と一緒に用いるのに特に適合したバーナ［４］
uploaded,タイトル変更,F23D 14/38,F23D 14/38,・トーチ，例．切断，ろう付け，溶接または加熱用（ノズル１４／４８）［４］,・トーチ，例．ろう付けまたは加熱用（ノズルＦ２３Ｄ１４／４８）［４］
uploaded,タイトル変更,F23D 14/48,F23D 14/48,・・ノズル（噴霧またはコーテイング用Ｂ０５Ｂ）［４］,・・ノズル［４］
uploaded,タイトル変更,F23D 14/56,F23D 14/56,・・・ある範囲にわたって炎を展開させるためのもの，例．固体表面の溶削用，表面焼き入れ用，加工片加熱用（火炎によるスカーフィングＢ２３Ｋ７／００）［４］,・・・ある範囲にわたって炎を展開させるためのもの，例．固体表面の溶削用，表面焼き入れ用または加工片加熱用［４］
uploaded,タイトル変更,F23D 14/06,F23D 14/06,・・ガスおよび燃焼空気の同時制御用装置（燃焼の調整一般Ｆ２３Ｎ）［４］,・・ガスおよび燃焼空気の同時制御用装置［４］
uploaded,タイトル変更,F23D 14/68,F23D 14/68,・・燃焼空気または燃焼ガスの処理，例．ろ過によるもの，加湿によるもの（一般Ｂ０１）［４］,・・燃焼空気または燃焼ガスの処理，例．ろ過または加湿によるもの，［４］
uploaded,タイトル変更,F23D 14/72,F23D 14/72,・・安全装置，例．ガス供給の支障時に作動するもの（パイプライン系の保護または監視Ｆ１７Ｄ５／００）［４］,・・安全装置，例．ガス供給の支障時に作動するもの［４］
uploaded,タイトル変更,F23D 14/74,F23D 14/74,・・・炎のリフトの防止（１４／７０が優先）［４］,・・・炎のリフトの防止［４］
uploaded,タイトル変更,F23D 14/82,F23D 14/82,・・・フラッシュバックまたはブローバックの防止（１４／７０が優先；ガス供給ラインにおけるものＡ６２Ｃ４／０２）［４］,・・・フラッシュバックまたはブローバックの防止［４］
uploaded,タイトル変更,F23D 23/00,F23D 23/00,２またはそれ以上のバーナの組合せ（炎を保持するための装備をもつガスバーナ１４／２６；バーナの装置または据え付けＦ２３Ｃ５／００；工業炉用Ｆ２７）,２またはそれ以上のバーナの組合せ（炎を保持するための装備をもつガスバーナＦ２３Ｄ１４／２６；）
uploaded,タイトル変更,F23L 5/02,F23L 5/02,・ファンまたは送風機の配置（ファンまたは送風機自体Ｆ０４）,・ファンまたは送風機の配置
uploaded,タイトル変更,F23L 13/00,F23L 13/00,空気供給または通風を制御するためのバルブまたはダンパの構造（一般Ｆ１６Ｋ）,空気供給または通風を制御するためのバルブまたはダンパの構造
uploaded,タイトル変更,F23L 17/00,F23L 17/00,誘引通風,誘引通風；煙突または通風軸の先端；煙道の末端
uploaded,タイトル変更,F24F 1/01,F24F 1/01,・その内で２次空気が１次空気の噴射作用により誘引されるもの（Ｆ２４Ｆ１／０２が優先）［３，２０１１．０１］,・その内で２次空気が１次空気の噴射作用により誘引されるもの［３，２０１１．０１］
uploaded,タイトル変更,F24F 3/00,F24F 3/00,調整された１次空気を１個またはそれ以上の中央装置からその１次空気の２次処理を行なってもよい部屋または空間に設置される分配ユニットに供給するところの空気調和方式；このような方式のために特別に設計された装置（ルームユニット１／００；熱交換器の構造Ｆ２８）,調整された１次空気を１個またはそれ以上の中央装置からその１次空気の２次処理を行なってもよい部屋または空間に設置される分配ユニットに供給するところの空気調和方式；このような方式のために特別に設計された装置（ルームユニットＦ２４Ｆ１／００）
uploaded,タイトル変更,F24F 3/02,F24F 3/02,・１次空気の圧力または速度により特徴づけられるもの（３／０４４が優先）［３］,・１次空気の圧力または速度により特徴づけられるもの［３］
uploaded,タイトル変更,F24F 3/048,F24F 3/048,・・一定空気流量で温度制御するもの（３／０５６が優先）［３］,・・一定空気流量で温度制御するもの［３］
uploaded,タイトル変更,F24F 3/056,F24F 3/056,・・空気が少なくとも部分的に照明器具上を流れ，照明器具の熱が消去されまたは用いられるもの［３］,・・空気が少なくとも部分的に照明器具上を流れ，照明器具の熱が消去されまたは用いられるもの（部屋または空間に空気を指し向けるためのまたは分布させるための吹出口で、照明器具に結合されたものＦ２４Ｆ１３／０７８）［３］
uploaded,タイトル変更,F24F 3/06,F24F 3/06,・ルームユニットにおける１次空気の２次処理用熱交換流体の供給のための装置に特徴のあるもの（３／０２が優先）,・ルームユニットにおける１次空気の２次処理用熱交換流体の供給のための装置に特徴のあるもの
uploaded,タイトル変更,F24F 3/12,F24F 3/12,・加熱および冷却とは別の空気の処理を特徴とするもの（３／０２，３／０６が優先；それぞれの処理のための装置はそれぞれの処理についての適切なサブクラスを参照）,・加熱および冷却とは別の空気の処理を特徴とするもの
uploaded,タイトル変更,F24F 6/14,F24F 6/14,・・ノズルを用いるもの（ノズルそれ自体，噴霧一般Ｂ０５Ｂ）［３］,・・ノズルを用いるもの［３］
uploaded,タイトル変更,F24F 7/02,F24F 7/02,・屋上換気（７／００７が優先；屋根ふきの換気Ｅ０４Ｄ）［３，６］,・屋上換気（屋根ふきの換気Ｅ０４Ｄ）［３，６］
uploaded,タイトル変更,F24F 9/00,F24F 9/00,しゃへいのための気流の利用，例．エアカーテン（車両用エアカーテンＢ６０Ｊ９／０４）,しゃへいのための気流の利用，例．エアカーテン
uploaded,タイトル変更,F24F 11/00,F24F 11/00,制御または安全方式またはそれらの装置（制御弁それ自体Ｆ１６Ｋ）［３］,制御または安全方式またはそれらの装置［３］
uploaded,タイトル変更,F24F 11/04,F24F 11/04,・・単に空気流量を制御するためのもの（１１／０８が優先）,・・単に空気流量を制御するためのもの
uploaded,タイトル変更,F24F 12/00,F24F 12/00,空気調和，換気またはろ過におけるエネルギ回収システムを用いるもの（給気と排気間で熱伝達および湿度伝達の双方がなされるもの３／１４７；熱交換一般Ｆ２８）［４］,空気調和，換気またはろ過におけるエネルギ回収システムを用いるもの（給気と排気間で熱伝達および湿度伝達の双方がなされるもの３／１４７）［４］
uploaded,タイトル変更,F41B 11/00,F41B 11/00,空気銃，例．空気ピストル；蒸気銃,圧縮ガス銃，例．空気銃；蒸気銃［２０１３．０１］
uploaded,タイトル変更,F41C 3/00,F41C 3/00,ピストル，例．リボルバ（水中用９／０６；動物をと殺したりまたは失神させるものＡ２２Ｂ；コンクリート建造物，金属壁または類似のものの中へのボルト打ち込み用Ｂ２５Ｃ）［３，５］,ピストルコンクリート建造物，金属壁または類似のものの中へのボルト打ち込み用Ｂ２５Ｃ）［３，５］
uploaded,タイトル変更,F41C 3/14,F41C 3/14,・リボルバ（３／１０が優先；密封に特徴があるものＦ４１Ａ３／７６；リボルバ以外のリボルバ型銃の給弾のため回転ドラム弾倉を用いるものＦ４１Ａ９／２７；そのための抽筒子または蹴子Ｆ４１Ａ１５／０２）［５］,・リボルバ（Ｆ４１Ｃ３／１０が優先）［５］
uploaded,タイトル変更,F41C 7/00,F41C 7/00,肩持ち小火器，例．ライフル銃，カービン銃，散弾銃（水中用９／０６）［３］,肩持ち小火器，例．ライフル銃，カービン銃または散弾銃［３］
uploaded,タイトル変更,F41C 7/11,F41C 7/11,・折り曲げ式散弾銃またはライフル銃（中折れ式リボルバ３／１６；そのための尾栓機構Ｆ４１Ａ３／５８；そのための撃鉄起し機構Ｆ４１Ａ１９／４１）［５］,・折り曲げ式散弾銃またはライフル銃［５］
uploaded,タイトル変更,F41C 23/16,F41C 23/16,・前部銃床；銃把；手の保護具（ポンプ式銃７／０２）［５］,・前部銃床；銃把；手の保護具［５］
uploaded,タイトル変更,F41C 27/04,F41C 27/04,・駐鋤またはたてを取り付けるための装置（駐鋤それ自体Ａ０１Ｂ１／０２；たてそれ自体Ｆ４１Ｈ５／０６）,・駐鋤またはたてを取り付けるための装置
uploaded,タイトル変更,F41C 27/06,F41C 27/06,・擲弾，例．ライフル銃用擲弾，または暴動制圧用弾薬を発射するための小火器の適用；そのための砲身付属具（信号ピストル３／０２）,・擲弾，例．ライフル銃用擲弾，または暴動制圧用弾薬を発射するための小火器の適用；そのための砲身付属具
uploaded,タイトル変更,F41C 27/16,F41C 27/16,・突くまたは切る武器を組み合わせた小火器（銃剣以外の突くまたは切る武器それ自体Ｆ４１Ｂ１３／００）；銃剣；銃剣の取付け［５］,・突くまたは切る武器を組み合わせた小火器；銃剣；銃剣の取付け［５］
uploaded,タイトル変更,F42C 19/00,F42C 19/00,信管の細部（他の部材１５／００）,信管の細部（安全解除機構，過早発防止用安全機構Ｆ４２Ｃ１５／００）
uploaded,タイトル変更,G01B 5/26,G01B 5/26,・面積測定用，例．プラニメータ（積分器一Ｇ０６Ｇ）,・面積測定用，例．プラニメータ（積分器一般Ｇ０６Ｇ）
uploaded,タイトル変更,G01B 21/28,G01B 21/28,・面積測定用（積分器一Ｇ０６Ｇ）［３］,・面積測定用（積分器一般Ｇ０６Ｇ）［３］
uploaded,タイトル変更,G01C 19/00,G01C 19/00,ジャイロスコープ；振動状態の質量体を用いる回転感知装置；運動状態の質量体を持たない回転感知装置,ジャイロスコープ；振動状態の質量体を用いる回転感知装置；運動状態の質量体を持たない回転感知装置；ジャイロ効果を利用した角速度の測定［１，２０１３．０１］
uploaded,タイトル変更,G01C 19/56,G01C 19/56,・振動状態の質量体を用いる回転感知装置，例．コリオリ力に基づく振動型角速度センサ,・振動状態の質量体を用いる回転感知装置，例．コリオリ力に基づく振動型角速度センサ［１，２０１２．０１］
uploaded,タイトル変更,G01M 1/00,G01M 1/00,機械または構造物の静的または動的つり合い試験（遠心分離機回転ボールのつり合いＢ０４Ｂ９／１４；車輪またはその部品を把持する手段によって特徴づけられる装置Ｂ６０Ｂ３０／００；船舶の安定度の測定Ｂ６３Ｂ；航空機の安定Ｂ６４Ｃ１７／００；運転中に自動的につり合いを取る制御系Ｇ０５；発電機，電動機の回転子のつり合いＨ０２Ｋ１５／１６）,機械または構造物の静的または動的つり合い試験
uploaded,タイトル変更,G01M 1/08,G01M 1/08,・・不つり合いの大きさおよび位相を直接指示する計器（電気的変量の測定一般Ｇ０１Ｒ）,・・不つり合いの大きさおよび位相を直接指示する計器
uploaded,タイトル変更,G01M 1/22,G01M 1/22,・・・不つり合いの基づく振動を電気的変量に変換するもの（振動の測定Ｇ０１Ｈ；マイクロフオンまたは類似の音響電気機械変換器Ｈ０４Ｒ）,・・・不つり合いの基づく振動を電気的変量に変換するもの
uploaded,タイトル変更,G01M 1/03,G01M 1/03,・不つり合いの補償（１／３８が優先；つり合い重量Ｆ１６Ｆ１５／２８）,・不つり合いの補償（Ｇ０１Ｍ１／３８が優先）
uploaded,タイトル変更,G01M 1/32,G01M 1/32,・・被試験体への物質の添加によるもの，例．修正重量によるもの（修正重量それ自体Ｆ１６Ｆ１５／３２）,・・被試験体への物質の添加によるもの，例．修正重量によるもの
uploaded,タイトル変更,G01M 3/00,G01M 3/00,構造物の気密性の調査（多孔性物質の滲透性の調査，きずの存在の調査一般Ｇ０１Ｎ）,構造物の気密性の調査
uploaded,タイトル変更,G01M 5/00,G01M 5/00,構造物の弾性の調査，例．橋，航空機の翼のたわみの調査（９／００が優先；歪計Ｇ０１Ｂ）,構造物の弾性の調査，例．橋または航空機の翼のたわみの調査（Ｇ０１Ｍ９／００が優先）
uploaded,タイトル変更,G01M 9/00,G01M 9/00,空気力学的試験；風洞に配置された装着（物質の特性調査一般Ｇ０１Ｎ；建築物外観セクションＥ）,空気力学的試験；風洞に配置された装着
uploaded,タイトル変更,G01M 10/00,G01M 10/00,水力学的試験；船舶試験用水槽または水洞に配置された装置（物質の特性調査一般Ｇ０１Ｎ；建築物外観セクションＥ）,水力学的試験；船舶試験用水槽または水洞に配置された装置
uploaded,タイトル変更,G01M 13/00,G01M 13/00,機械部品の試験（工具の切削力の調査Ｇ０１Ｎ，例．Ｇ０１Ｎ３／５８）,機械部品の試験
uploaded,タイトル変更,G01M 13/02,G01M 13/02,・歯車装置または伝達機構の試験（効率の測定Ｇ０１Ｌ）,・歯車装置または伝達機構の試験
uploaded,タイトル変更,G01N 3/00,G01N 3/00,機械的応力の負荷による固体材料の強さの調査（ひずみ計Ｇ０１Ｂ；応力の測定一般Ｇ０１Ｌ１／００）,機械的応力の負荷による固体材料の強さの調査
uploaded,タイトル変更,G01N 3/12,G01N 3/12,・・・圧力試験（流体密試験Ｇ０１Ｍ３／００）,・・・圧力試験
uploaded,タイトル変更,G01N 3/32,G01N 3/32,・繰返し力または脈動力の適用によるもの（その種の力の発生一般は関連するクラスまたはサブクラス，例．Ｂ０６，Ｇ１０，参照）,・繰返し力または脈動力の適用によるもの
uploaded,タイトル変更,G01N 9/00,G01N 9/00,材料の比重または密度の調査；比重または密度の測定による材料分析（重量測定装置Ｇ０１Ｇ）,材料の比重または密度の調査；比重または密度の測定による材料分析
uploaded,タイトル変更,G01N 9/36,G01N 9/36,・比重または密度の測定による材料の分析，例．水分の測定（測定方法一般９／０２～９／３２）,・比重または密度の測定による材料の分析，例．水分の測定（測定方法Ｇ０１Ｎ９／０２～Ｇ０１Ｎ９／３２）
uploaded,タイトル変更,G01N 15/02,G01N 15/02,・粒度または粒度分布の調査（１５／０４，１５／１０が優先；浸透圧の測定によるもの７／１０；ろ過法によるものＢ０１Ｄ；ふるい分け法によるものＢ０７Ｂ）［４］,・粒度または粒度分布の調査（Ｇ０１Ｎ１５／０４，Ｇ０１Ｎ１５／１０が優先；浸透圧の測定によるものＧ０１Ｎ７／１０）［４］
uploaded,タイトル変更,G01N 19/08,G01N 19/08,・きずまたは不規則性の存在の検知（表面の粗さまたは不規則性の測定Ｇ０１Ｂ５／２８）,・きずまたは不規則性の存在の検知
uploaded,タイトル変更,G01N 21/00,G01N 21/00,光学的手段，すなわち．赤外線，可視光線または紫外線を使用することによる材料の調査または分析（３／００から１９／００が優先；応力測定一般Ｇ０１Ｌ１／００；計測器の光学要素Ｇ０２Ｂ；データ処理による画像分析Ｇ０６Ｔ）,光学的手段，すなわち．赤外線，可視光線または紫外線を使用することによる材料の調査または分析（Ｇ０１Ｎ３／００～Ｇ０１Ｎ１９／００が優先）
uploaded,タイトル変更,G01N 21/05,G01N 21/05,・・・フロースルーキュベット（２１／０９が優先；流体試料の取扱い１／１０）［３］,・・・フロースルーキュベット（Ｇ０１Ｎ２１／０９が優先）［３］
uploaded,タイトル変更,G01N 21/07,G01N 21/07,・・・遠心分離型のキュベット（２１／０９が優先；遠心分離機Ｂ０４Ｂ）［３］,・・・遠心分離型のキュベット（Ｇ０１Ｎ２１／０９が優先）［３］
uploaded,タイトル変更,G01N 21/35 B,G01N 21/35 B,・シート材料,・シート材料中の，例．紙中の
uploaded,タイトル変更,G01N 21/51,G01N 21/51,・・・・容器の内部，例．アンプル内（２１／５３が優先；容器の清潔さのチェックＢ０８Ｂ９／４６）［３］,・・・・容器の内部，例．アンプル内（Ｇ０１Ｎ２１／５３が優先）［３］
uploaded,タイトル変更,G01N 21/53,G01N 21/53,・・・・流れている流体，例．煙，の内部（煙により作動する警報器Ｇ０８Ｂ１７／１０）［３］,・・・・流れている流体，例．煙，の内部［３］
uploaded,タイトル変更,G01N 21/67,G01N 21/67,・・・電弧または放電を用いるもの（スパークギャップＨ０１Ｔ）［３］,・・・電弧または放電を用いるもの［３］
uploaded,タイトル変更,G01N 21/956,G01N 21/956,・・・・物体表面のパターンの検査（電子回路の非接触試験Ｇ０１Ｒ３１／３０８；貨幣の検査Ｇ０７Ｄ）［７］,・・・・物体表面のパターンの検査［７］
uploaded,タイトル変更,G01N 25/72,G01N 25/72,・きずの調査（熱伝導度の調査によるもの２５／１８）,・きずの調査
uploaded,タイトル変更,G01N 30/00,G01N 30/00,吸着，吸収もしくは類似現象，またはイオン交換，例．クロマトグラフィ，を用いる成分分離による材料の調査または分析（３／００から２９／００が優先；成分の調製または生産のための分離Ｂ０１Ｄ１５／００，Ｂ０１Ｄ５３／０２，Ｂ０１Ｄ５３／１４）［４］,吸着，吸収もしくは類似現象，またはイオン交換，例．クロマトグラフィ，を用いる成分分離による材料の調査または分析（Ｇ０１Ｎ３／００～Ｇ０１Ｎ２９／００が優先）［４］
uploaded,タイトル変更,G01N 30/88,G01N 30/88,・・グループ３０／０４から３０／８６のうちの１つに含まれないもので，カラムクロマトグラフィに特に用いられる統合的分析（信号解析方式一般Ｇ０６Ｆ，Ｇ０６Ｇ，Ｇ０６Ｔ）［４］,・・グループ３０／０４から３０／８６のうちの１つに含まれないもので，カラムクロマトグラフィに特に用いられる統合的分析［４］
uploaded,タイトル変更,G01N 31/00,G01N 31/00,サブグループに規定された化学的方法の利用による非生物学的材料の調査または分析（酵素や微生物を用いずに行う殺菌の効果または完全性のテストＡ６１Ｌ２／２８；酵素または微生物を含む測定または試験方法Ｃ１２Ｑ１／００）；該方法に特に用いられる装置［４］,サブグループに規定された化学的方法の利用による非生物学的材料の調査または分析；該方法に特に用いられる装置［４］
uploaded,タイトル変更,G01N 31/18,G01N 31/18,・・特に滴定用に作られたビューレット（ビューレット一般Ｂ０１Ｌ３／０２）,・・特に滴定用に作られたビューレット
uploaded,タイトル変更,G01N 33/48,G01N 33/48,・生物学的材料，例．血液，尿（３３／０２から３３／１４，３３／２６，３３／４４，３３／４６が優先；種子の発芽能力の決定Ａ０１Ｃ１／０２）；血球計（表面を走査することによってその表面に分布されている血球を計数するものＧ０６Ｍ１１／０２）［３，４］,・生物学的材料，例．血液，尿（，Ｇ０１Ｎ３３／２６，Ｇ０１Ｎ３３／４４，Ｇ０１Ｎ３３／４６が優先）；血球計（表面を走査することによってその表面に分布されている血球を計数するものＧ０６Ｍ１１／０２）［３，４］
uploaded,タイトル変更,G01N 33/53,G01N 33/53,・・・免疫分析；生物学的特異的結合分析；そのための物質（抗原または抗体を含有する医療品製剤Ａ６１Ｋ；ハプテン一般はクラスＣ０７の関連箇所を参照；蛋白質等のペプチド一般Ｃ０７Ｋ）［４］,・・・免疫分析；生物学的特異的結合分析；そのための物質［４］
uploaded,タイトル変更,G01N 33/58,G01N 33/58,・・・標識物質を含むもの（３３／５３が優先；生体内試験のためのものＡ６１Ｋ５１／００）［３］,・・・標識物質を含むもの（Ｇ０１Ｎ３３／５３が優先）［３］
uploaded,タイトル変更,G01N 33/06,G01N 33/06,・・・・放射性標識物質を含むもの（トレーサーＧ２１Ｈ５／０２）［３］,・・・・放射性標識物質を含むもの［３］
uploaded,タイトル変更,G01P 3/00,G01P 3/00,直線速度または角速度の測定；直線速度の差または角速度の差の測定（Ｇ０１Ｐ５／００からＧ０１Ｐ１１／００が優先）,直線速度または角速度の測定；直線速度の差または角速度の差の測定（Ｇ０１Ｐ５／００～Ｇ０１Ｐ１１／００が優先；ジャイロ効果を利用した角速度の測定Ｇ０１Ｃ１９／００）
uploaded,タイトル変更,G01P 13/00,G01P 13/00,運動の有無または方向の指示または記録,運動の有無の指示または記録；運動の方向の指示または記録
uploaded,タイトル変更,G01R 1/00,G01R 1/00,グループ５／００から１３／００および３１／００に含まれる型の機器または装置の細部（電気的消費の測定装置に特有の構造的細部１１／０２）［３，８］,グループＧ０１Ｒ５／００～Ｇ０１Ｒ１３／００またはＧ０１Ｒ３１／００に包含される型の機器または装置の細部（電気的消費の電気機械的測定装置に特有の構造的細部Ｇ０１Ｒ１１／０２）［３，８］
uploaded,タイトル変更,G01R 1/02,G01R 1/02,・一般的な構造の細部（特定の変量に特に適用されない計測装置に応用しうる種類の細部一般Ｇ０１Ｄ）,・一般的な構造の細部
uploaded,タイトル変更,G01R 1/06,G01R 1/06,・・測定用導線；測定用探針（１９／１４５，１９／１６５が優先；導線用端子片Ｈ０１Ｒ１１／００）［３］,・・測定用導線；測定用探針（Ｇ０１Ｒ１９／１４５，Ｇ０１Ｒ１９／１６５が優先）［３］
uploaded,タイトル変更,G01R 1/22,G01R 1/22,・・電流変成器の２次巻線として動作する挟み試験具（変成器を用いる電圧または電流の分離１５／１８）,・・電流変成器の２次巻線として動作する挟み試験具
uploaded,タイトル変更,G01R 1/38,G01R 1/38,・指示特性を変更するための装置，例．空隙を加減するもの（回路Ｇ０１Ｄ３／０２）,・指示特性を変更するための装置，例．空隙を加減するもの
uploaded,タイトル変更,G01R 5/00,G01R 5/00,単一の電流または単一の電圧を機械的変位に変換するための計器（振動型検流計９／０２）,単一の電流または単一の電圧を機械的変位に変換するための計器
uploaded,タイトル変更,G01R 5/22,G01R 5/22,・熱型計器（熱電変換器を用いる，電流または電圧の有効値の測定１９／０３）,・熱型計器
uploaded,タイトル変更,G01R 5/28,G01R 5/28,・静電型装置（放射線検出器と組み合わされたものＧ０１Ｔ）,・静電型装置
uploaded,タイトル変更,G01R 11/02,G01R 11/02,・構造的細部（電気測定計器に応用しうるもの一般１／００）,・構造的細部
uploaded,タイトル変更,G01R 11/36,G01R 11/36,・誘導型計器，例．フエラリス型計器（フエラリス型装置５／２０）,・誘導型計器，例．フエラリス型計器
uploaded,タイトル変更,G01R 13/00,G01R 13/00,電気的変量または波形の表示装置（機械的変位のみによる表示５／００，７／００，９／００；周波数スペクトルの記録２３／１８）［４］,電気的変量または波形の表示装置［４］
uploaded,タイトル変更,G01R 13/02,G01R 13/02,・デジタル形で測定された電気的変量を表示するためのもの（計数器Ｇ０６Ｍ；アナログ／デジタル変換一般Ｈ０３Ｍ１／００）［４］,・デジタル形で測定された電気的変量を表示するためのもの［４］
uploaded,タイトル変更,G01R 13/02,G01R 13/02,・陰極線オッシロスコープ（陰極線管Ｈ０１Ｊ３１／００）,・陰極線オッシロスコープ
uploaded,タイトル変更,G01R 13/22,G01R 13/22,・・そのための回路（パルスを発生させる回路，例．鋸歯状波，の発生Ｈ０３Ｋ３／００）,・・そのための回路
uploaded,タイトル変更,G01R 13/26,G01R 13/26,・・・電子ビームの強さを制御するための回路（輝度調整Ｈ０１Ｊ２９／９８）,・・・電子ビームの強さを制御するための回路
uploaded,タイトル変更,G01R 13/28,G01R 13/28,・・・２以上の変数の同時または連続的表示のための回路（電子スイッチＨ０３Ｋ１７／００）,・・・２以上の変数の同時または連続的表示のための回路
uploaded,タイトル変更,G01R 13/34,G01R 13/34,・・・サンプリングにより単一の波形を表現する回路，例．超高周波に対するもの（抽出―保持装置Ｇ１１Ｃ２７／０２）［２］,・・・サンプリングにより単一の波形を表現する回路，例．超高周波に対するもの［２］
uploaded,タイトル変更,G01R 13/36,G01R 13/36,・グロー放電の長さを用いるもの，例．グロー・オシロスロープ（放電管Ｈ０１Ｊ）［４］,・グロー放電の長さを用いるもの，例．グロー・オシロスロープ［４］
uploaded,タイトル変更,G01R 13/38,G01R 13/38,・電気機械測定系による光ビームの一定変位または振動変位を使用するもの（そのような測定機構それ自体５／００，７／００，９／００）［４］,・電気機械測定系による光ビームの一定変位または振動変位を使用するもの［４］
uploaded,タイトル変更,G01R 17/01,G01R 17/01,・交流または直流測定ブリッジ（自動比較または再平衡装置１７／０２）,・交流または直流測定ブリッジ
uploaded,タイトル変更,G01R 17/02,G01R 17/02,・交流または直流電位差計測定装置（自動比較または再平衡装置１７／０２）,・交流または直流電位差計測定装置
uploaded,タイトル変更,G01R 19/165,G01R 19/165,・電流または電圧が所定のレベル以上であるかまたは以下であるか，あるいは所定の範囲内にあるかまたは範囲外にあるかの指示（再生機能を有する回路，例．シュミットトリガーＨ０３Ｋ３／００；閥値で動作するスイッチＨ０３Ｋ１７／００）［３］,・電流または電圧が所定のレベル以上であるかまたは以下であるか，あるいは所定の範囲内にあるかまたは範囲外にあるかの指示［３］
uploaded,タイトル変更,G01R 19/25,G01R 19/25,・デジタル測定技術を使用するもの（測定された電気的変量をデジタルに表示する装置１３／０２）［３］,・デジタル測定技術を使用するもの［３］
uploaded,タイトル変更,G01R 19/03,G01R 19/03,・ある度間々隔で到達した電流または電圧の最大値または最小値の測定（１９／０４が優先；ある時間々隔で到達した最大値または最小値を指示するための計器の変更１／４０）［２，３］,・ある度間々隔で到達した電流または電圧の最大値または最小値の測定（Ｇ０１Ｒ１９／０４が優先）［２，３］
uploaded,タイトル変更,G01R 19/32,G01R 19/32,・温度変化に対する補償（温度補償のための計器の変更１／４４）［２］,・温度変化に対する補償［２］
uploaded,タイトル変更,G01R 21/08,G01R 21/08,・感磁性効果素子，例．ホール効果素子，を使用するもの（そのような素子それ自体Ｈ０１Ｌ）［２］,・感磁性効果素子，例．ホール効果素子，を使用するもの［２］
uploaded,タイトル変更,G01R 23/00,G01R 23/00,周波数測定装置；周波数スペクトル分析装置（周波数弁別器Ｈ０３Ｄ）,周波数測定装置；周波数スペクトル分析装置
uploaded,タイトル変更,G01R 23/02,G01R 23/02,・周波数測定装置，例．パルス繰り返し率；電流または電圧の周期測定装置（微少時間々隔の測定Ｇ０４Ｆ）,・周波数測定装置，例．パルス繰り返し率；電流または電圧の周期測定装置
uploaded,タイトル変更,G01R 23/09,G01R 23/09,・・・アナログ積分器，例．入力信号と規定量の放電信号またはリークの平衡により平均値を生ずるコンデンサ，を使用するもの（放射線検出器により発生したパルスを積分する放射線測定装置Ｇ０１Ｔ１／１５）［２］,・・・アナログ積分器，例．入力信号と規定量の放電信号またはリークの平衡により平均値を生ずるコンデンサ，を使用するもの［２］
uploaded,タイトル変更,G01R 23/14,G01R 23/14,・・ヘテロダインによるもの；ビート周波数比較によるもの（相異なる周波数の非変調信号間のビートをとることによる振動の発生Ｈ０３Ｂ２１／００）［２］,・・ヘテロダインによるもの；ビート周波数比較によるもの［２］
uploaded,タイトル変更,G01R 23/173,G01R 23/173,・・掃引パノラマ受信機に類似の揺動装置（パノラマ受信機それ自体Ｈ０３Ｊ７／３２）［３］,・・掃引パノラマ受信機に類似の揺動装置［３］
uploaded,タイトル変更,G01R 25/00,G01R 25/00,電圧と電流間または電圧間または電流間の位相角を測定する装置（力率測定２１／００；パルス列における個々のパルスの位置の測定２９／０２；位相弁別器Ｈ０３Ｄ）［２］,電圧と電流間または電圧間または電流間の位相角を測定する装置［２］
uploaded,タイトル変更,G01R 25/08,G01R 25/08,・基準パルスの計数によるもの（時間々隔の測定Ｇ０４Ｆ）［２］,・基準パルスの計数によるもの［２］
uploaded,タイトル変更,G01R 27/22,G01R 27/22,・・流体の抵抗測定（測定容器，その電極Ｇ０１Ｎ２７／０７）,・・流体の抵抗測定
uploaded,タイトル変更,G01R 29/02,G01R 29/02,・個々のパルスの特性，例．パルスの平担さからのずれ，立上り時間，パルスの持続時間，の測定（振幅１９／００；繰り返り周期２３／００；２つの周期パルス列の位相差２５／００；パルス列の監視パターンＨ０３Ｋ５／１９）［３］,・個々のパルスの特性，例．パルスの平担さからのずれ，立上り時間または持続時間［３］
uploaded,タイトル変更,G01R 29/02,G01R 29/02,・巻数の測定；変成比または巻線の結合係数の測定（計器用変成器の目盛較正３５／０２）,・巻数の測定；変成比または巻線の結合係数の測定
uploaded,タイトル変更,G01R 29/24,G01R 29/24,・電荷量測定装置（静電型計器５／２８；電流の存在の指示１９／１５；電力または電流の時間積分を測定するための装置２２／００）［２］,・電荷量測定装置［２］
uploaded,タイトル変更,G01S 3/58,G01S 3/58,・・・回転面または揺動面内の方向を決定するために，またはかかる面内の所定方向からの偏差を決定するために，受信信号を連続的に解析する回転または揺動ビーム方式（３／１４が優先）,・・・回転面または揺動面内の方向を決定するために，またはかかる面内の所定方向からの偏差を決定するために，受信々号の連続的な解析を用いる回転または揺動ビーム方式（Ｇ０１Ｓ３／１６が優先）
uploaded,タイトル変更,G01V 3/01 D,G01V 3/01 D,車両等の検出の関するもの,車両等の検出に関するもの
uploaded,タイトル変更,G03C 1/00,G03C 1/00,感光材料（多色法用感光材料７／００；拡散転写法用感光材料８／００；感光性ガラスＣ０３Ｃ４／０４）［５］,感光材料（多色法用感光材料Ｇ０３Ｃ７／００；拡散転写法用感光材料Ｇ０３Ｃ８／００）［５］
uploaded,タイトル変更,G03C 1/675,G03C 1/675,・感光性物質として，ポリハロゲン化合物を含む組成物（光重合性又は光架橋性組成物のためのものＧ０３Ｆ７／０２８，７／０３８）［５］,・感光性物質として，ポリハロゲン化合物を含む組成物［５］
uploaded,タイトル変更,G03C 1/695,G03C 1/695,・感光性物質として，アジド化物を含む組成物（光重合性又は光架橋性組成物のためのものＧ０３Ｆ７／００８）［５］,・感光性物質として，アジド化物を含む組成物［５］
uploaded,タイトル変更,G03C 1/705,G03C 1/705,・感光性物質として，カルコゲナイド，それらの金属又は合金を含む組成物，例．光ドープ方式（フォトレジストとして用いられるものＧ０３Ｆ７／００４）［５］,・感光性物質として，カルコゲナイド，金属またはそれらの合金を含む組成物，例．光ドープ方式［５］
uploaded,タイトル変更,G03C 3/00,G03C 3/00,カメラ挿入用フイルムパッケージ，例．ロールフイルム，フイルムパック；乾板，フイルムまたは印画紙用包装材料，例．特殊染料，印刷インキ，接着剤を使用した包装材料（包装材料一般Ｂ６５Ｄ）,カメラ挿入用フイルムパッケージ，例．ロールフイルムまたはフイルムパック；乾板，フイルムまたは印画紙用包装材料，例．特殊染料，印刷インキまたは接着剤の使用を特徴とする包装材料
uploaded,タイトル変更,G03C 5/00,G03C 5/00,写真法又はそのための処理剤；そのような処理剤の再生（多色法７／００；拡散転写法８／００；立体写真法９／００；フォトメカニカル法Ｇ０３Ｆ）［４，５］,写真法またはそのための処理剤；そのような処理剤の再生（多色法Ｇ０３Ｃ７／００；拡散転写法Ｇ０３Ｃ８／００；立体写真法Ｇ０３Ｃ９／００）［４，５］
uploaded,タイトル変更,G03C 5/14,G03C 5/14,・・録音と結びついたもの（録音一般Ｇ１１Ｂ）,・・録音と結びついたもの
uploaded,タイトル変更,G03C 5/17,G03C 5/17,・・Ｘ線像を増強するためにスクリーンを用いるもの（Ｘ線変換スクリーンＧ２１Ｋ４／００）［２，４］,・・Ｘ線像を増強するためにスクリーンを用いるもの［２，４］
uploaded,タイトル変更,G03C 5/58,G03C 5/58,・蒸気付着又は物理的現像により金属画像を得るための方法（フォトメカニカルな手段により得た画像，例．エッチングによるものＧ０３Ｆ）［５］,・蒸着または物理的現像により金属画像を得るための方法［５］
uploaded,タイトル変更,G03C 7/24,G03C 7/24,・・録音と結びついたもの（録音一般Ｇ１１Ｂ）,・・録音と結びついたもの
uploaded,タイトル変更,G03C 11/24,G03C 11/24,・不要の写真材料からの乳剤の除去；感光性物質の回収（金属の電気分解による回収Ｃ２５Ｃ１／００）［５］,・不要の写真材料からの乳剤の除去；感光性物質の回収［５］
uploaded,タイトル変更,G03D 3/04,G03D 3/04,・・攪はん機（一般Ｂ０１Ｆ）,・・攪はん機
uploaded,タイトル変更,G03D 5/00,G03D 5/00,浸漬式でない湿式処理装置；浸漬式でない水洗装置（９／００，１１／００が優先；液体を作用させるもの一般Ｂ０５）,浸漬式でない湿式処理装置；浸漬式でない水洗装置（Ｇ０３Ｄ９／００，Ｇ０３Ｄ１１／００が優先）
uploaded,タイトル変更,G03D 15/02,G03D 15/02,・乾燥；つや出し（処理装置と結びついたもの３／００から１３／００；乾燥一般Ｆ２６Ｂ）,・乾燥；つや出し（処理装置と結びついたものＧ０３Ｄ３／００～Ｇ０３Ｄ１３／００）
uploaded,タイトル変更,G04C 9/00,G04C 9/00,時刻表示手段を設定するための電気的作動装置（子時計のもの１３／０３；機械的設定装置Ｇ０４Ｂ２７／００）［３］,時刻表示手段を設定するための電気的作動装置（子時計のものＧ０４Ｃ１３／０３；電波時計Ｇ０４Ｒ）［３］
uploaded,タイトル変更,G04C 11/00,G04C 11/00,独立して駆動される時計の同期化,独立して駆動される時計の同期化（電波時計Ｇ０４Ｒ）
uploaded,タイトル変更,G04G 5/00,G04G 5/00,表示時刻の設定，すなわち修正または変更［３］,表示時刻の設定，すなわち修正または変更（電波時計Ｇ０４Ｒ）［３，２０１３．０１］
uploaded,タイトル変更,G04G 7/00,G04G 7/00,同期化［３］,同期化（電波時計Ｇ０４Ｒ）［３］
uploaded,タイトル変更,G04G 9/04,G04G 9/04,・・光源，例．発光ダイオート，を制御することによるもの［３］,・・光源，例．発光ダイオード，を制御することによるもの［３］
uploaded,タイトル変更,G06F 3/00,G06F 3/00,計算機で処理しうる形式にデータを変換するための入力装置；処理ユニットから出力ユニットへデータを転送するための出力装置，例．インタフェース装置（タイプライタＢ４１Ｊ；物理的変量の変換Ｆ１５Ｂ５／００，Ｇ０１；イメージ取得Ｇ０６Ｔ１／００，Ｇ０６Ｔ９／００；符号化，復号化または符号変換一般Ｈ０３Ｍ；デジタル情報の伝送Ｈ０４Ｌ）［４］,計算機で処理しうる形式にデータを変換するための入力装置；処理ユニットから出力ユニットへデータを転送するための出力装置，例．インタフェース装置［４］
uploaded,タイトル変更,G06F 3/02,G06F 3/02,・・手動で操作されるスイッチを用いる入力装置，例．キーボードまたはダイヤルを用いるもの（キーボードスイッチそのものＨ０１Ｈ１３／７０；制御信号が発生される方法によって特徴づけられた電子スイッチＨ０３Ｋ１７／９４）［３，８］,・・手動で操作されるスイッチを用いる入力装置，例．キーボードまたはダイヤルを用いるもの［３，８］
uploaded,タイトル変更,G06F 3/023,G06F 3/023,・・・情報の離散的項目をコード信号に変換するための装置，例．キーボードで発生したコードを英数字コード，オペランドコードまたは命令コードとして解釈するための装置（キーボードまたは類似装置と結合した符号化一般Ｈ０３Ｍ１１／００）［３，８］,・・・情報の離散的項目をコード信号に変換するための装置，例．キーボードで発生したコードを英数字コード，オペランドコードまたは命令コードとして解釈するための装置［３，８］
uploaded,タイトル変更,G06F 3/05,G06F 3/05,・一定の時間間隔でのアナログ量のサンプリングを用いるデジタル入力（抽出―保持装置Ｇ１１Ｃ２７／０２；サンプリングそれ自体Ｈ０３Ｋ１７／００；アナログ／デジタル変換一般Ｈ０３Ｍ１／００）,・一定の時間間隔でのアナログ量のサンプリングを用いるデジタル入力（抽出―保持装置Ｇ１１Ｃ２７／０２）
uploaded,タイトル変更,G06F 3/12,G06F 3/12,・印字ユニットへのデジタル出力（タイプライタへのデジタル出力３／０９；プリンターを使用して出力データの永久可視表示を作成するための装置Ｇ０６Ｋ１５／０２）,・印字ユニットへのデジタル出力（プリンターを使用して出力データの永久可視表示を作成するための装置Ｇ０６Ｋ１５／０２）
uploaded,タイトル変更,G06F 3/14,G06F 3/14,・表示装置へのデジタル出力（出力データの永久可視表示を作成するための装置Ｇ０６Ｋ１５／００；表示の制御一般Ｇ０９Ｇ）,・表示装置へのデジタル出力
uploaded,タイトル変更,G06F 3/18,G06F 3/18,・自動曲線追従器からのデジタル入力（自動曲線追従器それ自体Ｇ０６Ｋ１１／０２）［３］,・自動曲線追従器からのデジタル入力［３］
uploaded,タイトル変更,G06F 5/00,G06F 5/00,処理するデータの順序または内容を変更することなくデータ変換を行うための方法または装置（符号化，復号化または符号変換一般Ｈ０３Ｍ）［４］,処理するデータの順序または内容を変更することなくデータ変換を行うための方法または装置［４］
uploaded,タイトル変更,G06F 7/02,G06F 7/02,・デジタル値の比較（７／０６，７／３８が優先；情報検索１７／３０；パルスの比較Ｈ０３Ｋ５／２２）,・デジタル値の比較（Ｇ０６Ｆ７／０６，Ｇ０６Ｆ７／３８が優先）
uploaded,タイトル変更,G06F 7/06,G06F 7/06,・個々の記録担体上のデータを分類，選別，組合せ，または別々の記録担体上のデータを比較するための装置（記録担体をあるステーションから他のステーションへ運ぶためのものＧ０６Ｋ１３／０２；郵便物の区分けＢ０７Ｃ）,・個々の記録担体上のデータを分類，選別，組合せ，または別々の記録担体上のデータを比較するための装置
uploaded,タイトル変更,G06F 7/483,G06F 7/483,・・・位取り数を非線形に組み合わせて表現した数を用いて計算するもの，例．有理数，対数方式，浮動小数点数（浮動小数点符号への変換または浮動小数点符号からの変換Ｈ０３Ｍ７／２４）［８］,・・・位取り数を非線形に組み合わせて表現した数を用いて計算するもの，例．有理数，対数方式，または浮動小数点数［８］
uploaded,タイトル変更,G06F 7/501,G06F 7/501,・・・・半加算器または全加算器，即ち，１桁の位取りに対する基本的な加算セル（排他的オア回路Ｈ０３Ｋ１９／２１）［８］,・・・・半加算器または全加算器，即ち，１桁の位取りに対する基本的な加算セル［８］
uploaded,タイトル変更,G06F 7/505,G06F 7/505,・・・・ビットパラレル演算形式であるもの，即ち，各々の位取りに対して異なるデジット処理回路を有するもの（半加算器，全加算器７／５０１）［８］,・・・・ビットパラレル演算形式であるもの，即ち，各々の位取りに対して異なるデジット処理回路を有するもの［８］
uploaded,タイトル変更,G06F 7/57,G06F 7/57,・・・算術論理演算ユニット（ＡＬＵ）。即ち，グループ７／４８３－７／５５６に包含される２以上の演算を実行する装置または論理演算を実行する装置（命令実行９／３０）［８］,・・・算術論理演算ユニット［ＡＬＵ］，。即ち，グループＧ０６Ｆ７／４８３～Ｇ０６Ｆ７／５５６に包含される２以上の演算を実行する装置または論理演算を実行する装置［８］
uploaded,タイトル変更,G06F 7/76,G06F 7/76,・データ内容から独立して定められたルールによるデータの再配置，並べ替え，または選別のための装置（データ内容に従うもの７／０６，７／２２；並列から直列への変換または直列から並列への変換Ｈ０３Ｍ９／００）［８］,・データ内容から独立して定められたルールによるデータの再配置，並べ替え，または選別のための装置［８］
uploaded,タイトル変更,G06F 13/00,G06F 13/00,メモリ，入力／出力装置または中央処理ユニットの間の情報または他の信号の相互接続または転送（特定の入力／出力装置のためのインタフェース回路３／００，マルチプロセッサシステム１５／１６；デジタル情報の伝送一般Ｈ０４Ｌ；選択Ｈ０４Ｑ）［４］,メモリ，入力／出力装置または中央処理ユニットの間の情報または他の信号の相互接続または転送（特定の入力／出力装置のためのインタフェース回路Ｇ０６Ｆ３／００，マルチプロセッサシステムＧ０６Ｆ１５／１６）［４］
uploaded,タイトル変更,G06F 13/42,G06F 13/42,・・バス転送プロトコル，例．ハンドシェイク；同期化（デジタル情報の伝送における同期化一般Ｈ０４Ｌ７／００）［４］,・・バス転送プロトコル，例．ハンドシェイク；同期化［４］
uploaded,タイトル変更,G06F 15/00,G06F 15/00,デジタル計算機一般（細部１／００～１３／００）；データ処理装置一般（イメージデータ処理のためのニューラルネットワークＧ０６Ｔ）,デジタル計算機一般（細部Ｇ０６Ｆ１／００～Ｇ０６Ｆ１３／００）；データ処理装置一般
uploaded,タイトル変更,G06F 15/16,G06F 15/16,・各々が少くとも算術演算ユニット，プログラム・ユニットおよびレジスタをもつ２つ以上のデジタル計算機が結合されたもの，例．数個のプログラムの同時処理を行うためのもの（特定の入力／出力装置のためのインターフェイス回路３／００；マルチプログラミング装置９／４６；デジタル情報の伝送一般Ｈ０４Ｌ，例．計算機ネットワークにおけるもの１２／００；選択Ｈ０４Ｑ）,・各々が少くとも算術演算ユニット，プログラム・ユニットおよびレジスタをもつ２つ以上のデジタル計算機が結合されたもの，例．数個のプログラムの同時処理を行うためのもの
uploaded,タイトル変更,G06F 15/167,G06F 15/167,・・・共通メモリ，例．メイルボックス，を用いるもの（メモリ保護１２／１４；メモリアクセス優先順位１３／１８）［６］,・・・共通メモリ，例．メイルボックス，を用いるもの［６］
uploaded,タイトル変更,G06F 15/173,G06F 15/173,・・・相互接続ネットワークを用いるもの，例．マトリックス，シャフル，ピラミッド，スター，スノーフレーク（インターフェーススイッチング回路１３／４０）［６］,・・・相互接続ネットワークを用いるもの，例．マトリックス，シャフル，ピラミッド，スターまたはスノーフレーク［６］
uploaded,タイトル変更,G06F 15/82 610 B,G06F 15/82 610 B,専用演算処理ユニツトタイプ（１ユニツトでおいては、基本演算の内の特定の演算のみ可能）,専用演算処理ユニツトタイプ（１ユニツトにおいては、基本演算の内の特定の演算のみ可能）
uploaded,タイトル変更,G06N 5/02,G06N 5/02,・知識の表示［７］,・知識の表現［７］
uploaded,タイトル変更,G07B 1/00,G07B 1/00,チケットの印刷発行機（印刷機構それ自体Ｂ４１；デジタル計算機の出力機構Ｇ０６Ｃ１１／００）,チケットの印刷発行機
uploaded,タイトル変更,G07B 9/00,G07B 9/00,チケットの穴あけ器（穿孔によってデジタル形式で記録担体にマークするものＧ０６Ｋ１／０２；穿孔ペンチＢ２６Ｆ１／３６）,チケットの穴あけ器（打抜または穿孔ペンチＢ２６Ｆ１／３６）
uploaded,タイトル変更,G07B 11/09,G07B 11/09,・・・チケットの分離された部分のための容器と結合したもの（ゴミ容器一般Ｂ６５Ｆ１／００）［２］,・・・チケットの分離された部分のための容器と結合したもの［２］
uploaded,タイトル変更,G07B 13/00,G07B 13/00,タクシー料金表示器（走行距離の測定Ｇ０１Ｃ；時間の測定Ｇ０４）,タクシー料金表示器
uploaded,タイトル変更,G07B 15/04,G07B 15/04,・・柵，廻り木戸またはこれらに類するものを解放するための装置を含むもの（コインで解放する廻り木戸一般Ｇ０７Ｃ９／００）,・・柵，廻り木戸またはこれらに類するものを解放するための装置を含むもの（登録手段をもつ回り木戸Ｇ０７Ｃ９／０２）
uploaded,タイトル変更,G07B 17/00,G07B 17/00,郵便料金計器（印刷機構Ｂ４１）,郵便料金計器
uploaded,タイトル変更,G09B 1/00,G09B 1/00,記号，符号，絵など構成または形成する要素を用い，または一つもしくはいくつかの決められた方法に合わせて，配列されるかまたは配列されるよう適合されるものを用いる手動または機械的に動作される教習具（パズルゲームＡ６３Ｆ９／００；広告または展示一般Ｇ０９Ｆ）,記号，符号，絵など構成または形成する要素を用い，または一つもしくはいくつかの決められた方法に合わせて，配列されるかまたは配列されるよう適合されるものを用いる手動または機械的に動作される教習具
uploaded,タイトル変更,G09B 1/12,G09B 1/12,・・・・リング状締付要素によるもの（リングまたはコイルにより一時的に一体に装着されるシートＢ４２Ｆ３／００，Ｂ４２Ｆ５／００）,・・・・リング状締付要素によるもの
uploaded,タイトル変更,G09B 1/03,G09B 1/03,・・要素が支持部と共働して記号を構成するような配列に適合されたもの（特別な支持部を持たないもの１／４０）,・・要素が支持部と共働して記号を構成するような配列に適合されたもの
uploaded,タイトル変更,G09B 3/00,G09B 3/00,問題と解答を伴って作動する手動または機械的に操作される教習用具（電気的に操作されるもの７／００；広告または表示一般Ｇ０９Ｆ）,問題と解答を伴って作動する手動または機械的に操作される教習用具
uploaded,タイトル変更,G09B 3/04,G09B 3/04,・・図表形式のもの（マスク１７／０２）,・・図表形式のもの
uploaded,タイトル変更,G09B 3/08,G09B 3/08,・・図表形式のもの（問題群に共通な一組の解答をもつもの３／１２）,・・図表形式のもの
uploaded,タイトル変更,G09B 5/00,G09B 5/00,電気的操作による教育用具（問題と解答を伴って作動するもの７／００；シミュレーター９／００；広告または表示一般Ｇ０９Ｆ）［２］,電気的操作による教育用具［２］
uploaded,タイトル変更,G09B 5/04,G09B 5/04,・学習素材を聴覚的に提示するもの（印刷または手書き文字の読み方および解釈Ｇ０６Ｋ９／００；録音または再生Ｇ１１Ｂ）,・学習素材を聴覚的に提示するもの
uploaded,タイトル変更,G09B 7/00,G09B 7/00,問題と解答を伴って動作する，電気的に操作される教習機器（機械的に操作するもの３／００；計算装置Ｇ０６Ｆ）,問題と解答を伴って動作する，電気的に操作される教習機器
uploaded,タイトル変更,G09B 9/052,G09B 9/052,・・・被訓練者の行動を記録または測定するための設備で特徴づけられるもの（心理検査のための装置，例．車両運転者のためのもの，Ａ６１Ｂ５／１６，Ａ６１Ｂ５／１８）［５］,・・・被訓練者の行動を記録または測定するための設備で特徴づけられるもの［５］
uploaded,タイトル変更,G09B 11/04,G09B 11/04,・ガイドシートまたはプレート；トレーシングチャート（製図用のテンプレートＢ４３Ｌ１３／２０）,・ガイドシートまたはプレート；トレーシングチャート
uploaded,タイトル変更,G09B 13/02,G09B 13/02,・模擬練習キーボード（音楽教習用１５／０８）,・模擬練習キーボード
uploaded,タイトル変更,G09B 15/00,G09B 15/00,音楽の教習（メトロノームＧ０４Ｆ５／０２）,音楽の教習
uploaded,タイトル変更,G09B 15/06,G09B 15/06,・指または腕の訓練または強化用具；演奏適正位置に指または腕を保持するための用具（タイプの教習１３／００；肉体訓練用筋肉の発達または強化練習装置Ａ６３Ｂ２１／００，２３／００）,・指または腕の訓練または強化用具；演奏適正位置に指または腕を保持するための用具
uploaded,タイトル変更,G09B 15/08,G09B 15/08,・練習鍵盤（タイプの教習用１３／０２）,・練習鍵盤
uploaded,タイトル変更,G09B 17/00,G09B 17/00,読み方の教習（唇形解読教習用２１／０６）,読み方の教習
uploaded,タイトル変更,G09B 19/02,G09B 19/02,・計数；計算（ソロバンＧ０６Ｃ１／００）,・計数；計算
uploaded,タイトル変更,G09B 19/16,G09B 19/16,・乗物またはその他の運搬機の操縦（シュミレータ９／０２）,・乗物またはその他の運搬機の操縦
uploaded,タイトル変更,G09B 21/00,G09B 21/00,盲人，聾者または唖者の教習，または意志を通じること（学習素材の聴覚的提示５／０４；直接の視覚または聴覚を他の種類の知覚によって代替するための装置または方法Ａ６１Ｆ９／０８，Ａ６１Ｆ１１／０４；計器の読取りまたは色の聴覚的指示Ｇ０１Ｄ７／１２；盲人用時計Ｇ０４Ｂ２５／０２；印刷または筆記文字の読取りまたは認識のための方法または装置Ｇ０６Ｋ９／００；音声の分析，音声の認識Ｇ１０Ｌ；録音または再生，それ自体Ｇ１１Ｂ）［２，４］,盲人，聾者または唖者の教習，または意志を通じること（学習素材の聴覚的提示Ｇ０９Ｂ５／０４）［２，４］
uploaded,タイトル変更,G09B 21/02,G09B 21/02,・点字作成用装置（点字用タイプライターＢ４１Ｊ３／３２）,・点字作成用装置
uploaded,タイトル変更,G09B 23/02,G09B 23/02,・数学用（静力学または動力学用２３／０８）,・数学用
uploaded,タイトル変更,G09B 29/00,G09B 29/00,地図；図面；海図；線図，例．道路線図（星座表２７／０４；地図の保持または支持具置Ａ４７Ｂ９７／０２；展示ボードＧ０９Ｆ；計算用Ｇ０６Ｇ１／１４，Ｇ０６Ｇ１／１６）,地図（星座表Ｇ０９Ｂ２７／０４）；図面；海図；線図，例．道路線図
uploaded,タイトル変更,G09B 29/01,G09B 29/01,・地点指示スポットまたは座標による位置指示器；地図の読取り補助具（光学的投影装置Ｇ０３Ｂ）,・地点指示スポットまたは座標による位置指示器；地図の読取り補助具
uploaded,タイトル変更,G09B 29/12,G09B 29/12,・地勢図（地勢模型２５／０６）,・地勢図
uploaded,タイトル変更,G09G 1/00,G09G 1/00,陰極線管表示器にのみ関連した，制御装置または回路（陰極線オシロスコープＧ０１Ｒ１３／２０；テレビジョンＨ０４Ｎ）［３］,陰極線管表示器にのみ関連した，制御装置または回路［３］
uploaded,タイトル変更,G09G 3/00,G09G 3/00,陰極線管以外の可視的表示器にのみ関連した，制御装置または回路（光学走査系一般Ｇ０２Ｂ２６／１０）「３」,陰極線管以外の可視的表示器にのみ関連した，制御装置または回路［３］
uploaded,タイトル変更,G09G 3/02,G09G 3/02,・スクリーン上を光ビームでトレースまたは走査するもの「３」,・スクリーン上を光ビームでトレースまたは走査するもの［３］
uploaded,タイトル変更,G09G 3/04,G09G 3/04,・多数の文字からの選択または個々の要素を組み合わせることによって単一の文字を表示するためのもの，例．セグメント型「３」,・多数の文字からの選択または個々の要素を組み合わせることによって単一の文字を表示するためのもの，例．セグメント型［３］
uploaded,タイトル変更,G09G 3/06,G09G 3/06,・・制御された光源を用いるもの「３」,・・制御された光源を用いるもの［３］
uploaded,タイトル変更,G09G 3/08,G09G 3/08,・・・白熱フイラメントを用いるもの「３」,・・・白熱フイラメントを用いるもの［３］
uploaded,タイトル変更,G09G 3/01,G09G 3/01,・・・ガス管を用いるもの「３」,・・・ガス管を用いるもの［３］
uploaded,タイトル変更,G09G 3/12,G09G 3/12,・・・エレクトロルミネッセント要素を用いるもの（螢光体スクリーンを有する陰極線管を用いるもの１／００）「３」,・・・エレクトロルミネッセント要素を用いるもの［３］
uploaded,タイトル変更,G09G 3/14,G09G 3/14,・・・・半導体装置，例．ダイオード「３」,・・・・半導体装置，例．ダイオード［３］
uploaded,タイトル変更,G09G 3/16,G09G 3/16,・・独立の光源からの光を制御するもの「３」,・・独立の光源からの光を制御するもの［３］
uploaded,タイトル変更,G09G 3/18,G09G 3/18,・・・液晶を用いるもの「３」,・・・液晶を用いるもの［３］
uploaded,タイトル変更,G09G 3/19,G09G 3/19,・・・エレクトロクロミック装置を使用するもの「５」,・・・エレクトロクロミック装置を使用するもの［５］
uploaded,タイトル変更,G09G 3/02,G09G 3/02,・マトリックス状に配置された個々の要素の組み合わせによりその集合を構成することによって多数の文字の集合，例．１頁，を表示するためのもの「３」,・マトリックス状に配置された個々の要素の組み合わせによりその集合を構成することによって多数の文字の集合，例．１頁，を表示するためのもの［３］
uploaded,タイトル変更,G09G 3/22,G09G 3/22,・・制御された光源を用いるもの「３」,・・制御された光源を用いるもの［３］
uploaded,タイトル変更,G09G 3/24,G09G 3/24,・・・白熱フイラメントを用いるもの「３」,・・・白熱フイラメントを用いるもの［３］
uploaded,タイトル変更,G09G 3/26,G09G 3/26,・・・・移動信号を表わすもの「３」,・・・・移動信号を表わすもの［３］
uploaded,タイトル変更,G09G 3/28,G09G 3/28,・・・発光ガス放電パネル，例．プラズマ，を用いるもの「３」,・・・発光ガス放電パネル，例．プラズマパネル，を用いるもの［３，２０１３．０１］
uploaded,タイトル変更,G09G 3/29,G09G 3/29,・・・・セルフシフトパネルを使用するもの「５」,・・・・・セルフシフトパネルを使用するもの［５］
uploaded,タイトル変更,G09G 3/03,G09G 3/03,・・・エレクトロルミネッセントパネルを用いるもの「３」,・・・エレクトロルミネッセントパネルを用いるもの［３］
uploaded,タイトル変更,G09G 3/32,G09G 3/32,・・・・半導体，例．ダイオード「３」,・・・・半導体，例．ダイオード［３］
uploaded,タイトル変更,G09G 3/34,G09G 3/34,・・独立の光源よりの光の制御によるもの「３」,・・独立の光源よりの光の制御によるもの［３］
uploaded,タイトル変更,G09G 3/36,G09G 3/36,・・・液晶を用いるもの「３」,・・・液晶を用いるもの［３］
uploaded,タイトル変更,G09G 3/38,G09G 3/38,・・・エレクトロクロミック装置を使用するもの「５」,・・・エレクトロクロミック装置を使用するもの［５］
uploaded,タイトル変更,G10D 1/00,G10D 1/00,弦楽器の全体構造，例．バイオリン，ハープ，マンドリン，ギター，バンジョーまたはチター,弦楽器の全体構造（１つまたはそれ以上の鍵盤のある楽器Ｇ１０Ｃ）
uploaded,タイトル変更,G10D 7/00,G10D 7/00,気鳴楽器の全体構造，例．フルート，オカリナ，オーボエ，クラリネット，バグパイプ，サキソフォン，トランペットまたはマウスオルガン（アコーディオンまたはコンセルティーナ１１／００；オルガンまたはハルモニウムＧ１０Ｂ；ホイッスルＧ１０Ｋ）,気鳴楽器の全体構造（アコーディオンまたはコンセルティーナＧ１０Ｄ１１／００；ホイッスルＧ１０Ｋ５／００）
uploaded,タイトル変更,G10D 13/00,G10D 13/00,打楽器，例．ドラム，タンブリン，ティンパニ，カスタネット，シンバル，トライアングル，ゴングまたは板；細部または付属品,打楽器；細部，または付属品
uploaded,タイトル変更,G10D 13/06,G10D 13/06,・カスタネット，シンバル，トライアングルまたは他の単音打楽器（ベルＧ１０Ｋ１／００）,・カスタネット，シンバル，トライアングルまたは他の単音打楽器
uploaded,タイトル変更,G11B 7/24 501,G11B 7/24 501,・・層の材料、形状、構造、物性に特徴のあるもの〔５４１，５５１優先。但し、汎用性のあるものは両方に分類〕,・・層の材料、形状、構造、物性に特徴のあるもの〔５４１，５５１優先。但し、汎用性のあるものは両方に分類〕
uploaded,タイトル変更,G11B 7/24 501 A,G11B 7/24 501 A,電極付きのもの〔５２１，５３３～５４１より優先〕,電極付きのもの〔５２１，５３３～５４１より優先〕
uploaded,タイトル変更,G11B 7/24 501 Z,G11B 7/24 501 Z,その他［←２種類以上の層の膜厚、物性が複合的な関係を有するもの。但し、大小、高低、強弱など単なる上下関係は複合的とみない］,その他［←２種類以上の層の膜厚、物性が複合的な関係を有するもの。但し、大小、高低、強弱など単なる上下関係は複合的とみない］
uploaded,タイトル変更,G11B 7/24 506,G11B 7/24 506,・・・記録層の材料に特徴のあるもの［物性を除き、５２２優先］［Ｂ４１Ｍ５／２６Ｗ，Ｘ，Ｙ参照］［有機材料と無機材料の混合、複合は５１１と５１６の両方に分類］,・・・記録層の材料に特徴のあるもの［物性を除き、５２２優先］［Ｂ４１Ｍ５／２６Ｗ，Ｘ，Ｙ参照］［有機材料と無機材料の混合、複合は５１１と５１６の両方に分類］
uploaded,タイトル変更,G11B 7/24 516,G11B 7/24 516,・・・・有機材料〔←錯体、液晶〕,・・・・有機材料〔←錯体、液晶〕
uploaded,タイトル変更,G11B 7/24 526,G11B 7/24 526,・・・基板の材料に特徴のあるもの〔物性を除き、５３１優先〕〔Ｂ～ＮよりもＰ～Ｕ優先〕,・・・基板の材料に特徴のあるもの〔物性を除き、５３１優先〕〔Ｂ～ＮよりもＰ～Ｕ優先〕
uploaded,タイトル変更,G11B 7/24 526 M,G11B 7/24 526 M,・脂環式炭化水素樹脂を主成分とするもの〔←ノルボルネン系〕,・脂環式炭化水素樹脂を主成分とするもの〔←ノルボルネン系〕
uploaded,タイトル変更,G11B 7/24 526 N,G11B 7/24 526 N,・その他の特定の樹脂を主成分とするもの〔←部分構造のみによる特定〕,・その他の特定の樹脂を主成分とするもの〔←部分構造のみによる特定〕
uploaded,タイトル変更,G11B 7/24 531,G11B 7/24 531,・・・基板の形状、構造、物性に特徴のあるもの〔５７１Ｕ，Ｖ優先〕〔物性よりも材料５２６優先〕,・・・基板の形状、構造、物性に特徴のあるもの〔５７１Ｕ，Ｖ優先〕〔物性よりも材料５２６優先〕
uploaded,タイトル変更,G11B 7/24 531 A,G11B 7/24 531 A,基板が記録層を兼ねるもの〔５２２より優先〕,基板が記録層を兼ねるもの〔５２２より優先〕
uploaded,タイトル変更,G11B 7/24 531 B,G11B 7/24 531 B,基板がトラツク層又はプリフオ－マツト層を兼ねるもの［トラツク、ピツトの形状、構造特徴のあるもの→５６１］［５２２Ｘ，５３８Ｑ～Ｓ参照］,基板がトラツク層又はプリフオ－マツト層を兼ねるもの［トラツク、ピツトの形状、構造特徴のあるもの→５６１］［５２２Ｘ，５３８Ｑ～Ｓ参照］
uploaded,タイトル変更,G11B 7/24 531 C,G11B 7/24 531 C,積層構造のもの［積層構造の基板としてクレ－ムしているものに限る］［表面処理→Ｄ］［５３３～５３８参照］,積層構造のもの［積層構造の基板としてクレ－ムしているものに限る］［表面処理→Ｄ］［５３３～５３８参照］
uploaded,タイトル変更,G11B 7/24 531 E,G11B 7/24 531 E,環状の溝又は凹凸をもつもの、あるいは内外周端部又はその近傍に環状の特殊形状をもつもの［記録溝、トラツク溝は除く］,環状の溝又は凹凸をもつもの、あるいは内外周端部又はその近傍に環状の特殊形状をもつもの［記録溝、トラツク溝は除く］
uploaded,タイトル変更,G11B 7/24 538,G11B 7/24 538,・・・・光吸収層、反射層、反射防止層、熱特性に関する層、秘密保持層、トラツク又はプリフオ－マツト形成層、接着、接合層に特徴のあるもの［Ｋ～Ｎ，Ｔ～Ｘについては、５３３～５３５参照］［（注）Ｂ～Ｈではラストプレ－スル－ルを適用する］,・・・・光吸収層、反射層、反射防止層、熱特性に関する層、秘密保持層、トラツク又はプリフオ－マツト形成層、接着、接合層に特徴のあるもの［Ｋ～Ｎ，Ｔ～Ｘについては、５３３～５３５参照］［（注）Ｂ～Ｈではラストプレ－スル－ルを適用する］
uploaded,タイトル変更,G11B 7/24 538 A,G11B 7/24 538 A,光吸収層に特徴のあるもの〔記録材料層が光吸収層を兼ねるもの→５２２〕〔←光透過率が変化するマスク層〕,光吸収層に特徴のあるもの〔記録材料層が光吸収層を兼ねるもの→５２２〕〔←光透過率が変化するマスク層〕
uploaded,タイトル変更,G11B 7/24 538 C,G11B 7/24 538 C,・層の物性に特徴のあるもの〔←ハ－フミラ－層〕,・層の物性に特徴のあるもの〔←ハ－フミラ－層〕
uploaded,タイトル変更,G11B 7/24 538 D,G11B 7/24 538 D,・特定の材料の選択に特徴のあるもの〔金属、合金という記載は不特定とみる〕,・特定の材料の選択に特徴のあるもの〔金属、合金という記載は不特定とみる〕
uploaded,タイトル変更,G11B 7/24 538 F,G11B 7/24 538 F,・構造に特徴のあるもの,・構造に特徴のあるもの
uploaded,タイトル変更,G11B 7/24 538 G,G11B 7/24 538 G,・再生専用記録担体の反射層,・再生専用記録担体の反射層
uploaded,タイトル変更,G11B 7/24 538 H,G11B 7/24 538 H,・・特定の材料の選択に特徴のあるもの〔金属、合金という記載は不特定とみる〕,・・特定の材料の選択に特徴のあるもの〔金属、合金という記載は不特定とみる〕
uploaded,タイトル変更,G11B 7/24 538 K,G11B 7/24 538 K,熱特性に関する層に特徴のあるもの［Ａ～Ｈ，Ｔ～Ｘ，５２２Ｓ，５３４，５３５優先］［原則として、クレ－ムに熱特性の記載があるもの、又は熱特性のみを目的とするものに限る］［熱可塑性・熱硬化性の熱は対象としない］,熱特性に関する層に特徴のあるもの［Ａ～Ｈ，Ｔ～Ｘ，５２２Ｓ，５３４，５３５優先］［原則として、クレ－ムに熱特性の記載があるもの、又は熱特性のみを目的とするものに限る］［熱可塑性・熱硬化性の熱は対象としない］
uploaded,タイトル変更,G11B 7/24 538 L,G11B 7/24 538 L,・冷却層、放熱層、熱拡散層、高伝熱層〔反射冷却膜、放熱反射層→Ｂ～Ｈ〕,・冷却層、放熱層、熱拡散層、高伝熱層〔反射冷却膜、放熱反射層→Ｂ～Ｈ〕
uploaded,タイトル変更,G11B 7/24 538 M,G11B 7/24 538 M,・断熱層、熱拡散防止層、低伝熱層,・断熱層、熱拡散防止層、低伝熱層
uploaded,タイトル変更,G11B 7/24 538 N,G11B 7/24 538 N,・耐熱層〔耐熱保護層→５３５Ｄ〕,・耐熱層〔耐熱保護層→５３５Ｄ〕
uploaded,タイトル変更,G11B 7/24 538 P,G11B 7/24 538 P,秘密保持層、偽造防止のための層に特徴のあるもの,秘密保持層、偽造防止のための層に特徴のあるもの
uploaded,タイトル変更,G11B 7/24 538 Q,G11B 7/24 538 Q,トラツク又はプリフオ－マツト形成層［５２２Ｙ参照］［記録材料層がトラツク層を兼ねるもの→５２２Ｘ］［基板がトラツク層又はプリフオ－マツト層を兼ねるもの→５３１Ｂ］［トラツク・ピツトの形状、構造に特徴のあるもの→５６１］,トラツク又はプリフオ－マツト形成層［５２２Ｙ参照］［記録材料層がトラツク層を兼ねるもの→５２２Ｘ］［基板がトラツク層又はプリフオ－マツト層を兼ねるもの→５３１Ｂ］［トラツク・ピツトの形状、構造に特徴のあるもの→５６１］
uploaded,タイトル変更,G11B 7/24 541,G11B 7/24 541,・・貼り合わせ型デイスク［基板を複数枚もつものに限る。但し、基板兼用の保護板は基板とみなす］［電極付きのもの→５１０Ａ］［（注）Ｇ～Ｓでは、ラストプレ－スル－ルを適用する］,・・貼り合わせ型デイスク［基板を複数枚もつものに限る。但し、基板兼用の保護板は基板とみなす］［電極付きのもの→５１０Ａ］［（注）Ｇ～Ｓでは、ラストプレ－スル－ルを適用する］
uploaded,タイトル変更,G11B 7/24 541 A,G11B 7/24 541 A,芯合わせ、偏心防止等のための特別な形状、構造をもつもの〔←位置合わせ〕〔Ｂ～Ｓより優先〕〔５７１Ｕ～Ｗ参照〕,芯合わせ、偏心防止等のための特別な形状、構造をもつもの〔←位置合わせ〕〔Ｂ～Ｓより優先〕〔５７１Ｕ～Ｗ参照〕
uploaded,タイトル変更,G11B 7/24 541 B,G11B 7/24 541 B,層の形状、構造、物性、材料に特徴のあるもの〔接着層→Ｇ〕,層の形状、構造、物性、材料に特徴のあるもの〔接着層→Ｇ〕
uploaded,タイトル変更,G11B 7/24 541 C,G11B 7/24 541 C,・記録層に特徴のあるもの,・記録層に特徴のあるもの
uploaded,タイトル変更,G11B 7/24 541 D,G11B 7/24 541 D,・基板に特徴のあるもの〔Ｅ優先〕,・基板に特徴のあるもの〔Ｅ優先〕
uploaded,タイトル変更,G11B 7/24 541 E,G11B 7/24 541 E,・中間基板、又は接着層に挟まれた中間層をもつもの,・中間基板、又は接着層に挟まれた中間層をもつもの
uploaded,タイトル変更,G11B 7/24 551,G11B 7/24 551,・・エア－サンドイツチ型デイスク〔基板兼用の保護板は基板とみなす〕〔Ｇ～ＱよりＡ～Ｄ優先〕,・・エア－サンドイツチ型デイスク〔基板兼用の保護板は基板とみなす〕〔Ｇ～ＱよりＡ～Ｄ優先〕
uploaded,タイトル変更,G11B 7/24 551 A,G11B 7/24 551 A,片面デイスク〔記録層が一層であることを必須要件とするものに限る〕,片面デイスク〔記録層が一層であることを必須要件とするものに限る〕
uploaded,タイトル変更,G11B 7/24 551 B,G11B 7/24 551 B,芯合わせ、偏心防止のための特別な形状、構造をもつもの〔←位置合わせ〕〔５７１Ｕ～Ｗ参照〕,芯合わせ、偏心防止のための特別な形状、構造をもつもの〔←位置合わせ〕〔５７１Ｕ～Ｗ参照〕
uploaded,タイトル変更,G11B 7/24 551 H,G11B 7/24 551 H,・芯材、間隔部材、補強板又はその類似物をもつもの［Ｇ，Ｊ～Ｑより優先］［←記録層を有する基板の両面を、間隔をあけて保護板などで覆つたもの］［←スペ－サ－が間隔部材と同じ位置にあるもの］,・芯材、間隔部材、補強板又はその類似物をもつもの［Ｇ，Ｊ～Ｑより優先］［←記録層を有する基板の両面を、間隔をあけて保護板などで覆つたもの］［←スペ－サ－が間隔部材と同じ位置にあるもの］
uploaded,タイトル変更,G11B 7/24 551 J,G11B 7/24 551 J,接着・接合に特徴のあるもの〔Ｈ優先〕,接着・接合に特徴のあるもの〔Ｈ優先〕
uploaded,タイトル変更,G11B 7/24 561,G11B 7/24 561,・・トラツク・ピツトの形状、構造に特徴のあるもの［識別用情報としてトラツク・ピツトを使用し配置のみに特徴のあるもの→７／００７］［試験、検査、評価のための特別な構造をもつもの→５７１Ｘ］,・・トラツク・ピツトの形状、構造に特徴のあるもの［識別用情報としてトラツク・ピツトを使用し配置のみに特徴のあるもの→７／００７］［試験、検査、評価のための特別な構造をもつもの→５７１Ｘ］
uploaded,タイトル変更,G11B 7/24 563 M,G11B 7/24 563 M,ピットのディスク表面形状に特徴のあるもの〔←トラック対し斜めに長円形ピットを形成するもの〕〔Ｂ優先〕,ピットのディスク表面形状に特徴のあるもの〔←トラックに対し斜めに長円形ピットを形成するもの〕〔Ｂ優先〕
uploaded,タイトル変更,G11B 7/24 571,G11B 7/24 571,・・その他の担体形状、構造又は部品、付属品に特徴のあるもの,・・その他の担体形状、構造又は部品、付属品に特徴のあるもの
uploaded,タイトル変更,G11B 7/24 571 A,G11B 7/24 571 A,識別等のための表示部、情報部をもつもの〔５７２優先〕,識別等のための表示部、情報部をもつもの〔５７２優先〕
uploaded,タイトル変更,G11B 7/24 571 B,G11B 7/24 571 B,記録再生動作に伴う検知又は制御のための構造をもつもの〔例、各種マ－ク〕〔目視判別可能なもの→Ａ〕,記録再生動作に伴う検知又は制御のための構造をもつもの〔例、各種マ－ク〕〔目視判別可能なもの→Ａ〕
uploaded,タイトル変更,G11B 7/24 571 U,G11B 7/24 571 U,芯合わせ、偏心防止等のための特別な形状、構造をもつもの〔←中心孔形成部が担体と同体のもの〕〔５４１Ａ，５５１Ｂ参照〕,芯合わせ、偏心防止等のための特別な形状、構造をもつもの〔←中心孔形成部が担体と同体のもの〕〔５４１Ａ，５５１Ｂ参照〕
uploaded,タイトル変更,G11B 7/24 571 W,G11B 7/24 571 W,・中心孔形成部材（主としてハブ）又はその担体への取付構造・手段に特徴のあるもの〔Ｖ優先〕〔２３／００参照〕,・中心孔形成部材（主としてハブ）又はその担体への取付構造・手段に特徴のあるもの〔Ｖ優先〕〔２３／００参照〕
uploaded,タイトル変更,G11B 7/24 571 X,G11B 7/24 571 X,試験、検査、評価のための特別な構造をもつもの［通常の記録担体として用いるものに限る。但し、必要ならば７／２６にも分類］［テストデイスクは７／２６のみに分類］,試験、検査、評価のための特別な構造をもつもの［通常の記録担体として用いるものに限る。但し、必要ならば７／２６にも分類］［テストデイスクは７／２６のみに分類］
uploaded,タイトル変更,G11B 7/24 572,G11B 7/24 572,・・デイスク以外の特定の形状をもつもの,・・デイスク以外の特定の形状をもつもの
uploaded,タイトル変更,G11B 15/14 Y,G11B 15/14 Y,・ノイズの除去、ＳＮ比の改善、ドロツクアウトの補償,・ノイズの除去、ＳＮ比の改善、ドロツプアウトの補償
uploaded,タイトル変更,G11B 20/18 570 A,G11B 20/18 570 A,前段処理〔記録時の前段階理，再生時は後段処理〕,前段処理〔記録時の前段処理，再生時は後段処理〕
uploaded,タイトル変更,G12B 1/02,G12B 1/02,・複合帯または複合板，例．バイメタル状の（バイメタル要素を用いた温度計Ｇ０１Ｋ５／６２）,・複合帯または複合板，例．バイメタル状の
uploaded,タイトル変更,G12B 1/04,G12B 1/04,・圧力により変形または変位する部分をそなえた中空体，例．ブルドン管，ベローズ（ベローズ一般Ｆ１６Ｊ３／００）,・圧力により変形または変位する部分をそなえた中空体，例．ブルドン管またはベローズ
uploaded,タイトル変更,G12B 3/00,G12B 3/00,他に分類されない可動部の細部（衝撃または振動の緩衝一般Ｆ１６Ｆ；不釣合いな力の除去Ｆ１６Ｆ１５／００；つりあい試験Ｇ０１Ｍ）［１，７］,他に分類されない可動部の細部［１，７］
uploaded,タイトル変更,G12B 3/04,G12B 3/04,・懸垂（軸受Ｆ１６Ｃ）,・懸垂
uploaded,タイトル変更,G12B 3/06,G12B 3/06,・摩擦の影響の軽減，例．振動によるもの（潤滑によるものＦ１６Ｎ）,・摩擦の影響の軽減，例．振動によるもの
uploaded,タイトル変更,G12B 5/00,G12B 5/00,器械または他の装置の，またはその部品の位置または姿勢，例．水平，の調節（水準器それ自体Ｇ０１Ｃ９／００）；傾斜または加速度の影響の補償，例．光学装置のためのもの,器械または他の装置の，またはその部品の位置または姿勢，例．水平，の調節；傾斜または加速度の影響の補償，例．光学装置のためのもの
uploaded,タイトル変更,G12B 9/02,G12B 9/02,・ケーシング；ハウジング；キャビネット（伝達部材の密封装置Ｆ１６Ｊ．特にＦ１６Ｊ１５／５０）,・ケーシング；ハウジング；キャビネット
uploaded,タイトル変更,G12B 13/00,G12B 13/00,器械または装置の較正（測定器の較正Ｇ０１）,器械または装置の較正
uploaded,タイトル変更,G12B 15/00,G12B 15/00,冷却（冷凍装置，例．冷凍液の循環，によるものＦ２５Ｄ；一般的な熱交換器または熱伝達装置の細部Ｆ２８Ｆ）,冷却
uploaded,タイトル変更,G12B 17/00,G12B 17/00,遮へい（建築物の隔離または他の保護Ｅ０４Ｂ；装置の緊急保護一般Ｆ１６Ｐ７／００；音波に関連してＧ１０Ｋ１１／００；核放射線に関連してＧ２１Ｆ）,遮へい
uploaded,タイトル変更,G12B 17/04,G12B 17/04,・紫外線，可視光線，または赤外線からのもの（照明装置の遮へいＦ２１Ｖ；光学フィルターＧ０２Ｂ５／２０）,・紫外線，可視光線，または赤外線からのもの
uploaded,タイトル変更,H01B 1/00,H01B 1/00,導電材料によって特徴づけられる導体または導電物体；導体としての材料の選択（材料によって特徴づけられる超電導または極低温の導体，ケーブル，または伝送線路１２／００；抵抗器Ｈ０１Ｃ；材料によって特徴づけられる，超電導性またはハイパーコンダクティビィティを利用する装置の細部Ｈ０１Ｌ３９／１２）［４］,導電材料によって特徴づけられる導体または導電物体；導体としての材料の選択（材料によって特徴づけられる超電導または極低温の導体，ケーブル，または伝送線路Ｈ０１Ｂ１２／００）［４］
uploaded,タイトル変更,H01B 3/00,H01B 3/00,絶縁材料を特徴とする絶縁体または絶縁物体；絶縁性または誘電性特性に対する材料の選択（圧電または電わい材料の選択Ｈ０１Ｌ４１／００）,絶縁材料を特徴とする絶縁体または絶縁物体；絶縁性または誘電性特性に対する材料の選択
uploaded,タイトル変更,H01B 5/02,H01B 5/02,・単一棒，棹，線または片；母線（相手方部品との接続関連Ｈ０１Ｒ２５／００；母線のレイアウトＨ０２Ｂ１／２０；母線の据付Ｈ０２Ｇ５／００）［１，７］,・単一棒，棹，線または片；母線［１，７］
uploaded,タイトル変更,H01B 5/14,H01B 5/14,・絶縁支持体上に導電層または導電フイルムを有するもの（金属物体上の絶縁層または絶縁フイルム１７／６２）,・絶縁支持体上に導電層または導電フイルムを有するもの
uploaded,タイトル変更,H01B 11/00,H01B 11/00,通信ケーブルまたは導体（導波管Ｈ０１Ｐ）,通信ケーブルまたは導体
uploaded,タイトル変更,H01B 11/02,H01B 11/02,・撚り合わせ対またはカッドをもつケーブル（接続部における転位，交さまたはよりＨ０４Ｂ；大地容量の平衡Ｈ０４Ｂ）,・撚り合わせ対またはカッドをもつケーブル
uploaded,タイトル変更,H01B 11/04,H01B 11/04,・・漏話を減少させるように相互に配置された対またはカッドをもつもの（付加的な容量またはコイルを用いることによる平衡Ｈ０４Ｂ）,・・漏話を減少させるように相互に配置された対またはカッドをもつもの
uploaded,タイトル変更,H01B 11/06,H01B 11/06,・・電磁的または静電的妨害作用を減少する手段をもつもの，例．遮へい（一般の遮へいＨ０５Ｋ９／００）,・・電磁的または静電的妨害作用を減少する手段をもつもの，例．遮へい
uploaded,タイトル変更,H01B 11/12,H01B 11/12,・・特別の伝送特性を示すための構成（装荷コイルそれ自体Ｈ０１Ｆ１７／０８；コイル―装荷回路Ｈ０４Ｂ）,・・特別の伝送特性を示すための構成
uploaded,タイトル変更,H01B 11/16,H01B 11/16,・・・製造工程中に組込まれたコイルまたはその他の装置をもつケーブル，例．海底ケーブル（ケーブル用接続箱Ｈ０２Ｇ１５／１０）,・・・製造工程中に組込まれたコイルまたはその他の装置をもつケーブル，例．海底ケーブル
uploaded,タイトル変更,H01B 11/18,H01B 11/18,・同軸ケーブル；共通の外部導体内に２以上の内部導体を有する類似のケーブル（可聴周波数を著しく越える周波数を処理するのに適当なものＨ０１Ｐ３／０６）,・同軸ケーブル；共通の外部導体内に２以上の内部導体を有する類似のケーブル
uploaded,タイトル変更,H01B 12/00,H01B 12/00,超電導またはハイパーコンダクティブの導体，ケーブル，または伝送線路（セラミック形成技術またはセラミック組成物によって特徴づけられる超電導体Ｃ０４Ｂ３５／００；材料によって特徴づけられる超電導性またはハイパーコンダクティビティを利用する装置の細部Ｈ０１Ｌ３９／１２）［２，４］,超電導またはハイパーコンダクティブの導体，ケーブルまたは伝送線路（セラミック形成技術またはセラミック組成物によって特徴づけられる超電導体Ｃ０４Ｂ３５／００）［２，４］
uploaded,タイトル変更,H01B 17/00,H01B 17/00,形を特徴とする絶縁体または絶縁物体（電車線のための区分碍子Ｂ６０Ｍ１／１８；レール継目の絶縁Ｅ０１Ｂ１１／５４）,形を特徴とする絶縁体または絶縁物体
uploaded,タイトル変更,H01B 17/12,H01B 17/12,・・耐張碍子の特殊な構成（電気接続部からの機械的張力を緩和する装置Ｈ０２Ｇ７／０４）,・・耐張碍子の特殊な構成
uploaded,タイトル変更,H01B 17/28,H01B 17/28,・・蓄電器型（蓄電器Ｈ０１Ｇ）,・・蓄電器型
uploaded,タイトル変更,H01B 17/03,H01B 17/03,・・シーリング（パッキング一般Ｆ１６Ｊ）,・・シーリング
uploaded,タイトル変更,H01B 17/44,H01B 17/44,・・コロナリングを有する碍子の構造上の結合（コロナリングＨ０１Ｔ１９／０２）,・・コロナリングを有する碍子の構造上の結合
uploaded,タイトル変更,H01B 17/46,H01B 17/46,・・外部アーク放電路を提供するもの（スパークギャップ避雷器Ｈ０１Ｔ）,・・外部アーク放電路を提供するもの
uploaded,タイトル変更,H01B 17/58,H01B 17/58,・・その中に導体を通すチューブ，スリーブ，ビーズ，またはボビン（建物内の電線またはケーブルの据え付けのために用いられる保護チューブＨ０２Ｇ３／０４）,・・その中に導体を通すチューブ，スリーブ，ビーズまたはボビン
uploaded,タイトル変更,H01B 17/06,H01B 17/06,・・複合絶縁物体（ケーブルまたは導体７／００，９／００；抵抗Ｈ０１Ｃ；蓄電器Ｈ０１Ｇ）,・・複合絶縁物体
uploaded,タイトル変更,H01B 17/62,H01B 17/62,・・金属体上の絶縁層または絶縁フイルム（絶縁体上の導電層またはフイルム５／１４）,・・金属体上の絶縁層または絶縁フイルム
uploaded,タイトル変更,H01B 17/64,H01B 17/64,・・導電性混合物，挿入物または層を有するもの（絶縁材料中に分散された導電材料を有する導電体５／１６）,・・導電性混合物の挿入物または層を有するもの
uploaded,タイトル変更,H01B 19/02,H01B 19/02,・乾燥（一般Ｆ２６Ｂ）；含浸,・乾燥；含浸
uploaded,タイトル変更,H01C 1/14,H01C 1/14,・抵抗器のために特に適用される端子またはタップポイント（一般Ｈ０１Ｒ）；抵抗器上の端子またはタップポイントの配列,・抵抗器のために特に適用される端子またはタップポイント；抵抗器上の端子またはタップポイントの配列
uploaded,タイトル変更,H01C 13/02,H01C 13/02,・抵抗器の構造的組合せ（インピーダンス回路網Ｈ０３Ｈ）［２］,・抵抗器の構造的組合せ［２］
uploaded,タイトル変更,H01F 3/00,H01F 3/00,コア，ヨークまたはアーマチュア（磁気材料１／００；永久磁石７／０２）,コア，ヨークまたはアーマチュア
uploaded,タイトル変更,H01F 3/08,H01F 3/08,・粉末から作られたもの（薄板上３／０２，帯またはリボン上３／０４，線条上３／０６に粉末を被覆するもの）,・粉末から作られたもの
uploaded,タイトル変更,H01F 10/00,H01F 10/00,磁性薄膜，例．１磁区構造のもの（磁気記録担体Ｇ１１Ｂ５／００；磁性薄膜記憶Ｇ１１Ｃ）,磁性薄膜，例．１磁区構造のもの
uploaded,タイトル変更,H01F 10/12,H01F 10/12,・・・金属または合金（金属間化合物１０／１８）［３］,・・・金属または合金［３］
uploaded,タイトル変更,H01F 13/00,H01F 13/00,磁化または減磁のための装置または工程（船を消磁するためのものＢ６３Ｇ９／０６；掛け時計または腕時計用Ｇ０４Ｄ９／００；カラーテレビジョン用減磁装置Ｈ０４Ｎ９／２９）,磁化または減磁のための装置または工程
uploaded,タイトル変更,H01F 17/00,H01F 17/00,信号用の固定インダクタンス（一般的なコイル５／００）,信号用の固定インダクタンス
uploaded,タイトル変更,H01F 19/04,H01F 19/04,・可聴範囲を著しく越える周波数を取り扱うのに適する変成器または相互インダクタンス（共振回路Ｈ０３Ｈ）,・可聴範囲を著しく越える周波数を取り扱うのに適する変成器または相互インダクタンス
uploaded,タイトル変更,H01F 29/14,H01F 29/14,・可変磁気バイアスをもつもの（磁気増幅器Ｈ０３Ｆ）,・可変磁気バイアスをもつもの
uploaded,タイトル変更,H01F 36/00,H01F 36/00,超電導巻線または低温で動作する巻線を有する変成器（超電導磁石または超電導コイル６／００）［３］,超電導巻線または低温で動作する巻線を有する変成器［３］
uploaded,タイトル変更,H01F 41/02,H01F 41/02,・コア，コイルまたは磁石を製造するためのもの（４１／１４が優先；回転電機用Ｈ０２Ｋ１５／００）［３］,・コア，コイルまたは磁石を製造するためのもの（Ｈ０１Ｆ４１／１４が優先）［３］
uploaded,タイトル変更,H01F 41/08,H01F 41/08,・・・・それ自体で閉じているコアまたは巻型への導体の巻回または導体の挿通，例．トロイド（デジタル記憶素子を相互結合するためのものはＧ１１Ｃ５／１２）,・・・・それ自体で閉じているコアまたは巻型への導体の巻回または導体の挿通，例．トロイド
uploaded,タイトル変更,H01F 41/01,H01F 41/01,・・・巻線へのリード接続（一般の電気的接続Ｈ０１Ｒ４３／００）,・・・巻線へのリード接続
uploaded,タイトル変更,H01F 41/12,H01F 41/12,・・・巻線の絶縁（一般の導体の絶縁Ｈ０１Ｂ１３／０６）,・・・巻線の絶縁
uploaded,タイトル変更,H01F 41/14,H01F 41/14,・基体に磁性膜を適用するためのもの（一般的な金属の被覆または金属材料を被覆するものＣ２３Ｃ；記録担体の製造Ｇ１１Ｂ５／８４）［３］,・基体に磁性膜を適用するためのもの［３］
uploaded,タイトル変更,H01G 13/04,H01G 13/04,・乾燥（一般的なものＦ２６Ｂ）；含浸［２］,・乾燥；含浸［２］
uploaded,タイトル変更,H01J 3/26,H01J 3/26,・（荷電）粒子線またはビームを偏向させる装置（のこぎり波パルスまたはその他の波形の偏向電圧または電流を発生するための回路装置Ｈ０３Ｋ）,・（荷電）粒子線またはビームを偏向させる装置
uploaded,タイトル変更,H01J 5/04,H01J 5/04,・・うつわまたは容器の材料に特徴のあるもの（被覆材料の選択５／０８）,・・うつわまたは容器の材料に特徴のあるもの
uploaded,タイトル変更,H01J 5/16,H01J 5/16,・・構造上，容器と構造的に結合した光学または写真装置（ルミネッセント被覆１／６２）,・・構造上，容器と構造的に結合した光学または写真装置
uploaded,タイトル変更,H01J 5/48,H01J 5/48,・管またはランプを支持するための部品を形成する手段（電気的接続手段と関連のあるもの５／５０）,・管またはランプを支持するための部品を形成する手段
uploaded,タイトル変更,H01J 5/05,H01J 5/05,・電気的接続を行うための管またはランプの部分を形成する手段（管またはランプを支持するのに適したホルダであって，管またはランプの部分を形成していない電気的接続手段Ｈ０１Ｒ３３／００）,・電気的接続を行うための管またはランプの部分を形成する手段
uploaded,タイトル変更,H01J 7/02,H01J 7/02,・ガス封入物の物質の選択；特定の動作圧力，温度（放射性の封入物７／４０）,・ガス封入物の物質の選択；特定の動作圧力，温度
uploaded,タイトル変更,H01J 7/24,H01J 7/24,・冷却装置（主電極用１／０２）；加熱装置（主電極用１／０２）；ガスまたは蒸気を放電空間内で循環させる手段,・冷却装置；加熱装置；ガスまたは蒸気を放電空間内で循環させる手段
uploaded,タイトル変更,H01J 7/03,H01J 7/03,・起動装置（回路装置Ｈ０２Ｍ１／０２，Ｈ０５Ｂ）,・起動装置
uploaded,タイトル変更,H01J 11/00,H01J 11/00,放電の交流電流誘導を有するガス入り放電管，例．ＡＣ－ＰＤＰｓ　［Ａｌｔｅｒｎａｔｉｎｇ　Ｃｕｒｒｅｎｔ　Ｐｌａｓｍａ　Ｄｉｓｐｌａｙ　Ｐａｎｅｌｓ］（ＰＤＰを駆動させる回路または方法Ｇ０９Ｇ３／２８）；うつわ内に主電極をもたないガス入り放電管；うつわ外に少なくとも１つの主電極をもつガス入り放電管（放電ランプＨ０１Ｊ６５／００）［１，２０１２．０１］,放電の交流電流誘導を有するガス入り放電管，例．ＡＣ－ＰＤＰｓ　［Ａｌｔｅｒｎａｔｉｎｇ　Ｃｕｒｒｅｎｔ　Ｐｌａｓｍａ　Ｄｉｓｐｌａｙ　Ｐａｎｅｌｓ］（ＰＤＰを駆動させる回路または方法Ｇ０９Ｇ３／２８）；うつわ内に主電極をもたないガス入り放電管；うつわ外に少なくとも１つの主電極をもつガス入り放電管［１，２０１２．０１］
uploaded,タイトル変更,H01J 13/00,H01J 13/00,液溜陰極をもつ電子管，例．金属蒸気整流管（ランプ６１／００）,液溜陰極をもつ電子管，例．金属蒸気整流管
uploaded,タイトル変更,H01J 13/16,H01J 13/16,・・・陽極；放電維持用の補助陽極（スクリーン１３／２２）,・・・陽極；放電維持用の補助陽極
uploaded,タイトル変更,H01J 13/34,H01J 13/34,・・起動装置（回路装置Ｈ０２Ｍ１／０２）,・・起動装置
uploaded,タイトル変更,H01J 13/44,H01J 13/44,・・逆弧の防止または除去のための装置（そのためのスクリーン１３／２２）,・・逆弧の防止または除去のための装置
uploaded,タイトル変更,H01J 15/00,H01J 15/00,ガス状陰極をもつガス入り電子管，例．プラズマ陰極（ランプ６１／６２）,ガス状陰極をもつガス入り電子管，例．プラズマ陰極
uploaded,タイトル変更,H01J 17/00,H01J 17/00,固体陰極をもつガス入り電子管（２５／００，２７／００，３１／００から４１／００が優先；ガスまたは蒸気放電ランプ６１／００；ガス入りスパークギャップＨ０１Ｔ；マルクス変換器Ｈ０２Ｍ７／２６；ガス流中に運ばれる電荷によって電位差を発生せしめる管Ｈ０２Ｎ）,固体陰極をもつガス入り電子管（Ｈ０１Ｊ２５／００，Ｈ０１Ｊ２７／００，Ｈ０１Ｊ３１／００～Ｈ０１Ｊ４１／００が優先；ガス入りスパークギャップＨ０１Ｔ；マルクス変換器Ｈ０２Ｍ７／２６）
uploaded,タイトル変更,H01J 17/02,H01J 17/02,・・ガス封入物の物質の選択；特定の動作圧力または温度（放射性封入物１７／３２）［１，２０１２．０１］,・・ガス封入物の物質の選択；特定の動作圧力または温度［１，２０１２．０１］
uploaded,タイトル変更,H01J 17/38,H01J 17/38,・冷陰極管（ＴＲボックス１７／６４）,・冷陰極管
uploaded,タイトル変更,H01J 17/04,H01J 17/04,・・１つの陰極と１つの陽極をもつもの，例．グロー放電管，同調指示グロー放電管，定電圧放電管，電圧指示管（陰極グロー放電ランプ６１／６４）,・・１つの陰極と１つの陽極をもつもの，例．グロー放電管，同調指示グロー放電管，定電圧放電管または電圧指示管
uploaded,タイトル変更,H01J 17/49,H01J 17/49,・・・表示パネル，例．交差電極を有するもの（個々のランプの組合わせにより表示を行なうガス放電型指示装置Ｇ０９Ｆ９／３１３）［３，２０１２．０１］,・・・表示パネル，例．交差電極を有するもの［３，２０１２．０１］
uploaded,タイトル変更,H01J 17/05,H01J 17/05,・熱陰極放電管（ＴＲボックス１７／６４）,・熱陰極放電管
uploaded,タイトル変更,H01J 21/00,H01J 21/00,真空管（２５／００，３１／００から４０／００，４３／００，４７／００，４９／００，が優先；真空管の細部１９／００；陰極線または電子流ランプ６３／００）,真空管（Ｈ０１Ｊ２５／００，Ｈ０１Ｊ３１／００～Ｈ０１Ｊ４０／００，Ｈ０１Ｊ４３／００，４７／００，４９／００が優先；真空管の細部Ｈ０１Ｊ１９／００）
uploaded,タイトル変更,H01J 21/02,H01J 21/02,・２以上の放電通路を有する管；複合管，例．双２極管，３極，６極管（２次電子放射管，電子増幅管４３／００）,・２以上の放電通路を有する管；複合管，例．双２極管または３極管－６極管
uploaded,タイトル変更,H01J 23/16,H01J 23/16,・分布容量と分布インダクタンスを有し，構造的に管と結合され放電と相互作用をする回路素子（分布キャパシタンスと分布インダクタンスを有する回路素子で一般的なものＨ０１Ｐ）,・分布容量と分布インダクタンスを有し，構造的に管と結合され放電と相互作用をする回路素子
uploaded,タイトル変更,H01J 25/02,H01J 25/02,・変調区間で速度または密度変調されその後誘導区間でエネルギーを放出する電子流のある真空管で，上記両区間は１またはそれ以上の共振器と結合しているもの（空隙間に進行波があらわれるような管２５／３４）,・変調区間で速度または密度変調されその後誘導区間でエネルギーを放出する電子流のある真空管で，上記両区間は１またはそれ以上の共振器と結合しているもの
uploaded,タイトル変更,H01J 25/54,H01J 25/54,・・・単一の空胴または他の共振器を有するもの，例．ニュートロード管（集成共振器を有するもの２５／５８）,・・・単一の空胴または他の共振器を有するもの，例．ニュートロード管
uploaded,タイトル変更,H01J 25/74,H01J 25/74,・走行時間２極管発振器として動作するように特別に設計された管，例．モノトロン（２次電子放射のあるもの２５／７６）,・走行時間２極管発振器として動作するように特別に設計された管，例．モノトロン
uploaded,タイトル変更,H01J 27/02,H01J 27/02,・イオン源；イオン銃（粒子を取り扱う，例．集束するための装置Ｇ２１Ｋ１／００；密閉されていないガスに導入するためのイオンの発生Ｈ０１Ｔ２３／００；プラズマの発生Ｈ０５Ｈ１／２４）［３］,・イオン源；イオン銃［３］
uploaded,タイトル変更,H01J 27/01,H01J 27/01,・・・デユプラズマトロン（粒子加速器用Ｈ０５Ｈ７／００）［３］,・・・デユプラズマトロン［３］
uploaded,タイトル変更,H01J 29/04,H01J 29/04,・・陰極（電子銃２９／４８）,・・陰極
uploaded,タイトル変更,H01J 29/08,H01J 29/08,・・像またはパターンが形成され，捕捉され，変換されまたは蓄積されるスクリーンに密接に関係している電極，例．蓄積管の２次電子収集のための背板（色切り換えのための装置２９／８０）,・・像またはパターンが形成され，捕捉され，変換されまたは蓄積されるスクリーンに密接に関係している電極，例．２次電子収集ための蓄積管または陰極用の背板
uploaded,タイトル変更,H01J 29/07,H01J 29/07,・・電子線またはビームを偏向する装置（のこぎり波パルスまたは他の偏向電圧または電流を発生する回路装置Ｈ０３Ｋ）,・・電子線またはビームを偏向する装置
uploaded,タイトル変更,H01J 29/81,H01J 29/81,・・・シャドウマスクを用いるもの（シャドウマスクそれ自体２９／０７）［３］,・・・シャドウマスクを用いるもの［３］
uploaded,タイトル変更,H01J 29/84,H01J 29/84,・望ましくない粒子たとえば陰イオン，周縁電子除去または逸脱させるためのトラップ；速度または質量の選別装置（粒子分光器または粒子分離管４９／００）,・望ましくない粒子たとえば陰イオンまたは周縁電子除去または逸脱させるためのトラップ；速度または質量の選別装置
uploaded,タイトル変更,H01J 29/88,H01J 29/88,・・それらの壁上に被覆のあるもの；被覆の材料の選択（ルミネッセントスクリーン２９／１８）,・・それらの壁上に被覆のあるもの；被覆の材料の選択
uploaded,タイトル変更,H01J 29/92,H01J 29/92,・電気的接続のため管の部品を形成する手段（接続子の構造Ｈ０１Ｒ）,・電気的接続のため管の部品を形成する手段
uploaded,タイトル変更,H01J 31/00,H01J 31/00,陰極線管；電子ビーム管（２５／００，３３／００，３５／００，３７／００が優先；陰極線管または電子ビーム管の細部２９／００；陰極線または電子流ランプ６３／００）,陰極線管；電子ビーム管（Ｈ０１Ｊ２５／００，Ｈ０１Ｊ３３／００，Ｈ０１Ｊ３５／００，Ｈ０１Ｊ３７／００が優先；陰極線管または電子ビーム管の細部Ｈ０１Ｊ２９／００）
uploaded,タイトル変更,H01J 35/00,H01J 35/00,Ｘ線管（Ｘ線レーザＨ０１Ｓ４／００；Ｘ線技術一般Ｈ０５Ｇ）,Ｘ線管
uploaded,タイトル変更,H01J 37/00,H01J 37/00,放電にさらされる物体または材料を導入する設備を有する電子管，例，その試験や処理をするためのもの（３３／００，４０／００，４１／００，４７／００，４９／００が優先；走査プローブ技術または装置Ｇ０１Ｑ；電子ビームを用いた，電子回路の非接触試験Ｇ０１Ｒ３１／３０５）［２，５］,放電にさらされる物体または材料を導入する設備を有する電子管，例，その試験や処理をするためのもの（Ｈ０１Ｊ３３／００，Ｈ０１Ｊ４０／００，Ｈ０１Ｊ４１／００，Ｈ０１Ｊ４７／００，Ｈ０１Ｊ４９／００が優先）［２，５］
uploaded,タイトル変更,H01J 37/02,H01J 37/02,・・物体または材料を支持しまたは位置づける手段；支持体に関連した隔膜壁またはレンズを調節する手段（調査用標本の調整Ｇ０１Ｎ１／２８）,・・物体または材料を支持しまたは位置づける手段；支持体に関連した隔膜壁またはレンズを調節する手段
uploaded,タイトル変更,H01J 37/248,H01J 37/248,・・高電圧共給と組合わせられた構成要素（高電圧一般Ｈ０２Ｊ，Ｈ０２Ｍ）［３］,・・高電圧共給と組合わせられた構成要素［３］
uploaded,タイトル変更,H01J 37/252,H01J 37/252,・電子またはイオンによるスポット分析のための管；マイクロアナライザー（それによる調査または分析Ｇ０１Ｎ２３／２２）［３］,・電子またはイオンによるスポット分析のための管；マイクロアナライザー［３］
uploaded,タイトル変更,H01J 37/28,H01J 37/28,・・走査ビームを有するもの（走査ビームを用いるマイクロアナライザー３７／２５６）,・・走査ビームを有するもの
uploaded,タイトル変更,H01J 40/00,H01J 40/00,ガスの電離を含まない光電管（４９／００が優先；陰極線管またはイメージピックアップ管３１／２６）［３］,ガスの電離を含まない光電管（Ｈ０１Ｊ４９／００が優先）［３］
uploaded,タイトル変更,H01J 40/18,H01J 40/18,・・管の感度に影響を与えるルミネッセント被覆を有するもの，例．入力波長を変換することによるもの（像変換または像増幅管３１／５０）［３］,・・管の感度に影響を与えるルミネッセント被覆を有するもの，例．入力波長を変換することによるもの［３］
uploaded,タイトル変更,H01J 41/00,H01J 41/00,ガスの圧力を測定するための放電管およびそれに不可欠な手段（このような管を用いる真空計システムＧ０１Ｌ２１／３０）；イオンの拡散により排気するための放電管,ガスの圧力を測定するための放電管およびそれに不可欠な手段；イオンの拡散により排気するための放電管
uploaded,タイトル変更,H01J 43/00,H01J 43/00,二次電子放出管；電子増幅管（動的電子増幅管２５／７６；原子核放射線またはＸ線の測定のための二次放射検出器Ｇ０１Ｔ１／２８）,二次電子放出管；電子増幅管（動的電子増幅管２５／７６）
uploaded,タイトル変更,H01J 43/01,H01J 43/01,・・・２次電子放出電極（４３／２４，４３／２６が優先，２次電子放出電極一般１／３２）,・・・２次電子放出電極（Ｈ０１Ｊ４３／２４，Ｈ０１Ｊ４３／２６が優先）
uploaded,タイトル変更,H01J 47/04,H01J 47/04,・・容量型電離箱，例．電位計として用いられる電極（静電式線量計一般Ｇ０１Ｔ１／１４）［３］,・・容量型電離箱，例．電位計として用いられる電極［３］
uploaded,タイトル変更,H01J 49/00,H01J 49/00,粒子分光器または粒子分離管（ガスの圧力を測定するためのもの４１／１０）［３］,粒子分光器または粒子分離管［３］
uploaded,タイトル変更,H01J 49/26,H01J 49/26,・質量分光器または質量分離管（これらの管を用いるアイソトープ分離Ｂ０１Ｄ５９／４４；カラム・クロマトグラフィに特に適した質量分析計Ｇ０１Ｎ３０／７２）［３］,・質量分光器または質量分離管［３］
uploaded,タイトル変更,H01J 61/00,H01J 61/00,ガスまたは蒸気放電ランプ（回路Ｈ０５Ｂ；消耗する電極をもつアーク灯Ｈ０５Ｂ；エレクトロルミネッセント灯Ｈ０５Ｂ；ミルク製品の殺菌に使用されるものＡ２３Ｃ；医療の目的に使用されるものＡ６１Ｎ５／００；水を消毒するために使用されるものＣ０２Ｆ３／００；照明のため使用されるものＦ２１；）,ガス放電または蒸気放電ランプ（消耗する電極をもつアーク灯Ｈ０５Ｂ；エレクトロルミネッセント灯Ｈ０５Ｂ）
uploaded,タイトル変更,H01J 61/44,H01J 61/44,・・・・ルミネッセント材料によって特徴づけられる装置（ルミネッセント材料Ｃ０９Ｋ１１／００）,・・・・ルミネッセント材料によって特徴づけられる装置
uploaded,タイトル変更,H01J 61/54,H01J 61/54,・・点弧装置，例．始動のためイオン化を促進するもの（回路装置Ｈ０５Ｂ）,・・点弧装置，例．始動のためイオン化を促進するもの
uploaded,タイトル変更,H01J 61/64,H01J 61/64,・陰極グローランプ（同調または電圧指示器として設計されたもの１７／４０）,・陰極グローランプ
uploaded,タイトル変更,H01J 61/96,H01J 61/96,・共通外囲器内に光を放射する放電路および別に加熱された白熱体をもつランプ，例．擬似昼光用（非発光放電によってのみ加熱されるフィラメントをもつランプＨ０１Ｋ）,・共通外囲器内に光を放射する放電路および別に加熱された白熱体をもつランプ，例．擬似昼光用
uploaded,タイトル変更,H01J 63/00,H01J 63/00,陰極線または電子流ランプ（フライングスポット管３１／１０；マジックアイ調整指示器３１／１４；陰極線または電子流によって加熱される白熱体をもつランプＨ０１Ｋ）,陰極線または電子流ランプ
uploaded,タイトル変更,H01K 1/22,H01K 1/22,・・ステム（貫通リード線の封止１／３８）,・・ステム
uploaded,タイトル変更,H01K 1/42,H01K 1/42,・ランプへの電気的接続またはランプの支持を目的とした部品の形成手段（ランプの支持に適合するホルダであって，ランプの部分を形成していない電気的接続手段Ｈ０１Ｒ３３／００）,・ランプへの電気的接続またはランプの支持を目的とした部品の形成手段
uploaded,タイトル変更,H01K 3/00,H01K 3/00,白熱ランプまたはその部品の製造，取り付け，除去，保守に適用する装置または製法（ガラス容器の製造Ｃ０３Ｂ）,白熱ランプまたはその部品の製造，取り付け，除去，保守に適用する装置または製法
uploaded,タイトル変更,H01K 9/00,H01K 9/00,別々に加熱される２以上の白熱体をもつランプ（１１／００，１３／００が優先；複数個のランプの組合せによる白熱フイラメント形指示装置Ｇ０９Ｆ９／３０７）,別々に加熱される２以上の白熱体をもつランプ（Ｈ０１Ｋ１１／００，Ｈ０１Ｋ１３／００が優先）
uploaded,タイトル変更,H01L 21/302 400,H01L 21/302 400,・・・・・・その他［原則的に使用しない：プラズマエッチングで適当なＦＩがなければ、Ｈ０１Ｌ２１／３０２，１０１に付与、イオンビームなどで適当なＦＩがなければ、Ｈ０１ｌ２１／３０２，２０１に付与］,・・・・・・その他［原則的に使用しない：プラズマエッチングで適当なＦＩがなければ、Ｈ０１Ｌ２１／３０２，１０１に付与、イオンビームなどで適当なＦＩがなければ、Ｈ０１Ｌ２１／３０２，２０１に付与］
uploaded,タイトル変更,H01L 41/00,H01L 41/00,圧電装置；電歪装置；磁歪装置；それらの装置またはその部品の製造または処理に特有な方法または装置；それらの装置の細部（１つの共通基板内または上に形成された複数の固体構成部品からなる装置２７／００；測定用感知素子としての変換器の使用Ｇ０１，Ｇ０４；電気―機械共振器Ｈ０３Ｈ；電気通信用の磁歪変換器Ｈ０４Ｒ１５／００；電気通信用の圧電または電歪変換器Ｈ０４Ｒ１７／００）［２］,圧電装置一般；電歪装置一般；磁歪装置一般；それらの装置またはその部品の製造または処理に特に適用される方法または装置；それらの装置の細部（１つの共通基板内または上に形成された複数の固体構成部品からなる装置Ｈ０１Ｌ２７／００）［２，２０１３．０１］
uploaded,タイトル変更,H01L 41/02,H01L 41/02,・細部,・細部［２］
uploaded,タイトル変更,H01L 41/04,H01L 41/04,・・圧電または電歪装置のもの［２］,・・圧電または電歪素子のもの［２］
uploaded,タイトル変更,H01L 41/06,H01L 41/06,・・磁歪装置のもの［２］,・・磁歪素子のもの［２］
uploaded,タイトル変更,H01L 41/08,H01L 41/08,・圧電または電歪装置［２］,・圧電または電歪素子［２］
uploaded,タイトル変更,H01L 41/12,H01L 41/12,・磁歪装置［２］,・磁歪素子［２］
uploaded,タイトル変更,H01L 41/16,H01L 41/16,・材料の選択,・材料の選択［２］
uploaded,タイトル変更,H01L 41/18,H01L 41/18,・・圧電または電歪装置用［２］,・・圧電または電歪素子用［２］
uploaded,タイトル変更,H01L 41/02,H01L 41/02,・・磁歪装置用［２］,・・磁歪素子用［２］
uploaded,タイトル変更,H01L 41/22,H01L 41/22,・これらの装置またはその部品の製造または処理に特有な方法または装置（それらに特有でないもの２１／００）,・圧電または電歪装置またはその部品の組み立て，製造または処理に特に適用される方法または装置［２，２０１３．０１］
uploaded,タイトル変更,H01S 5/026,H01S 5/026,・・モノリシックに集積された複数の構成，例．導波管，モニター用フォトディテクター，駆動素子（出力の安定化５／０６；ライトガイドを光学－電気素子に結合するものＧ０２Ｂ６／４２；共通の基板上または基板内に形成された複数個の半導体または他の固体部品を含む装置，光の放出に特に適したものＨ０１Ｌ２７／１５）［７］,・・モノリシックに集積された複数の構成，例．導波管，モニター用フォトデテクターまたは駆動素子（出力の安定化Ｈ０１Ｓ５／０６）［７］
uploaded,タイトル変更,H01S 5/06,H01S 5/06,・レーザ出力パラメータの制御，例．活性媒質を制御することによるもの（光を使用する伝送システムＨ０４Ｂ１０／００）［７］,・レーザ出力パラメータの制御，例．活性媒質を制御することによるもの［７］
uploaded,タイトル変更,H01S 5/36,H01S 5/36,・・有機材料からなるもの（色素レーザー３／２１３）［８］,・・有機材料からなるもの［８］
uploaded,タイトル変更,H01S 5/05,H01S 5/05,・５／０２～５／３０に分類されない増幅器の構造（伝送方式における中継局Ｈ０４Ｂ１０／１７）［７］,・５／０２～５／３０に分類されない増幅器の構造［７］
uploaded,タイトル変更,H02K 1/00,H02K 1/00,磁気回路の細部（一般の磁気回路または磁石，電力用変圧器の磁気回路Ｈ０１Ｆ；継電器の磁気回路Ｈ０１Ｈ５０／１６）,磁気回路の細部（継電器の磁気回路Ｈ０１Ｈ５０／１６）
uploaded,タイトル変更,H02K 1/04,H02K 1/04,・磁気回路またはその部分の絶縁材料を特徴とするもの（巻線絶縁３／３０）,・磁気回路またはその部分の絶縁材料を特徴とするもの
uploaded,タイトル変更,H02K 3/00,H02K 3/00,巻線の細部（線輪一般Ｈ０１Ｆ５／００）,巻線の細部
uploaded,タイトル変更,H02K 3/02,H02K 3/02,・導電材料を特徴とするもの（導体一般Ｈ０１Ｂ１／００，Ｈ０１Ｂ５／００）,・導電材料を特徴とするもの
uploaded,タイトル変更,H02K 3/03,H02K 3/03,・絶縁材料を特徴とする巻線（絶縁体一般Ｈ０１Ｂ３／００，Ｈ０１Ｂ１７／００）,・絶縁材料を特徴とする巻線
uploaded,タイトル変更,H02K 5/00,H02K 5/00,外箱；外枠；支持体（電気器具の外箱一般Ｈ０５Ｋ５／００）,外箱；外枠；支持体
uploaded,タイトル変更,H02K 5/132,H02K 5/132,・・・潜水電動機（５／１２８が優先；潜水用のポンプ装置または系Ｆ０４Ｄ１３／０８）［３］,・・・潜水電動機（Ｈ０２Ｋ５／１２８が優先）［３］
uploaded,タイトル変更,H02K 7/065,H02K 7/065,・・電気一機械的振動装置；振動磁石装置（時計用Ｇ０４Ｃ５／００）［３］,・・電気－機械的振動装置；振動磁石装置［３］
uploaded,タイトル変更,H02K 7/08,H02K 7/08,・軸受との構造的結合（外箱による支持５／１６）,・軸受との構造的結合
uploaded,タイトル変更,H02K 7/14,H02K 7/14,・機械的負荷，例．可搬工具，ファン，との結合（電機の冷却用ファンまたはプロペラ９／０６；真空掃除機Ａ４７Ｌ）,・機械的負荷，例．可搬工具またはファン，との構造的結合（電機の冷却用ファンまたはプロペラＨ０２Ｋ９／０６）
uploaded,タイトル変更,H02K 7/18,H02K 7/18,・機械的駆動原動機，たとえばタービンと発電機の結合（原動機に要旨のあるものはセクションＦの関連する箇所，例．Ｆ０３Ｂ１３／００，を参照）,・機械的駆動原動機，例．タービン，と発電機の構造的結合
uploaded,タイトル変更,H02K 7/02,H02K 7/02,・補助的な発電機，電動機との構造的結合，例．始動電動機を用いるもの，励磁機を用いるもの,・補助的な発電機，電動機，例．始動電動機または励磁機，との構造的結合
uploaded,タイトル変更,H02K 9/24,H02K 9/24,・冷却装置の故障に対する保護，例．冷却媒体の喪失，冷却媒体の循環中断のためのもの（この様な保護を行なう回路装置Ｈ０２Ｈ７／００）,・冷却装置の故障，例．冷却媒体の喪失または冷却媒体の循環中断によるもの，に対する保護
uploaded,タイトル変更,H02K 9/28,H02K 9/28,・整流子，集電環または刷子の冷却，例．換気によるもの（集電子一般Ｈ０１Ｒ３９／００）,・整流子，集電環または刷子の冷却，例．換気によるもの
uploaded,タイトル変更,H02K 15/00,H02K 15/00,電機の製造，組立，保守または修理するのに特に適した方法あるいは器具（集電装置の製造一般Ｈ０１Ｒ４３／００）,電機の製造，組立，保守または修理するのに特に適した方法あるいは器具
uploaded,タイトル変更,H02K 15/04,H02K 15/04,・巻線に関するもの，電機に組み込む以前のもの（巻線を絶縁するもの１５／１０，１５／１２；コイル製造一般Ｈ０１Ｆ４１／０２）,・巻線に関するもの，電機に組み込む以前のもの（巻線を絶縁するものＨ０２Ｋ１５／１０，Ｈ０２Ｋ１５／１２）
uploaded,タイトル変更,H02K 15/16,H02K 15/16,・固定子中への回転子の心出し；回転子の平衡（平衡一般Ｇ０１Ｍ）,・固定子中への回転子の心出し；回転子の平衡
uploaded,タイトル変更,H02K 17/03,H02K 17/03,・・電動機の特性変化あるいは制御する電気的補助装置との構造的結合，例．インピーダンス，スイッチとの結合（電動機の外部の制御装置Ｈ０２Ｐ）,・・電動機の特性に影響するあるいは電動機を制御する電気的補助装置との構造的結合，例．インピーダンスまたはスイッチとの結合
uploaded,タイトル変更,H02K 17/32,H02K 17/32,・・機械的補助装置との構造的結合，例．クラッチ，ブレーキとの結合（電動機の外部の制御装置Ｈ０２Ｐ）,・・機械的補助装置との構造的結合，例．クラッチまたはブレーキとの結合
uploaded,タイトル変更,H02K 17/34,H02K 17/34,・・他の電動機または変換機と非同期電動機との縦続装置（縦続装置の制御Ｈ０２Ｐ）,・・他の電動機または変換機と非同期電動機との縦続装置
uploaded,タイトル変更,H02K 17/04,H02K 17/04,・・・回転変流機をもつもの（縦続変流機４７／０６）,・・・回転変流機をもつもの
uploaded,タイトル変更,H02K 19/36,H02K 19/36,・・発電機の特性変化あるいは制御する電気的補助装置との構造的結合，例．インピーダンス，スイッチとの結合（発電機の外部制御装置Ｈ０２Ｐ）,・・発電機の特性に影響するあるいは発電機を制御する電気的補助装置との構造的結合，例．インピーダンスまたはスイッチとの結合
uploaded,タイトル変更,H02K 21/00,H02K 21/00,永久磁石を有する同期電動機；永久磁石を有する同期発電機（永久磁石付固定子鉄心１／１７；永久磁石付回転子鉄心１／２７）,永久磁石を有する同期電動機；永久磁石を有する同期発電機
uploaded,タイトル変更,H02K 23/66,H02K 23/66,・特性変化あるいは制御する電気的補助装置との構造的結合，例．インピーダンス，スイッチとの結合（外部制御装置Ｈ０２Ｐ）,・電機の特性に影響するあるいは電機を制御する電気的補助装置との構造的結合，例．インピーダンスまたはスイッチとの結合
uploaded,タイトル変更,H02K 23/68,H02K 23/68,・機械的補助装置との構造的結合，例．クラッチ，ブレーキとの結合（外部制御装置Ｈ０２Ｐ）,・機械的補助装置との構造的結合，例．クラッチまたはブレーキとの結合
uploaded,タイトル変更,H02K 27/00,H02K 27/00,機械的整流子を有する交流整流子電動機または発電機（交直両用電動機２３／６４）,機械的整流子を有する交流整流子電動機または発電機
uploaded,タイトル変更,H02K 27/28,H02K 27/28,・特性変化あるいは制御する電気的補助装置との構造的結合（外部制御装置Ｈ０２Ｐ）,・電機の特性に影響するあるいは電機を制御する電気的補助装置との構造的結合
uploaded,タイトル変更,H02K 27/03,H02K 27/03,・機械的補助装置との構造的結合，例．クラッチ，ブレーキとの結合（外部制御装置Ｈ０２Ｐ）,・機械的補助装置との構造的結合，例．クラッチまたはブレーキとの結合
uploaded,タイトル変更,H02K 49/00,H02K 49/00,電動クラッチ；電動ブレーキ（電気的または磁気的に作動するクラッチまたはブレーキＦ１６Ｄ２７／００，Ｆ１６Ｄ２９／００，Ｆ１６Ｄ６５／２８；磁性粒子クラッチＦ１６Ｄ３７／０２；動力計として適しているものＧ０１Ｌ）,電動クラッチ；電動ブレーキ
uploaded,タイトル変更,H02P 13/00,H02P 13/00,所望出力を得るための変成器，リアクトルまたはチョークコイル，の制御装置（変成器，リアクトルまたはチョークコイルを用いる調整系Ｇ０５Ｆ；発電機または他の変換器と共働する回路網への給電Ｈ０２Ｊ；変換機の制御または調整Ｈ０２Ｍ）［４］,所望出力を得るための変圧器，リアクトルまたはチョークコイル，の制御装置［４］
uploaded,タイトル変更,H03D 1/00,H03D 1/00,振幅変調された振動の復調（５／００，９／００，１１／００が優先）,振幅変調された振動の復調（Ｈ０３Ｄ５／００，Ｈ０３Ｄ９／００，Ｈ０３Ｄ１１／００が優先；デジタル変調された搬送システムに適した振幅復調器，例．オンオフのキーイングを用いる，シングル側波帯または残留側波帯変調Ｈ０４Ｌ２７／０６）
uploaded,タイトル変更,H03D 3/00,H03D 3/00,角度変調された振動の復調（５／００，９／００，１１／００が優先）,角度変調された振動の復調（Ｈ０３Ｄ５／００，Ｈ０３Ｄ９／００，Ｈ０３Ｄ１１／００が優先；デジタル変調された搬送システムに適した復調器，すなわち周波数シフトキーイングを用いるＨ０４Ｌ２７／１４；デジタル変調された搬送システムに適した位相復調Ｈ０４Ｌ２７／２２）
uploaded,タイトル変更,H03D 3/02,H03D 3/02,・入力信号から得られた二つの信号間の位相差の検波によるもの（３／２８～３／３２が優先；制限配置Ｈ０３Ｇ１１／００）,・入力信号から得られた二つの信号間の位相差の検波によるもの（Ｈ０３Ｄ３／２８～Ｈ０３Ｄ３／３２が優先）
uploaded,タイトル変更,H03D 3/28,H03D 3/28,・温度変化の影響を低減するための復調器の変形（自動周波数制御Ｈ０３Ｌ）,・温度変化の影響を低減するための復調器の変形
uploaded,タイトル変更,H03D 5/00,H03D 5/00,任意に振幅変調または角度変調された振動を復調するための回路（９／００，１１／００が優先）,任意に振幅変調または角度変調された振動を復調するための回路（Ｈ０３Ｄ９／００，Ｈ０３Ｄ１１／００が優先；振幅変調と角度変調の組み合わせによって特徴付けられる，デジタル変調された搬送システムに適した復調器，例．直交振幅変調Ｈ０４Ｌ２７／３８）
uploaded,タイトル変更,H03D 7/16,H03D 7/16,・多重周波数変換,・多重周波数変換（スーパーヘテロダイン受信機Ｈ０４Ｂ１／２６）
uploaded,タイトル変更,H03D 9/00,H03D 9/00,変調された電磁波の復調または変換（光を復調するための部品または装置，光波における変調の変換Ｇ０２Ｆ２／００）,変調された電磁波の復調または変換（光を復調するための，変調光の変調を変換するための，または光の周波数を変換するための部品または装置Ｇ０２Ｆ２／００）
uploaded,タイトル変更,H03D 13/00,H03D 13/00,互いに独立な２つの振動の位相または周波数を比較するための回路,互いに独立な２つの振動の位相または周波数を比較するための回路（電圧と電流間または電圧間または電流間の位相角を測定する装置Ｇ０１Ｒ２５／００）
uploaded,タイトル変更,H03H 17/04 635 B,H03H 17/04 635 B,係数の可変方法ら特徴を有するもの,係数の可変方法に特徴を有するもの
uploaded,タイトル変更,H03H 17/06 661,H03H 17/06 661,・・・入力信号の表現形態に有するもの,・・・入力信号の表現形態に特徴を有するもの
uploaded,タイトル変更,H03K 12/00,H03K 12/00,正弦波形をゆがめることまたは結合することによるパルスの発生（パルスの整形５／０１；スイッチングではない方法で動作する素子を使用する正弦波の結合Ｈ０３Ｂ）［３］,正弦波形をゆがめることまたは結合することによるパルスの発生（パルスの整形Ｈ０３Ｋ５／０１；スイッチングではない方法で動作する素子を使用する正弦波の結合Ｈ０３Ｂ２１／００）［３］
uploaded,タイトル変更,H04B 3/00,H04B 3/00,有線伝送方式（近接電磁界伝送方式と結合したもの５／００；ケーブルの構造的態様Ｈ０１Ｂ１１／００）,有線伝送方式（近接電磁界伝送方式と結合したものＨ０４Ｂ５／００）
uploaded,タイトル変更,H04B 3/03,H04B 3/03,・・ハイブリッド回路（送受信機のためのもの１／５２，１／５８；ウェーブガイド型のハイブリッド接合Ｈ０１Ｐ５／１６）［３］,・・ハイブリッド回路（送受信機のためのものＨ０４Ｂ１／５２，Ｈ０４Ｂ１／５８）［３］
uploaded,タイトル変更,H04B 3/04,H04B 3/04,・・伝送の制御；等化（増幅の制御一般Ｈ０３Ｇ）,・・伝送の制御；等化
uploaded,タイトル変更,H04B 3/26,H04B 3/26,・・装荷線輪の使用による周波数特性の改善（装荷線輪それ自体Ｈ０１Ｆ１７／０８）,・・装荷線輪の使用による周波数特性の改善
uploaded,タイトル変更,H04B 3/36,H04B 3/36,・・中継器回路（３／５８が優先；そのための増幅器Ｈ０３Ｆ）,・・中継器回路（Ｈ０４Ｂ３／５８が優先）
uploaded,タイトル変更,H04B 3/54,H04B 3/54,・配電線を用いる伝送方式（警報システムにおけるものＧ０８Ｂ２５／０６；電力網の状態の遠隔表示，電力配電網内にあるスイッチ手段の遠隔制御Ｈ０２Ｊ１３／００）,・配電線を用いる伝送方式（警報システムにおけるものＧ０８Ｂ２５／０６）
uploaded,タイトル変更,H04B 3/58,H04B 3/58,・・中継器回路（そのための増幅器Ｈ０３Ｆ）,・・中継器回路
uploaded,タイトル変更,H04B 13/02,H04B 13/02,・媒体が大地または大地上の大量の水からなりたっているところの伝送方式，例．大地電信（地または水帰路を有する有線伝送方式３／００）,・媒体が大地または大地上の大量の水からなりたっているところの伝送方式，例．大地電信
uploaded,タイトル変更,H04B 14/04,H04B 14/04,・・パルス符号変調を用いるもの（アナログ／デジタルまたはデジタル／アナログ変換Ｈ０３Ｍ１／００）［４］,・・パルス符号変調を用いるもの［４］
uploaded,タイトル変更,H04B 14/06,H04B 14/06,・・差分変調，例．デルタ変調，を用いるもの（差分変調からアナログ値への変換またはその逆の変換Ｈ０３Ｍ３／００）［４］,・・差分変調，例．デルタ変調，を用いるもの［４］
uploaded,タイトル変更,H04B 15/02,H04B 15/02,・混信を起す装置またはその近傍に置かれた手段によって電気的装置からの混信を低減するもの（発電電動機械との構造的結合Ｈ０２Ｋ１１／００；遮へいＨ０５Ｋ９／００）,・混信を起す装置またはその近傍に置かれた手段によって電気的装置からの混信を低減するもの
uploaded,タイトル変更,H04B 15/04,H04B 15/04,・・混信が実質的な正弦波振動に起因するもの，例．受信機におけるもの，テープレコーダにおけるもの（寄生振動の低減Ｈ０３Ｂ，Ｈ０３Ｆ）,・・混信が実質的な正弦波振動に起因するもの，例．受信機におけるものまたはテープレコーダにおけるもの
uploaded,タイトル変更,H04L 1/00,H04L 1/00,受信情報中の誤りを検出または防止するための配置（同期の補正７／００；伝送路における配置Ｈ０４Ｂ）,受信情報中の誤りを検出または防止するための配置
uploaded,タイトル変更,H04L 1/02,H04L 1/02,・ダイバーシチ受信によるもの（ダイバーシチ受信一般Ｈ０４Ｂ７／０２）,・ダイバーシチ受信によるもの）
uploaded,タイトル変更,H04L 5/00,H04L 5/00,伝送路の多重使用を可能にするための配置（多重通信一般Ｈ０４Ｊ）,伝送路の多重使用を可能にするための配置
uploaded,タイトル変更,H04L 5/14,H04L 5/14,・同一形式の信号を用いる２方向動作，すなわち２重電信（２方向伝送用の調節一般Ｈ０４Ｂ３／２０）,・同一形式の信号を用いる２方向動作，すなわち２重電信
uploaded,タイトル変更,H04L 12/54,H04L 12/54,・蓄積交換方式［５，６］,・蓄積交換方式（パケット交換方式Ｈ０４Ｌ１２／７０）［５，６，２０１３．０１］
uploaded,タイトル変更,H04L 12/58,H04L 12/58,・・メッセージ交換方式（順列符号の選択Ｈ０４Ｑ３／０２）［５，６］,・・メッセージ交換方式［５，６］
uploaded,タイトル変更,H04L 13/04,H04L 13/04,・・駆動機構；クラッチ（クラッチ一般Ｆ１６）,・・駆動機構；クラッチ
uploaded,タイトル変更,H04L 13/14,H04L 13/14,・・・・電子的分配器（一般Ｈ０３Ｋ１７／００）,・・・・電子的分配器
uploaded,タイトル変更,H04L 15/00,H04L 15/00,ドットダッシュ符号，例．モールス符号，を送信または受信するための装置または局部回路（そのための教習装置Ｇ０９Ｂ；キーボード・スイッチ一般Ｈ０１Ｈ１３／７０，Ｈ０３Ｋ１７／９４；電信用電けんＨ０１Ｈ２１／８６；キーボードまたは類似装置と関連する符号化一般Ｈ０３Ｍ１１／００）,ドットダッシュ符号，例．モールス符号，を送信または受信するための装置または局部回路（そのための教習装置Ｇ０９Ｂ；電信用電けんＨ０１Ｈ２１／８６）
uploaded,タイトル変更,H04L 17/00,H04L 17/00,各文字が同数の等長符号要素によって表わされている符号，例．ボドー符号，の送信または受信のための装置または局部回路（キーボード・スイッチ一般Ｈ０１Ｈ１３／７０，Ｈ０３Ｋ１７／９４；キーボードまたは類似装置と関連する符号化一般Ｈ０３Ｍ１１／００）,各文字が同数の等長符号要素によって表わされている符号，例．ボドー符号，の送信または受信のための装置または局部回路
uploaded,ドット変更,B60R 25/02,B60R 25/02,・操向機構に作用するもの,・・操向機構に作用するもの［１，２０１３．０１］
uploaded,ドット変更,B60R 25/04,B60R 25/04,・エンジンの駆動を防止するもの（通常の使用時におけるエンジン，その部品はエンジンまたはその部品の関係分類を参照）,・・推進システム，例．エンジンまたは駆動モータ，に作用するもの［１，２０１３．０１］
uploaded,ドット変更,B60R 25/06,B60R 25/06,・トランスミッションに作用するもの,・・・車両のトランスミッションに作用するもの［１，２０１３．０１］
uploaded,ドット変更,B60R 25/08,B60R 25/08,・制動装置に作用するもの,・・制動装置または制動方式に作用するもの［１，２０１３．０１］
uploaded,ドット変更,G09G 3/29,G09G 3/29,・・・・セルフシフトパネルを使用するもの「５」,・・・・・セルフシフトパネルを使用するもの［５］
