改正時期,改正種別,改正前FI,改正後FI,改正前タイトル,改正後タイトル
uploaded,新設,,A41D 13/00 102,,・グループＡ４１Ｄ１３／００，１０７～Ａ４１Ｄ１３／１２，１９０に属さない防護衣の細部
uploaded,新設,,A41D 13/00 105,,・・係合部
uploaded,新設,,A41D 13/00 107,,・内蔵装着具を有する衣服
uploaded,新設,,A41D 13/00 110,,・虫よけ用の衣服
uploaded,新設,,A41D 13/00 112,,・特定用途用ポケット，例．ゲーム用ポケット，を備える，または工具または同類のものの保持手段を備える職業用または防護用衣服（Ａ４１Ｄ１３／００５，１０８が優先）
uploaded,新設,,A41D 13/00 115,,・グループＡ４１Ｄ１３／００，１０７～Ａ４１Ｄ１３／０８，１０８に属するもの以外のスポーツ用衣服（スポーツ用オーバーオールＡ４１Ｄ１３／０２）
uploaded,新設,,A41D 13/00 117,,・・婦人用に特に適合したもの
uploaded,新設,,A41D 13/002,,・衣服内環境が調整されるもの［７］
uploaded,新設,,A41D 13/002 105,,・・強制空気循環手段によるもの
uploaded,新設,,A41D 13/005,,・・温度が調整されるもの［７］
uploaded,新設,,A41D 13/005 101,,・・・加熱衣服
uploaded,新設,,A41D 13/005 103,,・・・冷却衣服
uploaded,新設,,A41D 13/005 105,,・・・・ドライアイスによるもの
uploaded,新設,,A41D 13/005 106,,・・・・蒸発効果を利用したもの
uploaded,新設,,A41D 13/005 108,,・・・加熱または冷却要素のためのポケットを有するもの
uploaded,新設,,A41D 13/008,,・電気ショックまたは静電気から防護するもの［７］
uploaded,新設,,A41D 13/01,,・反射性または発光性の安全手段を有するもの［７］
uploaded,新設,,A41D 13/012,,・水上または水中での活動用，例．浮力が付加されたもの［７］
uploaded,新設,,A41D 13/012 105,,・・浮力を与える補助具を有するもの
uploaded,新設,,A41D 13/015,,・衝撃吸収手段を有するもの（Ａ４１Ｄ１３／０５が優先）［７］
uploaded,新設,,A41D 13/015 101,,・・反動パッド付狩猟服
uploaded,新設,,A41D 13/015 103,,・・蝶番または分離可能な部分を有するもの
uploaded,新設,,A41D 13/015 105,,・・膨張構造を有するもの，例．非自動式
uploaded,新設,,A41D 13/015 106,,・・複数の突出部が並んだもの
uploaded,新設,,A41D 13/015 108,,・・換気機能を有するもの
uploaded,新設,,A41D 13/018,,・・自動的に膨らむもの［７］
uploaded,新設,,A41D 13/04 103,,・・機械的攻撃に耐えるエプロン，例．肉屋のエプロン
uploaded,新設,,A41D 13/04 106,,・・弾力のある材料でできた１個以上の分割環帯により使用者に固定されるエプロン
uploaded,新設,,A41D 13/05,,・身体の特定部分のみを保護するもの（スポーツ用ブラジャーＡ４１Ｃ３／００）［７］
uploaded,新設,,A41D 13/05 106,,・・臀部の側部
uploaded,新設,,A41D 13/05 112,,・・首または肩の部分
uploaded,新設,,A41D 13/05 118,,・・胸部
uploaded,新設,,A41D 13/05 125,,・・腰部または腹部
uploaded,新設,,A41D 13/05 131,,・・背部
uploaded,新設,,A41D 13/05 136,,・・臀部の後部
uploaded,新設,,A41D 13/05 143,,・・脚（膝または足Ａ４１Ｄ１３／０６；競技者またはスポーツマンの脚の保護具Ａ６３Ｂ７１／１２）
uploaded,新設,,A41D 13/05 150,,・・保護具の固定，例．人体へ
uploaded,新設,,A41D 13/05 156,,・・・開放可能な固定手段を有するもの
uploaded,新設,,A41D 13/05 162,,・・・・面ファスナーを有するもの
uploaded,新設,,A41D 13/05 168,,・・・・紐を有するもの
uploaded,新設,,A41D 13/05 175,,・・・・開放可能なポケット内のもの
uploaded,新設,,A41D 13/05 181,,・・・永久的な固定手段を有するもの
uploaded,新設,,A41D 13/05 187,,・・・・衣服と一体のもの
uploaded,新設,,A41D 13/05 193,,・・・・密封されたポケット内のもの
uploaded,新設,,A41D 13/06 105,,・・・膝の保護具
uploaded,新設,,A41D 13/08 101,,・・・手の保護具
uploaded,新設,,A41D 13/08 102,,・・・・特に手の内側用のもの
uploaded,新設,,A41D 13/08 104,,・・・・特に手の外側用のもの
uploaded,新設,,A41D 13/08 105,,・・・・取っ手または棒用に少なくとも１個の穴を有するもの
uploaded,新設,,A41D 13/08 107,,・・・・特に指用のもの
uploaded,新設,,A41D 13/08 108,,・・・・特に手首用のもの
uploaded,新設,,A41D 13/11,,・・保護用の顔面マスク，例．外科医用，または汚れた空気中で使用するもの（アイマスクＡ６１Ｆ９／０４）［７］
uploaded,新設,,A41D 13/11 A,,形状で特徴付けられるもの
uploaded,新設,,A41D 13/11 B,,・水平のひだ入りポケット付のもの
uploaded,新設,,A41D 13/11 C,,・カモノハシ的形状のもの
uploaded,新設,,A41D 13/11 D,,・垂直の折り目または結合部を有するもの
uploaded,新設,,A41D 13/11 E,,・カップ的形状のもの
uploaded,新設,,A41D 13/11 F,,・・成型により得られるもの
uploaded,新設,,A41D 13/11 G,,・フード付のもの
uploaded,新設,,A41D 13/11 H,,使用者の頭部に留める手段
uploaded,新設,,A41D 13/11 J,,・接着剤を使用するもの
uploaded,新設,,A41D 13/11 K,,・・マスクの縁を完全に密閉するもの
uploaded,新設,,A41D 13/11 L,,眼の防護付のもの
uploaded,新設,,A41D 13/11 M,,抗菌剤を有するもの
uploaded,新設,,A41D 13/11 Z,,その他のもの
uploaded,新設,,A41D 13/12 109,,・・外科医用ガウンまたは衣服
uploaded,新設,,A41D 13/12 118,,・・・頭または顔を保護するもの
uploaded,新設,,A41D 13/12 127,,・・・防水の袖を有するもの
uploaded,新設,,A41D 13/12 136,,・・患者用衣服
uploaded,新設,,A41D 13/12 145,,・・・身体の上部用のもの
uploaded,新設,,A41D 13/12 154,,・・・身体の下部用のもの
uploaded,新設,,A41D 13/12 163,,・・・上下揃いのもの
uploaded,新設,,A41D 13/12 172,,・・・特に赤ん坊に適合したもの
uploaded,新設,,A41D 13/12 181,,・・・医用監視用手段を組み入れたもの
uploaded,新設,,A41D 13/12 190,,・・着用を容易にするもの
uploaded,新設,,A47J 31/00 101,,・給茶機，例．大量煎出用（コーヒー用，汎用Ａ４７Ｊ３１／００，３０７）
uploaded,新設,,A47J 31/00 103,,・配管式給茶装置，例．回転寿司店に設置されたもの
uploaded,新設,,A47J 31/00 106,,・茶の湯の道具
uploaded,新設,,A47J 31/00 201,,・水出しコーヒー製造装置
uploaded,新設,,A47J 31/00 302,,・特定の作動シーケンスに従うもの，例．抽出生成物の味を改善するためのもの，抽出制御に特徴のあるもの
uploaded,新設,,A47J 31/00 305,,・携帯用飲料製造装置または簡易飲料製造装置，例．旅行用または自動車内用のもの
uploaded,新設,,A47J 31/00 307,,・大量に抽出するためのもの，例．レストラン用，複数の抽出容器を使用するためのもの
uploaded,新設,,A47J 31/057 103,,・・・貫流加熱器を有するもの（飲料製造装置内の湯わかし容器の一部としての貫流加熱器Ａ４７Ｊ３１／５４，１００）
uploaded,新設,,A47J 31/057 106,,・・・蒸気圧で温水が上昇パイプ内を通るように促す気密湯わかし容器を有するもの（圧力下での抽出に適した抽出容器を有するものＡ４７Ｊ３１／３０）
uploaded,新設,,A47J 31/06 101,,・・茶こし，例．飲料容器上で使用するものであって，湯水に浸けないもの
uploaded,新設,,A47J 31/06 103,,・・急須用茶こし
uploaded,新設,,A47J 31/06 105,,・・魔法瓶用，ポット用またはケトル用のもの，例．魔法瓶の内部または注出口に取付けて使用する茶こし
uploaded,新設,,A47J 31/06 110,,・・フィルター出口に弁を有するもの；ドリップを止める装置（Ａ４７Ｊ３１／０６，１４０，Ａ４７Ｊ３１／０６，１５０が優先）
uploaded,新設,,A47J 31/06 115,,・・・飲料容器によって作動されるもの
uploaded,新設,,A47J 31/06 120,,・・浸出液をフィルター上により良好または迅速に散布するための手段を有するもの（ドリップ式コーヒーメーカー用散布板Ａ４７Ｊ３１／４４，１９３）
uploaded,新設,,A47J 31/06 130,,・・調整された浸出物に接触した状態を保持するように飲料容器の頂部から吊り下げられるもの
uploaded,新設,,A47J 31/06 140,,・・茶または類似のものを作るための特殊装置を有するもの，例．浸出液が流れ出る前に所定の時間フィルター内に保持されるもの
uploaded,新設,,A47J 31/06 150,,・・浸出流出速度を変えるための手段を有するもの，例．より少量を抽出するためのもの
uploaded,新設,,A47J 31/06 160,,・・フィルターホルダを飲料容器に固定するための手段を有するもの（飲料製造装置への取付けＡ４７Ｊ３１／４４，１８０）
uploaded,新設,,A47J 31/06 210,,・・カートリッジと協働するのに特に適合するもの，例．カートリッジを抽出チャンバの底部から離すための溝または凸部を有するもの（Ａ４７Ｊ３１／０６，３２０が優先）
uploaded,新設,,A47J 31/06 220,,・・異なる量の抽出材料を収容するために抽出チャンバの体積を調節する手段を有するもの
uploaded,新設,,A47J 31/06 230,,・・多量の水をバイパスする手段を有するもの，例．飲料の濃度の調節
uploaded,新設,,A47J 31/06 300,,・・圧力下でコーヒーを抽出するためのもの，例．エスプレッソマシン用（紙製Ａ４７Ｊ３１／０８）
uploaded,新設,,A47J 31/06 310,,・・・容器に入っていないコーヒーに使用されるもの（Ａ４７Ｊ３１／０６，３４０が優先）
uploaded,新設,,A47J 31/06 320,,・・・カートリッジに特に適合するもの
uploaded,新設,,A47J 31/06 323,,・・・・飲料の出口を作るためにカートリッジを穿孔する手段（湯の入口を作るためにカートリッジを穿孔する手段Ａ４７Ｊ３１／３６，１２２，Ａ４７Ｊ３１／３６，３２８）
uploaded,新設,,A47J 31/06 328,,・・・・カートリッジを抽出チャンバの底部から離す手段，例．溝または凸部
uploaded,新設,,A47J 31/06 330,,・・・フィルターホルダを抽出ヘッドにシールするためのシール手段
uploaded,新設,,A47J 31/06 340,,・・・抽出材料を充填するために開き，抽出材料を密封するために閉じるのに適した再利用可能なカートリッジ
uploaded,新設,,A47J 31/06 410,,・・テープ形状のフィルターを移動させる手段を有するもの
uploaded,新設,,A47J 31/08 105,,・・・圧力下でコーヒーを抽出するために使用されるもの，例．エスプレッソマシン用
uploaded,新設,,A47J 31/01 103,,・・水加熱容器の中にサイフォンを有するもの
uploaded,新設,,A47J 31/01 106,,・・水加熱容器の排出口に弁を有するもの
uploaded,新設,,A47J 31/03 100,,・・・古典的なエスプレッソ装置，例．ストーブの上に置かれるもの，すなわち水は下部の気密沸騰容器内で加熱され，蒸気圧によって上昇パイプおよび抽出チャンバを通り，次に湯わかし器の上部の飲料容器内に集められるもの
uploaded,新設,,A47J 31/03 110,,・・・・組込みの電気的加熱手段を有するもの
uploaded,新設,,A47J 31/36 100,,・・・・積載，浸出，排出ステーション間を抽出チャンバが移動するよう配置された機構を有するもの
uploaded,新設,,A47J 31/36 110,,・・・・・容器に入っていないコーヒーの使用（ろ過するテープを有するものＡ４７Ｊ３１／３６，１３２）
uploaded,新設,,A47J 31/36 114,,・・・・・・積載位置から浸出位置まで搬送する手段
uploaded,新設,,A47J 31/36 119,,・・・・・・抽出後にコーヒーを取り除く手段
uploaded,新設,,A47J 31/36 120,,・・・・・カートリッジの使用（カートリッジのテープを有するものＡ４７Ｊ３１／３６，１３２）
uploaded,新設,,A47J 31/36 122,,・・・・・・湯の入口を作るためにカートリッジを穿孔する手段（飲料の出口を作るためにカートリッジを穿孔する手段Ａ４７Ｊ３１／０６，３２３）
uploaded,新設,,A47J 31/36 124,,・・・・・・積載位置から浸出位置まで搬送する手段
uploaded,新設,,A47J 31/36 126,,・・・・・・抽出後にカートリッジを排出する手段
uploaded,新設,,A47J 31/36 128,,・・・・・・そのためのカートリッジマガジン
uploaded,新設,,A47J 31/36 130,,・・・・・テープの使用
uploaded,新設,,A47J 31/36 132,,・・・・・・単にろ過する手段を含むテープ，すなわち抽出材料を含まないもの
uploaded,新設,,A47J 31/36 135,,・・・・・・透過性のカートリッジを含むテープ
uploaded,新設,,A47J 31/36 137,,・・・・・・非透過性のカートリッジを含むテープ
uploaded,新設,,A47J 31/36 300,,・・・・抽出チャンバへの抽出材料の積載を使用者が行うもの（Ａ４７Ｊ３１／３６，１００が優先）
uploaded,新設,,A47J 31/36 310,,・・・・・容器に入っていないコーヒーの使用
uploaded,新設,,A47J 31/36 320,,・・・・・カートリッジの使用
uploaded,新設,,A47J 31/36 322,,・・・・・・透過性のカートリッジの使用
uploaded,新設,,A47J 31/36 324,,・・・・・・・そのための抽出ヘッド
uploaded,新設,,A47J 31/36 326,,・・・・・・非透過性のカートリッジの使用
uploaded,新設,,A47J 31/36 328,,・・・・・・・湯の入口を作るためにカートリッジを穿孔する手段（飲料の出口を作るためにカートリッジを穿孔する手段Ａ４７Ｊ３１／０６，３２３）
uploaded,新設,,A47J 31/04 101,,・・それによって粉末原料および水がミキシングボウルへ供給されるもの
uploaded,新設,,A47J 31/04 102,,・・液体投与装置
uploaded,新設,,A47J 31/04 104,,・・粉末投与装置
uploaded,新設,,A47J 31/04 105,,・・積載，浸出，排出ステーション間で連続的に移動する１つまたは複数の浸出チャンバを備えたもの
uploaded,新設,,A47J 31/04 107,,・・原料を含むカートリッジを有するもの；カートリッジを穿孔する手段
uploaded,新設,,A47J 31/44 100,,・・構造の細部
uploaded,新設,,A47J 31/44 110,,・・・コーヒー受け容器
uploaded,新設,,A47J 31/44 120,,・・・蓋体，カバーまたはノブ
uploaded,新設,,A47J 31/44 125,,・・・・取手またはハンドル
uploaded,新設,,A47J 31/44 130,,・・・飲料容器の加温装置または支持具（飲料製造装置の一部でない加温装置Ａ４７Ｊ３６／２４；飲料製造装置の一部でない飲料容器のスタンドまたはホルダＡ４７Ｊ４７／１６）
uploaded,新設,,A47J 31/44 140,,・・・・使用されていない空の飲料容器のための支持具，例．余分なジョッキやカップを格納するためのもの
uploaded,新設,,A47J 31/44 143,,・・・・・空の飲料容器を予熱するための加熱手段を有するもの，例．カップ加温器
uploaded,新設,,A47J 31/44 146,,・・・・・・加熱した支持板
uploaded,新設,,A47J 31/44 150,,・・・・充填したまたは充填中の飲料容器のための支持具（飲料製造装置を飲料容器のサイズに適応可能な支持具Ａ４７Ｊ３１／４４，３１０）
uploaded,新設,,A47J 31/44 151,,・・・・・下にドリップトレーを有するもの
uploaded,新設,,A47J 31/44 153,,・・・・・飲料を保温する手段を有するもの（飲料を高温または低温状態に保つ装置を備えたコーヒー沸かし器Ａ４７Ｊ３１／５０）
uploaded,新設,,A47J 31/44 155,,・・・・・・加熱した支持板
uploaded,新設,,A47J 31/44 157,,・・・・・・・電気的な発熱体を有するもの（貫流加熱器のためのものＡ４７Ｊ３１／４４，１６３）
uploaded,新設,,A47J 31/44 159,,・・・・・・・水のための流水加熱器を併用するもの（流水加熱器それ自体Ａ４７Ｊ３１／５４，１００）
uploaded,新設,,A47J 31/44 161,,・・・・・・・・貫流加熱器に使用されるマイクロ波
uploaded,新設,,A47J 31/44 163,,・・・・・・・・貫流加熱器に使用される電気的な発熱体
uploaded,新設,,A47J 31/44 165,,・・・・・飲料の保温手段と飲料容器の間に設置されるもの，例．伝熱を減少させるために加熱された支持板から飲料容器を上に上げるためのスペーサ
uploaded,新設,,A47J 31/44 170,,・・・水位指示具（水位制御Ａ４７Ｊ３１／５６）
uploaded,新設,,A47J 31/44 180,,・・・フィルター保持手段；フィルターの飲料製造装置への取付け（飲料容器への取付はＡ４７Ｊ３１／０６，１６０）
uploaded,新設,,A47J 31/44 182,,・・・・バヨネット式係合手段によるもの
uploaded,新設,,A47J 31/44 185,,・・・・直線状のガイド手段によるもの，例．引き出し式の係合
uploaded,新設,,A47J 31/44 187,,・・・・ヒンジ手段によるもの
uploaded,新設,,A47J 31/44 190,,・・・ドリップ式コーヒーメーカー用湯口
uploaded,新設,,A47J 31/44 193,,・・・・散布板（フィルターの付属品としてのものＡ４７Ｊ３１／０６，１２０）
uploaded,新設,,A47J 31/44 196,,・・・・湯口が回転するもの
uploaded,新設,,A47J 31/44 310,,・・飲料製造装置を抽出容器または飲料容器のサイズに適応させるものの細部，例．飲料容器用の調整可能な支持具または調整可能な湯口を有するもの
uploaded,新設,,A47J 31/44 410,,・・加熱され泡立てられたミルクを分配するノズル，すなわちミルクがミルク容器から吸い込まれ，装置内で加熱され泡立てられ，次にノズルから分配されるもの
uploaded,新設,,A47J 31/44 420,,・・蒸気ノズル，例．ミルク容器の中へ導入してミルクを加熱し泡立てるためのもの
uploaded,新設,,A47J 31/44 430,,・・上部に層，例．クリーム，フォームまたはフロス，を備えた飲料を生成する手段
uploaded,新設,,A47J 31/44 510,,・・原料ポッドまたはカートリッジ上に付されたコードを読み取る手段
uploaded,新設,,A47J 31/46 100,,・・・中間に液体貯蔵タンクを有するもの
uploaded,新設,,A47J 31/46 115,,・・・・加熱された水用
uploaded,新設,,A47J 31/46 117,,・・・・浸出物用
uploaded,新設,,A47J 31/05 105,,・・・熱源調整手段を有するもの
uploaded,新設,,A47J 31/05 203,,・・・抽出後冷却する装置
uploaded,新設,,A47J 31/05 206,,・・・抽出後保温する装置
uploaded,新設,,A47J 31/54 100,,・・・流水加熱器
uploaded,新設,,A47J 31/54 115,,・・・・制御装置または安全装置
uploaded,新設,,A47J 31/54 200,,・・・水の加熱にマイクロ波エネルギーを用いるもの
uploaded,新設,,A47J 31/06 105,,・・・浄水器
uploaded,新設,,A61C 19/045,,・・あごの動きを記録するもの，例．フェイスボウ［５］
uploaded,新設,,A61C 19/045 100,,・・・フェイスボウ
uploaded,新設,,A61C 19/045 110,,・・・下顎運動測定
uploaded,新設,,A61C 19/05,,・・咬合を決定するためのもの［５］
uploaded,新設,,A61C 19/05 100,,・・・咬合音測定
uploaded,新設,,A61C 19/05 110,,・・・咬合圧測定
uploaded,新設,,A61C 19/055,,・・並行測定装置［５］
uploaded,新設,,A61F 5/042,,・・・伸展または伸延のためのもの［６］
uploaded,新設,,A61F 5/042 A,,自身の体重によるもの
uploaded,新設,,A61F 5/042 B,,足の保持手段
uploaded,新設,,A61F 5/042 C,,頭の保持手段
uploaded,新設,,A61F 5/042 D,,胸ベルト
uploaded,新設,,A61F 5/042 E,,腰または骨盤ベルト
uploaded,新設,,A61F 5/042 Z,,その他のもの
uploaded,新設,,A61F 5/045,,・・・・ベッド用設備，処置台，床フレームまたはその類似のもの［６］
uploaded,新設,,A61F 5/048,,・・・・牽引用副木［６］
uploaded,新設,,A61F 5/05,,・・・固定するためのもの（Ａ６１Ｆ５／０４２が優先）［６］
uploaded,新設,,A61F 5/052,,・・・・特に歩行を容易にするのに適したもの，例．歩行用固定器［６］
uploaded,新設,,A61F 5/055,,・・・・頸部カラー［６］
uploaded,新設,,A61F 5/058,,・・・・副木（Ａ６１Ｆ５／０５２が優先）［６］
uploaded,新設,,A61F 6/00,,避妊用具；ペッサリ；そのためのアプリケーター（避妊のための化学的事項Ａ６１Ｋ）［５］
uploaded,新設,,A61F 6/02,,・男性が用いるためのもの（Ａ６１Ｆ６／２０が優先）［５］
uploaded,新設,,A61F 6/04,,・・コンドーム，シースまたはその類似物［５］
uploaded,新設,,A61F 6/06,,・女性が用いるためのもの（Ａ６１Ｆ６／２０が優先）［５］
uploaded,新設,,A61F 6/08,,・・ペッサリ，すなわち子宮をサポートするため，位置異常を治療するためまたは妊娠を防ぐために膣に装着する用具［５］
uploaded,新設,,A61F 6/01,,・・・ダイヤフラム［５］
uploaded,新設,,A61F 6/12,,・・・挿入器または除去器［５］
uploaded,新設,,A61F 6/14,,・・子宮内型［５］
uploaded,新設,,A61F 6/16,,・・・膨脹可能なもの［５］
uploaded,新設,,A61F 6/18,,・・・挿入器または除去器［５］
uploaded,新設,,A61F 6/02,,・精管閉塞器；卵管閉塞器［５］
uploaded,新設,,A61F 6/22,,・・管に移植可能なもの［５］
uploaded,新設,,A61F 6/24,,・・・弁手段に特徴のあるもの［５］
uploaded,新設,,A61G 7/002,,・調節可能なマットレスフレームを有するもの［５］
uploaded,新設,,A61G 7/005,,・・横水平軸の回りに傾斜可能なもの，例．トレンデレンブルグ体位のためのもの［５］
uploaded,新設,,A61G 7/008,,・・縦軸の回りに傾斜可能なもの，例．揺動のためのもの［５］
uploaded,新設,,A61G 7/012,,・・マットレスフレーム全体の上昇または下降（Ａ６１Ｇ７／００５，Ａ６１Ｇ７／００８が優先）［５］
uploaded,新設,,A61G 7/015,,・・異なる調節可能な部分に分割されているもの，例．ギャッチポジションのためのもの［５］
uploaded,新設,,A61G 7/018,,・・制御または駆動機構（Ａ６１Ｇ７／００５～Ａ６１Ｇ７／０１５が優先）［５］
uploaded,新設,,A61G 7/043,,・眠りを促進または監視するベッド［５］
uploaded,新設,,A61G 7/047,,・特に衛生的な目的をもったベッド（Ａ６１Ｇ７／０２が優先）［５］
uploaded,新設,,A61G 7/05,,・ベッドの部品，細部または付属品（落下防止装置Ａ４７Ｃ２１／０８，Ａ４７Ｄ７／００）［５］
uploaded,新設,,A61G 7/053,,・・ベッド乗り降り補助具，例．段またはいす［５］
uploaded,新設,,A61G 7/057,,・・床ずれ防止または火傷患者支持装置，例．そのために特に適合させたマットレス［５］
uploaded,新設,,A61G 7/065,,・・そのために特に適合させたささえ［５］
uploaded,新設,,A61G 7/07,,・・・頭または胴体のためのもの［５］
uploaded,新設,,A61G 7/075,,・・・手足のためのもの［５］
uploaded,新設,,A61G 7/12,,・・病人または身体障害者を抱き上げるためのもの（Ａ６１Ｇ７／１４が優先）［５］
uploaded,新設,,A61G 7/14,,・・病人または身体障害者の持ち上げと横移動とをいずれも容易にするもの［５］
uploaded,新設,,A61G 7/16,,・・横たわり面をいすに変換するもの［５］
uploaded,新設,,A61G 13/02,,・調節可能な手術台；そのための制御［５］
uploaded,新設,,A61G 13/04,,・・横または縦軸の回りに傾斜できるもの［５］
uploaded,新設,,A61G 13/06,,・・台表面全体の上昇または下降（Ａ６１Ｇ１３／１４が優先）［５］
uploaded,新設,,A61G 13/08,,・・異なる調節可能な部分に分割される台［５］
uploaded,新設,,A61G 13/01,,・部品，細部または付属品（手術用掛け布Ａ６１Ｂ１９／０８）［５］
uploaded,新設,,A61G 13/12,,・・そのため特に適合させたささえ；病人支持面の配置［５］
uploaded,新設,,A61G 13/12 A,,患者支持面装置
uploaded,新設,,A61G 13/12 B,,患者の特定部位の固定
uploaded,新設,,A61G 13/12 Z,,その他のもの
uploaded,新設,,A61G 15/02,,・病人の位置調節手段を有するいす；そのための制御装置［５］
uploaded,新設,,A61G 15/04,,・・病人を傾けるもの［５］
uploaded,新設,,A61G 15/06,,・・病人を上昇または下降させるもの（Ａ６１Ｇ１５／０４が優先）［５］
uploaded,新設,,A61G 15/06 501,,・・・病人を回転させるもの
uploaded,新設,,A61G 15/08,,・・医師または歯科医師用腰掛けに組合わせたもの［５］
uploaded,新設,,A61G 15/01,,・部品，細部または付属品（Ａ６１Ｇ１５／１４が優先；歯科用器具Ａ６１Ｃ）［５］
uploaded,新設,,A61G 15/12,,・・そのために特に適合させたささえ，例．頭部または足のためのもの［５］
uploaded,新設,,A61G 15/12 510,,・・・頭部
uploaded,新設,,A61G 15/12 520,,・・・上肢
uploaded,新設,,A61G 15/12 530,,・・・下肢
uploaded,新設,,A61G 15/14,,・歯科用仕事台；そのための付属品［５］
uploaded,新設,,A61G 15/16,,・・歯科用ハンドピースまたは類似物のための保管，保持または運搬手段［５］
uploaded,新設,,A61G 15/18,,・・・柔軟なホースをしまい込むための引込装置を含むもの［５］
uploaded,新設,,A61H 35/02,,・目のためのもの［６］
uploaded,新設,,A61H 35/02 501,,・・噴水またはスプレーによるもの
uploaded,新設,,A61H 35/02 502,,・・・蛇口取付け型のもの
uploaded,新設,,A61H 35/02 503,,・・浴または流水によるもの
uploaded,新設,,A61H 35/04,,・鼻のためのもの［６］
uploaded,新設,,A61J 7/02,,・錠剤計数装置［５］
uploaded,新設,,A61J 7/04,,・時間を表示する装置または服薬を思い出させるための装置，例．プログラム化されたディスペンサー［５］
uploaded,新設,,A61J 7/04 A,,服薬時刻を表示するもの
uploaded,新設,,A61J 7/04 B,,・時計を有するもの；服薬時刻を知らせるもの，例．音によるもの
uploaded,新設,,A61J 7/04 Z,,その他のもの
uploaded,新設,,A61K 35/13,,・・由来する組織を問わない腫瘍細胞（腫瘍ワクチンＡ６１Ｋ３９／００）［２０１５．０１］
uploaded,新設,,A61K 35/14 D,,血液からのＡ６１Ｋ３５／１５～Ａ６１Ｋ３５／１９に分類されない成分の単離
uploaded,新設,,A61K 35/15,,・・・骨髄性細胞，例．顆粒球，好塩基球，好酸球，好中球，白血球，単球，マクロファージまたはマスト細胞；骨髄前駆細胞；抗原提示細胞，例．樹状細胞（特定の抗原を提示しているものＡ６１Ｋ３９／００；治療のための抗体またはそのフラグメントと血液由来細胞の組み合わせＡ６１Ｋ３９／００）［２０１５．０１］
uploaded,新設,,A61K 35/15 A,,血液からの骨髄性細胞，骨髄前駆細胞または抗原提示細胞の単離
uploaded,新設,,A61K 35/15 Z,,その他のもの
uploaded,新設,,A61K 35/16 A,,血液からの血漿または血清の単離
uploaded,新設,,A61K 35/16 Z,,その他のもの
uploaded,新設,,A61K 35/17,,・・・リンパ球；Ｂ細胞；Ｔ細胞；ナチュラルキラー細胞；インターフェロン活性化またはサイトカイン活性化リンパ球（特定の抗原により活性化される場合Ａ６１Ｋ３９／００）［２０１５．０１］
uploaded,新設,,A61K 35/17 A,,血液からのリンパ球，Ｂ細胞，Ｔ細胞，ナチュラルキラー細胞，インターフェロン活性化リンパ球またはサイトカイン活性化リンパ球の単離
uploaded,新設,,A61K 35/17 Z,,その他のもの
uploaded,新設,,A61K 35/18 A,,血液からの赤血球の単離
uploaded,新設,,A61K 35/18 Z,,その他のもの
uploaded,新設,,A61K 35/19,,・・・血小板；巨核球［２０１５．０１］
uploaded,新設,,A61K 35/19 A,,血液からの血小板または巨核球の単離
uploaded,新設,,A61K 35/19 Z,,その他のもの
uploaded,新設,,A61K 35/33,,・・線維芽細胞［２０１５．０１］
uploaded,新設,,A61K 35/35,,・・脂肪組織；脂肪細胞；間質細胞；結合組織（脂肪由来幹細胞Ａ６１Ｋ３５／２８；コラーゲンＡ６１Ｋ３８／３９）［２０１５．０１］
uploaded,新設,,A61K 35/51,,・・・臍帯；臍帯血；臍帯幹細胞［２０１５．０１］
uploaded,新設,,A61K 35/545,,・・・・胚性幹細胞；多能性幹細胞；人工多能性幹細胞，すなわち，ｉＰＳ細胞；特徴づけられていない幹細胞［２０１５．０１］
uploaded,新設,,A61K 35/57,,・・鳥類；鳥類からの物質，例．卵，羽毛，卵白，卵黄または鶏内金［２０１５．０１］
uploaded,新設,,A61K 35/583,,・・・蛇；トカゲ，例．カメレオン（蛇毒蛋白質の治療への使用Ａ６１Ｋ３８／００）［２０１５．０１］
uploaded,新設,,A61K 35/586,,・・・ウミガメ；陸ガメ，例．キスイガメ［２０１５．０１］
uploaded,新設,,A61K 35/612,,・・甲殻類，例．カニ，ロブスター，エビ，オキアミまたはザリガニ；フジツボ［２０１５．０１］
uploaded,新設,,A61K 35/614,,・・刺胞動物，例．イソギンチャク，サンゴ，サンゴ虫またはクラゲ［２０１５．０１］
uploaded,新設,,A61K 35/616,,・・棘皮動物，例．ヒトデ，ナマコまたはウニ［２０１５．０１］
uploaded,新設,,A61K 35/618,,・・軟体動物，例．淡水軟体動物，カキ，二枚貝，イカ，タコ，コウイカ，巻き貝またはナメクジ［２０１５．０１］
uploaded,新設,,A61K 35/63,,・・節足動物（水棲甲殻類Ａ６１Ｋ３５／６１２）［２０１５．０１］
uploaded,新設,,A61K 35/644,,・・・・みつろう；プロポリス；ロイヤルゼリー；はちみつ［２０１５．０１］
uploaded,新設,,A61K 35/646,,・・・クモ形類動物，例．クモ，サソリ，大型ダニまたは小型ダニ［２０１５．０１］
uploaded,新設,,A61K 35/648,,・・・多足類，例．ムカデまたはヤスデ［２０１５．０１］
uploaded,新設,,A61K 35/65,,・・両生類，例．ヒキガエル，カエル，サンショウウオまたはイモリ［２０１５．０１］
uploaded,新設,,A61K 35/655,,・・グループＡ６１Ｋ３５／５７～Ａ６１Ｋ３５／６５に分類されない水棲生物［２０１５．０１］
uploaded,新設,,A61K 35/741,,・・・腸内有益菌（腸内酵母，例．サッカロミセスＡ６１Ｋ３６／０６）［２０１５．０１］
uploaded,新設,,A61K 35/742,,・・・・芽胞形成菌，例．バチラスコアグランス，枯草菌，クロストリジウム属または有胞子性乳酸菌［２０１５．０１］
uploaded,新設,,A61K 35/744,,・・・・乳酸菌，例．エンテロコッカス属，ペディオコッカス属，ラクトコッカス属，連鎖球菌またはリューコノストック属［２０１５．０１］
uploaded,新設,,A61K 35/745,,・・・・・ビフィドバクテリウム属［２０１５．０１］
uploaded,新設,,A61K 35/747,,・・・・・ラクトバシラス属，例．アシドフィルス菌またはブレビス菌［２０１５．０１］
uploaded,新設,,A61K 35/748,,・・・シアノバクテリア，すなわち藍染細菌または藍藻類，例．スピルリナ（藻類，微細藻類または微細植物Ａ６１Ｋ３６／０２）［２０１５．０１］
uploaded,新設,,A61K 35/761,,・・・アデノウイルス［２０１５．０１］
uploaded,新設,,A61K 35/763,,・・・ヘルペスウイルス［２０１５．０１］
uploaded,新設,,A61K 35/765,,・・・レオウイルス；ロタウイルス［２０１５．０１］
uploaded,新設,,A61K 35/766,,・・・ラブドウイルス，例．水疱性口内炎ウイルス［２０１５．０１］
uploaded,新設,,A61K 35/768,,・・・グループＡ６１Ｋ３５／７６１～Ａ６１Ｋ３５／７６６に分類されない腫瘍溶解性ウイルス［２０１５．０１］
uploaded,新設,,A61K 36/00,,藻類，地衣類，菌類もしくは植物またはそれらの派生物からの物質を含有する構造未知の医薬品製剤，例．伝統的生薬［８］
uploaded,新設,,A61K 36/02,,・藻類［８］
uploaded,新設,,A61K 36/03,,・・褐藻植物，例．ヒバマタ［８］
uploaded,新設,,A61K 36/04,,・・紅藻植物，例．ノリ［８］
uploaded,新設,,A61K 36/05,,・・緑藻植物，例．クロレラ［８］
uploaded,新設,,A61K 36/06,,・菌類，例．酵母［８］
uploaded,新設,,A61K 36/06 A,,高等真菌
uploaded,新設,,A61K 36/06 Z,,その他
uploaded,新設,,A61K 36/062,,・・子嚢菌［８］
uploaded,新設,,A61K 36/064,,・・・サッカロミケス科，例．パン酵母［８］
uploaded,新設,,A61K 36/066,,・・・バッカクキン科［８］
uploaded,新設,,A61K 36/068,,・・・・冬虫夏草属［８］
uploaded,新設,,A61K 36/07,,・・担子菌，例．担子菌酵母［８］
uploaded,新設,,A61K 36/074,,・・・霊芝［８］
uploaded,新設,,A61K 36/076,,・・・ブクリョウ［８］
uploaded,新設,,A61K 36/09,,・地衣類［８］
uploaded,新設,,A61K 36/01,,・コケ植物門［８］
uploaded,新設,,A61K 36/11,,・シダ植物門［８］
uploaded,新設,,A61K 36/12,,・・シダ網［８］
uploaded,新設,,A61K 36/126,,・・・ドリナリア科［８］
uploaded,新設,,A61K 36/13,,・球果植物門［８］
uploaded,新設,,A61K 36/14,,・・ヒノキ科，例．ビャクシンまたはイトスギ［８］
uploaded,新設,,A61K 36/15,,・・マツ科，例．マツまたはヒマラヤスギ［８］
uploaded,新設,,A61K 36/16,,・イチョウ門，例．イチョウ科［８］
uploaded,新設,,A61K 36/17,,・マオウ門，例．マオウ科［８］
uploaded,新設,,A61K 36/18,,・被子植物門［８］
uploaded,新設,,A61K 36/185,,・・モクレン網（双子葉植物）［８］
uploaded,新設,,A61K 36/19,,・・・キツネノマゴ科［８］
uploaded,新設,,A61K 36/195,,・・・・イセハナビ属［８］
uploaded,新設,,A61K 36/02,,・・・カエデ科［８］
uploaded,新設,,A61K 36/21,,・・・ヒユ科，例．アオゲイトウ，ロックワートまたはセンニチコウ［８］
uploaded,新設,,A61K 36/22,,・・・ウルシ科，例．ハグマノキ，ウルシまたはポイズンオーク［８］
uploaded,新設,,A61K 36/23,,・・・セリ科，例．ディル，チャービル，コリアンダまたはクミン［８］
uploaded,新設,,A61K 36/232,,・・・・シシウド属［８］
uploaded,新設,,A61K 36/233,,・・・・ミシマサイコ属［８］
uploaded,新設,,A61K 36/234,,・・・・ハマゼリ属［８］
uploaded,新設,,A61K 36/235,,・・・・ウイキョウ属［８］
uploaded,新設,,A61K 36/236,,・・・・マルバトウキ属［８］
uploaded,新設,,A61K 36/237,,・・・・キョウカツ［８］
uploaded,新設,,A61K 36/238,,・・・・ボウフウ［８］
uploaded,新設,,A61K 36/24,,・・・キョウチクトウ科，例．プルメリアまたはツルニチソウ
uploaded,新設,,A61K 36/25,,・・・ウコギ科，例．アイヴィー，タラノキ，シェフレラまたはカミヤツデ［８］
uploaded,新設,,A61K 36/254,,・・・・ウコギ属［８］
uploaded,新設,,A61K 36/258,,・・・・オタネニンジン属［８］
uploaded,新設,,A61K 36/26,,・・・ウマノスズクサ科，例．カンアオイ［８］
uploaded,新設,,A61K 36/264,,・・・・ウマノスズクサ属［８］
uploaded,新設,,A61K 36/268,,・・・・フタバアオイ属［８］
uploaded,新設,,A61K 36/27,,・・・ガガイモ科，例．サクララン［８］
uploaded,新設,,A61K 36/28,,・・・キク科，例．カモミール，ナツシロギク，ノコギリソウまたはエキナセア［８］
uploaded,新設,,A61K 36/282,,・・・・ヨモギ属，例．ヨモギまたはヤマヨモギ［８］
uploaded,新設,,A61K 36/284,,・・・・オケラ属［８］
uploaded,新設,,A61K 36/285,,・・・・唐木香［８］
uploaded,新設,,A61K 36/286,,・・・・ベニバナ属［８］
uploaded,新設,,A61K 36/287,,・・・・キク属，例．ヒナギク［８］
uploaded,新設,,A61K 36/288,,・・・・タンポポ属［８］
uploaded,新設,,A61K 36/289,,・・・・川木香［８］
uploaded,新設,,A61K 36/29,,・・・メギ科，例．メギ，ショウマまたはアメリカミヤオソウ［８］
uploaded,新設,,A61K 36/296,,・・・・イカリソウ属［８］
uploaded,新設,,A61K 36/03,,・・・ムラサキ科，例．コンフリー，ラングワートまたはワスレナグサ［８］
uploaded,新設,,A61K 36/31,,・・・アブラナ科，例．ブロッコリー，キャベツまたはコールラビ［８］
uploaded,新設,,A61K 36/315,,・・・・タイセイ属，例．ホソバタイセイ［８］
uploaded,新設,,A61K 36/32,,・・・カンラン科［８］
uploaded,新設,,A61K 36/324,,・・・・ボスヴェリア，例．乳香［８］
uploaded,新設,,A61K 36/328,,・・・・コミフォラ属，例．没薬またはギリアドバルサム［８］
uploaded,新設,,A61K 36/33,,・・・サボテン科，例．ウチワサボテンまたはハシラサボテン
uploaded,新設,,A61K 36/34,,・・・キキョウ科［８］
uploaded,新設,,A61K 36/342,,・・・・ツリガネニンジン属［８］
uploaded,新設,,A61K 36/344,,・・・・ツルニンジン属［８］
uploaded,新設,,A61K 36/346,,・・・・キキョウ属［８］
uploaded,新設,,A61K 36/35,,・・・スイカズラ科［８］
uploaded,新設,,A61K 36/355,,・・・・スイカズラ属［８］
uploaded,新設,,A61K 36/36,,・・・ナデシコ科，例．カスミソウまたはサボンソウ［８］
uploaded,新設,,A61K 36/37,,・・・ニシキギ科，例．クロズルまたはオウシュウニシキギ［８］
uploaded,新設,,A61K 36/38,,・・・オトギリソウ科（ヒペリカムまたはマンゴスチン科），例．コモン・セントジヨーンズワート［８］
uploaded,新設,,A61K 36/39,,・・・ヒルガオ科，例．ヒルガオ［８］
uploaded,新設,,A61K 36/04,,・・・ミズキ科［８］
uploaded,新設,,A61K 36/41,,・・・ベンケイソウ科［８］
uploaded,新設,,A61K 36/42,,・・・ウリ科［８］
uploaded,新設,,A61K 36/424,,・・・・アマチャズル属［８］
uploaded,新設,,A61K 36/428,,・・・・カラスウリ属［８］
uploaded,新設,,A61K 36/43,,・・・ネナシカズラ科，例．ネナシカズラまたはクシロネナシカズラ［８］
uploaded,新設,,A61K 36/44,,・・・カキノキ科，例．カキ［８］
uploaded,新設,,A61K 36/45,,・・・ツツジ科またはコケモモ科，例．ブルーベリー，クランベリーまたはビルベリー［８］
uploaded,新設,,A61K 36/46,,・・・トチュウ科，例．トチュウ［８］
uploaded,新設,,A61K 36/47,,・・・トウダイグサ科，例．ヒマ（トウゴマ）［８］
uploaded,新設,,A61K 36/48,,・・・マメ科；ジャケツイバラ科；ネムノキ科；蝶形花亜科［８］
uploaded,新設,,A61K 36/481,,・・・・ゲンゲ属［８］
uploaded,新設,,A61K 36/482,,・・・・カワラケツメイ属，例．ナンバンサイカチ［８］
uploaded,新設,,A61K 36/483,,・・・・サイカチ属［８］
uploaded,新設,,A61K 36/484,,・・・・カンゾウ属［８］
uploaded,新設,,A61K 36/485,,・・・・ベイコウタイ属［８］
uploaded,新設,,A61K 36/486,,・・・・ナツフジ属［８］
uploaded,新設,,A61K 36/487,,・・・・オランダビユ属［８］
uploaded,新設,,A61K 36/488,,・・・・クズ属［８］
uploaded,新設,,A61K 36/489,,・・・・クララ属，例．イソフジまたはママネ［８］
uploaded,新設,,A61K 36/49,,・・・ブナ科，例．カシまたはトチ［８］
uploaded,新設,,A61K 36/05,,・・・ケマンソウ科，例．コマクサ［８］
uploaded,新設,,A61K 36/505,,・・・・キケマン属［８］
uploaded,新設,,A61K 36/51,,・・・リンドウ科［８］
uploaded,新設,,A61K 36/515,,・・・・リンドウ属［８］
uploaded,新設,,A61K 36/52,,・・・クルミ科［８］
uploaded,新設,,A61K 36/53,,・・・シソ科，例．タイム，ローズマリーまたはラベンダー［８］
uploaded,新設,,A61K 36/532,,・・・・カワミドリ属，例．アガズタケ［８］
uploaded,新設,,A61K 36/533,,・・・・メハジキ属［８］
uploaded,新設,,A61K 36/534,,・・・・ハッカ属［８］
uploaded,新設,,A61K 36/535,,・・・・シソ属［８］
uploaded,新設,,A61K 36/536,,・・・・ウツボグサ属［８］
uploaded,新設,,A61K 36/537,,・・・・サルビア属［８］
uploaded,新設,,A61K 36/538,,・・・・ケイガイ属［８］
uploaded,新設,,A61K 36/539,,・・・・タツナミソウ属［８］
uploaded,新設,,A61K 36/54,,・・・クスノキ科，例．シナモンまたはサッサフラス［８］
uploaded,新設,,A61K 36/55,,・・・アマ科，例．アマ［８］
uploaded,新設,,A61K 36/56,,・・・ホウライカズラ科，例．ノウゼンカズラまたはセッコンソウ［８］
uploaded,新設,,A61K 36/57,,・・・モクレン科［８］
uploaded,新設,,A61K 36/575,,・・・・モクレン属［８］
uploaded,新設,,A61K 36/58,,・・・センダン科，例．インドセンダン（ニーム）［８］
uploaded,新設,,A61K 36/59,,・・・ツヅラフジ科，例．アオツヅラフジまたはコーラルビーズ［８］
uploaded,新設,,A61K 36/06,,・・・クワ科，例．パンノキまたはイチジク［８］
uploaded,新設,,A61K 36/605,,・・・・クワ属［８］
uploaded,新設,,A61K 36/61,,・・・フトモモ科，例．ティーツリーまたはユーカリ［８］
uploaded,新設,,A61K 36/62,,・・・スイレン科［８］
uploaded,新設,,A61K 36/63,,・・・モクセイ科，例．ジャスミン，ライラックまたはネリコノキ［８］
uploaded,新設,,A61K 36/634,,・・・・レンギョウ属［８］
uploaded,新設,,A61K 36/638,,・・・・イボタノキ属，例．トウネズミモチ［８］
uploaded,新設,,A61K 36/64,,・・・ハマウツボ科［８］
uploaded,新設,,A61K 36/65,,・・・ボタン科，例．シャクヤク［８］
uploaded,新設,,A61K 36/66,,・・・ケシ科，例．アカネグサ［８］
uploaded,新設,,A61K 36/67,,・・・コショウ科，例．ジャマイカンペッパーまたはカバ［８］
uploaded,新設,,A61K 36/68,,・・・オオバコ科［８］
uploaded,新設,,A61K 36/69,,・・・ヒメハギ科［８］
uploaded,新設,,A61K 36/07,,・・・タデ科，例．スピンフラワーまたはギシギシ［８］
uploaded,新設,,A61K 36/704,,・・・・タデ属，例．タデ［８］
uploaded,新設,,A61K 36/708,,・・・・ダイオウ属［８］
uploaded,新設,,A61K 36/71,,・・・キンポウゲ科，例．ヒエンソウ，スハマソウ，ヒドラスチス，オダマキまたはゴールデンシール［８］
uploaded,新設,,A61K 36/714,,・・・・トリカブト属［８］
uploaded,新設,,A61K 36/716,,・・・・センニンソウ属［８］
uploaded,新設,,A61K 36/718,,・・・・オウレン属［８］
uploaded,新設,,A61K 36/72,,・・・クロウメモドキ科，例．クロウメモドキ，ハブラシノキまたはカサノキ［８］
uploaded,新設,,A61K 36/725,,・・・・ナツメ属，例．ナツメ［８］
uploaded,新設,,A61K 36/73,,・・・バラ科，例．イチゴ，チョコベリー，クロイチゴ，ナシまたはトキワサンザシ［８］
uploaded,新設,,A61K 36/732,,・・・・ボケ属，例．ボケ［８］
uploaded,新設,,A61K 36/734,,・・・・サンザシ属［８］
uploaded,新設,,A61K 36/736,,・・・・サクラ属，例．スモモ，サクランボ，モモ，アンズまたはアーモンド［８］
uploaded,新設,,A61K 36/738,,・・・・バラ属［８］
uploaded,新設,,A61K 36/739,,・・・・ワレモコウ属［８］
uploaded,新設,,A61K 36/74,,・・・アカネ科［８］
uploaded,新設,,A61K 36/744,,・・・・クチナシ属［８］
uploaded,新設,,A61K 36/746,,・・・・ヤエヤマアオキ属［８］
uploaded,新設,,A61K 36/748,,・・・・フタバムグラ属［８］
uploaded,新設,,A61K 36/75,,・・・ミカン科［８］
uploaded,新設,,A61K 36/752,,・・・・ミカン属，例．ライム，オレンジまたはレモン［８］
uploaded,新設,,A61K 36/754,,・・・・ゴシュユ属［８］
uploaded,新設,,A61K 36/756,,・・・・キハダ属，例．キハダ［８］
uploaded,新設,,A61K 36/758,,・・・・サンショウ属，例．サンショウ［８］
uploaded,新設,,A61K 36/76,,・・・ヤナギ科，例．ポプラ［８］
uploaded,新設,,A61K 36/77,,・・・ムクロジ科，例．ライチまたはムクロジ［８］
uploaded,新設,,A61K 36/78,,・・・ドクダミ科［８］
uploaded,新設,,A61K 36/79,,・・・マツブサ科［８］
uploaded,新設,,A61K 36/08,,・・・ゴマノハグサ科［８］
uploaded,新設,,A61K 36/804,,・・・・ジオウ属［８］
uploaded,新設,,A61K 36/808,,・・・・ゴマノハグサ属［８］
uploaded,新設,,A61K 36/81,,・・・ナス科，例．タバコ，イヌホウズキ，トマト，ベラドンナ，トウガラシまたはチョウセンアサガオ［８］
uploaded,新設,,A61K 36/815,,・・・・クコ属［８］
uploaded,新設,,A61K 36/82,,・・・ツバキ科，例．ツバキ［８］
uploaded,新設,,A61K 36/83,,・・・ジンチョウゲ科，例．カワノキまたはフォルス・オヘロ［８］
uploaded,新設,,A61K 36/835,,・・・・ジンコウ属［８］
uploaded,新設,,A61K 36/84,,・・・オミナエシ科，例．カノコソウ［８］
uploaded,新設,,A61K 36/85,,・・・クマツヅラ科［８］
uploaded,新設,,A61K 36/855,,・・・・クサギ属，例．クサギ［８］
uploaded,新設,,A61K 36/86,,・・・スミレ科［８］
uploaded,新設,,A61K 36/87,,・・・ブドウ科，例．ヨーロッパブドウ，マスカダインまたはペパー・バイン［８］
uploaded,新設,,A61K 36/88,,・・ユリ綱（単子葉植物）［８］
uploaded,新設,,A61K 36/882,,・・・ショウブ科，例．スイートフラッグまたはショウブ［８］
uploaded,新設,,A61K 36/884,,・・・オモダカ科［８］
uploaded,新設,,A61K 36/886,,・・・アロエ科，例．アロエ・ベラ［８］
uploaded,新設,,A61K 36/888,,・・・サトイモ科，例．カラジウム，カイウまたはミズバショウ［８］
uploaded,新設,,A61K 36/8884,,・・・・テンナンショウ属，例．マムシグサ［８］
uploaded,新設,,A61K 36/8888,,・・・・ハンゲ属［８］
uploaded,新設,,A61K 36/889,,・・・ヤシ科，例．ナツメヤシ若しくはココヤシの木またはパルメット［８］
uploaded,新設,,A61K 36/8895,,・・・・トウ属，例．トウ［８］
uploaded,新設,,A61K 36/89,,・・・カヤツリグサ科［８］
uploaded,新設,,A61K 36/8905,,・・・・シペラス属［８］
uploaded,新設,,A61K 36/894,,・・・ヤマノイモ科［８］
uploaded,新設,,A61K 36/8945,,・・・・ヤムイモ，例．ヤム，ナガイモまたはダイジョ［８］
uploaded,新設,,A61K 36/896,,・・・ユリ科，例．ゼンテイカ，ギボウシ，ヒヤシンスまたはスイセン［８］
uploaded,新設,,A61K 36/8962,,・・・・ネギ属，例．栽培用タマネギ，ネギ，ニンニクまたはチャイブ［８］
uploaded,新設,,A61K 36/8964,,・・・・ハナスゲ［８］
uploaded,新設,,A61K 36/8965,,・・・・アスパラガス，例．栽培用アスパラガスまたはシノブボウキ［８］
uploaded,新設,,A61K 36/8966,,・・・・バイモ属，例．ヨウラクユリまたはミッションベル［８］
uploaded,新設,,A61K 36/8967,,・・・・ユリ属，例．オニユリまたはテッポウユリ［８］
uploaded,新設,,A61K 36/8968,,・・・・ジャノヒゲ属［８］
uploaded,新設,,A61K 36/8969,,・・・・アマドコロ属［８］
uploaded,新設,,A61K 36/898,,・・・ラン科［８］
uploaded,新設,,A61K 36/8984,,・・・・セッコク属［８］
uploaded,新設,,A61K 36/8988,,・・・・オニノヤガラ属［８］
uploaded,新設,,A61K 36/899,,・・・イネ科，例．タケ，トウモロコシまたはサトウキビ［８］
uploaded,新設,,A61K 36/8994,,・・・・ジュズダマ属［８］
uploaded,新設,,A61K 36/8998,,・・・・オオムギ属［８］
uploaded,新設,,A61K 36/09,,・・・サルトリイバラ科，例．サルトリイバラまたはサルサパリラ［８］
uploaded,新設,,A61K 36/902,,・・・ミクリ科［８］
uploaded,新設,,A61K 36/904,,・・・ビャクブ科，例．ナベワリ［８］
uploaded,新設,,A61K 36/906,,・・・ショウガ科［８］
uploaded,新設,,A61K 36/9062,,・・・・ハナミショウガ属，例．レッドジンジャーまたはリョウキョウ［８］
uploaded,新設,,A61K 36/9064,,・・・・アモマム属，例．ラウンドカルダモン［８］
uploaded,新設,,A61K 36/9066,,・・・・ウコン属，例．コモン・ターメリック，東インドアロールートまたはマンゴー・ジンジャー［８］
uploaded,新設,,A61K 36/9068,,・・・・ショウガ属，例．栽培用ショウガ［８］
uploaded,新設,,A61K125:00,,根，球根，塊茎，球茎または地下茎を含有するものまたはこれらから得られるもの［８］
uploaded,新設,,A61K127:00,,葉を含有するものまたはこれから得られるもの［８］
uploaded,新設,,A61K129:00,,樹皮を含有するものまたはこれから得られるもの［８］
uploaded,新設,,A61K131:00,,種子，木の実，果実または穀物を含有するものまたはこれから得られるもの［８］
uploaded,新設,,A61K133:00,,花を含有するものまたはこれらから得られるもの［８］
uploaded,新設,,A61K135:00,,茎，柄，枝，小枝または新芽を含有するものまたはこれらから得られるもの［８］
uploaded,新設,,A61M 21/00 A,,覚醒に関するもの
uploaded,新設,,A61M 21/00 B,,・フィードバックが行われるもの
uploaded,新設,,A61M 21/00 Z,,その他のもの
uploaded,新設,,A61M 21/02,,・睡眠またはリラクゼーションを誘発するためのもの，例．直接的神経刺激，催眠，無痛法によるもの（マッサージのためのものＡ６１Ｈ；電気治療Ａ６１Ｎ，例．麻酔を導入するため交流または間欠電流を適用するものＡ６１Ｎ１／３４）［５］
uploaded,新設,,A61M 21/02 A,,睡眠に関するもの
uploaded,新設,,A61M 21/02 B,,・光刺激を与えるもの
uploaded,新設,,A61M 21/02 C,,・音刺激を与えるもの
uploaded,新設,,A61M 21/02 D,,・電気刺激を与えるもの，例．低周波によるもの
uploaded,新設,,A61M 21/02 E,,・２種以上の刺激を与えるもの
uploaded,新設,,A61M 21/02 F,,・夢に関するもの
uploaded,新設,,A61M 21/02 G,,・フィードバックが行われるもの
uploaded,新設,,A61M 21/02 H,,精神の賦活又はリラックス
uploaded,新設,,A61M 21/02 J,,・フィードバックが行われるもの
uploaded,新設,,A61M 21/02 Z,,その他のもの
uploaded,新設,,A63B 49/022,,・・フレーム上のガットガイド，例．グロメット［２０１５．０１］
uploaded,新設,,A63B 49/025,,・・ガットの端部を留めるフレーム上の手段［２０１５．０１］
uploaded,新設,,A63B 49/028,,・・ガット面の可動性を高める手段［２０１５．０１］
uploaded,新設,,A63B 49/03,,・・スロート部，すなわちヘッドとシャフトの間の部分または部材，により特徴付けられるもの［２０１５．０１］
uploaded,新設,,A63B 49/032,,・・・Ｔ型接続部材［２０１５．０１］
uploaded,新設,,A63B 49/035,,・・容易に取り外すことのできる部品，例．ヘッド，シャフトまたはグリップ，を有するもの［２０１５．０１］
uploaded,新設,,A63B 49/038,,・・ガットを張り替えるためのヘッドサブフレームを有するもの［２０１５．０１］
uploaded,新設,,A63B 49/11,,・・・膨張式のチューブを有するもの，例．製作時に膨張させるもの［２０１５．０１］
uploaded,新設,,A63B 51/005,,・ガットの張力を測定する装置（ガット張り時に張力を制御するものＡ６３Ｂ５１／１４）［２０１５．０１］
uploaded,新設,,A63B 51/01,,・フレームに挿入する準備のできている予め張られたガットセット［２０１５．０１］
uploaded,新設,,A63B 51/015,,・ガットを整列する道具［２０１５．０１］
uploaded,新設,,A63B 51/11,,・・ガットの交点用の中間部材［２０１５．０１］
uploaded,新設,,A63B 55/02,,・ボールの特殊容器を有するもの［２０１５．０１］
uploaded,新設,,A63B 55/03,,・車輪付きバッグ［２０１５．０１］
uploaded,新設,,A63B 55/04,,・仕切りまたはクラブ保持具付バッグ［２０１５．０１］
uploaded,新設,,A63B 55/05,,・支持体，例．地上に固定する装置を有するもの［２０１５．０１］
uploaded,新設,,A63B 55/53,,・・バッグを地上に置くと自動的に開く脚を有するもの［２０１５．０１］
uploaded,新設,,A63B 55/57,,・・三脚または類似の支持架を有するバッグ［２０１５．０１］
uploaded,新設,,A63B 55/06,,・ゴルフバッグに特に適合した車輪付き運搬具［２０１５．０１］
uploaded,新設,,A63B 55/06 A,,手押しカート
uploaded,新設,,A63B 55/06 B,,動力付カート
uploaded,新設,,A63B 55/06 C,,軌道走行カート
uploaded,新設,,A63B 55/06 D,,リモコン式又は誘導式
uploaded,新設,,A63B 55/06 E,,電気的なもの
uploaded,新設,,A63B 55/06 F,,人荷共用
uploaded,新設,,A63B 55/06 Z,,その他のもの
uploaded,新設,,A63B 57/01,,・ゴルフティー［２０１５．０１］
uploaded,新設,,A63B 57/12,,・・紐に係止されているもの［２０１５．０１］
uploaded,新設,,A63B 57/13,,・・中折れまたは分離するもの［２０１５．０１］
uploaded,新設,,A63B 57/15,,・・高さを調節できるもの［２０１５．０１］
uploaded,新設,,A63B 57/16,,・・ブラシ状ティー［２０１５．０１］
uploaded,新設,,A63B 57/18,,・・筆記具が付いたもの［２０１５．０１］
uploaded,新設,,A63B 57/19,,・・方向片が付いたもの［２０１５．０１］
uploaded,新設,,A63B 57/02,,・保持具，例．ティーまたはボール用［２０１５．０１］
uploaded,新設,,A63B 57/03,,・マーカー［２０１５．０１］
uploaded,新設,,A63B 57/35,,・・磁性保持するもの［２０１５．０１］
uploaded,新設,,A63B 57/04,,・ゴルフカップまたはホール［２０１５．０１］
uploaded,新設,,A63B 57/05,,・コースの保全に特に適合したもの［２０１５．０１］
uploaded,新設,,A63B 57/06,,・ゴルフクラブ，パター，靴またはその他のゴルフ付属品の清掃または保全（ゴルフクラブまたはパターのハンドルまたはグリップを清掃する装置Ａ６３Ｂ６０／３６）［２０１５．０１］
uploaded,新設,,A63B 59/02,,・ボールを捕獲または保持するための手段，例．ポケット，ネットまたは粘着式の表面，を有するもの，例．ラクロスまたはペロタ用［２０１５．０１］
uploaded,新設,,A63B 59/03,,・リング，ディスク，輪または筒状の投擲体を使用するための，または中央に穴のあるボールを使用するための投擲または捕獲を手持ち式で補助するもの［２０１５．０１］
uploaded,新設,,A63B 59/04,,・空中にあるボールを打つための平らな打撃面を有するラケットまたは類似物，例．卓球用［２０１５．０１］
uploaded,新設,,A63B 59/42,,・・表面が密であるもの［２０１５．０１］
uploaded,新設,,A63B 59/45,,・・・そのためのラバー部材；ラバー部材とラケット本体の間の接着により特徴付けられるもの［２０１５．０１］
uploaded,新設,,A63B 59/48,,・・表面が孔を有するもの［２０１５．０１］
uploaded,新設,,A63B 59/05,,・空中にあるボールを打つための実質的に棒状のバット，例．野球用［２０１５．０１］
uploaded,新設,,A63B 59/51,,・・金属製のもの［２０１５．０１］
uploaded,新設,,A63B 59/52,,・・木製または竹製のもの［２０１５．０１］
uploaded,新設,,A63B 59/54,,・・プラスチック製のもの［２０１５．０１］
uploaded,新設,,A63B 59/55,,・・非円形の断面を有するもの［２０１５．０１］
uploaded,新設,,A63B 59/56,,・・ヘッドにより特徴付けられるもの［２０１５．０１］
uploaded,新設,,A63B 59/58,,・・形状により特徴付けられるもの（Ａ６３Ｂ５９／５５，Ａ６３Ｂ５９／５６が優先）［２０１５．０１］
uploaded,新設,,A63B 59/59,,・・発音器を有するもの，例．そのために内部で動く部材を有するもの［２０１５．０１］
uploaded,新設,,A63B 59/06,,・木槌型のもの，例．クローケー用［２０１５．０１］
uploaded,新設,,A63B 59/07,,・地上，氷上，または空中にあるボールを打つために屈曲したまたは角度が付いた下部を有するもの，例．ホッケーまたはハーリング用［２０１５．０１］
uploaded,新設,,A63B 59/08,,・円形のバットまたはパドルでグループＡ６３Ｂ５９／２０～Ａ６３Ｂ５９／７０に包含されないもの［２０１５．０１］
uploaded,新設,,A63B 60/00,,ゴルフクラブ，バット，ラケットまたは類似物の細部または付属品［２０１５．０１］
uploaded,新設,,A63B 60/02,,・重心を調節するためのおもり（Ａ６３Ｂ６０／２４，Ａ６３Ｂ６０／５４が優先）［２０１５．０１］
uploaded,新設,,A63B 60/04,,・・動かせるおもり［２０１５．０１］
uploaded,新設,,A63B 60/06,,・ハンドル（ガット張りラケットのフレームに構造的に付随するものＡ６３Ｂ４９／０８）［２０１５．０１］
uploaded,新設,,A63B 60/08,,・・材料により特徴付けられるもの［２０１５．０１］
uploaded,新設,,A63B 60/01,,・・正しい握り位置を示す手段を有するもの（Ａ６３Ｂ６０／１２が優先）［２０１５．０１］
uploaded,新設,,A63B 60/12,,・・ユーザーの手の形状に沿って外形付けられたもの［２０１５．０１］
uploaded,新設,,A63B 60/14,,・・ハンドルに特に適合したカバー，例，筒またはテープ［２０１５．０１］
uploaded,新設,,A63B 60/16,,・・キャップ；フェルール［２０１５．０１］
uploaded,新設,,A63B 60/18,,・・冷却する，通風するまたは汗を除去する手段，例．穴または粉体ディスペンサ，を有するもの［２０１５．０１］
uploaded,新設,,A63B 60/02,,・・２つのハンドグリップを有するもの［２０１５．０１］
uploaded,新設,,A63B 60/22,,・・調節できるハンドル［２０１５．０１］
uploaded,新設,,A63B 60/24,,・・・加重ハンドル［２０１５．０１］
uploaded,新設,,A63B 60/26,,・・・剛性を調整できるもの［２０１５．０１］
uploaded,新設,,A63B 60/28,,・・・長さを調節できるもの［２０１５．０１］
uploaded,新設,,A63B 60/03,,・・・周囲の長さを調節できるもの［２０１５．０１］
uploaded,新設,,A63B 60/32,,・・長軸に対してハンドルの角度位置を変える手段を有するもの［２０１５．０１］
uploaded,新設,,A63B 60/34,,・・ハンドルの軸が主軸と異なるもの［２０１５．０１］
uploaded,新設,,A63B 60/36,,・ハンドルまたはグリップを清掃する装置［２０１５．０１］
uploaded,新設,,A63B 60/38,,・ボールを保管および供給する構造的に付随した手段を有するもの［２０１５．０１］
uploaded,新設,,A63B 60/04,,・打撃面の内側，縁または裏面に把持手段を有するもの［２０１５．０１］
uploaded,新設,,A63B 60/42,,・ゴルフクラブ，バット，ラケットまたは類似物の固有の特性を測定，検証，修正またはカスタマイズする装置，例．打撃時にシャフトが耐えることのできる最大トルクを測定するもの［２０１５．０１］
uploaded,新設,,A63B 60/44,,・・ガット張りラケット用ラケットプレス［２０１５．０１］
uploaded,新設,,A63B 60/46,,・スポーツ活動に関連する物理的パラメータを測定するための，ゴルフクラブ，バット，ラケットまたは類似物に付随する測定装置，例．衝撃表示器を有する野球バットまたはゴルフスイングを測定するブレスレット［２０１５．０１］
uploaded,新設,,A63B 60/48,,・波形の断面を有するもの［２０１５．０１］
uploaded,新設,,A63B 60/05,,・貫通孔を有するもの（Ａ６３Ｂ６０／１８が優先；ガット張りを目的とするものＡ６３Ｂ４９／００）［２０１５．０１］
uploaded,新設,,A63B 60/52,,・スリットを有するもの［２０１５．０１］
uploaded,新設,,A63B 60/54,,・振動を減衰する手段を有するもの［２０１５．０１］
uploaded,新設,,A63B 60/56,,・保護，保管または運搬する装置，例．スタンドまたはケース［２０１５．０１］
uploaded,新設,,A63B 60/58,,・・ラケットに特に適合したもの［２０１５．０１］
uploaded,新設,,A63B 60/06,,・・バットに特に適合したもの［２０１５．０１］
uploaded,新設,,A63B 60/62,,・・クラブに特に適合したもの，例．ヘッドカバー［２０１５．０１］
uploaded,新設,,A63B 60/64,,・・・ゴルフクラブのさや［２０１５．０１］
uploaded,新設,,A63B102:00,,クラブ，バット，ラケットまたは類似物のスポーツ活動への適用［２０１５．０１］
uploaded,新設,,A63B102:02,,・テニス［２０１５．０１］
uploaded,新設,,A63B102:04,,・バドミントン［２０１５．０１］
uploaded,新設,,A63B102:06,,・スカッシュ［２０１５．０１］
uploaded,新設,,A63B102:08,,・パドルテニス，パデルテニスまたはプラットホームテニス［２０１５．０１］
uploaded,新設,,A63B102:10,,・バトルドア［２０１５．０１］
uploaded,新設,,A63B102:12,,・羽根突き［２０１５．０１］
uploaded,新設,,A63B102:14,,・ラクロス［２０１５．０１］
uploaded,新設,,A63B102:16,,・卓球［２０１５．０１］
uploaded,新設,,A63B102:18,,・野球，ラウンダーまたは類似のゲーム［２０１５．０１］
uploaded,新設,,A63B102:20,,・クリケット［２０１５．０１］
uploaded,新設,,A63B102:22,,・ホッケー［２０１５．０１］
uploaded,新設,,A63B102:24,,・アイスホッケー［２０１５．０１］
uploaded,新設,,A63B102:26,,・ハーリング［２０１５．０１］
uploaded,新設,,A63B102:28,,・バンディ［２０１５．０１］
uploaded,新設,,A63B102:30,,・フロアボール［２０１５．０１］
uploaded,新設,,A63B102:32,,・ゴルフ［２０１５．０１］
uploaded,新設,,A63B102:34,,・ポロ［２０１５．０１］
uploaded,新設,,A63B102:36,,・クローケー［２０１５．０１］
uploaded,新設,,A63B102:38,,・ゲートボール［２０１５．０１］
uploaded,新設,,B01D 53/02 100,,・・吸着剤の充填または排出方法に特徴のあるもの
uploaded,新設,,B01D 53/04 110,,・・・吸着剤を配置するための構造，例．エレメント，カートリッジ，容器，キャニスタまたは塔槽，に特徴のあるもの
uploaded,新設,,B01D 53/04 111,,・・・・燃料タンクからの蒸発防止装置に用いられるもの
uploaded,新設,,B01D 53/04 220,,・・・吸着剤を直接加熱して再生するもの
uploaded,新設,,B01D 53/04 230,,・・・吸着剤に再生ガスを流すもの
uploaded,新設,,B01D 53/04 240,,・・・吸着剤を水洗して再生するもの
uploaded,新設,,B01D 53/04 600,,・・・低温で吸着を行うもの
uploaded,新設,,B01D 53/047,,・・・圧力スウィング吸着［６］
uploaded,新設,,B01D 53/053,,・・・・貯蔵容器または緩衝容器を有するもの［６］
uploaded,新設,,B01D 53/06 100,,・・・回転式
uploaded,新設,,B01D 53/14 100,,・・乾式吸収
uploaded,新設,,B01D 53/14 200,,・・湿式吸収
uploaded,新設,,B01D 53/14 210,,・・・液体吸収剤の選択
uploaded,新設,,B01D 53/14 220,,・・・液体吸収剤の活性化または再生
uploaded,新設,,B01D 53/14 311,,・・脱酸素
uploaded,新設,,B01D 53/18 110,,・・・液中吹込式
uploaded,新設,,B01D 53/18 120,,・・・回転式
uploaded,新設,,B01D 53/18 130,,・・・充填塔式
uploaded,新設,,B01D 53/18 140,,・・・棚段式
uploaded,新設,,B01D 53/18 150,,・・・スプレー式
uploaded,新設,,B01D 53/18 160,,・・・ぬれ壁式
uploaded,新設,,B01D 53/18 170,,・・・静止型混合器を用いるもの，例．ベンチュリースクラバー，ジェットスクラバーまたはエゼクター
uploaded,新設,,B01D 53/26 100,,・・冷却または凝縮によるもの
uploaded,新設,,B01D 53/26 200,,・・吸着または乾式吸収によるもの
uploaded,新設,,B01D 53/26 210,,・・・動力を有さない小型吸湿具，例．吸湿材を充填した簡易除湿器，食品包装用乾燥剤または実験用デシケータ，をもちいるもの
uploaded,新設,,B01D 53/26 220,,・・・回転式
uploaded,新設,,B01D 53/26 230,,・・・固定式
uploaded,新設,,B01D 53/26 231,,・・・・多床切換え式
uploaded,新設,,B01D 53/26 300,,・・湿式吸収によるもの
uploaded,新設,,B01D 53/38,,・・構造が特定されない成分の除去［６］
uploaded,新設,,B01D 53/38 100,,・・・臭気物質
uploaded,新設,,B01D 53/38 110,,・・・・吸着または乾式吸収によるもの；土壌による脱臭（Ｂ０１Ｄ５３／３８　１３０，Ｂ０１Ｄ５３／３８　１４０，Ｂ０１Ｄ５３／３８　１５０が優先）
uploaded,新設,,B01D 53/38 111,,・・・・・簡易脱臭具，例．脱臭シートまたは脱臭エレメント，を用いるもの
uploaded,新設,,B01D 53/38 120,,・・・・湿式吸収によるもの；活性汚泥による脱臭（Ｂ０１Ｄ５３／３８　１３０，Ｂ０１Ｄ５３／３８　１４０，Ｂ０１Ｄ５３／３８　１５０が優先）
uploaded,新設,,B01D 53/38 130,,・・・・オゾンを用いるもの
uploaded,新設,,B01D 53/38 140,,・・・・凝縮によるもの
uploaded,新設,,B01D 53/38 150,,・・・・燃焼または熱分解処理を併用するもの
uploaded,新設,,B01D 53/04,,・・・酸性成分（Ｂ０１Ｄ５３／４４が優先）［６］
uploaded,新設,,B01D 53/04 200,,・・・・湿式吸収によるもの
uploaded,新設,,B01D 53/04 210,,・・・・・無機化合物含有吸収液を用いるもの
uploaded,新設,,B01D 53/04 220,,・・・・・有機化合物含有吸収液を用いるもの
uploaded,新設,,B01D 53/42,,・・・塩基性成分（Ｂ０１Ｄ５３／４４が優先）［６］
uploaded,新設,,B01D 53/44,,・・・有機成分［６］
uploaded,新設,,B01D 53/44 100,,・・・・有機溶剤の除去
uploaded,新設,,B01D 53/44 110,,・・・・・吸着または乾式吸収によるもの（Ｂ０１Ｄ５３／４４　１３０，Ｂ０１Ｄ５３／４４　１４０が優先）
uploaded,新設,,B01D 53/44 120,,・・・・・湿式吸収によるもの（Ｂ０１Ｄ５３／４４　１３０，Ｂ０１Ｄ５３／４４　１４０が優先）
uploaded,新設,,B01D 53/44 130,,・・・・・凝縮によるもの
uploaded,新設,,B01D 53/44 140,,・・・・・燃焼または熱分解処理を併用するもの
uploaded,新設,,B01D 53/46,,・・構造が特定される成分の除去［６］
uploaded,新設,,B01D 53/48,,・・・硫黄化合物［６］
uploaded,新設,,B01D 53/48 100,,・・・・有機硫黄化合物
uploaded,新設,,B01D 53/05,,・・・・硫黄酸化物（Ｂ０１Ｄ５３／６０が優先）［６］
uploaded,新設,,B01D 53/05 100,,・・・・・吸着または乾式吸収によるもの
uploaded,新設,,B01D 53/05 110,,・・・・・・活性炭または炭素質吸着剤を用いるもの
uploaded,新設,,B01D 53/05 200,,・・・・・湿式吸収によるもの
uploaded,新設,,B01D 53/05 220,,・・・・・・アンモニアまたはアンモニウム化合物を吸収剤として用いるもの
uploaded,新設,,B01D 53/05 230,,・・・・・・アルカリ金属化合物を吸収剤として用いるもの
uploaded,新設,,B01D 53/05 240,,・・・・・・アルカリ土類金属化合物を吸収剤として用いるもの
uploaded,新設,,B01D 53/05 245,,・・・・・・・カルシウム化合物を吸収剤として用いるもの，例．石灰－石膏法
uploaded,新設,,B01D 53/05 250,,・・・・・・アルミニウム化合物を吸収剤として用いるもの
uploaded,新設,,B01D 53/05 260,,・・・・・・有機化合物含有吸収液を用いるもの
uploaded,新設,,B01D 53/05 270,,・・・・・・水または海水を吸収液とするもの
uploaded,新設,,B01D 53/05 290,,・・・・・・吸収排液の処理に特徴のあるもの
uploaded,新設,,B01D 53/05 291,,・・・・・・・複分解法，例．亜硫曹－石膏法または亜硫安－石膏法
uploaded,新設,,B01D 53/52,,・・・・硫化水素［６］
uploaded,新設,,B01D 53/52 200,,・・・・・湿式吸収によるもの
uploaded,新設,,B01D 53/52 210,,・・・・・・無機化合物含有吸収液を用いるもの
uploaded,新設,,B01D 53/52 220,,・・・・・・有機化合物含有吸収液を用いるもの
uploaded,新設,,B01D 53/54,,・・・窒素化合物［６］
uploaded,新設,,B01D 53/56,,・・・・窒素酸化物（Ｂ０１Ｄ５３／６０が優先）［６］
uploaded,新設,,B01D 53/56 100,,・・・・・吸着によるもの
uploaded,新設,,B01D 53/56 200,,・・・・・湿式吸収によるもの
uploaded,新設,,B01D 53/56 210,,・・・・・・吸収液中で錯塩を形成させることによるもの
uploaded,新設,,B01D 53/56 220,,・・・・・・吸収液中で酸化することによるもの
uploaded,新設,,B01D 53/56 230,,・・・・・・吸収液中で還元することによるもの
uploaded,新設,,B01D 53/56 300,,・・・・・無触媒還元によるもの
uploaded,新設,,B01D 53/56 310,,・・・・・・還元剤注入量の制御
uploaded,新設,,B01D 53/56 400,,・・・・・電気的処理；電磁波による処理；音波による処理
uploaded,新設,,B01D 53/58,,・・・・アンモニア［６］
uploaded,新設,,B01D 53/06,,・・・硫黄酸化物と窒素酸化物の同時除去［６］
uploaded,新設,,B01D 53/06 200,,・・・・湿式吸収によるもの
uploaded,新設,,B01D 53/06 300,,・・・・電気的処理；電磁波による処理；音波による処理
uploaded,新設,,B01D 53/62,,・・・炭素酸化物［６］
uploaded,新設,,B01D 53/62 100,,・・・・一酸化炭素
uploaded,新設,,B01D 53/64,,・・・重金属またはその化合物，例．水銀［６］
uploaded,新設,,B01D 53/64 100,,・・・・水銀
uploaded,新設,,B01D 53/66,,・・・オゾン［６］
uploaded,新設,,B01D 53/68,,・・・ハロゲンまたはハロゲン化合物［６］
uploaded,新設,,B01D 53/68 100,,・・・・塩素または無機塩素化合物の除去（Ｂ０１Ｄ５３／７０，Ｂ０１Ｄ５３／６８　２００が優先）
uploaded,新設,,B01D 53/68 120,,・・・・・湿式吸収によるもの
uploaded,新設,,B01D 53/68 200,,・・・・弗素，臭素，沃素，無機弗素化合物，無機臭素化合物または無機沃素化合物の除去（Ｂ０１Ｄ５３／７０が優先）
uploaded,新設,,B01D 53/68 220,,・・・・・湿式吸収によるもの
uploaded,新設,,B01D 53/07,,・・・・有機ハロゲン化合物［６］
uploaded,新設,,B01D 53/07 200,,・・・・・湿式吸収によるもの
uploaded,新設,,B01D 53/72,,・・・グループＢ０１Ｄ５３／４８～Ｂ０１Ｄ５３／７０に分類されない有機化合物，例．炭化水素［６］
uploaded,新設,,B01D 53/72 200,,・・・・湿式吸収によるもの
uploaded,新設,,B01D 53/73,,・・除去成分の後処理［６］
uploaded,新設,,B01D 53/73 500,,・・・触媒による処理の後処理
uploaded,新設,,B01D 53/74,,・・廃ガス浄化のための一般的方法；そのため特に適合した装置または器具（Ｂ０１Ｄ５３／９２が優先）［６］
uploaded,新設,,B01D 53/75,,・・・多段階方法［６］
uploaded,新設,,B01D 53/76,,・・・気相法，例．エアロゾルを用いるもの［６］
uploaded,新設,,B01D 53/77,,・・・液相方法［６］
uploaded,新設,,B01D 53/78,,・・・・気液接触によるもの［６］
uploaded,新設,,B01D 53/78 100,,・・・・・白煙防止
uploaded,新設,,B01D 53/79,,・・・・反応物質注入［６］
uploaded,新設,,B01D 53/08,,・・・半固相法，すなわち，スラリーの使用によるもの［６］
uploaded,新設,,B01D 53/81,,・・・固相法［６］
uploaded,新設,,B01D 53/82,,・・・・固定反応物質によるもの［６］
uploaded,新設,,B01D 53/83,,・・・・移動反応物質によるもの［６］
uploaded,新設,,B01D 53/84,,・・・生物学的方法［６］
uploaded,新設,,B01D 53/85,,・・・・気固接触によるもの［６］
uploaded,新設,,B01D 53/86,,・・・触媒による方法［６］
uploaded,新設,,B01D 53/86 100,,・・・・構造が特定されない成分の除去
uploaded,新設,,B01D 53/86 110,,・・・・・臭気物質
uploaded,新設,,B01D 53/86 150,,・・・・・有機成分
uploaded,新設,,B01D 53/86 200,,・・・・構造が特定される成分の除去
uploaded,新設,,B01D 53/86 210,,・・・・・硫黄化合物
uploaded,新設,,B01D 53/86 212,,・・・・・・硫黄酸化物（Ｂ０１Ｄ５３／８６　２３０が優先）
uploaded,新設,,B01D 53/86 217,,・・・・・・硫化水素
uploaded,新設,,B01D 53/86 220,,・・・・・窒素化合物
uploaded,新設,,B01D 53/86 222,,・・・・・・窒素酸化物（Ｂ０１Ｄ５３／８６　２３０が優先）
uploaded,新設,,B01D 53/86 223,,・・・・・・・過剰酸素または酸化性物質共存下での還元
uploaded,新設,,B01D 53/86 228,,・・・・・・アンモニア
uploaded,新設,,B01D 53/86 230,,・・・・・硫黄酸化物と窒素酸化物の同時除去
uploaded,新設,,B01D 53/86 241,,・・・・・未燃カーボン
uploaded,新設,,B01D 53/86 243,,・・・・・炭素酸化物
uploaded,新設,,B01D 53/86 245,,・・・・・・一酸化炭素
uploaded,新設,,B01D 53/86 250,,・・・・・重金属またはその化合物，例．水銀
uploaded,新設,,B01D 53/86 260,,・・・・・オゾン
uploaded,新設,,B01D 53/86 270,,・・・・・ハロゲン化物
uploaded,新設,,B01D 53/86 275,,・・・・・・有機ハロゲン化合物
uploaded,新設,,B01D 53/86 280,,・・・・・Ｂ０１Ｄ５３／８６　２１０～Ｂ０１Ｄ５３／８６　２７５に分類されない有機化合物の除去
uploaded,新設,,B01D 53/88,,・・・・触媒の取扱いまたは取付け［６］
uploaded,新設,,B01D 53/09,,・・・・反応物質注入［６］
uploaded,新設,,B01D 53/92,,・・エンジン排気ガスに適用されるもの（排気ガスを浄化するか，または他の処理をする手段を有する排気装置Ｆ０１Ｎ３／００）［６］
uploaded,新設,,B01D 53/92 100,,・・・構造が特定されない成分の除去
uploaded,新設,,B01D 53/92 110,,・・・・臭気物質
uploaded,新設,,B01D 53/92 111,,・・・・・吸着または乾式吸収によるもの；土壌による脱臭（Ｂ０１Ｄ５３／９２　１１５が優先）
uploaded,新設,,B01D 53/92 113,,・・・・・湿式吸収によるもの；活性汚泥による脱臭（Ｂ０１Ｄ５３／９２　１１５が優先）
uploaded,新設,,B01D 53/92 115,,・・・・・燃焼または熱分解処理を併用するもの
uploaded,新設,,B01D 53/92 120,,・・・・酸性成分（Ｂ０１Ｄ５３／９２　１４０が優先）
uploaded,新設,,B01D 53/92 130,,・・・・塩基性成分（Ｂ０１Ｄ５３／９２　１４０が優先）
uploaded,新設,,B01D 53/92 150,,・・・・有機成分
uploaded,新設,,B01D 53/92 200,,・・・構造が特定される成分の除去
uploaded,新設,,B01D 53/92 210,,・・・・硫黄化合物
uploaded,新設,,B01D 53/92 212,,・・・・・硫黄酸化物（Ｂ０１Ｄ５３／９２　２３０が優先）
uploaded,新設,,B01D 53/92 213,,・・・・・・吸着または乾式吸収によるもの
uploaded,新設,,B01D 53/92 215,,・・・・・・湿式吸収によるもの
uploaded,新設,,B01D 53/92 218,,・・・・・硫化水素
uploaded,新設,,B01D 53/92 220,,・・・・窒素化合物
uploaded,新設,,B01D 53/92 222,,・・・・・窒素酸化物（Ｂ０１Ｄ５３／９２　２３０が優先）
uploaded,新設,,B01D 53/92 223,,・・・・・・吸着によるもの
uploaded,新設,,B01D 53/92 224,,・・・・・・湿式吸収によるもの
uploaded,新設,,B01D 53/92 225,,・・・・・・無触媒還元によるもの
uploaded,新設,,B01D 53/92 226,,・・・・・・・還元剤注入量の制御
uploaded,新設,,B01D 53/92 227,,・・・・・・電気的処理；電磁波による処理；音波による処理
uploaded,新設,,B01D 53/92 228,,・・・・・アンモニア
uploaded,新設,,B01D 53/92 230,,・・・・硫黄酸化物と窒素酸化物の同時除去
uploaded,新設,,B01D 53/92 235,,・・・・・電気的処理；電磁波による処理；音波による処理
uploaded,新設,,B01D 53/92 240,,・・・・炭素酸化物
uploaded,新設,,B01D 53/92 242,,・・・・・一酸化炭素
uploaded,新設,,B01D 53/92 250,,・・・・重金属またはその化合物，例．水銀
uploaded,新設,,B01D 53/92 260,,・・・・オゾン
uploaded,新設,,B01D 53/92 270,,・・・・ハロゲンまたはハロゲン化合物
uploaded,新設,,B01D 53/92 275,,・・・・・有機ハロゲン化合物
uploaded,新設,,B01D 53/92 280,,・・・・グループＢ０１Ｄ５３／９２　２１０～Ｂ０１Ｄ５３／９２　２７５に分類されない有機化合物，例．炭化水素
uploaded,新設,,B01D 53/92 300,,・・・エンジン排気ガス浄化のための一般的方法；そのため特に適合した装置または器具
uploaded,新設,,B01D 53/92 310,,・・・・多段階方法
uploaded,新設,,B01D 53/92 320,,・・・・気相法，例．エアロゾルを用いるもの
uploaded,新設,,B01D 53/92 330,,・・・・液相方法
uploaded,新設,,B01D 53/92 331,,・・・・・気液接触によるもの
uploaded,新設,,B01D 53/92 335,,・・・・・反応物質注入
uploaded,新設,,B01D 53/92 340,,・・・・半固相法，すなわち，スラリーの使用によるもの
uploaded,新設,,B01D 53/92 350,,・・・・固相法
uploaded,新設,,B01D 53/92 352,,・・・・・固定反応物質によるもの
uploaded,新設,,B01D 53/92 354,,・・・・・移動反応物質によるもの
uploaded,新設,,B01D 53/92 360,,・・・・生物学的方法
uploaded,新設,,B01D 53/92 370,,・・・・・気固接触によるもの
uploaded,新設,,B01D 53/94,,・・・触媒による方法によるもの［６］
uploaded,新設,,B01D 53/94 100,,・・・・構造が特定されない成分の除去
uploaded,新設,,B01D 53/94 110,,・・・・・臭気
uploaded,新設,,B01D 53/94 150,,・・・・・有機成分
uploaded,新設,,B01D 53/94 200,,・・・・構造が特定される成分の除去
uploaded,新設,,B01D 53/94 210,,・・・・・硫黄化合物
uploaded,新設,,B01D 53/94 212,,・・・・・・硫黄酸化物（Ｂ０１Ｄ５３／９４　２３０が優先）
uploaded,新設,,B01D 53/94 217,,・・・・・・硫化水素
uploaded,新設,,B01D 53/94 220,,・・・・・窒素化合物
uploaded,新設,,B01D 53/94 222,,・・・・・・窒素酸化物（Ｂ０１Ｄ５３／９４　２３０が優先）
uploaded,新設,,B01D 53/94 223,,・・・・・・・過剰酸素または酸化性物質共存下での還元
uploaded,新設,,B01D 53/94 228,,・・・・・・アンモニア
uploaded,新設,,B01D 53/94 230,,・・・・・硫黄酸化物と窒素酸化物の同時除去
uploaded,新設,,B01D 53/94 241,,・・・・・未燃カーボン
uploaded,新設,,B01D 53/94 243,,・・・・・炭素酸化物
uploaded,新設,,B01D 53/94 245,,・・・・・・一酸化炭素
uploaded,新設,,B01D 53/94 250,,・・・・・重金属またはその化合物，例．水銀
uploaded,新設,,B01D 53/94 260,,・・・・・オゾン
uploaded,新設,,B01D 53/94 270,,・・・・・ハロゲン化物
uploaded,新設,,B01D 53/94 275,,・・・・・・有機ハロゲン化合物
uploaded,新設,,B01D 53/94 280,,・・・・・Ｂ０１Ｄ５３／９４　２００～Ｂ０１Ｄ５３／９４　２７５に分類されない有機化合物の除去
uploaded,新設,,B01D 53/94 300,,・・・・触媒の取扱いまたは取付け
uploaded,新設,,B01D 53/94 400,,・・・・反応物質注入
uploaded,新設,,B01D 53/96,,・・反応物質の再生，再活性化または再生利用［６］
uploaded,新設,,B01D 53/96 500,,・・・触媒の再生または再活性化
uploaded,新設,,B21B 37/00 210,,・段取制御
uploaded,新設,,B21B 37/00 220,,・最適圧延制御；パススケジュール
uploaded,新設,,B21B 37/00 221,,・・板材のためのもの
uploaded,新設,,B21B 37/00 221 A,,リールを有しない可逆圧延機のためのもの
uploaded,新設,,B21B 37/00 221 Z,,その他
uploaded,新設,,B21B 37/00 222,,・・条材のためもの
uploaded,新設,,B21B 37/00 230,,・先進率制御
uploaded,新設,,B21B 37/00 240,,・トラッキング制御
uploaded,新設,,B21B 37/00 241,,・・板材のためのもの
uploaded,新設,,B21B 37/00 242,,・・条材または管材のためのもの
uploaded,新設,,B21B 37/00 250,,・製品の圧延間ピッチを制御するもの
uploaded,新設,,B21B 37/00 260,,・セットアップ
uploaded,新設,,B21B 37/00 261,,・・板材のためのもの
uploaded,新設,,B21B 37/00 261 A,,圧延機の零点設定
uploaded,新設,,B21B 37/00 261 B,,ミルセットアップＢａｒ　ｔｏ　Ｂａｒによる制御
uploaded,新設,,B21B 37/00 261 C,,ミルセットアップ適応修正
uploaded,新設,,B21B 37/00 261 Z,,その他
uploaded,新設,,B21B 37/00 262,,・・管材のためのもの
uploaded,新設,,B21B 37/00 263,,・・条材のためもの
uploaded,新設,,B21B 37/00 270,,・板材以外のための形状制御
uploaded,新設,,B21B 37/00 271,,・・管材のためのもの
uploaded,新設,,B21B 37/00 272,,・・条材のためもの
uploaded,新設,,B21B 37/00 300,,・Ｂ２１Ｂ３７／００，２１０～Ｂ２１Ｂ３７／００，２７２に分類されない制御
uploaded,新設,,B21B 37/16,,・厚さ，幅，直径またはその他横断寸法の制御（Ｂ２１Ｂ３７／５８が優先）［６］
uploaded,新設,,B21B 37/16 110,,・・径の制御
uploaded,新設,,B21B 37/16 111,,・・・条材のためのもの
uploaded,新設,,B21B 37/16 112,,・・・管材のためのもの
uploaded,新設,,B21B 37/16 120,,・・その他の寸法の制御
uploaded,新設,,B21B 37/16 121,,・・・条材のためのもの
uploaded,新設,,B21B 37/16 122,,・・・管材のためのもの
uploaded,新設,,B21B 37/16 122 A,,肉厚制御
uploaded,新設,,B21B 37/16 122 B,,偏肉防止制御
uploaded,新設,,B21B 37/16 122 Z,,その他
uploaded,新設,,B21B 37/18,,・・自動板厚制御［ＡＧＣ］［６］
uploaded,新設,,B21B 37/18 110,,・・・材料の厚さに応答するもの
uploaded,新設,,B21B 37/18 110 A,,モニター自動板厚制御［モニターＡＧＣ］
uploaded,新設,,B21B 37/18 110 B,,フィードフォワード自動板厚制御［Ｆ．Ｆ．ＡＧＣ］
uploaded,新設,,B21B 37/18 110 Z,,その他
uploaded,新設,,B21B 37/18 120,,・・・圧延圧力，ロール開度またはロールのたわみに応答するもの
uploaded,新設,,B21B 37/18 120 A,,ゲージメータ自動板厚制御［ゲージメータＡＧＣ］
uploaded,新設,,B21B 37/18 120 B,,ゲージメータ自動板厚制御［ゲージメータＡＧＣ］及びゲージメータフィードフォワード自動板厚制御［ゲージメータＦ．Ｆ．ＡＧＣ］を併用したもの
uploaded,新設,,B21B 37/18 120 Z,,その他
uploaded,新設,,B21B 37/18 130,,・・・加減速時のもの
uploaded,新設,,B21B 37/18 130 A,,加減速自動板厚制御［加減速ＡＧＣ］
uploaded,新設,,B21B 37/18 130 B,,油膜厚補償自動板厚制御［油膜厚補償ＡＧＣ］
uploaded,新設,,B21B 37/18 130 Z,,その他
uploaded,新設,,B21B 37/18 A,,ゲージメータ自動板厚制御［ゲージメータＡＧＣ］及びモニター自動板厚制御［モニターＡＧＣ］を併用したもの
uploaded,新設,,B21B 37/18 B,,ゲージメータフィードフォワード自動板厚制御［ゲージメータＦ．Ｆ．ＡＧＣ］及びモニターフィードフォワード自動板厚制御［モニターＦ．Ｆ．ＡＧＣ］を併用したもの
uploaded,新設,,B21B 37/18 E,,異速圧延機におけるもの
uploaded,新設,,B21B 37/18 F,,特殊圧延機，例．クロスロール圧延機または１スタンドマルチパス圧延機，におけるもの
uploaded,新設,,B21B 37/18 Z,,その他
uploaded,新設,,B21B 37/02,,・・・タンデムミルにおけるもの［６］
uploaded,新設,,B21B 37/02 110,,・・・・材料の厚さに応答するもの
uploaded,新設,,B21B 37/02 110 A,,モニター自動板厚制御［モニターＡＧＣ］
uploaded,新設,,B21B 37/02 110 B,,フィードフォワード自動板厚制御［Ｆ．Ｆ．ＡＧＣ］
uploaded,新設,,B21B 37/02 110 Z,,その他
uploaded,新設,,B21B 37/02 120,,・・・・圧延圧力，ロール開度またはロールのたわみに応答するもの
uploaded,新設,,B21B 37/02 120 A,,ゲージメータ自動板厚制御［ゲージメータＡＧＣ］
uploaded,新設,,B21B 37/02 120 Z,,その他
uploaded,新設,,B21B 37/02 A,,ゲージメータ自動板厚制御［ゲージメータＡＧＣ］及びモニター自動板厚制御［モニターＡＧＣ］を併用したもの
uploaded,新設,,B21B 37/02 B,,ゲージメータフィードフォワード自動板厚制御［ゲージメータＦ．Ｆ．ＡＧＣ］及びモニターフィードフォワード自動板厚制御［モニターＦ．Ｆ．ＡＧＣ］を併用したもの
uploaded,新設,,B21B 37/02 Z,,その他
uploaded,新設,,B21B 37/22,,・・横方向伸び制御；幅制御，例．エッジ圧延によるもの［６］
uploaded,新設,,B21B 37/22 A,,竪ロールを使用するもの
uploaded,新設,,B21B 37/22 Z,,その他
uploaded,新設,,B21B 37/24,,・・予定のプログラムに応じて厚さを自動的に変えるもの［６］
uploaded,新設,,B21B 37/26,,・・・種々の一定厚さの連続長さをもつ１つの帯材を得るためのもの［６］
uploaded,新設,,B21B 37/28,,・帯材，薄板材または板材の圧延中の平坦度または形状の制御［６］
uploaded,新設,,B21B 37/28 110,,・・帯材，薄板材または板材のクラウンに関するもの
uploaded,新設,,B21B 37/28 110 A,,圧下によるもの
uploaded,新設,,B21B 37/28 110 Z,,その他
uploaded,新設,,B21B 37/28 120,,・・帯材，薄板材または板材のエッジに関するもの
uploaded,新設,,B21B 37/28 130,,・・帯材，薄板材または板材の平面形状に関するもの
uploaded,新設,,B21B 37/28 140,,・・帯材，薄板材または板材の反りに関するもの
uploaded,新設,,B21B 37/28 A,,張力調整によるもの
uploaded,新設,,B21B 37/28 B,,異速圧延手段によるもの
uploaded,新設,,B21B 37/28 C,,ロール軸傾斜制御によるもの，例．クロスロールミルを用いることによるもの
uploaded,新設,,B21B 37/28 Z,,その他
uploaded,新設,,B21B 37/03,,・・ロールキャンバー制御を用いるもの［６］
uploaded,新設,,B21B 37/03 A,,圧下によるメカニカルクラウン制御
uploaded,新設,,B21B 37/03 Z,,その他
uploaded,新設,,B21B 37/32,,・・・ロールの冷却，加熱または潤滑によるもの［６］
uploaded,新設,,B21B 37/32 A,,ロールの冷却または加熱によるもの
uploaded,新設,,B21B 37/32 B,,複雑な加熱手段または冷却手段を使用するもの
uploaded,新設,,B21B 37/32 C,,・ロール軸方向の熱分布を操作するもの
uploaded,新設,,B21B 37/32 D,,ロールの潤滑によるもの
uploaded,新設,,B21B 37/32 Z,,その他
uploaded,新設,,B21B 37/34,,・・・ロールの液圧膨張によるもの［６］
uploaded,新設,,B21B 37/36,,・・・液圧支持手段により非回転ロールシャフト上におけるロールスリーブの半径方向変位によるもの［６］
uploaded,新設,,B21B 37/38,,・・ロールベンディングを用いるもの（Ｂ２１Ｂ３７／４２が優先）［６］
uploaded,新設,,B21B 37/38 110,,・・・帯材，薄板材または板材のクラウンのみに関するもの
uploaded,新設,,B21B 37/38 A,,板長手方向における形状制御及び板クラウン制御を行うもの
uploaded,新設,,B21B 37/38 B,,多段クラスタ圧延機を対象とするもの
uploaded,新設,,B21B 37/38 C,,長手方向板厚制御も行うもの
uploaded,新設,,B21B 37/38 D,,ロール有効接触長固定制御によるもの
uploaded,新設,,B21B 37/38 Z,,その他
uploaded,新設,,B21B 37/04,,・・ロールの軸方向移動を用いるもの（Ｂ２１Ｂ３７／４２が優先）［６］
uploaded,新設,,B21B 37/04 110,,・・・帯材，薄板材または板材のクラウンのみに関するもの
uploaded,新設,,B21B 37/04 A,,作業ロール軸方向移動制御によるもの，例．ワークロールシフトミルを用いることによるもの
uploaded,新設,,B21B 37/04 Z,,その他
uploaded,新設,,B21B 37/42,,・・ロールベンディングとロールの軸方向移動の組合せを用いるもの［６］
uploaded,新設,,B21B 37/44,,・・製品の加熱，潤滑または水噴霧冷却を用いるもの［６］
uploaded,新設,,B21B 37/46,,・ロールの速度または駆動モーター制御（Ｂ２１Ｂ３７／５２，Ｂ２１Ｂ３７／６０が優先）［６］
uploaded,新設,,B21B 37/46 110,,・・板材のためのもの
uploaded,新設,,B21B 37/46 110 A,,リールを有する圧延機の自動減速に関するもの
uploaded,新設,,B21B 37/46 110 Z,,その他
uploaded,新設,,B21B 37/46 111,,・・タンデムミルに関するもの
uploaded,新設,,B21B 37/46 112,,・・可逆圧延機に関するもの
uploaded,新設,,B21B 37/46 112 A,,中間貯蔵リールを有するもの
uploaded,新設,,B21B 37/46 112 Z,,その他
uploaded,新設,,B21B 37/46 120,,・・条材又は管材のためのもの
uploaded,新設,,B21B 37/48,,・張力制御；圧縮力制御［６］
uploaded,新設,,B21B 37/48 A,,条材のためのもの
uploaded,新設,,B21B 37/48 B,,管材のためのもの
uploaded,新設,,B21B 37/48 C,,ループ制御
uploaded,新設,,B21B 37/48 D,,タンデムミルに関するもの
uploaded,新設,,B21B 37/48 Z,,その他
uploaded,新設,,B21B 37/05,,・・ルーパー制御によるもの［６］
uploaded,新設,,B21B 37/52,,・・駆動モーター制御によるもの［６］
uploaded,新設,,B21B 37/54,,・・・巻取巻戻機の駆動制御を含むもの，例．可逆圧延機［６］
uploaded,新設,,B21B 37/56,,・伸び率制御［６］
uploaded,新設,,B21B 37/58,,・ロール圧下力制御；ロール間隙制御［６］
uploaded,新設,,B21B 37/58 A,,ロール圧下位置制御
uploaded,新設,,B21B 37/58 B,,・左右圧下位置制御，例．片圧下レベリング
uploaded,新設,,B21B 37/58 C,,ロール圧下力制御
uploaded,新設,,B21B 37/58 D,,特定検出信号に応答するもの
uploaded,新設,,B21B 37/58 Z,,その他
uploaded,新設,,B21B 37/06,,・・圧下スクリューを駆動するモーター制御によるもの［６］
uploaded,新設,,B21B 37/62,,・・液圧調整装置の制御によるもの［６］
uploaded,新設,,B21B 37/62 A,,油圧圧下ラム位置を制御するもの
uploaded,新設,,B21B 37/62 B,,油圧圧下ラム圧を制御するもの
uploaded,新設,,B21B 37/62 C,,・定圧式液圧圧下力制御
uploaded,新設,,B21B 37/62 Z,,その他
uploaded,新設,,B21B 37/64,,・・ミル剛性またはロール剛性補償システム，例．プレストレス圧延スタンドの制御［６］
uploaded,新設,,B21B 37/66,,・・ロール偏心補償システム［６］
uploaded,新設,,B21B 37/68,,・帯材，薄板材または板材のためのキャンバーまたはステアリング制御，例．曲がりくねりを防ぐもの［６］
uploaded,新設,,B21B 37/68 A,,オフセンタ量に関するもの
uploaded,新設,,B21B 37/68 B,,エッジャガイドによるもの
uploaded,新設,,B21B 37/68 C,,ロール軸方向移動制御によるもの
uploaded,新設,,B21B 37/68 D,,温度または変形抵抗を制御するもの
uploaded,新設,,B21B 37/68 Z,,その他
uploaded,新設,,B21B 37/07,,・長さ制御（Ｂ２１Ｂ３７／５６が優先）［６］
uploaded,新設,,B21B 37/07 A,,管材のためのもの
uploaded,新設,,B21B 37/07 Z,,その他
uploaded,新設,,B21B 37/72,,・後端制御；前端制御［６］
uploaded,新設,,B21B 37/74,,・温度制御，例．ロールまたは製品の冷却または加熱によるもの（Ｂ２１Ｂ３７／３２，Ｂ２１Ｂ３７／４４が優先）［６］
uploaded,新設,,B21B 37/74 A,,帯材，薄板材または板材のためのもの
uploaded,新設,,B21B 37/74 B,,条材のためのもの
uploaded,新設,,B21B 37/74 C,,管材のためのもの
uploaded,新設,,B21B 37/74 Z,,その他
uploaded,新設,,B21B 37/76,,・・ランアウトテーブルの冷却制御［６］
uploaded,新設,,B21B 37/76 A,,帯材，薄板材または板材のためのもの
uploaded,新設,,B21B 37/76 B,,条材のためのもの
uploaded,新設,,B21B 37/76 C,,管材のためのもの
uploaded,新設,,B21B 37/76 Z,,その他
uploaded,新設,,B21B 37/78,,・管圧延の制御［６］
uploaded,新設,,B21B 38/00,,金属圧延機に特に適用される測定方法または装置，例．位置探知，製品検査［６］
uploaded,新設,,B21B 38/00 A,,ロールの軸力を測定するもの
uploaded,新設,,B21B 38/00 B,,スケール厚を測定するもの
uploaded,新設,,B21B 38/00 C,,温度を測定するもの
uploaded,新設,,B21B 38/00 D,,振動，チャタリングまたはチャタリングマークを監視または検出するもの
uploaded,新設,,B21B 38/00 E,,速度を測定するもの
uploaded,新設,,B21B 38/00 F,,疵または品質の検査または検出
uploaded,新設,,B21B 38/00 G,,異常検知
uploaded,新設,,B21B 38/00 Z,,その他
uploaded,新設,,B21B 38/02,,・帯材の平坦度または形状を測定するためのもの［６］
uploaded,新設,,B21B 38/04,,・製品の厚さ，幅，直径またはその他の横断寸法を測定するためのもの［６］
uploaded,新設,,B21B 38/04 A,,長さまたは幅の測定
uploaded,新設,,B21B 38/04 B,,厚みの測定
uploaded,新設,,B21B 38/04 Z,,その他
uploaded,新設,,B21B 38/06,,・張力または圧縮力を測定するためのもの［６］
uploaded,新設,,B21B 38/08,,・ロール圧力を測定するためのもの［６］
uploaded,新設,,B21B 38/01,,・ロール間隙を測定するためのもの，例．パス表示器［６］
uploaded,新設,,B21B 38/01 A,,ロールギャップの校正またはプリセットのためのもの
uploaded,新設,,B21B 38/01 Z,,その他
uploaded,新設,,B21B 38/12,,・ロールキャンバーを測定するためのもの［６］
uploaded,新設,,B22C 3/02,,・特に減圧造型に適用されるもの［６］
uploaded,新設,,B22C 5/13,,・・減圧造型中に鋳枠を充すためのもの
uploaded,新設,,B22C 15/23,,・ガス圧力または減圧により型込めするもの［６］
uploaded,新設,,B22C 15/264,,・・鋳型材料の充填後に型込めするもの［６］
uploaded,新設,,B22C 15/268,,・・・爆発燃焼を伴うもの［６］
uploaded,新設,,B22C 15/272,,・・・圧縮ガスの貯蔵を伴うもの［６］
uploaded,新設,,B22C 15/276,,・・・減圧によるもの，例．減圧造型方法［６］
uploaded,新設,,B22C 19/01,,・塗型密着用装置［６］
uploaded,新設,,B32B 1/00 A,,積層体を形成するのに特に適した，例．形づくられた基台に連続的に層を適用することによる，方法
uploaded,新設,,B32B 1/00 Z,,その他のもの
uploaded,新設,,B32B 37/00,,積層の方法または装置，例．硬化結合または超音波結合によるもの［８］
uploaded,新設,,B32B 37/02,,・積層工程の順序に特徴のあるもの，例．連続的な積層装置での新たな層の追加［８］
uploaded,新設,,B32B 37/04,,・少なくとも１つの層の部分的融解に特徴のあるもの［８］
uploaded,新設,,B32B 37/06,,・加熱方法に特徴のあるもの［８］
uploaded,新設,,B32B 37/08,,・冷却方法に特徴のあるもの［８］
uploaded,新設,,B32B 37/01,,・プレス技術に特徴のあるもの，例．真空または流体圧力の直接作用を用いるもの［８］
uploaded,新設,,B32B 37/12,,・接着剤の使用に特徴のあるもの［８］
uploaded,新設,,B32B 37/14,,・層の性質に特徴のあるもの［８］
uploaded,新設,,B32B 37/14 A,,プラスチックまたは可塑状態の物質からのもの
uploaded,新設,,B32B 37/14 Z,,その他のもの
uploaded,新設,,B32B 37/15,,・・少なくとも１つの，製造され安定状態前に即座に重ねた層を有するもの，例．押し出した後，半融解状態で重ねた層を有するもの［８］
uploaded,新設,,B32B 37/16,,・・すべての層が積層前に予め形成されているもの［８］
uploaded,新設,,B32B 37/18,,・・・分割されたシートまたはパネルのみの組立を伴うもの［８］
uploaded,新設,,B32B 37/02,,・・・連続したウェブのみの組立てを伴うもの［８］
uploaded,新設,,B32B 37/22,,・・・分割した層および連続した層の両方の組立を伴うもの［８］
uploaded,新設,,B32B 37/24,,・・少なくとも１つの，積層前に予め形成されていない層を有するもの，例．素材上に撒かれた顆粒状の物質から作られたもの（Ｂ３２Ｂ３７／１５が優先）［８］
uploaded,新設,,B32B 37/26,,・・少なくとも１つの，積層過程での結合に影響する層を有するもの，例．剥離層または圧力を均等にする層［８］
uploaded,新設,,B32B 37/28,,・後の工程で平らにされる，平らでない中間製品の組立てを伴うもの，例．チューブ［８］
uploaded,新設,,B32B 37/03,,・部分的な積層［８］
uploaded,新設,,B32B 38/00,,積層過程に伴う付随的操作［８］
uploaded,新設,,B32B 38/04,,・パンチング，スリットの形成または穴あけ［８］
uploaded,新設,,B32B 38/06,,・エンボス加工［８］
uploaded,新設,,B32B 38/08,,・含浸［８］
uploaded,新設,,B32B 38/01,,・層またはその一部の，機械的または化学的除去（パンチング，スリットの形成または穴あけＢ３２Ｂ３８／０４）［８］
uploaded,新設,,B32B 38/12,,・深しぼり［８］
uploaded,新設,,B32B 38/14,,・印刷または着色［８］
uploaded,新設,,B32B 38/16,,・乾燥；軟化；清浄［８］
uploaded,新設,,B32B 38/18,,・層または積層体の取扱い［８］
uploaded,新設,,B32B 38/18 A,,組立てられた層の処理を特徴とするもの
uploaded,新設,,B32B 38/18 B,,・機械的に処理するもの
uploaded,新設,,B32B 38/18 C,,・・切断または他のやり方での分離を特徴とするもの
uploaded,新設,,B32B 38/18 D,,・・表面処理を特徴とするもの
uploaded,新設,,B32B 38/18 E,,・非機械的に処理するもの
uploaded,新設,,B32B 38/18 F,,・赤外線以外の輻射を特徴とするもの
uploaded,新設,,B32B 38/18 Z,,その他のもの
uploaded,新設,,B32B 39/00,,装置またはプラントのレイアウト，例．モジュラー積層システム［８］
uploaded,新設,,B32B 41/00,,積層過程の，監視または制御のための装置；安全装置［８］
uploaded,新設,,B32B 41/02,,・安全装置［８］
uploaded,新設,,B32B 43/00,,積層体に特に適合する操作であって他に分類されない操作，例．補修；そのための装置［８］
uploaded,新設,,B33Y 10/00,,付加製造の工程［２０１５．０１］
uploaded,新設,,B33Y 30/00,,付加製造の装置；それらの詳細またはそれらのための付属品［２０１５．０１］
uploaded,新設,,B33Y 40/00,,予備作業または機器，例．材料取扱のため［２０１５．０１］
uploaded,新設,,B33Y 50/00,,付加製造のためのデータ取得またはデータ処理［２０１５．０１］
uploaded,新設,,B33Y 50/02,,・付加製造工程の制御または調節［２０１５．０１］
uploaded,新設,,B33Y 70/00,,付加製造に特別に適合した材料［２０１５．０１］
uploaded,新設,,B33Y 80/00,,付加製造により製造された製品［２０１５．０１］
uploaded,新設,,B33Y 99/00,,このサブクラスの他のグループに分類されない主題事項［２０１５．０１］
uploaded,新設,,B60R 16/023,,・・車両部品またはサブシステム間での信号伝達のためのもの［８］
uploaded,新設,,B60R 16/023 A,,光通信による多重化によるもの
uploaded,新設,,B60R 16/023 B,,・周波数分割による多重化
uploaded,新設,,B60R 16/023 C,,・時分割による多重化
uploaded,新設,,B60R 16/023 J,,周波数分割による多重化（Ｂ６０Ｒ１６／０２３Ｂが優先）
uploaded,新設,,B60R 16/023 P,,時分割による多重化（Ｂ６０Ｒ１６／０２３Ｃが優先）
uploaded,新設,,B60R 16/023 Z,,その他のもの
uploaded,新設,,B60R 16/027,,・・・当該車両の相対的に可動な部品間におけるもの，例．ステアリングホイールとコラム間におけるもの［８］
uploaded,新設,,B60R 16/027 A,,ステアリングホイールにおけるパッド静止保持機構に関するもの
uploaded,新設,,B60R 16/027 B,,・カム機構によるパッド静止保持機構
uploaded,新設,,B60R 16/027 C,,・遊星歯車機構によるパッド静止保持機構
uploaded,新設,,B60R 16/027 J,,ステアリングホイールにおける信号伝達に関するもの
uploaded,新設,,B60R 16/027 K,,・光信号によるもの
uploaded,新設,,B60R 16/027 L,,・・多重化による信号伝達
uploaded,新設,,B60R 16/027 M,,・・光電リングなどの導光体に関するもの
uploaded,新設,,B60R 16/027 N,,・・光スイッチに関するもの
uploaded,新設,,B60R 16/027 P,,・・受光器または発光器の配置に関するもの
uploaded,新設,,B60R 16/027 Q,,・通電機構に関するもの
uploaded,新設,,B60R 16/027 R,,・・スリップリングに関するもの
uploaded,新設,,B60R 16/027 S,,・・ケーブルに関するもの
uploaded,新設,,B60R 16/027 T,,スイッチまたは計器の配置に関するもの
uploaded,新設,,B60R 16/027 Z,,その他のもの
uploaded,新設,,B60R 16/03,,・・車両のサブシステムへの電力の供給のためのもの［８］
uploaded,新設,,B60R 16/03 A,,複数の電源を有するもの
uploaded,新設,,B60R 16/03 J,,発電回路に関するもの
uploaded,新設,,B60R 16/03 K,,・オルタネータに関するもの
uploaded,新設,,B60R 16/03 S,,電源電圧の調整に関するもの
uploaded,新設,,B60R 16/03 T,,・定電圧に関するもの
uploaded,新設,,B60R 16/03 V,,外部電源の接続に関するもの
uploaded,新設,,B60R 16/03 Z,,その他のもの
uploaded,新設,,B60R 16/033,,・・・電池の使用に特徴のあるもの［８］
uploaded,新設,,B60R 16/033 B,,電源の切換に関するもの
uploaded,新設,,B60R 16/033 C,,補助電源に関するもの
uploaded,新設,,B60R 16/033 D,,充電用電源に関するもの
uploaded,新設,,B60R 16/033 P,,過放電防止に関するもの
uploaded,新設,,B60R 16/033 Q,,・タイマーを組み込んだもの
uploaded,新設,,B60R 16/033 Z,,その他のもの
uploaded,新設,,B60R 16/037,,・・乗員の快適性のためのもの［８］
uploaded,新設,,B60R 21/201,,・・・・膨張可能な部材を梱包するためのストラップ又は包装［２０１１．０１］
uploaded,新設,,B60R 21/206,,・・・・・ダッシュボードの下方におけるもの，例．膝保護用［２０１１．０１］
uploaded,新設,,B60R 21/214,,・・・・ルーフパネルにおけるもの［２０１１．０１］
uploaded,新設,,B60R 21/2155,,・・・・・カバーの動きが複雑であるもの；展開中にライニングの裏面に引き込むもの［２０１１．０１］
uploaded,新設,,B60R 21/216,,・・・・・展開中のカバーの動きを規制するテザーを含むもの［２０１１．０１］
uploaded,新設,,B60R 21/2165,,・・・・・開口部を規定するテアラインに特徴のあるもの［２０１１．０１］
uploaded,新設,,B60R 21/232,,・・・・・主として上縁から垂直方向へ展開するカーテン型エアバッグ［２０１１．０１］
uploaded,新設,,B60R 21/2334,,・・・・・形状調整されるもの［２０１１．０１］
uploaded,新設,,B60R 21/2338,,・・・・・・テザーを用いるもの［２０１１．０１］
uploaded,新設,,B60R 21/2342,,・・・・・・テアシームを用いるもの［２０１１．０１］
uploaded,新設,,B60R 21/2346,,・・・・・・ソフトディフューザを用いるもの［２０１１．０１］
uploaded,新設,,B60R 21/261,,・・・・袋体構造以外の手段により，膨張流体の流れを拡散又はガイドするもの［２０１１．０１］
uploaded,新設,,B60R 21/262,,・・・・・細長い管状のディフューザ，例．カーテン型エアバッグ用［２０１１．０１］
uploaded,新設,,B60R 21/263,,・・・・可変供給源，例．複数の段階又は制御された出力（ハイブリッドインフレータＢ６０Ｒ２１／２７２）［２０１１．０１］
uploaded,新設,,B60R 21/274,,・・・・・流体の供給源を破裂又は開放する手段に特徴のあるもの［２０１１．０１］
uploaded,新設,,B60R 21/36,,・・エアバッグを用いるもの［２０１１．０１］
uploaded,新設,,B60R 21/38,,・・ボンネットを持ち上げるもの［２０１１．０１］
uploaded,新設,,B62B 3/065,,・・・液圧を利用したリフト手段を有するもの［６］
uploaded,新設,,B62B 3/14,,・入れ子式または積み重ねるための設備を特徴とするもの，例．買物用手押車［６］
uploaded,新設,,B62B 3/16,,・・垂直に積み重ねできるもの［６］
uploaded,新設,,B62B 3/18,,・・揺動する積荷支持体または積荷支持部分により入れ子にできるもの，例．バスケット［６］
uploaded,新設,,B62B 5/08,,・子供用座席（Ｂ６２Ｂ３／１４が優先）［６］
uploaded,新設,,B62D 25/13,,・・・・ウオーターデフレクタ［５］
uploaded,新設,,B62D 25/24,,・可動または取り外し可能の閉鎖部材をもつ入口のある上部構造の構成体（車両の燃料タンクのための入口カバーＢ６０Ｋ１５／０５）［５］
uploaded,新設,,B62D 25/24 A,,排水または排液用プラグ（プラグそれ自体Ｆ１６Ｊ１３／１４）
uploaded,新設,,B62D 25/24 Z,,その他のもの，例．点検蓋（Ｂ６２Ｄ２５／１０Ｊ，Ｂ６２Ｄ２５／１０Ｋ優先）
uploaded,新設,,B62D 33/00 A,,調整自在のもの
uploaded,新設,,B62D 33/00 Z,,その他のもの
uploaded,新設,,B62D 33/023,,・・側板またはテールゲートの構造［５］
uploaded,新設,,B62D 33/023 E,,側板またはテールゲート本体（ロープ掛け用フック部はＢ６０Ｐ）
uploaded,新設,,B62D 33/023 F,,・複数の押出型材を連結したもの
uploaded,新設,,B62D 33/023 Q,,ステップ，照明具等の装備品取付け，関連構造
uploaded,新設,,B62D 33/023 W,,・板金製
uploaded,新設,,B62D 33/023 X,,・・ボルト・ナットを用いずに連結するもの
uploaded,新設,,B62D 33/023 Z,,その他のもの
uploaded,新設,,B62D 33/027,,・・・可動性の［５］
uploaded,新設,,B62D 33/027 G,,側板またはテールゲートと荷台との連結，例．ヒンジ（ダンプ車における当該部分のヒンジは，Ｂ６０Ｐ１／２６）
uploaded,新設,,B62D 33/027 J,,開閉駆動装置・助力手段
uploaded,新設,,B62D 33/027 P,,開放姿勢維持手段
uploaded,新設,,B62D 33/027 Y,,・流体圧利用型・バネ力以外の作動力を用いたもの
uploaded,新設,,B62D 33/027 Z,,その他のもの
uploaded,新設,,B62D 33/03,,・・・・下方開放による［５］
uploaded,新設,,B62D 33/033,,・・・・取りはずし自在の［５］
uploaded,新設,,B62D 33/037,,・・・・そのための掛け金手段［５］
uploaded,新設,,B62D 33/037 K,,閉鎖姿勢維持手段，例．ロック
uploaded,新設,,B62D 33/037 L,,・閂型
uploaded,新設,,B62D 33/037 M,,・係合体を係合孔に出没するもの
uploaded,新設,,B62D 33/037 N,,・フック状体を突起状体に掛止するもの
uploaded,新設,,B62D 33/037 Z,,その他のもの
uploaded,新設,,B62D 33/063,,・・ある位置から少なくとも一つの別の位置へ可動のもの，例．ティルト可能なもの，縦軸の回りを旋回自在のもの，車両の一側面から反対側へ移動可能のもの［５］
uploaded,新設,,B62D 33/067,,・・・ティルト可能なもの［５］
uploaded,新設,,B62D 33/067 H,,ティルト装置
uploaded,新設,,B62D 33/067 J,,・トーションバーを用いたもの
uploaded,新設,,B62D 33/067 K,,・流体圧を用いたもの
uploaded,新設,,B62D 33/067 L,,・・制御装置（ロック装置との関連Ｂ６２Ｄ３３／０７Ｔ），例．ティルト装置のブレーキ
uploaded,新設,,B62D 33/067 M,,・・・電気的なもの
uploaded,新設,,B62D 33/067 P,,・ロストモーション手段付
uploaded,新設,,B62D 33/067 Q,,・・ティルト力伝動機構内に有るもの
uploaded,新設,,B62D 33/067 V,,フロントマウント部（マウント一般，Ｂ６２Ｄ２７／００）
uploaded,新設,,B62D 33/067 W,,・フローティング型
uploaded,新設,,B62D 33/067 X,,・・板ばね・トーションバーを用いたもの
uploaded,新設,,B62D 33/067 Y,,リヤマウント部（マウント一般，Ｂ６２Ｄ２７／００）
uploaded,新設,,B62D 33/067 Z,,その他のもの
uploaded,新設,,B62D 33/07,,・・・・ティルトまたは運転位置に運転台をロックする装置に特徴のあるもの［５］
uploaded,新設,,B62D 33/07 N,,流体圧装置におけるキャブの落下防止ストッパ
uploaded,新設,,B62D 33/07 R,,通常運転姿勢にキャブをロックする装置
uploaded,新設,,B62D 33/07 S,,・ラッチ型，例．「図」，ピン挿入型
uploaded,新設,,B62D 33/07 T,,・操作部・電気的・流体圧的制御装置
uploaded,新設,,B62D 33/07 U,,キャブを持上状態に維持するステー
uploaded,新設,,B62D 33/07 Z,,その他のもの
uploaded,新設,,B62D 33/073,,・・・車両制御装置の特殊な適用に特徴のあるもの［５］
uploaded,新設,,B62D 33/077,,・車両フレームに対する上部構造の結合を特徴とするもの［５］
uploaded,新設,,B62D 33/01,,・・フレーム上での上部構造懸架手段からなるもの［５］
uploaded,新設,,B65D 71/00 100,,・物品に接着される包装要素，例．ボール紙シート
uploaded,新設,,B65D 71/00 200,,・パレット輸送に適した貨物，すなわちフォークリフトトラックによる輸送用の貨物
uploaded,新設,,B65D 71/00 210,,・・一以上の剛性の支持部を備え，支持部の少なくとも一つの寸法が貨物の寸法に一致するもの，例．スキッド
uploaded,新設,,B65D 71/00 211,,・・・支持部の寸法が貨物の外縁に一致するもの，例．パレット
uploaded,新設,,B65D 71/06 100,,・・一以上のフィルムまたは類似のもの，例．網，によって形成される被包材（Ｂ６５Ｄ７１／０６，２００，Ｂ６５Ｄ７１／０８が優先）
uploaded,新設,,B65D 71/06 110,,・・・挿入物を備えたもの（Ｂ６５Ｄ７１／０６，２１０，Ｂ６５Ｄ７１／１０が優先）
uploaded,新設,,B65D 71/06 200,,・・張力のかかった被包材，例．ストレッチフィルム，圧縮された物品によって張力のかかったフィルム
uploaded,新設,,B65D 71/06 210,,・・・挿入物を備えたもの
uploaded,新設,,B65D 71/01,,・・・挿入物を備えたもの［５］
uploaded,新設,,B65D 71/12,,・・単一のブランクを折り曲げることにより形成される包装要素［５］
uploaded,新設,,B65D 71/12 100,,・・・筒形状でないもの（Ｂ６５Ｄ７１／３６が優先）
uploaded,新設,,B65D 71/14,,・・・端壁がない，または端壁によって特徴付けられない筒形状のもの（スリーブＢ６５Ｄ５９／０４）［５］
uploaded,新設,,B65D 71/16,,・・・・物品位置決め要素をもつもの（Ｂ６５Ｄ７１／２４が優先）［５］
uploaded,新設,,B65D 71/18,,・・・・・上部または下部の壁から内側へ折り曲げられるタブ［５］
uploaded,新設,,B65D 71/02,,・・・・・筒形状の本体の折り曲げ線に沿ったスリットまたは開口［５］
uploaded,新設,,B65D 71/22,,・・・・・側壁に形成された開口［５］
uploaded,新設,,B65D 71/24,,・・・・仕切りをもつもの［５］
uploaded,新設,,B65D 71/24 100,,・・・・・側壁から伸びるもの
uploaded,新設,,B65D 71/24 200,,・・・・・挿入された仕切り
uploaded,新設,,B65D 71/26,,・・・・・上部または下部の壁から伸びるもの［５］
uploaded,新設,,B65D 71/28,,・・・・取手に特徴のあるもの［５］
uploaded,新設,,B65D 71/28 100,,・・・・・別体の取手を取り付けたもの
uploaded,新設,,B65D 71/03,,・・・・・筒形状の包装要素と一体であるもの（Ｂ６５Ｄ７１／３２が優先）［５］
uploaded,新設,,B65D 71/32,,・・・・・指を入れる穴が形成されたもの［５］
uploaded,新設,,B65D 71/34,,・・・・弱め線または類似のものに特徴のあるもの［５］
uploaded,新設,,B65D 71/36,,・・・端壁を有することに特徴のあるもの［５］
uploaded,新設,,B65D 71/36 100,,・・・・筒形状のもの
uploaded,新設,,B65D 71/38,,・・二枚以上のブランクを折り曲げて連結することにより形成される包装要素［５］
uploaded,新設,,B65D 71/04,,・一枚のブランクを折り曲げることにより形成される包装要素によって部分的にのみ一緒に保持される複数の物品からなるもの［５］
uploaded,新設,,B65D 71/42,,・・単一のブランクを折り曲げて単層の要素が形成されるもの［５］
uploaded,新設,,B65D 71/44,,・・・取手に特徴のあるもの［５］
uploaded,新設,,B65D 71/46,,・・単一のブランクを折り曲げて筒形状の要素が形成されるもの［５］
uploaded,新設,,B65D 71/48,,・・・取手に特徴のあるもの［５］
uploaded,新設,,B65D 71/05,,・一枚のブランクを折り曲げることとは別の方法で形成される包装要素によって部分的にのみ一緒に保持される複数の物品からなるもの［５］
uploaded,新設,,B65D 71/05 100,,・・複数枚のブランクを折り曲げることにより形成される包装要素
uploaded,新設,,B65D 71/05 110,,・・・取手に特徴のあるもの
uploaded,新設,,B65D 71/05 200,,・・同軸に接続するもの
uploaded,新設,,B65D 71/05 300,,・・物品上に広げられて，物品の形状に適合するスリットまたは穴を備えた可撓性シートから形成される包装要素
uploaded,新設,,B65D 71/05 310,,・・・さらに物品のグループの周囲を取り囲む付加要素を備えるもの
uploaded,新設,,B65D 71/05 400,,・・一以上のフィルムまたは類似のもの，例．網，によって形成される包装要素
uploaded,新設,,B65D 71/52,,・取手を備えたトレー状の包装要素であって，複数の物品を貯蔵または輸送するためのもの（Ｂ６５Ｄ７１／１２，Ｂ６５Ｄ７１／３８，Ｂ６５Ｄ７１／４０，Ｂ６５Ｄ７１／５０が優先）［５］
uploaded,新設,,B65D 71/54,,・・仕切りのないもの（Ｂ６５Ｄ７１／６０，Ｂ６５Ｄ７１／６８が優先）［５］
uploaded,新設,,B65D 71/54 100,,・・・別体の取手を取り付けたもの
uploaded,新設,,B65D 71/56,,・・単一の長手方向仕切りのあるもの（Ｂ６５Ｄ７１／６０，Ｂ６５Ｄ７１／６８が優先）［５］
uploaded,新設,,B65D 71/56 100,,・・・別体の取手を取り付けたもの
uploaded,新設,,B65D 71/58,,・・一枚のブランクを折り曲げることにより形成され，かつ直立する仕切りのあるもの（Ｂ６５Ｄ７１／６０が優先）［５］
uploaded,新設,,B65D 71/58 100,,・・・別体の取手を取り付けたもの
uploaded,新設,,B65D 71/06,,・・一枚のブランクを折り曲げることにより，開口部を備えた上部壁を有する筒形状の要素に形成され，開口部を通して物品が伸びるもの［５］
uploaded,新設,,B65D 71/62,,・・・二列の物品の間に長手方向仕切りを形成するように，互いに向けて曲げられた壁の部分をもつもの（Ｂ６５Ｄ７１／６４，Ｂ６５Ｄ７１／６６が優先）［５］
uploaded,新設,,B65D 71/62 100,,・・・・物品を位置決めする付加要素をもつもの
uploaded,新設,,B65D 71/62 200,,・・・・物品を保持する個別の開口部をもつもの
uploaded,新設,,B65D 71/62 300,,・・・・別体の取手を取り付けたもの
uploaded,新設,,B65D 71/64,,・・・物品をほぼ完全に取り囲む壁をもつもの（Ｂ６５Ｄ７１／６６が優先）［５］
uploaded,新設,,B65D 71/64 100,,・・・・物品を位置決めする付加要素をもつもの
uploaded,新設,,B65D 71/64 200,,・・・・物品を保持する個別の開口部をもつもの
uploaded,新設,,B65D 71/64 300,,・・・・別体の取手を取り付けたもの
uploaded,新設,,B65D 71/66,,・・・一列のみの物品を保持するためのもの［５］
uploaded,新設,,B65D 71/66 100,,・・・・物品を位置決めする付加要素をもつもの
uploaded,新設,,B65D 71/66 200,,・・・・物品を保持する個別の開口部をもつもの
uploaded,新設,,B65D 71/66 300,,・・・・別体の取手を取り付けたもの
uploaded,新設,,B65D 71/68,,・・二枚以上のブランクを折り曲げて連結することにより形成されるもの（Ｂ６５Ｄ７１／７２が優先）［５］
uploaded,新設,,B65D 71/68 100,,・・・別体の取手を取り付けたもの
uploaded,新設,,B65D 71/07,,・多数の物品をまとめるための凸部または凹部を備えたトレイ，例．積み重ねのための中間要素［５］
uploaded,新設,,B65D 71/72,,・・一枚以上のブランクを折り曲げることにより形成され，物品が壁の開口部に挿入されるもの［５］
uploaded,新設,,B65D 83/00 M,,練状物の押出し（ピストンまたは類似の手段により流動性材料を分配するためのものＢ６５Ｄ８３／７６）
uploaded,新設,,B65D 83/14 100,,・・特定の内容物又は推進剤の使用に特徴があるもの
uploaded,新設,,B65D 83/14 200,,・・出口に関連した細部又は付属品に特徴があるもの
uploaded,新設,,B65D 83/14 220,,・・・流れの向きを変更可能なもの又は出口が取替，切換可能であるもの
uploaded,新設,,B65D 83/14 240,,・・・排出される内容物によって開く出口弁
uploaded,新設,,B65D 83/14 260,,・・・出口の前に配置される，無断でいじられたことを判別できるようにする手段（初期動作を阻害する，無断でいじられたことを判別できるようにする手段Ｂ６５Ｄ８３／２２，２００）
uploaded,新設,,B65D 83/14 300,,・・流出路内にフィルタを有するもの
uploaded,新設,,B65D 83/14 400,,・・コネクタを有するもの，例．タイヤバルブのためのもの，又は，可とう性の管によってエアゾール容器とつながるアクチュエータを有するもの
uploaded,新設,,B65D 83/14 500,,・・無断でいじられたことを判別できるようにする手段（無断でいじられたことを判別できるようにする手段付きのアクチュエータＢ６５Ｄ８３／２２，２００；出口の前に配置される，無断でいじられたことを判別できるようにする手段Ｂ６５Ｄ８３／１４，２６０）
uploaded,新設,,B65D 83/14 520,,・・・無断でいじられたことを判別できるようにする要素が他部材と接続せず単独の部材となっているもの
uploaded,新設,,B65D 83/14 600,,・・便器又は水槽に接続された又はその中に配置されたエアゾール容器
uploaded,新設,,B65D 83/16,,・・作動手段に特徴を有するもの［５］
uploaded,新設,,B65D 83/16 100,,・・・手動で操作されるもの，例．ボタン型アクチュエータ（Ｂ６５Ｄ８３／１８－Ｂ６５Ｄ８３／２０が優先）
uploaded,新設,,B65D 83/16 120,,・・・・手動で操作される弁を備え，エアゾール容器，例．容器に取り付けられた弁の下流，に取り付け可能なアクチュエータ；エアゾール容器の外部に配置された弁座を有する容器弁と関係するアクチュエータ（可とう性の管によってエアゾール容器とつながるアクチュエータＢ６５Ｄ８３／１４，４００）
uploaded,新設,,B65D 83/16 140,,・・・・引き糸で作動するアクチュエータ
uploaded,新設,,B65D 83/18,,・・・容器に保持されたハンドレバー［５］
uploaded,新設,,B65D 83/18 100,,・・・・握り手部と結合したもの
uploaded,新設,,B65D 83/18 120,,・・・・エアゾール容器と握り手部の間に配置された延長ロッドをもつもの
uploaded,新設,,B65D 83/02,,・・・アクチュエータキャップ［５］
uploaded,新設,,B65D 83/02 100,,・・・・片持ち梁型［カンチレバー］作動要素を有するもの，例．一体成形ヒンジで曲がるレバー
uploaded,新設,,B65D 83/22,,・・・作動できなくする手段をもつもの（Ｂ６５Ｄ５０／００が優先）［５］
uploaded,新設,,B65D 83/22 100,,・・・・毎回の作動の後に自動的に繰り返しかかるアクチュエータロック手段
uploaded,新設,,B65D 83/22 200,,・・・・最初の作動を阻害する，無断でいじられたことを判別できるようにする手段，例．除去可能なもの（穿孔しなければならない容器閉鎖具Ｂ６５Ｄ８３／３８，１００；出口の前に配置された，無断でいじられたことを判別できるようにする手段Ｂ６５Ｄ８３／１４，２６０）
uploaded,新設,,B65D 83/22 220,,・・・・・アクチュエータの最初の押し下げを防ぐもの
uploaded,新設,,B65D 83/22 240,,・・・・・アクチュエータ要素とアクチュエータキャップまたはスカートとの間の破壊可能な連結部からなるもの，例．切断ストリップまたはブリッジ
uploaded,新設,,B65D 83/24,,・・・弁を開放状態に保つ手段をもつもの［５］
uploaded,新設,,B65D 83/26,,・・・自動的に操作するもの，例．周期的に操作するもの［５］
uploaded,新設,,B65D 83/26 100,,・・・・人による繰り返し入力無しで作動する，時計仕掛け，モータ，電気的または磁気的手段によるもの
uploaded,新設,,B65D 83/26 200,,・・・・圧力または温度の上昇または下降によるもの
uploaded,新設,,B65D 83/26 300,,・・・・繰り返される，例．人による，入力により作動される別体の装置によるもの，例．ドアまたは窓の揺動部の移動，ドアベルの鳴動，トイレの洗浄
uploaded,新設,,B65D 83/28,,・・ノズル，ノズルに特に適合したノズルへの装着具又は付属品［５］
uploaded,新設,,B65D 83/28 100,,・・・内容物を塗布するためのもの，例．ブラシ，ローラ，パッド，スプーン，かみそり刃，スクレーパ（パッドまたは類似の内容物塗布手段を有する閉鎖具Ｂ６５Ｄ４７／４２）
uploaded,新設,,B65D 83/03,,・・・スプレーの流れを案内するためのもの［５］
uploaded,新設,,B65D 83/03 100,,・・・・ノズル組立体の吐出流路の中に，または当該流路に，配置された延長管を用いるもの
uploaded,新設,,B65D 83/03 200,,・・・・剛性の長いスパウトとして形成されたアクチュエータ
uploaded,新設,,B65D 83/32,,・・ディップチューブ［５］
uploaded,新設,,B65D 83/34,,・・放出通路の清掃または放出通路の詰まり防止［５］
uploaded,新設,,B65D 83/34 100,,・・・出口の詰まり防止手段
uploaded,新設,,B65D 83/36,,・・どのような姿勢であっても吐出を可能とするもの［５］
uploaded,新設,,B65D 83/38,,・・容器本体の細部（圧力逃がし装置Ｂ６５Ｄ８３／７０）［５］
uploaded,新設,,B65D 83/38 100,,・・・穿孔しなければならない閉鎖具を有するもの
uploaded,新設,,B65D 83/38 200,,・・・外殻または外部容器の中に配置されたエアゾール容器をもつもの
uploaded,新設,,B65D 83/38 220,,・・・・エアゾール容器を外殻または外部容器に対して相対的に移動させた際に吐出作動が起こるもの
uploaded,新設,,B65D 83/38 300,,・・・エアゾール容器を吊り下げるための手段を有するもの
uploaded,新設,,B65D 83/04,,・・閉蓋キャップ（アクチュエータキャップＢ６５Ｄ８３／２０）［５］
uploaded,新設,,B65D 83/42,,・・充填手段［５］
uploaded,新設,,B65D 83/42 100,,・・・充填を許容する放出弁
uploaded,新設,,B65D 83/44,,・・この容器のために特に適用された弁；圧力調整装置（充填装置Ｂ６５Ｄ８３／４２；圧力逃がし装置Ｂ６５Ｄ８３／７０）［５］
uploaded,新設,,B65D 83/46,,・・・チルト弁（Ｂ６５Ｄ８３／５０が優先）［５］
uploaded,新設,,B65D 83/48,,・・・リフト弁，例．押すことにより操作するもの（Ｂ６５Ｄ８３／５０が優先）［５］
uploaded,新設,,B65D 83/05,,・・・再閉鎖できない弁［５］
uploaded,新設,,B65D 83/52,,・・・定量吐出するためのもの［５］
uploaded,新設,,B65D 83/52 100,,・・・・定量吐出量を調整する手段を持つもの
uploaded,新設,,B65D 83/54,,・・・・定量弁［５］
uploaded,新設,,B65D 83/54 100,,・・・・・定量吐出と連続放出とに適合するもの
uploaded,新設,,B65D 83/54 200,,・・・・・少なくとも部分的に作動手段の中で計量されるもの
uploaded,新設,,B65D 83/56,,・・転倒させたとき遮断するもの［５］
uploaded,新設,,B65D 83/58,,・・弁に通じる導管において，ガスと材料用の入口が別々になっているもの（Ｂ６５Ｄ８３／６０が優先）［５］
uploaded,新設,,B65D 83/06,,・・製品と推進剤が分離しているもの［５］
uploaded,新設,,B65D 83/62,,・・・薄膜，袋，または類似物により分離しているもの［５］
uploaded,新設,,B65D 83/62 100,,・・・・推進剤が化学反応又は電気化学反応によって発生するもの
uploaded,新設,,B65D 83/64,,・・・ピストンによるもの［５］
uploaded,新設,,B65D 83/64 100,,・・・・推進剤が化学反応又は電気化学反応によって発生するもの
uploaded,新設,,B65D 83/64 200,,・・・・ピストンが内容物が排出される開口を有するもの（一般的なものＢ６５Ｄ８３／７６）
uploaded,新設,,B65D 83/66,,・・・最初分離しているが，最終的には混合されるもの［５］
uploaded,新設,,B65D 83/66 100,,・・・・少なくとも推進剤の一部が製品から分離されており，圧力調整器により徐々に放出されるもの
uploaded,新設,,B65D 83/66 200,,・・・・製品と推進剤が，最初の使用時または最初の使用に先立って完全に混合されるもの，例．それらの一方の成分を含むアンプルを破壊するもの（Ｂ６５Ｄ８３／６８，１４０が優先）
uploaded,新設,,B65D 83/68,,・・２以上の製品を分配するもの［５］
uploaded,新設,,B65D 83/68 100,,・・・製品が最初は分離されているが，最終的に，例．分配ヘッドの内部で，混合されるもの
uploaded,新設,,B65D 83/68 120,,・・・・１つの製品が，分配ヘッドの内部の，または分配ヘッドの一部をなす，チャンバに配置されたもの，例．分配中の混合のためのもの
uploaded,新設,,B65D 83/68 140,,・・・・製品が，最初の使用時または最初の使用に先立って完全に混合されるもの，例．１つの製品を含むアンプルを破壊するもの
uploaded,新設,,B65D 83/07,,・・圧力逃がし装置［５］
uploaded,新設,,B65D 83/72,,・・加熱または冷却装置を有するもの［５］
uploaded,新設,,B65D 83/74,,・・・発熱反応による加熱［５］
uploaded,新設,,B65D 83/76,,・ピストンまたは類似の手段により流動性材料を分配するためのもの（圧力により出口を通じ流動性材料を排出するための手工具Ｂ０５Ｃ１７／００５）［５］
uploaded,新設,,B65D 83/76 110,,・・ピストンまたは類似の手段がねじ棒によって動くもの
uploaded,新設,,B65D 83/76 112,,・・・内容物がねじ棒を通じて外に押し出されるもの
uploaded,新設,,B65D 83/76 120,,・・ピストンまたは類似の手段が往復できるプランジャによって動くもの
uploaded,新設,,B65D 83/76 130,,・・ピストンまたは類似の手段が容器の側壁に設けられたねじと協働するもの
uploaded,新設,,B65D 83/76 140,,・・ピストンまたは類似の手段がバネ状の機構により動くもの
uploaded,新設,,B65D 83/76 160,,・・ピストンまたは類似の手段が上に引っぱられて内容物を分配するもの
uploaded,新設,,B65D 83/76 200,,・・ピストンまたは類似の手段が，分配開口部を有するもの（Ｂ６５Ｄ８３／７６，１１２が優先）
uploaded,新設,,B65D 83/76 300,,・・内部に変形可能な容器を有し，ピストンまたは類似の手段により圧搾するもの
uploaded,新設,,C07D 209/43,,・・・更に置換されていてもよい，４位，５位，６位または７位に結合した１個の―ＯＣＨ↓２ＣＨ（ＯＨ）ＣＨ↓２ＮＨ↓２基を有するもの［５］
uploaded,新設,,C07D 209/49,,・・・・分子中に飽和３員環を含有する１個のアシル基をもつもの，例．クリサンテミン酸エステル［５］
uploaded,新設,,C07D 213/643,,・・・・・・・２―フェノキシピリジン；その誘導体［５］
uploaded,新設,,C07D 213/647,,・・・・・・・分子中に飽和３員環を含有する１個のアシル基をもつもの，例．菊酸エステル［５］
uploaded,新設,,C07D 215/227,,・・・・・２位に１個の酸素原子のみが結合するもの［５］
uploaded,新設,,C07D 215/233,,・・・・・４位に１個の酸素原子のみが結合するもの［５］
uploaded,新設,,C07D 263/57,,・・・・アリールまたは置換アリール基［５］
uploaded,新設,,C07D 263/64,,・・・６員芳香族環またはそのような環を含有する環系を有する鎖により２，２’位で結合しているもの［５］
uploaded,新設,,C07D 265/33,,・・・・３，５位に２個の酸素原子［５］
uploaded,新設,,C07D 271/07,,・・・環の炭素原子に直接結合した酸素，硫黄またはニトロ基の一部でない窒素原子をもつもの［５］
uploaded,新設,,C07D 271/107,,・・・２，５位に結合した２個のアリールまたは置換アリール基をもつもの［５］
uploaded,新設,,C07D 271/113,,・・・環の炭素原子に直接結合した酸素，硫黄またはニトロ基の一部でない窒素原子をもつもの［５］
uploaded,新設,,C07D 275/03,,・・異種原子，または異種原子に対する３個の結合をもち，そのうち多くても１個がハロゲンに対する結合である炭素原子，例．エステルまたはニトリル基が環の炭素原子に直接結合したもの［５］
uploaded,新設,,C07D 303/23,,・・・・・・６員芳香環に結合する１個のヒドロキシ基をもつオキシラニルメチルエーテル化合物，そのオキシラニルメチル基は更には置換されていない，すなわち「図」［５］
uploaded,新設,,C09K 5/04 A,,圧縮型冷凍システムのためのもの
uploaded,新設,,C09K 5/04 B,,・炭素と水素のみを含有する化合物からなるもの
uploaded,新設,,C09K 5/04 C,,・ハロゲン化化合物からなるもの
uploaded,新設,,C09K 5/04 D,,・・ハロゲンとしてフッ素のみを含むもの
uploaded,新設,,C09K 5/04 E,,・・・フッ素化された炭化水素
uploaded,新設,,C09K 5/04 F,,・・・・フッ素化された不飽和炭化水素
uploaded,新設,,C09K 5/04 G,,吸収型冷凍システムのためのもの
uploaded,新設,,C09K 5/04 H,,熱伝達物質としての沸騰液
uploaded,新設,,C09K 5/04 Z,,その他のもの
uploaded,新設,,C09K 5/06 J,,有機物を主体とするもの
uploaded,新設,,C09K 5/06 K,,・包接水和物，例．アルキルアンモニウム塩の包接水和物
uploaded,新設,,C09K 5/06 L,,・パラフィン
uploaded,新設,,C09K 5/06 M,,・糖類
uploaded,新設,,C09K 5/08,,・使用時に物理的状態の変化を伴わない物質（Ｃ０９Ｋ５／１６，Ｃ０９Ｋ５／２０が優先）［７］
uploaded,新設,,C09K 5/08 101,,・・保熱剤または保冷剤
uploaded,新設,,C09K 5/01,,・・液体物質［７］
uploaded,新設,,C09K 5/01 E,,蓄熱剤，熱媒または伝熱組成物
uploaded,新設,,C09K 5/01 F,,蓄冷剤または冷媒
uploaded,新設,,C09K 5/01 Z,,その他のもの
uploaded,新設,,C09K 5/12,,・・・溶融物質，すなわち室温では固体である物質，例．金属または塩剤［７］
uploaded,新設,,C09K 5/12 E,,蓄熱剤，熱媒または伝熱組成物
uploaded,新設,,C09K 5/12 F,,蓄冷剤または冷媒
uploaded,新設,,C09K 5/12 Z,,その他のもの
uploaded,新設,,C09K 5/14,,・・固体物質，例．粉末または顆粒［７］
uploaded,新設,,C09K 5/14 101,,・・・半固体状物質，例．グリース状物質
uploaded,新設,,C09K 5/14 101 E,,蓄熱剤，熱媒または伝熱組成物
uploaded,新設,,C09K 5/14 101 F,,蓄冷剤または冷媒
uploaded,新設,,C09K 5/14 101 Z,,その他のもの
uploaded,新設,,C09K 5/14 102,,・・・ゲル状物質
uploaded,新設,,C09K 5/14 102 E,,蓄熱剤，熱媒または伝熱組成物
uploaded,新設,,C09K 5/14 102 F,,蓄冷剤または冷媒
uploaded,新設,,C09K 5/14 102 Z,,その他のもの
uploaded,新設,,C09K 5/14 E,,蓄熱剤，熱媒または伝熱組成物
uploaded,新設,,C09K 5/14 F,,蓄冷剤または冷媒
uploaded,新設,,C09K 5/14 Z,,その他のもの
uploaded,新設,,C09K 5/16,,・使用時に化学変化を伴う物質［７］
uploaded,新設,,C09K 5/18,,・・可逆性のない化学反応［７］
uploaded,新設,,C09K 5/18 J,,発熱組成物，例．酸化カルシウムを含有するもの
uploaded,新設,,C09K 5/18 K,,・鉄含有発熱組成物
uploaded,新設,,C09K 5/18 L,,冷却組成物，寒剤または起冷剤
uploaded,新設,,C09K 5/18 Z,,その他のもの
uploaded,新設,,C09K 5/02,,・そのための凍結防止添加剤，例．ラジエーター用の不凍液［７］
uploaded,新設,,C22B 3/04,,・浸出によるもの（Ｃ２２Ｂ３／１８が優先）［５］
uploaded,新設,,C22B 3/06,,・・無機酸溶液中でのもの［５］
uploaded,新設,,C22B 3/08,,・・・硫酸［５］
uploaded,新設,,C22B 3/01,,・・・塩化水素酸［５］
uploaded,新設,,C22B 3/12,,・・無機アルカリ溶液中でのもの［５］
uploaded,新設,,C22B 3/14,,・・・アンモニアまたはアンモニウム塩を含むもの［５］
uploaded,新設,,C22B 3/16,,・・有機溶液中でのもの［５］
uploaded,新設,,C22B 3/18,,・微生物または酵素の助けによるもの，例．バクテリアまたは藻［５］
uploaded,新設,,C22B 3/02,,・溶液，例．浸出によって得られたもの，の処理または浄液（Ｃ２２Ｂ３／１８が優先）［５］
uploaded,新設,,C22B 3/22,,・・物理的方法によるもの，例．ろ過によるもの，または磁気的手段によるもの（Ｃ２２Ｂ３／２６が優先）［５］
uploaded,新設,,C22B 3/24,,・・・固体物質上への吸着によるもの，例．固形樹脂による抽出［５］
uploaded,新設,,C22B 3/24 101,,・・・・有機化合物を用いるもの，例．固形樹脂による抽出［５］
uploaded,新設,,C22B 3/26,,・・有機化合物を用いた液－液抽出によるもの［５］
uploaded,新設,,C22B 3/28,,・・・アミン［５］
uploaded,新設,,C22B 3/03,,・・・オキシム［５］
uploaded,新設,,C22B 3/32,,・・・カルボン酸［５］
uploaded,新設,,C22B 3/34,,・・・硫黄を含むもの［５］
uploaded,新設,,C22B 3/36,,・・・複素環式化合物（Ｃ２２Ｂ３／３４が優先）［５］
uploaded,新設,,C22B 3/38,,・・・りんを含むもの［５］
uploaded,新設,,C22B 3/04,,・・・混合物［５］
uploaded,新設,,C22B 3/42,,・・イオン交換抽出によるもの［５］
uploaded,新設,,C22B 3/44,,・・化学的方法によるもの（Ｃ２２Ｂ３／２６，Ｃ２２Ｂ３／４２が優先）［５］
uploaded,新設,,C22B 3/44 101,,・・・化合物析出
uploaded,新設,,C22B 3/44 101 A,,ｐＨ調整によるもの
uploaded,新設,,C22B 3/44 101 B,,硫化によるもの
uploaded,新設,,C22B 3/44 101 Z,,その他のもの
uploaded,新設,,C22B 3/46,,・・・置換によるもの，例．セメンテーションによるもの［５］
uploaded,新設,,C22B 9/18 J,,・始動または終動の制御に特徴のあるもの
uploaded,新設,,C22B 9/187,,・・・そのための装置，例．炉［５］
uploaded,新設,,C22B 9/187 A,,電極に特徴のあるもの
uploaded,新設,,C22B 9/187 B,,・複数電極を有するもの
uploaded,新設,,C22B 9/187 C,,・電極把持
uploaded,新設,,C22B 9/187 Z,,その他のもの
uploaded,新設,,C22B 9/193,,・・・・鋳型，床板またはスタータ板［５］
uploaded,新設,,C22B 9/193 A,,鋳型に特徴のあるもの
uploaded,新設,,C22B 9/193 B,,鋳造物の形状に特徴のあるもの
uploaded,新設,,C22B 9/193 C,,炉底板またはスタータ板に特徴のあるもの
uploaded,新設,,C22B 9/193 Z,,その他のもの
uploaded,新設,,C22B 9/21,,・・・そのための装置［５］
uploaded,新設,,C23F 13/00 R,,陽極保護によるもの
uploaded,新設,,C23F 13/02 A,,流電陽極方式，例．犠牲陽極使用
uploaded,新設,,C23F 13/02 B,,外部電源方式
uploaded,新設,,C23F 13/02 C,,排流方式
uploaded,新設,,C23F 13/02 D,,温水器の防食
uploaded,新設,,C23F 13/02 E,,熱交換器の防食
uploaded,新設,,C23F 13/02 F,,タンクの防食
uploaded,新設,,C23F 13/02 G,,船舶の防食
uploaded,新設,,C23F 13/02 H,,水中構造物の防食
uploaded,新設,,C23F 13/02 J,,配管の防食
uploaded,新設,,C23F 13/02 K,,軌条の防食
uploaded,新設,,C23F 13/02 L,,鉄筋又は鉄骨の防食
uploaded,新設,,C23F 13/02 M,,Ｃ２３Ｆ１３／０２　Ｄ～Ｃ２３Ｆ１３／０２　Ｌに分類されない対象物の防食
uploaded,新設,,C23F 13/02 Z,,その他のもの
uploaded,新設,,C23F 13/04,,・・希望の変数を制御または調整するもの［５］
uploaded,新設,,C23F 13/06,,・・陰極保護装置の構造的部分，または組み立て［５］
uploaded,新設,,C23F 13/08,,・・・陰極保護による腐食の抑制に特に適した電極；その製造；その電極への電流の通電［５］
uploaded,新設,,C23F 13/01,,・・・・構造に特徴のある電極（Ｃ２３Ｆ１３／１６が優先）［５］
uploaded,新設,,C23F 13/01 A,,犠牲陽極の形状または構造に特徴があるもの
uploaded,新設,,C23F 13/01 B,,外部電源方式電極の形状または構造に特徴があるもの
uploaded,新設,,C23F 13/01 Z,,その他のもの
uploaded,新設,,C23F 13/12,,・・・・素材に特徴のある電極（Ｃ２３Ｆ１３／１６が優先）［５］
uploaded,新設,,C23F 13/14,,・・・・・犠牲陽極の素材［５］
uploaded,新設,,C23F 13/16,,・・・・構造と素材の組み合せに特徴のある電極［５］
uploaded,新設,,C23F 13/18,,・・・・電極を支持する手段［５］
uploaded,新設,,C23F 13/02,,・・・・電極への電流の通電［５］
uploaded,新設,,C23F 13/02 A,,回路に特徴のあるもの
uploaded,新設,,C23F 13/22,,・・・・そのための監視装置［５］
uploaded,新設,,D06M 15/055,,・・・・セルロース製造の硫酸化プロセスで得られる残留液によるもの［５］
uploaded,新設,,D06M 15/33,,・・・・ふっ素を含むエステル［５］
uploaded,新設,,D06M 15/356,,・・・窒素，硫黄，けい素またはりん原子を含むその他の不飽和化合物の［５］
uploaded,新設,,D06M 15/415,,・・・・・りんを含む化合物によって変性されたもの［５］
uploaded,新設,,D06M 15/429,,・・・・・硫黄を含む化合物によって変性されたもの［５］
uploaded,新設,,D06M 15/431,,・・・・・・ホスフィンまたは酸化ホスフィンによるもの；ホスホニウム基の酸化物または塩によるもの［５］
uploaded,新設,,D06M 15/432,,・・・・・・ホスホン酸またはその誘導体によるもの［５］
uploaded,新設,,D06M 15/51,,・・・・不飽和重合性ポリエステル［５］
uploaded,新設,,D06M 15/555,,・・・・りんを含む化合物によって変性されたもの［５］
uploaded,新設,,D06M 15/579,,・・・・りんを含む化合物によって変性されたもの［５］
uploaded,新設,,D06M 15/592,,・・・・不飽和脂肪酸とポリアミンの重合物から成るもの［５］
uploaded,新設,,D06M 15/595,,・・・・カルボキシアミド基の水素原子の置換によって得られる誘導体［５］
uploaded,新設,,D06M 15/598,,・・・・りんを含む化合物によって変性されたもの［５］
uploaded,新設,,D06M 15/705,,・・エンボス；カレンダーがけ；プレス（モールディングＤ０６Ｍ２３／１４）［５］
uploaded,新設,,D06M 15/71,,・・冷却；スチーミングまたは加熱，例．流動層中のもの；溶融金属によるもの［５］
uploaded,新設,,D06M 15/715,,・・吸引；真空処理；ガス抜き；吹込［５］
uploaded,新設,,E05F 15/04,,・安全装置，例．障害物または端部の位置を検出［２０１５．０１］
uploaded,新設,,E05F 15/41,,・・動力や回転力の変化により検出するもの（Ｅ０５Ｆ１５／４８が優先）；回転力や動力によって作動する連結手段，例．滑り連結手段［２０１５．０１］
uploaded,新設,,E05F 15/42,,・・端部によって検出するもの［２０１５．０１］
uploaded,新設,,E05F 15/43,,・・・エネルギービーム，例．光または音，の遮断によるもの［２０１５．０１］
uploaded,新設,,E05F 15/44,,・・・電気伝導率の変化によるもの［２０１５．０１］
uploaded,新設,,E05F 15/46,,・・・電気容量の変化によるもの［２０１５．０１］
uploaded,新設,,E05F 15/47,,・・・液圧の変化によるもの［２０１５．０１］
uploaded,新設,,E05F 15/48,,・・・機械的伝達によるもの，例．固定または可動部材によるもの［２０１５．０１］
uploaded,新設,,E05F 15/49,,・・液圧操作機構に適用したもの，例．液圧の変化により検出するもの（Ｅ０５Ｆ１５／４７が優先）［２０１５．０１］
uploaded,新設,,E05F 15/05,,・液圧駆動手段を使用するもの［２０１５．０１］
uploaded,新設,,E05F 15/51,,・・折り畳みウィング用のもの［２０１５．０１］
uploaded,新設,,E05F 15/53,,・・揺動ウィング用のもの［２０１５．０１］
uploaded,新設,,E05F 15/54,,・・・揺動軸と同軸の螺旋軌道上を直線運動する駆動手段により操作されるもの［２０１５．０１］
uploaded,新設,,E05F 15/56,,・・水平滑動ウィング用のもの［２０１５．０１］
uploaded,新設,,E05F 15/57,,・・垂直滑動ウィング用のもの［２０１５．０１］
uploaded,新設,,E05F 15/59,,・・・オーバーヘッドウィング用のもの［２０１５．０１］
uploaded,新設,,E05F 15/06,,・電動手段を使用するもの［２０１５．０１］
uploaded,新設,,E05F 15/603,,・・回転電動機を使用するもの［２０１５．０１］
uploaded,新設,,E05F 15/605,,・・・折り畳みウィング用のもの［２０１５．０１］
uploaded,新設,,E05F 15/608,,・・・回転ウィング用のもの［２０１５．０１］
uploaded,新設,,E05F 15/611,,・・・揺動ウィング用のもの［２０１５．０１］
uploaded,新設,,E05F 15/614,,・・・・ウィング枢着軸に取り付けられた歯車により操作されるもの；ウィング枢着軸に直接作動するモーターにより操作されるもの［２０１５．０１］
uploaded,新設,,E05F 15/616,,・・・・プッシュ－プル機構により操作されるもの［２０１５．０１］
uploaded,新設,,E05F 15/619,,・・・・・可撓性または剛性ラック－ピ二オン装置を使用するもの［２０１５．０１］
uploaded,新設,,E05F 15/622,,・・・・・スクリュー－ナット機構を使用するもの［２０１５．０１］
uploaded,新設,,E05F 15/624,,・・・・・摩擦車を使用するもの［２０１５．０１］
uploaded,新設,,E05F 15/627,,・・・・可撓性部材，例．ベルト，チェーンまたはケーブル，により操作されるもの（プッシュ－プル機構を使用するものＥ０５Ｆ１５／６１９）［２０１５．０１］
uploaded,新設,,E05F 15/63,,・・・・揺動アームにより操作されるもの［２０１５．０１］
uploaded,新設,,E05F 15/632,,・・・水平滑動ウィング用のもの［２０１５．０１］
uploaded,新設,,E05F 15/635,,・・・・プッシュ－プル機構，例．可撓性または剛性ラック－ピ二オン装置，により操作されるもの（Ｅ０５Ｆ１５／６５２が優先）［２０１５．０１］
uploaded,新設,,E05F 15/638,,・・・・・ウィングの二次的移動，例．回転または異なった方向へ移動できるもの［２０１５．０１］
uploaded,新設,,E05F 15/641,,・・・・・摩擦車により操作されるもの［２０１５．０１］
uploaded,新設,,E05F 15/643,,・・・・可撓性部材，例．ベルト，チェーンまたはケーブル，により操作されるもの（プッシュ－プル機構を使用するものＥ０５Ｆ１５／６３５）［２０１５．０１］
uploaded,新設,,E05F 15/646,,・・・・・ウィングの二次的移動，例．回転または異なった方向へ移動できるもの［２０１５．０１］
uploaded,新設,,E05F 15/649,,・・・・揺動アームにより操作されるもの［２０１５．０１］
uploaded,新設,,E05F 15/652,,・・・・スクリュー－ナット機構により操作されるもの［２０１５．０１］
uploaded,新設,,E05F 15/655,,・・・・車両ウィングに適用したもの［２０１５．０１］
uploaded,新設,,E05F 15/657,,・・・・・手動による駆動を可能にするもの，例．電源異常時［２０１５．０１］
uploaded,新設,,E05F 15/659,,・・・・・そのための制御回路［２０１５．０１］
uploaded,新設,,E05F 15/662,,・・・・・そのためのモーターユニット，例．歯車モーター機構［２０１５．０１］
uploaded,新設,,E05F 15/665,,・・・垂直滑動ウィング用のもの［２０１５．０１］
uploaded,新設,,E05F 15/668,,・・・・オーバーヘッドウィング用のもの［２０１５．０１］
uploaded,新設,,E05F 15/67,,・・・・・可撓性または剛性ラック－ピ二オン装置により操作されるもの［２０１５．０１］
uploaded,新設,,E05F 15/673,,・・・・・スクリュー－ナット機構により操作されるもの［２０１５．０１］
uploaded,新設,,E05F 15/676,,・・・・・摩擦車により操作されるもの［２０１５．０１］
uploaded,新設,,E05F 15/678,,・・・・・揺動アームにより操作されるもの［２０１５．０１］
uploaded,新設,,E05F 15/681,,・・・・・可撓性部材により操作されるもの，例．ベルト［２０１５．０１］
uploaded,新設,,E05F 15/684,,・・・・・・チェーンによるもの［２０１５．０１］
uploaded,新設,,E05F 15/686,,・・・・・・ケーブルまたはロープによるもの［２０１５．０１］
uploaded,新設,,E05F 15/689,,・・・・車両の窓に適用したもの［２０１５．０１］
uploaded,新設,,E05F 15/692,,・・・・・手動による駆動を可能にするもの，例．電源異常時［２０１５．０１］
uploaded,新設,,E05F 15/695,,・・・・・そのための制御回路［２０１５．０１］
uploaded,新設,,E05F 15/697,,・・・・・そのためのモーターユニット，例．歯車モーター機構［２０１５．０１］
uploaded,新設,,E05F 15/07,,・自動で開閉するもの［２０１５．０１］
uploaded,新設,,E05F 15/71,,・・温度変化，雨，風または騒音に反応するもの［２０１５．０１］
uploaded,新設,,E05F 15/72,,・・緊急事態，例．火災，に反応するもの［２０１５．０１］
uploaded,新設,,E05F 15/73,,・・人，物体の動きまたは存在に反応するもの［２０１５．０１］
uploaded,新設,,E05F 15/74,,・・・受光素子を使用するもの［２０１５．０１］
uploaded,新設,,E05F 15/75,,・・・人，物体の重量または他の物理的接触に反応するもの［２０１５．０１］
uploaded,新設,,E05F 15/76,,・・・人，物体が保持する装置，例．磁石または反射物，に反応するもの（Ｅ０５Ｆ１５／７７が優先）［２０１５．０１］
uploaded,新設,,E05F 15/77,,・・無線による制御を行うもの［２０１５．０１］
uploaded,新設,,E05F 15/78,,・・・光を使用するもの［２０１５．０１］
uploaded,新設,,E05F 15/79,,・・時間による制御を行うもの［２０１５．０１］
uploaded,新設,,F01D 5/03,,・・環の内周にブレードをもち，内方半径方向に伸びる環状ブレード支持部材，すなわち，逆さロータ［６］
uploaded,新設,,F02B 37/00 400,,・並列に設けられた複数の排気駆動部をもつもの
uploaded,新設,,F02B 37/00 400 C,,タービンが並列に配置されるもの
uploaded,新設,,F02B 37/00 400 D,,・吸気に特徴のあるもの
uploaded,新設,,F02B 37/00 400 E,,・排気に特徴のあるもの
uploaded,新設,,F02B 37/00 400 Z,,その他のもの
uploaded,新設,,F02B 37/00 500,,・直列に設けられた複数の排気駆動部をもつもの
uploaded,新設,,F02B 37/00 500 B,,タービンが直列に配置されるもの
uploaded,新設,,F02B 37/00 500 Z,,その他のもの
uploaded,新設,,F02B 37/007,,・並列に配列した排気駆動ポンプをもつもの［６］
uploaded,新設,,F02B 37/013,,・直列に配列した排気駆動ポンプをもつもの［６］
uploaded,新設,,F02B 37/11,,・・・始動時のみ他の駆動手段により駆動するもの［６］
uploaded,新設,,F02B 37/12 303,,・・過給通路においてバイパスによらない制御をするもの（バイパスによるものＦ０２Ｂ３７／１６）
uploaded,新設,,F02B 37/12 303 A,,部分過給
uploaded,新設,,F02B 37/12 303 C,,慣性過給を付加したもの
uploaded,新設,,F02B 37/12 303 D,,過給のリリーフ
uploaded,新設,,F02B 37/12 303 E,,・リリーフ弁が過給圧のみにより開閉されるもの
uploaded,新設,,F02B 37/12 303 F,,・・弁の構造
uploaded,新設,,F02B 37/12 303 G,,・リリーフ弁が過給圧と他の運転状態により開閉されるもの
uploaded,新設,,F02B 37/12 303 H,,・リリーフ弁が過給圧以外の運転状態により開閉されるもの
uploaded,新設,,F02B 37/12 303 J,,コンプレッサと吸気弁間に空気を導入するもの
uploaded,新設,,F02B 37/12 303 Z,,その他のもの
uploaded,新設,,F02B 37/16,,・・吸気のバイパスによるもの［６］
uploaded,新設,,F02B 37/16 B,,バイパス弁をもつもの
uploaded,新設,,F02B 37/16 Z,,その他のもの
uploaded,新設,,F02B 37/18,,・・排気のバイパスによるもの［６］
uploaded,新設,,F02B 37/18 A,,排気バイパス装置，例．ウエストゲート
uploaded,新設,,F02B 37/18 B,,・アクチュエータ
uploaded,新設,,F02B 37/18 C,,・・軸
uploaded,新設,,F02B 37/18 D,,・弁体
uploaded,新設,,F02B 37/18 E,,・バイパス通路
uploaded,新設,,F02B 37/18 F,,・ウエストゲートを有する他の装置
uploaded,新設,,F02B 37/18 G,,・アクチュエータの制御手段
uploaded,新設,,F02B 37/18 H,,・・過給圧による駆動
uploaded,新設,,F02B 37/18 J,,・・・過給圧導入管路の弁・絞り
uploaded,新設,,F02B 37/18 K,,・・過給圧以外の正圧による駆動
uploaded,新設,,F02B 37/18 L,,・・負圧による駆動
uploaded,新設,,F02B 37/18 M,,・・電磁による駆動
uploaded,新設,,F02B 37/18 Z,,その他のもの
uploaded,新設,,F02B 37/02,,・・排気エネルギーの増加によるもの，例．燃焼室を用いるもの［６］
uploaded,新設,,F02B 37/22,,・・排気通路または空気通路の断面積の変化によるもの［６］
uploaded,新設,,F02B 37/24,,・・調節可能なガイドベーンをもつポンプまたはタービンの使用によるもの［６］
uploaded,新設,,F02M 23/09,,・・・低圧力で直接開く弁を用いるもの［６］
uploaded,新設,,F04B 1/047,,・・シリンダの外端に作動部材をもつもの［６］
uploaded,新設,,F04B 1/053,,・・シリンダの内端に作動部材をもつもの［６］
uploaded,新設,,F04B 1/07,,・・・二つの部材，例．カムと駆動軸，の間の相対的な偏心性を変えることによるもの［６］
uploaded,新設,,F04B 1/107,,・・・シリンダの外端に作動部材をもつもの［６］
uploaded,新設,,F04B 1/113,,・・・シリンダの内端に作動部材をもつもの［６］
uploaded,新設,,F04B 1/29,,・・・・回転斜板およびシリンダブロックの相対的な位置を変えることによるもの［６］
uploaded,新設,,F04B 1/32,,・・・・回転斜板およびシリンダブロックの相対的な位置を変えることによるもの［６］
uploaded,新設,,F04B 1/34,,・グループＦ０４Ｂ１／０２～Ｆ０４Ｂ１／３２の単一グループに分類されない制御［６］
uploaded,新設,,F04B 9/103,,・・・単一のポンプ室をもつもの［６］
uploaded,新設,,F04B 9/105,,・・・・ポンプ部材の往復運動が一つの複動式液圧モータにより得られるもの［６］
uploaded,新設,,F04B 9/107,,・・・・作動方向におけるポンプ部材の直線運動が一つの単動式液圧モータ，例．重力またはばねにより他方向に作動されるもの，により得られるもの［６］
uploaded,新設,,F04B 9/109,,・・・複数のポンプ室をもつもの［６］
uploaded,新設,,F04B 9/111,,・・・・二つの機械的に接続したポンプ部材をもつもの［６］
uploaded,新設,,F04B 9/113,,・・・・・ポンプ部材の往復運動が一つの複動式液圧モータにより得られるもの［６］
uploaded,新設,,F04B 9/115,,・・・・・ポンプ部材の往復運動が，それぞれが一方向に作動する二つの単動式液圧モータにより得られるもの［６］
uploaded,新設,,F04B 9/117,,・・・・ポンプ部材が互いに機械的に接続していないもの［６］
uploaded,新設,,F04B 9/123,,・・・単一のポンプ室をもつもの［６］
uploaded,新設,,F04B 9/125,,・・・・ポンプ部材の往復運動が一つの複動式圧縮性流体モータにより得られるもの［６］
uploaded,新設,,F04B 9/127,,・・・・作動方向におけるポンプ部材の直線運動が一つの単動式圧縮性流体モータ，例．重力またはばねにより他方向に作動されるもの，により得られるもの［６］
uploaded,新設,,F04B 9/129,,・・・複数のポンプ室をもつもの［６］
uploaded,新設,,F04B 9/131,,・・・・二つの機械的に接続したポンプ部材をもつもの［６］
uploaded,新設,,F04B 9/133,,・・・・・ポンプ部材の往復運動が一つの複動式圧縮性流体モータにより得られるもの［６］
uploaded,新設,,F04B 9/135,,・・・・・ポンプ部材の往復運動が，それぞれが一方向に作動する二つの単動式圧縮性流体モータにより得られるもの［６］
uploaded,新設,,F04B 9/137,,・・・・ポンプ部材が互いに機械的に接続していないもの［６］
uploaded,新設,,F04B 27/047,,・・シリンダの外端に作動部材を有するもの［６］
uploaded,新設,,F04B 27/053,,・・シリンダの内端に作動部材を有するもの［６］
uploaded,新設,,F04B 27/067,,・・制御［６］
uploaded,新設,,F04B 27/073,,・・・二つの部材，例．カムと駆動軸，間の相対的偏心性の変更によるもの［６］
uploaded,新設,,F04B 27/01,,・・固定シリンダを有するもの［６］
uploaded,新設,,F04B 27/12,,・・・複数組のシリンダまたはピストンを有するもの［６］
uploaded,新設,,F04B 27/12 A,,材料に特徴を有するもの
uploaded,新設,,F04B 27/12 B,,斜板の両側にシリンダを有するもの
uploaded,新設,,F04B 27/12 C,,・シリンダ
uploaded,新設,,F04B 27/12 D,,・ピストン
uploaded,新設,,F04B 27/12 E,,・斜板
uploaded,新設,,F04B 27/12 F,,・シューまたはボール
uploaded,新設,,F04B 27/12 G,,・軸受部
uploaded,新設,,F04B 27/12 H,,斜板の一側にシリンダを有するもの
uploaded,新設,,F04B 27/12 J,,・シリンダ
uploaded,新設,,F04B 27/12 K,,・ピストン
uploaded,新設,,F04B 27/12 L,,・斜板またはカム
uploaded,新設,,F04B 27/12 M,,・斜板の回転防止部
uploaded,新設,,F04B 27/12 N,,・軸受部
uploaded,新設,,F04B 27/12 P,,吸込部または吐出部
uploaded,新設,,F04B 27/12 Q,,潤滑または冷却
uploaded,新設,,F04B 27/12 R,,消音または脈動防止
uploaded,新設,,F04B 27/12 Z,,その他のもの
uploaded,新設,,F04B 27/14,,・・制御［６］
uploaded,新設,,F04B 27/16,,・・・固定シリンダを有するポンプの［６］
uploaded,新設,,F04B 27/18,,・・・・傾斜板とシリンダブロックの相対的位置の変更によるもの［６］
uploaded,新設,,F04B 27/18 A,,クランク室への吐出圧の導入を制御するもの
uploaded,新設,,F04B 27/18 B,,クランク室から中間圧の吸入室への逃がしを制御するもの
uploaded,新設,,F04B 27/18 Z,,その他のもの
uploaded,新設,,F04B 27/02,,・・・回転シリンダブロックを有するポンプの［６］
uploaded,新設,,F04B 27/22,,・・・・傾斜板とシリンダブロックの相対的位置の変更によるもの［６］
uploaded,新設,,F04B 27/24,,・グループＦ０４Ｂ２７／０２～Ｆ０４Ｂ２７／２２までの単一グループに分類されない制御［６］
uploaded,新設,,F04B 49/025,,・・フロートによるもの［６］
uploaded,新設,,F04B 49/03,,・・弁によるもの［６］
uploaded,新設,,F04B 49/03 311,,・・・液体用または液体および圧縮性流体用のもの
uploaded,新設,,F04B 49/03 331,,・・・特に圧縮性流体用に適合したもの
uploaded,新設,,F04B 49/035,,・・・バイパスするもの［６］
uploaded,新設,,F04B 49/035 311,,・・・・液体用または液体および圧縮性流体用のもの
uploaded,新設,,F04B 49/035 331,,・・・・特に圧縮性流体用に適合したもの
uploaded,新設,,F04B 49/12,,・作動部材の行程の長さの変更によるもの［６］
uploaded,新設,,F04B 49/14,,・・往復運動の経路にある接合点を調整するもの［６］
uploaded,新設,,F04B 49/16,,・作動室の空所容積の調整によるもの［６］
uploaded,新設,,F04B 49/18,,・ピストンの作動表面の有効断面積の変更によるもの［６］
uploaded,新設,,F04B 49/02,,・駆動速度を変化させることによるもの（電気的に制御するものＦ０４Ｂ４９／０６）［６］
uploaded,新設,,F04B 49/22,,・弁によるもの（Ｆ０４Ｂ４９／０３が優先）［６］
uploaded,新設,,F04B 49/24,,・・バイパスするもの［６］
uploaded,新設,,F04B 53/00,,グループＦ０４Ｂ１／００～Ｆ０４Ｂ２３／００までのいずれにも，またはＦ０４Ｂ３９／００～Ｆ０４Ｂ４７／００のいずれにも分類されない，またはそれらのグループにはない注目すべき，構成要素，細部または付属品［６］
uploaded,新設,,F04B 53/00 A,,洗浄
uploaded,新設,,F04B 53/00 B,,消音
uploaded,新設,,F04B 53/00 C,,材料または材質に特徴があるもの
uploaded,新設,,F04B 53/00 D,,軸
uploaded,新設,,F04B 53/00 E,,軸受
uploaded,新設,,F04B 53/00 F,,水密
uploaded,新設,,F04B 53/00 G,,・容積形の回転部
uploaded,新設,,F04B 53/00 H,,取付方法または取付手段
uploaded,新設,,F04B 53/00 J,,電装品
uploaded,新設,,F04B 53/00 Z,,その他のもの
uploaded,新設,,F04B 53/02,,・シリンダとピストン間の自由空間に詰め込むもの［６］
uploaded,新設,,F04B 53/04,,・排水［６］
uploaded,新設,,F04B 53/06,,・通気［６］
uploaded,新設,,F04B 53/08,,・冷却（機械または機関の冷却一般Ｆ０１Ｐ）；加熱；凍結防止［６］
uploaded,新設,,F04B 53/08 A,,凍結防止
uploaded,新設,,F04B 53/08 B,,・加熱によるもの
uploaded,新設,,F04B 53/08 C,,・熱絶縁によるもの
uploaded,新設,,F04B 53/08 D,,・排水によるもの
uploaded,新設,,F04B 53/08 E,,冷却
uploaded,新設,,F04B 53/08 Z,,その他のもの
uploaded,新設,,F04B 53/01,,・弁；弁の配列［６］
uploaded,新設,,F04B 53/01 A,,吸入管路に適用または配列したもの
uploaded,新設,,F04B 53/01 B,,・逆止弁
uploaded,新設,,F04B 53/01 C,,吸入弁，吐出弁
uploaded,新設,,F04B 53/01 D,,・外部より駆動するもの
uploaded,新設,,F04B 53/01 E,,・手動ポンプ用
uploaded,新設,,F04B 53/01 F,,・ダイアフラムポンプ用
uploaded,新設,,F04B 53/01 G,,・電磁ポンプ用
uploaded,新設,,F04B 53/01 H,,吐出管路に適用または配列したもの
uploaded,新設,,F04B 53/01 J,,・逆止弁
uploaded,新設,,F04B 53/01 K,,分配弁
uploaded,新設,,F04B 53/01 L,,フート弁
uploaded,新設,,F04B 53/01 Z,,その他のもの
uploaded,新設,,F04B 53/12,,・・ピストンの中にまたは上に配置されたもの［６］
uploaded,新設,,F04B 53/14,,・ピストン，ピストン棒またはピストン棒接続［６］
uploaded,新設,,F04B 53/14 A,,シールに関するもの
uploaded,新設,,F04B 53/14 B,,材料，材質に特徴があるもの
uploaded,新設,,F04B 53/14 Z,,その他のもの
uploaded,新設,,F04B 53/16,,・ケーシング；シリンダ；シリンダライナまたはシリンダヘッド；流体接続［６］
uploaded,新設,,F04B 53/16 A,,ケーシング
uploaded,新設,,F04B 53/16 B,,シールに関するもの
uploaded,新設,,F04B 53/16 C,,シリンダヘッドに関するもの
uploaded,新設,,F04B 53/16 D,,吸入管路
uploaded,新設,,F04B 53/16 E,,吐出管路
uploaded,新設,,F04B 53/16 Z,,その他のもの
uploaded,新設,,F04B 53/18,,・潤滑（機械または機関の潤滑一般Ｆ０１Ｍ）［６］
uploaded,新設,,F04B 53/02,,・濾過［６］
uploaded,新設,,F04B 53/02 A,,フィルタまたはストレーナ
uploaded,新設,,F04B 53/02 Z,,その他のもの
uploaded,新設,,F04B 53/22,,・容易に組み立てや分解ができるようにするための装置［６］
uploaded,新設,,F04C 18/48,,・回転ピストンポンプで，共動部材の動作軸が平行でないもの［５］
uploaded,新設,,F04C 18/05,,・・軸が９０度で配列されているもの［５］
uploaded,新設,,F04C 18/52,,・・・相互にかみ合って係合する形式，すなわち．共動部材の係合状態が歯車伝動と類似のもの［５］
uploaded,新設,,F04C 18/54,,・・軸が９０度とは違う角度で配列されているもの［５］
uploaded,新設,,F04C 18/56,,・・・相互にかみ合って係合する形式，すなわち．共動部材の係合状態が歯車伝動と類似のもの［５］
uploaded,新設,,F15B 1/027,,・・アキュムレータ充填装置をもつもの（流体圧の制御一般Ｇ０５Ｄ１６／００）［６］
uploaded,新設,,F15B 1/033,,・・・電気的制御手段をもつもの［６］
uploaded,新設,,F15B 1/08,,・・・ガスクッションを用いるもの；ガス充填装置；そのための指示器またはフロート［６］
uploaded,新設,,F15B 1/01,,・・・・柔軟な分離手段をもつもの［６］
uploaded,新設,,F15B 1/12,,・・・・・それらの周囲に取り付けたもの（Ｆ１５Ｂ１／１６が優先）［６］
uploaded,新設,,F15B 1/14,,・・・・・・剛性環状支持部材によるもの［６］
uploaded,新設,,F15B 1/16,,・・・・・チューブの形状のもの［６］
uploaded,新設,,F15B 1/18,,・・・・・はみ出し防止手段［６］
uploaded,新設,,F15B 1/02,,・・・・・・分離手段に固定したもの［６］
uploaded,新設,,F15B 1/22,,・・・・液体出入口構造［６］
uploaded,新設,,F15B 1/24,,・・・・剛性分離手段，例．ピストン，をもつもの［６］
uploaded,新設,,F15B 1/26,,・補給槽または排液槽装置［６］
uploaded,新設,,F16D 11/14,,・軸方向にのみ動けるクラッチ部材をもつもの（Ｆ１６Ｄ１１／０２，Ｆ１６Ｄ１１／０８が優先）［５］
uploaded,新設,,F16D 11/16,,・軸方向のみ以外の別の方向にも動けるクラッチ部材をもつもの（Ｆ１６Ｄ１１／０２，Ｆ１６Ｄ１１／０８が優先）［５］
uploaded,新設,,F16D 55/224 A,,回転するディスクを２つの可動なディスク間で締め付けることによるもの
uploaded,新設,,F16D 55/224 Z,,その他のもの
uploaded,新設,,F16D 55/225,,・・・・ブレーキ部材がブレーキパッドであるもの［５］
uploaded,新設,,F16D 55/225 102,,・・・・・回転するディスクを両側のパッドで締め付けることによるもの（Ｆ１６Ｄ５５／２２５，１１２，Ｆ１６Ｄ５５／２２５，１１３が優先）
uploaded,新設,,F16D 55/225 102 A,,マスタシリンダ内蔵式のもの
uploaded,新設,,F16D 55/225 102 B,,二系統のもの
uploaded,新設,,F16D 55/225 102 C,,電磁ブレーキ
uploaded,新設,,F16D 55/225 102 Z,,その他のもの
uploaded,新設,,F16D 55/225 112,,・・・・・共動する部材とパッドとの関連に特徴があるもの
uploaded,新設,,F16D 55/225 112 A,,共動する部材と両摩擦パッドとの相互関係に特徴があるもの
uploaded,新設,,F16D 55/225 112 B,,共動する部材とアウタパッドとの相互関係に特徴があるもの
uploaded,新設,,F16D 55/225 112 C,,吊下ピンを備えたヨーク型のもの
uploaded,新設,,F16D 55/225 112 E,,吊下ピンを備えたキャリパ型のもの
uploaded,新設,,F16D 55/225 112 Z,,その他のもの
uploaded,新設,,F16D 55/225 113,,・・・・・共動する部材，パッドおよび固定の支持部材相互の関連に特徴があるもの
uploaded,新設,,F16D 55/225 113 A,,三者相互間にばね力が作用するもの
uploaded,新設,,F16D 55/225 113 Z,,その他のもの
uploaded,新設,,F16D 55/2255,,・・・・・そのなかで作動する部材が枢軸されているもの［５］
uploaded,新設,,F16D 55/2255 103,,・・・・・・共動する部材が揺動するもの
uploaded,新設,,F16D 55/2255 103 A,,ディスクの半径方向軸線まわりに揺動するもの
uploaded,新設,,F16D 55/2255 103 C,,ディスクの弦方向軸線まわりに揺動するもの
uploaded,新設,,F16D 55/2255 103 F,,二腕揺動式のもの
uploaded,新設,,F16D 55/2255 103 Z,,その他のもの
uploaded,新設,,F16D 55/226,,・・・・・そのなかで作動する部材が軸方向に動かされるもの［５］
uploaded,新設,,F16D 55/226 104,,・・・・・・共動する部材が回転するディスクの回転軸線方向に摺動するもの
uploaded,新設,,F16D 55/226 104 A,,機械式で操作軸線がディスク面に概略直交するもの
uploaded,新設,,F16D 55/226 104 B,,機械式で操作軸線がディスクの概略半径方向のもの
uploaded,新設,,F16D 55/226 104 C,,機械式で操作軸線がディスクの概略弦方向のもの
uploaded,新設,,F16D 55/226 104 E,,機械式でその他のもの
uploaded,新設,,F16D 55/226 104 F,,主にキャリパに特徴があるもの
uploaded,新設,,F16D 55/226 104 G,,主にヨークに特徴があるもの
uploaded,新設,,F16D 55/226 104 H,,主に固定支持部材に特徴があるもの
uploaded,新設,,F16D 55/226 104 J,,ディスクを内周からまたぐもの
uploaded,新設,,F16D 55/226 104 K,,自転車用サーボディスクブレーキ
uploaded,新設,,F16D 55/226 104 Z,,その他のもの
uploaded,新設,,F16D 55/226 105,,・・・・・・・摺動部が面をなしているもの
uploaded,新設,,F16D 55/226 105 A,,ヨークの摺動面に特徴があるもの
uploaded,新設,,F16D 55/226 105 B,,ヨークのピストン当接部に特徴があるもの
uploaded,新設,,F16D 55/226 105 C,,キャリパ式のもの
uploaded,新設,,F16D 55/226 105 Z,,その他のもの
uploaded,新設,,F16D 55/2265,,・・・・・・軸方向の動きが１つまたはそれ以上のピンにより案内されるもの［５］
uploaded,新設,,F16D 55/2265 107,,・・・・・・・摺動部が面とスライドピンとからなるもの
uploaded,新設,,F16D 55/2265 108,,・・・・・・・スライドピン自体に特徴があるもの
uploaded,新設,,F16D 55/2265 109,,・・・・・・・・スライドピンの固定に特徴があるもの
uploaded,新設,,F16D 55/2265 110,,・・・・・・・・スライドピンの摺動部に特徴があるもの
uploaded,新設,,F16D 55/2265 111,,・・・・・・・・スライドピンの摺動部の密封に特徴があるもの
uploaded,新設,,F16D 55/227,,・・・・・・・２つのピンにより案内されるもの［５］
uploaded,新設,,F16D 55/227 106,,・・・・・・・・摺動部がスライドピンからなるもの
uploaded,新設,,F16D 55/227 106 A,,スライドピンが共動する部材に取付けられたもの
uploaded,新設,,F16D 55/227 106 B,,スライドピンが固定支持部材に取付けられたもの
uploaded,新設,,F16D 55/227 106 C,,パッドの制動力支持兼用スライドピンをもつもの
uploaded,新設,,F16D 55/227 106 Z,,その他のもの
uploaded,新設,,F16L 1/024,,・陸上での管の敷設または埋設，例．地面上（Ｆ１６Ｌ１／１２が優先）［５］
uploaded,新設,,F16L 1/026,,・・凍結面中または凍結面上に［６］
uploaded,新設,,F16L 1/028,,・・地中（Ｆ１６Ｌ１／０２６が優先）［５，６］
uploaded,新設,,F16L 1/028 A,,接合工法及びその装置（芯出し，引き寄せはＦ１６Ｌ１／００＠Ｖ）
uploaded,新設,,F16L 1/028 B,,・分岐管の取付工法
uploaded,新設,,F16L 1/028 C,,水替工法及びその装置
uploaded,新設,,F16L 1/028 D,,垂直配管工法及びその装置
uploaded,新設,,F16L 1/028 E,,推進工法
uploaded,新設,,F16L 1/028 F,,不等沈下，浮上対策工法
uploaded,新設,,F16L 1/028 G,,・管枕，くいを用いるもの
uploaded,新設,,F16L 1/028 J,,・埋設土を改良するもの
uploaded,新設,,F16L 1/028 K,,・建物から管が突き出す所に関するもの
uploaded,新設,,F16L 1/028 L,,旧管の廃棄を含む工法及びその装置
uploaded,新設,,F16L 1/028 M,,・旧管を廃棄して新管と取換えるもの
uploaded,新設,,F16L 1/028 N,,・管を引き抜くもの
uploaded,新設,,F16L 1/028 P,,・管内を充てんして廃棄するもの
uploaded,新設,,F16L 1/028 Q,,埋設機械，例．パイプレイヤ
uploaded,新設,,F16L 1/028 R,,防蝕処理
uploaded,新設,,F16L 1/028 S,,保温，断熱構造
uploaded,新設,,F16L 1/028 T,,曲り部における補強
uploaded,新設,,F16L 1/028 U,,ボツクスカルバート
uploaded,新設,,F16L 1/028 V,,埋設管の表示
uploaded,新設,,F16L 1/028 Z,,その他のもの
uploaded,新設,,F16L 1/032,,・・・管が連続しているもの（Ｆ１６Ｌ１／０３８が優先）［５，６］
uploaded,新設,,F16L 1/036,,・・・管が短い長さの部分から成り立っているもの（Ｆ１６Ｌ１／０３８が優先）［５，６］
uploaded,新設,,F16L 1/038,,・・・現場施工の管［６］
uploaded,新設,,F16L 1/06,,・・そのための付属品，例．アンカー［５］
uploaded,新設,,F16L 1/09,,・・・互に接近した二個の管状薄膜をもたらすためのもの［６］
uploaded,新設,,F16L 1/01,,・・・配列のための付属品［５］
uploaded,新設,,F16L 1/11,,・・・地中のパイプの検知または保護用［６］
uploaded,新設,,F16L 1/12,,・水上または水中での管の敷設または埋設（浮揚性のホースＦ１６Ｌ１１／１３３）［５］
uploaded,新設,,F16L 1/12 E,,・陸地から管を海に繰出して敷設するもの
uploaded,新設,,F16L 1/12 F,,・船による海上又は海中曳航敷設
uploaded,新設,,F16L 1/12 H,,・ケーブルの敷設
uploaded,新設,,F16L 1/12 J,,・海底で管を製作しながら敷設するもの
uploaded,新設,,F16L 1/12 K,,・ケーブル先導による敷設
uploaded,新設,,F16L 1/12 L,,管の保護，固定
uploaded,新設,,F16L 1/12 N,,管端の封止手段
uploaded,新設,,F16L 1/12 T,,海中構造物への管の引込み
uploaded,新設,,F16L 1/12 U,,管の引上げ
uploaded,新設,,F16L 1/12 V,,敷設地点のモニタ
uploaded,新設,,F16L 1/12 W,,敷設船上での管のコーテング
uploaded,新設,,F16L 1/12 X,,敷設工法及びその装置
uploaded,新設,,F16L 1/12 Z,,その他のもの
uploaded,新設,,F16L 1/14,,・・表面と底の間での敷設または埋設［５］
uploaded,新設,,F16L 1/15,,・・・垂直に［６］
uploaded,新設,,F16L 1/16,,・・底での敷設または埋設［５］
uploaded,新設,,F16L 1/18,,・・・ＳまたはＪ形の管で敷設中の張力下にあるもの［５］
uploaded,新設,,F16L 1/19,,・・・・パイプがＪ型であるもの［６］
uploaded,新設,,F16L 1/02,,・・そのための付属品，例．うき，重り（ブイＢ６３Ｂ２２／００）［５］
uploaded,新設,,F16L 1/225,,・・・スティンガー［６］
uploaded,新設,,F16L 1/23,,・・・管伸張装置［６］
uploaded,新設,,F16L 1/235,,・・・敷設中に管を制御するための装置［６］
uploaded,新設,,F16L 1/24,,・・・うき；重り［５］
uploaded,新設,,F16L 1/26,,・水上または水中での管の修理または接合（浮揚性ホースＦ１６Ｌ１１／１３３；継ぎ手それ自体Ｆ１６Ｌ１３／００～Ｆ１６Ｌ４９／００）［５］
uploaded,新設,,F16L 3/01,,・相対的に移動できる点の間に管，ケーブルまたは保護管類を支持するかまたは案内するためのもの，例．可動な水路（電線，ホースまたは類似のものを保持するための装置をもつ牽引または巻き上げチェーンＦ１６Ｇ１３／１６）［５］
uploaded,新設,,F16L 3/015,,・・間接接合部材または柔軟安全部材を用いるもの（空気圧，液圧または電力を作動部分または装置に伝達する手段のクレーンのための配列Ｂ６６Ｃ１３／１２）［６］
uploaded,新設,,F16L 3/11,,・・・吊持部材に吊持されているもの（Ｆ１６Ｌ３／１４が優先）［５］
uploaded,新設,,F16L 3/123,,・・・取り付け面の表面に沿って伸びる部分をもつもの［５］
uploaded,新設,,F16L 3/127,,・・・取り付け面から離れる方向に伸びる部分をもつもの［５］
uploaded,新設,,F16L 3/13,,・・・スナップ動作でかみあわせるもの［５］
uploaded,新設,,F16L 3/133,,・・・吊持部材に吊持されているもの（Ｆ１６Ｌ３／１４が優先）［５］
uploaded,新設,,F16L 3/137,,・・・可とう性のバンドから成るもの［５］
uploaded,新設,,F16L 3/202,,・・・横の運動が回転運動に転換されるもの（Ｆ１６Ｌ３／２１５が優先）［６］
uploaded,新設,,F16L 3/205,,・・・支持ばねをもつもの［５］
uploaded,新設,,F16L 3/21,,・・・・一定の支持ばね力を与えるもの［５］
uploaded,新設,,F16L 3/215,,・・・動きを流体的または電気的に制御するもの［５］
uploaded,新設,,F16L 3/217,,・・・・液圧によるもの［６］
uploaded,新設,,F16L 3/223,,・・各支持体が管支持用の一個の横断基礎を有するもの（Ｆ１６Ｌ３／２３，Ｆ１６Ｌ３／２３７が優先）［６］
uploaded,新設,,F16L 3/227,,・・・各管が基礎に固定した別個の部材で支持されるもの［６］
uploaded,新設,,F16L 3/23,,・・管の束，あるいは互に接触して並べてある複数の管用（Ｆ１６Ｌ３／２３７が優先）［６］
uploaded,新設,,F16L 3/233,,・・・柔軟帯輪を使ったもの［６］
uploaded,新設,,F16L 3/237,,・・二本の管用［６］
uploaded,新設,,F16L 3/26,,・管をその全長に沿って支持するのに特に適合したもの，例．導管またはダクト［６］
uploaded,新設,,F16L 5/04,,・・防火帯装置を作るためのもの［６］
uploaded,新設,,F16L 5/06,,・・環またはスリーブを圧縮する旋回ナットを使ったもの［６］
uploaded,新設,,F16L 5/08,,・・環またはスリーブを圧縮する軸ねじを使ったもの［６］
uploaded,新設,,F16L 5/01,,・・密封環またはスリーブのみを使ったもの［６］
uploaded,新設,,F16L 5/12,,・・管が２つの部分に切断されているもの［６］
uploaded,新設,,F16L 5/14,,・・二重壁管または多水路管用［６］
uploaded,新設,,F16L 7/02,,・そして他の管，ケーブルまたはスリーブ内に管またはケーブルを密封するもの［６］
uploaded,新設,,F16L 9/01,,・木製（Ｆ１６Ｌ９／１６～Ｆ１６Ｌ９／２２が優先）［６］
uploaded,新設,,F16L 9/127,,・・単一の層からなる壁［５］
uploaded,新設,,F16L 9/128,,・・・強化管［６］
uploaded,新設,,F16L 9/133,,・・２層からなる壁［５］
uploaded,新設,,F16L 9/147,,・・金属および強化したまたはしない合成樹脂の層のみからなるもの［６］
uploaded,新設,,F16L 9/153,,・・金属および強化したまたはしないコンクリートの層のみからなるもの［６］
uploaded,新設,,F16L 9/17,,・シートを縦方向に曲げて端を接続することによるもの［６］
uploaded,新設,,F16L 9/21,,・騒音吸収材でできたもの，または騒音吸収構造を持つもの［７］
uploaded,新設,,F16L 11/112,,・・・壁内に埋蔵した補強材をもつもの［５］
uploaded,新設,,F16L 11/115,,・・・壁内に埋蔵されない補強材をもつもの［５］
uploaded,新設,,F16L 11/118,,・・・特定の目的のための装置をもつもの，例．電気伝導性をもつもの［５］
uploaded,新設,,F16L 11/127,,・・・電気伝導性をもつもの［５］
uploaded,新設,,F16L 11/133,,・・・浮揚性をもつもの［５］
uploaded,新設,,F16L 11/15,,・・波形のもの（Ｆ１６Ｌ１１／１６が優先）［５］
uploaded,新設,,F16L 11/02,,・二重ホース［５］
uploaded,新設,,F16L 11/22,,・多水路ホース［５］
uploaded,新設,,F16L 11/24,,・ストリップまたはバンドを巻いたもの（Ｆ１６Ｌ１１／１６が優先）［５］
uploaded,新設,,F16L 11/26,,・騒音吸収材でできたもの，または騒音吸収構造を持つもの［７］
uploaded,新設,,F16L 13/007,,・異なる材質の管を接合するために特に適合するもの［５］
uploaded,新設,,F16L 13/013,,・・そのための付属品［５］
uploaded,新設,,F16L 13/16,,・・相互に協働するカラーをもつ重なった端からなる管継ぎ手［５］
uploaded,新設,,F16L 15/06,,・ねじ山の形に特徴があるもの［５］
uploaded,新設,,F16L 15/08,,・充填要素をもつもの（Ｆ１６Ｌ１５／０４が優先）［５］
uploaded,新設,,F16L 23/024,,・・フランジが管にどのように接合されているかに，または管からどのように延出形成されているかによって特徴づけられるもの［５］
uploaded,新設,,F16L 23/026,,・・・溶接によるもの［６］
uploaded,新設,,F16L 23/028,,・・・フランジが肩部に対して保持されているもの［５］
uploaded,新設,,F16L 23/032,,・・フランジの形または構造によって特徴づけられるもの［５］
uploaded,新設,,F16L 23/036,,・・締付け部材に特徴があるもの，例．特別に用いられるボルトまたはＣ型クランプ［５］
uploaded,新設,,F16L 23/06,,・・トグル作動レバーによって結合されるもの（トグル作動レバーによって締めつけられる迅速作動形連結型継ぎ手Ｆ１６Ｌ３７／２０）［５］
uploaded,新設,,F16L 23/08,,・・接線方向に配置されたピンとナットによる締付け［５］
uploaded,新設,,F16L 23/01,,・・・旋回または揺動するピンをもつもの［５］
uploaded,新設,,F16L 23/12,,・特定の管に特に適用されたもの［５］
uploaded,新設,,F16L 23/14,,・・矩形断面の管のためのもの［５］
uploaded,新設,,F16L 23/16,,・密封手段に特徴のあるもの［５］
uploaded,新設,,F16L 23/18,,・・密封手段が環であるもの［６］
uploaded,新設,,F16L 23/02,,・・・もっぱら金属からなるもの［６］
uploaded,新設,,F16L 23/22,,・・・もっぱら金属以外の材料からなるもの［６］
uploaded,新設,,F16L 23/24,,・・接合部の不均衡な膨張に特に適合したもの［６］
uploaded,新設,,F16L 29/02,,・２つの管端の一方に締め切り装置を有し，その締め切り装置が連結器が働いた時に自動的に開くもの［５］
uploaded,新設,,F16L 29/04,,・２つの管端の各々に締め切り装置を有し，その締め切り装置が連結器が働いた時に自動的に開くもの［５］
uploaded,新設,,F16L 31/02,,・分岐ホース用［６］
uploaded,新設,,F16L 39/06,,・多水路管スイベル継ぎ手型のもの，例．軸方向に取り付けた複数のモジュールから成る［７］
uploaded,新設,,F16L 41/03,,・・４本以上の管部材のための接合部品からなるもの［５］
uploaded,新設,,F16L 41/01,,・・管の端が壁にねじ込まれたもの［５］
uploaded,新設,,F16L 41/12,,・・管を取り囲む取り付け手段を使用するもの［５］
uploaded,新設,,F16L 41/14,,・・壁の内側または外側に中間部品をねじこむことによるもの［５］
uploaded,新設,,F16L 41/16,,・・枝管が流体締め切り手段をもつもの［５］
uploaded,新設,,F16L 41/18,,・分岐管が移動できるもの［７］
uploaded,新設,,F16L 49/02,,・スリーブまたはソケットをもつ継ぎ手［５］
uploaded,新設,,F16L 49/04,,・フランジ継ぎ手［５］
uploaded,新設,,F16L 49/06,,・シール表面が部材（例．継ぎ手部品の外面または内面にネジ止めされるシーベルナット）によって圧接される継ぎ手［７］
uploaded,新設,,F16L 49/08,,・調整可能な継ぎ手，動きを許容する継ぎ手［７］
uploaded,新設,,F16L 59/065,,・・真空を用いるもの（Ｆ１６Ｌ５９／０７５が優先）［７］
uploaded,新設,,F16L 59/07,,・・空気層が，一重以上の絶縁層によって囲まれているもの［７］
uploaded,新設,,F16L 59/075,,・・空気層または真空状態が，管の外周に配分されている縦の水路によって区切られているもの［７］
uploaded,新設,,F16L 59/11,,・・Ｌ字型の継ぎ手用の固定カバー［７］
uploaded,新設,,F16L 59/125,,・・らせん状のスペーサー［７］
uploaded,新設,,F16L 59/13,,・・弾力性のある支持体［７］
uploaded,新設,,F16L 59/135,,・・絶縁管に特に適合したハンガーまたは支持体［７］
uploaded,新設,,F16L 59/15,,・・地下に埋められた管用［７］
uploaded,新設,,F16L 59/21,,・・・膨張補整装置に適合したもの［７］
uploaded,新設,,F21V 29/01,,・熱的損傷を減少するための発熱部品の配置，例．保護すべき部品から距離を置いて発熱部品を配置することによるもの［２０１５．０１］
uploaded,新設,,F21V 29/15,,・断熱［２０１５．０１］
uploaded,新設,,F21V 29/15 100,,・・断熱部材の形状に特徴のあるもの
uploaded,新設,,F21V 29/05,,・冷却手段（照明器具の熱を放散または使用する空気処理システムＦ２４Ｆ３／０５６）［２０１５．０１］
uploaded,新設,,F21V 29/502,,・・特定部品の冷却に特徴のあるもの［２０１５．０１］
uploaded,新設,,F21V 29/502 100,,・・・光源から間隔を置いた光フィルターまたは波長変換部材，例．蛍光体層，の冷却（Ｆ２１Ｖ２９／５０４～Ｆ２１Ｖ２９／５０６が優先）
uploaded,新設,,F21V 29/503,,・・・光源の冷却（ガス放電または蒸気放電ランプと構造的に関連する冷却装置Ｈ０１Ｊ６１／５２；電気発熱灯と構造的に関連する冷却装置Ｈ０１Ｋ１／５８；発光ダイオードと構造的に関連する冷却装置Ｈ０１Ｌ３３／６４）［２０１５．０１］
uploaded,新設,,F21V 29/503 100,,・・・・熱伝導部材，例．熱伝導性シートまたは熱伝導グリース，を介在させて取りつけるもの
uploaded,新設,,F21V 29/504,,・・・屈析器の冷却［２０１５．０１］
uploaded,新設,,F21V 29/505,,・・・反射器の冷却［２０１５．０１］
uploaded,新設,,F21V 29/506,,・・・グローブ，ボールまたはおおいガラスの冷却［２０１５．０１］
uploaded,新設,,F21V 29/507,,・・・照明装置の防護手段，例．ハウジング，の冷却［２０１５．０１］
uploaded,新設,,F21V 29/508,,・・・電気回路の冷却［２０１５．０１］
uploaded,新設,,F21V 29/508 100,,・・・・熱伝導部材，例．熱伝導性シートまたは熱伝導グリース，を介在させて取りつけるもの
uploaded,新設,,F21V 29/51,,・・流体の凝縮または蒸発を使用するもの，例．ヒートパイプ［２０１５．０１］
uploaded,新設,,F21V 29/52,,・・・電気駆動のもの［２０１５．０１］
uploaded,新設,,F21V 29/54,,・・熱電手段を使用するもの，例．ペルチェ素子［２０１５．０１］
uploaded,新設,,F21V 29/56,,・・冷却液を使用するもの（Ｆ２１Ｖ２９／５１が優先）［２０１５．０１］
uploaded,新設,,F21V 29/57,,・・・制御手段に特徴のあるもの［２０１５．０１］
uploaded,新設,,F21V 29/58,,・・・冷却液に特徴のあるもの［２０１５．０１］
uploaded,新設,,F21V 29/06,,・・気体，例．空気，の強制流動の使用に特徴のあるもの［２０１５．０１］
uploaded,新設,,F21V 29/61,,・・・制御手段に特徴のあるもの［２０１５．０１］
uploaded,新設,,F21V 29/63,,・・・電気駆動振動手段を使用するもの；イオン風を使用するもの［２０１５．０１］
uploaded,新設,,F21V 29/65,,・・・閉回路の中で気体を流動させるもの［２０１５．０１］
uploaded,新設,,F21V 29/67,,・・・ファンの配置に特徴のあるもの［２０１５．０１］
uploaded,新設,,F21V 29/67 100,,・・・・吸入側にファンが配置されるもの
uploaded,新設,,F21V 29/67 200,,・・・・排出側にファンが配置されるもの
uploaded,新設,,F21V 29/07,,・・自然冷却による放熱体に特徴のあるもの，例．ヒートシンク［２０１５．０１］
uploaded,新設,,F21V 29/71,,・・・別々の放熱体を熱伝導手段により相互接続したもの，例．別々のヒートシンクの間をヒートパイプまたは熱伝導棒で接続したもの［２０１５．０１］
uploaded,新設,,F21V 29/73,,・・・放熱体が相互に調節可能なもの，例．ヒンジ結合されたもの［２０１５．０１］
uploaded,新設,,F21V 29/74,,・・・フィンまたはブレードのあるもの［２０１５．０１］
uploaded,新設,,F21V 29/75,,・・・・異なる形状，厚みまたは間隔をもつフィンまたはブレードのあるもの［２０１５．０１］
uploaded,新設,,F21V 29/76,,・・・・実質的に同一のフィンまたはブレードが平行に配置されるもの，例．櫛のような横断面をもつもの［２０１５．０１］
uploaded,新設,,F21V 29/77,,・・・・実質的に同一のフィンまたはブレードが放射状に配置されるもの，例．ファンまたは星のような横断面をもつもの［２０１５．０１］
uploaded,新設,,F21V 29/78,,・・・・フィンまたはブレードがらせん状または渦巻き状に配置されるもの［２０１５．０１］
uploaded,新設,,F21V 29/08,,・・・ピンまたはワイヤのあるもの［２０１５．０１］
uploaded,新設,,F21V 29/81,,・・・・形状，長さまたは間隔が異なるピンまたはワイヤのあるもの［２０１５．０１］
uploaded,新設,,F21V 29/83,,・・・放熱体が開口部，ダクトまたは溝をもつもの，例．熱放射孔［２０１５．０１］
uploaded,新設,,F21V 29/85,,・材料に特徴のあるもの（冷却液Ｆ２１Ｖ２９／５６）［２０１５．０１］
uploaded,新設,,F21V 29/87,,・・有機材料，例．ポリマー充填複合材；そのための熱伝導性添加剤またはコーティング［２０１５．０１］
uploaded,新設,,F21V 29/89,,・・金属［２０１５．０１］
uploaded,新設,,F21V 29/09,,・加熱手段［２０１５．０１］
uploaded,新設,,F23C 9/08 400,,・・ＮＯ↓ｘ発生を抑制するもの
uploaded,新設,,F23C 9/08 401,,・・・エゼクタ効果を利用するもの
uploaded,新設,,F23C 9/08 402,,・・・・再循環通路を有するもの
uploaded,新設,,F23C 9/08 403,,・・・・炉内自己再循環するもの
uploaded,新設,,F23C 9/08 500,,・・Ｆ２３Ｃ９／０８，４００～Ｆ２３Ｃ９／０８，４０３に包含されないもの
uploaded,新設,,F23C 9/08 501,,・・・エゼクタ効果を利用するもの
uploaded,新設,,F23C 9/08 502,,・・・・再循環通路を有するもの
uploaded,新設,,F23C 9/08 503,,・・・・炉内自己再循環するもの
uploaded,新設,,F23C 13/00,,燃焼が触媒の中で発生する装置（流動媒体が触媒の流動層燃焼装置Ｆ２３Ｃ１０／０１；無炎燃焼のための触媒を用いる輻射ガスバーナＦ２３Ｄ１４／１８）［８］
uploaded,新設,,F23C 13/02,,・起動のための装置に特徴があるもの，例．温度操作のために触媒を熱するためのもの［８］
uploaded,新設,,F23C 13/04,,・直列に連結した２以上の触媒の配置に特徴があるもの［８］
uploaded,新設,,F23C 13/06,,・非触媒燃焼を伴うもの，例．触媒の下流側［８］
uploaded,新設,,F23C 13/08,,・触媒の材質に特徴があるもの［８］
uploaded,新設,,F23G 7/07,,・・触媒物質の存在下で燃焼が発生するもの［８］
uploaded,新設,,F23G 7/07 Q,,焼却技術，例．焼却プロセス
uploaded,新設,,F23G 7/07 R,,制御または安全装置
uploaded,新設,,F23G 7/07 S,,温度条件を限定したもの
uploaded,新設,,F23G 7/07 T,,触媒の材質
uploaded,新設,,F23G 7/07 U,,触媒の構造
uploaded,新設,,F23G 7/07 V,,触媒の配置
uploaded,新設,,F23G 7/07 W,,触媒の温度を調整するもの
uploaded,新設,,F23G 7/07 X,,他の機能を有するものに触媒を取付けたもの例．熱交換器に触媒を取り付けたもの
uploaded,新設,,F23G 7/07 Z,,その他のもの
uploaded,新設,,F23J 15/02,,・洗浄器の，例．有毒物質除去用（固体残滓用トラップＦ２３Ｊ３／０４）［６］
uploaded,新設,,F23J 15/04,,・・洗浄液を用いるもの［６］
uploaded,新設,,F23J 15/06,,・冷却器の［６］
uploaded,新設,,F23J 15/08,,・加熱器の［６］
uploaded,新設,,F23M 20/00,,他に分類されない燃焼室の細部［２０１４．０１］
uploaded,新設,,G01F 1/684,,・・構造配置；素子の取付け，例．流体流量に関連しているもの［６］
uploaded,新設,,G01F 1/684 A,,センサ本体
uploaded,新設,,G01F 1/684 B,,流路
uploaded,新設,,G01F 1/684 C,,整流部材
uploaded,新設,,G01F 1/684 Z,,その他
uploaded,新設,,G01F 1/688,,・・・加熱，冷却または感知要素の特殊な型式を用いるもの［６］
uploaded,新設,,G01F 1/69,,・・・・抵抗型の［６］
uploaded,新設,,G01F 1/69 A,,形状に特徴
uploaded,新設,,G01F 1/69 B,,材料に特徴
uploaded,新設,,G01F 1/69 C,,製造方法に特徴
uploaded,新設,,G01F 1/69 Z,,その他
uploaded,新設,,G01F 1/692,,・・・・・薄膜構造［６］
uploaded,新設,,G01F 1/692 A,,形状に特徴
uploaded,新設,,G01F 1/692 B,,材料に特徴
uploaded,新設,,G01F 1/692 C,,製造方法に特徴
uploaded,新設,,G01F 1/692 Z,,その他
uploaded,新設,,G01F 1/696,,・・そのための回路，例．定電流流量メーター［６］
uploaded,新設,,G01F 1/696 A,,感知素子に特徴（構造はＧ０１Ｆ１／６８４）
uploaded,新設,,G01F 1/696 B,,差動増幅器に特徴
uploaded,新設,,G01F 1/696 C,,駆動電源に特徴
uploaded,新設,,G01F 1/696 Z,,その他
uploaded,新設,,G01F 1/698,,・・・帰還回路または再平衡回路，例．自己加熱定温流量メーター［６］
uploaded,新設,,G01F 1/698 A,,感知素子に特徴（構造はＧ０１Ｆ１／６８４）
uploaded,新設,,G01F 1/698 B,,差動増幅器に特徴
uploaded,新設,,G01F 1/698 C,,駆動電源に特徴
uploaded,新設,,G01F 1/698 Z,,その他
uploaded,新設,,G01F 1/699,,・・・・別個の加熱または冷却要素の制御によるもの［６］
uploaded,新設,,G01S 7/02 200,,・・送受信アンテナがいずれも単一であるレーダ方式，例．ビームのパターン，方向を変えるもの
uploaded,新設,,G01S 7/02 202,,・・・干渉波除去，高指向性
uploaded,新設,,G01S 7/02 210,,・・送受信アンテナのいずれかが複数であるレーダ方式
uploaded,新設,,G01S 7/02 212,,・・・アンテナを各々独立して使用するもの
uploaded,新設,,G01S 7/02 214,,・・・主・副アンテナによるサイドローブ除去
uploaded,新設,,G01S 7/02 216,,・・・フェーズドアレイアンテナを使用するもの
uploaded,新設,,G01S 7/02 218,,・・・・位相差検出による方探
uploaded,新設,,G01S 7/03 200,,・・・リフレクタ，偏波変換
uploaded,新設,,G01S 7/03 202,,・・・・シャッタ
uploaded,新設,,G01S 7/03 210,,・・・導波管，例．レーダシステム用ハイブリッド指向性カプラー
uploaded,新設,,G01S 7/03 212,,・・・・電波レンズ
uploaded,新設,,G01S 7/03 220,,・・・ＭＩＣ，マイクロ波回路
uploaded,新設,,G01S 7/03 230,,・・・アンテナ構成
uploaded,新設,,G01S 7/03 232,,・・・・防水
uploaded,新設,,G01S 7/03 234,,・・・・冷却，耐熱
uploaded,新設,,G01S 7/03 236,,・・・・換気
uploaded,新設,,G01S 7/03 238,,・・・・防塵
uploaded,新設,,G01S 7/03 240,,・・・・取付，据付
uploaded,新設,,G01S 7/03 242,,・・・・電波と光波，音波等の組合せ
uploaded,新設,,G01S 7/03 244,,・・・・地中レーダ用
uploaded,新設,,G01S 7/03 246,,・・・・レドーム
uploaded,新設,,G01S 7/03 248,,・・・・回転駆動，回転角検出
uploaded,新設,,G01S 7/06 200,,・・・・目盛板，フード等の付属物
uploaded,新設,,G01S 7/12 200,,・・・・・・航跡を表示するもの
uploaded,新設,,G01S 7/28 200,,・・・送受切替器，保護回路，例．漏れ信号の抑圧，除去
uploaded,新設,,G01S 7/28 210,,・・・送・受信周波数の制御，例．可変発信器，ＰＬＬ，ＶＣＯ，ＡＦＣ（周波数メモリはＧ０１Ｓ７／３２）
uploaded,新設,,G01S 7/28 220,,・・・送受兼用のための構成，例．アレイアンテナ用モジュール，レーダ用基準パルスの発生
uploaded,新設,,G01S 7/282 200,,・・・・送信パルスの発生，成型
uploaded,新設,,G01S 7/285 200,,・・・・ＡＧＣ（短い期間のＡＧＣはＧ０１Ｓ７／３４）
uploaded,新設,,G01S 7/285 210,,・・・・録画，再生（そのための伝送方式はＧ０１Ｓ１３／０２，プロッタはＧ０１Ｓ７／２９５，Ｇ０１Ｓ７／２９８）
uploaded,新設,,G01S 7/292 200,,・・・・・信号検出
uploaded,新設,,G01S 7/292 202,,・・・・・・積分方式，積分器，畜積管
uploaded,新設,,G01S 7/292 204,,・・・・・・ＰＲＦ相関，相関一般
uploaded,新設,,G01S 7/292 210,,・・・・・ＰＲＦの検出，弁別，例．特定パルス列の検出
uploaded,新設,,G01S 7/292 220,,・・・・・パルス特性，例．幅，中心値，位置，単一パルスの特性，の検出
uploaded,新設,,G01S 7/292 230,,・・・・・ｆａｓｔ　ｔｉｍｅ　ｃｏｎｓｔａｎｔ［ＦＴＣ］
uploaded,新設,,G01S 7/295 200,,・・・・・時間軸変換
uploaded,新設,,G01S 7/295 210,,・・・・・プロッタ，航跡表示
uploaded,新設,,G01S 7/295 220,,・・・・・座標変換
uploaded,新設,,G01S 7/298 200,,・・・・・・プロッタ，航跡表示
uploaded,新設,,G01S 7/32 200,,・・・・・ビデオ信号の量子化
uploaded,新設,,G01S 7/32 210,,・・・・・スレッシュホールドの設定
uploaded,新設,,G01S 7/32 220,,・・・・・一定誤警報率［ＣＦＡＲ］処理に特徴のあるもの
uploaded,新設,,G01S 7/32 230,,・・・・・パルスの波形処理，例．パルス幅伸長，ボックスカー，周波数メモリ
uploaded,新設,,G01S 7/32 240,,・・・・・統計的信号検知方式，例．スライディングウインドウ，コインシデンス，エクスポネンシャル，ムービングサム，サクセスラン，シーケンシャル
uploaded,新設,,G01S 7/32 250,,・・・・・検知された信号の統計的処理方式，例．ランレングス，平均化，スイープ相関，スキャン相関
uploaded,新設,,G01S 7/34 200,,・・・・・感度時間制御［ＳＴＣ］
uploaded,新設,,G01S 7/04 104,,・・・レーダシステムの部品に関するもの
uploaded,新設,,G01S 7/04 108,,・・・・送信機に関するもの
uploaded,新設,,G01S 7/04 113,,・・・・・送信電力の調整を伴うもの
uploaded,新設,,G01S 7/04 117,,・・・・ＨＦシステムに関するもの
uploaded,新設,,G01S 7/04 121,,・・・・受信機に関するもの
uploaded,新設,,G01S 7/04 126,,・・・・アンテナの軸ずれに関するもの
uploaded,新設,,G01S 7/04 130,,・・・・・方位角，すなわち水平面における軸ずれ
uploaded,新設,,G01S 7/04 134,,・・・・・仰角，すなわち垂直面における軸ずれ
uploaded,新設,,G01S 7/04 139,,・・・・センサまたはアンテナへの妨害物に関するもの，例．汚れや氷の付着
uploaded,新設,,G01S 7/04 143,,・・・・・妨害物の付着を防止または除去する手段を含むもの
uploaded,新設,,G01S 7/04 147,,・・・・・・誘電体レンズの加熱，例．電熱線による
uploaded,新設,,G01S 7/04 152,,・・・エコーの模擬によるもの
uploaded,新設,,G01S 7/04 156,,・・・・ＦＭＣＷレーダに特に適合させたもの
uploaded,新設,,G01S 7/04 160,,・・・・内部で生成された参照信号を使用するもの，例．参照信号が，遅延線を経由するもの，ＲＦ若しくはＩＦ信号の注入を経るもの，または，結合された基準反射器若しくは応答機を経由するもの
uploaded,新設,,G01S 7/04 165,,・・・・・遅延線を含むもの
uploaded,新設,,G01S 7/04 169,,・・・・・ＲＦ信号の注入を含むもの
uploaded,新設,,G01S 7/04 173,,・・・・・ＩＦ信号の注入を含むもの
uploaded,新設,,G01S 7/04 178,,・・・・・結合された基準反射器または基準応答機を含むもの
uploaded,新設,,G01S 7/04 182,,・・・・外部で生成された参照信号を使用するもの，例．参照信号が，離れて配置された反射器または応答機を経由するもの
uploaded,新設,,G01S 7/04 186,,・・・・・校正環境下，例．電波暗室，で実施するもの
uploaded,新設,,G01S 7/04 191,,・・・・・通常のレーダ動作中に実施するもの
uploaded,新設,,G01S 7/04 195,,・・・・・外部参照信号が変調されているもの，例．ドップラーエコー等を模擬するために二面反射器を回転させたり応答機を変調したりするもの
uploaded,新設,,G01S 13/28 200,,・・・・・・・周波数変調方式，例．パルス圧縮装置
uploaded,新設,,G01S 13/28 210,,・・・・・・・符号化方式，例．時間的圧縮符号化
uploaded,新設,,G01S 13/58 200,,・・・・距離と速度の同時測定に関するもの
uploaded,新設,,G01S 13/58 210,,・・・・ドップラー周波数の捕捉・追尾に関するもの
uploaded,新設,,G01S 13/06 200,,・・・・・車両搭載のもの
uploaded,新設,,G01S 13/06 202,,・・・・・・他の移動体の速度検出
uploaded,新設,,G01S 13/06 210,,・・・・・航空機搭載のもの
uploaded,新設,,G01S 13/06 212,,・・・・・・自機の速度検出
uploaded,新設,,G01S 13/06 214,,・・・・・・他の移動体の速度検出
uploaded,新設,,G01S 13/06 220,,・・・・・船舶搭載のもの
uploaded,新設,,G01S 13/82 200,,・・・応答周波数による対象物の識別
uploaded,新設,,G01S 13/88 200,,・・地中埋設物探査のためのもの
uploaded,新設,,G01S 13/88 210,,・・飛翔体誘導のためのもの
uploaded,新設,,G01S 13/88 220,,・・近接信管起爆のためのもの
uploaded,新設,,G01S 13/09 105,,・・・・合成開口レーダ［ＳＡＲ］信号の処理を光学的に行うもの
uploaded,新設,,G01S 13/09 111,,・・・・アジマス方向におけるＳＡＲ信号の処理を周波数領域で行うもの（Ｇ０１Ｓ１３／９０，１０５が優先）
uploaded,新設,,G01S 13/09 117,,・・・・アジマス方向におけるＳＡＲ信号の処理を時間領域で行うもの（Ｇ０１Ｓ１３／９０，１０５が優先）
uploaded,新設,,G01S 13/09 123,,・・・・モノパルスまたは干渉法との組合せ
uploaded,新設,,G01S 13/09 125,,・・・・・モノパルス
uploaded,新設,,G01S 13/09 127,,・・・・・干渉法，例．インターフェロメトリＳＡＲ
uploaded,新設,,G01S 13/09 129,,・・・・移動目標検出用に特に適合されたもの（ＭＩＴそのものＧ０１Ｓ１３／５２）
uploaded,新設,,G01S 13/09 135,,・・・・他に規定されない特殊ＳＡＲ処理技法
uploaded,新設,,G01S 13/09 138,,・・・・・スキャンＳＡＲ，サーチＳＡＲ
uploaded,新設,,G01S 13/09 141,,・・・・・スクイントモード
uploaded,新設,,G01S 13/09 147,,・・・・・ドップラービーム先鋭化モード
uploaded,新設,,G01S 13/09 152,,・・・・・スポットライトモード
uploaded,新設,,G01S 13/09 158,,・・・・・バイスタティックＳＡＲ
uploaded,新設,,G01S 13/09 164,,・・・・・逆合成開口レーダ［ＩＳＡＲ］
uploaded,新設,,G01S 13/09 170,,・・・・・前方監視ＳＡＲ
uploaded,新設,,G01S 13/09 176,,・・・・・ＳＡＲにおける偏波分析に特徴のあるもの，例．ポーラリメトリＳＡＲ
uploaded,新設,,G01S 13/09 182,,・・・・・回転ＳＡＲ［ＲＯＳＡＲ］，すなわち，アンテナが回転可能に取り付けられたもの
uploaded,新設,,G01S 13/09 188,,・・・・・円形ＳＡＲ［ＣＳＡＲ，Ｃ－ＳＡＲ］
uploaded,新設,,G01S 13/09 191,,・・・・画像処理的側面
uploaded,新設,,G01S 13/09 194,,・・・・理論的側面
uploaded,新設,,G01S 13/91 200,,・・・航空機のためのもの，例．到着順位処理方法
uploaded,新設,,G01S 13/91 210,,・・・船舶のためのもの，例．船舶の航行案内装置
uploaded,新設,,G01S 13/93 200,,・・・航空機のためのもの
uploaded,新設,,G01S 13/93 210,,・・・船舶のためのもの
uploaded,新設,,G01S 13/93 220,,・・・車両のためのもの
uploaded,新設,,G02B 1/11,,・・反射防止コーティング［６，２０１５．０１］
uploaded,新設,,G02B 1/111,,・・・有機材料を含む層を使用するもの［２０１５．０１］
uploaded,新設,,G02B 1/113,,・・・無機の層材料のみを使用するもの［２０１５．０１］
uploaded,新設,,G02B 1/115,,・・・・複数の層からなるもの［２０１５．０１］
uploaded,新設,,G02B 1/116,,・・・・・導電性層を含むもの［２０１５．０１］
uploaded,新設,,G02B 1/118,,・・・透過率向上のための光学的サブ波長表面構造を有するもの，例．モスアイ構造［２０１５．０１］
uploaded,新設,,G02B 1/14,,・・保護コーティング，例．ハードコーティング［２０１５．０１］
uploaded,新設,,G02B 1/16,,・・帯電防止効果を有するもの，例．導電性コーティング［２０１５．０１］
uploaded,新設,,G02B 1/18,,・・光学的表面のための防汚コーティング，例．疎水性または光触媒性フィルム（Ｇ０２Ｂ１／１６が優先）［２０１５．０１］
uploaded,新設,,G03B 7/01,,・手動露出制御と自動露出制御との切換［２０１４．０１］
uploaded,新設,,G03B 7/0805,,・・優先モードの切換［２０１４．０１］
uploaded,新設,,G03B 7/0993,,・・・カメラ内［２０１４．０１］
uploaded,新設,,G03B 7/0997,,・・・・ＴＴＬ方式による測定［２０１４．０１］
uploaded,新設,,G03B 7/17,,・・閃光撮影モードと他の撮影モードとの切換［２０１４．０１］
uploaded,新設,,G03B 7/03,,・露出制御のための安全装置［２０１４．０１］
uploaded,新設,,G06F 1/02 620,,・・波形生成器，すなわち時間の周期関数を生成するための装置，例．直接デジタル信号合成器（Ｇ０６Ｆ１／０２５，Ｇ０６Ｆ１／０３が優先）
uploaded,新設,,G06F 1/025,,・・二値振幅をもつ関数のためのもの，例．ウォルシュ関数のためのもの［５］
uploaded,新設,,G06F 1/025 650,,・・・ウォルシュまたは類似の関数
uploaded,新設,,G06F 1/03,,・・少なくとも一部分はテーブル・ルックアップによって作動するもの（Ｇ０６Ｆ１／０２５が優先）［５］
uploaded,新設,,G06F 1/03 607,,・・・対数または指数型関数（Ｇ０６Ｆ１／０３，６１４，Ｇ０６Ｆ１／０３５が優先）
uploaded,新設,,G06F 1/03 614,,・・・周辺装置，例．紙テープまたはドラムに保存されるテーブル
uploaded,新設,,G06F 1/03 621,,・・・波形発生装置，すなわち時間の周期的関数を発生するための装置，例．直接デジタル信号合成器（Ｇ０６Ｆ１／０３，６１４，Ｇ０６Ｆ１／０３５が優先）
uploaded,新設,,G06F 1/03 628,,・・・・位相増分値が調整されうるもの，例．加算累積器を用いることによる
uploaded,新設,,G06F 1/03 635,,・・・・・複数変数型構成関数である位相増分それ自体，例．度数および位相
uploaded,新設,,G06F 1/03 642,,・・・・複数の波形を同時に生成するためのもの，例．異なる位相角のみを用いるもの
uploaded,新設,,G06F 1/035,,・・・テーブルのサイズの縮小［５］
uploaded,新設,,G06F 1/035 630,,・・・・関数の対称的な性質を用いることによるもの，例．象限制御のための最上位ビットを用いるもの
uploaded,新設,,G06F 1/035 660,,・・・・複数の小テーブルを用いることによるもの，例．引数の一部によってアドレス指定されるもの
uploaded,新設,,G06F 1/04 302 F,,装置試験のためのもの
uploaded,新設,,G06F 1/04 510,,・・誤動作防止または精度向上のためのもの，例．調整または安定化
uploaded,新設,,G06F 1/04 511,,・・・不要輻射の防止
uploaded,新設,,G06F 1/04 512,,・・・・スペクトラム拡散
uploaded,新設,,G06F 1/04 550,,・・クロックの制御（Ｇ０６Ｆ１／０６～Ｇ０６Ｆ１／１４が優先）
uploaded,新設,,G06F 1/04 560,,・・・クロックの起動
uploaded,新設,,G06F 1/04 561,,・・・・発振安定後の供給
uploaded,新設,,G06F 1/04 570,,・・・クロックの停止または周波数の低減
uploaded,新設,,G06F 1/04 571,,・・・・異常対策のためのもの
uploaded,新設,,G06F 1/04 575,,・・・・節電のためのもの
uploaded,新設,,G06F 1/04 576,,・・・・・一部領域へのクロックを停止するもの
uploaded,新設,,G06F 1/06,,・・複数のクロック信号を発生するクロック発生装置［５］
uploaded,新設,,G06F 1/06 510,,・・・位相の異なるクロック信号を発生するもの
uploaded,新設,,G06F 1/06 520,,・・・タイミングパルス発生器
uploaded,新設,,G06F 1/06 521,,・・・・タイミングパターンを記憶するメモリを有するもの
uploaded,新設,,G06F 1/06 590,,・・・クロック信号の切替（Ｇ０６Ｆ１／０８，５１０が優先）
uploaded,新設,,G06F 1/08,,・・クロック周波数が可変またはプログラマブルであるクロック発生装置［５］
uploaded,新設,,G06F 1/08 510,,・・・クロック周波数の切替
uploaded,新設,,G06F 1/08 520,,・・・クロック周波数がプログラマブルのもの
uploaded,新設,,G06F 1/01,,・・クロック信号の分配［５］
uploaded,新設,,G06F 1/01 510,,・・・遅延量を調整するもの
uploaded,新設,,G06F 1/01 511,,・・・・線路長を調整するもの
uploaded,新設,,G06F 1/01 512,,・・・・静電容量を調整するもの
uploaded,新設,,G06F 1/01 513,,・・・・シフトレジスタを用いるもの
uploaded,新設,,G06F 1/01 520,,・・・遅延量を計測するもの
uploaded,新設,,G06F 1/01 650,,・・・分配が少なくとも部分的に光学的なもの
uploaded,新設,,G06F 1/12,,・・異なるクロック信号の同期［５］
uploaded,新設,,G06F 1/12 510,,・・・送受信のためのもの
uploaded,新設,,G06F 1/14,,・・時間監視装置，例．リアルタイムクロック［５］
uploaded,新設,,G06F 1/14 510,,・・・実時間監視のためのもの
uploaded,新設,,G06F 1/14 511,,・・・・時刻合わせのためのもの
uploaded,新設,,G06F 1/14 512,,・・・・・複数タイマー間の時刻合わせ
uploaded,新設,,G06F 1/14 520,,・・・経過時間監視のためのもの，例．マルチタイマー
uploaded,新設,,G06F 1/16,,・構造上の細部または配置［５］
uploaded,新設,,G06F 1/16 311,,・・大型計算機周辺の構造
uploaded,新設,,G06F 1/16 311 A,,計算機室の構造
uploaded,新設,,G06F 1/16 311 B,,・防音または耐震構造
uploaded,新設,,G06F 1/16 311 C,,・フリーアクセス床構造
uploaded,新設,,G06F 1/16 311 D,,・・耐震構造
uploaded,新設,,G06F 1/16 311 E,,・・床構造
uploaded,新設,,G06F 1/16 311 F,,・・床支持構造
uploaded,新設,,G06F 1/16 311 G,,・・配線穴への落下防止構造
uploaded,新設,,G06F 1/16 311 H,,計算機の支持構造
uploaded,新設,,G06F 1/16 311 J,,・耐震構造
uploaded,新設,,G06F 1/16 311 K,,・固定構造
uploaded,新設,,G06F 1/16 311 L,,・高さ調整
uploaded,新設,,G06F 1/16 311 Z,,その他のもの
uploaded,新設,,G06F 1/16 312,,・・計算機本体の構造（電源の構造はＧ０６Ｆ１／２６，３３１，冷却のための構造はＧ０６Ｆ１／２０，３６０）
uploaded,新設,,G06F 1/16 312 A,,筐体の構造（Ｇ０６Ｆ１／１６，３１２Ｂ～Ｇ０６Ｆ１／１６，３１２Ｈが優先）
uploaded,新設,,G06F 1/16 312 B,,・大型計算機用
uploaded,新設,,G06F 1/16 312 C,,・コンソール型計算機用
uploaded,新設,,G06F 1/16 312 D,,・卓上計算機用
uploaded,新設,,G06F 1/16 312 E,,・ポータブル型計算機用
uploaded,新設,,G06F 1/16 312 F,,・・表示部の配置
uploaded,新設,,G06F 1/16 312 G,,・手持計算機用（電卓はＧ０６Ｆ１５／０２）
uploaded,新設,,G06F 1/16 312 H,,・会計機用
uploaded,新設,,G06F 1/16 312 J,,・筐体の連結
uploaded,新設,,G06F 1/16 312 K,,・他の装置との結合
uploaded,新設,,G06F 1/16 312 L,,・筐体の細部，例．シールド，防音材取付構造またはエアシール
uploaded,新設,,G06F 1/16 312 M,,プリント基板およびユニットの収納
uploaded,新設,,G06F 1/16 312 N,,ユニット引出構造
uploaded,新設,,G06F 1/16 312 P,,扉
uploaded,新設,,G06F 1/16 312 Q,,カバー
uploaded,新設,,G06F 1/16 312 R,,・キーボード用
uploaded,新設,,G06F 1/16 312 S,,ロック機構
uploaded,新設,,G06F 1/16 312 T,,足
uploaded,新設,,G06F 1/16 312 U,,キーボードおよび操作盤の取付構造
uploaded,新設,,G06F 1/16 312 V,,キーボードまたはマウスの収納
uploaded,新設,,G06F 1/16 312 W,,外部記憶装置の取付または収納
uploaded,新設,,G06F 1/16 312 Z,,その他のもの
uploaded,新設,,G06F 1/16 313,,・・計算機付属部の構造，例．ラック，ケースまたは書見台
uploaded,新設,,G06F 1/16 313 A,,計算機用机または台
uploaded,新設,,G06F 1/16 313 B,,卓上型計算機用固定具
uploaded,新設,,G06F 1/16 313 C,,計算機用ケース
uploaded,新設,,G06F 1/16 313 D,,書見台，資料台また伝票台
uploaded,新設,,G06F 1/16 313 E,,照明，例．キーボード用
uploaded,新設,,G06F 1/16 313 F,,ＣＲＴの角度調整
uploaded,新設,,G06F 1/16 313 Z,,その他のもの
uploaded,新設,,G06F 1/18,,・・実装または電力の分配［５］
uploaded,新設,,G06F 1/18 A,,接続方式に関するもの
uploaded,新設,,G06F 1/18 B,,布線または束線
uploaded,新設,,G06F 1/18 C,,ケーブル処理，例．キーボード用ケーブルの収納
uploaded,新設,,G06F 1/18 D,,電源供給配線
uploaded,新設,,G06F 1/18 E,,接続構造，例．コネクタ形状
uploaded,新設,,G06F 1/18 F,,プリント板の実装に関するもの
uploaded,新設,,G06F 1/18 G,,プリント板内の配線に関するもの
uploaded,新設,,G06F 1/18 H,,活線挿抜
uploaded,新設,,G06F 1/18 J,,誤挿入防止，誤抜取防止または実装状態検知
uploaded,新設,,G06F 1/18 Z,,その他のもの
uploaded,新設,,G06F 1/02,,・・冷却手段［５］
uploaded,新設,,G06F 1/02 A,,液冷（Ｇ０６Ｆ１／２０Ｃ，Ｇ０６Ｆ１／２０Ｄ，Ｇ０６Ｆ１／２０Ｅ優先）
uploaded,新設,,G06F 1/02 B,,空冷（Ｇ０６Ｆ１／２０Ｃ，Ｇ０６Ｆ１／２０Ｄ，Ｇ０６Ｆ１／２０Ｅ優先）
uploaded,新設,,G06F 1/02 C,,構造
uploaded,新設,,G06F 1/02 D,,制御
uploaded,新設,,G06F 1/02 E,,障害監視
uploaded,新設,,G06F 1/02 Z,,その他のもの
uploaded,新設,,G06F 1/22,,・ピン／ゲート比率を制限または制御する手段［５］
uploaded,新設,,G06F 1/24,,・リセット手段（データ誤りからの復元Ｇ０６Ｆ１１／００）［５］
uploaded,新設,,G06F 1/24 351,,・・リセット回路
uploaded,新設,,G06F 1/24 A,,初期化処理方式
uploaded,新設,,G06F 1/24 B,,リセット方式
uploaded,新設,,G06F 1/24 C,,メモリの初期化
uploaded,新設,,G06F 1/24 Z,,その他のもの
uploaded,新設,,G06F 1/26,,・電力供給手段，例．電源の安定化（メモリのためのものＧ１１Ｃ）［５］
uploaded,新設,,G06F 1/26 331,,・・電源の構造
uploaded,新設,,G06F 1/26 331 A,,電池のためのもの
uploaded,新設,,G06F 1/26 331 B,,・太陽電池のためのもの
uploaded,新設,,G06F 1/26 331 C,,電源スイッチ
uploaded,新設,,G06F 1/26 331 D,,発電機構
uploaded,新設,,G06F 1/26 331 E,,給電構造（配線Ｇ０６Ｆ１／１８Ｄ）
uploaded,新設,,G06F 1/26 331 Z,,その他のもの
uploaded,新設,,G06F 1/26 334,,・・電源の制御
uploaded,新設,,G06F 1/26 334 A,,オンオフ制御（Ｇ０６Ｆ１／２６，３３４Ｊ優先）
uploaded,新設,,G06F 1/26 334 B,,・オン制御
uploaded,新設,,G06F 1/26 334 C,,・オフ制御
uploaded,新設,,G06F 1/26 334 D,,・オンオフ順序制御
uploaded,新設,,G06F 1/26 334 E,,・自動投入または切断制御，例．オペレータの存在検知によるもの
uploaded,新設,,G06F 1/26 334 F,,・・時刻による制御
uploaded,新設,,G06F 1/26 334 G,,・・処理の有無による制御
uploaded,新設,,G06F 1/26 334 H,,制御情報の作成，管理または転送（Ｇ０６Ｆ１／２６，３３４Ｊ優先）
uploaded,新設,,G06F 1/26 334 J,,遠方装置のためのもの
uploaded,新設,,G06F 1/26 334 K,,・主装置側のオンオフ制御
uploaded,新設,,G06F 1/26 334 L,,・・公衆回線を用いるもの
uploaded,新設,,G06F 1/26 334 P,,・従装置側のオンオフ制御
uploaded,新設,,G06F 1/26 334 Q,,・・従装置側のオン制御
uploaded,新設,,G06F 1/26 334 R,,・・従装置側のオフ制御
uploaded,新設,,G06F 1/26 334 S,,・・・キー操作有無検出
uploaded,新設,,G06F 1/26 334 Z,,その他のもの
uploaded,新設,,G06F 1/26 335,,・・バックアップ電源
uploaded,新設,,G06F 1/26 335 A,,バックアップ電源構成
uploaded,新設,,G06F 1/26 335 C,,給電切換
uploaded,新設,,G06F 1/26 335 E,,・メモリ記憶保護信号の発生
uploaded,新設,,G06F 1/26 335 Z,,その他のもの
uploaded,新設,,G06F 1/26 A,,電源の構成
uploaded,新設,,G06F 1/26 B,,・太陽電池を用いるもの
uploaded,新設,,G06F 1/26 C,,・冗長構成またはマルチプロセッサのためのもの
uploaded,新設,,G06F 1/26 D,,・メモリまたはＩＣ用電源
uploaded,新設,,G06F 1/26 E,,・・メモリカードまたはＩＣカード用電源
uploaded,新設,,G06F 1/26 F,,・給電方式
uploaded,新設,,G06F 1/26 G,,電源投入切断時の誤動作防止
uploaded,新設,,G06F 1/26 H,,・電源確定信号の発生転送
uploaded,新設,,G06F 1/26 J,,廻り込み防止またはアース
uploaded,新設,,G06F 1/26 Z,,その他のもの
uploaded,新設,,G06F 1/28,,・・電源の監視，例．規定値はずれの監視による電力供給不良の検知［５］
uploaded,新設,,G06F 1/28 A,,交流電源の監視
uploaded,新設,,G06F 1/28 C,,バックアップ電源または電池の監視
uploaded,新設,,G06F 1/28 D,,・電圧比較手段による直接監視
uploaded,新設,,G06F 1/28 E,,・メモリ内容チェックによる間接監視
uploaded,新設,,G06F 1/28 H,,停電時間または停電有無の監視
uploaded,新設,,G06F 1/28 Z,,その他のもの
uploaded,新設,,G06F 1/03,,・・電力供給不良または中断，例．電源変動の際作動するための手段（リセットのためだけのものＧ０６Ｆ１／２４；データワードの処理を含むものＧ０６Ｆ１１／００）［５］
uploaded,新設,,G06F 1/03 A,,停電復電処理（Ｇ０６Ｆ１／３０Ｖ優先）
uploaded,新設,,G06F 1/03 K,,・コンピュータの停止再開処理
uploaded,新設,,G06F 1/03 L,,・データ保護処理
uploaded,新設,,G06F 1/03 M,,・・データの退避回復処理
uploaded,新設,,G06F 1/03 N,,・・外部記憶データのためのもの
uploaded,新設,,G06F 1/03 P,,・機能の一部停止，例．プリンタの停止
uploaded,新設,,G06F 1/03 Q,,・電源のしゃ断
uploaded,新設,,G06F 1/03 R,,・停電時間またはバックアップ良否を判断するもの
uploaded,新設,,G06F 1/03 V,,瞬断に対処するもの（Ｇ０６Ｆ１／３０Ｘ優先）
uploaded,新設,,G06F 1/03 X,,事前対策を有するもの，例．予め一定間隔でデータ退避を行つておくもの
uploaded,新設,,G06F 1/03 Z,,その他のもの
uploaded,新設,,G06F 1/32,,・・電力節約のための手段［５］
uploaded,新設,,G06F 1/32 A,,漏れ電流の防止
uploaded,新設,,G06F 1/32 B,,不使用部分の電源断
uploaded,新設,,G06F 1/32 E,,特別な電源切断手段
uploaded,新設,,G06F 1/32 Z,,その他のもの
uploaded,新設,,G06F 3/12 301,,・・印刷システムへのインタフェースに特徴のあるもの
uploaded,新設,,G06F 3/12 302,,・・・特定の目的または効果を達成しようとするもの
uploaded,新設,,G06F 3/12 303,,・・・・印刷ジョブの管理を改善または容易にするためのもの
uploaded,新設,,G06F 3/12 304,,・・・・・ユーザあるいはオペレータに印刷ジョブを実行させるにあたって，複雑な操作をさせないようにするためのもの，例．印刷ジョブのプリセット，印刷ジョブの自動実行または認証カードの使用
uploaded,新設,,G06F 3/12 305,,・・・・・印刷ジョブの設定を補助または援助することにより設定をやりやすくするためのもの，例．設定のカスタマイズ，ガイダンス，コンフリクトの通知またはジョブチケットの使用
uploaded,新設,,G06F 3/12 306,,・・・・・入力データのフォーマット，印刷ジョブのフォーマットまたは印刷ジョブの種類をフレキシブルに適応させるためのもの，例．フォーマットの変換
uploaded,新設,,G06F 3/12 307,,・・・・・印刷ジョブの送信後にユーザへ印刷結果を通知するためのもの
uploaded,新設,,G06F 3/12 308,,・・・・・印刷の品質を向上させるためのもの，例．試し印刷，印刷プレビューまたは画質調整
uploaded,新設,,G06F 3/12 309,,・・・・・旧い印刷プロトコルの装置を新しい印刷システムに接続して印刷するためのもの，例．通信プロトコルの変換または拡張，機能の拡張
uploaded,新設,,G06F 3/12 310,,・・・・装置の障害，消耗品の不足または通信エラーを検出，予測またはリカバリーするためのもの
uploaded,新設,,G06F 3/12 311,,・・・・印刷処理の性能を向上させるためのもの
uploaded,新設,,G06F 3/12 312,,・・・・・印刷ジョブの投入から，プリンタにおいて印刷が開始されるまでの時間を短縮するためのもの
uploaded,新設,,G06F 3/12 313,,・・・・・・印刷ジョブが一時的に蓄積される装置または印刷が実行されるプリンタにおいて，印刷が開始されるまでの時間を短縮するためのもの
uploaded,新設,,G06F 3/12 314,,・・・・・・印刷ジョブを送信する側の装置において，送信が開始されるまでの時間を短縮するためのもの
uploaded,新設,,G06F 3/12 315,,・・・・・プリンタにおいて印刷を開始してから印刷が完了するまでの時間を短縮するためのもの
uploaded,新設,,G06F 3/12 317,,・・・・・プリンタの空き時間または障害による停止時間を短縮するためのもの，例．分散印刷
uploaded,新設,,G06F 3/12 318,,・・・・プリンタの消耗品の使用量を削減または節約するためのもの；プリンタまたはクライアントのハードウェアリソースを有効に活用するためのもの
uploaded,新設,,G06F 3/12 319,,・・・・・プリンタの消耗品の使用量を削減または節約するためのもの
uploaded,新設,,G06F 3/12 320,,・・・・・プリンタまたはクライアントのハードウェアリソースを有効に活用させるためのもの，例．メモリまたはＣＰＵ
uploaded,新設,,G06F 3/12 321,,・・・・・プリンタの消費電力を削減させるためのもの
uploaded,新設,,G06F 3/12 322,,・・・・印刷ジョブのセキュリティを強化するためのもの
uploaded,新設,,G06F 3/12 323,,・・・印刷ジョブを実行するための特定の技術に特徴のあるもの
uploaded,新設,,G06F 3/12 324,,・・・・クライアントまたはサーバのリソースの管理
uploaded,新設,,G06F 3/12 325,,・・・・・クライアントまたはサーバにおけるソフトウェアの更新，例．プリンタドライバ，プラグインまたはフォントの更新
uploaded,新設,,G06F 3/12 326,,・・・・・印刷設定に適合するプリンタの選択または検索
uploaded,新設,,G06F 3/12 327,,・・・・・プリンタ定義ファイルを使用するもの，例．ＧＰＤまたはＰＰＤ
uploaded,新設,,G06F 3/12 328,,・・・・・専用のプリンタドライバを持たないで印刷ジョブを送信するもの；汎用的なプリンタドライバを使用して印刷ジョブを送信するもの
uploaded,新設,,G06F 3/12 329,,・・・・プリンタの管理またはプリンタのメンテナンス，例．電力状態，動作状態または故障状態
uploaded,新設,,G06F 3/12 330,,・・・・・プリンタのソフトウェアまたはファームウェアの管理，例．ソフトウェア，ファームウェアまたはフォントのアップデートまたはインストール
uploaded,新設,,G06F 3/12 331,,・・・・・プリンタに関連した設定，例．ＩＰアドレス，名称または識別情報の設定
uploaded,新設,,G06F 3/12 332,,・・・・・プリンタの能力情報の取得，例．要求に応じてまたは定期的に取得するもの
uploaded,新設,,G06F 3/12 334,,・・・・・エラー処理およびリカバリー処理，例．再印刷処理
uploaded,新設,,G06F 3/12 335,,・・・・・・消耗品の不足によるもの，例．用紙，インクまたはトナー
uploaded,新設,,G06F 3/12 336,,・・・・装置間の通信の接続に特徴のあるもの，例．クライアントとプリンタ，サーバとプリンタ，プリンタとプリンタ
uploaded,新設,,G06F 3/12 337,,・・・・印刷ジョブの管理
uploaded,新設,,G06F 3/12 338,,・・・・・印刷のセキュリティに特徴のあるもの，例．ユーザ認証，ページの機密情報の空白化または親展印刷
uploaded,新設,,G06F 3/12 339,,・・・・・制限範囲内でのプリンタの使用；プリンタの機能の使用制限
uploaded,新設,,G06F 3/12 340,,・・・・・印刷またはリッピング変換の並列化
uploaded,新設,,G06F 3/12 341,,・・・・・印刷設定に対応した印刷ジョブの分割，例．白黒ページとカラーページ，本のカバーと中身またはタブ
uploaded,新設,,G06F 3/12 342,,・・・・・ページ上へのオブジェクトの配置または挿入に特徴のあるもの
uploaded,新設,,G06F 3/12 343,,・・・・・・バリアブル印刷，例．ページ上への識別コード，スタンプ，ウォーターマーク，タイトル，ロゴ，広告またはクーポンの挿入；帳票印刷
uploaded,新設,,G06F 3/12 344,,・・・・・印刷ジョブの変換または印刷ジョブの解析，例．ページのバンド処理，色変換，フォント変換または重複データの削除
uploaded,新設,,G06F 3/12 345,,・・・・・・中間印刷データまたは共通印刷データへの変換，例．ＰＤＦ，ＥＭＦまたはＸＰＳ
uploaded,新設,,G06F 3/12 346,,・・・・・・マークアップ言語で記述した印刷ジョブを解析するもの，例．ＸＳＬ，ＸＭＬまたはＨＴＭＬ
uploaded,新設,,G06F 3/12 347,,・・・・・・プリンタが処理できる印刷データへ変換するもの
uploaded,新設,,G06F 3/12 348,,・・・・・・印刷データを解析してプリンタ言語を決定するもの；プリンタ言語を解析して印刷処理を決定するもの
uploaded,新設,,G06F 3/12 350,,・・・・・ページレイアウトまたは記録媒体上へのページの割り当て，例，両面印刷，集約印刷，製本，変倍またはフチ無し印刷
uploaded,新設,,G06F 3/12 351,,・・・・・・連続的な記録媒体に適用したもの，例．ウェブ紙またはロール紙
uploaded,新設,,G06F 3/12 352,,・・・・・・特殊なシート状の記録媒体に適用したもの
uploaded,新設,,G06F 3/12 353,,・・・・・印刷ジョブのパラメータの設定，例．クライアントでＵＩを使用するもの
uploaded,新設,,G06F 3/12 354,,・・・・・・パラメータを自動設定するもの，例．プリンタドライバによる自動設定
uploaded,新設,,G06F 3/12 355,,・・・・・・パラメータに不整合が生じないようにするもの，例．設定範囲の制限，不整合の通知または不整合の解消
uploaded,新設,,G06F 3/12 356,,・・・・・・印刷前にユーザに対してフィードバックするもの，例．印刷プレビュー，テスト印刷，試し印刷または印刷前の確認
uploaded,新設,,G06F 3/12 357,,・・・・・・保存されたパラメータを使用するもの，例．テンプレート，初期値または印刷様式
uploaded,新設,,G06F 3/12 358,,・・・・・・プリンタ側で印刷ジョブの印刷設定を変更するもの，例．印刷中のジョブまたは蓄積しているジョブ
uploaded,新設,,G06F 3/12 359,,・・・・・印刷ジョブの監視，例．印刷ジョブのステータスを取得するもの
uploaded,新設,,G06F 3/12 360,,・・・・・印刷ジョブのスケジューリング，例．印刷ジョブのキューイングまたはプリンタの割り当て
uploaded,新設,,G06F 3/12 361,,・・・・・・他のプリンタにおいて代替印刷するもの，例．印刷失敗時，消耗品の不足時または遅延予測時
uploaded,新設,,G06F 3/12 362,,・・・・・・印刷ジョブのグルーピング，ギャンギングまたは結合
uploaded,新設,,G06F 3/12 363,,・・・・・・印刷ジョブの優先度に基づくもの，例．実行の順序の変更または割り込み印刷
uploaded,新設,,G06F 3/12 364,,・・・・・・印刷ジョブの設定に基づいて後処理装置を割り当てるもの，例．折りたたみ，断裁，綴じまたは製本
uploaded,新設,,G06F 3/12 365,,・・・・・印刷データの場所を指定して印刷ジョブを実行するもの，例．ＵＲＬまたはファイルパスの指定
uploaded,新設,,G06F 3/12 367,,・・・・・親展印刷のための蓄積；時間指定印刷のための蓄積；再印刷のための蓄積
uploaded,新設,,G06F 3/12 368,,・・・・・印刷要求と印刷データとを独立して送信するもの；携帯端末やウェブブラウザから印刷データを指定して印刷要求を送信するもの
uploaded,新設,,G06F 3/12 369,,・・・・・・配信サーバからの印刷データの送信，例．印刷データの送信予約または配信サービス
uploaded,新設,,G06F 3/12 370,,・・・・・・ホットフォルダを用いるもの
uploaded,新設,,G06F 3/12 371,,・・・・・・プリンタまたはサーバに蓄積されている印刷データを用いて新たな印刷ジョブを作成して印刷するもの，例．ボックス印刷
uploaded,新設,,G06F 3/12 372,,・・・・・・デジタル店舗，例．電子注文，ウェブを介した印刷サービスまたはリモートの送信画面からのジョブの送信
uploaded,新設,,G06F 3/12 373,,・・・・・印刷ジョブ履歴の作成，管理または使用，例．ログ，課金または印刷経路の追跡
uploaded,新設,,G06F 3/12 374,,・・・・・所定の条件，例．メモリの空き容量またはプライバシー，に基づいて印刷ジョブを削除またはキャンセルするもの
uploaded,新設,,G06F 3/12 375,,・・・・印刷ジョブのワークフロー管理，例．ワークフローの定義または変更
uploaded,新設,,G06F 3/12 376,,・・・・・クライアントまたはサーバのプリンタドライバにおいて，印刷ワークフローの管理を行うもの
uploaded,新設,,G06F 3/12 377,,・・・・・ワークフローがフィルタのパイプライン化により構成されるもの
uploaded,新設,,G06F 3/12 378,,・・・印刷システムの特定の構成に特徴のあるもの
uploaded,新設,,G06F 3/12 379,,・・・・プリンタコントローラに特徴のあるもの，例．ハードウェア構成
uploaded,新設,,G06F 3/12 380,,・・・・ダイレクト印刷のためのもの，例．可搬性記憶媒体またはデジタルカメラからの印刷
uploaded,新設,,G06F 3/12 381,,・・・・複数の印刷機構を備えるプリンタと接続するためのもの
uploaded,新設,,G06F 3/12 382,,・・・・大型プリンタと接続するためのもの
uploaded,新設,,G06F 3/12 384,,・・・・ローカルプリンタと接続するためのもの，例．シリアルポート，パラレルポートまたはＵＳＢポートによる接続
uploaded,新設,,G06F 3/12 385,,・・・・リモートプリンタと接続するためのもの
uploaded,新設,,G06F 3/12 386,,・・・・・ローカルネットワークを介するもの
uploaded,新設,,G06F 3/12 387,,・・・・・インターネットを介するもの，例．Ｗｅｂ印刷
uploaded,新設,,G06F 3/12 388,,・・・・・クライアント－サーバ－プリンタとなる接続構成
uploaded,新設,,G06F 3/12 389,,・・・・・サーバ－クライアント－プリンタとなる接続構成，例．サーバからプリンタが見えないもの
uploaded,新設,,G06F 3/12 390,,・・・・・サーバ－プリンタ－クライアントとなる接続構成，例．クライアントはサーバと通信しないもの
uploaded,新設,,G06F 3/12 391,,・・・・プリンタが印刷データの格納手段を有し，印刷データを自ら管理するもの
uploaded,新設,,G06F 3/12 392,,・・・・携帯端末とプリンタとのデータの入出力，例．携帯端末からの無線印刷
uploaded,新設,,G06F 3/12 393,,・・コンピュータとのプリンタ情報のやりとりに特徴があるもの
uploaded,新設,,G06F 3/12 394,,・・・状態通知または情報交換に関するフィードバック
uploaded,新設,,G06F 3/12 395,,・・・バッファー手段
uploaded,新設,,G06F 3/12 396,,・・印刷ジョブのスケジューリングまたはプリンタ資源取扱
uploaded,新設,,G06F 3/12 397,,・・プリンタコードへの翻訳，変換，エミュレーションまたは圧縮；プリンタパラメータの設定
uploaded,新設,,G06F 3/12 398,,・・・プリンタ言語の変換を行うもの，例．プログラム制御言語またはページ記述言語
uploaded,新設,,G06F 3/16 400,,・・専用オーディオデバイスへのインターフェイス，例．オーディオドライバーまたはＣＯＤＥＣへのインターフェイス
uploaded,新設,,G06F 3/16 410,,・・・電話回線利用の音声応答装置
uploaded,新設,,G06F 3/16 500,,・・オーディオストリームの管理，例．ボリュームの設定またはオーディオストリームパス
uploaded,新設,,G06F 3/16 510,,・・・入力レベルの制御
uploaded,新設,,G06F 3/16 520,,・・・音声入力期間の設定
uploaded,新設,,G06F 3/16 530,,・・・音声出力期間及び出力箇所の設定
uploaded,新設,,G06F 3/16 540,,・・・音声出力時における音量，音質または音速の制御
uploaded,新設,,G06F 3/16 550,,・・・音声出力時における無音処理
uploaded,新設,,G06F 3/16 600,,・・ユーザーインターフェイス内のオーディオ，例．ナビゲートのために音声コマンドを使用するもの，オーディオフィードバック
uploaded,新設,,G06F 3/16 610,,・・・他の入力装置との併用
uploaded,新設,,G06F 3/16 620,,・・・他の表示装置との併用
uploaded,新設,,G06F 3/16 630,,・・・音声コマンドによる指令
uploaded,新設,,G06F 3/16 640,,・・・話者の照合
uploaded,新設,,G06F 3/16 650,,・・・音声認識を用いたユーザーインターフェイス
uploaded,新設,,G06F 3/16 660,,・・・音声ガイダンス，例．操作方法案内
uploaded,新設,,G06F 3/16 670,,・・・アンサーバックによる確認
uploaded,新設,,G06F 3/16 680,,・・・動作状態または異常状態の報知
uploaded,新設,,G06F 3/16 690,,・・・音声合成を用いたユーザーインターフェイス
uploaded,新設,,G06F 15/02 302,,・・ＩＣカード状のもの
uploaded,新設,,G06F 15/02 309,,・・インターフェイス
uploaded,新設,,G06F 15/02 340 J,,測定用
uploaded,新設,,G06F 15/02 340 M,,単位換算
uploaded,新設,,G06F 15/02 341,,・・・日時を扱うためのもの
uploaded,新設,,G06F 15/02 341 N,,時間計算
uploaded,新設,,G06F 15/02 341 P,,日数または曜日計算
uploaded,新設,,G06F 15/02 341 Q,,・カレンダー
uploaded,新設,,G06F 15/02 341 Z,,その他
uploaded,新設,,G06F 15/02 342,,・・・データ格納及び検索のためのもの
uploaded,新設,,G06F 15/02 342 A,,スケジュールまたは時刻表
uploaded,新設,,G06F 15/02 342 Z,,その他
uploaded,新設,,G06F 15/02 343,,・・・文書表示機能を有するもの
uploaded,新設,,G06F 15/16 605,,・・コンピューティングインフラストラクチャ，すなわち実装形態，例．クラスタ，ブレードまたはハードウェアパーティショニング
uploaded,新設,,G06F 15/16 605 M,,複数プロセッサボード間の接続または配線構造
uploaded,新設,,G06F 15/16 605 Z,,その他
uploaded,新設,,G06F 15/173 660,,・・・・相互接続手法
uploaded,新設,,G06F 15/173 660 B,,特に並列マシンのルーティング手法，例．ワームホール，ストアアンドフォワードまたは最短パスにおける輻輳問題
uploaded,新設,,G06F 15/173 660 C,,並列通信手法，例．ギャザ，スキャタ，リデュース操作，ブロードキャスト，マルチキャストまたは全対全通信
uploaded,新設,,G06F 15/173 660 D,,同期；同期のためのハードウェアサポート
uploaded,新設,,G06F 15/173 660 Z,,その他
uploaded,新設,,G06F 15/173 665,,・・・・・分散共有メモリ［ＤＳＭ］，例．リモートＤＭＡ［ＲＤＭＡ］
uploaded,新設,,G06F 15/173 665 C,,バス結合による分散共有メモリでノード間データ転送制御またはノード間通信に特徴があるもの
uploaded,新設,,G06F 15/173 665 D,,ネットワーク接続による分散共有メモリでノード間データ転送制御またはノード間通信に特徴があるもの
uploaded,新設,,G06F 15/173 665 E,,ローカルバス／メモリの競合制御，排他制御またはローカルエリア制御に特徴があるもの
uploaded,新設,,G06F 15/173 665 F,,遠隔直接書き込み／読み出し制御に特徴があるもの
uploaded,新設,,G06F 15/173 665 J,,キャッシュに依存しないデータ一貫性維持に特徴があるもの；転写メモリ
uploaded,新設,,G06F 15/173 665 X,,Ｇ０６Ｆ１５／１７３，６６５Ｃ～Ｇ０６Ｆ１５／１７３，６６５Ｊに包含されない，バス結合による分散共有メモリ
uploaded,新設,,G06F 15/173 665 Y,,Ｇ０６Ｆ１５／１７３，６６５Ｃ～Ｇ０６Ｆ１５／１７３，６６５Ｊに包含されない，ネットワーク接続による分散共有メモリ
uploaded,新設,,G06F 15/173 665 Z,,その他
uploaded,新設,,G06F 15/173 670,,・・・・直接接続された複数の機械，すなわちホップせずに直接相手ノードに通信する複数の機械，例．完全結合された複数の計算機，ポイントツーポイント通信ネットワーク
uploaded,新設,,G06F 15/173 673,,・・・・・相互接続が動的に構成可能であるもの，例．最も隣接したものと疎結合するようなアーキテクチャ（再構成可能プロセッサアレイＧ０６Ｆ１５／７８，５６０）
uploaded,新設,,G06F 15/173 675,,・・・・ネットワークアダプタ，例．ＳＣＩまたはＭｙｒｉｎｅｔ
uploaded,新設,,G06F 15/173 680,,・・・・間接相互接続，すなわちノード間で通信する際に中継すべきノードを経由またはホップして通信するもの
uploaded,新設,,G06F 15/173 681,,・・・・・隣接ノード間の直接接続構造または隣接ノードの接続構造
uploaded,新設,,G06F 15/173 682,,・・・・・階層的トポロジ
uploaded,新設,,G06F 15/173 683,,・・・・・非階層的トポロジ
uploaded,新設,,G06F 15/173 683 B,,１次元，例．リニアアレイまたはリング
uploaded,新設,,G06F 15/173 683 C,,２次元，例．メッシュまたはトーラス
uploaded,新設,,G06F 15/173 683 D,,３次元以上，例．ハイパーキューブ
uploaded,新設,,G06F 15/173 683 E,,多段ネットワークを有するもの，例．ブロードキャスト，スキャタ，ギャザ，ホットスポットコンテンションまたは結合／分離
uploaded,新設,,G06F 15/173 683 Z,,その他
uploaded,新設,,G06F 15/173 685,,・・・・ノード間の接続構造に特徴のあるもの
uploaded,新設,,G06F 15/173 685 A,,ノード間相互接続ネットワーク構造
uploaded,新設,,G06F 15/173 685 M,,多段接続網，すなわちマルチステージによる相互接続構造
uploaded,新設,,G06F 15/173 685 S,,スイッチ結合網による相互接続構造，例．マトリックススイッチ，スイッチ群
uploaded,新設,,G06F 15/173 685 Z,,その他
uploaded,新設,,G06F 15/173 695,,・・・・複数Ｉ／Ｏノード間の相互接続，例．Ｉ／Ｏノードを含むもの
uploaded,新設,,G06F 15/173 699,,・・・・その他
uploaded,新設,,G06F 15/78 512,,・・・チップ外部への拡張，例．チップ外部のメモリや周辺回路との接続
uploaded,新設,,G06F 15/78 513,,・・・チップの入出力に関する事項
uploaded,新設,,G06F 15/78 514,,・・・・チップの入出力回路または端子
uploaded,新設,,G06F 15/78 515,,・・・チップ内蔵回路に特徴があるもの
uploaded,新設,,G06F 15/78 516,,・・・試験，デバッグまたは監視
uploaded,新設,,G06F 15/78 517,,・・・電源，クロックまたはリセットに関する事項
uploaded,新設,,G06F 15/78 518,,・・・チップの外部からチップの内部へのアクセスに関するもの
uploaded,新設,,G06F 15/78 518 C,,チップ外部からチップ内部のメモリへのアクセス
uploaded,新設,,G06F 15/78 518 F,,・チップ外部からチップ内部のメモリへのアクセスの制限；機密保持
uploaded,新設,,G06F 15/78 518 Z,,その他
uploaded,新設,,G06F 15/78 520,,・・・システムオンボード
uploaded,新設,,G06F 15/78 530,,・・・システムオンチップ
uploaded,新設,,G06F 15/78 540,,・・・メモリを持たないもの
uploaded,新設,,G06F 15/78 550,,・・・メモリを持つもの
uploaded,新設,,G06F 15/78 560,,・・・再構成可能なアーキテクチャを持つもの
uploaded,新設,,G06F 15/78 570,,・・・モジュラーアーキテクチャ
uploaded,新設,,G06F 15/78 599,,・・・その他
uploaded,新設,,G06F 17/14 510,,・・・離散フーリエ変換
uploaded,新設,,G06F 17/14 550,,・・・矩形波関数を基底とする領域変換，例．ウォルシュ・アダマール変換，ハール変換，ハフ変換またはスラント変換
uploaded,新設,,G06F 17/14 570,,・・・離散コサイン変換，離散サイン変換または類似の領域変換
uploaded,新設,,G06F 17/14 580,,・・・ウェーブレット変換
uploaded,新設,,G10B 3/00 100,,・ハーモニウム特有の細部（Ｇ１０Ｂ３／００，１５０～Ｇ１０Ｂ３／２２が優先）
uploaded,新設,,G10B 3/00 120,,・・リード；リードの取付けまたは調律
uploaded,新設,,G10B 3/00 150,,・天板；譜面台（音楽用書見台Ａ４７Ｂ２３／００Ｂ）
uploaded,新設,,G10B 3/00 200,,・蓋
uploaded,新設,,G10B 3/00 210,,・・開閉機構
uploaded,新設,,G10B 3/00 250,,・外装，ケースまたはカバー
uploaded,新設,,G10B 3/00 300,,・脚またはスタンド
uploaded,新設,,G10B 3/12 100,,・・鍵本体
uploaded,新設,,G10B 3/12 110,,・・鍵支持構造
uploaded,新設,,G10B 3/12 111,,・・・支持部
uploaded,新設,,G10B 3/12 112,,・・・復帰
uploaded,新設,,G10B 3/12 113,,・・・ストッパ
uploaded,新設,,G10B 3/12 120,,・・鍵ガイド
uploaded,新設,,G10B 3/12 130,,・・タッチ感を変えるためのもの
uploaded,新設,,G10B 3/14 100,,・・足鍵本体
uploaded,新設,,G10B 3/14 110,,・・足鍵支持構造
uploaded,新設,,G10B 3/14 120,,・・足鍵ガイド
uploaded,新設,,G10B 3/14 130,,・・足鍵用ダンパ
uploaded,新設,,G10C 3/00 100,,・弦
uploaded,新設,,G10C 3/00 110,,・・弦の製造，固定または断線防止に関するもの
uploaded,新設,,G10C 3/00 150,,・音の可変
uploaded,新設,,G10C 3/00 160,,・・増音；減音または弱音（アクションによる弱音機構Ｇ１０Ｃ３／１６，１６０，減音のためのペダル機構Ｇ１０Ｃ３／２６）
uploaded,新設,,G10C 3/00 200,,・一体の譜面台
uploaded,新設,,G10C 3/00 210,,・・取り外し機構を有するもの
uploaded,新設,,G10C 3/00 250,,・防湿，防塵またはカバー
uploaded,新設,,G10C 3/00 300,,・照明
uploaded,新設,,G10C 3/00 350,,・ペダル用椅子または足台
uploaded,新設,,G10C 3/00 400,,・移動用具
uploaded,新設,,G10C 3/00 450,,・固定または転倒防止用具
uploaded,新設,,G10C 3/02 100,,・・鍵盤蓋
uploaded,新設,,G10C 3/02 110,,・・上前板または下前板
uploaded,新設,,G10C 3/02 120,,・・天板または屋根板
uploaded,新設,,G10C 3/02 130,,・・側板，親板または裏板
uploaded,新設,,G10C 3/02 140,,・・脚部または土台
uploaded,新設,,G10C 3/02 150,,・・折り畳みのための構造
uploaded,新設,,G10C 3/02 160,,・・棚板
uploaded,新設,,G10C 3/02 170,,・・拍子木，口棒または腕木
uploaded,新設,,G10C 3/04 100,,・・駒；駒の取付け
uploaded,新設,,G10C 3/04 110,,・・・長駒
uploaded,新設,,G10C 3/04 120,,・・・短駒
uploaded,新設,,G10C 3/04 130,,・・・積層駒
uploaded,新設,,G10C 3/04 140,,・・・取付け位置
uploaded,新設,,G10C 3/04 150,,・・・駒の取付け；駒への取付け
uploaded,新設,,G10C 3/04 160,,・・・材質；製法
uploaded,新設,,G10C 3/04 200,,・・フレームの構造または形状
uploaded,新設,,G10C 3/04 210,,・・・分割フレーム
uploaded,新設,,G10C 3/04 220,,・・・補強用リブ
uploaded,新設,,G10C 3/04 230,,・・・フレームの取付け
uploaded,新設,,G10C 3/04 240,,・・・材質；製法
uploaded,新設,,G10C 3/06 100,,・・響板
uploaded,新設,,G10C 3/06 110,,・・・響板の取付け，例．打廻し，支柱または框
uploaded,新設,,G10C 3/06 120,,・・・響板への取付け，例．響棒
uploaded,新設,,G10C 3/01 100,,・・チューニングピン
uploaded,新設,,G10C 3/01 110,,・・・チューニングピンの取付け
uploaded,新設,,G10C 3/01 150,,・・ヒッチピン；弦支持用フレーム突起，例．弦枕
uploaded,新設,,G10C 3/01 200,,・・アグラフ
uploaded,新設,,G10C 3/01 250,,・・ピンの軸が弦と平行になっているもの
uploaded,新設,,G10C 3/01 300,,・・ピンの軸が弦と垂直になっているもの
uploaded,新設,,G10C 3/12 100,,・・鍵の構造または形状
uploaded,新設,,G10C 3/12 150,,・・鍵の支持または案内
uploaded,新設,,G10C 3/12 200,,・・鍵の配置
uploaded,新設,,G10C 3/12 250,,・・筬
uploaded,新設,,G10C 3/12 300,,・・鍵の製造のための材料またはその取扱い
uploaded,新設,,G10C 3/16 100,,・・キャプスタン
uploaded,新設,,G10C 3/16 110,,・・ウィッペン
uploaded,新設,,G10C 3/16 120,,・・ジャック
uploaded,新設,,G10C 3/16 121,,・・・ハンギングジャック，例．ハンマーバットまたはハンマーシャンクと連結されたジャック
uploaded,新設,,G10C 3/16 130,,・・レペティションレバー
uploaded,新設,,G10C 3/16 140,,・・ブラケット，レールまたはその取付け
uploaded,新設,,G10C 3/16 150,,・・ダンパー
uploaded,新設,,G10C 3/16 160,,・・弱音機構または打弦位置の調整
uploaded,新設,,G10C 3/16 170,,・・アップライトピアノ用
uploaded,新設,,G10C 3/16 171,,・・・鍵面よりも下方に備えられたアクション
uploaded,新設,,G10C 3/16 180,,・・撥弦のためのもの，例．Ｇ１０Ｃ１／０６に包含される楽器（鍵盤を有するチターのための撥弦機構Ｇ１０Ｄ３／０８，１１０）
uploaded,新設,,G10C 3/18 100,,・・・ハンマーヘッド
uploaded,新設,,G10C 3/18 101,,・・・ハンマーフェルト
uploaded,新設,,G10C 3/18 110,,・・・ハンマーシャンク
uploaded,新設,,G10C 3/18 120,,・・・ハンマー付属品，例．ローラ，フランジ，バットまたはキャッチャー
uploaded,新設,,G10C 3/22 100,,・・・ハンマーが弦よりも上側に配置されるアクション，例．下方に向かって打撃するハンマー
uploaded,新設,,G10C 3/26 100,,・・ペダル自体の構造；ペダルの支持または取付け
uploaded,新設,,G10C 3/26 110,,・・ペダル箱
uploaded,新設,,G10C 3/26 120,,・・ペダル用の補助装置
uploaded,新設,,G10C 5/00 100,,・鍵盤をピアノ演奏用から他の楽器の演奏用に切替えるもの
uploaded,新設,,G10D 1/00 100,,・弦楽器の製造のための材料またはその取扱い
uploaded,新設,,G10D 1/08 100,,・・エレキギターの機械的構造（電気的または電気機械的特徴Ｇ１０Ｈ３／１８）
uploaded,新設,,G10D 3/00 110,,・エンドピンまたはその付属品
uploaded,新設,,G10D 3/00 120,,・楽器と分離した弦巻器（Ｇ１０Ｃ９／００が優先）
uploaded,新設,,G10D 3/00 130,,・ネック
uploaded,新設,,G10D 3/04 110,,・・カポタスト
uploaded,新設,,G10D 3/04 120,,・・弱音器
uploaded,新設,,G10D 3/08 110,,・・・チター用
uploaded,新設,,G10D 3/14 110,,・・演奏中に弦の張力を変えるための装置
uploaded,新設,,G10D 3/14 111,,・・・トレモロ装置
uploaded,新設,,G10D 3/16 110,,・・ばちまたは類似の演奏用具
uploaded,新設,,G10D 3/16 120,,・・弓のガイド
uploaded,新設,,G10D 3/18 110,,・・肩当て
uploaded,新設,,G10D 7/00 110,,・気鳴楽器の製造のための材料またはその取扱い
uploaded,新設,,G10D 7/02 110,,・・フルート；ピッコロ；横笛
uploaded,新設,,G10D 7/02 120,,・・リコーダー
uploaded,新設,,G10D 7/02 130,,・・尺八
uploaded,新設,,G10D 7/06 110,,・・オーボエ，バスーンまたはバグパイプ
uploaded,新設,,G10D 7/06 120,,・・クラリネット
uploaded,新設,,G10D 7/12 110,,・・ハーモニカ
uploaded,新設,,G10D 7/12 120,,・・鍵盤ハーモニカ
uploaded,新設,,G10D 7/12 130,,・・玩具
uploaded,新設,,G10D 7/12 140,,・・調律用笛，笙
uploaded,新設,,G10D 9/00 110,,・管楽器のための管
uploaded,新設,,G10D 9/00 111,,・・管の接続
uploaded,新設,,G10D 9/00 112,,・・管の製造のための材料またはその取扱い
uploaded,新設,,G10D 9/00 120,,・音孔
uploaded,新設,,G10D 9/00 130,,・外装またはケース
uploaded,新設,,G10D 9/00 140,,・クリーナまたは唾液抜き装置
uploaded,新設,,G10D 9/00 150,,・調律機構
uploaded,新設,,G10D 9/00 160,,・音の配列
uploaded,新設,,G10D 9/00 170,,・ハーモニカのための可動なマウスピース
uploaded,新設,,G10D 9/02 110,,・・吹口
uploaded,新設,,G10D 9/02 111,,・・・カップ状の吹口
uploaded,新設,,G10D 9/02 120,,・・リード
uploaded,新設,,G10D 9/04 110,,・・鍵またはタンポ
uploaded,新設,,G10D 9/04 120,,・・ピッチを連続的に変化させる機構をもつもの
uploaded,新設,,G10D 13/00 100,,・打楽器の全体構造
uploaded,新設,,G10D 13/00 110,,・・発音体の配列に特徴があるもの
uploaded,新設,,G10D 13/00 120,,・・練習用のもの
uploaded,新設,,G10D 13/00 130,,・・分解可能または折畳可能
uploaded,新設,,G10D 13/00 150,,・打楽器の細部または付属品
uploaded,新設,,G10D 13/00 160,,・・発音体
uploaded,新設,,G10D 13/00 170,,・・発音体係止装置（Ｇ１０Ｄ１３／００，１８０が優先）
uploaded,新設,,G10D 13/00 171,,・・・ヘッド枠または音板の係止孔
uploaded,新設,,G10D 13/00 180,,・・調律機構
uploaded,新設,,G10D 13/00 181,,・・・ペダルによるもの
uploaded,新設,,G10D 13/00 190,,・・ドラムスティック；マレット；ばち等の演奏用具
uploaded,新設,,G10D 13/00 191,,・・・ペダル付きドラムビーター
uploaded,新設,,G10D 13/00 200,,・・保護具または付属品
uploaded,新設,,G10D 13/00 201,,・・・楽器と一体の容器
uploaded,新設,,G10D 13/00 202,,・・・支持具
uploaded,新設,,G10D 13/00 203,,・・・製造または保守のための工具
uploaded,新設,,G10D 13/00 210,,・・演奏の容易化（Ｇ１０Ｄ１３／００，２２０が優先）
uploaded,新設,,G10D 13/00 220,,・・装飾または表示
uploaded,新設,,G10D 13/00 230,,・・電子打楽器の機械的細部
uploaded,新設,,G10D 13/00 240,,・・音色またはピッチを変えるもの
uploaded,新設,,G10D 13/00 250,,・・共鳴手段または響胴（Ｇ１０Ｄ１３／００，１６０が優先）
uploaded,新設,,G10D 13/00 251,,・・・響線
uploaded,新設,,G10D 13/00 260,,・・弱音器
uploaded,新設,,G10D 13/00 300,,・打楽器の製造のための材料またはその取扱い
uploaded,新設,,G10D 13/02 100,,・・ドラムまたは太鼓
uploaded,新設,,G10D 13/02 101,,・・・和太鼓または鼓
uploaded,新設,,G10D 13/02 102,,・・・スチールドラム
uploaded,新設,,G10D 13/02 110,,・・タンバリン（Ｇ１０Ｄ１３／０６，１４０が優先）
uploaded,新設,,G10D 13/06 100,,・・カスタネット，クラベスまたは拍子木
uploaded,新設,,G10D 13/06 110,,・・シンバル，ドラまたはにょうはち
uploaded,新設,,G10D 13/06 111,,・・・ハイハットシンバル
uploaded,新設,,G10D 13/06 120,,・・トライアングル
uploaded,新設,,G10D 13/06 130,,・・マラカス
uploaded,新設,,G10D 13/06 140,,・・ヘッドレスタンバリン
uploaded,新設,,G10D 13/08 100,,・・発音体として棒またはロッドをもつもの
uploaded,新設,,G10D 13/08 110,,・・発音体として歯またはフォークをもつもの
uploaded,新設,,G10D 13/08 120,,・・発音体として板またはブロックをもつもの
uploaded,新設,,G10D 13/08 130,,・・発音体として管またはパイプをもつもの
uploaded,新設,,G10D 13/08 140,,・・鍵盤を有するもの
uploaded,新設,,G10D 17/00 100,,・シンギングフレイム
uploaded,新設,,G10G 7/00 100,,・バンド；カバーまたはケース
uploaded,新設,,G10G 7/00 110,,・・楽器の持ち運び用ケース（鞄のための内部への取付具Ａ４５Ｃ１３／０２）
uploaded,新設,,G10G 7/02 100,,・・電子調律装置または電子基準音発生装置
uploaded,新設,,H01Q 5/01,,・共振空中線［２０１５．０１］
uploaded,新設,,H01Q 5/15,,・・１またはそれ以上の同一直線上にまっすぐに延びた輻射器からなる中央給電空中線の動作のためのもの［２０１５．０１］
uploaded,新設,,H01Q 5/02,,・動作する周波数帯により特徴付けられるもの［２０１５．０１］
uploaded,新設,,H01Q 5/22,,・・非ＲＦ周波数帯と組み合わせたＲＦ周波数帯，例．赤外のまたは光学の周波数帯［２０１５．０１］
uploaded,新設,,H01Q 5/25,,・・超広域帯［ＵＷＢ］システム，例．多重共鳴システム；パルスシステム［２０１５．０１］
uploaded,新設,,H01Q 5/28,,・・２以上の異なる周波数帯にまたがる偏波またはビーム幅を設定するための装置［２０１５．０１］
uploaded,新設,,H01Q 5/03,,・異なる周波数帯で動作させるための装置［２０１５．０１］
uploaded,新設,,H01Q 5/307,,・・個々の放射素子，または，結合した放射素子ごとに，それぞれの放射素子が特定されない方法で給電される［２０１５．０１］
uploaded,新設,,H01Q 5/314,,・・・周波数に依存した回路または部品の使用，例．トラップ回路またはキャパシタ［２０１５．０１］
uploaded,新設,,H01Q 5/321,,・・・・放射素子間または接続された放射素子間［２０１５．０１］
uploaded,新設,,H01Q 5/328,,・・・・放射素子と接地間［２０１５．０１］
uploaded,新設,,H01Q 5/335,,・・・・給電におけるもの，例．インピーダンス整合のため［２０１５．０１］
uploaded,新設,,H01Q 5/342,,・・・異なる伝搬モードのため（Ｈ０１Ｑ５／３１４が優先）［２０１５．０１］
uploaded,新設,,H01Q 5/35,,・・・・２以上の給電点を同時使用［２０１５．０１］
uploaded,新設,,H01Q 5/357,,・・・・１の給電点の使用［２０１５．０１］
uploaded,新設,,H01Q 5/364,,・・・・・複数の電流経路の作成［２０１５．０１］
uploaded,新設,,H01Q 5/371,,・・・・・・電流経路の分岐［２０１５．０１］
uploaded,新設,,H01Q 5/378,,・・給電素子と無給電素子の組み合わせ［２０１５．０１］
uploaded,新設,,H01Q 5/385,,・・・２以上の無給電素子［２０１５．０１］
uploaded,新設,,H01Q 5/392,,・・・二重帯域または多重帯域の特徴をもつ無給電素子［２０１５．０１］
uploaded,新設,,H01Q 5/04,,・重なったまたはインターリーブされた構造；結合または電磁的に連結されたもの，例．２以上の接続されていない給電された放射素子からなる［２０１５．０１］
uploaded,新設,,H01Q 5/42,,・・２以上の重なった配列の使用（Ｈ０１Ｑ５／４９が優先）［２０１５．０１］
uploaded,新設,,H01Q 5/45,,・・共通の反射，回析または屈析装置との関係で２以上の給電を使用［２０１５．０１］
uploaded,新設,,H01Q 5/47,,・・・給電の同軸配置［２０１５．０１］
uploaded,新設,,H01Q 5/48,,・・２以上のダイポール空中線の組み合わせ［２０１５．０１］
uploaded,新設,,H01Q 5/49,,・・・二重または多重帯域のため以外の目的で使用する無給電素子，例．重なった八木空中線［２０１５．０１］
uploaded,新設,,H01Q 5/05,,・広帯域または多重帯域での動作のための給電または整合装置［２０１５．０１］
uploaded,新設,,H01Q 5/55,,・・ホーンまたは導波管空中線のため［２０１５．０１］
uploaded,新設,,H01Q 7/00 100,,・アンテナを調整するための可変リアクタンスをもつもの（同調共振回路の調整Ｈ０３Ｊ）
uploaded,新設,,H01Q 11/08 100,,・・・先細り状のらせん空中線，例．円錐らせん状の空中線
uploaded,新設,,H01Q 11/08 200,,・・・折りたたみ可能なもの
uploaded,新設,,H01Q 11/01 100,,・・・誘電性支持体を使用するもの
uploaded,新設,,H02B 7/00 A,,骨組への取り付け
uploaded,新設,,H02B 7/00 B,,垂直板への取り付け
uploaded,新設,,H02B 7/00 Z,,その他
uploaded,新設,,H02B 7/01,,・ガス絶縁のもの［５］
uploaded,新設,,H02B 13/00 A,,開閉装置セル間の電気接続
uploaded,新設,,H02B 13/00 Z,,その他
uploaded,新設,,H02B 13/01,,・樹脂ケースをもつもの［５］
uploaded,新設,,H02B 13/025,,・・安全装置，例．電気的異常による過大圧力または出火の場合（建築物用一般Ｅ０４Ｂ１／９４；安全ウイングを開閉するための装置Ｅ０５Ｆ１／００；配電装置のための非常保護回路装置，例．母線系統，または開閉装置のためのものＨ０２Ｈ７／２２）［５］
uploaded,新設,,H02B 13/025 A,,ガス圧に対する保護
uploaded,新設,,H02B 13/025 Z,,その他
uploaded,新設,,H02B 13/035,,・・ガス絶縁開閉装置［５］
uploaded,新設,,H02B 13/035 301,,・・・互いに接近して配置され個々に閉鎖された装置
uploaded,新設,,H02B 13/035 301 A,,ブッシング型
uploaded,新設,,H02B 13/035 301 B,,管路主母線型
uploaded,新設,,H02B 13/035 301 C,,組立または製造方法
uploaded,新設,,H02B 13/035 301 D,,据付
uploaded,新設,,H02B 13/035 301 E,,接地方式
uploaded,新設,,H02B 13/035 301 F,,構成要素
uploaded,新設,,H02B 13/035 301 G,,・遮断器
uploaded,新設,,H02B 13/035 301 H,,・断路器
uploaded,新設,,H02B 13/035 301 K,,・放電ギャップまたは避雷器
uploaded,新設,,H02B 13/035 301 L,,・口出しブッシング
uploaded,新設,,H02B 13/035 301 Z,,その他
uploaded,新設,,H02B 13/035 311,,・・・・周囲をかこまれた母線によって結合された装置
uploaded,新設,,H02B 13/035 311 A,,変電所内の母線配置
uploaded,新設,,H02B 13/035 311 B,,交直交換所
uploaded,新設,,H02B 13/035 311 C,,母線構造
uploaded,新設,,H02B 13/035 311 Z,,その他
uploaded,新設,,H02B 13/035 321,,・・・三相開閉装置のためのもの
uploaded,新設,,H02B 13/035 321 A,,三相一括型
uploaded,新設,,H02B 13/035 321 Z,,その他
uploaded,新設,,H02B 13/035 331,,・・・真空スイッチを含んでいるもの
uploaded,新設,,H02B 13/035 341,,・・・監視装置の取付
uploaded,新設,,H02B 13/035 341 A,,変流器
uploaded,新設,,H02B 13/035 341 B,,計器用変圧器，検知電極またはコンデンサ分圧器
uploaded,新設,,H02B 13/035 341 Z,,その他
uploaded,新設,,H02B 13/035 351,,・・・導体への入切接続子（コネクタ一般Ｈ０１Ｒ）
uploaded,新設,,H02B 13/035 A,,オールインワン型
uploaded,新設,,H02B 13/035 Z,,その他のもの
uploaded,新設,,H02B 13/045,,・・・ケースの細部，例．気密（スイッチのためのガス貯蔵器Ｈ０１Ｈ３３／５６）［５］
uploaded,新設,,H02B 13/045 A,,接続部
uploaded,新設,,H02B 13/045 B,,・フランジ接続部
uploaded,新設,,H02B 13/045 C,,・・絶縁スペーサ
uploaded,新設,,H02B 13/045 D,,・・シース電流対策
uploaded,新設,,H02B 13/045 E,,・・伸縮継手，例．ベローズを用いるもの
uploaded,新設,,H02B 13/045 F,,・ガス入り機器と油入り機器の接続部
uploaded,新設,,H02B 13/045 Z,,その他
uploaded,新設,,H02B 13/055,,・・・ガスに関連する特質（スイッチのための流体の選択Ｈ０１Ｈ３３／２２）［５］
uploaded,新設,,H02B 13/055 A,,ガスに関するもの
uploaded,新設,,H02B 13/055 B,,・ガス内不純物
uploaded,新設,,H02B 13/055 C,,・・金属粉対策，例．トラップ
uploaded,新設,,H02B 13/055 D,,・ガス循環，例．回収，充填，冷却，加熱または清浄化のためのガス循環
uploaded,新設,,H02B 13/055 Z,,その他
uploaded,新設,,H02B 13/065,,・・・機械的または電気的異常を検知またはそれに応答する手段（スイッチのためのものＨ０１Ｈ９／５０，Ｈ０１Ｈ３３／２６，Ｈ０１Ｈ３３／５３）［５］
uploaded,新設,,H02B 13/065 A,,監視
uploaded,新設,,H02B 13/065 B,,・地絡監視
uploaded,新設,,H02B 13/065 C,,・温度検知
uploaded,新設,,H02B 13/065 D,,・試験または点検
uploaded,新設,,H02B 13/065 E,,・ガスの特性の変化を監視することによるもの
uploaded,新設,,H02B 13/065 F,,・・ガス圧監視
uploaded,新設,,H02B 13/065 Z,,その他
uploaded,新設,,H02B 13/075,,・・・接地装置［５］
uploaded,新設,,H02G 1/00 050,,・ケーブルまたは電線の切断または接続のためのもの
uploaded,新設,,H02G 1/08 010,,・・・ケーブル端部に牽引手段を使用するもの，例．プーリングアイまたは引留部
uploaded,新設,,H02G 1/08 030,,・・・線を使用するもの，例．針，ロッドまたはテープ
uploaded,新設,,H02G 1/08 050,,・・・携帯用工具を使用するもの
uploaded,新設,,H02G 1/08 060,,・・・牽引手段として流体を使用するもの，例．液体，加圧ガスまたは吸引手段
uploaded,新設,,H02G 1/08 080,,・・・コンジット内で移動する牽引装置を使用するもの
uploaded,新設,,H02G 1/12 002,,・・絶縁体の切断および除去によるもの
uploaded,新設,,H02G 1/12 004,,・・・手工具
uploaded,新設,,H02G 1/12 007,,・・・・電線またはケーブルの周囲を回転しない切断部材（長手方向および，横軸方向またはらせん状切断を行うものＨ０２Ｇ１／１２，０２９）
uploaded,新設,,H02G 1/12 009,,・・・・・横軸方向切断を行うもの
uploaded,新設,,H02G 1/12 012,,・・・・・・電線またはケーブル狭着手段を使用するもの
uploaded,新設,,H02G 1/12 014,,・・・・・・電線またはケーブル狭着手段を使用しないもの
uploaded,新設,,H02G 1/12 017,,・・・・・長手方向切断を行うもの
uploaded,新設,,H02G 1/12 021,,・・・・電線またはケーブルの周囲を回転する切断部材（長手方向および，横軸方向またはらせん状切断を行うものＨ０２Ｇ１／１２，０２９）
uploaded,新設,,H02G 1/12 024,,・・・・・横軸方向切断を行うもの
uploaded,新設,,H02G 1/12 026,,・・・・・らせん状切断を行うもの
uploaded,新設,,H02G 1/12 029,,・・・・長手方向および，横軸方向またはらせん状切断を行う切断部材
uploaded,新設,,H02G 1/12 031,,・・・・・旋回切断部材の使用
uploaded,新設,,H02G 1/12 034,,・・・・・プライヤー型工具
uploaded,新設,,H02G 1/12 036,,・・・・切断部材に特徴があるもの
uploaded,新設,,H02G 1/12 039,,・・・・・ディスクまたは丸のこ式切断部材
uploaded,新設,,H02G 1/12 041,,・・・・・積層ブレード式切断部材
uploaded,新設,,H02G 1/12 043,,・・・・・索条またはフィラメント式切断部材
uploaded,新設,,H02G 1/12 046,,・・・・・管状構造の切断部材
uploaded,新設,,H02G 1/12 048,,・・・機械式工具
uploaded,新設,,H02G 1/12 051,,・・・・電線またはケーブルの周囲を回転しない切断部材（長手方向および，横軸方向またはらせん状切断を行うものＨ０２Ｇ１／１２，０６８）
uploaded,新設,,H02G 1/12 053,,・・・・・横軸方向切断を行うもの
uploaded,新設,,H02G 1/12 056,,・・・・・・電線またはケーブル狭着手段を使用するもの
uploaded,新設,,H02G 1/12 058,,・・・・・・電線またはケーブル狭着手段を使用しないもの
uploaded,新設,,H02G 1/12 060,,・・・・・長手方向切断を行うもの
uploaded,新設,,H02G 1/12 065,,・・・・電線またはケーブルの周囲を回転する切断部材（長手方向および，横軸方向またはらせん状切断を行うものＨ０２Ｇ１／１２，０６８）
uploaded,新設,,H02G 1/12 068,,・・・・横軸方向またはらせん状切断との組み合わせにおける長手方向切断を行う切断部材
uploaded,新設,,H02G 1/12 070,,・・・・切断部材に特徴があるもの
uploaded,新設,,H02G 1/12 073,,・・絶縁体を後方に押すことによるもの
uploaded,新設,,H02G 1/12 075,,・・熱を用いることによるもの
uploaded,新設,,H02G 1/12 078,,・・・加熱ブレードを使用するもの
uploaded,新設,,H02G 1/12 080,,・・・放射エネルギーを使用するもの，例．レーザービーム
uploaded,新設,,H02G 1/12 082,,・・・金属遮蔽物を除去するもの
uploaded,新設,,H02G 1/12 085,,・・摩擦によるもの，例．摩滅，研磨，ブラッシングによるもの
uploaded,新設,,H02G 1/12 087,,・・溶剤によるもの
uploaded,新設,,H02G 1/12 090,,・・低温流体によるもの
uploaded,新設,,H02G 1/12 092,,・・捻れたフィラメントをほどく装置
uploaded,新設,,H02G 1/12 095,,・・平形ケーブルを分割または分解する装置
uploaded,新設,,H02G 1/12 097,,・・ケーブルから鎧装を除去するもの
uploaded,新設,,H02G 1/14 050,,・・モールドによるもの
uploaded,新設,,H02G 3/04 006,,・・・それについての詳細（コンジットチャンネルおよび他の支持物の敷設または吊持Ｈ０２Ｇ３／２２，２６３）
uploaded,新設,,H02G 3/04 012,,・・・・防熱または防火手段（電気回路の火災に対するものＡ６２Ｃ３／１６）
uploaded,新設,,H02G 3/04 018,,・・・・カバーまたは蓋体，あるいはその留め金具
uploaded,新設,,H02G 3/04 025,,・・・台座（床または天井と壁部との境界で用いるものＥ０４Ｆ１９／０４）
uploaded,新設,,H02G 3/04 031,,・・・壁面利用中継具
uploaded,新設,,H02G 3/04 037,,・・・チャンネル
uploaded,新設,,H02G 3/04 043,,・・・・索条または類似の網状物により形成されるもの
uploaded,新設,,H02G 3/04 050,,・・・・電線の出し入れ可能な穿孔またはスロットの付いたもの
uploaded,新設,,H02G 3/04 056,,・・・はしご型または他の支持物
uploaded,新設,,H02G 3/04 062,,・・・チューブ，すなわち閉断面のもの
uploaded,新設,,H02G 3/04 068,,・・・・波型のもの
uploaded,新設,,H02G 3/04 075,,・・・・連続する連接装置により形成されるもの
uploaded,新設,,H02G 3/04 081,,・・・・円形断面を持つもの（Ｈ０２Ｇ３／０４，０６８またはＨ０２Ｇ３／０４，０７５が優先）
uploaded,新設,,H02G 3/04 087,,・・・・非円形断面を持つもの（Ｈ０２Ｇ３／０４，０６８またはＨ０２Ｇ３／０４，０７５が優先）
uploaded,新設,,H02G 3/04 093,,・・・サービスポール
uploaded,新設,,H02G 3/06 008,,・・・非筒状コンジットを接続するための接続部，例．チャンネル
uploaded,新設,,H02G 3/06 016,,・・・チューブをケーシングに接続する接続部
uploaded,新設,,H02G 3/06 025,,・・・・導体の離脱を防ぐ手段を持つもの
uploaded,新設,,H02G 3/06 033,,・・・・・導体を非直線に沿わせる手段を持つもの
uploaded,新設,,H02G 3/06 041,,・・・・・導体の周囲で変形された手段を持つもの
uploaded,新設,,H02G 3/06 050,,・・・・・導体絶縁部への食い込み式手段を持つもの，例．歯状部材またはグリップフィンガー（Ｈ０２Ｇ３／０６，０７５またはＨ０２Ｇ３／０６，０８３が優先）
uploaded,新設,,H02G 3/06 058,,・・・・・導体絶縁部の締め付け手段を持つもの（Ｈ０２Ｇ３／０６，０５０またはＨ０２Ｇ３／０６，０７５またはＨ０２Ｇ３／０６，０８３が優先）
uploaded,新設,,H02G 3/06 066,,・・・・・導体鎧装のクランプ固定手段を持つもの（Ｈ０２Ｇ３／０６，０７５またはＨ０２Ｇ３／０６，０８３が優先）
uploaded,新設,,H02G 3/06 075,,・・・・・導体に対し平行方向に作動するボルトを持つもの
uploaded,新設,,H02G 3/06 083,,・・・・・導体に対し横軸方向に作動するボルトを持つもの
uploaded,新設,,H02G 3/06 091,,・・・・チューブのくぼみに合わせて作動する補助手段によりチューブをケーシングに固定するもの，例．回旋状チューブを使用するもの
uploaded,新設,,H02G 3/08 010,,・・・基盤，ケーシングまたはカバー
uploaded,新設,,H02G 3/08 030,,・・・・取り入れ口
uploaded,新設,,H02G 3/08 050,,・・・・・抜き穴または裂け目を含むもの
uploaded,新設,,H02G 3/08 060,,・・・組み立て箱体
uploaded,新設,,H02G 3/08 080,,・・・防塵，防まつ，防滴，防水または防火用のケース，もしくは取り入れ口
uploaded,新設,,H02G 3/01 050,,・・・・台座，チャンネル，レースウェイまたは類似物に関連するもの
uploaded,新設,,H02G 3/12 010,,・・・・平らな壁部に取り付けるもの
uploaded,新設,,H02G 3/12 030,,・・・・薄い壁部に取り付けるもの
uploaded,新設,,H02G 3/12 050,,・・・・・２本の壁用スタッド間に張られた支え棒を持つもの
uploaded,新設,,H02G 3/12 060,,・・・・・単一の壁用スタッドに取り付けるための支持手段を持つもの
uploaded,新設,,H02G 3/12 080,,・・・・台座，チャンネル，レースウェイまたは類似物内に取り付けるもの
uploaded,新設,,H02G 3/18 050,,・・・・床引き出し口およびアクセスカップ
uploaded,新設,,H02G 3/22 240,,・・碍子装置による壁，天井または床への電線またはケーブルの敷設（碍子Ｈ０１Ｂ１７／００）
uploaded,新設,,H02G 3/22 260,,・・壁，天井，床内または上へのケーブル，電線またはその独立した保護チューブの直接的敷設（碍子装置によるものＨ０２Ｇ３／２２，２４０；パイプ，ケーブルまたは保護チューブの支持物Ｆ１６Ｌ３／００；ホースクリップＦ１６Ｌ３３／０２）
uploaded,新設,,H02G 3/22 263,,・・・コンジットチャンネルまたは他の支持物の敷設，例．吊持によるもの
uploaded,新設,,H02G 3/22 266,,・・・接着剤による取り付け
uploaded,新設,,H02G 3/22 280,,・・壁，天井または床内にあらかじめ設置されたコンジットまたはダクト内へのケーブル，電線またはその独立した保護チューブの敷設
uploaded,新設,,H02G 3/22 281,,・・・天井内にあるもの
uploaded,新設,,H02G 3/22 283,,・・・床内にあるもの
uploaded,新設,,H02G 3/22 285,,・・・・モジュール形の床内にあるもの，例．アクセス床
uploaded,新設,,H02G 3/22 286,,・・・壁内にあるもの
uploaded,新設,,H02G 3/22 288,,・・・・モジュール形の壁内にあるもの，例．壁パネル
uploaded,新設,,H02G 3/03,,・壁，床，または天井へのケーブルまたは電線の敷設（パイプ，ケーブル，または保護チューブの支持物Ｆ１６Ｌ３／００；ホース・クリップＦ１６Ｌ３３／０２）［７］
uploaded,新設,,H02G 3/03 050,,・・接着剤による取り付け
uploaded,新設,,H02G 3/32,,・・クランプを使うもの［７］
uploaded,新設,,H02G 3/34,,・・別体の保護チューブを使うもの［７］
uploaded,新設,,H02G 3/36,,・壁，床，または天井の中へのケーブル，または電線の敷設（Ｈ０２Ｇ３／２２が優先）［７］
uploaded,新設,,H02G 3/38,,・・あらかじめ設置されたコンジット，またはダクト内に敷設されるケーブルまたは電線［７］
uploaded,新設,,H02G 3/38 010,,・・・天井内にあるもの
uploaded,新設,,H02G 3/38 030,,・・・床内にあるもの
uploaded,新設,,H02G 3/38 050,,・・・・モジュラー形の床内にあるもの，例．アクセス床
uploaded,新設,,H02G 3/38 060,,・・・壁内にあるもの
uploaded,新設,,H02G 3/38 080,,・・・・モジュラー形の壁内にあるもの，例．壁パネル
uploaded,新設,,H02G 3/04,,・・・コンジットまたはダクトの中に別体の保護チューブを用いるもの［７］
uploaded,新設,,H02G 7/05 030,,・・支持線に吊り下げられていない架空電線のための懸垂クランプおよびクリップ
uploaded,新設,,H02G 7/05 060,,・・・耐張クランプ
uploaded,新設,,H02G 7/12 050,,・・減衰スペーサ
uploaded,新設,,H02G 7/02 050,,・・棒に沿って延びる電気ケーブルの据え付け
uploaded,新設,,H02G 9/02 050,,・・そのための覆い，例．タイル
uploaded,新設,,H02G 9/06 050,,・・そのための長手方向に分割された管またはコンジット
uploaded,新設,,H02G 11/00 030,,・重力装荷またはスプリング装荷ループを用いるもの
uploaded,新設,,H02G 11/00 060,,・ケーブル用伸縮性保持具を用いるもの，例．自己巻き式スプリング（伸縮導体またはケーブルＨ０１Ｂ７／０６）
uploaded,新設,,H02G 13/00 020,,・能動放電がトリガになるもの
uploaded,新設,,H02G 13/00 040,,・アースへの接続
uploaded,新設,,H02G 13/00 060,,・検出，測定，センシング，試験またはシミュレーション
uploaded,新設,,H02G 13/00 080,,・伝導または放散による放電，例．ロッド，避雷器または火花ギャップ
uploaded,新設,,H02G 15/00 030,,・ケーブル付属品内部に充填する充填材，例．固体または流体絶縁体
uploaded,新設,,H02G 15/02 050,,・・同軸ケーブルまたは中空導体のためのもの（ＨＦ導体間の接続Ｈ０１Ｐ１／０４；プラグとソケットの接続自体Ｈ０１Ｒ２４／３８）
uploaded,新設,,H02G 15/04 030,,・・・キャップを持つもの，例．片端で閉じたスリーブ
uploaded,新設,,H02G 15/04 060,,・・・・心線を通せる穴または突起部を持つもの
uploaded,新設,,H02G 15/08 050,,・・同軸ケーブルまたは中空導体のためのもの（ＨＦ導体間のプラグとソケット接続Ｈ０１Ｐ１／０４；プラグとソケットの接続自体Ｈ０１Ｒ２４／３８）
uploaded,新設,,H02G 15/105 050,,・・・・・ケーブルシールドのクロスボンディングを有するもの
uploaded,新設,,H02G 15/18 006,,・・・熱収縮スリーブ（熱収縮絶縁スリーブを用いる電気接続部の絶縁Ｈ０１Ｒ４／７２）
uploaded,新設,,H02G 15/18 013,,・・・・回り込みまたはスロットスリーブ
uploaded,新設,,H02G 15/18 020,,・・・据え付け前に径方向に拡張した状態で保持されているもの
uploaded,新設,,H02G 15/18 026,,・・・・取り外しできる中空コア上にあるもの，例．チューブ
uploaded,新設,,H02G 15/18 033,,・・・・・隣接巻きによりらせん巻きストリップでできたもので，ストリップ端に引張力をかけることで取り外し可能なもの
uploaded,新設,,H02G 15/02 050,,・・同軸ケーブルのためのもの
uploaded,新設,,H02P101:00,,発電機のための制御装置の特別な適用［２０１５．０１］
uploaded,新設,,H02P101:10,,・水により駆動するタービンのためのもの［２０１５．０１］
uploaded,新設,,H02P101:15,,・風により駆動するタービンのためのもの［２０１５．０１］
uploaded,新設,,H02P101:20,,・蒸気により駆動するタービンのためのもの［２０１５．０１］
uploaded,新設,,H02P101:25,,・燃焼機関のためのもの［２０１５．０１］
uploaded,新設,,H02P101:30,,・飛行機のためのもの［２０１５．０１］
uploaded,新設,,H02P101:35,,・船舶のためのもの［２０１５．０１］
uploaded,新設,,H02P101:40,,・鉄道車両のためのもの［２０１５．０１］
uploaded,新設,,H02P101:45,,・自動車のためのもの，例．自動車用オルタネータ［２０１５．０１］
uploaded,新設,,H02P103:00,,発電機の形式により特徴付けられる制御装置［２０１５．０１］
uploaded,新設,,H02P103:10,,・非同期型の［２０１５．０１］
uploaded,新設,,H02P103:20,,・同期型の［２０１５．０１］
uploaded,新設,,H03G 5/00 005,,・ディジタル信号の
uploaded,新設,,H03G 5/02 025,,・・イコライザ；制限された周波数幅における音量または利得制御
uploaded,新設,,H03G 5/16 165,,・・イコライザ；制限された周波数幅における音量または利得制御
uploaded,新設,,H03G 7/00 001,,・制御ループがないもの（Ｈ０３Ｇ７／００，００７，　Ｈ０３Ｇ７／０２，　Ｈ０３Ｇ７／０６が優先）
uploaded,新設,,H03G 7/00 002,,・低周波数増幅器または非同調増幅器におけるもの，例．オーディオ増幅器（Ｈ０３Ｇ７／００，００７，　Ｈ０３Ｇ７／００，００１，　Ｈ０３Ｇ７／００，００８，　Ｈ０３Ｇ７／０２，　Ｈ０３Ｇ７／０６が優先）
uploaded,新設,,H03G 7/00 004,,・・連続的にインピーダンスが変化する機器を用いるもの
uploaded,新設,,H03G 7/00 005,,・・非連続的に可変の機器を用いるもの，例．スイッチ制御
uploaded,新設,,H03G 7/00 007,,・ディジタルもしくは符号化信号の
uploaded,新設,,H03G 7/00 008,,・パイロット信号による制御（Ｈ０３Ｇ７／００，００７，　Ｈ０３Ｇ７／０２，　Ｈ０３Ｇ７／０６が優先）
uploaded,新設,,H03G 9/00 005,,・ディジタルもしくは符号化信号の
uploaded,新設,,H03G 9/02 025,,・・周波数依存の音量圧縮または伸張，例．マルチバンドシステム（Ｈ０３Ｇ９／１０，Ｈ０３Ｇ９／１８が優先）
uploaded,新設,,H03G 11/00 002,,・制御ループがないもの（Ｈ０３Ｇ１１／００，００４～Ｈ０３Ｇ１１／００，００８，　Ｈ０３Ｇ１１／０２～Ｈ０３Ｇ１１／０８が優先）
uploaded,新設,,H03G 11/00 004,,・放電管を用いるもの（Ｈ０３Ｇ１１／００，００８が優先）
uploaded,新設,,H03G 11/00 006,,・分布定数をもつ回路におけるもの（Ｈ０３Ｇ１１／００，００８が優先）
uploaded,新設,,H03G 11/00 008,,・ディジタルもしくは符号化信号の
uploaded,新設,,H03G 11/02 025,,・・分布定数をもつ回路におけるもの
uploaded,新設,,H04B 1/3805,,・・備え付けの補助受信機を有するもの［２０１５．０１］
uploaded,新設,,H04B 1/3816,,・・識別装置を収容するための機械的装置，例．カードまたはチップ；識別装置をプログラミングするためのコネクタ［２０１５．０１］
uploaded,新設,,H04B 1/3818,,・・・識別装置の挿入または除去を容易にするための装置［２０１５．０１］
uploaded,新設,,H04B 1/3822,,・・車両内で使用するために特に適合するもの（Ｈ０４Ｂ１／３８２７が優先）［２０１５．０１］
uploaded,新設,,H04B 1/3827,,・・携帯用送受信機［２０１５．０１］
uploaded,新設,,H04B 1/3827 110,,・・・手持ちの送受信機
uploaded,新設,,H04B 1/3827 120,,・・・・ユーザへのＲＦ露出低減用の装置，例．使用時に送受信機の形状を変更するもの（アンテナパターン形成のための手段　Ｈ０１Ｑ１／２４５）
uploaded,新設,,H04B 1/3827 130,,・・・体につけて運ぶ送受信機，例．ヘルメットに装着
uploaded,新設,,H04B 1/3877,,・・・携帯用送受信機を固定位置で使用できるようにする装置，例．クレードルまたはブースタ［２０１５．０１］
uploaded,新設,,H04B 1/3883,,・・・バッテリまたはバッテリ充電器を取付する装置［２０１５．０１］
uploaded,新設,,H04B 1/3888,,・・・送受信機を持ち運ぶまたは保護する装置［２０１５．０１］
uploaded,新設,,H04B 1/401,,・・・オペレーティングモードを選択または表示するためのもの［２０１５．０１］
uploaded,新設,,H04B 1/403,,・・・送信機周波数と受信機局部発振周波数の両方を生成する同一の発振器を用いるもの［２０１５．０１］
uploaded,新設,,H04B 1/403 101,,・・・・１つ以上の伝送モードを有するもの，例．アナログおよびデジタルモード
uploaded,新設,,H04B 1/405,,・・・・複数の別々のチャネルを用いるもの［２０１５．０１］
uploaded,新設,,H04B 1/408,,・・・・送信機発振周波数が受信機発振周波数と同一であるもの［２０１５．０１］
uploaded,新設,,H04B 1/525,,・・・・・送信機の信号が受信機に漏洩することを低減する手段を有するもの［２０１５．０１］
uploaded,新設,,H04B 3/462,,・・・群遅延または位相偏移の試験，例．タイミングジッタ［２０１５．０１］
uploaded,新設,,H04B 3/466,,・・・・群遅延または位相偏移の少なくともいずれか一つと組み合わせた減衰の試験［２０１５．０１］
uploaded,新設,,H04B 3/487,,・・・漏話効果の試験［２０１５．０１］
uploaded,新設,,H04B 3/493,,・・・反響効果またはシンギングの試験［２０１５．０１］
uploaded,新設,,H04B 17/00 N,,構造上の細部
uploaded,新設,,H04B 17/01,,・送信機におけるもの［２０１５．０１］
uploaded,新設,,H04B 17/01 100,,・・表示手段，例．ディスプレイ，警報または可聴手段
uploaded,新設,,H04B 17/01 200,,・・過去の値，平均値または統計値を使用するもの
uploaded,新設,,H04B 17/11,,・・キャリブレーションのためのもの［２０１５．０１］
uploaded,新設,,H04B 17/12,,・・・送信アンテナにおけるもの，例．振幅または位相［２０１５．０１］
uploaded,新設,,H04B 17/13,,・・・電力増幅器におけるもの，例．ゲインまたは非線形［２０１５．０１］
uploaded,新設,,H04B 17/14,,・・・送信および受信パス全体におけるもの，例．自己試験ループバック［２０１５．０１］
uploaded,新設,,H04B 17/15,,・・性能試験［２０１５．０１］
uploaded,新設,,H04B 17/16,,・・・送信機に設置された試験装置［２０１５．０１］
uploaded,新設,,H04B 17/17,,・・・非追従または不完全な性能の検出，例．応答偏差（Ｈ０４Ｂ１７／１８が優先）［２０１５．０１］
uploaded,新設,,H04B 17/18,,・・・通常稼働中の監視［２０１５．０１］
uploaded,新設,,H04B 17/19,,・・・自己試験装置［２０１５．０１］
uploaded,新設,,H04B 17/02,,・受信機におけるもの［２０１５．０１］
uploaded,新設,,H04B 17/21,,・・キャリブレーションのためのもの；測定値の補正のためのもの［２０１５．０１］
uploaded,新設,,H04B 17/23,,・・表示手段，例．ディスプレイ，警報または可聴手段［２０１５．０１］
uploaded,新設,,H04B 17/24,,・・送信機への測定値のフィードバックを伴うもの［２０１５．０１］
uploaded,新設,,H04B 17/26,,・・過去の値，平均値または統計値を使用するもの［２０１５．０１］
uploaded,新設,,H04B 17/27,,・・送信機の位置検出または位置決定のためのもの［２０１５．０１］
uploaded,新設,,H04B 17/29,,・・性能試験［２０１５．０１］
uploaded,新設,,H04B 17/29 100,,・・・受信機に設置された試験装置
uploaded,新設,,H04B 17/29 200,,・・・非追従または不完全な性能の検出，例．応答偏差（Ｈ０４Ｂ１７／２９，３００が優先）
uploaded,新設,,H04B 17/29 300,,・・・通常稼働中の監視
uploaded,新設,,H04B 17/29 400,,・・・自己試験装置
uploaded,新設,,H04B 17/03,,・伝搬チャネルにおけるもの［２０１５．０１］
uploaded,新設,,H04B 17/309,,・・チャネル品質パラメータの測定または推定［２０１５．０１］
uploaded,新設,,H04B 17/309 100,,・・・誤り率
uploaded,新設,,H04B 17/309 200,,・・・チャネル特性
uploaded,新設,,H04B 17/318,,・・・受信信号強度［２０１５．０１］
uploaded,新設,,H04B 17/327,,・・・・受信信号符号電力［ＲＳＣＰ］［２０１５．０１］
uploaded,新設,,H04B 17/336,,・・・信号対干渉比［ＳＩＲ］または搬送波対干渉比［ＣＩＲ］［２０１５．０１］
uploaded,新設,,H04B 17/345,,・・・干渉値（Ｈ０４Ｂ１７／３３６が優先）［２０１５．０１］
uploaded,新設,,H04B 17/354,,・・・隣接チャネル漏洩電力［２０１５．０１］
uploaded,新設,,H04B 17/364,,・・・遅延プロファイル［２０１５．０１］
uploaded,新設,,H04B 17/373,,・・チャネル品質パラメータの予測［２０１５．０１］
uploaded,新設,,H04B 17/382,,・・リソース割り当て，アドミッションコントロールまたはハンドオーバのためのもの［２０１５．０１］
uploaded,新設,,H04B 17/391,,・・伝搬チャネルのモデリング［２０１５．０１］
uploaded,新設,,H04B 17/04,,・中継方式におけるもの［２０１５．０１］
uploaded,新設,,H04L 7/00 040,,・受信機の初期設定（Ｈ０４Ｌ７／００，７５０およびＨ０４Ｌ７／１０が優先）
uploaded,新設,,H04L 7/00 080,,・同期情報チャネル，例．クロック分配回線
uploaded,新設,,H04L 7/00 120,,・・受信機クロックと送信機クロックを比較することによるもの
uploaded,新設,,H04L 7/00 140,,・・受信側からクロックを与えるもの
uploaded,新設,,H04L 7/00 160,,・同期誤差の訂正
uploaded,新設,,H04L 7/00 200,,・・補間による訂正
uploaded,新設,,H04L 7/00 250,,・・・クロック信号の補間
uploaded,新設,,H04L 7/00 290,,・・・受信データ信号の補間
uploaded,新設,,H04L 7/00 330,,・・遅延による訂正
uploaded,新設,,H04L 7/00 370,,・・・クロック信号の遅延
uploaded,新設,,H04L 7/00 410,,・・・データ信号の遅延
uploaded,新設,,H04L 7/00 500,,・・弾性バッファによる訂正
uploaded,新設,,H04L 7/00 540,,・受信信号の遷移以外の特徴による同期誤差の検出（信号遷移の手段によるものＨ０４Ｌ７／０３３）
uploaded,新設,,H04L 7/00 580,,・・等化器タップの値に基づく誤差検出
uploaded,新設,,H04L 7/00 620,,・・データ判定誤りに基づく誤差検出
uploaded,新設,,H04L 7/00 660,,・・伝送符号規則に基づく誤差検出
uploaded,新設,,H04L 7/00 700,,・・最大信号強度に基づく誤差検出，例．自己相関を最大にするピーク値
uploaded,新設,,H04L 7/00 750,,・フォトニックまたは光学的手段を有するもの
uploaded,新設,,H04L 7/00 790,,・受信機細部
uploaded,新設,,H04L 7/00 810,,・・同期の監視，例．クロック（Ｈ０４Ｌ７／００，８３０が優先）
uploaded,新設,,H04L 7/00 830,,・・同期の瞬時損失に対する手段を採るもの，例．同期を禁止するもの，アイドルワードを使用するものまたは冗長クロックを使用するもの
uploaded,新設,,H04L 7/00 870,,・・同期のために受信された信号の前処理，例．符号変換，パルス発生またはエッジ検出
uploaded,新設,,H04L 7/00 910,,・送信機細部
uploaded,新設,,H04L 7/00 930,,・多数局間の同期，例．綱同期またはループバス
uploaded,新設,,H04L 7/00 970,,・交流方式に用いる符号，例．位相変調方式
uploaded,新設,,H04L 7/00 990,,・時刻同期
uploaded,新設,,H04L 7/027,,・・受信信号スペクトルから同期信号すなわちクロック信号を抽出するもの，例．共振または帯域フィルタ回路を用いることによるもの［５］
uploaded,新設,,H04L 7/033,,・・受信信号の遷移を利用して同期信号発生手段の位相を制御するもの，例．位相ロックループを用いるもの［５］
uploaded,新設,,H04L 7/033 100,,・・・バイナリサンプルを処理するデジタル位相同期ループ［ＰＬＬ］を有するもの，例．受信機クロックの補正のための足し算／引き算論理（Ｈ０４Ｌ７／０３３，７００が優先）
uploaded,新設,,H04L 7/033 200,,・・・積分検出器を有するもの
uploaded,新設,,H04L 7/033 400,,・・・少なくとも３つのレベルを持つサンプルの処理，例．軟判定
uploaded,新設,,H04L 7/033 700,,・・・複数の離散的に遅延したクロック間の選択または複数の離散的に遅延した受信コード信号間の選択を行うもの
uploaded,新設,,H04L 7/033 800,,・・・・位相誤差の訂正がフィードフォワードループによって行なわれるもの
uploaded,新設,,H04L 7/04 100,,・・同期信号として特別のコードを使用するもの
uploaded,新設,,H04L 7/04 200,,・・・そのための検出器，例．相関器
uploaded,新設,,H04L 7/04 300,,・・・伝送中に可変の擬似雑音［ＰＮ］コード
uploaded,新設,,H04L 7/04 400,,・・・単独ビットを使用するもの，例．スタートストップビット
uploaded,新設,,H04L 7/04 600,,・・・ドッティングシーケンスを使用するもの
uploaded,新設,,H04L 7/04 800,,・・誤り検出または誤り補正コードの特性を使用するもの，例．同期信号としてパリティを使用するもの
uploaded,新設,,H04L 7/06 500,,・・・同期信号が変調により重畳されるもの
uploaded,新設,,H04L 7/08 500,,・・・同期保護回路，例．前方保護または後方保護
uploaded,廃止,A41D 13/00 A,A41D 13/002,加熱，冷却または送排気装置を有するもの,
uploaded,廃止,A41D 13/00 B,A41D 13/015,打撃または衝撃を防止するもの,
uploaded,廃止,A41D 13/00 C,A41D 13/008,導電性または制電性を有するもの,
uploaded,廃止,A41D 13/00 D,A41D 13/008,絶縁性を有するもの,
uploaded,廃止,A41D 13/00 E,A41D 13/00,防水性または耐寒耐水性を有するもの,
uploaded,廃止,A41D 13/00 F,A41D 13/012,・浮力を有するもの,
uploaded,廃止,A41D 13/00 G,A41D 13/00,伸縮性に特徴を有するもの,
uploaded,廃止,A41D 13/00 H,A41D 13/00,防寒性または保湿性に特徴を有するもの,
uploaded,廃止,A41D 13/00 J,A41D 13/00,耐熱性に特徴を有するもの,
uploaded,廃止,A41D 13/00 K,A41D 13/00,風圧を制御するもの,
uploaded,廃止,A41D 13/00 L,A41D 13/00,警報部材または表示部を有するもの,
uploaded,廃止,A41D 13/00 M,A41D 13/00,武道衣；茶道衣,
uploaded,廃止,A41D 13/00 Z,A41D 13/00,その他のもの,
uploaded,廃止,A41D 13/02 A,A41D 13/02,加熱，冷却または送排気装置を有するもの,
uploaded,廃止,A41D 13/02 B,A41D 13/02,導電性または制電性を有するもの,
uploaded,廃止,A41D 13/02 C,A41D 13/02,防水性または耐寒耐水性を有するもの,
uploaded,廃止,A41D 13/02 D,A41D 13/02,耐熱性に特徴を有するもの,
uploaded,廃止,A41D 13/02 Z,A41D 13/02,その他のもの,
uploaded,廃止,A41D 13/04 A,A41D 13/04,上半身または全身を覆うエプロン,
uploaded,廃止,A41D 13/04 B,A41D 13/04,下半身のみを覆うエプロン,
uploaded,廃止,A41D 13/04 Z,A41D 13/04,その他のもの,
uploaded,廃止,A41D 13/01,A41D 19/015,・・手袋形状の手の保護物,
uploaded,廃止,A47J 31/00 A,A47J 31/06 105,魔法瓶に付属するコ－ヒ－，茶製造具,
uploaded,廃止,A47J 31/00 B,A47J 31/00 101,給茶機〔茶がらを棄てる手段を含む〕,
uploaded,廃止,A47J 31/00 C,A47J 31/00 106,茶の湯の道具,
uploaded,廃止,A47J 31/00 D,A47J 31/00 307,大規模な抽出装置,
uploaded,廃止,A47J 31/00 E,A47J 31/00 103,配管式給茶装置,
uploaded,廃止,A47J 31/00 F,A47J 31/00 201,水出しコ－ヒ－製造装置,
uploaded,廃止,A47J 31/00 G,A47J 31/00 302,コ－ヒ－自動抽出装置〔←コ－ヒ－の自動製造販売装置で，３１／０２～３１／６０に分類されないもの〕,
uploaded,廃止,A47J 31/00 Z,A47J 31/00,その他のもの,
uploaded,廃止,A47J 31/06 A,A47J 31/06 105,簡易・使い捨て型,
uploaded,廃止,A47J 31/06 B,A47J 31/06 103,急須，茶こし「図」,
uploaded,廃止,A47J 31/06 C,A47J 31/06 101,茶こし「図」,
uploaded,廃止,A47J 31/06 Z,A47J 31/06,その他のもの,
uploaded,廃止,A47J 31/14 A,A47J 31/14,注ぎ口にフイルタ－を有する急須,
uploaded,廃止,A47J 31/14 Z,A47J 31/14,その他のもの,
uploaded,廃止,A47J 31/44 A,A47J 31/44 110,コ－ヒ－受容器,
uploaded,廃止,A47J 31/44 B,A47J 31/44 125,取手，ハンドル,
uploaded,廃止,A47J 31/44 C,A47J 31/44 196,湯口回転,
uploaded,廃止,A47J 31/44 D,A47J 31/44 130,カツプ保温,
uploaded,廃止,A47J 31/44 E,A47J 31/44 193,拡散板,
uploaded,廃止,A47J 31/44 Z,A47J 31/44,その他のもの,
uploaded,廃止,A47J 31/05 A,A47J 31/05 203,抽出後冷却する装置,
uploaded,廃止,A47J 31/05 B,A47J 31/05 206,抽出後の保温装置,
uploaded,廃止,A47J 31/05 Z,A47J 31/05,その他のもの,
uploaded,廃止,A61C 19/00 F,A61G 15/16,可撓管付きハンドピ－スの保持・収納・繰り出し,
uploaded,廃止,A61C 19/00 G,A61G 15/14,ユニツトを構成する各部材の変位に関するもの,
uploaded,廃止,A61C 19/04 E,A61C 19/05 100,咬合音測定,
uploaded,廃止,A61C 19/04 F,A61C 19/05 110,咬合圧測定,
uploaded,廃止,A61C 19/04 G,A61C 19/055,平行測定,
uploaded,廃止,A61C 19/04 H,A61C 19/045 110,下顎運動測定,
uploaded,廃止,A61F 5/01 A,A61F 5/01 Z,一般,
uploaded,廃止,A61F 5/02 A,A61F 5/02 Z,一般,
uploaded,廃止,A61F 5/04 311,A61F 5/042 Z,・・・伸延のための装置,
uploaded,廃止,A61F 5/04 311 D,A61F 5/042 A,自身の体重によるもの,
uploaded,廃止,A61F 5/04 311 E,A61F 5/042 B,足の保持手段,
uploaded,廃止,A61F 5/04 311 F,A61F 5/042 C,頭の保持手段,
uploaded,廃止,A61F 5/04 311 G,A61F 5/042 D,胸ベルト,
uploaded,廃止,A61F 5/04 311 H,A61F 5/042 E,腰，骨盤ベルト,
uploaded,廃止,A61F 5/04 311 Z,A61F 5/042 Z,その他のもの,
uploaded,廃止,A61F 5/04 321,A61F 5/058,・・・副木,
uploaded,廃止,A61F 5/42,A61F 6/02,・男性が用いる避妊用具,
uploaded,廃止,A61F 5/43,A61F 6/04,・・コンドーム，シースまたはその類似物,
uploaded,廃止,A61F 5/44 A,A61F 5/44 Z,一般,
uploaded,廃止,A61F 5/46,A61F 6/06,・女性が用いる避妊用具；ペッサリ，例．感染を予防することのできる用具と結合されたもの；類似物をそう入するための用具,
uploaded,廃止,A61F 5/47,A61F 6/14,・・子宮内避妊用具，例．ループ，リング，ら旋体；類似物をそう入するための用具,
uploaded,廃止,A61G 7/04,A61G 7/05,・ベッド付属品，例．マット，マットレス；眠りを促進または観察するベッド；特に衛生的な目的をもったベッド（非電気的加熱ベッドＡ６１Ｆ７／０３，７／０８）,
uploaded,廃止,A61G 7/06,A61G 7/05,・ベッドに取り付けられる補助装置，例．人体の支持具，たんつぼ（テーブルＡ４７Ｂ；加熱装置Ａ６１Ｆ７／０３，７／０８）,
uploaded,廃止,A61G 13/00 D,A61G 13/02,・調節可能な治療台，そのための制御,
uploaded,廃止,A61G 13/00 E,A61G 13/04,・・傾斜可能なもの,
uploaded,廃止,A61G 13/00 H,A61G 13/06,・・台面全体の昇降〔Ｅが優先〕,
uploaded,廃止,A61G 13/00 K,A61G 13/01,・台の細部又は付属品（器具用の台〕,
uploaded,廃止,A61G 13/00 L,A61G 13/12,・・患者支持面装置,
uploaded,廃止,A61G 13/00 M,A61G 13/12,・・患者の特定部位の固定,
uploaded,廃止,A61G 15/00 C,A61G 15/02,・調節手段をもつもの；そのための制御,
uploaded,廃止,A61G 15/00 E,A61G 15/04,・・傾斜，起倒,
uploaded,廃止,A61G 15/00 F,A61G 15/06,・・昇降，回転〔Ｅが優先〕,
uploaded,廃止,A61G 15/00 G,A61G 15/01,・いすの細部又は付属品（←器具用の台〕,
uploaded,廃止,A61G 15/00 H,A61G 15/12,・・患者の支持，固定〔←支持面自体〕,
uploaded,廃止,A61G 15/00 J,A61G 15/12 510,・・・頭部,
uploaded,廃止,A61G 15/00 K,A61G 15/12 520,・・・上肢,
uploaded,廃止,A61G 15/00 L,A61G 15/12 530,・・・下肢,
uploaded,廃止,A61G 15/00 S,A61G 15/08,・医師用のもの,
uploaded,廃止,A61H 33/04 K,A61H 35/02,洗眼具,
uploaded,廃止,A61H 33/04 L,A61H 35/02 501,・噴水，スプレ－によるもの,
uploaded,廃止,A61H 33/04 M,A61H 35/02 502,・・蛇口取付け型のもの,
uploaded,廃止,A61H 33/04 N,A61H 35/02 503,・浴，流水によるもの,
uploaded,廃止,A61H 33/04 Q,A61H 35/04,鼻浴，鼻洗具,
uploaded,廃止,A61J 7/00 D,A61J 7/02,・・薬剤の定量取出し，計数手段を有するもの,
uploaded,廃止,A61J 7/00 P,A61J 7/04 A,服薬時刻を表示するもの,
uploaded,廃止,A61J 7/00 Q,A61J 7/04 B,・時計を有するもの，服薬時刻を音等で知らせるもの,
uploaded,廃止,A61K 35/14 B,A61K 35/14,血液からの血漿単離,
uploaded,廃止,A61K 35/14 C,A61K 35/14,血液からの血球成分の単離,
uploaded,廃止,A61K 35/23,A61K 35/22,・・・腎臓［３］,
uploaded,廃止,A61K 35/07,A61K 36/06,・・下等真菌類［２］,
uploaded,廃止,A61K 35/72,A61K 36/06,・・酵母［２］,
uploaded,廃止,A61K 35/78,A61K 36/00,・植物からの物質［２］,
uploaded,廃止,A61K 35/78 A,A61K 36/00,単一成分からなるもの,
uploaded,廃止,A61K 35/78 B,A61K 36/00,・種子植物門,
uploaded,廃止,A61K 35/78 C,A61K 36/18,・・被子植物亜門,
uploaded,廃止,A61K 35/78 D,A61K 36/06,・・・クワ科,
uploaded,廃止,A61K 35/78 E,A61K 36/07,・・・タデ科,
uploaded,廃止,A61K 35/78 F,A61K 36/71,・・・キンポウゲ科,
uploaded,廃止,A61K 35/78 G,A61K 36/29,・・・メギ科,
uploaded,廃止,A61K 35/78 H,A61K 36/73,・・・バラ科,
uploaded,廃止,A61K 35/78 J,A61K 36/48,・・・マメ科,
uploaded,廃止,A61K 35/78 K,A61K 36/75,・・・ミカン科,
uploaded,廃止,A61K 35/78 L,A61K 36/47,・・・トウダイグサ科,
uploaded,廃止,A61K 35/78 M,A61K 36/25,・・・ウコギ科,
uploaded,廃止,A61K 35/78 N,A61K 36/23,・・・セリ科,
uploaded,廃止,A61K 35/78 P,A61K 36/24,・・・キヨウチクトウ科,
uploaded,廃止,A61K 35/78 Q,A61K 36/53,・・・シソ科,
uploaded,廃止,A61K 35/78 R,A61K 36/81,・・・ナス科,
uploaded,廃止,A61K 35/78 S,A61K 36/42,・・・ウリ科,
uploaded,廃止,A61K 35/78 T,A61K 36/28,・・・キク科,
uploaded,廃止,A61K 35/78 U,A61K 36/899,・・・イネ科,
uploaded,廃止,A61K 35/78 V,A61K 36/896,・・・ユリ科,
uploaded,廃止,A61K 35/78 W,A61K 36/00,二以上の成分からなるもの,
uploaded,廃止,A61K 35/78 X,A61K 36/00,特定成分を含有するもの,
uploaded,廃止,A61K 35/78 Y,A61K 36/00,抽出，製剤化方法等の植物の処理に特徴のあるもの,
uploaded,廃止,A61K 35/78 Z,A61K 36/00,その他,
uploaded,廃止,A61K 35/08,A61K 36/02,・・藻類［２］,
uploaded,廃止,A61K 35/08 A,A61K 36/05,クロレラ由来のもの,
uploaded,廃止,A61K 35/08 Z,A61K 36/02,その他のもの,
uploaded,廃止,A61K 35/82,A61K 36/09,・・地衣類［２］,
uploaded,廃止,A61K 35/84,A61K 36/06,・・高等真菌類［２］,
uploaded,廃止,A61K 35/84 A,A61K 36/07,担子菌由来のもの,
uploaded,廃止,A61K 35/84 Z,A61K 36/06,その他のもの,
uploaded,廃止,A61M 21/00 300,A61M 21/02 A,・睡眠に関するもの〔３３０が優先〕,
uploaded,廃止,A61M 21/00 300 A,A61M 21/02 B,光刺激を与えるもの,
uploaded,廃止,A61M 21/00 300 B,A61M 21/02 C,音刺激を与えるもの,
uploaded,廃止,A61M 21/00 300 C,A61M 21/02 D,電気刺激を与えるもの〔例．低周波〕,
uploaded,廃止,A61M 21/00 300 D,A61M 21/02 E,２種以上の刺激を与えるもの,
uploaded,廃止,A61M 21/00 300 E,A61M 21/02 F,夢に関するもの,
uploaded,廃止,A61M 21/00 300 Z,A61M 21/02 A,その他のもの,
uploaded,廃止,A61M 21/00 310,A61M 21/00 A,・覚醒に関するもの〔３３０が優先〕,
uploaded,廃止,A61M 21/00 320,A61M 21/02 H,・精神の賦活又はリラツクスに関するもの,
uploaded,廃止,A61M 21/00 330,A61M 21/00 Z,・フイ－ドバツクが行われるもの,
uploaded,廃止,A61M 21/00 330 A,A61M 21/02 G,睡眠,
uploaded,廃止,A61M 21/00 330 B,A61M 21/00 B,覚醒,
uploaded,廃止,A61M 21/00 330 C,A61M 21/02 J,精神の賦活又はリラツクス,
uploaded,廃止,A61M 21/00 330 Z,A61M 21/00 Z,その他のもの,
uploaded,廃止,A63B 49/02 A,A63B 49/02,銀杏部,
uploaded,廃止,A63B 49/02 Z,A63B 49/02,その他のもの,
uploaded,廃止,A63B 49/04,A63B 60/02,・・バランス装置を有するもの,
uploaded,廃止,A63B 49/06,A63B 60/52,・・細長いみぞを有するもの,
uploaded,廃止,A63B 49/08 A,A63B 60/14,グリツプテ－プ，グリツプカバ－,
uploaded,廃止,A63B 49/08 Z,A63B 49/08,その他のもの,
uploaded,廃止,A63B 49/16,A63B 60/44,・ラケットプレス,
uploaded,廃止,A63B 49/18,A63B 60/58,・ラケットカバー,
uploaded,廃止,A63B 53/16,A63B 60/22,・・調節できるもの,
uploaded,廃止,A63B 55/00 A,A63B 55/03,車付バツグ,
uploaded,廃止,A63B 55/00 B,A63B 55/04,仕切又はクラブ保持,
uploaded,廃止,A63B 55/00 C,A63B 60/62,ヘツドカバ－,
uploaded,廃止,A63B 55/00 D,A63B 60/64,クラブ保護さや,
uploaded,廃止,A63B 55/00 Z,A63B 55/00,その他のもの,
uploaded,廃止,A63B 55/02,A63B 55/02,・ボールの特殊容器を有するもの,
uploaded,廃止,A63B 55/04,A63B 55/05,・地上に固定するための手段を有する支持物,
uploaded,廃止,A63B 55/06,A63B 55/57,・・三脚または類似の支持架を有するバッグ,
uploaded,廃止,A63B 55/08,A63B 55/06,・ゴルフバッグ用車付き運搬具,
uploaded,廃止,A63B 55/08 A,A63B 55/06 A,手押しカ－ト,
uploaded,廃止,A63B 55/08 B,A63B 55/06 B,動力付カ－ト,
uploaded,廃止,A63B 55/08 C,A63B 55/06 C,軌道走行カ－ト,
uploaded,廃止,A63B 55/08 D,A63B 55/06 D,リモコン式又は誘導式,
uploaded,廃止,A63B 55/08 E,A63B 55/06 E,電気的なもの,
uploaded,廃止,A63B 55/08 F,A63B 55/06 F,人荷共用,
uploaded,廃止,A63B 55/08 Z,A63B 55/06 Z,その他のもの,
uploaded,廃止,A63B 57/00 A,A63B 57/01,ゴルフテイ,
uploaded,廃止,A63B 57/00 B,A63B 57/12,・紐に係止されているもの,
uploaded,廃止,A63B 57/00 C,A63B 57/13,・中折れ分離するもの,
uploaded,廃止,A63B 57/00 D,A63B 57/15,・高さ調節できるもの,
uploaded,廃止,A63B 57/00 E,A63B 57/16,・ブラシ状,
uploaded,廃止,A63B 57/00 F,A63B 57/18,・筆記具付,
uploaded,廃止,A63B 57/00 G,A63B 57/19,・方向片付,
uploaded,廃止,A63B 57/00 H,A63B 57/02,ホルダ－〔テイ，ボ－ルなど〕,
uploaded,廃止,A63B 57/00 J,A63B 57/03,マ－カ－,
uploaded,廃止,A63B 57/00 K,A63B 57/35,・磁性保持するもの,
uploaded,廃止,A63B 57/00 L,A63B 57/04,ゴルフカツプ，ホ－ル,
uploaded,廃止,A63B 57/00 M,A63B 57/05,コ－ス整備用,
uploaded,廃止,A63B 57/00 Z,A63B 57/00,その他のもの,
uploaded,廃止,A63B 59/00 A,A63B 59/42,羽子板,
uploaded,廃止,A63B 59/00 Z,A63B 59/00,その他のもの,
uploaded,廃止,A63B 59/02,A63B 59/02,・ラークロス，ペロタ，または類似のゲーム用,
uploaded,廃止,A63B 59/04,A63B 59/04,・卓球用,
uploaded,廃止,A63B 59/04 A,A63B 59/42,ラケツト,
uploaded,廃止,A63B 59/04 B,A63B 60/58,・ラケツトケ－ス,
uploaded,廃止,A63B 59/04 Z,A63B 59/42,その他のもの,
uploaded,廃止,A63B 59/06,A63B 59/05,・野球，ラウンダー，または類似のゲーム用,
uploaded,廃止,A63B 59/06 A,A63B 59/51,金属製,
uploaded,廃止,A63B 59/06 B,A63B 59/52,木，竹製,
uploaded,廃止,A63B 59/06 C,A63B 59/54,合成樹脂製,
uploaded,廃止,A63B 59/06 D,A63B 59/56,ヘツド部,
uploaded,廃止,A63B 59/06 E,A63B 60/06,グリツプ部,
uploaded,廃止,A63B 59/06 F,A63B 59/58,特殊形状,
uploaded,廃止,A63B 59/06 G,A63B 60/02,バランス,
uploaded,廃止,A63B 59/06 H,A63B 60/42,計測に関するもの,
uploaded,廃止,A63B 59/06 J,A63B 59/59,発音部，可動部を有するもの,
uploaded,廃止,A63B 59/06 K,A63B 60/06,関連用品〔スタンドケ－スなど〕,
uploaded,廃止,A63B 59/06 Z,A63B 59/05,その他のもの,
uploaded,廃止,A63B 59/08,A63B 59/55,・クリケット用,
uploaded,廃止,A63B 59/01,A63B 59/06,・クローケ用,
uploaded,廃止,A63B 59/12,A63B 59/07,・ホッケー用,
uploaded,廃止,A63B 59/14,A63B 59/07,・アイスホッケー用,
uploaded,廃止,A63B 59/16,A63B 59/06,・ポロ用,
uploaded,廃止,A63B 59/18,A63B 59/08,・他のゲーム用の円形バット,
uploaded,廃止,A63B 59/18 A,A63B 59/06,ゲ－トボ－ル用,
uploaded,廃止,A63B 59/18 Z,A63B 59/08,その他のもの,
uploaded,廃止,B01D 53/02 B,B01D 53/02 100,吸着剤の充填，排出方法,
uploaded,廃止,B01D 53/02 Z,B01D 53/02,その他のもの,
uploaded,廃止,B01D 53/04 A,B01D 53/04 110,エレメント,
uploaded,廃止,B01D 53/04 B,B01D 53/047,・圧力スウイング法・ＰＳＡ法,
uploaded,廃止,B01D 53/04 C,B01D 53/04 110,カ－トリツジ，容器，塔槽，キヤニスタ,
uploaded,廃止,B01D 53/04 D,B01D 53/04 111,・燃料タンクからの蒸発防止装置,
uploaded,廃止,B01D 53/04 E,B01D 53/047,圧力差で吸着剤の再生を行うもの〔ＰＳＡ法を除く〕,
uploaded,廃止,B01D 53/04 F,B01D 53/04 220,吸着剤を直接加熱して再生するもの,
uploaded,廃止,B01D 53/04 G,B01D 53/04 230,吸着剤に再生ガスを流すもの,
uploaded,廃止,B01D 53/04 H,B01D 53/04 240,吸着剤を水洗して再生するもの,
uploaded,廃止,B01D 53/04 J,B01D 53/04 600,低温吸着法,
uploaded,廃止,B01D 53/04 Z,B01D 53/04,その他のもの,
uploaded,廃止,B01D 53/06 A,B01D 53/06 100,回転式,
uploaded,廃止,B01D 53/06 Z,B01D 53/06,その他のもの,
uploaded,廃止,B01D 53/14 102,B01D 53/14 210,・・液体吸収剤の選択,
uploaded,廃止,B01D 53/14 103,B01D 53/14 220,・・液体吸収剤の活性化または再生,
uploaded,廃止,B01D 53/14 A,B01D 53/14 100,乾式吸収,
uploaded,廃止,B01D 53/14 B,B01D 53/14 311,脱酸素,
uploaded,廃止,B01D 53/14 C,B01D 53/14 200,湿式吸収プロセス,
uploaded,廃止,B01D 53/14 Z,B01D 53/14,その他のもの,
uploaded,廃止,B01D 53/18 A,B01D 53/18 110,液中吹込式,
uploaded,廃止,B01D 53/18 B,B01D 53/18 120,回転式,
uploaded,廃止,B01D 53/18 C,B01D 53/18 130,充填塔式,
uploaded,廃止,B01D 53/18 D,B01D 53/18 140,棚段式,
uploaded,廃止,B01D 53/18 E,B01D 53/18 150,スプレ－,
uploaded,廃止,B01D 53/18 F,B01D 53/18 160,ぬれ壁式,
uploaded,廃止,B01D 53/18 G,B01D 53/18 170,ベンチユリ－スクラバ－，ジエツトスクラバ－，エゼクタ－,
uploaded,廃止,B01D 53/18 Z,B01D 53/18,その他のもの,
uploaded,廃止,B01D 53/26 101,B01D 53/26 200,・・吸着又は乾式吸収によるもの,
uploaded,廃止,B01D 53/26 101 A,B01D 53/26 210,小型吸湿具，エレメント,
uploaded,廃止,B01D 53/26 101 B,B01D 53/26 220,回転式,
uploaded,廃止,B01D 53/26 101 C,B01D 53/26 230,固定式,
uploaded,廃止,B01D 53/26 101 D,B01D 53/26 231,・多塔切換え式,
uploaded,廃止,B01D 53/26 101 Z,B01D 53/26 200,その他のもの,
uploaded,廃止,B01D 53/26 102,B01D 53/26 300,・・湿式吸収によるもの,
uploaded,廃止,B01D 53/26 A,B01D 53/26 100,冷却，凝縮によるもの,
uploaded,廃止,B01D 53/26 Z,B01D 53/26,その他のもの,
uploaded,廃止,B01D 53/34 115,B01D 53/38,・・化合物として特定されない有害成分の除去,
uploaded,廃止,B01D 53/34 116,B01D 53/38 100,・・・臭気物質の除去,
uploaded,廃止,B01D 53/34 116 A,B01D 53/38 110,吸着又は乾式吸収によるもの、土壌による脱臭〔Ｆ、Ｇ、Ｈが優先〕,
uploaded,廃止,B01D 53/34 116 B,B01D 53/38 110,・用いる収着剤に特徴のあるもの,
uploaded,廃止,B01D 53/34 116 C,B01D 53/38 120,湿式吸収によるもの、活性汚泥による脱臭〔Ｆ、Ｇ、Ｈが優先〕,
uploaded,廃止,B01D 53/34 116 D,B01D 53/38 120,・用いる吸収液に特徴のあるもの,
uploaded,廃止,B01D 53/34 116 E,B01D 53/38 110,乾式、湿式の組合わせによるもの〔Ｆ、Ｇ、Ｈが優先〕,
uploaded,廃止,B01D 53/34 116 F,B01D 53/38 130,オゾンを用いるもの,
uploaded,廃止,B01D 53/34 116 G,B01D 53/38 140,凝縮によるもの,
uploaded,廃止,B01D 53/34 116 H,B01D 53/38 150,燃焼または熱分解処理を併用するもの,
uploaded,廃止,B01D 53/34 116 J,B01D 53/38 111,・簡易脱臭具，脱臭シ－ト，脱臭エレメント,
uploaded,廃止,B01D 53/34 116 Z,B01D 53/38 100,その他のもの,
uploaded,廃止,B01D 53/34 117,B01D 53/44 100,・・・有機溶剤の除去,
uploaded,廃止,B01D 53/34 117 A,B01D 53/44 110,吸着又は乾式吸収によるもの〔Ｅ、Ｆ、Ｇが優先〕,
uploaded,廃止,B01D 53/34 117 B,B01D 53/44 110,・用いる収着剤に特徴のあるもの,
uploaded,廃止,B01D 53/34 117 C,B01D 53/44 120,湿式吸収によるもの〔Ｋ，Ｆ，Ｇが優先〕,
uploaded,廃止,B01D 53/34 117 D,B01D 53/44 120,・用いる吸収液に特徴のあるもの,
uploaded,廃止,B01D 53/34 117 E,B01D 53/44 110,塗装設備、塗装乾燥炉からの排気ガスを処理するもの,
uploaded,廃止,B01D 53/34 117 F,B01D 53/44 130,凝縮によるもの,
uploaded,廃止,B01D 53/34 117 G,B01D 53/44 140,燃焼または熱分解処理を併用するもの,
uploaded,廃止,B01D 53/34 117 H,B01D 53/44 110,・貯蔵タンク，タンクロ－リ－排気,
uploaded,廃止,B01D 53/34 117 J,B01D 53/44 120,・貯蔵タンク，タンクロ－リ－排気,
uploaded,廃止,B01D 53/34 117 K,B01D 53/44 120,・湿式吸収によるもの,
uploaded,廃止,B01D 53/34 117 Z,B01D 53/44 100,その他のもの,
uploaded,廃止,B01D 53/34 118,B01D 53/04,・・・酸性物質の除去,
uploaded,廃止,B01D 53/34 118 A,B01D 53/04 200,湿式吸収によるもの,
uploaded,廃止,B01D 53/34 118 B,B01D 53/04 210,・炭酸カリウム，アルカリ金属炭酸塩系吸収液,
uploaded,廃止,B01D 53/34 118 C,B01D 53/04 210,・無機化合物吸収液,
uploaded,廃止,B01D 53/34 118 D,B01D 53/04 220,・有機化合物含有吸収液,
uploaded,廃止,B01D 53/34 118 E,B01D 53/04 200,・Ｈ↓２Ｓ，ＣＯ↓２以外の酸性ガスも含むもの,
uploaded,廃止,B01D 53/34 118 Z,B01D 53/04,その他のもの,
uploaded,廃止,B01D 53/34 119,B01D 53/42,・・・塩基性物質の除去,
uploaded,廃止,B01D 53/34 120,B01D 53/46,・・化合物として特定される有害成分の除去,
uploaded,廃止,B01D 53/34 120 A,B01D 53/46,無機化合物の除去,
uploaded,廃止,B01D 53/34 120 B,B01D 53/66,・オゾンの除去,
uploaded,廃止,B01D 53/34 120 C,B01D 53/52,・Ｈ↓２Ｓ及びＮＨ↓３の除去,
uploaded,廃止,B01D 53/34 120 D,B01D 53/72,有機化合物の除去,
uploaded,廃止,B01D 53/34 120 E,B01D 53/72 200,・湿式吸収によるもの,
uploaded,廃止,B01D 53/34 120 F,B01D 53/52,・Ｈ↓２Ｓ及びＨＣＮの除去，コ－クス炉ガス,
uploaded,廃止,B01D 53/34 120 Z,B01D 53/46,その他のもの,
uploaded,廃止,B01D 53/34 121,B01D 53/48,・・・硫黄化合物の除去,
uploaded,廃止,B01D 53/34 121 A,B01D 53/05,Ｈ↓２Ｓ及びＳＯ↓２の除去,
uploaded,廃止,B01D 53/34 121 B,B01D 53/48 100,ＣＯＳ，ＣＳ↓２の除去,
uploaded,廃止,B01D 53/34 121 C,B01D 53/48 100,有機硫黄化合物の除去,
uploaded,廃止,B01D 53/34 121 D,B01D 53/48 100,有機硫黄化合物及び無機硫黄化合物の除去,
uploaded,廃止,B01D 53/34 121 E,B01D 53/05 200,・湿式によるもの,
uploaded,廃止,B01D 53/34 121 F,B01D 53/05,・クラウス排ガス，テ－ルガス,
uploaded,廃止,B01D 53/34 121 Z,B01D 53/48,その他のもの,
uploaded,廃止,B01D 53/34 122,B01D 53/05,・・・・ＳＯ↓ｘの除去,
uploaded,廃止,B01D 53/34 122 A,B01D 53/05,ＳＯ↓ｘの還元により単体硫黄を回収するもの,
uploaded,廃止,B01D 53/34 122 B,B01D 53/05 100,・固体還元剤を用いるもの,
uploaded,廃止,B01D 53/34 122 Z,B01D 53/05,その他のもの,
uploaded,廃止,B01D 53/34 123,B01D 53/05 100,・・・・・化学的吸着によるもの,
uploaded,廃止,B01D 53/34 123 A,B01D 53/05 100,吸着剤に特徴のあるもの,
uploaded,廃止,B01D 53/34 123 B,B01D 53/05 110,・活性炭，炭素質吸着剤を用いるもの,
uploaded,廃止,B01D 53/34 123 C,B01D 53/05 100,・樹脂からなる吸着剤を用いるもの,
uploaded,廃止,B01D 53/34 123 D,B01D 53/05 100,装置，方法に特徴のあるもの,
uploaded,廃止,B01D 53/34 123 Z,B01D 53/05 100,その他のもの,
uploaded,廃止,B01D 53/34 124,B01D 53/05 100,・・・・・化学的吸収によるもの,
uploaded,廃止,B01D 53/34 124 A,B01D 53/05 100,溶融金属，溶融塩を用いるもの,
uploaded,廃止,B01D 53/34 124 Z,B01D 53/05 100,その他のもの,
uploaded,廃止,B01D 53/34 125,B01D 53/05 200,・・・・・・湿式吸収によるもの,
uploaded,廃止,B01D 53/34 125 A,B01D 53/05 200,アルカリ吸収液を用いるもの，下記Ｂ～Ｄのいずれでもよいもの,
uploaded,廃止,B01D 53/34 125 B,B01D 53/05 220,ＮＨ↓３，アンモニウム化合物を吸収剤としてい用いるもの〔Ｊ，Ｍ，Ｎが優先〕,
uploaded,廃止,B01D 53/34 125 C,B01D 53/05 230,アルカリ金属化合物を吸収剤としてい用いるもの〔Ｊ，Ｍ，Ｎが優先〕,
uploaded,廃止,B01D 53/34 125 D,B01D 53/05 240,アルカリ土類金属化合物を吸収剤としてい用いるもの〔Ｊ，Ｍ，Ｎが優先〕,
uploaded,廃止,B01D 53/34 125 E,B01D 53/05 245,・カルシウム化合物を吸収剤としてい用いるもの〔石灰－石膏法〕,
uploaded,廃止,B01D 53/34 125 F,B01D 53/05 250,アルミニウム化合物を吸収剤としてい用いるもの〔Ｊ，Ｍ，Ｎが優先〕,
uploaded,廃止,B01D 53/34 125 G,B01D 53/05 200,上記Ｂ～Ｄ，Ｆの２種以上を併用するもの，上記Ｂ～Ｄ，Ｆと他の成分の組合せ,
uploaded,廃止,B01D 53/34 125 H,B01D 53/05 245,・カルシウム化合物と上記Ｂ～Ｄ，Ｆ又はその他の成分の組合せ,
uploaded,廃止,B01D 53/34 125 J,B01D 53/05 291,複分解法〔例えば亜硫曹－石膏法，亜硫安－石膏法〕,
uploaded,廃止,B01D 53/34 125 K,B01D 53/05 270,水，海水を吸収液とするもの,
uploaded,廃止,B01D 53/34 125 L,B01D 53/05 200,鉱酸，活性炭，酸化剤含有吸収液を用いるもの,
uploaded,廃止,B01D 53/34 125 M,B01D 53/05 200,重金属イオン含有吸収液を用いるもの,
uploaded,廃止,B01D 53/34 125 N,B01D 53/05 260,有機化合物含有吸収液を用いるもの〔Ｍが優先〕,
uploaded,廃止,B01D 53/34 125 P,B01D 53/05 200,廃棄物〔各種廃液，廃滓〕を吸収液として利用するもの〔例えば，パルプ廃液，赤泥，鉱滓〕；以上のいずれにも分類されない特定の吸収液を用いるもの,
uploaded,廃止,B01D 53/34 125 Q,B01D 53/05 200,装置，方法に特徴のあるもの,
uploaded,廃止,B01D 53/34 125 R,B01D 53/05 290,吸収排液の処理に特徴のあるもの,
uploaded,廃止,B01D 53/34 125 Z,B01D 53/05 200,その他のもの,
uploaded,廃止,B01D 53/34 126,B01D 53/52,・・・・Ｈ↓２Ｓの除去,
uploaded,廃止,B01D 53/34 127,B01D 53/52 200,・・・・・湿式吸収によるもの,
uploaded,廃止,B01D 53/34 127 A,B01D 53/52 210,無機化合物含有吸収液によるもの,
uploaded,廃止,B01D 53/34 127 B,B01D 53/52 220,有機化合物含有吸収液によるもの,
uploaded,廃止,B01D 53/34 127 C,B01D 53/52 200,装置，方法に特徴のあるもの,
uploaded,廃止,B01D 53/34 127 D,B01D 53/52 200,Ｈ↓２Ｓ及びＣＯ↓２含有ガスからのＨ↓２Ｓの選択的吸収,
uploaded,廃止,B01D 53/34 127 Z,B01D 53/52 200,その他のもの,
uploaded,廃止,B01D 53/34 128,B01D 53/54,・・・窒素化合物の除去,
uploaded,廃止,B01D 53/34 129,B01D 53/56,・・・・ＮＯ↓ｘの除去,
uploaded,廃止,B01D 53/34 129 A,B01D 53/56 100,吸着によるもの,
uploaded,廃止,B01D 53/34 129 B,B01D 53/56 300,無触媒還元によるもの,
uploaded,廃止,B01D 53/34 129 C,B01D 53/56 400,電気，超音波，照射等によるもの,
uploaded,廃止,B01D 53/34 129 D,B01D 53/56,セメント焼成キルン排ガスの処理,
uploaded,廃止,B01D 53/34 129 E,B01D 53/56 310,・還元剤注入量の制御,
uploaded,廃止,B01D 53/34 129 Z,B01D 53/56,その他のもの,
uploaded,廃止,B01D 53/34 130,B01D 53/56 200,・・・・・湿式吸収によるもの,
uploaded,廃止,B01D 53/34 130 A,B01D 53/56 210,錯塩形成,
uploaded,廃止,B01D 53/34 130 B,B01D 53/56 220,酸化吸収,
uploaded,廃止,B01D 53/34 130 C,B01D 53/56 230,液相還元〔酸化吸収還元〕,
uploaded,廃止,B01D 53/34 130 D,B01D 53/56 200,吸収,
uploaded,廃止,B01D 53/34 130 Z,B01D 53/56 200,その他のもの,
uploaded,廃止,B01D 53/34 131,B01D 53/58,・・・・ＮＨ↓２の除去,
uploaded,廃止,B01D 53/34 132,B01D 53/06,・・・ＮＯ↓ｘおよびＳＯ↓ｘの同時除去,
uploaded,廃止,B01D 53/34 132 A,B01D 53/06 300,電気，超音波，照射等によるもの,
uploaded,廃止,B01D 53/34 132 Z,B01D 53/06,その他のもの,
uploaded,廃止,B01D 53/34 133,B01D 53/06 200,・・・・湿式吸収によるもの,
uploaded,廃止,B01D 53/34 134,B01D 53/68,・・・ハロゲン，ハロゲン化合物の除去,
uploaded,廃止,B01D 53/34 134 A,B01D 53/68 100,Ｃ１↓２；無機塩素化合物の除去〔Ｃ，Ｅが優先〕,
uploaded,廃止,B01D 53/34 134 B,B01D 53/68 120,・湿式吸収によるもの,
uploaded,廃止,B01D 53/34 134 C,B01D 53/68 200,Ｆ↓２，Ｂｒ↓２，Ｉ↓２；無機弗素・臭素・沃素化合物の除去〔Ｅが優先〕,
uploaded,廃止,B01D 53/34 134 D,B01D 53/68 220,・湿式吸収によるもの,
uploaded,廃止,B01D 53/34 134 E,B01D 53/07,有機ハロゲン化合物の除去,
uploaded,廃止,B01D 53/34 134 F,B01D 53/07 200,・湿式吸収によるもの,
uploaded,廃止,B01D 53/34 134 Z,B01D 53/68,その他のもの,
uploaded,廃止,B01D 53/34 135,B01D 53/62,・・・ＣＯ↓ｘの除去,
uploaded,廃止,B01D 53/34 135 A,B01D 53/62 100,ＣＯの除去,
uploaded,廃止,B01D 53/34 135 Z,B01D 53/62,その他のもの,
uploaded,廃止,B01D 53/34 136,B01D 53/64,・・・重金属，重金属化合物の除去,
uploaded,廃止,B01D 53/34 136 A,B01D 53/64 100,水銀の除去,
uploaded,廃止,B01D 53/34 136 Z,B01D 53/64,その他のもの,
uploaded,廃止,B01D 53/34 A,B01D 53/81,吸着又は乾式吸収によるもの,
uploaded,廃止,B01D 53/34 B,B01D 53/81,・用いる収着剤に特徴のあるもの,
uploaded,廃止,B01D 53/34 C,B01D 53/77,湿式吸収によるもの,
uploaded,廃止,B01D 53/34 D,B01D 53/77,・用いる吸収液に特徴のあるもの；吸収液自体,
uploaded,廃止,B01D 53/34 E,B01D 53/77,・そのための装置,
uploaded,廃止,B01D 53/34 G,B01D 53/78 100,・白煙防止,
uploaded,廃止,B01D 53/34 Z,B01D 53/34,その他のもの,
uploaded,廃止,B01D 53/36,B01D 53/86,・・接触転化によるもの,
uploaded,廃止,B01D 53/36 101,B01D 53/86 222,・・・ＮＯ↓ｘの除去,
uploaded,廃止,B01D 53/36 101 A,B01D 53/86 222,そのための装置,
uploaded,廃止,B01D 53/36 101 B,B01D 53/86 223,過剰酸素、酸化性物質共存下での還元,
uploaded,廃止,B01D 53/36 101 Z,B01D 53/86 222,その他のもの,
uploaded,廃止,B01D 53/36 102,B01D 53/86 222,・・・・触媒の選択,
uploaded,廃止,B01D 53/36 102 A,B01D 53/86 222,貴金族のみよりなる触媒,
uploaded,廃止,B01D 53/36 102 B,B01D 53/86 222,貴金族と卑金属よりなる触媒,
uploaded,廃止,B01D 53/36 102 C,B01D 53/86 222,卑金族のみよりなる触媒,
uploaded,廃止,B01D 53/36 102 D,B01D 53/86 222,・担体の組成・構造・処理などに特徴のあるもの,
uploaded,廃止,B01D 53/36 102 E,B01D 53/86 222,・触媒の再生または再活性化,
uploaded,廃止,B01D 53/36 102 F,B01D 53/86 222,炭素系触媒または担体,
uploaded,廃止,B01D 53/36 102 G,B01D 53/86 222,接触酸化，還元〔ＮＯ→ＮＯ↓２，ＮＯ↓２→ＮＯ〕,
uploaded,廃止,B01D 53/36 102 H,B01D 53/86 223,過剰酸素、酸化性物質共存下での還元のための触媒,
uploaded,廃止,B01D 53/36 102 Z,B01D 53/86 222,その他のもの,
uploaded,廃止,B01D 53/36 103,B01D 53/86 100,・・・未燃焼成分または不完全燃焼成分の除去,
uploaded,廃止,B01D 53/36 103 B,B01D 53/86 222,ＮＯｘを同時に除去するもの,
uploaded,廃止,B01D 53/36 103 C,B01D 53/86 100,ＳＯＦ、パテイキユレ－トを除去するもの,
uploaded,廃止,B01D 53/36 103 Z,B01D 53/86 100,その他のもの,
uploaded,廃止,B01D 53/36 104,B01D 53/86 100,・・・・触媒の選択,
uploaded,廃止,B01D 53/36 104 A,B01D 53/86 222,ＮＯｘを同時に除去するもの,
uploaded,廃止,B01D 53/36 104 B,B01D 53/86 100,ＳＯＦ、パテイキユレ－トを除去するもの,
uploaded,廃止,B01D 53/36 104 Z,B01D 53/86 100,その他のもの,
uploaded,廃止,B01D 53/36 A,B01D 53/86,接触転化プロセス一般,
uploaded,廃止,B01D 53/36 B,B01D 53/86,・そのための装置,
uploaded,廃止,B01D 53/36 C,B01D 53/86,・そのための触媒体及び担体,
uploaded,廃止,B01D 53/36 D,B01D 53/86 210,硫黄化合物の除去,
uploaded,廃止,B01D 53/36 E,B01D 53/86 228,ＮＨ↓３の除去,
uploaded,廃止,B01D 53/36 F,B01D 53/86 260,オゾンの除去,
uploaded,廃止,B01D 53/36 G,B01D 53/86 275,有機化合物の除去,
uploaded,廃止,B01D 53/36 H,B01D 53/86 110,脱臭,
uploaded,廃止,B01D 53/36 J,B01D 53/86,・光、紫外線により励起される触媒を用いるもの,
uploaded,廃止,B01D 53/36 K,B01D 53/86,・触媒の再生または再活性化（５３／３６，１０２Ｅ優先）,
uploaded,廃止,B01D 53/36 Z,B01D 53/86,その他のもの,
uploaded,廃止,B21B 31/34,B21B 38/01,・パス表示器，すなわちロール間隙を表示するもの（ロール間隔に応答する制御または調節装置３７／０８）,
uploaded,廃止,B21B 37/00 111,B21B 37/00 220,・最適圧延制御；パススケジユ－ル,
uploaded,廃止,B21B 37/00 111 A,B21B 37/00 221 A,〔板〕リ－ルを有しない可逆圧延機の最適圧延制御,
uploaded,廃止,B21B 37/00 111 B,B21B 37/00 221 Z,〔板〕最適圧延制御,
uploaded,廃止,B21B 37/00 111 C,B21B 37/00 222,〔条〕パススケジユ－ル,
uploaded,廃止,B21B 37/00 111 Z,B21B 37/00 220,その他,
uploaded,廃止,B21B 37/00 112,B21B 37/00 260,・セツトアツプ,
uploaded,廃止,B21B 37/00 112 A,B21B 37/00 262,〔管〕ミル・セツトアツプ,
uploaded,廃止,B21B 37/00 112 B,B21B 37/00 263,〔条〕ミル・セツトアツプ,
uploaded,廃止,B21B 37/00 112 Z,B21B 37/00 260,その他,
uploaded,廃止,B21B 37/00 113,B21B 37/00 261 Z,・・板材圧延セツトアツプ,
uploaded,廃止,B21B 37/00 113 A,B21B 37/00 261 A,〔板〕圧延機の零点設定,
uploaded,廃止,B21B 37/00 113 B,B21B 37/00 261 B,〔板〕ミル・セツトアツプ　Ｂａｒ　ｔｏ　Ｂａｒ　制御,
uploaded,廃止,B21B 37/00 113 C,B21B 37/00 261 C,〔板〕ミル・セツトアツプ適応修正,
uploaded,廃止,B21B 37/00 113 Z,B21B 37/00 261 Z,その他〔〔板〕ミル・セツトアツプ〕,
uploaded,廃止,B21B 37/00 114,B21B 37/26,・・・板材圧延の走間設定替,
uploaded,廃止,B21B 37/00 115,B21B 37/00 270,・製品の形状を制御するもの,
uploaded,廃止,B21B 37/00 116,B21B 37/28 Z,・・板材の形状制御,
uploaded,廃止,B21B 37/00 116 A,B21B 37/03 A,圧下等によるメカニカルクラウン制御,
uploaded,廃止,B21B 37/00 116 B,B21B 37/38 Z,ロ－ルベンデイングによるもの,
uploaded,廃止,B21B 37/00 116 C,B21B 37/28 A,張力調整によるもの,
uploaded,廃止,B21B 37/00 116 D,B21B 37/32 A,ヒ－トクラウン制御によるもの,
uploaded,廃止,B21B 37/00 116 E,B21B 37/32 D,潤滑制御によるもの,
uploaded,廃止,B21B 37/00 116 F,B21B 37/04 Z,〔板〕ロ－ル有効接触長制御によるもの〔ＨＣミル〕,
uploaded,廃止,B21B 37/00 116 G,B21B 37/38 D,〔板〕ロ－ル有効接触長固定制御によるもの,
uploaded,廃止,B21B 37/00 116 H,B21B 37/28 B,異速圧延手段によるもの,
uploaded,廃止,B21B 37/00 116 J,B21B 37/28 C,ロ－ル軸傾斜制御によるもの〔クロスロ－ルミル〕,
uploaded,廃止,B21B 37/00 116 K,B21B 37/28 130,板平面形状制御〔主として厚板〕,
uploaded,廃止,B21B 37/00 116 L,B21B 37/28 140,板材の反りに関するもの〔Ｚ軸方向〕,
uploaded,廃止,B21B 37/00 116 M,B21B 38/02,板形状測定装置〔平坦度，ロ－ルプロフイ－ル計測〕,
uploaded,廃止,B21B 37/00 116 N,B21B 37/34,液圧等によるロ－ルプロフイ－ル制御によるもの,
uploaded,廃止,B21B 37/00 116 P,B21B 37/38 A,・板クラウン制御をも行うもの,
uploaded,廃止,B21B 37/00 116 Q,B21B 37/38 B,・多段クラスタ圧延機を対象とするもの,
uploaded,廃止,B21B 37/00 116 R,B21B 37/32 B,・複雑な加熱・冷却手段を使用するもの,
uploaded,廃止,B21B 37/00 116 S,B21B 37/32 C,・・ロ－ル軸方向の熱分布を操作するもの,
uploaded,廃止,B21B 37/00 116 T,B21B 37/04 A,・作業ロ－ル軸方向移動制御によるもの〔ＨＣＷミル〕,
uploaded,廃止,B21B 37/00 116 U,B21B 37/38 C,・長手方向板厚制御も行うもの,
uploaded,廃止,B21B 37/00 116 Z,B21B 37/28 Z,その他,
uploaded,廃止,B21B 37/00 117,B21B 37/28 110 Z,・・・クラウンに関するもの,
uploaded,廃止,B21B 37/00 117 A,B21B 37/28 110 A,圧下等によるもの,
uploaded,廃止,B21B 37/00 117 B,B21B 37/38 110,ロ－ルベンデイングによるもの,
uploaded,廃止,B21B 37/00 117 C,B21B 37/04 110,ＨＣミルによるもの,
uploaded,廃止,B21B 37/00 117 Z,B21B 37/28 110 Z,その他,
uploaded,廃止,B21B 37/00 118,B21B 37/28 120,・・・エツジに関するもの,
uploaded,廃止,B21B 37/00 119,B21B 37/68 Z,・・・キヤンバ－に関するもの,
uploaded,廃止,B21B 37/00 119 A,B21B 37/68 A,オフセンタ量に関するもの,
uploaded,廃止,B21B 37/00 119 B,B21B 37/68 B,エツジヤ・ガイドによるもの,
uploaded,廃止,B21B 37/00 119 C,B21B 37/68 C,ロ－ル軸方向移動制御によるもの〔ＨＣ，ＨＣＷミル〕,
uploaded,廃止,B21B 37/00 119 D,B21B 37/68 D,温度・変形抵抗を制御するもの,
uploaded,廃止,B21B 37/00 119 Z,B21B 37/68 Z,その他,
uploaded,廃止,B21B 37/00 120,B21B 37/00 271,・・条材の形状制御,
uploaded,廃止,B21B 37/00 121,B21B 37/16 120,・製品の寸法を制御するもの（３７／１２，３７／１７が優先）,
uploaded,廃止,B21B 37/00 122,B21B 37/22,・・幅の制御,
uploaded,廃止,B21B 37/00 122 A,B21B 37/22 A,〔板〕板幅制御〔竪ロ－ル使用〕,
uploaded,廃止,B21B 37/00 122 Z,B21B 37/22 Z,〔板〕その他の板幅制御〔竪ロ－ルを使用しない〕,
uploaded,廃止,B21B 37/00 123,B21B 37/07 Z,・・長さの制御,
uploaded,廃止,B21B 37/00 123 A,B21B 37/07 A,〔管〕圧延長さ制御,
uploaded,廃止,B21B 37/00 123 Z,B21B 37/07 Z,その他の圧延長さ制御〔管は除く〕,
uploaded,廃止,B21B 37/00 124,B21B 37/16 110,・・径の制御,
uploaded,廃止,B21B 37/00 125,B21B 37/16 111,・・・線，棒材の径の制御,
uploaded,廃止,B21B 37/00 126,B21B 37/16 112,・・・管材の径の制御,
uploaded,廃止,B21B 37/00 127,B21B 37/56,・製品の伸び率を制御するもの,
uploaded,廃止,B21B 37/00 128,B21B 37/48,・製品の張力を制御するもの,
uploaded,廃止,B21B 37/00 128 A,B21B 37/48 A,〔条〕張力制御,
uploaded,廃止,B21B 37/00 128 B,B21B 37/48 B,〔管〕張力制御,
uploaded,廃止,B21B 37/00 128 C,B21B 37/48 C,ル－プ制御,
uploaded,廃止,B21B 37/00 128 Z,B21B 37/48 Z,その他〔板の張力制御ｅｔｃ〕,
uploaded,廃止,B21B 37/00 129,B21B 37/48 D,・・タンデムミルに関するもの,
uploaded,廃止,B21B 37/00 130,B21B 37/05,・・・ル－パ－方式によるもの,
uploaded,廃止,B21B 37/00 131,B21B 37/74 Z,・製品の温度を制御するもの,
uploaded,廃止,B21B 37/00 132,B21B 37/74 A,・・板材の温度制御,
uploaded,廃止,B21B 37/00 132 A,B21B 37/76 A,〔板〕巻取温度制御,
uploaded,廃止,B21B 37/00 132 B,B21B 37/74 A,〔板〕圧延温度制御,
uploaded,廃止,B21B 37/00 132 Z,B21B 37/74 A,その他,
uploaded,廃止,B21B 37/00 133,B21B 37/74 B,・・条材の温度制御,
uploaded,廃止,B21B 37/00 134,B21B 37/74 C,・・管材の温度制御,
uploaded,廃止,B21B 37/00 135,B21B 37/68 Z,・製品の蛇行を制御するもの,
uploaded,廃止,B21B 37/00 136,B21B 37/00 240,・製品の圧延間ピツチを制御するもの；トラツキング,
uploaded,廃止,B21B 37/00 136 A,B21B 37/00 242,〔条〕〔管〕トラツキング,
uploaded,廃止,B21B 37/00 136 B,B21B 37/00 241,〔板〕トラツキング〔噛込み，噛放し，材料検出含〕,
uploaded,廃止,B21B 37/00 136 C,B21B 37/00 250,圧延間ピツチ制御,
uploaded,廃止,B21B 37/00 136 Z,B21B 37/00 240,その他,
uploaded,廃止,B21B 37/00 137,B21B 37/46,・圧延機の速度を制御するもの,
uploaded,廃止,B21B 37/00 137 A,B21B 37/46 110 Z,〔板〕速度制御,
uploaded,廃止,B21B 37/00 137 B,B21B 37/46 120,〔条〕〔管〕速度制御,
uploaded,廃止,B21B 37/00 137 C,B21B 37/46 110 A,〔板〕リ－ルを有する圧延機の自動減速,
uploaded,廃止,B21B 37/00 137 Z,B21B 37/46,その他,
uploaded,廃止,B21B 37/00 138,B21B 37/46 111,・・タンデムミルに関するもの,
uploaded,廃止,B21B 37/00 139,B21B 37/46 112,・・可塑圧延機に関するもの,
uploaded,廃止,B21B 37/00 140,B21B 37/46 112 A,・・・中間貯蔵リ－ルを有するもの,
uploaded,廃止,B21B 37/00 141,B21B 37/46 112 Z,・・・中間貯蔵リ－ルを有しないもの,
uploaded,廃止,B21B 37/00 142,B21B 37/58 A,・圧延機の圧下位置を制御するもの,
uploaded,廃止,B21B 37/00 142 A,B21B 37/58 B,左右圧下位置制御〔片圧下レベリング〕,
uploaded,廃止,B21B 37/00 142 Z,B21B 37/58 Z,その他,
uploaded,廃止,B21B 37/00 143,B21B 37/62 A,・・油圧圧下ラム位置を制御するもの,
uploaded,廃止,B21B 37/00 144,B21B 37/58 C,・圧延機の圧下力を制御するもの,
uploaded,廃止,B21B 37/00 145,B21B 37/62 B,・・油圧圧下ラム圧を制御するもの,
uploaded,廃止,B21B 37/00 145 A,B21B 37/62 C,定圧式液圧圧下力制御,
uploaded,廃止,B21B 37/00 145 Z,B21B 37/62 Z,その他,
uploaded,廃止,B21B 37/00 A,B21B 37/00 210,段取制御,
uploaded,廃止,B21B 37/00 B,B21B 37/52,駆動制御〔トルク電動機関連〕,
uploaded,廃止,B21B 37/00 C,B21B 37/00 230,先進率制御,
uploaded,廃止,B21B 37/00 D,B21B 37/78,〔管〕その他の制御,
uploaded,廃止,B21B 37/00 X,B21B 37/06,スクリユ－式圧下制御,
uploaded,廃止,B21B 37/00 Y,B21B 37/58 D,特定検出信号に応答する圧下制御,
uploaded,廃止,B21B 37/00 Z,B21B 37/00,その他の制御〔管を除く〕,
uploaded,廃止,B21B 37/02,B21B 37/18 110 Z,・材料の厚さに応答するもの,
uploaded,廃止,B21B 37/02 A,B21B 37/18 110 A,モニタ－，ＡＧＣ（Ａｕｔｏｍａｔｉｃ　Ｇａｕｇｅ　Ｃｏｎｔｒｏｌ）,
uploaded,廃止,B21B 37/02 B,B21B 37/02 110 A,・モニタ－ＡＧＣ〔タンデム〕,
uploaded,廃止,B21B 37/02 C,B21B 37/18 110 B,Ｆ．Ｆ．ＡＧＣ（Ｆｅｅｄ　Ｆｏｒｗａｒｄ　Ａｕｔｏｍａｔｉｃ　Ｇａｕｇｅ　Ｃｏｎｔｒｏｌ）,
uploaded,廃止,B21B 37/02 D,B21B 37/02 110 B,・Ｆ．Ｆ．ＡＧＣ〔タンデム〕,
uploaded,廃止,B21B 37/02 Z,B21B 37/18 110 Z,その他,
uploaded,廃止,B21B 37/04,B21B 37/48,・材料のたるみまたは撓みに応答するもの（可撓性素材をループ状またはわん曲状で案内しまたは蓄積する装置と特に関連する制御装置４１／１２）,
uploaded,廃止,B21B 37/06,B21B 37/48,・材料の張力に応答するもの（３７／０４が優先）,
uploaded,廃止,B21B 37/08,B21B 37/18 120 Z,・圧延圧力，ロール開度またはロールの撓みに応答するもの,
uploaded,廃止,B21B 37/08 A,B21B 37/18 120 A,ゲ－ジメ－タＡＧＣ,
uploaded,廃止,B21B 37/08 B,B21B 37/02 120 A,・ゲ－ジメ－タＡＧＣ〔タンデム〕,
uploaded,廃止,B21B 37/08 C,B21B 37/18 120 B,ゲ－ジメ－タ，ＡＧＣ＋Ｆ．Ｆ．ＡＧＣ（Ａｕｔｏｍａｔｉｃ　Ｇａｕｇｅ　Ｃｏｎｔｒｏｌ＋Ｆｅｅｄ　Ｆｏｒｗａｒｄ　ＡＧＣ）,
uploaded,廃止,B21B 37/08 Z,B21B 37/18 120 Z,その他,
uploaded,廃止,B21B 37/01,B21B 37/74,・温度，例．材料の温度，に応答するもの,
uploaded,廃止,B21B 37/12,B21B 37/16,・グループ３７／０２～３７／１０の１つに完全には分類されないもので，製品の厚さを自動的に一定に維持するためのもの,
uploaded,廃止,B21B 37/12 111,B21B 37/18 Z,・・板材の厚み制御,
uploaded,廃止,B21B 37/12 111 A,B21B 37/18 A,ゲ－ジメ－タ・モニタ併用ＡＧＣ,
uploaded,廃止,B21B 37/12 111 B,B21B 37/02 A,・ゲ－ジメ－タ・モニタ併用ＡＧＣ〔タンデム〕,
uploaded,廃止,B21B 37/12 111 C,B21B 37/18 B,ゲ－ジメ－タ・モニタ併用ＡＧＣ＋Ｆ．Ｆ．,
uploaded,廃止,B21B 37/12 111 D,B21B 37/02 B,・ゲ－ジメ－タ・モニタ併用ＡＧＣ＋Ｆ．Ｆ．〔タンデム〕,
uploaded,廃止,B21B 37/12 111 E,B21B 37/18 E,異速圧延機におけるＡＧＣ,
uploaded,廃止,B21B 37/12 111 F,B21B 37/18 F,特殊圧延機における，ＡＧＣ〔クロスロ－ル圧延機，１スタンドマルチパス圧延機等〕,
uploaded,廃止,B21B 37/12 111 Z,B21B 37/18 Z,その他,
uploaded,廃止,B21B 37/12 112,B21B 37/18 130 Z,・・・加減速時の厚み制御（ロ－ル偏心補償によるものを含む）,
uploaded,廃止,B21B 37/12 112 A,B21B 37/18 130 A,〔板〕加減速ＡＧＣ,
uploaded,廃止,B21B 37/12 112 B,B21B 37/66,〔板〕ロ－ル偏心補償ＡＧＣ,
uploaded,廃止,B21B 37/12 112 C,B21B 37/18 130 B,油膜厚補償ＡＧＣ,
uploaded,廃止,B21B 37/12 112 Z,B21B 37/18 130 Z,その他,
uploaded,廃止,B21B 37/12 113,B21B 37/72,・・・通板，尻抜時の厚み制御,
uploaded,廃止,B21B 37/12 114,B21B 37/16 121,・・条材の厚み制御,
uploaded,廃止,B21B 37/12 115,B21B 37/16 122 Z,・・管材の肉厚制御,
uploaded,廃止,B21B 37/12 115 A,B21B 37/16 122 A,肉厚制御,
uploaded,廃止,B21B 37/12 115 B,B21B 37/16 122 B,偏肉防止制御,
uploaded,廃止,B21B 37/12 115 Z,B21B 37/16 122 Z,その他,
uploaded,廃止,B21B 37/14,B21B 37/24,・予定のプログラムに応じて製品の厚さを自動的に変えるためのもの,
uploaded,廃止,B22C 15/22,B22C 15/23,・鋳型材料の充填において圧縮空気または真空により型込めするもの,
uploaded,廃止,B22C 15/24 A,B22C 15/24 Z,吹込造型一般,
uploaded,廃止,B22C 15/24 E,B22C 15/276,吸圧造型,
uploaded,廃止,B22C 15/24 F,B22C 15/272,静圧造型,
uploaded,廃止,B29D 9/00,B32B 37/14 A,積層体の製造［４］,
uploaded,廃止,B32B 1/01,B32B 1/00 A,・このような製品を形成するのに特に適した，例．形づくられた基台に連続的に層を適用することによる，方法,
uploaded,廃止,B32B 31/00,B32B 37/00,積層体の製造（非平担物品の製造１／００；一層のプラスチックまたは一層の可塑状態の物質を有する積層体の製造Ｂ２９；構造または組成の特別の特徴により特徴づけられた物品の製造，そのような物品の関連グループを参照）［４］,
uploaded,廃止,B32B 31/02,B32B 37/28,・平らでない中間製品の組立を伴なうもの，例．管を形成しそれを平らにすること,
uploaded,廃止,B32B 31/04,B32B 37/16,・前もって形成されている層の組立に特徴のあるもの,
uploaded,廃止,B32B 31/06,B32B 37/24,・・層間に新たな層の形成を伴なうもの,
uploaded,廃止,B32B 31/08,B32B 37/02,・・２つまたはそれ以上の不定長のウエブの組立を含むもの,
uploaded,廃止,B32B 31/01,B32B 37/22,・・ウエブと一連の分離したパネルまたは材料との組立を含むもの,
uploaded,廃止,B32B 31/12,B32B 38/00,・・組立の前または間に層の被覆または他の処理の結合したもの,
uploaded,廃止,B32B 31/14,B32B 38/18 A,・組立てられた層の処理を特徴とするもの,
uploaded,廃止,B32B 31/16,B32B 38/18 B,・・機械的に処理するもの,
uploaded,廃止,B32B 31/18,B32B 38/18 C,・・・切断または他のやり方での分離を特徴とするもの,
uploaded,廃止,B32B 31/02,B32B 37/01,・・・加熱を伴なうまたは伴なわないプレスを特徴とするもの,
uploaded,廃止,B32B 31/22,B32B 38/18 D,・・・表面処理を特徴とするもの,
uploaded,廃止,B32B 31/24,B32B 38/18 E,・・非機械的に処理するもの,
uploaded,廃止,B32B 31/26,B32B 37/06,・・・加熱を特徴とするもの（３１／２０が優先）,
uploaded,廃止,B32B 31/28,B32B 38/18 F,・・・赤外線以外の輻射を特徴とするもの,
uploaded,廃止,B32B 31/03,B32B 37/15,・押出し装置の手段によって形成された層状材料を特徴とするもの,
uploaded,廃止,B32B 35/00,B32B 43/00,操作または装置に関し特に積層体のためのもので他に分類されないもの，例．修繕のためのもの,
uploaded,廃止,B60R 16/02 660 C,B60R 16/037,・・複数の運転者検知に関するもの,
uploaded,廃止,B60R 16/02 665,B60R 16/023,・・多重信号制御に関するもの,
uploaded,廃止,B60R 16/02 665 A,B60R 16/023 A,光通信による多重化によるもの,
uploaded,廃止,B60R 16/02 665 B,B60R 16/023 B,・周波数分割による多重化,
uploaded,廃止,B60R 16/02 665 C,B60R 16/023 C,・時分割による多重化,
uploaded,廃止,B60R 16/02 665 J,B60R 16/023 J,周波数分割による多重化（Ｂが優先）,
uploaded,廃止,B60R 16/02 665 P,B60R 16/023 P,時分割による多重化（Ｃが優先）,
uploaded,廃止,B60R 16/02 665 Z,B60R 16/023 Z,その他のもの,
uploaded,廃止,B60R 16/02 670,B60R 16/03,・・電源回路に関するもの,
uploaded,廃止,B60R 16/02 670 A,B60R 16/03 A,複数の電源を有するもの,
uploaded,廃止,B60R 16/02 670 B,B60R 16/033 B,・電源の切換に関するもの,
uploaded,廃止,B60R 16/02 670 C,B60R 16/033 C,・補助電源に関するもの,
uploaded,廃止,B60R 16/02 670 D,B60R 16/033 D,・充電用電源に関するもの,
uploaded,廃止,B60R 16/02 670 J,B60R 16/03 J,発電回路に関するもの,
uploaded,廃止,B60R 16/02 670 K,B60R 16/03 K,・オルタネ－タに関するもの,
uploaded,廃止,B60R 16/02 670 P,B60R 16/033 P,過放電防止に関するもの,
uploaded,廃止,B60R 16/02 670 Q,B60R 16/033 Q,・タイマを組み込んだもの,
uploaded,廃止,B60R 16/02 670 S,B60R 16/03 S,電源電圧の調整に関するもの,
uploaded,廃止,B60R 16/02 670 T,B60R 16/03 T,・定電圧に関するもの,
uploaded,廃止,B60R 16/02 670 V,B60R 16/03 V,外部電源の接続に関するもの,
uploaded,廃止,B60R 16/02 670 Z,B60R 16/03 Z,その他のもの,
uploaded,廃止,B60R 16/02 675,B60R 16/027,・・ステアリングホイ－ルに関するもの,
uploaded,廃止,B60R 16/02 675 A,B60R 16/027 A,パツド静止保持機構に関するもの,
uploaded,廃止,B60R 16/02 675 B,B60R 16/027 B,・カム機構によるパツド静止保持機構,
uploaded,廃止,B60R 16/02 675 C,B60R 16/027 C,・遊星歯車機構によるパツド静止保持機構,
uploaded,廃止,B60R 16/02 675 J,B60R 16/027 J,信号伝達に関するもの,
uploaded,廃止,B60R 16/02 675 K,B60R 16/027 K,・光信号によるもの,
uploaded,廃止,B60R 16/02 675 L,B60R 16/027 L,・・多重化による信号伝達,
uploaded,廃止,B60R 16/02 675 M,B60R 16/027 M,・・光電リングなどの導光体に関するもの,
uploaded,廃止,B60R 16/02 675 N,B60R 16/027 N,・・光スイツチに関するもの,
uploaded,廃止,B60R 16/02 675 P,B60R 16/027 P,・・受、発光器の配置に関するもの,
uploaded,廃止,B60R 16/02 675 Q,B60R 16/027 Q,・通電機構に関するもの,
uploaded,廃止,B60R 16/02 675 R,B60R 16/027 R,・・スリツプリングに関するもの,
uploaded,廃止,B60R 16/02 675 S,B60R 16/027 S,・・ケ－ブルに関するもの,
uploaded,廃止,B60R 16/02 675 T,B60R 16/027 T,スイツチ、計器の配置に関するもの,
uploaded,廃止,B60R 16/02 675 Z,B60R 16/027 Z,その他のもの,
uploaded,廃止,B60R 21/01 100,B60R 21/01,・・２１／０１３－２１／０１７のいずれにも包含されないもの,
uploaded,廃止,B60R 21/02 100,B60R 21/02,・・・・２１／２０，２００－２１／２１７のいずれにも包含されないもの,
uploaded,廃止,B60R 21/02 200,B60R 21/201,・・・・膨張可能な部材を梱包するためのストラップ又は包装,
uploaded,廃止,B60R 21/02 300,B60R 21/214,・・・・ルーフパネルにおけるもの,
uploaded,廃止,B60R 21/205 100,B60R 21/206,・・・・・ダッシュボードの下方におけるもの，例．膝保護用,
uploaded,廃止,B60R 21/215 100,B60R 21/2155,・・・・・エアバッグドアの動きが複雑であるもの；展開中にライニングの裏面に引き込むもの「図」,
uploaded,廃止,B60R 21/215 200,B60R 21/216,・・・・・展開中のエアバッグドアの動きを規制するテザーを含むもの,
uploaded,廃止,B60R 21/215 300,B60R 21/2165,・・・・・開口部を規定するテアラインに特徴のあるもの,
uploaded,廃止,B60R 21/231 100,B60R 21/232,・・・・・主として上縁から垂直方向へ展開するカーテン型エアバッグ,
uploaded,廃止,B60R 21/231 200,B60R 21/2334,・・・・・形状調整されるもの,
uploaded,廃止,B60R 21/231 300,B60R 21/2338,・・・・・・テザーを用いるもの,
uploaded,廃止,B60R 21/231 400,B60R 21/2342,・・・・・・テアシームを用いるもの,
uploaded,廃止,B60R 21/231 500,B60R 21/2346,・・・・・・ソフトディフューザを用いるもの,
uploaded,廃止,B60R 21/26 100,B60R 21/26,・・・・２１／２６，２００－２１／３０のいずれにも包含されないもの,
uploaded,廃止,B60R 21/26 200,B60R 21/261,・・・・袋体構造以外の手段により，膨張流体の流れを拡散又はガイドするもの,
uploaded,廃止,B60R 21/26 300,B60R 21/262,・・・・・細長い管状のディフューザ，例．カーテン型エアバッグ用,
uploaded,廃止,B60R 21/26 400,B60R 21/263,・・・・可変供給源，例．複数の段階又は制御された出力（ハイブリッドインフレータであればＢ６０Ｒ２１／２７２）,
uploaded,廃止,B60R 21/268 100,B60R 21/274,・・・・・流体の供給源を破裂又は開放する手段に特徴のあるもの,
uploaded,廃止,B60R 21/34 100,B60R 21/36,・・エアバッグを用いるもの,
uploaded,廃止,B60R 21/34 200,B60R 21/38,・・ボンネットを持ち上げるもの,
uploaded,廃止,B62B 3/00 C,B62B 3/16,重ね合せるように工夫されたもの,
uploaded,廃止,B62B 3/00 H,B62B 3/14,・前後方向に重ね合せるもの,
uploaded,廃止,B62D 25/02 M,B62D 25/24 A,排水または排液用プラグ〔プラグそれ自体，Ｆ１６Ｊ１３／１４〕,
uploaded,廃止,B62D 33/02 D,B62D 33/023 Z,煽戸を持つもの,
uploaded,廃止,B62D 33/02 E,B62D 33/023 E,・煽戸本体〔ロ－プ掛け用フツク部，Ｂ６０Ｐ〕,
uploaded,廃止,B62D 33/02 F,B62D 33/023 F,・・複数の押出型材を連結したもの,
uploaded,廃止,B62D 33/02 G,B62D 33/027 G,・煽戸と荷台の連結〔ヒンジ〕，接合部の構造〔ダンプ車の煽戸ロツク装置は，Ｂ６０Ｐ１／２７３優先〕,
uploaded,廃止,B62D 33/02 H,B62D 33/033,・・着脱自在であるもの,
uploaded,廃止,B62D 33/02 J,B62D 33/027 J,・開閉駆動装置・助力手段,
uploaded,廃止,B62D 33/02 K,B62D 33/037 K,・閉鎖姿勢維持手段〔ロツク〕,
uploaded,廃止,B62D 33/02 L,B62D 33/037 L,・・閂型,
uploaded,廃止,B62D 33/02 M,B62D 33/037 M,・・係合体を係合孔に出没するもの,
uploaded,廃止,B62D 33/02 N,B62D 33/037 N,・・フツク状体を突起状体に掛止するもの,
uploaded,廃止,B62D 33/02 P,B62D 33/027 P,・開放姿勢維持手段,
uploaded,廃止,B62D 33/02 Q,B62D 33/023 Q,・ステツプ，照明具等の装備品取付け，関連構造,
uploaded,廃止,B62D 33/02 U,B62D 33/03,・下方開放型〔ダンプ・テ－ルゲ－ト型〕〔ダンプ作用を持つものは，Ｂ６０Ｐ〕,
uploaded,廃止,B62D 33/02 W,B62D 33/023 W,・・板金製,
uploaded,廃止,B62D 33/02 X,B62D 33/023 X,・・・ボルト・ナツトを用いずに連結するもの,
uploaded,廃止,B62D 33/02 Y,B62D 33/027 Y,・・流体圧利用型・バネ力以外の作動力を用いたもの,
uploaded,廃止,B62D 33/06 G,B62D 33/067 Z,テイルト又はリフト可能なもの,
uploaded,廃止,B62D 33/06 H,B62D 33/067 H,・テイルト又はリフト装置,
uploaded,廃止,B62D 33/06 J,B62D 33/067 J,・・ト－シヨンバ－を用いたもの,
uploaded,廃止,B62D 33/06 K,B62D 33/067 K,・・流体圧を用いたもの,
uploaded,廃止,B62D 33/06 L,B62D 33/067 L,・・・制御装置〔ロツク装置との関連Ｔ〕〔テイルト装置のブレ－キを含む〕,
uploaded,廃止,B62D 33/06 M,B62D 33/067 M,・・・・電気的なもの,
uploaded,廃止,B62D 33/06 N,B62D 33/07 N,・・・持上げられたキヤブの落下防止ストツパ付,
uploaded,廃止,B62D 33/06 P,B62D 33/067 P,・・ロストモ－シヨン手段付,
uploaded,廃止,B62D 33/06 Q,B62D 33/067 Q,・・・テイルト又はリフト力伝動機構内に有るもの,
uploaded,廃止,B62D 33/06 R,B62D 33/07 R,・・通常運転姿勢にキヤブをロツクする装置,
uploaded,廃止,B62D 33/06 S,B62D 33/07 S,・・・ラツチ型〔例．「図」〕，ピン挿入型,
uploaded,廃止,B62D 33/06 T,B62D 33/07 T,・・・操作部・電気的・流体圧的制御装置,
uploaded,廃止,B62D 33/06 U,B62D 33/07 U,・・キヤブを持上状態に維持するステ－,
uploaded,廃止,B62D 33/06 V,B62D 33/067 V,・フロントマウント部〔マウント一般，Ｂ６２Ｄ２７／００〕,
uploaded,廃止,B62D 33/06 W,B62D 33/067 W,・・フロ－テイング型,
uploaded,廃止,B62D 33/06 X,B62D 33/067 X,・・・板ばね・ト－シヨンバ－を用いたもの,
uploaded,廃止,B62D 33/06 Y,B62D 33/067 Y,・リヤマウント部〔マウント一般，Ｂ６２Ｄ２７／００〕,
uploaded,廃止,B65D 71/00 A,B65D 71/00,容器上面が覆われる瓶・缶の包装体〔複数ブランク・袋体〕,
uploaded,廃止,B65D 71/00 B,B65D 71/00,・１枚のブランクからなるもの〔含・指かけ穴〕,
uploaded,廃止,B65D 71/00 C,B65D 71/00,・・仕切りを有するもの〔含・内容物固定具〕,
uploaded,廃止,B65D 71/00 D,B65D 71/00,・・提手を有するもの,
uploaded,廃止,B65D 71/00 E,B65D 71/00,容器上面が突出する瓶・缶の包装体〔複数ブランク・袋体〕,
uploaded,廃止,B65D 71/00 F,B65D 71/00,・１枚のブランクからなるもの,
uploaded,廃止,B65D 71/00 G,B65D 71/00,・・仕切りを有するもの,
uploaded,廃止,B65D 71/00 H,B65D 71/00,・・提手を有するもの,
uploaded,廃止,B65D 71/00 J,B65D 71/00,缶の包装体〔複数ブランク・袋体〕,
uploaded,廃止,B65D 71/00 K,B65D 71/00,・１枚のブランクからなるもの,
uploaded,廃止,B65D 71/00 L,B65D 71/00,・・仕切りを有するもの,
uploaded,廃止,B65D 71/00 M,B65D 71/00,・・提手を有するもの,
uploaded,廃止,B65D 71/00 N,B65D 71/00,・横持用,
uploaded,廃止,B65D 71/00 P,B65D 71/00,コツプ類の包装体〔コツプ状・カツプ状〕,
uploaded,廃止,B65D 71/00 Q,B65D 71/00,・提手を有するもの,
uploaded,廃止,B65D 71/00 R,B65D 71/00,四面体・六面体の包装体〔箱・テトラパツク・牛乳カ－トン〕,
uploaded,廃止,B65D 71/00 S,B65D 71/00,その他のものの包装体〔円盤状・円筒状・球状・他〕,
uploaded,廃止,B65D 71/00 Z,B65D 71/00,その他のもの,
uploaded,廃止,B65D 71/02 A,B65D 71/02,結束帯の構成〔紐自体の特徴・結束補助具〕,
uploaded,廃止,B65D 71/02 B,B65D 71/02,被包材を有しないもの〔紐のみによる結束体，複数物品の結束体〕,
uploaded,廃止,B65D 71/02 C,B65D 71/02,被包材が可撓性のもの,
uploaded,廃止,B65D 71/02 D,B65D 71/02,パレツト上に載置されるもの,
uploaded,廃止,B65D 71/02 E,B65D 71/02,被包材により全体が包まれるもの〔箱状被包材・１枚ブランク〕,
uploaded,廃止,B65D 71/02 F,B65D 71/02,・複数部材よりなるもの,
uploaded,廃止,B65D 71/02 G,B65D 71/02,被包材により一部が包まれるもの〔側壁の一部が覆われるもの〕,
uploaded,廃止,B65D 71/02 H,B65D 71/02,・側壁の全部が露出するもの,
uploaded,廃止,B65D 71/02 J,B65D 71/02,・被包材が筒状のもの,
uploaded,廃止,B65D 71/02 Z,B65D 71/02,その他のもの,
uploaded,廃止,B65D 71/04 A,B65D 71/04,保護・支持要素,
uploaded,廃止,B65D 71/04 B,B65D 71/04,角部の保護〔隅角・コ－ナ－〕,
uploaded,廃止,B65D 71/04 C,B65D 71/04,陵線の保護〔陵線全体・板体端部全体の当板〕,
uploaded,廃止,B65D 71/04 D,B65D 71/04,・部分的なもの〔立体的・複雑なもの・ロ－ラ付等〕,
uploaded,廃止,B65D 71/04 E,B65D 71/04,・・平面状のもの〔多少の凹凸等を含む〕,
uploaded,廃止,B65D 71/04 F,B65D 71/04,平面部の保護〔全体・部分・物品上面全体の当板〕,
uploaded,廃止,B65D 71/04 Z,B65D 71/04,その他のもの,
uploaded,廃止,B65D 71/08 A,B65D 71/08,被包材に特徴のあるもの〔材質，収縮率が異なる〕,
uploaded,廃止,B65D 71/08 B,B65D 71/08,他の包装要素を有するもの〔内容物が完全に包まれるもの〕,
uploaded,廃止,B65D 71/08 C,B65D 71/08,・トレ－,
uploaded,廃止,B65D 71/08 D,B65D 71/08,・枠体,
uploaded,廃止,B65D 71/08 E,B65D 71/08,他の包装要素を有しないもの〔直接被包されるもの〕,
uploaded,廃止,B65D 71/08 F,B65D 71/08,・円筒体の被包体,
uploaded,廃止,B65D 71/08 G,B65D 71/08,開封手段を有するもの,
uploaded,廃止,B65D 71/08 H,B65D 71/08,提手を有するもの,
uploaded,廃止,B65D 71/08 Z,B65D 71/08,その他のもの,
uploaded,廃止,B65D 83/00 D,B65D 83/00 M,練状物の押出し,
uploaded,廃止,B65D 83/00 E,B65D 83/00 M,・回動押出し,
uploaded,廃止,B65D 83/00 H,B65D 83/00 Z,・消火用バケツ・容器,
uploaded,廃止,B65D 83/14 A,B65D 83/14,本体,
uploaded,廃止,B65D 83/14 B,B65D 83/14,弁部,
uploaded,廃止,B65D 83/14 C,B65D 83/14,・揺動弁,
uploaded,廃止,B65D 83/14 D,B65D 83/14,推進装置,
uploaded,廃止,B65D 83/14 E,B65D 83/14,キヤツプ,
uploaded,廃止,B65D 83/14 F,B65D 83/14,付属品,
uploaded,廃止,B65D 83/14 Z,B65D 83/14,その他のもの,
uploaded,廃止,C07D 209/00 A,C07D 209/43,４～７位に，３－アミノ－２－ヒドロキシプロポキシ基又はその誘導基をもつもの,
uploaded,廃止,C07D 209/00 Z,C07D 209/00,その他,
uploaded,廃止,C07D 209/48 A,C07D 209/49,菊酸誘導体,
uploaded,廃止,C07D 209/48 Z,C07D 209/48,その他,
uploaded,廃止,C09K 5/00 101,C09K 5/00,・保熱剤，保冷剤,
uploaded,廃止,C09K 5/00 D,C09K 5/08,相変化のないもの,
uploaded,廃止,C09K 5/00 E,C09K 5/08,・蓄熱剤、熱媒、伝熱組成物,
uploaded,廃止,C09K 5/00 F,C09K 5/08,・蓄冷剤、冷媒,
uploaded,廃止,C09K 5/00 G,C09K 5/14 102,・ゲル状のもの,
uploaded,廃止,C09K 5/00 H,C09K 5/16,反応熱を利用するもの,
uploaded,廃止,C09K 5/00 J,C09K 5/18 J,・発熱組成物,
uploaded,廃止,C09K 5/00 K,C09K 5/18 K,・・鉄含有のもの,
uploaded,廃止,C09K 5/00 L,C09K 5/18 L,・冷却組成物、寒剤、起冷剤,
uploaded,廃止,C09K 5/00 Z,C09K 5/00,その他のもの,
uploaded,廃止,C09K 5/06 H,C09K 5/06 J,有機物を主体とするもの,
uploaded,廃止,C22B 3/00 A,C22B 3/04,浸出,
uploaded,廃止,C22B 3/00 B,C22B 3/04,・硫化鉱〔Ｆ優先〕,
uploaded,廃止,C22B 3/00 C,C22B 3/04,・砒化鉱〔Ｆ優先〕,
uploaded,廃止,C22B 3/00 D,C22B 3/04,・珪酸鉱〔Ｆ優先〕,
uploaded,廃止,C22B 3/00 E,C22B 3/04,・マンガン団塊〔Ｆ優先〕,
uploaded,廃止,C22B 3/00 F,C22B 3/18,・微生物，酵素を利用するもの,
uploaded,廃止,C22B 3/00 G,C22B 3/02,溶液成分の分離,
uploaded,廃止,C22B 3/00 H,C22B 3/26,・液－液抽出,
uploaded,廃止,C22B 3/00 J,C22B 3/38,・・抽出用有機溶媒,
uploaded,廃止,C22B 3/00 K,C22B 3/24,・固体を用いるもの,
uploaded,廃止,C22B 3/00 L,C22B 3/24 101,・・有機化合物を用いるもの,
uploaded,廃止,C22B 3/00 M,C22B 3/24,・・・イオン交換樹脂を用いるもの,
uploaded,廃止,C22B 3/00 N,C22B 3/44 101 Z,・アマルガムを用いるもの,
uploaded,廃止,C22B 3/00 P,C22B 3/44 101,・化合物析出,
uploaded,廃止,C22B 3/00 Q,C22B 3/44 101 A,・・ＰＨ調整によるもの,
uploaded,廃止,C22B 3/00 R,C22B 3/44 101 B,・・硫化によるもの〔Ｓ優先〕,
uploaded,廃止,C22B 3/00 S,C22B 3/22,・・浮選分離を伴うもの,
uploaded,廃止,C22B 3/00 T,C22B 3/44,・金属析出,
uploaded,廃止,C22B 3/00 U,C22B 3/46,・・置換析出,
uploaded,廃止,C22B 3/00 Z,C22B 3/00,その他のもの,
uploaded,廃止,C22B 9/18 A,C22B 9/187 A,電極に特徴のあるもの,
uploaded,廃止,C22B 9/18 B,C22B 9/187 B,・複数電極のもの,
uploaded,廃止,C22B 9/18 C,C22B 9/187 C,電極把持,
uploaded,廃止,C22B 9/18 D,C22B 9/193 A,鋳型に特徴のあるもの,
uploaded,廃止,C22B 9/18 E,C22B 9/193 B,・形状物作成,
uploaded,廃止,C22B 9/18 G,C22B 9/18 J,始動；終動,
uploaded,廃止,C23F 13/00 A,C23F 13/02 A,防食回路,
uploaded,廃止,C23F 13/00 B,C23F 13/02 A,・タンクまたは温水器の防食回路,
uploaded,廃止,C23F 13/00 C,C23F 13/02 A,流電陽食方式〔犠牲陽極使用〕,
uploaded,廃止,C23F 13/00 D,C23F 13/02 A,・温水器の防食,
uploaded,廃止,C23F 13/00 E,C23F 13/02 A,・熱交換器の防食,
uploaded,廃止,C23F 13/00 F,C23F 13/02 B,外部電源方式,
uploaded,廃止,C23F 13/00 G,C23F 13/02 B,・温水器の防食,
uploaded,廃止,C23F 13/00 H,C23F 13/02 B,・熱交換器の防食,
uploaded,廃止,C23F 13/00 J,C23F 13/02 F,タンク底板の防食,
uploaded,廃止,C23F 13/00 K,C23F 13/02 G,船舶の防食,
uploaded,廃止,C23F 13/00 L,C23F 13/02 Z,金鋼の防食,
uploaded,廃止,C23F 13/00 M,C23F 13/02 H,水中構造物の防食,
uploaded,廃止,C23F 13/00 N,C23F 13/02 Z,Ｔｉ材の防食,
uploaded,廃止,C23F 13/00 P,C23F 13/01 A,流電陽極〔犠牲陽極〕の形状，構造,
uploaded,廃止,C23F 13/00 Q,C23F 13/01 B,外部電源方式電極の形状，構造,
uploaded,廃止,D06M 15/21 A,D06M 15/356,窒素、硫黄、けい素またはりん原子を含むＤ０６Ｍ１５／２２７～１５／３５３に分類されない不飽和化合物からなる高分子化合物であつて炭素－炭素不飽和結合のみが関与する反応により得られる高分子化合物,
uploaded,廃止,D06M 15/21 Z,D06M 15/21,炭素－炭素不飽和結合のみが関与する反応によつて得られる高分子化合物（但しＤ０６Ｍ１５／２２７～１５／３５３及び１５／２１Ａに分類される化合物は除く）,
uploaded,廃止,D06M 15/327 A,D06M 15/33,ふつ素を含む不飽和アルコ－ルのエステルの炭素－炭素不飽和結合のみが関与する反応によつて得られる高分子化合物,
uploaded,廃止,D06M 15/327 Z,D06M 15/327,不飽和アルコ－ルまたはそのエステルの炭素－炭素不飽和の結合のみが関与する反応によつて得られる高分子化合物であつてＤ０６Ｍ１５／３２７Ａに分類されないもの,
uploaded,廃止,D06M 15/507 A,D06M 15/51,不飽和重合性ポリエステル,
uploaded,廃止,D06M 15/507 Z,D06M 15/507,Ａ以外のポリエステルであつてＤ０６Ｍ１５／５１３に分類されないポリエステル,
uploaded,廃止,D06M 15/72,D06M 15/00,・２以上の異った段階における処理,
uploaded,廃止,E05F 15/02,E05F 15/05,・圧力媒体をもつもの,
uploaded,廃止,E05F 15/04,E05F 15/53,・・揺動ウィング用のもの,
uploaded,廃止,E05F 15/06,E05F 15/56,・・水平滑動ウィング用のもの,
uploaded,廃止,E05F 15/08,E05F 15/57,・・垂直滑動ウィング用のもの,
uploaded,廃止,E05F 15/01,E05F 15/603,・回転電動機をもつもの,
uploaded,廃止,E05F 15/12,E05F 15/611,・・揺動ウィング用のもの,
uploaded,廃止,E05F 15/14,E05F 15/632,・・水平滑動ウィング用のもの,
uploaded,廃止,E05F 15/16,E05F 15/665,・・垂直滑動ウィング用のもの,
uploaded,廃止,E05F 15/18,E05F 15/06,・その他の電動手段をもつもの，例．ソレノイド,
uploaded,廃止,E05F 15/02,E05F 15/07,・自動操作手段により制御されるもの，例．光電管，電波，サーモスタット，雨，火炎によるもの,
uploaded,廃止,F02B 37/00 301 A,F02B 37/007,複数の排気により駆動されるポンプ,
uploaded,廃止,F02B 37/00 301 B,F02B 37/00 500 B,・タ－ビンが直列に配置されるもの,
uploaded,廃止,F02B 37/00 301 C,F02B 37/00 400 C,・タ－ビンが並列に配置されるもの,
uploaded,廃止,F02B 37/00 301 D,F02B 37/00 400 D,・・吸気に特徴のあるもの,
uploaded,廃止,F02B 37/00 301 E,F02B 37/00 400 E,・・排気に特徴のあるもの,
uploaded,廃止,F02B 37/00 303,F02B 37/12,・過給通路において制御するもの,
uploaded,廃止,F02B 37/00 303 A,F02B 37/12 303,部分過給,
uploaded,廃止,F02B 37/00 303 B,F02B 37/16 B,・ウエストゲ－トをもつもの,
uploaded,廃止,F02B 37/00 303 C,F02B 37/12 303 C,慣性過給を付加したもの,
uploaded,廃止,F02B 37/00 303 D,F02B 37/12 303 D,過給のリリ－フ,
uploaded,廃止,F02B 37/00 303 E,F02B 37/12 303 E,・リリ－フ弁が過給圧のみにより開閉されるもの,
uploaded,廃止,F02B 37/00 303 F,F02B 37/12 303 F,・・弁の構造,
uploaded,廃止,F02B 37/00 303 G,F02B 37/12 303 G,・リリ－フ弁が過給圧と他の運転状態により開閉されるもの,
uploaded,廃止,F02B 37/00 303 H,F02B 37/12 303 H,・リリ－フ弁が過給圧以外の運転状態により開閉されるもの,
uploaded,廃止,F02B 37/00 303 J,F02B 37/12 303 J,コンプレツサと吸気弁間に空気を導入するもの,
uploaded,廃止,F02B 37/00 303 Z,F02B 37/12 303 Z,その他のもの,
uploaded,廃止,F02B 37/12 301,F02B 37/18,・・装置の構成要素,
uploaded,廃止,F02B 37/12 301 A,F02B 37/18 A,排気バイパス〔ウエストゲ－ト〕装置,
uploaded,廃止,F02B 37/12 301 B,F02B 37/18 B,・アクチユエ－タ,
uploaded,廃止,F02B 37/12 301 C,F02B 37/18 C,・・軸,
uploaded,廃止,F02B 37/12 301 D,F02B 37/18 D,・弁体,
uploaded,廃止,F02B 37/12 301 E,F02B 37/18 E,・バイパス通路,
uploaded,廃止,F02B 37/12 301 F,F02B 37/18 F,・ウエストゲ－トを有する他の装置,
uploaded,廃止,F02B 37/12 301 G,F02B 37/18 G,・アクチユエ－タの制御手段,
uploaded,廃止,F02B 37/12 301 H,F02B 37/18 H,・・過給圧による駆動,
uploaded,廃止,F02B 37/12 301 J,F02B 37/18 J,・・・過給圧導入管路の弁・絞り,
uploaded,廃止,F02B 37/12 301 K,F02B 37/18 K,・・過給圧以外の正圧による駆動,
uploaded,廃止,F02B 37/12 301 L,F02B 37/18 L,・・負圧による駆動,
uploaded,廃止,F02B 37/12 301 M,F02B 37/18 M,・・電磁〔ソレノイド〕による駆動,
uploaded,廃止,F02B 37/12 301 N,F02B 37/22,ノズル又は導管の面積の変化,
uploaded,廃止,F02B 37/12 301 P,F02B 37/22,・径方向,
uploaded,廃止,F02B 37/12 301 Q,F02B 37/24,・ノズルベ－ン,
uploaded,廃止,F02B 37/12 301 R,F02B 37/22,ノズル又は導管数の変化,
uploaded,廃止,F02B 37/12 301 S,F02B 37/02,アフタ－バ－ナ〔例，排気マニホルドに燃焼室を設けたもの〕,
uploaded,廃止,F02B 37/12 301 Z,F02B 37/12,その他のもの,
uploaded,廃止,F04B 9/01 F,F04B 9/01,駆動用部材の両側が，駆動用の加圧室のもの,
uploaded,廃止,F04B 9/01 G,F04B 9/01,駆動用部材の片側のみに，駆動用の加圧室を有するもの,
uploaded,廃止,F04B 9/01 H,F04B 9/01,ポンプ用部材の一側が駆動用の加圧室で，他側がポンプ室のもの,
uploaded,廃止,F04B 9/01 J,F04B 9/01,複数のポンプ用部材を有し，交互に運動するもの,
uploaded,廃止,F04B 9/01 K,F04B 9/01,・複数のポンプ用部材一体に構成されているもの,
uploaded,廃止,F04B 9/01 L,F04B 9/01,・・ポンプ用部材にダイヤフラムを用いているもの,
uploaded,廃止,F04B 9/01 Z,F04B 9/01,その他のもの,
uploaded,廃止,F04B 9/12 F,F04B 9/12,駆動用部材の両側が，駆動用の加圧室のもの,
uploaded,廃止,F04B 9/12 G,F04B 9/12,駆動用部材の片側のみに，駆動用の加圧室を有するもの,
uploaded,廃止,F04B 9/12 H,F04B 9/12,ポンプ用部材の一側が駆動用の加圧室で，他側がポンプ室のもの,
uploaded,廃止,F04B 9/12 J,F04B 9/12,複数のポンプ用部材を有し，交互に運動するもの,
uploaded,廃止,F04B 9/12 K,F04B 9/12,・複数のポンプ用部材一体に構成されているもの,
uploaded,廃止,F04B 9/12 L,F04B 9/12,・・ポンプ用部材にダイヤフラムを用いているもの,
uploaded,廃止,F04B 9/12 Z,F04B 9/12,その他のもの,
uploaded,廃止,F04B 21/00,F04B 53/00,グループ１／００から１９／００に分類されない，または上記グループにはない注目すべき部品，細部または付属品（制御用のもの４９／００）,
uploaded,廃止,F04B 21/00 A,F04B 53/18,潤滑,
uploaded,廃止,F04B 21/00 B,F04B 53/08 A,凍結防止,
uploaded,廃止,F04B 21/00 C,F04B 53/08 C,・熱絶縁によるもの,
uploaded,廃止,F04B 21/00 D,F04B 53/08 D,・排水によるもの,
uploaded,廃止,F04B 21/00 E,F04B 53/08 E,冷却,
uploaded,廃止,F04B 21/00 F,F04B 53/00 A,洗浄,
uploaded,廃止,F04B 21/00 G,F04B 53/06,空気抜き,
uploaded,廃止,F04B 21/00 H,F04B 53/16 D,吸入管路,
uploaded,廃止,F04B 21/00 K,F04B 53/16 E,吐出管路,
uploaded,廃止,F04B 21/00 L,F04B 53/08 B,・加熱によるもの,
uploaded,廃止,F04B 21/00 M,F04B 53/00 B,消音,
uploaded,廃止,F04B 21/00 N,F04B 53/00 C,材料，材質に特徴があるもの,
uploaded,廃止,F04B 21/00 P,F04B 53/00 D,軸,
uploaded,廃止,F04B 21/00 Q,F04B 53/00 E,軸受,
uploaded,廃止,F04B 21/00 R,F04B 53/00 F,水密,
uploaded,廃止,F04B 21/00 S,F04B 53/00 G,・容積形の回転部,
uploaded,廃止,F04B 21/00 T,F04B 53/02,・往復動部,
uploaded,廃止,F04B 21/00 U,F04B 53/00 H,取付，取付台,
uploaded,廃止,F04B 21/00 V,F04B 53/00 J,電装品,
uploaded,廃止,F04B 21/00 W,F04B 53/16 A,ケ－シング,
uploaded,廃止,F04B 21/00 Z,F04B 53/00,その他のもの,
uploaded,廃止,F04B 21/02,F04B 53/01,・弁装置の適用または配列（ピストンに配列されたもの２１／０４；フート弁として用いられるもの２１／０６）,
uploaded,廃止,F04B 21/02 A,F04B 53/01 A,吸入管路に適用または配列したもの,
uploaded,廃止,F04B 21/02 B,F04B 53/01 C,吸入弁、吐出弁,
uploaded,廃止,F04B 21/02 C,F04B 53/01 D,・外部より駆動するもの,
uploaded,廃止,F04B 21/02 D,F04B 53/01 H,吐出管路に適用または配列したもの,
uploaded,廃止,F04B 21/02 E,F04B 53/01 B,・逆止弁,
uploaded,廃止,F04B 21/02 F,F04B 53/01 E,・手動ポンプ用,
uploaded,廃止,F04B 21/02 G,F04B 53/01 F,・ダイアフラムポンプ用,
uploaded,廃止,F04B 21/02 H,F04B 53/01 G,・電磁ポンプ用,
uploaded,廃止,F04B 21/02 J,F04B 53/01 J,・逆止弁,
uploaded,廃止,F04B 21/02 K,F04B 53/01 K,分配弁,
uploaded,廃止,F04B 21/02 Z,F04B 53/01 Z,その他のもの,
uploaded,廃止,F04B 21/04,F04B 53/14,・ピストンの適用,
uploaded,廃止,F04B 21/04 A,F04B 53/12,弁を配列したもの,
uploaded,廃止,F04B 21/04 B,F04B 53/14 A,シ－ルに関するもの,
uploaded,廃止,F04B 21/04 C,F04B 53/14 B,材料、材質に特徴があるもの,
uploaded,廃止,F04B 21/04 Z,F04B 53/14 Z,その他のもの,
uploaded,廃止,F04B 21/06,F04B 53/02,・フート弁として用いられる弁，吸込み時のちりよけ，またはどろ箱の，適用または配列,
uploaded,廃止,F04B 21/06 A,F04B 53/01 L,フ－ト弁,
uploaded,廃止,F04B 21/06 B,F04B 53/02 A,フイルタ・ストレ－ナ,
uploaded,廃止,F04B 21/06 Z,F04B 53/02 Z,その他のもの,
uploaded,廃止,F04B 21/08,F04B 53/16,・シリンダの適用,
uploaded,廃止,F04B 21/08 A,F04B 53/16 B,シ－ルに関するもの,
uploaded,廃止,F04B 21/08 B,F04B 53/16 C,シリンダヘツドに関するもの,
uploaded,廃止,F04B 21/08 Z,F04B 53/16 Z,その他のもの,
uploaded,廃止,F04B 27/04 A,F04B 27/047,シリンダの外側に作動部材を有するもの,
uploaded,廃止,F04B 27/04 B,F04B 27/053,シリンダの内側に作動部材を有するもの,
uploaded,廃止,F04B 27/04 M,F04B 27/067,制御,
uploaded,廃止,F04B 27/08 A,F04B 27/12 A,材料に特徴を有するもの,
uploaded,廃止,F04B 27/08 B,F04B 27/12 B,斜板の両側にシリンダを有するもの,
uploaded,廃止,F04B 27/08 C,F04B 27/12 C,・シリンダ,
uploaded,廃止,F04B 27/08 D,F04B 27/12 D,・ピストン,
uploaded,廃止,F04B 27/08 E,F04B 27/12 E,・斜板,
uploaded,廃止,F04B 27/08 F,F04B 27/12 F,・シユ－，ボ－ル,
uploaded,廃止,F04B 27/08 G,F04B 27/12 G,・軸受部,
uploaded,廃止,F04B 27/08 H,F04B 27/12 H,斜板の一側にシリンダを有するもの,
uploaded,廃止,F04B 27/08 J,F04B 27/12 J,・シリンダ,
uploaded,廃止,F04B 27/08 K,F04B 27/12 K,・ピストン,
uploaded,廃止,F04B 27/08 L,F04B 27/12 L,・斜板，カム,
uploaded,廃止,F04B 27/08 M,F04B 27/12 M,・斜板の回転防止部,
uploaded,廃止,F04B 27/08 N,F04B 27/12 N,・軸受部,
uploaded,廃止,F04B 27/08 P,F04B 27/12 P,吸込部・吐出部,
uploaded,廃止,F04B 27/08 Q,F04B 27/12 Q,潤滑，冷却,
uploaded,廃止,F04B 27/08 R,F04B 27/12 R,消音，脈動防止,
uploaded,廃止,F04B 27/08 S,F04B 27/14,制御,
uploaded,廃止,F04B 27/08 T,F04B 27/18 A,・クランク室への吐出圧の導入を制御するもの,
uploaded,廃止,F04B 27/08 U,F04B 27/18 B,・クランク室から中間圧の吸入室への逃がしを制御するもの,
uploaded,廃止,F04B 27/08 Z,F04B 27/12 Z,その他のもの,
uploaded,廃止,F04B 29/00,F04B 27/08,可動の，例．回転しうる，シリンダを有するその他のポンプ,
uploaded,廃止,F04B 49/00 311,F04B 49/12,・機械的または流体的手段を用いる機械，ポンプまたはポンプ装置の制御（電気を用いる制御４９／０６，安全手段４９／１０）,
uploaded,廃止,F04B 49/00 321,F04B 49/12,・・液体用または液体および圧縮性流体用のもの,
uploaded,廃止,F04B 49/00 331,F04B 49/12,・・・容量制御（３４１が優先）,
uploaded,廃止,F04B 49/00 341,F04B 49/12,・・・流体的手段を用いる制御,
uploaded,廃止,F04B 49/00 351,F04B 49/12,・・特に圧縮性流体用に適合したもの,
uploaded,廃止,F04B 49/00 361,F04B 49/12,・・・容量制御,
uploaded,廃止,F04C 18/03 A,F04C 18/48,共動部材の動作軸が平行でないもの,
uploaded,廃止,F04C 18/03 B,F04C 18/48,・動作軸が直交するとともに噛み合い係合を行うもの,
uploaded,廃止,F04C 18/03 Z,F04C 18/03,その他のもの,
uploaded,廃止,F04C 18/344 351 A,F04C 18/344 351 Z,部品，細部,
uploaded,廃止,F04C 18/344 361 A,F04C 18/344 361 Z,ベーンの半径方向の運動を補助する手段,
uploaded,廃止,F15B 1/047,F15B 1/08,・・・ガスクッションを用いるもの，例．液体とガスの間に可撓性の仕切り手段をもつもの,
uploaded,廃止,F15B 1/053,F15B 1/24,・・・・剛体仕切り手段をもつもの，例．ピストン,
uploaded,廃止,F15B 1/06,F15B 1/26,・供給槽または排液槽装置,
uploaded,廃止,F16D 55/224 101,F16D 55/224 A,・・・・回転するデイスクを２つの可動なデイスク間で締めつけることによるもの,
uploaded,廃止,F16D 55/224 102,F16D 55/225 102,・・・・回転するデイスクを両側のパツドで締め付けることによるもの（１１２，１１３が優先）,
uploaded,廃止,F16D 55/224 102 A,F16D 55/225 102 A,マスタシリンダ内蔵式のもの,
uploaded,廃止,F16D 55/224 102 B,F16D 55/225 102 B,二系統のもの,
uploaded,廃止,F16D 55/224 102 C,F16D 55/225 102 C,電磁ブレ－キ,
uploaded,廃止,F16D 55/224 102 Z,F16D 55/225 102 Z,その他のもの,
uploaded,廃止,F16D 55/224 103,F16D 55/2255 103,・・・・・共動する部材が揺動するもの,
uploaded,廃止,F16D 55/224 103 A,F16D 55/2255 103 A,デイスクの半径方向軸線まわりに揺動するもの,
uploaded,廃止,F16D 55/224 103 C,F16D 55/2255 103 C,デイスクの弦方向軸線まわりに揺動するもの,
uploaded,廃止,F16D 55/224 103 F,F16D 55/2255 103 F,二腕揺動式のもの,
uploaded,廃止,F16D 55/224 103 Z,F16D 55/2255 103 Z,その他のもの,
uploaded,廃止,F16D 55/224 104,F16D 55/226 104,・・・・・共動する部材が回転するデイスクの回転軸線方向に摺動するもの,
uploaded,廃止,F16D 55/224 104 A,F16D 55/226 104 A,機械式で操作軸線がデイスク面に概略直交するもの,
uploaded,廃止,F16D 55/224 104 B,F16D 55/226 104 B,機械式で操作軸線がデイスクの概略半径方向のもの,
uploaded,廃止,F16D 55/224 104 C,F16D 55/226 104 C,機械式で操作軸線がデイスクの概略弦方向のもの,
uploaded,廃止,F16D 55/224 104 E,F16D 55/226 104 E,機械式でその他のもの,
uploaded,廃止,F16D 55/224 104 F,F16D 55/226 104 F,主にキヤリパに特徴があるもの,
uploaded,廃止,F16D 55/224 104 G,F16D 55/226 104 G,主にヨ－クに特徴があるもの,
uploaded,廃止,F16D 55/224 104 H,F16D 55/226 104 H,主に固定支持部材に特徴があるもの,
uploaded,廃止,F16D 55/224 104 J,F16D 55/226 104 J,デイスクを内周からまたぐもの,
uploaded,廃止,F16D 55/224 104 K,F16D 55/226 104 K,自転車用サ－ボデイスクブレ－キ,
uploaded,廃止,F16D 55/224 104 Z,F16D 55/226 104 Z,その他のもの,
uploaded,廃止,F16D 55/224 105,F16D 55/226 105,・・・・・・摺動部が面をなしているもの,
uploaded,廃止,F16D 55/224 105 A,F16D 55/226 105 A,ヨ－クの摺動面に特徴のあるもの,
uploaded,廃止,F16D 55/224 105 B,F16D 55/226 105 B,ヨ－クのピストン当接部に特徴があるもの,
uploaded,廃止,F16D 55/224 105 C,F16D 55/226 105 C,キヤリパ式のもの,
uploaded,廃止,F16D 55/224 105 Z,F16D 55/226 105 Z,その他のもの,
uploaded,廃止,F16D 55/224 106,F16D 55/227 106,・・・・・・摺動部がスライドピンからなるもの,
uploaded,廃止,F16D 55/224 106 A,F16D 55/227 106 A,スライドピンが共動する部材に取付けられたもの,
uploaded,廃止,F16D 55/224 106 B,F16D 55/227 106 B,スライドピンが固定支持部材に取付けられたもの,
uploaded,廃止,F16D 55/224 106 C,F16D 55/227 106 C,パツドの制動力支持兼用スライドピンをもつもの,
uploaded,廃止,F16D 55/224 106 Z,F16D 55/227 106 Z,その他のもの,
uploaded,廃止,F16D 55/224 107,F16D 55/2265 107,・・・・・・摺動部が面とスライドピンとからなるもの,
uploaded,廃止,F16D 55/224 108,F16D 55/2265 108,・・・・・・スライドピン自体に特徴があるもの,
uploaded,廃止,F16D 55/224 109,F16D 55/2265 109,・・・・・・・スライドピンの固定に特徴があるもの,
uploaded,廃止,F16D 55/224 110,F16D 55/2265 110,・・・・・・・スライドピンの摺動部に特徴があるもの,
uploaded,廃止,F16D 55/224 111,F16D 55/2265 111,・・・・・・・スライドピンの摺動部の密封に特徴のあるもの,
uploaded,廃止,F16D 55/224 112,F16D 55/225 112,・・・・共動する部材とパツドとの関連に特徴があるもの,
uploaded,廃止,F16D 55/224 112 A,F16D 55/225 112 A,共動する部材と両摩擦パツドとの相互関係に特徴があるもの,
uploaded,廃止,F16D 55/224 112 B,F16D 55/225 112 B,共動する部材とアウタパツドとの相互関係に特徴があるもの,
uploaded,廃止,F16D 55/224 112 C,F16D 55/225 112 C,吊下ピンを備えたヨ－ク型のもの,
uploaded,廃止,F16D 55/224 112 E,F16D 55/225 112 E,吊下ピンを備えたキヤリパ型のもの,
uploaded,廃止,F16D 55/224 112 Z,F16D 55/225 112 Z,その他のもの,
uploaded,廃止,F16D 55/224 113,F16D 55/225 113,・・・・共動する部材，パツドおよび固定の支持部材相互の関連に特徴があるもの,
uploaded,廃止,F16D 55/224 113 A,F16D 55/225 113 A,三者相互間にばね力が作用するもの,
uploaded,廃止,F16D 55/224 113 Z,F16D 55/225 113 Z,その他のもの,
uploaded,廃止,F16L 1/02,F16L 1/028,・地中に管を敷設するもの（１／０４が優先）,
uploaded,廃止,F16L 1/02 A,F16L 1/028 A,接合工法及びその装置〔芯出し，引き寄せは１／００Ｖ〕,
uploaded,廃止,F16L 1/02 B,F16L 1/028 B,・分岐管の取付工法,
uploaded,廃止,F16L 1/02 C,F16L 1/028 C,水替工法及びその装置,
uploaded,廃止,F16L 1/02 D,F16L 1/028 D,垂直配管工法及びその装置,
uploaded,廃止,F16L 1/02 E,F16L 1/028 E,推進工法〔参考用〕,
uploaded,廃止,F16L 1/02 F,F16L 1/028 F,不等沈下，浮上対策工法,
uploaded,廃止,F16L 1/02 G,F16L 1/028 G,・管枕，くいを用いるもの,
uploaded,廃止,F16L 1/02 J,F16L 1/028 J,・埋設土を改良するもの,
uploaded,廃止,F16L 1/02 K,F16L 1/028 K,・建物から管が突き出す所に関するもの,
uploaded,廃止,F16L 1/02 L,F16L 1/028 L,旧管の廃棄を含む工法及びその装置,
uploaded,廃止,F16L 1/02 M,F16L 1/028 M,・旧管を廃棄して新管と取換えるもの,
uploaded,廃止,F16L 1/02 N,F16L 1/028 N,・管を引き抜くもの,
uploaded,廃止,F16L 1/02 P,F16L 1/028 P,・管内を充てんして廃棄するもの,
uploaded,廃止,F16L 1/02 Q,F16L 1/028 Q,埋設機械〔パイプレイヤ〕,
uploaded,廃止,F16L 1/02 R,F16L 1/028 R,防蝕処理,
uploaded,廃止,F16L 1/02 S,F16L 1/028 S,保温，断熱構造,
uploaded,廃止,F16L 1/02 T,F16L 1/028 T,曲り部における補強,
uploaded,廃止,F16L 1/02 U,F16L 1/028 U,ボツクスカルバ－ト〔参考用〕,
uploaded,廃止,F16L 1/02 V,F16L 1/028 V,埋設管の表示,
uploaded,廃止,F16L 1/02 Z,F16L 1/028 Z,その他のもの,
uploaded,廃止,F16L 1/04,F16L 1/12,・水中に管を敷設するもの（特殊な目的，例．管の敷設，のために適合した船舶または類似の浮き構造Ｂ６３Ｂ３５／００；ブイＢ６３Ｂ２２／００）,
uploaded,廃止,F16L 1/04 A,F16L 1/02,・敷設船から管を繰出して敷設するもの,
uploaded,廃止,F16L 1/04 B,F16L 1/02,・・ブイを用いるもの,
uploaded,廃止,F16L 1/04 C,F16L 1/02,・・ブイを用いないもの,
uploaded,廃止,F16L 1/04 D,F16L 1/02,・・・ステンガ等の船外工具,
uploaded,廃止,F16L 1/04 E,F16L 1/12 E,・陸地から管を海に繰出して敷設するもの,
uploaded,廃止,F16L 1/04 F,F16L 1/12 F,・船による海上又は海中曳航敷設,
uploaded,廃止,F16L 1/04 G,F16L 1/15,・立上り管の敷設,
uploaded,廃止,F16L 1/04 H,F16L 1/12 H,・ケ－ブルの敷設〔参考用〕,
uploaded,廃止,F16L 1/04 J,F16L 1/12 J,・海底で管を製作しながら敷設するもの,
uploaded,廃止,F16L 1/04 K,F16L 1/12 K,・ケ－ブル先導による敷設,
uploaded,廃止,F16L 1/04 L,F16L 1/12 L,管の保護，固定,
uploaded,廃止,F16L 1/04 M,F16L 1/14,・海中に管を固定するもの〔海上，海底を除く〕,
uploaded,廃止,F16L 1/04 N,F16L 1/12 N,管端の封止手段,
uploaded,廃止,F16L 1/04 P,F16L 1/24,フロ－タ〔Ｂのブイ，Ｆのブイを除く〕,
uploaded,廃止,F16L 1/04 Q,F16L 1/26,海上で接合する工法及びその装置,
uploaded,廃止,F16L 1/04 R,F16L 1/26,海中又は海底で接合する工法及びその装置,
uploaded,廃止,F16L 1/04 S,F16L 1/16,海底を掘さくして管を埋設するための機械,
uploaded,廃止,F16L 1/04 T,F16L 1/12 T,海中構造物への管の引込み,
uploaded,廃止,F16L 1/04 U,F16L 1/12 U,管の引上げ,
uploaded,廃止,F16L 1/04 V,F16L 1/12 V,敷設地点のモニタ,
uploaded,廃止,F16L 1/04 W,F16L 1/12 W,敷設船上での管のコ－テング,
uploaded,廃止,F16L 1/04 X,F16L 1/12 X,敷設工法及びその装置,
uploaded,廃止,F16L 1/04 Z,F16L 1/12 Z,その他のもの,
uploaded,廃止,F16L 3/12 E,F16L 3/137,長さの調節できる結束バンドを用いるもの,
uploaded,廃止,F16L 3/02 B,F16L 3/217,油圧式制振器,
uploaded,廃止,F16L 3/02 E,F16L 3/205,スプリングハンガ－,
uploaded,廃止,F16L 5/02 M,F16L 5/04,火災時の密封性を考慮するもの,
uploaded,廃止,F16L 9/00 A,F16L 9/01,木，竹製,
uploaded,廃止,F16L 11/12 F,F16L 11/133,浮揚構造をもつもの,
uploaded,廃止,F16L 11/12 G,F16L 11/127,導電手段をもつもの〔Ｈが優先〕,
uploaded,廃止,F16L 23/02 B,F16L 23/024,フランジの取付方法に特徴のあるもの,
uploaded,廃止,F16L 23/02 C,F16L 23/036,締付方法に特徴のあるもの,
uploaded,廃止,F16L 41/02 A,F16L 41/03,４本以上の管部材のための接合部品からなるもの,
uploaded,廃止,F16L 41/02 Z,F16L 41/02,その他のもの,
uploaded,廃止,F21V 7/02,F21V 29/505,・・とくに冷却を容易にするように適合させた，例．フィンをもつもの［１，７］,
uploaded,廃止,F21V 7/02 100,F21V 29/505,・・・フィンをもつもの,
uploaded,廃止,F21V 7/02 200,F21V 29/505,・・・通気孔を設けたもの,
uploaded,廃止,F21V 15/06,F21V 29/15,・断熱［７］,
uploaded,廃止,F21V 29/00 100,F21V 29/05,・冷却手段（２９／０２が優先）,
uploaded,廃止,F21V 29/00 110,F21V 29/07,・・放熱手段,
uploaded,廃止,F21V 29/00 111,F21V 29/74,・・・放熱板，放熱フィン,
uploaded,廃止,F21V 29/00 113,F21V 29/83,・・・放熱孔,
uploaded,廃止,F21V 29/00 114,F21V 29/07,・・・赤外線透過手段,
uploaded,廃止,F21V 29/00 130,F21V 29/15,・・遮熱手段,
uploaded,廃止,F21V 29/00 150,F21V 29/56,・・液体冷媒を用いるもの,
uploaded,廃止,F21V 29/00 170,F21V 29/54,・・電気素子［ペルチェ素子など］を用いるもの,
uploaded,廃止,F21V 29/00 200,F21V 29/09,・加熱手段,
uploaded,廃止,F21V 29/00 300,F21V 29/15,・断熱手段,
uploaded,廃止,F21V 29/00 310,F21V 29/15 100,・・断熱部材の材料に特徴があるもの,
uploaded,廃止,F21V 29/00 330,F21V 29/15,・・断熱部材の形状に特徴があるもの,
uploaded,廃止,F21V 29/00 400,F21V 29/01,・部品の配置に特徴があるもの,
uploaded,廃止,F21V 29/00 500,F21V 29/502,・冷却・加熱対象,
uploaded,廃止,F21V 29/00 510,F21V 29/503,・・光源,
uploaded,廃止,F21V 29/00 530,F21V 29/505,・・反射器,
uploaded,廃止,F21V 29/00 550,F21V 29/506,・・屈折器，前面カバー,
uploaded,廃止,F21V 29/00 570,F21V 29/508,・・回路部品,
uploaded,廃止,F21V 29/02,F21V 29/06,・光源の上または周囲を強制空気で冷却するもの（ランプと構造的に組み合わせられた冷却装置Ｈ０１Ｊ６１／５２，Ｈ０１Ｋ１／５８）［７］,
uploaded,廃止,F21V 29/02 100,F21V 29/67 100,・・吸入側にファンを有するもの,
uploaded,廃止,F21V 29/02 200,F21V 29/67 200,・・排出側にファンを有するもの,
uploaded,廃止,F21V 29/02 300,F21V 29/61,・・冷却手段の制御に特徴があるもの,
uploaded,廃止,F21V 29/02 500,F21V 29/502,・・冷却対象,
uploaded,廃止,F21V 29/02 510,F21V 29/503,・・・光源,
uploaded,廃止,F21V 29/02 530,F21V 29/505,・・・反射器,
uploaded,廃止,F21V 29/02 550,F21V 29/506,・・・屈折器，前面カバー,
uploaded,廃止,F21V 29/02 570,F21V 29/508,・・・回路部品,
uploaded,廃止,F23C 9/08 301,F23C 9/08 501,・・エゼクタ効果を利用するもの,
uploaded,廃止,F23C 9/08 302,F23C 9/08 502,・・・炉内自己再循環を行なうもの（再循環通路を有するもの）,
uploaded,廃止,F23C 9/08 303,F23C 9/08 503,・・・・再循環通路を有さないもの（炉内自己再循環）,
uploaded,廃止,F23C 99/00 306,F23C 13/00,・触媒を用いるもの（他を優先）,
uploaded,廃止,F23C 99/00 312,F23C 13/00,・・触媒を用いるもの（ＮＯ↓ｘ防止のみ）,
uploaded,廃止,F23C 99/00 313,F23C 13/00,・・・触媒が流体であるもの（粉体を含む）,
uploaded,廃止,F23C 99/00 318,F23C 9/08 400,・・排ガス供給によるもの,
uploaded,廃止,F23C 99/00 319,F23C 9/08 401,・・・エゼクタ効果を利用するもの,
uploaded,廃止,F23C 99/00 320,F23C 9/08 402,・・・・炉内自己再循環を行うもの（再循環通路を有するもの）,
uploaded,廃止,F23C 99/00 321,F23C 9/08 403,・・・・・再循環通路を有さないもの（炉内自己再循環）,
uploaded,廃止,F23G 7/06 102,F23G 7/07 Z,・・酸化触媒を用いるもの,
uploaded,廃止,F23G 7/06 102 Q,F23G 7/07 Q,焼却技術〔プロセス等〕,
uploaded,廃止,F23G 7/06 102 R,F23G 7/07 R,制御または安全装置,
uploaded,廃止,F23G 7/06 102 S,F23G 7/07 S,温度条件を限定したもの,
uploaded,廃止,F23G 7/06 102 T,F23G 7/07 T,触媒の材質〔他を優先〕,
uploaded,廃止,F23G 7/06 102 U,F23G 7/07 U,触媒の構造,
uploaded,廃止,F23G 7/06 102 V,F23G 7/07 V,触媒の配置,
uploaded,廃止,F23G 7/06 102 W,F23G 7/07 W,触媒の温度を調整するもの,
uploaded,廃止,F23G 7/06 102 X,F23G 7/07 X,他の機能を有するものに触媒を取付けたもの〔例．熱交換器に触媒〕,
uploaded,廃止,F23G 7/06 102 Z,F23G 7/07 Z,その他のもの,
uploaded,廃止,F23J 15/00 C,F23J 15/02,洗浄装置の配置〔Ａ，Ｂが優先〕,
uploaded,廃止,F23J 15/00 D,F23J 15/04,・散水によるもの,
uploaded,廃止,F23J 15/00 E,F23J 15/04,・・中和水の散水によるもの,
uploaded,廃止,F23J 15/00 K,F23J 15/06,冷却器の配置,
uploaded,廃止,F23J 15/00 L,F23J 15/08,加熱器の配置,
uploaded,廃止,F23M 99/00,F23M 20/00,このサブクラスの他のグループに分類されない主題事項［２０１０．０１］,
uploaded,廃止,G01F 1/68 101,G01F 1/684 Z,・・構造，配置，取付,
uploaded,廃止,G01F 1/68 101 A,G01F 1/684 A,センサ本体,
uploaded,廃止,G01F 1/68 101 B,G01F 1/684 B,流路,
uploaded,廃止,G01F 1/68 101 C,G01F 1/684 C,整流部材,
uploaded,廃止,G01F 1/68 101 Z,G01F 1/684 Z,その他,
uploaded,廃止,G01F 1/68 102,G01F 1/688,・・・加熱，冷却素子,
uploaded,廃止,G01F 1/68 103,G01F 1/69 Z,・・・・抵抗型感知素子,
uploaded,廃止,G01F 1/68 103 A,G01F 1/69 A,形状に特徴,
uploaded,廃止,G01F 1/68 103 B,G01F 1/69 B,材料に特徴,
uploaded,廃止,G01F 1/68 103 C,G01F 1/69 C,製造方法に特徴,
uploaded,廃止,G01F 1/68 103 Z,G01F 1/69 Z,その他,
uploaded,廃止,G01F 1/68 104,G01F 1/692 Z,・・・・・薄膜構造,
uploaded,廃止,G01F 1/68 104 A,G01F 1/692 A,形状に特徴,
uploaded,廃止,G01F 1/68 104 B,G01F 1/692 B,材料に特徴,
uploaded,廃止,G01F 1/68 104 C,G01F 1/692 C,製造方法に特徴,
uploaded,廃止,G01F 1/68 104 Z,G01F 1/692 Z,その他,
uploaded,廃止,G01F 1/68 201,G01F 1/696 Z,・・定電流形回路，その他の回路,
uploaded,廃止,G01F 1/68 201 A,G01F 1/696 A,感知素子に特徴（除く構造）,
uploaded,廃止,G01F 1/68 201 B,G01F 1/696 B,差動増幅器に特徴,
uploaded,廃止,G01F 1/68 201 C,G01F 1/696 C,駆動電源に特徴,
uploaded,廃止,G01F 1/68 201 Z,G01F 1/696 Z,その他,
uploaded,廃止,G01F 1/68 202,G01F 1/698 Z,・・・定温度形回路,
uploaded,廃止,G01F 1/68 202 A,G01F 1/698 A,感知素子に特徴（除く構造）,
uploaded,廃止,G01F 1/68 202 B,G01F 1/698 B,差動増幅器に特徴,
uploaded,廃止,G01F 1/68 202 C,G01F 1/698 C,駆動電源に特徴,
uploaded,廃止,G01F 1/68 202 Z,G01F 1/698 Z,その他,
uploaded,廃止,G01F 1/68 203,G01F 1/699,・・・・加熱，冷却制御別個に行う回路,
uploaded,廃止,G01S 7/02 A,G01S 7/02 200,送受信アンテナがいずれも単一であるレ－ダ方式〔ビ－ムのパタ－ン、方向を変えるもの〕,
uploaded,廃止,G01S 7/02 B,G01S 7/02 202,・干渉波除去、高指向性,
uploaded,廃止,G01S 7/02 C,G01S 7/02 210,送受信アンテナのいずれかが複数であるレ－ダ方式,
uploaded,廃止,G01S 7/02 D,G01S 7/02 212,・アンテナを各々独立して使用するもの,
uploaded,廃止,G01S 7/02 E,G01S 7/02 214,・主・副アンテナによるサイドロ－ブ除去,
uploaded,廃止,G01S 7/02 F,G01S 7/02 216,・フエ－ズドアレイアンテナを使用するもの,
uploaded,廃止,G01S 7/02 G,G01S 7/02 218,・・位相差検出による方探,
uploaded,廃止,G01S 7/02 Z,G01S 7/02,レ－ダ方式一般,
uploaded,廃止,G01S 7/03 A,G01S 7/03 200,リフレクタ、偏波変換,
uploaded,廃止,G01S 7/03 B,G01S 7/03 210,導波管〔例、レーダシステム用ハイブリッド指向性カプラー〕,
uploaded,廃止,G01S 7/03 C,G01S 7/03 220,ＭＩＣ、マイクロ波回路,
uploaded,廃止,G01S 7/03 D,G01S 7/03 230,アンテナ構成,
uploaded,廃止,G01S 7/03 E,G01S 7/03 232,・防水,
uploaded,廃止,G01S 7/03 F,G01S 7/03 234,・冷却、耐熱,
uploaded,廃止,G01S 7/03 G,G01S 7/03 236,・換気,
uploaded,廃止,G01S 7/03 H,G01S 7/03 238,・防塵,
uploaded,廃止,G01S 7/03 J,G01S 7/03 240,・取付．据付,
uploaded,廃止,G01S 7/03 K,G01S 7/03 242,・電波と光波、音波等の組合せ,
uploaded,廃止,G01S 7/03 L,G01S 7/03 244,・地中レ－ダ用,
uploaded,廃止,G01S 7/03 M,G01S 7/03 246,・レド－ム,
uploaded,廃止,G01S 7/03 N,G01S 7/03 248,・回転駆動、回転角検出,
uploaded,廃止,G01S 7/03 P,G01S 7/03 202,・シヤツタ,
uploaded,廃止,G01S 7/03 Q,G01S 7/03 212,・電波レンズ,
uploaded,廃止,G01S 7/03 Z,G01S 7/03,一般、その他,
uploaded,廃止,G01S 7/06 A,G01S 7/06 200,目盛板，フ－ド等の付属物,
uploaded,廃止,G01S 7/06 Z,G01S 7/06,その他のもの,
uploaded,廃止,G01S 7/12 A,G01S 7/12 200,航跡を表示するもの,
uploaded,廃止,G01S 7/12 Z,G01S 7/12,その他のもの,
uploaded,廃止,G01S 7/28 A,G01S 7/28 200,送受切替器、保護回路〔含む、漏れ信号の抑圧・除去〕,
uploaded,廃止,G01S 7/28 B,G01S 7/28 210,送・受信周波数の制御〔含む、可変発信器、ＰＬＬ、ＶＣＯ、ＡＦＣ〕、〔周波数メモリは７／３２パルス幅伸長へ〕,
uploaded,廃止,G01S 7/28 Z,G01S 7/28 220,送受兼用のための構成〔含む、アレイアンテナ用モジユ－ル、レ－ダ用基準パルスの発生〕,
uploaded,廃止,G01S 7/282 A,G01S 7/282 200,送信パルスの発生，成型,
uploaded,廃止,G01S 7/282 Z,G01S 7/282,送信機，送信回路〔含む，変調，増幅〕〔例．高周波送信機〕,
uploaded,廃止,G01S 7/285 A,G01S 7/285 200,ＡＧＣ〔短い期間のＡＧＣは７／３４へ〕,
uploaded,廃止,G01S 7/285 B,G01S 7/285 210,録画、再生〔そのための伝送方式は１３／０２へ、プロツタは７／２９５，７／２９８へ〕,
uploaded,廃止,G01S 7/285 Z,G01S 7/285,受信機、受信回路〔含む、復調、可変帯域幅フイルタ〕,
uploaded,廃止,G01S 7/292 A,G01S 7/292 200,信号検出〔一般として使用する。〕,
uploaded,廃止,G01S 7/292 B,G01S 7/292 202,・積分方式、積分器、畜積管,
uploaded,廃止,G01S 7/292 C,G01S 7/292 204,・ＰＲＦ相関、相関一般,
uploaded,廃止,G01S 7/292 D,G01S 7/292 210,ＰＲＦの検出、弁別〔特定パルス列の検出〕,
uploaded,廃止,G01S 7/292 E,G01S 7/292 220,パルス特性の検出〔幅、中心値、位置、単一パルスの特性〕,
uploaded,廃止,G01S 7/292 F,G01S 7/292 230,ＦＴＣ〔ｆａｓｔ　ｔｉｍｅ　ｃｏｎｓｔａｎｔ〕,
uploaded,廃止,G01S 7/292 Z,G01S 7/292,その他,
uploaded,廃止,G01S 7/295 A,G01S 7/295 200,時間軸変換,
uploaded,廃止,G01S 7/295 B,G01S 7/295 210,プロツタ〔航跡表示〕,
uploaded,廃止,G01S 7/295 C,G01S 7/295 220,座標変換,
uploaded,廃止,G01S 7/295 Z,G01S 7/295,その他〔含む，信号の除去，付加〔人為的〕，不要映像の除去〔ＭＴＩは，１３／５２〕，ビデオ信号の選択，信号の補間，組合せ表示，画像の拡大・縮小，等輝度表示，画面密度の平均化〕〔例．リタイミング表示レ－ダ装置〕,
uploaded,廃止,G01S 7/298 A,G01S 7/298 200,プロツタ〔航跡表示〕,
uploaded,廃止,G01S 7/298 Z,G01S 7/298,その他,
uploaded,廃止,G01S 7/32 A,G01S 7/32 200,ビデオ信号の量子化〔器〕,
uploaded,廃止,G01S 7/32 B,G01S 7/32 210,スレシホ－ルドの設定,
uploaded,廃止,G01S 7/32 C,G01S 7/32 220,ＣＦＡＲ〔ｃｏｎｓｔａｎｔ，ｆａｌｓｅ，ａｌａｒｍ，ｒａｔｅ〕〔含む，ＣＦＡＲを用いた信号処理方式〕〔除く，文言だけの，ＣＦＡＲ，一定誤警報率〕,
uploaded,廃止,G01S 7/32 D,G01S 7/32 230,パルスの波形処理〔含む、パルス幅伸長、ボツクスカ－、周波数メモリ〕,
uploaded,廃止,G01S 7/32 E,G01S 7/32 240,統計的信号検知方式〔器〕〔含む，スライデイングウインドウ，コインシデンス，エクスポネンシヤル，ム－ビングサム，サクセスラン，シ－ケンシヤル〕,
uploaded,廃止,G01S 7/32 F,G01S 7/32 250,検知された信号の統計的処理方式〔含む，ランレングス，平均化，スイ－プ相関，スキヤン相関〕,
uploaded,廃止,G01S 7/32 Z,G01S 7/32,その他〔整形、導出一般〕,
uploaded,廃止,G01S 7/34 A,G01S 7/34 200,ＳＴＣ〔感度時間制御〕,
uploaded,廃止,G01S 7/34 Z,G01S 7/34,その他,
uploaded,廃止,G01S 7/04 A,G01S 7/04,試験〔Ｃが優先〕,
uploaded,廃止,G01S 7/04 B,G01S 7/04,監視〔Ｃが優先〕〔例．応答機監視装置〕,
uploaded,廃止,G01S 7/04 C,G01S 7/04,校正,
uploaded,廃止,G01S 7/04 D,G01S 7/04,シミュレーシヨン，模擬〔Ａ，Ｂ，Ｃが優先〕〔例．動的シミュレーシヨン装置〕,
uploaded,廃止,G01S 7/04 Z,G01S 7/04,その他〔例．デ－タ解析装置〕,
uploaded,廃止,G01S 13/28 A,G01S 13/28 200,周波数変調方式〔例．パルス圧縮装置〕,
uploaded,廃止,G01S 13/28 B,G01S 13/28 210,符号化方式〔例．時間的圧縮符号化〕,
uploaded,廃止,G01S 13/28 Z,G01S 13/28,その他,
uploaded,廃止,G01S 13/58 A,G01S 13/58 200,距離と速度の同時測定に関するもの,
uploaded,廃止,G01S 13/58 B,G01S 13/58 210,ドップラー周波数の捕捉・追尾に関するもの,
uploaded,廃止,G01S 13/58 Z,G01S 13/58,その他,
uploaded,廃止,G01S 13/06 C,G01S 13/06 200,車輛搭載のもの,
uploaded,廃止,G01S 13/06 D,G01S 13/06 202,・他の移動体の速度検出,
uploaded,廃止,G01S 13/06 P,G01S 13/06 210,航空機搭載のもの,
uploaded,廃止,G01S 13/06 Q,G01S 13/06 212,・自機の速度検出,
uploaded,廃止,G01S 13/06 R,G01S 13/06 214,・他の移動体の速度検出,
uploaded,廃止,G01S 13/06 S,G01S 13/06 220,船舶搭載のもの,
uploaded,廃止,G01S 13/06 Z,G01S 13/06,その他,
uploaded,廃止,G01S 13/82 A,G01S 13/82 200,応答周波数による対象物の識別,
uploaded,廃止,G01S 13/82 Z,G01S 13/82,その他のもの,
uploaded,廃止,G01S 13/88 F,G01S 13/88 220,近接信管起爆のためのもの,
uploaded,廃止,G01S 13/88 G,G01S 13/88 200,地中埋設物探査のためのもの,
uploaded,廃止,G01S 13/88 M,G01S 13/88 210,飛翔体誘導のためのもの,
uploaded,廃止,G01S 13/88 Z,G01S 13/88,その他,
uploaded,廃止,G01S 13/91 P,G01S 13/91 200,航空機のためのもの〔例．到着順位処理方法〕,
uploaded,廃止,G01S 13/91 S,G01S 13/91 210,船舶のためのもの〔例．船舶の航行案内装置〕,
uploaded,廃止,G01S 13/91 Z,G01S 13/91,その他,
uploaded,廃止,G01S 13/93 P,G01S 13/93 200,航空機のためのもの,
uploaded,廃止,G01S 13/93 S,G01S 13/93 210,船舶のためのもの,
uploaded,廃止,G01S 13/93 Z,G01S 13/93 220,その他,
uploaded,廃止,G02B 1/01 A,G02B 1/11,反射防止効果を有するもの,
uploaded,廃止,G02B 1/01 Z,G02B 1/01,その他のもの,
uploaded,廃止,G03B 7/00 101,G03B 7/01,・手動露出制御と自動露出制御との切換,
uploaded,廃止,G03B 7/00 B,G03B 7/03,保安〔警告表示Ｇ０３Ｂ１７／１８〕,
uploaded,廃止,G03B 7/00 Z,G03B 7/00,その他のもの,
uploaded,廃止,G03B 7/08 101,G03B 7/0805,・・優先モ－ドの切換,
uploaded,廃止,G03B 7/099 101,G03B 7/0993,・・・カメラ内のもの,
uploaded,廃止,G03B 7/099 102,G03B 7/0997,・・・・レンズを通して測定するもの,
uploaded,廃止,G03B 7/16 101,G03B 7/17,・・閃光撮影モ－ドと他の撮影モ－ドとの切換,
uploaded,廃止,G06F 1/00 310,G06F 1/16,・構造,
uploaded,廃止,G06F 1/00 311,G06F 1/16 311 Z,・・大型計算機周辺の構造,
uploaded,廃止,G06F 1/00 311 A,G06F 1/16 311 A,計算機室の構造,
uploaded,廃止,G06F 1/00 311 B,G06F 1/16 311 B,・防音，耐震構造,
uploaded,廃止,G06F 1/00 311 C,G06F 1/16 311 C,・フリ－アクセス床構造,
uploaded,廃止,G06F 1/00 311 D,G06F 1/16 311 D,・・耐震構造,
uploaded,廃止,G06F 1/00 311 E,G06F 1/16 311 E,・・床構造,
uploaded,廃止,G06F 1/00 311 F,G06F 1/16 311 F,・・床支持構造,
uploaded,廃止,G06F 1/00 311 G,G06F 1/16 311 G,・・配線穴への落下防止構造,
uploaded,廃止,G06F 1/00 311 H,G06F 1/16 311 H,計算機の支持構造,
uploaded,廃止,G06F 1/00 311 J,G06F 1/16 311 J,・耐震構造,
uploaded,廃止,G06F 1/00 311 K,G06F 1/16 311 K,・固定構造,
uploaded,廃止,G06F 1/00 311 L,G06F 1/16 311 L,・高さ調整,
uploaded,廃止,G06F 1/00 311 Z,G06F 1/16 311 Z,その他のもの,
uploaded,廃止,G06F 1/00 312,G06F 1/16 312 Z,・・計算機本体の構造（電源の構造は３３１，冷却の為の構造は３６０）,
uploaded,廃止,G06F 1/00 312 A,G06F 1/16 312 A,匡体の構造〔Ｂ－Ｈ以外の匡体〕,
uploaded,廃止,G06F 1/00 312 B,G06F 1/16 312 B,・大型計算機用,
uploaded,廃止,G06F 1/00 312 C,G06F 1/16 312 C,・コンソ－ル型計算機用,
uploaded,廃止,G06F 1/00 312 D,G06F 1/16 312 D,・卓上計算機用,
uploaded,廃止,G06F 1/00 312 E,G06F 1/16 312 E,・ポ－タブル型計算機用,
uploaded,廃止,G06F 1/00 312 F,G06F 1/16 312 F,・・表示部の配置,
uploaded,廃止,G06F 1/00 312 G,G06F 1/16 312 G,・手持計算機用〔電卓は，Ｇ０６Ｆ１５／０２〕,
uploaded,廃止,G06F 1/00 312 H,G06F 1/16 312 H,・会計機用,
uploaded,廃止,G06F 1/00 312 J,G06F 1/16 312 J,・匡体の連結,
uploaded,廃止,G06F 1/00 312 K,G06F 1/16 312 K,・他の装置との結合,
uploaded,廃止,G06F 1/00 312 L,G06F 1/16 312 L,・匡体の細部〔シ－ルド，防音材の取付，エアシ－ル〕,
uploaded,廃止,G06F 1/00 312 M,G06F 1/16 312 M,プリント基板およびユニツトの収納,
uploaded,廃止,G06F 1/00 312 N,G06F 1/16 312 N,ユニツト引出構造,
uploaded,廃止,G06F 1/00 312 P,G06F 1/16 312 P,扉,
uploaded,廃止,G06F 1/00 312 Q,G06F 1/16 312 Q,カバ－,
uploaded,廃止,G06F 1/00 312 R,G06F 1/16 312 R,・キ－ボ－ド用,
uploaded,廃止,G06F 1/00 312 S,G06F 1/16 312 S,ロツク機構,
uploaded,廃止,G06F 1/00 312 T,G06F 1/16 312 T,足,
uploaded,廃止,G06F 1/00 312 U,G06F 1/16 312 U,キ－ボ－ドおよび操作盤の取付構造,
uploaded,廃止,G06F 1/00 312 V,G06F 1/16 312 V,キ－ボ－ドの収納，マウスの収納,
uploaded,廃止,G06F 1/00 312 W,G06F 1/16 312 W,外部記憶装置の取付／収納,
uploaded,廃止,G06F 1/00 312 Z,G06F 1/16 312 Z,その他のもの,
uploaded,廃止,G06F 1/00 313,G06F 1/16 313 Z,・・計算機付属部の構造〔例．ラツク，ケ－ス，書見台等〕,
uploaded,廃止,G06F 1/00 313 A,G06F 1/16 313 A,計算機用机，台,
uploaded,廃止,G06F 1/00 313 B,G06F 1/16 313 B,卓上型計算機用固定具,
uploaded,廃止,G06F 1/00 313 C,G06F 1/16 313 C,計算機用ケ－ス,
uploaded,廃止,G06F 1/00 313 D,G06F 1/16 313 D,書見台，資料台，伝票台,
uploaded,廃止,G06F 1/00 313 E,G06F 1/16 313 E,照明〔例：キ－ボ－ド用〕,
uploaded,廃止,G06F 1/00 313 F,G06F 1/16 313 F,ＣＲＴの角度調整,
uploaded,廃止,G06F 1/00 313 Z,G06F 1/16 313 Z,その他のもの,
uploaded,廃止,G06F 1/00 320,G06F 1/18 Z,・配線,
uploaded,廃止,G06F 1/00 320 A,G06F 1/18 A,接続一般〔接続方法に関するもの〕,
uploaded,廃止,G06F 1/00 320 B,G06F 1/18 B,布線，束線,
uploaded,廃止,G06F 1/00 320 C,G06F 1/18 C,ケ－ブル処理〔例．キ－ボ－ド用ケ－ブルの収納〕,
uploaded,廃止,G06F 1/00 320 D,G06F 1/18 D,電源供給配線,
uploaded,廃止,G06F 1/00 320 E,G06F 1/18 E,接続構造〔コネクタ形状〕,
uploaded,廃止,G06F 1/00 320 F,G06F 1/18 F,プリント板の実装に関するもの,
uploaded,廃止,G06F 1/00 320 G,G06F 1/18 G,プリント板内の配線に関するもの,
uploaded,廃止,G06F 1/00 320 H,G06F 1/18 H,活線挿抜,
uploaded,廃止,G06F 1/00 320 J,G06F 1/18 J,誤挿入防止，誤抜取防止，実装状態検知,
uploaded,廃止,G06F 1/00 320 Z,G06F 1/18 Z,その他のもの,
uploaded,廃止,G06F 1/00 330,G06F 1/26 Z,・電源〔一般，Ｇ０５Ｆ，Ｈ０２Ｊ，Ｍ〕,
uploaded,廃止,G06F 1/00 330 A,G06F 1/26 A,電源の構成,
uploaded,廃止,G06F 1/00 330 B,G06F 1/26 B,・太陽電池を用いるもの,
uploaded,廃止,G06F 1/00 330 C,G06F 1/26 C,・冗長構成／マルチプロセツサのためのもの,
uploaded,廃止,G06F 1/00 330 D,G06F 1/26 D,・メモリ／ＩＣ用電源,
uploaded,廃止,G06F 1/00 330 E,G06F 1/26 E,・・メモリカ－ド／ＩＣカ－ド用電源,
uploaded,廃止,G06F 1/00 330 F,G06F 1/26 F,・給電方式,
uploaded,廃止,G06F 1/00 330 G,G06F 1/26 G,電源投入切断時の誤動作防止,
uploaded,廃止,G06F 1/00 330 H,G06F 1/26 H,・電源確定信号の発生転送,
uploaded,廃止,G06F 1/00 330 J,G06F 1/26 J,廻り込み防止，ア－ス等,
uploaded,廃止,G06F 1/00 330 Z,G06F 1/26 Z,その他のもの,
uploaded,廃止,G06F 1/00 331,G06F 1/26 331 Z,・・電源の構造,
uploaded,廃止,G06F 1/00 331 A,G06F 1/26 331 A,電池のためのもの,
uploaded,廃止,G06F 1/00 331 B,G06F 1/26 331 B,・太陽電池のためのもの,
uploaded,廃止,G06F 1/00 331 C,G06F 1/26 331 C,電源スイツチ,
uploaded,廃止,G06F 1/00 331 D,G06F 1/26 331 D,発電機構,
uploaded,廃止,G06F 1/00 331 E,G06F 1/26 331 E,給電構造〔配線は３２０Ｄ〕,
uploaded,廃止,G06F 1/00 331 Z,G06F 1/26 331 Z,その他のもの,
uploaded,廃止,G06F 1/00 332,G06F 1/32 Z,・・節電〔オ－トパワ－オフ３３４，クロツクの停止，１／０４〕,
uploaded,廃止,G06F 1/00 332 A,G06F 1/32 A,漏れ電流の防止,
uploaded,廃止,G06F 1/00 332 B,G06F 1/32 B,不使用部分の電源断,
uploaded,廃止,G06F 1/00 332 E,G06F 1/32 E,特別な電源接断手段,
uploaded,廃止,G06F 1/00 332 Z,G06F 1/32 Z,その他のもの,
uploaded,廃止,G06F 1/00 333,G06F 1/28 Z,・・電源監視,
uploaded,廃止,G06F 1/00 333 A,G06F 1/28 A,交流電源の監視,
uploaded,廃止,G06F 1/00 333 C,G06F 1/28 C,バツクアツプ電源／電池の監視,
uploaded,廃止,G06F 1/00 333 D,G06F 1/28 D,・電圧比較手段による直接監視,
uploaded,廃止,G06F 1/00 333 E,G06F 1/28 E,・メモリ内容チエツクによる間接監視,
uploaded,廃止,G06F 1/00 333 H,G06F 1/28 H,停電時間，停電有無の監視,
uploaded,廃止,G06F 1/00 333 Z,G06F 1/28 Z,その他のもの,
uploaded,廃止,G06F 1/00 334,G06F 1/26 334 Z,・・電源の制御,
uploaded,廃止,G06F 1/00 334 A,G06F 1/26 334 A,オンオフ制御〔Ｊ優先〕,
uploaded,廃止,G06F 1/00 334 B,G06F 1/26 334 B,・オン制御,
uploaded,廃止,G06F 1/00 334 C,G06F 1/26 334 C,・オフ制御,
uploaded,廃止,G06F 1/00 334 D,G06F 1/26 334 D,・オンオフ順序制御,
uploaded,廃止,G06F 1/00 334 E,G06F 1/26 334 E,・自動投入／切断制御〔例：オペレ－タの存在検知によるもの〕,
uploaded,廃止,G06F 1/00 334 F,G06F 1/26 334 F,・・時刻による制御,
uploaded,廃止,G06F 1/00 334 G,G06F 1/26 334 G,・・処理の有無による制御,
uploaded,廃止,G06F 1/00 334 H,G06F 1/26 334 H,御制情報の作成，管理，転送〔Ｊ優先〕,
uploaded,廃止,G06F 1/00 334 J,G06F 1/26 334 J,遠方装置のためのもの,
uploaded,廃止,G06F 1/00 334 K,G06F 1/26 334 K,・主装置側のオンオフ制御,
uploaded,廃止,G06F 1/00 334 L,G06F 1/26 334 L,・・公衆回線を用いるもの,
uploaded,廃止,G06F 1/00 334 P,G06F 1/26 334 P,・従装置側のオンオフ制御,
uploaded,廃止,G06F 1/00 334 Q,G06F 1/26 334 Q,・・従装置側のオン制御,
uploaded,廃止,G06F 1/00 334 R,G06F 1/26 334 R,・・従装置側のオフ制御,
uploaded,廃止,G06F 1/00 334 S,G06F 1/26 334 S,・・・キ－操作有無検出,
uploaded,廃止,G06F 1/00 334 Z,G06F 1/26 334 Z,その他のもの,
uploaded,廃止,G06F 1/00 335,G06F 1/26 335 Z,・・バツクアツプ電源,
uploaded,廃止,G06F 1/00 335 A,G06F 1/26 335 A,バツクアツプ電源構成,
uploaded,廃止,G06F 1/00 335 C,G06F 1/26 335 C,給電切換,
uploaded,廃止,G06F 1/00 335 E,G06F 1/26 335 E,・メモリ記憶保護信号の発生,
uploaded,廃止,G06F 1/00 335 Z,G06F 1/26 335 Z,その他のもの,
uploaded,廃止,G06F 1/00 341,G06F 1/03 Z,・・電源異常時の対策〔バツクアツプ電源は，３３５〕,
uploaded,廃止,G06F 1/00 341 A,G06F 1/03 A,停電復電処理〔Ｖ優先〕,
uploaded,廃止,G06F 1/00 341 K,G06F 1/03 K,・コンピユ－タの停止再開処理,
uploaded,廃止,G06F 1/00 341 L,G06F 1/03 L,・デ－タ保護処理,
uploaded,廃止,G06F 1/00 341 M,G06F 1/03 M,・・デ－タの退避回復処理,
uploaded,廃止,G06F 1/00 341 N,G06F 1/03 N,・・外部記憶デ－タのためのもの,
uploaded,廃止,G06F 1/00 341 P,G06F 1/03 P,・機能の一部停止〔例．プリンタの停止〕,
uploaded,廃止,G06F 1/00 341 Q,G06F 1/03 Q,・電源のしゃ断,
uploaded,廃止,G06F 1/00 341 R,G06F 1/03 R,・停電時間／バツクアツプ良否を判断するもの,
uploaded,廃止,G06F 1/00 341 V,G06F 1/03 V,瞬断に対処するもの〔Ｘ優先〕,
uploaded,廃止,G06F 1/00 341 X,G06F 1/03 X,事前対策を有するもの〔例．予め一定間隔でデ－タ退避を行つておくもの〕,
uploaded,廃止,G06F 1/00 341 Z,G06F 1/03 Z,その他のもの,
uploaded,廃止,G06F 1/00 350,G06F 1/24 Z,・初期化,
uploaded,廃止,G06F 1/00 350 A,G06F 1/24 A,初期化処理方式,
uploaded,廃止,G06F 1/00 350 B,G06F 1/24 B,リセツト方式,
uploaded,廃止,G06F 1/00 350 C,G06F 1/24 C,メモリの初期化,
uploaded,廃止,G06F 1/00 350 Z,G06F 1/24 Z,その他のもの,
uploaded,廃止,G06F 1/00 351,G06F 1/24 351,・・リセツト回路,
uploaded,廃止,G06F 1/00 360,G06F 1/02 Z,・計算機の冷却,
uploaded,廃止,G06F 1/00 360 A,G06F 1/02 A,液冷〔Ｃ，Ｄ，Ｅ優先〕,
uploaded,廃止,G06F 1/00 360 B,G06F 1/02 B,空冷〔Ｃ，Ｄ，Ｅ優先〕,
uploaded,廃止,G06F 1/00 360 C,G06F 1/02 C,構造,
uploaded,廃止,G06F 1/00 360 D,G06F 1/02 D,制御,
uploaded,廃止,G06F 1/00 360 E,G06F 1/02 E,障害監視,
uploaded,廃止,G06F 1/00 360 Z,G06F 1/02 Z,その他のもの,
uploaded,廃止,G06F 1/00 410,G06F 1/00,・システム一般,
uploaded,廃止,G06F 1/04 301,G06F 1/04 550,・・クロツクの制御（３１０～３５２に属するものは除く）,
uploaded,廃止,G06F 1/04 301 A,G06F 1/04 560,クロツクの起動,
uploaded,廃止,G06F 1/04 301 B,G06F 1/04 570,クロツクの停止または周波数の低減,
uploaded,廃止,G06F 1/04 301 C,G06F 1/04 575,・節電のためのもの,
uploaded,廃止,G06F 1/04 301 F,G06F 1/04 302 F,装置試験のためのもの〔クロツク系の試験含む〕,
uploaded,廃止,G06F 1/04 301 Z,G06F 1/04 550,その他のもの,
uploaded,廃止,G06F 1/04 310,G06F 1/06,・・複数のクロツク信号を発生するクロツク発生器,
uploaded,廃止,G06F 1/04 310 A,G06F 1/06 590,クロツク信号の切替,
uploaded,廃止,G06F 1/04 310 Z,G06F 1/06,その他のもの,
uploaded,廃止,G06F 1/04 311,G06F 1/06 510,・・・多相クロツク発生器,
uploaded,廃止,G06F 1/04 311 A,G06F 1/06 510,２相クロツク発生器,
uploaded,廃止,G06F 1/04 311 B,G06F 1/06 510,４相クロツク発生器,
uploaded,廃止,G06F 1/04 311 Z,G06F 1/06 510,その他のもの,
uploaded,廃止,G06F 1/04 312,G06F 1/06 520,・・・タイミングパルス発生器,
uploaded,廃止,G06F 1/04 312 A,G06F 1/06 520,遅延回路を用いるもの,
uploaded,廃止,G06F 1/04 312 D,G06F 1/06 521,タイミングパタ－ンを記憶するメモリを有するもの,
uploaded,廃止,G06F 1/04 312 Z,G06F 1/06 520,その他のもの,
uploaded,廃止,G06F 1/04 320,G06F 1/08,・・クロツク周波数が可変またはプログラマブルであるクロツク発生器,
uploaded,廃止,G06F 1/04 320 A,G06F 1/08 510,クロツク周波数の切替,
uploaded,廃止,G06F 1/04 320 B,G06F 1/08 520,クロツク周波数がプログラマブルのもの,
uploaded,廃止,G06F 1/04 320 Z,G06F 1/08,その他のもの,
uploaded,廃止,G06F 1/04 330,G06F 1/01,・・クロツク信号の分配,
uploaded,廃止,G06F 1/04 330 A,G06F 1/01 510,遅延量の調整,
uploaded,廃止,G06F 1/04 330 Z,G06F 1/01,その他のもの,
uploaded,廃止,G06F 1/04 340,G06F 1/12,・・異なるクロツク信号の同期,
uploaded,廃止,G06F 1/04 340 A,G06F 1/12,同期化,
uploaded,廃止,G06F 1/04 340 D,G06F 1/12 510,送受信のためのもの,
uploaded,廃止,G06F 1/04 340 Z,G06F 1/12,その他のもの,
uploaded,廃止,G06F 1/04 350,G06F 1/14,・・時間監視装置，例．リアルタイムクロツク,
uploaded,廃止,G06F 1/04 351,G06F 1/14 510,・・・実時間監視のためのもの,
uploaded,廃止,G06F 1/04 351 A,G06F 1/14 511,時刻合わせのためのもの,
uploaded,廃止,G06F 1/04 351 B,G06F 1/14 512,・複数タイマ－間の時刻合わせ,
uploaded,廃止,G06F 1/04 351 Z,G06F 1/14 510,その他のもの,
uploaded,廃止,G06F 1/04 352,G06F 1/14 520,・・・経過時間監視のためのもの〔例．マルチタイマ－〕,
uploaded,廃止,G06F 1/04 A,G06F 1/04 510,誤動作防止，精度向上のためのもの〔調整，安定化，不要輻射防止等〕,
uploaded,廃止,G06F 1/04 B,G06F 1/04,特殊な利用,
uploaded,廃止,G06F 1/04 C,G06F 1/04,特殊なクロツク発生に関するもの,
uploaded,廃止,G06F 1/04 E,G06F 1/04,分散化したクロツク発生器に関するもの,
uploaded,廃止,G06F 1/04 Z,G06F 1/04,その他のもの,
uploaded,廃止,G06F 3/09 A,G06F 3/09,タイプライターへの出力,
uploaded,廃止,G06F 3/09 B,G06F 3/09,対話型文章編集作成装置,
uploaded,廃止,G06F 3/09 C,G06F 3/09,和文タイプライターへの入出力,
uploaded,廃止,G06F 3/09 Z,G06F 3/09,その他のもの,
uploaded,廃止,G06F 3/12 A,G06F 3/12,データ転送,
uploaded,廃止,G06F 3/12 B,G06F 3/12,バッファ・メモリ，図形データ,
uploaded,廃止,G06F 3/12 C,G06F 3/12,プリンタに対する特殊な命令，プログラムリストの打出し，ＰＤＬ,
uploaded,廃止,G06F 3/12 D,G06F 3/12,複数台のプリンタ，一台のプリンタと複数の入力，プリンタ側の特殊なＳＷ等,
uploaded,廃止,G06F 3/12 E,G06F 3/12,タブ，帳票，ＬＦ，ＶＴ，ＦＦ，ＦＴＣ，ＣＲ，マージン,
uploaded,廃止,G06F 3/12 F,G06F 3/12,作表〔罫線〕，フォーマット・オーバレイ，アンダーライン,
uploaded,廃止,G06F 3/12 G,G06F 3/12,文字パターン，特殊文字,
uploaded,廃止,G06F 3/12 H,G06F 3/12,縦横回転，拡大縮小，添字，ルビ，半角文字処理,
uploaded,廃止,G06F 3/12 J,G06F 3/12,文字ピッチ，ライン間隔，行末処理,
uploaded,廃止,G06F 3/12 K,G06F 3/12,テスト〔試し〕印刷，障害，ステータス，保守，ログ（履歴），認証，課金，電源,
uploaded,廃止,G06F 3/12 L,G06F 3/12,多色・階調，異種データの識別,
uploaded,廃止,G06F 3/12 M,G06F 3/12,用紙絡みのもの,
uploaded,廃止,G06F 3/12 N,G06F 3/12,プレビュー，表示画面のハードコピー,
uploaded,廃止,G06F 3/12 P,G06F 3/12,両方向・正逆・両面印刷，複数枚，頁付け，Ｎ－ｕｐ,
uploaded,廃止,G06F 3/12 Q,G06F 3/12,ゼロサプレス，小数点，桁区切り,
uploaded,廃止,G06F 3/12 R,G06F 3/12,構造配置，特殊入力による印字,
uploaded,廃止,G06F 3/12 S,G06F 3/12,グラフ,
uploaded,廃止,G06F 3/12 T,G06F 3/12,カレンダ・日付・時刻，データ収集,
uploaded,廃止,G06F 3/12 U,G06F 3/12,ダイレクトプリント，電卓,
uploaded,廃止,G06F 3/12 V,G06F 3/12,対話型文書編集作成装置,
uploaded,廃止,G06F 3/12 W,G06F 3/12,他の特殊用途用,
uploaded,廃止,G06F 3/12 Z,G06F 3/12,その他のもの,
uploaded,廃止,G06F 3/16 310,G06F 3/16 400,・・インタ－フエ－ス,
uploaded,廃止,G06F 3/16 310 A,G06F 3/16 410,電話回線利用の音声応答装置,
uploaded,廃止,G06F 3/16 310 Z,G06F 3/16 400,その他のもの,
uploaded,廃止,G06F 3/16 320,G06F 3/16,・・音声入力,
uploaded,廃止,G06F 3/16 320 A,G06F 3/16 610,他の入力装置との併用,
uploaded,廃止,G06F 3/16 320 B,G06F 3/16 630,音声コマンドによる指令,
uploaded,廃止,G06F 3/16 320 C,G06F 3/16 670,アンサ－バツクによる確認,
uploaded,廃止,G06F 3/16 320 D,G06F 3/16 620,表示による確認,
uploaded,廃止,G06F 3/16 320 E,G06F 3/16 510,入力レベルの制御,
uploaded,廃止,G06F 3/16 320 F,G06F 3/16 520,音声入力期間の設定,
uploaded,廃止,G06F 3/16 320 G,G06F 3/16 640,話者の照合,
uploaded,廃止,G06F 3/16 320 H,G06F 3/16 650,音声認識,
uploaded,廃止,G06F 3/16 320 Z,G06F 3/16,その他のもの,
uploaded,廃止,G06F 3/16 330,G06F 3/16,・・音声出力,
uploaded,廃止,G06F 3/16 330 A,G06F 3/16 670,確認音声を出力するキ－ボ－ド,
uploaded,廃止,G06F 3/16 330 B,G06F 3/16 610,他の入力装置との併用,
uploaded,廃止,G06F 3/16 330 C,G06F 3/16 620,他の表示装置との併用,
uploaded,廃止,G06F 3/16 330 D,G06F 3/16 680,動作状態・異常状態の報知,
uploaded,廃止,G06F 3/16 330 E,G06F 3/16 660,音声ガイダンス・操作方法案内,
uploaded,廃止,G06F 3/16 330 F,G06F 3/16,プログラムの音声出力,
uploaded,廃止,G06F 3/16 330 G,G06F 3/16 530,音声出力期間及び出力箇所の設定,
uploaded,廃止,G06F 3/16 330 H,G06F 3/16 540,音量・音質・音速の制御,
uploaded,廃止,G06F 3/16 330 J,G06F 3/16 550,無音処理,
uploaded,廃止,G06F 3/16 330 K,G06F 3/16 690,音声合成,
uploaded,廃止,G06F 3/16 330 Z,G06F 3/16,その他のもの,
uploaded,廃止,G06F 3/16 340,G06F 3/16,・・装置,
uploaded,廃止,G06F 3/16 340 A,G06F 3/16,音声入力機能を有する装置,
uploaded,廃止,G06F 3/16 340 B,G06F 3/16,・音声電卓,
uploaded,廃止,G06F 3/16 340 C,G06F 3/16,・音声ワ－ドプロセツサ,
uploaded,廃止,G06F 3/16 340 D,G06F 3/16,・音声タイプライタ－,
uploaded,廃止,G06F 3/16 340 E,G06F 3/16,・電算写植装置,
uploaded,廃止,G06F 3/16 340 F,G06F 3/16,・電子翻訳器,
uploaded,廃止,G06F 3/16 340 G,G06F 3/16,・自動取引装置,
uploaded,廃止,G06F 3/16 340 H,G06F 3/16,・金銭登録機,
uploaded,廃止,G06F 3/16 340 J,G06F 3/16,・録音再生機能付時計,
uploaded,廃止,G06F 3/16 340 K,G06F 3/16,・録音再生装置,
uploaded,廃止,G06F 3/16 340 L,G06F 3/16,・調理器,
uploaded,廃止,G06F 3/16 340 M,G06F 3/16,・車両・船舶用のもの,
uploaded,廃止,G06F 3/16 340 N,G06F 3/16,音声出力機能を有する装置,
uploaded,廃止,G06F 3/16 340 P,G06F 3/16,・音声ワ－ドプロセツサ,
uploaded,廃止,G06F 3/16 340 Q,G06F 3/16,・電子翻訳器,
uploaded,廃止,G06F 3/16 340 R,G06F 3/16,・音声電卓,
uploaded,廃止,G06F 3/16 340 S,G06F 3/16,・学習教育装置,
uploaded,廃止,G06F 3/16 340 T,G06F 3/16,・自動取引装置,
uploaded,廃止,G06F 3/16 340 U,G06F 3/16,・金銭登録機,
uploaded,廃止,G06F 3/16 340 V,G06F 3/16,・調理器,
uploaded,廃止,G06F 3/16 340 W,G06F 3/16,・車両・船舶用のもの,
uploaded,廃止,G06F 3/16 340 X,G06F 3/16,・身体障害者用のもの,
uploaded,廃止,G06F 3/16 340 Z,G06F 3/16,その他のもの,
uploaded,廃止,G06F 15/02 330 M,G06F 15/02 340 M,単位換算,
uploaded,廃止,G06F 15/02 330 N,G06F 15/02 341 N,時間計算,
uploaded,廃止,G06F 15/02 330 P,G06F 15/02 341 P,日数，曜日計算,
uploaded,廃止,G06F 15/02 330 Q,G06F 15/02 341 Q,・カレンダ,
uploaded,廃止,G06F 15/02 355,G06F 15/02 342,・・電子メモ,
uploaded,廃止,G06F 15/02 355 A,G06F 15/02 342 A,スケジユ－ル，時刻表,
uploaded,廃止,G06F 15/02 355 Z,G06F 15/02 342 Z,その他,
uploaded,廃止,G06F 15/17 630,G06F 15/173 665 Z,・・・・バス結合による分散共有メモリ型マルチプロセッサ,
uploaded,廃止,G06F 15/17 630 A,G06F 15/173 665 C,ノード間データ転送制御,
uploaded,廃止,G06F 15/17 630 B,G06F 15/173 665 E,・ローカルバス／メモリの競合制御，排他制御，ローカルエリア制御,
uploaded,廃止,G06F 15/17 630 Z,G06F 15/173 665 X,その他,
uploaded,廃止,G06F 15/17 635,G06F 15/173 665 Z,・・・・ネットワーク接続による分散共有メモリ型並列計算機,
uploaded,廃止,G06F 15/17 635 A,G06F 15/173 665 D,ノード間通信制御,
uploaded,廃止,G06F 15/17 635 B,G06F 15/173 665 F,・遠隔直接書き込み／読み出し制御,
uploaded,廃止,G06F 15/17 635 J,G06F 15/173 665 J,・キャッシュに依存しないデータ一貫性維持（１５／１７３優先）,
uploaded,廃止,G06F 15/17 635 Z,G06F 15/173 665 Y,その他,
uploaded,廃止,G06F 15/173 640,G06F 15/173 680,・・・・直接相互接続ネットワークで接続された並列計算機,
uploaded,廃止,G06F 15/173 640 A,G06F 15/173 681,直接接続，隣接ノードの接続構造,
uploaded,廃止,G06F 15/173 640 C,G06F 15/173 683 C,・格子網，メッシュ，マトリックス,
uploaded,廃止,G06F 15/173 640 L,G06F 15/173 683 B,・リング，ループ,
uploaded,廃止,G06F 15/173 640 M,G06F 15/16 605 M,複数プロセッサボード間の直接接続・配線構造,
uploaded,廃止,G06F 15/173 640 Z,G06F 15/173 680,その他,
uploaded,廃止,G06F 15/173 650,G06F 15/173 685,・・・・間接相互接続ネットワークで接続された並列計算機,
uploaded,廃止,G06F 15/173 650 A,G06F 15/173 685 A,間接相互接続ネットワーク,
uploaded,廃止,G06F 15/173 650 B,G06F 15/173 660 B,並列計算機内の通信制御，例．パケット制御、経路制御,
uploaded,廃止,G06F 15/173 650 C,G06F 15/173 660 C,・同報，ブロードキャスト,
uploaded,廃止,G06F 15/173 650 M,G06F 15/173 685 M,・多段接合網〔マルチステージ〕による相互接続,
uploaded,廃止,G06F 15/173 650 S,G06F 15/173 685 S,・スイッチ結合網〔マトリックス・スイッチ，スイッチ群〕による相互接続,
uploaded,廃止,G06F 15/173 650 V,G06F 15/173 695,複数Ｉ／Ｏノードの間接相互接続,
uploaded,廃止,G06F 15/173 650 Z,G06F 15/173 685 Z,その他,
uploaded,廃止,G06F 15/78 510,G06F 15/78 599,・・・マイクロコンピユ－タ,
uploaded,廃止,G06F 15/78 510 A,G06F 15/78 550,オンチツプメモリを有するもの,
uploaded,廃止,G06F 15/78 510 B,G06F 15/78 512,・シングルチツプマイコンの外部拡張,
uploaded,廃止,G06F 15/78 510 C,G06F 15/78 518 C,・オンチツプメモリの外部との接続,
uploaded,廃止,G06F 15/78 510 D,G06F 15/78 513,入出力に関する事項,
uploaded,廃止,G06F 15/78 510 E,G06F 15/78 514,・入出力回路，端子,
uploaded,廃止,G06F 15/78 510 F,G06F 15/78 518 F,・メモリとの接続,
uploaded,廃止,G06F 15/78 510 G,G06F 15/78 515,チツプ内蔵回路に特徴があるもの,
uploaded,廃止,G06F 15/78 510 K,G06F 15/78 516,試験，デバツグ，監視,
uploaded,廃止,G06F 15/78 510 P,G06F 15/78 517,電源，クロツク，リセツト等に関する事項,
uploaded,廃止,G06F 15/78 510 Z,G06F 15/78 599,その他,
uploaded,廃止,G06F 17/14 A,G06F 17/14 510,フ－リエ変換，〔バタフライ演算〕（Ｈ１２．６新設）,
uploaded,廃止,G06F 17/14 S,G06F 17/14 550,ウオルシユ，アダマ－ル，その他の変換（Ｈ１２．６新設）,
uploaded,廃止,G10B 1/00 A,G10B 1/00,縮小可能な構造のもの〔折畳式等〕,
uploaded,廃止,G10B 1/00 Z,G10B 1/00,その他,
uploaded,廃止,G10B 3/00 A,G10B 3/00 100,リ－ドオルガン特有の細部,
uploaded,廃止,G10B 3/00 B,G10B 3/00 120,・リ－ド，リ－ドの支持，調整,
uploaded,廃止,G10B 3/00 C,G10B 3/00 150,天板，譜面台〔参照・音楽用書見台は，Ａ４７Ｂ２３／００Ｂ〕,
uploaded,廃止,G10B 3/00 D,G10B 3/00 200,蓋,
uploaded,廃止,G10B 3/00 E,G10B 3/00 210,・開閉機構,
uploaded,廃止,G10B 3/00 H,G10B 3/00 250,外装，ケ－ス〔例．カバ－〕,
uploaded,廃止,G10B 3/00 J,G10B 3/00 300,脚，スタンド,
uploaded,廃止,G10B 3/00 Z,G10B 3/00,その他,
uploaded,廃止,G10B 3/12 A,G10B 3/12 100,鍵,
uploaded,廃止,G10B 3/12 B,G10B 3/12 110,鍵支持構造,
uploaded,廃止,G10B 3/12 C,G10B 3/12 111,・支持部,
uploaded,廃止,G10B 3/12 E,G10B 3/12 112,・復帰,
uploaded,廃止,G10B 3/12 F,G10B 3/12 113,・ストツパ,
uploaded,廃止,G10B 3/12 H,G10B 3/12 120,鍵ガイド,
uploaded,廃止,G10B 3/12 J,G10B 3/12 130,タツチ感を変えるためのもの〔Ｂ～Ｈが優先〕,
uploaded,廃止,G10B 3/12 Z,G10B 3/12,その他,
uploaded,廃止,G10B 3/14 A,G10B 3/14 100,鍵,
uploaded,廃止,G10B 3/14 B,G10B 3/14 110,鍵支持構造,
uploaded,廃止,G10B 3/14 H,G10B 3/14 120,鍵ガイド,
uploaded,廃止,G10B 3/14 K,G10B 3/14 130,ダンパ,
uploaded,廃止,G10B 3/14 Z,G10B 3/14,その他,
uploaded,廃止,G10B 3/16 A,G10B 3/16,リ－ドオルガンの,
uploaded,廃止,G10B 3/16 Z,G10B 3/16,その他,
uploaded,廃止,G10C 1/06 A,G10C 1/00,鍵盤付弦楽器の全体構造,
uploaded,廃止,G10C 1/06 B,G10C 1/00,・チエンバロ（ハ－プシコ－ド）,
uploaded,廃止,G10C 1/06 C,G10C 1/00,・玩具用,
uploaded,廃止,G10C 1/06 D,G10C 1/00,・卓上用,
uploaded,廃止,G10C 1/06 E,G10C 1/00,・らせん弦をもつもの,
uploaded,廃止,G10C 1/06 F,G10C 1/00,・折りたたみ式のもの,
uploaded,廃止,G10C 1/06 Z,G10C 1/00,その他,
uploaded,廃止,G10C 3/00 A,G10C 3/00 100,弦の種類,
uploaded,廃止,G10C 3/00 B,G10C 3/00 100,・らせん弦,
uploaded,廃止,G10C 3/00 C,G10C 3/00 100,・巻線弦,
uploaded,廃止,G10C 3/00 D,G10C 3/00 100,・高音、または低音用弦,
uploaded,廃止,G10C 3/00 E,G10C 3/00 100,・電気ピアノ用弦,
uploaded,廃止,G10C 3/00 F,G10C 3/00 110,・弦の製造、固定、断線防止に関するもの,
uploaded,廃止,G10C 3/00 G,G10C 3/00 150,音の可変,
uploaded,廃止,G10C 3/00 H,G10C 3/00 160,・増音,
uploaded,廃止,G10C 3/00 J,G10C 3/00 160,・減、弱音,
uploaded,廃止,G10C 3/00 K,G10C 3/00 150,・床、または空中への音の伝播防止,
uploaded,廃止,G10C 3/00 L,G10C 3/00 150,・アクシヨン機構、または伝播径路における音量調整,
uploaded,廃止,G10C 3/00 M,G10C 3/00 200,楽譜の配置場所,
uploaded,廃止,G10C 3/00 N,G10C 3/00 200,・鍵盤蓋,
uploaded,廃止,G10C 3/00 P,G10C 3/00 200,・前板、上板、屋根板、天板など,
uploaded,廃止,G10C 3/00 Q,G10C 3/00 210,・楽器と別体のもの,
uploaded,廃止,G10C 3/00 R,G10C 3/00,ピアノ等の付属品,
uploaded,廃止,G10C 3/00 S,G10C 3/00 250,・防湿、防塵、カバ－,
uploaded,廃止,G10C 3/00 T,G10C 3/00 300,・照明,
uploaded,廃止,G10C 3/00 U,G10C 3/00 350,・ペダル用椅子、足台,
uploaded,廃止,G10C 3/00 V,G10C 3/00 400,・ピアノ等の移動用具,
uploaded,廃止,G10C 3/00 W,G10C 3/00 450,・ピアノ等の固定用・転倒防止用具,
uploaded,廃止,G10C 3/00 Z,G10C 3/00,その他,
uploaded,廃止,G10C 3/02 A,G10C 3/02,ケ－ス、外装部品,
uploaded,廃止,G10C 3/02 B,G10C 3/02 100,・鍵盤蓋,
uploaded,廃止,G10C 3/02 C,G10C 3/02 110,・上前板、下前板,
uploaded,廃止,G10C 3/02 D,G10C 3/02 120,・天板、屋根板,
uploaded,廃止,G10C 3/02 E,G10C 3/02 130,・側板、親板、裏板,
uploaded,廃止,G10C 3/02 F,G10C 3/02 140,・脚部、土台,
uploaded,廃止,G10C 3/02 G,G10C 3/02 150,・折りたたみのための構造,
uploaded,廃止,G10C 3/02 Z,G10C 3/02,その他,
uploaded,廃止,G10C 3/04 A,G10C 3/04 100,駒、駒の取付け,
uploaded,廃止,G10C 3/04 B,G10C 3/04 110,・長駒,
uploaded,廃止,G10C 3/04 C,G10C 3/04 120,・短駒,
uploaded,廃止,G10C 3/04 D,G10C 3/04 130,・積層駒,
uploaded,廃止,G10C 3/04 E,G10C 3/04 140,・長、短駒の取付け位置に関係するもの,
uploaded,廃止,G10C 3/04 F,G10C 3/04 150,・駒の取付、駒への取付,
uploaded,廃止,G10C 3/04 G,G10C 3/04 100,・駒の材質、製法に関するもの,
uploaded,廃止,G10C 3/04 H,G10C 3/04 200,フレ－ムの構造、形状,
uploaded,廃止,G10C 3/04 J,G10C 3/04 210,・分割フレ－ム,
uploaded,廃止,G10C 3/04 K,G10C 3/04 220,・補強用リブ（骨、桟）,
uploaded,廃止,G10C 3/04 L,G10C 3/01 150,・弦枕,
uploaded,廃止,G10C 3/04 M,G10C 3/04 230,・フレ－ムの取付,
uploaded,廃止,G10C 3/04 N,G10C 3/01 110,・フレ－ムへのチユ－ニングピン等の取付,
uploaded,廃止,G10C 3/04 P,G10C 3/04 200,・材質、製法に関わるもの,
uploaded,廃止,G10C 3/04 Z,G10C 3/04,その他,
uploaded,廃止,G10C 3/06 A,G10C 3/06 100,響板等の共鳴手段,
uploaded,廃止,G10C 3/06 B,G10C 3/06 100,・木製の響板,
uploaded,廃止,G10C 3/06 C,G10C 3/06 100,・・積層響板,
uploaded,廃止,G10C 3/06 D,G10C 3/06 100,・木製以外の響板,
uploaded,廃止,G10C 3/06 E,G10C 3/06 110,・響板の取付（打廻し、支柱、框）,
uploaded,廃止,G10C 3/06 F,G10C 3/06 120,・響板への取付（響棒など）,
uploaded,廃止,G10C 3/06 Z,G10C 3/06,その他,
uploaded,廃止,G10C 3/01 A,G10C 3/01,弦を張る部品,
uploaded,廃止,G10C 3/01 B,G10C 3/01 100,・チユ－ニングピン,
uploaded,廃止,G10C 3/01 C,G10C 3/01 110,・・チユ－ニングピンの取付,
uploaded,廃止,G10C 3/01 D,G10C 3/01 150,・ヒツチピン、弦支持用フレ－ム突起（弦枕）,
uploaded,廃止,G10C 3/01 E,G10C 3/01 200,・アグラフ（弦押え）,
uploaded,廃止,G10C 3/01 Z,G10C 3/01,その他,
uploaded,廃止,G10C 3/12 A,G10C 3/12,鍵（鍵盤）,
uploaded,廃止,G10C 3/12 B,G10C 3/12 100,・鍵の構造、形状,
uploaded,廃止,G10C 3/12 C,G10C 3/12 150,・鍵の支持、案内,
uploaded,廃止,G10C 3/12 D,G10C 3/12 200,・鍵の配置,
uploaded,廃止,G10C 3/12 E,G10C 3/02 100,・鍵盤蓋,
uploaded,廃止,G10C 3/12 F,G10C 3/02 160,・棚板,
uploaded,廃止,G10C 3/12 G,G10C 3/12 250,・筬（おさ）,
uploaded,廃止,G10C 3/12 H,G10C 3/02 170,・拍子木、口棒、腕木,
uploaded,廃止,G10C 3/12 Z,G10C 3/12,その他,
uploaded,廃止,G10C 3/16 A,G10C 3/16,アクシヨン機構,
uploaded,廃止,G10C 3/16 B,G10C 3/16 100,・キヤプスタン,
uploaded,廃止,G10C 3/16 C,G10C 3/16 110,・ウイツペン,
uploaded,廃止,G10C 3/16 D,G10C 3/16 120,・ジヤツク,
uploaded,廃止,G10C 3/16 E,G10C 3/16 130,・レペテイシヨンレバ－,
uploaded,廃止,G10C 3/16 F,G10C 3/18,・ハンマ－,
uploaded,廃止,G10C 3/16 G,G10C 3/18 120,・・ハンマ－ロ－ラ、ハンマ－バツト,
uploaded,廃止,G10C 3/16 H,G10C 3/18 120,・・復帰用部材（キヤツチヤ－）,
uploaded,廃止,G10C 3/16 J,G10C 3/16 140,・ブラケツト、レ－ル、その取付,
uploaded,廃止,G10C 3/16 K,G10C 3/16,・特殊ピアノ、ピアノ以外のアクシヨン,
uploaded,廃止,G10C 3/16 L,G10C 3/16 150,・ダンパ－,
uploaded,廃止,G10C 3/16 M,G10C 3/16 160,・弱音機構、打弦位置の調整,
uploaded,廃止,G10C 3/16 Z,G10C 3/16,その他,
uploaded,廃止,G10C 3/18 A,G10C 3/18,ハンマ－機構,
uploaded,廃止,G10C 3/18 B,G10C 3/18 100,・ハンマ－ヘツド,
uploaded,廃止,G10C 3/18 C,G10C 3/18 101,・・ハンマ－フエルト,
uploaded,廃止,G10C 3/18 D,G10C 3/18 110,・ハンマ－シヤンク（ウツド）,
uploaded,廃止,G10C 3/18 E,G10C 3/18 120,・ハンマ－付属品（ロ－ラ、フランジなど）,
uploaded,廃止,G10C 3/18 Z,G10C 3/18,その他,
uploaded,廃止,G10C 3/26 A,G10C 3/26,減音、ペダル機構,
uploaded,廃止,G10C 3/26 B,G10C 3/26 100,・ペダル自体の構造、支持、取付,
uploaded,廃止,G10C 3/26 C,G10C 3/26 110,・ペダル箱、その支持,
uploaded,廃止,G10C 3/26 D,G10C 3/26 120,・ペダル用の補助装置,
uploaded,廃止,G10C 3/26 E,G10C 3/26,・ペダルからの動力伝達機構,
uploaded,廃止,G10C 3/26 F,G10C 3/26,・・ペダルの踏込み深さの調整,
uploaded,廃止,G10C 3/26 G,G10C 3/26,・ペダルからの動力伝達に関係ないもの,
uploaded,廃止,G10C 3/26 Z,G10C 3/26,その他,
uploaded,廃止,G10D 7/02 A,G10D 7/02 110,フル－ト,
uploaded,廃止,G10D 7/02 B,G10D 7/02 120,リコ－ダ－,
uploaded,廃止,G10D 7/02 C,G10D 7/02 130,尺八,
uploaded,廃止,G10D 7/02 Z,G10D 7/02,その他,
uploaded,廃止,G10D 7/12 A,G10D 7/12 110,ハ－モニカ,
uploaded,廃止,G10D 7/12 B,G10D 9/00 160,・ハ－モニカの音の配列,
uploaded,廃止,G10D 7/12 E,G10D 7/12 120,鍵盤ハ－モニカ,
uploaded,廃止,G10D 7/12 H,G10D 7/12 130,玩具,
uploaded,廃止,G10D 7/12 Z,G10D 7/12 140,その他〔調律用笛，笙等〕,
uploaded,廃止,G10D 9/00 A,G10D 9/00,管楽器〔クリ－ナ，唾液抜き装置等〕,
uploaded,廃止,G10D 9/00 B,G10D 9/00 110,・管〔管自体，材料，製法，等〕,
uploaded,廃止,G10D 9/00 C,G10D 9/04 110,・鍵，鍵操作，タンポ,
uploaded,廃止,G10D 9/00 E,G10D 9/00 120,・音孔,
uploaded,廃止,G10D 9/00 F,G10D 9/00 111,・管の接続,
uploaded,廃止,G10D 9/00 G,G10D 9/00 130,・外装，ケ－ス,
uploaded,廃止,G10D 9/00 J,G10D 7/12 110,ハ－モニカ,
uploaded,廃止,G10D 9/00 L,G10D 7/12 120,鍵盤ハ－モニカ,
uploaded,廃止,G10D 9/00 M,G10D 9/00 130,・外装，ケ－ス,
uploaded,廃止,G10D 9/00 Z,G10D 9/00,その他,
uploaded,廃止,G10D 9/02 A,G10D 9/02 110,管楽器の吹口，リ－ド,
uploaded,廃止,G10D 9/02 C,G10D 9/02 110,ハ－モニカ，鍵盤ハ－モニカの吹口,
uploaded,廃止,G10D 9/02 D,G10D 9/02 120,ハ－モニカ，鍵盤ハ－モニカのリ－ド,
uploaded,廃止,G10D 9/02 E,G10D 9/02 120,・リ－ドの取付け,
uploaded,廃止,G10D 9/02 F,G10D 9/02 120,・リ－ドの調律,
uploaded,廃止,G10D 9/02 Z,G10D 9/02,その他,
uploaded,廃止,G10D 13/00 501,G10D 13/00 100,・打楽器の全体構造,
uploaded,廃止,G10D 13/00 501 A,G10D 13/00 110,発音体の配例に特徴があるもの,
uploaded,廃止,G10D 13/00 501 Z,G10D 13/00 100,その他のもの,
uploaded,廃止,G10D 13/00 511,G10D 13/00 150,・打楽器の細部，または付属品,
uploaded,廃止,G10D 13/00 511 A,G10D 13/00 160,発音体,
uploaded,廃止,G10D 13/00 511 B,G10D 13/00 171,・ヘツド枠，音板の係止孔,
uploaded,廃止,G10D 13/00 511 C,G10D 13/00 170,発音体係止装置（除調律装置）,
uploaded,廃止,G10D 13/00 511 D,G10D 13/00 180,調律装置,
uploaded,廃止,G10D 13/00 511 E,G10D 13/00 181,・ペダルによるもの,
uploaded,廃止,G10D 13/00 511 F,G10D 13/00 190,ばち等の演奏用具,
uploaded,廃止,G10D 13/00 511 G,G10D 13/00 191,・ペダルによるもの,
uploaded,廃止,G10D 13/00 511 H,G10D 13/00 200,保護具，付属品,
uploaded,廃止,G10D 13/00 511 J,G10D 13/00 201,・楽器と一体の容器，支持具,
uploaded,廃止,G10D 13/00 511 Z,G10D 13/00 150,その他のもの,
uploaded,廃止,G10D 13/00 512,G10D 13/00 250,・・共鳴手段，響胴（除発音体）,
uploaded,廃止,G10D 13/00 512 A,G10D 13/00 250,共鳴周波数を変更できるもの,
uploaded,廃止,G10D 13/00 512 B,G10D 13/00 250,響胴内の共鳴手段,
uploaded,廃止,G10D 13/00 512 C,G10D 13/00 260,弱音器,
uploaded,廃止,G10D 13/00 512 D,G10D 13/00 251,響線,
uploaded,廃止,G10D 13/00 512 Z,G10D 13/00 250,その他のもの,
uploaded,廃止,G10D 13/00 521,G10D 13/00 300,・材料,
uploaded,廃止,G10D 13/00 521 A,G10D 13/00 300,動物系材料（除天然繊維）,
uploaded,廃止,G10D 13/00 521 B,G10D 13/00 300,天然繊維（除木材）,
uploaded,廃止,G10D 13/00 521 C,G10D 13/00 300,木材，樹液,
uploaded,廃止,G10D 13/00 521 D,G10D 13/00 300,・木材削片，パルプ，ゴム,
uploaded,廃止,G10D 13/00 521 E,G10D 13/00 300,石，陶磁器，ガラス,
uploaded,廃止,G10D 13/00 521 F,G10D 13/00 300,金属,
uploaded,廃止,G10D 13/00 521 G,G10D 13/00 300,合成樹脂，合成繊維,
uploaded,廃止,G10D 13/00 521 H,G10D 13/00 300,・繊維強化樹脂,
uploaded,廃止,G10D 13/00 521 J,G10D 13/00 300,積層構造をもつもの,
uploaded,廃止,G10D 13/00 521 Z,G10D 13/00 300,その他のもの,
uploaded,廃止,G10D 13/00 531,G10D 13/00 150,・機能，製造，保守,
uploaded,廃止,G10D 13/00 531 A,G10D 13/00 210,演奏の容易化（除表示）,
uploaded,廃止,G10D 13/00 531 B,G10D 13/00 220,装飾，表示,
uploaded,廃止,G10D 13/00 531 C,G10D 13/00 220,・表示,
uploaded,廃止,G10D 13/00 531 D,G10D 13/00 130,分解可能，折畳可能,
uploaded,廃止,G10D 13/00 531 E,G10D 13/00 130,・折畳可能,
uploaded,廃止,G10D 13/00 531 F,G10D 13/00 203,製造，保守のための工具,
uploaded,廃止,G10D 13/00 531 G,G10D 13/00 150,一体形成,
uploaded,廃止,G10D 13/00 531 Z,G10D 13/00 150,その他のもの,
uploaded,廃止,G10D 13/02 A,G10D 13/00 190,ばち，ビ－タ用フツトペダル,
uploaded,廃止,G10D 13/02 B,G10D 13/02 100,ドラム，太鼓,
uploaded,廃止,G10D 13/02 C,G10D 13/02 101,・和太鼓，鼓,
uploaded,廃止,G10D 13/02 D,G10D 13/02 102,・スチ－ルドラム,
uploaded,廃止,G10D 13/02 E,G10D 13/02 110,タンブリン,
uploaded,廃止,G10D 13/02 F,G10D 13/06 140,・ヘツドレスタンブリン,
uploaded,廃止,G10D 13/02 Z,G10D 13/02,その他のもの,
uploaded,廃止,G10D 13/04 A,G10D 13/00 190,ばち，ビ－タ用フツトペダル,
uploaded,廃止,G10D 13/04 Z,G10D 13/04,その他のもの,
uploaded,廃止,G10D 13/06 A,G10D 13/00 190,ばち，ビ－タ用フツトペダル〔ハイハツト機構は含まない〕,
uploaded,廃止,G10D 13/06 B,G10D 13/06 100,カスタネツト，クラベス，拍子木,
uploaded,廃止,G10D 13/06 C,G10D 13/06 110,シンバル，ドラ，にようはち,
uploaded,廃止,G10D 13/06 D,G10D 13/06 111,・ハイハツトシンバル,
uploaded,廃止,G10D 13/06 E,G10D 13/06 120,トライアングル,
uploaded,廃止,G10D 13/06 F,G10D 13/06 130,マラカス,
uploaded,廃止,G10D 13/06 Z,G10D 13/06,その他のもの,
uploaded,廃止,G10D 13/08 A,G10D 13/00 190,ばち，ビ－タ用フツトペダル,
uploaded,廃止,G10D 13/08 B,G10D 13/08 100,発音体として棒，ロツドをもつもの,
uploaded,廃止,G10D 13/08 C,G10D 13/08 110,発音体として歯，フオ－クをもつもの,
uploaded,廃止,G10D 13/08 D,G10D 13/08 120,発音体として板，ブロツクをもつもの,
uploaded,廃止,G10D 13/08 E,G10D 13/08 130,発音体として管，パイプをもつもの,
uploaded,廃止,G10D 13/08 Z,G10D 13/08,その他のもの,
uploaded,廃止,G10D 17/00 A,G10D 17/00 100,炎で鳴る楽器,
uploaded,廃止,G10D 17/00 Z,G10D 17/00,その他のもの,
uploaded,廃止,G10G 7/00 A,G10G 7/00 100,バンド，カバ－，ケ－ス,
uploaded,廃止,G10G 7/00 Z,G10G 7/00,その他のもの,
uploaded,廃止,G10G 7/02 A,G10G 7/02 100,電子調律装置，電子基準音発生装置,
uploaded,廃止,G10G 7/02 Z,G10G 7/02,その他のもの,
uploaded,廃止,H01Q 5/01,H01Q 5/01,・共振空中線［３］,
uploaded,廃止,H01Q 5/02,H01Q 5/15,・・１または２以上の同一直線上にまっすぐに延びた輻射器からなる中央給電空中線の動作のためのもの［３］,
uploaded,廃止,H02B 7/02,H02B 7/00 A,・骨組への取り付け,
uploaded,廃止,H02B 7/04,H02B 7/00 B,・垂直板への取り付け（家庭用または同様な使用目的のもの９／００）,
uploaded,廃止,H02B 13/02 A,H02B 13/035 A,オ－ル・イン・ワン型，ＧＩＳ構造,
uploaded,廃止,H02B 13/02 Z,H02B 13/035 Z,その他のもの〔ＧＩＳ構造〕,
uploaded,廃止,H02B 13/04,H02B 13/035 301,・・互いに接近して配置され個々に閉鎖された装置,
uploaded,廃止,H02B 13/04 A,H02B 13/035 301 A,ブツシング型，ＧＩＳ「図」,
uploaded,廃止,H02B 13/04 B,H02B 13/035 301 B,管路主母線型，ＧＩＳ,
uploaded,廃止,H02B 13/04 C,H02B 13/035 301 C,ＧＩＳの組立・製造方法,
uploaded,廃止,H02B 13/04 D,H02B 13/035 301 D,据付,
uploaded,廃止,H02B 13/04 E,H02B 13/035 301 E,接地方式,
uploaded,廃止,H02B 13/04 F,H02B 13/035 301 F,ＧＩＳ構成要素〔タイトル，付与せず〕,
uploaded,廃止,H02B 13/04 G,H02B 13/035 301 G,・遮断器,
uploaded,廃止,H02B 13/04 H,H02B 13/035 301 H,・断路器,
uploaded,廃止,H02B 13/04 J,H02B 13/075,・接地装置,
uploaded,廃止,H02B 13/04 K,H02B 13/035 301 K,・放電ギヤツプ・避雷器,
uploaded,廃止,H02B 13/04 L,H02B 13/035 301 L,・口出しブツシング,
uploaded,廃止,H02B 13/04 M,H02B 13/035 321 A,・三相一括型,
uploaded,廃止,H02B 13/04 Z,H02B 13/035 301 Z,その他,
uploaded,廃止,H02B 13/06,H02B 13/035 311,・・・周囲をかこまれた母線によって結合された装置,
uploaded,廃止,H02B 13/06 A,H02B 13/035 311 A,変電所内の母線配置,
uploaded,廃止,H02B 13/06 B,H02B 13/035 311 B,交直交換所,
uploaded,廃止,H02B 13/06 C,H02B 13/065 A,監視,
uploaded,廃止,H02B 13/06 D,H02B 13/065 B,・地絡監視,
uploaded,廃止,H02B 13/06 E,H02B 13/035 341 A,・・変流器,
uploaded,廃止,H02B 13/06 F,H02B 13/035 341 B,・・計器用変圧器・検知電極・コンデンサ分圧器等,
uploaded,廃止,H02B 13/06 G,H02B 13/065 C,・温度検知,
uploaded,廃止,H02B 13/06 H,H02B 13/065 D,・試験・点検,
uploaded,廃止,H02B 13/06 J,H02B 13/055 A,ガスに関するもの,
uploaded,廃止,H02B 13/06 K,H02B 13/055 B,・ガス内不純物〔吸着剤を含む。〕,
uploaded,廃止,H02B 13/06 L,H02B 13/055 C,・・金属粉対策〔例．トラツプ〕,
uploaded,廃止,H02B 13/06 M,H02B 13/055 D,・ガス循環〔回収・充填・冷法・加熱・清浄化等〕,
uploaded,廃止,H02B 13/06 N,H02B 13/065 F,・ガス圧監視・保護,
uploaded,廃止,H02B 13/06 P,H02B 13/035 311 C,母線構造,
uploaded,廃止,H02B 13/06 Q,H02B 13/045 A,接続部〔中心導体接続を含む。〕,
uploaded,廃止,H02B 13/06 R,H02B 13/045 B,・フランジ接続部,
uploaded,廃止,H02B 13/06 S,H02B 13/045 C,・・絶縁スペ－サ〔絶縁物支持体を含む。〕,
uploaded,廃止,H02B 13/06 T,H02B 13/045 D,・・シ－ス電流対策,
uploaded,廃止,H02B 13/06 U,H02B 13/045 E,・・伸縮継手〔ベロ－ズを用いるもの。〕,
uploaded,廃止,H02B 13/06 V,H02B 13/045 F,・ガス入り機器と油入り機器の接続部,
uploaded,廃止,H02B 13/06 Z,H02B 13/035 311 Z,その他,
uploaded,廃止,H02G 1/00 A,H02G 1/00,線路の運用，運転,
uploaded,廃止,H02G 1/00 B,H02G 1/00,芯線，外被等の表示（Ｈ０１Ｂ７／３６参照）,
uploaded,廃止,H02G 1/00 C,H02G 1/00,接続のための芯線の識別,
uploaded,廃止,H02G 1/00 D,H02G 1/00,ゲ－ジ，定規,
uploaded,廃止,H02G 1/00 E,H02G 1/00,架空線以外の電線の据えつけ等,
uploaded,廃止,H02G 1/00 F,H02G 1/00,・架空線以外の試験，検査，故障検出,
uploaded,廃止,H02G 1/00 Z,H02G 1/00,その他,
uploaded,廃止,H02G 1/02 301,H02G 1/02,・・延線方法，装置（３２１が優先する）,
uploaded,廃止,H02G 1/02 301 A,H02G 1/02,先端引きの方法，装置（航空機を用いるものは，１／０２Ｋが優先する）,
uploaded,廃止,H02G 1/02 301 B,H02G 1/02,・延線クランプ,
uploaded,廃止,H02G 1/02 301 C,H02G 1/02,メツセンジヤワイヤにケ－ブルを吊り下げる延線方法,
uploaded,廃止,H02G 1/02 301 D,H02G 1/02,・金車を用いる延線方法（金車は３１１と３１３）,
uploaded,廃止,H02G 1/02 301 E,H02G 1/02,・ル－プ式延線方法,
uploaded,廃止,H02G 1/02 301 F,H02G 1/02,・ケーブルハンガー（ケーブルハンガー取付工具は、３０３Ｖ）,
uploaded,廃止,H02G 1/02 301 G,H02G 1/02,メツセンジヤワイヤにケ－ブルを添わせる延線方法,
uploaded,廃止,H02G 1/02 301 H,H02G 1/02,延線ヨ－ク，カウンタウエイト（含．捩れ防止）,
uploaded,廃止,H02G 1/02 301 J,H02G 1/02,ジヨイントプロテクタ，クランププロテクタ,
uploaded,廃止,H02G 1/02 301 K,H02G 1/02,カムアロング，割ワイヤ,
uploaded,廃止,H02G 1/02 301 L,H02G 1/02,延線用ロ－プ，牽引金具，接続部,
uploaded,廃止,H02G 1/02 301 M,H02G 1/02,送出し方法，装置（ドラムを含む。延線車は１／０２Ｃ）,
uploaded,廃止,H02G 1/02 301 N,H02G 1/02,巻取方法，装置（架線ウインチは１／０２Ｄ）,
uploaded,廃止,H02G 1/02 301 P,H02G 1/02,延線の制御（例．張力制御）,
uploaded,廃止,H02G 1/02 301 Q,H02G 1/02,弛度に関するもの（例．弛度測定。ＡＣＳＲは除く）,
uploaded,廃止,H02G 1/02 301 R,H02G 1/02,ケ－ブルの鉄塔，電柱，金車の通過,
uploaded,廃止,H02G 1/02 301 S,H02G 1/02,ケ－ブルの張り替え（他に特徴のあるものを除く）,
uploaded,廃止,H02G 1/02 301 Z,H02G 1/02,その他,
uploaded,廃止,H02G 1/02 303,H02G 1/02,・・工具，作業用品（架空線活線作業に関するものは、３０９。地上・地下ケーブルに関するものは、１／０６，６０３。）,
uploaded,廃止,H02G 1/02 303 A,H02G 1/02,電柱に関係する工具、作業用品（例．仮腕木。ただし、高所作業車用の仮腕木は、３１７Ｆを優先。）,
uploaded,廃止,H02G 1/02 303 B,H02G 1/02,昇降装置（梯子を除く），吊り上げ装置,
uploaded,廃止,H02G 1/02 303 C,H02G 1/02,作業用金具，用具の撤去，回収,
uploaded,廃止,H02G 1/02 303 D,H02G 1/02,足場，作業台，梯子,
uploaded,廃止,H02G 1/02 303 E,H02G 1/02,落下物受具（落下物受具一般は、Ｅ０４Ｇ２１／３２Ａ）,
uploaded,廃止,H02G 1/02 303 S,H02G 1/00 050,電線カッター（カッター一般は、Ｂ２６Ｂ）,
uploaded,廃止,H02G 1/02 303 T,H02G 1/02,架空線に関係する取付工具,
uploaded,廃止,H02G 1/02 303 U,H02G 1/02,・線交わし工具,
uploaded,廃止,H02G 1/02 303 V,H02G 1/02,・ケーブルハンガー取付工具,
uploaded,廃止,H02G 1/02 303 W,H02G 1/02,・ボルト等を締める機構を有する工具,
uploaded,廃止,H02G 1/02 303 Z,H02G 1/02,その他,
uploaded,廃止,H02G 1/02 305,H02G 1/02,・・支持物，及び架空線に対する付属物の取りつけ，取りはずし（工具は、３０３）,
uploaded,廃止,H02G 1/02 305 A,H02G 1/02,電柱，鉄塔に対する取りつけ，取はずし,
uploaded,廃止,H02G 1/02 305 B,H02G 1/02,・装柱具の取りつけ，取はずし,
uploaded,廃止,H02G 1/02 305 C,H02G 1/02,・ジヤンパ－線の取りつけ，取はずし,
uploaded,廃止,H02G 1/02 305 D,H02G 1/02,架空線への取りつけ，取はずし（例．スパイラルロツドの取りつけ。融雪リングを除く）,
uploaded,廃止,H02G 1/02 305 E,H02G 1/02,絶縁カバーの取りつけ，取りはずし（高所作業車用は、３１７Ｈ）,
uploaded,廃止,H02G 1/02 305 Z,H02G 1/02,その他,
uploaded,廃止,H02G 1/02 307,H02G 1/02,・・鉄塔，電柱の工事,
uploaded,廃止,H02G 1/02 307 A,H02G 1/02,新設，建柱（建柱車は，３１７Ｅ）,
uploaded,廃止,H02G 1/02 307 B,H02G 1/02,立て替え,
uploaded,廃止,H02G 1/02 307 Z,H02G 1/02,その他,
uploaded,廃止,H02G 1/02 309,H02G 1/02,・・活線作業と作業用品（３１７が優先する）,
uploaded,廃止,H02G 1/02 309 A,H02G 1/02,停電時の接地,
uploaded,廃止,H02G 1/02 309 B,H02G 1/02,標識（危険防止，境界標識）,
uploaded,廃止,H02G 1/02 309 C,H02G 1/02,導体による感電防止（例．遮蔽具，帯電防止具，導電衣）,
uploaded,廃止,H02G 1/02 309 D,H02G 1/02,絶縁による感電防止（例．絶縁具，絶縁衣，手袋）,
uploaded,廃止,H02G 1/02 309 E,H02G 1/02,・作業棒，操作棒，ホットスティック等の活線工事用の長尺工具,
uploaded,廃止,H02G 1/02 309 F,H02G 1/02,活線作業用工具（活線作業用に特定されないものは、３０３）,
uploaded,廃止,H02G 1/02 309 G,H02G 1/02,・バインド線巻きつけ具,
uploaded,廃止,H02G 1/02 309 H,H02G 1/02,・ケ－ブルの被覆除去具（Ｈ０２Ｇ１／１２が優先する）,
uploaded,廃止,H02G 1/02 309 J,H02G 1/02,・研磨具（Ｈ０２Ｇ１／１２が優先する）,
uploaded,廃止,H02G 1/02 309 K,H02G 1/02,バイパス線で通電を維持する活線作業,
uploaded,廃止,H02G 1/02 309 L,H02G 1/02,・バイパス用作業用品（仮腕木は，３０３Ａが優先）,
uploaded,廃止,H02G 1/02 309 M,H02G 1/02,・・バイパス開閉器,
uploaded,廃止,H02G 1/02 309 N,H02G 1/02,活線作業用足場，梯子,
uploaded,廃止,H02G 1/02 309 Z,H02G 1/02,その他,
uploaded,廃止,H02G 1/02 311,H02G 1/02,・・金車,
uploaded,廃止,H02G 1/02 311 A,H02G 1/02,固定金車（鉄塔に吊るなどして，金車が動かないもの）,
uploaded,廃止,H02G 1/02 311 B,H02G 1/02,・ケ－ブルに並列に配置する金車（例．多導体用）,
uploaded,廃止,H02G 1/02 311 C,H02G 1/02,・井桁状，ボツクス状，環状に車を配置したもの,
uploaded,廃止,H02G 1/02 311 D,H02G 1/02,・多輪カ－ブ状金車（多数の金車を円弧状に配置）,
uploaded,廃止,H02G 1/02 311 E,H02G 1/02,・キヤタピラ金車（無限軌道型）,
uploaded,廃止,H02G 1/02 311 F,H02G 1/02,・牽引方向が大きく変わる場所の金車（例．カ－ブ地点，鉄塔導入部。Ｄ，Ｅの金車は除く）,
uploaded,廃止,H02G 1/02 311 G,H02G 1/02,・金車の取りつけ,
uploaded,廃止,H02G 1/02 311 H,H02G 1/02,・ケ－ブル接続部，接続部プロテクタ－の保護（金車，フレ－ムの変形，傾き等で通過を容易にする。Ｄ，Ｅの金車は除く）,
uploaded,廃止,H02G 1/02 311 J,H02G 1/02,フレ－ムの扉（ケ－ブルの挿入と排出，扉の開閉，鎖錠）,
uploaded,廃止,H02G 1/02 311 K,H02G 1/02,金車の昇降と地上からの操作（ロ－プ，竿などによるもの）,
uploaded,廃止,H02G 1/02 311 L,H02G 1/02,ブレ－キ，ストツパ－,
uploaded,廃止,H02G 1/02 311 M,H02G 1/02,測定，監視，制御（例．張力）,
uploaded,廃止,H02G 1/02 311 N,H02G 1/02,索条（メツセンジヤ－ワイヤ－，牽引線）に関するもの,
uploaded,廃止,H02G 1/02 311 P,H02G 1/02,接地（ケ－ブルの接地）,
uploaded,廃止,H02G 1/02 311 Q,H02G 1/02,滑車，ロ－ラ－，キヤタピラの構造等,
uploaded,廃止,H02G 1/02 311 R,H02G 1/02,・溝形状,
uploaded,廃止,H02G 1/02 311 S,H02G 1/02,・多条溝,
uploaded,廃止,H02G 1/02 311 T,H02G 1/02,・滑動面の構造，表面処理,
uploaded,廃止,H02G 1/02 311 Z,H02G 1/02,その他,
uploaded,廃止,H02G 1/02 313,H02G 1/02,・・・移動金車（ケ－ブル，ワイヤに吊り，その上を移動する金車。車のないものは，３０１Ｆ）,
uploaded,廃止,H02G 1/02 313 A,H02G 1/02,ケ－ブルに並列に配置する金車（例．多導体用）,
uploaded,廃止,H02G 1/02 313 B,H02G 1/02,井桁状，ボツクス状，環状に車を配置したもの,
uploaded,廃止,H02G 1/02 313 C,H02G 1/02,上下反転に特徴のあるもの,
uploaded,廃止,H02G 1/02 313 D,H02G 1/02,非反転金車（主として　字型，Ｘ字型，ヘ字型の配置）,
uploaded,廃止,H02G 1/02 313 E,H02G 1/02,並列，ジグザグ配置，Ｕ字型，Ｖ字型に配置したもの,
uploaded,廃止,H02G 1/02 313 F,H02G 1/02,上下の金車の間に羽根車を持つもの,
uploaded,廃止,H02G 1/02 313 G,H02G 1/02,自走金車,
uploaded,廃止,H02G 1/02 313 H,H02G 1/02,ケ－ブル付属品の通過を考慮したもの（例．ダンパ－）,
uploaded,廃止,H02G 1/02 313 J,H02G 1/02,障害物通過時のフレ－ムの開閉,
uploaded,廃止,H02G 1/02 313 K,H02G 1/02,金車の回収,
uploaded,廃止,H02G 1/02 313 M,H02G 1/02,キヤタピラ，クロ－ラ,
uploaded,廃止,H02G 1/02 313 Z,H02G 1/02,その他,
uploaded,廃止,H02G 1/02 315,H02G 1/02,・・自走機,
uploaded,廃止,H02G 1/02 315 A,H02G 1/02,ラツシング用自走機,
uploaded,廃止,H02G 1/02 315 B,H02G 1/02,保守点検用自走機,
uploaded,廃止,H02G 1/02 315 C,H02G 1/02,カメラ付自走機,
uploaded,廃止,H02G 1/02 315 D,H02G 1/02,人が乗る自走機（非自走型の宙乗機は、１／０２Ｔ）,
uploaded,廃止,H02G 1/02 315 E,H02G 1/02,延線用自走機,
uploaded,廃止,H02G 1/02 315 F,H02G 1/02,自走機の動力，駆動に関するもの,
uploaded,廃止,H02G 1/02 315 G,H02G 1/02,障害物（例．ダンパ－）の通過,
uploaded,廃止,H02G 1/02 315 H,H02G 1/02,架空線用の付属物（例．ダンパー）を取り付けるための自走機（着雪防止リングに関するものは、３１９）,
uploaded,廃止,H02G 1/02 315 Z,H02G 1/02,その他,
uploaded,廃止,H02G 1/02 317,H02G 1/02,・・架空線用高所作業車,
uploaded,廃止,H02G 1/02 317 A,H02G 1/02,バケツト,
uploaded,廃止,H02G 1/02 317 B,H02G 1/02,電源および配線,
uploaded,廃止,H02G 1/02 317 C,H02G 1/02,ブ－ム（バケツトやマニユピレ－タを支持し，伸縮，回転する腕）,
uploaded,廃止,H02G 1/02 317 D,H02G 1/02,係留，転倒防止,
uploaded,廃止,H02G 1/02 317 E,H02G 1/02,建柱車,
uploaded,廃止,H02G 1/02 317 F,H02G 1/02,架空線仮支持車（例．仮腕木を持つ作業車）,
uploaded,廃止,H02G 1/02 317 G,H02G 1/02,延線架渉車（ケ－ブルドラムを備え，鉄塔等に延線するもの。地上，地下への延線車は，１／０６Ｊ）,
uploaded,廃止,H02G 1/02 317 H,H02G 1/02,防護管の取りつけ,
uploaded,廃止,H02G 1/02 317 J,H02G 1/02,マニユピレ－タ（ロボツト）付高所作業車,
uploaded,廃止,H02G 1/02 317 K,H02G 1/02,・マニユピレ－タのア－ム,
uploaded,廃止,H02G 1/02 317 L,H02G 1/02,・マニユピレ－タの油圧機構，油圧制御,
uploaded,廃止,H02G 1/02 317 M,H02G 1/02,・マニユピレ－タの制御およびセンサ－,
uploaded,廃止,H02G 1/02 317 W,H02G 1/02,カメラ付高所作業車（作業監視用、保守点検用を含む。）,
uploaded,廃止,H02G 1/02 317 Z,H02G 1/02,その他,
uploaded,廃止,H02G 1/02 319,H02G 1/02,・・着雪防止，除雪に関する保守と工事（Ｈ０２Ｇ７／１６が優先する）,
uploaded,廃止,H02G 1/02 319 A,H02G 1/02,着雪防止（ケーブル自体に特徴を有するものは、Ｈ０１Ｂ７／２８Ｃ）,
uploaded,廃止,H02G 1/02 319 B,H02G 1/02,・着雪防止リングの取りつけ,
uploaded,廃止,H02G 1/02 319 C,H02G 1/02,・着雪防止リングの撤去,
uploaded,廃止,H02G 1/02 319 D,H02G 1/02,・着雪防止リングの取りつけかつ撤去,
uploaded,廃止,H02G 1/02 319 E,H02G 1/02,着雪の監視,
uploaded,廃止,H02G 1/02 319 F,H02G 1/02,除雪（含む融雪）,
uploaded,廃止,H02G 1/02 319 Z,H02G 1/02,その他,
uploaded,廃止,H02G 1/02 321,H02G 1/02,・・特定の架空線，架空ケ－ブルに対する工法，装置，保守,
uploaded,廃止,H02G 1/02 321 A,H02G 1/02,ＯＰＧＷ，架空地線の工法，装置，保守（金車を除く）,
uploaded,廃止,H02G 1/02 321 B,H02G 1/02,ＡＣＳＲの工法，装置，保守,
uploaded,廃止,H02G 1/02 321 C,H02G 1/02,弛度抑制（例．プレストレス工法）,
uploaded,廃止,H02G 1/02 321 D,H02G 1/02,複導体の工法，装置，保守,
uploaded,廃止,H02G 1/02 321 E,H02G 1/02,光ケ－ブルの工法，装置，保守（他に特徴のあるものを除く）,
uploaded,廃止,H02G 1/02 321 Z,H02G 1/02,その他,
uploaded,廃止,H02G 1/02 323,H02G 1/02,・・保守，修理（３１９が優先する）,
uploaded,廃止,H02G 1/02 323 A,H02G 1/02,測定,
uploaded,廃止,H02G 1/02 323 B,H02G 1/02,・弛度測定（延線中の測定は，３０１Ｑ）,
uploaded,廃止,H02G 1/02 323 C,H02G 1/02,・温度測定,
uploaded,廃止,H02G 1/02 323 D,H02G 1/02,検知，警報，監視,
uploaded,廃止,H02G 1/02 323 E,H02G 1/02,・接近検知，警報,
uploaded,廃止,H02G 1/02 323 F,H02G 1/02,・素線切検知,
uploaded,廃止,H02G 1/02 323 G,H02G 1/02,・カメラによる監視（航空機による監視は、１／０２Ｋを併記。自走機による監視は、３１５ＢＣを優先。高所作業車による監視は、３１７Ｗを優先。）,
uploaded,廃止,H02G 1/02 323 H,H02G 1/02,・洗浄，清掃,
uploaded,廃止,H02G 1/02 323 J,H02G 1/02,塗布（例．油）,
uploaded,廃止,H02G 1/02 323 K,H02G 1/02,修理（架空線の張り替えは、３０１Ｓ。活線作業は、３０９）,
uploaded,廃止,H02G 1/02 323 L,H02G 1/02,保守，点検の方法（他に含まれないもの）,
uploaded,廃止,H02G 1/02 323 Z,H02G 1/02,その他,
uploaded,廃止,H02G 1/02 C,H02G 1/02,延線車（送出し側。車載式は、３１７Ｇ）,
uploaded,廃止,H02G 1/02 D,H02G 1/02,架線ウインチ（巻取側。車載式は、３１７Ｇ）,
uploaded,廃止,H02G 1/02 K,H02G 1/02,航空機（飛行船，模型飛行機を含み，延線，監視等全般）,
uploaded,廃止,H02G 1/02 L,H02G 1/02,碍子（碍子の取り付け，碍子への電線の取り付け，碍子の監視，輸送等を含む）,
uploaded,廃止,H02G 1/02 M,H02G 1/02,電線圧縮器（ケ－ブルの接続は，Ｈ０２Ｇ１／１４。電線接続一般ＨＯＩＲ）,
uploaded,廃止,H02G 1/02 Q,H02G 1/02,凧取機,
uploaded,廃止,H02G 1/02 T,H02G 1/02,宙乗機（自走型の宙乗機は、３１５Ｄ）,
uploaded,廃止,H02G 1/02 V,H02G 1/02,ラツシング架線（電線を巻きつけて固定する。Ｈ０２Ｇ７／１４Ｓ，７／１６Ｓが優先する。ラツシング用自走機は，３１５Ａ）,
uploaded,廃止,H02G 1/02 Z,H02G 1/02,その他のもの,
uploaded,廃止,H02G 1/04 A,H02G 1/04,一般,
uploaded,廃止,H02G 1/04 B,H02G 1/04,張線器,
uploaded,廃止,H02G 1/04 C,H02G 1/04,掴線器（張線器の掴線部に特徴のあるものを含む）,
uploaded,廃止,H02G 1/04 V,H02G 1/04,緊線方法,
uploaded,廃止,H02G 1/04 W,H02G 1/04,・鉄塔における緊線方法,
uploaded,廃止,H02G 1/04 Z,H02G 1/04,その他,
uploaded,廃止,H02G 1/06 301,H02G 1/06,・・ケーブル延線方法（機器は、１／０６ＨＪ，６０１，６１１）,
uploaded,廃止,H02G 1/06 301 A,H02G 1/06,先端引きの方法（機器は、１／０６ＨＪ，６０１，６１１）,
uploaded,廃止,H02G 1/06 301 B,H02G 1/06,レ－ルにケ－ブルを吊り下げる方法,
uploaded,廃止,H02G 1/06 301 C,H02G 1/06,ワイヤにケ－ブルを吊り下げる方法,
uploaded,廃止,H02G 1/06 301 D,H02G 1/06,ローラ、台にケーブルを載置する方法（機器は、３０９Ｅ，６１１）,
uploaded,廃止,H02G 1/06 301 E,H02G 1/06,メツセンジヤ－ワイヤに添わせる方法,
uploaded,廃止,H02G 1/06 301 F,H02G 1/06,エンドレスワイヤを用いる方法,
uploaded,廃止,H02G 1/06 301 G,H02G 1/06,水の浮力を利用した方法,
uploaded,廃止,H02G 1/06 301 H,H02G 1/06,ケ－ブルの送り出し，巻き取りの方法,
uploaded,廃止,H02G 1/06 301 J,H02G 1/06,ケ－ブルの貯線の方法（例．８の字に巻いておく方法）,
uploaded,廃止,H02G 1/06 301 K,H02G 1/06,曲がり部に対する延線方法,
uploaded,廃止,H02G 1/06 301 L,H02G 1/06,多条ケ－ブルの延線方法,
uploaded,廃止,H02G 1/06 301 M,H02G 1/06,延線時のケ－ブルの保護,
uploaded,廃止,H02G 1/06 301 Z,H02G 1/06,その他,
uploaded,廃止,H02G 1/06 303,H02G 1/06,・・ケ－ブル延線時の測定，制御,
uploaded,廃止,H02G 1/06 303 A,H02G 1/06,弛み量の測定，制御,
uploaded,廃止,H02G 1/06 303 B,H02G 1/06,張力の測定，制御,
uploaded,廃止,H02G 1/06 303 C,H02G 1/06,延線速度の測定，制御,
uploaded,廃止,H02G 1/06 303 D,H02G 1/06,摩擦力，ケ－ブル押圧力の測定，制御,
uploaded,廃止,H02G 1/06 303 E,H02G 1/06,複数の要素の測定，制御,
uploaded,廃止,H02G 1/06 303 Z,H02G 1/06,その他,
uploaded,廃止,H02G 1/06 305,H02G 1/06,・・特殊ケ－ブルの布設（３１９に優先する。例．水冷管はＨ）,
uploaded,廃止,H02G 1/06 305 A,H02G 1/06,ＯＦケ－ブルの布設,
uploaded,廃止,H02G 1/06 305 B,H02G 1/06,ガス絶縁ケ－ブルの布設,
uploaded,廃止,H02G 1/06 305 C,H02G 1/06,管路気中ケ－ブルの布設,
uploaded,廃止,H02G 1/06 305 D,H02G 1/06,パイプ型ケ－ブルの布設（Ａ～Ｃを除く）,
uploaded,廃止,H02G 1/06 305 E,H02G 1/06,アルミ被覆ケ－ブルの布設,
uploaded,廃止,H02G 1/06 305 F,H02G 1/06,ヒ－テイングケ－ブルの布設,
uploaded,廃止,H02G 1/06 305 G,H02G 1/06,誘導無線ケ－ブルの布設,
uploaded,廃止,H02G 1/06 305 H,H02G 1/06,水冷ケ－ブルの布設,
uploaded,廃止,H02G 1/06 305 J,H02G 1/06,バスダクト，トロリ－線の布設,
uploaded,廃止,H02G 1/06 305 K,H02G 1/06,光ケ－ブルの布設,
uploaded,廃止,H02G 1/06 305 Z,H02G 1/06,その他,
uploaded,廃止,H02G 1/06 307,H02G 1/06,・・ケ－ブルの耐火，耐熱布設（ケ－ブル自体は，Ｈ０１Ｂ７／３４）,
uploaded,廃止,H02G 1/06 309,H02G 1/06,・・洞道（トンネル）内ケ－ブル布設,
uploaded,廃止,H02G 1/06 309 A,H02G 1/06,洞道堀り（Ｅ０２Ｆ，Ｅ２１Ｂ参照）,
uploaded,廃止,H02G 1/06 309 B,H02G 1/06,コンクリ－ト工事,
uploaded,廃止,H02G 1/06 309 C,H02G 1/06,洞道の壁の棚上のケ－ブル布設,
uploaded,廃止,H02G 1/06 309 D,H02G 1/06,・棚上げ工法，棚上げ装置,
uploaded,廃止,H02G 1/06 309 E,H02G 1/06,洞道内布設用台車，足場,
uploaded,廃止,H02G 1/06 309 F,H02G 1/06,洞道内へのケ－ブルの導入，延線（Ｄが優先）,
uploaded,廃止,H02G 1/06 309 G,H02G 1/06,洞道内のケ－ブル据えつけ（Ｃを除く）,
uploaded,廃止,H02G 1/06 309 H,H02G 1/06,洞道内への機器の搬入，搬出,
uploaded,廃止,H02G 1/06 309 J,H02G 1/06,下水道内のケ－ブル布設,
uploaded,廃止,H02G 1/06 309 Z,H02G 1/06,その他,
uploaded,廃止,H02G 1/06 311,H02G 1/06,・・管路内ケ－ブル布設（トラフを含む。管内ケ－ブル引き込みは，１／０８）,
uploaded,廃止,H02G 1/06 311 A,H02G 1/06,管路の築造（管路用土掘り，コンクリ－ト工事を含む。）,
uploaded,廃止,H02G 1/06 311 B,H02G 1/06,・管の押し込み，据えつけ，連結,
uploaded,廃止,H02G 1/06 311 C,H02G 1/06,・ベルマウス,
uploaded,廃止,H02G 1/06 311 D,H02G 1/06,マンホ－ル,
uploaded,廃止,H02G 1/06 311 E,H02G 1/06,トラフ,
uploaded,廃止,H02G 1/06 311 F,H02G 1/06,・トラフの穴開け,
uploaded,廃止,H02G 1/06 311 G,H02G 1/06,ケ－ブルの据えつけ,
uploaded,廃止,H02G 1/06 311 H,H02G 1/06,管の修理，矯正,
uploaded,廃止,H02G 1/06 311 Z,H02G 1/06,その他,
uploaded,廃止,H02G 1/06 313,H02G 1/06,・・ラツク，トレイ，受け棚に対するケ－ブル布設（屋内，トンネル内を除く）,
uploaded,廃止,H02G 1/06 315,H02G 1/06,・・橋梁等に対するケ－ブル布設（河川の護岸，海上を含む。水中，水底は１／１０）,
uploaded,廃止,H02G 1/06 317,H02G 1/06,・・撚架,
uploaded,廃止,H02G 1/06 319,H02G 1/06,・・ケ－ブル付属品，関連機器の布設（例．ケ－ブル端末，変圧器）,
uploaded,廃止,H02G 1/06 501,H02G 1/06,・・ケ－ブル布設一般,
uploaded,廃止,H02G 1/06 501 A,H02G 1/06,標識，マ－キング,
uploaded,廃止,H02G 1/06 501 B,H02G 1/06,ケーブルの結束,
uploaded,廃止,H02G 1/06 501 C,H02G 1/06,ケーブルの運搬（ケーブル運搬車は、Ｂ６０Ｐ３／００Ｆ）,
uploaded,廃止,H02G 1/06 501 D,H02G 1/06,ロボットによる布設（１／０８Ｃを優先）,
uploaded,廃止,H02G 1/06 501 G,H02G 1/06,清掃，洗浄（例．泥取り）,
uploaded,廃止,H02G 1/06 501 H,H02G 1/06,修理，仮復旧（管の修理等は、３１１Ｈ）,
uploaded,廃止,H02G 1/06 501 Z,H02G 1/06,その他,
uploaded,廃止,H02G 1/06 601,H02G 1/06,・・ケーブル引取り装置，ケーブル延線装置（ケーブル撤去に関する装置は、１／０６Ｒを併記。ケーブル延線制御方法にも特徴のある場合は、３０３を併記。）,
uploaded,廃止,H02G 1/06 601 A,H02G 1/06,一般,
uploaded,廃止,H02G 1/06 601 B,H02G 1/06,ローラーの回転によるもの,
uploaded,廃止,H02G 1/06 601 C,H02G 1/06,・中空又は弾性ローラ,
uploaded,廃止,H02G 1/06 601 D,H02G 1/06,・キャタピラ型,
uploaded,廃止,H02G 1/06 601 R,H02G 1/06,クランプの前後運動によるもの,
uploaded,廃止,H02G 1/06 601 W,H02G 1/06,架台に特徴のあるもの,
uploaded,廃止,H02G 1/06 601 Z,H02G 1/06,その他,
uploaded,廃止,H02G 1/06 603,H02G 1/06,・・工具、作業用品（架空線用は、１／０２，３０３）,
uploaded,廃止,H02G 1/06 603 A,H02G 1/06,一般,
uploaded,廃止,H02G 1/06 603 B,H02G 1/06,昇降装置,
uploaded,廃止,H02G 1/06 603 D,H02G 1/06,作業台，足場，覆い,
uploaded,廃止,H02G 1/06 603 S,H02G 1/00 050,・カッター（カッター一般は、Ｂ２６Ｂ）,
uploaded,廃止,H02G 1/06 603 T,H02G 1/06,・撚り戻し工具,
uploaded,廃止,H02G 1/06 603 U,H02G 1/06,・電線引き寄せ具、電線誘導具（例．釣竿状のもので、ケーブルを手繰り寄せたりするもの。）,
uploaded,廃止,H02G 1/06 603 V,H02G 1/06,・くせとり，ベンダー,
uploaded,廃止,H02G 1/06 603 W,H02G 1/06,・挿通工具,
uploaded,廃止,H02G 1/06 603 Z,H02G 1/06,その他,
uploaded,廃止,H02G 1/06 611,H02G 1/06,・・布設用ローラー,
uploaded,廃止,H02G 1/06 611 A,H02G 1/06,ローラーの形状に特徴のあるもの,
uploaded,廃止,H02G 1/06 611 B,H02G 1/06,ローラーが水平（－）に配置されているもの,
uploaded,廃止,H02G 1/06 611 C,H02G 1/06,・ローラーが斜め（Ｖ）に配置されているもの,
uploaded,廃止,H02G 1/06 611 D,H02G 1/06,・ローラーが鉛直方向（凵、Ｌ）にも配置されているもの,
uploaded,廃止,H02G 1/06 611 E,H02G 1/06,・ローラーが方形（囗）に配置されているもの,
uploaded,廃止,H02G 1/06 611 F,H02G 1/06,・ローラーが特殊（○、△、Ｕに限定）な位置に配置されているもの,
uploaded,廃止,H02G 1/06 611 G,H02G 1/06,・キャタピラ型,
uploaded,廃止,H02G 1/06 611 R,H02G 1/06,・ローラーを曲路に配置するもの,
uploaded,廃止,H02G 1/06 611 W,H02G 1/06,・ローラーを（ラックやトレイ等に）取り付ける機構に特徴のあるもの,
uploaded,廃止,H02G 1/06 611 Z,H02G 1/06,その他,
uploaded,廃止,H02G 1/06 C,H02G 1/06,傾斜,
uploaded,廃止,H02G 1/06 D,H02G 1/06,垂直（Ｌが優先する）,
uploaded,廃止,H02G 1/06 E,H02G 1/06,スネ－ク（蛇行した布設）,
uploaded,廃止,H02G 1/06 G,H02G 1/06,埋設（溝，暗渠へのケ－ブル直接埋設と簡単な保護を施したものに限る。３０９，３１１が優先する。）,
uploaded,廃止,H02G 1/06 H,H02G 1/06,ケーブル布線用機器（１／０６Ｊ，６０１，６１１が優先する。）,
uploaded,廃止,H02G 1/06 J,H02G 1/06,自動車布設車（架空線に対するものは、１／０２，３１７Ｇ）,
uploaded,廃止,H02G 1/06 L,H02G 1/06,屋内建物内布設（電線引き寄せ具、電線誘導具は、６０３Ｕへ移動）,
uploaded,廃止,H02G 1/06 Q,H02G 1/06,試験，検査（布設工事中のものを除く。保守を含む）,
uploaded,廃止,H02G 1/06 R,H02G 1/06,ケ－ブル撤去,
uploaded,廃止,H02G 1/06 Z,H02G 1/06,その他のもの,
uploaded,廃止,H02G 1/08 A,H02G 1/08,一般,
uploaded,廃止,H02G 1/08 B,H02G 1/08,空気圧通線,
uploaded,廃止,H02G 1/08 C,H02G 1/08 080,電気・駆動源付自走機（管内自走機は、Ｂ６２Ｄ５７／０２Ｊ）,
uploaded,廃止,H02G 1/08 D,H02G 1/08,清掃（線状物の清掃は、Ｂ０８Ｂ１１／００Ｃ）,
uploaded,廃止,H02G 1/08 E,H02G 1/08,呼び線ガイド,
uploaded,廃止,H02G 1/08 F,H02G 1/08,通線機,
uploaded,廃止,H02G 1/08 G,H02G 1/08 010,引込端末部,
uploaded,廃止,H02G 1/08 H,H02G 1/08,潤滑,
uploaded,廃止,H02G 1/08 W,H02G 1/08,試験検査監視,
uploaded,廃止,H02G 1/08 Z,H02G 1/08,その他のもの,
uploaded,廃止,H02G 1/01 A,H02G 1/01,一般,
uploaded,廃止,H02G 1/01 B,H02G 1/01,方法装置,
uploaded,廃止,H02G 1/01 C,H02G 1/01,ケ－ブル案内,
uploaded,廃止,H02G 1/01 D,H02G 1/01,ケ－ブル引取り,
uploaded,廃止,H02G 1/01 E,H02G 1/01,ブレ－キ,
uploaded,廃止,H02G 1/01 F,H02G 1/01,試験検査監視,
uploaded,廃止,H02G 1/01 G,H02G 1/01,埋設機,
uploaded,廃止,H02G 1/01 Z,H02G 1/01,その他のもの,
uploaded,廃止,H02G 1/12 301,H02G 1/12,・・刃によるもの,
uploaded,廃止,H02G 1/12 301 B,H02G 1/12,手工具,
uploaded,廃止,H02G 1/12 301 C,H02G 1/12,・工具を相対的に回転させるもの,
uploaded,廃止,H02G 1/12 301 D,H02G 1/12,・対向刃,
uploaded,廃止,H02G 1/12 301 E,H02G 1/12,・・ジヨ－部先端を開くことにより被覆を剥ぎとるもの,
uploaded,廃止,H02G 1/12 301 F,H02G 1/12,・・ペンチ型,
uploaded,廃止,H02G 1/12 301 G,H02G 1/12,・ナイフ型,
uploaded,廃止,H02G 1/12 301 H,H02G 1/12,・・被覆剥ぎとりのための引抜き機構のあるもの〔Ｅ優先〕,
uploaded,廃止,H02G 1/12 301 J,H02G 1/12,対向刃,
uploaded,廃止,H02G 1/12 301 K,H02G 1/12,・被覆剥ぎとりのための引抜き機構のあるもの,
uploaded,廃止,H02G 1/12 301 L,H02G 1/12,刃が電線の回りを回転するもの,
uploaded,廃止,H02G 1/12 301 M,H02G 1/12,フライス,
uploaded,廃止,H02G 1/12 301 Z,H02G 1/12,その他のもの,
uploaded,廃止,H02G 1/12 302,H02G 1/12,・・刃以外による剥離,
uploaded,廃止,H02G 1/12 303,H02G 1/12 075,・・・熱によるもの,
uploaded,廃止,H02G 1/12 304,H02G 1/12 085,・・・ブラシ，摩擦によるもの,
uploaded,廃止,H02G 1/12 305,H02G 1/12,・・・化学的手段によるもの,
uploaded,廃止,H02G 1/12 306,H02G 1/12,・・剥離対象に特徴のあるもの,
uploaded,廃止,H02G 1/12 307,H02G 1/12 095,・・・フラツトケ－ブル,
uploaded,廃止,H02G 1/12 308,H02G 1/12,・・・シ－ス，鎧装,
uploaded,廃止,H02G 1/12 309,H02G 1/12,・・・同軸ケ－ブル,
uploaded,廃止,H02G 1/12 310,H02G 1/12,・・巻回されているテ－プをはぐもの,
uploaded,廃止,H02G 1/12 311,H02G 1/12,・・剥離形状に特徴のあるもの,
uploaded,廃止,H02G 1/12 312,H02G 1/12,・・・軸方向,
uploaded,廃止,H02G 1/14 A,H02G 1/14,ケ－ブルの接続または端末処理方法,
uploaded,廃止,H02G 1/14 B,H02G 1/14 050,・モ－ルドによるもの,
uploaded,廃止,H02G 1/14 C,H02G 1/14,ケ－ブルの接続または端末処理工具・装置,
uploaded,廃止,H02G 1/14 D,H02G 1/14 050,・モ－ルドによるもの,
uploaded,廃止,H02G 1/14 E,H02G 1/14,ＯＦ・極低温ケ－ブルの接続または端末処理方法・工具・装置,
uploaded,廃止,H02G 1/14 F,H02G 1/14,多芯線加工用工具・装置（撚り、分割）,
uploaded,廃止,H02G 1/14 G,H02G 1/14,機械加工用工具（かしめ、曲げ、伸ばし、拡開、縮径、ゲ－ジ）,
uploaded,廃止,H02G 1/14 H,H02G 1/14,電熱による融着,
uploaded,廃止,H02G 1/14 Z,H02G 1/14,その他のもの,
uploaded,廃止,H02G 3/00 301,H02G 3/04 056,・ケ－ブルラツク，トレイ,
uploaded,廃止,H02G 3/02 301,H02G 3/02,・・配線器具の取付,
uploaded,廃止,H02G 3/02 301 B,H02G 3/02,露出型,
uploaded,廃止,H02G 3/02 301 C,H02G 3/02,埋込型,
uploaded,廃止,H02G 3/02 301 D,H02G 3/02,・フラツシユプレ－ト自体または合成樹脂取付枠に，配線器具を直接取付けるもの,
uploaded,廃止,H02G 3/02 301 E,H02G 3/02,吊下げ型,
uploaded,廃止,H02G 3/02 301 H,H02G 3/02,防水のためのもの,
uploaded,廃止,H02G 3/02 301 Z,H02G 3/02,その他のもの,
uploaded,廃止,H02G 3/02 311,H02G 3/02,・・フラツシユプレ－ト，その取付,
uploaded,廃止,H02G 3/02 311 J,H02G 3/02,防水のためのもの,
uploaded,廃止,H02G 3/02 311 K,H02G 3/02,フラツシユプレ－トの取付,
uploaded,廃止,H02G 3/02 311 L,H02G 3/02,保護カバ－，ふた付プレ－ト,
uploaded,廃止,H02G 3/02 311 M,H02G 3/02,表示，装飾のためのもの,
uploaded,廃止,H02G 3/02 311 N,H02G 3/02,通線用プレ－ト,
uploaded,廃止,H02G 3/02 311 Z,H02G 3/02,その他のもの,
uploaded,廃止,H02G 3/04 301,H02G 3/04 062,・・・電線管,
uploaded,廃止,H02G 3/04 301 B,H02G 3/04 068,可撓性のあるもの,
uploaded,廃止,H02G 3/04 301 C,H02G 3/04 062,付属品,
uploaded,廃止,H02G 3/04 301 Z,H02G 3/04 062,その他のもの,
uploaded,廃止,H02G 3/04 311,H02G 3/04 037,・・・ダクト，線樋,
uploaded,廃止,H02G 3/04 311 E,H02G 3/04 037,線樋〔巾木ダクト〕「図」,
uploaded,廃止,H02G 3/04 311 F,H02G 3/04 037,付属品,
uploaded,廃止,H02G 3/04 311 G,H02G 3/04 037,・器具の取付〔配線器具の取付〕,
uploaded,廃止,H02G 3/04 311 H,H02G 3/04 050,電線引出用孔をもつもの,
uploaded,廃止,H02G 3/04 311 Z,H02G 3/04,その他のもの,
uploaded,廃止,H02G 3/04 J,H02G 3/04,ワイヤハ－ネス用のもの〔プロテクタ〕,
uploaded,廃止,H02G 3/04 K,H02G 3/04,可撓性をもつもの,
uploaded,廃止,H02G 3/04 Z,H02G 3/04,その他のもの,
uploaded,廃止,H02G 3/06 A,H02G 3/06,剛性電線管の接続,
uploaded,廃止,H02G 3/06 B,H02G 3/06,・剛性電線管相互の直線的接続,
uploaded,廃止,H02G 3/06 C,H02G 3/06,・剛性電線管相互の非直線的接続,
uploaded,廃止,H02G 3/06 D,H02G 3/06,・分岐接続,
uploaded,廃止,H02G 3/06 H,H02G 3/06,・接続箱との接続,
uploaded,廃止,H02G 3/06 M,H02G 3/06,可撓電線管の接続,
uploaded,廃止,H02G 3/06 X,H02G 3/06 008,線樋〔電線ダクト〕の接続,
uploaded,廃止,H02G 3/06 Z,H02G 3/06,その他のもの,
uploaded,廃止,H02G 3/08 B,H02G 3/08,付属品,
uploaded,廃止,H02G 3/08 E,H02G 3/08,絶縁セパレ－タ〔強電・弱電分離用仕切板〕,
uploaded,廃止,H02G 3/08 H,H02G 3/08,止めねじの仮係止,
uploaded,廃止,H02G 3/08 K,H02G 3/08 050,ノツクアウト部〔電線管用穴を開けるもの〕,
uploaded,廃止,H02G 3/08 L,H02G 3/08,接続箱を柱・壁等に固定するための固定部〔接続箱と一体のもの〕,
uploaded,廃止,H02G 3/08 M,H02G 3/08,接続箱を柱・壁等に固定するための固定具〔接続箱と別体のもの〕,
uploaded,廃止,H02G 3/08 N,H02G 3/08,接続箱の壁面の穴へ直接電線を導入するための導入具〔ブツシング等〕,
uploaded,廃止,H02G 3/08 Z,H02G 3/08,その他のもの〔箱の連結〕,
uploaded,廃止,H02G 3/01 M,H02G 3/01,接続箱を柱・壁等に固定するための固定具〔接続箱と別体のもの〕,
uploaded,廃止,H02G 3/01 N,H02G 3/01 050,接続箱の壁面の穴へ直接電線を導入するための導入具〔ブツシング等〕,
uploaded,廃止,H02G 3/01 Z,H02G 3/01,その他のもの,
uploaded,廃止,H02G 3/12 A,H02G 3/12,壁面内埋込ボツクス,
uploaded,廃止,H02G 3/12 B,H02G 3/12,・付属品〔塗代カバ－〕,
uploaded,廃止,H02G 3/12 C,H02G 3/12,・仮枠への仮止め,
uploaded,廃止,H02G 3/12 F,H02G 3/12,フロアボツクス〔電線引出し口を有しないもの〕,
uploaded,廃止,H02G 3/12 M,H02G 3/12,接続箱を柱・壁等に固定するための固定具〔接続箱と別体のもの〕,
uploaded,廃止,H02G 3/12 N,H02G 3/12,接続箱の壁面の穴へ直接電線を導入するための導入具〔ブツシング等〕,
uploaded,廃止,H02G 3/12 Z,H02G 3/12,その他のもの,
uploaded,廃止,H02G 3/16 A,H02G 3/16,導電パタ－ンを貼着した絶縁板を接続箱内に有するもの〔車輛用〕,
uploaded,廃止,H02G 3/16 Z,H02G 3/16,その他のもの,
uploaded,廃止,H02G 3/18 A,H02G 3/18 050,インサ－トスタツト，フロアコンセント,
uploaded,廃止,H02G 3/18 Z,H02G 3/18,その他のもの,
uploaded,廃止,H02G 3/22 A,H02G 3/22,防水,
uploaded,廃止,H02G 3/22 B,H02G 3/22,防火〔防水を含むものはＡが優先〕,
uploaded,廃止,H02G 3/22 C,H02G 3/22,機械的損傷の防止〔グロメツト〕,
uploaded,廃止,H02G 3/22 D,H02G 3/22,気密隔壁,
uploaded,廃止,H02G 3/22 E,H02G 3/22,・原子炉隔壁,
uploaded,廃止,H02G 3/22 Z,H02G 3/22,その他のもの,
uploaded,廃止,H02G 3/24,H02G 3/22 240,・碍子装置による壁，天井，床への電線またはケーブルの据え付け（碍子Ｈ０１Ｂ１７／００）,
uploaded,廃止,H02G 3/26,H02G 3/22 260,・壁，天井，床内または上へのケーブル，電線またはその独立した保護チューブの直接的据え付け（絶縁体によるもの３／２４；管，ケーブルまたは保護チューブの支持体Ｆ１６Ｌ３／００；ホースクリップＦ１６Ｌ３３／０２）,
uploaded,廃止,H02G 3/26 A,H02G 3/22 260,垂直布設,
uploaded,廃止,H02G 3/26 B,H02G 3/22 283,床配線,
uploaded,廃止,H02G 3/26 C,H02G 3/32,支持のための単位部品,
uploaded,廃止,H02G 3/26 D,H02G 3/32,・電線把持部に特徴のあるもの,
uploaded,廃止,H02G 3/26 E,H02G 3/32,・・弾性力によるもの,
uploaded,廃止,H02G 3/26 F,H02G 3/32,・・バンドによるもの,
uploaded,廃止,H02G 3/26 G,H02G 3/32,・基板取付部に特徴のあるもの,
uploaded,廃止,H02G 3/26 H,H02G 3/32,・・弾性力によるもの,
uploaded,廃止,H02G 3/26 K,H02G 3/32,・・ネジ・釘によるもの,
uploaded,廃止,H02G 3/26 L,H02G 3/22 266,・・接着・吸着・磁石・フアスナ－によるもの,
uploaded,廃止,H02G 3/26 M,H02G 3/22 260,単位部品でない支持装置,
uploaded,廃止,H02G 3/26 N,H02G 3/22 260,・配線盤内の配線に用いるもの,
uploaded,廃止,H02G 3/26 P,H02G 3/22 260,・機器用配線に用いるもの,
uploaded,廃止,H02G 3/26 Z,H02G 3/22 260,その他のもの,
uploaded,廃止,H02G 3/28,H02G 3/22 280,・壁，天井，床内にあらかじめ設けたコンジットまたはダクト内へのケーブル，電線またはその独立した保護チューブの据え付け,
uploaded,廃止,H02G 3/28 A,H02G 3/22 283,床下の配線,
uploaded,廃止,H02G 3/28 B,H02G 3/22 286,壁の配線,
uploaded,廃止,H02G 3/28 C,H02G 3/22 281,天井の配線,
uploaded,廃止,H02G 3/28 D,H02G 3/22 280,システム配線〔床下・壁・天井のうち２つ以上に関係するもの〕,
uploaded,廃止,H02G 3/28 E,H02G 3/22 280,家具の配線,
uploaded,廃止,H02G 3/28 F,H02G 3/22 280,移動する物体内の配線,
uploaded,廃止,H02G 3/28 G,H02G 3/22 280,保護管内の配線,
uploaded,廃止,H02G 3/28 Z,H02G 3/22 280,その他のもの,
uploaded,廃止,H02G 7/00 301,H02G 7/12,・電線，ケ－ブルに部品類を取付けるためのクランプ〔スペ－サ，ダンパ等を取付けるもの〕,
uploaded,廃止,H02G 7/00 301 A,H02G 7/12,部品類の取付部,
uploaded,廃止,H02G 7/00 301 G,H02G 7/12,ア－マ－グリツプ形クランプ,
uploaded,廃止,H02G 7/00 301 N,H02G 7/12,ナツトクラツカ－形クランプ〔ボルト，バネにより締付けるもの〕,
uploaded,廃止,H02G 7/00 301 T,H02G 7/12,二つ割形クランプ,
uploaded,廃止,H02G 7/00 301 Z,H02G 7/12,その他のもの,
uploaded,廃止,H02G 7/00 A,H02G 7/00,電柱およびその付属物,
uploaded,廃止,H02G 7/00 B,H02G 7/00,・電柱,
uploaded,廃止,H02G 7/00 C,H02G 7/00,・・鉄柱，鉄塔,
uploaded,廃止,H02G 7/00 D,H02G 7/00,・・コンクリ－ト柱,
uploaded,廃止,H02G 7/00 E,H02G 7/00,・腕木，ア－ム,
uploaded,廃止,H02G 7/00 F,H02G 7/00,・・腕木・ア－ムの電柱への取付け,
uploaded,廃止,H02G 7/00 G,H02G 7/00,・電柱・ア－ム等に取付ける機器,
uploaded,廃止,H02G 7/00 H,H02G 7/00,・・機器の電柱・ア－ム等への取付け,
uploaded,廃止,H02G 7/00 J,H02G 7/00,・支線，支柱,
uploaded,廃止,H02G 7/00 K,H02G 7/00,・電柱バンド〔締付金具〕,
uploaded,廃止,H02G 7/00 L,H02G 7/00,・積雪防止，凍結防止,
uploaded,廃止,H02G 7/00 M,H02G 7/00,・接地端子,
uploaded,廃止,H02G 7/00 N,H02G 7/00,・電柱への表示，標識,
uploaded,廃止,H02G 7/00 P,H02G 7/00,・電柱の動植物からの防護,
uploaded,廃止,H02G 7/00 Q,H02G 7/00,・昇柱装置，昇柱防止装置,
uploaded,廃止,H02G 7/00 R,H02G 7/00,・その他の付属物〔電柱キヤツプ〕,
uploaded,廃止,H02G 7/00 S,H02G 7/00,ア－マ－ロツド〔保護具〕,
uploaded,廃止,H02G 7/00 T,H02G 7/00,電線保護管,
uploaded,廃止,H02G 7/00 U,H02G 7/00,雷防止，雷による断線防止，避雷〔電線にア－クホ－ン，限流素子を取付けたもの〕,
uploaded,廃止,H02G 7/00 V,H02G 7/00,電線の動植物からの防護,
uploaded,廃止,H02G 7/00 W,H02G 7/00,電線の架設,
uploaded,廃止,H02G 7/00 X,H02G 7/00,電線の碍子支持部,
uploaded,廃止,H02G 7/00 Y,H02G 7/00,架設電線の付属物〔他に分類されないもの〕,
uploaded,廃止,H02G 7/00 Z,H02G 7/00,その他のもの,
uploaded,廃止,H02G 7/02 301,H02G 7/05,・・電線，ケ－ブルを引留めるためのクランプ,
uploaded,廃止,H02G 7/02 301 B,H02G 7/05 060,ボルト押圧形クランプ,
uploaded,廃止,H02G 7/02 301 C,H02G 7/05,クランプカバ－,
uploaded,廃止,H02G 7/02 301 H,H02G 7/05 030,懸垂クランプ,
uploaded,廃止,H02G 7/02 301 K,H02G 7/05 060,楔形クランプ,
uploaded,廃止,H02G 7/02 301 P,H02G 7/05 060,圧縮引留形クランプ,
uploaded,廃止,H02G 7/02 301 Z,H02G 7/05,その他のもの,
uploaded,廃止,H02G 7/02 A,H02G 7/02,電線支持具,
uploaded,廃止,H02G 7/02 B,H02G 7/02,・引留めワイヤ－，螺旋状電線支持具,
uploaded,廃止,H02G 7/02 C,H02G 7/02,・バインドレス引留碍子,
uploaded,廃止,H02G 7/02 D,H02G 7/02,・電線ラツク,
uploaded,廃止,H02G 7/02 E,H02G 7/02,・フツク状またはリング状金具による引留め,
uploaded,廃止,H02G 7/02 F,H02G 7/02,・電線をリング状にして引掛けるもの,
uploaded,廃止,H02G 7/02 G,H02G 7/02,・電線端末の引留め,
uploaded,廃止,H02G 7/02 H,H02G 7/02,・分線金具〔分岐金具〕,
uploaded,廃止,H02G 7/02 J,H02G 7/02,・交差部支持具,
uploaded,廃止,H02G 7/02 K,H02G 7/02 050,・柱等への縦添え支持,
uploaded,廃止,H02G 7/02 P,H02G 7/02,・その他の支持具〔引込具〕,
uploaded,廃止,H02G 7/02 S,H02G 7/02,機械的張力を調整するもの,
uploaded,廃止,H02G 7/02 Z,H02G 7/02,その他のもの,
uploaded,廃止,H02G 7/12 L,H02G 7/12,ラインスペ－サ，相間スペ－サ〔ダンパ－スペ－サは，７／１４，Ｐが主分類〕,
uploaded,廃止,H02G 7/12 M,H02G 7/12,多導体送電線用スペ－サ〔ダンパ－スペ－サは，７／１４，Ｐが主分類〕,
uploaded,廃止,H02G 7/12 Z,H02G 7/12,その他のもの〔タンパ－スペ－サは，７／１４，Ｐが主分類〕,
uploaded,廃止,H02G 7/14 B,H02G 7/14,添線式ダンパ－〔ベ－トダンパ－〕,
uploaded,廃止,H02G 7/14 D,H02G 7/14,単体式ダンパ－〔難着雪用は，７／１６，Ｄ〕,
uploaded,廃止,H02G 7/14 P,H02G 7/14,ダンパ－スペ－サ,
uploaded,廃止,H02G 7/14 R,H02G 7/14,電線またはケ－ブルの周囲に取付けられたリング状のもの,
uploaded,廃止,H02G 7/14 S,H02G 7/14,電線またはケ－ブルの周囲に巻付けられたスパイラル状のもの,
uploaded,廃止,H02G 7/14 Z,H02G 7/14,その他のもの,
uploaded,廃止,H02G 7/16 D,H02G 7/16,電機またはケ－ブルに取付けられた重錘・ダンパ－によるもの〔振動防止用は，７／１４，Ｄ〕,
uploaded,廃止,H02G 7/16 H,H02G 7/16,電線またはケ－ブルの加熱によるもの,
uploaded,廃止,H02G 7/16 R,H02G 7/16,電線またはケ－ブルの周囲に取付けられたリング状のもの〔振動防止用は，７／１４，Ｒ〕,
uploaded,廃止,H02G 7/16 S,H02G 7/16,電線またはケ－ブルの周囲に巻付けられたスパイラ状のもの〔振動防止用は，７／１４，Ｓ〕,
uploaded,廃止,H02G 7/16 Z,H02G 7/16,その他のもの,
uploaded,廃止,H02G 7/02 J,H02G 7/02,ジヤンパ装置,
uploaded,廃止,H02G 9/00 A,H02G 9/00,冷却,
uploaded,廃止,H02G 9/00 B,H02G 9/00,防火,
uploaded,廃止,H02G 9/00 C,H02G 9/00,支持,
uploaded,廃止,H02G 9/00 D,H02G 9/00,測定，検知，試験,
uploaded,廃止,H02G 9/00 E,H02G 9/00,表示,
uploaded,廃止,H02G 9/00 Z,H02G 9/00,その他のもの,
uploaded,廃止,H02G 9/02 A,H02G 9/02,水上，水中,
uploaded,廃止,H02G 9/02 B,H02G 9/02,・浮島,
uploaded,廃止,H02G 9/02 C,H02G 9/02,・橋梁,
uploaded,廃止,H02G 9/02 D,H02G 9/02,・海底ケ－ブル保護具,
uploaded,廃止,H02G 9/02 E,H02G 9/02,地上，地中,
uploaded,廃止,H02G 9/02 Z,H02G 9/02,その他,
uploaded,廃止,H02G 9/06 A,H02G 9/06,密封,
uploaded,廃止,H02G 9/06 B,H02G 9/06,接続,
uploaded,廃止,H02G 9/06 Z,H02G 9/06,その他のもの,
uploaded,廃止,H02G 11/00 301,H02G 11/02,・回動体への給電,
uploaded,廃止,H02G 11/00 301 B,H02G 11/02,二重の円筒間で，ケ－ブルがＵ字形ル－プを描くもの,
uploaded,廃止,H02G 11/00 301 C,H02G 11/02,関節連動式装置を用いるもの,
uploaded,廃止,H02G 11/00 301 Z,H02G 11/02,その他のもの,
uploaded,廃止,H02G 11/00 510,H02G 11/00 030,・カ－テン式,
uploaded,廃止,H02G 11/00 510 B,H02G 11/00 030,吊具に特徴あるもの,
uploaded,廃止,H02G 11/00 510 C,H02G 11/00 030,レ－ルが斜行しているもの,
uploaded,廃止,H02G 11/00 510 D,H02G 11/00 030,吊具走行用レ－ルが、平行に複数本あるもの,
uploaded,廃止,H02G 11/00 510 E,H02G 11/00 030,多方向に動くもの〔円，だ円は除く〕,
uploaded,廃止,H02G 11/00 510 Z,H02G 11/00 030,その他のもの,
uploaded,廃止,H02G 11/00 520,H02G 11/00 030,・折り畳み式,
uploaded,廃止,H02G 11/00 520 G,H02G 11/00 030,支持部材上を摺動するもの,
uploaded,廃止,H02G 11/00 520 Z,H02G 11/00 030,その他のもの,
uploaded,廃止,H02G 11/00 530,H02G 11/00 030,・コイル式,
uploaded,廃止,H02G 11/00 B,H02G 11/00,ケ－ブルがＵ字状ル－プを描き，水平方向に移動するもの「図」,
uploaded,廃止,H02G 11/00 C,H02G 11/00 060,・関節連動式装置を用いるもの,
uploaded,廃止,H02G 11/00 D,H02G 11/00,・左右２本のケ－ブルを用いるもの「図」,
uploaded,廃止,H02G 11/00 E,H02G 11/00,屈伸によるもの「図」,
uploaded,廃止,H02G 11/00 F,H02G 11/00,入れ子式伸縮部材で支持するもの,
uploaded,廃止,H02G 11/00 G,H02G 11/00,機枠内への落とし込み,
uploaded,廃止,H02G 11/00 H,H02G 11/00,・折り畳み収納するもの,
uploaded,廃止,H02G 11/00 J,H02G 11/00,垂直ケ－ブルの昇降，昇降体への給電,
uploaded,廃止,H02G 11/00 K,H02G 11/00,エレベ－タケ－ブルに関するもの,
uploaded,廃止,H02G 11/00 L,H02G 11/00,・吊持装置に特徴あるもの,
uploaded,廃止,H02G 11/00 M,H02G 11/00,扉部の配線,
uploaded,廃止,H02G 11/00 N,H02G 11/00,走行台車用のもの,
uploaded,廃止,H02G 11/00 P,H02G 11/00,移動体が複合された動きをするもの，例．旋回＋直線,
uploaded,廃止,H02G 11/00 Q,H02G 11/00,・水平面上で多方向に動くもの,
uploaded,廃止,H02G 11/00 R,H02G 11/00,・垂直方向の移動と組合さつたもの,
uploaded,廃止,H02G 11/00 S,H02G 11/00 060,関節連動式装置を用いるもの,
uploaded,廃止,H02G 11/00 T,H02G 11/00,クランプ,
uploaded,廃止,H02G 11/00 U,H02G 11/00,ケ－ブルの口出部，送出部,
uploaded,廃止,H02G 11/00 V,H02G 11/00,集電・接続部を含むもの,
uploaded,廃止,H02G 11/00 W,H02G 11/00,余長収納,
uploaded,廃止,H02G 11/00 X,H02G 11/00,ア－ム・支持棒・サポ－トを用いるもの,
uploaded,廃止,H02G 11/00 Y,H02G 11/00 060,管・ダクトを用いるもの,
uploaded,廃止,H02G 11/00 Z,H02G 11/00,その他のもの,
uploaded,廃止,H02G 11/02 301,H02G 11/02,・・回動体への給電,
uploaded,廃止,H02G 11/02 301 A,H02G 11/02,二重の円筒間で，一定長のケ－ブルがうずまき状に装填されているもの,
uploaded,廃止,H02G 11/02 301 Z,H02G 11/02,その他のもの,
uploaded,廃止,H02G 11/02 B,H02G 11/02,巻回されたケ－ブルに，接触部を介さずに，信号・電力を伝達するもの〔スリツプレス〕,
uploaded,廃止,H02G 11/02 C,H02G 11/02,・二重の円筒間で，一定長のケ－ブルが，うずまき状に装填されているもの,
uploaded,廃止,H02G 11/02 D,H02G 11/02,・複数のドラムによるもの,
uploaded,廃止,H02G 11/02 E,H02G 11/02,ケ－ブルの張力の調整,
uploaded,廃止,H02G 11/02 F,H02G 11/02,・電気的制御，検出装置を有する制御,
uploaded,廃止,H02G 11/02 G,H02G 11/02,・油圧による制御,
uploaded,廃止,H02G 11/02 J,H02G 11/02,垂直ケ－ブルの昇降，巻上,
uploaded,廃止,H02G 11/02 M,H02G 11/02,ケ－ブルの中央からの巻取,
uploaded,廃止,H02G 11/02 N,H02G 11/02,走行台車用給電ケ－ブルの巻取,
uploaded,廃止,H02G 11/02 P,H02G 11/02,・ドラム・リ－ルが台車と共に移動するもの,
uploaded,廃止,H02G 11/02 Q,H02G 11/02,コ－ドの巻取・収納,
uploaded,廃止,H02G 11/02 R,H02G 11/02,・ドラムリ－ルが回転自在のもの,
uploaded,廃止,H02G 11/02 S,H02G 11/02,・・ばねによる巻取,
uploaded,廃止,H02G 11/02 T,H02G 11/02,ドラムリ－ルが回転自在のもの,
uploaded,廃止,H02G 11/02 U,H02G 11/02,・ばね力による巻取〔ケ－ブル自体に弾性のあるものも含む〕,
uploaded,廃止,H02G 11/02 V,H02G 11/02,・モ－タによる巻取,
uploaded,廃止,H02G 11/02 W,H02G 11/02,複数ロ－ラ間に巻き付けるもの,
uploaded,廃止,H02G 11/02 X,H02G 11/02,光フアイバを含むもの,
uploaded,廃止,H02G 11/02 Z,H02G 11/02,その他のもの,
uploaded,廃止,H02G 13/00 A,H02G 13/00,建物に関するもの,
uploaded,廃止,H02G 13/00 B,H02G 13/00,・建物への取付支持構造,
uploaded,廃止,H02G 13/00 C,H02G 13/00,鉄塔，電柱への据付,
uploaded,廃止,H02G 13/00 D,H02G 13/00,取付支持構造〔Ｂ，Ｃ優先〕,
uploaded,廃止,H02G 13/00 Z,H02G 13/00,その他のもの,
uploaded,廃止,H02G 15/00 A,H02G 15/00,クロスボンド方式,
uploaded,廃止,H02G 15/00 B,H02G 15/00,シ－ス接地用接続部,
uploaded,廃止,H02G 15/00 Z,H02G 15/00,その他のもの,
uploaded,廃止,H02G 15/013 A,H02G 15/013,パツキンを用いるもの,
uploaded,廃止,H02G 15/013 B,H02G 15/013,接着・融着によるもの,
uploaded,廃止,H02G 15/013 Z,H02G 15/013,その他のもの,
uploaded,廃止,H02G 15/02 A,H02G 15/02,端末・終端部,
uploaded,廃止,H02G 15/02 B,H02G 15/02,・低圧用電線・ケ－ブルのためのもの,
uploaded,廃止,H02G 15/02 C,H02G 15/02,・無機絶縁ケ－ブルのためのもの,
uploaded,廃止,H02G 15/02 D,H02G 15/02,・プ－リングアイ,
uploaded,廃止,H02G 15/02 E,H02G 15/02,・防水・ケ－ブルグランド（電線貫通金物）,
uploaded,廃止,H02G 15/02 Z,H02G 15/02,その他のもの,
uploaded,廃止,H02G 15/08 A,H02G 15/08,特定のケ－ブル,
uploaded,廃止,H02G 15/08 B,H02G 15/08,・同軸ケ－ブル,
uploaded,廃止,H02G 15/08 C,H02G 15/08,・通信ケ－ブル,
uploaded,廃止,H02G 15/08 D,H02G 15/08,・・光ケ－ブル,
uploaded,廃止,H02G 15/08 E,H02G 15/08,・外（鎧）装ケ－ブル,
uploaded,廃止,H02G 15/08 F,H02G 15/08,・無機絶縁ケ－ブル,
uploaded,廃止,H02G 15/08 G,H02G 15/08,・異種ケ－ブル,
uploaded,廃止,H02G 15/08 H,H02G 15/08,特定の接続部,
uploaded,廃止,H02G 15/08 J,H02G 15/08,・絶縁接続部,
uploaded,廃止,H02G 15/08 K,H02G 15/08,・分岐接続部,
uploaded,廃止,H02G 15/08 L,H02G 15/08,・プレハブ型接続部（ストレスコ－ンを有するもの〕,
uploaded,廃止,H02G 15/08 M,H02G 15/08,・解体容易な接続部（仮接続部）,
uploaded,廃止,H02G 15/08 N,H02G 15/08,・接続部の補強,
uploaded,廃止,H02G 15/08 P,H02G 15/08,・電気機器との接続部,
uploaded,廃止,H02G 15/08 Z,H02G 15/08,その他のもの,
uploaded,廃止,H02G 15/12 A,H02G 15/12,中継器函,
uploaded,廃止,H02G 15/12 B,H02G 15/12,装荷コイルを組込むもの,
uploaded,廃止,H02G 15/12 Z,H02G 15/12,その他のもの,
uploaded,廃止,H02G 15/02 A,H02G 15/02,ケ－ブル冷却装置,
uploaded,廃止,H02G 15/02 B,H02G 15/02,・冷媒の相変化をともなうもの〔蒸発冷却型〕,
uploaded,廃止,H02G 15/22 A,H02G 15/22,冷却形ケ－ブルの端末,
uploaded,廃止,H02G 15/22 D,H02G 15/22,端末部の冷却,
uploaded,廃止,H02G 15/22 Z,H02G 15/22,その他のもの,
uploaded,廃止,H02G 15/23 G,H02G 15/23,ガスダム,
uploaded,廃止,H02G 15/23 Z,H02G 15/23,その他のもの,
uploaded,廃止,H02G 15/24 A,H02G 15/24,電力ケ－ブルの接続,
uploaded,廃止,H02G 15/24 B,H02G 15/24,・セミストツプ装置,
uploaded,廃止,H02G 15/24 C,H02G 15/24,・冷却形ケ－ブルの接続,
uploaded,廃止,H02G 15/24 D,H02G 15/24,・接続部の冷却,
uploaded,廃止,H02G 15/24 E,H02G 15/24,・導体接続部,
uploaded,廃止,H02G 15/24 K,H02G 15/24,通信ケ－ブルの接続,
uploaded,廃止,H02G 15/24 Z,H02G 15/24,その他のもの,
uploaded,廃止,H02G 15/25 A,H02G 15/25,ストツプユニツト,
uploaded,廃止,H02G 15/25 G,H02G 15/25,ガスダム,
uploaded,廃止,H02G 15/25 Z,H02G 15/25,その他のもの,
uploaded,廃止,H02G 15/26 A,H02G 15/26,膨張容槽,
uploaded,廃止,H02G 15/26 B,H02G 15/26,・ベロ－ズ形,
uploaded,廃止,H02G 15/26 C,H02G 15/26,・セル形,
uploaded,廃止,H02G 15/26 E,H02G 15/26,・油量検知,
uploaded,廃止,H02G 15/26 G,H02G 15/26,・故障検出,
uploaded,廃止,H02G 15/26 M,H02G 15/26,鎖錠頭帽,
uploaded,廃止,H02G 15/26 P,H02G 15/26,補助のパイプ線路,
uploaded,廃止,H02G 15/26 Z,H02G 15/26,その他のもの,
uploaded,廃止,H02G 15/28 A,H02G 15/28,油入ケ－ブル用,
uploaded,廃止,H02G 15/28 B,H02G 15/28,・漏油監視,
uploaded,廃止,H02G 15/28 G,H02G 15/28,ガス入りケ－ブル用,
uploaded,廃止,H02G 15/28 H,H02G 15/28,・ガス漏れ監視,
uploaded,廃止,H02G 15/28 Z,H02G 15/28,その他のもの,
uploaded,廃止,H03G 5/02 A,H03G 5/02,ト－ンコントロ－ル回路の接離に特徴があるもの,
uploaded,廃止,H03G 5/02 B,H03G 5/02,ト－ンコントロ－ル回路・グラフイツクイコライザ回路の調整手段に特徴があるもの,
uploaded,廃止,H03G 5/02 C,H03G 5/02,高音域，低音域ト－ンコントロ－ル回路,
uploaded,廃止,H03G 5/02 D,H03G 5/02,中音域ト－ンコントロ－ル回路，グラフイツクイコライザ回路，バンド幅制御回路,
uploaded,廃止,H03G 5/02 E,H03G 5/02,その他のト－ンコントロ－ル回路,
uploaded,廃止,H03G 5/02 Z,H03G 5/02,その他のもの,
uploaded,廃止,H03G 5/16 A,H03G 5/16,プログラム式制御,
uploaded,廃止,H03G 5/16 B,H03G 5/16,外部信号から制御信号を発生し，常時制御するもの,
uploaded,廃止,H03G 5/16 C,H03G 5/16,入力信号から制御信号を発生し，常時制御するもの,
uploaded,廃止,H03G 5/16 D,H03G 5/16,出力信号から制御信号を発生し，常時制御するもの,
uploaded,廃止,H03G 5/16 E,H03G 5/16,調整時，所定の時間のみ制御するもの,
uploaded,廃止,H03G 5/16 Z,H03G 5/16,その他のもの,
uploaded,廃止,H03G 7/00 A,H03G 7/00,瞬時圧縮または伸張,
uploaded,廃止,H03G 7/00 Z,H03G 7/00,その他のもの,
uploaded,廃止,H03G 9/00 A,H03G 9/00,ラウドネスコントロ－ル回路,
uploaded,廃止,H03G 9/00 Z,H03G 9/00,その他のもの,
uploaded,廃止,H03G 11/00 A,H03G 11/00,トランジスタによるもの,
uploaded,廃止,H03G 11/00 B,H03G 11/00,・差動増幅器によるもの,
uploaded,廃止,H03G 11/00 C,H03G 11/00,マイクロ波用リミツタ,
uploaded,廃止,H03G 11/00 D,H03G 11/00,デイジタルリミツタ,
uploaded,廃止,H03G 11/00 Z,H03G 11/00,その他のもの,
uploaded,廃止,H03G 11/02 A,H03G 11/02,トランジスタと組合わせたもの,
uploaded,廃止,H03G 11/02 B,H03G 11/02,・差動増幅器と組合わせたもの,
uploaded,廃止,H03G 11/02 C,H03G 11/02,・演算増幅器と組合わせたもの,
uploaded,廃止,H03G 11/02 D,H03G 11/02,ベ－スクリツプを行うもの,
uploaded,廃止,H03G 11/02 Z,H03G 11/02,その他のもの,
uploaded,廃止,H04B 3/46 A,H04B 3/46,一般,
uploaded,廃止,H04B 3/46 B,H04B 3/46,伝送路,
uploaded,廃止,H04B 3/46 C,H04B 3/46,・短絡，断線,
uploaded,廃止,H04B 3/46 D,H04B 3/46,折返し試験,
uploaded,廃止,H04B 3/46 E,H04B 3/46,故障点標定〔第２優先〕,
uploaded,廃止,H04B 3/46 F,H04B 3/46,パイロツト信号方式〔第１優先〕,
uploaded,廃止,H04B 3/46 G,H04B 3/46,レベル監視,
uploaded,廃止,H04B 3/46 H,H04B 3/46,ＰＣＭ系,
uploaded,廃止,H04B 3/46 L,H04B 3/46,遠方監視,
uploaded,廃止,H04B 3/46 M,H04B 3/46,伝送における測定,
uploaded,廃止,H04B 3/46 Z,H04B 3/46,その他のもの,
uploaded,廃止,H04B 17/00 A,H04B 17/00,一般,
uploaded,廃止,H04B 17/00 B,H04B 17/00,回線,
uploaded,廃止,H04B 17/00 C,H04B 17/00,電波伝搬の監視，例．マルチパスの監視,
uploaded,廃止,H04B 17/00 D,H04B 17/00,移動無線，衛星通信,
uploaded,廃止,H04B 17/00 E,H04B 17/00,故障点探索〔第２優先〕,
uploaded,廃止,H04B 17/00 F,H04B 17/00,パイロツト方式〔第１優先〕,
uploaded,廃止,H04B 17/00 G,H04B 17/00,・レベル監視,
uploaded,廃止,H04B 17/00 H,H04B 17/00,送信機,
uploaded,廃止,H04B 17/00 J,H04B 17/00,受信機,
uploaded,廃止,H04B 17/00 K,H04B 17/00,送受信機,
uploaded,廃止,H04B 17/00 L,H04B 17/00,遠方監視,
uploaded,廃止,H04B 17/00 M,H04B 17/00,伝送における測定,
uploaded,廃止,H04B 17/00 Q,H04B 17/00,表示,
uploaded,廃止,H04B 17/00 R,H04B 17/00,信号の監視,
uploaded,廃止,H04B 17/00 S,H04B 17/00,電源装置,
uploaded,廃止,H04B 17/00 T,H04B 17/00,監視，試験信号の伝送,
uploaded,廃止,H04B 17/00 Y,H04B 17/00,ＰＣＭ,
uploaded,廃止,H04B 17/02,H04B 17/04,・中継方式におけるもの［２］,
uploaded,廃止,H04B 17/02 A,H04B 17/04,一般,
uploaded,廃止,H04B 17/02 B,H04B 17/04,固有周波方式,
uploaded,廃止,H04B 17/02 D,H04B 17/04,折り返し試験,
uploaded,廃止,H04B 17/02 E,H04B 17/04,障害個所の探索,
uploaded,廃止,H04B 17/02 F,H04B 17/04,パイロツト信号方式,
uploaded,廃止,H04B 17/02 Z,H04B 17/04,その他のもの,
uploaded,廃止,H04L 7/00 A,H04L 7/00,速度変換〔バツフア，エラステイツクメモリを用いるもの等；非同期から同期への変換〕,
uploaded,廃止,H04L 7/00 B,H04L 7/00,多数局間の同期〔綱同期，ル－プバス等〕,
uploaded,廃止,H04L 7/00 C,H04L 7/00,・ＰＮ符号〔スクランブラ，デスクランブラ〕,
uploaded,廃止,H04L 7/00 D,H04L 7/00,特殊な符号〔同符号連続防止を含む〕,
uploaded,廃止,H04L 7/00 E,H04L 7/00,・直流方式に用いる符号〔ＡＭＩ，ＣＭＩ，バイフエ－ズ等〕,
uploaded,廃止,H04L 7/00 F,H04L 7/00,・交流方式に用いる符号〔位相変調方式等〕,
uploaded,廃止,H04L 7/00 G,H04L 7/00,送受の同期〔受信側からクロツクを与えるもの〕,
uploaded,廃止,H04L 7/00 H,H04L 7/00,同期の監視〔クロツクの監視〕,
uploaded,廃止,H04L 7/00 Z,H04L 7/00,その他のもの〔スキユ－補償，時刻合せ等〕,
uploaded,廃止,H04L 7/02 A,H04L 7/027,クロツク抽出〔共振器を用いるもの〕,
uploaded,廃止,H04L 7/02 B,H04L 7/033,・ＰＬＬを用いるもの〔ＰＬＬ自体は，Ｈ０３Ｌ７／０８〕,
uploaded,廃止,H04L 7/02 Z,H04L 7/02,その他のもの〔遅延回路を用いるもの，多位相から選択するもの等〕,
uploaded,廃止,H04L 7/04 A,H04L 7/04,調歩同期〔スタ－ト・ストツプビツトによるもの〕,
uploaded,廃止,H04L 7/04 B,H04L 7/04,外部同期〔クロツク信号線を有するもの〕,
uploaded,廃止,H04L 7/04 Z,H04L 7/04,その他のもの〔電源同期等〕,
uploaded,廃止,H04L 7/08 A,H04L 7/08,同期信号が特定のパタ－ンを有するもの〔フレ－ムパルスの検出等〕,
uploaded,廃止,H04L 7/08 C,H04L 7/08,・特定のパタ－ンからクロツクを抽出するもの,
uploaded,廃止,H04L 7/08 D,H04L 7/08,・同期保護回路〔前方保護，後方保護等〕,
uploaded,廃止,H04L 7/08 Z,H04L 7/08,その他のもの〔バイオレ－シヨン等〕,
uploaded,廃止,H04N 7/64,H04N 19/89,・・伝送誤りの検出または訂正方式（誤り検出または誤り訂正のための符号化，復号化または符号変換一般Ｈ０３Ｍ１３／００）［６］,
uploaded,廃止,H04N 7/66,H04N 21/438,・・・冗長な符号を用いるもの［６］,
uploaded,廃止,H04N 7/68,H04N 19/895,・・・誤り修正を用いるもの［６］,
uploaded,タイトル変更,A01D 41/02 F,A01D 41/02 F,・・扱深さ調節〔扱深さ利御，６１／００，３０２〕,・・扱深さ調節〔扱深さ制御，Ａ０１Ｄ６１／００，３０２〕
uploaded,タイトル変更,A01G 9/00 C,A01G 9/00 C,移動式栽培装置,移動式栽培装置
uploaded,タイトル変更,A01G 9/00 J,A01G 9/00 J,栽培容器を使用した栽培方法（容器を使用すること必須。栽培一般は１／００）,栽培容器を使用した栽培方法（容器を使用すること必須。栽培一般は１／００）
uploaded,タイトル変更,A01G 9/02 603,A01G 9/02 603,・・・・ポット型、ポット集合体、底付き集合多筒型（単独のポット９／１０℃底なし集合多筒型９／１０Ａ）,・・・・ポット型、ポット集合体、底付き集合多筒型（単独のポット９／１０Ｃ，底なし集合多筒型９／１０Ａ）
uploaded,タイトル変更,A41D 13/06,A41D 13/06,・膝または足の保護物,・・膝または足［１，７］
uploaded,タイトル変更,A41D 13/08,A41D 13/08,・腕や手の保護物,・・腕または手（保護用手袋Ａ４１Ｄ１９／０１５）［１，７］
uploaded,タイトル変更,A47J 31/043,A47J 31/043,・・粉砕済のコーヒー豆の入った上部容器まで熱湯を送り，加熱源が遮断されると水が真空のためにフイルターを通って下部容器内に吸引される作用の上昇管を有する真空型コーヒー製造装置,・・粉砕済のコーヒー豆の入った上部容器まで熱湯を送り，加熱源が遮断されると水が真空のためにフィルターを通って下部容器内に吸引される作用の上昇管を有する真空型コーヒー製造装置
uploaded,タイトル変更,A47J 31/053,A47J 31/053,・・フイルターを通り繰返し循環してこすもの,・・フィルターを通り繰返し循環してこすもの
uploaded,タイトル変更,A47J 31/06,A47J 31/06,・コーヒーまたは茶製造器具のフイルターまたはろ過器,・コーヒーまたは茶製造器具のフィルターまたはろ過器
uploaded,タイトル変更,A47J 31/08,A47J 31/08,・・そのための差込紙製フイルター,・・そのための差込紙製フィルター
uploaded,タイトル変更,A47J 31/12,A47J 31/12,・・熱湯の蒸気がフイルターを越えて上昇し凝縮後フイルターを通るもの,・・熱湯の蒸気がフィルターを越えて上昇し凝縮後フィルターを通るもの
uploaded,タイトル変更,A47J 31/14,A47J 31/14,・注出口内にまたはその後部にフイルターを有するコーヒーまたは茶製造装置,・注出口内にまたはその後部にフィルターを有するコーヒーまたは茶製造装置
uploaded,タイトル変更,A47J 31/16,A47J 31/16,・下部で水を沸騰させ次にフイルターを通すために転倒させられる転倒コーヒー製造装置,・下部で水を沸騰させ次にフィルターを通すために転倒させられる転倒コーヒー製造装置
uploaded,タイトル変更,A47J 31/02,A47J 31/02,・・浸せきが可能な，例．回転可能な，フイルターをもつもの,・・浸せきが可能な，例．回転可能な，フィルターをもつもの
uploaded,タイトル変更,A47J 31/24,A47J 31/24,・圧力下で熱湯をフイルターに通すコーヒー製造装置（Ａ４７Ｊ３１／０４３が優先）,・圧力下で熱湯をフィルターに通すコーヒー製造装置（Ａ４７Ｊ３１／０４３が優先）
uploaded,タイトル変更,A47J 31/04,A47J 31/04,・計量された成分，例．コーヒー，水，砂糖，ココア，ミルク，茶，を加える調合手段を有する飲料製造装置,・計量された成分，例．コーヒー，水，砂糖，ココア，ミルクまたは茶，を加える調合手段を有する飲料製造装置
uploaded,タイトル変更,A47J 31/44,A47J 31/44,・飲料製造装置の部品または細部（フイルターまたはろ過器Ａ４７Ｊ３１／０６）,・飲料製造装置の部品または細部（フィルターまたはろ過器Ａ４７Ｊ３１／０６）
uploaded,タイトル変更,A47J 31/46,A47J 31/46,・・注出口，ポンプ，排出弁または類似の液体輸送用具蛇口付,・・注出口，ポンプ，排出弁または類似の液体輸送手段
uploaded,タイトル変更,A47J 31/48,A47J 31/48,・・クリップ，リング，フック，またはこれらと類似で非使用時にフイルター部分を保持する用具,・・クリップ，リング，フックまたはこれらと類似で非使用時にフィルター部分を保持する用具
uploaded,タイトル変更,A61C 19/00 A,A61C 19/00 A,補助具一般,補助具
uploaded,タイトル変更,A61C 19/00 B,A61C 19/00 B,制御〔流体制御Ｃ〕,制御（流体制御はＡ６１Ｃ１９／００　Ｃ）
uploaded,タイトル変更,A61C 19/00 C,A61C 19/00 C,流体供給，流体制御〔コンプレツサそのものを含む〕,流体制御または流体供給，例．コンプレッサ
uploaded,タイトル変更,A61C 19/00 D,A61C 19/00 D,歯科ユニツト・歯科診察室の配置,歯科ユニット；歯科診察室における配置
uploaded,タイトル変更,A61C 19/00 E,A61C 19/00 E,ユニツトを構成する部材そのもの〔椅子Ａ６１Ｇ，スピツトン１７／１４〕,ユニットを構成する部材そのもの（椅子Ａ６１Ｇ，スピットンＡ６１Ｃ１７／１４）
uploaded,タイトル変更,A61C 19/00 H,A61C 19/00 H,ユニツト化されていない補助具,ユニット化されていない補助具
uploaded,タイトル変更,A61C 19/00 J,A61C 19/00 J,洗浄器・殺菌器〔技工士用も含む〕,洗浄器または殺菌器
uploaded,タイトル変更,A61C 19/00 L,A61C 19/00 L,患者自身が歯科治療に際し装着するもの〔エプロン，ヘツドホン等〕,患者自身が歯科治療に際し装着するもの，例．エプロンまたはヘッドホン
uploaded,タイトル変更,A61C 19/04,A61C 19/04,・歯科用に特に適合した測定器（放射線診断法Ａ６１Ｂ６／００）,・歯科用に特に適合した測定器（放射線診断法Ａ６１Ｂ６／１４）
uploaded,タイトル変更,A61C 19/04 B,A61C 19/04 B,根管長測定以外の根管，歯髄測定,根管長測定以外の根管測定または歯髄測定
uploaded,タイトル変更,A61C 19/04 C,A61C 19/04 C,歯周ポケツト測定,歯周ポケット測定
uploaded,タイトル変更,A61C 19/04 K,A61C 19/04 K,咬合採得及びバイト高さ測定,咬合採得またはバイト高さ測定
uploaded,タイトル変更,A61C 19/06 A,A61C 19/06 A,う歯の治療及び予防,う歯の治療または予防
uploaded,タイトル変更,A61F 5/00,A61F 5/00,骨または関節の手術によらない処置のための整形外科的方法または器具（骨または関節の処置の手術的方法，そのために特に適した器具Ａ６１Ｂ１７／５６）；看護用器具（包帯または被覆用品の形状，構造または特殊用途への適応１３／００）；避妊用具（手術用機器または方法Ａ６１Ｂ１７／００；避妊のための化学的事項Ａ６１Ｋ）,骨または関節の手術によらない処置のための整形外科的方法または用具（骨または関節の処置の手術用器具または方法，そのために特に適した器具Ａ６１Ｂ１７／５６）；看護用具（包帯，被覆用品または吸収パッドＡ６１Ｆ１３／００）［３，４，５］
uploaded,タイトル変更,A61F 5/01,A61F 5/01,・整形外科用装置，例．頚部副木,・整形外科用具，例．骨折又は変形した骨を処置するための，副木，ギブス，または固定器のような，長期に渡って固定する，または圧力をかける器具
uploaded,タイトル変更,A61F 5/01 D,A61F 5/01 D,・脊椎のためのもの,脊椎のためのもの
uploaded,タイトル変更,A61F 5/01 E,A61F 5/01 E,・・姿勢矯正,・姿勢矯正
uploaded,タイトル変更,A61F 5/01 G,A61F 5/01 G,・頚部，肩部のためのもの,頚部または肩部のためのもの
uploaded,タイトル変更,A61F 5/01 K,A61F 5/01 K,・腰部，股部のためのもの,腰部または股部のためのもの
uploaded,タイトル変更,A61F 5/01 N,A61F 5/01 N,・手足，それらの部分のためのもの〔骨折した肢のためのもの，５／０４，手の指の変形を直す装置，５／１０，爪の変形を直す装置，５／１１〕,手足のためのもの
uploaded,タイトル変更,A61F 5/02,A61F 5/02,・・整形外科用コルセット（筆記補助として使用するためのひじかけＢ４３Ｌ１５／００）,・・整形外科用コルセット
uploaded,タイトル変更,A61F 5/02 D,A61F 5/02 D,・脊椎のためのもの,脊椎のためのもの
uploaded,タイトル変更,A61F 5/02 G,A61F 5/02 G,・頚部，肩部のためのもの,頚部または肩部のためのもの
uploaded,タイトル変更,A61F 5/02 K,A61F 5/02 K,・腰部，股部のためのもの,腰部または股部のためのもの
uploaded,タイトル変更,A61F 5/02 N,A61F 5/02 N,・手足，それらの部分のためのもの〔骨折した肢のためのもの，５／０４，手の指の変形を直す装置，５／１０，爪の変形を直す装置，５／１１〕,手足のためのもの
uploaded,タイトル変更,A61F 5/03,A61F 5/03,・・パッドを有するかまたは有さない腹部，乳房または胸部支持のためのコルセットまたは包帯（ブラジャーＡ４１Ｃ３／００）,・・パッドを有するかまたはパッドのない腹部，乳房または胸部支持のためのコルセットまたは包帯（ブラジャーＡ４１Ｃ３／００）
uploaded,タイトル変更,A61F 5/04,A61F 5/04,・・骨折した肢を引伸ばしたり整復したりするための装置；伸延のための装置；副木,・・骨折した肢を引伸ばしたり整復したりするための装置；伸延のための装置；副木［４］
uploaded,タイトル変更,A61F 5/14,A61F 5/14,・・扁平足，内反足またはその類似のもののための靴に対する特殊な医学的そう入物（通常の弓状支持Ａ４３Ｂ７／１４）,・・扁平足，内反足またはその類似のもののための靴に対する特殊な医学的挿入物（通常の弓状支持Ａ４３Ｂ７／１４）
uploaded,タイトル変更,A61F 5/28,A61F 5/28,・・・脱脹帯の支持,・・・脱腸帯の支持
uploaded,タイトル変更,A61F 5/03,A61F 5/03,・・圧力パッド（うおのめパッド；うおのめリング１３／０６）,・・圧力パッド（うおのめパッド，うおのめリングＡ６１Ｆ１３／０６）
uploaded,タイトル変更,A61F 5/34,A61F 5/34,・・・空気または液体で充満させられた圧力パッド（膨張体への弁の連結一般Ｂ６０Ｃ２９／００；弁それ自体Ｆ１６Ｋ）,・・・空気または液体で充満された圧力パッド（医療用に特に適する弁Ａ６１Ｍ３９／００）
uploaded,タイトル変更,A61F 5/37,A61F 5/37,・身体または身体の１部に対する拘束用具；拘束シャツ,・身体または身体の一部に対する拘束用具；拘束シャツ
uploaded,タイトル変更,A61F 5/41,A61F 5/41,・陰茎勃起を助長させる用具（陰茎植込物２／２６；生殖器のマッサージＡ６１Ｈ１９／００）,・陰茎勃起を助長させる用具（陰茎植込物Ａ６１Ｆ２／２６；生殖器のマッサージＡ６１Ｈ１９／００）［４］
uploaded,タイトル変更,A61F 5/44,A61F 5/44,・尿，糞便，生理または他の排泄物を受けるために患者の身につける装置（生理用ナプキン１３／１６；傷の排膿器具Ａ６１Ｍ２７／００）；人工肛門用具,・尿，糞便，経血または他の排泄物を受けるために患者が身につける装置（吸収性パッド，例．月経帯，Ａ６１Ｆ１３／１５；傷の排臓器具Ａ６１Ｍ２７／００）；人工肛門用具（人工肛門用具の接着剤Ａ６１Ｌ２４／００；人工肛門用具の材料Ａ６１Ｌ２８／００）
uploaded,タイトル変更,A61F 5/44 D,A61F 5/44 D,・特に糞便を受けるもの,特に糞便を受けるもの
uploaded,タイトル変更,A61F 5/44 H,A61F 5/44 H,・おむつ及び類似物,おむつ及び類似物
uploaded,タイトル変更,A61F 5/44 S,A61F 5/44 S,・・センサ－の付いたもの,・センサーの付いたもの
uploaded,タイトル変更,A61F 5/44 T,A61F 5/44 T,・・カバ－,・カバー
uploaded,タイトル変更,A61F 5/44 W,A61F 5/44 W,・・交換機,・交換機
uploaded,タイトル変更,A61F 5/441,A61F 5/441,・・脱臭手段，例．フィルター，を有するもの,・・脱臭手段，例．フィルター，を有するもの［４］
uploaded,タイトル変更,A61F 5/442,A61F 5/442,・・潅注口または潅注手段を有するもの（イルリガートルＡ６１Ｍ７／００）,・・灌注口または灌注手段を有するもの（イルリガートルＡ６１Ｍ３／０２）［４］
uploaded,タイトル変更,A61F 5/443,A61F 5/443,・・水性コロイド型シール，例．ゲル，でん粉，インドゴムを有するもの,・・水性コロイド型シール，例．ゲル，でん粉，インドゴムを有するもの［４］
uploaded,タイトル変更,A61F 5/445,A61F 5/445,・・人口肛門用具（５／４４１，５／４４２，５／４４３が優先）,・・人口肛門用具（Ａ６１Ｆ５／４４１，Ａ６１Ｆ５／４４２，Ａ６１Ｆ５／４４３が優先）［４］
uploaded,タイトル変更,A61F 5/447,A61F 5/447,・・・バッグの圧潰防止上の特徴,・・・バッグの圧潰防止の特徴［４］
uploaded,タイトル変更,A61F 5/448,A61F 5/448,・・・シールリングにバッグを取り付ける手段,・・・シールリングにバッグを取り付ける手段［４］
uploaded,タイトル変更,A61F 5/449,A61F 5/449,・・・身体固定手段，例．ベルト，衣服,・・・身体固定手段，例．ベルト，衣服［４］
uploaded,タイトル変更,A61F 5/451,A61F 5/451,・・生殖器収納容器（５／４４１，５／４４２，５／４４３が優先）,・・生殖器収納容器（Ａ６１Ｆ５／４４１，Ａ６１Ｆ５／４４２，Ａ６１Ｆ５／４４３が優先）［４］
uploaded,タイトル変更,A61F 5/452,A61F 5/452,・・・糞便を受ける隔室部分を有するもの,・・・糞便を受ける隔室部分を有するもの［４］
uploaded,タイトル変更,A61F 5/453,A61F 5/453,・・・男性器官からの尿または他の排泄物を集めるためのもの（６／０４が優先）,・・・男性器官からの尿または他の排泄物を集めるためのもの（Ａ６１Ｆ６／０４が優先）［４］
uploaded,タイトル変更,A61F 5/455,A61F 5/455,・・・女性器官からの尿または他の排泄物を集めるためのもの,・・・女性器官からの尿または他の排泄物を集めるためのもの［４］
uploaded,タイトル変更,A61F 5/457,A61F 5/457,・・・身体固定手段，例．ベルト，帯または背負い紐,・・・身体固定手段，例．ベルト，帯または背負い紐［４］
uploaded,タイトル変更,A61F 5/458,A61F 5/458,・・・・粘着型または膨張型,・・・・粘着型または膨脹型［４］
uploaded,タイトル変更,A61F 7/08 330,A61F 7/08 330,・・発熱手段を内蔵するもの（蓄熱体を加熱するものは７／０８３２０）,・・発熱手段を内蔵するもの（蓄熱体を加熱するものは７／０８，３２０）
uploaded,タイトル変更,A61G 7/00,A61G 7/00,看護のために特別な設備を有するベッド（ベッド，ベッドステッド一般Ａ４７Ｃ）；病弱者リフト装置,介護のために特に適合させたベッド；病人または身体障害者を持ち上げるための装置（伸展または伸延のためのベッド用設備，処置台，床フレームまたはその類似のものＡ６１Ｆ５／０４５；病人または身体障害者を移乗する設備を有する担架Ａ６１Ｇ１／００３）［５，６］
uploaded,タイトル変更,A61G 7/02,A61G 7/02,・便器設備を有するもの（便器設備を有するいすＡ４７Ｋ１１／０４）,・便器設備を有するもの，または便器と共に使用するのに特に適合させたもの［５］
uploaded,タイトル変更,A61G 7/08,A61G 7/08,・病弱者ベッドの輸送装置,・ベッドを輸送するための装置
uploaded,タイトル変更,A61G 7/01,A61G 7/01,・病弱者リフト装置，例．そのための巻き上げ機の特別な応用,・病人または身体障害者を持ち上げるための装置，例．そのための巻き上げ機の特別な応用
uploaded,タイトル変更,A61G 13/00,A61G 13/00,治療台；そのための補助器械（調節可能な台一般Ａ４７Ｂ９／００；治療台の照明Ｆ２１）,治療台；そのための補助器械（治療台の照明Ｆ２１Ｌ，Ｆ２１ＳまたはＦ２１Ｖ）
uploaded,タイトル変更,A61G 13/00 A,A61G 13/00 A,構造により特定される治療台,構造により特定される治療台（Ａ６１Ｇ１３／０２，１３／１０が優先）
uploaded,タイトル変更,A61G 13/00 P,A61G 13/00 P,治療目的により特定される台〔単なる手術用のものＡ～Ｍ，歯科用のもの，Ａ６１Ｇ１５／００，眼，耳のためのもの，手術によらない整形外科用のもの，Ａ６１Ｆ，物理治療用のもの，Ａ６１Ｈ，媒体導入，除去用のもの，Ａ６１Ｍ，電気，磁気，放射線治療用のもの，Ａ６１Ｎ〕,・治療目的により特定される台
uploaded,タイトル変更,A61G 13/00 Q,A61G 13/00 Q,・〔産〕婦人科用台〔←分娩台〕,・婦人科用台，例．分娩台
uploaded,タイトル変更,A61G 13/00 R,A61G 13/00 R,・特殊な手術のためのもの〔←手術部位が特定されたもの〕,・特殊な手術のための台，例．手術部位が特定された手術のための台
uploaded,タイトル変更,A61G 13/00 Z,A61G 13/00 Z,その他のもの〔←診察台一般，診断のための特定手段が付加されたもの，Ａ６１Ｂ，例．放射線診断用台，Ａ６１Ｂ６／０４〕,その他のもの
uploaded,タイトル変更,A61G 15/00,A61G 15/00,治療用いす；歯科用いす（理髪用いすＡ４７Ｃ１／０４）；その補助装置，例．仕事台，頭受台（いす用一般Ａ４７Ｃ７／３６）,治療用いす；歯科用いす；そのために特に適合させた付属品，例．仕事台［５］
uploaded,タイトル変更,A61G 15/00 A,A61G 15/00 A,構造により特定されるいす,構造により特定されるいす（Ａ６１Ｇ１５／０２，１５／１０が優先）
uploaded,タイトル変更,A61G 15/00 P,A61G 15/00 P,治療目的により特定されるいす〔←診察用いす一般，単なる歯科用のもの，Ａ～Ｌ〕,治療目的により特定されるいす
uploaded,タイトル変更,A61H 33/00 310 E,A61H 33/00 310 E,・・分解式，組立式，折畳式のもの,・・分解式，組立式または折畳式のもの
uploaded,タイトル変更,A61H 33/00 310 F,A61H 33/00 310 F,・浴槽本体が上下動，回転，傾斜するもの,・浴槽本体が上下動，回転または傾斜するもの
uploaded,タイトル変更,A61H 33/00 310 H,A61H 33/00 310 H,・ベツドに入浴設備を有するもの，ベツド上に浴槽を形成するもの,・ベッドに入浴設備を有するもの；ベッド上に浴槽を形成するもの
uploaded,タイトル変更,A61H 33/00 310 J,A61H 33/00 310 J,・車椅子，椅子に入浴設備を有するもの，車椅子，椅子上に浴槽を形成するもの,・車椅子または椅子に入浴設備を有するもの；車椅子または椅子上に浴槽を形成するもの
uploaded,タイトル変更,A61H 33/00 310 K,A61H 33/00 310 K,・浴用担架，浴用車椅子,・浴用担架または浴用車椅子
uploaded,タイトル変更,A61H 33/00 310 P,A61H 33/00 310 P,病弱者用洗浄装置〔シヤワ－装置も含む〕,病弱者用洗浄装置
uploaded,タイトル変更,A61H 33/00 310 T,A61H 33/00 310 T,治療用，機能訓練用，浴中運動用浴槽,治療用，機能訓練用または浴中運動用浴槽
uploaded,タイトル変更,A61H 33/00 C,A61H 33/00 C,・自動入浴用，入浴管理用のもの,・自動入浴用または入浴管理用のもの
uploaded,タイトル変更,A61H 33/00 D,A61H 33/00 D,・温浴と冷浴を交互に又は同時に行うもの，冷浴用のもの,・温浴と冷浴を交互に又は同時に行うもの；冷浴用のもの
uploaded,タイトル変更,A61H 33/00 F,A61H 33/00 F,・圧注，噴流，渦流，循環手段を有するもの,・圧注，噴流，渦流または循環手段を有するもの
uploaded,タイトル変更,A61H 33/00 G,A61H 33/00 G,・浴場の浄化，例．殺菌，消臭，手段を有するもの,・浴場の浄化，例．殺菌または消臭，手段を有するもの
uploaded,タイトル変更,A61H 33/00 M,A61H 33/00 M,・・電気，イオンによるもの,・・電気またはイオンによるもの
uploaded,タイトル変更,A61H 33/00 N,A61H 33/00 N,・・可視光線，赤外線，遠赤外線によるもの,・・可視光線，赤外線または遠赤外線によるもの
uploaded,タイトル変更,A61H 33/00 S,A61H 33/00 S,・洗浄装置〔Ｋ，Ｌ，Ｍ，Ｎ，Ｐ優先〕,・洗浄装置（Ａ６１Ｈ３３／００Ｋ～Ａ６１Ｈ３３／００Ｐが優先）
uploaded,タイトル変更,A61H 33/00 T,A61H 33/00 T,・・噴水，スプレ－によるもの,・・噴水またはスプレーによるもの
uploaded,タイトル変更,A61H 33/02 D,A61H 33/02 D,ガスが空気であるもの，例．空気を水中にぶくぶくさせるもの〔２３／００参照〕,ガスが空気であるもの，例．空気を水中にぶくぶくさせるもの
uploaded,タイトル変更,A61H 33/04,A61H 33/04,・砂，泥，泡浴のための器具；メタル浴のための器具，例．金属塩溶液を用いるもの［６］,・砂，泥または泡浴のための器具；メタル浴のための器具，例．金属塩溶液を用いるもの［６］
uploaded,タイトル変更,A61H 33/04 A,A61H 33/04 A,砂，泥，泡浴のための器具,砂，泥または泡浴のための器具
uploaded,タイトル変更,A61H 33/04 D,A61H 33/04 D,メタル浴のための器具〔放射線を出すもの３３／００，Ｐ〕,メタル浴のための器具（放射線を出すものはＡ６１Ｈ３３／００Ｐ）
uploaded,タイトル変更,A61H 33/06 C,A61H 33/06 C,・・輻射熱，例．赤外線，遠赤外線，によるもの,・・輻射熱，例．赤外線または遠赤外線，によるもの
uploaded,タイトル変更,A61H 33/06 E,A61H 33/06 E,・燃焼，加熱流体を収容した管通路によるもの,・燃焼によるもの；加熱流体を収容した管通路によるもの
uploaded,タイトル変更,A61H 33/06 G,A61H 33/06 G,制御に特徴を有するもの，例．温度，湿度の制御,制御に特徴を有するもの，例．温度または湿度の制御
uploaded,タイトル変更,A61H 33/06 H,A61H 33/06 H,安全，操作，警報表示装置，その他の電気的事項に特徴を有するもの,安全，操作，警報表示装置またはその他の電気的事項に特徴を有するもの
uploaded,タイトル変更,A61H 33/06 K,A61H 33/06 K,・ボツクス，パネルの組立によるもの,・ボックス；パネルの組立によるもの
uploaded,タイトル変更,A61H 33/06 L,A61H 33/06 L,・折りたたみ可能なもの〔スライド式で大きくなるものを含む〕,・折りたたみ可能なもの
uploaded,タイトル変更,A61H 33/06 N,A61H 33/06 N,・風呂の浴室，浴槽をサウナ浴室として利用するもの,・風呂の浴室または浴槽をサウナ浴室として利用するもの
uploaded,タイトル変更,A61H 33/06 P,A61H 33/06 P,・横臥式，横型，衣服型,・横臥式，横型または衣服型
uploaded,タイトル変更,A61H 33/06 R,A61H 33/06 R,冷却空気浴，温冷空気浴，シヤワ－設備を有するサウナ,冷却空気浴，温冷空気浴またはシャワー設備を有するサウナ
uploaded,タイトル変更,A61H 33/06 S,A61H 33/06 S,他の治療と組み合わされたもの；他の発汗具，運動具を有するもの,他の治療と組み合わされたもの；他の発汗具または運動具を有するもの
uploaded,タイトル変更,A61H 33/06 U,A61H 33/06 U,細部，付属品,細部または付属品
uploaded,タイトル変更,A61H 33/06 W,A61H 33/06 W,・シ－トカバ－,・シートカバー
uploaded,タイトル変更,A61H 33/06 X,A61H 33/06 X,・窓，入口，換気手段,・窓，入口または換気手段
uploaded,タイトル変更,A61H 33/06 Y,A61H 33/06 Y,・椅子，腰掛，座台，背もたれ,・椅子，腰掛，座台または背もたれ
uploaded,タイトル変更,A61H 33/01 G,A61H 33/01 G,制御，安全，操作，警報表示，その他電気的事項に特徴を有するもの,制御，安全，操作，警報表示またはその他電気的事項に特徴を有するもの
uploaded,タイトル変更,A61H 33/01 L,A61H 33/01 L,・折りたたみ可能なもの〔スライド式で大きくなるものを含む〕,・折りたたみ可能なもの
uploaded,タイトル変更,A61H 33/01 N,A61H 33/01 N,・温湯浴槽内に水蒸気を導入するもの〔Ｄ優先〕,・温湯浴槽内に水蒸気を導入するもの（Ａ６１Ｈ３３／１０Ｄが優先）
uploaded,タイトル変更,A61H 33/01 P,A61H 33/01 P,・横臥式，横型，衣服型,・横臥式，横型または衣服型
uploaded,タイトル変更,A61H 33/01 Q,A61H 33/01 Q,加熱空気浴，シヤワ－設備を有するもの,加熱空気浴またはシャワー設備を有するもの
uploaded,タイトル変更,A61H 33/01 S,A61H 33/01 S,他の治療と組み合わされたもの；他の発汗具，運動具を有するもの,他の治療と組み合わされたもの；他の発汗具または運動具を有するもの
uploaded,タイトル変更,A61H 33/01 V,A61H 33/01 V,細部，付属品,細部または付属品
uploaded,タイトル変更,A61H 33/12 D,A61H 33/12 D,ぬれタオル，布を加熱するもの；浴槽等の蒸気を利用するもの,ぬれタオルまたは布を加熱するもの；浴槽の蒸気を利用するもの
uploaded,タイトル変更,A61H 33/12 G,A61H 33/12 G,冷噴霧，薬液の霧化，温冷噴霧によるもの,冷噴霧，薬液の霧化または温冷噴霧によるもの
uploaded,タイトル変更,A61H 33/12 K,A61H 33/12 K,発生蒸気等の噴出ノズル，蒸気流等の調整,発生蒸気の噴出ノズル；蒸気流の調整
uploaded,タイトル変更,A61H 33/12 M,A61H 33/12 M,・給水，排水，貯溜タンク，排水タンク，水位制御,・給水，排水，貯溜タンク，排水タンクまたは水位制御
uploaded,タイトル変更,A61H 33/12 P,A61H 33/12 P,制御，安全，操作，警報表示，その他電気的事項に特徴を有するもの,制御，安全，操作，警報表示またはその他電気的事項に特徴を有するもの
uploaded,タイトル変更,A61H 33/12 R,A61H 33/12 R,本体，細部，付属品,本体，細部または付属品
uploaded,タイトル変更,A61H 33/12 S,A61H 33/12 S,・顔フ－ド，カバ－,・顔フードまたはカバー
uploaded,タイトル変更,A61H 33/14 B,A61H 33/14 B,・オゾン，水素の製造，発生装置,・オゾン，水素の製造または発生装置
uploaded,タイトル変更,A61H 35/00,A61H 35/00,人体の特殊な部分のための入浴，例．胸部潅注浴（上方へのスプレー手段を有しないビデＡ４７Ｋ３／２２；でん部を清浄する装置Ａ４７Ｋ７／０８）,人体の特殊な部分のための入浴，例．胸部灌注浴（上方へのスプレー手段を有しないビデＡ４７Ｋ３／２６；臀部を清浄する器具Ａ４７Ｋ７／０８；水中で行われる腸洗浄のためのものＡ６１Ｍ９／００）［６］
uploaded,タイトル変更,A61H 35/00 R,A61H 35/00 R,・・上方に噴霧する装置をもつビデ，腔洗浄具,・・上方に噴霧する装置をもつビデ；腔洗浄具
uploaded,タイトル変更,A61J 7/00,A61J 7/00,医薬品の内服；哺乳びん一般；乳首；唾受け装置医薬品の内服用装置，例．スプーン（定容スプーンＧ０１Ｆ１９／００；秤量スプーンＧ０１Ｇ１９／５６）；丸剤を計数するもの；服薬時刻を表示するもの,医薬品の内服用装置，例．スプーン（秤量スプーンＧ０１Ｇ１９／５６）；錠剤計数装置；時間を表示する装置または服薬を思い出させるための装置
uploaded,タイトル変更,A61J 7/00 B,A61J 7/00 B,・スプ－ン,・スプーン
uploaded,タイトル変更,A61J 7/00 C,A61J 7/00 C,・粉剤，丸薬，錠剤，カプセル剤等の内服用具,・内服用具，例．粉剤，丸薬，錠剤またはカプセル剤ためのもの
uploaded,タイトル変更,A61J 7/00 H,A61J 7/00 H,・・注入型〔例．スポイト〕,・・注入型，例．スポイト
uploaded,タイトル変更,A61J 7/00 J,A61J 7/00 J,・・ストロ－,・・ストロー
uploaded,タイトル変更,A61J 7/00 K,A61J 7/00 K,・・薬剤を塗布，包含等する紙コツプ等の容器,・・内部に薬剤を塗布または収容するコップ型の容器
uploaded,タイトル変更,A61K 35/00,A61K 35/00,構造未知の物質または反応生成物を含有する医薬品製剤［２］,構造未知の物質またはその反応生成物を含有する医薬品製剤［２］
uploaded,タイトル変更,A61K 35/02,A61K 35/02,・無生物体からのもの［２］,・無生物体からのもの（炭素Ａ６１Ｋ３３／４４）［２，２０１５．０１］
uploaded,タイトル変更,A61K 35/04,A61K 35/04,・・タール；ビチューメン；鉱油；ビチューミノスルホン酸アンモニウム，例．イヒチオール◯Ｒ［２］,・・タール；ビチューメン；鉱油；ビチューミノスルホン酸アンモニウム［２］
uploaded,タイトル変更,A61K 35/06,A61K 35/06,・・・鉱油［２］,・・・鉱油，例．パラフィン油または芳香族炭化水素に基づく芳香族油［２］
uploaded,タイトル変更,A61K 35/08,A61K 35/08,・・鉱泉［２］,・・鉱泉；海水［２，２０１５．０１］
uploaded,タイトル変更,A61K 35/01,A61K 35/01,・・泥炭；琥珀［２］,・・泥炭；琥珀；泥炭塊；腐植土［２，２０１５．０１］
uploaded,タイトル変更,A61K 35/12,A61K 35/12,・哺乳動物または鳥類からの物質［２］,・哺乳動物からの物質；特定されていない組織または細胞からなる組成物；非胚性幹細胞からなる組成物；遺伝子的に修飾された細胞（特徴づけられていない幹細胞Ａ６１Ｋ３５／５４５；ワクチンまたは抗原または抗体を含有する医薬品製剤Ａ６１Ｋ３９／００）［２，２０１５．０１］
uploaded,タイトル変更,A61K 35/14,A61K 35/14,・・血液［２］,・・血液；人工血液（パーフルオロカーボンＡ６１Ｋ３１／０２；臍帯血Ａ６１Ｋ３５／５１；ヘモグロビンＡ６１Ｋ３８／４２）［２，２０１５．０１］
uploaded,タイトル変更,A61K 35/16,A61K 35/16,・・・血漿；血清［２］,・・・血漿；血清（臍帯血Ａ６１Ｋ３５／５１）［２，２０１５．０１］
uploaded,タイトル変更,A61K 35/18,A61K 35/18,・・・赤血球［２］,・・・赤血球（ヘモグロビンＡ６１Ｋ３８／４２）［２，２０１５．０１］
uploaded,タイトル変更,A61K 35/02,A61K 35/02,・・乳；初乳［２］,・・乳；ホエイ；初乳［２］
uploaded,タイトル変更,A61K 35/22,A61K 35/22,・・尿；泌尿器官［２］,・・尿；尿路，例．腎臓または膀胱；糸球体内メサンギウム細胞；腎間葉細胞；副腎［２，２０１５．０１］
uploaded,タイトル変更,A61K 35/24,A61K 35/24,・・粘液；粘液腺；滑液のう；関節液；腺分泌分；脊髄液,・・粘液；粘液腺；滑液のう；滑液；関節液；腺分泌分；脊髄液（唾液Ａ６１Ｋ３５／３８）［２，２０１５．０１］
uploaded,タイトル変更,A61K 35/26,A61K 35/26,・・リンパ液；リンパ腺；胸腺,・・リンパ；リンパ節；胸腺；脾臓；脾臓細胞；胸腺細胞［２，２０１５．０１］
uploaded,タイトル変更,A61K 35/28,A61K 35/28,・・骨髄；脾臓［２］,・・骨髄；造血幹細胞；由来を問わない間葉系幹細胞，例．脂肪由来幹細胞［２，２０１５．０１］
uploaded,タイトル変更,A61K 35/03,A61K 35/03,・・神経；脳［２］,・・神経；脳；眼；角膜細胞；脳脊髄液；神経幹細胞；神経前駆細胞；グリア細胞；オリゴデンドロサイト細胞；シュワン細胞；星状膠細胞；星状細胞；脈絡集網；脊髄組織［２，２０１５．０１］
uploaded,タイトル変更,A61K 35/32,A61K 35/32,・・骨；腱；歯；軟骨（骨髄３５／２８）［２］,・・骨；骨細胞；骨芽細胞；腱；腱細胞；歯；象牙芽細胞；軟骨；軟骨細胞；滑膜［２，２０１５．０１］
uploaded,タイトル変更,A61K 35/34,A61K 35/34,・・筋肉；心臓［２］,・・筋肉；平滑筋細胞；心臓；心筋幹細胞；筋芽細胞；筋細胞；心筋細胞（血管平滑筋Ａ６１Ｋ３５／４４）［２，２０１５．０１］
uploaded,タイトル変更,A61K 35/36,A61K 35/36,・・皮膚；頭髪；爪；皮脂腺；耳垢［４］,・・皮膚；頭髪；爪；皮脂腺；耳垢；表皮；上皮細胞；ケラチノサイト；ランゲルハンス細胞；外胚葉細胞（ランゲルハンス島Ａ６１Ｋ３５／３９）［４，２０１５．０１］
uploaded,タイトル変更,A61K 35/37,A61K 35/37,・・消化器官［３］,・・消化器官［３，２０１５．０１］
uploaded,タイトル変更,A61K 35/38,A61K 35/38,・・・胃，腸［３］,・・・胃；腸；杯状細胞；口腔粘膜；唾液［３，２０１５．０１］
uploaded,タイトル変更,A61K 35/39,A61K 35/39,・・・膵臓［３］,・・・膵臓；ランゲルハンス島（上皮のランゲルハンス細胞Ａ６１Ｋ３５／３６）［３，２０１５．０１］
uploaded,タイトル変更,A61K 35/407,A61K 35/407,・・・肝臓［３］,・・・肝臓；肝細胞［３，２０１５．０１］
uploaded,タイトル変更,A61K 35/413,A61K 35/413,・・・胆汁［３］,・・・胆嚢；胆汁［３，２０１５．０１］
uploaded,タイトル変更,A61K 35/42,A61K 35/42,・・肺［２］,・・呼吸器官，例．肺，気管支または肺細胞［２，２０１５．０１］
uploaded,タイトル変更,A61K 35/44,A61K 35/44,・・眼；管；臍帯［２］,・・管；血管平滑筋細胞；内皮細胞；内皮前駆細胞［２，２０１５．０１］
uploaded,タイトル変更,A61K 35/48,A61K 35/48,・・生殖器；胚［２］,・・生殖器［２，２０１５．０１］
uploaded,タイトル変更,A61K 35/05,A61K 35/05,・・・胎盤；羊水［２］,・・・胎盤；胎盤幹細胞；羊水；羊膜；羊膜幹細胞［２，２０１５．０１］
uploaded,タイトル変更,A61K 35/52,A61K 35/52,・・・精液［２］,・・・精子；前立腺；精液；精巣のライディッヒ細胞［２，２０１５．０１］
uploaded,タイトル変更,A61K 35/54,A61K 35/54,・・・子宮；卵；胚,・・・卵巣；卵子；未受精卵；胚；胎児細胞；生殖細胞［２，２０１５．０１］
uploaded,タイトル変更,A61K 35/55,A61K 35/55,・・このメイングループの先行するサブグループの１つに分類されない腺［３］,・・グループＡ６１Ｋ３５／２２～Ａ６１Ｋ３５／５４５に分類されない腺，例．甲状腺，副甲状腺または松果腺［３，２０１５．０１］
uploaded,タイトル変更,A61K 35/56,A61K 35/56,・哺乳動物または鳥類以外の動物からの物質［２］,・哺乳動物以外の動物からの物質［２，２０１５．０１］
uploaded,タイトル変更,A61K 35/58,A61K 35/58,・・蛇（抗原３９／３８）［２］,・・爬虫類（蛇からの抗原Ａ６１Ｋ３９／３８）［２，２０１５．０１］
uploaded,タイトル変更,A61K 35/06,A61K 35/06,・・魚（ビタミンＡ３１／０７；ビタミンＤ３１／５９）［２］,・・魚類，例．タツノオトシゴ；魚卵［２］
uploaded,タイトル変更,A61K 35/62,A61K 35/62,・・ひる［２］,・・ひる；蠕虫，例．条虫網，サナダムシ，線虫，回虫，ミミズ，回虫類，フィラリア，鉤虫，旋毛虫または条虫類［２］
uploaded,タイトル変更,A61K 35/64,A61K 35/64,・・昆虫，例．ロイヤルゼリー［２］,・・・昆虫，例．蜂，スズメバチまたはノミ［２，２０１５．０１］
uploaded,タイトル変更,A61K 35/66,A61K 35/66,・微生物からの物質［２］,・微生物または微生物からの物質（菌類，酵母またはカンジダ菌Ａ６１Ｋ３６／０６）［２，２０１５．０１］
uploaded,タイトル変更,A61K 35/68,A61K 35/68,・・原生動物［２］,・・原生動物，例．鞭毛虫，アメーバ，胞子虫，プラズモジウムまたはトキソプラズマ［２］
uploaded,タイトル変更,A61K 35/74,A61K 35/74,・・バクテリア［２］,・・バクテリア（バクテリア蛋白質の治療への使用Ａ６１Ｋ３８／００）［２，２０１５．０１］
uploaded,タイトル変更,A61K 35/74 F,A61K 35/74 F,・医薬用途の開示された抗生物質,・医薬用途の特定された抗生物質
uploaded,タイトル変更,A61K 35/74 G,A61K 35/74 G,その他の培養液由来物質,Ａ６１Ｋ３５／７４＠Ａ～Ａ６１Ｋ３５／７４＠Ｆに分類されない培養液由来物質
uploaded,タイトル変更,A61K 35/76,A61K 35/76,・・ウイルス［２］,・・ウイルス；サブウイルス粒子；バクテリオファージ［２，２０１５．０１］
uploaded,タイトル変更,A61M 21/00,A61M 21/00,意識の状態に変化を起こさせるその他の用具または方法；機械的，光学的，または音響的手段によって眠りを生起または終わらせる装置，例．催眠（眠りを促進するベッドＡ６１Ｇ７／０４）,意識の状態に変化を起こさせるその他の装置または方法；機械的，光学的または音響的手段によって眠りを生起または終わらせる装置，例．催眠のためのもの（眠りを促進するベッドＡ６１Ｇ７／０４３）
uploaded,タイトル変更,A63B 37/00 100,A63B 37/00 100,・ゴルフボ－ル（練習用Ａ６３Ｂ６９／３６，５０４）,・ゴルフボール（練習用Ａ６３Ｂ６９／３６，５０４）
uploaded,タイトル変更,A63B 37/00 216,A63B 37/00 216,・・・色調,・・・・色調
uploaded,タイトル変更,A63B 37/00 342,A63B 37/00 342,・・・色調,・・・・色調
uploaded,タイトル変更,A63B 37/00 344,A63B 37/00 344,・・・・透明または半透明,・・・・・透明または半透明
uploaded,タイトル変更,A63B 37/00 432,A63B 37/00 432,・・・色調,・・・・色調
uploaded,タイトル変更,A63B 37/00 552,A63B 37/00 552,・・・色調,・・・・色調
uploaded,タイトル変更,A63B 37/00 646,A63B 37/00 646,・・・・周波数,・・・・振動数
uploaded,タイトル変更,A63B 49/00,A63B 49/00,テニス，バドミントンまたはそれに類似のラケット,ガット張りラケット，例．テニス用（そのためのガットＡ６３Ｂ５１／００）［１，２０１５．０１］
uploaded,タイトル変更,A63B 49/02,A63B 49/02,・フレーム,・フレーム［１，２０１５．０１］
uploaded,タイトル変更,A63B 49/08,A63B 49/08,・・把手が特殊構造を有するもの,・・ハンドルが特殊構造を有するもの［１，２０１５．０１］
uploaded,タイトル変更,A63B 49/01,A63B 49/01,・・木以外の特殊な非金属材料で作られたもの,・・木以外の非金属材料からなるもの［１，２０１５．０１］
uploaded,タイトル変更,A63B 49/12,A63B 49/12,・・金属製のもの,・・金属製のもの［１，２０１５．０１］
uploaded,タイトル変更,A63B 49/14,A63B 49/14,・・フレームの補強装置,・・フレームの保護装置［１，２０１５．０１］
uploaded,タイトル変更,A63B 51/00,A63B 51/00,テニスラケットのガット張り,テニス，バドミントンまたは類似ラケットのガット張り；そのためのガット；ラケットガットの保全［１，２０１５．０１］
uploaded,タイトル変更,A63B 51/02,A63B 51/02,・ガット，代用ガット,・ガット；代用ガット；ガットに適用される製品，例．湿気または摩耗から保護するもの［１，２０１５．０１］
uploaded,タイトル変更,A63B 51/01,A63B 51/01,・ガットの補強,・ガットの補強［１，２０１５．０１］
uploaded,タイトル変更,A63B 53/00,A63B 53/00,ゴルフクラブ,ゴルフクラブ［１，２０１５．０１］
uploaded,タイトル変更,A63B 53/00 A,A63B 53/00 A,ゴルフクラブセツト,ゴルフクラブセット
uploaded,タイトル変更,A63B 53/00 C,A63B 53/00 C,取扱器具〔ロフト，ライ等の調整など〕,取扱器具，例．ロフトまたはライの調整
uploaded,タイトル変更,A63B 53/00 D,A63B 53/00 D,測定器具〔ロフト，ライ等の測定など〕,測定器具，例．ロフトまたはライの測定
uploaded,タイトル変更,A63B 53/02,A63B 53/02,・ヘッドとシャフトとの結合構造,・ヘッドとシャフトとの結合構造［１，２０１５．０１］
uploaded,タイトル変更,A63B 53/04,A63B 53/04,・ヘッド,・ヘッド［１，２０１５．０１］
uploaded,タイトル変更,A63B 53/04 A,A63B 53/04 A,ウツドクラブヘツド,ウッドクラブヘッド
uploaded,タイトル変更,A63B 53/04 C,A63B 53/04 C,・フエ－ス材に特徴のあるもの,・フェース材に特徴のあるもの
uploaded,タイトル変更,A63B 53/04 D,A63B 53/04 D,・ソ－ルプレ－ト,・ソールプレート
uploaded,タイトル変更,A63B 53/04 E,A63B 53/04 E,アイアンクラブヘツド,アイアンクラブヘッド
uploaded,タイトル変更,A63B 53/04 F,A63B 53/04 F,・フエ－ス面〔曲面，平滑面，スコアリング〕,・フェース面，例．曲面，平滑面またはスコアリング
uploaded,タイトル変更,A63B 53/04 H,A63B 53/04 H,パタ－ヘツド,パターヘッド
uploaded,タイトル変更,A63B 53/04 J,A63B 53/04 J,・フエ－ス面,・フェース面
uploaded,タイトル変更,A63B 53/06,A63B 53/06,・・調節できるようなもの,・・調節できるもの［１，２０１５．０１］
uploaded,タイトル変更,A63B 53/06 B,A63B 53/06 B,・ウツドクラブ,・ウッドクラブ
uploaded,タイトル変更,A63B 53/06 D,A63B 53/06 D,・パタ－クラブ,・パタークラブ
uploaded,タイトル変更,A63B 53/06 E,A63B 53/06 E,ヘツド交換可能〔Ａ６３Ｂ５３／１６Ａ参照〕,ヘッド交換可能
uploaded,タイトル変更,A63B 53/08,A63B 53/08,・種々なインパクトを得るように特殊装置を有するもの,・種々のインパクトを得るための特殊装置を有するもの［１，２０１５．０１］
uploaded,タイトル変更,A63B 53/01,A63B 53/01,・非金属シャフト,・非金属シャフト［１，２０１５．０１］
uploaded,タイトル変更,A63B 53/01 A,A63B 53/01 A,繊維あるいは線を有するもの〔線の材質は問わず〕,強化繊維を有するもの
uploaded,タイトル変更,A63B 53/12,A63B 53/12,・金属シャフト,・金属シャフト［１，２０１５．０１］
uploaded,タイトル変更,A63B 53/12 A,A63B 53/12 A,丸形以外の断面形状を有するもの〔材質は問わず〕,丸形以外の断面形状を有するもの
uploaded,タイトル変更,A63B 53/12 B,A63B 53/12 B,伸縮，中継ぎするもの〔Ａ６３Ｂ５３／０６Ｅ参照〕,伸縮または中継ぎするもの
uploaded,タイトル変更,A63B 53/14,A63B 53/14,・ハンドル,・ハンドル［１，２０１５．０１］
uploaded,タイトル変更,A63B 53/14 B,A63B 53/14 B,面テ－プ,面テープ
uploaded,タイトル変更,A63B 53/14 C,A63B 53/14 C,マ－カ－等の保持手段を有するもの,保持具，例．マーカー用，を有するもの
uploaded,タイトル変更,A63B 55/00,A63B 55/00,ゴルフクラブ用バッグ；コースで使用するゴルフクラブ入れ,ゴルフクラブ用バッグ；コースで使用するゴルフクラブ用スタンド；ゴルフバッグに特に適合した車輪付き運搬具［１，２０１５．０１］
uploaded,タイトル変更,A63B 57/00,A63B 57/00,ゴルフゲーム付属品，例．ゴルフカップ，ゴルフティ,ゴルフ付属品［１，２０１５．０１］
uploaded,タイトル変更,A63B 59/00,A63B 59/00,他のゲームのためのバット，ラケット等（ボールがつながれたバットＡ６３Ｂ６７／２０）,グループＡ６３Ｂ４９／００～Ａ６３Ｂ５７／００に包含されないバット，ラケットまたは類似物（細部Ａ６３Ｂ６０／００）［１，２０１５．０１］
uploaded,タイトル変更,B01D 53/00,B01D 53/00,ガスまたは蒸気の分離；ガスからの揮発性溶剤蒸気の回収；煙，煙霧，または排ガスの化学的浄化（凝縮による揮発性溶剤の回収５／００；昇華７／００；コールドトラップ，コールドバッフル８／００；炭化水素油の分解により得られる不明確なガス状混合物の仕上げ処理加工Ｃ１０Ｇ７０／００；石炭ガスの洗浄Ｃ１０Ｋ；天然ガスまたは合成天然ガスの仕上げ処理加工Ｃ１０Ｌ３／１０；液化による難凝縮性ガスまたは空気の分離Ｆ２５Ｊ；材料調査用のものＧ０１Ｎ３０／００）,ガスまたは蒸気の分離；ガスからの揮発性溶剤蒸気の回収；廃ガスの化学的または生物学的浄化，例．エンジン排気ガス，煙，煙霧，煙道ガスまたはエアロゾル（凝縮による揮発性溶剤の回収Ｂ０１Ｄ５／００；昇華Ｂ０１Ｄ７／００；コールドトラップ，コールドバッフルＢ０１Ｄ８／００；液化による難凝縮性ガスまたは空気の分離Ｆ２５Ｊ３／００）［３，５］
uploaded,タイトル変更,B01D 53/02,B01D 53/02,・吸着によるもの,・吸着によるもの，例．分取ガスクロマトグラフィー
uploaded,タイトル変更,B01D 53/18,B01D 53/18,・・吸収ユニット；そのための液分配器（３／１６，３／２６，３／３０が優先；パッキング要素Ｂ０１Ｊ１９／３０，１９／３２）,・・吸収ユニット；そのための液分配器（Ｂ０１Ｄ３／１６，Ｂ０１Ｄ３／２６，Ｂ０１Ｄ３／３０が優先）
uploaded,タイトル変更,B01D 53/22,B01D 53/22,・拡散によるもの（半透膜の製造６７／００；半透膜の形状，構造または特性６９／００；半透膜の材料７１／００）,・拡散によるもの
uploaded,タイトル変更,B01D 53/03,B01D 53/03,・ガス分析装置による制御（一般的な非電気的変量の調節一般Ｇ０５Ｄ）,・ガス分析装置による制御
uploaded,タイトル変更,B01D 53/32,B01D 53/32,・グループ６１／００に分類されるもの以外の電気的効果によるもの,・グループＢ０１Ｄ６１／００に分類されるもの以外の電気的効果によるもの［５］
uploaded,タイトル変更,B01D 53/34,B01D 53/34,・廃ガス，例．煙，煙霧，煙道ガス，エンジン排気ガス，の化学的浄化（排気の清浄または他の処理をする手段をもつ排気装置Ｆ０１Ｎ３／００）,・廃ガスの化学的または生物学的浄化［３，６］
uploaded,タイトル変更,B21B 31/00,B21B 31/00,圧延スタンドの構造；ロール　ロール取付け具　スタンドフレームの取付け　調整　交換,圧延スタンドの構造；ロール，ロール取付け具またはスタンドフレームの取付け，調整または交換
uploaded,タイトル変更,B21B 31/02 A,B21B 31/02 A,ロ－ルチヨツク,ロールチョック
uploaded,タイトル変更,B21B 31/02 B,B21B 31/02 B,ロ－ルチヨツクの固定,ロールチョックの固定
uploaded,タイトル変更,B21B 31/04,B21B 31/04,・・タイロッドをもつもの，例．プリストレスタイロッド,・・タイロッドをもつもの，例．プレストレスタイロッド
uploaded,タイトル変更,B21B 31/06,B21B 31/06,・・基礎，例．ソールプレート，へのスタンドまたはフレームの固定（一般Ｆ１６Ｍ）,・・基礎架台，例．ソールプレート，へのスタンドまたはフレームの固定（一般Ｆ１６Ｍ）
uploaded,タイトル変更,B21B 31/07,B21B 31/07,・ロール軸受の適用（軸受一般Ｆ１６Ｃ）,・ロール軸受の適用（軸受一般Ｆ１６Ｃ）［２］
uploaded,タイトル変更,B21B 31/07 A,B21B 31/07 A,ロ－ル軸受,ロール軸受自体に特徴を有するもの
uploaded,タイトル変更,B21B 31/07 B,B21B 31/07 B,・ロ－ル軸受のシ－ル機構,・ロール軸受のシール機構に特徴を有するもの
uploaded,タイトル変更,B21B 31/07 C,B21B 31/07 C,・スラスト軸受部に特徴,・スラスト軸受部に特徴を有するもの
uploaded,タイトル変更,B21B 31/07 D,B21B 31/07 D,・ラジアル軸受部に特徴（ロ－ラベアリングを使用）,・ラジアル軸受部に特徴を有するもの，例．ローラベアリングを使用するもの
uploaded,タイトル変更,B21B 31/07 E,B21B 31/07 E,・ラジアル軸受部に特徴（油膜軸受を使用）,・ラジアル軸受部に特徴を有するもの，例．油膜軸受を使用するもの
uploaded,タイトル変更,B21B 31/07 F,B21B 31/07 F,・・ロ－ル軸受のシ－ル機構（ロ－ルネツク部）,・・ロール軸受のシール機構のうち，ロールネック部に特徴を有するもの
uploaded,タイトル変更,B21B 31/08,B21B 31/08,・ロール，ロール取付け具またはスタンドフレームの交換,・ロール，ロール取付け具またはスタンドフレームの交換［２］
uploaded,タイトル変更,B21B 31/08 A,B21B 31/08 A,ロ－ルの交換・取付,ロールの交換または取付
uploaded,タイトル変更,B21B 31/08 B,B21B 31/08 B,・ロ－ルハンガ－,・ロールハンガー
uploaded,タイトル変更,B21B 31/08 C,B21B 31/08 C,・配管・電気系統の連結,・配管または電気系統の連結
uploaded,タイトル変更,B21B 31/08 D,B21B 31/08 D,・スペ－サブロツク,・スペーサブロック
uploaded,タイトル変更,B21B 31/08 E,B21B 31/08 E,・ロ－ル交換〔特殊ミル〕,・特殊ミルのロール交換
uploaded,タイトル変更,B21B 31/08 F,B21B 31/08 F,・ロ－ル交換〔管〕,・管圧延機のロール交換
uploaded,タイトル変更,B21B 31/08 G,B21B 31/08 G,・ロ－ル交換〔多段〕,・多段圧延機のロール交換
uploaded,タイトル変更,B21B 31/08 H,B21B 31/08 H,・ロ－ル交換〔ユニバ－サル〕,・ユニバーサル圧延機のロール交換
uploaded,タイトル変更,B21B 31/01 A,B21B 31/01 A,ロ－ル交換〔水平置換〕,水平置換によるロール交換
uploaded,タイトル変更,B21B 31/01 B,B21B 31/01 B,ロ－ル交換〔サイドシフト方式〕,サイドシフト方式によるロール交換
uploaded,タイトル変更,B21B 31/01 C,B21B 31/01 C,ロ－ル交換〔タ－ンテ－ブル方式〕,ターンテーブル方式によるロール交換
uploaded,タイトル変更,B21B 31/01 D,B21B 31/01 D,ロ－ル交換〔Ｃフツク方式〕,Ｃフック方式によるロール交換
uploaded,タイトル変更,B21B 31/01 E,B21B 31/01 E,ロ－ル交換〔ＨＣミル〕,ハイクラウンミル［ＨＣミル］のロール交換
uploaded,タイトル変更,B21B 31/01 F,B21B 31/01 F,ロ－ル交換〔通板中〕,通板中のロール交換
uploaded,タイトル変更,B21B 31/01 G,B21B 31/01 G,ロ－ル交換〔ロ－ルチヨツク構造〕,ロールの交換のためのロールチョック構造
uploaded,タイトル変更,B21B 31/01 H,B21B 31/01 H,ロ－ルチヨツク交換,ロールチョック交換
uploaded,タイトル変更,B21B 31/12 A,B21B 31/12 A,ロ－ル交換〔垂直置換〕,垂直置換によるロール交換
uploaded,タイトル変更,B21B 31/12 B,B21B 31/12 B,ロ－ル交換〔開頭式圧延スタンド〕,開頭式圧延スタンドのロール交換
uploaded,タイトル変更,B21B 31/16,B21B 31/16,・ロールの調整（制御装置３７／００）,・ロールの調整（制御装置Ｂ２１Ｂ３７／００）
uploaded,タイトル変更,B21B 31/18 A,B21B 31/18 A,ロ－ルの軸方向調整〔ＨＣミル用〕,ハイクラウンミル［ＨＣミル］のためのもの
uploaded,タイトル変更,B21B 31/18 B,B21B 31/18 B,ロ－ルの軸方向調整〔カリバ－調節用〕,カリバー調節のためのもの
uploaded,タイトル変更,B21B 31/02 A,B21B 31/02 A,ロ－ルバランス,ロールバランス調整
uploaded,タイトル変更,B21B 31/02 C,B21B 31/02 C,スペ－サ,スペーサによるもの
uploaded,タイトル変更,B21B 31/02 D,B21B 31/02 D,ロ－ル間隔調整,ロール間隔調整
uploaded,タイトル変更,B21B 31/02 E,B21B 31/02 E,・ロ－ル間隔の粗・微調整,・ロール間隔の微調整
uploaded,タイトル変更,B21B 31/24 A,B21B 31/24 A,スクリユ－式圧下装置,スクリュー式圧下装置
uploaded,タイトル変更,B21B 37/00,B21B 37/00,特に金属圧延機に適用される制御または調整装置,金属圧延機またはそれで製造した製品に特に適用される制御装置または方法（金属圧延機に特に適用される測定方法または装置Ｂ２１Ｂ３８／００）
uploaded,タイトル変更,B22C 3/00,B22C 3/00,鋳型，または中子，または原型の表面を塗布するための組成物の選別,鋳型，中子または原型の表面を被覆するための組成物の選別
uploaded,タイトル変更,B22C 3/00 B,B22C 3/00 B,・無機材からなるもの,・無機材料からなるもの
uploaded,タイトル変更,B22C 3/00 C,B22C 3/00 C,・有機材からなるもの,・有機材料からなるもの
uploaded,タイトル変更,B22C 3/00 D,B22C 3/00 D,・無機材と有機材からなるもの,・無機材料と有機材料の混合物からなるもの
uploaded,タイトル変更,B22C 3/00 G,B22C 3/00 G,・特殊な目的を有するもの，例．接種用，合金化，組織変更等,・特殊な目的を有するもの，例．接種用，合金化または組織変更
uploaded,タイトル変更,B22C 5/04,B22C 5/04,・粉砕，配合，混合，混捏，または撹拌によるもの,・粉砕，配合，混合，混捏または撹拌によるもの
uploaded,タイトル変更,B22C 5/04 D,B22C 5/04 D,混合，混捏によるもの,混合または混捏によるもの
uploaded,タイトル変更,B22C 5/06,B22C 5/06,・ふるいわけ，または磁気分離によるもの,・ふるいわけまたは磁気分離によるもの
uploaded,タイトル変更,B22C 5/08,B22C 5/08,・散水，または冷却，乾燥によるもの,・散水，冷却または乾燥によるもの
uploaded,タイトル変更,B22C 5/12,B22C 5/12,・鋳枠を充すためのもの（型込めと組合わされたもの１５／２０～１５／２８）,・鋳枠を充すためのもの（型込めと組合わされたものＢ２２Ｃ１５／２０～Ｂ２２Ｃ１５／２８）
uploaded,タイトル変更,B22C 5/16,B22C 5/16,・・上記材料を供給するためのコンベヤーまたはその他の装置をもったもの,・・材料を供給するためのコンベヤーまたはその他の装置をもったもの
uploaded,タイトル変更,B22C 15/00,B22C 15/00,型込め機械を特徴とする造型機械；その付属品,鋳型または中子の製造用の造型機械で型込め機械を特徴とする造型機械；その付属品
uploaded,タイトル変更,B22C 15/02 A,B22C 15/02 A,スクイズ・剛性単板式・その他,剛性単板式
uploaded,タイトル変更,B22C 15/02 B,B22C 15/02 B,スクイズ・ボ－ドが変位・変形するもの〔マルチ式・可撓材ボ－ドなど〕,ボードが変位または変形するもの，例．マルチ式または可撓材ボード
uploaded,タイトル変更,B22C 15/02 C,B22C 15/02 C,スクイズ・上下鋳型セツト〔スタツクタイプ含む〕,上下鋳型セット
uploaded,タイトル変更,B22C 15/06,B22C 15/06,・・機械的伝動装置を伴うもの，例．クランクギヤー（１５／０４が優先）,・・機械的伝動装置を伴うもの，例．クランクギヤー（Ｂ２２Ｃ１５／０４が優先）
uploaded,タイトル変更,B22C 15/01,B22C 15/01,・振動装置のみで型込めするもの（振動装置それ自体に特徴のあるものＢ０６Ｂ）,・振動装置のみで型込めするもの
uploaded,タイトル変更,B22C 15/24 B,B22C 15/24 B,ブロ－タンク〔シヤツタ－含む〕,ブロータンクまたはシャッター
uploaded,タイトル変更,B22C 15/24 C,B22C 15/24 C,ノズル〔ノズル跡整形含む〕,ノズルまたはノズル跡整形
uploaded,タイトル変更,B22C 15/26,B22C 15/26,・・その装置に鋳型材料が密な柱状または類似の形で供給される推進装置を伴うもの,・・その装置に鋳型材料が型込めされた柱状または類似の形で供給される推進装置を伴うもの
uploaded,タイトル変更,B22C 19/00,B22C 19/00,造型機械の構成要素または附属品,鋳型または中子の製造用の造型機械の構成要素または附属品
uploaded,タイトル変更,B22C 19/06,B22C 19/06,・模型を振動し，ゆるめるための型抜装置（振動に特徴のあるものそれ自体Ｂ０６Ｂ）,・型抜または原型をゆるめるための装置
uploaded,タイトル変更,B23K 9/073 530,B23K 9/073 530,・・・交流ア－ク溶接,・・・交流ア－ク溶接
uploaded,タイトル変更,B23K 9/12 310 C,B23K 9/12 310 C,溶加ワイヤの加熱［ＴＩＧホツトワイヤを含む］,溶加ワイヤの加熱［ＴＩＧホツトワイヤを含む］
uploaded,タイトル変更,B23K 9/12 331 P,B23K 9/12 331 P,・・ト－チとポジヨナ－との関連制御,・・ト－チとポジシヨナ－との関連制御
uploaded,タイトル変更,B23K 9/127 505 A,B23K 9/127 505 A,接触子の機械的な動きを電気信号の変換するもの,接触子の機械的な動きを電気信号に変換するもの
uploaded,タイトル変更,B23K 9/127 507 J,B23K 9/127 507 J,・ウイ－ビング半周期毎の検出値［どうし］の比較をしないもの,・ウイ－ビング半周期毎の検出値［どうし］の比較をしないもの
uploaded,タイトル変更,B23K 35/04 340 D,B23K 35/04 340 D,複層，クラツドのもの〔すベての層がろう材からなるもの,複層，クラツドのもの〔すベての層がろう材からなるもの〕
uploaded,タイトル変更,B23K 37/04 M,B23K 37/04 M,・・クランプ装置〔板材の突合や容接用は→Ｄ〕,・・クランプ装置〔板材の突合や溶接用は→Ｄ〕
uploaded,タイトル変更,B31B 1/38,B31B 1/38,・・・その部材がチューブを形成するようになっているもの,・・・その部材が成形用チューブであるもの
uploaded,タイトル変更,B60R 16/00,B60R 16/00,電気回路，流体回路，またはそれらの要素の配置で，特に車両に適用，他に分類されないもの［３］,電気回路または流体回路で，特に車両に適用されるものであって，他に分類されないもの；電気回路または流体回路の要素の配置で，特に車両に適用されるものであって，他に分類されないもの［３］
uploaded,タイトル変更,B60R 16/02 610,B60R 16/02 610,・・電装品の取付、配置、収納に関するもの,・・電装品の取付，配置または収納に関するもの
uploaded,タイトル変更,B60R 16/02 610 A,B60R 16/02 610 A,電装品の収納容器に関するもの（車積機器の収納容器Ｂ６０Ｒ１１／０２）,電装品の収納容器に関するもの（車載機器の収納容器Ｂ６０Ｒ１１／０２）
uploaded,タイトル変更,B60R 16/02 610 D,B60R 16/02 610 D,・断熱、または吸熱を考慮した収納容器,・断熱または吸熱を考慮した収納容器
uploaded,タイトル変更,B60R 16/02 610 J,B60R 16/02 610 J,電装品の取り付け用ブラケツトに関するもの（車載機器の取り付け用ブラケツトＢ６０Ｒ１１／０２）,電装品の取り付け用ブラケットに関するもの（車載機器の取り付け用ブラケットＢ６０Ｒ１１／０２）
uploaded,タイトル変更,B60R 16/02 620,B60R 16/02 620,・・ワイヤハ－ネスに特徴あるもの,・・ワイヤハーネスに特徴あるもの
uploaded,タイトル変更,B60R 16/02 620 A,B60R 16/02 620 A,フロアに配線したワイヤハ－ネス,フロアに配線したワイヤハーネス
uploaded,タイトル変更,B60R 16/02 620 B,B60R 16/02 620 B,計器板に配線したワイヤハ－ネス,計器板に配線したワイヤハーネス
uploaded,タイトル変更,B60R 16/02 620 C,B60R 16/02 620 C,ドアに配線したワイヤハ－ネス,ドアに配線したワイヤハーネス
uploaded,タイトル変更,B60R 16/02 620 J,B60R 16/02 620 J,組電線にしたワイヤハ－ネス,組電線にしたワイヤハーネス
uploaded,タイトル変更,B60R 16/02 620 P,B60R 16/02 620 P,光フアイバを用いたワイヤハ－ネス,光ファイバを用いたワイヤハーネス
uploaded,タイトル変更,B60R 16/02 620 S,B60R 16/02 620 S,ワイヤハ－ネスのワイヤリングシステムに関するもの,ワイヤハーネスのワイヤリングシステムに関するもの
uploaded,タイトル変更,B60R 16/02 621,B60R 16/02 621,・・・ワイヤハ－ネスのコネクタに関するもの,・・・ワイヤハーネスのコネクタに関するもの
uploaded,タイトル変更,B60R 16/02 622,B60R 16/02 622,・・・ワイヤハ－ネスのグロメツトに関するもの,・・・ワイヤハーネスのグロメットに関するもの
uploaded,タイトル変更,B60R 16/02 623,B60R 16/02 623,・・・ワイヤハ－ネスのクランプまたはプロテクタに関するもの,・・・ワイヤハーネスのクランプまたはプロテクタに関するもの
uploaded,タイトル変更,B60R 16/02 623 B,B60R 16/02 623 B,・スナツプ型のクランプ,・スナップ型のクランプ
uploaded,タイトル変更,B60R 16/02 623 C,B60R 16/02 623 C,・・開閉型のスナツプを持つもの,・・開閉型のスナップを持つもの
uploaded,タイトル変更,B60R 16/02 623 D,B60R 16/02 623 D,・・狭持型のスナツプを持つもの,・・狭持型のスナップを持つもの
uploaded,タイトル変更,B60R 16/02 623 Q,B60R 16/02 623 Q,・車体に溶接等の溶着、接着により固着されたもの,・車体に溶着または接着，例．溶接，により固着されたもの
uploaded,タイトル変更,B60R 16/02 623 U,B60R 16/02 623 U,・チユ－ブ型のプロテクタ,・チューブ型のプロテクタ
uploaded,タイトル変更,B60R 16/02 623 V,B60R 16/02 623 V,・ワイヤハ－ネスクランプを有するプロテクタ,・ワイヤハーネスクランプを有するプロテクタ
uploaded,タイトル変更,B60R 16/02 630,B60R 16/02 630,・・スイツチに特徴あるもの,・・スイッチに特徴あるもの
uploaded,タイトル変更,B60R 16/02 630 A,B60R 16/02 630 A,計器板に取り付けたスイツチに関するもの,計器板に取り付けたスイッチに関するもの
uploaded,タイトル変更,B60R 16/02 630 B,B60R 16/02 630 B,ハンドルポストに取り付けたスイツチに関するもの,ハンドルポストに取り付けたスイッチに関するもの
uploaded,タイトル変更,B60R 16/02 630 J,B60R 16/02 630 J,多機能型のスイツチに関するもの,多機能型のスイッチに関するもの
uploaded,タイトル変更,B60R 16/02 630 K,B60R 16/02 630 K,・レバ－型のスイツチに関するもの,・レバー型のスイッチに関するもの
uploaded,タイトル変更,B60R 16/02 630 L,B60R 16/02 630 L,・パネル表示型のスイツチに関するもの,・パネル表示型のスイッチに関するもの
uploaded,タイトル変更,B60R 16/02 630 P,B60R 16/02 630 P,格納型のスイツチに関するもの,格納型のスイッチに関するもの
uploaded,タイトル変更,B60R 16/02 630 Q,B60R 16/02 630 Q,位置調節型のスイツチに関するもの,位置調節型のスイッチに関するもの
uploaded,タイトル変更,B60R 16/02 630 R,B60R 16/02 630 R,着脱型のスイツチに関するもの,着脱型のスイッチに関するもの
uploaded,タイトル変更,B60R 16/02 635,B60R 16/02 635,・・ヒユ－ズに関するもの,・・ヒューズに関するもの
uploaded,タイトル変更,B60R 16/02 640 J,B60R 16/02 640 J,走行案内装置（ナビゲ－シヨンシステム）（デイスプレイ自体はＢ６０Ｒ１１／０２、Ｃ）,走行案内装置，すなわちナビゲーションシステム（ディスプレイの支持装置はＢ６０Ｒ１１／０２Ｃ）
uploaded,タイトル変更,B60R 16/02 645 A,B60R 16/02 645 A,スイツチ回路に関するもの,スイッチ回路に関するもの
uploaded,タイトル変更,B60R 16/02 645 B,B60R 16/02 645 B,・補助スイツチを有する回路に関するもの,・補助スイッチを有する回路に関するもの
uploaded,タイトル変更,B60R 16/02 645 C,B60R 16/02 645 C,・切換スイツチを有する回路に関するもの,・切換スイッチを有する回路に関するもの
uploaded,タイトル変更,B60R 16/02 645 D,B60R 16/02 645 D,・リレ－を有する回路に関するもの,・リレーを有する回路に関するもの
uploaded,タイトル変更,B60R 16/02 650 V,B60R 16/02 650 V,サ－キツトブレ－カに関するもの,サーキットブレーカに関するもの
uploaded,タイトル変更,B60R 16/02 650 Y,B60R 16/02 650 Y,ア－スに関するもの,アースに関するもの
uploaded,タイトル変更,B60R 16/02 655 B,B60R 16/02 655 B,・音声パタ－ンの比較に関するもの,・音声パターンの比較に関するもの
uploaded,タイトル変更,B60R 16/02 655 T,B60R 16/02 655 T,入力スイツチに関するもの,入力スイッチに関するもの
uploaded,タイトル変更,B60R 16/02 660,B60R 16/02 660,・・コンピユ－タ制御に関するもの,・・コンピュータ制御に関するもの
uploaded,タイトル変更,B60R 16/02 660 F,B60R 16/02 660 F,・トンネル、高速走行などの走行状況の検知に関するもの,・走行状況，例．トンネルの走行または高速走行，の検知に関するもの
uploaded,タイトル変更,B60R 16/02 660 G,B60R 16/02 660 G,車両負荷制御用マルチコンピユ－タに関するもの,車両負荷制御用マルチコンピュータに関するもの
uploaded,タイトル変更,B60R 16/02 660 H,B60R 16/02 660 H,・複数のコンピユ－タが主従関係にあるもの,・複数のコンピュータが主従関係にあるもの
uploaded,タイトル変更,B60R 16/02 660 J,B60R 16/02 660 J,・・１つはバツクアツプ用コンピユ－タであるもの,・・１つはバックアップ用コンピュータであるもの
uploaded,タイトル変更,B60R 16/02 660 K,B60R 16/02 660 K,コンピユ－タ用電源に関するもの,コンピュータ用電源に関するもの
uploaded,タイトル変更,B60R 16/02 660 L,B60R 16/02 660 L,・コンピユ－タのバツクアツプ用電源に関するもの,・コンピュータのバックアップ用電源に関するもの
uploaded,タイトル変更,B60R 16/02 660 M,B60R 16/02 660 M,・コンピユ－タ電源電圧の監視に関するもの,・コンピュータ電源電圧の監視に関するもの
uploaded,タイトル変更,B60R 16/02 660 N,B60R 16/02 660 N,・コンピユ－タの節電に関するもの,・コンピュータの節電に関するもの
uploaded,タイトル変更,B60R 16/02 660 Q,B60R 16/02 660 Q,コンピユ－タの誤作動防止に関するもの,コンピュータの誤作動防止に関するもの
uploaded,タイトル変更,B60R 16/02 660 W,B60R 16/02 660 W,・プログラム内容のチエツクに関するもの,・プログラム内容のチェックに関するもの
uploaded,タイトル変更,B60R 16/02 660 X,B60R 16/02 660 X,・優先処理、または割り込み処理に関するもの,・優先処理または割り込み処理に関するもの
uploaded,タイトル変更,B60R 16/04,B60R 16/04,・・バッテリーからなるもの（推進目的のものＢ６０Ｋ１／０４；車両に電池を取付けるもの，または車両から電池を取外すものＢ６０Ｓ５／０６）［３］［６］,・・バッテリーの配置［３，６，８］
uploaded,タイトル変更,B60R 16/04 A,B60R 16/04 A,車両用バツテリの配置、または取付に関するもの,車両用バッテリーの配置または取付に関するもの
uploaded,タイトル変更,B60R 16/04 B,B60R 16/04 B,・バツテリの収納ケ－スに関するもの,・バッテリーの収納ケースに関するもの
uploaded,タイトル変更,B60R 16/04 C,B60R 16/04 C,・車両用バツテリの支持台に関するもの,・車両用バッテリーの支持台に関するもの
uploaded,タイトル変更,B60R 16/04 E,B60R 16/04 E,・・車両用バツテリの保持部材に関するもの,・・車両用バッテリーの保持部材に関するもの
uploaded,タイトル変更,B60R 16/04 G,B60R 16/04 G,・・大きさの異なるバツテリ支持台に関するもの,・・・大きさの異なるバッテリー支持台に関するもの
uploaded,タイトル変更,B60R 16/04 H,B60R 16/04 H,・・複数のバツテリを支持する支持台に関するもの,・・・複数のバッテリーを支持する支持台に関するもの
uploaded,タイトル変更,B60R 16/04 J,B60R 16/04 J,・車両用バツテリのカバ－に関するもの,・車両用バッテリーのカバーに関するもの
uploaded,タイトル変更,B60R 16/04 K,B60R 16/04 K,・車両用バツテリの交換を考慮したもの,・車両用バッテリーの交換を考慮したもの
uploaded,タイトル変更,B60R 16/04 S,B60R 16/04 S,車両用バツテリの充電に関するもの,・車両用バッテリーの充電に関するもの
uploaded,タイトル変更,B60R 16/04 T,B60R 16/04 T,バツテリケ－ブルに関するもの,・バッテリーケーブルに関するもの
uploaded,タイトル変更,B60R 16/04 U,B60R 16/04 U,車両用太陽電池に関するもの,・車両用太陽電池に関するもの
uploaded,タイトル変更,B60R 16/04 V,B60R 16/04 V,・太陽電池を充電用電源として用いるもの,・・太陽電池を充電用電源として用いるもの
uploaded,タイトル変更,B60R 16/04 W,B60R 16/04 W,バツテリのチエツクに関するもの,・バッテリーのチェックに関するもの
uploaded,タイトル変更,B60R 16/04 X,B60R 16/04 X,車外機器用コンセントの電源に関するもの,・車外機器用コンセントの電源に関するもの
uploaded,タイトル変更,B60R 16/04 Y,B60R 16/04 Y,車両用バツテリの保温または断熱に関するもの,・車両用バッテリーの保温または断熱に関するもの
uploaded,タイトル変更,B60R 16/06,B60R 16/06,・・静電荷を除去するためのもの（静電荷除去一般Ｈ０５Ｆ３／００）［３］,・・静電荷を除去するためのもの［３］
uploaded,タイトル変更,B60R 16/06 C,B60R 16/06 C,・接地部材がチエ－ンであるもの,・接地部材がチェーンであるもの
uploaded,タイトル変更,B60R 16/06 J,B60R 16/06 J,タンクロ－リ用の静電化除去に関するもの,タンクローリー用の静電化除去に関するもの
uploaded,タイトル変更,B60R 16/08,B60R 16/08,・流体によるもの（燃料導管の配置Ｂ６０Ｋ１５／０１）［３］,・流体によるもの［３］
uploaded,タイトル変更,B60R 16/08 M,B60R 16/08 M,・・クリツプまたはクランプによる配管用取付具,・・クリップまたはクランプによる配管用取付具
uploaded,タイトル変更,B60R 21/00 610 A,B60R 21/00 610 A,慣性スイツチに関するもの,慣性スイッチに関するもの
uploaded,タイトル変更,B60R 21/00 621,B60R 21/00 621,・・後方衝突予知装置に関するもの（Ｈ１１　新設）,・・後方衝突予知装置に関するもの
uploaded,タイトル変更,B60R 21/00 621 B,B60R 21/00 621 B,障害物検知手段にレーダを用いたもの〔電波を含む〕（Ｈ１１　新設）,障害物検知手段にレーダを用いたもの
uploaded,タイトル変更,B60R 21/00 621 C,B60R 21/00 621 C,障害物検知手段にテレビカメラを用いたもの〔レンズ又はＣＣＤによる撮像パターン認識を含む〕（Ｈ１１　新設）,障害物検知手段にテレビカメラを用いたもの
uploaded,タイトル変更,B60R 21/00 621 D,B60R 21/00 621 D,障害物検知手段に光を用いたもの〔赤外線，レーザレーダを含む〕（Ｈ１１　新設）,障害物検知手段に光を用いたもの
uploaded,タイトル変更,B60R 21/00 621 E,B60R 21/00 621 E,障害物検知手段に超音波を用いたもの〔超音波レーダ，音波を含む〕（Ｈ１１　新設）,障害物検知手段に超音波を用いたもの
uploaded,タイトル変更,B60R 21/00 621 F,B60R 21/00 621 F,・誤動作防止手段を構じたもの（Ｈ１１　新設）,・誤動作防止手段を構じたもの
uploaded,タイトル変更,B60R 21/00 621 G,B60R 21/00 621 G,・検知領域を変更するもの（Ｈ１１　新設）,・検知領域を変更するもの
uploaded,タイトル変更,B60R 21/00 621 H,B60R 21/00 621 H,・・検知方向を変えるもの（Ｈ１１　新設）,・・検知方向を変えるもの
uploaded,タイトル変更,B60R 21/00 621 J,B60R 21/00 621 J,・・速度又は操舵角を検知するもの（Ｈ１１　新設）,・・速度又は操舵角を検知するもの
uploaded,タイトル変更,B60R 21/00 621 K,B60R 21/00 621 K,・検知時期の選択に関するもの（Ｈ１１　新設）,・検知時期の選択に関するもの
uploaded,タイトル変更,B60R 21/00 621 L,B60R 21/00 621 L,・・トランスミッションのリアポジションによるもの（Ｈ１１　新設）,・・トランスミッションのリアポジションによるもの
uploaded,タイトル変更,B60R 21/00 621 M,B60R 21/00 621 M,・表示装置に関するもの（Ｈ１１　新設）,・表示装置に関するもの
uploaded,タイトル変更,B60R 21/00 621 N,B60R 21/00 621 N,・・障害物の位置を表示するもの（Ｈ１１　新設）,・・障害物の位置を表示するもの
uploaded,タイトル変更,B60R 21/00 621 P,B60R 21/00 621 P,・・表示領域が分割されているもの（Ｈ１１　新設）,・・表示領域が分割されているもの
uploaded,タイトル変更,B60R 21/00 621 Q,B60R 21/00 621 Q,・他の装置と組み合わせたもの（Ｈ１１　新設）,・他の装置と組み合わせたもの
uploaded,タイトル変更,B60R 21/00 621 R,B60R 21/00 621 R,・・バックミラーと組み合わせたもの（Ｈ１１　新設）,・・バックミラーと組み合わせたもの
uploaded,タイトル変更,B60R 21/00 621 Z,B60R 21/00 621 Z,その他のもの（Ｈ１１　新設）,その他のもの
uploaded,タイトル変更,B60R 21/00 622,B60R 21/00 622,・・側方衝突予知装置に関するもの（非乗員の保護に関するものは，Ｂ６０Ｒ２１／３４にも付与のこと）（Ｈ１１　新設）,・・側方衝突予知装置に関するもの
uploaded,タイトル変更,B60R 21/00 622 A,B60R 21/00 622 A,検知手段（Ｈ１１　新設）,検知手段
uploaded,タイトル変更,B60R 21/00 622 B,B60R 21/00 622 B,・光（Ｈ１１　新設）,・光
uploaded,タイトル変更,B60R 21/00 622 C,B60R 21/00 622 C,・超音波（Ｈ１１　新設）,・超音波
uploaded,タイトル変更,B60R 21/00 622 D,B60R 21/00 622 D,・赤外線（Ｈ１１　新設）,・赤外線
uploaded,タイトル変更,B60R 21/00 622 E,B60R 21/00 622 E,・静電容器（Ｈ１１　新設）,・静電容器
uploaded,タイトル変更,B60R 21/00 622 F,B60R 21/00 622 F,・テレビカメラ（Ｈ１１　新設）,・テレビカメラ
uploaded,タイトル変更,B60R 21/00 622 G,B60R 21/00 622 G,・接触（Ｈ１１　新設）,・接触
uploaded,タイトル変更,B60R 21/00 622 H,B60R 21/00 622 H,検知手段の制御条件（Ｈ１１　新設）,検知手段の制御条件
uploaded,タイトル変更,B60R 21/00 622 J,B60R 21/00 622 J,・ウインカ操作（Ｈ１１　新設）,・ウインカ操作
uploaded,タイトル変更,B60R 21/00 622 K,B60R 21/00 622 K,・操舵角（Ｈ１１　新設）,・操舵角
uploaded,タイトル変更,B60R 21/00 622 L,B60R 21/00 622 L,・車速（Ｈ１１　新設）,・車速
uploaded,タイトル変更,B60R 21/00 622 M,B60R 21/00 622 M,・車輪の内輪差（Ｈ１１　新設）,・車輪の内輪差
uploaded,タイトル変更,B60R 21/00 622 N,B60R 21/00 622 N,・変速レバー操作（Ｈ１１　新設）,・変速レバー操作
uploaded,タイトル変更,B60R 21/00 622 P,B60R 21/00 622 P,検知手段の配置（Ｈ１１　新設）,検知手段の配置
uploaded,タイトル変更,B60R 21/00 622 Q,B60R 21/00 622 Q,・複数個設けたもの（Ｈ１１　新設）,・複数個設けたもの
uploaded,タイトル変更,B60R 21/00 622 R,B60R 21/00 622 R,・転向可能の設けたもの（Ｈ１１　新設）,・転向可能の設けたもの
uploaded,タイトル変更,B60R 21/00 622 S,B60R 21/00 622 S,障害物の表示装置（Ｈ１１　新設）,障害物の表示装置
uploaded,タイトル変更,B60R 21/00 622 T,B60R 21/00 622 T,・画面表示（Ｈ１１　新設）,・画面表示
uploaded,タイトル変更,B60R 21/00 622 Z,B60R 21/00 622 Z,その他のもの（Ｈ１１　新設）,その他のもの
uploaded,タイトル変更,B60R 21/00 624,B60R 21/00 624,・・前方衝突予知装置に関するもの（Ｈ１１　新設）,・・前方衝突予知装置に関するもの
uploaded,タイトル変更,B60R 21/00 624 B,B60R 21/00 624 B,障害物検知手段にレーダを用いたもの（電波を含む）（Ｈ１１　新設）,障害物検知手段にレーダを用いたもの
uploaded,タイトル変更,B60R 21/00 624 C,B60R 21/00 624 C,障害物検知手段にテレビカメラを用いたもの〔レンズ又はＣＣＤによる撮像パターン認識を含む〕（Ｈ１１　新設）,障害物検知手段にテレビカメラを用いたもの
uploaded,タイトル変更,B60R 21/00 624 D,B60R 21/00 624 D,障害物検知手段に光を用いたもの〔赤外線，レーザレーダを含む〕（Ｈ１１　新設）,障害物検知手段に光を用いたもの
uploaded,タイトル変更,B60R 21/00 624 E,B60R 21/00 624 E,障害物検知手段に超音波を用いたもの〔超音波レーダ，音波を含む〕（Ｈ１１　新設）,障害物検知手段に超音波を用いたもの
uploaded,タイトル変更,B60R 21/00 624 F,B60R 21/00 624 F,走行レーン，白線，境界線の検知，車線逸脱の検知防止〔軌道等の検知を含む〕（Ｈ１１　新設）,走行レーン，白線又は境界線の検知；車線逸脱の検知または防止
uploaded,タイトル変更,B60R 21/00 624 G,B60R 21/00 624 G,自動運転，追従走行，自動定速装置に関するもの〔無人車両，ロボット等を含む〕（Ｈ１１　新設）,自動運転装置，追従走行装置又は自動定速装置に関するもの
uploaded,タイトル変更,B60R 21/00 624 H,B60R 21/00 624 H,前方車両の発進を報知するもの（Ｈ１１　新設）,前方車両の発進を報知するもの
uploaded,タイトル変更,B60R 21/00 624 J,B60R 21/00 624 J,車体後部へのメッセージを表示するもの〔ランプ，ＬＥＤ等によるものを含む〕（Ｈ１１　新設）,車体後部へのメッセージを表示するもの
uploaded,タイトル変更,B60R 21/00 624 Z,B60R 21/00 624 Z,その他のもの（Ｈ１１　新設）,その他のもの
uploaded,タイトル変更,B60R 21/00 626,B60R 21/00 626,・・警報，表示に関するもの（Ｈ１１　新設）,・・警報，表示に関するもの
uploaded,タイトル変更,B60R 21/00 626 A,B60R 21/00 626 A,警報，警告を行うもの（Ｈ１１　新設）,警報又は警告を行うもの
uploaded,タイトル変更,B60R 21/00 626 B,B60R 21/00 626 B,・聴覚によるもの（Ｈ１１　新設）,・聴覚によるもの
uploaded,タイトル変更,B60R 21/00 626 C,B60R 21/00 626 C,・・音声によるもの（Ｈ１１　新設）,・・音声によるもの
uploaded,タイトル変更,B60R 21/00 626 D,B60R 21/00 626 D,・視覚によるもの（Ｈ１１　新設）,・視覚によるもの
uploaded,タイトル変更,B60R 21/00 626 E,B60R 21/00 626 E,表示を行うもの（Ｈ１１　新設）,表示を行うもの
uploaded,タイトル変更,B60R 21/00 626 F,B60R 21/00 626 F,・車間距離，速度，衝突までの時間を表示するもの（Ｈ１１　新設）,・車間距離，速度又は衝突までの時間を表示するもの
uploaded,タイトル変更,B60R 21/00 626 G,B60R 21/00 626 G,・画像表示に関するもの（Ｈ１１　新設）,・画像表示に関するもの
uploaded,タイトル変更,B60R 21/00 626 Z,B60R 21/00 626 Z,その他のもの（Ｈ１１　新設）,その他のもの
uploaded,タイトル変更,B60R 21/00 627,B60R 21/00 627,・・制動に関するもの（Ｈ１１　新設）,・・制動に関するもの
uploaded,タイトル変更,B60R 21/00 628,B60R 21/00 628,・・車両用衝突予知装置に関するその他のもの（Ｈ１１　新設）,・・車両用衝突予知装置に関するその他のもの
uploaded,タイトル変更,B60R 21/00 628 A,B60R 21/00 628 A,センサ等の構造，取付，配置に関するもの（Ｈ１１　新設）,構造，取付，配置に関するもの，例．センサに関するもの
uploaded,タイトル変更,B60R 21/00 628 B,B60R 21/00 628 B,車と地上装置又は他の車間で信号を送受信するもの（Ｈ１１　新設）,車と地上装置又は他の車間で信号を送受信するもの
uploaded,タイトル変更,B60R 21/00 628 C,B60R 21/00 628 C,ナビゲーションシステムに関するもの（Ｈ１１　新設）,ナビゲーションシステムに関するもの
uploaded,タイトル変更,B60R 21/00 628 D,B60R 21/00 628 D,駐車に関するもの（Ｈ１１　新設）,駐車に関するもの
uploaded,タイトル変更,B60R 21/00 628 E,B60R 21/00 628 E,車線変更，追い越しに関するもの（Ｈ１１　新設）,車線変更又は追い越しに関するもの
uploaded,タイトル変更,B60R 21/00 628 F,B60R 21/00 628 F,道路状況，環境を検知するもの（Ｈ１１　新設）,道路状況又は環境を検知するもの
uploaded,タイトル変更,B60R 21/00 628 G,B60R 21/00 628 G,障害物を集音により検知するもの（Ｈ１１　新設）,障害物を集音により検知するもの
uploaded,タイトル変更,B60R 21/00 628 H,B60R 21/00 628 H,高所，車体下部の障害物検知に関するもの（Ｈ１１　新設）,高所又は車体下部の障害物検知に関するもの
uploaded,タイトル変更,B60R 21/00 628 J,B60R 21/00 628 J,障害物を目視により検知するもの（Ｈ１１　新設）,障害物を目視により検知するもの
uploaded,タイトル変更,B60R 21/00 628 Z,B60R 21/00 628 Z,その他のもの（Ｈ１１　新設）,その他のもの
uploaded,タイトル変更,B60R 21/00 630 A,B60R 21/00 630 A,緊急，事故時の脱出，対応（Ｈ１１　新設）,緊急，事故時の脱出，対応
uploaded,タイトル変更,B60R 21/00 630 B,B60R 21/00 630 B,ドアの開放警告，ドアの開放抑止，半ドア検出（Ｈ１１　新設）,ドアの開放警告，ドアの開放抑止又は半ドア検出
uploaded,タイトル変更,B60R 21/00 630 C,B60R 21/00 630 C,車両速度超過防止（Ｈ１１　新設）,車両速度超過防止
uploaded,タイトル変更,B60R 21/00 630 D,B60R 21/00 630 D,路面状態の検知（Ｈ１１　新設）,路面状態の検知
uploaded,タイトル変更,B60R 21/00 630 E,B60R 21/00 630 E,車両の転倒，転落，脱輪防止（Ｈ１１　新設）,車両の転倒，転落又は脱輪防止
uploaded,タイトル変更,B60R 21/00 630 F,B60R 21/00 630 F,衝突状況の記録，事故の自動通報（Ｈ１１　新設）,衝突状況の記録又は事故の自動通報
uploaded,タイトル変更,B60R 21/00 630 G,B60R 21/00 630 G,車外への警報，他車への報知，表示〔減速時の後続車への報知，緊急車の電波発信〕（Ｈ１１　新設）,車外への警報；他車への報知又は表示
uploaded,タイトル変更,B60R 21/00 630 H,B60R 21/00 630 H,緊急車からの警報，緊急放送の検知受信，地震検知（Ｈ１１　新設）,緊急車からの警報，緊急放送の検知受信又は地震検知
uploaded,タイトル変更,B60R 21/00 630 J,B60R 21/00 630 J,通過車両のカウント，車種判別，車両の存在検知（Ｈ１１　新設）,通過車両のカウント，車種判別又は車両の存在検知
uploaded,タイトル変更,B60R 21/00 630 Z,B60R 21/00 630 Z,その他のもの（Ｈ１１　新設）,その他のもの
uploaded,タイトル変更,B60R 21/02 D,B60R 21/02 D,・・・スライドレ－ルを有するもの,・・・スライドレールを有するもの
uploaded,タイトル変更,B60R 21/02 H,B60R 21/02 H,・・・・衝突吸収手段を有するもの（例プレ－クオ－バア－ム）,・・・・衝突吸収手段を有するもの
uploaded,タイトル変更,B60R 21/02 P,B60R 21/02 P,・車体前部が塑性変形するもの（例エンジンフ－ド）,・車体前部が塑性変形するもの
uploaded,タイトル変更,B60R 21/04 F,B60R 21/04 F,ア－ムレストに関するもの,アームレストに関するもの
uploaded,タイトル変更,B60R 21/045 E,B60R 21/045 E,ニ－プロテクタと関連させたもの,ニープロテクタと関連させたもの
uploaded,タイトル変更,B60R 21/045 F,B60R 21/045 F,・ニ－プロテクタの組成又は形状に関するもの,・ニープロテクタの組成又は形状に関するもの
uploaded,タイトル変更,B60R 21/045 G,B60R 21/045 G,・ニ－プロテクタの取付に関するもの,・ニープロテクタの取付に関するもの
uploaded,タイトル変更,B60R 21/05 A,B60R 21/05 A,操向ホイ－ルと関連させたもの,操向ホイールと関連させたもの
uploaded,タイトル変更,B60R 21/05 B,B60R 21/05 B,・ホイ－ルパッドの取付部材に関するもの,・ホイールパッドの取付部材に関するもの
uploaded,タイトル変更,B60R 21/05 H,B60R 21/05 H,ニ－プロテクタと関連させたもの,ニープロテクタと関連させたもの
uploaded,タイトル変更,B60R 21/055 C,B60R 21/055 C,・・気体緩衝室を内蔵したもの（弁を有するもの）,・・気体緩衝室を内蔵したもの
uploaded,タイトル変更,B60R 21/11 610,B60R 21/11 610,・・・ヘッドガ－ドのフレ－ムが一体構造なもの,・・・ヘッドガードのフレームが一体構造なもの
uploaded,タイトル変更,B60R 21/11 620,B60R 21/11 620,・・・ヘッドガ－ドのフレ－ムの支柱に関するもの,・・・ヘッドガードのフレームの支柱に関するもの
uploaded,タイトル変更,B60R 21/11 630,B60R 21/11 630,・・・屋根部材に関わるヘッドガ－ドのフレ－ム,・・・屋根部材に関わるヘッドガードのフレーム
uploaded,タイトル変更,B60R 21/11 640,B60R 21/11 640,・・・ヘッドガ－ドのフレ－ムがキャビン構造のもの,・・・ヘッドガードのフレームがキャビン構造のもの
uploaded,タイトル変更,B60R 21/11 650,B60R 21/11 650,・・・ヘッドガ－ドのフレ－ムの車体への取付,・・・ヘッドガードのフレームの車体への取付
uploaded,タイトル変更,B60R 21/11 650 C,B60R 21/11 650 C,・上部フレ－ムの高さ調節に関するもの,・上部フレームの高さ調節に関するもの
uploaded,タイトル変更,B60R 21/11 650 H,B60R 21/11 650 H,・ミッションケ－スに設けたもの,・ミッションケースに設けたもの
uploaded,タイトル変更,B60R 21/11 660,B60R 21/11 660,・・・他の部材と兼用するヘッドガ－ド,・・・他の部材と兼用するヘッドガード
uploaded,タイトル変更,B60R 21/13 A,B60R 21/13 A,ロ－ルバ－,ロールバー
uploaded,タイトル変更,B60R 21/02,B60R 21/02,・・・膨張可能な部材を不使用時又は収縮時保管するための装置；エアバッグモジュール若しくはその構成部品の配置又はそれらの取付［４，８］,・・・膨張可能な部材を不使用時又は収縮時保管するための装置；エアバッグモジュール若しくはその構成部品の配置又はそれらの取付［４，８，２０１１．０１］
uploaded,タイトル変更,B60R 21/205,B60R 21/205,・・・・ダッシュボードにおけるもの［８］,・・・・ダッシュボードにおけるもの［８，２０１１．０１］
uploaded,タイトル変更,B60R 21/21,B60R 21/21,・・・・車両の側面パネルにおけるもの，例．ドア（ピラーにおけるものについては２１／２１３）［８］,・・・・車両の側面パネルにおけるもの，例．ドア（ピラーにおけるものについてはＢ６０Ｒ２１／２１３）［８，２０１１．０１］
uploaded,タイトル変更,B60R 21/213,B60R 21/213,・・・・車両のルーフフレーム又はピラーにおけるもの［８］,・・・・車両のルーフフレーム又はピラーにおけるもの［８，２０１１．０１］
uploaded,タイトル変更,B60R 21/215,B60R 21/215,・・・・膨張可能な部材のカバーに特徴のあるもの［８］,・・・・膨張可能な部材のカバーに特徴のあるもの［８，２０１１．０１］
uploaded,タイトル変更,B60R 21/217,B60R 21/217,・・・・膨張流体の供給源保持器，例．反応容器；反応容器とバッグ，ディフューザ又は膨張流体の供給源との結合［８］,・・・・膨張流体の供給源保持器，例．反応容器；反応容器とバッグ，カバー，ディフューザ又は膨張流体の供給源との結合［８，２０１１．０１］
uploaded,タイトル変更,B60R 21/231,B60R 21/231,・・・・その形状，構造，又は空間配置に特徴のあるもの［８］,・・・・その形状，構造又は空間配置に特徴のあるもの［８，２０１１．０１］
uploaded,タイトル変更,B60R 21/26,B60R 21/26,・・・膨張流体の流れを制御する膨張流体の供給源又は手段に特徴のあるもの［４］,・・・膨張流体の供給源又は膨張流体の流れを制御する手段に特徴のあるもの［４，２０１１．０１］
uploaded,タイトル変更,B60R 21/268,B60R 21/268,・・・・貯蔵された加圧ガスの瞬間放出によるもの［８］,・・・・貯蔵された加圧ガスの瞬間放出によるもの［８，２０１１．０１］
uploaded,タイトル変更,B60R 21/34,B60R 21/34,・車両の非乗員，例．歩行者の保護［４］,・車両の非乗員，例．歩行者の保護［４，２０１１．０１］
uploaded,タイトル変更,B60R 21/34 601,B60R 21/34 601,・・サイドガ－ド,・・サイドガード
uploaded,タイトル変更,B60R 21/34 633 B,B60R 21/34 633 B,モ－タ,モータ
uploaded,タイトル変更,B60R 21/34 662 E,B60R 21/34 662 E,変速レバ－操作,変速レバー操作
uploaded,タイトル変更,B62B 3/02,B62B 3/02,・調節可能，折りたたみ可能，取付可能，着脱可能または変更可能な部分を含むもの,・調節可能，折りたたみ可能，取付け可能，着脱可能または変更可能な部分を含むもの（Ｂ６２Ｂ３／１４が優先）［６］
uploaded,タイトル変更,B62B 3/02 A,B62B 3/02 A,転換式ハンドカ－ト，すなわちハンドカ－トと自転車のように二態様を採りうるもの,転換式ハンドカート，すなわちハンドカートと自転車のように二態様を採りうるもの
uploaded,タイトル変更,B62B 3/02 F,B62B 3/02 F,着脱，分解，組立，または取付可能なもの,着脱，分解，組立または取付可能なもの
uploaded,タイトル変更,B62B 3/04,B62B 3/04,・運ばれるものを適当な場所につかむか，またはとりつけるための手段を含むもの；荷積みまたは荷おろし装置,・運ばれるものを適当な場所につかむか，またはとりつけるための手段を含むもの；荷物取り扱い装置
uploaded,タイトル変更,B62B 3/04 C,B62B 3/04 C,・コンベア；クレ－ン；斜面,・コンベア；クレーン；斜面
uploaded,タイトル変更,B62B 3/06,B62B 3/06,・・地上から荷物を単に離すためのもの（マストリフトラックＢ６６Ｆ）,・・地上から荷物を単に離すためのもの，例．ローリフトトラック（大量のまたは重い荷物を積み降ろしする場合に用いる昇降装置で，車輪または類似のものによって動かせるもの，例．フォークリフトトラック，Ｂ６６Ｆ９／０６）
uploaded,タイトル変更,B62B 3/08,B62B 3/08,・傾斜可能にとりつけられるコンテナーを含むもの,・傾斜可能にとりつけられるコンテナーを含むもの（Ｂ６２Ｂ３／１４が優先）［６］
uploaded,タイトル変更,B62B 3/01 A,B62B 3/01 A,円筒物，例．ボンベ，ドラム缶，バケツ，のためのもの,円筒物，例．ボンベ，ドラム缶またはバケツ，のためのもの
uploaded,タイトル変更,B62B 3/01 C,B62B 3/01 C,家具，日用品またはスポ－ツ用品のためのもの,家具，日用品またはスポーツ用品のためのもの
uploaded,タイトル変更,B62B 3/12,B62B 3/12,・三車輪構造を特徴とするもの,・三車輪構造を特徴とするもの（Ｂ６２Ｂ３／１４が優先）［６］
uploaded,タイトル変更,B62B 5/00,B62B 5/00,特にハンドカートに用いられるアクセサリーまたは細部（９／００が優先；車輪，車軸，車両用車軸受Ｂ６０Ｂ；車両用キャスター，キャスター一般Ｂ６０Ｂ３３／００）,特にハンドカートに用いられるアクセサリーまたは細部（Ｂ６２Ｂ９／００が優先；車輪，車軸，車両用車軸受Ｂ６０Ｂ；車両用キャスター，キャスター一般Ｂ６０Ｂ３３／００）
uploaded,タイトル変更,B62B 5/00 H,B62B 5/00 H,バンパ－,バンパー
uploaded,タイトル変更,B62B 5/00 L,B62B 5/00 L,アクセサリ－,アクセサリー
uploaded,タイトル変更,B62B 5/02,B62B 5/02,・階段を上り下りするもの（病人用に特に適したいすまたは多軌道乗物Ａ６１Ｇ５／００）,・階段を上り下りするもの（病人または身体障害者に特に適したいすまたは個人輸送手段Ａ６１Ｇ５／００）
uploaded,タイトル変更,B62B 5/04,B62B 5/04,・制動機構（ブレーキ一般Ｆ１６Ｄ）；移動止め装置,・制動機構；移動止め装置
uploaded,タイトル変更,B62B 5/04 E,B62B 5/04 E,・単一車軸を有するハンドカ－トのスタンド,・単一車軸を有するハンドカートのスタンド
uploaded,タイトル変更,B62B 5/06,B62B 5/06,・手動装置，例．ハンドル棒（乳母車ハンドル棒９／２０；サイクル用Ｂ６２Ｋ１１／１４，２１／１２）,・手動装置，例．ハンドル棒（サイクル用Ｂ６２Ｋ１１／１４，Ｂ６２Ｋ２１／１２）
uploaded,タイトル変更,B62D 25/00,B62D 25/00,上部構造の構成体；それの部品または細部部品および他に分類されないもの,上部構造の構成体；他に分類されないそれらの部品または細部
uploaded,タイトル変更,B62D 25/02 A,B62D 25/02 A,パネル自体，それら相互またはボデ－構成部材との結合〔溶接に関するものを含む〕,パネル自体，それら相互またはボデー構成部材との結合
uploaded,タイトル変更,B62D 25/02 B,B62D 25/02 B,・補強，補剛部材をパネル内面に取付けたもの,・補強部材または補剛部材をパネル内面に取付けたもの
uploaded,タイトル変更,B62D 25/02 C,B62D 25/02 C,空調・換気・吸気構造,空調，換気または吸気構造
uploaded,タイトル変更,B62D 25/04 A,B62D 25/04 A,フロントピラ－,フロントピラー
uploaded,タイトル変更,B62D 25/04 B,B62D 25/04 B,センタピラ－，リヤピラ－,センタピラーまたはリヤピラー
uploaded,タイトル変更,B62D 25/04 C,B62D 25/04 C,・センタピラ－のボデ－構成部材への結合,・センタピラーのボデー構成部材への結合
uploaded,タイトル変更,B62D 25/04 D,B62D 25/04 D,・リヤピラ－のボデ－構成部材への結合,・リヤピラーのボデー構成部材への結合
uploaded,タイトル変更,B62D 25/04 E,B62D 25/04 E,空調，換気構造,空調または換気構造
uploaded,タイトル変更,B62D 25/06,B62D 25/06,・固定式屋根（非固定式屋根または可動パネルを有する屋根Ｂ６０Ｊ７／００；屋根用裏張りＢ６０Ｒ１３／００；隔離部材Ｂ６０Ｒ１３／０８）,・固定式屋根（非固定式屋根または可動パネルを有する屋根Ｂ６０Ｊ７／００；屋根用裏張りＢ６０Ｒ１３／０２；隔離用部材Ｂ６０Ｒ１３／０８）
uploaded,タイトル変更,B62D 25/06 A,B62D 25/06 A,ル－フ周辺部の構造〔Ｃ，Ｄ優先〕,ルーフ周辺部の構造（Ｂ６２Ｄ２５／０６Ｃ，Ｂ６２Ｄ２５／０６Ｄ優先）
uploaded,タイトル変更,B62D 25/06 B,B62D 25/06 B,・ル－フコ－ナ,・ルーフコーナ
uploaded,タイトル変更,B62D 25/06 C,B62D 25/06 C,換気装置，サンル－フに関するもの,換気装置またはサンルーフに関するもの
uploaded,タイトル変更,B62D 25/06 D,B62D 25/06 D,ル－フライナに関するもの〔主分類は，Ｂ６０Ｒ１３／０２Ａ〕,ルーフライナに関するもの
uploaded,タイトル変更,B62D 25/07,B62D 25/07,・・排水装置または水案内装置を屋根構造物と一体に有するもの,・・排水装置または水案内装置を屋根構造物と一体に有するもの［４］
uploaded,タイトル変更,B62D 25/08,B62D 25/08,・前部または後部の部材（錠またはボルトＥ０５）,・前部または後部の部材
uploaded,タイトル変更,B62D 25/08 B,B62D 25/08 B,・キヤブオ－バ型車,・キャブオーバ型車
uploaded,タイトル変更,B62D 25/08 C,B62D 25/08 C,乗員室前部〔エンジンル－ム全体や中央部分に関するもの〕,乗員室前部，例．エンジンルームに関するもの
uploaded,タイトル変更,B62D 25/08 D,B62D 25/08 D,・フロントエンド部分〔バンパ－に関するものは，Ｂ６０Ｒ〕,・フロントエンド部分
uploaded,タイトル変更,B62D 25/08 E,B62D 25/08 E,・エンジンル－ム側部，後部のボデ－構造,・エンジンルーム側部または後部のボデー構造
uploaded,タイトル変更,B62D 25/08 F,B62D 25/08 F,・・ダツシユパネル,・・ダッシュパネル
uploaded,タイトル変更,B62D 25/08 J,B62D 25/08 J,・ステアリングコラム，ペダルブラケツトの支持,・ステアリングコラムまたはペダルブラケットの支持
uploaded,タイトル変更,B62D 25/08 K,B62D 25/08 K,乗員室後部〔バツクドア開口部やシエルフパネルの辺り〕,乗員室後部，例．バックドア開口部またはシェルフパネル
uploaded,タイトル変更,B62D 25/08 Z,B62D 25/08 Z,その他のもの〔未使用〕,その他のもの
uploaded,タイトル変更,B62D 25/01 D,B62D 25/01 D,・補強，製造，加工性，排水，排液,・補強，製造，加工性，排水または排液
uploaded,タイトル変更,B62D 25/01 F,B62D 25/01 F,・インシユレ－タによらない熱気対策，換気,・インシュレータによらない熱気対策または換気
uploaded,タイトル変更,B62D 25/01 G,B62D 25/01 G,・インシユレ－タによらない遮音，ノイズ対策,・インシュレータによらない遮音またはノイズ対策
uploaded,タイトル変更,B62D 25/01 Z,B62D 25/01 Z,その他のもの〔未使用〕,その他のもの
uploaded,タイトル変更,B62D 25/12,B62D 25/12,・・・その部品または細部部品,・・・その部品または細部部品（錠Ｅ０５Ｂ；ヒンジＥ０５Ｄ；平衡おもり手段Ｅ０５Ｆ；ばねＦ１６Ｆ）
uploaded,タイトル変更,B62D 25/12 A,B62D 25/12 A,旋回型パネルの車体への支持部〔ヒンジの取付け〕〔ヒンジ自体は，Ｅセクシヨン〕,旋回型パネルの車体への支持部，例．ヒンジの取付け
uploaded,タイトル変更,B62D 25/12 C,B62D 25/12 C,旋回型パネルの開放姿勢維持手段〔サポ－トロツドの取付け〕〔ステ－，ガスステ－等〕,旋回型パネルの開放姿勢維持手段，例．ステーまたはガスステー；サポートロッドの取付け
uploaded,タイトル変更,B62D 25/12 L,B62D 25/12 L,インシユレ－タ・モ－ル・トリム〔モ－ル主分類は，Ｂ６０Ｒ１３／０４Ｂ〕,インシュレータ，モールまたはトリム
uploaded,タイトル変更,B62D 25/12 M,B62D 25/12 M,バンパラバ－,バンパラバー
uploaded,タイトル変更,B62D 25/12 N,B62D 25/12 N,ロツク装置〔ロツク自体は，Ｅセクシヨン〕,ロック装置
uploaded,タイトル変更,B62D 25/12 P,B62D 25/12 P,解放型ボンネツト用安全カバ－,解放型ボンネット用安全カバー
uploaded,タイトル変更,B62D 25/16 A,B62D 25/16 A,前後輪を持つ車両用の前輪用フエンダ,前後輪を持つ車両用の前輪用フェンダ
uploaded,タイトル変更,B62D 25/16 C,B62D 25/16 C,・キヤブオ－バ型車用,・キャブオーバ型車用
uploaded,タイトル変更,B62D 25/16 D,B62D 25/16 D,前後輪を持つ車両用の後輪用フエンダ,前後輪を持つ車両用の後輪用フェンダ
uploaded,タイトル変更,B62D 25/16 F,B62D 25/16 F,・トラツク荷台下部，トレ－ラトラクタ用,・トラック荷台下部またはトレーラトラクタ用
uploaded,タイトル変更,B62D 25/16 H,B62D 25/16 H,・・乗用設備〔例．椅子，手摺〕の取付け,・・乗用設備，例．椅子まはた手摺，の取付け
uploaded,タイトル変更,B62D 25/16 J,B62D 25/16 J,・・キヤブ，安全フレ－ムの取付け,・・キャブ，安全フレームの取付け
uploaded,タイトル変更,B62D 25/16 K,B62D 25/16 K,・・伝動装置，制御装置との関連,・・伝動装置または制御装置との関連
uploaded,タイトル変更,B62D 25/16 L,B62D 25/16 L,前後輪区別不可能な車両のフエンダ〔クロ－ラ－，一輪車〕,前後輪区別不可能な車両，例．クローラーまたは一輪車，のフェンダ
uploaded,タイトル変更,B62D 25/16 Z,B62D 25/16 Z,その他のもの〔未使用〕,その他のもの
uploaded,タイトル変更,B62D 25/18 A,B62D 25/18 A,泥除け〔マツドガ－ド・マツドフラツプ〕〔周囲に設けたもの〕,泥除け，例．マッドガードまたはマッドフラップ
uploaded,タイトル変更,B62D 25/18 F,B62D 25/18 F,フエンダライナ,フェンダライナ
uploaded,タイトル変更,B62D 25/18 G,B62D 25/18 G,トリム，モ－ル，オ－バフエンダ〔モ－ル主分類は，Ｂ６０Ｒ１３／０４Ｂ〕,トリム，モールまたはオーバフェンダ
uploaded,タイトル変更,B62D 25/18 H,B62D 25/18 H,旧型泥除け〔旧型車両用〕,旧型泥除け，例．旧型車両用のもの
uploaded,タイトル変更,B62D 25/02 A,B62D 25/02 A,車種を特徴とするもの〔農用車，建設車両等の床，ステツプ部〕,車種を特徴とするもの，例．農用車またた建設車両の床またはステップ部
uploaded,タイトル変更,B62D 25/02 B,B62D 25/02 B,・キヤブオ－バ型車,・キャブオーバ型車
uploaded,タイトル変更,B62D 25/02 C,B62D 25/02 C,エンジンル－ム以前の構造,エンジンルーム以前の構造
uploaded,タイトル変更,B62D 25/02 D,B62D 25/02 D,ダツシユロア下部の構造,ダッシュフロア下部の構造
uploaded,タイトル変更,B62D 25/02 F,B62D 25/02 F,・サイドシル部分〔ストンガ－トを含む〕,・サイドシル部分
uploaded,タイトル変更,B62D 25/02 G,B62D 25/02 G,・フロアパン・フロアトンネル部分,・フロアパンまたはフロアトンネル部分
uploaded,タイトル変更,B62D 25/02 J,B62D 25/02 J,・・トランクル－ム部分〔タイヤ収納部，Ｂ６２Ｄ４３／０８，１０〕,・・トランクルーム部分（タイヤ収納部Ｂ６２Ｄ４３／０８，Ｂ６２Ｄ４３／１０）
uploaded,タイトル変更,B62D 25/02 L,B62D 25/02 L,ジヤツキアツプポイント部分・タイダウンフツク〔牽引用は，Ｂ６０Ｄ１／０４〕,ジャッキアップポイント部分またはタイダウンフック（牽引用はＢ６０Ｄ１／０４）
uploaded,タイトル変更,B62D 25/02 N,B62D 25/02 N,アンダ－ガ－ド・アンダカバ－,アンダーガードまたはアンダーカバー
uploaded,タイトル変更,B62D 33/00,B62D 33/00,貨物輸送用の上部構造（運搬用部材が移動できるものＢ６０Ｐ）,貨物輸送用の上部構造（運搬用部材が移動できるものＢ６０Ｐ；裏張りＢ６０Ｒ１３／００）
uploaded,タイトル変更,B62D 33/02 A,B62D 33/02 A,本体〔Ｄ優先〕,本体
uploaded,タイトル変更,B62D 33/02 B,B62D 33/02 B,・床部・床板部分〔Ｔ優先〕,・床部・床板部分（Ｂ６２Ｄ３３／０２Ｔ優先）
uploaded,タイトル変更,B62D 33/02 R,B62D 33/02 R,煽戸によらない荷物の搬出入，移動防止〔一般Ｂ６０Ｐ〕,煽戸によらない荷物の搬出入，移動防止（一般Ｂ６０Ｐ）
uploaded,タイトル変更,B62D 33/02 S,B62D 33/02 S,キヤブ近傍における荷台構造・装備品,キャブ近傍における荷台構造・装備品
uploaded,タイトル変更,B62D 33/02 Z,B62D 33/02 Z,その他のもの〔観音開きの煽戸を含む〕,その他のもの，例．観音開きの煽戸
uploaded,タイトル変更,B62D 33/04 C,B62D 33/04 C,扉・開閉可能な屋根に関するもの〔一般Ｂ６０Ｊ〕,扉・開閉可能な屋根に関するもの（一般Ｂ６０Ｊ）
uploaded,タイトル変更,B62D 33/04 E,B62D 33/04 E,・・天板と側板との連結〔Ｄ優先〕,・・天板と側板との連結（Ｂ６２Ｄ３３／０４Ｄ優先）
uploaded,タイトル変更,B62D 33/04 F,B62D 33/04 F,荷物の整理，収納空間の調整装置〔棚板の取付けを含む〕,荷物の整理，収納空間の調整装置，例．棚板の取付け
uploaded,タイトル変更,B62D 33/06 A,B62D 33/06 A,包囲，密閉型キヤブ本体〔Ｇ優先〕,包囲，密閉型キャブ本体（Ｂ６２Ｄ３３／０６３～Ｂ６２Ｄ３３／０７３優先）
uploaded,タイトル変更,B62D 33/06 B,B62D 33/06 B,・キヤブオ－バ型であるもの,・キャブオーバ型であるもの
uploaded,タイトル変更,B62D 33/06 E,B62D 33/06 E,開放型キヤブ本体〔Ｇ優先〕,開放型キャブ本体（Ｂ６２Ｄ３３／０６３～Ｂ６２Ｄ３３／０７３優先）
uploaded,タイトル変更,B62D 33/06 F,B62D 33/06 F,・フオ－クリフト,・フォークリフト
uploaded,タイトル変更,B62D 33/08,B62D 33/08,・調整自在のもの,・・調整可能な手段からなるもの（Ｂ６２Ｄ３３／１０が優先）［５］
uploaded,タイトル変更,B65C 3/24,B65C 3/24,・・・ビンの締付またはネジによる閉鎖した初めの状態を示すためのラベルの取付け,・・・ボトルのスナップ式閉鎖具またはネジ式閉鎖具の当初の状態を表すラベルの取付け
uploaded,タイトル変更,B65C 9/02,B65C 9/02,・ラベル取付けステーションを通過する物品，例．容器，を動かすための装置,・ラベル取付けステーションを通過するよう物品，例．容器，を動かすための装置
uploaded,タイトル変更,B65C 9/32,B65C 9/32,・・・物品およびラベルを間に挟んで供給する協働ローラ,・・・物品とラベルがその間に供給される，協働するローラ
uploaded,タイトル変更,B65D 19/00,B65D 19/00,昇降される荷物支持のための，側壁をもつかまたはもたないパレットまたは類似の荷台（荷物の目的でかさばったまたは重い商品を昇降する装置におけるものＢ６６Ｆ９／１２）,パレット，または，荷物を支持して持ち上げまたは下降されるための，側壁をもつかまたはもたない類似の荷台（荷積みまたは荷下ろしの目的でかさばったまたは重い商品を昇降する装置におけるものＢ６６Ｆ９／１２）
uploaded,タイトル変更,B65D 19/36,B65D 19/36,・案内枠，例．ガイドチューブ，間に延びている可撓性を有する荷物運搬具を構成するパレット,・案内要素，例．ガイドチューブ，間に延びている可撓性を有する荷物支持具を有するパレット
uploaded,タイトル変更,B65D 19/44,B65D 19/44,・・荷台上に物品を置くための要素または装置,・・荷台上に物品を位置付けるための要素または装置
uploaded,タイトル変更,B65D 25/32,B65D 25/32,・・弓形の取手，すなわち一般的に半円形の枢着された取手,・・ベイルハンドル，すなわち，概して半円形の枢着された取手
uploaded,タイトル変更,B65D 49/12,B65D 49/12,・容器の開口作業で，一体部分を破壊することによるもの,・容器の開口動作において，容器の一体部分を破壊することによるもの
uploaded,タイトル変更,B65D 71/00,B65D 71/00,保管または輸送の便宜のために，包装要素により一体に保持された物品の束，例．ビールの缶，炭酸飲料の瓶のような複数の容器を互いに隔離する持運び可能なキャリア；梱包体（干し草またはわらの束Ａ０１Ｄ，Ａ０１Ｆ１／００；結束または梱包することＢ６５Ｂ，例．Ｂ６５Ｂ１３／００，２７／００）,貯蔵または輸送の便宜のために，包装要素により一緒に保持される物品の束，例．ビールの缶，炭酸飲料の瓶のような複数の容器を互いに隔離する持運び可能なキャリア；ベール梱包体
uploaded,タイトル変更,B65D 71/02,B65D 71/02,・可撓性結束帯の構成,・可撓性結束帯の配置
uploaded,タイトル変更,B65D 71/04,B65D 71/04,・・結束帯と物品または材料との間に配列された保護または支持要素，例．結束帯のずり動きを防ぐためのもの，をもつもの,・・結束帯と物品または材料との間に配置される保護または支持要素，例．結束帯の擦り切れを防ぐためのもの，をもつもの
uploaded,タイトル変更,B65D 71/06,B65D 71/06,・張力のかかった被包材により全部または大部分が一体に保持される複数の物品より構成されるもの,・包装要素，例．張力のかかったもの，により完全にまたは大部分が一緒に保持される複数の物品からなるもの［３］
uploaded,タイトル変更,B65D 71/08,B65D 71/08,・・被包材が熱収縮されるもの,・・熱によって収縮した被包材［３］
uploaded,タイトル変更,B65D 83/00,B65D 83/00,内容物取出しのための特殊手段をもつ容器や包装体（取除き可能なまたは一時的に固着している容器閉蓋具と一体となった取出手段４７／００；商店，事務所，バー，または類似のものに用いられるものＡ４７Ｆ１／０４；取出装置ショーケースまたはキャビネットＡ４７Ｆ３／０２；スパナ，レンチ，ねじまわしと組合せて用いるねじやナットの入れ物Ｂ２５Ｂ２３／０６；くぎ分配装置Ｂ２５Ｃ３／００；シート，ウエブまたは繊維状物質の取扱いと結合して使用するためのものＢ６５Ｈ；コイン投出装置Ｇ０７Ｄ１／００）,内容物取出しのための特殊手段をもつ容器や包装体（取除き可能なまたは一時的に固着している容器閉蓋具と一体となった取出手段Ｂ６５Ｄ４７／００；商店，事務所，バー，または類似のものに用いられるものＡ４７Ｆ１／０４；取出装置ショーケースまたはキャビネットＡ４７Ｆ３／０２；スパナ，レンチ，ねじまわしと組合せて用いるねじやナットの入れ物Ｂ２５Ｂ２３／０６；シート，ウエブまたは繊維状物質の取扱いと結合して使用するためのものＢ６５Ｈ）
uploaded,タイトル変更,B65D 83/00 A,B65D 83/00 A,コツプの取出し,コップの取出し
uploaded,タイトル変更,B65D 83/00 G,B65D 83/00 G,流体の取出し,流体の取出し（ピストンまたは類似の手段により流動性材料を分配するためのものＢ６５Ｄ８３／７６）
uploaded,タイトル変更,B65D 83/02,B65D 83/02,・棒形の物品，例．針，の分配用（葉巻きまたは紙巻きタバコの容器もしくは箱Ａ２４Ｆ１５／００）,・棒形の物品，例．針，の分配用
uploaded,タイトル変更,B65D 83/04 D,B65D 83/04 D,ＰＴＰ（プレススル－パツク）,プレススルーパック［ＰＴＰ］
uploaded,タイトル変更,B65D 83/06,B65D 83/06,・粉状または粒状材料の分配用（霧化または噴霧装置一般Ｂ０５Ｂ）,・粉状または粒状材料の分配用
uploaded,タイトル変更,B65D 83/08,B65D 83/08,・薄い平担な物品の連続分配用,・薄い平坦な物品の連続分配用（外科手術用メスの刃のディスペンサＡ６１Ｂ１７／３２１５）
uploaded,タイトル変更,B65D 83/08 A,B65D 83/08 A,テイツシユ容器,ティッシュ容器
uploaded,タイトル変更,B65D 83/08 G,B65D 83/08 G,シ－ト,シート
uploaded,タイトル変更,B65D 83/08 H,B65D 83/08 H,名刺・カ－ド,名刺またはカード
uploaded,タイトル変更,B65D 83/12,B65D 83/12,・・切符類または紙幣類の分配用,・・切符または代用貨幣の分配用
uploaded,タイトル変更,B65D 83/14,B65D 83/14,・内部ガス圧による液体または準液体状内容物の放出用，すなわちエアゾール容器（霧化または噴霧一般Ｂ０５Ｂ；サイフォン，他の流体との直接接触による流体の吸引Ｆ０４Ｆ；流体送り出し弁一般Ｆ１６Ｋ２１／００；圧縮，液化または凝固された気体を収容または貯蔵する容器Ｆ１７Ｃ）,・内部ガス圧による液体または準液体状内容物の放出用，すなわちエアゾール容器
uploaded,タイトル変更,C07C 309/12,C07C 309/12,・・・・・炭素骨格に結合しているエステル化された水素基を含有するもの［５］,・・・・・炭素骨格に結合しているエステル化された水酸基を含有するもの［５］
uploaded,タイトル変更,C07D 209/00,C07D 209/00,異項原子として１個の窒素原子のみを含有し，他の環と縮合している５員環からなる複素環式化合物,異項原子として１個の窒素原子のみを含有し，他の環と縮合している５員環からなる複素環式化合物［２］
uploaded,タイトル変更,C07D 209/02,C07D 209/02,・１個の炭素環と縮合しているもの,・１個の炭素環と縮合しているもの［２］
uploaded,タイトル変更,C07D 209/04,C07D 209/04,・・インドール；水素添加したインドール,・・インドール；水素添加したインドール［２］
uploaded,タイトル変更,C07D 209/06,C07D 209/06,・・・コールタールからインドールの製造,・・・コールタールからインドールの製造［２］
uploaded,タイトル変更,C07D 209/08,C07D 209/08,・・・複素環の炭素原子に直接結合する水素原子または水素原子および炭素原子のみからなる基のみを有するもの,・・・複素環の炭素原子に直接結合する水素原子または水素原子および炭素原子のみからなる基のみを有するもの［２］
uploaded,タイトル変更,C07D 209/01,C07D 209/01,・・・複素環の炭素原子に直接結合し，異種原子により置換されている炭化水素基を有するもの,・・・複素環の炭素原子に結合し，置換されている炭化水素基を有するもの［２］
uploaded,タイトル変更,C07D 209/12,C07D 209/12,・・・・酸素原子により置換されている基,・・・・酸素原子により置換されている基［２］
uploaded,タイトル変更,C07D 209/14,C07D 209/14,・・・・ニトロ基の一部でない窒素原子により置換されている基,・・・・ニトロ基の一部でない窒素原子により置換されている基［２］
uploaded,タイトル変更,C07D 209/16,C07D 209/16,・・・・・トリプタミン,・・・・・トリプタミン［２］
uploaded,タイトル変更,C07D 209/18,C07D 209/18,・・・・異種原子に対する３個の結合をもち，そのうち多くても１個がハロゲンに対する結合である炭素原子，例．エステルまたはニトリル基，により置換されている基,・・・・異種原子に対する３個の結合をもち，そのうち多くても１個がハロゲンに対する結合である炭素原子，例．エステルまたはニトリル基，により置換されている基［２］
uploaded,タイトル変更,C07D 209/02,C07D 209/02,・・・・・更に窒素原子により置換されているもの，例．トリプトファン,・・・・・更に窒素原子により置換されているもの，例．トリプトファン［２］
uploaded,タイトル変更,C07D 209/22,C07D 209/22,・・・・・環の窒素原子に結合するアラルキル基を有するもの,・・・・・環の窒素原子に結合するアラルキル基を有するもの［２］
uploaded,タイトル変更,C07D 209/24,C07D 209/24,・・・・・環の窒素原子に結合するアルキル基またはシクロアルキル基を有するもの,・・・・・環の窒素原子に結合するアルキル基またはシクロアルキル基を有するもの［２］
uploaded,タイトル変更,C07D 209/26,C07D 209/26,・・・・・環の窒素原子に結合するアシル基を有するもの,・・・・・環の窒素原子に結合するアシル基を有するもの［２］
uploaded,タイトル変更,C07D 209/28,C07D 209/28,・・・・・・５位が酸素または窒素原子により置換されている１―（４―クロロベンゾイル）―２―メチル―インドリル―３―酢酸；そのエステル,・・・・・・５位が酸素または窒素原子により置換されている１－（４－クロロベンゾイル）－２－メチル－インドリル－３－酢酸；そのエステル［２］
uploaded,タイトル変更,C07D 209/03,C07D 209/03,・・・異種原子，または異種原子に対する３個の結合をもち，そのうち多くても１個がハロゲンに対する結合である炭素原子が複素環の炭素原子に直接結合したもの,・・・異種原子，または異種原子に対する３個の結合をもち，そのうち多くても１個がハロゲンに対する結合である炭素原子が複素環の炭素原子に直接結合したもの［２］
uploaded,タイトル変更,C07D 209/32,C07D 209/32,・・・・酸素原子,・・・・酸素原子［２］
uploaded,タイトル変更,C07D 209/34,C07D 209/34,・・・・・２位において,・・・・・２位において［２］
uploaded,タイトル変更,C07D 209/36,C07D 209/36,・・・・・３位において，例．アドレノクロム,・・・・・３位において，例．アドレノクロム［２］
uploaded,タイトル変更,C07D 209/38,C07D 209/38,・・・・・２位と３位において，例．イサチン,・・・・・２位と３位において，例．イサチン［２］
uploaded,タイトル変更,C07D 209/04,C07D 209/04,・・・・ニトロ基の一部でない窒素原子，例．イサチンセミカルバゾン,・・・・ニトロ基の一部でない窒素原子，例．イサチン・セミカルバゾン［２］
uploaded,タイトル変更,C07D 209/42,C07D 209/42,・・・・異種原子に対する３個の結合をもち，そのうち多くても１個がハロゲンに対する結合である炭素原子，例．エステルまたはニトリル基,・・・・異種原子に対する３個の結合をもち，そのうち多くても１個がハロゲンに対する結合である炭素原子，例．エステルまたはニトリル基［２］
uploaded,タイトル変更,C07D 209/44,C07D 209/44,・・イソインドール；水素添加したイソインドール,・・イソインドール；水素添加したイソインドール［２］
uploaded,タイトル変更,C07D 209/46,C07D 209/46,・・・１位に酸素原子を有するもの,・・・１位に酸素原子を有するもの［２］
uploaded,タイトル変更,C07D 209/48,C07D 209/48,・・・１位および３位に酸素原子を有するもの，例．フタルイミド,・・・１位および３位に酸素原子を有するもの，例．フタルイミド［２］
uploaded,タイトル変更,C07D 209/05,C07D 209/05,・・・１位および３位に酸素原子および窒素原子を有するもの,・・・１位および３位に酸素原子および窒素原子を有するもの［２］
uploaded,タイトル変更,C07D 209/52,C07D 209/52,・・６員環以外の環と縮合しているもの,・・６員環以外の環と縮合しているもの［２］
uploaded,タイトル変更,C07D 209/54,C07D 209/54,・・スピロ縮合しているもの,・・スピロ縮合しているもの［２］
uploaded,タイトル変更,C07D 209/56,C07D 209/56,・３個またはそれ以上の環からなる環系,・３個またはそれ以上の環からなる環系［２］
uploaded,タイトル変更,C07D 209/58,C07D 209/58,・・〔ｂ〕―または〔ｃ〕―縮合しているもの,・・〔ｂ〕―または〔ｃ〕―縮合しているもの［２］
uploaded,タイトル変更,C07D 209/06,C07D 209/06,・・・ナフト〔ｂ〕ピロール；水素添加したナフト〔ｂ〕ピロール,・・・ナフト〔ｂ〕ピロール；水素添加したナフト〔ｂ〕ピロール［２］
uploaded,タイトル変更,C07D 209/62,C07D 209/62,・・・ナフト〔ｃ〕ピロール；水素添加したナフト〔ｃ〕ピロール,・・・ナフト〔ｃ〕ピロール；水素添加したナフト〔ｃ〕ピロール［２］
uploaded,タイトル変更,C07D 209/64,C07D 209/64,・・・・１位に酸素原子を有するもの,・・・・１位に酸素原子を有するもの［２］
uploaded,タイトル変更,C07D 209/66,C07D 209/66,・・・・１位および３位に酸素原子を有するもの,・・・・１位および３位に酸素原子を有するもの［２］
uploaded,タイトル変更,C07D 209/68,C07D 209/68,・・・・１位および３位に酸素原子および窒素原子を有するもの,・・・・１位および３位に酸素原子および窒素原子を有するもの［２］
uploaded,タイトル変更,C07D 209/07,C07D 209/07,・・・６員環以外の炭素環を含有するもの,・・・６員環以外の炭素環を含有するもの［２］
uploaded,タイトル変更,C07D 209/72,C07D 209/72,・・・４，７―エンド―アルキレン―イソインドール,・・・４，７―エンド―アルキレン―イソインドール［２］
uploaded,タイトル変更,C07D 209/74,C07D 209/74,・・・・１位に酸素原子を有するもの,・・・・１位に酸素原子を有するもの［２］
uploaded,タイトル変更,C07D 209/76,C07D 209/76,・・・・１位および３位に酸素原子を有するもの,・・・・１位および３位に酸素原子を有するもの［２］
uploaded,タイトル変更,C07D 209/78,C07D 209/78,・・・・１位および３位に酸素原子および窒素原子を有するもの,・・・・１位および３位に酸素原子および窒素原子を有するもの［２］
uploaded,タイトル変更,C07D 209/08,C07D 209/08,・・〔ｂ　ｃ〕―または〔ｂ　ｄ〕―縮合しているもの,・・〔ｂ，ｃ〕―または〔ｂ，ｄ〕―縮合しているもの［２］
uploaded,タイトル変更,C07D 209/82,C07D 209/82,・・・カルバゾール；水素添加したカルバゾール,・・・カルバゾール；水素添加したカルバゾール［２］
uploaded,タイトル変更,C07D 209/84,C07D 209/84,・・・・分離，例．タールから；精製,・・・・分離，例．タールから；精製［２］
uploaded,タイトル変更,C07D 209/86,C07D 209/86,・・・・環の炭素原子に直接結合する水素原子，炭化水素基または置換炭化水素基のみを有するもの,・・・・環の炭素原子に直接結合する水素原子，炭化水素基または置換炭化水素基のみを有するもの［２］
uploaded,タイトル変更,C07D 209/88,C07D 209/88,・・・・異種原子，または異種原子に対する３個の結合をもち，そのうち多くても１個がハロゲンに対する結合である炭素原子，例．エステルまたはニトリル基，が環の炭素原子に直接結合したもの,・・・・異種原子，または異種原子に対する３個の結合をもち，そのうち多くても１個がハロゲンに対する結合である炭素原子，例．エステルまたはニトリル基，が環の炭素原子に直接結合したもの［２］
uploaded,タイトル変更,C07D 209/09,C07D 209/09,・・・ベンゾ〔ｃ　ｄ〕インドール；水素添加したベンゾ〔ｃ　ｄ〕インドール,・・・ベンゾ〔ｃ，ｄ〕インドール；水素添加したベンゾ〔ｃ，ｄ〕インドール［２］
uploaded,タイトル変更,C07D 209/92,C07D 209/92,・・・・ナフトスチリル,・・・・ナフトスチリル［２］
uploaded,タイトル変更,C07D 209/94,C07D 209/94,・・・６員環以外の炭素環を含有するもの,・・・６員環以外の炭素環を含有するもの［４］
uploaded,タイトル変更,C07D 209/96,C07D 209/96,・・スピロ縮合しているもの,・・スピロ縮合しているもの［２］
uploaded,タイトル変更,C07D 213/00,C07D 213/00,異項原子として１個の窒素原子のみをもち，環原子相互間または環原子と非環原子間に３個またはそれ以上の二重結合を有し，他の環と縮合していない６員環からなる複素環式化合物,異項原子として１個の窒素原子のみをもち，環原子相互間または環原子と非環原子間に３個またはそれ以上の二重結合を有し，他の環と縮合していない６員環からなる複素環式化合物［２］
uploaded,タイトル変更,C07D 213/02,C07D 213/02,・環原子相互間または環原子と非環原子間に３個の二重結合を有するもの,・環原子相互間または環原子と非環原子間に３個の二重結合を有するもの［２］
uploaded,タイトル変更,C07D 213/04,C07D 213/04,・・環の窒素原子と非環原子間に結合をもたないもの，または環の窒素原子に直接結合する水素原子または炭素原子のみをもつもの,・・環の窒素原子と非環原子間に結合をもたないもの，または環の窒素原子に直接結合する水素原子または炭素原子のみをもつもの［２］
uploaded,タイトル変更,C07D 213/06,C07D 213/06,・・・環の窒素原子以外に水素原子または炭素原子のみを含有するもの,・・・環の窒素原子以外に水素原子または炭素原子のみを含有するもの［２］
uploaded,タイトル変更,C07D 213/08,C07D 213/08,・・・・閉環による製造,・・・・閉環による製造［２］
uploaded,タイトル変更,C07D 213/09,C07D 213/09,・・・・・アンモニア，アミン，アミン塩，またはニトリルの使用を含むもの,・・・・・アンモニア，アミン，アミン塩，またはニトリルの使用を含むもの［３］
uploaded,タイトル変更,C07D 213/01,C07D 213/01,・・・・・・アセトアルデヒドまたはその環状ポリマーからのもの,・・・・・・アセトアルデヒドまたはその環状ポリマーからのもの［３］
uploaded,タイトル変更,C07D 213/12,C07D 213/12,・・・・・・不飽和化合物からのもの,・・・・・・不飽和化合物からのもの［３］
uploaded,タイトル変更,C07D 213/127,C07D 213/127,・・・・ピリジン環含有化合物からの製造,・・・・ピリジン環含有化合物からの製造［３］
uploaded,タイトル変更,C07D 213/133,C07D 213/133,・・・・水素化ピリジン化合物の脱水素による製造,・・・・水素化ピリジン化合物の脱水素による製造［３］
uploaded,タイトル変更,C07D 213/14,C07D 213/14,・・・・異項原子として酸素原子を有する化合物からの製造,・・・・異項原子として酸素原子を有する化合物からの製造［２］
uploaded,タイトル変更,C07D 213/16,C07D 213/16,・・・・１個のピリジン環のみを含有するもの,・・・・１個のピリジン環のみを含有するもの［２］
uploaded,タイトル変更,C07D 213/18,C07D 213/18,・・・・・その塩,・・・・・その塩［２］
uploaded,タイトル変更,C07D 213/02,C07D 213/02,・・・・・その第四級化合物,・・・・・その第四級化合物［２］
uploaded,タイトル変更,C07D 213/22,C07D 213/22,・・・・相互に直接連結する２個またはそれ以上のピリジン環を含有するもの，例．ビピリジル,・・・・相互に直接連結する２個またはそれ以上のピリジン環を含有するもの，例．ビピリジル［２］
uploaded,タイトル変更,C07D 213/24,C07D 213/24,・・・環の炭素原子に結合する置換炭化水素基を有するもの,・・・環の炭素原子に結合する置換炭化水素基を有するもの［２］
uploaded,タイトル変更,C07D 213/26,C07D 213/26,・・・・ハロゲン原子またはニトロ基により置換された基,・・・・ハロゲン原子またはニトロ基により置換された基［２］
uploaded,タイトル変更,C07D 213/28,C07D 213/28,・・・・単結合の酸素原子または硫黄原子により置換された基（同一の炭素原子に結合している場合２１３／４４）,・・・・単結合の酸素原子または硫黄原子により置換された基［２］
uploaded,タイトル変更,C07D 213/03,C07D 213/03,・・・・・酸素原子,・・・・・酸素原子［２］
uploaded,タイトル変更,C07D 213/32,C07D 213/32,・・・・・硫黄原子,・・・・・硫黄原子［２］
uploaded,タイトル変更,C07D 213/34,C07D 213/34,・・・・・・第２番目の異種原子が結合しているもの,・・・・・・第２番目の異種原子が結合しているもの［２］
uploaded,タイトル変更,C07D 213/36,C07D 213/36,・・・・単結合の窒素原子によって置換された基（ニトロ基２１３／２６）,・・・・単結合の窒素原子によって置換された基（ニトロ基Ｃ０７Ｄ２１３／２６）［２］
uploaded,タイトル変更,C07D 213/38,C07D 213/38,・・・・・置換基の窒素原子に結合する水素原子または炭化水素基のみを有するもの,・・・・・置換基の窒素原子に結合する水素原子または炭化水素基のみを有するもの［２］
uploaded,タイトル変更,C07D 213/04,C07D 213/04,・・・・・置換基の窒素原子がアシル化されたもの,・・・・・置換基の窒素原子がアシル化されたもの［２］
uploaded,タイトル変更,C07D 213/42,C07D 213/42,・・・・・置換基の窒素原子に結合する異種原子を有するもの（ニトロ基２１３／２６）,・・・・・置換基の窒素原子に結合する異種原子を有するもの（ニトロ基Ｃ０７Ｄ２１３／２６）［２］
uploaded,タイトル変更,C07D 213/44,C07D 213/44,・・・・二重結合の酸素，硫黄または窒素原子によってまたは同一の炭素原子に単結合した２個のそのような原子によって置換されている基,・・・・二重結合の酸素，硫黄または窒素原子によってまたは同一の炭素原子に単結合した２個のそのような原子によって置換されている基［２］
uploaded,タイトル変更,C07D 213/46,C07D 213/46,・・・・・酸素原子,・・・・・酸素原子［２］
uploaded,タイトル変更,C07D 213/48,C07D 213/48,・・・・・・アルデヒド基,・・・・・・アルデヒド基［２］
uploaded,タイトル変更,C07D 213/05,C07D 213/05,・・・・・・ケトン基,・・・・・・ケトン基［２］
uploaded,タイトル変更,C07D 213/51,C07D 213/51,・・・・・・アセタール基,・・・・・・アセタール基［２］
uploaded,タイトル変更,C07D 213/52,C07D 213/52,・・・・・硫黄原子,・・・・・硫黄原子［２］
uploaded,タイトル変更,C07D 213/53,C07D 213/53,・・・・・窒素原子,・・・・・窒素原子［２］
uploaded,タイトル変更,C07D 213/54,C07D 213/54,・・・・異種原子に対する３個の結合をもち，そのうち多くても１個がハロゲンに対する結合である炭素原子，例．エステルまたはニトリル基，によって置換された基,・・・・異種原子に対する３個の結合をもち，そのうち多くても１個がハロゲンに対する結合である炭素原子，例．エステルまたはニトリル基，によって置換された基［２］
uploaded,タイトル変更,C07D 213/55,C07D 213/55,・・・・・酸；エステル,・・・・・酸；エステル［２］
uploaded,タイトル変更,C07D 213/56,C07D 213/56,・・・・・アミド,・・・・・アミド［２］
uploaded,タイトル変更,C07D 213/57,C07D 213/57,・・・・・ニトリル,・・・・・ニトリル［２］
uploaded,タイトル変更,C07D 213/58,C07D 213/58,・・・・・アミジン,・・・・・アミジン［２］
uploaded,タイトル変更,C07D 213/59,C07D 213/59,・・・・・少なくとも１個の結合が硫黄原子に対するもの,・・・・・少なくとも１個の結合が硫黄原子に対するもの［２］
uploaded,タイトル変更,C07D 213/06,C07D 213/06,・・・異種原子，または異種原子に対する３個の結合をもち，そのうち多くても１個がハロゲンに対する結合である炭素原子，例．エステルまたはニトリル基，が環の炭素原子に直接結合したもの,・・・異種原子，または異種原子に対する３個の結合をもち，そのうち多くても１個がハロゲンに対する結合である炭素原子，例．エステルまたはニトリル基，が環の炭素原子に直接結合したもの［２］
uploaded,タイトル変更,C07D 213/61,C07D 213/61,・・・・ハロゲン原子またはニトロ基,・・・・ハロゲン原子またはニトロ基［２］
uploaded,タイトル変更,C07D 213/62,C07D 213/62,・・・・酸素原子または硫黄原子,・・・・酸素原子または硫黄原子［２］
uploaded,タイトル変更,C07D 213/63,C07D 213/63,・・・・・１個の酸素原子,・・・・・１個の酸素原子［２］
uploaded,タイトル変更,C07D 213/64,C07D 213/64,・・・・・・２位または６位に結合しているもの,・・・・・・２位または６位に結合しているもの［２］
uploaded,タイトル変更,C07D 213/65,C07D 213/65,・・・・・・３位または５位に結合しているもの,・・・・・・３位または５位に結合しているもの［２］
uploaded,タイトル変更,C07D 213/66,C07D 213/66,・・・・・・・３位に酸素原子，４位および５位のそれぞれに酸素原子，硫黄原子または窒素原子が結合する炭素原子を有するもの，例．ピリドキサール,・・・・・・・３位に酸素原子，４位および５位のそれぞれに酸素原子，硫黄原子または窒素原子が結合する炭素原子を有するもの，例．ピリドキサール［２］
uploaded,タイトル変更,C07D 213/67,C07D 213/67,・・・・・・・・２―メチル―３―ヒドロキシ―４，５―ビス（ヒドロキシ―メチル）ピリジン，なすわちピリドキシン,・・・・・・・・２―メチル―３―ヒドロキシ―４，５―ビス（ヒドロキシ―メチル）ピリジン，すなわちピリドキシン［２］
uploaded,タイトル変更,C07D 213/68,C07D 213/68,・・・・・・４位に結合しているもの,・・・・・・４位に結合しているもの［２］
uploaded,タイトル変更,C07D 213/69,C07D 213/69,・・・・・２個またはそれ以上の酸素原子,・・・・・２個またはそれ以上の酸素原子［２］
uploaded,タイトル変更,C07D 213/07,C07D 213/07,・・・・・硫黄原子,・・・・・硫黄原子［４］
uploaded,タイトル変更,C07D 213/71,C07D 213/71,・・・・・・第２番目の異種原子が結合しているもの,・・・・・・第２番目の異種原子が結合しているもの［４］
uploaded,タイトル変更,C07D 213/72,C07D 213/72,・・・・窒素原子（ニトロ基２１３／６１）,・・・・窒素原子（ニトロ基Ｃ０７Ｄ２１３／６１）［２］
uploaded,タイトル変更,C07D 213/73,C07D 213/73,・・・・・置換されていないアミノまたはイミノ基,・・・・・置換されていないアミノまたはイミノ基［２］
uploaded,タイトル変更,C07D 213/74,C07D 213/74,・・・・・炭化水素基または置換された炭化水素基によって置換されているアミノ基またはイミノ基,・・・・・炭化水素基または置換された炭化水素基によって置換されているアミノ基またはイミノ基［２］
uploaded,タイトル変更,C07D 213/75,C07D 213/75,・・・・・カルボン酸または炭酸によってまたはその硫黄または窒素類似体，例．カルバミン酸塩，によってアシル化されているアミノ基またはイミノ基,・・・・・カルボン酸または炭酸によってまたはその硫黄または窒素類似体，例．カルバミン酸塩，によってアシル化されているアミノ基またはイミノ基［２］
uploaded,タイトル変更,C07D 213/76,C07D 213/76,・・・・・第２番目の異種原子が結合しているもの（ニトロ基２１３／６１）,・・・・・第２番目の異種原子が結合しているもの（ニトロ基Ｃ０７Ｄ２１３／６１）［２］
uploaded,タイトル変更,C07D 213/77,C07D 213/77,・・・・・・ヒドラジン基,・・・・・・ヒドラジン基［２］
uploaded,タイトル変更,C07D 213/78,C07D 213/78,・・・・異種原子に対する３個の結合をもち，そのうち多くても１個がハロゲンに対する結合である炭素原子，例．エステルまたはニトリル基,・・・・異種原子に対する３個の結合をもち，そのうち多くても１個がハロゲンに対する結合である炭素原子，例．エステルまたはニトリル基［２］
uploaded,タイトル変更,C07D 213/79,C07D 213/79,・・・・・酸；エステル,・・・・・酸；エステル［２］
uploaded,タイトル変更,C07D 213/08,C07D 213/08,・・・・・・３位において,・・・・・・３位において［２］
uploaded,タイトル変更,C07D 213/803,C07D 213/803,・・・・・・製造方法,・・・・・・製造方法［３］
uploaded,タイトル変更,C07D 213/807,C07D 213/807,・・・・・・・ピリジンまたは縮合ピリジンの酸化によるもの,・・・・・・・ピリジンまたは縮合ピリジンの酸化によるもの［３］
uploaded,タイトル変更,C07D 213/81,C07D 213/81,・・・・・アミド；イミド,・・・・・アミド；イミド［２］
uploaded,タイトル変更,C07D 213/82,C07D 213/82,・・・・・・３位において,・・・・・・３位において［２］
uploaded,タイトル変更,C07D 213/83,C07D 213/83,・・・・・チオ―酸；チオ―エステル；チオ―アミド；チオ―イミド,・・・・・チオ酸；チオエステル；チオアミド；チオイミド［２］
uploaded,タイトル変更,C07D 213/84,C07D 213/84,・・・・・ニトリル,・・・・・ニトリル［２］
uploaded,タイトル変更,C07D 213/84 A,C07D 213/84 A,アンモキシデ－シヨン法,アンモキシデーション法
uploaded,タイトル変更,C07D 213/85,C07D 213/85,・・・・・・３位において,・・・・・・３位において［２］
uploaded,タイトル変更,C07D 213/86,C07D 213/86,・・・・・ヒドラジド；そのチオまたはイミノ類似体,・・・・・ヒドラジド；そのチオまたはイミノ類似体［２］
uploaded,タイトル変更,C07D 213/87,C07D 213/87,・・・・・・３位において,・・・・・・３位において［２］
uploaded,タイトル変更,C07D 213/88,C07D 213/88,・・・・・ニコチノイルヒドラゾン,・・・・・ニコチノイルヒドラゾン［２］
uploaded,タイトル変更,C07D 213/89,C07D 213/89,・・環の窒素原子に直接結合する異種原子を有するもの,・・環の窒素原子に直接結合する異種原子を有するもの［２］
uploaded,タイトル変更,C07D 213/09,C07D 213/09,・環原子相互間または環原子と非環原子間に４個以上の二重結合を有するもの,・環原子相互間または環原子と非環原子間に４個以上の二重結合を有するもの［２］
uploaded,タイトル変更,C07D 215/00,C07D 215/00,キノリン環系または水素添加したキノリン環系を含有する複素環式化合物,キノリン環系または水素添加したキノリン環系を含有する複素環式化合物［２］
uploaded,タイトル変更,C07D 215/02,C07D 215/02,・環の窒素原子と非環原子間に結合をもたないもの，または環の窒素原子に直接結合する水素原子または炭素原子のみをもつもの,・環の窒素原子と非環原子間に結合をもたないもの，または環の窒素原子に直接結合する水素原子または炭素原子のみをもつもの［２］
uploaded,タイトル変更,C07D 215/04,C07D 215/04,・・環の炭素原子に直接結合する水素原子または水素原子および炭素原子のみを含有する基のみを有するもの,・・環の炭素原子に直接結合する水素原子または水素原子および炭素原子のみを含有する基のみを有するもの［２］
uploaded,タイトル変更,C07D 215/06,C07D 215/06,・・・環の窒素原子に結合する水素原子，炭化水素基または置換炭化水素基を有するもの,・・・環の窒素原子に結合する水素原子，炭化水素基または置換炭化水素基を有するもの［２］
uploaded,タイトル変更,C07D 215/08,C07D 215/08,・・・環の窒素原子がアシル化されているもの,・・・環の窒素原子がアシル化されているもの［２］
uploaded,タイトル変更,C07D 215/01,C07D 215/01,・・・第四級化合物,・・・第四級化合物［２］
uploaded,タイトル変更,C07D 215/12,C07D 215/12,・・環の炭素原子に結合する置換炭化水素基を有するもの,・・環の炭素原子に結合する置換炭化水素基を有するもの［２］
uploaded,タイトル変更,C07D 215/14,C07D 215/14,・・・酸素原子によって置換された基,・・・酸素原子によって置換された基［２］
uploaded,タイトル変更,C07D 215/16,C07D 215/16,・・異種原子，または異種原子に対する３個の結合をもち，そのうち多くても１個がハロゲンに対する結合である炭素原子，例．エステルまたはニトリル基，が環の炭素原子に直接結合したもの,・・異種原子，または異種原子に対する３個の結合をもち，そのうち多くても１個がハロゲンに対する結合である炭素原子，例．エステルまたはニトリル基，が環の炭素原子に直接結合したもの［２］
uploaded,タイトル変更,C07D 215/18,C07D 215/18,・・・ハロゲン原子またはニトロ基,・・・ハロゲン原子またはニトロ基［２］
uploaded,タイトル変更,C07D 215/02,C07D 215/02,・・・酸素原子（キノフタロンＣ０９Ｂ２５／００）,・・・酸素原子［２］
uploaded,タイトル変更,C07D 215/22,C07D 215/22,・・・・２位または４位に結合しているもの,・・・・２位または４位に結合しているもの［２］
uploaded,タイトル変更,C07D 215/24,C07D 215/24,・・・・８位に結合しているもの,・・・・８位に結合しているもの［２］
uploaded,タイトル変更,C07D 215/26,C07D 215/26,・・・・・アルコール；そのエーテル,・・・・・アルコール；そのエーテル［２］
uploaded,タイトル変更,C07D 215/28,C07D 215/28,・・・・・・５位，６位または７位にハロゲン原子またはニトロ基を有するもの,・・・・・・５位，６位または７位にハロゲン原子またはニトロ基を有するもの［２］
uploaded,タイトル変更,C07D 215/03,C07D 215/03,・・・・・・金属塩；キレート,・・・・・・金属塩；キレート［２］
uploaded,タイトル変更,C07D 215/32,C07D 215/32,・・・・・・エステル,・・・・・・エステル［２］
uploaded,タイトル変更,C07D 215/34,C07D 215/34,・・・・・・・カルバミン酸塩,・・・・・・・カルバミン酸塩［２］
uploaded,タイトル変更,C07D 215/36,C07D 215/36,・・・硫黄原子（２１５／２４が優先）,・・・硫黄原子（Ｃ０７Ｄ２１５／２４が優先）［２］
uploaded,タイトル変更,C07D 215/38,C07D 215/38,・・・窒素原子（ニトロ基２１５／１８）,・・・窒素原子（ニトロ基Ｃ０７Ｄ２１５／１８）［２］
uploaded,タイトル変更,C07D 215/04,C07D 215/04,・・・・８位に結合しているもの,・・・・８位に結合しているもの［２］
uploaded,タイトル変更,C07D 215/42,C07D 215/42,・・・・４位に結合しているもの,・・・・４位に結合しているもの［２］
uploaded,タイトル変更,C07D 215/44,C07D 215/44,・・・・・該窒素原子に結合するアリール基を有するもの,・・・・・該窒素原子に結合するアリール基を有するもの［２］
uploaded,タイトル変更,C07D 215/46,C07D 215/46,・・・・・該窒素原子に結合し，窒素原子によって置換された炭化水素基を有するもの,・・・・・該窒素原子に結合し，窒素原子によって置換された炭化水素基を有するもの［２］
uploaded,タイトル変更,C07D 215/48,C07D 215/48,・・・異種原子に対する３個の結合をもち，そのうち多くても１個がハロゲンに対する結合である炭素原子,・・・異種原子に対する３個の結合をもち，そのうち多くても１個がハロゲンに対する結合である炭素原子［２］
uploaded,タイトル変更,C07D 215/05,C07D 215/05,・・・・４位に結合しているもの,・・・・４位に結合しているもの［２］
uploaded,タイトル変更,C07D 215/52,C07D 215/52,・・・・・２位に結合するアリール基を有するもの,・・・・・２位に結合するアリール基を有するもの［２］
uploaded,タイトル変更,C07D 215/54,C07D 215/54,・・・・３位に結合しているもの,・・・・３位に結合しているもの［２］
uploaded,タイトル変更,C07D 215/56,C07D 215/56,・・・・・４位に酸素原子を有するもの,・・・・・４位に酸素原子を有するもの［２］
uploaded,タイトル変更,C07D 215/58,C07D 215/58,・環の窒素原子に直接結合する異種原子を有するもの,・環の窒素原子に直接結合する異種原子を有するもの［２］
uploaded,タイトル変更,C07D 215/06,C07D 215/06,・・Ｎ―オキシド,・・Ｎ―オキシド［２］
uploaded,タイトル変更,C07D 263/00,C07D 263/00,１，３―オキサゾールまたは水素添加した１，３―オキサゾール環を含有する複素環式化合物,１，３―オキサゾールまたは水素添加した１，３―オキサゾール環を含有する複素環式化合物［２］
uploaded,タイトル変更,C07D 263/02,C07D 263/02,・他の環と縮合していないもの,・他の環と縮合していないもの［２］
uploaded,タイトル変更,C07D 263/04,C07D 263/04,・・環原子相互間または環原子と非環原子間に二重結合をもたないもの,・・環原子相互間または環原子と非環原子間に二重結合をもたないもの［２］
uploaded,タイトル変更,C07D 263/06,C07D 263/06,・・・酸素原子で置換された炭化水素基が環の炭素原子に結合したもの,・・・酸素原子で置換された炭化水素基が環の炭素原子に結合したもの［２］
uploaded,タイトル変更,C07D 263/08,C07D 263/08,・・環原子相互間または環原子と非環原子間に１個の二重結合をもつもの,・・環原子相互間または環原子と非環原子間に１個の二重結合をもつもの［２］
uploaded,タイトル変更,C07D 263/01,C07D 263/01,・・・環の炭素原子に水素，炭化水素基または置換炭化水素基のみが直接結合したもの,・・・環の炭素原子に水素，炭化水素基または置換炭化水素基のみが直接結合したもの［２］
uploaded,タイトル変更,C07D 263/12,C07D 263/12,・・・・水素原子および炭素原子のみを含有する置換基をもつもの,・・・・水素原子および炭素原子のみを含有する置換基をもつもの［２］
uploaded,タイトル変更,C07D 263/14,C07D 263/14,・・・・酸素原子で置換された基をもつもの,・・・・酸素原子で置換された基をもつもの［２］
uploaded,タイトル変更,C07D 263/16,C07D 263/16,・・・異種原子，または異種原子に対する３個の結合をもち，そのうち多くても１個がハロゲンに対する結合である炭素原子，例．エステルまたはニトリル基，が環の炭素原子に直接結合したもの,・・・異種原子，または異種原子に対する３個の結合をもち，そのうち多くても１個がハロゲンに対する結合である炭素原子，例．エステルまたはニトリル基，が環の炭素原子に直接結合したもの［２］
uploaded,タイトル変更,C07D 263/18,C07D 263/18,・・・・酸素原子,・・・・酸素原子［２］
uploaded,タイトル変更,C07D 263/02,C07D 263/02,・・・・・２位に結合したもの,・・・・・２位に結合したもの［２］
uploaded,タイトル変更,C07D 263/22,C07D 263/22,・・・・・・環の他の炭素原子に，水素原子または水素原子と炭素原子のみを含有する基のみが直接結合したもの,・・・・・・環の他の炭素原子に，水素原子または水素原子と炭素原子のみを含有する基のみが直接結合したもの［２］
uploaded,タイトル変更,C07D 263/24,C07D 263/24,・・・・・・環の他の炭素原子に，酸素原子で置換された炭化水素基が結合したもの,・・・・・・環の他の炭素原子に，酸素原子で置換された炭化水素基が結合したもの［２］
uploaded,タイトル変更,C07D 263/26,C07D 263/26,・・・・・・環の窒素原子に，異種原子またはアシル基が直接結合したもの,・・・・・・環の窒素原子に，異種原子またはアシル基が直接結合したもの［２］
uploaded,タイトル変更,C07D 263/28,C07D 263/28,・・・・ニトロ基の一部でない窒素原子,・・・・ニトロ基の一部でない窒素原子［２］
uploaded,タイトル変更,C07D 263/03,C07D 263/03,・・環原子相互間または環原子と非環原子間に２個または３個の二重結合をもつもの,・・環原子相互間または環原子と非環原子間に２個または３個の二重結合をもつもの［２］
uploaded,タイトル変更,C07D 263/32,C07D 263/32,・・・環の炭素原子に，水素原子，炭化水素基または置換炭化水素基のみが直接結合したもの,・・・環の炭素原子に，水素原子，炭化水素基または置換炭化水素基のみが直接結合したもの［２］
uploaded,タイトル変更,C07D 263/34,C07D 263/34,・・・異種原子，または異種原子に対する３個の結合をもち，そのうち多くても１個がハロゲンに対する結合である炭素原子，例．エステルまたはニトリル基，が環の炭素原子に直接結合したもの,・・・異種原子，または異種原子に対する３個の結合をもち，そのうち多くても１個がハロゲンに対する結合である炭素原子，例．エステルまたはニトリル基，が環の炭素原子に直接結合したもの［２］
uploaded,タイトル変更,C07D 263/36,C07D 263/36,・・・・１個の酸素原子,・・・・１個の酸素原子［２］
uploaded,タイトル変更,C07D 263/38,C07D 263/38,・・・・・２位に結合したもの,・・・・・２位に結合したもの［２］
uploaded,タイトル変更,C07D 263/04,C07D 263/04,・・・・・４位に結合したもの,・・・・・４位に結合したもの［２］
uploaded,タイトル変更,C07D 263/42,C07D 263/42,・・・・・５位に結合したもの,・・・・・５位に結合したもの［２］
uploaded,タイトル変更,C07D 263/44,C07D 263/44,・・・・２個の酸素原子,・・・・２個の酸素原子［２］
uploaded,タイトル変更,C07D 263/46,C07D 263/46,・・・・硫黄原子,・・・・硫黄原子［２］
uploaded,タイトル変更,C07D 263/48,C07D 263/48,・・・・ニトロ基の一部でない窒素原子,・・・・ニトロ基の一部でない窒素原子［２］
uploaded,タイトル変更,C07D 263/05,C07D 263/05,・・・・・ベンゼン―スルホンアミドオキサゾール,・・・・・ベンゼン―スルホンアミドオキサゾール［２］
uploaded,タイトル変更,C07D 263/52,C07D 263/52,・炭素環または環系と縮合したもの,・炭素環または環系と縮合したもの［２］
uploaded,タイトル変更,C07D 263/54,C07D 263/54,・・ベンズオキサゾール；水素添加したベンズオキサゾール,・・ベンズオキサゾール；水素添加したベンズオキサゾール［２］
uploaded,タイトル変更,C07D 263/56,C07D 263/56,・・・２位に，水素原子，炭化水素基または置換炭化水素基のみが直接結合したもの,・・・２位に，水素原子，炭化水素基または置換炭化水素基のみが直接結合したもの［２］
uploaded,タイトル変更,C07D 263/58,C07D 263/58,・・・異種原子，または異種原子に対する３個の結合をもち，そのうち多くても１個がハロゲンに対する結合である炭素原子，例．エステルまたはニトリル基，が２位に直接結合したもの,・・・異種原子，または異種原子に対する３個の結合をもち，そのうち多くても１個がハロゲンに対する結合である炭素原子，例．エステルまたはニトリル基，が２位に直接結合したもの［２］
uploaded,タイトル変更,C07D 263/06,C07D 263/06,・・ナフトオキサゾール；水素添加したナフトオキサゾール,・・ナフトオキサゾール；水素添加したナフトオキサゾール［２］
uploaded,タイトル変更,C07D 263/62,C07D 263/62,・・１，３―オキサゾール環に縮合した２個またはそれ以上の環系をもつもの,・・１，３―オキサゾール含有縮合環を２個またはそれ以上もつもの［２］
uploaded,タイトル変更,C07D 265/00,C07D 265/00,異項原子として１個の窒素原子と１個の酸素原子のみをもつ６員環を含有する複素環式化合物,異項原子として１個の窒素原子と１個の酸素原子のみをもつ６員環を含有する複素環式化合物［２］
uploaded,タイトル変更,C07D 265/02,C07D 265/02,・１，２―オキサジン；水素添加した１，２―オキサジン,・１，２―オキサジン；水素添加した１，２―オキサジン［２］
uploaded,タイトル変更,C07D 265/04,C07D 265/04,・１，３―オキサジン；水素添加した１，３―オキサジン,・１，３―オキサジン；水素添加した１，３―オキサジン［２］
uploaded,タイトル変更,C07D 265/06,C07D 265/06,・・他の環と縮合していないもの,・・他の環と縮合していないもの［２］
uploaded,タイトル変更,C07D 265/08,C07D 265/08,・・・環原子相互間または環原子と非環原子間に１個の二重結合をもつもの,・・・環原子相互間または環原子と非環原子間に１個の二重結合をもつもの［２］
uploaded,タイトル変更,C07D 265/01,C07D 265/01,・・・・環の炭素原子に直接結合した酸素原子をもつもの,・・・・環の炭素原子に直接結合した酸素原子をもつもの［２］
uploaded,タイトル変更,C07D 265/12,C07D 265/12,・・炭素環または環系と縮合したもの,・・炭素環または環系と縮合したもの［２］
uploaded,タイトル変更,C07D 265/14,C07D 265/14,・・・１個の６員環と縮合したもの,・・・１個の６員環と縮合したもの［２］
uploaded,タイトル変更,C07D 265/16,C07D 265/16,・・・・２位および４位に水素原子または炭素原子のみが直接結合したもの,・・・・２位および４位に水素原子または炭素原子のみが直接結合したもの［２］
uploaded,タイトル変更,C07D 265/18,C07D 265/18,・・・・２位に異種原子が直接結合したもの,・・・・２位に異種原子が直接結合したもの［２］
uploaded,タイトル変更,C07D 265/02,C07D 265/02,・・・・４位に異種原子が直接結合したもの,・・・・４位に異種原子が直接結合したもの［２］
uploaded,タイトル変更,C07D 265/22,C07D 265/22,・・・・・酸素原子,・・・・・酸素原子［２］
uploaded,タイトル変更,C07D 265/24,C07D 265/24,・・・・２位および４位に異種原子が直接結合したもの,・・・・２位および４位に異種原子が直接結合したもの［２］
uploaded,タイトル変更,C07D 265/26,C07D 265/26,・・・・・２個の酸素原子，例．イサト酸無水物,・・・・・２個の酸素原子，例．イサト酸無水物［２］
uploaded,タイトル変更,C07D 265/28,C07D 265/28,・１，４―オキサジン；水素添加した１，４―オキサジン,・１，４―オキサジン；水素添加した１，４―オキサジン［２］
uploaded,タイトル変更,C07D 265/03,C07D 265/03,・・他の環と縮合していないもの,・・他の環と縮合していないもの［２］
uploaded,タイトル変更,C07D 265/32,C07D 265/32,・・・環の炭素原子に直接結合した酸素原子をもつもの,・・・環の炭素原子に直接結合した酸素原子をもつもの［２］
uploaded,タイトル変更,C07D 265/34,C07D 265/34,・・炭素環と縮合したもの,・・炭素環と縮合したもの［２］
uploaded,タイトル変更,C07D 265/36,C07D 265/36,・・・１個の６員環と縮合したもの,・・・１個の６員環と縮合したもの［２］
uploaded,タイトル変更,C07D 265/38,C07D 265/38,・・・２個の６員環と〔ｂ，ｅ〕―縮合したもの,・・・２個の６員環と〔ｂ，ｅ〕―縮合したもの［２］
uploaded,タイトル変更,C07D 271/00,C07D 271/00,異項原子として２個の窒素原子と１個の酸素原子のみをもつ５員環を含有する複素環式化合物,異項原子として２個の窒素原子と１個の酸素原子のみをもつ５員環を含有する複素環式化合物［２］
uploaded,タイトル変更,C07D 271/02,C07D 271/02,・他の環と縮合していないもの,・他の環と縮合していないもの［２］
uploaded,タイトル変更,C07D 271/04,C07D 271/04,・・１，２，３―オキサジアゾール；水素添加した１，２，３―オキサジアゾール,・・１，２，３―オキサジアゾール；水素添加した１，２，３―オキサジアゾール［２］
uploaded,タイトル変更,C07D 271/06,C07D 271/06,・・１，２，４―オキサジアゾール；水素添加した１，２，４―オキサジアゾール,・・１，２，４―オキサジアゾール；水素添加した１，２，４―オキサジアゾール［２］
uploaded,タイトル変更,C07D 271/08,C07D 271/08,・・１，２，５―オキサジアゾール；水素添加した１，２，５―オキサジアゾール,・・１，２，５―オキサジアゾール；水素添加した１，２，５―オキサジアゾール［２］
uploaded,タイトル変更,C07D 271/12,C07D 271/12,・炭素環または環系と縮合したもの,・炭素環または環系と縮合したもの［２］
uploaded,タイトル変更,C07D 275/00,C07D 275/00,１，２―チアゾールまたは水素添加した１，２―チアゾール環を含有する複素環式化合物異項原子として窒素原子と硫黄原子のみをもつ複素環式化合物,１，２―チアゾールまたは水素添加した１，２―チアゾール環を含有する複素環式化合物［２］
uploaded,タイトル変更,C07D 275/02,C07D 275/02,・他の環と縮合していないもの,・他の環と縮合していないもの［２］
uploaded,タイトル変更,C07D 275/04,C07D 275/04,・炭素環または環系と縮合したもの,・炭素環または環系と縮合したもの［２］
uploaded,タイトル変更,C07D 275/06,C07D 275/06,・・環の硫黄原子に異種原子が直接結合したもの,・・環の硫黄原子に異種原子が直接結合したもの［２］
uploaded,タイトル変更,C07D 303/00,C07D 303/00,異項原子として１個の酸素原子のみをもつ３員環を含有する化合物,異項原子として１個の酸素原子のみをもつ３員環を含有する化合物［２］
uploaded,タイトル変更,C07D 303/02,C07D 303/02,・オキシラン環を含有する化合物,・オキシラン環を含有する化合物［２］
uploaded,タイトル変更,C07D 303/04,C07D 303/04,・・環の酸素原子以外に水素および炭素原子のみを含有するもの,・・環の酸素原子以外に水素および炭素原子のみを含有するもの［２］
uploaded,タイトル変更,C07D 303/06,C07D 303/06,・・・オキシラン環が３またはそれ以上の関連する環をもつ炭素環系と縮合しているもの,・・・オキシラン環が３またはそれ以上の関連する環をもつ炭素環系と縮合しているもの［２］
uploaded,タイトル変更,C07D 303/08,C07D 303/08,・・ハロゲン原子，ニトロ基またはニトロソ基で置換された炭化水素基をもつもの,・・ハロゲン原子，ニトロ基またはニトロソ基で置換された炭化水素基をもつもの［２］
uploaded,タイトル変更,C07D 303/01,C07D 303/01,・・・オキシラン環が３またはそれ以上の関連する環をもつ炭素環系と縮合しているもの（ステロイドＣ０７Ｊ）,・・・オキシラン環が３またはそれ以上の関連する環をもつ炭素環系と縮合しているもの［２］
uploaded,タイトル変更,C07D 303/12,C07D 303/12,・・単結合または二重結合で酸素原子が置換した炭化水素基をもつもの,・・単結合または二重結合で酸素原子が置換した炭化水素基をもつもの［２］
uploaded,タイトル変更,C07D 303/14,C07D 303/14,・・・遊離の水酸基によるもの,・・・遊離の水酸基によるもの［２］
uploaded,タイトル変更,C07D 303/16,C07D 303/16,・・・エステル化された水酸基によるもの,・・・エステル化された水酸基によるもの［２］
uploaded,タイトル変更,C07D 303/17,C07D 303/17,・・・・３個またはそれ以上の関連する環を有する炭素環系と縮合したオキシラン環をもつもの,・・・・３個またはそれ以上の関連する環を有する炭素環系と縮合したオキシラン環をもつもの［３］
uploaded,タイトル変更,C07D 303/18,C07D 303/18,・・・エーテル化された水酸基によるもの,・・・エーテル化された水酸基によるもの［２］
uploaded,タイトル変更,C07D 303/02,C07D 303/02,・・・・オキシラン環を含有しないヒドロキシ化合物とのエーテル,・・・・オキシラン環を含有しないヒドロキシ化合物とのエーテル［２］
uploaded,タイトル変更,C07D 303/22,C07D 303/22,・・・・・モノヒドロキシ化合物とのエーテル,・・・・・モノヒドロキシ化合物とのエーテル［２］
uploaded,タイトル変更,C07D 303/24,C07D 303/24,・・・・・ポリヒドロキシ化合物とのエーテル,・・・・・ポリヒドロキシ化合物とのエーテル［２］
uploaded,タイトル変更,C07D 303/26,C07D 303/26,・・・・・・１またはそれ以上の遊離水酸基をもつもの,・・・・・・１またはそれ以上の遊離水酸基をもつもの［２］
uploaded,タイトル変更,C07D 303/27,C07D 303/27,・・・・・・すべての水酸基がオキシランをもつ化合物でエーテル化されたもの,・・・・・・すべての水酸基がオキシランをもつ化合物でエーテル化されたもの［３］
uploaded,タイトル変更,C07D 303/28,C07D 303/28,・・・・オキシラン環を含有するヒドロキシ化合物とのエーテル,・・・・オキシラン環を含有するヒドロキシ化合物とのエーテル［２］
uploaded,タイトル変更,C07D 303/03,C07D 303/03,・・・・・全ての水酸基がオキシラン―含有ヒドロキシ化合物とエーテル化しているオキシラン―含有ポリヒドロキシ化合物とのエーテル,・・・・・全ての水酸基がオキシラン―含有ヒドロキシ化合物とエーテル化しているオキシラン―含有ポリヒドロキシ化合物とのエーテル［２］
uploaded,タイトル変更,C07D 303/31,C07D 303/31,・・・・オキシラン環が３個またはそれ以上の関連する環をもつ炭素環系と縮合しているもの,・・・・オキシラン環が３個またはそれ以上の関連する環をもつ炭素環系と縮合しているもの［３］
uploaded,タイトル変更,C07D 303/32,C07D 303/32,・・・アルデヒドまたはケトン基によるもの,・・・アルデヒドまたはケトン基によるもの［２］
uploaded,タイトル変更,C07D 303/34,C07D 303/34,・・硫黄，セレンまたはテルル原子が置換した炭化水素基をもつもの,・・硫黄，セレンまたはテルル原子が置換した炭化水素基をもつもの［２］
uploaded,タイトル変更,C07D 303/36,C07D 303/36,・・窒素原子が置換した炭化水素基をもつもの（ニトロ，ニトロソ基３０３／０８）,・・窒素原子が置換した炭化水素基をもつもの（ニトロ，ニトロソ基Ｃ０７Ｄ３０３／０８）［２］
uploaded,タイトル変更,C07D 303/38,C07D 303/38,・・異種原子に対する３個の結合をもち，そのうち多くても１個がハロゲンに対する結合である炭素原子，例．エステルまたはニトリル基，で置換された炭化水素基をもつもの,・・異種原子に対する３個の結合をもち，そのうち多くても１個がハロゲンに対する結合である炭素原子，例．エステルまたはニトリル基，で置換された炭化水素基をもつもの［２］
uploaded,タイトル変更,C07D 303/04,C07D 303/04,・・・エステル基によるもの,・・・エステル基によるもの［２］
uploaded,タイトル変更,C07D 303/42,C07D 303/42,・・・・７個またはそれ以上の炭素鎖をもつ非環式化合物，例．エポキシ化油脂,・・・・７個またはそれ以上の炭素鎖をもつ非環式化合物，例．エポキシ化油脂［２］
uploaded,タイトル変更,C07D 303/44,C07D 303/44,・・・・オキシラン含有ヒドロキシ化合物でエステル化されたもの,・・・・オキシラン含有ヒドロキシ化合物でエステル化されたもの［２］
uploaded,タイトル変更,C07D 303/46,C07D 303/46,・・・アミドまたはニトリル基,・・・アミドまたはニトリル基［２］
uploaded,タイトル変更,C07D 303/48,C07D 303/48,・・異種原子，または異種原子に対する３個の結合をもちそのうち多くても１個がハロゲンに対する結合である炭素原子が環の炭素原子に直接結合したもの，例．エステル，ニトリル基,・・異種原子，または異種原子に対する３個の結合をもちそのうち多くても１個がハロゲンに対する結合である炭素原子が環の炭素原子に直接結合したもの，例．エステル，ニトリル基［３］
uploaded,タイトル変更,C08B 3/08,C08B 3/08,・炭素数３以上の一塩基性有機酸,・炭素数３以上の一塩基性有機酸の
uploaded,タイトル変更,C08B 3/12,C08B 3/12,・多塩基性酸,・多塩基性酸の
uploaded,タイトル変更,C08B 3/14,C08B 3/14,・置換基，例．ＮＨ↓２，Ｃｌ，含有有機酸,・有機酸残基に置換基，例．ＮＨ↓２またはＣｌ，を有する有機酸の
uploaded,タイトル変更,C08B 3/02,C08B 3/02,・セルロースの繊維構造を保持したままのエステル化,・セルロースの繊維構造を保持したままのエステル化（繊維製品の表面エステル化Ｄ０６Ｍ１３／００）
uploaded,タイトル変更,C08B 3/22,C08B 3/22,・精製を含む，後エステル化処理,・精製を含む，エステル化の後処理
uploaded,タイトル変更,C08B 3/24,C08B 3/24,・・加水分解または熟成,・・加水分解または老成
uploaded,タイトル変更,C08B 3/03,C08B 3/03,・・安定化,・・安定化（安定化剤の添加によるものＣ０８Ｋ）
uploaded,タイトル変更,C08B 5/04,C08B 5/04,・・精製を含む，後エステル化処理,・・精製を含む，エステル化の後処理
uploaded,タイトル変更,C08B 5/08,C08B 5/08,・・・安定化,・・・安定化（安定化剤の添加によるものＣ０８Ｋ）
uploaded,タイトル変更,C08B 11/18,C08B 11/18,・・置換炭化水素基を持つもの,・・置換炭化水素基をもつもの
uploaded,タイトル変更,C08B 11/02,C08B 11/02,・後エーテル化処理精製を含む,・精製を含む，エーテル化の後処理
uploaded,タイトル変更,C08B 30/02,C08B 30/02,・予備処理，例．原料の粉砕［４］,・予備処理，例．原料の粉砕（予備洗浄のための装置Ａ２３Ｎ）［４］
uploaded,タイトル変更,C08B 30/01,C08B 30/01,・でん粉を抽出した材料からの脱水を包含する，でん粉抽出物からの残留物の取出し［４］,・でん粉を抽出した材料からの脱水を包含する，でん粉抽出物からの残留物の取り出し［４］
uploaded,タイトル変更,C08B 31/14,C08B 31/14,・・アリールまたはアルアルキルエーテル［２］,・・アリールまたはアラルキルエーテル［２］
uploaded,タイトル変更,C08B 37/00 J,C08B 37/00 J,・Ｃ，Ｏ，Ｈ含有基の導入,・Ｃ，ＯまたはＨを含有する基の導入
uploaded,タイトル変更,C08B 37/04,C08B 37/04,・アルギン酸；その誘導体［２］,・アルギン酸；その誘導体（食品の調製Ａ２３Ｌ１／０５）［２］
uploaded,タイトル変更,C08B 37/08 A,C08B 37/08 A,キチン類,キチンまたはその誘導体；キトサンまたはその誘導体
uploaded,タイトル変更,C08B 37/08 Z,C08B 37/08 Z,その他のもの〔←ヒアルロン酸〕,その他のもの，例．ヒアルロン酸またはその誘導体
uploaded,タイトル変更,C08B 37/12 A,C08B 37/12 A,アガロ－ス,アガロースまたはその誘導体
uploaded,タイトル変更,C08B 37/12 Z,C08B 37/12 Z,その他のもの〔←寒天〕,その他のもの，例．寒天またはその誘導体
uploaded,タイトル変更,C09D 171/00,C09D 171/00,主鎖にエーテル結合を形成する反応によって得られるポリエーテルに基づくコーティング組成物（ポリアセタール基づくものＣ０９Ｄ１５９／００；エボキシ樹脂に基づくものＣ０９Ｄ１６３／００；ポリチオエーテル―エーテルに基づくものＣ０９Ｄ１８１／０２；ポリエーテルスルホンに基づくものＣ０９Ｄ１８１／０６）；これらの重合体の誘導体に基づくコーティング組成物［５］,主鎖にエーテル結合を形成する反応によって得られるポリエーテルに基づくコーティング組成物（ポリアセタールに基づくものＣ０９Ｄ１５９／００；エボキシ樹脂に基づくものＣ０９Ｄ１６３／００；ポリチオエーテル―エーテルに基づくものＣ０９Ｄ１８１／０２；ポリエーテルスルホンに基づくものＣ０９Ｄ１８１／０６）；これらの重合体の誘導体に基づくコーティング組成物［５］
uploaded,タイトル変更,C09K 5/00,C09K 5/00,伝熱用物質または燃焼以外で温度差を発生させる物質「２」,伝熱，熱交換または蓄熱用物質，例．冷媒；燃焼以外の化学反応によって熱または冷気を発生させるための物質［２］
uploaded,タイトル変更,C09K 5/02,C09K 5/02,・物理的状態変化に伴なう熱効果「２」,・使用時に物理的状態の変化を伴う物質（Ｃ０９Ｋ５／１６，Ｃ０９Ｋ５／２０が優先）［２］
uploaded,タイトル変更,C09K 5/04,C09K 5/04,・・液体から気体またはその逆の状態変化によるもの「２」,・・液体から気体またはその逆の状態変化によるもの［２］
uploaded,タイトル変更,C09K 5/06,C09K 5/06,・・液体から固体またはその逆の状態変化によるもの「２」,・・液体から固体またはその逆の状態変化によるもの［２］
uploaded,タイトル変更,C22B 3/00,C22B 3/00,湿式による鉱石からの金属化合物の抽出,湿式による鉱石または濃縮物からの金属化合物の抽出［５］
uploaded,タイトル変更,C22B 9/00,C22B 9/00,金属の精製または再溶融の一般的方法,金属の精製または再溶解の一般的方法；金属のエレクトロスラグまたはアーク再溶融のための装置
uploaded,タイトル変更,C22B 9/02,C22B 9/02,・溶離，ろ過，遠心分離，蒸留，または超音波作用による精製,・溶離，ろ過，遠心分離，蒸留または超音波作用による精製
uploaded,タイトル変更,C22B 9/04,C22B 9/04,・真空利用による精製,・真空利用による精製［３］
uploaded,タイトル変更,C22B 9/05,C22B 9/05,・ガスによる処理，例．ガスフラッシュ法，による精製,・ガスによる処理，例．ガスフラッシュ法，による精製［３］
uploaded,タイトル変更,C22B 9/01,C22B 9/01,・精製剤または溶剤を用いるもの，そのための材料の用途（９／１８が優先）,・精製剤または溶剤を用いるもの；そのための材料の使用（Ｃ２２Ｂ９／１８が優先）［３］
uploaded,タイトル変更,C22B 9/01 101,C22B 9/01 101,・・溶剤，精製剤,・・精製剤または溶剤の材料自体に特徴があるもの
uploaded,タイトル変更,C22B 9/01 102,C22B 9/01 102,・・溶剤，精製剤の添加方法，装置,・・精製剤または溶剤の添加方法；装置
uploaded,タイトル変更,C22B 9/16,C22B 9/16,・金属の再溶融（溶離９／０２）,・金属の再溶融（溶離Ｃ２２Ｂ９／０２）［３］
uploaded,タイトル変更,C22B 9/18,C22B 9/18,・・エレクトロスラグ再溶融,・・エレクトロスラグ再溶融［３］
uploaded,タイトル変更,C22B 9/18 F,C22B 9/18 F,スラグ,スラグの組成に特徴があるもの
uploaded,タイトル変更,C22B 9/02,C22B 9/02,・・アーク再溶融,・・アーク再溶融［３］
uploaded,タイトル変更,C22B 9/22,C22B 9/22,・・波動エネルギーまたは粒子放射による加熱によるもの,・・波動エネルギーまたは粒子放射による加熱によるもの［３］
uploaded,タイトル変更,C23F 13/00 Z,C23F 13/00 Z,その他,その他のもの
uploaded,タイトル変更,C23F 13/02,C23F 13/02,・陰極によるもの,・陰極保護によるもの；陰極保護のための条件，変数または手順の選択，例．電気的条件［５］
uploaded,タイトル変更,D06M 15/00,D06M 15/00,繊維，より糸，糸，織物またはこのような材料から製造された繊維製品の少なくとも後の機械的処理の間，処理された製品中に残る高分子量の有機化合物による処理，例．仕上げ，防護,繊維，より糸，糸，織物またはこのような材料から製造された繊維製品の高分子化合物による処理；機械的処理と組み合わせられたこのような処理（Ｄ０６Ｍ１０／００，Ｄ０６Ｍ１４／００が優先）［５］
uploaded,タイトル変更,D06M 15/01,D06M 15/01,・天然高分子化合物またはその誘導体によるもの（天然ゴムまたはその誘導体によるもの１５／６９３）,・天然高分子化合物またはその誘導体によるもの（天然ゴムまたはその誘導体によるものＤ０６Ｍ１５／６９３）［４］
uploaded,タイトル変更,D06M 15/03,D06M 15/03,・・多糖類またはその誘導体,・・多糖類またはその誘導体［４］
uploaded,タイトル変更,D06M 15/05,D06M 15/05,・・・セルロースまたはその誘導体,・・・セルロースまたはその誘導体［４］
uploaded,タイトル変更,D06M 15/07,D06M 15/07,・・・・セルロースエステル,・・・・セルロースエステル［４］
uploaded,タイトル変更,D06M 15/09,D06M 15/09,・・・・セルロースエーテル,・・・・セルロースエーテル［４］
uploaded,タイトル変更,D06M 15/11,D06M 15/11,・・・でん粉またはその誘導体,・・・でん粉またはその誘導体［４］
uploaded,タイトル変更,D06M 15/13,D06M 15/13,・・・アルギン酸またはその誘導体,・・・アルギン酸またはその誘導体［４］
uploaded,タイトル変更,D06M 15/15,D06M 15/15,・・蛋白質またはその誘導体,・・蛋白質またはその誘導体［４］
uploaded,タイトル変更,D06M 15/17,D06M 15/17,・・天然樹脂またはその誘導体,・・天然樹脂，樹脂アルコール，樹脂酸またはその誘導体［４，５］
uploaded,タイトル変更,D06M 15/19,D06M 15/19,・合成高分子化合物によるもの（合成ゴムによるもの１５／６９３）,・合成高分子化合物によるもの（合成ゴムによるものＤ０６Ｍ１５／６９３）［４］
uploaded,タイトル変更,D06M 15/21,D06M 15/21,・・炭素―炭素不飽和結合のみが関与する反応によって得られる高分子化合物,・・炭素―炭素不飽和結合のみが関与する反応によって得られる高分子化合物［４］
uploaded,タイトル変更,D06M 15/227,D06M 15/227,・・・炭化水素の,・・・炭化水素の，またはその反応生成物の，例．後ハロゲン化されたまたはスルホ塩素化されたもの［４］
uploaded,タイトル変更,D06M 15/233,D06M 15/233,・・・・芳香族，例．スチレン,・・・・芳香族，例．スチレン［４］
uploaded,タイトル変更,D06M 15/244,D06M 15/244,・・・ハロゲン化炭化水素の,・・・ハロゲン化炭化水素の（後ハロゲン化された炭化水素Ｄ０６Ｍ１５／２２７）［４］
uploaded,タイトル変更,D06M 15/248,D06M 15/248,・・・・塩素を含有するもの,・・・・塩素を含有するもの［４］
uploaded,タイトル変更,D06M 15/252,D06M 15/252,・・・・臭素を含有するもの,・・・・臭素を含有するもの［４］
uploaded,タイトル変更,D06M 15/256,D06M 15/256,・・・・ふっ素を含有するもの,・・・・ふっ素を含有するもの［４］
uploaded,タイトル変更,D06M 15/263,D06M 15/263,・・・不飽和カルボン酸の；その塩またはエステル,・・・不飽和カルボン酸の；その塩またはエステル［４］
uploaded,タイトル変更,D06M 15/267,D06M 15/267,・・・・アミノ基または第４級アンモニウム基をもつ不飽和カルボン酸エステルの,・・・・アミノ基または第４級アンモニウム基をもつ不飽和カルボン酸エステルの［４］
uploaded,タイトル変更,D06M 15/27,D06M 15/27,・・・・不飽和カルボン酸のアルキルポリアルキレングリコールエステルの,・・・・不飽和カルボン酸のアルキルポリアルキレングリコールエステルの［４］
uploaded,タイトル変更,D06M 15/273,D06M 15/273,・・・・エポキシ基をもつ不飽和カルボン酸エステルの,・・・・エポキシ基をもつ不飽和カルボン酸エステルの［４］
uploaded,タイトル変更,D06M 15/277,D06M 15/277,・・・・ふっ素を含有するもの,・・・・ふっ素を含有するもの［４］
uploaded,タイトル変更,D06M 15/285,D06M 15/285,・・・不飽和カルボン酸アミドまたはイミドの,・・・不飽和カルボン酸アミドまたはイミドの［４］
uploaded,タイトル変更,D06M 15/29,D06M 15/29,・・・・Ｎ―メチロール基またはエーテル化されたＮ―メチロール基を含有するもの,・・・・Ｎ―メチロール基またはエーテル化されたＮ―メチロール基を含むもの；Ｎ―アミノメチレン基を含むもの；Ｎ―スルフィドメチレン基を含むもの［４，５］
uploaded,タイトル変更,D06M 15/295,D06M 15/295,・・・・ふっ素を含有するもの,・・・・ふっ素を含有するもの［４］
uploaded,タイトル変更,D06M 15/31,D06M 15/31,・・・不飽和ニトリルの,・・・不飽和ニトリルの［４］
uploaded,タイトル変更,D06M 15/327,D06M 15/327,・・・不飽和アルコールまたはそのエステルの,・・・不飽和アルコールまたはそのエステルの［４］
uploaded,タイトル変更,D06M 15/333,D06M 15/333,・・・・酢酸ビニルの；ポリビニルアルコール,・・・・酢酸ビニルの；ポリビニルアルコール［４］
uploaded,タイトル変更,D06M 15/347,D06M 15/347,・・・不飽和エーテルの,・・・不飽和のエーテル，アセタール，ヘミアセタール，ケトンまたはアルデヒドの［４，５］
uploaded,タイトル変更,D06M 15/353,D06M 15/353,・・・・ふっ素を含有するもの,・・・・ふっ素を含有するもの［４］
uploaded,タイトル変更,D06M 15/37,D06M 15/37,・・炭素―炭素不飽和結合のみが関与する反応以外の反応によって得られる高分子化合物,・・炭素―炭素不飽和結合のみが関与する反応以外の反応によって得られる高分子化合物［４］
uploaded,タイトル変更,D06M 15/39,D06M 15/39,・・・アルデヒド樹脂；ケトン樹脂,・・・アルデヒド樹脂；ケトン樹脂；ポリアセタール［４］
uploaded,タイトル変更,D06M 15/41,D06M 15/41,・・・・フェノールーアルデヒド樹脂またはその初期縮合物,・・・・フェノールアルデヒドまたはフェノールケトン樹脂［４，５］
uploaded,タイトル変更,D06M 15/423,D06M 15/423,・・・・アミノーアルデヒド樹脂またはその初期縮合物,・・・・アミノアルデヒド樹脂［４，５］
uploaded,タイトル変更,D06M 15/427,D06M 15/427,・・・・・アルコキシル化された化合物によってまたはアルキレンオキシドによって変性されたもの,・・・・・アルコキシル化された化合物によってまたはアルキレンオキシドによって変性されたもの［４］
uploaded,タイトル変更,D06M 15/43,D06M 15/43,・・・・・りん化合物によって変性されたもの,・・・・・りん化合物によって変性されたもの［４］
uploaded,タイトル変更,D06M 15/433,D06M 15/433,・・・・・・りん酸によるもの,・・・・・・りん酸によるもの［４］
uploaded,タイトル変更,D06M 15/437,D06M 15/437,・・・・・ふっ素を含有するもの,・・・・・ふっ素を含有するもの［４］
uploaded,タイトル変更,D06M 15/45,D06M 15/45,・・・・・特別な触媒の使用,・・・・・特別な触媒の使用［４］
uploaded,タイトル変更,D06M 15/507,D06M 15/507,・・・ポリエステル,・・・ポリエステル［４］
uploaded,タイトル変更,D06M 15/513,D06M 15/513,・・・・ポリカーボネート,・・・・ポリカーボネート［４］
uploaded,タイトル変更,D06M 15/53,D06M 15/53,・・・ポリエーテル（ポリアセタール１５／３９）,・・・ポリエーテル（ポリアセタールＤ０６Ｍ１５／３９）［４］
uploaded,タイトル変更,D06M 15/55,D06M 15/55,・・・エポキシ樹脂,・・・エポキシ樹脂［４］
uploaded,タイトル変更,D06M 15/564,D06M 15/564,・・・ポリ尿素，ポリウレタンまたはウレイドまたはウレタン連結基をもつ他の重合体；その初期縮合物,・・・ポリ尿素，ポリウレタンまたはウレイドまたはウレタン連結基をもつ他の重合体；その初期縮合物［４］
uploaded,タイトル変更,D06M 15/568,D06M 15/568,・・・・イソシアネートとポリエーテルとの反応生成物,・・・・イソシアネートとポリエーテルとの反応生成物［４］
uploaded,タイトル変更,D06M 15/572,D06M 15/572,・・・・イソシアネートとポリエステルまたはポリエステルアミドとの反応生成物,・・・・イソシアネートとポリエステルまたはポリエステルアミドとの反応生成物［４］
uploaded,タイトル変更,D06M 15/576,D06M 15/576,・・・・ふっ素を含有するもの,・・・・ふっ素を含有するもの［４］
uploaded,タイトル変更,D06M 15/59,D06M 15/59,・・・ポリアミド,・・・ポリアミド；ポリイミド［４，５］
uploaded,タイトル変更,D06M 15/61,D06M 15/61,・・・ポリアミン,・・・ポリアミン［４］
uploaded,タイトル変更,D06M 15/63,D06M 15/63,・・・主鎖にいおうを含有するもの，例．ポリスルホン,・・・主鎖に硫黄を含有するもの，例．ポリスルホン［４］
uploaded,タイトル変更,D06M 15/643,D06M 15/643,・・・主鎖にけい素を含有するもの,・・・主鎖にけい素を含有するもの［４］
uploaded,タイトル変更,D06M 15/647,D06M 15/647,・・・・ポリエーテル連鎖を含有するもの,・・・・ポリエーテル連鎖を含有するもの［４］
uploaded,タイトル変更,D06M 15/65,D06M 15/65,・・・・エポキシ基を含有するもの,・・・・エポキシ基を含有するもの［４］
uploaded,タイトル変更,D06M 15/653,D06M 15/653,・・・・イソシアネート化合物によって変性されたもの,・・・・イソシアネート化合物によって変性されたもの［４］
uploaded,タイトル変更,D06M 15/657,D06M 15/657,・・・・ふっ素を含有するもの,・・・・ふっ素を含有するもの［４］
uploaded,タイトル変更,D06M 15/667,D06M 15/667,・・・主鎖にりんを含有するもの,・・・主鎖にりんを含有するもの［４］
uploaded,タイトル変更,D06M 15/673,D06M 15/673,・・・・主鎖にりんおよび窒素を含有するもの,・・・・主鎖にりんおよび窒素を含有するもの［４］
uploaded,タイトル変更,D06M 15/687,D06M 15/687,・・・主鎖にりん，けい素，いおう，窒素，酸素または炭素以外の原子を含有するもの,・・・主鎖にりん，けい素，硫黄，窒素，酸素または炭素以外の原子を含有するもの［４］
uploaded,タイトル変更,D06M 15/693,D06M 15/693,・天然または合成ゴム，またはその誘導体によるもの,・天然または合成ゴム，またはその誘導体によるもの［４］
uploaded,タイトル変更,E04B 1/24 L,E04B 1/24 L,・・・形鋼と鋼管〔例．Ｈ形鋼の梁と角型断面柱，，Ｈ型大梁と鉄骨ボツクス柱〕,・・・形鋼と鋼管〔例．Ｈ形鋼の梁と角型断面柱，Ｈ型大梁と鉄骨ボツクス柱〕
uploaded,タイトル変更,E05F 15/00,E05F 15/00,ウィング用動力操作機構,ウィング用動力操作機構（ウィングの閉止動作の完了または開放動作の始動のための錠の電動付属品Ｅ０５Ｂ１７／００）［１，２０１５．０１］
uploaded,タイトル変更,E06B 11/00 A,E06B 11/00 A,門ユニツト,門ユニット
uploaded,タイトル変更,E06B 11/02 B,E06B 11/02 B,一種類のみの移動方法をもつもの,・一種類のみの移動方法をもつもの
uploaded,タイトル変更,E06B 11/02 C,E06B 11/02 C,伸縮するもの,・・伸縮するもの
uploaded,タイトル変更,E06B 11/02 D,E06B 11/02 D,鉛直面内にレ－ジトング機構を有するもの,・・・鉛直面内にレージトング機構を有するもの
uploaded,タイトル変更,E06B 11/02 E,E06B 11/02 E,キヤスタ－，レ－ル又は車輪に特徴のあるもの,・・・・キャスター，レール又は車輪に特徴のあるもの
uploaded,タイトル変更,E06B 11/02 F,E06B 11/02 F,水平面内にレ－ジトング機構を有するもの,・・・水平面内にレージトング機構を有するもの
uploaded,タイトル変更,E06B 11/02 G,E06B 11/02 G,キヤスタ－，レ－ル又は車輪に特徴のあるもの,・・・・キャスター，レール又は車輪に特徴のあるもの
uploaded,タイトル変更,E06B 11/02 H,E06B 11/02 H,鉛直面内と水平面内のいずれにもレ－ジトング機構を有するもの,・・・鉛直面内と水平面内のいずれにもレージトング機構を有するもの
uploaded,タイトル変更,E06B 11/02 J,E06B 11/02 J,滑動するもの〔例．引戸式連続門扉〕,・・滑動するもの，例．引戸式連続門扉
uploaded,タイトル変更,E06B 11/02 K,E06B 11/02 K,揺動するもの,・・揺動するもの
uploaded,タイトル変更,E06B 11/02 L,E06B 11/02 L,折りたたみできるもの,・・折りたたみできるもの
uploaded,タイトル変更,E06B 11/02 M,E06B 11/02 M,上下方向に開閉するもの,・・上下方向に開閉するもの
uploaded,タイトル変更,E06B 11/02 N,E06B 11/02 N,二種類以上の移動方法をもつもの,・二種類以上の移動方法をもつもの
uploaded,タイトル変更,E06B 11/02 Q,E06B 11/02 Q,門柱,・門柱
uploaded,タイトル変更,E06B 11/02 R,E06B 11/02 R,門扉板,・門扉板
uploaded,タイトル変更,F01D 5/00,F01D 5/00,ブレード；ブレード支持部材（ノズル箱９／０２）；ブレード等に装着した加熱，断熱，冷却または振動防止手段,ブレード；ブレード支持部材（ノズル箱Ｆ０１Ｄ９／０２）；ブレード等に装着した加熱，断熱，冷却または振動防止手段
uploaded,タイトル変更,F01D 5/02,F01D 5/02,・ブレード支持部材，例．ロータ（無ブレード形ロータ１／３４；ステータ９／００）,・ブレード支持部材，例．ロータ（無ブレード形ロータＦ０１Ｄ１／３４；ステータＦ０１Ｄ９／００）
uploaded,タイトル変更,F01D 5/06,F01D 5/06,・・２軸段以上のロータ，例．ドラムまたは多重デイスク形；それらの細部，例．軸，軸継手,・・２軸段以上のロータ，例．ドラムまたは多重ディスク形；それらの細部，例．軸，軸継手
uploaded,タイトル変更,F01D 5/08,F01D 5/08,・・加熱，断熱，冷却手段,・・加熱，断熱または冷却手段
uploaded,タイトル変更,F01D 5/12,F01D 5/12,・ブレード（ブレードの根部分５／３０；作動時の調整可能なブレードをもつロータ７／００；静止羽根９／０２）,・ブレード（ブレードの根部分Ｆ０１Ｄ５／３０；作動時の調整可能なブレードをもつロータＦ０１Ｄ７／００；静止羽根Ｆ０１Ｄ９／０２）
uploaded,タイトル変更,F01D 5/14,F01D 5/14,・・形状または構造（腐食，侵食に対処するための材質と手段の選定５／２８）,・・形状または構造（腐食または侵食に対処するための材質または手段の選定Ｆ０１Ｄ５／２８）
uploaded,タイトル変更,F01D 5/18,F01D 5/18,・・・中空ブレード；ブレードの加熱，断熱，冷却手段,・・・中空ブレード；ブレードの加熱，断熱または冷却手段
uploaded,タイトル変更,F01D 5/24,F01D 5/24,・・・ワイヤ等を用いるもの,・・・ワイヤまたはその類似物を用いるもの
uploaded,タイトル変更,F01D 5/03,F01D 5/03,・ロータへのブレード固着；ブレードの根部分,・ブレードのロータへの固着；ブレードの根部分
uploaded,タイトル変更,F01L 1/02 A,F01L 1/02 A,タペット又は弁棒先端部に隙間調整部材を介在させるもの（シムの交換工具Ｆ０１Ｌ１／４６，調整ネジＦ０１Ｌ１／２０Ｂ,タペット又は弁棒先端部に隙間調整部材を介在させるもの（シムの交換工具Ｆ０１Ｌ１／４６，調整ネジＦ０１Ｌ１／２０Ｂ）
uploaded,タイトル変更,F02B 37/00,F02B 37/00,排気により少くなくとも一時期駆動されるポンプをもつ機関（ポンプから機関吸入口へ給気を導入する通路３３／４４）,排気により少くなくとも一時期駆動されるポンプの装備に特徴のある機関（補助流体の利用によるシリンダ内へ液体燃料の供給に特徴のあるものＦ０２Ｂ１３／００；後給気することに特徴のあるものＦ０２Ｂ２９／０６；ポンプから機関吸入口へ給気を導入する通路に特徴のあるものＦ０２Ｂ３３／４４）
uploaded,タイトル変更,F02B 37/00 301,F02B 37/00 301,・排気により駆動されるポンプ,・排気駆動部及び排気駆動ポンプをもつ装置
uploaded,タイトル変更,F02B 37/00 301 F,F02B 37/00 301 F,コンプレツサ前の通路〔通路に特徴があるもの〕〔例．吸入空気整流具〕,コンプレッサ前の通路に特徴のあるもの，例．吸入空気整流具
uploaded,タイトル変更,F02B 37/00 301 G,F02B 37/00 301 G,タ－ビン後の通路〔通路に特徴があるもの〕,タービン後の通路に特徴のあるもの
uploaded,タイトル変更,F02B 37/00 301 H,F02B 37/00 301 H,配置・取付,配置又は取付
uploaded,タイトル変更,F02B 37/00 302,F02B 37/00 302,・排気により駆動されるポンプに関連する他の装置,・排気駆動部及び排気駆動ポンプをもつ装置に関連する他の装置
uploaded,タイトル変更,F02B 37/00 302 B,F02B 37/00 302 B,排熱利用・補機駆動,排熱を利用するもの又は補機を駆動するもの
uploaded,タイトル変更,F02B 37/00 302 C,F02B 37/00 302 C,・タ－ボコンパウンド〔Ｆ０２Ｂ４１／１０が優先〕,・ターボコンパウンド（給気用に排気タービンを利用しないものＦ０２Ｂ４１／１０）
uploaded,タイトル変更,F02B 37/00 302 G,F02B 37/00 302 G,燃料・点火と関係するもの,燃料又は点火と関係するもの
uploaded,タイトル変更,F02B 37/02 G,F02B 37/02 G,配置・取付,配置又は取付
uploaded,タイトル変更,F02B 37/02 H,F02B 37/02 H,グル－プに分けた排気管,グループに分けた排気管
uploaded,タイトル変更,F02B 37/04 C,F02B 37/04 C,・駆動手段がモ－タのもの,・駆動手段がモータのもの
uploaded,タイトル変更,F02B 37/04 D,F02B 37/04 D,他の過給機がクランクケ－スポンプ式のもの,他の過給機がクランクケースポンプ式のもの
uploaded,タイトル変更,F02B 37/01,F02B 37/01,・・少くとも１個のポンプが排気とその他の駆動手段とにより交代的に駆動されるもの,・・少くとも１個のポンプが排気とその他の駆動手段とにより交代的に駆動されるもの［３］
uploaded,タイトル変更,F02B 37/01 A,F02B 37/01 A,他の駆動がタ－ビン又はブロアの羽根，軸に空気又は油を噴射するもの,他の駆動がタービン又はブロアの羽根又は軸に空気又は油を噴射するもの
uploaded,タイトル変更,F02B 37/12,F02B 37/12,・ポンプの制御,・ポンプの制御［３］
uploaded,タイトル変更,F02B 37/12 302 D,F02B 37/12 302 D,低負荷〔アイドリング〕,アイドリング又は低負荷
uploaded,タイトル変更,F02B 37/14,F02B 37/14,・・排気によるポンプの駆動とその他の駆動手段との切り換えに関するもの，例．速度によるもの,・・排気によるポンプの駆動とその他の駆動手段との切り換えに関するもの，例．速度によるもの［３］
uploaded,タイトル変更,F02M 23/00,F02M 23/00,燃料―空気混合気に２次空気を加える装置燃焼空気，燃料または燃料―空気混合気に添加物を供給する，または機関への吸入以前にそれらを処理するための機関に関連する装置,燃料―空気混合気に２次空気を加える装置
uploaded,タイトル変更,F02M 23/03,F02M 23/03,・・主燃焼空気の絞りにより制御される２次空気弁をもつもの,・・主燃焼空気の絞りにより制御される２次空気弁をもつもの［５］
uploaded,タイトル変更,F02M 23/08 C,F02M 23/08 C,・エンジンブレ－キ時に作動するもの,・エンジンブレーキ時に作動するもの
uploaded,タイトル変更,F02M 25/07 510,F02M 25/07 510,・・・排気ガス再循環によつてＮｏｘの排出を低減させる装置,・・・排気ガス再循環によつてＮＯｘの排出を低減させる装置
uploaded,タイトル変更,F02M 25/07 570 L,F02M 25/07 570 L,・・特殊な型式のデイ－ゼン機関におけるもの,・・特殊な型式のデイ－ゼル機関におけるもの
uploaded,タイトル変更,F02M 25/07 A,F02M 25/07 A,排気ガスを加えるものであつて、ＮＯＸ低減に限定されないもの,排気ガスを加えるものであつて、ＮＯｘ低減に限定されないもの
uploaded,タイトル変更,F04B 1/00,F04B 1/00,シリンダの数または配列に特徴のある多シリンダ機械またはポンプ（３／００が優先；流体駆動ポンプ９／０８）,シリンダの数または配列に特徴のある多シリンダ機械またはポンプ（Ｆ０４Ｂ３／００が優先；流体駆動ポンプＦ０４Ｂ９／０８；往復動機械またはポンプの制御一般Ｆ０４Ｂ４９／００）
uploaded,タイトル変更,F04B 1/02,F04B 1/02,・２つのシリンダを有するもの（Ｖ形配列のもの１／０４）,・２つのシリンダを有するもの（Ｖ形配列のものＦ０４Ｂ１／０４）
uploaded,タイトル変更,F04B 1/04,F04B 1/04,・Ｖ形，星形，ファン形配列のシリンダを有するもの,・星形またはファン形配列のシリンダを有するもの［６］
uploaded,タイトル変更,F04B 1/06,F04B 1/06,・・制御（往復動機械またはポンプの制御一般４９／００）,・・制御
uploaded,タイトル変更,F04B 1/01,F04B 1/01,・可動シリンダ，例．回転形,・・可動シリンダ，例．回転形［６］
uploaded,タイトル変更,F04B 1/26,F04B 1/26,・・制御（往復動機械またはポンプの制御一般４９／００）,・・制御
uploaded,タイトル変更,F04B 9/00,F04B 9/00,作動部材の駆動手段または作動部材によって駆動される装置に特徴のある機械またはポンプ（伝動それ自体Ｆ１６Ｈ）,作動部材の駆動手段または作動部材によって駆動される手段に特徴のある機械またはポンプ
uploaded,タイトル変更,F04B 9/00 A,F04B 9/00 A,電気，磁気的駆動手段一般〔ソレノイドを用いるもの１７／０４〕,電気，磁気的駆動手段（ソレノイドを用いるものＦ０４Ｂ１７／０４）
uploaded,タイトル変更,F04B 9/00 B,F04B 9/00 B,・物性を利用する駆動手段一般、例．圧電素子,・物性を利用する駆動手段，例．圧電素子
uploaded,タイトル変更,F04B 9/02 C,F04B 9/02 C,・回転運動→往復運動変換部,・回転運動から往復運動に変換を行う変換部
uploaded,タイトル変更,F04B 9/04,F04B 9/04,・・カム，偏心器，ピンスロット機構の装置（主軸に対して同軸または平行または傾斜したシリンダ軸線を有するもの１／１２）,・・カム，偏心器，ピンスロット機構の装置（主軸に対して同軸または平行または傾斜したシリンダ軸線を有するものＦ０４Ｂ１／１２）
uploaded,タイトル変更,F04B 9/04 D,F04B 9/04 D,・カム面に複数のカムフオロアをもつもの〔Ｃが優先〕,・カム面に複数のカムフォロアをもつもの（Ｆ０４Ｂ９／０４Ｃ優先）
uploaded,タイトル変更,F04B 9/08 F,F04B 9/08 F,駆動用部材の両側が，駆動用の加圧室のもの,駆動用部材の両側が駆動用の加圧室のもの
uploaded,タイトル変更,F04B 9/08 G,F04B 9/08 G,駆動用部材の片側のみに，駆動用の加圧室を有するもの,駆動用部材の片側のみに駆動用の加圧室を有するもの
uploaded,タイトル変更,F04B 9/12,F04B 9/12,・・流体が圧縮性のもの，例．蒸気,・・流体が圧縮性のもの，例．蒸気または空気
uploaded,タイトル変更,F04B 27/00,F04B 27/00,シリンダの数または配列に特徴のある多シリンダポンプ（２５／００が優先）,特に圧縮性流体のための，シリンダの数または配列に特徴のある多シリンダポンプ（Ｆ０４Ｂ２５／００が優先；往復運動機械またはポンプの制御一般Ｆ０４Ｂ４９／００）
uploaded,タイトル変更,F04B 27/02 F,F04B 27/02 F,・カム・クランク等を用いた駆動部,・駆動部，例．カムまたはクランクを用いたもの
uploaded,タイトル変更,F04B 27/02 J,F04B 27/02 J,・吸込部・吐出部,・吸込部または吐出部
uploaded,タイトル変更,F04B 27/02 K,F04B 27/02 K,潤滑，冷却,潤滑または冷却
uploaded,タイトル変更,F04B 27/04,F04B 27/04,・Ｖ形，ファン形または星形配列のシリンダを有するもの,・ファン形または星形配列のシリンダを有するもの［６］
uploaded,タイトル変更,F04B 27/04 F,F04B 27/04 F,・カム・クランク等を用いた駆動部,・駆動部，例．カムまたはクランクを用いたもの
uploaded,タイトル変更,F04B 27/04 J,F04B 27/04 J,・吸込部・吐出部,・吸込部または吐出部
uploaded,タイトル変更,F04B 27/04 K,F04B 27/04 K,潤滑，冷却,潤滑または冷却
uploaded,タイトル変更,F04B 49/00,F04B 49/00,グループ１／００から４７／００に分類されない，または上記グループにはない注目すべき，機械，ポンプまたはポンプ装置の制御または安全手段,グループＦ０４Ｂ１／００～Ｆ０４Ｂ４７／００に分類されない，または上記グループにはない注目すべき，機械，ポンプまたはポンプ装置の制御または安全手段
uploaded,タイトル変更,F04B 49/00 A,F04B 49/00 A,駆動源としてエンジンを用いるもの〔流体的手段を用いるものを除く〕,駆動源としてエンジンを用いるもの
uploaded,タイトル変更,F04B 49/02,F04B 49/02,・停止，始動，無負荷または空転の制御,・停止，始動，無負荷または空転の制御（電気的に制御されるものＦ０４Ｂ４９／０６）［６］
uploaded,タイトル変更,F04B 49/02 311,F04B 49/02 311,・・液体用または液体および圧縮性流体用のもの（容量制御４９／００３３１，４９／０６３２１）,・・液体用または液体および圧縮性流体用のもの
uploaded,タイトル変更,F04B 49/02 331,F04B 49/02 331,・・特に圧縮性流体用に適合したもの（容量制御４９／００３６１，４９／０６３４１）,・・特に圧縮性流体用に適合したもの
uploaded,タイトル変更,F04B 49/04,F04B 49/04,・フロートにより調整するもの,・フロートにより調整するもの（Ｆ０４Ｂ４９／０２５が優先）［６］
uploaded,タイトル変更,F04B 49/06,F04B 49/06,・電気を用いる制御（フロートが電気スイッチに働いて調整するもの４９／０４）,・電気を用いる制御（フロートが電気スイッチに働いて調整するものＦ０４Ｂ４９／０４）
uploaded,タイトル変更,F04B 49/06 321 A,F04B 49/06 321 A,回転速度制御〔Ｂが優先〕,回転速度制御（Ｆ０４Ｂ４９／０６，３２１　Ｂ優先）
uploaded,タイトル変更,F04B 49/06 331 Z,F04B 49/06 331 Z,その他のもの〔ドレン抜き等〕,その他のもの
uploaded,タイトル変更,F04B 49/06 341 A,F04B 49/06 341 A,制御方式一般〔プロセス等〕,制御方式
uploaded,タイトル変更,F04B 49/06 341 C,F04B 49/06 341 C,信号・検出部,信号または信号検出部
uploaded,タイトル変更,F04B 49/06 341 H,F04B 49/06 341 H,動力伝達部を制御するもの〔クラツチ〕,動力伝達部を制御するもの
uploaded,タイトル変更,F04B 49/06 341 K,F04B 49/06 341 K,多シリンダポンプの制御〔多気筒〕,多シリンダポンプの制御
uploaded,タイトル変更,F04B 49/01 331 A,F04B 49/01 331 A,電気的なもの〔各種信号の取り込み方，制御方式等の共通事項〕〔液圧縮等〕〔異常判断条件等〕,電気的なもの
uploaded,タイトル変更,F04B 49/01 331 B,F04B 49/01 331 B,・信号の種別〔信号の組合せはここにも付与のこと〕,・信号の種別
uploaded,タイトル変更,F04B 49/01 331 C,F04B 49/01 331 C,・・圧力・流量〔但し，潤滑油圧等は除く〕,・・圧力または流量
uploaded,タイトル変更,F04B 49/01 331 J,F04B 49/01 331 J,・・電気的信号〔Ｆが優先〕,・・電気的信号（Ｆ０４Ｂ４９／１０，３３１　Ｆ　優先）
uploaded,タイトル変更,F04B 49/01 331 M,F04B 49/01 331 M,・・頻度・回数的信号,・・頻度または回数
uploaded,タイトル変更,F04B 49/01 331 N,F04B 49/01 331 N,・表示・警報,・表示または警報
uploaded,タイトル変更,F04B 49/01 331 Q,F04B 49/01 331 Q,・電磁クラツチを制御するもの,・電磁クラッチを制御するもの
uploaded,タイトル変更,F04B 49/01 331 R,F04B 49/01 331 R,・ポンプ・冷媒等の加熱,・加熱
uploaded,タイトル変更,F04C 18/00,F04C 18/00,回転ピストンポンプ（流体リングまたは同様のものをもつもの１９／００；作動流体が１つ以上の往復ピストンにより押しのけられる回転ピストンポンプＦ０４Ｂ）,圧縮性流体に特に適した回転ピストンポンプ（流体リングまたは同様のものをもつものＦ０４Ｃ１９／００；作動流体が１つ以上の往復ピストンにより押しのけられる回転ピストンポンプＦ０４Ｂ）［３］
uploaded,タイトル変更,F04C 18/02,F04C 18/02,・円弧状の係合をなす形式，すなわち．共動部材が並進的な循環運動を行なうもので，そして各部材が同数の歯または歯に相当する部分をもつもの,・円弧状の係合をなす形式，すなわち，共動部材が並進的な循環運動を行なうもので，そして各部材が同数の歯または歯に相当する部分をもつもの［３］
uploaded,タイトル変更,F04C 18/02 311,F04C 18/02 311,・・一組のうず巻状の共動部材がその共動部材間で円弧状の係合を成すもの，例．スクロ－ル圧縮機,・・一組のうず巻状の共動部材がその共動部材間で円弧状の係合を成すもの，例．スクロール圧縮機
uploaded,タイトル変更,F04C 18/02 311 A,F04C 18/02 311 A,スクロ－ル型圧縮機,スクロール型圧縮機
uploaded,タイトル変更,F04C 18/02 311 B,F04C 18/02 311 B,・組立，配置に関するもの,・組立または配置に関するもの
uploaded,タイトル変更,F04C 18/02 311 H,F04C 18/02 311 H,・・旋回スクロ－ル部材が直接支持されたもの,・・旋回スクロール部材が直接支持されたもの
uploaded,タイトル変更,F04C 18/02 311 P,F04C 18/02 311 P,・部品，細部,・部品または細部
uploaded,タイトル変更,F04C 18/02 311 Q,F04C 18/02 311 Q,・・スクロ－ル部材,・・スクロール部材
uploaded,タイトル変更,F04C 18/02 311 R,F04C 18/02 311 R,・・・スクロ－ル部材の製造手段に特徴のあるもの,・・・スクロール部材の製造手段に特徴のあるもの
uploaded,タイトル変更,F04C 18/02 311 S,F04C 18/02 311 S,・・・スクロ－ル部材の構成材料に特徴のあるもの,・・・スクロール部材の構成材料に特徴のあるもの
uploaded,タイトル変更,F04C 18/02 311 T,F04C 18/02 311 T,・・・スクロ－ル部材の先端にシ－ル部材を有するもの,・・・スクロール部材の先端にシール部材を有するもの
uploaded,タイトル変更,F04C 18/02 311 U,F04C 18/02 311 U,・・・吸込側またはラツプ終端側に特徴のあるもの,・・・吸込側またはラップ終端側に特徴のあるもの
uploaded,タイトル変更,F04C 18/02 311 V,F04C 18/02 311 V,・・・吐出側またはラツプ始端側に特徴のあるもの,・・・吐出側またはラップ始端側に特徴のあるもの
uploaded,タイトル変更,F04C 18/02 311 X,F04C 18/02 311 X,・・容量，圧力の制御，調整に関するもので他に分類されないもの,・・容量，圧力の制御または調整に関するもので他に分類されないもの
uploaded,タイトル変更,F04C 18/02 311 Y,F04C 18/02 311 Y,・・潤滑，冷却に関するもので他に分類されないもの,・・潤滑または冷却に関するもので他に分類されないもの
uploaded,タイトル変更,F04C 18/04,F04C 18/04,・・内部軸形式のもの,・・内部軸形式のもの［３］
uploaded,タイトル変更,F04C 18/06,F04C 18/06,・・内部軸形式以外のもの（１８／０６３が優先）,・・内部軸形式以外のもの（Ｆ０４Ｃ１８／０６３が優先）［３］
uploaded,タイトル変更,F04C 18/063,F04C 18/063,・・同心軸上に配置された部材が，その部材間の円周方向の空間を連続的に変化させるもの,・・同心軸上に配置された部材が，その部材間の円周方向の空間を連続的に変化させるもの［３］
uploaded,タイトル変更,F04C 18/067,F04C 18/067,・・・カムとホロワ形式の駆動をするもの,・・・カムとホロワ形式の駆動をするもの［３］
uploaded,タイトル変更,F04C 18/07,F04C 18/07,・・・クランク軸と連接棒形式の駆動をするもの,・・・クランク軸と連接棒形式の駆動をするもの［３］
uploaded,タイトル変更,F04C 18/073,F04C 18/073,・・・つめとつめ車形式の駆動をするもの,・・・つめとつめ車形式の駆動をするもの［３］
uploaded,タイトル変更,F04C 18/077,F04C 18/077,・・・歯車伝動形式の駆動をするもの,・・・歯車伝動形式の駆動をするもの［３］
uploaded,タイトル変更,F04C 18/08,F04C 18/08,・相互にかみ合って係合する形式，すなわち．共動部材の係合状態が歯車伝動と類似のもの,・相互にかみ合って係合する形式，すなわち．共動部材の係合状態が歯車伝動と類似のもの［３］
uploaded,タイトル変更,F04C 18/01,F04C 18/01,・・内部軸形式で外側部材が内側部材よりも多くの歯または歯に相当する部分，例．ローラをもつもの,・・内部軸形式で外側部材が内側部材よりも多くの歯または歯に相当する部分，例．ローラをもつもの［３］
uploaded,タイトル変更,F04C 18/107,F04C 18/107,・・・ら旋形の歯をもつもの,・・・ら旋形の歯をもつもの［３］
uploaded,タイトル変更,F04C 18/113,F04C 18/113,・・・内側部材が外側部材とかみ合うローラをもつもの,・・・内側部材が外側部材とかみ合うローラをもつもの［３］
uploaded,タイトル変更,F04C 18/12,F04C 18/12,・・内部軸形式以外のもの,・・内部軸形式以外のもの［３］
uploaded,タイトル変更,F04C 18/14,F04C 18/14,・・・歯のある回転ピストンをもつもの,・・・歯のある回転ピストンをもつもの［３］
uploaded,タイトル変更,F04C 18/16,F04C 18/16,・・・・ら旋形の歯，例．山形のねじ形のもの，をもつもの,・・・・ら旋形の歯，例．山形のねじ形のもの，をもつもの［３］
uploaded,タイトル変更,F04C 18/16 A,F04C 18/16 A,スクリユ－型圧縮機，送風機,スクリュー型圧縮機または送風機
uploaded,タイトル変更,F04C 18/16 B,F04C 18/16 B,・ロ－タに関するもの,・ロータに関するもの
uploaded,タイトル変更,F04C 18/16 C,F04C 18/16 C,・・歯形に関するもの〔共通事項〕,・・歯形に関するもの
uploaded,タイトル変更,F04C 18/16 D,F04C 18/16 D,・・ロ－タの軸支及び駆動,・・ロータの軸支及び駆動
uploaded,タイトル変更,F04C 18/16 H,F04C 18/16 H,・・・ロ－タの駆動手段,・・・ロータの駆動手段
uploaded,タイトル変更,F04C 18/16 J,F04C 18/16 J,・・・ロ－タの軸支手段,・・・ロータの軸支手段
uploaded,タイトル変更,F04C 18/16 K,F04C 18/16 K,・・主ポ－トに関するもの,・・主ポートに関するもの
uploaded,タイトル変更,F04C 18/16 L,F04C 18/16 L,・・・吸込ポ－トに関するもの,・・・吸込ポートに関するもの
uploaded,タイトル変更,F04C 18/16 M,F04C 18/16 M,・・・吐出ポ－トに関するもの,・・・吐出ポートに関するもの
uploaded,タイトル変更,F04C 18/16 N,F04C 18/16 N,・・副ポ－トを設けたもの,・・副ポートを設けたもの
uploaded,タイトル変更,F04C 18/16 R,F04C 18/16 R,・・ロ－タの材料に関するもの,・・ロータの材料に関するもの
uploaded,タイトル変更,F04C 18/18,F04C 18/18,・・・・同じ形の歯をもつもの（１８／１６が優先）,・・・・同じ形の歯をもつもの（Ｆ０４Ｃ１８／１６が優先）［３］
uploaded,タイトル変更,F04C 18/18 A,F04C 18/18 A,二軸多葉型圧縮機，送風機〔例．二葉型ブロワ－〕,二軸多葉型圧縮機または送風機，例．二葉型ブロワー
uploaded,タイトル変更,F04C 18/18 B,F04C 18/18 B,・ロ－タに関するもの,・ロータに関するもの
uploaded,タイトル変更,F04C 18/18 D,F04C 18/18 D,・・ロ－タの材料に関するもの,・・ロータの材料に関するもの
uploaded,タイトル変更,F04C 18/02,F04C 18/02,・・・・異形の歯をもつもの（１８／１６が優先）,・・・・異形の歯をもつもの（Ｆ０４Ｃ１８／１６が優先）［３］
uploaded,タイトル変更,F04C 18/22,F04C 18/22,・内部軸形式で係合点において共動部材が同方向の動きをなし，または共動部材の１つが静止しており，そして内側部材が外側部材よりも多くの歯または歯に相当するものをもつもの,・内部軸形式で係合点において共動部材が同方向の動きをなし，または共動部材の１つが静止しており，そして内側部材が外側部材よりも多くの歯または歯に相当するものをもつもの［３］
uploaded,タイトル変更,F04C 18/22 A,F04C 18/22 A,シ－ル手段に特徴のあるもの,シール手段に特徴のあるもの
uploaded,タイトル変更,F04C 18/24,F04C 18/24,・逆に係合する形式，すなわち．共動部材の係合点における動きが反対方向のもの,・逆に係合する形式，すなわち．共動部材の係合点における動きが反対方向のもの［３］
uploaded,タイトル変更,F04C 18/26,F04C 18/26,・・内部軸形式のもの,・・内部軸形式のもの［３］
uploaded,タイトル変更,F04C 18/28,F04C 18/28,・・内部軸形式以外のもの,・・内部軸形式以外のもの［３］
uploaded,タイトル変更,F04C 18/03,F04C 18/03,・グループ１８／０２，１８／０８，１８／２２，１８／２４の２つ以上のグループに包含される特徴をもつもの，またはこれらのグループの１つに包含される特徴をもち，さらに共動部材間の他の運動形式を合せもつもの,・グループＦ０４Ｃ１８／０２，Ｆ０４Ｃ１８／０８，Ｆ０４Ｃ１８／２２，Ｆ０４Ｃ１８／２４，Ｆ０４Ｃ１８／４８の２つ以上のグループに包含される特徴をもつもの，またはこれらのグループの１つに包含される特徴をもち，さらに共動部材間の他の運動形式を合せもつもの［３］
uploaded,タイトル変更,F04C 18/32,F04C 18/32,・・グループ１８／０２に規定された運動および共動部材間の相対的な往復運動の両方をするもの,・・グループＦ０４Ｃ１８／０２に規定された運動および共動部材間の相対的な往復運動の両方をするもの［３］
uploaded,タイトル変更,F04C 18/324,F04C 18/324,・・・内側部材にちょうつがい式に係合し，かつ外側部材については往復運動するベーンをもつもの,・・・内側部材にちょうつがい式に係合し，かつ外側部材については往復運動するベーンをもつもの［３］
uploaded,タイトル変更,F04C 18/328,F04C 18/328,・・・・そして外側部材にちょうつがい式に係合したもの,・・・・そして外側部材にちょうつがい式に係合したもの［３］
uploaded,タイトル変更,F04C 18/332,F04C 18/332,・・・外側部材にちょうつがい式に係合し，かつ内側部材については往復運動するベーンをもつもの,・・・外側部材にちょうつがい式に係合し，かつ内側部材については往復運動するベーンをもつもの［３］
uploaded,タイトル変更,F04C 18/336,F04C 18/336,・・・・そして内側部材にちょうつがい式に係合したもの,・・・・そして内側部材にちょうつがい式に係合したもの［３］
uploaded,タイトル変更,F04C 18/34,F04C 18/34,・・グループ１８／０８または１８／２２に規定された運動および共動部材間の相対的な往復運動の両方をするもの,・・グループＦ０４Ｃ１８／０８またはＦ０４Ｃ１８／２２に規定された運動および共動部材間の相対的な往復運動の両方をするもの［３］
uploaded,タイトル変更,F04C 18/344,F04C 18/344,・・・内側部材については往復運動するベーンをもつもの,・・・内側部材については往復運動するベーンをもつもの［３］
uploaded,タイトル変更,F04C 18/344 331 C,F04C 18/344 331 C,・・回転可能部材〔例；スリーブ等〕,・・回転可能部材，例．スリーブ
uploaded,タイトル変更,F04C 18/344 351 B,F04C 18/344 351 B,・ベーンまたはそれと同等の部品,ベーンまたはそれと同等の部品
uploaded,タイトル変更,F04C 18/344 351 C,F04C 18/344 351 C,・・材料に特徴のあるもの,・材料に特徴のあるもの
uploaded,タイトル変更,F04C 18/344 351 D,F04C 18/344 351 D,・・単一部材で構成されたもの〔Ｃが優先〕,・単一部材で構成されたもの（Ｆ０４Ｃ１８／３４４，３５１Ｃが優先）
uploaded,タイトル変更,F04C 18/344 351 E,F04C 18/344 351 E,・ロータ，ロータシャフト,ロータまたはロータシャフト
uploaded,タイトル変更,F04C 18/344 351 F,F04C 18/344 351 F,・・材料に特徴のあるもの〔Ｈが優先〕,・材料に特徴のあるもの（Ｆ０４Ｃ１８／３４４，３５１Ｈが優先）
uploaded,タイトル変更,F04C 18/344 351 G,F04C 18/344 351 G,・ロータ，ロータシャフトの支持，駆動に特徴のあるもの,ロータまたはロータシャフトの支持または駆動に特徴のあるもの
uploaded,タイトル変更,F04C 18/344 351 H,F04C 18/344 351 H,・・ベーン溝に特徴のあるもの,・ベーン溝に特徴のあるもの
uploaded,タイトル変更,F04C 18/344 351 J,F04C 18/344 351 J,・ベーン溝内でベーンを円滑に移動させる手段に特徴のあるもの〔１８／３４４，３６１が優先〕,ベーン溝内でベーンを円滑に移動させる手段に特徴のあるもの（Ｆ０４Ｃ１８／３４４，３６１が優先）
uploaded,タイトル変更,F04C 18/344 351 K,F04C 18/344 351 K,・シリンダ，サイドプレート〔Ｌ，ＭについてはＮ～Ｑが優先〕,シリンダまたはサイドプレート
uploaded,タイトル変更,F04C 18/344 351 L,F04C 18/344 351 L,・・シリンダの内周面形状に特徴のあるもの,・シリンダの内周面形状に特徴のあるもの（Ｆ０４Ｃ１８／３４４，３５１Ｎ～Ｑが優先）
uploaded,タイトル変更,F04C 18/344 351 M,F04C 18/344 351 M,・・サイドプレート,・サイドプレート（Ｆ０４Ｃ１８／３４４，３５１Ｎ～Ｑが優先）
uploaded,タイトル変更,F04C 18/344 351 N,F04C 18/344 351 N,・・吸込，吐出通路，ポート,・吸込，吐出通路またはポート
uploaded,タイトル変更,F04C 18/344 351 P,F04C 18/344 351 P,・・・吸込側,・・吸込側
uploaded,タイトル変更,F04C 18/344 351 Q,F04C 18/344 351 Q,・・・吐出側,・・吐出側
uploaded,タイトル変更,F04C 18/344 351 R,F04C 18/344 351 R,・材料に特徴のあるもので他に分類されないもの,材料に特徴のあるもので他に分類されないもの
uploaded,タイトル変更,F04C 18/344 351 S,F04C 18/344 351 S,・容量，圧力の制御，調整に関するもので他に分類されないもの,容量，圧力の制御または調整に関するもので他に分類されないもの
uploaded,タイトル変更,F04C 18/344 351 T,F04C 18/344 351 T,・・ベーンの半径方向の運動を規制するもの,・ベーンの半径方向の運動を規制するもの
uploaded,タイトル変更,F04C 18/344 351 U,F04C 18/344 351 U,・潤滑，冷却に関するもので他に分類されないもの,潤滑または冷却に関するもので他に分類されないもの
uploaded,タイトル変更,F04C 18/344 361 B,F04C 18/344 361 B,・機械的手段によるもの,機械的手段によるもの
uploaded,タイトル変更,F04C 18/344 361 C,F04C 18/344 361 C,・・各ベーンが独立して付勢されるもの,・各ベーンが独立して付勢されるもの
uploaded,タイトル変更,F04C 18/344 361 D,F04C 18/344 361 D,・・・円周方向に形成された案内部材を有するもの,・・円周方向に形成された案内部材を有するもの
uploaded,タイトル変更,F04C 18/344 361 E,F04C 18/344 361 E,・・・・ベーンと案内部材とが突起，ピンによって係合するもの,・・・ベーンと案内部材とが突起またはピンによって係合するもの
uploaded,タイトル変更,F04C 18/344 361 F,F04C 18/344 361 F,・流体的手段によるもの,流体的手段によるもの
uploaded,タイトル変更,F04C 18/344 361 G,F04C 18/344 361 G,・・液圧によるもの,・液圧によるもの
uploaded,タイトル変更,F04C 18/344 361 H,F04C 18/344 361 H,・・・ベーンの位置に応じて液圧が変化するもの,・・ベーンの位置に応じて液圧が変化するもの
uploaded,タイトル変更,F04C 18/348,F04C 18/348,・・・・ベーンが，円周方向の運動については，外側回転可能部材と強制的に係合しているもの,・・・・ベーンが，円周方向の運動については，外側回転可能部材と強制的に係合しているもの［３］
uploaded,タイトル変更,F04C 18/352,F04C 18/352,・・・・ベーンが外側部材の軸に枢着されているもの,・・・・ベーンが外側部材の軸に枢着されているもの［３］
uploaded,タイトル変更,F04C 18/356,F04C 18/356,・・・外側部材については往復運動するベーンをもつもの,・・・外側部材については往復運動するベーンをもつもの［３］
uploaded,タイトル変更,F04C 18/356 B,F04C 18/356 B,・ベーンの付勢〔例；Ｃ形の線ばねを用いるもの〕,・ベーンの付勢，例．Ｃ形の線ばねを用いるもの
uploaded,タイトル変更,F04C 18/356 H,F04C 18/356 H,・シリンダ，サイドプレート,・シリンダまたはサイドプレート
uploaded,タイトル変更,F04C 18/356 L,F04C 18/356 L,・・流体吸排経路，ポート,・・流体吸排経路またはポート
uploaded,タイトル変更,F04C 18/356 Q,F04C 18/356 Q,・ベーンスロット内のベーンを円滑に移動させる手段〔Ｒが優先〕,・ベーンスロット内のベーンを円滑に移動させる手段（Ｆ０４Ｃ１８／３５６Ｒが優先）
uploaded,タイトル変更,F04C 18/356 V,F04C 18/356 V,・容量，圧力の制御，調整に特徴のあるもので他に分類されないもの,・容量，圧力の制御または調整に特徴のあるもので他に分類されないもの
uploaded,タイトル変更,F04C 18/36,F04C 18/36,・・グループ１８／２２および１８／２４に規定された運動の両方をするもの,・・グループＦ０４Ｃ１８／２２およびＦ０４Ｃ１８／２４に規定された運動の両方をするもの［３］
uploaded,タイトル変更,F04C 18/38,F04C 18/38,・・グループ１８／０２に規定された運動をし，ちょうつがい式に係合した部材をもつもの（１８／３２が優先）,・・グループＦ０４Ｃ１８／０２に規定された運動をし，ちょうつがい式に係合した部材をもつもの（Ｆ０４Ｃ１８／３２が優先）［３］
uploaded,タイトル変更,F04C 18/39,F04C 18/39,・・・外側部材と同じように内側部材にちょうつがい式に係合したベーンをもつもの,・・・外側部材と同じように内側部材にちょうつがい式に係合したベーンをもつもの［３］
uploaded,タイトル変更,F04C 18/04,F04C 18/04,・・グループ１８／０８または１８／２２に規定された運動をし，ちょうつがい式に係合した部材をもつもの,・・グループＦ０４Ｃ１８／０８またはＦ０４Ｃ１８／２２に規定された運動をし，ちょうつがい式に係合した部材をもつもの［３］
uploaded,タイトル変更,F04C 18/44,F04C 18/44,・・・内側部材にちょうつがい式に係合したベーンをもつもの,・・・内側部材にちょうつがい式に係合したベーンをもつもの［３］
uploaded,タイトル変更,F04C 18/46,F04C 18/46,・・・外側部材にちょうつがい式に係合したベーンをもつもの,・・・外側部材にちょうつがい式に係合したベーンをもつもの［３］
uploaded,タイトル変更,F15B 1/00,F15B 1/00,圧力流体を供給する設備；排液槽,アキュムレータをもつ装置または系；補給槽または排液槽装置
uploaded,タイトル変更,F15B 1/00 A,F15B 1/00 A,ユニツト化に特徴を有するもの,ユニット化に特徴を有するもの
uploaded,タイトル変更,F15B 1/02,F15B 1/02,・アキュムレータ装置,・アキュムレータをもつ装置または系（管または管系の中で，あるいはそれらと接続して使用するための，流体の脈動または振動を減衰する装置Ｆ１６Ｌ５５／０４）
uploaded,タイトル変更,F15B 1/02 A,F15B 1/02 A,アキユムレ－タ内の圧力を所定範囲内に保つもの,アキュムレータ内の圧力を所定範囲内に保つもの
uploaded,タイトル変更,F15B 1/02 C,F15B 1/02 C,・圧力が所定値以上になるとアンロ－ドするもの,・圧力が所定値以上になるとアンロードするもの
uploaded,タイトル変更,F15B 5/00,F15B 5/00,物理量の変化，例．部材の位置の変化によって表現されるもの，を流体圧の変化またはその逆に変換する変換器；多くの流体圧の変化または他の量の変化の関するとして流体圧を変化させるもの（測定用または制御用Ｇ０１，Ｇ０５）,物理量の変化，例．部材の位置の変化によって表現されるもの，を流体圧の変化またはその逆に変換する変換器；多くの流体圧の変化または他の量の変化の関数として流体圧を変化させるもの（測定用または制御用Ｇ０１，Ｇ０５）
uploaded,タイトル変更,F16D 11/00,F16D 11/00,部材が相互に係合する部分を有するクラッチ（同期装置２３／０２）機械的に作動されるクラッチ部材をもつクラッチ（自動クラッチ４１／００～４５／００）,部材が相互に係合する部分を有するクラッチ（同期装置Ｆ１６Ｄ２３／０２；自動クラッチＦ１６Ｄ４１／００～Ｆ１６Ｄ４５／００；外部制御Ｆ１６Ｄ４８／００）
uploaded,タイトル変更,F16D 11/04 C,F16D 11/04 C,回動部材により作動させるもの〔例．ハブクラツチ〕,回動部材により作動させるもの，例．ハブクラッチ
uploaded,タイトル変更,F16D 11/04 D,F16D 11/04 D,操向クラツチ用〔Ａ，Ｂ，Ｃが優先〕,操向クラッチ用（Ｆ１６Ｄ１１／０４Ａ～Ｃが優先）
uploaded,タイトル変更,F16D 11/01 D,F16D 11/01 D,操向クラツチ用〔Ａ，Ｂ，Ｃが優先〕,操向クラッチ用（Ｆ１６Ｄ１１／１０Ａ～Ｃが優先）
uploaded,タイトル変更,F16D 23/12 R,F16D 23/12 R,・クラツチの係合に滑らかにするダンパ－を設けたもの,・クラツチの係合を滑らかにするダンパ－を設けたもの
uploaded,タイトル変更,F16D 25/12 D,F16D 25/12 D,クラツチの接続状態の検出、表示、監視、摩耗検知,クラツチの接続状態の検出、表示、監視、摩耗検知
uploaded,タイトル変更,F16D 25/14 640 N,F16D 25/14 640 N,目標車速、目標出力軸の回転数の対する制御・入力回転数の調整は５１０Ａ，Ｋ,目標車速、目標出力軸の回転数に対する制御・入力回転数の調整は５１０Ａ，Ｋ
uploaded,タイトル変更,F16D 55/00,F16D 55/00,軸方向に加圧されるほぼ放射状のブレーキ面をもつブレーキ，例．ディスクブレーキ（同様の形式のクラッチ１３／３８）,軸方向に加圧されるほぼ放射状のブレーキ面をもつブレーキ，例．ディスクブレーキ
uploaded,タイトル変更,F16D 55/00 A,F16D 55/00 A,電磁ブレ－キでポジテイブ型のもの,電磁ブレーキでポジティブ型のもの
uploaded,タイトル変更,F16D 55/00 B,F16D 55/00 B,電磁ブレ－キでネガテイブ型のもの,電磁ブレーキでネガティブ型のもの
uploaded,タイトル変更,F16D 55/02,F16D 55/02,・軸方向に配設された回転部材に押し付けられる軸方向に可動なディスクまたはシューをもつもの,・軸方向に配設された回転部材に押し付けられる軸方向に可動なディスクまたはパッドをもつもの
uploaded,タイトル変更,F16D 55/04,F16D 55/04,・・ディスクまたはシューをドラムまたはシリンダの放射壁に互いに離脱させることによるもの,・・ディスクまたはパッドをドラムまたはシリンダの放射壁に対して互いに離脱させることによるもの
uploaded,タイトル変更,F16D 55/06 A,F16D 55/06 A,電磁ブレ－キ,電磁ブレーキ
uploaded,タイトル変更,F16D 55/01 A,F16D 55/01 A,アクチユエ－タがデイスク又はブレ－キシユ－と別体のもの,アクチュエータがディスク又はブレーキシューと別体のもの
uploaded,タイトル変更,F16D 55/22,F16D 55/22,・・２つの可動なディスクまたはブレーキシューの間で軸上に配設された回転するディスクを締め付けることによるもの,・・２つの可動なブレーキ部材，例．可動なブレーキディスクまたはブレーキパッドの間で軸上に配設された回転するディスクを締め付けることによるもの［５］
uploaded,タイトル変更,F16D 55/22 B,F16D 55/22 B,アクチユエ－タのパツドに対する当接に特徴のあるもの,アクチュエータのパッドに対する当接に特徴のあるもの
uploaded,タイトル変更,F16D 55/224,F16D 55/224,・・・両側に共動する部材をもつもの,・・・ブレーキ部材に協働する部材をもつもの［５］
uploaded,タイトル変更,F16D 55/24,F16D 55/24,・軸方向に配設された部材に一方から加圧する軸方向へ可動な複数のディスク，薄板またはシューをもつもの,・軸方向に配設された部材に一方から押し付けられる軸方向へ可動な複数のディスク，薄板またはパッドをもつもの
uploaded,タイトル変更,F16D 55/28 B,F16D 55/28 B,電気的に作動させられる，ネガテイブタイプのもの,電気的に作動させられるネガティブタイプのもの
uploaded,タイトル変更,F16D 55/36 A,F16D 55/36 A,電気的に作動させられるポジテイブタイプのもの,電気的に作動させられるポジティブタイプのもの
uploaded,タイトル変更,F16D 55/36 B,F16D 55/36 B,電気的に作動させられるネガテイブタイプのもの,電気的に作動させられるネガティブタイプのもの
uploaded,タイトル変更,F16D 55/04 A,F16D 55/04 A,ネガテイブタイプのもの,ネガティブタイプのもの
uploaded,タイトル変更,F16D 55/04 F,F16D 55/04 F,ポジテイブタイプのもの〔Ｈ優先〕,ポジティブタイプのもの（Ｆ１６Ｄ５５／４０Ｈが優先）
uploaded,タイトル変更,F16D 55/04 H,F16D 55/04 H,スポツトタイプのもの,スポットタイプのもの
uploaded,タイトル変更,F16D 55/48,F16D 55/48,・・・自動締め付け作用を起させるため支持点に関して少し回転可能なディスクまたはシュー,・・・自動締め付け作用を起させるため支持点に関して少し回転可能なディスクまたはパッド
uploaded,タイトル変更,F16D 69/02 G,F16D 69/02 G,・有機物質と無機密質をも含むもの,・有機物質と無機物質をも含むもの
uploaded,タイトル変更,F16H 61/04,F16H 61/04,・・静圧形（伝動装置の変形を含むもの３９／０２，３９／０４）［５，２０１０．０１］,・・静圧形（伝動装置の変形を含むものＦ１６Ｈ３９／０２，Ｆ１６Ｈ３９／０４）［５，２０１０．０１］
uploaded,タイトル変更,F16K 1/00 E,F16K 1/00 E,・・往復動アクチユエ－タで操作するステム〔Ｈが優先〕,・・往復動アクチュエータで操作するステム（Ｆ１６Ｋ１／００Ｈが優先）
uploaded,タイトル変更,F16K 1/00 F,F16K 1/00 F,・・レバ－またはカムで操作するステム〔Ｈが優先〕,・・レバーまたはカムで操作するステム（Ｆ１６Ｋ１／００Ｈが優先）
uploaded,タイトル変更,F16K 1/00 G,F16K 1/00 G,・・ねじ部材で操作するステム〔Ｈが優先〕,・・ねじ部材で操作するステム（Ｆ１６Ｋ１／００Ｈが優先）
uploaded,タイトル変更,F16K 1/00 M,F16K 1/00 M,ステムをもたないもの〔Ａ，Ｂが優先〕,ステムをもたないもの（Ｆ１６Ｋ１／００Ａ，Ｆ１６Ｋ１／００Ｂが優先）
uploaded,タイトル変更,F16K 1/02 B,F16K 1/02 B,・コア形弁体をもつもの,・コマ形弁体をもつもの
uploaded,タイトル変更,F16K 1/12 A,F16K 1/12 A,ホロ－ジエツトバルブ,ホロージェットバルブ
uploaded,タイトル変更,F16K 1/14 C,F16K 1/14 C,・正栓形〔Ｂが優先〕,・正栓形（Ｆ１６Ｋ１／１４Ｂが優先）
uploaded,タイトル変更,F16K 1/14 D,F16K 1/14 D,・逆栓形〔Ｂが優先〕,・逆栓形（Ｆ１６Ｋ１／１４Ｂが優先）
uploaded,タイトル変更,F16K 1/18 B,F16K 1/18 B,フラツパ形のもの,フラッパ形のもの
uploaded,タイトル変更,F16K 1/18 C,F16K 1/18 C,操作軸をもつもの〔Ａ，Ｂが優先〕,操作軸をもつもの（Ｆ１６Ｋ１／１８Ａ，Ｆ１６Ｋ１／１８Ｂが優先）
uploaded,タイトル変更,F16K 1/18 D,F16K 1/18 D,・ピボツト軸を操作軸とするもの,・ピボット軸を操作軸とするもの
uploaded,タイトル変更,F16K 1/02 B,F16K 1/02 B,横形〔Ａが優先〕,横形（Ｆ１６Ｋ１／２０Ａが優先）
uploaded,タイトル変更,F16K 1/02 C,F16K 1/02 C,縦形〔Ａが優先〕,縦形（Ｆ１６Ｋ１／２０Ａが優先）
uploaded,タイトル変更,F16K 1/226 B,F16K 1/226 B,・弁座用シ－ル,・弁座用シール
uploaded,タイトル変更,F16K 1/226 C,F16K 1/226 C,・弁体用シ－ル,・弁体用シール
uploaded,タイトル変更,F16K 1/226 F,F16K 1/226 F,・弁座用シ－ル,・弁座用シール
uploaded,タイトル変更,F16K 1/226 G,F16K 1/226 G,・弁体用シ－ル,・弁体用シール
uploaded,タイトル変更,F16K 1/226 K,F16K 1/226 K,・・弁胴内全面を覆うシ－ルにおけるもの,・・弁胴内全面を覆うシールにおけるもの
uploaded,タイトル変更,F16K 1/226 L,F16K 1/226 L,・・流体圧シ－ル〔Ｍ，Ｎが優先〕,・・流体圧シール（Ｆ１６Ｋ１／２２６Ｍ，Ｆ１６Ｋ１／２２６Ｎが優先）
uploaded,タイトル変更,F16K 1/226 M,F16K 1/226 M,・・メタルシ－ル,・・メタルシール
uploaded,タイトル変更,F16K 1/226 N,F16K 1/226 N,・・エラストマシ－ルとメタルシ－ルをもつもの,・・エラストマシールとメタルシールをもつもの
uploaded,タイトル変更,F16K 1/226 P,F16K 1/226 P,・・メタルシ－ル,・・メタルシール
uploaded,タイトル変更,F16K 1/24 D,F16K 1/24 D,・ラツクとピニオンをもつもの,・ラックとピニオンをもつもの
uploaded,タイトル変更,F16K 1/32 B,F16K 1/32 B,ステムの支持・案内,ステムの支持または案内
uploaded,タイトル変更,F16K 1/32 D,F16K 1/32 D,フイルタとの組合せ,フィルタとの組合せ
uploaded,タイトル変更,F16K 1/34 B,F16K 1/34 B,剛性シ－ル面とエラストマシ－ル面との組合せ〔Ａが優先〕,剛性シール面とエラストマシール面との組合せ（Ｆ１６Ｋ１／３４Ａが優先）
uploaded,タイトル変更,F16K 1/34 F,F16K 1/34 F,剛性シ－ル面同志の組合せ〔Ａが優先〕,剛性シール面同志の組合せ（Ｆ１６Ｋ１／３４Ａが優先）
uploaded,タイトル変更,F16K 1/34 G,F16K 1/34 G,・可撓性シ－ルをもつもの,・可撓性シールをもつもの
uploaded,タイトル変更,F16K 1/36 A,F16K 1/36 A,エラストマシ－ルをもつもの,エラストマシールをもつもの
uploaded,タイトル変更,F16K 1/36 C,F16K 1/36 C,・流体圧シ－ルをもつもの,・流体圧シールをもつもの
uploaded,タイトル変更,F16K 1/36 D,F16K 1/36 D,・突条シ－ル面をもつもの,・突条シール面をもつもの
uploaded,タイトル変更,F16K 1/36 E,F16K 1/36 E,・平坦シ－ル面をもつもの,・平坦シール面をもつもの
uploaded,タイトル変更,F16K 1/36 F,F16K 1/36 F,・平面と円筒面の両面のシ－ル面をもつもの,・平面と円筒面の両面のシール面をもつもの
uploaded,タイトル変更,F16K 1/36 G,F16K 1/36 G,剛性シ－ル面をもつもの,剛性シール面をもつもの
uploaded,タイトル変更,F16K 1/36 H,F16K 1/36 H,・可撓性シ－ルをもつもの,・可撓性シールをもつもの
uploaded,タイトル変更,F16K 1/36 J,F16K 1/36 J,・平坦シ－ル面をもつもの,・平坦シール面をもつもの
uploaded,タイトル変更,F16K 1/36 K,F16K 1/36 K,・球状シ－ル面をもつもの,・球状シール面をもつもの
uploaded,タイトル変更,F16K 1/38 A,F16K 1/38 A,エラストマシ－ルをもつもの,エラストマシールをもつもの
uploaded,タイトル変更,F16K 1/38 B,F16K 1/38 B,・シ－ルが円錐面全体を覆うもの,・シールが円錐面全体を覆うもの
uploaded,タイトル変更,F16K 1/38 C,F16K 1/38 C,ポペツト弁,ポペット弁
uploaded,タイトル変更,F16K 1/42 A,F16K 1/42 A,エラストマシ－ルをもつもの,エラストマシールをもつもの
uploaded,タイトル変更,F16K 1/42 B,F16K 1/42 B,・端面をシ－ル部とするもの,・端面をシール部とするもの
uploaded,タイトル変更,F16K 1/42 C,F16K 1/42 C,・内角部をシ－ル部とするもの,・内角部をシール部とするもの
uploaded,タイトル変更,F16K 1/42 D,F16K 1/42 D,・内周円錐面をシ－ル部とするもの,・内周円錐面をシール部とするもの
uploaded,タイトル変更,F16K 1/42 E,F16K 1/42 E,剛性シ－ル面をもつもの,剛性シール面をもつもの
uploaded,タイトル変更,F16K 1/44 B,F16K 1/44 B,弁体が実質的に別体動作するもの〔二重シ－ル弁〕,弁体が実質的に別体動作するもの，例．二重シール弁
uploaded,タイトル変更,F16K 1/44 C,F16K 1/44 C,・弁座を上流・下流両側から閉じるもの,・弁座を上流および下流両側から閉じるもの
uploaded,タイトル変更,F16K 1/48 B,F16K 1/48 B,かしめ止め〔Ａが優先〕,かしめ止め（Ｆ１６Ｋ１／４８Ａが優先）
uploaded,タイトル変更,F16K 1/52 B,F16K 1/52 B,・特にカ－ヒ－タの温水調節用,・特にカーヒータの温水調節用
uploaded,タイトル変更,F16L 1/00,F16L 1/00,管の敷設または埋設（特殊管継ぎ手の成形は継ぎ手の関連グループを参照；ハンダ付けまたは溶接Ｂ２３Ｋ；揚重装置および荷物係合装置Ｂ６６；トンネルの建設Ｅ２１Ｄ；水工装置，土じょうの排水Ｅ０２Ｂ；掘さくまたは水中の構造物Ｅ０２Ｄ；現場施工のコンクリート製管路Ｅ０２Ｄ２９／１０；管を組み合わせる装置を有する溝掘さく用の機械Ｅ０２Ｆ；下水管の敷設Ｅ０３Ｆ３／０６，電気ケーブルの布設Ｈ０２Ｇ）,管の敷設または埋設；水上または水中での管の修理または接合（ハンダ付けまたは溶接Ｂ２３Ｋ；揚重装置および荷物係合装置Ｂ６６；水工装置，土壌の排水Ｅ０２Ｂ；掘削または水中の構造物Ｅ０２Ｄ；管を組み合わせる装置を有する溝掘削用の機械Ｅ０２Ｆ；下水管の敷設Ｅ０３Ｆ３／０６；土壌の試錐孔または井戸Ｅ２１Ｂ；トンネルの建設Ｅ２１Ｄ；電気ケーブルまたは光と電気を結合したケーブルの敷設Ｈ０２Ｇ；特別な管継ぎ手の製作は継ぎ手に関するグループを参照）［２，５，６］
uploaded,タイトル変更,F16L 1/00 J,F16L 1/00 J,・・可撓管の配管〔管の中にライニングするものはＢ２９Ｃ６３／００管の中にコ－テングするものはＢ０５Ｃ７，Ｂ０５Ｄ７／２２〕,・・可撓管の配管（管の中にライニングするものはＢ２９Ｃ６３／００，管の中にコーテングするものはＢ０５Ｃ７，Ｂ０５Ｄ７／２２）
uploaded,タイトル変更,F16L 1/00 K,F16L 1/00 K,・・・チユ－ブ反転によるもの,・・・チユーブ反転によるもの
uploaded,タイトル変更,F16L 1/00 N,F16L 1/00 N,・・・・レ－ルによるもの,・・・・レールによるもの
uploaded,タイトル変更,F16L 1/00 Q,F16L 1/00 Q,・・・新管をスペ－サにより旧管に対して位置決めするもの,・・・新管をスペーサにより旧管に対して位置決めするもの
uploaded,タイトル変更,F16L 1/00 U,F16L 1/00 U,プラスチツク管の敷設〔Ｊが優先　地中埋設は１／０２〕,プラスチツク管の敷設（Ｆ１６Ｌ１／００＠Ｊが優先，地中埋設はＦ１６Ｌ１／０２）
uploaded,タイトル変更,F16L 1/00 Y,F16L 1/00 Y,管に識別記号〔色〕を付与するもの,管に識別記号，例．色，を付与するもの
uploaded,タイトル変更,F16L 3/00,F16L 3/00,支持管またはケーブルのハンガまたは支持体（管路支持用の橋Ｅ０１Ｄ１７／００；壁などの支持体に入る部分をもつかすがいまたはフックＦ１６Ｂ１５／００，４５／００；足場材料のための管締め金または棒締め金Ｅ０４Ｇ７／００）,管，ケーブルまたは保護管類のための支持，例．ハンガ，ホルダ，クランブ，クリート，クリップ，ブラケット（地上または地中で管を保持するためのアンカーＦ１６Ｌ１／０６；特に適合させたハンガーや支持の形をした騒音吸収装置Ｆ１６Ｌ５５／０３５；絶縁される本体を支持するのに特に適した装置Ｆ１６Ｌ５９／１２）［５，７］
uploaded,タイトル変更,F16L 3/00 C,F16L 3/00 C,管が支持部材と一体であるか又は、支持用の凹凸を有するもの,管が支持部材と一体であるか又は，支持用の凹凸を有するもの
uploaded,タイトル変更,F16L 3/00 G,F16L 3/00 G,ワイヤ－で支持するもの,ワイヤーで支持するもの
uploaded,タイトル変更,F16L 3/02,F16L 3/02,・管を部分的に囲むもの,・管，ケーブルまたは保護管類を部分的に囲むもの（バンドまたはチェーンＦ１６Ｌ３／１４）
uploaded,タイトル変更,F16L 3/02 B,F16L 3/02 B,管枕、支持馬状の支持体「図」,管枕，支持馬状の支持体「図」
uploaded,タイトル変更,F16L 3/04,F16L 3/04,・・壁などの支持体に対して管を押しつけるもの,・・壁などの支持体に対してそれを押しつけるもの
uploaded,タイトル変更,F16L 3/08,F16L 3/08,・管を大体において囲んだブラケット,・管，ケーブルまたは保護管類を大体において囲むもの
uploaded,タイトル変更,F16L 3/08 A,F16L 3/08 A,ホ－スに適したもの,ホースに適したもの
uploaded,タイトル変更,F16L 3/01,F16L 3/01,・・分割ブラケット，すなわち管とかみ合う２個の部材をもつもの,・・分割されているもの，すなわち管，ケーブルまたは保護管類を拘束する二部材をもつもの
uploaded,タイトル変更,F16L 3/01 A,F16L 3/01 A,特にケ－ブルに適したもの,特にケーブルに適したもの
uploaded,タイトル変更,F16L 3/12,F16L 3/12,・・管を大体において囲んだ１個の部材からなるもの,・・管，ケーブルまたは保護管類を大体において囲む一個の部材からなるもの
uploaded,タイトル変更,F16L 3/12 G,F16L 3/12 G,Ａ～Ｆ以外の支持具でプラスチツク製のもの,Ｆ１６Ｌ３／１２＠Ａ～１６Ｌ３／１２＠Ｆ以外の支持具でプラスチツク製のもの
uploaded,タイトル変更,F16L 3/16,F16L 3/16,・管の動きを許容する特殊な準備をもつもの（外側スリーブに支えられる管７／００）,・管の動きを許容する特殊な準備をもつもの（Ｆ１６Ｌ３／０１が優先；外側の管またはスリーブに支えられる管またはケーブルＦ１６Ｌ７／００）［５］
uploaded,タイトル変更,F16L 3/02,F16L 3/02,・・横方向の動きを許容するもの；そのためのばね系,・・横方向の動きを許容するもの
uploaded,タイトル変更,F16L 3/02 A,F16L 3/02 A,コンスタントハンガ－,コンスタントハンガー
uploaded,タイトル変更,F16L 3/22,F16L 3/22,・一組の平行管を支持するのに特に用いられるもの,・間隔を置いて一組の平行管を支持するのに特に用いられるもの［６］
uploaded,タイトル変更,F16L 3/24 A,F16L 3/24 A,支持梁〔けた〕がＣ型鋼であるもの,支持梁，すなわちけたがＣ型鋼であるもの
uploaded,タイトル変更,F16L 5/00,F16L 5/00,管，ケーブルまたは保護管類が壁または仕切りを突き抜ける所に用いる装置（壁，床または天井に電気ケーブルまたは電線を貫通するための装置Ｈ０２Ｇ３／２２）,管，ケーブルまたは保護管類が壁または仕切りを突き抜ける所に用いる装置（壁，床，または天井を通しての電気ケーブルの取付けＨ０２Ｇ３／２２）
uploaded,タイトル変更,F16L 5/00 B,F16L 5/00 B,・継手に水栓を接続するもの〔水栓の壁への取付はＥ０３Ｃ参照〕,・継手に水栓を接続するもの（水栓の壁への取付はＥ０３Ｃ参照）
uploaded,タイトル変更,F16L 5/00 C,F16L 5/00 C,・継手にホ－スエンドを接続するもの,・継手にホースエンドを接続するもの
uploaded,タイトル変更,F16L 5/00 G,F16L 5/00 G,管と壁との間に断熱体を設けるもの［耐火は５／０２Ｍ］,管と壁との間に断熱体を設けるもの
uploaded,タイトル変更,F16L 5/00 K,F16L 5/00 K,パイプカラ－,パイプカラー
uploaded,タイトル変更,F16L 5/00 Q,F16L 5/00 Q,壁貫通スリ－ブ〔Ｓが優先〕,壁貫通スリーブ（Ｆ１６Ｌ５／００＠Ｓが優先）
uploaded,タイトル変更,F16L 5/00 R,F16L 5/00 R,・壁厚に応じてスリ－ブ長を調整できるもの,・壁厚に応じてスリーブ長を調整できるもの
uploaded,タイトル変更,F16L 5/00 S,F16L 5/00 S,用途により特徴づけられるもの　例．給排気筒用,用途により特徴づけられるもの，例．給排気筒用
uploaded,タイトル変更,F16L 5/00 U,F16L 5/00 U,・管が窓枠を貫通するもの〔エアコン等〕,・管が窓枠を貫通するもの，例．エアコン
uploaded,タイトル変更,F16L 5/00 W,F16L 5/00 W,壁貫通孔の製作に用いるもの　例．壁を補強するもの,壁貫通孔の製作に用いるもの，例．壁を補強するもの
uploaded,タイトル変更,F16L 5/00 X,F16L 5/00 X,・モルタル受け［Ｅ０４Ｇ１５／０６参照］,・モルタル受け（Ｅ０４Ｇ１５／０６参照）
uploaded,タイトル変更,F16L 5/02,F16L 5/02,・密封装置，例．防火帯装置をつくるもの,・密封装置
uploaded,タイトル変更,F16L 5/02 A,F16L 5/02 A,グロメツト〔自動車用はＢ６０Ｒ１３／０８，１６／００〕,グロメツト（自動車用はＢ６０Ｒ１３／０８，Ｂ６０Ｒ１６／００）
uploaded,タイトル変更,F16L 5/02 B,F16L 5/02 B,壁貫通孔と管との間を可撓テ－パ体又はベロ－ズにより密封するもの,壁貫通孔と管との間を可撓テーパ体又はベローズにより密封するもの
uploaded,タイトル変更,F16L 5/02 J,F16L 5/02 J,水密性を考慮するもの〔Ａ～Ｈ以外の手段〕,Ｆ１６Ｌ５／０２＠Ａ～Ｆ１６Ｌ５／０２＠Ｈ以外で水密性を考慮するもの
uploaded,タイトル変更,F16L 5/02 K,F16L 5/02 K,放射線遮へい〔Ｇ２１Ｃ参照〕,放射線遮へい（Ｇ２１Ｃ参照）
uploaded,タイトル変更,F16L 5/02 N,F16L 5/02 N,ケ－ブルの封止構造,ケーブルの封止構造
uploaded,タイトル変更,F16L 5/02 P,F16L 5/02 P,シ－ル板を管が貫通するもの「図」,シール板を管が貫通するもの「図」
uploaded,タイトル変更,F16L 7/00,F16L 7/00,他の管またはスリーブの内側に管またはケーブルを支持するもの，例．交通の妨害にならないで道路または鉄道下へ管またはケーブルを挿入したり，または引き出したりすることができるもの（比較的可動な点の間で，管，ケーブルまたは保護管類を支持するためのスリーブ３／０１）,他の管またはスリーブの内側に管またはケーブルを支持するもの，例．交通の妨害にならないで道路または鉄道下へ管またはケーブルを挿入したり，または引き出したりすることができるもの（比較的可動な点の間で，管，ケーブルまたは保護管類を支持するためのスリーブＦ１６Ｌ３／０１）［５］
uploaded,タイトル変更,F16L 9/00,F16L 9/00,剛性管管,剛性管（ひれ付き管Ｆ２８Ｆ）
uploaded,タイトル変更,F16L 9/02,F16L 9/02,・金属製（９／１６～９／２２が優先；ひれ付き管Ｆ２８Ｆ）,・金属製（Ｆ１６Ｌ９／１６～Ｆ１６Ｌ９／２２が優先）
uploaded,タイトル変更,F16L 9/08,F16L 9/08,・コンクリート，セメント，または石綿セメント製で補強材をもつものまたはもたないもの（９／１６～９／２２が優先）,・コンクリート，セメント，または石綿セメント製で補強材をもつものまたはもたないもの（Ｆ１６Ｌ９／１６～Ｆ１６Ｌ９／２２が優先）
uploaded,タイトル変更,F16L 9/01,F16L 9/01,・ガラスまたはセラミック製，例．陶製，陶製タイル，磁器（９／１６～９／２２が優先）,・ガラスまたはセラミック製，例．陶製，陶製タイル，磁器（Ｆ１６Ｌ９／１６～Ｆ１６Ｌ９／２２が優先）
uploaded,タイトル変更,F16L 9/12,F16L 9/12,・プラスチック製で補強材をもつものまたはもたないもの（９／１６～９／２２が優先）,・プラスチック製で補強材をもつものまたはもたないもの（Ｆ１６Ｌ９／１６～Ｆ１６Ｌ９／２２が優先）
uploaded,タイトル変更,F16L 9/14,F16L 9/14,・複合チューブ，すなわち前記グループのいくつかの材料の組合せによって作られたもの（９／１６～９／２２が優先）,・複合チューブ，すなわち前記グループのいくつかの材料の組合せによって作られたもの（Ｆ１６Ｌ９／１６～Ｆ１６Ｌ９／２２が優先）
uploaded,タイトル変更,F16L 9/18,F16L 9/18,・二重管；多水路管または管組み立て品（そのための継ぎ手３９／００）,・二重管；多水路管または管組み立て品（そのための継ぎ手Ｆ１６Ｌ３９／００）
uploaded,タイトル変更,F16L 9/19,F16L 9/19,・・多水路管または管集合体,・・多水路管または管集合体［４］
uploaded,タイトル変更,F16L 11/00,F16L 11/00,ホース，すなわち可とう管（吸い込みクリーナホースＡ４７Ｌ９／２４）,ホース，すなわち可とう管（相対的に移動可能な点の間で，管，ケーブルまたは保護管類を支持するホース状支持体Ｆ１６Ｌ３／０１；吸い込みクリーナホースＡ４７Ｌ９／２４）［５］
uploaded,タイトル変更,F16L 11/06,F16L 11/06,・・均質壁をもつもの（１１／１１が優先）,・・均質壁をもつもの（Ｆ１６Ｌ１１／１１が優先）［２］
uploaded,タイトル変更,F16L 11/08,F16L 11/08,・・壁の中に埋蔵した補強材をもつもの（１１／１１が優先）,・・壁の中に埋蔵した補強材をもつもの（Ｆ１６Ｌ１１／１１が優先）［２］
uploaded,タイトル変更,F16L 11/01,F16L 11/01,・・壁の中に埋蔵されない補強材をもつもの（１１／１１が優先）,・・壁の中に埋蔵されない補強材をもつもの（Ｆ１６Ｌ１１／１１が優先）［２］
uploaded,タイトル変更,F16L 11/11,F16L 11/11,・・波形の壁をもつもの,・・波形の壁をもつもの［２］
uploaded,タイトル変更,F16L 11/12,F16L 11/12,・・特定の目的のための装置をもつもの，例．特別な外形としたもの，保護層をもつもの，加熱されるもの，電気伝導性をもつもの（１１／１１が優先）,・・特定の目的のための装置をもつもの，例．特別な外形としたもの，保護層をもつもの，加熱されるもの，電気伝導性をもつもの（Ｆ１６Ｌ１１／１１が優先）［２］
uploaded,タイトル変更,F16L 11/12 M,F16L 11/12 M,螺旋状ホ－ス,螺旋状ホース
uploaded,タイトル変更,F16L 11/12 N,F16L 11/12 N,熱収縮チユ－ブ,熱収縮チユーブ
uploaded,タイトル変更,F16L 13/00,F16L 13/00,切り離しできない管継ぎ手，例．はんだ，接着剤，またはかしめ継ぎ手（プラスチツクの剛性管用継ぎ手４７／００）,切り離しできない管継ぎ手，例．はんだ，接着剤，またはかしめ継ぎ手（プラスチックの剛性管用継ぎ手Ｆ１６Ｌ４７／００）
uploaded,タイトル変更,F16L 13/11,F16L 13/11,・・固定する前に継ぎ手の部分間の空隙をうめる材料を用いるもの,・・固定する前に継ぎ手の部分間の空隙をうめる材料を用いるもの［２］
uploaded,タイトル変更,F16L 15/04,F16L 15/04,・付加密封装置をもつもの,・付加密封装置をもつもの［２］
uploaded,タイトル変更,F16L 23/00,F16L 23/00,フランジ継ぎ手（１３／００，１７／００，１９／００が優先；調節可能継ぎ手２７／００；迅速作動形の連結器３７／００）,フランジ継ぎ手（Ｆ１６Ｌ１３／００，Ｆ１６Ｌ１７／００，Ｆ１６Ｌ１９／００が優先；調節可能継ぎ手Ｆ１６Ｌ２７／００；ホース用Ｆ１６Ｌ３３／００，迅速作動形の連結器Ｆ１６Ｌ３７／００；二重壁または多水路管用，または管組み立て品用Ｆ１６Ｌ３９／００；プラスチックで作られるのに特に適した，またはプラスチックで作られた管とともに用いるのに特に適した連結装置または取り付け具Ｆ１６Ｌ４７／００；脆性材料の管に特に適合したものＦ１６Ｌ４９／００）
uploaded,タイトル変更,F16L 23/02,F16L 23/02,・軸方向に張力を受ける部材によって結合されるフランジ,・軸方向に張力をうける部材によって結合されるフランジ（Ｆ１６Ｌ２３／１２が優先）［２，５］
uploaded,タイトル変更,F16L 23/02 D,F16L 23/02 D,シ－ルに特徴のあるもの,シールに特徴のあるもの
uploaded,タイトル変更,F16L 23/04,F16L 23/04,・半径方向に張力を受ける部材によって結合されるフランジ,・半径方向に張力を受ける部材によって結合されるフランジ（Ｆ１６Ｌ２３／１２が優先）［２，５］
uploaded,タイトル変更,F16L 29/00,F16L 29/00,流体締め切り手段をもつ継ぎ手（締め切り手段をもつ迅速作動継ぎ手３７／２８）,流体締め切り手段をもつ継ぎ手（締め切り手段をもつ迅速作動継ぎ手Ｆ１６Ｌ３７／２８）
uploaded,タイトル変更,F16L 31/00,F16L 31/00,互いにまたは可とうスリーブにホースを連結するための装置（３３／００が優先）,互いにまたは可とうスリーブにホースを連結するための装置（Ｆ１６Ｌ３３／００が優先）
uploaded,タイトル変更,F16L 41/00,F16L 41/00,分岐管；壁に管を連結するもの（３９／００が優先；流体輸送用に設計されていない接続Ｆ１６Ｂ９／００；管の両端を連結するための適当な継ぎ手は関連グループを参照）,分岐管；壁に管を連結するもの（Ｆ１６Ｌ３９／００が優先；流体輸送用に設計されていない接続Ｆ１６Ｂ９／００；管の両端を連結するための適当な継ぎ手は関連グループを参照）
uploaded,タイトル変更,F16L 41/08,F16L 41/08,・壁または管に管を連結するもので，連結された管軸が壁平面または別の管軸に対し直角をなしているもの（４１／０２が優先）,・壁または管に管を連結するもので，連結された管軸が壁平面または別の管軸に対し直角をなしているもの（Ｆ１６Ｌ４１／０２が優先）［２］
uploaded,タイトル変更,F16L 49/00,F16L 49/00,脆（ぜい）性材料，例．ガラス，陶器，の管に特に適合した連結装置,脆性材料，例．ガラス，陶器，の管に特に適合した連結装置，例．継ぎ手
uploaded,タイトル変更,F16L 59/05,F16L 59/05,・・組立式の外殻またはカバー内のもの「２」,・・組立式の外殻またはカバー内のもの［２］
uploaded,タイトル変更,F16L 59/01,F16L 59/01,・絶縁材保護，例．環境の影響または機械的損傷に対する保護，のための包帯またはカバー（絶縁体と一体となったもの５９／０２）,・絶縁材保護，例．環境の影響または機械的損傷に対する保護，のための包帯またはカバー（絶縁体と一体となったものＦ１６Ｌ５９／０２）
uploaded,タイトル変更,F16L 59/14,F16L 59/14,・管または管系の絶縁材のための装置（５９／０２～５９／１２が優先）,・管または管系の絶縁材のための装置（Ｆ１６Ｌ５９／０２～Ｆ１６Ｌ５９／１２が優先）
uploaded,タイトル変更,F16L 59/147,F16L 59/147,・・絶縁材が管の外表面に設置されたもの「５」,・・絶縁材が管の外表面に設置されたもの［５］
uploaded,タイトル変更,F16L 59/153,F16L 59/153,・・可とう管用「５」,・・可とう管用［５］
uploaded,タイトル変更,F16L 59/18,F16L 59/18,・・・管継ぎ手に適合したもの「５」,・・・管継ぎ手に適合したもの［５］
uploaded,タイトル変更,F16L 59/02,F16L 59/02,・・・・切り離しできない管継ぎ手用「５」,・・・・切り離しできない管継ぎ手用［５］
uploaded,タイトル変更,F16L 59/22,F16L 59/22,・・・ベンドに適合したもの「５」,・・・ベンドに適合したもの［５］
uploaded,タイトル変更,F21V 3/00,F21V 3/00,グローブ；ボール；おおいガラス（屈折特性をもつものＦ２１Ｖ５／００；反射特性をもつものＦ２１Ｖ７／００）,グローブ；ボール；おおいガラス（屈折特性をもつものＦ２１Ｖ５／００；反射特性をもつものＦ２１Ｖ７／００；冷却手段に特徴のあるものＦ２１Ｖ２９／５０６）［１，２０１５．０１］
uploaded,タイトル変更,F21V 3/00 100,F21V 3/00 100,・照明装置特有の製造，修理，検査方法に特徴のあるもの,・照明装置特有の製造，修理または検査方法に特徴のあるもの
uploaded,タイトル変更,F21V 3/00 310,F21V 3/00 310,・・機械的目的［例　強度の向上，破片飛散防止］,・・機械的目的，例．強度の向上または破片飛散防止
uploaded,タイトル変更,F21V 3/00 320,F21V 3/00 320,・・光学的目的［例　光拡散性の付与］,・・光学的目的，例．光拡散性の付与
uploaded,タイトル変更,F21V 3/00 330,F21V 3/00 330,・・電磁気的目的［例　ノイズの防止］,・・電磁気的目的，例．ノイズの防止
uploaded,タイトル変更,F21V 3/00 340,F21V 3/00 340,・・熱的目的［例　放熱性の向上］,・・熱的目的，例．耐熱性の向上（グローブ，ボールまたはおおいガラスの冷却手段に特徴のあるものＦ２１Ｖ２９／５０６）
uploaded,タイトル変更,F21V 3/00 510,F21V 3/00 510,・・ＬＥＤにかぶせて使用するもの［例　キャップ］,・・ＬＥＤにかぶせて使用するもの，例．キャップ
uploaded,タイトル変更,F21V 3/00 530,F21V 3/00 530,・・面状発光モジュール用のもの［例　バックライトで用いられる拡散シート］,・・面状発光モジュール用のもの，例．バックライトで用いられる拡散シート
uploaded,タイトル変更,F21V 3/00 550,F21V 3/00 550,・・機器の状態を表示するランプ用のもの［例　パイロットランプ］,・・機器の状態を表示するランプ用のもの，例．パイロットランプ用のもの
uploaded,タイトル変更,F21V 3/02 310,F21V 3/02 310,・・・バルーン［風船］を用いたもの,・・・バルーンを用いたもの
uploaded,タイトル変更,F21V 3/02 400,F21V 3/02 400,・・筒状［例　角筒，円筒］,・・筒状，例．角筒または円筒
uploaded,タイトル変更,F21V 3/02 600,F21V 3/02 600,・・意匠に特徴がある形状［例　星形，キャラクターを象ったもの］,・・意匠に特徴がある形状，例．星形またはキャラクターを象ったもの
uploaded,タイトル変更,F21V 3/04 100,F21V 3/04 100,・・材料に特徴のあるもの［グローブ自体の材料，グローブに混入される材料など］,・・材料に特徴のあるもの
uploaded,タイトル変更,F21V 3/04 131,F21V 3/04 131,・・・・空気・水・粒子を混入させたもの,・・・・空気，水または粒子を混入させたもの
uploaded,タイトル変更,F21V 3/04 300,F21V 3/04 300,・・表面処理・コーティングに特徴のあるもの,・・表面処理またはコーティングに特徴のあるもの
uploaded,タイトル変更,F21V 3/04 310,F21V 3/04 310,・・・フィルム・合成樹脂でコ－ティングしたもの,・・・フィルムまたは合成樹脂でコーティングしたもの
uploaded,タイトル変更,F21V 3/04 330,F21V 3/04 330,・・・塗料・金属膜でコ－ティングしたもの,・・・塗料または金属膜でコーティングしたもの
uploaded,タイトル変更,F21V 3/04 350,F21V 3/04 350,・・・ハ－フミラ－・電磁シ－ルド・反射面を備えたもの,・・・電磁シールドを備えたもの
uploaded,タイトル変更,F21V 3/04 500,F21V 3/04 500,・・蛍光・蓄光材料を使ったもの,・・蛍光，燐光または蓄光材料を使ったもの
uploaded,タイトル変更,F21V 5/00,F21V 5/00,光源用の屈折器,光源用の屈折器（冷却手段に特徴のあるものＦ２１Ｖ２９／５０４）［１，２０１５．０１］
uploaded,タイトル変更,F21V 5/00 100,F21V 5/00 100,・照明装置特有の製造，修理，検査方法に特徴のあるもの,・照明装置特有の製造，修理または検査方法に特徴のあるもの
uploaded,タイトル変更,F21V 5/00 310,F21V 5/00 310,・・機械的目的［例　強度の向上，破片飛散防止］,・・機械的目的，例．強度の向上または破片飛散防止
uploaded,タイトル変更,F21V 5/00 320,F21V 5/00 320,・・光学的目的［例　光拡散性の付与］,・・光学的目的，例．光拡散性の付与（非対称配光を出すものＦ２１Ｖ５／０８）
uploaded,タイトル変更,F21V 5/00 330,F21V 5/00 330,・・電磁気的目的［例　ノイズの防止］,・・電磁気的目的，例．ノイズの防止
uploaded,タイトル変更,F21V 5/00 340,F21V 5/00 340,・・熱的目的［例　放熱性の向上］,・・熱的目的，例．耐熱性の向上（屈折器の冷却手段に特徴のあるものＦ２１Ｖ２９／５０４）
uploaded,タイトル変更,F21V 5/00 510,F21V 5/00 510,・・ＬＥＤにかぶせて使用するもの［例　キャップ］,・・ＬＥＤにかぶせて使用するもの，例．キャップ
uploaded,タイトル変更,F21V 5/00 530,F21V 5/00 530,・・面状発光モジュール用のもの［例　バックライトで用いられるプリズムシート，レンズシート］,・・面状発光モジュール用のもの，例．バックライトで用いられるプリズムシートまたはレンズシート
uploaded,タイトル変更,F21V 5/00 550,F21V 5/00 550,・・機器の状態を表示するランプ用のもの［例　パイロットランプ］,・・機器の状態を表示するランプ用のもの，例．パイロットランプ用のもの
uploaded,タイトル変更,F21V 5/00 600,F21V 5/00 600,・材料に特徴のあるもの［屈折器自体の材料，屈折器に混入される材料など］,・材料に特徴のあるもの，例．屈折器自体の材料または屈折器に混入される材料
uploaded,タイトル変更,F21V 5/00 610,F21V 5/00 610,・表面処理，コーティングに特徴のあるもの,・表面処理またはコーティングに特徴のあるもの
uploaded,タイトル変更,F21V 5/00 630,F21V 5/00 630,・蛍光・蓄光材料を使ったもの,・蛍光，燐光または蓄光材料を使ったもの
uploaded,タイトル変更,F21V 5/02 400,F21V 5/02 400,・・格子状・ハニカム状に区切ったもの,・・格子状またはハニカム状に区切ったもの
uploaded,タイトル変更,F21V 5/04 350,F21V 5/04 350,・・格子状・ハニカム状に区切ったもの,・・格子状またはハニカム状に区切ったもの
uploaded,タイトル変更,F21V 5/04 550,F21V 5/04 550,・・収差を無くしたもの［例　非球面レンズ］,・・収差を無くしたもの，例．非球面レンズ
uploaded,タイトル変更,F21V 5/04 600,F21V 5/04 600,・・シリンドリカル面［かまぼこ形状］をもつもの,・・シリンドリカル面，すなわちかまぼこ形状，をもつもの
uploaded,タイトル変更,F21V 5/04 650,F21V 5/04 650,・・不連続面を持つもの［例　フレネルレンズ］,・・不連続面を持つもの，例．フレネルレンズ
uploaded,タイトル変更,F21V 7/00 100,F21V 7/00 100,・照明装置特有の製造，修理，検査方法に特徴のあるもの,・照明装置特有の製造，修理または検査方法に特徴のあるもの
uploaded,タイトル変更,F21V 7/00 310,F21V 7/00 310,・・機械的目的［例　強度の向上，破片飛散防止］,・・機械的目的，例．強度の向上または破片飛散防止
uploaded,タイトル変更,F21V 7/00 320,F21V 7/00 320,・・光学的目的［例　光拡散性の付与］,・・光学的目的，例．光拡散性の付与
uploaded,タイトル変更,F21V 7/00 330,F21V 7/00 330,・・電磁気的目的［例　ノイズの防止］,・・電磁気的目的，例．ノイズの防止
uploaded,タイトル変更,F21V 7/00 340,F21V 7/00 340,・・熱的目的［例　放熱性の向上］,・・熱的目的，例．耐熱性の向上（反射器の冷却手段に特徴のあるものＦ２１Ｖ２９／５０５）
uploaded,タイトル変更,F21V 7/00 550,F21V 7/00 550,・・機器の状態を表示するランプ用のもの［例　パイロットランプ］,・・機器の状態を表示するランプ用のもの，例．パイロットランプ用のもの
uploaded,タイトル変更,F21V 7/00 570,F21V 7/00 570,・・ハーフミラー,・・ハーフミラー（選択透過膜またはダイクロイックミラーＦ２１Ｖ７／２２，２４０）
uploaded,タイトル変更,F21V 7/00 590,F21V 7/00 590,・・ＤＭＤ［デジタルミラーデバイス］,・・デジタルミラーデバイス［ＤＭＤ］
uploaded,タイトル変更,F21V 7/04 120,F21V 7/04 120,・・・段状にしたもの［例　Ｖ形状，Ｗ形状の反射器，段部を有する車両用灯具の反射器］（各々の反射面の形状に応じて，Ｆ２１Ｖ７／０４～Ｆ２１Ｖ７／０８を付与）,・・・段状にしたもの，例．Ｖ形状またはＷ形状の反射器（段を境にした各々の反射面の形状Ｆ２１Ｖ７／０４，３００～Ｆ２１Ｖ７／０８，２００）
uploaded,タイトル変更,F21V 7/09 300,F21V 7/09 300,・・・種類の異なる形状の反射面が組み合わされた反射面［例　Ｘ断面は放物線面，Ｙ断面はだ円面を持つ複合曲面］を持つもの,・・・種類の異なる形状の反射面が組み合わされた反射面，例．Ｘ断面は放物線面で且つＹ断面はだ円面を持つ複合曲面，を持つもの
uploaded,タイトル変更,F21V 7/01 100,F21V 7/01 100,・・複数の部材からなるもの［例　端板を有するもの］,・・複数の部材からなるもの，例．端板を有するもの
uploaded,タイトル変更,F21V 7/01 111,F21V 7/01 111,・・・・嵌合・係止部材による固定,・・・・嵌合または係止部材による固定
uploaded,タイトル変更,F21V 7/22 100,F21V 7/22 100,・・反射器の材料に特徴のあるもの［反射器に混入される材料も含む］,・・反射器の材料に特徴のあるもの，例．反射器自体の材料または反射器に混入される材料
uploaded,タイトル変更,F21V 7/22 200,F21V 7/22 200,・・表面処理，コーティングに特徴のあるもの,・・表面処理またはコーティングに特徴のあるもの
uploaded,タイトル変更,F21V 7/22 230,F21V 7/22 230,・・・フィルム・積層体によりコ－ティングしたもの,・・・フィルムまたは積層体によりコーティングしたもの
uploaded,タイトル変更,F21V 7/22 240,F21V 7/22 240,・・・選択透過膜・ダイクロイックミラ－,・・・選択透過膜またはダイクロイックミラー
uploaded,タイトル変更,F21V 7/22 300,F21V 7/22 300,・・蛍光・蓄光材料を使ったもの,・・蛍光，燐光または蓄光材料を使ったもの
uploaded,タイトル変更,F21V 8/00 100,F21V 8/00 100,・照明装置特有の製造、修理、検査方法に特徴のあるもの,・照明装置特有の製造，修理または検査方法に特徴のあるもの
uploaded,タイトル変更,F21V 8/00 231,F21V 8/00 231,・・・・入光部の径を拡大したもの［例．漏斗状］,・・・・入光部の径を拡大したもの，例．漏斗状
uploaded,タイトル変更,F21V 8/00 241,F21V 8/00 241,・・・・光ファイバの端面［例．「図」］,・・・・光ファイバの端面，例．「図」
uploaded,タイトル変更,F21V 8/00 242,F21V 8/00 242,・・・・光ファイバの側面［例．「図」］,・・・・光ファイバの側面，例．「図」
uploaded,タイトル変更,F21V 8/00 271,F21V 8/00 271,・・・・出光部の径を拡大したもの［例．漏斗状］,・・・・出光部の径を拡大したもの，例．漏斗状
uploaded,タイトル変更,F21V 8/00 330,F21V 8/00 330,・・光の反射部の構造に特徴を有するもの,・・光の導光部または反射部の構造に特徴を有するもの
uploaded,タイトル変更,F21V 9/00,F21V 9/00,光フィルタ（色付きかさＦ２１Ｖ１／００）；光スクリーン用の発光物質の選択（発光物質自体Ｃ０９Ｋ１１／００；電気ルミネセンス光源自体Ｈ０５Ｂ３３／００）,光フィルタ（色付きかさＦ２１Ｖ１／００；冷却手段に特徴のあるものＦ２１Ｖ２９／５０２）；光スクリーン用の発光物質の選択［１，２０１５．０１］
uploaded,タイトル変更,F21V 9/00 100,F21V 9/00 100,・照明装置特有の製造，修理，検査方法に特徴のあるもの,・照明装置特有の製造，修理または検査方法に特徴のあるもの
uploaded,タイトル変更,F21V 9/01 400,F21V 9/01 400,・・・光変調素子［例　液晶］,・・・光変調素子，例．液晶
uploaded,タイトル変更,F21V 9/16 100,F21V 9/16 100,・・蛍光体，蓄光体,・・蛍光物質，燐光物質または蓄光物質
uploaded,タイトル変更,F21V 11/00,F21V 11/00,グループＦ２１Ｖ１／００，Ｆ２１Ｖ３／００，Ｆ２１Ｖ７／００またはＦ２１Ｖ９／００に包含されないスクリーン,グループＦ２１Ｖ１／００，Ｆ２１Ｖ３／００，Ｆ２１Ｖ７／００またはＦ２１Ｖ９／００に包含されないスクリーン（冷却手段に特徴のあるものＦ２１Ｖ２９／５０２）［１，２０１５．０１］
uploaded,タイトル変更,F21V 11/00 100,F21V 11/00 100,・照明装置特有の製造，修理，検査方法に特徴のあるもの,・照明装置特有の製造，修理または検査方法に特徴のあるもの
uploaded,タイトル変更,F21V 11/02 100,F21V 11/02 100,・・環状のスクリ－ン,・・環状のスクリーン
uploaded,タイトル変更,F21V 11/02 300,F21V 11/02 300,・・スクリ－ン条片の連結,・・スクリーン条片の連結
uploaded,タイトル変更,F21V 11/06,F21V 11/06,・交差する薄片または条片を用いるもの；格子状またはハチの巣状を用いるもの,・交差する薄片または条片を用いるもの；格子状またはハニカム状のものを用いるもの
uploaded,タイトル変更,F21V 11/06 300,F21V 11/06 300,・・条片と条片，条片と枠との取付け,・・条片と条片との取付け；条片と枠との取付け
uploaded,タイトル変更,F21V 11/18 300,F21V 11/18 300,・・・回動するもの［例　バンドア］,・・・回動するもの，例．バンドア
uploaded,タイトル変更,F21V 15/00,F21V 15/00,照明装置の防護（冷却または加熱装置Ｆ２１Ｖ２９／００；気密または水密装置Ｆ２１Ｖ３１／００）,照明装置の防護（熱的損傷からの防護Ｆ２１Ｖ２９／００；気密または水密装置Ｆ２１Ｖ３１／００）［１，２０１５．０１］
uploaded,タイトル変更,F21V 15/01 320,F21V 15/01 320,・・・照明装置以外の物品がハウジングの機能を兼ねるもの，ハウジングレス構造,・・・照明装置以外の物品がハウジングの機能を兼ねるもの，すなわち，ハウジングレス構造
uploaded,タイトル変更,F21V 15/01 340,F21V 15/01 340,・・・インナハウジング［インナパネル，エクステンションも含む］,・・・インナハウジング，例．インナパネルまたはエクステンション
uploaded,タイトル変更,F21V 15/01 360,F21V 15/01 360,・・・光源を固定するための構造［ハウジングに特に特徴を有するもの］,・・・光源を固定するためのハウジングの構造
uploaded,タイトル変更,F21V 15/02 400,F21V 15/02 400,・・かごを構成する素片に特徴のあるもの［例　材料，素片の連結部など］,・・かごを構成する素片に特徴のあるもの，例．素片の連結部または素片の材料
uploaded,タイトル変更,F21V 23/00,F21V 23/00,照明装置内外への電気回路素子の配置,照明装置内外への電気回路素子の配置（熱的損傷からの照明装置の防護Ｆ２１Ｖ２９／００）［１，２０１５．０１］
uploaded,タイトル変更,F21V 23/00 140,F21V 23/00 140,・制御装置［例．ＣＰＵ］，調光装置,・調光装置または制御装置，例．ＣＰＵ
uploaded,タイトル変更,F21V 23/00 150,F21V 23/00 150,・回路基板・配電ブロック［例．素子が集合したもの］の配置,・回路基板または配電ブロック，例．素子が集合したもの，の配置
uploaded,タイトル変更,F21V 23/00 160,F21V 23/00 160,・給電用素子［例．配線，コード，電路］,・給電用素子，例．配線，コードまたは電路
uploaded,タイトル変更,F21V 23/00 200,F21V 23/00 200,・素子のレイアウトに特徴を有するもの［例．小型化を図るものなど］,・素子のレイアウトに特徴を有するもの，例．小型化を図るもの
uploaded,タイトル変更,F21V 23/06,F21V 23/06,・素子が結合装置（コネクタ）であるもの,・素子がコネクタであるもの
uploaded,タイトル変更,F21V 29/00,F21V 29/00,冷却または加熱手段（冷却に特に適合させた反射器Ｆ２１Ｖ７／２０；照明器具上に空気流を持つ空気処理システムの冷却Ｆ２４Ｆ３／０５６；空気処理システム用の吹出口と組み合わされた照明器具Ｆ２４Ｆ１３／０７８；プロジェクタの冷却Ｇ０３Ｂ２１／１６）［１，７］,熱的損傷からの照明装置の防護；照明装置またはシステムに特に適合した冷却または加熱手段（空気処理システム用の吹出口と組み合わされた照明器具Ｆ２４Ｆ１３／０７８）［１，７，２０１５．０１］
uploaded,タイトル変更,F23C 1/00,F23C 1/00,２またはそれ以上の種類の燃料を同時にまたは択一的に燃焼するための燃焼装置であって，その燃料のうち少なくとも１種類は流動性があるもの（１０／００が優先；後燃焼装置を備えているもの９／００；１種類が他を点火するためにあるものＦ２３Ｑ）［７］,２またはそれ以上の種類の燃料を同時にまたは交互に燃焼することに特に適した燃焼装置であって，その燃料のうち少なくとも１種類は液体燃料あるいは空気中に浮遊する固体燃料であるもの（２またはそれ以上の燃焼室の組み合せに特徴がある燃焼装置Ｆ２３Ｃ６／００；種火点火器Ｆ２３Ｑ９／００）［１，７，８］
uploaded,タイトル変更,F23C 1/00 301,F23C 1/00 301,・燃料の形態が同じであつて発熱量等の特性が異なるもの,・燃料の形態が同じであって特性，例．発熱量，が異なるもの
uploaded,タイトル変更,F23C 1/02,F23C 1/02,・塊状または液体燃料,・塊状および液体燃料
uploaded,タイトル変更,F23C 1/04,F23C 1/04,・塊状または気体燃料,・塊状および気体燃料
uploaded,タイトル変更,F23C 1/06,F23C 1/06,・塊状または粉状燃料,・塊状および粉状燃料
uploaded,タイトル変更,F23C 1/08,F23C 1/08,・液体または気体燃料,・液体および気体燃料
uploaded,タイトル変更,F23C 1/01,F23C 1/01,・液体または粉状燃料,・液体および粉状燃料
uploaded,タイトル変更,F23C 1/12,F23C 1/12,・気体または粉状燃料,・気体および粉状燃料
uploaded,タイトル変更,F23C 3/00,F23C 3/00,燃焼室の形状に特徴のある燃焼装置（１０／００が優先）［７］,燃焼室の形状に特徴のある燃焼装置（Ｆ２３Ｃ１５／００が優先）［１，７，８］
uploaded,タイトル変更,F23C 5/00,F23C 5/00,燃焼室またはバーナ相互に関するバーナの配置；燃焼装置への燃焼装置へのバーナの据え付け（１／００，１０／００，１１／０４が優先）［７］,バーナの配置または据え付けに特徴がある燃焼装置［１，７，８］
uploaded,タイトル変更,F23C 5/02 301,F23C 5/02 301,・・バ－ナの移動を容易にするための構成を有するもの,・・バーナの移動を容易にするための構成を有するもの
uploaded,タイトル変更,F23C 5/02 302,F23C 5/02 302,・・バ－ナのワンタツチ着脱できるもの,・・バーナのワンタッチ着脱できるもの
uploaded,タイトル変更,F23C 5/14,F23C 5/14,・・集中または実質上平面形の単一火炎，例．鉛筆形またはシートフレーム，を得るためのもの（５／３２が優先）［３］,・・集中または実質上平面形の単一火炎，例．鉛筆形またはシートフレーム，を得るためのもの（Ｆ２３Ｃ５／３２が優先）［３］
uploaded,タイトル変更,F23C 6/00,F23C 6/00,２以上の燃焼室の組合わせに特徴のある燃焼装置（１０／００が優先）［７］,２以上の燃焼室の組合わせに特徴のある燃焼装置［３，７，８］
uploaded,タイトル変更,F23C 6/04,F23C 6/04,・直列に連結したもの（独立した燃焼装置で煙またはガスを焼却するものＦ２３Ｇ７／０６）［３］,・直列に連結したもの［３］
uploaded,タイトル変更,F23C 7/00,F23C 7/00,空気供給装置（１０／００が優先；一般Ｆ２３Ｌ）［７］,空気供給装置に特徴がある燃焼装置（流動化空気の入口Ｆ２３Ｃ１０／２０；空気供給通路をもつ邪魔板または遮板Ｆ２３Ｍ９／０４）［１，７，８］
uploaded,タイトル変更,F23C 7/02,F23C 7/02,・バーナを通過しない空気供給に関する配置（粉状燃料の燃焼時に旋回錐状炎を得るためのもの５／３２）,・バーナを通過しない空気供給に関する配置
uploaded,タイトル変更,F23C 7/02 302,F23C 7/02 302,・・バ－ナの直近におけるもの,・・バーナの直近におけるもの
uploaded,タイトル変更,F23C 7/02 303,F23C 7/02 303,・・バ－ナの遠方におけるもの,・・バーナの遠方におけるもの
uploaded,タイトル変更,F23C 9/00,F23C 9/00,燃焼生成物または煙道ガスをリサイクルまたは再循環（ｒｅｃｉｒｃｕｌａｔｅ）するための装置を有する燃焼装置（１０／００が優先）［７］,燃焼生成物または燃焼ガスを再循環するための装置に特徴がある燃焼装置（層から浮遊した粒子を再循環させるための手段を有する流動層燃焼装置Ｆ２３Ｃ１０／０２；層から物質を除去および部分的に再導入する装置を有する流動層燃焼装置Ｆ２３Ｃ１０／２６）［１，７，８］
uploaded,タイトル変更,F23C 99/00 304,F23C 99/00 304,・騒音を防止するもの（燃焼技術よるもののみ）,・騒音を防止するもの
uploaded,タイトル変更,F23C 99/00 305,F23C 99/00 305,・粉体を主に空中で燃焼するもの（バ－ナはＦ２３Ｄ１／００）,・粉体を主に空中で燃焼するもの（バーナＦ２３Ｄ１／００）
uploaded,タイトル変更,F23C 99/00 307,F23C 99/00 307,・ＳＯ↓ｘ発生を抑制するもの（炉内脱硫）,・ＳＯ↓ｘ発生を抑制するもの，例．炉内脱硫
uploaded,タイトル変更,F23C 99/00 311,F23C 99/00 311,・・空燃比の調整によるもの（３２２，３２３，３２５，３２９が優先）,・・空燃比の調整によるもの（Ｆ２３Ｃ９９／００，３２２，　Ｆ２３Ｃ９９／００，３２３，　Ｆ２３Ｃ９９／００，３２５，　Ｆ２３Ｃ９９／００，３２９が優先）
uploaded,タイトル変更,F23C 99/00 314,F23C 99/00 314,・・特殊な火炎の形状によるもの（例．分割炎，扁平炎）,・・特殊な火炎の形状によるもの，例．分割炎または扁平炎
uploaded,タイトル変更,F23C 99/00 316,F23C 99/00 316,・・冷却することによるもの（３１４，３１８，３３１，３３２が優先）,・・冷却することによるもの（Ｆ２３Ｃ９９／００，３１４，Ｆ２３Ｃ９９／００，３３１，Ｆ２３Ｃ９９／００，３３２が優先；排ガス供給によるものはＦ２３Ｃ９／０８，４００～Ｆ２３Ｃ９／０８，４０３）
uploaded,タイトル変更,F23C 99/00 331,F23C 99/00 331,・・不活性ガス供給によるもの（排ガス供給によるもの３１８）,・・不活性ガス供給によるもの（排ガス供給によるものはＦ２３Ｃ９／０８，４００～Ｆ２３Ｃ９／０８，４０３）
uploaded,タイトル変更,F23D 14/68,F23D 14/68,・・燃焼空気または燃焼ガスの処理，例．ろ過または加湿によるもの，［４］,・・燃焼空気または燃焼ガスの処理，例．ろ過または加湿によるもの［４］
uploaded,タイトル変更,F23D 23/00,F23D 23/00,２またはそれ以上のバーナの組合せ（炎を保持するための装備をもつガスバーナＦ２３Ｄ１４／２６；）,２またはそれ以上のバーナの組合せ（炎を保持するための装備をもつガスバーナＦ２３Ｄ１４／２６）
uploaded,タイトル変更,F23G 7/00,F23G 7/00,産業廃棄物，例．化学薬品，を焼き尽くすための焼却または他の装置（焼却便所Ａ４７Ｋ１１／０２；汚泥の酸化Ｃ０２Ｆ１１／０６；バーナー一般，バーナーの細部Ｆ２３Ｄ；放射性廃棄物の焼却Ｇ２１Ｆ９／００）［４］,特定の廃棄物または低級燃料，例．化学薬品，の燃焼に特に適合した方法または装置，例．焼却炉（Ｆ２３Ｇ１／００が優先；焼却便所Ａ４７Ｋ１１／０２；汚泥の酸化Ｃ０２Ｆ１１／０６；放射性廃棄物の焼却Ｇ２１Ｆ９／００）［４，８］
uploaded,タイトル変更,F23G 7/00 102 A,F23G 7/00 102 A,都市ごみとの混焼〔Ｂが優先〕,都市ごみとの混焼（Ｆ２３Ｇ７／００，１０２Ｂが優先）
uploaded,タイトル変更,F23G 7/00 104 C,F23G 7/00 104 C,工場廃水汚泥，〔例．ＰＣＢ含有汚泥〔含有成分に特徴があるもの〕〕,工場廃水汚泥，例．ＰＣＢ含有汚泥
uploaded,タイトル変更,F23G 7/00 D,F23G 7/00 D,・金属または金属含有廃棄物〔電線等は含まず〕,・金属または金属含有廃棄物
uploaded,タイトル変更,F23G 7/00 E,F23G 7/00 E,・有害物質〔農薬，ＰＣＢ等〕,・有害物質，例．農薬またはＰＣＢ
uploaded,タイトル変更,F23G 7/00 G,F23G 7/00 G,・有害気体〔例．ハロゲン含有ガス，シアンガス等〕発生物質,・有害気体，例．ハロゲン含有ガスまたはシアンガス，を発生する物質
uploaded,タイトル変更,F23G 7/00 K,F23G 7/00 K,・食品産業廃棄物〔魚貝類含む〕,・食品産業廃棄物，例．魚介類の産業廃棄物
uploaded,タイトル変更,F23G 7/04,F23G 7/04,・廃液，例．亜硫酸液のためのもの［４］,・廃液，例．亜硫酸液，のためのもの［４］
uploaded,タイトル変更,F23G 7/04 601 E,F23G 7/04 601 E,・パルプ廃液・黒液,・パルプ廃液，すなわち黒液
uploaded,タイトル変更,F23G 7/04 601 K,F23G 7/04 601 K,スラツジ・スラリ－,スラッジまたはスラリー
uploaded,タイトル変更,F23G 7/04 601 N,F23G 7/04 601 N,硫黄・硫化水素含有廃液,硫黄または硫化水素を含有する廃液
uploaded,タイトル変更,F23G 7/04 602 B,F23G 7/04 602 B,回転炉（ロ－タリ－キルン）,回転炉，すなわちロータリーキルン
uploaded,タイトル変更,F23G 7/04 602 D,F23G 7/04 602 D,蒸発型・液溜型（ｅｘポツト）,蒸発型または液溜型，例．ポット
uploaded,タイトル変更,F23G 7/04 602 J,F23G 7/04 602 J,・噴霧媒体（空気、蒸気）による噴霧,・噴霧媒体，例．空気または蒸気，による噴霧
uploaded,タイトル変更,F23G 7/04 603 C,F23G 7/04 603 C,・・エマルジヨン（乳化）処理,・・エマルジョン処理，すなわち乳化処理
uploaded,タイトル変更,F23G 7/04 603 G,F23G 7/04 603 G,・吸収剤・吸着剤を添加するもの,・吸収剤または吸着剤を添加するもの
uploaded,タイトル変更,F23G 7/04 603 K,F23G 7/04 603 K,気化・蒸発,気化または蒸発
uploaded,タイトル変更,F23G 7/05 A,F23G 7/05 A,前処理、例．加熱、溶解、添加物,前処理，例．加熱，溶解または添加物の使用による処理
uploaded,タイトル変更,F23G 7/05 B,F23G 7/05 B,蒸発燃焼式、例．液膜式、のもの,蒸発燃焼式，例．液膜式，のもの
uploaded,タイトル変更,F23G 7/05 C,F23G 7/05 C,・滴下〔ドリツプ〕式,・滴下式，すなわちドリップ式
uploaded,タイトル変更,F23G 7/05 D,F23G 7/05 D,・受皿〔ポツト〕式,・受皿式，すなわちポット式
uploaded,タイトル変更,F23G 7/05 F,F23G 7/05 F,・圧力による霧化〔圧力噴霧式〕,・圧力による霧化，すなわち圧力噴霧式
uploaded,タイトル変更,F23G 7/05 H,F23G 7/05 H,・遠心力による霧化〔ロ－タリ式〕,・遠心力による霧化，すなわちロータリ式
uploaded,タイトル変更,F23G 7/05 M,F23G 7/05 M,・・・エマルジヨン（乳化）処理,・・・エマルジョン処理，すなわち乳化処理
uploaded,タイトル変更,F23G 7/05 R,F23G 7/05 R,・・吸収剤・吸着剤を添加するもの,・・吸収剤または吸着剤を添加するもの
uploaded,タイトル変更,F23G 7/05 U,F23G 7/05 U,・気化・蒸発,・気化または蒸発
uploaded,タイトル変更,F23G 7/06,F23G 7/06,・廃ガスまたは有害ガス，例．排気ガス，のためのもの（機械，機関一般または内燃機関用排気装置Ｆ０１Ｎ；固体または液体燃料の１次燃焼からの未燃焼物のためのものＦ２３Ｂ５／００，Ｆ２３Ｃ９／００）［４］,・廃ガスまたは有害ガス，例．排気ガス，のためのもの（機関のための排気装置で，排気を無害にする手段，例．熱または触媒による変換，のあるものＦ０１Ｎ３／０８；固体または液体燃料の燃焼用装置内での１次燃焼からの未燃焼物の燃焼Ｆ２３Ｂ，Ｆ２３Ｃ）［４］
uploaded,タイトル変更,F23G 7/06 101,F23G 7/06 101,・・補助加熱用流体燃料バ－ナ－を用いるもの（１０２，１０３が優先）,・・補助加熱用流体燃料バーナーを用いるもの（Ｆ２３Ｇ７／０７，Ｆ２３Ｇ７／０６，１０３が優先）
uploaded,タイトル変更,F23G 7/06 103,F23G 7/06 103,・・蓄熱体，例．赤熱体，耐火格子，耐熱格子，を用いるもの,・・蓄熱体，例．赤熱体，耐火格子または耐熱格子，を用いるもの
uploaded,タイトル変更,F23G 7/06 104,F23G 7/06 104,・・電気加熱により補助加熱をするもの（１０２，１０３が優先）,・・電気加熱により補助加熱をするもの（Ｆ２３Ｇ７／０７，Ｆ２３Ｇ７／０６，１０３が優先）
uploaded,タイトル変更,F23G 7/06 105,F23G 7/06 105,・・補助加熱用流体燃料を添加するもの（１０２，１０３が優先）,・・補助加熱用流体燃料を添加するもの（Ｆ２３Ｇ７／０７，Ｆ２３Ｇ７／０６，１０３が優先）
uploaded,タイトル変更,F23G 7/06 C,F23G 7/06 C,・コ－クス炉の廃ガスのためのもの,・コークス炉の廃ガスのためのもの
uploaded,タイトル変更,F23G 7/06 E,F23G 7/06 E,ごみ焼却炉の廃ガスのためのもの〔１次燃焼との結合のあるものは５／１４，５／１６〕,ごみ焼却炉の廃ガスのためのもの（１次燃焼との結合のあるものはＦ２３Ｇ５／１４，Ｆ２３Ｇ５／１６）
uploaded,タイトル変更,F23G 7/06 G,F23G 7/06 G,スト－ブ，コンロの廃ガスのためのもの〔１次燃焼との結合のあるものはＦ２３Ｂ５／００，Ｆ２３Ｃ６／０４，９／０６〕,ストーブまたはコンロの廃ガスのためのもの（１次燃焼との結合のあるものはＦ２３Ｂ９０／０４，Ｆ２３Ｃ６／０４，Ｆ２３Ｃ９／０６）
uploaded,タイトル変更,F23G 7/06 J,F23G 7/06 J,Ｎｏ↓ｘ発生の抑制，Ｎｏ↓ｘ含有ガスのためのもの,Ｎｏ↓ｘ発生の抑制；Ｎｏ↓ｘ含有ガスのためのもの
uploaded,タイトル変更,F23G 7/06 K,F23G 7/06 K,吸着，吸収操作の再処理工程からの廃ガスのためのもの,吸着または吸収操作の再処理工程からの廃ガスのためのもの
uploaded,タイトル変更,F23G 7/06 M,F23G 7/06 M,焼却技術〔プロセス等〕,焼却技術，例．焼却プロセス
uploaded,タイトル変更,F23G 7/06 N,F23G 7/06 N,有害性の強いガスのためのもの〔ＰＣＢ，シアン，シラン等〕,有害性の強いガスのためのもの，例．ＰＣＢ，シアンまたはシランのためのもの
uploaded,タイトル変更,F23G 7/08 A,F23G 7/08 A,グランドフレアスタツク,グランドフレアスタック
uploaded,タイトル変更,F23G 7/14,F23G 7/14,・汚染，例．油による汚染，した土壌のためのもの［４］,・汚染した土壌のためのもの，例．油により汚染した土壌［４］
uploaded,タイトル変更,F23J 15/00 A,F23J 15/00 A,ＮＯ↓ｘを除去するための装置の配置〔Ｇが優先〕,ＮＯ↓ｘを除去するための装置の配置（Ｆ２３Ｊ１５／００Ｇが優先）
uploaded,タイトル変更,F23J 15/00 B,F23J 15/00 B,ＳＯ↓ｘを除去するための装置の配置〔Ｇが優先〕,ＳＯ↓ｘを除去するための装置の配置（Ｆ２３Ｊ１５／００Ｇが優先）
uploaded,タイトル変更,F23J 15/00 F,F23J 15/00 F,白煙防止〔一般Ｆ２８Ｃ１／１６〕,白煙防止
uploaded,タイトル変更,F23J 15/00 H,F23J 15/00 H,触媒の配置〔Ａ，Ｂが優先〕,触媒の配置（Ｆ２３Ｊ１５／００Ａ，Ｆ２３Ｊ１５／００Ｂが優先）
uploaded,タイトル変更,F28D 15/02 103 J,F28D 15/02 103 J,ウイツクノ支持に特徴のあるもの,ウイツクの支持に特徴のあるもの
uploaded,タイトル変更,F41C 23/04,F41C 23/04,・折りたたみ式またはテレスコピック式の銃床または銃床部品（連結式または折りたたみ式銃Ｆ４１Ａ１１／０４）［５］,・折りたたみ式またはテレスコピック式の銃床または銃床部品［５］
uploaded,タイトル変更,G01F 1/00,G01F 1/00,体積流量の測定流体が連続流で計器を通過するときの流体もしくは流動性固体の体積流量または質量流量の測定（体積流量の比例の測定５／００；流速の測定Ｇ０１Ｐ５／００；流れの有無の指示Ｇ０１Ｐ１３／００；量または比率調整Ｇ０５Ｄ）,流体が連続流で計器を通過するときの流体もしくは流動性固体の体積流量または質量流量の測定（体積流量の比例の測定Ｇ０１Ｆ５／００［２］
uploaded,タイトル変更,G01F 1/00 F,G01F 1/00 F,流量算出〔算出回路〕,流量算出，例．算出回路
uploaded,タイトル変更,G01F 1/00 G,G01F 1/00 G,付側部材・取付部材に特徴のあるもの〔例．フイルタ〕,付側部材・取付部材に特徴のあるもの，例．フィルタ
uploaded,タイトル変更,G01F 1/00 H,G01F 1/00 H,・流量の推定方法〔例．水位から〕,・流量の推定方法，例．水位から
uploaded,タイトル変更,G01F 1/00 J,G01F 1/00 J,特殊な検出装置により流量算出〔例．光〕,特殊な検出装置により流量算出，例．光
uploaded,タイトル変更,G01F 1/00 K,G01F 1/00 K,流速分布に関するもの〔→Ｇ０１Ｐ１３／００Ｄ〕,流速分布を考慮するもの
uploaded,タイトル変更,G01F 1/00 M,G01F 1/00 M,・特殊な流体〔含．粘土〕,・特殊な流体，例．粘土
uploaded,タイトル変更,G01F 1/00 N,G01F 1/00 N,・・原子炉〔Ｎａ，Ｈ〕に用いるもの,・・原子炉に用いるもの，例．Ｎａ，Ｈ
uploaded,タイトル変更,G01F 1/00 P,G01F 1/00 P,・・溶鉱炉〔Ｆｅ，Ｎｅ〕に用いるもの,・・溶鉱炉に用いるもの，例．Ｆｅ，Ｎｅ
uploaded,タイトル変更,G01F 1/00 Q,G01F 1/00 Q,・・医療〔血，体液〕に用いるもの,・・医療に用いるもの，例．血，体液
uploaded,タイトル変更,G01F 1/00 R,G01F 1/00 R,検出部に特徴のあるもの〔例．センサ－〕,検出部に特徴のあるもの，例．センサ
uploaded,タイトル変更,G01F 1/00 S,G01F 1/00 S,・副管〔側路，バイパス管〕を用いるもの,・副管を用いるもの，例．側路，バイパス管を用いるもの
uploaded,タイトル変更,G01F 1/00 T,G01F 1/00 T,・もれ，断水検知，異常検知，安全装置〔→Ｇ０１Ｎ〕,・もれ，断水検知，異常検知，安全装置
uploaded,タイトル変更,G01F 1/00 U,G01F 1/00 U,・検流計〔→Ｇ０１Ｐ１３／００〕,・検流計（検流計自体はＧ０１Ｐ１３／００）
uploaded,タイトル変更,G01F 1/00 V,G01F 1/00 V,流量計の切替〔異種，レンジ→７／００〕,流量計の切替，例．異種，レンジの切替（複合流量計はＧ０１Ｆ７／００）
uploaded,タイトル変更,G01F 1/00 W,G01F 1/00 W,器差補正〔含・温度・圧力補償〕,器差補正，例．温度，圧力補償
uploaded,タイトル変更,G01F 1/00 X,G01F 1/00 X,流量制御〔→１３／００〕,流量制御
uploaded,タイトル変更,G01F 1/00 Y,G01F 1/00 Y,表示〔遠隔指示〕,表示，例．遠隔指示
uploaded,タイトル変更,G01F 1/05,G01F 1/05,・機械的な効果を使用するもの,・機械的な効果を使用するもの［２］
uploaded,タイトル変更,G01F 1/06,G01F 1/06,・・接線式の回転翼を使用するもの,・・接線式の回転翼を使用するもの［２］
uploaded,タイトル変更,G01F 1/06 A,G01F 1/06 A,単箱式水道メ－タ,単箱式水道メータ
uploaded,タイトル変更,G01F 1/06 B,G01F 1/06 B,複箱式水道メ－タ,複箱式水道メータ
uploaded,タイトル変更,G01F 1/06 Z,G01F 1/06 Z,その他のもの,その他
uploaded,タイトル変更,G01F 1/07,G01F 1/07,・・・指示装置と機械的結合をもつもの,・・・指示装置と機械的結合をもつもの［２］
uploaded,タイトル変更,G01F 1/075,G01F 1/075,・・・指示装置と磁気的または電気的結合をもつもの,・・・指示装置と磁気的または電気的結合をもつもの［２］
uploaded,タイトル変更,G01F 1/08,G01F 1/08,・・・そのための調整，補正または補償手段,・・・そのための調整，補正または補償手段［２］
uploaded,タイトル変更,G01F 1/01,G01F 1/01,・・軸流式の回転翼を使用するもの,・・軸流式の回転翼を使用するもの［２］
uploaded,タイトル変更,G01F 1/11,G01F 1/11,・・・指示装置と機械的結合をもつもの,・・・指示装置と機械的結合をもつもの［２］
uploaded,タイトル変更,G01F 1/115,G01F 1/115,・・・指示装置と磁気的または電気的結合をもつもの,・・・指示装置と磁気的または電気的結合をもつもの［２］
uploaded,タイトル変更,G01F 1/02,G01F 1/02,・・流体流量の力学的効果を検出することによるもの,・・流体流量の力学的効果を検出することによるもの［２］
uploaded,タイトル変更,G01F 1/02 C,G01F 1/02 C,・翼の移動を検出するもの〔翼式流量計〕,・翼の移動を検出するもの，翼式流量計
uploaded,タイトル変更,G01F 1/02 D,G01F 1/02 D,・部材の振動を検出するもの〔渦流量計を除く〕,・部材の振動を検出するもの（渦型流量計はＧ０１Ｆ１／３２）
uploaded,タイトル変更,G01F 1/02 E,G01F 1/02 E,・フルイデツク流量計,・フルイデック流量計
uploaded,タイトル変更,G01F 1/02 F,G01F 1/02 F,・流れの落下形状・位置を検出するもの,・流れの落下形状，位置を検出するもの
uploaded,タイトル変更,G01F 1/02 G,G01F 1/02 G,・点滴数を計数するもの〔微少流量計〕,・点滴数を計数するもの，微少流量計
uploaded,タイトル変更,G01F 1/22,G01F 1/22,・・・面積流量計,・・・面積流量計［２］
uploaded,タイトル変更,G01F 1/22 A,G01F 1/22 A,テ－パ管を用いたもの,テーパ管を用いたもの
uploaded,タイトル変更,G01F 1/22 B,G01F 1/22 B,スプリングにより浮子（受圧板）が偏倚されるもの,スプリングにより浮子，受圧板が偏倚されるもの
uploaded,タイトル変更,G01F 1/22 C,G01F 1/22 C,浮子（受圧板）の構造に特徴のあるもの,浮子，受圧板の構造に特徴のあるもの
uploaded,タイトル変更,G01F 1/22 Z,G01F 1/22 Z,その他のもの,その他
uploaded,タイトル変更,G01F 1/24,G01F 1/24,・・・・指示装置と磁気的または電気的結合をもつもの,・・・・指示装置と磁気的または電気的結合をもつもの［２］
uploaded,タイトル変更,G01F 1/26,G01F 1/26,・・・・弁型のもの,・・・・弁型のもの［２］
uploaded,タイトル変更,G01F 1/28,G01F 1/28,・・・牽引力によるもの，例．ベーン型または衝撃式流量計,・・・牽引力によるもの，例．ベーン型または衝撃式流量計［２］
uploaded,タイトル変更,G01F 1/03,G01F 1/03,・・・・流動性固体用,・・・・流動性固体用［２］
uploaded,タイトル変更,G01F 1/32,G01F 1/32,・・・渦型流量計，例．カルマン渦を用いるもの,・・・渦型流量計，例．カルマン渦を用いるもの［２］
uploaded,タイトル変更,G01F 1/32 C,G01F 1/32 C,・渦発生補助体〔含・管路に特徴のあるもの〕,・渦発生補助体，例．管路に特徴のあるもの
uploaded,タイトル変更,G01F 1/32 E,G01F 1/32 E,・・側面に検知部材を設置〔感圧・静電・温度〕,・・側面に検知部材を設置
uploaded,タイトル変更,G01F 1/32 F,G01F 1/32 F,・・導圧孔を有するもの〔サ－ミスタ・光・感圧素子〕,・・導圧孔を有するもの
uploaded,タイトル変更,G01F 1/32 G,G01F 1/32 G,・・・ダイヤフラムに特徴のあるもの,・・・ダイアフラムに特徴のあるもの
uploaded,タイトル変更,G01F 1/32 L,G01F 1/32 L,・・流路中の振動する部材の歪〔含渦発生体自体〕,・・流路中の振動する部材の歪，例．渦発生体自体の歪
uploaded,タイトル変更,G01F 1/32 M,G01F 1/32 M,・・・感圧素子によるもの〔含．ストレイン・ゲ－ジ〕,・・・感圧素子によるもの，例．歪ゲージ
uploaded,タイトル変更,G01F 1/32 S,G01F 1/32 S,・・渦の有無を直接検知〔含．超音波〕,・・渦の有無を直接検知，例．超音波
uploaded,タイトル変更,G01F 1/32 W,G01F 1/32 W,スワ－ル型,スワール型
uploaded,タイトル変更,G01F 1/34,G01F 1/34,・・圧力または差圧測定によるもの,・・圧力または差圧測定によるもの［２］
uploaded,タイトル変更,G01F 1/34 C,G01F 1/34 C,ソニツクノズルによる流量計,ソニックノズルによる流量計
uploaded,タイトル変更,G01F 1/34 Z,G01F 1/34 Z,その他のもの,その他
uploaded,タイトル変更,G01F 1/36,G01F 1/36,・・・圧力または差圧が絞りを用いることにより作られるもの,・・・圧力または差圧が絞りを用いることにより作られるもの［２］
uploaded,タイトル変更,G01F 1/37,G01F 1/37,・・・・圧力または差圧が連通管または可動液面を伴なう槽によって測定されるもの，例．Ｕ字管によるもの,・・・・圧力または差圧が連通管または可動液面を伴なう槽によって測定されるもの，例．Ｕ字管によるもの［２］
uploaded,タイトル変更,G01F 1/38,G01F 1/38,・・・・圧力または差圧が可動部材によって測定されるもの，例．ダイアフラム，ピストン，ブルドン管または可撓性のカプセル,・・・・圧力または差圧が可動部材によって測定されるもの，例．ダイアフラム，ピストン，ブルドン管または可撓性のカプセル［２］
uploaded,タイトル変更,G01F 1/04,G01F 1/04,・・・・流れ絞り装置の構造の細部,・・・・流れ絞り装置の構造の細部［２］
uploaded,タイトル変更,G01F 1/42,G01F 1/42,・・・・・オリフイスまたはノズル,・・・・・オリフィスまたはノズル［２］
uploaded,タイトル変更,G01F 1/42 A,G01F 1/42 A,オリフイスプレ－トを用いたもの,オリフィスプレートを用いたもの
uploaded,タイトル変更,G01F 1/42 C,G01F 1/42 C,可変オリフイス（絞り）を用いたもの,可変オリフィスを用いたもの
uploaded,タイトル変更,G01F 1/42 D,G01F 1/42 D,特殊なオリフイス（絞り）を用いたもの,特殊なオリフィスを用いたもの
uploaded,タイトル変更,G01F 1/42 Z,G01F 1/42 Z,その他のもの,その他
uploaded,タイトル変更,G01F 1/44,G01F 1/44,・・・・・ベンチュリー管,・・・・・ベンチュリー管［２］
uploaded,タイトル変更,G01F 1/46,G01F 1/46,・・・・・ピトー管（流体速度の測定に特に適合したものＧ０１Ｐ５／１６５）,・・・・・ピトー管［２］
uploaded,タイトル変更,G01F 1/48,G01F 1/48,・・・圧力または差圧が毛細管部材によって作られるもの,・・・圧力または差圧が毛細管部材によって作られるもの［２］
uploaded,タイトル変更,G01F 1/05,G01F 1/05,・・・補正または補償手段,・・・補正または補償手段［２］
uploaded,タイトル変更,G01F 1/52,G01F 1/52,・・流体流の揚力による液面の高さを測定することによるもの,・・流体流の揚力による液面の高さを測定することによるもの［２］
uploaded,タイトル変更,G01F 1/52 A,G01F 1/52 A,フリユ－ム式流量計,フリューム式流量計
uploaded,タイトル変更,G01F 1/52 Z,G01F 1/52 Z,その他のもの,その他
uploaded,タイトル変更,G01F 1/54,G01F 1/54,・・流れによって導びかれ，そして動かされる鎖，可撓性の帯またはワイヤーの手段によるもの,・・流れによって導びかれ，そして動かされる鎖，可撓性の帯またはワイヤーの手段によるもの［２］
uploaded,タイトル変更,G01F 1/56,G01F 1/56,・電気的または磁気的な効果を使用するもの（１／６６が優先）,・電気的または磁気的な効果を使用するもの（Ｇ０１Ｆ１／６６が優先）［２］
uploaded,タイトル変更,G01F 1/58,G01F 1/58,・・電磁流量計,・・電磁流量計［２］
uploaded,タイトル変更,G01F 1/58 A,G01F 1/58 A,導管Ｉ〔ライニング等〕,導管Ｉ，例．ライニング
uploaded,タイトル変更,G01F 1/58 B,G01F 1/58 B,導管ＩＩ〔フランジ，接続〕,導管ＩＩ，例．フランジ，接続
uploaded,タイトル変更,G01F 1/58 C,G01F 1/58 C,電極Ｉ〔構造；洗浄〕,電極Ｉ，例．構造；洗浄
uploaded,タイトル変更,G01F 1/58 D,G01F 1/58 D,電極ＩＩ〔複数電極等〕,電極ＩＩ，例．複数電極等
uploaded,タイトル変更,G01F 1/58 E,G01F 1/58 E,磁界発生〔コイル・コア・磁石等〕,磁界発生，例．コイル，コア，磁石等
uploaded,タイトル変更,G01F 1/58 H,G01F 1/58 H,ア－ス,アース
uploaded,タイトル変更,G01F 1/58 J,G01F 1/58 J,ケ－ス〔端子箱，端子板〕,ケース，例．端子箱，端子板
uploaded,タイトル変更,G01F 1/58 M,G01F 1/58 M,リ－ド線,リード線
uploaded,タイトル変更,G01F 1/58 P,G01F 1/58 P,シ－ルドドライブ,シールドドライブ
uploaded,タイトル変更,G01F 1/58 Z,G01F 1/58 Z,その他のもの,その他
uploaded,タイトル変更,G01F 1/06,G01F 1/06,・・・そのための回路,・・・そのための回路［２］
uploaded,タイトル変更,G01F 1/64,G01F 1/64,・・流体流中を流れる電流を測定することによるもの；流体流によって生じる電位を測定することによるもの，例．電気化学的な，接触，または摩擦効果によるもの（１／５８が優先）,・・流体流中を流れる電流を測定することによるもの；流体流によって生じる電位を測定することによるもの，例．電気化学的な，接触，または摩擦効果によるもの（Ｇ０１Ｆ１／５８が優先）［２］
uploaded,タイトル変更,G01F 1/66,G01F 1/66,・電磁波または他の波の周波数，位相変化，伝播時間を測定することによるもの，例．超音波流量計,・電磁波または他の波の周波数，位相変化，伝播時間を測定することによるもの，例．超音波流量計［２］
uploaded,タイトル変更,G01F 1/66 103,G01F 1/66 103,・・ドツプラ－効果を利用するもの,・・ドップラー効果を利用するもの
uploaded,タイトル変更,G01F 1/66 Z,G01F 1/66 Z,その他のもの,その他
uploaded,タイトル変更,G01F 1/68,G01F 1/68,・熱的効果を使用するもの,・熱的効果を使用するもの［２］
uploaded,タイトル変更,G01F 1/704,G01F 1/704,・流体流中にマークした領域または存在する不均一性，例．統計的に流体パラメーターに生ずる変化，を用いるもの（１／７６，２５／００が優先）,・流体流中にマークした領域または存在する不均一性，例．統計的に流体パラメーターに生ずる変化，を用いるもの（Ｇ０１Ｆ１／７６，Ｇ０１Ｆ２５／００が優先）［４］
uploaded,タイトル変更,G01F 1/708,G01F 1/708,・・一定距離を走行する時間を測定するもの,・・一定距離を走行する時間を測定するもの［４］
uploaded,タイトル変更,G01F 1/712,G01F 1/712,・・・自己相関検出手段または相互相関検出手段を使用するもの（相関法による速度の測定一般Ｇ０１Ｐ３／８０，５／２２）,・・・自己相関検出手段または相互相関検出手段を使用するもの［４］
uploaded,タイトル変更,G01F 1/716,G01F 1/716,・・・電子常磁性共鳴（ＥＰＲ）または核磁気共鳴（ＮＭＲ）を用いるもの,・・・電子常磁性共鳴（ＥＰＲ）または核磁気共鳴（ＮＭＲ）を用いるもの［４］
uploaded,タイトル変更,G01F 1/72,G01F 1/72,・脈動する流体流を測定するための装置,・脈動する流体流を測定するための装置［２］
uploaded,タイトル変更,G01F 1/74,G01F 1/74,・他の流体中に浮遊している流体の流量または流動性固体の流量を測定するための装置,・他の流体中に浮遊している流体の流量または流動性固体の流量を測定するための装置［２］
uploaded,タイトル変更,G01F 1/76,G01F 1/76,・流体または流動性固体の質量流量を測定するための装置（流量の中で物質の連続流を秤りによって計るものＧ０１Ｇ１１／００）,・流体または流動性固体の質量流量を測定するための装置［２］
uploaded,タイトル変更,G01F 1/78,G01F 1/78,・・直接的質量流量計,・・直接的質量流量計［２］
uploaded,タイトル変更,G01F 1/08,G01F 1/08,・・・回転運動が得られるところの流体の流れの圧力，力，運動量または周波数を測定することによって作動するもの,・・・回転運動が得られるところの流体の流れの圧力，力，運動量または周波数を測定することによって作動するもの［２］
uploaded,タイトル変更,G01F 1/82,G01F 1/82,・・・・翼車の如き駆動される回転輪と，弾性部材，例．バネ部材，によって角度的に制動された一つもしくはそれ以上の回転輪または可動素子を測定装置として用いるもの,・・・・翼車の如き駆動される回転輪と，弾性部材，例．バネ部材，によって角度的に制動された一つもしくはそれ以上の回転輪または可動素子を測定装置として用いるもの［２］
uploaded,タイトル変更,G01F 1/84,G01F 1/84,・・・・ジャイロスコープ式質量流量計,・・・・コリオリ式またはジャイロスコープ式質量流量計［２］
uploaded,タイトル変更,G01F 1/86,G01F 1/86,・・間接的質量流量計，例．体積流量と密度，温度または圧力を測るもの,・・間接的質量流量計，例．体積流量と密度，温度または圧力を測るもの［２］
uploaded,タイトル変更,G01F 1/88,G01F 1/88,・・・体積流量を決定するために差圧測定を行なうもの,・・・体積流量を決定するために差圧測定を行なうもの［２］
uploaded,タイトル変更,G01F 1/09,G01F 1/09,・・・体積流量を決定するために正の変位計またはタービンメータを用いるもの,・・・体積流量を決定するために正の変位計またはタービンメータを用いるもの［２］
uploaded,タイトル変更,G01N 27/00 B,G01N 27/00 B,・素子の構造装置の構造,・素子の構造，装置の構造
uploaded,タイトル変更,G01N 27/46 386 G,G01N 27/46 386 G,特定成の濃度の測定,特定成分の濃度の測定
uploaded,タイトル変更,G01S 7/292,G01S 7/292,・・・・所望の反響信号の抽出［５］,・・・・所望のエコー信号の抽出［５］
uploaded,タイトル変更,G01S 7/32,G01S 7/32,・・・・反響パルス信号の整形；反響パルス信号から非パルス信号の導出［５］,・・・・エコーパルス信号の整形；エコーパルス信号から非パルス信号の導出［５］
uploaded,タイトル変更,G01S 7/41,G01S 7/41,・・物標の特徴づけのためエコー信号の分析を用いるもの；物標の特色；物標の断面［６］,・・対象物の特性評価のためのエコー信号の分析を用いるもの；対象物の特徴；対象物の断面積［６］
uploaded,タイトル変更,G01S 7/487,G01S 7/487,・・・・所望の反響信号の抽出［６］,・・・・所望のエコー信号の抽出［６］
uploaded,タイトル変更,G01S 7/493,G01S 7/493,・・・所望の反響信号の抽出［６］,・・・所望のエコー信号の抽出［６］
uploaded,タイトル変更,G01S 7/52 D,G01S 7/52 D,ビ－ム形成,ビーム形成
uploaded,タイトル変更,G01S 7/52 E,G01S 7/52 E,・ビ－ム走査,・ビーム走査
uploaded,タイトル変更,G01S 7/52 F,G01S 7/52 F,・フオ－カシング,・フォーカシング
uploaded,タイトル変更,G01S 7/521 A,G01S 7/521 A,トランスジユ－サの構造,トランスジューサの構造
uploaded,タイトル変更,G01S 7/524 R,G01S 7/524 R,送信制御〔周波数，パルス繰返し周期〕,送信制御，例．周波数，パルス繰返し周期
uploaded,タイトル変更,G01S 7/526 K,G01S 7/526 K,・利得の調整〔ＡＧＣ，ＴＶＧ，ＳＴＣ等〕（７／５２９優先）,・利得の調整，例．ＡＧＣ，ＴＶＧ，ＳＴＣ（Ｇ０１Ｓ７／５２９が優先）
uploaded,タイトル変更,G01S 7/527,G01S 7/527,・・・・所望の反響信号の抽出［６］,・・・・所望のエコー信号の抽出［６］
uploaded,タイトル変更,G01S 7/536,G01S 7/536,・・・所望の反響信号の抽出［６］,・・・所望のエコー信号の抽出［６］
uploaded,タイトル変更,G01S 7/539,G01S 7/539,・・物標の特徴づけのためのエコー信号の分析を用いるもの；物標の特色；物標の断面［６］,・・対象物の特性評価のためのエコー信号の分析を用いるもの；対象物の特徴；対象物の断面積［６］
uploaded,タイトル変更,G01S 7/62 A,G01S 7/62 A,水中探知機用のもの〔例．探知情報表示装置〕,水中探知機用のもの，例．探知情報表示装置
uploaded,タイトル変更,G01S 13/534,G01S 13/534,・・・・・・周囲のクラッタ反響信号に関して，物体の運動から生じる振幅または位相偏移に基づくもの，例．非コヒーレントＭＴＩ，クラッタ参照ＭＴＩ，外部コヒーレントＭＴＩ［５］,・・・・・・周囲のクラッタエコー信号に関して，物体の運動から生じる振幅または位相偏移に基づくもの，例．非コヒーレントＭＴＩ，クラッタ参照ＭＴＩ，外部コヒーレントＭＴＩ［５］
uploaded,タイトル変更,G01S 13/72,G01S 13/72,・・二次元追跡のためのもの，例．角度追尾と距離追尾の組合せ，トラック・ホワイル・スキャン・レーダ［３］,・・二次元追尾のためのもの，例．角度追尾と距離追尾の組合せ，トラック・ホワイル・スキャン・レーダ［３］
uploaded,タイトル変更,G01S 13/76,G01S 13/76,・・パルス形信号を送信するもの［３］,・・パルス型信号を送信するもの［３］
uploaded,タイトル変更,G01S 13/82,G01S 13/82,・・持続形信号を送信するもの［３］,・・連続型信号を送信するもの［３］
uploaded,タイトル変更,G02B 1/00,G02B 1/00,使用物質によって特徴づけられた光学要素（光学ガラスの組成Ｃ０３Ｃ３／００；ガラスのための接着Ｃ０３Ｃ２７／００）,使用物質によって特徴づけられた光学要素（光学ガラスの組成Ｃ０３Ｃ３／００）；光学要素のための光学的コーティング
uploaded,タイトル変更,G02B 1/02,G02B 1/02,・結晶，例．岩塩，半導体，で作られたもの（１／０８が優先）,・結晶，例．岩塩，半導体，で作られたもの（Ｇ０２Ｂ１／０８が優先）
uploaded,タイトル変更,G02B 1/04,G02B 1/04,・有機物質，例．合成樹脂，で作られたもの（１／０８が優先）,・有機物質，例．合成樹脂，で作られたもの（Ｇ０２Ｂ１／０８が優先）
uploaded,タイトル変更,G02B 1/01,G02B 1/01,・光学要素への塗布または表面処理によって作られたコーティング，例．反射防止膜（１／０８が優先；ガラスのコーテング一般Ｃ０３Ｃ１７／００）,・光学要素への塗布または表面処理によって作られた光学的コーティング（Ｇ０２Ｂ１／０８が優先）［１，２０１５．０１］
uploaded,タイトル変更,G03B 7/00,G03B 7/00,シャッター，絞り，またはフィルターを，各単独に，または連動して設定することによる露出の制御（光の強度測定Ｇ０１Ｊ；被写体の輝度の変動を補正するための回路を用いる，テレビジョン・カメラの露出の制御Ｈ０４Ｎ５／２３５）,シャッター，絞りまたはフィルターを，各単独に，または連動して設定することによる露出の制御（被写体の輝度の変動を補償するための回路を用いる，テレビジョン・カメラの露出の制御Ｈ０４Ｎ５／２３５）［１，２０１４．０１］
uploaded,タイトル変更,G03B 7/08,G03B 7/08,・カメラにより受けられる光に対し内蔵光感応装置の応答だけにより行なう制御,・カメラにより受けられる光に対し内蔵光感応装置の応答だけにより行なう制御［１，２０１４．０１］
uploaded,タイトル変更,G03B 7/099,G03B 7/099,・・カメラ内のあるいはカメラに取付けられた光電素子の配置［３］,・・カメラ内のあるいはカメラに取付けられた光電素子の配置［３，２０１４．０１］
uploaded,タイトル変更,G03B 7/16,G03B 7/16,・閃光光源の強度と被写体から閃光光源までの距離との両者に適合するもの，例．閃光電球の“ガイドナンバー”とカメラの焦点調節とによるもの,・閃光光源の強度と被写体から閃光光源までの距離との両者に適合するもの，例．閃光電球の“ガイドナンバー”とカメラの焦点調節とによるもの［１，２０１４．０１］
uploaded,タイトル変更,G06F 1/00,G06F 1/00,グループ３／００～１３／００に包含されないデータ処理装置の細部,グループＧ０６Ｆ３／００～Ｇ０６Ｆ１３／００およびＧ０６Ｆ２１／００に包含されないデータ処理装置の細部（プログラム記憶式汎用計算機のアーキテクチャＧ０６Ｆ１５／７６）［１，８］
uploaded,タイトル変更,G06F 1/00 370 A,G06F 1/00 370 A,自動運転，無人運転〔電源制御自体→３３４〕,自動運転または無人運転（電源制御自体Ｇ０６Ｆ１／２６，３３４）
uploaded,タイトル変更,G06F 1/00 370 C,G06F 1/00 370 C,ジヨブ起動,ジョブ起動
uploaded,タイトル変更,G06F 1/00 370 E,G06F 1/00 370 E,使用者限定，不正使用防止,使用者限定または不正使用防止
uploaded,タイトル変更,G06F 1/00 390,G06F 1/00 390,・ガイダンス表示，オペレ－タ呼出,・ガイダンス表示またはオペレータ呼出
uploaded,タイトル変更,G06F 1/00 390 B,G06F 1/00 390 B,メツセ－ジ表示,メッセージ表示
uploaded,タイトル変更,G06F 1/00 390 E,G06F 1/00 390 E,オペレ－タ呼出,オペレータ呼出
uploaded,タイトル変更,G06F 1/04 302,G06F 1/04 302,・・監視・試験,・・監視または試験
uploaded,タイトル変更,G06F 1/04 302 A,G06F 1/04 302 A,クロツク断検出,クロック断検出
uploaded,タイトル変更,G06F 15/00 410,G06F 15/00 410,・ネットワークトシステムにおいて、ユーザ情報を利用してユーザシステム側で表示等を行うもの,・ネットワークシステムにおいて，ユーザ情報を利用してユーザシステム側で動作，例．表示，を行うもの
uploaded,タイトル変更,G06F 15/00 410 C,G06F 15/00 410 C,ユーザ情報を利用したプロファイルの作成・利用,ユーザ情報を利用したプロファイルの作成または利用
uploaded,タイトル変更,G06F 15/00 420 A,G06F 15/00 420 A,ユーザ情報を利用した接続制御一般,ユーザ情報を利用した接続制御
uploaded,タイトル変更,G06F 15/00 440,G06F 15/00 440,・ネットワークを介したアプリケーション間の協調動作、例．グループウェア,・ネットワークを介したアプリケーション間の協調動作，例．グループウェア
uploaded,タイトル変更,G06F 15/00 440 A,G06F 15/00 440 A,Ｐ２Ｐ（ピアツーピア型システム）を利用したもの、但し、アプリケーション層に特徴のあるものに限る,ピアツーピア型システム［Ｐ２Ｐ］を利用し，且つアプリケーション層に特徴のあるもの
uploaded,タイトル変更,G06F 15/00 440 B,G06F 15/00 440 B,電子会議やホワイトボードを利用したもの、但し、アプリケーション層に特徴のあるものに限る,電子会議やホワイトボードを利用し，且つアプリケーション層に特徴のあるもの
uploaded,タイトル変更,G06F 15/00 440 C,G06F 15/00 440 C,プレゼンス情報を利用したもの、但し、アプリケーション層に特徴のあるものに限る,プレゼンス情報を利用し，且つアプリケーション層に特徴のあるもの
uploaded,タイトル変更,G06F 15/00 470,G06F 15/00 470,・Ｇ０６Ｆ１５／００，４１０－４４０に分類されないもの,・Ｇ０６Ｆ１５／００，４１０～Ｇ０６Ｆ１５／００，４４０に分類されないもの
uploaded,タイトル変更,G06F 15/02,G06F 15/02,・入力はキイ・ボードを通して，計算は組込みプログラムを用いて，手動的に操作するもの，例．ポケット計算機,・入力はキーボードを通して，計算は組込みプログラムを用いて，手動的に操作するもの，例．ポケット計算機
uploaded,タイトル変更,G06F 15/02 301,G06F 15/02 301,・・外観，構造,・・外観または構造に特徴があるもの
uploaded,タイトル変更,G06F 15/02 301 D,G06F 15/02 301 D,・シ－ト形,・シート形
uploaded,タイトル変更,G06F 15/02 301 J,G06F 15/02 301 J,筐体，キヤビネツト,筐体またはキャビネット
uploaded,タイトル変更,G06F 15/02 301 K,G06F 15/02 301 K,スタンド，置台,スタンドまたは置台
uploaded,タイトル変更,G06F 15/02 301 L,G06F 15/02 301 L,ケ－ス，カバ－,ケースまたはカバー
uploaded,タイトル変更,G06F 15/02 301 M,G06F 15/02 301 M,・手帳型ケ－ス,・手帳型ケース
uploaded,タイトル変更,G06F 15/02 301 Q,G06F 15/02 301 Q,・キヤビネツトを基板に兼用するもの,・キャビネットを基板に兼用するもの
uploaded,タイトル変更,G06F 15/02 301 S,G06F 15/02 301 S,シ－ルド，静電気対策,シールドまたは静電気対策
uploaded,タイトル変更,G06F 15/02 305 G,G06F 15/02 305 G,・・クロツクを制御するもの,・・クロックを制御するもの
uploaded,タイトル変更,G06F 15/02 305 J,G06F 15/02 305 J,・・クロツクを制御するもの,・・クロックを制御するもの
uploaded,タイトル変更,G06F 15/02 305 L,G06F 15/02 305 L,電源回路一般,電源回路
uploaded,タイトル変更,G06F 15/02 305 M,G06F 15/02 305 M,・メモリバツクアツプ,・メモリバックアップ
uploaded,タイトル変更,G06F 15/02 305 N,G06F 15/02 305 N,電源異常対策，警報,電源異常対策または警報
uploaded,タイトル変更,G06F 15/02 305 P,G06F 15/02 305 P,クロツク回路,クロック回路
uploaded,タイトル変更,G06F 15/02 305 Q,G06F 15/02 305 Q,オ－トクリア，イニシヤルリセツト,オートクリアまたはイニシャルリセット
uploaded,タイトル変更,G06F 15/02 310,G06F 15/02 310,・・キ－入力部,・・・キー入力部
uploaded,タイトル変更,G06F 15/02 310 A,G06F 15/02 310 A,キ－部構造,キー部構造
uploaded,タイトル変更,G06F 15/02 310 B,G06F 15/02 310 B,・ランプ，照明付,・ランプまたは照明付
uploaded,タイトル変更,G06F 15/02 310 D,G06F 15/02 310 D,特殊キ－,特殊キー
uploaded,タイトル変更,G06F 15/02 310 F,G06F 15/02 310 F,キ－入力回路,キー入力回路
uploaded,タイトル変更,G06F 15/02 310 G,G06F 15/02 310 G,多機能キ－,多機能キー
uploaded,タイトル変更,G06F 15/02 310 J,G06F 15/02 310 J,・位取りキ－，「００」キ－,・位取りキーまたは「００」キー
uploaded,タイトル変更,G06F 15/02 315,G06F 15/02 315,・・表示部,・・・表示部
uploaded,タイトル変更,G06F 15/02 315 B,G06F 15/02 315 B,・フ－ド，カバ－,・フードまたはカバー
uploaded,タイトル変更,G06F 15/02 315 E,G06F 15/02 315 E,・１デ－タ分割表示,・１データ分割表示
uploaded,タイトル変更,G06F 15/02 315 F,G06F 15/02 315 F,・複数デ－タ１表示部,・複数データ１表示部
uploaded,タイトル変更,G06F 15/02 315 M,G06F 15/02 315 M,・・モ－ド，状態表示,・・モードまたは状態表示
uploaded,タイトル変更,G06F 15/02 315 P,G06F 15/02 315 P,・・フアンクシヨン，演算記号の表示,・・ファンクションまたは演算記号の表示
uploaded,タイトル変更,G06F 15/02 315 S,G06F 15/02 315 S,・・エラ－表示,・・エラー表示
uploaded,タイトル変更,G06F 15/02 320,G06F 15/02 320,・・プリンタ付,・・・プリンタ付
uploaded,タイトル変更,G06F 15/02 320 A,G06F 15/02 320 A,機構，構造,機構または構造
uploaded,タイトル変更,G06F 15/02 325,G06F 15/02 325,・・音声電卓,・・・音声電卓
uploaded,タイトル変更,G06F 15/02 330 A,G06F 15/02 330 A,キ－操作に特徴があるもの,キー操作に特徴があるもの
uploaded,タイトル変更,G06F 15/02 330 D,G06F 15/02 330 D,累算，総和,累算または総和
uploaded,タイトル変更,G06F 15/02 330 G,G06F 15/02 330 G,％，割引割増計算,割合計算または割引割増計算
uploaded,タイトル変更,G06F 15/02 330 J,G06F 15/02 330 J,比較，ランキング計算,比較またはランキング計算
uploaded,タイトル変更,G06F 15/02 335,G06F 15/02 335,・・システム，ＬＳＩ,・・システムまたはＬＳＩ
uploaded,タイトル変更,G06F 15/02 335 A,G06F 15/02 335 A,システム一般,システム
uploaded,タイトル変更,G06F 15/02 335 C,G06F 15/02 335 C,・モ－ド切換,・モード切換
uploaded,タイトル変更,G06F 15/02 335 E,G06F 15/02 335 E,・外部装置とのデ－タ入出力,・外部装置とのデータ入出力
uploaded,タイトル変更,G06F 15/02 335 G,G06F 15/02 335 G,・チツプ外メモリとの接続,・チップ外メモリとの接続
uploaded,タイトル変更,G06F 15/02 340,G06F 15/02 340,・・特殊計算，特殊用途,・・特殊計算または特殊用途
uploaded,タイトル変更,G06F 15/02 340 C,G06F 15/02 340 C,カロリ－計算,カロリー計算
uploaded,タイトル変更,G06F 15/02 340 D,G06F 15/02 340 D,ゲ－ム点数計算,ゲーム点数計算
uploaded,タイトル変更,G06F 15/02 340 G,G06F 15/02 340 G,盲人用,視覚障がい者用
uploaded,タイトル変更,G06F 15/02 345,G06F 15/02 345,・・多機能電卓，別装置付電卓,・・多機能電卓または別装置付電卓
uploaded,タイトル変更,G06F 15/02 345 B,G06F 15/02 345 B,・スケ－ル付,・スケール付
uploaded,タイトル変更,G06F 15/02 345 H,G06F 15/02 345 H,・テ－プレコ－ダ付,・テープレコーダ付
uploaded,タイトル変更,G06F 15/02 345 K,G06F 15/02 345 K,ゲ－ム機能付,ゲーム機能付
uploaded,タイトル変更,G06F 15/02 345 L,G06F 15/02 345 L,メロデイ機能付,メロディ機能付
uploaded,タイトル変更,G06F 15/02 350 A,G06F 15/02 350 A,アラ－ム，タイマ－機能,アラームまたはタイマー機能
uploaded,タイトル変更,G06F 15/02 350 B,G06F 15/02 350 B,ストツプウオツチ,ストップウォッチ
uploaded,タイトル変更,G06F 15/02 350 D,G06F 15/02 350 D,モ－ドの切換に特徴があるもの,モードの切換に特徴があるもの
uploaded,タイトル変更,G06F 15/02 360,G06F 15/02 360,・・誤操作防止，誤動作防止,・・誤操作防止または誤動作防止
uploaded,タイトル変更,G06F 15/02 360 B,G06F 15/02 360 B,・キ－ロツク,・キーロック
uploaded,タイトル変更,G06F 15/02 360 E,G06F 15/02 360 E,検算，照合,検算または照合
uploaded,タイトル変更,G06F 15/02 360 F,G06F 15/02 360 F,エラ－時の処理,エラー時の処理
uploaded,タイトル変更,G06F 15/02 360 H,G06F 15/02 360 H,試験，点検,試験または点検
uploaded,タイトル変更,G06F 15/02 500 A,G06F 15/02 500 A,プログラム，デ－タの入出力,プログラムまたはデータの入出力
uploaded,タイトル変更,G06F 15/02 500 B,G06F 15/02 500 B,・キ－からの入力,・キーからの入力
uploaded,タイトル変更,G06F 15/02 500 D,G06F 15/02 500 D,プログラムの作成，修正，表示,プログラムの作成，修正または表示
uploaded,タイトル変更,G06F 15/02 500 H,G06F 15/02 500 H,・ＨＡＬＴ，ＰＡＵＳＥ,・ＨＡＬＴまたはＰＡＵＳＥ
uploaded,タイトル変更,G06F 15/167,G06F 15/167,・・・共通メモリ，例．メイルボックス，を用いるもの［６］,・・・共通メモリ，例．メールボックス，を用いるもの［６］
uploaded,タイトル変更,G06F 15/167 610 A,G06F 15/167 610 A,プロセッサ間データ転送制御，バッファ制御,プロセッサ間データ転送制御またはバッファ制御
uploaded,タイトル変更,G06F 15/167 610 B,G06F 15/167 610 B,・転送用エリア制御，競合制御，排他制御,・転送用エリア制御，競合制御または排他制御
uploaded,タイトル変更,G06F 15/167 610 G,G06F 15/167 610 G,演算制御，同期制御,演算制御または同期制御
uploaded,タイトル変更,G06F 15/167 615 M,G06F 15/167 615 M,・２ポート／マルチポートメモリによる結合（１５／１７，６３０優先）,・２ポート／マルチポートメモリによる結合（１５／１７３，６６５優先）
uploaded,タイトル変更,G06F 15/17 620 A,G06F 15/17 620 A,記憶制御装置〔ＭＣＵ〕間を直接接続,記憶制御装置［ＭＣＵ］間を直接接続
uploaded,タイトル変更,G06F 15/17 620 E,G06F 15/17 620 E,・ＭＣＵを介して拡張記憶装置を接続，拡張記憶装置結合型,・ＭＣＵを介して拡張記憶装置を接続するもの；拡張記憶装置結合型のもの
uploaded,タイトル変更,G06F 15/17 620 H,G06F 15/17 620 H,Ｉ／Ｏ装置，チャネル装置間を直接接続（相互接続は１５／１７３優先）,Ｉ／Ｏ装置またはチャネル装置間を直接接続（相互接続はＧ０６Ｆ１５／１７３優先）
uploaded,タイトル変更,G06F 15/177 C,G06F 15/177 C,・他ノードへの障害波及防止，例．迂回，再起動（耐故障性はＧ０６Ｆ１１／２０）,・他ノードへの障害波及防止，例．迂回または再起動（耐故障性はＧ０６Ｆ１１／２０）
uploaded,タイトル変更,G06F 15/82 610,G06F 15/82 610,・・・演算（デ－タ処理）ユニツトの内部構成に特徴のあるもの,・・・演算ユニットまたはデータ処理ユニットの内部構成に特徴のあるもの
uploaded,タイトル変更,G06F 15/82 610 A,G06F 15/82 610 A,汎用演算処理ユニツトタイプ（基本（四則・論理）演算のいずれも１ユニツトで処理可能）,汎用演算処理ユニットタイプ；基本演算，四則演算または論理演算のいずれも１ユニットで処理可能なもの
uploaded,タイトル変更,G06F 15/82 610 B,G06F 15/82 610 B,専用演算処理ユニツトタイプ（１ユニツトにおいては、基本演算の内の特定の演算のみ可能）,専用演算処理ユニットタイプ；１ユニットにおいては，基本演算の内の特定の演算のみ可能なもの
uploaded,タイトル変更,G06F 15/82 610 C,G06F 15/82 610 C,特殊演算処理ユニツトを有する（基本演算以外の特殊演算処理が可能）,特殊演算処理ユニットを有するもの；基本演算以外の特殊演算処理が可能なもの
uploaded,タイトル変更,G06F 15/82 610 E,G06F 15/82 610 E,ユニツト内のメモリに特徴があるもの,ユニット内のメモリに特徴があるもの
uploaded,タイトル変更,G06F 15/82 610 G,G06F 15/82 610 G,ユニツト外部との入出力に特徴があるもの,ユニット外部との入出力に特徴があるもの
uploaded,タイトル変更,G06F 15/82 610 J,G06F 15/82 610 J,ユニツトの初期化などに特徴があるもの,ユニットの初期化などに特徴があるもの
uploaded,タイトル変更,G06F 15/82 610 L,G06F 15/82 610 L,ユニツト内のクロツク・タイミング制御などに特徴があるもの,ユニット内のクロック制御またはタイミング制御に特徴があるもの
uploaded,タイトル変更,G06F 15/82 610 N,G06F 15/82 610 N,ユニツト内の監視・エラ－処理・デバツク等に特徴があるもの,ユニット内の監視，エラー処理またはデバッグに特徴があるもの
uploaded,タイトル変更,G06F 15/82 610 Q,G06F 15/82 610 Q,ユニツト内蔵回路に特徴があるもの,ユニット内蔵回路に特徴があるもの
uploaded,タイトル変更,G06F 15/82 620,G06F 15/82 620,・・・演算ユニツトの接続制御・マツピングに特徴があるもの,・・・演算ユニットの接続制御またはマッピングに特徴があるもの
uploaded,タイトル変更,G06F 15/82 620 A,G06F 15/82 620 A,静的接続・マツピング,静的接続または静的マッピング
uploaded,タイトル変更,G06F 15/82 620 C,G06F 15/82 620 C,動的接続・マツピング,動的接続または動的マッピング
uploaded,タイトル変更,G06F 15/82 630,G06F 15/82 630,・・・システムの構成（演算ユニツト外）に特徴があるもの,・・・システムの構成に特徴があるもの，つまりは演算ユニット外に特徴があるもの
uploaded,タイトル変更,G06F 15/82 630 B,G06F 15/82 630 B,・待ち行列の処理に特徴のあるもの（例．メツセ－ジキユ－など）,・待ち行列の処理に特徴のあるもの，例．メッセージキュー
uploaded,タイトル変更,G06F 15/82 630 J,G06F 15/82 630 J,システムのクロツク・タイミング制御などに特徴があるもの,システムのクロック制御またはタイミング制御に特徴があるもの
uploaded,タイトル変更,G06F 15/82 630 L,G06F 15/82 630 L,システムの監視・エラ－処理・デバツグ等に特徴があるもの,システムの監視，エラー処理またはデバッグに特徴があるもの
uploaded,タイトル変更,G06F 15/82 640,G06F 15/82 640,・・・用途が特定されているもの（副分類としてのみ付与）,・・・用途が特定されているもの
uploaded,タイトル変更,G06F 15/82 650,G06F 15/82 650,・・・デ－タ演算の処理順序（原則として副分類として付与）,・・・データ演算の処理順序
uploaded,タイトル変更,G06F 15/82 650 A,G06F 15/82 650 A,デ－タ駆動型,データ駆動型
uploaded,タイトル変更,G06F 15/82 660,G06F 15/82 660,・・・システム構成の形態（原則として副分類として付与）,・・・システム構成の形態
uploaded,タイトル変更,G06F 15/82 660 A,G06F 15/82 660 A,スタンドアロ－ン,スタンドアローン
uploaded,タイトル変更,G06F 15/82 660 B,G06F 15/82 660 B,機能サ－バ－（他のコンピユ－タから処理を依頼されるタイプ）,機能サーバー；他のコンピュータから処理を依頼されるタイプのもの
uploaded,タイトル変更,G06F 15/82 660 C,G06F 15/82 660 C,デ－タフロ－ア－キテクチヤのソフトウエアシミユレ－ト・評価マシン,データフローアーキテクチャのソフトウェアシミュレートまたは評価マシン
uploaded,タイトル変更,G06F 17/01 A,G06F 17/01 A,畳み込み演算（Ｈ１２．６新設）,畳み込み演算
uploaded,タイトル変更,G06F 17/01 C,G06F 17/01 C,年月日，日数，曜日の計算〔時間の計算，７／４９Ａ〕（Ｈ１２．６新設）,年月日，日数または曜日の計算（時間の計算はＧ０６Ｆ７／４９Ａ）
uploaded,タイトル変更,G06F 17/01 D,G06F 17/01 D,フイルタ等のデイジタル信号処理に関するもの（Ｈ１２．６新設）,デジタル信号処理に関するもの，例．フィルタ
uploaded,タイトル変更,G06F 17/01 F,G06F 17/01 F,二乗和の平方根（Ｈ１２．６新設）,二乗和の平方根
uploaded,タイトル変更,G06F 17/01 K,G06F 17/01 K,階乗〔順列，組合せ，１７／１８Ｐ〕（Ｈ１２．６新設）,階乗（順列または組合せはＧ０６Ｆ１７／１８Ｐ）
uploaded,タイトル変更,G06F 17/01 M,G06F 17/01 M,多項式（Ｈ１２．６新設）,多項式
uploaded,タイトル変更,G06F 17/01 S,G06F 17/01 S,積和，総和，総積，〔１７／１６Ｍ参照〕，〔累積加算〕（Ｈ１２．６新設）,積和，総和または総積，例．累積加算（マトリックスまたはベクトルに関する積和，総和または総積はＧ０６Ｆ１７／１６Ｍ）
uploaded,タイトル変更,G06F 17/01 V,G06F 17/01 V,信頼性の向上（Ｈ１２．６新設）,信頼性の向上
uploaded,タイトル変更,G06F 17/01 Z,G06F 17/01 Z,その他のもの（Ｈ１２．６新設）,その他のもの
uploaded,タイトル変更,G06F 17/14 B,G06F 17/14 B,・アドレス発生（Ｈ１２．６新設）,アドレス発生
uploaded,タイトル変更,G06F 17/14 C,G06F 17/14 C,・ビツト再配列（Ｈ１２．６新設）,ビット再配列
uploaded,タイトル変更,G06F 17/14 V,G06F 17/14 V,信頼性の向上（Ｈ１２．６新設）,信頼性の向上
uploaded,タイトル変更,G06F 17/14 Z,G06F 17/14 Z,その他のもの（Ｈ１２．６新設）,その他のもの
uploaded,タイトル変更,G06F 17/16 A,G06F 17/16 A,アクセス制御（Ｈ１２．６新設）,アクセス制御
uploaded,タイトル変更,G06F 17/16 B,G06F 17/16 B,・メモリ（Ｈ１２．６新設）,・メモリ
uploaded,タイトル変更,G06F 17/16 C,G06F 17/16 C,・バツフア（Ｈ１２．６新設）,・バッファ
uploaded,タイトル変更,G06F 17/16 D,G06F 17/16 D,・ベクトルレジスタ（Ｈ１２．６新設）,・ベクトルレジスタ
uploaded,タイトル変更,G06F 17/16 E,G06F 17/16 E,・マスクレジスタ（Ｈ１２．６新設）,・マスクレジスタ
uploaded,タイトル変更,G06F 17/16 F,G06F 17/16 F,演算制御〔命令の解読，実行，新命令，パイプライン制御〕（Ｈ１２．６新設）,演算制御，例．命令の解読，命令の実行，新命令またはパイプライン制御
uploaded,タイトル変更,G06F 17/16 G,G06F 17/16 G,・ベクトルコンパイラ，自動ベクトル化（Ｈ１２．６新設）,・ベクトルコンパイラまたは自動ベクトル化
uploaded,タイトル変更,G06F 17/16 H,G06F 17/16 H,・順序制御（Ｈ１２．６新設）,・順序制御
uploaded,タイトル変更,G06F 17/16 J,G06F 17/16 J,・条件付演算（Ｈ１２．６新設）,・条件付演算
uploaded,タイトル変更,G06F 17/16 K,G06F 17/16 K,・特定の演算（Ｈ１２．６新設）,・特定の演算
uploaded,タイトル変更,G06F 17/16 L,G06F 17/16 L,・・要素比較，最大最小要素検出（Ｈ１２．６新設）,・・要素比較または最大最小要素検出
uploaded,タイトル変更,G06F 17/16 M,G06F 17/16 M,・・積和，総和，総積（Ｈ１２．６新設）,・・積和，総和または総積
uploaded,タイトル変更,G06F 17/16 N,G06F 17/16 N,・・複素数の演算（Ｈ１２．６新設）,・・複素数の演算
uploaded,タイトル変更,G06F 17/16 P,G06F 17/16 P,・・疎ベクトル，疎行列の処理（Ｈ１２．６新設）,・・疎ベクトルまたは疎行列の処理
uploaded,タイトル変更,G06F 17/16 Q,G06F 17/16 Q,編集〔圧縮，拡張〕（Ｈ１２．６新設）,編集，例．圧縮または拡張
uploaded,タイトル変更,G06F 17/16 S,G06F 17/16 S,システム構成〔アレイ型のもの，１５／８０〕（Ｈ１２．６新設）,システム構成（アレイ型のものはＧ０６Ｆ１５／８０）
uploaded,タイトル変更,G06F 17/16 V,G06F 17/16 V,信頼性の向上，割込み（Ｈ１２．６新設）,信頼性の向上または割込み
uploaded,タイトル変更,G06F 17/16 Z,G06F 17/16 Z,その他のもの（Ｈ１２．６新設）,その他のもの
uploaded,タイトル変更,G06F 17/18 A,G06F 17/18 A,平均計算（Ｈ１２．６新設）,平均計算
uploaded,タイトル変更,G06F 17/18 D,G06F 17/18 D,標準偏差〔分布，ヒストグラムを含む〕（Ｈ１２．６新設）,標準偏差，分布またはヒストグラム
uploaded,タイトル変更,G06F 17/18 P,G06F 17/18 P,順列，組合せ（Ｈ１２．６新設）,順列，組合せ
uploaded,タイトル変更,G06F 17/18 Z,G06F 17/18 Z,その他のもの（Ｈ１２．６新設）,その他のもの
uploaded,タイトル変更,G08B 21/00,G08B 21/00,単一の特定された好ましくない，または異常な状態に応答す警報であって，他に分類されないもの,単一の特定された好ましくない，または異常な状態に応答する警報であって，他に分類されないもの
uploaded,タイトル変更,G09F 19/18 H,G09F 19/18 H,・建築物外壁等を利用する投影広告，，表示,・建築物外壁等を利用する投影広告，表示
uploaded,タイトル変更,G10B 1/02,G10B 1/02,・パイプオルガン,・オルガン
uploaded,タイトル変更,G10B 1/08,G10B 1/08,・リードオルガン,・ハーモニウム
uploaded,タイトル変更,G10C 1/02,G10C 1/02,・アツプライトピアノ,・アップライトピアノ
uploaded,タイトル変更,G10C 1/06,G10C 1/06,・チエンバロ，小型ピアノまたは同様な弦楽器,・チェンバロ，小型ピアノまたは同様な弦楽器
uploaded,タイトル変更,G10C 3/02,G10C 3/02,・・液圧，気圧，または電磁的手段を伴なうもの,・・液圧，気圧または電磁的手段を伴うもの
uploaded,タイトル変更,G10C 3/26,G10C 3/26,・減音のためのペダル又はペダル機構,・減音のためのペダルまたはペダル機構
uploaded,タイトル変更,G10D 1/02,G10D 1/02,・バイオリン，ビオラ，チェロ，ダブルベース,・バイオリン，ビオラ，チェロまたはダブルベース
uploaded,タイトル変更,G10D 1/04,G10D 1/04,・ハープ，リラ,・ハープまたはリラ
uploaded,タイトル変更,G10D 3/00,G10D 3/00,弦楽器の細部，または付属品，例．スライドバー,弦楽器の細部または付属品
uploaded,タイトル変更,G10D 3/02,G10D 3/02,・共鳴手段，ホーン，または振動板,・共鳴手段，ホーンまたは振動板
uploaded,タイトル変更,G10D 3/04,G10D 3/04,・駒，弱音器，またはカポタスト,・駒；弱音器；カポタスト
uploaded,タイトル変更,G10D 7/00,G10D 7/00,気鳴楽器の全体構造（アコーディオン又はコンセルティーナＧ１０Ｄ１１／００；ホイッスルＧ１０Ｋ５／００）,気鳴楽器の全体構造（アコーディオンまたはコンセルティーナＧ１０Ｄ１１／００；ホイッスルＧ１０Ｋ５／００）
uploaded,タイトル変更,G10D 7/06,G10D 7/06,・リードをもつもの，例．オーボエ，クラリネット，バスーン又はバグパイプ,・リードをもつもの，例．オーボエ，クラリネット，バスーンまたはバグパイプ
uploaded,タイトル変更,G10D 7/12,G10D 7/12,・フリーリードをもつもの，例．ハーモニカ又は子供用のラッパ,・フリーリードをもつもの，例．ハーモニカ，子供用のラッパ，調律用笛または笙
uploaded,タイトル変更,G10D 9/00,G10D 9/00,気鳴楽器の細部又は付属品,気鳴楽器の細部または付属品
uploaded,タイトル変更,G10D 13/00,G10D 13/00,打楽器；細部，または付属品,打楽器；その細部または付属品
uploaded,タイトル変更,G10D 13/02,G10D 13/02,・ドラム；タンブリン,・ドラム；タンバリン
uploaded,タイトル変更,G10D 13/08,G10D 13/08,・発音体としての棒，ブロック，フォーク，ゴング，板，ロッド，または歯をもつ多音楽器,・発音体としての棒，ブロック，フォーク，ゴング，板，ロッドまたは歯をもつ多音楽器
uploaded,タイトル変更,G10D 17/00,G10D 17/00,このサブクラスの他のいずれのグループにも分類されない楽器，例．エオリアンハープ，炎で鳴る楽器,このサブクラスの他のいずれのグループにも分類されない楽器，例．エオリアンハープまたはシンギングフレイム
uploaded,タイトル変更,G10G 7/00,G10G 7/00,他の補助装置または付属品，例．指揮棒または別体になったやにまたは弦の入れ物,他の補助装置または付属品，例．指揮棒または別体になったやにもしくは弦の入れ物
uploaded,タイトル変更,G21K 1/00 A,G21K 1/00 A,原子線，イオン線の発生，取扱い〔照射装置は５／０４〕,原子線，イオン線の発生，取扱い（照射装置はＧ２１Ｋ５／０４）
uploaded,タイトル変更,G21K 1/00 E,G21K 1/00 E,電子線の発生，取扱い〔照射装置は５／０４〕,電子線の発生，取扱い（照射装置はＧ２１Ｋ５／０４）
uploaded,タイトル変更,G21K 1/00 N,G21K 1/00 N,中性子の取扱い〔照射装置は５／０２，発生用ターゲットは５／０８〕,中性子の取扱い（照射装置はＧ２１Ｋ５／０２，発生用ターゲットの保持具はＧ２１Ｋ５／０８）
uploaded,タイトル変更,G21K 1/00 R,G21K 1/00 R,ＲＩの取扱い〔照射装置は５／０２〕,ＲＩの取扱い（照射装置はＧ２１Ｋ５／０２）
uploaded,タイトル変更,G21K 1/00 X,G21K 1/00 X,Ｘ線の取扱い〔照射装置は５／０２，発生用ターゲットは５／０８〕,Ｘ線の取扱い（照射装置はＧ２１Ｋ５／０２，発生用ターゲットの保持具はＧ２１Ｋ５／０８）
uploaded,タイトル変更,G21K 1/02 C,G21K 1/02 C,照射をそろえるためのもの〔主としてコリメータ，スリット。モノクロメータに関するものは１／０６にも付与する。〕,照射をそろえるためのもの，例．コリメータ，スリットまたはモノクロメータ
uploaded,タイトル変更,G21K 1/02 R,G21K 1/02 R,照射範囲を限定するためのもの〔主として絞り，ツーブス〕,照射範囲を限定するためのもの，例．絞りまたはツーブス
uploaded,タイトル変更,G21K 1/04 S,G21K 1/04 S,シャッター〔放射をさえぎるもの〕，チョッパー〔放射の断続〕,シャッター，チョッパー
uploaded,タイトル変更,G21K 1/04 Z,G21K 1/04 Z,その他のもの〔絞りの開度制御，寸法表示〕,その他のもの
uploaded,タイトル変更,G21K 1/06 A,G21K 1/06 A,回折，屈折または反射をさせるもの自体〔ミラーの組み合せに特徴のあるものも含む，モノクロメーターとして特徴のあるものについてはＭにも付与する。〕,回折，屈折または反射をさせるもの自体
uploaded,タイトル変更,G21K 1/06 F,G21K 1/06 F,モノクロメーター等，回折，屈折または反射をさせるものを組み込んだ装置〔制御も含む〕,モノクロメーター等，回折，屈折または反射をさせるものを組み込んだ装置
uploaded,タイトル変更,G21K 1/06 P,G21K 1/06 P,・・・ミラーに付属する装置〔ホルダー等〕,・・・ミラーに付属する装置，例．ホルダー
uploaded,タイトル変更,G21K 1/06 T,G21K 1/06 T,・・可動部，ミラー部，スリット部以外の細部〔コリメーター等〕,・・可動部，ミラー部，スリット部以外の細部，例．コリメーター
uploaded,タイトル変更,G21K 1/093 D,G21K 1/093 D,ビームの偏向〔”Ｆビームの集束”が優先〕,ビームの偏向（Ｇ２１Ｋ１／０９３　Ｆ優先）
uploaded,タイトル変更,G21K 1/093 F,G21K 1/093 F,ビームの集束〔アクロマテック，２７０度偏向系〕,ビームの集束
uploaded,タイトル変更,G21K 1/01 S,G21K 1/01 S,散乱装置〔反射を含む〕,散乱装置
uploaded,タイトル変更,H01B 1/00 A,H01B 1/00 A,導電粒子（導電フイラ－）自体の特徴（５／１４，５／１６を並記）,導電粒子自体の特徴
uploaded,タイトル変更,H01B 1/00 E,H01B 1/00 E,・・外層が金属、金属酸化物以外,・・外層が金属または金属酸化物以外
uploaded,タイトル変更,H01B 1/00 H,H01B 1/00 H,・形状としてのアスペクト比、長短軸の数値限定,・形状としてのアスペクト比または長短軸の数値限定
uploaded,タイトル変更,H01B 1/00 K,H01B 1/00 K,・・大、小径の導電粒子,・・大，小径の導電粒子
uploaded,タイトル変更,H01B 1/00 M,H01B 1/00 M,・導電粒子に絶縁被覆したもの（感圧導電用）,・導電粒子に絶縁被覆したもの，例．感圧導電のためのもの
uploaded,タイトル変更,H01B 1/00 N,H01B 1/00 N,・磁性導電粒子,・導電粒子が磁性を有するもの
uploaded,タイトル変更,H01B 1/00 Z,H01B 1/00 Z,その他,その他のもの
uploaded,タイトル変更,H01B 1/02 A,H01B 1/02 A,主として銅からなるもの,主として銅からなるもの（Ｈ０１Ｂ１／０２　Ｃが優先）
uploaded,タイトル変更,H01B 1/02 B,H01B 1/02 B,主としてアルミニウムからなるもの,主としてアルミニウムからなるもの（Ｈ０１Ｂ１／０２　Ｃが優先）
uploaded,タイトル変更,H01B 1/02 C,H01B 1/02 C,電気接点材料〔ＣはＡ，Ｂに優先〕,電気接点材料として用いるためのもの
uploaded,タイトル変更,H01B 1/12 D,H01B 1/12 D,ポリフエニレン,ポリフェニレン
uploaded,タイトル変更,H01B 1/12 E,H01B 1/12 E,ポリピロ－ル,ポリピロール
uploaded,タイトル変更,H01B 1/12 F,H01B 1/12 F,ポリチオフエン,ポリチオフェン
uploaded,タイトル変更,H01B 1/12 H,H01B 1/12 H,ポリアクリロントリル,ポリアクリロニトリル
uploaded,タイトル変更,H01B 1/16 A,H01B 1/16 A,電極材料,電極材料として用いるためのもの
uploaded,タイトル変更,H01B 1/02 A,H01B 1/02 A,ペ－スト状のもの,ペースト状のもの
uploaded,タイトル変更,H01B 1/02 B,H01B 1/02 B,シ－ト，紙，布状のもの,シート，紙または布状のもの
uploaded,タイトル変更,H01B 1/02 C,H01B 1/02 C,抵抗材料,抵抗材料として用いるためのもの
uploaded,タイトル変更,H01B 1/02 D,H01B 1/02 D,導電性接着剤,導電性接着剤として用いるためのもの
uploaded,タイトル変更,H01B 1/02 E,H01B 1/02 E,電力ケ－ブル用半導電性組成物,電力ケーブル用半導電性組成物として用いるためのもの
uploaded,タイトル変更,H01B 1/22 A,H01B 1/22 A,ペ－スト状のもの,ペースト状のもの
uploaded,タイトル変更,H01B 1/22 B,H01B 1/22 B,シ－ト，紙，布状のもの,シート，紙または布状のもの
uploaded,タイトル変更,H01B 1/22 C,H01B 1/22 C,抵抗材料,抵抗材料として用いるためのもの
uploaded,タイトル変更,H01B 1/22 D,H01B 1/22 D,導電性接着剤,導電性接着剤として用いるためのもの
uploaded,タイトル変更,H01B 1/24 A,H01B 1/24 A,ペ－スト状のもの,ペースト状のもの
uploaded,タイトル変更,H01B 1/24 B,H01B 1/24 B,シ－ト，紙，布状のもの,シート，紙または布状のもの
uploaded,タイトル変更,H01B 1/24 C,H01B 1/24 C,抵抗材料,抵抗材料として用いるためのもの
uploaded,タイトル変更,H01B 1/24 D,H01B 1/24 D,導電性接着剤,導電性接着剤として用いるためのもの
uploaded,タイトル変更,H01B 1/24 E,H01B 1/24 E,電力ケ－ブル用半導電性組成物,電力ケーブル用半導電性組成物として用いるためのもの
uploaded,タイトル変更,H01B 5/00 A,H01B 5/00 A,導電粒子（導電フイラ－）自体の特徴,導電粒子自体の特徴
uploaded,タイトル変更,H01B 5/00 C,H01B 5/00 C,・外層が金属,・・外層が金属
uploaded,タイトル変更,H01B 5/00 D,H01B 5/00 D,・外層が金属酸化物,・・外層が金属酸化物
uploaded,タイトル変更,H01B 5/00 E,H01B 5/00 E,・外層が金属，金属酸化物以外,・・外層が金属または金属酸化物以外
uploaded,タイトル変更,H01B 5/00 F,H01B 5/00 F,単層構造の導電粒子,・単層構造の導電粒子
uploaded,タイトル変更,H01B 5/00 G,H01B 5/00 G,表面に突起があるもの,・表面に突起があるもの
uploaded,タイトル変更,H01B 5/00 H,H01B 5/00 H,形状としてのアスペクト比、長短軸の数値限定,・形状としてのアスペクト比または長短軸の数値限定
uploaded,タイトル変更,H01B 5/00 J,H01B 5/00 J,導電粒子が複数種類であるもの,・導電粒子が複数種類であるもの
uploaded,タイトル変更,H01B 5/00 K,H01B 5/00 K,・大、小径の導電粒子,・・大，小径の導電粒子
uploaded,タイトル変更,H01B 5/00 L,H01B 5/00 L,・異種の導電粒子,・・異種の導電粒子
uploaded,タイトル変更,H01B 5/00 M,H01B 5/00 M,導電粒子に絶縁被覆したもの（感圧導電用）,・導電粒子に絶縁被覆したもの，例．感圧導電のためのもの
uploaded,タイトル変更,H01B 5/00 N,H01B 5/00 N,磁性・導電粒子,・導電粒子が磁性を有するもの
uploaded,タイトル変更,H01B 5/00 Z,H01B 5/00 Z,その他,その他のもの
uploaded,タイトル変更,H01B 5/08,H01B 5/08,・ロープ状に撚り合わされた複数の線または同効物,・ロープ状に撚り合わされた複数の線または類似物
uploaded,タイトル変更,H01B 5/12,H01B 5/12,・編組線またはその同効物,・編組線またはその類似物
uploaded,タイトル変更,H01B 5/14 B,H01B 5/14 B,エツチングなどによりパタ－ニングしたもの,エッチングなどによりパターニングしたもの
uploaded,タイトル変更,H01B 5/14 C,H01B 5/14 C,チツプ導体,チップ導体
uploaded,タイトル変更,H01G 4/04 301,H01G 4/04 301,・・抵抗素子と結合したもの〔副．Ｈ０１Ｃ１３／０００〕,・・抵抗素子と結合したもの〔副．Ｈ０１Ｃ１３／００〕
uploaded,タイトル変更,H01M 2/34 B,H01M 2/34 B,誤接続，誤接触の防止〔カバー，スペーサ，保護・絶縁片，極性・接続の指示，位置決め,誤接続，誤接触の防止〔カバー，スペーサ，保護・絶縁片，極性・接続の指示，位置決め〕
uploaded,タイトル変更,H01P 11/00 100,H01P 11/00 100,導波管または導波管型伝送線路の製造,・導波管または導波管型伝送線路の製造
uploaded,タイトル変更,H01P 11/00 101,H01P 11/00 101,中空導波管の製造,・・中空導波管の製造
uploaded,タイトル変更,H01P 11/00 102,H01P 11/00 102,基板上に導電体を有する線路の製造，例．ストリップ線路，スロット線路,・・基板上に導電体を有する線路の製造，例．ストリップ線路，スロット線路
uploaded,タイトル変更,H01P 11/00 103,H01P 11/00 103,同軸線路の製造,・・同軸線路の製造
uploaded,タイトル変更,H01P 11/00 104,H01P 11/00 104,誘電体導波管の製造,・・誘電体導波管の製造
uploaded,タイトル変更,H01P 11/00 200,H01P 11/00 200,周波数選択装置の製造（共振器Ｈ０１Ｐ１１／００，３００）,・周波数選択装置の製造（共振器Ｈ０１Ｐ１１／００，３００）
uploaded,タイトル変更,H01P 11/00 300,H01P 11/00 300,共振器の製造,・共振器の製造
uploaded,タイトル変更,H01Q 5/00,H01Q 5/00,２以上の異なった周波数帯における空中線の同時動作のための構成（素子の長さを調節できるものＨ０１Ｑ９／１４；異なった周波数帯で動作し，かつ共通の給電装置に接続された別々の輻射器単位の組み合わせＨ０１Ｑ２１／３０）［３］,２以上の異なった周波数帯における空中線の同時動作のための構成，例．二重帯域または多重帯域配置（異なった周波数帯で動作し，かつ共通の給電装置に接続された別々の輻射器単位の組み合わせＨ０１Ｑ２１／３０）［３，２０１５．０１］
uploaded,タイトル変更,H02B 7/00,H02B 7/00,屋内装置（隔離のために引き出し得る開閉設備１１／００；閉鎖装置１３／００）,閉鎖された変電所，例．小型変電所［５］
uploaded,タイトル変更,H02B 7/06,H02B 7/06,・変圧器変電所,・配電変電所，例．都市配電網のためのもの（Ｈ０２Ｂ７／０１が優先）［５］
uploaded,タイトル変更,H02B 13/00,H02B 13/00,スイッチがケースまたはキュービクルで囲まれているかまたは一体となった開閉装置（隔離のために引き出し可能な開閉装置１１／００）,スイッチがケースに囲まれているかまたは構造上一体となった開閉装置，例．キュービクル（主変圧器と組み合わされたものＨ０２Ｂ５／００，Ｈ０２Ｂ７／００；隔離のために引き出し可能な台車をもつ開閉装置Ｈ０２Ｂ１１／００）［５］
uploaded,タイトル変更,H02B 13/02,H02B 13/02,・金属製囲いをもつもの,・金属ケースをもつもの
uploaded,タイトル変更,H02B 13/08,H02B 13/08,・石，煉瓦あるいはコンクリート製囲いをもつもの,・石，煉瓦あるいはコンクリートケースをもつもの
uploaded,タイトル変更,H02G 1/08,H02G 1/08,・・チューブまたはコンジット内を通すもの，例．押し込みまたは引き込み用の杵または牽引線,・・チューブまたはコンジット内を通すもの，例．押し込みまたは引き込み用のロッドまたは牽引線
uploaded,タイトル変更,H02G 3/00,H02G 3/00,建物，同効物，車両内または上における電気ケーブルまたは電線の据え付け（ブスバーの据え付け５／００；高架据え付け７／００；地中または地上の据え付け９／００；有用回路を収容するみぞまたは垂直ダクトＥ０４Ｆ１７／０８；電気的装置の配線一般Ｈ０５Ｋ）,建物，同様の構造物，または車両の中あるいは上における，電気ケーブル，電線またはその保護チューブの敷設（ブスバーの敷設Ｈ０２Ｇ５／００；高架敷設Ｈ０２Ｇ７／００；地中または地上の敷設Ｈ０２Ｇ９／００；ユーティリティ・ラインを収容するチャンネルまたは垂直ダクトＥ０４Ｆ１７／０８；電気装置の配線一般Ｈ０５Ｋ）
uploaded,タイトル変更,H02G 3/03,H02G 3/03,・・冷却「２」,・・冷却［２］
uploaded,タイトル変更,H02G 3/04,H02G 3/04,・・保護チューブまたはコンジット（パイプまたはチューブ一般Ｆ１６Ｌ）,・・保護チューブまたはコンジット，例．ケーブル・ラダーまたは線桶（パイプまたはチューブ一般Ｆ１６Ｌ）
uploaded,タイトル変更,H02G 3/08,H02G 3/08,・・配電箱；接続または接合箱,・・配電箱；接続または接合箱（ケーブル端末Ｈ０２Ｇ１５／０２）
uploaded,タイトル変更,H02G 3/16,H02G 3/16,・・・箱体内における電線接続端子の支持体と構造的に関連するもの（端子Ｈ０１Ｒ９／００）,・・・箱体内における電線接続端子の支持物と構造的に関連するもの（端子Ｈ０１Ｒ９／００）
uploaded,タイトル変更,H02G 3/22,H02G 3/22,・壁，床または天井にケーブルまたは電線を貫通するための装置，例．建物内へのもの（管、ケーブルまたは保護チューブが壁または仕切りを突き抜ける所に用いる装置Ｆ１６Ｌ５／００；引き込みまたは貫通形碍子Ｈ０１Ｂ１７／２６；絶縁チューブまたはスリーブＨ０１Ｂ１７／５８）,・壁，床，または天井を通してのケーブルまたは電線の敷設，例，建物内への敷設（壁や間仕切りに管またはケーブルを通す場合に使う装置Ｆ１６Ｌ５／００；引き込み式，または貫通型の碍子Ｈ０１Ｂ１７／２６；絶縁チューブまたはスリーブＨ０１Ｂ１７／５８）
uploaded,タイトル変更,H02G 7/02,H02G 7/02,・機械的張力を調整しまたは保持する装置，例．緊締具,・機械的張力を調整しまたは保持する装置，例．巻取装置
uploaded,タイトル変更,H02G 9/02,H02G 9/02,・地中，河床中，海底中または地上，河床上，海底上における直接的布設；その覆い，例．タイル,・地中，河床中，海底中または地上，河床上，海底上における直接的布設；そのための覆い，例．タイル
uploaded,タイトル変更,H02G 9/01,H02G 9/01,・ケーブル室内のもの，例．マンホール内，ハンドホール内のもの（ケーブル室の建物外観セクションＥ，例．Ｅ０４Ｈ５／０６）,・ケーブル室内のもの，例．マンホール内，ハンドホール内のもの（ケーブル室の建築物外観はセクションＥ，例．Ｅ０４Ｈ５／０６）
uploaded,タイトル変更,H02J 3/18 164,H02J 3/18 164,・・・・半導体スイッチと直列接続される少なくとも一つのリアクタンス素子により得られる無効電力の無段階制御のもの,・・・・無効電力の無段階制御が半導体スイッチと直列接続される少なくとも一つのリアクタンス素子により得られるもの
uploaded,タイトル変更,H02P 9/00,H02P 9/00,所望出力を得るための発電機制御装置（ワードレオナード装置７／３４；２台以上の台数の発電機による回路網への給電Ｈ０２Ｊ；蓄電池を充電するためのものＨ０２Ｊ７／１４）,所望出力を得るための発電機制御装置［１，８］
uploaded,タイトル変更,H02P 9/00 A,H02P 9/00 A,負荷調整〔出力切替，擬似負荷，制動抵抗等の調整〕に関するもの,負荷調整に関するもの，例．出力切替，擬似負荷または制動抵抗の調整
uploaded,タイトル変更,H02P 9/00 B,H02P 9/00 B,保護，監視に関するもの,保護または監視に関するもの
uploaded,タイトル変更,H02P 9/00 C,H02P 9/00 C,誘導発電機，または交流励磁同期発電機に関するもの,誘導発電機または交流励磁同期発電機に関するもの
uploaded,タイトル変更,H02P 9/00 E,H02P 9/00 E,・二次励磁式誘導発電機，交流励磁同期発電機,・二次励磁式誘導発電機または交流励磁同期発電機
uploaded,タイトル変更,H02P 9/00 F,H02P 9/00 F,風力〔風車〕発電に関するもの,風力発電に関するもの
uploaded,タイトル変更,H02P 9/04 E,H02P 9/04 E,タ－ビン発電機に関するもの,タービン発電機に関するもの
uploaded,タイトル変更,H02P 9/04 F,H02P 9/04 F,・ガスタ－ビンを用いるもの,・ガスタービンを用いるもの
uploaded,タイトル変更,H02P 9/04 J,H02P 9/04 J,エンジン〔内燃機関〕発電機に関するもの,エンジン発電機に関するもの
uploaded,タイトル変更,H02P 9/04 K,H02P 9/04 K,・デイ－ゼルエンジンを用いるもの,・ディ－ゼルエンジンを用いるもの
uploaded,タイトル変更,H02P 9/04 P,H02P 9/04 P,コジェネレーション，または複合発電に関するもの〔例．ガスタービンと蒸気タービン，エンジンと排ガスタービン等〕,コジェネレーションまたは複合発電に関するもの，例．ガスタービンと蒸気タービン，エンジンと排ガスタービン
uploaded,タイトル変更,H02P 9/08 A,H02P 9/08 A,起動時に関するもの〔例．初期励磁のためのもの〕,起動時に関するもの，例．初期励磁のためのもの
uploaded,タイトル変更,H02P 9/08 B,H02P 9/08 B,・エンジン〔内燃機関〕発電機に関するもの,・エンジン発電機に関するもの
uploaded,タイトル変更,H02P 9/14,H02P 9/14,・界磁の変化によるもの（９／０８，９／１０が優先）［２］,・界磁の変化によるもの（Ｈ０２Ｐ９／０８，Ｈ０２Ｐ９／１０が優先）［２］
uploaded,タイトル変更,H02P 9/14 B,H02P 9/14 B,力率，無効電力の制御,力率または無効電力の制御
uploaded,タイトル変更,H02P 9/14 C,H02P 9/14 C,低励磁，過励磁の保護・制御,低励磁または過励磁の保護・制御
uploaded,タイトル変更,H02P 9/14 D,H02P 9/14 D,励磁装置を多重化するもの〔例．ＡＶＲの多重化，自動・手動の切り換え，界磁巻線の切り換え等〕,励磁装置を多重化するもの，例．ＡＶＲの多重化，自動・手動の切り換えまたは界磁巻線の切り換え
uploaded,タイトル変更,H02P 9/14 F,H02P 9/14 F,エンジン〔内燃機関〕発電機の励磁装置,エンジン発電機の励磁装置
uploaded,タイトル変更,H02P 9/26,H02P 9/26,・・放電管または半導体装置を用いるもの（９／３４が優先）［２］,・・放電管または半導体装置を用いるもの（Ｈ０２Ｐ９／３４が優先）［２］
uploaded,タイトル変更,H02P 9/03 B,H02P 9/03 B,・エンジン〔内燃機関〕発電機の励磁装置,・エンジン発電機の励磁装置
uploaded,タイトル変更,H02P 9/03 E,H02P 9/03 E,・表示，検査，診断に関するもの,・表示，検査または診断に関するもの
uploaded,タイトル変更,H02P 9/03 H,H02P 9/03 H,・分流，ベクトル合成に関するもの,・分流またはベクトル合成に関するもの
uploaded,タイトル変更,H02P 9/03 J,H02P 9/03 J,・励磁装置を多重化するもの〔例．ＡＶＲの多重化，自動・手動の切り換え，界磁巻線の切り換え等〕,・励磁装置を多重化するもの，例．ＡＶＲの多重化，自動・手動の切り換えまたは界磁巻線の切り換え
uploaded,タイトル変更,H02P 9/03 L,H02P 9/03 L,・保護のためのもの〔過電流，過電圧の防止等〕,・保護のためのもの，例．過電流または過電圧の防止
uploaded,タイトル変更,H02P 9/03 M,H02P 9/03 M,・エンジン〔内燃機関〕発電機の励磁装置,・エンジン発電機の励磁装置
uploaded,タイトル変更,H02P 9/32,H02P 9/32,・・飽和度を制御できる磁気的装置を用いるもの（９／３４が優先）［２］,・・飽和度を制御できる磁気的装置を用いるもの（Ｈ０２Ｐ９／３４が優先）［２］
uploaded,タイトル変更,H02P 9/48,H02P 9/48,・発電機の速度変動に対して一定の出力値を得るための装置，例．車両用（９／０４～９／４６が優先）,・発電機の速度変動に対して一定の出力値を得るための装置，例．車両用（Ｈ０２Ｐ９／０４～Ｈ０２Ｐ９／４６が優先）［３］
uploaded,タイトル変更,H04B 1/034 C,H04B 1/034 C,リモコン用〔主は，Ｈ０４Ｑ９／００〕,リモコン用
uploaded,タイトル変更,H04B 1/04 A,H04B 1/04 A,送信回路一般,送信回路
uploaded,タイトル変更,H04B 1/04 M,H04B 1/04 M,遠隔制御用〔第２分類用〕,遠隔制御用
uploaded,タイトル変更,H04B 1/06 Z,H04B 1/06 Z,その他のもの〔リモコンについては，副分類とする，リモコンの主分類は，Ｈ０４Ｑ９／００〕,その他のもの
uploaded,タイトル変更,H04B 1/08 A,H04B 1/08 A,ケ－ス〔例．キヤビネツト，電池ケ－ス〕,ケース，例．キャビネットまたは電池ケース
uploaded,タイトル変更,H04B 1/08 E,H04B 1/08 E,取付〔例．ネジによるもの〕,取付，例．ネジによるもの
uploaded,タイトル変更,H04B 1/08 K,H04B 1/08 K,多機能受信機〔例．時計付，メガネとの結合〕,多機能受信機，例．時計付きのものまたはメガネと結合したもの
uploaded,タイトル変更,H04B 1/08 N,H04B 1/08 N,特殊形状受信機〔例．カ－ラジオ，三角柱型，球型，折たたみ型，カセツト型〕,特殊形状受信機，例．カ－ラジオ，三角柱型の受信機，球型の受信機，折たたみ型の受信機またはカセツト型の受信機
uploaded,タイトル変更,H04B 1/08 R,H04B 1/08 R,附属品〔例．スタンド，取手，ベルト〕,附属品，例．スタンド，取手またはベルト
uploaded,タイトル変更,H04B 1/08 Z,H04B 1/08 Z,その他のもの〔例．ＢＳコンバ－タ，チユ－ナ，アンテナ操作部〕,その他のもの，例．ＢＳコンバ－タ，チユ－ナまたはアンテナ操作部
uploaded,タイトル変更,H04B 1/01 B,H04B 1/01 B,・雑音または混信の状態により受信機の利得を制御するもの，例．スケルチ，ミユ－テイング，ノイズブランカ,・雑音または混信の状態により受信機の利得を制御するもの，例．スケルチ，ミュ－テイング，ノイズブランカ
uploaded,タイトル変更,H04B 1/01 H,H04B 1/01 H,・ノイズフイルタを用いるもの,・ノイズフィルタを用いるもの
uploaded,タイトル変更,H04B 1/01 J,H04B 1/01 J,・ノイズリミツタを用いるもの,・ノイズリミッタを用いるもの
uploaded,タイトル変更,H04B 1/01 M,H04B 1/01 M,・・マルチパスを制限または抑圧するもの〔例．サイドロ－ブキヤンセラ〕,・・マルチパスを制限または抑圧するもの，例．サイドローブキャンセラ
uploaded,タイトル変更,H04B 1/01 P,H04B 1/01 P,・スイツチングノイズに対するもの,・スイッチングノイズに対するもの
uploaded,タイトル変更,H04B 1/01 U,H04B 1/01 U,・・ノツチ周波数を制御するもの,・・ノッチ周波数を制御するもの
uploaded,タイトル変更,H04B 1/16 A,H04B 1/16 A,多バンド受信機〔例．ＡＭ／ＦＭ〕,多バンド受信機，例．ＡＭ／ＦＭ受信機
uploaded,タイトル変更,H04B 1/16 C,H04B 1/16 C,表示〔例．周波数表示，受信レベル表示，マルチパス表示兼用表示〕,表示，例．周波数表示，受信レベル表示またはマルチパス表示兼用表示
uploaded,タイトル変更,H04B 1/16 G,H04B 1/16 G,多機能受信機〔例．ＦＭ多重受信機，時計付；テレコ付きは，１／２０〕,多機能受信機，例．ＦＭ多重受信機または時計付受信機（テレコ付き受信機はＨ０４Ｂ１／２０）
uploaded,タイトル変更,H04B 1/16 J,H04B 1/16 J,帯域制御〔雑音対策は，１／１０〕,帯域制御（雑音対策はＨ０４Ｂ１／１０）
uploaded,タイトル変更,H04B 1/16 M,H04B 1/16 M,自動起動停止〔識別信号を受けて動作するもの；例．ＲＤＳ受信機緊急放送，交通情報〕,自動起動停止，すなわち識別信号，例．ＲＤＳ受信機緊急放送，交通情報，を受けて動作するもの
uploaded,タイトル変更,H04B 1/16 R,H04B 1/16 R,附属回路〔例．ＡＦＣ，ＡＧＣ；感度切換は，１／１８〕,附属回路，例．ＡＦＣ，ＡＧＣ（感度切換はＨ０４Ｂ１／１８）
uploaded,タイトル変更,H04B 1/18 B,H04B 1/18 B,給電・ブ－スタ－,給電・ブースター
uploaded,タイトル変更,H04B 1/18 D,H04B 1/18 D,多バンド方式〔第一優先〕,多バンド方式
uploaded,タイトル変更,H04B 1/18 E,H04B 1/18 E,・Ｕ－Ｖチユ－ナ用のもの,・Ｕ－Ｖチューナ用のもの
uploaded,タイトル変更,H04B 1/18 J,H04B 1/18 J,高周波スイツチ回路,高周波スイッチ回路
uploaded,タイトル変更,H04B 1/26 A,H04B 1/26 A,方式に特徴のあるもの〔Ｊより優先〕,方式に特徴のあるもの
uploaded,タイトル変更,H04B 1/26 E,H04B 1/26 E,多バンド、ＦＭ－ＡＭ、多波受信〔第１優先〕,多バンド、ＦＭ－ＡＭ、多波受信
uploaded,タイトル変更,H04B 1/26 F,H04B 1/26 F,・Ｕ－Ｖチユ－ナ－用のもの,・Ｕ－Ｖチューナー用のもの
uploaded,タイトル変更,H04B 1/26 J,H04B 1/26 J,妨害，混信の除去,妨害，混信の除去（Ｈ０４Ｂ１／２６　Ａが優先）
uploaded,タイトル変更,H04B 1/26 K,H04B 1/26 K,多重ス－パ－，前段コンバ－タ－,多重スーパー，前段コンバーター
uploaded,タイトル変更,H04B 1/26 M,H04B 1/26 M,シングルス－パ－広帯域受信,シングルスーパー広帯域受信
uploaded,タイトル変更,H04B 1/26 Q,H04B 1/26 Q,測定検知用〔レ－ダ等〕,測定検知用，例．レーダ
uploaded,タイトル変更,H04B 1/26 S,H04B 1/26 S,・選局関係〔可変分周器を除く〕,・選局関係
uploaded,タイトル変更,H04B 1/26 U,H04B 1/26 U,・ＶＣＯ帰還ル－プ〔ＶＣＯ，位相比較器，ＬＰＦを含む〕,・ＶＣＯ帰還ループ
uploaded,タイトル変更,H04B 1/38,H04B 1/38,・送受信機，すなわち送信機と受信機とが１つの構造ユニットを形成し，かつ少なくとも一部分は送信および受信機能のために用いられる装置,・送受信機，すなわち送信機と受信機とが１つの構造ユニットを形成し，かつ少なくとも一部分は送信および受信機能のために用いられる装置［１，２０１５．０１］
uploaded,タイトル変更,H04B 1/04,H04B 1/04,・・回路,・・回路［１，２０１５．０１］
uploaded,タイトル変更,H04B 1/52,H04B 1/52,・・・・ハイブリッド配置，すなわち単一通路２方向伝送から２通路中各通路単一伝送への変換のためのもの，またはその逆,・・・・ハイブリッド装置，すなわち単一通路２方向伝送から２通路中各通路単一方向伝送への変換のための装置，またはその逆［１，２０１５．０１］
uploaded,タイトル変更,H04B 1/66,H04B 1/66,・信号の帯域幅を減少させるためのもの（；伝送の効率を改善するためのもの（Ｈ０４Ｂ１／６８が優先）,・信号の帯域幅を減少させるためのもの；伝送の効率を改善するためのもの（Ｈ０４Ｂ１／６８が優先）
uploaded,タイトル変更,H04B 3/06 C,H04B 3/06 C,・トランスバ－サル形自動等化,・トランスバーサル形自動等化
uploaded,タイトル変更,H04B 3/01 C,H04B 3/01 C,・トレ－ニング信号によるもの,・トレーニング信号によるもの
uploaded,タイトル変更,H04B 3/46,H04B 3/46,・・監視；試験,・・監視；試験［１，２０１５．０１］
uploaded,タイトル変更,H04B 3/48,H04B 3/48,・・・減衰の試験,・・・減衰の試験（Ｈ０４Ｂ３／４６６が優先）［１，２０１５．０１］
uploaded,タイトル変更,H04B 17/00,H04B 17/00,監視；試験［２］,監視；試験（有線伝送方式の監視または試験Ｈ０４Ｂ３／４６；無線波以外の電磁波を使用した伝送方式を監視または試験するための装置Ｈ０４Ｂ１０／０７）［２，２０１５．０１］
uploaded,タイトル変更,H04L 7/01,H04L 7/01,・・初期同期用のための配置,・・初期同期のための配置
uploaded,タイトル変更,H04N 7/15 610,H04N 7/15 610,・・・中央局に特徴のあるもの（Ｈ１１　新設）,・・・中央局に特徴のあるもの
uploaded,タイトル変更,H04N 7/15 620,H04N 7/15 620,・・・伝送路に特徴のあるもの（Ｈ１１　新設）,・・・伝送路に特徴のあるもの
uploaded,タイトル変更,H04N 7/15 630,H04N 7/15 630,・・・端末部に特徴のあるもの（７／１５，６４０が優先）（Ｈ１１　新設）,・・・端末部に特徴のあるもの（Ｈ０４Ｎ７／１５，６４０が優先）
uploaded,タイトル変更,H04N 7/15 630 A,H04N 7/15 630 A,端末の構造に特徴のあるもの（Ｈ１１　新設）,端末の構造に特徴のあるもの
uploaded,タイトル変更,H04N 7/15 630 Z,H04N 7/15 630 Z,その他のもの（Ｈ１１　新設）,その他のもの
uploaded,タイトル変更,H04N 7/15 640,H04N 7/15 640,・・・ネットワーク方式に特徴のあるもの（Ｈ１１　新設）,・・・ネットワーク方式に特徴のあるもの
uploaded,タイトル変更,H04N 7/15 640 A,H04N 7/15 640 A,集中制御方式に特徴のあるもの（Ｈ１１　新設）,集中制御方式に特徴のあるもの
uploaded,タイトル変更,H04N 7/15 640 D,H04N 7/15 640 D,分散制御方式に特徴のあるもの（Ｈ１１　新設）,分散制御方式に特徴のあるもの
uploaded,タイトル変更,H04N 7/15 640 Z,H04N 7/15 640 Z,その他のもの（Ｈ１１　新設）,その他のもの
uploaded,タイトル変更,H04N 7/15 650,H04N 7/15 650,・・・会議の開始，終了〔例．予約〕に特徴のあるもの（Ｈ１１　新設）,・・・会議の開始または終了に特徴のあるもの
uploaded,タイトル変更,H04N 7/16 C,H04N 7/16 C,有料化，課金装置,有料化装置または課金装置
uploaded,タイトル変更,H04N 7/16 E,H04N 7/16 E,緊急・警報・強制放送,緊急放送，警報放送または強制放送
uploaded,タイトル変更,H04N 7/173 610,H04N 7/173 610,・・・中央局に特徴のあるもの（Ｈ１１　新設）,・・・中央局に特徴のあるもの
uploaded,タイトル変更,H04N 7/173 610 A,H04N 7/173 610 A,映像の記録再生部に特徴のあるもの（Ｈ１１　新設）,映像の記録再生部に特徴のあるもの
uploaded,タイトル変更,H04N 7/173 610 B,H04N 7/173 610 B,・映像の特殊再生〔例．一時停止，巻き戻し〕に特徴のあるもの（Ｈ１１　新設）,・映像の特殊再生，例．一時停止または巻き戻し，に特徴のあるもの
uploaded,タイトル変更,H04N 7/173 610 Z,H04N 7/173 610 Z,その他のもの（Ｈ１１　新設）,その他のもの
uploaded,タイトル変更,H04N 7/173 620,H04N 7/173 620,・・・伝送路に特徴のあるもの（Ｈ１１　新設）,・・・伝送路に特徴のあるもの
uploaded,タイトル変更,H04N 7/173 620 A,H04N 7/173 620 A,上り下りで伝送路が異なるもの（Ｈ１１　新設）,上り下りで伝送路が異なるもの
uploaded,タイトル変更,H04N 7/173 620 D,H04N 7/173 620 D,上り下り共にコンピュータ，電話回線を用いるもの（Ｈ１１　新設）,上り下り共にコンピュータまたは電話回線を用いるもの
uploaded,タイトル変更,H04N 7/173 620 Z,H04N 7/173 620 Z,その他のもの（Ｈ１１　新設）,その他のもの
uploaded,タイトル変更,H04N 7/173 630,H04N 7/173 630,・・・端末部に特徴のあるもの（Ｈ１１　新設）,・・・端末部に特徴のあるもの
uploaded,タイトル変更,H04N 7/173 640,H04N 7/173 640,・・・選択，購入，予約等に特徴のあるもの（Ｈ１１　新設）,・・・選択，購入または予約に特徴のあるもの
uploaded,タイトル変更,H04N 7/173 640 A,H04N 7/173 640 A,映像番組の選択，購入，予約等に特徴のあるもの（Ｈ１１　新設）,映像番組の選択，購入または予約に特徴のあるもの
uploaded,タイトル変更,H04N 7/173 640 Z,H04N 7/173 640 Z,その他のもの（Ｈ１１　新設）,その他のもの
uploaded,タイトル変更,H04N 7/02 610,H04N 7/02 610,・・送信側に特徴のあるもの（Ｈ１１　新設）,・・送信側に特徴のあるもの
uploaded,タイトル変更,H04N 7/02 620,H04N 7/02 620,・・伝送路，中継に特徴のあるもの（Ｈ１１　新設）,・・伝送路，中継に特徴のあるもの
uploaded,タイトル変更,H04N 7/02 630,H04N 7/02 630,・・受信側に特徴のあるもの（Ｈ１１　新設）,・・受信側に特徴のあるもの
uploaded,タイトル変更,H04N 11/04 Z,H04N 11/04 Z,その他〔高能率符号化（帯域幅を減少せたるもの），Ｈ０４Ｎ１１／０２〕〔信号の帯域幅を減少させた通信方式，Ｈ０４Ｂ１／６６〕,その他〔高能率符号化（帯域幅を減少させたるもの），Ｈ０４Ｎ１１／０２〕〔信号の帯域幅を減少させた通信方式，Ｈ０４Ｂ１／６６〕
uploaded,タイトル変更,H05G 1/03 N,H05G 1/03 N,・Ｘ線に対する幾何学的製御,・Ｘ線に対する幾何学的制御
uploaded,ドット変更,A41D 13/06,A41D 13/06,・膝または足の保護物,・・膝または足［１，７］
uploaded,ドット変更,A41D 13/08,A41D 13/08,・腕や手の保護物,・・腕または手（保護用手袋Ａ４１Ｄ１９／０１５）［１，７］
uploaded,ドット変更,A61F 5/01 D,A61F 5/01 D,・脊椎のためのもの,脊椎のためのもの
uploaded,ドット変更,A61F 5/01 E,A61F 5/01 E,・・姿勢矯正,・姿勢矯正
uploaded,ドット変更,A61F 5/01 G,A61F 5/01 G,・頚部，肩部のためのもの,頚部または肩部のためのもの
uploaded,ドット変更,A61F 5/01 K,A61F 5/01 K,・腰部，股部のためのもの,腰部または股部のためのもの
uploaded,ドット変更,A61F 5/01 N,A61F 5/01 N,・手足，それらの部分のためのもの〔骨折した肢のためのもの，５／０４，手の指の変形を直す装置，５／１０，爪の変形を直す装置，５／１１〕,手足のためのもの
uploaded,ドット変更,A61F 5/02 D,A61F 5/02 D,・脊椎のためのもの,脊椎のためのもの
uploaded,ドット変更,A61F 5/02 G,A61F 5/02 G,・頚部，肩部のためのもの,頚部または肩部のためのもの
uploaded,ドット変更,A61F 5/02 K,A61F 5/02 K,・腰部，股部のためのもの,腰部または股部のためのもの
uploaded,ドット変更,A61F 5/02 N,A61F 5/02 N,・手足，それらの部分のためのもの〔骨折した肢のためのもの，５／０４，手の指の変形を直す装置，５／１０，爪の変形を直す装置，５／１１〕,手足のためのもの
uploaded,ドット変更,A61F 5/44 D,A61F 5/44 D,・特に糞便を受けるもの,特に糞便を受けるもの
uploaded,ドット変更,A61F 5/44 H,A61F 5/44 H,・おむつ及び類似物,おむつ及び類似物
uploaded,ドット変更,A61F 5/44 S,A61F 5/44 S,・・センサ－の付いたもの,・センサーの付いたもの
uploaded,ドット変更,A61F 5/44 T,A61F 5/44 T,・・カバ－,・カバー
uploaded,ドット変更,A61F 5/44 W,A61F 5/44 W,・・交換機,・交換機
uploaded,ドット変更,A61G 13/00 P,A61G 13/00 P,治療目的により特定される台〔単なる手術用のものＡ～Ｍ，歯科用のもの，Ａ６１Ｇ１５／００，眼，耳のためのもの，手術によらない整形外科用のもの，Ａ６１Ｆ，物理治療用のもの，Ａ６１Ｈ，媒体導入，除去用のもの，Ａ６１Ｍ，電気，磁気，放射線治療用のもの，Ａ６１Ｎ〕,・治療目的により特定される台
uploaded,ドット変更,A61K 35/64,A61K 35/64,・・昆虫，例．ロイヤルゼリー［２］,・・・昆虫，例．蜂，スズメバチまたはノミ［２，２０１５．０１］
uploaded,ドット変更,A63B 37/00 216,A63B 37/00 216,・・・色調,・・・・色調
uploaded,ドット変更,A63B 37/00 342,A63B 37/00 342,・・・色調,・・・・色調
uploaded,ドット変更,A63B 37/00 344,A63B 37/00 344,・・・・透明または半透明,・・・・・透明または半透明
uploaded,ドット変更,A63B 37/00 432,A63B 37/00 432,・・・色調,・・・・色調
uploaded,ドット変更,A63B 37/00 552,A63B 37/00 552,・・・色調,・・・・色調
uploaded,ドット変更,B60R 16/04 G,B60R 16/04 G,・・大きさの異なるバツテリ支持台に関するもの,・・・大きさの異なるバッテリー支持台に関するもの
uploaded,ドット変更,B60R 16/04 H,B60R 16/04 H,・・複数のバツテリを支持する支持台に関するもの,・・・複数のバッテリーを支持する支持台に関するもの
uploaded,ドット変更,B60R 16/04 S,B60R 16/04 S,車両用バツテリの充電に関するもの,・車両用バッテリーの充電に関するもの
uploaded,ドット変更,B60R 16/04 T,B60R 16/04 T,バツテリケ－ブルに関するもの,・バッテリーケーブルに関するもの
uploaded,ドット変更,B60R 16/04 U,B60R 16/04 U,車両用太陽電池に関するもの,・車両用太陽電池に関するもの
uploaded,ドット変更,B60R 16/04 V,B60R 16/04 V,・太陽電池を充電用電源として用いるもの,・・太陽電池を充電用電源として用いるもの
uploaded,ドット変更,B60R 16/04 W,B60R 16/04 W,バツテリのチエツクに関するもの,・バッテリーのチェックに関するもの
uploaded,ドット変更,B60R 16/04 X,B60R 16/04 X,車外機器用コンセントの電源に関するもの,・車外機器用コンセントの電源に関するもの
uploaded,ドット変更,B60R 16/04 Y,B60R 16/04 Y,車両用バツテリの保温または断熱に関するもの,・車両用バッテリーの保温または断熱に関するもの
uploaded,ドット変更,B62D 33/08,B62D 33/08,・調整自在のもの,・・調整可能な手段からなるもの（Ｂ６２Ｄ３３／１０が優先）［５］
uploaded,ドット変更,E06B 11/02 B,E06B 11/02 B,一種類のみの移動方法をもつもの,・一種類のみの移動方法をもつもの
uploaded,ドット変更,E06B 11/02 C,E06B 11/02 C,伸縮するもの,・・伸縮するもの
uploaded,ドット変更,E06B 11/02 D,E06B 11/02 D,鉛直面内にレ－ジトング機構を有するもの,・・・鉛直面内にレージトング機構を有するもの
uploaded,ドット変更,E06B 11/02 E,E06B 11/02 E,キヤスタ－，レ－ル又は車輪に特徴のあるもの,・・・・キャスター，レール又は車輪に特徴のあるもの
uploaded,ドット変更,E06B 11/02 F,E06B 11/02 F,水平面内にレ－ジトング機構を有するもの,・・・水平面内にレージトング機構を有するもの
uploaded,ドット変更,E06B 11/02 G,E06B 11/02 G,キヤスタ－，レ－ル又は車輪に特徴のあるもの,・・・・キャスター，レール又は車輪に特徴のあるもの
uploaded,ドット変更,E06B 11/02 H,E06B 11/02 H,鉛直面内と水平面内のいずれにもレ－ジトング機構を有するもの,・・・鉛直面内と水平面内のいずれにもレージトング機構を有するもの
uploaded,ドット変更,E06B 11/02 J,E06B 11/02 J,滑動するもの〔例．引戸式連続門扉〕,・・滑動するもの，例．引戸式連続門扉
uploaded,ドット変更,E06B 11/02 K,E06B 11/02 K,揺動するもの,・・揺動するもの
uploaded,ドット変更,E06B 11/02 L,E06B 11/02 L,折りたたみできるもの,・・折りたたみできるもの
uploaded,ドット変更,E06B 11/02 M,E06B 11/02 M,上下方向に開閉するもの,・・上下方向に開閉するもの
uploaded,ドット変更,E06B 11/02 N,E06B 11/02 N,二種類以上の移動方法をもつもの,・二種類以上の移動方法をもつもの
uploaded,ドット変更,E06B 11/02 Q,E06B 11/02 Q,門柱,・門柱
uploaded,ドット変更,E06B 11/02 R,E06B 11/02 R,門扉板,・門扉板
uploaded,ドット変更,F04B 1/01,F04B 1/01,・可動シリンダ，例．回転形,・・可動シリンダ，例．回転形［６］
uploaded,ドット変更,F04C 18/344 351 B,F04C 18/344 351 B,・ベーンまたはそれと同等の部品,ベーンまたはそれと同等の部品
uploaded,ドット変更,F04C 18/344 351 C,F04C 18/344 351 C,・・材料に特徴のあるもの,・材料に特徴のあるもの
uploaded,ドット変更,F04C 18/344 351 D,F04C 18/344 351 D,・・単一部材で構成されたもの〔Ｃが優先〕,・単一部材で構成されたもの（Ｆ０４Ｃ１８／３４４，３５１Ｃが優先）
uploaded,ドット変更,F04C 18/344 351 E,F04C 18/344 351 E,・ロータ，ロータシャフト,ロータまたはロータシャフト
uploaded,ドット変更,F04C 18/344 351 F,F04C 18/344 351 F,・・材料に特徴のあるもの〔Ｈが優先〕,・材料に特徴のあるもの（Ｆ０４Ｃ１８／３４４，３５１Ｈが優先）
uploaded,ドット変更,F04C 18/344 351 G,F04C 18/344 351 G,・ロータ，ロータシャフトの支持，駆動に特徴のあるもの,ロータまたはロータシャフトの支持または駆動に特徴のあるもの
uploaded,ドット変更,F04C 18/344 351 H,F04C 18/344 351 H,・・ベーン溝に特徴のあるもの,・ベーン溝に特徴のあるもの
uploaded,ドット変更,F04C 18/344 351 J,F04C 18/344 351 J,・ベーン溝内でベーンを円滑に移動させる手段に特徴のあるもの〔１８／３４４，３６１が優先〕,ベーン溝内でベーンを円滑に移動させる手段に特徴のあるもの（Ｆ０４Ｃ１８／３４４，３６１が優先）
uploaded,ドット変更,F04C 18/344 351 K,F04C 18/344 351 K,・シリンダ，サイドプレート〔Ｌ，ＭについてはＮ～Ｑが優先〕,シリンダまたはサイドプレート
uploaded,ドット変更,F04C 18/344 351 L,F04C 18/344 351 L,・・シリンダの内周面形状に特徴のあるもの,・シリンダの内周面形状に特徴のあるもの（Ｆ０４Ｃ１８／３４４，３５１Ｎ～Ｑが優先）
uploaded,ドット変更,F04C 18/344 351 M,F04C 18/344 351 M,・・サイドプレート,・サイドプレート（Ｆ０４Ｃ１８／３４４，３５１Ｎ～Ｑが優先）
uploaded,ドット変更,F04C 18/344 351 N,F04C 18/344 351 N,・・吸込，吐出通路，ポート,・吸込，吐出通路またはポート
uploaded,ドット変更,F04C 18/344 351 P,F04C 18/344 351 P,・・・吸込側,・・吸込側
uploaded,ドット変更,F04C 18/344 351 Q,F04C 18/344 351 Q,・・・吐出側,・・吐出側
uploaded,ドット変更,F04C 18/344 351 R,F04C 18/344 351 R,・材料に特徴のあるもので他に分類されないもの,材料に特徴のあるもので他に分類されないもの
uploaded,ドット変更,F04C 18/344 351 S,F04C 18/344 351 S,・容量，圧力の制御，調整に関するもので他に分類されないもの,容量，圧力の制御または調整に関するもので他に分類されないもの
uploaded,ドット変更,F04C 18/344 351 T,F04C 18/344 351 T,・・ベーンの半径方向の運動を規制するもの,・ベーンの半径方向の運動を規制するもの
uploaded,ドット変更,F04C 18/344 351 U,F04C 18/344 351 U,・潤滑，冷却に関するもので他に分類されないもの,潤滑または冷却に関するもので他に分類されないもの
uploaded,ドット変更,F04C 18/344 361 B,F04C 18/344 361 B,・機械的手段によるもの,機械的手段によるもの
uploaded,ドット変更,F04C 18/344 361 C,F04C 18/344 361 C,・・各ベーンが独立して付勢されるもの,・各ベーンが独立して付勢されるもの
uploaded,ドット変更,F04C 18/344 361 D,F04C 18/344 361 D,・・・円周方向に形成された案内部材を有するもの,・・円周方向に形成された案内部材を有するもの
uploaded,ドット変更,F04C 18/344 361 E,F04C 18/344 361 E,・・・・ベーンと案内部材とが突起，ピンによって係合するもの,・・・ベーンと案内部材とが突起またはピンによって係合するもの
uploaded,ドット変更,F04C 18/344 361 F,F04C 18/344 361 F,・流体的手段によるもの,流体的手段によるもの
uploaded,ドット変更,F04C 18/344 361 G,F04C 18/344 361 G,・・液圧によるもの,・液圧によるもの
uploaded,ドット変更,F04C 18/344 361 H,F04C 18/344 361 H,・・・ベーンの位置に応じて液圧が変化するもの,・・ベーンの位置に応じて液圧が変化するもの
uploaded,ドット変更,G06F 15/02 310,G06F 15/02 310,・・キ－入力部,・・・キー入力部
uploaded,ドット変更,G06F 15/02 315,G06F 15/02 315,・・表示部,・・・表示部
uploaded,ドット変更,G06F 15/02 320,G06F 15/02 320,・・プリンタ付,・・・プリンタ付
uploaded,ドット変更,G06F 15/02 325,G06F 15/02 325,・・音声電卓,・・・音声電卓
uploaded,ドット変更,G06F 17/14 B,G06F 17/14 B,・アドレス発生（Ｈ１２．６新設）,アドレス発生
uploaded,ドット変更,G06F 17/14 C,G06F 17/14 C,・ビツト再配列（Ｈ１２．６新設）,ビット再配列
uploaded,ドット変更,H01B 5/00 C,H01B 5/00 C,・外層が金属,・・外層が金属
uploaded,ドット変更,H01B 5/00 D,H01B 5/00 D,・外層が金属酸化物,・・外層が金属酸化物
uploaded,ドット変更,H01B 5/00 E,H01B 5/00 E,・外層が金属，金属酸化物以外,・・外層が金属または金属酸化物以外
uploaded,ドット変更,H01B 5/00 F,H01B 5/00 F,単層構造の導電粒子,・単層構造の導電粒子
uploaded,ドット変更,H01B 5/00 G,H01B 5/00 G,表面に突起があるもの,・表面に突起があるもの
uploaded,ドット変更,H01B 5/00 H,H01B 5/00 H,形状としてのアスペクト比、長短軸の数値限定,・形状としてのアスペクト比または長短軸の数値限定
uploaded,ドット変更,H01B 5/00 J,H01B 5/00 J,導電粒子が複数種類であるもの,・導電粒子が複数種類であるもの
uploaded,ドット変更,H01B 5/00 K,H01B 5/00 K,・大、小径の導電粒子,・・大，小径の導電粒子
uploaded,ドット変更,H01B 5/00 L,H01B 5/00 L,・異種の導電粒子,・・異種の導電粒子
uploaded,ドット変更,H01B 5/00 M,H01B 5/00 M,導電粒子に絶縁被覆したもの（感圧導電用）,・導電粒子に絶縁被覆したもの，例．感圧導電のためのもの
uploaded,ドット変更,H01B 5/00 N,H01B 5/00 N,磁性・導電粒子,・導電粒子が磁性を有するもの
uploaded,ドット変更,H01P 11/00 100,H01P 11/00 100,導波管または導波管型伝送線路の製造,・導波管または導波管型伝送線路の製造
uploaded,ドット変更,H01P 11/00 101,H01P 11/00 101,中空導波管の製造,・・中空導波管の製造
uploaded,ドット変更,H01P 11/00 102,H01P 11/00 102,基板上に導電体を有する線路の製造，例．ストリップ線路，スロット線路,・・基板上に導電体を有する線路の製造，例．ストリップ線路，スロット線路
uploaded,ドット変更,H01P 11/00 103,H01P 11/00 103,同軸線路の製造,・・同軸線路の製造
uploaded,ドット変更,H01P 11/00 104,H01P 11/00 104,誘電体導波管の製造,・・誘電体導波管の製造
uploaded,ドット変更,H01P 11/00 200,H01P 11/00 200,周波数選択装置の製造（共振器Ｈ０１Ｐ１１／００，３００）,・周波数選択装置の製造（共振器Ｈ０１Ｐ１１／００，３００）
uploaded,ドット変更,H01P 11/00 300,H01P 11/00 300,共振器の製造,・共振器の製造
