改正時期,改正種別,改正前FI,改正後FI,改正前タイトル,改正後タイトル
uploaded,新設,,A01D 34/416 100,,・・・・線状体の繰り出し機構
uploaded,新設,,A01D 34/416 110,,・・・・線状体の取り付けまたは着脱に特徴を有するもの
uploaded,新設,,A01D 34/416 120,,・・・・線状体の構造または組成に特徴を有するもの
uploaded,新設,,A01D 34/09 A,,刈払機，すなわち機体主要部を操作者が支持するもの
uploaded,新設,,A01D 34/09 B,,・駆動源，例．モーター，エンジン，燃料タンク，バッテリ，の配置またはそれらの操作部，例．スロットルレバー，計器，に特徴のあるもの
uploaded,新設,,A01D 34/09 C,,・刈刃カバー部に特徴のあるもの
uploaded,新設,,A01D 34/09 D,,・防振構造に特徴のあるもの
uploaded,新設,,A01D 34/09 E,,・握り部，ハンドルまたはその取付部に特徴のあるもの
uploaded,新設,,A01D 34/09 F,,・背負具または吊りバンドに特徴のあるもの
uploaded,新設,,A01D 34/09 G,,・車輪またはソリ部に特徴のあるもの
uploaded,新設,,A01D 34/09 H,,・刈取以外の用途にも使用するもの
uploaded,新設,,A01D 34/09 J,,・刈払機用の付属具，例．収納容器
uploaded,新設,,A01D 34/09 N,,・操作桿及び操作桿と他部材の連結構造に特徴のあるもの
uploaded,新設,,A01D 34/09 P,,・巻付き防止構造に特徴のあるもの
uploaded,新設,,A01D 34/09 Z,,その他のもの
uploaded,新設,,A01D 41/12 H,,・排気関連装置，例．マフラー，排ガス浄化装置（排気関連装置一般Ｆ０１Ｎ；車両における排気関連装置の配置Ｂ６０Ｋ１３／００）
uploaded,新設,,A01D 41/12 N,,・燃料タンク（車両における燃料タンクの配置Ｂ６０Ｋ１５／００）
uploaded,新設,,A01D 41/12 Q,,・吸気関連装置，例．吸気管，エアクリーナー（吸気関連装置一般Ｆ０２Ｍ３５／００；特に車両への適用Ｆ０２Ｍ３５／１６）
uploaded,新設,,A01D 41/12 R,,・冷却関連装置，例．ラジエータ，冷却ファン（エンジンの冷却一般Ｆ０１Ｐ；車両におけるエンジン冷却装置の配置Ｂ６０Ｋ１１／００）
uploaded,新設,,A01D 41/127 100,,・・・穀粒の重量の測定
uploaded,新設,,A01D 41/127 110,,・・・穀粒の流量の測定，例．穀粒ロス量，タンクへの投入量，タンクからの排出量の測定
uploaded,新設,,A01D 41/127 120,,・・・穀粒の容積の測定，例．タンク内の穀粒レベルの測定
uploaded,新設,,A01D 41/127 130,,・・・穀粒の品質の測定，例．水分量，栄養成分の含有量の測定
uploaded,新設,,A01D 41/127 140,,・・・測定データを位置情報と関連づけるもの，例．収量・品質マップの作成
uploaded,新設,,A01D 43/063 100,,・・・袋状の容器
uploaded,新設,,A01D 43/063 110,,・・・容器の取付け構造
uploaded,新設,,A01D 43/063 115,,・・・・容器が着脱自在であるもの
uploaded,新設,,A01H 6/00,,被子植物，すなわち，顕花植物で，植物分類学により特徴付けられるもの［２０１８．０１］
uploaded,新設,,A01H 6/02,,・ヒユ科またはアカザ科，例．ビートまたはホウレンソウ［２０１８．０１］
uploaded,新設,,A01H 6/04,,・ヒガンバナ科，例．タマネギ［２０１８．０１］
uploaded,新設,,A01H 6/06,,・セリ科，例．セロリまたはニンジン［２０１８．０１］
uploaded,新設,,A01H 6/08,,・キョウチクトウ科，例．ニチニチソウ属［２０１８．０１］
uploaded,新設,,A01H 6/01,,・サトイモ科，例．オランダカイウ属［２０１８．０１］
uploaded,新設,,A01H 6/12,,・キジカクシ科，例．ギボウシ属［２０１８．０１］
uploaded,新設,,A01H 6/14,,・キク科，例．ベニバナ，ヒマワリ，チョウセンアザミまたはレタス［２０１８．０１］
uploaded,新設,,A01H 6/16,,・ツリフネソウ科，例．インパチェンス［２０１８．０１］
uploaded,新設,,A01H 6/18,,・シュウカイドウ科，例．ベゴニア［２０１８．０１］
uploaded,新設,,A01H 6/02,,・アブラナ科，例．キャノーラ，ブロッコリーまたはルッコラ［２０１８．０１］
uploaded,新設,,A01H 6/22,,・パイナップル科［２０１８．０１］
uploaded,新設,,A01H 6/24,,・サボテン科，例．サボテンまたはイースターサボテン［２０１８．０１］
uploaded,新設,,A01H 6/26,,・キキョウ科［２０１８．０１］
uploaded,新設,,A01H 6/28,,・アサ科，例．アサ［２０１８．０１］
uploaded,新設,,A01H 6/03,,・ナデシコ科［２０１８．０１］
uploaded,新設,,A01H 6/32,,・ベンケイソウ科［２０１８．０１］
uploaded,新設,,A01H 6/34,,・ウリ科，例．ゴーヤ，キュウリまたはスイカ［２０１８．０１］
uploaded,新設,,A01H 6/36,,・ツツジ科，例．ツツジ，クランベリーまたはブルーベリー［２０１８．０１］
uploaded,新設,,A01H 6/38,,・トウダイグサ科，例．ポインセチア［２０１８．０１］
uploaded,新設,,A01H 6/04,,・リンドウ科，例．エキザカム［２０１８．０１］
uploaded,新設,,A01H 6/42,,・フウロソウ科，例．ゼラニウム［２０１８．０１］
uploaded,新設,,A01H 6/44,,・イワタバコ科，例．セントポーリア［２０１８．０１］
uploaded,新設,,A01H 6/46,,・イネ科，例．ライグラス，コメ，コムギまたはトウモロコシ［２０１８．０１］
uploaded,新設,,A01H 6/48,,・アジサイ科，例．アジサイ［２０１８．０１］
uploaded,新設,,A01H 6/05,,・シソ科，例．ラベンダー，ハッカまたはチア［２０１８．０１］
uploaded,新設,,A01H 6/52,,・クスノキ科，例．アボカド［２０１８．０１］
uploaded,新設,,A01H 6/54,,・マメ科，例．ダイズ，ムラサキウマゴヤシまたはピーナッツ［２０１８．０１］
uploaded,新設,,A01H 6/56,,・ユリ科，例．アルストロメリア属またはユリ属［２０１８．０１］
uploaded,新設,,A01H 6/58,,・アマ科，例．アマ［２０１８．０１］
uploaded,新設,,A01H 6/06,,・アオイ科，例．ワタまたはハイビスカス［２０１８．０１］
uploaded,新設,,A01H 6/62,,・ラン科［２０１８．０１］
uploaded,新設,,A01H 6/64,,・ケシ科，例．ケシ［２０１８．０１］
uploaded,新設,,A01H 6/66,,・ゴマ科，例．ゴマ［２０１８．０１］
uploaded,新設,,A01H 6/68,,・オオバコ科，例．キンギョソウ［２０１８．０１］
uploaded,新設,,A01H 6/07,,・ハナシノブ科，例．フロックス［２０１８．０１］
uploaded,新設,,A01H 6/72,,・キンポウゲ科，例．クレマチス［２０１８．０１］
uploaded,新設,,A01H 6/74,,・バラ科，例．イチゴ，リンゴ，アーモンド，セイヨウナシ，バラ，ブラックベリーまたはラズベリー［２０１８．０１］
uploaded,新設,,A01H 6/76,,・アカネ科，例．ペンタス［２０１８．０１］
uploaded,新設,,A01H 6/78,,・ミカン科，例．レモンまたはライム［２０１８．０１］
uploaded,新設,,A01H 6/08,,・ユキノシタ科，例．ツボサンゴ属［２０１８．０１］
uploaded,新設,,A01H 6/82,,・ナス科，例．コショウ，タバコ，ジャガイモ，トマトまたはナス［２０１８．０１］
uploaded,新設,,A01H 6/84,,・イラクサ科，例．カラムシ［２０１８．０１］
uploaded,新設,,A01H 6/86,,・クマツヅラ科，例．バーベナ［２０１８．０１］
uploaded,新設,,A01H 6/88,,・ブドウ科，例．ビチス属，すなわちブドウ属［２０１８．０１］
uploaded,新設,,A01N 43/824,,・・・１，３，４―オキサジアゾール；１，３，４―チアジアゾール；水素添加１，３，４―オキサジアゾール；水素添加１，３，４―チアジアゾール［６］
uploaded,新設,,A01N 43/824 A,,環の炭素原子に，炭素原子が直接結合したもの
uploaded,新設,,A01N 43/824 B,,環の炭素原子に，酸素原子または硫黄原子が直接結合したもの
uploaded,新設,,A01N 43/824 C,,・酸素原子または硫黄原子が，水酸基，メルカプト基，オキソ基またはチオキソ基の一部であるもの
uploaded,新設,,A01N 43/824 D,,環の炭素原子に，窒素原子が直接結合したもの
uploaded,新設,,A01N 43/824 E,,環の炭素原子に，複素環が直接結合したもの
uploaded,新設,,A01N 43/824 Z,,その他のもの
uploaded,新設,,A01N 43/828,,・・・１，２，３―オキサジアゾール；１，２，３―チアジアゾール；水素添加１，２，３―オキサジアゾール；水素添加１，２，３―チアジアゾール［６］
uploaded,新設,,A01N 43/832,,・・・１，２，５―オキサジアゾール；１，２，５―チアジアゾール；水素添加１，２，５―オキサジアゾール；水素添加１，２，５―チアジアゾール［６］
uploaded,新設,,A01N 43/836,,・・・１，２，４―オキサジアゾール；１，２，４―チアジアゾール；水素添加１，２，４―オキサジアゾール；水素添加１，２，４―チアジアゾール［６］
uploaded,新設,,A01N 53/02,,・「図」＊印のついた炭素原子が非環式か，環または環系の一部であるような基を含むエステル；そのチオ類似体［６］
uploaded,新設,,A01N 53/04,,・・複素環を有するもの［６］
uploaded,新設,,A01N 53/04 100,,・・・シクロプロパンカルボン酸エステルの酸部分にのみ複素環を有するもの
uploaded,新設,,A01N 53/04 200,,・・・シクロプロパンカルボン酸エステルのアルコール部分に複素環を有するもの
uploaded,新設,,A01N 53/04 300,,・・・・＊印のついた炭素原子が非環式で，複素環または複素環系に直接結合したものであって，＊印のついた炭素原子に直接結合する環が６員の芳香族環ではないもの
uploaded,新設,,A01N 53/04 400,,・・・・・複素環または複素環系が，環異項原子として酸素原子または硫黄原子のみを有するもの
uploaded,新設,,A01N 53/04 410,,・・・・・・複素環または複素環系上に，アリール基またはアリールアルキル基が結合したもの
uploaded,新設,,A01N 53/04 500,,・・・・・複素環または複素環系が，環異項原子として窒素原子のみを有するもの
uploaded,新設,,A01N 53/04 510,,・・・・・・複素環または複素環系が，フタルイミドであって，複素環側で＊印の付いた炭素原子に結合しているもの
uploaded,新設,,A01N 53/04 520,,・・・・・・複素環が２，４―イミダゾリジンジオンであるもの
uploaded,新設,,A01N 53/04 600,,・・・・・複素環または複素環系が，環異項原子として窒素原子と酸素原子または硫黄原子とを有するもの
uploaded,新設,,A01N 53/06,,・・＊印のついた炭素原子が非環式で，６員の芳香族環の炭素原子に直接結合したもの，例．ベンジルエステル；そのチオ類似体［６］
uploaded,新設,,A01N 53/06 100,,・・・６員の芳香族環が，単環であるもの
uploaded,新設,,A01N 53/06 110,,・・・・単環の６員芳香族環に，ハロゲンが結合したもの
uploaded,新設,,A01N 53/06 120,,・・・・単環の６員芳香族環に，酸素原子または硫黄原子が結合したもの（アリールオキシ基が結合したものＡ０１Ｎ５３／０８）
uploaded,新設,,A01N 53/06 130,,・・・・単環の６員芳香族環に，窒素原子が結合したもの
uploaded,新設,,A01N 53/06 140,,・・・・単環の６員芳香族環に，環が直接結合したもの
uploaded,新設,,A01N 53/06 150,,・・・・・単環の６員芳香族環がベンゼン環であり，さらにフェニル基が結合したもの，例．ビフェントリン
uploaded,新設,,A01N 53/06 200,,・・・６員の芳香族環が，他の環と縮合しているもの
uploaded,新設,,A01N 53/08,,・・・６員の芳香族環に結合したアリールオキシ基を有するもの，例．フェノキシベンジルエステル；そのチオ類似体［６］
uploaded,新設,,A01N 53/08 100,,・・・・６員の芳香族環が，単環であるもの
uploaded,新設,,A01N 53/08 110,,・・・・・シクロプロパンカルボン酸エステルの酸部分に不飽和結合を有するもの
uploaded,新設,,A01N 53/08 120,,・・・・・・不飽和結合を形成する炭素原子にハロゲンが結合するもの
uploaded,新設,,A01N 53/08 125,,・・・・・・・ジクロルビニル基であるもの
uploaded,新設,,A01N 53/08 130,,・・・・・シクロプロパンカルボン酸エステルの酸部分に，さらに環を有するもの
uploaded,新設,,A01N 53/08 200,,・・・・６員の芳香族環が，他の環と縮合しているもの
uploaded,新設,,A01N 53/01,,・・Ａ０１Ｎ５３／０４またはＡ０１Ｎ５３／０６のグループに分類されないエステル［６］
uploaded,新設,,A01N 53/01 100,,・・・シクロプロパンカルボン酸エステルのアルコール部分が，鎖状の不飽和炭化水素基を有するもの
uploaded,新設,,A01N 53/01 200,,・・・シクロプロパンカルボン酸エステルのアルコール部分が，縮合していない脂肪族環を有するもの
uploaded,新設,,A01N 53/01 210,,・・・・４―オキソ―２―シクロペンテン―１―イルエステル構造を有するもの，例．ピレトリン
uploaded,新設,,A01N 53/01 300,,・・・シクロプロパンカルボン酸エステルのアルコール部分が，炭素環と縮合した脂肪族環を有するもの
uploaded,新設,,A01N 53/12,,・「図」においてＸまたはＹの少なくとも１つが窒素原子である基を含む化合物，例．シクロプロパンカルボン酸アミド［６］
uploaded,新設,,A01N 53/14,,・シクロプロパンカルボン酸ニトリル［６］
uploaded,新設,,A01N 55/02 100,,・・ヒ素
uploaded,新設,,A01N 55/02 110,,・・鉛
uploaded,新設,,A01N 55/02 120,,・・カドミウム
uploaded,新設,,A01N 55/02 130,,・・ニッケル
uploaded,新設,,A01N 55/02 140,,・・ビスマス
uploaded,新設,,A01N 55/02 150,,・・亜鉛
uploaded,新設,,A01N 55/02 160,,・・銅
uploaded,新設,,A01N 55/04 100,,・・・スズに炭素原子のみが結合しているもの
uploaded,新設,,A01N 55/04 200,,・・・スズに酸素原子が結合しているもの
uploaded,新設,,A01N 55/04 210,,・・・・酸素原子が水酸基の一部であるもの
uploaded,新設,,A01N 55/04 220,,・・・・Ｓｎ－Ｏ－Ｓｎの構造を有するもの
uploaded,新設,,A01N 55/04 230,,・・・・Ｓｎ－Ｏ－ＣＯ－の構造を有するもの
uploaded,新設,,A01N 55/04 300,,・・・スズに硫黄原子が結合しているもの
uploaded,新設,,A01N 55/04 400,,・・・スズにハロゲン原子が結合しているもの
uploaded,新設,,A01N 55/04 500,,・・・スズに窒素原子が結合しているもの
uploaded,新設,,A01N 55/04 600,,・・・スズを含む高分子化合物
uploaded,新設,,A01N 55/01,,・ケイ素を含むもの［６］
uploaded,新設,,A01N 55/01 100,,・・ケイ素に，炭素原子が結合した酸素原子３個と，炭素原子１個が結合しているもの
uploaded,新設,,A01N 55/01 200,,・・ケイ素に，炭素原子３個と，酸素原子１個が結合しているもの
uploaded,新設,,A01N 55/01 300,,・・ケイ素に４個の炭素原子が結合しているもの
uploaded,新設,,A01N 55/01 400,,・・ケイ素に窒素原子が結合しているもの
uploaded,新設,,A01N 55/01 500,,・・Ｓｉ－Ｏ－Ｓｉの構造を有するもの
uploaded,新設,,A23B 4/00 505,,・節類
uploaded,新設,,A23B 4/00 505 A,,削り節；魚節粉末
uploaded,新設,,A23B 4/00 505 B,,シート状
uploaded,新設,,A23B 4/00 505 Z,,その他のもの
uploaded,新設,,A23B 4/005,,・加熱による保存［５］
uploaded,新設,,A23B 4/01,,・・照射または電気的処理によるもの［５］
uploaded,新設,,A23B 4/015,,・加熱効果のない照射または電気的処理による保存［５］
uploaded,新設,,A23B 4/023,,・・食塩または，それと無機または有機化合物との混合物によるもの［５］
uploaded,新設,,A23B 4/023 A,,塩蔵
uploaded,新設,,A23B 4/023 B,,・塩漬
uploaded,新設,,A23B 4/023 C,,・塩辛
uploaded,新設,,A23B 4/023 Z,,その他のもの
uploaded,新設,,A23B 4/027,,・・食塩以外の無機塩または，それと有機化合物，例．生化学化合物，との混合物によるもの［５］
uploaded,新設,,A23B 4/03,,・乾燥；その後の再生［５］
uploaded,新設,,A23B 4/03 501,,・・乾燥または乾製品
uploaded,新設,,A23B 4/03 501 A,,乾燥工程に特徴のあるもの
uploaded,新設,,A23B 4/03 501 B,,・真空乾燥
uploaded,新設,,A23B 4/03 501 D,,脱水
uploaded,新設,,A23B 4/03 501 E,,形状または構造に特徴のあるもの
uploaded,新設,,A23B 4/03 501 F,,圧延工程を伴うもの
uploaded,新設,,A23B 4/03 501 Z,,その他のもの
uploaded,新設,,A23B 4/03 502,,・・乾燥装置
uploaded,新設,,A23B 4/03 502 A,,大型乾燥装置
uploaded,新設,,A23B 4/03 502 B,,・関連装置
uploaded,新設,,A23B 4/03 502 C,,家庭用乾燥器
uploaded,新設,,A23B 4/03 502 D,,乾燥物加工装置
uploaded,新設,,A23B 4/03 502 E,,乾燥用部品；乾燥用部材
uploaded,新設,,A23B 4/03 502 Z,,その他のもの
uploaded,新設,,A23B 4/033,,・・化学薬品を添加するもの（Ａ２３Ｂ４／０３７が優先）［５］
uploaded,新設,,A23B 4/037,,・・凍結乾燥［５］
uploaded,新設,,A23B 4/044,,・燻煙；燻煙装置［５］
uploaded,新設,,A23B 4/044 503,,・・燻煙；燻製品
uploaded,新設,,A23B 4/044 503 A,,燻煙処理によるもの
uploaded,新設,,A23B 4/044 503 B,,・燻煙材に特徴のあるもの
uploaded,新設,,A23B 4/044 503 C,,燻液処理によるもの
uploaded,新設,,A23B 4/044 503 D,,・燻液に特徴のあるもの
uploaded,新設,,A23B 4/044 503 Z,,その他のもの
uploaded,新設,,A23B 4/048,,・・自然煙以外の化学薬品を添加するもの［５］
uploaded,新設,,A23B 4/052,,・・燻煙発生装置［５］
uploaded,新設,,A23B 4/052 A,,大型燻煙装置
uploaded,新設,,A23B 4/052 B,,家庭用燻煙器
uploaded,新設,,A23B 4/052 C,,発煙部
uploaded,新設,,A23B 4/052 Z,,その他のもの
uploaded,新設,,A23B 4/056,,・・照射または電気的処理と結合した燻煙，例．静電燻煙［５］
uploaded,新設,,A23B 4/07,,・・冷凍後の解凍［５］
uploaded,新設,,A23B 4/07 A,,空気媒体解凍
uploaded,新設,,A23B 4/07 B,,水媒体解凍
uploaded,新設,,A23B 4/07 C,,蒸気解凍
uploaded,新設,,A23B 4/07 D,,電気解凍
uploaded,新設,,A23B 4/07 E,,・高周波加熱解凍
uploaded,新設,,A23B 4/07 F,,超音波解凍
uploaded,新設,,A23B 4/07 G,,加圧解凍
uploaded,新設,,A23B 4/07 H,,真空解凍
uploaded,新設,,A23B 4/07 J,,装置
uploaded,新設,,A23B 4/07 Z,,その他のもの
uploaded,新設,,A23B 4/09,,・・・低温での食品と化学薬品，例．液体Ｎ↓２，の間の直接接触によるもの［５］
uploaded,新設,,A23B 4/16,,・・ガス状態のもの，例．燻蒸；組成物またはそのための装置［５］
uploaded,新設,,A23B 4/18,,・・液体または固体状態で行うもの（そのための装置Ａ２３Ｂ４／２６，Ａ２３Ｂ４／３２）［５］
uploaded,新設,,A23B 4/02,,・・・有機化合物；微生物；酵素［５］
uploaded,新設,,A23B 4/02 A,,アルコール類
uploaded,新設,,A23B 4/02 B,,エステル類
uploaded,新設,,A23B 4/02 C,,ニトロフラン誘導体
uploaded,新設,,A23B 4/02 Z,,その他のもの
uploaded,新設,,A23B 4/22,,・・・・微生物；酵素［５］
uploaded,新設,,A23B 4/24,,・・・無機化合物［５］
uploaded,新設,,A23B 4/26,,・液体を用いる保存のための装置［５］
uploaded,新設,,A23B 4/28,,・・液体の注入によるもの［５］
uploaded,新設,,A23B 4/03,,・・液体の噴霧によるもの［５］
uploaded,新設,,A23B 4/32,,・固体を用いる保存のための装置［５］
uploaded,新設,,A23B 5/005,,・加熱による保存［５］
uploaded,新設,,A23B 5/01,,・・照射または電気的処理によるもの［５］
uploaded,新設,,A23B 5/015,,・加熱効果のない照射または電気的処理による保存［５］
uploaded,新設,,A23B 5/025,,・・化学薬品を添加するもの（Ａ２３Ｂ５／０３，Ａ２３Ｂ５／０３５が優先）［５］
uploaded,新設,,A23B 5/03,,・・凍結乾燥［５］
uploaded,新設,,A23B 5/035,,・・噴霧乾燥［５］
uploaded,新設,,A23B 5/045,,・・冷凍後の解凍［５］
uploaded,新設,,A23B 5/05,,・・化学薬品の添加によるもの［５］
uploaded,新設,,A23B 5/055,,・・・低温での食品と化学薬品，例．液体Ｎ↓２，の間の直接接触によるもの［５］
uploaded,新設,,A23B 5/08,,・化学薬品による保存［５］
uploaded,新設,,A23B 5/01,,・・ガス状態のもの，例．燻蒸；組成物またはそのための装置［５］
uploaded,新設,,A23B 5/12,,・・液体または固体状態のもの［５］
uploaded,新設,,A23B 5/14,,・・・有機化合物；微生物；酵素［５］
uploaded,新設,,A23B 5/16,,・・・・微生物；酵素［５］
uploaded,新設,,A23B 5/18,,・・・無機化合物［５］
uploaded,新設,,A23B 5/02,,・・・液体を用いる保存のための装置［５］
uploaded,新設,,A23B 5/22,,・・・固体を用いる保存のための装置［５］
uploaded,新設,,A23B 7/005,,・加熱による保存［５］
uploaded,新設,,A23B 7/01,,・・照射または電気的処理によるもの［５］
uploaded,新設,,A23B 7/015,,・加熱効果のない照射または電気的処理による保存［５］
uploaded,新設,,A23B 7/022,,・・化学薬品を添加するもの（Ａ２３Ｂ７／０２４～Ａ２３Ｂ７／０２８が優先）［５］
uploaded,新設,,A23B 7/024,,・・凍結乾燥［５］
uploaded,新設,,A23B 7/026,,・・噴霧乾燥［５］
uploaded,新設,,A23B 7/028,,・・薄層乾燥，ドラム乾燥またはローラー乾燥［５］
uploaded,新設,,A23B 7/045,,・・冷凍後の解凍［５］
uploaded,新設,,A23B 7/05,,・・化学薬品を添加するもの［５］
uploaded,新設,,A23B 7/055,,・・・低温での食品と化学薬品，例．液体Ｎ↓２，の間の直接接触によるもの［５］
uploaded,新設,,A23B 7/153,,・・液体または固体状態のもの［５］
uploaded,新設,,A23B 7/154,,・・・有機化合物；微生物；酵素［５］
uploaded,新設,,A23B 7/155,,・・・・微生物；酵素［５］
uploaded,新設,,A23B 7/157,,・・・無機化合物［５］
uploaded,新設,,A23B 7/158,,・・・液体を用いる保存のための装置［５］
uploaded,新設,,A23B 7/159,,・・・固体を用いる保存のための装置［５］
uploaded,新設,,A23B 9/02,,・加熱による保存［５］
uploaded,新設,,A23B 9/04,,・・照射または電気的処理によるもの［５］
uploaded,新設,,A23B 9/06,,・加熱効果のない照射または電気的処理による保存［５］
uploaded,新設,,A23B 9/08,,・乾燥；その後の再生［５］
uploaded,新設,,A23B 9/01,,・冷凍；その後の解凍；冷却［５］
uploaded,新設,,A23B 9/12,,・・冷凍後の解凍［５］
uploaded,新設,,A23B 9/14,,・保護層による被覆；組成物またはそのための装置［５］
uploaded,新設,,A23B 9/16,,・化学薬品による保存［５］
uploaded,新設,,A23B 9/18,,・・ガス状態のもの，例．燻蒸；組成物またはそのための装置［５］
uploaded,新設,,A23B 9/02,,・・・ＣＯ↓２，Ｎ↓２，Ｏ↓２，Ｈ↓２Ｏのみからなる製御された雰囲気，例．減圧，中で行なうもの［５］
uploaded,新設,,A23B 9/22,,・・・ＣＯ↓２，Ｎ↓２，Ｏ↓２，Ｈ↓２Ｏに他のガスを加えたものからなる制御された雰囲気中で行なうもの［５］
uploaded,新設,,A23B 9/24,,・・液体または固体状態のもの［５］
uploaded,新設,,A23B 9/26,,・・・有機化合物；微生物；酵素［５］
uploaded,新設,,A23B 9/28,,・・・・微生物；酵素［５］
uploaded,新設,,A23B 9/03,,・・・無機化合物［５］
uploaded,新設,,A23B 9/32,,・・・液体を用いる保存のための装置［５］
uploaded,新設,,A23B 9/34,,・・・固体を用いる保存のための装置［５］
uploaded,新設,,A23G 1/03,,・カカオ製品，例．チョコレート；その代用品［８］
uploaded,新設,,A23G 1/32,,・・組成に特徴があるもの［８］
uploaded,新設,,A23G 1/34,,・・・カカオの代用品［８］
uploaded,新設,,A23G 1/36,,・・・使用される脂質に特徴があるもの（乳製品を含むものＡ２３Ｇ１／４６）［８］
uploaded,新設,,A23G 1/38,,・・・・カカオバターの代用品［８］
uploaded,新設,,A23G 1/04,,・・・使用した糖質に特徴があるもの，例．多糖類（乳製品を含むものＡ２３Ｇ１／４６）［８］
uploaded,新設,,A23G 1/42,,・・・微生物または酵素を含むもの；医療補助または栄養剤，例．ビタミン剤（乳製品を含むものＡ２３Ｇ１／４６）［８］
uploaded,新設,,A23G 1/44,,・・・ペプチドまたは蛋白質を含むもの（乳製品を含むものＡ２３Ｇ１／４６）［８］
uploaded,新設,,A23G 1/46,,・・・乳製品を含むもの［８］
uploaded,新設,,A23G 1/48,,・・・植物またはその一部を含むもの，例．果物，種子または抽出物（ガムを含むものＡ２３Ｇ１／４０）［８］
uploaded,新設,,A23G 1/05,,・・形状，構造または物理的形態に特徴があるもの，例．非食用支持物を有する製品（液体製品，液体製品を製造するための粉末，フレークまたは顆粒状の固体製品Ａ２３Ｇ１／５６）［８］
uploaded,新設,,A23G 1/52,,・・・空気泡込，発泡，組織に間隔のあるまたは多孔性の製品［８］
uploaded,新設,,A23G 1/54,,・・・複合製品，例．積層物，被覆物または詰物［８］
uploaded,新設,,A23G 1/56,,・・液体製品；液体製品を製造するための粉末，フレークまたは顆粒状の固体製品，例．チョコレートミルクを製造するためのもの［８］
uploaded,新設,,A23G 3/34,,・糖菓，菓子またはマジパン；その製造過程［８］
uploaded,新設,,A23G 3/34 101,,・・あめ菓子または糖菓，例．甘納豆またはキャンディ
uploaded,新設,,A23G 3/34 102,,・・焼物菓子または打物菓子，例．らくがん
uploaded,新設,,A23G 3/34 104,,・・・米菓
uploaded,新設,,A23G 3/34 105,,・・蒸物菓子，例．ういろう（羊羮Ａ２３Ｇ３／３４　１０７，プディングＡ２３Ｌ９／１０）
uploaded,新設,,A23G 3/34 106,,・・あん，汁粉，餅菓子または最中（最中の皮はＡ２１Ｄ１３／００，その製造方法および装置はＡ２１Ｂ，Ｃ，Ｄ；あん製造において，調味工程以前の豆の処理，加工Ａ２３Ｌ１１／００）
uploaded,新設,,A23G 3/34 107,,・・羊羮
uploaded,新設,,A23G 3/34 108,,・・油菓
uploaded,新設,,A23G 3/34 109,,・・掛物菓子
uploaded,新設,,A23G 3/36,,・・配合に特徴があるもの［８］
uploaded,新設,,A23G 3/38,,・・・蔗糖を使わない製品［８］
uploaded,新設,,A23G 3/04,,・・・使用した脂質に特徴があるもの（乳製品を含むものＡ２３Ｇ３／４６）［８］
uploaded,新設,,A23G 3/42,,・・・使用した炭水化物に特徴があるもの，例．多糖類（乳製品を含むものＡ２３Ｇ３／４６）［８］
uploaded,新設,,A23G 3/44,,・・・ペプチドまたは蛋白質を含むもの（乳製品を含むものＡ２３Ｇ３／４６）［８］
uploaded,新設,,A23G 3/46,,・・・乳製品を含むもの［８］
uploaded,新設,,A23G 3/48,,・・・植物またはその一部を含むもの，例．果実，種子または抽出物（ガムを含むものＡ２３Ｇ３／４２）［８］
uploaded,新設,,A23G 3/05,,・・形状，構造または物理的形態に特徴があるもの，例．支持構造を有する製品（チョコレートを含む複合構造，例．積層物，被覆物または詰物Ａ２３Ｇ１／５４）［８］
uploaded,新設,,A23G 3/52,,・・・空気泡込，発泡，組織に間隔のあるまたは多孔性の製品［８］
uploaded,新設,,A23G 3/54,,・・・複合製品，例．積層物，被覆物または詰物［８］
uploaded,新設,,A23G 3/56,,・・・食用または非食用支持物を有する製品，例．棒付きキャンディー［８］
uploaded,新設,,A23G 4/00,,チュウインガム（チュウインガムの形態に特徴がある医薬組成物Ａ６１Ｋ９／６８）［８］
uploaded,新設,,A23G 4/02,,・チュウインガムの製造または処理に特に適した装置［８］
uploaded,新設,,A23G 4/04,,・・成形または型取りのためのもの［８］
uploaded,新設,,A23G 4/06,,・配合に特徴があるもの［８］
uploaded,新設,,A23G 4/08,,・・チュウインガムに基づくもの［８］
uploaded,新設,,A23G 4/01,,・・使用した炭水化物に特徴があるもの，例．多糖類（乳製品を含むものＡ２３Ｇ４／１６）［８］
uploaded,新設,,A23G 4/12,,・・微生物または酵素を含むもの；医療補助または栄養剤，例．ビタミン剤（乳製品を含むものＡ２３Ｇ４／１６）［８］
uploaded,新設,,A23G 4/14,,・・ペプチドまたは蛋白質を含むもの（乳製品を含むものＡ２３Ｇ４／１６）［８］
uploaded,新設,,A23G 4/16,,・・乳製品を含むもの［８］
uploaded,新設,,A23G 4/18,,・形状，構造または物理的形態に特徴があるもの，例．空気泡込製品［８］
uploaded,新設,,A23G 4/02,,・・複合製品，例．中心に詰め込まれたもの［８］
uploaded,新設,,A23G 9/00 101,,・冷菓，例．アイスクリーム，用混合物［２］
uploaded,新設,,A23G 9/32,,・組成に特徴があるもの［８］
uploaded,新設,,A23G 9/34,,・・使用された炭水化物に特徴があるもの，例．多糖類（使用された乳製品に特徴があるものＡ２３Ｇ９／４０）［８］
uploaded,新設,,A23G 9/36,,・・微生物または酵素を含むもの；医療補助または栄養剤，例．ビタミン剤，を含むもの（使用された乳製品に特徴があるものＡ２３Ｇ９／４０）［８］
uploaded,新設,,A23G 9/38,,・・ペプチドまたは蛋白質を含むもの（使用された乳製品に特徴があるものＡ２３Ｇ９／４０）［８］
uploaded,新設,,A23G 9/04,,・・使用された乳製品に特徴があるもの［８］
uploaded,新設,,A23G 9/42,,・・植物またはその一部を含むもの，例．果物，種子または抽出物（ガムを含むものＡ２３Ｇ９／３４）［８］
uploaded,新設,,A23G 9/44,,・形状，構造または物理的形態に特徴があるもの（液体製品，液体製品を製造するための粉末，フレークまたは顆粒状の固体製品Ａ２３Ｇ９／５２）［８］
uploaded,新設,,A23G 9/46,,・・空気泡込，発泡，組織に間隔のあるまたは多孔性の製品［８］
uploaded,新設,,A23G 9/48,,・・複合製品，例．積層物，被覆物または詰物［８］
uploaded,新設,,A23G 9/05,,・・食用または非食用支持物を有する製品，例．アイスクリームコーン［８］
uploaded,新設,,A23G 9/52,,・液体製品；液体製品を製造するための粉末，フレークまたは顆粒状の固体製品［８］
uploaded,新設,,A23L 2/385,,・非アルコール飲料の濃縮物［６］
uploaded,新設,,A23L 2/39,,・・乾燥組成物［６］
uploaded,新設,,A23L 2/395,,・・・特定の外観や形をしているもの［６］
uploaded,新設,,A23L 2/42,,・非アルコール飲料の保存［６］
uploaded,新設,,A23L 2/42 101,,・・果実または野菜ジュースを含有するもの［２］
uploaded,新設,,A23L 2/44,,・・保存剤を添加することによるもの［６］
uploaded,新設,,A23L 2/44 101,,・・・果実または野菜ジュースを含有するもの［２］
uploaded,新設,,A23L 2/46,,・・加熱によるもの［６］
uploaded,新設,,A23L 2/46 101,,・・・果実または野菜ジュースを含有するもの［２］
uploaded,新設,,A23L 2/48,,・・・照射または電気的処理によるもの［６］
uploaded,新設,,A23L 2/48 101,,・・・・果実または野菜ジュースを含有するもの［２］
uploaded,新設,,A23L 2/05,,・・加熱しないで，照射または電気的処理をするもの［６］
uploaded,新設,,A23L 2/05 101,,・・・果実または野菜ジュースを含有するもの［２］
uploaded,新設,,A23L 2/52,,・成分を添加するもの（保存剤を添加するＡ２３Ｌ２／４４）［６］
uploaded,新設,,A23L 2/52 101,,・・果実または野菜ジュースを含有するもの［２］
uploaded,新設,,A23L 2/54,,・・ガスを混入するもの［６］
uploaded,新設,,A23L 2/54 101,,・・・果実または野菜ジュースを含有するもの［２］
uploaded,新設,,A23L 2/56,,・・香味料または苦味剤（甘味料Ａ２３Ｌ２／６０）［６］
uploaded,新設,,A23L 2/58,,・・着色料［６］
uploaded,新設,,A23L 2/06,,・・甘味料［６］
uploaded,新設,,A23L 2/62,,・・混濁剤；濁りを均一にするための添加剤［６］
uploaded,新設,,A23L 2/64,,・・揮発性芳香剤の再添加［６］
uploaded,新設,,A23L 2/64 101,,・・・果実または野菜ジュースを含有するもの［２］
uploaded,新設,,A23L 2/66,,・・蛋白質［６］
uploaded,新設,,A23L 2/68,,・・酸味をつける物質［６］
uploaded,新設,,A23L 2/07,,・非アルコール飲料の透明化または清澄化；不要物質の除去［６］
uploaded,新設,,A23L 2/07 101,,・・果実または野菜ジュースを含有するもの［２］
uploaded,新設,,A23L 2/07 101 A,,酸味性物質の除去
uploaded,新設,,A23L 2/07 101 B,,苦味物質の除去
uploaded,新設,,A23L 2/07 101 Z,,その他，例．透明化，清澄化または酸味性物質および苦味物質以外の物質の除去
uploaded,新設,,A23L 2/72,,・・濾過による［６］
uploaded,新設,,A23L 2/74,,・・・膜を使うもの，例．浸透，限外濾過［６］
uploaded,新設,,A23L 2/76,,・・ガスの除去によるもの［６］
uploaded,新設,,A23L 2/76 101,,・・・果実または野菜ジュースを含有するもの［２］
uploaded,新設,,A23L 2/78,,・・イオン交換によるもの［６］
uploaded,新設,,A23L 2/78 101,,・・・果実または野菜ジュースを含有するもの［２］
uploaded,新設,,A23L 2/08,,・・吸着によるもの［６］
uploaded,新設,,A23L 2/82,,・・凝集によるもの［６］
uploaded,新設,,A23L 2/84,,・・微生物または生物材料，例．酵素，を用いるもの［６］
uploaded,新設,,A23L 2/84 101,,・・・果実または野菜ジュースを含有するもの［２］
uploaded,新設,,A61C 19/05 120,,・・・咬合採得またはバイト高さ測定
uploaded,新設,,A63F 5/04 512 Y,,・管理装置
uploaded,新設,,A63F 5/04 516 G,,・・遊技店による確率変更，例．設定変更
uploaded,新設,,A63F 5/04 516 H,,・・遊技状態による確率変更，例．再遊技高確率状態
uploaded,新設,,A63F 5/04 517,,・・・・不正防止技術
uploaded,新設,,B09C 1/00,,汚染土壌の再生（物質の化学変化の影響により有害な化学剤を無害にするまたはより有害でなくする方法Ａ６２Ｄ３／００）［６］
uploaded,新設,,B09C 1/02,,・液体を使った抽出，例．洗浄，溶脱［６］
uploaded,新設,,B09C 1/04,,・浮遊選別［６］
uploaded,新設,,B09C 1/06,,・熱によるもの（汚染した土壌のための焼却炉Ｆ２３Ｇ７／１４）［６］
uploaded,新設,,B09C 1/08,,・化学的手段を用いるもの［６］
uploaded,新設,,B09C 1/01,,・微生物学的な手段あるいは酵素を利用するもの［６］
uploaded,新設,,C12H 1/044,,・・・無機物質の補助手段をもつもの［６］
uploaded,新設,,C12H 1/048,,・・・・シリコン含有物質をもつもの［６］
uploaded,新設,,C12H 1/052,,・・・有機物質の補助手段をもつもの［６］
uploaded,新設,,C12H 1/056,,・・・・重合体の補助手段をもつもの［６］
uploaded,新設,,C12H 1/065,,・・・遠心分離［６］
uploaded,新設,,C12H 1/07,,・・・ろ過分離［６］
uploaded,新設,,C12H 1/075,,・・・・交差流ろ過によるもの［６］
uploaded,新設,,C12H 1/15,,・・・酵素を用いるもの［６］
uploaded,新設,,C25D 2/00,,電気分解による加工品の接合［６］
uploaded,新設,,D06P 1/81,,・無機溶媒に溶解した染料を用いるもの［７］
uploaded,新設,,D06P 1/92,,・・有機溶媒に溶解したもの［７］
uploaded,新設,,D06P 1/94,,・超臨界状態の溶媒に溶解した染料を用いるもの［７］
uploaded,新設,,D06P 1/96,,・ショートバス比に特徴がある染色［７］
uploaded,新設,,D06P 5/24,,・転写捺染［７］
uploaded,新設,,D06P 5/24 D,,液面転写
uploaded,新設,,D06P 5/24 G,,静電転写
uploaded,新設,,D06P 5/24 Z,,その他
uploaded,新設,,D06P 5/26,,・・熱転写捺染［７］
uploaded,新設,,D06P 5/28,,・・・昇華染料を用いるもの［７］
uploaded,新設,,D06P 5/03,,・インクジェット捺染［７］
uploaded,新設,,E04B 2/02 100,,・・接合部の細部
uploaded,新設,,E04B 2/02 110,,・・・引っかかりをもたない接合部，例．突起と溝による実矧ぎ
uploaded,新設,,E04B 2/02 111,,・・・・接合部の断面形状が長方形のもの
uploaded,新設,,E04B 2/02 112,,・・・・接合部の断面形状が台形のもの
uploaded,新設,,E04B 2/02 113,,・・・・接合部の断面形状が三角形のもの
uploaded,新設,,E04B 2/02 114,,・・・・接合部の断面形状が円形のもの
uploaded,新設,,E04B 2/02 115,,・・・・個別に成形された突出部によるもの
uploaded,新設,,E04B 2/02 115 A,,角柱形状のもの
uploaded,新設,,E04B 2/02 115 B,,角錐形状のもの
uploaded,新設,,E04B 2/02 115 C,,円錐形状のもの
uploaded,新設,,E04B 2/02 115 D,,円筒形状のもの
uploaded,新設,,E04B 2/02 115 Z,,その他
uploaded,新設,,E04B 2/02 116,,・・・・接合面に突出部と溝部を交互にもつもの
uploaded,新設,,E04B 2/02 117,,・・・・接合面の片面に繰り返しの突出部をもち、その反対の面に繰り返しの溝部をもつもの
uploaded,新設,,E04B 2/02 118,,・・・・接合部がラベットのもの，例．階段状のもの
uploaded,新設,,E04B 2/02 120,,・・・ひっかかりをもつ接合部，例．あり継ぎまたは鎌継ぎ
uploaded,新設,,E04B 2/02 121,,・・・・角張ったあり継ぎ
uploaded,新設,,E04B 2/02 121 A,,角張ったあり継ぎで，さらにテーパーのかかったもの
uploaded,新設,,E04B 2/02 121 Z,,その他
uploaded,新設,,E04B 2/02 122,,・・・・丸型のあり継ぎ
uploaded,新設,,E04B 2/02 122 A,,丸型のあり継ぎで，さらにテーパーのかかったもの
uploaded,新設,,E04B 2/02 122 Z,,その他
uploaded,新設,,E04B 2/02 130,,・・・接合用の独立したコネクターまたはインサート，例．とめ釘，ピンまたは雇い部材
uploaded,新設,,E04B 2/02 131,,・・・・釘またはピン
uploaded,新設,,E04B 2/02 132,,・・・・細長い板片；バー，例．雇い実
uploaded,新設,,E04B 2/02 133,,・・・・Ｕ字状のもの，例．ブラケット
uploaded,新設,,E04B 2/02 134,,・・・・雇いあり継ぎに類するもの
uploaded,新設,,E04B 2/02 135,,・・・・タイロッド，すなわち連結棒
uploaded,新設,,E04B 2/02 140,,・・建築要素が特別の特徴をもつもの
uploaded,新設,,E04B 2/02 150,,・・・持ち運びのために形状が工夫された要素部材
uploaded,新設,,E04B 2/02 160,,・・・部材が建築現場で分割可能なもの
uploaded,新設,,E04B 2/02 170,,・・・壁の角度をかえる部材；コーナーエレメントに特徴があるもの
uploaded,新設,,E04B 2/02 180,,・・・円弧状の壁面を形成するための部材に特徴があるもの
uploaded,新設,,E04B 2/02 190,,・・・表面形状に特徴のあるもの
uploaded,新設,,E04B 2/02 191,,・・・・ひとつの部材を複数のレンガ材からなるように見せかけることを特徴とするもの
uploaded,新設,,E04B 2/02 192,,・・・・自然石が積んであるように見せかけることを特徴とするもの
uploaded,新設,,E04B 2/02 193,,・・・・粗石；岩積みに見せかける部材を特徴とするもの
uploaded,新設,,E04B 2/02 200,,・・・要素部材の間にモルタル以外の接着剤，薄い層をもつことを特徴とするもの
uploaded,新設,,E04B 2/02 201,,・・・・部材とは別に，モルタル以外の接着層材または板状片のものを用いるもの
uploaded,新設,,E04B 2/02 202,,・・・・接着層が部材とあらかじめ一体に形成されているもの
uploaded,新設,,E04B 2/02 210,,・・・要素部材から構成される層の間の水平面にスペーサーを有することを特徴とするもの
uploaded,新設,,E04B 2/02 211,,・・・・要素とは別にスペーサー部材を用いるもの
uploaded,新設,,E04B 2/02 212,,・・・・スペーサーが要素とあらかじめ一体に形成されているもの
uploaded,新設,,E04B 2/02 220,,・・・要素がコーティングされていることを特徴とするもの，例．塩類，ポリマーまたは釉薬
uploaded,新設,,E04B 2/02 230,,・・・要素内部の空洞に断熱材が充てんされることを特徴とするもの
uploaded,新設,,E04B 2/02 231,,・・・・断熱材の材料として、粒状または繊維状の物質を充てんするもの，例．粒状体，フレーク状，繊維状，ガラスウールまたはロックウール
uploaded,新設,,E04B 2/02 232,,・・・・断熱材の材料として、塊状の物質を充てんするもの，例．発泡性または気泡性素材を用いるもの，固体ポリマー発泡体または気泡コンクリート
uploaded,新設,,E04B 2/02 260,,・・・ななめに配筋できるもの
uploaded,新設,,E04B 2/02 270,,・・部材の巾が壁厚より小さいもの
uploaded,新設,,E04C 1/00 E,,木製のもの
uploaded,新設,,E04C 1/00 F,,合成樹脂製のもの
uploaded,新設,,E04C 1/00 G,,廃棄物を固めたもの
uploaded,新設,,E04C 1/39 101,,・・換気，加熱または冷却用のもの
uploaded,新設,,E04C 1/39 102,,・・クラウストラ，フェンスまたは植栽壁用のもの，例．吸音用のもの（直立園芸用鉢Ａ０１Ｇ９／０２２）
uploaded,新設,,E04C 1/39 103,,・・導管を設置するためのもの（Ｅ０４Ｃ１／３９　１０１が優先）
uploaded,新設,,E04C 1/39 104,,・・土留，擁壁用
uploaded,新設,,E04C 1/39 105,,・・ブロックを他部材に連結するもの
uploaded,新設,,E04C 1/39 106,,・・笠木；頂部ブロック，例．天端材または有刺外壁ブロック
uploaded,新設,,E04C 1/39 107,,・・通風ブロック，すなわち壁の内外の通風，例．基礎風窓通気ブロック
uploaded,新設,,E04C 1/39 108,,・・基礎ブロック（基礎風窓通気ブロックＥ０４Ｃ１／３９　１０７）
uploaded,新設,,E04C 1/39 109,,・・装置付ブロック，例．光源，太陽熱配管
uploaded,新設,,E04C 1/39 110,,・・防音，吸音，例．空隙によるもの
uploaded,新設,,E04C 1/39 111,,・・消波，護岸ブロック
uploaded,新設,,E04C 1/39 112,,・・境界塀用
uploaded,新設,,E04C 1/41,,・・絶縁材料および耐荷重コンクリート，石材または石状材料からなるもの［６］
uploaded,新設,,E04C 2/284,,・・・すくなくとも材料の一つが絶縁されているもの［６］
uploaded,新設,,E04C 2/288,,・・・・絶縁材料およびコンクリート，石材または石状材料からなるもの［６］
uploaded,新設,,E04C 2/292,,・・・・絶縁材料および金属薄板からなるもの［６］
uploaded,新設,,E04C 2/296,,・・・・絶縁材料および非金属または不特定の薄板材からなるもの（Ｅ０４Ｃ２／２８８が優先）［６］
uploaded,新設,,F02M 51/02 C,,センサのあるもの，例．空気流量センサ
uploaded,新設,,F02M 51/02 T,,インジェクタに関連した燃料圧力制御（デリバリパイプの圧力制御Ｆ０２Ｍ５５／０２，３６０が優先）
uploaded,新設,,G01N 24/00 100,,・細部
uploaded,新設,,G01N 24/00 100 A,,標準試料，例．ファントムまたはロック用
uploaded,新設,,G01N 24/00 100 B,,シフト試薬，例．造影剤またはコントラスト剤
uploaded,新設,,G01N 24/00 100 Y,,ＭＲＩ
uploaded,新設,,G01N 24/00 100 Z,,その他，例．防振または防音
uploaded,新設,,G01N 24/00 510,,・・試料の取扱い
uploaded,新設,,G01N 24/00 510 A,,試料管
uploaded,新設,,G01N 24/00 510 B,,・タービン
uploaded,新設,,G01N 24/00 510 C,,・・回転調整
uploaded,新設,,G01N 24/00 510 D,,試料導入（ＥＳＲ特有のものＧ０１Ｎ２４／１０　５１０Ａ）
uploaded,新設,,G01N 24/00 510 E,,・位置決め
uploaded,新設,,G01N 24/00 510 F,,温度調整
uploaded,新設,,G01N 24/00 510 Y,,ＭＲＩ
uploaded,新設,,G01N 24/00 510 Z,,その他
uploaded,新設,,G01N 24/00 520,,・・記録；表示
uploaded,新設,,G01N 24/00 520 A,,表示；出力手段
uploaded,新設,,G01N 24/00 520 B,,・多次元ＮＭＲ用
uploaded,新設,,G01N 24/00 520 L,,記録；記憶手段
uploaded,新設,,G01N 24/00 520 Y,,ＭＲＩ
uploaded,新設,,G01N 24/00 520 Z,,その他
uploaded,新設,,G01N 24/00 530,,・・信号処理
uploaded,新設,,G01N 24/00 530 A,,サンプリング，例．Ａ／Ｄ変換
uploaded,新設,,G01N 24/00 530 B,,データ補正
uploaded,新設,,G01N 24/00 530 C,,・Ｓ／Ｎ改善
uploaded,新設,,G01N 24/00 530 D,,・・積算
uploaded,新設,,G01N 24/00 530 E,,・・反転加算
uploaded,新設,,G01N 24/00 530 F,,・ベースライン補正
uploaded,新設,,G01N 24/00 530 G,,データ処理，例．演算手法または処理手順
uploaded,新設,,G01N 24/00 530 H,,・フーリエ変換，例．アポダイゼーション
uploaded,新設,,G01N 24/00 530 J,,スペクトル同定，例．ピーク検出
uploaded,新設,,G01N 24/00 530 K,,・化学シフトに関するもの，例．構造解析
uploaded,新設,,G01N 24/00 530 L,,・不要ピーク除去
uploaded,新設,,G01N 24/00 530 M,,・多次元ＮＭＲ用
uploaded,新設,,G01N 24/00 530 Y,,ＭＲＩ
uploaded,新設,,G01N 24/00 530 Z,,その他
uploaded,新設,,G01N 24/00 540,,・・遮蔽，すなわちシールド
uploaded,新設,,G01N 24/00 540 A,,主磁場の遮蔽
uploaded,新設,,G01N 24/00 540 B,,高周波磁場の遮蔽
uploaded,新設,,G01N 24/00 540 Y,,傾斜磁場の遮蔽
uploaded,新設,,G01N 24/00 540 Z,,その他
uploaded,新設,,G01N 24/00 550,,・・探針
uploaded,新設,,G01N 24/00 560,,・・・プロ－ブ，例．高周波励起または検出システム
uploaded,新設,,G01N 24/00 560 A,,電子常磁性共鳴［ＥＳＲ］用
uploaded,新設,,G01N 24/00 560 B,,複数試料用
uploaded,新設,,G01N 24/00 560 C,,多核種用
uploaded,新設,,G01N 24/00 560 D,,二重共鳴用
uploaded,新設,,G01N 24/00 560 E,,検定；較正
uploaded,新設,,G01N 24/00 560 F,,コイルまたは回路の配置
uploaded,新設,,G01N 24/00 560 G,,温度調整
uploaded,新設,,G01N 24/00 560 Y,,ＭＲＩ
uploaded,新設,,G01N 24/00 560 Z,,その他
uploaded,新設,,G01N 24/00 570,,・・・・構造的細部
uploaded,新設,,G01N 24/00 570 A,,共振器，例．コイル
uploaded,新設,,G01N 24/00 570 B,,・表面コイルからなるもの
uploaded,新設,,G01N 24/00 570 C,,・・サブコイルの配列からなるもの
uploaded,新設,,G01N 24/00 570 D,,・スリットを有するものまたはループキャップ型のもの
uploaded,新設,,G01N 24/00 570 E,,・導波管型のもの，例．空洞共振器
uploaded,新設,,G01N 24/00 570 G,,・・外部照射手段を有するもの
uploaded,新設,,G01N 24/00 570 H,,共振器の機械的調整
uploaded,新設,,G01N 24/00 570 Y,,ＭＲＩ
uploaded,新設,,G01N 24/00 570 Z,,その他
uploaded,新設,,G01N 24/00 580,,・・・・電気的細部
uploaded,新設,,G01N 24/00 580 A,,送受信回路
uploaded,新設,,G01N 24/00 580 B,,・送信回路
uploaded,新設,,G01N 24/00 580 C,,・受信回路
uploaded,新設,,G01N 24/00 580 D,,・・直交コイル型
uploaded,新設,,G01N 24/00 580 E,,送受信分離
uploaded,新設,,G01N 24/00 580 F,,同調調整
uploaded,新設,,G01N 24/00 580 G,,二重同調
uploaded,新設,,G01N 24/00 580 H,,共振器との整合，すなわちインピーダンスマッチング
uploaded,新設,,G01N 24/00 580 J,,利得調整
uploaded,新設,,G01N 24/00 580 K,,温度補償
uploaded,新設,,G01N 24/00 580 Y,,ＭＲＩ
uploaded,新設,,G01N 24/00 580 Z,,その他
uploaded,新設,,G01N 24/00 590,,・・磁場の発生，均質化または安定化（磁気的変量の調整一般Ｇ０５Ｆ７／００；電磁石一般Ｈ０１Ｆ７／０６）
uploaded,新設,,G01N 24/00 600,,・・・主磁場である傾斜磁場の発生
uploaded,新設,,G01N 24/00 600 A,,電磁石
uploaded,新設,,G01N 24/00 600 B,,・コイル
uploaded,新設,,G01N 24/00 600 C,,・・超電導コイル
uploaded,新設,,G01N 24/00 600 D,,・・・冷却手段，例．クライオスタット
uploaded,新設,,G01N 24/00 600 H,,・制御系，例．電源
uploaded,新設,,G01N 24/00 600 P,,永久磁石
uploaded,新設,,G01N 24/00 600 Q,,・磁極片，例．ポールピース
uploaded,新設,,G01N 24/00 600 R,,・・材質；製法
uploaded,新設,,G01N 24/00 600 Y,,傾斜磁場コイル，例．ＭＲＩ
uploaded,新設,,G01N 24/00 600 Z,,その他
uploaded,新設,,G01N 24/00 610,,・・・主磁場である傾斜磁場の不均一性の補償または調整
uploaded,新設,,G01N 24/00 610 A,,機械的な補償または調整
uploaded,新設,,G01N 24/00 610 E,,強磁性体を用いるもの，例．受動シム
uploaded,新設,,G01N 24/00 610 J,,補正コイルを用いるもの，例．能動シム
uploaded,新設,,G01N 24/00 610 K,,・補正コイルの制御
uploaded,新設,,G01N 24/00 610 Y,,ＭＲＩ
uploaded,新設,,G01N 24/00 610 Z,,その他
uploaded,新設,,G01N 24/00 620,,・・・主磁場である傾斜磁場の安定化
uploaded,新設,,G01N 24/00 620 A,,ＮＭＲ信号による磁場ロック
uploaded,新設,,G01N 24/00 620 B,,・細部
uploaded,新設,,G01N 24/00 620 C,,・内部ロック
uploaded,新設,,G01N 24/00 620 D,,・外部ロック
uploaded,新設,,G01N 24/00 620 E,,・内部および外部ロック切替
uploaded,新設,,G01N 24/00 620 F,,・ＦＩＤの利用
uploaded,新設,,G01N 24/00 620 M,,磁場測定手段を有するもの
uploaded,新設,,G01N 24/00 620 Q,,温度補償
uploaded,新設,,G01N 24/00 620 R,,温度調整（超電導コイル冷却手段Ｇ０１Ｎ２４／００　６００Ｄ）
uploaded,新設,,G01N 24/00 620 Y,,ＭＲＩ
uploaded,新設,,G01N 24/00 620 Z,,その他
uploaded,新設,,G01R 33/07,,・・・ホール効果装置を使用するもの［６］
uploaded,新設,,G01R 33/09,,・・・磁気抵抗装置を使用するもの［６］
uploaded,新設,,G01R 33/02 101,,・・細部，例，磁界の発生，均質化または安定化（磁気的変量の調整一般Ｇ０５Ｆ７／００；電磁石一般Ｈ０１Ｆ７／０６）
uploaded,新設,,G01R 33/28,,・・グループＧ０１Ｒ３３／４４～Ｇ０１Ｒ３３／６４に分類される装置の細部［５］
uploaded,新設,,G01R 33/03,,・・・試料取扱い装置，例．試料セル，回転機構［５］
uploaded,新設,,G01R 33/31,,・・・・その温度制御［６］
uploaded,新設,,G01R 33/32,,・・・励起または検出システム，例．高周波を使用するもの［５］
uploaded,新設,,G01R 33/34,,・・・・構造的細部，例．共振器［５］
uploaded,新設,,G01R 33/341,,・・・・・表面コイルからなるもの［６］
uploaded,新設,,G01R 33/3415,,・・・・・・サブコイルの配列からなるもの［６］
uploaded,新設,,G01R 33/343,,・・・・・スリットを有するものまたはループギャップ型のもの［６］
uploaded,新設,,G01R 33/345,,・・・・・導波管型のもの（Ｇ０１Ｒ３３／３４３が優先）［６］
uploaded,新設,,G01R 33/36,,・・・・電気的細部，例．コイルと受信器との整合または結合［５］
uploaded,新設,,G01R 33/38,,・・・主磁場または傾斜磁場の発生，均質化または安定化のためのシステム［５］
uploaded,新設,,G01R 33/381,,・・・・電磁石を使用するもの［６］
uploaded,新設,,G01R 33/3815,,・・・・・超電導コイルを有するもの，例．そのための電源［６］
uploaded,新設,,G01R 33/383,,・・・・永久磁石を使用するもの［６］
uploaded,新設,,G01R 33/385,,・・・・傾斜磁場コイルを使用するもの［６］
uploaded,新設,,G01R 33/387,,・・・・磁場の不均一性の補償［６］
uploaded,新設,,G01R 33/3873,,・・・・・強磁性体を使用するもの［６］
uploaded,新設,,G01R 33/3875,,・・・・・補正コイル組み立て体を用いるもの，例．能動シム［６］
uploaded,新設,,G01R 33/389,,・・・・磁場の安定化［６］
uploaded,新設,,G01R 33/42,,・・・遮蔽［５，６］
uploaded,新設,,G01R 33/421,,・・・・主磁場または傾斜磁場の遮蔽［６］
uploaded,新設,,G01R 33/422,,・・・・高周波磁場の遮蔽［６］
uploaded,新設,,G01R 33/44,,・・核磁気共鳴［ＮＭＲ］を用いるもの（Ｇ０１Ｒ３３／２４，Ｇ０１Ｒ３３／６２が優先）［５］
uploaded,新設,,G01R 33/46,,・・・ＮＭＲ分光計［５］
uploaded,新設,,G01R 33/465,,・・・・生物学的材料に適用するもの，例．ガラス器内での試験，すなわちインビトロ［６］
uploaded,新設,,G01R 33/48,,・・・ＮＭＲ画像システム［５］
uploaded,新設,,G01R 33/483,,・・・・特定の体積領域からの信号またはスペクトルを選択するもの，例．生体分光，すなわちインビボ［６］
uploaded,新設,,G01R 33/485,,・・・・・化学シフト情報に基づくもの［６］
uploaded,新設,,G01R 33/05,,・・・・緩和時間の測定に基づくもの［５］
uploaded,新設,,G01R 33/54,,・・・・信号処理システム，例．パルスシーケンス［５］
uploaded,新設,,G01R 33/56,,・・・・・画像の強調または補正，例．減算または平均化技術［５］
uploaded,新設,,G01R 33/561,,・・・・・・走査時間の減少によるもの，すなわち，高速データ収集システム，例．エコープレーナーパルスシーケンス［６］
uploaded,新設,,G01R 33/563,,・・・・・・移動物質の画像の強調または補正，例．血管強調造影，すなわちアンギオグラフィー［６］
uploaded,新設,,G01R 33/565,,・・・・・・画像歪曲の補正，例．磁場の不均一性によるもの［６］
uploaded,新設,,G01R 33/567,,・・・・・・生理的信号によりゲート制御するもの［６］
uploaded,新設,,G01R 33/58,,・・・・画像システムの校正，例．テスト探針を使用するもの［５］
uploaded,新設,,G01R 33/06,,・・電子常磁性共鳴を用いるもの（Ｇ０１Ｒ３３／２４，Ｇ０１Ｒ３３／６２が優先）［５］
uploaded,新設,,G01R 33/62,,・・二重共鳴を用いるもの（Ｇ０１Ｒ３３／２４が優先）［５］
uploaded,新設,,G01R 33/64,,・・サイクロトロン共鳴を用いるもの（Ｇ０１Ｒ３３／２４が優先）［５］
uploaded,新設,,G01V 1/42,,・・一つの井戸に発生機を，他の箇所に受信機を用いるもの，またはその逆のもの（Ｇ０１Ｖ１／５２が優先）［６］
uploaded,新設,,G01V 1/44,,・・同じ井戸に発生機と受信機を用いるもの（Ｇ０１Ｖ１／５２が優先）［６］
uploaded,新設,,G01V 1/46,,・・・データ取得［６］
uploaded,新設,,G01V 1/48,,・・・データ処理［６］
uploaded,新設,,G01V 1/05,,・・・・データ解析［６］
uploaded,新設,,G01V 1/52,,・・構造的細部［６］
uploaded,新設,,G01V 8/00,,光学的手段による探鉱または検出［６］
uploaded,新設,,G01V 8/02,,・探鉱［６］
uploaded,新設,,G01V 8/01,,・検知，例．光障壁の使用によるもの（対象物からの反射によるものＧ０１Ｓ１７／００）［６］
uploaded,新設,,G01V 8/01 S,,撮像手段によるもの
uploaded,新設,,G01V 8/01 T,,試験，チェック手段を有するもの
uploaded,新設,,G01V 8/01 U,,光に特徴を有するもの
uploaded,新設,,G01V 8/01 Z,,その他のもの
uploaded,新設,,G01V 8/12,,・・一個の発信機と一個の受信機を用いるもの［６］
uploaded,新設,,G01V 8/12 A,,機器に特徴のあるもの
uploaded,新設,,G01V 8/12 D,,・遮光部材を有するもの
uploaded,新設,,G01V 8/12 E,,・保護部材を有するもの
uploaded,新設,,G01V 8/12 G,,・配置に特徴のあるもの
uploaded,新設,,G01V 8/12 H,,・顕示部材を有するもの
uploaded,新設,,G01V 8/12 J,,信号処理に特徴のあるもの
uploaded,新設,,G01V 8/12 K,,・同期，同調手段を有するもの
uploaded,新設,,G01V 8/12 L,,・帰還に特徴のあるもの
uploaded,新設,,G01V 8/12 Z,,その他のもの
uploaded,新設,,G01V 8/14,,・・・反射器を用いるもの［６］
uploaded,新設,,G01V 8/14 A,,反射器が鏡であるもの
uploaded,新設,,G01V 8/14 C,,・特殊な鏡を有するもの
uploaded,新設,,G01V 8/14 Z,,その他のもの
uploaded,新設,,G01V 8/16,,・・・光ファイバを用いるもの［６］
uploaded,新設,,G01V 8/18,,・・・機械的走査方式を用いるもの［６］
uploaded,新設,,G01V 8/02,,・・複数の発信機または受信機を用いるもの［６］
uploaded,新設,,G01V 8/02 N,,機器に特徴のあるもの
uploaded,新設,,G01V 8/02 P,,・配置に特徴のあるもの
uploaded,新設,,G01V 8/02 Q,,信号処理に特徴のあるもの
uploaded,新設,,G01V 8/02 R,,・対の特定手段を有するもの
uploaded,新設,,G01V 8/02 Z,,その他のもの
uploaded,新設,,G01V 8/22,,・・・反射器を用いるもの［６］
uploaded,新設,,G01V 8/24,,・・・光ファイバを用いるもの［６］
uploaded,新設,,G01V 8/26,,・・・機械的走査方式を用いるもの［６］
uploaded,新設,,G01V 15/00,,対象物の検知ができるよう対象物に取り付けまたは結合したタグ（検知できるタグまたはマーカを持つ機械で使用される記録担体Ｇ０６Ｋ１９／００）［６］
uploaded,新設,,G03G 13/045,,・・記録材料上の帯電像の特定部分を帯電または放電するもの，例．非画像域の放電，コントラスト強化（Ｇ０３Ｇ１３／３４，Ｇ０３Ｇ１５／３６，Ｇ０３Ｇ２１／０６が優先）［６］
uploaded,新設,,G03G 13/045 100,,・・・非画像域の放電用
uploaded,新設,,G03G 13/05,,・画像状帯電，すなわち，荷電粒子の変調流を用いて電荷を原画像の輪郭に置くもの，例．帯電像を帯びる光導電性制御スクリーンまたは光学的に活性化された帯電手段により変調されたコロナイオンの（電気画像信号により制御される帯電手段を用いるものＢ４１Ｊ）［６］
uploaded,新設,,G03G 13/054,,・Ｘ線を用いるもの，例．エレクトロラジオグラフィ［６］
uploaded,新設,,G03G 13/095,,・・・余分な固体現像剤を除去するもの［６］
uploaded,新設,,G03G 13/11,,・・・余分な液体現像剤を除去するもの，例．熱により［６］
uploaded,新設,,G03G 13/23,,・・特に原稿の両面の複写に，または記録材や受像材の両面の複写に適用されるもの［６］
uploaded,新設,,G03G 13/34,,・編集，すなわち，一つまたは二つ以上の原画像またはその部分の複写により合成画を形成するもの［６］
uploaded,新設,,G06F 3/02 400,,・・・入力装置の構造的細部または製造のプロセス
uploaded,新設,,G06F 3/02 410,,・・・・ジョイスティックの様な方法でキーボードカーソル制御キーを操作するためのレバー装置
uploaded,新設,,G06F 3/02 420,,・・・・キーボードの傾斜角を調整するための装置，例．枢軸回転する支脚
uploaded,新設,,G06F 3/02 430,,・・・・キーボードに於ける追加の周辺機器を統合する機構，例．カードまたはバーコード読み取り装置，光学スキャナー
uploaded,新設,,G06F 3/02 440,,・・・・・キーボードに於ける統合化されたポインティングデバイスを備える装置，例．トラックボールまたは小型ジョイスティック
uploaded,新設,,G06F 3/02 450,,・・・・キーボードのキーの配列を人間工学的に調整するための装置
uploaded,新設,,G06F 3/02 460,,・・・・特別な用途のキーボード
uploaded,新設,,G06F 3/02 470,,・・・・持ち運びまたは収納のためにキーボードの大きさを縮小するための装置
uploaded,新設,,G06F 3/02 480,,・・・・キーガイド支持器
uploaded,新設,,G06F 3/02 490,,・・・・キーカバー
uploaded,新設,,G06F 3/02 500,,・・・入力装置と計算機の他の機能ユニットとの協働および相互接続
uploaded,新設,,G06F 3/02 510,,・・・・入力制御
uploaded,新設,,G06F 3/02 520,,・・・・キーボードと他の入力装置との接続
uploaded,新設,,G06F 3/02 530,,・・・・エラー対策または試験
uploaded,新設,,G06F 3/023 400,,・・・・コードレスキーボード
uploaded,新設,,G06F 3/023 410,,・・・・手動の直接入力，例．主メモリに対するキー入力
uploaded,新設,,G06F 3/023 420,,・・・・文字入力方法
uploaded,新設,,G06F 3/023 430,,・・・・・複数文字発生
uploaded,新設,,G06F 3/023 440,,・・・・・異方向に操作可能なスイッチを用いるもの
uploaded,新設,,G06F 3/023 450,,・・・・・和音技法すなわち同時押下を用いるもの（Ｇ０６Ｆ３／０２３，４４０が優先）
uploaded,新設,,G06F 3/023 460,,・・・・・表示された事項から選択する技法を用いるもの
uploaded,新設,,G06F 3/023 470,,・・・・・予測または検索技法を用いるもの
uploaded,新設,,G06F 3/023 480,,・・・・プログラム可能なキーボード
uploaded,新設,,G10K 15/08,,・残響または反響音を発生する装置［５］
uploaded,新設,,G10K 15/01,,・・電気機械的なまたは電気音響的な装置からなる時間遅延回路網を使用するもの［５］
uploaded,新設,,G10K 15/12,,・・電子的時間遅延回路網を使用するもの［５］
uploaded,新設,,G21B 1/01,,・核融合ー分裂炉［８］
uploaded,新設,,G21B 1/03,,・慣性によるプラズマ閉じ込めを使用するもの［８］
uploaded,新設,,G21B 1/05,,・磁気または電気によるプラズマ閉じ込めを使用するもの［８］
uploaded,新設,,G21B 1/11,,・細部に関するもの［８］
uploaded,新設,,G21B 1/11 A,,コイル装置及びその配置
uploaded,新設,,G21B 1/11 B,,・コイルの支持または補強
uploaded,新設,,G21B 1/11 C,,プラズマの位置または形状の制御
uploaded,新設,,G21B 1/11 D,,・構造物によるもの
uploaded,新設,,G21B 1/11 E,,・電気的に制御するもの
uploaded,新設,,G21B 1/11 F,,装置の支持，分解，組立または建屋
uploaded,新設,,G21B 1/11 G,,トリチウムの回収
uploaded,新設,,G21B 1/11 H,,運転，例．点火または停止
uploaded,新設,,G21B 1/11 J,,異常状態への対応または保護
uploaded,新設,,G21B 1/11 K,,システム
uploaded,新設,,G21B 1/11 L,,高周波加熱
uploaded,新設,,G21B 1/11 Z,,その他のもの
uploaded,新設,,G21B 1/13,,・・第一壁；ブランケット；ダイバータ［８］
uploaded,新設,,G21B 1/15,,・・熱核融合反応を発生させるための粒子注入器，例．ペレット入射装置［８］
uploaded,新設,,G21B 1/17,,・・真空室；真空システム［８］
uploaded,新設,,G21B 1/17 A,,真空容器
uploaded,新設,,G21B 1/17 B,,・構造
uploaded,新設,,G21B 1/17 C,,・材質
uploaded,新設,,G21B 1/17 Z,,その他のもの
uploaded,新設,,G21B 1/19,,・・熱核融合反応を起こすためのターゲット［８］
uploaded,新設,,G21B 1/21,,・・電力供給システム，例．磁気システムのためのもの［８］
uploaded,新設,,G21B 1/23,,・・光学システム，例．ターゲットの照射のためのもの，プラズマの加熱のためのもの，またはプラズマ診断のためのもの［８］
uploaded,新設,,G21B 1/25,,・メンテナンス，例．修理または遠隔監視［８］
uploaded,新設,,G21B 3/00 A,,他の粒子と反応する粒子のビームを用いるもの
uploaded,新設,,G21B 3/00 B,,常温核融合に関するもの
uploaded,新設,,G21B 3/00 Z,,その他のもの
uploaded,新設,,G21F 5/002,,・液体放射性廃棄物用の容器［５］
uploaded,新設,,G21F 5/005,,・固体放射性廃棄物用の容器，例．最終処分用［５］
uploaded,新設,,G21F 5/008,,・・燃料要素用の容器［５］
uploaded,新設,,G21F 5/012,,・・・容器内の燃料要素ラック［５］
uploaded,新設,,G21F 5/015,,・放射線源を格納するためのもの，例．放射線照射装置のための放射線源運搬装置；放射性同位体の容器［５］
uploaded,新設,,G21F 5/018,,・・シリンジの遮蔽体または支持体（放射性物質の人体への適用のためのシリンジの遮蔽Ａ６１Ｍ３６／０８）［５］
uploaded,新設,,G21F 5/06,,・容器の細部または付属品［５］
uploaded,新設,,G21F 5/06 G,,放射性物質による汚染を防止するための手段を有するもの
uploaded,新設,,G21F 5/06 M,,火災時の対応構造に特徴のあるもの
uploaded,新設,,G21F 5/06 Z,,その他のもの
uploaded,新設,,G21F 5/08,,・・衝撃吸収装置，例．容器のための衝撃緩衝装置［５］
uploaded,新設,,G21F 5/01,,・・熱除去システム，例．循環流体または冷却フィンを用いるもの［５］
uploaded,新設,,G21F 5/01 N,,冷却手段に関するもの
uploaded,新設,,G21F 5/01 P,,・冷却フィンに関するもの
uploaded,新設,,G21F 5/01 Q,,ドレンまたはベント構造に関するもの
uploaded,新設,,G21F 5/01 Z,,その他のもの
uploaded,新設,,G21F 5/12,,・・容器のための閉鎖装置；密封装置［５］
uploaded,新設,,G21F 5/12 D,,シール構造に特徴のあるもの
uploaded,新設,,G21F 5/12 E,,・漏洩監視，試験装置を有するもの
uploaded,新設,,G21F 5/12 Z,,その他のもの
uploaded,新設,,G21F 5/14,,・・容器またはシッピングキャスクを取り扱うための装置，例．輸送装置［５］
uploaded,新設,,G21F 5/14 H,,容器等の取扱手段に関するもの
uploaded,新設,,G21F 5/14 T,,容器等の輸送手段に関するもの
uploaded,新設,,G21F 5/14 Z,,その他のもの
uploaded,新設,,H01G 15/00,,このサブクラスの異なるメイングループのうち，少なくとも２つに包含されるコンデンサまたは他の装置の相互の構造的組合わせ（少なくとも１つのハイブリッドコンデンサまたは電気二重層［ＥＤＬ］コンデンサを主なコンポーネントとして含むＨ０１Ｇ１１／０８）［６，２０１３．０１］
uploaded,新設,,H01G 17/00,,複数個のコンデンサ，またはこのサブクラスの異なるメイングループのうち，少なくとも２つに包含される他の装置との構造的組合わせであって，このサブクラスに包含されない他の電気素子を有するもの，例．ＲＣ組み合わせ［６］
uploaded,新設,,H01M 8/008,,・燃料電池の廃棄または再生［２０１６．０１］
uploaded,新設,,H01M 8/0202,,・・集電体；セパレータ，例．双極性セパレータ；インタコネクタ［２０１６．０１］
uploaded,新設,,H01M 8/0204,,・・・非多孔性で材料により特徴付けられるもの［２０１６．０１］
uploaded,新設,,H01M 8/0206,,・・・・金属または合金［２０１６．０１］
uploaded,新設,,H01M 8/0208,,・・・・・合金［２０１６．０１］
uploaded,新設,,H01M 8/021,,・・・・・・鉄基合金［２０１６．０１］
uploaded,新設,,H01M 8/0213,,・・・・ガス不透過性で炭素を含有する材料［２０１６．０１］
uploaded,新設,,H01M 8/0215,,・・・・ガラス；セラミック材料［２０１６．０１］
uploaded,新設,,H01M 8/0217,,・・・・・任意に添加成分を有するＡＭＯ↓３型の複合酸化物，Ａはアルカリ土類金属または希土類元素，Ｍは金属元素，例．ペロブスカイト［２０１６．０１］
uploaded,新設,,H01M 8/0221,,・・・・樹脂；有機高分子［２０１６．０１］
uploaded,新設,,H01M 8/0223,,・・・・複合物［２０１６．０１］
uploaded,新設,,H01M 8/0226,,・・・・・混合物の形態にあるもの［２０１６．０１］
uploaded,新設,,H01M 8/0228,,・・・・・層状または被覆された生産物の形態にあるもの［２０１６．０１］
uploaded,新設,,H01M 8/023,,・・・多孔性で材料により特徴付けられるもの［２０１６．０１］
uploaded,新設,,H01M 8/0232,,・・・・金属または合金［２０１６．０１］
uploaded,新設,,H01M 8/0234,,・・・・炭素質の材料［２０１６．０１］
uploaded,新設,,H01M 8/0236,,・・・・ガラス；セラミック；サーメット［２０１６．０１］
uploaded,新設,,H01M 8/0239,,・・・・樹脂；有機高分子［２０１６．０１］
uploaded,新設,,H01M 8/0241,,・・・・複合物［２０１６．０１］
uploaded,新設,,H01M 8/0243,,・・・・・混合物の形態にあるもの［２０１６．０１］
uploaded,新設,,H01M 8/0245,,・・・・・層状または被覆された生産物の形態にあるもの［２０１６．０１］
uploaded,新設,,H01M 8/0247,,・・・形により特徴付けられるもの（流路の形状により特徴付けられるものＨ０１Ｍ８／０２５８）［２０１６．０１］
uploaded,新設,,H01M 8/025,,・・・・半円筒状［２０１６．０１］
uploaded,新設,,H01M 8/0252,,・・・・管状［２０１６．０１］
uploaded,新設,,H01M 8/0254,,・・・・コルゲート状または波状［２０１６．０１］
uploaded,新設,,H01M 8/0256,,・・・・ビア，すなわち，コネクタがセパレータ材料を貫通するもの［２０１６．０１］
uploaded,新設,,H01M 8/0258,,・・・流路の形状または配置により特徴付けられるもの，例．反応物質または冷却剤の流動場に特徴［２０１６．０１］
uploaded,新設,,H01M 8/026,,・・・・くぼみにより特徴付けられるもの，例．それらのピッチまたは深さ［２０１６．０１］
uploaded,新設,,H01M 8/0263,,・・・・ミアンダ，サーペンタイン形状をもつもの［２０１６．０１］
uploaded,新設,,H01M 8/0265,,・・・・反応物質または冷却剤の流路の断面が変化するもの［２０１６．０１］
uploaded,新設,,H01M 8/0267,,・・・加熱または冷却手段をもつもの，例．ヒーターまたは冷却剤の流路［２０１６．０１］
uploaded,新設,,H01M 8/0271,,・・電極，マトリクスまたは膜の周囲を封止する手段または支持する手段［２０１６．０１］
uploaded,新設,,H01M 8/0273,,・・・フレームの形態で封止または支持する手段［２０１６．０１］
uploaded,新設,,H01M 8/0276,,・・・形により特徴付けられる封止手段（Ｈ０１Ｍ８／０２７３が優先）［２０１６．０１］
uploaded,新設,,H01M 8/028,,・・・材料により特徴付けられる封止手段［２０１６．０１］
uploaded,新設,,H01M 8/0282,,・・・・無機材料［２０１６．０１］
uploaded,新設,,H01M 8/0284,,・・・・樹脂；有機高分子［２０１６．０１］
uploaded,新設,,H01M 8/0286,,・・・シールを形成する方法［２０１６．０１］
uploaded,新設,,H01M 8/0289,,・・電解質を保持する手段（固体高分子電解質Ｈ０１Ｍ８／１０１８）［２０１６．０１］
uploaded,新設,,H01M 8/0293,,・・・電解液を固定化するマトリクス［２０１６．０１］
uploaded,新設,,H01M 8/0295,,・・・溶融電解質を固定化するマトリクス［２０１６．０１］
uploaded,新設,,H01M 8/0297,,・・電極，リザーバ層，熱交換ユニットまたは双極性セパレータを相互に結合する手順または手段（Ｈ０１Ｍ８／０２７１が優先）［２０１６．０１］
uploaded,新設,,H01M 8/04007,,・・熱交換に関連するもの［２０１６．０１］
uploaded,新設,,H01M 8/04014,,・・・気体流体を使用する熱交換；反応物質の燃焼による熱交換［２０１６．０１］
uploaded,新設,,H01M 8/04029,,・・・液体を使用した熱交換［２０１６．０１］
uploaded,新設,,H01M 8/04044,,・・・熱交換媒体の浄化［２０１６．０１］
uploaded,新設,,H01M 8/04082,,・・反応物質に関するパラメータの制御のための手段，例．圧力または濃度［２０１６．０１］
uploaded,新設,,H01M 8/04089,,・・・気体反応物質に関するもの［２０１６．０１］
uploaded,新設,,H01M 8/04111,,・・・・圧縮機タービンを用いるもの［２０１６．０１］
uploaded,新設,,H01M 8/04119,,・・・・電解質の同時供給または排出を伴うもの；加湿または除湿［２０１６．０１］
uploaded,新設,,H01M 8/04186,,・・・液体充填または電解質充填された反応物質に関するもの［２０１６．０１］
uploaded,新設,,H01M 8/04223,,・・始動時または停止時に関するもの；脱分極または活性化，例．パージ；欠陥のある燃料電池を短絡するための手段［２０１６．０１］
uploaded,新設,,H01M 8/04225,,・・・始動時に関するもの［２０１６．０１］
uploaded,新設,,H01M 8/04228,,・・・停止時に関するもの［２０１６．０１］
uploaded,新設,,H01M 8/04276,,・・電解質流を管理するための手段，例．熱交換［２０１６．０１］
uploaded,新設,,H01M 8/04291,,・・固体電解質燃料電池システム内の水を管理するための手段（Ｈ０１Ｍ８／０４１１９が優先）［２０１６．０１］
uploaded,新設,,H01M 8/04298,,・・燃料電池または燃料電池システムを制御する方法［２０１６．０１］
uploaded,新設,,H01M 8/043,,・・・特定の時期に適用される方法［２０１６．０１］
uploaded,新設,,H01M 8/04302,,・・・・始動時に適用される方法［２０１６．０１］
uploaded,新設,,H01M 8/04303,,・・・・停止時に適用される方法［２０１６．０１］
uploaded,新設,,H01M 8/04313,,・・・変量の検出または評価により特徴付けられるもの；機能の欠陥または異常の検出または評価により特徴付けられるもの［２０１６．０１］
uploaded,新設,,H01M 8/0432,,・・・・温度；周囲温度［２０１６．０１］
uploaded,新設,,H01M 8/0438,,・・・・圧力；周囲圧力；流量［２０１６．０１］
uploaded,新設,,H01M 8/0444,,・・・・濃度；密度（Ｈ０１Ｍ８／０４４９２が優先）［２０１６．０１］
uploaded,新設,,H01M 8/04492,,・・・・湿度；周囲湿度；水分含有量［２０１６．０１］
uploaded,新設,,H01M 8/04537,,・・・・電気的変量［２０１６．０１］
uploaded,新設,,H01M 8/04664,,・・・・機能の欠陥または異常［２０１６．０１］
uploaded,新設,,H01M 8/04694,,・・・制御すべき変量により特徴付けられるもの［２０１６．０１］
uploaded,新設,,H01M 8/04701,,・・・・温度［２０１６．０１］
uploaded,新設,,H01M 8/04746,,・・・・圧力；流量［２０１６．０１］
uploaded,新設,,H01M 8/04791,,・・・・濃度；密度（Ｈ０１Ｍ８／０４８２８が優先）［２０１６．０１］
uploaded,新設,,H01M 8/04828,,・・・・湿度；水分含有量［２０１６．０１］
uploaded,新設,,H01M 8/04858,,・・・・電気的変量［２０１６．０１］
uploaded,新設,,H01M 8/04955,,・・・・燃料電池の遮断または停止［２０１６．０１］
uploaded,新設,,H01M 8/04992,,・・・数学的または計算的アルゴリズムの実行により特徴付けられるもの，例．フィードバック制御，ファジー理論，ニューラルネットワークまたは人工知能［２０１６．０１］
uploaded,新設,,H01M 8/0606,,・・気体反応物質の製造のための手段［２０１６．０１］
uploaded,新設,,H01M 8/0612,,・・・炭素含有材料からのもの［２０１６．０１］
uploaded,新設,,H01M 8/0637,,・・・・燃料電池のアノードにおける直接内部改質［２０１６．０１］
uploaded,新設,,H01M 8/065,,・・・金属または合金の分解によるもの；金属物質の脱水素によるもの［２０１６．０１］
uploaded,新設,,H01M 8/0656,,・・・電気化学的手段によるもの（Ｈ０１Ｍ８／０６５が優先）［２０１６．０１］
uploaded,新設,,H01M 8/0662,,・・気体反応物質または気体反応生成物の処理，例．クリーニング［２０１６．０１］
uploaded,新設,,H01M 8/0668,,・・・一酸化炭素または二酸化炭素の除去［２０１６．０１］
uploaded,新設,,H01M 8/083,,・・アルカリ形燃料電池［２０１６．０１］
uploaded,新設,,H01M 8/086,,・・リン酸形燃料電池［ＰＡＦＣ］［２０１６．０１］
uploaded,新設,,H01M 8/01 101,,・・高分子電解質をもつ燃料電池［ＰＥＦＣ］
uploaded,新設,,H01M 8/1004,,・・膜電極接合体［ＭＥＡ］により特徴付けられるもの（Ｈ０１Ｍ８／１２が優先）［２０１６．０１］
uploaded,新設,,H01M 8/1006,,・・・コルゲート状，曲面状または波状のＭＥＡ［２０１６．０１］
uploaded,新設,,H01M 8/1007,,・・両方の反応物質がガス状または気化したもの（Ｈ０１Ｍ８／１２が優先）［２０１６．０１］
uploaded,新設,,H01M 8/1009,,・・反応物質の中の１つが液体，固体または液体充填されたもの（Ｈ０１Ｍ８／１２が優先）［２０１６．０１］
uploaded,新設,,H01M 8/1011,,・・・直接アルコール形燃料電池［ＤＡＦＣ］，例．直接メタノール形燃料電池［ＤＭＦＣ］［２０１６．０１］
uploaded,新設,,H01M 8/1016,,・・電解質材料により特徴付けられるもの（Ｈ０１Ｍ８／１２が優先）［２０１６．０１］
uploaded,新設,,H01M 8/1018,,・・・高分子電解質材料［２０１６．０１］
uploaded,新設,,H01M 8/102,,・・・・イオン伝導性高分子の主鎖の化学構造により特徴付けられるもの［２０１６．０１］
uploaded,新設,,H01M 8/1023,,・・・・・炭素のみをもつもの，例．ポリアリーレン，ポリスチレンまたはポリブタジエンスチレン［２０１６．０１］
uploaded,新設,,H01M 8/1025,,・・・・・炭素と酸素のみをもつもの，例．ポリエーテル，スルホン化ポリエーテルエーテルケトン［Ｓ－ＰＥＥＫ］，スルホン化ポリサッカライド，スルホン化セルロースまたはスルホン化ポリエステル［２０１６．０１］
uploaded,新設,,H01M 8/1027,,・・・・・炭素，酸素および他の原子をもつもの，例．スルホン化ポリエーテルスルホン［Ｓ－ＰＥＳ］［２０１６．０１］
uploaded,新設,,H01M 8/103,,・・・・・窒素をもつもの，例．スルホン化ポリベンジミダゾール［Ｓ－ＰＢＩ］，リン酸によるポリベンソイミダゾール，スルホン化ポリアミド［Ｓ－ＰＡ］またはスルホン化ポリホスファゼン［Ｓ－ＰＰｈ］［２０１６．０１］
uploaded,新設,,H01M 8/1032,,・・・・・硫黄をもつもの，例．スルホン化ポリエーテルスルホン［Ｓ－ＰＥＳ］［２０１６．０１］
uploaded,新設,,H01M 8/1034,,・・・・・リンをもつもの，例．スルホン化ポリホスファゼン［Ｓ－ＰＰｈ］［２０１６．０１］
uploaded,新設,,H01M 8/1037,,・・・・・ケイ素をもつもの，例．クロスリンクされたスルホン化ポリジメチルシロキサン［２０１６．０１］
uploaded,新設,,H01M 8/1039,,・・・・ハロゲン化されたもの，例．スルホン化ポリフッ化ビリニデン［２０１６．０１］
uploaded,新設,,H01M 8/1041,,・・・・高分子電解質複合物，混合物またはブレンドされたもの［２０１６．０１］
uploaded,新設,,H01M 8/1044,,・・・・・高分子の混合物，その少なくとも１つはイオン伝導性であるもの［２０１６．０１］
uploaded,新設,,H01M 8/1046,,・・・・・１以上の高分子と１以上の添加剤の混合物［２０１６．０１］
uploaded,新設,,H01M 8/1048,,・・・・・・イオン伝導性添加剤，例．イオン伝導粒子，ヘテロポリ酸，金属リン酸塩またはポリベンゾイミダゾールとリン酸の混合［２０１６．０１］
uploaded,新設,,H01M 8/1051,,・・・・・・非イオン伝導性添加剤，例．安定剤，ＳｉＯ↓２またはＺｒＯ↓２［２０１６．０１］
uploaded,新設,,H01M 8/1053,,・・・・・複数の高分子層，その少なくとも１層がイオン伝導性であるもの［２０１６．０１］
uploaded,新設,,H01M 8/1058,,・・・・非イオン伝導性の多孔性支持体により特徴付けられるもの［２０１６．０１］
uploaded,新設,,H01M 8/106,,・・・・・多孔性支持体の化学組成により特徴付けられるもの［２０１６．０１］
uploaded,新設,,H01M 8/1062,,・・・・・多孔性支持体の物理的特性により特徴付けられるもの，例．その多孔率または厚み［２０１６．０１］
uploaded,新設,,H01M 8/1065,,・・・・形により特徴付けられるもの，例．穴が開けられているまたは波状のもの［２０１６．０１］
uploaded,新設,,H01M 8/1067,,・・・・その物理的特性により特徴付けられるもの，例．多孔率，イオン伝導率または厚み［２０１６．０１］
uploaded,新設,,H01M 8/1069,,・・・・製造方法により特徴付けられるもの［２０１６．０１］
uploaded,新設,,H01M 8/1072,,・・・・・化学反応によるもの，例．イン・サイチュー重合またはイン・サイチュー架橋［２０１６．０１］
uploaded,新設,,H01M 8/1081,,・・・・・専ら高分子の溶液，分散液またはスラリーから開始されるもの［２０１６．０１］
uploaded,新設,,H01M 8/1086,,・・・・・重合以外による膜の後処理［２０１６．０１］
uploaded,新設,,H01M 8/1088,,・・・・・・化学修飾，例．スルホン化［２０１６．０１］
uploaded,新設,,H01M 8/1097,,・・支持体に適用される燃料電池，例．シリカ基板上に堆積された小型燃料電池［２０１６．０１］
uploaded,新設,,H01M 8/12 101,,・・・固体酸化物電解質をもつ燃料電池［ＳＯＦＣ］
uploaded,新設,,H01M 8/12 102,,・・・形状による分類
uploaded,新設,,H01M 8/12 102 A,,平板型
uploaded,新設,,H01M 8/12 102 B,,円筒型
uploaded,新設,,H01M 8/12 102 C,,変形円筒型，扁平型
uploaded,新設,,H01M 8/12 102 Z,,その他のもの
uploaded,新設,,H01M 8/1213,,・・・電極／電解質の組み合わせまたは支持体の材料により特徴付けられるもの［２０１６．０１］
uploaded,新設,,H01M 8/122,,・・・・コルゲート状，曲面状または波状のＭＥＡ［２０１６．０１］
uploaded,新設,,H01M 8/1226,,・・・・支持層により特徴付けられるもの［２０１６．０１］
uploaded,新設,,H01M 8/1231,,・・・両方の反応物質がガス状または気化したもの［２０１６．０１］
uploaded,新設,,H01M 8/1233,,・・・反応物質の中の１つが液体，固体または液体充填されたもの［２０１６．０１］
uploaded,新設,,H01M 8/124,,・・・製造方法または電解質材料により特徴付けられるもの［２０１６．０１］
uploaded,新設,,H01M 8/1246,,・・・・酸化物から成る電解質［２０１６．０１］
uploaded,新設,,H01M 8/1253,,・・・・・酸化ジルコニウムを含む電解質［２０１６．０１］
uploaded,新設,,H01M 8/126,,・・・・・酸化セリウムを含む電解質［２０１６．０１］
uploaded,新設,,H01M 8/1286,,・・・支持体に適用される燃料電池，例．シリカ基板上に堆積された小型燃料電池［２０１６．０１］
uploaded,新設,,H01M 8/22 101,,・・アルカリ金属アマルガムを用いるもの
uploaded,新設,,H01M 8/2404,,・・燃料電池を集合化する方法または装置［２０１６．０１］
uploaded,新設,,H01M 8/241,,・・固体またはマトリクスに支持された電解質［２０１６．０１］
uploaded,新設,,H01M 8/2418,,・・・平面にユニットセルを配置することによる集合化（Ｈ０１Ｍ８／２４２５，Ｈ０１Ｍ８／２４４が優先）［２０１６．０１］
uploaded,新設,,H01M 8/242,,・・・枠体付き電極または枠状のガスケットを介して集合化するもの（Ｈ０１Ｍ８／２４２５，Ｈ０１Ｍ８／２４４が優先）［２０１６．０１］
uploaded,新設,,H01M 8/2425,,・・・固体電解質をもつ高温電池［２０１６．０１］
uploaded,新設,,H01M 8/2428,,・・・・形状を問わない面上にユニットセルを配置することによる集合化，例．平板または管状［２０１６．０１］
uploaded,新設,,H01M 8/243,,・・・・管または円筒形状のユニットセルを集合化［２０１６．０１］
uploaded,新設,,H01M 8/2432,,・・・・平板形状のユニットセルを集合化［２０１６．０１］
uploaded,新設,,H01M 8/2435,,・・・・モノリシックコア構造，例．ハニカム［２０１６．０１］
uploaded,新設,,H01M 8/244,,・・・マトリクスに支持された溶融電解質［２０１６．０１］
uploaded,新設,,H01M 8/2455,,・・液体，固体または電解質が充填された反応物質［２０１６．０１］
uploaded,新設,,H01M 8/2457,,・・両方の反応物質がガス状または気化したもの［２０１６．０１］
uploaded,新設,,H01M 8/2465,,・・燃料電池の集合化の細部［２０１６．０１］
uploaded,新設,,H01M 8/247,,・・・スタックを締結する手順または手段，スタックをタンクに適応するまたは異なるタンクを集合化する手順または手段［２０１６．０１］
uploaded,新設,,H01M 8/2475,,・・・・燃料電池スタックを覆うもの，ケースまたはコンテナ［２０１６．０１］
uploaded,新設,,H01M 8/248,,・・・・燃料電池スタックを加圧する手段［２０１６．０１］
uploaded,新設,,H01M 8/2483,,・・・内部マニホールドにより特徴付けられるもの［２０１６．０１］
uploaded,新設,,H01M 8/2484,,・・・外部マニホールドにより特徴付けられるもの［２０１６．０１］
uploaded,新設,,H01M 8/2485,,・・・・外部マニホールドを封止する手順または手段；スタックの周囲に外部マニホールドを取り付ける手順または手段［２０１６．０１］
uploaded,新設,,H01M 8/249,,・・２以上の集合化した燃料電池から構成されるもの，例．モジュール［２０１６．０１］
uploaded,新設,,H01M 8/2495,,・・・異なる種類の燃料電池の集合化［２０１６．０１］
uploaded,新設,,H03M 11/00 300,,・ファントムキーの検出と未然防止
uploaded,新設,,H03M 11/00 600,,・キーボードの不正な復号化の防止策
uploaded,新設,,H03M 11/02,,・細部［５］
uploaded,新設,,H03M 11/04,,・・多機能キーの符号化［５］
uploaded,新設,,H03M 11/06,,・・・多機能キーそれ自体をいろいろな方法で操作することによるもの［５］
uploaded,新設,,H03M 11/08,,・・・・多機能キーを選択組み合わせて操作することによるもの［５］
uploaded,新設,,H03M 11/01,,・・・・キー操作の継続時間または圧力の検出に基づく方法によるもの［５］
uploaded,新設,,H03M 11/12,,・・・・あるキーを選択した回数だけ連続して操作し，その後，別に設けられた一連の操作の終了を示すエンターキーを押すことによるもの［５］
uploaded,新設,,H03M 11/14,,・・・多機能キーによって遂行される機能を決定する付加キーを用いるもの，例．シフトキーを用いるもの［５］
uploaded,新設,,H03M 11/16,,・・・・多機能キーの操作後にシフトキーが操作されるもの［５］
uploaded,新設,,H03M 11/18,,・・・・多機能キーの操作前にシフトキーが操作されるもの［５］
uploaded,新設,,H03M 11/02,,・動的符号化，すなわちキー走査によるもの（Ｈ０３Ｍ１１／２６が優先）［５］
uploaded,新設,,H03M 11/22,,・静的符号化（Ｈ０３Ｍ１１／２６が優先）［５］
uploaded,新設,,H03M 11/24,,・・アナログ手段を用いるもの［５］
uploaded,新設,,H03M 11/26,,・オプトエレクトロニクス手段を用いるもの［５］
uploaded,新設,,H04L 25/05,,・・伝送レートを変えるための，伝送前または再送前の電気的または時期的な信号蓄積［７］
uploaded,新設,,H04L 25/38 T,,スタート・ストップ方式，すなわち調歩同期方式
uploaded,新設,,H04L 25/04 R,,受信回路
uploaded,新設,,H04L 25/04 S,,送信回路
uploaded,新設,,H04N 9/31 020,,・・・２次元電子的空間光変調器を用いるもの
uploaded,新設,,H04N 9/31 290,,・・・スクリーン上に光ビームを走査するもの
uploaded,新設,,H04N 9/31 410,,・・・構造的細部
uploaded,新設,,H04N 9/31 440,,・・・・冷却システム
uploaded,新設,,H04N 9/31 470,,・・・・マルチプロジェクションシステム
uploaded,新設,,H04N 9/31 500,,・・・・光源システム
uploaded,新設,,H04N 9/31 790,,・・・ビデオ信号処理
uploaded,新設,,H04N 9/31 820,,・・・・色調整，例．白バランス，シェーディングまたは色域
uploaded,新設,,H04N 9/31 850,,・・・・幾何学的調整，例．台形歪み補正
uploaded,新設,,H04N 9/79 040,,・・中間デジタル信号処理を使用するもの
uploaded,新設,,H04N 9/79 080,,・・再生側での妨害信号，例．雑音，の抑制
uploaded,新設,,H04N 9/79 120,,・・・妨害信号が相互変調信号であるもの
uploaded,新設,,H04N 9/79 170,,・・・妨害信号が漏話信号であるもの
uploaded,新設,,H04N 9/79 210,,・・２つ以上の処理モードのためのもの
uploaded,新設,,H04N 9/79 250,,・・・２つ以上の標準のためのもの
uploaded,新設,,H04N 9/793,,・・色度信号のレベルを制御するためのもの，例．自動クロマレベル制御回路を使うもの［６］
uploaded,新設,,H04N 9/793 300,,・・・レベル制御が周波数に依存するもの
uploaded,新設,,H04N 9/793 600,,・・・・記録側においてプリエンファシスネットワークを再生側においてデエンファシスネットワークを使用することによるもの
uploaded,新設,,H04N 9/797,,・・各チャンネルの帯域幅が信号の帯域幅より狭い，複数のチャンネルに信号を記録するためのもの（Ｈ０４Ｎ９／８０４，Ｈ０４Ｎ９／８１，Ｈ０４Ｎ９／８２が優先）［６］
uploaded,新設,,H04N 9/797 300,,・・・輝度または色成分信号標本または周波数帯域を複数の記録チャネルに分割することによるもの（Ｈ０４Ｎ９／８０４，Ｈ０４Ｎ９／８２５　が優先）
uploaded,新設,,H04N 9/797 600,,・・・輝度信号の高周波成分のスペクトラム折畳みによるもの
uploaded,新設,,H04N 9/802,,・・・音声信号の処理を伴うもの（Ｈ０４Ｎ９／８０６，Ｈ０４Ｎ９／８３５が優先）［６］
uploaded,新設,,H04N 9/804,,・・・複数の色信号成分のパルス符号変調を伴うもの［６］
uploaded,新設,,H04N 9/804 200,,・・・・データ削減を含むもの
uploaded,新設,,H04N 9/804 500,,・・・・・予測符号化を使用するもの
uploaded,新設,,H04N 9/804 700,,・・・・・変換符号化を使用するもの
uploaded,新設,,H04N 9/806,,・・・・音声信号の処理を伴うもの［６］
uploaded,新設,,H04N 9/806 300,,・・・・・ＰＣＭオーディオおよびＰＣＭビデオ信号の時分割多重化を使用するもの
uploaded,新設,,H04N 9/806 600,,・・・・・ＰＣＭビデオ信号の垂直帰線期間中にＰＣＭオーディオ信号の挿入をするもの
uploaded,新設,,H04N 9/808,,・・・複合カラー映像信号のパルス符号変調を伴うもの［６］
uploaded,新設,,H04N 9/808 100,,・・・・データ削減を含むもの
uploaded,新設,,H04N 9/808 200,,・・・・・予測符号化を使用するもの
uploaded,新設,,H04N 9/808 500,,・・・・音声信号の処理を伴うもの
uploaded,新設,,H04N 9/808 700,,・・・・・ＰＣＭオーディオおよびＰＣＭビデオ信号の時分割多重化を使用するもの
uploaded,新設,,H04N 9/808 800,,・・・・・・ＰＣＭビデオ信号の垂直帰線期間中にＰＣＭオーディオ信号の挿入をするもの
uploaded,新設,,H04N 9/815,,・・・・輝度信号および順次式色成分信号が別個のチャンネルに記録されるもの［６］
uploaded,新設,,H04N 9/82 050,,・・・・付加信号およびカラービデオ信号の多重化処理を含むもの
uploaded,新設,,H04N 9/82 110,,・・・・・付加信号が音声信号であるもの　（Ｈ０４Ｎ９／８３５が優先）
uploaded,新設,,H04N 9/82 160,,・・・・・・時分割多重を使用するもの
uploaded,新設,,H04N 9/82 220,,・・・・・・周波数分割多重を使用するもの
uploaded,新設,,H04N 9/82 270,,・・・・・付加信号が少なくとも別のテレビジョン信号であるもの
uploaded,新設,,H04N 9/82 330,,・・・・・付加信号が文字符号信号であるもの
uploaded,新設,,H04N 9/82 380,,・・・・・・文字放送のためのもの
uploaded,新設,,H04N 9/82 440,,・・・・・・部分符号の使用を含むもの
uploaded,新設,,H04N 9/825,,・・・・輝度および色度信号が別個のチャンネルに記録されるもの［６］
uploaded,新設,,H04N 9/825 500,,・・・・・音声処理を伴うもの
uploaded,新設,,H04N 9/83 100,,・・・・・中間デジタル信号処理を使用するもの
uploaded,新設,,H04N 9/83 200,,・・・・・輝度またはクロミナンス信号のための増強帯域幅を使用するもの
uploaded,新設,,H04N 9/83 300,,・・・・・・従来のまたは増強帯域幅信号の選択を伴うもの，例．ＶＨＳまたはＳＶＨＳ信号の選択
uploaded,新設,,H04N 9/835,,・・・・・音声信号の処理を伴うもの［６］
uploaded,新設,,H04N 9/835 500,,・・・・・・音声搬送波が輝度搬送波およびクロミナンス搬送波間で周波数多重化処理されたもの
uploaded,新設,,H04N 9/87 070,,・・・復調器および再変調器を使用するもの，例．標準変換のためのもの
uploaded,新設,,H04N 9/87 150,,・・・非記録信号，例．テキスト信号，と再生された映像信号との混合を含むもの
uploaded,新設,,H04N 9/87 220,,・・・カラー基準信号の再発生，例．カラー同期バースト信号，クロミナンス信号搬送波
uploaded,新設,,H04N 9/873,,・・・再生時に色成分信号の連続性を回復するもの［６］
uploaded,新設,,H04N 9/877,,・・・中間メモリを用いて画素ブロックを集めることによるもの［６］
uploaded,新設,,H04N 9/882,,・・・・信号が複合カラー映像信号であるもの［６］
uploaded,新設,,H04N 9/885,,・・・・・デジタル中間メモリを用いるもの［６］
uploaded,新設,,H04N 9/888,,・・・・パルス符号変調により記録された信号に用いるもの［６］
uploaded,新設,,H04N 9/893,,・・・・アナログメモリを用いるもの，例．電圧制御発振器によって遅延量が制御されるＣＣＤシフトレジスタ［６］
uploaded,新設,,H04N 9/896,,・・・・独立した書込みおよび読み出しクロック発生器を持つデジタルメモリを用いるもの［６］
uploaded,新設,,H04N 9/898,,・・・再生カラー信号と他の再生補助信号との周波数多重を用いるもの，例．パイロット信号搬送波［６］
uploaded,廃止,A01C 11/00 X,A01C 11/00 Z,明治～昭和２０年,
uploaded,廃止,A01C 11/02 311 Q,A01C 11/02 311 H,・作業機の横水手動可能,
uploaded,廃止,A01C 11/02 X,A01C 11/02 Z,外国出願,
uploaded,廃止,A01D 34/42 E,A01D 43/06,刈取物の収集手段を有するもの（Ａ０１Ｄ４３／０６よりも優先する。収集した刈取物を放出する手段を有するものは、Ａ０１Ｄ３４／４９）（Ｈ１１　新設）,
uploaded,廃止,A01D 34/42 Z,A01D 34/42,その他（Ｈ１１　新設）,
uploaded,廃止,A01D 34/63 E,A01D 43/06,刈取物の収集手段を有するもの（Ａ０１Ｄ４３／０６よりも優先する。収集した刈取物を放出する手段を有するものは、Ａ０１Ｄ３４／７１）（Ｈ１１　新設）,
uploaded,廃止,A01D 34/68 A,A01D 34/09 A,刈払機〔機体主要部を操作者が支持するもの〕,
uploaded,廃止,A01D 34/68 B,A01D 34/09 B,・モ－タ－〔エンジン〕，燃料タンク等の配置またはそれらの操作部〔例．スロツトルレバ－，計器〕に特徴のあるもの〔エンジンスタンドはＡへ〕,
uploaded,廃止,A01D 34/68 C,A01D 34/09 C,・刈刃カバ－部に特徴のあるもの,
uploaded,廃止,A01D 34/68 D,A01D 34/09 D,・防振構造に特徴のあるもの,
uploaded,廃止,A01D 34/68 E,A01D 34/09 E,・握り部〔ハンドル〕またはその取付部に特徴のあるもの,
uploaded,廃止,A01D 34/68 F,A01D 34/09 F,・背負具または吊りバンドに特徴のあるもの,
uploaded,廃止,A01D 34/68 G,A01D 34/09 G,・車輪またはソリ部に特徴のあるもの,
uploaded,廃止,A01D 34/68 H,A01D 34/09 H,・刈取以外の用途にも使用するもの,
uploaded,廃止,A01D 34/68 J,A01D 34/09 J,・刈払機用の付属具〔刈払作業中は取り脱すもの，例．収納容器〕,
uploaded,廃止,A01D 34/68 N,A01D 34/09 N,・操作桿及び操作桿と他部材の連結構造,
uploaded,廃止,A01D 34/73 104,A01D 34/416,・・・・・・・・切断刃がひも（フイラメント）状のもの,
uploaded,廃止,A01K 63/00 D,A01K 61/06 321,生簣,
uploaded,廃止,A01K 63/00 E,A01K 61/06 322,養魚場，例．入江や内湾を網で仕切ったもの,
uploaded,廃止,A01N 43/82 101,A01N 43/824,・・・１，３，４－オキサジアゾ－ル；水素添加１，３，４－オキサジアゾ－ル，「図」１，３，４－チアジアゾ－ル；水素添加１，３，４－チアジアゾ－ル,
uploaded,廃止,A01N 43/82 101 A,A01N 43/824,「図」,
uploaded,廃止,A01N 43/82 101 B,A01N 43/824,「図」,
uploaded,廃止,A01N 43/82 101 C,A01N 43/824 D,「図」,
uploaded,廃止,A01N 43/82 101 D,A01N 43/824,・他の複素環と直接結合したもの,
uploaded,廃止,A01N 43/82 101 E,A01N 43/824,「図」,
uploaded,廃止,A01N 43/82 101 Z,A01N 43/824,その他のもの,
uploaded,廃止,A01N 43/82 102,A01N 43/828,・・・１，２，３－オキサジアゾール；水素添加１，２，３－オキサジアゾール，「図」１，２，３－チアジアゾール；水素添加１，２，３－チアジアゾール,
uploaded,廃止,A01N 43/82 103,A01N 43/832,・・・１，２，５－オキサジアゾール；水素添加１，２，５－オキサジアゾール，「図」１，２，５－チアジアゾール；水素添加１，２，５－チアジアゾール,
uploaded,廃止,A01N 43/82 104,A01N 43/836,・・・１，２，４－オキサジアゾール；水素添加１，２，４－オキサジアゾール，「図」１，２，４－チアジアゾール；水素添加１，２，４－チアジアゾール,
uploaded,廃止,A01N 53/00 502,A01N 53/00,・シクロプロパンカルボン酸エステル,
uploaded,廃止,A01N 53/00 502 A,A01N 53/00,エステル部に不飽和炭化水素基をもつもの,
uploaded,廃止,A01N 53/00 502 B,A01N 53/00,エステル部に環式脂肪族環をもつもの,
uploaded,廃止,A01N 53/00 502 C,A01N 53/00,・シクロペンタノン基をもつもの,
uploaded,廃止,A01N 53/00 502 D,A01N 53/00,・炭素環と縮合しているもの,
uploaded,廃止,A01N 53/00 502 Z,A01N 53/00,その他のもの,
uploaded,廃止,A01N 53/00 504,A01N 53/00,・・エステル部に複素環基をもつもの,
uploaded,廃止,A01N 53/00 504 A,A01N 53/00,環異項原子として酸素又は硫黄原子をもつもの,
uploaded,廃止,A01N 53/00 504 B,A01N 53/00,・アリ－ル基もしくはアルキルアリ－ル基をもつもの,
uploaded,廃止,A01N 53/00 504 C,A01N 53/00,・炭素環と縮合しているもの,
uploaded,廃止,A01N 53/00 504 D,A01N 53/00,環異項原子として窒素原子をもつもの,
uploaded,廃止,A01N 53/00 504 E,A01N 53/00,・フタルイミド基をもつもの,
uploaded,廃止,A01N 53/00 504 F,A01N 53/00,・窒素原子を２つ以上もつもの,
uploaded,廃止,A01N 53/00 504 G,A01N 53/00,環異項原子として窒素原子と酸素又は硫黄原子をもつもの,
uploaded,廃止,A01N 53/00 504 Z,A01N 53/00,その他のもの,
uploaded,廃止,A01N 53/00 506,A01N 53/06,・・エステル部に芳香族６員環基をもつもの,
uploaded,廃止,A01N 53/00 506 A,A01N 53/06,多環式,
uploaded,廃止,A01N 53/00 506 B,A01N 53/06,環－（Ｏ，Ｓ）,
uploaded,廃止,A01N 53/00 506 C,A01N 53/06,環－Ｎ,
uploaded,廃止,A01N 53/00 506 D,A01N 53/06,Ａ－Ｃの２つ以上の組合せ,
uploaded,廃止,A01N 53/00 506 Z,A01N 53/06,その他のもの,
uploaded,廃止,A01N 53/00 508,A01N 53/08,・・・エステル部にさらにアリ－ルオキシ基をもつもの,
uploaded,廃止,A01N 53/00 508 A,A01N 53/08,酸部分に不飽和結合をもつもの,
uploaded,廃止,A01N 53/00 508 B,A01N 53/08,・ハロゲンをもつもの,
uploaded,廃止,A01N 53/00 508 C,A01N 53/08,・・ジクロルビニル基をもつもの,
uploaded,廃止,A01N 53/00 508 D,A01N 53/08,酸部分に芳香族環、複素環をもつもの,
uploaded,廃止,A01N 53/00 508 Z,A01N 53/08,その他のもの,
uploaded,廃止,A01N 53/00 510,A01N 53/12,・シクロプロパンカルボン酸アミド,
uploaded,廃止,A01N 53/00 512,A01N 53/14,・シクロプロパンカルボン酸ニトリル,
uploaded,廃止,A01N 53/00 A,A01N 53/00,農薬活性成分の混合（共力剤の混合を含む）,
uploaded,廃止,A01N 53/00 B,A01N 53/00,製剤；不活性成分の混合,
uploaded,廃止,A01N 53/00 Z,A01N 53/00,その他のもの,
uploaded,廃止,A01N 55/00 A,A01N 55/01,Ｓｉ系,
uploaded,廃止,A01N 55/00 B,A01N 55/01,・－Ｃ－Ｓｉ〔ＯＲ〕↓３,
uploaded,廃止,A01N 55/00 C,A01N 55/01,・=-Ｏ-ＳｉＲ↓３,
uploaded,廃止,A01N 55/00 D,A01N 55/01,・ＳｉＲ↓４,
uploaded,廃止,A01N 55/00 E,A01N 55/01,・「図」，ポリシロキサン,
uploaded,廃止,A01N 55/00 F,A01N 55/01,・Ｓｉ－Ｎ－,
uploaded,廃止,A01N 55/00 G,A01N 55/02 100,Ａｓ系,
uploaded,廃止,A01N 55/00 Z,A01N 55/00,その他のもの,
uploaded,廃止,A01N 55/02 A,A01N 55/00,Ｃｕ,
uploaded,廃止,A01N 55/02 B,A01N 55/00,Ｚｎ,
uploaded,廃止,A01N 55/02 C,A01N 55/00,Ｐｂ,
uploaded,廃止,A01N 55/02 D,A01N 55/00,Ｃｄ,
uploaded,廃止,A01N 55/02 E,A01N 55/00,Ｎｉ,
uploaded,廃止,A01N 55/02 F,A01N 55/00,Ｂｉ,
uploaded,廃止,A01N 55/02 G,A01N 55/00,その他の金属,
uploaded,廃止,A01N 55/02 Z,A01N 55/00,その他のもの,
uploaded,廃止,A01N 55/04 A,A01N 55/00,「図」,
uploaded,廃止,A01N 55/04 B,A01N 55/00,・=-Ｓｎ〔アルキル〕↓３〔←Ｓｎ-「図」〕,
uploaded,廃止,A01N 55/04 C,A01N 55/00,・「図」,
uploaded,廃止,A01N 55/04 D,A01N 55/00,Ｓｎ－Ｏ－,
uploaded,廃止,A01N 55/04 E,A01N 55/00,・Ｓｎ－ＯＨ,
uploaded,廃止,A01N 55/04 F,A01N 55/00,・Ｓｎ－Ｏ－Ｓｎ,
uploaded,廃止,A01N 55/04 G,A01N 55/00,・「図」,
uploaded,廃止,A01N 55/04 H,A01N 55/00,「図」，ポリマ－,
uploaded,廃止,A01N 55/04 J,A01N 55/00,「図」,
uploaded,廃止,A01N 55/04 K,A01N 55/00,Ｓｎ－Ｓ,
uploaded,廃止,A01N 55/04 L,A01N 55/00,Ｓｎ－Ｘ,
uploaded,廃止,A01N 55/04 M,A01N 55/00,Ｓｎ－Ｎ,
uploaded,廃止,A01N 55/04 Z,A01N 55/00,その他のもの,
uploaded,廃止,A23B 4/00 101 A,A23B 4/14,化学物質の添加,
uploaded,廃止,A23B 4/00 B,A23B 4/005,照射,
uploaded,廃止,A23B 4/00 C,A23B 4/015,加熱,
uploaded,廃止,A23B 4/00 D,A23B 4/16,ガス,
uploaded,廃止,A23B 4/00 J,A23B 4/22,・微生物・酵素,
uploaded,廃止,A23B 4/00 K,A23B 4/26,装置,
uploaded,廃止,A23B 4/02 A,A23B 4/023 A,塩蔵,
uploaded,廃止,A23B 4/02 B,A23B 4/023 B,・塩漬,
uploaded,廃止,A23B 4/02 C,A23B 4/023 C,・塩辛,
uploaded,廃止,A23B 4/02 D,A23B 4/023 Z,食塩以外の無機塩類による保存,
uploaded,廃止,A23B 4/04,A23B 4/03,・乾燥または燻煙；燻煙装置（乾燥装置一般Ｆ２６Ｂ）,
uploaded,廃止,A23B 4/04 501,A23B 4/03 501,・・乾燥・乾製品,
uploaded,廃止,A23B 4/04 501 A,A23B 4/03 501 A,乾燥工程に特徴のあるもの,
uploaded,廃止,A23B 4/04 501 B,A23B 4/03 501 B,・真空乾燥,
uploaded,廃止,A23B 4/04 501 C,A23B 4/037,・凍結乾燥,
uploaded,廃止,A23B 4/04 501 D,A23B 4/03 501 D,脱水,
uploaded,廃止,A23B 4/04 501 E,A23B 4/03 501 E,形状・構造に特徴のあるもの,
uploaded,廃止,A23B 4/04 501 F,A23B 4/03 501 F,圧延工程を伴うもの,
uploaded,廃止,A23B 4/04 501 G,A23B 4/033,化学物質の添加,
uploaded,廃止,A23B 4/04 501 Z,A23B 4/03 501 Z,その他のもの,
uploaded,廃止,A23B 4/04 502,A23B 4/03 502,・・乾燥装置,
uploaded,廃止,A23B 4/04 502 A,A23B 4/03 502 A,大型乾燥装置,
uploaded,廃止,A23B 4/04 502 B,A23B 4/03 502 B,・関連装置,
uploaded,廃止,A23B 4/04 502 C,A23B 4/03 502 C,家庭用乾燥器,
uploaded,廃止,A23B 4/04 502 D,A23B 4/03 502 D,乾燥物加工装置,
uploaded,廃止,A23B 4/04 502 E,A23B 4/03 502 E,乾燥用部品・部材,
uploaded,廃止,A23B 4/04 502 Z,A23B 4/03 502 Z,その他のもの,
uploaded,廃止,A23B 4/04 503,A23B 4/044 503,・・燻煙・燻製品,
uploaded,廃止,A23B 4/04 503 A,A23B 4/044 503 A,燻煙処理によるもの,
uploaded,廃止,A23B 4/04 503 B,A23B 4/044 503 B,・燻煙材に特徴のあるもの,
uploaded,廃止,A23B 4/04 503 C,A23B 4/044 503 C,燻液処理によるもの,
uploaded,廃止,A23B 4/04 503 D,A23B 4/044 503 D,・燻液に特徴のあるもの,
uploaded,廃止,A23B 4/04 503 Z,A23B 4/044 503 Z,その他のもの,
uploaded,廃止,A23B 4/04 504,A23B 4/052,・・燻煙装置,
uploaded,廃止,A23B 4/04 504 A,A23B 4/052 A,大型燻煙装置,
uploaded,廃止,A23B 4/04 504 B,A23B 4/052 B,家庭用燻煙器,
uploaded,廃止,A23B 4/04 504 C,A23B 4/052 C,発煙部,
uploaded,廃止,A23B 4/04 504 Z,A23B 4/052 Z,その他のもの,
uploaded,廃止,A23B 4/04 505,A23B 4/00 505,・・節類,
uploaded,廃止,A23B 4/04 505 A,A23B 4/00 505 A,削り節・魚節粉末,
uploaded,廃止,A23B 4/04 505 B,A23B 4/00 505 B,シ－ト状,
uploaded,廃止,A23B 4/04 505 Z,A23B 4/00 505 Z,その他のもの,
uploaded,廃止,A23B 4/06 502,A23B 4/07,・・解凍,
uploaded,廃止,A23B 4/06 502 A,A23B 4/07 A,空気媒体解凍,
uploaded,廃止,A23B 4/06 502 B,A23B 4/07 B,水（液体）媒体解凍,
uploaded,廃止,A23B 4/06 502 C,A23B 4/07 C,蒸気解凍,
uploaded,廃止,A23B 4/06 502 D,A23B 4/07 D,電気解凍,
uploaded,廃止,A23B 4/06 502 E,A23B 4/07 E,・高周波加熱解凍,
uploaded,廃止,A23B 4/06 502 F,A23B 4/07 F,超音波解凍,
uploaded,廃止,A23B 4/06 502 G,A23B 4/07 G,加圧解凍,
uploaded,廃止,A23B 4/06 502 H,A23B 4/07 H,真空解凍,
uploaded,廃止,A23B 4/06 502 J,A23B 4/07 J,装置,
uploaded,廃止,A23B 4/06 502 Z,A23B 4/07 Z,その他のもの,
uploaded,廃止,A23B 4/14 A,A23B 4/02 A,アルコ－ル類,
uploaded,廃止,A23B 4/14 B,A23B 4/02 B,エステル類,
uploaded,廃止,A23B 4/14 C,A23B 4/02 C,ニトロフラン誘導体,
uploaded,廃止,A23B 4/14 Z,A23B 4/02 Z,その他のもの,
uploaded,廃止,A23B 5/00 C,A23B 5/08,化学物質の添加,
uploaded,廃止,A23B 5/02 A,A23B 5/025,化学物質の添加,
uploaded,廃止,A23B 5/02 Z,A23B 5/02,その他のもの,
uploaded,廃止,A23B 5/04 B,A23B 5/05,・化学物質の添加,
uploaded,廃止,A23B 5/04 C,A23B 5/045,解凍,
uploaded,廃止,A23B 7/156,A23B 7/153,・・液体を使用するもの,
uploaded,廃止,A23G 3/00 101,A23G 3/34 101,・あめ菓子又は糖菓〔例．甘納豆，キヤンデイ〕,
uploaded,廃止,A23G 3/00 102,A23G 3/34 102,・焼物菓子又は打物菓子〔例．らくがん〕,
uploaded,廃止,A23G 3/00 104,A23G 3/34 104,・・米菓,
uploaded,廃止,A23G 3/00 105,A23G 3/34 105,・蒸物菓子（羊羮は１０７，プデイングＡ２３Ｌ１／１８７）〔例．ういろう〕,
uploaded,廃止,A23G 3/00 106,A23G 3/34 106,・あん，汁粉，餅菓子又は最中（最中の皮はＡ２１Ｄ１３／００，その製造方法および装置はＡ２１Ｂ，Ｃ，Ｄ；あん製造において，調味工程以前の豆の処理，加工Ａ２３Ｌ１／２０）,
uploaded,廃止,A23G 3/00 107,A23G 3/34 107,・羊羮,
uploaded,廃止,A23G 3/00 108,A23G 3/34 108,・油菓,
uploaded,廃止,A23G 3/00 109,A23G 3/34 109,・掛物菓子,
uploaded,廃止,A23G 3/03,A23G 4/00,・チューインガムの製造方法,
uploaded,廃止,A23G 9/02,A23G 9/00 101,・冷菓，例．アイスクリーム，用混合物［２］,
uploaded,廃止,A23L 2/16,A23L 2/42 101,・・ジュースの保存,
uploaded,廃止,A23L 2/18,A23L 2/44 101,・・・保存剤の添加によるもの,
uploaded,廃止,A23L 2/02,A23L 2/46 101,・・・加熱によるもの,
uploaded,廃止,A23L 2/22,A23L 2/48 101,・・・電気的または波動エネルギーの直接的適用によるもの,
uploaded,廃止,A23L 2/24,A23L 2/48 101,・・・・照射,
uploaded,廃止,A23L 2/26,A23L 2/52 101,・・成分の添加，例．ガスの注入（保存剤の添加２／１８）,
uploaded,廃止,A23L 2/28,A23L 2/64 101,・・・揮発性芳香成分の再添加,
uploaded,廃止,A23L 2/03,A23L 2/07 101,・・ジュースの透明化または清澄化；不要物質の除去（水の精製Ｃ０２Ｆ）,
uploaded,廃止,A23L 2/03 A,A23L 2/07 101 A,酸味性物質の除去,
uploaded,廃止,A23L 2/03 B,A23L 2/07 101 B,苦味物質の除去,
uploaded,廃止,A23L 2/03 Z,A23L 2/07 101 Z,その他〔透明化，清澄化，Ａ，Ｂ以外の物質の除去〕,
uploaded,廃止,A23L 2/32,A23L 2/76 101,・・・ガスの除去によるもの,
uploaded,廃止,A23L 2/34,A23L 2/84 101,・・・生物学的または生化学的，例．酵素的，処理によるもの,
uploaded,廃止,A23L 2/36,A23L 2/78 101,・・・イオン交換によるもの（イオン交換による水の精製Ｃ０２Ｆ１／４２）,
uploaded,廃止,A61C 11/00 C,A61C 19/045 100,・フエイスボウ,
uploaded,廃止,A61C 19/04 K,A61C 19/05 120,咬合採得またはバイト高さ測定,
uploaded,廃止,C12F 1/00,B01D 3/01,発酵液の蒸留または精留（蒸留によるアルコール飲料の調製Ｃ１２Ｇ３／１２）,
uploaded,廃止,C12F 1/02,B01D 3/01,・連続方法によるもの,
uploaded,廃止,C12F 1/04,B01D 3/01,・アルコールの精留,
uploaded,廃止,C12F 1/06,B01D 3/01,・・連続方法によるもの,
uploaded,廃止,C12F 1/08,B01D 3/01,・・・蒸留および精留を結合させたもの,
uploaded,廃止,D06P 1/09 A,D06P 1/09,極性溶剤,
uploaded,廃止,D06P 1/09 B,D06P 1/09,含水無極性溶剤,
uploaded,廃止,D06P 1/09 C,D06P 1/09,無水無極性溶剤（分散染顔料）,
uploaded,廃止,D06P 1/09 D,D06P 1/09,無水無極性溶剤（イオン性染料）,
uploaded,廃止,D06P 1/09 E,D06P 1/09,極性・無極性溶剤混合,
uploaded,廃止,D06P 1/09 F,D06P 1/09,特定染料,
uploaded,廃止,D06P 1/09 G,D06P 1/09,・アゾ染料,
uploaded,廃止,D06P 1/09 H,D06P 1/09,・アントラキノン染料,
uploaded,廃止,D06P 1/09 Z,D06P 1/09,その他のもの,
uploaded,廃止,D06P 5/00 111,D06P 5/00,・捺染,
uploaded,廃止,D06P 5/00 111 A,D06P 5/03,インクジエツト捺染,
uploaded,廃止,D06P 5/00 111 Z,D06P 5/00 A,その他のもの,
uploaded,廃止,D06P 5/00 112,D06P 5/00 101,・・捺染前処理,
uploaded,廃止,D06P 5/00 113,D06P 5/02,・・捺染後処理,
uploaded,廃止,D06P 5/00 114,D06P 5/24,・・転写捺染,
uploaded,廃止,D06P 5/00 115,D06P 5/24,・・・転写方法に特徴があるもの,
uploaded,廃止,D06P 5/00 115 A,D06P 5/24,乾式転写,
uploaded,廃止,D06P 5/00 115 B,D06P 5/24,・転写条件に特徴があるもの,
uploaded,廃止,D06P 5/00 115 C,D06P 5/24,湿式転写,
uploaded,廃止,D06P 5/00 115 D,D06P 5/24 D,液面転写,
uploaded,廃止,D06P 5/00 115 E,D06P 5/24,後処理,
uploaded,廃止,D06P 5/00 115 F,D06P 5/24,防染・抜染,
uploaded,廃止,D06P 5/00 115 G,D06P 5/24 G,静電転写,
uploaded,廃止,D06P 5/00 115 H,D06P 5/00 120,模様出し,
uploaded,廃止,D06P 5/00 115 Z,D06P 5/24,その他のもの,
uploaded,廃止,D06P 5/00 116,D06P 5/24,・・・被転写体に特徴があるもの,
uploaded,廃止,D06P 5/00 116 A,D06P 5/24,材質，組成に特徴があるもの,
uploaded,廃止,D06P 5/00 116 B,D06P 5/24,被転写体の前処理，改質,
uploaded,廃止,D06P 5/00 116 C,D06P 5/24,形状に特徴があるもの,
uploaded,廃止,D06P 5/00 116 Z,D06P 5/24,その他のもの,
uploaded,廃止,D06P 5/00 117,D06P 5/24,・・・転写インクに特徴があるもの,
uploaded,廃止,D06P 5/00 117 A,D06P 5/24,染料に特徴があるもの,
uploaded,廃止,D06P 5/00 117 B,D06P 5/24,・アゾ染料,
uploaded,廃止,D06P 5/00 117 C,D06P 5/24,・その他の染料,
uploaded,廃止,D06P 5/00 117 D,D06P 5/24,インキの調製方法,
uploaded,廃止,D06P 5/00 117 E,D06P 5/24,助剤,
uploaded,廃止,D06P 5/00 117 Z,D06P 5/24,その他のもの,
uploaded,廃止,D06P 5/00 118,D06P 5/24,・・・転写シ－トに特徴があるもの,
uploaded,廃止,D06P 5/00 118 A,D06P 5/24,層の構成に特徴があるもの,
uploaded,廃止,D06P 5/00 118 B,D06P 5/24,・基体に特徴があるもの,
uploaded,廃止,D06P 5/00 118 C,D06P 5/24,・はくり層に特徴があるもの,
uploaded,廃止,D06P 5/00 118 D,D06P 5/24,・インキ層に特徴があるもの,
uploaded,廃止,D06P 5/00 118 E,D06P 5/24,・接着層に特徴があるもの,
uploaded,廃止,D06P 5/00 118 Z,D06P 5/24,その他のもの,
uploaded,廃止,D06P 5/00 119,D06P 5/24,・・・転写装置に特徴があるもの,
uploaded,廃止,E04B 2/02 A,E04C 1/00 E,木製のもの,
uploaded,廃止,E04B 2/02 B,E04B 2/02,コンクリ－ト，モルタル製のもの及び材質に限定のないもの,
uploaded,廃止,E04B 2/02 C,E04B 2/02 100,・特に設計された定着手段を有するもの,
uploaded,廃止,E04B 2/02 D,E04B 2/02 100,・・凹凸嵌合,
uploaded,廃止,E04B 2/02 F,E04B 2/02 100,・・補強材と充填材を有しての接合,
uploaded,廃止,E04B 2/02 G,E04B 2/02 100,・・・補強材の方向が縦,
uploaded,廃止,E04B 2/02 H,E04B 2/02 100,・・・補強材の方向が横,
uploaded,廃止,E04B 2/02 J,E04B 2/02 100,・・充填材のみの接合,
uploaded,廃止,E04B 2/02 K,E04C 1/00 Z,木，コンクリ－ト，モルタル以外で材質に限定のあるもの,
uploaded,廃止,E04B 2/02 Z,E04B 2/02,その他,
uploaded,廃止,E04C 1/00 A,E04B 2/04,施工に関連するもの,
uploaded,廃止,E04C 1/00 B,E04B 2/04,・大型ブロツクによるもの,
uploaded,廃止,E04C 1/00 C,E04C 1/00,製造に関連するもの,
uploaded,廃止,E04C 1/00 D,E04C 1/00,ブロツクの為の金具，金物〔例．カバ－〕,
uploaded,廃止,E04C 1/04,E04B 2/02,・組み立て壁または組み立て柱のための要素（１／３９から１／４２が優先）,
uploaded,廃止,E04C 1/04 A,E04B 2/02 140,全体形状に特徴のあるもの,
uploaded,廃止,E04C 1/04 B,E04B 2/02 150,・手掛・引掛具のあるもの,
uploaded,廃止,E04C 1/04 C,E04B 2/02 190,・目示形成用の突部のあるもの,
uploaded,廃止,E04C 1/04 D,E04B 2/02 160,・ブロツク切断用の溝のあるもの,
uploaded,廃止,E04C 1/04 E,E04B 2/02 160,・一部を切欠く為の脆弱部のあるもの,
uploaded,廃止,E04C 1/04 F,E04B 2/02 190,表面形状に特徴のあるもの〔装飾，表面凹凸〕,
uploaded,廃止,E04C 1/04 G,E04B 2/02 100,・溝，突条のあるもの,
uploaded,廃止,E04C 1/04 H,E04B 2/02 100,・・目示となるもの〔端面に形成されたもの〕〔例．溝内に模様〕,
uploaded,廃止,E04C 1/04 J,E04C 1/00,長尺ブロツク,
uploaded,廃止,E04C 1/04 K,E04C 1/00,柱用ブロツク〔主に門柱〕,
uploaded,廃止,E04C 1/04 L,E04C 1/04,材料に特徴のあるもの,
uploaded,廃止,E04C 1/04 M,E04C 1/04,・コンクリ－ト，陶器等,
uploaded,廃止,E04C 1/04 N,E04C 1/00 E,・木,
uploaded,廃止,E04C 1/04 P,E04C 1/00 F,・合成樹脂,
uploaded,廃止,E04C 1/04 Q,E04C 1/00 G,・廃棄物を固めたもの〔表面を被覆したもの１／４０Ｔ〕,
uploaded,廃止,E04C 1/04 Z,E04C 1/00,その他,
uploaded,廃止,E04C 1/06,E04B 2/14,・・中空部に特徴のあるもの（１／１２が優先）,
uploaded,廃止,E04C 1/07,E04B 2/14,・・・完全に密閉された中空部を有するもの,
uploaded,廃止,E04C 1/08,E04B 2/14,・・・通り抜ける中空部，例．長さ方向または垂直方向の孔または交さ孔，を有するもの,
uploaded,廃止,E04C 1/08 A,E04B 2/14,中空部が縦に通り抜けるもの,
uploaded,廃止,E04C 1/08 B,E04B 2/14,・中空部の形状等に特徴のあるもの,
uploaded,廃止,E04C 1/08 C,E04B 2/14,・中空部に表面側に通じる孔のあるもの,
uploaded,廃止,E04C 1/08 D,E04B 2/14,中空部が横に通り抜けるもの,
uploaded,廃止,E04C 1/08 E,E04B 2/14,中空部が縦横に通り抜けるもの,
uploaded,廃止,E04C 1/08 Z,E04B 2/14,その他,
uploaded,廃止,E04C 1/01,E04B 2/02,・・特に設計された定着手段に特徴のあるもの，例．さね，みぞ，またはありほぞを有する石材,
uploaded,廃止,E04C 1/01 A,E04B 2/02,ブロツクの形状により連結するもの,
uploaded,廃止,E04C 1/01 B,E04B 2/02,・凹凸条により一方向の連結をするもの,
uploaded,廃止,E04C 1/01 C,E04B 2/02,・凹凸条により二方向の連結をするもの,
uploaded,廃止,E04C 1/01 D,E04B 2/02,・凹凸部により一方向の連結をするもの,
uploaded,廃止,E04C 1/01 E,E04B 2/02,・凹凸部により二方向の連結をするもの,
uploaded,廃止,E04C 1/01 F,E04B 2/02 130,・別部材連結具を埋設しているもの,
uploaded,廃止,E04C 1/01 G,E04B 2/02 200,モルタル等接着剤により連結するもの,
uploaded,廃止,E04C 1/01 H,E04C 1/00,埋設された鉄筋等により連結するもの〔主に他部材に連結〕,
uploaded,廃止,E04C 1/01 J,E04C 1/00,・ブロツク同士を連結するもの〔Ｎ参照〕,
uploaded,廃止,E04C 1/01 K,E04B 2/02 130,別部材の連結具〔短尺のもの〕により連結するもの,
uploaded,廃止,E04C 1/01 L,E04B 2/02 131,・ピン等により上下に連結,
uploaded,廃止,E04C 1/01 M,E04B 2/02 131,・ピン等により左右に連結,
uploaded,廃止,E04C 1/01 N,E04B 2/02 131,・ねじ等により連結するもの〔Ｊ参照．連結具を埋設し，それを別部材（例．ねじ結着部（配筋は含まず））で連結したものも含む〕,
uploaded,廃止,E04C 1/01 P,E04C 1/39 105,・ブロツクを他部材に連結するもの,
uploaded,廃止,E04C 1/01 Q,E04B 2/02 135,別部材の連結具〔長尺のもの〕により連結するもの〔主に端面の溝による〕〔例．チエ－ンを挿通〕,
uploaded,廃止,E04C 1/01 R,E04B 2/02 135,・鉄筋受のあるもの,
uploaded,廃止,E04C 1/01 S,E04B 2/02 135,・溝を大きくしたもの,
uploaded,廃止,E04C 1/01 T,E04B 2/02 135,・ブロツク内部を貫通する孔をもつもの,
uploaded,廃止,E04C 1/01 U,E04B 2/02 135,・・貫通孔を表面に連通したもの〔鉄筋を通す為〕,
uploaded,廃止,E04C 1/01 V,E04B 2/02 260,・ななめに配筋できるもの,
uploaded,廃止,E04C 1/01 W,E04B 2/02 135,・外面に連結具のあらわれるもの,
uploaded,廃止,E04C 1/01 Z,E04B 2/02,その他,
uploaded,廃止,E04C 1/12,E04B 2/02,・・平行六面体のものとは異なる形状に特徴のあるもの，例．三角形，Ｌ形，Ｔ形断面,
uploaded,廃止,E04C 1/12 A,E04B 2/02,変形ブロツク,
uploaded,廃止,E04C 1/12 B,E04B 2/02,・〔積み上げる為に〕正面視ご特別の形状をしているもの,
uploaded,廃止,E04C 1/12 C,E04B 2/02,・・三・六角形のもの,
uploaded,廃止,E04C 1/12 D,E04B 2/02,・・切込みによりかみあわせて積むもの,
uploaded,廃止,E04C 1/12 E,E04B 2/02,・拡底型,
uploaded,廃止,E04C 1/12 F,E04B 2/02,・前後のブロツクをかみあわせて組むもの,
uploaded,廃止,E04C 1/12 G,E04B 2/02 170,・コ－ナ－用ブロツク〔Ｆ参照〕,
uploaded,廃止,E04C 1/12 H,E04B 2/02 170,・・「図」部,
uploaded,廃止,E04C 1/12 J,E04B 2/02,・縦断面Ｌ型,
uploaded,廃止,E04C 1/12 K,E04B 2/02,・埋込脚のあるもの〔主にＴ型，Ｆが優先〕,
uploaded,廃止,E04C 1/12 L,E04B 2/02,・部材相互の角度調整のできるもの,
uploaded,廃止,E04C 1/12 Z,E04B 2/02,その他,
uploaded,廃止,E04C 1/14,E04B 2/02 210,・・・スペーサによって間隔を保たれた２つの部材より形成されるもの,
uploaded,廃止,E04C 1/14 A,E04B 2/02 212,スペ－サ－が一体のもの〔断面「図」型〕〔例前後のフエ－スシエルを連結するウエブシエルよりなる〕,
uploaded,廃止,E04C 1/14 B,E04B 2/02 212,・コ－ナ－用,
uploaded,廃止,E04C 1/14 C,E04B 2/02 212,・一体のスペ－サ－が別部材で形成されているもの,
uploaded,廃止,E04C 1/14 D,E04C 1/39 104,・擁壁用,
uploaded,廃止,E04C 1/14 E,E04B 2/02 211,スペ－サ－が別体のもの,
uploaded,廃止,E04C 1/14 F,E04B 2/02 211,・コ－ナ－用,
uploaded,廃止,E04C 1/14 Z,E04B 2/02 210,その他,
uploaded,廃止,E04C 1/16,E04B 2/02,・・・・部材が中空部を有するもの,
uploaded,廃止,E04C 1/16 A,E04B 2/02 212,スペ－サ－が一体のもの,
uploaded,廃止,E04C 1/16 B,E04B 2/02 211,スペ－サ－が別体のもの,
uploaded,廃止,E04C 1/16 Z,E04B 2/02,その他,
uploaded,廃止,E04C 1/18,E04B 2/02,・・・・部材が中空でないもの,
uploaded,廃止,E04C 1/24,E04B 2/02,・床，天井，屋根，アーチまたは梁（はり）を組み立てるための要素（１／０４，１／３９から１／４２が優先；床張り（フローリング）Ｅ０４Ｆ１５／００）,
uploaded,廃止,E04C 1/26,E04B 2/02,・・荷重保持機能を有する要素の特別な形状のもの,
uploaded,廃止,E04C 1/28,E04B 2/02,・・・床用，天井用または屋根用のもの,
uploaded,廃止,E04C 1/03,E04B 2/02,・・・・相互に係合するように形成されているもの,
uploaded,廃止,E04C 1/32,E04B 2/02,・・・梁用のもの,
uploaded,廃止,E04C 1/34,E04B 2/02,・・被充てん要素として使用されるために設計されているもの,
uploaded,廃止,E04C 1/36,E04B 2/02,・・・梁または桁の間におけるもの,
uploaded,廃止,E04C 1/38,E04B 2/02,・・・補強コンクリートよりなるリブ付きまたは交さリブ付き床，天井または屋根におけるもの,
uploaded,廃止,E04C 1/39 A,E04C 1/39 106,笠木・頂部ブロツク〔例天端材，有刺外壁ブロツク〕,
uploaded,廃止,E04C 1/39 B,E04C 1/39 106,・飾り付けブロツク,
uploaded,廃止,E04C 1/39 C,E04C 1/39 106,・トツプブロツク〔梁下ブロツク〕,
uploaded,廃止,E04C 1/39 D,E04C 1/39,物入れブロツク,
uploaded,廃止,E04C 1/39 E,E04C 1/39,点検口，はき出しブロツク,
uploaded,廃止,E04C 1/39 F,E04C 1/39 107,通風ブロツク〔壁の内外の通風〕〔例基礎風窓通気ブロツク〕,
uploaded,廃止,E04C 1/39 G,E04C 1/39 107,・通風部に別部材を介在させたもの〔例ブラインド板あり〕,
uploaded,廃止,E04C 1/39 H,E04C 1/39 107,・組み方により通風部を形成するもの,
uploaded,廃止,E04C 1/39 J,E04C 1/39,たな・引掛具付ブロツク,
uploaded,廃止,E04C 1/39 K,E04C 1/39 102,植栽用ブロツク,
uploaded,廃止,E04C 1/39 L,E04C 1/39 102,・頂部に植栽部のあるもの,
uploaded,廃止,E04C 1/39 M,E04C 1/39 102,・下部に植栽部のあるもの,
uploaded,廃止,E04C 1/39 N,E04C 1/39 102,花だん用ブロツク,
uploaded,廃止,E04C 1/39 P,E04C 1/39 102,緑化ブロツク,
uploaded,廃止,E04C 1/39 Q,E04C 1/39 108,下部ブロツク,
uploaded,廃止,E04C 1/39 R,E04C 1/39 108,基礎ブロツク〔基礎風窓通気ブロツクＦ〕,
uploaded,廃止,E04C 1/39 S,E04C 1/39 109,装置付ブロツク〔光源．太陽熱配管ｅｔｃ〕,
uploaded,廃止,E04C 1/39 T,E04C 1/39 101,換気，断熱ブロツク〔ブロツク内を空気の流れるもの〕,
uploaded,廃止,E04C 1/39 U,E04C 1/39 110,防音，吸音〔空隙によるもの〕,
uploaded,廃止,E04C 1/39 V,E04C 1/39,建築用特殊ブロツク,
uploaded,廃止,E04C 1/39 W,E04C 1/39 111,消波，護岸ブロツク,
uploaded,廃止,E04C 1/39 Z,E04C 1/39,その他,
uploaded,廃止,E04C 1/04 A,E04B 2/02 190,表面処理に特徴のあるもの,
uploaded,廃止,E04C 1/04 B,E04B 2/02 190,・モルタル被覆,
uploaded,廃止,E04C 1/04 C,E04B 2/02 190,・着色塗装層をもつもの〔Ｂが優先〕,
uploaded,廃止,E04C 1/04 D,E04B 2/02 190,・合成樹脂をコ－テイングしたもの〔Ｃが優先〕,
uploaded,廃止,E04C 1/04 E,E04B 2/02 190,・・外皮が型枠となつているもの,
uploaded,廃止,E04C 1/04 F,E04B 2/02 190,・表面に板を積層したもの〔例木片張り付け〕,
uploaded,廃止,E04C 1/04 G,E04B 2/02 190,・・タイル模様になるもの,
uploaded,廃止,E04C 1/04 H,E04B 2/02 190,・・自然石模様になるもの〔例玉砂利化粧ブロツク〕,
uploaded,廃止,E04C 1/04 J,E04B 2/02 190,・・装飾板をはめたもの〔板がガラスのもの１／４２Ｂ〕,
uploaded,廃止,E04C 1/04 K,E04B 2/02 190,・表面の光るもの〔発光，反射〕,
uploaded,廃止,E04C 1/04 L,E04B 2/02 190,・表面に植毛したもの〔人口芝を含む〕,
uploaded,廃止,E04C 1/04 M,E04B 2/02,補強ブロツク〔Ｅが優先〕,
uploaded,廃止,E04C 1/04 N,E04B 2/02,・孔部の補強,
uploaded,廃止,E04C 1/04 P,E04B 2/02,断熱ブロツク〔断熱材によるもの〕,
uploaded,廃止,E04C 1/04 Q,E04C 1/39 110,吸音，防音ブロツク〔吸音材等によるもの〕,
uploaded,廃止,E04C 1/04 R,E04B 2/02,軽量ブロツク〔軽量部材の充填によるもの，中空による軽量化→１／０６〕,
uploaded,廃止,E04C 1/04 S,E04C 1/04,空カン・空ビンを利用したブロツク,
uploaded,廃止,E04C 1/04 T,E04C 1/00 G,廃棄物を固めて被覆したもの〔単に固めたもの１／０４Ｑ〕,
uploaded,廃止,E04C 1/04 U,E04C 1/04,木片を埋設したもの〔釘打可能〕,
uploaded,廃止,E04C 1/04 Z,E04C 1/04,その他,
uploaded,廃止,E04C 1/42 A,E04C 1/42,ガラスブロツク,
uploaded,廃止,E04C 1/42 B,E04C 1/42,・枠にガラスをはめたもの,
uploaded,廃止,E04C 1/42 Z,E04C 1/42,その他,
uploaded,廃止,E04C 2/44,E04C 2/00,・目的に特徴のあるもの,
uploaded,廃止,E04C 2/46,E04C 2/00,・・壁を作るために特別に適用されるもの（２／５２，２／５４が優先；スラブ状要素の構造Ｅ０４Ｂ１／０２；比較的薄い形の要素の壁Ｅ０４Ｂ２／７２）,
uploaded,廃止,E04C 2/46 A,E04C 2/00,開口付,
uploaded,廃止,E04C 2/46 C,E04C 2/00,・コンクリ－ト製,
uploaded,廃止,E04C 2/46 E,E04C 2/00,枠組板,
uploaded,廃止,E04C 2/46 G,E04C 2/00,コンクリ－ト製,
uploaded,廃止,E04C 2/46 J,E04C 2/00,外壁,
uploaded,廃止,E04C 2/46 L,E04C 2/00,間仕切,
uploaded,廃止,E04C 2/46 Z,E04C 2/00,その他のもの,
uploaded,廃止,E04C 2/48,E04C 2/00,・・部屋と同高かまたはそれ以上高いもの，すなわち少くとも２つの階との結合に関係する備えを持つもの（２／５２，２／５４が優先）,
uploaded,廃止,E04C 2/05,E04C 2/00,・・床，天井または屋根を作るため特別に適用される自己支持スラブ，例．荷重をかけることができるもの（２／５２，２／５４が優先；スラブ状要素の構造Ｅ０４Ｂ１／０２；床構造Ｅ０４Ｂ５／００；天井Ｅ０４Ｂ５／５２；屋根ぶきＥ０４Ｄ；床張りＥ０４Ｆ１５／００）,
uploaded,廃止,E04C 2/05 A,E04C 2/00,床板,
uploaded,廃止,E04C 2/05 B,E04C 2/00,・枠組板,
uploaded,廃止,E04C 2/05 F,E04C 2/00,・金属板,
uploaded,廃止,E04C 2/05 K,E04C 2/00,・コンクリ－ト板,
uploaded,廃止,E04C 2/05 P,E04C 2/00,天井板,
uploaded,廃止,E04C 2/05 R,E04C 2/00,屋根板,
uploaded,廃止,E04C 2/05 Z,E04C 2/00,その他のもの,
uploaded,廃止,G01N 24/02,G01N 24/00 100,・細部,
uploaded,廃止,G01N 24/02 510,G01N 24/00 510,・・試料の取扱い,
uploaded,廃止,G01N 24/02 510 A,G01N 24/00 510 A,試料管,
uploaded,廃止,G01N 24/02 510 B,G01N 24/00 510 B,・タ－ビン,
uploaded,廃止,G01N 24/02 510 C,G01N 24/00 510 C,・・回転調整,
uploaded,廃止,G01N 24/02 510 D,G01N 24/00 510 D,試料導入（ＥＳＲ特有のものは２４／１０，５１０＠Ａ）,
uploaded,廃止,G01N 24/02 510 E,G01N 24/00 510 E,・位置決め,
uploaded,廃止,G01N 24/02 510 F,G01N 24/00 510 F,温度調整,
uploaded,廃止,G01N 24/02 510 Y,G01N 24/00 510 Y,ＭＲＩ,
uploaded,廃止,G01N 24/02 510 Z,G01N 24/00 510 Z,その他,
uploaded,廃止,G01N 24/02 520,G01N 24/00 520,・・記録・表示,
uploaded,廃止,G01N 24/02 520 A,G01N 24/00 520 A,表示・出力手段,
uploaded,廃止,G01N 24/02 520 B,G01N 24/00 520 B,・多次元ＮＭＲ用,
uploaded,廃止,G01N 24/02 520 L,G01N 24/00 520 L,記録・記憶手段,
uploaded,廃止,G01N 24/02 520 Y,G01N 24/00 520 Y,ＭＲＩ,
uploaded,廃止,G01N 24/02 520 Z,G01N 24/00 520 Z,その他,
uploaded,廃止,G01N 24/02 530,G01N 24/00 530,・・信号処理,
uploaded,廃止,G01N 24/02 530 A,G01N 24/00 530 A,サンプリング、例．Ａ／Ｄ変換,
uploaded,廃止,G01N 24/02 530 B,G01N 24/00 530 B,デ－タ補正,
uploaded,廃止,G01N 24/02 530 C,G01N 24/00 530 C,・Ｓ／Ｎ改善,
uploaded,廃止,G01N 24/02 530 D,G01N 24/00 530 D,・・積算,
uploaded,廃止,G01N 24/02 530 E,G01N 24/00 530 E,・・反転加算,
uploaded,廃止,G01N 24/02 530 F,G01N 24/00 530 F,・ベ－スライン補正,
uploaded,廃止,G01N 24/02 530 G,G01N 24/00 530 G,デ－タ処理（演算手法・処理手順）,
uploaded,廃止,G01N 24/02 530 H,G01N 24/00 530 H,・フ－リエ変換（含、アポダイゼ－シヨン）,
uploaded,廃止,G01N 24/02 530 J,G01N 24/00 530 J,スペクトル同定（ピ－ク検出）,
uploaded,廃止,G01N 24/02 530 K,G01N 24/00 530 K,・化学シフトに関するもの（構造解析）,
uploaded,廃止,G01N 24/02 530 L,G01N 24/00 530 L,・不要ピ－ク除去,
uploaded,廃止,G01N 24/02 530 M,G01N 24/00 530 M,・多次元ＮＭＲ用,
uploaded,廃止,G01N 24/02 530 Y,G01N 24/00 530 Y,ＭＲＩ,
uploaded,廃止,G01N 24/02 530 Z,G01N 24/00 530 Z,その他,
uploaded,廃止,G01N 24/02 540,G01N 24/00 540,・・遮蔽（シ－ルド）,
uploaded,廃止,G01N 24/02 540 A,G01N 24/00 540 A,主磁場の,
uploaded,廃止,G01N 24/02 540 B,G01N 24/00 540 B,高周波磁場の,
uploaded,廃止,G01N 24/02 540 Y,G01N 24/00 540 Y,傾斜磁場の,
uploaded,廃止,G01N 24/02 540 Z,G01N 24/00 540 Z,その他,
uploaded,廃止,G01N 24/02 A,G01N 24/00 100 A,標準試料、例．フアントム、ロツク用,
uploaded,廃止,G01N 24/02 B,G01N 24/00 100 B,シフト試薬、例．造影剤、コントラスト剤,
uploaded,廃止,G01N 24/02 Y,G01N 24/00 100 Y,ＭＲＩ,
uploaded,廃止,G01N 24/02 Z,G01N 24/00 100 Z,その他（防振、防音等）,
uploaded,廃止,G01N 24/04,G01N 24/00 550,・・探針,
uploaded,廃止,G01N 24/04 510,G01N 24/00 560,・・・プロ－ブ（高周波励起・検出システム）,
uploaded,廃止,G01N 24/04 510 A,G01N 24/00 560 A,電子常磁性共鳴（ＥＳＲ）用,
uploaded,廃止,G01N 24/04 510 B,G01N 24/00 560 B,複数試料用,
uploaded,廃止,G01N 24/04 510 C,G01N 24/00 560 C,多核種用,
uploaded,廃止,G01N 24/04 510 D,G01N 24/00 560 D,二重共鳴用,
uploaded,廃止,G01N 24/04 510 E,G01N 24/00 560 E,検定・較正,
uploaded,廃止,G01N 24/04 510 F,G01N 24/00 560 F,配置（コイル・回路の）,
uploaded,廃止,G01N 24/04 510 G,G01N 24/00 560 G,温度調整,
uploaded,廃止,G01N 24/04 510 Y,G01N 24/00 560 Y,ＭＲＩ,
uploaded,廃止,G01N 24/04 510 Z,G01N 24/00 560 Z,その他,
uploaded,廃止,G01N 24/04 520,G01N 24/00 570,・・・・構造的細部,
uploaded,廃止,G01N 24/04 520 A,G01N 24/00 570 A,共振器（コイル）,
uploaded,廃止,G01N 24/04 520 B,G01N 24/00 570 B,・表面コイルからなるもの,
uploaded,廃止,G01N 24/04 520 C,G01N 24/00 570 C,・・サブコイルの配列からなるもの,
uploaded,廃止,G01N 24/04 520 D,G01N 24/00 570 D,・スリツトを有するものまたはル－プギヤツプ型のもの,
uploaded,廃止,G01N 24/04 520 E,G01N 24/00 570 E,・導波管型のもの（空洞共振器）,
uploaded,廃止,G01N 24/04 520 G,G01N 24/00 570 G,・・外部照射手段を有するもの,
uploaded,廃止,G01N 24/04 520 H,G01N 24/00 570 H,共振器の機械的調整（重複付与可）,
uploaded,廃止,G01N 24/04 520 Y,G01N 24/00 570 Y,ＭＲＩ,
uploaded,廃止,G01N 24/04 520 Z,G01N 24/00 570 Z,その他,
uploaded,廃止,G01N 24/04 530,G01N 24/00 580,・・・・電気的細部,
uploaded,廃止,G01N 24/04 530 A,G01N 24/00 580 A,送受信回路,
uploaded,廃止,G01N 24/04 530 B,G01N 24/00 580 B,・送信回路,
uploaded,廃止,G01N 24/04 530 C,G01N 24/00 580 C,・受信回路,
uploaded,廃止,G01N 24/04 530 D,G01N 24/00 580 D,・・直交コイル型,
uploaded,廃止,G01N 24/04 530 E,G01N 24/00 580 E,送受信分離（ゲ－ト）,
uploaded,廃止,G01N 24/04 530 F,G01N 24/00 580 F,同調調整,
uploaded,廃止,G01N 24/04 530 G,G01N 24/00 580 G,二重同調,
uploaded,廃止,G01N 24/04 530 H,G01N 24/00 580 H,共振器との整合（インピ－ダンス・マツチング）,
uploaded,廃止,G01N 24/04 530 J,G01N 24/00 580 J,利得調整,
uploaded,廃止,G01N 24/04 530 K,G01N 24/00 580 K,温度補償,
uploaded,廃止,G01N 24/04 530 Y,G01N 24/00 580 Y,ＭＲＩ,
uploaded,廃止,G01N 24/04 530 Z,G01N 24/00 580 Z,その他,
uploaded,廃止,G01N 24/06,G01N 24/00 590,・・磁場の発生，均質化または安定化（磁気的変量の調整一般Ｇ０５Ｆ７／００；電磁石一般Ｈ０１Ｆ７／０６）,
uploaded,廃止,G01N 24/06 510,G01N 24/00 600,・・・主磁場（傾斜磁場）の発生,
uploaded,廃止,G01N 24/06 510 A,G01N 24/00 600 A,電磁石,
uploaded,廃止,G01N 24/06 510 B,G01N 24/00 600 B,・コイル,
uploaded,廃止,G01N 24/06 510 C,G01N 24/00 600 C,・・超電導コイル,
uploaded,廃止,G01N 24/06 510 D,G01N 24/00 600 D,・・・冷却手段（クライオスタツト）,
uploaded,廃止,G01N 24/06 510 H,G01N 24/00 600 H,・制御系（電源）,
uploaded,廃止,G01N 24/06 510 P,G01N 24/00 600 P,永久磁石,
uploaded,廃止,G01N 24/06 510 Q,G01N 24/00 600 Q,・磁極片（ポ－ルピ－ス）,
uploaded,廃止,G01N 24/06 510 R,G01N 24/00 600 R,・・材質・製法,
uploaded,廃止,G01N 24/06 510 Y,G01N 24/00 600 Y,傾斜磁場コイル（ＭＲＩ）,
uploaded,廃止,G01N 24/06 510 Z,G01N 24/00 600 Z,その他,
uploaded,廃止,G01N 24/06 520,G01N 24/00 610,・・・主磁場（傾斜磁場）の不均一性の補償・調整,
uploaded,廃止,G01N 24/06 520 A,G01N 24/00 610 A,機械的（可動部材）,
uploaded,廃止,G01N 24/06 520 E,G01N 24/00 610 E,強磁性体を用いるもの（受動シム）,
uploaded,廃止,G01N 24/06 520 J,G01N 24/00 610 J,補正コイルを用いるもの（能動シム）,
uploaded,廃止,G01N 24/06 520 K,G01N 24/00 610 K,・補正コイルの制御,
uploaded,廃止,G01N 24/06 520 Y,G01N 24/00 610 Y,ＭＲＩ,
uploaded,廃止,G01N 24/06 520 Z,G01N 24/00 610 Z,その他,
uploaded,廃止,G01N 24/06 530,G01N 24/00 620,・・・主磁場（傾斜磁場）の安定化,
uploaded,廃止,G01N 24/06 530 A,G01N 24/00 620 A,磁場ロツク（ＮＭＲ信号による）,
uploaded,廃止,G01N 24/06 530 B,G01N 24/00 620 B,・細部,
uploaded,廃止,G01N 24/06 530 C,G01N 24/00 620 C,・内部ロツク,
uploaded,廃止,G01N 24/06 530 D,G01N 24/00 620 D,・外部ロツク,
uploaded,廃止,G01N 24/06 530 E,G01N 24/00 620 E,・内部・外部ロツク切替,
uploaded,廃止,G01N 24/06 530 F,G01N 24/00 620 F,・ＦＩＤの利用,
uploaded,廃止,G01N 24/06 530 M,G01N 24/00 620 M,磁場測定手段を有するもの（ＮＭＲ信号不用）,
uploaded,廃止,G01N 24/06 530 Q,G01N 24/00 620 Q,温度補償,
uploaded,廃止,G01N 24/06 530 R,G01N 24/00 620 R,温度調整（超電導コイル冷却手段は５１０＠Ｄ）,
uploaded,廃止,G01N 24/06 530 Y,G01N 24/00 620 Y,ＭＲＩ,
uploaded,廃止,G01N 24/06 530 Z,G01N 24/00 620 Z,その他,
uploaded,廃止,G01R 33/06 H,G01R 33/07,ホール効果,
uploaded,廃止,G01R 33/06 R,G01R 33/09,磁気抵抗効果,
uploaded,廃止,G01R 33/06 Z,G01R 33/06,その他,
uploaded,廃止,G01R 33/22,G01R 33/02 101,・・細部，例，磁界の発生，均質化または安定化（磁気的変量の調整一般Ｇ０５Ｆ７／００；電磁石一般Ｈ０１Ｆ７／０６）,
uploaded,廃止,G01V 3/00 B,G01V 15/00,埋設物の検出に使用される標識等の付属物,
uploaded,廃止,G01V 3/00 E,G01V 15/00,対象物の検出に用いるタグ,
uploaded,廃止,G01V 9/04,G01V 8/01 Z,・光学的手段，例．光障壁，によるもの（コンベヤによって運ばれる物品の計数Ｇ０６Ｍ７／００；信号または呼出し装置Ｇ０８Ｂ；計数または制御されるべき交通量の検出Ｇ０８Ｇ１／０１；輻射線の存在を検出する放電管；Ｈ０１Ｊ４０／００，４７／００；光に感応する半導体装置Ｈ０１Ｌ３１／００；近接スイッチＨ０３Ｋ１７／９４５）,
uploaded,廃止,G01V 9/04 A,G01V 8/12 A,機器に特徴のあるもの,
uploaded,廃止,G01V 9/04 B,G01V 8/14 A,・反射鏡を有するもの,
uploaded,廃止,G01V 9/04 C,G01V 8/14 C,・・特殊な鏡を有するもの,
uploaded,廃止,G01V 9/04 D,G01V 8/12 D,・遮光部材を有するもの,
uploaded,廃止,G01V 9/04 E,G01V 8/12 E,・保護部材を有するもの,
uploaded,廃止,G01V 9/04 F,G01V 8/16,・光フアイバを用いたもの,
uploaded,廃止,G01V 9/04 G,G01V 8/12 G,・配置に特徴のあるもの,
uploaded,廃止,G01V 9/04 H,G01V 8/12 H,・顕示部材を有するもの,
uploaded,廃止,G01V 9/04 J,G01V 8/12 J,信号処理に特徴のあるもの,
uploaded,廃止,G01V 9/04 K,G01V 8/12 K,・同期，同調手段を有するもの,
uploaded,廃止,G01V 9/04 L,G01V 8/12 L,・帰還に特徴のあるもの,
uploaded,廃止,G01V 9/04 M,G01V 8/02 Z,複数の投・受光器を有するもの,
uploaded,廃止,G01V 9/04 N,G01V 8/02 N,・機器に特徴のあるもの,
uploaded,廃止,G01V 9/04 P,G01V 8/02 P,・・配置に特徴のあるもの,
uploaded,廃止,G01V 9/04 Q,G01V 8/02 Q,・信号処理に特徴のあるもの,
uploaded,廃止,G01V 9/04 R,G01V 8/02 R,・・対の特定手段を有するもの,
uploaded,廃止,G01V 9/04 S,G01V 8/01 S,撮像手段によるもの,
uploaded,廃止,G01V 9/04 T,G01V 8/01 T,試験，チエツク手段を有するもの,
uploaded,廃止,G01V 9/04 U,G01V 8/01 U,光に特徴を有するもの,
uploaded,廃止,G01V 9/04 Z,G01V 8/01 Z,その他のもの,
uploaded,廃止,G03G 13/044,G03G 13/05,・・像に従って記録材料上に電荷を移すことによるもの,
uploaded,廃止,G03G 13/048,G03G 13/04,・・記録材料上に帯電像をもつもの,
uploaded,廃止,G03G 13/052,G03G 13/04,・・・感光化後の充電あるいは放電によるもの,
uploaded,廃止,G03G 13/08 R,G03G 13/095,余分な固体現像剤を除去するもの,
uploaded,廃止,G03G 13/08 Z,G03G 13/08,その他,
uploaded,廃止,G03G 13/12,G03G 13/00,・加温,
uploaded,廃止,G03G 13/22 510,G03G 13/23,・・両面複写のための電子写真法,
uploaded,廃止,G06F 3/02 310,G06F 3/02,・・・構造,
uploaded,廃止,G06F 3/02 310 A,G06F 3/02,キ－ボ－ドの構造,
uploaded,廃止,G06F 3/02 310 B,G06F 3/02,・ソロバン型,
uploaded,廃止,G06F 3/02 310 C,G06F 3/02,・ペン型,
uploaded,廃止,G06F 3/02 310 D,G06F 3/02 450,キ－配列,
uploaded,廃止,G06F 3/02 310 E,G06F 3/02 450,・図形上にキ－を配列,
uploaded,廃止,G06F 3/02 310 F,G06F 3/02,キ－トツプ,
uploaded,廃止,G06F 3/02 310 G,G06F 3/02,・自照キ－,
uploaded,廃止,G06F 3/02 310 H,G06F 3/02 490,キ－カバ－,
uploaded,廃止,G06F 3/02 310 J,G06F 3/02,筐体,
uploaded,廃止,G06F 3/02 310 K,G06F 3/02 430,他装置との組合せ,
uploaded,廃止,G06F 3/02 310 Z,G06F 3/02,その他のもの,
uploaded,廃止,G06F 3/02 320,G06F 3/02 510,・・・入力制御,
uploaded,廃止,G06F 3/02 320 A,G06F 3/02 510,キ－ボ－ド回路,
uploaded,廃止,G06F 3/02 320 B,G06F 3/02 510,キ－信号制御〔ストロ－ブ等〕,
uploaded,廃止,G06F 3/02 320 C,G06F 3/02 510,・リピ－ト制御,
uploaded,廃止,G06F 3/02 320 D,G06F 3/02 510,バツフア制御,
uploaded,廃止,G06F 3/02 320 E,G06F 3/023 410,キ－からメモリへの入力制御,
uploaded,廃止,G06F 3/02 320 F,G06F 3/02 510,キ－から外部記憶装置への入力制御,
uploaded,廃止,G06F 3/02 320 G,G06F 3/02 510,入力クリヤ,
uploaded,廃止,G06F 3/02 320 H,G06F 3/02,カ－ソル制御のためのキ－入力,
uploaded,廃止,G06F 3/02 320 Z,G06F 3/02 510,その他のもの,
uploaded,廃止,G06F 3/02 330,G06F 3/02 510,・・・・チヤタリング防止,
uploaded,廃止,G06F 3/02 330 A,G06F 3/02 510,チヤタリング防止回路,
uploaded,廃止,G06F 3/02 330 B,G06F 3/02 510,・ＣＲを用いたもの,
uploaded,廃止,G06F 3/02 330 Z,G06F 3/02 510,その他のもの,
uploaded,廃止,G06F 3/02 340,G06F 3/02 510,・・・・入力禁止（ロツク）,
uploaded,廃止,G06F 3/02 340 A,G06F 3/02 510,電子的ロツク,
uploaded,廃止,G06F 3/02 340 B,G06F 3/02 510,機械的ロツク,
uploaded,廃止,G06F 3/02 340 Z,G06F 3/02 510,その他のもの,
uploaded,廃止,G06F 3/02 350,G06F 3/02 510,・・・・重打検出，ロ－ルオ－バ,
uploaded,廃止,G06F 3/02 350 A,G06F 3/02 510,重打検出,
uploaded,廃止,G06F 3/02 350 B,G06F 3/02 510,・アナログ回路によるもの,
uploaded,廃止,G06F 3/02 350 C,G06F 3/02 510,・論理によるもの,
uploaded,廃止,G06F 3/02 350 D,G06F 3/02 510,ロ－ルオ－バ,
uploaded,廃止,G06F 3/02 350 Z,G06F 3/02 510,その他のもの,
uploaded,廃止,G06F 3/02 360,G06F 3/02,・・・入力のための機能,
uploaded,廃止,G06F 3/02 360 A,G06F 3/02,入力確認,
uploaded,廃止,G06F 3/02 360 B,G06F 3/02,・表示によるもの,
uploaded,廃止,G06F 3/02 360 C,G06F 3/02,・音によるもの,
uploaded,廃止,G06F 3/02 360 D,G06F 3/02,・音声によるもの,
uploaded,廃止,G06F 3/02 360 E,G06F 3/02,数字入力,
uploaded,廃止,G06F 3/02 360 F,G06F 3/02,・０入力,
uploaded,廃止,G06F 3/02 360 G,G06F 3/02,操作を省略して入力,
uploaded,廃止,G06F 3/02 360 Z,G06F 3/02,その他のもの,
uploaded,廃止,G06F 3/02 370,G06F 3/02,・・・・ガイダンス,
uploaded,廃止,G06F 3/02 370 A,G06F 3/02,画面によるもの,
uploaded,廃止,G06F 3/02 370 B,G06F 3/02,ランプ等によるもの,
uploaded,廃止,G06F 3/02 370 C,G06F 3/02,音声によるもの,
uploaded,廃止,G06F 3/02 370 Z,G06F 3/02,その他のもの,
uploaded,廃止,G06F 3/02 380,G06F 3/02 530,・・・エラ－・試験,
uploaded,廃止,G06F 3/02 380 A,G06F 3/02 530,エラ－検出,
uploaded,廃止,G06F 3/02 380 B,G06F 3/02 530,操作手順監視,
uploaded,廃止,G06F 3/02 380 C,G06F 3/02 530,エラ－表示,
uploaded,廃止,G06F 3/02 380 D,G06F 3/02 530,・音等によるもの,
uploaded,廃止,G06F 3/02 380 E,G06F 3/02 530,キ－ボ－ドの試験,
uploaded,廃止,G06F 3/02 380 Z,G06F 3/02 530,その他のもの,
uploaded,廃止,G06F 3/02 390,G06F 3/02 500,・・・他との接続,
uploaded,廃止,G06F 3/02 390 A,G06F 3/02 500,インタ－フエ－ス回路,
uploaded,廃止,G06F 3/02 390 B,G06F 3/02 500,・直列信号によるもの,
uploaded,廃止,G06F 3/02 390 Z,G06F 3/02 520,その他のもの,
uploaded,廃止,G06F 3/02 X,G06F 3/02 A,他に分類されていないキ－,
uploaded,廃止,G06F 3/023 310,G06F 3/023,・・・・キ－ボ－ドのコ－ド化,
uploaded,廃止,G06F 3/023 310 A,G06F 3/023,コ－ド化一般,
uploaded,廃止,G06F 3/023 310 B,G06F 3/023,アナログによるもの,
uploaded,廃止,G06F 3/023 310 C,G06F 3/023,命令等によるもの,
uploaded,廃止,G06F 3/023 310 D,G06F 3/023,スキヤンによるもの,
uploaded,廃止,G06F 3/023 310 E,G06F 3/023,・表示信号を用いたスキヤン,
uploaded,廃止,G06F 3/023 310 F,G06F 3/023,構造によるもの,
uploaded,廃止,G06F 3/023 310 G,G06F 3/023 430,複数文字発生,
uploaded,廃止,G06F 3/023 310 H,G06F 3/023 480,・登録可能なもの,
uploaded,廃止,G06F 3/023 310 J,G06F 3/023,押下時間によるもの,
uploaded,廃止,G06F 3/023 310 K,G06F 3/023,キ－の組合せによるもの,
uploaded,廃止,G06F 3/023 310 L,G06F 3/023 460,表示選択入力,
uploaded,廃止,G06F 3/023 310 Z,G06F 3/023,その他のもの,
uploaded,廃止,G06F 3/023 320,G06F 3/023,・・・・・入力モ－ド切替によるコ－ド化,
uploaded,廃止,G06F 3/023 320 A,G06F 3/023,シフト,
uploaded,廃止,G06F 3/023 320 B,G06F 3/023,シフト表示,
uploaded,廃止,G06F 3/023 320 C,G06F 3/023,・キ－トツプに表示器をつけたもの,
uploaded,廃止,G06F 3/023 320 D,G06F 3/023,・表示器上にキ－を取つけたもの,
uploaded,廃止,G06F 3/023 320 Z,G06F 3/023,その他のもの,
uploaded,廃止,G06F 3/023 330,G06F 3/023,・・・・・多項目入力,
uploaded,廃止,G06F 3/023 330 A,G06F 3/023,選択型,
uploaded,廃止,G06F 3/023 330 B,G06F 3/023,交換シ－ト,
uploaded,廃止,G06F 3/023 330 C,G06F 3/023,ブツク型,
uploaded,廃止,G06F 3/023 330 D,G06F 3/023,スライド型,
uploaded,廃止,G06F 3/023 330 E,G06F 3/023,ロ－ル型,
uploaded,廃止,G06F 3/023 330 F,G06F 3/023,ペ－ジシ－ト型,
uploaded,廃止,G06F 3/023 330 Z,G06F 3/023,その他のもの,
uploaded,廃止,G06F 3/023 340,G06F 3/023,・・・・キ－ボ－ド以外のコ－ド化,
uploaded,廃止,G06F 3/023 340 A,G06F 3/023,和文タイプ,
uploaded,廃止,G06F 3/023 340 B,G06F 3/023,設定,
uploaded,廃止,G06F 3/023 340 Z,G06F 3/023,その他のもの,
uploaded,廃止,G06N 3/00 530,G06N 99/00 150,・学習型計算機の誤動作対策【Ｈ２６．１１新規付与停止】,
uploaded,廃止,G06N 3/00 540,G06N 99/00 150,・学習型計算機と他の技術との組み合わせ【Ｈ２６．１１新規付与停止】,
uploaded,廃止,G06N 3/00 540 A,G06N 99/00 150,フアジイ技術との融合〔フアジイ推論システムＧ０６Ｎ７／０２〕【Ｈ２６．１１新規付与停止】,
uploaded,廃止,G06N 3/00 540 Z,G06N 99/00 150,その他のもの【Ｈ２６．１１新規付与停止】,
uploaded,廃止,G06N 3/00 550,G06N 99/00 150,・特定用途の学習型計算機【Ｈ２６．１１新規付与停止】,
uploaded,廃止,G06N 3/00 550 A,G06N 99/00 150,特殊演算処理〔複合演算Ｇ０６Ｆ１７／１０〕【Ｈ２６．１１新規付与停止】,
uploaded,廃止,G06N 3/00 550 C,G06N 99/00 180,最適化処理【Ｈ２６．１１新規付与停止】,
uploaded,廃止,G06N 3/00 550 E,G06N 99/00 150,機器の制御【Ｈ２６．１１新規付与停止】,
uploaded,廃止,G06N 3/00 550 G,G06N 99/00 150,画像処理〔イメ－ジ処理Ｇ０６Ｔ１／００，５００〕【Ｈ２６．１１新規付与停止】,
uploaded,廃止,G06N 3/00 550 Z,G06N 99/00 150,その他のもの【Ｈ２６．１１新規付与停止】,
uploaded,廃止,G06N 3/00 560,G06N 99/00 150,・・認識処理を行う学習型計算機【Ｈ２６．１１新規付与停止】,
uploaded,廃止,G06N 3/00 560 A,G06N 99/00 156,クラスタリング【Ｈ２６．１１新規付与停止】,
uploaded,廃止,G06N 3/00 560 C,G06N 99/00 150,画像認識〔イメ－ジ分析Ｇ０６Ｔ７／００〕【Ｈ２６．１１新規付与停止】,
uploaded,廃止,G06N 3/00 560 E,G06N 99/00 150,文字認識〔文字の認識一般Ｇ０６Ｋ９／００〕【Ｈ２６．１１新規付与停止】,
uploaded,廃止,G06N 3/00 560 G,G06N 99/00 150,音声認識〔音声の認識一般Ｇ１０Ｌ〕【Ｈ２６．１１新規付与停止】,
uploaded,廃止,G06N 3/00 560 J,G06N 99/00 150,自然言語認識〔自動言語解析Ｇ０６Ｆ１７／２７〕【Ｈ２６．１１新規付与停止】,
uploaded,廃止,G06N 3/00 560 Z,G06N 99/00 150,その他のもの【Ｈ２６．１１新規付与停止】,
uploaded,廃止,G06N 3/04 E,G06N 3/04,ネツトワ－クの構造【Ｈ２６．１１新規付与停止】,
uploaded,廃止,G06N 3/04 F,G06N 3/04,階層型ネツトワ－ク【Ｈ２６．１１新規付与停止】,
uploaded,廃止,G06N 3/04 Z,G06N 3/04,その他【Ｈ２６．１１新規付与停止】,
uploaded,廃止,G06N 3/08 Q,G06N 3/08,重み係数の決定【Ｈ２６．１１新規付与停止】,
uploaded,廃止,G06N 3/08 Z,G06N 3/08,その他【Ｈ２６．１１新規付与停止】,
uploaded,廃止,G06N 5/04 550,G06N 5/04,・・推論システム【Ｈ２６．１１新規付与停止】,
uploaded,廃止,G06N 5/04 550 A,G06N 5/04,推論システム一般【Ｈ２６．１１新規付与停止】,
uploaded,廃止,G06N 5/04 550 B,G06N 5/04,メタ制御【Ｈ２６．１１新規付与停止】,
uploaded,廃止,G06N 5/04 550 C,G06N 99/00 180,解探索【Ｈ２６．１１新規付与停止】,
uploaded,廃止,G06N 5/04 550 D,G06N 5/04,照合【Ｈ２６．１１新規付与停止】,
uploaded,廃止,G06N 5/04 550 E,G06N 5/04,・照合ネットワーク【Ｈ２６．１１新規付与停止】,
uploaded,廃止,G06N 5/04 550 G,G06N 5/04,競合解消【Ｈ２６．１１新規付与停止】,
uploaded,廃止,G06N 5/04 550 H,G06N 5/04,後向き推論，双方向推論【Ｈ２６．１１新規付与停止】,
uploaded,廃止,G06N 5/04 550 J,G06N 7/00 150,あいまい推論（ファジイ推論：Ｇ０６Ｎ７／０２）【Ｈ２６．１１新規付与停止】,
uploaded,廃止,G06N 5/04 550 K,G06N 5/04,・デフォルト，例外，否定【Ｈ２６．１１新規付与停止】,
uploaded,廃止,G06N 5/04 550 M,G06N 5/04,帰納的推論，類推【Ｈ２６．１１新規付与停止】,
uploaded,廃止,G06N 5/04 550 N,G06N 5/04,・事例ベース【Ｈ２６．１１新規付与停止】,
uploaded,廃止,G06N 5/04 550 Q,G06N 5/04,制約推論【Ｈ２６．１１新規付与停止】,
uploaded,廃止,G06N 5/04 550 R,G06N 5/04,オブジェクト指向【Ｈ２６．１１新規付与停止】,
uploaded,廃止,G06N 5/04 550 Z,G06N 5/04,その他【Ｈ２６．１１新規付与停止】,
uploaded,廃止,G06N 5/04 552,G06N 5/04,・・・並列推論，協調推論【Ｈ２６．１１新規付与停止】,
uploaded,廃止,G06N 5/04 560,G06N 5/02,・・・知識ベース【Ｈ２６．１１新規付与停止】,
uploaded,廃止,G06N 5/04 560 A,G06N 5/02,メモリ管理【Ｈ２６．１１新規付与停止】,
uploaded,廃止,G06N 5/04 560 B,G06N 5/02,・アクセス，更新【Ｈ２６．１１新規付与停止】,
uploaded,廃止,G06N 5/04 560 C,G06N 5/02,・領域管理，ガーベジコレクション【Ｈ２６．１１新規付与停止】,
uploaded,廃止,G06N 5/04 560 F,G06N 5/02,構造化知識，知識モジュール【Ｈ２６．１１新規付与停止】,
uploaded,廃止,G06N 5/04 560 G,G06N 5/02,・階層構造（５５０Ｒ，５６０Ｋを優先）【Ｈ２６．１１新規付与停止】,
uploaded,廃止,G06N 5/04 560 K,G06N 5/02,・フレーム【Ｈ２６．１１新規付与停止】,
uploaded,廃止,G06N 5/04 560 L,G06N 5/02,・テーブル型【Ｈ２６．１１新規付与停止】,
uploaded,廃止,G06N 5/04 560 M,G06N 5/02,・意味ネットワーク，連想【Ｈ２６．１１新規付与停止】,
uploaded,廃止,G06N 5/04 560 Z,G06N 5/02,その他【Ｈ２６．１１新規付与停止】,
uploaded,廃止,G06N 5/04 570,G06N 5/04,・・・推論システムの使用支援【Ｈ２６．１１新規付与停止】,
uploaded,廃止,G06N 5/04 570 A,G06N 5/04,対話処理【Ｈ２６．１１新規付与停止】,
uploaded,廃止,G06N 5/04 570 B,G06N 5/04,・説明機能，ガイダンス【Ｈ２６．１１新規付与停止】,
uploaded,廃止,G06N 5/04 570 C,G06N 5/04,・自然言語【Ｈ２６．１１新規付与停止】,
uploaded,廃止,G06N 5/04 570 E,G06N 5/04,オンライン，端末【Ｈ２６．１１新規付与停止】,
uploaded,廃止,G06N 5/04 570 Z,G06N 5/04,その他【Ｈ２６．１１新規付与停止】,
uploaded,廃止,G06N 5/04 580,G06N 5/02 120,・・・推論システムの作成支援【Ｈ２６．１１新規付与停止】,
uploaded,廃止,G06N 5/04 580 A,G06N 5/02 120,知識の抽出，変換【Ｈ２６．１１新規付与停止】,
uploaded,廃止,G06N 5/04 580 E,G06N 5/02 120,対話作成，エディタ【Ｈ２６．１１新規付与停止】,
uploaded,廃止,G06N 5/04 580 J,G06N 5/02 120,知識の検証，修正【Ｈ２６．１１新規付与停止】,
uploaded,廃止,G06N 5/04 580 K,G06N 5/02 120,・デバッグ（トレース，モニタ，テスト）【Ｈ２６．１１新規付与停止】,
uploaded,廃止,G06N 5/04 580 L,G06N 5/02 120,・・推論過程検証【Ｈ２６．１１新規付与停止】,
uploaded,廃止,G06N 5/04 580 P,G06N 5/02 120,知識の洗練【Ｈ２６．１１新規付与停止】,
uploaded,廃止,G06N 5/04 580 Z,G06N 5/02 120,その他【Ｈ２６．１１新規付与停止】,
uploaded,廃止,G06N 7/02 554,G06N 7/02,・・ファジイ推論（ファジイ制御：Ｇ０５Ｂ１３／０２）【Ｈ２６．１１新規付与停止】,
uploaded,廃止,G06N 7/02 554 A,G06N 7/02,ファジイ推論一般【Ｈ２６．１１新規付与停止】,
uploaded,廃止,G06N 7/02 554 B,G06N 7/04,ファジイチップ，ファジイメモリ【Ｈ２６．１１新規付与停止】,
uploaded,廃止,G06N 7/02 554 C,G06N 7/02,ファジイ演算【Ｈ２６．１１新規付与停止】,
uploaded,廃止,G06N 7/02 554 D,G06N 7/02,・メンバーシップ関数【Ｈ２６．１１新規付与停止】,
uploaded,廃止,G06N 7/02 554 E,G06N 7/02,・重心【Ｈ２６．１１新規付与停止】,
uploaded,廃止,G06N 7/02 554 G,G06N 7/02 160,システム作成，管理【Ｈ２６．１１新規付与停止】,
uploaded,廃止,G06N 7/02 554 H,G06N 7/02 160,・エデイタ【Ｈ２６．１１新規付与停止】,
uploaded,廃止,G06N 7/02 554 J,G06N 7/02 160,・デバッグ（トレース，モニタ，テスト）【Ｈ２６．１１新規付与停止】,
uploaded,廃止,G06N 7/02 554 K,G06N 7/02 130,・学習，チューニング【Ｈ２６．１１新規付与停止】,
uploaded,廃止,G06N 7/02 554 L,G06N 3/04 136,・・ニューラルネットワーク【Ｈ２６．１１新規付与停止】,
uploaded,廃止,G06N 7/02 554 Z,G06N 7/02,その他【Ｈ２６．１１新規付与停止】,
uploaded,廃止,G10K 15/00 A,G10K 15/08,電気的手段を用いる残響装置〔媒質中の機械的振動の伝搬のみを利用するもの，１１／００〕,
uploaded,廃止,G10K 15/00 B,G10K 15/12,・遅延電気回路を利用するもの〔例．残響付加回路，効果装置〕,
uploaded,廃止,G10K 15/00 C,G10K 15/08,・入力電気信号を電気機械変換器を用いて機械的振動に変換して伝達し，これを電気機械変換器を用いて再び電気信号に変換して出力するものを利用するもの,
uploaded,廃止,G10K 15/00 D,G10K 15/08,・記録担体を用いた残響装置,
uploaded,廃止,G10K 15/00 J,G10K 15/08,・記録担体を用いた特殊音発生装置,
uploaded,廃止,G21B 1/00 A,G21B 1/05,磁場閉じ込め式のもの,
uploaded,廃止,G21B 1/00 B,G21B 1/17 A,・真空容器,
uploaded,廃止,G21B 1/00 C,G21B 1/17 B,・・構造,
uploaded,廃止,G21B 1/00 D,G21B 1/17 C,・・材質,
uploaded,廃止,G21B 1/00 E,G21B 1/11 A,・コイル装置及びその配置,
uploaded,廃止,G21B 1/00 F,G21B 1/21,・電源,
uploaded,廃止,G21B 1/00 G,G21B 1/11 C,・プラズマの位置または形状の制御,
uploaded,廃止,G21B 1/00 H,G21B 1/11 D,・・構造物によるもの,
uploaded,廃止,G21B 1/00 J,G21B 1/11 E,・・電気的に制御するもの,
uploaded,廃止,G21B 1/00 K,G21B 1/13,・プラズマ中の不純物の除去または混入防止，例．ダイバータ,
uploaded,廃止,G21B 1/00 L,G21B 1/25,・表面不純物の除去，例．ベーキングまたは放電洗浄,
uploaded,廃止,G21B 1/00 M,G21B 1/11 F,・装置の支持，分解，組立または建屋,
uploaded,廃止,G21B 1/00 N,G21B 1/13,・ブランケット,
uploaded,廃止,G21B 1/00 P,G21B 1/11 G,・トリチウムの回収,
uploaded,廃止,G21B 1/00 Q,G21B 1/11 H,・運転，例．点火または停止,
uploaded,廃止,G21B 1/00 R,G21B 1/11 J,・異常状態への対応または保護,
uploaded,廃止,G21B 1/00 S,G21B 1/11 K,・システム,
uploaded,廃止,G21B 1/00 T,G21B 1/11 B,・・コイルの支持または補強,
uploaded,廃止,G21B 1/00 U,G21B 1/15,・中性粒子入射装置,
uploaded,廃止,G21B 1/00 V,G21B 1/03,慣性閉じこめ式のもの,
uploaded,廃止,G21B 1/00 W,G21B 1/03,・燃料ペレット及びその製造,
uploaded,廃止,G21B 1/00 X,G21B 1/11 L,・高周波加熱,
uploaded,廃止,G21B 1/00 Z,G21B 3/00 Z,その他のもの,
uploaded,廃止,G21B 1/02,G21B 3/00 A,・他の粒子と反応する粒子のビームを用いるもの,
uploaded,廃止,G21F 5/00 A,G21F 5/018,・ＲＩ用注射器,
uploaded,廃止,G21F 5/00 D,G21F 5/12 D,シール構造に特徴のあるもの,
uploaded,廃止,G21F 5/00 E,G21F 5/12 E,・漏洩監視，試験装置を有するもの,
uploaded,廃止,G21F 5/00 F,G21F 5/008,核燃料用のもの,
uploaded,廃止,G21F 5/00 G,G21F 5/06 G,放射性物質による汚染を防止するための手段を有するもの,
uploaded,廃止,G21F 5/00 H,G21F 5/14 H,輸送物取扱手段に関するもの,
uploaded,廃止,G21F 5/00 J,G21F 5/012,輸送物保持手段〔例．バスケット〕に関するもの,
uploaded,廃止,G21F 5/00 M,G21F 5/06 M,火災時の対応構造に特徴のあるもの,
uploaded,廃止,G21F 5/00 N,G21F 5/01 N,冷却手段を有するもの,
uploaded,廃止,G21F 5/00 P,G21F 5/01 P,・冷却フィン関するもの,
uploaded,廃止,G21F 5/00 Q,G21F 5/01 Q,・ドレン・ベント構造に関するもの,
uploaded,廃止,G21F 5/00 R,G21F 5/015,ＲＩ線源用のもの,
uploaded,廃止,G21F 5/00 S,G21F 5/08,ショックアブソーバーに関するもの,
uploaded,廃止,G21F 5/00 T,G21F 5/14 T,容器の輸送手段に関するもの,
uploaded,廃止,G21F 5/00 W,G21F 5/005,放射性廃棄物用のもの,
uploaded,廃止,H01M 8/02 B,H01M 8/0202,・ガス分離板に関するもの〔Ｒが優先〕,
uploaded,廃止,H01M 8/02 C,H01M 8/02,・・冷却用流体のためのもの,
uploaded,廃止,H01M 8/02 E,H01M 8/02,単電池の構造,
uploaded,廃止,H01M 8/02 H,H01M 8/02,・電解質の補給，リザ－バ〔電池本体外部の通路を含むものは，８／０４Ｌも付与〕,
uploaded,廃止,H01M 8/02 K,H01M 8/02,・・高温固体電解質電池のためのもの,
uploaded,廃止,H01M 8/02 L,H01M 8/02,・・液体燃料のためのもの、燃料を含む又は含まない電解質のためのもの,
uploaded,廃止,H01M 8/02 M,H01M 8/02,・電解質体に関するもの,
uploaded,廃止,H01M 8/02 N,H01M 8/02,・・内部改質型電池のためのもの,
uploaded,廃止,H01M 8/02 P,H01M 8/02,・・高分子固体電解質電池のためのもの,
uploaded,廃止,H01M 8/02 R,H01M 8/02,・流体の通路に関するもの,
uploaded,廃止,H01M 8/02 S,H01M 8/0271,・漏洩防止に関するもの〔マニホルド取付部の漏洩防止は，８／２４Ｍ〕,
uploaded,廃止,H01M 8/02 T,H01M 8/02,・・溶融塩電解質電池のためのもの,
uploaded,廃止,H01M 8/02 Y,H01M 8/0202,・集電部材に関するもの,
uploaded,廃止,H01M 8/02 Z,H01M 8/02,その他のもの,
uploaded,廃止,H01M 8/04 A,H01M 8/04746,圧力の制御・調整,
uploaded,廃止,H01M 8/04 C,H01M 8/04,電解液による短絡電流防止に関するもの,
uploaded,廃止,H01M 8/04 F,H01M 8/04276,電解液濃度又は電解液中の燃料濃度の制御・調整,
uploaded,廃止,H01M 8/04 G,H01M 8/04701,・補助的な装置の温度の制御・調整,
uploaded,廃止,H01M 8/04 K,H01M 8/04291,高分子固体電解質の含有水分の制御・調整,
uploaded,廃止,H01M 8/04 L,H01M 8/04186,・液体燃料のためのもの、燃料を含む又は含まない電解質のためのもの,
uploaded,廃止,H01M 8/04 P,H01M 8/04858,出力の制御・調整,
uploaded,廃止,H01M 8/04 T,H01M 8/04701,温度の制御・調整,
uploaded,廃止,H01M 8/04 X,H01M 8/04225,始動に関するもの,
uploaded,廃止,H01M 8/04 Y,H01M 8/04228,停止に関するもの,
uploaded,廃止,H01M 8/06 A,H01M 8/06,・供給燃料をアルコ－ルとするもの,
uploaded,廃止,H01M 8/06 B,H01M 8/06,・燃料電池排出物が反応物質の製造手段に供給されるもの,
uploaded,廃止,H01M 8/06 G,H01M 8/0612,・外部燃料改質器との結合,
uploaded,廃止,H01M 8/06 K,H01M 8/0606,・酸化剤の製造、酸化剤の高濃度化手段との結合,
uploaded,廃止,H01M 8/06 R,H01M 8/0606,反応物質の製造手段との結合,
uploaded,廃止,H01M 8/06 S,H01M 8/0662,反応生成物の処理のための手段との結合,
uploaded,廃止,H01M 8/06 W,H01M 8/06,・生成水の処理に関するもの,
uploaded,廃止,H01M 8/06 Z,H01M 8/06,その他のもの,
uploaded,廃止,H01M 8/22 N,H01M 8/22 101,アルカリ金属アマルガムを用いるもの,
uploaded,廃止,H01M 8/22 Z,H01M 8/22,その他のもの,
uploaded,廃止,H01M 8/24 E,H01M 8/24,燃料電池集合体の構造,
uploaded,廃止,H01M 8/24 L,H01M 8/24,・・液体燃料のためのもの、燃料を含む又は含まない電解質のためのもの,
uploaded,廃止,H01M 8/24 M,H01M 8/2484,・マニホルドおよびその取り付けに関するもの,
uploaded,廃止,H01M 8/24 R,H01M 8/24,・モジユ－ル内の流体通路に関するもの,
uploaded,廃止,H01M 8/24 S,H01M 8/2485,・・マニホルドからのガスの漏洩を防止するもの,
uploaded,廃止,H01M 8/24 T,H01M 8/247,・積層体の締め付けに関するもの,
uploaded,廃止,H01M 8/24 Z,H01M 8/24,その他のもの,
uploaded,廃止,H04L 25/36,H04L 25/05,・・伝送速度を増大させるため，送信または受信の前に電気的または磁気的信号蓄積を持つもの,
uploaded,廃止,H04L 25/38 B,H04L 25/38 T,スタ－ト・ストツプ方式〔調歩同期方式〕,
uploaded,廃止,H04L 25/04 A,H04L 25/04 S,・送信回路,
uploaded,廃止,H04L 25/04 B,H04L 25/04 R,・受信回路,
uploaded,廃止,H04L 25/04 C,H04L 25/04 R,・・同期回路,
uploaded,廃止,H04L 25/04 D,H04L 25/04 Z,同期方式におけるもの,
uploaded,廃止,H04L 25/04 E,H04L 25/38 T,スタ－ト・ストツプ方式〔調歩同期方式〕におけるもの,
uploaded,廃止,H04L 25/05,H04L 25/05,・・・伝送速度を増大させるため，送信または受信の前に電気的または磁気的信号蓄積をもつもの,
uploaded,廃止,H04N 9/31 A,H04N 9/31,台形歪み補正，色むら補正に関するもの,
uploaded,廃止,H04N 9/31 B,H04N 9/31,ライトバルブに関するもの,
uploaded,廃止,H04N 9/31 C,H04N 9/31,投写管の配置・組合せ及び光学系に関するもの,
uploaded,廃止,H04N 9/31 D,H04N 9/31,投写スクリ－ンに関するもの,
uploaded,廃止,H04N 9/31 E,H04N 9/31,投写管の構造及び付属回路に関するもの〔投写形陰極線管，Ｈ０１Ｊ３／１０Ａ〕,
uploaded,廃止,H04N 9/31 Z,H04N 9/31,その他,
uploaded,廃止,H04N 9/79 A,H04N 9/79,蓄積管記録,
uploaded,廃止,H04N 9/79 B,H04N 9/79,スライド状フイルム記録,
uploaded,廃止,H04N 9/79 C,H04N 9/79,ストライプフイルタを用いるもの,
uploaded,廃止,H04N 9/79 D,H04N 9/79,回折格子を用いるもの,
uploaded,廃止,H04N 9/79 E,H04N 9/79,ホログラフイ－を用いるもの,
uploaded,廃止,H04N 9/79 G,H04N 9/79,静止画記録,
uploaded,廃止,H04N 9/79 H,H04N 9/79,ハ－ドコピ－，印刷,
uploaded,廃止,H04N 9/79 J,H04N 9/79,アジマス記録,
uploaded,廃止,H04N 9/79 K,H04N 9/79,カラ－フレ－ミング，編集,
uploaded,廃止,H04N 9/79 L,H04N 9/79,色消去，振巾調整，ＡＣＣ，ＡＧＣ,
uploaded,廃止,H04N 9/79 M,H04N 9/79,テ－プ状フイルムへの記録,
uploaded,廃止,H04N 9/79 N,H04N 9/79,トラツキング,
uploaded,廃止,H04N 9/79 Z,H04N 9/79,その他,
uploaded,廃止,H04N 9/08 A,H04N 9/08,多方式兼用記録再生装置,
uploaded,廃止,H04N 9/08 B,H04N 9/08,ＰＣＭ記録,
uploaded,廃止,H04N 9/08 C,H04N 9/08,フイ－ルドスキツプ記録,
uploaded,廃止,H04N 9/08 D,H04N 9/08,隣接トラツク同相記録,
uploaded,廃止,H04N 9/08 E,H04N 9/08,隣接トラツク異帯域記録,
uploaded,廃止,H04N 9/08 F,H04N 9/08,音声信号の変換,
uploaded,廃止,H04N 9/08 G,H04N 9/08,マルチチヤンネル記録,
uploaded,廃止,H04N 9/08 Z,H04N 9/08,その他,
uploaded,廃止,H04N 9/81 A,H04N 9/81,時間軸変換を行うもの〔例．ＴＣＩ（Ｔｉｍｅ，Ｃｏｍｐｒｅｓｓｅｄ，Ｉｎｔｅｇｒａｔｉｏｎ）〕,
uploaded,廃止,H04N 9/81 Z,H04N 9/81,その他,
uploaded,廃止,H04N 9/83 A,H04N 9/83,低域変換色信号のラインスキツプ記録,
uploaded,廃止,H04N 9/83 B,H04N 9/83,輝度信号を振巾変調して記録するもの,
uploaded,廃止,H04N 9/83 C,H04N 9/83,Ｍ方式〔ＦＭ輝度信号＋低域変換色信号〕,
uploaded,廃止,H04N 9/83 D,H04N 9/83,・色信号の上・下側波を互いに周波数間挿するもの；色信号をサブサンプル処理するもの,
uploaded,廃止,H04N 9/83 Z,H04N 9/83,その他,
uploaded,廃止,H04N 9/85 A,H04N 9/85,ＲＣＡ，ＶＨＤ形デイスク,
uploaded,廃止,H04N 9/85 B,H04N 9/85,光学式デイスク,
uploaded,廃止,H04N 9/85 C,H04N 9/85,ダイレクト変調方式ＶＴＲ,
uploaded,廃止,H04N 9/85 Z,H04N 9/85,その他,
uploaded,廃止,H04N 9/86 A,H04N 9/86,ＳＥＣＡＭ方式に相当するもの,
uploaded,廃止,H04N 9/86 B,H04N 9/86,ＴＥＤ方式デイスク,
uploaded,廃止,H04N 9/86 Z,H04N 9/86,その他,
uploaded,廃止,H04N 9/87 A,H04N 9/87,変速再生,
uploaded,廃止,H04N 9/87 Z,H04N 9/87,その他,
uploaded,廃止,H04N 9/88 A,H04N 9/88,ＶＴＲ用,
uploaded,廃止,H04N 9/88 B,H04N 9/88,ＲＣＡ方式デイスク用,
uploaded,廃止,H04N 9/88 C,H04N 9/88,ＴＥＤ方式デイスク用,
uploaded,廃止,H04N 9/88 Z,H04N 9/88,その他,
uploaded,廃止,H04N 9/89 A,H04N 9/89,機械系〔ピツクアツプ，駆動モ－タ〕の制御,
uploaded,廃止,H04N 9/89 B,H04N 9/89,連続波パイロツトを用いるもの,
uploaded,廃止,H04N 9/89 C,H04N 9/89,書込／読出型ＴＢＣ,
uploaded,廃止,H04N 9/89 Z,H04N 9/89,その他,
uploaded,タイトル変更,A01C 11/00 301,A01C 11/00 301,・移植方法〔装置に関連するものは該当の装置の箇所に付与〕,・移植方法
uploaded,タイトル変更,A01C 11/00 A,A01C 11/00 A,移植機械用補助・関連器具,移植機械用補助器具または関連器具
uploaded,タイトル変更,A01C 11/00 B,A01C 11/00 B,・苗の運搬〔含；空箱やすくい板の収納〕〔運搬パレツト，Ｂ６５Ｄ１９／００；ネコ車，Ｂ６２Ｂ〕,・苗の運搬，例．空箱やすくい板の収納　（運搬パレットＢ６５Ｄ１９／００；手押し車Ｂ６２Ｂ）
uploaded,タイトル変更,A01C 11/02 301 A,A01C 11/02 301 A,ハンデイタイプ,ハンディタイプ
uploaded,タイトル変更,A01C 11/02 301 C,A01C 11/02 301 C,・ロ－タリ－型苗保持筒集合体,・ロータリー型苗保持筒集合体
uploaded,タイトル変更,A01C 11/02 301 D,A01C 11/02 301 D,・連続苗用〔例．ひも苗，テ－プ苗，連接紙筒苗等〕,・連続苗用，例．ひも苗，テープ苗または連接紙筒苗
uploaded,タイトル変更,A01C 11/02 301 Z,A01C 11/02 301 Z,その他のもの〔例．複合機，苗選別，苗カウンタ－，土寄せ等〕,その他のもの，例．複合機，苗選別，苗カウンターまたは土寄せ
uploaded,タイトル変更,A01C 11/02 302,A01C 11/02 302,・・・乗用型〔乗用，歩行の区別不明の場合は乗合を優先〕,・・・乗用型
uploaded,タイトル変更,A01C 11/02 302 B,A01C 11/02 302 B,・落下式〔空中放出，苗受後落下を含む〕,・落下式
uploaded,タイトル変更,A01C 11/02 302 C,A01C 11/02 302 C,・開閉バケツト式,・開閉バケット式
uploaded,タイトル変更,A01C 11/02 302 E,A01C 11/02 302 E,・・デイスク式,・・ディスク式
uploaded,タイトル変更,A01C 11/02 303 C,A01C 11/02 303 C,・開閉バケツト式,・開閉バケット式
uploaded,タイトル変更,A01C 11/02 303 E,A01C 11/02 303 E,・・デイスク式,・・ディスク式
uploaded,タイトル変更,A01C 11/02 311,A01C 11/02 311,・・・乗用型機枠〔植付作業機の走行機体に対する移動制御及び各種連動制御は３２０～３２２〕,・・・乗用型機枠（植付作業機の走行機体に対する移動制御及び各種連動制御はＡ０１Ｃ１１／０２　３２０～３２２）
uploaded,タイトル変更,A01C 11/02 311 E,A01C 11/02 311 E,運転部・作業部,運転部；作業部
uploaded,タイトル変更,A01C 11/02 311 F,A01C 11/02 311 F,・補助作業者用（補助席等）,・補助作業者用，例．補助席
uploaded,タイトル変更,A01C 11/02 311 G,A01C 11/02 311 G,・ステツプ,・ステップ
uploaded,タイトル変更,A01C 11/02 311 K,A01C 11/02 311 K,・・ミツドマウント,・・ミッドマウント
uploaded,タイトル変更,A01C 11/02 311 N,A01C 11/02 311 N,・作業機の着脱・付替,・作業機の着脱または付替
uploaded,タイトル変更,A01C 11/02 311 R,A01C 11/02 311 R,・ロ－リング,・ローリング
uploaded,タイトル変更,A01C 11/02 311 S,A01C 11/02 311 S,・ピツチング,・ピッチング
uploaded,タイトル変更,A01C 11/02 311 T,A01C 11/02 311 T,原動機・ポンプ関連部,原動機関連部；ポンプ関連部
uploaded,タイトル変更,A01C 11/02 311 W,A01C 11/02 311 W,・カバ－,・カバー
uploaded,タイトル変更,A01C 11/02 312 C,A01C 11/02 312 C,原動機・ポンプ関連部,原動機関連部；ポンプ関連部
uploaded,タイトル変更,A01C 11/02 312 F,A01C 11/02 312 F,・カバ－,・カバー
uploaded,タイトル変更,A01C 11/02 313 A,A01C 11/02 313 A,エンジン出力の伝達〔エンジン周辺の伝達で，エンジンからミツシヨン入力軸直前まで〕,エンジン出力の伝達，すなわちエンジン周辺の伝達で，エンジンからミッション入力軸直前まで
uploaded,タイトル変更,A01C 11/02 313 B,A01C 11/02 313 B,植付作業機内の伝達〔植付入力軸以降の部分；個々の機械の伝達は，３５０～３８７〕,植付作業機内の伝達（植付入力軸以降の部分；個々の機械の伝達はＡ０１Ｃ１１／０２　３５０～３８７）
uploaded,タイトル変更,A01C 11/02 313 C,A01C 11/02 313 C,駆動・伝達要素〔操作は，３３０〕〔伝達要素一般，Ｆ１６〕,駆動要素；伝達要素（操作部材Ａ０１Ｃ１１／０２　３３０，伝達要素一般Ｆ１６）
uploaded,タイトル変更,A01C 11/02 313 Z,A01C 11/02 313 Z,その他のもの〔例．他の作業のための動力取出軸等〕,その他のもの，例．他の作業のための動力取出軸
uploaded,タイトル変更,A01C 11/02 314,A01C 11/02 314,・・・・乗用型における配置・取付,・・・・乗用型における配置または取付
uploaded,タイトル変更,A01C 11/02 315,A01C 11/02 315,・・・・歩行型における配置・取付,・・・・歩行型における配置または取付
uploaded,タイトル変更,A01C 11/02 320 A,A01C 11/02 320 A,位置移動制御〔Ａ０１Ｂ６３／１０Ｅと関連〕,位置移動制御（田植機の昇降制御Ａ０１Ｂ６３／１０Ｅ）
uploaded,タイトル変更,A01C 11/02 320 S,A01C 11/02 320 S,・センサ－に特徴〔フロ－ト関連は３４２へ〕,・センサーに特徴（フロ－ト関連はＡ０１Ｃ１１／０２　３４２）
uploaded,タイトル変更,A01C 11/02 320 T,A01C 11/02 320 T,・時間的特徴〔移動速度，作動感度等〕,・時間的特徴，例．移動速度または作動感度
uploaded,タイトル変更,A01C 11/02 322 D,A01C 11/02 322 D,・クラツチ←→植付作業機，車輪等の位置,・クラッチ←→植付作業機，車輪等の位置
uploaded,タイトル変更,A01C 11/02 330 A,A01C 11/02 330 A,操作部材〔レバ－，ペダル，スイツチ等〕〔運転操作部材一般，Ｇ０５Ｇ〕,操作部材，例．レバー，ペダルまたはスイッチ（運転操作部材一般Ｇ０５Ｇ）
uploaded,タイトル変更,A01C 11/02 330 B,A01C 11/02 330 B,・単一レバ－で複数操作,・単一レバーで複数操作
uploaded,タイトル変更,A01C 11/02 330 C,A01C 11/02 330 C,・単一レバ－と他操作部材との連係,・単一レバーと他操作部材との連係
uploaded,タイトル変更,A01C 11/02 330 D,A01C 11/02 330 D,・レバ－の操作盤,・レバーの操作盤
uploaded,タイトル変更,A01C 11/02 330 L,A01C 11/02 330 L,認識部材関連〔ライト，ミラ－，表示，警報等〕,認識部材関連，例．ライト，ミラー，表示または警報
uploaded,タイトル変更,A01C 11/02 330 M,A01C 11/02 330 M,・マ－カ－関連〔主分類として，Ａ０１Ｂ６９を付与〕,・マーカー関連（農業機械一般のマーカーＡ０１Ｂ６９／０２）
uploaded,タイトル変更,A01C 11/02 331,A01C 11/02 331,・・・・操向装置〔操向装置一般Ｂ６２Ｄ〕,・・・・操向装置（操向装置一般Ｂ６２Ｄ）
uploaded,タイトル変更,A01C 11/02 331 C,A01C 11/02 331 C,操向のためのクラツチ，ブレ－キ操作系,操向のためのクラッチ，ブレーキ操作系
uploaded,タイトル変更,A01C 11/02 331 D,A01C 11/02 331 D,進路自動検出〔主分類として，Ａ０１Ｂ６９／００を付与〕,進路自動検出（農業機械一般の自動操向制御Ａ０１Ｂ６９／００　３０３）
uploaded,タイトル変更,A01C 11/02 332,A01C 11/02 332,・・・安全装置〔安全一般Ｆ１６Ｐ〕〔過負荷の防止Ａ０１Ｂ６１／００参照〕,・・・安全装置（安全一般Ｆ１６Ｐ，過負荷の防止Ａ０１Ｂ６１／００）
uploaded,タイトル変更,A01C 11/02 333 A,A01C 11/02 333 A,回転走行体〔車輪，履帯等〕〔無限軌道車一般，Ｂ６２Ｄ〕,回転走行体，例．車輪または履帯（無限軌道車一般Ｂ６２Ｄ）
uploaded,タイトル変更,A01C 11/02 333 B,A01C 11/02 333 B,・駆動〔デフ及び以降〕〔駆動一般，Ｂ６０Ｋ〕,・駆動（駆動一般Ｂ６０Ｋ）
uploaded,タイトル変更,A01C 11/02 333 C,A01C 11/02 333 C,・車輪自体及びその配列〔車輪自体及び取付，Ｂ６０Ｂ；配列は，Ｂ６２Ｄ〕,・車輪自体及びその配列（車輪自体及び取付Ｂ６０Ｂ；配列はＢ６２Ｄ）
uploaded,タイトル変更,A01C 11/02 333 H,A01C 11/02 333 H,非回転走行体〔耕盤接地杆等〕〔フロ－トは３４２，橇は３４３〕,非回転走行体，例．耕盤接地杆（フロ－トはＡ０１Ｃ１１／０２　３４２，橇はＡ０１Ｃ１１／０２　３４３）
uploaded,タイトル変更,A01C 11/02 334 A,A01C 11/02 334 A,回転走行体〔車輪，履帯等〕,回転走行体，例．車輪または履帯
uploaded,タイトル変更,A01C 11/02 334 B,A01C 11/02 334 B,・シ－ソ－機構,・シーソー機構
uploaded,タイトル変更,A01C 11/02 334 C,A01C 11/02 334 C,・・天秤杆及びその規制・制御,・・天秤杆及びその規制または制御
uploaded,タイトル変更,A01C 11/02 334 H,A01C 11/02 334 H,非回転走行体〔耕盤接地杆等〕〔接地杆に補助輪の設けられたものを含む〕,非回転走行体，例．耕盤接地杆
uploaded,タイトル変更,A01C 11/02 334 S,A01C 11/02 334 S,・センサ－に特徴〔フロ－ト関連は３４２へ〕,・センサーに特徴（フロ－ト関連はＡ０１Ｃ１１／０２　３４２）
uploaded,タイトル変更,A01C 11/02 334 T,A01C 11/02 334 T,・時間的特徴〔移動速度，作動感度等〕,・時間的特徴，例．移動速度または作動感度
uploaded,タイトル変更,A01C 11/02 340,A01C 11/02 340,・・・泥層へ作用するもの〔例．泥流整流体，わら埋入体，泥寄具等〕〔フロ－ト，ソリに一体取付けられたものは３４２，３４３〕,・・・泥層へ作用するもの，例．泥流整流体，わら埋入体または泥寄具（フロート，ソリに一体取付けられたものはＡ０１Ｃ１１／０２　３４２，３４３）
uploaded,タイトル変更,A01C 11/02 342,A01C 11/02 342,・・・・・フロ－ト形,・・・・・フロート形
uploaded,タイトル変更,A01C 11/02 342 A,A01C 11/02 342 A,フロ－ト自体の構造・配置,フロート自体の構造または配置
uploaded,タイトル変更,A01C 11/02 342 B,A01C 11/02 342 B,・植付箇所フロ－ト２列,・植付箇所フロート２列
uploaded,タイトル変更,A01C 11/02 342 C,A01C 11/02 342 C,・植付箇所フロ－ト３列,・植付箇所フロート３列
uploaded,タイトル変更,A01C 11/02 342 D,A01C 11/02 342 D,・フロ－ト構造の利用〔含；他作用具付〕,・フロート構造の利用
uploaded,タイトル変更,A01C 11/02 342 J,A01C 11/02 342 J,フロ－トの取付部構造,フロートの取付部構造
uploaded,タイトル変更,A01C 11/02 342 K,A01C 11/02 342 K,・上下動以外の動きに特徴〔Ｌが優先〕,・上下動以外の動きに特徴（Ａ０１Ｃ１１／０２　３４２Ｌが優先）
uploaded,タイトル変更,A01C 11/02 342 M,A01C 11/02 342 M,・・植付深さ調節〔植付深さを設定する機構；自動制御は，Ｐ～Ｓ〕,・・植付深さ調節（自動制御はＡ０１Ｃ１１／０２　３４２Ｐ～Ｓ）
uploaded,タイトル変更,A01C 11/02 342 P,A01C 11/02 342 P,フロ－トの浮動変位による制御・表示,フロートの浮動変位による制御または表示
uploaded,タイトル変更,A01C 11/02 342 Q,A01C 11/02 342 Q,・乗用型〔Ｒ，Ｓが優先〕,・乗用型（Ａ０１Ｃ１１／０２　３４２Ｒ，Ｓが優先）
uploaded,タイトル変更,A01C 11/02 342 S,A01C 11/02 342 S,・検出センサ－付フロ－ト,・検出センサー付フロート
uploaded,タイトル変更,A01C 11/02 343 A,A01C 11/02 343 A,橇自体の構造・配置,橇自体の構造または配置
uploaded,タイトル変更,A01C 11/02 343 B,A01C 11/02 343 B,橇構造の利用〔含；他作用具付〕,橇構造の利用
uploaded,タイトル変更,A01C 11/02 350 A,A01C 11/02 350 A,乗用型〔Ｅ～Ｍが優先〕,乗用型（Ａ０１Ｃ１１／０２　３５０Ｅ～Ｍが優先）
uploaded,タイトル変更,A01C 11/02 350 C,A01C 11/02 350 C,歩行型〔Ｅ～Ｍが優先〕,歩行型（Ａ０１Ｃ１１／０２　３５０Ｅ～Ｍが優先）
uploaded,タイトル変更,A01C 11/02 350 E,A01C 11/02 350 E,苗載台自体の形状，構造〔Ｆ，Ｊ～Ｍが優先〕,苗載台自体の形状，構造（Ａ０１Ｃ１１／０２　３５０Ｆ，Ｊ～Ｍが優先）
uploaded,タイトル変更,A01C 11/02 350 F,A01C 11/02 350 F,苗載台の支持，位置の変更・規制・制御〔Ｊ～Ｍが優先〕,苗載台の支持，位置の変更，規制または制御（Ａ０１Ｃ１１／０２　３５０Ｊ～Ｍが優先）
uploaded,タイトル変更,A01C 11/02 350 G,A01C 11/02 350 G,予備苗載台自体の形状，構造〔Ｈ～Ｍが優先〕,予備苗載台自体の形状，構造（Ａ０１Ｃ１１／０２　３５０Ｈ～Ｍが優先）
uploaded,タイトル変更,A01C 11/02 350 H,A01C 11/02 350 H,予備苗載台の支持，位置の変更・規制・制御〔Ｊ～Ｍが優先〕〔支持ステ－，摺動レ－ル，位置調節，傾動等〕,予備苗載台の支持，位置の変更，規制または制御，例．支持ステー，摺動レール，位置調節または傾動（Ａ０１Ｃ１１／０２　３５０Ｊ～Ｍが優先）
uploaded,タイトル変更,A01C 11/02 350 J,A01C 11/02 350 J,苗載台と予備苗載台とが接触連係または一体のもの〔Ｌ～Ｍが優先〕,苗載台と予備苗載台とが接触連係または一体のもの（Ａ０１Ｃ１１／０２　３５０Ｌ，Ｍが優先）
uploaded,タイトル変更,A01C 11/02 350 L,A01C 11/02 350 L,マツト苗の規制〔Ｍが優先〕,マット苗の規制（Ａ０１Ｃ１１／０２　３５０Ｍが優先）
uploaded,タイトル変更,A01C 11/02 350 M,A01C 11/02 350 M,マツト苗に関する感知〔苗残量の感知，感知による所望機構の作動ｅｔｃ〕,マット苗に関する感知，例．苗残量の感知または感知による所望機構の作動
uploaded,タイトル変更,A01C 11/02 350 Z,A01C 11/02 350 Z,その他のもの〔付加的機能を有する苗載台，例．保護カバ－，肥料・薬剤・水供給装置付，照明，認識具，目盛ｅｔｃ．〕,その他のもの，例．保護カバー，肥料，薬剤または水の供給装置，照明，認識具，目盛などの付加的機能を有する苗載台
uploaded,タイトル変更,A01C 11/02 351 A,A01C 11/02 351 A,マツト苗の圧縮・偏位防止,マット苗の圧縮または偏位の防止
uploaded,タイトル変更,A01C 11/02 360 A,A01C 11/02 360 A,マツト苗のもの,マット苗のもの
uploaded,タイトル変更,A01C 11/02 360 Z,A01C 11/02 360 Z,その他のもの〔ポツト苗，ｅｔｃ〕,その他のもの，例．ポット苗
uploaded,タイトル変更,A01C 11/02 364 A,A01C 11/02 364 A,マツト苗のもの,マット苗のもの
uploaded,タイトル変更,A01C 11/02 365 A,A01C 11/02 365 A,苗受枠〔摺接ガイドを含む〕,摺接ガイドを含む，苗受枠
uploaded,タイトル変更,A01C 11/02 365 Z,A01C 11/02 365 Z,その他のもの〔ポツト苗の押出し装置，ｅｔｃ〕,その他のもの，例．ポット苗の押出し装置
uploaded,タイトル変更,A01C 11/02 366 A,A01C 11/02 366 A,マツト苗のもの,マット苗のもの
uploaded,タイトル変更,A01C 11/02 366 Z,A01C 11/02 366 Z,その他のもの〔ポツト苗，ブロツク苗，ｅｔｃ〕,その他のもの，例．ポット苗またはブロック苗
uploaded,タイトル変更,A01C 11/02 370 A,A01C 11/02 370 A,マツト苗のもの,マット苗のもの
uploaded,タイトル変更,A01C 11/02 370 Z,A01C 11/02 370 Z,その他のもの〔ポツト苗を含む〕,その他のもの，例．ポット苗
uploaded,タイトル変更,A01C 11/02 380 A,A01C 11/02 380 A,植付爪伝動機構に特徴があるもの〔３８４が優先〕〔安全クラツチ，回転ホイ－ル，抵抗板を含む〕,植付爪伝動機構，例．安全クラッチ，回転ホイールまたは抵抗板，に特徴があるもの（Ａ０１Ｃ１１／０２　３８４が優先）
uploaded,タイトル変更,A01C 11/02 380 Z,A01C 11/02 380 Z,その他のもの〔爪洗浄を含む〕,その他のもの，例．爪洗浄
uploaded,タイトル変更,A01C 11/02 382 C,A01C 11/02 382 C,ロ－タリ－式のもの,ロータリー式のもの
uploaded,タイトル変更,A01C 11/02 382 Z,A01C 11/02 382 Z,その他〔カム式を含む〕,その他，例．カム式
uploaded,タイトル変更,A01C 11/02 A,A01C 11/02 A,いぐさ用〔いぐさ用と明記していない場合でも明らかにいぐさ用と認められるものを含む〕,いぐさ用
uploaded,タイトル変更,A01D 34/00 E,A01D 34/00 E,刈られていない茎稈〔例．切り株〕用の切断又は破砕機（Ｈ１１　新設）,刈られていない茎稈，例．切り株，用の切断または破砕機
uploaded,タイトル変更,A01D 34/02 E,A01D 34/02 E,刈取物の収集手段を有するもの（Ａ０１Ｄ４３／０６よりも優先する。収集した刈取物を放出する手段は、Ａ０１Ｄ３４／１２５）（Ｈ１１　新設）,刈取物の収集手段を有するもの（Ａ０１Ｄ４３／０６よりも優先，収集した刈取物を放出する手段はＡ０１Ｄ３４／１２５）
uploaded,タイトル変更,A01D 34/13 A,A01D 34/13 A,走行型の収穫機、草刈機用,走行型の収穫機，草刈機用
uploaded,タイトル変更,A01D 34/13 C,A01D 34/13 C,手持用の収穫機、草刈機用,手持用の収穫機，草刈機用
uploaded,タイトル変更,A01D 34/24 105,A01D 34/24 105,・・・・センサ－部に特徴のあるもの,・・・・センサー部に特徴のあるもの
uploaded,タイトル変更,A01D 34/24 105 A,A01D 34/24 105 A,非接触型センサ－〔光，超音波等〕,非接触型センサ－，例．光または超音波
uploaded,タイトル変更,A01D 34/24 106,A01D 34/24 106,・・・・ロツク装置，落下防止機構,・・・・ロック装置，落下防止機構
uploaded,タイトル変更,A01D 34/24 106 A,A01D 34/24 106 A,レバ－のロツクによるもの,レバーのロックによるもの
uploaded,タイトル変更,A01D 34/03 B,A01D 34/03 B,回転運動を往復動に変換する機構、往復動の向きを変える機構,回転運動を往復動に変換する機構，往復動の向きを変える機構
uploaded,タイトル変更,A01D 34/03 C,A01D 34/03 C,・連接棒（ピットマン）を有するもの,・連接棒を有するもの
uploaded,タイトル変更,A01D 34/03 E,A01D 34/03 E,・連接棒（ピットマン）を有しないもの,・連接棒を有しないもの
uploaded,タイトル変更,A01D 34/03 F,A01D 34/03 F,・・走行型の収穫機、草刈機,・・走行型の収穫機，草刈機
uploaded,タイトル変更,A01D 34/03 G,A01D 34/03 G,・・手持型の収穫機、草刈機,・・手持型の収穫機，草刈機
uploaded,タイトル変更,A01D 34/64 A,A01D 34/64 A,ミツドマウント型,ミッドマウント型
uploaded,タイトル変更,A01D 34/64 B,A01D 34/64 B,・ハウジングの形、構造に関連するもの,・ハウジングの形，構造に関連するもの
uploaded,タイトル変更,A01D 34/64 C,A01D 34/64 C,・ハウジングの上下移動、支持に関連するもの,・ハウジングの上下移動，支持に関連するもの
uploaded,タイトル変更,A01D 34/64 J,A01D 34/64 J,サイドマウント型（多連式カツタ－は３４／６６）,サイドマウント型（多連式カッターはＡ０１Ｄ３４／６６）
uploaded,タイトル変更,A01D 34/64 L,A01D 34/64 L,芝刈、草刈、牧草刈以外のもの（例、収穫機）,芝刈，草刈，牧草刈以外のもの，例．収穫機
uploaded,タイトル変更,A01D 34/64 M,A01D 34/64 M,無人、無線操縦のもの,無人，無線操縦のもの
uploaded,タイトル変更,A01D 34/67 A,A01D 34/67 A,２個以上のカツタ－〔刃〕を有するもの,２個以上のカッターを有するもの
uploaded,タイトル変更,A01D 34/67 B,A01D 34/67 B,縦軸回転式モア〔モ－タ－なし〕,縦軸回転式モア
uploaded,タイトル変更,A01D 34/73 B,A01D 34/73 B,回転軸方向に沿って複数の回転刃を配列したもの（複数の回転刃を異なる回転軸に設けたものは、Ａ０１Ｄ３４／６８５）「図」,回転軸方向に沿って複数の回転刃を配列したもの（複数の回転刃を異なる回転軸に設けたものはＡ０１Ｄ３４／６８５）「図」
uploaded,タイトル変更,A01D 34/76 A,A01D 34/76 A,刈払機用のもの〔Ｂを優先〕,刈払機用のもの（Ａ０１Ｄ３４／７６Ｂを優先）
uploaded,タイトル変更,A01D 34/76 B,A01D 34/76 B,ブレ－キ構造に特徴のあるもの,ブレーキ構造に特徴のあるもの
uploaded,タイトル変更,A01D 41/02 E,A01D 41/02 E,・前処理部〔切断装置，３４／００，送り込み機構，５７／００，穀稈搬送装置，６１／００，３０１〕,・前処理部（切断装置Ａ０１Ｄ３４／００，送り込み機構Ａ０１Ｄ５７／００，穀稈搬送装置Ａ０１Ｄ６１／００　３０１）
uploaded,タイトル変更,A01D 41/02 F,A01D 41/02 F,・・扱深さ調節〔扱深さ制御，Ａ０１Ｄ６１／００，３０２〕,・・扱深さ調節（扱深さ制御Ａ０１Ｄ６１／００　３０２）
uploaded,タイトル変更,A01D 41/02 G,A01D 41/02 G,・脱穀部〔脱穀部細部，Ａ０１Ｆ１２／００〕,・脱穀部（脱穀部細部Ａ０１Ｆ１２／００）
uploaded,タイトル変更,A01D 41/02 H,A01D 41/02 H,・・手扱ぎに特徴を有するもの〔手扱ぎ供給，Ａ０１Ｆ１２／１０Ｄ〕,・・手扱ぎに特徴を有するもの（手扱ぎ供給Ａ０１Ｆ１２／１０Ｄ）
uploaded,タイトル変更,A01D 41/02 K,A01D 41/02 K,普通型コンバイン〔脱穀部細部，Ａ０１Ｆ１２／００〕,普通型コンバイン（脱穀部細部Ａ０１Ｆ１２／００）
uploaded,タイトル変更,A01D 41/12 A,A01D 41/12 A,駆動〔走行体の駆動一般，Ｂ６０Ｋ〕,駆動（走行体の駆動一般Ｂ６０Ｋ）
uploaded,タイトル変更,A01D 41/12 B,A01D 41/12 B,警報；表示〔収獲機の駆動機構の警報，表示，６９／００，３０１〕,警報；表示（収獲機の駆動機構の警報，表示Ａ０１Ｄ６９／００　３０１）
uploaded,タイトル変更,A01D 41/12 C,A01D 41/12 C,自動制御〔操行の自動制御，Ａ０１Ｂ６９／００，３０３〕,自動制御（操行の自動制御Ａ０１Ｂ６９／００　３０３）
uploaded,タイトル変更,A01D 41/12 D,A01D 41/12 D,・車速制御〔収獲機の車速自動制御，６９／００，３０２Ｂ〕,・車速制御（収獲機の車速自動制御Ａ０１Ｄ６９／００　３０２Ｂ）
uploaded,タイトル変更,A01D 41/12 E,A01D 41/12 E,エンジンの関連装置〔エンジンの関連装置一般，Ｆ０１；燃料タンク，Ｂ６０Ｋ１５／０２〕,エンジンの関連装置（エンジン関連装置一般Ｆ０１；車両におけるエンジン関連装置の配置Ｂ６０Ｋ）
uploaded,タイトル変更,A01H 5/00,A01H 5/00,開花植物，すなわち，被子植物,被子植物，すなわち，顕花植物で，植物部位により特徴付けられるもの；植物分類学以外のものにより特徴付けられる被子植物［２０１８．０１］
uploaded,タイトル変更,A01H 5/02,A01H 5/02,・花,・花［２０１８．０１］
uploaded,タイトル変更,A01H 5/04,A01H 5/04,・茎,・茎［２０１８．０１］
uploaded,タイトル変更,A01H 5/06,A01H 5/06,・根,・根［２０１８．０１］
uploaded,タイトル変更,A01H 5/08,A01H 5/08,・果実,・果実［２０１８．０１］
uploaded,タイトル変更,A01H 5/01,A01H 5/01,・種子,・種子［２０１８．０１］
uploaded,タイトル変更,A01H 5/12,A01H 5/12,・葉,・葉［２０１８．０１］
uploaded,タイトル変更,A01N 43/00,A01N 43/00,殺生物剤，有害生物忌避剤または誘引剤，または植物生長調節剤であって複素環式化合物を含むもの（環式無水物，環式イミドを含むもの３７／００；ただ１個の複素環を有する式Ｘｍ…―…Ｃｎ－Ｎ＜ＣＣ）の化合物を含むもの，ここでｍ≧１，ｎ≧０であり，－Ｎ＜ＣＣ）は非置換またはアルキル置換したピロリジン，ピペリジン，モルホリン，チオモルホリン，ピペラジンまたは４個またはそれ以上のＣＨ↓２基を有するポリメチレンイミン３３／００～４１／１２）,殺生物剤，有害生物忌避剤または誘引剤，または植物生長調節剤であって複素環式化合物を含むもの（環式無水物，環式イミドを含むものＡ０１Ｎ３７／００；ただ１個の複素環を有する式「図」の化合物を含むもの，ここでｍ≧１，ｎ≧０であり，「図」は非置換またはアルキル置換したピロリジン，ピペリジン，モルホリン，チオモルホリン，ピペラジンまたは４個またはそれ以上のＣＨ２基を有するポリメチレンイミンＡ０１Ｎ３３／００～Ａ０１Ｎ４１／１２；シクロプロパンカルボン酸またはその誘導体，例．複素環を持つエステル，を含むものＡ０１Ｎ５３／００）［３］
uploaded,タイトル変更,A01N 43/02,A01N 43/02,・異項原子として１個またはそれ以上の酸素または硫黄原子のみをもつ環を有するもの,・異項原子として１個またはそれ以上の酸素または硫黄原子のみをもつ環を有するもの［３］
uploaded,タイトル変更,A01N 43/04,A01N 43/04,・・１個の異種原子をもつもの,・・１個の異種原子をもつもの［３］
uploaded,タイトル変更,A01N 43/06,A01N 43/06,・・・５員環,・・・５員環［３］
uploaded,タイトル変更,A01N 43/08,A01N 43/08,・・・・異項原子として酸素をもつもの,・・・・異項原子として酸素をもつもの［３］
uploaded,タイトル変更,A01N 43/08 A,A01N 43/08 A,「図」〔他に低級アルキル置換基があつても無視する〕,「図」，ただし，低級アルキル置換基があっても無視する
uploaded,タイトル変更,A01N 43/01,A01N 43/01,・・・・異項原子として硫黄をもつもの,・・・・異項原子として硫黄をもつもの［３］
uploaded,タイトル変更,A01N 43/01 A,A01N 43/01 A,「図」〔他に低級アルキル置換基があつても無視する〕,「図」，ただし，低級アルキル置換基があっても無視する
uploaded,タイトル変更,A01N 43/12,A01N 43/12,・・・・炭素環と縮合しているもの,・・・・炭素環と縮合しているもの［３］
uploaded,タイトル変更,A01N 43/12 B,A01N 43/12 B,「図」〔Ａ＝Ｏ，Ｓ，Ｂ＝Ｏ，Ｓ，Ｎ〕,「図」であって，ＡはＯまたはＳ，ＢはＯ，ＳまたはＮであるもの
uploaded,タイトル変更,A01N 43/14,A01N 43/14,・・・６員環,・・・６員環［３］
uploaded,タイトル変更,A01N 43/16,A01N 43/16,・・・・異項原子として酸素をもつもの,・・・・異項原子として酸素をもつもの［３］
uploaded,タイトル変更,A01N 43/18,A01N 43/18,・・・・異項原子として硫黄をもつもの,・・・・異項原子として硫黄をもつもの［３］
uploaded,タイトル変更,A01N 43/02,A01N 43/02,・・・３または４員環,・・・３または４員環［３］
uploaded,タイトル変更,A01N 43/22,A01N 43/22,・・・７員以上の環,・・・７員以上の環［３］
uploaded,タイトル変更,A01N 43/24,A01N 43/24,・・２個またはそれ以上の異種原子をもつもの,・・２個またはそれ以上の異種原子をもつもの［３］
uploaded,タイトル変更,A01N 43/26,A01N 43/26,・・・５員環,・・・５員環［３］
uploaded,タイトル変更,A01N 43/28,A01N 43/28,・・・・１，３の位置に２個の異種原子をもつもの,・・・・１，３の位置に２個の異種原子をもつもの［３］
uploaded,タイトル変更,A01N 43/03,A01N 43/03,・・・・・１，３の位置に２個の酸素原子をもち炭素環と縮合したもの,・・・・・１，３の位置に２個の酸素原子をもち炭素環と縮合したもの［３］
uploaded,タイトル変更,A01N 43/32,A01N 43/32,・・・６員環,・・・６員環［３］
uploaded,タイトル変更,A01N 43/34,A01N 43/34,・異項原子として１個の窒素原子のみをもつ環を有するもの,・異項原子として１個の窒素原子のみをもつ環を有するもの［３］
uploaded,タイトル変更,A01N 43/36,A01N 43/36,・・５員環,・・５員環［３］
uploaded,タイトル変更,A01N 43/38,A01N 43/38,・・・炭素環と縮合したもの,・・・炭素環と縮合したもの［３］
uploaded,タイトル変更,A01N 43/04,A01N 43/04,・・６員環,・・６員環［３］
uploaded,タイトル変更,A01N 43/04 101 G,A01N 43/04 101 G,・・「図」〔Ａ，Ｂ＝Ｃ，Ｏ，Ｓ，Ｎ〕,・・「図」であって，ＡおよびＢはＣ，Ｏ，ＳまたはＮであるもの
uploaded,タイトル変更,A01N 43/42,A01N 43/42,・・・炭素環と縮合したもの,・・・炭素環と縮合したもの［３］
uploaded,タイトル変更,A01N 43/44,A01N 43/44,・・３または４員環,・・３または４員環［３］
uploaded,タイトル変更,A01N 43/46,A01N 43/46,・・７員以上の環,・・７員以上の環［３］
uploaded,タイトル変更,A01N 43/48,A01N 43/48,・異項原子として２個の窒素原子のみをもつ環を有するもの,・異項原子として２個の窒素原子のみをもつ環を有するもの［３］
uploaded,タイトル変更,A01N 43/05,A01N 43/05,・・１，３―ジアゾール；水素添加１，３―ジアゾール,・・１，３―ジアゾール；水素添加１，３―ジアゾール［３］
uploaded,タイトル変更,A01N 43/05 G,A01N 43/05 G,・・基本骨格として，又は「図」　「図」のＣに結合した他の複素環を有するもの,・・基本骨格として，または「図」　「図」のＣに結合した他の複素環を有するもの
uploaded,タイトル変更,A01N 43/05 L,A01N 43/05 L,「図」（低級アルキルのみのとき，「図」に結合した低級アルキル以外の置換基　あればＡ～Ｋを優先させる）,「図」（Ｃを含む置換基が低級アルキルであって，環窒素原子上に低級アルキル以外の置換基を有するものはＡ０１Ｎ４３／５０Ａ～Ａ０１Ｎ４３／５０Ｋを優先させる）
uploaded,タイトル変更,A01N 43/52,A01N 43/52,・・・炭素環と縮合したもの，例．ベンゾイミダゾール,・・・炭素環と縮合したもの，例．ベンゾイミダゾール［３］
uploaded,タイトル変更,A01N 43/54,A01N 43/54,・・１，３―ジアジン；水素添加１，３―ジアジン,・・１，３―ジアジン；水素添加１，３―ジアジン［３］
uploaded,タイトル変更,A01N 43/56,A01N 43/56,・・１，２―ジアゾール；水素添加１，２―ジアゾール,・・１，２―ジアゾール；水素添加１，２―ジアゾール［３］
uploaded,タイトル変更,A01N 43/56 C,A01N 43/56 C,・「図」低級アルキルＯＲ低級アルケニル,・「図」低級アルキルまたは低級アルケニル
uploaded,タイトル変更,A01N 43/58,A01N 43/58,・・１，２―ジアジン；水素添加１，２―ジアジン,・・１，２―ジアジン；水素添加１，２―ジアジン［３］
uploaded,タイトル変更,A01N 43/58 C,A01N 43/58 C,・環「図」〔環がＮに直接ついたもののみ〕,・環「図」であって，環がＮに直接ついたもの
uploaded,タイトル変更,A01N 43/58 D,A01N 43/58 D,・「図」〔ｎ≧２〕,・「図」であって，ｎが２以上であるもの
uploaded,タイトル変更,A01N 43/58 Z,A01N 43/58 Z,その他のもの〔例．水素添加されたもの〕,その他のもの，例．水素添加されたもの
uploaded,タイトル変更,A01N 43/06,A01N 43/06,・・１，４―ジアジン；水素添加１，４―ジアジン,・・１，４―ジアジン；水素添加１，４―ジアジン［３］
uploaded,タイトル変更,A01N 43/62,A01N 43/62,・・３もしくは４員環または７員以上の環,・・３もしくは４員環または７員以上の環［３］
uploaded,タイトル変更,A01N 43/64,A01N 43/64,・異項原子として３個の窒素原子のみをもつ環を有するもの,・異項原子として３個の窒素原子のみをもつ環を有するもの［３，４］
uploaded,タイトル変更,A01N 43/64 104,A01N 43/64 104,・・水素添加１，３，５－トリアジン，「図」,・・水素添加１，３，５―トリアジン，「図」
uploaded,タイトル変更,A01N 43/647,A01N 43/647,・・トリアゾール；水素添加トリアゾール,・・トリアゾール；水素添加トリアゾール［４］
uploaded,タイトル変更,A01N 43/653,A01N 43/653,・・・１，２，４―トリアゾール；水素添加１，２，４―トリアゾール,・・・１，２，４―トリアゾール；水素添加１，２，４―トリアゾール［４］
uploaded,タイトル変更,A01N 43/653 G,A01N 43/653 G,・・基本骨格として，又は「図」　「図」のＣに結合した他の複素環を有するもの,・・基本骨格として，または「図」　「図」のＣに結合した他の複素環を有するもの
uploaded,タイトル変更,A01N 43/653 L,A01N 43/653 L,「図」〔低級アルキルのみのとき，「図」に結合した低級アルキル以外の置換基あればＡ～Ｋを優先させる〕,「図」（低級アルキルのみのとき，「図」に結合した低級アルキル以外の置換基であればＡ０１Ｎ４３／６５３Ａ～Ｋを優先させる）
uploaded,タイトル変更,A01N 43/653 R,A01N 43/653 R,・「図」〔ｎ≧２〕,・「図」であって，ｎが２以上であるもの
uploaded,タイトル変更,A01N 43/66,A01N 43/66,・・環窒素原子のところで水素添加および置換されていない１，３，５―トリアジン,・・水素添加されておらずかつ環窒素原子のところで置換されていない１，３，５―トリアジン［３］
uploaded,タイトル変更,A01N 43/68,A01N 43/68,・・・環の炭素原子に直接ついた２個または３個の窒素原子をもつもの,・・・環の炭素原子に直接ついた２個または３個の窒素原子をもつもの［３］
uploaded,タイトル変更,A01N 43/07,A01N 43/07,・・・・環の炭素原子に直接ついた，ただ１個の酸素，硫黄またはハロゲン原子，またはただ１個のシアノ，チオシアノ（―ＳＣＮ），シアナト（―ＯＣＮ）またはアジド（―Ｎ↓３）基をもつジアミノ―１，３，５―トリアジン,・・・・環の炭素原子に直接ついた，ただ１個の酸素，硫黄またはハロゲン原子，またはただ１個のシアノ，チオシアノ［―ＳＣＮ］，シアナト［―ＯＣＮ］またはアジド［―Ｎ↓３］基をもつジアミノ―１，３，５―トリアジン［３］
uploaded,タイトル変更,A01N 43/707,A01N 43/707,・・１，２，３―または１，２，４―トリアジン；水素添加１，２，３―または１，２，４―トリアジン,・・１，２，３―または１，２，４―トリアジン；水素添加１，２，３―または１，２，４―トリアジン［４］
uploaded,タイトル変更,A01N 43/713,A01N 43/713,・異項原子として４個またはそれ以上の窒素原子のみをもつ環を有するもの,・異項原子として４個またはそれ以上の窒素原子のみをもつ環を有するもの［４］
uploaded,タイトル変更,A01N 43/72,A01N 43/72,・異項原子として窒素原子および酸素または硫黄原子を有する環をもつもの,・異項原子として窒素原子および酸素または硫黄原子を有する環をもつもの［３］
uploaded,タイトル変更,A01N 43/74,A01N 43/74,・・１個の窒素原子と１個の酸素原子または１個の硫黄原子とを１，３の位置に有する５員環,・・１個の窒素原子と１個の酸素原子または１個の硫黄原子とを１，３の位置に有する５員環［３］
uploaded,タイトル変更,A01N 43/76,A01N 43/76,・・・１，３―オキサゾール；水素添加１，３―オキサゾール,・・・１，３―オキサゾール；水素添加１，３―オキサゾール［３］
uploaded,タイトル変更,A01N 43/76 101,A01N 43/76 101,・・・・ベンゾオキサゾ－ル；水素添加ベンゾオキサゾ－ル，「図」,・・・・ベンゾオキサゾール；水素添加ベンゾオキサゾール，「図」
uploaded,タイトル変更,A01N 43/78,A01N 43/78,・・・１，３―チアゾール；水素添加１，３―チアゾール,・・・１，３―チアゾール；水素添加１，３―チアゾール［３］
uploaded,タイトル変更,A01N 43/78 101,A01N 43/78 101,・・・・ベンゾチアゾ－ル；水素添加ベンゾチアゾ－ル，「図」,・・・・ベンゾチアゾール；水素添加ベンゾチアゾール，「図」
uploaded,タイトル変更,A01N 43/08,A01N 43/08,・・１個の窒素原子と１個の酸素原子または１個の硫黄原子とを１，２の位置に有する５員環,・・１個の窒素原子と１個の酸素原子または１個の硫黄原子とを１，２の位置に有する５員環［３］
uploaded,タイトル変更,A01N 43/08 101,A01N 43/08 101,・・・イソオキサゾ－ル；水素添加イソオキサゾ－ル，「図」,・・・ベンゾチアゾール；水素添加ベンゾチアゾール，「図」
uploaded,タイトル変更,A01N 43/08 102,A01N 43/08 102,・・・イソチアゾ－ル；水素添加イソチアゾ－ル，「図」,・・・イソチアゾール；水素添加イソチアゾール，「図」
uploaded,タイトル変更,A01N 43/08 103,A01N 43/08 103,・・・・サツカリン，「図」,・・・・サッカリン，「図」
uploaded,タイトル変更,A01N 43/82,A01N 43/82,・・３個の異項原子を有する５員環,・・３個の異項原子を有する５員環［３］
uploaded,タイトル変更,A01N 43/84,A01N 43/84,・・１個の窒素原子と１個の酸素原子または１個の硫黄原子とを１，４の位置に有する６員環,・・１個の窒素原子と１個の酸素原子または１個の硫黄原子とを１，４の位置に有する６員環［３］
uploaded,タイトル変更,A01N 43/84 101,A01N 43/84 101,・・・１，４－オキサジン；水素添加１，４－オキサジン，「図」,・・・１，４―オキサジン；水素添加１，４―オキサジン，「図」
uploaded,タイトル変更,A01N 43/84 102,A01N 43/84 102,・・・１，４－チアジン；水素添加１，４－チアジン，「図」,・・・１，４―チアジン；水素添加１，４―チアジン，「図」
uploaded,タイトル変更,A01N 43/86,A01N 43/86,・・１個の窒素原子と１個の酸素原子または１個の硫黄原子とを１，３の位置に有する６員環,・・１個の窒素原子と１個の酸素原子または１個の硫黄原子とを１，３の位置に有する６員環［３］
uploaded,タイトル変更,A01N 43/86 101,A01N 43/86 101,・・・１，３－オキサジン；水素添加１，３－オキサジン，「図」,・・・１，３―オキサジン；水素添加１，３―オキサジン，「図」
uploaded,タイトル変更,A01N 43/86 102,A01N 43/86 102,・・・１，３－チアジン；水素添加１，３－チアジン，「図」,・・・１，３―チアジン；水素添加１，３―チアジン，「図」
uploaded,タイトル変更,A01N 43/88,A01N 43/88,・・３個の異項原子を有する６員環,・・３個の異項原子を有する６員環［３］
uploaded,タイトル変更,A01N 43/88 101,A01N 43/88 101,・・・１，３，５－オキサジアジン；水素添加１，３，５－オキサジアジン，「図」１，３，５－チアジアジン；水素添加１，３，５－チアジアジン,・・・１，３，５―オキサジアジン；水素添加１，３，５―オキサジアジン，「図」１，３，５―チアジアジン；水素添加１，３，５―チアジアジン
uploaded,タイトル変更,A01N 43/88 102,A01N 43/88 102,・・・１，２，４－オキサジアジン；水素添加１，２，４－オキサジアジン，「図」１，２，４－チアジアジン；水素添加１，２，４－チアジアジン,・・・１，２，４―オキサジアジン；水素添加１，２，４―オキサジアジン，「図」１，２，４―チアジアジン；水素添加１，２，４―チアジアジン
uploaded,タイトル変更,A01N 43/88 103,A01N 43/88 103,・・・１，２，３－オキサジアジン；水素添加１，２，３－オキサジアジン，「図」１，２，３－チアジアジン；水素添加１，２，３－チアジアジン,・・・１，２，３―オキサジアジン；水素添加１，２，３―オキサジアジン，「図」１，２，３―チアジアジン；水素添加１，２，３―チアジアジン
uploaded,タイトル変更,A01N 43/88 104,A01N 43/88 104,・・・１，２，６－オキサジアジン；水素添加１，２，６－オキサジアジン，「図」１，２，６－チアジアジン；水素添加１，２，６－チアジアジン,・・・１，２，６―オキサジアジン；水素添加１，２，６―オキサジアジン，「図」１，２，６―チアジアジン；水素添加１，２，６―チアジアジン
uploaded,タイトル変更,A01N 43/88 105,A01N 43/88 105,・・・・２，１，３－ベンゾチアジアジン－４－オン－２，２－ジオキサイド，「図」,・・・・２，１，３―ベンゾチアジアジン―４―オン―２，２―ジオキサイド，「図」
uploaded,タイトル変更,A01N 43/09,A01N 43/09,・相互に，または共通の炭素環系と縮合している２個またはそれ以上の関連する複素環をもつもの,・相互に，または共通の炭素環系と縮合している２個またはそれ以上の関連する複素環をもつもの［３］
uploaded,タイトル変更,A01N 43/92,A01N 43/92,・異項原子として１個またはそれ以上のハロゲン原子をもつ環を有するもの,・異項原子として１個またはそれ以上のハロゲン原子をもつ環を有するもの［３］
uploaded,タイトル変更,A01N 53/00,A01N 53/00,殺生物剤　有害生物忌避剤または誘引剤　または植物生長調節剤であってシクロプロパンカルボン酸またはその誘導体を含むもの,殺生物剤，有害生物忌避剤または誘引剤，または植物生長調節剤であってシクロプロパンカルボン酸またはその誘導体を含むもの［３］
uploaded,タイトル変更,A01N 55/00,A01N 55/00,殺生物剤　有害生物忌避剤または誘引剤　または植物生長調節剤であって　炭素　水素　ハロゲン　酸素　窒素および硫黄以外の元素を有する有機化合物を含むもの（有機リン化合物を含むもの５７／００）,殺生物剤，有害生物忌避剤または誘引剤，または植物生長調節剤であって，炭素，水素，ハロゲン，酸素，窒素および硫黄以外の元素を有する有機化合物を含むもの（有機リン化合物を含むものＡ０１Ｎ５７／００）［３］
uploaded,タイトル変更,A01N 55/02,A01N 55/02,・金属原子をもつもの,・金属を含むもの［３］
uploaded,タイトル変更,A01N 55/04,A01N 55/04,・・すず,・・スズ［３］
uploaded,タイトル変更,A01N 55/06,A01N 55/06,・・水銀,・・水銀［３］
uploaded,タイトル変更,A01N 55/08,A01N 55/08,・ほう素をもつもの,・ホウ素を含むもの［３］
uploaded,タイトル変更,A23B 4/00,A23B 4/00,食肉，ソーセージ，魚または魚製品の一般的保存方法,食肉，ソーセージ，魚または魚製品の一般的保存方法［２］
uploaded,タイトル変更,A23B 4/00 101,A23B 4/00 101,・かん詰又はびん詰によるもの,・かん詰またはびん詰によるもの
uploaded,タイトル変更,A23B 4/00 101 B,A23B 4/00 101 B,形状・構造に特徴のあるもの,形状または構造に特徴のあるもの
uploaded,タイトル変更,A23B 4/02,A23B 4/02,・無機塩類による保存,・無機塩類による保存（そのための装置Ａ２３Ｂ４／２６，Ａ２３Ｂ４／３２）［２］
uploaded,タイトル変更,A23B 4/06,A23B 4/06,・凍結；その後の解凍；冷却,・凍結；その後の解凍；冷却［２］
uploaded,タイトル変更,A23B 4/06 501,A23B 4/06 501,・・冷凍・冷却,・・冷凍；冷却
uploaded,タイトル変更,A23B 4/06 501 A,A23B 4/06 501 A,冷蔵・冷却,冷蔵；冷却
uploaded,タイトル変更,A23B 4/06 501 D,A23B 4/06 501 D,・形状・構造に特徴のあるもの,・形状または構造に特徴のあるもの
uploaded,タイトル変更,A23B 4/06 501 G,A23B 4/06 501 G,冷媒・ブライン,冷媒；ブライン
uploaded,タイトル変更,A23B 4/06 501 H,A23B 4/06 501 H,資材・容器・器具,資材；容器；器具
uploaded,タイトル変更,A23B 4/08,A23B 4/08,・・冷却前または冷却中の化学薬品の添加によるもの,・・冷却前または冷却中の化学薬品を添加するもの［２］
uploaded,タイトル変更,A23B 4/08 C,A23B 4/08 C,・アルコ－ル類,・アルコール類
uploaded,タイトル変更,A23B 4/08 J,A23B 4/08 J,ペプチド・蛋白質,ペプチド；蛋白質
uploaded,タイトル変更,A23B 4/08 K,A23B 4/08 K,微生物・酵素,微生物；酵素
uploaded,タイトル変更,A23B 4/08 L,A23B 4/08 L,グレ－ズ,グレーズ
uploaded,タイトル変更,A23B 4/01,A23B 4/01,・保護層による被覆,・保護層による被覆；組成物またはそのための装置［２］
uploaded,タイトル変更,A23B 4/12,A23B 4/12,・酸による保存；酸醗酵,・酸による保存；酸発酵［２］
uploaded,タイトル変更,A23B 4/14,A23B 4/14,・無機塩または酸以外の化学薬品による保存；,・Ａ２３Ｂ４／０２またはＡ２３Ｂ４／１２に属しない化学薬品による保存［２］
uploaded,タイトル変更,A23B 5/00,A23B 5/00,卵または卵製品の保存（生地またはベイカリイ製品の保存Ａ２１Ｄ）,卵または卵製品の保存
uploaded,タイトル変更,A23B 5/02,A23B 5/02,・乾燥,・乾燥；その後の再生［５］
uploaded,タイトル変更,A23B 5/06,A23B 5/06,・保護層による卵の被覆,・保護層による卵の被覆；組成物またはそのための装置［５］
uploaded,タイトル変更,A23B 7/00,A23B 7/00,果実または野菜の保存または化学的熟成,果実または野菜の保存または化学的熟成［３］
uploaded,タイトル変更,A23B 7/00 101,A23B 7/00 101,・かん詰め，びん詰又は袋詰によるもの,・かん詰め，びん詰または袋詰によるもの
uploaded,タイトル変更,A23B 7/02,A23B 7/02,・脱水；その後の再生,・脱水；その後の再生（調理された乾燥ばれいしょＡ２３Ｌ１９／１２）
uploaded,タイトル変更,A23B 7/03,A23B 7/03,・・生ばれいしょの乾燥（調理された乾燥ばれいしょＡ２３Ｌ１／２１６）,・・生ばれいしょの乾燥
uploaded,タイトル変更,A23B 7/06,A23B 7/06,・ブランチング（そのための機械Ａ２３Ｎ１２／００）,・ブランチング（そのための機械Ａ２３Ｎ１２／００）［３］
uploaded,タイトル変更,A23B 7/08,A23B 7/08,・砂糖による果実の保存（マーマレード，ジャム，フルーツゼリーＡ２３Ｌ１／０６）,・砂糖による保存（マーマレード，ジャム，フルーツゼリーＡ２３Ｌ２１／１０）
uploaded,タイトル変更,A23B 7/01,A23B 7/01,・酸による果実または野菜の保存；酸醗酵,・酸による保存；酸発酵
uploaded,タイトル変更,A23B 7/01 A,A23B 7/01 A,方法〔←梅以外の漬物〕,梅以外の漬物のための方法
uploaded,タイトル変更,A23B 7/01 B,A23B 7/01 B,・母料〔漬床材料〕,・母料，すなわち漬床材料
uploaded,タイトル変更,A23B 7/14,A23B 7/14,・砂糖または酸以外のものによる果実または野菜の保存または熟成,・Ａ２３Ｂ７／０８またはＡ２３Ｂ７／１０に属しない化学薬品による保存または熟成
uploaded,タイトル変更,A23B 7/144,A23B 7/144,・・ガスを使用するもの（雰囲気の組成を制御しないで冷却するもの７／０４）,・・ガス状態のもの，例．燻蒸；組成物またはそのための装置［３，５］
uploaded,タイトル変更,A23B 7/148,A23B 7/148,・・・ＣＯ    ，Ｎ    ，Ｏ    またはＨ    Ｏのみからなる制御された雰囲気，例．減圧，中で行うもの,・・・ＣＯ↓２，Ｎ↓２，Ｏ↓２またはＨ↓２Ｏのみからなる制御された雰囲気，例．減圧，中で行うもの［３］
uploaded,タイトル変更,A23B 7/152,A23B 7/152,・・・ＣＯ    ，Ｎ    ，Ｏ    またはＨ    Ｏに他のガスを加えたものからなる制御された雰囲気中で行うもの,・・・ＣＯ↓２，Ｎ↓２，Ｏ↓２またはＨ↓２Ｏに他のガスを加えたものからなる制御された雰囲気中で行うもの［３］
uploaded,タイトル変更,A23B 7/16,A23B 7/16,・保護層による果実または野菜の被覆（７／０８が優先）,・保護層による被覆；組成物またはそのための装置（Ａ２３Ｂ７／０８が優先）［５］
uploaded,タイトル変更,A23G 1/08,A23G 1/08,・・ココアバターの圧搾機（液体含有物質から液体を絞り出すためのプレス一般Ｂ３０Ｂ）,・・カカオバターの圧搾機（液体含有物質から液体を絞り出すためのプレス一般Ｂ３０Ｂ）
uploaded,タイトル変更,A23G 1/21,A23G 1/21,・・・空洞のある製品，開放型の外皮，またはその他の空所，例，解放空所のあるものを成形するための装置［３］［７］,・・・空洞のある製品，開放型の外皮，またはその他の空所，例．解放空所のあるものを成形するための装置［３，７］
uploaded,タイトル変更,A23G 1/22,A23G 1/22,・・・チョコレートの成形型（１／２１が優先）［３］,・・・チョコレートの成形型（Ａ２３Ｇ１／２１が優先）［３］
uploaded,タイトル変更,A23G 1/24,A23G 1/24,・・・タッピングテーブルまたは揺動テーブル,・・・タッピングテーブルまたは揺動テーブル［１，７］
uploaded,タイトル変更,A23G 1/26,A23G 1/26,・・・チョコレート型を運搬する装置,・・・チョコレート型を運搬する装置［１，７］
uploaded,タイトル変更,A23G 1/28,A23G 1/28,・・・型からチョコレートを抜き出す装置（焼上品を焼型より取離すものＡ２１Ｂ３／１８）,・・・型からチョコレートを抜き出す装置（焼上品を焼型より取離すものＡ２１Ｂ３／１８）［１，７］
uploaded,タイトル変更,A23G 3/00,A23G 3/00,糖菓；菓子；マジパン；被覆物または詰物製品,糖菓；菓子；マジパン；被覆物または詰物製品（チュウインガムＡ２３Ｇ４／００）［１，８］
uploaded,タイトル変更,A23G 3/32,A23G 3/32,・カラメルまたはシュガーカラーの調製方法（食品の着色または味付けＡ２３Ｌ１／２７）,・カラメルまたはシュガーカラーの調製方法（食品の着色Ａ２３Ｌ５／４０；味付けＡ２３Ｌ２７／１０）
uploaded,タイトル変更,A23G 9/08,A23G 9/08,・・バッチ式製造（連続製造９／１４）［２］,・・バッチ式製造（連続製造Ａ２３Ｇ９／１４）［２］
uploaded,タイトル変更,A23G 9/14,A23G 9/14,・・連続製造（９／２０が優先）［２］,・・連続製造（Ａ２３Ｇ９／２０が優先）［２］
uploaded,タイトル変更,A23L 2/00,A23L 2/00,非アルコール性飲料；その乾燥組成物；それらの調製（発酵ジュースＣ１２Ｇ）,非アルコール性飲料；その乾燥組成物または濃縮物；それらの調製（スープ濃縮液Ａ２３Ｌ２３／１０；アルコールの除去による非アルコール飲料の製造Ｃ１２Ｈ３／００）［２］
uploaded,タイトル変更,A23L 2/00 A,A23L 2/00 A,品質改善一般〔例．固形ゼリ－入，カプセル体添加，酸素注入，消泡〕,品質改善一般，例．固形ゼリー入，カプセル体添加，酸素注入または消泡
uploaded,タイトル変更,A23L 2/00 B,A23L 2/00 B,・風味〔←苦味〕,・風味，例．苦味
uploaded,タイトル変更,A23L 2/00 F,A23L 2/00 F,・栄養強化，改善〔例．ビヒダス菌，食物センイ，薬効物，減塩〕,・栄養強化，改善，例．ビヒダス菌，食物センイ，薬効物または減塩
uploaded,タイトル変更,A23L 2/00 G,A23L 2/00 G,・栄養価の低下〔低カロリ－化〕,・栄養価の低下，すなわち低カロリー化
uploaded,タイトル変更,A23L 2/00 H,A23L 2/00 H,・アルコ－ルの低下，除去,・アルコールの低下，除去
uploaded,タイトル変更,A23L 2/00 J,A23L 2/00 J,・タンパク・ペプタイド液〔飲料原料として〕〔タンパク飲料一般〕,・タンパク液またはペプタイド液，すなわちタンパク飲料一般
uploaded,タイトル変更,A23L 2/00 K,A23L 2/00 K,・混濁防止，清澄〔濾過〕,・混濁防止，清澄，例．濾過
uploaded,タイトル変更,A23L 2/00 N,A23L 2/00 N,保存一般〔殺菌，品質保持，冷凍，冷却〕,保存一般，例．殺菌，品質保持，冷凍または冷却
uploaded,タイトル変更,A23L 2/00 Q,A23L 2/00 Q,粉末化〔粉末飲料一般〕,粉末化
uploaded,タイトル変更,A23L 2/00 S,A23L 2/00 S,泡立て〔組成物→Ａ２３Ｌ２／４０〕,泡立て（組成物Ａ２３Ｌ２／４０）
uploaded,タイトル変更,A23L 2/00 T,A23L 2/00 T,炭酸飲料一般〔品質改善一般→Ａ〕〔炭酸水の製造→Ｂ０１Ｆ,炭酸飲料一般（品質改善一般Ａ２３Ｌ２／００Ａ，炭酸水の製造Ｂ０１Ｆ）
uploaded,タイトル変更,A23L 2/00 V,A23L 2/00 V,飲料に適した水〔例．アルカリイオン水〕,飲料に適した水，例．アルカリイオン水
uploaded,タイトル変更,A23L 2/00 W,A23L 2/00 W,形態・包装に特徴があるもの,形態または包装に特徴があるもの
uploaded,タイトル変更,A23L 2/00 X,A23L 2/00 X,飲料の分配・移送に特徴があるもの,飲料の分配または移送に特徴があるもの
uploaded,タイトル変更,A23L 2/02,A23L 2/02,・果実または野菜ジュースを含有するもの,・果実または野菜ジュースを含有するもの［２］
uploaded,タイトル変更,A23L 2/02 A,A23L 2/02 A,果実ジユ－スを含有するもの,果実ジュースを含有するもの
uploaded,タイトル変更,A23L 2/02 E,A23L 2/02 E,野菜ジユ－スを含有するもの,野菜ジュースを含有するもの
uploaded,タイトル変更,A23L 2/02 Z,A23L 2/02 Z,その他〔Ａと，Ｅ共通のもの〕,その他
uploaded,タイトル変更,A23L 2/04,A23L 2/04,・・ジュースの抽出（ジュースを抽出する機械または装置Ａ２３Ｎ１／００，Ａ４７Ｊ１９／００）,・・ジュースの抽出（ジュースを抽出する機械または装置Ａ２３Ｎ１／００，Ａ４７Ｊ１９／００）［２］
uploaded,タイトル変更,A23L 2/06,A23L 2/06,・・・かんきつ類果実からの,・・・かんきつ類果実からの抽出［２］
uploaded,タイトル変更,A23L 2/08,A23L 2/08,・・ジュースの濃縮または乾燥,・・ジュースの濃縮または乾燥［２］
uploaded,タイトル変更,A23L 2/01,A23L 2/01,・・・加熱あるいは乾燥ガスとの接触によるもの,・・・加熱あるいは乾燥ガスとの接触によるもの［２］
uploaded,タイトル変更,A23L 2/12,A23L 2/12,・・・凍結によるもの,・・・凍結によるもの［２］
uploaded,タイトル変更,A23L 2/14,A23L 2/14,・・・・及び昇華によるもの,・・・・凍結及び昇華によるもの［２］
uploaded,タイトル変更,A23L 2/38,A23L 2/38,・他の非アルコール性飲料またはその粉末（乳製品Ａ２３Ｃ；コーヒー，茶またはこれらの代用品Ａ２３Ｆ；アルコール性飲料Ｃ１２Ｇ）,・その他の非アルコール飲料［２，６］
uploaded,タイトル変更,A23L 2/38 C,A23L 2/38 C,穀類・ハト麦以外の植物質原料，及び微生物原料〔酢の利用に特徴→Ｒ，アルコ－ルの除去，低下に特徴→Ｓ〕,穀類またはハト麦以外の植物質原料および微生物原料（酢の利用に特徴があるものＡ２３Ｌ２／３８Ｒ，アルコールの除去，低下に特徴があるものＡ２３Ｌ２／３８Ｓ）
uploaded,タイトル変更,A23L 2/38 D,A23L 2/38 D,・蛋白・油脂原料植物〔例．大豆〕,・蛋白または油脂原料植物，例．大豆
uploaded,タイトル変更,A23L 2/38 F,A23L 2/38 F,・藻類〔例．クロレラ，海藻類〕,・藻類，例．クロレラ，海藻類
uploaded,タイトル変更,A23L 2/38 H,A23L 2/38 H,・・キノコ〔子実体〕,・・キノコ，すなわち子実体
uploaded,タイトル変更,A23L 2/38 J,A23L 2/38 J,穀類・ハト麦〔酢の利用に特徴→Ｒ，アルコ－ルの除去，低下に特徴→Ｓ〕,穀類またはハト麦（酢の利用に特徴があるものＡ２３Ｌ２／３８Ｒ，アルコールの除去，低下に特徴があるものＡ２３Ｌ２／３８Ｓ）
uploaded,タイトル変更,A23L 2/38 L,A23L 2/38 L,・・麦茶，麦茶原料〔ハトムギ→Ｋ〕,・・麦茶，麦茶原料（ハトムギＡ２３Ｌ２／３８Ｋ）
uploaded,タイトル変更,A23L 2/38 N,A23L 2/38 N,動物質原料〔酢の利用に特徴→Ｒ，アルコ－ルの除去，低下に特徴→Ｓ〕,動物質原料（酢の利用に特徴があるものＡ２３Ｌ２／３８Ｒ，アルコールの除去，低下に特徴があるものＡ２３Ｌ２／３８Ｓ）
uploaded,タイトル変更,A23L 2/38 S,A23L 2/38 S,アルコ－ルの除去，低下に特徴があるもの,アルコールの除去，低下に特徴があるもの
uploaded,タイトル変更,A23L 2/04,A23L 2/04,・泡を発生する組成物,・泡を発生する組成物［２］
uploaded,タイトル変更,A45D 26/00,A45D 26/00,髪の端部を焦がす装置；余分な髪を除く装置，例．毛抜き（電気手術装置を使う脱毛Ａ４５Ｄ１８／０４，Ａ４５Ｄ１８／１８）,髪の端部を焦がす装置；余分な髪を除く装置，例．毛抜き（電気手術装置を使う脱毛Ａ６１Ｂ１８／０４，Ａ６１Ｂ１８／１８）
uploaded,タイトル変更,A45D 26/00 C,A45D 26/00 C,・・ピンセツト形のもの,・・ピンセット形のもの
uploaded,タイトル変更,A45D 26/00 H,A45D 26/00 H,脱毛ワツクス,脱毛ワックス
uploaded,タイトル変更,A45D 26/00 J,A45D 26/00 J,・シ－ト状のもの,・シート状のもの
uploaded,タイトル変更,A45D 26/00 K,A45D 26/00 K,サンドペ－パ等,サンドペーパ等
uploaded,タイトル変更,A61C 1/02 E,A61C 1/02 E,電気的駆動制御〔電動モ－タ内蔵型　１／０６〕,電気的駆動制御（電動モータ内蔵型　Ａ６１Ｃ１／０６）
uploaded,タイトル変更,A61C 1/05 A,A61C 1/05 A,エアモ－タ,エアモータ
uploaded,タイトル変更,A61C 1/08 C,A61C 1/08 C,ハンドピ－スと供給管との連結,ハンドピースと供給管との連結
uploaded,タイトル変更,A61C 1/08 S,A61C 1/08 S,ハンドピ－ス用補助具〔例，工具交換用，給油用，消毒用〕,ハンドピース用補助具，例．工具交換用，給油用，消毒用
uploaded,タイトル変更,A61C 1/14 A,A61C 1/14 A,アングル型チヤツク機構,アングル型チャック機構
uploaded,タイトル変更,A61C 1/14 Z,A61C 1/14 Z,その他の工事保持具〔例ストレ－ト型等〕,その他の工具保持具，例．ストレート型
uploaded,タイトル変更,A61M 16/00 305 C,A61M 16/00 305 C,吸気時のみガスが供給されるもの〔ただし換気量を調節するものはＡ６１Ｍ１６／００３１５に分類する〕,吸気時のみガスが供給されるもの（ただし換気量を調節するものはＡ６１Ｍ１６／００　３１５に分類する）
uploaded,タイトル変更,A61M 16/00 311,A61M 16/00 311,・・・無呼吸患者のためのもの即ち蘇生装置（手動による蘇生器１６／００３９０）,・・・無呼吸患者のためのもの即ち蘇生装置（手動による蘇生器１６／００　３９０）
uploaded,タイトル変更,A61M 16/00 328 B,A61M 16/00 328 B,自発呼吸と他のモ－ド〔自発呼吸と他のモ－ドの重畳はＡ６１Ｍ１６／００３２０〕,自発呼吸と他のモ－ド（自発呼吸と他のモ－ドの重畳はＡ６１Ｍ１６／００　３２０）
uploaded,タイトル変更,A63C 9/00,A63C 9/00,スキービンディング,スキービンディング［１，２０１２．０１］
uploaded,タイトル変更,A63C 9/02,A63C 9/02,・回転底板または回転部分を有する自動的に開放しないビンディング，すなわちエレフゼンタイプ,・回転底板または回転部分を有する自動的に開放しないビンディング，すなわちエレフゼンタイプ［１，２０１２．０１］
uploaded,タイトル変更,A63C 9/04,A63C 9/04,・自動的に解放しないひも式のビンディング,・自動的に解放しないひも式のビンディング［１，２０１２．０１］
uploaded,タイトル変更,A63C 9/06,A63C 9/06,・スキーの前端に固定され踵と係合する自動的に解放しないケーブルビンディング,・スキーの前端に固定され踵と係合する自動的に解放しないケーブルビンディング［１，２０１２．０１］
uploaded,タイトル変更,A63C 9/08,A63C 9/08,・事故の場合自動的にはずれるもの，すなわち安全ビンディング,・事故の場合自動的にはずれるもの，すなわち安全ビンディング［１，２０１２．０１］
uploaded,タイトル変更,A63C 9/08 C,A63C 9/08 C,スキ－板上に滑り部材を有する安全締具,スキー板上に滑り部材を有する安全締具
uploaded,タイトル変更,A63C 9/081,A63C 9/081,・・回転底板を有するもの,・・回転底板を有するもの［１，２０１２．０１］
uploaded,タイトル変更,A63C 9/082,A63C 9/082,・・回転踵板を有するもの,・・回転踵板を有するもの［１，２０１２．０１］
uploaded,タイトル変更,A63C 9/083,A63C 9/083,・・ゆるめることができる紐を有するもの,・・ゆるめることができる紐を有するもの［１，２０１２．０１］
uploaded,タイトル変更,A63C 9/084,A63C 9/084,・・踵固定具を有するもの，例．スウインガブル,・・踵固定具を有するもの，例．スウインガブル［１，２０１２．０１］
uploaded,タイトル変更,A63C 9/085,A63C 9/085,・・靴底固定具を有するもの，例．スウインガブル,・・靴底固定具を有するもの，例．スウインガブル［１，２０１２．０１］
uploaded,タイトル変更,A63C 9/086,A63C 9/086,・・使用者の靴に取付けられ，スキービンディングからとりはずせる部品を使用するもの,・・使用者の靴に取付けられ，スキービンディングからとりはずせる部品を使用するもの［１，２０１２．０１］
uploaded,タイトル変更,A63C 9/088,A63C 9/088,・・電子的に制御された係止装置を有するもの［４］,・・電子的に制御された係止装置を有するもの［４，２０１２．０１］
uploaded,タイトル変更,A63C 9/01,A63C 9/01,・自動的に解放しない爪先ばさみ金具；一体に作られた自動的に解放しないビンディングのフック,・自動的に解放しない爪先ばさみ金具；一体に作られた自動的に解放しないビンディングのフック［１，２０１２．０１］
uploaded,タイトル変更,A63C 9/12,A63C 9/12,・自動的に解放しない弾性ヒールストラップ,・自動的に解放しない弾性ヒールストラップ［１，２０１２．０１］
uploaded,タイトル変更,A63C 9/14,A63C 9/14,・ヒールストラップを有しないが側面ガイドと爪先紐の両方を有する自動的に解放しないビンディング,・ヒールストラップを有しないが側面ガイドと爪先紐の両方を有する自動的に解放しないビンディング［１，２０１２．０１］
uploaded,タイトル変更,A63C 9/16,A63C 9/16,・紐を有せず側面ガイドを有する自動的に解放しないビンディング,・紐を有せず側面ガイドを有する自動的に解放しないビンディング［１，２０１２．０１］
uploaded,タイトル変更,A63C 9/18,A63C 9/18,・ヒールストラップを有しないがビンディングの前端または後方に留め金装置を配置した自動的に解放しないビンディング,・ヒールストラップを有しないがビンディングの前端または後方に留め金装置を配置した自動的に解放しないビンディング［１，２０１２．０１］
uploaded,タイトル変更,A63C 9/02,A63C 9/02,・爪先紐の代りに特殊な靴底保持具を有する，自動的に解放しないビンディング,・爪先紐の代りに特殊な靴底保持具を有する，自動的に解放しないビンディング［１，２０１２．０１］
uploaded,タイトル変更,A63C 9/22,A63C 9/22,・爪先留め金の調節装置,・爪先留め金の調節装置［１，２０１２．０１］
uploaded,タイトル変更,A63C 9/24,A63C 9/24,・スキービンディングの締付具（自動的にはずれるスキービンディングの締付具Ａ６３Ｃ９／０８）,・スキービンディングの締付具（自動的にはずれるスキービンディングの締付具Ａ６３Ｃ９／０８）［１，２０１２．０１］
uploaded,タイトル変更,A63F 5/00,A63F 5/00,ルーレット・ゲーム（２次元以上の表示ができるディスプレイを用いた電子ゲームに関するものＡ６３Ｆ１３／００）［１，７］,ルーレットゲーム（２次元以上の表示ができるディスプレイを用いた電子ゲームに関するものＡ６３Ｆ１３／００）［１，７］
uploaded,タイトル変更,A63F 5/00 C,A63F 5/00 C,・円盤〔筒〕の停止位置の検知によるもの,・円盤または筒の停止位置の検知によるもの
uploaded,タイトル変更,A63F 5/00 D,A63F 5/00 D,他の装置〔ゲーム〕との結合および兼用,他の装置，例．ゲーム装置，との結合および兼用
uploaded,タイトル変更,A63F 5/04,A63F 5/04,・ディスクルーレット；ダイアルルーレット；指回し小こま；さいころ表示をするこま,・ディスクルーレット；ダイヤルルーレット；指回し小こま；さいころ表示をするこま
uploaded,タイトル変更,A63F 5/04 501 E,A63F 5/04 501 E,砂等特殊な駆動手段を有するもの,特殊な駆動手段，例．砂または風力，を有するもの
uploaded,タイトル変更,A63F 5/04 502 C,A63F 5/04 502 C,駆動、停止,駆動；停止
uploaded,タイトル変更,A63F 5/04 511,A63F 5/04 511,・・ダイアル［ドラム，ベルト］ルーレット,・・ダイヤルルーレット，例．ドラムルーレットまたはベルトルーレット
uploaded,タイトル変更,A63F 5/04 511 D,A63F 5/04 511 D,ＣＲＴ・ＬＣＤ,ＣＲＴ；ＬＣＤ
uploaded,タイトル変更,A63F 5/04 511 F,A63F 5/04 511 F,表示体の配置、配列,表示体の配置または配列
uploaded,タイトル変更,A63F 5/04 512,A63F 5/04 512,・・・複数個のダイアル使用,・・・複数個のダイヤル使用
uploaded,タイトル変更,A63F 5/04 512 A,A63F 5/04 512 A,遊戯者用操作手段,遊技者用操作手段
uploaded,タイトル変更,A63F 5/04 512 C,A63F 5/04 512 C,遊戯機の配置、構造,遊技機の配置または構造
uploaded,タイトル変更,A63F 5/04 512 D,A63F 5/04 512 D,報知、表示（絵柄の表示は５１１）,報知；表示（絵柄の表示Ａ６３Ｆ５／０４　５１１）
uploaded,タイトル変更,A63F 5/04 512 H,A63F 5/04 512 H,遊戯媒体［メダル、コイン、球等］の取扱い,遊技媒体，例．メダル，コインまたは球，の取扱い
uploaded,タイトル変更,A63F 5/04 512 J,A63F 5/04 512 J,・媒体検知、計数（単独の計数装置は５１２＠Ｔ）,・媒体検知；計数（単独の計数装置Ａ６３Ｆ５／０４　５１２Ｔ）
uploaded,タイトル変更,A63F 5/04 512 K,A63F 5/04 512 K,・遊戯機内での取扱い（賞により払出すものは５１６＠Ｃ）,・遊技機内での取扱い（賞により払出すものＡ６３Ｆ５／０４　５１６Ｃ）
uploaded,タイトル変更,A63F 5/04 512 L,A63F 5/04 512 L,・遊戯機外での取扱い,・遊技機外での取扱い
uploaded,タイトル変更,A63F 5/04 512 P,A63F 5/04 512 P,・排出（賞により払出すものは５１６＠Ｃ）,・排出（賞により払出すものＡ６３Ｆ５／０４　５１６Ｃ）
uploaded,タイトル変更,A63F 5/04 512 V,A63F 5/04 512 V,遊戯媒体として球を使用するもの,遊技媒体として球を使用するもの
uploaded,タイトル変更,A63F 5/04 512 W,A63F 5/04 512 W,複数種類の遊戯媒体を使用するもの,複数種類の遊技媒体を使用するもの
uploaded,タイトル変更,A63F 5/04 514 B,A63F 5/04 514 B,複数爪〔歯車〕で停止させるもの,複数爪，例．歯車，で停止させるもの
uploaded,タイトル変更,A63F 5/04 515 A,A63F 5/04 515 A,デジタル値〔重み付のある〕で読み取るもの,重み付のあるデジタル値で読み取るもの
uploaded,タイトル変更,A63F 5/04 515 B,A63F 5/04 515 B,ドット数を計数するもの〔カウント式〕,ドット数を計数するもの，すなわちカウント式
uploaded,タイトル変更,A63F 5/04 516 B,A63F 5/04 516 B,賞により駆動、停止手段に作用するもの,賞により駆動，停止手段に作用するもの
uploaded,タイトル変更,A63F 5/04 516 C,A63F 5/04 516 C,賞コイン〔球〕の払出,賞コインまたは賞球の払出
uploaded,タイトル変更,B01J 21/18 Z,B01J 21/18 Z,〔有機合成用触媒及びその製造〕,その他〔有機合成用触媒及びその製造〕
uploaded,タイトル変更,B23K 9/02,B23K 9/02,・シーム溶接；裏あて方法；インサート,・シーム溶接；裏当て手段；インサート
uploaded,タイトル変更,B23K 11/08,B23K 11/08,・先行するサブクラスの１つに限定されないシーム溶接,・先行するサブグループの１つに限定されないシーム溶接
uploaded,タイトル変更,B23K 37/08,B23K 37/08,・フラッシュ除去のためのもの［５］,・ばり取りのためのもの［５］
uploaded,タイトル変更,B24B 33/06,B24B 33/06,・制御または計測装置をもつもの）,・制御または計測装置をもつもの
uploaded,タイトル変更,B29C 44/00 Z,B29C 44/00 Z,その他の内部圧による成形,その他
uploaded,タイトル変更,B43K 23/00 300 J,B43K 23/00 300 J,棒状体の押出作用による繰出すもの,棒状体の押出作用により繰出すもの
uploaded,タイトル変更,B60K 17/03 C,B60K 17/03 C,乗用車用〔←自動車の推道軸装置〕,乗用車用〔←自動車の推進軸装置〕
uploaded,タイトル変更,B60K 17/344 D,B60K 17/344 D,・・エンジン横置式によるもの〔←ワンウエイクラツチ式４輪駆動車，４釣駆動車のパワ－トレイン構造〕,・・エンジン横置式によるもの〔←ワンウエイクラツチ式４輪駆動車，４輪駆動車のパワ－トレイン構造〕
uploaded,タイトル変更,B60K 20/02 B,B60K 20/02 B,ブ－ツ〔←ギヤシフトレバ－のカバ－構造，レフトレバ－のシ－ル構造〕,ブ－ツ〔←ギヤシフトレバ－のカバ－構造，シフトレバ－のシ－ル構造〕
uploaded,タイトル変更,B60Q 7/00,B60Q 7/00,携帯用急警報装置の車両への配置または適用,携帯用危急警報装置の車両への配置または適用
uploaded,タイトル変更,B67B 1/00,B67B 1/00,栓によるびん，広口びんまたは類似の容器の密閉（栓それ自体Ｂ６５Ｄ３９／００）,栓によるびん，広口びんまたは類似の容器の閉鎖（栓それ自体Ｂ６５Ｄ３９／００）
uploaded,タイトル変更,B67B 1/01,B67B 1/01,・円板状閉蓋具の挿入によるもの［６］,・円板状閉鎖具の挿入によるもの［６］
uploaded,タイトル変更,B67B 3/00,B67B 3/00,蓋によるびん，広口または類似の容器の密閉（蓋それ自体Ｂ６５Ｄ４１／００）,キャップの装着によるびん，広口または類似の容器の閉鎖（キャップそれ自体Ｂ６５Ｄ４１／００）
uploaded,タイトル変更,B67B 3/06,B67B 3/06,・・キャップイングヘッドのキャップの送り,・・キャッピングヘッドのキャップの送り
uploaded,タイトル変更,B67B 3/16,B67B 3/16,・・・弾性変形部材，例．弾性スリーブまたはカラーを有することに特徴があるもの（Ｂ６７Ｂ３／１８が優先）［５］,・・・弾性変形部材，例．弾性スリーブまたはカラー，を有することに特徴があるもの（Ｂ６７Ｂ３／１８が優先）［５］
uploaded,タイトル変更,B67B 3/02,B67B 3/02,・あらかじめ形式されたねじ蓋を回転することにより密封するもの（弾性変形手段により所定の箇所にねじを形成するものＢ６７Ｂ３／１６，回転キャップイングヘッドによるものＢ６７Ｂ３／１８）［５］,・あらかじめ形式されたねじキャップを適用し回転することによるもの（弾性変形部材によりねじ山を所定の位置に形成するものＢ６７Ｂ３／１６，回転キャッピングヘッドによるものＢ６７Ｂ３／１８）［５］
uploaded,タイトル変更,B67B 5/00,B67B 5/00,閉蓋具への保護または装飾カバーの適用；針金によりびんの閉蓋具を固定するための装置（びんに定着させる手段をもつ幼児への哺乳用乳首Ａ６１Ｊ１１／０４）［６］,閉鎖具への保護または装飾カバーの適用；針金によりびんの閉鎖具を固定するための装置（びんに定着させる手段をもつ幼児への哺乳用乳首Ａ６１Ｊ１１／０４）［６］
uploaded,タイトル変更,B67B 5/03,B67B 5/03,・閉蓋具に対する保護または装飾カバーの適用，例．現場で形成することによるもの［３］,・閉鎖具に対する保護または装飾カバーの適用，例．所定の位置に形成することによるもの［３］
uploaded,タイトル変更,B67B 5/06,B67B 5/06,・針金によりびんの閉蓋具を固定するための装置（Ｂ６７Ｂ１／０８が優先）,・針金によりびんの閉鎖具を固定するための装置（Ｂ６７Ｂ１／０８が優先）
uploaded,タイトル変更,B67B 6/00,B67B 6/00,密閉部材によるびん、広口びんまたは類似の容器の密閉で、グループＢ６７Ｂ１／００～Ｂ６７Ｂ５／００に分類されないもの［２００９．０１］,閉鎖部材によるびん、広口びんまたは類似の容器の閉鎖で、グループＢ６７Ｂ１／００～Ｂ６７Ｂ５／００に分類されないもの［２００９．０１］
uploaded,タイトル変更,B67B 7/00,B67B 7/00,密閉容器を開けるための手動または動力装置（釘の引抜具または引出具Ｂ２５Ｃ１１／００；容器または容器閉鎖具に取り付けられたまたは組み込まれたものＢ６５Ｄ）,閉鎖容器をあけるための手動または動力装置（釘の引抜具または引出具Ｂ２５Ｃ１１／００；容器または容器閉鎖具に取り付けられたまたは組み込まれたものＢ６５Ｄ）
uploaded,タイトル変更,B67C 3/26,B67C 3/26,・・・充てん頭部；びんの首部に充てん頭部を嵌合させる装置,・・・充てんヘッド；びんの首部に充てんヘッドを係合させる装置
uploaded,タイトル変更,C12H 1/00,C12H 1/00,アルコール飲料の低温殺菌，殺菌，保存，精製，清澄または熟成（香気成分添加による熟成Ｃ１２Ｇ３／０６）,アルコール飲料の低温殺菌，殺菌，保存，精製，清澄または熟成
uploaded,タイトル変更,C30B 29/04 B,C30B 29/04 B,・プラズマを生成させるもの〔Ｃ～Ｆ以外のもの又はプラズま生成手段を特定していないもの〕,・プラズマを生成させるもの〔Ｃ～Ｆ以外のものまたはプラズマ生成手段を特定していないもの〕
uploaded,タイトル変更,D06P 1/00,D06P 1/00,使用する染料，顔料あるいは助剤により分類された繊維製品の染色またはなっ染の一般的方法または皮革，毛皮または種々の形態の固体状高分子物質における染色の一般的方法,使用する染料，顔料あるいは助剤により分類された繊維製品の染色または捺染の一般的方法または皮革，毛皮または種々の形態の固体状高分子物質における染色の一般的方法
uploaded,タイトル変更,D06P 1/00 A,D06P 1/00 A,特定染料による（１／０２－１／３８４以外）,特定染料による，すなわちＤ０６Ｐ１／０２からＤ０６Ｐ１／３８４に分類されないもの
uploaded,タイトル変更,D06P 1/00 F,D06P 1/00 F,・・スチルベソ－トリアジン系染料,・・スチルベン－トリアジン系染料
uploaded,タイトル変更,D06P 1/00 G,D06P 1/00 G,・ジアゾ－ル系染料,・ジアゾール系染料
uploaded,タイトル変更,D06P 1/00 H,D06P 1/00 H,・トリアゾ－ル系染料,・トリアゾール系染料
uploaded,タイトル変更,D06P 1/00 K,D06P 1/00 K,・オキサゾ－ル系染料,・オキサゾール系染料
uploaded,タイトル変更,D06P 1/02,D06P 1/02,・アゾ染料を用いるもの（１／１８，１／３８，１／３９，１／４１が優先）,・アゾ染料を用いるもの（Ｄ０６Ｐ１／１８，Ｄ０６Ｐ１／３８，Ｄ０６Ｐ１／３９，Ｄ０６Ｐ１／４１が優先）［２］
uploaded,タイトル変更,D06P 1/13,D06P 1/13,・アゾメチン染料を用いるもの「２」,・アゾメチン染料を用いるもの［２］
uploaded,タイトル変更,D06P 1/14,D06P 1/14,・建て染めでないフタロシアニン染料を用いるもの（１／３８，１／４０が優先）,・建染め染料でないフタロシアニン染料を用いるもの（Ｄ０６Ｐ１／３８，Ｄ０６Ｐ１／４０が優先）
uploaded,タイトル変更,D06P 1/19,D06P 1/19,・・ニトロ染料「２」,・・ニトロ染料［２］
uploaded,タイトル変更,D06P 1/22,D06P 1/22,・建て染め染料を用いるもの,・建染め染料を用いるもの
uploaded,タイトル変更,D06P 1/28,D06P 1/28,・・建て染め染料のエステル,・・建染め染料のエステル
uploaded,タイトル変更,D06P 1/03 A,D06P 1/03 A,建染染料,建染め染料
uploaded,タイトル変更,D06P 1/382,D06P 1/382,・・反応基が直接複素環式基に付加しているもの「２」,・・反応基が直接複素環式基に付加しているもの［２］
uploaded,タイトル変更,D06P 1/384,D06P 1/384,・・反応基が直接複素環式基に付加していないもの「２」,・・反応基が直接複素環式基に付加していないもの［２］
uploaded,タイトル変更,D06P 1/39,D06P 1/39,・酸性染料を用いるもの「２」,・酸性染料を用いるもの［２］
uploaded,タイトル変更,D06P 1/41,D06P 1/41,・塩基性染料を用いるもの「２」,・塩基性染料を用いるもの［２］
uploaded,タイトル変更,D06P 1/44,D06P 1/44,・不溶性顔料または助剤，例．結合剤，を用いるもの「２」,・不溶性顔料または助剤，例．結合剤，を用いるもの［２］
uploaded,タイトル変更,D06P 1/44 A,D06P 1/44 A,無機溶融浴又は無機溶剤染色,無機溶融浴または無機溶剤染色
uploaded,タイトル変更,D06P 1/44 F,D06P 1/44 F,・・特定バインダ－,・・特定バインダー
uploaded,タイトル変更,D06P 1/44 K,D06P 1/44 K,・・・・自己架橋性モノマ－,・・・・自己架橋性モノマー
uploaded,タイトル変更,D06P 1/44 M,D06P 1/44 M,・・・有機珪素,・・・有機ケイ素
uploaded,タイトル変更,D06P 1/52,D06P 1/52,・・合成高分子物質を含有する組成物を用いるもの（１／６０が優先）,・・合成高分子物質を含有する組成物を用いるもの（Ｄ０６Ｐ１／６０が優先）
uploaded,タイトル変更,D06P 1/607,D06P 1/607,・・・窒素含有ポリエーテル「２」,・・・窒素含有ポリエーテル［２］
uploaded,タイトル変更,D06P 1/613,D06P 1/613,・・・窒素を含まないポリエーテル「２」,・・・窒素を含まないポリエーテル［２］
uploaded,タイトル変更,D06P 1/642,D06P 1/642,・・・窒素含有化合物「２」,・・・窒素含有化合物［２］
uploaded,タイトル変更,D06P 1/645,D06P 1/645,・・・・アミノ基を含有する脂肪族，芳香脂肪族または環式脂肪族化合物「２」,・・・・アミノ基を含有する脂肪族，芳香脂肪族または環式脂肪族化合物［２］
uploaded,タイトル変更,D06P 1/647,D06P 1/647,・・・・窒素含有カルボン酸またはその塩「２」,・・・・窒素含有カルボン酸またはその塩［２］
uploaded,タイトル変更,D06P 1/649,D06P 1/649,・・・・カルボンアミド，チオカルボンアミドまたはグアニル基を含有する化合物「２」,・・・・カルボンアミド，チオカルボンアミドまたはグアニル基を含有する化合物［２］
uploaded,タイトル変更,D06P 1/651,D06P 1/651,・・・窒素を含まない化合物「２」,・・・窒素を含まない化合物［２］
uploaded,タイトル変更,D06P 1/653,D06P 1/653,・・窒素のないカルボン酸またはその塩「２」,・・窒素のないカルボン酸またはその塩［２］
uploaded,タイトル変更,D06P 1/655,D06P 1/655,・・オニウム基を含有する化合物「２」「６」,・・アンモニウム基を含有する化合物［２］［６］
uploaded,タイトル変更,D06P 1/66,D06P 1/66,・・・第４級アンモニウム基を含有する化合物「６」,・・・第４級アンモニウム基を含有する化合物［６］
uploaded,タイトル変更,D06P 1/667,D06P 1/667,・・有機りん化合物「２」,・・有機リン化合物［２］
uploaded,タイトル変更,D06P 1/673,D06P 1/673,・・無機化合物「２」,・・無機化合物［２］
uploaded,タイトル変更,D06P 1/09,D06P 1/09,・有機溶媒に溶解した染料またはその水性エマルジョンの使用「２」,・有機溶媒に溶解した染料またはその水性エマルジョンを用いるもの［２］
uploaded,タイトル変更,D06P 5/00,D06P 5/00,繊維製品の染色またはなっ染または皮革，毛皮または種々の形態の固体状高分子物質の染色における他の特徴,繊維製品の染色または捺染または皮革，毛皮または種々の形態の固体状高分子物質の染色における他の特徴
uploaded,タイトル変更,D06P 5/00 108,D06P 5/00 108,・型紙，スクリ－ン,・型紙，スクリーン
uploaded,タイトル変更,D06P 5/00 110,D06P 5/00 110,・気相染色（１１４が優先）,・気相染色（Ｄ０６Ｐ５／２４が優先）
uploaded,タイトル変更,D06P 5/00 127,D06P 5/00 127,・・先染めによるもの（１２６が優先）,・・先染めによるもの（Ｄ０６Ｐ５／００，１２６が優先）
uploaded,タイトル変更,D06P 5/12,D06P 5/12,・染色またはなっ染の前における材料の一部の防染,・染色または捺染の前における材料の一部の防染
uploaded,タイトル変更,D06P 5/13,D06P 5/13,・抜染染色または抜染染料「２」,・色あせしやすい染色または抜染染色［２］
uploaded,タイトル変更,D06P 5/15,D06P 5/15,・染料の一部の色抜き「２」,・染料の一部の色抜き［２］
uploaded,タイトル変更,D06P 5/17,D06P 5/17,・・アゾ染料「２」,・・アゾ染料［２］
uploaded,タイトル変更,D06P 5/02,D06P 5/02,・染色に影響を与える物理的処理，例．超音波，電気「２」,・染色に影響を与える物理的処理，例．超音波または電気［２］
uploaded,タイトル変更,D06P 5/02 D,D06P 5/02 D,電磁波〔放射線，紫外線，マイクロ波等〕,電磁波，例．放射線，紫外線またはマイクロ波
uploaded,タイトル変更,D06P 5/22,D06P 5/22,・繊維と反応する化学薬品によって繊維材料上の染料の親和性の変化に影響を与えるもの「２」,・繊維と反応する化学薬品によって繊維材料上の染料の親和性の変化に影響を与えるもの［２］
uploaded,タイトル変更,D06P 5/22 B,D06P 5/22 B,セルロ－ス,セルロース
uploaded,タイトル変更,D06P 5/22 E,D06P 5/22 E,ポリオレフイン,ポリオレフィン
uploaded,タイトル変更,E04B 2/08,E04B 2/08,・・・・くぼみ，例．さね，みぞ，ありほぞ，と突起またはそう入物との相互接合によるもの,・・・・くぼみ，例．さね，みぞまたはありほぞ，と突起またはそう入物との相互接合によるもの
uploaded,タイトル変更,E04B 2/84 C,E04B 2/84 C,打込み，注入，塗着されるものに特徴を有するもの,打込み，注入または塗着されるものに特徴を有するもの
uploaded,タイトル変更,E04B 2/84 D,E04B 2/84 D,埋込まれる補強材・芯材に特徴を有するもの〔Ｆが優先〕,埋込まれる補強材または芯材に特徴を有するもの（Ｅ０４Ｂ２／８４Ｆが優先）
uploaded,タイトル変更,E04B 2/84 E,E04B 2/84 E,スペ－サに特徴を有するもの,スペーサに特徴を有するもの
uploaded,タイトル変更,E04B 2/84 F,E04B 2/84 F,きれつ防止・クラツク誘発に特徴を有するもの,きれつ防止またはクラック誘発に特徴を有するもの
uploaded,タイトル変更,E04B 2/84 K,E04B 2/84 K,モルタル・コンクリ－トを塗着・吹きつけするもの,モルタルまたはコンクリートを塗着または吹きつけするもの
uploaded,タイトル変更,E04B 2/86 601 A,E04B 2/86 601 A,材質に特徴〔Ｅ以下が優先〕,材質に特徴（Ｅ０４Ｂ２／８６　６０１Ｅ以下が優先）
uploaded,タイトル変更,E04B 2/86 601 K,E04B 2/86 601 K,・仕上げ材付き〔タイル・石先付け〕〔Ｌ断熱材付きが優先〕,・仕上げ材付き（Ｅ０４Ｂ２／８６　６０１Ｌ断熱材付きが優先）
uploaded,タイトル変更,E04B 2/86 601 W,E04B 2/86 601 W,・・配線・配管,・・配線；配管
uploaded,タイトル変更,E04B 2/86 611 D,E04B 2/86 611 D,片側のみ永久型枠〔Ｂを優先〕,片側のみ永久型枠（Ｅ０４Ｂ２／８６　６１１Ｂを優先）
uploaded,タイトル変更,E04B 2/86 611 F,E04B 2/86 611 F,永久型枠を現場打ち・塗りで形成,永久型枠を現場打ちまたは塗りで形成
uploaded,タイトル変更,E04B 2/86 611 G,E04B 2/86 611 G,打ち込み・注入されるものがコンクリート以外のもの,打ち込みまたは注入されるものがコンクリート以外のもの
uploaded,タイトル変更,E04B 2/86 611 P,E04B 2/86 611 P,補強手段〔補強材付型枠は、６０１Ｑ～Ｔ参照〕,補強手段（補強材付型枠Ｅ０４Ｂ２／８６　６０１Ｑ～Ｔ参照）
uploaded,タイトル変更,E04B 2/86 611 Y,E04B 2/86 611 Y,配線・配管,配線；配管
uploaded,タイトル変更,E04C 1/00,E04C 1/00,建築物の部分構造のためのブロックまたは他の形状の建築要素（比較的薄い形状のもの２／００；長い構造荷重支持部材，例．梁，トラス，まぐさまたはその類似物３／００；建築用煉瓦，石あるいは類似物の製造または材料Ｂ２８，Ｃ０３，Ｃ０４；舗装要素Ｅ０１Ｃ；絶縁あるいは他の保護のために特に設計されたものＥ０４Ｂ１／６２；組み込み導管軸のために特に設計された構造要素Ｅ０４Ｆ；建築物のかまどまたは炉のための特別な要素Ｆ２４Ｂ，Ｆ２７Ｄ）,建築物の部分構造のためのブロックまたは他の形状の建築要素（比較的薄い形状のものＥ０４Ｃ２／００；荷重支持用に設計された長い構造要素Ｅ０４Ｃ３／００，例．柱または柱状物Ｅ０４Ｃ３／３０；建築用煉瓦，石あるいは類似物の製造または材料Ｂ２８，Ｃ０３，Ｃ０４；舗装要素Ｅ０１Ｃ；建築構造材一般Ｅ０４Ｂ，例．壁Ｅ０４Ｂ２／００，床Ｅ０４Ｂ５／００，屋根Ｅ０４Ｂ７／００，天井Ｅ０４Ｂ９／００；組み込み導管軸のために特に設計された構造要素Ｅ０４Ｆ；建築物のかまどまたは炉のための特別な要素Ｆ２４Ｂ，Ｆ２７Ｄ）［５］
uploaded,タイトル変更,E04C 1/00 Z,E04C 1/00 Z,その他,その他材料に特徴のあるもの
uploaded,タイトル変更,E04C 2/00,E04C 2/00,建築物の部分構造のための比較的薄い形状の建築要素，例．シート部材，スラブまたはパネル（材料またはその製造は関連する箇所を参照，例．Ｂ２７Ｎ，Ｂ２９，Ｄ２１Ｊ；現場で作られたものＥ０４Ｂ；絶縁または他の保護のために特別に設計されたものＥ０４Ｂ１／６２；屋根または類似の被覆要素Ｅ０４Ｄ３／００；ライニングまたは仕上げのためのものＥ０４Ｆ１３／００）,建築物の部分構造のための比較的薄い形状の建築要素，例．シート部材，スラブまたはパネル（材料またはその製造は関連する箇所を参照，例．Ｂ２７Ｎ，Ｂ２９，Ｄ２１Ｊ；現場で作られたものＥ０４Ｂ；絶縁または他の保護のために特別に設計されたものＥ０４Ｂ１／６２；荷重支持床構造Ｅ０４Ｂ５／０２，Ｅ０４Ｂ５／１６；自己支持スラブから成る屋根Ｅ０４Ｂ７／２０；屋根または類似の被覆要素Ｅ０４Ｄ３／００；ライニングまたは仕上げのためのものＥ０４Ｆ１３／００）
uploaded,タイトル変更,E04C 2/02,E04C 2/02,・特定材料に特徴のあるもの（透光性を有するもの２／５４）,・特定材料に特徴のあるもの（透光性を有するものＥ０４Ｃ２／５４）
uploaded,タイトル変更,E04C 2/04,E04C 2/04,・・コンクリートまたは他の石状材料からなるもの，石綿セメントからなるもの（２／２６が優先；材料または製造Ｂ２８，Ｃ０４）,・・コンクリートまたは他の石状材料からなるもの，石綿セメントからなるもの（Ｅ０４Ｃ２／２６が優先；材料または製造Ｂ２８，Ｃ０４）
uploaded,タイトル変更,E04C 2/08,E04C 2/08,・・金属からなるもの，例．板金（２／２６が優先）,・・金属からなるもの，例．板金（Ｅ０４Ｃ２／２６が優先）
uploaded,タイトル変更,E04C 2/08 B,E04C 2/08 B,表面装飾、被覆,表面装飾，被覆
uploaded,タイトル変更,E04C 2/01,E04C 2/01,・・木材，繊維，チップ，植物の茎または類似物から成るもの；プラスチックからなるもの；発泡体からなるもの（２／２６が優先）,・・木材，繊維，チップ，植物の茎または類似物から成るもの；プラスチックからなるもの；発泡体からなるもの（Ｅ０４Ｃ２／２６が優先）
uploaded,タイトル変更,E04C 2/12 B,E04C 2/12 B,表面装飾、被覆,表面装飾，被覆
uploaded,タイトル変更,E04C 2/16 B,E04C 2/16 B,表面装飾、被覆,表面装飾，被覆
uploaded,タイトル変更,E04C 2/02 K,E04C 2/02 K,・表面装飾、被覆,・表面装飾，被覆
uploaded,タイトル変更,E04C 2/24,E04C 2/24,・・・グループ２／１２，２／１６，２／２０の２以上に属する材料を積層して構成したもの,・・・グループＥ０４Ｃ２／１２，Ｅ０４Ｃ２／１６，Ｅ０４Ｃ２／２０の２以上に属する材料を積層して構成したもの
uploaded,タイトル変更,E04C 2/24 Q,E04C 2/24 Q,木材＋プラスチツク,木材＋プラスチック
uploaded,タイトル変更,E04C 2/24 R,E04C 2/24 R,繊維＋プラスチツク,繊維＋プラスチック
uploaded,タイトル変更,E04C 2/26,E04C 2/26,・・グループ２／０４，２／０８，２／１０の２以上の属する材料から成るものまたはそれらのグループの一つに特定されていない材料を有するこれらグループの一つに属する材料からなるもの,・・グループＥ０４Ｃ２／０４，Ｅ０４Ｃ２／０８，Ｅ０４Ｃ２／１０の２以上の属する材料から成るものまたはそれらのグループの一つに特定されていない材料を有するこれらグループの一つに属する材料からなるもの
uploaded,タイトル変更,E04C 2/26 R,E04C 2/26 R,石材＋プラスチツク,石材＋プラスチック
uploaded,タイトル変更,E04C 2/26 V,E04C 2/26 V,金属＋プラスチツク,金属＋プラスチック
uploaded,タイトル変更,E04C 2/28,E04C 2/28,・・・グループ２／０４および２／０８に完全に属する材料の組み合わせ（鉄筋コンクリート２／０６）,・・・グループＥ０４Ｃ２／０４およびＥ０４Ｃ２／０８に完全に属する材料の組み合わせ
uploaded,タイトル変更,E04C 2/03,E04C 2/03,・形状または構造に特徴のあるもの（透光性を有するもの２／５４）,・形状または構造に特徴のあるもの（透光性を有するものＥ０４Ｃ２／５４）
uploaded,タイトル変更,E04C 2/03 B,E04C 2/03 B,・コ－ナ－材,・コーナー材
uploaded,タイトル変更,E04C 2/03 Y,E04C 2/03 Y,他部材連結金具（受）付,他部材連結金具付または他部材連結金具受付
uploaded,タイトル変更,E04C 2/34,E04C 2/34,・・２以上の間隔をおいたシート状部材より成るもの（２／３２が優先）,・・２以上の間隔をおいたシート状部材より成るもの（Ｅ０４Ｃ２／３２が優先；中空壁用スペーサＥ０４Ｂ２／４４）
uploaded,タイトル変更,E04C 2/38,E04C 2/38,・・リブ，フランジまたは類似物を有するもの，例．枠付きパネル,・・リブ，フランジまたは類似物を有するもの，例．枠付きパネル（その他のパネルまたは建築要素を取り付けて形成する構造については，関係のある構造の箇所を参照，例．Ｅ０４Ｂ２／００）
uploaded,タイトル変更,E04C 2/38 J,E04C 2/38 J,骨材＋面材（隣接面）,面材＋面材の表裏面に設けられる骨材
uploaded,タイトル変更,E04C 2/38 P,E04C 2/38 P,骨材＋面材（同一面）,面材＋面材の小口面に設けられる骨材
uploaded,タイトル変更,E04C 2/42,E04C 2/42,・・格子；格子状パネル（補強要素５／００；組み込み用の格子Ｅ０４Ｆ１９／１０；格子一般Ｆ１６Ｓ３／００）,・・格子；格子状パネル（補強要素Ｅ０４Ｃ５／００；組み込み用の格子Ｅ０４Ｆ１９／１０；格子一般Ｆ１６Ｓ３／００）
uploaded,タイトル変更,E04C 2/52,E04C 2/52,・・補助的な目的なための特別な適用を有するもの，例．導管を設置するために使用するもの（２／５４が優先；そのためのブロック状要素１／３９；ダクトを組み込んだ床構造Ｅ０４Ｂ５／４８）,・・補助的な目的なための特別な適用を有するもの，例．導管を設置するために使用するもの（Ｅ０４Ｃ２／５４が優先；そのためのブロック状要素Ｅ０４Ｃ１／３９；ダクトを組み込んだ床構造Ｅ０４Ｂ５／４８）
uploaded,タイトル変更,E04C 2/54,E04C 2/54,・・スラブ状の透光性を有する要素,・スラブ状の透光性を有する要素（光を透過させる床Ｅ０４Ｂ５／４６；半透明または透し細工の天井Ｅ０４Ｂ９／３２，Ｅ０４Ｂ９／３４；透光性を有する屋根葺き材Ｅ０４Ｄ３／０６，Ｅ０４Ｄ３／２８）
uploaded,タイトル変更,F16L 37/086,F16L 37/086,・・・スプリングのような要素で半径方向に押して留める部材を用いるもの［７］,・・・スプリングのような要素に半径方向に押されているラッチ部材を用いるもの［７］
uploaded,タイトル変更,F16L 37/096,F16L 37/096,・・・軸のまわりに蝶番でつけられたフックによるもの［５］,・・・軸を中心に回動するようヒンジ留めされたフックによるもの［５］
uploaded,タイトル変更,F16L 37/107,F16L 37/107,・・・バヨネット形の連結器［７］,・・・バヨネット型の連結器［７］
uploaded,タイトル変更,F16L 37/124,F16L 37/124,・・・フランジに取り付けられた，別のフランジの穴に入れることができる［７］,・・・フランジに固定される，もう一つのフランジのスロットに傾動可能に取り付けられ，ナットの締め込みによりその場に維持される，ボルトを用いるもの［７］
uploaded,タイトル変更,F16L 37/127,F16L 37/127,・・・軸のまわりに蝶番でつけられたフックを用いるもの［５］,・・・軸を中心に回動するようヒンジ留めされたフックによるもの［５］
uploaded,タイトル変更,F16L 37/248,F16L 37/248,・・・バヨネット形の連結器［５］,・・・バヨネット型の連結器［７］
uploaded,タイトル変更,F21S 2/00 455,F21S 2/00 455,・・・・・・・導光板自体の対象物と反対側，すなわち観察方向側］に特徴を有するもの，例．導光板への積層,・・・・・・・導光板自体の対象物と反対側，すなわち観察方向側に特徴を有するもの，例．導光板への積層
uploaded,タイトル変更,F23C 1/00,F23C 1/00,２またはそれ以上の種類の燃料を同時にまたは交互に燃焼することに特に適した燃焼装置であって，その燃料のうち少なくとも１種類は液体燃料あるいは空気中に浮遊する固体燃料であるもの（２またはそれ以上の燃焼室の組み合せに特徴がある燃焼装置Ｆ２３Ｃ６／００；種火点火器Ｆ２３Ｑ９／００）［１，７，８］,２またはそれ以上の種類の燃料を同時にまたは交互に燃焼することに特に適した燃焼装置であって，その燃料のうち少なくとも１種類は流体燃料あるいは空気中に浮遊する固体燃料であるもの（２またはそれ以上の燃焼室の組み合せに特徴がある燃焼装置Ｆ２３Ｃ６／００；種火点火器Ｆ２３Ｑ９／００）［１，７，８］
uploaded,タイトル変更,F28F 19/00 501,F28F 19/00 501,・スケ－ル付着を防止するもの,・スケール付着を防止するもの
uploaded,タイトル変更,F28F 19/00 501 A,F28F 19/00 501 A,スケ－ル形成防止剤を注入するもの,スケール形成防止剤を注入するもの
uploaded,タイトル変更,F28F 19/00 501 B,F28F 19/00 501 B,水中の微生物を殺菌または抑制するもの,水中の生物を殺菌または抑制するもの
uploaded,タイトル変更,F28F 19/00 511 A,F28F 19/00 511 A,腐食防止材を注入するもの,腐食防止剤を注入するもの
uploaded,タイトル変更,F28F 19/00 511 D,F28F 19/00 511 D,伝熱管表面温度を抑制するもの,伝熱管表面温度を制御するもの
uploaded,タイトル変更,F28F 19/00 541,F28F 19/00 541,・保護目的の電流，電圧，陰極，陽極，短絡回路の使用によるもの（電気防食法による腐食防止を含む）,・保護目的の電流，電圧，陰極，陽極または短絡回路の使用によるもの，例．電気防食法による腐食防止
uploaded,タイトル変更,F28F 19/02 501 B,F28F 19/02 501 B,エナメル、ほうろう被膜,エナメル，ほうろう被膜
uploaded,タイトル変更,F28F 19/04 A,F28F 19/04 A,フツ素樹脂被膜,フッ素樹脂被膜
uploaded,タイトル変更,G01N 1/02 M,G01N 1/02 M,特定のダイトミスト微粒子の位置を検知してその微粒子を採取するもの,特定のダストミスト微粒子の位置を検知してその微粒子を採取するもの
uploaded,タイトル変更,G01N 24/00,G01N 24/00,核磁気共鳴，電子常磁性共鳴またはその他のスピン効果の使用による材料の調査または分析（電子または核磁気共鳴装置一般Ｇ０１Ｒ３３／２０）,核磁気共鳴，電子常磁性共鳴または他のスピン効果の使用による材料の調査または分析［３，４，５］
uploaded,タイトル変更,G01N 24/00 B,G01N 24/00 B,コンピユ－タ利用（システム構築）,コンピュータ利用，例．システム構築
uploaded,タイトル変更,G01N 24/00 D,G01N 24/00 D,応用（探査など分析以外；流速・温度計、ジヤイロは除く）,応用
uploaded,タイトル変更,G01N 24/00 P,G01N 24/00 P,・・オプテイカル（光）ポンピングを用いるもの,・・オプティカルポンピングを用いるもの
uploaded,タイトル変更,G01N 24/08,G01N 24/08,・核磁気共鳴を用いることによるもの（２４／１２が優先）,・核磁気共鳴を用いることによるもの（Ｇ０１Ｎ２４／１２が優先）［３］
uploaded,タイトル変更,G01N 24/08 510 B,G01N 24/08 510 B,ＦＴ－ＣＷ法,ＦＴ―ＣＷ法
uploaded,タイトル変更,G01N 24/08 510 C,G01N 24/08 510 C,パルスＦＴ法（測定システム）,パルスＦＴ法
uploaded,タイトル変更,G01N 24/08 510 D,G01N 24/08 510 D,・特有の測定法（含パルスシ－ケンス；ＭＲＩ用は除く）,・特有の測定法，例．パルスシーケンス
uploaded,タイトル変更,G01N 24/08 510 F,G01N 24/08 510 F,・Ｑ．Ｄ．（直角位相検波）,・直角位相検波［Ｑ．Ｄ．］
uploaded,タイトル変更,G01N 24/08 510 N,G01N 24/08 510 N,定量・定性,定量；定性
uploaded,タイトル変更,G01N 24/08 510 P,G01N 24/08 510 P,・特定物質の定量（含、選別、評価）,・特定物質の定量，選別または評価
uploaded,タイトル変更,G01N 24/08 510 Q,G01N 24/08 510 Q,・・生物学的試料用（インビトロ）,・・生物学的試料用，すなわちインビトロ
uploaded,タイトル変更,G01N 24/08 510 R,G01N 24/08 510 R,掃引（磁場・周波数）,磁場または周波数の掃引
uploaded,タイトル変更,G01N 24/08 520,G01N 24/08 520,・・測定パラメ－タの設定・調整,・・測定パラメ－タの設定または調整
uploaded,タイトル変更,G01N 24/08 520 B,G01N 24/08 520 B,・定常応答の防止（残留シグナル抑制）,・定常応答の防止，例．残留シグナル抑制
uploaded,タイトル変更,G01N 24/08 520 G,G01N 24/08 520 G,励起用高周波の構成（位相シ－ケンス）,励起用高周波の構成，例．位相シーケンス
uploaded,タイトル変更,G01N 24/08 520 H,G01N 24/08 520 H,・広帯域パルス（ランダム変調）,・広帯域パルス，例．ランダム変調
uploaded,タイトル変更,G01N 24/08 520 L,G01N 24/08 520 L,励起用高周波の調整・補正,励起用高周波の調整または補正
uploaded,タイトル変更,G01N 24/08 520 R,G01N 24/08 520 R,分極磁界（主磁場）の調整（含、変調）,主磁場である分極磁界の調整，例．変調
uploaded,タイトル変更,G01N 24/08 520 S,G01N 24/08 520 S,・不均一化（ホモスポイル）,・不均一化，例．ホモスポイル
uploaded,タイトル変更,G01N 24/01,G01N 24/01,・電子常磁性共鳴を用いることによるもの,・電子常磁性共鳴を用いることによるもの［３］
uploaded,タイトル変更,G01N 24/01 510 A,G01N 24/01 510 A,試料導入・標準試料（ＥＳＲ特有のもの）,試料導入；標準試料，例．ＥＳＲ特有のもの
uploaded,タイトル変更,G01N 24/01 510 D,G01N 24/01 510 D,掃引（周波数・磁場などの）,掃引，例．周波数または磁場の掃引
uploaded,タイトル変更,G01N 24/01 510 L,G01N 24/01 510 L,電子スピン共鳴（ＥＳＲ）特有の測定方法・システム,電子スピン共鳴［ＥＳＲ］特有の測定方法またはシステム
uploaded,タイトル変更,G01N 24/01 510 R,G01N 24/01 510 R,定量・定性（含、定量用標準試料の配置）,定量；定性，例．定量用標準試料の配置
uploaded,タイトル変更,G01N 24/01 510 S,G01N 24/01 510 S,・特定物質の定量・評価,・特定物質の定量または評価
uploaded,タイトル変更,G01N 24/01 520,G01N 24/01 520,・・測定パラメ－タの設定・調整,・・測定パラメ－タの設定または調整
uploaded,タイトル変更,G01N 24/01 520 A,G01N 24/01 520 A,励起用マイクロ波の生成（マイクロ波源）,励起用マイクロ波の生成，例．マイクロ波源
uploaded,タイトル変更,G01N 24/01 520 G,G01N 24/01 520 G,励起用マイクロ波の調整・補正（位相調整）,励起用マイクロ波の調整または補正，例．位相調整
uploaded,タイトル変更,G01N 24/01 520 H,G01N 24/01 520 H,・マイクロ波ブリツジ（サ－キユレ－タ）,・マイクロ波ブリッジ，例．サーキュレータ
uploaded,タイトル変更,G01N 24/01 520 J,G01N 24/01 520 J,・ＡＦＣ（自動周波数制御）,・自動周波数制御［ＡＦＣ］
uploaded,タイトル変更,G01N 24/12,G01N 24/12,・二重共鳴を用いることによるもの,・二重共鳴を用いることによるもの［３］
uploaded,タイトル変更,G01N 24/12 510,G01N 24/12 510,・・測定手法（記録・表示・信号処理は２４／０２）,・・測定手法（記録，表示または信号処理Ｇ０１Ｎ２４／０２）
uploaded,タイトル変更,G01N 24/12 510 A,G01N 24/12 510 A,多重共鳴特有の測定方法・システム（含、パルスシ－ケンス）,多重共鳴特有の測定方法またはシステム，例．パルスシーケンス
uploaded,タイトル変更,G01N 24/12 510 B,G01N 24/12 510 B,・ＥＮＤＯＲ（ＮＭＲ＋ＥＳＲ）,・ＥＮＤＯＲ
uploaded,タイトル変更,G01N 24/12 510 E,G01N 24/12 510 E,・ゲ－トデカツプリング（観測時のみデカツプリングＲＦ照射）,・ゲートデカップリング，例．観測時のみデカップリングＲＦ照射するもの
uploaded,タイトル変更,G01N 24/12 510 G,G01N 24/12 510 G,デカツプリング（連続デカツプリング）,デカップリング
uploaded,タイトル変更,G01N 24/12 510 L,G01N 24/12 510 L,交差分極法（クロス・ポ－ラリゼ－シヨン（Ｃ．Ｐ．））,交差分極法，すなわちクロスポーラリゼーション［Ｃ．Ｐ．］
uploaded,タイトル変更,G01N 24/12 510 P,G01N 24/12 510 P,定量・定性,定量；定性
uploaded,タイトル変更,G01N 24/12 520 A,G01N 24/12 520 A,発生（ランダム変調・ノイズ変調）,発生，例．ランダム変調またはノイズ変調
uploaded,タイトル変更,G01N 24/12 520 B,G01N 24/12 520 B,・周波数変調（低周波変調）,・周波数変調，例．低周波変調
uploaded,タイトル変更,G01N 24/12 520 G,G01N 24/12 520 G,調整・周波数設定,調整；周波数設定
uploaded,タイトル変更,G01N 24/14,G01N 24/14,・サイクロトロン共鳴を用いることによるもの,・サイクロトロン共鳴を用いることによるもの［３］
uploaded,タイトル変更,G01N 27/327 353 J,G01N 27/327 353 J,酵素に導電性基体に膜状担体を介して固定したもの,酵素を導電性基体に膜状担体を介して固定したもの
uploaded,タイトル変更,G01N 27/416 302,G01N 27/416 302,・・・・電流の測定によるもの（電流を測定しているか電圧を測定しているか明確でない場合，過酸化水素電極，酸素電極，微生物電極を用いているものは電流を測定しているものとする。イオンセンサ，イオン選択性電極，免疫センサ，ｐＨ電極，ガラス電極，アンモニウムイオン電極，ＩＳＦＥＴ，アンモニアガス電極，炭酸ガス電極を用いているものは電圧を測定しているものとして，Ｇ０１Ｎ２７／４１６，３４１以下へ分類，単に酵素電極を用いていると記載されているものはものは測定値が不定であるとして，Ｇ０１Ｎ２７／４１６，３００Ｇ～Ｇ０１Ｎ２７／４１６Ｚへ分類）,・・・・電流の測定によるもの（電流を測定しているか電圧を測定しているか明確でない場合，過酸化水素電極，酸素電極，微生物電極を用いているものは電流を測定しているものとする。イオンセンサ，イオン選択性電極，免疫センサ，ｐＨ電極，ガラス電極，アンモニウムイオン電極，ＩＳＦＥＴ，アンモニアガス電極，炭酸ガス電極を用いているものは電圧を測定しているものとして，Ｇ０１Ｎ２７／４１６，３４１以下へ分類，単に酵素電極を用いていると記載されているものは測定値が不定であるとして，Ｇ０１Ｎ２７／４１６，３００Ｇ～Ｇ０１Ｎ２７／４１６Ｚへ分類）
uploaded,タイトル変更,G01N 27/416 341,G01N 27/416 341,・・・・電圧の測定によるもの（電流を測定しているか電圧を測定しているか明確でない場合，イオンセンサ，イオン選択性電極，免疫センサ，ｐＨ電極，ガラス電極，アンモニウムイオン電極，ＩＳＦＥＴ，アンモニアガス電極，炭酸ガス電極を用いているものは電圧を測定しているものとする。過酸化水素電極，酸素電極，徴生物電極を用いているものは電流を測定しているものとして２７／４１６，３０２以下へ分類する。単に酵素電極を用いていると記載されているものはものは測定値が不定であるとして２７／４１６　３００　Ｇ～Ｚへ分類する）,・・・・電圧の測定によるもの（電流を測定しているか電圧を測定しているか明確でない場合，イオンセンサ，イオン選択性電極，免疫センサ，ｐＨ電極，ガラス電極，アンモニウムイオン電極，ＩＳＦＥＴ，アンモニアガス電極，炭酸ガス電極を用いているものは電圧を測定しているものとする。過酸化水素電極，酸素電極，徴生物電極を用いているものは電流を測定しているものとして２７／４１６，３０２以下へ分類する。単に酵素電極を用いていると記載されているものは測定値が不定であるとしてＧ０１Ｎ２７／４１６，３００　Ｇ～Ｚへ分類する）
uploaded,タイトル変更,G01R 31/08,G01R 31/08,・ケーブル，伝送線，または回路網の故障個所の検出（非常保護回路装置Ｈ０２Ｈ）,・ケーブル，伝送線，または回路網の故障個所の検出
uploaded,タイトル変更,G01R 33/02,G01R 33/02,・磁界または磁束の方向または大きさの測定（３３／２４が優先；航行または測量のための地球の磁場の方向または大きさの測定；探鉱のためのもの，地球の磁界測定するためのものＧ０１Ｖ３／００）,・磁界または磁束の方向または大きさの測定（Ｇ０１Ｒ３３／２０が優先）［４］
uploaded,タイトル変更,G01R 33/02 B,G01R 33/02 B,・電磁誘導によるもの（例．サーチコイル；Ｃ，Ｄ，Ｅ優先）,・電磁誘導によるもの，例．サーチコイル（Ｇ０１Ｒ３３／０２Ｃ～Ｅが優先）
uploaded,タイトル変更,G01R 33/02 C,G01R 33/02 C,・ウィーガンド・ワイヤ,・ウィーガンドワイヤ
uploaded,タイトル変更,G01R 33/02 D,G01R 33/02 D,・インダクタンス変化によるもの（３３／０４優先；Ｅ優先）,・インダクタンス変化によるもの（Ｇ０１Ｒ３３／０４およびＧ０１Ｒ３３／０２Ｅが優先）
uploaded,タイトル変更,G01R 33/02 E,G01R 33/02 E,・パラメトリック発振によるもの（３３／０４優先）,・パラメトリック発振によるもの（Ｇ０１Ｒ３３／０４が優先）
uploaded,タイトル変更,G01R 33/02 F,G01R 33/02 F,・磁力によるもの（リードスイッチを含む；３３／０３８優先；Ｇ，Ｈ優先）,・磁力によるもの，例．リードスイッチ（Ｇ０１Ｒ３３／０３８およびＧ０１Ｒ３３／０２Ｇ，Ｈが優先）
uploaded,タイトル変更,G01R 33/02 G,G01R 33/02 G,・磁粉を用いるもの（３３／１０参照）,・磁粉を用いるもの（磁界分布をプロットするものＧ０１Ｒ３３／１０参照）
uploaded,タイトル変更,G01R 33/02 K,G01R 33/02 K,検出量又は検出対象に特徴のあるもの,検出量または検出対象に特徴のあるもの
uploaded,タイトル変更,G01R 33/02 L,G01R 33/02 L,・方向の検出（方向及び大きさ、すなわち磁界ベクトルの検出も含む；Ｍ優先）,・方向の検出，例．磁界ベクトルの検出（Ｇ０１Ｒ３３／０２Ｍ優先）
uploaded,タイトル変更,G01R 33/02 N,G01R 33/02 N,・回転磁界の検出（Ｐ優先）,・回転磁界の検出（Ｇ０１Ｒ３３／０２Ｐが優先）
uploaded,タイトル変更,G01R 33/02 Q,G01R 33/02 Q,・移動体検知，探査（Ｇ０１Ｖ優先）,・移動体検知，探査（Ｇ０１Ｖが優先）
uploaded,タイトル変更,G01R 33/02 R,G01R 33/02 R,・生体磁気（３３／０３５優先）,・生体磁気（Ｇ０１Ｒ３３／０３５が優先）
uploaded,タイトル変更,G01R 33/02 X,G01R 33/02 X,校正，補償（３５／００Ｍ参照）,校正，補償（Ｇ０１Ｒ３５／００Ｍ参照）
uploaded,タイトル変更,G01R 33/022,G01R 33/022,・・傾度の測定,・・傾度の測定［３］
uploaded,タイトル変更,G01R 33/025,G01R 33/025,・・浮遊磁界の補償,・・浮遊磁界の補償［３］
uploaded,タイトル変更,G01R 33/028,G01R 33/028,・・電気力学的磁力計,・・電気力学的磁力計［３］
uploaded,タイトル変更,G01R 33/032,G01R 33/032,・・磁気光学装置，例．ファラデー，を使用するもの,・・磁気光学装置，例．ファラデー，を使用するもの［３］
uploaded,タイトル変更,G01R 33/035,G01R 33/035,・・超電導装置を使用するもの,・・超電導装置を使用するもの［３］
uploaded,タイトル変更,G01R 33/038,G01R 33/038,・・永久磁石を使うもの，例．天秤，ねじり装置,・・永久磁石を使うもの，例．天秤，ねじり装置［３］
uploaded,タイトル変更,G01R 33/05,G01R 33/05,・・・薄膜素子によるもの,・・・薄膜素子によるもの［３］
uploaded,タイトル変更,G01R 33/06,G01R 33/06,・・電流磁気装置，例．ホール効果；磁気抵抗を使用するもの,・・電流磁気装置を使用するもの
uploaded,タイトル変更,G01R 33/12,G01R 33/12,・物品または固体もしくは流体の標本の磁気的性質の測定（電子または核の磁気共鳴を含むもの３３／２０）,・物品または固体もしくは流体の標本の磁気的性質の測定（磁気共鳴を含むものＧ０１Ｒ３３／２０）［４］
uploaded,タイトル変更,G01R 33/02,G01R 33/02,・電子または核の磁気共鳴を含むもの（特殊な適用のためのもの，関連サブクラス，例，Ｇ０１Ｃ，Ｆ，Ｎ，Ｖ，を参照）,・磁気共鳴をともなうもの（医療用Ａ６１Ｂ５／０５５；磁気共鳴ジャイロメータＧ０１Ｃ１９／６０）［４，５］
uploaded,タイトル変更,G01R 33/24,G01R 33/24,・・磁界または磁束の方向または大きさを測定するためのもの,・・磁界または磁束の方向または大きさを測定するためのもの［４］
uploaded,タイトル変更,G01R 33/26,G01R 33/26,・・・オプティカルポンピングを使用するもの,・・・オプティカルポンピングを使用するもの［４］
uploaded,タイトル変更,G01V 1/00 A,G01V 1/00 A,対象物の検出（＠Ｂを優先）,対象物の検出（Ｇ０１Ｖ１／００Ｂを優先）
uploaded,タイトル変更,G01V 1/00 D,G01V 1/00 D,地震監視、警報に関するもの,地震監視，警報に関するもの
uploaded,タイトル変更,G01V 1/02,G01V 1/02,・地震エネルギの発生（核爆発Ｇ２１Ｊ；爆発一般Ｆ４２）,・地震エネルギーの発生
uploaded,タイトル変更,G01V 1/02 A,G01V 1/02 A,地震エネルギ－の発生一般,地震エネルギーの発生一般
uploaded,タイトル変更,G01V 1/02 C,G01V 1/02 C,ダイナマイト以外の地震エネルギ－源を使用するもの,ダイナマイト以外の地震エネルギー源を使用するもの
uploaded,タイトル変更,G01V 1/02 D,G01V 1/02 D,水中、海中での使用に適したもの,水中，海中での使用に適したもの
uploaded,タイトル変更,G01V 1/047,G01V 1/047,・・・発生器を大地に結合させるための装置,・・・発生器を大地に結合させるための装置［３］
uploaded,タイトル変更,G01V 1/053,G01V 1/053,・・・・横波を発生させるためのもの,・・・・横波を発生させるためのもの［３］
uploaded,タイトル変更,G01V 1/06,G01V 1/06,・・・点火装置（１／３９３が優先）,・・・点火装置（Ｇ０１Ｖ１／３９３が優先）［３］
uploaded,タイトル変更,G01V 1/09,G01V 1/09,・・・輸送する装置，例．車両で（１／３８が優先）,・・・輸送する装置，例．車両で（Ｇ０１Ｖ１／３８が優先）［３］
uploaded,タイトル変更,G01V 1/104,G01V 1/104,・・爆発物を用いるもの（１／１５７が優先）,・・爆発物を用いるもの（Ｇ０１Ｖ１／１５７が優先）［３］
uploaded,タイトル変更,G01V 1/108,G01V 1/108,・・・囲い地の表面を変形または移動させることによるもの,・・・囲い地の表面を変形または移動させることによるもの［３］
uploaded,タイトル変更,G01V 1/112,G01V 1/112,・・・・陸地の表面上で使用するためのもの,・・・・陸地の表面上で使用するためのもの［３］
uploaded,タイトル変更,G01V 1/116,G01V 1/116,・・・加圧燃焼ガスが脈動的に発生器から排出されるもの，例．爆発を起すために,・・・加圧燃焼ガスが脈動的に発生器から排出されるもの，例．爆発を起すために［３］
uploaded,タイトル変更,G01V 1/133,G01V 1/133,・・流体式駆動手段を使用するもの，高く加圧された流体を用いるもの（１／１０４が優先）,・・流体式駆動手段を使用するもの，高く加圧された流体を用いるもの（Ｇ０１Ｖ１／１０４が優先）［３］
uploaded,タイトル変更,G01V 1/135,G01V 1/135,・・・囲い地の表面を変形または移動させることによるもの,・・・囲い地の表面を変形または移動させることによるもの［３］
uploaded,タイトル変更,G01V 1/137,G01V 1/137,・・・流体が脈動的に発生器から排出されるもの，例．爆発を起すために,・・・流体が脈動的に発生器から排出されるもの，例．爆発を起すために［３］
uploaded,タイトル変更,G01V 1/143,G01V 1/143,・・機械的駆動手段を使用するもの（１／１０４，１／１３３が優先）,・・機械的駆動手段を使用するもの（Ｇ０１Ｖ１／１０４，Ｇ０１Ｖ１／１３３が優先）［３］
uploaded,タイトル変更,G01V 1/145,G01V 1/145,・・・表面を変形または移動させることによるもの,・・・表面を変形または移動させることによるもの［３］
uploaded,タイトル変更,G01V 1/147,G01V 1/147,・・・落下体の衝突を利用するもの,・・・落下体の衝突を利用するもの［３］
uploaded,タイトル変更,G01V 1/153,G01V 1/153,・・・平衡していない回転体を使用するもの,・・・平衡していない回転体を使用するもの［３］
uploaded,タイトル変更,G01V 1/155,G01V 1/155,・・・往復運動体を使用するもの,・・・往復運動体を使用するもの［３］
uploaded,タイトル変更,G01V 1/157,G01V 1/157,・・火花放電を利用するもの；エクスプローディングワイヤを使用するもの（スパークギャップ，他に分類されない放電装置Ｈ０１Ｔ）,・・火花放電を利用するもの；エクスプローディングワイヤを使用するもの［３］
uploaded,タイトル変更,G01V 1/16,G01V 1/16,・地震信号の受信素子（電気機械式変換器Ｈ０４Ｒ）；受信素子の配置または適用,・地震信号の受信素子；受信素子の配置または適用
uploaded,タイトル変更,G01V 1/18,G01V 1/18,・・受信素子，例．地震計，地中聴音機,・・受信素子，例．地震計，地中聴音機［２］
uploaded,タイトル変更,G01V 1/22,G01V 1/22,・地震信号の記録または処理装置への伝送（信号伝送方式一般Ｇ０８Ｃ；電気的伝送方式Ｈ０４Ｂ）,・地震信号の記録または処理装置への伝送
uploaded,タイトル変更,G01V 1/24,G01V 1/24,・地震データの記録（記録の他への変換１／３２，測定値の記録一般Ｇ０１Ｄ）,・地震データの記録
uploaded,タイトル変更,G01V 1/28,G01V 1/28,・地震データの処理，例．解析のためのもの，解釈のためのもの，修正のためのもの（計算一般Ｇ０６）,・地震データの処理，例．解析のためのもの，解釈のためのもの，修正のためのもの（Ｇ０１Ｖ１／４８が優先）［６］
uploaded,タイトル変更,G01V 1/03,G01V 1/03,・・解析,・・解析（Ｇ０１Ｖ１／５０が優先）［６］
uploaded,タイトル変更,G01V 1/36,G01V 1/36,・・記録したものの静的または動的修正，例．展開の修正，をなすもの；地震信号を相関させるもの；好ましくないエネルギの影響の除去,・・記録したものの静的または動的修正，例．展開の修正，をなすもの；地震信号を相関させるもの；好ましくないエネルギーの影響の除去
uploaded,タイトル変更,G01V 1/37,G01V 1/37,・・・大地の連続的振動を利用する地震システムに特に適合したもの,・・・大地の連続的振動を利用する地震システムに特に適合したもの［３］
uploaded,タイトル変更,G01V 1/38,G01V 1/38,・冠水領域に特に適したもの（１／２８が優先）,・冠水領域に特に適したもの（Ｇ０１Ｖ１／２８が優先）
uploaded,タイトル変更,G01V 1/387,G01V 1/387,・・二次泡パルスを減少するもの，すなわち１次爆発後のガス泡の発生から生ずる検出信号を減少するもの,・・二次泡パルスを減少するもの，すなわち１次爆発後のガス泡の発生から生ずる検出信号を減少するもの［３］
uploaded,タイトル変更,G01V 1/393,G01V 1/393,・・水面下の爆発物装填手段，例．点火装置と結合したもの,・・水面下の爆発物装填手段，例．点火装置と結合したもの［３］
uploaded,タイトル変更,G01V 3/02 A,G01V 3/02 A,対象物の検出（＠Ｂを優先）,対象物の検出（Ｇ０１Ｖ３／０２Ｂを優先）
uploaded,タイトル変更,G01V 3/08 A,G01V 3/08 A,対象物の検出（＠Ｂを優先）,対象物の検出（Ｇ０１Ｖ３／０８Ｂを優先）
uploaded,タイトル変更,G01V 3/08 F,G01V 3/08 F,・磁力法、電磁誘導法によるもの,・磁力法，電磁誘導法によるもの
uploaded,タイトル変更,G01V 3/01 A,G01V 3/01 A,対象物の検出（＠Ｂを優先）,対象物の検出（Ｇ０１Ｖ３／１０Ｂを優先）
uploaded,タイトル変更,G01V 3/01 E,G01V 3/01 E,・対象物に基づくコイルのインピ－ダンス変化を利用するもの〔１コイル式〕「図」,・対象物に基づくコイルのインピ－ダンス変化を利用するもの，例．１コイル式「図」
uploaded,タイトル変更,G01V 3/01 F,G01V 3/01 F,・対象物に基づく送受信コイルの結合変化を利用するもの〔２コイル式〕「図」,・対象物に基づく送受信コイルの結合変化を利用するもの，例．２コイル式「図」
uploaded,タイトル変更,G01V 3/01 H,G01V 3/01 H,・コイル、検出ヘツド部に特徴のあるもの,・コイル，検出ヘッド部に特徴のあるもの
uploaded,タイトル変更,G01V 3/01 J,G01V 3/01 J,・対象物が検出ゲ－トを通過する際に検出されるもの,・対象物が検出ゲートを通過する際に検出されるもの
uploaded,タイトル変更,G01V 3/01 Z,G01V 3/01 Z,その他のもの〔対象物に応答装置を持つもの〕,その他のもの，例．対象物に応答装置を持つもの
uploaded,タイトル変更,G01V 3/11,G01V 3/11,・・・導体，例．小火器（銃），ケーブルまたは管，を検出するためのもの［３］,・・・導体，例．銃などの小火器，ケーブルまたは管，を検出するためのもの［３］
uploaded,タイトル変更,G01V 3/11 B,G01V 3/11 B,ケ－ブル,ケーブル
uploaded,タイトル変更,G01V 3/12 A,G01V 3/12 A,対象物の検出（＠Ｂを優先）,対象物の検出（Ｇ０１Ｖ３／１２Ｂを優先）
uploaded,タイトル変更,G01V 9/00,G01V 9/00,グループ１／００～７／００に分類されない方法による探鉱または検出,グループＧ０１Ｖ１／００～Ｇ０１Ｖ８／００に分類されない方法による探鉱または検出［６］
uploaded,タイトル変更,G01V 9/00 A,G01V 9/00 A,対象物の検出（＠Ｋを優先）,対象物の検出（Ｇ０１Ｖ９／００Ｋを優先）
uploaded,タイトル変更,G03G 13/00,G03G 13/00,帯電像を用いる電子写真法（１５／００，１６／００，１７／００が優先）,帯電像を用いる電子写真法（Ｇ０３Ｇ１５／００，Ｇ０３Ｇ１６／００，Ｇ０３Ｇ１７／００が優先）［２，５］
uploaded,タイトル変更,G03G 13/01,G03G 13/01,・多色複写物用,・多色複写物用［２］
uploaded,タイトル変更,G03G 13/04,G03G 13/04,・露出，すなわち原画像の情報を記録物質へ伝えること,・露出，すなわち，原画像を光導電性記録材料上に光学的に投影することによる画像に応じた露出［６］
uploaded,タイトル変更,G03G 13/056,G03G 13/056,・・内部分極によるもの,・内部分極の利用［２，６］
uploaded,タイトル変更,G03G 13/09,G03G 13/09,・・・磁気ブラシを用いるもの,・・・磁気ブラシを用いるもの［２］
uploaded,タイトル変更,G03G 13/02,G03G 13/02,・定着,・定着，例．熱の使用により
uploaded,タイトル変更,G03G 13/22,G03G 13/22,・グループ１３／０２から１３／２０までの二つ以上の工程の組合せを含む方法（１３／０１が優先）,・グループＧ０３Ｇ１３／０２～Ｇ０３Ｇ１３／２０までの二つ以上の工程の組合せを含む方法（Ｇ０３Ｇ１３／０１が優先）［２］
uploaded,タイトル変更,G03G 13/24,G03G 13/24,・・少なくとも二工程が同時に行なわれるもの,・・少なくとも二工程が同時に行なわれるもの［２］
uploaded,タイトル変更,G03G 13/26,G03G 13/26,・非ゼログラフプリンティング用印刷プレートの製造のためのもの,・非ゼログラフプリンティング用印刷プレートの製造のためのもの［２］
uploaded,タイトル変更,G03G 13/28,G03G 13/28,・・プラノグラフ（平印）印刷板,・・プラノグラフ印刷板，すなわち平印印刷板［２］
uploaded,タイトル変更,G03G 13/03,G03G 13/03,・・ヘクトグラフ印刷板,・・ヘクトグラフ印刷板［２］
uploaded,タイトル変更,G03G 13/32,G03G 13/32,・・レリーフ印刷板,・・レリーフ印刷板［２］
uploaded,タイトル変更,G05B 13/02 M,G05B 13/02 M,ＡＩ，推論を利利したもの,ＡＩ，推論を利用したもの
uploaded,タイトル変更,G05B 19/42 H,G05B 19/42 H,・教示手段の具体的構成に特徴があるもの〔数示時に使用する手段の主として機械的構造，配置に特徴があるもの〕,・教示手段の具体的構成に特徴があるもの〔教示時に使用する手段の主として機械的構造，配置に特徴があるもの〕
uploaded,タイトル変更,G06F 3/02 A,G06F 3/02 A,使用されているスイツチ素子に特徴のあるもの,使用されているスイッチ素子に特徴のあるもの
uploaded,タイトル変更,G06F 3/02 C,G06F 3/02 C,・・リ－ドスイツチによるもの,・・リ－ドスイッチによるもの
uploaded,タイトル変更,G06F 11/16 604,G06F 11/16 604,・・・処理装置および冗長性のクロック信号に影響する故障は，クロック信号生成ハードウェアレベル又はレベル内にある,・・・処理装置および冗長性のクロック信号に影響する故障は，クロック信号生成ハードウェアレベルまたはレベル内にある
uploaded,タイトル変更,G06F 11/16 608,G06F 11/16 608,・・・冗長ハードウエアの出力信号を比較することによるエラー検出（Ｇ０６Ｆ１１／１６，６２９，Ｇ０６Ｆ１１／１６，６６６が優先；記録担体およびトランスデューサーの間の相対的運動に基づいた情報記憶中のエラー検出又は訂正Ｇ１１Ｂ２０／１８；訂正動作のための静的記憶をチェックすることＧ１１Ｃ２９／００；ロジック回路用Ｈ０３Ｋ１９／００３，Ｈ０３Ｋ１９／００７；パルス・カウンター用あるいは周波数分割器用Ｈ０３Ｋ２１／４０）,・・・冗長ハードウェアの出力信号を比較することによるエラー検出（Ｇ０６Ｆ１１／１６　６２９，Ｇ０６Ｆ１１／１６　６６６が優先；記録担体およびトランスデューサーの間の相対的運動に基づいた情報記憶中のエラー検出または訂正Ｇ１１Ｂ２０／１８；訂正動作のための静的記憶をチェックすることＧ１１Ｃ２９／００；ロジック回路用Ｈ０３Ｋ１９／００３，Ｈ０３Ｋ１９／００７；パルスカウンター用あるいは周波数分割器用Ｈ０３Ｋ２１／４０）
uploaded,タイトル変更,G06F 11/16 625,G06F 11/16 625,・・・・通信，例．伝送，インターフェース，におけるもの,・・・・通信，例．伝送またはインターフェース，におけるもの
uploaded,タイトル変更,G06F 11/16 645,G06F 11/16 645,・・・・・冗長ハードウェアを使用したそれ自体の比較,・・・・・比較回路自体が冗長構成になっているもの
uploaded,タイトル変更,G06F 11/16 662,G06F 11/16 662,・・・・永続的記憶装置である再同期コンポーネントまたはユニット（障害ミラー記憶の再同期Ｇ０６Ｆ１１／２０，６８２；パリティＲＡＩＤ記憶の再構築または復元Ｇ０６Ｆ１１／１０，６０８）,・・・・永続的記憶装置である再同期コンポーネントまたはユニット（障害ミラー記憶の再同期Ｇ０６Ｆ１１／２０　６８２；パリティＲＡＩＤ記憶の再構築または復元Ｇ０６Ｆ１１／１０　６０８）
uploaded,タイトル変更,G06F 11/16 687,G06F 11/16 687,・・・・イベント・レベル，例．割り込みまたはポーリングの結果による,・・・・イベントレベル，例．割り込みまたはポーリングの結果による
uploaded,タイトル変更,G06F 11/16 695,G06F 11/16 695,・・・時間多様化で稼働しているもの,・・・時間多様化，すなわちｔｉｍｅ　ｄｉｖｅｒｓｉｔｙで稼働しているもの
uploaded,タイトル変更,G06F 11/18,G06F 11/18,・・・冗長回路の受動的フォールトマスキングによるもの，例．カッディングまたは多数決回路によるもの［３］,・・・冗長回路の受動的フォールトマスキングによるもの，例．クアッディング等の冗長回路の組み合わせロジックによるものまたは多数決回路によるもの［３］
uploaded,タイトル変更,G06F 11/02 610,G06F 11/02 610,・・・・・・ストレージ・システム・コンポーネント間,・・・・・・ストレージシステムコンポーネント間
uploaded,タイトル変更,G06F 11/02 612,G06F 11/02 612,・・・・・異なるコミュニケーション・プロトコルの使用,・・・・・異なるコミュニケーションプロトコルの使用
uploaded,タイトル変更,G06F 11/02 617,G06F 11/02 617,・・・・メモリアクセス，メモリ制御管理あるいはＩ／Ｏ制御機能性が冗長なもの（冗長な通信制御機能性Ｇ０６Ｆ１１／２０，６０５；　冗長なストレージ制御機能性Ｇ０６Ｆ１１／２０，６８９）,・・・・メモリアクセス，メモリ制御管理あるいはＩ／Ｏ制御機能性が冗長なもの（冗長な通信制御機能性Ｇ０６Ｆ１１／２０　６０５；冗長なストレージ制御機能性Ｇ０６Ｆ１１／２０　６８９）
uploaded,タイトル変更,G06F 11/02 620,G06F 11/02 620,・・・・処理機能性が冗長なもの（冗長な通信制御機能性Ｇ０６Ｆ１１／２０，６０５，冗長なストレージ制御機能性Ｇ０６Ｆ１１／２０，６８９）,・・・・処理機能性が冗長なもの（冗長な通信制御機能性Ｇ０６Ｆ１１／２０　６０５，冗長なストレージ制御機能性Ｇ０６Ｆ１１／２０　６８９）
uploaded,タイトル変更,G06F 11/02 646,G06F 11/02 646,・・・・・冗長コンポーネントが永続性記憶を共有するもの（Ｇ０６Ｆ１１／２０，６４３が優先）,・・・・・冗長コンポーネントが永続性記憶を共有するもの（Ｇ０６Ｆ１１／２０　６４３が優先）
uploaded,タイトル変更,G06F 11/02 651,G06F 11/02 651,・・・・・通常の構造のもの,・・・・・規則的構造のもの
uploaded,タイトル変更,G06F 11/02 661,G06F 11/02 661,・・・・・・データ・デクラスタリングと結合したもの,・・・・・・データデクラスタリングと結合したもの
uploaded,タイトル変更,G06F 11/02 694,G06F 11/02 694,・・・・・冗長なストレージあるいはストレージ空間（Ｇ０６Ｆ１１／２０，６５６が優先）,・・・・・冗長なストレージあるいはストレージ空間（Ｇ０６Ｆ１１／２０　６５６が優先）
uploaded,タイトル変更,G06F 11/02 697,G06F 11/02 697,・・・・スタンバイ制御／処理ユニットの更新を維持するもの（初期化またはその再同期，Ｇ０６Ｆ１１／１６，６５８およびサブグループ）,・・・・スタンバイ制御／処理ユニットの更新を維持するもの（初期化またはその再同期，Ｇ０６Ｆ１１／１６　６５８およびサブグループ）
uploaded,タイトル変更,G06F 11/273,G06F 11/273,・・・テスターハードウエアー，すなわち，出力処理回路［６］,・・・テスターハードウェア，すなわち，出力処理回路［６］
uploaded,タイトル変更,G06N 3/00,G06N 3/00,生物学的モデルに基づくコンピュータ・システム（生物の機能的側面をシミュレートするアナログ・コンピュータ・システムＧ０６Ｇ７／６０）［７］,生物学的モデルに基づくコンピュータシステム（生物の機能的側面をシミュレートするアナログコンピュータシステムＧ０６Ｇ７／６０）［７］
uploaded,タイトル変更,G06N 3/00 120,G06N 3/00 120,・生体分子計算機，すなわち，生体分子，蛋白質，細胞を用いるもの（ＤＮＡを用いるものＧ０６Ｎ３／１２，１３０，ニューロンを用いるものＧ０６Ｎ３／０６）,・生体分子計算機，すなわち生体分子，蛋白質または細胞を用いるもの（ＤＮＡを用いるものＧ０６Ｎ３／１２　１３０；ニューロンを用いるものＧ０６Ｎ３／０６）
uploaded,タイトル変更,G06N 3/00 140,G06N 3/00 140,・人工生命，すなわち，生命体をシミュレートする計算機,・人工生命，すなわち生命体をシミュレートする計算機
uploaded,タイトル変更,G06N 3/02,G06N 3/02,・ニューラル・ネットワーク・モデルを用いるもの（適応制御のためのものＧ０５Ｂ１３／００；画像パターンのマッチングＧ０６Ｋ９／００；画像データ処理Ｇ０６Ｔ１／４０；音声パターンのマッチングＧ１０Ｌ１５／１６）［７］,・ニューラルネットワークモデルを用いるもの（適応制御のためのものＧ０５Ｂ１３／００；画像パターンのマッチングＧ０６Ｋ９／００；画像データ処理Ｇ０６Ｔ１／４０；音声パターンのマッチングＧ１０Ｌ１５／１６）［７］
uploaded,タイトル変更,G06N 3/04 145,G06N 3/04 145,・・・フィードバックネットワーク，例．ホップフィールドネットワーク，連想ネットワーク,・・・フィードバックネットワーク，例．ホップフィールドネットワーク；連想ネットワーク
uploaded,タイトル変更,G06N 3/04 190,G06N 3/04 190,・・・時間的なニューラルネット，例．遅延要素，ニューロン振動，パルス入力,・・・時間的なニューラルネット，例．遅延要素，ニューロン振動またはパルス入力
uploaded,タイトル変更,G06N 3/06,G06N 3/06,・・物理的な実現，すなわち，ニューラル・ネットワーク，ニューロン，ニューロン構成要素のハードウェア実装［７］,・・物理的な実現，すなわちニューラルネットワーク，ニューロンまたはニューロン構成要素のハードウェア実装［７］
uploaded,タイトル変更,G06N 3/08 120,G06N 3/08 120,・・・構成を変更するもの，例．ニューロンまたはシナプスの追加または削除，剪定,・・・構成を変更するもの，例．ニューロンまたはシナプスの追加または削除；剪定
uploaded,タイトル変更,G06N 3/12 130,G06N 3/12 130,・・ＤＮＡ計算機，すなわち，生物学的ＤＮＡを用いる情報処理,・・ＤＮＡ計算機，すなわち生物学的ＤＮＡを用いる情報処理
uploaded,タイトル変更,G06N 3/12 160,G06N 3/12 160,・・遺伝的アルゴリズム，すなわち，遺伝系のデジタルシミュレーションを用いる情報処理,・・遺伝的アルゴリズム，すなわち遺伝系のデジタルシミュレーションを用いる情報処理
uploaded,タイトル変更,G06N 5/00,G06N 5/00,知識ベースモデルを利用したコンピュータ・システム［７］,知識ベースモデルを利用したコンピュータシステム［７］
uploaded,タイトル変更,G06N 5/02 150,G06N 5/02 150,・・・データからの規則の抽出（学習一般Ｇ０６Ｎ９９／００，１５０）,・・・データからの規則の抽出（学習一般Ｇ０６Ｎ９９／００　１５０）
uploaded,タイトル変更,G06N 7/00,G06N 7/00,特定の数学的モデルに基づいたコンピュータ・システム［７］,特定の数学的モデルに基づいたコンピュータシステム［７］
uploaded,タイトル変更,G06N 7/08,G06N 7/08,・カオス・モデルまたは非線形システム・モデルを用いるもの［７］,・カオスモデルまたは非線形システムモデルを用いるもの［７］
uploaded,タイトル変更,G06N 99/00 120,G06N 99/00 120,・量子コンピュータ，すなわち，量子重ね，コヒーレンス，デコヒーレンス，もつれ，非局所性，テレポーテーションを用いた情報処理を行うもの,・量子コンピュータ，すなわち量子重ね，コヒーレンス，デコヒーレンス，もつれ，非局所性またはテレポーテーションを用いた情報処理を行うもの
uploaded,タイトル変更,G06N 99/00 150,G06N 99/00 150,・学習機械，すなわち，一回の動作期間に，機械自身によって得られた経験によってプログラムが変化されるコンピュータ（ニューラルネットワークＧ０６Ｎ３／０２；知識ベースモデルＧ０６Ｎ５／００；ファジー論理システムＧ０６Ｎ７／０２；適応制御システムＧ０５Ｂ１３／００）,・学習機械，すなわち一回の動作期間に，機械自身によって得られた経験によってプログラムが変化されるコンピュータ（ニューラルネットワークＧ０６Ｎ３／０２；知識ベースモデルＧ０６Ｎ５／００；ファジー論理システムＧ０６Ｎ７／０２；適応制御システムＧ０５Ｂ１３／００）
uploaded,タイトル変更,G06N 99/00 170,G06N 99/00 170,・分子コンピュータ，すなわち，無機分子を用いるもの（生体分子を用いるものＧ０６Ｎ３／００，１２０）,・分子コンピュータ，すなわち無機分子を用いるもの（生体分子を用いるものＧ０６Ｎ３／００　１２０）
uploaded,タイトル変更,G10K 15/00,G10K 15/00,他に分類されない音響,他に分類されない音響［４］
uploaded,タイトル変更,G10K 15/00 K,G10K 15/00 K,音響－光変換装置,音響ー光変換装置
uploaded,タイトル変更,G10K 15/00 L,G10K 15/00 L,音響特性，音場の測定等,音響特性，音場の測定
uploaded,タイトル変更,G10K 15/00 M,G10K 15/00 M,ホ－ル，リスニングル－ム，車内等の音響に関するもの〔例．エンジン騒音防止装置〕,ホール，リスニングルームまたは車内等の音響に関するもの，例．エンジン騒音防止装置
uploaded,タイトル変更,G10K 15/02,G10K 15/02,・音響波の合成（音声の合成Ｇ１０Ｌ）,・音響波の合成（音声の合成Ｇ１０Ｌ１３／００）［４］
uploaded,タイトル変更,G10K 15/04,G10K 15/04,・音を発生する装置（１５／０２が優先）,・音を発生する装置（Ｇ１０Ｋ１５／０２が優先）［４］
uploaded,タイトル変更,G10K 15/04 301 Z,G10K 15/04 301 Z,その他のもの〔例．水琴窟〕,その他のもの，例．水琴窟
uploaded,タイトル変更,G10K 15/04 302 B,G10K 15/04 302 B,音発生の確認，テスト等,音発生の確認，テスト
uploaded,タイトル変更,G10K 15/04 302 E,G10K 15/04 302 E,ビブラ－ト，トレモロ，合唱効果等,ビブラート，トレモロまたは合唱効果
uploaded,タイトル変更,G10K 15/04 302 F,G10K 15/04 302 F,メモリ等を利用した音響発生装置，物品への適用〔例．磁気カ－ド，オルゴ－ルステイツク，メロデイ発生付容器〕,メモリ等を利用した音響発生装置，物品への適用，例．磁気カード，オルゴールスティックまたはメロディ発生付容器
uploaded,タイトル変更,G10K 15/04 302 G,G10K 15/04 302 G,電気的擬音発生装置〔例．擬似海中雑音発生装置，テレビゲ－ム用音声発生装置〕,電気的擬音発生装置，例．擬似海中雑音発生装置またはテレビゲーム用音声発生装置
uploaded,タイトル変更,G10K 15/04 302 M,G10K 15/04 302 M,睡眠誘導音、精神の安定または高揚に関する音,睡眠誘導音，精神の安定または高揚に関する音
uploaded,タイトル変更,G10K 15/04 302 Z,G10K 15/04 302 Z,その他のもの〔例．光を音の合成態に変える光センサ－装置〕,その他のもの，例．光を音の合成態に変える光センサー装置
uploaded,タイトル変更,G10K 15/04 303,G10K 15/04 303,・・・電気機械変換器を用いるもので，変換器によつて特定されない発音回路（発振回路の一部に電気機械変換器が含まれるもの９／１２）,・・・電気機械変換器を用いるもので，変換器によって特定されない発音回路（発振回路の一部に電気機械変換器が含まれるものＧ１０Ｋ９／１２）
uploaded,タイトル変更,G10K 15/04 303 A,G10K 15/04 303 A,発音装置のスイツチング，停止，電源等,発音装置のスイッチング，停止または電源
uploaded,タイトル変更,G10K 15/04 304 A,G10K 15/04 304 A,音量音色に特徴を有する回路一般〔例．音響装置（圧電ブザ－等）〕,音量または音色に特徴を有する回路一般，例．圧電ブザー
uploaded,タイトル変更,G10K 15/04 304 B,G10K 15/04 304 B,電子チヤイム〔例．チヤイム音発生回路，被変調波発生回路〕,電子チャイム，例．チャイム音発生回路または被変調波発生回路
uploaded,タイトル変更,G10K 15/04 304 D,G10K 15/04 304 D,分周回路を利用するもの〔例．電子音響発生器（チヤイム等各種ト－ン発生）〕,分周回路を利用するもの，例．トーン発生器
uploaded,タイトル変更,G10K 15/04 304 G,G10K 15/04 304 G,・断続・連続の組合せ,・断続および連続の組合せ
uploaded,タイトル変更,G10K 15/04 304 J,G10K 15/04 304 J,スイツチの切換え，ブザ－選択によるもの,スイッチの切換え，ブザー選択によるもの
uploaded,タイトル変更,G10K 15/06,G10K 15/06,・・放電を用いるもの,・・放電を用いるもの［４］
uploaded,タイトル変更,G11B 17/043 800,G11B 17/043 800,・・・・・ディスク及びカートリッジシャッターの開口機構の続く垂直移動のための機構を有するもの,・・・・・ディスクの続く垂直移動のための機構とカートリッジシャッターの開口機構を有するもの
uploaded,タイトル変更,G21B 1/00,G21B 1/00,制御されると称する核融合炉,熱核融合炉［１，８］
uploaded,タイトル変更,H01M 8/00,H01M 8/00,燃料電池；その製造［２］,燃料電池；その製造［２，２０１６．０１］
uploaded,タイトル変更,H01M 8/00 A,H01M 8/00 A,複数種類の燃料電池の組み合せ、燃料電池と他の電池との組み合せ,燃料電池と他の電池との組み合せ
uploaded,タイトル変更,H01M 8/02,H01M 8/02,・細部（発電要素以外の部分の構造の細部Ｈ０１Ｍ２／００，電極の細部Ｈ０１Ｍ４／００）［２］,・細部（電極Ｈ０１Ｍ４／８６～Ｈ０１Ｍ４／９８）［２，２０１６．０１］
uploaded,タイトル変更,H01M 8/04,H01M 8/04,・補助的な装置または方法，例．圧力制御のためのもの，流体循環のためのもの［２］,・補助的な装置，例．圧力制御のためのもの，または流体循環のためのもの［２，２０１６．０１］
uploaded,タイトル変更,H01M 8/04 H,H01M 8/04 H,保護・安全,保護；安全
uploaded,タイトル変更,H01M 8/04 J,H01M 8/04 J,流体の循環・供給,流体の循環または供給
uploaded,タイトル変更,H01M 8/04 N,H01M 8/04 N,・流体の循環・供給経路の補助的な装置に特徴のあるもの,・流体の循環または供給経路の補助的な装置に特徴のあるもの
uploaded,タイトル変更,H01M 8/06,H01M 8/06,・反応物質の製造または反応生成物の処理のための手段と燃料電池との結合（再生形燃料電池Ｈ０１Ｍ８／１８）［２］,・反応物質の製造または反応生成物の処理のための手段と燃料電池との結合（再生形燃料電池Ｈ０１Ｍ８／１８）［２，２０１６．０１］
uploaded,タイトル変更,H01M 8/08,H01M 8/08,・水成電解質をもつ燃料電池［２］,・水性電解質をもつ燃料電池［２，２０１６．０１］
uploaded,タイトル変更,H01M 8/01,H01M 8/01,・固体電解質をもつ燃料電池［２］,・固体電解質をもつ燃料電池［２，２０１６．０１］
uploaded,タイトル変更,H01M 8/12,H01M 8/12,・・高温度で動作するもの，例．安定化ＺｒＯ↓２電解質をもつもの［２］,・・高温で動作するもの，例．安定化ＺｒＯ↓２をもつもの［２，２０１６．０１］
uploaded,タイトル変更,H01M 8/22,H01M 8/22,・炭素または酸素または水素とこれら以外の元素とからなる物質を燃料として使用する燃料電池；炭素，酸素および水素以外の元素のみからなる物質を燃料として使用する燃料電池［２］,・炭素，酸素または水素とこれら以外の元素とからなる物質を燃料として使用する燃料電池；炭素，酸素および水素以外の元素のみからなる物質を燃料として使用する燃料電池［２］
uploaded,タイトル変更,H01M 8/24,H01M 8/24,・燃料電池の集合化，例．モジュール［２］,・燃料電池の集合化，例．燃料電池の積層［２，２０１６．０１］
uploaded,タイトル変更,H03K 19/173 170,H03K 19/173 170,・・・・マルチプレクサを用いるもの（Ｈ０３Ｋ１９／１７３８が優先）,・・・・マルチプレクサを用いるもの（Ｈ０３Ｋ１９／１７３，１８０が優先）
uploaded,タイトル変更,H03M 11/00,H03M 11/00,キーボードまたはその類似装置に関連する符号化（キーボードスイッチ装置，符号器とキーボードとの構造的な給合Ｈ０１Ｈ１３／７０，Ｈ０３Ｋ１７／９４）,キーボードまたはその類似装置に関連する符号化，すなわち操作されたキーの位置の符号化（キーボードスイッチ装置，符号器とキーボードとの構造的な結合Ｈ０１Ｈ１３／７０，Ｈ０３Ｋ１７／９４）［４］
uploaded,タイトル変更,H04L 25/00,H04L 25/00,直流方式,ベースバンド方式
uploaded,タイトル変更,H04L 25/02,H04L 25/02,・細部（有線伝送方式一般におけるものＨ０４Ｂ３／０２；パルス処理用回路一般Ｈ０３Ｋ）,・細部
uploaded,タイトル変更,H04L 25/02 301,H04L 25/02 301,・・監視，試験（伝送系の監視，試験一般Ｈ０４Ｂ３／４６，１７／００）,・・監視；試験（伝送系の監視または試験一般Ｈ０４Ｂ３／４６，Ｈ０４Ｂ１７／００）
uploaded,タイトル変更,H04L 25/02 301 A,H04L 25/02 301 A,監視〔Ｆ，Ｇが優先〕,監視（Ｈ０４Ｌ２５／０２　３０１Ｆ，Ｇが優先）
uploaded,タイトル変更,H04L 25/02 301 D,H04L 25/02 301 D,・送信回路，受信回路の監視,・送信回路または受信回路の監視
uploaded,タイトル変更,H04L 25/02 301 J,H04L 25/02 301 J,試験〔Ｆ，Ｇが優先〕,試験（Ｈ０４Ｌ２５／０２　３０１Ｆ，Ｇが優先）
uploaded,タイトル変更,H04L 25/02 302,H04L 25/02 302,・・伝送系の品質測定，例．ジツタ，マ－ジユの測定（伝送系の品質測定一般Ｈ０４Ｂ３／４６，１７／００）,・・伝送系の品質測定，例．ジッタまたはマージュの測定（伝送系の品質測定一般Ｈ０４Ｂ３／４６，Ｈ０４Ｂ１７／００）
uploaded,タイトル変更,H04L 25/02 302 A,H04L 25/02 302 A,ジツタ測定,ジッタ測定
uploaded,タイトル変更,H04L 25/02 302 B,H04L 25/02 302 B,マ－ジユ測定,マージュ測定
uploaded,タイトル変更,H04L 25/02 303,H04L 25/02 303,・・伝送線路との結合，例．光結合，トランス結合,・・伝送線路との結合，例．光結合またはトランス結合
uploaded,タイトル変更,H04L 25/02 K,H04L 25/02 K,伝送系の要素への電力供給を兼ねるデ－タ伝送〔有線伝送方式一般におけるものＨ０４Ｂ３／４４，Ｈ０４Ｂ３／５４〕,伝送系の要素への電力供給を兼ねるデータ伝送（有線伝送方式一般におけるものＨ０４Ｂ３／４４，Ｈ０４Ｂ３／５４）
uploaded,タイトル変更,H04L 25/02 W,H04L 25/02 W,電流モ－ド伝送,電流モード伝送
uploaded,タイトル変更,H04L 25/02 X,H04L 25/02 X,スイツチ入力信号の伝送,スイッチ入力信号の伝送
uploaded,タイトル変更,H04L 25/03,H04L 25/03,・・送信機または受信機における整形回路網，例．整形回路網を付加するもの（インピーダンス回路網それ自体Ｈ０３Ｈ）「２」,・・送信機または受信機における整形回路網，例．整形回路網を付加するもの［２］
uploaded,タイトル変更,H04L 25/03 B,H04L 25/03 B,帯域制限回路〔例．送信フイルタ；有線伝送方式一般におけるもの，Ｈ０４Ｂ３／０４Ｚ〕,帯域制限回路，例．送信フィルタ（有線伝送方式一般におけるものＨ０４Ｂ３／０４Ｚ）
uploaded,タイトル変更,H04L 25/03 C,H04L 25/03 C,符号間干渉除去回路〔例．等化器；有線伝送方式一般におけるもの，Ｈ０４Ｂ３／０４Ａ〕,符号間干渉除去回路，例．等化器（有線伝送方式一般におけるものＨ０４Ｂ３／０４Ａ）
uploaded,タイトル変更,H04L 25/03 D,H04L 25/03 D,増幅器の制御回路〔例．ＡＧＣ；有線伝送方式一般におけるもの，Ｈ０４Ｂ３／０４Ｂ〕,増幅器の制御回路，例．ＡＧＣ（有線伝送方式一般におけるものＨ０４Ｂ３／０４Ｂ）
uploaded,タイトル変更,H04L 25/03 E,H04L 25/03 E,信号識別回路，振幅弁別回路,信号識別回路または振幅弁別回路
uploaded,タイトル変更,H04L 25/04,H04L 25/04,・・・受動整形回路網「２」,・・・受動整形回路網［２］
uploaded,タイトル変更,H04L 25/08 A,H04L 25/08 A,１タイムスロツト中の複数時点において受信信号を識別し，その後多数決判定をするもの,１タイムスロット中の複数時点において受信信号を識別し，その後多数決判定をするもの
uploaded,タイトル変更,H04L 25/17,H04L 25/17,・・補間装置「４」,・・補間装置［４］
uploaded,タイトル変更,H04L 25/18,H04L 25/18,・・電信信号を誘導的に発生させるための配置（インダクションコイル遮断器Ｈ０１Ｈ５１／３４，ダイナモ電動発電機Ｈ０２Ｋ）,・・電信信号を誘導的に発生させるための配置
uploaded,タイトル変更,H04L 25/22,H04L 25/22,・・・２線４線変換用中継器（中継器一般Ｈ０４Ｂ）；単流複流変換用中継器,・・・２線４線変換用中継器；単流複流変換用中継器
uploaded,タイトル変更,H04L 25/04,H04L 25/04,・・送信回路；受信回路（中継器回路，リレー回路２５／５２）,・・送信回路；受信回路
uploaded,タイトル変更,H04L 25/45,H04L 25/45,・・・電子的分配器を用いるもの（電子的分配器一般Ｈ０３Ｋ１７／００）「２」,・・・電子的分配器を用いるもの［２］
uploaded,タイトル変更,H04L 25/46,H04L 25/46,・・・音さ，または音片を用いるもの,・・・音さまたは音片を用いるもの
uploaded,タイトル変更,H04L 25/48,H04L 25/48,・・・使用される符号によって特徴づけられるもの（２５／４９が優先）「２」,・・・使用される符号によって特徴づけられるもの（Ｈ０４Ｌ２５／４９が優先）［２］
uploaded,タイトル変更,H04L 25/49,H04L 25/49,・・・送信機において符号変換を用いるもの；予わいを用いるもの；所望の周波数スペクトルを得るためにアイドルビットを挿入するもの；三つまたはそれ以上の振幅レベルを用いるもの「２」,・・・送信機において符号変換を用いるもの；予わいを用いるもの；所望の周波数スペクトルを得るためにアイドルビットを挿入するもの；三つまたはそれ以上の振幅レベルを用いるもの［２］
uploaded,タイトル変更,H04L 25/49 A,H04L 25/49 A,・ｍデイジツトからｎデイジツトへの変換を用いるもの〔ｍ，ｎは２以上の整数〕,・ｍディジットからｎディジットへの変換を用いるものであって，ｍおよびｎは２以上の整数であるもの
uploaded,タイトル変更,H04L 25/49 E,H04L 25/49 E,・バイフエイズマ－ク符号またはバイフエイズスペ－ス符号,・バイフェイズマーク符号またはバイフェイズスペース符号
uploaded,タイトル変更,H04L 25/49 F,H04L 25/49 F,・バイフエイズレベル符号すなわちマンチエスタ符号,・バイフェイズレベル符号すなわちマンチェスタ符号
uploaded,タイトル変更,H04L 25/49 P,H04L 25/49 P,・ｍデイジツトからｎデイジツトへの変換を用いるもの〔ｍ，ｎは２以上の整数〕,・ｍディジットからｎディジットへの変換を用いるものであって，ｍおよびｎは２以上の整数であるもの
uploaded,タイトル変更,H04L 25/49 R,H04L 25/49 R,・・１タイムスロツトの時間が一定のもの,・・１タイムスロットの時間が一定のもの
uploaded,タイトル変更,H04L 25/49 T,H04L 25/49 T,・ｍデイジツトからｎデイジツトへの変換を用いるもの〔ｍ，ｎは２以上の整数〕,・ｍディジットからｎディジットへの変換を用いるものであって，ｍおよびｎは２以上の整数であるもの
uploaded,タイトル変更,H04L 25/493,H04L 25/493,・・・・遷移符号化，すなわち．伝送前に遷移の時間位置や方向が符号化されるもの「３」,・・・・遷移符号化，すなわち伝送前に遷移の時間位置や方向が符号化されるもの［３］
uploaded,タイトル変更,H04L 25/497,H04L 25/497,・・・・相関符号化によるもの，例．パーシャルレスポンス符号化またはエコー変調符号化「３」,・・・・相関符号化によるもの，例．パーシャルレスポンス符号化またはエコー変調符号化［３］
uploaded,タイトル変更,H04L 25/62,H04L 25/62,・・・音さ，または音片を用いるもの,・・・音さまたは音片を用いるもの
uploaded,タイトル変更,H04N 5/06 020,H04N 5/06 020,・・・デジタル音声用,・・・デジタル音声信号用
uploaded,タイトル変更,H04N 5/7826 600,H04N 5/7826 600,・・・・・・・１つのテレビジョンフィールド，またはフレームを記録，すなわちセグメント化記録，するために１以上のトラックを使用するもの,・・・・・・・１つのテレビジョンフィールド，またはフレームを記録するために２以上のトラックを使用するもの，すなわちセグメント化記録
uploaded,タイトル変更,H04N 5/92 010,H04N 5/92 010,・・・・付加信号およびビデオ信号の多重化処理を含むもの,・・・・付加信号およびビデオ信号の多重化処理を伴うもの
uploaded,タイトル変更,H04N 5/926 100,H04N 5/926 100,・・・・・データ圧縮を含むもの,・・・・・データ圧縮を伴うもの
uploaded,タイトル変更,H04N 5/926 500,H04N 5/926 500,・・・・・音声信号処理を有するもの,・・・・・音声信号処理を伴うもの
uploaded,タイトル変更,H04N 5/931 500,H04N 5/931 500,・・・・・レベル制御が周波数に依存するもの（Ｈ０４Ｎ５／９２３が優先）,・・・・・周波数依存性のあるレベル制御（Ｈ０４Ｎ５／９２３が優先）
uploaded,タイトル変更,H04N 9/00,H04N 9/00,カラーテレビジョン方式の細部,カラーテレビジョン方式の細部［４］
uploaded,タイトル変更,H04N 9/00 C,H04N 9/00 C,文字放送・静止画放送の受信〔文字放送の伝送する方式，Ｈ０４Ｎ７／０８Ａ〕,文字放送または静止画放送の受信（文字放送の伝送する方式Ｈ０４Ｎ７／０８Ａ）
uploaded,タイトル変更,H04N 9/00 D,H04N 9/00 D,ＴＶ画像製版・印刷〔カラ－プリンテイング，Ｂ４１Ｊ３／００Ｙ〕,ＴＶ画像製版または印刷（カラープリンティングＢ４１Ｊ３／００）
uploaded,タイトル変更,H04N 9/00 F,H04N 9/00 F,音声のパタ－ン表示〔音声信号により色，パタ－ン等を変化させるもの〕,音声のパタ－ン表示，例．音声信号により色やパターン等を変化させるもの
uploaded,タイトル変更,H04N 9/04,H04N 9/04,・画像信号発生装置,・画像信号発生装置［４］
uploaded,タイトル変更,H04N 9/04 A,H04N 9/04 A,固体撮像素子を用いたもの〔固体撮像素子，Ｈ０１Ｌ２７／１４〕,固体素子を使用するもの（Ｈ０４Ｎ９／１１が優先；固体素子画像信号発生器Ｈ０１Ｌ３１／００）
uploaded,タイトル変更,H04N 9/04 C,H04N 9/04 C,カメラヘツド,カメラヘッド
uploaded,タイトル変更,H04N 9/07,H04N 9/07,・・１つの撮像装置のみを有するもの,・・１つの撮像装置のみを有するもの［２，４］
uploaded,タイトル変更,H04N 9/07 D,H04N 9/07 D,色フイルタに特徴のあるもの〔色フイルタ－自体，Ｇ０２Ｂ５／２０，１０１〕,色フィルタに特徴のあるもの（色フィルタ自体Ｇ０２Ｂ５／２０　１０１）
uploaded,タイトル変更,H04N 9/077,H04N 9/077,・・・カラー信号がその位相によって特徴づけられているもの,・・・カラー信号がその位相によって特徴づけられているもの［４］
uploaded,タイトル変更,H04N 9/083,H04N 9/083,・・・カラー信号がその周波数によって特徴づけられているもの,・・・カラー信号がその周波数によって特徴づけられているもの［４］
uploaded,タイトル変更,H04N 9/09,H04N 9/09,・・２つ以上の撮像装置を有するもの,・・２つ以上の撮像装置を有するもの［４］
uploaded,タイトル変更,H04N 9/093,H04N 9/093,・・・映像信号のレジストレーションずれを回避または補正するための方式,・・・映像信号のレジストレーションずれを回避または補正するための方式［４］
uploaded,タイトル変更,H04N 9/097,H04N 9/097,・・・これに関連する光学的装置，例．分光のためのもの，色補正のためのもの（分光それ自体Ｇ０２Ｂ２７／１０）,・・・これに関連する光学的装置，例．分光のためのもの，色補正のためのもの［４］
uploaded,タイトル変更,H04N 9/01,H04N 9/01,・・光学―機械的走査手段のみを用いるもの（９／１１が優先；光学的走査系一般Ｇ０２Ｂ２６／１０）,・・光学―機械的走査手段のみを用いるもの（Ｈ０４Ｎ９／１１が優先）［２，４］
uploaded,タイトル変更,H04N 9/11,H04N 9/11,・・カラー映画フィルムの走査，例．テレシネのためのもの,・・カラー映画フィルムの走査，例．テレシネのためのもの［２，４］
uploaded,タイトル変更,H04N 9/12,H04N 9/12,・映像再生装置（光ビームの電気―光学的，磁気―光学的または音響―光学的変調または偏向のための部品または装置Ｇ０２Ｆ）,・映像再生装置（Ｈ０４Ｎ９／１１が優先）［２，４］
uploaded,タイトル変更,H04N 9/12 B,H04N 9/12 B,素点発光（例，液晶放電管によるもの）,素点発光，例．液晶放電管によるもの
uploaded,タイトル変更,H04N 9/14,H04N 9/14,・・光学―機械的走査手段のみを用いるもの（９／１１が優先；光学的走査系一般Ｇ０２Ｂ２６／１０）,・・光学―機械的走査手段のみを用いるもの［２，４］
uploaded,タイトル変更,H04N 9/16,H04N 9/16,・・陰極線管を用いるもの（９／１１が優先；陰極線管Ｈ０１Ｊ３１／００）,・・陰極線管を用いるもの（Ｈ０４Ｎ９／１１が優先）［２，４］
uploaded,タイトル変更,H04N 9/18,H04N 9/18,・・・各原色信号に対し別々の電子ビームを用いるもの（９／２７が優先）,・・・各原色信号に対し別々の電子ビームを用いるもの（Ｈ０４Ｎ９／２７が優先）［２，４］
uploaded,タイトル変更,H04N 9/02,H04N 9/02,・・・・１つの受像管中に２つ以上のビームをもつもの,・・・・１つの受像管中に２つ以上のビームを持つもの［４］
uploaded,タイトル変更,H04N 9/22,H04N 9/22,・・・２つ以上の原色信号に対し同一ビームを用いるもの（９／２７が優先）,・・・２つ以上の原色信号に対し同一ビームを用いるもの（Ｈ０４Ｎ９／２７が優先）［２，４］
uploaded,タイトル変更,H04N 9/24,H04N 9/24,・・・・電子ビーム瞬時位置を指示するための信号を発生するための管の手段を用いるもの,・・・・電子ビーム瞬時位置を指示するための信号を発生するための管の手段を用いるもの［４］
uploaded,タイトル変更,H04N 9/24 A,H04N 9/24 A,インデツクス受像管の構造,インデックス受像管の構造
uploaded,タイトル変更,H04N 9/24 B,H04N 9/24 B,インデツクス信号による偏向制御，直線性の補正,インデックス信号による偏向制御または直線性の補正
uploaded,タイトル変更,H04N 9/24 C,H04N 9/24 C,インデツクス信号の発生・検出,インデツクス信号の発生または検出
uploaded,タイトル変更,H04N 9/24 D,H04N 9/24 D,インデツクス信号の処理,インデックス信号の処理
uploaded,タイトル変更,H04N 9/24 E,H04N 9/24 E,インデツクス信号による電子ビ－ム量の制御,インデックス信号による電子ビーム量の制御
uploaded,タイトル変更,H04N 9/26,H04N 9/26,・・・・電子光学的色選択手段を用いるもの，例．ライングリッド，電子銃の内部または，近傍，または蛍光スクリーンの近傍の色選択のための偏向手段,・・・・電子光学的色選択手段を用いるもの，例．ライングリッド，電子銃の内部または近傍，または蛍光スクリーンの近傍の色選択のための偏向手段［４］
uploaded,タイトル変更,H04N 9/27,H04N 9/27,・・・発光層への電子ビームの透過の深さが可変であるもの，例．ペネドロン,・・・発光層への電子ビームの透過の深さが可変であるもの，例．ペネドロン［２，４］
uploaded,タイトル変更,H04N 9/28,H04N 9/28,・・・集束または集中のための装置,・・・集束または集中のための装置［４］
uploaded,タイトル変更,H04N 9/28 A,H04N 9/28 A,コンバ－ジエンス回路,コンバージェンス回路
uploaded,タイトル変更,H04N 9/28 B,H04N 9/28 B,コンバ－ジエンス装置,コンバージェンス装置
uploaded,タイトル変更,H04N 9/28 D,H04N 9/28 D,・永久磁石を用いるもの〔ブル－ラテラル，周辺ピユリテイを含む〕,・永久磁石を用いるもの，例．ブルーラテラルまたは周辺ピュリティ
uploaded,タイトル変更,H04N 9/28 F,H04N 9/28 F,・温度補償のためのもの〔シヤドウマスクの熱膨張による色純度補正を含む〕,・温度補償のためのもの，例．シャドウマスクの熱膨張による色純度補正
uploaded,タイトル変更,H04N 9/285,H04N 9/285,・・・・４極レンズを用いるもの（４極レンズそれ自体Ｇ２１Ｋ１／０８，Ｈ０１Ｊ３／１４，２９／５８　３７／１０）,・・・・４極レンズを用いるもの［４］
uploaded,タイトル変更,H04N 9/29,H04N 9/29,・・・消磁または外部磁界の補正装置,・・・消磁または外部磁界の補正装置［２，４］
uploaded,タイトル変更,H04N 9/03,H04N 9/03,・・固体色彩表示装置を用いるもの,・・固体色彩表示装置を用いるもの［４］
uploaded,タイトル変更,H04N 9/31,H04N 9/31,・・カラー映像表示のための投射装置,・・カラー映像表示のための投射装置［２，４］
uploaded,タイトル変更,H04N 9/43,H04N 9/43,・カラー画像表示を行うための単色映像信号からカラー映像信号への変換,・カラー画像表示を行うための単色映像信号からカラー映像信号への変換［４］
uploaded,タイトル変更,H04N 9/77,H04N 9/77,・輝度信号と色度信号とを関連して処理するための回路，例．輝度信号と色信号との位相合わせ，徴分利得の補正または微分位相の補正（マトリックス化のための回路９／６７）,・輝度信号と色度信号とを関連して処理するための回路，例．輝度信号と色信号との位相合わせ，微分利得の補正または微分位相の補正（マトリックス化のための回路Ｈ０４Ｎ９／６７）［４］
uploaded,タイトル変更,H04N 9/79,H04N 9/79,・記録に関連するカラーテレビジョン信号の処理,・記録に関連するカラーテレビジョン信号の処理［４］
uploaded,タイトル変更,H04N 9/08,H04N 9/08,・・記録のためのテレビジョン信号の変換，例．変調，周波数変換；再生のための逆変換,・・記録のためのテレビジョン信号の変換，例．変調，周波数変換；再生のための逆変換［４］
uploaded,タイトル変更,H04N 9/81,H04N 9/81,・・・各カラー映像信号成分を順次に記録するもの,・・・各カラー映像信号成分を順次に記録するもの［４］
uploaded,タイトル変更,H04N 9/82,H04N 9/82,・・・各カラー映像信号成分を同時に記録するもの,・・・各カラー映像信号成分を同時に記録するもの［４］
uploaded,タイトル変更,H04N 9/83,H04N 9/83,・・・・記録された色彩信号が記録された輝度信号の周波数帯域より低い周波数帯域を占有するもの,・・・・記録された色彩信号が記録された輝度信号の周波数帯域より低い周波数帯域を占有するもの［４］
uploaded,タイトル変更,H04N 9/84,H04N 9/84,・・・・・記録された信号が近接したトラックの各部分で異なる特徴，例．異なる位相または周波数，を有するもの,・・・・・記録された信号が近接したトラックの各部分で異なる特徴，例．異なる位相または周波数，を有するもの［４］
uploaded,タイトル変更,H04N 9/85,H04N 9/85,・・・・記録された輝度信号が記録された色彩信号の周波数帯域に全体的に重なり合った周波数帯域を占有するもの，例．周波数インタリーブ,・・・・記録された輝度信号が記録された色彩信号の周波数帯域に全体的に重なり合った周波数帯域を占有するもの，例．周波数インタリーブ［４］
uploaded,タイトル変更,H04N 9/86,H04N 9/86,・・・各カラー映像信号成分を順次および同時に記録するもの，例．ＳＥＣＡＭ方式に相当するもの,・・・各カラー映像信号成分を順次および同時に記録するもの，例．ＳＥＣＡＭ方式に相当するもの［４］
uploaded,タイトル変更,H04N 9/87,H04N 9/87,・・カラーテレビジョン信号の再生（９／８０が優先）,・・カラーテレビジョン信号の再生（Ｈ０４Ｎ９／８０が優先）［４］
uploaded,タイトル変更,H04N 9/88,H04N 9/88,・・・信号ドロップアウトの補償,・・・信号ドロップアウトの補償［４］
uploaded,タイトル変更,H04N 9/89,H04N 9/89,・・・時間軸誤差の補償,・・・時間軸誤差の補償［４］
uploaded,ドット変更,E04C 2/54,E04C 2/54,・・スラブ状の透光性を有する要素,・スラブ状の透光性を有する要素（光を透過させる床Ｅ０４Ｂ５／４６；半透明または透し細工の天井Ｅ０４Ｂ９／３２，Ｅ０４Ｂ９／３４；透光性を有する屋根葺き材Ｅ０４Ｄ３／０６，Ｅ０４Ｄ３／２８）
uploaded,ドット変更,G03G 13/056,G03G 13/056,・・内部分極によるもの,・内部分極の利用［２，６］
uploaded,ドット変更,G06F 11/02 633,G06F 11/02 633,・・・・・ハードウェア資源の切り替え,・・・・・・ハードウェア資源の切り替え
uploaded,ドット変更,H01M 8/04 M,H01M 8/04 M,・・電解液保持型電池のためのもの,・電解液保持型電池のためのもの
