改正時期,改正種別,改正前FI,改正後FI,改正前タイトル,改正後タイトル
uploaded,新設,,A41D 1/082,,・・・スキー用［２０１８．０１］
uploaded,新設,,A41D 1/084,,・・・サイクリング用［２０１８．０１］
uploaded,新設,,A41D 1/085,,・・・ゴルフ用［２０１８．０１］
uploaded,新設,,A41D 1/086,,・・・乗馬用［２０１８．０１］
uploaded,新設,,A41D 1/089,,・・・ショートパンツ［２０１８．０１］
uploaded,新設,,A41D 1/21,,・妊産婦服；乳幼児の世話をする人に特に適合した衣服［２０１８．０１］
uploaded,新設,,A41D 1/21 100,,・・妊婦服
uploaded,新設,,A41D 1/215,,・・授乳用衣服，例．母乳を与えるためのもの［２０１８．０１］
uploaded,新設,,A47K 3/26,,・上方へのスプレー手段を持たないビデ（上方へのスプレー手段を持つビデＡ６１Ｈ３５／００，Ｅ０３Ｄ９／０８）［７］
uploaded,新設,,A47K 3/28,,・シャワー（浴槽との組み合わせＡ４７Ｋ３／２０；ノズル，スプレー・ヘッドＢ０５Ｂ１／００）［７］
uploaded,新設,,A47K 3/03,,・・スクリーンまたはキャビネット［７］
uploaded,新設,,A47K 3/32,,・・・組立式のキャビネット［７］
uploaded,新設,,A47K 3/34,,・・・スライドできるスクリーン（Ａ４７Ｋ３／３６が優先）［７］
uploaded,新設,,A47K 3/36,,・・・折り畳み式のスクリーン［７］
uploaded,新設,,A47K 3/38,,・・カーテン装置（カーテン，カーテン用つり下げ具Ａ４７Ｈ）［７］
uploaded,新設,,A47K 3/04,,・・皿またはトレー［７］
uploaded,新設,,A61B 5/01,,・人体部分の温度測定（体温計Ｇ０１Ｋ５／２２；特殊目的の温度計Ｇ０１Ｋ１３／００）［７］
uploaded,新設,,A61B 5/01 100,,・・生態表面の測定（Ａ６１Ｂ５／０１　３５０が優先）
uploaded,新設,,A61B 5/01 150,,・・・温度測定回路（臨床用体温計Ｇ０１Ｋ５／２２，婦人用基礎体温計Ａ６１Ｂ１０／００　３０５Ｂ）
uploaded,新設,,A61B 5/01 200,,・・・液晶を用いるもの
uploaded,新設,,A61B 5/01 250,,・・生体内の測定（Ａ６１Ｂ５／０１　３５０が優先）
uploaded,新設,,A61B 5/01 300,,・・・心筋の測定
uploaded,新設,,A61B 5/01 350,,・・赤外線の測定によるもの
uploaded,新設,,A61B 5/0205,,・・心臓血管の状態と人体状態の種々の型の両方を同時に評価するもの，例．心臓と呼吸状態［５］
uploaded,新設,,A61B 5/021,,・・心臓または血管内の圧力を測定するもの（Ａ６１Ｂ５／０２０５が優先）
uploaded,新設,,A61B 5/0215,,・・・人体に挿入された手段によるもの［５］
uploaded,新設,,A61B 5/0215 A,,血圧計システム
uploaded,新設,,A61B 5/0215 B,,・血圧計用カテーテル（カテーテルＡ６１Ｍ２５／００）
uploaded,新設,,A61B 5/0215 C,,・・圧→電変換センサを有するもの
uploaded,新設,,A61B 5/0215 D,,・・圧→光変換センサを有するもの
uploaded,新設,,A61B 5/0215 E,,・カテーテルと測定装置の間を接続するもの
uploaded,新設,,A61B 5/0215 F,,・測定装置（表示，記録Ａ６１Ｂ５／０２２　５００）
uploaded,新設,,A61B 5/0215 Z,,その他のもの
uploaded,新設,,A61B 5/022,,・・・血管をふさぐための圧力を適用するもの，例．皮膚に対するもの；眼底血圧計［５］
uploaded,新設,,A61B 5/022 100,,・・・・血圧の検出
uploaded,新設,,A61B 5/022 100 A,,カフ圧検出，例．流体圧→トランスジューサ
uploaded,新設,,A61B 5/022 100 B,,動脈検出，例．動脈→トランスジューサ
uploaded,新設,,A61B 5/022 100 C,,・カフ帯に用いる点に特徴を有するもの
uploaded,新設,,A61B 5/022 100 D,,検出回路
uploaded,新設,,A61B 5/022 100 Z,,その他のもの
uploaded,新設,,A61B 5/022 200,,・・・・コロトコフ音の検出
uploaded,新設,,A61B 5/022 200 A,,検出部（聴診器はＡ６１Ｂ７／００，マイクロホンはＨ０４Ｒ）
uploaded,新設,,A61B 5/022 200 B,,・カフ帯に用いる点に特徴を有するもの
uploaded,新設,,A61B 5/022 200 C,,検出回路，コロトコフ音の表示
uploaded,新設,,A61B 5/022 200 D,,コロトコフ音の識別
uploaded,新設,,A61B 5/022 200 E,,・フィルタを用いるもの
uploaded,新設,,A61B 5/022 200 F,,・参照信号を用いるもの
uploaded,新設,,A61B 5/022 200 G,,・・脈波を参照信号とするもの
uploaded,新設,,A61B 5/022 200 H,,・２個のマイクロホンを用いるもの
uploaded,新設,,A61B 5/022 200 J,,・その他の回路を用いるもの
uploaded,新設,,A61B 5/022 200 Z,,その他のもの
uploaded,新設,,A61B 5/022 300,,・・・・カフ装置
uploaded,新設,,A61B 5/022 300 A,,阻血用カフ帯（Ａ６１Ｂ５／０２２　３００Ｂが優先）
uploaded,新設,,A61B 5/022 300 B,,集音用カフ帯
uploaded,新設,,A61B 5/022 300 C,,カフ帯の製造
uploaded,新設,,A61B 5/022 300 D,,コロトコフ音検出部の取付け
uploaded,新設,,A61B 5/022 300 E,,コロトコフ音検出部の位置の表示
uploaded,新設,,A61B 5/022 300 F,,血圧計本体を取付けたカフ装置
uploaded,新設,,A61B 5/022 300 G,,カフ帯の巻付け装置
uploaded,新設,,A61B 5/022 300 H,,・面ファスナを用いたもの
uploaded,新設,,A61B 5/022 300 J,,・・折返しリングを有するもの
uploaded,新設,,A61B 5/022 300 K,,・自動式
uploaded,新設,,A61B 5/022 300 L,,肘受け装置
uploaded,新設,,A61B 5/022 300 Z,,その他のもの
uploaded,新設,,A61B 5/022 400,,・・・・血圧の測定
uploaded,新設,,A61B 5/022 400 A,,最高，最低，平均血圧値の決定手段
uploaded,新設,,A61B 5/022 400 B,,・コロトコフ音を用いるもの
uploaded,新設,,A61B 5/022 400 C,,・・最高血圧値の決定
uploaded,新設,,A61B 5/022 400 D,,・・最低血圧値の決定
uploaded,新設,,A61B 5/022 400 E,,・脈波を用いるもの
uploaded,新設,,A61B 5/022 400 F,,・・容積脈波によるもの
uploaded,新設,,A61B 5/022 400 H,,・・位相差によるもの
uploaded,新設,,A61B 5/022 400 L,,血圧値の監視
uploaded,新設,,A61B 5/022 400 M,,血圧値の補正
uploaded,新設,,A61B 5/022 400 N,,装置の検査，異常時の対策
uploaded,新設,,A61B 5/022 400 Z,,その他のもの
uploaded,新設,,A61B 5/022 500,,・・・・表示，記録
uploaded,新設,,A61B 5/022 500 A,,血圧値の表示，記録
uploaded,新設,,A61B 5/022 500 B,,・最高，最低血圧値の表示，記録
uploaded,新設,,A61B 5/022 500 C,,・・同時にコロトコフ音または脈波信号を表示するもの
uploaded,新設,,A61B 5/022 500 D,,・・切換表示
uploaded,新設,,A61B 5/022 500 G,,アネロイド型（アネロイド気圧計Ｇ０１Ｌ７／１２）
uploaded,新設,,A61B 5/022 500 H,,・表示，記録
uploaded,新設,,A61B 5/022 500 L,,測定状態の表示（Ａ６１Ｂ５／０２２　５００Ｍが優先）
uploaded,新設,,A61B 5/022 500 M,,測定異常の表示
uploaded,新設,,A61B 5/022 500 N,,装置異常の表示
uploaded,新設,,A61B 5/022 500 Z,,その他のもの
uploaded,新設,,A61B 5/022 A,,血圧計システム
uploaded,新設,,A61B 5/022 B,,・測定部位に特徴を有するもの
uploaded,新設,,A61B 5/022 C,,・・指用血圧計
uploaded,新設,,A61B 5/022 E,,・血圧計本体（カフと一体のものＡ６１Ｂ５／０２２　３００Ｆ）
uploaded,新設,,A61B 5/022 F,,・・電源，電源スイッチに関するもの
uploaded,新設,,A61B 5/022 G,,・・収納装置
uploaded,新設,,A61B 5/022 H,,・・表示，記録装置（Ａ６１Ｂ５／０２２　５００が優先）
uploaded,新設,,A61B 5/022 J,,・血圧計本体とカフ装置等との間を接続するもの
uploaded,新設,,A61B 5/022 K,,・・流体を接続するもの
uploaded,新設,,A61B 5/022 Z,,その他のもの
uploaded,新設,,A61B 5/0225,,・・・・圧力が電気信号によって制御されるもの，例．コロトコフ音から導き出された電気信号［５］
uploaded,新設,,A61B 5/0225 A,,加減圧装置
uploaded,新設,,A61B 5/0225 B,,・加圧装置
uploaded,新設,,A61B 5/0225 C,,・減圧装置（特に適合した弁Ａ６１Ｂ５／０２３５，弁一般Ｆ１６Ｋ）
uploaded,新設,,A61B 5/0225 E,,・・定速排気弁（特に適合した弁Ａ６１Ｂ５／０２３５）
uploaded,新設,,A61B 5/0225 F,,加減圧制御
uploaded,新設,,A61B 5/0225 G,,・加圧制御
uploaded,新設,,A61B 5/0225 H,,・減圧制御
uploaded,新設,,A61B 5/0225 Z,,その他のもの
uploaded,新設,,A61B 5/023,,・・・・液体柱からなる圧力変換器［５］
uploaded,新設,,A61B 5/023 E,,水銀柱型（水銀柱計Ｇ０１Ｌ１３／０４）
uploaded,新設,,A61B 5/023 F,,・表示，記録
uploaded,新設,,A61B 5/023 Z,,その他のもの
uploaded,新設,,A61B 5/0235,,・・・・そのために特に適合した弁［５］
uploaded,新設,,A61B 5/024,,・・脈拍または心拍を測定するもの（Ａ６１Ｂ５／０２０５，Ａ６１Ｂ５／０２１が優先）［５］
uploaded,新設,,A61B 5/0245,,・・・電気信号を発生する検知手段を用いるもの［５］
uploaded,新設,,A61B 5/0245 100,,・・・・入出力回路（脈波検出トランスジューサー，入力回路はＡ６１Ｂ５／０２　３１０）
uploaded,新設,,A61B 5/0245 100 A,,入力回路
uploaded,新設,,A61B 5/0245 100 B,,・光電式（Ａ６１Ｂ５／０２　３１０Ｈが優先）
uploaded,新設,,A61B 5/0245 100 C,,・圧電式（Ａ６１Ｂ５／０２　３１０Ｊが優先）
uploaded,新設,,A61B 5/0245 100 D,,・心電位式
uploaded,新設,,A61B 5/0245 100 E,,・心音式
uploaded,新設,,A61B 5/0245 100 T,,脈搏数異常の警報
uploaded,新設,,A61B 5/0245 100 Z,,その他のもの
uploaded,新設,,A61B 5/0245 200,,・・・・脈拍数の計数
uploaded,新設,,A61B 5/0245 A,,脈拍計装置（Ａ６１Ｂ５／０２　３１０Ａ，Ａ６１Ｂ５／０２　３１０Ｊが優先）
uploaded,新設,,A61B 5/0245 B,,・脈拍計装置（Ａ６１Ｂ５／０２　３１０Ａ，Ａ６１Ｂ５／０２　３１０Ｊが優先）
uploaded,新設,,A61B 5/0245 C,,・自動車に取付けられたもの
uploaded,新設,,A61B 5/0245 D,,・自転車に取付けられたもの（Ａ６１Ｂ５／０２４５Ｐが優先）
uploaded,新設,,A61B 5/0245 E,,・電源スイッチに関するもの
uploaded,新設,,A61B 5/0245 F,,・信頼性に関するもの
uploaded,新設,,A61B 5/0245 P,,トレーニング用脈拍計
uploaded,新設,,A61B 5/0245 Q,,胎児用脈拍計
uploaded,新設,,A61B 5/0245 Z,,その他のもの
uploaded,新設,,A61B 5/025,,・・・・閉塞器の内部にあるもの，例．コロトコフ音に感応するもの［５］
uploaded,新設,,A61B 5/0255,,・・・そのために特に適合した記録機器［５］
uploaded,新設,,A61B 5/0255 Q,,音声表示
uploaded,新設,,A61B 5/0255 R,,グラフ表示
uploaded,新設,,A61B 5/0255 S,,記憶装置
uploaded,新設,,A61B 5/0255 Z,,その他のもの
uploaded,新設,,A61B 5/026,,・・血流を測定するもの［５］
uploaded,新設,,A61B 5/026 110,,・・・圧力計を用いるもの
uploaded,新設,,A61B 5/026 120,,・・・光センサを用いるもの（Ａ６１Ｂ５／０２７５Ｊが優先）
uploaded,新設,,A61B 5/026 130,,・・・ＮＭＲ法によるもの（イメージングはＡ６１Ｂ５／０５５）
uploaded,新設,,A61B 5/026 140,,・・・その他のもの
uploaded,新設,,A61B 5/0265,,・・・電磁手段を用いるもの，例．電磁流量計［５］
uploaded,新設,,A61B 5/027,,・・・・カテーテルを用いるもの［５］
uploaded,新設,,A61B 5/0275,,・・・追跡子を用いるもの，例．染料希釈［５］
uploaded,新設,,A61B 5/0275 F,,イオンセンサを用いるもの
uploaded,新設,,A61B 5/0275 J,,指示薬を用いるもの，例．色素，ＲＩまたは気泡を含む
uploaded,新設,,A61B 5/0275 Z,,その他のもの
uploaded,新設,,A61B 5/028,,・・・・熱希釈によるもの［５］
uploaded,新設,,A61B 5/0285,,・・・血液波動の位相速度を測定するもの［５］
uploaded,新設,,A61B 5/0285 H,,ドップラー法によるもの（超音波を用いるものＡ６１Ｂ８／０６）
uploaded,新設,,A61B 5/0285 Z,,その他のもの
uploaded,新設,,A61B 5/029,,・・・心臓からの血液拍出量，例．毎分の容積，を測定するもの
uploaded,新設,,A61B 5/0295,,・・・プレチスモグラフィを用いるもの，すなわち通過する血液の循環によって変更されるような人体部分の容積の変化を測定するもの，例．インビーダンスプレチスモグラフィ
uploaded,新設,,A61B 5/055,,・・電子［ＥＭＲ］または核［ＮＭＲ］の磁気共鳴を含むもの，例．磁気共鳴イメージング
uploaded,新設,,A61B 5/055 310,,・・・核磁気共鳴を用いるもの
uploaded,新設,,A61B 5/055 311,,・・・・原理，走査形式一般，例．パルスシーケンス
uploaded,新設,,A61B 5/055 312,,・・・・・スピンエコー法
uploaded,新設,,A61B 5/055 320,,・・・・データ取得部；ガントリー部全体とその周辺，例．ガントリー内部の照明，遮音または配線実装
uploaded,新設,,A61B 5/055 330,,・・・・・磁場系；複数磁場の組合せ，実装等
uploaded,新設,,A61B 5/055 331,,・・・・・・静磁場発生系；永久磁石，電磁石―電源
uploaded,新設,,A61B 5/055 332,,・・・・・・・補正系；調整部材，シムコイル―電源，制御系
uploaded,新設,,A61B 5/055 340,,・・・・・・傾斜磁場発生系；コイル―電源；永久磁石
uploaded,新設,,A61B 5/055 341,,・・・・・・・磁場印加方法（データ取得のための走査方法はＡ６１Ｂ５／０５５　３１１）
uploaded,新設,,A61B 5/055 342,,・・・・・・・・磁場印加制御回路装置
uploaded,新設,,A61B 5/055 350,,・・・・・・高周波磁場系，例．コイル―同調回路―マッチング回路―ケーブル発振器
uploaded,新設,,A61B 5/055 351,,・・・・・・・印加制御回路または装置，例．印加制御―波形制御―切換制御―同時制御
uploaded,新設,,A61B 5/055 355,,・・・・・・共鳴信号受信回路，例．コイル―同調回路―ケーブル―増幅部
uploaded,新設,,A61B 5/055 360,,・・・・・・冷却，例．温度制御
uploaded,新設,,A61B 5/055 362,,・・・・・・磁気遮蔽，例．電磁波の遮蔽，渦電流の補償またはアクティブ制御
uploaded,新設,,A61B 5/055 364,,・・・・・信号検出回路，例．増幅器―フィルター検波回路
uploaded,新設,,A61B 5/055 366,,・・・・・寝台，例．天板，天板上の付属具等；まくら等
uploaded,新設,,A61B 5/055 370,,・・・・制御技術，例．磁気検出，電源制御，全体の制御
uploaded,新設,,A61B 5/055 372,,・・・・サンプリング；Ａ／Ｄ変換時の制御，回路装置
uploaded,新設,,A61B 5/055 374,,・・・・データ補正
uploaded,新設,,A61B 5/055 376,,・・・・データ処理；再構成演算，例．再構成演算と補正を分離せずに行うもの
uploaded,新設,,A61B 5/055 377,,・・・・・フーリエ変換法；再構成におけるもの（一般用途はＧ０６Ｆ）
uploaded,新設,,A61B 5/055 380,,・・・・画像処理；表示技術；すでに画像データになったものに対する処理，画像強調または表示装置
uploaded,新設,,A61B 5/055 382,,・・・・特殊技術；用途，すなわち利用技術，に関するもの，例．動くものを止める，動くものを消すまたは対象が特定なもの，例．流体
uploaded,新設,,A61B 5/055 383,,・・・・・造影剤；造影剤撮影
uploaded,新設,,A61B 5/055 390,,・・・・その他；伝送，保存，データベース，ファントム，周辺具，他の装置との組合せまたは併用
uploaded,新設,,A61B 5/055 400,,・・・電子共鳴を用いるもの
uploaded,新設,,A61B 5/083,,・・呼吸検査を用いることにより代謝率を測定するもの，例．酸素消費率を測定するもの［５］
uploaded,新設,,A61B 5/085,,・・呼吸器抵抗または肺弾性を測定するもの［５］
uploaded,新設,,A61B 5/087,,・・呼吸流量を測定するもの［５］
uploaded,新設,,A61B 5/09,,・・・流れにより回転する部材を用いるもの［５］
uploaded,新設,,A61B 5/091,,・・吸入または吐出したガスの量を測定するもの，例．肺活量を決定するためのもの［５］
uploaded,新設,,A61B 5/093,,・・・拡開可能な室，例．ベローまたは膨脹可能なバッグ，に吐出したガス，またはそれから吸入したガスの測定［５］
uploaded,新設,,A61B 5/095,,・・・・堅い容器内にガスを出し入れするもの，例．液体表面により形成される境界をもつもの［５］
uploaded,新設,,A61B 5/097,,・・息の収集を容易にするためまたは息を測定装置に導くための用具［５］
uploaded,新設,,A61B 5/103,,・診断目的のため，身体またはその部分の形，型，大きさまたは動きを検査するための測定用装置（Ａ６１Ｂ５／０８が優先；歯科用に特に適合した測定器Ａ６１Ｃ１９／０４）［５］
uploaded,新設,,A61B 5/107,,・・身体の寸法を測定するもの，例．身体全体またはその部分の大きさ［５］
uploaded,新設,,A61B 5/107 100,,・・・体の外形の測定（衣服のための採寸Ａ４１Ｈ１／００）
uploaded,新設,,A61B 5/107 110,,・・・・頭または顔の形状，寸法の測定
uploaded,新設,,A61B 5/107 120,,・・・・手または指の形状，寸法の測定
uploaded,新設,,A61B 5/107 130,,・・・・足または足指の形状，寸法の測定（靴のための足の測定Ａ４３Ｄ１／０２）
uploaded,新設,,A61B 5/107 200,,・・・脊柱の曲がりの測定
uploaded,新設,,A61B 5/107 300,,・・・姿勢，位置，体位または傾斜の測定
uploaded,新設,,A61B 5/107 400,,・・・身長の測定（Ａ６１Ｂ５／１０７　４１０が優先）
uploaded,新設,,A61B 5/107 401,,・・・・体重計と結合したもの（体重計それ自体Ｇ０１Ｇ）
uploaded,新設,,A61B 5/107 410,,・・・座高の測定
uploaded,新設,,A61B 5/107 420,,・・・胸囲の測定
uploaded,新設,,A61B 5/107 500,,・・・子宮，膣に関する測定
uploaded,新設,,A61B 5/107 600,,・・・乳房に関する測定
uploaded,新設,,A61B 5/107 700,,・・・毛に関する測定
uploaded,新設,,A61B 5/107 800,,・・・皮膚に関する測定（指紋識別Ａ６１Ｂ５／１１７２）
uploaded,新設,,A61B 5/11,,・・身体全体またはその部分の動きを測定するもの，例．頭または手の震えまたは４肢の運動性（脈はく測定のためのものＡ６１Ｂ５／０２）［５］
uploaded,新設,,A61B 5/11 100,,・・・体動の測定，例．ベッドに取り付けた圧力センサによる体表面の振動の測定
uploaded,新設,,A61B 5/11 110,,・・・・電磁波の照射または反射を利用するもの（Ａ６１Ｂ５／１１　１２０が優先）
uploaded,新設,,A61B 5/11 120,,・・・・撮像によるもの
uploaded,新設,,A61B 5/11 200,,・・・全身の動きの測定，例．身体に取り付けた加速度センサによる運動の測定
uploaded,新設,,A61B 5/11 210,,・・・平衡機能の検査；重心，足裏の圧力分布の測定
uploaded,新設,,A61B 5/11 220,,・・・屈伸量の測定，例．体前屈測定
uploaded,新設,,A61B 5/11 230,,・・・腕，手，指，脚，足または足指の動きの測定，例．足関節回転角度の測定；リハビリ検査（筋力のみの測定Ａ６１Ｂ５／２２）
uploaded,新設,,A61B 5/11 300,,・・・顎の動きの測定；咬合の測定（歯科用のものＡ６１Ｃ１９）
uploaded,新設,,A61B 5/11 310,,・・・のど，喉頭の動きの測定（喉頭鏡Ａ６１Ｂ１／２６７）
uploaded,新設,,A61B 5/11 320,,・・・舌，口の動きの測定，例．パラトグラフ（運動の量の測定Ａ６１Ｂ５／２２，眼球の動きの測定Ａ６１Ｂ３／１０）
uploaded,新設,,A61B 5/113,,・・・呼吸中に起るもの［５］
uploaded,新設,,A61B 5/117,,・個人の識別（パターンを認識するための方法または装置，例．指紋，Ｇ０６Ｋ９／００；音声または話し方の解析による個人の識別Ｇ１０Ｌ１７／００）［５，２０１６．０１］
uploaded,新設,,A61B 5/117 100,,・・身体またはその部分の動作に基づくもの
uploaded,新設,,A61B 5/117 200,,・・生理学的信号に基づくもの，例．心電図に基づくもの
uploaded,新設,,A61B 5/1171,,・・身体またはその部分の形状または外観に基づくもの［２０１６．０１］
uploaded,新設,,A61B 5/1171 100,,・・・静脈パターン
uploaded,新設,,A61B 5/1171 200,,・・・顔認識
uploaded,新設,,A61B 5/1171 300,,・・・虹彩（アイリス），眼
uploaded,新設,,A61B 5/1172,,・・・指紋を利用するもの［２０１６．０１］
uploaded,新設,,A61B 5/1174,,・・・足跡を利用するもの［２０１６．０１］
uploaded,新設,,A61B 5/1178,,・・・歯のデータを利用するもの［２０１６．０１］
uploaded,新設,,A61B 5/145,,・生体内の血液特性の測定，例．ガス濃度，ＰＨ値（血圧または血流の測定Ａ６１Ｂ５／０２；血液中の異物の放射線を用いない検出または検知Ａ６１Ｂ５／０６）［７］
uploaded,新設,,A61B 5/1455,,・・光センサーを使用するもの，例．分光光度酸素濃度計［８］
uploaded,新設,,A61B 5/1459,,・・・侵襲型，例．カテーテルにより人体に挿入するもの［８］
uploaded,新設,,A61B 5/1464,,・・・胎児組織に特に適したもの［８］
uploaded,新設,,A61B 5/1468,,・・化学的または電気化学的方法を使用したもの，例．ポーラログラフによる手段［８］
uploaded,新設,,A61B 5/1473,,・・・侵襲型，例．カテーテルにより人体に挿入するもの［８］
uploaded,新設,,A61B 5/1477,,・・・非侵襲型［８］
uploaded,新設,,A61B 5/1482,,・・・胎児の組織に特に適したもの［８］
uploaded,新設,,A61B 5/1486,,・・酵素電極を使用するもの，例．固定化されたオキシダーゼを伴うもの［８］
uploaded,新設,,A61B 5/1491,,・・加熱機構を有するもの［８］
uploaded,新設,,A61B 5/1495,,・・生体プローブの較正または試験［８］
uploaded,新設,,A61B 5/15,,・血液試料を採取するための装置（皮下注射器Ａ６１Ｍ５／１７８）［７］
uploaded,新設,,A61B 5/15 100,,・・材質，材料に特徴のあるもの，例．抗凝血材，凝固促進材
uploaded,新設,,A61B 5/15 200,,・・血液分離に適したもの
uploaded,新設,,A61B 5/151,,・・毛細管血のサンプル採取に特に適しているもの，例．ランセットによるもの［８］
uploaded,新設,,A61B 5/151 100,,・・・穿刺針一体型穿刺器具
uploaded,新設,,A61B 5/151 200,,・・・穿刺針を装着して用いる穿刺器具
uploaded,新設,,A61B 5/151 210,,・・・・複数の穿刺針が同時に装着されるもの
uploaded,新設,,A61B 5/151 300,,・・・放射の使用による穿孔，例．レーザ
uploaded,新設,,A61B 5/151 400,,・・・毛管型
uploaded,新設,,A61B 5/153,,・・静脈血または動脈血のサンプル採取に特に適しているもの，例．注射器によるもの［８］
uploaded,新設,,A61B 5/153 100,,・・・注射器，プランジャー型
uploaded,新設,,A61B 5/153 200,,・・・ポンプ吸引型
uploaded,新設,,A61B 5/153 300,,・・・採血針部（Ａ６１Ｂ５／１５４　２００が優先）
uploaded,新設,,A61B 5/154,,・・・真空採血手段を使用するもの［８］
uploaded,新設,,A61B 5/154 100,,・・・・採血管
uploaded,新設,,A61B 5/154 200,,・・・・採血針部，例．採血針を装着したホルダ
uploaded,新設,,A61B 5/154 300,,・・・・採血管準備装置
uploaded,新設,,A61B 5/155,,・・連続または複数のサンプル採取に特に適しているもの，例．事前に決められた間隔をあけて［７］
uploaded,新設,,A61B 5/157,,・・血液特性を測定するための手段と結合されたことに特徴があるもの［８］
uploaded,新設,,A61B 5/16 100,,・・心理検査
uploaded,新設,,A61B 5/16 110,,・・・緊張，リラックスまたはストレス
uploaded,新設,,A61B 5/16 120,,・・・感情
uploaded,新設,,A61B 5/16 130,,・・・睡眠，覚醒
uploaded,新設,,A61B 5/16 200,,・・疲労の検査
uploaded,新設,,A61B 5/16 400,,・・反応時間の検査
uploaded,新設,,A61B 5/22 100,,・・運動量，仕事量の測定；エルグ計，例．歩数による消費カロリー計算
uploaded,新設,,A61B 5/22 110,,・・・運動回数，持久力の測定
uploaded,新設,,A61B 5/22 200,,・・筋力の測定
uploaded,新設,,A61B 5/22 210,,・・・指力，指圧力，例．Ｏリングテスト
uploaded,新設,,A61B 5/22 220,,・・・握力
uploaded,新設,,A61B 5/22 230,,・・・背筋力
uploaded,新設,,A61B 5/22 240,,・・・衝撃による打撃力，投てき力，例．ゴルフボールを打撃するもの
uploaded,新設,,A61B 5/22 250,,・・・振り力，スイング力，例．バットやゴルフクラブ内に加速度センサを有するもの
uploaded,新設,,A61B 5/22 260,,・・・漕力
uploaded,新設,,A61B 5/22 270,,・・・跳躍力
uploaded,新設,,A61B 5/22 280,,・・・捻り力，ひねり力
uploaded,新設,,B01J 20/281,,・前処理，分析または調査のためのクロマトグラフィーに特に適した収着剤［８］
uploaded,新設,,B01J 20/281 A,,収着剤の性質，製造，状態（Ｂ０１Ｊ２０／２８２～Ｂ０１Ｊ２０／２９２優先）
uploaded,新設,,B01J 20/281 G,,形状に特徴のあるもの
uploaded,新設,,B01J 20/281 R,,アフィニティークロマト用
uploaded,新設,,B01J 20/281 X,,製造
uploaded,新設,,B01J 20/281 Y,,充てん状態に特徴のあるもの
uploaded,新設,,B01J 20/281 Z,,その他のもの
uploaded,新設,,B01J 20/282,,・・多孔性収着剤（イオン交換Ｂ０１Ｊ３９／００～Ｂ０１Ｊ４１／００）［８］
uploaded,新設,,B01J 20/282 A,,ゼオライト
uploaded,新設,,B01J 20/282 C,,無機（Ｂ０１Ｊ２０／２８３，Ｂ０１Ｊ２０／２８４優先）
uploaded,新設,,B01J 20/282 E,,・金属，その酸化物
uploaded,新設,,B01J 20/282 J,,炭素
uploaded,新設,,B01J 20/282 Z,,その他のもの
uploaded,新設,,B01J 20/283,,・・・シリカを基とするもの［８］
uploaded,新設,,B01J 20/284,,・・・アルミナを基とするもの［８］
uploaded,新設,,B01J 20/285,,・・・高分子化合物を基とするもの［８］
uploaded,新設,,B01J 20/285 M,,スチレン系またはジビニルベンゼン系
uploaded,新設,,B01J 20/285 N,,糖類
uploaded,新設,,B01J 20/285 S,,アクリル系またはメタクリル系
uploaded,新設,,B01J 20/285 T,,セルロース
uploaded,新設,,B01J 20/285 U,,キチンまたはキトサン
uploaded,新設,,B01J 20/285 Z,,その他
uploaded,新設,,B01J 20/286,,・・基質，例．シリカまたは高分子化合物，に化学的に結合した相［８］
uploaded,新設,,B01J 20/287,,・・・無極性相；逆相［８］
uploaded,新設,,B01J 20/288,,・・・極性相［８］
uploaded,新設,,B01J 20/289,,・・・スペーサーを介して結合したもの［８］
uploaded,新設,,B01J 20/29,,・・キラル相［８］
uploaded,新設,,B01J 20/291,,・・ゲル収着剤［８］
uploaded,新設,,B01J 20/292,,・・液体収着剤［８］
uploaded,新設,,B01J 39/05,,・・強酸状態のもの［２０１７．０１］
uploaded,新設,,B01J 39/07,,・・弱酸状態のもの［２０１７．０１］
uploaded,新設,,B01J 39/09,,・・無機物質［２０１７．０１］
uploaded,新設,,B01J 39/17,,・・・無機物質，例．イオン交換樹脂で被覆された不活性物質，をも含有するもの［２０１７．０１］
uploaded,新設,,B01J 39/19,,・・・・不飽和炭素－炭素結合のみが関与する反応以外で得られるもの［２０１７．０１］
uploaded,新設,,B01J 41/05,,・・強塩基性状態のもの［２０１７．０１］
uploaded,新設,,B01J 41/07,,・・弱塩基性状態のもの［２０１７．０１］
uploaded,新設,,B01J 41/09,,・・有機物質［２０１７．０１］
uploaded,新設,,B01J 41/13,,・・・不飽和炭素－炭素結合のみが関与する反応以外の反応で得られるもの［２０１７．０１］
uploaded,新設,,B01J 47/011,,・回分法を使用するもの［２０１７．０１］
uploaded,新設,,B01J 47/012,,・可搬イオン交換装置を使用するもの［２０１７．０１］
uploaded,新設,,B01J 47/014,,・イオン交換体の吸着性質が関与するもの，例．蛋白質または他の高分子化合物の回収［２０１７．０１］
uploaded,新設,,B01J 47/015,,・電子交換体［２０１７．０１］
uploaded,新設,,B01J 47/016,,・イオン交換体の改質または後処理［２０１７．０１］
uploaded,新設,,B01J 47/018,,・粒状化；マトリックスへのイオン交換体の取り込み；不活性物質との混合［２０１７．０１］
uploaded,新設,,B01J 47/019,,・・タブレット状の混合物［２０１７．０１］
uploaded,新設,,B01J 47/022,,・・塔または容器の構成に特徴があるもの［２０１７．０１］
uploaded,新設,,B01J 47/024,,・・・イオン交換体が取り外し可能カートリッジ内にあるもの［２０１７．０１］
uploaded,新設,,B01J 47/026,,・・連結した異なる交換物質の塔または床を用いるもの［２０１７．０１］
uploaded,新設,,B01J 47/028,,・・・交互に配置された陽イオン性－陰イオン性交換体を用いるもの［２０１７．０１］
uploaded,新設,,B01J 47/11,,・・回転ベッド内のもの［２０１７．０１］
uploaded,新設,,B01J 47/127,,・・フィラメント状または繊維状［２０１７．０１］
uploaded,新設,,B01J 47/133,,・・プリコートフィルター［２０１７．０１］
uploaded,新設,,B01J 47/15,,・・固定ｐＨを有する溶液を得るもの［２０１７．０１］
uploaded,新設,,B01J 49/05,,・固定床に関するもの［２０１７．０１］
uploaded,新設,,B01J 49/06,,・・陽イオン交換体を含有するもの［２０１７．０１］
uploaded,新設,,B01J 49/07,,・・陰イオン交換体を含有するもの［２０１７．０１］
uploaded,新設,,B01J 49/08,,・・別々の床に陽イオン交換体と陰イオン交換体を含有するもの［２０１７．０１］
uploaded,新設,,B01J 49/09,,・・混合床に関するもの［２０１７．０１］
uploaded,新設,,B01J 49/01,,・移動床に関するもの［２０１７．０１］
uploaded,新設,,B01J 49/12,,・・陽イオン交換体を含有するもの［２０１７．０１］
uploaded,新設,,B01J 49/14,,・・陰イオン交換体を含有するもの［２０１７．０１］
uploaded,新設,,B01J 49/16,,・・別々の床に陽イオン交換体と陰イオン交換体を含有するもの［２０１７．０１］
uploaded,新設,,B01J 49/18,,・・混合床に関するもの［２０１７．０１］
uploaded,新設,,B01J 49/02,,・膜に関するもの［２０１７．０１］
uploaded,新設,,B01J 49/03,,・電気的再生［２０１７．０１］
uploaded,新設,,B01J 49/04,,・熱的再生［２０１７．０１］
uploaded,新設,,B01J 49/45,,・・両性イオン交換体に関するもの［２０１７．０１］
uploaded,新設,,B01J 49/05,,・再生試薬を特徴とするもの［２０１７．０１］
uploaded,新設,,B01J 49/53,,・・陽イオン交換体用のもの［２０１７．０１］
uploaded,新設,,B01J 49/57,,・・陰イオン交換体用のもの［２０１７．０１］
uploaded,新設,,B01J 49/06,,・イオン交換床の洗浄または水洗［２０１７．０１］
uploaded,新設,,B01J 49/07,,・大規模の工業プロセスまたは用途のもの［２０１７．０１］
uploaded,新設,,B01J 49/75,,・硬水軟化剤関連のもの［２０１７．０１］
uploaded,新設,,B01J 49/08,,・自動再生［２０１７．０１］
uploaded,新設,,B01J 49/85,,・・そのための設備の制御または調整［２０１７．０１］
uploaded,新設,,B01J 49/09,,・再生の間のイオン交換体の逆流を防止する手段を有するもの［２０１７．０１］
uploaded,新設,,B05B 12/16,,・噴霧領域の制御のためのもの（Ｂ０５Ｂ３／００が優先）［２０１８．０１］
uploaded,新設,,B05B 12/18,,・・流体を用いるもの，例．ガス流体［２０１８．０１］
uploaded,新設,,B05B 12/02,,・・マスキング要素，すなわち，被覆されるべき対象物上の非被覆領域を画定する要素［２０１８．０１］
uploaded,新設,,B05B 12/22,,・・・噴霧領域に対して移動可能なもの［２０１８．０１］
uploaded,新設,,B05B 12/24,,・・・少なくとも一部が可撓性材料から作成されるもの，例．紙または繊維からなるシート［２０１８．０１］
uploaded,新設,,B05B 12/26,,・・・空洞のマスキングのためのもの［２０１８．０１］
uploaded,新設,,B05B 12/28,,・・・被覆領域内に含まれるまたは含まれない非被覆領域を画定するためのもの；例．Ｕ字型の境界線を確定するためのもの［２０１８．０１］
uploaded,新設,,B05B 12/03,,・・・車輪用に特に適合されるもの［２０１８．０１］
uploaded,新設,,B05B 12/32,,・・遮蔽要素，すなわち，オーバースプレーがスプレー対象物以外の領域に到達するのを防止する要素（一体型遮蔽要素を有するノズルＢ０５Ｂ１／２８［２０１８．０１］
uploaded,新設,,B05B 12/34,,・・・噴霧領域に対して移動可能なもの［２０１８．０１］
uploaded,新設,,B05B 12/36,,・・・側面遮蔽物，すなわち，スプレージェットと実質的に平行な方向に延伸する遮蔽物［２０１８．０１］
uploaded,新設,,B05B 14/00,,過剰の噴霧材料を回収，再利用または除去するための装置（ノズルと一体になった装置Ｂ０５Ｂ１／２８）［２０１８．０１］
uploaded,新設,,B05B 14/01,,・過剰の材料が粒子であるもの（スプレーブースのためのものＢ０５Ｂ１４／４８）［２０１８．０１］
uploaded,新設,,B05B 14/02,,・動いているベルトから，例．ろ過ベルトまたは搬送ベルト［２０１８．０１］
uploaded,新設,,B05B 14/03,,・噴霧される対象物に近接または接触し，かつ放出された噴霧または噴流を取り囲むまたは閉じ込めるが，噴霧対象ではない囲いを含むもの［２０１８．０１］
uploaded,新設,,B05B 14/04,,・スプレーブースで用いるもの［２０１８．０１］
uploaded,新設,,B05B 14/41,,・・ブース壁の清掃によるもの［２０１８．０１］
uploaded,新設,,B05B 14/42,,・・静電気手段を用いるもの［２０１８．０１］
uploaded,新設,,B05B 14/43,,・・過剰の材料を含む空気のろ過によるもの［２０１８．０１］
uploaded,新設,,B05B 14/435,,・・・気体流，例．空気の吹き付け，によりフィルターを清掃する手段を有するもの［２０１８．０１］
uploaded,新設,,B05B 14/44,,・・空気から過剰の材料の分離を促進するために特に適合した壁，例．バッフルプレートを使用するもの，（濡れた壁を用いるものＢ０５Ｂ１４／４６５）［２０１８．０１］
uploaded,新設,,B05B 14/45,,・・サイクロンセパレータを用いるもの［２０１８．０１］
uploaded,新設,,B05B 14/46,,・・過剰の材料を含む空気の洗浄によるもの［２０１８．０１］
uploaded,新設,,B05B 14/462,,・・・洗浄液体からの過剰の材料の分離によるもの，例．回復のため［２０１８．０１］
uploaded,新設,,B05B 14/465,,・・・噴霧対象の背後にある実質的に垂直な液体カーテンまたは濡れた壁を使用するもの［２０１８．０１］
uploaded,新設,,B05B 14/468,,・・・ブース床下に配置されたスクラブ手段を用いるもの［２０１８．０１］
uploaded,新設,,B05B 14/48,,・・粒状の材料に特に適合されるもの［２０１８．０１］
uploaded,新設,,B05B 14/49,,・・溶媒に特に適合されるもの［２０１８．０１］
uploaded,新設,,B05B 15/14,,・噴霧装置またはその排出口への構造的損傷を防止または制御するための装置，例．任意の場所を壊すためのもの；破損した部品の取り扱いまたは交換のための装置［２０１８．０１］
uploaded,新設,,B05B 15/16,,・・スプレーヘッドまたはノズルと異物との意図しない接触を防止するためのもの，例．ノズルガード［２０１８．０１］
uploaded,新設,,B05B 15/18,,・・耐摩耗性を向上させるためのもの，例．挿入物またはコーティング；磨耗を表示するためのもの；磨耗した部品の取り扱いまたは交換のためのもの［２０１８．０１］
uploaded,新設,,B05B 15/02,,・噴霧すべき材料を攪拌するための装置，例．攪拌，混合または均質化のためのもの［２０１８．０１］
uploaded,新設,,B05B 15/25,,・・動く要素を用いるもの，例．回転ブレード［２０１８．０１］
uploaded,新設,,B05B 15/03,,・ディップチューブ［２０１８．０１］
uploaded,新設,,B05B 15/33,,・・荷重したもの［２０１８．０１］
uploaded,新設,,B05B 15/37,,・・装飾的要素を有するもの［２０１８．０１］
uploaded,新設,,B05B 15/04,,・噴霧排出口上流にフィルターが設置されているもの［２０１８．０１］
uploaded,新設,,B05B 15/05,,・清掃装置；堆積，乾燥または詰まりを防止するための装置；異物の存在による不適切な排出を検出するための装置［２０１８．０１］
uploaded,新設,,B05B 15/52,,・・詰まった粒子を除去するためのもの［２０１８．０１］
uploaded,新設,,B05B 15/522,,・・・排出開口部に挿入するクリーニング要素を用いるもの［２０１８．０１］
uploaded,新設,,B05B 15/525,,・・・排出口の断面を広げることによるもの［２０１８．０１］
uploaded,新設,,B05B 15/528,,・・・ノズルの弾性変形によるもの［２０１８．０１］
uploaded,新設,,B05B 15/531,,・・・逆流を用いるもの［２０１８．０１］
uploaded,新設,,B05B 15/534,,・・・・ノズルを供給導管に対して反転させることによるもの［２０１８．０１］
uploaded,新設,,B05B 15/55,,・・洗浄流体を用いるもの［２０１８．０１］
uploaded,新設,,B05B 15/555,,・・・クリーニングノズルから放出されるもの［２０１８．０１］
uploaded,新設,,B05B 15/58,,・・噴霧されるべき流体を排出開口部の上流から供給手段に再循環させることによる，堆積，乾燥または閉塞の防止［２０１８．０１］
uploaded,新設,,B05B 15/06,,・噴霧装置を取付け，支持または保持するための装置［２０１８．０１］
uploaded,新設,,B05B 15/62,,・・噴霧装置を支持するための装置，例．吸盤［２０１８．０１］
uploaded,新設,,B05B 15/622,,・・・支持台を貫通するもの［２０１８．０１］
uploaded,新設,,B05B 15/625,,・・・支持台の上に設置するように設計されたもの［２０１８．０１］
uploaded,新設,,B05B 15/628,,・・・可変長のもの［２０１８．０１］
uploaded,新設,,B05B 15/63,,・・把持するもの［２０１８．０１］
uploaded,新設,,B05B 15/65,,・・噴霧装置または排出口と流体導管を流体接続するための取付装置［２０１８．０１］
uploaded,新設,,B05B 15/652,,・・・ジェットを配向させることができるもの［２０１８．０１］
uploaded,新設,,B05B 15/654,,・・・・ユニバーサルジョイントを用いるもの［２０１８．０１］
uploaded,新設,,B05B 15/656,,・・・流体導管の長さが変更可能であるもの［２０１８．０１］
uploaded,新設,,B05B 15/658,,・・・噴霧装置またはその排出口の軸が，流体導管に対して垂直であるもの［２０１８．０１］
uploaded,新設,,B05B 15/68,,・・噴霧ヘッドの位置を調整するための装置（Ｂ０５Ｂ１５／６２８，Ｂ０５Ｂ１５／６５２，Ｂ０５Ｂ１５／６５６が優先）［２０１８．０１］
uploaded,新設,,B05B 15/07,,・スプレーヘッドを作業位置に，または作業位置から自動的に移動させるための装置［２０１８．０１］
uploaded,新設,,B05B 15/72,,・・油圧または空気圧手段を用いるもの［２０１８．０１］
uploaded,新設,,B05B 15/74,,・・・排出された流体によって駆動されるもの［２０１８．０１］
uploaded,新設,,B05B 15/08,,・噴霧領域が囲まれていない装置，例．噴霧テーブル［２０１８．０１］
uploaded,新設,,B05B 16/00,,スプレーブース（スプレーブース内で過剰噴霧材料を回収，再利用または除去する装置Ｂ０５Ｂ１４／４０）［２０１８．０１］
uploaded,新設,,B05B 16/02,,・他の操作，例．乾燥，と組み合わせて噴霧する装置；噴霧操作の組み合わせを可能にする装置［２０１８．０１］
uploaded,新設,,B05B 16/25,,・・自動噴霧および手動噴霧双方のためのもの［２０１８．０１］
uploaded,新設,,B05B 16/04,,・そのために特に適合した構成要素（ブース内に流入する空気をろ過する天井要素Ｂ０５Ｂ１６／６０；過剰の材料の分離を促進するために特に適合した壁Ｂ０５Ｂ１４／４４）［２０１８．０１］
uploaded,新設,,B05B 16/06,,・そのために特別に調整された換気装置［２０１８．０１］
uploaded,新設,,B05B 16/08,,・移動可能なスプレーブース［２０１８．０１］
uploaded,新設,,B42D 25/00,,身分証明機能またはセキュリティ機能によって特徴づけられる情報担持カードまたはシート状物；それの製造（身分証明機能またはセキュリティ機能を付与する印刷方法Ｂ４１Ｍ３／１４）［２０１４．０１］
uploaded,新設,,B42D 25/02,,・特別の用途または目的により特徴づけられるもの［２０１４．０１］
uploaded,新設,,B42D 25/21,,・・多用途のためのもの［２０１４．０１］
uploaded,新設,,B42D 25/22,,・・情報担持カードに特に適した付属品と共に使用するもの［２０１４．０１］
uploaded,新設,,B42D 25/23,,・・身分証明カード［２０１４．０１］
uploaded,新設,,B42D 25/24,,・・パスポート［２０１４．０１］
uploaded,新設,,B42D 25/25,,・・公共交通機関の乗車券（印刷および発券のための装置Ｇ０７Ｂ）［２０１４．０１］
uploaded,新設,,B42D 25/26,,・・入場カード；入場券［２０１４．０１］
uploaded,新設,,B42D 25/27,,・・くじ，例．宝くじ券［２０１４．０１］
uploaded,新設,,B42D 25/28,,・・医療に使用するもの［２０１４．０１］
uploaded,新設,,B42D 25/29,,・・有価証券；紙幣［２０１４．０１］
uploaded,新設,,B42D 25/03,,・身分証明機能またはセキュリティ機能，例．偽造防止［２０１４．０１］
uploaded,新設,,B42D 25/03 100,,・・複写機器の特性に基づいて複写を防止する印刷
uploaded,新設,,B42D 25/305,,・・デジタル情報に関連したもの（少なくともその一部にデジタルマークが記録されるように設計され，かつ機械で使用される記録担体Ｇ０６Ｋ１９／００）［２０１４．０１］
uploaded,新設,,B42D 25/305 100,,・・・ＩＣカード
uploaded,新設,,B42D 25/309,,・・写真［２０１４．０１］
uploaded,新設,,B42D 25/313,,・・指紋［２０１４．０１］
uploaded,新設,,B42D 25/318,,・・署名［２０１４．０１］
uploaded,新設,,B42D 25/324,,・・浮き彫り，レリーフ［２０１４．０１］
uploaded,新設,,B42D 25/328,,・・回折格子；ホログラム［２０１４．０１］
uploaded,新設,,B42D 25/328 100,,・・・回折層または反射層が部分的に形成されているもの
uploaded,新設,,B42D 25/328 110,,・・・回折層または反射層が部分的に視認可能なもの，例．上部に印刷層を設けたもの
uploaded,新設,,B42D 25/328 120,,・・・光回折，ホログラフィー以外の手法による付加的な情報を有するもの，例．レーザー破壊による情報記録，割印
uploaded,新設,,B42D 25/333,,・・透かし［２０１４．０１］
uploaded,新設,,B42D 25/337,,・・彩紋模様［２０１４．０１］
uploaded,新設,,B42D 25/342,,・・モアレ効果［２０１４．０１］
uploaded,新設,,B42D 25/346,,・・穿孔［２０１４．０１］
uploaded,新設,,B42D 25/351,,・・半透明の部分または部分的に半透明の部分，例．窓［２０１４．０１］
uploaded,新設,,B42D 25/355,,・・偽造防止糸，セキュリティスレッド［２０１４．０１］
uploaded,新設,,B42D 25/36,,・・特殊物質を有するもの［２０１４．０１］
uploaded,新設,,B42D 25/364,,・・・液晶［２０１４．０１］
uploaded,新設,,B42D 25/369,,・・・磁化された物質，磁化できる物質［２０１４．０１］
uploaded,新設,,B42D 25/373,,・・・金属［２０１４．０１］
uploaded,新設,,B42D 25/378,,・・・特別なインク［２０１４．０１］
uploaded,新設,,B42D 25/382,,・・・・赤外線を吸収または反射するもの［２０１４．０１］
uploaded,新設,,B42D 25/387,,・・・・紫外線を吸収または反射するもの［２０１４．０１］
uploaded,新設,,B42D 25/391,,・・・・偏光された光を吸収または反射するもの［２０１４．０１］
uploaded,新設,,B42D 25/04,,・製造［２０１４．０１］
uploaded,新設,,B42D 25/04 100,,・・転写手法に特徴を有するもの，例．パターン状に転写されたホログラム
uploaded,新設,,B42D 25/405,,・・マーキング［２０１４．０１］
uploaded,新設,,B42D 25/41,,・・・電磁放射を用いるもの（Ｂ４２Ｄ２５／４３５が優先）［２０１４．０１］
uploaded,新設,,B42D 25/415,,・・・化学的方法を用いるもの（Ｂ４２Ｄ２５／４４５が優先）［２０１４．０１］
uploaded,新設,,B42D 25/42,,・・・・写真法によるもの［２０１４．０１］
uploaded,新設,,B42D 25/425,,・・・変形によるもの，例．エンボス加工［２０１４．０１］
uploaded,新設,,B42D 25/43,,・・・材料の除去によるもの［２０１４．０１］
uploaded,新設,,B42D 25/435,,・・・・電磁放射を用いるもの，例．レーザー［２０１４．０１］
uploaded,新設,,B42D 25/44,,・・・・機械的手段を用いるもの，例．彫刻［２０１４．０１］
uploaded,新設,,B42D 25/445,,・・・・化学的手段を用いるもの，例．エッチング［２０１４．０１］
uploaded,新設,,B42D 25/45,,・・２以上の層が関連するもの［２０１４．０１］
uploaded,新設,,B42D 25/455,,・・・熱を用いるもの［２０１４．０１］
uploaded,新設,,B42D 25/46,,・・・圧力を用いるもの［２０１４．０１］
uploaded,新設,,B42D 25/465,,・・・化学的方法または接着剤を用いるもの［２０１４．０１］
uploaded,新設,,B42D 25/47,,・・・・接着剤を用いるもの［２０１４．０１］
uploaded,新設,,B42D 25/475,,・・カードの切断［２０１４．０１］
uploaded,新設,,B42D 25/48,,・・製造工程の制御［２０１４．０１］
uploaded,新設,,B42D 25/485,,・・・電子処理手段によるもの［２０１４．０１］
uploaded,新設,,B60K 16/00,,自然の力，例．太陽，風，からの，車両の推進装置の動力供給に関する配置（自然の力，例．太陽，風，から動力を供給する電気的推進Ｂ６０Ｌ８／００；水に係合する推進器を駆動する風力原動機により推進させるものＢ６３Ｈ１３／００；車両における設置に特に適合した風力原動機Ｆ０３Ｄ９／３２）［５］
uploaded,新設,,B60K 16/00 A,,太陽エネルギーを用いるもの
uploaded,新設,,B60K 16/00 B,,風力を用いるもの
uploaded,新設,,B60K 16/00 Z,,その他
uploaded,新設,,B60N 2/75,,・アームレスト［２０１８．０１］
uploaded,新設,,B60N 2/08,,・ヘッドレスト［２０１８．０１］
uploaded,新設,,B60N 2/803,,・・固定されたもの［２０１８．０１］
uploaded,新設,,B60N 2/806,,・・移動可能なまたは調整可能なもの［２０１８．０１］
uploaded,新設,,B60N 2/809,,・・・直角方向にスライドできるもの［２０１８．０１］
uploaded,新設,,B60N 2/812,,・・・・ロック装置に特徴があるもの［２０１８．０１］
uploaded,新設,,B60N 2/815,,・・・・・離脱機構，例．ボタン［２０１８．０１］
uploaded,新設,,B60N 2/818,,・・・・・段階的位置決め［２０１８．０１］
uploaded,新設,,B60N 2/821,,・・・・・継続的位置決め［２０１８．０１］
uploaded,新設,,B60N 2/824,,・・・・・・バネを使用するもの［２０１８．０１］
uploaded,新設,,B60N 2/826,,・・・・・・ゴム材料を使用するもの［２０１８．０１］
uploaded,新設,,B60N 2/829,,・・・・調整機構に特徴があるもの，例．電気モーター［２０１８．０１］
uploaded,新設,,B60N 2/832,,・・・・非作動位置または格納位置へ移動可能なもの［２０１８．０１］
uploaded,新設,,B60N 2/835,,・・・・・後部座席に特に適合するもの［２０１８．０１］
uploaded,新設,,B60N 2/838,,・・・傾斜可能なもの［２０１８．０１］
uploaded,新設,,B60N 2/841,,・・・・ロック装置に特徴があるもの［２０１８．０１］
uploaded,新設,,B60N 2/844,,・・・・・離脱機構，例．ボタン［２０１８．０１］
uploaded,新設,,B60N 2/847,,・・・・・段階的位置決め［２０１８．０１］
uploaded,新設,,B60N 2/85,,・・・・・継続的位置決め［２０１８．０１］
uploaded,新設,,B60N 2/853,,・・・・調整機構に特徴があるもの，例．電気モーター［２０１８．０１］
uploaded,新設,,B60N 2/856,,・・・・非作動位置または格納位置へ移動可能なもの［２０１８．０１］
uploaded,新設,,B60N 2/859,,・・・・・後部座席に特に適合するもの［２０１８．０１］
uploaded,新設,,B60N 2/862,,・・・・背もたれを調整するときに望ましい位置を維持する手段を有するもの，例．平行四辺形機構［２０１８．０１］
uploaded,新設,,B60N 2/865,,・・・乗員の頭に対して前後方向に動くもの［２０１８．０１］
uploaded,新設,,B60N 2/868,,・・・乗員の肩線に平行に横移動するもの［２０１８．０１］
uploaded,新設,,B60N 2/874,,・・・非作動位置または格納位置へ移動可能なもの（Ｂ６０Ｎ２／８３２，Ｂ６０Ｎ２／８５６が優先）［２０１８．０１］
uploaded,新設,,B60N 2/876,,・・・・後部座席に特に適合するもの（Ｂ６０Ｎ２／８３５，Ｂ６０Ｎ２／８５９が優先）［２０１８．０１］
uploaded,新設,,B60N 2/879,,・・ヘッドレストの位置決めとは関係ない付加的な特徴を有するもの，暖房または冷房装置またはスピーカー［２０１８．０１］
uploaded,新設,,B60N 2/882,,・・取外し可能なもの［２０１８．０１］
uploaded,新設,,B60N 2/885,,・・サイドレストがあるもの［２０１８．０１］
uploaded,新設,,B60N 2/888,,・・異常加速度に対する保護のための手段を有するもの，例．ヘッドレストの変位［２０１８．０１］
uploaded,新設,,B60N 2/891,,・・側面視でカンマ「，」の形のヘッドレストを有するもの［２０１８．０１］
uploaded,新設,,B60N 2/894,,・・背もたれに堅固に取り付けられたロッドを有するもの［２０１８．０１］
uploaded,新設,,B60N 2/897,,・・ヘッドレストのロッドをガイドするために背もたれに位置するスリーブを備えるもの［２０１８．０１］
uploaded,新設,,B60N 2/09,,・他に分類されない細部または部分［２０１８．０１］
uploaded,新設,,B60R 21/00 310,,・事故の種類
uploaded,新設,,B60R 21/00 310 A,,特徴のある正面衝突
uploaded,新設,,B60R 21/00 310 B,,特徴のある側面衝突
uploaded,新設,,B60R 21/00 310 C,,特徴のある斜め衝突
uploaded,新設,,B60R 21/00 310 D,,特徴のあるオフセット衝突
uploaded,新設,,B60R 21/00 310 E,,特徴のある横転
uploaded,新設,,B60R 21/00 310 F,,電柱への衝突
uploaded,新設,,B60R 21/00 310 G,,後部衝突または衝突後の跳ね返り
uploaded,新設,,B60R 21/00 310 H,,特徴のある歩行者との衝突
uploaded,新設,,B60R 21/00 310 J,,二輪車との衝突
uploaded,新設,,B60R 21/00 310 K,,動物との衝突
uploaded,新設,,B60R 21/00 310 L,,大型車の下に潜り込む衝突
uploaded,新設,,B60R 21/00 310 M,,落下
uploaded,新設,,B60R 21/00 310 N,,水没
uploaded,新設,,B60R 21/00 310 Z,,その他
uploaded,新設,,B60R 21/00 320,,・車両の型式
uploaded,新設,,B60R 21/00 321,,・・小型車，例．パーソナルモビリティ
uploaded,新設,,B60R 21/00 322,,・・大型車，例．バスまたはトレーラー
uploaded,新設,,B60R 21/00 323,,・・作業車，例．建設または農業用
uploaded,新設,,B60R 21/00 330,,・事故時の車両からの脱出
uploaded,新設,,B60R 21/00 340,,・事故の自動通報
uploaded,新設,,B60R 21/00 350,,・事故時における車外または他車両への警報
uploaded,新設,,B60R 21/00 360,,・衝突する旨の乗員への報知；衝突までのカウントダウン
uploaded,新設,,B60R 21/00 991,,・認知に関するもの
uploaded,新設,,B60R 21/00 992,,・判断に関するもの
uploaded,新設,,B60R 21/00 993,,・操作に関するもの
uploaded,新設,,B60R 21/01 310,,・・電気部品の配置または取付，例．加速度センサ，衝突判定用ＥＣＵ
uploaded,新設,,B60R 21/01 320,,・・データ伝送
uploaded,新設,,B60R 21/01 321,,・・・無線
uploaded,新設,,B60R 21/01 330,,・・故障に関するもの
uploaded,新設,,B60R 21/01 331,,・・・故障診断
uploaded,新設,,B60R 21/01 332,,・・・故障の報知
uploaded,新設,,B60R 21/01 340,,・・誤作動防止
uploaded,新設,,B60R 21/01 350,,・・セキュリティ
uploaded,新設,,B60R 21/013 310,,・・・路面状況の検知
uploaded,新設,,B60R 21/013 320,,・・・他のデバイスの作動状況の検知，例．制動システムまたは操舵システム
uploaded,新設,,B60R 21/0132 310,,・・・・進行方向のパラメータ
uploaded,新設,,B60R 21/0132 320,,・・・・車幅方向のパラメータ
uploaded,新設,,B60R 21/0132 330,,・・・・ロール方向のパラメータ
uploaded,新設,,B60R 21/0132 340,,・・・・ヨー方向のパラメータ
uploaded,新設,,B60R 21/0132 350,,・・・・振動，騒音
uploaded,新設,,B60R 21/0134 310,,・・・・周辺環境の認知手段
uploaded,新設,,B60R 21/0134 311,,・・・・・可視光カメラ
uploaded,新設,,B60R 21/0134 312,,・・・・・電波を用いるもの，例．ミリ波レーダー
uploaded,新設,,B60R 21/0134 313,,・・・・・レーザーを用いるもの，例．ＬｉＤＡＲまたはレーザーレーダー
uploaded,新設,,B60R 21/0134 314,,・・・・・超音波センサ
uploaded,新設,,B60R 21/0136 310,,・・・・速度，加速度，角速度または角加速度の検出によるもの
uploaded,新設,,B60R 21/0136 320,,・・・・流体圧力の検出によるもの
uploaded,新設,,B60R 21/015 310,,・・・乗員の検知
uploaded,新設,,B60R 21/015 311,,・・・・乗員タイプ，例．女性，妊婦，子供または体格
uploaded,新設,,B60R 21/015 312,,・・・・乗員の姿勢
uploaded,新設,,B60R 21/015 320,,・・・シートポジション
uploaded,新設,,B60R 21/015 330,,・・・シートベルトの装着状況
uploaded,新設,,B60R 21/015 340,,・・・チャイルドシートの検知
uploaded,新設,,B60R 21/017 310,,・・・予備または補助電源
uploaded,新設,,B60R 21/04 310,,・・・パッド入り内張りの取付
uploaded,新設,,B60R 21/04 320,,・・・パッド入り内張りの組成または形状
uploaded,新設,,B60R 21/04 330,,・・・ドアに関するもの
uploaded,新設,,B60R 21/045 310,,・・・・パッドの取付
uploaded,新設,,B60R 21/045 320,,・・・・パッドの組成または形状
uploaded,新設,,B60R 21/045 330,,・・・・ニープロテクター
uploaded,新設,,B60R 21/045 331,,・・・・・ニープロテクターの取付
uploaded,新設,,B60R 21/045 332,,・・・・・ニープロテクターの組成または形状
uploaded,新設,,B60R 21/36 310,,・・・起動判断
uploaded,新設,,B60R 21/36 320,,・・・袋体
uploaded,新設,,B60R 21/36 330,,・・・ガス発生装置
uploaded,新設,,B60R 21/36 340,,・・・車体への取付
uploaded,新設,,B60R 21/36 350,,・・・エアバッグの展開位置
uploaded,新設,,B60R 21/36 351,,・・・・フロントピラー
uploaded,新設,,B60R 21/36 352,,・・・・ボンネットとフロントガラスの間
uploaded,新設,,B60R 21/36 353,,・・・・ボンネット
uploaded,新設,,B60R 21/36 354,,・・・・車両前部，例．バンパーまたはフロントグリル
uploaded,新設,,B60R 21/38 310,,・・・起動判断
uploaded,新設,,B60R 21/38 320,,・・・アクチュエータ
uploaded,新設,,B60R 21/38 321,,・・・・機械式，例．ばね
uploaded,新設,,B60R 21/38 322,,・・・・電気式，例．ソレノイド
uploaded,新設,,B60R 21/38 323,,・・・・流体式，例．ガス
uploaded,新設,,B60R 21/38 330,,・・・動力伝達機構
uploaded,新設,,B60R 21/38 340,,・・・エネルギー吸収機構
uploaded,新設,,B60R 99/00 310,,・駐車支援に関するもの
uploaded,新設,,B60R 99/00 320,,・・周辺環境の認知
uploaded,新設,,B60R 99/00 321,,・・・白線，マークまたは標識の検出によるもの
uploaded,新設,,B60R 99/00 322,,・・・物体の検出によるもの，例．他車両，障害物，縁石または輪止め
uploaded,新設,,B60R 99/00 330,,・・駐車スペースの認知または設定
uploaded,新設,,B60R 99/00 340,,・・駐車経路の算出または設定
uploaded,新設,,B60R 99/00 350,,・・ユーザーインターフェース
uploaded,新設,,B60R 99/00 351,,・・・視覚によるもの
uploaded,新設,,B60R 99/00 352,,・・・聴覚によるもの
uploaded,新設,,B60R 99/00 353,,・・・触覚によるもの
uploaded,新設,,B60R 99/00 360,,・・外部との通信を用いるもの，例．駐車場側設備との通信，車々間通信，歩車間通信またはＧＰＳ座標の利用
uploaded,新設,,B60R 99/00 370,,・・駐車レイアウト
uploaded,新設,,B60R 99/00 371,,・・・並列駐車
uploaded,新設,,B60R 99/00 372,,・・・縦列駐車
uploaded,新設,,B62D 24/00,,車体と車両フレームとの結合（Ｂ６２Ｄ２３／００，Ｂ６２Ｄ３３／０７７が優先）［５］
uploaded,新設,,B62D 24/02,,・車両フレームに対し相対的に動かないようにされ，かつ，振動吸収マウント，例．ゴムパッドに取付けられた車体［５］
uploaded,新設,,B62D 24/02 A,,マウントゴムによるもの
uploaded,新設,,B62D 24/02 B,,・特殊車両用
uploaded,新設,,B62D 24/02 Z,,その他のもの
uploaded,新設,,B62D 24/04,,・車両フレームに対する相対的動きのため弾性のある支持装置上に取付けられた車体［５］
uploaded,新設,,B65D 85/07,,・圧縮性または可撓性の物品用（衣料品用Ｂ６５Ｄ８５／１８）
uploaded,新設,,B65D 85/03 100,,・・環状管型の蛍光灯を備えた器具用
uploaded,新設,,B65D 85/03 200,,・・直管型の蛍光灯を備えた器具用
uploaded,新設,,B65D 85/03 300,,・・瓶用
uploaded,新設,,B65D 85/03 310,,・・・複数の瓶を箱入れするもの
uploaded,新設,,B65D 85/03 320,,・・・複数の瓶を持運ぶためのもの
uploaded,新設,,B65D 85/03 400,,・・蚊取線香用
uploaded,新設,,B65D 85/03 500,,・・シリコンウエハ用
uploaded,新設,,B65D 85/03 600,,・・豆腐用
uploaded,新設,,B65D 85/32 100,,・・・蓋と本体が一体成形された容器
uploaded,新設,,B65D 85/32 101,,・・・・蓋の閉止手段を有するもの
uploaded,新設,,B65D 85/32 102,,・・・・蓋の開封手段を有するもの
uploaded,新設,,B65D 85/32 110,,・・・蓋と本体が別体で形成された容器
uploaded,新設,,B65D 85/32 120,,・・・紙製容器
uploaded,新設,,B65D 85/32 130,,・・・トレイ
uploaded,新設,,B65D 85/32 140,,・・・包装要素
uploaded,新設,,B65D 85/32 141,,・・・・仕切り
uploaded,新設,,B65D 85/32 150,,・・・表示手段のあるもの
uploaded,新設,,B65D 85/32 160,,・・・分割可能としたもの
uploaded,新設,,B65D 85/32 170,,・・・個装，例．ゆで卵用
uploaded,新設,,B65D 85/34 100,,・・・紙箱
uploaded,新設,,B65D 85/34 110,,・・・プラスチック箱
uploaded,新設,,B65D 85/34 120,,・・・木箱，金属箱
uploaded,新設,,B65D 85/34 130,,・・・水平方向の仕切り
uploaded,新設,,B65D 85/34 140,,・・・垂直方向の仕切り
uploaded,新設,,B65D 85/34 150,,・・・トレイ
uploaded,新設,,B65D 85/34 160,,・・・包装体，緩衝材
uploaded,新設,,B65D 85/34 161,,・・・・個装
uploaded,新設,,B65D 85/36 100,,・・・パン用；カステラ用
uploaded,新設,,B65D 85/36 200,,・・・ビスケット用
uploaded,新設,,B65D 85/36 300,,・・・ケーキ用
uploaded,新設,,B65D 85/38 100,,・・・カメラ用；顕微鏡用；双眼鏡用
uploaded,新設,,B65D 85/38 200,,・・・レンズ用
uploaded,新設,,B65D 85/38 300,,・・・精密部品用
uploaded,新設,,B65D 85/38 310,,・・・・帯電防止手段をもつもの
uploaded,新設,,B65D 85/42 100,,・・・電球用
uploaded,新設,,B65D 85/42 200,,・・・アンプル用
uploaded,新設,,B65D 85/42 300,,・・・直管型の蛍光ランプ用（直管形状の蛍光ランプを取り付けた器具用Ｂ６５Ｄ８５／３０Ｂ）
uploaded,新設,,B65D 85/42 400,,・・・環状管型の蛍光ランプ用（環状管型の蛍光ランプを取り付けた器具用Ｂ６５Ｄ８５／３０Ａ）
uploaded,新設,,B65D 85/42 500,,・・・ブラウン管用
uploaded,新設,,B65D 85/05 100,,・・食品用
uploaded,新設,,B65D 85/05 110,,・・・肉用
uploaded,新設,,B65D 85/05 120,,・・・野菜用
uploaded,新設,,B65D 85/05 130,,・・・茶用
uploaded,新設,,B65D 85/05 140,,・・・おにぎり用；寿司用
uploaded,新設,,B65D 85/05 150,,・・・魚介類用
uploaded,新設,,B65D 85/05 160,,・・・納豆用
uploaded,新設,,B65D 85/05 200,,・・切花用
uploaded,新設,,B65D 85/05 300,,・・動物用
uploaded,新設,,B65D 85/05 310,,・・・鳥，例．ひよこまたは鳩，用
uploaded,新設,,B65D 85/72 100,,・・調味料用
uploaded,新設,,B65D 85/72 200,,・・飲料用
uploaded,新設,,B65D 85/73,,・・液体を泡立てるために特に適合させた手段をもつもの，例．泡またはビールの泡を作るための手段［７］
uploaded,新設,,B65D 85/78 100,,・・・カップ
uploaded,新設,,B65D 85/78 200,,・・・コーンカバー
uploaded,新設,,B65D 85/78 300,,・・・袋
uploaded,新設,,B65D 85/804,,・浸出するまたは溶解するものを入れた使い捨ての容器または包装体［７］
uploaded,新設,,B65D 85/804 100,,・・内容物中に液体を通過させることのできる包装体（Ｂ６５Ｄ８５／８０８が優先；包装体として用いられないコーヒーフィルタＡ４７Ｊ３１／００）
uploaded,新設,,B65D 85/804 200,,・・・ポッド，すなわちフィルタまたは類似の材料で形成された閉鎖された容器
uploaded,新設,,B65D 85/808,,・・液体に浸して用いるもの，例．ティーバッグ［７］
uploaded,新設,,B65D 85/808 100,,・・・外側の包装体に特徴を有するもの，例．封鎖されたティーバッグのための被包材または箱
uploaded,新設,,B65D 85/812,,・・・吊下げを容易にする特徴を有するもの［７］
uploaded,新設,,B65D 85/816,,・・その中に液体が加えられるもの，例．粉末にした，または乾燥させた食品を前もって入れてあるカップ［７］
uploaded,新設,,B65D 85/86,,・電気部品用（カード，シートまたはウエブに取付けた小型電気部品Ｂ６５Ｄ７３／０２；衝撃または圧力による損傷に特に鋭敏な物品用Ｂ６５Ｄ８５／３０；アンプル用，電球用真空管類用Ｂ６５Ｄ８５／４２）［６］
uploaded,新設,,B65D 85/86 100,,・・容器
uploaded,新設,,B65D 85/86 200,,・・ウエブまたはシートに取付けするもの，例．台紙
uploaded,新設,,B65D 85/86 300,,・・ウエブで挟んで封止したもの，例．エンボスキャリアテープ
uploaded,新設,,B65D 85/86 400,,・・板状電子部品用，例．プリント基板
uploaded,新設,,B65D 85/86 500,,・・太陽電池用
uploaded,新設,,B65D 85/88,,・・電池用［６］
uploaded,新設,,B65D 85/09,,・・集積回路用［６］
uploaded,新設,,B65D 85/09 100,,・・・容器
uploaded,新設,,B65D 85/09 200,,・・・ウエブまたはシートに取付けするもの，例．台紙
uploaded,新設,,B65D 85/09 300,,・・・ウエブで挟んで封止したもの，例．エンボスキャリアテープ
uploaded,新設,,C02F 1/461,,・・電解によるもの［５］
uploaded,新設,,C02F 1/461 101,,・・・電解酸化処理，電解還元処理
uploaded,新設,,C02F 1/461 101 A,,無機性廃水の処理
uploaded,新設,,C02F 1/461 101 B,,・重金属含有廃水の処理
uploaded,新設,,C02F 1/461 101 C,,有機性廃水の処理
uploaded,新設,,C02F 1/461 101 Z,,その他のもの
uploaded,新設,,C02F 1/461 A,,電解水の製造
uploaded,新設,,C02F 1/461 Z,,その他のもの
uploaded,新設,,C02F 1/463,,・・・電解凝集法によるもの［５］
uploaded,新設,,C02F 1/465,,・・・電解浮上によるもの［５］
uploaded,新設,,C02F 1/467,,・・・電解殺菌によるもの［５］
uploaded,新設,,C02F 1/469,,・・電気化学的分離によるもの，例．電気浸透，電気透析，電気泳動［５］
uploaded,新設,,C03C 25/002,,・熱処理［２０１８．０１］
uploaded,新設,,C03C 25/005,,・機械的手段によるもの［２０１８．０１］
uploaded,新設,,C03C 25/007,,・溶液による含浸；溶液ドーピングまたは多孔質ガラスの分子充填［２０１８．０１］
uploaded,新設,,C03C 25/01,,・被覆［２０１８．０１］
uploaded,新設,,C03C 25/1025,,・・セメントをベースにした強化製品に用いられる繊維を得るためのもの［２０１８．０１］
uploaded,新設,,C03C 25/104,,・・光ファイバーを得るためのもの［２０１８．０１］
uploaded,新設,,C03C 25/105,,・・・有機クラッド［２０１８．０１］
uploaded,新設,,C03C 25/106,,・・・単一被覆［２０１８．０１］
uploaded,新設,,C03C 25/1065,,・・・多層被覆［２０１８．０１］
uploaded,新設,,C03C 25/1095,,・・被覆布を得るためのもの［２０１８．０１］
uploaded,新設,,C03C 25/12,,・・被覆の一般的な方法；そのための装置［７］
uploaded,新設,,C03C 25/14,,・・・吹き付け［２０１８．０１］
uploaded,新設,,C03C 25/143,,・・・・連続繊維に対するもの［２０１８．０１］
uploaded,新設,,C03C 25/146,,・・・・ガス媒体中に懸濁した繊維上に対するもの［２０１８．０１］
uploaded,新設,,C03C 25/16,,・・・浸液［７］
uploaded,新設,,C03C 25/18,,・・・押出［７］
uploaded,新設,,C03C 25/02,,・・・繊維をアプリケーター，例．ロール，に接触させるもの［７］
uploaded,新設,,C03C 25/22,,・・・蒸着［２０１８．０１］
uploaded,新設,,C03C 25/223,,・・・・化学蒸着または熱分解によるもの［２０１８．０１］
uploaded,新設,,C03C 25/226,,・・・・スパッタリングによるもの［２０１８．０１］
uploaded,新設,,C03C 25/24,,・・有機材料を含有する被覆［２０１８．０１］
uploaded,新設,,C03C 25/25,,・・・非高分子化合物［２０１８．０１］
uploaded,新設,,C03C 25/255,,・・・油，ワックス，脂肪またはその誘導体［２０１８．０１］
uploaded,新設,,C03C 25/26,,・・・高分子化合物またはプレポリマー［２０１８．０１］
uploaded,新設,,C03C 25/27,,・・・・ゴムラテックス［２０１８．０１］
uploaded,新設,,C03C 25/28,,・・・・炭素―炭素不飽和結合のみが関与する反応により得られるもの［２０１８．０１］
uploaded,新設,,C03C 25/285,,・・・・・アクリル樹脂［２０１８．０１］
uploaded,新設,,C03C 25/03,,・・・・・ポリオレフィン［２０１８．０１］
uploaded,新設,,C03C 25/305,,・・・・・・ポリフルオロオレフィン［２０１８．０１］
uploaded,新設,,C03C 25/32,,・・・・炭素―炭素不飽和結合のみが関与する反応以外から得られるもの［２０１８．０１］
uploaded,新設,,C03C 25/321,,・・・・・でんぷん；でんぷん誘導体［２０１８．０１］
uploaded,新設,,C03C 25/323,,・・・・・ポリエステル，例．アルキド樹脂［２０１８．０１］
uploaded,新設,,C03C 25/325,,・・・・・ポリカーボネート［２０１８．０１］
uploaded,新設,,C03C 25/326,,・・・・・ポリ尿素；ポリウレタン［２０１８．０１］
uploaded,新設,,C03C 25/328,,・・・・・ポリアミド［２０１８．０１］
uploaded,新設,,C03C 25/34,,・・・・・アルデヒド縮合重合体，例．フェノール，尿素，メラミン，アミド，またはアミンとの［７］
uploaded,新設,,C03C 25/36,,・・・・・エポキシ樹脂［７］
uploaded,新設,,C03C 25/38,,・・・有機金属化合物［７］
uploaded,新設,,C03C 25/04,,・・・有機ケイ素化合物［７］
uploaded,新設,,C03C 25/42,,・・無機物質を含有する被覆［７］
uploaded,新設,,C03C 25/44,,・・・炭素，例．グラファイト［７］
uploaded,新設,,C03C 25/46,,・・・金属［７］
uploaded,新設,,C03C 25/465,,・・複合材料を含有する被覆［２０１８．０１］
uploaded,新設,,C03C 25/47,,・・・粒子，繊維またはフレークを含有するもの，例．連続相中で［２０１８．０１］
uploaded,新設,,C03C 25/475,,・・・着色成分を含有するもの［２０１８．０１］
uploaded,新設,,C03C 25/48,,・・異なる組成物で構成される二つ以上の被覆を有する［７］
uploaded,新設,,C03C 25/05,,・・・有機物質のみを含有する被覆［７］
uploaded,新設,,C03C 25/52,,・・・無機物質のみを含有する被覆［７］
uploaded,新設,,C03C 25/54,,・・・有機物質のみを含有する一つ以上の被覆と，無機物質のみを含有する一つ以上の被覆との組み合わせ［７］
uploaded,新設,,C03C 25/06,,・表面にイオンまたは金属を拡散することによるもの［２０１８．０１］
uploaded,新設,,C03C 25/601,,・・液体相中で，例．溶液または溶融塩を用いるもの［２０１８．０１］
uploaded,新設,,C03C 25/602,,・・・アルカリイオン間でイオン交換を行うためのもの（Ｃ０３Ｃ２５／６０５が優先）［２０１８．０１］
uploaded,新設,,C03C 25/603,,・・・・電位差によるもの［２０１８．０１］
uploaded,新設,,C03C 25/605,,・・・金属または金属イオン，例．銀または銅，をガラスに導入するためのもの［２０１８．０１］
uploaded,新設,,C03C 25/607,,・・ガス相中で［２０１８．０１］
uploaded,新設,,C03C 25/608,,・・固相中で，例．ペーストまたは粉体を用いるもの［２０１８．０１］
uploaded,新設,,C03C 25/62,,・電気または波エネルギーの適用によるもの（乾燥または脱水用Ｃ０３Ｃ２５／６４）；粒子放射線またはイオン注入によるもの［２０１８．０１］
uploaded,新設,,C03C 25/6206,,・・電磁波［２０１８．０１］
uploaded,新設,,C03C 25/6208,,・・・レーザー［２０１８．０１］
uploaded,新設,,C03C 25/621,,・・・マイクロ波［２０１８．０１］
uploaded,新設,,C03C 25/6213,,・・・赤外線［２０１８．０１］
uploaded,新設,,C03C 25/622,,・・・可視光［２０１８．０１］
uploaded,新設,,C03C 25/6226,,・・・紫外線［２０１８．０１］
uploaded,新設,,C03C 25/624,,・・・Ｘ線［２０１８．０１］
uploaded,新設,,C03C 25/6246,,・・・ガンマ線［２０１８．０１］
uploaded,新設,,C03C 25/626,,・・粒子放射線またはイオン注入［２０１８．０１］
uploaded,新設,,C03C 25/6266,,・・・電子，陽子またはアルファ粒子［２０１８．０１］
uploaded,新設,,C03C 25/6273,,・・・中性子［２０１８．０１］
uploaded,新設,,C03C 25/628,,・・・原子［２０１８．０１］
uploaded,新設,,C03C 25/6286,,・・・イオン注入［２０１８．０１］
uploaded,新設,,C03C 25/6293,,・・プラズマまたはコロナ放電［２０１８．０１］
uploaded,新設,,C03C 25/64,,・乾燥，脱水，脱水酸基［７］
uploaded,新設,,C03C 25/66,,・化学処理，例．濾過，酸またはアルカリによる処理（脱水酸基Ｃ０３Ｃ２５／６４）［７］
uploaded,新設,,C03C 25/68,,・・エッチングによるもの［７］
uploaded,新設,,C03C 25/07,,・クリーニング，例．再利用のため（Ｃ０３Ｃ２５／６２～Ｃ０３Ｃ２５／６６が優先）［７］
uploaded,新設,,C07D 253/065,,・・・環原子相互間または環原子と非環原子間に３個の二重結合を有するもの［５］
uploaded,新設,,C07D 253/07,,・・・・異種原子，または異種原子に対する３個の結合をもち，そのうち多くても１個がハロゲンに対する結合である炭素原子，例．エステルまたはニトリル基，が環の炭素原子に直接結合したもの［５］
uploaded,新設,,C07D 253/075,,・・・・・３，５位に２個の異種原子［５］
uploaded,新設,,C07D 253/01,,・・縮合した１，２，４―トリアジン；水素添加し縮合した１，２，４―トリアジン［５］
uploaded,新設,,C07D 285/01,,・５員環［５］
uploaded,新設,,C07D 285/12 100,,・・・・・水素原子，置換又は非置換の炭化水素基が，環の炭素原子に直接結合したもの
uploaded,新設,,C07D 285/12 200,,・・・・・異種原子，又は異種原子に対する３個の結合をもち，そのうち多くても１個がハロゲンに対する結合である炭素原子が，環の炭素原子に直接結合したもの（ニトロ基の一部でない窒素原子Ｃ０７Ｄ２８５／１３５，酸素原子Ｃ０７Ｄ２８５／１３，硫黄原子Ｃ０７Ｄ２８５／１２５）
uploaded,新設,,C07D 285/12 210,,・・・・・・ニトロ基
uploaded,新設,,C07D 285/125,,・・・・・酸素原子，硫黄原子またはニトロ基の一部でない窒素原子が環の炭素原子に直接結合したもの［５］
uploaded,新設,,C07D 285/13,,・・・・・・酸素原子［５］
uploaded,新設,,C07D 285/135,,・・・・・・窒素原子［５］
uploaded,新設,,C07D 285/15,,・６員環［５］
uploaded,新設,,C07D 307/32 500,,・・・・・３位に二重結合の酸素原子が結合したもの
uploaded,新設,,C07D 307/33,,・・・・・２位，に酸素原子がそのケト型または置換されていないエノール型で結合したもの［５］
uploaded,新設,,C07D 307/33 100,,・・・・・・環の他の炭素原子に水素原子または炭化水素基のみが結合したもの
uploaded,新設,,C07D 307/33 150,,・・・・・・・γ－ブチロラクトンの製造
uploaded,新設,,C07D 307/33 200,,・・・・・・環の他の炭素原子に異種原子で置換された炭化水素基が結合したもの
uploaded,新設,,C07D 307/33 210,,・・・・・・・ハロゲン原子で置換された基
uploaded,新設,,C07D 307/33 300,,・・・・・・環の他の炭素原子に異種原子またはカルボキシル基若くはその反応性誘導体基が直接結合したもの
uploaded,新設,,C07D 307/33 310,,・・・・・・・ハロゲン原子
uploaded,新設,,C07D 307/33 320,,・・・・・・・窒素原子
uploaded,新設,,C07D 307/33 330,,・・・・・・・酸素原子
uploaded,新設,,C07D 307/33 335,,・・・・・・・・糖酸のラクトン
uploaded,新設,,C07D 307/33 340,,・・・・・・・カルボキシル基；その誘導体
uploaded,新設,,C07D 307/885,,・・・・３，３―ジフェニルフタリド［５］
uploaded,新設,,C07D 307/937,,・・・・２位に直接結合した炭化水素基または置換炭素水素基をもつもの，例．プロスタサイクリン［５］
uploaded,新設,,C08K 3/01,,・特定の機能に特徴のあるもの［２０１８．０１］
uploaded,新設,,C08K 3/011,,・・架橋剤または加硫剤，例．促進剤［２０１８．０１］
uploaded,新設,,C08K 3/012,,・・高分子化合物の劣化を促進する添加剤［２０１８．０１］
uploaded,新設,,C08K 3/013,,・・充填剤，顔料または補強剤［２０１８．０１］
uploaded,新設,,C08K 3/014,,・・酸化，熱，光またはオゾンに対する安定剤［２０１８．０１］
uploaded,新設,,C08K 3/015,,・・防生物剤（防生物材料の担体としての高分子物質Ａ０１Ｌ２５／１０）［２０１８．０１］
uploaded,新設,,C08K 3/016,,・・防炎剤または燃焼遅延化剤［２０１８．０１］
uploaded,新設,,C08K 3/017,,・・静電防止剤［２０１８．０１］
uploaded,新設,,C08K 3/105,,・・周期律表の１族から３族または１１族から１３族の金属を含有する化合物［２０１８．０１］
uploaded,新設,,C08K 3/11,,・・周期律表の４族から１０族または１４族から１６族の金属を含有する化合物［２０１８．０１］
uploaded,新設,,C09D 7/02,,・希釈剤または溶剤［２０１８．０１］
uploaded,新設,,C09D 7/04,,・添加物［２０１８．０１］
uploaded,新設,,C09D 7/41,,・・有機顔料；有機染料［２０１８．０１］
uploaded,新設,,C09D 7/42,,・・つや消し剤［２０１８．０１］
uploaded,新設,,C09D 7/43,,・・増粘剤［２０１８．０１］
uploaded,新設,,C09D 7/44,,・・・２以上の増粘剤の組み合わせ［２０１８．０１］
uploaded,新設,,C09D 7/45,,・・沈降防止剤［２０１８．０１］
uploaded,新設,,C09D 7/46,,・・皮張り防止剤［２０１８．０１］
uploaded,新設,,C09D 7/47,,・・レベリング剤［２０１８．０１］
uploaded,新設,,C09D 7/48,,・・酸素，光または熱による劣化防止剤［２０１８．０１］
uploaded,新設,,C09D 7/06,,・・非高分子のもの（Ｃ０９Ｄ７／４１～Ｃ０９Ｄ７／４８が優先）［２０１８．０１］
uploaded,新設,,C09D 7/61,,・・・無機物［２０１８．０１］
uploaded,新設,,C09D 7/62,,・・・・他の化合物により処理されたもの［２０１８．０１］
uploaded,新設,,C09D 7/63,,・・・有機物［２０１８．０１］
uploaded,新設,,C09D 7/65,,・・高分子のもの（Ｃ０９Ｄ７／４１～Ｃ０９Ｄ７／４８が優先）［２０１８．０１］
uploaded,新設,,C09D 7/08,,・成分を混合するためのプロセス［２０１８．０１］
uploaded,新設,,C09J 7/01,,・無担体のもの［２０１８．０１］
uploaded,新設,,C09J 7/02,,・担体に特徴のあるもの［２０１８．０１］
uploaded,新設,,C09J 7/21,,・・紙；繊維布［２０１８．０１］
uploaded,新設,,C09J 7/22,,・・プラスチック；金属化プラスチック［２０１８．０１］
uploaded,新設,,C09J 7/24,,・・・炭素―炭素不飽和結合のみが関与する反応によって得られる高分子化合物に基づくもの［２０１８．０１］
uploaded,新設,,C09J 7/25,,・・・炭素―炭素不飽和結合のみが関与する反応以外によって得られる高分子化合物に基づくもの［２０１８．０１］
uploaded,新設,,C09J 7/26,,・・・多孔性または海綿状プラスチック［２０１８．０１］
uploaded,新設,,C09J 7/28,,・・金属シート（金属化プラスチックＣ０９Ｊ７／２２）［２０１８．０１］
uploaded,新設,,C09J 7/29,,・・積層化担体（金属化プラスチックＣ０９Ｊ７／２２）［２０１８．０１］
uploaded,新設,,C09J 7/03,,・接着剤組成物に特徴のあるもの［２０１８．０１］
uploaded,新設,,C09J 7/32,,・・水活性型，例．ゴム引き紙［２０１８．０１］
uploaded,新設,,C09J 7/35,,・・熱活性型［２０１８．０１］
uploaded,新設,,C09J 7/38,,・・感圧性接着剤［２０１８．０１］
uploaded,新設,,C09J 7/04,,・剥離ライナーに特徴のあるもの［２０１８．０１］
uploaded,新設,,C09J 7/05,,・担体と接着剤との間のプライマーに特徴のあるもの［２０１８．０１］
uploaded,新設,,C12N 15/00 100,,・ダミーＦＩＣ１２Ｎ１５／００，１００＠Ｐを設定するためのダミーＦＩ【新規付与停止】
uploaded,新設,,C12N 15/00 100 P,,パテントファミリーにＣ１２Ｎ１５／００のＣＰＣが付与されているもの【新規付与停止】
uploaded,新設,,C12N 15/00 100 Z,,その他
uploaded,新設,,C12N 15/01,,・外来遺伝物質を導入しない突然変異体の調製；そのためのスクリーニング方法［５］
uploaded,新設,,C12N 15/01 P,,パテントファミリーにＣ１２Ｎ１５／０１のＣＰＣが付与されているもの【新規付与停止】
uploaded,新設,,C12N 15/01 Z,,その他
uploaded,新設,,C12N 15/02,,・２つ以上の細胞の融合による融合細胞の調製，例．プロトプラスト融合［５］
uploaded,新設,,C12N 15/02 P,,パテントファミリーにＣ１２Ｎ１５／０２のＣＰＣが付与されているもの【新規付与停止】
uploaded,新設,,C12N 15/02 Z,,その他
uploaded,新設,,C12N 15/03,,・・細菌［５］
uploaded,新設,,C12N 15/03 P,,パテントファミリーにＣ１２Ｎ１５／０３のＣＰＣが付与されているもの【新規付与停止】
uploaded,新設,,C12N 15/03 Z,,その他
uploaded,新設,,C12N 15/04,,・・菌類［５］
uploaded,新設,,C12N 15/04 P,,パテントファミリーにＣ１２Ｎ１５／０４のＣＰＣが付与されているもの【新規付与停止】
uploaded,新設,,C12N 15/04 Z,,その他
uploaded,新設,,C12N 15/05,,・・植物細胞［５］
uploaded,新設,,C12N 15/06,,・・動物細胞［５］
uploaded,新設,,C12N 15/06 100,,・・・モノクローナル抗体に関するもの
uploaded,新設,,C12N 15/07,,・・ヒト細胞［５］
uploaded,新設,,C12N 15/07 100,,・・・モノクローナル抗体に関するもの
uploaded,新設,,C12N 15/08,,・・異種間の融合により生じる細胞［５］
uploaded,新設,,C12N 15/08 100,,・・・モノクローナル抗体に関するもの
uploaded,新設,,C12N 15/09,,・組換えＤＮＡ技術［５］
uploaded,新設,,C12N 15/09 100,,・・ゲノム編集技術，例．ＴＡＬＥＮ，ジンクフィンガーヌクレアーゼを用いるもの
uploaded,新設,,C12N 15/09 110,,・・・ＣＲＩＳＰＲ／Ｃａｓを用いるもの
uploaded,新設,,C12N 15/09 200,,・・ＤＮＡチップ，マイクロアレイ
uploaded,新設,,C12N 15/09 P,,パテントファミリーにＣ１２Ｎ１５／０９のＣＰＣが付与されているもの【新規付与停止】
uploaded,新設,,C12N 15/09 Z,,その他
uploaded,新設,,C12N 15/01,,・・ＤＮＡまたはＲＮＡの分離，製造または精製のための方法（ＤＮＡまたはＲＮＡの化学的製造Ｃ０７Ｈ２１／００；微生物からのまたは酵素を用いた非構造ポリヌクレオチドの製造Ｃ１２Ｐ１９／３４）［５］
uploaded,新設,,C12N 15/01 100,,・・・生物試料からの核酸の抽出または分離，例．純粋分離または単離方法；そのための条件，緩衝液
uploaded,新設,,C12N 15/01 100 P,,パテントファミリーにＣ１２Ｎ１５／１００３のＣＰＣが付与されているもの【新規付与停止】
uploaded,新設,,C12N 15/01 100 Z,,その他
uploaded,新設,,C12N 15/01 110,,・・・・固体保持担体によるもの，例．粒子，ポリマー
uploaded,新設,,C12N 15/01 110 P,,パテントファミリーにＣ１２Ｎ１５／１００６のＣＰＣが付与されているもの【新規付与停止】
uploaded,新設,,C12N 15/01 110 Z,,その他
uploaded,新設,,C12N 15/01 112,,・・・・・クロマトグラフィーによるもの，例．電気泳動，イオン交換，逆相
uploaded,新設,,C12N 15/01 112 P,,パテントファミリーにＣ１２Ｎ１５／１０１のＣＰＣが付与されているもの【新規付与停止】
uploaded,新設,,C12N 15/01 112 Z,,その他
uploaded,新設,,C12N 15/01 114,,・・・・・磁性ビーズの使用によるもの
uploaded,新設,,C12N 15/01 114 P,,パテントファミリーにＣ１２Ｎ１５／１０１３のＣＰＣが付与されているもの【新規付与停止】
uploaded,新設,,C12N 15/01 114 Z,,その他
uploaded,新設,,C12N 15/01 120,,・・・・ろ過によるもの，例．ろ過器，フリット，膜の使用
uploaded,新設,,C12N 15/01 120 P,,パテントファミリーにＣ１２Ｎ１５／１０１７のＣＰＣが付与されているもの【新規付与停止】
uploaded,新設,,C12N 15/01 120 Z,,その他
uploaded,新設,,C12N 15/01 200,,・・・核酸の突然変異誘導
uploaded,新設,,C12N 15/01 200 P,,パテントファミリーにＣ１２Ｎ１５／１０２のＣＰＣが付与されているもの【新規付与停止】
uploaded,新設,,C12N 15/01 200 Z,,その他
uploaded,新設,,C12N 15/01 210,,・・・・遺伝物質，例．エラープローンポリメラーゼをコードするもの，の挿入による，またはミスマッチ修復遺伝子の阻害による，高突然変異誘発性宿主であるミューテーターを使用した突然変異生成（ゲノム編集技術，Ｃ１２Ｎ１５／０９，１００）
uploaded,新設,,C12N 15/01 210 P,,パテントファミリーにＣ１２Ｎ１５／１０２４のＣＰＣが付与されているもの【新規付与停止】
uploaded,新設,,C12N 15/01 210 Z,,その他
uploaded,新設,,C12N 15/01 220,,・・・・ＤＮＡシャフリングによるもの，例．ＲＳＲ，ＳＴＥＰ，ＲＰＲ
uploaded,新設,,C12N 15/01 220 P,,パテントファミリーにＣ１２Ｎ１５／１０２７のＣＰＣが付与されているもの【新規付与停止】
uploaded,新設,,C12N 15/01 220 Z,,その他
uploaded,新設,,C12N 15/01 230,,・・・・遺伝子アセンブリによる突然変異生成，例．オリゴヌクレオチドエクステンションＰＣＲによるアセンブリ
uploaded,新設,,C12N 15/01 230 P,,パテントファミリーにＣ１２Ｎ１５／１０３１のＣＰＣが付与されているもの【新規付与停止】
uploaded,新設,,C12N 15/01 230 Z,,その他
uploaded,新設,,C12N 15/01 P,,パテントファミリーにＣ１２Ｎ１５／１０，Ｃ１２Ｎ１５／１０３４，Ｃ１２Ｎ１５／１０３７，Ｃ１２Ｎ１５／１０４１，Ｃ１２Ｎ１５／１０４４，Ｃ１２Ｎ１５／１０４８，Ｃ１２Ｎ１５／１０５１，Ｃ１２Ｎ１５／１０５５，Ｃ１２Ｎ１５／１０５８，Ｃ１２Ｎ１５／１０６２，Ｃ１２Ｎ１５／１０６５，Ｃ１２Ｎ１５／１０６８，Ｃ１２Ｎ１５／１０７２，Ｃ１２Ｎ１５／１０７５，Ｃ１２Ｎ１５／１０７９，Ｃ１２Ｎ１５／１０８２，Ｃ１２Ｎ１５／１０８６，Ｃ１２Ｎ１５／１０８９，Ｃ２Ｎ１５／１０９３，Ｃ１２Ｎ１５／１０９６のＣＰＣが付与されているもの【新規付与停止】
uploaded,新設,,C12N 15/11,,・・ＤＮＡまたはＲＮＡフラグメント；その修飾物（組換え技術に使用されないＤＮＡまたはＲＮＡＣ０７Ｈ２１／００）［５］
uploaded,新設,,C12N 15/11 P,,パテントファミリーにＣ１２Ｎ１５／１１，Ｃ１２Ｎ１５／１１１のＣＰＣが付与されているもの【新規付与停止】
uploaded,新設,,C12N 15/11 Z,,その他
uploaded,新設,,C12N 15/113,,・・・遺伝子の発現を調節する非コード核酸，例．アンチセンスオリゴヌクレオチド［２０１０．０１］
uploaded,新設,,C12N 15/113 100,,・・・・ウイルスに対するもの
uploaded,新設,,C12N 15/113 100 P,,パテントファミリーにＣ１２Ｎ１５／１１３１のＣＰＣが付与されているもの【新規付与停止】
uploaded,新設,,C12N 15/113 100 Z,,その他
uploaded,新設,,C12N 15/113 102,,・・・・・レトロウイルス，例．ＨＩＶ，に対するもの
uploaded,新設,,C12N 15/113 102 P,,パテントファミリーにＣ１２Ｎ１５／１１３２のＣＰＣが付与されているもの【新規付与停止】
uploaded,新設,,C12N 15/113 102 Z,,その他
uploaded,新設,,C12N 15/113 104,,・・・・・ヘルペスウイルス，例．ＨＳＶ，に対するもの
uploaded,新設,,C12N 15/113 104 P,,パテントファミリーにＣ１２Ｎ１５／１１３３のＣＰＣが付与されているもの【新規付与停止】
uploaded,新設,,C12N 15/113 104 Z,,その他
uploaded,新設,,C12N 15/113 110,,・・・・癌遺伝子または癌抑制遺伝子に対するもの
uploaded,新設,,C12N 15/113 110 P,,パテントファミリーにＣ１２Ｎ１５／１１３５のＣＰＣが付与されているもの【新規付与停止】
uploaded,新設,,C12N 15/113 110 Z,,その他
uploaded,新設,,C12N 15/113 120,,・・・・成長因子，成長調節因子，サイトカイン，リンホカインまたはホルモンに対するもの
uploaded,新設,,C12N 15/113 120 P,,パテントファミリーにＣ１２Ｎ１５／１１３６のＣＰＣが付与されているもの【新規付与停止】
uploaded,新設,,C12N 15/113 120 Z,,その他
uploaded,新設,,C12N 15/113 130,,・・・・酵素に対するもの（ウイルス酵素Ｃ１２Ｎ１５／１１３，１００；受容体Ｃ１２Ｎ１５／１１３，１４０）
uploaded,新設,,C12N 15/113 130 P,,パテントファミリーにＣ１２Ｎ１５／１１３７のＣＰＣが付与されているもの【新規付与停止】
uploaded,新設,,C12N 15/113 130 Z,,その他
uploaded,新設,,C12N 15/113 140,,・・・・受容体または細胞表面蛋白質に対するもの
uploaded,新設,,C12N 15/113 140 P,,パテントファミリーにＣ１２Ｎ１５／１１３８のＣＰＣが付与されているもの【新規付与停止】
uploaded,新設,,C12N 15/113 140 Z,,その他
uploaded,新設,,C12N 15/113 P,,パテントファミリーにＣ１２Ｎ１５／１１３のＣＰＣが付与されているもの【新規付与停止】
uploaded,新設,,C12N 15/113 Z,,その他
uploaded,新設,,C12N 15/115,,・・・アプタマー，すなわち，ハイブリダイズ以外の手段で，特異的にかつ高親和性で標的分子に結合する核酸［２０１０．０１］
uploaded,新設,,C12N 15/115 P,,パテントファミリーにＣ１２Ｎ１５／１１５のＣＰＣが付与されているもの【新規付与停止】
uploaded,新設,,C12N 15/115 Z,,その他
uploaded,新設,,C12N 15/117,,・・・免疫調節性を有する核酸，例．ＣｐＧモチーフを含む核酸［２０１０．０１］
uploaded,新設,,C12N 15/117 P,,パテントファミリーにＣ１２Ｎ１５／１１７のＣＰＣが付与されているもの【新規付与停止】
uploaded,新設,,C12N 15/117 Z,,その他
uploaded,新設,,C12N 15/12,,・・・動物蛋白質をコードする遺伝子［５］
uploaded,新設,,C12N 15/13,,・・・・免疫グロブリン［５］
uploaded,新設,,C12N 15/14,,・・・・ヒト血清アルブミン［５］
uploaded,新設,,C12N 15/15,,・・・・プロテアーゼ阻害剤，例．アンチトロンビン，アンチトリプシン，ヒルジン［５］
uploaded,新設,,C12N 15/16,,・・・・ホルモン［５］
uploaded,新設,,C12N 15/17,,・・・・・インシュリン［５］
uploaded,新設,,C12N 15/18,,・・・・・成長ホルモン［５］
uploaded,新設,,C12N 15/19,,・・・・インターフェロン；リンホカイン；サイトカイン［５］
uploaded,新設,,C12N 15/02,,・・・・・インターフェロン［５］
uploaded,新設,,C12N 15/21,,・・・・・・α―インターフェロン［５］
uploaded,新設,,C12N 15/22,,・・・・・・β―インターフェロン［５］
uploaded,新設,,C12N 15/23,,・・・・・・γ―インターフェロン［５］
uploaded,新設,,C12N 15/24,,・・・・・インターロイキン［５］
uploaded,新設,,C12N 15/25,,・・・・・・インターロイキン―１［５］
uploaded,新設,,C12N 15/26,,・・・・・・インターロイキン―２［５］
uploaded,新設,,C12N 15/27,,・・・・・コロニー刺激因子［５］
uploaded,新設,,C12N 15/28,,・・・・・腫瘍壊死因子［５］
uploaded,新設,,C12N 15/29,,・・・植物蛋白質，例．ソーマチン，をコードする遺伝子［５］
uploaded,新設,,C12N 15/03,,・・・原生動物蛋白質，例．変形体，睡眠病病原虫，アイメリア由来の蛋白質，をコードする遺伝子［５］
uploaded,新設,,C12N 15/31,,・・・微生物蛋白質，例．エンテロトキシン，をコードする遺伝子［５］
uploaded,新設,,C12N 15/32,,・・・・バチルス菌結晶蛋白質［５］
uploaded,新設,,C12N 15/33,,・・・・ウイルス蛋白質をコードする遺伝子［５］
uploaded,新設,,C12N 15/34,,・・・・・ＤＮＡウイルス由来の蛋白質［５］
uploaded,新設,,C12N 15/35,,・・・・・・パルボウイルス科，例．猫汎白血球減少症ウイルス，ヒトパルボウイルス［５］
uploaded,新設,,C12N 15/36,,・・・・・・ヘパドナウイルス科［５］
uploaded,新設,,C12N 15/37,,・・・・・・パポーバウイルス科，例．乳頭腫ウイルス，ポリオーマウイルス，ＳＶ４０［５］
uploaded,新設,,C12N 15/38,,・・・・・・ヘルペスウイルス科，例．単純ヘルペスウイルス，水痘―帯状ヘルペスウイルス，エプスタイン―バールウイルス，サイトメガロウイルス，仮性狂犬病ウイルス［５］
uploaded,新設,,C12N 15/39,,・・・・・・ポックスウイルス科，例．ワクシニアウイルス，痘瘡ウイルス［５］
uploaded,新設,,C12N 15/04,,・・・・・ＲＮＡウイルス由来の蛋白質，例．フラビウイルス［５］
uploaded,新設,,C12N 15/41,,・・・・・・ピコルナウイルス科，例．ライノウイルス，コクサッキーウイルス，エコーウイルス，エンテロウイルス［５］
uploaded,新設,,C12N 15/42,,・・・・・・・口蹄疫ウイルス［５］
uploaded,新設,,C12N 15/43,,・・・・・・・ポリオウイルス［５］
uploaded,新設,,C12N 15/44,,・・・・・・オルソミクソウイルス科，例．インフルエンザウイルス［５］
uploaded,新設,,C12N 15/45,,・・・・・・パラミクソウイルス科，例．はしかウイルス，おたふくかぜウイルス，ニューカッスル病ウイルス，犬ジステンパーウイルス，牛疫ウイルス，レスピラトリシンシシャルウイルス［５］
uploaded,新設,,C12N 15/46,,・・・・・・レオウイルス科，例．ロタウイルス，ブルータングウイルス，コロラドダニ熱ウイルス［５］
uploaded,新設,,C12N 15/47,,・・・・・・ラブドウイルス科，例．狂犬病ウイルス，水泡性口内炎ウイルス［５］
uploaded,新設,,C12N 15/48,,・・・・・・レトロウイルス，例．ウシ白血病ウイルス，猫白血病ウイルス［５］
uploaded,新設,,C12N 15/49,,・・・・・・・レンチウイルス科，例．ＨＩＶ，ビスナーマエディウイルス，馬感染性貧血ウイルスなどの免疫不全ウイルス［５］
uploaded,新設,,C12N 15/05,,・・・・・・コロナウイルス科，例．感染気管支炎ウイルス，伝染病胃腸炎ウイルス［５］
uploaded,新設,,C12N 15/51,,・・・・・肝炎ウイルス［５］
uploaded,新設,,C12N 15/52,,・・・酵素または酵素前駆体をコードする遺伝子［５］
uploaded,新設,,C12N 15/52 P,,パテントファミリーにＣ１２Ｎ１５／５２のＣＰＣが付与されているもの【新規付与停止】
uploaded,新設,,C12N 15/52 Z,,その他
uploaded,新設,,C12N 15/53,,・・・・酸化還元酵素（１）［５］
uploaded,新設,,C12N 15/54,,・・・・転移酵素（２）［５］
uploaded,新設,,C12N 15/55,,・・・・加水分解酵素（３）［５］
uploaded,新設,,C12N 15/56,,・・・・・グリコシル化合物に作用するもの（３．２），例．アミラーゼ，ガラクトシダーゼ，リゾチーム［５］
uploaded,新設,,C12N 15/57,,・・・・・ペプチド結合に作用するもの（３．４）［５］
uploaded,新設,,C12N 15/58,,・・・・・・プラスミノーゲン活性化因子，例．ウロキナーゼ，ＴＰＡ［５］
uploaded,新設,,C12N 15/59,,・・・・・・キモシン［５］
uploaded,新設,,C12N 15/06,,・・・・付加酵素（４）［５］
uploaded,新設,,C12N 15/61,,・・・・異性化酵素（５）［５］
uploaded,新設,,C12N 15/62,,・・・融合蛋白質をコードするＤＮＡ配列［５］
uploaded,新設,,C12N 15/62 P,,パテントファミリーにＣ１２Ｎ１５／６２，Ｃ１２Ｎ１５／６２５のＣＰＣが付与されているもの【新規付与停止】
uploaded,新設,,C12N 15/62 Z,,その他
uploaded,新設,,C12N 15/63,,・・ベクターを用いた外来遺伝物質の導入；ベクター；そのための宿主の使用；発現の制御［５］
uploaded,新設,,C12N 15/63 100,,・・・外部から誘導可能なリプレッサーまたはインデューサーを介した遺伝子発現調節によって特徴づけられるもの
uploaded,新設,,C12N 15/63 100 P,,パテントファミリーにＣ１２Ｎ１５／６３５のＣＰＣが付与されているもの【新規付与停止】
uploaded,新設,,C12N 15/63 100 Z,,その他
uploaded,新設,,C12N 15/63 P,,パテントファミリーにＣ１２Ｎ１５／６３のＣＰＣが付与されているもの【新規付与停止】
uploaded,新設,,C12N 15/63 Z,,その他
uploaded,新設,,C12N 15/64,,・・・ベクターを製造するため，ベクターを細胞内へ導入するためまたはベクター含有宿主を選択するための一般的方法［５］
uploaded,新設,,C12N 15/64 P,,パテントファミリーにＣ１２Ｎ１５／６４のＣＰＣが付与されているもの【新規付与停止】
uploaded,新設,,C12N 15/64 Z,,その他
uploaded,新設,,C12N 15/65,,・・・マーカーの使用（マーカーとして使用される酵素Ｃ１２Ｎ１５／５２）［５］
uploaded,新設,,C12N 15/65 P,,パテントファミリーにＣ１２Ｎ１５／６５のＣＰＣが付与されているもの【新規付与停止】
uploaded,新設,,C12N 15/65 Z,,その他
uploaded,新設,,C12N 15/66,,・・・開裂および連結反応を用いることにより，ベクター内に遺伝子を挿入して組換えベクターを作成するための一般的方法；非機能的リンカーまたはアダプター，例．制限エンドヌクレアーゼの認識配列を有するリンカー，の使用［５］
uploaded,新設,,C12N 15/66 P,,パテントファミリーにＣ１２Ｎ１５／６６のＣＰＣが付与されているもの【新規付与停止】
uploaded,新設,,C12N 15/66 Z,,その他
uploaded,新設,,C12N 15/67,,・・・発現を高めるための一般的方法［５］
uploaded,新設,,C12N 15/67 P,,パテントファミリーにＣ１２Ｎ１５／６７のＣＰＣが付与されているもの【新規付与停止】
uploaded,新設,,C12N 15/67 Z,,その他
uploaded,新設,,C12N 15/68,,・・・・ベクターの安定［５］
uploaded,新設,,C12N 15/68 P,,パテントファミリーにＣ１２Ｎ１５／６８のＣＰＣが付与されているもの【新規付与停止】
uploaded,新設,,C12N 15/68 Z,,その他
uploaded,新設,,C12N 15/69,,・・・・ベクターのコピー数の増大［５］
uploaded,新設,,C12N 15/69 P,,パテントファミリーにＣ１２Ｎ１５／６９のＣＰＣが付与されているもの【新規付与停止】
uploaded,新設,,C12N 15/69 Z,,その他
uploaded,新設,,C12N 15/07,,・・・大腸菌に特に適合するベクターまたは発現システム［５］
uploaded,新設,,C12N 15/07 P,,パテントファミリーにＣ１２Ｎ１５／７０のＣＰＣが付与されているもの【新規付与停止】
uploaded,新設,,C12N 15/07 Z,,その他
uploaded,新設,,C12N 15/71,,・・・・ｔｒｐ―オペロンに由来する制御配列を使用した発現システム［５］
uploaded,新設,,C12N 15/71 P,,パテントファミリーにＣ１２Ｎ１５／７１のＣＰＣが付与されているもの【新規付与停止】
uploaded,新設,,C12N 15/71 Z,,その他
uploaded,新設,,C12N 15/72,,・・・・ｌａｃ―オペロンに由来する制御配列を使用した発現システム［５］
uploaded,新設,,C12N 15/72 P,,パテントファミリーにＣ１２Ｎ１５／７２のＣＰＣが付与されているもの【新規付与停止】
uploaded,新設,,C12N 15/72 Z,,その他
uploaded,新設,,C12N 15/73,,・・・・λファージの制御配列を使用した発現システム［５］
uploaded,新設,,C12N 15/73 P,,パテントファミリーにＣ１２Ｎ１５／７３のＣＰＣが付与されているもの【新規付与停止】
uploaded,新設,,C12N 15/73 Z,,その他
uploaded,新設,,C12N 15/74,,・・・大腸菌以外の原核宿主，例．ラクトバチルス，ミクロモノスポラ，に特に適合するベクターまたは発現システム［５］
uploaded,新設,,C12N 15/74 100,,・・・・アグロバクテリウム用；リゾビウム用；ブラディリゾビウム用
uploaded,新設,,C12N 15/74 100 P,,パテントファミリーにＣ１２Ｎ１５／７４３のＣＰＣが付与されているもの【新規付与停止】
uploaded,新設,,C12N 15/74 100 Z,,その他
uploaded,新設,,C12N 15/74 110,,・・・・乳酸菌用，例．ストレプトコッカス，ラクトコッカス，ラクトバチルス，ペディオコッカス，エンテロコッカス，リューコノストック，プロピオニバクテリウム，ビフィドバクテリウム，スポロラクトバチルス
uploaded,新設,,C12N 15/74 110 P,,パテントファミリーにＣ１２Ｎ１５／７４６のＣＰＣが付与されているもの【新規付与停止】
uploaded,新設,,C12N 15/74 110 Z,,その他
uploaded,新設,,C12N 15/74 P,,パテントファミリーにＣ１２Ｎ１５／７４のＣＰＣが付与されているもの【新規付与停止】
uploaded,新設,,C12N 15/74 Z,,その他
uploaded,新設,,C12N 15/75,,・・・・バチルス用［５］
uploaded,新設,,C12N 15/75 P,,パテントファミリーにＣ１２Ｎ１５／７５のＣＰＣが付与されているもの【新規付与停止】
uploaded,新設,,C12N 15/75 Z,,その他
uploaded,新設,,C12N 15/76,,・・・・アクチノミセス用；ストレプトミセス用［５］
uploaded,新設,,C12N 15/76 P,,パテントファミリーにＣ１２Ｎ１５／７６のＣＰＣが付与されているもの【新規付与停止】
uploaded,新設,,C12N 15/76 Z,,その他
uploaded,新設,,C12N 15/77,,・・・・コリネバクテリウム用；ブレビバクテリウム用［５］
uploaded,新設,,C12N 15/77 P,,パテントファミリーにＣ１２Ｎ１５／７７のＣＰＣが付与されているもの【新規付与停止】
uploaded,新設,,C12N 15/77 Z,,その他
uploaded,新設,,C12N 15/78,,・・・・シュードモナス用［５］
uploaded,新設,,C12N 15/78 P,,パテントファミリーにＣ１２Ｎ１５／７８のＣＰＣが付与されているもの【新規付与停止】
uploaded,新設,,C12N 15/78 Z,,その他
uploaded,新設,,C12N 15/79,,・・・真核宿主に特に適合するベクターまたは発現システム［５］
uploaded,新設,,C12N 15/79 P,,パテントファミリーにＣ１２Ｎ１５／７９のＣＰＣが付与されているもの【新規付与停止】
uploaded,新設,,C12N 15/79 Z,,その他
uploaded,新設,,C12N 15/08,,・・・・菌類用［５］
uploaded,新設,,C12N 15/08 P,,パテントファミリーにＣ１２Ｎ１５／８０のＣＰＣが付与されているもの【新規付与停止】
uploaded,新設,,C12N 15/08 Z,,その他
uploaded,新設,,C12N 15/81,,・・・・・酵母用［５］
uploaded,新設,,C12N 15/81 100,,・・・・・・出芽酵母以外の酵母用
uploaded,新設,,C12N 15/81 100 P,,パテントファミリーにＣ１２Ｎ１５／８１５のＣＰＣが付与されているもの【新規付与停止】
uploaded,新設,,C12N 15/81 100 Z,,その他
uploaded,新設,,C12N 15/81 P,,パテントファミリーにＣ１２Ｎ１５／８１のＣＰＣが付与されているもの【新規付与停止】
uploaded,新設,,C12N 15/81 Z,,その他
uploaded,新設,,C12N 15/82,,・・・・植物細胞用［５］
uploaded,新設,,C12N 15/82 100,,・・・・・色素体，ミトコンドリアの形質転換に特徴のあるもの
uploaded,新設,,C12N 15/82 100 P,,パテントファミリーにＣ１２Ｎ１５／８２１４のＣＰＣが付与されているもの【新規付与停止】
uploaded,新設,,C12N 15/82 100 Z,,その他
uploaded,新設,,C12N 15/82 110,,・・・・・遺伝子スイッチに特徴のあるもの
uploaded,新設,,C12N 15/82 110 P,,パテントファミリーにＣ１２Ｎ１５／８２１７のＣＰＣが付与されているもの【新規付与停止】
uploaded,新設,,C12N 15/82 110 Z,,その他
uploaded,新設,,C12N 15/82 120,,・・・・・発生的に制御された発現システム，組織特異的，器官特異的，時間的または空間的制御に特徴のあるもの
uploaded,新設,,C12N 15/82 120 P,,パテントファミリーにＣ１２Ｎ１５／８２２２のＣＰＣが付与されているもの【新規付与停止】
uploaded,新設,,C12N 15/82 120 Z,,その他
uploaded,新設,,C12N 15/82 122,,・・・・・・植物組織特異的プロモーターに特徴のあるもの
uploaded,新設,,C12N 15/82 122 P,,パテントファミリーにＣ１２Ｎ１５／８２２３，Ｃ１２Ｎ１５／８２２５，Ｃ１２Ｎ１５／８２２６，Ｃ１２Ｎ１５／８２２７，Ｃ１２Ｎ１５／８２２９のＣＰＣが付与されているもの【新規付与停止】
uploaded,新設,,C12N 15/82 122 Z,,その他
uploaded,新設,,C12N 15/82 124,,・・・・・・生殖組織特異的プロモーターに特徴のあるもの
uploaded,新設,,C12N 15/82 124 P,,パテントファミリーにＣ１２Ｎ１５／８２３，Ｃ１２Ｎ１５／８２３１，Ｃ１２Ｎ１５／８２３３のＣＰＣが付与されているもの【新規付与停止】
uploaded,新設,,C12N 15/82 124 Z,,その他
uploaded,新設,,C12N 15/82 126,,・・・・・・・種子，例．胚，胚乳，特異的なもの
uploaded,新設,,C12N 15/82 126 P,,パテントファミリーにＣ１２Ｎ１５／８２３４のＣＰＣが付与されているもの【新規付与停止】
uploaded,新設,,C12N 15/82 126 Z,,その他
uploaded,新設,,C12N 15/82 128,,・・・・・・・果実特異的なもの
uploaded,新設,,C12N 15/82 128 P,,パテントファミリーにＣ１２Ｎ１５／８２３５のＣＰＣが付与されているもの【新規付与停止】
uploaded,新設,,C12N 15/82 128 Z,,その他
uploaded,新設,,C12N 15/82 130,,・・・・・色素の生合成に関するもの；花の形態を修飾するもの
uploaded,新設,,C12N 15/82 130 P,,パテントファミリーにＣ１２Ｎ１５／８２５のＣＰＣが付与されているもの【新規付与停止】
uploaded,新設,,C12N 15/82 130 Z,,その他
uploaded,新設,,C12N 15/82 140,,・・・・・アミノ酸含量に関するもの，例．合成貯蔵蛋白質，アミノ酸生合成系の改変
uploaded,新設,,C12N 15/82 140 P,,パテントファミリーにＣ１２Ｎ１５／８２５１，Ｃ１２Ｎ１５／８２５３，Ｃ１２Ｎ１５／８２５４のＣＰＣが付与されているもの【新規付与停止】
uploaded,新設,,C12N 15/82 140 Z,,その他
uploaded,新設,,C12N 15/82 150,,・・・・・ストレス耐性のためのもの，例．重金属耐性
uploaded,新設,,C12N 15/82 150 P,,パテントファミリーにＣ１２Ｎ１５／８２７１，Ｃ１２Ｎ１５／８２７９，Ｃ１２Ｎ１５／８２８１，Ｃ１２Ｎ１５／８２８２，Ｃ１２Ｎ１５／８２８３，Ｃ１２Ｎ１５／８２８５，Ｃ１２Ｎ１５／８２８６のＣＰＣが付与されているもの【新規付与停止】
uploaded,新設,,C12N 15/82 150 Z,,その他
uploaded,新設,,C12N 15/82 152,,・・・・・・干ばつ，寒冷，塩耐性のためのもの
uploaded,新設,,C12N 15/82 152 P,,パテントファミリーにＣ１２Ｎ１５／８２７３のＣＰＣが付与されているもの【新規付与停止】
uploaded,新設,,C12N 15/82 152 Z,,その他
uploaded,新設,,C12N 15/82 154,,・・・・・・除草剤耐性のためのもの
uploaded,新設,,C12N 15/82 154 P,,パテントファミリーにＣ１２Ｎ１５／８２７４，Ｃ１２Ｎ１５／８２７５，Ｃ１２Ｎ１５／８２７７，Ｃ１２Ｎ１５／８２７８のＣＰＣが付与されているもの【新規付与停止】
uploaded,新設,,C12N 15/82 154 Z,,その他
uploaded,新設,,C12N 15/82 P,,パテントファミリーにＣ１２Ｎ１５／８２，Ｃ１２Ｎ１５／８２０１，Ｃ１２Ｎ１５／８２０２，Ｃ１２Ｎ１５／８２０６，Ｃ１２Ｎ１５／８２０７，Ｃ１２Ｎ１５／８２０９，Ｃ１２Ｎ１５／８２１，Ｃ１２Ｎ１５／８２１２，Ｃ１２Ｎ１５／８２１３，Ｃ１２Ｎ１５／８２１６，Ｃ１２Ｎ１５／８２１８，Ｃ１２Ｎ１５／８２２，Ｃ１２Ｎ１５／８２２１，Ｃ１２Ｎ１５／８２３７，Ｃ１２Ｎ１５／８２３８，Ｃ１２Ｎ１５／８２３９，Ｃ１２Ｎ１５／８２４１，Ｃ１２Ｎ１５／８２４２，Ｃ１２Ｎ１５／８２４２，Ｃ１２Ｎ１５／８２４３，Ｃ１２Ｎ１５／８２４５，Ｃ１２Ｎ１５／８２４６，Ｃ１２Ｎ１５／８２４７，Ｃ１２Ｎ１５／８２４９，Ｃ１２Ｎ１５／８２５５，Ｃ１２Ｎ１５／８２５７，Ｃ１２Ｎ１５／８２５８，Ｃ１２Ｎ１５／８２５９，Ｃ１２Ｎ１５／８２６１，Ｃ１２Ｎ１５／８２６２，Ｃ１２Ｎ１５／８２６３，Ｃ１２Ｎ１５／８２６５，Ｃ１２Ｎ１５／８２６６，Ｃ１２Ｎ１５／８２６７，Ｃ１２Ｎ１５／８２６９，Ｃ１２Ｎ１５／８２７，Ｃ１２Ｎ１５／８２８７，Ｃ１２Ｎ１５／８２８９，Ｃ１２Ｎ１５／８２９，Ｃ１２Ｎ１５／８２９１，Ｃ１２Ｎ１５／８２９３，Ｃ１２Ｎ１５／８２９４，Ｃ１２Ｎ１５／８２９５，Ｃ１２Ｎ１５／８２９７，Ｃ１２Ｎ１５／８２９８のＣＰＣが付与されているもの【新規付与停止】
uploaded,新設,,C12N 15/82 Z,,その他
uploaded,新設,,C12N 15/83,,・・・・・ウイルスベクター，例．カリフラワーモザイクウイルス［５］
uploaded,新設,,C12N 15/83 P,,パテントファミリーにＣ１２Ｎ１５／８２０３のＣＰＣが付与されているもの【新規付与停止】
uploaded,新設,,C12N 15/83 Z,,その他
uploaded,新設,,C12N 15/84,,・・・・・Ｔｉ―プラスミド［５］
uploaded,新設,,C12N 15/84 P,,パテントファミリーにＣ１２Ｎ１５／８２０５のＣＰＣが付与されているもの【新規付与停止】
uploaded,新設,,C12N 15/84 Z,,その他
uploaded,新設,,C12N 15/85,,・・・・動物細胞用［５］
uploaded,新設,,C12N 15/85 P,,パテントファミリーにＣ１２Ｎ１５／８５，Ｃ１２Ｎ１５／８５０９，Ｃ１２Ｎ１５／８５１８，Ｃ１２Ｎ１５／８５２７，Ｃ１２Ｎ１５／８５３６，Ｃ１２Ｎ１５／８５４５，Ｃ１２Ｎ１５／８５５４，Ｃ１２Ｎ１５／８５６３，Ｃ１２Ｎ１５／８５７２，Ｃ１２Ｎ１５／８５８１，Ｃ１２Ｎ１５／８５９のＣＰＣが付与されているもの【新規付与停止】
uploaded,新設,,C12N 15/85 Z,,その他
uploaded,新設,,C12N 15/86,,・・・・・ウイルスベクター［５］
uploaded,新設,,C12N 15/86 P,,パテントファミリーにＣ１２Ｎ１５／８６のＣＰＣが付与されているもの【新規付与停止】
uploaded,新設,,C12N 15/86 Z,,その他
uploaded,新設,,C12N 15/861,,・・・・・・アデノウイルスベクター［７］
uploaded,新設,,C12N 15/861 P,,パテントファミリーにＣ１２Ｎ１５／８６１，Ｃ１２Ｎ１５／８６１３，Ｃ１２Ｎ１５／８６１６のＣＰＣが付与されているもの【新規付与停止】
uploaded,新設,,C12N 15/861 Z,,その他
uploaded,新設,,C12N 15/863,,・・・・・・ポックスウイルスベクター，例．ワクシニアウイルス［７］
uploaded,新設,,C12N 15/863 P,,パテントファミリーにＣ１２Ｎ１５／８６３，Ｃ１２Ｎ１５／８６３３，Ｃ１２Ｎ１５／８６３６のＣＰＣが付与されているもの【新規付与停止】
uploaded,新設,,C12N 15/863 Z,,その他
uploaded,新設,,C12N 15/864,,・・・・・・パルボウイルスベクター［７］
uploaded,新設,,C12N 15/864 100,,・・・・・・・アデノ随伴ウイルスベクター
uploaded,新設,,C12N 15/864 100 P,,パテントファミリーにＣ１２Ｎ１５／８６４５のＣＰＣが付与されているもの【新規付与停止】
uploaded,新設,,C12N 15/864 100 Z,,その他
uploaded,新設,,C12N 15/864 P,,パテントファミリーにＣ１２Ｎ１５／８６４のＣＰＣが付与されているもの【新規付与停止】
uploaded,新設,,C12N 15/864 Z,,その他
uploaded,新設,,C12N 15/866,,・・・・・・バキュロウイルスベクター［７］
uploaded,新設,,C12N 15/866 P,,パテントファミリーにＣ１２Ｎ１５／８６６のＣＰＣが付与されているもの【新規付与停止】
uploaded,新設,,C12N 15/866 Z,,その他
uploaded,新設,,C12N 15/867,,・・・・・・レトロウイルスベクター［７］
uploaded,新設,,C12N 15/867 P,,パテントファミリーにＣ１２Ｎ１５／８６７，Ｃ１２Ｎ１５／８６７３，Ｃ１２Ｎ１５／８６７６のＣＰＣが付与されているもの【新規付与停止】
uploaded,新設,,C12N 15/867 Z,,その他
uploaded,新設,,C12N 15/869,,・・・・・・ヘルペスウイルスベクター［７］
uploaded,新設,,C12N 15/869 P,,パテントファミリーにＣ１２Ｎ１５／８６９，Ｃ１２Ｎ１５／８６９５のＣＰＣが付与されているもの【新規付与停止】
uploaded,新設,,C12N 15/869 Z,,その他
uploaded,新設,,C12N 15/87,,・・他に分類されない方法を用いた外来遺伝物質の導入，例．同時形質転換［５］
uploaded,新設,,C12N 15/87 P,,パテントファミリーにＣ１２Ｎ１５／８７のＣＰＣが付与されているもの【新規付与停止】
uploaded,新設,,C12N 15/87 Z,,その他
uploaded,新設,,C12N 15/873,,・・・新規胚を製造するための技術，例．核移植，全能性細胞のマニピュレーション，または，キメラ胚の製造［２０１０．０１］
uploaded,新設,,C12N 15/873 P,,パテントファミリーにＣ１２Ｎ１５／８７３のＣＰＣが付与されているもの【新規付与停止】
uploaded,新設,,C12N 15/873 Z,,その他
uploaded,新設,,C12N 15/877,,・・・・新規哺乳動物クローン胚を製造するための技術［２０１０．０１］
uploaded,新設,,C12N 15/877 P,,パテントファミリーにＣ１２Ｎ１５／８７７，Ｃ１２Ｎ１５／８７７１，Ｃ１２Ｎ１５／８７７２，Ｃ１２Ｎ１５／８７７３，Ｃ１２Ｎ１５／８７７５，Ｃ１２Ｎ１５／８７７６，Ｃ１２Ｎ１５／８７７７，Ｃ１２Ｎ１５／８７７８のＣＰＣが付与されているもの【新規付与停止】
uploaded,新設,,C12N 15/877 Z,,その他
uploaded,新設,,C12N 15/88,,・・・マイクロカプセル化を用いるもの，例．リポソーム小胞を用いるもの［５］
uploaded,新設,,C12N 15/88 P,,パテントファミリーにＣ１２Ｎ１５／８８のＣＰＣが付与されているもの【新規付与停止】
uploaded,新設,,C12N 15/88 Z,,その他
uploaded,新設,,C12N 15/89,,・・・マイクロインジェクション法を用いるもの［５］
uploaded,新設,,C12N 15/89 P,,パテントファミリーにＣ１２Ｎ１５／８９，Ｃ１２Ｎ１５／８９５のＣＰＣが付与されているもの【新規付与停止】
uploaded,新設,,C12N 15/89 Z,,その他
uploaded,新設,,C12N 15/09,,・・・外来ＤＮＡの染色体内への安定導入［５］
uploaded,新設,,C12N 15/09 100,,・・・・相同性組換えを用いるもの（ゲノム編集技術，例．ＴＡＬＥＮ，ジンクフィンガーヌクレアーゼを用いるものＣ１２Ｎ１５／０９，１００；ＣＲＩＳＰＲ／Ｃａｓを用いるものＣ１２Ｎ１５／０９，１１０）
uploaded,新設,,C12N 15/09 100 P,,パテントファミリーにＣ１２Ｎ１５／９０２のＣＰＣが付与されているもの【新規付与停止】
uploaded,新設,,C12N 15/09 100 Z,,その他
uploaded,新設,,C12N 15/09 102,,・・・・・酵母におけるもの
uploaded,新設,,C12N 15/09 102 P,,パテントファミリーにＣ１２Ｎ１５／９０５のＣＰＣが付与されているもの【新規付与停止】
uploaded,新設,,C12N 15/09 102 Z,,その他
uploaded,新設,,C12N 15/09 104,,・・・・・哺乳類細胞におけるもの
uploaded,新設,,C12N 15/09 104 P,,パテントファミリーにＣ１２Ｎ１５／９０７のＣＰＣが付与されているもの【新規付与停止】
uploaded,新設,,C12N 15/09 104 Z,,その他
uploaded,新設,,C12N 15/09 P,,パテントファミリーにＣ１２Ｎ１５／９０のＣＰＣが付与されているもの【新規付与停止】
uploaded,新設,,C12Q 1/68 100,,・・ダミーＦＩＣ１２Ｑ１／６８，１００＠Ｃを設定するためのダミーＦＩ【新規付与停止】
uploaded,新設,,C12Q 1/68 100 C,,パテントファミリーにＣ１２Ｑ１／６８のＣＰＣが付与されているもの【新規付与停止】
uploaded,新設,,C12Q 1/68 100 Z,,その他
uploaded,新設,,C12Q 1/6804,,・・免疫原を使用する核酸分析（免疫分析Ｇ０１Ｎ３３／５３）［２０１８．０１］
uploaded,新設,,C12Q 1/6804 C,,パテントファミリーにＣ１２Ｑ１／６８０４のＣＰＣが付与されているもの【新規付与停止】
uploaded,新設,,C12Q 1/6804 Z,,その他
uploaded,新設,,C12Q 1/6806,,・・分析用，例．ＰＣＲアッセイ用，の核酸の調製（Ｃ１２Ｑ１／６８０４が優先）［２０１８．０１］
uploaded,新設,,C12Q 1/6806 C,,パテントファミリーにＣ１２Ｑ１／６８０６のＣＰＣが付与されているもの【新規付与停止】
uploaded,新設,,C12Q 1/6806 Z,,その他
uploaded,新設,,C12Q 1/6809,,・・ディファレンシャル解析を含む核酸の判定または同定方法［２０１８．０１］
uploaded,新設,,C12Q 1/6809 C,,パテントファミリーにＣ１２Ｑ１／６８０９のＣＰＣが付与されているもの【新規付与停止】
uploaded,新設,,C12Q 1/6809 Z,,その他
uploaded,新設,,C12Q 1/6811,,・・標的特異的なオリゴヌクレオチドまたは結合分子の作製または設計のための選抜方法［２０１８．０１］
uploaded,新設,,C12Q 1/6811 C,,パテントファミリーにＣ１２Ｑ１／６８１１のＣＰＣが付与されているもの【新規付与停止】
uploaded,新設,,C12Q 1/6811 Z,,その他
uploaded,新設,,C12Q 1/6813,,・・ハイブリダイゼーションアッセイ［２０１８．０１］
uploaded,新設,,C12Q 1/6813 C,,パテントファミリーにＣ１２Ｑ１／６８１３のＣＰＣが付与されているもの【新規付与停止】
uploaded,新設,,C12Q 1/6813 Z,,その他
uploaded,新設,,C12Q 1/6816,,・・・検出手段により特徴付けられるもの（Ｃ１２Ｑ１／６８０４が優先）［２０１８．０１］
uploaded,新設,,C12Q 1/6816 C,,パテントファミリーにＣ１２Ｑ１／６８１６のＣＰＣが付与されているもの【新規付与停止】
uploaded,新設,,C12Q 1/6816 Z,,その他
uploaded,新設,,C12Q 1/6818,,・・・・少なくとも２つのラベルの相互作用を含むもの，例．共鳴エネルギー移動［２０１８．０１］
uploaded,新設,,C12Q 1/6818 C,,パテントファミリーにＣ１２Ｑ１／６８１８のＣＰＣが付与されているもの【新規付与停止】
uploaded,新設,,C12Q 1/6818 Z,,その他
uploaded,新設,,C12Q 1/682,,・・・・シグナル増幅［２０１８．０１］
uploaded,新設,,C12Q 1/682 C,,パテントファミリーにＣ１２Ｑ１／６８２のＣＰＣが付与されているもの【新規付与停止】
uploaded,新設,,C12Q 1/682 Z,,その他
uploaded,新設,,C12Q 1/6823,,・・・・結合標識の放出［２０１８．０１］
uploaded,新設,,C12Q 1/6823 C,,パテントファミリーにＣ１２Ｑ１／６８２３のＣＰＣが付与されているもの【新規付与停止】
uploaded,新設,,C12Q 1/6823 Z,,その他
uploaded,新設,,C12Q 1/6825,,・・・・センサーを含む核酸検出［２０１８．０１］
uploaded,新設,,C12Q 1/6825 C,,パテントファミリーにＣ１２Ｑ１／６８２５のＣＰＣが付与されているもの【新規付与停止】
uploaded,新設,,C12Q 1/6825 Z,,その他
uploaded,新設,,C12Q 1/6827,,・・・突然変異または多型を検出するためのもの［２０１８．０１］
uploaded,新設,,C12Q 1/6827 C,,パテントファミリーにＣ１２Ｑ１／６８２７のＣＰＣが付与されているもの【新規付与停止】
uploaded,新設,,C12Q 1/6827 Z,,その他
uploaded,新設,,C12Q 1/683,,・・・・制限酵素を含むもの，例．制限酵素断片長多型［ＲＦＬＰ］［２０１８．０１］
uploaded,新設,,C12Q 1/683 C,,パテントファミリーにＣ１２Ｑ１／６８３のＣＰＣが付与されているもの【新規付与停止】
uploaded,新設,,C12Q 1/683 Z,,その他
uploaded,新設,,C12Q 1/6832,,・・・ハイブリダイゼーション反応の促進［２０１８．０１］
uploaded,新設,,C12Q 1/6832 C,,パテントファミリーにＣ１２Ｑ１／６８３２のＣＰＣが付与されているもの【新規付与停止】
uploaded,新設,,C12Q 1/6832 Z,,その他
uploaded,新設,,C12Q 1/6834,,・・・核酸の固相への酵素的または生化学的な結合［２０１８．０１］
uploaded,新設,,C12Q 1/6834 C,,パテントファミリーにＣ１２Ｑ１／６８３４のＣＰＣが付与されているもの【新規付与停止】
uploaded,新設,,C12Q 1/6834 Z,,その他
uploaded,新設,,C12Q 1/6837,,・・・・プローブアレイまたはプローブチップを用いるもの（Ｃ１２Ｑ１／６８７４が優先）［２０１８．０１］
uploaded,新設,,C12Q 1/6837 C,,パテントファミリーにＣ１２Ｑ１／６８３７のＣＰＣが付与されているもの【新規付与停止】
uploaded,新設,,C12Q 1/6837 Z,,その他
uploaded,新設,,C12Q 1/6839,,・・・ハイブリダイゼーションアッセイにおける三重らせん形成または他のより高次な立体構造の形成［２０１８．０１］
uploaded,新設,,C12Q 1/6839 C,,パテントファミリーにＣ１２Ｑ１／６８３９のＣＰＣが付与されているもの【新規付与停止】
uploaded,新設,,C12Q 1/6839 Z,,その他
uploaded,新設,,C12Q 1/6841,,・・・ｉｎ　ｓｉｔｕハイブリダイゼーション［２０１８．０１］
uploaded,新設,,C12Q 1/6841 C,,パテントファミリーにＣ１２Ｑ１／６８４１のＣＰＣが付与されているもの【新規付与停止】
uploaded,新設,,C12Q 1/6841 Z,,その他
uploaded,新設,,C12Q 1/6844,,・・核酸増幅反応［２０１８．０１］
uploaded,新設,,C12Q 1/6844 C,,パテントファミリーにＣ１２Ｑ１／６８４４のＣＰＣが付与されているもの【新規付与停止】
uploaded,新設,,C12Q 1/6844 Z,,その他
uploaded,新設,,C12Q 1/6848,,・・・コンタミネーション防止手段または増幅反応の特異性もしくは感度を向上させる手段により特徴付けられるもの［２０１８．０１］
uploaded,新設,,C12Q 1/6848 C,,パテントファミリーにＣ１２Ｑ１／６８４８のＣＰＣが付与されているもの【新規付与停止】
uploaded,新設,,C12Q 1/6848 Z,,その他
uploaded,新設,,C12Q 1/6851,,・・・定量的な増幅［２０１８．０１］
uploaded,新設,,C12Q 1/6851 C,,パテントファミリーにＣ１２Ｑ１／６８５１のＣＰＣが付与されているもの【新規付与停止】
uploaded,新設,,C12Q 1/6851 Z,,その他
uploaded,新設,,C12Q 1/6853,,・・・修飾プライマーまたは修飾鋳型を用いるもの［２０１８．０１］
uploaded,新設,,C12Q 1/6853 C,,パテントファミリーにＣ１２Ｑ１／６８５３のＣＰＣが付与されているもの【新規付与停止】
uploaded,新設,,C12Q 1/6853 Z,,その他
uploaded,新設,,C12Q 1/6855,,・・・・アダプターを連結するもの［２０１８．０１］
uploaded,新設,,C12Q 1/6855 C,,パテントファミリーにＣ１２Ｑ１／６８５５のＣＰＣが付与されているもの【新規付与停止】
uploaded,新設,,C12Q 1/6855 Z,,その他
uploaded,新設,,C12Q 1/6858,,・・・対立遺伝子に特異的な増幅［２０１８．０１］
uploaded,新設,,C12Q 1/6858 C,,パテントファミリーにＣ１２Ｑ１／６８５８のＣＰＣが付与されているもの【新規付与停止】
uploaded,新設,,C12Q 1/6858 Z,,その他
uploaded,新設,,C12Q 1/686,,・・・ポリメラーゼ連鎖反応［ＰＣＲ］［２０１８．０１］
uploaded,新設,,C12Q 1/686 C,,パテントファミリーにＣ１２Ｑ１／６８６のＣＰＣが付与されているもの【新規付与停止】
uploaded,新設,,C12Q 1/686 Z,,その他
uploaded,新設,,C12Q 1/6862,,・・・リガーゼ連鎖反応［ＬＣＲ］［２０１８．０１］
uploaded,新設,,C12Q 1/6862 C,,パテントファミリーにＣ１２Ｑ１／６８６２のＣＰＣが付与されているもの【新規付与停止】
uploaded,新設,,C12Q 1/6862 Z,,その他
uploaded,新設,,C12Q 1/6865,,・・・プロモーターに基づく増幅，例．核酸配列に基づく増幅［ＮＡＳＢＡ］，自家持続配列複製法［３ＳＲ］または転写増幅法［ＴＡＳ］［２０１８．０１］
uploaded,新設,,C12Q 1/6865 C,,パテントファミリーにＣ１２Ｑ１／６８６５のＣＰＣが付与されているもの【新規付与停止】
uploaded,新設,,C12Q 1/6865 Z,,その他
uploaded,新設,,C12Q 1/6867,,・・・レプリカーゼに基づく増幅，例．Ｑ－β－レプリカーゼを使用するもの［２０１８．０１］
uploaded,新設,,C12Q 1/6867 C,,パテントファミリーにＣ１２Ｑ１／６８６７のＣＰＣが付与されているもの【新規付与停止】
uploaded,新設,,C12Q 1/6867 Z,,その他
uploaded,新設,,C12Q 1/6869,,・・配列決定方法［２０１８．０１］
uploaded,新設,,C12Q 1/6869 C,,パテントファミリーにＣ１２Ｑ１／６８６９のＣＰＣが付与されているもの【新規付与停止】
uploaded,新設,,C12Q 1/6869 Z,,その他
uploaded,新設,,C12Q 1/6872,,・・・質量分析法を含むもの［２０１８．０１］
uploaded,新設,,C12Q 1/6872 C,,パテントファミリーにＣ１２Ｑ１／６８７２のＣＰＣが付与されているもの【新規付与停止】
uploaded,新設,,C12Q 1/6872 Z,,その他
uploaded,新設,,C12Q 1/6874,,・・・核酸アレイを含むもの，例．ハイブリダイゼーションによる配列決定［ＳＢＨ］［２０１８．０１］
uploaded,新設,,C12Q 1/6874 C,,パテントファミリーにＣ１２Ｑ１／６８７４のＣＰＣが付与されているもの【新規付与停止】
uploaded,新設,,C12Q 1/6874 Z,,その他
uploaded,新設,,C12Q 1/6876,,・・核酸分析で使用される核酸産物，例．プライマーまたはプローブ［２０１８．０１］
uploaded,新設,,C12Q 1/6876 C,,パテントファミリーにＣ１２Ｑ１／６８７６のＣＰＣが付与されているもの【新規付与停止】
uploaded,新設,,C12Q 1/6876 Z,,その他
uploaded,新設,,C12Q 1/6879,,・・・性別判定用［２０１８．０１］
uploaded,新設,,C12Q 1/6879 C,,パテントファミリーにＣ１２Ｑ１／６８７９のＣＰＣが付与されているもの【新規付与停止】
uploaded,新設,,C12Q 1/6879 Z,,その他
uploaded,新設,,C12Q 1/6881,,・・・組織または細胞の分類用，例．ヒト白血球抗原［ＨＬＡ］プローブ［２０１８．０１］
uploaded,新設,,C12Q 1/6881 C,,パテントファミリーにＣ１２Ｑ１／６８８１のＣＰＣが付与されているもの【新規付与停止】
uploaded,新設,,C12Q 1/6881 Z,,その他
uploaded,新設,,C12Q 1/6883,,・・・遺伝物質の変化を原因とする病気用［２０１８．０１］
uploaded,新設,,C12Q 1/6883 C,,パテントファミリーにＣ１２Ｑ１／６８８３のＣＰＣが付与されているもの【新規付与停止】
uploaded,新設,,C12Q 1/6883 Z,,その他
uploaded,新設,,C12Q 1/6886,,・・・・癌用（癌用の免疫分析Ｇ０１Ｎ３３／５７４）［２０１８．０１］
uploaded,新設,,C12Q 1/6886 C,,パテントファミリーにＣ１２Ｑ１／６８８６のＣＰＣが付与されているもの【新規付与停止】
uploaded,新設,,C12Q 1/6886 Z,,その他
uploaded,新設,,C12Q 1/6888,,・・・生物の検出または同定用［２０１８．０１］
uploaded,新設,,C12Q 1/6888 C,,パテントファミリーにＣ１２Ｑ１／６８８８のＣＰＣが付与されているもの【新規付与停止】
uploaded,新設,,C12Q 1/6888 Z,,その他
uploaded,新設,,C12Q 1/689,,・・・・細菌用［２０１８．０１］
uploaded,新設,,C12Q 1/689 C,,パテントファミリーにＣ１２Ｑ１／６８９のＣＰＣが付与されているもの【新規付与停止】
uploaded,新設,,C12Q 1/689 Z,,その他
uploaded,新設,,C12Q 1/6893,,・・・・原生動物用［２０１８．０１］
uploaded,新設,,C12Q 1/6893 C,,パテントファミリーにＣ１２Ｑ１／６８９３のＣＰＣが付与されているもの【新規付与停止】
uploaded,新設,,C12Q 1/6893 Z,,その他
uploaded,新設,,C12Q 1/6895,,・・・・植物，菌類，藻類用［２０１８．０１］
uploaded,新設,,C12Q 1/6895 C,,パテントファミリーにＣ１２Ｑ１／６８９５のＣＰＣが付与されているもの【新規付与停止】
uploaded,新設,,C12Q 1/6895 Z,,その他
uploaded,新設,,C12Q 1/6897,,・・プロモーターに作動可能に連結したレポーター遺伝子を含むもの［２０１８．０１］
uploaded,新設,,C12Q 1/6897 C,,パテントファミリーにＣ１２Ｑ１／６８９７のＣＰＣが付与されているもの【新規付与停止】
uploaded,新設,,C12Q 1/6897 Z,,その他
uploaded,新設,,E02D 29/045,,・地下構造物，例．地上に建設されるかまたは設置線全体にわたって地表面をかき乱すことにより建設されるトンネルまたは坑道；それらを作製するための方法［６］
uploaded,新設,,E02D 29/045 A,,地上に建設される地下構造物，例．ＰＣａ部材を組み立てるトンネル
uploaded,新設,,E02D 29/045 Z,,その他
uploaded,新設,,E02D 29/05,,・・少なくとも断面の一部が掘削部分に建設されているかまたは地表面から建設されるもの，例．溝内に組立てられるもの［６］
uploaded,新設,,E02D 29/05 A,,独立した大きな地下空間の構築，例．高層建築基礎の地下階または地下ＬＮＧタンクを作るための空間
uploaded,新設,,E02D 29/05 B,,・戸建住宅下の小規模地下室，例．床下収納のための空間
uploaded,新設,,E02D 29/05 C,,・・躯体
uploaded,新設,,E02D 29/05 D,,・・・分割体
uploaded,新設,,E02D 29/05 E,,・・付帯設備
uploaded,新設,,E02D 29/05 F,,設置線下の溝内に建設されるもの，例．オープンカットに形成された溝または側壁内で組み立てられるもの
uploaded,新設,,E02D 29/05 Z,,その他
uploaded,新設,,E02D 29/055,,・・・構造物の予め据え付けられた部分，例．天盤，の下に続く断面をさらに掘削することによるもの［６］
uploaded,新設,,E02D 29/063,,・水中に沈められるかまたは水中で建設されるトンネル（ケーソンの建設または設置一般Ｅ０２Ｄ２３／００；水中におけるケーソン相互の連結一般Ｅ０２Ｄ２５／００）［６］
uploaded,新設,,E02D 29/067,,・・フローティングトンネル；水中橋トンネル，すなわち，水底上に橋脚または類似のものにより支持されたトンネル（ポンツーンまたは浮き橋Ｅ０１Ｄ１５／１４）［６］
uploaded,新設,,E02D 29/07,,・・トンネルまたはそのための函体であって，予め全体としてまたは連続的に建設されてから水底上の場所へ，例．予め掘った溝へ，設置されるもの［６］
uploaded,新設,,E02D 29/073,,・・トンネルまたはそのための函体であって，個々に水底に，例．予め掘った溝へ，沈められるか置かれる部分から組み立てられたもの（水底面上に沈下されたケーソン型式の部分Ｅ０２Ｄ２９／０７７）［６］
uploaded,新設,,E02D 29/077,,・・設置線全体にわたってかき乱すことにより作られた水底面の下に少なくとも一部分が建設されるトンネル，例．カット・アンド・カバー法またはケーソン法［６］
uploaded,新設,,E02D 29/09,,・水中における建造物または建設の方法で他に分類されないもの［６］
uploaded,新設,,E04F 11/00 100,,・傾斜路
uploaded,新設,,E04F 11/00 200,,・階段または傾斜路に類似した構造物
uploaded,新設,,E04F 11/02 100,,・・製造方法または施工方法
uploaded,新設,,E04F 11/02 200,,・・改装方法
uploaded,新設,,E04F 11/022,,・・支持構造に特徴のあるもの［６］
uploaded,新設,,E04F 11/025,,・・・桁をもつ階段［６］
uploaded,新設,,E04F 11/028,,・・・・中央の桁をもつもの［６］
uploaded,新設,,E04F 11/032,,・・・中央の柱で支持された螺旋階段［６］
uploaded,新設,,E04F 11/035,,・・・多数の組立てられたモジュラー部材からなる階段でそれ以外に支持体がないもの［６］
uploaded,新設,,E04F 11/038,,・・・・各モジュラー部材が荷重を支承する欄干部材をもつもの［６］
uploaded,新設,,E04F 11/09,,・・踏み板とけ込み板のユニット［６］
uploaded,新設,,E04F 11/104,,・・踏み板（Ｅ０４Ｆ１１／０９が優先）［６］
uploaded,新設,,E04F 11/108,,・・・木製のもの［６］
uploaded,新設,,E04F 11/112,,・・・金属製のもの［６］
uploaded,新設,,E04F 11/116,,・・・石，コンクリートまたは類似材料のもの［６］
uploaded,新設,,E04F 11/17,,・・・・表面［６］
uploaded,新設,,E04F 11/17 100,,・・・・・踏み板表面の仕上げ材
uploaded,新設,,E04F 11/17 100 A,,合成樹脂またはゴムからなるもの
uploaded,新設,,E04F 11/17 100 B,,・凹凸条を形成したもの
uploaded,新設,,E04F 11/17 100 C,,・すべり止め材を塗着または嵌合したもの
uploaded,新設,,E04F 11/17 100 D,,・段鼻すべり止めを一体に形成したもの
uploaded,新設,,E04F 11/17 100 E,,繊維質材または木質材からなるもの
uploaded,新設,,E04F 11/17 100 F,,・凹凸条を形成したもの
uploaded,新設,,E04F 11/17 100 G,,・すべり止め材を塗着または嵌合したもの
uploaded,新設,,E04F 11/17 100 H,,・段鼻すべり止めを一体に形成したもの
uploaded,新設,,E04F 11/17 100 J,,石，セラミックまたはコンクリートからなるもの
uploaded,新設,,E04F 11/17 100 K,,・凹凸条を形成したもの
uploaded,新設,,E04F 11/17 100 L,,・すべり止め材を塗着または嵌合したもの
uploaded,新設,,E04F 11/17 100 M,,・段鼻すべり止めを一体に形成したもの
uploaded,新設,,E04F 11/17 100 N,,複数材料からなるもの
uploaded,新設,,E04F 11/17 100 P,,・凹凸条を形成したもの
uploaded,新設,,E04F 11/17 100 Q,,・すべり止め材を塗着または嵌合したもの
uploaded,新設,,E04F 11/17 100 R,,・段鼻すべり止めを一体に形成したもの
uploaded,新設,,E04F 11/17 100 S,,付加的機能を有するもの，例．表示または広告
uploaded,新設,,E04F 11/17 100 Z,,その他のもの
uploaded,新設,,F16L 53/03,,・管または管系の加熱［２０１８．０１］
uploaded,新設,,F16L 53/32,,・・高温の流体を用いるもの［２０１８．０１］
uploaded,新設,,F16L 53/34,,・・電場，磁場または電磁場を用いるもの，例．誘導加熱，誘電加熱またはマイクロ波加熱［２０１８．０１］
uploaded,新設,,F16L 53/35,,・・オーム抵抗加熱［２０１８．０１］
uploaded,新設,,F16L 53/37,,・・・加熱電流が加熱される管を直接流れるもの［２０１８．０１］
uploaded,新設,,F16L 53/38,,・・・長尺の電気加熱要素を用いるもの，例．ワイヤまたはリボン［２０１８．０１］
uploaded,新設,,F16L 53/07,,・管または管系の冷却［２０１８．０１］
uploaded,新設,,F16L 53/75,,・・冷却フィンを用いるもの［２０１８．０１］
uploaded,新設,,F21S 41/00,,車両外部に特に適合する照明装置，例．前照灯（後退灯Ｆ２１Ｓ４３／００）［２０１８．０１］
uploaded,新設,,F21S 41/01,,・光源によって特徴づけられるもの［２０１８．０１］
uploaded,新設,,F21S 41/12,,・・出射光の種類によって特徴付けられるもの［２０１８．０１］
uploaded,新設,,F21S 41/125,,・・・色光［２０１８．０１］
uploaded,新設,,F21S 41/13,,・・・紫外光；赤外光［２０１８．０１］
uploaded,新設,,F21S 41/135,,・・・偏光［２０１８．０１］
uploaded,新設,,F21S 41/14,,・・光源の種類によって特徴付けられるもの［２０１８．０１］
uploaded,新設,,F21S 41/141,,・・・発光ダイオード［ＬＥＤ］［２０１８．０１］
uploaded,新設,,F21S 41/143,,・・・・ＬＥＤの主な出射方向が照明装置の光軸に対して平行であるもの［２０１８．０１］
uploaded,新設,,F21S 41/145,,・・・・・ＬＥＤの主な出射方向が照明装置の主な出射方向に対して反対であるもの［２０１８．０１］
uploaded,新設,,F21S 41/147,,・・・・ＬＥＤの主な出射方向が照明装置の光軸に対して角度をもつもの［２０１８．０１］
uploaded,新設,,F21S 41/148,,・・・・・ＬＥＤの主な出射方向が光軸に対して直角なもの［２０１８．０１］
uploaded,新設,,F21S 41/151,,・・・・１または複数の線状に配置されたもの［２０１８．０１］
uploaded,新設,,F21S 41/153,,・・・・・マトリックス状に配置されたもの［２０１８．０１］
uploaded,新設,,F21S 41/155,,・・・・面発光体，例．有機発光ダイオード［ＯＬＥＤ］［２０１８．０１］
uploaded,新設,,F21S 41/16,,・・・レーザー光源［２０１８．０１］
uploaded,新設,,F21S 41/162,,・・・白熱光源，例．フィラメントまたはハロゲンランプ［２０１８．０１］
uploaded,新設,,F21S 41/164,,・・・・２以上のフィラメントを有するもの［２０１８．０１］
uploaded,新設,,F21S 41/166,,・・・・フィラメントの形状によって特徴付けられるもの［２０１８．０１］
uploaded,新設,,F21S 41/168,,・・・・照明装置の光軸を横切るように配置されたフィラメントをもつもの［２０１８．０１］
uploaded,新設,,F21S 41/17,,・・・放電灯［２０１８．０１］
uploaded,新設,,F21S 41/172,,・・・・高輝度放電灯［ＨＩＤ］［２０１８．０１］
uploaded,新設,,F21S 41/173,,・・・・蛍光灯［２０１８．０１］
uploaded,新設,,F21S 41/176,,・・・一次的な発光体から離れた蛍光性材料により光が生成される光源［２０１８．０１］
uploaded,新設,,F21S 41/19,,・・光源またはランプ保持具の取付け（光源の移動により可変配光を達成するものＦ２１Ｓ４１／６５７）［２０１８．０１］
uploaded,新設,,F21S 41/02,,・屈折器，透明な被覆板，ライトガイドまたはフィルターにより特徴付けられるもの［２０１８．０１］
uploaded,新設,,F21S 41/24,,・・ライトガイド［２０１８．０１］
uploaded,新設,,F21S 41/25,,・・映写用レンズ［２０１８．０１］
uploaded,新設,,F21S 41/255,,・・・正面視が円形または円錐型輪郭であるレンズ［２０１８．０１］
uploaded,新設,,F21S 41/26,,・・・細長いレンズ［２０１８．０１］
uploaded,新設,,F21S 41/265,,・・・複合レンズ；パッチのような形状のレンズ［２０１８．０１］
uploaded,新設,,F21S 41/27,,・・・厚いレンズ［２０１８．０１］
uploaded,新設,,F21S 41/275,,・・・レンズ表面，例．コーティングまたは表面構造［２０１８．０１］
uploaded,新設,,F21S 41/29,,・・その取付け（可変配光を達成するものＦ２１Ｓ４１／６３）［２０１８．０１］
uploaded,新設,,F21S 41/03,,・反射器によって特徴付けられるもの［２０１８．０１］
uploaded,新設,,F21S 41/32,,・・その光学的設計［２０１８．０１］
uploaded,新設,,F21S 41/33,,・・・複数種類の面をもつ反射器，例．ファセットを有する反射器または領域により曲率の異なる反射器［２０１８．０１］
uploaded,新設,,F21S 41/36,,・・・２以上の別個の反射器の組合せ［２０１８．０１］
uploaded,新設,,F21S 41/365,,・・・・光を順々に反射するもの［２０１８．０１］
uploaded,新設,,F21S 41/37,,・・材質，表面処理またはコーティングにより特徴付けられるもの［２０１８．０１］
uploaded,新設,,F21S 41/39,,・・その取付け（可動な反射器による可変配光を達成するものＦ２１Ｓ４１／６７５）［２０１８．０１］
uploaded,新設,,F21S 41/04,,・スクリーン，非反射部材，遮光部材または固定シェードによって特徴付けられるもの［２０１８．０１］
uploaded,新設,,F21S 41/43,,・・その形状により特徴付けられるもの［２０１８．０１］
uploaded,新設,,F21S 41/47,,・・その取付け（スクリーンの移動により可変配光を達成するものＦ２１Ｓ４１／６８３）［２０１８．０１］
uploaded,新設,,F21S 41/05,,・他に分類されない美的構成によって特徴付けられるもの，例．装飾的トリム，仕切り壁または被覆［２０１８．０１］
uploaded,新設,,F21S 41/55,,・・その取付け［２０１８．０１］
uploaded,新設,,F21S 41/06,,・可変配光によって特徴付けられるもの［２０１８．０１］
uploaded,新設,,F21S 41/62,,・・右側通行および左側通行に適合させるためのもの［２０１８．０１］
uploaded,新設,,F21S 41/63,,・・屈折器，フィルターまたは透明な被覆板への作用によるもの［２０１８．０１］
uploaded,新設,,F21S 41/64,,・・・光透過率の変更によるもの，例．液晶またはエレクトロクロミック装置［２０１８．０１］
uploaded,新設,,F21S 41/65,,・・光源への作用によるもの［２０１８．０１］
uploaded,新設,,F21S 41/657,,・・・光源の移動によるもの［２０１８．０１］
uploaded,新設,,F21S 41/663,,・・・光源の切換によるもの（白熱光源の切換によるものＦ２１Ｓ４１／１６２）［２０１８．０１］
uploaded,新設,,F21S 41/67,,・・反射器への作用によるもの［２０１８．０１］
uploaded,新設,,F21S 41/675,,・・・反射器の移動によるもの［２０１８．０１］
uploaded,新設,,F21S 41/68,,・・スクリーンへの作用によるもの［２０１８．０１］
uploaded,新設,,F21S 41/683,,・・・スクリーンの移動によるもの［２０１８．０１］
uploaded,新設,,F21S 41/686,,・・・・ブレード，すなわち垂直面内で動くスクリーン［２０１８．０１］
uploaded,新設,,F21S 41/689,,・・・・フラップ，すなわちその端縁の周りで枢動するスクリーン［２０１８．０１］
uploaded,新設,,F21S 41/692,,・・・・シールド，すなわち投影光を透過しないスクリーン［２０１８．０１］
uploaded,新設,,F21S 41/695,,・・・・垂直軸まわりを回転するスクリーン（回転フラップＦ２１Ｓ４１／６８９）［２０１８．０１］
uploaded,新設,,F21S 41/698,,・・・・シャフト形状のスクリーンがその長手方向軸まわりに回転するもの［２０１８．０１］
uploaded,新設,,F21S 43/00,,車両の外部に特に適合する信号装置，例．ブレーキランプ，方向指示灯または後退灯［２０１８．０１］
uploaded,新設,,F21S 43/01,,・光源によって特徴付けられるもの［２０１８．０１］
uploaded,新設,,F21S 43/13,,・・光源の種類によって特徴付けられるもの［２０１８．０１］
uploaded,新設,,F21S 43/14,,・・・発光ダイオード［ＬＥＤ］［２０１８．０１］
uploaded,新設,,F21S 43/145,,・・・・面発光体，例．有機発光ダイオード［ＯＬＥＤ］［２０１８．０１］
uploaded,新設,,F21S 43/15,,・・・複数の光源が線状に並んだもの［２０１８．０１］
uploaded,新設,,F21S 43/16,,・・・一次的な発光体から離れた蛍光性材料により光が生成される光源［２０１８．０１］
uploaded,新設,,F21S 43/19,,・・光源またはランプ保持具の取付け［２０１８．０１］
uploaded,新設,,F21S 43/02,,・屈折器，透明な被覆板，ライトガイドまたはフィルターにより特徴付けられるもの［２０１８．０１］
uploaded,新設,,F21S 43/235,,・・ライトガイド［２０１８．０１］
uploaded,新設,,F21S 43/236,,・・・ライトガイドの形状によって特徴付けられるもの［２０１８．０１］
uploaded,新設,,F21S 43/237,,・・・・棒状のもの［２０１８．０１］
uploaded,新設,,F21S 43/239,,・・・・板状のもの［２０１８．０１］
uploaded,新設,,F21S 43/241,,・・・・複雑な形状からなるもの［２０１８．０１］
uploaded,新設,,F21S 43/242,,・・・出射領域に特徴があるもの［２０１８．０１］
uploaded,新設,,F21S 43/243,,・・・・先端部分の１以上の箇所から光を出射するもの［２０１８．０１］
uploaded,新設,,F21S 43/245,,・・・・主要面の１以上の箇所から光を出射するもの［２０１８．０１］
uploaded,新設,,F21S 43/247,,・・・単独の光源がライトガイドに組み合わさっているもの［２０１８．０１］
uploaded,新設,,F21S 43/249,,・・・２以上の光源がライトガイドに組み合わさっているもの［２０１８．０１］
uploaded,新設,,F21S 43/251,,・・・ライトガイドが遠隔の光源から光を伝達するため使用されるもの［２０１８．０１］
uploaded,新設,,F21S 43/27,,・・その取付け［２０１８．０１］
uploaded,新設,,F21S 43/03,,・反射器によって特徴付けられるもの［２０１８．０１］
uploaded,新設,,F21S 43/31,,・・その光学的設計［２０１８．０１］
uploaded,新設,,F21S 43/33,,・・材質，表面処理またはコーティングにより特徴付けられるもの［２０１８．０１］
uploaded,新設,,F21S 43/37,,・・その取付け［２０１８．０１］
uploaded,新設,,F21S 43/04,,・反射器および屈折器の組合せにより特徴付けられるもの［２０１８．０１］
uploaded,新設,,F21S 43/05,,・他に分類されない美的構成によって特徴付けられるもの，例．装飾的トリム，仕切り壁または被覆［２０１８．０１］
uploaded,新設,,F21S 45/00,,車両外部に特に適合される車両照明装置内の配置であって，光の出射または配光以外の目的のもの［２０１８．０１］
uploaded,新設,,F21S 45/01,,・照明装置の保護（照明装置の冷却Ｆ２１Ｓ４５／４０，照明装置の防水Ｆ２１Ｓ４５／５０）［２０１８．０１］
uploaded,新設,,F21S 45/02,,・照明装置内の気体の流れを促進するもの，例．曇り取りのため被覆ガラスに流れを向けるもの（通気Ｆ２１Ｓ４５／３０；強制冷却Ｆ２１Ｓ４５／５２）［２０１８．０１］
uploaded,新設,,F21S 45/03,,・照明装置の通気または排水［２０１８．０１］
uploaded,新設,,F21S 45/33,,・・ヘッドランプに特に適合するもの［２０１８．０１］
uploaded,新設,,F21S 45/37,,・・信号ランプに特に適合するもの［２０１８．０１］
uploaded,新設,,F21S 45/04,,・照明装置の冷却［２０１８．０１］
uploaded,新設,,F21S 45/42,,・・強制冷却［２０１８．０１］
uploaded,新設,,F21S 45/43,,・・・気体を用いるもの［２０１８．０１］
uploaded,新設,,F21S 45/435,,・・・・閉回路の中で気体を循環させるもの［２０１８．０１］
uploaded,新設,,F21S 45/46,,・・・液体を用いるもの［２０１８．０１］
uploaded,新設,,F21S 45/465,,・・・・他の車両冷却システム，例．エアコンまたはエンジン冷却システム用，からのもの［２０１８．０１］
uploaded,新設,,F21S 45/47,,・・自然冷却，例．フィン，熱伝導体または開口部を用いるもの［２０１８．０１］
uploaded,新設,,F21S 45/48,,・・・照明装置の内側から外側に熱を伝導する手段を有するもの，例．照明装置の外部表面にフィンを有するもの［２０１８．０１］
uploaded,新設,,F21S 45/49,,・・冷却手段の取付け［２０１８．０１］
uploaded,新設,,F21S 45/05,,・防水［２０１８．０１］
uploaded,新設,,F21S 45/06,,・照明装置の加熱，例．曇り取り［２０１８．０１］
uploaded,新設,,F21S 45/07,,・有害な光漏れの防止［２０１８．０１］
uploaded,新設,,F21V 1/17,,・・・フォトルミネセンス物質からなる材料［２０１８．０１］
uploaded,新設,,F21V 3/06,,・・材料に特徴のあるもの［２０１８．０１］
uploaded,新設,,F21V 3/06 110,,・・・グローブ自体の材料
uploaded,新設,,F21V 3/06 130,,・・・グローブに混入される材料
uploaded,新設,,F21V 3/06 131,,・・・・空気，水または粒子を混入させたもの
uploaded,新設,,F21V 3/08,,・・・フォトルミネセンス物質からなる材料［２０１８．０１］
uploaded,新設,,F21V 3/01,,・・コーティングに特徴のあるもの［２０１８．０１］
uploaded,新設,,F21V 3/01 310,,・・・フィルムまたは合成樹脂でコーティングしたもの
uploaded,新設,,F21V 3/01 330,,・・・塗料または金属膜でコーティングしたもの
uploaded,新設,,F21V 3/01 350,,・・・電磁シールドを備えたもの
uploaded,新設,,F21V 3/01 370,,・・・表面に模様などを形成したもの
uploaded,新設,,F21V 3/12,,・・・フォトルミネセンス物質からなるコーティング［２０１８．０１］
uploaded,新設,,F21V 5/01,,・フォトルミネセンス材料からなるもの［２０１８．０１］
uploaded,新設,,F21V 7/24,,・・材料に特徴のあるもの［２０１８．０１］
uploaded,新設,,F21V 7/26,,・・・フォトルミネセンス物質からなる材料［２０１８．０１］
uploaded,新設,,F21V 7/28,,・・コーティングに特徴のあるもの［２０１８．０１］
uploaded,新設,,F21V 7/28 210,,・・・アルミニウムを反射層とするもの
uploaded,新設,,F21V 7/28 220,,・・・アルミニウム以外の金属を反射層とするもの
uploaded,新設,,F21V 7/28 230,,・・・フィルムまたは積層体によりコーティングしたもの
uploaded,新設,,F21V 7/28 240,,・・・選択透過膜またはダイクロイックミラー
uploaded,新設,,F21V 7/28 250,,・・・部分的に処理を変えたもの
uploaded,新設,,F21V 7/03,,・・・フォトルミネセンス物質からなるコーティング［２０１８．０１］
uploaded,新設,,F21V 9/02,,・ダイクロイックフィルタ，すなわち，電波干渉の原理に基づき作動し，他をキャンセルする一方で波長の特定範囲を通過させるための装置［２０１８．０１］
uploaded,新設,,F21V 9/03,,・光源とは異なる，または間隔がある，フォトルミネセンス材質を含有する要素（シェードＦ２１Ｖ１／１７；グローブ，ボウルまたは被覆ガラスＦ２１Ｖ３／０８，Ｆ２１Ｖ３／１２；屈折器Ｆ２１Ｖ５／１０；反射器Ｆ２１Ｖ７／２６，Ｆ２１Ｖ７／３０；分光特性または強度を制御するための装備Ｆ２１Ｖ９／４０）［２０１８．０１］
uploaded,新設,,F21V 9/32,,・・フォトルミネセンス素材の配置に特徴のあるもの［２０１８．０１］
uploaded,新設,,F21V 9/35,,・・・焦点位置における，例．屈折器，レンズ，反射器または光源列のもの［２０１８．０１］
uploaded,新設,,F21V 9/38,,・・異なる材質の２以上のフォトルミネセンス要素の組み合わせ［２０１８．０１］
uploaded,新設,,F21V 9/04,,・分光特性，例．色彩，または強度，を制御するための装備［２０１８．０１］
uploaded,新設,,F21V 9/04 100,,・・摺動して変えるもの
uploaded,新設,,F21V 9/04 200,,・・回転して変えるもの
uploaded,新設,,F21V 9/04 300,,・・揺動して変えるもの
uploaded,新設,,F21V 9/04 400,,・・光変調素子，例．液晶
uploaded,新設,,F21V 9/45,,・・フォトルミネセンス要素の調整によるもの［２０１８．０１］
uploaded,新設,,F21W 102:00,,照明目的の車両外部の照明装置［２０１８．０１］
uploaded,新設,,F21W 102:10,,・出射光の配置または外形［２０１８．０１］
uploaded,新設,,F21W 102:13,,・・ハイビームまたはロービーム領域用［２０１８．０１］
uploaded,新設,,F21W 102:135,,・・・カットオフライン，すなわち出射領域と暗部領域の間の明確な境界線，がある光［２０１８．０１］
uploaded,新設,,F21W 102:14,,・・・・垂直なカットオフラインがあるもの；可変配光ハイビームに特に適合されるもの，すなわちビームは広範であるが他の道路使用者の眩暈を避けるもの［２０１８．０１］
uploaded,新設,,F21W 102:145,,・・・・・光が２つの平行な垂直カットオフライン間で出射されるもの，例．選択的に出射される長方形状のハイビーム［２０１８．０１］
uploaded,新設,,F21W 102:15,,・・・・・Ｌ字型のカットオフライン，すなわち，垂直および水平なカットオフラインで光が出射される［２０１８．０１］
uploaded,新設,,F21W 102:155,,・・・・傾斜および水平方向のカットオフラインを有するもの［２０１８．０１］
uploaded,新設,,F21W 102:16,,・・・・カットオフラインをぼかしたもの［２０１８．０１］
uploaded,新設,,F21W 102:165,,・・・カットオフライン以外の出射領域および暗部領域間の境界線が可変であるもの［２０１８．０１］
uploaded,新設,,F21W 102:17,,・・ハイビームまたはロービーム以外の領域のためのもの［２０１８．０１］
uploaded,新設,,F21W 102:18,,・・・頭上サイン用［２０１８．０１］
uploaded,新設,,F21W 102:19,,・・・曲路用［２０１８．０１］
uploaded,新設,,F21W 102:20,,・出射領域内の照度分布［２０１８．０１］
uploaded,新設,,F21W 102:30,,・フォグランプ［２０１８．０１］
uploaded,新設,,F21W 102:40,,・車両へのアクセスを容易にするため光が出射されるもの［２０１８．０１］
uploaded,新設,,F21W 103:00,,信号表示用の外部車両照明装置［２０１８．０１］
uploaded,新設,,F21W 103:10,,・ポジションランプ［２０１８．０１］
uploaded,新設,,F21W 103:15,,・車幅灯［２０１８．０１］
uploaded,新設,,F21W 103:20,,・方向指示灯［２０１８．０１］
uploaded,新設,,F21W 103:25,,・・サイドミラー用［２０１８．０１］
uploaded,新設,,F21W 103:30,,・ハザードランプ［２０１８．０１］
uploaded,新設,,F21W 103:35,,・ブレーキ灯［２０１８．０１］
uploaded,新設,,F21W 103:40,,・リアフォグランプ［２０１８．０１］
uploaded,新設,,F21W 103:45,,・後退灯［２０１８．０１］
uploaded,新設,,F21W 103:50,,・登録板灯［２０１８．０１］
uploaded,新設,,F21W 103:55,,・日中点灯用ライト［ＤＲＬ］［２０１８．０１］
uploaded,新設,,F21W 103:60,,・照明装置からのサインの投影，例．シンボルまたは情報が路上に投影されるもの［２０１８．０１］
uploaded,新設,,F21W 104:00,,装飾用の外部車両照明装置［２０１８．０１］
uploaded,新設,,F21W 105:00,,グループＦ２１Ｗ１０２／００～Ｆ２１Ｗ１０４／００に分類される照明装置の組合せ［２０１８．０１］
uploaded,新設,,F21W 106:00,,内部の車両照明装置［２０１８．０１］
uploaded,新設,,F21W 107:00,,特殊な種別の車両外部もしくは車両内部への照明装置の使用または適用［２０１８．０１］
uploaded,新設,,F21W 107:10,,・陸上車両用［２０１８．０１］
uploaded,新設,,F21W 107:13,,・・二輪車用［２０１８．０１］
uploaded,新設,,F21W 107:17,,・・・オートバイ用［２０１８．０１］
uploaded,新設,,F21W 107:20,,・水上，水中移動体用［２０１８．０１］
uploaded,新設,,F21W 107:30,,・航空機用［２０１８．０１］
uploaded,新設,,F24F 11/03,,・システムの動作に関連する目的のもの，例．安全性または監視のため［２０１８．０１］
uploaded,新設,,F24F 11/32,,・・故障または緊急事態に応答するもの［２０１８．０１］
uploaded,新設,,F24F 11/33,,・・・火事，猛暑または煙への応答［２０１８．０１］
uploaded,新設,,F24F 11/34,,・・・・通気路の開放によるもの［２０１８．０１］
uploaded,新設,,F24F 11/35,,・・・・通気路の閉鎖によるもの［２０１８．０１］
uploaded,新設,,F24F 11/36,,・・・熱交換流体の漏れへの応答［２０１８．０１］
uploaded,新設,,F24F 11/37,,・・・再起動，例．停電後；緊急始動［２０１８．０１］
uploaded,新設,,F24F 11/38,,・・・故障診断［２０１８．０１］
uploaded,新設,,F24F 11/39,,・・・フィルターの性能監視［２０１８．０１］
uploaded,新設,,F24F 11/41,,・・除霜；凍結防止［２０１８．０１］
uploaded,新設,,F24F 11/41 100,,・・・除霜の開始，及び／又は終了の制御のためのもの
uploaded,新設,,F24F 11/41 110,,・・・・温度が制御パラメータであるもの
uploaded,新設,,F24F 11/41 112,,・・・・・特に，室外空気温度が制御パラメータであるもの
uploaded,新設,,F24F 11/41 114,,・・・・・特に，室外熱交換器温度が制御パラメータであるもの
uploaded,新設,,F24F 11/41 120,,・・・・時間が制御パラメータであるもの
uploaded,新設,,F24F 11/41 130,,・・・・風量が制御パラメータであるもの
uploaded,新設,,F24F 11/41 140,,・・・・電流値が制御パラメータであるもの
uploaded,新設,,F24F 11/41 200,,・・・Ｆ２４Ｆ１１／４１　１００以外の制御を行うもの
uploaded,新設,,F24F 11/41 210,,・・・・室内送風機が制御される要素であるもの
uploaded,新設,,F24F 11/41 220,,・・・・室外送風機が制御される要素であるもの
uploaded,新設,,F24F 11/41 230,,・・・・補助加熱器が制御される要素であるもの
uploaded,新設,,F24F 11/41 240,,・・・・圧縮機が制御される要素であるもの
uploaded,新設,,F24F 11/41 250,,・・・・四方弁が制御される要素であるもの
uploaded,新設,,F24F 11/42,,・・・室外機の［２０１８．０１］
uploaded,新設,,F24F 11/43,,・・・室内機の［２０１８．０１］
uploaded,新設,,F24F 11/46,,・・電気エネルギーの効率または節電性能を向上させること［２０１８．０１］
uploaded,新設,,F24F 11/47,,・・・エネルギーコストに応答するもの［２０１８．０１］
uploaded,新設,,F24F 11/48,,・・通常動作に先立って行うもの，例．予熱または予冷［２０１８．０１］
uploaded,新設,,F24F 11/49,,・・正しい動作の担保，例．試運転または系統検査によるもの［２０１８．０１］
uploaded,新設,,F24F 11/05,,・ユーザインターフェースまたは通信により特徴付けられるもの［２０１８．０１］
uploaded,新設,,F24F 11/52,,・・表示装置，例．ディスプレイ［２０１８．０１］
uploaded,新設,,F24F 11/523,,・・・温度データを表示するためのもの［２０１８．０１］
uploaded,新設,,F24F 11/526,,・・・音により表示するもの［２０１８．０１］
uploaded,新設,,F24F 11/54,,・・複数の副制御装置に接続される１つの中央制御装置を用いるもの［２０１８．０１］
uploaded,新設,,F24F 11/56,,・・遠隔制御［２０１８．０１］
uploaded,新設,,F24F 11/57,,・・・電話網を用いるもの［２０１８．０１］
uploaded,新設,,F24F 11/58,,・・・インターネット通信を用いるもの［２０１８．０１］
uploaded,新設,,F24F 11/59,,・・・プレセットするためのもの［２０１８．０１］
uploaded,新設,,F24F 11/61,,・・タイマーを用いるもの［２０１８．０１］
uploaded,新設,,F24F 11/62,,・制御方式または内部処理により特徴付けられるもの，例．ファジー論理，適応制御または値の推定［２０１８．０１］
uploaded,新設,,F24F 11/63,,・・電子的処理［２０１８．０１］
uploaded,新設,,F24F 11/64,,・・・事前に保存されたデータを用いるもの［２０１８．０１］
uploaded,新設,,F24F 11/65,,・・・運転モードを選択するためのもの［２０１８．０１］
uploaded,新設,,F24F 11/66,,・・・・スリープモード［２０１８．０１］
uploaded,新設,,F24F 11/67,,・・・・加熱および冷却モード間の切換［２０１８．０１］
uploaded,新設,,F24F 11/07,,・出力により特徴付けられる制御システム；その細部構造［２０１８．０１］
uploaded,新設,,F24F 11/72,,・・処理される空気の供給，例．その圧力，を制御するもの［２０１８．０１］
uploaded,新設,,F24F 11/74,,・・・空気流量または流速を制御するもの［２０１８．０１］
uploaded,新設,,F24F 11/75,,・・・・空気流量または流速を一定に維持するもの［２０１８．０１］
uploaded,新設,,F24F 11/755,,・・・・空気流量または流速の周期的な変化のためのもの［２０１８．０１］
uploaded,新設,,F24F 11/76,,・・・・温度に反応する手段によるもの，例．バイメタルばね［２０１８．０１］
uploaded,新設,,F24F 11/77,,・・・・換気扇の速度を制御するもの［２０１８．０１］
uploaded,新設,,F24F 11/79,,・・・供給される空気の方向を制御するもの［２０１８．０１］
uploaded,新設,,F24F 11/08,,・・供給される空気の温度を制御するもの［２０１８．０１］
uploaded,新設,,F24F 11/81,,・・・熱交換器またはバイパス路への空気供給の制御によるもの［２０１８．０１］
uploaded,新設,,F24F 11/83,,・・・熱交換器への熱交換流体の供給を制御することによるもの［２０１８．０１］
uploaded,新設,,F24F 11/84,,・・・・弁を用いるもの［２０１８．０１］
uploaded,新設,,F24F 11/85,,・・・・可変流量ポンプを用いるもの［２０１８．０１］
uploaded,新設,,F24F 11/86,,・・・冷凍回路またはヒートポンプ回路内で圧縮機を制御するもの［２０１８．０１］
uploaded,新設,,F24F 11/87,,・・・室外機における吸熱または放熱を制御するもの［２０１８．０１］
uploaded,新設,,F24F 11/871,,・・・・室外送風機を制御するもの［２０１８．０１］
uploaded,新設,,F24F 11/873,,・・・冷媒ヒーターを制御するもの［２０１８．０１］
uploaded,新設,,F24F 11/875,,・・・蓄熱装置を制御するもの［２０１８．０１］
uploaded,新設,,F24F 11/88,,・電気的観点，例．回路［２０１８．０１］
uploaded,新設,,F24F 11/89,,・制御または安全装置の配置または取り付け［２０１８．０１］
uploaded,新設,,F24F 110:00,,空気の特性に関連する制御インプット［２０１８．０１］
uploaded,新設,,F24F 110:10,,・気温［２０１８．０１］
uploaded,新設,,F24F 110:12,,・・外気のもの［２０１８．０１］
uploaded,新設,,F24F 110:20,,・湿度［２０１８．０１］
uploaded,新設,,F24F 110:22,,・・外気のもの［２０１８．０１］
uploaded,新設,,F24F 110:30,,・速度［２０１８．０１］
uploaded,新設,,F24F 110:32,,・・外気のもの［２０１８．０１］
uploaded,新設,,F24F 110:40,,・圧力，例．風圧［２０１８．０１］
uploaded,新設,,F24F 110:50,,・空気の質の特性［２０１８．０１］
uploaded,新設,,F24F 110:52,,・・外気のもの［２０１８．０１］
uploaded,新設,,F24F 110:60,,・・匂い［２０１８．０１］
uploaded,新設,,F24F 110:62,,・・タバコの煙［２０１８．０１］
uploaded,新設,,F24F 110:64,,・・空中浮遊粒子の含有量［２０１８．０１］
uploaded,新設,,F24F 110:65,,・・特定の物質または汚染物質の濃度［２０１８．０１］
uploaded,新設,,F24F 110:66,,・・・揮発性有機物質［ＶＯＣ］［２０１８．０１］
uploaded,新設,,F24F 110:68,,・・・ラドン［２０１８．０１］
uploaded,新設,,F24F 110:70,,・・・二酸化炭素［２０１８．０１］
uploaded,新設,,F24F 110:72,,・・・一酸化炭素［２０１８．０１］
uploaded,新設,,F24F 110:74,,・・・オゾン［２０１８．０１］
uploaded,新設,,F24F 110:76,,・・・酸素［２０１８．０１］
uploaded,新設,,F24F 110:80,,・・電荷［２０１８．０１］
uploaded,新設,,F24F 120:00,,ユーザまたは占有者に関連する制御インプット［２０１８．０１］
uploaded,新設,,F24F 120:10,,・占有［２０１８．０１］
uploaded,新設,,F24F 120:12,,・・占有者の位置［２０１８．０１］
uploaded,新設,,F24F 120:14,,・・占有者の活動［２０１８．０１］
uploaded,新設,,F24F 120:20,,・ユーザからのフィードバック［２０１８．０１］
uploaded,新設,,F24F 130:00,,グループＦ２４Ｆ１１０／００に分類されない環境要素に関連する制御インプット［２０１８．０１］
uploaded,新設,,F24F 130:10,,・気象情報または気象予測［２０１８．０１］
uploaded,新設,,F24F 130:20,,・太陽光［２０１８．０１］
uploaded,新設,,F24F 130:30,,・人工光［２０１８．０１］
uploaded,新設,,F24F 130:40,,・騒音［２０１８．０１］
uploaded,新設,,F24F 140:00,,システム状態に関連する制御インプット［２０１８．０１］
uploaded,新設,,F24F 140:10,,・圧力［２０１８．０１］
uploaded,新設,,F24F 140:12,,・・熱交換流体圧力［２０１８．０１］
uploaded,新設,,F24F 140:20,,・熱交換流体温度［２０１８．０１］
uploaded,新設,,F24F 140:30,,・被冷却空気からの水の凝縮［２０１８．０１］
uploaded,新設,,F24F 140:40,,・ダンパ位置，例．開放または閉鎖［２０１８．０１］
uploaded,新設,,F24F 140:50,,・負荷［２０１８．０１］
uploaded,新設,,F24F 140:60,,・エネルギー消費［２０１８．０１］
uploaded,新設,,F24S 10/00,,作動流体を用いる太陽熱集熱器［２０１８．０１］
uploaded,新設,,F24S 10/01,,・作動流体がプールまたは池を形成するもの［２０１８．０１］
uploaded,新設,,F24S 10/13,,・・塩勾配の池［２０１８．０１］
uploaded,新設,,F24S 10/17,,・・カバーまたは浮遊する太陽光吸収要素を用いるもの［２０１８．０１］
uploaded,新設,,F24S 10/02,,・２以上の作動流体のための回路を有するもの（２以上の流体間で熱交換を行う手段を有するものＦ２４Ｓ１０／３０）［２０１８．０１］
uploaded,新設,,F24S 10/25,,・同一の作動流体のための太陽光線の方向に積層された２以上の流路を備えるもの，例．下側循環経路と接続される上側循環経路を備えたもの［２０１８．０１］
uploaded,新設,,F24S 10/03,,・２以上の作動流体間で熱交換するための手段を有するもの［２０１８．０１］
uploaded,新設,,F24S 10/04,,・吸収要素が透明なエンクロージャに囲われたもの，例．真空太陽熱集熱器［２０１８．０１］
uploaded,新設,,F24S 10/05,,・作動流体がプレート間を運ばれるもの［２０１８．０１］
uploaded,新設,,F24S 10/55,,・・拡大表面，例．突起または波形，を有するもの（作動流体に直接接触する多孔性材料または透過性物体を有する集熱器Ｆ２４Ｓ１０／８０）［２０１８．０１］
uploaded,新設,,F24S 10/06,,・作動流体が吸収要素上を少しずつ自由に流れるもの［２０１８．０１］
uploaded,新設,,F24S 10/07,,・作動流体が筒状の吸熱導管内を運ばれるもの［２０１８．０１］
uploaded,新設,,F24S 10/75,,・・拡大表面，例．突起または波形，を有するもの（作動流体に直接接触する多孔性材料または透過性物体を有する集熱器Ｆ２４Ｓ１０／８０）［２０１８．０１］
uploaded,新設,,F24S 10/08,,・作動流体に直接接触する多孔性材料または透過性物体を有するもの（気化部から凝縮部へ液化作動流体を毛細管力で運ぶものＦ２４Ｓ１０／９５）［２０１８．０１］
uploaded,新設,,F24S 10/09,,・内部の熱サイフォン循環を用いるもの［２０１８．０１］
uploaded,新設,,F24S 10/95,,・・気化部と凝縮部を有するもの，例．ヒートパイプ［２０１８．０１］
uploaded,新設,,F24S 20/00,,特定の用途または環境に特に適合する太陽熱収熱器［２０１８．０１］
uploaded,新設,,F24S 20/00 010,,・太陽光から集熱するともに太陽光を集熱以外の用途にも使用するもの
uploaded,新設,,F24S 20/00 020,,・冷却装置として機能する太陽熱集熱器
uploaded,新設,,F24S 20/02,,・集中された太陽エネルギーを受ける太陽熱集熱器，例．太陽発電プラント用受熱器［２０１８．０１］
uploaded,新設,,F24S 20/25,,・・集中された放射と組み合わせて直接の太陽放射を用いるもの［２０１８．０１］
uploaded,新設,,F24S 20/03,,・対象物を加熱する太陽熱集熱器，例．太陽熱調理器または太陽炉［２０１８．０１］
uploaded,新設,,F24S 20/04,,・他の熱源，例．電気加熱または周囲の空気の熱，を組み合わせた太陽熱集熱器［２０１８．０１］
uploaded,新設,,F24S 20/05,,・丸められるまたは折りたためる太陽熱集熱器モジュール［２０１８．０１］
uploaded,新設,,F24S 20/55,,・・可撓性材料で作られるもの［２０１８．０１］
uploaded,新設,,F24S 20/06,,・固定構造物，例．建物，に組み込まれる太陽熱集熱器［２０１８．０１］
uploaded,新設,,F24S 20/61,,・・パッシブ型太陽熱集熱器，例．外部エネルギー源なしに作動するもの［２０１８．０１］
uploaded,新設,,F24S 20/62,,・・フェンス，らんかんまたは手すりの形態のもの［２０１８．０１］
uploaded,新設,,F24S 20/63,,・・窓の形態のもの［２０１８．０１］
uploaded,新設,,F24S 20/64,,・・床構造，地面または道路の形態のもの［２０１８．０１］
uploaded,新設,,F24S 20/66,,・・ファサード構造，例．壁構造，の形態のもの（屋根板またはタイルの形態のものＦ２４Ｓ２０／６９）［２０１８．０１］
uploaded,新設,,F24S 20/67,,・・屋根構造の形態のもの（屋根板またはタイルの形態のものＦ２４Ｓ２０／６９）［２０１８．０１］
uploaded,新設,,F24S 20/69,,・・屋根板またはタイルの形態のもの［２０１８．０１］
uploaded,新設,,F24S 20/07,,・水上太陽熱集熱器モジュール（プールまたは池を形成する作動流体用Ｆ２４Ｓ１０／１０）［２０１８．０１］
uploaded,新設,,F24S 20/08,,・空中浮遊太陽光集熱器モジュール，例．膨張可能構造［２０１８．０１］
uploaded,新設,,F24S 21/00,,グループＦ２４Ｓ１０／００～Ｆ２４Ｓ２０／００に分類されない太陽熱集熱器［２０１８．０１］
uploaded,新設,,F24S 23/00,,太陽熱集熱器に太陽光線を集中させる装置［２０１８．０１］
uploaded,新設,,F24S 23/03,,・レンズを有するもの［２０１８．０１］
uploaded,新設,,F24S 23/07,,・反射体を有するもの［２０１８．０１］
uploaded,新設,,F24S 23/71,,・・パラボラ型反射面を有するもの（円筒放物線状の反射面を有するものＦ２４Ｓ２３／７４）［２０１８．０１］
uploaded,新設,,F24S 23/71 010,,・・・複数の反射体を組み合わせてパラボラ型反射面を形成するもの
uploaded,新設,,F24S 23/72,,・・半球形反射面を有するもの［２０１８．０１］
uploaded,新設,,F24S 23/74,,・・トラフ形状または円筒放物線状の反射面を有するもの［２０１８．０１］
uploaded,新設,,F24S 23/75,,・・円錐状の反射面を有するもの［２０１８．０１］
uploaded,新設,,F24S 23/77,,・・平らな反射面を有するもの［２０１８．０１］
uploaded,新設,,F24S 23/79,,・・間隔をもって対向して相互作用する反射平面を有するもの［２０１８．０１］
uploaded,新設,,F24S 25/00,,太陽熱集熱器モジュールのための静止型の取付け体または支持体の構成［２０１８．０１］
uploaded,新設,,F24S 25/01,,・支持面から離れる方向に延びているもの［２０１８．０１］
uploaded,新設,,F24S 25/11,,・・成形体，例．コンクリート要素，発泡要素または型成形された箱類似の要素，を用いるもの［２０１８．０１］
uploaded,新設,,F24S 25/12,,・・上側プロファイルと組み合わせて支柱を用いるもの［２０１８．０１］
uploaded,新設,,F24S 25/13,,・・プロファイル構造，例．トラス（Ｆ２４Ｓ２５／１２が優先）［２０１８．０１］
uploaded,新設,,F24S 25/15,,・・曲がった板を用いるもの；板の組み合わせ体を用いるもの［２０１８．０１］
uploaded,新設,,F24S 25/16,,・・相互に接続されたスタンド構造の構成；隣接するモジュールのために別個の支持部分を有するスタンド構造［２０１８．０１］
uploaded,新設,,F24S 25/02,,・モジュール用周囲枠［２０１８．０１］
uploaded,新設,,F24S 25/03,,・実質的に取付け面に沿って延びている長尺剛性取付け要素を用いるもの，例．建物を太陽熱集熱器で被覆するためのもの（支持面から離れた方向に延びるものＦ２４Ｓ２５／１０；モジュール用周囲枠Ｆ２４Ｓ２５／２０）［２０１８．０１］
uploaded,新設,,F24S 25/33,,・・実質的に平面形状の組み立て体を形成するもの，例．同一平面上のまたは積み重ねられたプロファイル［２０１８．０１］
uploaded,新設,,F24S 25/35,,・・・隣接するモジュールのために個別の支持部分を画定する断面形状を有するプロファイルの手段によるもの［２０１８．０１］
uploaded,新設,,F24S 25/37,,・・・縦方向および横方向のプロファイルからなる一平面状グリッドを形成するもの［２０１８．０１］
uploaded,新設,,F24S 25/04,,・板状の取付け要素，例．輪郭付けされたまたは波付けされた板，を用いるもの；板状のモジュール枠（支持面から離れる方向に延びるものＦ２４Ｓ２５／１０）［２０１８．０１］
uploaded,新設,,F24S 25/05,,・長尺の非剛性要素，例．ストラップ，ワイヤーまたはロープ，を有するもの［２０１８．０１］
uploaded,新設,,F24S 25/06,,・太陽熱集熱器モジュールの支持に特に適合する固定手段，例．ファスナー［２０１８．０１］
uploaded,新設,,F24S 25/61,,・・地面または建物構造へ固定するためのもの［２０１８．０１］
uploaded,新設,,F24S 25/613,,・・・曲がったストリップまたはストリップ組み立て体の形態であるもの；フック状のコネクタ；建物を被覆する要素の間に取り付けられるコネクタ［２０１８．０１］
uploaded,新設,,F24S 25/615,,・・・建物の突起部に，例．波状部または立設継目部に，固定するためのもの［２０１８．０１］
uploaded,新設,,F24S 25/617,,・・・地面に打ち込まれる要素，例．アンカー杭；支持要素のための基礎；支持構造を地面または平らな水平面に接続するためのコネクタ［２０１８．０１］
uploaded,新設,,F24S 25/63,,・・モジュールまたはその周縁フレームを支持要素に固定するためのもの［２０１８．０１］
uploaded,新設,,F24S 25/632,,・・・サイドコネクタ；ベースコネクタ［２０１８．０１］
uploaded,新設,,F24S 25/634,,・・・クランプ；クリップ［２０１８．０１］
uploaded,新設,,F24S 25/636,,・・・・ねじ山付き要素により締め付けるもの［２０１８．０１］
uploaded,新設,,F24S 25/65,,・・隣接する支持要素を連結するためのもの，例．プロファイルを接続するためのもの［２０１８．０１］
uploaded,新設,,F24S 25/67,,・・隣接するモジュールまたはその周縁フレームを連結するためのもの（モジュールまたは周縁フレームを支持要素に固定するためのものＦ２４Ｓ２５／６３）［２０１８．０１］
uploaded,新設,,F24S 25/07,,・支持要素の互いのまたは取付け面への最終的な位置または方向を調整する手段を有するもの；取付けの許容誤差を補正する手段を有するもの［２０１８．０１］
uploaded,新設,,F24S 30/00,,太陽熱集熱器モジュールを動かすまたは方向付けするための装置［２０１８．０１］
uploaded,新設,,F24S 30/02,,・直線動作用［２０１８．０１］
uploaded,新設,,F24S 30/04,,・回転動作用［２０１８．０１］
uploaded,新設,,F24S 30/42,,・・回転軸を１つだけ有するもの［２０１８．０１］
uploaded,新設,,F24S 30/422,,・・・垂直軸［２０１８．０１］
uploaded,新設,,F24S 30/425,,・・・水平軸［２０１８．０１］
uploaded,新設,,F24S 30/428,,・・・傾斜軸を有するもの［２０１８．０１］
uploaded,新設,,F24S 30/45,,・・２つの回転軸を有するもの［２０１８．０１］
uploaded,新設,,F24S 30/452,,・・・垂直の主軸を有するもの［２０１８．０１］
uploaded,新設,,F24S 30/455,,・・・水平の主軸を有するもの［２０１８．０１］
uploaded,新設,,F24S 30/458,,・・・傾斜した主軸を有するもの［２０１８．０１］
uploaded,新設,,F24S 30/48,,・・３以上の回転軸を有するものまたは多自由度を有するもの［２０１８．０１］
uploaded,新設,,F24S 40/00,,太陽熱集熱器の安全装置または保護装置；太陽熱集熱器の故障を防ぐもの（制御装置Ｆ２４Ｓ５０／００）［２０１８．０１］
uploaded,新設,,F24S 40/01,,・保護カバーまたは保護包み；閉鎖部材，例．蓋（透明カバーＦ２４Ｓ８０／５０）［２０１８．０１］
uploaded,新設,,F24S 40/02,,・清掃；雪の除去［２０１８．０１］
uploaded,新設,,F24S 40/04,,・腐食防止；ちりまたは汚染からの保護［２０１８．０１］
uploaded,新設,,F24S 40/42,,・・太陽モジュール内での結露防止（通気によるものＦ２４Ｓ４０／５３）［２０１８．０１］
uploaded,新設,,F24S 40/44,,・・雨水または結露の排出［２０１８．０１］
uploaded,新設,,F24S 40/46,,・・真空を維持するもの，例．ゲッターを用いることによるもの［２０１８．０１］
uploaded,新設,,F24S 40/48,,・・作動流体の脱気またはガス抜き［２０１８．０１］
uploaded,新設,,F24S 40/05,,・過熱または過圧を防止するもの（作動流体の排出によるものＦ２４Ｓ４０／６０）［２０１８．０１］
uploaded,新設,,F24S 40/52,,・・熱収集を調整することによるもの，例．焦点をずらすまたは受熱要素の位置を変更することによるもの［２０１８．０１］
uploaded,新設,,F24S 40/53,,・・太陽熱集熱器のエンクロージャに通気することによるもの［２０１８．０１］
uploaded,新設,,F24S 40/55,,・・冷却，例．外部の熱放散手段または内部の冷却回路を用いることによる，のための装置（通気によるものＦ２４Ｓ４０／５３）［２０１８．０１］
uploaded,新設,,F24S 40/57,,・・太陽熱集熱器のエンクロージャの過圧防止（通気によるものＦ２４Ｓ４０／５３）［２０１８．０１］
uploaded,新設,,F24S 40/58,,・・作動流体回路の過圧防止［２０１８．０１］
uploaded,新設,,F24S 40/06,,・作動流体の排出のための装置［２０１８．０１］
uploaded,新設,,F24S 40/07,,・凍結防止（作動流体の排出装置Ｆ２４Ｓ４０／６０）［２０１８．０１］
uploaded,新設,,F24S 40/08,,・太陽熱集熱器要素の膨張差を埋め合わせるもの［２０１８．０１］
uploaded,新設,,F24S 40/09,,・太陽熱集熱器の検査のための装置［２０１８．０１］
uploaded,新設,,F24S 50/00,,太陽熱集熱器の制御のための装置［２０１８．０１］
uploaded,新設,,F24S 50/02,,・トラッキングのためのもの［２０１８．０１］
uploaded,新設,,F24S 50/04,,・温度に応答するもの［２０１８．０１］
uploaded,新設,,F24S 50/06,,・風に応答するもの［２０１８．０１］
uploaded,新設,,F24S 50/08,,・太陽放射の収集量または吸収量を制御するもの［２０１８．０１］
uploaded,新設,,F24S 60/00,,太陽熱集熱器により収集された熱を貯蔵する装置（プールまたは池を形成する作動流体に貯蔵するものＦ２４Ｓ１０／１０）［２０１８．０１］
uploaded,新設,,F24S 60/00 010,,・蓄熱物質が土砂であるもの
uploaded,新設,,F24S 60/01,,・潜熱を用いるもの［２０１８．０１］
uploaded,新設,,F24S 60/02,,・化学反応，例．熱化学反応または異性化反応，を用いるもの［２０１８．０１］
uploaded,新設,,F24S 60/03,,・熱を液体に貯蔵するもの［２０１８．０１］
uploaded,新設,,F24S 60/03 010,,・・蓄熱液体が水であるもの
uploaded,新設,,F24S 70/00,,吸収要素の細部［２０１８．０１］
uploaded,新設,,F24S 70/01,,・吸収材料に特徴を有するもの（吸収コーティングまたは吸収性を高めるための表面処理Ｆ２４Ｓ７０／２０）［２０１８．０１］
uploaded,新設,,F24S 70/12,,・・金属材料からなるもの［２０１８．０１］
uploaded,新設,,F24S 70/14,,・・プラスチック材料からなるもの［２０１８．０１］
uploaded,新設,,F24S 70/16,,・・セラミックからなるもの；コンクリートからなるもの；天然石からなるもの［２０１８．０１］
uploaded,新設,,F24S 70/02,,・吸収コーティングに特徴を有するもの；吸収性を高めるための表面処理に特徴を有するもの［２０１８．０１］
uploaded,新設,,F24S 70/225,,・・光波長選択吸収のためのもの［２０１８．０１］
uploaded,新設,,F24S 70/25,,・・金属材料からなるコーティング［２０１８．０１］
uploaded,新設,,F24S 70/275,,・・プラスチック材料からなるコーティング［２０１８．０１］
uploaded,新設,,F24S 70/03,,・補助的コーティング，例．反射防止コーティング［２０１８．０１］
uploaded,新設,,F24S 70/06,,・構造または機構によって特徴付けられるもの（吸収性コーティング，または吸収性を高めるための表面処理Ｆ２４Ｓ７０／２０；補助的コーティングＦ２４Ｓ７０／３０）［２０１８．０１］
uploaded,新設,,F24S 70/65,,・・２以上の吸収要素の組み合わせ［２０１８．０１］
uploaded,新設,,F24S 80/00,,グループＦ２４Ｓ～Ｆ２４Ｓ７０／００に分類されない太陽熱集熱器の細部，付属品または構成部品［２０１８．０１］
uploaded,新設,,F24S 80/01,,・熱交換導路のための材料［２０１８．０１］
uploaded,新設,,F24S 80/02,,・太陽熱集熱器に特に適合する作動流体［２０１８．０１］
uploaded,新設,,F24S 80/03,,・太陽熱集熱器の流体回路を互いにまたは他の構成要素と接続するための装置，例．パイプ接続；流体分配手段，例．ヘッダー［２０１８．０１］
uploaded,新設,,F24S 80/04,,・ケーシング［２０１８．０１］
uploaded,新設,,F24S 80/45,,・・材料に特徴を有するもの［２０１８．０１］
uploaded,新設,,F24S 80/453,,・・・金属材料からなるもの［２０１８．０１］
uploaded,新設,,F24S 80/457,,・・・プラスチックからなるもの［２０１８．０１］
uploaded,新設,,F24S 80/05,,・透明カバー；入射する太陽光線は通し外への熱放射は防止する要素［２０１８．０１］
uploaded,新設,,F24S 80/52,,・・材料に特徴を有するもの（熱損失の防止Ｆ２４Ｓ８０／５６）［２０１８．０１］
uploaded,新設,,F24S 80/525,,・・・プラスチックからなるもの［２０１８．０１］
uploaded,新設,,F24S 80/54,,・・真空要素を用いるもの［２０１８．０１］
uploaded,新設,,F24S 80/56,,・・熱損失防止手段に特徴を有するもの［２０１８．０１］
uploaded,新設,,F24S 80/58,,・・取付けまたは固定手段に特徴を有するもの［２０１８．０１］
uploaded,新設,,F24S 80/06,,・熱絶縁（透明カバーＦ２４Ｓ８０／５０）［２０１８．０１］
uploaded,新設,,F24S 80/65,,・・材料に特徴を有するもの［２０１８．０１］
uploaded,新設,,F24S 80/07,,・シール手段［２０１８．０１］
uploaded,新設,,F24S 90/00,,他に分類されない太陽熱システム［２０１８．０１］
uploaded,新設,,F24S 90/00 100,,・太陽熱集熱器と収集された熱を使用する装置とを結ぶ熱輸送手段，例．熱媒回路，に特徴があるもの（熱サイフォン循環を用いるものＦ２４Ｓ９０／１０）
uploaded,新設,,F24S 90/00 200,,・・収集された熱を使用する装置に気体，例．空気，を供給するもの
uploaded,新設,,F24S 90/00 210,,・・・収集された熱を使用する装置に蒸気を供給するもの
uploaded,新設,,F24S 90/00 300,,・・収集された熱を使用する装置に液体，例．湯，を供給するもの
uploaded,新設,,F24S 90/00 900,,・太陽熱を利用すること自体が特徴となる熱使用装置を有するもの
uploaded,新設,,F24S 90/01,,・熱サイフォン循環を用いるもの［２０１８．０１］
uploaded,新設,,F24T 10/00,,地熱集熱器［２０１８．０１］
uploaded,新設,,F24T 10/01,,・作動流体が地下経路を介して循環し，作動流体が地面と直接に接触しないもの［２０１８．０１］
uploaded,新設,,F24T 10/13,,・・地面のボアホールへの挿入に適した管組み立て体，例．地熱プローブ，を用いるもの［２０１８．０１］
uploaded,新設,,F24T 10/15,,・・・曲げ管を用いるもの；コネクタまたはリターンヘッダを用いて組み立てられた管を用いるもの［２０１８．０１］
uploaded,新設,,F24T 10/17,,・・・一端で閉じられた管，すなわちリターン型管，を用いるもの［２０１８．０１］
uploaded,新設,,F24T 10/02,,・作動流体としての地下水を用いるもの；地下に直接注入される作動流体を用いるもの，例．注入井および回収井を用いるもの［２０１８．０１］
uploaded,新設,,F24T 10/03,,・作動流体または中間流体を貯めるための地下貯槽を用いるもの［２０１８．０１］
uploaded,新設,,F24T 10/04,,・外部エネルギー源なしに作動するもの，例．熱サイフォン循環またはヒートパイプを用いるもの［２０１８．０１］
uploaded,新設,,F24T 50/00,,地熱システム（地熱エネルギーからの機械的動力を生成するためのものＦ０３Ｇ４／００）［２０１８．０１］
uploaded,新設,,F24V 30/00,,燃焼以外の発熱化学反応によって生成する熱を使用する器具または装置［２０１８．０１］
uploaded,新設,,F24V 30/00 301,,・化学的に結合した酸素を含む反応
uploaded,新設,,F24V 30/00 302,,・酸素以外の元素の結合を含む反応
uploaded,新設,,F24V 40/00,,動く流体の内部摩擦あるいは流体と動いている物体の間の摩擦による熱の発生または使用［２０１８．０１］
uploaded,新設,,F24V 40/01,,・流体が制限的手段を通過するもの［２０１８．０１］
uploaded,新設,,F24V 50/00,,自然の源から，例．海から，の熱の利用［２０１８．０１］
uploaded,新設,,F24V 99/00,,このサブクラスの他のメイングループに分類されない主題事項［２０１８．０１］
uploaded,新設,,F25C 1/045,,・・下向きの開放端をもつもの［２０１８．０１］
uploaded,新設,,F25C 1/045 A,,製氷小室の開口が閉鎖部材，例．水皿，により閉じられるもの，すなわちクローズドセル型
uploaded,新設,,F25C 1/045 Z,,その他のもの
uploaded,新設,,F25C 1/142,,・・・冷却体の外壁からのもの［２０１８．０１］
uploaded,新設,,F25C 1/142 A,,ドラムの外表面に形成するもの
uploaded,新設,,F25C 1/142 B,,薄氷を平板に形成するもの
uploaded,新設,,F25C 1/142 Z,,その他のもの
uploaded,新設,,F25C 1/145,,・・・冷却体の内壁からのもの［２０１８．０１］
uploaded,新設,,F25C 1/145 A,,ドラムの内表面に形成するもの
uploaded,新設,,F25C 1/145 Z,,その他のもの
uploaded,新設,,F25C 1/147,,・・・・オーガーの使用によるもの［２０１８．０１］
uploaded,新設,,F25C 1/147 A,,冷却筒，蒸発器
uploaded,新設,,F25C 1/147 B,,オーガー
uploaded,新設,,F25C 1/147 C,,・オーガーの軸受，シールまたは駆動装置
uploaded,新設,,F25C 1/147 D,,氷の圧縮部
uploaded,新設,,F25C 1/147 E,,・放射状のリブ間で氷を圧縮する押圧頭
uploaded,新設,,F25C 1/147 F,,圧縮氷の切断部
uploaded,新設,,F25C 1/147 G,,貯氷庫への収納，送り出し部
uploaded,新設,,F25C 1/147 H,,貯氷部
uploaded,新設,,F25C 1/147 J,,貯氷庫からの分配，取り出し部
uploaded,新設,,F25C 1/147 K,,給水
uploaded,新設,,F25C 1/147 L,,排水
uploaded,新設,,F25C 1/147 M,,洗浄
uploaded,新設,,F25C 1/147 N,,制御装置，安全装置
uploaded,新設,,F25C 1/147 P,,・貯氷量に関連したもの
uploaded,新設,,F25C 1/147 Z,,その他のもの
uploaded,新設,,F25C 1/243,,・・・プラスチック製製氷型，例．シリコン製［２０１８．０１］
uploaded,新設,,F25C 1/246,,・・・分離した格子構造を備えた製氷型［２０１８．０１］
uploaded,新設,,F25C 1/25,,・・製氷型への注水装置［２０１８．０１］
uploaded,新設,,F25C 1/25 303,,・・・制御または安全装置（Ｆ２５Ｃ１／２５　３０５Ｐが優先）
uploaded,新設,,F25C 1/25 303 A,,水循環形の注水装置におけるもの（Ｆ２５Ｃ１／２５　３０３Ｃが優先）
uploaded,新設,,F25C 1/25 303 B,,・下向きに開口した多数の製氷小室を有する固定製氷型に向かって水を噴き上げる注水装置におけるもの
uploaded,新設,,F25C 1/25 303 C,,水位検知器の配置と取り付け，例．水位検知電極の配置と取り付け
uploaded,新設,,F25C 1/25 303 Z,,その他のもの
uploaded,新設,,F25C 1/25 305,,・・・冷蔵庫のためのもの
uploaded,新設,,F25C 1/25 305 C,,外部水源，例．水道，から水を供給するもの
uploaded,新設,,F25C 1/25 305 D,,定水量供給タンクから水を供給するもの
uploaded,新設,,F25C 1/25 305 E,,・給水タンク（容器一般Ｂ６５Ｄ）
uploaded,新設,,F25C 1/25 305 F,,・給水ポンプの配置と取付（非容積形ポンプＦ０４Ｄ）
uploaded,新設,,F25C 1/25 305 G,,・給水経路，例．給水パイプ
uploaded,新設,,F25C 1/25 305 P,,制御または安全装置
uploaded,新設,,F25C 1/25 305 Z,,その他のもの
uploaded,新設,,F25C 1/25 A,,水循環形のもの（Ｆ２５Ｃ１／２５　３０５，Ｆ２５Ｃ１／２５Ｄが優先）
uploaded,新設,,F25C 1/25 B,,・下向きに開口した多数の製氷小室を有する固定製氷型に向かって水を噴き上げるもの（Ｆ２５Ｃ１／２５Ｃが優先）
uploaded,新設,,F25C 1/25 C,,・水循環ポンプの配置と取り付け
uploaded,新設,,F25C 1/25 D,,外部水源，例．水道，から製氷機に水を供給する給水タンクまたは給水パイプの配置と取り付け（Ｆ２５Ｃ１／２５　３０５Ｃが優先）
uploaded,新設,,F25C 1/25 Z,,その他のもの（Ｆ２５Ｃ１／２５　３０５Ｚが優先）
uploaded,新設,,F25C 5/18 311,,・・貯氷庫
uploaded,新設,,F25C 5/18 312,,・・・貯氷庫に特有な扉；扉の開閉動に連動する貯氷庫
uploaded,新設,,F25C 5/18 312 A,,扉がその下端を中心として回動するもの
uploaded,新設,,F25C 5/18 312 Z,,その他のもの
uploaded,新設,,F25C 5/182,,・・そのための氷容器［２０１８．０１］
uploaded,新設,,F25C 5/185,,・・・製氷皿を備えるもの［２０１８．０１］
uploaded,新設,,F25C 5/187,,・・・氷レベル感知手段を備えるもの［２０１８．０１］
uploaded,新設,,F25C 5/187 A,,オーガー式製氷機，すなわちＦ２５Ｃ１／１４７に規定された製氷機，に特有なもの（Ｆ２５Ｃ５／１８７Ｃ～Ｄが優先）
uploaded,新設,,F25C 5/187 B,,製氷皿の中心付近に設けられた水平な回転軸により製氷皿を回転し，反転する製氷機に特有なもの（Ｆ２５Ｃ５／１８７Ｃ～Ｄが優先）
uploaded,新設,,F25C 5/187 C,,光センサーまたは温度センサーによるもの；電極間の通電によるもの（Ｆ２５Ｃ５／１８７Ｄが優先）
uploaded,新設,,F25C 5/187 D,,蓄冷のためのもの
uploaded,新設,,F25C 5/187 Z,,その他のもの
uploaded,新設,,F25C 5/02,,・氷の分配［２０１８．０１］
uploaded,新設,,F25C 5/02 302,,・・小型貯氷庫からの分配，例．冷蔵庫内に設置された貯氷容器からの分配
uploaded,新設,,F25C 5/02 302 A,,手動式のもの
uploaded,新設,,F25C 5/02 302 Z,,その他のもの
uploaded,新設,,F25C 5/02 303,,・・・分配装置が氷移送のための螺旋体を有するもの，例．冷蔵庫用のもの（Ｆ２５Ｃ５／２０　３０４が優先）
uploaded,新設,,F25C 5/02 303 A,,制御，安全方式またはそれらの装置
uploaded,新設,,F25C 5/02 303 B,,小型貯氷庫が冷蔵庫内に設置されているもの（Ｆ２５Ｃ５／２０　３０３Ａが優先）
uploaded,新設,,F25C 5/02 303 Z,,その他のもの
uploaded,新設,,F25C 5/02 304,,・・・削り取られるかまたは楔で割り取られた薄氷のための分配，例．フレーク氷のための分配（Ｆ２５Ｃ５／２０　３０５が優先）
uploaded,新設,,F25C 5/02 305,,・・・分配器具，例．氷挟み，による分配
uploaded,新設,,F25C 5/02 A,,角氷の分配
uploaded,新設,,F25C 5/02 B,,固結した砕氷を上面から削り取り分配するもの
uploaded,新設,,F25C 5/02 C,,固結した砕氷を側面から削り取り分配するもの
uploaded,新設,,F25C 5/02 Z,,その他のもの
uploaded,新設,,G01N 1/31,,・・・そのための装置［６］
uploaded,新設,,G01N 1/36,,・・試料の埋め込みまたは類似の取付け［６］
uploaded,新設,,G01N 1/38,,・・試料の希釈，撹拌または混合［６］
uploaded,新設,,G01N 1/04,,・・試料の濃縮［６］
uploaded,新設,,G01N 1/42,,・・低温試料処理，例．低温固定［６］
uploaded,新設,,G01N 1/44,,・・放射を伴う試料処理，例．熱［６］
uploaded,新設,,G01N 23/04 330,,・・・プローブビームの走査による透過画像形成，例．Ｘ線ペンシルビームの走査によるＸ線透過画像の形成または走査型透過電子顕微鏡［ＳＴＥＭ］
uploaded,新設,,G01N 23/04 340,,・・・ユーザーに提示する表示形式，例．複数画像の同時表示，重畳表示または画面上の配置，に特徴があるもの
uploaded,新設,,G01N 23/041,,・・・位相コントラストイメージング，例．格子干渉計を用いるもの［２０１８．０１］
uploaded,新設,,G01N 23/041 310,,・・・・屈折コントラストイメージング
uploaded,新設,,G01N 23/044,,・・・ラミノグラフィまたはトモシンセシスを用いるもの［２０１８．０１］
uploaded,新設,,G01N 23/046,,・・・トモグラフィーを用いるもの，例．コンピュータ断層撮影［ＣＴ］［２０１８．０１］
uploaded,新設,,G01N 23/046 310,,・・・・コヒーレント散乱ＣＴ［ＣＳＣＴ］
uploaded,新設,,G01N 23/085,,・・・・Ｘ線吸収微細構造［ＸＡＦＳ］，例．広域Ｘ線吸収微細構造［ＥＸＡＦＳ］［２０１８．０１］
uploaded,新設,,G01N 23/095,,・・・ガンマ線共鳴吸収，例．メスバウアー効果を用いるもの［２０１８．０１］
uploaded,新設,,G01N 23/02 400,,・・反射率の測定，例．Ｘ線反射率法［ＸＲＲ］
uploaded,新設,,G01N 23/20008,,・・分析機器の構造の細部，例．Ｘ線源，検出器または光学系に特徴のあるもの；付属品；試料調製（結晶を用いたＸ線モノクロメーターＧ２１Ｋ１／０６）［２０１８．０１］
uploaded,新設,,G01N 23/20016,,・・・ゴニオメータ［２０１８．０１］
uploaded,新設,,G01N 23/20025,,・・・そのための試料ホルダまたは試料支持部材［２０１８．０１］
uploaded,新設,,G01N 23/20033,,・・・・温度制御または加熱手段を備えるもの［２０１８．０１］
uploaded,新設,,G01N 23/20041,,・・・・高圧試験のためのもの，例．アンビルセル［２０１８．０１］
uploaded,新設,,G01N 23/2005,,・・・そのための粉末試料の調製［２０１８．０１］
uploaded,新設,,G01N 23/20058,,・・電子回折の測定，例．低エネルギー電子線回折［ＬＥＥＤ］法または反射高速電子線回折［ＲＨＥＥＤ］法［２０１８．０１］
uploaded,新設,,G01N 23/20066,,・・ガンマ線の非弾性散乱の測定，例．コンプトン効果［２０１８．０１］
uploaded,新設,,G01N 23/20091,,・・回折放射線のエネルギー分散スペクトル［ＥＤＳ］の測定［２０１８．０１］
uploaded,新設,,G01N 23/2055,,・・回折パターンの分析［２０１８．０１］
uploaded,新設,,G01N 23/2055 310,,・・・二次元パターン，例．回折図形，菊池線またはデバイ環，の分析
uploaded,新設,,G01N 23/2055 320,,・・・一次元パターン，例．回折チャート，回折スペクトル，プロファイルまたは波形パターン，の分析，例．リートベルト法
uploaded,新設,,G01N 23/2202,,・・そのための試料調製［２０１８．０１］
uploaded,新設,,G01N 23/2204,,・・そのための試料支持部材，そのための試料搬送手段［２０１８．０１］
uploaded,新設,,G01N 23/2206,,・・二つ以上の測定の組み合わせるものであって，少なくとも一つの二次放射測定を伴うもの，例．二次電子［ＳＥ］測定と後方散乱電子［ＢＳＥ］測定の組み合わせ［２０１８．０１］
uploaded,新設,,G01N 23/2208,,・・・すべての測定が二次放射測定のもの，例．ＳＥ測定と特性Ｘ線測定の組み合わせ［２０１８．０１］
uploaded,新設,,G01N 23/2209,,・・波長分散型分光法［ＷＤＳ］を用いるもの［２０１８．０１］
uploaded,新設,,G01N 23/2251,,・・・電子ビームを入射するもの，例．走査型電子顕微鏡［ＳＥＭ］［２０１８．０１］
uploaded,新設,,G01N 23/2252,,・・・・放射されたＸ線の測定，例．電子線マイクロアナライザ［ＥＰＭＡ］［２０１８．０１］
uploaded,新設,,G01N 23/2254,,・・・・カソードルミネセンスの測定［２０１８．０１］
uploaded,新設,,G01N 23/2255,,・・・イオンビーム，例．陽子ビーム，を入射するもの［２０１８．０１］
uploaded,新設,,G01N 23/2257,,・・・・励起されたＸ線の測定，すなわち粒子線励起Ｘ線分析［ＰＩＸＥ］［２０１８．０１］
uploaded,新設,,G01N 23/2258,,・・・・二次イオン放射の測定，例．二次イオン質量分析［ＳＩＭＳ］（材料分析のためのＳＩＭＳの質量電荷比を分析する観点Ｇ０１Ｎ２７／６２）［２０１８．０１］
uploaded,新設,,G01N 23/2273,,・・・光電子スペクトルの測定，例．Ｘ線光電子分光法［ＥＳＣＡ］または［ＸＰＳ］［２０１８．０１］
uploaded,新設,,G01N 23/2276,,・・・オージェ効果を用いるもの，例．オージェ電子分光法［ＡＥＳ］［２０１８．０１］
uploaded,新設,,G01R 31/327,,・回路電流断続器，スイッチまたは回路遮断器の試験［６］
uploaded,新設,,G01R 31/333,,・・高電圧回路遮断器の開閉容量の試験［６］
uploaded,新設,,G01R 31/333 A,,試験一般
uploaded,新設,,G01R 31/333 B,,合成試験または等価試験
uploaded,新設,,G01R 31/333 C,,３相短絡試験
uploaded,新設,,G01R 31/333 D,,近距離故障試験
uploaded,新設,,G01R 31/333 E,,開閉装置の試験等
uploaded,新設,,G01R 31/333 F,,多点切タンク型遮断器の試験
uploaded,新設,,G01R 31/333 G,,構造的なもの
uploaded,新設,,G01R 31/333 Z,,その他のもの
uploaded,新設,,G03G 9/083,,・・磁性トナー粒子［５］
uploaded,新設,,G03G 9/083 301,,・・・磁性剤
uploaded,新設,,G03G 9/083 302,,・・・・磁性剤の処理
uploaded,新設,,G03G 9/087,,・・トナー粒子用結合剤［５］
uploaded,新設,,G03G 9/087 325,,・・・スチレン，アクリル系
uploaded,新設,,G03G 9/087 331,,・・・ポリエステル系
uploaded,新設,,G03G 9/087 333,,・・・エポキシ系
uploaded,新設,,G03G 9/09,,・・トナー粒子用着色剤［５］
uploaded,新設,,G03G 9/093,,・・カプセル化トナー粒子［５］
uploaded,新設,,G03G 9/097,,・・可塑剤；荷電制御剤［５］
uploaded,新設,,G03G 9/097 344,,・・・荷電制御剤
uploaded,新設,,G03G 9/097 346,,・・・・負帯電性のもの
uploaded,新設,,G03G 9/097 351,,・・・・正帯電性のもの
uploaded,新設,,G03G 9/097 365,,・・・その他の内部添加剤，例．有機系内添剤
uploaded,新設,,G03G 9/097 368,,・・・・無機系内添剤
uploaded,新設,,G03G 9/097 371,,・・・外部添加剤，表面処理剤
uploaded,新設,,G03G 9/097 372,,・・・・有機系外添剤
uploaded,新設,,G03G 9/097 374,,・・・・無機系外添剤
uploaded,新設,,G03G 9/097 375,,・・・・・シリカ，ケイ酸塩
uploaded,新設,,G03G 9/107,,・・・磁性成分をもつもの［５］
uploaded,新設,,G03G 9/107 311,,・・・・鉄系キャリア，例．鉄粉キャリア，表面の酸化処理またはマグネタイトキャリア
uploaded,新設,,G03G 9/107 321,,・・・・フェライトキャリア
uploaded,新設,,G03G 9/107 331,,・・・・複合芯キャリア，例．磁性体―バインダ分散タイプ
uploaded,新設,,G03G 9/113,,・・・コーティングをほどこしたもの［５］
uploaded,新設,,G03G 9/113 351,,・・・・樹脂によるキャリア表面の被覆
uploaded,新設,,G03G 9/113 352,,・・・・・シリコーン系樹脂による被覆
uploaded,新設,,G03G 9/113 354,,・・・・・フッ素系樹脂による被覆
uploaded,新設,,G03G 9/113 361,,・・・・表面被覆樹脂への添加剤
uploaded,新設,,G03G 9/113 362,,・・・・・有機系添加剤
uploaded,新設,,G03G 9/125,,・・・液体に特徴をもつもの［５］
uploaded,新設,,G03G 9/13,,・・・重合体成分に特徴をもつもの［５］
uploaded,新設,,G03G 9/135,,・・・安定剤または荷電制御剤に特徴をもつもの［５］
uploaded,新設,,G06F 8/00,,ソフトウェアエンジニアリングのための装置（テストまたはデバッグＧ０６Ｆ１１／３６；ソフトウェアプロジェクト管理における運用，計画または組織化の観点Ｇ０６Ｑ１０／０６）［２０１８．０１］
uploaded,新設,,G06F 8/01,,・要求分析；仕様化技術［２０１８．０１］
uploaded,新設,,G06F 8/02,,・ソフトウェアの設計［２０１８．０１］
uploaded,新設,,G06F 8/03,,・ソースコードの作成または生成［２０１８．０１］
uploaded,新設,,G06F 8/33,,・・インテリジェントエディタ［２０１８．０１］
uploaded,新設,,G06F 8/34,,・・グラフィカルまたはビジュアルプログラミング［２０１８．０１］
uploaded,新設,,G06F 8/35,,・・モデル駆動［２０１８．０１］
uploaded,新設,,G06F 8/36,,・・ソフトウェアの再利用［２０１８．０１］
uploaded,新設,,G06F 8/38,,・・ユーザインタフェースの実装のためのもの［２０１８．０１］
uploaded,新設,,G06F 8/04,,・プログラムコードの変換［２０１８．０１］
uploaded,新設,,G06F 8/41,,・・コンパイル［２０１８．０１］
uploaded,新設,,G06F 8/41 100,,・・・ソースコードの解析；中間コードの生成
uploaded,新設,,G06F 8/41 130,,・・・・最適化
uploaded,新設,,G06F 8/41 170,,・・・・ターゲットコードの生成
uploaded,新設,,G06F 8/51,,・・ソースからソースへ［２０１８．０１］
uploaded,新設,,G06F 8/52,,・・バイナリからバイナリへ［２０１８．０１］
uploaded,新設,,G06F 8/53,,・・逆コンパイル；逆アセンブル［２０１８．０１］
uploaded,新設,,G06F 8/54,,・・ロード時より前のリンク編集［２０１８．０１］
uploaded,新設,,G06F 8/06,,・ソフトウェアの配備［２０１８．０１］
uploaded,新設,,G06F 8/61,,・・インストール［２０１８．０１］
uploaded,新設,,G06F 8/65,,・・アップデート（そのためのセキュリティ装置Ｇ０６Ｆ２１／５７）［２０１８．０１］
uploaded,新設,,G06F 8/654,,・・・書換可能な固体記憶装置に特に適合した技術を用いるもの，例．ＥＥＰＲＯＭまたはフラッシュメモリのためのもの［２０１８．０１］
uploaded,新設,,G06F 8/656,,・・・実行中にアップデートするもの［２０１８．０１］
uploaded,新設,,G06F 8/658,,・・・増分アップデート；差分アップデート［２０１８．０１］
uploaded,新設,,G06F 8/07,,・ソフトウェアの保守または管理［２０１８．０１］
uploaded,新設,,G06F 8/71,,・・バージョン制御（そのためのセキュリティ装置Ｇ０６Ｆ２１／５７）；構成管理［２０１８．０１］
uploaded,新設,,G06F 8/72,,・・コードリファクタリング［２０１８．０１］
uploaded,新設,,G06F 8/73,,・・プログラムドキュメンテーション［２０１８．０１］
uploaded,新設,,G06F 8/74,,・・リバースエンジニアリング；ソースコードから設計情報を抽出するもの［２０１８．０１］
uploaded,新設,,G06F 8/75,,・・プログラム理解のための構造分析［２０１８．０１］
uploaded,新設,,G06F 8/76,,・・異なる環境で動作するようプログラムコードを適合させるもの；移植［２０１８．０１］
uploaded,新設,,G06F 8/77,,・・ソフトウェアメトリクス［２０１８．０１］
uploaded,新設,,G06F 9/03 372,,・・・条件コードの生成または制御，例．ゼロフラグ
uploaded,新設,,G06F 9/03 381,,・・・サブプログラムを実行するための装置
uploaded,新設,,G06F 9/03 382,,・・・・サブルーチンリンケージ
uploaded,新設,,G06F 9/03 382 A,,サブルーチン一般
uploaded,新設,,G06F 9/03 382 B,,リンケージ処理，例．サブルーチン命令の実行時にサブルーチンを主記憶にロードするもの
uploaded,新設,,G06F 9/03 382 C,,パラメータ受け渡し；パラメータ参照
uploaded,新設,,G06F 9/03 382 D,,アドレス拡張；同一アドレス空間切換，例．異なるセグメントやバンク間でサブルーチンコールをするもの
uploaded,新設,,G06F 9/03 382 Z,,その他
uploaded,新設,,G06F 9/03 387,,・・・・サブプログラムを実行するための装置における誤動作対策
uploaded,新設,,G06F 9/03 388,,・・・・その他
uploaded,新設,,G06F 9/302,,・・・算術演算の実行を制御するもの［５］
uploaded,新設,,G06F 9/302 A,,算術演算一般
uploaded,新設,,G06F 9/302 C,,算術演算における比較
uploaded,新設,,G06F 9/302 E,,バイトまたはワードにおける算術演算；ゼロ拡張；符号拡張
uploaded,新設,,G06F 9/302 F,,算術演算における定数処理；算術演算における固定データ発生
uploaded,新設,,G06F 9/302 Z,,その他
uploaded,新設,,G06F 9/305,,・・・論理演算の実行を制御するもの［５］
uploaded,新設,,G06F 9/305 A,,論理演算一般
uploaded,新設,,G06F 9/305 C,,論理演算における比較
uploaded,新設,,G06F 9/305 E,,バイトまたはワードに対する論理演算
uploaded,新設,,G06F 9/305 F,,論理演算における定数処理；論理演算における固定データ発生
uploaded,新設,,G06F 9/305 Z,,その他
uploaded,新設,,G06F 9/308,,・・・単一ビット演算を制御するもの（Ｇ０６Ｆ９／３０５が優先）［５］
uploaded,新設,,G06F 9/308 A,,ビット演算一般
uploaded,新設,,G06F 9/308 B,,ビット判定；単一ビット操作命令，例．ポピュレーション命令，単一ビットをセットまたはリセットする命令
uploaded,新設,,G06F 9/308 C,,ビット単位の比較
uploaded,新設,,G06F 9/308 E,,ビットに対する演算処理
uploaded,新設,,G06F 9/308 F,,ビット演算における定数処理；ビット演算における固定データ発生
uploaded,新設,,G06F 9/308 Z,,その他
uploaded,新設,,G06F 9/312,,・・・ロード，ストアまたはクリアの演算を制御するもの［５］
uploaded,新設,,G06F 9/312 L,,ロード，例．メモリからレジスタへのロード
uploaded,新設,,G06F 9/312 W,,ストア；クリア
uploaded,新設,,G06F 9/312 Z,,その他
uploaded,新設,,G06F 9/315,,・・・移動，桁送りまたは回転の演算を制御するもの［５］
uploaded,新設,,G06F 9/315 M,,ムーブ
uploaded,新設,,G06F 9/315 S,,シフト；ローテート；アラインメント；シャッフル；マージ；マスク
uploaded,新設,,G06F 9/315 Z,,その他
uploaded,新設,,G06F 9/318,,・・・演算の拡張または修飾を伴うもの［５］
uploaded,新設,,G06F 9/318 A,,命令語の修飾または変更一般
uploaded,新設,,G06F 9/318 B,,修飾，例．プレフィックス
uploaded,新設,,G06F 9/318 C,,変更；全体置換
uploaded,新設,,G06F 9/318 Z,,その他
uploaded,新設,,G06F 9/32 381,,・・・・サブプログラムジャンプのアドレスまたはリターンアドレスの指定アドレス
uploaded,新設,,G06F 9/32 382,,・・・・・ジャンプアドレシング
uploaded,新設,,G06F 9/32 382 A,,ジャンプアドレシング一般
uploaded,新設,,G06F 9/32 382 B,,ジャンプアドレシング複数選択生成
uploaded,新設,,G06F 9/32 382 Z,,その他
uploaded,新設,,G06F 9/32 383,,・・・・・リターンアドレシング
uploaded,新設,,G06F 9/32 383 A,,リターンアドレシング一般
uploaded,新設,,G06F 9/32 383 B,,リターンアドレス複数選択生成
uploaded,新設,,G06F 9/32 383 Z,,その他
uploaded,新設,,G06F 9/32 384,,・・・・・・サブルーチンスタック
uploaded,新設,,G06F 9/32 384 A,,サブルーチンスタック一般
uploaded,新設,,G06F 9/32 384 B,,階層構成；仮想スタック
uploaded,新設,,G06F 9/32 384 C,,サブルーチンスタックにおけるスタックエラー
uploaded,新設,,G06F 9/32 384 R,,レジスタブロック退避；レジスタ多重切換，例．レジスタウィンドウ，レジスタバンク切換
uploaded,新設,,G06F 9/32 384 Z,,その他
uploaded,新設,,G06F 9/32 385,,・・・・・メインルーチンの一部をサブルーチンとすることにより他のルーチンからコールされうるようにしたもの
uploaded,新設,,G06F 9/32 386,,・・・・・サブルーチンをループ実行するもの
uploaded,新設,,G06F 9/32 387,,・・・・・サブプログラムジャンプのアドレスまたはリターンアドレスの指定における誤動作対策
uploaded,新設,,G06F 9/32 388,,・・・・・その他
uploaded,新設,,G06F 9/345,,・・・・多重のオペランドまたは演算結果に対するもの［５］
uploaded,新設,,G06F 9/345 A,,複数のオペランドまたは複数の結果におけるもの一般
uploaded,新設,,G06F 9/345 S,,ストライドまたは間隔を用いるもの
uploaded,新設,,G06F 9/345 Z,,その他
uploaded,新設,,G06F 9/35,,・・・・間接アドレシング［５］
uploaded,新設,,G06F 9/355,,・・・・インデクスアドレシング［５］
uploaded,新設,,G06F 9/355 310,,・・・・・アドレス修飾一般
uploaded,新設,,G06F 9/355 320,,・・・・・・アドレス修飾，例．インデクス，ベース，ページ，相対，付加またはロケーション
uploaded,新設,,G06F 9/355 330,,・・・・・・・アドレス拡張，例．アドレスビット拡張またはメモリ空間拡張切替（メモリモジュールＧ０６Ｆ１２／０６）
uploaded,新設,,G06F 9/355 330 A,,アドレス拡張一般
uploaded,新設,,G06F 9/355 330 B,,アドレスビット拡張，例．セグメントレジスタ
uploaded,新設,,G06F 9/355 330 C,,同一アドレス空間メモリ選択，例．同一アドレス空間を重複して割り当てておきバンク切換を行うもの
uploaded,新設,,G06F 9/355 330 Z,,その他
uploaded,新設,,G06F 9/355 380,,・・・・・アドレス修飾に関する誤動作対策
uploaded,新設,,G06F 9/355 390,,・・・・・その他
uploaded,新設,,G06F 9/4401,,・・・ブートストラップ（そのためのセキュリティ装置Ｇ０６Ｆ２１／５７）［２０１８．０１］
uploaded,新設,,G06F 9/445,,・・・プログラムのローディングまたは起動（ブートストラップＧ０６Ｆ９／４４０１；プログラムのローディングまたは起動のためのセキュリティ装置Ｇ０６Ｆ２１／５７）［２０１８．０１］
uploaded,新設,,G06F 9/445 120,,・・・・ダイナミックローディング；ロード時または以降のリンク編集
uploaded,新設,,G06F 9/445 130,,・・・・プログラムの選択
uploaded,新設,,G06F 9/445 150,,・・・・プログラム実行のためのメモリ管理
uploaded,新設,,G06F 9/448,,・・・実行パラダイム，例．プログラミングパラダイムの実装［２０１８．０１］
uploaded,新設,,G06F 9/448 100,,・・・・手続き型；サブプログラムの実行
uploaded,新設,,G06F 9/448 120,,・・・・オブジェクト指向
uploaded,新設,,G06F 9/451,,・・・ユーザインタフェースのための実行装置［２０１８．０１］
uploaded,新設,,G06F 9/455,,・・・エミュレーション；インタープリタによる実行；ソフトウェアシミュレーション，例．アプリケーションまたはＯＳの実行エンジンの仮想化またはエミュレーション［５］
uploaded,新設,,G06F 9/455 100,,・・・・インタープリタ；アプリケーションの実行時にコードを解釈または変換するもの
uploaded,新設,,G06F 9/455 150,,・・・・ハイパーバイザ；仮想マシンモニタ
uploaded,新設,,G06F 9/48,,・・・プログラムの起動；プログラムの切換，例．割込みによるもの［７］
uploaded,新設,,G06F 9/48 100,,・・・・割込み制御（バスに対する割込みはＧ０６Ｆ１３／２４優先）
uploaded,新設,,G06F 9/48 100 F,,割込み発生
uploaded,新設,,G06F 9/48 100 G,,状態変化検出
uploaded,新設,,G06F 9/48 100 H,,命令によるもの，例．例外処理
uploaded,新設,,G06F 9/48 100 J,,キー
uploaded,新設,,G06F 9/48 100 K,,デバッグ割込み
uploaded,新設,,G06F 9/48 100 L,,バンク切替
uploaded,新設,,G06F 9/48 100 M,,拡張割込み，例．割込み処理の追加
uploaded,新設,,G06F 9/48 100 N,,タイミング
uploaded,新設,,G06F 9/48 100 P,,割込み取消
uploaded,新設,,G06F 9/48 100 Q,,先行制御時の割込み処理
uploaded,新設,,G06F 9/48 100 R,,雑音対策
uploaded,新設,,G06F 9/48 100 S,,割込み機能チェック
uploaded,新設,,G06F 9/48 100 T,,割込み信号の監視による誤動作対策
uploaded,新設,,G06F 9/48 100 Z,,その他
uploaded,新設,,G06F 9/48 110,,・・・・・割込み要求の受付，検出
uploaded,新設,,G06F 9/48 110 B,,割込み受付回路
uploaded,新設,,G06F 9/48 110 C,,多重割込み受付
uploaded,新設,,G06F 9/48 110 D,,グループ別受付
uploaded,新設,,G06F 9/48 110 E,,割込み禁止，マスク
uploaded,新設,,G06F 9/48 110 F,,保留割込みの処理
uploaded,新設,,G06F 9/48 110 G,,割込み要因の検出
uploaded,新設,,G06F 9/48 110 H,,サイクリック走査
uploaded,新設,,G06F 9/48 110 Z,,その他
uploaded,新設,,G06F 9/48 120,,・・・・・割込アドレスの指定，例．割込みベクタ
uploaded,新設,,G06F 9/48 140,,・・・・・命令実行中に割込可能とするもの
uploaded,新設,,G06F 9/48 140 A,,チェックポイントヘリターン
uploaded,新設,,G06F 9/48 140 Z,,その他
uploaded,新設,,G06F 9/48 150,,・・・・・タイマ割込み
uploaded,新設,,G06F 9/48 150 A,,タイマ補正
uploaded,新設,,G06F 9/48 150 Z,,その他
uploaded,新設,,G06F 9/48 200,,・・・・・優先割込み
uploaded,新設,,G06F 9/48 200 D,,プログラムレベルの切換制御
uploaded,新設,,G06F 9/48 200 Z,,その他
uploaded,新設,,G06F 9/48 210,,・・・・・・優先回路
uploaded,新設,,G06F 9/48 220,,・・・・・・優先順位を可変とするもの
uploaded,新設,,G06F 9/48 220 A,,均等割当，例．ラウンドロビン
uploaded,新設,,G06F 9/48 220 B,,緊急割込み
uploaded,新設,,G06F 9/48 220 C,,処理要求に応じた割当
uploaded,新設,,G06F 9/48 220 D,,時間に依存して可変とするもの，例．待ち時間に応じた割当
uploaded,新設,,G06F 9/48 220 E,,優先回路の切換
uploaded,新設,,G06F 9/48 220 F,,メモリを用いた優先回路
uploaded,新設,,G06F 9/48 220 G,,プログラムによる優先度指定，例．優先レジスタ
uploaded,新設,,G06F 9/48 220 Z,,その他
uploaded,新設,,G06F 9/48 230,,・・・・・・先着優先
uploaded,新設,,G06F 9/48 300,,・・・・スケジューリング，タスクディスパッチ（割込み制御はＧ０６Ｆ９／４８，１００優先）
uploaded,新設,,G06F 9/48 300 A,,ジョブスケジューリング，例．カレンダーを用いた起動指定
uploaded,新設,,G06F 9/48 300 B,,優先順位を可変としたもの（割込み制御はＧ０６Ｆ９／４８，２２０優先）
uploaded,新設,,G06F 9/48 300 C,,待ち行列の処理，例．デキュー，エンキューまたは複数のキューの切換／操作
uploaded,新設,,G06F 9/48 300 D,,時分割
uploaded,新設,,G06F 9/48 300 E,,・時分割単位を可変としたもの
uploaded,新設,,G06F 9/48 300 F,,デッドラインに基づくもの
uploaded,新設,,G06F 9/48 300 G,,負荷状態に基づくもの（処理配分はＧ０６Ｆ９／５０，１５０優先）
uploaded,新設,,G06F 9/48 300 H,,タスクに属性を付加したもの，例．実行条件，権限または初期値
uploaded,新設,,G06F 9/48 300 J,,タスク，プロセス等の監視
uploaded,新設,,G06F 9/48 300 Z,,その他
uploaded,新設,,G06F 9/48 350,,・・・・情報退避，タスクコンテキスト退避
uploaded,新設,,G06F 9/48 350 A,,情報の部分退避
uploaded,新設,,G06F 9/48 350 B,,スタック，レジスタを用いるもの
uploaded,新設,,G06F 9/48 350 C,,・レジスタ切換，例．複数組レジスタを有するもの
uploaded,新設,,G06F 9/48 350 D,,・レジスタ切換と退避の併用
uploaded,新設,,G06F 9/48 350 E,,プログラムカウンタの切換
uploaded,新設,,G06F 9/48 350 Z,,その他
uploaded,新設,,G06F 9/48 370,,・・・・タスクの相互制御；タスク間連携（プログラム間通信はＧ０６Ｆ９／５４優先）
uploaded,新設,,G06F 9/05,,・・・リソースの割り当て，例．中央処理装置［ＣＰＵ］［７］
uploaded,新設,,G06F 9/05 120,,・・・・ハードウェア資源の管理
uploaded,新設,,G06F 9/05 120 A,,タスクへの割当
uploaded,新設,,G06F 9/05 120 B,,・優先順位に基づくもの
uploaded,新設,,G06F 9/05 120 Z,,その他
uploaded,新設,,G06F 9/05 150,,・・・・処理体に対する処理配分
uploaded,新設,,G06F 9/05 150 A,,処理体の特性に基づくもの，例．ハードウェア資源の機能または能力
uploaded,新設,,G06F 9/05 150 B,,・複数のサービスを組み合わせるもの
uploaded,新設,,G06F 9/05 150 C,,処理内容の特性に基づくもの
uploaded,新設,,G06F 9/05 150 D,,処理体の負荷状態に基づくもの
uploaded,新設,,G06F 9/05 150 E,,処理単位を分割するもの
uploaded,新設,,G06F 9/05 150 Z,,その他
uploaded,新設,,G06F 9/52,,・・・プログラム同期；相互排除，例．セマフォによるもの［７］
uploaded,新設,,G06F 9/52 120,,・・・・排他制御，例．ロックまたはセマフォ
uploaded,新設,,G06F 9/52 120 A,,デッドロック検出または回避
uploaded,新設,,G06F 9/52 120 B,,排他制御アルゴリズム
uploaded,新設,,G06F 9/52 120 Z,,その他
uploaded,新設,,G06F 9/52 150,,・・・・同期制御；一貫性維持
uploaded,新設,,G06F 9/52 150 A,,他のタスクの実行に合わせるもの，例．バリア同期
uploaded,新設,,G06F 9/52 150 B,,プロセス状態等の整合性を維持するもの
uploaded,新設,,G06F 9/52 150 C,,システム構成に依存せずデータの一貫性を維持するもの
uploaded,新設,,G06F 9/52 150 Z,,その他
uploaded,新設,,G06F 9/54,,・・・プログラム間通信［７］
uploaded,新設,,G06F 9/54 A,,共有データ領域を介するもの
uploaded,新設,,G06F 9/54 B,,メッセージキューを利用するもの
uploaded,新設,,G06F 9/54 C,,イベント
uploaded,新設,,G06F 9/54 D,,ＲＰＣ
uploaded,新設,,G06F 9/54 E,,メッセージ構造
uploaded,新設,,G06F 9/54 F,,メッセージ変換，例．ラッパーまたはブローカー
uploaded,新設,,G06F 9/54 Z,,その他
uploaded,新設,,G06F 12/0802,,・・・所望データまたはデータブロックへのアクセスが連想アドレシングを要求する，メモリレベルのアドレシング，例．キャッシュ［２０１６．０１］
uploaded,新設,,G06F 12/0804,,・・・・主メモリのアップデートを伴うもの（Ｇ０６Ｆ１２／０８０６が優先）［２０１６．０１］
uploaded,新設,,G06F 12/0804 100,,・・・・・キャッシュメモリからメインメモリへの転送または書戻し
uploaded,新設,,G06F 12/0804 105,,・・・・・ストアバッファ
uploaded,新設,,G06F 12/0804 107,,・・・・・・キャッシュメモリに対するストアバッファ
uploaded,新設,,G06F 12/0804 109,,・・・・・・ストアスルー制御用ストアバッファ
uploaded,新設,,G06F 12/0804 111,,・・・・・・ストアバッファからＣＰＵへの読み出し
uploaded,新設,,G06F 12/0806,,・・・・マルチユーザ，マルチプロセッサ，マルチプロセッシングのキャッシュ・システム［２０１６．０１］
uploaded,新設,,G06F 12/0806 100,,・・・・・マルチＣＰＵ関連（キャッシュメモリの一致制御はＧ０６Ｆ１２／０８１５が優先）
uploaded,新設,,G06F 12/0808,,・・・・・キャッシュ無効化手段を有するもの（Ｇ０６Ｆ１２／０８１５が優先）［２０１６．０１］
uploaded,新設,,G06F 12/0811,,・・・・・マルチレベルのキャッシュ階層を有するもの［２０１６．０１］
uploaded,新設,,G06F 12/0813,,・・・・・ネットワークまたはマトリクス構成を有するもの［２０１６．０１］
uploaded,新設,,G06F 12/0815,,・・・・・キャッシュ一貫性プロトコル［２０１６．０１］
uploaded,新設,,G06F 12/0817,,・・・・・・ディレクトリ手法を用いるもの［２０１６．０１］
uploaded,新設,,G06F 12/0831,,・・・・・・バス・スキームを用いるもの，例．バス監視またはウオッチ手段を有するもの［２０１６．０１］
uploaded,新設,,G06F 12/0831 100,,・・・・・・・主メモリ周辺アクセスのためのもの，例．Ｉ／ＯまたはＤＭＡ
uploaded,新設,,G06F 12/0837,,・・・・・・ソフトウエア制御を有するもの，例．ノンキャッシャブル・データ［２０１６．０１］
uploaded,新設,,G06F 12/084,,・・・・・共有キャッシュを有するもの［２０１６．０１］
uploaded,新設,,G06F 12/0842,,・・・・・マルチプロセッシングまたはマルチタスクのためのもの［２０１６．０１］
uploaded,新設,,G06F 12/0844,,・・・・複数同時または準同時キャッシュアクセシング［２０１６．０１］
uploaded,新設,,G06F 12/0846,,・・・・・同時アクセス可能な複数のタグまたはデータアレイを有するキャッシュ［２０１６．０１］
uploaded,新設,,G06F 12/0846 100,,・・・・・・分割されたキャッシュ，例．命令とオペランドを分離したキャッシュ
uploaded,新設,,G06F 12/0846 105,,・・・・・・・命令キャッシュとデータキャッシュ
uploaded,新設,,G06F 12/0846 110,,・・・・・・インターリーブ・アドレシングを伴うキャッシュ
uploaded,新設,,G06F 12/0853,,・・・・・マルチポートのタグまたはデータアレイを有するキャッシュ［２０１６．０１］
uploaded,新設,,G06F 12/0855,,・・・・・オーバーラップしたキャッシュアクセシング，例．パイプライン（Ｇ０６Ｆ１２／０８４６が優先）［２０１６．０１］
uploaded,新設,,G06F 12/0855 100,,・・・・・・複数のリクエスタによるもの
uploaded,新設,,G06F 12/0855 110,,・・・・・・主メモリからの再ロードを伴うもの
uploaded,新設,,G06F 12/0862,,・・・・プリフェッチを伴うもの［２０１６．０１］
uploaded,新設,,G06F 12/0862 100,,・・・・・通常のフェッチとは別にプリフェッチを起動するもの
uploaded,新設,,G06F 12/0862 105,,・・・・・アクセス履歴によりプリフェッチ対象を定めるもの
uploaded,新設,,G06F 12/0862 110,,・・・・・命令セットにキャッシュ操作命令があるもの
uploaded,新設,,G06F 12/0864,,・・・・擬似連想手段，例．セットアソシアティブ，ハッシング，を有するもの［２０１６．０１］
uploaded,新設,,G06F 12/0866,,・・・・周辺記憶システム，例．ディスクキャッシュ，のためのもの［２０１６．０１］
uploaded,新設,,G06F 12/0866 100,,・・・・・ディスクキャッシュメモリ
uploaded,新設,,G06F 12/0866 105,,・・・・・チャネル関連
uploaded,新設,,G06F 12/0868,,・・・・・キャッシュメモリとその他のサブシステム，例．ストレージ装置またはホストシステム，の間のデータ転送［２０１６．０１］
uploaded,新設,,G06F 12/0868 100,,・・・・・・ディスクキャッシュメモリ・ディスク装置間データ転送
uploaded,新設,,G06F 12/0868 105,,・・・・・・・ディスクキャッシュメモリからディスク装置への転送または書戻し
uploaded,新設,,G06F 12/0868 110,,・・・・・・・ディスク装置からディスクキャッシュメモリへの転送
uploaded,新設,,G06F 12/0871,,・・・・・キャッシュ空間の割り当てまたは管理［２０１６．０１］
uploaded,新設,,G06F 12/0871 100,,・・・・・・コンパイラによる制御
uploaded,新設,,G06F 12/0873,,・・・・・特定のストレージ装置またはストレージ装置の部分への，キャッシュメモリのマッピング［２０１６．０１］
uploaded,新設,,G06F 12/0875,,・・・・専用キャッシュ，例．命令またはスタック，を有するもの［２０１６．０１］
uploaded,新設,,G06F 12/0875 100,,・・・・・限定されたデータのためのもの
uploaded,新設,,G06F 12/0875 102,,・・・・・・ベクトルデータ用
uploaded,新設,,G06F 12/0875 104,,・・・・・・行列データ用
uploaded,新設,,G06F 12/0875 106,,・・・・・・画像データ用
uploaded,新設,,G06F 12/0875 108,,・・・・・・スタックデータ用
uploaded,新設,,G06F 12/0875 110,,・・・・・・マイクロプログラム用
uploaded,新設,,G06F 12/0877,,・・・・キャッシュアクセスモード［２０１６．０１］
uploaded,新設,,G06F 12/0877 100,,・・・・・非整列データの読出しまたは書込み
uploaded,新設,,G06F 12/0877 105,,・・・・・部分書込み
uploaded,新設,,G06F 12/0877 107,,・・・・・・キャッシュメモリに対する部分書き込み
uploaded,新設,,G06F 12/0877 109,,・・・・・・メインメモリに対する部分書き込みにキャッシュメモリを利用するもの
uploaded,新設,,G06F 12/0879,,・・・・・バーストモード［２０１６．０１］
uploaded,新設,,G06F 12/0882,,・・・・・ページモード［２０１６．０１］
uploaded,新設,,G06F 12/0884,,・・・・・パラレルモード，例．主メモリまたはＣＰＵとの並行処理［２０１６．０１］
uploaded,新設,,G06F 12/0886,,・・・・・可変長語のアクセス［２０１６．０１］
uploaded,新設,,G06F 12/0888,,・・・・選択的なキャッシュ処理を用いるもの，例．バイパス［２０１６．０１］
uploaded,新設,,G06F 12/0888 100,,・・・・・メモリのバイパス
uploaded,新設,,G06F 12/0888 102,,・・・・・・特定のデータをキャッシュメモリに格納しない制御に関するもの
uploaded,新設,,G06F 12/0888 104,,・・・・・・キャッシュメモリを迂回してＣＰＵ方向にデータを転送する制御に関するもの
uploaded,新設,,G06F 12/0891,,・・・・クリア，無効化またはリセット手段を用いるもの［２０１６．０１］
uploaded,新設,,G06F 12/0893,,・・・・編成または構造により特徴づけられるキャッシュ［２０１６．０１］
uploaded,新設,,G06F 12/0893 100,,・・・・・メインメモリシステム内のキャッシュメモリ
uploaded,新設,,G06F 12/0893 105,,・・・・・チップに特徴のあるもの
uploaded,新設,,G06F 12/0893 107,,・・・・・・キャッシュメモリの素子に特徴があるもの
uploaded,新設,,G06F 12/0893 109,,・・・・・・チップ端子に特徴のあるもの
uploaded,新設,,G06F 12/0893 111,,・・・・・・チップ上の配置に特徴のあるもの
uploaded,新設,,G06F 12/0895,,・・・・・キャッシュの部分のためのもの，例．ディレクトリまたはタグアレイ［２０１６．０１］
uploaded,新設,,G06F 12/0895 100,,・・・・・・タグ，ディレクトリ
uploaded,新設,,G06F 12/0895 102,,・・・・・・・ブロックサイズが可変なもの
uploaded,新設,,G06F 12/0895 104,,・・・・・・・異種ブロックサイズの混在
uploaded,新設,,G06F 12/0895 106,,・・・・・・・写像が可変なもの
uploaded,新設,,G06F 12/0895 108,,・・・・・・・インデックスアドレス選択
uploaded,新設,,G06F 12/0895 110,,・・・・・・・タグ情報の更新に特徴のあるもの
uploaded,新設,,G06F 12/0895 112,,・・・・・・・置換制御用タグビット
uploaded,新設,,G06F 12/0895 114,,・・・・・・・一致制御用タグビット
uploaded,新設,,G06F 12/0895 116,,・・・・・・・アクセス位置の予測
uploaded,新設,,G06F 12/0895 118,,・・・・・・・ブロックの一部のデータのみの格納
uploaded,新設,,G06F 12/0895 120,,・・・・・・・コピータグメモリ
uploaded,新設,,G06F 12/0897,,・・・・・複数のキャッシュ階層レベルを有するもの（マルチレベルのキャッシュ階層を有するものＧ０６Ｆ１２／０８１１）［２０１６．０１］
uploaded,新設,,G06F 12/0897 100,,・・・・・・キャッシュ間で包含関係のあるもの
uploaded,新設,,G06F 12/0897 105,,・・・・・・キャッシュ間でデータの重複が少ないもの
uploaded,新設,,G06F 12/0897 110,,・・・・・・他から追い出されたデータを格納するキャッシュメモリ
uploaded,新設,,G06F 12/0897 115,,・・・・・・２次キャッシュがメモリバスに直接接続されていないもの
uploaded,新設,,G06F 12/0897 120,,・・・・・・２次キャッシュメモリが共有されているもの
uploaded,新設,,G06F 12/1009,,・・・・ページテーブル，例．ページテーブル構造，を用いるもの［２０１６．０１］
uploaded,新設,,G06F 12/1009 100,,・・・・・ページフォールト
uploaded,新設,,G06F 12/1009 105,,・・・・・ページに対するＲビットとＣビット
uploaded,新設,,G06F 12/1018,,・・・・・ハッシング技術，例．逆引きページテーブル，を含むもの［２０１６．０１］
uploaded,新設,,G06F 12/1027,,・・・・連想または擬似連想アドレス変換手段，例．変換索引バッファ［ＴＬＢ］，を用いるもの［２０１６．０１］
uploaded,新設,,G06F 12/1027 100,,・・・・・ＴＬＢの無効化
uploaded,新設,,G06F 12/1027 105,,・・・・・ＴＬＢが複数あるもの
uploaded,新設,,G06F 12/1027 110,,・・・・・・命令用ＴＬＢとデータ用ＴＬＢ
uploaded,新設,,G06F 12/1027 115,,・・・・・・階層ＴＬＢ
uploaded,新設,,G06F 12/1027 120,,・・・・・ＴＬＢミスヒット時の処理
uploaded,新設,,G06F 12/1036,,・・・・・複数の仮想アドレス空間，例．セグメンテーション，のためのもの（Ｇ０６Ｆ１２／１０４５が優先）［２０１６．０１］
uploaded,新設,,G06F 12/1036 100,,・・・・・・仮想計算機のためのもの
uploaded,新設,,G06F 12/1045,,・・・・・データキャッシュと結合するもの［２０１６．０１］
uploaded,新設,,G06F 12/1072,,・・・・分散アドレス変換，例．分散共有メモリ・システムにおけるもの［２０１６．０１］
uploaded,新設,,G06F 12/1081,,・・・・主メモリへの周辺アクセス，例．ダイレクトメモリーアクセス［ＤＭＡ］，のためのもの［２０１６．０１］
uploaded,新設,,G06F 12/109,,・・・・複数の仮想アドレス空間，例．セグメンテーション，のためのもの（Ｇ０６Ｆ１２／１０３６が優先）［２０１６．０１］
uploaded,新設,,G06F 12/109 100,,・・・・・共有空間制御に特徴のあるもの
uploaded,新設,,G06F 12/109 105,,・・・・・アクセスレジスタ変換
uploaded,新設,,G06F 12/109 110,,・・・・・仮想計算機のためのもの
uploaded,新設,,G06F 12/109 115,,・・・・・・実メモリの分割割当
uploaded,新設,,G06F 12/109 120,,・・・・・・ホスト仮想空間の分割割当
uploaded,新設,,G06F 12/121,,・・・・置換アルゴリズムを用いるもの［２０１６．０１］
uploaded,新設,,G06F 12/121 100,,・・・・・置換制御の動的変更
uploaded,新設,,G06F 12/122,,・・・・・使用頻度が最小［ＬＦＵ］のタイプのもの，例．個々の計数値をもつもの［２０１６．０１］
uploaded,新設,,G06F 12/123,,・・・・・年齢リストを有するもの，例．キュー，ｍｏｓｔ　ｒｅｃｅｎｔｌｙ　ｕｓｅｄ［ＭＲＵ］リストまたはｌｅａｓｔ　ｒｅｃｅｎｔｌｙ　ｕｓｅｄ［ＬＲＵ］リスト［２０１６．０１］
uploaded,新設,,G06F 12/126,,・・・・・特別なデータの取り扱いを有するもの，例．データまたは命令の優先度，エラーの取り扱い，固定［２０１６．０１］
uploaded,新設,,G06F 12/126 100,,・・・・・・データの優先度に基づくもの
uploaded,新設,,G06F 12/126 105,,・・・・・・データの常駐化
uploaded,新設,,G06F 12/127,,・・・・・・追加の置換アルゴリズムを用いるもの［２０１６．０１］
uploaded,新設,,G06F 12/128,,・・・・・多次元キャッシュ・システムに適合させたもの，例．セットアソシアティブ，マルチキャッシュ，マルチセットまたはマルチレベル［２０１６．０１］
uploaded,新設,,G11C 29/00 401,,・シリアルメモリにおけるもの
uploaded,新設,,G11C 29/00 402,,・ウェハスケールレベルのもの，すなわち，ＷＳＩ（製造中の試験および構成のためのものＨ０１Ｌ２１／６６）
uploaded,新設,,G11C 29/00 404,,・スペアまたは再構成を用いるメモリ内の故障のマスキング
uploaded,新設,,G11C 29/00 406,,・・周辺回路を置換することによるもの，例．故障したものの代わりに用いられるスペア電圧生成器，デコーダ，またはセンスアンプ
uploaded,新設,,G11C 29/00 408,,・・最適な置換アルゴリズムと共に用いられるもの
uploaded,新設,,G11C 29/00 410,,・・二重メモリを用いるもの，例．二重コピーを用いるもの
uploaded,新設,,G11C 29/00 412,,・・アドレス変換または変更を用いるもの
uploaded,新設,,G11C 29/00 414,,・・・ソリッドステートディスク内のもの
uploaded,新設,,G11C 29/00 416,,・・プログラマブルデバイスを用いるもの
uploaded,新設,,G11C 29/00 418,,・・・冗長デコーダと組み合わせるもの
uploaded,新設,,G11C 29/00 420,,・・・置換セルのリフレッシュを行うもの，例．ＤＲＡＭ内
uploaded,新設,,G11C 29/00 422,,・・・冗長プログラミングスキーム
uploaded,新設,,G11C 29/00 424,,・・・・階層的なヒューズを用いるもの（ヒューズを用いたメモリ一般Ｇ１１Ｃ１７／１６）
uploaded,新設,,G11C 29/00 426,,・・・・不揮発性セルまたはラッチを用いるもの（消去可能なプログラム可能なメモリセル一般Ｇ１１Ｃ１７／００）
uploaded,新設,,G11C 29/00 428,,・・・改良されたレイアウト
uploaded,新設,,G11C 29/00 454,,・・・消費電力の削減
uploaded,新設,,G11C 29/00 456,,・・・・故障した要素の切り離し
uploaded,新設,,G11C 29/00 458,,・・・冗長置換のためのロールコール配置
uploaded,新設,,G11C 29/00 460,,・・・故障したスペアの置換
uploaded,新設,,G11C 29/00 462,,・・・改良されたアクセス時間または安定性
uploaded,新設,,G11C 29/00 464,,・・・・信号経路に遅延を挿入することによるもの
uploaded,新設,,G11C 29/00 466,,・・・・デコーダのステージを分割することによるもの
uploaded,新設,,G11C 29/00 468,,・・・・出力段において冗長線を選択するもの
uploaded,新設,,G11C 29/00 470,,・・・・隣接スイッチングによるもの
uploaded,新設,,G11C 29/00 472,,・・シリアルアクセスメモリ内のもの，例．シフトレジスタ，ＣＣＤまたはバブルメモリ
uploaded,新設,,G11C 29/00 474,,・・部分良品メモリにおけるもの
uploaded,新設,,G11C 29/00 476,,・・・一つの故障したメモリデバイスを，削減された容量，例．半分の容量，を有するメモリとして用いるもの
uploaded,新設,,G11C 29/00 478,,・・・複数の故障したメモリを連続したアドレス範囲を与えるように組み合わせるもの，例．一つのデバイスが他のデバイスにおける故障したブロックを置換するワーキングブロックを提供するもの
uploaded,新設,,G11C 29/02,,・故障した周辺回路の検出またはその位置の特定［８］
uploaded,新設,,G11C 29/02 100,,・・電圧または電流生成器におけるもの
uploaded,新設,,G11C 29/02 110,,・・Ｉ／Ｏ回路におけるもの
uploaded,新設,,G11C 29/02 120,,・・クロック生成器またはタイミング回路におけるもの
uploaded,新設,,G11C 29/02 130,,・・デコーダにおけるもの
uploaded,新設,,G11C 29/02 140,,・・信号線におけるもの
uploaded,新設,,G11C 29/02 150,,・・センスアンプにおけるもの
uploaded,新設,,G11C 29/02 160,,・・ヒューズにおけるもの
uploaded,新設,,G11C 29/02 170,,・・適合またはパラメータのトリミングを伴うもの
uploaded,新設,,G11C 29/04,,・故障したメモリ素子の検出またはその位置の特定［８］
uploaded,新設,,G11C 29/06,,・・加速試験［８］
uploaded,新設,,G11C 29/08,,・・機能試験，例．リフレッシュ中の試験，パワーオン・セルフテスト［ＰＯＳＴ］，または分散テスト［８］
uploaded,新設,,G11C 29/01,,・・・テストアルゴリズム，例．メモリスキャン［ＭＳｃａｎ］アルゴリズム；テストパターン，例．チェックボードパターン［８］
uploaded,新設,,G11C 29/01 100,,・・・・テストパターン
uploaded,新設,,G11C 29/01 110,,・・・・・パターン生成に特徴のあるもの
uploaded,新設,,G11C 29/01 120,,・・・・・・チェッカーボードパターン
uploaded,新設,,G11C 29/01 130,,・・・・・・ランダムパターン
uploaded,新設,,G11C 29/01 140,,・・・・・・アドレスからの生成
uploaded,新設,,G11C 29/01 150,,・・・・・アドレスハミング距離
uploaded,新設,,G11C 29/01 160,,・・・・・アドレス変換
uploaded,新設,,G11C 29/12,,・・・試験のための組み込み装置，例．組み込み自己テスト［ＢＩＳＴ］［８］
uploaded,新設,,G11C 29/14,,・・・・制御データの実施，例．テストモードのデコーダー［８］
uploaded,新設,,G11C 29/16,,・・・・・マイクロプログラム方式のユニットを使用するもの，例．ステートマシン［８］
uploaded,新設,,G11C 29/18,,・・・・アドレス作成装置；メモリにアクセスするための装置，例．アドレス回路の細部［８］
uploaded,新設,,G11C 29/18 100,,・・・・・アドレスデコーダ
uploaded,新設,,G11C 29/18 120,,・・・・・アドレス変換またはマッピング，例．論理物理アドレス変換
uploaded,新設,,G11C 29/02,,・・・・・カウンタまたは線形フィードバックシフトレジスタ［ＬＦＳＲ］を使用するもの［８］
uploaded,新設,,G11C 29/22,,・・・・・シリアルメモリへアクセスするもの［８］
uploaded,新設,,G11C 29/24,,・・・・・補助的なセルへアクセスするもの，例．ダミーセルまたは冗長セル［８］
uploaded,新設,,G11C 29/26,,・・・・・マルチプルアレイへアクセスするもの（Ｇ１１Ｃ２９／２４が優先）［８］
uploaded,新設,,G11C 29/26 100,,・・・・・・同時テスト
uploaded,新設,,G11C 29/28,,・・・・・・依存関係のあるマルチプルアレイ，例．マルチビットを持つアレイ［８］
uploaded,新設,,G11C 29/03,,・・・・・シングルアレイへアクセスするもの［８］
uploaded,新設,,G11C 29/32,,・・・・・・シリアルアクセス；スキャンテスト［８］
uploaded,新設,,G11C 29/32 100,,・・・・・・・スキャンチェーン
uploaded,新設,,G11C 29/34,,・・・・・・マルチビットに同時にアクセスするもの［８］
uploaded,新設,,G11C 29/36,,・・・・データ作成装置，例．データ変換器［８］
uploaded,新設,,G11C 29/38,,・・・・応答検証装置［８］
uploaded,新設,,G11C 29/04,,・・・・・圧縮技術を使用するもの［８］
uploaded,新設,,G11C 29/42,,・・・・・誤り訂正符号［ＥＣＣ］またはパリティチェックを使用するもの［８］
uploaded,新設,,G11C 29/44,,・・・・誤りの表示または識別，例．復旧のためのもの［８］
uploaded,新設,,G11C 29/44 100,,・・・・・自己修復のためのもの
uploaded,新設,,G11C 29/44 110,,・・・・・テスト結果，品質データ，チップＩＤまたは修復情報の内部ストレージ
uploaded,新設,,G11C 29/46,,・・・・テストトリガーロジック［８］
uploaded,新設,,G11C 29/48,,・・・記憶装置の外部の手段による試験に特に適した静的記憶装置にするもの，例．ダイレクトメモリアクセス［ＤＭＡ］を使用するもの，または周辺アクセス経路を使用するもの（外部試験装置Ｇ１１Ｃ２９／５６）［８］
uploaded,新設,,G11C 29/05,,・・マージン試験，例．タイミング，電圧，または電流試験［８］
uploaded,新設,,G11C 29/05 100,,・・・閾値電圧のマージン試験
uploaded,新設,,G11C 29/05 110,,・・・インピーダンスのマージン試験
uploaded,新設,,G11C 29/05 120,,・・・タイミングのマージン試験
uploaded,新設,,G11C 29/05 130,,・・・リテンションのマージン試験
uploaded,新設,,G11C 29/05 150,,・・・電圧のマージン試験
uploaded,新設,,G11C 29/52,,・メモリ内容の保護；メモリ内容の誤りの検出［８］
uploaded,新設,,G11C 29/54,,・試験回路を設計するための装置，例．テスト容易化設計［ＤＦＴ］ツール［８］
uploaded,新設,,G11C 29/56,,・静的記憶のための外部試験装置，例．自動検査装置［ＡＴＥ］；そのインターフェース［８］
uploaded,新設,,G11C 29/56 100,,・・パターン生成器
uploaded,新設,,G11C 29/56 105,,・・エラー分析，エラーの表現
uploaded,新設,,G11C 29/56 110,,・・タイミングの側面，クロック生成または同期
uploaded,新設,,G11C 29/56 135,,・・並列試験
uploaded,新設,,G11C 29/56 140,,・・高速化
uploaded,新設,,G11C 29/56 155,,・・試験結果の圧縮
uploaded,新設,,G21C 1/00 100,,・特殊な炉型の原子炉
uploaded,新設,,G21C 1/00 200,,・設置場所に特徴のある原子炉
uploaded,新設,,G21C 1/00 210,,・・海洋に設置されるもの
uploaded,新設,,G21C 1/00 220,,・・地下に設置されるもの
uploaded,新設,,G21C 1/00 230,,・・宇宙衛星用原子炉
uploaded,新設,,G21C 1/02 100,,・・全体構造
uploaded,新設,,G21C 1/02 200,,・・原子炉容器内の構造
uploaded,新設,,G21C 1/02 210,,・・・炉心上部機構
uploaded,新設,,G21C 1/02 220,,・・・吊り胴
uploaded,新設,,G21C 1/02 230,,・・・原子炉容器内の熱交換器，ポンプに関連する構造
uploaded,新設,,G21C 1/02 231,,・・・・熱交換器のみに関連する構造
uploaded,新設,,G21C 1/02 240,,・・・内筒
uploaded,新設,,G21C 1/02 300,,・・二重タンク型高速増殖炉
uploaded,新設,,G21C 1/07 100,,・・・・全体構造
uploaded,新設,,G21C 1/07 110,,・・・・・燃料球の供給、排出のための構造
uploaded,新設,,G21C 1/02 100,,・・・・・・・全体構造（カランドリアタンクはＧ２１Ｃ１３／００Ａ）
uploaded,新設,,G21C 1/02 110,,・・・・・・・・圧力管，カランドリア管
uploaded,新設,,G21C 1/02 120,,・・・・・・・・蒸気ドラム，蒸気放出
uploaded,新設,,G21C 1/02 130,,・・・・・・・・断熱ガス，カバーガス
uploaded,新設,,G21C 1/02 200,,・・・・・・・研究用
uploaded,新設,,G21C 7/00 100,,・燃料ペレット対燃料被覆材の相互作用［ＰＣＩ］による燃料破損の防止に関するもの
uploaded,新設,,G21C 7/00 200,,・炉心における制御棒または燃料棒の配置に特徴のあるもの
uploaded,新設,,G21C 7/00 300,,・燃料の濃縮度変化によるもの
uploaded,新設,,G21C 7/08 100,,・・・制御棒の引抜監視に関するもの
uploaded,新設,,G21C 7/01 100,,・・・・グレーノーズ型制御棒に関するもの
uploaded,新設,,G21C 7/01 200,,・・・・制御棒の構成部材が着脱可能になっているもの
uploaded,新設,,G21C 7/01 300,,・・・・材料に特徴のあるもの（Ｇ２１Ｃ７／２４が優先）
uploaded,新設,,G21C 7/01 400,,・・・・中性子吸収材の移動を防止するようにしたもの
uploaded,新設,,G21C 7/01 500,,・・・・中性子吸収能力に分布をもたせたもの
uploaded,新設,,G21C 7/103,,・・・・１つ以上の吸収材のほかに，他の要素，例．燃料または減速材要素を含む制御集合体［５］
uploaded,新設,,G21C 7/107,,・・・・ペブルベッド原子炉に適合された制御要素［５］
uploaded,新設,,G21C 7/11,,・・・・変形可能な制御要素，例．可撓性，伸縮自在，関節式［５］
uploaded,新設,,G21C 7/113,,・・・・平板要素で作られた制御要素；制御要素が十字形の横断面をもつもの［５］
uploaded,新設,,G21C 7/117,,・・・・制御棒のクラスタ；スパイダー構造［５］
uploaded,新設,,G21C 7/12 100,,・・・・通常時は機械的駆動機構，異常時は液圧式または気圧式駆動機構を用いるもの
uploaded,新設,,G21C 7/12 200,,・・・・駆動機構にステップモータ，すなわちパルスモータ，を用いるもの
uploaded,新設,,G21C 7/12 300,,・・・・材料に特徴のあるもの材料に特徴のあるもの
uploaded,新設,,G21C 7/14 100,,・・・・・部材間の係合機構に関するもの
uploaded,新設,,G21C 7/14 110,,・・・・・・制御棒と制御棒駆動機構との係合に特徴のあるもの
uploaded,新設,,G21C 7/14 200,,・・・・・シールベローズに関するもの
uploaded,新設,,G21C 7/14 300,,・・・・・カバーガスに関するもの
uploaded,新設,,G21C 7/14 400,,・・・・・制御棒または制御棒案内管の浮き上がり防止機構に関するもの
uploaded,新設,,G21C 7/14 500,,・・・・・制御棒の流力振動抑制に関するもの
uploaded,新設,,G21C 7/14 600,,・・・・・駆動機構としてワイヤーロープを用いたもの
uploaded,新設,,G21C 7/14 700,,・・・・・駆動機構として可動コイルを用いたもの
uploaded,新設,,G21C 7/14 800,,・・・・・磁気ジャッキ式駆動機構を有するもの
uploaded,新設,,G21C 7/14 900,,・・・・・制御棒案内管に関するもの
uploaded,新設,,G21C 7/16 100,,・・・・・駆動機構の構造に関するもの
uploaded,新設,,G21C 7/16 110,,・・・・・制御棒と制御棒駆動機構との係合機構に特徴のあるもの
uploaded,新設,,G21C 7/16 120,,・・・・・付属関連装置
uploaded,新設,,G21C 7/16 200,,・・・・・液圧系または気圧系に関するもの
uploaded,新設,,G21C 7/16 210,,・・・・・水圧制御ユニット［ＨＣＵ］に関するもの
uploaded,新設,,G21C 7/16 300,,・・・・・制御棒案内管に関するもの
uploaded,新設,,G21C 7/16 400,,・・・・・制御棒の位置検出装置を備えたもの
uploaded,新設,,G21C 7/16 500,,・・・・・制御棒ハウジングに関するもの
uploaded,新設,,G21C 7/16 600,,・・・・・制御棒の速度制御に関するもの
uploaded,新設,,G21C 7/26 100,,・・再循環流量制御に関するもの
uploaded,新設,,G21C 7/27,,・・スペクトルシフト制御［５］
uploaded,新設,,G21C 7/32 100,,・・給水温度の制御によるもの
uploaded,新設,,G21C 9/00 100,,・気体の漏洩防止または減少
uploaded,新設,,G21C 9/004,,・圧力抑制［５］
uploaded,新設,,G21C 9/004 100,,・・蒸気の吹出口
uploaded,新設,,G21C 9/004 200,,・・支持または補強
uploaded,新設,,G21C 9/004 300,,・・水の浄化または水質改善
uploaded,新設,,G21C 9/004 400,,・・格納容器スプレー
uploaded,新設,,G21C 9/008,,・・破裂板またはダイアフラム［５］
uploaded,新設,,G21C 9/012,,・・熱蓄積によるものまたは蒸気凝縮によるもの，例．アイスコンデンサ［５］
uploaded,新設,,G21C 9/016,,・コアキャッチャー［５］
uploaded,新設,,G21C 9/027,,・・固体，例．粒状吸収体，の高速投入によるもの［５］
uploaded,新設,,G21C 9/033,,・・吸収流体によるもの［５］
uploaded,新設,,G21C 9/06,,・・爆発性ガスの蓄積を防止するための手段，例．再結合器［５］
uploaded,新設,,H01F 27/00 120,,・変成器の輸送を容易にするための装置
uploaded,新設,,H01F 27/00 140,,・インダクタンス，変成器またはこれらコイルの交換装置
uploaded,新設,,H01F 27/00 160,,・巻線の巻回の特別な配置または間隔をもつもの，例．所望の自己共振をうるもの
uploaded,新設,,H01F 27/00 180,,・温度補償をもつもの
uploaded,新設,,H01F 27/00 P,,信号用インダクタンスまたは変成器の細部
uploaded,新設,,H01F 27/00 Q,,・表示・識別
uploaded,新設,,H01F 27/00 R,,・ＬＬ
uploaded,新設,,H01F 27/00 S,,・ＬＣ等
uploaded,新設,,H01F 27/00 T,,・加熱
uploaded,新設,,H01F 27/02 120,,・・カプセル化，例．外被，容器内へ樹脂等を充填するもの
uploaded,新設,,H01F 27/02 150,,・・冷却に関する構造細部
uploaded,新設,,H01F 27/02 170,,・・電気回路との組合せに特に適合したもの，例．印刷回路基盤への搭載
uploaded,新設,,H01F 27/02 N,,信号用インダクタンスまたは変成器の容器，カバー
uploaded,新設,,H01F 27/06 101,,・・シャーシ，キャビネットへの取付け
uploaded,新設,,H01F 27/06 103,,・・配線基板への取付け
uploaded,新設,,H01F 27/06 105,,・・・空心コイルの基板への取付け
uploaded,新設,,H01F 27/08 101,,・・信号用インダクタンスまたは変成器における冷却，通風
uploaded,新設,,H01F 27/08 150,,・・周囲空気による冷却，例．風冷
uploaded,新設,,H01F 27/08 153,,・・・送風ファンをもつもの
uploaded,新設,,H01F 27/01 150,,・・・特別な液体または特別な配合液による冷却
uploaded,新設,,H01F 27/12 150,,・・・・合成した絶縁および不燃の液体による冷却
uploaded,新設,,H01F 27/23,,・腐食に対する保護［６］
uploaded,新設,,H01F 27/245,,・・薄板から作られたもの，例．結晶粒の方向づけられたもの（Ｈ０１Ｆ２７／２６が優先）［５］
uploaded,新設,,H01F 27/245 150,,・・・大型積層鉄心，例．電力用，変電用，送電用または配電用
uploaded,新設,,H01F 27/245 152,,・・・・多相の大型積層鉄心，例．電力用
uploaded,新設,,H01F 27/245 155,,・・・曲折した積層体を用いるもの，例．巻鉄心
uploaded,新設,,H01F 27/245 157,,・・・・カットコア型の巻鉄心
uploaded,新設,,H01F 27/25,,・・帯またはリボンから作られたもの（Ｈ０１Ｆ２７／２６が優先）［５］
uploaded,新設,,H01F 27/255,,・・粒子から作られたもの（Ｈ０１Ｆ２７／２６が優先）［５］
uploaded,新設,,H01F 27/26 130,,・・・鉄心締付具
uploaded,新設,,H01F 27/26 130 A,,大型積層鉄心の締付けまたは取付け
uploaded,新設,,H01F 27/26 130 B,,・当て板またはクランプに特徴のあるもの
uploaded,新設,,H01F 27/26 130 C,,・コイル押さえに特徴のあるもの
uploaded,新設,,H01F 27/26 130 D,,・ボルトまたはリベットに特徴のあるもの
uploaded,新設,,H01F 27/26 130 E,,・ベルトまたはテープに特徴のあるもの
uploaded,新設,,H01F 27/26 130 F,,・脚と絶縁筒との間の締付けに特徴のあるもの
uploaded,新設,,H01F 27/26 130 G,,・フォームフィット構造のもの
uploaded,新設,,H01F 27/26 130 K,,小型積層鉄心の締付けまたは取付け
uploaded,新設,,H01F 27/26 130 L,,・コ字状枠を用いるもの
uploaded,新設,,H01F 27/26 130 Q,,・フェライトコアまたは粉末成型コアの締付けまたは取付け
uploaded,新設,,H01F 27/26 130 S,,巻鉄心の締付けまたは取付け
uploaded,新設,,H01F 27/26 130 T,,・ベルトまたはテープによる巻鉄心の締付けまたは取付け
uploaded,新設,,H01F 27/26 130 U,,複数のブロック鉄心を積んだものの締付けまたは取付け
uploaded,新設,,H01F 27/26 130 W,,信号用インダクタンスまたは変成器におけるコアの取付け，固着，締付け
uploaded,新設,,H01F 27/26 130 Z,,その他
uploaded,新設,,H01F 27/26 160,,・・・容器または支持物上への鉄心締付けまたは装着（コイルＨ０１Ｆ２７／３０）
uploaded,新設,,H01F 27/28 104,,・・印刷巻線
uploaded,新設,,H01F 27/28 123,,・・ワイヤ（Ｈ０１Ｆ２７／２８，１６６が優先）
uploaded,新設,,H01F 27/28 128,,・・・導電接続の構造，リードの構造
uploaded,新設,,H01F 27/28 131,,・・・・コイルボビンのリード線
uploaded,新設,,H01F 27/28 133,,・・・・モールドコイルのリード線
uploaded,新設,,H01F 27/28 135,,・・・・相間接続
uploaded,新設,,H01F 27/28 147,,・・薄板，ストリップ，例．平角導体（Ｈ０１Ｆ２７／２８，１６６が優先）
uploaded,新設,,H01F 27/28 152,,・・・導電接続の構造，リードの構造
uploaded,新設,,H01F 27/28 154,,・・・・コイルボビンのリード線
uploaded,新設,,H01F 27/28 156,,・・・・モールドコイルのリード線
uploaded,新設,,H01F 27/28 157,,・・・・相間接続
uploaded,新設,,H01F 27/28 166,,・・ワイヤおよび薄板の組合せ
uploaded,新設,,H01F 27/28 171,,・・パンケーキコイル
uploaded,新設,,H01F 27/28 176,,・・冷却（変成器およびインダクタンス冷却一般Ｈ０１Ｆ２７／０８）
uploaded,新設,,H01F 27/28 177,,・・・箔巻コイルの冷却
uploaded,新設,,H01F 27/28 179,,・・・外鉄型変圧器の冷却
uploaded,新設,,H01F 27/28 180,,・・シールド
uploaded,新設,,H01F 27/28 185,,・・・シールドまたは電極を有するもの（パンケーキコイル用シールドまたは電極Ｈ０１Ｆ２７／２８，１７１；電気または磁気シールドまたは遮蔽の構造Ｈ０１Ｆ２７／３６の施工）
uploaded,新設,,H01F 27/28 190,,・・・補助巻線を有するもの（パンケーキコイル用Ｈ０１Ｆ２７／２８，１７１）
uploaded,新設,,H01F 27/28 195,,・・リングコアに配列された巻線
uploaded,新設,,H01F 27/28 N,,・箔巻コイルのリード線
uploaded,新設,,H01F 27/28 S,,信号用インダクタンスまたは変成器のコイル用線材
uploaded,新設,,H01F 27/29,,・・端子；タップ配置［６］
uploaded,新設,,H01F 27/29 120,,・・・表面実装装置，例．チップ型端子
uploaded,新設,,H01F 27/29 123,,・・・・導電膜型チップ端子
uploaded,新設,,H01F 27/29 125,,・・・・金属板型チップ端子
uploaded,新設,,H01F 27/29 127,,・・・・キャップ型チップ端子
uploaded,新設,,H01F 27/29 A,,タップ
uploaded,新設,,H01F 27/29 F,,コアに直接端子を取り付けたもの
uploaded,新設,,H01F 27/29 G,,・ドラム型又は棒状コアの両端に取り付けたもの
uploaded,新設,,H01F 27/29 H,,巻線の端末をリード端子としたもの
uploaded,新設,,H01F 27/29 J,,端子台に端子を取り付けたもの
uploaded,新設,,H01F 27/29 N,,・ボビンと一体化された端子台
uploaded,新設,,H01F 27/29 P,,リード線の引出し
uploaded,新設,,H01F 27/29 Q,,・帯状リード線の引出し
uploaded,新設,,H01F 27/29 R,,箔巻コイルの端子
uploaded,新設,,H01F 27/29 S,,ワイヤを用いたコイルにおける端子の構造
uploaded,新設,,H01F 27/29 T,,・コイルボビンの端子
uploaded,新設,,H01F 27/29 U,,・モールドコイルの端子
uploaded,新設,,H01F 27/29 V,,薄板，ストリップを用いたコイルにおける端子の構造
uploaded,新設,,H01F 27/29 W,,・コイルボビンの端子
uploaded,新設,,H01F 27/29 X,,・モールドコイルの端子
uploaded,新設,,H01F 27/29 Z,,その他
uploaded,新設,,H01F 27/03 101,,・・・信号用インダクタンスまたは変成器における取付け
uploaded,新設,,H01F 27/03 101 A,,取付け
uploaded,新設,,H01F 27/03 101 B,,・ボビンの基板への取付け
uploaded,新設,,H01F 27/03 101 C,,・ボビンとコアとの固着
uploaded,新設,,H01F 27/03 101 H,,・同調器の取付け
uploaded,新設,,H01F 27/03 101 J,,・バーアンテナの取付け
uploaded,新設,,H01F 27/03 101 Z,,その他
uploaded,新設,,H01F 27/03 130,,・・・コイル，巻線またはその一部の装着
uploaded,新設,,H01F 27/03 160,,・・・コイルの固定，実装，またはコアへの巻線，ケーシング，またはその他サポート
uploaded,新設,,H01F 27/32 101,,・・・信号用インダクタンスまたは変成器における外被
uploaded,新設,,H01F 27/32 103,,・・・・モールド
uploaded,新設,,H01F 27/32 105,,・・・・フィルム，チューブ
uploaded,新設,,H01F 27/32 110,,・・・絶縁のためだけの液体を使用しているもの
uploaded,新設,,H01F 27/32 120,,・・・液体循環用チャネルを形成する絶縁
uploaded,新設,,H01F 27/32 130,,・・・巻線間，巻線層間の絶縁
uploaded,新設,,H01F 27/32 140,,・・・コイルとコア間，異なる巻線部間，コイル周囲の絶縁；その他の絶縁構造
uploaded,新設,,H01F 27/32 150,,・・・・コイルボビン（コイル巻枠一般Ｈ０１Ｆ５／０２）
uploaded,新設,,H01F 27/32 160,,・・・・特に放電ランプ安定器に適したもの
uploaded,新設,,H01F 27/32 170,,・・・カプセル化または含浸，例．モールド（コイルおよびコアのカプセル化Ｈ０１Ｆ２７／０２，１２０）
uploaded,新設,,H01F 27/34 110,,・・無負荷損，無効電流を阻止または軽減する手段
uploaded,新設,,H01F 27/34 130,,・・サージ電圧，発振を阻止または軽減する手段
uploaded,新設,,H01F 27/34 150,,・・・補助導体を用いるもの
uploaded,新設,,H01F 27/34 160,,・・漏れ磁界を阻止または軽減する手段（磁気遮蔽を用いるものＨ０１Ｆ２７／３６，１５０；補助巻線を用いるものＨ０１Ｆ２７／３８）
uploaded,新設,,H01F 27/36 101,,・・・信号用インダクタンスまたは変成器の静電または電磁シールド
uploaded,新設,,H01F 27/36 120,,・・・電気的シールドまたは遮へい体，例．静電シールド「図」
uploaded,新設,,H01F 27/36 121,,・・・・容器の静電シールド
uploaded,新設,,H01F 27/36 123,,・・・・巻線間の静電シールド
uploaded,新設,,H01F 27/36 125,,・・・・・小型機器の巻線間の静電シールド
uploaded,新設,,H01F 27/36 127,,・・・・巻線端部の静電シールド，例．シールドリング
uploaded,新設,,H01F 27/36 129,,・・・・鉄心の静電シールド「図」
uploaded,新設,,H01F 27/36 150,,・・・磁気シールドまたは遮へい体
uploaded,新設,,H01F 27/36 151,,・・・・大型機器の容器の磁気シールド
uploaded,新設,,H01F 27/36 152,,・・・・・容器の接合部，角部または貫通孔の磁気シールド
uploaded,新設,,H01F 27/36 154,,・・・・小型機器の容器の磁気シールド「図」
uploaded,新設,,H01F 27/36 155,,・・・・・ショートリングによる磁気シールド「図」
uploaded,新設,,H01F 27/36 157,,・・・・巻線間の磁気シールド「図」
uploaded,新設,,H01F 27/36 158,,・・・・巻線端部の磁気シールド「図」
uploaded,新設,,H01F 27/36 159,,・・・・巻線端部の磁気シールド「図」
uploaded,新設,,H01F 27/36 170,,・・・・非磁性遮へい体を用いるもの
uploaded,新設,,H01F 27/38 150,,・・・高調波を軽減するためのもの
uploaded,新設,,H01F 27/04 120,,・・測定または保護手段の組合せ，例．熱素子
uploaded,新設,,H01F 27/42 101,,・・信号用インダクタンスまたは変成器のためのもの
uploaded,新設,,H01F 27/42 120,,・・計器用変成器のためのもの
uploaded,新設,,H01F 27/42 150,,・・・電圧変成器のためのもの
uploaded,新設,,H01F 27/42 170,,・・・電流変成器のためのもの
uploaded,新設,,H01G 2/00,,グループＨ０１Ｇ４／００～Ｈ０１Ｇ１１／００のうちの１つのグループにも包含されないコンデンサの細部［６］
uploaded,新設,,H01G 2/00 101,,・コンデンサの電気的特性を修正または補償するための回路（インピーダンス回路網Ｈ０３Ｈ）
uploaded,新設,,H01G 2/02,,・取り付け［６］
uploaded,新設,,H01G 2/02 101,,・・取付機構を有するもの
uploaded,新設,,H01G 2/02 101 A,,取付けバンドを用いたもの
uploaded,新設,,H01G 2/02 101 B,,取付け容器を用いたもの
uploaded,新設,,H01G 2/02 101 C,,取付け具を用いたもの（Ｈ０１Ｇ２／０２　１０１Ａ，Ｂ優先）
uploaded,新設,,H01G 2/02 101 D,,コンデンサ素子収納ケース自体に取付け部を形成したもの
uploaded,新設,,H01G 2/02 101 E,,複数のコンデンサの取付け，例．アレイまたはモジュール
uploaded,新設,,H01G 2/02 101 Z,,その他のもの
uploaded,新設,,H01G 2/04,,・・特にシャーシーへの取り付けに適合するもの［６］
uploaded,新設,,H01G 2/06,,・・特に印刷回路基板への取り付けに適合するもの［６］
uploaded,新設,,H01G 2/06 500,,・・・表面実装，例．チップコンデンサ
uploaded,新設,,H01G 2/06 501,,・・・・素子自体を印刷回路基板の孔に取付けるもの
uploaded,新設,,H01G 2/06 A,,リード型素子を取付けるもの
uploaded,新設,,H01G 2/06 B,,・リードに加工を施したもの
uploaded,新設,,H01G 2/06 C,,印刷回路基板自体に特徴を有するもの
uploaded,新設,,H01G 2/06 Z,,その他のもの
uploaded,新設,,H01G 2/08,,・冷却装置；加熱装置；通気装置［６］
uploaded,新設,,H01G 2/08 A,,放熱または冷却に関するもの
uploaded,新設,,H01G 2/08 B,,油量調整に関するもの
uploaded,新設,,H01G 2/08 Z,,その他のもの
uploaded,新設,,H01G 2/01,,・容器；外装［６］
uploaded,新設,,H01G 2/01 300,,・・封止，例．リード線；蓋
uploaded,新設,,H01G 2/01 301,,・・・封口
uploaded,新設,,H01G 2/01 600,,・・容器内でのコンデンサの固着
uploaded,新設,,H01G 2/01 A,,電力用コンデンサ
uploaded,新設,,H01G 2/01 B,,締付
uploaded,新設,,H01G 2/01 C,,容器
uploaded,新設,,H01G 2/01 D,,・筒状容器
uploaded,新設,,H01G 2/01 E,,・油入容器
uploaded,新設,,H01G 2/01 J,,被覆
uploaded,新設,,H01G 2/01 K,,・モールド
uploaded,新設,,H01G 2/01 L,,・被覆筒体の封口
uploaded,新設,,H01G 2/01 M,,カバー，保護ケース
uploaded,新設,,H01G 2/01 P,,固体コンデンサ以外の形式のコンデンサにも適用されるもの
uploaded,新設,,H01G 2/01 Q,,・・浸漬によるもの，例．ディッピング
uploaded,新設,,H01G 2/01 R,,・・型でモールドするもの
uploaded,新設,,H01G 2/01 Z,,その他のもの（チップ枠Ｈ０１Ｇ２／０６）
uploaded,新設,,H01G 2/12,,・腐食に対する保護（Ｈ０１Ｇ２／１０が優先）［６］
uploaded,新設,,H01G 2/14,,・電気的または熱的過負荷に対する保護（冷却によるものＨ０１Ｇ２／０８）［６］
uploaded,新設,,H01G 2/14 101,,・・電気的過負荷に対する保護
uploaded,新設,,H01G 2/14 101 A,,放圧を行うもの
uploaded,新設,,H01G 2/14 101 Z,,その他のもの
uploaded,新設,,H01G 2/14 103,,・・・コンデンサと並列に放電間隙が組み込まれたもの
uploaded,新設,,H01G 2/14 104,,・・・物理的または化学的に異常を検知する手段が取り込まれたもの
uploaded,新設,,H01G 2/14 105,,・・・・異常電流を検知する手段が組み込まれたもの
uploaded,新設,,H01G 2/14 105 D,,伝達手段に特徴を有するもの
uploaded,新設,,H01G 2/14 105 Z,,その他のもの
uploaded,新設,,H01G 2/14 106,,・・・・異常温度を検知する手段が組み込まれたもの
uploaded,新設,,H01G 2/14 107,,・・・・発生するガスを検知する手段が組み込まれたもの
uploaded,新設,,H01G 2/14 108,,・・・コンデンサが容器内で直接樹脂充填されたもの
uploaded,新設,,H01G 2/14 108 B,,異常電流を検知するもの
uploaded,新設,,H01G 2/14 108 C,,異常温度を検知するもの
uploaded,新設,,H01G 2/14 108 D,,放圧構造を有するもの
uploaded,新設,,H01G 2/14 108 Z,,その他のもの
uploaded,新設,,H01G 2/16,,・・ヒューズ素子を有するもの［６］
uploaded,新設,,H01G 2/16 101,,・・・強制短絡を行うもの
uploaded,新設,,H01G 2/16 201,,・・・遮断警報を有するもの
uploaded,新設,,H01G 2/16 301,,・・・温度ヒューズを有するもの
uploaded,新設,,H01G 2/18,,・・遮断可能な接点を有するもの［６］
uploaded,新設,,H01G 2/18 101,,・・・スイッチを用いるもの
uploaded,新設,,H01G 2/02,,・電極の端部から放電を防ぐための装置［６］
uploaded,新設,,H01G 2/22,,・静電遮蔽または磁気遮蔽［６］
uploaded,新設,,H01G 2/24,,・表示マーク，例．カラーコード［６］
uploaded,新設,,H01G 4/002,,・細部［６］
uploaded,新設,,H01G 4/005,,・・電極［６］
uploaded,新設,,H01G 4/008,,・・・材料の選択［６］
uploaded,新設,,H01G 4/008 500,,・・・・焼成電極
uploaded,新設,,H01G 4/01,,・・・自己支持電極型［６］
uploaded,新設,,H01G 4/012,,・・・非自己支持電極型［６］
uploaded,新設,,H01G 4/015,,・・・自己回復型［６］
uploaded,新設,,H01G 4/018,,・・誘電体［６］
uploaded,新設,,H01G 4/08 C,,蒸着によるもの
uploaded,新設,,H01G 4/01 500,,・・・・・・ガラスを用いるもの
uploaded,新設,,H01G 4/12 090,,・・・・・・セラミック誘電体材料で特徴付けられるもの（Ｈ０１Ｇ４／１２　７２０，Ｈ０１Ｇ４／１２　８１０が優先）
uploaded,新設,,H01G 4/12 180,,・・・・・・・酸化チタンまたはチタン酸塩を基とするもの（Ｈ０１Ｇ４／１２　４５０が優先）
uploaded,新設,,H01G 4/12 270,,・・・・・・・・アルカリ土類のチタン酸塩を基とするもの
uploaded,新設,,H01G 4/12 360,,・・・・・・・酸化ジルコニウムまたはジルコニウム酸塩を基とするもの（Ｈ０１Ｇ４／１２　６３０が優先）
uploaded,新設,,H01G 4/12 450,,・・・・・・・・チタン酸塩も含むもの
uploaded,新設,,H01G 4/12 540,,・・・・・・・ニオブまたはタングステン，酸化タンタルまたはニオブ酸塩，タンタル酸塩を基とするもの
uploaded,新設,,H01G 4/12 630,,・・・・・・・・酸化ジルコニウムまたはジルコン酸塩も含むもの
uploaded,新設,,H01G 4/12 720,,・・・・・・半導体性セラミックコンデンサ
uploaded,新設,,H01G 4/12 810,,・・・・・・・粒界層を有するもの
uploaded,新設,,H01G 4/12 900,,・・・・・・ガラス相を含むもの，例．ガラスセラミック
uploaded,新設,,H01G 4/14 500,,・・・・・蒸着によるもの
uploaded,新設,,H01G 4/18 300,,・・・・・・繊維素の派生物（Ｈ０１Ｇ４／１４　５００が優先）
uploaded,新設,,H01G 4/18 600,,・・・・・・ハロゲン化物（Ｈ０１Ｇ４／１４　５００が優先）
uploaded,新設,,H01G 4/02 300,,・・・・繊維性材料または合成物質
uploaded,新設,,H01G 4/02 600,,・・・・無機および合成材料
uploaded,新設,,H01G 4/22 100,,・・・・・含浸物の組成に特徴を有するもの
uploaded,新設,,H01G 4/22 200,,・・・・・・ハロゲン化物
uploaded,新設,,H01G 4/224,,・・容器；外装［６］
uploaded,新設,,H01G 4/224 100,,・・・セラミックコンデンサの外装
uploaded,新設,,H01G 4/224 200,,・・・フィルムコンデンサの容器
uploaded,新設,,H01G 4/228,,・・端子部［６］
uploaded,新設,,H01G 4/228 A,,基板への取付部の構造に特徴を有するもの
uploaded,新設,,H01G 4/228 B,,電極への接続部の構造に特徴を有するもの
uploaded,新設,,H01G 4/228 E,,リードフレームまたはチェーンリード構体
uploaded,新設,,H01G 4/228 F,,リードの材料または断面構造に特徴を有するもの
uploaded,新設,,H01G 4/228 G,,シャーシ，その他の装置への取付に特徴を有するもの
uploaded,新設,,H01G 4/228 H,,モールド，その他の装置への取付に特徴を有するもの
uploaded,新設,,H01G 4/228 J,,複数の部品の接続に関するもの
uploaded,新設,,H01G 4/228 K,,特殊なコンデンサの端子，例．貫通型，厚膜，薄膜コンデンサ等の端子
uploaded,新設,,H01G 4/228 L,,有機誘電体を用いるコンデンサの端子
uploaded,新設,,H01G 4/228 M,,・巻芯または巻芯の閉塞
uploaded,新設,,H01G 4/228 Q,,・樹脂注入封止型またはモールド型のコンデンサの端子
uploaded,新設,,H01G 4/228 R,,・保護装置に関連するもの
uploaded,新設,,H01G 4/228 S,,・複数の素子の接続に関するもの
uploaded,新設,,H01G 4/228 T,,・チップ化
uploaded,新設,,H01G 4/228 W,,リードを有するチップ型
uploaded,新設,,H01G 4/228 Z,,その他のもの
uploaded,新設,,H01G 4/232,,・・・積層型または巻回型コンデンサーの二つ以上の層を電気的に接続するもの［６］
uploaded,新設,,H01G 4/232 A,,無機誘電体を有するもの
uploaded,新設,,H01G 4/232 B,,端子の材料に特徴を有するもの
uploaded,新設,,H01G 4/232 E,,電極と端子を機械的に接続または溶接，半田により接続するもの
uploaded,新設,,H01G 4/232 Z,,その他のもの
uploaded,新設,,H01G 4/236,,・・・容器を通しリードを引出すもの，すなわち，リードスルー［６］
uploaded,新設,,H01G 4/242,,・・・端子部を取り囲むコンデンサ素子［６］
uploaded,新設,,H01G 4/245,,・・・・巻回型電極の層間のタブ［６］
uploaded,新設,,H01G 4/248,,・・・コンデンサ素子を包含または取り囲む端子部，例．キャップ（Ｈ０１Ｇ４／２５２が優先）［６］
uploaded,新設,,H01G 4/252,,・・・コンデンサ素子に被覆される端子部（Ｈ０１Ｇ４／２３２が優先）［６］
uploaded,新設,,H01G 4/252 B,,メタリコン，導電性塗料，半田または蒸着に関するもの
uploaded,新設,,H01G 4/252 C,,・メタリコン，導電性塗料，半田または蒸着の構造または材料に特徴を有するもの
uploaded,新設,,H01G 4/252 D,,・メタリコン，導電性塗料，半田または蒸着による端子の接続に特徴を有するもの
uploaded,新設,,H01G 4/252 V,,リードレスチップ型
uploaded,新設,,H01G 4/252 Z,,その他のもの
uploaded,新設,,H01G 4/255,,・・容量値補正手段［６］
uploaded,新設,,H01G 4/258,,・・温度補償手段［６］
uploaded,新設,,H01G 4/03 120,,・・セラミック体中に形成した空洞に金属を注入して得られたもの
uploaded,新設,,H01G 4/03 140,,・・他のコンデンサから得られたもの
uploaded,新設,,H01G 4/03 160,,・・薄膜技術により作られたもの
uploaded,新設,,H01G 4/03 180,,・・転写技術により作られたもの
uploaded,新設,,H01G 4/03 201,,・・構造または材料
uploaded,新設,,H01G 4/03 201 A,,積層構造
uploaded,新設,,H01G 4/03 201 B,,内部電極
uploaded,新設,,H01G 4/03 201 C,,・内部電極の構造
uploaded,新設,,H01G 4/03 201 D,,・内部電極の材料
uploaded,新設,,H01G 4/03 201 E,,外部電極
uploaded,新設,,H01G 4/03 201 F,,・外部電極の構造
uploaded,新設,,H01G 4/03 201 G,,・外部電極の材料
uploaded,新設,,H01G 4/03 201 H,,・外部電極に接続するリード
uploaded,新設,,H01G 4/03 201 J,,誘電体
uploaded,新設,,H01G 4/03 201 K,,・誘電体の構造
uploaded,新設,,H01G 4/03 201 L,,・誘電体の材料
uploaded,新設,,H01G 4/03 201 M,,・素子主面の誘電体に特徴を有するもの
uploaded,新設,,H01G 4/03 201 N,,・素子側面の誘電体に特徴を有するもの
uploaded,新設,,H01G 4/03 201 P,,チップ型
uploaded,新設,,H01G 4/03 201 Q,,同軸型
uploaded,新設,,H01G 4/03 201 R,,直列接続型
uploaded,新設,,H01G 4/03 201 S,,安全装置付のもの
uploaded,新設,,H01G 4/03 201 Z,,その他のもの
uploaded,新設,,H01G 4/03 500,,・・セラミックコンデンサ
uploaded,新設,,H01G 4/03 501,,・・・半導体磁器コンデンサ
uploaded,新設,,H01G 4/03 504,,・・・・粒界絶縁型かつ還元再酸化型
uploaded,新設,,H01G 4/03 506,,・・・・粒界絶縁型
uploaded,新設,,H01G 4/03 508,,・・・・還元再酸化型
uploaded,新設,,H01G 4/03 510,,・・・積層セラミックコンデンサ（Ｈ０１Ｇ４／３０　５０１が優先）
uploaded,新設,,H01G 4/03 511,,・・・・構造
uploaded,新設,,H01G 4/03 512,,・・・・・誘電体
uploaded,新設,,H01G 4/03 513,,・・・・・内部電極または外部電極
uploaded,新設,,H01G 4/03 514,,・・・・材料
uploaded,新設,,H01G 4/03 515,,・・・・・誘電体
uploaded,新設,,H01G 4/03 516,,・・・・・内部電極または外部電極
uploaded,新設,,H01G 4/03 517,,・・・・製法
uploaded,新設,,H01G 4/03 520,,・・・筒状型，壷型または柱状回
uploaded,新設,,H01G 4/03 530,,・・・巻回型
uploaded,新設,,H01G 4/03 540,,・・・基板印刷型，例．厚膜または薄膜コンデンサ
uploaded,新設,,H01G 4/03 541,,・・・・構造
uploaded,新設,,H01G 4/03 544,,・・・・材料
uploaded,新設,,H01G 4/03 547,,・・・・製法
uploaded,新設,,H01G 4/03 550,,・・・貫通型
uploaded,新設,,H01G 4/03 560,,・・・一般磁器コンデンサ，例．板状またはＵ字型コンデンサ
uploaded,新設,,H01G 4/32 500,,・・フィルムコンデンサ
uploaded,新設,,H01G 4/32 510,,・・・フィルムコンデンサの構造または材料
uploaded,新設,,H01G 4/32 511,,・・・・金属化フィルムの構造または材料
uploaded,新設,,H01G 4/32 511 A,,容量形成電極の構造
uploaded,新設,,H01G 4/32 511 D,,容量形成電極の材料
uploaded,新設,,H01G 4/32 511 G,,誘電体フィルムの構造
uploaded,新設,,H01G 4/32 511 H,,・粉末または粒子を混入したもの
uploaded,新設,,H01G 4/32 511 J,,・網目要素をもつもの
uploaded,新設,,H01G 4/32 511 K,,・粗面化したもの
uploaded,新設,,H01G 4/32 511 L,,誘電体フィルムの材料
uploaded,新設,,H01G 4/32 511 P,,金属化フィルム間に絶縁材を有するもの
uploaded,新設,,H01G 4/32 511 Z,,その他のもの
uploaded,新設,,H01G 4/32 521,,・・・・非金属化フィルムの構造または材料
uploaded,新設,,H01G 4/32 521 A,,電極箔
uploaded,新設,,H01G 4/32 521 G,,誘電体フィルム
uploaded,新設,,H01G 4/32 521 H,,・電荷移動型錯体を有するもの
uploaded,新設,,H01G 4/32 521 J,,・複雑塩
uploaded,新設,,H01G 4/32 521 K,,・単純塩
uploaded,新設,,H01G 4/32 521 L,,・不織布のもの
uploaded,新設,,H01G 4/32 521 P,,電極箔と誘電体フィルムの組合せまたは配設
uploaded,新設,,H01G 4/32 521 Q,,電極箔と誘電体フィルムの接着
uploaded,新設,,H01G 4/32 521 Z,,その他のもの
uploaded,新設,,H01G 4/32 530,,・・・・端面電極の構造，例．メタリコン電極の構造
uploaded,新設,,H01G 4/32 531,,・・・・端面電極に接続されるリード
uploaded,新設,,H01G 4/32 540,,・・・・外装，モールド，容器またはガス封入
uploaded,新設,,H01G 4/32 541,,・・・・含浸したもの
uploaded,新設,,H01G 4/32 542,,・・・・チップ型
uploaded,新設,,H01G 4/32 543,,・・・・直列接続型
uploaded,新設,,H01G 4/32 544,,・・・・安全装置付のもの，例．ヒューズ電極
uploaded,新設,,H01G 4/32 550,,・・・フィルムコンデンサの製造方法
uploaded,新設,,H01G 4/32 551,,・・・・金属化フィルムの製造方法
uploaded,新設,,H01G 4/32 551 A,,容量形成電極の製造方法，例．蒸着方法
uploaded,新設,,H01G 4/32 551 B,,誘電体フィルムの製造方法
uploaded,新設,,H01G 4/32 551 Z,,その他のもの
uploaded,新設,,H01G 4/32 561,,・・・・非金属化フィルムの製造方法
uploaded,新設,,H01G 4/32 561 A,,電極箔の製造方法
uploaded,新設,,H01G 4/32 561 B,,誘電体フィルムの製造方法
uploaded,新設,,H01G 4/32 561 C,,・照射処理によるもの，例．光照射，電子線照射等
uploaded,新設,,H01G 4/32 561 D,,・放電処理によるもの
uploaded,新設,,H01G 4/32 561 Z,,その他のもの
uploaded,新設,,H01G 4/32 571,,・・・・熱処理
uploaded,新設,,H01G 4/32 572,,・・・・圧縮または加工
uploaded,新設,,H01G 4/32 573,,・・・・切断
uploaded,新設,,H01G 4/32 574,,・・・・複数工程の処理
uploaded,新設,,H01G 4/33,,・薄膜または厚膜コンデンサ［６］
uploaded,新設,,H01G 4/33 101,,・・厚膜コンデンサ，例．誘電体が塗布または印刷等により形成されたコンデンサ
uploaded,新設,,H01G 4/33 102,,・・薄膜コンデンサ，例．誘電体が蒸着または陽極酸化等により形成されたコンデンサ
uploaded,新設,,H01G 4/35,,・貫通型コンデンサまたは雑音防止コンデンサ［６］
uploaded,新設,,H01G 4/35 301,,・・円筒型
uploaded,新設,,H01G 4/35 311,,・・巻回型
uploaded,新設,,H01G 4/35 321,,・・同軸型
uploaded,新設,,H01G 4/35 331,,・・多層型
uploaded,新設,,H01G 4/35 341,,・・複合型
uploaded,新設,,H01G 4/38 B,,単一構造体の複合コンデンサ
uploaded,新設,,H01G 9/00 030,,・電気的または熱的過負荷に対する保護；冷却によるもの；陰極膜の形成を避ける手段
uploaded,新設,,H01G 9/00 290,,・製造方法に特徴を有するもの
uploaded,新設,,H01G 9/00 290 A,,誘電体層の形成
uploaded,新設,,H01G 9/00 290 B,,・再化成，エージングに特徴を有するもの
uploaded,新設,,H01G 9/00 290 C,,隔膜，隔離体，電解液または吸収体の製造方法
uploaded,新設,,H01G 9/00 290 D,,電極の製造方法
uploaded,新設,,H01G 9/00 290 E,,固体電解コンデンサの製造方法
uploaded,新設,,H01G 9/00 290 F,,・固体電解質層の形成
uploaded,新設,,H01G 9/00 290 G,,・・ＴＣＮＱを用いたものの製造方法
uploaded,新設,,H01G 9/00 290 H,,・・導電性高分子を用いたものの製造方法
uploaded,新設,,H01G 9/00 290 J,,容器への取付の製造方法
uploaded,新設,,H01G 9/00 290 K,,容器の製造方法
uploaded,新設,,H01G 9/00 290 L,,封止の製造方法
uploaded,新設,,H01G 9/00 290 M,,膨張に対する弁その他の手段の製造方法
uploaded,新設,,H01G 9/00 290 N,,電解コンデンサの電気材特性の修正または補償用回路の製造方法
uploaded,新設,,H01G 9/00 290 Z,,その他のもの
uploaded,新設,,H01G 9/004,,・細部［６］
uploaded,新設,,H01G 9/008,,・・端子［６］
uploaded,新設,,H01G 9/008 301,,・・・封口板に取付けられた接続端子
uploaded,新設,,H01G 9/008 303,,・・・リードと電極箔との接続部に特徴を有するもの
uploaded,新設,,H01G 9/008 305,,・・・陰極端子
uploaded,新設,,H01G 9/012,,・・・特に固体コンデンサに適合するもの［６］
uploaded,新設,,H01G 9/012 301,,・・・・陰極端子またはリードに特徴を有するもの
uploaded,新設,,H01G 9/012 303,,・・・・陽極端子またはリードに特徴を有するもの
uploaded,新設,,H01G 9/012 305,,・・・・チップ型素子に用いられるもの
uploaded,新設,,H01G 9/012 307,,・・・・リードフレームまたはチェーンリード構体
uploaded,新設,,H01G 9/012 309,,・・・・その他のもの
uploaded,新設,,H01G 9/022,,・・電解質；吸収体［６］
uploaded,新設,,H01G 9/025,,・・・固体電解質（Ｈ０１Ｇ１１／５４が優先）［６］
uploaded,新設,,H01G 9/028,,・・・・有機半導体電解質，例．ＴＣＮＱ［６］
uploaded,新設,,H01G 9/028 A,,ＴＣＮＱに用いたもの
uploaded,新設,,H01G 9/028 B,,・構造
uploaded,新設,,H01G 9/028 C,,・材料
uploaded,新設,,H01G 9/028 E,,導電性高分子に用いたもの
uploaded,新設,,H01G 9/028 F,,・構造
uploaded,新設,,H01G 9/028 G,,・材料
uploaded,新設,,H01G 9/028 Z,,その他のもの
uploaded,新設,,H01G 9/032,,・・・・無機半導体電解質，例．二酸化マンガン［６］
uploaded,新設,,H01G 9/035,,・・・液体電解質，例．含浸物質（Ｈ０１Ｇ１１／５４が優先）［６］
uploaded,新設,,H01G 9/042,,・・・材料に特徴を有するもの（Ｈ０１Ｇ１１／２２が優先）［６］
uploaded,新設,,H01G 9/042 500,,・・・・陰極に用いられるもの
uploaded,新設,,H01G 9/045,,・・・・アルミニウムを基礎とするもの［６］
uploaded,新設,,H01G 9/048,,・・・構造に特徴を有するもの（Ｈ０１Ｇ１１／２２が優先）［６］
uploaded,新設,,H01G 9/048 A,,素子の全体構造に特徴を有するもの
uploaded,新設,,H01G 9/048 B,,・巻回型
uploaded,新設,,H01G 9/048 C,,・・巻芯または素子周囲，例．巻止めテープ
uploaded,新設,,H01G 9/048 D,,・・端子の取付位置または電極箔の位置関係
uploaded,新設,,H01G 9/048 E,,・・複数の素子の組合せ
uploaded,新設,,H01G 9/048 F,,・積層型
uploaded,新設,,H01G 9/048 G,,電極箔一般
uploaded,新設,,H01G 9/048 H,,チップ化
uploaded,新設,,H01G 9/048 Z,,その他のもの
uploaded,新設,,H01G 9/052,,・・・・焼結電極［６］
uploaded,新設,,H01G 9/052 500,,・・・・・粉末によるもの
uploaded,新設,,H01G 9/052 503,,・・・・非焼結電極
uploaded,新設,,H01G 9/052 505,,・・・・・特に固体コンデンサに適合するもの
uploaded,新設,,H01G 9/052 507,,・・・・・特に液体コンデンサに適合するもの
uploaded,新設,,H01G 9/052 509,,・・・・・・陽極箔
uploaded,新設,,H01G 9/055,,・・・・エッチングした箔電極［６］
uploaded,新設,,H01G 9/055 100,,・・・・・陰極
uploaded,新設,,H01G 9/055 103,,・・・・・・固体コンデンサに適合する陰極，例．カーボングラファイト層，銀ペースト層または半田層
uploaded,新設,,H01G 9/055 105,,・・・・・・液体コンデンサに適合する陰極
uploaded,新設,,H01G 9/055 107,,・・・・・・・陰極ケース
uploaded,新設,,H01G 9/07,,・・誘電体層［６］
uploaded,新設,,H01G 9/145,,・液体電解コンデンサ（Ｈ０１Ｇ１１／００が優先）［６］
uploaded,新設,,H01G 9/15,,・固体電解コンデンサ（Ｈ０１Ｇ１１／００が優先）［６］
uploaded,新設,,H01G 9/15 100,,・・巻回箔電極を用いるもの
uploaded,新設,,H01G 9/21,,・感温装置［６］
uploaded,新設,,H01G 9/26,,・電解コンデンサ，整流器，検知器，開閉装置，感光装置または感温装置相互の構造的組み合わせ［６］
uploaded,新設,,H01G 9/28,,・電解コンデンサ，整流器，検知器，開閉装置と，このサブクラスに包含されない他の電気構成部品との構造的組み合わせ［６］
uploaded,新設,,H01R 4/2404,,・・接触部材が絶縁体を貫通する歯，プロング，ピンまたは針を有するもの［２０１８．０１］
uploaded,新設,,H01R 4/2406,,・・・針またはピンを有するもの［２０１８．０１］
uploaded,新設,,H01R 4/2407,,・・・鋸歯状の突出部を有するもの［２０１８．０１］
uploaded,新設,,H01R 4/2408,,・・・ねじの締め付けにより作動されるもの［２０１８．０１］
uploaded,新設,,H01R 4/2412,,・・・絶縁されたカムまたは楔により作動されるもの［２０１８．０１］
uploaded,新設,,H01R 4/2416,,・・接触部材が絶縁体切断刃を有するもの，例．音叉型［２０１８．０１］
uploaded,新設,,H01R 4/242,,・・・接触部材が単一のスロットを有する板であるもの［２０１８．０１］
uploaded,新設,,H01R 4/2425,,・・・・平板，例．多層平板［２０１８．０１］
uploaded,新設,,H01R 4/2429,,・・・・・絶縁基盤に取付けたもの［２０１８．０１］
uploaded,新設,,H01R 4/2433,,・・・・・・ケーブルをスロットに押し込むための移動可能な基盤の一部［２０１８．０１］
uploaded,新設,,H01R 4/2437,,・・・・曲板［２０１８．０１］
uploaded,新設,,H01R 4/2441,,・・・・・管形状［２０１８．０１］
uploaded,新設,,H01R 4/2445,,・・・接触部材が絶縁体または電線に作用する付加的手段を有するもの，例．絶縁体を貫通する付加的手段，歪を緩和する手段，または電線切断ナイフ［２０１８．０１］
uploaded,新設,,H01R 4/245,,・・・・付加的手段がスロットの形成された２以上の平形部分を有するもの［２０１８．０１］
uploaded,新設,,H01R 4/2452,,・・・・・直列的な配列，例．対向するスロット［２０１８．０１］
uploaded,新設,,H01R 4/2454,,・・・・・スロットが形成された分岐でＵ字を構成するもの［２０１８．０１］
uploaded,新設,,H01R 4/2455,,・・・・・・スロットが形成された湾曲部［２０１８．０１］
uploaded,新設,,H01R 4/2456,,・・・・・並列的な配列［２０１８．０１］
uploaded,新設,,H01R 4/2458,,・・・・接触部材がスロットの形成された円筒形状であるもの，例．スロットが形成されたチューブ端［２０１８．０１］
uploaded,新設,,H01R 4/2462,,・・・・接触部材がスロットの形成された曲がり形状であるもの，例．スロットが形成された湾曲部［２０１８．０１］
uploaded,新設,,H01R 4/2466,,・・・・接触部材が溝形状部分を有し，その対向する側壁に絶縁体切断手段を有するもの［２０１８．０１］
uploaded,新設,,H01R 4/247,,・・接触部材がばねにより作動され絶縁体を貫通するもの［２０１８．０１］
uploaded,新設,,H01R 4/2475,,・・接触部材がねじ，ナットまたはボルトにより作動され絶縁体を貫通するもの［２０１８．０１］
uploaded,新設,,H01R 4/2479,,・・・ねじの頭部下で貫通するもの［２０１８．０１］
uploaded,新設,,H01R 4/2483,,・・・ねじ先端部の下で貫通するもの［２０１８．０１］
uploaded,新設,,H01R 4/2487,,・・・ねじ山で貫通するもの［２０１８．０１］
uploaded,新設,,H01R 4/2491,,・・接触部材が導電カムまたは楔により作動され絶縁体を貫通するもの［２０１８．０１］
uploaded,新設,,H01R 4/2495,,・・接触部材の永久変形と組み合わされた絶縁体の貫通，例．かしめ［２０１８．０１］
uploaded,新設,,H04N 1/00 002,,・機器の動作確認
uploaded,新設,,H04N 1/00 002 A,,試験，診断
uploaded,新設,,H04N 1/00 002 B,,監視
uploaded,新設,,H04N 1/00 002 C,,・遠隔監視
uploaded,新設,,H04N 1/00 002 Z,,その他のもの
uploaded,新設,,H04N 1/00 114,,・多重化方式
uploaded,新設,,H04N 1/00 114 A,,画信号と音声信号の多重化
uploaded,新設,,H04N 1/00 114 B,,画信号とコード信号の多重化
uploaded,新設,,H04N 1/00 114 C,,画信号とテレビジョン信号の多重化
uploaded,新設,,H04N 1/00 114 Z,,その他のもの
uploaded,新設,,H04N 1/00 127,,・他の装置との接続
uploaded,新設,,H04N 1/00 127 A,,サーバとの接続
uploaded,新設,,H04N 1/00 127 B,,クライアント端末との接続，例．パソコン，携帯端末
uploaded,新設,,H04N 1/00 127 Z,,その他のもの
uploaded,新設,,H04N 1/00 350,,・ユーザマシンインタフェース，例．操作パネル
uploaded,新設,,H04N 1/00 519,,・筐体・部品の構造，配置
uploaded,新設,,H04N 1/00 567,,・読み取り又は再生用の用紙の給送または振り分け
uploaded,新設,,H04N 1/00 567 B,,用紙の取扱い
uploaded,新設,,H04N 1/00 567 C,,・用紙の保持，収納，交換，例．用紙トレイ
uploaded,新設,,H04N 1/00 567 H,,・用紙の検出，例．用紙サイズ
uploaded,新設,,H04N 1/00 567 J,,・・異常送り，例．ジャム，重送の検出
uploaded,新設,,H04N 1/00 567 K,,・用紙の取扱い制御
uploaded,新設,,H04N 1/00 567 L,,・・用紙の振り分け，選択，例．ＡＤＦ，ソータ
uploaded,新設,,H04N 1/00 567 M,,・・読取または再生に関連した取扱い制御
uploaded,新設,,H04N 1/00 567 Q,,・読取部または記録部に関連した用紙の取扱い装置の構造
uploaded,新設,,H04N 1/00 567 R,,・・両面走査のための制御
uploaded,新設,,H04N 1/00 567 Z,,その他のもの
uploaded,新設,,H04N 1/00 838,,・セキュリティ対策，例．出力制限
uploaded,新設,,H04N 1/00 885,,・電源制御，例．省エネモード
uploaded,新設,,H04N 1/00 912,,・ジョブの制御，例．優先順位
uploaded,新設,,H04N 1/00 J,,ファクシミリ端末
uploaded,新設,,H04N 1/00 K,,インターネットファクシミリ，例．電子メールを用いたＦＡＸ送信
uploaded,新設,,H04N 1/00 L,,スキャナ
uploaded,新設,,H04N 1/028 G,,原稿照明手段
uploaded,新設,,H04N 1/028 H,,・単一または少数の点光源からの光を導光体の端面に入射するもの
uploaded,新設,,H04N 1/028 J,,・点光源アレイからの光を導光体の側面に入射するもの
uploaded,新設,,H04N 1/028 K,,・不均一な照明を補償するもの，拡散する手段
uploaded,新設,,H04N 1/028 L,,光検出器と光源とを同一基板上に配置したもの
uploaded,新設,,H04N 1/028 M,,光検出器と光源とを別の基板上に配置したもの
uploaded,新設,,H04N 1/029,,・・・一度に一つの画素のみに光学的に焦点を合わせるヘッド［６］
uploaded,新設,,H04N 1/03,,・・・実質的にライン状に配列された光検出器を有するもの［６］
uploaded,新設,,H04N 1/031,,・・・・走査される画素と一対一の光学的に正立の対応を有する光検出器，例．密着形ラインセンサ［６］
uploaded,新設,,H04N 1/04 F,,画素密度を異ならせるもの
uploaded,新設,,H04N 1/047,,・・走査速度または位置の検知，制御または誤差補償（Ｈ０４Ｎ１／１７が優先）［６］
uploaded,新設,,H04N 1/053,,・・・主走査方向におけるもの，例．一走査線における走査開始または画素の同期［６］
uploaded,新設,,H04N 1/107,,・・・手動走査を有するもの［６］
uploaded,新設,,H04N 1/113,,・・振動鏡または回転鏡を用いるもの［６］
uploaded,新設,,H04N 1/19,,・・多素子アレイを用いるもの［６］
uploaded,新設,,H04N 1/191,,・・・アレイが１次元配列からなるもの［６］
uploaded,新設,,H04N 1/192,,・・・・同時に一つの主走査線上の画素を走査するもの［６］
uploaded,新設,,H04N 1/193,,・・・・・電気的に走査するライン状のアレイを用いるもの［６］
uploaded,新設,,H04N 1/195,,・・・アレイが２次元配列からなるもの［６］
uploaded,新設,,H04N 1/203,,・・複数の別個の画像を同時に走査するもの［６］
uploaded,新設,,H04N 1/207,,・・元の画像と再生画像を共通の走査装置で同時に走査するもの［６］
uploaded,新設,,H04N 1/32 005,,・・受信ジョブの自動化，例．受信拒否，メモリ受信への変更
uploaded,新設,,H04N 1/32 037,,・・送信ジョブの自動化，例．短縮ダイヤル，同報送信
uploaded,新設,,H04N 1/32 101,,・・付加情報の表示または印刷，例．通信レポート
uploaded,新設,,H04N 1/32 144,,・・電子透かし，埋め込み
uploaded,新設,,H04N 1/32 358,,・・送信機または受信機における格納手段
uploaded,新設,,H04N 1/32 400,,・・中継方式
uploaded,新設,,H04N 1/32 609,,・・障害検出，対策
uploaded,新設,,H04N 1/327,,・・単一モード通信の開始，継続または終了；そのためのハンドシェイキング［６］
uploaded,新設,,H04N 1/333,,・・モード信号の通信またはモード変更；そのためのハンドシェイキング［６］
uploaded,新設,,H04N 1/34 200,,・・・課金処理
uploaded,新設,,H04N 1/387 110,,・・画像合成
uploaded,新設,,H04N 1/387 200,,・・マスキング，トリミング
uploaded,新設,,H04N 1/387 700,,・・画像の回転
uploaded,新設,,H04N 1/387 800,,・・傾き補正
uploaded,新設,,H04N 1/04 006,,・・経時変化に対する補償
uploaded,新設,,H04N 1/04 062,,・・像域分離
uploaded,新設,,H04N 1/04 075,,・・中間調信号を対応する連続階調信号に変換するもの
uploaded,新設,,H04N 1/401,,・・読取または再生ヘッドの位置的な応答のばらつきを補償するもの（Ｈ０４Ｎ１／４０３が優先）［６］
uploaded,新設,,H04N 1/403,,・・２値原画の画像信号の２値化［６］
uploaded,新設,,H04N 1/405,,・・中間調にするもの，すなわち，連続階調の原画の画像信号を相当する２レベルのみを示す信号に変換するもの［６］
uploaded,新設,,H04N 1/405 510,,・・・ドット分散型，例．ＦＭスクリーン
uploaded,新設,,H04N 1/405 510 A,,誤差拡散法
uploaded,新設,,H04N 1/405 510 Z,,その他のもの
uploaded,新設,,H04N 1/405 512,,・・・ドット集中型，例．ＡＭスクリーン
uploaded,新設,,H04N 1/407,,・・階調または最大最小レベルの制御または修正，例．バックグラウンドレベル［６］
uploaded,新設,,H04N 1/407 740,,・・・ヒストグラムを使用するもの
uploaded,新設,,H04N 1/407 780,,・・・テストパターンを使用するもの
uploaded,新設,,H04N 1/409,,・・輪郭または細部の強調；雑音またはエラーの抑制［６］
uploaded,新設,,H04N 1/48,,・・画像信号発生器（中間調スクリーン用Ｈ０４Ｎ１／５２）［６］
uploaded,新設,,H04N 1/05,,・・画像再生器（中間調スクリーン用Ｈ０４Ｎ１／５２）［６］
uploaded,新設,,H04N 1/52,,・・中間調スクリーン回路または装置［６］
uploaded,新設,,H04N 1/54,,・・カラー画像信号を，特殊な混合色を表わす信号が含まれた複数信号に変換，例．繊維印刷用［６］
uploaded,新設,,H04N 1/56,,・・カラー画像信号の処理（Ｈ０４Ｎ１／５２が優先）［６］
uploaded,新設,,H04N 1/58,,・・・輪郭または細部の強調；雑音またはエラーの抑制，例．色ずれの補正（Ｈ０４Ｎ１／６２が優先）［６］
uploaded,新設,,H04N 1/06,,・・・色修正または制御［６］
uploaded,新設,,H04N 1/06 020,,・・・・特定の色空間で行うための画像信号処理
uploaded,新設,,H04N 1/06 110,,・・・・ユーザによる手動の色調整をするための画像信号処理，例．スライドバーによる色調整
uploaded,新設,,H04N 1/06 160,,・・・・補色信号への変換をするための画像信号処理，例．ＲＧＢからＣＭＹＫへの変換
uploaded,新設,,H04N 1/06 300,,・・・・画像再生器の出力特性の制御するための画像信号処理
uploaded,新設,,H04N 1/06 580,,・・・・色域圧縮するための画像信号処理，例．ガマット補正
uploaded,新設,,H04N 1/06 750,,・・・・色相補正するための画像信号処理
uploaded,新設,,H04N 1/06 770,,・・・・色かぶり補正するための画像信号処理，例．カラーバランスの調整
uploaded,新設,,H04N 1/06 830,,・・・・外的要因に対応するための画像信号処理，例．環境光等
uploaded,新設,,H04N 1/06 970,,・・・・出力媒体の特性に対応するための画像信号処理，例．光沢紙等
uploaded,新設,,H04N 1/62,,・・・・リタッチ，すなわち，孤立した色のみ，または孤立した色領域のみの補正［６］
uploaded,新設,,H04N 1/62 800,,・・・・・記憶色の変換，例．肌色，空色
uploaded,新設,,H04N 1/64,,・・カラー画像信号の伝送または蓄積方式；そのための細部，例．そのための符号化または復号化手段［６］
uploaded,新設,,H04N 13/01,,・立体視またはマルチビュー画像信号の処理，記録または伝送［２０１８．０１］
uploaded,新設,,H04N 13/106,,・・画像信号の処理（マルチビュービデオシーケンス符号化Ｈ０４Ｎ１９／５９７）［２０１８．０１］
uploaded,新設,,H04N 13/111,,・・・仮想視点に対応する画像信号の変換，例．画像の空間的補間［２０１８．０１］
uploaded,新設,,H04N 13/117,,・・・・仮想視点が視聴者により選択されるまたは視聴者トラッキングにより決定されるもの［２０１８．０１］
uploaded,新設,,H04N 13/122,,・・・画像信号コンテンツの修正による立体視画像の３Ｄ効果の改善，例．フィルタリングまたは単視点デプスキューを付加するもの（Ｈ０４Ｎ１３／１２８が優先）［２０１８．０１］
uploaded,新設,,H04N 13/125,,・・・・クロストーク低減のためのもの［２０１８．０１］
uploaded,新設,,H04N 13/128,,・・・デプスまたは視差を調整するもの［２０１８．０１］
uploaded,新設,,H04N 13/133,,・・・異なる画像成分の特徴，例．それらの平均輝度または色バランス，を均一化するもの［２０１８．０１］
uploaded,新設,,H04N 13/139,,・・・フォーマット変換，例．フレームレートまたはサイズの変換［２０１８．０１］
uploaded,新設,,H04N 13/144,,・・・フリッカ低減のためのもの［２０１８．０１］
uploaded,新設,,H04N 13/15,,・・・画像信号の色彩的観点のためのもの［２０１８．０１］
uploaded,新設,,H04N 13/156,,・・・画像信号を混合するもの［２０１８．０１］
uploaded,新設,,H04N 13/161,,・・・異なる画像信号成分の符号化，多重化または多重分離（マルチビュービデオシーケンス符号化Ｈ０４Ｎ１９／５９７）［２０１８．０１］
uploaded,新設,,H04N 13/167,,・・・画像信号の同期または制御［２０１８．０１］
uploaded,新設,,H04N 13/172,,・・・画像信号が非画像信号成分，例．ヘッダーまたはフォーマット情報，からなるもの［２０１８．０１］
uploaded,新設,,H04N 13/178,,・・・・メタデータ，例．視差情報［２０１８．０１］
uploaded,新設,,H04N 13/183,,・・・・オンスクリーンディスプレイ［ＯＳＤ］情報，例．字幕またはメニュー［２０１８．０１］
uploaded,新設,,H04N 13/189,,・・画像信号の記録；記録された画像信号の再生［２０１８．０１］
uploaded,新設,,H04N 13/194,,・・画像信号の伝送［２０１８．０１］
uploaded,新設,,H04N 13/02,,・画像信号生成装置［２０１８．０１］
uploaded,新設,,H04N 13/204,,・・立体視画像カメラを用いるもの（立体写真Ｇ０３Ｂ３５／００）［２０１８．０１］
uploaded,新設,,H04N 13/207,,・・・単一の２Ｄイメージセンサを用いるもの［２０１８．０１］
uploaded,新設,,H04N 13/211,,・・・・時間的多重化を利用するもの［２０１８．０１］
uploaded,新設,,H04N 13/214,,・・・・スペクトル多重化を利用するもの［２０１８．０１］
uploaded,新設,,H04N 13/218,,・・・・空間的多重化を利用するもの［２０１８．０１］
uploaded,新設,,H04N 13/221,,・・・・カメラと対象物との間の相対的な動きを利用するもの［２０１８．０１］
uploaded,新設,,H04N 13/225,,・・・・視差バリアを用いるもの［２０１８．０１］
uploaded,新設,,H04N 13/229,,・・・・レンチキュラーレンズを用いるもの，例．円筒状レンズを配列したもの［２０１８．０１］
uploaded,新設,,H04N 13/232,,・・・・フライアイレンズを用いるもの，例．円形レンズを配列したもの［２０１８．０１］
uploaded,新設,,H04N 13/236,,・・・・可変焦点式レンズまたはミラーを用いるもの［２０１８．０１］
uploaded,新設,,H04N 13/239,,・・・眼間距離に一致または関連した相対的位置を有する２つの２Ｄイメージセンサを用いるもの（Ｈ０４Ｎ１３／２４３が優先）［２０１８．０１］
uploaded,新設,,H04N 13/243,,・・・３以上の２Ｄイメージセンサーを用いるもの［２０１８．０１］
uploaded,新設,,H04N 13/246,,・・・カメラのキャリブレーション［２０１８．０１］
uploaded,新設,,H04N 13/25,,・・・視点位置または視野以外の特性が異なる２以上のイメージセンサを用いるもの，例．異なる解像度またはカラーピックアップ特性を有するもの；１つのセンサからの画像信号を用いて他のセンサの特性を制御するもの［２０１８．０１］
uploaded,新設,,H04N 13/254,,・・・被写体を照らす電磁放射線源と組み合わせるもの［２０１８．０１］
uploaded,新設,,H04N 13/257,,・・色彩的観点［２０１８．０１］
uploaded,新設,,H04N 13/261,,・・単視点画像から立体視画像への変換によるもの［２０１８．０１］
uploaded,新設,,H04N 13/264,,・・・２つのビデオフレームまたはフィールド間の相対的な動きを利用するもの［２０１８．０１］
uploaded,新設,,H04N 13/268,,・・・デプス画像に基づいたレンダリング［ＤＩＢＲ］に基づくもの［２０１８．０１］
uploaded,新設,,H04N 13/271,,・・生成された画像信号がデプスマップまたは視差マップを含むもの［２０１８．０１］
uploaded,新設,,H04N 13/275,,・・３Ｄオブジェクトモデルから得るもの，例．コンピュータにより生成された立体視画像信号［２０１８．０１］
uploaded,新設,,H04N 13/279,,・・・仮想視点位置が視聴者により選択されるまたはトラッキングにより決定されるもの［２０１８．０１］
uploaded,新設,,H04N 13/282,,・・３以上の幾何学的な視点位置に対応する画像信号を生成するためのもの，例．マルチビューシステム［２０１８．０１］
uploaded,新設,,H04N 13/286,,・・単視点モードおよび立体視モードを有するもの［２０１８．０１］
uploaded,新設,,H04N 13/289,,・・・単視点モードと立体視モードとの間の切換［２０１８．０１］
uploaded,新設,,H04N 13/293,,・・混合された立体視画像を生成するもの；混合された単視点画像および立体視画像を生成するもの，例．単視点の背景画像上にオーバーレイされた立体視画像ウィンドウ［２０１８．０１］
uploaded,新設,,H04N 13/296,,・・その同期；その制御［２０１８．０１］
uploaded,新設,,H04N 13/03,,・画像再生装置（立体視または他の３次元効果を生ずるための光学システムＧ０２Ｂ２７／２２）［２０１８．０１］
uploaded,新設,,H04N 13/302,,・・専用メガネを利用しないで視聴するためのもの，すなわち，裸眼立体視ディスプレイを用いるもの［２０１８．０１］
uploaded,新設,,H04N 13/305,,・・・レンチキュラーレンズを用いるもの，例．円筒状レンズを配列したもの［２０１８．０１］
uploaded,新設,,H04N 13/307,,・・・フライアイレンズを用いるもの，例．円形レンズを配列したもの［２０１８．０１］
uploaded,新設,,H04N 13/31,,・・・視差バリアを用いるもの［２０１８．０１］
uploaded,新設,,H04N 13/312,,・・・・視差バリアがディスプレイパネルの背後，例．バックライトと空間光変調器［ＳＬＭ］との間，に設置されるもの［２０１８．０１］
uploaded,新設,,H04N 13/315,,・・・・視差バリアが時間変化するもの［２０１８．０１］
uploaded,新設,,H04N 13/317,,・・・傾斜した視差光学系を用いるもの［２０１８．０１］
uploaded,新設,,H04N 13/32,,・・・可制御光源アレイを用いるもの；可動式アパーチャまたは可動式光源を用いるもの［２０１８．０１］
uploaded,新設,,H04N 13/322,,・・・可変焦点式レンズまたはミラーを用いるもの［２０１８．０１］
uploaded,新設,,H04N 13/324,,・・色彩的観点［２０１８．０１］
uploaded,新設,,H04N 13/327,,・・そのキャリブレーション［２０１８．０１］
uploaded,新設,,H04N 13/332,,・・専用メガネを利用して視聴するディスプレイまたは頭部装着型ディスプレイ［ＨＭＤ］［２０１８．０１］
uploaded,新設,,H04N 13/334,,・・・スペクトル多重化を利用するもの［２０１８．０１］
uploaded,新設,,H04N 13/337,,・・・偏光多重化を利用するもの［２０１８．０１］
uploaded,新設,,H04N 13/339,,・・・空間的多重化を利用するもの（Ｈ０４Ｎ１３／３３７が優先）［２０１８．０１］
uploaded,新設,,H04N 13/341,,・・・時間的多重化を利用するもの［２０１８．０１］
uploaded,新設,,H04N 13/344,,・・・頭部装着型左右ディスプレイによるもの［２０１８．０１］
uploaded,新設,,H04N 13/346,,・・プリズムまたはハーフミラーを用いるもの［２０１８．０１］
uploaded,新設,,H04N 13/349,,・・３以上の幾何学的な視点位置を視聴者トラッキング無しで表示するためのマルチビューディスプレイ（専用メガネを利用しないでフライアイレンズを用いて視聴するためのものＨ０４Ｎ１３／３０７）［２０１８．０１］
uploaded,新設,,H04N 13/351,,・・・同時に表示するためのもの［２０１８．０１］
uploaded,新設,,H04N 13/354,,・・・順に表示するためのもの［２０１８．０１］
uploaded,新設,,H04N 13/356,,・・単視点モードおよび立体視モードを有するもの［２０１８．０１］
uploaded,新設,,H04N 13/359,,・・・単視点モードと立体視モードとの間の切換［２０１８．０１］
uploaded,新設,,H04N 13/361,,・・混合された立体視画像を生成するもの；混合された単視点画像および立体視画像を生成するもの，例．単視点の背景画像上にオーバーレイされた立体視画像ウィンドウ［２０１８．０１］
uploaded,新設,,H04N 13/363,,・・画像投影スクリーンを用いるもの（ボリュームディスプレイＨ０４Ｎ１３／３８８）［２０１８．０１］
uploaded,新設,,H04N 13/365,,・・デジタル・マイクロミラー・デバイス［ＤＭＤ］を用いるもの［２０１８．０１］
uploaded,新設,,H04N 13/366,,・・視聴者トラッキングを用いるもの［２０１８．０１］
uploaded,新設,,H04N 13/368,,・・・２以上の視聴者のためのもの［２０１８．０１］
uploaded,新設,,H04N 13/371,,・・・眼間距離の異なる視聴者をトラッキングするためのもの；頭部の垂直軸周りの回転をトラッキングするためのもの［２０１８．０１］
uploaded,新設,,H04N 13/373,,・・・頭部の前後の平行移動，すなわち，縦の動き，をトラッキングするためのもの［２０１８．０１］
uploaded,新設,,H04N 13/376,,・・・頭部の左右の平行移動，すなわち，横の動き，をトラッキングするためのもの［２０１８．０１］
uploaded,新設,,H04N 13/378,,・・・頭部の画面に垂直な軸周りの回転をトラッキングするためのもの［２０１８．０１］
uploaded,新設,,H04N 13/38,,・・・頭部の垂直方向の平行移動をトラッキングするためのもの［２０１８．０１］
uploaded,新設,,H04N 13/383,,・・・注視検知，すなわち，視聴者の視線検知，によりトラッキングするためのもの［２０１８．０１］
uploaded,新設,,H04N 13/385,,・・表示画面上で左右画像の位置を瞬時に交換するもの（専用メガネを利用しないで時間変化する視差バリアを用いて視聴するためのものＨ０４Ｎ１３／３１５；専用メガネを利用して視聴するディスプレイまたは頭部装着型ディスプレイであって時間的多重化を利用するものＨ０４Ｎ１３／３４１）［２０１８．０１］
uploaded,新設,,H04N 13/388,,・・ボリュームディスプレイ，すなわち，ボリューム上に配置された画素から画像が構築されるシステム［２０１８．０１］
uploaded,新設,,H04N 13/39,,・・・一対の光線が交わる透明素材中の位置で画素が光を放つもの［２０１８．０１］
uploaded,新設,,H04N 13/393,,・・・ボリュームが面の動き，例．振動または回転，により生成されるもの［２０１８．０１］
uploaded,新設,,H04N 13/395,,・・・デプスサンプリングによるもの，すなわち，ボリュームが２Ｄ画像プレーンの堆積または連続から構成されるもの［２０１８．０１］
uploaded,新設,,H04N 13/398,,・・その同期；その制御［２０１８．０１］
uploaded,新設,,H04W 4/021,,・・特定の領域に関連するサービス，例．ポイント・オブ・インタレスト［ＰＯＩ］サービス，会場でのサービスまたはジオフェンス［２０１８．０１］
uploaded,新設,,H04W 4/024,,・・案内サービス［２０１８．０１］
uploaded,新設,,H04W 4/029,,・・位置に基づく管理または追跡サービス［２０１８．０１］
uploaded,新設,,H04W 4/02 110,,・・補助的なデータのシグナリング，すなわちトラヒックチャネル以外のチャネルを介してデータを送信するもの
uploaded,新設,,H04W 4/21,,・・ソーシャルネットワークアプリケーションのためのもの［２０１８．０１］
uploaded,新設,,H04W 4/23,,・・モバイル広告のためのもの［２０１８．０１］
uploaded,新設,,H04W 4/03,,・特定の環境，状況または目的に特に適合したサービス［２０１８．０１］
uploaded,新設,,H04W 4/33,,・・屋内環境，例．ビルディング，のためのもの［２０１８．０１］
uploaded,新設,,H04W 4/35,,・・物品または商品の管理のためのもの［２０１８．０１］
uploaded,新設,,H04W 4/38,,・・センサ情報の収集のためのもの［２０１８．０１］
uploaded,新設,,H04W 4/04,,・・乗物のためのもの，例．乗物と歩行者との通信［Ｖ２Ｐ］［２０１８．０１］
uploaded,新設,,H04W 4/42,,・・・大量輸送の乗物，例．バス，電車または飛行機，のためのもの［２０１８．０１］
uploaded,新設,,H04W 4/44,,・・・乗物とインフラストラクチャの間の通信のためのもの，例．乗物とクラウドとの通信［Ｖ２Ｃ］または乗物と家との通信［Ｖ２Ｈ］［２０１８．０１］
uploaded,新設,,H04W 4/46,,・・・乗物と乗物の通信［Ｖ２Ｖ］のためのもの［２０１８．０１］
uploaded,新設,,H04W 4/48,,・・・乗物内通信のためのもの［２０１８．０１］
uploaded,新設,,H04W 4/05,,・サービスのプロビジョニングまたは再構成［２０１８．０１］
uploaded,新設,,H04W 4/06,,・アプリケーションサーバまたは記録担体を使用する署名に基づくサービス，例．ＳＩＭアプリケーションツールキット［２０１８．０１］
uploaded,新設,,H04W 4/07,,・マシン間通信［Ｍ２Ｍ］またはマシンタイプ通信［ＭＴＣ］のためのサービス［２０１８．０１］
uploaded,新設,,H04W 4/08,,・ショートレンジの通信，例．近距離無線通信［ＮＦＣ］，無線周波数識別［ＲＦＩＤ］または低電力通信，を使用するサービス［２０１８．０１］
uploaded,新設,,H04W 4/09,,・緊急または危険な状況を処理するためのサービス，例．地震津波警報システム［ＥＴＷＳ］［２０１８．０１］
uploaded,新設,,H04W 76/01,,・接続の設定［２０１８．０１］
uploaded,新設,,H04W 76/01 110,,・・フラッディングを使用するもの
uploaded,新設,,H04W 76/01 130,,・・ポインタ情報の転送
uploaded,新設,,H04W 76/11,,・・接続識別子の割り当てまたは使用［２０１８．０１］
uploaded,新設,,H04W 76/12,,・・トランスポートトンネルの設定［２０１８．０１］
uploaded,新設,,H04W 76/14,,・・直接モードの設定［２０１８．０１］
uploaded,新設,,H04W 76/15,,・・複数の無線リンク接続の設定［２０１８．０１］
uploaded,新設,,H04W 76/16,,・・・異なるコアネットワーク技術を伴うもの，例．回線交換［ＣＳ］ベアラと組み合わせられるパケットスイッチ［ＰＳ］ベアラ［２０１８．０１］
uploaded,新設,,H04W 76/18,,・・設定の拒否または失敗を管理するもの［２０１８．０１］
uploaded,新設,,H04W 76/19,,・・接続の再確立［２０１８．０１］
uploaded,新設,,H04W 76/02,,・確立された接続の操作［２０１８．０１］
uploaded,新設,,H04W 76/22,,・・トランスポートトンネルの操作［２０１８．０１］
uploaded,新設,,H04W 76/23,,・・直接モード接続の操作［２０１８．０１］
uploaded,新設,,H04W 76/25,,・・確立された接続の維持［２０１８．０１］
uploaded,新設,,H04W 76/27,,・・ラジオリソースコントロール［ＲＲＣ］状態の遷移［２０１８．０１］
uploaded,新設,,H04W 76/28,,・・不連続送信［ＤＴＸ］；不連続受信［ＤＲＸ］［２０１８．０１］
uploaded,新設,,H04W 76/03,,・接続の解除［２０１８．０１］
uploaded,新設,,H04W 76/32,,・・トランスポートトンネルの解除［２０１８．０１］
uploaded,新設,,H04W 76/34,,・・進行中の接続の選択的な解除［２０１８．０１］
uploaded,新設,,H04W 76/36,,・・・解除された接続と関係づけられるリソースの再割り当てのためのもの［２０１８．０１］
uploaded,新設,,H04W 76/38,,・・タイマーによりトリガされるもの［２０１８．０１］
uploaded,新設,,H04W 76/04,,・選択的配信または放送のためのもの［２０１８．０１］
uploaded,新設,,H04W 76/45,,・・プッシュ・トゥー・トーク［ＰＴＴ］サービスまたはプッシュ・オン・コールオーバーセルラー［ＰｏＣ］サービスのためのもの［２０１８．０１］
uploaded,新設,,H04W 76/05,,・緊急接続のためのもの［２０１８．０１］
uploaded,廃止,A41D 1/08 A,A41D 1/082,スキ－ズボン,
uploaded,廃止,A41D 1/08 B,A41D 1/085,ゴルフズボン,
uploaded,廃止,A41D 1/08 C,A41D 1/086,乗馬ズボン,
uploaded,廃止,A41D 1/08 D,A41D 1/089,シヨ－トパンツ,
uploaded,廃止,A41D 1/08 Z,A41D 1/08,その他のもの,
uploaded,廃止,A41D 1/02,A41D 1/21 100,・妊婦服,
uploaded,廃止,A41D 1/22 B,A41D 1/215,授乳用衣服,
uploaded,廃止,A47K 3/22,A47K 3/28,・水あび装置（給水ホースの支持または懸垂装置Ｅ０３Ｃ１／０６）；上方に噴霧する装置をもたないビデ（上方に噴霧する装置をもつビデＡ６１Ｈ３５／００，Ｅ０３Ｄ９／０８）；シャワー（噴霧ヘッドＢ０５Ｂ１／００）,
uploaded,廃止,A47K 3/23,A47K 3/32,・・組み立て式のシャワー浴槽キャビネット,
uploaded,廃止,A47K 3/24,A47K 3/28,・・シャワーリング,
uploaded,廃止,A61B 5/00 101 D,A61B 5/01,熱の測定,
uploaded,廃止,A61B 5/00 101 E,A61B 5/01 100,・生体表面の測定〔Ｋが優先〕,
uploaded,廃止,A61B 5/00 101 F,A61B 5/01 150,・・温度測定回路〔臨床用体温計Ｇ０１Ｋ５／２２，婦人用１０／００〕,
uploaded,廃止,A61B 5/00 101 G,A61B 5/01 200,・・液晶を用いるもの,
uploaded,廃止,A61B 5/00 101 H,A61B 5/01 250,・生体内の測定〔Ｋが優先〕,
uploaded,廃止,A61B 5/00 101 J,A61B 5/01 300,・・心筋の測定,
uploaded,廃止,A61B 5/00 101 K,A61B 5/01 350,・赤外線の測定によるもの,
uploaded,廃止,A61B 5/02 500,A61B 5/0205,・・心臓血管の状態と人体状態の種々の型の両方を同時に評価するもの，例．心臓と呼吸状態,
uploaded,廃止,A61B 5/02 600,A61B 5/021,・・心臓または血管内の圧力を測定するもの（Ａ６１Ｂ５／０２　５００が優先）,
uploaded,廃止,A61B 5/02 610,A61B 5/0215,・・・人体に挿入された手段によるもの,
uploaded,廃止,A61B 5/02 610 A,A61B 5/0215 A,血圧計システム,
uploaded,廃止,A61B 5/02 610 B,A61B 5/0215 B,・血圧計用カテーテル（カテーテルＡ６１Ｍ２５／００）,
uploaded,廃止,A61B 5/02 610 C,A61B 5/0215 C,・・圧→電変換センサを有するもの,
uploaded,廃止,A61B 5/02 610 D,A61B 5/0215 D,・・圧→光変換センサを有するもの,
uploaded,廃止,A61B 5/02 610 E,A61B 5/0215 E,・カテーテルと測定装置の間を接続するもの,
uploaded,廃止,A61B 5/02 610 F,A61B 5/0215 F,・測定装置（表示，記録Ａ６１Ｂ５／０２　６３５）,
uploaded,廃止,A61B 5/02 610 Z,A61B 5/0215 Z,その他のもの,
uploaded,廃止,A61B 5/02 630,A61B 5/022,・・・血管をふさぐための圧力を適用するもの，例．皮膚に対するもの；眼底血圧計,
uploaded,廃止,A61B 5/02 630 A,A61B 5/022 A,血圧計システム,
uploaded,廃止,A61B 5/02 630 B,A61B 5/022 B,・測定部位に特徴を有するもの,
uploaded,廃止,A61B 5/02 630 C,A61B 5/022 C,・・指用血圧計,
uploaded,廃止,A61B 5/02 630 E,A61B 5/022 E,・血圧計本体（カフと一体のものＡ６１Ｂ５／０２　６３３Ｆ）,
uploaded,廃止,A61B 5/02 630 F,A61B 5/022 F,・・電源，電源スイッチに関するもの,
uploaded,廃止,A61B 5/02 630 G,A61B 5/022 G,・・収納装置,
uploaded,廃止,A61B 5/02 630 H,A61B 5/022 H,・・表示，記録装置（Ａ６１Ｂ５／０２　６３５が優先）,
uploaded,廃止,A61B 5/02 630 J,A61B 5/022 J,・血圧計本体とカフ装置等との間を接続するもの,
uploaded,廃止,A61B 5/02 630 K,A61B 5/022 K,・・流体を接続するもの,
uploaded,廃止,A61B 5/02 630 Z,A61B 5/022 Z,その他のもの,
uploaded,廃止,A61B 5/02 631,A61B 5/022 100,・・・・血圧の検出,
uploaded,廃止,A61B 5/02 631 A,A61B 5/022 100 A,カフ圧検出，例．流体圧→トランスジューサ,
uploaded,廃止,A61B 5/02 631 B,A61B 5/022 100 B,動脈検出，例．動脈→トランスジューサ,
uploaded,廃止,A61B 5/02 631 C,A61B 5/022 100 C,・カフ帯に用いる点に特徴を有するもの,
uploaded,廃止,A61B 5/02 631 D,A61B 5/022 100 D,検出回路,
uploaded,廃止,A61B 5/02 631 Z,A61B 5/022 100 Z,その他のもの,
uploaded,廃止,A61B 5/02 632,A61B 5/022 200,・・・・コロトコフ音の検出,
uploaded,廃止,A61B 5/02 632 A,A61B 5/022 200 A,検出部（聴診器はＡ６１Ｂ７／００，マイクロホンはＨ０４Ｒ）,
uploaded,廃止,A61B 5/02 632 B,A61B 5/022 200 B,・カフ帯に用いる点に特徴を有するもの,
uploaded,廃止,A61B 5/02 632 C,A61B 5/022 200 C,検出回路，コロトコフ音の表示,
uploaded,廃止,A61B 5/02 632 D,A61B 5/022 200 D,コロトコフ音の識別,
uploaded,廃止,A61B 5/02 632 E,A61B 5/022 200 E,・フィルタを用いるもの,
uploaded,廃止,A61B 5/02 632 F,A61B 5/022 200 F,・参照信号を用いるもの,
uploaded,廃止,A61B 5/02 632 G,A61B 5/022 200 G,・・脈波を参照信号とするもの,
uploaded,廃止,A61B 5/02 632 H,A61B 5/022 200 H,・２個のマイクロホンを用いるもの,
uploaded,廃止,A61B 5/02 632 J,A61B 5/022 200 J,・その他の回路を用いるもの,
uploaded,廃止,A61B 5/02 632 Z,A61B 5/022 200 Z,その他のもの,
uploaded,廃止,A61B 5/02 633,A61B 5/022 300,・・・・カフ装置,
uploaded,廃止,A61B 5/02 633 A,A61B 5/022 300 A,阻血用カフ帯（Ａ６１Ｂ５／０２　６３３Ｂが優先）,
uploaded,廃止,A61B 5/02 633 B,A61B 5/022 300 B,集音用カフ帯,
uploaded,廃止,A61B 5/02 633 C,A61B 5/022 300 C,カフ帯の製造,
uploaded,廃止,A61B 5/02 633 D,A61B 5/022 300 D,コロトコフ音検出部の取付け,
uploaded,廃止,A61B 5/02 633 E,A61B 5/022 300 E,コロトコフ音検出部の位置の表示,
uploaded,廃止,A61B 5/02 633 F,A61B 5/022 300 F,血圧計本体を取付けたカフ装置,
uploaded,廃止,A61B 5/02 633 G,A61B 5/022 300 G,カフ帯の巻付け装置,
uploaded,廃止,A61B 5/02 633 H,A61B 5/022 300 H,・面ファスナを用いたもの,
uploaded,廃止,A61B 5/02 633 J,A61B 5/022 300 J,・・折返しリングを有するもの,
uploaded,廃止,A61B 5/02 633 K,A61B 5/022 300 K,・自動式,
uploaded,廃止,A61B 5/02 633 L,A61B 5/022 300 L,肘受け装置,
uploaded,廃止,A61B 5/02 633 Z,A61B 5/022 300 Z,その他のもの,
uploaded,廃止,A61B 5/02 634,A61B 5/022 400,・・・・血圧の測定,
uploaded,廃止,A61B 5/02 634 A,A61B 5/022 400 A,最高，最低，平均血圧値の決定手段,
uploaded,廃止,A61B 5/02 634 B,A61B 5/022 400 B,・コロトコフ音を用いるもの,
uploaded,廃止,A61B 5/02 634 C,A61B 5/022 400 C,・・最高血圧値の決定,
uploaded,廃止,A61B 5/02 634 D,A61B 5/022 400 D,・・最低血圧値の決定,
uploaded,廃止,A61B 5/02 634 E,A61B 5/022 400 E,・脈波を用いるもの,
uploaded,廃止,A61B 5/02 634 F,A61B 5/022 400 F,・・容積脈波によるもの,
uploaded,廃止,A61B 5/02 634 H,A61B 5/022 400 H,・・位相差によるもの,
uploaded,廃止,A61B 5/02 634 L,A61B 5/022 400 L,血圧値の監視,
uploaded,廃止,A61B 5/02 634 M,A61B 5/022 400 M,血圧値の補正,
uploaded,廃止,A61B 5/02 634 N,A61B 5/022 400 N,装置の検査，異常時の対策,
uploaded,廃止,A61B 5/02 634 Z,A61B 5/022 400 Z,その他のもの,
uploaded,廃止,A61B 5/02 635,A61B 5/022 500,・・・・表示，記録,
uploaded,廃止,A61B 5/02 635 A,A61B 5/022 500 A,血圧値の表示，記録,
uploaded,廃止,A61B 5/02 635 B,A61B 5/022 500 B,・最高，最低血圧値の表示，記録,
uploaded,廃止,A61B 5/02 635 C,A61B 5/022 500 C,・・同時にコロトコフ音又は脈波信号を表示するもの,
uploaded,廃止,A61B 5/02 635 D,A61B 5/022 500 D,・・切換表示,
uploaded,廃止,A61B 5/02 635 G,A61B 5/022 500 G,アネロイド型（アネロイド気圧計Ｇ０１Ｌ７／１２）,
uploaded,廃止,A61B 5/02 635 H,A61B 5/022 500 H,・表示，記録,
uploaded,廃止,A61B 5/02 635 L,A61B 5/022 500 L,測定状態の表示（Ａ６１Ｂ５／０２　６３５Ｍが優先）,
uploaded,廃止,A61B 5/02 635 M,A61B 5/022 500 M,測定異常の表示,
uploaded,廃止,A61B 5/02 635 N,A61B 5/022 500 N,装置異常の表示,
uploaded,廃止,A61B 5/02 635 Z,A61B 5/022 500 Z,その他のもの,
uploaded,廃止,A61B 5/02 636,A61B 5/0225,・・・・圧力が電気信号によって制御されるもの，例．コロトコフ音から導き出された電気信号,
uploaded,廃止,A61B 5/02 636 A,A61B 5/0225 A,加減圧装置,
uploaded,廃止,A61B 5/02 636 B,A61B 5/0225 B,・加圧装置,
uploaded,廃止,A61B 5/02 636 C,A61B 5/0225 C,・減圧装置（特に適合した弁Ａ６１Ｂ５／０２　６３９，弁一般Ｆ１６Ｋ）,
uploaded,廃止,A61B 5/02 636 E,A61B 5/0225 E,・・定速排気弁（特に適合した弁Ａ６１Ｂ５／０２　６３９）,
uploaded,廃止,A61B 5/02 636 F,A61B 5/0225 F,加減圧制御,
uploaded,廃止,A61B 5/02 636 G,A61B 5/0225 G,・加圧制御,
uploaded,廃止,A61B 5/02 636 H,A61B 5/0225 H,・減圧制御,
uploaded,廃止,A61B 5/02 636 Z,A61B 5/0225 Z,その他のもの,
uploaded,廃止,A61B 5/02 638,A61B 5/023,・・・・液体柱からなる圧力変換器,
uploaded,廃止,A61B 5/02 638 E,A61B 5/023 E,水銀柱型（水銀柱計Ｇ０１Ｌ１３／０４）,
uploaded,廃止,A61B 5/02 638 F,A61B 5/023 F,・表示，記録,
uploaded,廃止,A61B 5/02 638 Z,A61B 5/023 Z,その他のもの,
uploaded,廃止,A61B 5/02 639,A61B 5/0235,・・・・そのために特に適合した弁,
uploaded,廃止,A61B 5/02 700,A61B 5/024,・・脈拍または心拍を測定するもの（Ａ６１Ｂ５／０２　５００，Ａ６１Ｂ５／０２　６００が優先）,
uploaded,廃止,A61B 5/02 710,A61B 5/0245,・・・電気信号を発生する検知手段を用いるもの,
uploaded,廃止,A61B 5/02 710 A,A61B 5/0245 A,脈拍計装置（Ａ６１Ｂ５／０２　３１０Ａ，Ａ６１Ｂ５／０２　３１０Ｊが優先）,
uploaded,廃止,A61B 5/02 710 B,A61B 5/0245 B,・手首用脈拍計（Ａ６１Ｂ５／０２　７１０Ｐが優先）,
uploaded,廃止,A61B 5/02 710 C,A61B 5/0245 C,・自動車に取付けられたもの,
uploaded,廃止,A61B 5/02 710 D,A61B 5/0245 D,・自転車に取付けられたもの（Ａ６１Ｂ５／０２　７１０Ｐが優先）,
uploaded,廃止,A61B 5/02 710 E,A61B 5/0245 E,・電源スイッチに関するもの,
uploaded,廃止,A61B 5/02 710 F,A61B 5/0245 F,・信頼性に関するもの,
uploaded,廃止,A61B 5/02 710 P,A61B 5/0245 P,トレーニング用脈拍計,
uploaded,廃止,A61B 5/02 710 Q,A61B 5/0245 Q,胎児用脈拍計,
uploaded,廃止,A61B 5/02 710 Z,A61B 5/0245 Z,その他のもの,
uploaded,廃止,A61B 5/02 711,A61B 5/0245 100,・・・・入出力回路（脈波検出トランスジューサー，入力回路はＡ６１Ｂ５／０２　３１０）,
uploaded,廃止,A61B 5/02 711 A,A61B 5/0245 100 A,入力回路,
uploaded,廃止,A61B 5/02 711 B,A61B 5/0245 100 B,・光電式（Ａ６１Ｂ５／０２　３１０Ｈが優先）,
uploaded,廃止,A61B 5/02 711 C,A61B 5/0245 100 C,・圧電式（Ａ６１Ｂ５／０２　３１０Ｊが優先）,
uploaded,廃止,A61B 5/02 711 D,A61B 5/0245 100 D,・心電位式,
uploaded,廃止,A61B 5/02 711 E,A61B 5/0245 100 E,・心音式,
uploaded,廃止,A61B 5/02 711 T,A61B 5/0245 100 T,脈搏数異常の警報,
uploaded,廃止,A61B 5/02 711 Z,A61B 5/0245 100 Z,その他のもの,
uploaded,廃止,A61B 5/02 712,A61B 5/0245 200,・・・・脈拍数の計数,
uploaded,廃止,A61B 5/02 713,A61B 5/025,・・・・閉塞器の内部にあるもの，例．コロトコフ音に感応するもの,
uploaded,廃止,A61B 5/02 730,A61B 5/0255,・・・そのために特に適合した記録機器,
uploaded,廃止,A61B 5/02 730 Q,A61B 5/0255 Q,音声表示,
uploaded,廃止,A61B 5/02 730 R,A61B 5/0255 R,グラフ表示,
uploaded,廃止,A61B 5/02 730 S,A61B 5/0255 S,記憶装置,
uploaded,廃止,A61B 5/02 730 Z,A61B 5/0255 Z,その他のもの,
uploaded,廃止,A61B 5/02 800,A61B 5/026,・・血流を測定するもの,
uploaded,廃止,A61B 5/02 800 C,A61B 5/026 110,圧力計を用いるもの,
uploaded,廃止,A61B 5/02 800 D,A61B 5/026 120,光センサを用いるもの（Ａ６１Ｂ５／０２　８３０Ｊが優先）,
uploaded,廃止,A61B 5/02 800 G,A61B 5/026 130,ＮＭＲ法によるもの（イメージングはＡ６１Ｂ５／０５　３００～Ａ６１Ｂ５／０５　４００）,
uploaded,廃止,A61B 5/02 800 Z,A61B 5/026 140,その他のもの,
uploaded,廃止,A61B 5/02 810,A61B 5/0265,・・・電磁手段を用いるもの，例．電磁流量計,
uploaded,廃止,A61B 5/02 815,A61B 5/027,・・・・カテーテルを用いるもの,
uploaded,廃止,A61B 5/02 830,A61B 5/0275,・・・追跡子を用いるもの，例．染料希釈,
uploaded,廃止,A61B 5/02 830 F,A61B 5/0275 F,イオンセンサを用いるもの,
uploaded,廃止,A61B 5/02 830 J,A61B 5/0275 J,指示薬を用いるもの，例．色素，ＲＩまたは気泡を含む,
uploaded,廃止,A61B 5/02 830 Z,A61B 5/0275 Z,その他のもの,
uploaded,廃止,A61B 5/02 835,A61B 5/028,・・・・熱希釈によるもの,
uploaded,廃止,A61B 5/02 840,A61B 5/0285,・・・血液波動の位相速度を測定するもの,
uploaded,廃止,A61B 5/02 840 H,A61B 5/0285 H,ドップラー法によるもの（超音波を用いるものＡ６１Ｂ８／０６）,
uploaded,廃止,A61B 5/02 840 Z,A61B 5/0285 Z,その他のもの,
uploaded,廃止,A61B 5/02 850,A61B 5/029,・・・心臓からの血液拍出量，例．毎分の容積，を測定するもの,
uploaded,廃止,A61B 5/02 860,A61B 5/0295,・・・プレチスモグラフィを用いるもの，すなわち通過する血液の循環によって変更されるような人体部分の容積の変化を測定するもの，例．インビーダンスプレチスモグラフィ,
uploaded,廃止,A61B 5/05 300,A61B 5/055,・・磁気共鳴を用いるもの,
uploaded,廃止,A61B 5/05 310,A61B 5/055 310,・・・核磁気共鳴を用いるもの,
uploaded,廃止,A61B 5/05 311,A61B 5/055 311,・・・・原理，走査形式一般〔例．パルスシ－ケンス〕,
uploaded,廃止,A61B 5/05 312,A61B 5/055 312,・・・・・スピン・エコ－法,
uploaded,廃止,A61B 5/05 320,A61B 5/055 320,・・・・デ－タ取得部；ガントリ－部全体とその周辺〔例．ガントリ－内部の照明，遮音，配線実装等〕,
uploaded,廃止,A61B 5/05 330,A61B 5/055 330,・・・・・磁場系；複数磁場の組合わせ，実装等,
uploaded,廃止,A61B 5/05 331,A61B 5/055 331,・・・・・・静磁場発生系；永久磁石，電磁石－電源,
uploaded,廃止,A61B 5/05 332,A61B 5/055 332,・・・・・・・補正系；調整部材，シムコイル－電源，制御系,
uploaded,廃止,A61B 5/05 340,A61B 5/055 340,・・・・・・傾斜磁場発生系；コイル－電源；永久磁石,
uploaded,廃止,A61B 5/05 341,A61B 5/055 341,・・・・・・・磁場印加方法〔デ－タ取得のための走査方法→３１１〕,
uploaded,廃止,A61B 5/05 342,A61B 5/055 342,・・・・・・・・磁場印加制御回路装置,
uploaded,廃止,A61B 5/05 350,A61B 5/055 350,・・・・・・高周波磁場系〔コイル－同調回路－マツチング回路－ケ－ブル発振器〕,
uploaded,廃止,A61B 5/05 351,A61B 5/055 351,・・・・・・・印加制御回路又は装置〔印加制御－波形制御－切換制御－同時制御〕,
uploaded,廃止,A61B 5/05 355,A61B 5/055 355,・・・・・・共鳴信号受信回路〔コイル－同調回路－ケ－ブル－増幅部〕,
uploaded,廃止,A61B 5/05 360,A61B 5/055 360,・・・・・・冷却〔温度制御を含む〕,
uploaded,廃止,A61B 5/05 362,A61B 5/055 362,・・・・・・磁気遮蔽〔電磁波の遮蔽，渦電流の補償，アクテブ制御をふくむ〕,
uploaded,廃止,A61B 5/05 364,A61B 5/055 364,・・・・・信号検出回路〔増幅器－フイルタ－検波回路〕,
uploaded,廃止,A61B 5/05 366,A61B 5/055 366,・・・・・寝台〔天板，天板上の付属具等〕；まくら等,
uploaded,廃止,A61B 5/05 370,A61B 5/055 370,・・・・制御技術〔例．磁気検出，電源制御，全体の制御〕,
uploaded,廃止,A61B 5/05 372,A61B 5/055 372,・・・・サンプリング；Ａ／Ｄ変換時の制御，回路装置,
uploaded,廃止,A61B 5/05 374,A61B 5/055 374,・・・・デ－タ補正,
uploaded,廃止,A61B 5/05 376,A61B 5/055 376,・・・・デ－タ処理；再機成演算〔再構成演算と補正を分離せずに行うものを含む〕,
uploaded,廃止,A61B 5/05 377,A61B 5/055 377,・・・・・フ－リエ変換法；再構成におけるもの〔一般→Ｇ０６Ｆ〕,
uploaded,廃止,A61B 5/05 380,A61B 5/055 380,・・・・画像処理；表示技術；すでに画像デ－タになつたものに対する処理，画像強調，表示装置,
uploaded,廃止,A61B 5/05 382,A61B 5/055 382,・・・・特殊技術；用途〔利用技術〕に関するもの〔例．動くものを止める，動くものを消す，対象が特定なもの（流体）〕,
uploaded,廃止,A61B 5/05 383,A61B 5/055 383,・・・・・造影剤；造影剤撮影,
uploaded,廃止,A61B 5/05 390,A61B 5/055 390,・・・・その他；伝送，保存，デ－タベ－ス，フアントム，周辺具，他の装置との組成せ，併用,
uploaded,廃止,A61B 5/05 400,A61B 5/055 400,・・・電子共鳴を用いるもの,
uploaded,廃止,A61B 5/08 100,A61B 5/083,・・呼吸検査により代謝（酸素消費率等）を測定するもの,
uploaded,廃止,A61B 5/08 150,A61B 5/085,・・呼吸器抵抗または肺弾性を測定するもの,
uploaded,廃止,A61B 5/08 200,A61B 5/087,・・呼吸流量を測定するもの,
uploaded,廃止,A61B 5/08 201,A61B 5/09,・・・回転する部材を用いて呼吸流量を測定するもの,
uploaded,廃止,A61B 5/08 300,A61B 5/091,・・肺活量計,
uploaded,廃止,A61B 5/08 310,A61B 5/093,・・・呼吸に応じて容器外形が変化する肺活量計,
uploaded,廃止,A61B 5/08 311,A61B 5/095,・・・・硬質容器の外形が変化する肺活量計［液面境界等］,
uploaded,廃止,A61B 5/08 400,A61B 5/097,・・測定手段に呼吸気を導くための器具［マウスピース等］,
uploaded,廃止,A61B 5/01,A61B 5/103,・人体またはその部分の形状，模様，寸法，動きの検査のための測定または記録用具（裁縫師のための採寸補助具Ａ４１Ｈ１／００；プロフィルの測定一般Ｇ０１Ｂ）；個人識別装置，指紋の採取，足せき紋の採取，個人識別のための印象技術（歯科の印象盆または咬合器Ａ６１Ｃ９／００，１１／００；プロフィルの測定一般Ｇ０１Ｂ；データの認識Ｇ０６Ｋ；指紋の認識Ｇ０６Ｋ９／００；認識票Ｇ０９Ｆ３／００）,
uploaded,廃止,A61B 5/01 300,A61B 5/107,・・身体の寸法を測定するもの，例．身体全体またはその部分の大きさ,
uploaded,廃止,A61B 5/01 300 A,A61B 5/107,一般,
uploaded,廃止,A61B 5/01 300 B,A61B 5/107 100,体の外形の測定（衣服を作る為のものＡ４１Ｈ１／００）,
uploaded,廃止,A61B 5/01 300 C,A61B 5/107 200,脊柱の曲がりの測定,
uploaded,廃止,A61B 5/01 300 D,A61B 5/107 300,姿勢，位置，体位，傾斜の測定,
uploaded,廃止,A61B 5/01 300 F,A61B 5/107 400,身長の測定（Ａ６１Ｂ５／１０　３００Ｈ～Ｊが優先）,
uploaded,廃止,A61B 5/01 300 G,A61B 5/107 401,・体重計と結合したもの（体重計それ自体Ｇ０１Ｇ）,
uploaded,廃止,A61B 5/01 300 H,A61B 5/107 410,座高の測定,
uploaded,廃止,A61B 5/01 300 J,A61B 5/107 420,胸囲の測定,
uploaded,廃止,A61B 5/01 300 M,A61B 5/107 500,子宮，膣に関する測定,
uploaded,廃止,A61B 5/01 300 N,A61B 5/107 600,乳房に関する測定,
uploaded,廃止,A61B 5/01 300 P,A61B 5/107 700,毛に関する測定,
uploaded,廃止,A61B 5/01 300 Q,A61B 5/107 800,皮膚に関する測定（指紋識別Ａ６１Ｂ５／１０，３６４）,
uploaded,廃止,A61B 5/01 300 S,A61B 5/107 110,・頭・顔の形状，寸法の測定,
uploaded,廃止,A61B 5/01 300 T,A61B 5/107 120,・手・指の形状，寸法の測定,
uploaded,廃止,A61B 5/01 300 U,A61B 5/107 130,・足・足指の形状，寸法の測定（靴型作成の為のものＡ４３Ｄ１／０２）,
uploaded,廃止,A61B 5/01 300 Z,A61B 5/107,その他のもの,
uploaded,廃止,A61B 5/01 310,A61B 5/11,・・身体全体またはその部分の動きを測定するもの，例．頭または手の震えまたは４肢の運動性（脈はく測定のためのものＡ６１Ｂ５／０２）,
uploaded,廃止,A61B 5/01 310 A,A61B 5/11,一般,
uploaded,廃止,A61B 5/01 310 B,A61B 5/11 210,平衡機能の検査；重心，足裏の圧力分布の測定,
uploaded,廃止,A61B 5/01 310 F,A61B 5/11 220,屈伸量の測定，例．体前屈測定,
uploaded,廃止,A61B 5/01 310 G,A61B 5/11 230,腕・手・指・脚・足・足指の動きの測定，例．足関節回転角度の測定；リハビリ検査（筋力のみの測定Ａ６１Ｂ５／２２）,
uploaded,廃止,A61B 5/01 310 J,A61B 5/11 300,顎の動きの測定；咬合の測定（歯科用のものＡ６１Ｃ１９）,
uploaded,廃止,A61B 5/01 310 K,A61B 5/11 310,のど，喉頭の動きの測定，例．喉頭ストロボスコープ（喉頭鏡Ａ６１Ｂ１／２６）,
uploaded,廃止,A61B 5/01 310 L,A61B 5/11 320,舌，口の動きの測定，例．パラトグラフ（運動の量の測定Ａ６１Ｂ５／２２，眼球の動きの測定Ａ６１Ｂ３／１０）,
uploaded,廃止,A61B 5/01 310 Z,A61B 5/11,その他のもの,
uploaded,廃止,A61B 5/01 315,A61B 5/113,・・・呼吸中に起るもの,
uploaded,廃止,A61B 5/01 330,A61B 5/117,・・個人の識別（パターンを認識するための方法または装置，例．指紋，Ｇ０６Ｋ９／００；音声または話し方の解析による個人の識別Ｇ１０Ｌ１７／００）,
uploaded,廃止,A61B 5/01 340,A61B 5/117 100,・・・身体又はその部分の動作に基づくもの,
uploaded,廃止,A61B 5/01 350,A61B 5/117 200,・・・生理学的信号に基づくもの，例．心電図に基づくもの,
uploaded,廃止,A61B 5/01 360,A61B 5/1171,・・・身体またはその部分の形状または外観に基づくもの,
uploaded,廃止,A61B 5/01 361,A61B 5/1171 100,・・・・静脈パターン,
uploaded,廃止,A61B 5/01 362,A61B 5/1171 200,・・・・顔認識,
uploaded,廃止,A61B 5/01 363,A61B 5/1171 300,・・・・虹彩（アイリス），眼,
uploaded,廃止,A61B 5/01 364,A61B 5/1172,・・・・指紋を利用するもの,
uploaded,廃止,A61B 5/01 365,A61B 5/1174,・・・・足跡を利用するもの,
uploaded,廃止,A61B 5/01 366,A61B 5/1178,・・・・歯のデータを利用するもの,
uploaded,廃止,A61B 5/14,A61B 5/145,・血液試料を採取するための用具（皮下注射器Ａ６１Ｍ５／００）；生体内の血液特性の測定，例．血流中のガス濃度，血液のＰＨ値（血圧の測定５／０２；血流中の異物の放射線を用いない検出または探知５／０６；生体外での測定Ｇ０１Ｎ）,
uploaded,廃止,A61B 5/14 300,A61B 5/15,・・血液採取用具,
uploaded,廃止,A61B 5/14 300 B,A61B 5/15 100,材質，材料に特徴のあるもの〔例．抗凝血材，凝固促進材〕,
uploaded,廃止,A61B 5/14 300 C,A61B 5/15 200,血液分離に適したもの,
uploaded,廃止,A61B 5/14 300 D,A61B 5/151,採血用メス；ランセツト,
uploaded,廃止,A61B 5/14 300 E,A61B 5/154,真空採血管型〔Ｈ優先〕,
uploaded,廃止,A61B 5/14 300 F,A61B 5/153 100,注射器，プランジヤ－型〔Ｈ優先〕,
uploaded,廃止,A61B 5/14 300 G,A61B 5/153 200,ポンプ吸引型,
uploaded,廃止,A61B 5/14 300 H,A61B 5/153 300,採血針部,
uploaded,廃止,A61B 5/14 300 J,A61B 5/151 400,毛管型,
uploaded,廃止,A61B 5/14 300 K,A61B 5/155,連続サンプリング、複数サンプリング（Ｅ，Ｈ優先）,
uploaded,廃止,A61B 5/14 300 L,A61B 5/157,血液特性測定手段と結合した血液採取用具,
uploaded,廃止,A61B 5/14 300 Z,A61B 5/15,その他のもの,
uploaded,廃止,A61B 5/14 310,A61B 5/145,・・生体内の血液特性の測定,
uploaded,廃止,A61B 5/14 320,A61B 5/1455,・・・光学測定（光音響→Ａ６１Ｂ５／１４，３１０）,
uploaded,廃止,A61B 5/14 321,A61B 5/1459,・・・・侵襲型［カテーテルに設けられたもの等］,
uploaded,廃止,A61B 5/14 322,A61B 5/1455,・・・・非侵襲型［パルスオキシメータ等］,
uploaded,廃止,A61B 5/14 323,A61B 5/1464,・・・・胎児用,
uploaded,廃止,A61B 5/14 330,A61B 5/1468,・・・化学測定、電気化学測定（酵素電極→Ａ６１Ｂ５／１４，３４０）,
uploaded,廃止,A61B 5/14 331,A61B 5/1473,・・・・侵襲型［カテーテルに設けられたもの等］,
uploaded,廃止,A61B 5/14 332,A61B 5/1477,・・・・非侵襲型,
uploaded,廃止,A61B 5/14 333,A61B 5/1482,・・・・胎児用,
uploaded,廃止,A61B 5/14 340,A61B 5/1486,・・・酵素電極を使用するもの,
uploaded,廃止,A61B 5/14 350,A61B 5/1491,・・・加熱手段を有する血液特性測定手段,
uploaded,廃止,A61B 5/14 360,A61B 5/1495,・・・血液特性を測定するための生体プローブの較正または試験,
uploaded,廃止,A61B 5/16 300,A61B 5/16,・・反応時間の検査,
uploaded,廃止,A61B 5/16 300 A,A61B 5/16,一般,
uploaded,廃止,A61B 5/16 300 B,A61B 5/16,疲労度の検査,
uploaded,廃止,A61B 5/16 300 Z,A61B 5/16,その他のもの,
uploaded,廃止,A61B 5/22 A,A61B 5/22,一般〔縦書公報を含む；咬合力の測定→Ａ６１Ｃ；肛門括約筋の強さの測定・子宮内圧力の測定→Ａ６１Ｂ５／０２　１０１〕,
uploaded,廃止,A61B 5/22 B,A61B 5/22 100,運動量・仕事量の測定；エルグ計,
uploaded,廃止,A61B 5/22 C,A61B 5/22 110,・運動回数，持久力の測定,
uploaded,廃止,A61B 5/22 F,A61B 5/22 210,指力，指圧力の測定,
uploaded,廃止,A61B 5/22 G,A61B 5/22 220,握力の測定,
uploaded,廃止,A61B 5/22 H,A61B 5/22 230,背筋力の測定,
uploaded,廃止,A61B 5/22 J,A61B 5/22 240,衝撃による打撃力，投てき力の測定〔例．ゴルフボ－ルを打撃するもの〕,
uploaded,廃止,A61B 5/22 K,A61B 5/22 250,振り力，スイング力の測定〔例．バツトやゴルフクラブ内に加速度計を有するもの〕,
uploaded,廃止,A61B 5/22 P,A61B 5/22 260,漕力の測定,
uploaded,廃止,A61B 5/22 Q,A61B 5/22 270,跳躍力の測定,
uploaded,廃止,A61B 5/22 R,A61B 5/22 280,捻り力，ひねり力の測定,
uploaded,廃止,A61B 5/22 Z,A61B 5/22,その他のもの,
uploaded,廃止,A61L 31/06 100,A61L 31/06,・・・ゴム,
uploaded,廃止,B01J 39/04 110,B01J 39/05,・・強酸状態のもの,
uploaded,廃止,B01J 39/04 120,B01J 39/07,・・弱酸状態のもの,
uploaded,廃止,B01J 39/08 110,B01J 39/09,・・無機物質,
uploaded,廃止,B01J 39/16 110,B01J 39/17,・・・無機物質，例．イオン交換樹脂で被覆された不活性物質，をも含有するもの,
uploaded,廃止,B01J 39/18 110,B01J 39/19,・・・・不飽和炭素ー炭素結合のみが関与する反応以外で得られるもの,
uploaded,廃止,B01J 41/04 110,B01J 41/05,・・強塩基性状態のもの,
uploaded,廃止,B01J 41/04 120,B01J 41/07,・・弱塩基性状態のもの,
uploaded,廃止,B01J 41/08 110,B01J 41/09,・・有機物質（高分子化合物Ｂ０１Ｊ４１／１２）,
uploaded,廃止,B01J 41/12 110,B01J 41/13,・・・不飽和炭素ー炭素結合のみが関与する反応以外の反応で得られる高分子化合物,
uploaded,廃止,B01J 47/00 110,B01J 47/011,・回分法を使用するもの,
uploaded,廃止,B01J 47/00 120,B01J 47/012,・可搬イオン交換装置を使用するもの,
uploaded,廃止,B01J 47/00 130,B01J 47/014,・イオン交換体の吸着性質が関与するもの，例．高分子化合物の回収,
uploaded,廃止,B01J 47/00 140,B01J 47/015,・電子交換体,
uploaded,廃止,B01J 47/00 150,B01J 47/016,・イオン交換体の改質または後処理,
uploaded,廃止,B01J 47/00 160,B01J 47/018,・粒状化，マトリックスへのイオン交換体の取り込み，不活性物質との混合,
uploaded,廃止,B01J 47/00 161,B01J 47/019,・・タブレット状の混合物,
uploaded,廃止,B01J 47/02 110,B01J 47/022,・・塔または容器の構成に特徴があるもの,
uploaded,廃止,B01J 47/02 111,B01J 47/024,・・・イオン交換体が取り外し可能カートリッジ内にあるもの,
uploaded,廃止,B01J 47/02 120,B01J 47/026,・・連結した２個以上の塔または２個以上のベッドを用いるもの,
uploaded,廃止,B01J 47/02 121,B01J 47/028,・・・交互陽イオン性ー陰イオン性交換体を用いるもの,
uploaded,廃止,B01J 47/01 110,B01J 47/11,・・回転ベッド内のもの,
uploaded,廃止,B01J 47/12 110,B01J 47/127,・・フィラメント状または繊維状の物質の使用,
uploaded,廃止,B01J 47/12 120,B01J 47/133,・・プリコートフィルター,
uploaded,廃止,B01J 47/14 110,B01J 47/15,・・固定ｐＨを有する溶液を得るもの,
uploaded,廃止,B01J 49/00 110,B01J 49/05,・固定床に関するもの,
uploaded,廃止,B01J 49/00 111,B01J 49/06,・・陽イオン交換体を含有するもの,
uploaded,廃止,B01J 49/00 112,B01J 49/07,・・陰イオン交換体を含有するもの,
uploaded,廃止,B01J 49/00 113,B01J 49/08,・・別々の床に陽イオン交換体と陰イオン交換体を含有するもの,
uploaded,廃止,B01J 49/00 114,B01J 49/09,・・混合床に関するもの,
uploaded,廃止,B01J 49/00 120,B01J 49/01,・移動床に関するもの,
uploaded,廃止,B01J 49/00 121,B01J 49/12,・・陽イオン交換体を含有するもの,
uploaded,廃止,B01J 49/00 122,B01J 49/14,・・陰イオン交換体を含有するもの,
uploaded,廃止,B01J 49/00 123,B01J 49/16,・・別々の床に陽イオン交換体と陰イオン交換体を含有するもの,
uploaded,廃止,B01J 49/00 124,B01J 49/18,・・混合床に関するもの,
uploaded,廃止,B01J 49/00 130,B01J 49/02,・膜に関するもの,
uploaded,廃止,B01J 49/00 140,B01J 49/03,・電気的再生,
uploaded,廃止,B01J 49/00 150,B01J 49/04,・熱的再生,
uploaded,廃止,B01J 49/00 151,B01J 49/45,・・両性イオン交換体に関するもの,
uploaded,廃止,B01J 49/00 160,B01J 49/05,・再生試薬を特徴とするもの,
uploaded,廃止,B01J 49/00 161,B01J 49/53,・・陽イオン交換体用のもの,
uploaded,廃止,B01J 49/00 162,B01J 49/57,・・陰イオン交換体用のもの,
uploaded,廃止,B01J 49/00 170,B01J 49/06,・イオン交換床の洗浄または水洗,
uploaded,廃止,B01J 49/00 180,B01J 49/07,・プラントが関与するプロセス,
uploaded,廃止,B01J 49/00 181,B01J 49/75,・・硬水軟化剤関連のもの,
uploaded,廃止,B01J 49/00 190,B01J 49/08,・自動再生,
uploaded,廃止,B01J 49/00 191,B01J 49/85,・・そのための設備の制御または調整,
uploaded,廃止,B01J 49/02,B01J 49/09,・再生の間のイオン交換体の逆流を防止する手段を有するもの［３］,
uploaded,廃止,B05B 15/02,B05B 15/05,・放出開口部の洗浄のための装置または手段,
uploaded,廃止,B05B 15/04,B05B 12/16,・噴霧域調節，例．マスキング，側面遮蔽；余剰材料の収集または再利用手段（Ｂ０５Ｂ１／２８が優先）,
uploaded,廃止,B05B 15/04 101,B05B 12/16,・・マーキング,
uploaded,廃止,B05B 15/04 102,B05B 12/16,・・マスキング,
uploaded,廃止,B05B 15/04 103,B05B 12/16,・・遮へい板〔例．ネット，空気流による遮へいも含む〕,
uploaded,廃止,B05B 15/04 104,B05B 12/16,・・余剰材料の収集または再利用手段,
uploaded,廃止,B05B 15/06,B05B 15/06,・使用時または不使用時のスプレーヘッドまたは他の排出口の取付，支持または保持手段あるいは架台（Ｂ０５Ｂ１５／１０が優先）,
uploaded,廃止,B05B 15/08,B05B 15/68,・・スプレーヘッドの位置を調節する手段,
uploaded,廃止,B05B 15/01,B05B 15/07,・スプレーヘッドを作動位置へ，あるいは作動位置から自動的に動かすための装置,
uploaded,廃止,B05B 15/12,B05B 16/00,・スプレーブース［４］,
uploaded,廃止,B42D 15/01,B42D 25/00,・身分証明書，クレジットカード，小切手または類似の情報担持カード（少なくともその一部にデジタルマークが記録されるように設計され，かつ機械で使用される記録担体，例．クレジットカードまたは身分証明書Ｇ０６Ｋ１９／００）［５］,
uploaded,廃止,B42D 15/01 200,B42D 25/02,・・特別の用途または目的により特徴づけられるもの,
uploaded,廃止,B42D 15/01 210,B42D 25/21,・・・多用途のためのもの,
uploaded,廃止,B42D 15/01 220,B42D 25/22,・・・情報担体カードに適した付属品と共に使用するもの,
uploaded,廃止,B42D 15/01 230,B42D 25/23,・・・身分証明カード,
uploaded,廃止,B42D 15/01 240,B42D 25/24,・・・パスポート,
uploaded,廃止,B42D 15/01 250,B42D 25/25,・・・公共交通機関の乗車券（印刷および発券のための装置　Ｇ０７Ｂ）,
uploaded,廃止,B42D 15/01 260,B42D 25/26,・・・入場カード；入場券,
uploaded,廃止,B42D 15/01 270,B42D 25/27,・・・くじ券，例．宝くじ券,
uploaded,廃止,B42D 15/01 280,B42D 25/28,・・・医療に使用するもの,
uploaded,廃止,B42D 15/01 290,B42D 25/29,・・・有価証券；紙幣,
uploaded,廃止,B42D 15/01 300,B42D 25/03,・・身分証明機能またはセキュリティ機能，例．偽造防止,
uploaded,廃止,B42D 15/01 305,B42D 25/305,・・・デジタル情報に関連したもの（少なくともその一部にデジタルマークが記録されるように設計され，かつ機械で使用される記録担体　Ｇ０６Ｋ１９／００）,
uploaded,廃止,B42D 15/01 307,B42D 25/305 100,・・・・ＩＣカード,
uploaded,廃止,B42D 15/01 309,B42D 25/309,・・・写真,
uploaded,廃止,B42D 15/01 313,B42D 25/313,・・・指紋,
uploaded,廃止,B42D 15/01 318,B42D 25/318,・・・署名,
uploaded,廃止,B42D 15/01 324,B42D 25/324,・・・浮き彫り，レリーフ,
uploaded,廃止,B42D 15/01 328,B42D 25/328,・・・回折格子；ホログラム,
uploaded,廃止,B42D 15/01 329,B42D 25/328 100,・・・・回折層または反射層が部分的に形成されているもの,
uploaded,廃止,B42D 15/01 330,B42D 25/328 110,・・・・回折層または反射層が部分的に視認可能なもの，例．上部に印刷層を設けたもの,
uploaded,廃止,B42D 15/01 331,B42D 25/328 120,・・・・光回折，ホログラフィー以外の手法による付加的な情報を有するもの，例．レーザー破壊による情報記録，割印,
uploaded,廃止,B42D 15/01 333,B42D 25/333,・・・透かし,
uploaded,廃止,B42D 15/01 337,B42D 25/337,・・・細紋模様,
uploaded,廃止,B42D 15/01 340,B42D 25/03 100,・・・複写機器の特性に基づいて複写を防止する印刷,
uploaded,廃止,B42D 15/01 342,B42D 25/342,・・・モアレ効果,
uploaded,廃止,B42D 15/01 346,B42D 25/346,・・・穿孔,
uploaded,廃止,B42D 15/01 351,B42D 25/351,・・・半透明の部分または部分的に半透明の部分，例．窓,
uploaded,廃止,B42D 15/01 355,B42D 25/355,・・・偽造防止糸，セキュリティスレッド,
uploaded,廃止,B42D 15/01 360,B42D 25/36,・・・特殊物質を有するもの,
uploaded,廃止,B42D 15/01 364,B42D 25/364,・・・・液晶,
uploaded,廃止,B42D 15/01 369,B42D 25/369,・・・・磁化された物質，磁化できる物質,
uploaded,廃止,B42D 15/01 373,B42D 25/373,・・・・金属,
uploaded,廃止,B42D 15/01 378,B42D 25/378,・・・・特別なインク,
uploaded,廃止,B42D 15/01 382,B42D 25/382,・・・・・赤外線を吸収または反射するもの,
uploaded,廃止,B42D 15/01 387,B42D 25/387,・・・・・紫外線を吸収または反射するもの,
uploaded,廃止,B42D 15/01 391,B42D 25/391,・・・・・偏光された光を吸収または反射するもの,
uploaded,廃止,B42D 15/01 400,B42D 25/04,・・製造,
uploaded,廃止,B42D 15/01 402,B42D 25/04 100,・・・転写手法に特徴を有するもの，例．パターン状に転写されたホログラム,
uploaded,廃止,B42D 15/01 405,B42D 25/405,・・・マーキング,
uploaded,廃止,B42D 15/01 410,B42D 25/41,・・・・電磁放射を用いるもの（Ｂ４２Ｄ　１５／１０，４３５が優先）,
uploaded,廃止,B42D 15/01 415,B42D 25/415,・・・・化学的方法を用いるもの（Ｂ４２Ｄ　１５／００，４４５が優先）,
uploaded,廃止,B42D 15/01 420,B42D 25/42,・・・・・写真法によるもの,
uploaded,廃止,B42D 15/01 425,B42D 25/425,・・・・変形によるもの，例．エンボス加工,
uploaded,廃止,B42D 15/01 430,B42D 25/43,・・・・材料の除去によるもの,
uploaded,廃止,B42D 15/01 435,B42D 25/435,・・・・・電磁放射を用いるもの，例．レーザー,
uploaded,廃止,B42D 15/01 440,B42D 25/44,・・・・・機械的手段を用いるもの，例．彫刻,
uploaded,廃止,B42D 15/01 445,B42D 25/445,・・・・・化学的手段を用いるもの，例．エッチング,
uploaded,廃止,B42D 15/01 450,B42D 25/45,・・・２以上の層が関連するもの,
uploaded,廃止,B42D 15/01 455,B42D 25/455,・・・・熱を用いるもの,
uploaded,廃止,B42D 15/01 460,B42D 25/46,・・・・圧力を用いるもの,
uploaded,廃止,B42D 15/01 465,B42D 25/465,・・・・化学的方法または接着剤を用いるもの,
uploaded,廃止,B42D 15/01 470,B42D 25/47,・・・・・接着剤を用いるもの,
uploaded,廃止,B42D 15/01 475,B42D 25/475,・・・カードの切断,
uploaded,廃止,B42D 15/01 480,B42D 25/48,・・・製造工程の制御,
uploaded,廃止,B42D 15/01 485,B42D 25/485,・・・・電子処理手段によるもの,
uploaded,廃止,B60N 2/44,B60N 2/09,・他に分類されていない細部または部品［５］,
uploaded,廃止,B60N 2/46,B60N 2/75,・・ひじかけ［５］,
uploaded,廃止,B60N 2/48,B60N 2/08,・・ヘッドレスト［５］,
uploaded,廃止,B60R 21/00 610,B60R 21/00 991,・車両用衝突検知装置に関するもの,
uploaded,廃止,B60R 21/00 610 A,B60R 21/00 991,慣性スイッチに関するもの,
uploaded,廃止,B60R 21/00 610 Z,B60R 21/00 991,その他のもの,
uploaded,廃止,B60R 21/00 620,B60R 21/00 991,・車両用衝突予知装置に関するもの,
uploaded,廃止,B60R 21/00 621,B60R 21/00 991,・・後方衝突予知装置に関するもの,
uploaded,廃止,B60R 21/00 621 B,B60R 21/00 991,障害物検知手段にレーダを用いたもの,
uploaded,廃止,B60R 21/00 621 C,B60R 21/00 991,障害物検知手段にテレビカメラを用いたもの,
uploaded,廃止,B60R 21/00 621 D,B60R 21/00 991,障害物検知手段に光を用いたもの,
uploaded,廃止,B60R 21/00 621 E,B60R 21/00 991,障害物検知手段に超音波を用いたもの,
uploaded,廃止,B60R 21/00 621 F,B60R 21/00 991,・誤動作防止手段を構じたもの,
uploaded,廃止,B60R 21/00 621 G,B60R 21/00 991,・検知領域を変更するもの,
uploaded,廃止,B60R 21/00 621 H,B60R 21/00 991,・・検知方向を変えるもの,
uploaded,廃止,B60R 21/00 621 J,B60R 21/00 991,・・速度又は操舵角を検知するもの,
uploaded,廃止,B60R 21/00 621 K,B60R 21/00 991,・検知時期の選択に関するもの,
uploaded,廃止,B60R 21/00 621 L,B60R 21/00 991,・・トランスミッションのリアポジションによるもの,
uploaded,廃止,B60R 21/00 621 M,B60R 21/00 991,・表示装置に関するもの,
uploaded,廃止,B60R 21/00 621 N,B60R 21/00 991,・・障害物の位置を表示するもの,
uploaded,廃止,B60R 21/00 621 P,B60R 21/00 991,・・表示領域が分割されているもの,
uploaded,廃止,B60R 21/00 621 Q,B60R 21/00 991,・他の装置と組み合わせたもの,
uploaded,廃止,B60R 21/00 621 R,B60R 21/00 991,・・バックミラーと組み合わせたもの,
uploaded,廃止,B60R 21/00 621 S,B60R 21/00 991,車体後部へのメッセージを表示するもの,
uploaded,廃止,B60R 21/00 621 Z,B60R 21/00 991,その他のもの,
uploaded,廃止,B60R 21/00 622,B60R 21/00 991,・・側方衝突予知装置に関するもの,
uploaded,廃止,B60R 21/00 622 A,B60R 21/00 991,検知手段,
uploaded,廃止,B60R 21/00 622 B,B60R 21/00 991,・光,
uploaded,廃止,B60R 21/00 622 C,B60R 21/00 991,・超音波,
uploaded,廃止,B60R 21/00 622 D,B60R 21/00 991,・赤外線,
uploaded,廃止,B60R 21/00 622 E,B60R 21/00 991,・静電容器,
uploaded,廃止,B60R 21/00 622 F,B60R 21/00 991,・テレビカメラ,
uploaded,廃止,B60R 21/00 622 G,B60R 21/00 991,・接触,
uploaded,廃止,B60R 21/00 622 H,B60R 21/00 991,検知手段の制御条件,
uploaded,廃止,B60R 21/00 622 J,B60R 21/00 991,・ウインカ操作,
uploaded,廃止,B60R 21/00 622 K,B60R 21/00 991,・操舵角,
uploaded,廃止,B60R 21/00 622 L,B60R 21/00 991,・車速,
uploaded,廃止,B60R 21/00 622 M,B60R 21/00 991,・車輪の内輪差,
uploaded,廃止,B60R 21/00 622 N,B60R 21/00 991,・変速レバー操作,
uploaded,廃止,B60R 21/00 622 P,B60R 21/00 991,検知手段の配置,
uploaded,廃止,B60R 21/00 622 Q,B60R 21/00 991,・複数個設けたもの,
uploaded,廃止,B60R 21/00 622 R,B60R 21/00 991,・転向可能の設けたもの,
uploaded,廃止,B60R 21/00 622 S,B60R 21/00 991,障害物の表示装置,
uploaded,廃止,B60R 21/00 622 T,B60R 21/00 991,・画面表示,
uploaded,廃止,B60R 21/00 622 Z,B60R 21/00 991,その他のもの,
uploaded,廃止,B60R 21/00 624,B60R 21/00 991,・・前方衝突予知装置に関するもの,
uploaded,廃止,B60R 21/00 624 B,B60R 21/00 991,障害物検知手段にレーダを用いたもの,
uploaded,廃止,B60R 21/00 624 C,B60R 21/00 991,障害物検知手段にテレビカメラを用いたもの,
uploaded,廃止,B60R 21/00 624 D,B60R 21/00 991,障害物検知手段に光を用いたもの,
uploaded,廃止,B60R 21/00 624 E,B60R 21/00 991,障害物検知手段に超音波を用いたもの,
uploaded,廃止,B60R 21/00 624 F,B60R 21/00 991,走行レーン，白線又は境界線の検知；車線逸脱の検知または防止,
uploaded,廃止,B60R 21/00 624 G,B60R 21/00 991,自動運転装置，追従走行装置又は自動定速装置に関するもの,
uploaded,廃止,B60R 21/00 624 H,B60R 21/00 991,前方車両の発進を報知するもの,
uploaded,廃止,B60R 21/00 624 J,B60R 21/00 991,車体後部へのメッセージを表示するもの,
uploaded,廃止,B60R 21/00 624 Z,B60R 21/00 991,その他のもの,
uploaded,廃止,B60R 21/00 626,B60R 21/00 991,・・警報，表示に関するもの,
uploaded,廃止,B60R 21/00 626 A,B60R 21/00 991,警報又は警告を行うもの,
uploaded,廃止,B60R 21/00 626 B,B60R 21/00 991,・聴覚によるもの,
uploaded,廃止,B60R 21/00 626 C,B60R 21/00 991,・・音声によるもの,
uploaded,廃止,B60R 21/00 626 D,B60R 21/00 991,・視覚によるもの,
uploaded,廃止,B60R 21/00 626 E,B60R 21/00 991,表示を行うもの,
uploaded,廃止,B60R 21/00 626 F,B60R 21/00 991,・車間距離，速度又は衝突までの時間を表示するもの,
uploaded,廃止,B60R 21/00 626 G,B60R 21/00 991,・画像表示に関するもの,
uploaded,廃止,B60R 21/00 626 Z,B60R 21/00 991,その他のもの,
uploaded,廃止,B60R 21/00 627,B60R 21/00 991,・・制動に関するもの,
uploaded,廃止,B60R 21/00 628,B60R 21/00 991,・・車両用衝突予知装置に関するその他のもの,
uploaded,廃止,B60R 21/00 628 A,B60R 21/00 991,構造，取付，配置に関するもの，例．センサに関するもの,
uploaded,廃止,B60R 21/00 628 B,B60R 21/00 991,車と地上装置又は他の車間で信号を送受信するもの,
uploaded,廃止,B60R 21/00 628 C,B60R 21/00 991,ナビゲーションシステムに関するもの,
uploaded,廃止,B60R 21/00 628 D,B60R 99/00,駐車に関するもの,
uploaded,廃止,B60R 21/00 628 E,B60R 21/00 991,車線変更又は追い越しに関するもの,
uploaded,廃止,B60R 21/00 628 F,B60R 21/00 991,道路状況又は環境を検知するもの,
uploaded,廃止,B60R 21/00 628 G,B60R 21/00 991,障害物を集音により検知するもの,
uploaded,廃止,B60R 21/00 628 H,B60R 21/00 991,高所又は車体下部の障害物検知に関するもの,
uploaded,廃止,B60R 21/00 628 J,B60R 21/00 991,障害物を目視により検知するもの,
uploaded,廃止,B60R 21/00 628 Z,B60R 21/00 991,その他のもの,
uploaded,廃止,B60R 21/00 630,B60R 21/00 991,・事故又は他の交通危機の場合乗員又は歩行者の負傷から保護又は防止するための車両の装置又は部品で衝突検知装置，衝突予知装置を除くもの,
uploaded,廃止,B60R 21/00 630 A,B60R 21/00 991,緊急，事故時の脱出，対応,
uploaded,廃止,B60R 21/00 630 B,B60R 21/00 991,ドアの開放警告，ドアの開放抑止又は半ドア検出,
uploaded,廃止,B60R 21/00 630 C,B60R 21/00 991,車両速度超過防止,
uploaded,廃止,B60R 21/00 630 D,B60R 21/00 991,路面状態の検知,
uploaded,廃止,B60R 21/00 630 E,B60R 21/00 991,車両の転倒，転落又は脱輪防止,
uploaded,廃止,B60R 21/00 630 F,B60R 21/00 991,衝突状況の記録又は事故の自動通報,
uploaded,廃止,B60R 21/00 630 G,B60R 21/00 991,車外への警報；他車への報知又は表示,
uploaded,廃止,B60R 21/00 630 H,B60R 21/00 991,緊急車からの警報，緊急放送の検知受信又は地震検知,
uploaded,廃止,B60R 21/00 630 J,B60R 21/00 991,通過車両のカウント，車種判別又は車両の存在検知,
uploaded,廃止,B60R 21/00 630 Z,B60R 21/00 991,その他のもの,
uploaded,廃止,B60R 21/02 A,B60R 21/02,座席に関するもの,
uploaded,廃止,B60R 21/02 B,B60R 21/02,・車体への支持部材を有する座席,
uploaded,廃止,B60R 21/02 C,B60R 21/02,・・衝突吸収手段を有する座席,
uploaded,廃止,B60R 21/02 D,B60R 21/02,・・・スライドレールを有するもの,
uploaded,廃止,B60R 21/02 E,B60R 21/02,・リクライニング機構を有する座席に関するもの,
uploaded,廃止,B60R 21/02 F,B60R 21/02,・・ロック装置に関するもの,
uploaded,廃止,B60R 21/02 G,B60R 21/02,・・・ヒンジ部のロック装置に関するもの,
uploaded,廃止,B60R 21/02 H,B60R 21/02,・・・・衝突吸収手段を有するもの,
uploaded,廃止,B60R 21/02 J,B60R 21/02,・サブマリン現象の防止,
uploaded,廃止,B60R 21/02 K,B60R 21/02,乗員保持装置に関するもの,
uploaded,廃止,B60R 21/02 L,B60R 21/02,・乗車時に作動位置に移動させるもの,
uploaded,廃止,B60R 21/02 M,B60R 21/02,車体構造に関するもの,
uploaded,廃止,B60R 21/02 N,B60R 21/02,・側面衝突時の保護部材に関するもの,
uploaded,廃止,B60R 21/02 P,B60R 21/02,・車体前部が塑性変形するもの,
uploaded,廃止,B60R 21/02 Z,B60R 21/02,その他のもの,
uploaded,廃止,B60R 21/04 A,B60R 21/04,パッドの取付に特徴があるもの,
uploaded,廃止,B60R 21/04 B,B60R 21/04,パッドの組成又は形状に関するもの,
uploaded,廃止,B60R 21/04 C,B60R 21/04,・積層構造のもの,
uploaded,廃止,B60R 21/04 D,B60R 21/04,座席に関するもの,
uploaded,廃止,B60R 21/04 E,B60R 21/04,ドアに関するもの,
uploaded,廃止,B60R 21/04 F,B60R 21/04,アームレストに関するもの,
uploaded,廃止,B60R 21/04 G,B60R 21/04,パイプ状部材を用いているもの,
uploaded,廃止,B60R 21/04 Z,B60R 21/04,その他のもの,
uploaded,廃止,B60R 21/045 A,B60R 21/045,インストルメントパネルに関するもの,
uploaded,廃止,B60R 21/045 B,B60R 21/045,・パッドの取付に関するもの,
uploaded,廃止,B60R 21/045 C,B60R 21/045,・衝撃吸収装置を内蔵したもの,
uploaded,廃止,B60R 21/045 D,B60R 21/045,・パッドの組成又は形状に関するもの,
uploaded,廃止,B60R 21/045 E,B60R 21/045,ニープロテクタと関連させたもの,
uploaded,廃止,B60R 21/045 F,B60R 21/045,・ニープロテクタの組成又は形状に関するもの,
uploaded,廃止,B60R 21/045 G,B60R 21/045,・ニープロテクタの取付に関するもの,
uploaded,廃止,B60R 21/045 H,B60R 21/045,・変形しやすい部分を設けたもの,
uploaded,廃止,B60R 21/045 J,B60R 21/045,・他の車両部品との組み合わせ,
uploaded,廃止,B60R 21/045 Z,B60R 21/045,その他のもの,
uploaded,廃止,B60R 21/05 A,B60R 21/05,操向ホイールと関連させたもの,
uploaded,廃止,B60R 21/05 B,B60R 21/05,・ホイールパッドの取付部材に関するもの,
uploaded,廃止,B60R 21/05 C,B60R 21/05,・・塑性変形するもの,
uploaded,廃止,B60R 21/05 D,B60R 21/05,・衝撃吸収体を内蔵するもの,
uploaded,廃止,B60R 21/05 E,B60R 21/05,操向コラムと関連させたもの,
uploaded,廃止,B60R 21/05 F,B60R 21/05,・衝撃時に伸縮するもの,
uploaded,廃止,B60R 21/05 G,B60R 21/05,・車体への支持部材を有するもの,
uploaded,廃止,B60R 21/05 H,B60R 21/05,ニープロテクタと関連させたもの,
uploaded,廃止,B60R 21/05 Z,B60R 21/05,その他のもの,
uploaded,廃止,B60R 21/055 A,B60R 21/055,ヘッドレストに関するもの,
uploaded,廃止,B60R 21/055 B,B60R 21/055,・衝撃吸収材を内蔵したもの,
uploaded,廃止,B60R 21/055 C,B60R 21/055,・・気体緩衝室を内蔵したもの,
uploaded,廃止,B60R 21/055 D,B60R 21/055,・・塑性変形部材を用いたもの,
uploaded,廃止,B60R 21/055 E,B60R 21/055,・・弾性部材を用いたもの,
uploaded,廃止,B60R 21/055 F,B60R 21/055,・ヘッドレストの座席への取付,
uploaded,廃止,B60R 21/055 G,B60R 21/055,・・衝突時に可動のもの,
uploaded,廃止,B60R 21/055 H,B60R 21/055,・・位置調節装置を有するもの,
uploaded,廃止,B60R 21/055 J,B60R 21/055,・・・乗員を検出するもの,
uploaded,廃止,B60R 21/055 K,B60R 21/055,・座席と一体に形成したヘッドレスト,
uploaded,廃止,B60R 21/055 L,B60R 21/055,・後方視界を考慮したもの,
uploaded,廃止,B60R 21/055 M,B60R 21/055,・後方座席用ヘッドレスト,
uploaded,廃止,B60R 21/055 N,B60R 21/055,・ヘッドレストの製造,
uploaded,廃止,B60R 21/055 Z,B60R 21/055,その他のもの,
uploaded,廃止,B60R 21/11 610,B60R 21/11,・・・ヘッドガードのフレームが一体構造なもの,
uploaded,廃止,B60R 21/11 610 A,B60R 21/11,折り畳み可能なもの,
uploaded,廃止,B60R 21/11 610 Z,B60R 21/11,その他のもの,
uploaded,廃止,B60R 21/11 620,B60R 21/11,・・・ヘッドガードのフレームの支柱に関するもの,
uploaded,廃止,B60R 21/11 620 A,B60R 21/11,防振構造を有するもの,
uploaded,廃止,B60R 21/11 620 B,B60R 21/11,・防振材を充填したもの,
uploaded,廃止,B60R 21/11 620 C,B60R 21/11,複数の構成部材からなるもの,
uploaded,廃止,B60R 21/11 620 D,B60R 21/11,・連結金具に関するもの,
uploaded,廃止,B60R 21/11 620 E,B60R 21/11,補強されたもの,
uploaded,廃止,B60R 21/11 620 F,B60R 21/11,支柱の形状に関するもの,
uploaded,廃止,B60R 21/11 620 G,B60R 21/11,・車体外側向に屈曲したもの,
uploaded,廃止,B60R 21/11 620 Z,B60R 21/11,その他のもの,
uploaded,廃止,B60R 21/11 630,B60R 21/11,・・・屋根部材に関わるヘッドガードのフレーム,
uploaded,廃止,B60R 21/11 630 A,B60R 21/11,支柱との連結部に特徴があるもの,
uploaded,廃止,B60R 21/11 630 B,B60R 21/11,・防振構造を有するもの,
uploaded,廃止,B60R 21/11 630 C,B60R 21/11,屋根部材の構造,
uploaded,廃止,B60R 21/11 630 D,B60R 21/11,・断熱材又は吸音材を有するもの,
uploaded,廃止,B60R 21/11 630 E,B60R 21/11,・可動部を有するもの,
uploaded,廃止,B60R 21/11 630 Z,B60R 21/11,その他のもの,
uploaded,廃止,B60R 21/11 640,B60R 21/11,・・・ヘッドガードのフレームがキャビン構造のもの,
uploaded,廃止,B60R 21/11 640 A,B60R 21/11,防護部材の取付に関するもの,
uploaded,廃止,B60R 21/11 640 B,B60R 21/11,乗員の視界を考慮したもの,
uploaded,廃止,B60R 21/11 640 Z,B60R 21/11,その他のもの,
uploaded,廃止,B60R 21/11 650,B60R 21/11,・・・ヘッドガードのフレームの車体への取付,
uploaded,廃止,B60R 21/11 650 A,B60R 21/11,防振取付,
uploaded,廃止,B60R 21/11 650 B,B60R 21/11,位置調節自在な取付,
uploaded,廃止,B60R 21/11 650 C,B60R 21/11,・上部フレームの高さ調節に関するもの,
uploaded,廃止,B60R 21/11 650 D,B60R 21/11,・・座席に関連したもの又は調節金具,
uploaded,廃止,B60R 21/11 650 E,B60R 21/11,取付部位,
uploaded,廃止,B60R 21/11 650 F,B60R 21/11,・リヤアクスルハウジングに設けたもの,
uploaded,廃止,B60R 21/11 650 G,B60R 21/11,・フェンダに設けたもの,
uploaded,廃止,B60R 21/11 650 H,B60R 21/11,・ミッションケースに設けたもの,
uploaded,廃止,B60R 21/11 650 Z,B60R 21/11,その他のもの,
uploaded,廃止,B60R 21/11 660,B60R 21/11,・・・他の部材と兼用するヘッドガード,
uploaded,廃止,B60R 21/11 660 A,B60R 21/11,雨樋,
uploaded,廃止,B60R 21/11 660 B,B60R 21/11,車両の吊り装置,
uploaded,廃止,B60R 21/11 660 C,B60R 21/11,バンパ,
uploaded,廃止,B60R 21/11 660 Z,B60R 21/11,その他のもの,
uploaded,廃止,B60R 21/34 601,B60R 21/34,・・サイドガード,
uploaded,廃止,B60R 21/34 602,B60R 21/34,・・・固定型,
uploaded,廃止,B60R 21/34 602 A,B60R 21/34,開閉部を有するもの,
uploaded,廃止,B60R 21/34 602 B,B60R 21/34,着脱自在のもの,
uploaded,廃止,B60R 21/34 602 Z,B60R 21/34,その他のもの,
uploaded,廃止,B60R 21/34 612,B60R 21/34,・・・可動型,
uploaded,廃止,B60R 21/34 613,B60R 21/34,・・・・上下運動,
uploaded,廃止,B60R 21/34 623,B60R 21/34,・・・・側方移動型,
uploaded,廃止,B60R 21/34 633,B60R 21/34,・・・・作動手段,
uploaded,廃止,B60R 21/34 633 A,B60R 21/34,シリンダ,
uploaded,廃止,B60R 21/34 633 B,B60R 21/34,モータ,
uploaded,廃止,B60R 21/34 633 Z,B60R 21/34,その他のもの,
uploaded,廃止,B60R 21/34 643,B60R 21/34,・・・・作動条件,
uploaded,廃止,B60R 21/34 643 A,B60R 21/34,ウインカ操作,
uploaded,廃止,B60R 21/34 643 B,B60R 21/34,操舵角,
uploaded,廃止,B60R 21/34 643 C,B60R 21/34,車速,
uploaded,廃止,B60R 21/34 643 D,B60R 21/34,障害物の検知,
uploaded,廃止,B60R 21/34 643 E,B60R 21/34,・接触検知,
uploaded,廃止,B60R 21/34 643 Z,B60R 21/34,その他のもの,
uploaded,廃止,B60R 21/34 651,B60R 21/34,・・車体側方の障害物検知,
uploaded,廃止,B60R 21/34 652,B60R 21/34,・・・検知手段,
uploaded,廃止,B60R 21/34 652 A,B60R 21/34,光,
uploaded,廃止,B60R 21/34 652 B,B60R 21/34,超音波,
uploaded,廃止,B60R 21/34 652 C,B60R 21/34,赤外線,
uploaded,廃止,B60R 21/34 652 D,B60R 21/34,静電容器,
uploaded,廃止,B60R 21/34 652 E,B60R 21/34,テレビカメラ,
uploaded,廃止,B60R 21/34 652 F,B60R 21/34,接触,
uploaded,廃止,B60R 21/34 652 Z,B60R 21/34,その他のもの,
uploaded,廃止,B60R 21/34 662,B60R 21/34,・・・検知手段の制御条件,
uploaded,廃止,B60R 21/34 662 A,B60R 21/34,ウインカ操作,
uploaded,廃止,B60R 21/34 662 B,B60R 21/34,操舵角,
uploaded,廃止,B60R 21/34 662 C,B60R 21/34,車速,
uploaded,廃止,B60R 21/34 662 D,B60R 21/34,車輪の内輪差,
uploaded,廃止,B60R 21/34 662 E,B60R 21/34,変速レバー操作,
uploaded,廃止,B60R 21/34 662 Z,B60R 21/34,その他のもの,
uploaded,廃止,B60R 21/34 672,B60R 21/34,・・・検知手段の配置,
uploaded,廃止,B60R 21/34 672 A,B60R 21/34,複数個設けたもの,
uploaded,廃止,B60R 21/34 672 B,B60R 21/34,転向可能に設けたもの,
uploaded,廃止,B60R 21/34 672 Z,B60R 21/34,その他のもの,
uploaded,廃止,B60R 21/34 682,B60R 21/34,・・・障害物の表示装置,
uploaded,廃止,B60R 21/34 682 A,B60R 21/34,画面表示,
uploaded,廃止,B60R 21/34 682 Z,B60R 21/34,その他のもの,
uploaded,廃止,B60R 21/34 691,B60R 21/34,・・車体構造,
uploaded,廃止,B62D 27/04 A,B62D 24/00,ボデ－マウント,
uploaded,廃止,B62D 27/04 B,B62D 24/00,キヤブマウント〔テイルトキヤブ用，Ｂ６２Ｄ３３／０６〕,
uploaded,廃止,B62D 27/04 C,B62D 24/02 A,・マウントゴムによるもの〔Ｆ１６Ｆ７／００Ｂを参考〕,
uploaded,廃止,B62D 27/04 D,B62D 24/02 B,・・特殊車両用,
uploaded,廃止,B62D 27/04 Z,B62D 27/04,その他のもの,
uploaded,廃止,B65D 85/16,B65D 85/07,・他の形状の圧縮性または可撓性物品用（衣料品用８５／１８）,
uploaded,廃止,B65D 85/03 101,B65D 85/03 600,・・豆腐用,
uploaded,廃止,B65D 85/03 A,B65D 85/03 100,環状管型の蛍光灯を備えた器具用,
uploaded,廃止,B65D 85/03 B,B65D 85/03 200,直管型の蛍光灯を備えた器具用,
uploaded,廃止,B65D 85/03 C,B65D 85/03 310,・複数の瓶を箱入れするもの,
uploaded,廃止,B65D 85/03 D,B65D 85/03 320,・複数の瓶を持運ぶためのもの,
uploaded,廃止,B65D 85/03 E,B65D 85/03,・単体で持運ぶためのもの,
uploaded,廃止,B65D 85/03 F,B65D 85/03,・個装,
uploaded,廃止,B65D 85/03 G,B65D 85/03 300,瓶用,
uploaded,廃止,B65D 85/03 H,B65D 85/03 400,蚊取線香用,
uploaded,廃止,B65D 85/03 Z,B65D 85/03,その他,
uploaded,廃止,B65D 85/32 A,B65D 85/32 100,蓋と本体が一体成形された容器,
uploaded,廃止,B65D 85/32 B,B65D 85/32 101,・蓋の閉止手段を有するもの,
uploaded,廃止,B65D 85/32 C,B65D 85/32 102,・蓋の開封手段を有するもの,
uploaded,廃止,B65D 85/32 D,B65D 85/32 110,蓋と本体が別体で形成された容器,
uploaded,廃止,B65D 85/32 E,B65D 85/32 120,紙製容器,
uploaded,廃止,B65D 85/32 F,B65D 85/32 130,トレイ,
uploaded,廃止,B65D 85/32 G,B65D 85/32 140,包装要素,
uploaded,廃止,B65D 85/32 H,B65D 85/32 141,・仕切り,
uploaded,廃止,B65D 85/32 J,B65D 85/32 150,表示手段のあるもの,
uploaded,廃止,B65D 85/32 K,B65D 85/32 160,分割可能としたもの,
uploaded,廃止,B65D 85/32 L,B65D 85/32 170,個装，例．ゆで卵用,
uploaded,廃止,B65D 85/32 Z,B65D 85/32,その他,
uploaded,廃止,B65D 85/34 A,B65D 85/34 100,紙箱,
uploaded,廃止,B65D 85/34 B,B65D 85/34 110,プラスチック箱,
uploaded,廃止,B65D 85/34 C,B65D 85/34 120,木箱，金属箱,
uploaded,廃止,B65D 85/34 D,B65D 85/34 130,水平方向の仕切り,
uploaded,廃止,B65D 85/34 E,B65D 85/34 140,垂直方向の仕切り,
uploaded,廃止,B65D 85/34 F,B65D 85/34 150,トレイ,
uploaded,廃止,B65D 85/34 G,B65D 85/34 160,包装体，緩衝材,
uploaded,廃止,B65D 85/34 H,B65D 85/34 161,・個装,
uploaded,廃止,B65D 85/34 Z,B65D 85/34,その他,
uploaded,廃止,B65D 85/36 A,B65D 85/36 100,パン用；カステラ用,
uploaded,廃止,B65D 85/36 B,B65D 85/36 200,ビスケット用,
uploaded,廃止,B65D 85/36 C,B65D 85/36 300,ケーキ用,
uploaded,廃止,B65D 85/36 Z,B65D 85/36,その他,
uploaded,廃止,B65D 85/38 A,B65D 85/38 100,カメラ用；顕微鏡用；双眼鏡用,
uploaded,廃止,B65D 85/38 B,B65D 85/38 200,レンズ用,
uploaded,廃止,B65D 85/38 C,B65D 85/38 300,精密部品用,
uploaded,廃止,B65D 85/38 D,B65D 85/86,・電子部品，例．ＩＣパッケージ，用（Ｂ６５Ｄ８５／３８Ｒが優先）,
uploaded,廃止,B65D 85/38 E,B65D 85/86,・・・マガジン,
uploaded,廃止,B65D 85/38 F,B65D 85/86,・・・・蓋を備えるもの,
uploaded,廃止,B65D 85/38 G,B65D 85/86,・・・・・蓋がマガジン本体と別体であるもの,
uploaded,廃止,B65D 85/38 H,B65D 85/86,・・・・表示のあるもの,
uploaded,廃止,B65D 85/38 J,B65D 85/86,・・・ホルダー,
uploaded,廃止,B65D 85/38 K,B65D 85/86,・・・チップキャリアに収納したもの,
uploaded,廃止,B65D 85/38 L,B65D 85/86,・・容器,
uploaded,廃止,B65D 85/38 M,B65D 85/86,・・台紙,
uploaded,廃止,B65D 85/38 N,B65D 85/86,・・・台紙がウエブ状であるもの,
uploaded,廃止,B65D 85/38 P,B65D 85/86,・・・・台紙ごとリールに巻き取るもの,
uploaded,廃止,B65D 85/38 Q,B65D 85/86,・・・・台紙ごと箱体内に収納するもの,
uploaded,廃止,B65D 85/38 R,B65D 85/86,・板状電子部品用,
uploaded,廃止,B65D 85/38 S,B65D 85/38 310,・帯電防止手段をもつもの,
uploaded,廃止,B65D 85/38 Z,B65D 85/38,その他,
uploaded,廃止,B65D 85/42 A,B65D 85/42 100,電球用,
uploaded,廃止,B65D 85/42 B,B65D 85/42 200,アンプル用,
uploaded,廃止,B65D 85/42 C,B65D 85/42 300,直管型の蛍光ランプ用（直管形状の蛍光ランプを取り付けた器具用Ｂ６５Ｄ８５／３０Ｂ）,
uploaded,廃止,B65D 85/42 D,B65D 85/42 400,環状管型の蛍光ランプ用（環状管型の蛍光ランプを取り付けた器具用Ｂ６５Ｄ８５／３０Ａ）,
uploaded,廃止,B65D 85/42 E,B65D 85/42 500,ブラウン管用,
uploaded,廃止,B65D 85/42 Z,B65D 85/42,その他,
uploaded,廃止,B65D 85/05 101,B65D 85/05 160,・・納豆用,
uploaded,廃止,B65D 85/05 A,B65D 85/05 100,食品用,
uploaded,廃止,B65D 85/05 B,B65D 85/05 110,・肉用,
uploaded,廃止,B65D 85/05 C,B65D 85/05 120,・野菜用,
uploaded,廃止,B65D 85/05 D,B65D 85/05 130,・茶用,
uploaded,廃止,B65D 85/05 E,B65D 85/05 140,・おにぎり用；寿司用,
uploaded,廃止,B65D 85/05 F,B65D 85/05 150,・魚介類用,
uploaded,廃止,B65D 85/05 G,B65D 85/05 200,切花用；球根用,
uploaded,廃止,B65D 85/05 H,B65D 85/05 300,動物用,
uploaded,廃止,B65D 85/05 J,B65D 85/05 310,・鳥，例．ひよこまたは鳩，用,
uploaded,廃止,B65D 85/05 K,B65D 85/05 150,・・・木製魚箱に収納するもの,
uploaded,廃止,B65D 85/05 L,B65D 85/05 150,・・・紙製魚箱に収納するもの,
uploaded,廃止,B65D 85/05 M,B65D 85/05 150,・・・プラスチック製魚箱に収納するもの,
uploaded,廃止,B65D 85/05 N,B65D 85/05 150,・・・・蓋付きプラスチック製魚箱に収納するもの,
uploaded,廃止,B65D 85/05 P,B65D 85/05 150,・・・金属製魚箱に収納するもの,
uploaded,廃止,B65D 85/05 Q,B65D 85/05 150,・・・袋に収納するもの,
uploaded,廃止,B65D 85/05 R,B65D 85/05 150,・・・トレイに収納するもの,
uploaded,廃止,B65D 85/05 S,B65D 85/05 150,・・容器に収納するもの,
uploaded,廃止,B65D 85/05 T,B65D 85/05 150,・・うに用,
uploaded,廃止,B65D 85/05 Z,B65D 85/05,その他,
uploaded,廃止,B65D 85/72 A,B65D 85/72,プリン用,
uploaded,廃止,B65D 85/72 B,B65D 85/72,チョコレート用；ゼリー用,
uploaded,廃止,B65D 85/72 C,B65D 85/72,羊かん用,
uploaded,廃止,B65D 85/72 D,B65D 85/72 100,粘稠性調味料用,
uploaded,廃止,B65D 85/72 E,B65D 85/72 100,液体調味料用,
uploaded,廃止,B65D 85/72 F,B65D 85/72 200,飲料用,
uploaded,廃止,B65D 85/72 Z,B65D 85/72,その他,
uploaded,廃止,B65D 85/78 A,B65D 85/78 100,紙製カップ,
uploaded,廃止,B65D 85/78 B,B65D 85/78 100,プラスチック製カップ,
uploaded,廃止,B65D 85/78 C,B65D 85/78 200,コーンカバー,
uploaded,廃止,B65D 85/78 D,B65D 85/78 200,・プラスチツク製コーンカバー,
uploaded,廃止,B65D 85/78 E,B65D 85/78,可食性コーン,
uploaded,廃止,B65D 85/78 F,B65D 85/78 300,袋,
uploaded,廃止,B65D 85/78 G,B65D 85/78,棒つきキャンデー用,
uploaded,廃止,B65D 85/78 Z,B65D 85/78,その他,
uploaded,廃止,C02F 1/46 101,C02F 1/461 101,・・電解酸化処理，電解還元処理,
uploaded,廃止,C02F 1/46 101 A,C02F 1/461 101 A,無機性廃水の処理,
uploaded,廃止,C02F 1/46 101 B,C02F 1/461 101 B,・重金属含有廃水の処理,
uploaded,廃止,C02F 1/46 101 C,C02F 1/461 101 C,有機性廃水の処理,
uploaded,廃止,C02F 1/46 101 Z,C02F 1/461 101 Z,その他のもの,
uploaded,廃止,C02F 1/46 102,C02F 1/463,・・電解凝集処理，電解浮上処理,
uploaded,廃止,C02F 1/46 103,C02F 1/469,・・電気浸透処理，電気透析処理,
uploaded,廃止,C02F 1/46 A,C02F 1/461 A,電解水の製造,
uploaded,廃止,C02F 1/46 Z,C02F 1/461 Z,その他のもの,
uploaded,廃止,C03C 25/02,C03C 25/01,・被覆,
uploaded,廃止,C03C 25/02 A,C03C 25/01,光フアイバの被覆,
uploaded,廃止,C03C 25/02 B,C03C 25/24,・光フアイバ用被覆材料,
uploaded,廃止,C03C 25/02 C,C03C 25/12,・光フアイバ被覆装置〔Ｆが優先〕,
uploaded,廃止,C03C 25/02 D,C03C 25/01,・ル－ス型またはパイプ型の被覆を有するもの,
uploaded,廃止,C03C 25/02 E,C03C 25/01,・補強線を有するもの,
uploaded,廃止,C03C 25/02 F,C03C 25/42,・無機物質によるもの,
uploaded,廃止,C03C 25/02 N,C03C 25/01,光フアイバ以外のガラス繊維の被覆で被覆材料の組成の特徴のあるもの〔主に，サイジング組成物〕,
uploaded,廃止,C03C 25/02 Q,C03C 25/01,・クロスまたはマツトの処理,
uploaded,廃止,C03C 25/02 R,C03C 25/04,・・シリコ－ン処理,
uploaded,廃止,C03C 25/02 S,C03C 25/01,・着色,
uploaded,廃止,C03C 25/02 T,C03C 25/42,・無機物質によるもの,
uploaded,廃止,C03C 25/02 Z,C03C 25/01,その他のもの〔短せんいの処理等方法上の特徴，サイジング以外の被覆〕,
uploaded,廃止,C03C 25/04,C03C 25/42,・・メタライジング,
uploaded,廃止,C03C 25/04 A,C03C 25/42,光フアイバのメタライジング,
uploaded,廃止,C03C 25/04 B,C03C 25/42,・金属以外の無機物質による被覆を含むもの,
uploaded,廃止,C03C 25/04 Z,C03C 25/42,その他のもの〔ガラス繊維の金属による被覆〕,
uploaded,廃止,C03C 25/06,C03C 25/68,・エッチング,
uploaded,廃止,C07D 253/06 A,C07D 253/06,複素環の炭素原子に異種原子が直結,
uploaded,廃止,C07D 253/06 B,C07D 253/06,・異種原子が酸素,
uploaded,廃止,C07D 253/06 C,C07D 253/06,・異種原子が硫黄,
uploaded,廃止,C07D 253/06 D,C07D 253/06,・異種原子が窒素,
uploaded,廃止,C07D 253/06 E,C07D 253/06,複素環の炭素原子に置換炭化水素基が直結,
uploaded,廃止,C07D 253/06 F,C07D 253/06,複素環の窒素原子に置換炭化水素基が直結,
uploaded,廃止,C07D 253/06 G,C07D 253/06,複素環の窒素原子に異種原子が直結,
uploaded,廃止,C07D 253/06 H,C07D 253/06,・３位に硫黄，４位に窒素，５位に２種結合で酸素が直結,
uploaded,廃止,C07D 253/06 Z,C07D 253/06,その他,
uploaded,廃止,C07D 285/12 A,C07D 285/12 100,水素原子，置換又は非置換の炭化水素基が，環の炭素原子に直接結合したもの,
uploaded,廃止,C07D 285/12 B,C07D 285/12 200,異種原子，又は異種原子に対する，３個の結合を有し，そのうち多くても，１個がハロゲンに対する結合である炭素原子が，環の炭素原子に直接結合したもの,
uploaded,廃止,C07D 285/12 C,C07D 285/13,・酸素原子,
uploaded,廃止,C07D 285/12 D,C07D 285/125,・硫黄原子,
uploaded,廃止,C07D 285/12 E,C07D 285/135,・窒素原子,
uploaded,廃止,C07D 285/12 F,C07D 285/135,・・アシル化された窒素原子,
uploaded,廃止,C07D 285/12 G,C07D 285/135,・・・ウレイド基，チオウレイド基，又はグアニジノ基の窒素原子,
uploaded,廃止,C07D 285/12 Z,C07D 285/12,その他のもの,
uploaded,廃止,C07D 307/32 C,C07D 307/32 500,二重結合の酸素原子,
uploaded,廃止,C07D 307/32 D,C07D 307/33,・２位に結合したもの〔ラクトン〕,
uploaded,廃止,C07D 307/32 E,C07D 307/33 100,・・環の他の炭素原子に水素原子または炭化水素基のみが結合したもの,
uploaded,廃止,C07D 307/32 F,C07D 307/33 150,・・・γ－ブチロラクトンの製造,
uploaded,廃止,C07D 307/32 G,C07D 307/33 200,・・環の他の炭素原子に異種原子で置換された炭化水素基が結合したもの,
uploaded,廃止,C07D 307/32 H,C07D 307/33 210,・・・ハロゲン原子で置換された基,
uploaded,廃止,C07D 307/32 M,C07D 307/33 300,・・環の他の炭素原子に異種原子またはカルボキシル基若くはその反応性誘導体基が直接結合したもの,
uploaded,廃止,C07D 307/32 N,C07D 307/33 310,・・・ハロゲン原子,
uploaded,廃止,C07D 307/32 P,C07D 307/33 320,・・・窒素原子,
uploaded,廃止,C07D 307/32 Q,C07D 307/33 330,・・・酸素原子,
uploaded,廃止,C07D 307/32 R,C07D 307/33 335,・・・・糖酸のラクトン,
uploaded,廃止,C07D 307/32 T,C07D 307/33 340,・・・カルボキシル基；その誘導体,
uploaded,廃止,C07D 307/32 Z,C07D 307/32,その他のもの,
uploaded,廃止,C09D 7/00 A,C09D 7/00,精製、回収,
uploaded,廃止,C09D 7/00 Z,C09D 7/00,その他,
uploaded,廃止,C09D 7/02,C09D 7/45,・沈降防止剤としての化合物の使用,
uploaded,廃止,C09D 7/04,C09D 7/46,・皮張り防止剤としての化合物の使用,
uploaded,廃止,C09D 7/06,C09D 7/47,・レベリング剤としての化合物の使用,
uploaded,廃止,C09D 7/12,C09D 7/04,・他の添加物,
uploaded,廃止,C09D 7/14,C09D 7/08,・成分を混合するための特殊なプロセス,
uploaded,廃止,C09J 7/02,C09J 7/02,・担体上のもの,
uploaded,廃止,C09J 7/02 A,C09J 7/02,接着剤層の表面処理,
uploaded,廃止,C09J 7/02 B,C09J 7/02,転写シート,
uploaded,廃止,C09J 7/02 Z,C09J 7/02,その他,
uploaded,廃止,C09J 7/04,C09J 7/21,・・紙または織物状のもの（接着性包帯，被覆用品，吸収性パッドＡ６１Ｌ１５／１６）,
uploaded,廃止,C12N 15/00 A,C12N 15/00,遺伝子工学〔遺伝子組換えを含む〕,
uploaded,廃止,C12N 15/00 B,C12N 15/02,・細胞融合,
uploaded,廃止,C12N 15/00 C,C12N 15/06,・・モノクロ－ナル抗体に関するもの,
uploaded,廃止,C12N 15/00 D,C12N 15/02,・・リンホカインに関するもの,
uploaded,廃止,C12N 15/00 F,C12N 15/09 200,・ＤＮＡチップ、マイクロアレイ,
uploaded,廃止,C12N 15/00 G,C12N 15/113,・遺伝子の発現を調節する非コード核酸、例．アンチセンスオリゴヌクレオチド,
uploaded,廃止,C12N 15/00 H,C12N 15/115,・アプタマー、すなわち、ハイブリダイズ以外の手段で、特異的にかつ高親和性で標的分子に結合する核酸,
uploaded,廃止,C12N 15/00 J,C12N 15/117,・免疫調節性を有する核酸、例．ＣｐＧモチーフを含む核酸,
uploaded,廃止,C12N 15/00 K,C12N 15/873,・新規胚を製造するための技術、例．核移植、全能性細胞のマニピュレーション、または、キメラ胚の製造,
uploaded,廃止,C12N 15/00 L,C12N 15/877,・・新規哺乳動物クローン胚を製造するための技術,
uploaded,廃止,C12N 15/00 X,C12N 15/01,突然変異,
uploaded,廃止,C12N 15/00 Z,C12N 15/00,その他,
uploaded,廃止,C12Q 1/68 A,C12Q 1/68,ＤＮＡプローブ，例．プローブを利用したスクリーニング，構造解析または診断,
uploaded,廃止,C12Q 1/68 Z,C12Q 1/68,その他，例．塩基配列決定，ＡＴＰ測定による鮮度判定,
uploaded,廃止,E02D 29/00 B,E02D 29/05 B,地下室,
uploaded,廃止,E02D 29/00 C,E02D 29/05 C,・躯体，例．箱体,
uploaded,廃止,E02D 29/00 D,E02D 29/05 D,・・分割体，例．パネル,
uploaded,廃止,E02D 29/00 E,E02D 29/05 E,・付帯設備,
uploaded,廃止,E02D 29/00 Z,E02D 29/00,その他のもの,
uploaded,廃止,E02D 29/04,E02D 29/05 Z,・大きな地下空間の構築，例．地下プラントのためのもの；それらの建設またはレイアウト（２９／１０が優先；水力発電所のレイアウトＥ０２Ｂ９／００；地下作業のみによる大きな地下室の構築Ｅ２１Ｄ１３／００）,
uploaded,廃止,E02D 29/04 A,E02D 29/05 A,特定の目的のためのもの，例．地下タンク,
uploaded,廃止,E02D 29/04 Z,E02D 29/05 Z,その他のもの,
uploaded,廃止,E02D 29/06,E02D 29/09,・水中の建造物またはその建設方法,
uploaded,廃止,E02D 29/08,E02D 29/00,・サイフォン（サイフォンぜきＥ０２Ｂ７／１８；下水道用Ｅ０３Ｆ５／２０）,
uploaded,廃止,E02D 29/01,E02D 29/00,・管路の収容に適合したトンネルまたは地下溝，例．石油パイプライン用，下水管路用（圧力管路用Ｅ０２Ｂ９／０６）；管路の現場での作製，例．コンクリ－トによるもの（溝の掘削と結合されたものＥ０２Ｆ５／１０）；掘削孔または小径の立孔のケ－シングまたはライニング（飲料水のための井戸Ｅ０３Ｂ３／０８；深孔せん孔による掘削孔または井戸Ｅ２１Ｂ；立坑Ｅ２１Ｄ）,
uploaded,廃止,E02D 29/01 A,E02D 29/00,管路の現場での作製,
uploaded,廃止,E02D 29/01 B,E02D 29/00,・固結材によるもの，例．コンクリ－ト打設，泥水固化,
uploaded,廃止,E02D 29/01 Z,E02D 29/00,その他,
uploaded,廃止,E04F 11/08,E04F 11/02,・材料に特徴のあるもの,
uploaded,廃止,E04F 11/01,E04F 11/108,・・木製のもの,
uploaded,廃止,E04F 11/12,E04F 11/112,・・金属製のもの,
uploaded,廃止,E04F 11/14,E04F 11/116,・・石または石に類似した材料，例．コンクリート，のもの（コンクリート製品の製造Ｂ２８Ｂ；現場で型枠中での製造Ｅ０４Ｇ）,
uploaded,廃止,E04F 11/16 501,E04F 11/17 100,・・踏み板表面の仕上げ材,
uploaded,廃止,E04F 11/16 501 A,E04F 11/17 100 A,合成樹脂又はゴムからなるもの,
uploaded,廃止,E04F 11/16 501 B,E04F 11/17 100 B,・凹凸条を形成したもの,
uploaded,廃止,E04F 11/16 501 C,E04F 11/17 100 C,・すべり止め材を塗着又は嵌合したもの,
uploaded,廃止,E04F 11/16 501 D,E04F 11/17 100 D,・段鼻すべり止めを一体に形成したもの,
uploaded,廃止,E04F 11/16 501 E,E04F 11/17 100 E,繊維質材又は木質材からなるもの,
uploaded,廃止,E04F 11/16 501 F,E04F 11/17 100 F,・凹凸条を形成したもの,
uploaded,廃止,E04F 11/16 501 G,E04F 11/17 100 G,・すべり止め材を塗着又は嵌合したもの,
uploaded,廃止,E04F 11/16 501 H,E04F 11/17 100 H,・段鼻すべり止めを一体に形成したもの,
uploaded,廃止,E04F 11/16 501 J,E04F 11/17 100 J,石，セラミツク又はコンクリ－トからなるもの,
uploaded,廃止,E04F 11/16 501 K,E04F 11/17 100 K,・凹凸条を形成したもの,
uploaded,廃止,E04F 11/16 501 L,E04F 11/17 100 L,・すべり止め材を塗着又は嵌合したもの,
uploaded,廃止,E04F 11/16 501 M,E04F 11/17 100 M,・段鼻すべり止めを一体に形成したもの,
uploaded,廃止,E04F 11/16 501 N,E04F 11/17 100 N,複数材料からなるもの,
uploaded,廃止,E04F 11/16 501 P,E04F 11/17 100 P,・凹凸条を形成したもの,
uploaded,廃止,E04F 11/16 501 Q,E04F 11/17 100 Q,・すべり止め材を塗着又は嵌合したもの,
uploaded,廃止,E04F 11/16 501 R,E04F 11/17 100 R,・段鼻すべり止めを一体に形成したもの,
uploaded,廃止,E04F 11/16 501 S,E04F 11/17 100 S,付加的機能を有するもの，例．表示，広告,
uploaded,廃止,E04F 11/16 501 Z,E04F 11/17 100 Z,その他のもの,
uploaded,廃止,E04F 11/16 A,E04F 11/02,け込みの仕上げ材,
uploaded,廃止,E04F 11/16 B,E04F 11/17 100 Z,踏面からけ込みにわたる仕上げ材,
uploaded,廃止,E04F 11/16 C,E04F 11/02 100,製造方法・施工方法,
uploaded,廃止,E04F 11/16 D,E04F 11/02 200,・改装方法,
uploaded,廃止,E04F 11/16 Z,E04F 11/16,その他のもの,
uploaded,廃止,E21D 10/00,E02D 29/045 Z,地上に建設されるかまたは設置線全体にわたって地表面をかき乱すことにより建設されるトンネルまたは坑道；水中に沈められるかまたは建設されるトンネル；それらを作成するための方法（掘さくそれ自体Ｅ０２Ｄ；現場での導管の作成，例．コンクリート，Ｅ０２Ｄ２９／１０；管の敷設Ｆ１６Ｌ１／００）,
uploaded,廃止,E21D 10/02,E02D 29/045 A,・地上のトンネルまたは坑道,
uploaded,廃止,E21D 10/04,E02D 29/05,・・少くとも断面の一部が開さく部分に建設されるかまたは地表面から建設されるもの，例．オープンカットに形成された溝，側壁内で組み立てられるもの,
uploaded,廃止,E21D 10/06,E02D 29/055,・・・トンネルまたは坑道のあらかじめすえ付けられた部分，例．天盤，の下に続く断面をさらに掘さくすることによるもの,
uploaded,廃止,E21D 10/08,E02D 29/063,・水中に沈められるかまたは建設されるトンネル（ケーソンの建設または設置一般Ｅ０２Ｄ２３／００；水中におけるケーソン相互の連結一般Ｅ０２Ｄ２５／００；独立した水中構造物の建設Ｅ０２Ｄ２９／０６）,
uploaded,廃止,E21D 10/01,E02D 29/067,・・フローティングトンネル；水中橋トンネル，すなわち，水底上の橋脚によって支持されるトンネル（ポンツーン橋または浮き橋Ｅ０１Ｄ１５／１４）,
uploaded,廃止,E21D 10/12,E02D 29/07,・・トンネルまたはそのための函体であって，あらかじめ全体としてまたは連続的に建設されてから水底上の場所へ，例．あらかじめ掘った溝へ，設置されるもの,
uploaded,廃止,E21D 10/14,E02D 29/073,・・トンネルまたはそのための函体であって，個々に水底に，例．あらかじめ掘った溝へ，沈められるか置かれる部分から組み立てられたもの（水底面上に沈下されたケーソン型式の部分１０／１６；基礎Ｅ０２Ｄ２７／００）,
uploaded,廃止,E21D 10/16,E02D 29/077,・・設置線全体にわたってかき乱すことによりつくられた水底面の下に少くとも一部分が建設されるトンネル，例．カット・アンド・カバー法またはケーソン法,
uploaded,廃止,F16L 53/00 A,F16L 53/07,管を冷却するもの,
uploaded,廃止,F16L 53/00 B,F16L 53/75,・管にフインを取り付けたもの,
uploaded,廃止,F16L 53/00 C,F16L 53/03,管を加熱するもの,
uploaded,廃止,F16L 53/00 Z,F16L 53/00,その他のもの,
uploaded,廃止,F21S 8/01,F21S 41/00,・特に車両に適合させたもの［７］,
uploaded,廃止,F21S 8/01 100,F21S 41/00,・・前照灯またはスポットライト［例．ヘッドランプ，フォグランプ］,
uploaded,廃止,F21S 8/01 110,F21S 41/00,・・・配置場所に特徴を有するもの［例．車体の側面に配置］,
uploaded,廃止,F21S 8/01 120,F21S 41/00,・・・可視光以外の光も照射するもの,
uploaded,廃止,F21S 8/01 130,F21S 41/00,・・・二輪車にも使えるもの,
uploaded,廃止,F21S 8/01 140,F21S 41/00,・・・ハウジング,
uploaded,廃止,F21S 8/01 141,F21S 41/00,・・・・車両用,
uploaded,廃止,F21S 8/01 142,F21S 41/00,・・・・二輪車用,
uploaded,廃止,F21S 8/01 150,F21S 41/00,・・・光源部,
uploaded,廃止,F21S 8/01 151,F21S 41/00,・・・・光源の取付け,
uploaded,廃止,F21S 8/01 152,F21S 41/00,・・・・・ソケツトまたはソケツトの取付け,
uploaded,廃止,F21S 8/01 153,F21S 41/00,・・・・・・ワイヤ，クリツプ等による取付け,
uploaded,廃止,F21S 8/01 154,F21S 41/00,・・・・・バックカバ－によるランプの取付け,
uploaded,廃止,F21S 8/01 155,F21S 41/00,・・・・ソケツトカバ－,
uploaded,廃止,F21S 8/01 156,F21S 41/00,・・・・予備球の取付け,
uploaded,廃止,F21S 8/01 160,F21S 41/00,・・・配線，コードの取付け、回路の配置,
uploaded,廃止,F21S 8/01 170,F21S 41/00,・・・屈折器,
uploaded,廃止,F21S 8/01 171,F21S 41/00,・・・・導光部材を用いたもの,
uploaded,廃止,F21S 8/01 172,F21S 41/00,・・・・材料，製造に特徴を有する屈折器,
uploaded,廃止,F21S 8/01 173,F21S 41/00,・・・・屈折器の取付け,
uploaded,廃止,F21S 8/01 174,F21S 41/00,・・・・・ネジによるもの,
uploaded,廃止,F21S 8/01 175,F21S 41/00,・・・・・クリツプ，係止部によるもの,
uploaded,廃止,F21S 8/01 180,F21S 41/00,・・・反射器,
uploaded,廃止,F21S 8/01 181,F21S 41/00,・・・・エクステンションリフレクタ,
uploaded,廃止,F21S 8/01 182,F21S 41/00,・・・・材料，製造に特徴を有する反射器,
uploaded,廃止,F21S 8/01 183,F21S 41/00,・・・・反射器の取付け,
uploaded,廃止,F21S 8/01 190,F21S 41/00,・・・付属品,
uploaded,廃止,F21S 8/01 191,F21S 41/00,・・・・警報器の適用,
uploaded,廃止,F21S 8/01 300,F21S 41/00,・・他の交通に信号を伝えるためのもの　例．ブレーキランプ，ターンシグナルランプ,
uploaded,廃止,F21S 8/01 310,F21S 41/00,・・・配置場所に特徴を有するもの,
uploaded,廃止,F21S 8/01 320,F21S 41/00,・・・二輪車にも使えるもの,
uploaded,廃止,F21S 8/01 330,F21S 41/00,・・・光の発散または分配に関するもの,
uploaded,廃止,F21S 8/01 331,F21S 41/00,・・・・側方への光の分配,
uploaded,廃止,F21S 8/01 332,F21S 41/00,・・・・後方への光の分配,
uploaded,廃止,F21S 8/01 340,F21S 41/00,・・・ハウジング,
uploaded,廃止,F21S 8/01 350,F21S 41/00,・・・光源部,
uploaded,廃止,F21S 8/01 351,F21S 41/00,・・・・複数の光源により、光の発散または分配をおこなうもの,
uploaded,廃止,F21S 8/01 352,F21S 41/00,・・・・発光ダイオ－ドを用いたもの,
uploaded,廃止,F21S 8/01 353,F21S 41/00,・・・・光源の取付け,
uploaded,廃止,F21S 8/01 354,F21S 41/00,・・・・・ソケツトまたはソケツトの取付け,
uploaded,廃止,F21S 8/01 355,F21S 41/00,・・・・・・ワイヤ，クリツプ等による取付け,
uploaded,廃止,F21S 8/01 356,F21S 41/00,・・・・・バックカバ－によるランプの取付け,
uploaded,廃止,F21S 8/01 357,F21S 41/00,・・・・ソケツトカバ－,
uploaded,廃止,F21S 8/01 358,F21S 41/00,・・・・予備球の取付け,
uploaded,廃止,F21S 8/01 360,F21S 41/00,・・・配線，コードの取付け、回路の配置,
uploaded,廃止,F21S 8/01 370,F21S 41/00,・・・屈折器,
uploaded,廃止,F21S 8/01 371,F21S 41/00,・・・・導光部材を用いたもの,
uploaded,廃止,F21S 8/01 372,F21S 41/00,・・・・材料，製造に特徴を有する屈折器,
uploaded,廃止,F21S 8/01 373,F21S 41/00,・・・・屈折器の取付け,
uploaded,廃止,F21S 8/01 374,F21S 41/00,・・・・・ネジによるもの,
uploaded,廃止,F21S 8/01 375,F21S 41/00,・・・・・クリツプ，係止部によるもの,
uploaded,廃止,F21S 8/01 380,F21S 41/00,・・・反射器,
uploaded,廃止,F21S 8/01 381,F21S 41/00,・・・・材料，製造に特徴を有する反射器,
uploaded,廃止,F21S 8/01 382,F21S 41/00,・・・・反射器の取付け,
uploaded,廃止,F21S 8/01 385,F21S 41/00,・・・屈折器と反射器の組合せにより光の発散または分配をおこなうもの,
uploaded,廃止,F21S 8/01 390,F21S 41/00,・・・部品の組立て、取付に関するもの,
uploaded,廃止,F21S 8/01 400,F21S 41/00,・・装飾、デコレーションを目的とした灯具,
uploaded,廃止,F21S 8/01 410,F21S 41/00,・・・信号を伝えるためのもの,
uploaded,廃止,F21S 8/01 500,F21S 41/00,・・車両に適合させた照明装置［前照灯またはスポットライト，他の交通に信号をつたえるためのもの］の細部,
uploaded,廃止,F21S 8/01 510,F21S 41/00,・・・保護,
uploaded,廃止,F21S 8/01 520,F21S 41/00,・・・・破損防止［例ランプの防爆による破片の飛散防止］,
uploaded,廃止,F21S 8/01 530,F21S 41/00,・・・・加熱防止（Ｆ２１Ｖ２９／にも付与）,
uploaded,廃止,F21S 8/01 531,F21S 41/00,・・・・・フィン，熱伝導性部材，開口部などの冷却部材を設けたもの（Ｆ２１Ｖ２９／にも付与）,
uploaded,廃止,F21S 8/01 532,F21S 41/00,・・・・・強制通風，水冷によるもの（Ｆ２１Ｖ２９／にも付与）,
uploaded,廃止,F21S 8/01 540,F21S 41/00,・・・・防水（Ｆ２１Ｖ３１／にも付与）,
uploaded,廃止,F21S 8/01 541,F21S 41/00,・・・・・通気孔，排水孔（Ｆ２１Ｖ３１／にも付与）,
uploaded,廃止,F21S 8/01 542,F21S 41/00,・・・・・・前照灯またはスポットライトに関するもの,
uploaded,廃止,F21S 8/01 543,F21S 41/00,・・・・・・信号灯に関するもの,
uploaded,廃止,F21S 8/01 550,F21S 41/00,・・・加熱手段を有するもの［例．曇り防止，雪防止ヒータ］,
uploaded,廃止,F21S 8/01 560,F21S 41/00,・・・洗浄手段を有するもの［例．ワイパー］,
uploaded,廃止,F21S 8/12,F21S 41/00,・・単一形状のビーム，例．非対称ビーム，を備えたもの，例．霧を透過するためのもの，または眩しさを防ぐためのもの［７］,
uploaded,廃止,F21S 8/12 100,F21S 41/00,・・・配光または光の性質を変えられないもの,
uploaded,廃止,F21S 8/12 110,F21S 41/00,・・・・反射器，光源，屈折器等の光学的組み合わせ［例　反射器，光源，屈折器等の位置，配置］,
uploaded,廃止,F21S 8/12 120,F21S 41/00,・・・・反射器の形状によりビーム形状を形成するもの,
uploaded,廃止,F21S 8/12 121,F21S 41/00,・・・・・主反射面がだ円面［例．プロジェクタ型ヘッドライト］,
uploaded,廃止,F21S 8/12 123,F21S 41/00,・・・・・反射器が複数の反射面からなる単一体であるもの,
uploaded,廃止,F21S 8/12 125,F21S 41/00,・・・・・２個以上の反射器をもつもの,
uploaded,廃止,F21S 8/12 130,F21S 41/00,・・・・光源の形状、配置によりビーム形状を形成するもの（光源自体Ｈ０１Ｊ，Ｋ）,
uploaded,廃止,F21S 8/12 140,F21S 41/00,・・・・屈折器の形状によりビーム形状を形成するもの,
uploaded,廃止,F21S 8/12 141,F21S 41/00,・・・・・屈折器が光軸方向に配置された複数のレンズからなるもの,
uploaded,廃止,F21S 8/12 143,F21S 41/00,・・・・・屈折器が光軸に傾斜して設けられたレンズからなるもの,
uploaded,廃止,F21S 8/12 150,F21S 41/00,・・・・スクリーン，非反射部材，遮光部材，固定シェードによりビーム形状を形成するもの,
uploaded,廃止,F21S 8/12 151,F21S 41/00,・・・・・スクリーン，非反射部材，遮光部材，固定シェードの形状に特徴を有するもの,
uploaded,廃止,F21S 8/12 153,F21S 41/00,・・・・・スクリーン，非反射部材，遮光部材，固定シェードの取付に特徴を有するもの,
uploaded,廃止,F21S 8/12 155,F21S 41/00,・・・・・スクリーン，非反射部材，遮光部材，固定シェードの配置に特徴を有するもの,
uploaded,廃止,F21S 8/12 200,F21S 41/00,・・・配光または光の性質を変えられるもの,
uploaded,廃止,F21S 8/12 210,F21S 41/00,・・・・上下への配光制御［例．ハイビームとロービームとの切替］,
uploaded,廃止,F21S 8/12 220,F21S 41/00,・・・・左右への配光制御［例．ベンディングライティング］,
uploaded,廃止,F21S 8/12 230,F21S 41/00,・・・・照明と照明以外［例．撮像用］との切替,
uploaded,廃止,F21S 8/12 240,F21S 41/00,・・・・照明効果の切替［例．前照灯とフォグランプとの切替］,
uploaded,廃止,F21S 8/12 250,F21S 41/00,・・・・反射器により光の性質または配光を変えるもの,
uploaded,廃止,F21S 8/12 251,F21S 41/00,・・・・・反射器全体を動かすもの,
uploaded,廃止,F21S 8/12 252,F21S 41/00,・・・・・・スクリユウネジによるもの,
uploaded,廃止,F21S 8/12 253,F21S 41/00,・・・・・・・手動によりスクリユウネジを作動させるもの,
uploaded,廃止,F21S 8/12 254,F21S 41/00,・・・・・反射器の一部を動かすもの,
uploaded,廃止,F21S 8/12 255,F21S 41/00,・・・・・反射器の形状を変えるもの,
uploaded,廃止,F21S 8/12 260,F21S 41/00,・・・・光源により光の性質または配光を変えるもの,
uploaded,廃止,F21S 8/12 261,F21S 41/00,・・・・・光源の位置を移動させることによるもの,
uploaded,廃止,F21S 8/12 262,F21S 41/00,・・・・・光源の光点を動かすことによるもの［例．放電アークを曲げる磁石］,
uploaded,廃止,F21S 8/12 263,F21S 41/00,・・・・・複数の光源，複数のランプなど光源の切換えによるもの,
uploaded,廃止,F21S 8/12 264,F21S 41/00,・・・・・複数のフイラメントの切換えによるもの,
uploaded,廃止,F21S 8/12 265,F21S 41/00,・・・・・・反射器に特徴を有するもの,
uploaded,廃止,F21S 8/12 266,F21S 41/00,・・・・・・光源部に特徴を有するもの,
uploaded,廃止,F21S 8/12 267,F21S 41/00,・・・・・・屈折器に特徴を有するもの,
uploaded,廃止,F21S 8/12 268,F21S 41/00,・・・・・・反射器，光源，屈折器，遮蔽部材等の光学的組み合わせ，配置に特徴を有するもの,
uploaded,廃止,F21S 8/12 269,F21S 41/00,・・・・・・スクリ－ン，非反射部材，遮光部材，シェードに特徴を有するもの,
uploaded,廃止,F21S 8/12 270,F21S 41/00,・・・・屈折器により光の性質または配光を変えるもの,
uploaded,廃止,F21S 8/12 271,F21S 41/00,・・・・・屈折器の位置を変えるもの,
uploaded,廃止,F21S 8/12 280,F21S 41/00,・・・・光フィルタにより光の性質または配光を変えるもの,
uploaded,廃止,F21S 8/12 281,F21S 41/00,・・・・・光フィルタの位置を変えるもの,
uploaded,廃止,F21S 8/12 282,F21S 41/00,・・・・・光フィルタの透過率を変えるもの［例．液晶スクリーンを用いた配光制御］,
uploaded,廃止,F21S 8/12 290,F21S 41/00,・・・・スクリーン，非反射部材，遮光部材，シェードにより光の性質または配光を変えるもの,
uploaded,廃止,F21S 8/12 291,F21S 41/00,・・・・・スクリーン，非反射部材，遮光部材，シェードを動かすもの,
uploaded,廃止,F21S 8/12 292,F21S 41/00,・・・・・・スクリーン，非反射部材，遮光部材，シェードの形状に特徴を有するもの,
uploaded,廃止,F21S 8/12 293,F21S 41/00,・・・・・・スクリーン，非反射部材，遮光部材，シェードの取付に特徴を有するもの,
uploaded,廃止,F21S 8/12 294,F21S 41/00,・・・・・・スクリーン，非反射部材，遮光部材，シェードの配置に特徴を有するもの,
uploaded,廃止,F21S 8/12 295,F21S 41/00,・・・・・・スクリーン，非反射部材，遮光部材，シェードの駆動機構に特徴を有するもの,
uploaded,廃止,F21S 8/12 500,F21S 41/00,・・・色光を発するもの；可視光以外の光を発するもの,
uploaded,廃止,F21S 8/12 510,F21S 41/00,・・・周期的にビームを断続するもの,
uploaded,廃止,F21S 8/12 520,F21S 41/00,・・・偏光を発散するもの,
uploaded,廃止,F21S 8/12 530,F21S 41/00,・・・光源からのビ－ムの一部を分配して他に利用するもの,
uploaded,廃止,F21V 1/16 500,F21V 1/17,・・・蛍光・蓄光材料を使ったもの,
uploaded,廃止,F21V 3/04 100,F21V 3/06,・・材料に特徴のあるもの,
uploaded,廃止,F21V 3/04 110,F21V 3/06 110,・・・グローブ自体の材料,
uploaded,廃止,F21V 3/04 130,F21V 3/06 130,・・・グローブに混入される材料,
uploaded,廃止,F21V 3/04 131,F21V 3/06 131,・・・・空気，水または粒子を混入させたもの,
uploaded,廃止,F21V 3/04 300,F21V 3/01,・・表面処理またはコーティングに特徴のあるもの,
uploaded,廃止,F21V 3/04 310,F21V 3/01 310,・・・フィルムまたは合成樹脂でコーティングしたもの,
uploaded,廃止,F21V 3/04 330,F21V 3/01 330,・・・塗料または金属膜でコーティングしたもの,
uploaded,廃止,F21V 3/04 350,F21V 3/01 350,・・・電磁シールドを備えたもの,
uploaded,廃止,F21V 3/04 370,F21V 3/01 370,・・・表面に模様などを形成したもの,
uploaded,廃止,F21V 3/04 500,F21V 3/00,・・蛍光，燐光または蓄光材料を使ったもの,
uploaded,廃止,F21V 5/00 630,F21V 5/00,・蛍光，燐光または蓄光材料を使ったもの,
uploaded,廃止,F21V 7/22 100,F21V 7/24,・・反射器の材料に特徴のあるもの，例．反射器自体の材料または反射器に混入される材料,
uploaded,廃止,F21V 7/22 200,F21V 7/28,・・表面処理またはコーティングに特徴のあるもの,
uploaded,廃止,F21V 7/22 210,F21V 7/28 210,・・・アルミニウムを反射層とするもの,
uploaded,廃止,F21V 7/22 220,F21V 7/28 220,・・・アルミニウム以外の金属を反射層とするもの,
uploaded,廃止,F21V 7/22 230,F21V 7/28 230,・・・フィルムまたは積層体によりコーティングしたもの,
uploaded,廃止,F21V 7/22 240,F21V 7/28 240,・・・選択透過膜またはダイクロイックミラー,
uploaded,廃止,F21V 7/22 250,F21V 7/28 250,・・・部分的に処理を変えたもの,
uploaded,廃止,F21V 7/22 300,F21V 7/00 300,・・蛍光，燐光または蓄光材料を使ったもの,
uploaded,廃止,F21V 9/01,F21V 9/04,・・色または光の強度を変えられるもの（Ｆ２１Ｖ９／１２が優先）,
uploaded,廃止,F21V 9/01 100,F21V 9/04 100,・・・摺動して変えるもの,
uploaded,廃止,F21V 9/01 200,F21V 9/04 200,・・・回転して変えるもの,
uploaded,廃止,F21V 9/01 300,F21V 9/04 300,・・・揺動して変えるもの,
uploaded,廃止,F21V 9/01 400,F21V 9/04 400,・・・光変調素子，例．液晶,
uploaded,廃止,F21V 9/16,F21V 9/00,・光スクリーンの発光物質の選択,
uploaded,廃止,F21V 9/16 100,F21V 9/00,・・蛍光物質，燐光物質または蓄光物質,
uploaded,廃止,F21W 101:00,F21W 107:00,移動体の外部もしくは内部における照明装置の使用または適用［７］,
uploaded,廃止,F21W 101:02,F21W 107:10,・陸上移動体用［７］,
uploaded,廃止,F21W 101:023,F21W 107:13,・・二輪車用［７］,
uploaded,廃止,F21W 101:027,F21W 107:17,・・・オートバイ用［７］,
uploaded,廃止,F21W 101:04,F21W 107:20,・水上，水中移動体用［７］,
uploaded,廃止,F21W 101:06,F21W 107:30,・航空機用［７］,
uploaded,廃止,F21W 101:08,F21W 106:00,・内部照明［７］,
uploaded,廃止,F21W 101:10,F21W 102:00,・ヘッドライト，スポットライト，霧燈（フォグライト）［７］,
uploaded,廃止,F21W 101:12,F21W 103:00,・方向指示ランプ［７］,
uploaded,廃止,F21W 101:14,F21W 103:00,・バックライトまたはストップライト［７］,
uploaded,廃止,F24F 11/02,F24F 11/00,・制御装置または安全装置の構成またはすえつけ,
uploaded,廃止,F24F 11/02 101,F24F 11/41,・・除霜のためのもの,
uploaded,廃止,F24F 11/02 101 C,F24F 11/41,除霜の開始、及び／又は終了の制御のためのもの,
uploaded,廃止,F24F 11/02 101 D,F24F 11/41,・温度が制御パラメ－タであるもの,
uploaded,廃止,F24F 11/02 101 E,F24F 11/41,・・特に、室外空気温度が制御パラメ－タであるもの,
uploaded,廃止,F24F 11/02 101 F,F24F 11/41,・・特に、室外熱交換器温度が制御パラメ－タであるもの,
uploaded,廃止,F24F 11/02 101 G,F24F 11/41,・時間が制御パラメ－タであるもの,
uploaded,廃止,F24F 11/02 101 H,F24F 11/41,・風量が制御パラメ－タであるもの,
uploaded,廃止,F24F 11/02 101 J,F24F 11/41,・電流値が制御パラメ－タであるもの,
uploaded,廃止,F24F 11/02 101 K,F24F 11/41,Ｃ以外の制御を行うもの,
uploaded,廃止,F24F 11/02 101 L,F24F 11/41,・室内送風機が制御される要素であるもの,
uploaded,廃止,F24F 11/02 101 M,F24F 11/41,・室外送風機が制御される要素であるもの,
uploaded,廃止,F24F 11/02 101 N,F24F 11/41,・補助加熱器が制御される要素であるもの,
uploaded,廃止,F24F 11/02 101 P,F24F 11/41,・圧縮機が制御される要素であるもの,
uploaded,廃止,F24F 11/02 101 Q,F24F 11/41,・四方弁が制御される要素であるもの,
uploaded,廃止,F24F 11/02 101 Z,F24F 11/41,その他のもの,
uploaded,廃止,F24F 11/02 102,F24F 11/03,・・制御または安全の対象とされる個別の機器のため,
uploaded,廃止,F24F 11/02 102 A,F24F 11/46,複数の室内ユニツトを有する装置に適用されるもの,
uploaded,廃止,F24F 11/02 102 B,F24F 11/46,蓄熱槽を有する装置に適用されるもの,
uploaded,廃止,F24F 11/02 102 C,F24F 11/46,補助ヒ－タを有する装置に適用されるもの,
uploaded,廃止,F24F 11/02 102 D,F24F 11/07,湿度調節を行う装置に適用されるもの,
uploaded,廃止,F24F 11/02 102 E,F24F 11/86,圧縮機を制御対象とするもの,
uploaded,廃止,F24F 11/02 102 F,F24F 11/84,冷媒制御弁を制御対象とするもの,
uploaded,廃止,F24F 11/02 102 G,F24F 11/87,室外ユニツトにおける吸放熱を制御するもの,
uploaded,廃止,F24F 11/02 102 H,F24F 11/79,風向切換制御,
uploaded,廃止,F24F 11/02 102 J,F24F 11/07,外気取入制御,
uploaded,廃止,F24F 11/02 102 K,F24F 11/07,室内ユニツトに上下フアンを有する装置に適用されるもの,
uploaded,廃止,F24F 11/02 102 L,F24F 11/07,フアンコイル式の装置に適用されるもの,
uploaded,廃止,F24F 11/02 102 M,F24F 11/07,熱交換器バイパス制御,
uploaded,廃止,F24F 11/02 102 N,F24F 11/07,補助機器の制御,
uploaded,廃止,F24F 11/02 102 P,F24F 11/07,中央装置の制御,
uploaded,廃止,F24F 11/02 102 Q,F24F 11/07,エンジン駆動の装置に適用されるもの,
uploaded,廃止,F24F 11/02 102 R,F24F 11/07,吸収式冷凍機を有する装置に適用されるもの,
uploaded,廃止,F24F 11/02 102 S,F24F 11/07,フアン・圧縮機等の組み合わせ制御,
uploaded,廃止,F24F 11/02 102 T,F24F 11/46,・マルチエアコン,
uploaded,廃止,F24F 11/02 102 U,F24F 11/07,・床暖房付,
uploaded,廃止,F24F 11/02 102 V,F24F 11/07,・加湿装置付,
uploaded,廃止,F24F 11/02 102 W,F24F 11/86,・能力制御,
uploaded,廃止,F24F 11/02 102 X,F24F 11/871,・室外フアンを制御対象とするもの,
uploaded,廃止,F24F 11/02 102 Y,F24F 11/873,・冷媒加熱器を制御対象とするもの,
uploaded,廃止,F24F 11/02 102 Z,F24F 11/07,その他のもの〔ドレンポンプの制御〕,
uploaded,廃止,F24F 11/02 103,F24F 11/07,・・装置の構成要素,
uploaded,廃止,F24F 11/02 103 A,F24F 11/88,検出部,
uploaded,廃止,F24F 11/02 103 B,F24F 11/76,温度制御器,
uploaded,廃止,F24F 11/02 103 C,F24F 11/54,信号伝送,
uploaded,廃止,F24F 11/02 103 D,F24F 11/54,中央制御装置,
uploaded,廃止,F24F 11/02 103 Z,F24F 11/05,その他のもの,
uploaded,廃止,F24F 11/02 104,F24F 11/05,・・・切換操作のためのもの,
uploaded,廃止,F24F 11/02 104 A,F24F 11/56,リモ－トコントロ－ラ,
uploaded,廃止,F24F 11/02 104 Z,F24F 11/05,その他のもの,
uploaded,廃止,F24F 11/02 105,F24F 11/05,・・・表示のためのもの,
uploaded,廃止,F24F 11/02 105 A,F24F 11/526,聴覚的なもの,
uploaded,廃止,F24F 11/02 105 B,F24F 11/523,温度表示,
uploaded,廃止,F24F 11/02 105 Z,F24F 11/52,その他のもの,
uploaded,廃止,F24F 11/02 A,F24F 11/62,温度設定,
uploaded,廃止,F24F 11/02 B,F24F 11/62,・湿度補償,
uploaded,廃止,F24F 11/02 C,F24F 11/62,・外気温補償,
uploaded,廃止,F24F 11/02 D,F24F 11/62,・放射温度補償,
uploaded,廃止,F24F 11/02 E,F24F 11/62,・日射補償,
uploaded,廃止,F24F 11/02 F,F24F 11/62,温度変化に応じたもの,
uploaded,廃止,F24F 11/02 G,F24F 11/46,能力制御,
uploaded,廃止,F24F 11/02 H,F24F 11/46,・台数制御,
uploaded,廃止,F24F 11/02 J,F24F 11/46,・デユ－テイ－制御,
uploaded,廃止,F24F 11/02 K,F24F 11/46,タイマ－制御,
uploaded,廃止,F24F 11/02 L,F24F 11/62,予冷熱制御,
uploaded,廃止,F24F 11/02 M,F24F 11/62,フイルタ－関連,
uploaded,廃止,F24F 11/02 N,F24F 11/62,試運転関連,
uploaded,廃止,F24F 11/02 P,F24F 11/62,電力制御,
uploaded,廃止,F24F 11/02 Q,F24F 11/62,強制始動制御,
uploaded,廃止,F24F 11/02 R,F24F 11/62,冷暖切換制御,
uploaded,廃止,F24F 11/02 S,F24F 11/62,人検出,
uploaded,廃止,F24F 11/02 Y,F24F 11/07,自動車用〔主は，Ｂ６０Ｈ〕,
uploaded,廃止,F24F 11/02 Z,F24F 11/03,その他のもの,
uploaded,廃止,F24F 11/04,F24F 11/74,・・単に空気流量を制御するためのもの,
uploaded,廃止,F24F 11/04 F,F24F 11/74,送風機を制御するためのもの,
uploaded,廃止,F24F 11/04 G,F24F 11/74,・自動切換,
uploaded,廃止,F24F 11/04 H,F24F 11/74,・・冷媒圧力に応じるもの,
uploaded,廃止,F24F 11/04 J,F24F 11/755,・・周期的なもの,
uploaded,廃止,F24F 11/04 Z,F24F 11/72,その他のもの,
uploaded,廃止,F24F 11/047,F24F 11/75,・・・一定値にするもの［３］,
uploaded,廃止,F24F 11/053,F24F 11/75,・・・温度に応答する手段によるもの［３］,
uploaded,廃止,F24F 11/053 F,F24F 11/75,送風機を制御するためのもの,
uploaded,廃止,F24F 11/053 G,F24F 11/75,・温度のみに応じるもの,
uploaded,廃止,F24F 11/053 Z,F24F 11/72,その他のもの,
uploaded,廃止,F24F 11/06,F24F 11/83,・・単に２次処理のための加熱または冷却流体の供給を制御するためのもの（Ｆ２４Ｆ１１／０８が優先）,
uploaded,廃止,F24F 11/08,F24F 11/03,・・空気の１次処理を制御するためのもの,
uploaded,廃止,F24J 1/00,F24V 30/00,化学反応熱により生じた熱を使用する装置または設備（加熱調理容器用Ａ４７Ｊ３６／２８；自己加熱湿布Ａ６１Ｆ７／０３；燃焼用以外で，非可逆化学反応に伴う温度差を発生させる物質Ｃ０９Ｋ５／１８）,
uploaded,廃止,F24J 1/00 301,F24V 30/00 301,・化学的に結合した酸素を含む反応,
uploaded,廃止,F24J 1/00 302,F24V 30/00 302,・酸素以外の元素の結合を含む反応,
uploaded,廃止,F24J 2/00,F24S 21/00,太陽熱の使用，例．太陽熱集熱器（太陽エネルギを使用する蒸留または蒸発によるものＣ０２Ｆ１／１４；エネルギ収集装置の屋根ふきの面Ｅ０４Ｄ１３／１８；太陽エネルギから機械的動力を出す装置Ｆ０３Ｇ６／００；太陽エネルギを電気エネルギに変換するのに適した半導体装置Ｈ０１Ｌ２５／００，３１／００；熱エネルギを利用する太陽電池の配列を含む半導体装置Ｈ０１Ｌ３１／０５８；光の放射エネルギを電気エネルギに直接変換する発電機Ｈ０２Ｎ６／００）,
uploaded,廃止,F24J 2/00 A,F24S 20/00 010,太陽電池を併用するもの,
uploaded,廃止,F24J 2/00 B,F24S 10/13,ソ－ラ－ポンド,
uploaded,廃止,F24J 2/00 Z,F24S 21/00,その他のもの,
uploaded,廃止,F24J 2/02,F24S 20/03,・加熱される物体の支持物をもつ太陽熱集熱器，例．太陽熱を使用するストーブ，レンジ，るつぼ，炉またはオーブン,
uploaded,廃止,F24J 2/04,F24S 10/00,・集熱器内を運ばれる作動流体をもつ太陽熱集熱器,
uploaded,廃止,F24J 2/04 A,F24S 10/02,複数種類の作動流体をもつもの,
uploaded,廃止,F24J 2/04 B,F24S 20/06,建築物への適用に特徴のあるもの〔Ｆが優先〕,
uploaded,廃止,F24J 2/04 C,F24S 20/67,・屋根に適用したもの,
uploaded,廃止,F24J 2/04 D,F24S 20/66,・壁に適用したもの,
uploaded,廃止,F24J 2/04 E,F24S 20/63,・窓に適用したもの,
uploaded,廃止,F24J 2/04 F,F24S 10/00,空気加熱特有のもの,
uploaded,廃止,F24J 2/04 G,F24S 20/06,・建築物への適用に特徴のあるもの,
uploaded,廃止,F24J 2/04 H,F24S 20/67,・・屋根に適用したもの,
uploaded,廃止,F24J 2/04 J,F24S 20/66,・・壁に適用したもの,
uploaded,廃止,F24J 2/04 K,F24S 10/00,汲置式のもの,
uploaded,廃止,F24J 2/04 L,F24S 10/00,流下式のもの,
uploaded,廃止,F24J 2/04 M,F24S 20/00,水製造装置に適用したもの,
uploaded,廃止,F24J 2/04 Z,F24S 10/00,その他のもの,
uploaded,廃止,F24J 2/06,F24S 23/00,・・収光要素をもつもの（光学要素または光学系それ自体Ｇ０２Ｂ）,
uploaded,廃止,F24J 2/08,F24S 23/03,・・・レンズ,
uploaded,廃止,F24J 2/01,F24S 23/07,・・・反射鏡,
uploaded,廃止,F24J 2/12,F24S 23/71,・・・・放物線状のもの,
uploaded,廃止,F24J 2/14,F24S 23/74,・・・・半円筒状または円筒―放物線状のもの,
uploaded,廃止,F24J 2/16,F24S 23/77,・・・・平板をもつもの,
uploaded,廃止,F24J 2/18,F24S 23/79,・・・・離隔対向した相互作用反射面,
uploaded,廃止,F24J 2/02,F24S 10/05,・・作動流体がプレート間を運ばれるもの,
uploaded,廃止,F24J 2/02 A,F24S 10/05,製造または組立に特徴があるもの,
uploaded,廃止,F24J 2/02 Z,F24S 10/05,その他のもの,
uploaded,廃止,F24J 2/22,F24S 10/55,・・・拡大表面，例．突起，波形をもつもの（２／２８が優先）,
uploaded,廃止,F24J 2/24,F24S 10/07,・・作動流体が管状の吸熱導管内を運ばれるもの,
uploaded,廃止,F24J 2/24 A,F24S 10/07,製造または組立に特徴があるもの,
uploaded,廃止,F24J 2/24 B,F24S 10/06,・管にフインまたは板を取り付けるもの,
uploaded,廃止,F24J 2/24 C,F24S 10/07,・管の端部の組立に特徴があるもの,
uploaded,廃止,F24J 2/24 D,F24S 10/07,多重管からなるもの〔Ａ，Ｂ，Ｃが優先〕,
uploaded,廃止,F24J 2/24 Z,F24S 10/07,その他のもの,
uploaded,廃止,F24J 2/26,F24S 10/75,・・・拡大表面，例．突起，をもつもの（２／２８が優先）,
uploaded,廃止,F24J 2/28,F24S 10/08,・・浸透性の物体，小孔のあるまたは多孔質の物質をもつもの,
uploaded,廃止,F24J 2/03,F24S 10/03,・・複数の流体間で熱交換する手段をもつもの,
uploaded,廃止,F24J 2/32,F24S 10/95,・・蒸発器および凝縮器セクション，例．ヒートパイプ，をもつもの,
uploaded,廃止,F24J 2/34,F24S 60/00,・・蓄熱物体をもつもの,
uploaded,廃止,F24J 2/34 A,F24S 60/01,潜熱を利用するもの,
uploaded,廃止,F24J 2/34 B,F24S 60/02,化学反応熱を利用するもの,
uploaded,廃止,F24J 2/34 C,F24S 60/02,光異性化反応熱を利用するもの,
uploaded,廃止,F24J 2/34 Z,F24S 60/00,その他のもの,
uploaded,廃止,F24J 2/36,F24S 20/05,・丸めることができるまたは折り畳むことができる集熱器,
uploaded,廃止,F24J 2/36 A,F24S 20/55,可撓性材料で作られるもの,
uploaded,廃止,F24J 2/36 Z,F24S 20/05,その他のもの,
uploaded,廃止,F24J 2/38,F24S 50/02,・追尾手段を採用したもの（２／０２，２／０６が優先；電磁波の到来する方向を決定するための方位測定機Ｇ０１Ｓ３／７８；位置または方向の制御Ｇ０５Ｄ３／００）,
uploaded,廃止,F24J 2/04,F24S 50/00,・制御装置,
uploaded,廃止,F24J 2/04 A,F24S 40/00,安全装置,
uploaded,廃止,F24J 2/04 B,F24S 40/07,・凍結防止,
uploaded,廃止,F24J 2/04 Z,F24S 50/00,その他のもの,
uploaded,廃止,F24J 2/42,F24S 90/00,・他に分類されない太陽熱系,
uploaded,廃止,F24J 2/42 A,F24S 90/00,強制循環式システム,
uploaded,廃止,F24J 2/42 B,F24S 90/00,・複数の流体間で熱交換する手段をもつもの,
uploaded,廃止,F24J 2/42 C,F24S 90/00,パツシブソ－ラ－システム,
uploaded,廃止,F24J 2/42 D,F24S 90/00,空気循環系,
uploaded,廃止,F24J 2/42 E,F24S 90/00,冷凍機械用冷媒系,
uploaded,廃止,F24J 2/42 F,F24S 90/00,蒸気系,
uploaded,廃止,F24J 2/42 G,F24S 90/00,温室に適用されるもの,
uploaded,廃止,F24J 2/42 H,F24S 90/00,補助加熱源を備えるもの,
uploaded,廃止,F24J 2/42 J,F24S 90/00,給湯システムに適用されるもの,
uploaded,廃止,F24J 2/42 K,F24S 90/00,・浴槽への給湯システムのもの,
uploaded,廃止,F24J 2/42 L,F24S 90/00,・プ－ルへの給湯システムのもの,
uploaded,廃止,F24J 2/42 M,F24S 90/00,暖房システムに適用されるもの,
uploaded,廃止,F24J 2/42 N,F24S 90/00,・ヒ－トポンプを備えるもの,
uploaded,廃止,F24J 2/42 P,F24S 90/00,冷房システムに適用されるもの,
uploaded,廃止,F24J 2/42 Q,F24S 90/00,空調システムに適用されるもの,
uploaded,廃止,F24J 2/42 R,F24S 90/00,・ヒ－トポンプを備えるもの,
uploaded,廃止,F24J 2/42 S,F24S 60/00,蓄熱系,
uploaded,廃止,F24J 2/42 T,F24S 60/00,・蓄熱物質が土砂であるもの,
uploaded,廃止,F24J 2/42 U,F24S 60/01,・潜熱を利用するもの,
uploaded,廃止,F24J 2/42 Z,F24S 60/00,その他のもの,
uploaded,廃止,F24J 2/44,F24S 90/01,・・熱サイフォン循環をもつもの,
uploaded,廃止,F24J 2/44 A,F24S 90/01,自然循環式システム,
uploaded,廃止,F24J 2/44 B,F24S 10/09,集熱器内で自然循環が行われるもの,
uploaded,廃止,F24J 2/44 Z,F24S 90/01,その他のもの,
uploaded,廃止,F24J 2/46,F24S 80/00,・太陽熱集熱器の構成部品，細部または付属具,
uploaded,廃止,F24J 2/46 A,F24S 80/03,給水部または出湯部,
uploaded,廃止,F24J 2/46 B,F24S 60/03,貯湯槽,
uploaded,廃止,F24J 2/46 C,F24S 80/03,管の接続,
uploaded,廃止,F24J 2/46 D,F24S 40/00,空気抜き,
uploaded,廃止,F24J 2/46 E,F24S 40/00,保全,
uploaded,廃止,F24J 2/46 F,F24S 80/04,ケ－シングの断熱または保温幕,
uploaded,廃止,F24J 2/46 Z,F24S 80/00,その他のもの,
uploaded,廃止,F24J 2/48,F24S 70/00,・・吸収材に特徴があるもの,
uploaded,廃止,F24J 2/48 A,F24S 70/225,選択吸収膜,
uploaded,廃止,F24J 2/48 B,F24S 70/225,・基板の化学的処理により形成されるもの,
uploaded,廃止,F24J 2/48 C,F24S 70/225,・・鉄系基板であるもの,
uploaded,廃止,F24J 2/48 D,F24S 70/225,・・アルミニウム系基板であるもの,
uploaded,廃止,F24J 2/48 E,F24S 70/225,・・銅系基板であるもの,
uploaded,廃止,F24J 2/48 F,F24S 70/225,・・特殊合金の基板であるもの,
uploaded,廃止,F24J 2/48 G,F24S 70/225,・・その他の材料の基板であるもの,
uploaded,廃止,F24J 2/48 H,F24S 70/225,・基板への層の被覆により形成されるもの,
uploaded,廃止,F24J 2/48 J,F24S 70/225,・・合金または組成物の層であるもの,
uploaded,廃止,F24J 2/48 K,F24S 70/225,・・塗料の層であるもの,
uploaded,廃止,F24J 2/48 L,F24S 70/225,・被覆層の化学的処理により形成されるもの,
uploaded,廃止,F24J 2/48 M,F24S 70/225,・・特殊表面形状により形成されるもの,
uploaded,廃止,F24J 2/48 N,F24S 70/03,選択透過膜,
uploaded,廃止,F24J 2/48 Z,F24S 70/02,その他のもの,
uploaded,廃止,F24J 2/05,F24S 80/05,・・透明カバー,
uploaded,廃止,F24J 2/05 A,F24S 80/56,放熱防止手段を付加したもの,
uploaded,廃止,F24J 2/05 B,F24S 80/58,透明カバ－の取付,
uploaded,廃止,F24J 2/05 Z,F24S 80/05,その他のもの,
uploaded,廃止,F24J 2/52,F24S 25/00,・・取付具または支持具の配置,
uploaded,廃止,F24J 3/00,F24V 40/00,燃焼によらない熱の発生または使用（太陽熱の使用Ｆ２４Ｊ２／００）,
uploaded,廃止,F24J 3/06,F24V 50/00,・自然熱を使用するもの［４］,
uploaded,廃止,F24J 3/08,F24T 10/00,・・地熱を使用するもの（地熱エネルギから機械的動力を出す装置Ｆ０３Ｇ４／００）［４，５］,
uploaded,廃止,F25C 1/04 301 A,F25C 1/045 Z,下向きに開口した多数の製氷小室を有する固定製氷型の使用によるもの,
uploaded,廃止,F25C 1/04 301 B,F25C 1/045 A,・製氷小室の開口が閉鎖部材〔例．水皿〕により閉じられるもの（クローズドセル型）,
uploaded,廃止,F25C 1/04 301 Z,F25C 1/04 301,その他のもの,
uploaded,廃止,F25C 1/14 301,F25C 1/147 Z,・・・オ－ガ－式製氷機によるもの、すなわち、冷却筒の内表面に形成された薄氷をこの冷却筒と同軸に設置されたオ－ガ－により削り取る製氷機によるもの,
uploaded,廃止,F25C 1/14 301 A,F25C 1/147 A,冷却筒，蒸発器,
uploaded,廃止,F25C 1/14 301 B,F25C 1/147 B,オ－ガ－,
uploaded,廃止,F25C 1/14 301 C,F25C 1/147 C,・オ－ガ－の軸受，シ－ル，駆動装置,
uploaded,廃止,F25C 1/14 301 D,F25C 1/147 D,氷の圧縮部,
uploaded,廃止,F25C 1/14 301 E,F25C 1/147 E,・放射状のリブ間で氷を圧縮する押圧頭,
uploaded,廃止,F25C 1/14 301 F,F25C 1/147 F,圧縮氷の切断部,
uploaded,廃止,F25C 1/14 301 G,F25C 1/147 G,貯氷庫への収納，送り出し部,
uploaded,廃止,F25C 1/14 301 H,F25C 1/147 H,貯氷部,
uploaded,廃止,F25C 1/14 301 J,F25C 1/147 J,貯氷庫からの分配，取り出し部,
uploaded,廃止,F25C 1/14 301 K,F25C 1/147 K,給水,
uploaded,廃止,F25C 1/14 301 L,F25C 1/147 L,排水,
uploaded,廃止,F25C 1/14 301 M,F25C 1/147 M,洗浄,
uploaded,廃止,F25C 1/14 301 N,F25C 1/147 N,制御装置，安全装置,
uploaded,廃止,F25C 1/14 301 P,F25C 1/147 P,・貯氷量に関連したもの,
uploaded,廃止,F25C 1/14 301 Z,F25C 1/147 Z,その他のもの,
uploaded,廃止,F25C 1/14 A,F25C 1/142 B,薄氷を平板に形成するもの,
uploaded,廃止,F25C 1/14 B,F25C 1/142 A,薄氷をドラムに形成するもの,
uploaded,廃止,F25C 1/14 C,F25C 1/142 A,・ドラムの外表面にのみ形成するもの,
uploaded,廃止,F25C 1/14 D,F25C 1/145 A,・ドラムの内表面にのみ形成するもの,
uploaded,廃止,F25C 1/14 E,F25C 1/142 Z,薄氷を無限軌道に形成するもの,
uploaded,廃止,F25C 1/14 Z,F25C 1/14,その他のもの,
uploaded,廃止,F25C 1/22 302,F25C 1/25 Z,・・製氷型への注水装置,
uploaded,廃止,F25C 1/22 302 A,F25C 1/25 A,水循環形のもの〔Ｄ優先〕,
uploaded,廃止,F25C 1/22 302 B,F25C 1/25 B,・下向きに開口した多数の製氷小室を有する固定製氷型に向かつて水を噴き上げるもの〔Ｃ優先〕,
uploaded,廃止,F25C 1/22 302 C,F25C 1/25 C,・水循環ポンプの配置と取り付け,
uploaded,廃止,F25C 1/22 302 D,F25C 1/25 D,外部水源〔例．水道〕から製氷機に水を供給する給水タンクまたは給水パイプの配置と取り付け,
uploaded,廃止,F25C 1/22 302 Z,F25C 1/25 Z,その他のもの,
uploaded,廃止,F25C 1/22 303,F25C 1/25 303 Z,・・・制御または安全装置,
uploaded,廃止,F25C 1/22 303 A,F25C 1/25 303 A,水循環形の注水装置におけるもの〔Ｃ優先〕,
uploaded,廃止,F25C 1/22 303 B,F25C 1/25 303 B,・下向きに開口した多数の製氷小室を有する固定製氷型に向かつて水を噴き上げる注水装置におけるもの,
uploaded,廃止,F25C 1/22 303 C,F25C 1/25 303 C,水位検知器の配置と取り付け，例．水位検知電極の配置と取り付け,
uploaded,廃止,F25C 1/22 303 Z,F25C 1/25 303 Z,その他のもの,
uploaded,廃止,F25C 1/24 302,F25C 1/24 301,・・・・脱氷を行う製氷型,
uploaded,廃止,F25C 1/24 309,F25C 1/25 305 Z,・・・製氷型への注水装置,
uploaded,廃止,F25C 1/24 309 C,F25C 1/25 305 C,外部水源［例．水道］から水を供給するもの,
uploaded,廃止,F25C 1/24 309 D,F25C 1/25 305 D,定水量供給タンクから水を供給するもの,
uploaded,廃止,F25C 1/24 309 E,F25C 1/25 305 E,・給水タンク（容器一般Ｂ６５Ｄ）,
uploaded,廃止,F25C 1/24 309 F,F25C 1/25 305 F,・給水ポンプの配置と取付（非容積形ポンプＦ０４Ｄ）,
uploaded,廃止,F25C 1/24 309 G,F25C 1/25 305 G,・給水経路（給水パイプ）,
uploaded,廃止,F25C 1/24 309 Z,F25C 1/25 305 Z,その他のもの,
uploaded,廃止,F25C 1/24 310,F25C 1/25 305 P,・・・・制御または安全装置,
uploaded,廃止,F25C 5/00 301,F25C 5/02 Z,・氷の分配、例．貯氷倉庫、貯氷船倉などの大型貯氷庫からの分配,
uploaded,廃止,F25C 5/00 301 A,F25C 5/02 A,角氷の分配,
uploaded,廃止,F25C 5/00 301 B,F25C 5/02 B,固結した砕氷を上面から削り取り分配するもの,
uploaded,廃止,F25C 5/00 301 C,F25C 5/02 C,固結した砕氷を側面から削り取り分配するもの,
uploaded,廃止,F25C 5/00 301 Z,F25C 5/02 Z,その他のもの,
uploaded,廃止,F25C 5/00 302,F25C 5/02 302 Z,・・小型貯氷庫からの分配、例．冷蔵庫内に設置された貯氷容器からの分配,
uploaded,廃止,F25C 5/00 302 A,F25C 5/02 302 A,手動式のもの,
uploaded,廃止,F25C 5/00 302 Z,F25C 5/02 302 Z,その他のもの,
uploaded,廃止,F25C 5/00 303,F25C 5/02 303 Z,・・・分配装置が氷移送のための螺旋体を有するもの、例．冷蔵庫用のもの（３０４が優先）,
uploaded,廃止,F25C 5/00 303 A,F25C 5/02 303 A,制御，安全方式またはそれらの装置,
uploaded,廃止,F25C 5/00 303 B,F25C 5/02 303 B,小型貯氷庫が冷蔵庫内に設置されているもの〔Ａ優先〕,
uploaded,廃止,F25C 5/00 303 Z,F25C 5/02 303 Z,その他のもの,
uploaded,廃止,F25C 5/00 304,F25C 5/02 304,・・・削り取られるかまたは楔によつてはがされた薄氷のための分配、例．フレ－ク氷のための分配（３０５が優先）,
uploaded,廃止,F25C 5/00 305,F25C 5/02 305,・・・分配器具、例．氷挟み、による分配,
uploaded,廃止,F25C 5/16,F25C 5/00,・他のどのサブクラスにも属しない氷処理用の道具または装置,
uploaded,廃止,F25C 5/18 301,F25C 5/18 312 Z,・・貯氷庫に特有な扉；扉の開閉動に連動する貯氷庫,
uploaded,廃止,F25C 5/18 301 A,F25C 5/18 312 A,扉がその下端を中心として回動するもの,
uploaded,廃止,F25C 5/18 301 Z,F25C 5/18 312 Z,その他のもの,
uploaded,廃止,F25C 5/18 302,F25C 5/187 Z,・・貯氷量検知,
uploaded,廃止,F25C 5/18 302 A,F25C 5/187 A,オ－ガ－式製氷機〔すなわち，１／１４　３０１に規定された製氷機〕に特有なもの〔Ｃ・Ｄ優先〕,
uploaded,廃止,F25C 5/18 302 B,F25C 5/187 B,製氷皿の中心付近に設けられた水平な回転軸により製氷皿を回転し，反転する製氷機に特有なものＣ・Ｄ優先〕,
uploaded,廃止,F25C 5/18 302 C,F25C 5/187 C,光センサ－または温度センサ－によるもの；電極間の通電によるもの〔Ｄ優先〕,
uploaded,廃止,F25C 5/18 302 D,F25C 5/187 D,蓄冷のためのもの,
uploaded,廃止,F25C 5/18 302 Z,F25C 5/187 Z,その他のもの,
uploaded,廃止,F25C 5/18 401,F25C 5/18 311,・・貯氷箱，貯氷庫（貯氷庫に特有な扉３０１）,
uploaded,廃止,G01N 1/28 K,G01N 1/44,温度調整・加熱・冷却・凍結処理,
uploaded,廃止,G01N 1/28 R,G01N 1/36,ペレツト成型・鋳型成型の試料，試料片の樹脂中への埋込,
uploaded,廃止,G01N 1/28 Y,G01N 1/38,試料の震盪・撹拌,
uploaded,廃止,G01N 23/00 310,G01N 23/00,・中性子線の利用,
uploaded,廃止,G01N 23/02 310,G01N 23/02,・・中性子線の利用,
uploaded,廃止,G01N 23/04 320,G01N 23/046,・・・断層撮影，例．計算機断層撮影［ＣＴ］，を用いるもの（診断用放射線断層撮影Ａ６１Ｂ６／０２）,
uploaded,廃止,G01N 23/06 310,G01N 23/085,・・・Ｘ線吸収微細構造，例．ＥＸＡＦＳ,
uploaded,廃止,G01N 23/06 320,G01N 23/095,・・・ガンマ線共鳴吸収，例．メスバウアー効果,
uploaded,廃止,G01N 23/08,G01N 23/06,・・・電気的検出手段の利用,
uploaded,廃止,G01N 23/12 310,G01N 23/12,・・・・・浸漬型の検出ヘッドを伴うもの,
uploaded,廃止,G01N 23/14,G01N 23/12,・・・・・工程の制御もしくは監視または報知に特に適したもの,
uploaded,廃止,G01N 23/02 310,G01N 23/20008,・・構造の細部；付属品（モノクロメーターＧ２１Ｋ１／０６）,
uploaded,廃止,G01N 23/02 315,G01N 23/20016,・・・ゴニオメータ,
uploaded,廃止,G01N 23/02 320,G01N 23/20025,・・・試料ホルダまたは試料支持部材,
uploaded,廃止,G01N 23/02 322,G01N 23/20033,・・・・温度制御または加熱手段を備えるもの,
uploaded,廃止,G01N 23/02 324,G01N 23/20041,・・・・高圧試験用，例．アンビルセル,
uploaded,廃止,G01N 23/02 330,G01N 23/2005,・・・粉状試料の調製に関する細部,
uploaded,廃止,G01N 23/02 350,G01N 23/20058,・・電子線回折を測定するもの，例．低速電子線回折［ＬＥＥＤ］法,
uploaded,廃止,G01N 23/02 360,G01N 23/20066,・・ガンマ線の非弾性散乱，例．コンプトン効果，を測定するもの,
uploaded,廃止,G01N 23/02 370,G01N 23/02,・・Ｘ線の干渉，例．ボルマン効果，を測定するもの,
uploaded,廃止,G01N 23/02 390,G01N 23/20091,・・回折放射線のエネルギー分散スペクトル，すなわちＥＤＳ，を測定するもの,
uploaded,廃止,G01N 23/205 310,G01N 23/2055 310,・・・回折パターンを分析するもの,
uploaded,廃止,G01N 23/206,G01N 23/205,・・・放射線が中性子線であるもの［３］,
uploaded,廃止,G01N 23/207 310,G01N 23/207,・・・中性子検出器を用いるもの,
uploaded,廃止,G01N 23/207 320,G01N 23/207,・・・分光法のためのもの，すなわち分光結晶を用いるもの，例．試料の蛍光Ｘ線の波長分散スペクトルの測定，すなわちＷＤＸＦＳ,
uploaded,廃止,G01N 23/22 310,G01N 23/2202,・・試料調製,
uploaded,廃止,G01N 23/22 320,G01N 23/2204,・・試料支持部材；試料搬送手段,
uploaded,廃止,G01N 23/22 330,G01N 23/2206,・・二種以上の測定を組み合わせるものであって，少なくとも１つの二次放射測定を伴うもの,
uploaded,廃止,G01N 23/22 332,G01N 23/2208,・・・二種以上の測定を組み合わせるものであって，それぞれが二次放射測定であるもの,
uploaded,廃止,G01N 23/225 310,G01N 23/2251,・・・電子ビームを入射するもの,
uploaded,廃止,G01N 23/225 312,G01N 23/2252,・・・・さらに励起されたＸ線を測定するもの,
uploaded,廃止,G01N 23/225 314,G01N 23/2254,・・・・さらにカソードルミネッセンスを測定するもの,
uploaded,廃止,G01N 23/225 320,G01N 23/2255,・・・イオンビーム，例．陽子ビーム，を入射するもの,
uploaded,廃止,G01N 23/225 322,G01N 23/2257,・・・・さらに入射ビームによって励起されたＸ線を測定するもの，すなわちＰＩＸＥ,
uploaded,廃止,G01N 23/225 324,G01N 23/2258,・・・・さらに二次イオンビームを測定するもの，すなわちＳＩＭＳ,
uploaded,廃止,G01N 23/227 310,G01N 23/2273,・・・光電子スペクトルを測定するもの，すなわちＥＳＣＡまたはＸＰＳ,
uploaded,廃止,G01N 23/227 320,G01N 23/2276,・・・オージェ電子を測定するもの，すなわちＡＥＳ,
uploaded,廃止,G01N 30/88 101,B01J 20/282,・・カラムクロマトグラフィ用収着剤,
uploaded,廃止,G01N 30/88 101 A,B01J 20/282 A,・ゼオライト,
uploaded,廃止,G01N 30/88 101 B,B01J 20/292,固定相液体,
uploaded,廃止,G01N 30/88 101 C,B01J 20/282 C,無機収着剤,
uploaded,廃止,G01N 30/88 101 D,B01J 20/285,有機収着剤,
uploaded,廃止,G01N 30/88 101 E,B01J 20/282 E,・金属，その酸化物〔アルミナを除く〕,
uploaded,廃止,G01N 30/88 101 H,B01J 20/284,・アルミナ,
uploaded,廃止,G01N 30/88 101 J,B01J 20/282 J,・炭素,
uploaded,廃止,G01N 30/88 101 K,B01J 20/283,・シリカ,
uploaded,廃止,G01N 30/88 101 L,B01J 20/286,・・化学結合,
uploaded,廃止,G01N 30/88 101 M,B01J 20/285 M,・・スチレンジビニルベンゼン系,
uploaded,廃止,G01N 30/88 101 N,B01J 20/285 N,・糖類,
uploaded,廃止,G01N 30/88 101 P,B01J 20/285,・ポリマ－,
uploaded,廃止,G01N 30/88 101 S,B01J 20/285 S,・・アクリル酸又はメタクリル酸を単量体として用いるもの,
uploaded,廃止,G01N 30/88 101 T,B01J 20/285 T,・・セルロ－ス,
uploaded,廃止,G01N 30/88 101 U,B01J 20/285 U,・・キチン．キトサン,
uploaded,廃止,G01N 30/88 101 Z,B01J 20/282 Z,その他のもの,
uploaded,廃止,G01N 30/88 201,B01J 20/281 A,・・・収着剤の性質，製造，状態,
uploaded,廃止,G01N 30/88 201 G,B01J 20/281 G,形状に特徴のあるもの,
uploaded,廃止,G01N 30/88 201 R,B01J 20/281 R,アフイニテイ－クロマト用,
uploaded,廃止,G01N 30/88 201 W,B01J 20/29,光学異性体分離用,
uploaded,廃止,G01N 30/88 201 X,B01J 20/281 X,製造,
uploaded,廃止,G01N 30/88 201 Y,B01J 20/281 Y,充てん状態に特徴のあるもの,
uploaded,廃止,G01N 30/88 201 Z,B01J 20/281 Z,その他のもの,
uploaded,廃止,G01R 31/32,G01R 31/333,・高電圧回路遮断器の開閉容量の試験（開閉素子におけるアークまたは放電の存在を検知する手段Ｈ０１Ｈ９／５０，３３／２６）,
uploaded,廃止,G01R 31/32 A,G01R 31/333 A,試験一般,
uploaded,廃止,G01R 31/32 B,G01R 31/333 B,合成・等価試験,
uploaded,廃止,G01R 31/32 C,G01R 31/333 C,３相短絡試験,
uploaded,廃止,G01R 31/32 D,G01R 31/333 D,近距離故障試験,
uploaded,廃止,G01R 31/32 E,G01R 31/333 E,開閉装置の試験等,
uploaded,廃止,G01R 31/32 F,G01R 31/333 F,多点切タンク型遮断器の試験,
uploaded,廃止,G01R 31/32 G,G01R 31/333 G,構造的なもの,
uploaded,廃止,G01R 31/32 Z,G01R 31/333 Z,その他のもの,
uploaded,廃止,G03G 9/08 101,G03G 9/083,・・磁性トナ－,
uploaded,廃止,G03G 9/08 301,G03G 9/083 301,・・・磁性剤,
uploaded,廃止,G03G 9/08 302,G03G 9/083 302,・・・・磁性剤の処理,
uploaded,廃止,G03G 9/08 311,G03G 9/093,・・マイクロカプセルトナ－,
uploaded,廃止,G03G 9/08 321,G03G 9/087,・・バインダ,
uploaded,廃止,G03G 9/08 325,G03G 9/087 325,・・・スチレン，アクリル系,
uploaded,廃止,G03G 9/08 331,G03G 9/087 331,・・・ポリエステル系,
uploaded,廃止,G03G 9/08 333,G03G 9/087 333,・・・エポキシ系,
uploaded,廃止,G03G 9/08 341,G03G 9/097,・・添加剤,
uploaded,廃止,G03G 9/08 344,G03G 9/097 344,・・・荷電制御剤,
uploaded,廃止,G03G 9/08 346,G03G 9/097 346,・・・・負帯電性のもの,
uploaded,廃止,G03G 9/08 351,G03G 9/097 351,・・・・正帯電性のもの,
uploaded,廃止,G03G 9/08 361,G03G 9/09,・・・着色剤，カラ－トナ－,
uploaded,廃止,G03G 9/08 365,G03G 9/097 365,・・・その他の内部添加剤，例．有機系内添剤,
uploaded,廃止,G03G 9/08 368,G03G 9/097 368,・・・・無機系内添剤,
uploaded,廃止,G03G 9/08 371,G03G 9/097 371,・・・その他の外部添加剤，表面処理剤,
uploaded,廃止,G03G 9/08 372,G03G 9/097 372,・・・・有機系外添剤,
uploaded,廃止,G03G 9/08 374,G03G 9/097 374,・・・・無機系外添剤,
uploaded,廃止,G03G 9/08 375,G03G 9/097 375,・・・・・シリカ，ケイ酸塩,
uploaded,廃止,G03G 9/01 311,G03G 9/107 311,・・・鉄系キヤリア〔例．鉄粉キヤリア，表面の酸化処理，マグネタイトキヤリア〕,
uploaded,廃止,G03G 9/01 321,G03G 9/107 321,・・・フエライトキヤリア,
uploaded,廃止,G03G 9/01 331,G03G 9/107 331,・・・複合芯キヤリア〔磁性体－バインダ分散タイプ〕,
uploaded,廃止,G03G 9/01 341,G03G 9/113,・・・キヤリア表面の処理,
uploaded,廃止,G03G 9/01 351,G03G 9/113 351,・・・・樹脂によるキヤリア表面の被覆,
uploaded,廃止,G03G 9/01 352,G03G 9/113 352,・・・・・シリコ－ン系樹脂による被覆,
uploaded,廃止,G03G 9/01 354,G03G 9/113 354,・・・・・フツ素系樹脂による被覆,
uploaded,廃止,G03G 9/01 361,G03G 9/113 361,・・・・表面被覆樹脂への添加剤,
uploaded,廃止,G03G 9/01 362,G03G 9/113 362,・・・・・有機系添加剤,
uploaded,廃止,G03G 9/12 321,G03G 9/13,・・・樹脂,
uploaded,廃止,G03G 9/14,G03G 9/12,・・磁気ブラシまたは他のブラシキャリヤーをもつもの,
uploaded,廃止,G06F 9/00 101,G06F 9/00,・コンソ－ル,
uploaded,廃止,G06F 9/00 310,G06F 9/00,・・操作制御,
uploaded,廃止,G06F 9/00 320,G06F 9/00,・・・表示制御が関係するもの,
uploaded,廃止,G06F 9/00 320 A,G06F 9/00,一般的操作,
uploaded,廃止,G06F 9/00 320 B,G06F 9/00,ガイダンス入力，自動運転,
uploaded,廃止,G06F 9/00 320 C,G06F 9/00,連続的動作状態表示,
uploaded,廃止,G06F 9/00 320 Z,G06F 9/00,その他,
uploaded,廃止,G06F 9/00 325,G06F 9/00,・・・・レジスタ，メモリの内容表示,
uploaded,廃止,G06F 9/00 330,G06F 9/00,・・・表示制御が関係しないもの,
uploaded,廃止,G06F 9/00 330 A,G06F 9/00,一般的機能，プログラム制御,
uploaded,廃止,G06F 9/00 330 B,G06F 9/00,キ－機能,
uploaded,廃止,G06F 9/00 330 C,G06F 9/00,プロテクシヨン，誤操作防止,
uploaded,廃止,G06F 9/00 330 Z,G06F 9/00,その他,
uploaded,廃止,G06F 9/00 340,G06F 9/00,・・構成制御；インタフエ－ス制御,
uploaded,廃止,G06F 9/00 350,G06F 9/00,・・形状構造；パネルレイアウト,
uploaded,廃止,G06F 9/00 360,G06F 9/00,・・誤動作対策,
uploaded,廃止,G06F 9/00 370,G06F 9/00,・・その他,
uploaded,廃止,G06F 9/00 380,G06F 9/00,・プログラム記憶方式を用いないもので，他に分類されないもの,
uploaded,廃止,G06F 9/00 390,G06F 9/00,・操作キ－による制御,
uploaded,廃止,G06F 9/06 610,G06F 9/44,・・プログラム実行環境の生成・維持,
uploaded,廃止,G06F 9/06 610 A,G06F 9/44,システム生成,
uploaded,廃止,G06F 9/06 610 B,G06F 9/445,・周辺機器接続状況に基づくもの,
uploaded,廃止,G06F 9/06 610 C,G06F 9/445,・ネットワーク環境に基づくもの,
uploaded,廃止,G06F 9/06 610 D,G06F 9/445,・ＢＩＯＳの設定,
uploaded,廃止,G06F 9/06 610 J,G06F 9/4401,ＩＰＬ,
uploaded,廃止,G06F 9/06 610 K,G06F 9/4401,・ブートプログラム,
uploaded,廃止,G06F 9/06 610 L,G06F 8/61,インストール,
uploaded,廃止,G06F 9/06 610 M,G06F 8/61,・アンインストール,
uploaded,廃止,G06F 9/06 610 Q,G06F 8/06,プログラムのリモート管理（ホスト、サーバで管理）,
uploaded,廃止,G06F 9/06 610 R,G06F 8/06,・分散管理（複数のサーバで管理するもの）,
uploaded,廃止,G06F 9/06 610 T,G06F 9/445,スタートアドレス指定（４１０Ｖ）,
uploaded,廃止,G06F 9/06 610 W,G06F 9/445,ＪＣＬ実行、ジョブ出力制御,
uploaded,廃止,G06F 9/06 610 Z,G06F 9/44,その他,
uploaded,廃止,G06F 9/06 620,G06F 8/00,・・プログラムの開発・維持,
uploaded,廃止,G06F 9/06 620 A,G06F 8/00,ソフトウェアエンジニアリング（上流工程、開発論を含む）,
uploaded,廃止,G06F 9/06 620 B,G06F 8/34,・ビジュアルプログラミング,
uploaded,廃止,G06F 9/06 620 C,G06F 8/38,・・ＧＵＩビルダ,
uploaded,廃止,G06F 9/06 620 D,G06F 8/34,・・アイコニックプログラミング,
uploaded,廃止,G06F 9/06 620 E,G06F 8/34,・・フローチャート、トリー、ラダー図（５３０ＨＪＳ）,
uploaded,廃止,G06F 9/06 620 H,G06F 8/07,・分散開発,
uploaded,廃止,G06F 9/06 620 J,G06F 8/07,・開発工程管理,
uploaded,廃止,G06F 9/06 620 K,G06F 8/07,・ソフトウェア資産の運用・管理（リエンジニアリング）,
uploaded,廃止,G06F 9/06 620 L,G06F 8/74,・リバースエンジニアリング,
uploaded,廃止,G06F 9/06 620 M,G06F 11/36,・デバッグ手法,
uploaded,廃止,G06F 9/06 620 P,G06F 11/36,・テスト手法,
uploaded,廃止,G06F 9/06 620 Q,G06F 11/36,・・テストデータの生成,
uploaded,廃止,G06F 9/06 620 R,G06F 8/77,・評価,
uploaded,廃止,G06F 9/06 620 Z,G06F 8/00,その他,
uploaded,廃止,G06F 9/06 630,G06F 8/65,・・プログラムの更新,
uploaded,廃止,G06F 9/06 630 A,G06F 8/65,ファームウェアの更新（ＦＰＧＡ、ＰＬＡ設計情報管理を含む）,
uploaded,廃止,G06F 9/06 630 B,G06F 8/65,ファームウェア以外の更新,
uploaded,廃止,G06F 9/06 630 C,G06F 8/656,無停止更新（例：ホットパッチ）,
uploaded,廃止,G06F 9/06 630 D,G06F 8/65,・冗長系,
uploaded,廃止,G06F 9/06 630 E,G06F 8/658,・更新のタイミング／スケジュール管理,
uploaded,廃止,G06F 9/06 630 J,G06F 8/65,上書きせずに更新（例：リンク修正、ＲＡＭロード修正）,
uploaded,廃止,G06F 9/06 630 K,G06F 8/65,・アドレスリンク,
uploaded,廃止,G06F 9/06 630 Z,G06F 8/65,その他,
uploaded,廃止,G06F 9/06 640,G06F 9/445,・・プログラムのローディング／実行,
uploaded,廃止,G06F 9/06 640 A,G06F 9/445,ダウンラインローディング,
uploaded,廃止,G06F 9/06 640 B,G06F 9/445,ダイナミックローディング,
uploaded,廃止,G06F 9/06 640 C,G06F 9/445,プログラム部品のローディング／実行,
uploaded,廃止,G06F 9/06 640 D,G06F 9/445,・プログラム部品の検索／切り替え,
uploaded,廃止,G06F 9/06 640 E,G06F 9/445,・プログラム部品のサーバ管理,
uploaded,廃止,G06F 9/06 640 H,G06F 9/445,ロード／実行時のプログラム記憶域管理,
uploaded,廃止,G06F 9/06 640 Z,G06F 9/445,その他,
uploaded,廃止,G06F 9/06 650,G06F 9/445,・・更新／ロード／実行するプログラムの選択,
uploaded,廃止,G06F 9/06 650 A,G06F 9/445,ユーザとの対話によるもの（例：メニュー）,
uploaded,廃止,G06F 9/06 650 B,G06F 9/445,ハード／ソフト対応,
uploaded,廃止,G06F 9/06 650 C,G06F 9/445,ソフト／ソフト対応,
uploaded,廃止,G06F 9/06 650 D,G06F 9/445,・データファイル種別による対応,
uploaded,廃止,G06F 9/06 650 H,G06F 9/445,ソース選択,
uploaded,廃止,G06F 9/06 650 J,G06F 9/445,・サーバ、転送経路の選択（分散系）,
uploaded,廃止,G06F 9/06 650 K,G06F 9/4401,・外部記録媒体の選択,
uploaded,廃止,G06F 9/06 650 L,G06F 9/445,・メモリブロックの選択,
uploaded,廃止,G06F 9/06 650 Z,G06F 9/445,その他,
uploaded,廃止,G06F 9/03 320,G06F 9/318,・・・命令語の修飾・変更,
uploaded,廃止,G06F 9/03 320 A,G06F 9/318 A,命令語の修飾・変更一般,
uploaded,廃止,G06F 9/03 320 B,G06F 9/318 B,修飾,
uploaded,廃止,G06F 9/03 320 C,G06F 9/318 C,変更〔全体置換〕,
uploaded,廃止,G06F 9/03 320 Z,G06F 9/318 Z,その他,
uploaded,廃止,G06F 9/03 340,G06F 9/302,・・・ビツト操作；各種演算命令,
uploaded,廃止,G06F 9/03 340 A,G06F 9/302 A,ビツト操作一般；各種演算命令一般,
uploaded,廃止,G06F 9/03 340 B,G06F 9/308 B,ビツト判定，操作命令〔単一ビツト〕,
uploaded,廃止,G06F 9/03 340 C,G06F 9/302 C,比較命令,
uploaded,廃止,G06F 9/03 340 D,G06F 9/315 S,シフト，回転，変換命令；アラインメント，〔マ－ジ，マスクを含む〕,
uploaded,廃止,G06F 9/03 340 E,G06F 9/302 E,ビツト・バイト・ワ－ド演算処理,
uploaded,廃止,G06F 9/03 340 F,G06F 9/302 F,定数処理；固定デ－タ発生,
uploaded,廃止,G06F 9/03 340 Z,G06F 9/302 Z,その他,
uploaded,廃止,G06F 9/03 350 B,G06F 9/315 M,ム－ブ命令,
uploaded,廃止,G06F 9/34 310,G06F 9/35,・・・・間接アドレス,
uploaded,廃止,G06F 9/36,G06F 9/355,・・・・アドレス修飾のための手段を有するもの，例．インデクシング,
uploaded,廃止,G06F 9/36 310,G06F 9/355 310,・・・・・アドレス修飾一般,
uploaded,廃止,G06F 9/36 320,G06F 9/355 320,・・・・・・アドレス修飾，例．インデクス，ベ－ス，ペ－ジ，相対，付加，ロケ－シヨン,
uploaded,廃止,G06F 9/36 330,G06F 9/355 330,・・・・・・・アドレス拡張，例．アドレスビツト拡張，メモリ空間拡張切替（メモリモジユ－ル，１２／０６）,
uploaded,廃止,G06F 9/36 330 A,G06F 9/355 330 A,アドレス拡張一般,
uploaded,廃止,G06F 9/36 330 B,G06F 9/355 330 B,アドレスビツト拡張,
uploaded,廃止,G06F 9/36 330 C,G06F 9/355 330 C,同一アドレス空間メモリ選択,
uploaded,廃止,G06F 9/36 330 Z,G06F 9/355 330 Z,その他,
uploaded,廃止,G06F 9/36 380,G06F 9/355 380,・・・・・誤動作対策,
uploaded,廃止,G06F 9/36 390,G06F 9/355 390,・・・・・その他,
uploaded,廃止,G06F 9/04,G06F 9/03 381,・・サブプログラム，すなわち幾つかの命令の組合せを実行するための装置,
uploaded,廃止,G06F 9/04 310,G06F 9/03 382,・・・サブル－チンリンケ－ジ,
uploaded,廃止,G06F 9/04 310 A,G06F 9/03 382 A,サブル－チン一般,
uploaded,廃止,G06F 9/04 310 B,G06F 9/03 382 B,リンケ－ジ処理,
uploaded,廃止,G06F 9/04 310 C,G06F 9/03 382 C,パラメ－タ受渡，参照,
uploaded,廃止,G06F 9/04 310 D,G06F 9/03 382 D,アドレス拡張；同一アドレス空間メモリ切換,
uploaded,廃止,G06F 9/04 310 Z,G06F 9/03 382 Z,その他,
uploaded,廃止,G06F 9/04 380,G06F 9/03 387,・・・誤動作対策,
uploaded,廃止,G06F 9/04 390,G06F 9/03 388,・・・その他,
uploaded,廃止,G06F 9/42,G06F 9/32 381,・・・サブプログラムジャンプのアドレスまたはリターン・アドレスの指定,
uploaded,廃止,G06F 9/42 310,G06F 9/32 382,・・・・ジヤンプアドレシング,
uploaded,廃止,G06F 9/42 310 A,G06F 9/32 382 A,ジヤンプアドレシング一般,
uploaded,廃止,G06F 9/42 310 B,G06F 9/32 382 B,ジヤンプアドレス複数選択生成,
uploaded,廃止,G06F 9/42 310 Z,G06F 9/32 382 Z,その他,
uploaded,廃止,G06F 9/42 320,G06F 9/32 383,・・・・リタ－ンアドレシング,
uploaded,廃止,G06F 9/42 320 A,G06F 9/32 383 A,リタ－ンアドレシング一般,
uploaded,廃止,G06F 9/42 320 B,G06F 9/32 383 B,リタ－ンアドレス複数選択生成,
uploaded,廃止,G06F 9/42 320 Z,G06F 9/32 383 Z,その他,
uploaded,廃止,G06F 9/42 330,G06F 9/32 384,・・・・・サブル－チンスタツク,
uploaded,廃止,G06F 9/42 330 A,G06F 9/32 384 A,サブル－チンスタツク一般,
uploaded,廃止,G06F 9/42 330 B,G06F 9/32 384 B,階層構成；仮想スタツク,
uploaded,廃止,G06F 9/42 330 C,G06F 9/32 384 C,スタツクエラ－,
uploaded,廃止,G06F 9/42 330 R,G06F 9/32 384 R,レジスタブロツク退避；レジスタ多重切換,
uploaded,廃止,G06F 9/42 330 Z,G06F 9/32 384 Z,その他,
uploaded,廃止,G06F 9/42 340,G06F 9/32 385,・・・・・メイン・サブル－チン互換,
uploaded,廃止,G06F 9/42 350,G06F 9/32 386,・・・・・ル－プ処理,
uploaded,廃止,G06F 9/42 380,G06F 9/32 387,・・・・誤動作対策,
uploaded,廃止,G06F 9/42 390,G06F 9/32 388,・・・・その他,
uploaded,廃止,G06F 9/44 310,G06F 9/455,・・・エミユレ－タ,
uploaded,廃止,G06F 9/44 310 A,G06F 9/455,エミユレ－シヨン,
uploaded,廃止,G06F 9/44 310 D,G06F 9/455,シミユレ－シヨン,
uploaded,廃止,G06F 9/44 310 Z,G06F 9/455,その他,
uploaded,廃止,G06F 9/44 320,G06F 8/04,・・・高級言語処理（ノイマン型プログラムの処理）,
uploaded,廃止,G06F 9/44 320 A,G06F 8/04,高級言語処理一般,
uploaded,廃止,G06F 9/44 320 B,G06F 8/04,自然言語プログラミング,
uploaded,廃止,G06F 9/44 320 C,G06F 9/455,インタプリタ,
uploaded,廃止,G06F 9/44 320 D,G06F 8/04,アセンブラ,
uploaded,廃止,G06F 9/44 320 F,G06F 8/51,トランスレ－タ,
uploaded,廃止,G06F 9/44 320 H,G06F 8/04,ハ－ドウエアに特徴のあるもの,
uploaded,廃止,G06F 9/44 320 Z,G06F 8/04,その他のもの,
uploaded,廃止,G06F 9/44 322,G06F 8/41,・・・・コンパイラ,
uploaded,廃止,G06F 9/44 322 A,G06F 8/41,コンパイラ一般,
uploaded,廃止,G06F 9/44 322 B,G06F 8/41,字句解析・構文解析,
uploaded,廃止,G06F 9/44 322 C,G06F 8/41,構文チエツク〔例．文法エラ－のチエツク〕,
uploaded,廃止,G06F 9/44 322 D,G06F 8/41,記号表〔例．名標の検索〕,
uploaded,廃止,G06F 9/44 322 E,G06F 8/41,オブジエクト生成,
uploaded,廃止,G06F 9/44 322 F,G06F 8/41,最適化,
uploaded,廃止,G06F 9/44 322 G,G06F 8/41,・ル－プに対する最適化,
uploaded,廃止,G06F 9/44 322 H,G06F 8/41,・レジスタ割付け，メモリ割付け〔例．レジスタ管理方式〕,
uploaded,廃止,G06F 9/44 322 J,G06F 8/41,コンパイル時のモジユ－ル管理,
uploaded,廃止,G06F 9/44 322 K,G06F 8/54,オブジエクト・モジユ－ルの結合,
uploaded,廃止,G06F 9/44 322 L,G06F 8/41,コンパイル手法,
uploaded,廃止,G06F 9/44 322 M,G06F 8/41,プリコンパイル,
uploaded,廃止,G06F 9/44 322 Z,G06F 8/41,その他のもの,
uploaded,廃止,G06F 9/44 501,G06F 9/448,・・・特別なアーキテクチャを持つもの（マルチプロセツサ：Ｇ０６Ｆ１５／１６，ベクトルプロセツサ：Ｇ０６Ｆ１５／３４７，デ－タフロ－プロセツサ：Ｇ０６Ｆ１５／８２）,
uploaded,廃止,G06F 9/44 501 A,G06F 9/448,スタツクマシン,
uploaded,廃止,G06F 9/44 501 B,G06F 9/448,リダクシヨンマシン,
uploaded,廃止,G06F 9/44 501 C,G06F 9/448,タグア－キテクチヤ,
uploaded,廃止,G06F 9/44 501 Z,G06F 9/448,その他,
uploaded,廃止,G06F 9/44 510,G06F 9/448,・・・・関数型言語の処理，特にリスト処理を行うもの,
uploaded,廃止,G06F 9/44 510 A,G06F 9/448,実行一般,
uploaded,廃止,G06F 9/44 510 C,G06F 9/448,基本構造,
uploaded,廃止,G06F 9/44 510 J,G06F 9/448,制御構造,
uploaded,廃止,G06F 9/44 510 P,G06F 9/448,プログラム作成・管理,
uploaded,廃止,G06F 9/44 510 S,G06F 9/448,メモリ管理,
uploaded,廃止,G06F 9/44 510 T,G06F 9/448,・ガ－ベジ・コレクシヨン,
uploaded,廃止,G06F 9/44 510 Z,G06F 9/448,その他,
uploaded,廃止,G06F 9/44 515,G06F 9/448,・・・・・関数型言語の並列処理，並列関数型言語の処理,
uploaded,廃止,G06F 9/44 516,G06F 9/448,・・・・・オブジエクト指向関数型言語の処理,
uploaded,廃止,G06F 9/44 520,G06F 9/448,・・・・論理型言語の処理，特に単一化処理を行うもの,
uploaded,廃止,G06F 9/44 520 A,G06F 9/448,実行一般,
uploaded,廃止,G06F 9/44 520 C,G06F 9/448,基本構造,
uploaded,廃止,G06F 9/44 520 E,G06F 9/448,・構造体,
uploaded,廃止,G06F 9/44 520 F,G06F 9/448,・デ－タベ－ス,
uploaded,廃止,G06F 9/44 520 J,G06F 9/448,制御構造,
uploaded,廃止,G06F 9/44 520 K,G06F 9/448,・バツクトラツク,
uploaded,廃止,G06F 9/44 520 L,G06F 9/448,・カツト,
uploaded,廃止,G06F 9/44 520 M,G06F 9/448,・クロ－ズ選択,
uploaded,廃止,G06F 9/44 520 P,G06F 9/448,プログラム作成，管理,
uploaded,廃止,G06F 9/44 520 S,G06F 9/448,メモリ管理,
uploaded,廃止,G06F 9/44 520 U,G06F 9/448,・スタツク，ヒ－プ,
uploaded,廃止,G06F 9/44 520 Z,G06F 9/448,その他,
uploaded,廃止,G06F 9/44 525,G06F 9/448,・・・・・論理型言語の並列処理，並列論理型言語の処理,
uploaded,廃止,G06F 9/44 526,G06F 9/448,・・・・・制約論理型言語の処理,
uploaded,廃止,G06F 9/44 530,G06F 9/448,・・・・オブジエクト指向型言語の処理,
uploaded,廃止,G06F 9/44 530 A,G06F 9/448,実行一般,
uploaded,廃止,G06F 9/44 530 C,G06F 9/448,基本構造,
uploaded,廃止,G06F 9/44 530 D,G06F 9/448,・クラス,
uploaded,廃止,G06F 9/44 530 J,G06F 9/448,制御構造,
uploaded,廃止,G06F 9/44 530 K,G06F 9/448,・汎化，特化,
uploaded,廃止,G06F 9/44 530 M,G06F 9/448,・メツセ－ジ処理,
uploaded,廃止,G06F 9/44 530 P,G06F 9/448,プログラム作成，管理,
uploaded,廃止,G06F 9/44 530 S,G06F 9/448,メモリ管理,
uploaded,廃止,G06F 9/44 530 Z,G06F 9/448,その他,
uploaded,廃止,G06F 9/44 535,G06F 9/448,・・・・・並列オブジエクト指向型言語の処理，オブジエクト指向型言語の並列処理,
uploaded,廃止,G06F 9/46 310,G06F 9/48 100,・・・割込み制御（バスに対する割込みはＧ０６Ｆ１３／２４優先）,
uploaded,廃止,G06F 9/46 310 F,G06F 9/48 100 F,割込み発生,
uploaded,廃止,G06F 9/46 310 G,G06F 9/48 100 G,状態変化検出,
uploaded,廃止,G06F 9/46 310 H,G06F 9/48 100 H,命令によるもの，例．例外処理,
uploaded,廃止,G06F 9/46 310 J,G06F 9/48 100 J,キ－,
uploaded,廃止,G06F 9/46 310 K,G06F 9/48 100 K,デバッグ割込み,
uploaded,廃止,G06F 9/46 310 L,G06F 9/48 100 L,バンク切替,
uploaded,廃止,G06F 9/46 310 M,G06F 9/48 100 M,拡張割込み，例．割込み処理の追加,
uploaded,廃止,G06F 9/46 310 N,G06F 9/48 100 N,タイミング,
uploaded,廃止,G06F 9/46 310 P,G06F 9/48 100 P,割込み取消,
uploaded,廃止,G06F 9/46 310 Q,G06F 9/48 100 Q,先行制御時の割込み処理,
uploaded,廃止,G06F 9/46 310 R,G06F 9/48 100 R,雑音対策,
uploaded,廃止,G06F 9/46 310 S,G06F 9/48 100 S,割込み機能チェック,
uploaded,廃止,G06F 9/46 310 T,G06F 9/48 100 T,割込み信号の監視による誤動作対策,
uploaded,廃止,G06F 9/46 310 Z,G06F 9/48 100 Z,その他,
uploaded,廃止,G06F 9/46 311,G06F 9/48 110,・・・・割込要求の受付，検出,
uploaded,廃止,G06F 9/46 311 B,G06F 9/48 110 B,割込み受付回路,
uploaded,廃止,G06F 9/46 311 C,G06F 9/48 110 C,多重割込み受付,
uploaded,廃止,G06F 9/46 311 D,G06F 9/48 110 D,グル－プ別受付,
uploaded,廃止,G06F 9/46 311 E,G06F 9/48 110 E,割込み禁止，マスク,
uploaded,廃止,G06F 9/46 311 F,G06F 9/48 110 F,保留割込みの処理,
uploaded,廃止,G06F 9/46 311 G,G06F 9/48 110 G,割込み要因の検出,
uploaded,廃止,G06F 9/46 311 H,G06F 9/48 110 H,サイクリック走査,
uploaded,廃止,G06F 9/46 311 Z,G06F 9/48 110 Z,その他,
uploaded,廃止,G06F 9/46 312,G06F 9/48 120,・・・・割込アドレスの指定，例．割込みベクタ,
uploaded,廃止,G06F 9/46 314,G06F 9/48 140,・・・・命令実行中に割込可能とするもの,
uploaded,廃止,G06F 9/46 314 A,G06F 9/48 140 A,チェックポイントヘリタ－ン,
uploaded,廃止,G06F 9/46 314 Z,G06F 9/48 140 Z,その他,
uploaded,廃止,G06F 9/46 315,G06F 9/48 150,・・・・タイマ割込み,
uploaded,廃止,G06F 9/46 315 A,G06F 9/48 150 A,タイマ補正,
uploaded,廃止,G06F 9/46 315 Z,G06F 9/48 150 Z,その他,
uploaded,廃止,G06F 9/46 320,G06F 9/48 200,・・・・優先割込み,
uploaded,廃止,G06F 9/46 320 D,G06F 9/48 200 D,プログラムレベルの切換制御,
uploaded,廃止,G06F 9/46 320 Z,G06F 9/48 200 Z,その他,
uploaded,廃止,G06F 9/46 321,G06F 9/48 210,・・・・・優先回路,
uploaded,廃止,G06F 9/46 322,G06F 9/48 220,・・・・・優先順位を可変とするもの,
uploaded,廃止,G06F 9/46 322 A,G06F 9/48 220 A,均等割当［ラウンドロビン］,
uploaded,廃止,G06F 9/46 322 B,G06F 9/48 220 B,緊急割込み,
uploaded,廃止,G06F 9/46 322 C,G06F 9/48 220 C,処理要求に応じた割当,
uploaded,廃止,G06F 9/46 322 D,G06F 9/48 220 D,時間に依存して可変とするもの，例．待ち時間に応じた割当,
uploaded,廃止,G06F 9/46 322 E,G06F 9/48 220 E,優先回路の切換,
uploaded,廃止,G06F 9/46 322 F,G06F 9/48 220 F,メモリを用いた優先回路,
uploaded,廃止,G06F 9/46 322 G,G06F 9/48 220 G,プログラムによる優先度指定，例．優先レジスタ,
uploaded,廃止,G06F 9/46 322 Z,G06F 9/48 220 Z,その他,
uploaded,廃止,G06F 9/46 323,G06F 9/48 230,・・・・・先着優先,
uploaded,廃止,G06F 9/46 350,G06F 9/455 150,・・・バーチャルマシン，例．仮想ＯＳ,
uploaded,廃止,G06F 9/46 450,G06F 9/48,・・・プログラムの起動；プログラムの切換，例．割込みによるもの,
uploaded,廃止,G06F 9/46 452,G06F 9/48 300,・・・・スケジューリング，タスク・ディスパッチ（割込み制御はＧ０６Ｆ９／４６，３１０優先）,
uploaded,廃止,G06F 9/46 452 A,G06F 9/48 300 A,ジョブ・スケジューリング，例．カレンダーを用いた起動指定,
uploaded,廃止,G06F 9/46 452 B,G06F 9/48 300 B,優先順位を可変としたもの（割込み制御はＧ０６Ｆ９／４６，３２２優先）,
uploaded,廃止,G06F 9/46 452 C,G06F 9/48 300 C,待ち行列の処理，例．デキュー，エンキュー，複数のキューの切換／操作,
uploaded,廃止,G06F 9/46 452 D,G06F 9/48 300 D,時分割［ＴＳＳ］,
uploaded,廃止,G06F 9/46 452 E,G06F 9/48 300 E,・時分割単位を可変としたもの,
uploaded,廃止,G06F 9/46 452 F,G06F 9/48 300 F,デッドラインに基づくもの,
uploaded,廃止,G06F 9/46 452 G,G06F 9/48 300 G,負荷状態に基づくもの（処理配分はＧ０６Ｆ９／４６，４６５優先）,
uploaded,廃止,G06F 9/46 452 H,G06F 9/48 300 H,タスクに属性を付加したもの，例．実行条件，権限，初期値,
uploaded,廃止,G06F 9/46 452 J,G06F 9/48 300 J,タスク，プロセス等の監視,
uploaded,廃止,G06F 9/46 452 Z,G06F 9/48 300 Z,その他,
uploaded,廃止,G06F 9/46 455,G06F 9/48 350,・・・・情報退避，例．タスク・コンテキスト退避,
uploaded,廃止,G06F 9/46 455 A,G06F 9/48 350 A,情報の部分退避,
uploaded,廃止,G06F 9/46 455 B,G06F 9/48 350 B,スタック，レジスタを用いるもの,
uploaded,廃止,G06F 9/46 455 C,G06F 9/48 350 C,・レジスタ切換，例．複数組レジスタを有するもの,
uploaded,廃止,G06F 9/46 455 D,G06F 9/48 350 D,・レジスタ切換と退避の併用,
uploaded,廃止,G06F 9/46 455 E,G06F 9/48 350 E,プログラムカウンタの切換,
uploaded,廃止,G06F 9/46 455 Z,G06F 9/48 350 Z,その他,
uploaded,廃止,G06F 9/46 457,G06F 9/48 370,・・・・タスクの相互制御；タスク間連携（プログラム間通信はＧ０６Ｆ９／４６，４８０優先）,
uploaded,廃止,G06F 9/46 460,G06F 9/05,・・・リソースの割当，例．中央処理装置（ＣＰＵ）,
uploaded,廃止,G06F 9/46 462,G06F 9/05 120,・・・・ハードウェア資源の管理,
uploaded,廃止,G06F 9/46 462 A,G06F 9/05 120 A,タスクへの割当,
uploaded,廃止,G06F 9/46 462 B,G06F 9/05 120 B,・優先順位に基づくもの,
uploaded,廃止,G06F 9/46 462 Z,G06F 9/05 120 Z,その他,
uploaded,廃止,G06F 9/46 465,G06F 9/05 150,・・・・処理体に対する処理配分,
uploaded,廃止,G06F 9/46 465 A,G06F 9/05 150 A,処理体の特性に基づくもの，例．ハードウェア資源の機能，能力,
uploaded,廃止,G06F 9/46 465 B,G06F 9/05 150 B,・複数のサービスを組み合わせるもの,
uploaded,廃止,G06F 9/46 465 C,G06F 9/05 150 C,処理内容の特性に基づくもの,
uploaded,廃止,G06F 9/46 465 D,G06F 9/05 150 D,処理体の負荷状態に基づくもの,
uploaded,廃止,G06F 9/46 465 E,G06F 9/05 150 E,処理単位を分割するもの,
uploaded,廃止,G06F 9/46 465 Z,G06F 9/05 150 Z,その他,
uploaded,廃止,G06F 9/46 470,G06F 9/52,・・・プログラム同期；相互排除，例．セマフォによるもの,
uploaded,廃止,G06F 9/46 472,G06F 9/52 120,・・・・排他制御，例．ロック，セマフォ,
uploaded,廃止,G06F 9/46 472 A,G06F 9/52 120 A,デッドロック検出または回避,
uploaded,廃止,G06F 9/46 472 B,G06F 9/52 120 B,排他制御アルゴリズム,
uploaded,廃止,G06F 9/46 472 Z,G06F 9/52 120 Z,その他,
uploaded,廃止,G06F 9/46 475,G06F 9/52 150,・・・・同期制御；一貫性維持,
uploaded,廃止,G06F 9/46 475 A,G06F 9/52 150 A,他のタスクの実行に合わせるもの，例．バリア同期,
uploaded,廃止,G06F 9/46 475 B,G06F 9/52 150 B,プロセス状態等の整合性を維持するもの,
uploaded,廃止,G06F 9/46 475 C,G06F 9/52 150 C,システム構成に依存せずデータの一貫性を維持するもの,
uploaded,廃止,G06F 9/46 475 Z,G06F 9/52 150 Z,その他,
uploaded,廃止,G06F 9/46 480,G06F 9/54,・・・プログラム間通信,
uploaded,廃止,G06F 9/46 480 A,G06F 9/54 A,共有データ領域を介するもの,
uploaded,廃止,G06F 9/46 480 B,G06F 9/54 B,メッセージキューを利用するもの,
uploaded,廃止,G06F 9/46 480 C,G06F 9/54 C,イベント,
uploaded,廃止,G06F 9/46 480 D,G06F 9/54 D,ＲＰＣ,
uploaded,廃止,G06F 9/46 480 E,G06F 9/54 E,メッセージ構造,
uploaded,廃止,G06F 9/46 480 F,G06F 9/54 F,メッセージ変換，例．ラッパー，ブローカー,
uploaded,廃止,G06F 9/46 480 Z,G06F 9/54 Z,その他,
uploaded,廃止,G06F 12/08 501,G06F 12/08,・・・階層メモリ間データ転送［ＣＰＵからの読出・書込はＧ０６Ｆ１２／０８，５１５］（Ｈ１２．４新設）,
uploaded,廃止,G06F 12/08 501 A,G06F 12/08,階層メモリ間データ転送一般（Ｈ１２．４新設）,
uploaded,廃止,G06F 12/08 501 B,G06F 12/08,キャッシュメモリ・メインメモリ間データ転送（Ｈ１２．４新設）,
uploaded,廃止,G06F 12/08 501 C,G06F 12/0804 100,・キャッシュメモリからメインメモリへの転送（書戻）（Ｈ１２．４新設）,
uploaded,廃止,G06F 12/08 501 D,G06F 12/08,・メインメモリからキャッシュメモリへの転送［Ｇ０６Ｆ１２／０８，５０５優先］（Ｈ１２．４新設）,
uploaded,廃止,G06F 12/08 501 E,G06F 12/0868 100,ディスクキャッシュメモリ・ディスク装置間データ転送（Ｈ１２．４新設）,
uploaded,廃止,G06F 12/08 501 F,G06F 12/0868 105,・ディスクキャッシュメモリからディスク装置への転送（書戻）（Ｈ１２．４新設）,
uploaded,廃止,G06F 12/08 501 G,G06F 12/0868 110,・ディスク装置からディスクキャッシュメモリへの転送（Ｈ１２．４新設）,
uploaded,廃止,G06F 12/08 501 Z,G06F 12/08,その他（Ｈ１２．４新設）,
uploaded,廃止,G06F 12/08 503,G06F 12/08,・・・転送用バツフア（Ｈ１２．４新設）,
uploaded,廃止,G06F 12/08 503 A,G06F 12/08,転送用バツフア一般（Ｈ１２．４新設）,
uploaded,廃止,G06F 12/08 503 B,G06F 12/0804 105,ストアバッファ（Ｈ１２．４新設）,
uploaded,廃止,G06F 12/08 503 C,G06F 12/0804 107,・キャッシュメモリに対するストアバッファ（Ｈ１２．４新設）,
uploaded,廃止,G06F 12/08 503 D,G06F 12/0804 109,・ストアスルー制御用ストアバッファ（Ｈ１２．４新設）,
uploaded,廃止,G06F 12/08 503 E,G06F 12/0804 111,・ストアバッファからＣＰＵへの読み出し（Ｈ１２．４新設）,
uploaded,廃止,G06F 12/08 503 F,G06F 12/08,リードバッファ（Ｈ１２．４新設）,
uploaded,廃止,G06F 12/08 503 Z,G06F 12/08,その他（Ｈ１２．４新設）,
uploaded,廃止,G06F 12/08 505,G06F 12/08,・・・データのプリフェッチ（Ｈ１２．４新設）,
uploaded,廃止,G06F 12/08 505 A,G06F 12/08,データのプリフェッチ一般（Ｈ１２．４新設）,
uploaded,廃止,G06F 12/08 505 B,G06F 12/0862 100,通常のフェッチとは別にプリフェッチを起動するもの（Ｈ１２．４新設）,
uploaded,廃止,G06F 12/08 505 C,G06F 12/0862 105,アクセス履歴によりプリフェッチ対象を定めるもの（Ｈ１２．４新設）,
uploaded,廃止,G06F 12/08 505 Z,G06F 12/08,その他（Ｈ１２．４新設）,
uploaded,廃止,G06F 12/08 507,G06F 12/0895 100,・・・タグ、ディレクトリの処理・構造（Ｈ１２．４新設）,
uploaded,廃止,G06F 12/08 507 A,G06F 12/0895 100,タグ、ディレクトリの処理・構造一般（Ｈ１２．４新設）,
uploaded,廃止,G06F 12/08 507 B,G06F 12/0895 102,ブロックサイズが可変なもの（Ｈ１２．４新設）,
uploaded,廃止,G06F 12/08 507 C,G06F 12/0895 104,異種ブロックサイズの混在（Ｈ１２．４新設）,
uploaded,廃止,G06F 12/08 507 D,G06F 12/0895 106,写像が可変なもの（Ｈ１２．４新設）,
uploaded,廃止,G06F 12/08 507 E,G06F 12/0895 108,セットアドレス選択（Ｈ１２．４新設）,
uploaded,廃止,G06F 12/08 507 F,G06F 12/0895 110,タグ情報の更新に特徴のあるもの（Ｈ１２．４新設）,
uploaded,廃止,G06F 12/08 507 G,G06F 12/0895 112,置換制御用タグビット（Ｈ１２．４新設）,
uploaded,廃止,G06F 12/08 507 H,G06F 12/0895 114,一致制御用タグビット（Ｈ１２．４新設）,
uploaded,廃止,G06F 12/08 507 J,G06F 12/0895 116,アクセス位置の予測（Ｈ１２．４新設）,
uploaded,廃止,G06F 12/08 507 K,G06F 12/0895 118,ブロックの一部のデータのみの格納（Ｈ１２．４新設）,
uploaded,廃止,G06F 12/08 507 L,G06F 12/0895 120,コピータグメモリ（Ｈ１２．４新設）,
uploaded,廃止,G06F 12/08 507 Z,G06F 12/0895 100,その他（Ｈ１２．４新設）,
uploaded,廃止,G06F 12/08 509,G06F 12/0897,・・・キャッシュが多層（多段）であるもの［例、２段キャッシュ］（Ｈ１２．４新設）,
uploaded,廃止,G06F 12/08 509 A,G06F 12/0897,多段キャッシュ一般（Ｈ１２．４新設）,
uploaded,廃止,G06F 12/08 509 B,G06F 12/0897 100,キャッシュ間で包含関係のあるもの（Ｈ１２．４新設）,
uploaded,廃止,G06F 12/08 509 C,G06F 12/0897 105,キャッシュ間でデータの重複が少ないもの（Ｈ１２．４新設）,
uploaded,廃止,G06F 12/08 509 D,G06F 12/0897 110,・他から追い出されたデータを格納するキャッシュメモリ（Ｈ１２．４新設）,
uploaded,廃止,G06F 12/08 509 E,G06F 12/0897 115,２次キャッシュがメモリバスに直接接続されていないもの（Ｈ１２．４新設）,
uploaded,廃止,G06F 12/08 509 F,G06F 12/0897 120,２次キャッシュメモリが共有されているもの（Ｈ１２．４新設）,
uploaded,廃止,G06F 12/08 509 Z,G06F 12/0897,その他（Ｈ１２．４新設）,
uploaded,廃止,G06F 12/08 511,G06F 12/0846,・・・並列的構造［特定のメモリ階層が並列的に複数あるもの］（Ｈ１２．４新設）,
uploaded,廃止,G06F 12/08 511 A,G06F 12/0846,並列的構造一般（Ｈ１２．４新設）,
uploaded,廃止,G06F 12/08 511 B,G06F 12/0846 105,命令キャッシュとデータキャッシュ（Ｈ１２．４新設）,
uploaded,廃止,G06F 12/08 511 C,G06F 12/0846,用途別のキャッシュメモリ（Ｈ１２．４新設）,
uploaded,廃止,G06F 12/08 511 D,G06F 12/0846 110,インターリーブ（Ｈ１２．４新設）,
uploaded,廃止,G06F 12/08 511 E,G06F 12/0864,セットアソシアティブ方式の制御（Ｈ１２．４新設）,
uploaded,廃止,G06F 12/08 511 Z,G06F 12/0846,その他（Ｈ１２．４新設）,
uploaded,廃止,G06F 12/08 513,G06F 12/0806 100,・・・マルチＣＰＵ関連［キャッシュメモリの一致制御はＧ０６Ｆ１２／０８，５３１Ｂ］（Ｈ１２．４新設）,
uploaded,廃止,G06F 12/08 515,G06F 12/0877,・・・ＣＰＵからの読出し・書込み（Ｈ１２．４新設）,
uploaded,廃止,G06F 12/08 515 A,G06F 12/0877,ＣＰＵからの読出し・書込み一般（Ｈ１２．４新設）,
uploaded,廃止,G06F 12/08 515 B,G06F 12/0877 100,非整列データの読出し・書込み（Ｈ１２．４新設）,
uploaded,廃止,G06F 12/08 515 N,G06F 12/0877 105,部分書込み［例、キャッシュのデータ幅より小さいデータ長のデータ書込み］（Ｈ１２．４新設）,
uploaded,廃止,G06F 12/08 515 P,G06F 12/0877 107,・キャッシュメモリに対する部分書き込み（Ｈ１２．４新設）,
uploaded,廃止,G06F 12/08 515 Q,G06F 12/0877 109,・メインメモリに対する部分書き込みにキャッシュメモリを利用するもの（Ｈ１２．４新設）,
uploaded,廃止,G06F 12/08 515 Z,G06F 12/0877,その他（Ｈ１２．４新設）,
uploaded,廃止,G06F 12/08 517,G06F 12/0888 100,・・・メモリのバイパス（Ｈ１２．４新設）,
uploaded,廃止,G06F 12/08 517 A,G06F 12/0888 100,メモリのバイパス一般（Ｈ１２．４新設）,
uploaded,廃止,G06F 12/08 517 B,G06F 12/0888 102,特定のデータをキャッシュメモリに格納しない制御に関するもの（Ｈ１２．４新設）,
uploaded,廃止,G06F 12/08 517 C,G06F 12/0888 104,キャッシュメモリを迂回してＣＰＵ方向にデータを転送する制御に関するもの（Ｈ１２．４新設）,
uploaded,廃止,G06F 12/08 517 Z,G06F 12/0888 100,その他（Ｈ１２．４新設）,
uploaded,廃止,G06F 12/08 519,G06F 12/0844,・・・競合処理、同時処理（Ｈ１２．４新設）,
uploaded,廃止,G06F 12/08 519 A,G06F 12/0844,競合処理、同時処理一般（Ｈ１２．４新設）,
uploaded,廃止,G06F 12/08 519 B,G06F 12/0844,ブロック転送中に後続アクセスを受け入れるもの（Ｈ１２．４新設）,
uploaded,廃止,G06F 12/08 519 C,G06F 12/0855,一致制御と他のアクセスの競合（Ｈ１２．４新設）,
uploaded,廃止,G06F 12/08 519 D,G06F 12/0855 100,アクセス要求のキュー（Ｈ１２．４新設）,
uploaded,廃止,G06F 12/08 519 E,G06F 12/0855 100,アクセス順序の整合性（Ｈ１２．４新設）,
uploaded,廃止,G06F 12/08 519 Z,G06F 12/0844,その他（Ｈ１２．４新設）,
uploaded,廃止,G06F 12/08 521,G06F 12/08,・・・オーバーレイ（Ｈ１２．４新設）,
uploaded,廃止,G06F 12/08 523,G06F 12/0873,・・・メモリ領域の割当（Ｈ１２．４新設）,
uploaded,廃止,G06F 12/08 523 A,G06F 12/0873,メモリ領域の割当一般（Ｈ１２．４新設）,
uploaded,廃止,G06F 12/08 523 B,G06F 12/0871,キャッシュメモリにおける割当制御（Ｈ１２．４新設）,
uploaded,廃止,G06F 12/08 523 C,G06F 12/0873,メインメモリにおける割当制御［Ｇ０６Ｆ１２／１２，５５３Ｂ～Ｃ優先］（Ｈ１２．４新設）,
uploaded,廃止,G06F 12/08 523 D,G06F 12/0873,ＴＬＢにおける割当制御（Ｈ１２．４新設）,
uploaded,廃止,G06F 12/08 523 E,G06F 12/0866 100,ディスクキャッシュメモリにおける割当制御（Ｈ１２．４新設）,
uploaded,廃止,G06F 12/08 523 Z,G06F 12/0873,その他（Ｈ１２．４新設）,
uploaded,廃止,G06F 12/08 525,G06F 12/08,・・・仮想メモリ［アドレス変換に関するものはＧ０６Ｆ１２／１０］（Ｈ１２．４新設）,
uploaded,廃止,G06F 12/08 525 A,G06F 12/08,仮想メモリ一般（Ｈ１２．４新設）,
uploaded,廃止,G06F 12/08 525 B,G06F 12/08,論理キャッシュ（Ｈ１２．４新設）,
uploaded,廃止,G06F 12/08 525 C,G06F 12/08,タグメモリとＴＬＢを同時に検索するもの（Ｈ１２．４新設）,
uploaded,廃止,G06F 12/08 525 D,G06F 12/08,・アドレス変換を受ける部分をセットアドレスとして用いるもの（Ｈ１２．４新設）,
uploaded,廃止,G06F 12/08 525 E,G06F 12/08,シノニム対策（Ｈ１２．４新設）,
uploaded,廃止,G06F 12/08 525 Z,G06F 12/08,その他（Ｈ１２．４新設）,
uploaded,廃止,G06F 12/08 531,G06F 12/0815,・・・キャッシュメモリの一致制御（Ｈ１２．４新設）,
uploaded,廃止,G06F 12/08 531 A,G06F 12/0815,キャッシュメモリの一致制御（無効化、データ書換）一般（Ｈ１２．４新設）,
uploaded,廃止,G06F 12/08 531 B,G06F 12/0815,マルチＣＰＵ関連［例、共有ビット、書換ビットによるキャッシュデータのステータス制御］（Ｈ１２．４新設）,
uploaded,廃止,G06F 12/08 531 C,G06F 12/0831 100,チャネル関連（Ｈ１２．４新設）,
uploaded,廃止,G06F 12/08 531 D,G06F 12/0831 100,・ページングに伴うキャッシュメモリの一致制御（Ｈ１２．４新設）,
uploaded,廃止,G06F 12/08 531 E,G06F 12/0817,ディレクトリ方式を用いるもの（Ｈ１２．４新設）,
uploaded,廃止,G06F 12/08 531 F,G06F 12/0837,ソフトウェア制御によるもの（Ｈ１２．４新設）,
uploaded,廃止,G06F 12/08 531 Z,G06F 12/0815,その他（Ｈ１２．４新設）,
uploaded,廃止,G06F 12/08 541,G06F 12/08,・・・信頼性向上［アドレス変換に関するものはＧ０６Ｆ１２／１０，５４１、置換制御に関するものはＧ０６Ｆ１２／１２，５４１］（Ｈ１２．４新設）,
uploaded,廃止,G06F 12/08 541 A,G06F 12/08,信頼性向上一般（Ｈ１２．４新設）,
uploaded,廃止,G06F 12/08 541 B,G06F 12/08,障害エントリの縮退（Ｈ１２．４新設）,
uploaded,廃止,G06F 12/08 541 C,G06F 12/08,書換データの保護（Ｈ１２．４新設）,
uploaded,廃止,G06F 12/08 541 D,G06F 12/08,訂正処理（Ｈ１２．４新設）,
uploaded,廃止,G06F 12/08 541 Z,G06F 12/08,その他（Ｈ１２．４新設）,
uploaded,廃止,G06F 12/08 543,G06F 12/08,・・・システムの評価・試験　例：ヒット率の検出、診断（Ｈ１２．４新設）,
uploaded,廃止,G06F 12/08 543 A,G06F 12/08,システムの評価・試験一般（Ｈ１２．４新設）,
uploaded,廃止,G06F 12/08 543 B,G06F 12/08,統計データの収集（Ｈ１２．４新設）,
uploaded,廃止,G06F 12/08 543 C,G06F 12/08,動作試験（Ｈ１２．４新設）,
uploaded,廃止,G06F 12/08 543 Z,G06F 12/08,その他（Ｈ１２．４新設）,
uploaded,廃止,G06F 12/08 551,G06F 12/08,・・・システム構成に特徴のあるもの（Ｈ１２．４新設）,
uploaded,廃止,G06F 12/08 551 A,G06F 12/08,システム構成に特徴のあるもの一般（Ｈ１２．４新設）,
uploaded,廃止,G06F 12/08 551 B,G06F 12/08,特殊なメモリシステムにおけるキャッシュメモリ（Ｈ１２．４新設）,
uploaded,廃止,G06F 12/08 551 C,G06F 12/08,分散メモリシステム関連［副分類専用］（Ｈ１２．４新設）,
uploaded,廃止,G06F 12/08 551 F,G06F 12/08,拡張記憶関連（Ｈ１２．４新設）,
uploaded,廃止,G06F 12/08 551 G,G06F 12/0893 100,メインメモリシステム内のキャッシュメモリ［副分類専用］（Ｈ１２．４新設）,
uploaded,廃止,G06F 12/08 551 H,G06F 12/0893 100,ソフトウエアキャッシュ（Ｈ１２．４新設）,
uploaded,廃止,G06F 12/08 551 J,G06F 12/08,キャッシュメモリを他の目的にも使用するもの（Ｈ１２．４新設）,
uploaded,廃止,G06F 12/08 551 Z,G06F 12/08,その他（Ｈ１２．４新設）,
uploaded,廃止,G06F 12/08 553,G06F 12/0893,・・・チップに特徴のあるもの（Ｈ１２．４新設）,
uploaded,廃止,G06F 12/08 553 A,G06F 12/0893 105,チップに特徴のあるもの一般（Ｈ１２．４新設）,
uploaded,廃止,G06F 12/08 553 B,G06F 12/0893 107,キャッシュメモリの素子に特徴があるもの（Ｈ１２．４新設）,
uploaded,廃止,G06F 12/08 553 C,G06F 12/0893 109,チップ端子に特徴のあるもの（Ｈ１２．４新設）,
uploaded,廃止,G06F 12/08 553 D,G06F 12/0893 111,チップ上の配置に特徴のあるもの（Ｈ１２．４新設）,
uploaded,廃止,G06F 12/08 553 Z,G06F 12/0893,その他（Ｈ１２．４新設）,
uploaded,廃止,G06F 12/08 555,G06F 12/0866 105,・・・チャネル関連［キャッシュメモリの一致制御についてはＧ０６Ｆ１２／０８，５３１Ｃ］（Ｈ１２．４新設）,
uploaded,廃止,G06F 12/08 557,G06F 12/0866 100,・・・外部記憶装置用のキャッシュメモリ［例、ディスクキャッシュメモリ］（Ｈ１２．４新設）,
uploaded,廃止,G06F 12/08 559,G06F 12/0875 100,・・・限定されたデータのためのもの（Ｈ１２．４新設）,
uploaded,廃止,G06F 12/08 559 A,G06F 12/0875 100,限定されたデータのためのもの一般（Ｈ１２．４新設）,
uploaded,廃止,G06F 12/08 559 B,G06F 12/0875 102,ベクトルデータ用［副分類専用］（Ｈ１２．４新設）,
uploaded,廃止,G06F 12/08 559 C,G06F 12/0875 104,行列データ用［副分類専用］（Ｈ１２．４新設）,
uploaded,廃止,G06F 12/08 559 D,G06F 12/0875 106,画像データ用［副分類専用］（Ｈ１２．４新設）,
uploaded,廃止,G06F 12/08 559 E,G06F 12/0875 108,スタックデータ用［副分類専用］（Ｈ１２．４新設）,
uploaded,廃止,G06F 12/08 559 F,G06F 12/0875 110,マイクロプログラム用［副分類専用］（Ｈ１２．４新設）,
uploaded,廃止,G06F 12/08 559 Z,G06F 12/0875,その他（Ｈ１２．４新設）,
uploaded,廃止,G06F 12/08 561,G06F 12/0862 110,・・・命令セットにキャッシュ操作命令があるもの（Ｈ１２．４新設）,
uploaded,廃止,G06F 12/08 563,G06F 12/0871 100,・・・コンパイラによる制御［副分類専用］（Ｈ１２．４新設）,
uploaded,廃止,G06F 12/08 565,G06F 12/0842,・・・マルチタスク関連［同期制御］（Ｈ１２．４新設）,
uploaded,廃止,G06F 12/08 571,G06F 12/0804,・・・ストア方式に特徴のあるもの［ストアイン、ストアスルー、ライトアロケート、ノンライトアロケート等］（Ｈ１２．４新設）,
uploaded,廃止,G06F 12/08 573,G06F 12/0855,・・・キャッシュアクセスをパイプラインで行うもの（Ｈ１２．４新設）,
uploaded,廃止,G06F 12/08 575,G06F 12/0831,・・・バスプロトコルに特徴のあるもの（Ｈ１２．４新設）,
uploaded,廃止,G06F 12/08 577,G06F 12/0802,・・・キャッシュ制御の切換（Ｈ１２．４新設）,
uploaded,廃止,G06F 12/08 579,G06F 12/08,・・・節電（Ｈ１２．４新設）,
uploaded,廃止,G06F 12/08 581,G06F 12/08,・・・ヒット率を向上させるための技術一般［副分類専用］（Ｈ１２．４新設）,
uploaded,廃止,G06F 12/08 583,G06F 12/08,・・・ソフトウエアのデバッグ支援［副分類専用］（Ｈ１２．４新設）,
uploaded,廃止,G06F 12/08 585,G06F 12/0802,・・・キャッシュメモリに対するアクセス命令の種類に特徴のあるもの（Ｈ１２．４新設）,
uploaded,廃止,G06F 12/08 597,G06F 12/0802,・・・キャッシュメモリ一般（Ｈ１２．４新設）,
uploaded,廃止,G06F 12/08 599,G06F 12/08,・・・その他（Ｈ１２．４新設）,
uploaded,廃止,G06F 12/01 501,G06F 12/1027,・・・・ＴＬＢ［高速アドレス変換バッファ］（Ｈ１２．４新設）,
uploaded,廃止,G06F 12/01 501 A,G06F 12/1027,ＴＬＢ一般（Ｈ１２．４新設）,
uploaded,廃止,G06F 12/01 501 B,G06F 12/1027 100,ＴＬＢの無効化（Ｈ１２．４新設）,
uploaded,廃止,G06F 12/01 501 C,G06F 12/1027 105,ＴＬＢが複数あるもの（Ｈ１２．４新設）,
uploaded,廃止,G06F 12/01 501 D,G06F 12/1027 110,・命令用ＴＬＢとデータ用ＴＬＢ（Ｈ１２．４新設）,
uploaded,廃止,G06F 12/01 501 E,G06F 12/1027 115,・階層ＴＬＢ（Ｈ１２．４新設）,
uploaded,廃止,G06F 12/01 501 F,G06F 12/1027 120,ＴＬＢミスヒット時の処理（Ｈ１２．４新設）,
uploaded,廃止,G06F 12/01 501 Z,G06F 12/1027,その他（Ｈ１２．４新設）,
uploaded,廃止,G06F 12/01 503,G06F 12/01,・・・・ＴＬＢ以外のアドレス変換高速化手法（Ｈ１２．４新設）,
uploaded,廃止,G06F 12/01 505,G06F 12/01,・・・・ＴＬＢ以外のテーブルによるアドレス変換に特徴があるもの（Ｈ１２．４新設）,
uploaded,廃止,G06F 12/01 505 A,G06F 12/01,ＴＬＢ以外のテーブル一般（Ｈ１２．４新設）,
uploaded,廃止,G06F 12/01 505 B,G06F 12/1009,セグメントテーブル、ページテーブル（Ｈ１２．４新設）,
uploaded,廃止,G06F 12/01 505 C,G06F 12/1009 105,ページに対するＲビットとＣビット（Ｈ１２．４新設）,
uploaded,廃止,G06F 12/01 505 Z,G06F 12/01,その他（Ｈ１２．４新設）,
uploaded,廃止,G06F 12/01 507,G06F 12/1009,・・・・フォールト処理（Ｈ１２．４新設）,
uploaded,廃止,G06F 12/01 507 A,G06F 12/1009,フォールト処理一般（Ｈ１２．４新設）,
uploaded,廃止,G06F 12/01 507 B,G06F 12/1009 100,ページフォールト（Ｈ１２．４新設）,
uploaded,廃止,G06F 12/01 507 Z,G06F 12/1009,その他（Ｈ１２．４新設）,
uploaded,廃止,G06F 12/01 509,G06F 12/01,・・・・アドレス変換方法の変更・効率化（Ｈ１２．４新設）,
uploaded,廃止,G06F 12/01 509 A,G06F 12/01,アドレス変換方法の変更・効率化一般（Ｈ１２．４新設）,
uploaded,廃止,G06F 12/01 509 B,G06F 12/01,アドレス変換の省略（Ｈ１２．４新設）,
uploaded,廃止,G06F 12/01 509 C,G06F 12/01,Ｖ＝Ｒ領域の制御（Ｈ１２．４新設）,
uploaded,廃止,G06F 12/01 509 D,G06F 12/01,複数のアドレス変換機構（Ｈ１２．４新設）,
uploaded,廃止,G06F 12/01 509 Z,G06F 12/01,その他（Ｈ１２．４新設）,
uploaded,廃止,G06F 12/01 541,G06F 12/01,・・・・信頼性向上［キャッシュメモリに関するものはＧ０６Ｆ１２／０８，５４１、置換制御に関するものはＧ０６Ｆ１２／１２，５４１］（Ｈ１２．４新設）,
uploaded,廃止,G06F 12/01 551,G06F 12/109,・・・・多重仮想メモリ（Ｈ１２．４新設）,
uploaded,廃止,G06F 12/01 551 A,G06F 12/109,多重仮想メモリ一般（Ｈ１２．４新設）,
uploaded,廃止,G06F 12/01 551 B,G06F 12/109 100,共有空間制御に特徴のあるもの（Ｈ１２．４新設）,
uploaded,廃止,G06F 12/01 551 C,G06F 12/109 105,アクセスレジスタ変換（Ｈ１２．４新設）,
uploaded,廃止,G06F 12/01 551 Z,G06F 12/109,その他（Ｈ１２．４新設）,
uploaded,廃止,G06F 12/01 553,G06F 12/109 110,・・・・仮想計算機のためのもの（Ｈ１２．４新設）,
uploaded,廃止,G06F 12/01 553 A,G06F 12/109 110,仮想計算機のためのもの一般（Ｈ１２．４新設）,
uploaded,廃止,G06F 12/01 553 B,G06F 12/109 115,実メモリの分割割当（Ｈ１２．４新設）,
uploaded,廃止,G06F 12/01 553 C,G06F 12/109 120,ホスト仮想空間の分割割当（Ｈ１２．４新設）,
uploaded,廃止,G06F 12/01 553 Z,G06F 12/109 110,その他（Ｈ１２．４新設）,
uploaded,廃止,G06F 12/01 555,G06F 12/1081,・・・・チャネル用アドレス変換［チャネル用ＤＡＴ］（Ｈ１２．４新設）,
uploaded,廃止,G06F 12/01 557,G06F 12/1072,・・・・マルチプロセッサ関連（Ｈ１２．４新設）,
uploaded,廃止,G06F 12/01 559,G06F 12/01,・・・・仮想記憶制御対象に特徴のあるもの（Ｈ１２．４新設）,
uploaded,廃止,G06F 12/01 571,G06F 12/01,・・・・論理空間の生成［副分類専用］（Ｈ１２．４新設）,
uploaded,廃止,G06F 12/01 599,G06F 12/01,・・・・その他（Ｈ１２．４新設）,
uploaded,廃止,G06F 12/12 501,G06F 12/126 100,・・・・データの優先度に基づくもの（Ｈ１２．４新設）,
uploaded,廃止,G06F 12/12 503,G06F 12/126 105,・・・・データの常駐化（Ｈ１２．４新設）,
uploaded,廃止,G06F 12/12 505,G06F 12/121 100,・・・・置換制御の動的変更（Ｈ１２．４新設）,
uploaded,廃止,G06F 12/12 541,G06F 12/12,・・・・信頼性向上［キャッシュメモリに関するものはＧ０６Ｆ１２／０８，５４１、アドレス変換に関するものはＧ０６Ｆ１２／１０，５４１］（Ｈ１２．４新設）,
uploaded,廃止,G06F 12/12 551,G06F 12/128,・・・・キャッシュメモリに対するもの（Ｈ１２．４新設）,
uploaded,廃止,G06F 12/12 553,G06F 12/12,・・・・メインメモリのためのもの（Ｈ１２．４新設）,
uploaded,廃止,G06F 12/12 553 A,G06F 12/12,メインメモリのためのもの一般（Ｈ１２．４新設）,
uploaded,廃止,G06F 12/12 553 B,G06F 12/12,タスク毎の制御（Ｈ１２．４新設）,
uploaded,廃止,G06F 12/12 553 C,G06F 12/12,ページングのための空きページ管理（Ｈ１２．４新設）,
uploaded,廃止,G06F 12/12 553 Z,G06F 12/12,その他（Ｈ１２．４新設）,
uploaded,廃止,G06F 12/12 555,G06F 12/12,・・・・ＴＬＢ［高速アドレス変換バッファ］のためのもの（Ｈ１２．４新設）,
uploaded,廃止,G06F 12/12 557,G06F 12/12,・・・・ディスクキャッシュのためのもの（Ｈ１２．４新設）,
uploaded,廃止,G06F 12/12 557 A,G06F 12/12,ディスクキャッシュのためのもの一般（Ｈ１２．４新設）,
uploaded,廃止,G06F 12/12 557 B,G06F 12/12,シーケンシャルアクセスに関するもの（Ｈ１２．４新設）,
uploaded,廃止,G06F 12/12 557 Z,G06F 12/12,その他（Ｈ１２．４新設）,
uploaded,廃止,G06F 12/12 559,G06F 12/12,・・・・置換制御対象に特徴のあるもの（Ｈ１２．４新設）,
uploaded,廃止,G06F 12/12 599,G06F 12/12,・・・・その他（Ｈ１２．４新設）,
uploaded,廃止,G11C 29/00 601,G11C 29/00 404,・ハードウエアに冗長性を持たせるもの,
uploaded,廃止,G11C 29/00 601 B,G11C 29/00 406,ハード冗長一般,
uploaded,廃止,G11C 29/00 601 C,G11C 29/00 404,回数管理,
uploaded,廃止,G11C 29/00 601 D,G11C 29/00,寿命管理,
uploaded,廃止,G11C 29/00 601 Z,G11C 29/00 406,その他のもの,
uploaded,廃止,G11C 29/00 603,G11C 29/00 404,・・冗長メモリ,
uploaded,廃止,G11C 29/00 603 B,G11C 29/00 404,冗長デコーダを有しないもの,
uploaded,廃止,G11C 29/00 603 C,G11C 29/00 404,・特定のデコード出力を冗長セルに導くもの,
uploaded,廃止,G11C 29/00 603 D,G11C 29/00 470,・全てのデコード出力を再配置するもの,
uploaded,廃止,G11C 29/00 603 E,G11C 29/00 404,データ演算により置換を行うもの,
uploaded,廃止,G11C 29/00 603 F,G11C 29/00 468,カラム切替により置換を行うもの,
uploaded,廃止,G11C 29/00 603 G,G11C 29/00 464,時間差対策手段,
uploaded,廃止,G11C 29/00 603 H,G11C 29/00 418,冗長デコーダ,
uploaded,廃止,G11C 29/00 603 J,G11C 29/00 404,・冗長記憶素子,
uploaded,廃止,G11C 29/00 603 K,G11C 29/00 404,・冗長記憶素子から情報を読み出す回路,
uploaded,廃止,G11C 29/00 603 L,G11C 29/00 404,・冗長記憶素子に情報を書き込む回路,
uploaded,廃止,G11C 29/00 603 M,G11C 29/00 456,切り離し回路,
uploaded,廃止,G11C 29/00 603 N,G11C 29/00 456,・電源の切り離し,
uploaded,廃止,G11C 29/00 603 P,G11C 29/00 404,試験診断,
uploaded,廃止,G11C 29/00 603 Q,G11C 29/00 458,・冗長検出,
uploaded,廃止,G11C 29/00 603 R,G11C 29/00 458,・・メモリセルを介した冗長検出,
uploaded,廃止,G11C 29/00 603 X,G11C 29/00 404,特殊なメモリの冗長,
uploaded,廃止,G11C 29/00 603 Y,G11C 29/00 401,・シリアルアクセスメモリの冗長,
uploaded,廃止,G11C 29/00 603 Z,G11C 29/00 404,その他のもの,
uploaded,廃止,G11C 29/00 605,G11C 29/00 476,・・障害領域の非選択,
uploaded,廃止,G11C 29/00 605 B,G11C 29/00 474,部分良品の組み合わせ,
uploaded,廃止,G11C 29/00 605 C,G11C 29/00 476,アドレス変換,
uploaded,廃止,G11C 29/00 605 D,G11C 29/00 476,アドレス固定,
uploaded,廃止,G11C 29/00 605 X,G11C 29/00 476,特殊なメモリ,
uploaded,廃止,G11C 29/00 605 Y,G11C 29/00 476,・バブルメモリ,
uploaded,廃止,G11C 29/00 605 Z,G11C 29/00 476,その他のもの,
uploaded,廃止,G11C 29/00 607,G11C 29/00 404,・・ＲＯＭパッチ,
uploaded,廃止,G11C 29/00 631,G11C 29/42,・データの表現形態に冗長性をもたせるもの,
uploaded,廃止,G11C 29/00 631 B,G11C 29/42,試験診断,
uploaded,廃止,G11C 29/00 631 C,G11C 29/42,ＥＤＣバイパス,
uploaded,廃止,G11C 29/00 631 D,G11C 29/42,エラー検出一般,
uploaded,廃止,G11C 29/00 631 P,G11C 29/42,パトロール,
uploaded,廃止,G11C 29/00 631 Q,G11C 29/42,・読み書き再生,
uploaded,廃止,G11C 29/00 631 Z,G11C 29/42,その他のもの,
uploaded,廃止,G11C 29/00 651,G11C 29/04,・メモリの試験,
uploaded,廃止,G11C 29/00 651 E,G11C 29/52,α線によるソフトエラーの耐性試験,
uploaded,廃止,G11C 29/00 651 P,G11C 29/56 135,並列試験,
uploaded,廃止,G11C 29/00 651 S,G11C 29/56 140,高速化,
uploaded,廃止,G11C 29/00 651 T,G11C 29/05 120,時間マージン,
uploaded,廃止,G11C 29/00 651 V,G11C 29/05 150,電圧マージン,
uploaded,廃止,G11C 29/00 651 Z,G11C 29/04,その他のもの,
uploaded,廃止,G11C 29/00 652,G11C 29/04,・・ＲＯＭの試験（Ｈ１１　新設）,
uploaded,廃止,G11C 29/00 653,G11C 29/04,・・特殊なメモリの試験,
uploaded,廃止,G11C 29/00 655,G11C 29/04,・・試験結果の処理,
uploaded,廃止,G11C 29/00 655 C,G11C 29/56 155,データ圧縮,
uploaded,廃止,G11C 29/00 655 D,G11C 29/56 105,試験結果の表示,
uploaded,廃止,G11C 29/00 655 M,G11C 29/44 110,素子内記憶,
uploaded,廃止,G11C 29/00 655 S,G11C 29/00 408,冗長戦略,
uploaded,廃止,G11C 29/00 655 Z,G11C 29/04,その他のもの,
uploaded,廃止,G11C 29/00 657,G11C 29/01 100,・・試験パターン,
uploaded,廃止,G11C 29/00 657 B,G11C 29/01 110,パターン生成に特徴のあるもの,
uploaded,廃止,G11C 29/00 657 C,G11C 29/01 120,・チェッカーボードパターン,
uploaded,廃止,G11C 29/00 657 D,G11C 29/01 130,・ランダムパターン,
uploaded,廃止,G11C 29/00 657 E,G11C 29/01 140,・アドレスからの生成,
uploaded,廃止,G11C 29/00 657 H,G11C 29/01 150,アドレスハミング距離,
uploaded,廃止,G11C 29/00 657 T,G11C 29/01 160,アドレス変換,
uploaded,廃止,G11C 29/00 657 Z,G11C 29/01 100,その他のもの,
uploaded,廃止,G11C 29/00 659,G11C 29/56 110,・・アクセスタイム，サイクルタイムの測定,
uploaded,廃止,G11C 29/00 671,G11C 29/12,・試験機能を有するメモリ,
uploaded,廃止,G11C 29/00 671 B,G11C 29/12,自己試験,
uploaded,廃止,G11C 29/00 671 F,G11C 29/06,加速試験,
uploaded,廃止,G11C 29/00 671 K,G11C 29/12,漏れ電流測定,
uploaded,廃止,G11C 29/00 671 M,G11C 29/05,マージン試験,
uploaded,廃止,G11C 29/00 671 P,G11C 29/34,並列試験,
uploaded,廃止,G11C 29/00 671 Q,G11C 29/26,・並列読み出し,
uploaded,廃止,G11C 29/00 671 R,G11C 29/26,・・ブロック間比較,
uploaded,廃止,G11C 29/00 671 S,G11C 29/08,リフレッシュに関する試験,
uploaded,廃止,G11C 29/00 671 T,G11C 29/46,テストモード,
uploaded,廃止,G11C 29/00 671 Z,G11C 29/12,その他のもの,
uploaded,廃止,G11C 29/00 673,G11C 29/12,・・試験機能を有するＲＯＭ,
uploaded,廃止,G11C 29/00 673 B,G11C 29/12,自己試験,
uploaded,廃止,G11C 29/00 673 F,G11C 29/06,加速試験,
uploaded,廃止,G11C 29/00 673 K,G11C 29/12,漏れ電流測定,
uploaded,廃止,G11C 29/00 673 M,G11C 29/05,マージン試験,
uploaded,廃止,G11C 29/00 673 P,G11C 29/34,並列試験,
uploaded,廃止,G11C 29/00 673 Q,G11C 29/26,・並列読み出し,
uploaded,廃止,G11C 29/00 673 R,G11C 29/26,・・ブロック間比較,
uploaded,廃止,G11C 29/00 673 T,G11C 29/46,テストモード,
uploaded,廃止,G11C 29/00 673 V,G11C 29/05 100,しきい値測定,
uploaded,廃止,G11C 29/00 673 W,G11C 29/24,ダミーセル,
uploaded,廃止,G11C 29/00 673 Z,G11C 29/12,その他のもの,
uploaded,廃止,G11C 29/00 675,G11C 29/12,・・試験機能を有する特殊メモリ,
uploaded,廃止,G11C 29/00 675 B,G11C 29/12,磁性静的記憶,
uploaded,廃止,G11C 29/00 675 C,G11C 29/12,ＩＣカード・メモリカード,
uploaded,廃止,G11C 29/00 675 D,G11C 29/12,マルチポートメモリ,
uploaded,廃止,G11C 29/00 675 L,G11C 29/12,集積回路内蔵メモリ,
uploaded,廃止,G11C 29/00 675 M,G11C 29/12,・マイコン搭載メモリ,
uploaded,廃止,G11C 29/00 675 S,G11C 29/22,シリアルアクセスメモリ,
uploaded,廃止,G11C 29/00 675 Z,G11C 29/12,その他のもの,
uploaded,廃止,G11C 29/00 A,G11C 29/02 100,電源,
uploaded,廃止,G11C 29/00 Z,G11C 29/00,その他,
uploaded,廃止,G21C 1/00 A,G21C 1/00 100,特殊な炉型の原子炉,
uploaded,廃止,G21C 1/00 B,G21C 1/00 200,設置場所に特徴のある原子炉,
uploaded,廃止,G21C 1/00 C,G21C 1/00 210,・海洋に設置されるもの,
uploaded,廃止,G21C 1/00 D,G21C 1/00 220,・地下に設置されるもの,
uploaded,廃止,G21C 1/00 E,G21C 1/00 230,・宇宙衛星用原子炉,
uploaded,廃止,G21C 1/00 Z,G21C 1/00,その他のもの,
uploaded,廃止,G21C 1/01,G21C 1/00,・グループＧ２１Ｃ３／００～Ｇ２１Ｃ１９／００に分類されない一般的細部［３］,
uploaded,廃止,G21C 1/02 A,G21C 1/02 100,全体構造,
uploaded,廃止,G21C 1/02 B,G21C 1/02 200,原子炉容器内の構造,
uploaded,廃止,G21C 1/02 C,G21C 1/02 210,・炉心上部機構,
uploaded,廃止,G21C 1/02 D,G21C 1/02 220,・吊り胴,
uploaded,廃止,G21C 1/02 E,G21C 1/02 230,・原子炉容器内の熱交換器、ポンプに関連する構造,
uploaded,廃止,G21C 1/02 F,G21C 1/02 231,・・熱交換器のみに関連する構造,
uploaded,廃止,G21C 1/02 G,G21C 1/02 240,・内筒,
uploaded,廃止,G21C 1/02 H,G21C 1/02 300,二重タンク型高速増殖炉,
uploaded,廃止,G21C 1/02 Z,G21C 1/02,その他のもの,
uploaded,廃止,G21C 1/07 A,G21C 1/07 100,全体構造,
uploaded,廃止,G21C 1/07 B,G21C 1/07 110,・燃料球の供給、排出のための構造,
uploaded,廃止,G21C 1/07 Z,G21C 1/07,その他のもの,
uploaded,廃止,G21C 1/02 A,G21C 1/02 100,全体構造〔カランドリアタンクはＧ２１Ｃ１３／００Ａ〕,
uploaded,廃止,G21C 1/02 B,G21C 1/02 110,・圧力管、カランドリア管,
uploaded,廃止,G21C 1/02 C,G21C 1/02 120,・蒸気ドラム、蒸気放出,
uploaded,廃止,G21C 1/02 D,G21C 1/02 130,・断熱ガス、カバーガス,
uploaded,廃止,G21C 1/02 E,G21C 1/02 200,研究用,
uploaded,廃止,G21C 7/00 A,G21C 7/00 100,燃料ペレット対燃料被覆材の相互作用〔ＰＣＩ〕による燃料破損の防止に関するもの,
uploaded,廃止,G21C 7/00 B,G21C 7/00 200,炉心における制御棒又は燃料棒の配置に特徴のあるもの,
uploaded,廃止,G21C 7/00 C,G21C 7/00 300,燃料の濃縮度変化によるもの,
uploaded,廃止,G21C 7/00 Z,G21C 7/00,その他のもの,
uploaded,廃止,G21C 7/08 A,G21C 7/08 100,制御棒の引抜監視に関するもの,
uploaded,廃止,G21C 7/08 Z,G21C 7/08,その他のもの,
uploaded,廃止,G21C 7/01 A,G21C 7/01 100,グレーノーズ型制御棒に関するもの,
uploaded,廃止,G21C 7/01 B,G21C 7/01 200,制御棒の構成部材が着脱可能になっているもの,
uploaded,廃止,G21C 7/01 C,G21C 7/01 300,材料に特徴のあるもの〔但し，Ｇ２１Ｃ７／２４が優先〕,
uploaded,廃止,G21C 7/01 D,G21C 7/11,制御棒が変形可能なもの,
uploaded,廃止,G21C 7/01 E,G21C 7/01 400,中性子吸収材の移動を防止するようにしたもの,
uploaded,廃止,G21C 7/01 H,G21C 7/01 500,中性子吸収能力に分布をもたせたもの,
uploaded,廃止,G21C 7/01 J,G21C 7/113,横断面が十字形のもの,
uploaded,廃止,G21C 7/01 K,G21C 7/117,クラスター型のもの,
uploaded,廃止,G21C 7/01 L,G21C 7/103,中性子吸収要素のほかに，他の要素，例えば，燃料要素，または減速材要素を有する制御棒集合体,
uploaded,廃止,G21C 7/01 Z,G21C 7/01,その他のもの,
uploaded,廃止,G21C 7/12 A,G21C 7/12 100,通常時は機械的駆動機構，異常時は液圧式又は気圧式駆動機構を用いるもの,
uploaded,廃止,G21C 7/12 B,G21C 7/12 200,駆動機構にステップ〔パルス〕モータを用いるもの,
uploaded,廃止,G21C 7/12 C,G21C 7/12 300,材料に特徴のあるもの,
uploaded,廃止,G21C 7/12 Z,G21C 7/12,その他のもの,
uploaded,廃止,G21C 7/14 A,G21C 7/14 100,部材間の係合機構に関するもの,
uploaded,廃止,G21C 7/14 B,G21C 7/14 110,・制御棒と制御棒駆動機構との係合に特徴のあるもの,
uploaded,廃止,G21C 7/14 C,G21C 7/14 200,シールベローズに関するもの,
uploaded,廃止,G21C 7/14 D,G21C 7/14 300,カバーガスに関するもの,
uploaded,廃止,G21C 7/14 E,G21C 7/14 400,制御棒又は制御棒案内管の浮き上がり防止機構に関するもの,
uploaded,廃止,G21C 7/14 F,G21C 7/14 500,制御棒の流力振動抑制に関するもの,
uploaded,廃止,G21C 7/14 G,G21C 7/14 600,駆動機構としてワイヤーロープを用いたもの,
uploaded,廃止,G21C 7/14 H,G21C 7/14 700,駆動機構として可動コイルを用いたもの,
uploaded,廃止,G21C 7/14 J,G21C 7/14 800,磁気ジャッキ式駆動機構を有するもの,
uploaded,廃止,G21C 7/14 K,G21C 7/14 900,制御棒案内管に関するもの,
uploaded,廃止,G21C 7/14 Z,G21C 7/14,その他のもの,
uploaded,廃止,G21C 7/16 A,G21C 7/16 100,駆動機構の構造に関するもの,
uploaded,廃止,G21C 7/16 B,G21C 7/16 110,・制御棒と制御棒駆動機構との係合機構に特徴のあるもの,
uploaded,廃止,G21C 7/16 C,G21C 7/16 120,・付属関連装置,
uploaded,廃止,G21C 7/16 D,G21C 7/16 200,液圧系又は気圧系に関するもの,
uploaded,廃止,G21C 7/16 E,G21C 7/16 210,・水圧制御ユニット〔ＨＣＵ〕に関するもの,
uploaded,廃止,G21C 7/16 K,G21C 7/16 300,制御棒案内管に関するもの,
uploaded,廃止,G21C 7/16 P,G21C 7/16 400,制御棒の位置検出装置を備えたもの,
uploaded,廃止,G21C 7/16 S,G21C 7/16 500,制御棒ハウジングに関するもの,
uploaded,廃止,G21C 7/16 V,G21C 7/16 600,制御棒の速度制御に関するもの,
uploaded,廃止,G21C 7/16 Z,G21C 7/16,その他のもの,
uploaded,廃止,G21C 7/26 A,G21C 7/26 100,再循環流量制御に関するもの,
uploaded,廃止,G21C 7/26 S,G21C 7/27,スペクトルシフト制御に関するもの〔スペクトルシフト制御のための燃料集合体の構成，Ｇ２１Ｃ３／３２〕,
uploaded,廃止,G21C 7/26 Z,G21C 7/26,その他のもの,
uploaded,廃止,G21C 7/32 T,G21C 7/32 100,給水温度の制御によるもの,
uploaded,廃止,G21C 7/32 Z,G21C 7/32,その他のもの,
uploaded,廃止,G21C 9/00 A,G21C 9/004,圧力抑制装置,
uploaded,廃止,G21C 9/00 B,G21C 9/004 100,・蒸気の吹出口,
uploaded,廃止,G21C 9/00 C,G21C 9/004 200,・支持または補強,
uploaded,廃止,G21C 9/00 D,G21C 9/008,・真空破壊弁,
uploaded,廃止,G21C 9/00 E,G21C 9/004 300,・水の浄化または水質改善,
uploaded,廃止,G21C 9/00 F,G21C 9/004 400,格納容器スプレー,
uploaded,廃止,G21C 9/00 H,G21C 9/016,溶融炉心捕捉装置,
uploaded,廃止,G21C 9/00 K,G21C 9/00 100,気体の漏洩防止・減少,
uploaded,廃止,G21C 9/00 Z,G21C 9/00,その他のもの,
uploaded,廃止,G21C 9/02 L,G21C 9/033,ボロン球，ほう酸水等の流動性中性子吸収物質によるもの,
uploaded,廃止,G21C 9/02 M,G21C 9/027,安全棒によるもの,
uploaded,廃止,G21C 9/02 Z,G21C 9/02,その他のもの,
uploaded,廃止,H01F 15/00,H01F 27/00 P,グループ１７／００から２１／００に含まれるインダクタンスまたは変成器の細部,
uploaded,廃止,H01F 15/00 A,H01F 27/28 S,コイル用線材,
uploaded,廃止,H01F 15/00 B,H01F 27/00 Q,表示・識別,
uploaded,廃止,H01F 15/00 C,H01F 27/00 R,ＬＬ,
uploaded,廃止,H01F 15/00 D,H01F 27/00 S,ＬＣ等,
uploaded,廃止,H01F 15/00 Z,H01F 27/00 P,その他,
uploaded,廃止,H01F 15/02,H01F 27/03 101,・取り付け；外被；容器；外被または容器用充てん,
uploaded,廃止,H01F 15/02 A,H01F 27/03 101 A,取り付け,
uploaded,廃止,H01F 15/02 B,H01F 27/03 101 B,・ボビンの基板への取り付け,
uploaded,廃止,H01F 15/02 C,H01F 27/03 101 C,・ボビンとコアとの固着,
uploaded,廃止,H01F 15/02 D,H01F 27/26 130 W,・コアの取り付け，固着，締め付け,
uploaded,廃止,H01F 15/02 E,H01F 27/06 101,・シヤ－シ，キヤビネツトへの取り付け,
uploaded,廃止,H01F 15/02 F,H01F 27/06 103,・配線基板への取り付け,
uploaded,廃止,H01F 15/02 G,H01F 27/06 105,・・空心コイルの基板への取り付け,
uploaded,廃止,H01F 15/02 H,H01F 27/03 101 H,・同調器の取り付け,
uploaded,廃止,H01F 15/02 J,H01F 27/03 101 J,・バ－アンテナの取り付け,
uploaded,廃止,H01F 15/02 K,H01F 27/32 101,外被,
uploaded,廃止,H01F 15/02 L,H01F 27/32 103,・モ－ルド,
uploaded,廃止,H01F 15/02 M,H01F 27/32 105,・フイルム，チユ－ブ,
uploaded,廃止,H01F 15/02 N,H01F 27/02 N,容器，カバ－,
uploaded,廃止,H01F 15/02 R,H01F 27/02 120,外被，容器内へ樹脂等を充填するもの,
uploaded,廃止,H01F 15/02 Z,H01F 27/00 P,その他,
uploaded,廃止,H01F 15/04,H01F 27/36 101,・静電または電磁シールド（インダクタンスを変化するための可動のもの２１／１０）,
uploaded,廃止,H01F 15/06,H01F 27/08 101,・冷却；加熱；通風,
uploaded,廃止,H01F 15/08,H01F 27/23,・腐食に対する保護,
uploaded,廃止,H01F 15/01,H01F 27/29,・端子；タップ配置,
uploaded,廃止,H01F 15/01 A,H01F 27/29 A,タツプ,
uploaded,廃止,H01F 15/01 B,H01F 27/29 120,チツプ型端子,
uploaded,廃止,H01F 15/01 C,H01F 27/29 123,・導電膜型チツプ端子,
uploaded,廃止,H01F 15/01 D,H01F 27/29 125,・金属板型チツプ端子,
uploaded,廃止,H01F 15/01 E,H01F 27/29 127,・キヤツプ型チツプ端子,
uploaded,廃止,H01F 15/01 F,H01F 27/29 F,コアに直接端子を取り付けたもの,
uploaded,廃止,H01F 15/01 G,H01F 27/29 G,・ドラム型又は棒状コアの両端に取り付けたもの,
uploaded,廃止,H01F 15/01 H,H01F 27/29 H,巻線の端末をリ－ド端子としたもの,
uploaded,廃止,H01F 15/01 J,H01F 27/29 J,端子台に端子を取り付けたもの,
uploaded,廃止,H01F 15/01 N,H01F 27/29 N,・ボビンと一体化された端子台,
uploaded,廃止,H01F 15/01 P,H01F 27/29 P,リ－ド線の引出し,
uploaded,廃止,H01F 15/01 Q,H01F 27/29 Q,・帯状リ－ド線の引出し,
uploaded,廃止,H01F 15/01 Z,H01F 27/29 Z,その他,
uploaded,廃止,H01F 15/12,H01F 27/00 140,・イングクタンス，変成器またはこれらコイルの交換装置,
uploaded,廃止,H01F 15/14,H01F 27/00 160,・巻線の巻回の特別な配置または間隔をもつもの，例．所望の自己共振をうるもの,
uploaded,廃止,H01F 15/16,H01F 27/00 180,・温度補償をもつもの,
uploaded,廃止,H01F 15/18,H01F 27/42 101,・インダクタンスまたは変成器の電気的特性を修正または補償する回路（インピーダンス回路網Ｈ０３Ｈ）,
uploaded,廃止,H01F 27/02 F,H01F 27/00 120,輸送または現地組立,
uploaded,廃止,H01F 27/08 A,H01F 27/08 150,風冷,
uploaded,廃止,H01F 27/08 B,H01F 27/08 153,・送風ファンをもつもの,
uploaded,廃止,H01F 27/08 Z,H01F 27/08,その他,
uploaded,廃止,H01F 27/24 A,H01F 27/245,積層鉄心（Ｈ０１Ｆ２７／２４＠Ｃが優先）,
uploaded,廃止,H01F 27/24 B,H01F 27/245 155,巻鉄心（Ｈ０１Ｆ２７／２４＠Ｃが優先）,
uploaded,廃止,H01F 27/24 C,H01F 27/25,アモルファス鉄心,
uploaded,廃止,H01F 27/24 D,H01F 27/255,粉末からなるもの,
uploaded,廃止,H01F 27/24 R,H01F 27/245 150,・大型積層鉄心，例．電力用，変電用，送電用または配電用,
uploaded,廃止,H01F 27/24 S,H01F 27/245 152,・・多相の大型積層鉄心，例．電力用,
uploaded,廃止,H01F 27/24 U,H01F 27/245 157,・カットコア型の巻鉄心,
uploaded,廃止,H01F 27/26 A,H01F 27/26 130 A,大型積層鉄心の締付けまたは取付け,
uploaded,廃止,H01F 27/26 B,H01F 27/26 130 B,・当て板またはクランプに特徴のあるもの,
uploaded,廃止,H01F 27/26 C,H01F 27/26 130 C,・コイル押さえに特徴のあるもの,
uploaded,廃止,H01F 27/26 D,H01F 27/26 130 D,・ボルトまたはリベットに特徴のあるもの,
uploaded,廃止,H01F 27/26 E,H01F 27/26 130 E,・ベルトまたはテープに特徴のあるもの,
uploaded,廃止,H01F 27/26 F,H01F 27/26 130 F,・脚と絶縁筒との間の締付けに特徴のあるもの,
uploaded,廃止,H01F 27/26 G,H01F 27/26 130 G,・フォームフィット構造のもの,
uploaded,廃止,H01F 27/26 K,H01F 27/26 130 K,小型積層鉄心の締付けまたは取付け,
uploaded,廃止,H01F 27/26 L,H01F 27/26 130 L,・コ字状枠を用いるもの,
uploaded,廃止,H01F 27/26 M,H01F 27/26 160,・容器または支持物上への取付け,
uploaded,廃止,H01F 27/26 Q,H01F 27/26 130 Q,フェライトコアまたは粉末成型コアの締付けまたは取付け,
uploaded,廃止,H01F 27/26 S,H01F 27/26 130 S,巻鉄心の締付けまたは取付け,
uploaded,廃止,H01F 27/26 T,H01F 27/26 130 T,・ベルトまたはテープによる巻鉄心の締付けまたは取付け,
uploaded,廃止,H01F 27/26 U,H01F 27/26 130 U,複数のブロック鉄心を積んだものの締付けまたは取付け,
uploaded,廃止,H01F 27/26 Z,H01F 27/26 130 Z,その他,
uploaded,廃止,H01F 27/28 A,H01F 27/28 128,リード線；端子,
uploaded,廃止,H01F 27/28 B,H01F 27/28 131,・コイルボビンのリード線または端子,
uploaded,廃止,H01F 27/28 C,H01F 27/28 133,・モールドコイルのリード線または端子,
uploaded,廃止,H01F 27/28 D,H01F 27/28 N,・箔巻コイル［シートコイル］のリード線または端子,
uploaded,廃止,H01F 27/28 E,H01F 27/28 135,・相間接続,
uploaded,廃止,H01F 27/28 F,H01F 27/28 176,冷却,
uploaded,廃止,H01F 27/28 G,H01F 27/28 177,・箔巻コイル［シートコイル］の冷却,
uploaded,廃止,H01F 27/28 H,H01F 27/28 179,・外鉄型変圧器の冷却,
uploaded,廃止,H01F 27/28 L,H01F 27/28 123,巻線の素線,
uploaded,廃止,H01F 27/32 A,H01F 27/32 170,モールド,
uploaded,廃止,H01F 27/32 B,H01F 27/32 150,コイルボビン,
uploaded,廃止,H01F 27/32 C,H01F 27/28 180,シールド,
uploaded,廃止,H01F 27/32 Z,H01F 27/32,その他,
uploaded,廃止,H01F 27/36 A,H01F 27/36,静電または磁気シールド一般,
uploaded,廃止,H01F 27/36 B,H01F 27/36 150,磁気シールド一般,
uploaded,廃止,H01F 27/36 C,H01F 27/36 151,・大型機器の容器の磁気シールド,
uploaded,廃止,H01F 27/36 D,H01F 27/36 152,・・容器の接合部，角部または貫通孔の磁気シールド,
uploaded,廃止,H01F 27/36 E,H01F 27/36 154,・小型機器の容器の磁気シールド「図」,
uploaded,廃止,H01F 27/36 F,H01F 27/36 155,・・ショートリングによる磁気シールド「図」,
uploaded,廃止,H01F 27/36 G,H01F 27/36 157,・巻線間の磁気シールド「図」,
uploaded,廃止,H01F 27/36 H,H01F 27/36 158,・巻線端部の磁気シールド「図」,
uploaded,廃止,H01F 27/36 J,H01F 27/36 159,・鉄心の磁気シールド「図」,
uploaded,廃止,H01F 27/36 K,H01F 27/36 120,静電シールド一般「図」,
uploaded,廃止,H01F 27/36 L,H01F 27/36 121,・容器の静電シールド,
uploaded,廃止,H01F 27/36 M,H01F 27/36 123,・巻線間の静電シールド,
uploaded,廃止,H01F 27/36 N,H01F 27/36 125,・・小型機器の巻線間の静電シールド,
uploaded,廃止,H01F 27/36 P,H01F 27/36 127,・巻線端部の静電シールド，例．シールドリング,
uploaded,廃止,H01F 27/36 Q,H01F 27/36 129,・鉄心の静電シールド「図」,
uploaded,廃止,H01F 27/36 Z,H01F 27/36 170,その他,
uploaded,廃止,H01F 27/42 501,H01F 27/42 120,・・計器用変成器,
uploaded,廃止,H01G 1/00,H01G 4/002,固定コンデンサの細部（電解コンデンサ９／００）,
uploaded,廃止,H01G 1/005,H01G 4/005,・電極,
uploaded,廃止,H01G 1/01,H01G 4/008,・・電極用材料の選択,
uploaded,廃止,H01G 1/013,H01G 4/01,・・自己支持電極の形成,
uploaded,廃止,H01G 1/015,H01G 4/012,・・非自己支持電極の形成,
uploaded,廃止,H01G 1/017,H01G 4/015,・・自己回復のための特殊対策,
uploaded,廃止,H01G 1/02,H01G 2/01,・組み立て；容器；封止；被覆；容器または封止の注入,
uploaded,廃止,H01G 1/02 A,H01G 2/01 A,電力用コンデンサ〔油循環型を含む〕,
uploaded,廃止,H01G 1/02 B,H01G 2/01 B,締付〔コンデンサ素体の締付け〕,
uploaded,廃止,H01G 1/02 C,H01G 2/01 C,容器〔容器形状，素材に特徴があるもの〕,
uploaded,廃止,H01G 1/02 D,H01G 2/01 D,・筒状容器〔両端から端子が導出される筒状容器の形状，素材〕,
uploaded,廃止,H01G 1/02 E,H01G 2/01 E,・油入容器〔油入りコンデンサ容器，同容器内での部品の配置〕,
uploaded,廃止,H01G 1/02 F,H01G 2/01 300,封止〔容器内へのコンデンサの封止一般，充填，容器内での部品の配置〕,
uploaded,廃止,H01G 1/02 G,H01G 2/01 301,・封口〔容器開口部の封口に特徴があるもの〕,
uploaded,廃止,H01G 1/02 H,H01G 2/01 600,樹脂注入封止〔容器又はフイルムを容器形状に折曲したものの中に樹脂を注入し封止するもの〕,
uploaded,廃止,H01G 1/02 J,H01G 2/01 J,被覆〔コンデンサ素体への直接被覆，被覆材料のみに要旨があるもの〕,
uploaded,廃止,H01G 1/02 K,H01G 2/01 K,・モ－ルド〔Ｑ，Ｒ以外のモ－ルド〕,
uploaded,廃止,H01G 1/02 L,H01G 2/01 L,・被覆筒体の封口〔コンデンサ素体外周に巻回した筒状体の端部開口を封口するもの〕,
uploaded,廃止,H01G 1/02 M,H01G 2/01 M,カバ－，保護ケ－ス〔端子カバ－，保護ケ－ス，包装用容器〕,
uploaded,廃止,H01G 1/02 P,H01G 2/01 P,固定コンデンサ以外の形式のコンデンサにも適用されるもの（重複可）,
uploaded,廃止,H01G 1/02 Q,H01G 2/01 Q,・・浸漬によるもの〔デイツピング〕,
uploaded,廃止,H01G 1/02 R,H01G 2/01 R,・・型でモ－ルドするもの,
uploaded,廃止,H01G 1/02 Z,H01G 2/01 Z,その他のもの〔取付け・組立て一般，ケース内への取付け，セラミツクチツプの取付けを含む，チツプ枠１／０３５〕,
uploaded,廃止,H01G 1/03,H01G 2/02 101 Z,・・シャーシ上に取り付けるための適用,
uploaded,廃止,H01G 1/03 A,H01G 2/02 101 A,取付けバンドを用いたもの,
uploaded,廃止,H01G 1/03 B,H01G 2/02 101 B,取付け容器を用いたもの,
uploaded,廃止,H01G 1/03 C,H01G 2/02 101 C,取付け具を用いたもの（Ａ，Ｂ優先）,
uploaded,廃止,H01G 1/03 D,H01G 2/02 101 D,コンデンサ素子収納ケ－ス自体に取付け部を形成したもの,
uploaded,廃止,H01G 1/03 E,H01G 2/02,半田を用いた取付けに関するもの,
uploaded,廃止,H01G 1/03 F,H01G 2/04,シヤ－シ自体に特徴を有するもの（切起し片等）,
uploaded,廃止,H01G 1/03 Z,H01G 2/02 101 E,その他のもの,
uploaded,廃止,H01G 1/035,H01G 2/06,・・印刷回路基板に取り付けるための適用,
uploaded,廃止,H01G 1/035 A,H01G 2/06 A,リ－ド型素子を取付けるもの（チツプ型→Ｃ）,
uploaded,廃止,H01G 1/035 B,H01G 2/06 B,・リ－ドに加工を施したもの,
uploaded,廃止,H01G 1/035 C,H01G 2/06 500,チツプ型素子，リ－ドレス型素子を取付けるもの,
uploaded,廃止,H01G 1/035 D,H01G 2/06 501,・素子自体を印刷回路基板の孔に取付けるもの,
uploaded,廃止,H01G 1/035 E,H01G 2/06 C,印刷回路基板自体に特徴を有するもの,
uploaded,廃止,H01G 1/035 Z,H01G 2/06 Z,その他のもの,
uploaded,廃止,H01G 1/04,H01G 2/24,・表示マーク，例．カラーコード,
uploaded,廃止,H01G 1/06,H01G 2/22,・静電または電磁シールド,
uploaded,廃止,H01G 1/08,H01G 2/08,・冷却；加熱；通風装置,
uploaded,廃止,H01G 1/08 A,H01G 2/08 A,放熱・冷却に関するもの,
uploaded,廃止,H01G 1/08 B,H01G 2/08 B,油量調整に関するもの,
uploaded,廃止,H01G 1/08 Z,H01G 2/08 Z,その他のもの,
uploaded,廃止,H01G 1/01,H01G 2/12,・腐食保護,
uploaded,廃止,H01G 1/11,H01G 2/14,・電気的または熱的過負荷に対する保護（冷却によるもの１／０８）,
uploaded,廃止,H01G 1/11 101,H01G 2/14 101,・・電気的過負荷に対する保護,
uploaded,廃止,H01G 1/11 101 A,H01G 2/14 101 A,放圧を行なうもの,
uploaded,廃止,H01G 1/11 101 Z,H01G 2/14 101 Z,その他のもの,
uploaded,廃止,H01G 1/11 102,H01G 2/18,・・・機械的に導電路を切断するもの，例．容器の膨脹に起因するもの（１０８が優先）,
uploaded,廃止,H01G 1/11 103,H01G 2/14 103,・・・コンデンサと並列に放電間隙が組み込まれたもの（１０８が優先）,
uploaded,廃止,H01G 1/11 104,H01G 2/14 104,・・・物理的または化学的に異常を検知する手段が組み込まれたもの（１０８が優先）,
uploaded,廃止,H01G 1/11 105,H01G 2/14 105,・・・・異常電流を検知する手段が組み込まれたもの〔１０６より優先〕,
uploaded,廃止,H01G 1/11 105 A,H01G 2/16,ヒユ－ズを用いるもの,
uploaded,廃止,H01G 1/11 105 B,H01G 2/16 101,・強制短絡を行なうもの,
uploaded,廃止,H01G 1/11 105 C,H01G 2/16 201,・遮断警報を有するもの,
uploaded,廃止,H01G 1/11 105 D,H01G 2/14 105 D,伝達手段に特徴を有するもの,
uploaded,廃止,H01G 1/11 105 Z,H01G 2/14 105 Z,その他のもの,
uploaded,廃止,H01G 1/11 106,H01G 2/14 106,・・・・異常温度を検知する手段が組み込まれたもの〔１０５が優先〕,
uploaded,廃止,H01G 1/11 106 A,H01G 2/16 301,温度ヒユ－ズを用いるもの,
uploaded,廃止,H01G 1/11 106 Z,H01G 2/14 106,その他のもの,
uploaded,廃止,H01G 1/11 107,H01G 2/14 107,・・・・発生するガスを検知する手段が組み込まれたもの,
uploaded,廃止,H01G 1/11 107 A,H01G 2/18 101,スイツチを用いるもの,
uploaded,廃止,H01G 1/11 107 Z,H01G 2/14 107,その他のもの,
uploaded,廃止,H01G 1/11 108,H01G 2/14 108,・・・コンデンサが容器内で直接樹脂充填されたもの,
uploaded,廃止,H01G 1/11 108 A,H01G 2/18,電路遮断を行なうもの,
uploaded,廃止,H01G 1/11 108 B,H01G 2/14 108 B,異常電流を検知するもの,
uploaded,廃止,H01G 1/11 108 C,H01G 2/14 108 C,異常温度を検知するもの,
uploaded,廃止,H01G 1/11 108 D,H01G 2/14 108 D,放圧構造を有するもの,
uploaded,廃止,H01G 1/11 108 Z,H01G 2/14 108 Z,その他のもの,
uploaded,廃止,H01G 1/13,H01G 2/02,・電極の端部からの放電を防ぐ装置,
uploaded,廃止,H01G 1/14,H01G 4/228,・端子部,
uploaded,廃止,H01G 1/14 A,H01G 4/228 A,基板への取付部の構造に特徴を有するもの〔Ｃが優先〕〔セラミツクコンデンサ又はコンデンサ一般〕,
uploaded,廃止,H01G 1/14 B,H01G 4/228 B,電極への接続部の構造に特徴を有するもの〔Ｃが優先〕〔セラミツクコンデンサ又はコンデンサ一般〕,
uploaded,廃止,H01G 1/14 C,H01G 4/252,チツプ型〔セラミツクコンデンサ又はコンデンサ一般でＶ，Ｗ以外のもの〕,
uploaded,廃止,H01G 1/14 D,H01G 4/248,・キヤツプ端子を有するもの〔アキシヤルリ－ドを有するものを含む〕〔セラミツクコンデンサ又はコンデンサ一般〕,
uploaded,廃止,H01G 1/14 E,H01G 4/228 E,リ－ドフレ－ムまたはチエ－ンリ－ド構体〔セラミツクコンデンサ又はコンデンサ一般〕,
uploaded,廃止,H01G 1/14 F,H01G 4/228 F,リ－ドの材料・断面構造に特徴を有するもの〔セラミツクコンデンサ又はコンデンサ一般〕,
uploaded,廃止,H01G 1/14 G,H01G 4/228 G,シヤ－シ，その他の装置への取付に特徴を有するもの〔セラミツクコンデンサ又はコンデンサ一般〕,
uploaded,廃止,H01G 1/14 H,H01G 4/228 H,モ－ルド，その他の装置への取付に特徴を有するもの〔セラミツクコンデンサ又はコンデンサ一般〕,
uploaded,廃止,H01G 1/14 J,H01G 4/228 J,複数の部品の接続に関するもの〔セラミツクコンデンサ又はコンデンサ一般〕,
uploaded,廃止,H01G 1/14 K,H01G 4/228 K,特殊なコンデンサ〔貫通・厚膜・薄膜・同軸〕の端子〔セラミツクコンデンサ又はコンデンサ一般〕,
uploaded,廃止,H01G 1/14 L,H01G 4/228 L,有機誘電体を用いるコンデンサの端子,
uploaded,廃止,H01G 1/14 M,H01G 4/228 M,・巻芯または巻芯の閉塞,
uploaded,廃止,H01G 1/14 N,H01G 4/242,・巻芯に端子が挿通する構造のもの,
uploaded,廃止,H01G 1/14 P,H01G 4/245,・素子内の電極にとりつけるリ－ドに関するも〔リ－ドタブ〕,
uploaded,廃止,H01G 1/14 Q,H01G 4/228 Q,・樹脂注入封止型またはモ－ルド型のコンデンサの端子,
uploaded,廃止,H01G 1/14 R,H01G 4/228 R,・保護装置に関連するもの,
uploaded,廃止,H01G 1/14 S,H01G 4/228 S,・複数の素子の接続に関するもの,
uploaded,廃止,H01G 1/14 T,H01G 4/228 T,・チツプ化,
uploaded,廃止,H01G 1/14 U,H01G 4/248,・キヤツプ端子,
uploaded,廃止,H01G 1/14 V,H01G 4/252 V,・リ－ドレスチツプ型〔セラミツクコンデンサ又はコンデンサ一般，被着電極〕,
uploaded,廃止,H01G 1/14 W,H01G 4/228 W,・リ－ドを有するチツプ型〔セラミツクコンデンサ又はコンデンサ一般，チツプ化〕,
uploaded,廃止,H01G 1/14 Z,H01G 4/228 Z,その他のもの,
uploaded,廃止,H01G 1/147,H01G 4/232,・・積層型コンデンサの二以上の電極の電気的接続；巻回電極の層の電気的接続,
uploaded,廃止,H01G 1/147 A,H01G 4/232 A,無機誘電体を有するもの,
uploaded,廃止,H01G 1/147 B,H01G 4/252 B,メタリコンに関するもの〔導電性塗料・半田・蒸着等による接続を含む〕,
uploaded,廃止,H01G 1/147 C,H01G 4/252 C,・メタリコンの材料・構造に特徴を有するもの〔導電性塗料・半田・蒸着等による接続を含む〕,
uploaded,廃止,H01G 1/147 D,H01G 4/252 D,・メタリコンによる端子の接続に特徴を有するもの〔導電性塗料・半田・蒸着等による接続を含む〕,
uploaded,廃止,H01G 1/147 E,H01G 4/232 E,電極と端子を機械的に又は溶接により接続するもの〔半田によるものを含む〕,
uploaded,廃止,H01G 1/147 Z,H01G 4/232 Z,その他のもの,
uploaded,廃止,H01G 1/153,H01G 4/236,・・容器からの引き出し，すなわち導出,
uploaded,廃止,H01G 1/16,H01G 2/00 101,・コンデンサの電気的特性を修正または補償するための回路（インピーダンス回路網Ｈ０３Ｈ）,
uploaded,廃止,H01G 4/06 101,H01G 4/33 101,・・厚膜コンデンサ〔誘電体が厚膜法（印刷）で形成されたもの〕,
uploaded,廃止,H01G 4/06 102,H01G 4/33 102,・・薄膜コンデンサ〔誘電体が薄膜法（蒸着，陽極酸化など）で形成されたもの；ＩＣ，ＬＳＩ用のものＨ０１Ｌ２７／０４,
uploaded,廃止,H01G 4/08 B,H01G 4/01 500,ガラスを用いるもの,
uploaded,廃止,H01G 4/12 301,H01G 4/03 501,・・・・半導体磁器コンデンサ〔堰層型又はいずれのタイプの半導体磁器にも用いることができる場合又は特に型が特定されていないものを含む〕,
uploaded,廃止,H01G 4/12 304,H01G 4/03 504,・・・・・粒界絶縁型かつ還元再酸化型〔粒界絶縁型及び還元再酸化型のいずれをも対象としている場合〕,
uploaded,廃止,H01G 4/12 307,H01G 4/03 504,・・・・・・構造,
uploaded,廃止,H01G 4/12 310,H01G 4/03 504,・・・・・・材料,
uploaded,廃止,H01G 4/12 313,H01G 4/03 504,・・・・・・製法,
uploaded,廃止,H01G 4/12 316,H01G 4/03 506,・・・・・粒界絶縁型,
uploaded,廃止,H01G 4/12 319,H01G 4/03 506,・・・・・・構造,
uploaded,廃止,H01G 4/12 322,H01G 4/03 506,・・・・・・材料,
uploaded,廃止,H01G 4/12 325,H01G 4/03 506,・・・・・・製法,
uploaded,廃止,H01G 4/12 328,H01G 4/03 508,・・・・・還元再酸化型,
uploaded,廃止,H01G 4/12 331,H01G 4/03 508,・・・・・・構造,
uploaded,廃止,H01G 4/12 334,H01G 4/03 508,・・・・・・材料,
uploaded,廃止,H01G 4/12 337,H01G 4/03 508,・・・・・・製法,
uploaded,廃止,H01G 4/12 340,H01G 4/03 510,・・・・特殊な形状のコンデンサ〔３０１が優先〕,
uploaded,廃止,H01G 4/12 343,H01G 4/03 510,・・・・・積層型,
uploaded,廃止,H01G 4/12 346,H01G 4/03 511,・・・・・・構造,
uploaded,廃止,H01G 4/12 349,H01G 4/03 512,・・・・・・・誘電体,
uploaded,廃止,H01G 4/12 352,H01G 4/03 513,・・・・・・・電極，端子・リ－ド,
uploaded,廃止,H01G 4/12 355,H01G 4/03 514,・・・・・・材料,
uploaded,廃止,H01G 4/12 358,H01G 4/03 515,・・・・・・・誘電体,
uploaded,廃止,H01G 4/12 361,H01G 4/03 516,・・・・・・・電極，端子・リ－ド,
uploaded,廃止,H01G 4/12 364,H01G 4/03 517,・・・・・・製法,
uploaded,廃止,H01G 4/12 367,H01G 4/03 520,・・・・・筒状型，壷型，柱状回,
uploaded,廃止,H01G 4/12 370,H01G 4/03 520,・・・・・・構造,
uploaded,廃止,H01G 4/12 373,H01G 4/03 520,・・・・・・材料,
uploaded,廃止,H01G 4/12 376,H01G 4/03 520,・・・・・・製法,
uploaded,廃止,H01G 4/12 379,H01G 4/03 530,・・・・・巻回型,
uploaded,廃止,H01G 4/12 382,H01G 4/03 530,・・・・・・構造,
uploaded,廃止,H01G 4/12 385,H01G 4/03 530,・・・・・・材料,
uploaded,廃止,H01G 4/12 388,H01G 4/03 530,・・・・・・製法,
uploaded,廃止,H01G 4/12 391,H01G 4/03 540,・・・・・基板印刷型〔印刷，スパツタリング，溶射等により基板等により基板上に形成された厚膜又は薄膜を有するコンデンサ〕,
uploaded,廃止,H01G 4/12 394,H01G 4/03 541,・・・・・・構造,
uploaded,廃止,H01G 4/12 397,H01G 4/03 544,・・・・・・材料,
uploaded,廃止,H01G 4/12 400,H01G 4/03 547,・・・・・・製法,
uploaded,廃止,H01G 4/12 403,H01G 4/03 550,・・・・・貫通型,
uploaded,廃止,H01G 4/12 406,H01G 4/03 560,・・・・一般磁器コンデンサ〔板状及びその変形（例えばＵ字型）又は型が特定されていないもの〕〔３０１が優先〕,
uploaded,廃止,H01G 4/12 409,H01G 4/03 560,・・・・・誘電体〔補強板を有する場合を含む〕,
uploaded,廃止,H01G 4/12 412,H01G 4/03 560,・・・・・・構造,
uploaded,廃止,H01G 4/12 415,H01G 4/03 560,・・・・・・材料,
uploaded,廃止,H01G 4/12 418,H01G 4/03 560,・・・・・・製法,
uploaded,廃止,H01G 4/12 421,H01G 4/03 560,・・・・・電極,
uploaded,廃止,H01G 4/12 424,H01G 4/03 560,・・・・・・構造,
uploaded,廃止,H01G 4/12 427,H01G 4/03 560,・・・・・・材料,
uploaded,廃止,H01G 4/12 430,H01G 4/03 560,・・・・・・製法,
uploaded,廃止,H01G 4/12 433,H01G 4/03 560,・・・・・端子・リ－ド,
uploaded,廃止,H01G 4/12 436,H01G 4/03 560,・・・・・・構造,
uploaded,廃止,H01G 4/12 439,H01G 4/03 560,・・・・・・材料,
uploaded,廃止,H01G 4/12 442,H01G 4/03 560,・・・・・・製法,
uploaded,廃止,H01G 4/12 445,H01G 4/03 560,・・・・・被覆〔容器，スペ－サ等を含む〕,
uploaded,廃止,H01G 4/12 448,H01G 4/03 560,・・・・・複数工程からなる製法〔４０９～４４５に優先〕〔誘電体，電極，端子・リ－ド，被覆等のうちの複数の箇所の製法に特徴を有するか，複数の箇所の製法の組合わせ自体に特徴を有する場合〕,
uploaded,廃止,H01G 4/18 301,H01G 4/32 510,・・・・コンデンサの構造,
uploaded,廃止,H01G 4/18 301 A,H01G 4/32 540,外装・モ－ルド,
uploaded,廃止,H01G 4/18 301 B,H01G 4/32 540,封入〔ガス・油〕,
uploaded,廃止,H01G 4/18 301 C,H01G 4/32 511 G,誘電体に特徴があるもの〔構造に特徴があるもの〕,
uploaded,廃止,H01G 4/18 301 D,H01G 4/32 542,チツプ型,
uploaded,廃止,H01G 4/18 301 Z,H01G 4/32 510,その他のもの,
uploaded,廃止,H01G 4/18 304,H01G 4/32 531,・・・・・リ－ド及びリ－ド引出し部,
uploaded,廃止,H01G 4/18 304 A,H01G 4/32 531,リ－ド,
uploaded,廃止,H01G 4/18 304 B,H01G 4/32 530,端面極部〔メタリコン部〕,
uploaded,廃止,H01G 4/18 304 Z,H01G 4/32 531,その他のもの,
uploaded,廃止,H01G 4/18 307,H01G 4/32 521 A,・・・・・電極箔（片）,
uploaded,廃止,H01G 4/18 307 A,H01G 4/32 521 A,電極箔〔片〕の形状・材質,
uploaded,廃止,H01G 4/18 307 B,H01G 4/32 521 Q,電極箔〔片〕と誘電フイルムとの接着,
uploaded,廃止,H01G 4/18 307 C,H01G 4/32 521 P,電極箔と誘電フイルムの組合せ・配設,
uploaded,廃止,H01G 4/18 307 Z,H01G 4/32 521 A,その他のもの,
uploaded,廃止,H01G 4/18 311,H01G 4/32 550,・・・・コンデンサの製造方法,
uploaded,廃止,H01G 4/18 311 A,H01G 4/32 571,熱処理,
uploaded,廃止,H01G 4/18 311 B,H01G 4/32 561 B,誘電体に対する処理,
uploaded,廃止,H01G 4/18 311 C,H01G 4/32 561 A,電極〔箔〕に対する処理,
uploaded,廃止,H01G 4/18 311 D,H01G 4/32 572,圧縮・加工,
uploaded,廃止,H01G 4/18 311 E,H01G 4/32 573,切断,
uploaded,廃止,H01G 4/18 311 F,H01G 4/32 574,複数工程の処理,
uploaded,廃止,H01G 4/18 311 Z,H01G 4/32 561,その他のもの,
uploaded,廃止,H01G 4/18 321,H01G 4/32 521 G,・・・・誘電体,
uploaded,廃止,H01G 4/18 324,H01G 4/32 561 B,・・・・・誘電体の形成・生成,
uploaded,廃止,H01G 4/18 324 A,H01G 4/32 561 C,照射処理によるもの〔光・電子線による〕,
uploaded,廃止,H01G 4/18 324 B,H01G 4/32 561 D,放電処理によるもの,
uploaded,廃止,H01G 4/18 324 Z,H01G 4/32 561 Z,その他のもの,
uploaded,廃止,H01G 4/18 327,H01G 4/32 521 G,・・・・・化学的に特徴があるもの,
uploaded,廃止,H01G 4/18 327 A,H01G 4/32 521 H,電荷移動型錯体を有するもの,
uploaded,廃止,H01G 4/18 327 B,H01G 4/32 521 J,複雑塩,
uploaded,廃止,H01G 4/18 327 C,H01G 4/32 521 K,単純塩,
uploaded,廃止,H01G 4/18 327 D,H01G 4/32 521 L,不織布のもの,
uploaded,廃止,H01G 4/18 327 Z,H01G 4/32 521 Z,その他のもの,
uploaded,廃止,H01G 4/18 330,H01G 4/32 511 G,・・・・・物理的性質・形状に特徴があるもの,
uploaded,廃止,H01G 4/18 330 A,H01G 4/32 511 H,粉末・粒子混入のもの,
uploaded,廃止,H01G 4/18 330 B,H01G 4/32 511 J,網目要素をもつもの,
uploaded,廃止,H01G 4/18 330 C,H01G 4/32 511 K,粗面なもの,
uploaded,廃止,H01G 4/18 330 Z,H01G 4/32 511 Z,その他のもの,
uploaded,廃止,H01G 4/24,H01G 4/32 500,・・自己回復用に適合される誘電体,
uploaded,廃止,H01G 4/24 301,H01G 4/32 510,・・・コンデンサの構造,
uploaded,廃止,H01G 4/24 301 A,H01G 4/32 510,コンデンサの構造,
uploaded,廃止,H01G 4/24 301 B,H01G 4/32 531,リ－ド及びリ－ド引出し部,
uploaded,廃止,H01G 4/24 301 C,H01G 4/32 530,電極の構造・形状〔メタリコンなど端面電極；内部電刻は，３２１Ａ〕,
uploaded,廃止,H01G 4/24 301 D,H01G 4/32 511 L,フイルムの組合に特徴があるもの,
uploaded,廃止,H01G 4/24 301 E,H01G 4/32 511 P,金属化フイルム間に絶縁材を有するもの,
uploaded,廃止,H01G 4/24 301 F,H01G 4/32 544,安全装置付のもの〔電極内にヒユ－ズ加工された部分を備えたものを含む〕,
uploaded,廃止,H01G 4/24 301 G,H01G 4/32 542,チツプ型,
uploaded,廃止,H01G 4/24 301 H,H01G 4/32 541,含浸もの,
uploaded,廃止,H01G 4/24 301 J,H01G 4/32 543,直列接続型,
uploaded,廃止,H01G 4/24 301 K,H01G 4/32 540,外装・容器・ガス封入,
uploaded,廃止,H01G 4/24 301 Z,H01G 4/32 510,その他のもの,
uploaded,廃止,H01G 4/24 311,H01G 4/32 550,・・・コンデンサの製造方法〔金属化フイルムの製造方法は３３１〕,
uploaded,廃止,H01G 4/24 321,H01G 4/32 511,・・・金属化フイルムの構造,
uploaded,廃止,H01G 4/24 321 A,H01G 4/32 511 A,金属の被着形状〔内部電極の分別電極など〕,
uploaded,廃止,H01G 4/24 321 B,H01G 4/32 511 D,被着金属の材質,
uploaded,廃止,H01G 4/24 321 C,H01G 4/32 511 L,誘電体の材質,
uploaded,廃止,H01G 4/24 321 D,H01G 4/32 511 G,被着層構造〔積層構造など〕,
uploaded,廃止,H01G 4/24 321 E,H01G 4/32 511,金属化フイルムの物理的形状〔粗面など〕,
uploaded,廃止,H01G 4/24 321 Z,H01G 4/32 511,その他のもの,
uploaded,廃止,H01G 4/24 331,H01G 4/32 551,・・・金属化フイルムの製造方法,
uploaded,廃止,H01G 4/24 331 A,H01G 4/32 551 B,製造方法,
uploaded,廃止,H01G 4/24 331 B,H01G 4/32 551 A,蒸着方法,
uploaded,廃止,H01G 4/24 331 Z,H01G 4/32 551 Z,その他のもの,
uploaded,廃止,H01G 4/03 301,H01G 4/03 201,・・構造,
uploaded,廃止,H01G 4/03 301 A,H01G 4/03 201 A,積層構造,
uploaded,廃止,H01G 4/03 301 B,H01G 4/03 201 E,リ－ド及びリ－ド引出し部,
uploaded,廃止,H01G 4/03 301 C,H01G 4/03 201 B,電極の構造・形状〔材質も含む〕,
uploaded,廃止,H01G 4/03 301 D,H01G 4/03 201 B,電極の配設,
uploaded,廃止,H01G 4/03 301 E,H01G 4/03 201 J,誘電体の材質・構造,
uploaded,廃止,H01G 4/03 301 F,H01G 4/03 201 P,チツプ型〔Ａ～Ｅに優先〕〔リ－ド付チツプ型を含む〕,
uploaded,廃止,H01G 4/03 301 G,H01G 4/03 201 Q,同軸型〔Ａ～Ｅに優先〕,
uploaded,廃止,H01G 4/03 301 H,H01G 4/03 201 R,直列接続型,
uploaded,廃止,H01G 4/03 301 J,H01G 4/224 100,外装・容器,
uploaded,廃止,H01G 4/03 301 K,H01G 4/03 201 S,安全装置付のもの〔Ａ～Ｊに優先〕,
uploaded,廃止,H01G 4/03 301 Z,H01G 4/03 201 Z,その他のもの,
uploaded,廃止,H01G 4/34,H01G 4/255,・容量値を補正する手段をもつもの,
uploaded,廃止,H01G 4/36,H01G 4/258,・温度補償をもつもの,
uploaded,廃止,H01G 4/42,H01G 4/35,・貫通型コンデンサまたは雑音防止用コンデンサ,
uploaded,廃止,H01G 4/42 301,H01G 4/35 301,・・円筒型,
uploaded,廃止,H01G 4/42 311,H01G 4/35 311,・・巻回型,
uploaded,廃止,H01G 4/42 321,H01G 4/35 321,・・同軸型,
uploaded,廃止,H01G 4/42 331,H01G 4/35 331,・・多層型,
uploaded,廃止,H01G 4/42 341,H01G 4/35 341,・・複合型〔例．Ｌ，Ｃとの組合せ〕,
uploaded,廃止,H01G 9/00 311,H01G 2/24,・表示機構を有するもの；誤装備防止のための処置があるもの，例．リード線の色，径，長さを異ならせたものまたは素子底面の形状を異ならせたもの,
uploaded,廃止,H01G 9/00 321,H01G 2/02 101,・取付機構を有するもの，例．半田リフロー時のガス抜き用の台座，突起または仮止め用の両面テープ,
uploaded,廃止,H01G 9/00 331,H01G 9/00 030,・冷却機構，例．放熱板，を有するもの,
uploaded,廃止,H01G 9/00 501,H01G 9/07,・誘電体層,
uploaded,廃止,H01G 9/00 511,H01G 9/21,・感温装置,
uploaded,廃止,H01G 9/00 521,H01G 9/26,・電解コンデンサ，整流器，検知器，開閉装置，感光装置または感温装置相互の構造的組み合わせ,
uploaded,廃止,H01G 9/00 531,H01G 9/28,・電解コンデンサ，整流器，検知器，開閉装置と，このサブクラスに包含されない他の電気構成部品との構造的組み合わせ,
uploaded,廃止,H01G 9/02 301,H01G 9/02,・・セパレータに特徴を有するもの,
uploaded,廃止,H01G 9/02 311,H01G 9/035,・・電解液に特徴を有するもの,
uploaded,廃止,H01G 9/02 321,H01G 9/032,・・固体電解質に特徴を有するもの,
uploaded,廃止,H01G 9/02 331,H01G 9/028,・・・有機半導体電解質に特徴を有するもの,
uploaded,廃止,H01G 9/02 331 A,H01G 9/028 A,ＴＣＮＱを用いたもの,
uploaded,廃止,H01G 9/02 331 B,H01G 9/028 B,・構造,
uploaded,廃止,H01G 9/02 331 C,H01G 9/028 C,・材料,
uploaded,廃止,H01G 9/02 331 D,H01G 9/00 290 G,・製造方法,
uploaded,廃止,H01G 9/02 331 E,H01G 9/028 E,導電性高分子を用いたもの,
uploaded,廃止,H01G 9/02 331 F,H01G 9/028 F,・構造,
uploaded,廃止,H01G 9/02 331 G,H01G 9/028 G,・材料,
uploaded,廃止,H01G 9/02 331 H,H01G 9/00 290 H,・製造方法,
uploaded,廃止,H01G 9/02 331 Z,H01G 9/028 Z,その他のもの,
uploaded,廃止,H01G 9/04 301,H01G 9/00 290 A,・・化成に特徴を有するもの,
uploaded,廃止,H01G 9/04 304,H01G 9/055,・・エッチングに特徴を有するもの,
uploaded,廃止,H01G 9/04 307,H01G 9/00 290 B,・・再化成またはエージングに特徴を有するもの,
uploaded,廃止,H01G 9/04 310,H01G 9/048 H,・・チップ化,
uploaded,廃止,H01G 9/04 313,H01G 9/048 A,・・素子の全体構造に特徴を有するもの,
uploaded,廃止,H01G 9/04 316,H01G 9/048 B,・・・巻回型,
uploaded,廃止,H01G 9/04 319,H01G 9/048 C,・・・・巻芯または素子周囲，例．巻止めテープ,
uploaded,廃止,H01G 9/04 322,H01G 9/048 D,・・・・端子の取付位置または電極箔の位置関係,
uploaded,廃止,H01G 9/04 325,H01G 9/048 E,・・・・複数の素子の組合せ,
uploaded,廃止,H01G 9/04 328,H01G 9/048 F,・・・積層型,
uploaded,廃止,H01G 9/04 331,H01G 9/042,・・電極の組成,
uploaded,廃止,H01G 9/04 334,H01G 9/052 509,・・陽極,
uploaded,廃止,H01G 9/04 337,H01G 9/052 509,・・・陽極箔,
uploaded,廃止,H01G 9/04 340,H01G 9/055 105,・・陰極,
uploaded,廃止,H01G 9/04 343,H01G 9/055 107,・・・陰極ケース,
uploaded,廃止,H01G 9/04 346,H01G 9/048 G,・・電極箔一般,
uploaded,廃止,H01G 9/04 349,H01G 9/008,・・端子またはリード,
uploaded,廃止,H01G 9/04 352,H01G 9/008 301,・・・封口板に取付けられた接続端子,
uploaded,廃止,H01G 9/04 355,H01G 9/008 303,・・・リードと電極箔との接続部に特徴を有するもの,
uploaded,廃止,H01G 9/04 358,H01G 9/008 305,・・・陰極端子,
uploaded,廃止,H01G 9/05,H01G 9/012,・・タンタル，ニオブまたは焼結材料からなるもの；これらの電極と固体半導電性電解質，例．二酸化マンガン，の組み合わせ,
uploaded,廃止,H01G 9/05 C,H01G 9/012 305,チップ型素子に用いられるもの,
uploaded,廃止,H01G 9/05 D,H01G 9/012 301,・陰極端子またはリードに特徴を有するもの,
uploaded,廃止,H01G 9/05 E,H01G 9/012 303,・陽極端子またはリードに特徴を有するもの,
uploaded,廃止,H01G 9/05 F,H01G 9/012 307,リードフレームまたはチェーンリード構体,
uploaded,廃止,H01G 9/05 G,H01G 9/055 103,陰極，例．カーボングラファイト層，銀ペースト層または半田層,
uploaded,廃止,H01G 9/05 H,H01G 9/052,陽極,
uploaded,廃止,H01G 9/05 K,H01G 9/052 500,・多孔質焼結体からなるもの,
uploaded,廃止,H01G 9/05 L,H01G 9/052 503,・非多孔質体からなるもの,
uploaded,廃止,H01G 9/05 M,H01G 9/012,端子またはリード,
uploaded,廃止,H01G 9/05 N,H01G 9/012 301,・陰極端子またはリードに特徴を有するもの,
uploaded,廃止,H01G 9/05 P,H01G 9/012 303,・陽極端子またはリードに特徴を有するもの,
uploaded,廃止,H01G 9/05 Z,H01G 9/012 309,その他のもの,
uploaded,廃止,H01G 9/24,H01G 9/00 290,・製造方法,
uploaded,廃止,H01G 9/24 A,H01G 9/00 290 C,隔膜，隔離体，電解液または吸収体の製造方法（隔膜，隔離体，電解液または吸収体それ自体Ｈ０１Ｇ９／０２）,
uploaded,廃止,H01G 9/24 B,H01G 9/00 290 D,電極の製造方法（電極それ自体Ｈ０１Ｇ９／０４）,
uploaded,廃止,H01G 9/24 C,H01G 9/00 290 E,固体電解コンデンサの製造方法（固体電解コンデンサそれ自体Ｈ０１Ｇ９／０５）,
uploaded,廃止,H01G 9/24 D,H01G 9/00 290 J,容器への取付の製造方法（容器への取付構造Ｈ０１Ｇ９／０６）,
uploaded,廃止,H01G 9/24 E,H01G 9/00 290 K,容器の製造方法（容器それ自体Ｈ０１Ｇ９／０８）,
uploaded,廃止,H01G 9/24 F,H01G 9/00 290 L,封止の製造方法（封止それ自体Ｈ０１Ｇ９／１０）,
uploaded,廃止,H01G 9/24 G,H01G 9/00 290 M,膨張に対する弁その他の手段の製造方法（膨張に対する弁その他の手段それ自体Ｈ０１Ｇ９／１２）,
uploaded,廃止,H01G 9/24 H,H01G 9/00 290 N,電解コンデンサの電気材特性の修正または補償用回路の製造方法（電解コンデンサの電気材特性の修正または補償用回路それ自体Ｈ０１Ｇ９／１４）,
uploaded,廃止,H01G 9/24 Z,H01G 9/00 290 Z,その他のもの,
uploaded,廃止,H04N 1/00 102,H04N 1/00 114,・多重化方式,
uploaded,廃止,H04N 1/00 102 A,H04N 1/00 114 A,画信号と音声信号の多重化,
uploaded,廃止,H04N 1/00 102 B,H04N 1/00 114 B,画信号とコ－ド信号の多重化,
uploaded,廃止,H04N 1/00 102 C,H04N 1/00 114 C,画信号とテレビジヨン信号の多重化,
uploaded,廃止,H04N 1/00 102 Z,H04N 1/00 114 Z,その他のもの,
uploaded,廃止,H04N 1/00 104,H04N 1/32 400,・中継方式,
uploaded,廃止,H04N 1/00 104 A,H04N 1/32 400,センタもしくは交換機を介する同報〔同時，順次とも〕,
uploaded,廃止,H04N 1/00 104 B,H04N 1/32 400,端末における回線の接続,
uploaded,廃止,H04N 1/00 104 Z,H04N 1/32 400,その他のもの,
uploaded,廃止,H04N 1/00 106,H04N 1/00 002,・フアクシミリ作動確認装置,
uploaded,廃止,H04N 1/00 106 A,H04N 1/00 002 Z,送信済原稿の表示〔音声表示を含む〕,
uploaded,廃止,H04N 1/00 106 B,H04N 1/00 002 B,モニタ－,
uploaded,廃止,H04N 1/00 106 C,H04N 1/00 002 A,試験，診断，測定,
uploaded,廃止,H04N 1/00 106 Z,H04N 1/00 002 Z,その他のもの,
uploaded,廃止,H04N 1/00 107,H04N 1/00 127,・フアクシミリ機器以外の機器との接続およびそのための変換,
uploaded,廃止,H04N 1/00 107 A,H04N 1/00 127 Z,電子計算機との接続およびそのための変換,
uploaded,廃止,H04N 1/00 107 B,H04N 1/00 127 Z,テレビジヨンシステムとの接続およびそのための変換,
uploaded,廃止,H04N 1/00 107 Z,H04N 1/00 127 Z,その他のもの〔電話回線との接続，Ｈ０４Ｍ１１／００，３０３〕,
uploaded,廃止,H04N 1/00 108,H04N 1/00 567,・読み取り又は再生用の用紙の給送または振り分け,
uploaded,廃止,H04N 1/00 108 B,H04N 1/00 567 B,用紙の取扱い,
uploaded,廃止,H04N 1/00 108 C,H04N 1/00 567 C,・用紙の保持，収納，交換,
uploaded,廃止,H04N 1/00 108 D,H04N 1/00 567 B,・用紙の切断,
uploaded,廃止,H04N 1/00 108 F,H04N 1/00 567 B,・原稿キヤリアシ－ト,
uploaded,廃止,H04N 1/00 108 H,H04N 1/00 567 H,・用紙の検出,
uploaded,廃止,H04N 1/00 108 J,H04N 1/00 567 J,・・異常送り，例．ジヤム，重送，の検出,
uploaded,廃止,H04N 1/00 108 K,H04N 1/00 567 K,・用紙の取扱い制御,
uploaded,廃止,H04N 1/00 108 L,H04N 1/00 567 L,・・用紙の振り分け，選択,
uploaded,廃止,H04N 1/00 108 M,H04N 1/00 567 M,・・読取もしくは再生に関連した取扱い制御,
uploaded,廃止,H04N 1/00 108 N,H04N 1/00 567 Z,・・・用紙の切断をともなうもの,
uploaded,廃止,H04N 1/00 108 P,H04N 1/00 567 M,・・送信もしくは受信に関連した取扱い制御,
uploaded,廃止,H04N 1/00 108 Q,H04N 1/00 567 Q,・読取部もしくは記録部と関連した用紙の取扱い装置の構造〔用紙案内具，Ｂ６５Ｈ５／３６；用紙分離排出用摩擦保持具，Ｂ６５Ｈ３／５２〕,
uploaded,廃止,H04N 1/00 108 Z,H04N 1/00 567 Z,その他のもの,
uploaded,廃止,H04N 1/00 A,H04N 1/00 Z,画質評価,
uploaded,廃止,H04N 1/00 B,H04N 1/00 Z,情報の付加,
uploaded,廃止,H04N 1/00 D,H04N 1/00 519,・筐体に対する各部の配置〔蓋の取付構造，Ｂ６５Ｄ４３／００；蓋に開閉機構，Ｂ６５Ｄ４３／２６〕,
uploaded,廃止,H04N 1/032 A,H04N 1/032,感熱記録を用いるもの,
uploaded,廃止,H04N 1/032 B,H04N 1/032,静電記録を用いるもの,
uploaded,廃止,H04N 1/032 D,H04N 1/032,・感熱記録ヘツドの駆動,
uploaded,廃止,H04N 1/032 E,H04N 1/032,・静電記録ヘツドの駆動,
uploaded,廃止,H04N 1/032 Z,H04N 1/032,その他のもの,
uploaded,廃止,H04N 1/036 A,H04N 1/036,アレイ状光源を用いるもの,
uploaded,廃止,H04N 1/036 B,H04N 1/036,光シヤツタを用いるもの,
uploaded,廃止,H04N 1/036 Z,H04N 1/036,その他のもの,
uploaded,廃止,H04N 1/04 102,H04N 1/19,・・固体走査素子または転送素子を用いるもの（１０５～１０７が優先）,
uploaded,廃止,H04N 1/04 103,H04N 1/19,・・・固体走査素子または転送素子の制御,
uploaded,廃止,H04N 1/04 103 A,H04N 1/19,継ぎ目補正,
uploaded,廃止,H04N 1/04 103 B,H04N 1/19,転送クロツク変動補正,
uploaded,廃止,H04N 1/04 103 C,H04N 1/19,外乱による変動を補正するもの,
uploaded,廃止,H04N 1/04 103 D,H04N 1/19,ブロツク走査に関するもの,
uploaded,廃止,H04N 1/04 103 E,H04N 1/19,画品質の向上に関するもの,
uploaded,廃止,H04N 1/04 103 Z,H04N 1/19,その他のもの,
uploaded,廃止,H04N 1/04 104,H04N 1/113,・・ビ－ム走査（光－機械的走査一般Ｇ０２Ｂ２７／１７）,
uploaded,廃止,H04N 1/04 104 A,H04N 1/113,回転鏡を用いるもの,
uploaded,廃止,H04N 1/04 104 B,H04N 1/113,電子ビ－ム,
uploaded,廃止,H04N 1/04 104 Z,H04N 1/113,その他のもの,
uploaded,廃止,H04N 1/04 A,H04N 1/107,手動副走査,
uploaded,廃止,H04N 1/18,H04N 1/04,・・１つの画像の複数区域を同時に送信するように構成したもの,
uploaded,廃止,H04N 1/02,H04N 1/203,・・複数の画像を同時に送信するように構成したもの,
uploaded,廃止,H04N 1/23 101,H04N 1/23,・・インクを用いるもの,
uploaded,廃止,H04N 1/23 101 A,H04N 1/23,白黒,
uploaded,廃止,H04N 1/23 101 B,H04N 1/23,中間調,
uploaded,廃止,H04N 1/23 101 C,H04N 1/23,カラ－,
uploaded,廃止,H04N 1/23 101 Z,H04N 1/23,その他のもの,
uploaded,廃止,H04N 1/23 102,H04N 1/23,・・発熱素子を用いるもの,
uploaded,廃止,H04N 1/23 102 A,H04N 1/23,白黒,
uploaded,廃止,H04N 1/23 102 B,H04N 1/23,中間調,
uploaded,廃止,H04N 1/23 102 C,H04N 1/23,カラ－,
uploaded,廃止,H04N 1/23 102 Z,H04N 1/23,その他のもの,
uploaded,廃止,H04N 1/23 103,H04N 1/23,・・可視光によるもの,
uploaded,廃止,H04N 1/23 103 A,H04N 1/23,白黒,
uploaded,廃止,H04N 1/23 103 B,H04N 1/23,中間調,
uploaded,廃止,H04N 1/23 103 C,H04N 1/23,カラ－,
uploaded,廃止,H04N 1/23 103 Z,H04N 1/23,その他,
uploaded,廃止,H04N 1/23 A,H04N 1/23,放電発色,
uploaded,廃止,H04N 1/23 B,H04N 1/23,通電発色,
uploaded,廃止,H04N 1/23 C,H04N 1/23,圧力発色,
uploaded,廃止,H04N 1/23 Z,H04N 1/23,その他,
uploaded,廃止,H04N 1/29 A,H04N 1/29,電極,
uploaded,廃止,H04N 1/29 B,H04N 1/29,駆動回路,
uploaded,廃止,H04N 1/29 C,H04N 1/29,ドラム構造,
uploaded,廃止,H04N 1/29 D,H04N 1/29,静電記録体,
uploaded,廃止,H04N 1/29 E,H04N 1/29,トナ－制御,
uploaded,廃止,H04N 1/29 F,H04N 1/29,記録機構,
uploaded,廃止,H04N 1/29 G,H04N 1/29,カラ－,
uploaded,廃止,H04N 1/29 H,H04N 1/29,静電記録の方式,
uploaded,廃止,H04N 1/29 J,H04N 1/29,ベルト,
uploaded,廃止,H04N 1/29 Z,H04N 1/29,その他,
uploaded,廃止,H04N 1/32 A,H04N 1/32,制御信号の生成,
uploaded,廃止,H04N 1/32 B,H04N 1/32,制御信号の分離,
uploaded,廃止,H04N 1/32 C,H04N 1/32,起動信号伝送〔起動信号の確認，特定のものを選んで受信する場合を含む〕,
uploaded,廃止,H04N 1/32 D,H04N 1/32,応答信号伝送,
uploaded,廃止,H04N 1/32 E,H04N 1/32,制御手順,
uploaded,廃止,H04N 1/32 F,H04N 1/32,宛先コ－ド作成,
uploaded,廃止,H04N 1/32 G,H04N 1/32,制御コ－ド作成,
uploaded,廃止,H04N 1/32 H,H04N 1/32,端末からの同報,
uploaded,廃止,H04N 1/32 J,H04N 1/32,故障対策,
uploaded,廃止,H04N 1/32 K,H04N 1/32,等価制御〔受信できるレベルにする〕,
uploaded,廃止,H04N 1/32 L,H04N 1/32,宛先呼出〔ポ－リングを含む〕,
uploaded,廃止,H04N 1/32 Z,H04N 1/32,その他〔フアクスと電話の切換え，Ｈ０４Ｍ；ジヤ－ナル，付加情報の転送〕,
uploaded,廃止,H04N 1/36 101,H04N 1/36,・・・同期信号発生装置,
uploaded,廃止,H04N 1/36 A,H04N 1/36,回転同期,
uploaded,廃止,H04N 1/36 B,H04N 1/36,位相同期,
uploaded,廃止,H04N 1/36 C,H04N 1/36,目視調整,
uploaded,廃止,H04N 1/36 D,H04N 1/36,位相信号の検出,
uploaded,廃止,H04N 1/36 Z,H04N 1/36,その他,
uploaded,廃止,H04N 1/04 101,H04N 1/04,・・画像信号歪補正回路,
uploaded,廃止,H04N 1/04 101 A,H04N 1/401,シエ－デイング補正,
uploaded,廃止,H04N 1/04 101 B,H04N 1/407,背景レベルに基づく補正,
uploaded,廃止,H04N 1/04 101 C,H04N 1/409,雑音処理,
uploaded,廃止,H04N 1/04 101 D,H04N 1/409,波形整形〔例．強調処理〕,
uploaded,廃止,H04N 1/04 101 E,H04N 1/407,階調補正,
uploaded,廃止,H04N 1/04 101 F,H04N 1/04,位相歪処理,
uploaded,廃止,H04N 1/04 101 G,H04N 1/04,信号誤り処理,
uploaded,廃止,H04N 1/04 101 H,H04N 1/04,サンプリング処理,
uploaded,廃止,H04N 1/04 101 Z,H04N 1/04,その他のもの,
uploaded,廃止,H04N 1/04 102,H04N 1/04,・・画像信号変復調回路,
uploaded,廃止,H04N 1/04 103,H04N 1/04,・・量子化回路,
uploaded,廃止,H04N 1/04 103 A,H04N 1/403,２値化〔白黒〕,
uploaded,廃止,H04N 1/04 103 B,H04N 1/04,多値化〔中間調〕,
uploaded,廃止,H04N 1/04 103 C,H04N 1/46,カラ－,
uploaded,廃止,H04N 1/04 103 Z,H04N 1/04,その他のもの,
uploaded,廃止,H04N 1/04 104,H04N 1/405,・・網点化グレイ回路,
uploaded,廃止,H04N 1/04 B,H04N 1/405,中間調処理,
uploaded,廃止,H04N 1/04 C,H04N 1/405,デイザマトリツクス,
uploaded,廃止,H04N 1/04 D,H04N 1/46,カラ－処理,
uploaded,廃止,H04N 1/04 F,H04N 1/04,文字領域と画領域の認識,
uploaded,廃止,H04N 1/04 Z,H04N 1/04,その他,
uploaded,廃止,H04N 1/41 A,H04N 1/41,中間調の多値化による圧縮,
uploaded,廃止,H04N 1/41 B,H04N 1/41,中間調の符号化復号化〔例．ビツトプレ－ン，デイザ画像〕,
uploaded,廃止,H04N 1/41 C,H04N 1/41,カラ－の符号化復号化,
uploaded,廃止,H04N 1/41 Z,H04N 1/41,その他のもの〔例．文字コ－ド，ＭＩＸモ－ド，ベクトル符号化，アダマ－ル変換符号化〕,
uploaded,廃止,H04N 1/413 A,H04N 1/413,走査速度の変更,
uploaded,廃止,H04N 1/413 B,H04N 1/413,多値信号への変換,
uploaded,廃止,H04N 1/413 C,H04N 1/413,位相変調,
uploaded,廃止,H04N 1/413 D,H04N 1/413,符号化方式の選択,
uploaded,廃止,H04N 1/413 Z,H04N 1/413,その他のもの,
uploaded,廃止,H04N 1/46 A,H04N 1/48,読み取りに関する処理、例カラ－ゴ－スト除去、カラ－バランス、読み取りヘツドの出力からの色判別,
uploaded,廃止,H04N 1/46 B,H04N 1/52,カラ－疑似中間調方式、例スクリ－ン角,
uploaded,廃止,H04N 1/46 C,H04N 1/46,原色数モ－ドの切り換え、交換、例モノクロモ－ドとフルカラ－モ－ド（下色除去→Ｈ０４Ｎ１／４０Ｄ）,
uploaded,廃止,H04N 1/46 Z,H04N 1/46,その他のもの,
uploaded,廃止,H04N 13/00 030,H04N 13/01,・立体画像信号のコード化，多重化，処理，記録または伝送（テレビジョン信号の帯域幅圧縮Ｈ０４Ｎ１９／００；汎用の画像データ処理のための画像コード化Ｇ０６Ｔ９／００；選択的なコンテンツ配信，例．双方向テレビジョン，ＶＯＤＨ０４Ｎ２１／００；ビデオストリームと他のコンテンツまたは付加データの組合せによる多重ストリーム，例．トランスポートストリーム，の組立て，多重ストリームの再多重化，スタッフィング・ビットの多重ストリームへの挿入，ＰＥＳの組立てＨ０４Ｎ２１／２３６；多重ストリームの解体，例．音声ストリームと映像ストリームの多重分離あるいはビデオストリームからの付加データの抽出；多重ストリームの再多重化；クライアント側でのＳＩの抽出または処理；ＰＥＳの解体Ｈ０４Ｎ２１／４３４）,
uploaded,廃止,H04N 13/00 070,H04N 13/106,・・立体画像信号の処理（Ｈ０４Ｎ１９／５９７，Ｈ０４Ｎ１３／００，４００が優先，画像処理それ自体Ｇ０６Ｔ）,
uploaded,廃止,H04N 13/00 110,H04N 13/111,・・・仮想視点に対応する立体画像信号の変換，例．画像の空間的補間,
uploaded,廃止,H04N 13/00 140,H04N 13/117,・・・・仮想視点が観察者により選択されるもの，例．ルックアラウンドエフェクトを伴う観察者トラッキング（Ｈ０４Ｎ１３／０２，７８０が優先）,
uploaded,廃止,H04N 13/00 180,H04N 13/122,・・・画像コンテンツの修正，例．フィルタリングまたは単視点デプスキューの付加，による３Ｄ効果の改善,
uploaded,廃止,H04N 13/00 220,H04N 13/128,・・・デプスまたは視差調整の観点,
uploaded,廃止,H04N 13/00 250,H04N 13/133,・・・立体画像における画像成分間の特性の均一化，例．明るさまたは色バランスの平均化,
uploaded,廃止,H04N 13/00 290,H04N 13/139,・・・立体画像，例．フレームレートまたはサイズ，のフォーマット変換（標準方式の変換それ自体Ｈ０４Ｎ７／０１；家庭用の再分配，蓄積またはリアルタイムの表示のためのクライアントサイドでのビデオ信号の再フォーマット処理を含むものＨ０４Ｎ２１／４４０２；配信するため，またはエンドユーザの要求またはエンドユーザの装置の要求に応じるための，ビデオ信号のサーバーサイドでの再フォーマット操作を含むものＨ０４Ｎ２１／２３４３）,
uploaded,廃止,H04N 13/00 330,H04N 13/144,・・・フリッカおよび／または眼精疲労低減の観点,
uploaded,廃止,H04N 13/00 370,H04N 13/15,・・色の観点（色信号処理それ自体Ｈ０４Ｎ９／６４）,
uploaded,廃止,H04N 13/00 400,H04N 13/156,・・立体画像信号の混合,
uploaded,廃止,H04N 13/00 440,H04N 13/01,・・立体画像信号の切り換え,
uploaded,廃止,H04N 13/00 480,H04N 13/161,・・立体画像信号における異なる画像信号成分の符号化，多重化または逆多重化（Ｈ０４Ｎ１９／５９７が優先；ビデオストリームと他のコンテンツまたは付加データの組合せによる多重ストリーム，例．トランスポートストリーム，の組立て，多重ストリームの再多重化，スタッフィング・ビットの多重ストリームへの挿入，ＰＥＳの組立てＨ０４Ｎ２１／２３６；多重ストリームの解体，例．音声ストリームと映像ストリームの多重分離あるいはビデオストリームからの付加データの抽出；多重ストリームの再多重化；クライアント側でのＳＩの抽出または処理；ＰＥＳの解体Ｈ０４Ｎ２１／４３４）,
uploaded,廃止,H04N 13/00 510,H04N 13/167,・・同期または制御の観点（サーバーサイドでの同期処理，例．ＰＣＲの処理Ｈ０４Ｎ２１／２４２；サーバからネットワーク構成部分またはクライアントに対して発行される制御信号Ｈ０４Ｎ２１／６３３；クライアントからサーバまたはネットワーク構成部分に対して発行される制御信号Ｈ０４Ｎ２１／６３７；クライアントとサーバの間の管理データの伝送Ｈ０４Ｎ２１／６５）,
uploaded,廃止,H04N 13/00 550,H04N 13/189,・・立体画像信号の記録または再生,
uploaded,廃止,H04N 13/00 590,H04N 13/194,・・立体画像信号の伝送（選択的なコンテンツ配信，例．双方向テレビジョン，ＶＯＤＨ０４Ｎ２１／００；ビデオストリームと他のコンテンツまたは付加データの組合せによる多重ストリーム，例．トランスポートストリーム，の組立て，多重ストリームの再多重化，スタッフィング・ビットの多重ストリームへの挿入，ＰＥＳの組立てＨ０４Ｎ２１／２３６；多重ストリームの解体，例．音声ストリームと映像ストリームの多重分離あるいはビデオストリームからの付加データの抽出；多重ストリームの再多重化；クライアント側でのＳＩの抽出または処理；ＰＥＳの解体Ｈ０４Ｎ２１／４３４；サーバーサイドで選択的なコンテンツ配信のために伝送ネットワークの下り経路をインターフェースすることＨ０４Ｎ２１／２３８；クライアントサイドで選択的なコンテンツ配信のためにサーバから発せられる伝送ネットワークの下り経路をインターフェースすることＨ０４Ｎ２１／４３８）,
uploaded,廃止,H04N 13/00 620,H04N 13/172,・・画像信号が非画像信号成分，例．メタデータ，ヘッダ，フォーマット情報または字幕，を含むもの,
uploaded,廃止,H04N 13/00 660,H04N 13/178,・・・メタデータ（選択的なコンテンツ配信における記述データ，例．コンテンツ記述，の生成または処理Ｈ０４Ｎ２１／８４）,
uploaded,廃止,H04N 13/00 700,H04N 13/183,・・・字幕または他のＯＳＤ情報，例．メニュー（選択的なコンテンツ配信におけるデータ・サービス，例．ニュース・ティッカーＨ０４Ｎ２１／４８８）,
uploaded,廃止,H04N 13/02,H04N 13/02,・画像信号発生装置［４］,
uploaded,廃止,H04N 13/02 030,H04N 13/204,・・立体カメラを用いるもの（立体写真撮影Ｇ０３Ｂ３５／００）,
uploaded,廃止,H04N 13/02 070,H04N 13/207,・・・単一の２Ｄイメージセンサを含むもの,
uploaded,廃止,H04N 13/02 100,H04N 13/211,・・・・時間多重を利用するもの，すなわち，いくつかの幾何学的な視点位置を異なる時間に選択的に捕捉するもの（Ｈ０４Ｎ１３／０２，２１０が優先）,
uploaded,廃止,H04N 13/02 140,H04N 13/214,・・・・スペクトル多重を利用するもの，すなわち，異なるスペクトル特性によって分離されるいくつかの幾何学的な視点位置を同時に捕捉するもの,
uploaded,廃止,H04N 13/02 170,H04N 13/218,・・・・空間多重を利用するもの，すなわち，いくつかの幾何学的な視点位置をイメージセンサの異なる部分によって同時に捕捉するもの,
uploaded,廃止,H04N 13/02 210,H04N 13/221,・・・・カメラと対象物との間の相対的な動きを利用するもの,
uploaded,廃止,H04N 13/02 250,H04N 13/225,・・・・視差バリアを有するもの,
uploaded,廃止,H04N 13/02 280,H04N 13/229,・・・・レンチキュラスクリーンを有するもの（Ｈ０４Ｎ１３／０２，３２０が優先）,
uploaded,廃止,H04N 13/02 320,H04N 13/232,・・・・フライアイレンチキュラスクリーンを有するもの,
uploaded,廃止,H04N 13/02 350,H04N 13/236,・・・・可変焦点式レンズまたはミラーを有するもの,
uploaded,廃止,H04N 13/02 390,H04N 13/239,・・・眼間距離に相当する２つの２Ｄイメージセンサを有するもの,
uploaded,廃止,H04N 13/02 420,H04N 13/243,・・・３以上の２Ｄイメージセンサを有するもの,
uploaded,廃止,H04N 13/02 460,H04N 13/246,・・・立体カメラの制御に関連するキャリブレーションの観点,
uploaded,廃止,H04N 13/02 500,H04N 13/25,・・・視点位置または視界以外の特性が異なるいくつかのイメージセンサを有するもの，例．解像度，カラーピックアップ特性もしくは付加的なデプス情報が異なるものまたは１つのイメージセンサによる画像信号が少なくとも他の１つのピックアップセンサの特性を制御するのに用いられるもの,
uploaded,廃止,H04N 13/02 530,H04N 13/254,・・・被写体を照らす電磁放射線源と組合わせるもの,
uploaded,廃止,H04N 13/02 570,H04N 13/257,・・色の観点（色信号処理それ自体Ｈ０４Ｎ９／６４）,
uploaded,廃止,H04N 13/02 600,H04N 13/261,・・単視点画像から立体画像への変換によるもの（Ｈ０４Ｎ１３／０２，２１０が優先）,
uploaded,廃止,H04N 13/02 640,H04N 13/264,・・・２つのビデオフレームまたはフィールド間の相対的な動きを利用するもの,
uploaded,廃止,H04N 13/02 670,H04N 13/261,・・・フィルムスキャンによるもの,
uploaded,廃止,H04N 13/02 710,H04N 13/271,・・生成された画像信号がデプスマップまたは視差マップを含むもの,
uploaded,廃止,H04N 13/02 750,H04N 13/275,・・３Ｄオブジェクトモデル，例．コンピュータにより生成された立体画像信号，によって発生させるもの,
uploaded,廃止,H04N 13/02 780,H04N 13/279,・・・仮想視点が観察者により選択されるもの，例．観察者トラッキング,
uploaded,廃止,H04N 13/02 820,H04N 13/282,・・３以上の幾何学的な視点位置に対応する立体画像信号を発生させるためのもの，例．マルチビューシステム,
uploaded,廃止,H04N 13/02 850,H04N 13/286,・・単視点モードおよび立体モードを有するもの,
uploaded,廃止,H04N 13/02 890,H04N 13/289,・・・前記モード間の切り換えに関連する細部,
uploaded,廃止,H04N 13/02 920,H04N 13/293,・・混合された単視点画像／立体画像を生成するもの，例．単視点の背景画像にオーバーレイされた立体画像ウインドウ,
uploaded,廃止,H04N 13/02 960,H04N 13/296,・・同期または制御の観点（サーバーサイドでの同期処理，例．ＰＣＲの処理Ｈ０４Ｎ２１／２４２）,
uploaded,廃止,H04N 13/04,H04N 13/03,・画像再生装置［４］,
uploaded,廃止,H04N 13/04 020,H04N 13/302,・・裸眼立体ディスプレイを用いるもの，すなわち，専用メガネを用いないで視聴するもの,
uploaded,廃止,H04N 13/04 040,H04N 13/305,・・・レンチキュラスクリーンを用いるもの（Ｈ０４Ｎ１３／０４，０６０が優先）,
uploaded,廃止,H04N 13/04 060,H04N 13/307,・・・フライアイレンチキュラスクリーンを用いるもの,
uploaded,廃止,H04N 13/04 090,H04N 13/31,・・・視差バリア，例．空間光変調器，を用いるもの,
uploaded,廃止,H04N 13/04 110,H04N 13/312,・・・・視差バリアが空間光変調器の背後，例．バックライトと空間光変調器との間，に配置されるもの,
uploaded,廃止,H04N 13/04 130,H04N 13/315,・・・・視差バリアが時間変化するもの,
uploaded,廃止,H04N 13/04 150,H04N 13/317,・・・傾斜した視差光学系によるもの,
uploaded,廃止,H04N 13/04 180,H04N 13/32,・・・可制御光源アレイまたは可動式アパーチャもしくは光源を用いるもの,
uploaded,廃止,H04N 13/04 200,H04N 13/322,・・・可変焦点式レンズまたはミラーを用いるもの,
uploaded,廃止,H04N 13/04 220,H04N 13/324,・・色の観点（色信号処理それ自体Ｈ０４Ｎ９／６４）,
uploaded,廃止,H04N 13/04 250,H04N 13/327,・・キャリブレーションの観点,
uploaded,廃止,H04N 13/04 270,H04N 13/365,・・ＤＭＤを用いるもの,
uploaded,廃止,H04N 13/04 290,H04N 13/332,・・専用メガネまたはＨＭＤを利用して視聴，すなわち，立体表示するためのもの（眼鏡またはゴーグルであって眼鏡と同一の特徴を有する限りＧ０２Ｃ）,
uploaded,廃止,H04N 13/04 310,H04N 13/334,・・・スペクトル多重によるもの，すなわち，スペクトル特性の異なるメガネにより分離される左右画像を同時に表示するもの，例．アナグリフ方式またはプルフリッヒ方式,
uploaded,廃止,H04N 13/04 340,H04N 13/337,・・・偏光多重によるもの，すなわち，偏光特性の異なるメガネにより分離される左右画像を同時に表示するもの,
uploaded,廃止,H04N 13/04 360,H04N 13/339,・・・空間多重によるもの，すなわち，表示画面上の異なる領域に左右画像を同時に表示するとともに立体画像を光学的に再結合するメガネを用いるもの，例．プリズムまたはミラーの利用（Ｈ０４Ｎ１３／０４，３４０が優先）,
uploaded,廃止,H04N 13/04 380,H04N 13/341,・・・時間多重によるもの，すなわち，左右画像を時間的に交互に表示するとともに左右の眼を交互に遮断するメガネを用いるもの,
uploaded,廃止,H04N 13/04 400,H04N 13/344,・・・頭部装着型左右ディスプレイによるもの,
uploaded,廃止,H04N 13/04 430,H04N 13/346,・・ハーフミラーまたはプリズムを用いるもの,
uploaded,廃止,H04N 13/04 450,H04N 13/349,・・３以上の幾何学的な視点位置を観察者トラッキング無しで表示するためのもの，すなわち，マルチビューディスプレイ,
uploaded,廃止,H04N 13/04 470,H04N 13/351,・・・同時に表示するためのもの,
uploaded,廃止,H04N 13/04 500,H04N 13/354,・・・順に表示するためのもの,
uploaded,廃止,H04N 13/04 520,H04N 13/356,・・単視点モードおよび立体モードを有するもの,
uploaded,廃止,H04N 13/04 540,H04N 13/359,・・・モード切り換えの細部,
uploaded,廃止,H04N 13/04 560,H04N 13/361,・・混合された単視点画像または立体画像を生成するもの，例．単視点の背景画像上にオーバーレイされた立体画像ウインドウ,
uploaded,廃止,H04N 13/04 590,H04N 13/363,・・プロジェクションスクリーンを用いるもの（Ｈ０４Ｎ１３／０４，９３０，Ｈ０４Ｎ１３／０４，９５０が優先）,
uploaded,廃止,H04N 13/04 680,H04N 13/366,・・観察者トラッキングを利用するもの,
uploaded,廃止,H04N 13/04 700,H04N 13/368,・・・いく人かの観察者のためのもの,
uploaded,廃止,H04N 13/04 720,H04N 13/371,・・・眼間距離の可変によりまたは頭部の垂直軸周りの回転をトラッキングするためのもの,
uploaded,廃止,H04N 13/04 750,H04N 13/373,・・・頭部の前後の平行移動，すなわち，縦の動き，をトラッキングするためのもの,
uploaded,廃止,H04N 13/04 770,H04N 13/376,・・・頭部の左右の平行移動，すなわち，横の動き，をトラッキングするためのもの,
uploaded,廃止,H04N 13/04 790,H04N 13/378,・・・頭部の画面と平行な面内での回転をトラッキングするためのもの,
uploaded,廃止,H04N 13/04 810,H04N 13/38,・・・頭部の垂直方向の平行移動をトラッキングするためのもの,
uploaded,廃止,H04N 13/04 840,H04N 13/383,・・・注視検知，すなわち，観察者の視線検知，によりトラッキングするためのもの,
uploaded,廃止,H04N 13/04 860,H04N 13/385,・・表示画面上で左右画像の位置を瞬時に交換するもの,
uploaded,廃止,H04N 13/04 880,H04N 13/388,・・ボリュームディスプレイ，例．ボリューム上に配置された画像成分から画像が構築されるシステム,
uploaded,廃止,H04N 13/04 900,H04N 13/39,・・・画像成分が光を放つものであって一対の光線が透明素材中で交わるもの,
uploaded,廃止,H04N 13/04 930,H04N 13/393,・・・ボリュームが面の動き，例．振動または回転，により生成されるもの,
uploaded,廃止,H04N 13/04 950,H04N 13/395,・・・デプスサンプリングによるもの，すなわち，ボリュームが２Ｄ画像プレーンの堆積または連続から構成されるもの,
uploaded,廃止,H04N 13/04 970,H04N 13/398,・・同期または制御の観点（サーバーサイドでの同期処理，例．ＰＣＲの処理Ｈ０４Ｎ２１／２４２）,
uploaded,廃止,H04N 15/00,H04N 13/15,立体カラーテレビジョン方式；その細部［４］,
uploaded,廃止,H04W 4/02 110,H04W 4/021,・・地域情報サービス,
uploaded,廃止,H04W 4/02 130,H04W 4/024,・・携帯端末を使った道案内［ナビゲーション］,
uploaded,廃止,H04W 4/02 150,H04W 4/029,・・位置管理；通話相手の位置表示,
uploaded,廃止,H04W 4/04,H04W 4/03,・・専用の環境，例．ビル，車［２００９．０１］,
uploaded,廃止,H04W 4/04 110,H04W 4/04,・・・自動車,
uploaded,廃止,H04W 4/04 111,H04W 4/44,・・・・路車間,
uploaded,廃止,H04W 4/04 113,H04W 4/46,・・・・車車間,
uploaded,廃止,H04W 4/04 115,H04W 4/48,・・・・車内通信,
uploaded,廃止,H04W 4/04 130,H04W 4/42,・・・列車,
uploaded,廃止,H04W 4/04 150,H04W 4/04,・・・その他の乗り物,
uploaded,廃止,H04W 4/04 170,H04W 4/35,・・・商品，物品管理,
uploaded,廃止,H04W 4/04 190,H04W 4/38,・・・センサー情報の収集のためのもの,
uploaded,廃止,H04W 4/22,H04W 76/05,・緊急接続処理［２００９．０１］,
uploaded,廃止,H04W 4/26,H04W 4/24,・・使用状況の測定［２００９．０１］,
uploaded,廃止,H04W 76/02,H04W 76/01,・接続の設定［２００９．０１］,
uploaded,廃止,H04W 76/02 110,H04W 76/01 110,・・フラッディングを使用するもの,
uploaded,廃止,H04W 76/02 130,H04W 76/01 130,・・ポインタ情報の転送,
uploaded,廃止,H04W 76/04,H04W 76/02,・接続中制御［２００９．０１］,
uploaded,廃止,H04W 76/06,H04W 76/03,・接続解除［２００９．０１］,
uploaded,タイトル変更,A01G 7/00,A01G 7/00,植物の生態一般（土なし栽培Ａ０１Ｇ３１／００）,植物生態一般（土なし栽培Ａ０１Ｇ３１／００）
uploaded,タイトル変更,A01N 25/18 103,A01N 25/18 103,・・燻蒸散：加熱蒸散剤〔濃薬を間接加熱して有効成分を気化させるもの〕〔燻蒸と燻煙が区別できない場合は間接加熱２５／１８，１０３，直接加熱２５／２０〕,・・燻蒸散：加熱蒸散剤〔農薬を間接加熱して有効成分を気化させるもの〕〔燻蒸と燻煙が区別できない場合は間接加熱２５／１８，１０３，直接加熱２５／２０〕
uploaded,タイトル変更,A21D 2/00,A21D 2/00,ベイキング前または最中の添加材料による穀粉または生地の処理（Ａ２１Ｄ１０／００が優先）［２，８］,ベイキング前または最中の添加材料による穀粉または生地の処理（ベイキング前のバッター，生地またはその混合物Ａ２１Ｄ１０／００）［２，８］
uploaded,タイトル変更,A21D 8/00,A21D 8/00,生地仕込またはベイキングの方法（Ａ２１Ｄ２／００が優先）,生地の仕込またはベイキングの方法（添加材料による穀粉または生地の処理Ａ２１Ｄ２／００）
uploaded,タイトル変更,A21D 8/02,A21D 8/02,・生地の仕込法；ベイキングに先立つ生地の処理（生地の製造または加工の機械または装置Ａ２１Ｃ）,・生地の仕込法；ベイキングに先立つ生地の処理
uploaded,タイトル変更,A21D 8/06,A21D 8/06,・ベイキング加工（ベイカー用焼がまＡ２１Ｂ）,・ベイキング加工
uploaded,タイトル変更,A21D 15/00,A21D 15/00,ベイカリー製品の貯蔵；改良（再生Ａ２１Ｄ１７／００；ベイカリー製品の包装Ｂ６５Ｂ，例．Ｂ６５Ｂ２３／１０，Ｂ６５Ｂ２５／１６）［２］,ベイカリー製品の貯蔵；改良（再生Ａ２１Ｄ１７／００）［２］
uploaded,タイトル変更,A21D 17/00,A21D 17/00,ベイカリー製品の再生（改良Ａ２１Ｄ１５／００）［２］,ベイカリー製品の再生［２］
uploaded,タイトル変更,A23B 9/02,A23B 9/02,・・・ＣＯ↓２，Ｎ↓２，Ｏ↓２，Ｈ↓２Ｏのみからなる製御された雰囲気，例．減圧，中で行なうもの［５］,・・・ＣＯ↓２，Ｎ↓２，Ｏ↓２，Ｈ↓２Ｏのみからなる制御された雰囲気，例．減圧，中で行なうもの［５］
uploaded,タイトル変更,A41D 1/00,A41D 1/00,衣服（子供用Ａ４１Ｄ１１／００）,衣服（子供用Ａ４１Ｄ１１／００）［２０１８．０１］
uploaded,タイトル変更,A41D 1/00 101 E,A41D 1/00 101 E,和洋折衷型衣服〔じん平を含む〕,和洋折衷型衣服，例．じん平
uploaded,タイトル変更,A41D 1/00 101 H,A41D 1/00 101 H,・和服用裏地〔例．胴裏・八掛〕,・和服用裏地，例．胴裏または八掛
uploaded,タイトル変更,A41D 1/00 A,A41D 1/00 A,簡略的に身体を覆うもの〔例．貫頭衣〕,簡略的に身体を覆うもの，例．貫頭衣
uploaded,タイトル変更,A41D 1/00 B,A41D 1/00 B,・更衣用カバ－,・更衣用カバー
uploaded,タイトル変更,A41D 1/00 G,A41D 1/00 G,衣服の半製品又はパ－ツを組立てることにより得られる衣服,・衣服の半製品又はパーツを組立てることにより得られる衣服
uploaded,タイトル変更,A41D 1/02 A,A41D 1/02 A,背広又はジヤケツト〔ブレザ－コ－トを含む〕,背広又はジャケット，例．ブレザーコート
uploaded,タイトル変更,A41D 1/02 C,A41D 1/02 C,ジヤンパ－〔ブルゾンを含む〕,ジャンパー，例．ブルゾン
uploaded,タイトル変更,A41D 1/04,A41D 1/04,・チョッキ，ニットシャツ，セーター，または類似のもの,・チョッキ，ニットシャツ，セーターまたは類似のもの
uploaded,タイトル変更,A41D 1/04 A,A41D 1/04 A,チヨツキ,チョッキ
uploaded,タイトル変更,A41D 1/04 B,A41D 1/04 B,・肩〔および／又は〕脇に開口部を有するもの,・肩および／又は脇に開口部を有するもの
uploaded,タイトル変更,A41D 1/04 C,A41D 1/04 C,・多層構造より成るもの〔両面使用できるものを含む〕,・多層構造より成るもの，例．両面使用できるもの
uploaded,タイトル変更,A41D 1/04 F,A41D 1/04 F,・他の衣服からチヨツキに変形することが可能なもの,・他の衣服からチョッキに変形することが可能なもの
uploaded,タイトル変更,A41D 1/04 G,A41D 1/04 G,・チヨツキの付属具,・チョッキの付属具
uploaded,タイトル変更,A41D 1/04 Q,A41D 1/04 Q,セ－タ－,セーター
uploaded,タイトル変更,A41D 1/04 T,A41D 1/04 T,・前部に開きを有するもの〔例．カ－デイガン〕,・前部に開きを有するもの，例．カーディガン
uploaded,タイトル変更,A41D 1/06 502 F,A41D 1/06 502 F,・スライドフアスナ－によるもの,・スライドファスナーによるもの
uploaded,タイトル変更,A41D 1/06 502 G,A41D 1/06 502 G,・ベルベツト式フアスナ－によるもの,・ベルベット式ファスナーによるもの
uploaded,タイトル変更,A41D 1/06 502 K,A41D 1/06 502 K,・釦・スナツプ・鈎ホツク等の留具によるもの,・釦，スナップまたは鈎ホックなどの留具によるもの
uploaded,タイトル変更,A41D 1/06 502 L,A41D 1/06 502 L,・バツクルによるもの,・バックルによるもの
uploaded,タイトル変更,A41D 1/06 503 D,A41D 1/06 503 D,コ－テイングを施したもの,コーティングを施したもの
uploaded,タイトル変更,A41D 1/06 N,A41D 1/06 N,特にズボンに適用されるポケツト,特にズボンに適用されるポケット
uploaded,タイトル変更,A41D 1/08,A41D 1/08,・・スポーツ用，例．スキーズボン，乗馬ズボン,・・スポーツ用に特に適合したもの［２０１８．０１］
uploaded,タイトル変更,A41D 1/14 502 D,A41D 1/14 502 D,・コ－テイングを施したもの,・コーティングを施したもの
uploaded,タイトル変更,A41D 1/14 A,A41D 1/14 A,プリ－ツを形成したもの,プリーツを形成したもの
uploaded,タイトル変更,A41D 1/14 B,A41D 1/14 B,平面状に展開することが可能なもの〔例．巻スカ－ト〕,平面状に展開することが可能なもの，例．巻スカート
uploaded,タイトル変更,A41D 1/14 D,A41D 1/14 D,股部を有するもの又は股部を形成可能なもの〔例．キユロツトスカ－ト〕,股部を有するもの又は股部を形成可能なもの，例．キュロットスカート
uploaded,タイトル変更,A41D 1/14 G,A41D 1/14 G,スカ－トの製造方法又は装置,スカートの製造方法又は装置
uploaded,タイトル変更,A41D 1/22,A41D 1/22,・その他の婦人服,・他に分類されない，女性に特に適合した衣服［２０１８．０１］
uploaded,タイトル変更,A41D 1/22 A,A41D 1/22 A,ワンピ－ス,ワンピース
uploaded,タイトル変更,A47K 3/00,A47K 3/00,浴槽；灌水器；それらの付属品（医療用のものＡ６１Ｈ，Ｍ，例．特に治療または保健を目的とした入浴装置Ａ６１Ｈ３３／００）,浴槽；シャワー；それらの付属品（医療用のものＡ６１Ｈ，Ｍ，例．特に治療または保健を目的とした入浴装置Ａ６１Ｈ３３／００）
uploaded,タイトル変更,A47K 3/00 A,A47K 3/00 A,バスマツト,バスマット
uploaded,タイトル変更,A47K 3/00 E,A47K 3/00 E,・浴湯の循環［Ｋを優先］,・浴湯の循環（Ａ４７Ｋ３／００Ｋを優先）
uploaded,タイトル変更,A47K 3/02,A47K 3/02,・浴槽（加熱しうるものＦ２４Ｈ）,・浴槽（シャワーとの組み合わせＡ４７Ｋ３／２０；加熱できるものＦ２４Ｈ）［１，７］
uploaded,タイトル変更,A47K 3/022,A47K 3/022,・・特に特殊な使用に適用されるもの，例．足を洗うためのもの，すわったままで入浴するためのもの（組み立て式の浴槽３／０６２）,・・特に特殊な使用に適用されるもの，例．足を洗うためのもの，すわったままで入浴するためのもの（組み立て式の浴槽Ａ４７Ｋ３／０６２）
uploaded,タイトル変更,A47K 3/03,A47K 3/03,・・他の浴槽，流し，洗面器または類似のものに取付けうるもの（折りたたみ式の浴槽３／０７）,・・他の浴槽，流し，洗面器または類似のものに取付けうるもの（折りたたみ式の浴槽Ａ４７Ｋ３／０７）
uploaded,タイトル変更,A47K 3/08,A47K 3/08,・・キャビネット形浴槽（組み立て式のシャワー浴槽キャビネット３／２３）,・・キャビネット型浴槽（シャワーキャビネットＡ４７Ｋ３／３０）
uploaded,タイトル変更,A47K 3/02,A47K 3/02,・灌水器と組み合わされたもの,・シャワーと組み合わせた浴槽
uploaded,タイトル変更,A61B 5/00,A61B 5/00,診断のための測定または記録方法または機器（放射線診断６／００；超音波，音波または亜音波による診断８／００；測定または記録一般Ｇ０１；臨床用体温計Ｇ０１Ｋ５／２２；特殊目的の温度計Ｇ０１Ｋ１３／００）；個体の識別,診断のための検出，測定または記録（放射線診断Ａ６１Ｂ６／００；超音波，音波または亜音波による診断のための測定Ａ６１Ｂ８／００）；個体の識別
uploaded,タイトル変更,A61B 5/00 101,A61B 5/00 101,・人体またはその部分の色，熱，圧力，振動の測定,・人体またはその部分の色，圧力または振動の測定
uploaded,タイトル変更,A61B 5/00 101 L,A61B 5/00 101 L,圧力の測定〔血圧５／０２　３３０〕,圧力の測定（心臓または血管内の圧力を測定するものはＡ６１Ｂ５／０２　６００）
uploaded,タイトル変更,A61B 5/00 101 M,A61B 5/00 101 M,・体内圧の測定〔Ｎ，Ｐ，Ｑが優先〕,・体内圧の測定（Ａ６１Ｂ５／００　１００Ｎ，Ａ６１Ｂ５／００　１００Ｐ，Ａ６１Ｂ５／００　１００Ｑが優先）
uploaded,タイトル変更,A61B 5/00 101 Q,A61B 5/00 101 Q,・陣痛計〔子宮内圧の測定を含む〕,・陣痛計，例．子宮内圧の測定
uploaded,タイトル変更,A61B 5/00 G,A61B 5/00 G,診断用デ－タの処理〔Ｃが優先，医用デイジタルデ－タの処理Ｇ０６Ｆ１５／４２，カルテＢ４２Ｄ１５／００〕,診断用デ－タの処理（診断用測定記録装置の信号処理部はＡ６１Ｂ５／００Ｃ，医用イメージの処理はＧ０６Ｔ１／００　２９０，患者記録管理はＧ０６Ｑ５０／２４）
uploaded,タイトル変更,A61B 5/00 L,A61B 5/00 L,診断用デ－タの測定,診断用データの測定
uploaded,タイトル変更,A61B 5/00 P,A61B 5/00 P,・陣痛計〔圧力によるもの１０１Ｑ〕,・陣痛計（圧力によるものはＡ６１Ｂ５／００　１０１Ｑ）
uploaded,タイトル変更,A61B 5/02,A61B 5/02,・脈はく，心拍，血圧または血流の測定または記録機器；脈はく，心拍，血圧測定機器を相互に結合したもの；上記のような機器と心電計または電気聴診器との結合；血圧測定用心臓カテーテル,・脈拍，心拍，血圧または血流の測定；結合された脈拍／心拍／血圧の測定；他に分類されない心臓血管の状態の評価，例．このグループに分類される技術と心電計との結合を用いるもの；血圧測定用心臓カテーテル［５］
uploaded,タイトル変更,A61B 5/03,A61B 5/03,・血圧を除く人体内の流体圧力の測定または記録，例．脳圧（流体圧力の測定一般Ｇ０１Ｌ）,・血圧を除く人体内の流体圧力の測定，例．脳圧（流体圧力の測定Ｇ０１Ｌ）［４］
uploaded,タイトル変更,A61B 5/06,A61B 5/06,・放射線を用いずに異物を検出または探知するための用具（異物を取出すためのもの１７／５０）,・放射線を用いずに異物を検出または探知するための用具（異物を取出すためのものＡ６１Ｂ１７／５０）
uploaded,タイトル変更,A61B 5/07 100,A61B 5/07 100,・・撮像［超音波撮像を含む］以外の検査手段を有する内部ラジオゾンデ［カプセル型ＰＨセンサ等］,・・超音波撮像を含む撮像以外の検査手段を有する内部ラジオゾンデ，例．カプセル型ＰＨセンサ
uploaded,タイトル変更,A61B 5/08,A61B 5/08,・呼吸器官評価用の検知，測定または記録用装置（５／０２０５が優先）,・呼吸器官評価用の測定用装置（Ａ６１Ｂ５／０２０５が優先）［５］
uploaded,タイトル変更,A61B 5/16,A61B 5/16,・心理検査のための用具（能力検査Ｇ０９Ｂ１／００～５／００）；反応時間の検査,・心理検査のための用具（教習または教育用具の使用Ｇ０９Ｂ１／００～Ｇ０９Ｂ７／００）；反応時間の検査
uploaded,タイトル変更,A61B 5/02,A61B 5/02,・泌尿器機能の検査（尿の分析Ｇ０１Ｎ）,・泌尿器機能の検査［４］
uploaded,タイトル変更,A61B 5/22,A61B 5/22,・筋肉の仕事量の測定；筋肉の強さまたは筋肉による打撃力の測定（仕事または力の測定一般Ｇ０１Ｌ）,・筋肉の仕事量の測定；筋肉の強さまたは筋肉による打撃力の測定［４］
uploaded,タイトル変更,A61B 6/03 320 Q,A61B 6/03 320 Q,・検出器原現,・検出器原理
uploaded,タイトル変更,A61L 27/36 300,A61L 27/36 300,・・身体における適用部位によって特徴付けられるもの（人工血管Ａ６１Ｌ２７／５０７；人工皮膚Ａ６１Ｌ２７／６０）,・・身体における適用部位によって特徴付けられるもの（人工血管Ａ６１Ｌ２７／５０，３００；人工皮膚Ａ６１Ｌ２７／６０）
uploaded,タイトル変更,A61L 27/36 320,A61L 27/36 320,・・・中空組織，例．膀胱、食道，尿道，子宮または腸,・・・中空組織，例．膀胱，食道，尿道，子宮または腸
uploaded,タイトル変更,A61L 27/36 410,A61L 27/36 410,・・・化学物質での処理によって特徴付けられるもの，例．酵素、界面活性剤，架橋剤または非石灰化剤,・・・化学物質での処理によって特徴付けられるもの，例．酵素，界面活性剤，架橋剤または非石灰化剤
uploaded,タイトル変更,A61L 27/38 100,A61L 27/38 100,・・・身体における適用部位によって特徴付けられるもの（人工血管はＡ６１Ｌ２７／５０７；人工皮膚はＡ６１Ｌ２７／６０）,・・・身体における適用部位によって特徴付けられるもの（人工血管はＡ６１Ｌ２７／５０，３００；人工皮膚はＡ６１Ｌ２７／６０）
uploaded,タイトル変更,B01J 2/00,B01J 2/00,物質の造粒プロセスまたは装置一般（金属の造粒Ｂ２２Ｆ９／００，スラグの造粒Ｃ０４Ｂ５／０２，鉱石またはスクラップの造粒Ｃ２２Ｂ１／１４；プラスチックまたは可塑状態の物質の造粒における機械的特徴Ｂ２９Ｂ９／００；化学組成によって特徴づけられる肥料の造粒プロセスは，Ｃ０５ＢからＧの関連グループを参照；高分子物質の粉末化または粒状化における化学的特徴Ｃ０８Ｊ３／１２）；粒子状物質の自由流動化一般，例．疎水化［４］,物質の造粒プロセスまたは装置一般；粒子状物質の自由流動化一般，例．疎水化［４］
uploaded,タイトル変更,B01J 3/00,B01J 3/00,物質の化学的または物理的変化を生じさせるため低圧または高圧を利用するプロセス；そのための装置（金属粉の成形または焼結のための装置Ｂ２２Ｆ３／００；圧力容器一般Ｆ１６Ｊ１２／００；圧搾ガス，液化ガスまたは固体化したガスの収容または貯蔵のための圧力容器Ｆ１７Ｃ；核反応のための圧力容器Ｇ２１Ｃ）［２］,物質の化学的または物理的変化を生じさせるため低圧または高圧を利用するプロセス；そのための装置（圧搾ガス，液化ガスまたは固体化したガスの収容または貯蔵のための圧力容器Ｆ１７Ｃ）［２］
uploaded,タイトル変更,B01J 8/00,B01J 8/00,流体および固体粒子の存在下で行なう，化学的または物理的プロセス一般；このようなプロセス用装置（物質の造粒プロセスまたは装置Ｂ０１Ｊ２／００；炉Ｆ２７Ｂ）［２］,流体および固体粒子の存在下で行なう，化学的または物理的プロセス一般；このようなプロセス用装置［２］
uploaded,タイトル変更,B01J 8/14,B01J 8/14,・・自由渦流装置内での移動によるもの（自由渦流装置一般Ｂ０４Ｃ）［２］,・・自由渦流装置内での移動によるもの［２］
uploaded,タイトル変更,B01J 8/24,B01J 8/24,・・流動床技術によるもの（Ｂ０１Ｊ８／２０が優先；燃焼が燃料または他の粒子の流体層で発生する燃焼装置Ｆ２３Ｃ１０／００）［２］,・・流動床技術によるもの（Ｂ０１Ｊ８／２０が優先）［２］
uploaded,タイトル変更,B01J 13/00,B01J 13/00,コロイド化学，例．他に分類されないコロイド状物質またはそれらの溶液の生成；マイクロカプセルまたはマイクロバルーンの製造（乳化剤，湿潤剤，分散剤または起泡剤としての物質の使用Ｂ０１Ｆ１７／００）,コロイド化学，例．他に分類されないコロイド状物質またはそれらの溶液の生成；マイクロカプセルまたはマイクロバルーンの製造
uploaded,タイトル変更,B01J 19/00,B01J 19/00,化学的，物理的，または物理化学的プロセス一般（繊維，より糸，糸，織物，羽毛またはこのような材料から製造された繊維製品の物理的処理は，このような処理に関する適当な箇所，例．Ｄ０６Ｍ１０／００を参照）；それらに関連した装置（水，廃水または下水の生物学的処理に特に適合したパッキング，充填材，グリッドＣ０２Ｆ３／１０；散水式冷却器に特に適合したはねかけ板または格子Ｆ２８Ｆ２５／０８）［３］,化学的，物理的または物理化学的プロセス一般；それらに関連した装置［３］
uploaded,タイトル変更,B01J 19/01,B01J 19/01,・・音波または超音波の利用（浄化されるガスまたは蒸気の補助的前処理のためのものＢ０１Ｄ５１／０８；清掃のためのものＢ０８Ｂ３／１２）［３］,・・音波または超音波の利用［３］
uploaded,タイトル変更,B01J 19/14,B01J 19/14,・不活性ガス混合物の製造；不活性ガスの使用一般（ガス発生装置Ｂ０１Ｊ７／００；ガスまたは蒸気の分離Ｂ０１Ｄ５３／００）［３］,・不活性ガス混合物の製造；不活性ガスの使用一般［３］
uploaded,タイトル変更,B01J 19/02,B01J 19/02,・・可動要素がらせん状のもの，例．スクリュー式反応装置（薄膜式反応装置Ｂ０１Ｊ１０／０２）［３］,・・可動要素がらせん状のもの，例．スクリュー式反応装置［３］
uploaded,タイトル変更,B01J 19/28,B01J 19/28,・移動式反応装置，例．回転ドラム（Ｂ０１Ｊ１９／０８が優先；回転ドラム式炉Ｆ２７Ｂ７／００）［３］,・移動式反応装置，例．回転ドラム（Ｂ０１Ｊ１９／０８が優先）［３］
uploaded,タイトル変更,B01J 20/00,B01J 20/00,固体収着組成物またはろ過助剤組成物；それらの調製、再生または再活性化のためのプロセス（液体分離における収着組成物の使用Ｂ０１Ｄ１５／００，ろ過助剤組成物の使用Ｂ０１Ｄ３７／０２；気体分離における収着組成物の使用Ｂ０１Ｄ５３／０２，５３／１４；カラムクロマトグラフイ用収着物質Ｇ０１Ｎ３０／４８）［３］,固体収着組成物またはろ過助剤組成物；クロマトグラフィー用収着剤；それらの調製，再生または再活性化のためのプロセス［３，８］
uploaded,タイトル変更,B01J 20/06,B01J 20/06,・・グループ２０／０４に分類されない金属の酸化物または水酸化物からなるもの［３］,・・グループＢ０１Ｊ２０／０４に分類されない金属の酸化物または水酸化物からなるもの［３］
uploaded,タイトル変更,B01J 20/16,B01J 20/16,・・・アルミノけい酸塩（２０／１２が優先）［３］,・・・アルミノけい酸塩（Ｂ０１Ｊ２０／１２が優先）［３］
uploaded,タイトル変更,B01J 20/02,B01J 20/02,・・遊離炭素からなるもの；炭化工程によって得られた炭素からなるもの（活性炭Ｃ０１Ｂ３１／０８）［３］,・・遊離炭素からなるもの；炭化工程によって得られた炭素からなるもの［３］
uploaded,タイトル変更,B01J 39/04,B01J 39/04,・有機交換体を用いるプロセス［３］,・有機交換体を用いるプロセス［２０１７．０１］
uploaded,タイトル変更,B01J 39/08,B01J 39/08,・陽イオン交換体としての物質の使用；陽イオン交換特性を改良するための物質の処理［３］,・陽イオン交換体としての物質の使用；陽イオン交換特性を改良するための物質の処理［２０１７．０１］
uploaded,タイトル変更,B01J 39/16,B01J 39/16,・・有機物質［３］,・・有機物質［２０１７．０１］
uploaded,タイトル変更,B01J 39/18,B01J 39/18,・・・高分子化合物［３］,・・・高分子化合物（Ｂ０１Ｊ３９／１７が優先）［２０１７．０１］
uploaded,タイトル変更,B01J 41/04,B01J 41/04,・有機交換体を用いるプロセス［３］,・有機交換体を用いるプロセス［２０１７．０１］
uploaded,タイトル変更,B01J 41/08,B01J 41/08,・陰イオン交換体としての物質の使用；陰イオン交換特性を改良するための物質の処理［３］,・陰イオン交換体としての物質の使用；陰イオン交換特性を改良するための物質の処理［２０１７．０１］
uploaded,タイトル変更,B01J 41/12,B01J 41/12,・・高分子化合物［３］,・・高分子化合物［２０１７．０１］
uploaded,タイトル変更,B01J 47/00,B01J 47/00,イオン交換プロセス一般；そのための装置（イオン交換クロマトグラフィーの方法または装置Ｂ０１Ｄ１５／０８）［３，８］,イオン交換プロセス一般；そのための装置（イオン交換クロマトグラフィーの方法または装置Ｂ０１Ｄ１５／０８）［２０１７．０１］
uploaded,タイトル変更,B01J 47/02,B01J 47/02,・塔式または床式プロセス［３］,・塔式または床式プロセス［２０１７．０１］
uploaded,タイトル変更,B01J 47/01,B01J 47/01,・イオン交換物質を移動させるもの；イオン交換物質を懸濁状または流動床状で用いるもの［３］,・イオン交換物質を移動させるもの；イオン交換物質を懸濁状または流動床状で用いるもの［２０１７．０１］
uploaded,タイトル変更,B01J 47/12,B01J 47/12,・イオン交換物質をシート，リボンまたはフィラメント状で用いることに特徴のあるもの，例．膜（電気透析，電気浸透Ｂ０１Ｄ６１／４２）［３］,・イオン交換物質をリボン，フィラメント，繊維またはシート状で用いることに特徴のあるもの，例．膜（電気透析，電気浸透Ｂ０１Ｄ６１／４２）［２０１７．０１］
uploaded,タイトル変更,B01J 47/14,B01J 47/14,・制御または調整［３］,・制御または調整［２０１７．０１］
uploaded,タイトル変更,B01J 49/00,B01J 49/00,イオン交換体の再生または再活性化；そのための装置（イオン交換クロマトグラフィーの方法または装置Ｂ０１Ｄ１５／０８）［３，８］,イオン交換体の再生または再活性化；そのための装置（イオン交換クロマトグラフィーの方法または装置Ｂ０１Ｄ１５／０８）［２０１７．０１］
uploaded,タイトル変更,B05B 12/00,B05B 12/00,噴霧システムにおける放出制御手段の配置または特殊な適合［２］,放出を制御するための装置；噴霧領域を制御するための装置［２０１８．０１］
uploaded,タイトル変更,B05B 15/00,B05B 15/00,他に分類されない噴霧設備または装置の細部；付属品［４］,他に分類されない噴霧設備または装置の細部；付属品［２０１８．０１］
uploaded,タイトル変更,B05C 15/00,B05C 15/00,装置の囲い；ブース（スプレーブースＢ０５Ｂ１５／１２）［４］,装置の囲い；ブース（スプレーブースＢ０５Ｂ１６／００）［４］
uploaded,タイトル変更,B23Q 15/12 A,B23Q 15/12 A,ひびり振動に関する制御,びびり振動に関する制御
uploaded,タイトル変更,B29C 31/00,B29C 31/00,取り扱い，例．成形材料の供給（一般Ｂ６５Ｇ）［４］,取り扱い，例．成形材料の供給［４］
uploaded,タイトル変更,B29C 31/04,B29C 31/04,・供給，例．型キャビティー中への供給（プレスへの供給一般Ｂ３０Ｂ１５／３０）［４］,・供給，例．型キャビティー中への供給［４］
uploaded,タイトル変更,B29C 31/06,B29C 31/06,・・計量されたものの（一般Ｇ０１Ｆ）［４］,・・計量されたものの［４］
uploaded,タイトル変更,B29C 33/38,B29C 33/38,・材料または製造方法に特微があるもの（Ｂ２９Ｃ３３／４４が優先；金属からの型または型部品の製造Ｂ２２，Ｂ２３）［４］,・材料または製造方法に特微があるもの（Ｂ２９Ｃ３３／４４が優先）［４］
uploaded,タイトル変更,B29C 33/04,B29C 33/04,・・プラスチック，例．発泡体，ゴム［４］,・・プラスチック，例．発泡体またはゴム［４］
uploaded,タイトル変更,B29C 33/42,B29C 33/42,・成形面の形状，例．リブ，溝，に特徴があるもの［４］,・成形面の形状，例．リブまたは溝，に特徴があるもの［４］
uploaded,タイトル変更,B29C 35/00,B29C 35/00,加熱，冷却または硬化，例．架橋，加硫；そのための装置（加熱または冷却装置が組み込まれた型Ｂ２９Ｃ３３／０２；プラスチック歯科補綴のための硬化装置Ａ６１Ｃ１３／１４；成形前のものＢ２９Ｂ１３／００；化学的特徴Ｃ０８Ｊ３／００）［４］,加熱，冷却または硬化，例．架橋または加硫；そのための装置（加熱または冷却装置が組み込まれた型Ｂ２９Ｃ３３／０２；プラスチック歯科補綴のための硬化装置Ａ６１Ｃ１３／１４；成形前のものＢ２９Ｂ１３／００）［４］
uploaded,タイトル変更,B29C 35/02,B29C 35/02,・加熱または硬化，例．架橋，加硫（低温加硫Ｂ２９Ｃ３５／１８）［４］,・加熱または硬化，例．架橋または加硫（低温加硫Ｂ２９Ｃ３５／１８）［４］
uploaded,タイトル変更,B29C 37/02,B29C 37/02,・突起またはバリの除去（研削または研磨によるものＢ２４Ｂ）［４］,・突起またはバリの除去［４］
uploaded,タイトル変更,B29C 43/00,B29C 43/00,圧縮成形，すなわち，付加された外部圧で成形材料を流動させるもの；そのための装置（短い繊維以外の補強材を含む複合材料の圧縮による成形あるいは含浸Ｂ２９Ｃ７０／４０；プレス一般Ｂ３０Ｂ）［４，６］,圧縮成形，すなわち付加された外部圧で成形材料を流動させるもの；そのための装置［４，６］
uploaded,タイトル変更,B29C 44/00,B29C 44/00,材料の中で発生した内部圧による成形，例．膨張，発泡［６］,材料の中で発生した内部圧による成形，例．膨張または発泡［６］
uploaded,タイトル変更,B29C 44/12,B29C 44/12,・・予備成形品の上に混入あるいは成形する，例．挿入物，補強材［６］,・・予備成形品の上に混入あるいは成形する，例．挿入物または補強材［６］
uploaded,タイトル変更,B29C 44/32,B29C 44/32,・・予備成形品の上に混入あるいは成形する，例．ライニング，挿入物，補強材［６］,・・予備成形品の上に混入あるいは成形する，例．ライニング，挿入物または補強材［６］
uploaded,タイトル変更,B29C 44/42,B29C 44/42,・・・・圧力差を利用した，例．射出による，真空による［６］,・・・・圧力差を利用した，例．射出によるまたは真空による［６］
uploaded,タイトル変更,B29C 44/05,B29C 44/05,・・・・圧力差を用いた，例．押出しによる，吹きつけによる［６］,・・・・圧力差を用いた，例．押出しによるまたは吹きつけによる［６］
uploaded,タイトル変更,B29C 47/00,B29C 47/00,押出成形，すなわち所定の形状を与えるダイまたはノズルを通して成形材料を押し出すもの；そのための装置（押出ブロー成形Ｂ２９Ｃ４９／０４；押出プレス一般Ｂ３０Ｂ１１／２２）［４］,押出成形，すなわち所定の形状を与えるダイまたはノズルを通して成形材料を押し出すもの；そのための装置（押出ブロー成形Ｂ２９Ｃ４９／０４）［４］
uploaded,タイトル変更,B29C 53/36,B29C 53/36,・曲げおよび接合，例．中空物品を製造するための（Ｂ２９Ｃ５３／５６が優先；紙からのものＢ３１Ｃ）［４］,・曲げおよび接合，例．中空物品を製造するための（Ｂ２９Ｃ５３／５６が優先）［４］
uploaded,タイトル変更,B29C 57/00,B29C 57/00,管端部の成形，例．フランジ加工，ラッパ状加工，封鎖；そのための装置［４］,管端部の成形，例．フランジ加工，ラッパ状加工または封鎖；そのための装置［４］
uploaded,タイトル変更,B29C 59/01,B29C 59/01,・放電処理によるもの（電極Ｈ０１Ｔ）［４］,・放電処理によるもの［４］
uploaded,タイトル変更,B29C 59/14,B29C 59/14,・プラズマ処理によるもの（一般Ｈ０５Ｈ）［４］,・プラズマ処理によるもの［４］
uploaded,タイトル変更,B29C 65/00,B29C 65/00,予備成形品の接合；そのための装置（箱，ボール箱，封筒または袋の製造Ｂ３１Ｂ；包装材の折り目または封鎖部のシールまたは固着Ｂ６５Ｂ５１／００；構造要素の接合一般Ｆ１６Ｂ；ライトガイドの接合Ｇ０２Ｂ６／２５５）［４，５］,予備成形品の接合；そのための装置［４，５］
uploaded,タイトル変更,B29C 65/48,B29C 65/48,・接着剤を用いるもの（熱活性化されたものＢ２９Ｃ６５／０２；ホットメルトＢ２９Ｃ６５／４０；機械的でない接着方法一般Ｃ０９Ｊ５／００）［４］,・接着剤を用いるもの［４］
uploaded,タイトル変更,B29C 67/02 E,B29C 67/02 E,発泡粒子，発泡チツプの結合〔例バインダで結合．再発泡させるものは，Ｂ２９Ｃ６７／２２へ〕,発泡粒子，発泡チツプの結合〔例バインダで結合．再発泡させるものは，Ｂ２９Ｃ４４／００＠Ｇへ〕
uploaded,タイトル変更,B29C 70/00,B29C 70/00,複合材料，すなわち補強材，充填材，あるいは予備成形部品からなるプラスチック材料，例．挿入物，の成形（化学的な側面Ｃ０８，たとえばＣ０８Ｊ５／００）［６］,複合材料，すなわち補強材，充填材あるいは予備成形部品からなるプラスチック材料，例．挿入物，の成形（化学的な側面Ｃ０８，たとえばＣ０８Ｊ５／００）［６］
uploaded,タイトル変更,B29C 70/14,B29C 70/14,・・・・・配向した（配向充填材Ｂ２９Ｃ７０／６２）［６］,・・・・・配向した［６］
uploaded,タイトル変更,B29C 70/18,B29C 70/18,・・・・・マットの形で，例．シートモールディングコンパウンド（ＳＭＣ）［６］,・・・・・マットの形で，例．シートモールディングコンパウンド［ＳＭＣ］［６］
uploaded,タイトル変更,B29C 70/44,B29C 70/44,・・・・・均等圧を用いての，例．圧力差による成形，真空バッグによる成形オートクレーブによる成形，膨張ゴムによる成形［６］,・・・・・均等圧を用いての，例．圧力差による成形，真空バッグによる成形，オートクレーブによる成形または膨張ゴムによる成形［６］
uploaded,タイトル変更,B29C 70/46,B29C 70/46,・・・・・適合する型（マッチド・モールド）を用いるもの，例．シートモールディングコンパウンド（ＳＭＣ），プリプレグなどを変形させるための［６］,・・・・・適合する型を用いるもの，例．シートモールディングコンパウンド［ＳＭＣ］またはプリプレグなどを変形させるための［６］
uploaded,タイトル変更,B29C 70/48,B29C 70/48,・・・・・・および閉鎖型において補強材を含浸する，例．樹脂トランスファー成形（ＲＴＭ）［６］,・・・・・・および閉鎖型において補強材を含浸する，例．樹脂トランスファー成形［ＲＴＭ］［６］
uploaded,タイトル変更,B29C 70/05,B29C 70/05,・・・・不定長の物品を製造するための，例．プリプレグ，シートモールディングコンパウンド（ＳＭＣ），クロスモールディングコンパウンド（ＸＭＣ）［６］,・・・・不定長の物品を製造するための，例．プリプレグ，シートモールディングコンパウンド［ＳＭＣ］またはクロスモールディングコンパウンド［ＸＭＣ］［６］
uploaded,タイトル変更,B29C 70/68,B29C 70/68,・予備成形部品の上に合体，あるいは成形することによる，例．挿入物，層［６］,・予備成形部品の上に合体，あるいは成形することによる，例．挿入物または層［６］
uploaded,タイトル変更,B29C 70/82,B29C 70/82,・・物品の表面の一部または全部へのワイヤー，ネットなどの押しつけ，例．切断と圧迫による（表面へのビーズなどの押しつけＢ２９Ｃ７０／６４）［６］,・・物品の表面の一部または全部へのワイヤー，ネットなどの押しつけ，例．切断と圧迫による［６］
uploaded,タイトル変更,B29C 70/88,B29C 70/88,・主として特定の性質を持つことによって特徴付けられた，例．電気の伝導性がある，局部的に強化された［６］,・主として特定の性質を持つことによって特徴付けられた，例．電気の伝導性があるまたは局部的に強化された［６］
uploaded,タイトル変更,B29C 71/00,B29C 71/00,物品の形状を変えない後処理；そのための装置（Ｂ２９Ｃ４４／５６，Ｂ２９Ｃ７３／００が優先；表面成形Ｂ２９Ｃ５９／００；化学的特徴Ｃ０８Ｊ７／００）［４，５，６］,物品の形状を変えない後処理；そのための装置（Ｂ２９Ｃ４４／５６，Ｂ２９Ｃ７３／００が優先；表面成形Ｂ２９Ｃ５９／００）［４，５，６］
uploaded,タイトル変更,B29C 73/16,B29C 73/16,・自動補修または自己密封装置もしくは剤（シール組成物，セクションＣ，例．Ｃ０９Ｋ３／１０参照）［５］,・自動補修または自己密封装置もしくは剤［５］
uploaded,タイトル変更,B42D 15/00 301,B42D 15/00 301,・記入するための欄を有する印刷物（記録紙，印字紙，帳面，画用紙，メモ紙，手帳，日記帳，学習帳，テスト用紙等）ロ－ル状，ジヤバラ状のものは除く,・記入するための欄を有する印刷物，例．記録紙，印字紙，帳面，画用紙，メモ帳，手帳，日記帳，学習帳またはテスト用紙（ロール状またはジャバラ状の帳面はＢ４２Ｄ１／００Ｇが優先）
uploaded,タイトル変更,B42D 15/00 301 A,B42D 15/00 301 A,これから書くための帳面〔構造〕，レポ－ト，メモ，ノ－ト〔ロ－ル状，ジヤバラ状のものは除く〕,これから書くための帳面，例．メモ帳，ノートまたはレポート用紙
uploaded,タイトル変更,B42D 15/00 301 C,B42D 15/00 301 C,・〔罫以外の〕記載に特徴のあるメモ帳，ノ－ト〔罫に特徴のあるものは１５／００　３１１Ａへ〕,・罫以外の記載に特徴のあるメモ帳またはノート（罫に特徴のあるものＢ４２Ｄ１５／００　３１１Ａ）
uploaded,タイトル変更,B42D 15/00 301 D,B42D 15/00 301 D,・手帳〔構造〕，他の物品と結合したものでも名称が手帳であれば，３／１２よりこちらを優先する。綴部に特徴のあるものもこちらを優先する。スケジユ－ルに関するメモ日記はここに入れる。Ａのうち携帯用メモ帳はここに入れる。,・手帳または携帯用メモ帳，例．スケジュールに関するメモ日記
uploaded,タイトル変更,B42D 15/00 301 E,B42D 15/00 301 E,・・手帳の記載欄。スケジユ－ル，旅程，運動の記録を含む。〔生産工程に関するものとスケジユ－ル盤は１５／００　３２１へ〕,・・手帳の記載欄，例．スケジュール，旅程または運動の記録（作業工程に関するものまたはスケジュールボードＢ４２Ｄ１５／００　３２１）
uploaded,タイトル変更,B42D 15/00 301 F,B42D 15/00 301 F,・日記帳。卓上日記帳，構造のみに特徴のあるもの含む。他物と結合したものは３／１２優先。,・日記帳，例．卓上日記帳
uploaded,タイトル変更,B42D 15/00 301 G,B42D 15/00 301 G,・・多年式日記〔手帳も含む〕，ライフ日記，人生録，家族の記録，催事録，私的年表,・・多年式日記帳，ライフ日記帳，人生録，家族の記録，催事録または私的年表
uploaded,タイトル変更,B42D 15/00 301 H,B42D 15/00 301 H,・・時間ごとに記録できる日記,・・時間ごとに記録できる日記帳
uploaded,タイトル変更,B42D 15/00 301 J,B42D 15/00 301 J,・学習に関するもの〔入試，連絡簿表，計画，学習記録〕,・学習に関するもの，例．入試，学習計画，学習記録または連絡簿
uploaded,タイトル変更,B42D 15/00 301 K,B42D 15/00 301 K,・・学習帳，参考書。学習用ノ－トで罫のみに特徴のあるものは３１１Ａへ,・・学習帳または参考書（学習用ノートで罫のみに特徴のあるものはＢ４２Ｄ１５／００　３１１Ａが優先）
uploaded,タイトル変更,B42D 15/00 301 N,B42D 15/00 301 N,・・・学習器，学習用カ－ド，練習器,・・・学習器，学習用カードまたは練習器
uploaded,タイトル変更,B42D 15/00 301 P,B42D 15/00 301 P,・・・記憶用のもの，単語カ－ド,・・・記憶用のもの，例．単語カード
uploaded,タイトル変更,B42D 15/00 301 R,B42D 15/00 301 R,・・・テスト用紙。問題用紙，検査用紙，調査用紙，採点関係含む。正解つきのものはＭ優先,・・・テスト用紙，問題用紙，検査用紙または調査用紙；採点関係（正解付きのものはＢ４２Ｄ１５／００　３０１Ｍが優先）
uploaded,タイトル変更,B42D 15/00 301 S,B42D 15/00 301 S,・・成績，教務関係,・・成績または教務関係
uploaded,タイトル変更,B42D 15/00 301 Z,B42D 15/00 301 Z,その他。記録紙・印字用紙を含む,その他，例．記録紙または印字用紙
uploaded,タイトル変更,B42D 15/00 311,B42D 15/00 311,・・罫紙，方眼紙，製図用紙,・・罫紙，方眼紙または製図用紙
uploaded,タイトル変更,B42D 15/00 311 A,B42D 15/00 311 A,手書文字を書くための罫の設け方に特徴のある用紙。原稿用紙，ノ－ト用紙，罫紙，字練習紙，事務用紙〔印字用紙は３０１Ｚへいれる〕,手書文字を書くための罫の設け方に特徴のある用紙，例．原稿用紙，ノート用紙，罫紙，字練習紙または事務用紙（印字用紙はＢ４２Ｄ１５／００　３０１Ｚが優先）
uploaded,タイトル変更,B42D 15/00 311 B,B42D 15/00 311 B,・方眼紙，点眼紙,・方眼紙または点眼紙
uploaded,タイトル変更,B42D 15/00 311 C,B42D 15/00 311 C,・グラフ用紙〔方眼グラフ紙はＢへ〕グラフ作図用紙,・グラフ用紙（方眼グラフ用紙はＢ４２Ｄ１５／００　３１１Ｂが優先）
uploaded,タイトル変更,B42D 15/00 311 D,B42D 15/00 311 D,手書きのための罫を設けた用紙の構造に特徴のあるもの〔Ａ～Ｃのうち罫がコピ－されないようにしたものを含む〕,手書きのための罫を設けた用紙の構造に特徴のあるもの，例．罫がコピーされないようにしたもの
uploaded,タイトル変更,B42D 15/00 311 E,B42D 15/00 311 E,製図用紙・図面用紙〔方眼のものも含む〕トレ－シング用紙，セクシヨン紙。縮尺のためのものも含む,製図用紙または図面用紙，例．トレーシング用紙または縮尺のためのもの
uploaded,タイトル変更,B42D 15/00 311 F,B42D 15/00 311 F,・レイアウト，版下，清打，面付，画面，帳票，設計用紙，コ－ディング用紙〔原図，原稿となるもの〕，ディスプレイ設計，プログラム用紙，フロ－チャ－ト用用紙,・設計用紙，原図となる用紙または原稿となる用紙，例．レイアウト用，版下用，清打ち用，面付け用，帳票用，画面設計用，ディスプレイ設計用，コーディング用，プログラム用またはフローチャート用の用紙
uploaded,タイトル変更,B42D 15/00 311 G,B42D 15/00 311 G,・透視図,・透視図用
uploaded,タイトル変更,B42D 15/00 311 H,B42D 15/00 311 H,・建築用製図紙,・建築用製図用紙
uploaded,タイトル変更,B42D 15/00 311 J,B42D 15/00 311 J,・構造に特徴のあるもの〔１５／００　３６１感光複写紙にも第二原図用紙が含まれている〕,・構造に特徴のあるもの
uploaded,タイトル変更,B42D 15/00 321,B42D 15/00 321,・完成された表や欄が特徴を有する印刷物（早見表，系図，バイオリズム，作業工程，書籍の記載欄）,・完成された表や欄が特徴を有する印刷物，例．早見表，系図，バイオリズム，作業工程または書籍の記載欄
uploaded,タイトル変更,B42D 15/00 321 A,B42D 15/00 321 A,系図，血統，過去帳,系図，血統または過去帳
uploaded,タイトル変更,B42D 15/00 321 C,B42D 15/00 321 C,作業工程，工程指示表，日程・労働・機械・品質・進行・生産管理，スケジユ－ルボ－ド,作業工程関係，例．工程指示表，日程管理，労働管理，機械管理，品質管理，進行管理，生産管理またはスケジュールボード
uploaded,タイトル変更,B42D 15/00 321 D,B42D 15/00 321 D,グラフ用具，グラフ表示具，図表の作成法,グラフ用具，グラフ表示具または図表の作成法
uploaded,タイトル変更,B42D 15/00 321 Z,B42D 15/00 321 Z,その他。早見表を含む,その他，例．早見表
uploaded,タイトル変更,B42D 15/00 331,B42D 15/00 331,・特定目的用印刷物，医療健康関係，衣，食，住関係，特許法律関係，音楽，スコア,・特定目的用印刷物，例．医療，健康，衣食住，特許，法律，音楽またはスコアー用
uploaded,タイトル変更,B42D 15/00 331 A,B42D 15/00 331 A,個人所持用健康管理カ－ド。携帯用安全カ－ド・基礎体温表等,個人所持用健康管理カード，例．基礎体温表；携帯用安全カ－ド
uploaded,タイトル変更,B42D 15/00 331 B,B42D 15/00 331 B,医療機関で使用するカ－ド〔医療用給食カ－ドはＦへ〕,医療機関で使用するカード（医療用給食カードＢ４２Ｄ１５／００　３３１Ｆ）
uploaded,タイトル変更,B42D 15/00 331 C,B42D 15/00 331 C,・会計と関係ない診療記録・カルテ,・会計と関係ない診療録またはカルテ
uploaded,タイトル変更,B42D 15/00 331 D,B42D 15/00 331 D,・診療用検査カ－ド。レントゲン，心電図，眼視；血液等〔診療録に検査結果を記入・貼付するものを含む〕,・診療用検査カード，例．診療録に検査結果を記入または貼付するもの
uploaded,タイトル変更,B42D 15/00 331 H,B42D 15/00 331 H,住居・建築に関する印刷物。建築用製図用紙除く,住居または建築に関する印刷物（建築用製図用紙Ｂ４２Ｄ１５／００　３１１Ｅ）
uploaded,タイトル変更,B42D 15/00 331 J,B42D 15/00 331 J,特許・法律に関する印刷物,特許または法律に関する印刷物
uploaded,タイトル変更,B42D 15/00 331 L,B42D 15/00 331 L,スコア－表,スコアー表
uploaded,タイトル変更,B42D 15/00 331 N,B42D 15/00 331 N,・ボ－リング,・ボーリング
uploaded,タイトル変更,B42D 15/00 331 P,B42D 15/00 331 P,・囲碁，マ－ジヤン，将棋,・囲碁，将棋またはマージャン
uploaded,タイトル変更,B42D 15/00 341,B42D 15/00 341,・カ－ドの構造,・カードの構造
uploaded,タイトル変更,B42D 15/00 341 A,B42D 15/00 341 A,カ－ドの構造〔目に見えるもの〕,カードの構造，例．目に見えるもの
uploaded,タイトル変更,B42D 15/00 341 B,B42D 15/00 341 B,・材質等に特徴のあるもの〔積層、加工等〕,・材質，積層または加工に特徴のあるもの
uploaded,タイトル変更,B42D 15/00 341 C,B42D 15/00 341 C,・印刷部に特徴を有するもの〔蛍光、香、インキ等〕,・印刷部，例．蛍光，香りまたはインキ，に特徴のあるもの
uploaded,タイトル変更,B42D 15/00 341 D,B42D 15/00 341 D,・カ－ドの掛具、ケ－ス、容器、キャリヤシ－ト、ホルダ－,・カードの掛具，ケース，容器，キャリヤシートまたはホルダー
uploaded,タイトル変更,B42D 15/00 341 E,B42D 15/00 341 E,・方法、装置,・方法または装置
uploaded,タイトル変更,B42D 15/00 351 A,B42D 15/00 351 A,化学的な特徴をもつもの〔発色面、記録面、顕色〕,発色面，記録面または顕色に特徴をもつもの
uploaded,タイトル変更,B42D 15/00 351 B,B42D 15/00 351 B,・方法、装置〔合成紙の製造法等〕,・方法または装置，例．合成紙の製造方法
uploaded,タイトル変更,B42D 15/00 361 A,B42D 15/00 361 A,複写用紙〔連続複写紙は１５／０４Ｈ，Ｊへ〕,複写用紙（連続複写帳票Ｂ４２Ｄ１５／０４Ｈ，連続複写伝票Ｂ４２Ｄ１５／０４Ｊ）
uploaded,タイトル変更,B42D 15/00 361 C,B42D 15/00 361 C,・複写用紙綴〔１１／００Ｊ参照〕,・複写用紙綴り（複写に特徴のある伝票Ｂ４２Ｄ１１／００Ｊ）
uploaded,タイトル変更,B42D 15/00 361 D,B42D 15/00 361 D,・感光複写紙等，カ－ボン，ノンカ－ボンを用いない複写紙,・カーボンまたはノンカーボンを用いない複写用紙，例．感光複写紙
uploaded,タイトル変更,B42D 15/00 361 E,B42D 15/00 361 E,・転写シ－ト,・転写シート
uploaded,タイトル変更,B42D 15/00 371,B42D 15/00 371,・・接着剤つきカ－ド，シ－ト書類保護用貼着フィルム，メモ紙，テ－プ，接着剤付き賞状。ラベルプリンタ－用は１５／０４へ。ラベルはＧ０９Ｆ３／００,・・接着剤付きカードまたはシート，例．粘着メモ紙，接着剤付き賞状または書類保護用貼着フィルム（ラベルＧ０９Ｆ３／００）
uploaded,タイトル変更,B42D 15/02 501,B42D 15/02 501,・・郵便カ－ド，簡易書簡，便箋,・・郵便カード，簡易書簡または便箋
uploaded,タイトル変更,B42D 15/02 501 C,B42D 15/02 501 C,・葉書集合体〔葉書ケ－ス，葉書包装袋，葉書集〕,・葉書集合体；葉書ケースまたは葉書包装袋
uploaded,タイトル変更,B42D 15/02 501 E,B42D 15/02 501 E,簡易書簡〔封緘葉書〕,簡易書簡または封緘葉書
uploaded,タイトル変更,B42D 15/02 501 G,B42D 15/02 501 G,板状体〔写真等〕担持郵便カ－ド,板状体担持郵便カード，例．写真担持郵便カード
uploaded,タイトル変更,B42D 15/02 501 J,B42D 15/02 501 J,複写〔特にあて名複写〕転写に特徴を有するもの,複写または転写に特徴を有するもの，例．あて名複写
uploaded,タイトル変更,B42D 15/02 501 K,B42D 15/02 501 K,レタ－セツト〔カ－ドとシ－ルのセツトも含む〕,レターセット，例．郵便カードとシールのセット
uploaded,タイトル変更,B42D 15/02 501 L,B42D 15/02 501 L,他のものに属した通信カ－ド,他のものに属した通信カード
uploaded,タイトル変更,B42D 15/02 501 M,B42D 15/02 501 M,付属物，補助具，シ－ル,付属物または補助具，例．シール
uploaded,タイトル変更,B42D 15/02 511,B42D 15/02 511,・・あいさつ状，献立表,・・あいさつ状；献立表
uploaded,タイトル変更,B42D 15/02 511 A,B42D 15/02 511 A,グリ－テイングカ－ド〔贈答用カ－ド〕,グリーティングカード，すなわち贈答用カード
uploaded,タイトル変更,B42D 15/02 511 B,B42D 15/02 511 B,・メロデイカ－ド，照明カ－ド,・メロディカードまたは照明カード
uploaded,タイトル変更,B42D 15/02 511 C,B42D 15/02 511 C,・香りカ－ド,・香りカード
uploaded,タイトル変更,B42D 15/02 511 E,B42D 15/02 511 E,結婚，葬式用カ－ド,結婚または葬式用カード
uploaded,タイトル変更,B42D 15/02 511 F,B42D 15/02 511 F,色紙，掛軸,色紙または掛軸
uploaded,タイトル変更,B42D 15/02 511 G,B42D 15/02 511 G,証書，免状，賞状，誕生カ－ド，命名用紙，記念カ－ド,証書，免状，賞状，誕生カード，命名用紙または記念カード
uploaded,タイトル変更,B42D 15/02 511 H,B42D 15/02 511 H,メニユ－,メニュー
uploaded,タイトル変更,B42D 15/04 A,B42D 15/04 A,折りたたみ可能なもしくは多くの部分をもつカ－ドまたはシ－ト,折りたたみ可能なもしくは多くの部分をもつカードまたはシート
uploaded,タイトル変更,B42D 15/04 B,B42D 15/04 B,・連続帳票〔プリンタ用紙，印字用紙，カ－ド移送用紙〔用紙でなく保持されている帳票に特徴のあるものＥへ〕帳票接続用紙，連続タグ等の単層のもの，粘着テ－プ，磁気テ－プ等を有するものも含む。〕,・連続帳票，例．プリンタ用紙，印字用紙またはカード移送用紙
uploaded,タイトル変更,B42D 15/04 C,B42D 15/04 C,・・連続記録計用用紙あるいはロ－ル状記録紙,・・連続記録計用用紙またはロール状記録紙
uploaded,タイトル変更,B42D 15/04 D,B42D 15/04 D,・・連続伝票〔名称あるいはクレ－ムに伝票と記載されているもの〕,・・連続伝票，すなわち「伝票」が明記されているもの
uploaded,タイトル変更,B42D 15/04 E,B42D 15/04 E,・・ラベル付連続帳票,・・ラベル付き連続帳票
uploaded,タイトル変更,B42D 15/04 F,B42D 15/04 F,・・連続多層重合帳票〔単層のものを切り離し，折り畳んで重合するものはＡへいれる〕,・・連続多層重合帳票（単層のものを切り離し，折りたたんで重合するものＢ４２Ｄ１５／０４Ａ）
uploaded,タイトル変更,B42D 15/04 G,B42D 15/04 G,・・・各帳票間の接着丁合，ズレ防止に特徴を有するもの,・・・各帳票間の接着丁合，例．ズレ防止，に特徴を有するもの
uploaded,タイトル変更,B42D 15/04 H,B42D 15/04 H,・・・連続複写帳票〔名称あるいはクレ－ムに複写とあるもの〕,・・・連続複写帳票，すなわち「複写」が明記されているもの
uploaded,タイトル変更,B42D 15/04 J,B42D 15/04 J,・・・・連続複写伝票〔名称あるいはクレ－ムに伝票とあるもの〕,・・・・連続複写伝票，すなわち「複写」と「伝票」が明記されているもの
uploaded,タイトル変更,B42D 15/04 K,B42D 15/04 K,・・連続帳票に関する装置，方法〔Ｃ，Ｅが優先〕,・・連続帳票に関する装置または方法（Ｂ４２Ｄ１５／０４Ｃ，Ｅが優先）
uploaded,タイトル変更,B42D 15/08 C,B42D 15/08 C,袋形成用連続帳票の作成方法，装置,袋形成用連続帳票の作成方法または装置
uploaded,タイトル変更,B42D 15/08 D,B42D 15/08 D,郵送用連続帳票〔葉書，帯封等封筒以外のもの〕,袋や封筒を形成しない郵送用連続帳票
uploaded,タイトル変更,B60B 33/00 501,B60B 33/00 501,・制動装置,・制動装置（係合によるロックＢ６０Ｂ３３／００Ｕ）
uploaded,タイトル変更,B60B 33/00 501 B,B60B 33/00 501 B,路面に作用するもの,踏面に作用するもの（路面に作用するものＢ６０Ｂ３３／００Ｗ）
uploaded,タイトル変更,B60B 33/00 501 C,B60B 33/00 501 C,車軸・ボス部に作用するもの,車軸またはボス部に作用するもの
uploaded,タイトル変更,B60B 33/00 501 D,B60B 33/00 501 D,サイドウオ－ム・リム部に作用するもの,サイドウォールまたはリム部に作用するもの
uploaded,タイトル変更,B60B 33/00 502 C,B60B 33/00 502 C,単列のもの,軸受が単列のもの
uploaded,タイトル変更,B60B 33/00 502 D,B60B 33/00 502 D,２列以上のもの,軸受が２列以上のもの
uploaded,タイトル変更,B60B 33/00 503,B60B 33/00 503,・車輪・車軸,・車輪；車軸
uploaded,タイトル変更,B60B 33/00 504,B60B 33/00 504,・キヤスタ－取外し可能なもの,・キャスターを取外し可能なもの
uploaded,タイトル変更,B60B 33/00 504 B,B60B 33/00 504 B,スナツプ作用によるもの,スナップ作用によるもの
uploaded,タイトル変更,B60B 33/00 F,B60B 33/00 F,双輪キヤスタ－,双輪キャスター
uploaded,タイトル変更,B60B 33/00 G,B60B 33/00 G,キヤスタ－の取付位置に特徴のあるもの,キャスターの取付位置，例．取付構造または配置，に特徴のあるもの
uploaded,タイトル変更,B60B 33/00 R,B60B 33/00 R,低内部摩擦利用緩衝装置,低内部摩擦を利用する緩衝装置，例．鋼鉄等のバネを用いた緩衝装置
uploaded,タイトル変更,B60B 33/00 S,B60B 33/00 S,流体利用・高内部摩擦利用緩衝装置,流体または高内部摩擦を利用する緩衝装置，例．流体，ゴムまたは樹脂等のバネを用いた緩衝装置
uploaded,タイトル変更,B60B 33/00 T,B60B 33/00 T,離地装置,離地装置，例．接地部材を接地し機器を定置するもの（キャスターの調整Ｂ６０Ｂ３３／０４）
uploaded,タイトル変更,B60B 33/00 U,B60B 33/00 U,ホイ－ルロツク〔キヤスタ－のロツク機構，Ｂ６２Ｂ５／０４が優先〕,ホイールロック，すなわちキャスターのロック機構（Ｂ６２Ｂ５／０４が優先）
uploaded,タイトル変更,B60B 33/06,B60B 33/06,・・引っ込み可能に取付けたもの,・・引込み可能に取付けたもの
uploaded,タイトル変更,B60B 33/08 A,B60B 33/08 A,擬似球キヤスタ,擬似球キャスター
uploaded,タイトル変更,B60B 35/02 F,B60B 35/02 F,・玩具用、小児車両,・玩具用，小児車両
uploaded,タイトル変更,B60B 35/02 G,B60B 35/02 G,・キヤスタ用掃除機用,・掃除機用
uploaded,タイトル変更,B60B 35/14 F,B60B 35/14 F,・・ピンの挿脱による,・・ピンの挿脱によるもの
uploaded,タイトル変更,B60B 35/16 C,B60B 35/16 C,防水・防振,防水；防振
uploaded,タイトル変更,B60B 35/16 F,B60B 35/16 F,サスペンシヨンと関連したもの,サスペンションと関連したもの
uploaded,タイトル変更,B60B 35/16 G,B60B 35/16 G,エア－ブリ－ザに関連したもの,エアブリーザに関連したもの
uploaded,タイトル変更,B60B 35/18 B,B60B 35/18 B,潤滑油漏出防止シ－ル,潤滑油漏出防止シール
uploaded,タイトル変更,B60J 1/00 G,B60J 1/00 G,・パネル自体（ガラス一般→Ｃ０３Ｃ）,・パネル自体（ガラス一般Ｃ０３Ｃ）
uploaded,タイトル変更,B60J 1/00 H,B60J 1/00 H,・・積層構造（衝突緩衝用被覆を有するもの→１／００Ｅ）,・・積層構造（衝突緩衝用被覆を有するものＢ６０Ｊ１／００Ｅ）
uploaded,タイトル変更,B60J 1/00 M,B60J 1/00 M,・ガラス縁部に一体のモ－ルを有するもの（成形一般→Ｂ２９）,・ガラス縁部に一体のモールを有するもの（成形一般Ｂ２９）
uploaded,タイトル変更,B60J 1/02 101 G,B60J 1/02 101 G,・ダムラバ－,・ダムラバー
uploaded,タイトル変更,B60J 1/02 101 T,B60J 1/02 101 T,・スペ－サ,・スペーサ
uploaded,タイトル変更,B60J 1/02 111,B60J 1/02 111,・・ウインドモ－ルの取付,・・ウィンドモールの取付
uploaded,タイトル変更,B60J 1/02 111 A,B60J 1/02 111 A,モ－ル,モール
uploaded,タイトル変更,B60J 1/02 111 D,B60J 1/02 111 D,クリツプ等の取付具を用いて取付けるもの〔例．クリツプそれ自体、Ｆ１６Ｂ５／１２Ｍ〕,クリップ等の取付具を用いて取付けるもの，例．クリップそれ自体（クリップそれ自体一般Ｆ１６Ｂ５／１２Ｍ）
uploaded,タイトル変更,B60J 1/02 111 E,B60J 1/02 111 E,窓隅部におけるモ－ル曲折部,窓隅部におけるモール曲折部
uploaded,タイトル変更,B60J 1/02 111 R,B60J 1/02 111 R,・車体側に接着剤以外の手段（例．ボルトとナツト）で固定するもの,・車体側に接着剤以外の手段，例．ボルトとナット，で固定するもの
uploaded,タイトル変更,B60J 1/02 111 V,B60J 1/02 111 V,・取付具が２種類の部品（例．クリツプとその取付具）からなるもの,・取付具が２種類の部品，例．クリップとその取付具，からなるもの
uploaded,タイトル変更,B60J 1/02 111 W,B60J 1/02 111 W,・・クリツプに特徴を有するもの,・・クリップに特徴を有するもの
uploaded,タイトル変更,B60J 1/02 111 X,B60J 1/02 111 X,パネル側にモ－ルまたは取付具を位置合わせして取付けるもの,パネル側にモールまたは取付具を位置合わせして取付けるもの
uploaded,タイトル変更,B60J 1/02 111 Y,B60J 1/02 111 Y,モ－ルの接続部,モールの接続部
uploaded,タイトル変更,B60J 1/02 J,B60J 1/02 J,フロントピラ－との関連構造,フロントピラーとの関連構造
uploaded,タイトル変更,B60J 1/02 L,B60J 1/02 L,ワイパ－と関連する構成,ワイパーと関連する構成
uploaded,タイトル変更,B60J 1/02 M,B60J 1/02 M,ヘツドアツプデイスプレイと関連する構成,ヘッドアップディスプレイと関連する構成
uploaded,タイトル変更,B60J 1/01 C,B60J 1/01 C,モ－ル,モール
uploaded,タイトル変更,B60J 1/01 E,B60J 1/01 E,トラツク等の側面ドア下部透視窓,トラック等の側面ドア下部透視窓
uploaded,タイトル変更,B60J 1/14 B,B60J 1/14 B,・側面後方窓〔←側面後方窓のガ－ドバ－支持構造〕,・側面後方窓，例．側面後方窓のガードバー支持構造
uploaded,タイトル変更,B60J 1/14 E,B60J 1/14 E,・・ロツク機構,・・ロック機構
uploaded,タイトル変更,B60J 1/16 J,B60J 1/16 J,ロツク機構,ロック機構
uploaded,タイトル変更,B60J 1/16 Z,B60J 1/16 Z,その他のもの〔←引違い窓，ウインドフレ－ム〕,その他のもの，例．引違い窓，ウィンドフレーム
uploaded,タイトル変更,B60J 1/17 J,B60J 1/17 J,フラツシユサ－フエス窓〔例．ランチヤンネルそれ自体Ｂ６０Ｊ１／１６Ａ〕,フラッシュサーフェス窓（フラッシュサーフェス窓用シールはＢ６０Ｊ１０／７９）
uploaded,タイトル変更,B60J 1/17 M,B60J 1/17 M,上下位置決めストツパ,上下位置決めストッパ
uploaded,タイトル変更,B60J 1/17 Z,B60J 1/17 Z,その他のもの〔←ドアガラス用ストツパ，ドアパネル内への浸入水防止構造〕,その他のもの，例．ドアガラス用ストッパまたはドアパネル内への浸入水防止構造
uploaded,タイトル変更,B60J 1/18 C,B60J 1/18 C,モ－ル,モール
uploaded,タイトル変更,B60J 1/18 Z,B60J 1/18 Z,その他のもの〔←ウインドガラスの位置決め装置〕,その他のもの，例．ウィンドガラスの位置決め装置
uploaded,タイトル変更,B60J 1/02 A,B60J 1/02 A,車両用ブラインド〔←フロントガラス内カバー；ガラス中に組込まれた平行機をもつもの→Ｂ６０Ｊ３／００Ａ〕,車両用ブラインド，例．フロントガラス内カバー（ガラス中に組込まれた平行機をもつものＢ６０Ｊ３／００Ａ）
uploaded,タイトル変更,B60J 1/02 C,B60J 1/02 C,曇り防止，融雪〔←車両ウインドガラスの周縁部構造〕,曇り防止，融雪，例．車両ウィンドガラスの周縁部構造
uploaded,タイトル変更,B60J 1/02 D,B60J 1/02 D,防虫網〔昆虫からの保護手段，Ｅ０６Ｂ９／５２Ｚ〕,防虫網（昆虫からの保護手段Ｅ０６Ｂ９／５２Ｚ）
uploaded,タイトル変更,B60J 1/02 E,B60J 1/02 E,風向調整装置〔←フロントウインドレインガタ〕,風向調整装置，例．フロントウィンドレインガタ
uploaded,タイトル変更,B60J 1/02 Z,B60J 1/02 Z,その他のもの〔←キヤビンの防護装置；フロントウインドガラス透視性向上装置→Ｂ６０Ｓ１／０２Ｚ〕,その他のもの，例．キャビンの防護装置（フロントウィンドガラス透視性向上装置Ｂ６０Ｓ１／０２Ｚ）
uploaded,タイトル変更,B60J 3/00 A,B60J 3/00 A,車両用日よけ〔←ブラインド装置〕,車両用日よけ，例．ブラインド装置
uploaded,タイトル変更,B60J 3/00 B,B60J 3/00 B,・車体に設けたサイドバイザ〔←固定式サイドバイサ；車外に取付けたもの（Ｂ優先）〕,・車体に設けたサイドバイザ，例．固定式サイドバイサ，車外に取付けたもの
uploaded,タイトル変更,B60J 3/00 E,B60J 3/00 E,・前後窓用ひさし〔フロントバイザ用模様発光装置Ｂ４４Ｃ５／０８Ａ優先〕,・前後窓用ひさし（フロントバイザ用模様発光装置Ｂ４４Ｃ５／０８Ａ優先）
uploaded,タイトル変更,B60J 3/00 F,B60J 3/00 F,・自己保形性のないシ－トを用いて窓部を掩うもの〔Ｋ優先〕〔←カ－テン〕,・自己保形性のないシート，例．カーテン，を用いて窓部を覆うもの
uploaded,タイトル変更,B60J 3/00 G,B60J 3/00 G,・・張設したレ－ルに沿つて開閉するもの,・・張設したレールに沿って開閉するもの
uploaded,タイトル変更,B60J 3/00 H,B60J 3/00 H,・・収納場所から引出して使用するもの〔←ロ－ルブラインド〕,・・収納場所から引出して使用するもの，例．ロールブラインド
uploaded,タイトル変更,B60J 3/00 J,B60J 3/00 J,・自己保形性シ－トを用いて窓部を掩うもの〔Ｋ優先〕,・自己保形性シートを用いて窓部を覆うもの
uploaded,タイトル変更,B60J 3/00 Z,B60J 3/00 Z,その他のもの〔←防眩具〕,その他のもの，例．防眩具
uploaded,タイトル変更,B60J 3/02 F,B60J 3/02 F,・ミラ－をもつもの,・ミラーをもつもの
uploaded,タイトル変更,B60J 3/02 K,B60J 3/02 K,・天井に隠れた収納場所から使用位置へ引出するもの〔←サンバイザ兼用サンシエイド装置〕,・天井に隠れた収納場所から使用位置へ引出するもの，例．サンバイザ兼用サンシェード装置
uploaded,タイトル変更,B60J 3/02 N,B60J 3/02 N,他の機能・装備品を持つもの,他の機能または装備品を持つもの
uploaded,タイトル変更,B60J 3/02 S,B60J 3/02 S,遮光部本体の構造に関するもの〔例．積層構造，製造法〕,遮光部本体の構造に関するもの，例．積層構造または製造法
uploaded,タイトル変更,B60J 3/02 Z,B60J 3/02 Z,その他のもの〔例．テレビ画面付，Ｈ０４Ｎ５／６４Ｚ，Ｈ０４Ｎ５／６６－１０２Ｚ〕,その他のもの，例．テレビ画面付（テレビ一般Ｈ０４Ｎ５／６４Ｚ，Ｈ０４Ｎ５／６６～Ｈ０４Ｎ５／６６，１０２Ｚ）
uploaded,タイトル変更,B60J 5/00 501,B60J 5/00 501,・内装・シ－ル構造,・内装
uploaded,タイトル変更,B60J 5/00 501 E,B60J 5/00 501 E,・防水・排水構造（シーリングスクリ－ン等）,・防水；排水構造，例．シーリングスクリーン
uploaded,タイトル変更,B60J 5/00 A,B60J 5/00 A,安全装置〔安全のためのドア補強→Ｂ６０Ｊ５／００Ｐ；車両用座席の非常用移動装置，Ｂ６０Ｎ２／００優先〕,安全装置（安全のためのドア補強Ｂ６０Ｊ５／００Ｐ；車両用座席の非常用移動装置Ｂ６０Ｎ２／００優先）
uploaded,タイトル変更,B60J 5/00 B,B60J 5/00 B,ドアスイツチ,ドアスイッチ
uploaded,タイトル変更,B60J 5/00 H,B60J 5/00 H,・ドアロツクに関連する安全装置,・ドアロックに関連する安全装置
uploaded,タイトル変更,B60J 5/00 J,B60J 5/00 J,・・半ドア検知・閉扉確認,・・半ドア検知；閉扉確認
uploaded,タイトル変更,B60J 5/00 M,B60J 5/00 M,・ドアロツクの取付,・ドアロックの取付
uploaded,タイトル変更,B60J 5/00 N,B60J 5/00 N,・・電気的な構成を含むもの〔他の分識優先〕,・・電気的な構成を含むもの（他の分識優先）
uploaded,タイトル変更,B60J 5/00 Q,B60J 5/00 Q,・棒状体の取付によるもの（Ｂ６０Ｒ２１／０２－０４参照）,・棒状体の取付によるもの（乗員安全装置又は部品Ｂ６０Ｒ２１／０２～Ｂ６０Ｒ２１／０４）
uploaded,タイトル変更,B60J 5/00 Z,B60J 5/00 Z,その他のもの〔←へミング構造，車両用はね上げ型ドア〕,その他のもの，例．へミング構造または車両用はね上げ型ドア
uploaded,タイトル変更,B60J 5/04 F,B60J 5/04 F,小物入れ，ア－ムレスト傘入れ，スピ－カ等の付属品を備えたもの,小物入れ，アームレスト傘入れまたはスピーカ等の付属品を備えたもの
uploaded,タイトル変更,B60J 5/04 H,B60J 5/04 H,ドアハンドル〔エスカツシヨン取付構造，Ｅ０５Ｂ１／００優先〕,ドアハンドル，例．エスカッション取付構造（Ｅ０５Ｂ１／００優先）
uploaded,タイトル変更,B60J 5/04 K,B60J 5/04 K,ヒンジチエツカ－・オ－プンストツパ,ヒンジチェッカー；オープンストッパ
uploaded,タイトル変更,B60J 5/04 M,B60J 5/04 M,ドアサツシユ,ドアサッシュ
uploaded,タイトル変更,B60J 5/04 N,B60J 5/04 N,コ－ナ－ピ－ス,コーナーピース
uploaded,タイトル変更,B60J 5/04 Q,B60J 5/04 Q,フラツシユサ－フエス構造,フラッシュサーフェス構造
uploaded,タイトル変更,B60J 5/04 R,B60J 5/04 R,少なくとも一部をプラスチツクで成形したドア,少なくとも一部をプラスチックで成形したドア
uploaded,タイトル変更,B60J 5/04 V,B60J 5/04 V,トラツク荷箱の側面ドア,トラック荷箱の側面ドア
uploaded,タイトル変更,B60J 5/04 X,B60J 5/04 X,衝突による位置ずれ防止〔←ドアストツパ構造〕,衝突による位置ずれ防止，例．ドアストッパ構造
uploaded,タイトル変更,B60J 5/06 A,B60J 5/06 A,しゆう動するもの,しゅう動するもの
uploaded,タイトル変更,B60J 5/06 B,B60J 5/06 B,・ドア側にガイドレ－ルをもつもの〔←スライドチエツク機構〕,・ドア側にガイドレールをもつもの，例．スライドチェック機構
uploaded,タイトル変更,B60J 5/06 E,B60J 5/06 E,・シヤツタ扉,・シャッタ扉
uploaded,タイトル変更,B60J 5/06 G,B60J 5/06 G,可動乗降ステツプと連動するもの,可動乗降ステップと連動するもの
uploaded,タイトル変更,B60J 5/06 H,B60J 5/06 H,・ガイドロ－ラ－の取付構造,・ガイドローラーの取付構造
uploaded,タイトル変更,B60J 5/01 A,B60J 5/01 A,トラツク荷箱の後部扉,トラック荷箱の後部扉
uploaded,タイトル変更,B60J 5/01 B,B60J 5/01 B,ドアステ－,ドアステー
uploaded,タイトル変更,B60J 5/01 C,B60J 5/01 C,取付けヒンジ〔Ｇが優先〕,取付けヒンジ（Ｂ６０Ｊ５／１０Ｇが優先）
uploaded,タイトル変更,B60J 5/01 D,B60J 5/01 D,防振装置・ストツパ装置〔←ウエツジバンパ装置〕,防振装置；ストッパ装置，例．ウェッジバンパ装置
uploaded,タイトル変更,B60J 5/01 G,B60J 5/01 G,横開き扉〔Ａが優先〕,横開き扉（Ｂ６０Ｊ５／１０Ａが優先）
uploaded,タイトル変更,B60J 5/01 H,B60J 5/01 H,ドアロツク,ドアロック
uploaded,タイトル変更,B60J 5/01 J,B60J 5/01 J,リヤパ－セルと開閉連動するもの,リヤパーセルと開閉連動するもの
uploaded,タイトル変更,B60J 5/01 L,B60J 5/01 L,テ－ルゲ－トカバ－構造,テールゲートカバー構造
uploaded,タイトル変更,B60J 5/01 M,B60J 5/01 M,ダンパ－ステ－取付構造,ダンパーステー取付構造
uploaded,タイトル変更,B60J 7/00 A,B60J 7/00 A,出入口の雨よけ〔←自動車用折りたたみ傘〕,出入口の雨よけ，例．自動車用折りたたみ傘
uploaded,タイトル変更,B60J 7/00 B,B60J 7/00 B,トラクタ等の作業車の屋根・運転席覆い,トラクタ等の作業車の屋根または運転席覆い
uploaded,タイトル変更,B60J 7/00 C,B60J 7/00 C,サンシエ－ド,サンシェード
uploaded,タイトル変更,B60J 7/00 D,B60J 7/00 D,・サンシエ－ドが可動パネル側に係着されているもの〔←サンシエ－ドの可動パネルへの取付構造〕,・サンシェードが可動パネル側に係着されているもの，例．サンシェードの可動パネルへの取付構造
uploaded,タイトル変更,B60J 7/00 E,B60J 7/00 E,・巻取り式・折り畳み式のもの,・巻取り式または折り畳み式のもの
uploaded,タイトル変更,B60J 7/00 F,B60J 7/00 F,・キャビンを有する作業車用のもの。,・キャビンを有する作業車用のもの
uploaded,タイトル変更,B60J 7/00 P,B60J 7/00 P,光量の調整、色彩の変更が可能なもの,光量の調整，色彩の変更が可能なもの
uploaded,タイトル変更,B60J 7/00 Z,B60J 7/00 Z,その他のもの〔←サンル－フのリツド自体の構造，自動車用格納式簡易テント，Ｅ０４Ｈ５／０６優先〕,その他のもの，例．サンルーフのリッド自体の構造や自動車用格納式簡易テント（Ｅ０４Ｈ５／０６優先）
uploaded,タイトル変更,B60J 7/02 A,B60J 7/02 A,スライドレ－ル部に特徴があるもの,スライドレール部に特徴があるもの
uploaded,タイトル変更,B60J 7/04,B60J 7/04,・・固定式の板状部材または部材構造をもつもの,・・剛性の板状部材または部材構造をもつもの
uploaded,タイトル変更,B60J 7/05,B60J 7/05,・・・完全開放のために摺動する前に，通風のために上方へ施回し下方へ移動するもの［４］,・・・完全開放のために摺動する前に，通風のために上方へ旋回し下方へ移動するもの［４］
uploaded,タイトル変更,B60J 7/05 A,B60J 7/05 A,チルトアツプ状態で摺動できるもの〔←チルト機構，主にアウタ－式〕,チルトアップ状態で摺動できるもの，例．アウター式のチルト機構
uploaded,タイトル変更,B60J 7/05 Z,B60J 7/05 Z,その他のもの〔←チルトアツプするが，その状態のままでは開口できないもの主にインナ－式〕,その他のもの，例．インナー式などのチルトアップするがその状態のままでは開口できないもの
uploaded,タイトル変更,B60J 7/057 A,B60J 7/057 A,駆動部の構造に関するもの（Ｐが優先）,駆動部の構造に関するもの（Ｂ６０Ｊ７／０５７Ｐが優先）
uploaded,タイトル変更,B60J 7/057 B,B60J 7/057 B,・駆動モーター部（モーター及びモーターの出力軸に設けられた減速部）に特徴を有するもの,・駆動モーター部，すなわちモーター及びモーターの出力軸に設けられた減速部，に特徴を有するもの
uploaded,タイトル変更,B60J 7/057 Q,B60J 7/057 Q,・安全に関するもの（挟み込み防止等）,・安全に関するもの，例．挟み込み防止
uploaded,タイトル変更,B60J 7/057 R,B60J 7/057 R,・故障検知、フェールセーフに関するもの,・故障検知，フェールセーフに関するもの
uploaded,タイトル変更,B60J 7/057 S,B60J 7/057 S,・閉め忘れ防止、盗難防止に関するもの,・閉め忘れ防止，盗難防止に関するもの
uploaded,タイトル変更,B60J 7/057 T,B60J 7/057 T,・降雨対応、換気等車内の快適性を考慮したもの,・降雨対応，換気等車内の快適性を考慮したもの
uploaded,タイトル変更,B60J 7/06,B60J 7/06,・・非固定式の部材または部材構造をもつもの,・・非剛性の部材または部材構造をもつもの
uploaded,タイトル変更,B60J 7/08 B,B60J 7/08 B,トラツクの屋根〔←ガルウイングドア．〕,トラックの屋根，例．ガルウイングドア
uploaded,タイトル変更,B60J 7/01 A,B60J 7/01 A,乗用車の屋根〔←タルガル－フ取付用ブラケツト，タルガトツプ〕,乗用車の屋根，例．タルガルーフ取付用ブラケットまたはタルガトップ
uploaded,タイトル変更,B60J 7/01 B,B60J 7/01 B,トラツクの屋根〔←幌付きトラツクの幌構造，ウイング式は７／０２Ｂ，折りたたみ式は７／１２Ｂ〕,トラックの屋根，例．幌付きトラックの幌構造（ウイング式はＢ６０Ｊ７／０２Ｂ；折りたたみ式はＢ６０Ｊ７／１２Ｂ）
uploaded,タイトル変更,B60J 7/01 D,B60J 7/01 D,・幌枠又は車体への幌の取付け〔取付方法→Ａ４４Ｂ１８／００〕,・幌枠または車体への幌の取付け（取付方法Ａ４４Ｂ１８／００）
uploaded,タイトル変更,B60J 7/01 E,B60J 7/01 E,・車体への幌枠の取付け〔←幌骨支持構造〕,・車体への幌枠の取付け，例．幌骨支持構造
uploaded,タイトル変更,B60J 7/12 A,B60J 7/12 A,乗用車の屋根〔←キヤンバストツプ，キヤンバスル－フカバ－〕,乗用車の屋根，例．キャンバストップまたはキャンバスルーフカバー
uploaded,タイトル変更,B60J 7/12 B,B60J 7/12 B,トラツクの屋根,トラックの屋根
uploaded,タイトル変更,B60J 7/12 D,B60J 7/12 D,・・屋根部分のみ折り畳むもの（例：キャンパストップ）,・・屋根部分のみ折り畳むもの，例．キャンパストップ
uploaded,タイトル変更,B60J 7/12 E,B60J 7/12 E,・・フルオープン（屋根部、キャビン側、後部を折り畳む）にできるもの（折り畳み時にガイドレールが折り畳まれないものはＢ６０Ｊ７／１２Ｃ）,・・フルオープン，すなわち屋根部，キャビン側および後部を折り畳むこと，にできるもの（折り畳み時にガイドレールが折り畳まれないものはＢ６０Ｊ７／１２Ｃ）
uploaded,タイトル変更,B60J 7/12 G,B60J 7/12 G,・・フルオープンにできるもの（折り畳む際にガイドレール、ピラー等が折り畳まれないものはＢ６０Ｊ７／１２Ｆ）,・・フルオープンにできるもの（折り畳む際にガイドレール，ピラー等が折り畳まれないものはＢ６０Ｊ７／１２Ｆ）
uploaded,タイトル変更,B60J 7/12 M,B60J 7/12 M,駆動装置（リンク機構）に特徴を有するもの,駆動装置，例．リンク機構，に特徴を有するもの
uploaded,タイトル変更,B60N 2/02,B60N 2/02,・座席またはその一部が可動なもの，例．調節可能なもの（調節可能なひじかけＢ６０Ｎ２／４６；調節可能なヘッドレストＢ６０Ｎ２／４８）［５］,・座席またはその一部が可動なもの，例．調整可能なもの（調整可能なアームレストＢ６０Ｎ２／７５；調整可能なヘッドレストＢ６０Ｎ２／８０６）［５］
uploaded,タイトル変更,B60N 2/42,B60N 2/42,・・異常加速度による影響から乗っている人間を保護するよう，特に設計された座席，例．安全座席（Ｂ６０Ｎ２／２６，Ｂ６０Ｎ２／４６，Ｂ６０Ｎ２／４８が優先）［５］,・・異常加速度による影響，例．衝突，から乗っている人間を保護するように特に設計された座席または安全座席（子供の保護のためのものＢ６０Ｎ２／２６；アームレストＢ６０Ｎ２／７５；ヘッドレストＢ６０Ｎ２／８８８）［５］
uploaded,タイトル変更,B60N 2/62,B60N 2/62,・・太股を支持する台［７］,・サイサポート［７］
uploaded,タイトル変更,B60N 2/66,B60N 2/66,・・・腰部の支持具［７］,・・ランバーサポート［７］
uploaded,タイトル変更,B60N 2/68,B60N 2/68,・・シートフレーム，例．背もたれのためのもの［７］,・シートフレーム［７］
uploaded,タイトル変更,B64C 1/36,B64C 1/36,・空中線またはレドームを装備できるようにしたもの（空中線またはレドームそれ自体Ｈ０１Ｑ）,・アンテナまたはレドームを装備できるようにしたもの（アンテナまたはレドームそれ自体Ｈ０１Ｑ）
uploaded,タイトル変更,B64G 1/66,B64G 1/66,・・他に分類されない計器，器具の配置または適用（計器それ自体は関係するクラス，例．人口衛星で用いられる架空線Ｈ０１Ｑ１／２８，を参照）［３］,・・他に分類されない計器，器具の配置または適用（計器それ自体は関係するクラス，例．人口衛星で用いられるアンテナＨ０１Ｑ１／２８，を参照）［３］
uploaded,タイトル変更,B65D 85/00,B65D 85/00,特定物品または材料に特に適用される容器，包装要素または包装体（８１／００，８３／００が優先；手道具，旅行装具Ａ４５Ｃ；化粧用または手洗道具Ａ４５Ｄ；医療または製剤目的のために特に適合させた容器Ａ６１Ｊ１／００；ペイント缶Ｂ４４Ｄ３／１２；油缶Ｆ１６Ｎ３／０４；携帯兵器運搬用容器Ｆ４１Ｃ３３／０６；弾薬の包装Ｆ４２Ｂ３９／００；記録または再生装置との協働に特に適用される記録担持体容器Ｇ１１Ｂ２３／００）,特定の物品または材料に特に適合する容器，包装要素または包装体（Ｂ６５Ｄ７１／００，Ｂ６５Ｄ８３／００が優先；手道具，旅行装具Ａ４５Ｃ；化粧用または手洗道具Ａ４５Ｄ；手術用ナイフ，外科用メスまたはその刃のパッケージＡ６１Ｂ１７／３２１５；医療または製剤目的のために特に適合させた容器Ａ６１Ｊ１／００；ペイント缶Ｂ４４Ｄ３／１２；油缶Ｆ１６Ｎ３／０４；携帯兵器運搬用容器Ｆ４１Ｃ３３／０６；弾薬または爆薬の包装Ｆ４２Ｂ３９／００；記録または再生装置との協働に特に適用される記録担持体容器Ｇ１１Ｂ２３／００）［５，６］
uploaded,タイトル変更,B65D 85/02,B65D 85/02,・環状物品用（平担なうず巻状ウエブやテープのようなもののためのもの８５／６７１）,・環状物品用（平担なうず巻状ウエブやテープのようなもののためのものＢ６５Ｄ８５／６７１）
uploaded,タイトル変更,B65D 85/08,B65D 85/08,・圧縮性または可撓性の棒状または管状の物品用,・・棒状または管状
uploaded,タイトル変更,B65D 85/18,B65D 85/18,・衣料品用，すなわち衣類，かぶり物，靴,・衣料品用，頭部に着用するものまたは履物
uploaded,タイトル変更,B65D 85/24,B65D 85/24,・・針，釘，または他の類似の長尺小物品用,・・針，釘または類似の長尺小物品用
uploaded,タイトル変更,B65D 85/34,B65D 85/34,・・果実用，例．りんご，みかん，トマト,・・果実用，例．りんご，みかんまたはトマト
uploaded,タイトル変更,B65D 85/36,B65D 85/36,・・ビスケットまたは他のベーカリー製品用,・・ベーカリー製品用，例．ビスケット
uploaded,タイトル変更,B65D 85/38,B65D 85/38,・・光学もしくはその他の精密計測，計算または制御装置用,・・精密光学，計測，計算または制御装置用
uploaded,タイトル変更,B65D 85/04,B65D 85/04,・・・腕時計もしくは置時計またはそれらの構成部品用,・・・腕時計もしくは置時計用；それらの構成部品用
uploaded,タイトル変更,B65D 85/05,B65D 85/05,・環境または大気の状態の変化に敏感な生物体，物品または材料用，例．陸上動物，鳥類，魚，水生植物，非水生植物，球根，切花，群葉（活魚輸送用装置Ａ０１Ｋ６３／０２）,・環境または大気の状態の変化に敏感な生物体，物品または材料用，例．陸上動物，鳥類，魚，水生植物，非水生植物，球根，切花または群葉（活魚輸送用装置Ａ０１Ｋ６３／０２）
uploaded,タイトル変更,B65D 85/57,B65D 85/57,・記録用ディスク用,・記録用ディスク用［３］
uploaded,タイトル変更,B65D 85/575,B65D 85/575,・記録テープカセット用,・記録テープカセット用［５］
uploaded,タイトル変更,B65D 85/58,B65D 85/58,・球軸受，ワッシャー，ボタンまたは類似の球状または円板状物品用（ボタン，えり飾りボタン，カフスボタンカードＡ４４Ｂ７／００）,・球軸受，ワッシャー，ボタンまたは類似の球状または円板状物品用（ボタン，えり飾りボタンまたはカフスボタンカードＡ４４Ｂ７／００）［３］
uploaded,タイトル変更,B65D 85/06,B65D 85/06,・糖菓または類似の菓子製品用,・糖菓または類似の菓子製品用［３］
uploaded,タイトル変更,B65D 85/62,B65D 85/62,・積重ね物品用；物品のグループの特殊な配列用,・積重ねた物品用；物品のグループの特殊な配列用［３］
uploaded,タイトル変更,B65D 85/64,B65D 85/64,・かさばった物品用,・かさばった物品用［３］
uploaded,タイトル変更,B65D 85/66,B65D 85/66,・大型ロール用；床被いのロール用,・大型ロール用；床被いのロール用［３］
uploaded,タイトル変更,B65D 85/67,B65D 85/67,・他のウェブまたはテープ状物質用（記録テープカセット用８５／５７５）,・ウェブまたはテープ状物質用（大型ロール用または床被いのロール用Ｂ６５Ｄ８５／６６；記録テープカセット用Ｂ６５Ｄ８５／５７５）［３，５］
uploaded,タイトル変更,B65D 85/671,B65D 85/671,・・平担な渦巻形に巻かれたもの,・・平担な渦巻形に巻かれたもの［３］
uploaded,タイトル変更,B65D 85/672,B65D 85/672,・・・芯上に巻かれたもの,・・・芯上に巻かれたもの［３］
uploaded,タイトル変更,B65D 85/675,B65D 85/675,・・螺旋形に巻かれたもの,・・螺旋形に巻かれたもの［３］
uploaded,タイトル変更,B65D 85/676,B65D 85/676,・・・芯上に巻かれたもの,・・・芯上に巻かれたもの［３］
uploaded,タイトル変更,B65D 85/677,B65D 85/677,・・・・平担なカード上に巻かれたもの,・・・・平担なカード上に巻かれたもの［３］
uploaded,タイトル変更,B65D 85/68,B65D 85/68,・組立てまたは解体された形状の機械，機関または乗物用,・組立てまたは解体された形状の機械，機関または乗物用［３］
uploaded,タイトル変更,B65D 85/72,B65D 85/72,・食用もしくは飲用液体，準液体または，可撓性のあるまたは糊状物質用,・食用または飲用の液体，準液体，または，可塑性なもしくは練状の物質用［３］
uploaded,タイトル変更,B65D 85/74,B65D 85/74,・・バター，マーガリンまたはラード用,・・バター，マーガリンまたはラード用［３］
uploaded,タイトル変更,B65D 85/76,B65D 85/76,・・チーズ用,・・チーズ用［３］
uploaded,タイトル変更,B65D 85/78,B65D 85/78,・・アイスクリーム用,・・アイスクリーム用［３］
uploaded,タイトル変更,B65D 85/08,B65D 85/08,・・ミルク用,・・ミルク用［３］
uploaded,タイトル変更,B65D 85/82,B65D 85/82,・劇薬用,・有毒性物質用［３］
uploaded,タイトル変更,B65D 85/84,B65D 85/84,・腐食性化学製品用,・腐食性化学製品用［３］
uploaded,タイトル変更,C02F 1/00,C02F 1/00,水，廃水または下水の処理（３／００から９／００が優先）,水，廃水または下水の処理（Ｃ０２Ｆ３／００～Ｃ０２Ｆ９／００が優先）［３］
uploaded,タイトル変更,C02F 1/00 B,C02F 1/00 B,上水・飲料水〔緊急用など〕・純水の処理,純水，上水または飲料水，例．緊急用の水
uploaded,タイトル変更,C02F 1/00 C,C02F 1/00 C,廃水・下水の処理〔方法一般〕,廃水または下水の処理
uploaded,タイトル変更,C02F 1/00 D,C02F 1/00 D,水処理の制御〔一般〕,水処理の制御
uploaded,タイトル変更,C02F 1/00 E,C02F 1/00 E,水の固化・ゲル化処理,水の固化またはゲル化処理
uploaded,タイトル変更,C02F 1/00 F,C02F 1/00 F,脱臭・防臭・脱色処理,脱臭，防臭または脱色処理
uploaded,タイトル変更,C02F 1/00 J,C02F 1/00 J,・処理施設または器具〔例：貯水，送水〕,・処理施設または器具，例．貯水または送水
uploaded,タイトル変更,C02F 1/00 K,C02F 1/00 K,薬剤の添加・注入,薬剤の添加または注入
uploaded,タイトル変更,C02F 1/00 L,C02F 1/00 L,・・濾過分離によるもの（主に第２分類）,・・濾過分離によるもの。ただし，主に第２分類として使用する。
uploaded,タイトル変更,C02F 1/00 N,C02F 1/00 N,・・含油廃・下水の処理,・・含油廃または下水の処理
uploaded,タイトル変更,C02F 1/00 Q,C02F 1/00 Q,・無機物〔例．セメント〕のみの利用による,・無機物，例．セメント，のみの利用による
uploaded,タイトル変更,C02F 1/00 R,C02F 1/00 R,・・し尿・糞尿の処理,・・し尿または糞尿の処理
uploaded,タイトル変更,C02F 1/00 U,C02F 1/00 U,防汚〔生物付着防止，装置の浄化，他に含まれない水処理剤〕,防汚，例．生物付着防止，装置の浄化または他に含まれない水処理剤
uploaded,タイトル変更,C02F 1/00 V,C02F 1/00 V,水処理における調査，測定，検知〔主に第２分類〕,水処理における調査，測定または検知。ただし，主に第２分類として使用する。
uploaded,タイトル変更,C02F 1/00 W,C02F 1/00 W,排出，放流〔例．温排水〕，希釈，混合,希釈，混合，排出または放流，例．温排水
uploaded,タイトル変更,C02F 1/02,C02F 1/02,・加熱によるもの（水蒸気の発生方法Ｆ２２Ｂ；ボイラ供給水の予熱または予熱されたボイラ供給水の貯留Ｆ２２Ｄ）,・加熱によるもの［３］
uploaded,タイトル変更,C02F 1/02 F,C02F 1/02 F,制御〔例，淡水化装置のレベル調整〕,制御，例．淡水化装置のレベル調整
uploaded,タイトル変更,C02F 1/04,C02F 1/04,・・蒸留または蒸発によるもの,・・蒸留または蒸発によるもの［３］
uploaded,タイトル変更,C02F 1/04 B,C02F 1/04 B,スケ－ル防除に関するもの,スケール防除に関するもの
uploaded,タイトル変更,C02F 1/04 H,C02F 1/04 H,コ－クス炉廃液,コークス炉廃液
uploaded,タイトル変更,C02F 1/06,C02F 1/06,・・・フラッシュ蒸発,・・・フラッシュ蒸発［３］
uploaded,タイトル変更,C02F 1/08,C02F 1/08,・・・薄膜蒸発,・・・薄膜蒸発［３］
uploaded,タイトル変更,C02F 1/01,C02F 1/01,・・・熱媒体としての固体粒状物または流体との直接接触によるもの,・・・熱媒体としての固体粒状物または流体との直接接触によるもの［３］
uploaded,タイトル変更,C02F 1/12,C02F 1/12,・・・・噴霧蒸発,・・・・噴霧蒸発［３］
uploaded,タイトル変更,C02F 1/14,C02F 1/14,・・・太陽エネルギーを用いるもの,・・・太陽エネルギーを用いるもの［３］
uploaded,タイトル変更,C02F 1/16,C02F 1/16,・・・他の工程からの廃熱を用いるもの,・・・他の工程からの廃熱を用いるもの［３］
uploaded,タイトル変更,C02F 1/18,C02F 1/18,・・・飲料水をうるための移動可能な装置,・・・飲料水をうるための移動可能な装置［３］
uploaded,タイトル変更,C02F 1/02,C02F 1/02,・脱気によるもの，すなわち溶存ガスの放出（液体の脱気一般Ｂ０１Ｄ１９／００；ボイラ供給水用脱気装置の配置Ｆ２２Ｄ）,・脱気によるもの，すなわち溶存ガスの放出［３］
uploaded,タイトル変更,C02F 1/22,C02F 1/22,・凍結によるもの,・凍結によるもの［３］
uploaded,タイトル変更,C02F 1/24,C02F 1/24,・浮上によるもの,・浮上によるもの（Ｃ０２Ｆ１／４６５が優先）［３，５］
uploaded,タイトル変更,C02F 1/26,C02F 1/26,・抽出によるもの,・抽出によるもの［３］
uploaded,タイトル変更,C02F 1/28,C02F 1/28,・収着によるもの（イオン交換によるもの１／４２；収着剤組成物Ｂ０１Ｊ）,・収着によるもの（イオン交換によるものＣ０２Ｆ１／４２；収着剤組成物Ｂ０１Ｊ）［３］
uploaded,タイトル変更,C02F 1/28 E,C02F 1/28 E,・金属酸化物又は鉱物によるもの,・金属酸化物または鉱物によるもの
uploaded,タイトル変更,C02F 1/28 L,C02F 1/28 L,・フツ素含有水の処理,・フッ素含有水の処理
uploaded,タイトル変更,C02F 1/03,C02F 1/03,・照射によるもの,・照射によるもの［３］
uploaded,タイトル変更,C02F 1/32,C02F 1/32,・・紫外線によるもの,・・紫外線によるもの［３］
uploaded,タイトル変更,C02F 1/34,C02F 1/34,・機械的振動によるもの,・機械的振動によるもの［３］
uploaded,タイトル変更,C02F 1/36,C02F 1/36,・・超音波振動,・・超音波振動［３］
uploaded,タイトル変更,C02F 1/38,C02F 1/38,・遠心分離によるもの,・遠心分離によるもの［３］
uploaded,タイトル変更,C02F 1/04,C02F 1/04,・脂肪，油状物質または同様な浮遊物質の分離または除去装置（開放水面の油またはその類似物の清掃または清潔の維持Ｅ０２Ｂ１５／０４；下水から液体または固体を分離するための下水用装置Ｅ０３Ｆ５／１４，例．下水へ導く排水管内で使用するものＥ０３Ｆ５／１６）,・脂肪，油状物質または同様な浮遊物質の分離または除去装置（開放水面の油またはその類似物の清掃または清潔の維持Ｅ０２Ｂ１５／０４；下水から液体または固体を分離するための下水用装置Ｅ０３Ｆ５／１４）［３，５］
uploaded,タイトル変更,C02F 1/04 B,C02F 1/04 B,流入，吸引〔Ｆ，Ｌが優先〕,流入，吸引（Ｃ０２Ｆ１／４０Ｆ，Ｌが優先）
uploaded,タイトル変更,C02F 1/04 C,C02F 1/04 C,液面掻取り〔例．スクレ－パ，バケツトによる汲み上げ〕,液面掻取り，例．スクレーパまたはバケットによる汲み上げ
uploaded,タイトル変更,C02F 1/04 E,C02F 1/04 E,油捕集具〔例．油吸着材，油吸収材；Ｈ，Ｋが優先〕,油捕集具，例．油吸着材または油吸収材（Ｃ０２Ｆ１／４０Ｈ，Ｋが優先）
uploaded,タイトル変更,C02F 1/04 F,C02F 1/04 F,圧力流体による浮遊物誘導〔Ｇが優先〕,圧力流体による浮遊物誘導（Ｃ０２Ｆ１／４０Ｇが優先）
uploaded,タイトル変更,C02F 1/04 G,C02F 1/04 G,スカムの破壊・消泡,スカムの破壊または消泡
uploaded,タイトル変更,C02F 1/04 H,C02F 1/04 H,エンドレスベルトによる付着・吸着,エンドレスベルトによる付着または吸着
uploaded,タイトル変更,C02F 1/04 J,C02F 1/04 J,・移動回収機器〔例．回収船〕,・移動回収機器，例．回収船
uploaded,タイトル変更,C02F 1/04 K,C02F 1/04 K,デイスク又はドラムによる付着・吸着,ディスクもしくはドラムによる付着または吸着
uploaded,タイトル変更,C02F 1/04 L,C02F 1/04 L,オイルフエンス,オイルフェンス
uploaded,タイトル変更,C02F 1/42,C02F 1/42,・イオン交換によるもの（イオン交換一般Ｂ０１Ｊ）,・イオン交換によるもの［３］
uploaded,タイトル変更,C02F 1/42 A,C02F 1/42 A,装置Ｅｘ、軟水器、純水製造器、復水器、脱塩装置,装置，例．軟水器，純水製造器，復水器または脱塩装置
uploaded,タイトル変更,C02F 1/42 B,C02F 1/42 B,方法Ｅｘ、水の軟化、純水の製造、脱塩方法、樹脂の再生,方法，例．水の軟化，純水の製造，脱塩方法または樹脂の再生
uploaded,タイトル変更,C02F 1/42 H,C02F 1/42 H,・・・キレ－ト化による処理,・・・キレート化による処理
uploaded,タイトル変更,C02F 1/44,C02F 1/44,・透析，浸透または逆浸透によるもの,・透析，浸透または逆浸透によるもの［３］
uploaded,タイトル変更,C02F 1/44 E,C02F 1/44 E,・無機化合物の除去　Ｅｘ、重金属含有排水,・無機化合物の除去，例．重金属含有排水
uploaded,タイトル変更,C02F 1/44 F,C02F 1/44 F,・有機化合物の除去　Ｅｘ、し尿、食品加工排水、パルプ廃液,・有機化合物の除去，例．し尿，食品加工排水またはパルプ廃液
uploaded,タイトル変更,C02F 1/46,C02F 1/46,・電気分解，電気浸透または電気透析によるもの（電気分解または電気泳動の方法および装置Ｃ２５）,・電気化学的方法によるもの［３，５］
uploaded,タイトル変更,C02F 1/48,C02F 1/48,・磁場または電場によるもの（１／４６が優先）,・磁場または電場によるもの（Ｃ０２Ｆ１／４６が優先）［３］
uploaded,タイトル変更,C02F 1/05,C02F 1/05,・殺菌剤の添加もしくは適用によるものまたはオリゴダイナミック処理によるもの,・殺菌剤の添加もしくは適用によるものまたはオリゴダイナミック処理によるもの（Ｃ０２Ｆ１／４６７が優先）［３，５］
uploaded,タイトル変更,C02F 1/05 510 C,C02F 1/05 510 C,スライムの付着防止、除去,スライムの付着防止，除去
uploaded,タイトル変更,C02F 1/05 510 D,C02F 1/05 510 D,藻類の付着防止、駆除,藻類の付着防止，駆除
uploaded,タイトル変更,C02F 1/05 510 E,C02F 1/05 510 E,水中生物の付着防止、駆除,水中生物の付着防止，駆除
uploaded,タイトル変更,C02F 1/05 520,C02F 1/05 520,・・処理対象水、液,・・処理対象水，液
uploaded,タイトル変更,C02F 1/05 520 F,C02F 1/05 520 F,・海水．塩水の処理,・海水，塩水の処理
uploaded,タイトル変更,C02F 1/05 520 L,C02F 1/05 520 L,・風呂，プ－ル水の処理,・風呂，プール水の処理
uploaded,タイトル変更,C02F 1/05 530,C02F 1/05 530,・・殺菌剤（材）の成分,・・殺菌剤の成分
uploaded,タイトル変更,C02F 1/05 531 D,C02F 1/05 531 D,金属単体，合金，メツキ層,金属単体，合金またはメッキ層
uploaded,タイトル変更,C02F 1/05 531 E,C02F 1/05 531 E,・銀（Ａｇ）,・銀［Ａｇ］
uploaded,タイトル変更,C02F 1/05 531 F,C02F 1/05 531 F,・銅（Ｃｕ），亜鉛（Ｚｎ）,・銅［Ｃｕ］，亜鉛［Ｚｎ］
uploaded,タイトル変更,C02F 1/05 531 H,C02F 1/05 531 H,ガラス，セラミツクス，セメント,ガラス，セラミックスまたはセメント
uploaded,タイトル変更,C02F 1/05 531 K,C02F 1/05 531 K,・ハロゲン（単体，化合物）,・単体または化合物であるハロゲン
uploaded,タイトル変更,C02F 1/05 531 L,C02F 1/05 531 L,・・臭素（Ｂｒ），沃素（Ｉ）（単体，化合物）,・・単体もしくは化合物である臭素［Ｂｒ］または沃素［Ｉ］
uploaded,タイトル変更,C02F 1/05 531 M,C02F 1/05 531 M,・・塩素（Ｃｌ）（単体，化合物）,・・単体または化合物である塩素［Ｃｌ］
uploaded,タイトル変更,C02F 1/05 531 N,C02F 1/05 531 N,・・・塩素ガス（Ｃｌ↓２）,・・・塩素ガス［Ｃｌ↓２］
uploaded,タイトル変更,C02F 1/05 531 Q,C02F 1/05 531 Q,・過酸化水素（Ｈ↓２Ｏ↓２）,・過酸化水素［Ｈ↓２Ｏ↓２］
uploaded,タイトル変更,C02F 1/05 531 T,C02F 1/05 531 T,・・銀（Ａｇ）化合物,・・銀［Ａｇ］化合物
uploaded,タイトル変更,C02F 1/05 531 U,C02F 1/05 531 U,・・銅（Ｃｕ），亜鉛（Ｚｎ）化合物,・・銅［Ｃｕ］，亜鉛［Ｚｎ］化合物
uploaded,タイトル変更,C02F 1/05 532 K,C02F 1/05 532 K,・リン，珪素，ホウ素含有化合物,・リン，珪素またはホウ素含有化合物
uploaded,タイトル変更,C02F 1/05 550 B,C02F 1/05 550 B,・殺菌処理容器，槽，塔,・殺菌処理容器，槽または塔
uploaded,タイトル変更,C02F 1/05 550 H,C02F 1/05 550 H,個々の装置の組合せ，フロ－,個々の装置の組合せ，フロー
uploaded,タイトル変更,C02F 1/05 550 L,C02F 1/05 550 L,検知、制御機構を有する装置,検知，制御機構を有する装置
uploaded,タイトル変更,C02F 1/05 560 A,C02F 1/05 560 A,加熱，蒸発，蒸留,加熱，蒸発または蒸留
uploaded,タイトル変更,C02F 1/05 560 B,C02F 1/05 560 B,吸着（活性炭等）,吸着，例．活性炭
uploaded,タイトル変更,C02F 1/05 560 C,C02F 1/05 560 C,照射（紫外線等）,照射，例．紫外線
uploaded,タイトル変更,C02F 1/05 560 E,C02F 1/05 560 E,膜分離（透析等）,膜分離，例．透析
uploaded,タイトル変更,C02F 1/52,C02F 1/52,・懸濁不純物の凝集または沈殿によるもの,・懸濁不純物の凝集または沈殿によるもの［３］
uploaded,タイトル変更,C02F 1/52 A,C02F 1/52 A,紙・パルプ廃水の処理,紙またはパルプ廃水の処理
uploaded,タイトル変更,C02F 1/52 E,C02F 1/52 E,生活廃水、し尿、生物処理後の廃水の処理,生活廃水，し尿または生物処理後の廃水の処理
uploaded,タイトル変更,C02F 1/52 G,C02F 1/52 G,着色廃水；塗料・塗装廃水の処理,着色廃水；塗料または塗装廃水の処理
uploaded,タイトル変更,C02F 1/52 H,C02F 1/52 H,合成高分子物質含有廃水の処理〔Ｇ優先〕,合成高分子物質含有廃水の処理（Ｃ０２Ｆ１／５２Ｇ優先）
uploaded,タイトル変更,C02F 1/52 J,C02F 1/52 J,フツ素含有廃水の処理,フッ素含有廃水の処理
uploaded,タイトル変更,C02F 1/52 K,C02F 1/52 K,Ａ～Ｊ以外の特定の廃水の処理,Ｃ０２Ｆ１／５２Ａ～Ｊ以外の特定の廃水の処理
uploaded,タイトル変更,C02F 1/54,C02F 1/54,・・有機物質を使用するもの,・・有機物質を使用するもの［３］
uploaded,タイトル変更,C02F 1/54 A,C02F 1/54 A,紙・パルプ廃水の処理,紙またはパルプ廃水の処理
uploaded,タイトル変更,C02F 1/54 E,C02F 1/54 E,生活廃水，し尿，生物処理後の廃水の処理,生活廃水，し尿または生物処理後の廃水の処理
uploaded,タイトル変更,C02F 1/54 G,C02F 1/54 G,着色廃水；塗料・塗装廃水の処理,着色廃水；塗料または塗装廃水の処理
uploaded,タイトル変更,C02F 1/54 H,C02F 1/54 H,合成高分子物質含有廃水の処理〔Ｇ優先〕,合成高分子物質含有廃水の処理（Ｃ０２Ｆ１／５４Ｇが優先）
uploaded,タイトル変更,C02F 1/54 J,C02F 1/54 J,フツ素含有廃水の処理,フッ素含有廃水の処理
uploaded,タイトル変更,C02F 1/54 K,C02F 1/54 K,Ａ～Ｊ以外の特定の廃水の処理,Ｃ０２Ｆ１／５４Ａ～Ｊ以外の特定の廃水の処理
uploaded,タイトル変更,C02F 1/56,C02F 1/56,・・・高分子化合物,・・・高分子化合物［３］
uploaded,タイトル変更,C02F 1/56 A,C02F 1/56 A,紙・パルプ廃水の処理,紙またはパルプ廃水の処理
uploaded,タイトル変更,C02F 1/56 E,C02F 1/56 E,生活廃水，し尿，生物処理後の廃水の処理,生活廃水，し尿または生物処理後の廃水の処理
uploaded,タイトル変更,C02F 1/56 G,C02F 1/56 G,着色廃水；塗料・塗装廃水の処理,着色廃水；塗料または塗装廃水の処理
uploaded,タイトル変更,C02F 1/56 H,C02F 1/56 H,合成高分子物質含有廃水の処理〔Ｇ優先〕,合成高分子物質含有廃水の処理（Ｃ０２Ｆ１／５６Ｇが優先）
uploaded,タイトル変更,C02F 1/56 J,C02F 1/56 J,フツ素含有廃水の処理,フッ素含有廃水の処理
uploaded,タイトル変更,C02F 1/56 K,C02F 1/56 K,Ａ～Ｊ以外の特定の廃水の処理,Ｃ０２Ｆ１／５６Ａ～Ｊ以外の特定の廃水の処理
uploaded,タイトル変更,C02F 1/58,C02F 1/58,・特定溶存化合物の除去（イオン交換によるもの１／４２；水の軟化５／００）,・特定溶存化合物の除去（イオン交換によるものＣ０２Ｆ１／４２；水の軟化Ｃ０２Ｆ５／００）［３］
uploaded,タイトル変更,C02F 1/58 F,C02F 1/58 F,・フエノ－ル，アルデヒド,・フェノール，アルデヒド
uploaded,タイトル変更,C02F 1/58 M,C02F 1/58 M,・・フツ素化合物,・・フッ素化合物
uploaded,タイトル変更,C02F 1/06,C02F 1/06,・・けい素化合物,・・けい素化合物［３］
uploaded,タイトル変更,C02F 1/62,C02F 1/62,・・重金属化合物,・・重金属化合物［３］
uploaded,タイトル変更,C02F 1/62 A,C02F 1/62 A,フエライト法によるもの,フェライト法によるもの
uploaded,タイトル変更,C02F 1/64,C02F 1/64,・・・鉄またはマンガン,・・・鉄またはマンガン［３］
uploaded,タイトル変更,C02F 1/64 A,C02F 1/64 A,除鉄、除マンガン濾材を使用するもの,除鉄，除マンガン濾材を使用するもの
uploaded,タイトル変更,C02F 1/66,C02F 1/66,・中和によるもの；ｐＨ調整（脱気のためのもの１／２０；イオン交換によるもの１／４２；懸濁不純物の凝集または沈殿のためのもの１／５２；溶存化合物の除去のためのもの１／５８）,・中和によるもの；ｐＨ調整（脱気のためのものＣ０２Ｆ１／２０；イオン交換によるものＣ０２Ｆ１／４２；懸濁不純物の凝集または沈殿のためのものＣ０２Ｆ１／５２；溶存化合物の除去のためのものＣ０２Ｆ１／５８）［３］
uploaded,タイトル変更,C02F 1/66 510,C02F 1/66 510,・・中和・ｐＨ調整の目的,・・中和またはｐＨ調整の目的
uploaded,タイトル変更,C02F 1/66 510 S,C02F 1/66 510 S,・・コンクリ－ト廃水,・・コンクリート廃水
uploaded,タイトル変更,C02F 1/66 520,C02F 1/66 520,・・中和・ｐＨ調整剤（材）,・・中和またはｐＨ調整剤
uploaded,タイトル変更,C02F 1/66 521,C02F 1/66 521,・・・アルカリ剤（材）,・・・アルカリ剤
uploaded,タイトル変更,C02F 1/66 521 C,C02F 1/66 521 C,・アルカリ土金属酸化物、水酸化物および塩,・アルカリ土金属酸化物，水酸化物および塩
uploaded,タイトル変更,C02F 1/66 521 M,C02F 1/66 521 M,・石灰石、ドロマイト．大理石,・石灰石，ドロマイトまたは大理石
uploaded,タイトル変更,C02F 1/66 521 N,C02F 1/66 521 N,・コ－ラルサンド．貝がら、骨,・コ－ラルサンド，貝がらまたは骨
uploaded,タイトル変更,C02F 1/66 521 P,C02F 1/66 521 P,・岩石類．粘土類,・岩石類，粘土類
uploaded,タイトル変更,C02F 1/66 521 R,C02F 1/66 521 R,人工固形アルカリ剤（材）,人工固形アルカリ剤
uploaded,タイトル変更,C02F 1/66 522,C02F 1/66 522,・・・酸剤（材）,・・・酸剤
uploaded,タイトル変更,C02F 1/66 522 B,C02F 1/66 522 B,・炭酸、炭酸塩、炭酸ガス,・炭酸，炭酸塩または炭酸ガス
uploaded,タイトル変更,C02F 1/66 522 N,C02F 1/66 522 N,人工固形酸剤（材）,人工固形酸剤
uploaded,タイトル変更,C02F 1/66 530,C02F 1/66 530,・・中和・ｐＨ調整装置,・・中和またはｐＨ調整装置
uploaded,タイトル変更,C02F 1/66 530 B,C02F 1/66 530 B,・中和槽、塔、器,・中和槽，塔または器
uploaded,タイトル変更,C02F 1/66 530 G,C02F 1/66 530 G,個々の装置の組合せ、フロ－,個々の装置の組合せ，フロー
uploaded,タイトル変更,C02F 1/66 540 B,C02F 1/66 540 B,照射（紫外線等）,照射，例．紫外線
uploaded,タイトル変更,C02F 1/66 540 G,C02F 1/66 540 G,殺菌剤（材）を使用するもの,殺菌剤を使用するもの
uploaded,タイトル変更,C02F 1/68,C02F 1/68,・飲料水の改良のための特定物質，例．微量成分，の添加によるもの（薬効ある水Ａ６１Ｋ）,・飲料水の改良のための特定物質，例．微量成分，の添加によるもの［３］
uploaded,タイトル変更,C02F 1/68 510 H,C02F 1/68 510 H,・風呂、プ－ル水,・風呂，プール水
uploaded,タイトル変更,C02F 1/68 510 J,C02F 1/68 510 J,・養魚槽、養魚池水,・養魚槽，養魚池水
uploaded,タイトル変更,C02F 1/68 520,C02F 1/68 520,・・改質剤（材）,・・改質剤
uploaded,タイトル変更,C02F 1/68 520 C,C02F 1/68 520 C,・・炭酸．炭酸塩．炭酸ガス,・・炭酸；炭酸塩；炭酸ガス
uploaded,タイトル変更,C02F 1/68 520 D,C02F 1/68 520 D,・・生石灰．消石灰．カルシウム塩,・・生石灰；消石灰；カルシウム塩
uploaded,タイトル変更,C02F 1/68 520 L,C02F 1/68 520 L,・石灰石，ドロマイト，大理石,・石灰石，ドロマイトまたは大理石
uploaded,タイトル変更,C02F 1/68 520 M,C02F 1/68 520 M,・コ－ラルサンド，貝がら，骨,・コーラルサンド，貝がらまたは骨
uploaded,タイトル変更,C02F 1/68 520 N,C02F 1/68 520 N,・珪酸、珪酸塩鉱物,・珪酸，珪酸塩鉱物
uploaded,タイトル変更,C02F 1/68 520 V,C02F 1/68 520 V,・セラミツクス,・セラミックス
uploaded,タイトル変更,C02F 1/68 530,C02F 1/68 530,・・改質装置、用具,・・改質装置，用具
uploaded,タイトル変更,C02F 1/68 530 G,C02F 1/68 530 G,・テイ－バツク型,・ディーバック型
uploaded,タイトル変更,C02F 1/68 540 B,C02F 1/68 540 B,照射（紫外線等）,照射，例．紫外線
uploaded,タイトル変更,C02F 1/68 540 G,C02F 1/68 540 G,殺菌剤（材）を使用するもの,殺菌剤を使用するもの
uploaded,タイトル変更,C02F 1/07,C02F 1/07,・還元によるもの,・還元によるもの［３］
uploaded,タイトル変更,C02F 1/72,C02F 1/72,・酸化によるもの,・酸化によるもの［３］
uploaded,タイトル変更,C02F 1/74,C02F 1/74,・・空気によるもの（水面の曝気７／００）,・・空気によるもの（水面の曝気Ｃ０２Ｆ７／００）［３］
uploaded,タイトル変更,C02F 1/76,C02F 1/76,・・ハロゲンまたは化合物によるもの,・・ハロゲンまたは化合物によるもの［３］
uploaded,タイトル変更,C02F 1/78,C02F 1/78,・・オゾンによるもの,・・オゾンによるもの［３］
uploaded,タイトル変更,C03C 25/00,C03C 25/00,ガラス，鉱物，またはスラグ製の繊維またはフィラメントの表面処理,ガラス，鉱石またはスラグ製の繊維またはフィラメントの表面処理［２０１８．０１］
uploaded,タイトル変更,C07D 253/00,C07D 253/00,異項原子として３個の窒素原子のみをもつ６員環を含有し，２５１／００に属さない複素環式化合物,異項原子として３個の窒素原子のみをもつ６員環を含有し，Ｃ０７Ｄ２５１／００に属さない複素環式化合物［２］
uploaded,タイトル変更,C07D 253/02,C07D 253/02,・他の環と縮合していないもの,・他の環と縮合していないもの［２］
uploaded,タイトル変更,C07D 253/04,C07D 253/04,・・１，２，３―トリアジン,・・１，２，３―トリアジン［２］
uploaded,タイトル変更,C07D 253/06,C07D 253/06,・・１，２，４―トリアジン,・・１，２，４―トリアジン［２］
uploaded,タイトル変更,C07D 253/08,C07D 253/08,・炭素環または環系と縮合したもの,・炭素環または炭素環系と縮合したもの［２］
uploaded,タイトル変更,C07D 285/00,C07D 285/00,異項原子として窒素原子と硫黄原子のみをもつ環を含有し，グループ２７５／００から２８３／００までに属さない複素環式化合物,異項原子として窒素原子と硫黄原子のみをもつ環を含有し，グループＣ０７Ｄ２７５／００～Ｃ０７Ｄ２８３／００までに属さない複素環式化合物［２］
uploaded,タイトル変更,C07D 285/02,C07D 285/02,・チアジアゾール；水素添加したチアジアゾール,・・チアジアゾール；水素添加したチアジアゾール［２，５］
uploaded,タイトル変更,C07D 285/04,C07D 285/04,・・他の環と縮合していないもの,・・・他の環と結合していないもの［２，５］
uploaded,タイトル変更,C07D 285/06,C07D 285/06,・・・１，２，３―チアジアゾール；水素添加した１，２，３―チアジアゾール,・・・・１，２，３―チアジアゾール；水素添加した１，２，３―チアジアゾール［２，５］
uploaded,タイトル変更,C07D 285/08,C07D 285/08,・・・１，２，４―チアジアゾール；水素添加した１，２，４―チアジアゾール,・・・・１，２，４―チアジアゾール；水素添加した１，２，４―チアジアゾール［２，５］
uploaded,タイトル変更,C07D 285/01,C07D 285/01,・・・１，２，５―チアジアゾール；水素添加した１，２，５―チアジアゾール,・・・・１，２，５―チアジアゾール；水素添加した１，２，５―チアジアゾール［２，５］
uploaded,タイトル変更,C07D 285/12,C07D 285/12,・・・１，３，４―チアジアゾール；水素添加した１，３，４―チアジアゾール,・・・・１，３，４―チアジアゾール；水素添加した１，３，４―チアジアゾール［２，５］
uploaded,タイトル変更,C07D 285/14,C07D 285/14,・・炭素環または環系と縮合したもの,・・・炭素環または炭素環系と縮合したもの［２，５］
uploaded,タイトル変更,C07D 285/16,C07D 285/16,・チアジアジン；水素添加したチアジアジン,・・チアジアジン；水素添加したチアジアジン［２，５］
uploaded,タイトル変更,C07D 285/18,C07D 285/18,・・１，２，４―チアジアジン；水素添加した１，２，４―チアジアジン,・・・１，２，４―チアジアジン；水素添加した１，２，４―チアジアジン［２，５］
uploaded,タイトル変更,C07D 285/02,C07D 285/02,・・・炭素環または環系と縮合したもの,・・・・炭素環または炭素環系と縮合したもの［２，５］
uploaded,タイトル変更,C07D 285/22,C07D 285/22,・・・・１個の６員環と縮合したもの,・・・・・１個の６員環と縮合したもの［２，５］
uploaded,タイトル変更,C07D 285/24,C07D 285/24,・・・・・環の硫黄原子に酸素原子が直接結合したもの,・・・・・・環の硫黄原子に酸素原子が直接結合したもの［２，５］
uploaded,タイトル変更,C07D 285/26,C07D 285/26,・・・・・・６位または７位にスルファモイル基または置換スルファモイル基が置換したもの,・・・・・・・６位または７位にスルファモイル基または置換スルファモイル基が置換したもの［２，５］
uploaded,タイトル変更,C07D 285/28,C07D 285/28,・・・・・・・３位に，水素原子または水素原子と炭素原子のみを含有する基のみが直接結合したもの,・・・・・・・・３位に，水素原子または水素原子と炭素原子のみを含有する基のみが直接結合したもの［２，５］
uploaded,タイトル変更,C07D 285/03,C07D 285/03,・・・・・・・３位に，異種原子で置換された炭化水素基が結合したもの,・・・・・・・・３位に，異種原子で置換された炭化水素基が結合したもの［２，５］
uploaded,タイトル変更,C07D 285/32,C07D 285/32,・・・・・・・異種原子，または異種原子に対する３個の結合をもち，そのうち多くても１個がハロゲンに対する結合である炭素原子，例．エステルまたはニトリル基，が３位に直接結合したもの,・・・・・・・・異種原子，または異種原子に対する３個の結合をもち，そのうち多くても１個がハロゲンに対する結合である炭素原子，例．エステルまたはニトリル基，が３位に直接結合したもの［２，５］
uploaded,タイトル変更,C07D 285/34,C07D 285/34,・・１，３，５―チアジアジン；水素添加した１，３，５―チアジアジン,・・・１，３，５―チアジアジン；水素添加した１，３，５―チアジアジン［２，５］
uploaded,タイトル変更,C07D 285/36,C07D 285/36,・７員環,・７員環［２］
uploaded,タイトル変更,C07D 285/38,C07D 285/38,・８員環,・８員環［２］
uploaded,タイトル変更,C07D 307/00,C07D 307/00,異項原子として１個の酸素原子のみをもつ５員環を含有する複素環式化合物,異項原子として１個の酸素原子のみをもつ５員環を含有する複素環式化合物［２］
uploaded,タイトル変更,C07D 307/02,C07D 307/02,・他の環と縮合していないもの,・他の環と縮合していないもの［２］
uploaded,タイトル変更,C07D 307/04,C07D 307/04,・・環原子相互間または環原子と非環原子間に二重結合をもたないもの,・・環原子相互間または環原子と非環原子間に二重結合をもたないもの［２］
uploaded,タイトル変更,C07D 307/06,C07D 307/06,・・・環の炭素原子に，水素原子または水素と炭素原子のみを含有する基のみが直接結合したもの,・・・環の炭素原子に，水素原子または水素と炭素原子のみを含有する基のみが直接結合したもの［２］
uploaded,タイトル変更,C07D 307/08,C07D 307/08,・・・・テトラヒドロフランの製造,・・・・テトラヒドロフランの製造［２］
uploaded,タイトル変更,C07D 307/01,C07D 307/01,・・・環の炭素原子に，異種原子で置換された炭化水素基が結合したもの,・・・環の炭素原子に結合し，置換された炭化水素基を有するもの［２］
uploaded,タイトル変更,C07D 307/12,C07D 307/12,・・・・酸素原子で置換された基,・・・・酸素原子で置換された基［２］
uploaded,タイトル変更,C07D 307/14,C07D 307/14,・・・・ニトロ基の一部でない窒素原子で置換された基,・・・・ニトロ基の一部でない窒素原子で置換された基［２］
uploaded,タイトル変更,C07D 307/16,C07D 307/16,・・・・異種原子に対する３個の結合をもち，そのうち多くても１個がハロゲンに対する結合である炭素原子，例．エステルまたはニトリル基，で置換された基,・・・・異種原子に対する３個の結合をもち，そのうち多くても１個がハロゲンに対する結合である炭素原子，例．エステルまたはニトリル基，で置換された基［２］
uploaded,タイトル変更,C07D 307/18,C07D 307/18,・・・異種原子，または異種原子に対する３個の結合をもち，そのうち多くても１個がハロゲンに対する結合である炭素原子，例．エステルまたはニトリル基，が環の炭素原子に直接結合したもの,・・・異種原子，または異種原子に対する３個の結合をもち，そのうち多くても１個がハロゲンに対する結合である炭素原子，例．エステルまたはニトリル基，が環の炭素原子に直接結合したもの［２］
uploaded,タイトル変更,C07D 307/02,C07D 307/02,・・・・酸素原子,・・・・酸素原子［２］
uploaded,タイトル変更,C07D 307/22,C07D 307/22,・・・・ニトロ基の一部でない窒素原子,・・・・ニトロ基の一部でない窒素原子［２］
uploaded,タイトル変更,C07D 307/24,C07D 307/24,・・・・異種原子に対する３個の結合をもち，そのうち多くても１個がハロゲンに対する結合である炭素原子,・・・・異種原子に対する３個の結合をもち，そのうち多くても１個がハロゲンに対する結合である炭素原子［２］
uploaded,タイトル変更,C07D 307/26,C07D 307/26,・・環原子相互間または環原子と非環原子間に１個の二重結合をもつもの,・・環原子相互間または環原子と非環原子間に１個の二重結合をもつもの［２］
uploaded,タイトル変更,C07D 307/28,C07D 307/28,・・・環の炭素原子に，水素原子，炭化水素基または置換炭化水素基のみが直接結合したもの,・・・環の炭素原子に，水素原子，炭化水素基または置換炭化水素基のみが直接結合したもの［２］
uploaded,タイトル変更,C07D 307/03,C07D 307/03,・・・異種原子，または異種原子に対する３個の結合をもち，そのうち多くても１個がハロゲンに対する結合である炭素原子，例．エステルまたはニトリル基，が環の炭素原子に直接結合したもの,・・・異種原子，または異種原子に対する３個の結合をもち，そのうち多くても１個がハロゲンに対する結合である炭素原子，例．エステルまたはニトリル基，が環の炭素原子に直接結合したもの［２］
uploaded,タイトル変更,C07D 307/32,C07D 307/32,・・・・酸素原子,・・・・酸素原子［２］
uploaded,タイトル変更,C07D 307/34,C07D 307/34,・・環原子相互間または環原子間と非環原子間に２個または３個の二重結合をもつもの,・・環原子相互間または環原子間と非環原子間に２個または３個の二重結合をもつもの［２］
uploaded,タイトル変更,C07D 307/36,C07D 307/36,・・・環の炭素原子に水素原子または水素と炭素原子のみを含有する基のみが直接結合したもの,・・・環の炭素原子に水素原子または水素と炭素原子のみを含有する基のみが直接結合したもの［２］
uploaded,タイトル変更,C07D 307/38,C07D 307/38,・・・環の炭素原子に，異種原子で置換された炭化水素基が結合したもの,・・・環の炭素原子に結合し，置換された炭化水素基を有するもの［２］
uploaded,タイトル変更,C07D 307/04,C07D 307/04,・・・・酸素原子で置換された基,・・・・酸素原子で置換された基［２］
uploaded,タイトル変更,C07D 307/42,C07D 307/42,・・・・・単結合の酸素原子（同一炭素原子への２個の酸素原子の結合３０７／４６）,・・・・・単結合の酸素原子［２］
uploaded,タイトル変更,C07D 307/44,C07D 307/44,・・・・・・フルフリルアルコール,・・・・・・フルフリルアルコール［２］
uploaded,タイトル変更,C07D 307/45,C07D 307/45,・・・・・・シクロプロパンを含有するカルボン酸アシル基でアシル化された酸素原子，例．菊酸エステル,・・・・・・シクロプロパンを含有するカルボン酸アシル基でアシル化された酸素原子，例．菊酸エステル［３］
uploaded,タイトル変更,C07D 307/46,C07D 307/46,・・・・・二重結合の酸素原子，または同一炭素原子へ単結合した２個の酸素原子,・・・・・二重結合の酸素原子，または同一炭素原子へ単結合した２個の酸素原子［２］
uploaded,タイトル変更,C07D 307/48,C07D 307/48,・・・・・・フルフラール,・・・・・・フルフラール［２］
uploaded,タイトル変更,C07D 307/05,C07D 307/05,・・・・・・・天然物からの製造,・・・・・・・天然物からの製造［２］
uploaded,タイトル変更,C07D 307/52,C07D 307/52,・・・・ニトロ基の一部でない窒素原子で置換された基,・・・・ニトロ基の一部でない窒素原子で置換された基［２］
uploaded,タイトル変更,C07D 307/54,C07D 307/54,・・・・異種原子に対する３個の結合をもち，そのうち多くても１個がハロゲンに対する結合である炭素原子，例．エステルまたはニトリル基，で置換された基,・・・・異種原子に対する３個の結合をもち，そのうち多くても１個がハロゲンに対する結合である炭素原子，例．エステルまたはニトリル基，で置換された基［２］
uploaded,タイトル変更,C07D 307/56,C07D 307/56,・・・異種原子，または異種原子に対する３個の結合をもち，そのうち多くても１個がハロゲンに対する結合である炭素原子，例．エステルまたはニトリル基，が環の炭素原子に直接結合したもの,・・・異種原子，または異種原子に対する３個の結合をもち，そのうち多くても１個がハロゲンに対する結合である炭素原子，例．エステルまたはニトリル基，が環の炭素原子に直接結合したもの［２］
uploaded,タイトル変更,C07D 307/58,C07D 307/58,・・・・１個の酸素原子，例．ブテノリド,・・・・１個の酸素原子，例．ブテノリド［２］
uploaded,タイトル変更,C07D 307/06,C07D 307/06,・・・・２個の酸素原子，例．コハク酸無水物,・・・・２個の酸素原子，例．コハク酸無水物［２］
uploaded,タイトル変更,C07D 307/62,C07D 307/62,・・・・３個の酸素原子，例．アスコルビン酸,・・・・３個の酸素原子，例．アスコルビン酸［２］
uploaded,タイトル変更,C07D 307/64,C07D 307/64,・・・・硫黄原子,・・・・硫黄原子［２］
uploaded,タイトル変更,C07D 307/66,C07D 307/66,・・・・窒素原子（ニトロ基３０７／７０）,・・・・窒素原子［２］
uploaded,タイトル変更,C07D 307/68,C07D 307/68,・・・・異種原子に対する３個の結合をもち，そのうち多くても１個がハロゲンである炭素原子,・・・・異種原子に対する３個の結合をもち，そのうち多くても１個がハロゲンである炭素原子［２］
uploaded,タイトル変更,C07D 307/07,C07D 307/07,・・・・ニトロ基,・・・・ニトロ基［２］
uploaded,タイトル変更,C07D 307/71,C07D 307/71,・・・・・５位に結合したもの,・・・・・５位に結合したもの［２］
uploaded,タイトル変更,C07D 307/72,C07D 307/72,・・・・・・２位に，窒素含有基で置換された炭化水素基が結合したもの,・・・・・・２位に，窒素含有基で置換された炭化水素基が結合したもの［２］
uploaded,タイトル変更,C07D 307/73,C07D 307/73,・・・・・・・アミノまたはイミノまたは置換アミノまたは置換イミノ基によるもの,・・・・・・・アミノまたはイミノまたは置換アミノまたは置換イミノ基によるもの［２］
uploaded,タイトル変更,C07D 307/74,C07D 307/74,・・・・・・・ヒドラジノまたはヒドラゾノあるいはその置換体によるもの,・・・・・・・ヒドラジノまたはヒドラゾノあるいはその置換体によるもの［２］
uploaded,タイトル変更,C07D 307/75,C07D 307/75,・・・・・・・・ヒドラジノまたはヒドラゾノ基に直接結合するカルボン酸アシル基またはその硫黄もしくは窒素類似体をもつもの，例．ヒドラジド,・・・・・・・・ヒドラジノまたはヒドラゾノ基に直接結合するカルボン酸アシル基またはその硫黄もしくは窒素類似体をもつもの，例．ヒドラジド［２］
uploaded,タイトル変更,C07D 307/76,C07D 307/76,・・・・・・・・ヒドラジノまたはヒドラゾノ基に直接結合する炭酸アシル基またはその硫黄もしくは窒素類似体をもつもの，例．セミカルバジド,・・・・・・・・ヒドラジノまたはヒドラゾノ基に直接結合する炭酸アシル基またはその硫黄もしくは窒素類似体をもつもの，例．セミカルバジド［２，３］
uploaded,タイトル変更,C07D 307/77,C07D 307/77,・炭素環または環系とオルト―またはペリ―縮合したもの,・炭素環または炭素環系とオルト―またはペリ―縮合したもの［２］
uploaded,タイトル変更,C07D 307/78,C07D 307/78,・・ベンゾ〔ｂ〕フラン；水素添加したベンゾ〔ｂ〕フラン,・・ベンゾ〔ｂ〕フラン；水素添加したベンゾ〔ｂ〕フラン［２］
uploaded,タイトル変更,C07D 307/79,C07D 307/79,・・・複素環の炭素原子に，水素原子，炭化水素基または置換炭化水素基のみが直接結合したもの,・・・複素環の炭素原子に，水素原子，炭化水素基または置換炭化水素基のみが直接結合したもの［２］
uploaded,タイトル変更,C07D 307/08,C07D 307/08,・・・・酸素原子で置換された基,・・・・酸素原子で置換された基［２］
uploaded,タイトル変更,C07D 307/81,C07D 307/81,・・・・ニトロ基の一部でない窒素原子で置換された基,・・・・ニトロ基の一部でない窒素原子で置換された基［２］
uploaded,タイトル変更,C07D 307/82,C07D 307/82,・・・異種原子，または異種原子に対する３個の結合をもち，そのうち多くても１個がハロゲンに対する結合である炭素原子，例．エステルまたはニトリル基，が異項環の炭素原子に直接結合したもの,・・・異種原子，または異種原子に対する３個の結合をもち，そのうち多くても１個がハロゲンに対する結合である炭素原子，例．エステルまたはニトリル基，が複素環の炭素原子に直接結合したもの［２］
uploaded,タイトル変更,C07D 307/83,C07D 307/83,・・・・酸素原子,・・・・酸素原子［２］
uploaded,タイトル変更,C07D 307/84,C07D 307/84,・・・・異種原子に対する３個の結合をもち，そのうち多くても１個がハロゲンに対する結合である炭素原子,・・・・異種原子に対する３個の結合をもち，そのうち多くても１個がハロゲンに対する結合である炭素原子［２］
uploaded,タイトル変更,C07D 307/85,C07D 307/85,・・・・・２位に結合したもの,・・・・・２位に結合したもの［２］
uploaded,タイトル変更,C07D 307/86,C07D 307/86,・・・７位に結合した酸素原子をもつもの,・・・７位に結合した酸素原子をもつもの［２］
uploaded,タイトル変更,C07D 307/87,C07D 307/87,・・ベンゾ〔ｃ〕フラン；水素添加したベンゾ〔ｃ〕フラン,・・ベンゾ〔ｃ〕フラン；水素添加したベンゾ〔ｃ〕フラン［２］
uploaded,タイトル変更,C07D 307/88,C07D 307/88,・・・１位または３位に直接結合した１個の酸素原子をもつもの,・・・１位または３位に直接結合した１個の酸素原子をもつもの［２］
uploaded,タイトル変更,C07D 307/89,C07D 307/89,・・・１位および３位に直接結合した２個の酸素原子をもつもの,・・・１位および３位に直接結合した２個の酸素原子をもつもの［２］
uploaded,タイトル変更,C07D 307/09,C07D 307/09,・・・１位に酸素原子および３位に窒素原子をもつもの，またはその逆のもの,・・・１位に酸素原子および３位に窒素原子をもつもの，またはその逆のもの［２］
uploaded,タイトル変更,C07D 307/91,C07D 307/91,・・ジベンゾフラン；水素添加したジベンゾフラン,・・ジベンゾフラン；水素添加したジベンゾフラン［２］
uploaded,タイトル変更,C07D 307/92,C07D 307/92,・・ナフトフラン；水素添加したナフトフラン,・・ナフトフラン；水素添加したナフトフラン［２］
uploaded,タイトル変更,C07D 307/93,C07D 307/93,・・６員環以外の環と縮合したもの,・・６員環以外の環と縮合したもの［２］
uploaded,タイトル変更,C07D 307/935,C07D 307/935,・・・他の環と縮合していないシクロペンタ〔ｂ〕フランまたは水素添加したシクロペンタ〔ｂ〕フラン,・・・他の環と縮合していないシクロペンタ〔ｂ〕フランまたは水素添加したシクロペンタ〔ｂ〕フラン［３］
uploaded,タイトル変更,C07D 307/94,C07D 307/94,・炭素環または環系とスピロー縮合したもの，例．グリセオフルビン,・炭素環または炭素環系とスピロー縮合したもの，例．グリセオフルビン［２］
uploaded,タイトル変更,C08K 3/00,C08K 3/00,無機配合成分の使用［２］,無機物質の添加剤としての使用［２０１８．０１］
uploaded,タイトル変更,C08K 3/01,C08K 3/01,・金属化合物［２］,・金属化合物［２０１８．０１］
uploaded,タイトル変更,C09D 7/00,C09D 7/00,グループＣ０９Ｄ５／００に分類されない塗料組成物の特色（乾燥剤Ｃ０９Ｆ９／００）,グループＣ０９Ｄ５／００に分類されない塗料組成物の特色（乾燥剤Ｃ０９Ｆ９／００）；塗料組成物に成分を混合するためのプロセス［２０１８．０１］
uploaded,タイトル変更,C09J 7/00,C09J 7/00,フィルム状または箔状の接着剤,フィルム状または箔状の接着剤［２０１８．０１］
uploaded,タイトル変更,C12N 1/14,C12N 1/14,・菌類（きのこの栽培Ａ０１Ｇ１／０４；新規な植物Ａ０１Ｈ１５／００）；そのための培地［３］,・菌類（きのこの栽培Ａ０１Ｇ１８／００；新規な植物Ａ０１Ｈ１５／００）；そのための培地［３］
uploaded,タイトル変更,C12N 15/00,C12N 15/00,突然変異または遺伝子工学（植物の突然変異を起させる方法Ａ０１Ｈ１／０６）,突然変異または遺伝子工学；遺伝子工学に関するＤＮＡまたはＲＮＡ，ベクター，例．プラスミド，またはその分離，製造または精製；そのための宿主の使用（突然変異体または遺伝的に処理された微生物，Ｃ１２Ｎ１／００，Ｃ１２Ｎ５／００，Ｃ１２Ｎ７／００；植物新種Ａ０１Ｈ；組織培養技術による植物の増殖Ａ０１Ｈ４／００；動物新種Ａ０１Ｋ６７／００；遺伝子疾病の治療のために生体の細胞内に挿入する遺伝子物質を含有する医薬品製剤の使用，遺伝子治療Ａ６１Ｋ４８／００；ペプチド一般Ｃ０７Ｋ）［３，５，６］
uploaded,タイトル変更,C12Q 1/00,C12Q 1/00,酵素または微生物を含む測定または試験方法（条件測定または検出手段を備えた測定または試験装置，例．コロニー計数器，Ｃ１２Ｍ１／３４）；そのための組成物；そのような組成物の製造方法［３］,酵素，核酸または微生物を含む測定または試験方法（状態の測定または検出手段を備えた測定または試験装置，例．コロニー計数器，Ｃ１２Ｍ１／３４）；そのための組成物；そのような組成物の製造方法［３］
uploaded,タイトル変更,C12Q 1/68,C12Q 1/68,・核酸を含むもの［３］,・核酸を含むもの［２０１８．０１］
uploaded,タイトル変更,C23C 2/14,C23C 2/14,・溶融被覆層の過剰量除去；被膜厚さの制御または調整（厚さの制御または調整一般Ｇ０５Ｄ５／０２）［４］,・溶融被覆層の過剰量除去；被膜厚さの制御または調整［４］
uploaded,タイトル変更,C23C 8/36,C23C 8/36,・・イオン化されたガスを用いるもの，例．イオン窒化（放電にさらされる物体または材料を導入する設備を有する電子管Ｈ０１Ｊ３７／００）［４］,・・イオン化されたガスを用いるもの，例．イオン窒化［４］
uploaded,タイトル変更,C23C 14/00,C23C 14/00,被覆形成材料の真空蒸着，スパッタリングまたはイオン注入法による被覆（放電にさらされる物体または材料を導入する設備を有する電子管Ｈ０１Ｊ３７／００）［４］,被覆形成材料の真空蒸着，スパッタリングまたはイオン注入法による被覆［４］
uploaded,タイトル変更,C23C 14/54,C23C 14/54,・・被覆工程の制御または調整（制御または調整一般Ｇ０５）［４］,・・被覆工程の制御または調整［４］
uploaded,タイトル変更,C23C 16/52,C23C 16/52,・・被覆工程の制御または調整（制御または調整一般Ｇ０５）［４］,・・被覆工程の制御または調整［４］
uploaded,タイトル変更,C23C 18/00,C23C 18/00,液状化合物または溶液のいずれかからなる被覆形成化合物の分解による化学的被覆であって表面材料の反応生成物を被覆層中に残さないもの（化学的表面反応Ｃ２３Ｃ８／００，Ｃ２３Ｃ２２／００）；接触メッキ［４］,液状化合物または溶液のいずれかからなる被覆形成化合物の分解による化学的被覆であって表面材料の反応生成物を被覆層中に残さないもの；接触メッキ［４］
uploaded,タイトル変更,C23C 20/00,C23C 20/00,固体化合物または懸濁物のいずれかからなる被覆形成化合物の分解による化学的被覆であって，表面材料の反応生成物を被覆層中に残さないもの（化学的表面反応Ｃ２３Ｃ８／００，Ｃ２３Ｃ２２／００）［４］,固体化合物または懸濁物のいずれかからなる被覆形成化合物の分解による化学的被覆であって，表面材料の反応生成物を被覆層中に残さないもの［４］
uploaded,タイトル変更,C23C 22/00,C23C 22/00,表面と反応性液体との反応による金属質材料の化学的表面処理であって，表面材料の反応生成物を被覆層中に残すもの，例．化成被覆（ｃｏｎｖｅｒｓｉｏｎｃｏａｔｉｎｇｓ）金属の不動態化（ウオッシュプライマーＣ０９Ｄ５／１２）［４］,表面と反応性液体との反応による金属質材料の化学的表面処理であって，表面材料の反応生成物を被覆層中に残すもの，例．化成被覆（ｃｏｎｖｅｒｓｉｏｎｃｏａｔｉｎｇｓ）金属の不動態化［４］
uploaded,タイトル変更,C23C 22/77,C23C 22/77,・・被覆工程の制御または調整（制御または調整一般Ｇ０５）［４］,・・被覆工程の制御または調整［４］
uploaded,タイトル変更,C23C 24/00,C23C 24/00,無機質粉末から出発する被覆（溶融状態にある被覆材料のスプレーＣ２３Ｃ４／００；固相拡散Ｃ２３Ｃ８／００～Ｃ２３Ｃ１２／００；金属質粉末を焼結することによる複合層，複合工作物または複合物品の製造Ｂ２２Ｆ７／００；まさつ接合Ｂ２３Ｋ２０／１２）［４］,無機質粉末から出発する被覆（溶融状態にある被覆材料のスプレーＣ２３Ｃ４／００；固相拡散Ｃ２３Ｃ８／００～Ｃ２３Ｃ１２／００）［４］
uploaded,タイトル変更,C23C 26/02,C23C 26/02,・基板に溶融材料を適用するもの（表面への溶融物の適用一般Ｂ０５）［４］,・基板に溶融材料を適用するもの［４］
uploaded,タイトル変更,D04D 9/00,D04D 9/00,他に分類されないリボン，テープ，ウエルト，バンド，ビーズまたはその他の装飾細長片（ラミネートすることによってつくられたものＢ３２Ｂ；包装を目的とした結束Ｂ６５Ｄ；接着テープＣ０９Ｊ７／０２；織成によってつくられたものＤ０３；組成によってつくられたものＤ０４Ｃ）,他に分類されないリボン，テープ，ウエルト，バンド，ビーズまたはその他の装飾細長片（ラミネートすることによってつくられたものＢ３２Ｂ；包装を目的とした結束Ｂ６５Ｄ；接着テープＣ０９Ｊ７／２０；織成によってつくられたものＤ０３；組成によってつくられたものＤ０４Ｃ）
uploaded,タイトル変更,D21H 27/02,D21H 27/02,・・可とう性構造が使用者によって用いられるもの，例．壁紙（印刷壁紙Ｂ４１Ｍ３／１８；紙または織物上のフィルム状または箔状の接着剤Ｃ０９Ｊ７／０４）［５］,・・可とう性構造が使用者によって用いられるもの，例．壁紙（印刷壁紙Ｂ４１Ｍ３／１８；紙または織物上のフィルム状または箔状の接着剤Ｃ０９Ｊ７／２１）［５］
uploaded,タイトル変更,E01C 19/23,E01C 19/23,・・そのためのローラ；土の締め固めに使用できるローラ（Ｅ０１Ｃ１９／４３が優先；農業用のものはＡ０１Ｂ２９／００；庭園用ローラＡ０１Ｇ１／１２；雪面または氷面の整備または維持Ｅ０１Ｈ４／００；土の締め固め専用のものＥ０２Ｄ３／０２６）,・・そのためのローラ；土の締め固めに使用できるローラ（Ｅ０１Ｃ１９／４３が優先；農業用のものはＡ０１Ｂ２９／００；庭園用ローラＡ０１Ｇ２０／３５；雪面または氷面の整備または維持Ｅ０１Ｈ４／００；土の締め固め専用のものＥ０２Ｄ３／０２６）
uploaded,タイトル変更,E02D 29/00,E02D 29/00,地下または水中の独立構造物（地下タンクＢ６５Ｄ８８／７６；水工，例．止水または継手Ｅ０２Ｂ；地下駐車場Ｅ０４Ｈ６／００；地下防空壕Ｅ０４Ｈ９／１２；地下納骨堂Ｅ０４Ｈ１３／００；トンネルまたは地下道Ｅ２１Ｄ）；擁壁；管路の現場での作製，例．コンクリートによるもの,地下または水中の構造物（地下タンクＢ６５Ｄ８８／７６；水工，例．止水または継手Ｅ０２Ｂ；地下駐車場Ｅ０４Ｈ６／００；地下防空壕Ｅ０４Ｈ９／１２；地下納骨堂Ｅ０４Ｈ１３／００）；擁壁［６］
uploaded,タイトル変更,E02D 29/02 302,E02D 29/02 302,・・・板状ブロツクによるもの,・・・板状ブロックによるもの
uploaded,タイトル変更,E02D 29/02 303,E02D 29/02 303,・・・有控塊状ブロツクによるもの,・・・有控塊状ブロックによるもの
uploaded,タイトル変更,E02D 29/02 304,E02D 29/02 304,・・・無控塊状ブロツクによるもの,・・・無控塊状ブロックによるもの
uploaded,タイトル変更,E02D 29/02 305,E02D 29/02 305,・・・Ｌ型ブロツクによるもの,・・・Ｌ型ブロックによるもの
uploaded,タイトル変更,E02D 29/02 306,E02D 29/02 306,・・・柵組みブロツクによるもの,・・・柵組みブロックによるもの
uploaded,タイトル変更,E02D 29/02 307,E02D 29/02 307,・・・井桁組みブロツクによるもの,・・・井桁組みブロックによるもの
uploaded,タイトル変更,E02D 29/02 308,E02D 29/02 308,・・・非コンクリ－ト製部材によるもの,・・・非コンクリート製部材によるもの
uploaded,タイトル変更,E02D 29/02 309,E02D 29/02 309,・・・既製部材と場所打ちコンクリ－トによるもの,・・・既製部材と場所打ちコンクリートによるもの
uploaded,タイトル変更,E02D 29/02 310,E02D 29/02 310,・・・場所打ちコンクリ－トによるもの,・・・場所打ちコンクリートによるもの
uploaded,タイトル変更,E02D 29/02 311,E02D 29/02 311,・・擁壁の緑化，例．植生ブロツクによるもの,・・擁壁の緑化，例．植生ブロックによるもの
uploaded,タイトル変更,E02D 29/02 312,E02D 29/02 312,・・擁壁の排水，例．有孔ブロツクによるもの,・・擁壁の排水，例．有孔ブロックによるもの
uploaded,タイトル変更,E02D 29/12,E02D 29/12,・・マンホールの立孔；その他の検査室または通路室；そのため付帯設備（地下タンク用のものＢ６５Ｄ９０／１０；下水道用のものＥ０３Ｆ５／０２）,・マンホールの立孔；その他の検査室または通路室；そのため付帯設備（地下タンク用のものＢ６５Ｄ９０／１０；下水道用のものＥ０３Ｆ５／０２）［６］
uploaded,タイトル変更,E02D 29/14,E02D 29/14,・・・マンホールまたは類似物の覆い；覆いの枠,・・マンホールまたは類似物の蓋；蓋の枠［６］
uploaded,タイトル変更,E02D 29/14 B,E02D 29/14 B,開閉部，例．蝶番，取手,開閉部，例．蝶番または取手
uploaded,タイトル変更,E02D 29/14 C,E02D 29/14 C,パツキングを有するもの,パッキングを有するもの
uploaded,タイトル変更,E02D 29/14 D,E02D 29/14 D,蓋と蓋枠との接合面が傾斜しているもの〔Ｃ優先〕,蓋と蓋枠との接合面が傾斜しているもの（Ｅ０２Ｄ２９／１４Ｃ優先）
uploaded,タイトル変更,E02D 29/14 E,E02D 29/14 E,蓋自体の構造，例．積層蓋，滑止蓋,蓋自体の構造，例．積層蓋または滑止蓋
uploaded,タイトル変更,E04D 13/18,E04D 13/18,・エネルギー収集装置に関連する屋根ふき，例．ソーラーパネルを含むもの（屋根構造のために特に適合した太陽電池モジュールの支持構造Ｈ０２Ｓ２０／２３）［４，２０１４．０１］,・エネルギー収集装置における屋根ふきの観点，例．ソーラーパネルを含むもの（屋根構造に一体化される太陽熱集熱器Ｆ２４Ｓ２０／６７）［２０１８．０１］
uploaded,タイトル変更,E04F 11/00,E04F 11/00,階段，傾斜路または類似の構造物（はめこまれたまたは仕切られた階段２１／２６；仮設構造のものＥ０４Ｇ２７／００）；欄干；手すり（固定構造物に定常的に固着されたはしごＥ０６Ｃ９／００）,階段，傾斜路または類似の構造物（階段のはめこみまたは区分けＥ０４Ｆ２１／２６；仮設構造のものＥ０４Ｇ２７／００）；欄干；手すり（固定構造物に定常的に固着されたはしごＥ０６Ｃ９／００）
uploaded,タイトル変更,E04F 11/02,E04F 11/02,・材料に特徴のないもの；階段のレイアウト,・階段；そのレイアウト
uploaded,タイトル変更,E04F 11/16,E04F 11/16,・踏段の表面；端縁または隅の保護手段（単に敷いただけのおおいＡ４７Ｇ２７／００）,・・・その表面；その端縁または隅の保護手段（床用布帛，そのための留め具Ａ４７Ｇ２７／００）
uploaded,タイトル変更,E04F 11/16 502 K,E04F 11/16 502 K,・アンカ－金具によるもの,・アンカー金具によるもの
uploaded,タイトル変更,E04F 11/18,E04F 11/18,・欄干；手すり（船のガードレールＢ６３Ｂ；橋のためのものＥ０１Ｄ１９／１０；道路のためのものＥ０１Ｆ１３／００，１５／００；垣根Ｅ０４Ｈ１７／００）,・欄干；手すり（船のガードレールＢ６３Ｂ；橋のためのものＥ０１Ｄ１９／１０；道路のためのものＥ０１Ｆ１３／００，Ｅ０１Ｆ１５／００；垣根Ｅ０４Ｈ１７／００）
uploaded,タイトル変更,E05B 1/00,E05B 1/00,ウィング用のノブまたはハンドル（家具用Ａ４７Ｂ９５／０２）；ウィングに取り付けた錠またはラッチ用のノブ，ハンドルまたは押しボタン（Ｅ０５Ｂ５／００，Ｅ０５Ｂ７／００が優先）,ウィング用のノブまたはハンドル；ウィングに取り付けた錠またはラッチ用のノブ，ハンドルまたは押しボタン（Ｅ０５Ｂ５／００，Ｅ０５Ｂ７／００が優先）
uploaded,タイトル変更,E05B 15/00,E05B 15/00,錠のその他の細部；固定装置のボルトに係止する部品（錠または錠と関連したもの以外のウィング用の固定装置Ｅ０５Ｃ）,錠のその他の細部；固定装置のボルトに係止する部品
uploaded,タイトル変更,E05B 15/16,E05B 15/16,・錠部品への特殊材料の使用（ハンドル用Ｅ０５Ｂ１／００）,・錠部品への特殊材料の使用
uploaded,タイトル変更,E05B 17/00,E05B 17/00,錠に関係ある付属具（指示装置または時限装置をもつ錠はＥ０５Ｂ３９／００～Ｅ０５Ｂ４５／００が優先；緩衝器Ｅ０５Ｆ５／００；ウィングのがたつきを防止する手段Ｅ０５Ｆ７／０４；ウィングの重みを軽減する手段Ｅ０５Ｆ７／０６）［４］,錠に関係ある付属具（指示装置または時限装置をもつ錠はＥ０５Ｂ３９／００～Ｅ０５Ｂ４５／００が優先）［４］
uploaded,タイトル変更,E05B 37/00,E05B 37/00,符号錠（電気符号錠Ｅ０５Ｂ４９／００，自転車用Ｅ０５Ｂ７１／０２）；パズル錠,符号錠（電気符号錠Ｅ０５Ｂ４９／００）；パズル錠
uploaded,タイトル変更,E05B 39/02,E05B 39/02,・破壊可能の封かんシール，または封かん紙をもつもの（シールそれ自体Ｇ０９Ｆ３／００）［４］,・破壊可能の封かんシールまたは封かん紙をもつもの［４］
uploaded,タイトル変更,E05B 43/00,E05B 43/00,時限錠（予定時刻または予定時間後に作動する装置を仕組んだ時計または時計機構Ｇ０４Ｃ２３／００）,時限錠
uploaded,タイトル変更,E05B 45/00,E05B 45/00,警報錠（固定具をいたずらすることによって作動する警報装置一般Ｇ０８Ｂ）,警報錠
uploaded,タイトル変更,E05B 47/00,E05B 47/00,電気または磁気手段による錠またはその他の固定装置の操作または制御（電気符号錠Ｅ０５Ｂ４９／００；磁力または電磁力の吸引によるウイングの開き位置での保持または動作の制限Ｅ０５Ｃ１７／５６；鍵のスイッチＨ０１Ｈ２７／００）［２］,電気または磁気手段による錠またはその他の固定装置の操作または制御（電気符号錠Ｅ０５Ｂ４９／００）［２］
uploaded,タイトル変更,E05B 63/14,E05B 63/14,・数個の錠が配列されたものまたは数個のボルトをもつ錠，例．一方の後に他方が配列されるもの（数個の鍵先をもつ鍵に用いる錠Ｅ０５Ｂ３５／１４；ラッチ操作手段をもつものＥ０５Ｂ５９／００，Ｅ０５Ｂ６１／００；同一ウィング上の充分離れた位置における同時操作のボルトまたは他の係止装置の配置Ｅ０５Ｃ９／００）［４］,・数個の錠が配列されたものまたは数個のボルトをもつ錠，例．一方の後に他方が配列されるもの（ラッチ操作手段をもつものＥ０５Ｂ５９／００，Ｅ０５Ｂ６１／００）［４］
uploaded,タイトル変更,E05B 63/16,E05B 63/16,・各側のハンドルが別個に動くもの（ウィングハンドルの操作によって止められるラッチＥ０５Ｂ５５／１４）,・各側のハンドルが別個に動くもの
uploaded,タイトル変更,E05B 63/24,E05B 63/24,・互いに係合する固着部材がそれぞれウィングとフレームとに装着されていて，かつ共に移動できる装置，例．これら固着部材の一方を動かすことで解錠するためのもの（掛け金錠Ｅ０５Ｂ６５／４８；掛け金固定具Ｅ０５Ｃ１９／０８）［４］,・互いに係合する固着部材がそれぞれウィングとフレームとに装着されていて，かつ共に移動できる装置，例．これら固着部材の一方を動かすことで解錠するためのもの（掛け金錠Ｅ０５Ｂ６５／４８）［４］
uploaded,タイトル変更,E05B 65/04,E05B 65/04,・一つの後に他が重なって，同じ側で枢着されたウィング用（閉じたとき一方が他の後に来る二つのウィングに特に適合する固着装置Ｅ０５Ｃ７／０２）［４］,・一つの後に他が重なって，同じ側で枢着されたウィング用［４］
uploaded,タイトル変更,E05B 65/52,E05B 65/52,・衣服箱，箱，トランク，バスケット，旅行かばん，または類似のもの用の他の錠（かばんまたはトランクの閉鎖Ａ４５Ｃ１３／０６，Ａ４５Ｃ１３／１０，Ａ４５Ｃ１３／１６）,・衣服箱，箱，トランク，バスケット，旅行かばん，または類似のもの用の他の錠
uploaded,タイトル変更,E05B 69/00,E05B 69/00,衣類の鎖錠装置；鎖錠可能の衣類保持具またはハンガ（ドレスまたは帽子のホルダー一般Ａ４７Ｇ２５／００）,衣類の鎖錠装置；鎖錠可能の衣類保持具またはハンガ
uploaded,タイトル変更,E05B 69/02,E05B 69/02,・鎖錠可能の衣類掛け具（硬貨制御の鎖錠掛け具Ｇ０７Ｆ）,・鎖錠可能の衣類掛け具（硬貨制御の鎖錠掛け具Ｇ０７Ｆ１７／１０）
uploaded,タイトル変更,E05B 73/02,E05B 73/02,・歩行者用ステッキまたはかさ用（ステッキまたはかさの保持具一般Ａ４７Ｇ２５／１２）,・歩行者用ステッキまたはかさ用
uploaded,タイトル変更,E05B 85/02,E05B 85/02,・ケーシング（ケーシングの取り付けＥ０５Ｂ７９／０４）［２０１４．０１］,・ケーシング［２０１４．０１］
uploaded,タイトル変更,F02B 77/00 A,F02B 77/00 A,他の分類されない燃料容器の構造または配置〔燃料供給に特徴→Ｆ０２Ｍ３７／００，３０１〕〔配置に特徴→Ｆ０２Ｂ６７／００Ｄ〕〔車両用→Ｂ６０Ｋ１５／０２〕,他に分類されない燃料容器の構造または配置〔燃料供給に特徴→Ｆ０２Ｍ３７／００，３０１〕〔配置に特徴→Ｆ０２Ｂ６７／００Ｄ〕〔車両用→Ｂ６０Ｋ１５／０２〕
uploaded,タイトル変更,F16L 1/01,F16L 1/01,・・・配列のための付属品［５］,・・・位置合わせのためのもの［５］
uploaded,タイトル変更,F16L 1/23,F16L 1/23,・・・管伸張装置［６］,・・・管に張力をかける装置［６］
uploaded,タイトル変更,F16L 3/00,F16L 3/00,管，ケーブルまたは保護管類のための支持，例．ハンガ，ホルダ，クランブ，クリート，クリップ，ブラケット（地上または地中で管を保持するためのアンカーＦ１６Ｌ１／０６；特に適合させたハンガーや支持の形をした騒音吸収装置Ｆ１６Ｌ５５／０３５；絶縁される本体を支持するのに特に適した装置Ｆ１６Ｌ５９／１２）［５，７］,管，ケーブルまたは保護管類のための支持具，例．ハンガ，ホルダ，クランブ，クリート，クリップ，ブラケット（地上または地中で管を保持するためのアンカーＦ１６Ｌ１／０６；特に適合させたハンガーや支持の形をした騒音吸収装置Ｆ１６Ｌ５５／０３５；絶縁される本体を支持するのに特に適した装置Ｆ１６Ｌ５９／１２）［５，７］
uploaded,タイトル変更,F16L 3/015,F16L 3/015,・・間接接合部材または柔軟安全部材を用いるもの（空気圧，液圧または電力を作動部分または装置に伝達する手段のクレーンのための配列Ｂ６６Ｃ１３／１２）［６］,・・関節を有するまたは柔軟な案内部材を用いるもの（作動部分，装置に空気圧，液圧または電力を送るための手段のクレーンの配列Ｂ６６Ｃ１３／１２）［６］
uploaded,タイトル変更,F16L 3/04,F16L 3/04,・・壁などの支持体に対してそれを押しつけるもの,・・壁または他の支持具に対してそれを押しつけるもの
uploaded,タイトル変更,F16L 3/06,F16L 3/06,・・針金用の支持体をもつもの,・・ワイヤ用の支持具をもつもの
uploaded,タイトル変更,F16L 3/12,F16L 3/12,・・管，ケーブルまたは保護管類を大体において囲む一個の部材からなるもの,・・管，ケーブルまたは保護管類を大体において囲む一個の部材をもつもの
uploaded,タイトル変更,F16L 3/123,F16L 3/123,・・・取り付け面の表面に沿って伸びる部分をもつもの［５］,・・・取り付け面に沿って伸びているもの［５］
uploaded,タイトル変更,F16L 3/127,F16L 3/127,・・・取り付け面から離れる方向に伸びる部分をもつもの［５］,・・・取り付け面から離れる方向に伸びているもの［５］
uploaded,タイトル変更,F16L 3/13,F16L 3/13,・・・スナップ動作でかみあわせるもの［５］,・・・スナップ動作によりそれに係合するもの［５］
uploaded,タイトル変更,F16L 3/223,F16L 3/223,・・各支持体が管支持用の一個の横断基礎を有するもの（Ｆ１６Ｌ３／２３，Ｆ１６Ｌ３／２３７が優先）［６］,・・各支持具が管支持用の一個の横断基礎を有するもの（Ｆ１６Ｌ３／２３，Ｆ１６Ｌ３／２３７が優先）［６］
uploaded,タイトル変更,F16L 3/227,F16L 3/227,・・・各管が基礎に固定した別個の部材で支持されるもの［６］,・・・各管が基礎に固定された別々の要素で支持されるもの［６］
uploaded,タイトル変更,F16L 3/233,F16L 3/233,・・・柔軟帯輪を使ったもの［６］,・・・柔軟なバンドからなる手段によるもの［６］
uploaded,タイトル変更,F16L 15/08,F16L 15/08,・充填要素をもつもの（Ｆ１６Ｌ１５／０４が優先）［５］,・補足的要素をもつもの（Ｆ１６Ｌ１５／０４が優先）［５］
uploaded,タイトル変更,F16L 17/03,F16L 17/03,・・軸のまわりに環状のふちをもつもの［２］,・・環状の軸方向リップを有するもの［２］
uploaded,タイトル変更,F16L 17/067,F16L 17/067,・・合成樹脂密封環［６］,・・合成樹脂密封リング［６］
uploaded,タイトル変更,F16L 17/073,F16L 17/073,・・・密封環が互に平行な二個のリップ状のものを有するもの［６］,・・・密封リングが互に平行な２つのリップをもつもの［６］
uploaded,タイトル変更,F16L 23/02,F16L 23/02,・軸方向に張力をうける部材によって結合されるフランジ（Ｆ１６Ｌ２３／１２が優先）［２，５］,・フランジが軸方向に張力をうける部材によって結合されるもの（Ｆ１６Ｌ２３／１２が優先）［２，５］
uploaded,タイトル変更,F16L 23/036,F16L 23/036,・・締付け部材に特徴があるもの，例．特別に用いられるボルトまたはＣ型クランプ［５］,・・締付け部材に特徴があるもの，例．特に適合したボルトまたはＣ型クランプ［５］
uploaded,タイトル変更,F16L 23/04,F16L 23/04,・半径方向に張力を受ける部材によって結合されるフランジ（Ｆ１６Ｌ２３／１２が優先）［２，５］,・フランジが半径方向に張力を受ける部材によって結合されるもの（Ｆ１６Ｌ２３／１２が優先）［２，５］
uploaded,タイトル変更,F16L 25/03,F16L 25/03,・・一方の管が他方の管の中に差し込まれており，二つの管の間にスリーブのない継ぎ手［７］,・・切り離しできない管継ぎ手におけるもの［７］
uploaded,タイトル変更,F16L 27/103,F16L 27/103,・・剪断と屈曲からなる強制を受ける柔軟部材，例．ゴム－金属薄板，が部分的に曲面間にさしはさまれているもの［６］,・・剪断と屈曲を強制される柔軟な要素，例．ゴム－金属積層体，が部分的に曲がった表面間に挟まれているもの［６］
uploaded,タイトル変更,F16L 37/35,F16L 37/35,・・・・弁の少なくとも一つが，側面開口部を通して作用する手段と係合する，軸周りの凹部を持つもの［７］,・・・・弁の少なくとも一つが，側面開口部と連通する軸方向縦孔を持つもの［７］
uploaded,タイトル変更,F16L 37/42,F16L 37/42,・・・・弁が側面開口部を通して作用される手段と係合する軸周の凹部をもつもの［５］,・・・・弁が側面開口部と連通する軸方向縦孔を持つもの［５］
uploaded,タイトル変更,F16L 37/58,F16L 37/58,・定位置でロックされずにお互い押し合う継ぎ手の両方の半体の先端部分［５］,・継ぎ手の２つの半体の先端部が定位置にロックされずに互いに押し合うもの［５］
uploaded,タイトル変更,F16L 41/02,F16L 41/02,・分岐単位，例．一片で作られたもの，溶接されたもの，リベット止めされたもの,・分岐ユニット，例．一片で作られたもの，溶接されたもの，リベット止めされたもの
uploaded,タイトル変更,F16L 47/32,F16L 47/32,・・分岐単位，例．一片で作られたもの，溶接されたもの，リペット止めされたもの［７］,・・分岐ユニット，例．一片で作られたもの，溶接されたもの，リベット止めされたもの［７］
uploaded,タイトル変更,F16L 53/00,F16L 53/00,加熱管，冷却管，加熱管系または冷却管系（管の凍結を防ぐもの，凍結管を融解するものＥ０３Ｂ７／１２，Ｅ０３Ｂ７／１４；管路系，管路Ｆ１７Ｄ）,管または管系の加熱；管または管系の冷却［２０１８．０１］
uploaded,タイトル変更,F16L 55/16,F16L 55/16,・管またはホースにおける漏水を被覆する装置，例．ホース補修具［１，７］,・管またはホースにおける漏洩部を被覆する装置，例．ホース補修具［１，７］
uploaded,タイトル変更,F16L 55/162,F16L 55/162,・・管の内側からのもの（湾曲部，分岐単位，分岐管，または類似物に特に適合するものＦ１６Ｌ５５／１７９）［５，７］,・・管の内側からのもの（ベンド，分岐ユニット，分岐管，またはそれに類するものに特に適合するものＦ１６Ｌ５５／１７９）［５，７］
uploaded,タイトル変更,F16L 55/168,F16L 55/168,・・管の外側からのもの（湾曲部，分岐単位，分岐管，または類似物に特に適合するものＦ１６Ｌ５５／１７９）［５，７］,・・管の外側からのもの（ベンド，分岐ユニット，分岐管，またはそれに類するものに特に適合するものＦ１６Ｌ５５／１７９）［５，７］
uploaded,タイトル変更,F16L 55/179,F16L 55/179,・・湾曲部，分岐単位，分岐管，または類似物に特に適合するもの［７］,・・ベンド，分岐ユニット，分岐管またはそれに類するものに特に適合するもの［７］
uploaded,タイトル変更,F16L 55/26,F16L 55/26,・ピグまたはモール，すなわち，管内または管路内で移動できる，自蔵の推進手段を持った（あるいは持たない）装置（トンネル鉄道方式Ｂ６１Ｂ１３／１０；管またはチューブを通じる物品の運搬，例．チューブメイルシステム，Ｂ６５Ｇ５１／００）［５］,・ピグまたはモール，すなわち，管内または管路内で移動できる，自蔵の推進手段を持ったまたは持たない装置（トンネル鉄道方式Ｂ６１Ｂ１３／１０；管またはチューブを通じる物品の運搬，例．チューブメイルシステム，Ｂ６５Ｇ５１／００）［５］
uploaded,タイトル変更,F16L 55/46,F16L 55/46,・・ピグまたはモールの前進または引戻し［６］,・・ピグまたはモールの発進または回収［６］
uploaded,タイトル変更,F16L 59/02,F16L 59/02,・絶縁材の形式，絶縁材から成るカバーを有するかまたは有しないもの（化学的事項は関連クラスを参照）,・絶縁材と一体のカバーを有するかまたは有しない、絶縁材の形状または形態（化学的事項は関連クラスを参照）
uploaded,タイトル変更,F16L 59/04,F16L 59/04,・乾燥充てん材を用いる装置，例．スラグウールを用いるもの,・乾燥充てん材を用いる，例．スラグウールを用いる，装置
uploaded,タイトル変更,F21K 2/00,F21K 2/00,ルミネセンスを用いる光源（発光物質Ｃ０９Ｋ１１／００；光スクリーンの発光物質の選択Ｆ２１Ｖ９／１６；放射線による励起を用いるものＧ２１Ｈ３／０２，Ｈ０１Ｊ６５／０６，Ｈ０１Ｊ６５／０８；ルミネセンスによって，ガス放電ランプまたは蒸気放電ランプの光の波長を変化させるものＨ０１Ｊ６１／４２；電場発光光源Ｈ０５Ｂ３３／００）　［２，７］,ルミネセンスを用いた非電気的光源（放射線による励起を用いるものＧ２１Ｈ３／０２，Ｈ０１Ｊ６５／０６，Ｈ０１Ｊ６５／０８；外部の電磁場または外部の粒子放射による励起を用いるものＨ０１Ｊ６５／０４）；電気化学発光を用いる光源［２，７］
uploaded,タイトル変更,F21K 5/00,F21K 5/00,可燃性物質を充填使用する光源，例．照明用閃光装置（火薬または発熱性組成物Ｃ０６Ｂ；花火Ｆ４２Ｂ４／００；写真用閃光装置Ｇ０３Ｂ１５／０３）［３，５］,可燃性物質を充填使用する光源，例．照明用閃光装置［３，５］
uploaded,タイトル変更,F21S 8/00 110,F21S 8/00 110,・・ブラケツト型［例．「図」］,・・ブラケット型，例．「図」
uploaded,タイトル変更,F21S 8/00 120,F21S 8/00 120,・・電気接続具を有するもの［例．ナイトライト］,・・電気接続具を有するもの，例．ナイトライト
uploaded,タイトル変更,F21S 8/00 300,F21S 8/00 300,・特に足元を照らすことを目的としたもの［例．足元灯］,・特に足元を照らすことを目的としたもの，例．足元灯
uploaded,タイトル変更,F21S 8/02,F21S 8/02,・凹部に取付けるタイプのもの，例．ダウンライト（Ｆ２１Ｓ８／１０が優先）［７］,・凹部に取付けるタイプのもの，例．ダウンライト（車両外部に特に適合するものＦ２１Ｓ４１／００～Ｆ２１Ｓ４５／００）［７］
uploaded,タイトル変更,F21S 8/02 300,F21S 8/02 300,・・特に足元を照らすことを目的としたもの。足元灯,・・特に足元を照らすことを目的としたもの，例．足元灯
uploaded,タイトル変更,F21S 8/02 400,F21S 8/02 400,・・天井灯［例．ダウンライト，埋込灯，「図」］,・・天井灯，例．ダウンライト，埋込灯または「図」
uploaded,タイトル変更,F21S 8/02 410,F21S 8/02 410,・・・特に配光のための構造に特徴を有するもの，例．補助ミラ－を設けるもの，ランプ，反射板を回転，昇降自在にしたもの,・・・特に配光のための構造に特徴を有するもの，例．補助ミラーを設けるもの，ランプ，反射板を回転または昇降自在にしたもの
uploaded,タイトル変更,F21S 8/02 420,F21S 8/02 420,・・・取付，支持のための構造または方法に特徴があるもの（例．挿入時の折りたたみ構造など）（取付手段についてはＦ２１Ｖ２１／０４も付与）,・・・取付，支持のための構造または方法に特徴があるもの，例．挿入時の折りたたみ構造など（取付手段についてはＦ２１Ｖ２１／０４も付与）
uploaded,タイトル変更,F21S 8/02 430,F21S 8/02 430,・・・回路、電源などの配置、取付に特徴があるもの,・・・回路，電源などの配置または取付に特徴があるもの
uploaded,タイトル変更,F21S 8/04 100,F21S 8/04 100,・・配光に特徴を有するもの［配光のための構造に特徴を有するもの］,・・配光に特徴を有するもの；配光のための構造に特徴を有するもの
uploaded,タイトル変更,F21S 8/04 110,F21S 8/04 110,・・シャーシの構造及び組付に特徴を有するもの,・・シャーシの構造および組付に特徴を有するもの
uploaded,タイトル変更,F21S 8/04 120,F21S 8/04 120,・・光源が露出しているもの［例．「図」］,・・光源が露出しているもの，例．「図」
uploaded,タイトル変更,F21S 8/04 130,F21S 8/04 130,・・グローブを有するもの［例．「図」］,・・グローブを有するもの，例．「図」
uploaded,タイトル変更,F21S 8/04 210,F21S 8/04 210,・・・装飾体に特徴を有するもの［例．ガラス玉，ガラス棒，反射片等］,・・・装飾体に特徴を有するもの，例．ガラス玉，ガラス棒または反射片
uploaded,タイトル変更,F21S 8/04 320,F21S 8/04 320,・・光源の向き又は位置を移動可能であるもの,・・光源の向きまたは位置を移動可能であるもの
uploaded,タイトル変更,F21S 8/04 410,F21S 8/04 410,・・・単方向の連結に特徴を有するもの［例．「図」］,・・・単方向の連結に特徴を有するもの，例．「図」
uploaded,タイトル変更,F21S 8/04 420,F21S 8/04 420,・・・・垂直方向に連結されるもの［例．「図」］,・・・・垂直方向に連結されるもの，例．「図」
uploaded,タイトル変更,F21S 8/04 430,F21S 8/04 430,・・・多方向の連結に特徴を有するもの［例．「図」「図」「図」「図」］,・・・多方向の連結に特徴を有するもの，例．「図」「図」「図」「図」
uploaded,タイトル変更,F21S 8/04 440,F21S 8/04 440,・・・全体で１つの照明装置を構成するもの［例．「図」］［システム照明］,・・・全体で１つの照明装置を構成するもの，例．「図」，システム照明
uploaded,タイトル変更,F21S 8/04 450,F21S 8/04 450,・・・他の物品の連結も同時に行うもの，例．ソケツトの連結，吊下げボルトの連結,・・・他の物品の連結も同時に行うもの，例．ソケットの連結または吊下げボルトの連結
uploaded,タイトル変更,F21S 8/08 100,F21S 8/08 100,・・道路灯［例．支柱や電信柱に配置された道路用照明装置］,・・道路灯，例．支柱や電信柱に配置された道路用照明装置
uploaded,タイトル変更,F21S 8/08 110,F21S 8/08 110,・・・ハイウエイ型［例．「図」］,・・・ハイウェイ型，例．「図」
uploaded,タイトル変更,F21S 8/08 120,F21S 8/08 120,・・・直立状型［例．「図」］［例．支柱頂部に灯具が載置されたもの］,・・・直立状型，例．「図」または支柱頂部に灯具が載置されたもの
uploaded,タイトル変更,F21S 8/08 200,F21S 8/08 200,・・・配光に特徴を有するもの［配光のための構造に特徴を有するもの］,・・・配光に特徴を有するもの；配光のための構造に特徴を有するもの
uploaded,タイトル変更,F21S 8/08 410,F21S 8/08 410,・・・土台への取り付け［例．土台部分と支柱との取付構造に特徴があるもの］,・・・土台への取り付け，例．土台部分と支柱との取付構造に特徴があるもの
uploaded,タイトル変更,F21S 8/08 420,F21S 8/08 420,・・・支柱と灯具固定用アームとの取付構造に特徴があるもの［例．「図」］,・・・支柱と灯具固定用アームとの取付構造に特徴があるもの，例．「図」
uploaded,タイトル変更,F21S 8/08 430,F21S 8/08 430,・・・・支柱頂部に灯具固定用アームを取り付けるもの［例．「図」］,・・・・支柱頂部に灯具固定用アームを取り付けるもの，例．「図」
uploaded,タイトル変更,F21S 8/08 440,F21S 8/08 440,・・・支柱に可動（例．傾倒，伸縮）部分または可動アームを有するもの,・・・支柱に可動，例．傾倒，伸縮，部分または可動アームを有するもの
uploaded,タイトル変更,F21S 8/08 510,F21S 8/08 510,・・・設置脚部に特徴のあるもの［例．「図」］,・・・設置脚部に特徴のあるもの，例．「図」
uploaded,タイトル変更,F21V 1/00 300,F21V 1/00 300,・透孔を設けたもの［例．放熱孔・コ－ド孔］,・透孔を設けたもの，例．放熱孔またはコード孔
uploaded,タイトル変更,F21V 1/02 130,F21V 1/02 130,・・・嵌合片・係止片で固定したもの,・・・嵌合片または係止片で固定したもの
uploaded,タイトル変更,F21V 1/12 100,F21V 1/12 100,・・１つの素片により組み立てたもの［例　展開図に特徴があるもの］,・・１つの素片により組み立てたもの，例．展開図に特徴があるもの
uploaded,タイトル変更,F21V 1/14 113,F21V 1/14 113,・・・・嵌合片・係止片,・・・・嵌合片；係止片
uploaded,タイトル変更,F21V 1/14 115,F21V 1/14 115,・・・・係止具［例　クリップ］,・・・・係止具，例．クリップ
uploaded,タイトル変更,F21V 1/14 310,F21V 1/14 310,・・・線状部材を用いるもの［例　ひご状の物を編み込んで用いるもの］,・・・線状部材を用いるもの，例　ひご状の物を編み込んで用いるもの
uploaded,タイトル変更,F21V 1/16,F21V 1/16,・・材料に特徴のあるもの,・・材料に特徴のあるもの［２０１８．０１］
uploaded,タイトル変更,F21V 1/16 330,F21V 1/16 330,・・・・繊維［例　紙］と他の材料を組み合せたもの,・・・・繊維，例．紙，と他の材料を組み合せたもの
uploaded,タイトル変更,F21V 1/26 300,F21V 1/26 300,・・枠に吹きつけ又は塗着するもの,・・枠に吹きつけまたは塗着するもの
uploaded,タイトル変更,F21V 3/04,F21V 3/04,・材料に特徴のあるもの；表面処理またはコーティングに特徴のあるもの,・材料，表面処理またはコーティングに特徴のあるもの［２０１８．０１］
uploaded,タイトル変更,F21V 5/00,F21V 5/00,光源用の屈折器（冷却手段に特徴のあるものＦ２１Ｖ２９／５０４）［１，２０１５．０１］,光源用の屈折器（冷却手段に特徴のあるものＦ２１Ｖ２９／５０４）［２０１８．０１］
uploaded,タイトル変更,F21V 7/04 110,F21V 7/04 110,・・・梨地又は槌目状にしたもの,・・・梨地または槌目状にしたもの
uploaded,タイトル変更,F21V 7/22,F21V 7/22,・材料に特徴のあるもの；表面処理またはコーティングに特徴のあるもの,・材料，表面処理またはコーティングに特徴のあるもの，例．ダイクロイックリフレクタ［２０１８．０１］
uploaded,タイトル変更,F21V 9/00,F21V 9/00,光フィルタ（色付きかさＦ２１Ｖ１／００；冷却手段に特徴のあるものＦ２１Ｖ２９／５０２）；光スクリーン用の発光物質の選択［１，２０１５．０１］,放射光の分光特性，偏光または強度を修正する要素，例．フィルタ（色付きかさＦ２１Ｖ１／００；冷却手段に特徴のあるものＦ２１Ｖ２９／５０２）［２０１８．０１］
uploaded,タイトル変更,F21V 9/02,F21V 9/02,・昼光に似せたもの（Ｆ２１Ｖ９／０４，Ｆ２１Ｖ９／０６，Ｆ２１Ｖ９／１６が優先）,・昼光に似せたもの（Ｆ２１Ｖ９／０４，Ｆ２１Ｖ９／０６が優先）［２０１８．０１］
uploaded,タイトル変更,F21V 9/04,F21V 9/04,・赤外線カットフィルタ（液体を満たした容器を用いるものＦ２１Ｖ９／１２）,・赤外線カットフィルタ（ダイクロイックリフレクタＦ２１Ｖ７／２２；液体を満たした容器を用いるものＦ２１Ｖ９／１２）［２０１８．０１］
uploaded,タイトル変更,F21V 9/06,F21V 9/06,・紫外線カットフィルタ（Ｆ２１Ｖ９／１６が優先）,・紫外線カットフィルタ［２０１８．０１］
uploaded,タイトル変更,F21V 9/08,F21V 9/08,・色光，例．単色光，を作るもの；光の強度を減少するもの（Ｆ２１Ｖ９／１６が優先）,・色光，例．単色光，を作るもの；光の強度を減少するもの（色を制御するものＦ２１Ｖ９／４０）［２０１８．０１］
uploaded,タイトル変更,F21V 13/00,F21V 13/00,メイングループＦ２１Ｖ１／００～Ｆ２１Ｖ１１／００までの２以上にわたる要素の組み合わせにより，光の特有な性質または配光を得るもの（部品を調整して光の性質または配光を変えるものＦ２１Ｖ１４／００）［１，７］,メイングループＦ２１Ｖ１／００～Ｆ２１Ｖ１１／００までの２以上にわたる要素の組み合わせにより，光の特有な性質または配光を得るもの（要素を調整して配光を制御するものＦ２１Ｖ１４／００）［１，７］
uploaded,タイトル変更,F21V 13/02 100,F21V 13/02 100,・・要素が，グローブ［３／００］および反射器［７／００］であるもの,・・要素が，グローブおよび反射器であるもの，すなわちＦ２１Ｖ３／００の要素およびＦ２１Ｖ７／００の要素であるもの
uploaded,タイトル変更,F21V 13/02 200,F21V 13/02 200,・・要素が，屈折器［５／００］および光フィルタ［９／００］であるもの,・・要素が，屈折器および光フィルタであるもの，すなわちＦ２１Ｖ５／００の要素およびＦ２１Ｖ９／００の要素であるもの
uploaded,タイトル変更,F21V 13/02 300,F21V 13/02 300,・・要素が，屈折器［５／００］およびスクリーン［１１／００］であるもの,・・要素が，屈折器およびスクリーンであるもの，すなわちＦ２１Ｖ５／００の要素およびＦ２１Ｖ１１／００の要素であるもの
uploaded,タイトル変更,F21V 13/02 400,F21V 13/02 400,・・要素が，光源，及びメイングループ１／００から１１／００までの１つの要素であるもの　［例　光源との位置関係のみに特徴のあるグローブ］,・・要素が，光源，およびメイングループＦ２１Ｖ１／００からＦ２１Ｖ１１／００までの１つの要素であるもの，例．光源との位置関係のみに特徴のあるグローブ
uploaded,タイトル変更,F21V 13/08,F21V 13/08,・・要素が反射器およびフィルタであるもの,・・要素がフィルタまたはフォトルミネセンス要素および反射器であるもの
uploaded,タイトル変更,F21V 13/12 100,F21V 13/12 100,・・要素が反射器，屈折器およびスクリ－ンであるもの,・・要素が反射器，屈折器およびスクリーンであるもの
uploaded,タイトル変更,F21V 13/12 300,F21V 13/12 300,・・要素が，光源，及びメイングループ１／００から１１／００までの２つの要素であるもの,・・要素が，光源，およびメイングループ１／００から１１／００までの２つの要素であるもの
uploaded,タイトル変更,F21V 13/14,F21V 13/14,・・要素が反射器，屈折器およびフィルタであるもの,・・要素がフィルタまたはフォトルミネセンス要素，反射器および屈折器であるもの
uploaded,タイトル変更,F21V 14/00,F21V 14/00,部品を調整して光の性質または配光を変えるもの（曲面を調整できる反射器Ｆ２１Ｖ７／１６；色または強度を変えられる光フィルターＦ２１Ｖ９／１０；調整可能な平行な薄片または条片，例．ベネチアンブラインド形，を用いるスクリーンＦ２１Ｖ１１／０４；アイリス型絞りを用いるスクリーンＦ２１Ｖ１１／１０；穴のない可動板，例．フラップまたはスライド，を用いるスクリーンＦ２１Ｖ１１／１８；照明装置の調整可能な取付具Ｆ２１Ｖ２１／１４）［７］,要素を調整して配光を制御するもの（曲面を調整できる反射器Ｆ２１Ｖ７／１６；色または強度を制御する光フィルタ等Ｆ２１Ｖ９／４０；調整可能な平行な薄片または条片を用いるスクリーンＦ２１Ｖ１１／０４；アイリス型絞りを用いるスクリーンＦ２１Ｖ１１／１０；穴のない可動板を用いるスクリーンＦ２１Ｖ１１／１８；照明装置の調整可能な取付具Ｆ２１Ｖ２１／１４）［２０１８．０１］
uploaded,タイトル変更,F21V 14/00 200,F21V 14/00 200,・光の拡散・集中を切り換えるためのもの,・光の拡散と集中を切り換えるためのもの
uploaded,タイトル変更,F21V 14/00 400,F21V 14/00 400,・光源の発光点を動かすことによるもの［例　放電アークを曲げる磁石］,・光源の発光点を動かすことによるもの，例．放電アークを曲げる磁石
uploaded,タイトル変更,F21V 14/02 200,F21V 14/02 200,・・照明装置内で光源部［光源と他の部品が一体になったもの］を動かすもの,・・照明装置内で光源部，すなわち光源と他の部品が一体になったもの，を動かすもの
uploaded,タイトル変更,F21W 111:00,F21W 111:00,１０１／００に分類されない，信号用，マーキング用または表示用の照明装置やシステムの使用または適用［７］,グループＦ２１Ｗ１０２／００～Ｆ２１Ｗ１０７／００に分類されない，信号表示用，マーキング用もしくは表示用の照明装置もしくはシステムの使用または適用［２０１８．０１］
uploaded,タイトル変更,F21W 121:00,F21W 121:00,装飾に使用または適用される照明装置やシステム［７］,グループＦ２１Ｗ１０２／００～Ｆ２１Ｗ１０７／００に分類されない，装飾用の照明装置もしくはシステムの使用または適用［７］
uploaded,タイトル変更,F21W 131:00,F21W 131:00,グループＦ２１Ｗ１０１／００～Ｆ２１Ｗ１２１／００に分類されない照明装置やシステムの使用または適用［７］,グループＦ２１Ｗ１０２／００～Ｆ２１Ｗ１２１／００に分類されない，照明装置もしくはシステムの使用または適用［７］
uploaded,タイトル変更,F22B 1/00,F22B 1/00,加熱方法の形式に特徴がある蒸気発生法（太陽熱の使用Ｆ２４Ｊ２／００；蒸気が発生し他の装置を冷却するのに役立つジャケットまたは他の冷却手段はそのような装置のサブクラスを参照）,加熱方法の形式に特徴がある蒸気発生法（太陽熱の使用Ｆ２４Ｓ；蒸気が発生し他の装置を冷却するのに役立つジャケットまたは他の冷却手段はそのような装置のサブクラスを参照）
uploaded,タイトル変更,F22G 1/00,F22G 1/00,加熱方法に特徴がある蒸気の過熱（遊離酸素ガスの供給を伴わない発熱化学反応で，そこからの熱を用いる装置Ｆ２４Ｊ）,加熱方法に特徴がある蒸気の過熱（遊離酸素ガスの供給を伴わない発熱化学反応で，そこからの熱を用いる装置Ｆ２４Ｖ３０／００）
uploaded,タイトル変更,F24C 9/00,F24C 9/00,グループＦ２４Ｃ３／００～Ｆ２４Ｃ７／００またはサブクラスＦ２４Ｂに包含されないエネルギ供給の単一の型式により加熱されるストーブまたはレンジ（遊離酸素ガスの供給を必要としない発熱反応からの熱を使用するもの，太陽熱を使用するものＦ２４Ｊ）,グループＦ２４Ｃ３／００～Ｆ２４Ｃ７／００またはサブクラスＦ２４Ｂに包含されないエネルギ供給の単一の型式により加熱されるストーブまたはレンジ（太陽熱を使用するものＦ２４Ｓ２０／３０；遊離酸素ガスの供給を必要としない発熱反応からの熱を使用するものＦ２４Ｖ３０／００）
uploaded,タイトル変更,F24F 11/00,F24F 11/00,制御または安全方式またはそれらの装置［３］,制御または安全方式またはそれらの装置［２０１８．０１］
uploaded,タイトル変更,F25C 1/00 301,F25C 1/00 301,・制御、安全方式またはそれらの装置,・制御，安全方式またはそれらの装置
uploaded,タイトル変更,F25C 1/00 301 A,F25C 1/00 301 A,製氷型または冷却器の温度測定により製氷完了を検知するもの〔Ｂ優先〕,製氷型または冷却器の温度測定により製氷完了を検知するもの（Ｆ２５Ｃ１／００　３０１Ｂが優先）
uploaded,タイトル変更,F25C 1/00 301 B,F25C 1/00 301 B,製氷完了検知機構にタイマ－を用いたもの,製氷完了検知機構にタイマーを用いたもの
uploaded,タイトル変更,F25C 1/00 B,F25C 1/00 B,混入物〔例．着色剤〕または挿入物〔例．造花〕を付加した氷の製造；実験用水槽で使用する氷の製造〔船舶試験用水槽Ｇ０１Ｍ１０／００〕,混入物，例．着色剤，または挿入物，例．造花，を付加した氷の製造；実験用水槽で使用する氷の製造（船舶試験用水槽Ｇ０１Ｍ１０／００）
uploaded,タイトル変更,F25C 1/00 D,F25C 1/00 D,蓄冷のための氷の製造〔水中に浸す製氷型によるもの１／０８Ａ；スクレ－ピングまたはウエツジングにより除氷される薄氷の製造１／１４；蓄氷量検知５／１８　３０２Ｄ〕,蓄冷のための氷の製造（水中に浸す製氷型によるものＦ２５Ｃ１／０８Ａ；削り取られるかまたは楔で割り取られる薄氷を形成するものＦ２５Ｃ１／１４；蓄氷量検知Ｆ２５Ｃ５／１８７Ｄ）
uploaded,タイトル変更,F25C 1/04,F25C 1/04,・固定製氷型の使用によるもの,・固定製氷型の使用によるもの［２０１８．０１］
uploaded,タイトル変更,F25C 1/04 302,F25C 1/04 302,・・・制御、安全方式またはそれらの装置,・・・制御，安全方式またはそれらの装置
uploaded,タイトル変更,F25C 1/04 302 A,F25C 1/04 302 A,循環水量の減少を測定することにより製氷完了を検知するもの；循環水の噴出圧力の変化を測定することにより製氷完了を検知するもの〔Ｃ優先〕,循環水量の減少を測定することにより製氷完了を検知するもの；循環水の噴出圧力の変化を測定することにより製氷完了を検知するもの（Ｆ２５Ｃ１／０４　３０２Ｃが優先）
uploaded,タイトル変更,F25C 1/04 302 B,F25C 1/04 302 B,製氷型または冷却器の温度測定により製氷完了を検知するもの〔Ｃ優先〕,製氷型または冷却器の温度測定により製氷完了を検知するもの（Ｆ２５Ｃ１／０４　３０２Ｃが優先）
uploaded,タイトル変更,F25C 1/04 302 C,F25C 1/04 302 C,製氷完了検知機構にタイマ－を用いたもの,製氷完了検知機構にタイマーを用いたもの
uploaded,タイトル変更,F25C 1/01 301 A,F25C 1/01 301 A,製氷皿の中心付近に設けられた水平な回動軸により製氷皿を回転し，反転するもの〔製氷皿の端部に回動軸を設けたもの，あるいは回転角が小さくて反転しないものＺ；貯水量検知装置，５／１８　３０８Ｂ；冷蔵庫製氷室内の冷気の循環，Ｆ２５Ｄ　１７／０４　３０２，３０３，１７／０６　３０８，１７／０８　３０７，３０８〕,製氷皿の中心付近に設けられた水平な回動軸により製氷皿を回転し，反転するもの（製氷皿の端部に回動軸を設けたもの，または回転角が小さくて反転しないものＦ２５Ｃ１／１０　３０１Ｚ；冷蔵庫製氷室内の冷気の循環Ｆ２５Ｄ１７／０４　３０２～３０３，Ｆ２５Ｄ１７／０６　３０８，Ｆ２５Ｄ１７／０８　３０７～３０８）
uploaded,タイトル変更,F25C 1/01 301 B,F25C 1/01 301 B,・製氷皿の駆動機構，例．軸受〔Ｄ優先〕,・製氷皿の駆動機構，例．軸受（Ｆ２５Ｃ１／１０　３０１Ｄが優先）
uploaded,タイトル変更,F25C 1/01 302,F25C 1/01 302,・・・制御、安全方式またはそれらの装置,・・・制御，安全方式またはそれらの装置
uploaded,タイトル変更,F25C 1/01 302 A,F25C 1/01 302 A,製氷皿または冷却器の温度測定により製氷完了を検知するもの〔Ｃ優先〕,製氷皿または冷却器の温度測定により製氷完了を検知するもの（Ｆ２５Ｃ１／１０　３０２Ｃが優先）
uploaded,タイトル変更,F25C 1/01 302 B,F25C 1/01 302 B,・温度センサ－またはそのリ－ド線の配置と取り付け,・温度センサーまたはそのリード線の配置と取り付け
uploaded,タイトル変更,F25C 1/01 302 C,F25C 1/01 302 C,製氷完了検知機構にタイマ－を用いたもの,製氷完了検知機構にタイマーを用いたもの
uploaded,タイトル変更,F25C 1/01 302 D,F25C 1/01 302 D,製氷皿回動制御のためのカムまたはカムスイツチの配置と取り付け,製氷皿回動制御のためのカムまたはカムスイッチの配置と取り付け
uploaded,タイトル変更,F25C 1/01 303,F25C 1/01 303,・・他の運動が可能な製氷型の使用によるもの、例．冷蔵庫用冷凍皿の使用によるもの,・・他の運動が可能な製氷型の使用によるもの，例．冷蔵庫用冷凍皿の使用によるもの
uploaded,タイトル変更,F25C 1/01 303 A,F25C 1/01 303 A,冷蔵庫用のもの〔透明氷の製造１／１８，１／２０〕,冷蔵庫用のもの（透明氷の製造Ｆ２５Ｃ１／１８～１／２０）
uploaded,タイトル変更,F25C 1/12 301,F25C 1/12 301,・・制御、安全方式またはそれらの装置,・・制御，安全方式またはそれらの装置
uploaded,タイトル変更,F25C 1/12 301 A,F25C 1/12 301 A,循環水量の減少を測定することにより製氷完了を検知するもの〔Ｄ優先〕,循環水量の減少を測定することにより製氷完了を検知するもの（Ｆ２５Ｃ１／１０　３０１Ｄが優先）
uploaded,タイトル変更,F25C 1/12 301 B,F25C 1/12 301 B,製氷板または冷却器の温度測定により製氷完了を検知するもの〔Ｄ優先〕,製氷板または冷却器の温度測定により製氷完了を検知するもの（Ｆ２５Ｃ１／１０　３０１Ｄが優先）
uploaded,タイトル変更,F25C 1/12 301 C,F25C 1/12 301 C,氷の厚さ測定により製氷完了を検知するもの，例．氷成長による循環水の流路変更を利用して厚さを測定するもの〔Ｄ優先〕,氷の厚さ測定により製氷完了を検知するもの，例．氷成長による循環水の流路変更を利用して厚さを測定するもの（Ｆ２５Ｃ１／１０　３０１Ｄが優先）
uploaded,タイトル変更,F25C 1/12 301 D,F25C 1/12 301 D,製氷完了検知機構にタイマ－を用いたもの,製氷完了検知機構にタイマーを用いたもの
uploaded,タイトル変更,F25C 1/14,F25C 1/14,・・削り取られるかまたは楔で割り取られる薄氷を形成するもの，例．フレーク氷を形成するもの,・・削り取られるかまたは楔で割り取られる薄氷を形成するもの，例．フレーク氷を形成するもの［２０１８．０１］
uploaded,タイトル変更,F25C 1/18 A,F25C 1/18 A,透明な氷の製造，例．振動によるもの〔冷蔵庫用製氷皿の敷物１／１０　３０３Ｃ〕,透明な氷の製造，例．振動によるもの（冷蔵庫用製氷皿の敷物Ｆ２５Ｃ１／１０　３０３Ｃ）
uploaded,タイトル変更,F25C 1/02 B,F25C 1/02 B,・空気の吹き込みにより撹拌するもの,・空気の吹き込みにより攪拌するもの
uploaded,タイトル変更,F25C 1/22,F25C 1/22,・製氷型の構造；製氷型への注水装置（体積による計量一般Ｇ０１Ｆ）,・製氷型の構造；製氷型への注水装置［２０１８．０１］
uploaded,タイトル変更,F25C 1/24,F25C 1/24,・・冷蔵庫用，例．製氷皿,・・冷蔵庫のためのもの，例．製氷皿［２０１８．０１］
uploaded,タイトル変更,F25C 1/24 303,F25C 1/24 303,・・・・・特殊形状氷，すなわち６面体以外の形状をした氷または表面に装飾模様をもつ氷，のためのもの（脱氷を行わないもの３０１）,・・・・特殊形状氷，すなわち６面体以外の形状をした氷または表面に装飾模様をもつ氷，のためのもの
uploaded,タイトル変更,F25C 1/24 304,F25C 1/24 304,・・・・・・曲面をもつ幾何学形状の氷，例．球形氷，ためのもの；６面体以外の多面体の形状をした氷のためのもの,・・・・・曲面をもつ幾何学形状の氷，例．球形氷，のためのもの；６面体以外の多面体の形状をした氷のためのもの
uploaded,タイトル変更,F25C 1/24 306,F25C 1/24 306,・・・・・氷の形状に特徴をもたないもの；６面体の氷のためのもの（脱氷を行わないもの３０１）,・・・・氷の形状に特徴をもたないもの；６面体の氷のためのもの
uploaded,タイトル変更,F25C 1/24 306 A,F25C 1/24 306 A,多数の小氷塊を同時に製造するもの，例．小さな製氷容器を多数並べてユニツト化したもの,多数の小氷塊を同時に製造するもの，例．小さな製氷容器を多数並べてユニット化したもの
uploaded,タイトル変更,F25C 1/24 306 B,F25C 1/24 306 B,・製氷型内に仕切部材を設けたもの，例．仕切部材が回動するもの〔製氷型の設置床面からのはく離機構Ｚ；設置床面への敷物，１／１０，３０３Ｃ；冷蔵庫用製氷型における製氷完了検知，１／１０，３０３Ｂ；除氷のため，変形する材料で造られた製氷型，５／０６〕,・製氷型内に仕切部材を設けたもの，例．仕切部材が回動するもの（製氷型の設置床面からのはく離機構Ｆ２５Ｃ１／２４　３０６Ｚ；設置床面への敷物Ｆ２５Ｃ１／１０　３０３Ｃ；冷蔵庫用製氷型における製氷完了検知Ｆ２５Ｃ１／１０　３０３Ｂ；除氷のため変形する材料で造られた製氷型Ｆ２５Ｃ５／０６）
uploaded,タイトル変更,F25C 1/24 511,F25C 1/24 511,・・・・可とう性フイルムからなる袋状の製氷型，例．フイルムを破つて脱氷するもの,・・・・可とう性フィルムからなる袋状の製氷型，例．フィルムを破って脱氷するもの
uploaded,タイトル変更,F25C 3/00,F25C 3/00,ウィンタースポーツまたは類似のレクレーション目的のための氷または雪の製造に特に適合した方法または装置、例．　スポーツ施設のためのもの；人工雪の製造（雪または氷上スポーツの屋外または屋内実施用人工表面のための基礎または舗装Ｅ０１Ｃ１３／１０，交通またはスポーツ目的に適するように雪面または氷面への作業Ｅ０１Ｈ４／００）,ウィンタースポーツまたは類似のレクリエーションのための氷または雪の製造に特に適合する方法または装置，例．スポーツ施設のためのもの；人工雪の製造
uploaded,タイトル変更,F25C 5/00,F25C 5/00,氷の作業，貯蔵または分配,氷の作業，取り扱い（Ｆ２５Ｃ３／００が優先）［２０１８．０１］
uploaded,タイトル変更,F25C 5/02,F25C 5/02,・氷の細分化，除氷または氷の収納のための道具または機械,・氷の細分化，除氷または氷の収集のための装置
uploaded,タイトル変更,F25C 5/04 301,F25C 5/04 301,・・・氷の細分化，例．カツテイングヒ－タによるもの,・・・氷の細分化，例．カッティングヒーターによるもの
uploaded,タイトル変更,F25C 5/04 302,F25C 5/04 302,・・・・破砕刃によるもの，例．アイスクラツシヤ－,・・・・破砕刃によるもの，例．アイスクラッシャー
uploaded,タイトル変更,F25C 5/04 302 B,F25C 5/04 302 B,・回転刃と固定部材〔例．固定刃〕とにより氷を挟みつけ破砕するもの,・回転刃と固定部材，例．固定刃，とにより氷を挟みつけ破砕するもの
uploaded,タイトル変更,F25C 5/04 303,F25C 5/04 303,・・・・・破砕刃が往復運動するもの，例．アイスピツク,・・・・・破砕刃が往復運動するもの，例．アイスピック
uploaded,タイトル変更,F25C 5/04 304,F25C 5/04 304,・・・氷の収納，例．貯氷庫への氷の取り入れ,・・・氷の収集，例．貯氷庫への氷の取り入れ
uploaded,タイトル変更,F25C 5/04 511,F25C 5/04 511,・・・グル－プ５／０６～５／１０に属しない除氷,・・・グループＦ２５Ｃ５／０６～５／１０に属しない除氷
uploaded,タイトル変更,F25C 5/06,F25C 5/06,・・・氷の接している容器の変形によるもの，例．ふくらむ材料により成る容器によるもの,・・・氷の接している容器の変形によるもの，例．ふくらむ材料によりなる容器によるもの
uploaded,タイトル変更,F25C 5/06 B,F25C 5/06 B,容器の膨脹，収縮により除氷するもの〔Ｃ優先〕,容器の膨脹，収縮により除氷するもの（Ｆ２５Ｃ５／０６Ｃが優先）
uploaded,タイトル変更,F25C 5/08 A,F25C 5/08 A,流体〔例．水，ブライン〕により容器を加熱し，除氷するもの〔Ｂ優先〕,流体，例．水，ブライン，により容器を加熱し，除氷するもの（Ｆ２５Ｃ５／０８Ｂが優先）
uploaded,タイトル変更,F25C 5/01 A,F25C 5/01 A,高温の冷媒で加熱された流体の使用により除氷を行うもの；高温の冷媒と他の流体〔例．除氷水〕との併用により除氷を行うもの〔Ｂ優先〕,高温の冷媒で加熱された流体の使用により除氷を行うもの；高温の冷媒と他の流体，例．除氷水，との併用により除氷を行うもの（Ｆ２５Ｃ５／１０Ｂが優先）
uploaded,タイトル変更,F25C 5/01 B,F25C 5/01 B,電気ヒ－タ－または機械的除氷手段との併用により除氷を行うもの,電気ヒーターまたは機械的除氷手段との併用により除氷を行うもの
uploaded,タイトル変更,F25C 5/12 D,F25C 5/12 D,・回転する氷塊に向かつて，切削刃を取り付けたテ－ブルを移動させ，削氷するもの〔Ｆ～Ｎ優先〕,・回転する氷塊に向かって，切削刃を取り付けたテーブルを移動させ，削氷するもの（Ｆ２５Ｃ５／１２Ｆ～Ｎが優先）
uploaded,タイトル変更,F25C 5/12 E,F25C 5/12 E,・回転体の運動により発生する力〔例．遠心力あるいは螺旋体の回転による送出力〕により多数の小氷塊を固定式切削刃に押しつけるもの〔Ｆ～Ｎ優先〕,・回転体の運動により発生する力，例．遠心力または螺旋体の回転による送出力，により多数の小氷塊を固定式切削刃に押しつけるもの（Ｆ２５Ｃ５／１２Ｆ～Ｎが優先）
uploaded,タイトル変更,F25C 5/12 F,F25C 5/12 F,・動力伝達機構，例．軸受または軸カバ－,・動力伝達機構，例．軸受または軸カバー
uploaded,タイトル変更,F25C 5/12 J,F25C 5/12 J,・切削刃の取り付け；切削粗さ調節機構〔Ｍ優先；削氷以外の用途の刃との切換機構Ｍ〕,・切削刃の取り付け；切削粗さ調節機構（Ｆ２５Ｃ５／１２Ｍが優先；削氷以外の用途の刃との切換機構Ｆ２５Ｃ５／１２Ｍ）
uploaded,タイトル変更,F25C 5/12 K,F25C 5/12 K,・電気スイツチあるいは電気コ－ドの配置と取り付け,・電気スイッチまたは電気コードの配置と取り付け
uploaded,タイトル変更,F25C 5/12 M,F25C 5/12 M,・他用途の機器を兼用しているもの，例．砕氷器あるいは大根おろし器を兼用しているもの,・他用途の機器を兼用しているもの，例．砕氷器または大根おろし器を兼用しているもの
uploaded,タイトル変更,F25C 5/12 N,F25C 5/12 N,・・アイスクリ－マ－を兼用しているもの,・・アイスクリーマーを兼用しているもの
uploaded,タイトル変更,F25C 5/14,F25C 5/14,・氷の小塊の形成または仕上げをするための道具または機械，例．アイスプレス,・氷の小塊の形成または仕上げをするための装置，例．アイスプレス
uploaded,タイトル変更,F25C 5/18,F25C 5/18,・氷の貯蔵,・氷の貯蔵［２０１８．０１］
uploaded,タイトル変更,F28D 20/00,F28D 20/00,蓄熱プラントまたは装置一般（特殊な適用に特に適合したもの；関連する箇所，例．Ｆ２４Ｄ１５／０２，を参照）；グループＦ２８Ｄ１７／００またはＦ２８Ｄ１９／００のいずれにも包含されない再生熱交換装置［４］,蓄熱プラントまたは装置一般；グループＦ２８Ｄ１７／００またはＦ２８Ｄ１９／００に分類されない再生熱交換装置［４］
uploaded,タイトル変更,F41G 3/00,F41G 3/00,照準合わせ；照準定め（照準装置Ｆ４１Ｇ１／００；無線または他の波を用いる方位，距離または速度の決定Ｇ０１Ｓ；計算機Ｇ０６；空中線Ｈ０１Ｑ）,照準合わせ；照準定め（照準装置Ｆ４１Ｇ１／００；無線または他の波を用いる方位，距離または速度の決定Ｇ０１Ｓ；計算機Ｇ０６；アンテナＨ０１Ｑ）
uploaded,タイトル変更,G01J 5/02,G01J 5/02,・・放射線に感ずる抵抗，サーミスタ，半導体によるもの,・・放射線に感ずる抵抗，サーミスタまたは半導体によるもの
uploaded,タイトル変更,G01N 1/00,G01N 1/00,サンプリング；調査用標本の調製（自動分析のための材料の取扱い３５／００）,サンプリング；調査用標本の調製（自動分析のための材料の取扱いＧ０１Ｎ３５／００）
uploaded,タイトル変更,G01N 1/00 101,G01N 1/00 101,・試料の移送（試料の導入を含む）,・試料の移送，例．試料の導入
uploaded,タイトル変更,G01N 1/00 101 C,G01N 1/00 101 C,・・固体試料の真空室への導入・真空室からの取出し,・・固体試料の真空室への導入または真空室からの取出し
uploaded,タイトル変更,G01N 1/00 101 D,G01N 1/00 101 D,試料〔固体・液体・気体〕を順次移送されてくる試料容器・袋に充填するもの,試料（固体，液体，気体全てを含む）を順次移送されてくる試料容器または袋に充填するもの
uploaded,タイトル変更,G01N 1/00 101 K,G01N 1/00 101 K,・液体試料の分取・分与・分注システム，ビユレツト，スポイト,・液体試料の分取，分与もしくは分注システム，ビュレットまたはスポイト
uploaded,タイトル変更,G01N 1/00 101 M,G01N 1/00 101 M,・液体試料移送時の流量調整・圧力調整,・液体試料移送時の流量調整または圧力調整
uploaded,タイトル変更,G01N 1/00 101 N,G01N 1/00 101 N,・液体試料取扱装置の掃除・洗浄，同装置からの前回液体試料の一掃,・液体試料取扱装置の掃除；洗浄，同装置からの前回液体試料の一掃
uploaded,タイトル変更,G01N 1/00 101 P,G01N 1/00 101 P,高圧室へ流体試料〔液体・気体試料〕を加圧注入するシステム，容器等から流体試料をシリンジで抽出するシステム，シリンジ自体，シリンジ貫通隔壁,高圧室へ流体試料（液体，気体試料）を加圧注入するシステム，容器等から流体試料をシリンジで抽出するシステム，シリンジ自体またはシリンジ貫通隔壁
uploaded,タイトル変更,G01N 1/00 101 T,G01N 1/00 101 T,・気体試料移送時の流量調整・圧力調整,・気体試料移送時の流量調整または圧力調整
uploaded,タイトル変更,G01N 1/00 101 U,G01N 1/00 101 U,・・定圧ドレントラツプ,・・定圧ドレントラップ
uploaded,タイトル変更,G01N 1/00 101 X,G01N 1/00 101 X,気体・ダストミスト・粉粒体・固体塊取扱装置の掃除・洗浄，同装置からの前回試料の一掃,気体；ダストミスト，粉粒体，固体塊取扱装置の掃除もしくは洗浄または同装置からの前回試料の一掃
uploaded,タイトル変更,G01N 1/00 102 A,G01N 1/00 102 A,粒子状・霧状標準試料とその製造・保存,粒子状，霧状標準試料とその製造または保存
uploaded,タイトル変更,G01N 1/00 102 B,G01N 1/00 102 B,固体標準試料とその製造・保存,固体標準試料とその製造または保存
uploaded,タイトル変更,G01N 1/00 102 C,G01N 1/00 102 C,液体標準試料とその製造・保存,液体標準試料とその製造または保存
uploaded,タイトル変更,G01N 1/00 102 D,G01N 1/00 102 D,気体標準試料とその製造・保存，一定比率混合気体の製造,気体標準試料とその製造または保存，一定比率混合気体の製造
uploaded,タイトル変更,G01N 1/00 A,G01N 1/00 A,試料採取の開始・終了タイミングを状況変化検出に基づき自動的に決定するもの,試料採取の開始または終了タイミングを状況変化検出に基づき自動的に決定するもの
uploaded,タイトル変更,G01N 1/00 C,G01N 1/00 C,較正・補正に特徴のあるもの,較正または補正に特徴のあるもの
uploaded,タイトル変更,G01N 1/00 E,G01N 1/00 E,検出器の検出作動の良否試験用の試料の調製・移送,検出器の検出作動の良否試験用の試料の調製または移送
uploaded,タイトル変更,G01N 1/00 F,G01N 1/00 F,臭覚官能試験システム用の試料の調整・移送,臭覚官能試験システム用の試料の調整または移送
uploaded,タイトル変更,G01N 1/02,G01N 1/02,・試料取出しのための装置（医学または獣医学用Ａ６１；土壌試料または井戸液体試料の採取Ｅ２１Ｂ４９／００）,・試料取出しのための装置
uploaded,タイトル変更,G01N 1/02 B,G01N 1/02 B,サイクロン・慣性利用の分離法を利用してダストミスト試料又は気体試料を採取するもの,サイクロンまたは慣性利用の分離法を利用してダストミスト試料又は気体試料を採取するもの
uploaded,タイトル変更,G01N 1/02 C,G01N 1/02 C,ダストミスト試料採取における流量・圧力調整等速吸引法・平衡型管を利用するもの,ダストミスト試料採取における流量，圧力調整等速吸引法または平衡型管を利用するもの
uploaded,タイトル変更,G01N 1/02 D,G01N 1/02 D,ダストミスト試料採取用フイルタやフイルタ装置，同フイルタ装置の形状・構造,ダストミスト試料採取用フィルタやフィルタ装置，同フィルタ装置の形状または構造
uploaded,タイトル変更,G01N 1/02 G,G01N 1/02 G,ダストミスト試料採取のためのテ－プ送り式フイルタや複数のフイルタ部を有するフイルタ装置,ダストミスト試料採取用フィルタやフィルタ装置，同フィルタ装置の形状または構造
uploaded,タイトル変更,G01N 1/02 H,G01N 1/02 H,ダストミスト試料採取用のフイルタや受皿の手前で流体の流速分布を調整するもの,ダストミスト試料採取用のフィルタや受け皿の手前で流体の流速分布を調整するもの
uploaded,タイトル変更,G01N 1/02 P,G01N 1/02 P,シリンダ内部にフイルタを設けてなるピストンシリンダ吸引式ダストミスト試料採取装置,シリンダ内部にフィルタを設けてなるピストンシリンダ吸引式ダストミスト試料採取装置
uploaded,タイトル変更,G01N 1/02 Q,G01N 1/02 Q,各種物品から生ずるダストミスト試料の採取，〔例．紙粉・溶接ヒユ－ム・クランクケ－スのオイルミスト〕,各種物品から生ずるダストミスト試料の採取，例．紙粉，溶接ヒュームまたはクランクケ－スのオイルミスト
uploaded,タイトル変更,G01N 1/02 R,G01N 1/02 R,放射性ダストミスト試料・放射性気体試料の採取,放射性ダストミスト試料または放射性気体試料の採取
uploaded,タイトル変更,G01N 1/02 W,G01N 1/02 W,生体呼気のサンプリング，生体からの臭気，サンプリング，喫煙シミユレ－シヨン,生体呼気のサンプリング，生体からの臭気，サンプリングまたは喫煙シミュレーション
uploaded,タイトル変更,G01N 1/04 A,G01N 1/04 A,殻粒・茶葉等の採取，乾燥室や脱ぷ室からの粉粒体試料の採取,殻粒；茶葉等の採取，乾燥室や脱ぷ室からの粉粒体試料の採取
uploaded,タイトル変更,G01N 1/04 B,G01N 1/04 B,糸・線状材・毛・綿の試料採取,糸；線状材；毛；綿の試料採取
uploaded,タイトル変更,G01N 1/04 C,G01N 1/04 C,鉱物等の粉粒体がコンベヤやホツパから落下するのを採取するもの，コンベヤや複数段システムからの採取,鉱物等の粉粒体がコンベヤやホッパから落下するのを採取するもの，コンベヤや複数段システムからの採取
uploaded,タイトル変更,G01N 1/04 J,G01N 1/04 J,試料採取容器・皿，試料保存容器，容器からの試料取出しを容易にするもの，試料整理棚,試料採取容器；皿，試料保存容器，容器からの試料取出しを容易にするものまたは試料整理棚
uploaded,タイトル変更,G01N 1/04 M,G01N 1/04 M,篩分・分級により試料採取するもの，試料適性を判別して試料採取するもの,篩分，分級により試料採取するもの，試料適性を判別して試料採取するもの
uploaded,タイトル変更,G01N 1/04 S,G01N 1/04 S,高温・高圧室からの試料採取，高炉内装物の採取,高温，高圧室からの試料採取または高炉内装物の採取
uploaded,タイトル変更,G01N 1/04 V,G01N 1/04 V,こすり，ひきはがし，さらえとりによる試料採取,こすり，ひきはがしまたはさらえとりによる試料採取
uploaded,タイトル変更,G01N 1/04 X,G01N 1/04 X,切断による試料片切取り採取，切粉試料の採取，シ－ト部材からの切取り採取,切断による試料片切取り採取，切粉試料の採取，シート部材からの切取り採取
uploaded,タイトル変更,G01N 1/06 B,G01N 1/06 B,・切断厚みの設定・刃合せ，厚み設定のための送り,・切断厚みの設定，刃合せまたは厚み設定のための送り
uploaded,タイトル変更,G01N 1/06 D,G01N 1/06 D,・ミクロト－ムナイフ自体，ナイフの製造・研磨,・ミクロト－ムナイフ自体，ナイフの製造または研磨
uploaded,タイトル変更,G01N 1/06 F,G01N 1/06 F,・切断された薄層の取出し，カ－ル防止板,・切断された薄層の取出し，カール防止板
uploaded,タイトル変更,G01N 1/06 G,G01N 1/06 G,・ミクロト－ムナイフの保持手段・同保持手段の支持,・ミクロトームナイフの保持手段または同保持手段の支持
uploaded,タイトル変更,G01N 1/06 H,G01N 1/06 H,・切断される試料の保持手段・同保持手段の支持,・切断される試料の保持手段または同保持手段の支持
uploaded,タイトル変更,G01N 1/06 J,G01N 1/06 J,・ミクロト－ムナイフや試料の冷却，試料の冷却室，凍結手段,・ミクロトームナイフや試料の冷却，試料の冷却室または凍結手段
uploaded,タイトル変更,G01N 1/06 K,G01N 1/06 K,真空中でのミクロト－ムを用いての切断,真空中でのミクロトームを用いての切断
uploaded,タイトル変更,G01N 1/06 L,G01N 1/06 L,ミクロト－ム切断時の視認観察,ミクロトーム切断時の視認観察
uploaded,タイトル変更,G01N 1/08,G01N 1/08,・・・抜取り用具を包含するもの，例．コアー・ビット,・・・抜取り用具を包含するもの，例．コアビット
uploaded,タイトル変更,G01N 1/08 A,G01N 1/08 A,金属・木材・氷等の塊からコア－ピ－スを採取するもの,金属，木材または氷等の塊からコアピースを採取するもの
uploaded,タイトル変更,G01N 1/08 B,G01N 1/08 B,土壌からコア－・ビツトを用いてコア－ピ－スを採取するもの，コア－・ビツトとコア－ピ－ス採取管の組合せ装置,土壌からコアビットを用いてコアピースを採取するもの，コアビットとコアピース採取管の組合せ装置
uploaded,タイトル変更,G01N 1/08 C,G01N 1/08 C,土壌をコア－・ドリルで掘削して，土壌試料を採取するもの,土壌をコアドリルで掘削して，土壌試料を採取するもの
uploaded,タイトル変更,G01N 1/08 D,G01N 1/08 D,土壌中にコア－ピ－ス採取管を押し込んでコア－ピ－スを採取するもの,土壌中にコアピース採取管を押し込んでコアピースを採取するもの
uploaded,タイトル変更,G01N 1/08 F,G01N 1/08 F,土壌や土壌試料の固化・硬化技術，薬液の使用，冷凍固化,土壌や土壌試料の固化もしくは硬化技術，薬液の使用または冷凍固化
uploaded,タイトル変更,G01N 1/08 G,G01N 1/08 G,コア－ピ－ス採取管からのコア－ピ－スの取出し・抜出し,コアピース採取管からのコアピースの取出しまたは抜出し
uploaded,タイトル変更,G01N 1/08 J,G01N 1/08 J,土壌サンプルコア－への方位マ－カの適用，コア－ピ－ス採取後の鉱脈等の方位確認,土壌サンプルコアへの方位マーカの適用，コアピース採取後の鉱脈等の方位確認
uploaded,タイトル変更,G01N 1/08 L,G01N 1/08 L,粉粒体中に採取管を突刺して粉粒体を採取するものあらかじめ粉粒体中に採取手段を埋設したもの,粉粒体中に採取管を突刺して粉粒体を採取するもの；あらかじめ粉粒体中に採取手段を埋設したもの
uploaded,タイトル変更,G01N 1/01 C,G01N 1/01 C,・吸着法〔イオン交換法・電磁吸着法・活性炭吸着法〕で分離するもの,・吸着法（例：イオン交換法，電磁吸着法または活性炭吸着法）で分離するもの
uploaded,タイトル変更,G01N 1/01 D,G01N 1/01 D,・凝集法・沈澱法で分離するもの,・凝集法または沈澱法で分離するもの
uploaded,タイトル変更,G01N 1/01 F,G01N 1/01 F,・化学反応させたり，ＰＨ調製法・溶媒抽出法を用いて分離するもの,・化学反応，ｐＨ調製法または溶媒抽出法を用いて分離するもの
uploaded,タイトル変更,G01N 1/01 J,G01N 1/01 J,・液中溶存ガス・気泡を分離するもの,・液中溶存ガスまたは気泡を分離するもの
uploaded,タイトル変更,G01N 1/01 K,G01N 1/01 K,液体試料の採取・移送状況の監視手段,液体試料の採取または移送状況の監視手段
uploaded,タイトル変更,G01N 1/01 L,G01N 1/01 L,コンポジツトサンプリング，液体試料採取の時間間隔や時刻の決定,コンポジットサンプリング，液体試料採取の時間間隔や時刻の決定
uploaded,タイトル変更,G01N 1/01 M,G01N 1/01 M,ノズル・振り分け板等を揺動させて所定量の液体試料を容器中に注ぐもの,ノズルまたは振り分け板等を揺動させて所定量の液体試料を容器中に注ぐもの
uploaded,タイトル変更,G01N 1/01 N,G01N 1/01 N,管路等に着脱して液体試料を採取する容器，液体試料保存・供給用容器，液体試料容器の整理棚,管路等に着脱して液体試料を採取する容器，液体試料保存もしくは供給用容器または液体試料容器の整理棚
uploaded,タイトル変更,G01N 1/01 P,G01N 1/01 P,液体試料の希釈・濃度調整装置,液体試料の希釈または濃度調整装置
uploaded,タイトル変更,G01N 1/01 Q,G01N 1/01 Q,油・油を含む液体・原油試料の採取をするもの,油，油を含む液体または原油試料の採取をするもの
uploaded,タイトル変更,G01N 1/01 R,G01N 1/01 R,液化ガス・揮発性液体試料の採取をするもの,液化ガスまたは揮発性液体試料の採取をするもの
uploaded,タイトル変更,G01N 1/01 S,G01N 1/01 S,溶融金属・液体金属試料の採取をするもの,溶融金属または液体金属試料の採取をするもの
uploaded,タイトル変更,G01N 1/01 V,G01N 1/01 V,生体試料〔唾液・分泌液・尿〕の採取をするもの,生体試料（例．唾液，分泌液または尿）の採取をするもの
uploaded,タイトル変更,G01N 1/01 W,G01N 1/01 W,機器の管理・性能検査のために液体試料を採取するもの〔潤滑油，冷却材の採取〕，加工用機器から加工用液体を試料採取するもの,機器の管理または性能検査のために液体試料を採取するもの，例．潤滑油または冷却材の採取，加工用機器から加工用液体を試料採取するもの
uploaded,タイトル変更,G01N 1/12,G01N 1/12,・・・ジッパ；浚渫機（吸引浚渫機Ｅ０２Ｆ３／８８）,・・・ジッパ；浚渫機［５］
uploaded,タイトル変更,G01N 1/12 B,G01N 1/12 B,毛細管現象を用いて液体試料を採取・移送保持するもの，採取用棒等に液体試料を付着させて採取するもの,毛細管現象を用いて液体試料を採取または移送保持するもの，採取用棒等に液体試料を付着させて採取するもの
uploaded,タイトル変更,G01N 1/14 A,G01N 1/14 A,液体試料の吸引・吸引停止・吐出の切換制御を行うもの，液相と気相の境目を検知して前記の切換制御を行うもの,液体試料の吸引，吸引停止または吐出の切換制御を行うもの，液相と気相の境目を検知して前記の切換制御を行うもの
uploaded,タイトル変更,G01N 1/14 B,G01N 1/14 B,・液体試料貯溜用密閉槽の内部圧力・液位の制御を外部圧力配管等を用いて行うもの,・液体試料貯溜用密閉槽の内部圧力または液位の制御を外部圧力配管等を用いて行うもの
uploaded,タイトル変更,G01N 1/14 E,G01N 1/14 E,サイフオン技術の利用に特徴のあるもの,サイフォン技術の利用に特徴のあるもの
uploaded,タイトル変更,G01N 1/14 F,G01N 1/14 F,液体試料を採取・移送するためのポンプに特徴のあるもの，アルキメデスのラセンを用いたポンプ，エジエクタ，ロ－ラ－ポンプ，遠心式ポンプ,液体試料を採取もしくは移送するためのポンプに特徴のあるもの，例．アルキメデスのラセンを用いたポンプ，エンジェクタ，ローラーポンプまたは遠心式ポンプ
uploaded,タイトル変更,G01N 1/16,G01N 1/16,・・・数種のレベルで採取できるもの（１／１２，１／１４が優先）,・・・数種のレベルで採取できるもの（Ｇ０１Ｎ１／１２，Ｇ０１Ｎ１／１４が優先）
uploaded,タイトル変更,G01N 1/16 B,G01N 1/16 B,比重差により多層となつた液体試料からの所定層試料の分取，上澄液の分取,比重差により多層となった液体試料からの所定層試料の分取，上澄液の分取
uploaded,タイトル変更,G01N 1/18,G01N 1/18,・・・試料を分割できるもの（１／１２，１／１４が優先；クロマトグラフィ用フラクション捕集装置Ｂ０１Ｄ１５／０８）,・・・試料を分割できるもの（Ｇ０１Ｎ１／１２，Ｇ０１Ｎ１／１４が優先；クロマトグラフィ用フラクション捕集装置Ｂ０１Ｄ１５／０８）
uploaded,タイトル変更,G01N 1/02,G01N 1/02,・・・流動しまたは落下する材料のためのもの（１／１２，１／１４が優先）,・・・流動しまたは落下する材料のためのもの（Ｇ０１Ｎ１／１２，Ｇ０１Ｎ１／１４が優先）
uploaded,タイトル変更,G01N 1/02 A,G01N 1/02 A,計量のため液体試料をオ－バ－フロ－させるもの，オ－バ－フロ－中の槽から液体試料を採取するもの，オ－バ－フロ－堰を設置した液体貯留槽の構造,計量のため液体試料をオーバーフローさせるもの，オーバーフロー中の槽から液体試料を採取するものまたはオーバーフロー堰を設置した液体貯留槽の構造
uploaded,タイトル変更,G01N 1/22 A,G01N 1/22 A,採取方法〔システムを含む〕,採取方法，採取システム
uploaded,タイトル変更,G01N 1/22 C,G01N 1/22 C,・採取容器・袋，保存容器・袋，採取シリンダ,・採取容器，採取袋，保存容器，保存袋または採取シリンダ
uploaded,タイトル変更,G01N 1/22 D,G01N 1/22 D,・産業用排気ガスサンプリング〔焼却炉，ボイラ排ガスを含む〕,・産業用排気ガスサンプリング，例．焼却炉またはボイラ排ガスサンプリング
uploaded,タイトル変更,G01N 1/22 E,G01N 1/22 E,・サンプリングプロ－ブ,・サンプリングプローブ
uploaded,タイトル変更,G01N 1/22 F,G01N 1/22 F,・高炉ガスサンプリング〔転炉ガスを含む〕,・高炉ガスサンプリング，例．転炉ガスサンプリング
uploaded,タイトル変更,G01N 1/22 G,G01N 1/22 G,・自動車排気ガスサンプリング〔内燃機関排ガスを含む〕,・自動車排気ガスサンプリング，例．内燃機関排ガスサンプリング
uploaded,タイトル変更,G01N 1/22 L,G01N 1/22 L,ガスの吸着や脱着，ダストミストの付着剤への付着，吸着剤・イオン交換膜・吸湿剤の利用,ガスの吸着や脱着，ダストミストの付着剤への付着または吸着剤，イオン交換膜もしくは吸湿剤の利用
uploaded,タイトル変更,G01N 1/22 N,G01N 1/22 N,バブリングで液中溶存ガスを追い出すもの，汚泥からのガス採取，加熱脱泡・減圧脱泡の利用,バブリングで液中溶存ガスを追い出すもの，汚泥からのガス採取または加熱脱泡もしくは減圧脱泡の利用
uploaded,タイトル変更,G01N 1/22 P,G01N 1/22 P,ドレン凝縮，ドレンの処理，凍結法による除湿,ドレン凝縮，ドレンの処理または凍結法による除湿
uploaded,タイトル変更,G01N 1/22 S,G01N 1/22 S,洗気，一部のガスやダストを液体に溶かすもの，一部のガスやダストをエジエクタ水に溶かすもの,洗気，一部のガスやダストを液体に溶かすものまたは一部のガスやダストをインジェクタ水に溶かすもの
uploaded,タイトル変更,G01N 1/22 T,G01N 1/22 T,試料加熱により試料を灰化・昇化させてガス採取するもの,試料加熱により試料を灰化または昇化させてガス採取するもの
uploaded,タイトル変更,G01N 1/22 U,G01N 1/22 U,固体塊〔金属塊・セメント塊等〕中のガス採取,固体塊，例．金属塊またはセメント塊，中のガス採取
uploaded,タイトル変更,G01N 1/28 A,G01N 1/28 A,疲労試験・クリ－プ試験用のもの,疲労試験またはクリープ試験用のもの
uploaded,タイトル変更,G01N 1/28 B,G01N 1/28 B,引張試験・圧縮試験・座屈試験用のもの,引張試験，圧縮試験または座屈試験用のもの
uploaded,タイトル変更,G01N 1/28 D,G01N 1/28 D,摩耗試験・硬度試験用のもの,摩耗試験または硬度試験用のもの
uploaded,タイトル変更,G01N 1/28 E,G01N 1/28 E,コンクリ－ト・土砂の試験用のもの〔Ａ～Ｄに優先〕,コンクリ－トまたは土砂の試験用のもの（Ｇ０１Ｎ１／２８Ａ～Ｄに優先）
uploaded,タイトル変更,G01N 1/28 F,G01N 1/28 F,顕微鏡の試料用のもの〔Ｊ，Ｍ～Ｖの方が優先〕,顕微鏡の試料用のもの（Ｇ０１Ｎ１／２８Ｊ，Ｍ～Ｖが優先）
uploaded,タイトル変更,G01N 1/28 G,G01N 1/28 G,試料の切削・切断・穴孔け・打抜き加工,試料の切削，切断，穴開けまたは打抜き加工
uploaded,タイトル変更,G01N 1/28 H,G01N 1/28 H,試料への標点マ－キング,試料への標点マーキング
uploaded,タイトル変更,G01N 1/28 L,G01N 1/28 L,湿度調整・乾燥処理,湿度調整または乾燥処理
uploaded,タイトル変更,G01N 1/28 M,G01N 1/28 M,転写・レプリカ・スンプ,転写；レプリカ；スンプ
uploaded,タイトル変更,G01N 1/28 N,G01N 1/28 N,試料表面への薄膜形成，蒸着，メツキ，ラミネ－ト，基台表面への試料薄膜の形成,試料表面への薄膜形成，蒸着，メッキ，ラミネートまたは基台表面への試料薄膜の形成
uploaded,タイトル変更,G01N 1/28 P,G01N 1/28 P,試料表面の強化・硬化・脆化処理,試料表面の強化，硬化または脆化処理
uploaded,タイトル変更,G01N 1/28 Q,G01N 1/28 Q,付着力・接着力・コ－テイング皮膜の良否検査用試料,付着力，接着力またはコーティング皮膜の良否検査用試料
uploaded,タイトル変更,G01N 1/28 S,G01N 1/28 S,ガラスビ－ド試料・蛍光Ｘ線分析用ガラスビ－ド試料,ガラスビード試料または蛍光Ｘ線分析用ガラスビード試料
uploaded,タイトル変更,G01N 1/28 T,G01N 1/28 T,試料の粉抹化，試料の霧化，ダスト試料の製造,試料の粉抹化，試料の霧化またはダスト試料の製造
uploaded,タイトル変更,G01N 1/28 U,G01N 1/28 U,スライド，プレパラ－ト，フイルム状試料担持体，スライドへの試料の封入,スライド，プレパラート，フィルム状試料担持体またはスライドへの試料の封入
uploaded,タイトル変更,G01N 1/28 W,G01N 1/28 W,セツテイング治具,セッティング治具
uploaded,タイトル変更,G01N 1/32 A,G01N 1/32 A,ポリツシング，研磨,ポリッシング，研磨
uploaded,タイトル変更,G01N 1/32 B,G01N 1/32 B,エツチング,エッチング
uploaded,タイトル変更,G01N 23/00,G01N 23/00,グループＧ０１Ｎ２１／００またはＧ０１Ｎ２２／００に包含されない波動性または粒子性放射線，例．Ｘ線，中性子線，の使用による材料の調査または分析（Ｇ０１Ｎ３／００～Ｇ０１Ｎ１７／００が優先）,グループＧ０１Ｎ３／００～Ｇ０１Ｎ１７／００，Ｇ０１Ｎ２１／００またはＧ０１Ｎ２２／００に包含されない波動性または粒子性放射線，例．Ｘ線，中性子線，の使用による材料の調査または分析
uploaded,タイトル変更,G01N 23/04,G01N 23/04,・・さらに画像を形成するもの,・・さらに材料の画像を形成するもの［２０１８．０１］
uploaded,タイトル変更,G01N 23/04 310,G01N 23/04 310,・・・透視像の目視観察又は動画像伝送を伴う，透視試験を用いるもの,・・・画像が動画像であるもの，例．動画透視像の目視観察
uploaded,タイトル変更,G01N 23/05,G01N 23/05,・・・中性子線の利用［３］,・・・中性子線を用いるもの［３］
uploaded,タイトル変更,G01N 23/06,G01N 23/06,・・さらに吸収を測定するもの,・・さらに吸収を測定するもの［２０１８．０１］
uploaded,タイトル変更,G01N 23/083,G01N 23/083,・・・・放射線がＸ線であるもの（Ｇ０１Ｎ２３／１０～Ｇ０１Ｎ２３／１８が優先）［５］,・・・放射線がＸ線であるもの［２０１８．０１］
uploaded,タイトル変更,G01N 23/09,G01N 23/09,・・・・放射線が中性子線であるもの［３］,・・・放射線が中性子線であるもの［２０１８．０１］
uploaded,タイトル変更,G01N 23/01,G01N 23/01,・・・・材料が容器内に封入されているもの（Ｇ０１Ｎ２３／０９が優先）［３］,・・・容器内に封入された材料，例．手荷物のＸ線検査［２０１８．０１］
uploaded,タイトル変更,G01N 23/12,G01N 23/12,・・・・材料が流れている流体または流れている粒状固体（Ｇ０１Ｎ２３／０９が優先）［３］,・・・材料が流れている流体または流れている粒状固体［２０１８．０１］
uploaded,タイトル変更,G01N 23/16,G01N 23/16,・・・・材料が移動するシート（Ｇ０１Ｎ２３／０９，Ｇ０１Ｎ２３／１８が優先）［３］,・・・材料が移動するシートまたはフィルム［２０１８．０１］
uploaded,タイトル変更,G01N 23/18,G01N 23/18,・・・・欠陥または異物の存在の調査（Ｇ０１Ｎ２３／０９が優先）［３，５］,・・・欠陥または異物の調査［２０１８．０１］
uploaded,タイトル変更,G01N 23/18 310,G01N 23/18 310,・・・・・タイヤ中の（タイヤの性能試験Ｇ０１Ｍ１７／０２）,・・・・タイヤ中の
uploaded,タイトル変更,G01N 23/02,G01N 23/02,・放射線の回折の利用によるもの，例．結晶構造の調査のためのもの；放射線の反射の利用によるもの,・材料による放射線の回折の利用によるもの，例．結晶構造の調査のためのもの；材料による放射線の散乱の利用によるもの，例．非結晶構造の調査のためのもの；材料による放射線の反射の利用によるもの［２０１８．０１］
uploaded,タイトル変更,G01N 23/02 380,G01N 23/02 380,・・１つ以上の透過測定と１つ以上の散乱測定による２つ以上の測定の組み合わせを用いるもの,・・透過測定と組み合わせるもの，例．後方散乱Ｘ線画像と透過Ｘ線画像の測定
uploaded,タイトル変更,G01N 23/201,G01N 23/201,・・小角散乱を測定するもの［２］,・・小角散乱の測定，例．小角Ｘ線散乱［ＳＡＸＳ］［２０１８．０１］
uploaded,タイトル変更,G01N 23/202,G01N 23/202,・・・中性子線の利用［３］,・・・中性子線を用いるもの［３］
uploaded,タイトル変更,G01N 23/203,G01N 23/203,・・後方散乱を測定するもの［２］,・・後方散乱の測定［２］
uploaded,タイトル変更,G01N 23/204,G01N 23/204,・・・中性子線の利用［３］,・・・中性子線を用いるもの［３］
uploaded,タイトル変更,G01N 23/205,G01N 23/205,・・回折カメラによるもの（Ｇ０１Ｎ２３／２０１が優先）［２］,・・回折カメラを用いるもの［２０１８．０１］
uploaded,タイトル変更,G01N 23/207,G01N 23/207,・・検出器を用いた回折法によるもの，例．分光結晶または分析対象結晶を中心にして、１つ以上の移動可能な検出器を円周上に配置するもの（Ｇ０１Ｎ２３／２０１が優先）［２］,・・回折法，例．プローブを中心として１以上の移動可能な検出器を円周上に配置するもの［２０１８．０１］
uploaded,タイトル変更,G01N 23/22,G01N 23/22,・二次放射の測定によるもの［２］,・材料からの二次放射の測定によるもの［２０１８．０１］
uploaded,タイトル変更,G01N 23/222,G01N 23/222,・・・中性子線の利用［３］,・・・中性子放射化分析［ＮＡＡ］を用いるもの［３］
uploaded,タイトル変更,G01N 23/223,G01N 23/223,・・Ｘ線を試料に照射して蛍光Ｘ線を測定するもの［２］,・・Ｘ線またはガンマ線を試料に照射して蛍光Ｘ線を測定するもの［２］
uploaded,タイトル変更,G01N 23/225,G01N 23/225,・・電子またはイオンマイクロプローブを用いるもの［２］,・・電子またはイオンマイクロプローブを用いるもの［２０１８．０１］
uploaded,タイトル変更,G01N 23/227,G01N 23/227,・・光電効果，例．オージェ電子，を測定するもの［２］,・・光電効果の測定，例．光電子顕微鏡［ＰＥＥＭ］［２０１８．０１］
uploaded,タイトル変更,G01N 30/02 A,G01N 30/02 A,キヤピラリ－カラムクロマトグラフイ,キャピラリーカラムクロマトグラフィ
uploaded,タイトル変更,G01N 30/02 B,G01N 30/02 B,イオン交換カラムクロマトグラフイ,イオン交換カラムクロマトグラフィ
uploaded,タイトル変更,G01N 30/12 B,G01N 30/12 B,・試料保持手段〔保持棒，ステム等〕,試料保持手段，例．保持棒またはステム
uploaded,タイトル変更,G01N 30/12 D,G01N 30/12 D,・逆流、残留防止,逆流，残留防止
uploaded,タイトル変更,G01N 30/12 F,G01N 30/12 F,・・パ－ジ手段によるもの,パージ手段によるもの
uploaded,タイトル変更,G01N 30/14 A,G01N 30/14 A,プレカツト,プレカット
uploaded,タイトル変更,G01N 30/16 C,G01N 30/16 C,フロ－インジエクシヨン,フローインジェクション
uploaded,タイトル変更,G01N 30/16 J,G01N 30/16 J,カプセル又はアンプルを用いるもの,カプセルまたはアンプルを用いるもの
uploaded,タイトル変更,G01N 30/16 K,G01N 30/16 K,気体用〔Ａ～Ｊが優先〕,気体用（Ｇ０１Ｎ３０／１６Ａ～Ｊが優先）
uploaded,タイトル変更,G01N 30/16 L,G01N 30/16 L,液体用〔Ａ～Ｊが優先〕,液体用（Ｇ０１Ｎ３０／１６Ａ～Ｊが優先）
uploaded,タイトル変更,G01N 30/18 F,G01N 30/18 F,・ストロ－ク調整手段をもつもの,ストローク調整手段をもつもの
uploaded,タイトル変更,G01N 30/02 A,G01N 30/02 A,ロ－タリ－式，スライド式サンプリングバルブの構成,ロータリー式，スライド式サンプリングバルブの構成
uploaded,タイトル変更,G01N 30/24 A,G01N 30/24 A,プログラム，タイマ－,プログラム，タイマー
uploaded,タイトル変更,G01N 30/24 M,G01N 30/24 M,故障チエツク,故障チェック
uploaded,タイトル変更,G01N 30/26 A,G01N 30/26 A,キヤリアの選択,キャリアの選択
uploaded,タイトル変更,G01N 30/26 E,G01N 30/26 E,キヤリアの供給,キャリアの供給
uploaded,タイトル変更,G01N 30/26 H,G01N 30/26 H,キヤリアの循環，再生,キャリアの循環，再生
uploaded,タイトル変更,G01N 30/26 P,G01N 30/26 P,・フイルタ－,フィルター
uploaded,タイトル変更,G01N 30/32 F,G01N 30/32 F,ダンパ－,ダンパー
uploaded,タイトル変更,G01N 30/54 E,G01N 30/54 E,・熱媒体による加熱〔恒温槽を除く〕,恒温槽を除く熱媒体による加熱
uploaded,タイトル変更,G01N 30/64 A,G01N 30/64 A,インピ－ダンス,インピーダンス
uploaded,タイトル変更,G01N 30/68 C,G01N 30/68 C,キャリアガス，燃焼ガス，メイクアップガス等の調整，供給,キャリアガス，燃焼ガスまたはメイクアップガス等の調整，供給
uploaded,タイトル変更,G01N 30/72 A,G01N 30/72 A,ＧＣ－ＭＳ,ＧＣ―ＭＳ
uploaded,タイトル変更,G01N 30/72 C,G01N 30/72 C,ＬＣ－ＭＳ,ＬＣ―ＭＳ
uploaded,タイトル変更,G01N 30/72 E,G01N 30/72 E,インタ－フエイス,インターフエイス
uploaded,タイトル変更,G01N 30/72 F,G01N 30/72 F,・ＧＣ－ＭＳ用,ＧＣ―ＭＳ用
uploaded,タイトル変更,G01N 30/72 G,G01N 30/72 G,・ＬＣ－ＭＳ用,ＬＣ―ＭＳ用
uploaded,タイトル変更,G01N 30/08 A,G01N 30/08 A,フラクシヨンコレクタ,フラクションコレクタ
uploaded,タイトル変更,G01N 30/08 H,G01N 30/08 H,・コンベア．ベルト等移動体を用いるもの,コンベア；ベルト等移動体を用いるもの
uploaded,タイトル変更,G01N 30/86 D,G01N 30/86 D,記録・表示,記録；表示
uploaded,タイトル変更,G01N 30/86 E,G01N 30/86 E,・・ピ－ク識別によるもの,ピーク識別によるもの
uploaded,タイトル変更,G01N 30/86 F,G01N 30/86 F,・・リテンシヨンタイムによるもの,リテンションタイムによるもの
uploaded,タイトル変更,G01N 30/86 G,G01N 30/86 G,デ－タ処理,データ処理
uploaded,タイトル変更,G01N 30/86 H,G01N 30/86 H,・ベ－スライン処理,ベースライン処理
uploaded,タイトル変更,G01N 30/86 M,G01N 30/86 M,ピ－ク値保持,ピーク値保持
uploaded,タイトル変更,G01N 30/86 P,G01N 30/86 P,チエツク,チェック
uploaded,タイトル変更,G01N 30/88 A,G01N 30/88 A,特定物質のクロマトグラフイ分析,特定物質のクロマトグラフィ分析
uploaded,タイトル変更,G01N 30/88 G,G01N 30/88 G,・・ガスクロマトグラフイを用いるもの,ガスクロマトグラフィを用いるもの
uploaded,タイトル変更,G01N 30/88 H,G01N 30/88 H,・・液体クロマトグラフイを用いるもの,液体クロマトグラフィを用いるもの
uploaded,タイトル変更,G01N 30/88 K,G01N 30/88 K,・・カテコ－ルアミン,カテコールアミン
uploaded,タイトル変更,G01N 30/88 P,G01N 30/88 P,・・ポリマ－,ポリマー
uploaded,タイトル変更,G01N 30/95 A,G01N 30/95 A,検出のためのプレ－トの調整〔発色等〕、検出法,検出のためのプレ－トの調整，例．発色，検出法
uploaded,タイトル変更,G01N 30/95 E,G01N 30/95 E,検出器；クロマトスキヤナ,検出器；クロマトスキャナ
uploaded,タイトル変更,G01R 29/01,G01R 29/01,・・空中線の輻射線図,・・アンテナの輻射線図
uploaded,タイトル変更,G01R 31/04,G01R 31/04,・・接続部，例．プラグ，切り離しのできないジョイント，の試験,・・接続部，例．プラグまたは切り離しのできないジョイント，の試験
uploaded,タイトル変更,G01R 31/34,G01R 31/34,・発電機，電動機の試験（電気巻線の試験３１／０６；発電機，電動機の製造，組立て，保守または修繕に特に適合した方法または装置Ｈ０２Ｋ１５／００）,・発電機，電動機の試験［３］
uploaded,タイトル変更,G01R 31/34 A,G01R 31/34 A,電圧・電流測定によるもの,電圧または電流測定によるもの
uploaded,タイトル変更,G01S 1/01,G01S 1/01,・・・別々の方向を向きながらも互いに重複した指向特性をもつ複数の空中線または空中線方式から，順次に送信された複数の信号の振幅を比較するもの，例．等信号Ａ―Ｎ形,・・・別々の方向を向きながらも互いに重複した指向特性をもつ複数のアンテナまたはアンテナ方式から，順次に送信された複数の信号の振幅を比較するもの，例．等信号Ａ―Ｎ形
uploaded,タイトル変更,G01S 1/12,G01S 1/12,・・・・信号が，周期的に変化するその指向特性の方向をもつ一つの空中線または空中線方式から順次に送信されるもの，例．順次に動作する反射器によるもの,・・・・信号が，周期的に変化するその指向特性の方向をもつ一つのアンテナまたはアンテナ方式から順次に送信されるもの，例．順次に動作する反射器によるもの
uploaded,タイトル変更,G01S 1/14,G01S 1/14,・・・別々の方向を向きながらも互いに重複した指向特性をもつ複数の空中線または空中線方式から，同時に送信された複数の信号の振幅を比較するもの,・・・別々の方向を向きながらも互いに重複した指向特性をもつ複数のアンテナまたはアンテナ方式から，同時に送信された複数の信号の振幅を比較するもの
uploaded,タイトル変更,G01S 1/02,G01S 1/02,・・・互いに離れて配置された無指向性の空中線または空中線方式から送信された，複数の同期した信号の伝播時間を比較するもの，すなわち路程差方式,・・・互いに離れて配置された無指向性のアンテナまたはアンテナ方式から送信された，複数の同期した信号の伝播時間を比較するもの，すなわち路程差方式
uploaded,タイトル変更,G01S 1/26,G01S 1/26,・・・・・複数のパルスまたは複数の時間基準信号が受信機で局部的に発生され，かつ受信信号に対し所定の時間関係に持って来られる方式，例．パルス間隔が，第１および第２の空中線または空中線方式から受信された信号の変調の有意部分の到達時間差と一致する方式,・・・・・複数のパルスまたは複数の時間基準信号が受信機で局部的に発生され，かつ受信信号に対し所定の時間関係に持って来られる方式，例．パルス間隔が，第１および第２のアンテナまたはアンテナ方式から受信された信号の変調の有意部分の到達時間差と一致する方式
uploaded,タイトル変更,G01S 1/34,G01S 1/34,・・・・・第１と第２の同期した信号が両空中線または空中線方式から送信され，かつ第１の信号を互いにヘテロダインすることによって得られるビート周波数が，第２の信号を互いにヘテロダインすることによって得られるビート周波数と位相比較される方式,・・・・・第１と第２の同期した信号が両アンテナまたはアンテナ方式から送信され，かつ第１の信号を互いにヘテロダインすることによって得られるビート周波数が，第２の信号を互いにヘテロダインすることによって得られるビート周波数と位相比較される方式
uploaded,タイトル変更,G01S 1/38,G01S 1/38,・・・（１）循環路を移動または移動するように見える空中線により送信された信号の，ドップラー効果による，周波数変化の包絡線の位相と，（２）空中線の循環移動または見かけの循環移動の周波数に同期されている基準信号の位相との比較を用いるもの,・・・［１］循環路を移動または移動するように見えるアンテナにより送信された信号の，ドップラー効果による，周波数変化の包絡線の位相と，［２］アンテナの循環移動または見かけの循環移動の周波数に同期されている基準信号の位相との比較を用いるもの
uploaded,タイトル変更,G01S 1/04,G01S 1/04,・・・・空中線の見かけの移動が，複数の固定空中線の循環的，順次的付勢により作り出されるもの,・・・・アンテナの見かけの移動が，複数の固定アンテナの循環的，順次的付勢により作り出されるもの
uploaded,タイトル変更,G01S 3/08,G01S 3/08,・・・偏波誤差を低減させるための手段，例．アドコック形または間隔を置いて並べられたループ空中線方式の使用によるもの,・・・偏波誤差を低減させるための手段，例．アドコック形または間隔を置いて並べられたループアンテナ方式の使用によるもの
uploaded,タイトル変更,G01S 3/12,G01S 3/12,・・・方向のセンスを決定するための手段，例．指向性空中線またはゴニオメータの捜索コイルからの信号と，無指向性空中線からの信号との結合によるもの（指向性信号と無指向性信号との結合によって引き出された複数の信号の振幅を比較することによる方向の測定Ｇ０１Ｓ３／２４，Ｇ０１Ｓ３／３４）,・・・方向のセンスを決定するための手段，例．指向性アンテナまたはゴニオメータの捜索コイルからの信号と，無指向性アンテナからの信号との結合によるもの（指向性信号と無指向性信号との結合によって引き出された複数の信号の振幅を比較することによる方向の測定Ｇ０１Ｓ３／２４，Ｇ０１Ｓ３／３４）
uploaded,タイトル変更,G01S 3/16,G01S 3/16,・・・別々の方向に向けられた指向特性をもつ複数の受信空中線もしくは空中線方式，または指向特性の方向が周期的に変えられる１個の空中線から，順次引き出された複数の信号の振幅を比較するもの,・・・別々の方向に向けられた指向特性をもつ複数の受信アンテナもしくはアンテナ方式，または指向特性の方向が周期的に変えられる１個のアンテナから，順次引き出された複数の信号の振幅を比較するもの
uploaded,タイトル変更,G01S 3/18,G01S 3/18,・・・・別々の指向性空中線から直接に導かれたもの,・・・・別々の指向性アンテナから直接に導かれたもの
uploaded,タイトル変更,G01S 3/02,G01S 3/02,・・・・指向特性の方向が周期的に変化される１個の空中線方式により受信された信号の標本化によって導かれたもの,・・・・指向特性の方向が周期的に変化される１個のアンテナ方式により受信された信号の標本化によって導かれたもの
uploaded,タイトル変更,G01S 3/22,G01S 3/22,・・・・別々の空中線からの信号の別々の結合から導かれるもの，例．和と差との比較,・・・・別々のアンテナからの信号の別々の結合から導かれるもの，例．和と差との比較
uploaded,タイトル変更,G01S 3/24,G01S 3/24,・・・・・上記の別々の空中線が一つの指向性空中線と一つの無指向性空中線とを包含するもの，例．逆のカージオイド指向特性を作り出すループ空中線と開路空中線との結合,・・・・・上記の別々のアンテナが一つの指向性アンテナと一つの無指向性アンテナとを包含するもの，例．逆のカージオイド指向特性を作り出すループアンテナと開路アンテナとの結合
uploaded,タイトル変更,G01S 3/26,G01S 3/26,・・・・・上記の別々の空中線が別々の方向に向けられた指向特性をもつもの,・・・・・上記の別々のアンテナが別々の方向に向けられた指向特性をもつもの
uploaded,タイトル変更,G01S 3/28,G01S 3/28,・・・別々の方向に向けられた指向特性をもつ複数の受信空中線または受信空中線方式から，同時に導かれた複数の信号の振幅を比較するもの,・・・別々の方向に向けられた指向特性をもつ複数の受信アンテナまたは受信アンテナ方式から，同時に導かれた複数の信号の振幅を比較するもの
uploaded,タイトル変更,G01S 3/32,G01S 3/32,・・・・別々の空中線からの複数の信号の別々の結合から導かれるもの，例．和と差との比較,・・・・別々のアンテナからの複数の信号の別々の結合から導かれるもの，例．和と差との比較
uploaded,タイトル変更,G01S 3/34,G01S 3/34,・・・・・上記の別々の空中線が一つの指向性空中線と一つの無指向性空中線とを包含するもの，例．逆のカージオイド指向特性を作り出すループ空中線と開路空中線との組合せ,・・・・・上記の別々のアンテナが一つの指向性アンテナと一つの無指向性アンテナとを包含するもの，例．逆のカージオイド指向特性を作り出すループアンテナと開路アンテナとの組合せ
uploaded,タイトル変更,G01S 3/36,G01S 3/36,・・・・・上記の別々の空中線が別々の方向に向けられた指向特性をもつもの,・・・・・上記の別々のアンテナが別々の方向に向けられた指向特性をもつもの
uploaded,タイトル変更,G01S 3/38,G01S 3/38,・・・１個の空中線または空中線方式の指向特性の現実の方向または実効方向を調整して，該空中線または空中線方式から導かれる信号を所望の状態にするもの，例．最大または最小信号を与えるもの（Ｇ０１Ｓ３／１６，Ｇ０１Ｓ３／２８が優先）,・・・１個のアンテナまたはアンテナ方式の指向特性の現実の方向または実効方向を調整して，該アンテナまたはアンテナ方式から導かれる信号を所望の状態にするもの，例．最大または最小信号を与えるもの（Ｇ０１Ｓ３／１６，Ｇ０１Ｓ３／２８が優先）
uploaded,タイトル変更,G01S 3/04,G01S 3/04,・・・・最大または最小信号を与えるために単一指向特性の方向を調整するもの，例．回転式ループ空中線，等価ゴニオメータ方式,・・・・最大または最小信号を与えるために単一指向特性の方向を調整するもの，例．回転式ループアンテナまたは等価ゴニオメータ方式
uploaded,タイトル変更,G01S 3/46,G01S 3/46,・・・間隔を置いて並べられた空中線列を使用するものであって，該空中線からの信号の間の位相差または時間差を測定するもの，すなわち路程差方式,・・・間隔を置いて並べられたアンテナ列を使用するものであって，該アンテナからの信号の間の位相差または時間差を測定するもの，すなわち路程差方式
uploaded,タイトル変更,G01S 3/48,G01S 3/48,・・・・各空中線に到達する電波が連続的または断続的であって，それらの空中線から導かれた信号の間の位相差が測定されるもの,・・・・各アンテナに到達する電波が連続的または断続的であって，それらのアンテナから導かれた信号の間の位相差が測定されるもの
uploaded,タイトル変更,G01S 3/05,G01S 3/05,・・・・各空中線に到達する電波がパルス変調されており，それらの到達時間差が測定されるもの,・・・・各アンテナに到達する電波がパルス変調されており，それらの到達時間差が測定されるもの
uploaded,タイトル変更,G01S 3/52,G01S 3/52,・・・受信信号の周波数をドップラー偏移させるために，周期的通路内で移動する，または移動するように見える受信空中線を用いるもの,・・・受信信号の周波数をドップラー偏移させるために，周期的通路内で移動する，または移動するように見える受信アンテナを用いるもの
uploaded,タイトル変更,G01S 3/54,G01S 3/54,・・・・空中線の見かけの移動が，間隔を置いて並べられた多くの固定空中線の各々に対する，受信機の周期的および順次的結合によって作り出されるもの,・・・・アンテナの見かけの移動が，間隔を置いて並べられた多くの固定アンテナの各々に対する，受信機の周期的および順次的結合によって作り出されるもの
uploaded,タイトル変更,G01S 3/74,G01S 3/74,・・方位測定用に，特殊に適合された多重チャネル方式，すなわち相異なる複数の信号の方向の同時指示を与えることが可能な単一空中線方式をもつもの（相異なる複数の信号の方向が順次に決定されそして同時に表示される方式Ｇ０１Ｓ３／０４，Ｇ０１Ｓ３／１４）,・・方位測定用に，特殊に適合された多重チャネル方式，すなわち相異なる複数の信号の方向の同時指示を与えることが可能な単一アンテナ方式をもつもの（相異なる複数の信号の方向が順次に決定されそして同時に表示される方式Ｇ０１Ｓ３／０４，Ｇ０１Ｓ３／１４）
uploaded,タイトル変更,G03G 9/00,G03G 9/00,現像材として用いる物質の選択,現像剤［５］
uploaded,タイトル変更,G03G 9/08,G03G 9/08,・トナー粒子を用いるもの,・トナー粒子をもつもの［２］
uploaded,タイトル変更,G03G 9/08 384,G03G 9/08 384,・・・重合法によるもの〔例．懸濁重合法〕,・・・重合法によるもの，例．懸濁重合法
uploaded,タイトル変更,G03G 9/08 391,G03G 9/08 391,・・特殊プロセス用／特殊用途用トナ－〔例．ゼラチントナ－／捺染用，印刷板用〕,・・特殊プロセス用／特殊用途用トナー，例．ゼラチントナー／捺染用，印刷板用
uploaded,タイトル変更,G03G 9/08 392,G03G 9/08 392,・・・昇華性／発色性トナ－,・・・昇華性／発色性トナー
uploaded,タイトル変更,G03G 9/08 394,G03G 9/08 394,・・・光導電性トナ－,・・・光導電性トナー
uploaded,タイトル変更,G03G 9/01,G03G 9/01,・・特殊なキャリャーとの混合（９／１４が優先）,・・キャリャー粒子に特徴をもつもの［２，５］
uploaded,タイトル変更,G03G 9/12,G03G 9/12,・・液体中での懸濁あるいは拡散,・・液体現像剤混合物中のもの［２］
uploaded,タイトル変更,G03G 9/16,G03G 9/16,・グループ９／０６～９／１４に分類されない現像剤，例．溶液，エアゾール,・グループＧ０３Ｇ９／０６～Ｇ０３Ｇ９／１３５に分類されない現像剤，例．溶液，エアゾール［２］
uploaded,タイトル変更,G03G 9/18,G03G 9/18,・・区分的湿潤現像剤,・・区分的湿潤現像剤［２］
uploaded,タイトル変更,G04B 21/06,G04B 21/06,・・打鈴機構の部品，例．ハンマー，羽根車式調速機,・・打鈴機構の部品，例．ハンマーまたは羽根車式調速機
uploaded,タイトル変更,G06F 3/16,G06F 3/16,・音声入力；音声出力（音声のデジタル情報への変換またはその逆Ｇ１０Ｌ）,・音声入力；音声出力（音声処理Ｇ１０Ｌ）
uploaded,タイトル変更,G06F 9/00,G06F 9/00,プログラム制御のための装置，例．制御装置（周辺装置のためのプログラム制御１３／１０；調整または制御システムにおけるものＧ０５Ｂ）,プログラム制御のための装置，例．制御装置（周辺装置のためのプログラム制御Ｇ０６Ｆ１３／１０）［２０１８．０１］
uploaded,タイトル変更,G06F 9/04,G06F 9/04,・プログラム命令のみを保持する記録担体を用いるもの（９／０６が優先）,・プログラム命令のみを保持する記録担体を用いるもの（Ｇ０６Ｆ９／０６が優先）
uploaded,タイトル変更,G06F 9/06,G06F 9/06,・プログラム記憶方式を用いるもの，すなわちプログラムを受取りそして保持するために処理装置の内部記憶装置を用いるもの,・プログラム記憶方式を用いるもの，すなわちプログラムを受取りまたは保持するために処理装置の内部記憶装置を用いるもの
uploaded,タイトル変更,G06F 9/22,G06F 9/22,・・マイクロ制御またはマイクロプログラム装置,・・マイクロ制御またはマイクロプログラム装置［３］
uploaded,タイトル変更,G06F 9/22 310 E,G06F 9/22 310 E,マイクロキヤツシユ,マイクロキャッシュ
uploaded,タイトル変更,G06F 9/22 320 D,G06F 9/22 320 D,マイクロフイ－ルドの多重化,マイクロフィールドの多重化
uploaded,タイトル変更,G06F 9/22 320 F,G06F 9/22 320 F,固定デ－タの発生,固定データの発生
uploaded,タイトル変更,G06F 9/22 330 E,G06F 9/22 330 E,イニシヤライズ,イニシャライズ
uploaded,タイトル変更,G06F 9/22 340 A,G06F 9/22 340 A,基本クロツクの制御,基本クロックの制御
uploaded,タイトル変更,G06F 9/22 350 B,G06F 9/22 350 B,フア－ムウエアマクロ命令の処理,ファームウェアマクロ命令の処理
uploaded,タイトル変更,G06F 9/22 350 E,G06F 9/22 350 E,ハ－ドウエア制御とマイクロ制御の併用,ハードウェア制御とマイクロ制御の併用
uploaded,タイトル変更,G06F 9/22 380 A,G06F 9/22 380 A,マイクロシ－ケンスのチエツク，例．暴走対策,マイクロシーケンスのチェック，例．暴走対策
uploaded,タイトル変更,G06F 9/22 380 C,G06F 9/22 380 C,制御メモリのチエツク,制御メモリのチェック
uploaded,タイトル変更,G06F 9/22 380 E,G06F 9/22 380 E,マイクロ命令のチエツク,マイクロ命令のチェック
uploaded,タイトル変更,G06F 9/22 380 F,G06F 9/22 380 F,マイクロプログラム・トレ－ス,マイクロプログラムのトレース
uploaded,タイトル変更,G06F 9/22 380 G,G06F 9/22 380 G,アドレス・ストツプ,アドレスストップ
uploaded,タイトル変更,G06F 9/22 380 H,G06F 9/22 380 H,リトライ、リスタ－ト,リトライ，リスタート
uploaded,タイトル変更,G06F 9/22 380 J,G06F 9/22 380 J,保守パネル、デ－タ表示,保守パネル，データ表示
uploaded,タイトル変更,G06F 9/24,G06F 9/24,・・・マイクロプログラムのローディング,・・・マイクロプログラムのローディング［３］
uploaded,タイトル変更,G06F 9/24 310,G06F 9/24 310,・・・・イニシヤル・マイクロプログラム・ロ－ド,・・・・イニシャルマイクロプログラムロード
uploaded,タイトル変更,G06F 9/24 320,G06F 9/24 320,・・・・ダイナミツク・マイクロプログラミング,・・・・ダイナミックマイクロプログラミング
uploaded,タイトル変更,G06F 9/26,G06F 9/26,・・・次位マイクロ命令のアドレス指定（９／２８が優先）,・・・次位マイクロ命令のアドレス指定（Ｇ０６Ｆ９／２８が優先）［３］
uploaded,タイトル変更,G06F 9/26 310,G06F 9/26 310,・・・・サブル－チン,・・・・サブルーチン
uploaded,タイトル変更,G06F 9/26 320 B,G06F 9/26 320 B,ペ－ジ間ジヤンプ,ページ間ジャンプ
uploaded,タイトル変更,G06F 9/26 320 D,G06F 9/26 320 D,マイクロシ－ケンサ,マイクロシーケンサ
uploaded,タイトル変更,G06F 9/26 320 F,G06F 9/26 320 F,特定の分岐命令，例．スキツプ命令,特定の分岐命令，例．スキップ命令
uploaded,タイトル変更,G06F 9/26 330,G06F 9/26 330,・・・・特別なマイクロ・シ－ケンス，例．ル－プ制御，マクロフエツチシ－ケンス,・・・・特別なマイクロシーケンス，例．ループ制御，マクロフェッチシーケンス
uploaded,タイトル変更,G06F 9/26 330 A,G06F 9/26 330 A,ル－プ制御,ループ制御
uploaded,タイトル変更,G06F 9/26 330 B,G06F 9/26 330 B,マクロフエツチシ－ケンス,マクロフェッチシーケンス
uploaded,タイトル変更,G06F 9/26 330 C,G06F 9/26 330 C,パスフアインダメモリ,パスファインダメモリ
uploaded,タイトル変更,G06F 9/26 330 D,G06F 9/26 330 D,マクロ・マイクロ混合シ－ケンス,マクロ／マイクロ混合シーケンス
uploaded,タイトル変更,G06F 9/28,G06F 9/28,・・・演算速度の増強，例．並列に動作する幾つかのマイクロ制御装置を用いるもの,・・・演算速度の増強，例．並列に動作する幾つかのマイクロ制御装置を用いるもの［３］
uploaded,タイトル変更,G06F 9/28 310 C,G06F 9/28 310 C,・制御メモリ・インタリ－ブ,・制御メモリインタリーブ
uploaded,タイトル変更,G06F 9/03,G06F 9/03,・・機械語命令を実行するための装置（マイクロ命令を実行するためのもの９／２２；サブプログラムを実行するためのもの９／４０）,・・機械語命令を実行するための装置，例．命令のデコード（マイクロ命令を実行するためのものＧ０６Ｆ９／２２）［２０１８．０１］
uploaded,タイトル変更,G06F 9/03 310 B,G06F 9/03 310 B,デコ－ダの構成，配置,デコーダの構成または配置，例．プリデコーダ
uploaded,タイトル変更,G06F 9/03 310 C,G06F 9/03 310 C,多重デコ－ダの選択切換,多重デコーダの選択切換，例．複数種類の命令セットに対応するための複数のデコーダ
uploaded,タイトル変更,G06F 9/03 310 E,G06F 9/03 310 E,未定義・拡張命令；エミユレ－シヨン,未定義命令；拡張命令，例．命令セットに含まれない命令の処理を同等のルーチンにより実現するもの
uploaded,タイトル変更,G06F 9/03 310 F,G06F 9/03 310 F,命令コ－ドエラ－処理,命令コードエラー処理
uploaded,タイトル変更,G06F 9/03 330,G06F 9/03 330,・・・タイミング制御，例．命令実行時間可変，クロツク制御,・・・タイミング制御，例．命令実行時間可変またはクロック制御
uploaded,タイトル変更,G06F 9/03 330 B,G06F 9/03 330 B,基本クロツク周波数選択切換,基本クロック周波数選択切換
uploaded,タイトル変更,G06F 9/03 330 C,G06F 9/03 330 C,遅延・ウエイト時間設定,遅延時間設定；ウェイト時間設定
uploaded,タイトル変更,G06F 9/03 330 D,G06F 9/03 330 D,同期信号待合せ,同期信号待ち合わせ，例．周辺装置と同期をとるために応答信号の待ち合わせを行うもの
uploaded,タイトル変更,G06F 9/03 350,G06F 9/03 350,・・・特殊命令処理，例．新命令，ム－ブ命令（可変長命令，スキツプ命令９／３２）,・・・特殊命令処理（可変長命令またはスキップ命令Ｇ０６Ｆ９／３２）
uploaded,タイトル変更,G06F 9/03 350 A,G06F 9/03 350 A,特殊命令処理一般,特殊命令処理一般；新命令；プレディケート付き命令
uploaded,タイトル変更,G06F 9/03 350 C,G06F 9/03 350 C,エクシキユ－ト命令,ＥＸＥＣＵＴＥ命令，例．命令のオペランドとしてフェッチしたデータを命令とみなして実行するもの
uploaded,タイトル変更,G06F 9/03 350 D,G06F 9/03 350 D,デ－タベ－ス操作命令,データベース操作命令
uploaded,タイトル変更,G06F 9/03 350 E,G06F 9/03 350 E,編集命令；パツク・アンパツク変換,十進数データに関する編集命令；十進数データに関するパック変換；十進数データに関するアンパック変換
uploaded,タイトル変更,G06F 9/03 350 F,G06F 9/03 350 F,複合命令,複合命令，例．ＶＬＩＷ
uploaded,タイトル変更,G06F 9/03 350 G,G06F 9/03 350 G,ＲＩＳＣ，ＰＲＩＳＭ,ＲＩＳＣまたはＰＲＩＳＭに関する命令であることに特徴のあるもの
uploaded,タイトル変更,G06F 9/03 360,G06F 9/03 360,・・・マイクロコンピユ－タ,・・・マイクロコンピュータに特有の命令
uploaded,タイトル変更,G06F 9/03 370,G06F 9/03 370,・・・レジスタ・バス構成〔ＡＬＵ周辺構成〕,・・・ＡＬＵ周辺構成，ＣＰＵ内部のバスの改良またはレジスタファイルやＡＬＵ等の相互接続
uploaded,タイトル変更,G06F 9/32,G06F 9/32,・・・次位命令のアドレス指定，例．命令カウンタ値の増加，ジャンプ（９／３８が優先；サブプログラム・ジャンプ９／４２）,・・・次の命令のアドレスの指定，例．命令カウンタのインクリメント（Ｇ０６Ｆ９／３８が優先）［３］
uploaded,タイトル変更,G06F 9/32 310,G06F 9/32 310,・・・・命令処理，例．アドレシング，フエツチ,・・・・命令処理，例．アドレシングまたはフェッチ
uploaded,タイトル変更,G06F 9/32 310 A,G06F 9/32 310 A,アドレシング一般,アドレシング一般，例．プログラムカウンタを順に連続してインクリメントするもの
uploaded,タイトル変更,G06F 9/32 310 J,G06F 9/32 310 J,メモリアクセス，フエツチ,メモリアクセス；メモリフェッチ，例．シリアルにメモリから命令をフェッチするもの
uploaded,タイトル変更,G06F 9/32 310 K,G06F 9/32 310 K,・複数メモリモジユ－ル構成；メモリ空間拡張,・複数メモリモジュール構成；メモリ空間拡張，例．バンク切換または命令メモリとデータメモリを別個に設けるもの
uploaded,タイトル変更,G06F 9/32 320,G06F 9/32 320,・・・・分岐命令処理，例．アドレシング，分岐判定処理,・・・・分岐命令処理，例．アドレシングまたは分岐判定処理
uploaded,タイトル変更,G06F 9/32 320 B,G06F 9/32 320 B,分岐アドレス計算，生成,分岐アドレス計算；分岐アドレス生成
uploaded,タイトル変更,G06F 9/32 320 D,G06F 9/32 320 D,・多重分岐アドレス生成，分岐アドレス条件修飾生成,・多重分岐アドレス生成；条件による分岐アドレス修飾生成，例．複数の分岐先アドレスまたは分岐先アドレスの下位ビット群の置き換え
uploaded,タイトル変更,G06F 9/32 320 E,G06F 9/32 320 E,次命令〔アドレス〕選択処理〔Ｄ，Ｆ優先〕,次命令または次アドレスの選択処理（Ｇ０６Ｆ９／３２，３２０Ｄ，Ｆ優先）例．Ｔａｋｅｎ側アドレスとＮｏｔ　Ｔａｋｅｎ側アドレスのいずれかを選択するもの
uploaded,タイトル変更,G06F 9/32 320 F,G06F 9/32 320 F,条件判定処理；分岐判定処理,条件判定処理；分岐判定処理，例．分岐をするか否かの決定そのものに関する手法
uploaded,タイトル変更,G06F 9/32 320 G,G06F 9/32 320 G,ペ－ジ間ジヤンプ；同一アドレス空間メモリ間ジヤンプ,ページ間ジャンプ；同一アドレス空間メモリ間ジャンプ
uploaded,タイトル変更,G06F 9/32 320 J,G06F 9/32 320 J,メモリアクセス，フエツチ,メモリアクセス；メモリフェッチ，例．分岐先命令をメモリからフェッチする手法
uploaded,タイトル変更,G06F 9/32 320 K,G06F 9/32 320 K,・複数メモリモジユ－ル構成；メモリ空間拡張,・複数メモリモジュール構成；メモリ空間拡張，例．メモリバンク間の分岐
uploaded,タイトル変更,G06F 9/32 330,G06F 9/32 330,・・・・・ル－プ処理,・・・・・ループ処理
uploaded,タイトル変更,G06F 9/32 330 A,G06F 9/32 330 A,ル－プ処理一般,ループ処理一般
uploaded,タイトル変更,G06F 9/32 330 B,G06F 9/32 330 B,単一命令繰返し処理,単一命令繰返し処理，例．プログラムカウンタのインクリメントを抑止するもの
uploaded,タイトル変更,G06F 9/32 330 C,G06F 9/32 330 C,ル－プ用命令バツフア,ループ用命令バッファ
uploaded,タイトル変更,G06F 9/32 330 D,G06F 9/32 330 D,多重ル－プ処理,多重ループ処理
uploaded,タイトル変更,G06F 9/32 340,G06F 9/32 340,・・・・・縦積命令；スキツプ命令,・・・・・命令をスキップするための命令
uploaded,タイトル変更,G06F 9/32 340 A,G06F 9/32 340 A,縦積命令,縦積命令，例．最初の特定命令のみを実行して後続の特定命令は実行しない処理を分岐命令を用いることなく行うもの
uploaded,タイトル変更,G06F 9/32 340 B,G06F 9/32 340 B,スキツプ命令,スキップ命令
uploaded,タイトル変更,G06F 9/32 350 B,G06F 9/32 350 B,可変長オペランド指定子,可変長オペランド指定子，例．命令語のオペランド指定子フィールドが可変長になっているもの
uploaded,タイトル変更,G06F 9/32 360,G06F 9/32 360,・・・・シ－ケンスコントロ－ラ,・・・・シーケンスコントローラ
uploaded,タイトル変更,G06F 9/32 360 A,G06F 9/32 360 A,シ－ケンスコントロ－ラ一般,シーケンスコントローラ一般
uploaded,タイトル変更,G06F 9/32 380,G06F 9/32 380,・・・・誤動作対策,・・・・メモリから命令をフェッチする際の誤動作対策
uploaded,タイトル変更,G06F 9/34,G06F 9/34,・・・命令オペランドのアクセス，例．間接アドレス指定，可変長オペランド（９／３８が優先）,・・・命令オペランドまたは演算結果のアドレシングまたはアクセシング［３，５］
uploaded,タイトル変更,G06F 9/34 320 B,G06F 9/34 320 B,バウンダリ制御；アラインメント,バウンダリ制御；アラインメント，例．メモリの２ワードにまたがるオペランドをアクセスするためにデータのシフトまたはマージを行うもの
uploaded,タイトル変更,G06F 9/34 320 C,G06F 9/34 320 C,バイト・ワ－ド処理,バイト処理；ワード処理，例．４バイトのワードをメモリから読み出しそのうちの１バイトを得るもの
uploaded,タイトル変更,G06F 9/34 340,G06F 9/34 340,・・・・スタツク（サブル－チンスタツク９／４２）,・・・・スタック（サブルーチンスタックＧ０６Ｆ９／３２，３８４）
uploaded,タイトル変更,G06F 9/34 340 A,G06F 9/34 340 A,スタツク一般,スタック一般
uploaded,タイトル変更,G06F 9/34 340 B,G06F 9/34 340 B,・階層構成；仮想スタツク,・階層構成；仮想スタック
uploaded,タイトル変更,G06F 9/34 340 C,G06F 9/34 340 C,スタツクエラ－,スタックエラー，例．オーバーフローまたはアンダーフロー
uploaded,タイトル変更,G06F 9/34 350 B,G06F 9/34 350 B,・複数メモリモジユ－ル構成〔メモリ拡張９／３６・３３０〕,・複数メモリモジュール構成，例．バンクインタリーブまたはバンク切換（インデクスアドレシングによるアドレス空間の拡張Ｇ０６Ｆ９／３５５，３３０）
uploaded,タイトル変更,G06F 9/34 380,G06F 9/34 380,・・・・誤動作対策,・・・・オペランドフェッチまたはオペランドストアの際の誤動作対策
uploaded,タイトル変更,G06F 9/38,G06F 9/38,・・・命令の同時実行，例．パイプライン，ルック・アヘッド,・・・命令の同時実行，例．パイプライン，ルック・アヘッド［３］
uploaded,タイトル変更,G06F 9/38 310,G06F 9/38 310,・・・・先行制御，例．命令先取，パイプライン投入順序制御，ベクトル処理（１５／３４７）,・・・・先行制御，例．命令先取，パイプライン投入順序制御（ベクトル処理Ｇ０６Ｆ１７／１６）
uploaded,タイトル変更,G06F 9/38 310 A,G06F 9/38 310 A,命令先取；オペランド先取；バツフア,命令先取；オペランド先取；バッファ
uploaded,タイトル変更,G06F 9/38 310 E,G06F 9/38 310 E,タイミング制御〔ステ－ジ進行・移行制御〕,タイミング制御；ステージ進行移行制御
uploaded,タイトル変更,G06F 9/38 310 F,G06F 9/38 310 F,パイプライン投入順序変更制御〔後行命令が先行命令より先に投入されるもの〕,パイプライン投入順序変更制御，例．後行命令が先行命令より先に投入されるもの，アウトオブオーダまたはリオーダバッファ
uploaded,タイトル変更,G06F 9/38 310 G,G06F 9/38 310 G,ベクトル処理〔９／３８の他の分冊記号も適宜付与〕,ベクトル命令をパイプライン方式や並列処理方式で実行するもの（ベクトル処理Ｇ０６Ｆ１７／１６が優先）
uploaded,タイトル変更,G06F 9/38 310 H,G06F 9/38 310 H,可変長〔命令もしくはオペランドの長さが可変長〕,命令長またはオペランド長が可変であるもの，例．可変長であることに伴うアドレス計算，フェッチまたは切り出し
uploaded,タイトル変更,G06F 9/38 310 J,G06F 9/38 310 J,パイプライン演算,演算装置を縦列に重ねてパイプライン態様に用いるもの
uploaded,タイトル変更,G06F 9/38 310 X,G06F 9/38 310 X,先行制御一般〔例．各パイプラインステ－ジに制御メモリを配置〕,先行制御一般，例．各パイプラインステージに制御メモリを配置
uploaded,タイトル変更,G06F 9/38 310 Y,G06F 9/38 310 Y,・その他参考・雑件,・その他参考；雑件
uploaded,タイトル変更,G06F 9/38 310 Z,G06F 9/38 310 Z,その他,その他，例．応用分野において命令の先行制御の技術が使用されているもの
uploaded,タイトル変更,G06F 9/38 330,G06F 9/38 330,・・・・分岐制御，例．分岐先命令先取，分岐予測，ル－プ処理,・・・・分岐制御，例．分岐先命令先取，分岐予測，ループ処理
uploaded,タイトル変更,G06F 9/38 330 B,G06F 9/38 330 B,・分岐ヒストリ〔過去の実行結果を反映〕,・分岐ヒストリ，例．過去の実行結果を反映するテーブル，ブランチヒストリテーブルまたはブランチターゲットテーブル
uploaded,タイトル変更,G06F 9/38 330 C,G06F 9/38 330 C,・予め指定，分岐予測フラグ,・予測する分岐方向を固定的に設定するもの，例．命令中に分岐予測フラグを有するもの，外部において予測する分岐方向を固定的に設定するもの
uploaded,タイトル変更,G06F 9/38 330 D,G06F 9/38 330 D,・早期判定，例．条件コ－ド、計数分岐,・早期判定，例．条件コード，計数分岐
uploaded,タイトル変更,G06F 9/38 330 E,G06F 9/38 330 E,ル－プ処理,ループ処理，例．ループに伴う分岐予測判定方式
uploaded,タイトル変更,G06F 9/38 330 F,G06F 9/38 330 F,分岐先命令先取,分岐先命令先取，例．分岐先命令バッファ，分岐先アドレス計算または分岐先命令早期検出
uploaded,タイトル変更,G06F 9/38 330 K,G06F 9/38 330 K,・見込み実行，キヤンセル処理,・見込み実行，キャンセル処理
uploaded,タイトル変更,G06F 9/38 330 L,G06F 9/38 330 L,特殊命令による命令再読出，〔逐次化命令，ロ－ド，ＰＳＷ命令〕,特殊命令の検出に伴う既に先取りしていた命令の無効化及び命令の再読出，例．ＥＸＥＣＵＴＥ命令，逐次化命令またはロードＰＳＷ命令
uploaded,タイトル変更,G06F 9/38 330 Y,G06F 9/38 330 Y,・その他参考・雑件,・その他参考；雑件
uploaded,タイトル変更,G06F 9/38 350,G06F 9/38 350,・・・・ストア制御；フエツチストアコンフリクト，例．ＯＳＣ，ＩＳＣ，ＰＳＣ,・・・・ストア制御；フェッチストアコンフリクト，例．ＯＳＣ，ＩＳＣまたはＰＳＣ
uploaded,タイトル変更,G06F 9/38 350 A,G06F 9/38 350 A,フエツチストアコンフリクト，例．優先制御，待合せ，無効化,フェッチストアコンフリクト，例．優先制御，待合せまたは無効化
uploaded,タイトル変更,G06F 9/38 350 B,G06F 9/38 350 B,・内容一致制御，例．先取内容置換，バイパス〔特別の手段によつてデ－タの受渡しを図るもの〕,・内容一致制御，例．先取内容置換，バイパスやフォワーディングによりデータの受渡しを図るものまたはレジスタリネーミング
uploaded,タイトル変更,G06F 9/38 350 X,G06F 9/38 350 X,ストア制御一般，例．Ｒ／Ｗ並列処理，おいてきぼり制御,ストア制御一般，例．Ｒ／Ｗ並列処理またはおいてきぼり制御
uploaded,タイトル変更,G06F 9/38 350 Y,G06F 9/38 350 Y,・その他参考・雑件,・その他参考；雑件
uploaded,タイトル変更,G06F 9/38 350 Z,G06F 9/38 350 Z,その他,その他，例．応用分野において分岐制御を用いるもの
uploaded,タイトル変更,G06F 9/38 370,G06F 9/38 370,・・・・並列処理，例．複数処理機構，付加処理機構（マルチプロセツサ１５／１６）,・・・・並列処理，例．複数処理機構または付加処理機構（マルチプロセッサＧ０６Ｆ１５／１６）
uploaded,タイトル変更,G06F 9/38 370 A,G06F 9/38 370 A,同種の複数処理機構・ＡＬＵ,同種の複数処理機構またはＡＬＵ
uploaded,タイトル変更,G06F 9/38 370 B,G06F 9/38 370 B,異種の複数処理機構・ＡＬＵ,異種の複数処理機構またはＡＬＵ，例．ＶＬＩＷを実現するための複数スロット
uploaded,タイトル変更,G06F 9/38 370 C,G06F 9/38 370 C,・付加処理機構，例．浮動小数点演算用,・付加処理機構；コプロセッサ，例．浮動小数点演算用のもの，アクセラレータ
uploaded,タイトル変更,G06F 9/38 370 Y,G06F 9/38 370 Y,・その他参考・雑件,・その他参考；雑件
uploaded,タイトル変更,G06F 9/38 370 Z,G06F 9/38 370 Z,その他,その他，例．応用分野において並列処理を行うもの
uploaded,タイトル変更,G06F 9/38 380 B,G06F 9/38 380 B,・例外処理，例．アドレス例外，プロテクシヨン，〔中断処理時点制御〕,・例外処理，例．アドレス例外，プロテクションまたは中断処理時点制御
uploaded,タイトル変更,G06F 9/38 380 C,G06F 9/38 380 C,デバツク；モニタ；トレ－ス；テスト〔例．アドレス一致によるデバツグ〕,デバッグ；モニタ；トレース；テスト，例．アドレス一致によるデバッグ
uploaded,タイトル変更,G06F 9/38 380 Y,G06F 9/38 380 Y,・その他参考・雑件,・その他参考；雑件
uploaded,タイトル変更,G06F 9/38 380 Z,G06F 9/38 380 Z,その他,その他，例．応用分野において命令の同時実行に関わる誤動作対策を行うもの
uploaded,タイトル変更,G06F 9/44,G06F 9/44,・・特別なプログラムを実行するための装置，例．エミュレータ，コンパイラー，ポーランド記法のためのもの,・・特定のプログラムを実行するための装置［２０１８．０１］
uploaded,タイトル変更,G06F 9/46,G06F 9/46,・・マルチプログラミング装置，例．割込みを用いるもの；そのための優先回路,・・マルチプログラミング装置［３］
uploaded,タイトル変更,G06F 12/08,G06F 12/08,・・階層構造のメモリ・システム，例．仮想メモリ・システム，におけるもの［４］,・・階層構造のメモリ・システム，例．仮想メモリ・システム，におけるもの［４，２０１６．０１］
uploaded,タイトル変更,G06F 12/01,G06F 12/01,・・・アドレス変換［４］,・・・アドレス変換［４，２０１６．０１］
uploaded,タイトル変更,G06F 12/12,G06F 12/12,・・・置換制御［４］,・・・置換制御［４，２０１６．０１］
uploaded,タイトル変更,G06F 15/167 615 M,G06F 15/167 615 M,・２ポート／マルチポートメモリによる結合（１５／１７３，６６５優先）,・２ポート／マルチポートメモリによる結合（Ｇ０６Ｆ１５／１７３，６６５優先）
uploaded,タイトル変更,G06F 15/18,G06F 15/18,・一回の動作期間に，計算機自身が経験を積むことによりプログラムが変化されるもの，例．学習機械（最適制御システムＧ０５Ｂ１３／００；人工知能Ｇ０６Ｎ）,・計算機自身がある動作期間で得た経験に応じてプログラムが変化されるもの；学習機械（最適制御システムＧ０５Ｂ１３／００；人工知能Ｇ０６Ｎ）
uploaded,タイトル変更,G06F 19/00,G06F 19/00,特定の用途に特に適合したデジタル計算またはデータ処理の装置または方法（Ｇ０６Ｆ１７／００が優先；管理目的，商用目的，金融目的，経営目的，監督目的または予測目的に特に適合したデータ処理システムまたは方法Ｇ０６Ｑ）［６，８，２０１１．０１］,特定の用途に特に適合したデジタル計算またはデータ処理の装置または方法（特定の機能に特に適合したものＧ０６Ｆ１７／００；管理目的，商用目的，金融目的，経営目的，監督目的または予測目的に特に適合したデータ処理システムまたは方法Ｇ０６Ｑ；ヘルスケアインフォマティクスＧ１６Ｈ）［２０１８．０１］
uploaded,タイトル変更,G06F 21/16,G06F 21/16,・・プログラムまたはコンテンツの追跡可能性，例．透かしによる（静止画の電子透かしＨ０４Ｎ１／３２）［２０１３．０１］,・・プログラムまたはコンテンツの追跡可能性，例．透かしによる［２０１３．０１］
uploaded,タイトル変更,G06T 1/02,G06T 1/02,・プロセッサアーキテクチャ；プロセッサ構成，例．パイプライン（プログラム記憶式汎用計算機のアーキテクチャＧ０６Ｆ１５／７６）［６］,・プロセッサアーキテクチャ；プロセッサ構成，例．パイプライン［６］
uploaded,タイトル変更,G06T 9/00,G06T 9/00,イメージ符号化，例．ビットマップから非ビットマップへ（圧縮一般Ｈ０３Ｍ；イメージ通信のための圧縮Ｈ０４Ｎ）［６］,イメージ符号化，例．ビットマップから非ビットマップへ（静止画のための帯域または冗長度の減少Ｈ０４Ｎ１／４１；静止カラー画像信号の符号化または復号化Ｈ０４Ｎ１／６４；デジタルビデオ信号を符号化，復号化，圧縮または伸張するための方法または装置Ｈ０４Ｎ１９／００）［６］
uploaded,タイトル変更,G11B 31/00 R,G11B 31/00 R,レコ－ドプレヤ－との結合,レコ－ドプレ－ヤ－との結合
uploaded,タイトル変更,G11C 29/00,G11C 29/00,正確な動作のための記憶装置のチェック,正確な動作のための記憶装置のチェック；スタンバイまたはオフライン動作中の記憶装置のテスト［１，８］
uploaded,タイトル変更,G21C 1/00,G21C 1/00,原子炉,原子炉の種類
uploaded,タイトル変更,G21C 1/03,G21C 1/03,・未臨界装置,・未臨界炉
uploaded,タイトル変更,G21C 1/32,G21C 1/32,・積分型原子炉，すなわち機能的に原子炉と関連しているが反応には必須でない部分，例．熱交換器，が炉心をもつ密閉容器の内部に配置されている原子炉（Ｇ２１Ｃ１／０２～Ｇ２１Ｃ１／３０が優先）［３］,・一体型原子炉，すなわち機能的に原子炉と関連しているが反応には必須でない部分，例．熱交換器，が炉心をもつ密閉容器の内部に配置されている原子炉（Ｇ２１Ｃ１／０２～Ｇ２１Ｃ１／３０が優先）［３］
uploaded,タイトル変更,G21C 7/02,G21C 7/02,・原子炉材料の自己制御性を用いるもの（温度安定性を有する配置７／３２）,・原子炉材料の自己制御性を用いるもの（温度安定性を有する配置Ｇ２１Ｃ７／３２）
uploaded,タイトル変更,G21C 7/04,G21C 7/04,・・可燃性毒物を用いるもの,・・可燃性毒物を用いるもの（燃料棒内の可燃性毒物Ｇ２１Ｃ３／３２６）［５］
uploaded,タイトル変更,G21C 7/12,G21C 7/12,・・・制御要素を所望の位置に移動させる手段,・・・制御要素を所望の位置に移動させる手段（緊急時における反応炉心へ制御棒を落下させるものＧ２１Ｃ９／０２）
uploaded,タイトル変更,G21C 7/02,G21C 7/02,・・・衝撃吸収装置の配置（衝撃吸収装置一般はＦ１６Ｆ）,・・・衝撃吸収装置の配置
uploaded,タイトル変更,G21C 9/00,G21C 9/00,原子炉と構造上関連する緊急防護のための構成（緊急冷却のための構成１５／１８）,原子炉と構造上関連する緊急防護のための構成（緊急冷却のための構成Ｇ２１Ｃ１５／１８）
uploaded,タイトル変更,G21C 9/02,G21C 9/02,・事故時に反応度を急速に減少させるための手段，例．原子炉ヒューズ（制御要素それ自体７／００）,・事故時に反応度を急速に減少させるための手段，例．原子炉ヒューズ
uploaded,タイトル変更,H01F 27/00,H01F 27/00,一般用変成器またはインダクタンスの構造の細部,変成器またはインダクタンスの細部一般［６］
uploaded,タイトル変更,H01F 27/06,H01F 27/06,・変圧器，リアクトルまたはチョークコイルの取り着け，支持または吊着,・変成器，リアクトルまたはチョークコイルの取付け，支持または吊着
uploaded,タイトル変更,H01F 27/08,H01F 27/08,・冷却（熱交換素子Ｆ２８Ｆ）；通風（容器の構造的な細部２７／０２）,・冷却；通風
uploaded,タイトル変更,H01F 27/24 F,H01F 27/24 F,・星型［Ｙ］またはデルタ型［△］のもの,・星型，すなわちＹ型，またはデルタ型，すなわちΔ型，のもの
uploaded,タイトル変更,H01F 27/26,H01F 27/26,・・鉄心締付具；容器または支持物上への鉄心締付けまたは装着（コイル２７／３０）,・・鉄心締付具；容器または支持物上への鉄心締付けまたは装着
uploaded,タイトル変更,H01F 27/28 J,H01F 27/28 J,耐サ－ジまたはサ－ジ保護，例．ハイセルキャップまたはインターリーブド巻線,耐サージまたはサージ保護，例．ハイセルキャップまたはインターリーブド巻線
uploaded,タイトル変更,H01F 27/28 M,H01F 27/28 M,箔巻コイル［シートコイル］,箔巻コイル
uploaded,タイトル変更,H01F 27/36,H01F 27/36,・・電気的または磁気的遮へい,・・電気的または磁気的遮へい（インダクタンスを変えるため可動のものＨ０１Ｆ２１／１０）［６］
uploaded,タイトル変更,H01F 27/42,H01F 27/42,・変成器，リアクトルまたはチョークコイルの電気的特性を修正または補償するための回路（計測用変成器４０／１４；インピーダンス回路網Ｈ０３Ｈ）,・変成器，リアクトルまたはチョークコイルの電気的特性を修正または補償するため特に適合する回路［６］
uploaded,タイトル変更,H01G 4/00,H01G 4/00,固定コンデンサ；その製造方法（電解コンデンサ９／００）,固定コンデンサ；その製造方法（電解コンデンサＨ０１Ｇ９／００）［２］
uploaded,タイトル変更,H01G 4/00 A,H01G 4/00 A,一般的製造方法,製造方法
uploaded,タイトル変更,H01G 4/02,H01G 4/02,・誘電体として空気，ガスまたは真空を用いるもの,・・・気体または蒸気誘電体［２，６］
uploaded,タイトル変更,H01G 4/04,H01G 4/04,・液体誘電体を用いるもの,・・・液体誘電体［２，６］
uploaded,タイトル変更,H01G 4/06,H01G 4/06,・固体誘電体を用いるもの（積層体一般Ｂ３２Ｂ，例．Ｂ３２Ｂ１５／００）,・・・固体誘電体［２，６］
uploaded,タイトル変更,H01G 4/08,H01G 4/08,・・無機誘電体を用いるもの,・・・・無機誘電体［２，６］
uploaded,タイトル変更,H01G 4/08 A,H01G 4/08 A,マイカ〔雲母〕を用いるもの,マイカを用いるもの
uploaded,タイトル変更,H01G 4/01,H01G 4/01,・・・金属酸化物誘電体によるもの,・・・・・金属酸化物誘電体［２，６］
uploaded,タイトル変更,H01G 4/12,H01G 4/12,・・・セラミック誘電体によるもの,・・・・・セラミック誘電体［２，６］
uploaded,タイトル変更,H01G 4/14,H01G 4/14,・・有機誘電体を用いるもの,・・・・有機誘電体［２，６］
uploaded,タイトル変更,H01G 4/16,H01G 4/16,・・・繊維性材料によるもの，例．紙,・・・・・繊維性材料によるもの，例．紙［２，６］
uploaded,タイトル変更,H01G 4/18,H01G 4/18,・・・合成物質によるもの，例．繊維素の派生物（４／１６が優先）,・・・・・合成物質によるもの，例．繊維素の派生物（Ｈ０１Ｇ４／１６が優先）［２，６］
uploaded,タイトル変更,H01G 4/02,H01G 4/02,・・少くとも二つの材料からなる誘電体によるもの,・・・グループＨ０１Ｇ４／０２～Ｈ０１Ｇ４／０６までの二つ以上からの誘電体の組み合わせを用いるもの（Ｈ０１Ｇ４／１２が優先）［２，６］
uploaded,タイトル変更,H01G 4/22,H01G 4/22,・・・含浸したもの,・・・・含浸したもの［２，６］
uploaded,タイトル変更,H01G 4/26,H01G 4/26,・折り重ね型コンデンサ,・折り重ね型コンデンサ［２］
uploaded,タイトル変更,H01G 4/28,H01G 4/28,・チューブラコンデンサ,・チューブラコンデンサ［２］
uploaded,タイトル変更,H01G 4/03,H01G 4/03,・積層型コンデンサ,・積層型コンデンサ（Ｈ０１Ｇ４／３３が優先）［２，６］
uploaded,タイトル変更,H01G 4/03 311 B,H01G 4/03 311 B,・ドラムに巻いて切断する法,・ドラムに巻いて切断する方法
uploaded,タイトル変更,H01G 4/03 311 C,H01G 4/03 311 C,・巻回後，押しつぶして切断する法,・巻回後，押しつぶして切断する方法
uploaded,タイトル変更,H01G 4/03 311 D,H01G 4/03 311 D,電極形成法,内部電極の製造方法
uploaded,タイトル変更,H01G 4/03 311 E,H01G 4/03 311 E,リ－ド引出し部製造法,外部電極の製造方法
uploaded,タイトル変更,H01G 4/03 311 Z,H01G 4/03 311 Z,その他のもの〔プレスなど〕,その他のもの
uploaded,タイトル変更,H01G 4/32,H01G 4/32,・巻回したコンデンサ,・巻回したコンデンサ［２］
uploaded,タイトル変更,H01G 4/32 301 A,H01G 4/32 301 A,フイルムの組合せ・配置,フィルムの組合せまたは配置
uploaded,タイトル変更,H01G 4/32 301 B,H01G 4/32 301 B,フイルム自体の構造,フィルム自体の構造
uploaded,タイトル変更,H01G 4/32 301 E,H01G 4/32 301 E,チツプ型〔リ－ド付チツプ型を含む〕,チップ型
uploaded,タイトル変更,H01G 4/32 301 F,H01G 4/32 301 F,外装・容器,外装または容器
uploaded,タイトル変更,H01G 4/32 305,H01G 4/32 305,・・・リ－ド及びリ－ド引出し部,・・・リードおよびリード引出し部
uploaded,タイトル変更,H01G 4/32 305 A,H01G 4/32 305 A,リ－ド,リード
uploaded,タイトル変更,H01G 4/32 305 B,H01G 4/32 305 B,端面電極部（メタリコン等）,端面電極，例．メタリコン電極等
uploaded,タイトル変更,H01G 4/32 311 Z,H01G 4/32 311 Z,その他のもの〔プレスなど〕,その他のもの
uploaded,タイトル変更,H01G 4/38,H01G 4/38,・複合コンデンサ，すなわち複数個の固定コンデンサの組合せ構造,・複合コンデンサ，すなわち複数個の固定コンデンサの構造的組合わせ［２］
uploaded,タイトル変更,H01G 4/38 Z,H01G 4/38 Z,その他〔他の形式のコンデンサを含むもの〕,その他のもの
uploaded,タイトル変更,H01G 4/04,H01G 4/04,・他の電気素子を有する固定コンデンサの組合せ構造，主としてコンデンサからなる構造，例．コンデンサおよび抵抗複合部品（薄膜または厚膜回路Ｈ０１Ｌ２７／００）,・このサブクラスに包含されない他の電気素子を有する固定コンデンサの構造的組合せであって，その構造が，主としてコンデンサからなるもの，例．コンデンサおよび抵抗複合部品［２］
uploaded,タイトル変更,H01G 4/04 301,H01G 4/04 301,・・抵抗素子と結合したもの〔副．Ｈ０１Ｃ１３／００〕,・・抵抗素子と結合したもの
uploaded,タイトル変更,H01G 4/04 301 Z,H01G 4/04 301 Z,その他〔他の形式のコンデンサを含むもの〕,その他のもの
uploaded,タイトル変更,H01G 4/04 304 Z,H01G 4/04 304 Z,その他〔他の形式のコンデンサを含むもの〕,その他のもの
uploaded,タイトル変更,H01G 4/04 307,H01G 4/04 307,・・・被着抵抗（印刷，塗布等による）と結合したもの,・・・被着抵抗と結合したもの
uploaded,タイトル変更,H01G 4/04 307 Z,H01G 4/04 307 Z,その他〔他の形式のコンデンサを含むもの〕,その他のもの
uploaded,タイトル変更,H01G 4/04 310 Z,H01G 4/04 310 Z,その他〔他の形式のコンデンサを含むもの〕,その他のもの
uploaded,タイトル変更,H01G 4/04 313,H01G 4/04 313,・・・・放電ギヤツプ，放電抵抗を有するもの,・・・・放電ギャップまたは放電抵抗を有するもの
uploaded,タイトル変更,H01G 4/04 313 Z,H01G 4/04 313 Z,その他〔他の形式のコンデンサを含むもの〕,その他のもの
uploaded,タイトル変更,H01G 4/04 321,H01G 4/04 321,・・インダクタンス素子と結合したもの〔副．Ｈ０１Ｆ１５／００：請求の範囲がフイルタ－の場合Ｈ０３Ｈ７／０７５〕,・・インダクタンス素子と結合したもの
uploaded,タイトル変更,H01G 4/04 321 Z,H01G 4/04 321 Z,その他〔他の形式のコンデンサを含むもの〕,その他のもの
uploaded,タイトル変更,H01G 4/04 Z,H01G 4/04 Z,その他〔他の形式のコンデンサを含むもの〕,その他のもの
uploaded,タイトル変更,H01G 9/00,H01G 9/00,電解コンデンサ，整流器，検波器，開閉装置または感光装置；その製造方法,電解型コンデンサ，整流器，検波器，開閉装置，感光装置または感温装置；その製造方法［２］
uploaded,タイトル変更,H01G 9/02,H01G 9/02,・隔膜；隔離体；電解液または吸収体として使用するための材料の選択（電解または電気泳動工程，そのための装置Ｃ２５；一次，二次または燃料電池Ｈ０１Ｍ）,・・隔膜；セパレータ［６］
uploaded,タイトル変更,H01G 9/04,H01G 9/04,・電極,・・電極［６］
uploaded,タイトル変更,H01G 9/06,H01G 9/06,・・容器への取付構造,・・・容器への取付構造［６］
uploaded,タイトル変更,H01G 9/08,H01G 9/08,・容器,・・容器；外装［６］
uploaded,タイトル変更,H01G 9/08 E,H01G 9/08 E,・絶縁材料からなるケ－スに関するもの,・絶縁材料からなるケースに関するもの
uploaded,タイトル変更,H01G 9/01,H01G 9/01,・・封止，例．リード線の,・・・封止，例．リード線の［６］
uploaded,タイトル変更,H01G 9/12,H01G 9/12,・・膨張に対する弁その他の手段,・・・膨張に対する弁その他の手段［６］
uploaded,タイトル変更,H01G 9/12 C,H01G 9/12 C,保護装置，例．ヒューズなど,保護装置，例．ヒューズ
uploaded,タイトル変更,H01G 9/14,H01G 9/14,・電解コンデンサの電気的特性の修正または補償用回路（インピーダンス回路網Ｈ０３Ｈ）,・・電解コンデンサの電気的特性の修正，または補償用構造的組合わせ
uploaded,タイトル変更,H01G 9/16,H01G 9/16,・整流器または検波器として用いるための特別な構造（９／２２が優先）,・整流器または検波器として用いるため特に適合するもの（Ｈ０１Ｇ９／２２が優先）
uploaded,タイトル変更,H01G 9/22,H01G 9/22,・還元と酸化の組み合わせを用いる装置，例．Ｒｅｄｏｘ装置，ソリオン,・還元と酸化の組み合わせを用いる装置，例．Ｒｅｄｏｘ装置，またはソリオン［１，２０１３．０１］
uploaded,タイトル変更,H01Q 1/00,H01Q 1/00,空中線の細部または空中線に関連する構成（指向特性の方向を変えるための構成Ｈ０１Ｑ３／００）,アンテナの細部またはアンテナに関連する構成（指向特性の方向を変えるための構成Ｈ０１Ｑ３／００）
uploaded,タイトル変更,H01Q 1/06,H01Q 1/06,・空中線の点灯または照明のための手段，例．注意のためのもの,・アンテナの点灯または照明のための手段，例．注意のためのもの
uploaded,タイトル変更,H01Q 1/08,H01Q 1/08,・空中線またはその部品を折りたたむための手段（折りたたみできるループ空中線Ｈ０１Ｑ７／０２；Ｈ型空中線または八木空中線を折りたたむための手段Ｈ０１Ｑ１９／０４）,・アンテナまたはその部品を折りたたむための手段（折りたたみできるループアンテナＨ０１Ｑ７／０２；Ｈ型アンテナまたは八木アンテナを折りたたむための手段Ｈ０１Ｑ１９／０４）
uploaded,タイトル変更,H01Q 1/18,H01Q 1/18,・・不安定な台上に空中線を安定化するための手段,・・不安定な台上にアンテナを安定化するための手段
uploaded,タイトル変更,H01Q 1/03,H01Q 1/03,・・・垂下空中線用の手段［３］,・・・垂下アンテナ用の手段［３］
uploaded,タイトル変更,H01Q 1/44,H01Q 1/44,・空中線として付加的に役立つ他の主な機能をもった装置を用いるもの（Ｈ０１Ｑ１／２７～Ｈ０１Ｑ１／３４が優先）,・アンテナとして付加的に役立つ他の主な機能をもった装置を用いるもの（Ｈ０１Ｑ１／２７～Ｈ０１Ｑ１／３４が優先）
uploaded,タイトル変更,H01Q 1/05,H01Q 1/05,・接地スイッチ，引込線装置または避雷器と空中線の構成上の結合,・接地スイッチ，引込線装置または避雷器とアンテナの構成上の結合
uploaded,タイトル変更,H01Q 1/52,H01Q 1/52,・空中線間の減結合手段；空中線と他の装置との間の減結合手段（吸収するための手段Ｈ０１Ｑ１７／００）,・アンテナ間の減結合手段；アンテナと他の装置との間の減結合手段（吸収するための手段Ｈ０１Ｑ１７／００）
uploaded,タイトル変更,H01Q 3/00,H01Q 3/00,空中線または空中線系から放射される電波の指向特性の方向または形を変えるための構成,アンテナまたはアンテナ系から放射される電波の指向特性の方向または形を変えるための構成
uploaded,タイトル変更,H01Q 3/01,H01Q 3/01,・空中線または空中線系の形を変えるもの［３］,・アンテナまたはアンテナ系の形を変えるもの［３］
uploaded,タイトル変更,H01Q 3/02,H01Q 3/02,・全体として空中線または空中線系の機械的移動を利用するもの,・全体としてアンテナまたはアンテナ系の機械的移動を利用するもの
uploaded,タイトル変更,H01Q 3/12,H01Q 3/12,・空中線または空中線系の１次輻射器と２次装置との間の機械的な相対運動を利用するもの,・アンテナまたはアンテナ系の１次輻射器と２次装置との間の機械的な相対運動を利用するもの
uploaded,タイトル変更,H01Q 5/00,H01Q 5/00,２以上の異なった周波数帯における空中線の同時動作のための構成，例．二重帯域または多重帯域配置（異なった周波数帯で動作し，かつ共通の給電装置に接続された別々の輻射器単位の組み合わせＨ０１Ｑ２１／３０）［３，２０１５．０１］,２以上の異なった周波数帯におけるアンテナの同時動作のための構成，例．二重帯域または多重帯域配置（異なった周波数帯で動作し，かつ共通の給電装置に接続された別々のアンテナ単位の組み合わせＨ０１Ｑ２１／３０）［３，２０１５．０１］
uploaded,タイトル変更,H01Q 5/01,H01Q 5/01,・共振空中線［２０１５．０１］,・共振アンテナ［２０１５．０１］
uploaded,タイトル変更,H01Q 5/15,H01Q 5/15,・・１またはそれ以上の同一直線上にまっすぐに延びた輻射器からなる中央給電空中線の動作のためのもの［２０１５．０１］,・・１またはそれ以上の同一直線上にまっすぐに延びた輻射器からなる中央給電アンテナの動作のためのもの［２０１５．０１］
uploaded,タイトル変更,H01Q 5/48,H01Q 5/48,・・２以上のダイポール空中線の組み合わせ［２０１５．０１］,・・２以上のダイポールアンテナの組み合わせ［２０１５．０１］
uploaded,タイトル変更,H01Q 5/49,H01Q 5/49,・・・二重または多重帯域のため以外の目的で使用する無給電素子，例．重なった八木空中線［２０１５．０１］,・・・二重または多重帯域のため以外の目的で使用する無給電素子，例．重なった八木アンテナ［２０１５．０１］
uploaded,タイトル変更,H01Q 5/55,H01Q 5/55,・・ホーンまたは導波管空中線のため［２０１５．０１］,・・ホーンまたは導波管アンテナのため［２０１５．０１］
uploaded,タイトル変更,H01Q 7/00,H01Q 7/00,ループのまわりに均一な電流分布をもちかつループ面と直角な面内に指向特性をもったループ空中線,ループのまわりに均一な電流分布をもちかつループ面と直角な面内に指向特性をもったループアンテナ
uploaded,タイトル変更,H01Q 7/02,H01Q 7/02,・折りたたみできる空中線；伸縮自在空中線,・折りたたみできるアンテナ；伸縮自在アンテナ
uploaded,タイトル変更,H01Q 7/04,H01Q 7/04,・遮へいされた空中線（Ｈ０１Ｑ７／０２，Ｈ０１Ｑ７／０６が優先）,・遮へいされたアンテナ（Ｈ０１Ｑ７／０２，Ｈ０１Ｑ７／０６が優先）
uploaded,タイトル変更,H01Q 9/00,H01Q 9/00,動作波長の２倍以下の寸法で導体輻射器よりなる電気的に短い空中線,動作波長の２倍以下の寸法で導体輻射器よりなる電気的に短いアンテナ
uploaded,タイトル変更,H01Q 9/02,H01Q 9/02,・非共振空中線,・非共振アンテナ
uploaded,タイトル変更,H01Q 9/04,H01Q 9/04,・共振空中線,・共振アンテナ
uploaded,タイトル変更,H01Q 9/16,H01Q 9/16,・・空中線の両端間の中間に給電するもの，例．中央給電ダイポール（Ｈ０１Ｑ９／４４が優先）,・・アンテナの両端間の中間に給電するもの，例．中央給電ダイポール（Ｈ０１Ｑ９／４４が優先）
uploaded,タイトル変更,H01Q 9/18,H01Q 9/18,・・・空中線の垂直配置,・・・アンテナの垂直配置
uploaded,タイトル変更,H01Q 9/26,H01Q 9/26,・・・折返し素子および素子系をもつもの，その折返し素子部分は動作波長に比べて僅小な間隔をもって配置されるもの（共振ループ空中線Ｈ０１Ｑ７／００）,・・・折返し素子および素子系をもつもの，その折返し素子部分は動作波長に比べて僅小な間隔をもって配置されるもの（共振ループアンテナＨ０１Ｑ７／００）
uploaded,タイトル変更,H01Q 9/27,H01Q 9/27,・・・・渦巻状をした空中線［３］,・・・・渦巻状をしたアンテナ［３］
uploaded,タイトル変更,H01Q 9/28,H01Q 9/28,・・・円錐状，円筒状，かご状，ストリップ状，金網状などのように拡大した放射表面をもった素子；同一直線上に配置され，頂部が近接し，かつ２導体伝送線路によって給電される２つの円錐状表面からなる素子（導波管ホーンまたは開口Ｈ０１Ｑ１３／００；スロット空中線Ｈ０１Ｑ１３／００）,・・・円錐状，円筒状，かご状，ストリップ状，金網状などのように拡大した放射表面をもった素子；同一直線上に配置され，頂部が近接し，かつ２導体伝送線路によって給電される２つの円錐状表面からなる素子（導波管ホーンまたは開口Ｈ０１Ｑ１３／００；スロットアンテナＨ０１Ｑ１３／００）
uploaded,タイトル変更,H01Q 9/34,H01Q 9/34,・・・・マスト，塔，または自己支持したものや支索支持された空中線,・・・・マスト，塔，または自己支持したものや支索支持されたアンテナ
uploaded,タイトル変更,H01Q 9/43,H01Q 9/43,・・・・三日月刀状をした空中線［３］,・・・・三日月刀状をしたアンテナ［３］
uploaded,タイトル変更,H01Q 9/44,H01Q 9/44,・・複数の拡がったまっすぐな素子をもつもの，例．Ｖ型ダイポール，Ｘ型空中線；まっすぐな部分が相互に傾いた複数の素子をもつもの（２以上の輻射器の組合せＨ０１Ｑ２１／００；ターンスタイル空中線Ｈ０１Ｑ２１／２６）,・・複数の拡がったまっすぐな素子をもつもの，例．Ｖ型ダイポール，Ｘ型アンテナ；まっすぐな部分が相互に傾いた複数の素子をもつもの（２以上の輻射器の組合せＨ０１Ｑ２１／００；ターンスタイルアンテナＨ０１Ｑ２１／２６）
uploaded,タイトル変更,H01Q 11/00,H01Q 11/00,最短動作波長の２倍より長い寸法で導体輻射器よりなる電気的に長い空中線（漏洩導波管スロット空中線Ｈ０１Ｑ１３／００）,最短動作波長の２倍より長い寸法で導体輻射器よりなる電気的に長いアンテナ（漏洩導波管アンテナまたはスロットアンテナＨ０１Ｑ１３／００）
uploaded,タイトル変更,H01Q 11/02,H01Q 11/02,・非共振空中線，例．進行波空中線（八木空中線Ｈ０１Ｑ１９／３０）,・非共振アンテナ，例．進行波アンテナ（八木アンテナＨ０１Ｑ１９／３０）
uploaded,タイトル変更,H01Q 11/04,H01Q 11/04,・・空中線の特定部分から放射するための所望する位相関係を得るため，曲げられ，折り返され，形づくられ，遮へいされまたは電気的に装荷された部分をもつもの（Ｈ０１Ｑ１１／０６～Ｈ０１Ｑ１１／１０が優先）,・・アンテナの特定部分から放射するための所望する位相関係を得るため，曲げられ，折り返され，形づくられ，遮へいされまたは電気的に装荷された部分をもつもの（Ｈ０１Ｑ１１／０６～Ｈ０１Ｑ１１／１０が優先）
uploaded,タイトル変更,H01Q 11/06,H01Q 11/06,・・ひし型空中線；Ｖ型空中線,・・ひし型アンテナ；Ｖ型アンテナ
uploaded,タイトル変更,H01Q 11/08,H01Q 11/08,・・らせん空中線,・・らせんアンテナ
uploaded,タイトル変更,H01Q 11/08 100,H01Q 11/08 100,・・・先細り状のらせん空中線，例．円錐らせん状の空中線,・・・先細り状のらせんアンテナ，例．円錐らせん状のアンテナ
uploaded,タイトル変更,H01Q 11/01,H01Q 11/01,・・対数周期空中線（Ｈ０１Ｑ１１／０８が優先）［３］,・・対数周期アンテナ（Ｈ０１Ｑ１１／０８が優先）［３］
uploaded,タイトル変更,H01Q 11/12,H01Q 11/12,・共振空中線,・共振アンテナ
uploaded,タイトル変更,H01Q 11/14,H01Q 11/14,・・空中線の特定部分から放射するための所望する位相関係を得るためにまたは所望する偏波効果を得るため，曲げられ，折り返され，形づくられまたは遮へいされた部分をもつものまたは位相インピーダンスをもつもの（Ｈ０１Ｑ１１／２０が優先）,・・アンテナの特定部分から放射するための所望する位相関係を得るためにまたは所望する偏波効果を得るため，曲げられ，折り返され，形づくられまたは遮へいされた部分をもつものまたは位相インピーダンスをもつもの（Ｈ０１Ｑ１１／２０が優先）
uploaded,タイトル変更,H01Q 11/02,H01Q 11/02,・・Ｖ型空中線,・・Ｖ型アンテナ
uploaded,タイトル変更,H01Q 13/00,H01Q 13/00,導波管ホーンまたは開口；スロット空中線；漏洩導波管空中線；伝送路に沿って放射を起こす等価構成,導波管ホーンまたは開口；スロットアンテナ；漏洩導波管アンテナ；伝送路に沿って放射を起こす等価構成
uploaded,タイトル変更,H01Q 13/01,H01Q 13/01,・共振スロット空中線,・共振スロットアンテナ
uploaded,タイトル変更,H01Q 13/12,H01Q 13/12,・・軸方向にスロットが設けられた円筒形空中線；その等価構成,・・軸方向にスロットが設けられた円筒形アンテナ；その等価構成
uploaded,タイトル変更,H01Q 13/14,H01Q 13/14,・・・骨組上の円筒形空中線,・・・骨組上の円筒形アンテナ
uploaded,タイトル変更,H01Q 13/16,H01Q 13/16,・・折返しスロット空中線,・・折返しスロットアンテナ
uploaded,タイトル変更,H01Q 13/02,H01Q 13/02,・非共振漏洩導波管または伝送線路空中線；伝送路に沿って放射を起す等価構成,・非共振漏洩導波管または伝送線路アンテナ；伝送路に沿って放射を起す等価構成
uploaded,タイトル変更,H01Q 15/00,H01Q 15/00,空中線から放射された電波を反射，屈折，回折または偏波するための装置，例．光学類似装置（指向性を変えるための可変手段Ｈ０１Ｑ３／００；電波を導びくための装置の構成Ｈ０１Ｐ３／２０；変調のための可変手段Ｈ０３Ｃ７／０２）,アンテナから放射された電波を反射，屈折，回折または偏波するための装置，例．光学類似装置（指向性を変えるための可変手段Ｈ０１Ｑ３／００；電波を導びくための装置の構成Ｈ０１Ｐ３／２０；変調のための可変手段Ｈ０３Ｃ７／０２）
uploaded,タイトル変更,H01Q 17/00,H01Q 17/00,空中線から放射された電波を吸収するための装置；輻射器または輻射系をもったそのような装置の組み合わせ,アンテナから放射された電波を吸収するための装置；輻射器または輻射系をもったそのような装置の組み合わせ
uploaded,タイトル変更,H01Q 19/00,H01Q 19/00,空中線に所望する指向特性を与えるために，１次輻射器と２次装置たとえば光学類似装置をもった単位との組み合わせ,アンテナに所望する指向特性を与えるために，１次輻射器と２次装置たとえば光学類似装置をもった単位との組み合わせ
uploaded,タイトル変更,H01Q 19/04,H01Q 19/04,・・Ｈ形空中線や八木空中線を折りたたむための手段,・・Ｈ形アンテナや八木アンテナを折りたたむための手段
uploaded,タイトル変更,H01Q 19/15,H01Q 19/15,・・・一次輻射源が一本の線状であるもの，例．漏洩導波管空中線［３］,・・・一次輻射源が一本の線状であるもの，例．漏洩導波管アンテナ［３］
uploaded,タイトル変更,H01Q 19/24,H01Q 19/24,・・１次輻射器が中央給電され，かつまっすぐなもの，例．Ｈ形空中線,・・１次輻射器が中央給電され，かつまっすぐなもの，例．Ｈ形アンテナ
uploaded,タイトル変更,H01Q 19/28,H01Q 19/28,・２個以上のまっすぐな導体素子で形づくられた２次装置を使用するもの（対数周期空中線Ｈ０１Ｑ１１／１０；反射面を構成するものＨ０１Ｑ１９／１０）,・２個以上のまっすぐな導体素子で形づくられた２次装置を使用するもの（対数周期アンテナＨ０１Ｑ１１／１０；反射面を構成するものＨ０１Ｑ１９／１０）
uploaded,タイトル変更,H01Q 19/03,H01Q 19/03,・・１次輻射器が中央給電されまっすぐなもの，例．八木空中線,・・１次輻射器が中央給電されまっすぐなもの，例．八木アンテナ
uploaded,タイトル変更,H01Q 21/00,H01Q 21/00,空中線配列または系（空中線または空中線系から放射される電波の指向特性の方向または形を変えるための構成Ｈ０１Ｑ３／００）,アンテナ配列または系（アンテナまたはアンテナ系から放射される電波の指向特性の方向または形を変えるための構成Ｈ０１Ｑ３／００）
uploaded,タイトル変更,H01Q 21/06,H01Q 21/06,・同一方向に偏波された間隔を置いて配置された個々に励振された空中線単位の配列,・同一方向に偏波された間隔を置いて配置された個々に励振されたアンテナ単位の配列
uploaded,タイトル変更,H01Q 21/12,H01Q 21/12,・・・まっすぐに延びた導電単位の平行な配列（交さする素子群によって装荷された伝送線路からなる進行波空中線Ｈ０１Ｑ１１／０２；八木空中線Ｈ０１Ｑ１９／３０）,・・・まっすぐに延びた導電単位の平行な配列（交さする素子群によって装荷された伝送線路からなる進行波アンテナＨ０１Ｑ１１／０２；八木アンテナＨ０１Ｑ１９／３０）
uploaded,タイトル変更,H01Q 21/14,H01Q 21/14,・・・・アドコック空中線,・・・・アドコックアンテナ
uploaded,タイトル変更,H01Q 21/22,H01Q 21/22,・・空中線列の輻射器単位が均一でない振輻または位相によって励振されたもの，例．テーパー空中線列，２項式空中線列,・・アンテナ列の輻射器単位が均一でない振輻または位相によって励振されたもの，例．テーパーアンテナ列または２項式アンテナ列
uploaded,タイトル変更,H01Q 21/24,H01Q 21/24,・円形または楕円偏波された電波またはどの方向に直線偏波された電波をも送信または受信するため，異なる方向に偏波された空中線単位の組み合わせ,・円形または楕円偏波された電波またはどの方向に直線偏波された電波をも送信または受信するため，異なる方向に偏波されたアンテナ単位の組み合わせ
uploaded,タイトル変更,H01Q 21/26,H01Q 21/26,・・共通の中心について水平面内は対称で，かつ放射状に配置された３つ以上の延びた素子の配列からなるターンスタイルまたは類似の空中線,・・共通の中心について水平面内は対称で，かつ放射状に配置された３つ以上の延びた素子の配列からなるターンスタイルまたは類似のアンテナ
uploaded,タイトル変更,H01Q 21/28,H01Q 21/28,・独立して干渉しない空中線単位または空中線系の組み合わせ,・独立して干渉しないアンテナ単位またはアンテナ系の組み合わせ
uploaded,タイトル変更,H01Q 21/29,H01Q 21/29,・所望する指向特性を与えるために異種の空間的に結合した空中線単位の組み合わせ（Ｈ０１Ｑ２５／００が優先）［３］,・所望する指向特性を与えるために異種の空間的に結合したアンテナ単位の組み合わせ（Ｈ０１Ｑ２５／００が優先）［３］
uploaded,タイトル変更,H01Q 21/03,H01Q 21/03,・異なった周波数帯で動作し，かつ共通の給電装置に接続された個々の空中線単位の組み合わせ,・異なった周波数帯で動作し，かつ共通の給電装置に接続された個々のアンテナ単位の組み合わせ
uploaded,タイトル変更,H01Q 23/00,H01Q 23/00,能動回路や回路素子を一体化しまたは取り付けた空中線［３］,能動回路や回路素子を一体化しまたは取り付けたアンテナ［３］
uploaded,タイトル変更,H01Q 25/00,H01Q 25/00,少なくとも２個の放射パターンを作る空中線または空中線系（指向特性の方向または形を変えるための構成Ｈ０１Ｑ３／００）［３］,少なくとも２個の放射パターンを作るアンテナまたはアンテナ系（指向特性の方向または形を変えるための構成Ｈ０１Ｑ３／００）［３］
uploaded,タイトル変更,H01Q 25/04,H01Q 25/04,・マルチモード空中線［３］,・マルチモードアンテナ［３］
uploaded,タイトル変更,H01R 4/01,H01R 4/01,・形状記憶材料（例，形状記憶金属）を用いる接続［７］,・形状記憶材料，例．形状記憶金属，を用いる接続［７］
uploaded,タイトル変更,H01R 4/02 Z,H01R 4/02 Z,その他のもの〔主にはんだ付けが対象となる〕,その他のもの，例．はんだ付けによるもの
uploaded,タイトル変更,H01R 4/24,H01R 4/24,・針端，スロット板，または絶縁体やケーブルより線を突き刺す類似の接触部材を用いる接続［３］,・絶縁体やケーブルより線を貫通または切断する接触部材を用いる接続［２０１８．０１］
uploaded,タイトル変更,H01R 4/48 B,H01R 4/48 B,差し込み形のもの，例，弾性ソケット,差し込み形のもの，例．弾性ソケット
uploaded,タイトル変更,H01R 4/58 D,H01R 4/58 D,・箔、板体の接続,・箔，板体の接続
uploaded,タイトル変更,H01R 4/62,H01R 4/62,・・異なる材質の導体間の接続；  アルミニウム導体もしくは鋼心アルミニウム導体との接続またはアルミニウム導体もしくは鋼芯アルミニウム導体間の接続（Ｈ０１Ｒ４／６８が優先）［３］,・・異なる材質の導体間の接続；アルミニウム導体もしくは鋼心アルミニウム導体との接続またはアルミニウム導体もしくは鋼芯アルミニウム導体間の接続（Ｈ０１Ｒ４／６８が優先）［３］
uploaded,タイトル変更,H01R 4/64,H01R 4/64,・・本質的に非電気的機能をもつ導電部分（例．フレーム，ケーシング，レール）との接続または本質的に非電気的機能をもつ導電部分間の接続［３］,・・本質的に非電気的機能をもつ導電部分，例．フレーム，ケーシングまたはレール，との接続または本質的に非電気的機能をもつ導電部分間の接続［３］
uploaded,タイトル変更,H01R 4/64 G,H01R 4/64 G,レールの導電接続〔レールボンド〕,レールの導電接続，例．レールボンド
uploaded,タイトル変更,H01R 4/66 A,H01R 4/66 A,接地棒〔ｃｆ，Ｅ０４Ｈ１２／００Ｃ〕,接地棒（Ｅ０４Ｈ１２／００　Ｃを参照）
uploaded,タイトル変更,H01R 4/66 C,H01R 4/66 C,接地体〔ブロック〕、接地線または接地板,ブロック状の接地体，接地線または接地板
uploaded,タイトル変更,H01R 4/66 E,H01R 4/66 E,接地検査器・確認装置,接地検査器；確認装置
uploaded,タイトル変更,H02S 20/23,H02S 20/23,・・・屋根の構造に特に適合したもの（エネルギー収集装置に関連する屋根ふきＥ０４Ｄ１３／１８）［２０１４．０１］,・・・屋根構造に特に適合するもの［２０１４．０１］
uploaded,タイトル変更,H03C 7/02,H03C 7/02,・伝送線路，導波管，空胴共振器または空中線の放射電磁界におけるもの,・伝送線路，導波管，空胴共振器またはアンテナの放射電磁界におけるもの
uploaded,タイトル変更,H04B 1/18,H04B 1/18,・・・入力回路，例．空中線または伝送線へ結合するための入力回路（受信機の性質に関係のない空中線または線路と受信機との間の結合回路網Ｈ０３Ｈ）,・・・入力回路，例．アンテナまたは伝送線へ結合するための入力回路（受信機の性質に関係のないアンテナまたは線路と受信機との間の結合回路網Ｈ０３Ｈ）
uploaded,タイトル変更,H04B 1/72,H04B 1/72,・空中線を擬似するための回路または構成要素，例．擬似空中線,・アンテナを擬似するための回路または構成要素，例．擬似アンテナ
uploaded,タイトル変更,H04B 7/02,H04B 7/02,・ダイバーシチシステム；マルチアンテナシステム，すなわち，複数のアンテナを用いた送信又は受信［２０１７．０１］,・ダイバーシチシステム；マルチアンテナシステム，すなわち，複数のアンテナを用いた送信または受信（ＲＡＫＥ受信機Ｈ０４Ｂ１／７１１５）［２０１８．０１］
uploaded,タイトル変更,H04L 25/05,H04L 25/05,・・伝送レートを変えるための，伝送前または再送前の電気的または時期的な信号蓄積［７］,・・伝送レートを変えるための，伝送前または再送前の電気的または磁気的な信号蓄積［７］
uploaded,タイトル変更,H04N 1/00,H04N 1/00,経時的変化を伴わない画像またはパターンの伝送または再生，例．ファクシミリ伝送,文書または類似のものの走査，伝送または再生，例．ファクシミリ伝送；それらの細部［３，４］
uploaded,タイトル変更,H04N 1/00 E,H04N 1/00 E,デイジタル複写機,ディジタル複写機におけるもの
uploaded,タイトル変更,H04N 1/00 G,H04N 1/00 G,・フイルム画像を読み取るもの,・フィルム画像を読み取るもの
uploaded,タイトル変更,H04N 1/024,H04N 1/024,・走査ヘッドの細部,・走査ヘッドの細部［３，４］
uploaded,タイトル変更,H04N 1/028,H04N 1/028,・・画像情報読取りのためのもの,・・画像情報読取のためのもの［３，４］
uploaded,タイトル変更,H04N 1/028 A,H04N 1/028 A,ヘツドの駆動,ヘッドの駆動
uploaded,タイトル変更,H04N 1/028 B,H04N 1/028 B,ヘツドの調整，例．取付位置の調整,ヘッドの調整，例．取付位置の調整
uploaded,タイトル変更,H04N 1/028 C,H04N 1/028 C,カラ－画像情報読取りのためのもの,カラー画像情報読取りのためのもの
uploaded,タイトル変更,H04N 1/032,H04N 1/032,・・画像情報再生のためのもの（印刷版の製作のための彫刻ヘッドＢ４１Ｃ１／０２）,・・画像情報再生のためのもの［３，４］
uploaded,タイトル変更,H04N 1/034,H04N 1/034,・・・インクを用いるもの，例．インクジェットヘッド,・・・インクを用いるもの，例．インクジェットヘッド［５］
uploaded,タイトル変更,H04N 1/036,H04N 1/036,・・・光学的再生のためのもの,・・・光学的再生のためのもの［３，４］
uploaded,タイトル変更,H04N 1/04,H04N 1/04,・走査装置（１／３８７が優先）,・走査装置（Ｈ０４Ｎ１／３８７が優先）［４］
uploaded,タイトル変更,H04N 1/04 105,H04N 1/04 105,・・走査ヘツドの移動制御,・・走査ヘッドの移動制御
uploaded,タイトル変更,H04N 1/04 106 A,H04N 1/04 106 A,原稿のサイズ・位置などの検出・調整,原稿のサイズもしくは位置などの検出または調整
uploaded,タイトル変更,H04N 1/04 C,H04N 1/04 C,拡大・縮少,拡大・縮小
uploaded,タイトル変更,H04N 1/04 D,H04N 1/04 D,カラ－画像走査,カラー画像走査
uploaded,タイトル変更,H04N 1/06,H04N 1/06,・・円筒状画像支持面を用いるもの,・・円筒状画像支持面を用いるもの［４］
uploaded,タイトル変更,H04N 1/08,H04N 1/08,・・・ドラムのまわりにシートを取り付けまたは保持するための機構,・・・ドラムのまわりにシートを取り付けまたは保持するための機構［４］
uploaded,タイトル変更,H04N 1/01,H04N 1/01,・・平面状画像支持面を用いるもの,・・フラットな画像載置面を用いるもの［４］
uploaded,タイトル変更,H04N 1/12,H04N 1/12,・・低速副走査として給送運動を用いるもの,・・低速なシート搬送機構を用いるもの（多素子アレイを用いるものＨ０４Ｎ１／１９）［４，６］
uploaded,タイトル変更,H04N 1/12 101,H04N 1/12 101,・・・オプテイカルフアイバ－を固定させて用いるもの,・・・オプティカルファイバーを固定させて用いるもの
uploaded,タイトル変更,H04N 1/12 A,H04N 1/12 A,モ－タの起動・停止・変動に関するもの,モータの起動，停止または変動に関するもの
uploaded,タイトル変更,H04N 1/14,H04N 1/14,・・・走査ヘッドを備える回転無端ベルトを用いるもの,・・・走査ヘッドを備える回転無端ベルトを用いるもの［４］
uploaded,タイトル変更,H04N 1/16,H04N 1/16,・・・回転ヘリカル要素を用いるもの,・・・回転ヘリカル要素を用いるもの［４］
uploaded,タイトル変更,H04N 1/17,H04N 1/17,・・走査速度が画像の内容によって決まるもの,・・走査速度が画像の内容によって決まるもの［３，４］
uploaded,タイトル変更,H04N 1/21,H04N 1/21,・中間情報蓄積（１／３８７，１／４１が優先；情報記憶一般Ｇ１１）,・中間情報蓄積（Ｈ０４Ｎ１／３８７，Ｈ０４Ｎ１／４１が優先）［４］
uploaded,タイトル変更,H04N 1/23,H04N 1/23,・再生装置（走査ヘッドの細部１／０２４；そのための走査装置１／０４）,・再生装置［４］
uploaded,タイトル変更,H04N 1/27,H04N 1/27,・・磁気的中間画像の生成を伴うもの,・・磁気的中間画像の生成を伴うもの［４］
uploaded,タイトル変更,H04N 1/29,H04N 1/29,・・静電的中間画像の生成を伴うもの,・・静電的中間画像の生成を伴うもの［４］
uploaded,タイトル変更,H04N 1/31,H04N 1/31,・・画像伝送のための機械的装置，例．クラッチ，伝動装置，歯車伝動装置の適用,・・画像伝送のための機械的装置，例．クラッチ，伝動装置，歯車伝動装置の適用［４］
uploaded,タイトル変更,H04N 1/38,H04N 1/38,・画像の不要部分の消去またはブランキングのための回路または装置（１／３８７が優先）,・画像の不要部分の消去するための回路または装置（Ｈ０４Ｎ１／３８７が優先）［４］
uploaded,タイトル変更,H04N 1/387,H04N 1/387,・原画の組立て，再編成またはその他の変形（文字の光電的植字Ｂ４１Ｂ１９／００）,・原画の編集，再配置またはその他の変形［４］
uploaded,タイトル変更,H04N 1/393,H04N 1/393,・・拡大または縮少,・・拡大または縮小［４］
uploaded,タイトル変更,H04N 1/04,H04N 1/04,・画像信号回路（１／３８７が優先）,・画像信号回路（Ｈ０４Ｎ１／３８７が優先）［４］
uploaded,タイトル変更,H04N 1/41,H04N 1/41,・帯域又は冗長度の減少（走査によるもの１／１７）,・帯域または冗長度の圧縮（走査によるものＨ０４Ｎ１／１７）［３］
uploaded,タイトル変更,H04N 1/411,H04N 1/411,・・２値画像，例．白黒画像，の伝送または再生のためのもの,・・２値画像の伝送または再生のためのもの，例．白黒画像［４］
uploaded,タイトル変更,H04N 1/413,H04N 1/413,・・・画像情報の欠落または変更を伴わずに画像を再生するための方式または装置,・・・画像情報の損失または変更を伴わずに画像を再生するための方式または装置［４］
uploaded,タイトル変更,H04N 1/415,H04N 1/415,・・・・絵素が固定された一次元または二次元のブロックに分割または配置されるもの,・・・・画素が固定された１次元または２次元のブロックに分割または配置されるもの［４］
uploaded,タイトル変更,H04N 1/417,H04N 1/417,・・・・予測または差分符号化を用いるもの,・・・・予測または差分符号化を用いるもの［４］
uploaded,タイトル変更,H04N 1/419,H04N 1/419,・・・・走査線方向の同値の絵素の続長を符号化するもののみであるもの,・・・・走査線方向の同値の画素の連続長を符号化するもののみであるもの［４］
uploaded,タイトル変更,H04N 13/00,H04N 13/00,立体テレビジョン方式；その細部［４］,立体視ビデオシステム；マルチビュービデオシステム；その細部［２０１８．０１］
uploaded,タイトル変更,H04W 4/00,H04W 4/00,無線通信ネットワークに特に適合するサービスまたは設備［２００９．０１］,無線通信ネットワークに特に適合するサービス；そのための設備［２０１８．０１］
uploaded,タイトル変更,H04W 4/02,H04W 4/02,・ユーザまたは端末の位置を利用したサービス［２００９．０１］,・位置情報を利用したサービス［２０１８．０１］
uploaded,タイトル変更,H04W 4/06,H04W 4/06,・選択的配信または放送；ユーザグループへのサービス；１方向選択呼出サービス［２００９．０１］,・ブロードキャストサービスの選択的配信，例．マルチメディアブロードキャストマルチキャストサービス［ＭＢＭＳ］；ユーザグループへのサービス；１方向選択呼出サービス［２００９．０１］
uploaded,タイトル変更,H04W 4/01,H04W 4/01,・・プッシュ・トゥー・トークサービス，プッシュ・オン・コールサービス［２００９．０１］,・・プッシュ・トゥー・トーク［ＰＴＴ］サービスまたはプッシュ・オン・コールサービス［２００９．０１］
uploaded,タイトル変更,H04W 4/12,H04W 4/12,・メッセージ，例．ＳＭＳ［ショートメッセージサービス］；メールボックス；アナウンス，例．ユーザへの通信要求の状況の送信［２００９．０１］,・メッセージング；メールボックス；アナウンス［２００９．０１］
uploaded,タイトル変更,H04W 4/14,H04W 4/14,・・ショートメッセージサービス，例．ＳＭＳ，ＵＳＳＤ（Ｕｎｓｔｒｕｃｔｕｒｅｄ　Ｓｕｐｐｌｅｍｅｎｔａｒｙ　Ｓｅｒｖｉｃｅ　Ｄａｔａ）［２００９．０１］,・・ショートメッセージングサービス，例．ショートメッセージサービス［ＳＭＳ］または非構造化補足サービスデータ［ＵＳＳＤ］［２００９．０１］
uploaded,タイトル変更,H04W 4/02,H04W 4/02,・補助的なデータ信号伝送，すなわちトラヒックチャネル以外のチャネルを介したデータの伝送［２００９．０１］,・サービスのシグナリング；補助的なデータのシグナリング，すなわちトラヒックチャネル以外のチャネルを介してデータを送信するもの［２０１８．０１］
uploaded,タイトル変更,H04W 76/00,H04W 76/00,接続管理，例．接続の設定，解除または接続中制御［２００９．０１］,接続管理［２０１８．０１］
uploaded,タイトル変更,H05K 1/00,H05K 1/00,印刷回路（複数の個々の半導体または固体装置の組立体Ｈ０１Ｌ２５／００；基通基板内または基板上に形成された複数の半導体構成部品から成る素子，例．集積回路，薄膜または厚膜回路Ｈ０１Ｌ２７／００）,印刷回路（複数の個々の半導体または固体装置の組立体Ｈ０１Ｌ２５／００；共通基板内または基板上に形成された複数の半導体構成部品から成る素子，例．集積回路，薄膜または厚膜回路Ｈ０１Ｌ２７／００）
uploaded,タイトル変更,H05K 1/11 K,H05K 1/11 K,・導体の変形によるもに〔配線層から連続した導体の変形〕,・導体の変形によるもの〔配線層から連続した導体の変形〕
uploaded,タイトル変更,H05K 9/00,H05K 9/00,電場または磁場に対する装置または部品の遮へい（空中線からの輻射を吸収するための装置Ｈ０１Ｑ１７／００）,電場または磁場に対する装置または部品の遮へい（アンテナからの輻射を吸収するための装置Ｈ０１Ｑ１７／００）
uploaded,ドット変更,A41D 1/00 G,A41D 1/00 G,衣服の半製品又はパ－ツを組立てることにより得られる衣服,・衣服の半製品又はパーツを組立てることにより得られる衣服
uploaded,ドット変更,B43K 24/00 100,B43K 24/00 100,筆記先端乾燥防止装置を有するもの，キャップレス,・筆記先端乾燥防止装置を有するもの，キャップレス
uploaded,ドット変更,B60B 33/00 503 B,B60B 33/00 503 B,・傾斜軸からなるもの,傾斜軸からなるもの
uploaded,ドット変更,B60N 2/05,B60N 2/05,・・座席の懸架装置［５］,・座席の懸架装置［５］
uploaded,ドット変更,B60N 2/52,B60N 2/52,・・・流体手段を用いるもの［５］,・・流体手段を用いるもの［５］
uploaded,ドット変更,B60N 2/54,B60N 2/54,・・・機械的ばねを用いるもの［５］,・・機械的ばねを用いるもの［５］
uploaded,ドット変更,B60N 2/56,B60N 2/56,・・暖房または換気装置［７］,・暖房または換気装置［７］
uploaded,ドット変更,B60N 2/58,B60N 2/58,・・座席カバー［７］,・座席カバー［７］
uploaded,ドット変更,B60N 2/06,B60N 2/06,・・・取外し可能な保護用カバー［７］,・・取外し可能な保護用カバー［７］
uploaded,ドット変更,B60N 2/62,B60N 2/62,・・太股を支持する台［７］,・サイサポート［７］
uploaded,ドット変更,B60N 2/64,B60N 2/64,・・背もたれ［７］,・背もたれ［７］
uploaded,ドット変更,B60N 2/66,B60N 2/66,・・・腰部の支持具［７］,・・ランバーサポート［７］
uploaded,ドット変更,B60N 2/68,B60N 2/68,・・シートフレーム，例．背もたれのためのもの［７］,・シートフレーム［７］
uploaded,ドット変更,B60N 2/07,B60N 2/07,・・座席用ばね［７］,・座席用ばね［７］
uploaded,ドット変更,B60N 2/72,B60N 2/72,・・・その取付けまたは調節［７］,・・その取付けまたは調節［７］
uploaded,ドット変更,B65D 85/08,B65D 85/08,・圧縮性または可撓性の棒状または管状の物品用,・・棒状または管状
uploaded,ドット変更,B65D 85/01,B65D 85/01,・・紙巻きタバコ用,・・・紙巻きタバコ用
uploaded,ドット変更,B65D 85/12,B65D 85/12,・・葉巻用,・・・葉巻用
uploaded,ドット変更,B65D 85/14,B65D 85/14,・・押潰可能なチューブ用,・・・押潰可能なチューブ用
uploaded,ドット変更,C07D 285/02,C07D 285/02,・チアジアゾール；水素添加したチアジアゾール,・・チアジアゾール；水素添加したチアジアゾール［２，５］
uploaded,ドット変更,C07D 285/04,C07D 285/04,・・他の環と縮合していないもの,・・・他の環と結合していないもの［２，５］
uploaded,ドット変更,C07D 285/06,C07D 285/06,・・・１，２，３―チアジアゾール；水素添加した１，２，３―チアジアゾール,・・・・１，２，３―チアジアゾール；水素添加した１，２，３―チアジアゾール［２，５］
uploaded,ドット変更,C07D 285/08,C07D 285/08,・・・１，２，４―チアジアゾール；水素添加した１，２，４―チアジアゾール,・・・・１，２，４―チアジアゾール；水素添加した１，２，４―チアジアゾール［２，５］
uploaded,ドット変更,C07D 285/01,C07D 285/01,・・・１，２，５―チアジアゾール；水素添加した１，２，５―チアジアゾール,・・・・１，２，５―チアジアゾール；水素添加した１，２，５―チアジアゾール［２，５］
uploaded,ドット変更,C07D 285/12,C07D 285/12,・・・１，３，４―チアジアゾール；水素添加した１，３，４―チアジアゾール,・・・・１，３，４―チアジアゾール；水素添加した１，３，４―チアジアゾール［２，５］
uploaded,ドット変更,C07D 285/14,C07D 285/14,・・炭素環または環系と縮合したもの,・・・炭素環または炭素環系と縮合したもの［２，５］
uploaded,ドット変更,C07D 285/16,C07D 285/16,・チアジアジン；水素添加したチアジアジン,・・チアジアジン；水素添加したチアジアジン［２，５］
uploaded,ドット変更,C07D 285/18,C07D 285/18,・・１，２，４―チアジアジン；水素添加した１，２，４―チアジアジン,・・・１，２，４―チアジアジン；水素添加した１，２，４―チアジアジン［２，５］
uploaded,ドット変更,C07D 285/02,C07D 285/02,・・・炭素環または環系と縮合したもの,・・・・炭素環または炭素環系と縮合したもの［２，５］
uploaded,ドット変更,C07D 285/22,C07D 285/22,・・・・１個の６員環と縮合したもの,・・・・・１個の６員環と縮合したもの［２，５］
uploaded,ドット変更,C07D 285/24,C07D 285/24,・・・・・環の硫黄原子に酸素原子が直接結合したもの,・・・・・・環の硫黄原子に酸素原子が直接結合したもの［２，５］
uploaded,ドット変更,C07D 285/26,C07D 285/26,・・・・・・６位または７位にスルファモイル基または置換スルファモイル基が置換したもの,・・・・・・・６位または７位にスルファモイル基または置換スルファモイル基が置換したもの［２，５］
uploaded,ドット変更,C07D 285/28,C07D 285/28,・・・・・・・３位に，水素原子または水素原子と炭素原子のみを含有する基のみが直接結合したもの,・・・・・・・・３位に，水素原子または水素原子と炭素原子のみを含有する基のみが直接結合したもの［２，５］
uploaded,ドット変更,C07D 285/03,C07D 285/03,・・・・・・・３位に，異種原子で置換された炭化水素基が結合したもの,・・・・・・・・３位に，異種原子で置換された炭化水素基が結合したもの［２，５］
uploaded,ドット変更,C07D 285/32,C07D 285/32,・・・・・・・異種原子，または異種原子に対する３個の結合をもち，そのうち多くても１個がハロゲンに対する結合である炭素原子，例．エステルまたはニトリル基，が３位に直接結合したもの,・・・・・・・・異種原子，または異種原子に対する３個の結合をもち，そのうち多くても１個がハロゲンに対する結合である炭素原子，例．エステルまたはニトリル基，が３位に直接結合したもの［２，５］
uploaded,ドット変更,C07D 285/34,C07D 285/34,・・１，３，５―チアジアジン；水素添加した１，３，５―チアジアジン,・・・１，３，５―チアジアジン；水素添加した１，３，５―チアジアジン［２，５］
uploaded,ドット変更,E02D 29/12,E02D 29/12,・・マンホールの立孔；その他の検査室または通路室；そのため付帯設備（地下タンク用のものＢ６５Ｄ９０／１０；下水道用のものＥ０３Ｆ５／０２）,・マンホールの立孔；その他の検査室または通路室；そのため付帯設備（地下タンク用のものＢ６５Ｄ９０／１０；下水道用のものＥ０３Ｆ５／０２）［６］
uploaded,ドット変更,E02D 29/14,E02D 29/14,・・・マンホールまたは類似物の覆い；覆いの枠,・・マンホールまたは類似物の蓋；蓋の枠［６］
uploaded,ドット変更,E04F 11/16,E04F 11/16,・踏段の表面；端縁または隅の保護手段（単に敷いただけのおおいＡ４７Ｇ２７／００）,・・・その表面；その端縁または隅の保護手段（床用布帛，そのための留め具Ａ４７Ｇ２７／００）
uploaded,ドット変更,E04F 11/16 502,E04F 11/16 502,・・段鼻の仕上げ材,・・・・段鼻の仕上げ材
uploaded,ドット変更,F25C 1/24 303,F25C 1/24 303,・・・・・特殊形状氷，すなわち６面体以外の形状をした氷または表面に装飾模様をもつ氷，のためのもの（脱氷を行わないもの３０１）,・・・・特殊形状氷，すなわち６面体以外の形状をした氷または表面に装飾模様をもつ氷，のためのもの
uploaded,ドット変更,F25C 1/24 304,F25C 1/24 304,・・・・・・曲面をもつ幾何学形状の氷，例．球形氷，ためのもの；６面体以外の多面体の形状をした氷のためのもの,・・・・・曲面をもつ幾何学形状の氷，例．球形氷，のためのもの；６面体以外の多面体の形状をした氷のためのもの
uploaded,ドット変更,F25C 1/24 305,F25C 1/24 305,・・・・・・容器形状の氷のためのもの,・・・・・容器形状の氷のためのもの
uploaded,ドット変更,F25C 1/24 306,F25C 1/24 306,・・・・・氷の形状に特徴をもたないもの；６面体の氷のためのもの（脱氷を行わないもの３０１）,・・・・氷の形状に特徴をもたないもの；６面体の氷のためのもの
uploaded,ドット変更,F25C 1/24 307,F25C 1/24 307,・・・・・・透明氷のためのもの,・・・・・透明氷のためのもの
uploaded,ドット変更,F25C 1/24 308,F25C 1/24 308,・・・・・・立てた状態で注水し，ねかせた状態で凍結させる製氷型,・・・・・立てた状態で注水し，ねかせた状態で凍結させる製氷型
uploaded,ドット変更,G01N 23/083,G01N 23/083,・・・・放射線がＸ線であるもの（Ｇ０１Ｎ２３／１０～Ｇ０１Ｎ２３／１８が優先）［５］,・・・放射線がＸ線であるもの［２０１８．０１］
uploaded,ドット変更,G01N 23/087,G01N 23/087,・・・・・多エネルギーＸ線を用いるもの［５］,・・・・多エネルギーＸ線を用いるもの［５］
uploaded,ドット変更,G01N 23/09,G01N 23/09,・・・・放射線が中性子線であるもの［３］,・・・放射線が中性子線であるもの［２０１８．０１］
uploaded,ドット変更,G01N 23/01,G01N 23/01,・・・・材料が容器内に封入されているもの（Ｇ０１Ｎ２３／０９が優先）［３］,・・・容器内に封入された材料，例．手荷物のＸ線検査［２０１８．０１］
uploaded,ドット変更,G01N 23/12,G01N 23/12,・・・・材料が流れている流体または流れている粒状固体（Ｇ０１Ｎ２３／０９が優先）［３］,・・・材料が流れている流体または流れている粒状固体［２０１８．０１］
uploaded,ドット変更,G01N 23/16,G01N 23/16,・・・・材料が移動するシート（Ｇ０１Ｎ２３／０９，Ｇ０１Ｎ２３／１８が優先）［３］,・・・材料が移動するシートまたはフィルム［２０１８．０１］
uploaded,ドット変更,G01N 23/18,G01N 23/18,・・・・欠陥または異物の存在の調査（Ｇ０１Ｎ２３／０９が優先）［３，５］,・・・欠陥または異物の調査［２０１８．０１］
uploaded,ドット変更,G01N 23/18 310,G01N 23/18 310,・・・・・タイヤ中の（タイヤの性能試験Ｇ０１Ｍ１７／０２）,・・・・タイヤ中の
uploaded,ドット変更,G01N 30/12 B,G01N 30/12 B,・試料保持手段〔保持棒，ステム等〕,試料保持手段，例．保持棒またはステム
uploaded,ドット変更,G01N 30/12 D,G01N 30/12 D,・逆流、残留防止,逆流，残留防止
uploaded,ドット変更,G01N 30/12 E,G01N 30/12 E,・・閉鎖手段によるもの,・閉鎖手段によるもの
uploaded,ドット変更,G01N 30/12 F,G01N 30/12 F,・・パ－ジ手段によるもの,パージ手段によるもの
uploaded,ドット変更,G01N 30/18 F,G01N 30/18 F,・ストロ－ク調整手段をもつもの,ストローク調整手段をもつもの
uploaded,ドット変更,G01N 30/26 P,G01N 30/26 P,・フイルタ－,フィルター
uploaded,ドット変更,G01N 30/54 E,G01N 30/54 E,・熱媒体による加熱〔恒温槽を除く〕,恒温槽を除く熱媒体による加熱
uploaded,ドット変更,G01N 30/72 F,G01N 30/72 F,・ＧＣ－ＭＳ用,ＧＣ―ＭＳ用
uploaded,ドット変更,G01N 30/72 G,G01N 30/72 G,・ＬＣ－ＭＳ用,ＬＣ―ＭＳ用
uploaded,ドット変更,G01N 30/08 H,G01N 30/08 H,・コンベア．ベルト等移動体を用いるもの,コンベア；ベルト等移動体を用いるもの
uploaded,ドット変更,G01N 30/86 E,G01N 30/86 E,・・ピ－ク識別によるもの,ピーク識別によるもの
uploaded,ドット変更,G01N 30/86 F,G01N 30/86 F,・・リテンシヨンタイムによるもの,リテンションタイムによるもの
uploaded,ドット変更,G01N 30/86 H,G01N 30/86 H,・ベ－スライン処理,ベースライン処理
uploaded,ドット変更,G01N 30/88 G,G01N 30/88 G,・・ガスクロマトグラフイを用いるもの,ガスクロマトグラフィを用いるもの
uploaded,ドット変更,G01N 30/88 H,G01N 30/88 H,・・液体クロマトグラフイを用いるもの,液体クロマトグラフィを用いるもの
uploaded,ドット変更,G01N 30/88 K,G01N 30/88 K,・・カテコ－ルアミン,カテコールアミン
uploaded,ドット変更,G01N 30/88 L,G01N 30/88 L,・・胆汁酸,・胆汁酸
uploaded,ドット変更,G01N 30/88 P,G01N 30/88 P,・・ポリマ－,ポリマー
uploaded,ドット変更,H01G 4/02,H01G 4/02,・誘電体として空気，ガスまたは真空を用いるもの,・・・気体または蒸気誘電体［２，６］
uploaded,ドット変更,H01G 4/04,H01G 4/04,・液体誘電体を用いるもの,・・・液体誘電体［２，６］
uploaded,ドット変更,H01G 4/06,H01G 4/06,・固体誘電体を用いるもの（積層体一般Ｂ３２Ｂ，例．Ｂ３２Ｂ１５／００）,・・・固体誘電体［２，６］
uploaded,ドット変更,H01G 4/08,H01G 4/08,・・無機誘電体を用いるもの,・・・・無機誘電体［２，６］
uploaded,ドット変更,H01G 4/01,H01G 4/01,・・・金属酸化物誘電体によるもの,・・・・・金属酸化物誘電体［２，６］
uploaded,ドット変更,H01G 4/12,H01G 4/12,・・・セラミック誘電体によるもの,・・・・・セラミック誘電体［２，６］
uploaded,ドット変更,H01G 4/14,H01G 4/14,・・有機誘電体を用いるもの,・・・・有機誘電体［２，６］
uploaded,ドット変更,H01G 4/16,H01G 4/16,・・・繊維性材料によるもの，例．紙,・・・・・繊維性材料によるもの，例．紙［２，６］
uploaded,ドット変更,H01G 4/18,H01G 4/18,・・・合成物質によるもの，例．繊維素の派生物（４／１６が優先）,・・・・・合成物質によるもの，例．繊維素の派生物（Ｈ０１Ｇ４／１６が優先）［２，６］
uploaded,ドット変更,H01G 4/02,H01G 4/02,・・少くとも二つの材料からなる誘電体によるもの,・・・グループＨ０１Ｇ４／０２～Ｈ０１Ｇ４／０６までの二つ以上からの誘電体の組み合わせを用いるもの（Ｈ０１Ｇ４／１２が優先）［２，６］
uploaded,ドット変更,H01G 4/22,H01G 4/22,・・・含浸したもの,・・・・含浸したもの［２，６］
uploaded,ドット変更,H01G 9/02,H01G 9/02,・隔膜；隔離体；電解液または吸収体として使用するための材料の選択（電解または電気泳動工程，そのための装置Ｃ２５；一次，二次または燃料電池Ｈ０１Ｍ）,・・隔膜；セパレータ［６］
uploaded,ドット変更,H01G 9/04,H01G 9/04,・電極,・・電極［６］
uploaded,ドット変更,H01G 9/06,H01G 9/06,・・容器への取付構造,・・・容器への取付構造［６］
uploaded,ドット変更,H01G 9/08,H01G 9/08,・容器,・・容器；外装［６］
uploaded,ドット変更,H01G 9/01,H01G 9/01,・・封止，例．リード線の,・・・封止，例．リード線の［６］
uploaded,ドット変更,H01G 9/12,H01G 9/12,・・膨張に対する弁その他の手段,・・・膨張に対する弁その他の手段［６］
uploaded,ドット変更,H01G 9/14,H01G 9/14,・電解コンデンサの電気的特性の修正または補償用回路（インピーダンス回路網Ｈ０３Ｈ）,・・電解コンデンサの電気的特性の修正，または補償用構造的組合わせ
