改正時期,改正種別,改正前FI,改正後FI,改正前タイトル,改正後タイトル
uploaded,新設,,A01N 63/01,,・動物；動物によって生産された，または動物から採取された物質［２０２０．０１］
uploaded,新設,,A01N 63/12,,・・線虫［２０２０．０１］
uploaded,新設,,A01N 63/14,,・・昆虫［２０２０．０１］
uploaded,新設,,A01N 63/16,,・・クモ形類［２０２０．０１］
uploaded,新設,,A01N 63/02,,・バクテリア；バクテリアによって生産された，またはバクテリアから採取された物質［２０２０．０１］
uploaded,新設,,A01N 63/22,,・・バチルス［２０２０．０１］
uploaded,新設,,A01N 63/23,,・・・バチルス・チューリンゲンシス［２０２０．０１］
uploaded,新設,,A01N 63/25,,・・パエニバチルス［２０２０．０１］
uploaded,新設,,A01N 63/27,,・・シュードモナス［２０２０．０１］
uploaded,新設,,A01N 63/28,,・・ストレプトミセス［２０２０．０１］
uploaded,新設,,A01N 63/03,,・微生物菌類；微生物菌類によって生産された，または微生物菌類から採取された物質［２０２０．０１］
uploaded,新設,,A01N 63/32,,・・酵母［２０２０．０１］
uploaded,新設,,A01N 63/34,,・・アスペルギルス［２０２０．０１］
uploaded,新設,,A01N 63/36,,・・ペニシリウム［２０２０．０１］
uploaded,新設,,A01N 63/38,,・・トリコデルマ［２０２０．０１］
uploaded,新設,,A01N 63/04,,・ウイルス，例．バクテリオファージ［２０２０．０１］
uploaded,新設,,A01N 63/05,,・分離された酵素；分離された蛋白質（ペプチドＡ０１Ｎ３７／４６）［２０２０．０１］
uploaded,新設,,A01N 63/05 100,,・・分離された酵素
uploaded,新設,,A01N 63/06,,・分離された核酸［２０２０．０１］
uploaded,新設,,A24B 15/167,,・・・液または気化可能なもの，例．電子紙巻たばこのための液状組成物［２０２０．０１］
uploaded,新設,,A24C 5/01,,・擬似喫煙具の紙巻たばこの製造［２０２０．０１］
uploaded,新設,,A24D 1/02,,・擬似喫煙具に特に適合される紙巻たばこ［２０２０．０１］
uploaded,新設,,A24D 1/22,,・発火性の加熱源，例．炭素質加熱源，と一体化された紙巻たばこ［２０２０．０１］
uploaded,新設,,A24D 3/17,,・擬似喫煙具に特に適合されるフィルタ［２０２０．０１］
uploaded,新設,,A24F 15/01,,・擬似喫煙具または疑似喫煙具のための紙巻タバコに特に適合されるもの（ケースと構造的に結合したバッテリー充電手段Ａ２４Ｆ４０／９５）［２０２０．０１］
uploaded,新設,,A24F 15/015,,・・液状の吸入可能な前駆体を補充する手段付きのもの［２０２０．０１］
uploaded,新設,,A24F 40/00,,電気的に作動される疑似喫煙具；その構成部品；その製造；その保全または試験；そのために特に適合される充電手段［２０２０．０１］
uploaded,新設,,A24F 40/05,,・加熱手段がない装置［２０２０．０１］
uploaded,新設,,A24F 40/01,,・液状の吸入可能な前駆体を用いる装置［２０２０．０１］
uploaded,新設,,A24F 40/02,,・固体状の吸入可能な前駆体を用いる装置［２０２０．０１］
uploaded,新設,,A24F 40/03,,・二以上の構造的に分離された吸入可能な前駆体を用いる装置，例．二つのカートリッジに二つの液状の前駆体を用いるもの［２０２０．０１］
uploaded,新設,,A24F 40/04,,・構造的細部，例．カートリッジとバッテリー部品の接続［２０２０．０１］
uploaded,新設,,A24F 40/42,,・・吸入可能な前駆体のためのカートリッジまたは容器［２０２０．０１］
uploaded,新設,,A24F 40/44,,・・ウィック［２０２０．０１］
uploaded,新設,,A24F 40/46,,・・電気的加熱手段の形状または構造［２０２０．０１］
uploaded,新設,,A24F 40/465,,・・・誘導加熱に特に適合されるもの［２０２０．０１］
uploaded,新設,,A24F 40/48,,・・流体輸送手段，例．ポンプ［２０２０．０１］
uploaded,新設,,A24F 40/485,,・・・弁；孔［２０２０．０１］
uploaded,新設,,A24F 40/49,,・・チャイルドプルーフ［２０２０．０１］
uploaded,新設,,A24F 40/05,,・制御または監視［２０２０．０１］
uploaded,新設,,A24F 40/51,,・・センサーの配置［２０２０．０１］
uploaded,新設,,A24F 40/53,,・・監視，例．障害検知［２０２０．０１］
uploaded,新設,,A24F 40/57,,・・温度制御［２０２０．０１］
uploaded,新設,,A24F 40/06,,・ユーザインターフェースと一体化された装置［２０２０．０１］
uploaded,新設,,A24F 40/65,,・通信手段と一体化された装置，例．Ｗｉ－Ｆｉ［２０２０．０１］
uploaded,新設,,A24F 40/07,,・製造［２０２０．０１］
uploaded,新設,,A24F 40/08,,・試験［２０２０．０１］
uploaded,新設,,A24F 40/85,,・保全，例．掃除［２０２０．０１］
uploaded,新設,,A24F 40/09,,・バッテリー充電に特に適合される配置または方法［２０２０．０１］
uploaded,新設,,A24F 40/95,,・・ケースと構造的に結合したもの［２０２０．０１］
uploaded,新設,,A24F 42/00,,電気的に作動されるもの以外の擬似喫煙具；その構成部品；その製造または試験［２０２０．０１］
uploaded,新設,,A24F 42/01,,・化学的加熱手段付きの装置［２０２０．０１］
uploaded,新設,,A24F 42/02,,・加熱手段のない装置［２０２０．０１］
uploaded,新設,,A24F 42/06,,・構造的細部［２０２０．０１］
uploaded,新設,,A24F 42/08,,・製造［２０２０．０１］
uploaded,新設,,A24F 42/09,,・試験［２０２０．０１］
uploaded,新設,,A61K 6/15,,・それらの物理的特性に特徴のある組成物［２０２０．０１］
uploaded,新設,,A61K 6/16,,・・屈折率［２０２０．０１］
uploaded,新設,,A61K 6/17,,・・粒子径［２０２０．０１］
uploaded,新設,,A61K 6/18,,・・歯科退縮を引き起こすもの，例．歯科用押印作製または抜歯のための歯肉溝拡張用の組成物［２０２０．０１］
uploaded,新設,,A61K 6/19,,・・自己膨張，例．歯の充填のための［２０２０．０１］
uploaded,新設,,A61K 6/02,,・自然歯または人工歯のための保護被覆，例．密封，染料被覆またはワニス［２０２０．０１］
uploaded,新設,,A61K 6/25,,・検出または測定のための組成物，例．自然歯または人工歯の異常［２０２０．０１］
uploaded,新設,,A61K 6/03,,・一時的にまたは永久的に歯または口蓋を固定するための組成物，例．歯科用接着剤用プライマー［２０２０．０１］
uploaded,新設,,A61K 6/35,,・・口内の義歯を安定させるための製剤［２０２０．０１］
uploaded,新設,,A61K 6/04,,・プライマー（歯科用接着剤用のものＡ６１Ｋ６／３０）［２０２０．０１］
uploaded,新設,,A61K 6/05,,・歯根処理に特に適合した製剤［２０２０．０１］
uploaded,新設,,A61K 6/52,,・・洗浄；殺菌［２０２０．０１］
uploaded,新設,,A61K 6/54,,・・充填；密封［２０２０．０１］
uploaded,新設,,A61K 6/56,,・・根尖治療［２０２０．０１］
uploaded,新設,,A61K 6/58,,・・歯科インプラントに特に適合したもの［２０２０．０１］
uploaded,新設,,A61K 6/06,,・有機または有機金属添加物を含むもの［２０２０．０１］
uploaded,新設,,A61K 6/61,,・・陽イオン性，陰イオン性または酸化還元開始剤［２０２０．０１］
uploaded,新設,,A61K 6/62,,・・光化学ラジカル開始剤［２０２０．０１］
uploaded,新設,,A61K 6/64,,・・熱ラジカル開始剤［２０２０．０１］
uploaded,新設,,A61K 6/65,,・・染料［２０２０．０１］
uploaded,新設,,A61K 6/66,,・・・フォトクロミック染料［２０２０．０１］
uploaded,新設,,A61K 6/68,,・・・サーモクロミック染料［２０２０．０１］
uploaded,新設,,A61K 6/69,,・・医薬品［２０２０．０１］
uploaded,新設,,A61K 6/07,,・無機添加物を含むもの［２０２０．０１］
uploaded,新設,,A61K 6/71,,・・充填剤［２０２０．０１］
uploaded,新設,,A61K 6/72,,・・・窒素含有化合物を含むもの［２０２０．０１］
uploaded,新設,,A61K 6/73,,・・・硫黄含有化合物を含むもの［２０２０．０１］
uploaded,新設,,A61K 6/74,,・・・リン含有化合物を含むもの［２０２０．０１］
uploaded,新設,,A61K 6/75,,・・・・アパタイト［２０２０．０１］
uploaded,新設,,A61K 6/76,,・・・ケイ素含有化合物を含むもの［２０２０．０１］
uploaded,新設,,A61K 6/77,,・・・ガラス［２０２０．０１］
uploaded,新設,,A61K 6/78,,・・顔料［２０２０．０１］
uploaded,新設,,A61K 6/79,,・・開始剤［２０２０．０１］
uploaded,新設,,A61K 6/08,,・人工歯，充填歯または被覆歯のための製剤［２０２０．０１］
uploaded,新設,,A61K 6/802,,・・セラミックスを含むもの［２０２０．０１］
uploaded,新設,,A61K 6/804,,・・・酸化マンガンを含むもの［２０２０．０１］
uploaded,新設,,A61K 6/807,,・・・酸化マグネシウムを含むもの［２０２０．０１］
uploaded,新設,,A61K 6/809,,・・・酸化ベリリウムを含むもの［２０２０．０１］
uploaded,新設,,A61K 6/811,,・・・酸化クロムを含むもの［２０２０．０１］
uploaded,新設,,A61K 6/813,,・・・酸化鉄を含むもの［２０２０．０１］
uploaded,新設,,A61K 6/816,,・・・酸化チタンを含むもの［２０２０．０１］
uploaded,新設,,A61K 6/818,,・・・酸化ジルコニウムを含むもの［２０２０．０１］
uploaded,新設,,A61K 6/82,,・・・酸化ハフニウムを含むもの［２０２０．０１］
uploaded,新設,,A61K 6/822,,・・・希土類金属酸化物を含むもの［２０２０．０１］
uploaded,新設,,A61K 6/824,,・・・遷移金属酸化物を含むもの［２０２０．０１］
uploaded,新設,,A61K 6/827,,・・・白榴石［２０２０．０１］
uploaded,新設,,A61K 6/829,,・・サーメット－複合物を含むもの［２０２０．０１］
uploaded,新設,,A61K 6/831,,・・非金属元素またはそれらの化合物を含むもの，例．炭素［２０２０．０１］
uploaded,新設,,A61K 6/833,,・・・ガラス－セラミック－複合物［２０２０．０１］
uploaded,新設,,A61K 6/836,,・・・ガラス［２０２０．０１］
uploaded,新設,,A61K 6/838,,・・・燐化合物，例．アパタイト［２０２０．０１］
uploaded,新設,,A61K 6/84,,・・金属または合金を含むもの［２０２０．０１］
uploaded,新設,,A61K 6/842,,・・・希土類金属［２０２０．０１］
uploaded,新設,,A61K 6/844,,・・・貴金属［２０２０．０１］
uploaded,新設,,A61K 6/847,,・・・アマルガム［２０２０．０１］
uploaded,新設,,A61K 6/849,,・・無機セメントを含むもの［２０２０．０１］
uploaded,新設,,A61K 6/851,,・・・ポルトランドセメント［２０２０．０１］
uploaded,新設,,A61K 6/853,,・・・ケイ酸塩［２０２０．０１］
uploaded,新設,,A61K 6/856,,・・・ポゾラン［２０２０．０１］
uploaded,新設,,A61K 6/858,,・・・硫酸カルシウム，例．石こう［２０２０．０１］
uploaded,新設,,A61K 6/86,,・・・Ａｌ－セメント［２０２０．０１］
uploaded,新設,,A61K 6/862,,・・・Ｃａ－Ａｌ－硫酸－セメント［２０２０．０１］
uploaded,新設,,A61K 6/864,,・・・燐酸セメント（アパタイトＡ６１Ｋ６／８３８）［２０２０．０１］
uploaded,新設,,A61K 6/867,,・・・アンモニウムセメント［２０２０．０１］
uploaded,新設,,A61K 6/869,,・・・ゼオライト［２０２０．０１］
uploaded,新設,,A61K 6/871,,・・・石英；ＳｉＯ２［２０２０．０１］
uploaded,新設,,A61K 6/873,,・・・炭酸塩［２０２０．０１］
uploaded,新設,,A61K 6/876,,・・・酸化カルシウム［２０２０．０１］
uploaded,新設,,A61K 6/878,,・・・酸化ジルコニウム［２０２０．０１］
uploaded,新設,,A61K 6/88,,・・・酸化クロム［２０２０．０１］
uploaded,新設,,A61K 6/882,,・・・炭化物［２０２０．０１］
uploaded,新設,,A61K 6/884,,・・天然または合成樹脂を含むもの［２０２０．０１］
uploaded,新設,,A61K 6/887,,・・・炭素－炭素不飽和結合のみが関与する反応によって得られる化合物［２０２０．０１］
uploaded,新設,,A61K 6/889,,・・・・ポリカルボン酸セメント；グラスアイオノマーセメント［２０２０．０１］
uploaded,新設,,A61K 6/891,,・・・炭素－炭素不飽和結合のみが関与する反応以外の反応によって得られる化合物［２０２０．０１］
uploaded,新設,,A61K 6/893,,・・・・ポリウレタン［２０２０．０１］
uploaded,新設,,A61K 6/896,,・・・・ポリオルガノシリコン化合物［２０２０．０１］
uploaded,新設,,A61K 6/898,,・・・多糖類［２０２０．０１］
uploaded,新設,,A61K 6/09,,・歯科用押印採取のための組成物［２０２０．０１］
uploaded,新設,,A61K 41/01,,・動物またはヒトへの投与前の医薬品製剤の不活性化または汚染除去［２０２０．０１］
uploaded,新設,,A61K 41/13,,・・超音波によるもの［２０２０．０１］
uploaded,新設,,A61K 41/17,,・・紫外光［ＵＶ］または赤外光［ＩＲ］，Ｘ線またはガンマ線によるもの［２０２０．０１］
uploaded,新設,,B33Y 40/01,,・前処理［２０２０．０１］
uploaded,新設,,B33Y 40/02,,・後処理，例．硬化，被覆または研磨［２０２０．０１］
uploaded,新設,,B33Y 70/01,,・異なる種類の材料の複合物，例．セラミックスとポリマーの混合物または金属と生体材料の混合物［２０２０．０１］
uploaded,新設,,B60C 23/04 110,,・・・送信側装置の構造
uploaded,新設,,B60C 23/04 110 A,,筐体の形状，構造，材質，配線
uploaded,新設,,B60C 23/04 110 B,,配置
uploaded,新設,,B60C 23/04 110 C,,・バルブ
uploaded,新設,,B60C 23/04 110 D,,・車輪のリム
uploaded,新設,,B60C 23/04 110 E,,・タイヤのゴム部分
uploaded,新設,,B60C 23/04 110 Z,,その他
uploaded,新設,,B60C 23/04 120,,・・・駆動源
uploaded,新設,,B60C 23/04 120 A,,電池に特徴のあるもの
uploaded,新設,,B60C 23/04 120 B,,自己発電手段に特徴のあるもの，例．タイヤの運動，状態変化を利用するもの
uploaded,新設,,B60C 23/04 120 C,,外部給電手段に特徴のあるもの，例．タイヤ内外間で起電力を発生するもの
uploaded,新設,,B60C 23/04 120 Z,,その他
uploaded,新設,,B60C 23/04 130,,・・・装置の起動，停止，例．トリガ信号の入力またはスリープモード
uploaded,新設,,B60C 23/04 130 A,,動機
uploaded,新設,,B60C 23/04 130 B,,・車両状態，例．車速，イグニッションオンまたは空気圧
uploaded,新設,,B60C 23/04 130 C,,・時間的要因
uploaded,新設,,B60C 23/04 130 D,,特に省エネルギーを目的とした設定，例．スリープモードとウェイクモードの切換
uploaded,新設,,B60C 23/04 130 E,,起動，停止信号の生成及び送受信に関する特徴
uploaded,新設,,B60C 23/04 130 Z,,その他
uploaded,新設,,B60C 23/04 140,,・・・装置の識別
uploaded,新設,,B60C 23/04 140 A,,タイヤと装置のＩＤの対応付け
uploaded,新設,,B60C 23/04 140 B,,送信元の装置の特定；混信，クロストーク対策
uploaded,新設,,B60C 23/04 140 C,,識別手法
uploaded,新設,,B60C 23/04 140 D,,・車輪の状態，例．位置，速度または加速度，を利用するもの
uploaded,新設,,B60C 23/04 140 E,,・信号の特性，例．強度，位相または受信態様，を利用するもの
uploaded,新設,,B60C 23/04 140 F,,スペアタイヤ
uploaded,新設,,B60C 23/04 140 Z,,その他
uploaded,新設,,B60C 23/04 150,,・・・測定；伝送
uploaded,新設,,B60C 23/04 150 A,,測定
uploaded,新設,,B60C 23/04 150 B,,・機構部分の特徴，例．スイッチやダイヤフラム
uploaded,新設,,B60C 23/04 150 C,,伝送
uploaded,新設,,B60C 23/04 150 D,,・伝送媒体に特徴のあるもの
uploaded,新設,,B60C 23/04 150 E,,・・非接触で伝達するもの，例．電磁波，電磁場または音
uploaded,新設,,B60C 23/04 150 F,,・・直接接触，有線によるもの
uploaded,新設,,B60C 23/04 150 G,,・デジタル伝送の特徴，例．通信プロトコル，規格；信号の取扱い，データ形式，に特徴のあるもの
uploaded,新設,,B60C 23/04 150 H,,・送受信装置の制御，例．アルゴリズムの面，に特徴のあるもの
uploaded,新設,,B60C 23/04 150 J,,・通信障害対策，例．ヌルポイント，デットゾーン対策
uploaded,新設,,B60C 23/04 150 K,,・アンテナに特徴のあるもの
uploaded,新設,,B60C 23/04 150 Z,,その他
uploaded,新設,,B60C 23/04 160,,・・・測定値の処理，分析に特徴のあるもの
uploaded,新設,,B60C 23/04 160 A,,閾値，報知条件の設定
uploaded,新設,,B60C 23/04 160 B,,測定値の補正，例．温度等に関する補正
uploaded,新設,,B60C 23/04 160 C,,信号処理，例．フィルタ
uploaded,新設,,B60C 23/04 160 Z,,その他
uploaded,新設,,B60C 23/04 170,,・・・受信側装置の構造
uploaded,新設,,B60C 23/04 180,,・・・送信された情報を提示する手段
uploaded,新設,,B60C 23/04 180 A,,視覚的なもの
uploaded,新設,,B60C 23/04 180 B,,聴覚的なもの
uploaded,新設,,B60C 23/04 180 Z,,その他
uploaded,新設,,B60C 23/04 190,,・・・初期設定
uploaded,新設,,B60C 23/04 200,,・・・動作モード
uploaded,新設,,B60C 23/04 210,,・・・車両内の他のシステムとの協働
uploaded,新設,,B60C 23/04 220,,・・・車両外部との接続に特徴
uploaded,新設,,B60C 23/04 220 A,,可搬式のもの，例．携帯端末
uploaded,新設,,B60C 23/04 220 B,,外部施設，例．サービスセンター
uploaded,新設,,B60C 23/04 220 C,,構成要素間の通信に特徴のあるもの，例．車両と携帯端末間の通信内容，通信形式
uploaded,新設,,B60C 23/04 220 Z,,その他
uploaded,新設,,B60C 23/04 230,,・・・システムの維持，例．異常，故障対策；誤操作対策
uploaded,新設,,B60J 5/01 R,,少なくとも一部をプラスチックで成形したドア
uploaded,新設,,B60W 60/00,,自律的な道路走行用車両に特に適合される運動制御システム［２０２０．０１］
uploaded,新設,,B62J 3/02,,・機械式装置［２０２０．０１］
uploaded,新設,,B62J 3/04,,・・運転者によって作動されるもの，例．ベルまたはホーン［２０２０．０１］
uploaded,新設,,B62J 3/06,,・・自転車またはモーターサイクルの回転部品によって作動されるもの，例．スポークに打ち付けるもの［２０２０．０１］
uploaded,新設,,B62J 3/08,,・・走行風によって作動するもの，例．笛［２０２０．０１］
uploaded,新設,,B62J 3/01,,・電気的装置［２０２０．０１］
uploaded,新設,,B62J 3/12,,・・ブザー；電気的に駆動される気流を伴うホーン［２０２０．０１］
uploaded,新設,,B62J 3/14,,・・他の装置が機能していることを示すもの，例．ライトが点灯していることを示す音響警告［２０２０．０１］
uploaded,新設,,B62J 6/01,,・電気回路［２０２０．０１］
uploaded,新設,,B62J 6/015,,・・自転車またはモーターサイクルの発電機から供給されない電力を用いるもの，例．バッテリーまたはピエゾ要素を用いるもの［２０２０．０１］
uploaded,新設,,B62J 6/022,,・・モーターサイクルまたは同様のものに特に適合するもの［２０２０．０１］
uploaded,新設,,B62J 6/023,,・・・自転車またはモーターサイクルのリーン角に応答するもの，例．曲がる時に強度を変化させるものまたは予備灯を点けるもの［２０２０．０１］
uploaded,新設,,B62J 6/024,,・・・ハイビームとロービームを切り替えるもの（スイッチの配置Ｂ６２Ｊ６／１６）［２０２０．０１］
uploaded,新設,,B62J 6/025,,・・・光線方向の垂直方向への調整に特徴があるもの，例．重い荷物のため補償するもの［２０２０．０１］
uploaded,新設,,B62J 6/026,,・・・構造に特徴があるもの，例．ケーシング［２０２０．０１］
uploaded,新設,,B62J 6/027,,・・・そのための支持手段，例．取り付けブラケット［２０２０．０１］
uploaded,新設,,B62J 6/028,,・・付加的な動力源があるまたはない乗手推進車に特に適合したもの［２０２０．０１］
uploaded,新設,,B62J 6/029,,・・・構造に特徴があるもの，例．ケーシング［２０２０．０１］
uploaded,新設,,B62J 6/03,,・・・そのための支持手段，例．取り付けブラケット［２０２０．０１］
uploaded,新設,,B62J 6/045,,・・制動動作を表示するもの［２０２０．０１］
uploaded,新設,,B62J 6/05,,・方向指示器［２０２０．０１］
uploaded,新設,,B62J 6/052,,・・機械的手段，例．回転するアーム［２０２０．０１］
uploaded,新設,,B62J 6/053,,・・・ロープまたはチェーンによって駆動されるもの［２０２０．０１］
uploaded,新設,,B62J 6/054,,・・・手動のもの［２０２０．０１］
uploaded,新設,,B62J 6/055,,・・電気的手段のもの，例．ランプ［２０２０．０１］
uploaded,新設,,B62J 6/056,,・・・制御手段に特徴があるもの［２０２０．０１］
uploaded,新設,,B62J 6/057,,・・・・自動作動，例．センサーによるもの［２０２０．０１］
uploaded,新設,,B62J 6/165,,・・無線スイッチ［２０２０．０１］
uploaded,新設,,B62J 6/22,,・警告灯またはインフォメーションライト［２０２０．０１］
uploaded,新設,,B62J 6/24,,・・運転者に警告または知らせるためのもの，例．燃料減少警告灯［２０２０．０１］
uploaded,新設,,B62J 6/26,,・・他の道路使用者に警告または知らせるためのもの，例．警光灯［２０２０．０１］
uploaded,新設,,B62J 9/01,,・自転車またはモーターサイクルに結合するもの［２０２０．０１］
uploaded,新設,,B62J 9/12,,・・フェアリング内の［２０２０．０１］
uploaded,新設,,B62J 9/14,,・・サドル下の［２０２０．０１］
uploaded,新設,,B62J 9/16,,・・フロアボード下の［２０２０．０１］
uploaded,新設,,B62J 9/18,,・・ダミー燃料タンク内の［２０２０．０１］
uploaded,新設,,B62J 9/02,,・付属品として自転車またはモーターサイクルに取り付けられるもの［２０２０．０１］
uploaded,新設,,B62J 9/21,,・・前輪の上方または横，例．ハンドルバー上［２０２０．０１］
uploaded,新設,,B62J 9/22,,・・メインフレームチューブの間のもの，例．トップチューブから懸架されるもの［２０２０．０１］
uploaded,新設,,B62J 9/23,,・・後輪の上方または横（Ｂ６２Ｊ９／２６が優先）［２０２０．０１］
uploaded,新設,,B62J 9/24,,・・ラックに特に適合したもの，例．トップまたはサイドケース［２０２０．０１］
uploaded,新設,,B62J 9/25,,・・燃料タンクに，例．マグネット式タンクバック［２０２０．０１］
uploaded,新設,,B62J 9/26,,・・サドルに，例．サドルバック［２０２０．０１］
uploaded,新設,,B62J 9/27,,・・装着装置に特徴があるもの，例．クイックリリース［２０２０．０１］
uploaded,新設,,B62J 9/28,,・・デリバリーサービスに特に適合したもの，例．防振箱［２０２０．０１］
uploaded,新設,,B62J 9/03,,・施錠装置に特徴があるもの，例．車両中央施錠システムに結合されるトップケースの施錠［２０２０．０１］
uploaded,新設,,B62J 9/04,,・工具または予備品に特に適合したもの［２０２０．０１］
uploaded,新設,,B62J 11/04,,・ボトル用のもの［２０２０．０１］
uploaded,新設,,B62J 11/05,,・スポーツ物品用のもの，例．ボールまたはゴルフクラブ［２０２０．０１］
uploaded,新設,,B62J 11/01,,・機械的なケーブル，ホース，パイプまたは電気的ワイヤ，例．ケーブルガイドのためのもの（リヤディレーラへのケーブルの取付け又は案内Ｂ６２Ｍ９／１２７；フロントディレーラへのケーブルの取付け又は案内Ｂ６２Ｍ９／１３７）［２０２０．０１］
uploaded,新設,,B62J 11/13,,・・機械的なケーブルに特に適合したもの［２０２０．０１］
uploaded,新設,,B62J 11/16,,・・ホースまたはパイプに特に適合したもの，例．水圧，空圧，冷媒またはエアフィルタホース（エアフィルタホースＢ６２Ｊ４０／１０）［２０２０．０１］
uploaded,新設,,B62J 11/19,,・・電気的ワイヤに特に適合したもの［２０２０．０１］
uploaded,新設,,B62J 11/02,,・ハーネス；アーム，例．犬リード［２０２０．０１］
uploaded,新設,,B62J 11/22,,・工具に特に適合したもの（工具箱Ｂ６２Ｊ９／４０）［２０２０．０１］
uploaded,新設,,B62J 11/24,,・ヘルメットに特に適合したもの（ヘルメットのためのサドル下の収容部）［２０２０．０１］
uploaded,新設,,B62J 11/26,,・傘に特に適合したもの［２０２０．０１］
uploaded,新設,,B62J 17/083,,・・乗手推進車に特に適合した、フレームに取り付けられたフード［２０２０．０１］
uploaded,新設,,B62J 17/086,,・・モーターサイクル又は類似のものに特に適合した、フレームに取り付けられたフード［２０２０．０１］
uploaded,新設,,B62J 17/01,,・フェアリングの一部を形成する換気またはエアガイド装置［２０２０．０１］
uploaded,新設,,B62J 25/02,,・ニーグリップ，例．燃料タンク上の［２０２０．０１］
uploaded,新設,,B62J 25/04,,・フロア型フットレスト［２０２０．０１］
uploaded,新設,,B62J 25/06,,・バー型フットレスト［２０２０．０１］
uploaded,新設,,B62J 25/08,,・同乗者用ハンドグリップ［２０２０．０１］
uploaded,新設,,B62J 27/01,,・モーターサイクルまたは類似のものに特に適合した安全ベルト［２０２０．０１］
uploaded,新設,,B62J 27/02,,・モーターサイクルまたは類似のものに特に適合したエアバッグ［２０２０．０１］
uploaded,新設,,B62J 27/03,,・クラッシュバー：クラッシュバング［２０２０．０１］
uploaded,新設,,B62J 40/00,,自転車またはモータサイクルに特に適合したエアクリーナの配置［２０２０．０１］
uploaded,新設,,B62J 40/01,,・エアダクトの配置に特徴があるもの［２０２０．０１］
uploaded,新設,,B62J 41/00,,自転車またはモーターサイクル用ラジエーター，冷却ホースまたはパイプの配置［２０２０．０１］
uploaded,新設,,B62J 43/00,,バッテリーの配置［２０２０．０１］
uploaded,新設,,B62J 43/01,,・推進用の［２０２０．０１］
uploaded,新設,,B62J 43/13,,・・付加的な電気動力源がある乗手推進車の［２０２０．０１］
uploaded,新設,,B62J 43/16,,・・モーターサイクルまたは類似のものの［２０２０．０１］
uploaded,新設,,B62J 43/02,,・取り付けに特徴があるもの［２０２０．０１］
uploaded,新設,,B62J 43/23,,・・充電時に取り外すもの［２０２０．０１］
uploaded,新設,,B62J 43/26,,・・付随車に載置するもの［２０２０．０１］
uploaded,新設,,B62J 43/28,,・・自転車またはモーターサイクルのフレーム内に隠されたもの［２０２０．０１］
uploaded,新設,,B62J 43/03,,・推進用以外の装置に電力を供給するもの［２０２０．０１］
uploaded,新設,,B62J 45/00,,自転車またはモーターサイクルの付属品としての使用に特に適合した、他に分類されない電気的装置の配置［２０２０．０１］
uploaded,新設,,B62J 45/01,,・音響機器の配置；それらの支持［２０２０．０１］
uploaded,新設,,B62J 45/02,,・自転車またはモータサイクルの付属品としてのサイクルコンピューター［２０２０．０１］
uploaded,新設,,B62J 45/04,,・センサーの配置（電動アシスト自転車の制御のためのセンサーＢ６２Ｍ６／５０）；それらの取付け［２０２０．０１］
uploaded,新設,,B62J 45/41,,・・センサーの種類に特徴があるもの［２０２０．０１］
uploaded,新設,,B62J 45/411,,・・・トルクセンサー［２０２０．０１］
uploaded,新設,,B62J 45/412,,・・・速度センサー［２０２０．０１］
uploaded,新設,,B62J 45/413,,・・・回転センサー［２０２０．０１］
uploaded,新設,,B62J 45/414,,・・・加速度センサー［２０２０．０１］
uploaded,新設,,B62J 45/415,,・・・傾斜センサー［２０２０．０１］
uploaded,新設,,B62J 45/416,,・・・生理的センサー，例．心拍センサー［２０２０．０１］
uploaded,新設,,B62J 45/42,,・・取り付けに特徴があるもの［２０２０．０１］
uploaded,新設,,B62J 45/421,,・・・ペダルクランクに［２０２０．０１］
uploaded,新設,,B62J 45/422,,・・・ハンドルバーに［２０２０．０１］
uploaded,新設,,B62J 45/423,,・・・ホイールの上又は横に［２０２０．０１］
uploaded,新設,,B62J 50/00,,メイングループＢ６２Ｊ１／００－Ｂ６２Ｊ４５／００に分類されない、自転車またはモーターサイクルでの使用に特に適合した装置［２０２０．０１］
uploaded,新設,,B62J 50/01,,・手で自転車またはモーターサイクルを運ぶ手段［２０２０．０１］
uploaded,新設,,B62J 50/15,,・清掃装置［２０２０．０１］
uploaded,新設,,B62J 50/16,,・・自転車またはモーターサイクルの部品の掃除のためのもの，例．風防ガラス用ワイパー［２０２０．０１］
uploaded,新設,,B62J 50/17,,・・掃除用具として自転車またはモーターサイクルを使用するためのもの，例．床掃除［２０２０．０１］
uploaded,新設,,B62J 50/02,,・情報提供装置［２０２０．０１］
uploaded,新設,,B62J 50/21,,・・運転者または同乗者に情報を提供することを意図したもの［２０２０．０１］
uploaded,新設,,B62J 50/22,,・・・電子的な，例．ディスプレイ［２０２０．０１］
uploaded,新設,,B62J 50/23,,・・・機械的な，例．ケーブル駆動のトリップメーター［２０２０．０１］
uploaded,新設,,B62J 50/25,,・・他の道路使用者に情報を提供することを意図したもの，例．サインまたはフラッグ［２０２０．０１］
uploaded,新設,,B62J 50/26,,・・・ナンバープレート［２０２０．０１］
uploaded,新設,,B62J 50/28,,・・クイックリリースに特徴があるもの，例．スナップコネクタ［２０２０．０１］
uploaded,新設,,B62J 50/03,,・自転車またはモーターサイクルに搭載された装置の換気手段，例．バッテリー容器の換気手段［２０２０．０１］
uploaded,新設,,B62J 50/04,,・装飾または玩具［２０２０．０１］
uploaded,新設,,B63B 32/00,,水上スポーツボード；それらのための付属具［２０２０．０１］
uploaded,新設,,B63B 32/01,,・モーター推進の水上スポーツボード（動力駆動の個人用水上クラフトＢ６３Ｂ３４／１０）［２０２０．０１］
uploaded,新設,,B63B 32/02,,・うつ伏せの使用に特に適合されるボード，例．急流そり（牽引水そりＢ６３Ｂ３４／５４）［２０２０．０１］
uploaded,新設,,B63B 32/22,,・・サーフィンのためのボディーボード；それらのために特に適合される付属具［２０２０．０１］
uploaded,新設,,B63B 32/03,,・使用者の足を固定する水上スキー；それらのために特に適合される付属具［２０２０．０１］
uploaded,新設,,B63B 32/04,,・ツインチップボード；ウェイクボード；サーフボード；ウィンドサーフィンボード；パドルボード，例．ＳＵＰボード；それらのために特に適合される付属具［２０２０．０１］
uploaded,新設,,B63B 32/05,,・それらの構造的特徴に特徴付けられるボード［２０２０．０１］
uploaded,新設,,B63B 32/51,,・・膨張可能なボード，例．ドロップステッチの膨張可能なボード［２０２０．０１］
uploaded,新設,,B63B 32/53,,・・区画化されたボード，例．モジュール式，分解可能なまたは折重ね自在なボード［２０２０．０１］
uploaded,新設,,B63B 32/55,,・・多胴のボード，例．双胴形の［２０２０．０１］
uploaded,新設,,B63B 32/56,,・・船舶または他の種類の水上スポーツボード，例．ヨット，カヌーまたは水上サイクルに変化できるボード［２０２０．０１］
uploaded,新設,,B63B 32/57,,・材料，例．積層材料に特徴づけられるボード［２０２０．０１］
uploaded,新設,,B63B 32/59,,・それらの製造工程，例．成形または３Ｄ印刷に特徴づけられるボード［２０２０．０１］
uploaded,新設,,B63B 32/06,,・ボード付加物，例．フィン，水中翼またはセンターボード［２０２０．０１］
uploaded,新設,,B63B 32/62,,・・材料，例．積層材料に特徴づけられるもの；それらの製造工程に特徴づけられるもの［２０２０．０１］
uploaded,新設,,B63B 32/64,,・・調整できる，例．部品を加えることによる，部品を除くことによるまたは方向または外形を変更することによる［２０２０．０１］
uploaded,新設,,B63B 32/66,,・・ボードに固定するための装備，例．フィン箱または翼箱［２０２０．０１］
uploaded,新設,,B63B 32/68,,・マストフット付属品，例．マストフットレール［２０２０．０１］
uploaded,新設,,B63B 32/07,,・特定の種類のボード，例．パッドまたは浮力要素に特に適合される付属具［２０２０．０１］
uploaded,新設,,B63B 32/73,,・・使用者または物体とボードをつなぐためのもの，例．リーシュコード［２０２０．０１］
uploaded,新設,,B63B 32/77,,・ボードへの付属具固定用の装備，例．挿入具またはレール［２０２０．０１］
uploaded,新設,,B63B 32/08,,・水上スポーツボードの収容または搬送に特に適合される装備［２０２０．０１］
uploaded,新設,,B63B 32/83,,・・収容のためのもの，例．ラックまたはストラップ［２０２０．０１］
uploaded,新設,,B63B 32/87,,・・運搬のためのもの，例．ボードバッグ［２０２０．０１］
uploaded,新設,,B63B 34/00,,水上スポーツまたはレジャーに特に適合される船舶；水上スポーツまたはレジャーに特に適合される身体支持具（水上スポーツボードＢ６３Ｂ３２／００；水泳装置Ａ６３Ｂ３５／００；人力によって作動する推進装置Ｂ６３Ｈ１６／００）［２０２０．０１］
uploaded,新設,,B63B 34/01,,・動力駆動の個人用水上クラフト，例．水上スクーター（ウォータージェット推進Ｂ６３Ｈ１１／００；ジェットの操舵Ｂ６３Ｈ２５／４６）；それらのため付属具［２０２０．０１］
uploaded,新設,,B63B 34/15,,・・水力飛行スポーツのためのもの［２０２０．０１］
uploaded,新設,,B63B 34/02,,・カヌー，カヤックまたは類似のもの［２０２０．０１］
uploaded,新設,,B63B 34/21,,・・構造面で特徴づけられるもの［２０２０．０１］
uploaded,新設,,B63B 34/22,,・・・膨張可能なもの；膨張可能な部分をもつもの［２０２０．０１］
uploaded,新設,,B63B 34/23,,・・・区画化されたもの，例．モジュール式または折り畳み可能［２０２０．０１］
uploaded,新設,,B63B 34/26,,・カヌー，カヤックまたは類似のもののための付属具（人力により推進させるものＢ６３Ｈ１６／００；船外推進装置Ｂ６３Ｈ２０／００）［２０２０．０１］
uploaded,新設,,B63B 34/03,,・競技に特に適合される手漕ぎボート；それらのための付属具（操櫂により推進させるものＢ６３Ｈ１６／００）［２０２０．０１］
uploaded,新設,,B63B 34/04,,・水中の翼により動的に支持される身体支持構造［２０２０．０１］
uploaded,新設,,B63B 34/45,,・・それらのための付属具［２０２０．０１］
uploaded,新設,,B63B 34/05,,・身体を支持する浮力装置，例．水浴用ボートまたは水上自転車（水泳補助具Ａ６３Ｂ３１／００）［２０２０．０１］
uploaded,新設,,B63B 34/52,,・・膨張可能なまたは部分的に膨張可能な［２０２０．０１］
uploaded,新設,,B63B 34/54,,・・曳航されることに特に適合したもの，例．バナナボート，水上そりまたは曳航ブイ（曳航のための装置Ｂ６３Ｂ３４／６０）［２０２０．０１］
uploaded,新設,,B63B 34/56,,・・立位，例．水上靴，水上歩行装置または浮力スキーでの使用のためのもの［２０２０．０１］
uploaded,新設,,B63B 34/565,,・・付属具，例．水上歩行のための杖［２０２０．０１］
uploaded,新設,,B63B 34/06,,・曳航用の配置，例．水上スキーまたはウェイクボードに用いるためのもの［２０２０．０１］
uploaded,新設,,B63B 34/63,,・・使用者のための保持手段，例．ハンドルバーまたはハーネス［２０２０．０１］
uploaded,新設,,B63B 34/67,,・・曳航船の接続手段，例．パイロン，サイドポールまたは巻上げ機［２０２０．０１］
uploaded,新設,,B63B 34/07,,・サーフィン，ウェイクボードまたは類似のもののための造波用に特に適合された船舶上の配置，例．バラストタンク［２０２０．０１］
uploaded,新設,,B63B 34/75,,・・ウェイクプレートの配置［２０２０．０１］
uploaded,新設,,B63H 8/00,,水上スポーツボードに特に適合した帆または索具，例．ウィンドサーフィンまたはカイトサーフィン［２０２０．０１］
uploaded,新設,,B63H 8/01,,・カイトセール；カイト翼；それらの制御；それらのための安全手段［２０２０．０１］
uploaded,新設,,B63H 8/12,,・・膨張可能な閉じた区画付のカイト［２０２０．０１］
uploaded,新設,,B63H 8/14,,・・ラムエアカイト，すなわち使用中それらの端部まで空気を入れて少なくとも部分的に膨張させるカイト［２０２０．０１］
uploaded,新設,,B63H 8/16,,・・制御装置，例．コントロールバーまたは制御索［２０２０．０１］
uploaded,新設,,B63H 8/18,,・・使用者をカイト帆とつなぐための装置；カイト安全手段，例．チキンループ，安全リーシュまたはクイックリリース機構［２０２０．０１］
uploaded,新設,,B63H 8/02,,・マストに関する索具，例．ウィンドサーフィンのための［２０２０．０１］
uploaded,新設,,B63H 8/21,,・・ウィッシュボーン［２０２０．０１］
uploaded,新設,,B63H 8/22,,・・ウィッシュボーンをマストに接続するためのもの［２０２０．０１］
uploaded,新設,,B63H 8/23,,・・帆耳の引張りまたは調整，例．アウトホールトリマー［２０２０．０１］
uploaded,新設,,B63H 8/24,,・・索具をボードとつなぐための装置［２０２０．０１］
uploaded,新設,,B63H 8/25,,・・帆をマストフットとつなぐための装置，例．ダウンホール引張具またはマストフット延長具［２０２０．０１］
uploaded,新設,,B63H 8/04,,・帆の空気力学的な特性を向上または維持するための装置，例．キャンバー，バテンまたは翼形［２０２０．０１］
uploaded,新設,,B63H 8/05,,・付属具，例．修理キットまたは帆上げ補助具［２０２０．０１］
uploaded,新設,,B63H 8/52,,・・ウィンドサーフィン帆のダウンホールまたはアウトホールの引張りのための手持ちの滑り止め，カムまたはフック［２０２０．０１］
uploaded,新設,,B63H 8/54,,・・使用者またはハーネスをウィッシュボーンと接続するための装置，例．ブランコ索またはハンドグリップ［２０２０．０１］
uploaded,新設,,B63H 8/56,,・・使用者の重量を分配する装置，例．ハーネス［２０２０．０１］
uploaded,新設,,B63H 8/58,,・・・散布棒；フック接続具［２０２０．０１］
uploaded,新設,,B63H 8/07,,・操舵，収容またはそれらの輸送のための装置［２０２０．０１］
uploaded,新設,,B63H 9/061,,・・・硬帆；翼帆［２０２０．０１］
uploaded,新設,,B63H 9/065,,・・・バテン（水上スポーツボードの帆のためのものＢ６３Ｈ８／４０）［２０２０．０１］
uploaded,新設,,B63H 9/067,,・・・製作または製造工程に特徴がある帆［２０２０．０１］
uploaded,新設,,B63H 9/068,,・・・マスト先端にピボット状に取り付けられる帆［２０２０．０１］
uploaded,新設,,B63H 9/069,,・・・船舶のためのカイト帆［２０２０．０１］
uploaded,新設,,B63H 9/071,,・・・・他の推進手段と共に用いるためもの，例．燃費向上のためのもの［２０２０．０１］
uploaded,新設,,B63H 9/072,,・・・・制御装置，例．打ち上げまたは復元のためのもの［２０２０．０１］
uploaded,新設,,C01F 17/01,,・調整または処理，例．分離または精製
uploaded,新設,,C01F 17/13,,・・イオン交換樹脂を用いるもの，例．キレート樹脂
uploaded,新設,,C01F 17/17,,・・液ー液抽出を伴うもの
uploaded,新設,,C01F 17/02,,・金属元素として希土類金属のみ含む化合物
uploaded,新設,,C01F 17/206,,・・酸化物または水酸化物が唯一の陰イオンであるもの
uploaded,新設,,C01F 17/212,,・・・スカンジウムの酸化物または水酸化物
uploaded,新設,,C01F 17/218,,・・・イットリウムの酸化物または水酸化物
uploaded,新設,,C01F 17/224,,・・・ランタニドの酸化物または水酸化物
uploaded,新設,,C01F 17/229,,・・・・ランタンの酸化物または水酸化物
uploaded,新設,,C01F 17/235,,・・・・セリウムの酸化物または水酸化物
uploaded,新設,,C01F 17/241,,・・・２以上の希土類金属を含有するもの，例．ＮｄＰｒＯ３またはＬａＮｄＰｒＯ３
uploaded,新設,,C01F 17/247,,・・炭酸塩
uploaded,新設,,C01F 17/253,,・・ハロゲン化物
uploaded,新設,,C01F 17/259,,・・・オキシハロゲン化物
uploaded,新設,,C01F 17/265,,・・・フッ化物
uploaded,新設,,C01F 17/271,,・・・塩化物
uploaded,新設,,C01F 17/276,,・・硝酸塩
uploaded,新設,,C01F 17/282,,・・硫酸塩
uploaded,新設,,C01F 17/288,,・・硫化物
uploaded,新設,,C01F 17/294,,・・・オキシ硫化物
uploaded,新設,,C01F 17/03,,・希土類金属および希土類金属，酸素または水素以外の少なくとも１つの元素を含む化合物，例．Ｌａ４Ｓ３Ｂｒ６（Ｃ０１Ｆ１７／２４７～Ｃ０１Ｆ１７／２９４が優先）
uploaded,新設,,C01F 17/32,,・・酸化物または水酸化物が唯一の陰イオンであるもの，例．ＮａＣｅＯ２またはＭｇｘＣａｙＥｕＯ
uploaded,新設,,C01F 17/34,,・・・アルミン酸塩，例．ＹＡｌＯ３またはＹ３－ＸＧｄｘＡｌ５Ｏ１２
uploaded,新設,,C01F 17/36,,・・ハロゲンが唯一の陰イオンであるもの，例　．ＮａＹＦ４
uploaded,新設,,C01F 17/38,,・・硫黄が唯一の陰イオンであるもの，例．ＣａＬａ２Ｓ４
uploaded,新設,,C05F 17/05,,・無脊椎動物，例．ぜん虫，ハエまたはウジ虫，を含む処理［２０２０．０１］
uploaded,新設,,C05F 17/01,,・水または空気以外の物質の堆肥化処理中の材料への添加または材料からの除去（処理の活性化または刺激Ｃ０５Ｆ１７／２０）［２０２０．０１］
uploaded,新設,,C05F 17/02,,・処理の活性化または刺激のための特定の微生物または物質，例．酵素，の使用（無脊椎動物の使用Ｃ０５Ｆ１７／０５）［２０２０．０１］
uploaded,新設,,C05F 17/03,,・照射，例．日射または放射線の照射，を用いるもの；電場または磁場を用いるもの［２０２０．０１］
uploaded,新設,,C05F 17/04,,・液体またはスラリーの処理［２０２０．０１］
uploaded,新設,,C05F 17/05,,・２またはそれ以上の異なる生物学的または生物化学的処理を組み合わせた処理，例．嫌気性処理及び好気性処理またはミミズ堆肥処理及び好気性処理［２０２０．０１］
uploaded,新設,,C05F 17/06,,・処理中の加熱または冷却［２０２０．０１］
uploaded,新設,,C05F 17/07,,・プロセスパラメータに応じた処理の制御［２０２０．０１］
uploaded,新設,,C05F 17/08,,・処理中の有害物質の分離，除去または処分［２０２０．０１］
uploaded,新設,,C05F 17/09,,・そのための装置［２０２０．０１］
uploaded,新設,,C05F 17/907,,・・材料を供給または排出するための機械的手段を備えない小規模装置，例．園芸用ふたつき堆肥容器［２０２０．０１］
uploaded,新設,,C05F 17/914,,・・携帯用または運搬用装置，例．輸送コンテナまたはトラック［２０２０．０１］
uploaded,新設,,C05F 17/921,,・・堆肥化材料が入口及び排出手段の間で本質的に水平に運搬される装置［２０２０．０１］
uploaded,新設,,C05F 17/929,,・・・シリンダまたはドラム［２０２０．０１］
uploaded,新設,,C05F 17/936,,・・・トンネル［２０２０．０１］
uploaded,新設,,C05F 17/943,,・・・混合及び搬送の組合せのための手段［２０２０．０１］
uploaded,新設,,C05F 17/95,,・・堆肥化材料が入口及び排出手段の間で本質的に垂直に運搬される装置［２０２０．０１］
uploaded,新設,,C05F 17/957,,・・２またはそれ以上の直列に配列されたデバイスの使用［２０２０．０１］
uploaded,新設,,C05F 17/964,,・・構造部分，例．床，覆いまたはドア［２０２０．０１］
uploaded,新設,,C05F 17/971,,・・・処理される材料の供給または排出のためのもの；他の材料の供給または排出のためのもの［２０２０．０１］
uploaded,新設,,C05F 17/979,,・・・・他の材料が気体であるもの［２０２０．０１］
uploaded,新設,,C05F 17/986,,・・・・他の材料が液体であるもの［２０２０．０１］
uploaded,新設,,C05F 17/993,,・・プロセスパラメータ，例．温度，圧力または湿度，を測定するための装置［２０２０．０１］
uploaded,新設,,C05G 3/02,,・肥料の粉末化を防ぐためのもの；抗粉塵化剤［２０２０．０１］
uploaded,新設,,C05G 3/03,,・抗凝集剤；固結防止剤［２０２０．０１］
uploaded,新設,,C05G 3/04,,・施肥量または放出速度に影響を与えるもの；溶解度に影響を与えるもの［２０２０．０１］
uploaded,新設,,C05G 3/05,,・界面活性剤；乳化剤［２０２０．０１］
uploaded,新設,,C05G 3/06,,・殺生物剤または保存剤，例．殺微生物剤，殺虫剤または除草剤；有害生物忌避剤または誘引剤［２０２０．０１］
uploaded,新設,,C05G 3/07,,・湿潤性に影響を与えるもの，例．乾燥剤［２０２０．０１］
uploaded,新設,,C05G 3/08,,・土壌調整剤［２０２０．０１］
uploaded,新設,,C05G 3/09,,・土壌中においてアンモニウム化合物または尿素の硝酸化成に影響を与えるもの［２０２０．０１］
uploaded,新設,,C05G 5/01,,・固体または半固体肥料，例．粉体（層状またはコーティングされたものＣ０５Ｇ５／３０；マトリックスに組み込まれたものＣ０５Ｇ５／４０）［２０２０．０１］
uploaded,新設,,C05G 5/12,,・・顆粒状またはフレーク状［２０２０．０１］
uploaded,新設,,C05G 5/14,,・・錠剤，スパイク状，棒状，ブロック状または球状［２０２０．０１］
uploaded,新設,,C05G 5/16,,・・フィルム状またはシート状；ウェブ状；繊維状［２０２０．０１］
uploaded,新設,,C05G 5/18,,・・半固体肥料，例．泡状またはゲル状［２０２０．０１］
uploaded,新設,,C05G 5/02,,・液体肥料（層状またはコーティングされたものＣ０５Ｇ５／３０；マトリックスに組み込まれたものＣ０５Ｇ５／４０）［２０２０．０１］
uploaded,新設,,C05G 5/23,,・・溶液［２０２０．０１］
uploaded,新設,,C05G 5/27,,・・分散液，例．懸濁液または乳濁液［２０２０．０１］
uploaded,新設,,C05G 5/03,,・層状または被覆されたもの，例．防塵被覆［２０２０．０１］
uploaded,新設,,C05G 5/35,,・・カプセル状，例．コアシェル［２０２０．０１］
uploaded,新設,,C05G 5/04,,・マトリックスに組み込まれた肥料［２０２０．０１］
uploaded,新設,,C07C 68/01,,・一酸化炭素および酸素からの［２０２０．０１］
uploaded,新設,,C07C 68/065,,・・アルキレンカーボネートからの［２０２０．０１］
uploaded,新設,,C08J 7/043,,・・被覆それ自体の接着性を向上するもの，例．プライマーを形成するもの（ポリマー担体と接着剤との間のプライマーに特徴のある膜または箔の形状のものＣ０９Ｊ７／５０）［２０２０．０１］
uploaded,新設,,C08J 7/043 A,,基材を特定したもの
uploaded,新設,,C08J 7/043 B,,写真・磁気材料用
uploaded,新設,,C08J 7/043 Z,,その他
uploaded,新設,,C08J 7/044,,・・導電性被覆を形成するもの；帯電防止性を持つ被覆を形成するもの［２０２０．０１］
uploaded,新設,,C08J 7/046,,・・耐摩耗性被覆を形成するもの；表面硬化被覆を形成するもの［２０２０．０１］
uploaded,新設,,C08J 7/046 A,,被覆材を特定したもの
uploaded,新設,,C08J 7/046 B,,・Ｓｉ含有系
uploaded,新設,,C08J 7/046 C,,・メチロールメラミン系
uploaded,新設,,C08J 7/046 Z,,その他
uploaded,新設,,C08J 7/048,,・・ガスバリア性被覆を形成するもの［２０２０．０１］
uploaded,新設,,C08J 7/05,,・・難燃性被覆または耐火性被覆を形成するもの［２０２０．０１］
uploaded,新設,,C08J 7/052,,・・ヒートシール性被覆を形成するもの［２０２０．０１］
uploaded,新設,,C08J 7/054,,・・防曇または防滴性被覆を形成するもの［２０２０．０１］
uploaded,新設,,C08J 7/056,,・・親水性被覆を形成するもの［２０２０．０１］
uploaded,新設,,C12C 1/027,,・発芽［２００６．０１］
uploaded,新設,,C12C 1/027 A,,単一床または多段床におけるもの［６］
uploaded,新設,,C12C 1/027 Z,,その他のもの［６］
uploaded,新設,,C12C 1/033,,・・ボックスまたはドラムにおける［２００６．０１］
uploaded,新設,,C12C 1/047,,・・化学的または物理的手段により発芽に影響を与えるもの［２００６．０１］
uploaded,新設,,C12C 1/053,,・・・放射または電気的処理によるもの［２００６．０１］
uploaded,新設,,C12C 1/067,,・乾燥［２００６．０１］
uploaded,新設,,C12C 1/067 A,,単一床または多段床におけるもの［６］
uploaded,新設,,C12C 1/067 Z,,その他のもの［６］
uploaded,新設,,C12C 1/073,,・・とくにエネルギ節約に適合する方法または装置［２００６．０１］
uploaded,新設,,C12C 1/125,,・浸潤，発芽または乾燥のための継続的または準継続的方法［２００６．０１］
uploaded,新設,,C12C 1/13,,・・穀粒の垂直移送をするもの［２００６．０１］
uploaded,新設,,C12C 1/135,,・・穀粒の水平移送をするもの［２００６．０１］
uploaded,新設,,C12C 1/15,,・穀粒または麦芽の形成装置，供給装置または放出装置［２００６．０１］
uploaded,新設,,C12C 3/00 A,,ホップ抽出
uploaded,新設,,C12C 3/00 Z,,その他のもの
uploaded,新設,,C12C 3/06,,・・ホップからの粉末またはペレット［２００６．０１］
uploaded,新設,,C12C 3/08,,・・ホップから溶剤抽出［２００６．０１］
uploaded,新設,,C12C 3/01,,・・・炭酸ガスを用いるもの［２００６．０１］
uploaded,新設,,C12C 3/12,,・・ホップからの異性化生成物［２００６．０１］
uploaded,新設,,C12C 7/00 A,,水と麦芽の混合
uploaded,新設,,C12C 7/00 B,,ビール麦汁の処理
uploaded,新設,,C12C 7/00 Z,,その他のもの
uploaded,新設,,C12C 7/01,,・麦芽の前処理，例．麦芽製粉［２００６．０１］
uploaded,新設,,C12C 7/047,,・・仕込糖化液の一部分が麦芽でない穀物の仕込糖化液であるもの［２００６．０１］
uploaded,新設,,C12C 7/053,,・・仕込糖化液の一部分が穀物材料でないもの［２００６．０１］
uploaded,新設,,C12C 7/165,,・・・仕込糖化液ろ過における［２００６．０１］
uploaded,新設,,C12C 7/17,,・・・麦芽汁ろ過機における［２００６．０１］
uploaded,新設,,C12C 7/175,,・・遠心分離による［２００６．０１］
uploaded,新設,,C12C 7/02,,・・ビール麦汁の煮沸（醸造がまＣ１２Ｃ１３／０２）［２００６．０１］
uploaded,新設,,C12C 7/22,,・・・エネルギ節約または回復のために特に適用される方法または装置［２００６．０１］
uploaded,新設,,C12C 7/24,,・ホップ煮沸と冷却の間のビール麦汁の清澄化［２００６．０１］
uploaded,新設,,C12C 7/26,,・ビール麦汁の冷却；冷却中または冷却後のビール麦汁の清澄化［２００６．０１］
uploaded,新設,,C12C 7/28,,・後処理［２００６．０１］
uploaded,新設,,C12C 11/00 A,,ビール麦汁の発酵
uploaded,新設,,C12C 11/00 Z,,その他のもの
uploaded,新設,,C12C 11/07,,・継続的発酵［２００６．０１］
uploaded,新設,,C12C 11/09,,・固定酵母による発酵［２００６．０１］
uploaded,新設,,C12C 11/11,,・発酵後処理，例．炭酸化作用または濃縮（発酵後にアルコール含量を減少させる方法Ｃ１２Ｈ３／００；発酵後にアルコール含量を増加させる方法Ｃ１２Ｈ６／００）［２０１９．０１］
uploaded,新設,,C12C 12/00,,特別の種類のビールの製造に特に適した方法［２００６．０１］
uploaded,新設,,C12C 12/02,,・低カロリーのビール（Ｃ１２Ｃ１２／０４が優先）［２００６．０１］
uploaded,新設,,C12C 12/04,,・低アルコールのビール（発酵後にアルコール含量を減少させる方法Ｃ１２Ｈ３／００）［２００６．０１］
uploaded,新設,,C12C 13/02 A,,蒸気で加熱されるもの
uploaded,新設,,C12C 13/02 Z,,その他のもの
uploaded,新設,,C12C 13/08,,・・内部に配置した加熱部材を有するもの［２００６．０１］
uploaded,新設,,C12C 13/01,,・家庭ビール醸造設備［２００６．０１］
uploaded,新設,,C12G 1/022,,・・発酵；微生物学的処理または酵素処理［２００６．０１］
uploaded,新設,,C12G 1/024,,・・・水平に取付けた円筒状容器における（Ｃ１２Ｇ１／０２６が優先）［２００６．０１］
uploaded,新設,,C12G 1/026,,・・・内容物混合用可動設備を有する容器における［２００６．０１］
uploaded,新設,,C12G 1/028,,・・・ぶどうまたはぶどう液の熱処理をするもの［２００６．０１］
uploaded,新設,,C12G 1/032,,・・・ポンプ抽出のためぶどう液を再流通させるもの［２００６．０１］
uploaded,新設,,C12G 1/036,,・・・家庭ぶどう酒製造容器の使用によるもの［２００６．０１］
uploaded,新設,,C12G 1/067,,・・継続的方法［２００６．０１］
uploaded,新設,,C12G 1/073,,・・固定酵母による発酵［２００６．０１］
uploaded,新設,,C12G 1/09,,・・びんの撹拌，遠心分離または振動［２００６．０１］
uploaded,新設,,C12G 1/01,,・ぶどう酒の脱酸［２００６．０１］
uploaded,新設,,C12G 1/12,,・粗酒石の沈澱を防ぐ方法［２００６．０１］
uploaded,新設,,C12G 1/14,,・低アルコールのぶどう酒または発泡性ぶどう酒の調製（発酵後にアルコール含量を減少させる方法Ｃ１２Ｈ３／００）［２０１９．０１］
uploaded,新設,,C12G 3/005,,・固体またはペースト状のアルコール飲料を形成するための組成物［２０１９．０１］
uploaded,新設,,C12G 3/021,,・・イネ科の植物，例．小麦，キビ，モロコシ，大麦，ライ麦またはトウモロコシ，の発酵によるもの［２０１９．０１］
uploaded,新設,,C12G 3/022,,・・・オリザ属の植物，例．米，の発酵によるもの［２０１９．０１］
uploaded,新設,,C12G 3/022 119,,・・・・清酒
uploaded,新設,,C12G 3/022 119 A,,原料または清酒用添加物，例．除仕込用原料または菌類
uploaded,新設,,C12G 3/022 119 B,,原料処理
uploaded,新設,,C12G 3/022 119 C,,・蒸煮の前処理または調質，例．原料水の処理
uploaded,新設,,C12G 3/022 119 D,,・蒸煮
uploaded,新設,,C12G 3/022 119 E,,・冷却または蒸米の搬送
uploaded,新設,,C12G 3/022 119 F,,製麹または麹菌
uploaded,新設,,C12G 3/022 119 G,,酒母または酵母（酒母用暖気槽Ｃ１２Ｇ３／０２２，１９９Ｎ）
uploaded,新設,,C12G 3/022 119 H,,仕込み原料及びその割合
uploaded,新設,,C12G 3/022 119 J,,発酵方法または発酵条件
uploaded,新設,,C12G 3/022 119 K,,発酵装置，例．付属装置
uploaded,新設,,C12G 3/022 119 L,,・発酵タンクまたは発酵槽（Ｃ１２Ｇ３／０２２，１９９Ｍ～Ｃ１２Ｇ３／０２２，１９９Ｒが優先）
uploaded,新設,,C12G 3/022 119 M,,・撹拌または汲みかけ
uploaded,新設,,C12G 3/022 119 N,,・加熱，冷却手段による温度制御，例．酒母用暖気槽
uploaded,新設,,C12G 3/022 119 P,,・消泡
uploaded,新設,,C12G 3/022 119 Q,,蓋及びその密閉，泡笠
uploaded,新設,,C12G 3/022 119 R,,・連続装置
uploaded,新設,,C12G 3/022 119 S,,発酵後の処理（香味改良Ｃ１２Ｇ３／０６）
uploaded,新設,,C12G 3/022 119 T,,・圧搾または濾過
uploaded,新設,,C12G 3/022 119 U,,・清澄化，おり下げ（火入れＣ１２Ｇ３／０２２，１９９Ｓ）
uploaded,新設,,C12G 3/022 119 V,,酒粕（粕はぎＣ１２Ｇ３／０２２，１９９Ｔ）
uploaded,新設,,C12G 3/022 119 Z,,その他のもの
uploaded,新設,,C12G 3/023,,・・ナス科の植物，例．じゃがいも，の発酵によるもの［２０１９．０１］
uploaded,新設,,C12G 3/024,,・・ブドウ属の植物以外の果実の発酵によるもの［２０１９．０１］
uploaded,新設,,C12G 3/025,,・・低アルコール飲料（発酵後にアルコール含量を減少させる方法Ｃ１２Ｈ３／００）［２０１９．０１］
uploaded,新設,,C12G 3/026,,・・発酵前または発酵中に添加された健康増進成分，例．フラボノイド，フラボン，ポリフェノールまたは多糖類，を有するもの；発酵前または発酵中に添加された香気成分を有するもの［２０１９．０１］
uploaded,新設,,C12G 3/05,,・・健康増進成分，例．フラボノイド，フラボン，ポリフェノールまたは多糖類，を有するもの［２０１９．０１］
uploaded,新設,,C12G 3/055,,・・・植物から抽出されたもの［２０１９．０１］
uploaded,新設,,C12G 3/07,,・・・木材抽出物，例．木材との接触で発生するもの，による香気添加；そのための木材の前処理［２００６．０１］
uploaded,新設,,C12H 3/00,,低アルコール飲料または非アルコール飲料を得るための発酵液またはアルコール飲料のアルコール含量を減少させる方法［２０１９．０１］
uploaded,新設,,C12H 3/02,,・蒸発によるもの［２０１９．０１］
uploaded,新設,,C12H 3/04,,・半透過膜を用いるもの［２０１９．０１］
uploaded,新設,,C12H 6/00,,発酵液またはアルコール飲料のアルコール含量を増加させる方法［２０１９．０１］
uploaded,新設,,C12H 6/02,,・蒸留によるもの［２０１９．０１］
uploaded,新設,,C12H 6/04,,・凍結によるもの［２０１９．０１］
uploaded,新設,,D06F 33/03,,・制御目的又は制御対象に特徴がある洗濯機の制御（洗濯乾燥機の工程の制御Ｄ０６Ｆ３３／５０）［２０２０．０１］
uploaded,新設,,D06F 33/32,,・・運転工程の制御，例．衣類の状態に応じた運転工程の最適化又は改良［２０２０．０１］
uploaded,新設,,D06F 33/34,,・・・給水に関するもの［２０２０．０１］
uploaded,新設,,D06F 33/36,,・・・洗いに関するもの［２０２０．０１］
uploaded,新設,,D06F 33/37,,・・・洗剤又は添加剤の計量に関するもの［２０２０．０１］
uploaded,新設,,D06F 33/38,,・・・すすぎに関するもの［２０２０．０１］
uploaded,新設,,D06F 33/04,,・・・衣類の遠心脱水に関するもの［２０２０．０１］
uploaded,新設,,D06F 33/42,,・・・排水に関するもの［２０２０．０１］
uploaded,新設,,D06F 33/43,,・・洗濯機の部品，例．槽，の洗浄又は殺菌の制御［２０２０．０１］
uploaded,新設,,D06F 33/44,,・・運転時間の制御，例．全体的な運転時間の短縮［２０２０．０１］
uploaded,新設,,D06F 33/46,,・・エネルギ又は水の消費量の制御［２０２０．０１］
uploaded,新設,,D06F 33/47,,・・異常な動作状態，例．ポンプの故障，への対応（安全装置Ｄ０６Ｆ３７／４２）［２０２０．０１］
uploaded,新設,,D06F 33/48,,・・アンバランス又は騒音の防止又は低減［２０２０．０１］
uploaded,新設,,D06F 33/05,,・制御目的又は制御対象により特徴づけられる洗濯乾燥機の制御［２０２０．０１］
uploaded,新設,,D06F 33/52,,・・運転工程の制御，例．衣類の状態に応じた運転工程の最適化又は改良［２０２０．０１］
uploaded,新設,,D06F 33/54,,・・・給水に関するもの［２０２０．０１］
uploaded,新設,,D06F 33/56,,・・・洗いに関するもの［２０２０．０１］
uploaded,新設,,D06F 33/57,,・・・洗剤又は添加剤の計量に関するもの［２０２０．０１］
uploaded,新設,,D06F 33/58,,・・・すすぎに関するもの［２０２０．０１］
uploaded,新設,,D06F 33/06,,・・・衣類の遠心脱水に関するもの［２０２０．０１］
uploaded,新設,,D06F 33/62,,・・・排水に関するもの［２０２０．０１］
uploaded,新設,,D06F 33/63,,・・・気流に関するもの，例．衣類の絡まり防止のための洗い工程中の空気吹き込み［２０２０．０１］
uploaded,新設,,D06F 33/64,,・・・・非加熱空気［２０２０．０１］
uploaded,新設,,D06F 33/65,,・・・コンディショニング又は仕上げ段階に関するもの，例．しわの平滑化又は除去［２０２０．０１］
uploaded,新設,,D06F 33/68,,・・・洗濯工程及び乾燥工程の移行に関するもの［２０２０．０１］
uploaded,新設,,D06F 33/69,,・・洗濯機の部品，例．槽，の洗浄又は殺菌の制御［２０２０．０１］
uploaded,新設,,D06F 33/07,,・・運転時間の制御，例．全体的な運転時間の短縮［２０２０．０１］
uploaded,新設,,D06F 33/72,,・・エネルギ又は水の消費量の制御［２０２０．０１］
uploaded,新設,,D06F 33/74,,・・異常な動作状態，例．ポンプの故障，への対応（安全装置Ｄ０６Ｆ３７／４２）［２０２０．０１］
uploaded,新設,,D06F 33/76,,・・アンバランス又は騒音の，防止又は低減［２０２０．０１］
uploaded,新設,,D06F 34/00,,洗濯機，洗濯乾燥機又は衣類乾燥機のための制御システムの細部［２０２０．０１］
uploaded,新設,,D06F 34/04,,・信号伝達装置又はデータ伝送装置［２０２０．０１］
uploaded,新設,,D06F 34/05,,・・部品間の無線通信のためのもの，例．遠隔監視又は遠隔制御のためのもの［２０２０．０１］
uploaded,新設,,D06F 34/06,,・時間に関するもの［２０２０．０１］
uploaded,新設,,D06F 34/08,,・制御回路又は制御装置自体［２０２０．０１］
uploaded,新設,,D06F 34/01,,・電源装置，例．待機電源のための回路［２０２０．０１］
uploaded,新設,,D06F 34/14,,・特定パラメータの検出又は測定のための装置［２０２０．０１］
uploaded,新設,,D06F 34/16,,・・アンバランス［２０２０．０１］
uploaded,新設,,D06F 34/18,,・・衣類の状態，例．性質又は重量［２０２０．０１］
uploaded,新設,,D06F 34/02,,・・構造的要素に起因するパラメータ，例．ドアセンサ［２０２０．０１］
uploaded,新設,,D06F 34/22,,・・洗濯液の状態，例．濁度［２０２０．０１］
uploaded,新設,,D06F 34/24,,・・・液温［２０２０．０１］
uploaded,新設,,D06F 34/26,,・・乾燥用空気の状態，例．空気の湿度又は温度［２０２０．０１］
uploaded,新設,,D06F 34/28,,・運転プログラム選択のための装置，例．そのための制御パネル；運転プログラムパラメータ，例．運転プログラムの選択又は運転プログラムの進行状況，を表示する装置［２０２０．０１］
uploaded,新設,,D06F 34/03,,・・機械的構成，例．ボタン又は回転式ダイアル，に特徴のあるもの［２０２０．０１］
uploaded,新設,,D06F 34/32,,・・グラフィックに関する構成，例．タッチスクリーン，に特徴のあるもの［２０２０．０１］
uploaded,新設,,D06F 34/34,,・・取り付け部分，例．取り外し可能な制御パネル又は取り外し可能な表示パネル，に特徴のあるもの［２０２０．０１］
uploaded,新設,,D06F 58/03,,・乾燥工程（家庭用衣類乾燥機における一連の操作の制御Ｄ０６Ｆ５８／３２）［２０２０．０１］
uploaded,新設,,D06F 58/32,,・家庭用衣類乾燥機で実行される運転の制御（制御システムの細部，例．特定パラメータの検出又は測定，又はプログラムの選択又は指示のためのものＤ０６Ｆ３４／００；洗濯乾燥機で実行される操作の制御Ｄ０６Ｆ３３／５０）［２０２０．０１］
uploaded,新設,,D06F 58/34,,・・制御目的又は制御対象に特徴があるもの［２０２０．０１］
uploaded,新設,,D06F 58/36,,・・・運転工程の制御，例．衣類の状態に応じた運転工程の最適化又は改良［２０２０．０１］
uploaded,新設,,D06F 58/38,,・・・・乾燥工程に関するもの，例．目標湿度の達成［２０２０．０１］
uploaded,新設,,D06F 58/04,,・・・・・乾燥室を運転温度に初期加熱する制御［２０２０．０１］
uploaded,新設,,D06F 58/42,,・・・・・非加熱空気によるもの［２０２０．０１］
uploaded,新設,,D06F 58/44,,・・・・コンディショニング又は仕上げ段階に関するもの，例．しわの平滑化又は除去［２０２０．０１］
uploaded,新設,,D06F 58/45,,・・・機械部品，例．熱交換又はフィルタ，の清掃又は殺菌［２０２０．０１］
uploaded,新設,,D06F 58/46,,・・・運転時間の制御［２０２０．０１］
uploaded,新設,,D06F 58/48,,・・・エネルギ消費量の制御［２０２０．０１］
uploaded,新設,,D06F 58/05,,・・・異常な動作状態，例．ブロワの故障，の対応［２０２０．０１］
uploaded,新設,,D06F 58/52,,・・・騒音の防止又は低減［２０２０．０１］
uploaded,新設,,D06F 101:00,,家庭用洗濯機，洗濯乾燥機又は衣類乾燥機の制御のためにユーザが入力するもの［２０２０．０１］
uploaded,新設,,D06F 101:02,,・衣類又は負荷の特徴［２０２０．０１］
uploaded,新設,,D06F 101:04,,・・量，例．重量［２０２０．０１］
uploaded,新設,,D06F 101:06,,・・種類又は素材［２０２０．０１］
uploaded,新設,,D06F 101:10,,・回転速度［２０２０．０１］
uploaded,新設,,D06F 101:12,,・洗濯温度［２０２０．０１］
uploaded,新設,,D06F 101:14,,・時間設定［２０２０．０１］
uploaded,新設,,D06F 101:16,,・乾燥工程のための目標湿度，例．強乾燥サイクル［２０２０．０１］
uploaded,新設,,D06F 101:18,,・乾燥工程のための目標温度，例．低温サイクル［２０２０．０１］
uploaded,新設,,D06F 101:20,,・運転モード，例．繊細な衣類を洗濯するプログラム，点検モード又はリフレッシュサイクル［２０２０．０１］
uploaded,新設,,D06F 103:00,,家庭用洗濯機，洗濯乾燥機又は衣類乾燥機の制御のために監視又は検出されるパラメータ［２０２０．０１］
uploaded,新設,,D06F 103:02,,・衣類又は負荷の特徴［２０２０．０１］
uploaded,新設,,D06F 103:04,,・・量，例．重量又は重量の変動［２０２０．０１］
uploaded,新設,,D06F 103:06,,・・種類又は素材［２０２０．０１］
uploaded,新設,,D06F 103:08,,・・湿度［２０２０．０１］
uploaded,新設,,D06F 103:10,,・・・容量値又は抵抗値を用いるもの［２０２０．０１］
uploaded,新設,,D06F 103:12,,・・温度［２０２０．０１］
uploaded,新設,,D06F 103:14,,・洗濯液の供給，再循環又は排水［２０２０．０１］
uploaded,新設,,D06F 103:16,,・洗濯液の温度［２０２０．０１］
uploaded,新設,,D06F 103:18,,・洗濯液の水位［２０２０．０１］
uploaded,新設,,D06F 103:20,,・洗濯液の状態，例．濁度［２０２０．０１］
uploaded,新設,,D06F 103:22,,・・洗剤又は添加剤の構成［２０２０．０１］
uploaded,新設,,D06F 103:24,,・回転速度；ドラムの動作［２０２０．０１］
uploaded,新設,,D06F 103:26,,・アンバランス；騒音レベル［２０２０．０１］
uploaded,新設,,D06F 103:28,,・空気の特性［２０２０．０１］
uploaded,新設,,D06F 103:30,,・・圧力［２０２０．０１］
uploaded,新設,,D06F 103:32,,・・温度［２０２０．０１］
uploaded,新設,,D06F 103:34,,・・湿度［２０２０．０１］
uploaded,新設,,D06F 103:36,,・・流量又は流速［２０２０．０１］
uploaded,新設,,D06F 103:38,,・時間，例．期間［２０２０．０１］
uploaded,新設,,D06F 103:40,,・ドアの開閉又は施錠状態［２０２０．０１］
uploaded,新設,,D06F 103:42,,・フィルタ又はポンプに関連するもの［２０２０．０１］
uploaded,新設,,D06F 103:44,,・電流又は電圧［２０２０．０１］
uploaded,新設,,D06F 103:46,,・・ドラムを駆動する電動機に関するもの［２０２０．０１］
uploaded,新設,,D06F 103:48,,・・ポンプを駆動する電動機に関するもの［２０２０．０１］
uploaded,新設,,D06F 103:50,,・ヒートポンプに関連するもの，例．圧力又は流量［２０２０．０１］
uploaded,新設,,D06F 103:52,,・電気式加熱手段に関連するもの，例．温度又は電圧［２０２０．０１］
uploaded,新設,,D06F 103:54,,・ブロワ又はファンに関連するもの［２０２０．０１］
uploaded,新設,,D06F 103:56,,・ダクトに関するもの，例．切換弁の位置［２０２０．０１］
uploaded,新設,,D06F 103:58,,・凝縮に関するもの，例．凝縮水の水位［２０２０．０１］
uploaded,新設,,D06F 103:60,,・補助的なコンディショニング又は仕上げ剤に関連するもの，例．香料タンクの充填水位［２０２０．０１］
uploaded,新設,,D06F 103:62,,・・コンディショニング又は仕上げに使用される水又は蒸気用システムに関するもの［２０２０．０１］
uploaded,新設,,D06F 103:64,,・照射，例．マイクロ波［２０２０．０１］
uploaded,新設,,D06F 103:66,,・・乾燥による以外の衣類の処理のためのもの，例．紫外線光を用いるもの［２０２０．０１］
uploaded,新設,,D06F 103:68,,・運転モード；運転工程［２０２０．０１］
uploaded,新設,,D06F 103:70,,・運転サイクルの数［２０２０．０１］
uploaded,新設,,D06F 105:00,,洗濯機，洗濯乾燥機又は衣類乾燥機の制御システムにより制御又は影響を受けるシステム又はパラメータ［２０２０．０１］
uploaded,新設,,D06F 105:02,,・給水［２０２０．０１］
uploaded,新設,,D06F 105:04,,・・温水入口と冷水入口とが分離されているもの［２０２０．０１］
uploaded,新設,,D06F 105:06,,・洗濯液の再循環，例．ポンプ又は切換弁によるもの［２０２０．０１］
uploaded,新設,,D06F 105:08,,・洗濯液の排水［２０２０．０１］
uploaded,新設,,D06F 105:10,,・洗濯液の温度；そのための加熱手段［２０２０．０１］
uploaded,新設,,D06F 105:12,,・衣類の湿度又は乾燥度［２０２０．０１］
uploaded,新設,,D06F 105:14,,・衣類の温度［２０２０．０１］
uploaded,新設,,D06F 105:16,,・空気の特性［２０２０．０１］
uploaded,新設,,D06F 105:18,,・・圧力［２０２０．０１］
uploaded,新設,,D06F 105:20,,・・温度［２０２０．０１］
uploaded,新設,,D06F 105:22,,・・湿度［２０２０．０１］
uploaded,新設,,D06F 105:24,,・・流量又は流速［２０２０．０１］
uploaded,新設,,D06F 105:26,,・ヒートポンプ［２０２０．０１］
uploaded,新設,,D06F 105:28,,・電気式加熱手段［２０２０．０１］
uploaded,新設,,D06F 105:30,,・ブロワ［２０２０．０１］
uploaded,新設,,D06F 105:32,,・気流制御手段［２０２０．０１］
uploaded,新設,,D06F 105:34,,・フィルタ，例．糸くず除去装置の制御［２０２０．０１］
uploaded,新設,,D06F 105:36,,・凝縮装置，例．そのための水の注入の制御［２０２０．０１］
uploaded,新設,,D06F 105:38,,・コンディショニング又は仕上げ，例．香料の注入の制御［２０２０．０１］
uploaded,新設,,D06F 105:40,,・・水又は蒸気を用いるもの［２０２０．０１］
uploaded,新設,,D06F 105:42,,・洗剤又は添加剤の供給［２０２０．０１］
uploaded,新設,,D06F 105:44,,・ドアの開閉又は施錠［２０２０．０１］
uploaded,新設,,D06F 105:46,,・ドラムの速度；電動機の作動，例．起動又は中断［２０２０．０１］
uploaded,新設,,D06F 105:48,,・・ドラムの速度［２０２０．０１］
uploaded,新設,,D06F 105:50,,・起動運転，例．遅延始動又は停電後の再始動［２０２０．０１］
uploaded,新設,,D06F 105:52,,・運転工程の順序変更；追加運転工程の実行；運転工程の修正，例．工程の期間を延ばすもの［２０２０．０１］
uploaded,新設,,D06F 105:54,,・通常運転モードと特殊運転モード間での切替，例．点検モード，部品洗浄モード又は待機モード［２０２０．０１］
uploaded,新設,,D06F 105:56,,・残り運転時間；残り運転サイクル［２０２０．０１］
uploaded,新設,,D06F 105:58,,・制御システム又はユーザへの表示又は警報［２０２０．０１］
uploaded,新設,,D06F 105:60,,・・音［２０２０．０１］
uploaded,新設,,D06F 105:62,,・機械の動作の停止又は無効化［２０２０．０１］
uploaded,新設,,G01B 3/1003,,・・構造または素材に特徴があるもの；レイアウトまたはしるしの表示に特徴のあるもの［２０２０．０１］
uploaded,新設,,G01B 3/1005,,・・テープの巻き上げ，または巻き戻しを制御する手段［２０２０．０１］
uploaded,新設,,G01B 3/1007,,・・・固定する手段［２０２０．０１］
uploaded,新設,,G01B 3/102,,・・・制動する手段［２０２０．０１］
uploaded,新設,,G01B 3/1041,,・・ケーシングに特徴があるもの［２０２０．０１］
uploaded,新設,,G01B 3/1043,,・・・その内部構造の詳細，例．個別に成形されたケーシング半体を連結する手段［２０２０．０１］
uploaded,新設,,G01B 3/1046,,・・・その外部構造の詳細，例．確実によりしっかりと保持するための形状［２０２０．０１］
uploaded,新設,,G01B 3/1048,,・・・・取り付けるため，または保持するために，一体化された手段［２０２０．０１］
uploaded,新設,,G01B 3/1056,,・・テープの終端に設けられる工夫［２０２０．０１］
uploaded,新設,,G01B 3/1061,,・・測長結果の数値を表示するための，または数値の読み取りを支援するための手段［２０２０．０１］
uploaded,新設,,G01B 3/1069,,・・・電子的または機械的表示装置［２０２０．０１］
uploaded,新設,,G01B 3/1071,,・・巻尺を保持するための，または固定するための別個の手段［２０２０．０１］
uploaded,新設,,G01B 3/1084,,・・測長以外の機能を達成するための工夫が設けられたテープ［２０２０．０１］
uploaded,新設,,G01B 3/1089,,・・・マーキング，描画，または切断するためのもの［２０２０．０１］
uploaded,新設,,G01B 3/1092,,・・・測長と，少なくとも１つの性質の異なる他の測定を実施するためのもの，例．気泡式水準器［２０２０．０１］
uploaded,新設,,G01B 3/1094,,・・・情報を記録するための，または計算を実施するためのもの［２０２０．０１］
uploaded,新設,,G01L 5/101,,・・・可撓性部材に挿入されたセンサを用いるもの［２０２０．０１］
uploaded,新設,,G01L 5/102,,・・・可撓性部材の不断部分に取り付けられたセンサを用いるもの［２０２０．０１］
uploaded,新設,,G01L 5/103,,・・・可撓性部材の一端に固定されたセンサを用いるもの［２０２０．０１］
uploaded,新設,,G01L 5/105,,・・・電気光学的手段を用いるもの［２０２０．０１］
uploaded,新設,,G01L 5/106,,・・・片持ちばりに加えられる反力を測定するためのもの［２０２０．０１］
uploaded,新設,,G01L 5/107,,・・・二つの支持部材，例．複数のローラまたは滑り，間に配置された要素に加えられる反力を測定するためのもの［２０２０．０１］
uploaded,新設,,G01L 5/108,,・・・一つの支持部材，例．滑り，に配置された要素に加えられる反力を測定するためのもの［２０２０．０１］
uploaded,新設,,G01L 5/161,,・・オーム抵抗の変化を用いるもの［２０２０．０１］
uploaded,新設,,G01L 5/162,,・・・ピエゾ抵抗を用いるもの［２０２０．０１］
uploaded,新設,,G01L 5/1623,,・・・感圧導電体を用いるもの（ピエゾ抵抗を用いるものＧ０１Ｌ５／１６２）［２０２０．０１］
uploaded,新設,,G01L 5/1627,,・・・抵抗ストレンゲージを用いるもの（ピエゾ抵抗を用いるものＧ０１Ｌ５／１６２）［２０２０．０１］
uploaded,新設,,G01L 5/163,,・・・ポテンショメータを用いるもの［２０２０．０１］
uploaded,新設,,G01L 5/164,,・・インダクタンスの変化を用いるもの［２０２０．０１］
uploaded,新設,,G01L 5/165,,・・キャパシタンスの変化を用いるもの［２０２０．０１］
uploaded,新設,,G01L 5/166,,・・光電的手段を用いるもの［２０２０．０１］
uploaded,新設,,G01L 5/167,,・・圧電手段を用いるもの［２０２０．０１］
uploaded,新設,,G01L 5/168,,・・平衡力を用いるもの［２０２０．０１］
uploaded,新設,,G01L 5/169,,・・磁気的手段を用いるもの［２０２０．０１］
uploaded,新設,,G01L 5/171,,・・流体的手段を用いるもの［２０２０．０１］
uploaded,新設,,G01L 5/173,,・・音響的手段を用いるもの［２０２０．０１］
uploaded,新設,,G01R 31/05,,・短絡，導通，漏電または誤配線のための電気機器，導電線，ケーブルまたは構成要素の試験（スパークプラグの試験Ｈ０１Ｔ１３／５８）［２０２０．０１］
uploaded,新設,,G01R 31/52,,・・短絡，漏電または地絡のための試験［２０２０．０１］
uploaded,新設,,G01R 31/54,,・・導通のための試験［２０２０．０１］
uploaded,新設,,G01R 31/55,,・・誤配線のための試験［２０２０．０１］
uploaded,新設,,G01R 31/56,,・・電気機器の試験（変圧器の試験Ｇ０１Ｒ３１／６２，接続部の試験Ｇ０１Ｒ３１／６６）［２０２０．０１］
uploaded,新設,,G01R 31/58,,・・導電線，ケーブルまたは導体の試験（電気巻線の試験Ｇ０１Ｒ３１／７２）［２０２０．０１］
uploaded,新設,,G01R 31/59,,・・・ケーブルが試験装置を連続的に通過する間，例．製造中，の試験［２０２０．０１］
uploaded,新設,,G01R 31/06,,・・・多芯ケーブル中のワイヤの識別［２０２０．０１］
uploaded,新設,,G01R 31/62,,・・変圧器の試験［２０２０．０１］
uploaded,新設,,G01R 31/64,,・・キャパシタの試験［２０２０．０１］
uploaded,新設,,G01R 31/66,,・・接続部，例．プラグまたは切り離しのできないジョイント，の試験（誤配線のための試験Ｇ０１Ｒ３１／５５）［２０２０．０１］
uploaded,新設,,G01R 31/67,,・・・電気機器または回路内のワイヤ接続の正しさの試験［２０２０．０１］
uploaded,新設,,G01R 31/68,,・・・取外し可能な接続部，例．プリント回路基板上に取り付けられた端子，の試験［２０２０．０１］
uploaded,新設,,G01R 31/69,,・・・・ケーブルまたはワイヤハーネスの終端の端子の試験；プラグの試験；ソケット，例．壁付けソケットまたは電気機器における電源ソケット，の試験［２０２０．０１］
uploaded,新設,,G01R 31/07,,・・・構成要素とプリント回路基板との間の接続部の試験（Ｇ０１Ｒ３１／６８が優先）［２０２０．０１］
uploaded,新設,,G01R 31/71,,・・・・はんだ接合部の試験［２０２０．０１］
uploaded,新設,,G01R 31/72,,・・電気巻き線の試験（変圧器の試験Ｇ０１Ｒ３１／６２）［２０２０．０１］
uploaded,新設,,G01R 31/74,,・・ヒューズの試験［２０２０．０１］
uploaded,新設,,G01S 7/4861,,・・・・検出，サンプリング，積分，又は読み出しのための回路［２０２０．０１］
uploaded,新設,,G01S 7/4863,,・・・・・検出器アレイ，例．電荷転送ゲート［２０２０．０１］
uploaded,新設,,G01S 7/4865,,・・・・遅延時間測定，例．飛行時間測定，到達時間測定，又は正確なピーク位置の決定（雑音中のピーク検出、信号調整はＧ０１Ｓ　７／４８７）［２０２０．０１］
uploaded,新設,,G01S 7/4911,,・・・送信機［２０２０．０１］
uploaded,新設,,G01S 7/4912,,・・・受信機［２０２０．０１］
uploaded,新設,,G01S 7/4913,,・・・・検出，サンプリング，積分，又は読み出しのための回路［２０２０．０１］
uploaded,新設,,G01S 7/4914,,・・・・・検出器アレイ，例．電荷転送ゲート［２０２０．０１］
uploaded,新設,,G01S 7/4915,,・・・・遅延時間測定，例．画素構成要素の操作の細部（信号抽出及び調整はＧ０１Ｓ　７／４９３）；位相測定［２０２０．０１］
uploaded,新設,,G01S 13/931,,・・・陸上車両のもの［２０２０．０１］
uploaded,新設,,G01S 13/933,,・・・航空機又は宇宙機のもの［２０２０．０１］
uploaded,新設,,G01S 13/934,,・・・・空港地表でのもの，例．地上走行中のもの［２０２０．０１］
uploaded,新設,,G01S 13/935,,・・・・地形回避用のもの［２０２０．０１］
uploaded,新設,,G01S 13/937,,・・・船舶のもの［２０２０．０１］
uploaded,新設,,G01S 15/86,,・ソナー方式とライダー方式との組合せ；ソナー方式と波の反射を用いないシステムとの組合せ［２０２０．０１］
uploaded,新設,,G01S 15/931,,・・・陸上車両のもの［２０２０．０１］
uploaded,新設,,G01S 17/04,,・・対象物の存在を決定する方式［２０２０．０１］
uploaded,新設,,G01S 17/14,,・・・・・パルス送信およびエコー受信のそれぞれに従って電圧パルスまたは電流パルスを始動および終止させるもの，例．計数器を使用するもの［２０２０．０１］
uploaded,新設,,G01S 17/18,,・・・・・距離ゲートを使用するもの［２０２０．０１］
uploaded,新設,,G01S 17/26,,・・・・・周波数変調または位相変調搬送波からなる送信パルスを使用するもの，例．受信信号のパルス圧縮のためのもの［２０２０．０１］
uploaded,新設,,G01S 17/34,,・・・・・周波数変調連続波を送信するとともに，受信信号，またはそれから導かれる信号を，同時に送信された信号に関連する局部発生信号とヘテロダインするもの［２０２０．０１］
uploaded,新設,,G01S 17/86,,・ライダー方式と，ライダー，レーダ，ソナー以外の方式，例．方位測定機，との組合せ［２０２０．０１］
uploaded,新設,,G01S 17/875,,・・姿勢を決定するためのもの［２０２０．０１］
uploaded,新設,,G01S 17/894,,・・・２次元アレイの受信機画素での飛行時間の同時測定による３次元イメージング，例．飛行時間カメラ，又はフラッシュライダー［２０２０．０１］
uploaded,新設,,G01S 17/09,,・・・合成開口技術を使用するもの［２０２０．０１］
uploaded,新設,,G01S 17/931,,・・・陸上車両のもの［２０２０．０１］
uploaded,新設,,G01S 17/933,,・・・航空機又は宇宙機のもの［２０２０．０１］
uploaded,新設,,G02B 30/00,,３次元［３Ｄ］効果，例．立体視画像，を生ずる光学系または装置（顕微鏡Ｇ０２Ｂ２１／２２）［２０２０．０１］
uploaded,新設,,G02B 30/01,,・インテグラルイメージング法を用いるもの［２０２０．０１］
uploaded,新設,,G02B 30/02,,・第一と第二の視差画像を観察者の左目と右目に提供することによるもの［２０２０．０１］
uploaded,新設,,G02B 30/22,,・・立体視型のもの［２０２０．０１］
uploaded,新設,,G02B 30/23,,・・・波長分離，例．アナグリフ技術，を用いるもの［２０２０．０１］
uploaded,新設,,G02B 30/24,,・・・時間的多重化，例．順次作動する左と右のシャッターを用いるもの，に関するもの［２０２０．０１］
uploaded,新設,,G02B 30/25,,・・・偏光技術を用いるもの［２０２０．０１］
uploaded,新設,,G02B 30/26,,・・裸眼立体視型のもの［２０２０．０１］
uploaded,新設,,G02B 30/27,,・・・レンチキュラーアレイを含むもの［２０２０．０１］
uploaded,新設,,G02B 30/28,,・・・・アクティブレンチキュラーアレイを含むもの［２０２０．０１］
uploaded,新設,,G02B 30/29,,・・・・レンチキュラーアレイに幾何学的特徴，例．傾斜アレイ，不規則的なアレイまたは様々な形状もしくは大きさのアレイ，があるもの［２０２０．０１］
uploaded,新設,,G02B 30/03,,・・・視差バリアを含むもの［２０２０．０１］
uploaded,新設,,G02B 30/31,,・・・・アクティブ視差バリアを含むもの（指向性の光源またはバックライトを含むものＧ０２Ｂ３０／３３）［２０２０．０１］
uploaded,新設,,G02B 30/32,,・・・・視差バリアに幾何学的特徴，例．互い違いのバリア，傾斜した視差アレイまたは様々な形状もしくは大きさの視差アレイ，があるもの［２０２０．０１］
uploaded,新設,,G02B 30/33,,・・・指向性の光源またはバックライトを含むもの［２０２０．０１］
uploaded,新設,,G02B 30/34,,・・対象物の視差画像の立体視的なペアを提供するステレオスコープ，例．３Ｄスライドビュアー［２０２０．０１］
uploaded,新設,,G02B 30/35,,・・・画像と観察者との間の光路に反射光学要素を用いるもの［２０２０．０１］
uploaded,新設,,G02B 30/36,,・・・画像と観察者との間の光路に屈折光学要素，例．プリズム，を用いるもの［２０２０．０１］
uploaded,新設,,G02B 30/37,,・・・折りたたみ可能なステレオスコープ［２０２０．０１］
uploaded,新設,,G02B 30/04,,・単一の二次元［２Ｄ］画像の観察者に奥行き感を与えるもの［２０２０．０１］
uploaded,新設,,G02B 30/05,,・３Ｄ体積上に分布する画像要素，例．ボクセル，から作られる画像［２０２０．０１］
uploaded,新設,,G02B 30/52,,・・２Ｄ平面の積層体または連続体から構成される３Ｄ体積，例．奥行き標本化システム［２０２０．０１］
uploaded,新設,,G02B 30/54,,・・２Ｄ表面を動かすことにより，例．２Ｄ表面を振動または回転することにより，生成される３Ｄ体積［２０２０．０１］
uploaded,新設,,G02B 30/56,,・・空中のまたは浮遊する画像を投影することによるもの［２０２０．０１］
uploaded,新設,,G02B 30/06,,・反射プリズムと反射鏡のみを含むもの［２０２０．０１］
uploaded,新設,,G06F 40/00,,自然言語データの取扱い（音声分析または音声合成，音声認識Ｇ１０Ｌ）［２０２０．０１］
uploaded,新設,,G06F 40/01,,・テキスト処理（自然言語解析Ｇ０６Ｆ４０／２０；セマンティック解析Ｇ０６Ｆ４０／３０；自然言語の処理または翻訳Ｇ０６Ｆ４０／４０）［２０２０．０１］
uploaded,新設,,G06F 40/103,,・・フォーマッティング，すなわちドキュメントのプレゼンテーションを変更するもの（自動行揃えＧ０６Ｆ４０／１８９；自動ハイフン付けＧ０６Ｆ４０／１９１）［２０２０．０１］
uploaded,新設,,G06F 40/106,,・・・ドキュメントのレイアウト表示；プレビュー［２０２０．０１］
uploaded,新設,,G06F 40/109,,・・・フォントの取扱い；時間的または動的タイポグラフィ［２０２０．０１］
uploaded,新設,,G06F 40/111,,・・・数学または科学的，下付き文字，上付き文字［２０２０．０１］
uploaded,新設,,G06F 40/114,,・・・ページネーション［２０２０．０１］
uploaded,新設,,G06F 40/117,,・・・タグ付け；マーキングアップ（マークアップ言語の細部Ｇ０６Ｆ４０／１４３）；ブロックの指定；属性の設定（スタイルシート，例えば拡張型スタイルシート言語変換［ＸＳＬＴ］，Ｇ０６Ｆ４０／１５４）［２０２０．０１］
uploaded,新設,,G06F 40/12,,・・文字で表現されたエンティティの取扱いのための符号の使用［２０２０．０１］
uploaded,新設,,G06F 40/123,,・・・ストレージ［２０２０．０１］
uploaded,新設,,G06F 40/126,,・・・文字符号化［２０２０．０１］
uploaded,新設,,G06F 40/129,,・・・・非ラテン語文字の取扱い，例．仮名から漢字への変換［２０２０．０１］
uploaded,新設,,G06F 40/131,,・・・テキストファイルの断片化，例．再使用可能なテキストブロックの生成；断片へのリンク，例．Ｘインクルードの使用；ネームスペース［２０２０．０１］
uploaded,新設,,G06F 40/134,,・・・ハイパーリンク［２０２０．０１］
uploaded,新設,,G06F 40/137,,・・・階層処理，例．アウトライン［２０２０．０１］
uploaded,新設,,G06F 40/14,,・・・ツリー構造のドキュメント（解析処理Ｇ０６Ｆ４０／２０５；確認Ｇ０６Ｆ４０／２２６）［２０２０．０１］
uploaded,新設,,G06F 40/143,,・・・・マークアップ，例．標準一般化マーク付け言語［ＳＧＭＬ］または文書型定義［ＤＴＤ］［２０２０．０１］
uploaded,新設,,G06F 40/146,,・・・・コーディングまたは木構造データの圧縮［２０２０．０１］
uploaded,新設,,G06F 40/149,,・・・ストリーミングのためのテキストデータの適応，例．効率的なＸＭＬ交換［ＥＸＩ］フォーマット［２０２０．０１］
uploaded,新設,,G06F 40/151,,・・・変換［２０２０．０１］
uploaded,新設,,G06F 40/154,,・・・・ツリー構造またはマークアップドキュメントのためのツリー変換，例．ＸＳＬＴ，ＸＳＬ－ＦＯまたはスタイルシート［２０２０．０１］
uploaded,新設,,G06F 40/157,,・・・・辞書またはテーブルを使用するもの［２０２０．０１］
uploaded,新設,,G06F 40/16,,・・・・変換規則を自動的に学習するもの，例．例により学習するもの［２０２０．０１］
uploaded,新設,,G06F 40/163,,・・・空白の取扱い［２０２０．０１］
uploaded,新設,,G06F 40/166,,・・編集，例．挿入／削除［２０２０．０１］
uploaded,新設,,G06F 40/169,,・・・注，例．コメントデータまたは脚注［２０２０．０１］
uploaded,新設,,G06F 40/171,,・・・デジタルインクの使用によるもの［２０２０．０１］
uploaded,新設,,G06F 40/174,,・・・書式充填；結合［２０２０．０１］
uploaded,新設,,G06F 40/177,,・・・テーブル；罫線［２０２０．０１］
uploaded,新設,,G06F 40/18,,・・・・スプレッドシート（書式充填Ｇ０６Ｆ４０／１７４）［２０２０．０１］
uploaded,新設,,G06F 40/183,,・・・タビュレーション，例．一次元的な位置決め［２０２０．０１］
uploaded,新設,,G06F 40/186,,・・・テンプレート［２０２０．０１］
uploaded,新設,,G06F 40/189,,・・自動行揃え［２０２０．０１］
uploaded,新設,,G06F 40/191,,・・自動ハイフン付け［２０２０．０１］
uploaded,新設,,G06F 40/194,,・・ファイル間の差の計算［２０２０．０１］
uploaded,新設,,G06F 40/197,,・・バージョン制御（ソフトウエアに関するものＧ０６Ｆ８／７１）［２０２０．０１］
uploaded,新設,,G06F 40/02,,・自然言語解析［２０２０．０１］
uploaded,新設,,G06F 40/205,,・・解析処理［２０２０．０１］
uploaded,新設,,G06F 40/211,,・・・構文の解析処理，例．文脈自由文法［ＣＦＧ］，ユニフィケーション文法に基づくもの［２０２０．０１］
uploaded,新設,,G06F 40/216,,・・・統計的方法［２０２０．０１］
uploaded,新設,,G06F 40/221,,・・・マークアップ言語ストリームの構文解析（ストリーミングＧ０６Ｆ４０／１４９）［２０２０．０１］
uploaded,新設,,G06F 40/226,,・・・確認［２０２０．０１］
uploaded,新設,,G06F 40/232,,・・綴字訂正，例．綴字照合をするもの，母音化［２０２０．０１］
uploaded,新設,,G06F 40/237,,・・語彙的ツール［２０２０．０１］
uploaded,新設,,G06F 40/242,,・・・辞書［２０２０．０１］
uploaded,新設,,G06F 40/247,,・・・シソーラス；同義語［２０２０．０１］
uploaded,新設,,G06F 40/253,,・・文法的解析；文体批評［２０２０．０１］
uploaded,新設,,G06F 40/258,,・・見出し抽出；自動的な題付け；番号付け［２０２０．０１］
uploaded,新設,,G06F 40/263,,・・言語の識別［２０２０．０１］
uploaded,新設,,G06F 40/268,,・・形態素解析［２０２０．０１］
uploaded,新設,,G06F 40/274,,・・符号から単語への変換；部分ワードからの推測［２０２０．０１］
uploaded,新設,,G06F 40/279,,・・文字で表現されたエンティティの認識［２０２０．０１］
uploaded,新設,,G06F 40/284,,・・・字句解析，例．トークン化，連結［２０２０．０１］
uploaded,新設,,G06F 40/289,,・・・句の解析，例．有限状態技法，チャンキング［２０２０．０１］
uploaded,新設,,G06F 40/295,,・・・・固有表現抽出［２０２０．０１］
uploaded,新設,,G06F 40/03,,・セマンティック解析［２０２０．０１］
uploaded,新設,,G06F 40/35,,・・談話または対話表示［２０２０．０１］
uploaded,新設,,G06F 40/04,,・自然言語の処理または翻訳（自然言語解析Ｇ０６Ｆ４０／２０；セマンティック解析Ｇ０６Ｆ４０／３０）［２０２０．０１］
uploaded,新設,,G06F 40/42,,・・データ駆動翻訳［２０２０．０１］
uploaded,新設,,G06F 40/44,,・・・統計的手法；例．確率モデル［２０２０．０１］
uploaded,新設,,G06F 40/45,,・・・例に基づく機械翻訳；アライメント［２０２０．０１］
uploaded,新設,,G06F 40/47,,・・・機械介助による翻訳，例．翻訳メモリ［２０２０．０１］
uploaded,新設,,G06F 40/49,,・・・非常に大きいコーパスを使用するもの，例．ウェブ［２０２０．０１］
uploaded,新設,,G06F 40/51,,・・翻訳評価［２０２０．０１］
uploaded,新設,,G06F 40/53,,・・非ラテン語テキストの処理（仮名から漢字への変換Ｇ０６Ｆ４０／１２９；母音化Ｇ０６Ｆ４０／２３２）［２０２０．０１］
uploaded,新設,,G06F 40/55,,・・規則に基づく翻訳［２０２０．０１］
uploaded,新設,,G06F 40/56,,・・・自然言語の生成［２０２０．０１］
uploaded,新設,,G06F 40/58,,・・機械翻訳の使用，例．多言語検索，クライアント装置のためのサーバー側翻訳，実時間翻訳［２０２０．０１］
uploaded,新設,,G07C 9/01,,・登録手段をもった可動する障壁［２０２０．０１］
uploaded,新設,,G07C 9/15,,・・一度に二人以上の通行を防止する装置を有するもの［２０２０．０１］
uploaded,新設,,G07C 9/02,,・パスの利用を含むもの［２０２０．０１］
uploaded,新設,,G07C 9/21,,・・アクセスコード変更自在のもの［２０２０．０１］
uploaded,新設,,G07C 9/22,,・・パス保有者の本人確認と組み合わされたもの［２０２０．０１］
uploaded,新設,,G07C 9/23,,・・・パスワードの手段によるもの［２０２０．０１］
uploaded,新設,,G07C 9/24,,・・・手書きの署名によるもの［２０２０．０１］
uploaded,新設,,G07C 9/25,,・・・生体データを用いるもの，例．指紋，虹彩スキャンまたは声紋［２０２０．０１］
uploaded,新設,,G07C 9/26,,・・・・パスに一体化されている生体センサーを利用しているもの［２０２０．０１］
uploaded,新設,,G07C 9/27,,・・中央登録を伴うもの［２０２０．０１］
uploaded,新設,,G07C 9/28,,・・追跡または存在を示すことを可能とするパス［２０２０．０１］
uploaded,新設,,G07C 9/29,,・・アクティブな電子要素を含むパス，例．スマートカード［２０２０．０１］
uploaded,新設,,G07C 9/03,,・パスの利用を含まないもの［２０２０．０１］
uploaded,新設,,G07C 9/32,,・・本人確認と組み合わされたもの［２０２０．０１］
uploaded,新設,,G07C 9/33,,・・・パスワードの手段によるもの［２０２０．０１］
uploaded,新設,,G07C 9/35,,・・・手書きの署名によるもの［２０２０．０１］
uploaded,新設,,G07C 9/37,,・・・生体データを用いるもの，例．指紋，虹彩スキャンまたは声紋［２０２０．０１］
uploaded,新設,,G07C 9/38,,・・中央登録を伴うもの［２０２０．０１］
uploaded,新設,,G10D 1/05,,・・フレットボードまたは指板をもつもの［２０２０．０１］
uploaded,新設,,G10D 1/14,,・打弦楽器，例．ダルシマー［２０２０．０１］
uploaded,新設,,G10D 3/01,,・エンドピンまたはその付属品［２０２０．０１］
uploaded,新設,,G10D 3/046,,・弱音器；ミュートホルダー［２０２０．０１］
uploaded,新設,,G10D 3/053,,・カポタスト［２０２０．０１］
uploaded,新設,,G10D 3/09,,・・・チター用［２０２０．０１］
uploaded,新設,,G10D 3/095,,・・取り外しまたは折り畳み可能なネックの細部，例．運搬または保管に適したもの［２０２０．０１］
uploaded,新設,,G10D 3/13,,・・テールピース［２０２０．０１］
uploaded,新設,,G10D 3/147,,・・演奏中に弦の張力を変えるための装置［２０２０．０１］
uploaded,新設,,G10D 3/153,,・・・トレモロ装置［２０２０．０１］
uploaded,新設,,G10D 3/166,,・・弓のガイド［２０２０．０１］
uploaded,新設,,G10D 3/173,,・・プレクトラムまたは類似の演奏用具；プレクトラムホルダー［２０２０．０１］
uploaded,新設,,G10D 3/02,,・楽器と分離した弦巻器，例．チューニングキー［２０２０．０１］
uploaded,新設,,G10D 3/22,,・弦楽器の製造のための材料；その材料の取扱い［２０２０．０１］
uploaded,新設,,G10D 7/026,,・・管の円筒面上に配置された開口部に気流がふきつけられるもの，例．フルート，ピッコロまたは横笛［２０２０．０１］
uploaded,新設,,G10D 7/03,,・・空気をラビュームに導くためのウインドウェイをもつもの，例．リコーダー［２０２０．０１］
uploaded,新設,,G10D 7/063,,・・オーボエ；バスーン；バグパイプ［２０２０．０１］
uploaded,新設,,G10D 7/066,,・・クラリネット［２０２０．０１］
uploaded,新設,,G10D 7/14,,・・ハーモニカ［２０２０．０１］
uploaded,新設,,G10D 7/16,,・・・鍵盤をもつもの［２０２０．０１］
uploaded,新設,,G10D 9/01,,・調律機構［２０２０．０１］
uploaded,新設,,G10D 9/02 200,,・・吹口（Ｇ１０Ｄ９／０２５，Ｇ１０Ｄ９／０３が優先）
uploaded,新設,,G10D 9/025,,・・可動なマウスピース［２０２０．０１］
uploaded,新設,,G10D 9/03,,・・カップ状の吹口［２０２０．０１］
uploaded,新設,,G10D 9/035,,・・リード［２０２０．０１］
uploaded,新設,,G10D 9/047,,・・木管楽器用［２０２０．０１］
uploaded,新設,,G10D 9/053,,・・ピッチを連続的に変化させる機構をもつもの［２０２０．０１］
uploaded,新設,,G10D 9/08,,・気鳴楽器の製造のための材料；その材料の取扱い［２０２０．０１］
uploaded,新設,,G10D 9/01,,・共鳴器，例．管［２０２０．０１］
uploaded,新設,,G10D 9/01 100,,・・管の接続
uploaded,新設,,G10D 9/11,,・・ベル［２０２０．０１］
uploaded,新設,,G10D 13/01,,・打楽器の全体構造［２０２０．０１］
uploaded,新設,,G10D 13/03,,・・練習用のドラムキットまたはパッド［２０２０．０１］
uploaded,新設,,G10D 13/063,,・・・シンバル［２０２０．０１］
uploaded,新設,,G10D 13/065,,・・・・ハイハットシンバル［２０２０．０１］
uploaded,新設,,G10D 13/09,,・・・鍵盤を有するもの［２０２０．０１］
uploaded,新設,,G10D 13/01,,・打楽器の細部または付属品［２０２０．０１］
uploaded,新設,,G10D 13/01 100,,・・発音体（Ｇ１０Ｄ１３／２０が優先）
uploaded,新設,,G10D 13/01 110,,・・発音体係止装置（Ｇ１０Ｄ１３／１８が優先）
uploaded,新設,,G10D 13/01 111,,・・・ヘッド枠または音板の係止孔（Ｇ１０Ｄ１３／１６が優先）
uploaded,新設,,G10D 13/01 120,,・・保護具または付属品
uploaded,新設,,G10D 13/01 130,,・・楽器と一体の容器
uploaded,新設,,G10D 13/01 140,,・・支持具
uploaded,新設,,G10D 13/01 150,,・・製造または保守のための工具
uploaded,新設,,G10D 13/01 160,,・・電子打楽器の機械的細部
uploaded,新設,,G10D 13/01 170,,・・音色またはピッチを変えるもの
uploaded,新設,,G10D 13/01 180,,・・共鳴手段（Ｇ１０Ｄ１３／２２が優先）
uploaded,新設,,G10D 13/11,,・・ペダル；ペダル機構［２０２０．０１］
uploaded,新設,,G10D 13/12,,・・ドラムスティック；マレット（ビーターのためのペダルＧ１０Ｄ１３／１１）［２０２０．０１］
uploaded,新設,,G10D 13/14,,・・弱音器またはダンパー［２０２０．０１］
uploaded,新設,,G10D 13/16,,・・調律機構；フープ；ラグ［２０２０．０１］
uploaded,新設,,G10D 13/16 100,,・・・調律機構
uploaded,新設,,G10D 13/16 101,,・・・・ペダルによるもの
uploaded,新設,,G10D 13/18,,・・響線；響線係止具［２０２０．０１］
uploaded,新設,,G10D 13/02,,・・ドラムヘッド［２０２０．０１］
uploaded,新設,,G10D 13/22,,・・シェル［２０２０．０１］
uploaded,新設,,G10D 13/24,,・・打楽器の製造のための材料；その材料の取扱い［２０２０．０１］
uploaded,新設,,G10D 99/00,,他に分類されない楽器［２０２０．０１］
uploaded,新設,,G16Y 10/00,,業種［２０２０．０１］
uploaded,新設,,G16Y 10/05,,・農業［２０２０．０１］
uploaded,新設,,G16Y 10/01,,・林業［２０２０．０１］
uploaded,新設,,G16Y 10/15,,・漁業［２０２０．０１］
uploaded,新設,,G16Y 10/02,,・鉱業［２０２０．０１］
uploaded,新設,,G16Y 10/25,,・製造業［２０２０．０１］
uploaded,新設,,G16Y 10/03,,・建設業［２０２０．０１］
uploaded,新設,,G16Y 10/35,,・公益事業，例．電気，ガスまたは水［２０２０．０１］
uploaded,新設,,G16Y 10/04,,・運輸，交通［２０２０．０１］
uploaded,新設,,G16Y 10/45,,・商業［２０２０．０１］
uploaded,新設,,G16Y 10/05,,・金融；保険［２０２０．０１］
uploaded,新設,,G16Y 10/55,,・教育［２０２０．０１］
uploaded,新設,,G16Y 10/06,,・健康；福祉［２０２０．０１］
uploaded,新設,,G16Y 10/65,,・エンターテインメントまたは娯楽；スポーツ［２０２０．０１］
uploaded,新設,,G16Y 10/07,,・放送［２０２０．０１］
uploaded,新設,,G16Y 10/75,,・情報技術；通信［２０２０．０１］
uploaded,新設,,G16Y 10/08,,・ホーム；建物［２０２０．０１］
uploaded,新設,,G16Y 10/09,,・化学［２０２０．０１］
uploaded,新設,,G16Y 20/00,,モノにより探知または収集された情報［２０２０．０１］
uploaded,新設,,G16Y 20/01,,・環境に関するもの，例．温度；場所に関連するもの［２０２０．０１］
uploaded,新設,,G16Y 20/02,,・モノそれ自体に関するもの［２０２０．０１］
uploaded,新設,,G16Y 20/03,,・資源に関するもの，例．消費電力［２０２０．０１］
uploaded,新設,,G16Y 20/04,,・個人情報に関するもの，例．生体情報，記録または嗜好［２０２０．０１］
uploaded,新設,,G16Y 30/00,,ＩｏＴインフラストラクチャ［２０２０．０１］
uploaded,新設,,G16Y 30/01,,・その安全性［２０２０．０１］
uploaded,新設,,G16Y 40/00,,情報処理の目的に特徴があるＩｏＴ［２０２０．０１］
uploaded,新設,,G16Y 40/01,,・検知；監視［２０２０．０１］
uploaded,新設,,G16Y 40/02,,・分析；診断［２０２０．０１］
uploaded,新設,,G16Y 40/03,,・制御［２０２０．０１］
uploaded,新設,,G16Y 40/35,,・・モノの管理，すなわちポリシーに従ったまたは特定の目的を達成するための制御［２０２０．０１］
uploaded,新設,,G16Y 40/04,,・モノの保守［２０２０．０１］
uploaded,新設,,G16Y 40/05,,・安全；モノ，使用者，データまたはシステムの安全性［２０２０．０１］
uploaded,新設,,G16Y 40/06,,・位置決め；ナビゲーション［２０２０．０１］
uploaded,新設,,H01J 49/00 040,,・イメージング粒子分析
uploaded,新設,,H01J 49/00 090,,・装置の較正
uploaded,新設,,H01J 49/00 130,,・小型化された分析器，例．通常より小さな規模で，従来の部品が集積されたもの
uploaded,新設,,H01J 49/00 180,,・・超小型化された分析器，例．チップ集積装置，マイクロ電気機械システム（ＭＥＭＳ）
uploaded,新設,,H01J 49/00 220,,・携帯可能な分析器，例．独立した電源のある装置，携帯性に関する構造的細部（小規模装置そのものＨ０１Ｊ４９／００，１３０およびＨ０１Ｊ４９／００，１８０）
uploaded,新設,,H01J 49/00 270,,・粒子分析器を用いるための方法
uploaded,新設,,H01J 49/00 310,,・・装置の使用に関する段階的な動作（Ｈ０１Ｊ４９／００，８１０が優先）
uploaded,新設,,H01J 49/00 360,,・・測定を通じて得られるデータの取り扱いに関する段階的な動作
uploaded,新設,,H01J 49/00 400,,・分析器の組み合わせ，直列に繋げた分析器，例．ＭＳ／ＭＳ，ＭＳｎ
uploaded,新設,,H01J 49/00 450,,・・断片化または他の特別な反応に特徴のあるもの
uploaded,新設,,H01J 49/00 500,,・・・ガスとの衝突，例．ガスを導入するもの，または電界でイオンの加速するもの
uploaded,新設,,H01J 49/00 540,,・・・電子ビームによるもの，例．電子衝撃解離，電子捕捉解離
uploaded,新設,,H01J 49/00 590,,・・・光子ビーム，光解離によるもの
uploaded,新設,,H01J 49/00 630,,・・・共振励起電圧の印加によるもの
uploaded,新設,,H01J 49/00 680,,・・・表面の衝突，例．表面に生じる解離，によるもの
uploaded,新設,,H01J 49/00 720,,・・・イオン／イオン反応，例．電子移動解離，陽子移動解離，によるもの
uploaded,新設,,H01J 49/00 770,,・・・断片化以外の特別な反応
uploaded,新設,,H01J 49/00 810,,・・時間型タンデム，すなわち，単独の分析器を用いるもの
uploaded,新設,,H01J 49/00 860,,・・加速質量分析器
uploaded,新設,,H01J 49/00 900,,・・多チャネルを有する分析器，並行分析
uploaded,新設,,H01J 49/00 950,,・正負両方の被検体イオンを発生，導入または分析するための特別な装置（イオン／イオン反応Ｈ０１Ｊ４９／００，７２０）
uploaded,新設,,H01J 49/02 200,,・・回路装置，例．偏向電流または偏向電圧の発生用
uploaded,新設,,H01J 49/02 500,,・・粒子分析器に特に適合された検出器（データの取得Ｈ０１Ｊ４９／００，３６０）｝
uploaded,新設,,H01J 49/02 700,,・・・荷電粒子の移動によって引き起こされたイメージ電流の検出器
uploaded,新設,,H01J 49/04 040,,・・・試料またはイオンの伝送に用いるためのキャピラリ（静電噴霧ノズルＨ０１Ｊ４９／１６，７００）｝
uploaded,新設,,H01J 49/04 090,,・・・試料のホルダーまたは容器
uploaded,新設,,H01J 49/04 130,,・・・・自動取り扱い用
uploaded,新設,,H01J 49/04 180,,・・・・レーザー脱離用，例．マトリックス支援レーザーイオン化［ＭＡＬＤＩ］用，表面強化レーザー脱離イオン化［ＳＥＬＤＩ］プレート用
uploaded,新設,,H01J 49/04 220,,・・・気体試料用
uploaded,新設,,H01J 49/04 270,,・・・・気体浸透膜を用いるもの
uploaded,新設,,H01J 49/04 310,,・・・液体試料用
uploaded,新設,,H01J 49/04 360,,・・・・液体浸透膜を用いるもの
uploaded,新設,,H01J 49/04 400,,・・・・分析器の入り口からの液滴を防ぐための手段のあるもの；液滴の脱溶媒和
uploaded,新設,,H01J 49/04 450,,・・・・噴霧，ジェットまたはエアロゾルを導入するための手段のあるもの（静電噴霧イオン源Ｈ０１Ｊ４９／１６，５００）
uploaded,新設,,H01J 49/04 500,,・・・・・ネブライザー気体，すなわち，空気が利用されたもの，を用いるための手段のあるもの
uploaded,新設,,H01J 49/04 540,,・・・・機械エネルギー，例．超音波振動，を用いて蒸発させるための手段のあるもの
uploaded,新設,,H01J 49/04 590,,・・・固体材料用
uploaded,新設,,H01J 49/04 630,,・・・・レーザーまたは粒子ビームによる脱離，別の段階としてのイオン化が続くもの（材料ホルダーそのものＨ０１Ｊ４９／０４，１８０）
uploaded,新設,,H01J 49/04 680,,・・・材料の加熱または冷却のための手段のあるもの
uploaded,新設,,H01J 49/04 720,,・・・・熱分解のための手段のあるもの
uploaded,新設,,H01J 49/04 770,,・・・・熱媒液を用いるもの
uploaded,新設,,H01J 49/04 810,,・・・・衝突冷却を用いるための手段
uploaded,新設,,H01J 49/04 860,,・・・・試料の温度を監視するための手段のあるもの
uploaded,新設,,H01J 49/04 900,,・・・・試料の脱離に熱を用いるための手段のあるもの；蒸発
uploaded,新設,,H01J 49/04 950,,・・・真空封止；弁
uploaded,新設,,H01J 49/06 100,,・・・イオン偏向手段，例．イオンゲート
uploaded,新設,,H01J 49/06 200,,・・・イオンガイド（質量選択を行う線形イオントラップＨ０１Ｊ４９／４２，２５０，質量フィルタＨ０１Ｊ４９／４２，１００）
uploaded,新設,,H01J 49/06 300,,・・・・多重極イオンガイド，例．四重極，六重極
uploaded,新設,,H01J 49/06 500,,・・・・積層電極，例．輪の積層，平板の積層
uploaded,新設,,H01J 49/06 600,,・・・・・イオンの漏斗
uploaded,新設,,H01J 49/06 700,,・・・イオンのレンズ，アパーチャ，スキマー
uploaded,新設,,H01J 49/06 800,,・・・取付け，支持，間隔保持，または絶縁電極
uploaded,新設,,H01J 49/01 200,,・・・反射放電を利用するもの，例．ペニングイオン源
uploaded,新設,,H01J 49/01 500,,・・・高周波励起，例．マイクロ波励起，を利用するもの，誘導結合プラズマ［ＩＣＰ］
uploaded,新設,,H01J 49/01 700,,・・・いくつかのイオン源を用いるための装置
uploaded,新設,,H01J 49/12 300,,・・・・デュオプラズマトロン
uploaded,新設,,H01J 49/12 600,,・・・・印加磁界を用いるその他のアーク放電イオン源
uploaded,新設,,H01J 49/14 200,,・・・・事前に気化していない固体ターゲットを用いるもの
uploaded,新設,,H01J 49/14 500,,・・・・化学的なイオン化を用いるもの
uploaded,新設,,H01J 49/14 700,,・・・・電子を用いるもの，例．電子衝撃イオン化，電子付着（Ｈ０１Ｊ４９／１４，５００が優先）
uploaded,新設,,H01J 49/16 100,,・・・・光電離を用いるもの，例．レーザによるもの
uploaded,新設,,H01J 49/16 200,,・・・・・直接の光電離，例．単一光子または多数光子イオン化
uploaded,新設,,H01J 49/16 400,,・・・・・レーザ脱離／イオン化，例．マトリクス支援レーザ脱離／イオン化［ＭＡＬＤＩ］（材料のホルダーＨ０１Ｊ４９／０４，１８０）
uploaded,新設,,H01J 49/16 500,,・・・・静電噴霧によるイオン化
uploaded,新設,,H01J 49/16 700,,・・・・・そのために特に適合されたキャピラリまたはノズル
uploaded,新設,,H01J 49/16 800,,・・・・電界イオン化，例．コロナ放電
uploaded,新設,,H01J 49/28 200,,・・・静電分析器を用いるもの
uploaded,新設,,H01J 49/28 400,,・・・簡易な集束を備えた静電および磁性セクタを用いるもの，例．アストン分析器のような平行磁場をもつもの
uploaded,新設,,H01J 49/28 600,,・・・・エネルギー分析を備えるもの，例．カステンフィルタ
uploaded,新設,,H01J 49/28 800,,・・・・・ビームと直交する交差電磁場を用いるもの，例．ウイーンフィルタ
uploaded,新設,,H01J 49/03 500,,・・・・直列ないくつかのセクタのあるもの
uploaded,新設,,H01J 49/32 200,,・・・・９０度の磁気セクタのあるもの，例．マタウチュハーツォグ型
uploaded,新設,,H01J 49/32 400,,・・・・９０度の静電セクションのあるもの，例．ニーアジョンソン型
uploaded,新設,,H01J 49/32 600,,・・・・９０度の磁気および静電セクタのあるもの
uploaded,新設,,H01J 49/32 800,,・・・・交差電磁場を用いることによる円形軌道のあるもの，例．トロコイド型
uploaded,新設,,H01J 49/04 100,,・・・・直交加速，例．イオンの集束または選択，プッシャ電極，に特徴のあるもの
uploaded,新設,,H01J 49/04 300,,・・・・加速光学系および／または抽出電界に特徴のあるもの
uploaded,新設,,H01J 49/04 500,,・・・・リフレクトロンに特徴のあるもの，例．湾曲電界，電極形状
uploaded,新設,,H01J 49/04 600,,・・・・多重反射を伴うもの（静電捕捉Ｈ０１Ｊ４９／４２，４５０）
uploaded,新設,,H01J 49/04 800,,・・・・多重の方向変化を伴うもの，例．電気的または磁気的セクタ，閉ループ飛行時間を用いることによるもの
uploaded,新設,,H01J 49/42 050,,・・・・装置型
uploaded,新設,,H01J 49/42 100,,・・・・・質量フィルタ，すなわち，不要なイオンを捕捉せずに偏向させるもの
uploaded,新設,,H01J 49/42 150,,・・・・・・四重極質量フィルタ（Ｈ０１Ｊ４９／４２，２５０が優先）
uploaded,新設,,H01J 49/42 200,,・・・・・二次元ＲＦイオン捕捉（質量選択を伴わないイオンガイドＨ０１Ｊ４９／０６，２００）
uploaded,新設,,H01J 49/42 250,,・・・・・・多重極線形イオン捕捉，例．四重極，六重極
uploaded,新設,,H01J 49/42 300,,・・・・・・放射状の放出を伴うもの
uploaded,新設,,H01J 49/42 350,,・・・・・・積層された輪または積層された板
uploaded,新設,,H01J 49/42 400,,・・・・・三次元イオン補足，すなわち，エンドキャップおよび輪状電極からなるもの
uploaded,新設,,H01J 49/42 450,,・・・・・静電イオン補足（Ｈ０１Ｊ４９／４２，２００が優先；多重反射を伴う飛行分析器Ｈ０１Ｊ４９／４０，６００）
uploaded,新設,,H01J 49/42 500,,・・・・・・対数的な放射電位を伴うもの，例．オービトラップ
uploaded,新設,,H01J 49/42 550,,・・・・・特別な構造的特徴のあるもの
uploaded,新設,,H01J 49/42 600,,・・・・イオンを制御するための方法
uploaded,新設,,H01J 49/42 650,,・・・・・捕捉されるイオンの数の制御，空間電荷効果の防止
uploaded,新設,,H01J 49/42 700,,・・・・・放出および選択の方法
uploaded,新設,,H01J 49/42 750,,・・・・・・非共振補助振動電圧の適用，例．パラメータ励振
uploaded,新設,,H01J 49/42 800,,・・・・・・ノッチつき広帯域信号の適用
uploaded,新設,,H01J 49/42 850,,・・・・・・共振信号の適用，例．イオンの永続的周波数に適合する選択的共振放出（Ｈ０１Ｊ４９／４２，９００，Ｈ０１Ｊ４９／４２，８００が優先）
uploaded,新設,,H01J 49/42 900,,・・・・・・電気パラメータ，例．電圧振幅または周波数，の走査
uploaded,新設,,H01J 49/42 950,,・・・・・蓄積方法
uploaded,新設,,H01J 49/44 300,,・・動的分析器
uploaded,新設,,H01J 49/44 600,,・・・飛行時間型分析器
uploaded,新設,,H01J 49/46 300,,・・・静磁界を用いるもの
uploaded,新設,,H01J 49/46 600,,・・・ビームに直交する交差電磁界を用いるもの，例．ウイーンフィルタ（Ｈ０１Ｊ４９／２８，８００も参照）
uploaded,新設,,H01J 49/48 200,,・・・・円筒状反射鏡を備えたもの
uploaded,新設,,H01J 49/48 400,,・・・・球面反射鏡を備えたもの
uploaded,新設,,H01J 49/48 600,,・・・・平面反射鏡，すなわち，均一電界，を備えたもの
uploaded,新設,,H01J 49/48 800,,・・・・減速グリッドを備えたもの
uploaded,新設,,H03K 19/17704,,・・・・行または列の相互接続により実現された論理機能であるもの［２０２０．０１］
uploaded,新設,,H03K 19/17724,,・・・・論理ブロックの構造の細部［２０２０．０１］
uploaded,新設,,H03K 19/17728,,・・・・・再構成可能な論理ブロック，例．ルックアップテーブル［２０２０．０１］
uploaded,新設,,H03K 19/17732,,・・・・・マクロブロック［２０２０．０１］
uploaded,新設,,H03K 19/17736,,・・・・経路リソースの構造の細部［２０２０．０１］
uploaded,新設,,H03K 19/17748,,・・・・構成リソースの構造の細部［２０２０．０１］
uploaded,新設,,H03K 19/17752,,・・・・・ホット再構成のためのもの［２０２０．０１］
uploaded,新設,,H03K 19/17756,,・・・・・部分的な構成または部分的な再構成のためのもの［２０２０．０１］
uploaded,新設,,H03K 19/17758,,・・・・・高速化の構成または再構成のためのもの［２０２０．０１］
uploaded,新設,,H03K 19/1776,,・・・・・メモリのためのもの［２０２０．０１］
uploaded,新設,,H03K 19/17764,,・・・・・信頼性のためのもの［２０２０．０１］
uploaded,新設,,H03K 19/17768,,・・・・・セキュリティのためのもの［２０２０．０１］
uploaded,新設,,H03K 19/17772,,・・・・・電源のオンまたはオフのためのもの［２０２０．０１］
uploaded,新設,,H03K 19/1778,,・・・・適応物理パラメータのための構造の細部［２０２０．０１］
uploaded,新設,,H03K 19/17784,,・・・・・供給電圧のためのもの［２０２０．０１］
uploaded,新設,,H03K 19/17788,,・・・・・入力／出力［Ｉ／Ｏ］電圧のためのもの［２０２０．０１］
uploaded,新設,,H03K 19/17792,,・・・・・動作速度のためのもの［２０２０．０１］
uploaded,新設,,H03K 19/17796,,・・・・・ブロックの物理的配置のためのもの［２０２０．０１］
uploaded,新設,,H04M 1/27453,,・・・・・付加的な加入者データ，例．メタデータ，の保存が可能な電話帳［２０２０．０１］
uploaded,新設,,H04M 1/27457,,・・・・・・その管理，例．データの手動による編集［２０２０．０１］
uploaded,新設,,H04M 1/2746,,・・・・・・ソート，例．履歴または使用頻度に応じたもの［２０２０．０１］
uploaded,新設,,H04M 1/27467,,・・・・・データを取り出す方法［２０２０．０１］
uploaded,新設,,H04M 1/2747,,・・・・・・ディスプレイ上をスクロールするもの［２０２０．０１］
uploaded,新設,,H04M 1/27475,,・・・・・・対話的グラフィック手段またはピクト表示を用いるもの［２０２０．０１］
uploaded,新設,,H04M 1/2748,,・・・・・・文字列の照合によるもの［２０２０．０１］
uploaded,新設,,H04M 1/27485,,・・・・・ダイヤルシーケンスへのプレフィックスの付加またはポーズの挿入［２０２０．０１］
uploaded,新設,,H04M 1/2749,,・・・・・自動ダイヤルまたはリダイヤル装置，例．オフフック時，または，ビジー中のリダイヤル［２０２０．０１］
uploaded,新設,,H04M 1/27495,,・・・・・ディスクリート電子部品による実装，すなわちプログラム可能でもマイクロプロセッサ制御でもない（Ｈ０４Ｍ１／２７４５７～Ｈ０４Ｍ１／２７４９が優先）［２０２０．０１］
uploaded,新設,,H04M 1/2753,,・・・・・データ内容の提供［２０２０．０１］
uploaded,新設,,H04M 1/2757,,・・・・・・データ伝送によるもの，例．ダウンロード［２０２０．０１］
uploaded,新設,,H05B 45/00,,発光ダイオード［ＬＥＤ］を制御するための回路装置［２０２０．０１］
uploaded,新設,,H05B 45/01,,・光の強度の調整［２０２０．０１］
uploaded,新設,,H05B 45/12,,・・光学フィードバックによるもの［２０２０．０１］
uploaded,新設,,H05B 45/14,,・・ＬＥＤまたはＬＥＤモジュールからの電気的フィードバックによるもの［２０２０．０１］
uploaded,新設,,H05B 45/18,,・・温度のフィードバックによるもの［２０２０．０１］
uploaded,新設,,H05B 45/02,,・光の色度の調整［２０２０．０１］
uploaded,新設,,H05B 45/22,,・・光学フィードバックによるもの［２０２０．０１］
uploaded,新設,,H05B 45/24,,・・ＬＥＤまたはＬＥＤモジュールからの電気的フィードバックによるもの［２０２０．０１］
uploaded,新設,,H05B 45/28,,・・温度のフィードバックによるもの［２０２０．０１］
uploaded,新設,,H05B 45/03,,・駆動回路［２０２０．０１］
uploaded,新設,,H05B 45/305,,・・周波数制御回路［２０２０．０１］
uploaded,新設,,H05B 45/31,,・・位相制御回路［２０２０．０１］
uploaded,新設,,H05B 45/315,,・・・逆位相制御回路［２０２０．０１］
uploaded,新設,,H05B 45/32,,・・パルス制御回路［２０２０．０１］
uploaded,新設,,H05B 45/325,,・・・パルス幅変調［ＰＷＭ］［２０２０．０１］
uploaded,新設,,H05B 45/327,,・・・バースト調光［２０２０．０１］
uploaded,新設,,H05B 45/33,,・・・パルス振幅変調［ＰＡＭ］［２０２０．０１］
uploaded,新設,,H05B 45/335,,・・・パルス周波数変調［ＰＦＭ］［２０２０．０１］
uploaded,新設,,H05B 45/34,,・・電圧安定化；電圧を一定に保つこと［２０２０．０１］
uploaded,新設,,H05B 45/345,,・・電流安定化；電流を一定に保つこと［２０２０．０１］
uploaded,新設,,H05B 45/347,,・・ダイナミック・ヘッドルーム制御［ＤＨＣ］［２０２０．０１］
uploaded,新設,,H05B 45/35,,・・平衡回路［２０２０．０１］
uploaded,新設,,H05B 45/355,,・・力率改善［ＰＦＣ］；無効電力補償［２０２０．０１］
uploaded,新設,,H05B 45/357,,・・レトロフィットＬＥＤ光源に特に適するもの［２０２０．０１］
uploaded,新設,,H05B 45/3574,,・・・白熱ランプの電気的特性または機能的特性を模倣するもの［２０２０．０１］
uploaded,新設,,H05B 45/3575,,・・・・ダミー負荷またはブリーダー回路を用いるもの，例．調光器のためのもの［２０２０．０１］
uploaded,新設,,H05B 45/3577,,・・・・白熱ランプの調光特性，明るさまたは色温度を模倣するもの［２０２０．０１］
uploaded,新設,,H05B 45/3578,,・・・放電ランプの電気的特性または機能的特性を模倣するもの［２０２０．０１］
uploaded,新設,,H05B 45/36,,・・高調波干渉，リップル干渉または電磁波干渉を低減するための回路［ＥＭＩ］［２０２０．０１］
uploaded,新設,,H05B 45/37,,・・コンバーター回路［２０２０．０１］
uploaded,新設,,H05B 45/3725,,・・・スイッチング電源［ＳＭＰＳ］［２０２０．０１］
uploaded,新設,,H05B 45/375,,・・・・バックトポロジを用いるもの［２０２０．０１］
uploaded,新設,,H05B 45/38,,・・・・ブーストトポロジを用いるもの［２０２０．０１］
uploaded,新設,,H05B 45/382,,・・・・入力回路と出力回路の間が電気的に絶縁されたもの［２０２０．０１］
uploaded,新設,,H05B 45/385,,・・・・フライバックトポロジを用いるもの［２０２０．０１］
uploaded,新設,,H05B 45/39,,・・・・インバーターブリッジを含む回路［２０２０．０１］
uploaded,新設,,H05B 45/392,,・・・・ＬＥＤが絶縁トランスの二次側にある還流ダイオードとして取り付けられるもの［２０２０．０１］
uploaded,新設,,H05B 45/395,,・・リニアレギュレータ［２０２０．０１］
uploaded,新設,,H05B 45/397,,・・・カレントミラー回路［２０２０．０１］
uploaded,新設,,H05B 45/04,,・ＬＥＤ負荷回路の詳細［２０２０．０１］
uploaded,新設,,H05B 45/42,,・・逆並列配置［２０２０．０１］
uploaded,新設,,H05B 45/44,,・・ＬＥＤマトリクス内部にアクティブ制御を備えたもの［２０２０．０１］
uploaded,新設,,H05B 45/46,,・・・ＬＥＤが並列に配置されているもの［２０２０．０１］
uploaded,新設,,H05B 45/48,,・・・ＬＥＤがストリング構造を有し、並列にシャント装置を有するもの［２０２０．０１］
uploaded,新設,,H05B 45/05,,・ＬＥＤの異常に応答するもの；ＬＥＤの寿命に応答するもの；保護回路［２０２０．０１］
uploaded,新設,,H05B 45/52,,・・ＬＥＤの並列配置［２０２０．０１］
uploaded,新設,,H05B 45/54,,・・ＬＥＤの直列配置［２０２０．０１］
uploaded,新設,,H05B 45/56,,・・ＬＥＤの異常温度を防止する手段を含むもの［２０２０．０１］
uploaded,新設,,H05B 45/58,,・・ＬＥＤの寿命検出を含むもの［２０２０．０１］
uploaded,新設,,H05B 46/00,,可燃性物質を充填使用する光源の回路装置［２０２０．０１］
uploaded,新設,,H05B 47/00,,一般的な光源，すなわち光源の種類は関係しない，を制御するための回路装置［２０２０．０１］
uploaded,新設,,H05B 47/01,,・光源を制御するもの［２０２０．０１］
uploaded,新設,,H05B 47/105,,・・定められたパラメーターに応答するもの［２０２０．０１］
uploaded,新設,,H05B 47/11,,・・・周囲の光の明るさまたは色温度の検出によるもの［２０２０．０１］
uploaded,新設,,H05B 47/115,,・・・物体または生物の存在または移動の検出によるもの［２０２０．０１］
uploaded,新設,,H05B 47/12,,・・・・可聴音の検出によるもの［２０２０．０１］
uploaded,新設,,H05B 47/125,,・・・・カメラの利用によるもの［２０２０．０１］
uploaded,新設,,H05B 47/13,,・・・・パッシブ赤外線センサーの利用によるもの［２０２０．０１］
uploaded,新設,,H05B 47/135,,・・・制御される光源の種類の検出によるもの（制御される光源の電気パラメータ　Ｈ０５Ｂ４７／１４）［２０２０．０１］
uploaded,新設,,H05B 47/14,,・・・光源の電気的パラメータの検出によるもの［２０２０．０１］
uploaded,新設,,H05B 47/155,,・・２つ以上の光源を協調制御するもの［２０２０．０１］
uploaded,新設,,H05B 47/16,,・・タイミング手段によるもの［２０２０．０１］
uploaded,新設,,H05B 47/165,,・・事前に割り当てられプログラムされたシーケンスに従うもの；論理制御［ＬＣ］［２０２０．０１］
uploaded,新設,,H05B 47/17,,・・操作モード，例．手動操作モードから自動操作モードへの切換または特定操作の防止［２０２０．０１］
uploaded,新設,,H05B 47/175,,・・遠隔操作によるもの［２０２０．０１］
uploaded,新設,,H05B 47/18,,・・・データバス通信を介するもの［２０２０．０１］
uploaded,新設,,H05B 47/185,,・・・電力線通信を介するもの［２０２０．０１］
uploaded,新設,,H05B 47/19,,・・・ワイヤレス通信を介するもの［２０２０．０１］
uploaded,新設,,H05B 47/195,,・・・・可視光または赤外線による通信［２０２０．０１］
uploaded,新設,,H05B 47/02,,・光源の異常に応答するもの；光源の寿命に応答するもの；保護を目的とするもの［２０２０．０１］
uploaded,新設,,H05B 47/21,,・・２つ以上の光源が並列でつながっているもの［２０２０．０１］
uploaded,新設,,H05B 47/23,,・・２つ以上の光源が直列でつながっているもの［２０２０．０１］
uploaded,新設,,H05B 47/24,,・・過電圧を防止するための回路装置［２０２０．０１］
uploaded,新設,,H05B 47/25,,・・過電流を防止するための回路装置［２０２０．０１］
uploaded,新設,,H05B 47/26,,・・地絡を防止するための回路装置［２０２０．０１］
uploaded,新設,,H05B 47/28,,・・異常温度を防止するための回路装置［２０２０．０１］
uploaded,新設,,H05B 47/29,,・・故障の場合に光源の取り替えに備えた回路［２０２０．０１］
uploaded,廃止,A01N 63/00 A,A01N 63/00,糖，タンパク，油脂等,
uploaded,廃止,A01N 63/00 B,A01N 63/01,フエロモン,
uploaded,廃止,A01N 63/00 C,A01N 63/00,核酸，部分細胞,
uploaded,廃止,A01N 63/00 D,A01N 63/05,酵素,
uploaded,廃止,A01N 63/00 E,A01N 63/00,ジベレリン，サイトカイニン，オ－キシン,
uploaded,廃止,A01N 63/00 F,A01N 63/00,微生物自体〔←生菌〕,
uploaded,廃止,A01N 63/00 Z,A01N 63/00,その他のもの,
uploaded,廃止,A01N 63/02,A01N 63/00,・微生物または動物により生産され，またはそれらから採取された物質［３］,
uploaded,廃止,A01N 63/02 A,A01N 63/00,混合物，製剤，使用方法,
uploaded,廃止,A01N 63/02 B,A01N 63/00,微生物の産生物質,
uploaded,廃止,A01N 63/02 C,A01N 63/32,・酵母,
uploaded,廃止,A01N 63/02 D,A01N 63/02,・特定属の菌〔←抗生物質〕,
uploaded,廃止,A01N 63/02 E,A01N 63/22,・・バシルス〔Ｃ１２Ｒ１：０７～１２５〕,
uploaded,廃止,A01N 63/02 F,A01N 63/27,・・シユウドモナス〔Ｃ１２Ｒ１：３８～４０〕,
uploaded,廃止,A01N 63/02 G,A01N 63/28,・・ストレプトミセス〔Ｃ１２Ｒ１：４６５～６１〕,
uploaded,廃止,A01N 63/02 H,A01N 63/28,・・・Ｃ１２Ｒ１：４７～５４５,
uploaded,廃止,A01N 63/02 J,A01N 63/28,・・・Ｃ１２Ｒ１：５５～６１,
uploaded,廃止,A01N 63/02 K,A01N 63/28,・・・アイチネンシス等,
uploaded,廃止,A01N 63/02 L,A01N 63/28,・・・カガワエンシス等,
uploaded,廃止,A01N 63/02 M,A01N 63/28,・・・サガノエンシス等,
uploaded,廃止,A01N 63/02 N,A01N 63/28,・・・ミハラエンシス等,
uploaded,廃止,A01N 63/02 P,A01N 63/02,・・その他の属の菌,
uploaded,廃止,A01N 63/02 Z,A01N 63/00,その他のもの,
uploaded,廃止,A01N 63/04,A01N 63/03,・かび；かびによって生産され，またはかびから採取された物質［３］,
uploaded,廃止,A01N 63/04 A,A01N 63/03,アスペルギルス〔Ｃ１２Ｒ１：６６～７１〕，ペニシリウム〔Ｃ１２Ｒ１：８０～８３〕，トリコデルマ〔Ｃ１２Ｒ１：８８５〕，〔その他の特定属の菌→６３／０２〕,
uploaded,廃止,A01N 63/04 Z,A01N 63/03,その他のもの,
uploaded,廃止,A61K 6/00 A,A61K 6/03,歯科用接着剤，前処理剤,
uploaded,廃止,A61K 6/00 B,A61K 6/03,・セラミツク，金属のためのもの,
uploaded,廃止,A61K 6/00 C,A61K 6/00,歯科用埋没材,
uploaded,廃止,A61K 6/00 D,A61K 6/03,義歯床材料,
uploaded,廃止,A61K 6/00 Z,A61K 6/00,その他,
uploaded,廃止,A61K 6/02,A61K 6/08,・義歯のための，歯の充填または被覆（ｃａｐｐｉｎｇ）のための製剤の使用［３］,
uploaded,廃止,A61K 6/027,A61K 6/831,・・非金属元素またはそれらの化合物の使用，例．炭素［５］,
uploaded,廃止,A61K 6/033,A61K 6/838,・・・燐化合物，例．アパタイト［５］,
uploaded,廃止,A61K 6/04,A61K 6/84,・・金属または合金の使用［３］,
uploaded,廃止,A61K 6/05,A61K 6/847,・・・アマルガム［５］,
uploaded,廃止,A61K 6/06,A61K 6/849,・・無機セメントの使用［３］,
uploaded,廃止,A61K 6/06 A,A61K 6/882,有機化合物，例．有機硬化剤を含むもの,
uploaded,廃止,A61K 6/06 Z,A61K 6/849,その他,
uploaded,廃止,A61K 6/08,A61K 6/884,・・天然または合成樹脂の使用［３］,
uploaded,廃止,A61K 6/08 H,A61K 6/884,配合剤，例．充填剤,
uploaded,廃止,A61K 6/08 J,A61K 6/884,物性，例．粘度，屈折率に特徴を有するもの,
uploaded,廃止,A61K 6/08 Z,A61K 6/884,その他,
uploaded,廃止,A61K 6/083,A61K 6/887,・・・炭素－炭素不飽和結合のみが関与する反応によって得られる化合物［５］,
uploaded,廃止,A61K 6/083 500,A61K 6/889,・・・・アクリル系化合物（シアノアクリレ－ト系化合物を除く）,
uploaded,廃止,A61K 6/083 510,A61K 6/887,・・・・シアノアクリレ－ト系化合物,
uploaded,廃止,A61K 6/083 530,A61K 6/887,・・・・重合方法、硬化剤に特徴を有するもの,
uploaded,廃止,A61K 6/087,A61K 6/891,・・・炭素－炭素不飽和結合のみが関与する反応以外の反応によって得られる化合物［５］,
uploaded,廃止,A61K 6/09,A61K 6/893,・・・・ポリウレタン［５］,
uploaded,廃止,A61K 6/093,A61K 6/896,・・・・ポリオルガノシリコン化合物［５］,
uploaded,廃止,A61K 6/097,A61K 6/898,・・・多糖類［５］,
uploaded,廃止,A61K 6/01,A61K 6/09,・歯科用押印採取のための組成物［３］,
uploaded,廃止,B25J 15/08 K,B25J 15/01,３本以上の指部材を有するもの（１５／１０より優先）,
uploaded,廃止,B25J 15/08 N,B25J 15/12,可撓性指部材を有するもの,
uploaded,廃止,B60C 23/02 A,B60C 23/02,・直接接触によるもの〔例．スリツプリング〕,
uploaded,廃止,B60C 23/02 B,B60C 23/02,・無線によるもの,
uploaded,廃止,B60C 23/02 C,B60C 23/02,・磁気応動スイツチを用いるもの,
uploaded,廃止,B60C 23/02 D,B60C 23/02,・磁気誘導を用いるもの〔例．共振コイル〕,
uploaded,廃止,B60C 23/02 E,B60C 23/02,・容量変化によるもの,
uploaded,廃止,B60C 23/02 F,B60C 23/02,・誘導起動力によるもの,
uploaded,廃止,B60C 23/02 G,B60C 23/02,・光によるもの,
uploaded,廃止,B60C 23/02 H,B60C 23/02,・音によるもの,
uploaded,廃止,B60C 23/02 J,B60C 23/02,電源,
uploaded,廃止,B60C 23/02 K,B60C 23/02,弁用空気洩れ検知装置,
uploaded,廃止,B60C 23/02 L,B60C 23/02,圧力検知素子,
uploaded,廃止,B60C 23/02 M,B60C 23/02,・検知素子の取付,
uploaded,廃止,B60C 23/02 N,B60C 23/02,・設定圧の調整,
uploaded,廃止,B60C 23/02 P,B60C 23/02,・・リセツト,
uploaded,廃止,B60C 23/02 Q,B60C 23/02,スペアタイヤ用,
uploaded,廃止,B60C 23/02 R,B60C 23/02,タイヤの回転数，速度も検知するもの,
uploaded,廃止,B60C 23/02 X,B60C 23/02,検知された信号の伝達手段,
uploaded,廃止,B60C 23/02 Z,B60C 23/02,その他,
uploaded,廃止,B60C 23/04 A,B60C 23/04,・警笛,
uploaded,廃止,B60C 23/04 B,B60C 23/04,・打撃音,
uploaded,廃止,B60C 23/04 C,B60C 23/04,・ブザ－〔含．盗難防止→注．Ｂ６０Ｒ〕,
uploaded,廃止,B60C 23/04 D,B60C 23/04,・ゴムキヤツプの破裂音,
uploaded,廃止,B60C 23/04 E,B60C 23/04,圧力表示〔タイヤ空気圧警報装置，Ｇ０１Ｌ１７／００優先〕,
uploaded,廃止,B60C 23/04 F,B60C 23/04,・圧力表示弁又はバルブキヤツプ〔タイヤ空気減圧報知キヤツプ，Ｇ０１Ｌ１７／００優先〕,
uploaded,廃止,B60C 23/04 G,B60C 23/04,検知部，検知素子,
uploaded,廃止,B60C 23/04 H,B60C 23/04,・検知素子の取付,
uploaded,廃止,B60C 23/04 J,B60C 23/04,・設定圧の調整,
uploaded,廃止,B60C 23/04 K,B60C 23/04,・リセツト,
uploaded,廃止,B60C 23/04 M,B60C 23/04,磁気誘導等,
uploaded,廃止,B60C 23/04 N,B60C 23/04,無線によるもの,
uploaded,廃止,B60C 23/04 X,B60C 23/04,警報手段,
uploaded,廃止,B60C 23/04 Z,B60C 23/04,その他,
uploaded,廃止,B62J 1/28 D,B62J 27/01,シ－トベルト,
uploaded,廃止,B62J 3/00 A,B62J 3/00,手動によるもの,
uploaded,廃止,B62J 3/00 B,B62J 3/00,スポ－クによるもの,
uploaded,廃止,B62J 3/00 C,B62J 3/00,車輪，リムによるもの,
uploaded,廃止,B62J 3/00 D,B62J 3/00,ブレ－キに関係するもの,
uploaded,廃止,B62J 3/00 E,B62J 3/00,電気によるブザ－,
uploaded,廃止,B62J 3/00 F,B62J 3/00,他の機能と組み合わせたもの,
uploaded,廃止,B62J 3/00 G,B62J 3/00,子供自転車用のもの,
uploaded,廃止,B62J 3/00 Z,B62J 3/00,その他のもの,
uploaded,廃止,B62J 6/00 A,B62J 6/00,点灯による方向指示器,
uploaded,廃止,B62J 6/00 B,B62J 6/00,ロ－プ，チエ－ンを介して駆動する方向指示器,
uploaded,廃止,B62J 6/00 C,B62J 6/00,腕が伸縮摺動する方向指示器,
uploaded,廃止,B62J 6/00 D,B62J 6/00,杆，歯車等を介して駆動する方向指示器,
uploaded,廃止,B62J 6/00 E,B62J 6/00,ばね駆動，流体圧駆動する方向指示器,
uploaded,廃止,B62J 6/00 F,B62J 6/00,直接手動する方向指示器,
uploaded,廃止,B62J 6/00 G,B62J 6/00,照明装置〔Ａ．６／０２．６／０４．Ｋ～Ｍ以外のもの〕,
uploaded,廃止,B62J 6/00 K,B62J 6/00,・警告灯,
uploaded,廃止,B62J 6/00 L,B62J 6/00,・制動表示,
uploaded,廃止,B62J 6/00 M,B62J 6/00,・点検等のためのもの,
uploaded,廃止,B62J 6/00 N,B62J 6/00,・制御手段に特徴を有するもの,
uploaded,廃止,B62J 6/00 P,B62J 6/00,・制御手段に特徴を有するもの,
uploaded,廃止,B62J 6/00 Z,B62J 6/00,その他のもの,
uploaded,廃止,B62J 6/02 A,B62J 6/02,電気回路に特徴のあるもの,
uploaded,廃止,B62J 6/02 B,B62J 6/02,発電機と関連するもの,
uploaded,廃止,B62J 6/02 C,B62J 6/02,カバ－，ケ－スを含むランプ自体の構造,
uploaded,廃止,B62J 6/02 D,B62J 6/02,・操作により可動なもの,
uploaded,廃止,B62J 6/02 E,B62J 6/02,・オ－トバイ用,
uploaded,廃止,B62J 6/02 F,B62J 6/02,・・光軸の移動，調整,
uploaded,廃止,B62J 6/02 G,B62J 6/02,支持装置,
uploaded,廃止,B62J 6/02 H,B62J 6/02,・ランプ掛け,
uploaded,廃止,B62J 6/02 J,B62J 6/02,・オ－トバイ用,
uploaded,廃止,B62J 6/02 Z,B62J 6/02,その他のもの〔提灯，ガスランプ他〕,
uploaded,廃止,B62J 6/18,B62J 11/19,・電線の配置［４］,
uploaded,廃止,B62J 9/00 A,B62J 9/00,荷かご,
uploaded,廃止,B62J 9/00 B,B62J 9/00,荷箱,
uploaded,廃止,B62J 9/00 C,B62J 9/00,バツグ,
uploaded,廃止,B62J 9/00 D,B62J 9/00,その他の車体に取付けるようにした入れ物,
uploaded,廃止,B62J 9/00 E,B62J 9/00,それらの取付け，支持手段自体,
uploaded,廃止,B62J 9/00 F,B62J 9/00,出前用支持装置,
uploaded,廃止,B62J 9/00 G,B62J 9/00,車体の構成部分に形成された入れ物,
uploaded,廃止,B62J 9/00 H,B62J 9/00,バツテリ，クリ－ナ，電子制御装置等の入れ物,
uploaded,廃止,B62J 9/00 J,B62J 9/00,・シ－トカバ－を有するもの,
uploaded,廃止,B62J 9/00 Z,B62J 9/00,その他のもの,
uploaded,廃止,B62J 9/02,B62J 9/04,・工具または予備品用のもの,
uploaded,廃止,B62J 11/00 A,B62J 11/00,水筒,
uploaded,廃止,B62J 11/00 B,B62J 11/00,カバン，バツグ,
uploaded,廃止,B62J 11/00 C,B62J 11/00,長尺物〔バツト，ラケツト等〕,
uploaded,廃止,B62J 11/00 D,B62J 11/00,ヘルメツトホルダ－,
uploaded,廃止,B62J 11/00 E,B62J 11/00,かさ立て,
uploaded,廃止,B62J 11/00 F,B62J 11/00,・かさ立て〔不使用時〕,
uploaded,廃止,B62J 11/00 G,B62J 11/00,電装品〔バツテリ－等〕,
uploaded,廃止,B62J 11/00 Z,B62J 11/00,その他のもの,
uploaded,廃止,B62J 17/00 A,B62J 17/00,フエアリング,
uploaded,廃止,B62J 17/00 Z,B62J 17/00,その他のもの,
uploaded,廃止,B62J 17/08 A,B62J 17/08,それ自体保形性のないもの,
uploaded,廃止,B62J 17/08 B,B62J 17/08,それ自体保形性のあるもの,
uploaded,廃止,B62J 17/08 C,B62J 17/08,・保形性のあるもの，フレ－ム付き,
uploaded,廃止,B62J 17/08 Z,B62J 17/08,その他のもの,
uploaded,廃止,B62J 25/00 A,B62J 25/02,ニ－グリツプ,
uploaded,廃止,B62J 25/00 B,B62J 25/04,フロア－状の足載せ,
uploaded,廃止,B62J 25/00 C,B62J 25/06,バ－状の足載せ,
uploaded,廃止,B62J 25/00 Z,B62J 25/00,その他の足載せ,
uploaded,廃止,B62J 27/00 A,B62J 27/00,搭乗者自体の保護,
uploaded,廃止,B62J 27/00 B,B62J 27/00,検知器；検知して作動する機構,
uploaded,廃止,B62J 27/00 Z,B62J 27/00,その他のもの,
uploaded,廃止,B62J 99/00 A,B62J 50/04,装飾,
uploaded,廃止,B62J 99/00 B,B62J 99/00,表示装置,
uploaded,廃止,B62J 99/00 C,B62J 50/26,・ゼッケンプレート；ナンバープレート,
uploaded,廃止,B62J 99/00 D,B62J 50/01,把持部材，例．キャリングハンドル；車体の持ち上げ，運搬,
uploaded,廃止,B62J 99/00 E,B62J 99/00,メータ類の取り付け,
uploaded,廃止,B62J 99/00 F,B62J 45/01,音響装置の取り付け,
uploaded,廃止,B62J 99/00 G,B62J 40/00,エアクリーナ,
uploaded,廃止,B62J 99/00 H,B62J 41/00,ラジエタ自体ならびにその取付け,
uploaded,廃止,B62J 99/00 J,B62J 45/04,センサ,
uploaded,廃止,B62J 99/00 K,B62J 99/00,電装品,
uploaded,廃止,B62J 99/00 L,B62J 50/03,送風装置，導風装置,
uploaded,廃止,B62J 99/00 Z,B62J 99/00,その他のもの,
uploaded,廃止,B63B 35/71,B63B 34/02,・カヌー，カイヤックまたは類似のもの［４，５］,
uploaded,廃止,B63B 35/73,B63B 34/00,・娯楽またはスポーツ用の他の船舶またはそれに類する浮揚構造物［５］,
uploaded,廃止,B63B 35/73 A,B63B 34/01,原動機駆動のもの,
uploaded,廃止,B63B 35/73 B,B63B 34/00,・水上歩行具,
uploaded,廃止,B63B 35/73 C,B63B 34/00,観光船,
uploaded,廃止,B63B 35/73 E,B63B 34/00,浮レジヤ－施設,
uploaded,廃止,B63B 35/73 G,B63B 34/00,・つり用の施設,
uploaded,廃止,B63B 35/73 H,B63B 34/01,・水上スク－タ,
uploaded,廃止,B63B 35/73 J,B63B 34/01,・・翼滑走型,
uploaded,廃止,B63B 35/73 L,B63B 34/01,・腹這姿勢で使用するもの,
uploaded,廃止,B63B 35/73 M,B63B 34/00,人力駆動のもの,
uploaded,廃止,B63B 35/73 N,B63B 34/00,・回転輪,
uploaded,廃止,B63B 35/73 Z,B63B 34/00,その他のもの,
uploaded,廃止,B63B 35/74,B63B 34/05,・・座席を有する身体支持浮力装置［４，５］,
uploaded,廃止,B63B 35/76,B63B 34/05,・・・リング状浮力部材（リング状の救命ブイＢ６３Ｃ９／０８）［４，５］,
uploaded,廃止,B63B 35/78,B63B 34/05,・・・Ｕ字型浮力部材［４，５］,
uploaded,廃止,B63B 35/79,B63B 32/00,・・サーフボード，例．小帆船［５］,
uploaded,廃止,B63B 35/79 A,B63B 32/00,推進されるサ－フボ－ド,
uploaded,廃止,B63B 35/79 B,B63B 32/00,・風力駆動されるもの,
uploaded,廃止,B63B 35/79 C,B63B 32/01,・原動機駆動されるもの,
uploaded,廃止,B63B 35/79 D,B63B 32/00,推進装置をもたないサ－フボ－ド,
uploaded,廃止,B63B 35/79 Z,B63B 32/00,その他のもの,
uploaded,廃止,B63B 35/81,B63B 32/03,・・水上スキー；水上そり［５］,
uploaded,廃止,B63B 35/83,B63B 34/56,・・水上靴；湿地靴［５］,
uploaded,廃止,B63B 35/85,B63B 34/26,・・他に分類されない付属具，例．水上スキー用ストック［５］,
uploaded,廃止,B63B 35/85 A,B63B 34/26,締具、付属具,
uploaded,廃止,B63B 35/85 B,B63B 32/03,・水上スキ－用杖,
uploaded,廃止,B63B 35/85 C,B63B 32/07,中空体装備により浮力を加える装置を有するもの,
uploaded,廃止,B63B 35/85 Z,B63B 34/26,その他のもの,
uploaded,廃止,B63B 38/00,B63B 35/00,他に分類されない船舶またはそれに類する浮揚構造物［５］,
uploaded,廃止,B63H 9/04 A,B63H 8/00,セ－ルボ－ド用,
uploaded,廃止,B63H 9/04 B,B63H 8/21,・ウイツシユボ－ンブ－ム,
uploaded,廃止,B63H 9/04 Z,B63H 8/00,その他のもの,
uploaded,廃止,C01F 17/00 A,C01F 17/00,酸化物；水酸化物〔←前躯体としてのシユウ酸塩〕,
uploaded,廃止,C01F 17/00 B,C01F 17/00,・複数の金属元素を含むもの,
uploaded,廃止,C01F 17/00 D,C01F 17/00,ハロゲンを含むもの,
uploaded,廃止,C01F 17/00 E,C01F 17/00,いおうを含むもの,
uploaded,廃止,C01F 17/00 G,C01F 17/00,処理〔←分離，精製〕,
uploaded,廃止,C01F 17/00 H,C01F 17/00,・イオン交換樹脂によるもの〔←キレ－ト樹脂〕,
uploaded,廃止,C01F 17/00 J,C01F 17/00,・有機溶剤抽出によるもの,
uploaded,廃止,C01F 17/00 Z,C01F 17/00,その他,
uploaded,廃止,C05F 17/02,C05F 17/09,・そのための装置［５］,
uploaded,廃止,C05G 3/00 102,C05G 3/03,・固結防止剤をもつもの,
uploaded,廃止,C05G 3/00 103,C05G 3/04,・溶解調節剤をもつもの,
uploaded,廃止,C05G 3/02,C05G 3/06,・有害生物撲滅剤をもつもの,
uploaded,廃止,C05G 3/04,C05G 3/08,・土壌調整剤をもつもの,
uploaded,廃止,C05G 3/06,C05G 3/07,・湿潤剤をもつもの,
uploaded,廃止,C05G 3/08,C05G 3/09,・土壌中においてアンモニウム化合物または尿素の硝酸化成に影響する薬剤をもつもの,
uploaded,廃止,C05G 3/01,C05G 3/02,・防塵被覆を施したもの［４］,
uploaded,廃止,C05G 5/00 A,C05G 5/02,液状肥料,
uploaded,廃止,C05G 5/00 Z,C05G 5/00,その他のもの,
uploaded,廃止,C07C 68/00 B,C07C 68/01,一酸化炭素および酸素からの,
uploaded,廃止,C07C 68/06 A,C07C 68/065,アルキレンカ－ボネ－トからの,
uploaded,廃止,C07C 68/06 Z,C07C 68/06,その他のもの,
uploaded,廃止,C08J 7/04 D,C08J 7/044,導電性，帯電防止性を目的とするもの,
uploaded,廃止,C08J 7/04 E,C08J 7/043,接着性改善，プライマ－を目的とするもの,
uploaded,廃止,C08J 7/04 F,C08J 7/043 A,・基材を特定したもの,
uploaded,廃止,C08J 7/04 G,C08J 7/043 B,・写真・磁気材料用,
uploaded,廃止,C08J 7/04 K,C08J 7/046,耐摩耗性・表面硬化を目的とするもの,
uploaded,廃止,C08J 7/04 L,C08J 7/046 A,・被覆材を特定したもの,
uploaded,廃止,C08J 7/04 M,C08J 7/046 B,・・Ｓｉ含有系,
uploaded,廃止,C08J 7/04 N,C08J 7/046 C,・・メチロ－ルメラミン系,
uploaded,廃止,C08J 7/04 P,C08J 7/048,ガスバリヤ－性,
uploaded,廃止,C08J 7/04 Q,C08J 7/05,難燃・防火,
uploaded,廃止,C08J 7/04 R,C08J 7/052,ヒ－トシ－ル性,
uploaded,廃止,C08J 7/04 S,C08J 7/054,防曇・防滴,
uploaded,廃止,C08J 7/04 T,C08J 7/056,親水化,
uploaded,廃止,C12C 1/04,C12C 1/027 Z,・発芽；乾燥,
uploaded,廃止,C12C 1/06,C12C 1/027 A,・・単一床または多段床におけるもの,
uploaded,廃止,C12C 1/08,C12C 1/033,・・ボックスまたはドラムにおけるもの,
uploaded,廃止,C12C 1/14,C12C 1/125,・穀粒または麦芽の移動装置,
uploaded,廃止,C12C 7/02,C12C 7/00 A,・水と麦芽の混合,
uploaded,廃止,C12C 7/08,C12C 7/06,・・・水平のかくはん軸をもつもの,
uploaded,廃止,C12C 7/01,C12C 7/06,・・・垂直のかくはん軸をもつもの,
uploaded,廃止,C12C 7/12,C12C 7/06,・・仕込糖化液用冷却装置,
uploaded,廃止,C12C 7/18,C12C 7/28,・麦汁の後処理，例．殺菌,
uploaded,廃止,C12C 9/00,C12C 7/00 Z,ビール麦汁の製造に特に適した方法,
uploaded,廃止,C12C 9/02,C12C 7/00 B,・ビール麦汁の処理；ホップ添加煮沸；ホップ抽出（ビール醸造装置１３／００）,
uploaded,廃止,C12C 9/04,C12C 7/24,・ホップ煮沸と冷却の間のビール麦汁の清澄化,
uploaded,廃止,C12C 9/06,C12C 7/26,・ビール麦汁の冷却；冷却中または冷却後の清澄化,
uploaded,廃止,C12C 9/08,C12C 7/28,・後処理,
uploaded,廃止,C12C 11/04,C12C 11/00 A,・ビール麦汁の発酵,
uploaded,廃止,C12C 13/04,C12C 13/02 A,・・蒸気で加熱されるもの,
uploaded,廃止,C12G 3/02 118,C12G 3/024,・・ぶどう酒以外の果実酒,
uploaded,廃止,C12G 3/02 119,C12G 3/022 119,・・清酒,
uploaded,廃止,C12G 3/02 119 A,C12G 3/022 119 A,原料・清酒用添加物〔除仕込用原料・菌類〕,
uploaded,廃止,C12G 3/02 119 B,C12G 3/022 119 B,原料処理,
uploaded,廃止,C12G 3/02 119 C,C12G 3/022 119 C,・〔蒸煮の〕前処理・調質〔←原料水の処理〕,
uploaded,廃止,C12G 3/02 119 D,C12G 3/022 119 D,・蒸煮,
uploaded,廃止,C12G 3/02 119 E,C12G 3/022 119 E,・冷却・蒸米の搬送,
uploaded,廃止,C12G 3/02 119 F,C12G 3/022 119 F,製麹・麹菌,
uploaded,廃止,C12G 3/02 119 G,C12G 3/022 119 G,酒母〔もと〕・酵母〔酒母用暖気槽→Ｎ〕,
uploaded,廃止,C12G 3/02 119 H,C12G 3/022 119 H,仕込み原料及びその割合,
uploaded,廃止,C12G 3/02 119 J,C12G 3/022 119 J,発酵方法・発酵条件,
uploaded,廃止,C12G 3/02 119 K,C12G 3/022 119 K,発酵装置〔←付属装置〕,
uploaded,廃止,C12G 3/02 119 L,C12G 3/022 119 L,・発酵タンク・発酵槽〔Ｍ～Ｒ優先〕,
uploaded,廃止,C12G 3/02 119 M,C12G 3/022 119 M,・撹拌・汲みかけ,
uploaded,廃止,C12G 3/02 119 N,C12G 3/022 119 N,・加熱、冷却手段による温度制御〔←酒母用暖気槽〕,
uploaded,廃止,C12G 3/02 119 P,C12G 3/022 119 P,・消泡,
uploaded,廃止,C12G 3/02 119 Q,C12G 3/022 119 Q,蓋及びその密閉、泡笠,
uploaded,廃止,C12G 3/02 119 R,C12G 3/022 119 R,・連続装置,
uploaded,廃止,C12G 3/02 119 S,C12G 3/022 119 S,発酵後の処理〔香味改良→３／０６〕,
uploaded,廃止,C12G 3/02 119 T,C12G 3/022 119 T,・圧搾・濾過,
uploaded,廃止,C12G 3/02 119 U,C12G 3/022 119 U,・清澄化、おり下げ〔火入れ→Ｓ〕,
uploaded,廃止,C12G 3/02 119 V,C12G 3/022 119 V,酒粕〔粕はぎ→装置Ｔ〕,
uploaded,廃止,C12G 3/02 119 Z,C12G 3/022 119 Z,その他のもの,
uploaded,廃止,C12G 3/08 101,C12G 3/005,・・固形酒,
uploaded,廃止,C12G 3/01,C12H 6/00,・・アルコール含量の増加,
uploaded,廃止,C12G 3/12,C12H 6/02,・・・蒸留によるもの,
uploaded,廃止,D06F 33/02,D06F 33/03,・電気的なもの,
uploaded,廃止,D06F 33/02 A,D06F 33/03,報知または表示の制御に特徴のあるもの,
uploaded,廃止,D06F 33/02 C,D06F 33/03,水平軸周りに回転する容器を備えた機械に特有なもの,
uploaded,廃止,D06F 33/02 D,D06F 33/03,複数の洗たくユニツトを制御するもの,
uploaded,廃止,D06F 33/02 E,D06F 33/03,洗たくモ－タの駆動制御,
uploaded,廃止,D06F 33/02 F,D06F 33/03,・回転槽の回転制御,
uploaded,廃止,D06F 33/02 G,D06F 33/03,・・給水を伴うもの,
uploaded,廃止,D06F 33/02 H,D06F 33/03,・・上部にのみ脱水孔を設けた回転槽の制御,
uploaded,廃止,D06F 33/02 J,D06F 33/03,・・回転槽の異常振動に対するもの,
uploaded,廃止,D06F 33/02 K,D06F 33/03,・回転翼の回転制御,
uploaded,廃止,D06F 33/02 L,D06F 33/03,・撹拌翼の回転制御,
uploaded,廃止,D06F 33/02 M,D06F 33/03,カム式タイマ－により連続的制御を行なう点に特徴を有するもの,
uploaded,廃止,D06F 33/02 N,D06F 33/03,電子的制御装置により連続的制御を行なう点に特徴を有するもの,
uploaded,廃止,D06F 33/02 P,D06F 33/03,・センサを設けたもの,
uploaded,廃止,D06F 33/02 Q,D06F 33/03,・・水の透明度を検出するもの,
uploaded,廃止,D06F 33/02 R,D06F 33/03,・・モ－タの負荷を検出するもの,
uploaded,廃止,D06F 33/02 S,D06F 33/03,予洗，侵し工程または洗剤，液剤投入工程を設けた点に特徴を有するもの,
uploaded,廃止,D06F 33/02 T,D06F 33/03,水の供給，排出の制御に特徴を有するもの,
uploaded,廃止,D06F 33/02 Z,D06F 33/03,その他のもの,
uploaded,廃止,D06F 58/28,D06F 58/32,・・制御または調整（制御または調整一般Ｇ０５）［３］,
uploaded,廃止,D06F 58/28 A,D06F 58/32,検知して制御するもの,
uploaded,廃止,D06F 58/28 B,D06F 58/32,・湿度，水分を検知するもの,
uploaded,廃止,D06F 58/28 C,D06F 58/32,・温度を検知するもの,
uploaded,廃止,D06F 58/28 D,D06F 58/32,・フイルタ－の目詰りを検知するもの,
uploaded,廃止,D06F 58/28 E,D06F 58/32,燃焼式乾燥機の制御,
uploaded,廃止,D06F 58/28 F,D06F 58/32,ドアの開閉と連動して制御するもの,
uploaded,廃止,D06F 58/28 Z,D06F 58/32,その他のもの,
uploaded,廃止,F22B 17/02 A,F22B 17/02,１７／０２～１７／０８に相当,
uploaded,廃止,F22B 17/02 Z,F22B 17/02,その他のもの,
uploaded,廃止,F22B 17/01 A,F22B 17/01,１７／１０～１７／１４に相当,
uploaded,廃止,F22B 17/01 Z,F22B 17/01,その他のもの,
uploaded,廃止,F22B 21/14 A,F22B 21/14,２１／１４，２１／１６に相当,
uploaded,廃止,F22B 21/14 Z,F22B 21/14,その他のもの,
uploaded,廃止,G01B 3/01 101,G01B 3/01,・・・容器又は付属品,
uploaded,廃止,G01B 3/01 A,G01B 3/01,巻尺,
uploaded,廃止,G01B 3/01 Y,G01B 3/01,ロ－プ等,
uploaded,廃止,G01B 3/01 Z,G01B 3/01,その他のもの,
uploaded,廃止,G01L 5/01 G,G01L 5/107,三点ロ－ラ式,
uploaded,廃止,G01R 31/02,G01R 31/05,・電気的装置，電線または構成要素の短絡，断線，漏洩もしくは誤接続の試験,
uploaded,廃止,G01R 31/04,G01R 31/66,・・接続部，例．プラグまたは切り離しのできないジョイント，の試験,
uploaded,廃止,G01R 31/06,G01R 31/72,・・電気巻線の試験，例．極性のためのもの（巻数，変成比，結合係数の測定２９／２０）,
uploaded,廃止,G01S 13/93 200,G01S 13/933,・・・航空機のためのもの,
uploaded,廃止,G01S 13/93 210,G01S 13/937,・・・船舶のためのもの,
uploaded,廃止,G01S 13/93 220,G01S 13/931,・・・車両のためのもの,
uploaded,廃止,G01S 13/94,G01S 13/935,・・地形回避用のもの［３］,
uploaded,廃止,G02B 27/22,G02B 30/00,・立体視または他の３次元効果を生ずるもの（顕微鏡Ｇ０２Ｂ２１／２２；観察装置Ｇ０２Ｂ２７／０２）,
uploaded,廃止,G02B 27/24,G02B 30/06,・・反射プリズムと反射鏡のみを含むもの,
uploaded,廃止,G02B 27/26,G02B 30/25,・・偏光手段をもつもの,
uploaded,廃止,G06F 3/041 699,G06F 3/041,・・・・再解析時に一時的に利用（解析終了後廃止予定）,
uploaded,廃止,G06F 13/00 301,G06F 11/07,・入出力系のエラ－検出；エラ－訂正；監視,
uploaded,廃止,G06F 13/00 301 A,G06F 11/03,監視〔例．バス・チヤネルの監視〕,
uploaded,廃止,G06F 13/00 301 B,G06F 11/07,・時間監視,
uploaded,廃止,G06F 13/00 301 C,G06F 11/07,・履歴記憶〔例．バストレ－サ，チヤネルログ〕,
uploaded,廃止,G06F 13/00 301 D,G06F 11/07,誤動作対策〔例．エラ－回数に基づくもの〕,
uploaded,廃止,G06F 13/00 301 E,G06F 11/07,・障害検出〔例．バス・チヤネル障害用〕,
uploaded,廃止,G06F 13/00 301 F,G06F 11/01,・・符号誤り検出,
uploaded,廃止,G06F 13/00 301 G,G06F 11/01,・・二重選択検出,
uploaded,廃止,G06F 13/00 301 H,G06F 11/02,・障害表示,
uploaded,廃止,G06F 13/00 301 J,G06F 11/07,・障害報告,
uploaded,廃止,G06F 13/00 301 K,G06F 11/07,・障害回復,
uploaded,廃止,G06F 13/00 301 L,G06F 11/01,・・符号誤り訂正,
uploaded,廃止,G06F 13/00 301 M,G06F 11/07,・・切り離し,
uploaded,廃止,G06F 13/00 301 N,G06F 11/07,・・イニシヤライズ,
uploaded,廃止,G06F 13/00 301 P,G06F 11/02,・・多重化,
uploaded,廃止,G06F 13/00 301 Q,G06F 11/14,・・再試行,
uploaded,廃止,G06F 13/00 301 R,G06F 11/02,・保護・退避,
uploaded,廃止,G06F 13/00 301 S,G06F 11/00,・雑音対策,
uploaded,廃止,G06F 13/00 301 T,G06F 11/22,試験,
uploaded,廃止,G06F 13/00 301 U,G06F 11/22,・返送・照合・入出力比較,
uploaded,廃止,G06F 13/00 301 V,G06F 11/22,診断,
uploaded,廃止,G06F 13/00 301 W,G06F 11/07,・障害箇所探索,
uploaded,廃止,G06F 13/00 301 X,G06F 11/26,・シミユレ－シヨン,
uploaded,廃止,G06F 13/00 301 Y,G06F 3/00 Q,電源関連,
uploaded,廃止,G06F 13/00 301 Z,G06F 11/22,その他,
uploaded,廃止,G06F 13/28 310 D,G06F 13/28 310 A,エラ－対策,
uploaded,廃止,G06F 13/36 520 C,G06F 13/36 520 Z,監視・障害対策〔バスの監視→１３／００〕,
uploaded,廃止,G06F 13/362 520 C,G06F 13/362 520 Z,監視・エラ－対策,
uploaded,廃止,G06F 17/02,G06F 40/00,・自然言語データの取扱い（音声の分析または合成Ｇ１０Ｌ）［６］,
uploaded,廃止,G06F 17/21,G06F 40/01,・・テキスト処理（１７／２７，１７／２８が優先；植字機用システムＢ４１Ｂ２７／００）［６］,
uploaded,廃止,G06F 17/21 610,G06F 40/103,・・・フォーマッティング，すなわちドキュメントのプレゼンテーションを変更するもの（Ｇ０６Ｆ１７／２５，Ｇ０６Ｆ１７／２６が優先）,
uploaded,廃止,G06F 17/21 620,G06F 40/106,・・・・ドキュメントのレイアウト表示；プレビュー,
uploaded,廃止,G06F 17/21 640,G06F 40/109,・・・・フォント処理；時間的および動的タイポグラフィ,
uploaded,廃止,G06F 17/21 650,G06F 40/111,・・・・数学的または科学的，下付き文字，上付き文字,
uploaded,廃止,G06F 17/21 670,G06F 40/114,・・・・ページネーション,
uploaded,廃止,G06F 17/21 680,G06F 40/117,・・・・タグ付け；マーキングアップ（マークアップ言語の細部Ｇ０６Ｆ１７／２２）；ブロックの指定；属性の設定（スタイルシート，例えば拡張型スタイルシート言語変換［ＸＳＬ－Ｔ］Ｇ０６Ｆ１７／２２，６７０）,
uploaded,廃止,G06F 17/22,G06F 40/12,・・・符号の使用による操作または登録，例．テキスト文字列におけるもの［６］,
uploaded,廃止,G06F 17/22 605,G06F 40/123,・・・・ストレージ,
uploaded,廃止,G06F 17/22 611,G06F 40/194,・・・・ファイル間の差の計算,
uploaded,廃止,G06F 17/22 617,G06F 40/126,・・・・文字符号化,
uploaded,廃止,G06F 17/22 623,G06F 40/129,・・・・・非ラテン語文字の取扱い，例．仮名から漢字への変換,
uploaded,廃止,G06F 17/22 629,G06F 40/131,・・・・テキストファイルの断片化，例．再使用可能なテキストブロックで断片へ連結するものを含むもの，Ｘインクルード，ネームスペース,
uploaded,廃止,G06F 17/22 635,G06F 40/134,・・・・ハイパーリンク（ハイパーリンクに基づく情報検索Ｇ０６Ｆ１７／３００１４［ＣＰＣ］）,
uploaded,廃止,G06F 17/22 641,G06F 40/137,・・・・階層的処理，例．アウトライン,
uploaded,廃止,G06F 17/22 647,G06F 40/14,・・・・ツリー構造のドキュメント；マークアップ，例．標準的な一般的マークアップ言語［ＳＧＭＬ］，ドキュメントタイプの定義［ＤＴＤ］（確認および解析処理Ｇ０６Ｆ１７／２７，６０５；データ検索Ｇ０６Ｆ１７／３０；符号化および圧縮Ｈ０３Ｍ）,
uploaded,廃止,G06F 17/22 652,G06F 40/146,・・・・コーディングまたは木構造データの圧縮（一般的なの符号化および圧縮Ｈ０３Ｍ７／３０）,
uploaded,廃止,G06F 17/22 658,G06F 40/149,・・・・ストリーミングのためのテキストデータの適応，例．ＸＳｔｒｅａｍ,
uploaded,廃止,G06F 17/22 664,G06F 40/151,・・・・変換,
uploaded,廃止,G06F 17/22 670,G06F 40/154,・・・・・ツリー構造またはマークアップのドキュメントのためのツリー変換，例．拡張型スタイルシート言語変換［ＸＳＬ－Ｔ］スタイルシート，オムニマーク，バリス,
uploaded,廃止,G06F 17/22 676,G06F 40/157,・・・・・辞書またはテーブルを使用するもの,
uploaded,廃止,G06F 17/22 682,G06F 40/16,・・・・・変換規則を自動的に学習するもの，例．例により学習するもの,
uploaded,廃止,G06F 17/22 688,G06F 40/197,・・・・バージョン制御,
uploaded,廃止,G06F 17/22 694,G06F 40/163,・・・・空白の取扱い,
uploaded,廃止,G06F 17/24,G06F 40/166,・・・編集，例．挿入／削除［６］,
uploaded,廃止,G06F 17/24 610,G06F 40/169,・・・・注，例．コメントデータ，脚注,
uploaded,廃止,G06F 17/24 620,G06F 40/171,・・・・デジタルインクの使用によるもの,
uploaded,廃止,G06F 17/24 630,G06F 40/174,・・・・書式充填；組合せ，例．書式またはテキストのグラフィック処理,
uploaded,廃止,G06F 17/24 650,G06F 40/177,・・・・テーブル；罫線,
uploaded,廃止,G06F 17/24 660,G06F 40/18,・・・・スプレッドシート（リレーショナルデータベースＧ０６Ｆ１７／３０Ｒ［ＥＣＬＡ］；書式充填Ｇ０６Ｆ１７／２４，６３０）,
uploaded,廃止,G06F 17/24 670,G06F 40/183,・・・・タビュレーション，例．一次元的な位置決め,
uploaded,廃止,G06F 17/24 680,G06F 40/186,・・・・テンプレート,
uploaded,廃止,G06F 17/25,G06F 40/189,・・・自動行揃え［６］,
uploaded,廃止,G06F 17/26,G06F 40/191,・・・自動ハイフン付け［６］,
uploaded,廃止,G06F 17/27,G06F 40/02,・・自動言語解析，例．構文解析，綴字訂正［６］,
uploaded,廃止,G06F 17/27 605,G06F 40/205,・・・解析処理,
uploaded,廃止,G06F 17/27 610,G06F 40/211,・・・・構文の解析処理，例．文脈自由文法［ＣＦＧ］に基づくもの，ユニフィケーション文法,
uploaded,廃止,G06F 17/27 615,G06F 40/216,・・・・統計的方法,
uploaded,廃止,G06F 17/27 620,G06F 40/221,・・・・マークアップ言語ストリームの解析処理（ストリーミングＧ０６Ｆ１７／２２，６５８）,
uploaded,廃止,G06F 17/27 625,G06F 40/226,・・・・確認,
uploaded,廃止,G06F 17/27 630,G06F 40/232,・・・綴字訂正，例．綴字照合をするもの，母音化,
uploaded,廃止,G06F 17/27 635,G06F 40/242,・・・辞書,
uploaded,廃止,G06F 17/27 640,G06F 40/253,・・・文法的解析；文体批評,
uploaded,廃止,G06F 17/27 645,G06F 40/258,・・・見出し抽出；自動的な題付け，番号付け,
uploaded,廃止,G06F 17/27 650,G06F 40/263,・・・言語の識別,
uploaded,廃止,G06F 17/27 655,G06F 40/268,・・・形態素解析,
uploaded,廃止,G06F 17/27 660,G06F 40/274,・・・ステノタイプ記録，符号化されたワード，部分ワード入力,
uploaded,廃止,G06F 17/27 665,G06F 40/279,・・・認識,
uploaded,廃止,G06F 17/27 670,G06F 40/284,・・・・字句解析，例．トークン化，連結,
uploaded,廃止,G06F 17/27 675,G06F 40/289,・・・・句の解析，例．有限状態技法，チャンキング,
uploaded,廃止,G06F 17/27 680,G06F 40/295,・・・・・指定されたエンティティの認識,
uploaded,廃止,G06F 17/27 685,G06F 40/03,・・・セマンティック解析,
uploaded,廃止,G06F 17/27 690,G06F 40/35,・・・・談話表示,
uploaded,廃止,G06F 17/27 695,G06F 40/247,・・・シソーラス；同義語,
uploaded,廃止,G06F 17/28,G06F 40/04,・・自然言語の処理または翻訳（１７／２７が優先）［６］,
uploaded,廃止,G06F 17/28 609,G06F 40/42,・・・データ駆動翻訳,
uploaded,廃止,G06F 17/28 618,G06F 40/44,・・・・統計的方法，例．確率モデル,
uploaded,廃止,G06F 17/28 627,G06F 40/45,・・・・例に基づく機械翻訳；アライメント,
uploaded,廃止,G06F 17/28 636,G06F 40/47,・・・・機械介助による翻訳，例．翻訳メモリ,
uploaded,廃止,G06F 17/28 645,G06F 40/49,・・・・非常に大きいコーパスを使用するもの，例．ワールドワイド・ウエブ［ＷＷＷ］,
uploaded,廃止,G06F 17/28 654,G06F 40/51,・・・翻訳評価,
uploaded,廃止,G06F 17/28 663,G06F 40/53,・・・非ラテン語テキストの処理（仮名から漢字への変換Ｇ０６Ｆ１７／２２，６２３，母音化Ｇ０６Ｆ１７／２７，６３０）,
uploaded,廃止,G06F 17/28 672,G06F 40/55,・・・規則に基づく翻訳,
uploaded,廃止,G06F 17/28 681,G06F 40/56,・・・・自然言語の生成,
uploaded,廃止,G06F 17/28 690,G06F 40/58,・・・機械翻訳の使用，例．多言語検索，クライアント装置のためのサーバー側翻訳，実時間翻訳（データ検索Ｇ０６Ｆ１７／３０，管理方法および業務方法Ｇ０６Ｑ１０／００，Ｇ０６Ｑ３０／００）,
uploaded,廃止,G07C 9/02,G07C 9/01,・登録手段をもつ廻り木戸（コイン解放機構Ｇ０７Ｆ）,
uploaded,廃止,G10D 1/00 100,G10D 3/22,・弦楽器の製造のための材料またはその取扱い,
uploaded,廃止,G10D 3/00 110,G10D 3/01,・エンドピンまたはその付属品,
uploaded,廃止,G10D 3/00 120,G10D 3/02,・楽器と分離した弦巻器（Ｇ１０Ｃ９／００が優先）,
uploaded,廃止,G10D 3/00 130,G10D 3/06,・ネック,
uploaded,廃止,G10D 3/04 110,G10D 3/053,・・カポタスト,
uploaded,廃止,G10D 3/04 120,G10D 3/046,・・弱音器,
uploaded,廃止,G10D 3/08 110,G10D 3/09,・・・チター用,
uploaded,廃止,G10D 3/14 110,G10D 3/147,・・演奏中に弦の張力を変えるための装置,
uploaded,廃止,G10D 3/14 111,G10D 3/153,・・・トレモロ装置,
uploaded,廃止,G10D 3/16 110,G10D 3/173,・・ばちまたは類似の演奏用具,
uploaded,廃止,G10D 3/16 120,G10D 3/166,・・弓のガイド,
uploaded,廃止,G10D 7/00 110,G10D 9/08,・気鳴楽器の製造のための材料またはその取扱い,
uploaded,廃止,G10D 7/02 110,G10D 7/026,・・フルート；ピッコロ；横笛,
uploaded,廃止,G10D 7/02 120,G10D 7/03,・・リコーダー,
uploaded,廃止,G10D 7/06 110,G10D 7/063,・・オーボエ，バスーンまたはバグパイプ,
uploaded,廃止,G10D 7/06 120,G10D 7/066,・・クラリネット,
uploaded,廃止,G10D 7/12 110,G10D 7/14,・・ハーモニカ,
uploaded,廃止,G10D 7/12 120,G10D 7/16,・・鍵盤ハーモニカ,
uploaded,廃止,G10D 9/00 110,G10D 9/01,・管楽器のための管,
uploaded,廃止,G10D 9/00 111,G10D 9/01 100,・・管の接続,
uploaded,廃止,G10D 9/00 112,G10D 9/08,・・管の製造のための材料またはその取扱い,
uploaded,廃止,G10D 9/00 150,G10D 9/01,・調律機構,
uploaded,廃止,G10D 9/00 170,G10D 9/025,・ハーモニカのための可動なマウスピース,
uploaded,廃止,G10D 9/02 110,G10D 9/02 200,・・吹口,
uploaded,廃止,G10D 9/02 111,G10D 9/03,・・・カップ状の吹口,
uploaded,廃止,G10D 9/02 120,G10D 9/035,・・リード,
uploaded,廃止,G10D 9/04 110,G10D 9/047,・・鍵またはタンポ,
uploaded,廃止,G10D 9/04 120,G10D 9/053,・・ピッチを連続的に変化させる機構をもつもの,
uploaded,廃止,G10D 13/00 100,G10D 13/01,・打楽器の全体構造,
uploaded,廃止,G10D 13/00 120,G10D 13/01,・・練習用のもの,
uploaded,廃止,G10D 13/00 150,G10D 13/01,・打楽器の細部または付属品,
uploaded,廃止,G10D 13/00 160,G10D 13/01 100,・・発音体,
uploaded,廃止,G10D 13/00 170,G10D 13/01 110,・・発音体係止装置（Ｇ１０Ｄ１３／００，１８０が優先）,
uploaded,廃止,G10D 13/00 171,G10D 13/01 111,・・・ヘッド枠または音板の係止孔,
uploaded,廃止,G10D 13/00 180,G10D 13/16 100,・・調律機構,
uploaded,廃止,G10D 13/00 181,G10D 13/16 101,・・・ペダルによるもの,
uploaded,廃止,G10D 13/00 190,G10D 13/12,・・ドラムスティック；マレット；ばち等の演奏用具,
uploaded,廃止,G10D 13/00 191,G10D 13/11,・・・ペダル付きドラムビーター,
uploaded,廃止,G10D 13/00 200,G10D 13/01 120,・・保護具または付属品,
uploaded,廃止,G10D 13/00 201,G10D 13/01 130,・・・楽器と一体の容器,
uploaded,廃止,G10D 13/00 202,G10D 13/01 140,・・・支持具,
uploaded,廃止,G10D 13/00 203,G10D 13/01 150,・・・製造または保守のための工具,
uploaded,廃止,G10D 13/00 230,G10D 13/01 160,・・電子打楽器の機械的細部,
uploaded,廃止,G10D 13/00 240,G10D 13/01 170,・・音色またはピッチを変えるもの,
uploaded,廃止,G10D 13/00 250,G10D 13/01 180,・・共鳴手段または響胴（Ｇ１０Ｄ１３／００，１６０が優先）,
uploaded,廃止,G10D 13/00 251,G10D 13/18,・・・響線,
uploaded,廃止,G10D 13/00 260,G10D 13/14,・・弱音器,
uploaded,廃止,G10D 13/00 300,G10D 13/24,・打楽器の製造のための材料またはその取扱い,
uploaded,廃止,G10D 13/06 110,G10D 13/063,・・シンバル，ドラまたはにょうはち,
uploaded,廃止,G10D 13/06 111,G10D 13/065,・・・ハイハットシンバル,
uploaded,廃止,G10D 13/08 140,G10D 13/09,・・鍵盤を有するもの,
uploaded,廃止,H03K 19/177 104,H03K 19/17704,・・・・行または列の相互接続により実現された論理機能であるもの,
uploaded,廃止,H03K 19/177 124,H03K 19/17724,・・・・論理ブロックの構造の細部,
uploaded,廃止,H03K 19/177 128,H03K 19/17728,・・・・・再構成可能な論理ブロック，例．ルックアップテーブル,
uploaded,廃止,H03K 19/177 132,H03K 19/17732,・・・・・マクロブロック,
uploaded,廃止,H03K 19/177 136,H03K 19/17736,・・・・経路リソースの構造の細部,
uploaded,廃止,H03K 19/177 148,H03K 19/17748,・・・・構成リソースの構造の細部,
uploaded,廃止,H03K 19/177 180,H03K 19/1778,・・・・適応物理パラメータのための構造の細部,
uploaded,廃止,H05B 37/00,H05B 47/00,電気的光源の回路装置一般,
uploaded,廃止,H05B 37/02,H05B 47/00,・制御,
uploaded,廃止,H05B 37/02 A,H05B 47/00,電力線搬送〔含三路スイツチ，電源連続ＯＦＦ，ＯＮによる調光〕,
uploaded,廃止,H05B 37/02 B,H05B 47/00,信号線を有するもの,
uploaded,廃止,H05B 37/02 C,H05B 47/00,無線調光〔含，光・音声信号〕,
uploaded,廃止,H05B 37/02 D,H05B 47/00,照度検知して自動点・調光,
uploaded,廃止,H05B 37/02 E,H05B 47/00,近接ドアスイツチ，音声で点灯,
uploaded,廃止,H05B 37/02 F,H05B 47/00,タイマ、プログラム、遅延消灯,
uploaded,廃止,H05B 37/02 G,H05B 47/00,演算処理，マイコン,
uploaded,廃止,H05B 37/02 H,H05B 47/00,パタ－ン調光，複数灯の選択的点灯,
uploaded,廃止,H05B 37/02 J,H05B 45/00,精度、出力波形、回路構成、安定動作,
uploaded,廃止,H05B 37/02 K,H05B 47/00,雑音，保護,
uploaded,廃止,H05B 37/02 L,H05B 47/00,色彩，視感度，フエ－ドイン，フエ－ドアウト,
uploaded,廃止,H05B 37/02 M,H05B 47/00,器具構造,
uploaded,廃止,H05B 37/02 N,H05B 47/00,大型・スタジオ調光,
uploaded,廃止,H05B 37/02 P,H05B 47/00,・クロスフエ－ド,
uploaded,廃止,H05B 37/02 Q,H05B 47/00,・視感度，光束変化曲線,
uploaded,廃止,H05B 37/02 R,H05B 47/00,・調光確認，調光表示,
uploaded,廃止,H05B 37/02 S,H05B 47/00,・修正,
uploaded,廃止,H05B 37/02 T,H05B 47/00,・記憶，読出し,
uploaded,廃止,H05B 37/02 U,H05B 47/00,表示一般,
uploaded,廃止,H05B 37/02 Z,H05B 47/00,その他のもの,
uploaded,廃止,H05B 37/03,H05B 47/02,・ランプの故障の検出,
uploaded,廃止,H05B 37/03 A,H05B 47/02,点灯，消灯時とも検知,
uploaded,廃止,H05B 37/03 B,H05B 47/02,点灯時のみ検知〔Ｅが優先〕,
uploaded,廃止,H05B 37/03 C,H05B 47/02,消灯時のみ検知,
uploaded,廃止,H05B 37/03 D,H05B 47/02,直列多灯の点灯回路に適したもの,
uploaded,廃止,H05B 37/03 E,H05B 47/02,ランプ光による検出（含、ランプの電流以外の物理的特性によるもの）,
uploaded,廃止,H05B 37/03 F,H05B 47/02,強制点灯によるチエツク,
uploaded,廃止,H05B 37/03 Z,H05B 47/02,その他のもの,
uploaded,廃止,H05B 37/04,H05B 47/29,・・故障の場合に光源の取り替えに備えた回路,
uploaded,廃止,H05B 43/00,H05B 47/00,他に分類されない光源の回路装置（Ｈ０５Ｂ３７／００が優先）,
uploaded,廃止,H05B 43/02,H05B 46/00,・可燃性物質を充てんした光源のためのもの,
uploaded,タイトル変更,A01F 25/02,A01F 25/02,・囲い；穴,・囲いまたは穴
uploaded,タイトル変更,A01J 5/00,A01J 5/00,搾乳機または装置（Ａ０１Ｊ１／００，Ａ０１Ｊ３／００が優先；搾乳場Ａ０１Ｋ１／１２）,搾乳機または装置（Ａ０１Ｊ１／００，Ａ０１Ｊ３／００が優先）［２００６．０１］
uploaded,タイトル変更,A01J 7/00,A01J 7/00,搾乳機のための付属具（搾乳場Ａ０１Ｋ１／１２）［５，６］,搾乳機のための付属具［２００６．０１］
uploaded,タイトル変更,A01J 7/02,A01J 7/02,・搾乳機または装置の清掃または消毒用（搾乳機のパイプやチューブの内部表面の清掃Ｂ０８Ｂ９／０２７）［６］,・搾乳機または装置の清掃または消毒用［２００６．０１］
uploaded,タイトル変更,A01J 9/00,A01J 9/00,乳容器（容器一般Ｂ６５Ｄ；容器の傾動および荷あけのための装置Ｂ６５Ｇ６５／２３）,乳容器［２００６．０１］
uploaded,タイトル変更,A01J 11/00,A01J 11/00,乳を処理するための装置（保存または滅菌Ａ２３Ｃ）,乳を処理するための装置（乳製品の濃縮，蒸発または乾燥Ａ２３Ｃ１／００；乳または乳調製品の保存Ａ２３Ｃ３／００）［２００６．０１］
uploaded,タイトル変更,A01J 11/02,A01J 11/02,・泡を防ぐ器具または消す器具（台所における料理用容器中のミルク沸騰防止Ａ４７Ｊ２７／５６；沸騰装置における発泡防止Ｂ０１Ｂ１／０２）,・泡を防ぐ器具または消す器具（台所における料理用容器中のミルク沸騰防止Ａ４７Ｊ２７／５６）［２００６．０１］
uploaded,タイトル変更,A01J 11/04,A01J 11/04,・乳に通気する器具または脱気する器具（乳用遠心分離機Ｂ０４Ｂ）,・乳に通気する器具または脱気する器具［２００６．０１］
uploaded,タイトル変更,A01J 11/06,A01J 11/06,・乳のための濾過機または濾過装置（濾過材料Ｂ０１Ｄ）,・乳のための濾過機または濾過装置［２００６．０１］
uploaded,タイトル変更,A01J 11/01,A01J 11/01,・クリームからの乳の分離（乳用遠心機Ｂ０４Ｂ）,・クリームからの乳の分離［２００６．０１］
uploaded,タイトル変更,A01J 11/16,A01J 11/16,・乳の均質化（均質化一般Ｂ０１Ｆ）,・乳の均質化［２００６．０１］
uploaded,タイトル変更,A01J 15/25,A01J 15/25,・・バターをチャーンまたはそれに類似するものから取出す手段（そのためのポンプＦ０４）,・・バターをチャーンまたはそれに類似するものから取出す手段［２００６．０１］
uploaded,タイトル変更,A01J 17/00,A01J 17/00,バターまたは類似のもののための混練機（生地仕込用の混合または混捏（ねつ）の機械Ａ２１Ｃ１／００）,バターまたは類似のもののための混練機［２００６．０１］
uploaded,タイトル変更,A01J 27/02,A01J 27/02,・チーズの被覆，例．パラフインワックスによるもの（表面に液体または流体を作用させるもの一般Ｂ０５）,・チーズの被覆，例．パラフインワックスによるもの［２００６．０１］
uploaded,タイトル変更,A01K 39/014,A01K 39/014,・・給餌樋；給餌投与具［２］,・・給餌樋または給餌投与具［２］
uploaded,タイトル変更,A01L 11/00,A01L 11/00,蹄鉄用工具または器具（圧延による馬蹄鉄作りＢ２１Ｈ７／１２，鍛造によるものＢ２１Ｋ１５／０２）,蹄鉄用工具または器具［２００６．０１］
uploaded,タイトル変更,A01N 63/00,A01N 63/00,殺生物剤，有害生物忌避剤または誘引剤，または植物生長調節剤であって，微生物，ビールス，かびまたは動物，例．線虫，を含むもの，あるいは微生物，ビールス，かびまたは動物によって生産された，またはそれらから採取された物質，例．酵素または発酵生産物（構造決定化合物を含むものＡ０１Ｎ２７／００～Ａ０１Ｎ５９／００）［３］,殺生物剤，有害生物忌避剤または誘引剤，または植物生長調節剤であって，微生物，ウイルス，微生物菌類または動物を含むもの，あるいは微生物，ウイルス，微生物菌類または動物によって生産された，またはそれらから採取された物質，例．酵素または発酵生産物（構造決定化合物を含むものＡ０１Ｎ２７／００～Ａ０１Ｎ５９／００；単細胞の藻類Ａ０１Ｎ６５／０３）［２０２０．０１］
uploaded,タイトル変更,A24C 5/14 A,A24C 5/14 A,穿孔「←棒状体を扱うもの，ｃｆ．紙自体に対する穿孔→Ｂ２６Ｆ〕,穿孔，例．棒状体を扱うもの（紙自体に対する穿孔Ｂ２６Ｆ）
uploaded,タイトル変更,A24C 5/32,A24C 5/32,・紙巻たばこの分離，配列，計数または検査（包装に関してはＢ６５Ｂ１９／００）；棒状体または紙巻たばこの状態によってたばこの供給を調整すること（材料の化学的または物理的特性の検出による材料の調査または分析Ｇ０１Ｎ；制御一般Ｇ０５）,・紙巻たばこの分離，配列，計数または検査（包装に関してはＢ６５Ｂ１９／００）；棒状体または紙巻たばこの状態によってたばこの供給を調整すること［２００６．０１］
uploaded,タイトル変更,A24C 5/34 A,A24C 5/34 A,たばこの供給を調整するもの〔←トリミング〕,たばこの供給を調整するもの，例．トリミング
uploaded,タイトル変更,A24C 5/47,A24C 5/47,・葉巻たばこまたは紙巻たばこへのフィルタまたはマウスピースの装着，例．紙巻たばこまたはそのマウスピースへのフィルタの挿入（Ａ２４Ｃ５／５２が優先；フィルタ，その製造，マウスピースＡ２４Ｄ３／００）［３］,・葉巻たばこまたは紙巻たばこへのフィルタまたはマウスピースの装着，例．紙巻たばこまたはそのマウスピースへのフィルタの挿入（Ａ２４Ｃ５／５２が優先）［２００６．０１］
uploaded,タイトル変更,A24C 5/52,A24C 5/52,・紙巻たばこまたはたばこ棒状体中へのフィルタまたはマウスピースの組込み（フィルタ，その製造，マウスピースＡ２４Ｄ３／００）,・紙巻たばこまたはたばこ棒状体中へのフィルタまたはマウスピースの組込み［２００６．０１］
uploaded,タイトル変更,A24C 5/56,A24C 5/56,・機械的手段によるチップ材料，例．葉巻たばこまたは紙巻たばこのマウスピース用シートコルク，の製造（チップ材料を製造する化学的な部分Ｃ０８；紙巻たばこ用巻紙Ｄ２１Ｈ）,・機械的手段によるチップ材料，例．葉巻たばこまたは紙巻たばこのマウスピース用シートコルク，の製造［２００６．０１］
uploaded,タイトル変更,A24D 3/00,A24D 3/00,たばこ煙フィルタ，例．フィルタチップ，フィルタ作用をする挿入片（フィルタ一般Ｂ０１Ｄ）；葉巻たばこまたは紙巻たばこのマウスピース（パイプ用，たばこホルダー用のものＡ２４Ｆ７／００）［３］,たばこ煙フィルタ，例．フィルタチップ，フィルタ作用をする挿入片；擬似喫煙具に特に適合されるフィルタ；葉巻たばこまたは紙巻たばこのマウスピース（パイプ用，たばこホルダー用のものＡ２４Ｆ７／００）［２０２０．０１］
uploaded,タイトル変更,A24F 1/00,A24F 1/00,たばこパイプ（蜂飼い主のパイプＡ０１Ｋ５５／００）,たばこパイプ［２００６．０１］
uploaded,タイトル変更,A24F 13/04,A24F 13/04,・・煙を掃除または冷却する装置を有するもの（水ぎせるＡ２４Ｆ１／３０）,・・煙を掃除または冷却する装置を有するもの［２００６．０１］
uploaded,タイトル変更,A24F 13/03,A24F 13/03,・煙に似たものまたは輪状のものを製造する装置（たばこおもちゃＡ６３Ｈ３３／２８）,・煙に似たものまたは輪状のものを製造する装置［２００６．０１］
uploaded,タイトル変更,A24F 15/00,A24F 15/00,葉巻たばこまたは紙巻たばこの容器または箱（車の中で使用するものＢ６０Ｎ３／１２；包装Ｂ６５Ｄ）,葉巻タバコ，紙巻タバコ，擬似喫煙具または疑似喫煙具のための紙巻タバコに特に適合される容器または箱（車の中で使用するものＢ６０Ｎ３／１２；紙巻タバコに特に適合される包装Ｂ６５Ｄ８５／１０）［２０２０．０１］
uploaded,タイトル変更,A24F 25/00,A24F 25/00,葉巻たばこ，紙巻たばこ，またはたばこの水分量の調整または加香するのに喫煙者によって使用される装置（工場内での調湿Ａ２４Ｂ３／０４）,葉巻たばこ，紙巻たばこ，またはたばこの水分量の調整または加香するのに喫煙者によって使用される装置［２００６．０１］
uploaded,タイトル変更,A24F 27/00,A24F 27/00,マッチ容器または箱（包装Ｂ６５Ｄ；点火表面の成分，マッチＣ０６Ｆ）,マッチ容器または箱（点火表面の成分，マッチＣ０６Ｆ）［２００６．０１］
uploaded,タイトル変更,A24F 27/08,A24F 27/08,・マッチ箱用スタンド（Ａ２４Ｆ２７／１０が優先）,・マッチ箱用スタンド［２００６．０１］
uploaded,タイトル変更,A24F 27/14,A24F 27/14,・マッチ分配具；帯状に配置したマッチの分配具（分配状態一般Ｂ６５Ｄ８３／００）,・マッチ分配具；帯状に配置したマッチの分配具　［２００６．０１］
uploaded,タイトル変更,A24F 47/00,A24F 47/00,他のどこにも分類されない喫煙具,他に分類されない喫煙具［２０２０．０１］
uploaded,タイトル変更,A41D 31/04,A41D 31/04,・特別な機能または用途に特徴のあるもの［２０１９．０１］,・特殊機能または使用により特徴付けられるもの（熱または有害な化学剤からの防護のためのまたは高所での使用のための防護服Ａ６２Ｂ１７／００；有害な化学剤に対して保護被覆または保護おおいを与える物質の組成Ａ６２Ｄ５／００）［２０１９．０１］
uploaded,タイトル変更,A47C 3/04,A47C 3/04,・積重いす；入子（いれこ）に組んだ一そろいのいす,・積重いすまたは入子（いれこ）に組んだ一そろいのいす
uploaded,タイトル変更,A61K 6/00,A61K 6/00,歯科用製剤（歯清浄化剤Ａ６１Ｋ８／００，Ａ６１Ｑ１１／００；接着箔または接着組成物を利用して口中の歯科補綴を固着するものＡ６１Ｃ１３／２３）［３］,歯科用製剤［２０２０．０１］
uploaded,タイトル変更,A61K 31/395,A61K 31/395,・・環異種原子として窒素を持つもの，例．グアネチジン，リファマイシン（リファンピンＡ６１Ｋ３１／４９６）［２，７］,・・環異種原子として窒素を持つもの，例．グアネチジンまたはリファマイシン［２００６．０１］
uploaded,タイトル変更,A61K 35/12,A61K 35/12,・哺乳動物からの物質；特定されていない組織または細胞からなる組成物；非胚性幹細胞からなる組成物；遺伝子的に修飾された細胞（特徴づけられていない幹細胞Ａ６１Ｋ３５／５４５；ワクチンまたは抗原または抗体を含有する医薬品製剤Ａ６１Ｋ３９／００）［２，２０１５．０１］,・哺乳動物からの物質；特定されていない組織または細胞からなる組成物；非胚性幹細胞からなる組成物；遺伝子的に修飾された細胞（ワクチンまたは抗原または抗体を含有する医薬品製剤Ａ６１Ｋ３９／００）［２０１５．０１］
uploaded,タイトル変更,A61K 41/00,A61K 41/00,波動エネルギーまたは粒子線で物質を処理することによって得られる医薬品製剤（Ａ６１Ｋ３１／５９が優先）［２］,波動エネルギーまたは粒子線で物質を処理することによって得られる医薬品製剤［２０２０．０１］
uploaded,タイトル変更,A61L 27/00,A61L 27/00,補綴または補綴用品のコーティングのための材料（歯科補綴Ａ６１Ｃ１３／００；補綴の形状または構造Ａ６１Ｆ２／００；義歯のための調整物の使用Ａ６１Ｋ６／０２；人工腎臓Ａ６１Ｍ１／１４）［４］,補綴または補綴用品のコーティングのための材料（歯科補綴Ａ６１Ｃ１３／００；補綴の形状または構造Ａ６１Ｆ２／００；義歯のための製剤の使用Ａ６１Ｋ６／８０；人工腎臓Ａ６１Ｍ１／１４）［２００６．０１］
uploaded,タイトル変更,A63B 35/00,A63B 35/00,水泳者または原動機により操作される駆動機構を有する水泳用装置（その他の娯楽用またはスポーツ用の船舶またはそれに類する浮掲構造物Ｂ６３Ｂ３５／７１，Ｂ６３Ｂ３５／７３；潜水者用そりまたは類似の船Ｂ６３Ｃ１１／４６）,水泳者または原動機により操作される駆動機構を有する水泳用装置（その他の娯楽用またはスポーツ用の船舶またはそれに類する浮掲構造物Ｂ６３Ｂ３２／００，Ｂ６３Ｂ３４／００；潜水者用そりまたは類似の船Ｂ６３Ｃ１１／４６）　［２００６．０１］
uploaded,タイトル変更,A63G 7/00,A63G 7/00,起伏走路；スイッチバック,起伏走路またはスイッチバック
uploaded,タイトル変更,A63H 17/05,A63H 17/05,・トラック；貨物自動車,・トラックまたは貨物自動車
uploaded,タイトル変更,A63H 27/08,A63H 27/08,・たこ,・たこ（水上スポーツボードに特に適合したカイト凧またはカイト翼Ｂ６３Ｈ８／１０；風力推進船のためのカイト凧Ｂ６３Ｈ９／０６９）［２０２０．０１］
uploaded,タイトル変更,B01B 1/00,B01B 1/00,沸騰；物理的または化学的目的のための沸騰装置（でん粉の製造Ｃ０８Ｂ３０／００；糖工業Ｃ１３；蒸気発生Ｆ２２；家庭用ボイラーＦ２４）［２］,沸騰；物理的または化学的目的のための沸騰装置［２００６．０１］
uploaded,タイトル変更,B01B 1/02,B01B 1/02,・発泡防止（一般Ｂ０１Ｄ１９／０２）,・発泡防止［２００６．０１］
uploaded,タイトル変更,B09C 1/00,B09C 1/00,汚染土壌の再生（物質の化学変化の影響により有害な化学剤を無害にするまたはより有害でなくする方法Ａ６２Ｄ３／００）［６］,汚染土壌の再生［２００６．０１］
uploaded,タイトル変更,B09C 1/06,B09C 1/06,・熱によるもの（汚染した土壌のための焼却炉Ｆ２３Ｇ７／１４）［６］,・熱によるもの［２００６．０１］
uploaded,タイトル変更,B21H 3/01,B21H 3/01,・ドリル；ねじタップ,・ドリルまたはねじタップ
uploaded,タイトル変更,B27B 3/38,B27B 3/38,・・・間隔棒；間隔板,・・・間隔棒または間隔板
uploaded,タイトル変更,B32B 3/00,B32B 3/00,外面または内面にある一つの層が不連続または不均一なもの，または一つの層が平らでない形状のものから本質的になる積層体（繊維または繊条の連続的な層Ｂ３２Ｂ５／０２；気泡層Ｂ３２Ｂ５／１８）；本質的に形状に特徴を有する積層体（Ｂ３２Ｂ１／００が優先）,外面または内面にある一つの層が不連続または不均一なもの，または一つの層が平らでない形状のものから本質的になる積層体（繊維または繊条層Ｂ３２Ｂ５／０２；気泡層Ｂ３２Ｂ５／１８）；本質的に形状に特徴を有する積層体（Ｂ３２Ｂ１／００が優先）［２００６．０１］
uploaded,タイトル変更,B32B 3/06,B32B 3/06,・・層を一緒に結合するためのもの；製品を他の部材に，例．支持物に，取り付けるためのもの（これらの目的のための釘，糸または類似の分離した固着要素の使用または設備Ｂ３２Ｂ７／０８）,・・層を一緒に結合するためのもの；製品を他の部材に，例．支持物に，取り付けるためのもの［２００６．０１］
uploaded,タイトル変更,B32B 3/24,B32B 3/24,・・空隙を有する，例．展伸金網の，層を特徴とするもの（網製品または繊維の層Ｂ３２Ｂ５／０２）,・・空隙を有する，例．展伸金網の，層を特徴とするもの［２００６．０１］
uploaded,タイトル変更,B32B 33/00,B32B 33/00,特殊な性質または特殊な表面の特色，例．特殊な表面被覆，を特徴とする積層体（表面の不連続または不均一Ｂ３２Ｂ３／００）；他の単一のクラスに包含されない特殊な目的のために設計された積層体,特殊な性質または特殊な表面の特色，例．特殊な表面被覆，を特徴とする積層体；他の単一のクラスに包含されない特殊な目的のために設計された積層体［２００６．０１］
uploaded,タイトル変更,B32B 38/01,B32B 38/01,・層またはその一部の，機械的または化学的除去（パンチング，スリットの形成または穴あけＢ３２Ｂ３８／０４）［８］,・層またはその一部の，機械的または化学的除去［２００６．０１］
uploaded,タイトル変更,B60C 23/00,B60C 23/00,特に車両に取付けるのに適した，タイヤ圧力または温度の測定，警報装置あるいはタイヤ圧力または温度を制御または分配する装置（測定一般Ｇ０１，例．Ｇ０１Ｌ１７／００；遠隔信号一般Ｇ０８）；車両におけるタイヤの膨張装置の配置，例．ポンプ．タンクの（ポンプそれ自体Ｆ０４；タンクそれ自体Ｆ１７Ｃ）；タイヤ冷却装置［３］,特に車両に取付けるのに適した，タイヤ圧力または温度の測定，情報伝達装置あるいはタイヤ圧力または温度を制御または分配する装置（測定一般Ｇ０１，例．Ｇ０１Ｌ１７／００；遠隔信号一般Ｇ０８）；車両におけるタイヤの膨張装置の配置，例．ポンプ．タンクの（ポンプそれ自体Ｆ０４；タンクそれ自体Ｆ１７Ｃ）；タイヤ冷却装置［３］
uploaded,タイトル変更,B60C 23/00 A,B60C 23/00 A,圧力表示，圧力測定〔タイヤゲ－ジ，Ｇ０１Ｌ１７／００Ａ優先〕,圧力表示，圧力測定（タイヤゲ－ジ，Ｇ０１Ｌ１７／００Ａ優先）
uploaded,タイトル変更,B60C 23/00 B,B60C 23/00 B,調整器〔弁〕，圧力源とタイヤとの連結部,調整器，例．弁，圧力源とタイヤとの連結部
uploaded,タイトル変更,B60C 23/00 D,B60C 23/00 D,ホ－ス，接続部,ホース，接続部
uploaded,タイトル変更,B60C 23/00 G,B60C 23/00 G,検知素子〔空気圧検出装置，Ｇ０１Ｌ１７／００Ｇ優先〕,検知素子（空気圧検出装置，Ｇ０１Ｌ１７／００Ｇ優先）
uploaded,タイトル変更,B60C 23/00 H,B60C 23/00 H,リ－ド線の保護,リード線の保護
uploaded,タイトル変更,B60C 23/02,B60C 23/02,・タイヤ圧力によって作動する警報装置,・タイヤ圧力によって作動する情報伝達装置
uploaded,タイトル変更,B60C 23/06,B60C 23/06,・タイヤの変形により作動される警告装置（摩耗表示装置Ｂ６０Ｃ１１／２４）,・タイヤの変形により作動される情報伝達装置（摩耗表示装置Ｂ６０Ｃ１１／２４）
uploaded,タイトル変更,B60C 23/06 C,B60C 23/06 C,サイドウオ－ルの形状変化を検出するもの,サイドウォールの形状変化を検出するもの
uploaded,タイトル変更,B60C 23/06 D,B60C 23/06 D,タイヤの高さ変化を検出するもの〔含．車体の傾斜〕,タイヤの高さ変化を検出するもの，例．車体の傾斜
uploaded,タイトル変更,B60C 23/01,B60C 23/01,・車両に取付けるタイヤ膨張用ポンプ装置,・車両に取付けるタイヤ膨張用ポンプ装置の配置
uploaded,タイトル変更,B60C 23/16,B60C 23/16,・車両に取付ける空気タンク装置,・車両に取付ける空気タンク装置の配置
uploaded,タイトル変更,B60C 23/18,B60C 23/18,・タイヤ冷却装置［３，４］,・タイヤ冷却手段［３，４］
uploaded,タイトル変更,B60C 23/02,B60C 23/02,・タイヤ温度の測定または警報装置［３］,・タイヤ温度の測定または情報伝達装置［３］
uploaded,タイトル変更,B60D 1/00,B60D 1/00,索引連結器；ヒッチ；索引装置；引張り装置（トラクタと農業機械または器具の連結のために特に適用される装置Ａ０１Ｂ５９／００；第５車輪連結器Ｂ６２Ｄ）［２］,牽引連結器；ヒッチ；ドローギア；引張り装置（トラクタと農業機械または器具の連結のために特に適用される装置Ａ０１Ｂ５９／００；第５車輪連結器Ｂ６２Ｄ）［２］
uploaded,タイトル変更,B60D 1/01,B60D 1/01,・型に特徴のある，索引連結器またはヒッチ［５］,・型に特徴のある，牽引連結器またはヒッチ［５］
uploaded,タイトル変更,B60D 1/14,B60D 1/14,・型に特徴のある索引装置または引張り装置［４］,・型に特徴のあるドローギアまたは引張り装置［４］
uploaded,タイトル変更,B60D 1/167,B60D 1/167,・・Ｖ型，Ｙ型またはＵ型の引張り装置を形成する連結式または組立て固定された棒またはチューブからなるもの（Ｂ６０Ｄ１／１７３が優先）［５］,・・Ｖ型，Ｙ型またはＵ型のドローギアを形成する連結式または組立て固定された棒またはチューブからなるもの（Ｂ６０Ｄ１／１７３が優先）［５］
uploaded,タイトル変更,B60K 16/00,B60K 16/00,自然の力，例．太陽，風，からの，車両の推進装置の動力供給に関する配置（自然の力，例．太陽，風，から動力を供給する電気的推進Ｂ６０Ｌ８／００；水に係合する推進器を駆動する風力原動機により推進させるものＢ６３Ｈ１３／００；車両における設置に特に適合した風力原動機Ｆ０３Ｄ９／３２）［５］,自然の力，例．太陽，風，からの，車両の推進装置の動力供給に関する配置（自然の力，例．太陽，風，から動力を供給する電気的推進Ｂ６０Ｌ８／００；水に係合する推進器を駆動する風力原動機による舶用推進Ｂ６３Ｈ１３／００；車両における設置に特に適合した風力原動機Ｆ０３Ｄ９／３２）［２０２０．０１］
uploaded,タイトル変更,B60K 28/00,B60K 28/00,車両に特に適合されまたは配置される推進装置制御用の安全装置，例．潜在的な危険状態時の燃料供給または点火の阻止（電気推進車両用Ｂ６０Ｌ３／００；特定のサブユニットの制御には関連のない目的のための路面車両の駆動制御方式Ｂ６０Ｗ３０／００）［２，８］,車両に特に適合されまたは配置される推進装置制御用の安全装置，例．潜在的な危険状態時の燃料供給または点火の阻止（電気推進車両用Ｂ６０Ｌ３／００；特定のサブユニットの制御には関連のない目的のための道路走行用車両の運動制御システムＢ６０Ｗ３０／００；自律的な道路走行用車両に特に適合される運動制御システムＢ６０Ｗ６０／００）［２００６．０１］
uploaded,タイトル変更,B60S 1/00,B60S 1/00,車両の洗浄（車両と一体となっていない装置Ｂ６０Ｓ３／００；飛行機の着氷除去Ｂ６４Ｄ；洗浄一般Ｂ０８Ｂ；透明部分または反射鏡に特に適合した加熱装置Ｈ０５Ｂ３／８４）,車両の清掃（車両と一体になっていない装置Ｂ６０Ｓ３／００；清掃一般Ｂ０８Ｂ；航空機の除氷Ｂ６４Ｄ；光透過領域又は光反射領域のために特別に構成された加熱手段Ｈ０５Ｂ３／８４）
uploaded,タイトル変更,B60S 1/02,B60S 1/02,・風防ガラス，窓，または光学装置の洗浄,・風防，窓，又は光学デバイスの清掃
uploaded,タイトル変更,B60S 1/04,B60S 1/04,・・ワイパーまたはそれに類似するもの，例．スクレーパー,・・ワイパー又は同類のもの，例．スクレーパー
uploaded,タイトル変更,B60S 1/06,B60S 1/06,・・・その駆動に特徴のあるもの（揺動運動以外の運動を行うものＢ６０Ｓ１／４４）,・・・駆動に特徴を有するもの（スイング運動以外の運動をするものＢ６０Ｓ１／４４）
uploaded,タイトル変更,B60S 1/08,B60S 1/08,・・・・電気駆動,・・・・電気で駆動されるもの
uploaded,タイトル変更,B60S 1/01,B60S 1/01,・・・・空気駆動,・・・・空気圧で駆動されるもの
uploaded,タイトル変更,B60S 1/12,B60S 1/12,・・・・液体駆動,・・・・液圧で駆動されるもの
uploaded,タイトル変更,B60S 1/14,B60S 1/14,・・・・人力駆動,・・・・人力で駆動されるもの
uploaded,タイトル変更,B60S 1/16,B60S 1/16,・・・・動力伝達方法,・・・・動力伝達手段
uploaded,タイトル変更,B60S 1/18,B60S 1/18,・・・・・機械的によるもの,・・・・・機械的に伝達するもの
uploaded,タイトル変更,B60S 1/28,B60S 1/28,・・・複数個のワイパーに特徴のあるもの（Ｂ６０Ｓ１／０６が優先）,・・・ワイパーが複数存在することに特徴を有するもの（Ｂ６０Ｓ１／０６が優先）
uploaded,タイトル変更,B60S 1/03,B60S 1/03,・・・・内外両面に配置されたもの,・・・・車外及び車内の両方に配置されたもの
uploaded,タイトル変更,B60S 1/32,B60S 1/32,・・・ワイパーのブレード又はアームの構造に特徴があるもの,・・・ワイパーブレード又はワイパーアームの構造的形態に特徴を有するもの
uploaded,タイトル変更,B60S 1/34,B60S 1/34,・・・・ワイパー腕；それの取付,・・・・ワイパーアーム；それの取り付け
uploaded,タイトル変更,B60S 1/36,B60S 1/36,・・・・・長さを変えられる腕,・・・・・長さが変わるワイパーアーム
uploaded,タイトル変更,B60S 1/04,B60S 1/04,・・・・ブレードと腕の結合,・・・・ワイパーブレードとワイパーアームの連結
uploaded,タイトル変更,B60S 1/42,B60S 1/42,・・・・・弾力のある結合,・・・・・連結状態を元に戻す復元力のあるもの
uploaded,タイトル変更,B60S 1/44,B60S 1/44,・・・ワイパーブレードが揺動運動以外の運動をもつもの，例．回転運動,・・・ワイパーブレードがスイング運動以外の運動，例．回転，をするもの
uploaded,タイトル変更,B60S 1/46,B60S 1/46,・・液体を用いるもの；風防ガラスの洗浄,・・液体を用いるもの；ウインドウウォッシャー
uploaded,タイトル変更,B60S 1/48,B60S 1/48,・・・それに液体を供給するもの,・・・それのために液体を供給するもの
uploaded,タイトル変更,B60S 1/05,B60S 1/05,・・・・貯水装置,・・・・貯液手段の構成配置
uploaded,タイトル変更,B60S 1/52,B60S 1/52,・・・・ノズル装置（ノズルそれ自体Ｂ０５Ｂ）,・・・・ノズルの配置（ノズルそのものＢ０５Ｂ）
uploaded,タイトル変更,B60S 1/56,B60S 1/56,・・前面窓または風防ガラスでない部分または装置を洗浄するために特別に改造されたもの,・・前面窓又は風防以外の部分又はデバイスを清掃するために特別に構成されたもの
uploaded,タイトル変更,B60S 1/58,B60S 1/58,・・・後面窓のためのもの,・・・後面窓のために特別に構成されたもの
uploaded,タイトル変更,B60S 1/06,B60S 1/06,・・・信号装置，例．反射鏡,・・・合図デバイス，例．反射器，のために特別に構成されたもの
uploaded,タイトル変更,B60S 1/62,B60S 1/62,・掃除のための他の車両付属品,・その他の車両清掃装備
uploaded,タイトル変更,B60S 1/64,B60S 1/64,・・車両内の掃除のためのもの，例．組込真空掃除器,・・車両の内装を清掃するためのもの，例．造り付けの吸引掃除機
uploaded,タイトル変更,B60S 1/66,B60S 1/66,・・車両外の掃除のためのもの,・・車両の外装を清掃するためのもの
uploaded,タイトル変更,B60S 1/68,B60S 1/68,・・・異物を車輪またはタイヤから分離するもの，例．車輪泥落し,・・・ホイール又はタイヤから異物を除去するためのもの，例．車輪の泥落とし器
uploaded,タイトル変更,B60S 3/00,B60S 3/00,車両外の車両洗浄装置（洗浄装置一般Ｂ０８Ｂ；水上運搬船洗浄装置Ｂ６３Ｂ５７／００，Ｂ６３Ｂ５９／００；航空機洗浄用地上装置Ｂ６４Ｆ５／００）,車両と一体になっていない車両清掃装置（清掃一般Ｂ０８Ｂ；大型輸送船に特有の清掃Ｂ６３Ｂ５７／００，Ｂ６３Ｂ５９／００；航空機を清掃するための地上装置Ｂ６４Ｆ５／００）
uploaded,タイトル変更,B60S 3/04,B60S 3/04,・陸上車両の外部を洗浄するもの,・陸上車両の外装を清掃するためのもの
uploaded,タイトル変更,B60S 3/06,B60S 3/06,・・車両に接触させる回転体をもつもの,・・車両に接触する回転体をもつもの
uploaded,タイトル変更,B60S 5/00,B60S 5/00,車両の手入れ，保守，修繕または改装（手入れまたは保守用の仕事場を運搬するようになっている車両Ｂ６０Ｐ３／１４；鉄道機関車の手入れＢ６１Ｋ）,車両の補給、メンテナンス、修理、改装（補給又はメンテナンスのための機材を搭載した出張サービスカーＢ６０Ｐ３／１４；鉄道機関車への補給Ｂ６１Ｋ）
uploaded,タイトル変更,B60S 5/02,B60S 5/02,・車両に燃料を供給するもの；ガソリンスタンドにおける施設の一般的な配置（貯蔵場所から車両に計量された分量のガソリン，石油またはその類似物を移送するための装置Ｂ６７Ｄ）,・車両への燃料の補給；補給ステーションの中の全体的な設備の配置（計量された分量のガソリン，油，又は同類のものを貯蔵スペースから車両へ移送するための装置Ｂ６７Ｄ）
uploaded,タイトル変更,B60S 5/04,B60S 5/04,・タイヤ膨張用空気供給装置（車両内のタイヤ膨張装置の配置Ｂ６０Ｃ２３／００；タイヤ圧力測定装置Ｇ０１Ｌ１７／００）［３］,・タイヤを膨らませるための空気の充填（車両に組み込まれているタイヤ空気充填機器Ｂ６０Ｃ２３／００；タイヤ内圧測定器Ｇ０１Ｌ１７／００）
uploaded,タイトル変更,B60S 5/06,B60S 5/06,・車両に電池を取付けるもの，または車両から電池を取外すもの（車両の電気推進用バッテリーの交換Ｂ６０Ｌ５３／８０）［２０１９．０１］,・バッテリーの車両への取り付け，又は車両からのバッテリーの取り外し（走行用バッテリーの交換Ｂ６０Ｌ５３／８０）［２０１９．０１］
uploaded,タイトル変更,B60S 9/00,B60S 9/00,車両の全体または一部を支持，持上げまたは移動するため地面に置かれる車両用付属品，例．組込み式ジャッキ（持上装置一般Ｂ６６Ｆ；支持装置一般Ｆ１６Ｍ）,接地する車両装備であって車両の全体又は一部を支持し，持ち上げ，又は変位させ若しくは転向させるもの，例．車体内蔵ジャッキ（持ち上げ装置一般Ｂ６６Ｆ；支持体一般Ｆ１６Ｍ）
uploaded,タイトル変更,B60S 9/02,B60S 9/02,・単に持上げまたは支持するもの,・持ち上げだけ又は支持だけを行うもの
uploaded,タイトル変更,B60S 9/04,B60S 9/04,・・機械的によるもの,・・機械仕掛けで行うもの
uploaded,タイトル変更,B60S 9/06,B60S 9/06,・・・ねじとナット形のもの,・・・ネジ・ナット式
uploaded,タイトル変更,B60S 9/08,B60S 9/08,・・・・そのら旋軸が垂直であるもの,・・・・ネジ軸が概ね鉛直であるもの
uploaded,タイトル変更,B60S 9/01,B60S 9/01,・・流体圧力によるもの,・・流体圧力を使って行うもの
uploaded,タイトル変更,B60S 9/12,B60S 9/12,・・・伸縮自在なもの,・・・テレスコピック式
uploaded,タイトル変更,B60S 9/14,B60S 9/14,・持上げと移動の両方のためのもの,・持ち上げと変位又は転向とをどちらも行うもの
uploaded,タイトル変更,B60S 9/16,B60S 9/16,・・車両の一端にのみ作用するもの（Ｂ６０Ｓ９／２０５が優先）［４］,・・車両の片側だけで行うもの（Ｂ６０Ｓ９／２０５が優先）
uploaded,タイトル変更,B60S 9/18,B60S 9/18,・・・機械的によるもの,・・・機械仕掛けで行うもの
uploaded,タイトル変更,B60S 9/02,B60S 9/02,・・・流体圧力によるもの,・・・流体圧リフトを用いて行うもの
uploaded,タイトル変更,B60S 9/205,B60S 9/205,・・動力駆動される操作付属装置，例．往復駆動される踏み板または回転駆動されるカム（接地推進装置，例．足踏部材，を有する車両Ｂ６２Ｄ５７／０２）［４］,・・変位又は転向を行う手段が原動機の動力を使うもの，例．交互に動く脚又は回転カム（推進のために接地する手段，例．歩行脚，を有する車両Ｂ６２Ｄ５７／０２）
uploaded,タイトル変更,B60S 9/21,B60S 9/21,・・・回転駆動される補助車輪または無限軌道を有するもの，例．接地輪により駆動されるもの（追加または代りの接地車輪を有する軌道帯車両Ｂ６２Ｄ５５／０２，Ｂ６２Ｄ５５／０４；接地輪からの補助駆動Ｂ６０Ｋ２５／０８）［４］,・・・回転駆動される補助車輪又は無限軌道を含むもの，例．走行車輪により駆動されるもの（無限軌道に追加して又は無限軌道に取って代わる走行車輪を有する無限軌道車Ｂ６２Ｄ５５／０２，Ｂ６２Ｄ５５／０４；走行車輪から取り出した回転力による補機又は外部機器の駆動Ｂ６０Ｋ２５／０８）
uploaded,タイトル変更,B60S 9/215,B60S 9/215,・・・・補助モータにより駆動されるもの［４］,・・・・回転駆動が補助モータによりなされるもの
uploaded,タイトル変更,B60S 9/22,B60S 9/22,・車両への持上げ，支持または移動装置の取付手段（分離した装置Ｂ６０Ｓ１１／００）,・車両を持ち上げ，支持し，又は変位させ若しくは転向させる装置を車両に固定する手段（車両とは別体の装置のためのものＢ６０Ｓ１１／００）
uploaded,タイトル変更,B60S 11/00,B60S 11/00,分離形の持上げ，支持または移動させる装置を収容するための車両の改造,車両を持ち上げ，支持し，又は変位させ若しくは転向させる装置であって車両とは別体のものに載せ置くための車両の部分改良
uploaded,タイトル変更,B60S 13/00,B60S 13/00,車両から分離された車両移動装置（車両持上げまたは押し動かす装置Ｂ６６Ｆ）,車両を変位させ又は転向させる装置であって車両とは別体のもの（車両を持ち上げ又は押し動かす装置Ｂ６６Ｆ）
uploaded,タイトル変更,B60S 13/02,B60S 13/02,・転車台；トラバーサ（車庫と一体となっているものＥ０４Ｈ）,・ターンテーブル；トラバーサー（車庫に組み込まれているものＥ０４Ｈ）
uploaded,タイトル変更,B60W 30/165,B60W 30/165,・・・先行車の走行軌跡に自動追従するもの，例．操舵制御によるもの、いわゆる「電子的牽引」［２０１２．０１］,・・・先行車の走行軌跡に自動追従するもの，例．操舵制御によるもの，いわゆる”電子的牽引”［２０２０．０１］
uploaded,タイトル変更,B60W 30/182,B60W 30/182,・・運転モードを選択するもの，例．快適モード、パフォーマンスモード、パワーモード、エコモード［２０１２．０１］,・・運転モードを選択するもの，例．快適モード，パフォーマンスモード，パワーモード，エコモード［２０２０．０１］
uploaded,タイトル変更,B60W 50/14,B60W 50/14,・・運転者に情報、警告を伝えたり、運転者の介入を促したりする手段［２０１２．０１］,・・運転者に情報，警告を伝えたり，運転者の介入を促したりする手段［２０２０．０１］
uploaded,タイトル変更,B62B 15/00 B,B62B 15/00 B,推進装置，例．帆，を有するもの〔Ａが優先〕,推進装置，例．帆，を有するもの（Ｂ６２Ｂ１５／００Ａが優先）
uploaded,タイトル変更,B62J 1/00,B62J 1/00,サドルまたは自転車用のその他のシート；それに関連した装置；構成部品（車両用シート装置またはその取付け一般Ｂ６０Ｎ）,サドル、自転車またはモーターサイクル用のその他のシート；その配置；構成部品［２００６．０１］
uploaded,タイトル変更,B62J 1/00 B,B62J 1/00 B,・サドル本体の構造〔フレ－ム付〕,・サドル本体の構造，例．フレ－ム付
uploaded,タイトル変更,B62J 1/02,B62J 1/02,・フレームに弾性的に取付けられたサドル；それに関連する装置，例．スプリング（スプリング一般Ｆ１６Ｆ）,・フレームに弾性的に取付けられたサドル；それに関連する装置，例．スプリング［２００６．０１］
uploaded,タイトル変更,B62J 1/08 A,B62J 1/08 A,サドルのフレ－ム,サドルのフレーム
uploaded,タイトル変更,B62J 1/08 B,B62J 1/08 B,サドルフレ－ムとシ－トポストとの連結具,サドルフレームとシートポストとの連結具
uploaded,タイトル変更,B62J 1/08 C,B62J 1/08 C,シ－トポスト,シートポスト
uploaded,タイトル変更,B62J 1/08 D,B62J 1/08 D,・シ－トポスト〔緩衝装置付〕,・シ－トポスト，例．緩衝装置付
uploaded,タイトル変更,B62J 1/12 A,B62J 1/12 A,シ－ト本体の構造,シート本体の構造
uploaded,タイトル変更,B62J 1/12 C,B62J 1/12 C,シ－トロツク,シートロツク
uploaded,タイトル変更,B62J 1/18,B62J 1/18,・サドルまたはシート用カバー；パッド（パッド一般Ｂ６８Ｇ）,・サドルまたはその他のシート用カバー；パッド［２００６．０１］
uploaded,タイトル変更,B62J 1/02 B,B62J 1/02 B,・薄膜によりなるもの〔収納部材を持つもの〕,薄膜によりなるもの，例．収納部材を持つもの
uploaded,タイトル変更,B62J 1/28 B,B62J 1/28 B,オ－トバイ用シ－トの背もたれ,オートバイ用シートの背もたれ
uploaded,タイトル変更,B62J 3/00,B62J 3/00,音警シグナルまたは警報装置（音響シグナルまたは警報装置一般Ｇ０８）；自転車に関連するこのような装置の配置,音警シグナル装置（不許可使用を表示するものＢ６２Ｈ５／２０）；自転車またはモーターサイクルに関連するこのような装置の配置［２０２０．０１］
uploaded,タイトル変更,B62J 6/00,B62J 6/00,自転車の光学的信号または照明装置，その取付けまたは支持またはそのための回路（光学的信号または照明装置それ自体Ｆ２１，Ｇ０８，Ｈ０５）［４］,自転車またはモーターサイクルの光学的信号または照明装置；その取付けまたは支持；そのための回路［２０２０．０１］
uploaded,タイトル変更,B62J 6/02,B62J 6/02,・前照灯としての装置［４］,・前照灯［２０２０．０１］
uploaded,タイトル変更,B62J 6/04,B62J 6/04,・後尾灯としての装置［４］,・後尾灯［２０２０．０１］
uploaded,タイトル変更,B62J 6/06,B62J 6/06,・照明用発電機の配置またはそのための装置（発電機の構造Ｈ０２Ｋ）［４］,・照明用発電機の配置またはそのための装置［２００６．０１］
uploaded,タイトル変更,B62J 6/02 E,B62J 6/02 E,・・スポ－ク,・・スポーク
uploaded,タイトル変更,B62J 7/04,B62J 7/04,・・後車輪の上方または後方にあるもの,・・後輪の上方または後方に配置されるもの［２００６．０１］
uploaded,タイトル変更,B62J 7/06,B62J 7/06,・・前車輪の上方にあるもの，例．ハンドルバーに設けられたもの,・・前輪の上方に配置されるもの，例．ハンドルバー上のもの［２００６．０１］
uploaded,タイトル変更,B62J 9/00,B62J 9/00,荷かご，サドルバッグ，または自転車に取付けるようにした特別の入れ物,自転車またはモーターサイクルに適合した特別の入れ物，例．荷かごまたはサドルバッグ［２０２０．０１］
uploaded,タイトル変更,B62J 11/00,B62J 11/00,自転車に一定の形状をした物品，例．地図，傘，びん，を取付けるための支持装置,特定の装置を自転車またはモーターサイクルに締結するのに適合した支持装置，例．地図を取付けるための支持具［２０２０．０１］
uploaded,タイトル変更,B62J 17/00,B62J 17/00,運転者の荒天用防護具；風防または他に分類されない流線型状部品（保護衣類または衣服Ａ４１Ｄ１３／００；衝撃をさけるためのヘルメットＡ４２Ｂ３／００；自転車フレームの一部を形成する風防Ｂ６２Ｋ１９／４８；サイドカー用風防Ｂ６２Ｋ２７／０４；サイドカー用フードＢ６２Ｋ２７／１６）,運転者の荒天用防護具；フェアリングまたは他に分類されない流線型状部品［２０２０．０１］
uploaded,タイトル変更,B62J 19/00,B62J 19/00,自転車用駐車カバー（運転者用保護衣に転用できるものＡ４１Ｄ１５／０４；露営用品に転用できるものＡ４５Ｆ４／００；車両用一般Ｂ６０Ｊ１１／００）,自転車またはモーターサイクル用駐車カバー［２００６．０１］
uploaded,タイトル変更,B62J 21/00,B62J 21/00,衣服保護具，例．自転車に取付けられたクリップ（ずぼんまたはスカートに使用するルーズクリップＡ４１Ｆ１７／０２）,衣服保護具，例．自転車またはモータサイクルに取付けられたクリップ［２００６．０１］
uploaded,タイトル変更,B62J 25/00,B62J 25/00,足載せ；固着されたニーグリップ，例．燃料タンクに取付けられたもの,フットレスト；ニーグリップ；同乗者用ハンドグリップ［２０２０．０１］
uploaded,タイトル変更,B62J 27/00,B62J 27/00,安全装置，例．クラシュバー（安全ベルト一般Ａ６２Ｂ３５／００）,安全装置［２０２０．０１］
uploaded,タイトル変更,B62J 29/00,B62J 29/00,自転車用鏡の取付け装置（車両一般用のものＢ６０Ｒ）,自転車またはモーターサイクル用鏡の取付けまたは配置［２００６．０１］
uploaded,タイトル変更,B62J 33/00,B62J 33/00,運転者保温用の自転車特有の装置（車両一般用のものＢ６０Ｈ）,自転車またはモーターサイクルに特に適合した運転者保温用装置［２００６．０１］
uploaded,タイトル変更,B63B 1/12 C,B63B 1/12 C,・ストラツト,・ストラット
uploaded,タイトル変更,B63B 1/24,B63B 1/24,・・水中翼型のもの,・・水中翼型のもの（水上スポーツボードのための水中翼Ｂ６３Ｂ３２／６０；他の水上スポーツの身体支持具のための水中翼Ｂ６３Ｂ３４／４０）［２０２０．０１］
uploaded,タイトル変更,B63B 1/32 B,B63B 1/32 B,ロ－ラ，無限帯,ローラ，無限帯
uploaded,タイトル変更,B63B 7/00,B63B 7/00,折たたみ自在，折重ね自在，膨張自在，またはそれに類する船舶（折重ね自在のポンツーンＢ６３Ｂ３５／３６）,折たたみ自在，折重ね自在，膨張自在またはそれに類する船舶（折たたみ自在，折重ね自在または膨張自在の水上スポーツボードＢ６３Ｂ３２／５３；折たたみ自在，折重ね自在または膨張自在のカヌー，カヤックまたは類似のものＢ６３Ｂ３４／２３；折重ね自在のポンツーンＢ６３Ｂ３５／３６）　［２０２０．０１］
uploaded,タイトル変更,B63B 7/02,B63B 7/02,・剛性な部分のみからなるもの,・剛性な部分のみからなるもの　［２０２０．０１］
uploaded,タイトル変更,B63B 7/04,B63B 7/04,・・区分されたもの,・・区分されたもの（区分された水上スポーツボードＢ６３Ｂ３２／５３；区分されたカヌー，カヤックまたは類似のものＢ６３Ｂ３４／２３）［２０２０．０１］
uploaded,タイトル変更,B63B 7/06,B63B 7/06,・剛性のない材料からなる部分をもつもの,・剛性のない材料からなる部分をもつもの　　［２０２０．０１］
uploaded,タイトル変更,B63B 7/08,B63B 7/08,・・膨張可能なもの（膨張可能なブイＢ６３Ｂ２２／２２；膨張可能な救命いかだＢ６３Ｃ９／０４）,・・膨張可能なもの（膨張可能な水上スポーツボードＢ６３Ｂ３２／５１；膨張可能なカヌー，カヤックまたは膨張可能な部品付のその類Ｂ６３Ｂ３４／２２）　　［２０２０．０１］
uploaded,タイトル変更,B63B 21/00,B63B 21/00,係船；移動，曳船，または押船用装置；錨泊（動的停留Ｂ６３Ｈ２５／００）［４］,係船；移動，曳船，または押船用装置；錨泊（動的停留Ｂ６３Ｈ２５／００；海岸，港湾またはその他の固定海洋構造物のための船舶用設備，例．揚陸目的のため，Ｅ０２Ｂ）［２００６．０１］
uploaded,タイトル変更,B63B 21/56,B63B 21/56,・曳航または押航の装置（曳船Ｂ６３Ｂ３５／６６）,・曳航または押航の装置（曳船Ｂ６３Ｂ３５／６６；水上スポーツ用途の器具の曳航Ｂ６３Ｂ３４／６０）［２００６．０１］
uploaded,タイトル変更,B63B 35/00 G,B63B 35/00 G,・・スラリ－状物投棄船,・・スラリー状物投棄船
uploaded,タイトル変更,B63B 35/00 M,B63B 35/00 M,・海底掘削船〔ム－ンプ－ルに特徴があるもの〕,・海底掘削船，例．ムーンプールに特徴があるもの
uploaded,タイトル変更,B63B 35/00 P,B63B 35/00 P,構造物運搬船’プラントモジュール運搬船,構造物運搬船，プラントモジュール運搬船
uploaded,タイトル変更,B63B 35/00 U,B63B 35/00 U,浮タ－ミナル、バ－ス,浮ターミナル，バース
uploaded,タイトル変更,B63B 35/00 W,B63B 35/00 W,サ－ビス船,サービス船
uploaded,タイトル変更,B63B 35/08 B,B63B 35/08 B,スパイラルスクリユ－をそなえたもの,スパイラルスクリューをそなえたもの
uploaded,タイトル変更,B63B 35/24 A,B63B 35/24 A,魚倉コンデイシヨナ－〔冷却，冷凍構造〕,魚倉コンディショナー，例．冷却，冷凍構造
uploaded,タイトル変更,B63B 35/26 A,B63B 35/26 A,スロツシング,スロッシング
uploaded,タイトル変更,B63B 35/32 A,B63B 35/32 A,オイルフエンス展張船,オイルフェンス展張船
uploaded,タイトル変更,B63B 35/32 E,B63B 35/32 E,ロ－タ－をもつもの,ローターをもつもの
uploaded,タイトル変更,B63B 35/38 A,B63B 35/38 A,コンクリ－ト製のもの,コンクリート製のもの
uploaded,タイトル変更,B63B 35/04 B,B63B 35/04 B,ラツシユ船,ラッシュ船
uploaded,タイトル変更,B63B 35/44 A,B63B 35/44 A,建築物〔浮ホテル，駐車場など〕,建築物，例．浮ホテル，駐車場など
uploaded,タイトル変更,B63B 35/44 H,B63B 35/44 H,・着底型〔スパツド台船等〕,・着底型〔スパッド台船等〕
uploaded,タイトル変更,B63B 35/44 K,B63B 35/44 K,・半潜水型〔ロ－ワ－ハル型〕,・半潜水型，例．ローワーハル型
uploaded,タイトル変更,B63B 35/44 L,B63B 35/44 L,・フロ－テイング型,・フローティング型
uploaded,タイトル変更,B63H 1/00,B63H 1/00,水に直接作用する推進器（噴射推進Ｂ６３Ｈ１１／００；プロペラの軸への取り付けＢ６３Ｈ２３／３４）,水に直接作用する推進器（噴射推進Ｂ６３Ｈ１１／００）［２００６．０１］
uploaded,タイトル変更,B63H 1/02,B63H 1/02,・回転式のもの（無限帯式Ｂ６３Ｈ１／３４）,・回転式のもの　［２００６．０１］
uploaded,タイトル変更,B63H 1/15,B63H 1/15,・・・・振動減衰装置をもつもの（推進装置の耐振取付けＢ６３Ｈ２１／３０；振動減衰装置一般Ｆ１６Ｆ）［４］,・・・・振動減衰装置をもつもの［２００６．０１］
uploaded,タイトル変更,B63H 1/28,B63H 1/28,・・・・プロペラ効率をよくするための他の手段（船体の形状によって形成される水流案内装置Ｂ６３Ｈ５／００）,・・・・プロペラ効率をよくするための他の手段　［２００６．０１］
uploaded,タイトル変更,B63H 5/16,B63H 5/16,・・リセス内に取り付けられたことにより特徴づけられたもの；固定された水流案内要素をもつもの；プロペラの防汚装置，例．ガード，ケージまたはスクリーン，をもつもの（防汚塗料Ｃ０９Ｄ５／１６）,・・凹部内に取り付けられたことにより特徴づけられたもの；固定された水流案内要素をもつもの；プロペラの防汚装置，例．ガード，ケージまたはスクリーン，をもつもの［２００６．０１］
uploaded,タイトル変更,B63H 7/00,B63H 7/00,空気に直接作用する推進器の設備（ジェット推進Ｂ６３Ｈ１１／００）,空気により直接作用する推進（ジェット推進Ｂ６３Ｈ１１／００）［２００６．０１］
uploaded,タイトル変更,B63H 7/02,B63H 7/02,・プロペラを用いるもの（航空機用の型式のプロペラＢ６４Ｃ）,・プロペラを用いるもの［２００６．０１］
uploaded,タイトル変更,B63H 9/00,B63H 9/00,風により直接作用される推進装置；その設備（水中推進器を駆動する空気作動プロペラＢ６３Ｈ１３／００）,風により直接作用される舶用推進（水中推進器を駆動する風力モーターＢ６３Ｈ１３／００）
uploaded,タイトル変更,B63H 9/04,B63H 9/04,・帆またはそれに類する風受け面を用いるもの（帆走そりまたは氷上ボートＢ６２Ｂ１５／００）,・帆またはそれに類する風受け面を用いるもの（水上スポーツボードに特に適合した帆または索具，例．ウィンドサーフィンまたはカイトサーフィンＢ６３Ｈ８／００）
uploaded,タイトル変更,B63H 11/00,B63H 11/00,ジェット，すなわち反動の原理により推進させるもの（ジェット作用による操舵Ｂ６３Ｈ２５／４６；動力設備それ自体は，関連クラスを参照）,ウォータージェットによる舶用推進［２００６．０１］
uploaded,タイトル変更,B63H 13/00,B63H 13/00,水に係合する推進器を駆動する風力原動機により推進させるもの,水に係合する推進器を駆動する風力原動機による舶用推進［２００６．０１］
uploaded,タイトル変更,B63H 15/00,B63H 15/00,アンカーチェーンまたはそれに類するものと協動する船上駆動装置を用いて推進させるもの,アンカーチェーンまたはそれに類するものと協動する船上駆動装置を用いる舶用推進［２００６．０１］
uploaded,タイトル変更,B63H 16/00,B63H 16/00,人力により推進させるもの（水泳者が操作する駆動装置をもつ水泳装置Ａ６３Ｂ３５／００，操櫂または操魯の地上練習装置Ａ６３Ｂ６９／０６）,人力による舶用推進［２００６．０１］
uploaded,タイトル変更,B63H 16/08,B63H 16/08,・人力を推進力に変える他の装置（推進器の一般形体は，関連グループを参照）,・人力を推進力に変える他の装置［２００６．０１］
uploaded,タイトル変更,B63H 19/00,B63H 19/00,他に分類されない船の推進,他に分類されない舶用推進［２００６．０１］
uploaded,タイトル変更,B63H 19/06,B63H 19/06,・周囲の水に気体を排出することによるもの（ジェット作用をするものＢ６３Ｈ１１／１２；表面摩擦を減らすためのものＢ６３Ｂ１／３８）,・周囲の水に気体を排出することによるもの［２００６．０１］
uploaded,タイトル変更,B63H 20/00,B63H 20/00,船外推進装置，すなわち，船外に取付けられた実質的に垂直な動力脚をもち，末端が推進器である推進装置，例．“船外機”，Ｚ型駆動（動力設備それ自体は関係クラス参照）；船体上のそれらの配置［６］,船外推進装置，例．船外機またはＺ型駆動；船体上のそれらの配置［２００６．０１］
uploaded,タイトル変更,B63H 20/08,B63H 20/08,・推進器の位置を移動可能にする手段，例．トリム，チルトまたは操舵のため（推進器の移動を可能にする伝動装置Ｂ６３Ｈ２０／１４）；トリムまたはチルトの制御（操舵のための入力装置Ｂ６３Ｈ２５／０２）［６］,・推進器の位置を移動可能にする手段，例．トリム，チルトまたは操舵のため；トリムまたはチルトの制御（操舵のための入力装置Ｂ６３Ｈ２５／０２）［２００６．０１］
uploaded,タイトル変更,B63H 21/00,B63H 21/00,船上の推進動力設備または装置の使用（船外推進装置の使用Ｂ６３Ｈ２０／００；推進動力設備または装置を装備するための船体補強Ｂ６３Ｂ３／７０；推進動力設備または装置それ自体は関連クラスを参照）［６］,船上の推進動力設備または装置の使用［２００６．０１］
uploaded,タイトル変更,B63H 21/17,B63H 21/17,・・電動機によるもの（電気的推進車両Ｂ６０Ｌ）［４］,・・電動機によるもの［２００６．０１］
uploaded,タイトル変更,B63H 21/22,B63H 21/22,・推進動力装置が機関室の外部から制御されるもの，例．航海船橋から制御されるもの命令信号設備（命令信号装置それ自体はＧ０８Ｂ９／００）,・推進動力装置が機関室の外部から制御されるもの，例．航海船橋から制御されるもの命令信号設備［２００６．０１］
uploaded,タイトル変更,B63H 21/03,B63H 21/03,・推進設備または装置の装備，例．振動防止のため（そのための船体補強Ｂ６３Ｂ３／７０；振動減衰装置，振動系における振動抑圧Ｆ１６Ｆ；機関台それ自体はＦ１６Ｍ）,・推進設備または装置の取り付け，例．振動防止のため（そのための船体補強Ｂ６３Ｂ３／７０）［２００６．０１］
uploaded,タイトル変更,B63H 21/32,B63H 21/32,・推進動力装置の排気煙道装置；船に特有の煙突（一般の機関排気Ｆ０１Ｎ；一般の炉の煙道装置Ｆ２３Ｊ）,・推進動力装置の排気煙道の配置；船に特有の煙突［２００６．０１］
uploaded,タイトル変更,B63H 21/36,B63H 21/36,・設備または装置を海上環境から保護するために配置されたカバーまたはケージング（船体構造Ｂ６３Ｂ３／００）［４］,・設備または装置を海上環境から保護するために配置されたカバーまたはケージング［２００６．０１］
uploaded,タイトル変更,B63H 23/00,B63H 23/00,推進動力設備から推進器への動力伝達（プロペラのピッチを変更するものＢ６３Ｈ３／００；プロペラの位置または方向調節のための伝動装置の適応Ｂ６３Ｈ５／１２５；風力原動機と推進器間の伝動Ｂ６３Ｈ１３／００；船外推進装置にＢ６３Ｈ２０／１４；プロペラの位置調節のための伝動装置の適応Ｂ６３Ｈ２０／０８；車両一般用Ｂ６０Ｋ；補機の駆動Ｂ６３Ｊ；伝動装置の機械要素それ自体Ｆ１６）,推進動力設備から推進器への動力伝達（プロペラの位置または方向調節のための伝動装置の適応Ｂ６３Ｈ５／１２５；風力原動機と推進器間の伝動Ｂ６３Ｈ１３／００；船外推進装置にＢ６３Ｈ２０／１４；プロペラの位置調節のための伝動装置の適応Ｂ６３Ｈ２０／０８）［２００６．０１］
uploaded,タイトル変更,B63H 23/01,B63H 23/01,・・二個以上の推進動力装置からの駆動を伝達するためのもの（推進器の同調のためのものＢ６３Ｈ２３／２８）,・・二個以上の推進動力装置からの駆動を伝達するためのもの［２００６．０１］
uploaded,タイトル変更,B63H 23/34,B63H 23/34,・・プロペラ軸；外車軸；プロペラの軸への取り付け（軸一般Ｆ１６Ｃ；軸への部材の取り付け一般Ｆ１６Ｄ１／０６）,・・プロペラ軸；外輪の軸；プロペラの軸への取り付け［２００６．０１］
uploaded,タイトル変更,B63H 23/36,B63H 23/36,・・軸管（プロペラ軸路Ｂ６３Ｂ１１／０６；軸管密封装置Ｆ１６Ｊ）,・・軸管［２００６．０１］
uploaded,タイトル変更,B63H 25/00,B63H 25/00,操舵；推進器の使用による以外の減速（操舵のため調節可能に取付けられたプロペラ導管またはリングを用いるものＢ６３Ｈ５／１４；可動的に装備された船外機Ｂ６３Ｈ２０／００）；動的停留，すなわち主または補助の推進装置による船舶の定置（動的でない停留Ｂ６３Ｂ２１／００；補助のジェットまたはプロペラを使用して縦揺れ，横揺れまたは類似の望ましくない船舶の動揺を軽減する装置Ｂ６３Ｂ３９／０８）,操舵；推進器の使用による以外の減速（可動的に装備された船外機Ｂ６３Ｈ２０／００）；動的停留，すなわち主または補助の推進装置による船舶の定置［２００６．０１］
uploaded,タイトル変更,B63H 25/38,B63H 25/38,・・舵（船尾材Ｂ６３Ｂ３／４０）,・・舵［２００６．０１］
uploaded,タイトル変更,B64C 31/06,B64C 31/06,・凧（ハンググライダＢ６４Ｃ３１／０２８；おもちゃの凧Ａ６３Ｈ２７／０８；曳行標的Ｆ４１Ｊ）,・凧（ハンググライダＢ６４Ｃ３１／０２８；おもちゃの凧Ａ６３Ｈ２７／０８；曳行標的Ｆ４１Ｊ；海上スポーツボードの推進のためのものＢ６３Ｈ８／１０；船舶の推進のためのものＢ６３Ｈ９／０６９）［２０２０．０１］
uploaded,タイトル変更,C01B 17/52,C01B 17/52,・・・硫化物のばい焼によるもの（Ｃ２２Ｂ１／００が優先）,・・・硫化物のばい焼によるもの（原鉱石またはスクラップの予備的処理一般Ｃ２２Ｂ１／００）［２００６．０１］
uploaded,タイトル変更,C01F 17/00,C01F 17/00,希土類金属化合物，すなわちスカンジウム，イットリウム，ランタンまたはランタニド・グループ，の化合物,希土類金属化合物［２０２０．０１］
uploaded,タイトル変更,C03B 37/08,C03B 37/08,・ブッシング；紡糸口金；ノズル；ノズルプレート,・ブッシング；紡糸口金；ノズルまたはノズルプレート
uploaded,タイトル変更,C03B 37/01,C03B 37/01,・非化学的処理（Ｃ０３Ｃ２５／００が優先）,・非化学的処理（ガラス，鉱石またはスラグ製の繊維またはフィラメントの表面処理Ｃ０３Ｃ２５／００）［２００６．０１］
uploaded,タイトル変更,C04B 103:40,C04B 103:40,・界面活性剤，分散剤［６］,・界面活性剤；分散剤［６］
uploaded,タイトル変更,C04B 103:50,C04B 103:50,・消泡剤，脱泡剤［６］,・消泡剤；脱泡剤［６］
uploaded,タイトル変更,C05F 17/00,C05F 17/00,たい肥にする方法に特徴がある肥料の製造［５］,生物学的または生物化学的な処理工程，例．堆肥化または発酵，に特徴がある肥料の製造［２０２０．０１］
uploaded,タイトル変更,C05G 3/00,C05G 3/00,１またはそれ以上の肥料と特に肥効をもたない物質との混合物,１またはそれ以上の肥料と特に肥効をもたない添加物との混合物［２０２０．０１］
uploaded,タイトル変更,C05G 3/00 A,C05G 3/00 A,水面・水中施肥用肥料,水面または水中施肥用肥料
uploaded,タイトル変更,C05G 5/00,C05G 5/00,形態に特徴のある肥料（化学的組成に特徴のある粒状肥料はＣ０５ＢからＣ０５Ｇの関連するグループを参照）［４］,形態に特徴のある肥料［２０２０．０１］
uploaded,タイトル変更,C07C 68/00 C,C07C 68/00 C,カルバミド酸エステル〔ウレタン類〕からの,カルバミン酸エステル，すなわちウレタン類からの
uploaded,タイトル変更,C07C 68/02 B,C07C 68/02 B,ハロホルメ－トからの,ハロホルメートからの
uploaded,タイトル変更,C07C 68/04 B,C07C 68/04 B,無機カ－ボネ－トからの,無機カーボネートからの
uploaded,タイトル変更,C07C 68/04 C,C07C 68/04 C,二酸化炭素および無機カ－ボネ－トからの,二酸化炭素および無機カーボネートからの
uploaded,タイトル変更,C08J 7/00 302,C08J 7/00 302,・波動エネルギ－又は粒子線による処理,・波動エネルギー又は粒子線による処理
uploaded,タイトル変更,C09D 1/00,C09D 1/00,無機物質に基づくコーティング組成物，例．ペンキ，ワニスまたはラッカー（Ｃ０４Ｂが優先，うわ薬またはガラス質ほうろうＣ０３Ｃ）,無機物質に基づくコーティング組成物，例．ペンキ，ワニスまたはラッカー［２００６．０１］
uploaded,タイトル変更,C12C 3/00,C12C 3/00,ホップの処理（ホップ抽出９／０２）,ホップの処理［２００６．０１］
uploaded,タイトル変更,C12C 7/00,C12C 7/00,麦汁の調製（麦芽エキス１／１８）,麦汁の調製（麦芽エキスＣ１２Ｃ１／１８）［２００６．０１］
uploaded,タイトル変更,C12C 7/04,C12C 7/04,・仕込糖化液の調製,・仕込糖化液の調整または処理［２００６．０１］
uploaded,タイトル変更,C12C 11/00,C12C 11/00,ビール発酵方法（ぶどう酒の調製Ｃ１２Ｇ１／００）,ビール発酵方法［２００６．０１］
uploaded,タイトル変更,C12C 11/06,C12C 11/06,・エタノール発酵のための麦汁の酸性化,・麦汁の酸性化［２００６．０１］
uploaded,タイトル変更,C12C 13/00,C12C 13/00,ビール醸造装置,Ｃ１２Ｃ１／００～Ｃ１２Ｃ１２／０４の単一グループに包含されないビール醸造装置［２００６．０１］
uploaded,タイトル変更,C12G 1/06,C12G 1/06,・発泡性ぶどう酒，例．シャンパン，の調製；炭酸ガスをぶどう酒に充満する処理,・発泡性ぶどう酒の調製；炭酸ガスをぶどう酒に充満する処理（発酵後にアルコール含量を減少させる方法Ｃ１２Ｈ３／００；発酵後にアルコール含量を増加させる方法Ｃ１２Ｈ６／００）［２０１９．０１］
uploaded,タイトル変更,C12G 1/08,C12G 1/08,・酵母の除去（“ｄｅｇｏｒｇｅａｇｅ”）,・酵母の除去［“ｄｅｇｏｒｇｅａｇｅ”］［２００６．０１］
uploaded,タイトル変更,C12G 3/02,C12G 3/02,・直接発酵によるもの,・発酵によるもの［２０１９．０１］
uploaded,タイトル変更,C12G 3/04,C12G 3/04,・混合によるもの，例．リキュール,・混合によるもの，例．リキュール調製のためのもの［２０１９．０１］
uploaded,タイトル変更,C12G 3/08,C12G 3/08,・発酵液の組成を変化させるための他の方法によるもの，例．アルコール含量の低減,・グループＣ１２Ｇ３／０２～Ｃ１２Ｇ３／０７に分類されない発酵液またはアルコール飲料の組成を変える方法によるもの（発酵後にアルコール含量を減少させる方法Ｃ１２Ｈ３／００；発酵後にアルコール含量を増加させる方法Ｃ１２Ｈ６／００）［２００６．０１］
uploaded,タイトル変更,C12J 1/00,C12J 1/00,酢；調製；精製,酢；その調製または精製［２００６．０１］
uploaded,タイトル変更,C12P 21/04,C12P 21/04,・・環状または架橋のペプチドまたはポリペプチド，例．バシトラシン（―Ｓ―Ｓ―結合のみによって環化されたものＣ１２Ｐ２１／０２）［３］,・・環状または架橋のペプチドまたはポリペプチド，例．バシトラシン［２００６．０１］
uploaded,タイトル変更,C23F 17/00,C23F 17/00,少なくとも１工程はクラスＣ２３に分類され，少なくとも１工程はサブクラスＣ２１ＤもしくはＣ２２ＦまたはクラスＣ２５に包含される金属質材料の表面処理の多段階工程（Ｃ２３Ｃ２８／００が優先）［４］,少なくとも１工程はクラスＣ２３に分類され，少なくとも１工程はサブクラスＣ２１ＤもしくはＣ２２ＦまたはクラスＣ２５に包含される金属質材料の表面処理の多段階工程（メイングループＣ２３Ｃ２／００からＣ２３Ｃ２６／００の単一のメイングループに分類されない方法によるかまたはサブクラスＣ２３ＣおよびＣ２５Ｄに分類される方法の組合わせによる少なくとも２以上の重ね合わせ被覆層を得るための被覆Ｃ２３Ｃ２８／００）［２００６．０１］
uploaded,タイトル変更,C30B 31/06,C30B 31/06,・ガス状態の拡散物質と接触させるもの（Ｃ３０Ｂ３１／１８が優先）［３］,・ガス状態の拡散物質と接触させるもの［２００６．０１］
uploaded,タイトル変更,D06B 1/00,D06B 1/00,処理，例．洗浄，染色，漂白，のり付け，含浸，をなすための液体，気体または蒸気の繊維材料への付与（マーセル化Ｄ０６Ｂ７／００；溶剤処理Ｄ０６Ｂ９／００；繊維材料の特定部分の処理Ｄ０６Ｂ１１／００；振動の助けによるものＤ０６Ｂ１３／００；仕上げ剤をその担体から被処理物に移行させるものＤ０６Ｍ２３／００）［４］,処理，例．洗浄，染色，漂白，のり付けまたは含浸，をなすための液体，気体または蒸気の繊維材料への付与（マーセル化Ｄ０６Ｂ７／００；溶剤処理Ｄ０６Ｂ９／００；繊維材料の特定部分の処理Ｄ０６Ｂ１１／００；振動の助けによるものＤ０６Ｂ１３／００）
uploaded,タイトル変更,D06B 1/02,D06B 1/02,・噴霧または放射によるもの（Ｄ０６Ｂ１／０８が優先；噴霧一般Ｂ０５）［２］,・噴霧または放射によるもの（Ｄ０６Ｂ１／０８が優先）［２００６．０１］
uploaded,タイトル変更,D06B 9/00,D06B 9/00,繊維材料の溶剤処理（ドライクリーニングＤ０６Ｆ４３／００）［２］,繊維材料の溶剤処理［２００６．０１］
uploaded,タイトル変更,D06B 15/00,D06B 15/00,液体，気体または蒸気による繊維材料の処理に関連する繊維材料からの液体，気体または蒸気の除去（乾燥Ｆ２６Ｂ）［２］,液体，気体または蒸気による繊維材料の処理に関連する繊維材料からの液体，気体または蒸気の除去［２００６．０１］
uploaded,タイトル変更,D06C 3/00,D06C 3/00,布帛の伸張，幅出し，拡布；布帛の弾性付与（芯体または内挿幅出し枠による筒状布帛の整形または伸張Ｄ０６Ｃ５／００；織布のよこ糸の傾斜または，ゆがみの修正Ｄ０６Ｈ３／１２）,布帛の伸張，幅出しまたは拡布；布帛の弾性付与（芯体または内挿幅出し枠による筒状布帛の整形または伸張Ｄ０６Ｃ５／００）［２００６．０１］
uploaded,タイトル変更,D06C 3/02,D06C 3/02,・無端チェンまたはそれと類似の装置によるもの（フックまたはピンブロックＤ０６Ｃ３／１０）,・無端チェンまたはそれと類似の装置によるもの［２００６．０１］
uploaded,タイトル変更,D06C 5/00,D06C 5/00,芯体または内挿幅出し枠による筒状布帛の整形または伸張（単なる乾燥のための支持体Ｄ０６Ｆ５９／００）,芯体または内挿幅出し枠による筒状布帛の整形または伸張［２００６．０１］
uploaded,タイトル変更,D06C 7/00,D06C 7/00,布帛の加熱または冷却（くつ下の形付けＤ０６Ｃ５／００；毛焼きＤ０６Ｃ９／００；液体，気体または蒸気による処理Ｄ０６Ｂ；化学的処理と機械的処理を組み合わせた方法Ｄ０６Ｍ；他の場所に分類された処理加工中のものは，それぞれの処理加工の関連グループを参照）,布帛の加熱または冷却［２００６．０１］
uploaded,タイトル変更,D06C 11/00,D06C 11/00,布帛の起毛，その他の粗面化またはパイル起毛（模様または意匠を現出するものＤ０６Ｃ２３／００）,布帛の起毛，その他の粗面化またはパイル起毛（模様または意匠を現出するものＤ０６Ｃ２３／０２）　［２００６．０１］
uploaded,タイトル変更,D06C 13/00,D06C 13/00,布帛表面の剪毛［せん毛］，刈り込み；わなパイルの切断；接合縁のトリミング（模様または意匠を現出するものＤ０６Ｃ２３／００；布帛の切断またはその他の分離Ｄ０６Ｈ）,布帛表面の剪毛［せん毛］，刈り込み；わなパイルの切断；接合縁のトリミング（模様または意匠を現出するものＤ０６Ｃ２３／０２）［２００６．０１］
uploaded,タイトル変更,D06C 15/00,D06C 15/00,布帛のカレンダーがけ，プレス，アイロンがけ，つや出し（加圧収縮Ｄ０６Ｃ２１／００；模様または意匠の現出Ｄ０６Ｃ２３／００；家庭用，営業用などのアイロンがけまたはプレスＤ０６Ｆ）,布帛のカレンダーがけ，プレス，アイロンがけまたはつや出し（模様または意匠の現出Ｄ０６Ｃ２３／００）
uploaded,タイトル変更,D06C 23/00,D06C 23/00,布帛への模様または意匠の付与（捺染によるものＢ４１Ｆ；一般的な装飾Ｂ４４）,布帛への模様または意匠の付与［２００６．０１］
uploaded,タイトル変更,D06C 25/00,D06C 25/00,布耳またはその他の側縁の処理，例．硬化（布耳の整形Ｄ０６Ｃ１３／１２；織機上での布耳の形成，例．接着剤によるもの，Ｄ０３Ｄ４７／４０）,布耳またはその他の側縁の処理，例．硬化［２００６．０１］
uploaded,タイトル変更,D06F 1/02,D06F 1/02,・洗たくだらい，その支持具,・洗たくだらい；その支持具
uploaded,タイトル変更,D06F 1/04,D06F 1/04,・・波形断面を持ったたらい壁または底（摩擦板Ｄ０６Ｆ３／０２）,・・波形断面を持ったたらい壁または底［２００６．０１］
uploaded,タイトル変更,D06F 5/00,D06F 5/00,洗たくに関する手道具，例．棒（手用摩擦具Ｄ０６Ｆ３／００；ブラシＡ４６Ｂ）,洗濯に関する手道具，例．棒（手用摩擦装置Ｄ０６Ｆ３／００）［２００６．０１］
uploaded,タイトル変更,D06F 13/00,D06F 13/00,内部に洗たく物に接触するかくはん器を備えた不動の容器をもつ洗たく機（容器に取りはずし自在な取り付け具として適用されるプランジャまたはその類似物Ｄ０６Ｆ５／０４；どんな特殊な容器にも独立して用いることができる洗たく具Ｄ０６Ｆ７／００）,内部に洗濯物に接触するかくはん器を備えた不動の容器をもつ洗濯機（容器に取り外し自在な取り付け具として適用されるプランジャ又はその類似物Ｄ０６Ｆ５／０４）［２００６．０１］
uploaded,タイトル変更,D06F 17/00,D06F 17/00,内部における洗たく作用が単に洗たく液の循環，かくはんのみにより行われる不動の容器をもつ洗たく機（どんな特殊な容器にも独立して使用することができる洗たく具Ｄ０６Ｆ７／００；振動によるものＤ０６Ｆ１９／００）,内部における洗濯作用が単に洗濯液の循環，かくはんのみにより行われる不動の容器をもつ洗濯機［２００６．０１］
uploaded,タイトル変更,D06F 18/00,D06F 18/00,静止の洗たく容器を備え，さらに乾燥手段をもつ洗たく機（乾燥のみに関する細部Ｄ０６Ｆ５８／００）［３］,静止の洗濯容器を備え，さらに乾燥手段をもつ洗濯機（洗濯の制御，又は洗濯及び乾燥の制御Ｄ０６Ｆ３３／００，Ｄ０６Ｆ３４／００；家庭用衣類乾燥機Ｄ０６Ｆ５８／００）［２００６．０１］
uploaded,タイトル変更,D06F 19/00,D06F 19/00,振動を用いる洗たく機（どんな特殊な容器にも独立して使用することができる振動形器具Ｄ０６Ｆ７／０４）,振動を用いる洗濯機［２００６．０１］
uploaded,タイトル変更,D06F 21/00,D06F 21/00,回転運動，例．振動運動，する容器，例．穴をもつもの，を備えた洗たく機（洗たくと遠心脱水とを行う容器をもったものＤ０６Ｆ２３／００，Ｄ０６Ｆ２５／００；一体となって軸周りを動く容器をもったものＤ０６Ｆ２７／００；プログラム制御関係Ｄ０６Ｆ３３／００）,回転運動，例．振動運動，する容器，例．穴をもつもの，を備えた洗濯機（洗濯及び遠心脱水の両方を行う容器をもつものＤ０６Ｆ２３／００，Ｄ０６Ｆ２５／００；制御に関するものＤ０６Ｆ３３／００）［２００６．０１］
uploaded,タイトル変更,D06F 23/00,D06F 23/00,回転運動，例．振動運動，する容器，例．穴をもつもの，を備えた洗たく機で，その容器が洗たくと遠心脱水とを共に行うもの（更に乾燥手段をももつものＤ０６Ｆ２５／００；プログラム制御関係Ｄ０６Ｆ３３／００）,回転運動，例．振動運動，する容器，例．穴をもつもの，を備えた洗濯機で，その容器が洗濯及び遠心脱水の両方を行うもの（更に乾燥手段をもつものＤ０６Ｆ２５／００；制御に関するものＤ０６Ｆ３３／００）［２００６．０１］
uploaded,タイトル変更,D06F 25/00,D06F 25/00,回転運動，例．振動運動，し，洗たくと遠心脱水の両者に用いる容器，例．穴あき，を備え，さらに乾燥手段，例．加熱空気を用いて，をもつ洗たく機（プログラム制御関係Ｄ０６Ｆ３３／００；乾燥のみに関する細部Ｄ０６Ｆ５８／００）,回転運動，例．振動運動，する容器，例．穴をもつもの，を備えた洗濯機で，その容器が洗濯及び遠心脱水の両方を行い，さらに乾燥手段，例．加熱空気を用いる，を有するもの（洗濯又は洗濯兼乾燥の制御Ｄ０６Ｆ３３／００，Ｄ０６Ｆ３４／００；家庭用衣類乾燥機Ｄ０６Ｆ５８／００）［２００６．０１］
uploaded,タイトル変更,D06F 33/00,D06F 33/00,洗濯機の連続操作制御，例．洗濯と乾燥サイクルのためのプログラム制御装置（Ｄ０６Ｆ３１／００が優先）,洗濯機又は洗濯乾燥機が行う運転の制御（Ｄ０６Ｆ３１／００が優先；そのための制御システムの細部Ｄ０６Ｆ３４／００；家庭用衣類乾燥機が行う運転の制御Ｄ０６Ｆ５８／３２）［２０２０．０１］
uploaded,タイトル変更,D06F 33/00 A,D06F 33/00 A,カム式洗たくタイマ－の構造,カム式洗たくタイマーの構造
uploaded,タイトル変更,D06F 33/00 B,D06F 33/00 B,・自動反転水流用タイマ－,・自動反転水流用タイマー
uploaded,タイトル変更,D06F 37/00,D06F 37/00,グループＤ０６Ｆ２１／００～Ｄ０６Ｆ２５／００に包含される洗たく機に限定された細部（より一般的に応用される細部Ｄ０６Ｆ３９／００；乾燥のみに関する細部Ｄ０６Ｆ５８／００）,グループＤ０６Ｆ２１／００～Ｄ０６Ｆ２５／００に包含される洗濯機に特有の細部［２０２０．０１］
uploaded,タイトル変更,D06F 37/12 A,D06F 37/12 A,バランサ－を設けたもの,バランサーを設けたもの
uploaded,タイトル変更,D06F 37/12 G,D06F 37/12 G,・他の装置〔リフトフイルタ－，洗剤投入装置〕と関連するもの,・・他の装置，例．リフトフイルター，洗剤投入装置，と関連するもの
uploaded,タイトル変更,D06F 37/12 K,D06F 37/12 K,回転容器内に装着使用するもの〔例．カゴ状物等〕,回転容器内に装着使用するもの，例．カゴ状物等
uploaded,タイトル変更,D06F 37/02,D06F 37/02,・回転容器，電動機，槽，ケーシングに関する取り付け具，例．弾性的な据え付け具；振動の防止または減衰（振動減衰一般Ｆ１６Ｆ）,・回転容器，電動機，槽又はケーシングに関する取り付け具，例．弾性的な据え付け具；振動の防止又は減衰［２００６．０１］
uploaded,タイトル変更,D06F 37/03,D06F 37/03,・駆動装置,・駆動装置（制御回路又は制御装置Ｄ０６Ｆ３４／０８）［２０２０．０１］
uploaded,タイトル変更,D06F 37/04 A,D06F 37/04 A,クラツチ,クラッチ
uploaded,タイトル変更,D06F 37/04 B,D06F 37/04 B,ブレ－キ,ブレーキ
uploaded,タイトル変更,D06F 37/04 C,D06F 37/04 C,軸周りの部品〔シ－ル等〕,軸周りの部品，例．シール等
uploaded,タイトル変更,D06F 37/04 D,D06F 37/04 D,クラツチ，ブレ－キ等連動したもの,クラッチ，ブレーキ等連動したもの
uploaded,タイトル変更,D06F 37/42 A,D06F 37/42 A,制御機構〔回路〕と関連したもの,制御機構，例．回路，と関連したもの
uploaded,タイトル変更,D06F 39/00,D06F 39/00,グループＤ０６Ｆ２１／００～Ｄ０６Ｆ２５／００の洗たく機類に特有でないもの，またはグループＤ０６Ｆ９／００～Ｄ０６Ｆ１９／００またはＤ０６Ｆ２７／００のどの個別形式の洗たく機にも特有でない洗たく機の細部,グループＤ０６Ｆ９／００～Ｄ０６Ｆ２７／００に包含されるどの個別形式の洗濯機にも特有でない洗濯機の細部（洗濯機の制御Ｄ０６Ｆ３３／００，Ｄ０６Ｆ３４／００）［２０２０．０１］
uploaded,タイトル変更,D06F 39/00 C,D06F 39/00 C,電源コ－ドの取り扱い,電源コードの取り扱い
uploaded,タイトル変更,D06F 39/00 D,D06F 39/00 D,ハンガ－，取手,ハンガー，取手
uploaded,タイトル変更,D06F 39/08,D06F 39/08,・液の供給または排出装置（液状洗剤の供給Ｄ０６Ｆ３９／０２）,・液の供給又は排出装置（石鹸又は他の洗剤の供給Ｄ０６Ｆ３９／０２）［２００６．０１］
uploaded,タイトル変更,D06F 39/08 301 K,D06F 39/08 301 K,・フロ－トによるもの,・フロートによるもの
uploaded,タイトル変更,D06F 39/08 311 B,D06F 39/08 311 B,・排水ホ－スの支持,・排水ホースの支持
uploaded,タイトル変更,D06F 39/12 A,D06F 39/12 A,ケ－シング〔外箱〕,ケ－シング，例．外箱
uploaded,タイトル変更,D06F 39/12 C,D06F 39/12 C,槽〔内槽〕,槽，例．内槽
uploaded,タイトル変更,D06F 39/14 B,D06F 39/14 B,洗濯機を流し台または洗面台として使用するための蓋またはカバ－,洗濯機を流し台または洗面台として使用するための蓋またはカバー
uploaded,タイトル変更,D06F 39/14 C,D06F 39/14 C,保護用カバ－,保護用カバー
uploaded,タイトル変更,D06F 43/08,D06F 43/08,・溶剤の取り扱いおよび再生に関連した装置（ドライクリーニング溶剤の精製装置Ｂ０１Ｄ）,・溶剤の取り扱い及び再生に関連した装置［２００６．０１］
uploaded,タイトル変更,D06F 45/14,D06F 45/14,・洗たく機，卓またはその他の支持具に取りはずし自在の付属品に関する手段をもつもの（平板との結合Ａ４７Ｂ）,・洗濯機，卓又はその他の支持具に取り外し自在の付属品に関する手段をもつもの［２００６．０１］
uploaded,タイトル変更,D06F 49/00,D06F 49/00,工業用に適さない家庭用遠心脱水機または類似の遠心脱水機（遠心分離機一般Ｂ０４Ｂ）,工業用に適さない家庭用遠心脱水機又は類似の遠心脱水機［２００６．０１］
uploaded,タイトル変更,D06F 49/06,D06F 49/06,・回転容器またはケーシングの据え付け具，例．弾性的な据え付け具；振動の防止または減衰（振動減衰一般Ｆ１６Ｆ）,・回転容器又はケーシングの据え付け具，例．弾性的な据え付け具；振動の防止又は減衰［２００６．０１］
uploaded,タイトル変更,D06F 53/00,D06F 53/00,衣料の物干し綱；その支持具（衣料用物干し綱を結合させた乾燥機構Ｄ０６Ｆ５７／００；綱の貯蔵，反復繰り出し，回収用支持具または保持具Ｂ６５Ｈ７５／３４；綱，ケーブルＤ０７Ｂ）,衣料の物干し綱；その支持具（衣料用物干し綱を結合させた乾燥機構Ｄ０６Ｆ５７／００）［２００６．０１］
uploaded,タイトル変更,D06F 53/04,D06F 53/04,・支持具，例．柱，衣料の物干し綱用支柱（柱一般Ｅ０４Ｈ）,・支持具，例．柱，衣料の物干し綱用支柱［２００６．０１］
uploaded,タイトル変更,D06F 57/00,D06F 57/00,単なる物干し綱以外の，乾燥または干かされるリンネル製品または衣服の支持手段（加熱または強制空気循環手段との組合せＤ０６Ｆ５８／００，Ｆ２６Ｂ；特殊な被乾燥物の形状を維持させるために適用されるものＤ０６Ｆ５９／００；衣服ハンガー，例．スーツハンガー，Ａ４７Ｇ２５／１４）,単なる物干し綱以外の，乾燥又は干されるリンネル製品又は衣服の支持手段（加熱または強制空気循環手段との組合せＤ０６Ｆ５８／００；特殊な被乾燥物の形状を維持させるために適用されるものＤ０６Ｆ５９／００）［２００６．０１］
uploaded,タイトル変更,D06F 58/00,D06F 58/00,家庭用洗たく物の乾燥機（乾燥一般Ｆ２６Ｂ）［２］,家庭用衣類乾燥機［２０２０．０１］
uploaded,タイトル変更,D06F 58/00 B,D06F 58/00 B,・温風発生機に通気性袋を接続したもの〔主にふとん乾燥〕,・温風発生機に通気性袋を接続したもの，例．ふとん乾燥
uploaded,タイトル変更,D06F 58/00 C,D06F 58/00 C,・通気性袋にのみ特徴のあるもの〔主にふとん乾燥袋〕,・通気性袋にのみ特徴のあるもの，例．ふとん乾燥袋
uploaded,タイトル変更,D06F 58/00 F,D06F 58/00 F,・左右パネルと干杆からなるもの〔主にふとん乾燥用〕,・左右パネルと干杆からなるもの，例．ふとん乾燥用
uploaded,タイトル変更,D06F 58/00 G,D06F 58/00 G,・巻込式〔主にふとん乾燥用〕,・巻込式，例．ふとん乾燥用
uploaded,タイトル変更,D06F 58/02 A,D06F 58/02 A,加熱部に特徴のあるもの〔５８／０２～５８／０８に相当〕,加熱部に特徴のあるもの
uploaded,タイトル変更,D06F 58/02 B,D06F 58/02 B,・半導体ヒ－タによる加熱〔５８／０２～５８／０８に相当〕,・半導体ヒータによる加熱
uploaded,タイトル変更,D06F 58/02 C,D06F 58/02 C,・燃焼式加熱〔５８／０２～５８／０８に相当〕,・燃焼式加熱
uploaded,タイトル変更,D06F 58/02 D,D06F 58/02 D,・マイクロ波加熱〔５８／０２～５８／０８に相当〕,・マイクロ波加熱
uploaded,タイトル変更,D06F 58/02 E,D06F 58/02 E,・熱湯，蒸気による加熱〔５８／０２～５８／０８に相当〕,・熱湯，蒸気による加熱
uploaded,タイトル変更,D06F 58/02 F,D06F 58/02 F,熱交換・除湿，凝縮を伴うもの〔５８／０２～５８／０８に相当〕,熱交換・除湿，凝縮を伴うもの
uploaded,タイトル変更,D06F 58/02 G,D06F 58/02 G,・熱交換型フアンを用いるもの〔５８／０２～５８／０８に相当〕,・熱交換型フアンを用いるもの
uploaded,タイトル変更,D06F 58/02 H,D06F 58/02 H,ドラム・リフタ－に特徴のあるもの〔５８／０２～５８／０８に相当〕,ドラム・リフターに特徴のあるもの
uploaded,タイトル変更,D06F 58/02 J,D06F 58/02 J,排気部に特徴のあるもの〔５８／０２～５８／０８に相当〕,排気部に特徴のあるもの
uploaded,タイトル変更,D06F 58/02 K,D06F 58/02 K,フイルタに特徴のあるもの〔５８／０２～５８／０８に相当〕,フイルタに特徴のあるもの
uploaded,タイトル変更,D06F 58/02 L,D06F 58/02 L,駆動部分，フアンに特徴のあるもの〔熱交換フアン→Ｇ〕〔５８／０２～５８／０８に相当〕,駆動部分，フアンに特徴のあるもの（熱交換フアンはＧ）
uploaded,タイトル変更,D06F 58/02 M,D06F 58/02 M,シ－ル，パツキン，軸受部に特徴のあるもの〔５８／０２～５８／０８に相当〕,シール，パツキン，軸受部に特徴のあるもの
uploaded,タイトル変更,D06F 58/02 N,D06F 58/02 N,殺菌，帯電防止，薬剤付与〔５８／０２～５８／０８に相当〕,殺菌，帯電防止，薬剤付与
uploaded,タイトル変更,D06F 58/02 P,D06F 58/02 P,複数の乾燥室を備えたもの〔５８／０２～５８／０８に相当〕,複数の乾燥室を備えたもの
uploaded,タイトル変更,D06F 58/02 Q,D06F 58/02 Q,洗濯兼用型〔５８／０２～５８／０８に相当〕,洗濯兼用型
uploaded,タイトル変更,D06F 58/02 R,D06F 58/02 R,ドア部に特徴のあるもの〔５８／０２～５８／０８に相当〕,ドア部に特徴のあるもの
uploaded,タイトル変更,D06F 58/02 S,D06F 58/02 S,カゴ，棚，物干杆，仕切りを備えたもの〔５８／０２～５８／０８に相当〕,カゴ，棚，物干杆，仕切りを備えたもの
uploaded,タイトル変更,D06F 58/02 T,D06F 58/02 T,ドラムが外部に露出しているもの〔５８／０２～５８／０８に相当〕,ドラムが外部に露出しているもの
uploaded,タイトル変更,D06F 58/02 U,D06F 58/02 U,脚，アイロン台，掛部等乾燥機の外部に特徴のあるもの〔５８／０２～５８／０８に相当〕,脚，アイロン台，掛部等乾燥機の外部に特徴のあるもの
uploaded,タイトル変更,D06F 58/02 Z,D06F 58/02 Z,その他のもの〔５８／０２～５８／０８に相当〕,その他のもの
uploaded,タイトル変更,D06F 58/04,D06F 58/04,・・細部（制御または調整装置Ｄ０６Ｆ５８／２８）［３］,・・細部（制御又は調整装置Ｄ０６Ｆ３４／００）［２００６．０１］
uploaded,タイトル変更,D06F 58/01 C,D06F 58/01 C,垂直軸回りを回転する乾燥室〔←脱水乾燥機〕,垂直軸回りを回転する乾燥室，例．脱水乾燥機
uploaded,タイトル変更,D06F 58/18 A,D06F 58/18 A,洗濯機と乾燥機のユニツト，スタンド，脚〔５８／２０も含む〕,洗濯機と乾燥機のユニツト，スタンド，脚
uploaded,タイトル変更,D06F 58/18 Z,D06F 58/18 Z,その他のもの〔５８／２０も含む〕,その他のもの
uploaded,タイトル変更,D06F 58/02,D06F 58/02,・家庭用洗たく物乾燥機の一般的な細部（Ｄ０６Ｆ５９／００が優先）［３］,・家庭用衣類乾燥機の一般的な細部（Ｄ０６Ｆ５９／００が優先）［２００６．０１］
uploaded,タイトル変更,D06F 71/00,D06F 71/00,衣服，リンネル製品またはその他の布帛製品をプレスこてと製品が相互に動かないようにして，加熱プレスする装置；衣服，リンネル製品またはその他の布帛製品を加熱しないでプレスする類似の装置（冷間圧延による平滑加工Ｄ０６Ｆ４５／００；家庭内で使う加熱しないで衣服をプレスする装置Ａ４７Ｇ）,衣服，リンネル製品又はその他の布帛製品をプレスこてと製品が相互に動かないようにして，加熱プレスする装置；衣服，リンネル製品又はその他の布帛製品を加熱しないでプレスする類似の装置［２００６．０１］
uploaded,タイトル変更,D06F 71/08,D06F 71/08,・１つ以上のプレスこてが連続するプレス操作の間に横に移動するもの（ラウンドリーシステムまたはその装置あるいは機械の配置Ｄ０６Ｆ９５／００）,・１つ以上のプレスこてが連続するプレス操作の間に横に移動するもの［２００６．０１］
uploaded,タイトル変更,D06F 71/18,D06F 71/18,・特定の衣服または衣服の部分をプレスする装置（縫い目のプレスＤ０６Ｆ７１／３０）,・特定の衣服又は衣服の部分をプレスする装置［２００６．０１］
uploaded,タイトル変更,D06F 71/03,D06F 71/03,・特に縫い目をプレスする装置,・特に縫い目をプレスする装置（特定の衣服または衣服の部分をプレスするため特に適合するものＤ０６Ｆ７１／１８）［２００６．０１］
uploaded,タイトル変更,D06F 73/00,D06F 73/00,成形台，芯体，伸張具または内挿組立台を用い，熱または蒸気を作用させることによって，衣服その他の布帛製品からしわを除去しまたは平滑加工する装置（乾燥目的のための伸張具Ｄ０６Ｆ５９／００；外部圧力手段と結合したものＤ０６Ｆ７１／００；プレスと共に使用する伸張具Ｄ０６Ｆ７１／４０；仕立業のための衣服人台Ａ４１Ｈ；熱を適用しない衣服伸張具Ａ４７Ｇ２５／００）,成形台，芯体，伸張具又は内挿組立台を用い，熱又は蒸気を作用させることによって，衣服その他の布帛製品からしわを除去し又は平滑加工する装置（外部圧力手段と結合したものＤ０６Ｆ７１／００）［２００６．０１］
uploaded,タイトル変更,D06F 75/24,D06F 75/24,・・アイロン内の加熱体の配置；熱の分配，熱の伝導または保熱のための装置（電熱一般Ｈ０５Ｂ）,・・アイロン内の加熱体の配置；熱の分配，熱の伝導又は保熱のための装置［２００６．０１］
uploaded,タイトル変更,D06F 75/26,D06F 75/26,・・温度調節装置または指示装置（熱応動スイッチＨ０１Ｈ）,・・温度調節装置又は指示装置［２００６．０１］
uploaded,タイトル変更,D06F 79/04,D06F 79/04,・アイロンを外部から加熱するためのストーブまたはその他の加熱手段（ストーブ一般Ｆ２４）,・アイロンを外部から加熱するためのストーブ又はその他の加熱手段［２００６．０１］
uploaded,タイトル変更,D06F 81/00,D06F 81/00,アイロンかけ台（カバーまたはパットＤ０６Ｆ８３／００；台所用とだなにすえ付けたテーブルと組み合わせたものＡ４７Ｂ；テーブル一般Ａ４７Ｂ；階段に取り付けたものＥ０６Ｃ）,アイロンかけ台（カバー又はパットＤ０６Ｆ８３／００；使用位置へ引き出し可能なアイロンかけ台を備えた台所用キャビネットＡ４７Ｂ７７／１０）［２００６．０１］
uploaded,タイトル変更,D06F 95/00,D06F 95/00,ラウンドリーシステムまたはその装置あるいは機械の配置；移動式洗たく所（Ｄ０６Ｆ３１／００が優先；ラウンドリーの建物Ｅ０４Ｈ）,ラウンドリーシステム又はその装置あるいは機械の配置；移動式洗濯所（Ｄ０６Ｆ３１／００が優先）［２００６．０１］
uploaded,タイトル変更,D06G 1/00,D06G 1/00,敷物，袋状物，その他皮革または繊維製品または織物の打撃，ブラシ掛け等の機械的清浄，圧力式清浄（ブラシＡ４６Ｂ；吸引掃除機Ａ４７Ｌ；家庭用清浄機Ａ４７Ｌ；清掃一般Ｂ０８Ｂ；寝台用羽根毛の清浄装置Ｂ６８Ｇ３／００）,敷物，袋状物，その他皮革または繊維製品または織物の打撃，ブラシ掛け等の機械的清浄，圧力式清浄［２００６．０１］
uploaded,タイトル変更,D06H 3/00,D06H 3/00,繊維材料の検査（繊維材料の物理的性質の試験Ｇ０１Ｎ，例．光学的手段を用いた，傷，欠陥，または汚れの有無の検査Ｄ０６Ｈ２１／８８）,繊維材料の検査［２００６．０１］
uploaded,タイトル変更,D06H 3/16,D06H 3/16,・くつ下，その他の筒状布帛の検査；内外裏返し，等級分け，その他の取り扱いと組み合わさった検査（内外裏返しそれ自体Ｄ０６Ｇ３／００）,・くつ下，その他の筒状布帛の検査；内外裏返し，等級分け，その他の取り扱いと組み合わさった検査［２００６．０１］
uploaded,タイトル変更,D06H 7/00,D06H 7/00,特に繊維材料の切断またはその他の分離に適した切断またはその他の分離のための装置または方法（ボタン穴あけのための分離Ａ４１Ｈ；手持ち切断工具一般Ｂ２６Ｂ；切断機一般Ｂ２６Ｄ；切断刃以外による切断一般Ｂ２６Ｆ；接合縁の整形，布帛の剪毛，レースまたは刺しゅう布の剪毛，例．けば糸の切断Ｄ０６Ｃ）,特に繊維材料の切断またはその他の分離に適した切断またはその他の分離のための装置または方法［２００６．０１］
uploaded,タイトル変更,D06M 11/00,D06M 11/00,繊維，より糸，糸，織物，またはこのような材料から製造された繊維製品の，無機物質またはその錯体による処理；そのような処理が機械的処理と組み合わされたもの，例．マーセル化（Ｄ０６Ｍ１０／００が優先；部分的な処理による繊維製品の装飾Ｄ０６Ｑ１／００）［５］,繊維，より糸，糸，織物，またはこのような材料から製造された繊維製品の，無機物質またはその錯体による処理；そのような処理が機械的処理と組み合わされたもの，例．マーセル化（Ｄ０６Ｍ１０／００が優先）［２００６．０１］
uploaded,タイトル変更,D06M 11/32,D06M 11/32,・酸素，オゾン，オゾニド，酸化物，水酸化物またはペルオキシ酸化合物によるもの；両性元素―酸素結合によりアニオンから誘導される塩（水または重水によるものＤ０６Ｍ１１／０５；ハロゲンの酸化物または酸素酸によるものＤ０６Ｍ１１／３０；漂白Ｄ０６Ｌ）［５］,・酸素，オゾン，オゾニド，酸化物，水酸化物またはペルオキシ酸化合物によるもの；両性元素―酸素結合によりアニオンから誘導される塩（水または重水によるものＤ０６Ｍ１１／０５；ハロゲンの酸化物または酸素酸によるものＤ０６Ｍ１１／３０）［２００６．０１］
uploaded,タイトル変更,D06M 11/38,D06M 11/38,・・・周期表第１族または第１１族の元素の酸化物または水酸化物（化学的手段による部分的破壊または変性による模様の製作Ｄ０６Ｑ１／０２）［５］,・・・周期表第１族または第１１族の元素の酸化物または水酸化物［２００６．０１］
uploaded,タイトル変更,D06M 11/83,D06M 11/83,・金属によるもの；金属生成化合物，例．金属カルボニル，によるもの；繊維製品上での金属化合物の還元（部分的な金属処理による繊維製品の装飾Ｄ０６Ｑ１／０４）［５］,・金属によるもの；金属生成化合物，例．金属カルボニル，によるもの；繊維製品上での金属化合物の還元［２００６．０１］
uploaded,タイトル変更,D06M 13/52,D06M 13/52,・機械的処理との組合せによるもの（繊維製品の装飾Ｄ０６Ｑ）,・機械的処理との組合せによるもの［２００６．０１］
uploaded,タイトル変更,D06M 13/525,D06M 13/525,・・エンボス；カレンダーがけ；プレス（モールディングＤ０６Ｍ２３／１４）［５］,・・エンボス；カレンダーがけ；プレス［２００６．０１］
uploaded,タイトル変更,D06M 15/07,D06M 15/07,・機械的処理との組合せによるもの（繊維製品の装飾Ｄ０６Ｑ）,・機械的処理との組合せによるもの［２００６．０１］
uploaded,タイトル変更,D06M 15/705,D06M 15/705,・・エンボス；カレンダーがけ；プレス（モールディングＤ０６Ｍ２３／１４）［５］,・・エンボス；カレンダーがけ；プレス［２００６．０１］
uploaded,タイトル変更,D06M 23/08,D06M 23/08,・処理剤が粉体または細粒の形で適用されるプロセス（多層織物用の接着剤Ｄ０６Ｍ１７／００；繊維製品の装飾Ｄ０６Ｑ）［５］,・処理剤が粉体または細粒の形で適用されるプロセス（多層織物用の接着剤Ｄ０６Ｍ１７／００）［２００６．０１］
uploaded,タイトル変更,D06M 23/16,D06M 23/16,・処理剤の不均一な適用のためのプロセス，例．片面処理；差別的処理（繊維製品の装飾Ｄ０６Ｑ）［５］,・処理剤の不均一な適用のためのプロセス，例．片面処理；差別的処理［２００６．０１］
uploaded,タイトル変更,D06N 7/00,D06N 7/00,他に分類されない柔軟なシート材料，例．高分子材料上に接着されたより糸，フィラメント，糸またはトウ,他に分類されない柔軟なシート材料，例．高分子材料上に接着されたより糸，フィラメント，糸またはトウ（表面カバー用の紙または板紙の構造Ｄ２１Ｈ２７／２０）［２００６．０１］
uploaded,タイトル変更,D06Q 1/00,D06Q 1/00,繊維製品の装飾（模様染めＤ０６Ｂ１１／００；繊維製品の染色またはなっ染前における材料の一部を防染Ｄ０６Ｐ５／１２）,繊維製品の装飾［２００６．０１］
uploaded,タイトル変更,D21B 1/12,D21B 1/12,・・湿式法によるもの，スチームの使用によるもの,・・湿式法によるもの；スチームの使用によるもの
uploaded,タイトル変更,E06B 11/08,E06B 11/08,・回転木戸（車両におけるものＢ６０Ｎ５／００；記録手段をもったものＧ０７Ｃ９／０２）,・回転木戸（車両におけるものＢ６０Ｎ５／００；登録手段をもったものＧ０７Ｃ９／１０）［２００６．０１］
uploaded,タイトル変更,F01P 3/02 M,F01P 3/02 M,液体二次冷却循環，すなわち，液体－液体熱交換器を有るもの〔Ｘが優先〕,液体二次冷却循環，すなわち，液体－液体熱交換器を有するもの〔Ｘが優先〕
uploaded,タイトル変更,F04B 1/00,F04B 1/00,シリンダの数または配列に特徴のある多シリンダ機械またはポンプ（Ｆ０４Ｂ３／００が優先；流体駆動ポンプＦ０４Ｂ９／０８；往復動機械またはポンプの制御一般Ｆ０４Ｂ４９／００）［２０２０．０１］,シリンダの数または配列に特徴のある多シリンダ機械またはポンプ（１つのシリンダ内で共動するピストンを有する機械またはポンプＦ０４Ｂ３／００）［２０２０．０１］
uploaded,タイトル変更,F21K 5/16,F21K 5/16,・・電気によるもの（回路装置Ｈ０５Ｂ４３／０２）［５］,・・電気によるもの（回路装置Ｈ０５Ｂ４６／００）［２００６．０１］
uploaded,タイトル変更,F22B 17/00,F22B 17/00,水平・傾斜形の水管ボイラ，すなわち水管が水平面に対して多少傾斜しているもの,水平傾斜型の水管ボイラ，すなわち水管組が水平面に対して多少傾斜しているもの
uploaded,タイトル変更,F22B 17/02,F22B 17/02,・すべての組が共通の２つの管寄せ室および連接した水管からなるもの，例．平らな管寄せ室と連結しているもの,・すべての組に共通する２つの管寄せ室に突き当て接続された水管組から組み上げられたもの，例．平らな管寄せ室を有するもの
uploaded,タイトル変更,F22B 17/04,F22B 17/04,・・水管が反対方向に傾斜しているもの，例．横方向,・・水管組が反対方向に傾斜しているもの，例．交差するように
uploaded,タイトル変更,F22B 17/06,F22B 17/06,・・水管が角ばって曲っているもの,・・水管が角をなして曲がっているもの
uploaded,タイトル変更,F22B 17/08,F22B 17/08,・・水管が曲っているもの,・・水管がカーブしているもの
uploaded,タイトル変更,F22B 17/01,F22B 17/01,・おのおのの組ごとに共通の２つの管寄せ室および連接した水管からなるもの，すなわち缶の幅または高さの若干の断面内の管寄せによるもの,・おのおのの組ごとに２つ設けられた部分的管寄せ室に突き当て接続された水管組から組み上げられたもの，すなわちボイラの幅または高さにわたって複数の部分に設けられた管寄せを有するもの
uploaded,タイトル変更,F22B 17/12,F22B 17/12,・・垂直または実質的に垂直に配列された組み合わせ式の管寄せによるもの,・・部分的管寄せが垂直にまたは実質的に垂直に配置されたもの
uploaded,タイトル変更,F22B 17/14,F22B 17/14,・・水平または実質的に水平に配置された組み合わせ式の管寄せによるもの,・・部分的管寄せが水平にまたは実質的に水平に配置されたもの
uploaded,タイトル変更,F22B 17/18,F22B 17/18,・・管寄せ室；組み合わせ管寄せ,・・管寄せ室；部分的管寄せ
uploaded,タイトル変更,F22B 21/00,F22B 21/00,垂直または鋭い傾斜形の水管ボイラ，すなわち水管が垂直または実質的に垂直に配列されたもの,垂直または鋭い傾斜型の水管ボイラ，すなわち水管組が垂直または実質的に垂直に配列されたもの
uploaded,タイトル変更,F22B 21/02,F22B 21/02,・実質的に真っすぐな水管によるもの,・実質的に真っすぐな水管から組み上げられたもの
uploaded,タイトル変更,F22B 21/06,F22B 21/06,・・・水管が環状に配列されるもの，例．環状形のドラムと連接するもの,・・・水管が環状の組になるよう配列されるもの，例．環状形のドラムと突き当て接続されるもの
uploaded,タイトル変更,F22B 21/08,F22B 21/08,・・・水管群が部分的にグループまたは集合になっているもの，例．両端で倒れて曲がっているもの,・・・水管が部分化するよう配列されてグループまたは集合になっているもの，例．端部で折り返しているもの
uploaded,タイトル変更,F22B 21/12,F22B 21/12,・・２またはそれ以上の上部ドラムおよび２またはそれ以上の下部ドラムがあるもの，例．水管が交さしてドラムと連接するもの,・・２以上の上部ドラムおよび２以上の下部ドラムがあるもの，例．ドラムと突き当て接続された交差配列する水管組を有するもの
uploaded,タイトル変更,F22B 21/14,F22B 21/14,・・１つの上部ドラムおよび２またはそれ以上の下部ドラムがあるもの,・・１つの上部ドラムおよび２以上の下部ドラムがあるもの
uploaded,タイトル変更,F22B 21/16,F22B 21/16,・・・下部ドラムがその上の水管と交さして連結するもの,・・・下部ドラムがさらなる水管により互いに連結されるもの
uploaded,タイトル変更,F22B 21/18,F22B 21/18,・・２またはそれ以上の上部ドラムおよび１つの下部ドラムがあるもの,・・２以上の上部ドラムおよび１つの下部ドラムがあるもの
uploaded,タイトル変更,F22B 21/02,F22B 21/02,・・おのおのの水管セットに分割して配列された組み立て式または細分化した管寄せがあるもの,・・おのおのの水管セットに個別に配列された部分的なまたは分割された管寄せがあるもの
uploaded,タイトル変更,F22B 21/32,F22B 21/32,・・・垂直管寄せまたは昇水手段と連接して水平に配列されるもの,・・・起立した管寄せまたは起き上がった給水管と突き合わせ接続して水平に配列されたもの
uploaded,タイトル変更,F22B 21/34,F22B 21/34,・燃焼室を囲むパネル状の水管群により組み立てられたもの，すなわち放射ボイラ,・燃焼室を囲むパネル形態にグループ化された水管により組み立てられたもの，すなわち放射ボイラ
uploaded,タイトル変更,F22B 21/38,F22B 21/38,・・構成部分，例．組み立て式パネル,・・構成部分，例．プレハブ式パネル
uploaded,タイトル変更,F23J 3/02,F23J 3/02,・炉の管の清掃；煙道または煙突の清掃（火が消えたときに実質的にその他の管の清掃と同じ手段により行うものＢ０８Ｂ）,・煙管の清掃；煙道または煙突の清掃［２００６．０１］
uploaded,タイトル変更,F23J 7/00,F23J 7/00,火に化学薬品を供給する装置の配置（火への化学薬品の供給Ｃ１０Ｌ）,火に化学薬品を供給する装置の配置［２００６．０１］
uploaded,タイトル変更,F23J 11/00,F23J 11/00,煙またはガスを誘導するための装置，例．煙道（そのための断熱Ｅ０４Ｂ１／９４；煙突Ｅ０４Ｈ１２／２８；家庭用ストーブまたはレンジからの調理時のくん煙の除去Ｆ２４Ｃ１５／２０）［５］,煙またはガスを誘導するための装置，例．煙道（煙突Ｅ０４Ｈ１２／２８；家庭用ストーブまたはレンジからの調理時のくん煙の除去Ｆ２４Ｃ１５／２０）［２００６．０１］
uploaded,タイトル変更,F23J 13/00,F23J 13/00,煙突または煙道のための取り付け具（保持，補強Ｅ０４Ｈ；登ることを容易にするための手段Ｅ０６Ｃ；煙突または煙道に連合した通風誘導装置Ｆ２３Ｌ）,煙突または煙道のための取り付け具（煙突の側支持手段Ｅ０４Ｈ１２／２０；煙突に永久に取り付けられたはしごＥ０６Ｃ９／００；煙突または煙道に連合した通風誘導装置Ｆ２３Ｌ１７／００；煙突の先端，煙道の末端Ｆ２３Ｌ１７／０２）［２００６．０１］
uploaded,タイトル変更,F23J 13/04,F23J 13/04,・継手；連結部（管継手一般Ｆ１６Ｌ）,・継手；連結部［２００６．０１］
uploaded,タイトル変更,F23J 13/08,F23J 13/08,・煙室，煙道または煙突に特に適合したとびらまたはふた（一般Ｅ０６Ｂ）,・煙室，煙道または煙突に特に適合したとびらまたはふた［２００６．０１］
uploaded,タイトル変更,F23J 15/00,F23J 15/00,煙またはガスを処理するための装置の配置（煙またはガスを処理するための装置それ自体，方法は，その処理に関連する箇所，例．Ｂ０１Ｄ５３／００，を参照）,煙またはガスを処理するための装置の配置［２００６．０１］
uploaded,タイトル変更,F23K 1/00,F23K 1/00,燃焼装置へ送給するための準備における塊状または粉状の燃料の調製（ろ過Ｂ０１Ｄ；混合Ｂ０１Ｆ；粉砕Ｂ０２Ｃ；乾燥Ｆ２６Ｂ）,燃焼装置へ送給するための準備における塊状または粉状の燃料の調製［２００６．０１］
uploaded,タイトル変更,F23K 3/00,F23K 3/00,塊状または粉状燃料の燃焼装置への供給または分配（輸送一般Ｂ６５Ｇ）,塊状または粉状燃料の燃焼装置への供給または分配［２００６．０１］
uploaded,タイトル変更,F23K 5/04,F23K 5/04,・・ポンプを用いる供給または分配システム（Ｆ２３Ｋ５／０６が優先）［５］,・・ポンプを用いる供給または分配システム（中央燃料源から複数のバーナへの供給または分配Ｆ２３Ｋ５／０６）［２００６．０１］
uploaded,タイトル変更,F23K 5/16,F23K 5/16,・・・安全装置（Ｆ２３Ｋ５／１８が優先；燃焼室の安全装置Ｆ２３Ｍ１１／００）［５］,・・・安全装置（清掃またはパージ装置，例．フィルタＦ２３Ｋ５／１８）［２００６．０１］
uploaded,タイトル変更,F23M 3/12,F23M 3/12,・形状または構造に特徴があるもの（Ｆ２３Ｍ３／０２が優先）,・形状または構造に特徴があるもの［２００６．０１］
uploaded,タイトル変更,F23M 5/00,F23M 5/00,ケーシング；内張り；壁（蒸気ボイラのための管壁の構造または支持Ｆ２２Ｂ）,ケーシング；内張り；壁［２００６．０１］
uploaded,タイトル変更,F23M 5/02,F23M 5/02,・使用されるれんがまたはブロックの形状に特徴があるもの（セラミック材料Ｃ０４Ｂ３３／００，Ｃ０４Ｂ３５／００）,・使用されるれんがまたはブロックの形状に特徴があるもの［２００６．０１］
uploaded,タイトル変更,F23M 5/06,F23M 5/06,・燃焼室のクラウンまたは天井（Ｆ２３Ｍ５／０２，Ｆ２３Ｍ５／０４が優先）,・燃焼室のクラウンまたは天井［２００６．０１］
uploaded,タイトル変更,F23M 9/00,F23M 9/00,空気または燃焼生成物の邪魔板または転向板（バーナと構造的に関連する場合Ｆ２３Ｄ）；火立て,空気または燃焼生成物の邪魔板または転向板（バーナと構造的に関連する空気または燃焼生成物の邪魔板または転向板Ｆ２３Ｄ）；火立て［２００６．０１］
uploaded,タイトル変更,F23M 9/01,F23M 9/01,・邪魔板または転向板が管，例．水管ボイラにおける，として形成されているもの（ボイラにおいて流体を流すための管の相互接続Ｆ２２）,・邪魔板または転向板が管，例．水管ボイラにおける，として形成されているもの［２００６．０１］
uploaded,タイトル変更,F23M 11/00,F23M 11/00,安全装置（バーナと構造的に関連する場合Ｆ２３Ｄ；液体燃料の供給のためＦ２３Ｋ５／１６；燃焼の制御が関連する場合Ｆ２３Ｎ５／２４；点火器と構造的に関連する場合Ｆ２３Ｑ）,安全装置［２００６．０１］
uploaded,タイトル変更,F23M 11/04,F23M 11/04,・燃焼監視手段，例．窓（警報システムＧ０８Ｂ）,・燃焼監視手段，例．窓［２００６．０１］
uploaded,タイトル変更,F23N 3/06,F23N 3/06,・２またはそれ以上の弁またはダンパの結合操作によるもの（Ｆ２３Ｎ３／０８が優先）,・２またはそれ以上の弁またはダンパの結合操作によるもの（補助動力システムによるものＦ２３Ｎ３／０８）［２００６．０１］
uploaded,タイトル変更,F23N 5/00,F23N 5/00,燃焼制御のシステム（Ｆ２３Ｎ１／００，Ｆ２３Ｎ３／００が優先）,燃焼制御のシステム（燃料供給の調整Ｆ２３Ｎ１／００，空気供給または通風の調整Ｆ２３Ｎ３／００）［２００６．０１］
uploaded,タイトル変更,F24D 1/00,F24D 1/00,蒸気中央暖房方式（Ｆ２４Ｄ１０／００，Ｆ２４Ｄ１１／００が優先）,蒸気中央暖房方式（地域暖房方式Ｆ２４Ｄ１０／００；蓄熱体に貯えられた熱を使用する中央暖房方式Ｆ２４Ｄ１１／００）［２００６．０１］
uploaded,タイトル変更,F24D 3/00,F24D 3/00,温水中央暖房方式（Ｆ２４Ｄ１０／００，Ｆ２４Ｄ１１／００が優先）,温水中央暖房方式（地域暖房方式Ｆ２４Ｄ１０／００；蓄熱体に貯えられた熱を使用する中央暖房方式Ｆ２４Ｄ１１／００）［２００６．０１］
uploaded,タイトル変更,F24D 5/00,F24D 5/00,温風気中央暖房方式（Ｆ２４Ｄ１０／００，Ｆ２４Ｄ１１／００が優先；空気調和Ｆ２４Ｆ）；排気ガス中央暖房方式,温風気中央暖房方式（地域暖房方式Ｆ２４Ｄ１０／００；蓄熱体に貯えられた熱を使用する中央暖房方式Ｆ２４Ｄ１１／００；空気調和Ｆ２４Ｆ）；排気ガス中央暖房方式［２００６．０１］
uploaded,タイトル変更,F24D 7/00,F24D 7/00,グループＦ２４Ｄ１／００～Ｆ２４Ｄ５／００に包含されない熱交換流体を使用する中央暖房方式，例．油，塩，ガス（Ｆ２４Ｄ１０／００，Ｆ２４Ｄ１１／００が優先）,グループＦ２４Ｄ１／００～Ｆ２４Ｄ５／００に包含されない熱交換流体を使用する中央暖房方式，例．油，塩，ガス（地域暖房方式Ｆ２４Ｄ１０／００；蓄熱体に貯えられた熱を使用する中央暖房方式Ｆ２４Ｄ１１／００）［２００６．０１］
uploaded,タイトル変更,F24D 9/00,F24D 9/00,グループＦ２４Ｄ１／００～Ｆ２４Ｄ７／００の２つ以上に包含される熱交換流体の組合せを使用する中央暖房方式（Ｆ２４Ｄ１０／００，Ｆ２４Ｄ１１／００が優先）,グループＦ２４Ｄ１／００～Ｆ２４Ｄ７／００の２つ以上に包含される熱交換流体の組合せを使用する中央暖房方式（地域暖房方式Ｆ２４Ｄ１０／００；蓄熱体に貯えられた熱を使用する中央暖房方式Ｆ２４Ｄ１１／００）［２００６．０１］
uploaded,タイトル変更,F24D 11/00,F24D 11/00,蓄熱体に貯えられた熱を使用する中央暖房方式（自蔵型蓄熱暖房ユニットＦ２４Ｄ１５／０２；蓄熱塊体は関連するサブクラスを参照）,蓄熱体に貯えられた熱を使用する中央暖房方式（自蔵型蓄熱暖房ユニットＦ２４Ｄ１５／０２）［２００６．０１］
uploaded,タイトル変更,F24D 12/02,F24D 12/02,・１つ以上の加熱源を有するもの（Ｆ２４Ｄ３／１８，Ｆ２４Ｄ３／０８，Ｆ２４Ｄ５／１２，Ｆ２４Ｄ１１／０２が優先）［５］,・１つ以上の加熱源を有するもの（ヒートポンプを使用するもの，温水中央暖房方式によるものＦ２４Ｄ３／１８；温風気中央暖房方式によるものＦ２４Ｄ５／１２；蓄熱体を使用するシステムによるものＦ２４Ｄ１１／０２）［２００６．０１］
uploaded,タイトル変更,F24D 13/00,F24D 13/00,電気暖房方式（電気による水または空気加熱器Ｆ２４Ｈ）,電気暖房方式［２００６．０１］
uploaded,タイトル変更,F24D 17/00,F24D 17/00,家庭用温水供給方式（家庭用または区域暖房方式との結合Ｆ２４Ｄ１／００～Ｆ２４Ｄ１５／００）,家庭用温水供給方式［２００６．０１］
uploaded,タイトル変更,F24D 19/08,F24D 19/08,・排水，排気または吸気するための装置（排水用弁Ｆ１６Ｋ，例．Ｆ１６Ｋ２１／００，排気または吸気のためのものＦ１６Ｋ２４／００）［３］,・排水，排気または吸気するための装置（排気または吸気のためのものＦ１６Ｋ２４／００）［２００６．０１］
uploaded,タイトル変更,F24D 19/01,F24D 19/01,・制御または安全装置の配置または取付（制御弁Ｆ１６Ｋ；単にその加熱器が制御されているものＦ２４Ｈ９／２０）［３］,・制御または安全装置の配置または取付（単にその加熱器が制御されているものＦ２４Ｈ９／２０）［２００６．０１］
uploaded,タイトル変更,F41H 5/00,F41H 5/00,装甲，装甲板（製造または処理方法Ｂ２１，Ｃ２１）,装甲；装甲板；防盾（製造または処理方法Ｂ２１，Ｃ２１）
uploaded,タイトル変更,G01B 3/01,G01B 3/01,・・可撓性のもの,・巻尺［２０２０．０１］
uploaded,タイトル変更,G01L 5/00,G01L 5/00,特定の目的に適合した，力，例．衝撃によるもの，仕事，機械的動力またはトルクを測定する装置または方法,特定の目的に特に適合した，力，仕事，機械的動力またはトルクを測定する装置または方法［２００６．０１］
uploaded,タイトル変更,G01L 5/00 101 A,G01L 5/00 101 A,マイクロカプセルシ－トによるもの,マイクロカプセルシートによるもの
uploaded,タイトル変更,G01L 5/00 103,G01L 5/00 103,・締付力を測定するもの（締付トルクは５／２４）,・締付力を測定するもの（締付トルクはＧ０１Ｌ５／２４）
uploaded,タイトル変更,G01L 5/00 103 A,G01L 5/00 103 A,シ－ル材の,シール材の
uploaded,タイトル変更,G01L 5/00 103 B,G01L 5/00 103 B,ボルトの〔ボルト軸力〕,ボルトの，例．ボルト軸力
uploaded,タイトル変更,G01L 5/00 103 D,G01L 5/00 103 D,・歪ゲ－ジを用いるもの,・歪ゲージを用いるもの
uploaded,タイトル変更,G01L 5/00 104,G01L 5/00 104,・解放力を測定するもの（スキ－のセ－フテイビンデイング用５／０３）,・解放力を測定するもの（スキーのセーフティビンディング用Ｇ０１Ｌ５／０３）
uploaded,タイトル変更,G01L 5/00 C,G01L 5/00 C,ロ－ラ接触圧,ローラ接触圧
uploaded,タイトル変更,G01L 5/00 D,G01L 5/00 D,切削力〔工作機械における測定装置の配置はＢ２３Ｑ１７／０８〕,切削力（工作機械における測定装置の配置はＢ２３Ｑ１７／０９）
uploaded,タイトル変更,G01L 5/00 N,G01L 5/00 N,カセツトテ－プトルク,カセットテープトルク
uploaded,タイトル変更,G01L 5/04,G01L 5/04,・ロープ，ケーブル，線条，糸，帯，または同様の可撓性部材の張力を測定するもの,・可撓性部材，例．ロープ，ケーブル，線条，糸，ベルトまたは帯の張力を測定するもの［２００６．０１］
uploaded,タイトル変更,G01L 5/04 B,G01L 5/04 B,・分割ロ－ラによるもの,・分割ローラによるもの
uploaded,タイトル変更,G01L 5/04 G,G01L 5/04 G,三点ロ－ラ式,三点ローラ式
uploaded,タイトル変更,G01L 5/06 G,G01L 5/06 G,三点ロ－ラ式,三点ローラ式
uploaded,タイトル変更,G01L 5/08 G,G01L 5/08 G,三点ロ－ラ式,三点ローラ式
uploaded,タイトル変更,G01L 5/28 A,G01L 5/28 A,ロ－ラ駆動型,ローラ駆動型
uploaded,タイトル変更,G01N 11/00,G01N 11/00,材料の流動性，例．粘度，塑性，の調査；流動性の測定による材料分析,材料の流動性，例．粘度または塑性，の調査；流動性の測定による材料分析
uploaded,タイトル変更,G01R 1/08,G01R 1/08,・・指針，目盛板，目盛板の照明,・・指針；目盛板；目盛板の照明
uploaded,タイトル変更,G01S 13/01,G01S 13/01,・・・・断続パルス変調波を送信するもの（位相測定による距離決定Ｇ０１Ｓ１３／３２）［３］,・・・・断続的な，パルス変調波を送信するもの（位相測定による距離決定Ｇ０１Ｓ１３／３２）［２００６．０１］
uploaded,タイトル変更,G01S 13/24,G01S 13/24,・・・・・搬送波の周波数アジリテイを使用するもの［３］,・・・・・搬送波の周波数アジリティを使用するもの［２００６．０１］
uploaded,タイトル変更,G01S 13/32,G01S 13/32,・・・・非変調連続波，振幅変調連続波，周波数変調連続波，または位相変調連続波を送信するもの［３］,・・・・振幅，周波数，もしくは位相が変調された，または無変調の，連続波を送信するもの［２００６．０１］
uploaded,タイトル変更,G01S 13/34,G01S 13/34,・・・・・周波数変調波を送信し，受信信号，またはそれから導かれる信号が，同時に発生された送信信号に関連する局部発生信号とヘテロダインされてうなり周波数の信号を発生させるもの［３］,・・・・・周波数変調連続波を送信するとともに，受信信号，またはそれから導かれる信号を，同時に送信された信号に関連する局部発生信号とヘテロダインするもの［２００６．０１］
uploaded,タイトル変更,G01S 13/526,G01S 13/526,・・・・・・距離情報を失うことなく全スペクトルの濾波を行うもの，例．遅延線消去器またはくし型フイルタを用いるもの［５］,・・・・・・距離情報を失うことなく全スペクトルの濾波を行うもの，例．遅延線消去器またはくし型フィルタを用いるもの［２００６．０１］
uploaded,タイトル変更,G01S 15/01,G01S 15/01,・・・・断続パルス変調波を送信するもの（位相測定による距離決定Ｇ０１Ｓ１５／３２）［３］,・・・・断続的な，パルス変調波を送信するもの（位相測定による距離決定Ｇ０１Ｓ１５／３２）［２００６．０１］
uploaded,タイトル変更,G01S 15/32,G01S 15/32,・・・・非変調連続波，振幅変調連続波，周波数変調連続波，または位相変調連続波を送信するもの［３］,・・・・振幅，周波数，もしくは位相が変調された，または無変調の，連続波を送信するもの［２００６．０１］
uploaded,タイトル変更,G01S 15/34,G01S 15/34,・・・・・周波数変調波を送信し，受信信号またはそれから導かれる信号が，同時に発生された送信信号に関連する局部発生信号とヘテロダインされてうなり周波数の信号を発生するもの［３］,・・・・・周波数変調連続波を送信するとともに，受信信号，またはそれから導かれる信号を，同時に送信された信号に関連する局部発生信号とヘテロダインするもの［２００６．０１］
uploaded,タイトル変更,G01S 15/89 A,G01S 15/89 A,マツピング方式,マッピング方式
uploaded,タイトル変更,G01S 15/89 B,G01S 15/89 B,イメ－ジング方式,イメージング方式
uploaded,タイトル変更,G01S 17/01,G01S 17/01,・・・・断続パルス変調波を送信するもの（位相測定による距離決定Ｇ０１Ｓ１７／３２）［３］,・・・・断続的な，パルス変調波を送信するもの（位相測定による距離決定Ｇ０１Ｓ１７／３２）［２０２０．０１］
uploaded,タイトル変更,G01S 17/32,G01S 17/32,・・・・非変調連続波，振幅変調連続波，周波数変調連続波，または位相変調連続波を送信するもの［３］,・・・・振幅，周波数，もしくは位相が変調された，または無変調の，連続波を送信するもの［２０２０．０１］
uploaded,タイトル変更,G02B 6/02 481,G02B 6/02 481,・・・相互関連型マルチコアファイバ,・・・結合型マルチコアファイバ
uploaded,タイトル変更,G02B 6/293,G02B 6/293,・・・・波長選択手段を有するもの（光素子の使用については，このサブクラスの関係ザブグループを参照；光波長分割多重化方式Ｈ０４Ｊ１４／０２）［６］,・・・・波長選択手段を有するもの（光素子の使用については，このサブクラスの関係サブグループを参照；光波長分割多重化方式Ｈ０４Ｊ１４／０２）［６］
uploaded,タイトル変更,G02B 6/43,G02B 6/43,・・・複数の光電素子とそれと結合した光学的相互接続からなる装置（発光または受光半導体装置Ｈ０１Ｌ２７／００，Ｈ０１Ｌ３１／００，Ｈ０１Ｌ３３／００；その他の構成要素とモノリシックに集積された半導体レーザーＨ０１Ｓ５／０２６）［６］,・・・複数の光電素子とその間を接続するライトガイドからなる配置（発光または受光半導体装置Ｈ０１Ｌ２７／００，Ｈ０１Ｌ３１／００，Ｈ０１Ｌ３３／００；その他の構成要素とモノリシックに集積された半導体レーザーＨ０１Ｓ５／０２６）［６］
uploaded,タイトル変更,G02B 26/00,G02B 26/00,可動または変形可能な光学要素を用いて，光の強度，色，位相，偏光または方向を制御，例．スイッチング，ゲーティング，変調する光学装置または光学的配置（照明状態の制御のための照明装置の機械的操作可能部品Ｆ２１Ｖ；光の特性を測定するのに特に適合したものＧ０１Ｊ；媒体の光学的性質の変化により，光学的作用が変化する装置または配置Ｇ０２Ｆ１／００；光の制御一般Ｇ０５Ｄ２５／００；光源の制御Ｈ０１Ｓ３／１０，Ｈ０５Ｂ３７／００～Ｈ０５Ｂ４３／００）［４］,可動または変形可能な光学要素を用いて，光の強度，色，位相，偏光または方向を制御，例．スイッチング，ゲーティング，変調，する光学装置または光学的配置（照明状態の制御のための照明装置の機械的操作可能部品Ｆ２１Ｖ；光の特性を測定するのに特に適合したものＧ０１Ｊ；媒体の光学的性質の変化により，光学的作用が変化する装置または配置Ｇ０２Ｆ１／００；光の制御一般Ｇ０５Ｄ２５／００；光源の制御Ｈ０１Ｓ３／１０，Ｈ０５Ｂ３９／００～Ｈ０５Ｂ４７／００）［２００６．０１］
uploaded,タイトル変更,G02B 27/00,G02B 27/00,他の光学系；他の光学装置（商店ウインドウ，展示ケースに特殊の光学効果を生じさせる手段，Ａ４７Ｆ，例．Ａ４７Ｆ１１／０６；光学玩具Ａ６３Ｈ３３／２２；特殊の光効果によって特徴づけられたデザインまたは絵Ｂ４４Ｆ１／００）,グループＧ０２Ｂ１／００～Ｇ０２Ｂ２６／００，Ｇ０２Ｂ３０／００に分類されない光学系または光学装置［２００６．０１］
uploaded,タイトル変更,G02B 27/02,G02B 27/02,・観察または読取装置（立体視装置Ｇ０２Ｂ２７／２２，投影型のものＧ０３Ｂ；スライド変換装置Ｇ０３Ｂ）,・観察または読取装置（立体視装置Ｇ０２Ｂ３０／００，投影型のものＧ０３Ｂ；スライド変換装置Ｇ０３Ｂ）［２００６．０１］
uploaded,タイトル変更,G02B 27/28,G02B 27/28,・偏光用（立体視鏡に使うものＧ０２Ｂ２７／２６）,・偏光用（立体視鏡に使うものＧ０２Ｂ３０／２５）［２００６．０１］
uploaded,タイトル変更,G05D 11/00,G05D 11/00,比率制御（化学的または物理化学的変量，例．ｐＨ値の制御Ｇ０５Ｄ２１／００；湿度の制御Ｇ０５Ｄ２２／００；粘土の制御Ｇ０５Ｄ２４／００）［３］,流量比制御（化学的または物理化学的変量，例．ｐＨ値の制御Ｇ０５Ｄ２１／００；湿度の制御Ｇ０５Ｄ２２／００；粘土の制御Ｇ０５Ｄ２４／００）［２００６．０１］
uploaded,タイトル変更,G07B 15/04,G07B 15/04,・・柵，廻り木戸またはこれらに類するものを解放するための装置を含むもの（登録手段をもつ回り木戸Ｇ０７Ｃ９／０２）［２００６．０１］,・・柵，回転木戸またはこれらに類するものを解放するための装置を含むもの（登録手段をもつ回転木戸Ｇ０７Ｃ９／１０）［２００６．０１］
uploaded,タイトル変更,G10D 1/00,G10D 1/00,弦楽器の全体構造（１つまたはそれ以上の鍵盤のある楽器Ｇ１０Ｃ）,弦楽器の全体構造［２０２０．０１］
uploaded,タイトル変更,G10D 1/02,G10D 1/02,・バイオリン，ビオラ，チェロまたはダブルベース,・擦弦楽器，例．バイオリンまたはハーディーガーディー［２００６．０１］
uploaded,タイトル変更,G10D 1/04,G10D 1/04,・ハープまたはリラ,・撥弦楽器，例．ハープまたはリラ［２０２０．０１］
uploaded,タイトル変更,G10D 3/00,G10D 3/00,弦楽器の細部または付属品,弦楽器の細部または付属品，例．スライドバー［２０２０．０１］
uploaded,タイトル変更,G10D 3/04,G10D 3/04,・駒；弱音器；カポタスト,・駒［２０２０．０１］
uploaded,タイトル変更,G10D 3/06,G10D 3/06,・指板,・ネック；指板，例．フレットボード［２０２０．０１］
uploaded,タイトル変更,G10D 3/08,G10D 3/08,・・鍵盤状のもの,・・鍵盤状の指板［２０２０．０１］
uploaded,タイトル変更,G10D 3/14,G10D 3/14,・調弦装置，例．糸巻，ピンまたは摩擦車,・調弦装置，例．糸巻，ピン，摩擦車またはウォームギア［２０２０．０１］
uploaded,タイトル変更,G10D 3/16,G10D 3/16,・弓；弓のガイド；ばちまたは類似の演奏用具,・弓；弓のガイド；プレクトラムまたは類似の演奏用具［２０２０．０１］
uploaded,タイトル変更,G10D 3/18,G10D 3/18,・楽器の部分としてのあご当て，手かけまたは保護具,・あご当て，手かけ，肩当てまたは保護具であって，楽器から取り外し可能または楽器と一体であるもの［２０２０．０１］
uploaded,タイトル変更,G10D 7/02,G10D 7/02,・気流が傾斜したエッジにふきつけられる型式のもの，例．フルートまたはリコーダー,・気流が傾斜したエッジにふきつけられる型式のもの［２０２０．０１］
uploaded,タイトル変更,G10D 7/04,G10D 7/04,・・オカリナ,・・ヘルムホルツ共鳴器をもつもの，例．オカリナ［２０２０．０１］
uploaded,タイトル変更,G10D 7/06,G10D 7/06,・リードをもつもの，例．オーボエ，クラリネット，バスーンまたはバグパイプ,・ビーティングリード楽器，例．シングルリードまたはダブルリード楽器［２０２０．０１］
uploaded,タイトル変更,G10D 7/01,G10D 7/01,・カップ状の吹口をもつ型式のもの，例．コルネット，トランペットまたはトロンボーン,・リップリード楽器，すなわち演奏者の口唇の振動を用いるもの，例．コルネット，トランペット，トロンボーンまたはフレンチホルン［２００６．０１］
uploaded,タイトル変更,G10D 7/12,G10D 7/12,・フリーリードをもつもの，例．ハーモニカ，子供用のラッパ，調律用笛または笙,・フリーリード楽器［２０２０．０１］
uploaded,タイトル変更,G10D 9/00,G10D 9/00,気鳴楽器の細部または付属品,気鳴楽器の細部または付属品（アコーディオンまたはコンセルティーナＧ１０Ｄ１１／００）［２０２０．０１］
uploaded,タイトル変更,G10D 9/02,G10D 9/02,・吹口；リード,・吹口；リード；リガチャー［２０２０．０１］
uploaded,タイトル変更,G10D 13/00,G10D 13/00,打楽器；その細部または付属品,打楽器；その細部または付属品（打弦楽器Ｇ１０Ｄ１／１４）［２０２０．０１］
uploaded,タイトル変更,G10D 13/02,G10D 13/02,・ドラム；タンバリン,・・ドラム；ヘッド付きタンバリン［２０２０．０１］
uploaded,タイトル変更,G10D 13/06,G10D 13/06,・カスタネット，シンバル，トライアングルまたは他の単音打楽器,・・カスタネット，シンバル，トライアングル，ヘッドレスタンバリンまたは他の単音打楽器［２０２０．０１］
uploaded,タイトル変更,G10D 15/00,G10D 15/00,各種楽器の組合せ（ピアノ，チェンバロ，中型ピアノまたは同様の弦楽器で構造上１つまたはそれ以上の鍵盤を持つものとの組合せＧ１０Ｃ５／００）,各種楽器の組合せ［２００６．０１］
uploaded,タイトル変更,G10D 17/00,G10D 17/00,このサブクラスの他のいずれのグループにも分類されない楽器，例．エオリアンハープまたはシンギングフレイム,エオリアンハープ；シンギングフレイム［２０２０．０１］
uploaded,タイトル変更,H01H 47/04,H01H 47/04,・・吸引された位置にアーマチュアを保持するためのもの，例．初めの付勢回路が遮断されたとき；吸引された位置にアーマチュアを維持するためのもの，例．減少した付勢電流で維持するもの,・・吸引された位置にアーマチュアを保持するためのもの，例．初めの付勢回路が遮断されたときまたは付勢電流の減少により
uploaded,タイトル変更,H01J 27/01,H01J 27/01,・・・デユプラズマトロン［３］,・・・デュオプラズマトロン［３］
uploaded,タイトル変更,H01J 49/12,H01J 49/12,・・・アーク放電を利用するもの，例．デュプラズマ型のもの［３］,・・・アーク放電を利用するもの，例．デュオプラズマ型のもの［３］
uploaded,タイトル変更,H01J 49/36,H01J 49/36,・・・ＲＦ分光器，例．ベネット型分光器，レッドヘッド型分光器［３］,・・・ＲＦ分光器，例．ベネット型分光器；レッドヘッド型分光器［３］
uploaded,タイトル変更,H01R 13/646,H01R 13/646,・高周波に特に適合するもの，例．インピーダンスの一致，位相の一致を行う構造（非同軸の保護接地またはシールドの配列Ｈ０１Ｒ１３／６４８～Ｈ０１Ｒ１３／６５９９；高周波に特に適合する同軸コネクタＨ０１Ｒ２４／４０～Ｈ０１Ｒ２４／５６）［７，２０１１．０１］,・高周波に特に適合するもの，例．インピーダンスの一致，位相の一致を行う構造（非同軸の保護接地またはシールドの配列Ｈ０１Ｒ１３／６４８；高周波に特に適合する同軸コネクタＨ０１Ｒ２４／４０［２０１１．０１］）
uploaded,タイトル変更,H01R 13/66,H01R 13/66,・組込電気素子との機構的関連（同心円または同軸用の接触子を持つ接続装置Ｈ０１Ｒ２４／３８～Ｈ０１Ｒ２４／５６）,・組込電気素子との機構的関連（同心円または同軸用の接触子を持つ接続装置Ｈ０１Ｒ２４／３８）［２００６．０１］
uploaded,タイトル変更,H01R 24/00,H01R 24/00,２個の接続部品を持つ嵌合装置，またはそれらと共働する部品のいずれかの全体の構造に特徴があるもの［２０１１．０１］,２個の接続部品を持つ嵌合装置，またはそれらと共働する部品のいずれかの全体の構造に特徴があるもの（接触部材Ｈ０１Ｒ１３／０２；接触部材の基台，ケース内でのまたは基台，ケースへの固着または接触部材の絶縁Ｈ０１Ｒ１３／４０；基台またはケースＨ０１Ｒ１３／４６；係合されない時接続部品を支持する装置Ｈ０１Ｒ１３／６０；接続部品の係合または解放を容易にしまたは係合を保持するための部材Ｈ０１Ｒ１３／６２；不正確な接続を防ぎ，禁止しまたは回避する手段Ｈ０１Ｒ１３／６４）［２０１１．０１］
uploaded,タイトル変更,H02K 23/03,H02K 23/03,・・重ね巻巻線をもつもの；環状巻線をもつもの,・・重ね巻巻線をもつものまたは環状巻線をもつもの
uploaded,タイトル変更,H02K 23/32,H02K 23/32,・・波巻巻線をもつもの；波形に巻いた巻線をもつもの,・・波巻巻線をもつものまたは波形に巻いた巻線をもつもの
uploaded,タイトル変更,H03H 9/05,H03H 9/05,・・保持具；支持体［３］,・・保持具または支持体［３］
uploaded,タイトル変更,H04M 1/2745,H04M 1/2745,・・・・電子メモリ，すなわち，操作するのに，記憶手段と変換器との間で相関的な動きを必要としないメモリ，例．チップ，を用いるもの［７］,・・・・静的な電子メモリを用いるもの，例．チップ［２０２０．０１］
uploaded,タイトル変更,H04M 1/2755,H04M 1/2755,・・・・・その内容が光学的スキャンによって得られるもの［７］,・・・・・・光学式スキャンによるもの［２００６．０１］
uploaded,タイトル変更,H04N 13/03,H04N 13/03,・画像再生装置（立体視または他の３次元効果を生ずるための光学システムＧ０２Ｂ２７／２２）［２０１８．０１］,・画像再生装置（立体視または他の３次元効果を生ずるための光学システムＧ０２Ｂ３０／００）［２０１８．０１］
uploaded,タイトル変更,H04N 21/61,H04N 21/61,・・ネットワークの物理的な構成；信号処理（Ｈ０４Ｂが優先）［２０１１．０１］,・・ネットワークの物理的な構成；信号処理［２０１１．０１］
uploaded,タイトル変更,H04W 52/00,H04W 52/00,パワーマネージメント，例．送信電力制御またはパワーセービング［２００９．０１］,パワーマネージメント［２００９．０１］
uploaded,タイトル変更,H04W 52/04,H04W 52/04,・ＴＰＣ［２００９．０１］,・送信電力制御［ＴＰＣ］［２００９．０１］
uploaded,タイトル変更,H05B 33/08,H05B 33/08,・・特殊な用途に適しない回路装置,・エレクトロルミネセント光源を制御するための回路装置（発光ダイオードを制御するためのものＨ０５Ｂ４５／００）［２０２０．０１］
uploaded,タイトル変更,H05B 39/00,H05B 39/00,白熱光源を動作させる回路装置または装置で特殊なものには応用できないもの,白熱光源を制御するための回路装置［２００６．０１］
uploaded,ドット変更,B62J 1/02 B,B62J 1/02 B,・薄膜によりなるもの〔収納部材を持つもの〕,薄膜によりなるもの，例．収納部材を持つもの
uploaded,ドット変更,D06F 37/12 G,D06F 37/12 G,・他の装置〔リフトフイルタ－，洗剤投入装置〕と関連するもの,・・他の装置，例．リフトフイルター，洗剤投入装置，と関連するもの
uploaded,ドット変更,G01B 3/01,G01B 3/01,・・可撓性のもの,・巻尺［２０２０．０１］
uploaded,ドット変更,G10D 1/06,G10D 1/06,・マンドリン,・・・マンドリン［２００６．０１］
uploaded,ドット変更,G10D 1/08,G10D 1/08,・ギター,・・・ギター［２００６．０１］
uploaded,ドット変更,G10D 1/08 100,G10D 1/08 100,・・エレキギターの機械的構造（電気的または電気機械的特徴Ｇ１０Ｈ３／１８）,・・・・エレキギターの機械的構造（電気的または電気機械的特徴Ｇ１０Ｈ３／１８）
uploaded,ドット変更,G10D 1/01,G10D 1/01,・バンジョー,・・・バンジョー［２００６．０１］
uploaded,ドット変更,G10D 13/00 110,G10D 13/00 110,・・発音体の配列に特徴があるもの,・発音体の配列に特徴があるもの
uploaded,ドット変更,G10D 13/00 130,G10D 13/00 130,・・分解可能または折畳可能,・分解可能または折畳可能
uploaded,ドット変更,G10D 13/00 210,G10D 13/00 210,・・演奏の容易化（Ｇ１０Ｄ１３／００，２２０が優先）,・演奏の容易化（Ｇ１０Ｄ１３／００，２２０が優先）
uploaded,ドット変更,G10D 13/00 220,G10D 13/00 220,・・装飾または表示,・装飾または表示
uploaded,ドット変更,G10D 13/02,G10D 13/02,・ドラム；タンバリン,・・ドラム；ヘッド付きタンバリン［２０２０．０１］
uploaded,ドット変更,G10D 13/02 100,G10D 13/02 100,・・ドラムまたは太鼓,・・・ドラムまたは太鼓
uploaded,ドット変更,G10D 13/02 101,G10D 13/02 101,・・・和太鼓または鼓,・・・・和太鼓または鼓
uploaded,ドット変更,G10D 13/02 102,G10D 13/02 102,・・・スチールドラム,・・・・スチールドラム
uploaded,ドット変更,G10D 13/02 110,G10D 13/02 110,・・タンバリン（Ｇ１０Ｄ１３／０６，１４０が優先）,・・・タンバリン（Ｇ１０Ｄ１３／０６，１４０が優先）
uploaded,ドット変更,G10D 13/04,G10D 13/04,・ティンパニ,・・ティンパニ［２００６．０１］
uploaded,ドット変更,G10D 13/06,G10D 13/06,・カスタネット，シンバル，トライアングルまたは他の単音打楽器,・・カスタネット，シンバル，トライアングル，ヘッドレスタンバリンまたは他の単音打楽器［２０２０．０１］
uploaded,ドット変更,G10D 13/06 100,G10D 13/06 100,・・カスタネット，クラベスまたは拍子木,・・・カスタネット，クラベスまたは拍子木
uploaded,ドット変更,G10D 13/06 120,G10D 13/06 120,・・トライアングル,・・・トライアングル
uploaded,ドット変更,G10D 13/06 130,G10D 13/06 130,・・マラカス,・・・マラカス
uploaded,ドット変更,G10D 13/06 140,G10D 13/06 140,・・ヘッドレスタンバリン,・・・ヘッドレスタンバリン
uploaded,ドット変更,G10D 13/08,G10D 13/08,・発音体としての棒，ブロック，フォーク，ゴング，板，ロッドまたは歯をもつ多音楽器,・・発音体としての棒，ブロック，フォーク，ゴング，板，ロッドまたは歯をもつ多音楽器［２０２０．０１］
uploaded,ドット変更,G10D 13/08 100,G10D 13/08 100,・・発音体として棒またはロッドをもつもの,・・・発音体として棒またはロッドをもつもの
uploaded,ドット変更,G10D 13/08 110,G10D 13/08 110,・・発音体として歯またはフォークをもつもの,・・・発音体として歯またはフォークをもつもの
uploaded,ドット変更,G10D 13/08 120,G10D 13/08 120,・・発音体として板またはブロックをもつもの,・・・発音体として板またはブロックをもつもの
uploaded,ドット変更,G10D 13/08 130,G10D 13/08 130,・・発音体として管またはパイプをもつもの,・・・発音体として管またはパイプをもつもの
uploaded,ドット変更,G21C 7/16 110,G21C 7/16 110,・・・・・制御棒と制御棒駆動機構との係合機構に特徴のあるもの,・・・・・・制御棒と制御棒駆動機構との係合機構に特徴のあるもの
uploaded,ドット変更,G21C 7/16 120,G21C 7/16 120,・・・・・付属関連装置,・・・・・・付属関連装置
uploaded,ドット変更,G21C 7/16 210,G21C 7/16 210,・・・・・水圧制御ユニット［ＨＣＵ］に関するもの,・・・・・・水圧制御ユニット［ＨＣＵ］に関するもの
uploaded,ドット変更,H04M 1/2755,H04M 1/2755,・・・・・その内容が光学的スキャンによって得られるもの［７］,・・・・・・光学式スキャンによるもの［２００６．０１］
uploaded,ドット変更,H05B 33/08,H05B 33/08,・・特殊な用途に適しない回路装置,・エレクトロルミネセント光源を制御するための回路装置（発光ダイオードを制御するためのものＨ０５Ｂ４５／００）［２０２０．０１］
