改正時期,改正種別,改正前FI,改正後FI,改正前タイトル,改正後タイトル
2026.01,新設,,A61F 13/00 501,,・包帯または被覆用品を保護するもの
2026.01,新設,,A61F 13/00 501 A,,防水覆い
2026.01,新設,,A61F 13/00 501 B,,外力から保護するもの
2026.01,新設,,A61F 13/00 501 Z,,その他（Ａ，Ｂ以外の保護機能）
2026.01,新設,,A61F 13/00 502,,・添加物，例．消（脱）臭，殺菌またはｐＨ調整のためのもの
2026.01,新設,,A61F 13/00 503,,・材料に特徴を有するもの
2026.01,新設,,A61F 13/00 503 A,,金属，例．フィルムまたは繊維など，を有するもの
2026.01,新設,,A61F 13/00 503 B,,・Ｘ線不透過性材料を有するもの
2026.01,新設,,A61F 13/00 503 Z,,その他
2026.01,新設,,A61F 13/00 504,,・創傷用
2026.01,新設,,A61F 13/00 504 A,,体液を保持しないもの，例．湿布または傷口を閉じるフィルム
2026.01,新設,,A61F 13/00 504 B,,被覆用品の創傷面への癒着を防ぐもの
2026.01,新設,,A61F 13/00 504 C,,創傷の状態を視覚的に確認できるもの，例．透明窓
2026.01,新設,,A61F 13/00 504 Z,,その他（Ａ，Ｂ，Ｃ以外の機能を有するもの，例．ばんそうこう）
2026.01,新設,,A61F 13/00 505,,・非創傷用
2026.01,新設,,A61F 13/00 505 A,,外観（形状を含む）に特徴を有するもの
2026.01,新設,,A61F 13/00 505 B,,・筒状のもの
2026.01,新設,,A61F 13/00 505 C,,・非筒状で端部に固定手段を有するもの
2026.01,新設,,A61F 13/00 505 D,,用途に特徴を有するもの
2026.01,新設,,A61F 13/00 505 E,,・チューブ・注射針固定用；注射針跡用
2026.01,新設,,A61F 13/00 505 F,,・検査用，例．アレルギー検査
2026.01,新設,,A61F 13/00 505 G,,・体の水分，例．汗，の吸収用
2026.01,新設,,A61F 13/00 505 Z,,その他（外観と用途以外の特徴を有するもの）
2026.01,新設,,A61F 13/01 A,,包装
2026.01,新設,,A61F 13/01 B,,・個別包装（多数の個別包装品のパッケージは，Ｂ６５Ｄ）
2026.01,新設,,A61F 13/01 C,,製造方法または装置
2026.01,新設,,A61F 13/01 D,,取り扱い性に特徴を有するもの
2026.01,新設,,A61F 13/01 E,,装飾的要素を有するもの
2026.01,新設,,A61F 13/01 F,,基材に特徴を有するもの
2026.01,新設,,A61F 13/01 G,,・織物または編物からなるもの
2026.01,新設,,A61F 13/01 H,,・・織物からなるもの
2026.01,新設,,A61F 13/01 J,,・不織布からなるもの
2026.01,新設,,A61F 13/01 K,,・プラスチックまたはゴムのシートからなるもの
2026.01,新設,,A61F 13/01 L,,・異種材料の積層体からなるもの
2026.01,新設,,A61F 13/01 M,,・発泡体層を有するもの
2026.01,新設,,A61F 13/01 N,,・数値範囲，例．強度，伸長性，透湿性または表面の性状，に特徴を有するもの
2026.01,新設,,A61F 13/01 P,,吸収性部材に特徴を有するもの
2026.01,新設,,A61F 13/01 Q,,・実質的に脱脂綿，ガーゼ，不織布などからなるもの（創傷面への癒着を防ぐものはＡ６１Ｆ１３／００，５０４　Ｂ）
2026.01,新設,,A61F 13/01 Z,,その他
2026.01,新設,,A61F 13/02 B,,・個別包装（多数の個別包装品のパッケージは，Ｂ６５Ｄ）
2026.01,新設,,A61F 13/02 C,,連接または連綴した粘着製品，例．救急用ばんそうこうをミシン目を介して多数連ねたもの
2026.01,新設,,A61F 13/02 E,,取り扱い性，例．貼り付け易さまたは剥ぎ取り易さに特徴を有するもの
2026.01,新設,,A61F 13/02 G,,・装飾的要素を有するもの
2026.01,新設,,A61F 13/02 H,,剥離紙またはキャリアシートに特徴を有するもの
2026.01,新設,,A61F 13/02 J,,基材に特徴を有するもの
2026.01,新設,,A61F 13/02 L,,・繊維層，例．繊維，不織布または紙など，からなるもの
2026.01,新設,,A61F 13/02 M,,・プラスチックまたはゴムのシートからなるもの
2026.01,新設,,A61F 13/02 N,,・異種材料の積層体からなるもの
2026.01,新設,,A61F 13/02 P,,・発泡体層を有するもの
2026.01,新設,,A61F 13/02 Q,,・基材及び／または粘着層に切れ目，エンボスまたは穴（通気孔程度の微小のものを除く）を設けたもの
2026.01,新設,,A61F 13/02 R,,・数値範囲，例．強度，伸長性，透湿性または表面の性状，に特徴を有するもの
2026.01,新設,,A61F 13/0203 A,,ハイドロゲル層を有するもの
2026.01,新設,,A61F 13/0203 B,,発泡体層を有するもの
2026.01,新設,,A61F 13/0203 C,,高吸収樹脂を有するもの（ハイドロゲル層とは異なり，ゲル化していないもの）
2026.01,新設,,A61F 13/0203 Z,,その他
2026.01,新設,,A61F 13/0246 A,,創傷面（アザ，ケロイドなどを含む）に直接接触するもの
2026.01,新設,,A61F 13/0246 B,,皮膚粘着層と他の部材との関係に特徴を有するもの
2026.01,新設,,A61F 13/0246 C,,皮膚粘着領域の配置に特徴を有するもの
2026.01,新設,,A61F 13/0246 Z,,その他
2026.01,新設,,A61L 2/022,,・・ろ過［２０２６．０１］
2026.01,新設,,A61L 2/035,,・・・電気分解［２０２６．０１］
2026.01,新設,,A61L 2/081,,・・・γ線［２０２６．０１］
2026.01,新設,,A61L 2/082,,・・・Ｘ線［２０２６．０１］
2026.01,新設,,A61L 2/084,,・・・可視光線［２０２６．０１］
2026.01,新設,,A61L 2/085,,・・・赤外線［２０２６．０１］
2026.01,新設,,A61L 2/087,,・・・粒子線，例．電子線，αまたはβ線［２０２６．０１］
2026.01,新設,,A61L 2/088,,・・・光触媒または光増感剤を使用するもの［２０２６．０１］
2026.01,新設,,A61L 2/101,,・・・・紫外線Ａ［ＵＶＡ］［２０２６．０１］
2026.01,新設,,A61L 2/102,,・・・・紫外線Ｂ［ＵＶＢ］［２０２６．０１］
2026.01,新設,,A61L 2/104,,・・・・紫外線Ｃ［ＵＶＣ］［２０２６．０１］
2026.01,新設,,A61L 2/108,,・・・・複数の紫外線範囲の組み合わせ［２０２６．０１］
2026.01,新設,,A61L 2/183,,・・・オゾン溶存液［２０２６．０１］
2026.01,新設,,A61L 2/186,,・・・過酸化物溶液［２０２６．０１］
2026.01,新設,,A61L 2/202,,・・・オゾン［２０２６．０１］
2026.01,新設,,A61L 2/204,,・・・ホルムアルデヒド［２０２６．０１］
2026.01,新設,,A61L 2/206,,・・・エチレンオキシド［２０２６．０１］
2026.01,新設,,A61L 2/208,,・・・過酸化水素［２０２６．０１］
2026.01,新設,,A61L 103:00,,消毒または殺菌の対象となる材料または物［２０２６．０１］
2026.01,新設,,A61L 103:05,,・生物または生物材料［２０２６．０１］
2026.01,新設,,A61L 103:06,,・・人体［２０２６．０１］
2026.01,新設,,A61L 103:07,,・・・手［２０２６．０１］
2026.01,新設,,A61L 103:09,,・・血液またはその製剤［２０２６．０１］
2026.01,新設,,A61L 103:10,,・生物製剤以外の医薬製剤［２０２６．０１］
2026.01,新設,,A61L 103:15,,・実験，医療または歯科用の器具，例．カテーテルまたは針［２０２６．０１］
2026.01,新設,,A61L 103:20,,・・容器，例．ガラス瓶またはフラスコ［２０２６．０１］
2026.01,新設,,A61L 103:25,,・個人用電子機器，例．携帯電話［２０２６．０１］
2026.01,新設,,A61L 103:30,,・食器類または台所用品［２０２６．０１］
2026.01,新設,,A61L 103:35,,・ベビー用品，例．おしゃぶり，哺乳瓶［２０２６．０１］
2026.01,新設,,A61L 103:40,,・家具類，例．椅子，テーブルまたはベッド［２０２６．０１］
2026.01,新設,,A61L 103:45,,・化粧または美容用品［２０２６．０１］
2026.01,新設,,A61L 103:50,,・織物，例．ベッドウェア，タオル［２０２６．０１］
2026.01,新設,,A61L 103:55,,・履き物［２０２６．０１］
2026.01,新設,,A61L 103:60,,・カード類または紙幣［２０２６．０１］
2026.01,新設,,A61L 103:65,,・個人用保護具，例．顔用マスク［２０２６．０１］
2026.01,新設,,A61L 103:70,,・手押し車，例．スーパーのショッピングカート［２０２６．０１］
2026.01,新設,,A61L 103:75,,・部屋の床または壁［２０２６．０１］
2026.01,新設,,A61L 103:80,,・門またはドアまたはそれらの部品，例．ハンドル［２０２６．０１］
2026.01,新設,,A61L 103:85,,・動物用小屋［２０２６．０１］
2026.01,新設,,A61L 103:90,,・一時的に隔絶した領域，例．移動式テント［２０２６．０１］
2026.01,新設,,A61L 103:95,,・輸送機関，例．自動車または飛行機［２０２６．０１］
2026.01,新設,,A61L 103:97,,・・輸送機関の客室［２０２６．０１］
2026.01,新設,,B01D 24/00,,不定形ろ過材，すなわち．その個々の粒子または繊維間が束縛されないろ過材を用いるろ過機（Ｂ０１Ｄ２７／０２が優先）［５］
2026.01,新設,,B01D 24/02,,・ろ過操作の間静止しているろ過層を有するもの［５］
2026.01,新設,,B01D 24/04,,・・ろ過材が透過固定壁間に締め付けられるもの（Ｂ０１Ｄ２４／１０，Ｂ０１Ｄ２４／２０が優先）［５］
2026.01,新設,,B01D 24/06,,・・・透過壁が一連のよろい張りまたはスリットからなるもの［５］
2026.01,新設,,B01D 24/08,,・・・ろ過材がすくなくとも２つの透過同軸壁により支持されるもの［５］
2026.01,新設,,B01D 24/01,,・・ろ過材が閉鎖容器中に保持されるもの［５］
2026.01,新設,,B01D 24/12,,・・・下向きろ過，かつろ過材が透過表面により支持されるもの（Ｂ０１Ｄ２４／１８が優先）［５］
2026.01,新設,,B01D 24/14,,・・・下向きろ過，かつ容器が分配または収集ヘッダーまたは透過導管を有するもの（Ｂ０１Ｄ２４／１８が優先）［５］
2026.01,新設,,B01D 24/16,,・・・上向きろ過（Ｂ０１Ｄ２４／１８が優先）［５］
2026.01,新設,,B01D 24/18,,・・・上向きおよび下向きにろ過が組み合わされたもの［５］
2026.01,新設,,B01D 24/02,,・・ろ過材が開放容器中に備えられるもの［５］
2026.01,新設,,B01D 24/22,,・・・下向きろ過，かつろ過材が透過表面により支持されるもの［５］
2026.01,新設,,B01D 24/24,,・・・下向きろ過，かつ容器が分配または収集ヘッダーまたは透過導管を有するもの［５］
2026.01,新設,,B01D 24/26,,・・・上向きろ過［５］
2026.01,新設,,B01D 24/28,,・ろ過操作の間運動するろ過層を有するもの（流動するろ過層を有するものＢ０１Ｄ２４／３６）［５］
2026.01,新設,,B01D 24/03,,・・移動［５］
2026.01,新設,,B01D 24/32,,・・回転［５］
2026.01,新設,,B01D 24/34,,・運動する透過支持体およびろ過材を有するもの（傾けるバケット，トレイまたは類似部分Ｂ０１Ｄ３３／３２７）［５］
2026.01,新設,,B01D 24/36,,・ろ過操作の間流動するろ過層を有するもの（静止しているろ過層を有するものＢ０１Ｄ２４／０２）［５］
2026.01,新設,,B01D 24/38,,・供給または排出装置［５］
2026.01,新設,,B01D 24/04,,・・供給用［５］
2026.01,新設,,B01D 24/42,,・・ろ液排出用［５］
2026.01,新設,,B01D 24/44,,・・ろ過ケーキの排出用，例．シュート［５］
2026.01,新設,,B01D 24/46,,・ろ過機中におけるろ過材の再生（Ｂ０１Ｄ２４／４４が優先）［５］
2026.01,新設,,B01D 24/48,,・ろ過を制御するための装置と一体に組み合わされているもの［５］
2026.01,新設,,B01D 25/127,,・・ろ過操作の間プレス板間またはろ板とろ枠との間に締め付けられるように配置された１つ以上の走行可能なろ過帯を有するもの，例．ジグザグ無端ろ過機（Ｂ０１Ｄ２５／１７２，Ｂ０１Ｄ２５／１７６，Ｂ０１Ｄ２５／１９が優先）［５］
2026.01,新設,,B01D 25/133,,・・ろ過ケーキを圧搾するもの，例．膨脹可能な膜によるもの［５］
2026.01,新設,,B01D 25/164,,・・室板プレス，すなわちろ過体の両側が２つの連続するろ板間に締め付けられるもの（Ｂ０１Ｄ２５／１２７，Ｂ０１Ｄ２５／１７２，Ｂ０１Ｄ２５／１７６，Ｂ０１Ｄ２５／１９が優先）［５］
2026.01,新設,,B01D 25/168,,・・・ろ過ケーキを圧搾するもの，例．膨脹可能な膜によるもの［５］
2026.01,新設,,B01D 25/172,,・・ろ板を開く手段（ろ過ケーキの除去Ｂ０１Ｄ２５／３２）［５］
2026.01,新設,,B01D 25/176,,・・ろ過体をろ過プレス板に取り付けるもの，例．板の中央供給孔の回りに取り付けるもの［５］
2026.01,新設,,B01D 25/19,,・・フィルタプレスを閉じるための締付手段，例．油圧ジャッキ［５］
2026.01,新設,,B01D 25/21,,・・板枠プレス（Ｂ０１Ｄ２５／１７２，Ｂ０１Ｄ２５／１７６，Ｂ０１Ｄ２５／１９が優先）［５］
2026.01,新設,,B01D 27/07,,・・・ろ過体を通ずる同軸流を有するもの［５］
2026.01,新設,,B01D 27/14,,・１つ以上のろ過体を有するもの［５］
2026.01,新設,,B01D 29/01,,・平坦なろ過体を有するもの（Ｂ０１Ｄ２９／３９が優先）［５］
2026.01,新設,,B01D 29/03,,・・自己支持するもの［５］
2026.01,新設,,B01D 29/05,,・・支持されるもの［５］
2026.01,新設,,B01D 29/07,,・・・波形，折り畳まれたまたは巻き回されたろ過シートを有するもの［５］
2026.01,新設,,B01D 29/075,,・・閉鎖ハウジング内に配置され，ろ過体のケーキ側上にかき落し機または攪拌機を設けるもの，例．化学反応，ろ過およびケーキ処理のような多段階操作を行なうためのヌッチェ型またはローゼンムント型ろ過機［５］
2026.01,新設,,B01D 29/085,,・じょうごろ過機；そのための支持器［５］
2026.01,新設,,B01D 29/09,,・ろ過帯を有するもの，例．ろ過操作の間に運動しうるもの［５］
2026.01,新設,,B01D 29/11,,・バッグ，かご，ホース，管，スリーブまたは類似のろ過体を有するもの［５］
2026.01,新設,,B01D 29/13,,・・支持されたろ過体［５］
2026.01,新設,,B01D 29/15,,・・・内向流ろ過用に配設されたもの［５］
2026.01,新設,,B01D 29/17,,・・・・末端の開放されているもの［５］
2026.01,新設,,B01D 29/19,,・・・・表面みぞおよびこれに類するものを固定枠上に取りつけたもの［５］
2026.01,新設,,B01D 29/21,,・・・・波形，折り畳まれたまたは巻き回されたシートを有するもの［５］
2026.01,新設,,B01D 29/23,,・・・外向流ろ過用に配設されたもの［５］
2026.01,新設,,B01D 29/25,,・・・・末端の開放されているもの［５］
2026.01,新設,,B01D 29/27,,・・・・ろ過バッグ［５］
2026.01,新設,,B01D 29/31,,・・自己支持ろ過体［５］
2026.01,新設,,B01D 29/33,,・・・内向流ろ過用に配設されたもの［５］
2026.01,新設,,B01D 29/35,,・・・外向流ろ過用に配設されたもの［５］
2026.01,新設,,B01D 29/37,,・・・末端の開放されているもの［５］
2026.01,新設,,B01D 29/39,,・１つ以上の管の管上または周囲に並設された中空円盤を有するもの，例．葉状型のもの［５］
2026.01,新設,,B01D 29/41,,・・管上に管を横切るようにすえ付けられたもの［５］
2026.01,新設,,B01D 29/43,,・・管上に管を横切らないようにすえ付けられたもの［５］
2026.01,新設,,B01D 29/05,,・相互の配置に特徴のある多数のろ過体を有するもの（Ｂ０１Ｄ２９／３９が優先）［５］
2026.01,新設,,B01D 29/52,,・・並列に結合されたもの［５］
2026.01,新設,,B01D 29/54,,・・・同心または同軸に配列されたもの［５］
2026.01,新設,,B01D 29/56,,・・直列に結合されたもの［５］
2026.01,新設,,B01D 29/58,,・・・同心または同軸に配列されたもの［５］
2026.01,新設,,B01D 29/06,,・ろ過を制御するための装置と一体に組み合されているもの［５］
2026.01,新設,,B01D 29/62,,・ろ過機中におけるろ過材の再生（多数ユニットからなるろ過機の１つ以上のユニットの運転を休止させる装置，例．再生のため，Ｂ０１Ｄ３５／１２）［５］
2026.01,新設,,B01D 29/64,,・・ろ過体のケーキ側で作用するかき落し機，ブラシまたは類似物によるもの［５］
2026.01,新設,,B01D 29/66,,・・フラッシュによるもの，例．向流空気衝撃［５］
2026.01,新設,,B01D 29/68,,・・・逆洗用アーム，シューまたはノズルを有するもの［５］
2026.01,新設,,B01D 29/07,,・・ろ過体の運動によって生ずる力によるもの［５］
2026.01,新設,,B01D 29/72,,・・・振動を含むもの［５］
2026.01,新設,,B01D 29/74,,・・・遠心力を含むもの［５］
2026.01,新設,,B01D 29/76,,・再生以外の目的でろ過機中のろ過ケーキを処理するもの（Ｂ０１Ｄ２９／９４が優先）［５］
2026.01,新設,,B01D 29/78,,・・洗浄用［５］
2026.01,新設,,B01D 29/08,,・・乾燥用［５］
2026.01,新設,,B01D 29/82,,・・・圧搾によるもの［５］
2026.01,新設,,B01D 29/84,,・・・ガスまたは加熱によるもの［５］
2026.01,新設,,B01D 29/86,,・・ろ過期間中ろ過機上にケーキが堆積するのを遅らせるもの，例．攪拌機を用いるもの［５］
2026.01,新設,,B01D 29/88,,・供給または排出装置を有するもの［５］
2026.01,新設,,B01D 29/09,,・・供給用［５］
2026.01,新設,,B01D 29/92,,・・ろ液排出用［５］
2026.01,新設,,B01D 29/94,,・・ろ過ケーキ排出用，例．シュート［５］
2026.01,新設,,B01D 29/96,,・ろ過体がろ過操作とろ過操作の間運動するもの；ろ過体を除去または取換えるための特別な手段；ろ過機用輸送システム（Ｂ０１Ｄ２９／０９，Ｂ０１Ｄ２９／７０が優先）［５］
2026.01,新設,,B01D 33/01,,・前後に運動するろ過体を有するもの，例．ピストン（Ｂ０１Ｄ３３／０４～Ｂ０１Ｄ３３／３２７が優先）［５］
2026.01,新設,,B01D 33/03,,・・振動するろ過体を有するもの［５］
2026.01,新設,,B01D 33/044,,・ろ過のため浸透する円筒上に支持されたろ過帯または類似物を有するもの［５］
2026.01,新設,,B01D 33/048,,・・無端ろ過帯を有するもの［５］
2026.01,新設,,B01D 33/052,,・・・圧搾装置と組み合されたもの（Ｂ０１Ｄ３３／６４が優先）［５］
2026.01,新設,,B01D 33/056,,・ろ過帯または支持ベルトの構造，例．ろ過帯または支持ベルトを中心におく，取付けるまたは密封するための装置［５］
2026.01,新設,,B01D 33/067,,・・ろ過ドラムの構造，例．取付けまたは密封装置［５］
2026.01,新設,,B01D 33/073,,・・内向流ろ過用に配設されたもの［５］
2026.01,新設,,B01D 33/09,,・・・独立して圧力分配機に結合されたろ過表面を持つ室を有するもの［５］
2026.01,新設,,B01D 33/11,,・・外向流ろ過用に配設されたもの［５］
2026.01,新設,,B01D 33/13,,・・・独立して圧力分配機に結合されたろ過表面を持つ室を有するもの［５］
2026.01,新設,,B01D 33/15,,・回転する平らなろ過表面を有するもの［５］
2026.01,新設,,B01D 33/17,,・・回転するろ過台を有するもの（別々に傾きうるバケット，トレイまたは類似の部分に分割された台Ｂ０１Ｄ３３／３２７）［５］
2026.01,新設,,B01D 33/19,,・・・台表面が連続的に傾斜される扇形区画または室に分割されるもの，例．ろ過ケーキを排出するためのもの［５］
2026.01,新設,,B01D 33/21,,・・中空回転軸上に軸を横切るようにすえ付けられた中空ろ過円盤を有するもの［５］
2026.01,新設,,B01D 33/23,,・・・円盤またはその扇形区画の構造［５］
2026.01,新設,,B01D 33/25,,・・中空回転軸上に軸方向にすえ付けられた中空枠体を有するもの［５］
2026.01,新設,,B01D 33/27,,・円筒状でもなく，平面状でもない回転ろ過表面を有するもの，例．螺旋形表面［５］
2026.01,新設,,B01D 33/29,,・ろ過体の運動が運動の組み合せであるもの（Ｂ０１Ｄ３３／１９が優先）［５］
2026.01,新設,,B01D 33/31,,・・遊星運動［５］
2026.01,新設,,B01D 33/327,,・・傾けるバケット，トレイまたは類似の部分［５］
2026.01,新設,,B01D 33/333,,・閉鎖通路に沿って運動する個々のろ過体を有するもの（傾けるバケット，トレイまたは類似の部分Ｂ０１Ｄ３３／３２７）［５］
2026.01,新設,,B01D 33/35,,・相互の配置に特徴のある多数のろ過体を有するもの（Ｂ０１Ｄ３３／２１が優先）［５］
2026.01,新設,,B01D 33/37,,・・並列に結合されたもの［５］
2026.01,新設,,B01D 33/39,,・・・同心または同軸に結合されたもの［５］
2026.01,新設,,B01D 33/41,,・・直列に結合されたもの［５］
2026.01,新設,,B01D 33/42,,・・・同心または同軸に結合されたもの［５］
2026.01,新設,,B01D 33/44,,・ろ過機中におけるろ過材の再生（多数のユニットからなるろ過機の１つ以上のユニットの運転を休止させる装置，例．再生のため，Ｂ０１Ｄ３５／１２）［５］
2026.01,新設,,B01D 33/46,,・・ろ過体のケーキ側で作用するかき落し機，ブラシまたは類似物によるもの［５］
2026.01,新設,,B01D 33/48,,・・フラッシュによるもの，例．向流空気衝撃［５］
2026.01,新設,,B01D 33/05,,・・・逆洗用アーム，シューまたはノズルを有するもの［５］
2026.01,新設,,B01D 33/52,,・・ろ過体の運動によって生ずる力によるもの［５］
2026.01,新設,,B01D 33/54,,・・・振動を含むもの［５］
2026.01,新設,,B01D 33/56,,・・・遠心力を含むもの［５］
2026.01,新設,,B01D 33/58,,・再生以外の目的でろ過機中のろ過ケーキを処理するもの（Ｂ０１Ｄ３３／７６が優先）［５］
2026.01,新設,,B01D 33/06,,・・洗浄用［５］
2026.01,新設,,B01D 33/62,,・・乾燥用［５］
2026.01,新設,,B01D 33/64,,・・・圧搾によるもの［５］
2026.01,新設,,B01D 33/66,,・・・ガスまたは加熱によるもの［５］
2026.01,新設,,B01D 33/68,,・・ろ過期間中ろ過機上にケーキが堆積するのを遅らせるもの，例．攪拌機を用いるもの［５］
2026.01,新設,,B01D 33/07,,・供給または排出装置を有するもの（Ｂ０１Ｄ３３／８２が優先）［５］
2026.01,新設,,B01D 33/72,,・・供給用［５］
2026.01,新設,,B01D 33/74,,・・ろ液排出用［５］
2026.01,新設,,B01D 33/76,,・・ろ過ケーキ排出用，例．シュート［５］
2026.01,新設,,B01D 33/08,,・付属装置［５］
2026.01,新設,,B01D 33/82,,・・圧力分配手段［５］
2026.01,新設,,B01D 35/01,,・ガス除去用装置，例．空気抜きシステム［５］
2026.01,新設,,B01D 35/027,,・・タンクまたは貯液槽の中または上にしっかりと取付けられたもの（Ｂ０１Ｄ３５／０４が優先）［５］
2026.01,新設,,B01D 35/05,,・浮遊ろ過機［５］
2026.01,新設,,B01D 35/143,,・・ろ過状態指示器［５］
2026.01,新設,,B01D 35/147,,・・バイパスまたは安全弁［５］
2026.01,新設,,B01D 35/15,,・・両方向作動ろ過機［５］
2026.01,新設,,B01D 35/153,,・・漏洩防止弁または逆止弁［５］
2026.01,新設,,B01D 35/157,,・・流量制御弁，減衰通路または較正通路［５］
2026.01,新設,,B01D 35/31,,・・環境保護用装置を含むもの，例．耐圧特性［５］
2026.01,新設,,B01D 35/32,,・・・放射線に対するもの［５］
2026.01,新設,,B01D 35/34,,・・上面が開放されているもの（Ｂ０１Ｄ３５／３１が優先）［５］
2026.01,新設,,B01D 37/03,,・凝集剤を用いるもの［５］
2026.01,新設,,B60J 1/00 100,,・窓板の除氷，除滴，防氷，又は防滴（ワイパー，ウォッシャー，ブロワーＢ６０Ｓ１／０２）
2026.01,新設,,B60J 1/00 110,,・・窓板が発熱するもの，例．内部又は表面に発熱手段を有するもの（発熱素子そのものＨ０５Ｂ３／８４）
2026.01,新設,,B60J 1/00 112,,・・・窓板越しに車外をセンシングする手段に適するように構成されているもの
2026.01,新設,,B60J 1/00 120,,・・窓板越しに車外をセンシングする手段を窓板に取り付けるためのブラケット又はハウジングに設けられたもの
2026.01,新設,,B60J 1/00 130,,・・窓板が撥水，親水，又は同類の機能を持つ被膜又はフィルムを有するもの
2026.01,新設,,B60J 1/00 132,,・・・窓板越しに車外をセンシングする手段に適するように構成されているもの
2026.01,新設,,B60J 1/00 150,,・・窓板が運動，例．振動又は面内回転，をするもの
2026.01,新設,,B60J 1/00 170,,・・作動制御、温度制御
2026.01,新設,,B62D 15/02 100,,・・操向角度表示器
2026.01,新設,,B62D 15/02 200,,・・操向支援
2026.01,新設,,B62D 15/02 300,,・・・駐車又は出庫のための操向支援
2026.01,新設,,B62D 15/02 310,,・・・・移動中における検知手段による障害物などの検知，又は移動中における検出手段による障害物までの距離若しくは位置などの検出
2026.01,新設,,B62D 15/02 320,,・・・・目標位置の選定若しくは決定に特徴があるもの，又はそれらが具体的であるもの，例．画像を用いた空きスペースの抽出
2026.01,新設,,B62D 15/02 330,,・・・・目標トレースラインの策定に特徴があるもの，又はそれが具体的であるもの，例．クロソイド曲線を用いた演算又は目標トレースラインの補正
2026.01,新設,,B62D 15/02 340,,・・・・運転者に指示を音又は光などで与えて誘導するもの
2026.01,新設,,B62D 15/02 350,,・・・・自動操向による操向支援（駐車又は出庫のための支援として自動制動又は自動推進をも含む場合Ｂ６０Ｗ３０／０６）
2026.01,新設,,B62D 15/02 360,,・・・・操向支援のための表示に特徴があるもの（３４０が優先）
2026.01,新設,,B62D 15/02 362,,・・・・・画像処理をしていない画像に、現在の操向角度に基づく予想進行ラインを重畳するもの
2026.01,新設,,C01B 3/0005,,・水素の可逆的貯蔵，例．水素ゲッターまたは電極［２０２６．０１］
2026.01,新設,,C01B 3/001,,・・貯蔵材料に特徴のあるもの；その処理［２０２６．０１］
2026.01,新設,,C01B 3/0015,,・・・有機化合物，例．液体有機水素キャリア［ＬＯＨＣ］または金属有機化合物；その溶液［２０２６．０１］
2026.01,新設,,C01B 3/0018,,・・・無機元素または化合物，例．酸化物，窒化物，水素化ホウ素化合物またはゼオライト；その溶液［２０２６．０１］
2026.01,新設,,C01B 3/0021,,・・・・元素状炭素，例．活性炭，カーボンナノチューブまたはフラーレン［２０２６．０１］
2026.01,新設,,C01B 3/0026,,・・・・金属または金属水素化物［２０２６．０１］
2026.01,新設,,C01B 3/0031,,・・・・金属間化合物；金属合金［２０２６．０１］
2026.01,新設,,C01B 3/0036,,・・・・・鉄およびチタンのみを含む［２０２６．０１］
2026.01,新設,,C01B 3/0042,,・・・・・マグネシウムおよびニッケルのみを含む［２０２６．０１］
2026.01,新設,,C01B 3/0047,,・・・・・希土類金属を含む［２０２６．０１］
2026.01,新設,,C01B 3/0073,,・・・スラリー；懸濁液［２０２６．０１］
2026.01,新設,,C01B 3/0078,,・・・複合固体貯蔵材料，例．高分子と金属水素化物の混合物，被覆固体化合物または構造的に不均質な固体化合物［２０２６．０１］
2026.01,新設,,C01B 3/0084,,・・・その形状を特徴とする固体貯蔵材料，例．多孔性成形物または中空状粒子［２０２６．０１］
2026.01,新設,,C01B 3/0089,,・オルト－パラ変換［２０２６．０１］
2026.01,新設,,C01B 3/0094,,・原子状水素［２０２６．０１］
2026.01,新設,,C01B 3/025,,・・アンモニア合成用の混合ガスの製造または精製［２０２６．０１］
2026.01,新設,,C01B 3/042,,・・・水の分解（水の電気分解によるものＣ２５Ｂ１／０４）［２０２６．０１］
2026.01,新設,,C01B 3/046,,・・・・触媒を使用するもの［２０２６．０１］
2026.01,新設,,C01B 3/047,,・・・アンモニアの分解によるもの［２０２６．０１］
2026.01,新設,,C01B 3/061,,・・・水と金属酸化物との反応によるもの［２０２６．０１］
2026.01,新設,,C01B 3/065,,・・・無機化合物と水素化物との反応によるもの［２０２６．０１］
2026.01,新設,,C01B 3/103,,・・・反応サイクル，例．硫黄－ヨウ素サイクル，の結果として水から生成される水素［２０２６．０１］
2026.01,新設,,C01B 3/323,,・・・炭化水素以外の気体または液体有機化合物とガス化剤との触媒反応によるもの［２０２６．０１］
2026.01,新設,,C01B 3/3231,,・・・・アルコールとの，例．メタノールまたはエタノール［２０２６．０１］
2026.01,新設,,C01B 3/326,,・・・・触媒を特徴とするもの［２０２６．０１］
2026.01,新設,,C01B 3/363,,・・・・・バーナーを特徴とするもの［２０２６．０１］
2026.01,新設,,C01B 3/382,,・・・・・少なくとも１つが触媒反応である２つ以上の反応ステップからなるプロセス，例．水蒸気改質および部分酸化［２０２６．０１］
2026.01,新設,,C01B 3/384,,・・・・・触媒の外部加熱を有するもの［２０２６．０１］
2026.01,新設,,C01B 3/386,,・・・・・触媒による部分燃焼［２０２６．０１］
2026.01,新設,,C01B 3/501,,・・拡散によるもの［２０２６．０１］
2026.01,新設,,C01B 3/503,,・・・膜に特徴のあるもの［２０２６．０１］
2026.01,新設,,C01B 3/505,,・・・・パラジウムを含有する膜［２０２６．０１］
2026.01,新設,,C01B 3/506,,・・低温におけるもの［２０２６．０１］
2026.01,新設,,C01B 3/508,,・・水素貯蔵材料を用いるもの（水素の可逆的貯蔵Ｃ０１Ｂ３／０００５）［２０２６．０１］
2026.01,新設,,C07K 16/081,,・・ＤＮＡウイルス［２０２６．０１］
2026.01,新設,,C07K 16/082,,・・・ヘパドナウイルス科（Ｆ），　例．Ｂ型肝炎ウイルス［２０２６．０１］
2026.01,新設,,C07K 16/084,,・・・パピローマウイルス科（Ｆ）；ポリオーマウイルス科（Ｆ），例．ＳＶ４０，ＢＫウイルスまたはＪＣウイルス［２０２６．０１］
2026.01,新設,,C07K 16/085,,・・・オルトヘルペスウイルス科（Ｆ），例．仮性狂犬病ウイルスまたはエプスタイン・バー・ウイルス［２０２６．０１］
2026.01,新設,,C07K 16/087,,・・・・単純ヘルペスウイルス［２０２６．０１］
2026.01,新設,,C07K 16/102,,・・・コロナウイルス科（Ｆ）［２０２６．０１］
2026.01,新設,,C07K 16/104,,・・・・重症急性呼吸器症候群コロナウイルス２［ＳＡＲＳ－ＣｏＶ－２］［２０２６．０１］
2026.01,新設,,C07K 16/106,,・・・ピコルナウイルス科（Ｆ），例．Ａ型肝炎ウイルス［２０２６．０１］
2026.01,新設,,C07K 16/108,,・・・オルソミクソウイルス科（Ｆ），例．インフルエンザウイルス［２０２６．０１］
2026.01,新設,,C07K 16/11,,・・・パラミクソウイルス科（Ｆ），ニューモウイルス科（Ｆ），例．レスプラトリシンシシャルウイルス［ＲＳＶ］［２０２６．０１］
2026.01,新設,,C07K 16/112,,・・・レトロウイルス科（Ｆ），例．白血病ウイルス［２０２６．０１］
2026.01,新設,,C07K 16/114,,・・・・レンチウイルス（Ｇ），例．ヒト免疫不全ウイルス［ＨＩＶ］，ネコ免疫不全ウイルス［ＦＩＶ］またはサル免疫不全ウイルス［ＳＩＶ］［２０２６．０１］
2026.01,新設,,C07K 16/116,,・・・トガウイルス科（Ｆ）；マトナウイルス科（Ｆ）フラビウイルス科（Ｆ）［２０２６．０１］
2026.01,新設,,C07K 16/118,,・・・・Ｃ型肝炎ウイルス；ＧＢウイルスＣ［ＧＢＶ－Ｃ］［２０２６．０１］
2026.01,新設,,C07K 16/1203,,・・グラム陰性細菌［２０２６．０１］
2026.01,新設,,C07K 16/121,,・・・ヘリコバクター（Ｇ）；カンピロバクター（Ｇ）［２０２６．０１］
2026.01,新設,,C07K 16/1214,,・・・シュードモナス科（Ｆ）［２０２６．０１］
2026.01,新設,,C07K 16/1217,,・・・ナイセリア科（Ｆ）［２０２６．０１］
2026.01,新設,,C07K 16/1218,,・・・アシネトバクター（Ｇ）［２０２６．０１］
2026.01,新設,,C07K 16/1228,,・・・エンテロバクター目（Ｏ），例．シトロバクター（Ｇ），セラチア（Ｇ），プロテウス（Ｇ），プロビデンシア（Ｇ），モルガネラ（Ｇ）またはエルシニア（Ｇ）［２０２６．０１］
2026.01,新設,,C07K 16/1232,,・・・・エセリシア（Ｇ）［２０２６．０１］
2026.01,新設,,C07K 16/1235,,・・・・サルモネラ（Ｇ）［２０２６．０１］
2026.01,新設,,C07K 16/1246,,・・・リケッチア目（Ｏ）［２０２６．０１］
2026.01,新設,,C07K 16/126,,・・・レジオネラ（Ｇ）［２０２６．０１］
2026.01,新設,,C07K 16/1267,,・・グラム陽性細菌［２０２６．０１］
2026.01,新設,,C07K 16/1271,,・・・ミクロコッカス科（Ｆ）；ブドウ球菌科（Ｆ），例．ブドウ球菌（Ｇ）［２０２６．０１］
2026.01,新設,,C07K 16/1275,,・・・ストレプトコッカス（Ｇ）［２０２６．０１］
2026.01,新設,,C07K 16/1278,,・・・バチルス（Ｇ）［２０２６．０１］
2026.01,新設,,C07K 16/1282,,・・・クロストリジウム（Ｇ）［２０２６．０１］
2026.01,新設,,C07K 16/1289,,・・・マイコバクテリア科（Ｆ）［２０２６．０１］
2026.01,新設,,C09K 111:00,,ペロブスカイト，すなわちＡＢＸ↓３［２０２６．０１］
2026.01,新設,,C09K 113:00,,量子ドット［２０２６．０１］
2026.01,新設,,C12N 1/063,,・・酵母の［２０２６．０１］
2026.01,新設,,C12N 1/066,,・・物理的処理［２０２６．０１］
2026.01,新設,,C12N 1/105,,・・原生動物単離体［２０２６．０１］
2026.01,新設,,C12N 1/125,,・・単細胞藻類単離体［２０２６．０１］
2026.01,新設,,C12N 1/14 J,,培養
2026.01,新設,,C12N 1/14 K,,培地
2026.01,新設,,C12N 1/145,,・・菌類単離体［２０２６．０１］
2026.01,新設,,C12N 1/165,,・・・酵母単離体［２０２６．０１］
2026.01,新設,,C12N 1/185,,・・・・サッカロミセス単離体［２０２６．０１］
2026.01,新設,,C12N 1/02 G,,培養
2026.01,新設,,C12N 1/02 H,,培地
2026.01,新設,,C12N 1/205,,・・細菌単離体［２０２６．０１］
2026.01,新設,,C21D 8/021,,・・インゴットまたはスラブの特定の製造工程または処理を含むもの［２０２６．０１］
2026.01,新設,,C21D 8/0221,,・・加工段階に特徴があるもの［２０２６．０１］
2026.01,新設,,C21D 8/0247,,・・熱処理に特徴があるもの［２０２６．０１］
2026.01,新設,,C21D 8/0278,,・・特定の表面処理を含むもの（Ｃ２１Ｄ８／０２９４が優先）［２０２６．０１］
2026.01,新設,,C21D 8/0294,,・・局部処理を含むもの［２０２６．０１］
2026.01,新設,,C21D 8/1205,,・・インゴットまたはスラブの特定の製造工程または処理を含むもの［２０２６．０１］
2026.01,新設,,C21D 8/1216,,・・加工段階に特徴があるもの［２０２６．０１］
2026.01,新設,,C21D 8/1244,,・・熱処理に特徴があるもの［２０２６．０１］
2026.01,新設,,C21D 8/1277,,・・特定の表面処理を含むもの（Ｃ２１Ｄ８／１２９４が優先）［２０２６．０１］
2026.01,新設,,C21D 8/1294,,・・局部処理を含むもの［２０２６．０１］
2026.01,新設,,F26B 21/02,,・閉サイクルにおける空気またはガスの循環，例．乾燥包囲内だけでの循環［２０２６．０１］
2026.01,新設,,F26B 21/25,,・・部分的に乾燥包囲外におけるもの［２０２６．０１］
2026.01,新設,,F26B 21/25 A,,循環ガスの循環状態を制御するもの
2026.01,新設,,F26B 21/25 B,,循環ガス流路に排ガス処理装置を有するもの
2026.01,新設,,F26B 21/25 C,,循環ガスを冷却，除湿するもの
2026.01,新設,,F26B 21/25 D,,・ヒ－トポンプを用いるもの
2026.01,新設,,F26B 21/25 Z,,その他のもの
2026.01,新設,,F26B 21/03,,・ガス供給のパラメータを制御，例．調節，するもの［２０２６．０１］
2026.01,新設,,F26B 21/33,,・・湿度［２０２６．０１］
2026.01,新設,,F26B 21/35,,・・温度；圧力［２０２６．０１］
2026.01,新設,,F26B 21/35 A,,温度の制御
2026.01,新設,,F26B 21/35 B,,・サ－ミスタを用いるもの
2026.01,新設,,F26B 21/35 Z,,その他のもの
2026.01,新設,,F26B 21/37,,・・流速；流量［２０２６．０１］
2026.01,新設,,F26B 21/04,,・空気以外のガスを用いるもの［２０２６．０１］
2026.01,新設,,F26B 21/45,,・・蒸気を用いるもの［２０２６．０１］
2026.01,新設,,F26B 21/05,,・空気または他のガスの供給源から乾燥させる材料または物体までのダクトの構成［２０２６．０１］
2026.01,新設,,F26B 21/55,,・・空気または他のガスを方向付けるためのまたは分配するための吹出口［２０２６．０１］
2026.01,新設,,F26B 21/55 100,,・・・ノズルの構造に特徴のあるもの
2026.01,新設,,F26B 21/55 200,,・・・整流，導風に特徴のあるもの
2026.01,新設,,F26B 21/55 300,,・・・送風方向の切り換えに特徴のあるもの
2026.01,新設,,G01N 33/575,,・・・・癌のためのもの［２０２６．０１］
2026.01,新設,,G01N 33/575 A,,癌関連蛋白質
2026.01,新設,,G01N 33/575 B,,糖を含有する癌関連物質
2026.01,新設,,G01N 33/575 C,,癌ウイルス
2026.01,新設,,G01N 33/575 D,,癌細胞
2026.01,新設,,G01N 33/575 E,,・癌胎児性抗原［ＣＥＡ］，α－フェトプロテイン［ＡＦＰ］
2026.01,新設,,G01N 33/575 Z,,その他のもの
2026.01,新設,,G01N 33/57505,,・・・・・血液の癌，例．白血病［２０２６．０１］
2026.01,新設,,G01N 33/5751,,・・・・・皮膚の癌，例．黒色腫［２０２６．０１］
2026.01,新設,,G01N 33/57515,,・・・・・乳房の癌［２０２６．０１］
2026.01,新設,,G01N 33/5752,,・・・・・肺の癌［２０２６．０１］
2026.01,新設,,G01N 33/57525,,・・・・・肝臓または膵臓の癌［２０２６．０１］
2026.01,新設,,G01N 33/5753,,・・・・・胃または小腸の癌［２０２６．０１］
2026.01,新設,,G01N 33/57535,,・・・・・大腸（例．結腸，　直腸または　肛門）の癌［２０２６．０１］
2026.01,新設,,G01N 33/5754,,・・・・・腎尿路系（例．腎臓または尿管）の癌［２０２６．０１］
2026.01,新設,,G01N 33/57545,,・・・・・卵巣の癌［２０２６．０１］
2026.01,新設,,G01N 33/5755,,・・・・・子宮頸部、子宮体部または子宮内膜の癌［２０２６．０１］
2026.01,新設,,G01N 33/57555,,・・・・・前立腺の癌［２０２６．０１］
2026.01,新設,,G06F 1/183,,・・・内部取付け補助具の構造，例．プリント回路基板用［２０２６．０１］
2026.01,新設,,G06F 1/184,,・・・・マザーボードの取付け［２０２６．０１］
2026.01,新設,,G06F 1/185,,・・・・拡張ボードの取付け［２０２６．０１］
2026.01,新設,,G06F 1/186,,・・・・・筐体のスロットに対する拡張ボードの固定［２０２６．０１］
2026.01,新設,,G06F 1/187,,・・・・固定またはリムーバブルディスクドライブの取付け［２０２６．０１］
2026.01,新設,,G06F 1/188,,・・・・電源ユニットの取付け［２０２６．０１］
2026.01,新設,,G06F 11/1446,,・・・永続データの特定の時点のバックアップまたはリストア［２０２６．０１］
2026.01,新設,,G06F 11/1446 648,,・・・・バックアップまたはバックアップリストアに関わるデータの管理
2026.01,新設,,G06F 11/1446 651,,・・・・・バックアップ内容の選択によるもの
2026.01,新設,,G06F 11/1446 653,,・・・・・データの重複排除を使用するもの
2026.01,新設,,G06F 11/1446 656,,・・・・バックアップのためのハードウェア装置
2026.01,新設,,G06F 11/1446 658,,・・・・バックアップまたはリストア処理の管理
2026.01,新設,,G06F 11/1446 661,,・・・・・バックアップスケジューリングポリシー
2026.01,新設,,G06F 11/1446 664,,・・・・・ネットワーク化された環境のためのもの
2026.01,新設,,G06F 11/1446 666,,・・・・・バックアップ処理を無停止で行うもの
2026.01,新設,,G06F 11/1446 669,,・・・・・バックアップリストア技術
2026.01,新設,,G06F 11/1471,,・・・リカバリのための永続データのロギングを含むもの［２０２６．０１］
2026.01,新設,,G06F 11/1474,,・・・トランザクションにおけるもの（データベースにおける構造化データのアップデートＧ０６Ｆ１６／２３）［２０２６．０１］
2026.01,新設,,G06F 11/1479,,・・・エラー検出またはフォールトマスキングのための汎用ソフトウェア技術［２０２６．０１］
2026.01,新設,,G06F 11/1482,,・・・・ミドルウェアまたはオペレーティングシステム［ＯＳ］の機能を用いるもの［２０２６．０１］
2026.01,新設,,G06F 11/1482 684,,・・・・・仮想計算機におけるもの
2026.01,新設,,G06F 11/1487,,・・・・Ｎバージョンプログラミングを用いるもの［２０２６．０１］
2026.01,新設,,G06F 11/1489,,・・・・リカバリブロックを用いるもの［２０２６．０１］
2026.01,新設,,G06F 11/1492,,・・・・アプリケーションソフトウェアにより実行されるランタイムレプリケーションを用いるもの，例．Ｎモジュラー型［２０２６．０１］
2026.01,新設,,G06F 11/1497,,・・・単一の処理ユニット上におけるソフトウェアの時間冗長実行［２０２６．０１］
2026.01,新設,,G06Q 10/04,,・ソーシャル・ネットワーキングまたはソーシャル・ネットワーキング・サービスに関連するビジネス・プロセス［２０２６．０１］
2026.01,新設,,G06Q 10/42,,・・ユーザー間の相性または共通の関心の判定［２０２６．０１］
2026.01,新設,,G06Q 10/44,,・・ソーシャルネットワーク内のトレンドの特定，例．トレンドトピックの特定［２０２６．０１］
2026.01,新設,,G06Q 10/46,,・・ソーシャル・ネットワーキング・サービス内でのユーザーの影響力のレベルの判定［２０２６．０１］
2026.01,新設,,G06Q 10/48,,・・ソーシャルグラフの使用によるもの［２０２６．０１］
2026.01,新設,,G06T 11/01,,・テクスチャリング；着色；テクスチャまたは色の生成（レタッチ，インペインティングまたはキズの除去　Ｇ０６Ｔ　５／７７）［２０２６．０１］
2026.01,新設,,G06T 11/23,,・・直線または曲線を用いるもの［２０２６．０１］
2026.01,新設,,G06T 11/26,,・・チャートまたはグラフの描画［２０２６．０１］
2026.01,新設,,G06T 11/06 400,,・・生成ＡＩを使用するもの
2026.01,新設,,G06T 11/06 600,,・・ユーザインタフェースを用いてドロー又はペイントされたイメージを作成または編集するもの
2026.01,新設,,G06T 11/06 600 A,,ビットマップ画像の編集
2026.01,新設,,G06T 11/06 600 B,,ベクターデータの編集，例．ベクトルデータで表される図形の編集
2026.01,新設,,G06T 11/06 600 C,,図形の選択／衝突判定処理
2026.01,新設,,G06T 11/06 600 D,,部品画像を組み合わせるもの，例．モンタージュ，似顔絵
2026.01,新設,,G06T 11/06 600 E,,操作に特徴のあるもの
2026.01,新設,,G06T 11/06 600 F,,特定用途のためのもの
2026.01,新設,,G06T 11/06 600 Z,,その他
2026.01,新設,,G06T 11/65,,・・地理的地図上のもの［２０２６．０１］
2026.01,新設,,G06V 30/242 A,,大文字／小文字判定［２０２２．０１］
2026.01,新設,,G06V 30/242 C,,字種判定，例．ひらがな／カタカナ判定［２０２２．０１］
2026.01,新設,,G06V 30/242 Z,,その他のもの［２０２２．０１］
2026.01,新設,,G06V 30/26 A,,単語辞書の構成，例．複数の単語辞書，階層構造単語辞書，に特徴を有するもの［２０２２．０１］
2026.01,新設,,G06V 30/26 B,,単語辞書との照合の仕方に特徴を有するもの［２０２２．０１］
2026.01,新設,,G06V 30/26 C,,単語辞書の作成または修正の仕方に特徴を有するもの［２０２２．０１］
2026.01,新設,,G06V 30/26 Z,,その他のもの
2026.01,新設,,G21K 1/02,,・荷電粒子を閉じ込めるまたは閉じ込められた荷電粒子を取り扱うための，例．イオントラップ［２０２６．０１］
2026.01,新設,,G21K 1/03,,・中性粒子を閉じ込めるまたは閉じ込められた中性粒子を取り扱うための，例．原子トラップ［２０２６．０１］
2026.01,新設,,H02J 1/002,,・直流－交流－直流の中間変換を用いるもの［２０２６．０１］
2026.01,新設,,H02J 1/082,,・・２つ以上の異なる直流電圧レベルの直流供給［２０２６．０１］
2026.01,新設,,H02J 1/102,,・・スイッチングコンバータ（Ｈ０２Ｊ１／１０８，Ｈ０２Ｊ１／１２が優先）［２０２６．０１］
2026.01,新設,,H02J 1/108,,・・逆方向電流の流れを妨げるための装置をもつもの，例．ダイオードを用いるもの（Ｈ０２Ｊ１／１２が優先）［２０２６．０１］
2026.01,新設,,H02J 1/15,,・・負荷管理に特徴のあるもの［２０２６．０１］
2026.01,新設,,H02J 3/001,,・故障または異常，例．緊急事態または不測の事態，を処理するための装置［２０２６．０１］
2026.01,新設,,H02J 3/0012,,・・交流網内の不測事態検知手段に特徴のあるもの，例．フェーザ計測装置［ＰＭＵ］，シンクロフェーザまたは不測事態解析を用いるもの［２０２６．０１］
2026.01,新設,,H02J 3/0014,,・・回路網内の電力振動を防止または減少するためのもの［２０２６．０１］
2026.01,新設,,H02J 3/007,,・１つ以上の電源または送電線に１つ以上の負荷を選択的に接続するための装置［２０２６．０１］
2026.01,新設,,H02J 3/0073,,・・主路が故障した時に代替給電路を提供することによるもの［２０２６．０１］
2026.01,新設,,H02J 3/008,,・エネルギー取引に応じた給電または配電技術のための回路装置［２０２６．０１］
2026.01,新設,,H02J 3/11,,・交流回路網内の周波数を調整するための装置，例．有効電力の制御によるもの［２０２６．０１］
2026.01,新設,,H02J 3/17,,・交流電力の送電網または配電網のデマンドレスポンス運転［２０２６．０１］
2026.01,新設,,H02J 3/175,,・・エンドユーザまたは負荷運転に応じたもの（Ｈ０２Ｊ　３／１４が優先）［２０２６．０１］
2026.01,新設,,H02J 3/1807,,・・直列補償器を用いるもの，例．サイリスタ制御直列キャパシタ［ＴＣＳＣ］［２０２６．０１］
2026.01,新設,,H02J 3/1814,,・・・ブリッジコンバータにより能動的に制御される無効素子をもつもの，例．統合潮流制御装置［ＵＰＦＣ］または直列電圧補償器［２０２６．０１］
2026.01,新設,,H02J 3/1821,,・・分路補償器を用いるもの［２０２６．０１］
2026.01,新設,,H02J 3/1828,,・・・段階的な制御をもつもの，例．スイッチトキャパシタバンク［２０２６．０１］
2026.01,新設,,H02J 3/1835,,・・・無段階制御をもつもの［２０２６．０１］
2026.01,新設,,H02J 3/1842,,・・・・ブリッジコンバータにより能動的に制御される無効素子をもつもの，例．能動フィルタまたは自励式無効電力補償装置［ＳＴＡＴＣＯＭ］［２０２６．０１］
2026.01,新設,,H02J 3/185,,・・・・・前記無効素子が完全な誘導性であるもの，例．超電導磁気エネルギー貯蔵［ＳＭＥＳ］方式［２０２６．０１］
2026.01,新設,,H02J 3/1857,,・・・・・前記ブリッジコンバータがマルチレベルブリッジコンバータまたはモジュラーマルチレベルコンバータであるもの［２０２６．０１］
2026.01,新設,,H02J 3/1864,,・・・・半導体スイッチと直列に接続された無効素子を用いるもの，例．静止形無効電力補償装置［ＳＶＣ］，サイリスタ制御リアクトル［ＴＣＲ］，またはサイリスタ開閉コンデンサ［ＴＳＣ］［２０２６．０１］
2026.01,新設,,H02J 3/1878,,・・タップ切替器または位相シフトトランスを用いるもの［２０２６．０１］
2026.01,新設,,H02J 3/1885,,・・回転交流発電機を用いるもの，例．同期発電機［２０２６．０１］
2026.01,新設,,H02J 3/1892,,・・前記装置が負荷またはそれらの装置の制御回路の不可欠な部分であるもの［２０２６．０１］
2026.01,新設,,H02J 3/388,,・・単独運転の処理のための装置，例．電力の切断のためまたは切断の回避のためのもの［２０２６．０１］
2026.01,新設,,H02J 3/466,,・・・発電機または電源の運転をスケジューリングまたは選択的に制御すること，例．需要を満たすために発電機を接続または切断すること［２０２６．０１］
2026.01,新設,,H02J 4/01,,・交流および直流電力の同時配電のための単一回路網を用いるもの［２０２６．０１］
2026.01,新設,,H02J 4/02,,・・分離している直流電力部と交流電力部を統合する電力網［２０２６．０１］
2026.01,新設,,H02J 4/25,,・直流と交流の回路網間の電力伝送のためのもの，例．交流幹線システムから負荷の範囲内で直流部に電力供給するためのもの［２０２６．０１］
2026.01,新設,,H02J 7/04,,・充電または放電関連のデータの交換に特徴のあるもの［２０２６．０１］
2026.01,新設,,H02J 7/42,,・・内部電池を持つ電子機器を備えるもの，例．携帯電話［２０２６．０１］
2026.01,新設,,H02J 7/44,,・・電池管理システムと電源の間のもの［２０２６．０１］
2026.01,新設,,H02J 7/45,,・・電池管理システムと外部サーバー間のもの（スマートグリッドで負荷の平衡に使用される電池，Ｈ０２Ｊ３／３２）［２０２６．０１］
2026.01,新設,,H02J 7/46,,・・リーダー・フォロワー装置［２０２６．０１］
2026.01,新設,,H02J 7/47,,・・一つの構成部品，例．電池，または充電器，と他の構成部品，例．電源，との互換性や認証を確認するための装置［２０２６．０１］
2026.01,新設,,H02J 7/05,,・複数の電池に同時または順次に作用するもの［２０２６．０１］
2026.01,新設,,H02J 7/52,,・・電荷のバランシングのためのもの，例．電池間の電荷の均等化［２０２６．０１］
2026.01,新設,,H02J 7/54,,・・・パッシブバランシング，例．抵抗器や並列ＭＯＳＦＥＴを用いるもの［２０２６．０１］
2026.01,新設,,H02J 7/56,,・・・アクティブバランシング，例．コンデンサベース，　インダクタベースまたはＤＣ－ＤＣコンバータを用いるもの［２０２６．０１］
2026.01,新設,,H02J 7/06,,・安全装置または保護装置を含むもの［２０２６．０１］
2026.01,新設,,H02J 7/61,,・・過充電に対するもの［２０２６．０１］
2026.01,新設,,H02J 7/62,,・・過電流に対するもの［２０２６．０１］
2026.01,新設,,H02J 7/63,,・・過放電に対するもの［２０２６．０１］
2026.01,新設,,H02J 7/64,,・・過電圧に対するもの［２０２６．０１］
2026.01,新設,,H02J 7/65,,・・過温度に対するもの［２０２６．０１］
2026.01,新設,,H02J 7/68,,・・逆極性を補正または保護するための回路を用いるもの［２０２６．０１］
2026.01,新設,,H02J 7/07,,・機械的構造に特徴があるもの［２０２６．０１］
2026.01,新設,,H02J 7/08,,・監視装置または表示装置を含むもの［２０２６．０１］
2026.01,新設,,H02J 7/82,,・・充電状態［ＳＯＣ］の管理［２０２６．０１］
2026.01,新設,,H02J 7/84,,・・健全性状態［ＳＯＨ］の管理［２０２６．０１］
2026.01,新設,,H02J 7/09,,・充放電電流または電圧の調整［２０２６．０１］
2026.01,新設,,H02J 7/92,,・・負荷や供給源への優先付けによるもの［２０２６．０１］
2026.01,新設,,H02J 7/94,,・・電池電流に応じるもの［２０２６．０１］
2026.01,新設,,H02J 7/96,,・・電池電圧に応じるもの［２０２６．０１］
2026.01,新設,,H02J 13/01,,・情報の表示またはユーザインタラクションに特徴のあるもの，例．監視制御およびデータ収集［ＳＣＡＤＡ］方式［２０２６．０１］
2026.01,新設,,H02J 13/12,,・回路網状態を監視すること，例．電気の大きさまたは運転状況［２０２６．０１］
2026.01,新設,,H02J 13/13,,・電力回路網内の装置へのデータの伝送に特徴のあるもの［２０２６．０１］
2026.01,新設,,H02J 13/14,,・電力回路網が局所的に制御されるもの，例．ホームエネルギー管理システム［ＨＥＭＳ］［２０２６．０１］
2026.01,新設,,H02J 13/16,,・電力回路網が送電網レベルで制御されるもの，例．アグリゲータを用いるもの［２０２６．０１］
2026.01,新設,,H02J 13/18,,・遠隔操作される装置に特徴のあるもの，例．コンバータまたは変圧器［２０２６．０１］
2026.01,新設,,H02J 13/181,,・・前記装置が発電機を含むもの［２０２６．０１］
2026.01,新設,,H02J 13/182,,・・前記装置が電力回路網に接続された負荷を含むもの［２０２６．０１］
2026.01,新設,,H02J 13/183,,・・前記装置がエネルギー貯蔵装置を含むもの［２０２６．０１］
2026.01,新設,,H02J 13/333,,・・前記装置が変電所の一部を形成するもの［２０２６．０１］
2026.01,新設,,H02J 13/34,,・・前記装置が切換器，継電器または回路遮断器であるもの［２０２６．０１］
2026.01,新設,,H02J 13/36,,・・・保護システムに特に適合されるもの［２０２６．０１］
2026.01,新設,,H02J 13/38,,・・前記装置が電源コンセントであるもの［２０２６．０１］
2026.01,新設,,H02J 15/01,,・水力エネルギーの蓄積を用いるもの［２０２６．０１］
2026.01,新設,,H02J 15/02,,・空圧エネルギーの蓄積を用いるもの，例．圧縮空気エネルギー蓄積［ＣＡＥＳ］［２０２６．０１］
2026.01,新設,,H02J 15/03,,・慣性または機械的エネルギーの蓄積を用いるもの，例．フライホイールを用いるもの［２０２６．０１］
2026.01,新設,,H02J 15/04,,・コイルを用いるもの，例．超電導エネルギー貯蔵［ＳＭＥＳ］方式［２０２６．０１］
2026.01,新設,,H02J 15/05,,・水素の貯蔵によるもの［２０２６．０１］
2026.01,新設,,H02J 101:00,,非集中型，分散型または局所型発電の給電または配電［２０２６．０１］
2026.01,新設,,H02J 101:10,,・化石燃料を用いる分散型発電，例．ディーゼル発電機［２０２６．０１］
2026.01,新設,,H02J 101:20,,・再生可能エネルギー資源を用いる分散型発電［２０２６．０１］
2026.01,新設,,H02J 101:22,,・・太陽エネルギー［２０２６．０１］
2026.01,新設,,H02J 101:24,,・・・太陽光発電［２０２６．０１］
2026.01,新設,,H02J 101:28,,・・風力エネルギー［２０２６．０１］
2026.01,新設,,H02J 101:30,,・・燃料電池［２０２６．０１］
2026.01,新設,,H02J 101:35,,・・再生可能な炭化水素資源［２０２６．０１］
2026.01,新設,,H02J 101:40,,・ハイブリッド発電所，すなわち複数の異なる発電技術が１つの発電所で稼働されること［２０２６．０１］
2026.01,新設,,H02J 103:00,,幹線または交流配電網のための回路装置の細部［２０２６．０１］
2026.01,新設,,H02J 103:30,,・電力回路網の模擬，設計，モデル化，信頼性チェックまたはコンピュータ支援設計［ＣＡＤ］［２０２６．０１］
2026.01,新設,,H02J 103:35,,・・送電または配電方式の送電網レベル管理，例．負荷フロー解析またはアクティブネットワーク管理［２０２６．０１］
2026.01,新設,,H02J 103:40,,・予測負荷需要に対応した回路装置［２０２６．０１］
2026.01,新設,,H02J 103:50,,・予測発電に対応した回路装置［２０２６．０１］
2026.01,新設,,H02J 105:00,,空間的到達範囲または負荷に特徴のある給電または配電のための回路網［２０２６．０１］
2026.01,新設,,H02J 105:10,,・局所的または区切られた到達範囲をもつ局所的回路網［２０２６．０１］
2026.01,新設,,H02J 105:12,,・・住居またはビルディングに給電するもの［２０２６．０１］
2026.01,新設,,H02J 105:16,,・・電源または発電プラント内にあるもの［２０２６．０１］
2026.01,新設,,H02J 105:30,,・負荷回路網が車両の外にあるもの，すなわち車両と電力を交換するもの［２０２６．０１］
2026.01,新設,,H02J 105:33,,・・陸上車両と電力を交換するもの［２０２６．０１］
2026.01,新設,,H02J 105:37,,・・・電気自動車［ＥＶ］と，またはハイブリッド自動車［ＨＥＶ］と電力を交換するもの［２０２６．０１］
2026.01,新設,,H02J 105:40,,・前記回路網に接続するまたは前記回路網により給電される前記負荷に特徴のあるもの［２０２６．０１］
2026.01,新設,,H02J 105:42,,・・家電製品［２０２６．０１］
2026.01,新設,,H02J 105:44,,・・携帯用電子機器［２０２６．０１］
2026.01,新設,,H02J 105:46,,・・医療機器，医療用インプラントまたは生命維持装置［２０２６．０１］
2026.01,新設,,H02J 105:50,,・負荷の動作を選択的に制御するためのもの［２０２６．０１］
2026.01,新設,,H02J 105:52,,・・前記回路網内または前記回路網内の一部分の電力消費の制限のためのもの，例．部分的送電停止，ピークカット［２０２６．０１］
2026.01,新設,,H02J 105:53,,・・・部分的な電力制限のためのもの，例．低下モードまたは電流制限モードに入るもの［２０２６．０１］
2026.01,新設,,H02J 105:54,,・・非電気的な条件に基づくもの，例．温度［２０２６．０１］
2026.01,新設,,H02J 105:55,,・・・経済事情に基づくもの，例．料金表ベースの負荷管理［２０２６．０１］
2026.01,新設,,H02J 107:00,,電力網の運用を遠隔で監視，管理または制御することに特に適合する通信用回路装置［２０２６．０１］
2026.01,新設,,H02J 107:10,,・有線ネットワークを用いるもの，例．データ伝送バスまたは光ファイバ［２０２６．０１］
2026.01,新設,,H02J 107:105,,・・電力線通信［ＰＬＣ］［２０２６．０１］
2026.01,新設,,H02J 107:20,,・無線ネットワークを用いるもの，例．携帯電話［２０２６．０１］
2026.01,新設,,H02J 107:30,,・インターネットプロトコルの使用を含むもの［２０２６．０１］
2026.01,新設,,H02K 1/276 100,,・・・・・・・・・１つの磁石におけるＮ極の中心とＳ極の中心とを結ぶ線の方向の観点（以下，　実施例で該当するもの全てに付与）
2026.01,新設,,H02K 1/276 110,,・・・・・・・・・・回転子の径方向外側に向かうにつれて，ｄ軸，すなわち回転子において主に磁束を発生させる軸，に対して集中するもの
2026.01,新設,,H02K 1/276 130,,・・・・・・・・・・回転子の径方向外側に向かうにつれて，ｄ軸，すなわち回転子において主に磁束を発生させる軸，に対して平行であるもの
2026.01,新設,,H02K 1/276 150,,・・・・・・・・・・回転子の径方向外側に向かうにつれて，ｄ軸，すなわち回転子において主に磁束を発生させる軸，に対して拡散するもの
2026.01,新設,,H02K 1/276 170,,・・・・・・・・・・ｄ軸，すなわち回転子において主に磁束を発生させる軸，に対して直交するもの
2026.01,新設,,H02K 1/276 300,,・・・・・・・・・１つの磁極を構成する磁石の個数の観点（以下，実施例で該当するもの全てに付与）
2026.01,新設,,H02K 1/276 310,,・・・・・・・・・・１個であるもの
2026.01,新設,,H02K 1/276 320,,・・・・・・・・・・２個であるもの
2026.01,新設,,H02K 1/276 330,,・・・・・・・・・・３個以上であるもの
2026.01,新設,,H04R 1/1025,,・・受話器口用に特に適合した蓄電装置；その充電のために特に適合した装置［２０２６．０１］
2026.01,新設,,H05B 33/14 100,,・・・発光物質が有機物以外のもの
2026.01,新設,,H05K 1/181,,・・表面実装部品と結合したもの［２０２６．０１］
2026.01,新設,,H05K 1/181 A,,リ－ド部品であるもの
2026.01,新設,,H05K 1/181 B,,・リ－ド部品の形状に特徴をもつもの
2026.01,新設,,H05K 1/181 C,,リ－ドレス部品であるもの
2026.01,新設,,H05K 1/181 D,,・リ－ドレス部品の形状に特徴をもつもの
2026.01,新設,,H05K 1/181 E,,・・フリップチップ
2026.01,新設,,H05K 1/181 Z,,その他
2026.01,新設,,H05K 1/182,,・・プリント基板［ＰＣＢ］内に実装された部品，例．挿入実装部品［ＩＭＣ］，と結合したもの［２０２６．０１］
2026.01,新設,,H05K 1/182 A,,リ－ド端子の形状又は材料に特徴をもつもの
2026.01,新設,,H05K 1/182 B,,リ－ド端子を除く取付用端子又は部品の形状に特徴をもつもの
2026.01,新設,,H05K 1/182 C,,付属具，例．スペーサ，を用いる取付
2026.01,新設,,H05K 1/182 D,,・付属具，例．はとめ，が電気的接続用のものであるもの（コネクタを介しての取付　１／１８Ｕ）
2026.01,新設,,H05K 1/182 Z,,その他
2026.01,新設,,H05K 1/183,,・・・ＰＣＢの凹部内に実装及び支持された部品と結合したもの［２０２６．０１］
2026.01,新設,,H05K 1/183 A,,リ－ドレス部品であるもの
2026.01,新設,,H05K 1/183 Z,,その他
2026.01,新設,,H05K 1/184,,・・・ＰＣＢの貫通孔に挿入された部品と結合したものであって，その部品の端子は，その貫通孔の壁面上若しくはその端縁の印刷接点に接続されているか，又は，その貫通孔を超えて若しくはその貫通孔内に突出している［２０２６．０１］
2026.01,新設,,H05K 1/184 A,,リ－ド部品であるもの
2026.01,新設,,H05K 1/184 B,,リ－ドレス部品であるもの
2026.01,新設,,H05K 1/184 Z,,その他
2026.01,新設,,H05K 1/185,,・・・ＰＣＢの絶縁基板内に封入された部品と結合したもの；多層プリント基板の内層内に組み込まれた部品と結合したもの［２０２６．０１］
2026.01,新設,,H05K 1/189,,・・フレキシブルな又は折りたたみ印刷回路の使用を特徴とするもの［２０２６．０１］
2026.01,新設,,H05K 3/303,,・・表面実装部品を取り付けること（Ｈ０５Ｋ３／３２が優先）［２０２６．０１］
2026.01,新設,,H05K 3/306,,・・リード挿入実装部品を取り付けること（Ｈ０５Ｋ３／３２が優先）［２０２６．０１］
2026.01,新設,,H05K 3/321,,・・・導電性接着剤によるもの［２０２６．０１］
2026.01,新設,,H05K 3/325,,・・・突合せ又は挟持によるもの；そのための機械的補助部品［２０２６．０１］
2026.01,新設,,H05K 3/328,,・・・溶接によるもの［２０２６．０１］
2026.01,新設,,H05K 3/341,,・・・・表面実装部品［２０２６．０１］
2026.01,新設,,H05K 3/3447,,・・・・リード挿入実装部品［２０２６．０１］
2026.01,新設,,H05K 3/3452,,・・・・はんだマスク［２０２６．０１］
2026.01,新設,,H05K 3/3452 A,,ソルダーレジストパターン（ソルダーレジスト塗布方法３／２８）
2026.01,新設,,H05K 3/3452 B,,・挿入多端子レジストパターン
2026.01,新設,,H05K 3/3452 C,,・挿入用レジストパターン
2026.01,新設,,H05K 3/3452 D,,・面実装レジストパターン
2026.01,新設,,H05K 3/3452 E,,・面実装多端子レジストパターン
2026.01,新設,,H05K 3/3452 Z,,その他
2026.01,新設,,H05K 3/346,,・・・・はんだの材料又はその材料のために特に適合した組成［２０２６．０１］
2026.01,新設,,H05K 3/3465,,・・・・はんだの付着［２０２６．０１］
2026.01,新設,,H05K 3/3468,,・・・・・溶融はんだの塗布，例．ディップはんだ付け［２０２６．０１］
2026.01,新設,,H05K 3/3468 A,,挿入部品と面実装部品の両品のディップはんだ付け
2026.01,新設,,H05K 3/3468 B,,・挿入部品のディップはんだ付け
2026.01,新設,,H05K 3/3468 C,,・面接続部品のディップはんだ付け
2026.01,新設,,H05K 3/3468 D,,ディップはんだ付け装置
2026.01,新設,,H05K 3/3468 E,,・ディップ手段
2026.01,新設,,H05K 3/3468 F,,・雰囲気
2026.01,新設,,H05K 3/3468 G,,・搬送
2026.01,新設,,H05K 3/3468 H,,・・キャリヤ，キャリヤレス
2026.01,新設,,H05K 3/3468 J,,・はんだ槽
2026.01,新設,,H05K 3/3468 K,,・・噴流はんだ槽
2026.01,新設,,H05K 3/3468 Z,,その他
2026.01,新設,,H05K 3/3473,,・・・・・はんだのめっき［２０２６．０１］
2026.01,新設,,H05K 3/3478,,・・・・・はんだの予備成形物の付着；前もって形成されたはんだ模様の転写［２０２６．０１］
2026.01,新設,,H05K 3/3485,,・・・・・はんだペースト，スラリー又は粉体の付着（導電性材料を付着させることで印刷回路の所望の導電性パターンを形成するために印刷技術を用いるもの　Ｈ０５Ｋ３／１２）［２０２６．０１］
2026.01,新設,,H05K 3/3485 A,,ペーストはんだの供給
2026.01,新設,,H05K 3/3485 B,,・スクリーン印刷によるもの
2026.01,新設,,H05K 3/3485 C,,・・スクリーン印刷機
2026.01,新設,,H05K 3/3485 D,,・部品へのはんだの供給
2026.01,新設,,H05K 3/3485 E,,・部品と基板へのはんだの供給
2026.01,新設,,H05K 3/3485 Z,,その他
2026.01,新設,,H05K 3/3489,,・・・・フラックスの組成；その付着；接触面を活性化するための他の方法［２０２６．０１］
2026.01,新設,,H05K 3/3489 A,,フラックスの塗布
2026.01,新設,,H05K 3/3489 B,,・フラックス塗布装置
2026.01,新設,,H05K 3/3489 Z,,その他
2026.01,新設,,H05K 3/3494,,・・・・リフローはんだ付けの加熱方法［２０２６．０１］
2026.01,新設,,H05K 3/3494 A,,挿入部品と面実装部品の両品のリフローはんだ付け
2026.01,新設,,H05K 3/3494 B,,・挿入部品のリフローはんだ付け
2026.01,新設,,H05K 3/3494 C,,・面実装部品のリフローはんだ付け
2026.01,新設,,H05K 3/3494 D,,はんだ付け部分の非接触加熱
2026.01,新設,,H05K 3/3494 E,,・レーザ、赤外線
2026.01,新設,,H05K 3/3494 F,,・蒸気
2026.01,新設,,H05K 3/3494 G,,・熱風
2026.01,新設,,H05K 3/3494 H,,・リフロー炉
2026.01,新設,,H05K 3/3494 J,,・・雰囲気
2026.01,新設,,H05K 3/3494 K,,・・温度、加熱
2026.01,新設,,H05K 3/3494 L,,・・搬送（３／３４９４Ｊ，３／３４９４Ｋが優先）
2026.01,新設,,H05K 3/3494 M,,接触加熱によるリフローはんだ付け
2026.01,新設,,H05K 3/3494 N,,・リフローチップはんだ鏝
2026.01,新設,,H05K 3/3494 Z,,その他
2026.01,新設,,H10K 59/08 805,,・・電極
2026.01,新設,,H10K 59/08 810,,・・・陽極
2026.01,新設,,H10K 59/08 813,,・・・・形状に特徴があるもの
2026.01,新設,,H10K 59/08 814,,・・・・補助電極との組み合わせ，例．金属配線と組み合わされたＩＴＯ層
2026.01,新設,,H10K 59/08 816,,・・・・積層電極，例．透明積層電極
2026.01,新設,,H10K 59/08 818,,・・・・反射陽極，例．厚い金属層と組み合わされたＩＴＯ
2026.01,新設,,H10K 59/08 820,,・・・陰極
2026.01,新設,,H10K 59/08 822,,・・・・形状に特徴があるもの
2026.01,新設,,H10K 59/08 824,,・・・・補助電極と組み合わされたもの
2026.01,新設,,H10K 59/08 826,,・・・・積層電極，例．不透明積層電極
2026.01,新設,,H10K 59/08 828,,・・・・透明陰極，例．薄い金属層を含むもの
2026.01,新設,,H10K 59/08 830,,・・パッシベーション；容器；封緘
2026.01,新設,,H10K 59/08 831,,・・・容器
2026.01,新設,,H10K 59/08 832,,・・・・自己支持シール部材，例．封止基板，封止基材
2026.01,新設,,H10K 59/08 833,,・・・・金属製封止部材
2026.01,新設,,H10K 59/08 836,,・・・・周辺シール部材，例．接着剤，シール剤
2026.01,新設,,H10K 59/08 838,,・・・・垂直方向スペーサ，例．シール部材とＯＬＥＤの間に配置されたもの
2026.01,新設,,H10K 59/08 844,,・・・封緘
2026.01,新設,,H10K 59/08 845,,・・・・繰り返し構造を有する多層コート，例．有機－無機複層の多層構造
2026.01,新設,,H10K 59/08 846,,・・・ゲッタ材料又はデシカントを含むもの
2026.01,新設,,H10K 59/08 850,,・・装置から光を取り出すための構成
2026.01,新設,,H10K 59/08 852,,・・・共振構造を含むもの，例．ブラッグ反射対
2026.01,新設,,H10K 59/08 854,,・・・散乱手段を含むもの
2026.01,新設,,H10K 59/08 856,,・・・反射手段を含むもの
2026.01,新設,,H10K 59/08 858,,・・・屈折手段を含むもの，例．レンズ
2026.01,新設,,H10K 59/08 860,,・・コントラスト改善のための構成，例．周辺光の反射防止
2026.01,新設,,H10K 59/08 865,,・・・光吸収層を有するもの，例．遮光層
2026.01,新設,,H10K 59/08 870,,・・加熱又は冷却のための構成
2026.01,新設,,H10K 85/06 150,,・・多環縮合芳香族炭化水素，例．アントラセン
2026.01,新設,,H10K 85/06 310,,・・少なくとも１つの窒素原子に少なくとも２つのアリル基を有するアミン化合物，例．トリフェニルアミン
2026.01,新設,,H10K 85/06 400,,・・ヘテロ原子を環内に含む芳香族化合物
2026.01,新設,,H10K 85/06 500,,・・・多環縮合複素芳香炭化水素
2026.01,新設,,H10K 85/06 520,,・・・・複素芳香重縮合環内のヘテロ原子が窒素のみからなるもの，例．フェナントロリンまたはカルバゾール
2026.01,新設,,H10K 85/06 540,,・・・・複素芳香重縮合環内のヘテロ原子が酸素のみからなるもの，例．クマリン染料
2026.01,新設,,H10K 85/06 560,,・・・・複素芳香重縮合環の内のヘテロ原子が硫黄のみからなるもの，例．ベンゾチオフェン
2026.01,新設,,H10K 85/06 800,,・・有機ホウ素化合物（ホウ素錯体；Ｈ１０Ｋ８５／３０）
2026.01,新設,,H10P 10/00,,ウェハ，基板または装置の部品のボンディング［２０２６．０１］
2026.01,新設,,H10P 10/00 A,,ボンディング［貼り合わせ］方法に特徴
2026.01,新設,,H10P 10/00 B,,・ＳＯＩ用
2026.01,新設,,H10P 10/00 F,,ボンディング［貼り合わせ］装置に特徴
2026.01,新設,,H10P 10/00 X,,特殊な基板構造自体に特徴
2026.01,新設,,H10P 10/00 Z,,その他のもの
2026.01,新設,,H10P 14/00,,材料の形成，例．層またはピラー状に形成［２０２６．０１］
2026.01,新設,,H10P 14/02,,・半導体材料の形成［２０２６．０１］
2026.01,新設,,H10P 14/22,,・・物理蒸着を用いるもの，例．真空蒸着またはスパッタリング［２０２６．０１］
2026.01,新設,,H10P 14/24,,・・化学気相成長［ＣＶＤ］を用いるもの［２０２６．０１］
2026.01,新設,,H10P 14/26,,・・液相堆積を用いるもの［２０２６．０１］
2026.01,新設,,H10P 14/04,,・導電材料または抵抗材料の形成［２０２６．０１］
2026.01,新設,,H10P 14/42,,・・気体または蒸気を用いるもの［２０２６．０１］
2026.01,新設,,H10P 14/43,,・・・化学蒸着，例．化学気相成長［ＣＶＤ］［２０２６．０１］
2026.01,新設,,H10P 14/44,,・・・物理気相成長［ＰＶＤ］［２０２６．０１］
2026.01,新設,,H10P 14/45,,・・・・スパッタリング［２０２６．０１］
2026.01,新設,,H10P 14/46,,・・液体を用いるもの［２０２６．０１］
2026.01,新設,,H10P 14/46 101,,・・・塗布法，インクジェット法，ペースト法等
2026.01,新設,,H10P 14/47,,・・・電解析出，すなわち電解めっき；無電解めっき［２０２６．０１］
2026.01,新設,,H10P 14/47 101,,・・・・電解めっき
2026.01,新設,,H10P 14/47 102,,・・・・無電解めっき
2026.01,新設,,H10P 14/06,,・絶縁材料の形成［２０２６．０１］
2026.01,新設,,H10P 14/06 101,,・・装置
2026.01,新設,,H10P 14/06 101 A,,装置に特徴
2026.01,新設,,H10P 14/06 101 B,,・気相堆積装置
2026.01,新設,,H10P 14/06 101 C,,・・プラズマを利用するもの
2026.01,新設,,H10P 14/06 101 D,,・・スパッタ装置
2026.01,新設,,H10P 14/06 101 E,,・熱処理炉
2026.01,新設,,H10P 14/06 101 F,,・付属具；冶具
2026.01,新設,,H10P 14/06 101 Z,,その他のもの
2026.01,新設,,H10P 14/61,,・・マスクを用いるもの［２０２６．０１］
2026.01,新設,,H10P 14/68,,・・有機材料，例．フォトレジスト［２０２６．０１］
2026.01,新設,,H10P 14/68 A,,材料に特徴のあるもの
2026.01,新設,,H10P 14/68 B,,・ポリイミド樹脂
2026.01,新設,,H10P 14/68 C,,・珪素樹脂
2026.01,新設,,H10P 14/68 D,,・感光性樹脂
2026.01,新設,,H10P 14/68 M,,積層構造を有するもの
2026.01,新設,,H10P 14/68 N,,・無機物層があるもの
2026.01,新設,,H10P 14/68 Z,,その他のもの
2026.01,新設,,H10P 14/69,,・・無機材料［２０２６．０１］
2026.01,新設,,H10P 14/69 A,,材料に特徴のあるもの
2026.01,新設,,H10P 14/69 M,,積層構造を有するもの
2026.01,新設,,H10P 14/69 Z,,その他のもの
2026.01,新設,,H10P 14/692,,・・・酸化物，ガラス状酸化物または酸化物系ガラスから成るもの［２０２６．０１］
2026.01,新設,,H10P 14/692 A,,直接変換膜
2026.01,新設,,H10P 14/692 B,,堆積膜
2026.01,新設,,H10P 14/692 C,,被着後酸化するもの
2026.01,新設,,H10P 14/692 G,,グラシベーション
2026.01,新設,,H10P 14/692 H,,・ガラス組成
2026.01,新設,,H10P 14/692 M,,積層構造を有するもの
2026.01,新設,,H10P 14/692 P,,成膜後の処理，例．アニール
2026.01,新設,,H10P 14/692 S,,・熱酸化によるもの
2026.01,新設,,H10P 14/692 T,,・陽極酸化によるもの
2026.01,新設,,H10P 14/692 U,,・溶液処理によるもの
2026.01,新設,,H10P 14/692 X,,・気相堆積によるもの
2026.01,新設,,H10P 14/692 Y,,・・スパッタによるもの
2026.01,新設,,H10P 14/692 Z,,その他のもの
2026.01,新設,,H10P 14/694,,・・・窒化物から成るもの［２０２６．０１］
2026.01,新設,,H10P 14/694 A,,直接変換膜
2026.01,新設,,H10P 14/694 B,,堆積膜
2026.01,新設,,H10P 14/694 C,,酸窒化膜
2026.01,新設,,H10P 14/694 M,,積層構造を有するもの
2026.01,新設,,H10P 14/694 Z,,その他のもの
2026.01,新設,,H10P 30/00,,ウェハ，基板または装置の部品へのイオン注入［２０２６．０１］
2026.01,新設,,H10P 30/00 101,,・イオン注入装置（イオンビーム管はＨ０１Ｊ３７参照）
2026.01,新設,,H10P 30/00 101 A,,イオン源，加速部
2026.01,新設,,H10P 30/00 101 B,,分離部，レンズ部，走査部
2026.01,新設,,H10P 30/00 101 C,,注入室またはそのための予備室，搬送
2026.01,新設,,H10P 30/00 101 D,,・ウェハホルダ
2026.01,新設,,H10P 30/00 101 Z,,その他のもの
2026.01,新設,,H10P 30/02,,・半導体材料中へのイオン注入，例．ドーピングのためのもの［２０２６．０１］
2026.01,新設,,H10P 30/02 C,,３―５族化合物半導体に関するもの
2026.01,新設,,H10P 30/02 F,,多重打ち込み；複数イオンの注入；プラズマ・イオン注入
2026.01,新設,,H10P 30/02 H,,保護膜を介するイオン注入
2026.01,新設,,H10P 30/02 J,,絶縁領域または高抵抗領域の形成
2026.01,新設,,H10P 30/02 K,,ノック・オン
2026.01,新設,,H10P 30/02 N,,電荷の除去
2026.01,新設,,H10P 30/02 P,,ポリシリコンへのイオン注入
2026.01,新設,,H10P 30/02 Q,,結晶性の改変を目的とするイオン注入
2026.01,新設,,H10P 30/02 R,,溝構造に対するイオン注入
2026.01,新設,,H10P 30/02 T,,測定，制御
2026.01,新設,,H10P 30/02 U,,チャネリング
2026.01,新設,,H10P 30/02 V,,イオンビームの斜め入射
2026.01,新設,,H10P 30/02 W,,特定の用途にイオン注入を用いた点のみに特徴があるもの
2026.01,新設,,H10P 30/02 Z,,その他のもの
2026.01,新設,,H10P 30/22,,・・マスクを用いるもの［２０２６．０１］
2026.01,新設,,H10P 30/22 101,,・・・マスクとしてセルフアラインを利用するもの
2026.01,新設,,H10P 30/22 101 C,,３―５族化合物半導体に関するもの
2026.01,新設,,H10P 30/22 101 G,,ソース・ドレイン形状に特徴のあるもの
2026.01,新設,,H10P 30/22 101 M,,・ゲートの側壁を利用して注入を行うもの
2026.01,新設,,H10P 30/22 101 V,,・イオンビームの斜め入射
2026.01,新設,,H10P 30/22 101 X,,酸化膜と整合させるもの
2026.01,新設,,H10P 30/22 101 Z,,その他のもの
2026.01,新設,,H10P 30/28,,・・アニール工程に特徴のあるもの，例．ドーパントを活性化するためのもの［２０２６．０１］
2026.01,新設,,H10P 30/28 C,,３―５族化合物半導体に関するもの
2026.01,新設,,H10P 30/28 H,,ヒータを用いるもの；加熱手段が不明なもの
2026.01,新設,,H10P 30/28 J,,ランプまたはＬＥＤを用いるもの；ＲＴＡによるもの
2026.01,新設,,H10P 30/28 M,,電磁波，例．レーザ，マイクロ波を用いるもの
2026.01,新設,,H10P 30/28 Z,,その他のもの
2026.01,新設,,H10P 30/04,,・絶縁材料中へのイオン注入［２０２６．０１］
2026.01,新設,,H10P 32/00,,ウェハ，基板または装置の部品の内部での，これらの中への，またはこれらから外部へのドーパントの拡散（材料の形成中に拡散するものＨ１０Ｐ１４／００）［２０２６．０１］
2026.01,新設,,H10P 32/00 101,,・横型拡散装置
2026.01,新設,,H10P 32/00 101 A,,・加熱方法に特徴があるもの
2026.01,新設,,H10P 32/00 101 B,,・拡散ボートの移送方法に特徴のあるもの
2026.01,新設,,H10P 32/00 101 C,,・冷却方法に特徴のあるもの
2026.01,新設,,H10P 32/00 101 D,,横型拡散装置の構造に特徴があるもの
2026.01,新設,,H10P 32/00 101 F,,・遮蔽体を有するもの
2026.01,新設,,H10P 32/00 101 G,,・ウェハ支持治具に特徴のあるもの
2026.01,新設,,H10P 32/00 101 H,,・補助管を有するもの
2026.01,新設,,H10P 32/00 101 J,,・ウェハの移し替えに特徴のあるもの
2026.01,新設,,H10P 32/00 101 K,,・炉心管の洗浄
2026.01,新設,,H10P 32/00 101 L,,・・光照射による加熱
2026.01,新設,,H10P 32/00 101 M,,・炉心管・ウェハ支持治具の材料に特徴のあるもの
2026.01,新設,,H10P 32/00 101 N,,・測熱手段に特徴のあるもの
2026.01,新設,,H10P 32/00 101 R,,・炉体又はウェハ支持治具が回転するもの
2026.01,新設,,H10P 32/00 101 S,,・ガスの導入・排出経路に特徴のあるもの
2026.01,新設,,H10P 32/00 101 Z,,その他
2026.01,新設,,H10P 32/00 201,,・縦型拡散装置
2026.01,新設,,H10P 32/00 201 A,,・加熱・冷却方法に特徴があるもの
2026.01,新設,,H10P 32/00 201 B,,・拡散ボートの移送方法に特徴のあるもの
2026.01,新設,,H10P 32/00 201 G,,・ウェハ支持治具に特徴のあるもの
2026.01,新設,,H10P 32/00 201 H,,・補助管を有するもの
2026.01,新設,,H10P 32/00 201 J,,・ウェハの移し替えに特徴のあるもの
2026.01,新設,,H10P 32/00 201 M,,・炉芯管・ウェハ支持治具の材料に特徴のあるもの
2026.01,新設,,H10P 32/00 201 Q,,縦型拡散装置の構造に特徴があるもの
2026.01,新設,,H10P 32/00 201 R,,・炉体又はウェハ支持治具が回転するもの
2026.01,新設,,H10P 32/00 201 S,,・ガスの導入・排出経路に特徴のあるもの
2026.01,新設,,H10P 32/00 201 Z,,その他
2026.01,新設,,H10P 32/01,,・半導体本体または半導体層の内部での，これらの中への，またはこれらから外部へのドーパントの拡散［２０２６．０１］
2026.01,新設,,H10P 32/01 101,,・・半導体本体と不純物材料，例．ドーピング材料，電極材料，の合金
2026.01,新設,,H10P 32/01 C,,３―５族化合物半導体に関するもの
2026.01,新設,,H10P 32/01 E,,高エネルギー処理，例．レーザビーム，電子ビーム，イオンビーム，プラズマ処理，と拡散の組合わせ
2026.01,新設,,H10P 32/01 P,,プレデポジション層の処理，例．プレデポジション後にドライブインするものまたは二段階拡散
2026.01,新設,,H10P 32/01 S,,選択拡散
2026.01,新設,,H10P 32/01 T,,・拡散マスクの材料・構造，形成方法に特徴のあるもの
2026.01,新設,,H10P 32/01 U,,・横方向広がり拡散
2026.01,新設,,H10P 32/01 V,,・溝を利用した選択拡散
2026.01,新設,,H10P 32/01 W,,・多孔質を利用した選択拡散
2026.01,新設,,H10P 32/01 X,,・拡散位置合わせ，セルフアライン
2026.01,新設,,H10P 32/01 Y,,拡散の前処理，後処理
2026.01,新設,,H10P 32/01 Z,,その他のもの
2026.01,新設,,H10P 32/12,,・・固相と気相の間での拡散［２０２６．０１］
2026.01,新設,,H10P 32/12 C,,３―５族化合物半導体に関するもの
2026.01,新設,,H10P 32/12 D,,アウトディフュージョンの利用
2026.01,新設,,H10P 32/12 L,,バブラーに特徴のある拡散装置
2026.01,新設,,H10P 32/12 T,,封管拡散，例．アンプル
2026.01,新設,,H10P 32/12 U,,半封管拡散，例．ボックス法
2026.01,新設,,H10P 32/12 V,,減圧拡散
2026.01,新設,,H10P 32/12 W,,ウェハの配置に特徴のあるもの，例．斜め配置または背中合せ配置
2026.01,新設,,H10P 32/12 X,,固体状拡散源の配置に特徴のあるもの
2026.01,新設,,H10P 32/12 Y,,固体状拡散源の構造・材料に特徴のあるもの，例．ウェハと同一形状の拡散源板，積層構造
2026.01,新設,,H10P 32/12 Z,,その他のもの
2026.01,新設,,H10P 32/14,,・・固相の単一の半導体本体または固相の単一の半導体層の内部での拡散；共に固相である異なる半導体本体または半導体層の間の拡散［２０２６．０１］
2026.01,新設,,H10P 32/14 C,,３―５族化合物半導体に関するもの
2026.01,新設,,H10P 32/14 D,,拡散源に特徴のあるもの
2026.01,新設,,H10P 32/14 M,,・金属，金属化合物
2026.01,新設,,H10P 32/14 N,,・金属窒化膜
2026.01,新設,,H10P 32/14 P,,・ドープドシリコン
2026.01,新設,,H10P 32/14 Q,,・ドープドオキサイド
2026.01,新設,,H10P 32/14 R,,塗布法によるもの；拡散源蒸着によるもの；フィルム貼付けによるもの
2026.01,新設,,H10P 32/14 S,,圧接法によるもの
2026.01,新設,,H10P 32/14 Z,,その他のもの
2026.01,新設,,H10P 32/16,,・・固相と液相の間での拡散［２０２６．０１］
2026.01,新設,,H10P 32/02,,・絶縁層のドーピングのためのドーパントの拡散［２０２６．０１］
2026.01,新設,,H10P 32/03,,・導電層または抵抗層のドーピングのためのドーパントの拡散［２０２６．０１］
2026.01,新設,,H10P 34/00,,ウェハ，基板または装置の部品に対する電磁輻射線または粒子輻射線の照射［２０２６．０１］
2026.01,新設,,H10P 34/00 E,,ランプまたはＬＥＤ照射　（膜形成はＨ１０Ｐ１４，エッチングはＨ１０Ｐ５０が優先）
2026.01,新設,,H10P 34/00 F,,・ランプまたはＬＥＤアニール（結晶成長時のアニールはＨ１０Ｐ１４／２０，イオン注入の際のアニールはＨ１０Ｐ３０／２８が優先）
2026.01,新設,,H10P 34/00 G,,・ランプまたはＬＥＤ照射装置
2026.01,新設,,H10P 34/00 J,,・・ランプまたはＬＥＤ照射系
2026.01,新設,,H10P 34/00 Q,,・・ウェハ支持治具
2026.01,新設,,H10P 34/00 T,,・測定，制御
2026.01,新設,,H10P 34/00 Z,,その他のもの
2026.01,新設,,H10P 34/02,,・元素を変換する核反応を引き起こすためのもの［２０２６．０１］
2026.01,新設,,H10P 34/04,,・高エネルギー輻射線によるもの［２０２６．０１］
2026.01,新設,,H10P 34/04 E,,電子線照射によるもの（膜形成はＨ１０Ｐ１４，エッチングはＨ１０Ｐ５０，露光はＨ１０Ｐ７６が優先）
2026.01,新設,,H10P 34/04 F,,・アニールのためのもの（結晶成長時のアニールはＨ１０Ｐ１４／２０，イオン注入の際のアニールはＨ１０Ｐ３０／２８が優先）
2026.01,新設,,H10P 34/04 Z,,その他のもの，例．イオンビームアニール
2026.01,新設,,H10P 34/42,,・・電磁輻射線によるもの，例．レーザーアニール（レーザー切断Ｈ１０Ｐ５４／２０）［２０２６．０１］
2026.01,新設,,H10P 34/42 E,,レーザ照射によるもの（膜形成はＨ１０Ｐ１４，エッチングはＨ１０Ｐ５０が優先）
2026.01,新設,,H10P 34/42 F,,・レーザアニール（結晶成長時のアニールはＨ１０Ｐ１４／２０，イオン注入の際のアニールはＨ１０Ｐ３０／２８が優先）
2026.01,新設,,H10P 34/42 G,,・レーザビーム照射装置
2026.01,新設,,H10P 34/42 J,,・・ビーム照射系
2026.01,新設,,H10P 34/42 T,,・測定，制御
2026.01,新設,,H10P 34/42 Z,,その他のもの
2026.01,新設,,H10P 36/00,,半導体本体内部のゲッタリング［２０２６．０１］
2026.01,新設,,H10P 36/00 C,,３―５族化合物半導体に関するもの
2026.01,新設,,H10P 36/00 E,,高エネルギービームによる
2026.01,新設,,H10P 36/00 J,,・イオンビームによる
2026.01,新設,,H10P 36/00 M,,機械的，化学的歪による
2026.01,新設,,H10P 36/00 N,,窒化膜による
2026.01,新設,,H10P 36/00 P,,多結晶膜による
2026.01,新設,,H10P 36/00 Q,,酸化膜による
2026.01,新設,,H10P 36/00 R,,リン・ボロンによる
2026.01,新設,,H10P 36/00 S,,金属，例．Ｎｉ，Ｐｂ，Ｃｕ，による
2026.01,新設,,H10P 36/00 X,,ハロゲンによる
2026.01,新設,,H10P 36/00 Z,,その他のもの
2026.01,新設,,H10P 36/02,,・イントリンシックゲッタリング，すなわちシリコン本体内部に存在する酸素を用いて欠陥を熱的に誘起するもの［２０２６．０１］
2026.01,新設,,H10P 50/00,,ウェハ，基板または装置の部品のエッチング［２０２６．０１］
2026.01,新設,,H10P 50/02,,・ドライエッチング；プラズマエッチング；反応性イオンエッチング［２０２６．０１］
2026.01,新設,,H10P 50/02 100,,・・プラズマエッチング
2026.01,新設,,H10P 50/02 101,,・・・プラズマエッチング装置
2026.01,新設,,H10P 50/02 101 B,,平行平板型，例．容量結合型，ＲＩＥ，２周波数型
2026.01,新設,,H10P 50/02 101 C,,誘導結合型，例．ＴＣＰ（登録商標），ＩＣＰ，ヘリコン波型
2026.01,新設,,H10P 50/02 101 D,,マイクロ波励起型またはＵＨＦ波励起型，例．ＥＣＲ，空洞共振型
2026.01,新設,,H10P 50/02 101 E,,局所プラズマ，例．大気圧放電，ＰＡＣＥ，ケミカルヴェーパーマシニング［ＣＶＭ］
2026.01,新設,,H10P 50/02 101 F,,ウェハ積層型バッチ処理装置，例．バレル型，エッチングトンネル
2026.01,新設,,H10P 50/02 101 G,,装置間共通事項，例．基板冷却機構，加熱機構，静電チャック，配管，工程間の搬送，プロセスシミュレーションまたは他の半導体製造設備との組合せ
2026.01,新設,,H10P 50/02 101 H,,・装置の清浄化処理，例．装置壁クリーニング，エイジング
2026.01,新設,,H10P 50/02 101 L,,・電極の材質；電極の形成方法
2026.01,新設,,H10P 50/02 101 M,,・メンテナンス性の向上
2026.01,新設,,H10P 50/02 101 R,,・バックサイドガス供給，すなわち被処理基板の裏面の載置台に密着する部分に熱伝導ガスを供給して熱的接触を改善するもの
2026.01,新設,,H10P 50/02 101 Z,,その他
2026.01,新設,,H10P 50/02 102,,・・・基板の清浄化処理，例．基板面のクリーニング
2026.01,新設,,H10P 50/02 103,,・・・エッチングの終点検知またはプラズマのモニタリング，例．分光分析，質量検知，検知波形の処理方法
2026.01,新設,,H10P 50/02 104,,・・・Ｈ１０Ｐ５０／２４～２８に分類されない被エッチング物
2026.01,新設,,H10P 50/02 105,,・・・特殊加工
2026.01,新設,,H10P 50/02 105 A,,被エッチング物を特定しないパターニング；プラズマを用いないチャージアップ防止技術
2026.01,新設,,H10P 50/02 105 B,,被エッチング物を特定しないエッチバックまたは平坦化技術
2026.01,新設,,H10P 50/02 105 Z,,その他
2026.01,新設,,H10P 50/02 106,,・・・プラズマ後処理，例．エッチング処理後のプラズマを用いた工程またはプラズマを用いたチャージアップ防止技術
2026.01,新設,,H10P 50/02 201,,・・プラズマを用いないエッチング
2026.01,新設,,H10P 50/02 201 A,,プラズマを用いない気相エッチング，例．高温状態のガスとの接触によるエッチングまたは蒸気によるエッチング
2026.01,新設,,H10P 50/02 201 B,,エネルギービームエッチング，例．ＦＩＢ，収束イオンビーム，アブレーションまたは電子ビームエッチング
2026.01,新設,,H10P 50/02 201 Z,,その他
2026.01,新設,,H10P 50/02 301,,・・下地層，すなわち被エッチング層とエッチングされないその下の層との選択性を高めることを目的とする構造
2026.01,新設,,H10P 50/02 301 G,,・下地層がアルミニウム
2026.01,新設,,H10P 50/02 301 M,,下地層が金属膜
2026.01,新設,,H10P 50/02 301 N,,下地層がシリコン窒化膜
2026.01,新設,,H10P 50/02 301 S,,下地層がシリコン酸化膜
2026.01,新設,,H10P 50/02 301 Z,,その他
2026.01,新設,,H10P 50/02 400,,・・エッチングによる表面の物理的性質または形状の変換，例．ポリシングまたは切断
2026.01,新設,,H10P 50/24,,・・半導体材料に対するもの［２０２６．０１］
2026.01,新設,,H10P 50/26,,・・導電材料または抵抗材料に対するもの［２０２６．０１］
2026.01,新設,,H10P 50/28,,・・絶縁材料に対するもの［２０２６．０１］
2026.01,新設,,H10P 50/06,,・ウエットエッチング［２０２６．０１］
2026.01,新設,,H10P 50/06 A,,ウエットエッチング方法一般
2026.01,新設,,H10P 50/06 J,,ウエットエッチング装置
2026.01,新設,,H10P 50/06 M,,化学的研磨またはウェハ表面平滑化
2026.01,新設,,H10P 50/06 N,,リフトオフ法
2026.01,新設,,H10P 50/06 P,,アンダーエッチング法
2026.01,新設,,H10P 50/06 Q,,テーパーエッチング，平坦化または段差防止
2026.01,新設,,H10P 50/06 R,,スプレーエッチング方法または装置
2026.01,新設,,H10P 50/06 S,,ドライエッチングとウエットエッチングを続けて行うもの
2026.01,新設,,H10P 50/06 T,,イオン注入後のエッチング
2026.01,新設,,H10P 50/06 U,,終点検知
2026.01,新設,,H10P 50/06 V,,Ｈ１０Ｐ５０／６４～５０／６８に分類されない材料に対するエッチング液または液組成に特徴があるもの
2026.01,新設,,H10P 50/06 Z,,その他
2026.01,新設,,H10P 50/61,,・・電解エッチング［２０２６．０１］
2026.01,新設,,H10P 50/64,,・・半導体材料に対するもの［２０２６．０１］
2026.01,新設,,H10P 50/64 A,,Ｓｉ，Ｇｅ用
2026.01,新設,,H10P 50/64 B,,Ｓｉ，Ｇｅ以外用
2026.01,新設,,H10P 50/64 C,,ウェハの分割用
2026.01,新設,,H10P 50/64 Z,,その他
2026.01,新設,,H10P 50/66,,・・導電材料または抵抗材料に対するもの［２０２６．０１］
2026.01,新設,,H10P 50/68,,・・絶縁材料に対するもの［２０２６．０１］
2026.01,新設,,H10P 50/68 A,,絶縁膜用
2026.01,新設,,H10P 50/68 B,,・窒化膜用
2026.01,新設,,H10P 50/68 Z,,その他
2026.01,新設,,H10P 52/00,,ウェハ，基板または装置の部品の研削，ラッピングまたは研磨［２０２６．０１］
2026.01,新設,,H10P 52/00 A,,片面研磨
2026.01,新設,,H10P 52/00 B,,両面研磨
2026.01,新設,,H10P 52/00 C,,研削
2026.01,新設,,H10P 52/00 D,,研磨布，研磨シート，砥石
2026.01,新設,,H10P 52/00 E,,研磨剤
2026.01,新設,,H10P 52/00 F,,・粒子
2026.01,新設,,H10P 52/00 G,,・溶液
2026.01,新設,,H10P 52/00 H,,・粒子と溶液の混合物，例．スラリー状のもの
2026.01,新設,,H10P 52/00 J,,研磨液の供給，回収，再利用
2026.01,新設,,H10P 52/00 K,,装置への基板の保持
2026.01,新設,,H10P 52/00 L,,・吸着によるもの，例．真空チャック
2026.01,新設,,H10P 52/00 M,,・接着によるもの，例．保護膜
2026.01,新設,,H10P 52/00 N,,・基板の押圧の調整，例．流体による押圧
2026.01,新設,,H10P 52/00 P,,装置への基板の貼り付け，剥がし
2026.01,新設,,H10P 52/00 Q,,研磨布の目立て，ドレッシング
2026.01,新設,,H10P 52/00 R,,前処理；ナイフエッジの処理
2026.01,新設,,H10P 52/00 S,,後処理
2026.01,新設,,H10P 52/00 T,,基板の洗浄
2026.01,新設,,H10P 52/00 U,,制御，調整，例．回転数，温度または冷却
2026.01,新設,,H10P 52/00 V,,終点の検知，膜厚，平坦度の測定
2026.01,新設,,H10P 52/00 W,,Ｓｉ以外の基板，ＳＯＩ基板，貼り合わせ基板等
2026.01,新設,,H10P 52/00 X,,配線，層間絶縁膜
2026.01,新設,,H10P 52/00 Y,,基板の端縁等の研磨または研削，例．エッジ，ノッチ，オリフラまたは面取部
2026.01,新設,,H10P 52/00 Z,,その他
2026.01,新設,,H10P 52/02,,・電気化学研磨［ＥＭＰ］；電気化学機械研磨［ＥＣＭＰ］［２０２６．０１］
2026.01,新設,,H10P 52/04,,・化学機械研磨［ＣＭＰ］（電気化学機械研磨Ｈ１０Ｐ５２／２０）［２０２６．０１］
2026.01,新設,,H10P 54/00,,ウェハ，基板または装置の部品の切断または分離［２０２６．０１］
2026.01,新設,,H10P 54/02,,・レーザーを用いるもの［２０２６．０１］
2026.01,新設,,H10P 54/02 101,,・・スライシングに関するもの
2026.01,新設,,H10P 54/02 201,,・・平面を垂直方向に切断するもの
2026.01,新設,,H10P 54/03,,・切断や分割のために弱化領域を形成するもの，例．レーザー処理またはイオン注入によるもの［２０２６．０１］
2026.01,新設,,H10P 54/04,,・ソーイングによるもの，例．回転ブレードや往復運動刃を用いるもの［２０２６．０１］
2026.01,新設,,H10P 54/04 101,,・・スライシングに関するもの
2026.01,新設,,H10P 54/04 101 R,,回転する刃によるもの
2026.01,新設,,H10P 54/04 101 W,,ワイヤーソーまたは往復運動する刃によるもの
2026.01,新設,,H10P 54/04 101 Z,,その他のもの
2026.01,新設,,H10P 54/04 201,,・・平面を垂直方向に切断するもの
2026.01,新設,,H10P 54/05,,・スクライビング，ブレーキングまたは劈開によるもの［２０２６．０１］
2026.01,新設,,H10P 54/09,,・補助的な方法または装置［２０２６．０１］
2026.01,新設,,H10P 54/09 101,,・・スライシングに関するもの
2026.01,新設,,H10P 54/09 101 A,,スライシングの後処理，例．スライス後のウェハの受取り
2026.01,新設,,H10P 54/09 101 B,,スライシングの前処理，例．インゴットの方向出し，インゴットの受台
2026.01,新設,,H10P 54/09 101 Z,,その他のもの，例．ウェハに対する拡散，接着またはその他の処理と共に行うもの
2026.01,新設,,H10P 54/09 201,,・・平面を垂直方向に切断するもの
2026.01,新設,,H10P 54/92,,・・切断または分割時にウェハまたは基板の表面を保護または補強するためのもの，例．粘着テープを用いるもの［２０２６．０１］
2026.01,新設,,H10P 54/94,,・・後処理，例．粘着テープまたは支持体の除去［２０２６．０１］
2026.01,新設,,H10P 56/00,,ウェハ，基板または装置の部品のディボンディング［２０２６．０１］
2026.01,新設,,H10P 56/00 A,,ディボンディング［剥離］方法または装置に特徴
2026.01,新設,,H10P 56/00 X,,チップ剥離，シート，補強等［原則付与しない］
2026.01,新設,,H10P 56/00 Z,,その他のもの
2026.01,新設,,H10P 58/00,,ウェハまたは基板を複数のチップに個片化するもの，すなわちダイシング［２０２６．０１］
2026.01,新設,,H10P 58/00 A,,分割
2026.01,新設,,H10P 58/00 B,,レーザーを用いるもの
2026.01,新設,,H10P 58/00 C,,ダイシングライン検出，位置決め
2026.01,新設,,H10P 58/00 F,,回転ブレード
2026.01,新設,,H10P 58/00 G,,ダイヤモンド・カッター
2026.01,新設,,H10P 58/00 H,,サンドブラスト
2026.01,新設,,H10P 58/00 L,,ウェハの前処理，スクライブラインの形状・構造
2026.01,新設,,H10P 58/00 M,,ウェハの接着，補強，ダイシング治具，例．ダイシングテープ
2026.01,新設,,H10P 58/00 N,,ウェハの保持，搬送
2026.01,新設,,H10P 58/00 P,,ウェハの後処理，テープ等の剥離
2026.01,新設,,H10P 58/00 Q,,ダイシング方法，分割を伴なう一連処理
2026.01,新設,,H10P 58/00 R,,ダイシング後のウェハまたはチップの形状・構造に特徴
2026.01,新設,,H10P 58/00 S,,少なくともエッチングを用いるもの
2026.01,新設,,H10P 58/00 T,,クラッキング
2026.01,新設,,H10P 58/00 U,,・劈開・結晶面に沿うもの
2026.01,新設,,H10P 58/00 V,,ダイシング後クラッキングを行なうもの
2026.01,新設,,H10P 58/00 W,,スペーシング
2026.01,新設,,H10P 58/00 X,,少なくともクラッキングとスペーシングの両方を行なうもの
2026.01,新設,,H10P 58/00 Y,,ピッキング，チップの取り剥がし
2026.01,新設,,H10P 58/00 Z,,その他のもの
2026.01,新設,,H10P 70/00,,ウェハ，基板または装置の部品の洗浄［２０２６．０１］
2026.01,新設,,H10P 70/00 101,,・洗浄に特徴（一般的なものはＢ０８Ｂ，薬液の塗布一般はＢ０５Ｃ）
2026.01,新設,,H10P 70/00 102,,・・洗浄槽に浸漬するもの
2026.01,新設,,H10P 70/00 102 A,,単槽
2026.01,新設,,H10P 70/00 102 B,,複槽
2026.01,新設,,H10P 70/00 102 C,,・槽間で洗浄液の移動のあるもの
2026.01,新設,,H10P 70/00 102 D,,洗浄中に基板を動かすもの
2026.01,新設,,H10P 70/00 102 E,,超音波を使用するもの
2026.01,新設,,H10P 70/00 102 F,,ノズルを設けるもの
2026.01,新設,,H10P 70/00 102 Z,,その他，例．基板以外の洗浄
2026.01,新設,,H10P 70/00 103,,・・ノズル，スプレイを用いるもの
2026.01,新設,,H10P 70/00 103 A,,基板を回転するもの
2026.01,新設,,H10P 70/00 103 B,,基板を移動するもの
2026.01,新設,,H10P 70/00 103 C,,ノズル自体に特徴のあるもの
2026.01,新設,,H10P 70/00 103 D,,・超音波を使用するもの
2026.01,新設,,H10P 70/00 103 Z,,その他，例．粒子の吹き付け，基板以外の洗浄またはノズルの洗浄
2026.01,新設,,H10P 70/00 104,,・・スクラブによる洗浄，例．ブラシ，スポンジ
2026.01,新設,,H10P 70/00 104 A,,基板を回転するもの
2026.01,新設,,H10P 70/00 104 B,,・スクラブ手段を移動するもの
2026.01,新設,,H10P 70/00 104 C,,・スクラブ手段を回転するもの
2026.01,新設,,H10P 70/00 104 D,,基板を移動するもの
2026.01,新設,,H10P 70/00 104 E,,・スクラブ手段を回転するもの
2026.01,新設,,H10P 70/00 104 F,,・スクラブ手段を移動するもの
2026.01,新設,,H10P 70/00 104 G,,スクラブ手段自体に特徴のあるもの
2026.01,新設,,H10P 70/00 104 Z,,その他，例．基板以外の洗浄またはブラシの洗浄
2026.01,新設,,H10P 70/00 105,,・・気相での洗浄
2026.01,新設,,H10P 70/00 105 A,,不活性ガスを用いるもの，例．Ｎ２，Ａｒ，Ｈｅ
2026.01,新設,,H10P 70/00 105 B,,蒸気を用いるもの
2026.01,新設,,H10P 70/00 105 C,,プラズマを用いるもの
2026.01,新設,,H10P 70/00 105 D,,紫外線等を用いるもの
2026.01,新設,,H10P 70/00 105 Z,,その他，例．基板以外の洗浄
2026.01,新設,,H10P 70/00 106,,・・静電気を用いるもの；静電気の除去
2026.01,新設,,H10P 70/00 107,,・・処理液に特徴のあるもの
2026.01,新設,,H10P 70/00 107 A,,有機系
2026.01,新設,,H10P 70/00 107 B,,界面活性剤を添加するもの
2026.01,新設,,H10P 70/00 107 Z,,その他
2026.01,新設,,H10P 70/00 108,,・・装置の細部または共通事項
2026.01,新設,,H10P 70/00 108 A,,搬送手段（基板の搬送一般Ｈ１０Ｐ７２）
2026.01,新設,,H10P 70/00 108 B,,・複数枚同時に搬送するもの
2026.01,新設,,H10P 70/00 108 D,,基板容器［キャリア］または治具の材質，構造
2026.01,新設,,H10P 70/00 108 E,,基板容器［キャリア］の洗浄
2026.01,新設,,H10P 70/00 108 F,,洗浄液の循環濾過，フィルタ
2026.01,新設,,H10P 70/00 108 G,,洗浄の制御，調整，検知
2026.01,新設,,H10P 70/00 108 H,,・複数工程におよぶ制御，工程全般の制御
2026.01,新設,,H10P 70/00 108 J,,配置［レイアウト］
2026.01,新設,,H10P 70/00 108 K,,液系の共通事項，例．配管，バルブ，ポンプ
2026.01,新設,,H10P 70/00 108 L,,気系の共通事項，例．排気，換気
2026.01,新設,,H10P 70/00 108 Z,,その他
2026.01,新設,,H10P 70/00 201,,・洗浄と乾燥の一連処理；乾燥
2026.01,新設,,H10P 70/00 201 A,,基板を回転するもの
2026.01,新設,,H10P 70/00 201 B,,・枚葉式
2026.01,新設,,H10P 70/00 201 C,,・バッチ式
2026.01,新設,,H10P 70/00 201 D,,・・回転軸が水平または水平から傾いたもの
2026.01,新設,,H10P 70/00 201 E,,・・回転軸が垂直または垂直から傾いたもの
2026.01,新設,,H10P 70/00 201 F,,・・・複数個のキャリアの各中心軸を回転軸に平行に配置するもの
2026.01,新設,,H10P 70/00 201 G,,基板の移動［回転を除く］を伴うもの
2026.01,新設,,H10P 70/00 201 H,,蒸気を使用するもの
2026.01,新設,,H10P 70/00 201 J,,基板を浸漬するもの，例．温純水に浸漬するもの
2026.01,新設,,H10P 70/00 201 K,,減圧するもの
2026.01,新設,,H10P 70/00 201 L,,気体を吹き付け，送風するもの　（蒸気の吹き付けはＨ）
2026.01,新設,,H10P 70/00 201 M,,ヒータ，光等により基板を直接加熱するもの
2026.01,新設,,H10P 70/00 201 N,,超臨界を利用するもの
2026.01,新設,,H10P 70/00 201 Z,,その他，例．基板以外の乾燥
2026.01,新設,,H10P 72/00,,ウェハ，基板または装置の製造または処理中にこれらを取り扱うまたは保持するもの［２０２６．０１］
2026.01,新設,,H10P 72/00 E,,ペレット，チップの取外し
2026.01,新設,,H10P 72/00 L,,ウェハの有無，枚数，表裏，姿勢の検出
2026.01,新設,,H10P 72/00 Z,,その他のもの
2026.01,新設,,H10P 72/01,,・専用のキャリアを使用するもの，例．前開き一体型格納容器［ＦＯＵＰ］［２０２６．０１］
2026.01,新設,,H10P 72/01 T,,容器；容器を収納するためのストッカ，キャビネット，倉庫
2026.01,新設,,H10P 72/01 U,,・水平状態のペレット・ウェハ等のためのもの［トレイ］
2026.01,新設,,H10P 72/01 Z,,その他のもの
2026.01,新設,,H10P 72/03,,・搬送手段，例．異なる装置間での搬送［２０２６．０１］
2026.01,新設,,H10P 72/03 A,,移送，例．ウェハ移送具，アーム，ハンド，ロボット，台車，搬送設計，ロードポート
2026.01,新設,,H10P 72/03 B,,・移送のための吸着アーム
2026.01,新設,,H10P 72/03 C,,・・ベルヌーイチャック
2026.01,新設,,H10P 72/03 D,,複数ウェハの一括移しかえ［キャリアとボード間の移替え，ウェハ配列ピッチ変えの移替］
2026.01,新設,,H10P 72/03 Z,,その他のもの
2026.01,新設,,H10P 72/05,,・位置決め，方向決め，またはアライメントのためのもの［２０２６．０１］
2026.01,新設,,H10P 72/05 F,,位置検出・制御
2026.01,新設,,H10P 72/05 G,,位置決め・整列
2026.01,新設,,H10P 72/05 K,,載置台，例．微動テーブル，位置決めステージ，の移動
2026.01,新設,,H10P 72/05 M,,オリフラ・ノッチを利用したもの
2026.01,新設,,H10P 72/05 Z,,その他のもの
2026.01,新設,,H10P 72/07,,・支持または把持のためのもの［２０２６．０１］
2026.01,新設,,H10P 72/72,,・・静電チャックを用いるもの［２０２６．０１］
2026.01,新設,,H10P 72/76,,・・機械的手段を用いるもの，例．クランプまたはピンチ［２０２６．０１］
2026.01,新設,,H10P 72/78,,・・負圧や吸引を用いるもの，例．ベルヌーイチャック［２０２６．０１］
2026.01,新設,,H10P 74/00,,ウェハ，基板または装置の製造または処理中の試験または測定［２０２６．０１］
2026.01,新設,,H10P 74/00 101,,・試験・測定の対象に特徴
2026.01,新設,,H10P 74/00 101 U,,バイポーラトランジスタ
2026.01,新設,,H10P 74/00 101 V,,ＦＥＴ，ＭＯＳ構造
2026.01,新設,,H10P 74/00 101 W,,メモリ
2026.01,新設,,H10P 74/00 101 X,,発光素子，受光素子
2026.01,新設,,H10P 74/00 101 Y,,チェック用素子
2026.01,新設,,H10P 74/00 101 Z,,その他のもの
2026.01,新設,,H10P 74/00 A,,不良素子の識別，例．マーキング，マップ
2026.01,新設,,H10P 74/00 B,,接触型試験・測定装置，例．プローバ
2026.01,新設,,H10P 74/00 C,,非接触型試験・測定装置，例．ＳＥＭ
2026.01,新設,,H10P 74/00 D,,試験・測定用治具
2026.01,新設,,H10P 74/00 E,,試験・測定用電極，端子であって半導体装置に設けたもの
2026.01,新設,,H10P 74/00 F,,試験・測定用回路であって半導体装置に形成したもの
2026.01,新設,,H10P 74/00 G,,オートハンドラ
2026.01,新設,,H10P 74/00 H,,各種条件下，例．高温下，高圧下，放射線下，での試験・測定
2026.01,新設,,H10P 74/00 Z,,その他のもの
2026.01,新設,,H10P 74/02,,・試験される，または測定される特性に特徴のあるもの，例．構造的または電気的特性［２０２６．０１］
2026.01,新設,,H10P 74/02 J,,外観，パターン
2026.01,新設,,H10P 74/02 K,,・ピンホール，クラック，そり等
2026.01,新設,,H10P 74/02 L,,半導体基板・素子の物性
2026.01,新設,,H10P 74/02 M,,・キャリア寿命
2026.01,新設,,H10P 74/02 N,,・内部状態，例．組成，格子，エッチピット，断面観察等
2026.01,新設,,H10P 74/02 P,,厚み，位置，切断面角度等
2026.01,新設,,H10P 74/02 Q,,酸化膜，分離，接合等
2026.01,新設,,H10P 74/02 R,,ボンディング状態，封止状態
2026.01,新設,,H10P 74/02 S,,配線部の断線・短絡等
2026.01,新設,,H10P 74/02 T,,半導体装置の温度・発色状態
2026.01,新設,,H10P 74/02 Z,,その他のもの
2026.01,新設,,H10P 76/00,,半導体本体上のマスクの製造または処理，例．リソグラフィまたはフォトリソグラフィによるもの［２０２６．０１］
2026.01,新設,,H10P 76/00 541,,・電子線露光
2026.01,新設,,H10P 76/00 541 A,,電子光学系
2026.01,新設,,H10P 76/00 541 B,,・電子銃，アパーチャ，ブランキング電極，収束・偏向器
2026.01,新設,,H10P 76/00 541 C,,制御系
2026.01,新設,,H10P 76/00 541 D,,・ビームの照射位置の制御
2026.01,新設,,H10P 76/00 541 E,,・ビームの照射量、照射形状の制御
2026.01,新設,,H10P 76/00 541 F,,・焦点の調整方法
2026.01,新設,,H10P 76/00 541 G,,鏡体系
2026.01,新設,,H10P 76/00 541 H,,・軸の調整方法
2026.01,新設,,H10P 76/00 541 J,,・描画方法（走査の制御によるもの）
2026.01,新設,,H10P 76/00 541 K,,・位置合わせマークの位置の測定
2026.01,新設,,H10P 76/00 541 L,,・試料室，試料台，試料搬送カセット
2026.01,新設,,H10P 76/00 541 M,,・描画方法（照射量，照射形状の制御によるもの）
2026.01,新設,,H10P 76/00 541 N,,・ビームの属性の測定
2026.01,新設,,H10P 76/00 541 P,,試料の処理
2026.01,新設,,H10P 76/00 541 Q,,可変整形ビームを用いた電子線露光
2026.01,新設,,H10P 76/00 541 R,,固定整形ビームを用いた電子線露光
2026.01,新設,,H10P 76/00 541 S,,パターンマスクを用いた電子線露光
2026.01,新設,,H10P 76/00 541 T,,フォト・カソードを用いた電子線露光
2026.01,新設,,H10P 76/00 541 U,,測定系
2026.01,新設,,H10P 76/00 541 V,,調整系
2026.01,新設,,H10P 76/00 541 W,,複数のビームを用いた電子線露光
2026.01,新設,,H10P 76/00 541 Z,,その他のもの
2026.01,新設,,H10P 76/00 551,,・イオン線露光
2026.01,新設,,H10P 76/00 561,,・レジスト膜の処理
2026.01,新設,,H10P 76/00 562,,・・一般的なもの
2026.01,新設,,H10P 76/00 563,,・・レジスト塗布以前の処理，レジスト接着強化膜
2026.01,新設,,H10P 76/00 564,,・・レジスト塗布
2026.01,新設,,H10P 76/00 564 C,,回転塗布装置
2026.01,新設,,H10P 76/00 564 D,,回転塗布方法
2026.01,新設,,H10P 76/00 564 Z,,その他の塗布装置
2026.01,新設,,H10P 76/00 565,,・・レジスト塗布以後，露光以前の処理（ベーキングを除く）
2026.01,新設,,H10P 76/00 566,,・・・ベーキング一般又はプリベーキング
2026.01,新設,,H10P 76/00 567,,・・・ベーキング装置（乾燥）
2026.01,新設,,H10P 76/00 568,,・・露光以後，現像以前の処理（グラフト重合）
2026.01,新設,,H10P 76/00 569,,・・現像，リンス
2026.01,新設,,H10P 76/00 569 A,,湿式
2026.01,新設,,H10P 76/00 569 B,,・現像槽（浸漬）
2026.01,新設,,H10P 76/00 569 C,,・回転処理
2026.01,新設,,H10P 76/00 569 D,,・搬送を伴なうもの
2026.01,新設,,H10P 76/00 569 E,,・現像液，リンス液
2026.01,新設,,H10P 76/00 569 F,,・現像方法
2026.01,新設,,H10P 76/00 569 G,,・現像終点の検知
2026.01,新設,,H10P 76/00 569 H,,乾式
2026.01,新設,,H10P 76/00 569 Z,,その他のもの
2026.01,新設,,H10P 76/00 570,,・・現像以後の処理（ベーキングを除く）
2026.01,新設,,H10P 76/00 571,,・・・ポストベーキング（熱＋紫外線）
2026.01,新設,,H10P 76/00 572,,・・・レジスト膜の剥離
2026.01,新設,,H10P 76/00 572 A,,乾式
2026.01,新設,,H10P 76/00 572 B,,湿式
2026.01,新設,,H10P 76/00 572 Z,,その他のもの
2026.01,新設,,H10P 76/00 573,,・・多層レジスト膜
2026.01,新設,,H10P 76/00 574,,・・反射防止膜，反射膜（吸収膜）
2026.01,新設,,H10P 76/00 575,,・・レジストの保護膜（表面膜）
2026.01,新設,,H10P 76/00 576,,・・レジストパターンのオーバーハング、傾斜形状
2026.01,新設,,H10P 76/00 577,,・・ウェハ周辺部のレジスト除去
2026.01,新設,,H10P 76/00 578,,・・平坦化（プラナリゼーション）
2026.01,新設,,H10P 76/00 579,,・・カルコゲンを用いたもの
2026.01,新設,,H10P 76/00 600,,・インプリント
2026.01,新設,,H10P 76/00 700,,・その他のパターン形成方法
2026.01,新設,,H10P 76/02,,・有機材料からなるマスク［２０２６．０１］
2026.01,新設,,H10P 76/04,,・無機材料からなるマスク［２０２６．０１］
2026.01,新設,,H10P 90/00,,このサブクラスの単一のメイングループに包含されないウェハの製造，例．ウェハの補強［２０２６．０１］
2026.01,新設,,H10P 90/00 A,,基板構造自体に特徴
2026.01,新設,,H10P 90/00 B,,貼り合わせと剥離を順次行うもの
2026.01,新設,,H10P 90/00 C,,スマートカット（登録商標）を利用するもの
2026.01,新設,,H10P 90/00 P,,Ｈ１０Ｐの２つ以上のメイングループに特徴のあるもの（＠Ｂ，Ｃが優先）
2026.01,新設,,H10P 90/00 Y,,Ｈ１０Ｐの１つのメイングループに特徴のあるもの［原則付与しない］
2026.01,新設,,H10P 90/00 Z,,その他
2026.01,新設,,H10P 95/00,,このサブクラスの他のグループに包含されない製造または処理のための一般的な方法または装置［２０２６．０１］
2026.01,新設,,H10P 95/00 101,,・プロセスシミュレーション自体
2026.01,新設,,H10P 95/00 102,,・制御；生産管理；工程管理
2026.01,新設,,H10P 95/00 102 A,,ソフトウェア，例．制御プログラム，に特徴
2026.01,新設,,H10P 95/00 102 B,,・生産管理・工程管理に特徴
2026.01,新設,,H10P 95/00 102 C,,・・レシピに特徴
2026.01,新設,,H10P 95/00 102 D,,ハードウェア，例．搬送装置，に特徴
2026.01,新設,,H10P 95/00 102 E,,機械学習を利用するもの
2026.01,新設,,H10P 95/00 102 Z,,その他のもの
2026.01,新設,,H10P 95/00 201,,・その他の半導体製造に用いられる装置または部材
2026.01,新設,,H10P 95/00 201 D,,クリーンベンチ，ドラフト装置等
2026.01,新設,,H10P 95/00 201 Z,,その他のもの
2026.01,新設,,H10P 95/04,,・内部特性を変更する半導体本体の処理，例．内部に欠陥を作るもの［２０２６．０１］
2026.01,新設,,H10P 95/04 K,,ライフタイムキラードーピング
2026.01,新設,,H10P 95/04 L,,高エネルギービームによるライフタイムコントロール
2026.01,新設,,H10P 95/04 Z,,その他のもの
2026.01,新設,,H10P 95/06,,・機械的処理，例．超音波によるもの［２０２６．０１］
2026.01,新設,,H10P 95/06 B,,基板の面取り，メサ，ベベル，溝堀り
2026.01,新設,,H10P 95/06 M,,マウンドの除去
2026.01,新設,,H10P 95/06 S,,サンドブラストまたは液体の噴き付けによるもの
2026.01,新設,,H10P 95/06 Z,,その他のもの
2026.01,新設,,H10P 95/07,,・化学的処理［２０２６．０１］
2026.01,新設,,H10P 95/08,,・電気的処理，例．エレクトロフォーミングのためのもの［２０２６．０１］
2026.01,新設,,H10P 95/09,,・熱処理，例．アニーリングまたはシンタリング［２０２６．０１］
2026.01,新設,,H10P 95/09 101,,・・半導体本体の性質を改変するための熱処理，例．アニーリング，シンタリング　（膜形成はＨ１０Ｐ１４，エッチングはＨ１０Ｐ５０が優先）
2026.01,新設,,H10P 95/09 101 C,,３―５族化合物半導体に関するもの（結晶成長時のアニールはＨ１０Ｐ１４／２０，イオン注入の際のアニールはＨ１０Ｐ３０／２８が優先）
2026.01,新設,,H10P 95/09 101 G,,アニール装置
2026.01,新設,,H10P 95/09 101 J,,・加熱部（ランプまたはＬＥＤはＨ１０Ｐ３４／００，電子線はＨ１０Ｐ３４／４０，レーザはＨ１０Ｐ３４／４２が優先）
2026.01,新設,,H10P 95/09 101 N,,熱処理による，ＰＮ接合の形成
2026.01,新設,,H10P 95/09 101 P,,プラズマ・アニール
2026.01,新設,,H10P 95/09 101 Q,,・ウェハ支持治具，例．ボート，サセプタ，ステージ
2026.01,新設,,H10P 95/09 101 R,,・ガスの導入・排出経路，ガスの流れ方
2026.01,新設,,H10P 95/09 101 S,,・ウェハの搬送手段［予備室も含む］
2026.01,新設,,H10P 95/09 101 T,,測定，制御
2026.01,新設,,H10P 95/09 101 W,,前処理・後処理［基板の予備加熱・冷却］
2026.01,新設,,H10P 95/09 101 X,,半導体の改質，例．欠陥除去（結晶成長時のアニールはＨ１０Ｐ１４／２０，イオン注入の際のアニールはＨ１０Ｐ３０／２８が優先）
2026.01,新設,,H10P 95/09 101 Z,,その他のもの
2026.01,新設,,H10P 95/09 102,,・・半導体本体の性質を改変しない熱処理，例．抵抗加熱セラミックヒータ
2026.01,新設,,H10W 10/00,,集積装置の構成部品間における半導体本体内の分離領域［２０２６．０１］
2026.01,新設,,H10W 10/00 101,,・基板に垂直方向の分離，例．ＳＯＩ
2026.01,新設,,H10W 10/00 101 B,,接着型ＳＯＩ
2026.01,新設,,H10W 10/00 101 C,,接続；配線
2026.01,新設,,H10W 10/00 101 D,,単結晶絶縁膜
2026.01,新設,,H10W 10/00 101 E,,エピタキシャル型；インプラ絶縁膜形成，例．ＳＩＭＯＸ
2026.01,新設,,H10W 10/00 101 F,,素子分離；領域分離
2026.01,新設,,H10W 10/00 101 G,,半絶縁型，例．ＧａＡｓ
2026.01,新設,,H10W 10/00 101 H,,多結晶支持体
2026.01,新設,,H10W 10/00 101 L,,配置；レイアウト
2026.01,新設,,H10W 10/00 101 P,,多結晶能動層；アモルファス層
2026.01,新設,,H10W 10/00 101 Q,,超格子
2026.01,新設,,H10W 10/00 101 R,,再結晶
2026.01,新設,,H10W 10/00 101 S,,ＳＯＳ
2026.01,新設,,H10W 10/00 101 T,,テスト；検査
2026.01,新設,,H10W 10/00 101 Z,,その他のもの
2026.01,新設,,H10W 10/00 E,,エピタキシャルに特徴のあるもの
2026.01,新設,,H10W 10/00 P,,シリコンの多孔質化技術を利用したもの
2026.01,新設,,H10W 10/00 R,,イオン注入に特徴のあるもの
2026.01,新設,,H10W 10/00 S,,寄生効果の防止に特徴のあるもの
2026.01,新設,,H10W 10/00 Z,,その他のもの
2026.01,新設,,H10W 10/01,,・誘電材料を含む分離領域［２０２６．０１］
2026.01,新設,,H10W 10/13,,・・シリコンの局所酸化［ＬＯＣＯＳ］により形成されるもの，例．封止界面局所酸化［ＳＩＬＯ］または側壁マスク分離［ＳＷＡＭＩ］［２０２６．０１］
2026.01,新設,,H10W 10/17,,・・誘電材料を用いたトレンチ再充填により形成されるもの，例．シャロートレンチ分離［２０２６．０１］
2026.01,新設,,H10W 10/02,,・エアギャップ［２０２６．０１］
2026.01,新設,,H10W 10/03,,・ＰＮ接合を含む分離領域［２０２６．０１］
2026.01,新設,,H10W 10/04,,・多結晶半導体材料を含む分離領域［２０２６．０１］
2026.01,新設,,H10W 10/05,,・電界効果に基づく分離領域［２０２６．０１］
2026.01,新設,,H10W 15/00,,集積装置の高濃度にドープされた埋め込み領域［２０２６．０１］
2026.01,新設,,H10W 20/00,,チップ，ウェハまたは基板における相互接続［２０２６．０１］
2026.01,新設,,H10W 20/00 B,,配線パターンの形成に関するもの
2026.01,新設,,H10W 20/00 C,,・配線材料のエッチングによるもの
2026.01,新設,,H10W 20/00 E,,・選択酸化によるもの
2026.01,新設,,H10W 20/00 F,,・テーパーの形成に関するもの
2026.01,新設,,H10W 20/00 G,,・リフトオフによるもの
2026.01,新設,,H10W 20/00 K,,表面の平坦化に関するもの
2026.01,新設,,H10W 20/00 Z,,その他のもの
2026.01,新設,,H10W 20/02,,・ウェハ内部または基板内部にある相互接続，例．シリコン貫通ビア［ＴＳＶ］［２０２６．０１］
2026.01,新設,,H10W 20/04,,・ウェハの外側または基板の外側にある相互接続，例．バックエンド配線［ＢＥＯＬ］のメタライゼーションまたはゲート電極に接続しているビア［２０２６．０１］
2026.01,新設,,H10W 20/04 V,,寄生効果，例．寄生チャンネル，の除去に関するもの
2026.01,新設,,H10W 20/04 W,,配線の交差に関するもの
2026.01,新設,,H10W 20/04 Z,,その他のもの
2026.01,新設,,H10W 20/41,,・・その導電部分に特徴のあるもの［２０２６．０１］
2026.01,新設,,H10W 20/41 A,,配線パターン，例．配線の一般的構造，に関するもの
2026.01,新設,,H10W 20/41 B,,配線層間の接続に関するもの
2026.01,新設,,H10W 20/41 C,,配線層と半導体基板との接続に関するもの
2026.01,新設,,H10W 20/41 Z,,その他のもの
2026.01,新設,,H10W 20/42,,・・・ビア，例．ビアプラグ［２０２６．０１］
2026.01,新設,,H10W 20/43,,・・・相互接続のレイアウト［２０２６．０１］
2026.01,新設,,H10W 20/44,,・・・導電部分の導電材料に特徴のあるもの［２０２６．０１］
2026.01,新設,,H10W 20/44 M,,主成分が金属材料であるもの
2026.01,新設,,H10W 20/44 N,,・ＡｌまたはＡｌ合金を用いるもの
2026.01,新設,,H10W 20/44 P,,半導体を用いるもの
2026.01,新設,,H10W 20/44 Q,,金属及び半導体を併用するもの，例．シリサイド，ポリサイド
2026.01,新設,,H10W 20/44 R,,・金属積層材を用いるもの
2026.01,新設,,H10W 20/44 X,,・ＣｕまたはＣｕ合金を用いるもの
2026.01,新設,,H10W 20/44 Z,,その他のもの
2026.01,新設,,H10W 20/45,,・・その絶縁部分に特徴のあるもの［２０２６．０１］
2026.01,新設,,H10W 20/45 P,,製造方法に特徴のあるもの
2026.01,新設,,H10W 20/45 Q,,・塗布によるもの
2026.01,新設,,H10W 20/45 R,,・溶融処理，例．リフロー，を施すもの
2026.01,新設,,H10W 20/45 Z,,その他のもの
2026.01,新設,,H10W 20/46,,・・・エアギャップを含むもの［２０２６．０１］
2026.01,新設,,H10W 20/47,,・・・異なる特性，例．異なる誘電率，を有する２つ以上の誘電層を含むもの［２０２６．０１］
2026.01,新設,,H10W 20/48,,・・・絶縁部分の絶縁材料に特徴のあるもの［２０２６．０１］
2026.01,新設,,H10W 20/48 K,,無機材料によるもの
2026.01,新設,,H10W 20/48 L,,・金属化合物によるもの
2026.01,新設,,H10W 20/48 S,,有機材料によるもの
2026.01,新設,,H10W 20/48 Z,,その他のもの
2026.01,新設,,H10W 20/49,,・・適用可能な相互接続，例．ヒューズまたはアンチヒューズ［２０２６．０１］
2026.01,新設,,H10W 20/49 S,,配線以外の目的を有する導電層に関するもの，例．シールド，ダミー
2026.01,新設,,H10W 20/49 T,,配線終端部に関するもの，例．ボンディングパッド
2026.01,新設,,H10W 20/49 U,,ヒューズ，アンチヒューズ
2026.01,新設,,H10W 20/49 Z,,その他のもの
2026.01,新設,,H10W 29/00,,他に分類されない，集積装置の一般的な部品［２０２６．０１］
2026.01,新設,,H10W 40/00,,熱保護または熱制御のための構成（熱からの保護装置を備える集積装置Ｈ１０Ｄ８９／６０）［２０２６．０１］
2026.01,新設,,H10W 40/00 100,,・製造または処理
2026.01,新設,,H10W 40/00 900,,・恒温のための構成
2026.01,新設,,H10W 40/01,,・加熱のための構成［２０２６．０１］
2026.01,新設,,H10W 40/02,,・冷却のための構成［２０２６．０１］
2026.01,新設,,H10W 40/02 A,,半導体素子，容器またはリード
2026.01,新設,,H10W 40/02 B,,樹脂封止型
2026.01,新設,,H10W 40/02 C,,放熱性回路基板またはステム
2026.01,新設,,H10W 40/02 Z,,その他
2026.01,新設,,H10W 40/22,,・・冷却のための構成の形状に特徴のあるもの，例．円錐または円筒の突出部を有するもの［２０２６．０１］
2026.01,新設,,H10W 40/25,,・・冷却のための構成の材料に特徴のあるもの［２０２６．０１］
2026.01,新設,,H10W 40/28,,・・ペルチェクーラーからなるもの［２０２６．０１］
2026.01,新設,,H10W 40/03,,・パッケージ全体が空気以外の流体中に浸されているもの，例．極低温流体の中に浸されているもの
2026.01,新設,,H10W 40/04,,・流動流体による熱交換を伴うもの［２０２６．０１］
2026.01,新設,,H10W 40/43,,・・流動気体によるもの，例．強制空冷［２０２６．０１］
2026.01,新設,,H10W 40/43 100,,・・・空冷状態の変化の検出
2026.01,新設,,H10W 40/47,,・・流動液体によるもの，例．強制水冷［２０２６．０１］
2026.01,新設,,H10W 40/05,,・温度を感知するための構成［２０２６．０１］
2026.01,新設,,H10W 40/06,,・加熱構成または冷却構成を分離可能に取り付ける手段，例．クランプ［２０２６．０１］
2026.01,新設,,H10W 40/06 A,,プリント基板との取付け
2026.01,新設,,H10W 40/06 B,,放熱板付シングルインライン型の取付け
2026.01,新設,,H10W 40/06 C,,位置規制
2026.01,新設,,H10W 40/06 D,,圧接型
2026.01,新設,,H10W 40/06 E,,挟持による取付け
2026.01,新設,,H10W 40/06 F,,接合層による取付け
2026.01,新設,,H10W 40/06 M,,発熱体と放熱体間の熱伝導部材
2026.01,新設,,H10W 40/06 Z,,その他
2026.01,新設,,H10W 40/07,,・容器内または封緘内における，熱保護または熱制御のための充填材または補助部材［２０２６．０１］
2026.01,新設,,H10W 40/73,,・・相変化による冷却［２０２６．０１］
2026.01,新設,,H10W 40/73 100,,・・・沸騰冷却
2026.01,新設,,H10W 40/73 200,,・・・ヒートパイプ
2026.01,新設,,H10W 40/77,,・・形状に特徴のある補助部材［２０２６．０１］
2026.01,新設,,H10W 40/08,,・パッケージの熱保護または熱制御のための回路構成［２０２６．０１］
2026.01,新設,,H10W 42/00,,装置の保護のための構成（熱保護のための構成Ｈ１０Ｗ４０／００）［２０２６．０１］
2026.01,新設,,H10W 42/00 100,,・機械的損傷からの保護
2026.01,新設,,H10W 42/02,,・電磁波または粒子線からの保護，例．光，エックス線，ガンマ線または電子［２０２６．０１］
2026.01,新設,,H10W 42/25,,・・アルファ線からの保護，例．宇宙応用のためのもの［２０２６．０１］
2026.01,新設,,H10W 42/04,,・改ざんからの保護，例．不正な検査またはリバースエンジニアリング［２０２６．０１］
2026.01,新設,,H10W 42/06,,・静電荷または静電気放電からの保護，例．ファラデーシールド（電気からの保護装置を備える集積装置　Ｈ１０Ｄ８９／６０）［２０２６．０１］
2026.01,新設,,H10W 42/08,,・過電流または過負荷からの保護，例．ヒューズまたは分流器（電気からの保護装置を備える集積装置　Ｈ１０Ｄ８９／６０）［２０２６．０１］
2026.01,新設,,H10W 42/08 100,,・・過電圧からの保護
2026.01,新設,,H10W 44/00,,インピーダンスを制御または整合させるための電気的構成［２０２６．０１］
2026.01,新設,,H10W 44/02,,・高周波数［ＨＦ］または無線周波数［ＲＦ］における電気的構成［２０２６．０１］
2026.01,新設,,H10W 46/00,,装置に適用されるマーク，例．整列または識別するためのもの［２０２６．０１］
2026.01,新設,,H10W 46/00 101,,・前工程［ウェハレベルまたはチップレベル］のマーク
2026.01,新設,,H10W 46/00 201,,・後工程［パッケージレベル］のマーク
2026.01,新設,,H10W 70/00,,パッケージ基板；インターポーザ；再配線層［ＲＤＬ］［２０２６．０１］
2026.01,新設,,H10W 70/00 301,,・高周波素子のマウント
2026.01,新設,,H10W 70/00 301 C,,ＭＩＣ基板の取付け
2026.01,新設,,H10W 70/00 301 D,,マイクロ波ダイオードマウント
2026.01,新設,,H10W 70/00 301 L,,リードインダクタンスの低減化
2026.01,新設,,H10W 70/00 301 Z,,その他
2026.01,新設,,H10W 70/00 501,,・パッケージ基板に突起状の電極を有するもの
2026.01,新設,,H10W 70/00 501 B,,突起状の電極によってチップをチップ幅より大きなパッケージ基板と接続したもの
2026.01,新設,,H10W 70/00 501 C,,パッケージ基板がチップ幅以下のもの又はパッケージ基板を有しないもの
2026.01,新設,,H10W 70/00 501 S,,パッケージ基板に対してパッケージ端子とチップが同じ側にあるもの
2026.01,新設,,H10W 70/00 501 T,,パッケージ端子がボール形状以外のもの
2026.01,新設,,H10W 70/00 501 V,,・ワイヤまたはリードを用いるもの
2026.01,新設,,H10W 70/00 501 W,,ワイヤによってチップをチップ幅より大きなパッケージ基板と接続したもの
2026.01,新設,,H10W 70/00 501 Z,,その他
2026.01,新設,,H10W 70/00 B,,Ｌ，ＣまたはＲを含む基板
2026.01,新設,,H10W 70/00 E,,接地構造または電源接続構造に特徴のある基板
2026.01,新設,,H10W 70/00 F,,チップを搭載するための構造に特徴のある基板
2026.01,新設,,H10W 70/00 G,,ガラス封止型装置の基板
2026.01,新設,,H10W 70/00 H,,ハイブリッドＩＣ用基板
2026.01,新設,,H10W 70/00 J,,放熱構造
2026.01,新設,,H10W 70/00 K,,外部リード取付けに特徴のある基板
2026.01,新設,,H10W 70/00 L,,リードレスチップキャリア
2026.01,新設,,H10W 70/00 P,,ピングリッドアレイ
2026.01,新設,,H10W 70/00 R,,・導電性接合材の流れ防止手段
2026.01,新設,,H10W 70/00 S,,基板を構成する部品同士の接合に特徴があるもの
2026.01,新設,,H10W 70/00 W,,ワイヤボンディングに関連する基板構造
2026.01,新設,,H10W 70/00 X,,電磁シールド材料
2026.01,新設,,H10W 70/00 Z,,その他
2026.01,新設,,H10W 70/01,,・製造または処理［２０２６．０１］
2026.01,新設,,H10W 70/02,,・・配線として機能する導電性パッケージ基板の製造または処理，例．金属板（リードフレームの製造または処理　Ｈ１０Ｗ７０／０４）
2026.01,新設,,H10W 70/04,,・・リードフレームの製造または処理［２０２６．０１］
2026.01,新設,,H10W 70/04 100,,・・・同軸タイプダイオード用
2026.01,新設,,H10W 70/04 250,,・・・３端子素子用
2026.01,新設,,H10W 70/04 500,,・・・集積回路用
2026.01,新設,,H10W 70/04 500 B,,リードの成形または切断
2026.01,新設,,H10W 70/04 500 C,,リードの曲がり検出または整形
2026.01,新設,,H10W 70/04 500 Z,,その他
2026.01,新設,,H10W 70/05,,・・絶縁性パッケージ基板，インターポーザまたは再配線層の製造または処理（リードフレームの製造または処理　Ｈ１０Ｗ７０／０４）［２０２６．０１］
2026.01,新設,,H10W 70/05 200,,・・・セラミック基板またはガラス基板の製造または処理
2026.01,新設,,H10W 70/06,,・・・一時的な補助支持体を用いるもの［２０２６．０１］
2026.01,新設,,H10W 70/08,,・・・チップまたはウェハ上に層を堆積するもの，例．チップファーストＲＤＬ［２０２６．０１］
2026.01,新設,,H10W 70/09,,・・・・チップまたはウェハの横方向を取り囲む封止の上へ延長するもの，例．ファンアウトウェハレベルパッケージ［ＦＯＷＬＰ］ＲＤＬ［２０２６．０１］
2026.01,新設,,H10W 70/02,,・配線として機能する導電性パッケージ基板，例．金属板（リードフレームＨ１０Ｗ７０／４０）
2026.01,新設,,H10W 70/04,,・リードフレーム［２０２６．０１］
2026.01,新設,,H10W 70/04 100,,・・同軸タイプダイオード
2026.01,新設,,H10W 70/04 110,,・・・全体に特徴のあるもの
2026.01,新設,,H10W 70/04 120,,・・・ペレット固定，支持電極または電極保護
2026.01,新設,,H10W 70/04 130,,・・・リード固定，一体リードまたはモールド
2026.01,新設,,H10W 70/04 140,,・・・小型化リード
2026.01,新設,,H10W 70/04 200,,・・２端子素子用［同軸タイプダイオード，大電力用を除く］
2026.01,新設,,H10W 70/04 250,,・・３端子素子用
2026.01,新設,,H10W 70/04 300,,・・大電力用
2026.01,新設,,H10W 70/04 310,,・・・ケース収納型用
2026.01,新設,,H10W 70/04 400,,・・光素子用
2026.01,新設,,H10W 70/04 500,,・・集積回路装置用
2026.01,新設,,H10W 70/04 500 A,,フレーム部または吊りリード
2026.01,新設,,H10W 70/04 500 B,,・タブリード
2026.01,新設,,H10W 70/04 500 D,,メッキ
2026.01,新設,,H10W 70/04 500 E,,半田付け
2026.01,新設,,H10W 70/04 500 F,,放熱
2026.01,新設,,H10W 70/04 500 G,,モールド
2026.01,新設,,H10W 70/04 500 H,,・耐電圧向上，マイグレーション防止，耐湿性向上またはリードの抜け防止
2026.01,新設,,H10W 70/04 500 J,,・バリ除去
2026.01,新設,,H10W 70/04 500 L,,チップ搭載部材へのリードの取付け
2026.01,新設,,H10W 70/04 500 M,,・リードの取付部形状に特徴のあるもの
2026.01,新設,,H10W 70/04 500 N,,外部部材へのリードの取付け
2026.01,新設,,H10W 70/04 500 P,,ピンタイプリード
2026.01,新設,,H10W 70/04 500 R,,小型化リード
2026.01,新設,,H10W 70/04 500 S,,チップとリードの接続
2026.01,新設,,H10W 70/04 500 T,,・不要接触防止
2026.01,新設,,H10W 70/04 500 U,,チップ搭載部
2026.01,新設,,H10W 70/04 500 V,,リード用材料
2026.01,新設,,H10W 70/04 500 W,,積層フレームまたは素子の相互接続のための端子構造
2026.01,新設,,H10W 70/04 500 X,,端子配置または回路的特徴をもつもの
2026.01,新設,,H10W 70/04 500 Y,,複数リードの絶縁物による支持
2026.01,新設,,H10W 70/04 A,,フレーム部または吊りリード
2026.01,新設,,H10W 70/04 B,,・タブリード
2026.01,新設,,H10W 70/04 D,,メッキまたは半田付け
2026.01,新設,,H10W 70/04 F,,放熱
2026.01,新設,,H10W 70/04 G,,モールド
2026.01,新設,,H10W 70/04 H,,・耐電圧向上，マイグレーション防止，耐湿性向上またはリードの抜け防止
2026.01,新設,,H10W 70/04 L,,チップ搭載部材へのリードの取付け
2026.01,新設,,H10W 70/04 M,,・リードの取付部形状に特徴のあるもの
2026.01,新設,,H10W 70/04 N,,外部部材へのリードの取付け
2026.01,新設,,H10W 70/04 R,,小型化リード
2026.01,新設,,H10W 70/04 S,,チップとリードの接続
2026.01,新設,,H10W 70/04 U,,チップ搭載部
2026.01,新設,,H10W 70/04 V,,リード用材料
2026.01,新設,,H10W 70/04 Z,,その他
2026.01,新設,,H10W 70/06,,・絶縁性パッケージ基板；インターポーザ；再配線層（リードフレーム　Ｈ１０Ｗ７０／４０）［２０２６．０１］
2026.01,新設,,H10W 70/06 500,,・・パッケージ基板がフィルム状またはテープ状のもの
2026.01,新設,,H10W 70/62,,・・絶縁性パッケージ基板，インターポーザまたは再配線層の配線に特徴のあるもの［２０２６．０１］
2026.01,新設,,H10W 70/62 500,,・・・再配線層
2026.01,新設,,H10W 70/63,,・・・ビア，例．ビアプラグ［２０２６．０１］
2026.01,新設,,H10W 70/65,,・・・配線の形状または配置［２０２６．０１］
2026.01,新設,,H10W 70/652,,・・・・断面形状［２０２６．０１］
2026.01,新設,,H10W 70/654,,・・・・上面視のレイアウト［２０２６．０１］
2026.01,新設,,H10W 70/655,,・・・・・ファンアウトのレイアウト［２０２６．０１］
2026.01,新設,,H10W 70/656,,・・・・・ファンインのレイアウト［２０２６．０１］
2026.01,新設,,H10W 70/66,,・・・配線の導電材料に特徴のあるもの［２０２６．０１］
2026.01,新設,,H10W 70/67,,・・絶縁性パッケージ基板，インターポーザまたは再配線層の絶縁層または絶縁部分に特徴のあるもの［２０２６．０１］
2026.01,新設,,H10W 70/68,,・・・絶縁層または絶縁部分の形状または配置［２０２６．０１］
2026.01,新設,,H10W 70/68 200,,・・・・セラミック基板またはガラス基板の形状または配置
2026.01,新設,,H10W 70/685,,・・・・複数の絶縁層を含むもの［２０２６．０１］
2026.01,新設,,H10W 70/69,,・・・絶縁層または絶縁部分の絶縁材料に特徴のあるもの［２０２６．０１］
2026.01,新設,,H10W 70/69 100,,・・・・ダイアモンド基板
2026.01,新設,,H10W 70/692,,・・・・セラミックまたはガラス［２０２６．０１］
2026.01,新設,,H10W 70/695,,・・・・有機材料［２０２６．０１］
2026.01,新設,,H10W 70/698,,・・・・電気的に絶縁する半導体材料，例．非ドープシリコン［２０２６．０１］
2026.01,新設,,H10W 72/00,,パッケージ内の相互接続またはコネクタ［２０２６．０１］
2026.01,新設,,H10W 72/00 101,,・フェイスボンディング［フリップチップ］
2026.01,新設,,H10W 72/00 101 Q,,フェイスボンディングによる接続
2026.01,新設,,H10W 72/00 101 R,,・テープキャリアへの接続
2026.01,新設,,H10W 72/00 101 S,,・絶縁基板への接続；チップへの接続
2026.01,新設,,H10W 72/00 101 T,,フェイスボンディング装置
2026.01,新設,,H10W 72/00 101 W,,テープキャリア
2026.01,新設,,H10W 72/00 101 Z,,その他のもの
2026.01,新設,,H10W 72/00 102,,・検査または測定に関するもの
2026.01,新設,,H10W 72/00 102 T,,バンプ検査または測定
2026.01,新設,,H10W 72/00 102 Y,,ボンディング検査または測定
2026.01,新設,,H10W 72/00 102 Z,,その他のもの
2026.01,新設,,H10W 72/00 103,,・その他のコネクタまたはボンディング
2026.01,新設,,H10W 72/00 103 X,,高周波用装置
2026.01,新設,,H10W 72/00 103 Z,,その他のもの
2026.01,新設,,H10W 72/00 201,,・圧力の適用を含むもの，例．熱圧着結合
2026.01,新設,,H10W 72/00 202,,・機械振動，例．超音波振動，の適用を含むもの
2026.01,新設,,H10W 72/00 203,,・チップの転写工程を含むもの
2026.01,新設,,H10W 72/02,,・バンプコネクタ，例．はんだバンプまたは銅ピラー；ダミーバンプ；サーマルバンプ［２０２６．０１］
2026.01,新設,,H10W 72/02 101,,・・構造に特徴
2026.01,新設,,H10W 72/02 101 A,,バンプの構造
2026.01,新設,,H10W 72/02 101 G,,絶縁膜，基板
2026.01,新設,,H10W 72/02 101 N,,複数のバンプ電極の配置パターンに特徴
2026.01,新設,,H10W 72/02 101 P,,・特別の機能をもつバンプを選択的に配置
2026.01,新設,,H10W 72/02 101 Q,,・配置箇所に応じて形状を変化
2026.01,新設,,H10W 72/02 101 R,,接続先の電極との形状・材質等の組み合わせに特徴
2026.01,新設,,H10W 72/02 101 Z,,その他のもの
2026.01,新設,,H10W 72/02 102,,・・材料・成分の選択に特徴
2026.01,新設,,H10W 72/02 102 A,,バンプの材料・成分
2026.01,新設,,H10W 72/02 102 G,,絶縁膜の材料・成分
2026.01,新設,,H10W 72/02 102 Z,,その他のもの
2026.01,新設,,H10W 72/02 103,,・・製造方法に特徴
2026.01,新設,,H10W 72/02 103 A,,バンプ自体の製造
2026.01,新設,,H10W 72/02 103 B,,バンプの載置
2026.01,新設,,H10W 72/02 103 C,,・ボールバンプの載置
2026.01,新設,,H10W 72/02 103 D,,・ワイヤボール，すなわちスタッドバンプ，の製造・載置
2026.01,新設,,H10W 72/02 103 G,,絶縁膜・フォトレジスト等の製造
2026.01,新設,,H10W 72/02 103 Z,,その他のもの
2026.01,新設,,H10W 72/02 104,,・・バンプによる接続，フェイスボンディング［フリップチップ］
2026.01,新設,,H10W 72/29,,・・そのために特に適合するボンドパッド［２０２６．０１］
2026.01,新設,,H10W 72/29 101,,・・・パッド，下地電極［ＵＢＭ］の構造に特徴
2026.01,新設,,H10W 72/29 102,,・・・パッド，下地電極［ＵＢＭ］の材料・成分の選択に特徴
2026.01,新設,,H10W 72/29 103,,・・・パッド，下地電極［ＵＢＭ］の製造方法に特徴
2026.01,新設,,H10W 72/03,,・ダイアタッチコネクタ［２０２６．０１］
2026.01,新設,,H10W 72/03 A,,構造
2026.01,新設,,H10W 72/03 B,,・材料限定
2026.01,新設,,H10W 72/03 C,,方法
2026.01,新設,,H10W 72/03 D,,・材料限定
2026.01,新設,,H10W 72/03 E,,接着材料
2026.01,新設,,H10W 72/03 F,,ダイボンディング装置
2026.01,新設,,H10W 72/03 G,,・接着材料の供給・塗布
2026.01,新設,,H10W 72/03 H,,・局部に加熱手段
2026.01,新設,,H10W 72/03 J,,圧接型
2026.01,新設,,H10W 72/03 Z,,その他のもの
2026.01,新設,,H10W 72/04,,・異方性導電接着材［２０２６．０１］
2026.01,新設,,H10W 72/49,,・・そのために特に適合するボンドパッド［２０２６．０１］
2026.01,新設,,H10W 72/05,,・ボンドワイヤ［２０２６．０１］
2026.01,新設,,H10W 72/05 A,,ワイヤによる内部接続
2026.01,新設,,H10W 72/05 B,,・電極とリードフレームとの接続
2026.01,新設,,H10W 72/05 C,,ワイヤのショート防止
2026.01,新設,,H10W 72/05 D,,ワイヤボンディング方法
2026.01,新設,,H10W 72/05 F,,ワイヤボンディング用金属線
2026.01,新設,,H10W 72/05 G,,ワイヤボンディング装置の上部機構
2026.01,新設,,H10W 72/05 H,,・ワイヤボール形成
2026.01,新設,,H10W 72/05 J,,・ワイヤ張力調整；クランパ；ワイヤ供給
2026.01,新設,,H10W 72/05 K,,ワイヤボンディング装置の下部機構
2026.01,新設,,H10W 72/05 L,,ボンディング位置検知，制御
2026.01,新設,,H10W 72/05 M,,リードフレーム側に特徴
2026.01,新設,,H10W 72/05 Z,,その他のもの
2026.01,新設,,H10W 72/59,,・・そのために特に適合するボンドパッド［２０２６．０１］
2026.01,新設,,H10W 72/59 N,,パッドの形状・配置に特徴
2026.01,新設,,H10W 72/59 P,,パッドの形状・配置以外に特徴
2026.01,新設,,H10W 72/59 Z,,その他のもの
2026.01,新設,,H10W 72/06,,・ストラップコネクタ，例．電力装置を接地するための厚い銅クリップ［２０２６．０１］
2026.01,新設,,H10W 72/06 E,,ストラップコネクタがパッケージ内部接続であるもの
2026.01,新設,,H10W 72/06 V,,ストラップコネクタがパッケージ外部接続，すなわちビームリードとなるもの
2026.01,新設,,H10W 72/06 Z,,その他のもの
2026.01,新設,,H10W 72/09,,・ボンドパッド一般［２０２６．０１］
2026.01,新設,,H10W 74/00,,封緘，例．保護被覆［２０２６．０１］
2026.01,新設,,H10W 74/01,,・製造または処理［２０２６．０１］
2026.01,新設,,H10W 74/01 B,,・・リードフレームの搬出入
2026.01,新設,,H10W 74/01 C,,・樹脂ペレットまたはタブレット
2026.01,新設,,H10W 74/01 D,,・バリ取り
2026.01,新設,,H10W 74/01 E,,・樹脂塗装
2026.01,新設,,H10W 74/01 F,,樹脂またはガラス以外による封止
2026.01,新設,,H10W 74/01 G,,ガラス封止
2026.01,新設,,H10W 74/01 H,,リードに特徴
2026.01,新設,,H10W 74/01 J,,光半導体用
2026.01,新設,,H10W 74/01 R,,樹脂封止
2026.01,新設,,H10W 74/01 S,,・樹脂シートを用いるもの
2026.01,新設,,H10W 74/01 T,,・トランスファー成形または射出成形によるもの
2026.01,新設,,H10W 74/01 Z,,その他
2026.01,新設,,H10W 74/01,,・封緘の形状または配置に特徴のあるもの［２０２６．０１］
2026.01,新設,,H10W 74/01 A,,リードに特徴
2026.01,新設,,H10W 74/01 B,,放熱基板上のもの
2026.01,新設,,H10W 74/01 C,,流れ防止手段
2026.01,新設,,H10W 74/01 D,,光半導体用
2026.01,新設,,H10W 74/01 E,,混成集積回路用
2026.01,新設,,H10W 74/01 F,,表面に導電層を有するもの
2026.01,新設,,H10W 74/01 G,,熱収縮材を有するもの
2026.01,新設,,H10W 74/01 H,,表示または識別
2026.01,新設,,H10W 74/01 J,,外形に特徴
2026.01,新設,,H10W 74/01 K,,ケース収納型
2026.01,新設,,H10W 74/01 L,,・ケース収納型用封止材またはその配列
2026.01,新設,,H10W 74/01 M,,主として時計用
2026.01,新設,,H10W 74/01 N,,裏面のみの保護
2026.01,新設,,H10W 74/01 T,,絶縁基板の孔中に突出するリードにチツプを搭載したもの
2026.01,新設,,H10W 74/15,,・・フリップチップ装置の活性表面の上にあるもの，例．アンダーフィル［２０２６．０１］
2026.01,新設,,H10W 74/04,,・封緘の材料に特徴のあるもの［２０２６．０１］
2026.01,新設,,H10W 74/04 A,,アルファ線遮蔽のためのもの
2026.01,新設,,H10W 74/04 E,,遮光材使用
2026.01,新設,,H10W 74/04 F,,光半導体用
2026.01,新設,,H10W 74/04 Z,,その他
2026.01,新設,,H10W 74/43,,・・酸化物，窒化物または炭化物を含むもの，例．セラミックまたはガラス［２０２６．０１］
2026.01,新設,,H10W 74/43 100,,・・・ガラス封止
2026.01,新設,,H10W 74/47,,・・有機材料を含むもの，例．樹脂［２０２６．０１］
2026.01,新設,,H10W 74/47 100,,・・・複数の樹脂層
2026.01,新設,,H10W 74/47 200,,・・・エネルギー線官能樹脂，例．光，電子線またはイオン化線で硬化するもの
2026.01,新設,,H10W 76/00,,容器；充填またはそのための補助部材；シール［２０２６．０１］
2026.01,新設,,H10W 76/01,,・製造または処理［２０２６．０１］
2026.01,新設,,H10W 76/05,,・・容器中への充填，例．ガス充填［２０２６．０１］
2026.01,新設,,H10W 76/01,,・容器またはその部分［２０２６．０１］
2026.01,新設,,H10W 76/01 A,,放射線遮蔽用
2026.01,新設,,H10W 76/01 E,,混成集積回路用
2026.01,新設,,H10W 76/01 F,,光半導体用
2026.01,新設,,H10W 76/01 G,,貫通孔を有するもの
2026.01,新設,,H10W 76/01 H,,高周波半導体素子用
2026.01,新設,,H10W 76/01 J,,蓋に特徴のあるもの
2026.01,新設,,H10W 76/01 K,,緩衝部材を備えたもの
2026.01,新設,,H10W 76/01 S,,電磁波遮蔽用
2026.01,新設,,H10W 76/01 Y,,超電導素子用
2026.01,新設,,H10W 76/01 Z,,その他
2026.01,新設,,H10W 76/12,,・・容器の形状に特徴のあるもの［２０２６．０１］
2026.01,新設,,H10W 76/12 A,,ＣＡＮ封止のもの
2026.01,新設,,H10W 76/12 B,,平型のもの
2026.01,新設,,H10W 76/12 C,,スタッド型のもの
2026.01,新設,,H10W 76/12 D,,外形に特徴のあるもの
2026.01,新設,,H10W 76/12 E,,リードに関連するもの
2026.01,新設,,H10W 76/12 Z,,その他
2026.01,新設,,H10W 76/13,,・・・配線として機能する導電性基台を含む容器［２０２６．０１］
2026.01,新設,,H10W 76/132,,・・・・導電性基台中の絶縁通路を通る他の配線を有するもの［２０２６．０１］
2026.01,新設,,H10W 76/134,,・・・・導電性基台に対して平行な他の配線を有するもの［２０２６．０１］
2026.01,新設,,H10W 76/136,,・・・・導電性基台に対して垂直な他の配線を有するもの［２０２６．０１］
2026.01,新設,,H10W 76/138,,・・・・導電性基台に対して平行な被覆板により形成される他の配線を有するもの，例．サンドイッチ型［２０２６．０１］
2026.01,新設,,H10W 76/15,,・・・絶縁性基台を含む容器［２０２６．０１］
2026.01,新設,,H10W 76/153,,・・・・絶縁性基台を通る通路の中に配線を有するもの［２０２６．０１］
2026.01,新設,,H10W 76/157,,・・・・絶縁性基台に対して平行な配線を有するもの［２０２６．０１］
2026.01,新設,,H10W 76/17,,・・容器の材料に特徴のあるもの［２０２６．０１］
2026.01,新設,,H10W 76/17 A,,遮光材料
2026.01,新設,,H10W 76/17 B,,金属または導電材料
2026.01,新設,,H10W 76/17 C,,磁性材料
2026.01,新設,,H10W 76/17 D,,形状記憶合金
2026.01,新設,,H10W 76/17 Z,,その他
2026.01,新設,,H10W 76/18,,・・・絶縁材料，例．樹脂，ガラスまたはセラミック［２０２６．０１］
2026.01,新設,,H10W 76/18 A,,樹脂容器
2026.01,新設,,H10W 76/18 B,,ガラス容器
2026.01,新設,,H10W 76/18 C,,セラミック容器
2026.01,新設,,H10W 76/18 D,,・非酸化物を含むもの
2026.01,新設,,H10W 76/18 Z,,その他
2026.01,新設,,H10W 76/04,,・容器の充填材または補助部材，例．センタリング部材（容器内または封緘内における，熱保護または熱制御のための充填材または補助部材　Ｈ１０Ｗ４０／７０）［２０２６．０１］
2026.01,新設,,H10W 76/42,,・・充填材［２０２６．０１］
2026.01,新設,,H10W 76/43,,・・・ガス状の充填材［２０２６．０１］
2026.01,新設,,H10W 76/45,,・・・液状の充填材［２０２６．０１］
2026.01,新設,,H10W 76/47,,・・・固体またはゲル状の充填材［２０２６．０１］
2026.01,新設,,H10W 76/48,,・・・湿気または他の望ましくない物質を吸収する，またはそれらと反応する材料を含む充填材［２０２６．０１］
2026.01,新設,,H10W 76/06,,・シール［２０２６．０１］
2026.01,新設,,H10W 76/63,,・・シールの形状または配置に特徴のあるもの，例．容器の蓋と壁の間のシール［２０２６．０１］
2026.01,新設,,H10W 76/63 100,,・・・ガラス材料を用いるもの
2026.01,新設,,H10W 76/63 200,,・・・金属材料を用いるもの
2026.01,新設,,H10W 76/67,,・・シールの材料に特徴のあるもの［２０２６．０１］
2026.01,新設,,H10W 76/67 100,,・・・ガラス材料
2026.01,新設,,H10W 76/67 200,,・・・金属材料
2026.01,新設,,H10W 76/67 300,,・・・プリプレグ
2026.01,新設,,H10W 78/00,,動作中のパッケージを支持するための，分離可能な保持具［２０２６．０１］
2026.01,新設,,H10W 78/00 A,,ＩＣソケット
2026.01,新設,,H10W 78/00 B,,装着用治具または工具
2026.01,新設,,H10W 78/00 C,,ＣＡＮ型または外部３端子型パワ－トランジスタの取付け
2026.01,新設,,H10W 78/00 D,,支持，接続または取付座
2026.01,新設,,H10W 78/00 E,,トランジスタの取付けまたは支持工程［半田付けを除く］
2026.01,新設,,H10W 78/00 Z,,その他
2026.01,新設,,H10W 80/00,,チップ，ウェハまたは基板のダイレクトボンディング［２０２６．０１］
2026.01,新設,,H10W 80/00 A,,ハイブリッドボンディング；絶縁部分と導電部分の同時直接接合
2026.01,新設,,H10W 80/00 Z,,その他のもの
2026.01,新設,,H10W 90/00,,パッケージ内の部品同士の相対的配置またはパッケージ同士の相対的配置［２０２６．０１］
2026.01,新設,,H10W 90/00 100,,・組立体の製造または処理
2026.01,新設,,H10W 90/00 200,,・部品同士の位置合わせのための形状または構造
2026.01,新設,,H10W 90/00 310,,・光配線または光結合
2026.01,新設,,H10W 90/00 320,,・誘導結合または容量結合
2026.01,新設,,H10W 90/00 330,,・超電導配線または超電導素子を含むもの
2026.01,新設,,H10W 90/00 400,,・チップ間配線
2026.01,新設,,H10W 90/00 400 A,,チップ間配線の形状，構造またはレイアウト
2026.01,新設,,H10W 90/00 400 B,,・チップ間が多層配線であるもの
2026.01,新設,,H10W 90/00 400 C,,・立体的に配置されたマルチチップ間の配線
2026.01,新設,,H10W 90/00 400 D,,・平面的に配置されたマルチチップ間の配線
2026.01,新設,,H10W 90/00 400 P,,チップ間配線の製造または処理
2026.01,新設,,H10W 90/00 400 Z,,その他
2026.01,新設,,H10W 90/00 550,,・複数のチップ搭載基板を含むもの
2026.01,新設,,H10W 90/00 600,,・少なくとも１つの半導体と他の固体装置からなる組立体
2026.01,新設,,H10W 90/00 700,,・ダイオード組立体
2026.01,新設,,H10W 90/00 750,,・・車両用のもの
2026.01,新設,,H10W 90/00 800,,・電力用モジュール
2026.01,新設,,H10W 90/00 910,,・個別の容器または封止を有する装置を含む組立体
2026.01,新設,,H10W 90/00 910 A,,ダイオード組立体
2026.01,新設,,H10W 90/00 910 B,,・車両用のもの
2026.01,新設,,H10W 90/00 910 C,,・全てが直列的に接続されたもの
2026.01,新設,,H10W 90/00 910 D,,スタッド形素子を含むもの
2026.01,新設,,H10W 90/00 910 Z,,その他
2026.01,新設,,H10W 90/00 912,,・・１つの共通端子をもつもの
2026.01,新設,,H10W 90/00 912 A,,加圧手段のあるもの
2026.01,新設,,H10W 90/00 912 Z,,その他
2026.01,新設,,H10W 90/00 914,,・・積み重ねられた配列
2026.01,新設,,H10W 90/00 914 A,,平形半導体素子の加圧スタック
2026.01,新設,,H10W 90/00 914 B,,・異なった素子を含むもの
2026.01,新設,,H10W 90/00 914 C,,複数加圧スタックの組立体
2026.01,新設,,H10W 90/00 914 D,,ダイオード組立体
2026.01,新設,,H10W 90/00 914 Z,,その他
2026.01,新設,,H10W 90/01,,・横方向に隣接するチップの配置［２０２６．０１］
2026.01,新設,,H10W 90/15,,・・横方向に隣接するチップが互いに異なる厚みを有するもの［２０２６．０１］
2026.01,新設,,H10W 90/02,,・積層されたチップの配置［２０２６．０１］
2026.01,新設,,H10W 90/02 100,,・・孔に貫通された１つ以上の棒状体上に取り付けられた孔あき装置
2026.01,新設,,H10W 90/02 A,,積層整流器
2026.01,新設,,H10W 90/02 B,,チップ同士を突起状の電極により接続
2026.01,新設,,H10W 90/02 C,,チップを貫通する導電性ビアによる接続
2026.01,新設,,H10W 90/02 E,,複数チップの同一方向の面にワイヤ接続
2026.01,新設,,H10W 90/02 F,,複数チップの反対方向の面にワイヤ接続
2026.01,新設,,H10W 90/02 G,,バンプ接続チップ上にワイヤ接続チップを積層
2026.01,新設,,H10W 90/02 H,,インターポーザを用いる積層配置
2026.01,新設,,H10W 90/02 J,,基板を折り曲げる積層配置
2026.01,新設,,H10W 90/02 K,,基板，容器または封止を貫通する導電性ビアによる接続
2026.01,新設,,H10W 90/02 Z,,その他
2026.01,新設,,H10W 90/22,,・・チップがパッケージ基板，インターポーザまたはＲＤＬの上面と下面の両方にあるもの［２０２６．０１］
2026.01,新設,,H10W 90/24,,・・積層されたチップの少なくとも１つが，隣接するチップから水平方向にオフセットしているもの，例．階段状のもの［２０２６．０１］
2026.01,新設,,H10W 90/26,,・・同じサイズのチップが積層され，いずれのチップも水平方向にオフセットしないもの，例．長方形状のもの［２０２６．０１］
2026.01,新設,,H10W 90/28,,・・異なるサイズのチップが積層されたもの，例．ピラミッド型のもの［２０２６．０１］
2026.01,新設,,H10W 95/00,,このサブクラスの他のグループに包含されないパッケージング方法［２０２６．０１］
2026.01,新設,,H10W 95/00 A,,組立
2026.01,新設,,H10W 95/00 B,,・少なくともダイボンディングとワイヤボンディングを含む組立
2026.01,新設,,H10W 95/00 C,,部品の移送・供給
2026.01,新設,,H10W 95/00 D,,・リードフレームの移送・供給
2026.01,新設,,H10W 95/00 E,,リードフレームの収納
2026.01,新設,,H10W 95/00 F,,部品の位置決め
2026.01,新設,,H10W 95/00 G,,封止
2026.01,新設,,H10W 95/00 H,,めっき
2026.01,新設,,H10W 95/00 J,,加熱
2026.01,新設,,H10W 95/00 Z,,その他のもの
2026.01,新設,,H10W 99/00,,このサブクラスの他のグループに包含されない主題事項［２０２６．０１］
2026.01,廃止,A01B 3/04 A,A01B 3/04,多段耕,
2026.01,廃止,A01B 3/04 Z,A01B 3/04,その他のもの,
2026.01,廃止,A01D 37/00 A,A01D 37/00,束放出部に特徴のあるもの〔例．放出ベルト〕,
2026.01,廃止,A01D 37/00 B,A01D 37/00,束集積部に特徴のあるもの,
2026.01,廃止,A01D 37/00 Z,A01D 37/00,その他のもの,
2026.01,廃止,A01D 61/04 A,A01D 61/04,チエ－ンプレ－ト自体に特徴があるもの,
2026.01,廃止,A01D 61/04 Z,A01D 61/04,その他のもの,
2026.01,廃止,A01F 3/00 A,A01F 3/00,押切機,
2026.01,廃止,A01F 3/00 Z,A01F 3/00,その他のもの,
2026.01,廃止,A01F 7/00 C,A01F 7/00,ハ－ベスタ（自走自脱）,
2026.01,廃止,A01F 7/00 D,A01F 7/00,・エンジン部,
2026.01,廃止,A01F 7/00 E,A01F 7/00,・動力伝達部,
2026.01,廃止,A01F 7/00 F,A01F 7/00,・操縦操作部,
2026.01,廃止,A01F 7/00 G,A01F 7/00,・乗車装置・ステツプ・梯子,
2026.01,廃止,A01F 7/00 H,A01F 7/00,・脱穀装置の据付,
2026.01,廃止,A01F 7/00 J,A01F 7/00,・・据付台,
2026.01,廃止,A01F 7/00 K,A01F 7/00,・・据付台上での脱穀装置の位置調整、移動,
2026.01,廃止,A01F 7/00 L,A01F 7/00,・据付台と脱穀装置との着脱,
2026.01,廃止,A01F 7/00 M,A01F 7/00,・・スライドさせることにより取外すもの,
2026.01,廃止,A01F 7/00 N,A01F 7/00,・・・ロ－ラを設けたもの,
2026.01,廃止,A01F 7/00 P,A01F 7/00,・・回動することにより取外すもの,
2026.01,廃止,A01F 7/00 Q,A01F 7/00,・・据付台又はシヤ－シを傾斜させるもの,
2026.01,廃止,A01F 7/00 R,A01F 7/00,・・脱穀装置の積降しに用いる補助台、機枠,
2026.01,廃止,A01F 7/00 Z,A01F 7/00,その他のもの,
2026.01,廃止,A01F 15/02 T,A01F 15/02,タイトベ－ラに関するもの,
2026.01,廃止,A01F 15/02 Z,A01F 15/02,その他のもの,
2026.01,廃止,A01F 29/00 A,A01F 29/00,ブロワ－カツタ－〔刃と起風翼板とが同一部材上に設けられているもの〕,
2026.01,廃止,A01F 29/00 Z,A01F 29/00,その他のもの,
2026.01,廃止,A01F 29/06 A,A01F 29/06,回転ナイフの形状または回転ナイフの取付部に特徴のあるもの,
2026.01,廃止,A01F 29/06 B,A01F 29/06,固定ナイフの形状または固定ナイフの取付部に特徴のあるもの,
2026.01,廃止,A01F 29/06 Z,A01F 29/06,その他のもの,
2026.01,廃止,A01F 29/09 A,A01F 29/09,バランスウエイトまたはその取付,
2026.01,廃止,A01F 29/09 B,A01F 29/09,結束帯の切断機構,
2026.01,廃止,A01F 29/09 Z,A01F 29/09,その他のもの,
2026.01,廃止,A01F 29/14 A,A01F 29/14,供給装置用のもの,
2026.01,廃止,A01F 29/14 Z,A01F 29/14,その他のもの,
2026.01,廃止,A01F 29/16 A,A01F 29/16,からみつき防止用のもの,
2026.01,廃止,A01F 29/16 Z,A01F 29/16,その他のもの,
2026.01,廃止,A01N 39/00 A,A01N 39/00,Ａｒ－Ｑ－Ｃｍ……ＣＯＯ－,
2026.01,廃止,A01N 39/00 B,A01N 39/00,Ａｒ－Ｑ－Ｃｍ……ＣＯＮ＜,
2026.01,廃止,A01N 39/00 C,A01N 39/00,Ａｒ－Ｑ－Ｃｍ……ＣＮ,
2026.01,廃止,A01N 39/00 D,A01N 39/00,「図」,
2026.01,廃止,A01N 39/00 E,A01N 39/00,Ａ～Ｄの２つ以上の組合せ,
2026.01,廃止,A01N 39/00 Z,A01N 39/00,その他のもの但し，Ｑ：Ｏ，ＳＲ：Ｑ，ＣｍＨ↓２ｍ，ＱＣｍＨ↓２ｍ，ｍ≧１,
2026.01,廃止,A01N 57/00 A,A01N 57/00,他の活性成分との混合物,
2026.01,廃止,A01N 57/00 B,A01N 57/00,不活性成分との混合物,
2026.01,廃止,A01N 57/00 Z,A01N 57/00,その他のもの,
2026.01,廃止,A01N 57/02 A,A01N 57/02,Ｐ－Ｏ－Ｃｎ－Ｃ＝Ｃ－〔ｎ≧０〕,
2026.01,廃止,A01N 57/02 B,A01N 57/02,Ｐ－Ｏ－Ｃｎ－〔Ｏ，Ｓ，Ｎ〕－，〔ｎ≧０〕,
2026.01,廃止,A01N 57/02 C,A01N 57/02,・Ｐ－Ｏ－〔Ｏ，Ｓ，Ｎ〕－,
2026.01,廃止,A01N 57/02 D,A01N 57/02,「図」〔ｎ≧０〕,
2026.01,廃止,A01N 57/02 Z,A01N 57/02,その他のもの,
2026.01,廃止,A01N 57/26 A,A01N 57/26,Ｎ－Ｐ－Ｏ－Ｃｎ－〔Ｏ，Ｓ，Ｎ〕－〔ｎ≧０〕,
2026.01,廃止,A01N 57/26 B,A01N 57/26,Ｐ－Ｎ－Ｃｎ－〔Ｏ，Ｓ，Ｎ〕－,
2026.01,廃止,A01N 57/26 C,A01N 57/26,・Ｐ－Ｎ－〔Ｏ，Ｓ，Ｎ〕－,
2026.01,廃止,A01N 57/26 D,A01N 57/26,「図」,
2026.01,廃止,A01N 57/26 Z,A01N 57/26,その他のもの,
2026.01,廃止,A01N 57/36 A,A01N 57/36,Ｐ－Ｎ結合を含むもの,
2026.01,廃止,A01N 57/36 Z,A01N 57/36,その他のもの,
2026.01,廃止,A22C 25/00 A,A22C 25/00,魚肉採取,
2026.01,廃止,A22C 25/00 B,A22C 25/00,水さらし，脱水,
2026.01,廃止,A22C 25/00 Z,A22C 25/00,その他のもの,
2026.01,廃止,A23J 3/01 501,A23J 3/01,・・・・組織化されたもの,
2026.01,廃止,A23L 15/00 D,A23L 15/01,特定の形状または構造を有するもの,
2026.01,廃止,A41B 7/00 A,A41B 7/00,ダブルカフス,
2026.01,廃止,A41B 7/00 Z,A41B 7/00,その他,
2026.01,廃止,A43D 8/00 A,A43D 8/00,草履・下駄用のもの,
2026.01,廃止,A43D 8/00 Z,A43D 8/00,その他のもの,
2026.01,廃止,A45D 6/00 A,A45D 6/00,燃料による加熱〔ヘア－カ－ラとは別体の加熱装置〕,
2026.01,廃止,A45D 6/00 Z,A45D 6/00,その他〔例．薄葉紙〕,
2026.01,廃止,A47K 13/24 101,A47K 13/24,・・和式便器用便蓋,
2026.01,廃止,A47K 13/24 102,A47K 13/24,・・・折畳式のもの,
2026.01,廃止,A47K 13/24 103,A47K 13/24,・・・巻込式のもの,
2026.01,廃止,A61F 13/00 300,A61F 13/00,・創傷面（傷；手術創；口内炎等）用（創傷面に直接接触する面を有するもの）,
2026.01,廃止,A61F 13/00 301,A61F 13/00,・・吸収性部材を含むもの（以下のＡ～Ｚは該当するものすべてを付与する。粘着性のものはＡ６１Ｆ１３／０２０３を優先）,
2026.01,廃止,A61F 13/00 301 A,A61F 13/00,実質的に脱脂綿，ガーゼ，不織布等からなるもの（Ｃが優先）,
2026.01,廃止,A61F 13/00 301 C,A61F 13/00,創傷面に直接する，非吸液性材料でできたネット，多孔フィルム，不織布等を有するもの（創傷面への癒着防止のため等）,
2026.01,廃止,A61F 13/00 301 G,A61F 13/00,ハイドロゲル層を有するもの,
2026.01,廃止,A61F 13/00 301 J,A61F 13/00,発泡体層を有するもの,
2026.01,廃止,A61F 13/00 301 M,A61F 13/00,高吸収樹脂を有するもの（Ｇのハイドロゲルと異なり，ゲル化していないもの）,
2026.01,廃止,A61F 13/00 301 Q,A61F 13/00,金属（フィルム，繊維等）を有するもの,
2026.01,廃止,A61F 13/00 301 S,A61F 13/00,Ｘ線不透過材料を有するもの（金属は，Ｑ）,
2026.01,廃止,A61F 13/00 301 Z,A61F 13/00,その他のもの（金属，Ｘ線不透過材料以外の部材，たとえば殺菌剤等を保持しているものは，Ａ～Ｓの他にここにも付与する。）,
2026.01,廃止,A61F 13/00 305,A61F 13/00,・・特に吸収を目的としない部材のみからなるもの,
2026.01,廃止,A61F 13/00 308,A61F 13/00,・・非接触型傷保護部材をもつもの（周縁部に粘着層を有するものを含む）「図」,
2026.01,廃止,A61F 13/00 309,A61F 13/00,・・吸収性部材と緊定用部材を組み合わせたもの（例．ガ－ゼと紐等の組み合わせ）,
2026.01,廃止,A61F 13/00 350,A61F 13/00,・非創傷面用〔創傷面には直接接触しないもの〕,
2026.01,廃止,A61F 13/00 351,A61F 13/00,・・吸収性部材を含むもの（例．腋の下用汗取りパッド，衣服と一体になったものは，Ａ４１）,
2026.01,廃止,A61F 13/00 355,A61F 13/00,・・特に吸収を目的としない部材のみからなるもの（包帯，医療用サポーターなど）,
2026.01,廃止,A61F 13/00 355 A,A61F 13/00,編物からなるもの（筒状のものはＰ）,
2026.01,廃止,A61F 13/00 355 D,A61F 13/00,織物からなるもの,
2026.01,廃止,A61F 13/00 355 F,A61F 13/00,不織布からなるもの,
2026.01,廃止,A61F 13/00 355 G,A61F 13/00,プラスチックまたはゴムのシートからなるもの,
2026.01,廃止,A61F 13/00 355 J,A61F 13/00,異種材料の積層体からなるもの（Ｌが優先）,
2026.01,廃止,A61F 13/00 355 L,A61F 13/00,発泡体層を含むもの,
2026.01,廃止,A61F 13/00 355 P,A61F 13/00,筒状のもの,
2026.01,廃止,A61F 13/00 355 S,A61F 13/00,非筒状で端部に固定手段を有するもの,
2026.01,廃止,A61F 13/00 355 Z,A61F 13/00,その他のもの（含浸処理，被覆処理したもの，特定の部材，例．磁石を有するもの等）,
2026.01,廃止,A61F 13/00 F,A61F 13/00,防水用覆い（入浴時に患部を保護するためのもの等）,
2026.01,廃止,A61F 13/00 P,A61F 13/00,個別包装（多数の個別包装品のパッケージは，Ｂ６５Ｄ）,
2026.01,廃止,A61F 13/00 T,A61F 13/00,製造方法；装置,
2026.01,廃止,A61F 13/00 Z,A61F 13/00,その他のもの,
2026.01,廃止,A61F 13/02 310,A61F 13/02,・・基材上に粘（接）着剤層を実質的に全面にわたり設けたもの（３７０～３９０が優先）,
2026.01,廃止,A61F 13/02 310 A,A61F 13/02,基材が繊維層（繊維，不織布，紙等）からなるもの,
2026.01,廃止,A61F 13/02 310 D,A61F 13/02,基材がプラスチックフィルムからなるもの,
2026.01,廃止,A61F 13/02 310 F,A61F 13/02,基材が繊維層とプラスチックフィルム層からなるもの,
2026.01,廃止,A61F 13/02 310 H,A61F 13/02,基材が発泡体層を含むもの,
2026.01,廃止,A61F 13/02 310 M,A61F 13/02,基材及び／または粘着剤層に切れ目，エンボス，穴（通気孔程度の微少のものを除く）を設けたもの,
2026.01,廃止,A61F 13/02 310 R,A61F 13/02,創傷面（アザ，ケロイド等を含む）に直接接触する粘着剤層を有するもの,
2026.01,廃止,A61F 13/02 310 T,A61F 13/02,特定の形状を有するもの,
2026.01,廃止,A61F 13/02 310 Z,A61F 13/02,その他のもの（基材，粘着剤層，剥離紙等の基本要素以外の特定機能部材，例．磁石を有するもの，はここに付与する）,
2026.01,廃止,A61F 13/02 340,A61F 13/02,・・基材上に粘（接）着剤層部分とそれ以外のもの，例．傷当てパッドを設けたもの（３７０～３９０が優先）（救急用ばんそうこう等）,
2026.01,廃止,A61F 13/02 345,A61F 13/02,・・・傷当てパッドに特徴を有するもの,
2026.01,廃止,A61F 13/02 355,A61F 13/02,・・・剥離紙に特徴を有するもの（粘着性のばんそうこうまたは粘着性被覆製品の取り扱い性に関するものは３８０）,
2026.01,廃止,A61F 13/02 360,A61F 13/02,・・・薬液収納部を有するもの（薬液をパッドに含浸させたものを除く）,
2026.01,廃止,A61F 13/02 370,A61F 13/02,・・装飾的要素をもつ粘着性のばんそうこうまたは粘着性被覆製品,
2026.01,廃止,A61F 13/02 380,A61F 13/02,・・粘着性のばんそうこうまたは粘着性被覆製品の取り扱い性，例；貼り付け易さまたは剥ぎ取り易さ，に特徴を有するもの,
2026.01,廃止,A61F 13/02 390,A61F 13/02,・・製造方法又は装置,
2026.01,廃止,A61F 13/0246 501,A61F 13/0246,・・・基材上に粘（接）着剤層を実質的に全面にわたり設けたもの（化学的事項はＡ６１Ｌ）,
2026.01,廃止,A61F 13/0246 502,A61F 13/0246,・・・基材上に粘（接）着剤層部分とそれ以外を有するもの，例．傷当てパッドを設けたもの,
2026.01,廃止,A61J 13/00 A,A61J 13/00,授乳に用いる乳首あて,
2026.01,廃止,A61J 13/00 Z,A61J 13/00,その他のもの,
2026.01,廃止,A61J 19/00 A,A61J 19/00,携帯用唾受け用具,
2026.01,廃止,A61J 19/00 B,A61J 19/00,消毒，滅菌，脱臭手段を有するもの,
2026.01,廃止,A61J 19/00 C,A61J 19/00,他の物品との組合せ,
2026.01,廃止,A61J 19/00 D,A61J 19/00,補助具,
2026.01,廃止,A61J 19/00 Z,A61J 19/00,その他のもの,
2026.01,廃止,A61J 19/02 A,A61J 19/02,足踏み開閉蓋装置を有するもの,
2026.01,廃止,A61J 19/02 Z,A61J 19/02,その他のもの,
2026.01,廃止,A61L 2/02 100,A61L 2/022,・・ろ過,
2026.01,廃止,A61L 2/03 100,A61L 2/035,・・・電解,
2026.01,廃止,A61L 2/08 100,A61L 2/081,・・・γ線,
2026.01,廃止,A61L 2/08 102,A61L 2/082,・・・Ｘ線,
2026.01,廃止,A61L 2/08 104,A61L 2/084,・・・可視光線,
2026.01,廃止,A61L 2/08 106,A61L 2/085,・・・赤外線,
2026.01,廃止,A61L 2/08 108,A61L 2/087,・・・粒子線，例．電子線，αまたはβ線,
2026.01,廃止,A61L 2/08 110,A61L 2/088,・・・光触媒または光増感剤を使用するもの,
2026.01,廃止,A61L 2/18 100,A61L 2/183,・・・オゾン溶存液,
2026.01,廃止,A61L 2/18 102,A61L 2/186,・・・過酸化物溶液,
2026.01,廃止,A61L 2/02 100,A61L 2/202,・・・オゾン,
2026.01,廃止,A61L 2/02 102,A61L 2/204,・・・ホルムアルデヒド,
2026.01,廃止,A61L 2/02 104,A61L 2/206,・・・エチレンオキシド,
2026.01,廃止,A61L 2/02 106,A61L 2/208,・・・過酸化水素,
2026.01,廃止,A61L 17/01 100,A61L 17/01,・・・Ａ６１Ｌ１７／１２に含まれないポリエステル,
2026.01,廃止,A61L 33/14 100,A61L 33/14,・・ポリマーの中間層を使用するもの,
2026.01,廃止,A61P 15/04 171,A61P 15/04,・・動物用（Ｈ１１．６　新設）,
2026.01,廃止,A63B 5/22 A,A63B 5/22,足に係止する回転ボ－ル,
2026.01,廃止,A63B 5/22 Z,A63B 5/22,その他のもの,
2026.01,廃止,A63D 5/06 A,A63D 5/06,挟持吊下げ式,
2026.01,廃止,A63D 5/06 B,A63D 5/06,ピンに結ばれた紐を引張るもの,
2026.01,廃止,A63D 5/06 Z,A63D 5/06,その他,
2026.01,廃止,A63H 29/02 A,A63H 29/02,フライホイ－ルによる駆動装置,
2026.01,廃止,A63H 29/02 B,A63H 29/02,フライホイ－ル単体，枠,
2026.01,廃止,A63H 29/02 C,A63H 29/02,付勢，付勢時に被駆動体をフリ－にするもの,
2026.01,廃止,A63H 29/02 Z,A63H 29/02,その他,
2026.01,廃止,B01D 3/03 A,B01D 3/03,横軸型,
2026.01,廃止,B01D 3/03 Z,B01D 3/03,その他のもの,
2026.01,廃止,B01D 23/00,B01D 29/00,重力ろ過機（運動するろ過体を有するもの，３３／１８）,
2026.01,廃止,B01D 23/00 A,B01D 29/00,システム,
2026.01,廃止,B01D 23/00 B,B01D 29/00,スラツジ,
2026.01,廃止,B01D 23/00 Z,B01D 29/00,その他のもの,
2026.01,廃止,B01D 23/02,B01D 29/00,・固定ろ過体を有するもの,
2026.01,廃止,B01D 23/02 A,B01D 29/00,スクリ－ン,
2026.01,廃止,B01D 23/02 B,B01D 29/00,ちりよけ格子,
2026.01,廃止,B01D 23/02 C,B01D 29/00,流し台用ろ過,
2026.01,廃止,B01D 23/02 Z,B01D 29/00,その他のもの,
2026.01,廃止,B01D 23/04,B01D 29/00,・・内側からこすろ過袋を有するもの,
2026.01,廃止,B01D 23/06,B01D 29/00,・・固定した管状体を有するもの,
2026.01,廃止,B01D 23/08,B01D 29/00,・・台ざら状ろ過体を有するもの,
2026.01,廃止,B01D 23/01,B01D 24/02,・不定形ろ過材を有するもの,
2026.01,廃止,B01D 23/01 A,B01D 24/02,ろ材の構成に特徴のあるもの,
2026.01,廃止,B01D 23/01 B,B01D 24/02,流路に特徴のあるもの,
2026.01,廃止,B01D 23/01 C,B01D 24/02,上向流,
2026.01,廃止,B01D 23/01 D,B01D 24/02,ろ材の交換,
2026.01,廃止,B01D 23/01 Z,B01D 24/02,その他のもの,
2026.01,廃止,B01D 23/12,B01D 24/06,・・よろい張面で支持されたろ過材を有するもの,
2026.01,廃止,B01D 23/14,B01D 24/02,・・炭素ろ過機,
2026.01,廃止,B01D 23/16,B01D 24/02,・・砂または砂利ろ過機,
2026.01,廃止,B01D 23/18,B01D 24/02,・・ろ過床の底部,
2026.01,廃止,B01D 23/02,B01D 29/88,・供給または排出機構（ノズルＢ０５Ｂ）,
2026.01,廃止,B01D 23/24,B01D 29/62,・ろ過機中でのろ過材の再生,
2026.01,廃止,B01D 23/24 A,B01D 29/62,空気洗浄,
2026.01,廃止,B01D 23/24 B,B01D 29/62,表面洗浄,
2026.01,廃止,B01D 23/24 C,B01D 29/62,ろ材の機械的撹拌,
2026.01,廃止,B01D 23/24 D,B01D 29/62,サイフオン,
2026.01,廃止,B01D 23/24 Z,B01D 29/62,その他のもの,
2026.01,廃止,B01D 23/26,B01D 29/06,・ろ過操作を制御する装置と一体に組み合わされているもの,
2026.01,廃止,B01D 23/26 A,B01D 29/06,バルブ,
2026.01,廃止,B01D 23/26 Z,B01D 29/06,その他のもの,
2026.01,廃止,B01D 23/28,B01D 29/06,・ろ過じょうご；そのための支持器（じょうご一般Ｂ６７Ｃ）,
2026.01,廃止,B01D 25/04,B01D 25/00,・スクリーンまたはシートを有するもの，例．布，紙（２５／１２が優先）,
2026.01,廃止,B01D 25/06,B01D 24/00,・不定形の粒状または繊維状のろ過材を有するもの,
2026.01,廃止,B01D 25/08,B01D 25/00,・剛性の自己支持ろ過体を有するもの,
2026.01,廃止,B01D 25/01,B01D 24/00,・懸濁粒子がろ過材を形成するもの,
2026.01,廃止,B01D 25/12 101,B01D 25/12,・・ろ板の構造,
2026.01,廃止,B01D 25/12 101 A,B01D 25/12,縦型〔軸線が垂直〕,
2026.01,廃止,B01D 25/12 101 B,B01D 25/12,ろ板が軸と垂直方向に移動〔回転〕するもの,
2026.01,廃止,B01D 25/12 101 Z,B01D 25/12,その他のもの,
2026.01,廃止,B01D 25/12 A,B01D 25/12,圧搾ろ過,
2026.01,廃止,B01D 25/12 B,B01D 25/12,ろ布の展張,
2026.01,廃止,B01D 25/12 C,B01D 25/12,ろ滓除去,
2026.01,廃止,B01D 25/12 D,B01D 25/12,洗浄部材,
2026.01,廃止,B01D 25/12 E,B01D 25/12,振動部材,
2026.01,廃止,B01D 25/12 F,B01D 25/12,液路部,
2026.01,廃止,B01D 25/12 G,B01D 25/12,制御，検知,
2026.01,廃止,B01D 25/12 H,B01D 25/12,ろ枠,
2026.01,廃止,B01D 25/12 J,B01D 25/12,ろ布部分，ろ布取付部分,
2026.01,廃止,B01D 25/12 K,B01D 25/12,漏液，ろ滓受け,
2026.01,廃止,B01D 25/12 L,B01D 25/12,区分式,
2026.01,廃止,B01D 25/12 M,B01D 25/12,ろ材充填,
2026.01,廃止,B01D 25/12 P,B01D 25/12,加熱，冷却,
2026.01,廃止,B01D 25/12 Q,B01D 25/12,ろ液検査,
2026.01,廃止,B01D 25/12 S,B01D 25/12,回転式,
2026.01,廃止,B01D 25/12 T,B01D 25/12,空気抜き,
2026.01,廃止,B01D 25/12 U,B01D 25/12,方法に特徴を有するもの,
2026.01,廃止,B01D 25/12 Z,B01D 25/12,その他のもの,
2026.01,廃止,B01D 25/14,B01D 25/19,・・締付手段,
2026.01,廃止,B01D 25/15,B01D 25/172,・・ろ板を開く手段,
2026.01,廃止,B01D 27/12,B01D 27/00,・再生,
2026.01,廃止,B01D 29/00 A,B01D 29/00,空気抜き手段,
2026.01,廃止,B01D 29/00 B,B01D 29/00,撹拌手段,
2026.01,廃止,B01D 29/00 C,B01D 29/00,加熱または冷却手段,
2026.01,廃止,B01D 29/00 D,B01D 29/00,検査または検知手段,
2026.01,廃止,B01D 29/00 E,B01D 29/00,殺菌手段,
2026.01,廃止,B01D 29/00 Z,B01D 29/00,その他のもの,
2026.01,廃止,B01D 29/02,B01D 29/96,・ろ過体がろ過操作とろ過操作の間運動するもの,
2026.01,廃止,B01D 29/02 A,B01D 29/96,縦方向または斜め方向運動型,
2026.01,廃止,B01D 29/02 B,B01D 29/96,・有端ろ過体,
2026.01,廃止,B01D 29/02 C,B01D 29/96,・無端ろ過体,
2026.01,廃止,B01D 29/02 D,B01D 29/96,横方向運動型,
2026.01,廃止,B01D 29/02 E,B01D 29/96,・有端ろ過体,
2026.01,廃止,B01D 29/02 F,B01D 29/96,・無端ろ過体,
2026.01,廃止,B01D 29/02 G,B01D 29/96,回転運動型,
2026.01,廃止,B01D 29/02 Z,B01D 29/96,その他のもの,
2026.01,廃止,B01D 29/04,B01D 29/01,・スクリーンまたはシートを有するもの，例．布，紙,
2026.01,廃止,B01D 29/04 510,B01D 29/01,・・スクリ－ン・シ－ト状ろ過体の構造,
2026.01,廃止,B01D 29/04 510 A,B01D 29/01,縦型または傾斜型,
2026.01,廃止,B01D 29/04 510 B,B01D 29/01,横型,
2026.01,廃止,B01D 29/04 510 C,B01D 29/01,金属性ろ過材,
2026.01,廃止,B01D 29/04 510 D,B01D 29/01,非金属性ろ過材,
2026.01,廃止,B01D 29/04 510 E,B01D 29/01,織つたもの,
2026.01,廃止,B01D 29/04 510 F,B01D 29/01,織らないもの,
2026.01,廃止,B01D 29/04 510 Z,B01D 29/01,その他のもの,
2026.01,廃止,B01D 29/04 520,B01D 29/01,・・スクリ－ン、シ－トろ過体使用機付属手段,
2026.01,廃止,B01D 29/04 520 A,B01D 29/01,流体噴射手段,
2026.01,廃止,B01D 29/04 520 B,B01D 29/01,逆洗手段,
2026.01,廃止,B01D 29/04 520 C,B01D 29/01,振動手段,
2026.01,廃止,B01D 29/04 520 D,B01D 29/01,掻落し手段,
2026.01,廃止,B01D 29/04 520 E,B01D 29/01,撹拌手段,
2026.01,廃止,B01D 29/04 520 F,B01D 29/01,加熱または冷却手段,
2026.01,廃止,B01D 29/04 520 Z,B01D 29/01,その他のもの,
2026.01,廃止,B01D 29/04 530,B01D 29/01,・・スクリ－ン、シ－トろ過体使用機の用途,
2026.01,廃止,B01D 29/04 530 A,B01D 29/01,液体処理用,
2026.01,廃止,B01D 29/04 530 B,B01D 29/01,・オイル浄化用,
2026.01,廃止,B01D 29/04 530 C,B01D 29/01,・製紙用,
2026.01,廃止,B01D 29/04 530 D,B01D 29/01,泥状物の脱水用,
2026.01,廃止,B01D 29/04 530 Z,B01D 29/01,その他のもの,
2026.01,廃止,B01D 29/06,B01D 29/05,・・しわ，波形，または巻回されたシートを有するもの,
2026.01,廃止,B01D 29/06 510,B01D 29/05,・・・しわ、波形シ－ト型を使用するろ過体の構造,
2026.01,廃止,B01D 29/06 510 A,B01D 29/05,縦型または傾斜型,
2026.01,廃止,B01D 29/06 510 B,B01D 29/05,横型,
2026.01,廃止,B01D 29/06 510 C,B01D 29/05,中心管状有孔支持体のあるもの,
2026.01,廃止,B01D 29/06 510 D,B01D 29/05,・一層式,
2026.01,廃止,B01D 29/06 510 E,B01D 29/05,・複数層式,
2026.01,廃止,B01D 29/06 510 F,B01D 29/05,中心管状有孔支持体のないもの,
2026.01,廃止,B01D 29/06 510 Z,B01D 29/05,その他のもの,
2026.01,廃止,B01D 29/06 520,B01D 29/05,・・・巻回されたシ－トを使用するろ過体の構造,
2026.01,廃止,B01D 29/06 520 A,B01D 29/05,波形状シ－トを用いるもの,
2026.01,廃止,B01D 29/06 520 B,B01D 29/05,波形状シ－トを用いないもの,
2026.01,廃止,B01D 29/06 520 C,B01D 29/05,金属性ろ過材,
2026.01,廃止,B01D 29/06 520 D,B01D 29/05,非金属性ろ過材,
2026.01,廃止,B01D 29/06 520 E,B01D 29/05,織つたもの,
2026.01,廃止,B01D 29/06 520 F,B01D 29/05,織らないもの,
2026.01,廃止,B01D 29/06 520 Z,B01D 29/05,その他のもの,
2026.01,廃止,B01D 29/08,B01D 24/02,・不定形の粒状または繊維状のろ過材を有するもの,
2026.01,廃止,B01D 29/08 510,B01D 24/36,・・流動層ろ過機の構造,
2026.01,廃止,B01D 29/08 510 A,B01D 24/36,上向流型,
2026.01,廃止,B01D 29/08 510 B,B01D 24/36,下向流型,
2026.01,廃止,B01D 29/08 510 C,B01D 24/36,水平方向流型,
2026.01,廃止,B01D 29/08 510 D,B01D 24/36,向流型,
2026.01,廃止,B01D 29/08 510 E,B01D 24/36,並流型,
2026.01,廃止,B01D 29/08 510 F,B01D 24/36,交差流型,
2026.01,廃止,B01D 29/08 510 Z,B01D 24/36,その他のもの,
2026.01,廃止,B01D 29/08 520,B01D 24/02,・・不定型粒状、繊維状ろ過材の形態,
2026.01,廃止,B01D 29/08 520 A,B01D 24/02,粒状ろ過材,
2026.01,廃止,B01D 29/08 520 B,B01D 24/02,・浮上ろ過材,
2026.01,廃止,B01D 29/08 520 C,B01D 24/02,繊維状ろ過材,
2026.01,廃止,B01D 29/08 520 Z,B01D 24/02,その他のもの,
2026.01,廃止,B01D 29/08 530,B01D 24/02,・・不定形粒状，繊維状ろ過材使用ろ過機の構造,
2026.01,廃止,B01D 29/08 530 A,B01D 24/02,中心管状有孔支持体のあるもの,
2026.01,廃止,B01D 29/08 530 B,B01D 24/02,中心管状有孔支持体のないもの,
2026.01,廃止,B01D 29/08 530 C,B01D 24/02,・上向流型,
2026.01,廃止,B01D 29/08 530 D,B01D 24/02,・下向流型,
2026.01,廃止,B01D 29/08 530 E,B01D 24/02,・水平方向流型,
2026.01,廃止,B01D 29/08 530 F,B01D 24/02,・屈曲流型,
2026.01,廃止,B01D 29/08 530 Z,B01D 24/02,その他のもの,
2026.01,廃止,B01D 29/08 540,B01D 24/02,・・不定形粒状繊維状ろ過材使用ろ過機の用途,
2026.01,廃止,B01D 29/08 540 A,B01D 24/02,液体処理用,
2026.01,廃止,B01D 29/08 540 B,B01D 24/02,・オイル浄化用,
2026.01,廃止,B01D 29/08 540 C,B01D 24/02,泥状物の脱水用,
2026.01,廃止,B01D 29/08 540 Z,B01D 24/02,その他のもの,
2026.01,廃止,B01D 29/01,B01D 29/11,・バッグ，カゴ，ホース，管，スリーブあるいはこれと類似するろ過体,
2026.01,廃止,B01D 29/01 501,B01D 29/11,・・ろ過体取付構造,
2026.01,廃止,B01D 29/01 501 A,B01D 29/11,ねじ込み型,
2026.01,廃止,B01D 29/01 501 B,B01D 29/11,ばねによる押圧型,
2026.01,廃止,B01D 29/01 501 C,B01D 29/11,嵌合型,
2026.01,廃止,B01D 29/01 501 Z,B01D 29/11,その他のもの,
2026.01,廃止,B01D 29/01 510,B01D 29/11,・・ろ過体の構造,
2026.01,廃止,B01D 29/01 510 A,B01D 29/11,バツグ状ろ過体,
2026.01,廃止,B01D 29/01 510 B,B01D 29/11,カゴ状ろ過体,
2026.01,廃止,B01D 29/01 510 C,B01D 29/11,筒状ろ過体,
2026.01,廃止,B01D 29/01 510 D,B01D 29/11,・金属性ろ過材,
2026.01,廃止,B01D 29/01 510 E,B01D 29/11,・非金属性ろ過材,
2026.01,廃止,B01D 29/01 510 F,B01D 29/11,・織つたもの,
2026.01,廃止,B01D 29/01 510 G,B01D 29/11,・織らないもの,
2026.01,廃止,B01D 29/01 510 Z,B01D 29/11,その他のもの,
2026.01,廃止,B01D 29/01 520,B01D 29/11,・・ろ過機の付属手段,
2026.01,廃止,B01D 29/01 520 A,B01D 29/11,流体噴射手段,
2026.01,廃止,B01D 29/01 520 B,B01D 29/11,逆洗手段,
2026.01,廃止,B01D 29/01 520 C,B01D 29/11,掻落し手段,
2026.01,廃止,B01D 29/01 520 D,B01D 29/11,撹拌手段,
2026.01,廃止,B01D 29/01 520 E,B01D 29/11,加熱，冷却手段,
2026.01,廃止,B01D 29/01 520 Z,B01D 29/11,その他のもの,
2026.01,廃止,B01D 29/01 530,B01D 29/11,・・ろ過機の用途,
2026.01,廃止,B01D 29/01 530 A,B01D 29/11,液体処理用,
2026.01,廃止,B01D 29/01 530 B,B01D 29/11,・オイル浄化用,
2026.01,廃止,B01D 29/01 530 C,B01D 29/11,・溶剤回収用,
2026.01,廃止,B01D 29/01 530 D,B01D 29/11,泥状物の脱水用,
2026.01,廃止,B01D 29/01 530 Z,B01D 29/11,その他のもの,
2026.01,廃止,B01D 29/12,B01D 29/11,・・柔軟性のあるろ過材を有するもの,
2026.01,廃止,B01D 29/12 A,B01D 29/11,バツグ状ろ過体,
2026.01,廃止,B01D 29/12 B,B01D 29/11,筒状ろ過体,
2026.01,廃止,B01D 29/12 C,B01D 29/11,・弾性支持体のあるもの,
2026.01,廃止,B01D 29/12 D,B01D 29/11,・弾性支持体のないもの,
2026.01,廃止,B01D 29/12 E,B01D 29/11,盤状ろ過体,
2026.01,廃止,B01D 29/12 Z,B01D 29/11,その他のもの,
2026.01,廃止,B01D 29/14,B01D 29/13,・・・支持されているもの,
2026.01,廃止,B01D 29/14 A,B01D 29/13,バツグ状ろ過体,
2026.01,廃止,B01D 29/14 B,B01D 29/13,筒状ろ過体,
2026.01,廃止,B01D 29/14 C,B01D 29/13,・弾性支持体のあるもの,
2026.01,廃止,B01D 29/14 D,B01D 29/13,・弾性支持体のないもの,
2026.01,廃止,B01D 29/14 E,B01D 29/13,盤状ろ過体,
2026.01,廃止,B01D 29/14 Z,B01D 29/13,その他のもの,
2026.01,廃止,B01D 29/16,B01D 29/19,・・・・表面みぞおよびこれに類するものを固定枠上に取りつけたもの,
2026.01,廃止,B01D 29/18,B01D 29/21,・・・・ろ過中コンチェルテイナ形にするもの,
2026.01,廃止,B01D 29/24,B01D 29/05,・・多数のろ過体を有するもの,
2026.01,廃止,B01D 29/24 A,B01D 29/05,縦型，傾斜型,
2026.01,廃止,B01D 29/24 B,B01D 29/05,・筒状ろ過体,
2026.01,廃止,B01D 29/24 C,B01D 29/05,・・両端支持型,
2026.01,廃止,B01D 29/24 D,B01D 29/05,・・一端支持型,
2026.01,廃止,B01D 29/24 E,B01D 29/05,・・・上端支持型,
2026.01,廃止,B01D 29/24 F,B01D 29/05,・・・下端支持型,
2026.01,廃止,B01D 29/24 G,B01D 29/05,・非筒状ろ過体,
2026.01,廃止,B01D 29/24 H,B01D 29/05,横型,
2026.01,廃止,B01D 29/24 J,B01D 29/05,・筒状ろ過体,
2026.01,廃止,B01D 29/24 K,B01D 29/05,・・両端支持型,
2026.01,廃止,B01D 29/24 L,B01D 29/05,・・一端支持型,
2026.01,廃止,B01D 29/24 M,B01D 29/05,・非筒状ろ過体,
2026.01,廃止,B01D 29/24 Z,B01D 29/05,その他のもの,
2026.01,廃止,B01D 29/26,B01D 29/05,・・・同心または同軸に配列されたもの,
2026.01,廃止,B01D 29/26 A,B01D 29/05,円筒状ろ過体,
2026.01,廃止,B01D 29/26 B,B01D 29/05,・縦型，傾斜型,
2026.01,廃止,B01D 29/26 C,B01D 29/05,・横型,
2026.01,廃止,B01D 29/26 Z,B01D 29/05,その他のもの,
2026.01,廃止,B01D 29/28,B01D 29/11,・・振動されるもの,
2026.01,廃止,B01D 29/03,B01D 29/11,・・末端の開放されているもの,
2026.01,廃止,B01D 29/03 501,B01D 29/11,・・・回転翼を用いるもの,
2026.01,廃止,B01D 29/03 510,B01D 29/11,・・・パルプ用スクリ－ン,
2026.01,廃止,B01D 29/03 510 A,B01D 29/11,縦型，傾斜型,
2026.01,廃止,B01D 29/03 510 B,B01D 29/11,横型,
2026.01,廃止,B01D 29/03 510 Z,B01D 29/11,その他のもの,
2026.01,廃止,B01D 29/03 520,B01D 29/11,・・・一般末端開放型,
2026.01,廃止,B01D 29/03 520 A,B01D 29/11,縦型，傾斜型,
2026.01,廃止,B01D 29/03 520 B,B01D 29/11,横型,
2026.01,廃止,B01D 29/03 520 Z,B01D 29/11,その他のもの,
2026.01,廃止,B01D 29/32,B01D 29/31,・・フィルターキャンドル；剛性の自己支持ろ過材を有するろ過体,
2026.01,廃止,B01D 29/32 A,B01D 29/31,縦型，傾斜型,
2026.01,廃止,B01D 29/32 B,B01D 29/31,横型,
2026.01,廃止,B01D 29/32 Z,B01D 29/31,その他のもの,
2026.01,廃止,B01D 29/34,B01D 29/39,・一本あるいはそれ以上の管の管上または周囲に並設された中空円盤を有するもの,
2026.01,廃止,B01D 29/34 501,B01D 29/39,・・葉状縦型,
2026.01,廃止,B01D 29/34 501 A,B01D 29/39,両面型,
2026.01,廃止,B01D 29/34 501 B,B01D 29/39,・両面平行型,
2026.01,廃止,B01D 29/34 501 C,B01D 29/39,・・ろ過面支持体のあるもの,
2026.01,廃止,B01D 29/34 501 D,B01D 29/39,・・ろ過面支持体のないもの,
2026.01,廃止,B01D 29/34 501 E,B01D 29/39,・両面非平行型,
2026.01,廃止,B01D 29/34 501 F,B01D 29/39,一面型,
2026.01,廃止,B01D 29/34 501 G,B01D 29/39,・上面型,
2026.01,廃止,B01D 29/34 501 H,B01D 29/39,・下面型,
2026.01,廃止,B01D 29/34 501 Z,B01D 29/39,その他のもの,
2026.01,廃止,B01D 29/34 510,B01D 29/39,・・葉状横型,
2026.01,廃止,B01D 29/34 510 A,B01D 29/39,中心管支持型,
2026.01,廃止,B01D 29/34 510 B,B01D 29/39,・両面型,
2026.01,廃止,B01D 29/34 510 C,B01D 29/39,・・両面平行型,
2026.01,廃止,B01D 29/34 510 D,B01D 29/39,・・両面非平行型,
2026.01,廃止,B01D 29/34 510 E,B01D 29/39,・一面型,
2026.01,廃止,B01D 29/34 510 F,B01D 29/39,容器支持型,
2026.01,廃止,B01D 29/34 510 Z,B01D 29/39,その他のもの,
2026.01,廃止,B01D 29/34 520,B01D 29/39,・・ろ葉に特徴のあるもの,
2026.01,廃止,B01D 29/34 520 A,B01D 29/39,ろ葉の中空軸への取付け部,
2026.01,廃止,B01D 29/34 520 B,B01D 29/39,ろ葉の周縁部,
2026.01,廃止,B01D 29/34 520 C,B01D 29/39,ろ過部,
2026.01,廃止,B01D 29/34 520 Z,B01D 29/39,その他のもの,
2026.01,廃止,B01D 29/34 530,B01D 29/39,・・葉状ろ過機一般,
2026.01,廃止,B01D 29/34 530 A,B01D 29/39,ろ過材の再生,
2026.01,廃止,B01D 29/34 530 B,B01D 29/39,ろ過材の交換,
2026.01,廃止,B01D 29/34 530 Z,B01D 29/39,その他のもの,
2026.01,廃止,B01D 29/36,B01D 29/06,・ろ過を制御するための装置と一体に組み合されているもの,
2026.01,廃止,B01D 29/36 A,B01D 29/06,流路内の流量調節,
2026.01,廃止,B01D 29/36 B,B01D 29/06,流路切換え,
2026.01,廃止,B01D 29/36 C,B01D 29/06,・単一ろ過体内での流路切換,
2026.01,廃止,B01D 29/36 D,B01D 29/06,・複数ろ過体間での流路切換,
2026.01,廃止,B01D 29/36 E,B01D 29/06,・回転型弁を使うもの,
2026.01,廃止,B01D 29/36 F,B01D 29/06,・非回転型弁を使うもの,
2026.01,廃止,B01D 29/36 Z,B01D 29/06,その他のもの,
2026.01,廃止,B01D 29/38,B01D 29/62,・ろ過機中におけるろ過材の再生,
2026.01,廃止,B01D 29/38 501,B01D 29/62,・・逆洗,
2026.01,廃止,B01D 29/38 510,B01D 29/62,・・・逆洗対象ろ過体の構造,
2026.01,廃止,B01D 29/38 510 A,B01D 29/62,スクリ－ン，シ－ト状ろ過体,
2026.01,廃止,B01D 29/38 510 B,B01D 29/62,粒，繊維状ろ過材製ろ過体,
2026.01,廃止,B01D 29/38 510 C,B01D 29/62,バツグ状，カゴ状，筒状ろ過体,
2026.01,廃止,B01D 29/38 510 D,B01D 29/62,端辺ろ過体,
2026.01,廃止,B01D 29/38 510 Z,B01D 29/62,その他のもの,
2026.01,廃止,B01D 29/38 520,B01D 29/62,・・・ろ過材再生手段,
2026.01,廃止,B01D 29/38 520 A,B01D 29/62,逆洗手段のみ,
2026.01,廃止,B01D 29/38 520 B,B01D 29/62,逆洗と他の手段との組合せ,
2026.01,廃止,B01D 29/38 520 C,B01D 29/62,・流体噴射手段,
2026.01,廃止,B01D 29/38 520 D,B01D 29/62,・振動手段,
2026.01,廃止,B01D 29/38 520 E,B01D 29/62,・掻落し手段,
2026.01,廃止,B01D 29/38 520 Z,B01D 29/62,その他のもの,
2026.01,廃止,B01D 29/38 530,B01D 29/62,・・・多数のろ過体の逆洗,
2026.01,廃止,B01D 29/38 530 A,B01D 29/62,逆洗手段のみ,
2026.01,廃止,B01D 29/38 530 B,B01D 29/62,逆洗と他の手段との組合せ,
2026.01,廃止,B01D 29/38 530 C,B01D 29/62,・流体噴射手段,
2026.01,廃止,B01D 29/38 530 D,B01D 29/62,・振動手段,
2026.01,廃止,B01D 29/38 530 E,B01D 29/62,・掻落し手段,
2026.01,廃止,B01D 29/38 530 Z,B01D 29/62,その他のもの,
2026.01,廃止,B01D 29/38 540,B01D 29/62,・・・ガスによる逆洗,
2026.01,廃止,B01D 29/38 550,B01D 29/64,・・ブラシまたはスクレ－パ－による掻落し,
2026.01,廃止,B01D 29/38 550 A,B01D 29/64,縦型，傾斜型ろ過体用,
2026.01,廃止,B01D 29/38 550 B,B01D 29/64,横型ろ過体用,
2026.01,廃止,B01D 29/38 550 C,B01D 29/64,ブラシ型,
2026.01,廃止,B01D 29/38 550 D,B01D 29/64,非ブラシ型,
2026.01,廃止,B01D 29/38 550 E,B01D 29/64,吸引か流体噴射手段のあるもの,
2026.01,廃止,B01D 29/38 550 Z,B01D 29/64,その他のもの,
2026.01,廃止,B01D 29/38 560,B01D 29/62,・・スクリ－ンまたはシ－トを有するものの逆洗,
2026.01,廃止,B01D 29/38 570,B01D 29/62,・・葉状ろ材の再生,
2026.01,廃止,B01D 29/38 570 A,B01D 29/62,流体噴射手段,
2026.01,廃止,B01D 29/38 570 B,B01D 29/62,逆洗手段,
2026.01,廃止,B01D 29/38 570 C,B01D 29/62,振動手段,
2026.01,廃止,B01D 29/38 570 D,B01D 29/62,掻落し手段,
2026.01,廃止,B01D 29/38 570 Z,B01D 29/62,その他のもの,
2026.01,廃止,B01D 29/38 580,B01D 29/62,・・特殊なろ過体再生手段,
2026.01,廃止,B01D 29/38 580 A,B01D 29/62,流体噴射手段,
2026.01,廃止,B01D 29/38 580 B,B01D 29/62,逆洗手段,
2026.01,廃止,B01D 29/38 580 C,B01D 29/62,振動手段,
2026.01,廃止,B01D 29/38 580 D,B01D 29/62,掻落し手段,
2026.01,廃止,B01D 29/38 580 E,B01D 29/62,ろ過体支持体の開閉手段,
2026.01,廃止,B01D 29/38 580 F,B01D 29/62,ろ過体周辺液体の強制流動手段,
2026.01,廃止,B01D 29/38 580 G,B01D 29/62,電気的手段,
2026.01,廃止,B01D 29/38 580 H,B01D 29/62,ろ過体の変形手段,
2026.01,廃止,B01D 29/38 580 J,B01D 29/62,ろ過機の転動手段,
2026.01,廃止,B01D 29/38 580 Z,B01D 29/62,その他のもの,
2026.01,廃止,B01D 29/04,B01D 29/74,・・遠心力によるもの,
2026.01,廃止,B01D 29/42,B01D 29/88,・供給または排出装置を有するもの,
2026.01,廃止,B01D 29/42 501,B01D 29/09,・・原液供給部,
2026.01,廃止,B01D 29/42 501 A,B01D 29/09,スクリ－ン，シ－ト状ろ過体用,
2026.01,廃止,B01D 29/42 501 B,B01D 24/04,粒，繊維状ろ過材製ろ過体用,
2026.01,廃止,B01D 29/42 501 C,B01D 29/09,バツグ状，カゴ状，筒状ろ過体用,
2026.01,廃止,B01D 29/42 501 D,B01D 29/09,葉状ろ過体用,
2026.01,廃止,B01D 29/42 501 E,B01D 29/09,端辺ろ過体用,
2026.01,廃止,B01D 29/42 501 Z,B01D 29/09,その他のもの,
2026.01,廃止,B01D 29/42 510,B01D 29/92,・・ろ液流出部,
2026.01,廃止,B01D 29/42 520,B01D 29/94,・・ろ滓除去部,
2026.01,廃止,B01D 29/46 A,B01D 29/46,縦型，傾斜型,
2026.01,廃止,B01D 29/46 B,B01D 29/46,横型,
2026.01,廃止,B01D 29/46 C,B01D 29/46,盤状リング型,
2026.01,廃止,B01D 29/46 D,B01D 29/46,非盤状リング型,
2026.01,廃止,B01D 29/46 E,B01D 29/46,金属性ろ過材,
2026.01,廃止,B01D 29/46 F,B01D 29/46,非金属性ろ過材,
2026.01,廃止,B01D 29/46 Z,B01D 29/46,その他のもの,
2026.01,廃止,B01D 29/48 A,B01D 29/48,縦型，傾斜型,
2026.01,廃止,B01D 29/48 B,B01D 29/48,・断面非円形材を巻いたもの,
2026.01,廃止,B01D 29/48 C,B01D 29/48,横型,
2026.01,廃止,B01D 29/48 D,B01D 29/48,・断面非円形材を巻いたもの,
2026.01,廃止,B01D 29/48 Z,B01D 29/48,その他のもの,
2026.01,廃止,B01D 33/00 A,B01D 33/00,連続ろ過,
2026.01,廃止,B01D 33/00 B,B01D 33/00,回転円盤ろ過素子,
2026.01,廃止,B01D 33/00 C,B01D 33/00,レ－キ型脱水機,
2026.01,廃止,B01D 33/00 D,B01D 33/00,水路中のろ過器,
2026.01,廃止,B01D 33/00 Z,B01D 33/00,その他のもの,
2026.01,廃止,B01D 33/02,B01D 33/00,・旋回ろ過表面を有するもの,
2026.01,廃止,B01D 33/04 A,B01D 33/04,重力によるもの,
2026.01,廃止,B01D 33/04 B,B01D 33/04,吸引によるもの,
2026.01,廃止,B01D 33/04 C,B01D 33/04,圧搾によるもの,
2026.01,廃止,B01D 33/04 D,B01D 33/04,・圧搾ベルト,
2026.01,廃止,B01D 33/04 E,B01D 33/04,・円筒状圧搾ろ過,
2026.01,廃止,B01D 33/04 F,B01D 33/04,ベルト水没型,
2026.01,廃止,B01D 33/04 Z,B01D 33/04,その他のもの,
2026.01,廃止,B01D 33/06 A,B01D 33/06,外周面によるろ過,
2026.01,廃止,B01D 33/06 B,B01D 33/06,吸引によるもの,
2026.01,廃止,B01D 33/06 C,B01D 33/06,圧搾によるもの,
2026.01,廃止,B01D 33/06 D,B01D 33/06,縦型回転円筒ろ過,
2026.01,廃止,B01D 33/06 E,B01D 33/06,回転円筒型プレコ－トろ過機,
2026.01,廃止,B01D 33/06 F,B01D 33/06,ろ布取付部分,
2026.01,廃止,B01D 33/06 Z,B01D 33/06,その他のもの,
2026.01,廃止,B01D 33/08,B01D 33/06,・・・圧力分配器と結びついて各々独立した室を備えているドラム,
2026.01,廃止,B01D 33/01,B01D 33/06,・・・１個の室を有するドラム,
2026.01,廃止,B01D 33/12,B01D 33/044,・・・ろ過帯またはその類似物と結合されているもの,
2026.01,廃止,B01D 33/14,B01D 33/048,・・・・無端ろ過帯を有するもの,
2026.01,廃止,B01D 33/16,B01D 24/32,・・・不定形，粒状または繊維状のろ過材を有するもの,
2026.01,廃止,B01D 33/18,B01D 33/06,・・・重力ろ過機,
2026.01,廃止,B01D 33/18 A,B01D 33/06,円筒内面型,
2026.01,廃止,B01D 33/18 Z,B01D 33/06,その他のもの,
2026.01,廃止,B01D 33/02,B01D 33/06,・・・・外部供給式のもの,
2026.01,廃止,B01D 33/22,B01D 33/15,・・平らな表面を有するもの,
2026.01,廃止,B01D 33/24,B01D 33/17,・・・回転盤を有するもの,
2026.01,廃止,B01D 33/26,B01D 33/21,・・・中空軸上に軸を横切るようにすえ付けられた中空円盤を有するもの,
2026.01,廃止,B01D 33/28,B01D 33/25,・・・中空軸の軸方向にすえ付けられた中空枠体を有するもの,
2026.01,廃止,B01D 33/03,B01D 24/28,・・・不定形，粒状または繊維状のろ過材を有するもの,
2026.01,廃止,B01D 33/32,B01D 33/00,・・コンベヤーに沿って移動するろ過表面を有するもの,
2026.01,廃止,B01D 33/34,B01D 33/08,・付属装置,
2026.01,廃止,B01D 33/36,B01D 33/08,・・フィルターケーキを処理するための装置,
2026.01,廃止,B01D 33/38,B01D 33/07,・・液体の供給または排出装置,
2026.01,廃止,B01D 33/04,B01D 33/82,・・圧力分配方式,
2026.01,廃止,B01D 35/02 A,B01D 35/02,パイプライン用,
2026.01,廃止,B01D 35/02 B,B01D 35/02,ポンプ用,
2026.01,廃止,B01D 35/02 C,B01D 35/02,漁槽用,
2026.01,廃止,B01D 35/02 D,B01D 35/02,浴槽内用,
2026.01,廃止,B01D 35/02 E,B01D 35/02,油，燃料用,
2026.01,廃止,B01D 35/02 F,B01D 35/02,槽内設置用,
2026.01,廃止,B01D 35/02 G,B01D 35/02,池用,
2026.01,廃止,B01D 35/02 H,B01D 35/02,・手動型,
2026.01,廃止,B01D 35/02 J,B01D 35/02,風呂用,
2026.01,廃止,B01D 35/02 K,B01D 35/02,携帯用,
2026.01,廃止,B01D 35/02 L,B01D 35/02,プラスチック成形用,
2026.01,廃止,B01D 35/02 M,B01D 35/02,・流入口，排出口用,
2026.01,廃止,B01D 35/02 N,B01D 35/02,食品加工用,
2026.01,廃止,B01D 35/02 P,B01D 35/02,洗濯機用,
2026.01,廃止,B01D 35/02 Q,B01D 35/02,食器洗浄機用,
2026.01,廃止,B01D 35/02 R,B01D 35/02,埋設用,
2026.01,廃止,B01D 35/02 Z,B01D 35/02,その他のもの,
2026.01,廃止,B01D 35/08,B01D 33/327,・傾けるバケットまたはトレイを有するろ過機,
2026.01,廃止,B01D 35/14 101,B01D 35/147,・・バイバス,
2026.01,廃止,B01D 35/14 102,B01D 35/143,・・閉塞指示装置,
2026.01,廃止,B01D 37/02 A,B01D 37/02,方法,
2026.01,廃止,B01D 37/02 B,B01D 37/02,・水溶液・懸濁液,
2026.01,廃止,B01D 37/02 C,B01D 37/02,・汚泥等,
2026.01,廃止,B01D 37/02 D,B01D 37/02,・プリコ－ト方法,
2026.01,廃止,B01D 37/02 E,B01D 37/02,・洗浄・再生,
2026.01,廃止,B01D 37/02 F,B01D 37/02,装置,
2026.01,廃止,B01D 37/02 G,B01D 37/02,ろ過助剤に特徴のあるもの,
2026.01,廃止,B01D 37/02 H,B01D 37/02,・珪藻土を主成分とする助剤を使うもの,
2026.01,廃止,B01D 37/02 Z,B01D 37/02,その他のもの,
2026.01,廃止,B01D 37/06,B01D 37/00,・ろ過操作による液体中の固体粒子の懸濁物の濃縮処理（ろ過装置またはろ過体の構造２３／００～３６／００）,
2026.01,廃止,B01D 37/08,B01D 37/00,・・静止ろ過体を用いるもの,
2026.01,廃止,B02C 19/02 A,B02C 19/02,ドラム型,
2026.01,廃止,B02C 19/02 Z,B02C 19/02,その他のもの,
2026.01,廃止,B03D 1/004 100,B03D 1/004,・・・けい素を含有するもの,
2026.01,廃止,B04B 9/06 A,B04B 9/06,反動駆動式,
2026.01,廃止,B04B 9/06 Z,B04B 9/06,その他のもの,
2026.01,廃止,B05D 5/08 A,B05D 5/08,貼紙防止塗膜,
2026.01,廃止,B05D 5/08 Z,B05D 5/08,その他,
2026.01,廃止,B07B 1/04 A,B07B 1/04,万石篩,
2026.01,廃止,B07B 1/04 Z,B07B 1/04,その他のもの,
2026.01,廃止,B21B 9/00 A,B21B 9/00,公害防止,
2026.01,廃止,B21B 9/00 Z,B21B 9/00,その他,
2026.01,廃止,B21D 53/36 B,B21D 53/36,かしめ鋲,
2026.01,廃止,B21D 53/36 Z,B21D 53/36,その他のもの,
2026.01,廃止,B21F 3/02 A,B21F 3/02,鉄筋の螺旋化,
2026.01,廃止,B21F 3/02 Z,B21F 3/02,その他のもの,
2026.01,廃止,B21J 7/42 A,B21J 7/42,ボ－ド,
2026.01,廃止,B21J 7/42 B,B21J 7/42,ブレ－キ,
2026.01,廃止,B21J 7/42 Z,B21J 7/42,その他のもの,
2026.01,廃止,B21J 9/00 A,B21J 9/00,防震基礎,
2026.01,廃止,B21J 9/00 Z,B21J 9/00,その他のもの,
2026.01,廃止,B21J 9/08 A,B21J 9/08,摩擦成形,
2026.01,廃止,B21J 9/08 Z,B21J 9/08,その他のもの〔電気アプセツタ－〕,
2026.01,廃止,B21K 1/62 A,B21K 1/62,電気接点をもつもの,
2026.01,廃止,B21K 1/62 Z,B21K 1/62,その他のもの,
2026.01,廃止,B23D 19/02 A,B23D 19/02,回転切断円盤が移動するもの,
2026.01,廃止,B23D 19/02 Z,B23D 19/02,その他,
2026.01,廃止,B23G 3/08 A,B23G 3/08,バイトねじ切りクロス送り,
2026.01,廃止,B23G 3/08 B,B23G 3/08,バイトねじ切りピツチ送り,
2026.01,廃止,B23G 3/08 C,B23G 3/08,バイトねじ切りクロス送り＋ピツチ送り,
2026.01,廃止,B23G 3/08 D,B23G 3/08,バイトねじ切りテ－パ－ねじ切り,
2026.01,廃止,B23G 3/08 E,B23G 3/08,バイトねじ切りハ－フナツト掛外し,
2026.01,廃止,B23G 3/08 Z,B23G 3/08,その他,
2026.01,廃止,B23Q 35/12 A,B23Q 35/12,Ａ－Ｄ変換を含むもの,
2026.01,廃止,B23Q 35/12 B,B23Q 35/12,倣い条件の設定，表示,
2026.01,廃止,B23Q 35/12 Z,B23Q 35/12,その他〔例．衝突防止〕,
2026.01,廃止,B24B 3/38 A,B24B 3/38,カンナの曲刃の刃砥ぎ,
2026.01,廃止,B24B 3/38 C,B24B 3/38,手砥ぎによるもの,
2026.01,廃止,B24B 3/38 Z,B24B 3/38,その他,
2026.01,廃止,B24B 5/05 A,B24B 5/05,木材の研削,
2026.01,廃止,B24B 5/05 Z,B24B 5/05,その他,
2026.01,廃止,B24B 7/01 C,B24B 7/01,ボタンの研削,
2026.01,廃止,B24B 7/01 Z,B24B 7/01,その他,
2026.01,廃止,B24B 19/16 A,B24B 19/16,ピツクアツプ〔レコ－ド，スタイラス〕の再研削,
2026.01,廃止,B24B 19/16 Z,B24B 19/16,その他,
2026.01,廃止,B24D 15/08 A,B24D 15/08,帯皮砥,
2026.01,廃止,B24D 15/08 Z,B24D 15/08,その他,
2026.01,廃止,B25B 27/22 A,B25B 27/22,タイヤチエ－ンの取付け・取外し〔タイヤチエ－ン付属のもの→Ｂ６０Ｃ２７／０６〕,
2026.01,廃止,B25B 27/22 Z,B25B 27/22,その他,
2026.01,廃止,B26B 21/04 A,B26B 21/04,刃体の固着構造に特徴のあるもの,
2026.01,廃止,B26B 21/04 B,B26B 21/04,・刃体を突起に係合させるもの,
2026.01,廃止,B26B 21/04 Z,B26B 21/04,その他,
2026.01,廃止,B27D 3/02 A,B27D 3/02,単板の出し・入れ,
2026.01,廃止,B27D 3/02 Z,B27D 3/02,その他,
2026.01,廃止,B27H 3/00 A,B27H 3/00,３／００～３／０４に相当,
2026.01,廃止,B27H 3/00 Z,B27H 3/00,その他のもの,
2026.01,廃止,B27H 5/00 A,B27H 5/00,５／００～５／１２に相当,
2026.01,廃止,B27H 5/00 Z,B27H 5/00,その他のもの,
2026.01,廃止,B27M 3/18 A,B27M 3/18,キヤビネツトの製造,
2026.01,廃止,B27M 3/18 Z,B27M 3/18,その他のもの,
2026.01,廃止,B28B 1/54 A,B28B 1/54,無端ベルトを利用するもの，遠心力を利用するもの，振動させるもの,
2026.01,廃止,B28B 1/54 B,B28B 1/54,溶射によるもの,
2026.01,廃止,B28B 1/54 Z,B28B 1/54,その他,
2026.01,廃止,B41F 9/04 A,B41F 9/04,捺染用,
2026.01,廃止,B41F 9/04 Z,B41F 9/04,その他のもの,
2026.01,廃止,B41F 13/12 494,B41F 13/12,・・・・捺染機用,
2026.01,廃止,B41F 13/18 324,B41F 13/18,・・・オフセツト用,
2026.01,廃止,B41F 13/18 494,B41F 13/18,・・・捺染用,
2026.01,廃止,B41F 15/16 A,B41F 15/16,フラツトスクリ－ン用,
2026.01,廃止,B41F 15/16 B,B41F 15/16,・捺染台,
2026.01,廃止,B41F 15/16 C,B41F 15/16,・・加熱式,
2026.01,廃止,B41F 15/16 D,B41F 15/16,・・・電気加熱式,
2026.01,廃止,B41F 15/16 E,B41F 15/16,・・捺染台への布帛等の張付け，剥離,
2026.01,廃止,B41F 15/16 F,B41F 15/16,・回転式捺染板台,
2026.01,廃止,B41F 15/16 G,B41F 15/16,・循環式の板を有するもの,
2026.01,廃止,B41F 15/16 H,B41F 15/16,・絣，友染用捺染板,
2026.01,廃止,B41F 15/16 J,B41F 15/16,・・絣糸の捺染板への巻取,
2026.01,廃止,B41F 15/16 K,B41F 15/16,ロ－タリ－スクリ－ン用,
2026.01,廃止,B41F 15/16 Z,B41F 15/16,その他のもの,
2026.01,廃止,B41F 17/02 A,B41F 17/02,カ－ボン印刷,
2026.01,廃止,B41F 17/02 B,B41F 17/02,伝票・冊子印刷,
2026.01,廃止,B41F 17/02 Z,B41F 17/02,その他のもの,
2026.01,廃止,B41J 7/00 A,B41J 7/00,活字キャリヤの変更に伴う制御,
2026.01,廃止,B41J 7/00 Z,B41J 7/00,その他のもの,
2026.01,廃止,B41J 7/02 A,B41J 7/02,邦文タイプライター用のもの,
2026.01,廃止,B41J 7/02 B,B41J 7/02,・電動印字に特徴を有するもの,
2026.01,廃止,B41J 7/02 C,B41J 7/02,・活字咬持・落下機構に特徴を有するもの,
2026.01,廃止,B41J 7/02 D,B41J 7/02,・活字突上機構に特徴を有するもの,
2026.01,廃止,B41J 7/02 Z,B41J 7/02,その他のもの,
2026.01,廃止,B41J 7/32 A,B41J 7/32,邦文タイプライター用のもの,
2026.01,廃止,B41J 7/32 Z,B41J 7/32,その他のもの,
2026.01,廃止,B41J 7/36 A,B41J 7/36,スキュードラム式,
2026.01,廃止,B41J 7/36 B,B41J 7/36,垂直軸型,
2026.01,廃止,B41J 7/36 C,B41J 7/36,活字ベルト式,
2026.01,廃止,B41J 7/36 D,B41J 7/36,・活字選択に特徴を有するもの,
2026.01,廃止,B41J 7/36 E,B41J 7/36,位置検出に特徴を有するもの,
2026.01,廃止,B41J 7/36 F,B41J 7/36,装置構成に特徴を有するもの,
2026.01,廃止,B41J 7/36 Z,B41J 7/36,その他のもの,
2026.01,廃止,B41J 7/48 A,B41J 7/48,活字キャリヤの位置検出,
2026.01,廃止,B41J 7/48 B,B41J 7/48,電磁手段で選択爪を作動させて活字キャリヤを位置決めするもの,
2026.01,廃止,B41J 7/48 C,B41J 7/48,・往復回転式,
2026.01,廃止,B41J 7/48 D,B41J 7/48,・・バネ部材によって逆転するもの,
2026.01,廃止,B41J 7/48 E,B41J 7/48,・・軸も往復回転するもの,
2026.01,廃止,B41J 7/48 F,B41J 7/48,・一方向回転式,
2026.01,廃止,B41J 7/48 G,B41J 7/48,・・係止による活字輪の軸に対する回転遅れをバネで取り戻すもの,
2026.01,廃止,B41J 7/48 H,B41J 7/48,・・軸が連続回転するもの,
2026.01,廃止,B41J 7/48 J,B41J 7/48,・・軸が選択後停止し，その後再回転するもの,
2026.01,廃止,B41J 7/48 K,B41J 7/48,・選択爪または選択爪作動機構に特徴を有するもの,
2026.01,廃止,B41J 7/48 L,B41J 7/48,・・選択爪作動用の電磁手段を磁気シールドするもの,
2026.01,廃止,B41J 7/48 M,B41J 7/48,・・位置決めまたは選択を正確にするもの,
2026.01,廃止,B41J 7/48 N,B41J 7/48,クラッチによって活字キャリヤを位置決めするもの,
2026.01,廃止,B41J 7/48 Z,B41J 7/48,その他のもの,
2026.01,廃止,B41J 7/52 A,B41J 7/52,垂直軸型,
2026.01,廃止,B41J 7/52 B,B41J 7/52,水平軸型,
2026.01,廃止,B41J 7/52 C,B41J 7/52,・複数桁分が一体的に滑動するもの,
2026.01,廃止,B41J 7/52 Z,B41J 7/52,その他のもの,
2026.01,廃止,B41J 7/54 A,B41J 7/54,マルチ活字シリンダ型,
2026.01,廃止,B41J 7/54 Z,B41J 7/54,その他のもの,
2026.01,廃止,B41J 7/92 A,B41J 7/92,印字ハンマまたはプラテンと活字キャリヤとの相対位置を調整するもの,
2026.01,廃止,B41J 7/92 C,B41J 7/92,弾性体の作用によるもの,
2026.01,廃止,B41J 7/92 Z,B41J 7/92,その他のもの,
2026.01,廃止,B41J 7/94 A,B41J 7/94,邦文タイプライター用のもの,
2026.01,廃止,B41J 7/94 B,B41J 7/94,タイプバー式タイプライター用のもの,
2026.01,廃止,B41J 7/94 Z,B41J 7/94,その他のもの,
2026.01,廃止,B41J 7/96 A,B41J 7/96,活字位置の検出及び印字ヘッドの基準位置への復帰,
2026.01,廃止,B41J 7/96 B,B41J 7/96,印字結果の検査,
2026.01,廃止,B41J 7/96 Z,B41J 7/96,その他のもの,
2026.01,廃止,B41J 9/44 A,B41J 9/44,磁気回路に特徴のあるもの,
2026.01,廃止,B41J 9/44 Z,B41J 9/44,その他のもの,
2026.01,廃止,B41J 9/48 A,B41J 9/48,駆動エネルギ－を制御するもの,
2026.01,廃止,B41J 9/48 B,B41J 9/48,・文字毎に駆動エネルギ－を制御するもの,
2026.01,廃止,B41J 9/48 Z,B41J 9/48,その他のもの,
2026.01,廃止,B41J 27/00 A,B41J 27/00,感熱式インク塗布,
2026.01,廃止,B41J 27/00 Z,B41J 27/00,その他のもの,
2026.01,廃止,B41L 1/00 A,B41L 1/00,ロ－ラ－間で複写シ－ト，複写用型とを狭圧するもの,
2026.01,廃止,B41L 1/00 B,B41L 1/00,複写用型，複写シ－トとを重合状態で圧擦，具により圧擦するもの,
2026.01,廃止,B41L 1/00 Z,B41L 1/00,その他のもの,
2026.01,廃止,B41L 5/00 A,B41L 5/00,折り畳まれた連続伝票等への複写器具,
2026.01,廃止,B41L 5/00 B,B41L 5/00,巻き取られたウエブへの複写器具,
2026.01,廃止,B41L 5/00 Z,B41L 5/00,その他のもの,
2026.01,廃止,B41L 11/00 A,B41L 11/00,ハンデイタイプヘクトグラフ,
2026.01,廃止,B41L 11/00 Z,B41L 11/00,その他のもの,
2026.01,廃止,B41L 11/06 A,B41L 11/06,シ－ト用,
2026.01,廃止,B41L 11/06 B,B41L 11/06,ウエブ用,
2026.01,廃止,B41L 11/06 Z,B41L 11/06,その他のもの,
2026.01,廃止,B41L 21/02 A,B41L 21/02,シ－トの供給,
2026.01,廃止,B41L 21/02 B,B41L 21/02,・シ－ト載置台からのシ－トの分離，給出,
2026.01,廃止,B41L 21/02 C,B41L 21/02,・・シ－ト給紙カセツト,
2026.01,廃止,B41L 21/02 Z,B41L 21/02,その他のもの,
2026.01,廃止,B41L 29/14 A,B41L 29/14,版胴のクランプによる柔軟な印刷版の版胴への挟持,
2026.01,廃止,B41L 29/14 B,B41L 29/14,版胴のクランプへの柔軟な印刷版への供給,
2026.01,廃止,B41L 29/14 Z,B41L 29/14,その他のもの,
2026.01,廃止,B41L 31/00 A,B41L 31/00,版胴係止ピンからの柔軟な印刷版の係止外し,
2026.01,廃止,B41L 31/00 B,B41L 31/00,版胴クランプからの柔軟な印刷版の挟持外し,
2026.01,廃止,B41L 31/00 C,B41L 31/00,柔軟な印刷版の除去の為の送出,
2026.01,廃止,B41L 31/00 D,B41L 31/00,収納,
2026.01,廃止,B41L 31/00 Z,B41L 31/00,その他のもの,
2026.01,廃止,B41L 43/00 A,B41L 43/00,シ－トの排出,
2026.01,廃止,B41L 43/00 B,B41L 43/00,・胴からの用紙の剥離，用紙ガイド,
2026.01,廃止,B41L 43/00 Z,B41L 43/00,その他のもの,
2026.01,廃止,B41L 45/00 A,B41L 45/00,静電写真を利用するもの,
2026.01,廃止,B41L 45/00 B,B41L 45/00,選択的印字機構〔サ－マル，インクジエツト等を含む〕を利用するもの,
2026.01,廃止,B41L 45/00 K,B41L 45/00,熱転写を利用するもの,
2026.01,廃止,B41L 45/00 L,B41L 45/00,宛名紙のスタツク上への載置を行うもの,
2026.01,廃止,B41L 45/00 M,B41L 45/00,・宛名紙への色帯の付与を行うもの,
2026.01,廃止,B41L 45/00 N,B41L 45/00,宛名ラベルの貼着を行うもの,
2026.01,廃止,B41L 45/00 Z,B41L 45/00,その他のもの,
2026.01,廃止,B41L 45/02 A,B41L 45/02,凸版宛名版を用いるもの,
2026.01,廃止,B41L 45/02 B,B41L 45/02,・シ－ト〔封筒〕用,
2026.01,廃止,B41L 45/02 C,B41L 45/02,・・平圧式,
2026.01,廃止,B41L 45/02 D,B41L 45/02,・ウエブ用,
2026.01,廃止,B41L 45/02 E,B41L 45/02,・・平圧式,
2026.01,廃止,B41L 45/02 F,B41L 45/02,謄写宛名版を用いるもの,
2026.01,廃止,B41L 45/02 G,B41L 45/02,・ハンデイタイプ,
2026.01,廃止,B41L 45/02 H,B41L 45/02,・・シ－ト用,
2026.01,廃止,B41L 45/02 J,B41L 45/02,・・・平圧式,
2026.01,廃止,B41L 45/02 K,B41L 45/02,・・ウエブ用,
2026.01,廃止,B41L 45/02 L,B41L 45/02,・・・平圧式,
2026.01,廃止,B41L 45/02 M,B41L 45/02,・宛名謄写版マガジンを有するもの,
2026.01,廃止,B41L 45/02 N,B41L 45/02,・・シ－ト用,
2026.01,廃止,B41L 45/02 P,B41L 45/02,・・・平圧式,
2026.01,廃止,B41L 45/02 Q,B41L 45/02,・・ウエブ用,
2026.01,廃止,B41L 45/02 R,B41L 45/02,・・・平圧式,
2026.01,廃止,B41L 45/02 S,B41L 45/02,ヘクトカ－ボン宛名版を用いるもの,
2026.01,廃止,B41L 45/02 T,B41L 45/02,・ハンデイタイプ,
2026.01,廃止,B41L 45/02 U,B41L 45/02,・宛名ヘクト版マガジンを有するもの,
2026.01,廃止,B41L 45/02 V,B41L 45/02,・・シ－ト用,
2026.01,廃止,B41L 45/02 W,B41L 45/02,・・・平圧式,
2026.01,廃止,B41L 45/02 X,B41L 45/02,・・ウエブ用,
2026.01,廃止,B41L 45/02 Y,B41L 45/02,・・・平圧式,
2026.01,廃止,B41L 45/02 Z,B41L 45/02,その他のもの,
2026.01,廃止,B41L 45/08 A,B41L 45/08,凸版式,
2026.01,廃止,B41L 45/08 B,B41L 45/08,謄写式,
2026.01,廃止,B41L 45/08 C,B41L 45/08,ヘクトカ－ボン式,
2026.01,廃止,B41L 45/08 Z,B41L 45/08,その他のもの,
2026.01,廃止,B41L 47/14 A,B41L 47/14,宛名版のマガジンからの供給,
2026.01,廃止,B41L 47/14 D,B41L 47/14,宛名版の印刷位置での移送,
2026.01,廃止,B41L 47/14 E,B41L 47/14,印刷済宛名版の排出・収納,
2026.01,廃止,B41L 47/14 Z,B41L 47/14,その他のもの,
2026.01,廃止,B41L 47/26 A,B41L 47/26,宛名印刷部へのシ－トの供給,
2026.01,廃止,B41L 47/26 B,B41L 47/26,宛名印刷部でのシ－トの移送,
2026.01,廃止,B41L 47/26 C,B41L 47/26,印刷済シ－トの排出，積載,
2026.01,廃止,B41L 47/26 Z,B41L 47/26,その他のもの,
2026.01,廃止,B41L 47/44 A,B41L 47/44,インプリンタ－〔エンボスカ－ドの情報の複写紙による複写〕,
2026.01,廃止,B41L 47/44 B,B41L 47/44,・シ－ト用,
2026.01,廃止,B41L 47/44 C,B41L 47/44,・・手動式,
2026.01,廃止,B41L 47/44 D,B41L 47/44,・・駆動式,
2026.01,廃止,B41L 47/44 E,B41L 47/44,・ウエブ用,
2026.01,廃止,B41L 47/44 Z,B41L 47/44,その他のもの,
2026.01,廃止,B41L 47/46 A,B41L 47/46,インプリンタ－〔エンボスカ－ドの情報の複写紙による複写〕,
2026.01,廃止,B41L 47/46 B,B41L 47/46,・シ－ト用,
2026.01,廃止,B41L 47/46 C,B41L 47/46,・・手動式,
2026.01,廃止,B41L 47/46 D,B41L 47/46,・・・用紙台にインプリントロ－ラ－走行機構を有するもの「図」,
2026.01,廃止,B41L 47/46 E,B41L 47/46,・・・インプリントロ－ラ－走行機構を用紙台上部に有するもの「図」,
2026.01,廃止,B41L 47/46 F,B41L 47/46,・・・インプリントロ－ラ－の転動を操作レバ－で行うもの「図」,
2026.01,廃止,B41L 47/46 G,B41L 47/46,・・・インプリントロ－ラ－を枢着点を中心に水平回動することによるもの「図」,
2026.01,廃止,B41L 47/46 H,B41L 47/46,・・・エンボスカ－ドのインプリント位置への供給をインプリント動作との関連で行うもの,
2026.01,廃止,B41L 47/46 J,B41L 47/46,・・・インプリントロ－ラ－と対の移送ロ－ラ－を有するもの「図」,
2026.01,廃止,B41L 47/46 K,B41L 47/46,・・・インプリントロ－ラ－と対のロ－ラ－との間でカ－ド，用紙載置板を引き抜くもの「図」,
2026.01,廃止,B41L 47/46 L,B41L 47/46,・・・インプリントロ－ラ－をフリ－な状態で用いるもの「図」,
2026.01,廃止,B41L 47/46 M,B41L 47/46,・・駆動式,
2026.01,廃止,B41L 47/46 N,B41L 47/46,・・・用紙台にインプリントロ－ラ－走行機構を有するもの〔手動式→Ｄ〕,
2026.01,廃止,B41L 47/46 P,B41L 47/46,・・・インプリントロ－ラ－走行機構を用紙台上部に有するもの〔手動式→Ｅ〕,
2026.01,廃止,B41L 47/46 Q,B41L 47/46,・・・カ－ド，用紙載置台を押圧ロ－ラ－部へ手動で押込むもの「図」,
2026.01,廃止,B41L 47/46 R,B41L 47/46,・・・カ－ドの押圧ロ－ラ－部への導入を自動的に行う「図」,
2026.01,廃止,B41L 47/46 S,B41L 47/46,・・・インプリントロ－ラ－を用紙載置台部に有するもの「図」,
2026.01,廃止,B41L 47/46 T,B41L 47/46,・ウエブ用,
2026.01,廃止,B41L 47/46 U,B41L 47/46,・・手動式,
2026.01,廃止,B41L 47/46 V,B41L 47/46,・・駆動式,
2026.01,廃止,B41L 47/46 W,B41L 47/46,・・・インプリントロ－ラ－と対をなす移送ロ－ラ－とからなるもの「図」,
2026.01,廃止,B41L 47/46 X,B41L 47/46,・・・インプリントロ－ラ－の台上での駆動方向とウエブ送り方向とが同一のもの「図」,
2026.01,廃止,B41L 47/46 Y,B41L 47/46,・・・インプリントロ－ラ－の台上での駆動方向とウエブ送り方向とが直交するもの「図」,
2026.01,廃止,B41L 47/46 Z,B41L 47/46,その他のもの,
2026.01,廃止,B41L 47/48 A,B41L 47/48,インキ付け装置を有するもの,
2026.01,廃止,B41L 47/48 B,B41L 47/48,インキリボン装置を有するもの,
2026.01,廃止,B41L 47/48 Z,B41L 47/48,その他のもの,
2026.01,廃止,B41L 47/56 A,B41L 47/56,シ－トへの宛名印刷機用,
2026.01,廃止,B41L 47/56 B,B41L 47/56,ウエブへの宛名印刷機用,
2026.01,廃止,B41L 47/56 Z,B41L 47/56,その他のもの,
2026.01,廃止,B43L 13/06 G,B43L 13/06,ア－ム先端に定規角度設定ヘツドを有するもの,
2026.01,廃止,B43L 13/06 H,B43L 13/06,・ア－ム基部の製図板への取付,
2026.01,廃止,B43L 13/06 J,B43L 13/06,・ア－ム基部の支持,
2026.01,廃止,B43L 13/06 K,B43L 13/06,・ア－ム,
2026.01,廃止,B43L 13/06 L,B43L 13/06,・バランス機構,
2026.01,廃止,B43L 13/06 M,B43L 13/06,・・バランスウエイトによるもの,
2026.01,廃止,B43L 13/06 N,B43L 13/06,・附属物,
2026.01,廃止,B43L 13/06 Z,B43L 13/06,その他のもの,
2026.01,廃止,B43L 13/08 A,B43L 13/08,定規角度設定ヘツド,
2026.01,廃止,B43L 13/08 B,B43L 13/08,・走行する縦レ－ルに連結された定規角度設定ヘツド,
2026.01,廃止,B43L 13/08 C,B43L 13/08,・・定規角度の設定，検出，表示,
2026.01,廃止,B43L 13/08 D,B43L 13/08,・・・電気的設定，検出，表示,
2026.01,廃止,B43L 13/08 E,B43L 13/08,・・縦カ－ソルとヘツドとの連結構造,
2026.01,廃止,B43L 13/08 F,B43L 13/08,・・・連結に中間リンクを有するもの,
2026.01,廃止,B43L 13/08 G,B43L 13/08,・・スケ－ルバランス機構,
2026.01,廃止,B43L 13/08 H,B43L 13/08,・ア－ム先端に連結された定規角度設定ヘツド,
2026.01,廃止,B43L 13/08 J,B43L 13/08,・・定規角度の設定，検出，表示,
2026.01,廃止,B43L 13/08 K,B43L 13/08,・ヘツドの附属物,
2026.01,廃止,B43L 13/08 L,B43L 13/08,・ヘツドへの定規取付板の取付,
2026.01,廃止,B43L 13/08 M,B43L 13/08,・定規取付板への定規の取付,
2026.01,廃止,B43L 13/08 N,B43L 13/08,・定規，定規の附属物,
2026.01,廃止,B43L 13/08 Z,B43L 13/08,その他のもの,
2026.01,廃止,B43L 13/14 A,B43L 13/14,透視図作成用補助ペ－パ－，補助板,
2026.01,廃止,B43L 13/14 B,B43L 13/14,透視図作成用定規，機器,
2026.01,廃止,B43L 13/14 C,B43L 13/14,・図板に設けられた曲線ガイド，突起を滑動する定規によるもの,
2026.01,廃止,B43L 13/14 D,B43L 13/14,・図板上で載置して用いる定規によるもの,
2026.01,廃止,B43L 13/14 E,B43L 13/14,・図板上で係止〔例．針で〕する定規によるもの,
2026.01,廃止,B43L 13/14 F,B43L 13/14,・四辺形平行リンクを用いるもの,
2026.01,廃止,B43L 13/14 Z,B43L 13/14,その他のもの,
2026.01,廃止,B43L 13/22 A,B43L 13/22,調節可能な曲線定規,
2026.01,廃止,B43L 13/22 B,B43L 13/22,・定規の強制的弾性変形を行うもの,
2026.01,廃止,B43L 13/22 C,B43L 13/22,・短冊状のものの位置変位によるもの,
2026.01,廃止,B43L 13/22 Z,B43L 13/22,その他のもの,
2026.01,廃止,B60J 1/02 C,B60J 1/00 100,曇り防止，融雪，例．車両ウィンドガラスの周縁部構造,
2026.01,廃止,B60K 31/06 B,B60K 31/06,解除装置,
2026.01,廃止,B60K 31/06 D,B60K 31/06,変速操作を行なうもの,
2026.01,廃止,B60K 31/06 Z,B60K 31/06,その他のもの,
2026.01,廃止,B60K 31/12 B,B60K 31/12,解除装置,
2026.01,廃止,B60K 31/12 D,B60K 31/12,変速操作を行なうもの,
2026.01,廃止,B60K 31/12 Z,B60K 31/12,その他のもの,
2026.01,廃止,B60K 31/18 C,B60K 31/18,異常または意図しない速度を定速状態に戻すもの,
2026.01,廃止,B60K 31/18 Z,B60K 31/18,その他のもの,
2026.01,廃止,B60L 5/18 A,B60L 5/18,潤滑用給油装置を備えるもの,
2026.01,廃止,B60L 5/18 Z,B60L 5/18,その他のもの,
2026.01,廃止,B60L 5/02 A,B60L 5/02,潤滑装置を備えるもの,
2026.01,廃止,B60L 5/02 Z,B60L 5/02,その他のもの,
2026.01,廃止,B60L 15/18 A,B60L 15/18,電気車用,
2026.01,廃止,B60L 15/18 C,B60L 15/18,電気自動車用,
2026.01,廃止,B60L 15/18 E,B60L 15/18,・分巻界磁制御を伴うもの,
2026.01,廃止,B60L 15/18 Z,B60L 15/18,その他のもの,
2026.01,廃止,B60Q 1/36 A,B60Q 1/36,方向指示矢によるもの,
2026.01,廃止,B60Q 1/36 B,B60Q 1/36,腕の伸縮,
2026.01,廃止,B60Q 1/36 C,B60Q 1/36,信号杆によるもの,
2026.01,廃止,B60Q 1/36 D,B60Q 1/36,駆動部,
2026.01,廃止,B60Q 1/36 Z,B60Q 1/36,その他のもの,
2026.01,廃止,B60S 1/02 200,B60J 1/00 100,・・風防又は窓の透明板をこれと一体の透明膜を用いて清掃するもの（車両の風防又は窓Ｂ６０Ｊ１／００；車外後写鏡Ｂ６０Ｒ１／０６）,
2026.01,廃止,B60S 1/02 300,B60J 1/00 100,・・風防又は窓の透明板をこれと一体の電熱線又は面状発熱体を用いて清掃するもの（車両の風防又は窓Ｂ６０Ｊ１／００；光透過面又は光反射面に適するように特別に構成されている加熱手段であって窓，鏡，又は車両の風防を除曇し又は除氷するためのものＨ０５Ｂ３／８４；後面窓を清掃するのに適するように特別に構成されている清掃用装備Ｂ６０Ｓ１／５８）,
2026.01,廃止,B60S 1/02 310,B60J 1/00 100,・・・加熱制御,
2026.01,廃止,B60S 1/02 400,B60J 1/00 100,・・風防越し又は窓越しに車外をモニタする車内センサのクリアな視界のために風防又は窓を清掃するもの（車外センサを清掃するためのものＢ６０Ｓ１／６２）,
2026.01,廃止,B60S 1/02 400 A,B60J 1/00 100,風防又は窓に対して面接触していないものであって車内側にあるもの,
2026.01,廃止,B60S 1/02 400 Z,B60J 1/00 100,その他のもの,
2026.01,廃止,B60S 1/02 800,B60J 1/00 100,・・被清掃面を振動させるもの、例．超音波振動（車外後写鏡を清掃するのに適するように特別に構成されている清掃用装備Ｂ６０Ｓ１／５６；側面窓を清掃するのに適するように特別に構成されている清掃用装備Ｂ６０Ｓ１／５６）,
2026.01,廃止,B60S 1/56 110 G,B60R 1/06 M,鏡面を回転させるもの（車外後写鏡Ｂ６０Ｒ１／０６）,
2026.01,廃止,B60S 1/56 110 H,B60R 1/06 M,加熱するもの（車外後写鏡Ｂ６０Ｒ１／０６；光透過面又は光反射面に適するように特別に構成されている加熱手段であって窓，鏡，又は車両の風防を除曇し又は除氷するためのものＨ０５Ｂ３／８４）,
2026.01,廃止,B60S 1/58 100 K,B60J 1/00 100,電熱線又は面状発熱体を用いるもの（車両の風防又は窓Ｂ６０Ｊ１／００；光透過面又は光反射面に適するように特別に構成されている加熱手段であって窓，鏡，又は車両の風防を除曇し又は除氷するためのものＨ０５Ｂ３／８４）,
2026.01,廃止,B61D 9/14 A,B61D 9/14,走行中に傾倒するもの,
2026.01,廃止,B61D 9/14 B,B61D 9/14,停止中に傾倒するもの,
2026.01,廃止,B61D 9/14 C,B61D 9/14,車両全体が傾倒するもの,
2026.01,廃止,B61D 9/14 Z,B61D 9/14,その他のもの,
2026.01,廃止,B61J 3/00 A,B61J 3/00,発車助勢,
2026.01,廃止,B61J 3/00 Z,B61J 3/00,その他のもの,
2026.01,廃止,B61J 3/08 A,B61J 3/08,車輪と係合して牽引するもの,
2026.01,廃止,B61J 3/08 Z,B61J 3/08,その他のもの,
2026.01,廃止,B62J 13/06 A,B62J 13/06,目玉板,
2026.01,廃止,B62J 13/06 Z,B62J 13/06,その他のもの,
2026.01,廃止,B63B 19/19 A,B63B 19/19,安全装置,
2026.01,廃止,B63B 19/19 Z,B63B 19/19,その他のもの,
2026.01,廃止,B63B 19/197 A,B63B 19/197,回動腕を有するもの,
2026.01,廃止,B63B 19/197 Z,B63B 19/197,その他のもの,
2026.01,廃止,B63B 19/24 A,B63B 19/24,ハツチカバ－間,
2026.01,廃止,B63B 19/24 B,B63B 19/24,クレ－ンにより作動するもの,
2026.01,廃止,B63B 19/24 C,B63B 19/24,クサビによるもの,
2026.01,廃止,B63B 19/24 D,B63B 19/24,・引つ掛け具によるもの〔Ｆが優先〕,
2026.01,廃止,B63B 19/24 E,B63B 19/24,ハツチカバ－が上下するもの,
2026.01,廃止,B63B 19/24 F,B63B 19/24,引つ掛け具を有するもの,
2026.01,廃止,B63B 19/24 G,B63B 19/24,・キツカ－を有するもの,
2026.01,廃止,B63B 19/24 Z,B63B 19/24,その他のもの,
2026.01,廃止,B63B 27/26 A,B63B 27/26,均一になるように積込むための装置,
2026.01,廃止,B63B 27/26 Z,B63B 27/26,その他のもの,
2026.01,廃止,B63B 57/00 A,B63B 57/00,懸垂ノズルによるもの,
2026.01,廃止,B63B 57/00 B,B63B 57/00,バケツトによるスラツジ揚,
2026.01,廃止,B63B 57/00 Z,B63B 57/00,その他のもの,
2026.01,廃止,B63C 1/08 101,B63C 1/08,・・乾ドツク構築工法,
2026.01,廃止,B63C 1/08 102,B63C 1/08,・・乾ドツク改造工法,
2026.01,廃止,B63C 1/08 103,B63C 1/08,・・乾ドツク用扉,
2026.01,廃止,B63C 5/02 101,B63C 5/02,・・船外工事用足場,
2026.01,廃止,B63C 5/02 102,B63C 5/02,・・船体を支持する支柱または支材,
2026.01,廃止,B63C 11/18 A,B63C 11/18,加温加湿するもの,
2026.01,廃止,B63C 11/18 Z,B63C 11/18,その他のもの,
2026.01,廃止,B65B 51/07 A,B65B 51/07,ミシン自体,
2026.01,廃止,B65B 51/07 B,B65B 51/07,正しく縫うための手段，位置決め手段,
2026.01,廃止,B65B 51/07 C,B65B 51/07,化粧紙の供給,
2026.01,廃止,B65B 51/07 D,B65B 51/07,被加工物の搬送,
2026.01,廃止,B65B 51/07 E,B65B 51/07,特殊物品用の縫いとじ装置,
2026.01,廃止,B65B 51/07 F,B65B 51/07,制御，検査,
2026.01,廃止,B65B 51/07 Z,B65B 51/07,その他のもの,
2026.01,廃止,B65B 51/18 100,B65B 51/18,・・・チェーン支持シーラ,
2026.01,廃止,B65D 35/24 A,B65D 35/24,誘導部材をもつもの,
2026.01,廃止,B65D 35/24 B,B65D 35/24,混合部材をもつもの,
2026.01,廃止,B65D 35/24 Z,B65D 35/24,その他のもの,
2026.01,廃止,B65D 71/28 100,B65D 71/28,・・・・・別体の取手を取り付けたもの,
2026.01,廃止,B65D 71/56 100,B65D 71/56,・・・別体の取手を取り付けたもの,
2026.01,廃止,B65D 71/58 100,B65D 71/58,・・・別体の取手を取り付けたもの,
2026.01,廃止,B65D 71/68 100,B65D 71/68,・・・別体の取手を取り付けたもの,
2026.01,廃止,B65D 83/14 500,B65D 83/145,・・無断でいじられたことを判別できるようにする手段（無断でいじられたことを判別できるようにする手段付きのアクチュエータＢ６５Ｄ８３／２２，２００；出口の前に配置される，無断でいじられたことを判別できるようにする手段Ｂ６５Ｄ８３／１４，２６０）,
2026.01,廃止,B65D 83/14 520,B65D 83/145,・・・無断でいじられたことを判別できるようにする要素が他部材と接続せず単独の部材となっているもの,
2026.01,廃止,B65H 51/005 A,B65H 51/005,流体を用いるもの,
2026.01,廃止,B65H 51/005 Z,B65H 51/005,その他,
2026.01,廃止,B65H 54/14 A,B65H 54/14,駆動方法に特徴のあるもの,
2026.01,廃止,B65H 54/14 Z,B65H 54/14,その他,
2026.01,廃止,B66B 1/04 A,B66B 1/04,油温に応じた制御〔例．冷却．運転制限〕,
2026.01,廃止,B66B 1/04 Z,B66B 1/04,その他のもの,
2026.01,廃止,B66B 1/52 A,B66B 1/52,エレベータの動きを縮尺するもの,
2026.01,廃止,B66B 1/52 B,B66B 1/52,パルスカウントによるもの,
2026.01,廃止,B66B 1/52 Z,B66B 1/52,その他のもの,
2026.01,廃止,B66B 21/04 A,B66B 21/04,上昇と下降の組合せ又は一体化,
2026.01,廃止,B66B 21/04 Z,B66B 21/04,その他〔例．船舶用，荷物専用，途中乗車可能なもの；車椅子用又は搬送車用→Ｂ６６Ｂ２９／０８〕,
2026.01,廃止,B66D 1/14 A,B66D 1/14,歯車伝動機構に特徴を有するもの,
2026.01,廃止,B66D 1/14 B,B66D 1/14,トルクコンバ－タを用いたもの,
2026.01,廃止,B66D 1/14 Z,B66D 1/14,その他のもの,
2026.01,廃止,B66D 1/24 A,B66D 1/24,変速機構に特徴を有するもの「図」,
2026.01,廃止,B66D 1/24 Z,B66D 1/24,その他のもの,
2026.01,廃止,B67D 7/44 A,B67D 7/44,プリセット給油用停止弁を有するもの,
2026.01,廃止,B67D 7/44 Z,B67D 7/44,その他のもの,
2026.01,廃止,C01B 3/00 A,C01B 3/0005,水素貯蔵材料の使用,
2026.01,廃止,C01B 3/00 B,C01B 3/001,・材料に特徴のあるもの,
2026.01,廃止,C01B 3/00 Z,C01B 3/00,その他のもの,
2026.01,廃止,C01B 3/02 A,C01B 3/02,熱化学的反応サイクルによるもの,
2026.01,廃止,C01B 3/02 B,C01B 3/02,・水の熱化学的分解,
2026.01,廃止,C01B 3/02 D,C01B 3/103,・・ハロゲン化水素の分解による水素生成工程を含むもの,
2026.01,廃止,C01B 3/02 F,C01B 3/02,・・水素を含む無機化合物の還元による水素生成工程を含むもの,
2026.01,廃止,C01B 3/02 H,C01B 3/02,・・電気分解による水素生成工程を含むもの,
2026.01,廃止,C01B 3/02 Z,C01B 3/02,その他のもの,
2026.01,廃止,C01B 3/04 A,C01B 3/046,・光分解によるもの,
2026.01,廃止,C01B 3/04 B,C01B 3/047,アンモニアの分解によるもの,
2026.01,廃止,C01B 3/04 C,C01B 3/04,ハロゲン化水素の分解によるもの,
2026.01,廃止,C01B 3/04 R,C01B 3/042,水の分解によるもの,
2026.01,廃止,C01B 3/04 Z,C01B 3/04,その他のもの,
2026.01,廃止,C01B 3/08 A,C01B 3/08,アルカリ金属によるもの,
2026.01,廃止,C01B 3/08 B,C01B 3/08,アルカリ土類金属によるもの,
2026.01,廃止,C01B 3/08 Z,C01B 3/08,その他のもの,
2026.01,廃止,C01B 3/22 A,C01B 3/22,アルコ－ルの分解によるもの,
2026.01,廃止,C01B 3/22 Z,C01B 3/22,その他のもの,
2026.01,廃止,C01B 3/03,C01B 3/28,・・・・・流動床技術を用いるもの［３］,
2026.01,廃止,C01B 3/32 A,C01B 3/3231,ガス化剤とアルコ－ルとの反応によるもの,
2026.01,廃止,C01B 3/32 Z,C01B 3/32,その他のもの,
2026.01,廃止,C01B 3/44,C01B 3/42,・・・・・・流動床技術を用いるもの［３］,
2026.01,廃止,C01B 3/56 A,C01B 3/508,水素貯蔵材料を用いるもの,
2026.01,廃止,C01B 3/56 Z,C01B 3/56,その他のもの,
2026.01,廃止,C01B 5/02 B,C01B 5/02,化学反応による重水の製造,
2026.01,廃止,C01B 5/02 D,C01B 5/02,同位体交換による重水の製造,
2026.01,廃止,C01B 5/02 E,C01B 5/02,・同位体交換反応触媒を特徴とするもの,
2026.01,廃止,C01B 5/02 Z,C01B 5/02,その他のもの,
2026.01,廃止,C01B 21/093 A,C01B 21/093,窒素酸化物からの製造,
2026.01,廃止,C01B 21/093 Z,C01B 21/093,その他のもの,
2026.01,廃止,C01B 21/098 M,C01B 21/098,窒化二ハロゲン化リンの重合体〔オリゴマ－→Ｚ〕,
2026.01,廃止,C01B 21/098 Z,C01B 21/098,その他のもの,
2026.01,廃止,C01B 21/14 B,C01B 21/14,窒素と酸素を含む無機化合物の接触的還元による製造,
2026.01,廃止,C01B 21/14 E,C01B 21/14,窒素を含む有機化合物からの製造,
2026.01,廃止,C01B 21/14 Z,C01B 21/14,その他のもの,
2026.01,廃止,C01B 21/26 B,C01B 21/26,使用触媒を特徴とするもの,
2026.01,廃止,C01B 21/26 E,C01B 21/26,・貴金属を含む触媒,
2026.01,廃止,C01B 21/26 H,C01B 21/26,触媒の劣化または損失の防止；損失触媒の回収,
2026.01,廃止,C01B 21/26 Z,C01B 21/26,その他のもの,
2026.01,廃止,C01B 21/05 A,C01B 21/05,亜硝酸アンモニウム,
2026.01,廃止,C01B 21/05 B,C01B 21/05,・窒素酸化物の吸収による製造,
2026.01,廃止,C01B 21/05 E,C01B 21/05,アルカリ金属亜硝酸塩,
2026.01,廃止,C01B 21/05 F,C01B 21/05,・窒素酸化物の吸収による製造,
2026.01,廃止,C01B 21/05 J,C01B 21/05,マグネシウム，カルシウム，ストロンチウムまたはバリウムの亜硝酸塩,
2026.01,廃止,C01B 21/05 K,C01B 21/05,・窒素酸化物の吸収による製造,
2026.01,廃止,C01B 21/05 Z,C01B 21/05,その他のもの,
2026.01,廃止,C01B 25/00 A,C01B 25/00,添加剤による赤りんの改質，例．安定化,
2026.01,廃止,C01B 25/00 Z,C01B 25/00,その他のもの,
2026.01,廃止,C01B 25/234 A,C01B 25/234,濃縮,
2026.01,廃止,C01B 25/234 C,C01B 25/234,りん酸根の有機溶媒抽出工程を含むりん酸の精製〔Ｃ～Ｋはラストプレ－スル－ルによらない；りん鉱石の有機溶媒抽出→２５／４６〕,
2026.01,廃止,C01B 25/234 E,C01B 25/234,・りん酸の前精製〔りん酸根を抽出するもの→Ｃ，Ｇ〕,
2026.01,廃止,C01B 25/234 F,C01B 25/234,・抽残〔ラフイネ－ト〕の処理〔りん酸根を抽出するもの→Ｃ，Ｇ〕,
2026.01,廃止,C01B 25/234 G,C01B 25/234,・溶媒・りん酸・水抽出相に物質を添加又は接触させるもの〔溶媒の剥離のためのもの→Ｃ〕,
2026.01,廃止,C01B 25/234 K,C01B 25/234,・抽出精製されたりん酸の後処理,
2026.01,廃止,C01B 25/234 Z,C01B 25/234,その他のもの,
2026.01,廃止,C01B 25/238 A,C01B 25/238,陽イオン不純物の有機溶媒抽出工程を含むりん酸の精製,
2026.01,廃止,C01B 25/238 Z,C01B 25/238,その他のもの,
2026.01,廃止,C01B 25/28 C,C01B 25/28,りん酸水溶液とアンモニアからの製造,
2026.01,廃止,C01B 25/28 D,C01B 25/28,・多段で中和するもの；他のりん酸アンモニウム中間体が生成するもの,
2026.01,廃止,C01B 25/28 F,C01B 25/28,・並流連続反応によるもの,
2026.01,廃止,C01B 25/28 M,C01B 25/28,処理,
2026.01,廃止,C01B 25/28 Z,C01B 25/28,その他のもの,
2026.01,廃止,C01C 3/18 A,C01C 3/18,製造方法,
2026.01,廃止,C01C 3/18 B,C01C 3/18,製造装置,
2026.01,廃止,C01C 3/18 Z,C01C 3/18,その他のもの,
2026.01,廃止,C01D 1/28 A,C01D 1/28,還元によるもの,
2026.01,廃止,C01D 1/28 Z,C01D 1/28,その他のもの,
2026.01,廃止,C01D 3/16 B,C01D 3/16,沈澱剤によるもの〔凝集剤のみ→Ｚ〕,
2026.01,廃止,C01D 3/16 C,C01D 3/16,・アルカリ金属イオン，水素イオンを除く陽イオンを添加するもの〔←さらにアルカリ金属イオン，または水素イオンをも添加するもの〕,
2026.01,廃止,C01D 3/16 H,C01D 3/16,・ハロゲンイオン，炭酸イオン，水酸イオンを除く陰イオンを添加するもの〔←さらにハロゲンイオン，炭酸イオンまたは水酸イオンをも添加するもの；沈澱剤がＣにも該当すればＣにも分類する。；イオン交換体→Ｍ～Ｐ；種晶のみの添加→Ｚ〕,
2026.01,廃止,C01D 3/16 M,C01D 3/16,吸着剤またはイオン交換体によるもの,
2026.01,廃止,C01D 3/16 N,C01D 3/16,・イオン交換樹脂またはキレ－ト樹脂によるもの,
2026.01,廃止,C01D 3/16 P,C01D 3/16,・・キレ－ト樹脂によるもの,
2026.01,廃止,C01D 3/16 Z,C01D 3/16,その他のもの〔←濃度調整；種晶の添加〕,
2026.01,廃止,C01D 5/02 A,C01D 5/02,ハロゲン化アルカリと硫酸または重硫酸塩からの製造,
2026.01,廃止,C01D 5/02 Z,C01D 5/02,その他のもの,
2026.01,廃止,C01D 5/04 B,C01D 5/04,酸化工程に特徴を有するもの〔←装置；触媒〕,
2026.01,廃止,C01D 5/04 Z,C01D 5/04,その他のもの,
2026.01,廃止,C01D 5/14 A,C01D 5/14,酸化によるもの,
2026.01,廃止,C01D 5/14 Z,C01D 5/14,その他のもの〔←硫酸塩の還元によるもの；複分解によるもの〕,
2026.01,廃止,C01G 37/033 A,C01G 37/033,廃物処理,
2026.01,廃止,C01G 37/033 Z,C01G 37/033,その他,
2026.01,廃止,C03B 19/14 A,C03B 19/14,膜の製造,
2026.01,廃止,C03B 19/14 Z,C03B 19/14,その他,
2026.01,廃止,C04B 14/44 A,C04B 14/44,無機物によるもの,
2026.01,廃止,C04B 14/44 B,C04B 14/44,有機物によるもの,
2026.01,廃止,C04B 14/44 C,C04B 14/44,・樹脂によるもの,
2026.01,廃止,C04B 14/44 D,C04B 14/44,無機物＋有機物によるもの,
2026.01,廃止,C04B 14/44 Z,C04B 14/44,その他,
2026.01,廃止,C04B 26/26 A,C04B 26/26,樹脂を含むもの,
2026.01,廃止,C04B 26/26 Z,C04B 26/26,その他,
2026.01,廃止,C07C 65/32 A,C07C 65/32,製法,
2026.01,廃止,C07C 65/32 C,C07C 65/32,化合物,
2026.01,廃止,C07C 65/32 Z,C07C 65/32,その他,
2026.01,廃止,C07C 235/14 A,C07C 235/14,窒素原子に結合する炭素骨格が単結合の酸素原子で置換されたもの,
2026.01,廃止,C07C 235/14 B,C07C 235/14,窒素原子に結合する炭素骨格がニトロ基または二トロン基の一部ではない窒素原子で置換されたもの,
2026.01,廃止,C07C 235/14 C,C07C 235/14,窒素原子に結合する炭素骨格がカルボキシル基で置換されたもの,
2026.01,廃止,C07C 235/14 Z,C07C 235/14,その他,
2026.01,廃止,C07C 235/24 A,C07C 235/24,窒素原子に結合する炭素骨格が単結合の酸素原子で置換されたもの,
2026.01,廃止,C07C 235/24 B,C07C 235/24,窒素原子に結合する炭素骨格がニトロ基またはニトロン基の一部ではない窒素原子で置換されたもの,
2026.01,廃止,C07C 235/24 C,C07C 235/24,窒素原子に結合する炭素骨格がカルボキシル基で置換されたもの,
2026.01,廃止,C07C 235/24 Z,C07C 235/24,その他,
2026.01,廃止,C07D 205/085 101,C07D 205/085,・・・・・４位に少なくとも１つのＨが結合し，かつ，１位に少なくとも１つのＣが結合したもの,
2026.01,廃止,C07D 205/085 102,C07D 205/085,・・・・・４位に少なくとも１つのＨが結合し，かつ，１位に少なくとも１つのＳが結合したもの,
2026.01,廃止,C07D 205/085 103,C07D 205/085,・・・・・４位に少なくとも１つのＣが結合したもの,
2026.01,廃止,C07D 205/085 104,C07D 205/085,・・・・・・１位に少なくとも１つの異種原子が結合したもの,
2026.01,廃止,C07D 205/085 105,C07D 205/085,・・・・・４位に少なくとも１つのＯが結合したもの,
2026.01,廃止,C07D 205/09 101,C07D 205/09,・・・・・３位に少なくとも１つのＨが結合したもの,
2026.01,廃止,C07D 205/09 102,C07D 205/09,・・・・・３位に少なくとも１つのＣが結合したもの,
2026.01,廃止,C07D 205/095 101,C07D 205/095,・・・・・・１位に少なくとも１つのＣが結合したもの,
2026.01,廃止,C07D 205/095 102,C07D 205/095,・・・・・・１位に少なくとも１つの，Ｈ又はＳＯ↓３が結合したもの,
2026.01,廃止,C07D 223/12 A,C07D 223/12,２位に結合しているもの,
2026.01,廃止,C07D 223/12 B,C07D 223/12,３位に結合しているもの,
2026.01,廃止,C07D 223/12 C,C07D 223/12,・２位に酸素原子が直接結合したもの,
2026.01,廃止,C07D 223/12 D,C07D 223/12,・・α－アミノ－ε－カプロラクタムの製造,
2026.01,廃止,C07D 223/12 E,C07D 223/12,・・・分離，精製,
2026.01,廃止,C07D 223/12 F,C07D 223/12,・・・光学分割；ラセミ化,
2026.01,廃止,C07D 223/12 Z,C07D 223/12,その他,
2026.01,廃止,C07D 235/32 A,C07D 235/32,ベンズイミダゾ－ル－２－カルバミツクアシツド、そのエステル、その硫黄誘導体,
2026.01,廃止,C07D 235/32 B,C07D 235/32,・５位に異種原子が直接結合したもの,
2026.01,廃止,C07D 235/32 C,C07D 235/32,・・異種原子がＯであるもの,
2026.01,廃止,C07D 235/32 D,C07D 235/32,・・異種原子がＳであるもの,
2026.01,廃止,C07D 235/32 Z,C07D 235/32,その他,
2026.01,廃止,C07D 239/69 A,C07D 239/69,２位に置換したもの,
2026.01,廃止,C07D 239/69 B,C07D 239/69,４位に置換したもの，例．「図」,
2026.01,廃止,C07D 239/69 Z,C07D 239/69,その他,
2026.01,廃止,C07D 459/00 A,C07D 459/00,レセルピン酸，その誘導体,
2026.01,廃止,C07D 459/00 H,C07D 459/00,・１８位にエ－テル基直結,
2026.01,廃止,C07D 459/00 Z,C07D 459/00,その他,
2026.01,廃止,C07D 461/00 A,C07D 461/00,１６位にＺ直結，但し，Ｚは，異種原子に対する３個の結合をもち，そのうち多くとも１個がハロゲンに対する結合である炭素原子，例．エステル，アミド，ニトリル,
2026.01,廃止,C07D 461/00 E,C07D 461/00,・新規物質,
2026.01,廃止,C07D 461/00 Z,C07D 461/00,その他,
2026.01,廃止,C07D 473/08 301,C07D 473/08,・・・・・製法,
2026.01,廃止,C07D 473/01 301,C07D 473/01,・・・・・製法,
2026.01,廃止,C07D 499/04 A,C07D 499/04,６位カルボキサミド基の変換,
2026.01,廃止,C07D 499/04 B,C07D 499/04,６位カルボキサミド基に対しα位置換基の変成,
2026.01,廃止,C07D 499/04 D,C07D 499/04,６位に第２番目の置換基の導入並びに変換,
2026.01,廃止,C07D 499/04 E,C07D 499/04,３位置換基の変成,
2026.01,廃止,C07D 499/04 F,C07D 499/04,４位環硫黄原子の変成,
2026.01,廃止,C07D 499/04 Z,C07D 499/04,その他,
2026.01,廃止,C07D 499/01 A,C07D 499/01,６位窒素原子および非ペニシリン骨格炭素原子との間に二重結合の形成,
2026.01,廃止,C07D 499/01 C,C07D 499/01,脱アシル化,
2026.01,廃止,C07D 499/01 D,C07D 499/01,・遊離アミノ化,
2026.01,廃止,C07D 499/01 Z,C07D 499/01,その他,
2026.01,廃止,C07D 499/21 A,C07D 499/21,６位窒素原子および非ペニシリン骨格非環炭素原子との間に二重結合を有するもの,
2026.01,廃止,C07D 499/21 B,C07D 499/21,・非環炭素原子に第２番目の窒素原子が結合したもの,
2026.01,廃止,C07D 499/21 Z,C07D 499/21,その他,
2026.01,廃止,C07D 499/64 A,C07D 499/64,３位に２つのメチル基を有するもの,
2026.01,廃止,C07D 499/64 B,C07D 499/64,・非置換のアミノ基を有するもの,
2026.01,廃止,C07D 499/64 D,C07D 499/64,・α位にアシル化されたアミノ基を有するもの,
2026.01,廃止,C07D 499/64 E,C07D 499/64,・・複素環が直接結合するカルボン酸またはその硫黄または窒素類似体によりアシル化されたもの,
2026.01,廃止,C07D 499/64 G,C07D 499/64,・・ウレイドまたはその硫黄または窒素類似体を有するもの,
2026.01,廃止,C07D 499/64 H,C07D 499/64,・・・末端部の窒素原子で環をまいているもの,
2026.01,廃止,C07D 499/64 J,C07D 499/64,・６位に第２番目の置換基を有するもの,
2026.01,廃止,C07D 499/64 Z,C07D 499/64,その他,
2026.01,廃止,C07D 499/66 A,C07D 499/66,３位に２つのメチル基を有するもの,
2026.01,廃止,C07D 499/66 B,C07D 499/66,・非置換のアミノ基を有するもの,
2026.01,廃止,C07D 499/66 D,C07D 499/66,・α位にアシル化されたアミノ基を有するもの,
2026.01,廃止,C07D 499/66 E,C07D 499/66,・・複素環が直接結合するカルボン酸またはその硫黄または窒素類似体によりアシル化されたもの,
2026.01,廃止,C07D 499/66 G,C07D 499/66,・・ウレイドまたはその硫黄または窒素類似体を有するもの,
2026.01,廃止,C07D 499/66 H,C07D 499/66,・・・末端部の窒素原子で環をまいているもの,
2026.01,廃止,C07D 499/66 J,C07D 499/66,・６位に第２番目の置換基を有するもの,
2026.01,廃止,C07D 499/66 Z,C07D 499/66,その他,
2026.01,廃止,C07D 499/68 A,C07D 499/68,３位に２つのメチル基を有するもの,
2026.01,廃止,C07D 499/68 B,C07D 499/68,・非置換のアミノ基を有するもの,
2026.01,廃止,C07D 499/68 D,C07D 499/68,・α位にアシル化されたアミノ基を有するもの,
2026.01,廃止,C07D 499/68 E,C07D 499/68,・・複素環が直接結合するカルボン酸またはその硫黄または窒素類似体によりアシル化されたもの,
2026.01,廃止,C07D 499/68 G,C07D 499/68,・・ウレイドまたはその硫黄または窒素類似体を有するもの,
2026.01,廃止,C07D 499/68 H,C07D 499/68,・・・末端部の窒素原子で環をまいているもの,
2026.01,廃止,C07D 499/68 J,C07D 499/68,・６位に第２番目の置換基を有するもの,
2026.01,廃止,C07D 499/68 Z,C07D 499/68,その他,
2026.01,廃止,C07D 499/07 A,C07D 499/07,３位に２つのメチル基を有するもの,
2026.01,廃止,C07D 499/07 B,C07D 499/07,・非置換のアミノ基を有するもの,
2026.01,廃止,C07D 499/07 D,C07D 499/07,・α位にアシル化されたアミノ基を有するもの,
2026.01,廃止,C07D 499/07 E,C07D 499/07,・・複素環が直接結合するカルボン酸またはその硫黄または窒素類似体によりアシル化されたもの,
2026.01,廃止,C07D 499/07 G,C07D 499/07,・・ウレイドまたはその硫黄または窒素類似体を有するもの,
2026.01,廃止,C07D 499/07 H,C07D 499/07,・・・末端部の窒素原子で環をまいているもの,
2026.01,廃止,C07D 499/07 J,C07D 499/07,・６位に第２番目の置換基を有するもの,
2026.01,廃止,C07D 499/07 Z,C07D 499/07,その他,
2026.01,廃止,C07D 501/02 101,C07D 501/02,・・・・異種原子または異種原子に対する３個の結合を有し，そのうち多くても１個がハロゲンに対する結合である炭素原子，例．エステルまたはニトリル基をカルボキサミド基のα位に有するもの,
2026.01,廃止,C07D 501/02 102,C07D 501/02,・・・・・酸素原子,
2026.01,廃止,C07D 501/02 103,C07D 501/02,・・・・・硫黄原子,
2026.01,廃止,C07D 501/02 104,C07D 501/02,・・・・・窒素原子,
2026.01,廃止,C07D 501/02 105,C07D 501/02,・・・・・・二重結合の窒素原子,
2026.01,廃止,C07D 501/32 101,C07D 501/32,・・・・・・・異種原子をカルボキサミド基のα位に有するもの,
2026.01,廃止,C07D 501/32 102,C07D 501/32,・・・・・・・酸素原子,
2026.01,廃止,C07D 501/32 103,C07D 501/32,・・・・・・・硫黄原子,
2026.01,廃止,C07D 501/32 104,C07D 501/32,・・・・・・・窒素原子,
2026.01,廃止,C07D 501/32 105,C07D 501/32,・・・・・・・・二重結合の窒素原子,
2026.01,廃止,C07D 501/34 101,C07D 501/34,・・・・・・・異種原子，または異種原子に対する３個の結合を有し，そのうち多くても１個がハロゲンに対する結合である炭素原子，例．エステルまたはニトリル基をカルボキサミド基のα位に有するもの,
2026.01,廃止,C07D 501/34 102,C07D 501/34,・・・・・・・・酸素原子,
2026.01,廃止,C07D 501/34 103,C07D 501/34,・・・・・・・・硫黄原子,
2026.01,廃止,C07D 501/34 104,C07D 501/34,・・・・・・・・窒素原子,
2026.01,廃止,C07D 501/34 105,C07D 501/34,・・・・・・・・・二重結合の窒素原子,
2026.01,廃止,C07D 501/36 101,C07D 501/36,・・・・・・異種原子で置換された脂肪族カルボン酸によりアシル化されている７－アミノ基を有するもの,
2026.01,廃止,C07D 501/36 102,C07D 501/36,・・・・・・芳香脂肪族カルボン酸によりアシル化された７－アミノ基を有するもの,
2026.01,廃止,C07D 501/36 103,C07D 501/36,・・・・・・異種原子で脂肪族基上が置換された芳香脂肪族カルボン酸によりアシル化されている７－アミノ基を有するもの,
2026.01,廃止,C07D 501/36 104,C07D 501/36,・・・・・・・異種原子をカルボキサミド基のα位に有するもの,
2026.01,廃止,C07D 501/36 105,C07D 501/36,・・・・・・・・酸素原子,
2026.01,廃止,C07D 501/36 106,C07D 501/36,・・・・・・・・硫黄原子,
2026.01,廃止,C07D 501/36 107,C07D 501/36,・・・・・・・・窒素原子,
2026.01,廃止,C07D 501/36 108,C07D 501/36,・・・・・・・・・二重結合の窒素原子,
2026.01,廃止,C07D 501/36 109,C07D 501/36,・・・・・・複素環を含有するカルボン酸によりアシル化された７－アミノ基を有するもの,
2026.01,廃止,C07D 501/36 110,C07D 501/36,・・・・・・・異種原子または異種原子に対する３個の結合を有し，そのうち多くても１個がハロゲンに対する結合である炭素原子，例．エステルまたはニトリル基をカルボキサミド基のα位に有するもの,
2026.01,廃止,C07D 501/36 111,C07D 501/36,・・・・・・・・酸素原子,
2026.01,廃止,C07D 501/36 112,C07D 501/36,・・・・・・・・硫黄原子,
2026.01,廃止,C07D 501/36 113,C07D 501/36,・・・・・・・・窒素原子,
2026.01,廃止,C07D 501/36 114,C07D 501/36,・・・・・・・・・二重結合の窒素原子,
2026.01,廃止,C07D 501/57 101,C07D 501/57,・・・・・３位に結合する，酸素原子で置換されたメチレン基；２－カルボキシル基をもつそのラクトン,
2026.01,廃止,C07D 501/57 102,C07D 501/57,・・・・・３位に結合する，硫黄原子で置換されたメチレン基,
2026.01,廃止,C07D 501/57 103,C07D 501/57,・・・・・３位に結合する，窒素原子で置換されたメチレン基,
2026.01,廃止,C07G 11/00 A,C07G 11/00,微生物または酵素を利用するもの,
2026.01,廃止,C07G 11/00 Z,C07G 11/00,その他のもの,
2026.01,廃止,C08F 2/03 A,C08F 2/03,Ｎ原子を含むもの,
2026.01,廃止,C08F 2/03 Z,C08F 2/03,その他,
2026.01,廃止,C09B 26/02 A,C09B 26/02,環構造〔マゼンタ前駆体等〕〔例．「図」〕,
2026.01,廃止,C09B 26/02 B,C09B 26/02,「図」構造,
2026.01,廃止,C09B 26/02 Z,C09B 26/02,その他,
2026.01,廃止,C09B 41/00 A,C09B 41/00,カツプリング助剤を用いるもの,
2026.01,廃止,C09B 41/00 B,C09B 41/00,特定の溶媒を用いるもの,
2026.01,廃止,C09B 41/00 C,C09B 41/00,ジアゾ成分又はカツプリング成分が複数のもの,
2026.01,廃止,C09B 41/00 D,C09B 41/00,カツプリング後の処理工程を有するもの,
2026.01,廃止,C09B 41/00 Z,C09B 41/00,その他のもの,
2026.01,廃止,C09B 45/24 A,C09B 45/24,アゾ化合物が複素環化合物を有するもの,
2026.01,廃止,C09B 45/24 B,C09B 45/24,アゾ化合物が複素環化合物を有しないもの,
2026.01,廃止,C09B 45/24 Z,C09B 45/24,その他のもの,
2026.01,廃止,C09B 53/00 A,C09B 53/00,写真用,
2026.01,廃止,C09B 53/00 Z,C09B 53/00,その他,
2026.01,廃止,C09B 62/002 A,C09B 62/002,特定の発色団〔アントラキノン，アゾ以外〕,
2026.01,廃止,C09B 62/002 Z,C09B 62/002,その他,
2026.01,廃止,C09B 62/008 A,C09B 62/008,反応基がジアゾ成分側に結合しているもの,
2026.01,廃止,C09B 62/008 B,C09B 62/008,反応基がカツプリング成分側に結合しているもの,
2026.01,廃止,C09B 62/008 C,C09B 62/008,・カツプリング成分が芳香族化合物であるもの,
2026.01,廃止,C09B 62/008 D,C09B 62/008,・カツプリング成分が複素環化合物であるもの,
2026.01,廃止,C09B 62/008 E,C09B 62/008,・カツプリング成分が活性メチレン化合物であるもの,
2026.01,廃止,C09B 62/008 Z,C09B 62/008,その他,
2026.01,廃止,C09B 62/022 A,C09B 62/022,特定の発色団,
2026.01,廃止,C09B 62/022 Z,C09B 62/022,その他,
2026.01,廃止,C09B 62/028 A,C09B 62/028,反応基がジアゾ成分側に結合しているもの,
2026.01,廃止,C09B 62/028 B,C09B 62/028,反応基がカツプリング成分側に結合しているもの,
2026.01,廃止,C09B 62/028 C,C09B 62/028,・カツプリング成分が芳香族化合物であるもの,
2026.01,廃止,C09B 62/028 D,C09B 62/028,・カツプリング成分が複素環化合物であるもの,
2026.01,廃止,C09B 62/028 E,C09B 62/028,・カツプリング成分が活性メチン化合物であるもの,
2026.01,廃止,C09B 62/028 Z,C09B 62/028,その他,
2026.01,廃止,C09B 62/085 A,C09B 62/085,反応基がジアゾ成分側に結合しているもの,
2026.01,廃止,C09B 62/085 B,C09B 62/085,反応基がカツプリング成分側に結合しているもの,
2026.01,廃止,C09B 62/085 C,C09B 62/085,・カツプリング成分が芳香族化合物であるもの,
2026.01,廃止,C09B 62/085 D,C09B 62/085,・カツプリング成分が複素環化合物であるもの,
2026.01,廃止,C09B 62/085 E,C09B 62/085,・カツプリング成分が活性メチレン化合物であるもの,
2026.01,廃止,C09B 62/085 Z,C09B 62/085,その他,
2026.01,廃止,C09B 62/503 A,C09B 62/503,特定の発色団,
2026.01,廃止,C09B 62/503 Z,C09B 62/503,その他,
2026.01,廃止,C09D 179/06 A,C09D 179/06,ポリヒドラジド系、ポリオキサジアゾール系,
2026.01,廃止,C09D 179/06 Z,C09D 179/06,その他,
2026.01,廃止,C10L 1/03 A,C10L 1/03,鉛,
2026.01,廃止,C10L 1/03 B,C10L 1/03,ほう素,
2026.01,廃止,C10L 1/03 Z,C10L 1/03,その他のもの,
2026.01,廃止,C12N 1/12 C,C12N 1/125,菌体,
2026.01,廃止,C12N 1/14 A,C12N 1/145,菌類,
2026.01,廃止,C12N 1/14 B,C12N 1/14,・培養,
2026.01,廃止,C12N 1/14 C,C12N 1/14,・培地,
2026.01,廃止,C12N 1/14 E,C12N 1/14,担子菌,
2026.01,廃止,C12N 1/14 F,C12N 1/145,・きのこ,
2026.01,廃止,C12N 1/14 G,C12N 1/14,・・培養,
2026.01,廃止,C12N 1/14 H,C12N 1/14,・・培地,
2026.01,廃止,C12N 1/16 G,C12N 1/165,酵母菌体,
2026.01,廃止,C12N 1/02 A,C12N 1/02,細菌自体，細菌の培養，そのための培地,
2026.01,廃止,C12P 19/32 A,C12P 19/32,サイクリックヌクレオチド，例．ｃＡＭＰ，ｃＩＭＰ，ｃＧＭＰ,
2026.01,廃止,C12P 19/32 B,C12P 19/32,コエンザイムＡ,
2026.01,廃止,C12P 19/32 Z,C12P 19/32,その他のもの,
2026.01,廃止,C12P 33/02 A,C12P 33/02,Ｃ＝Ｃを生成する脱水素化,
2026.01,廃止,C12P 33/02 Z,C12P 33/02,その他のもの,
2026.01,廃止,C12P 33/06 A,C12P 33/06,Ｈ－Ｃ結合の酸化によるもの,
2026.01,廃止,C12P 33/06 Z,C12P 33/06,その他のもの,
2026.01,廃止,C12P 33/16 A,C12P 33/16,１７位炭素のカルボニル化,
2026.01,廃止,C12P 33/16 B,C12P 33/16,１７位炭素の結合が変化しないもの,
2026.01,廃止,C12P 33/16 Z,C12P 33/16,その他のもの,
2026.01,廃止,C12P 35/00 A,C12P 35/00,置換基の反応によるもの,
2026.01,廃止,C12P 35/00 Z,C12P 35/00,その他のもの,
2026.01,廃止,C12P 35/02 A,C12P 35/02,アシル基に芳香族炭素環を有さないもの,
2026.01,廃止,C12P 35/02 Z,C12P 35/02,その他のもの,
2026.01,廃止,C12P 35/04 A,C12P 35/04,芳香族炭素環を有するアシル化剤によるもの,
2026.01,廃止,C12P 35/04 B,C12P 35/04,芳香族炭素環を有さないアシル化剤によるもの,
2026.01,廃止,C12P 35/04 Z,C12P 35/04,その他のもの,
2026.01,廃止,C12P 35/06 A,C12P 35/06,セファロスポリンＣの誘導体,
2026.01,廃止,C12P 35/06 Z,C12P 35/06,その他のもの,
2026.01,廃止,C12P 37/00 A,C12P 37/00,置換基の反応によるもの,
2026.01,廃止,C12P 37/00 Z,C12P 37/00,その他のもの,
2026.01,廃止,C21C 5/34 A,C21C 5/34,吹錬ガスの切替え，流量・圧力制御,
2026.01,廃止,C21C 5/34 Z,C21C 5/34,その他のもの,
2026.01,廃止,C21D 1/38 A,C21D 1/38,電子ビ－ムによるもの,
2026.01,廃止,C21D 1/38 Z,C21D 1/38,その他,
2026.01,廃止,C21D 1/767 A,C21D 1/767,コイル用,
2026.01,廃止,C21D 1/767 Z,C21D 1/767,その他のもの,
2026.01,廃止,C21D 7/12 A,C21D 7/12,低合金鋼,
2026.01,廃止,C21D 7/12 B,C21D 7/12,高合金鋼,
2026.01,廃止,C21D 7/12 Z,C21D 7/12,その他のもの,
2026.01,廃止,C22C 5/01 C,C22C 5/01,電気接点用のもの,
2026.01,廃止,C22C 5/01 Z,C22C 5/01,その他のもの,
2026.01,廃止,C22C 37/06 A,C22C 37/06,白鋳鉄,
2026.01,廃止,C22C 37/06 Z,C22C 37/06,その他,
2026.01,廃止,C22C 37/08 A,C22C 37/08,白鋳鉄,
2026.01,廃止,C22C 37/08 Z,C22C 37/08,その他のもの,
2026.01,廃止,C25C 3/12 A,C25C 3/12,材料，製造,
2026.01,廃止,C25C 3/12 B,C25C 3/12,ペグ；スパイク；連結具,
2026.01,廃止,C25C 3/12 C,C25C 3/12,付着電解浴の除去，ロツドからの炭素材の除去,
2026.01,廃止,C25C 3/12 D,C25C 3/12,操作；交換,
2026.01,廃止,C25C 3/12 Z,C25C 3/12,その他のもの,
2026.01,廃止,C25D 1/02 311,C25D 1/02,・・導波管,
2026.01,廃止,C25D 13/18 A,C25D 13/18,周波数，波形に特徴のない交流,
2026.01,廃止,C25D 13/18 Z,C25D 13/18,その他のもの,
2026.01,廃止,D01C 1/04 A,D01C 1/04,装置,
2026.01,廃止,D01C 1/04 Z,D01C 1/04,その他,
2026.01,廃止,D01D 5/096 A,D01D 5/096,給湿,
2026.01,廃止,D01D 5/096 Z,D01D 5/096,その他のもの，例．オイリング,
2026.01,廃止,D01F 6/08 A,D01F 6/08,微細繊維〔注．共重合体，ブレンドも含む〕,
2026.01,廃止,D01F 6/08 Z,D01F 6/08,その他のもの,
2026.01,廃止,D01G 15/02 A,D01G 15/02,タンデムカ－ド,
2026.01,廃止,D01G 15/02 Z,D01G 15/02,その他のもの,
2026.01,廃止,D01G 15/26 A,D01G 15/26,テ－カイン部に特徴のあるもの,
2026.01,廃止,D01G 15/26 Z,D01G 15/26,その他のもの,
2026.01,廃止,D01G 15/36 A,D01G 15/36,斑，太さ，厚さを制御するもの,
2026.01,廃止,D01G 15/36 B,D01G 15/36,タンデムカ－ドに関するもの,
2026.01,廃止,D01G 15/36 Z,D01G 15/36,その他のもの,
2026.01,廃止,D01H 1/00 A,D01H 1/00,ガラ紡,
2026.01,廃止,D01H 1/00 B,D01H 1/00,セルフツイスト,
2026.01,廃止,D01H 1/00 C,D01H 1/00,湿潤紡績,
2026.01,廃止,D01H 1/00 Z,D01H 1/00,その他のもの,
2026.01,廃止,D01H 4/08 A,D01H 4/08,糸または繊維に特徴のあるもの,
2026.01,廃止,D01H 4/08 Z,D01H 4/08,その他のもの,
2026.01,廃止,D01H 4/12 A,D01H 4/12,ロ－タ用ベアリング,
2026.01,廃止,D01H 4/12 B,D01H 4/12,駆動または停止装置,
2026.01,廃止,D01H 4/12 Z,D01H 4/12,その他のもの,
2026.01,廃止,D01H 4/38 A,D01H 4/38,ロ－タスピニング用,
2026.01,廃止,D01H 4/38 B,D01H 4/38,フリクシヨンスピニング用,
2026.01,廃止,D01H 4/38 Z,D01H 4/38,その他のもの,
2026.01,廃止,D02J 1/12 101,D02J 1/12,・・ストレツチ特性の改良,
2026.01,廃止,D02J 1/12 102,D02J 1/12,・・バルク特性の改良,
2026.01,廃止,D03C 1/36 A,D03C 1/36,横針遮敝によるもの,
2026.01,廃止,D03C 1/36 B,D03C 1/36,一本の横針に複シリンダによるもの,
2026.01,廃止,D03C 1/36 C,D03C 1/36,ナイフ切換，移動によるもの,
2026.01,廃止,D03C 1/36 D,D03C 1/36,紋紙とび送りによるもの,
2026.01,廃止,D03C 1/36 E,D03C 1/36,複数シリンダ切換によるもの,
2026.01,廃止,D03C 1/36 F,D03C 1/36,シリンダ逆転によるもの,
2026.01,廃止,D03C 1/36 G,D03C 1/36,シリンダ切換，逆転の併用によるもの,
2026.01,廃止,D03C 1/36 H,D03C 1/36,杼替用紋紙節約に関するもの,
2026.01,廃止,D03C 1/36 Z,D03C 1/36,その他のもの,
2026.01,廃止,D03C 3/24 A,D03C 3/24,紋紙流し,
2026.01,廃止,D03C 3/24 B,D03C 3/24,シリンダ,
2026.01,廃止,D03C 3/24 C,D03C 3/24,ニ－ドル,
2026.01,廃止,D03C 3/24 D,D03C 3/24,竪針,
2026.01,廃止,D03C 3/24 E,D03C 3/24,地板,
2026.01,廃止,D03C 3/24 F,D03C 3/24,ナイフボツクス,
2026.01,廃止,D03C 3/24 G,D03C 3/24,フツク,
2026.01,廃止,D03C 3/24 H,D03C 3/24,紋紙またはチエ－ンの節約装置,
2026.01,廃止,D03C 3/24 J,D03C 3/24,・ナイフの傾きの変更によるもの,
2026.01,廃止,D03C 3/24 K,D03C 3/24,・シリンダ切替えによるもの,
2026.01,廃止,D03C 3/24 L,D03C 3/24,・シリンダ逆転によるもの,
2026.01,廃止,D03C 3/24 M,D03C 3/24,・杼替え用紋紙節約に関するもの,
2026.01,廃止,D03C 3/24 Z,D03C 3/24,その他のもの,
2026.01,廃止,D03C 3/32 A,D03C 3/32,逆転可能のもの,
2026.01,廃止,D03C 3/32 Z,D03C 3/32,その他のもの,
2026.01,廃止,D03C 7/06 A,D03C 7/06,ハの字形長溝によるもの,
2026.01,廃止,D03C 7/06 B,D03C 7/06,穴付きニ－ドルによるもの,
2026.01,廃止,D03C 7/06 C,D03C 7/06,・「図」,
2026.01,廃止,D03C 7/06 D,D03C 7/06,・「図」,
2026.01,廃止,D03C 7/06 Z,D03C 7/06,その他のもの,
2026.01,廃止,D03C 17/00 A,D03C 17/00,写彫,
2026.01,廃止,D03C 17/00 B,D03C 17/00,逆彫,
2026.01,廃止,D03C 17/00 Z,D03C 17/00,その他のもの,
2026.01,廃止,D03C 17/06 A,D03C 17/06,機械的なもの,
2026.01,廃止,D03C 17/06 B,D03C 17/06,電気的なもの,
2026.01,廃止,D03C 17/06 C,D03C 17/06,光学的なもの,
2026.01,廃止,D03C 17/06 Z,D03C 17/06,その他のもの,
2026.01,廃止,D03J 1/06 A,D03J 1/06,ウオ－タジエツトル－ムにおける織物の水分除去，乾燥，廃水処理,
2026.01,廃止,D03J 1/06 Z,D03J 1/06,その他のもの,
2026.01,廃止,D03J 5/24 A,D03J 5/24,摺動駒を用いるもの,
2026.01,廃止,D03J 5/24 B,D03J 5/24,ひ内面のライニング,
2026.01,廃止,D03J 5/24 Z,D03J 5/24,その他のもの,
2026.01,廃止,D04B 7/28 301,D04B 7/28,・・・タツク編（引き上げ編）によるもの,
2026.01,廃止,D04B 7/28 302,D04B 7/28,・・・目移し編によるもの,
2026.01,廃止,D04B 15/01 A,D04B 15/01,ゴム機針床の取り付け装置,
2026.01,廃止,D04B 15/01 B,D04B 15/01,針止め，針押え,
2026.01,廃止,D04B 15/01 C,D04B 15/01,キヤリジストツパ－,
2026.01,廃止,D04B 15/01 Z,D04B 15/01,その他のもの,
2026.01,廃止,D04B 15/76 A,D04B 15/76,電気的装置,
2026.01,廃止,D04B 15/76 Z,D04B 15/76,その他のもの,
2026.01,廃止,D04B 15/84 301,D04B 15/84,・・・ジヤカ－ドカ－ド等情報体,
2026.01,廃止,D04B 15/84 A,D04B 15/84,電気的〔光学的，電磁的を含む〕読み取り機構,
2026.01,廃止,D04B 15/84 Z,D04B 15/84,その他のもの,
2026.01,廃止,D04B 15/94 101,D04B 15/94,・・ダイヤルの駆動装置,
2026.01,廃止,D04B 15/96 101,D04B 15/96,・・・運転範囲の制御,
2026.01,廃止,D04C 5/00 A,D04C 5/00,リバ－レ－ス機など〔５／００～５／２６に相当〕,
2026.01,廃止,D04C 5/00 B,D04C 5/00,組網機〔５／００～５／２６に相当〕,
2026.01,廃止,D04C 5/00 C,D04C 5/00,・錘，導糸子，糸解除など〔５／００～５／２６に相当〕,
2026.01,廃止,D04C 5/00 Z,D04C 5/00,その他のもの〔５／００～５／２６に相当〕,
2026.01,廃止,D04G 1/04 A,D04G 1/04,網糸切断，目計針,
2026.01,廃止,D04G 1/04 B,D04G 1/04,停止装置，目締め装置,
2026.01,廃止,D04G 1/04 Z,D04G 1/04,その他のもの,
2026.01,廃止,D05B 1/06 A,D05B 1/06,ハンドミシン,
2026.01,廃止,D05B 1/06 Z,D05B 1/06,その他のもの,
2026.01,廃止,D05B 3/18 A,D05B 3/18,足袋のこはぜまたはこはぜかけひもを縫い付けるもの,
2026.01,廃止,D05B 3/18 Z,D05B 3/18,その他のもの,
2026.01,廃止,D05B 3/24 A,D05B 3/24,アタツチメントの取付または駆動,
2026.01,廃止,D05B 3/24 B,D05B 3/24,ボタン穴を縫うためのもの,
2026.01,廃止,D05B 3/24 C,D05B 3/24,ジグザグ縫いのためのもの,
2026.01,廃止,D05B 3/24 D,D05B 3/24,円形模様を縫うためのもの,
2026.01,廃止,D05B 3/24 Z,D05B 3/24,その他のもの,
2026.01,廃止,D05B 39/00 101,D05B 39/00,・積層布の保持台,
2026.01,廃止,D05B 69/01 A,D05B 69/01,ソレノイドの駆動，制御,
2026.01,廃止,D05B 69/01 Z,D05B 69/01,その他のもの,
2026.01,廃止,D05B 69/03 A,D05B 69/03,逆転防止,
2026.01,廃止,D05B 69/03 Z,D05B 69/03,その他のもの,
2026.01,廃止,D05B 71/00 A,D05B 71/00,あご部の潤滑,
2026.01,廃止,D05B 71/00 Z,D05B 71/00,その他のもの,
2026.01,廃止,D06B 3/04 A,D06B 3/04,毛糸仕上器,
2026.01,廃止,D06B 3/04 Z,D06B 3/04,その他のもの,
2026.01,廃止,D06B 3/08 A,D06B 3/08,綛状糸の回動時に液を綛と接触した排出口から付与するもの,
2026.01,廃止,D06B 3/08 Z,D06B 3/08,その他のもの,
2026.01,廃止,D06B 17/00 A,D06B 17/00,染色，処理前後の被処理物の取扱い,
2026.01,廃止,D06B 17/00 Z,D06B 17/00,その他のもの,
2026.01,廃止,D06F 59/08 A,D06F 59/08,張り板,
2026.01,廃止,D06F 59/08 Z,D06F 59/08,その他のもの,
2026.01,廃止,D21F 1/48 A,D21F 1/48,加熱流体により脱水を促進するもの,
2026.01,廃止,D21F 1/48 Z,D21F 1/48,その他のもの,
2026.01,廃止,D21F 3/02 A,D21F 3/02,加熱流体により脱水を促進するもの,
2026.01,廃止,D21F 3/02 Z,D21F 3/02,その他のもの〔例．広巾ニツププレス〕,
2026.01,廃止,D21H 17/34 A,D21H 17/34,ハロゲン化炭化水素（Ｈ１１　新設）,
2026.01,廃止,D21H 17/34 B,D21H 17/34,不飽和ニトリル（Ｈ１１　新設）,
2026.01,廃止,D21H 17/34 Z,D21H 17/34,その他のもの（Ｈ１１　新設）,
2026.01,廃止,F01N 3/06 A,F01N 3/06,遠心力を利用した分離手段をもつもの,
2026.01,廃止,F01N 3/06 Z,F01N 3/06,その他のもの,
2026.01,廃止,F02D 1/00 A,F02D 1/00,検出装置,
2026.01,廃止,F02D 1/00 B,F02D 1/00,・位置を検出するもの,
2026.01,廃止,F02D 1/00 Z,F02D 1/00,その他のもの,
2026.01,廃止,F02D 1/06 A,F02D 1/06,空気式調速機,
2026.01,廃止,F02D 1/06 B,F02D 1/06,・始動のためのもの,
2026.01,廃止,F02D 1/06 C,F02D 1/06,・低回転速度域の制御〔アイドルを含む〕,
2026.01,廃止,F02D 1/06 D,F02D 1/06,・最高回転速度制御〔速度変動率〕,
2026.01,廃止,F02D 1/06 E,F02D 1/06,・最大負荷時の制御〔最大噴射量〕,
2026.01,廃止,F02D 1/06 F,F02D 1/06,・停止のためのもの,
2026.01,廃止,F02D 1/06 Z,F02D 1/06,その他のもの,
2026.01,廃止,F02D 1/01 B,F02D 1/01,操作特性を変更するもの〔操作力操作量〕,
2026.01,廃止,F02D 1/01 Z,F02D 1/01,その他のもの,
2026.01,廃止,F02D 1/16 A,F02D 1/16,回転軸間の位相を変えるもの,
2026.01,廃止,F02D 1/16 B,F02D 1/16,・遠心式のもの〔オ－トマチツクタイマ〕,
2026.01,廃止,F02D 1/16 C,F02D 1/16,・・構成の細部,
2026.01,廃止,F02D 1/16 D,F02D 1/16,・・スプリングの張力を変えるもの,
2026.01,廃止,F02D 1/16 E,F02D 1/16,・・カムプロフイ－ルを変更するもの,
2026.01,廃止,F02D 1/16 F,F02D 1/16,・・運転状態に応じた制御,
2026.01,廃止,F02D 1/16 G,F02D 1/16,・・遍心輪式のもの,
2026.01,廃止,F02D 1/16 H,F02D 1/16,・・・構成の細部,
2026.01,廃止,F02D 1/16 J,F02D 1/16,・・・スプリングの張力を変えるもの,
2026.01,廃止,F02D 1/16 K,F02D 1/16,・・・不正運動の防止〔ウエイト〕,
2026.01,廃止,F02D 1/16 L,F02D 1/16,・・・運転状態に応じた制御,
2026.01,廃止,F02D 1/16 M,F02D 1/16,・油圧式のもの,
2026.01,廃止,F02D 1/16 N,F02D 1/16,・・構成の細部,
2026.01,廃止,F02D 1/16 P,F02D 1/16,・・油圧回路に特徴があるもの〔フイルタ等配置〕,
2026.01,廃止,F02D 1/16 Q,F02D 1/16,・・運転状態に応じた制御,
2026.01,廃止,F02D 1/16 T,F02D 1/16,・・遍心輪式のもの,
2026.01,廃止,F02D 1/16 U,F02D 1/16,・電気式のもの,
2026.01,廃止,F02D 1/16 V,F02D 1/16,・タイミングベルトを調整するもの,
2026.01,廃止,F02D 1/16 W,F02D 1/16,カムロ－ラ部に調節機構があるもの,
2026.01,廃止,F02D 1/16 X,F02D 1/16,・プランジヤ位置を調整するもの〔Ｆ０２Ｄ１／１８Ｈが優先〕,
2026.01,廃止,F02D 1/16 Z,F02D 1/16,その他のもの,
2026.01,廃止,F02M 11/00 A,F02M 11/00,減速時対策,
2026.01,廃止,F02M 11/00 B,F02M 11/00,ト－チ点火式機関,
2026.01,廃止,F02M 11/00 C,F02M 11/00,・減速時対策,
2026.01,廃止,F02M 11/00 D,F02M 11/00,・絞り弁,
2026.01,廃止,F02M 11/00 E,F02M 11/00,・燃料系,
2026.01,廃止,F02M 11/00 F,F02M 11/00,・・燃料室，燃料通路，ノズル,
2026.01,廃止,F02M 11/00 G,F02M 11/00,絞り弁,
2026.01,廃止,F02M 11/00 H,F02M 11/00,吸気通路,
2026.01,廃止,F02M 11/00 J,F02M 11/00,エアバルブ，補助弁,
2026.01,廃止,F02M 11/00 K,F02M 11/00,燃料室，燃料通路，ノズル〔Ｐが優先〕,
2026.01,廃止,F02M 11/00 L,F02M 11/00,絞り弁連動機構,
2026.01,廃止,F02M 11/00 M,F02M 11/00,・一次側絞り弁以外の規制手段があるもの,
2026.01,廃止,F02M 11/00 N,F02M 11/00,・エアバルブと関連するもの,
2026.01,廃止,F02M 11/00 P,F02M 11/00,空燃比制御のための燃料系,
2026.01,廃止,F02M 11/00 Q,F02M 11/00,・二次側スロ－系〔つながりに関してはＶが優先〕,
2026.01,廃止,F02M 11/00 R,F02M 11/00,・エアバルブを備えるもの,
2026.01,廃止,F02M 11/00 S,F02M 11/00,・電気的制御手段をもつもの,
2026.01,廃止,F02M 11/00 T,F02M 11/00,・一次と二次のつながり,
2026.01,廃止,F02M 11/00 U,F02M 11/00,・・加速装置があるもの,
2026.01,廃止,F02M 11/00 V,F02M 11/00,・・二次側スロ－系に関するもの,
2026.01,廃止,F02M 11/00 Y,F02M 11/00,検出装置,
2026.01,廃止,F02M 11/00 Z,F02M 11/00,その他のもの,
2026.01,廃止,F02M 11/02 A,F02M 11/02,空気圧力アクチユエ－タを用いるもの〔Ｗが優先〕,
2026.01,廃止,F02M 11/02 B,F02M 11/02,・圧力制御弁があるもの,
2026.01,廃止,F02M 11/02 C,F02M 11/02,・・弁が温度に応動するもの,
2026.01,廃止,F02M 11/02 D,F02M 11/02,・・弁が圧力に応動するもの,
2026.01,廃止,F02M 11/02 E,F02M 11/02,・・弁が車速，回転数に応動するもの,
2026.01,廃止,F02M 11/02 J,F02M 11/02,・アクチユエ－タ自体の構造,
2026.01,廃止,F02M 11/02 K,F02M 11/02,・圧力通路の構造,
2026.01,廃止,F02M 11/02 L,F02M 11/02,・絞り弁連動機構,
2026.01,廃止,F02M 11/02 W,F02M 11/02,ト－チ点火式機関,
2026.01,廃止,F02M 11/02 Z,F02M 11/02,その他のもの,
2026.01,廃止,F02M 11/08 A,F02M 11/08,ト－チ点火式機関,
2026.01,廃止,F02M 11/08 Z,F02M 11/08,その他のもの,
2026.01,廃止,F02M 23/08 A,F02M 23/08,減速時に作動するもの,
2026.01,廃止,F02M 23/08 B,F02M 23/08,・排気系における異常燃焼を防止するもの,
2026.01,廃止,F02M 23/08 C,F02M 23/08,・エンジンブレーキ時に作動するもの,
2026.01,廃止,F02M 23/08 D,F02M 23/08,始動時に作動するもの,
2026.01,廃止,F02M 23/08 E,F02M 23/08,アイドリング時に作動するもの,
2026.01,廃止,F02M 23/08 Z,F02M 23/08,その他のもの,
2026.01,廃止,F02M 23/01 A,F02M 23/01,バイメタル弁部の構造,
2026.01,廃止,F02M 23/01 B,F02M 23/01,暖機運転時,
2026.01,廃止,F02M 23/01 C,F02M 23/01,アイドリング時,
2026.01,廃止,F02M 23/01 Z,F02M 23/01,その他のもの,
2026.01,廃止,F02P 7/04 A,F02P 7/04,キヤツプのクランプ手段に特徴のあるもの,
2026.01,廃止,F02P 7/04 B,F02P 7/04,クランプ手段によらない他の固定手段を有するもの,
2026.01,廃止,F02P 7/04 C,F02P 7/04,パツキングに特徴あるもの,
2026.01,廃止,F02P 7/04 D,F02P 7/04,換気手段に特徴あるもの,
2026.01,廃止,F02P 7/04 Z,F02P 7/04,その他のもの,
2026.01,廃止,F02P 7/06 A,F02P 7/06,プレ－ト部に特徴のあるもの,
2026.01,廃止,F02P 7/06 B,F02P 7/06,・プレ－トの回動に特徴のあるもの,
2026.01,廃止,F02P 7/06 C,F02P 7/06,ケ－ブル接続部に特徴のあるもの,
2026.01,廃止,F02P 7/06 Z,F02P 7/06,その他のもの,
2026.01,廃止,F02P 7/063 A,F02P 7/063,全体構造に特徴あるもの,
2026.01,廃止,F02P 7/063 B,F02P 7/063,カム・ヒ－ル部に特徴のあるもの,
2026.01,廃止,F02P 7/063 C,F02P 7/063,接点部に特徴のあるもの,
2026.01,廃止,F02P 7/063 D,F02P 7/063,カバ－に特徴のあるもの,
2026.01,廃止,F02P 7/063 Z,F02P 7/063,その他のもの,
2026.01,廃止,F02P 7/01 A,F02P 7/01,軸受部に特徴のあるもの,
2026.01,廃止,F02P 7/01 B,F02P 7/01,カツプリング部に特徴のあるもの,
2026.01,廃止,F02P 7/01 C,F02P 7/01,ギア部に特徴のあるもの,
2026.01,廃止,F02P 7/01 D,F02P 7/01,その他の構成に特徴のあるもの,
2026.01,廃止,F02P 7/01 E,F02P 7/01,スラスト処理,
2026.01,廃止,F02P 7/01 F,F02P 7/01,バツクラツシユの防止,
2026.01,廃止,F02P 7/01 G,F02P 7/01,その他の機能上の特徴,
2026.01,廃止,F02P 7/01 H,F02P 7/01,潤滑通路に特徴のあるもの,
2026.01,廃止,F02P 7/01 Z,F02P 7/01,その他のもの,
2026.01,廃止,F02P 17/06 D,F02P 17/06,タイミングライトにより計測を行うもの,
2026.01,廃止,F02P 17/06 M,F02P 17/06,タイミングマークの刻印に特徴のあるもの,
2026.01,廃止,F02P 17/06 Z,F02P 17/06,その他のもの,
2026.01,廃止,F16C 39/02 A,F16C 39/02,起動トルクの減少を図るもの,
2026.01,廃止,F16C 39/02 Z,F16C 39/02,その他,
2026.01,廃止,F21S 13/14 100,F21S 13/14,・・投光装置,
2026.01,廃止,F21S 13/14 110,F21S 13/14,・・・車両用,
2026.01,廃止,F21S 13/14 200,F21S 13/14,・・細部,
2026.01,廃止,F21V 11/06 100,F21V 11/06,・・交差部に特徴を有するもの,
2026.01,廃止,F21V 11/06 300,F21V 11/06,・・条片と条片との取付け；条片と枠との取付け,
2026.01,廃止,F21V 11/06 500,F21V 11/06,・・調整できるもの,
2026.01,廃止,F21V 11/06 510,F21V 11/06,・・・薄片が可動に取り付けられたもの,
2026.01,廃止,F21V 11/06 530,F21V 11/06,・・・取り外し可能なもの,
2026.01,廃止,F23D 3/04 A,F23D 3/04,単筒形燃焼筒をもつもの、例．単筒白炎型バ－ナ,
2026.01,廃止,F23D 3/04 B,F23D 3/04,・白炎型と青炎型の切り換え可能なもの,
2026.01,廃止,F23D 3/04 C,F23D 3/04,・燃焼筒；その形状、取付,
2026.01,廃止,F23D 3/04 D,F23D 3/04,下部に複筒形燃焼筒をもつもの、例．複筒白炎型バ－ナ〔複筒形燃焼筒自体Ｆ２３Ｄ３／１０・Ａ〕,
2026.01,廃止,F23D 3/04 Z,F23D 3/04,その他のもの,
2026.01,廃止,F23D 3/12 A,F23D 3/12,単筒形燃焼筒をもつもの，例．単筒青炎型バ－ナ〔燃焼筒自体Ｆ２３Ｄ３／０４Ｃ〕,
2026.01,廃止,F23D 3/12 Z,F23D 3/12,その他のもの,
2026.01,廃止,F23D 3/38 A,F23D 3/38,燃焼心と吸上心とを分離可能にしたもの,
2026.01,廃止,F23D 3/38 Z,F23D 3/38,その他のもの,
2026.01,廃止,F23Q 2/167 A,F23Q 2/167,調節操作子を燃料容器の下部に有するもの,
2026.01,廃止,F23Q 2/167 B,F23Q 2/167,調節操作子を燃料容器の上部に有するもの,
2026.01,廃止,F23Q 2/167 Z,F23Q 2/167,その他のもの,
2026.01,廃止,F23Q 2/173 A,F23Q 2/173,調節操作子を燃料容器の下部に有するもの,
2026.01,廃止,F23Q 2/173 B,F23Q 2/173,調節操作子を燃料容器の上部に有するもの,
2026.01,廃止,F23Q 2/173 Z,F23Q 2/173,その他のもの,
2026.01,廃止,F23Q 2/46 A,F23Q 2/46,直接縦回しするもの,
2026.01,廃止,F23Q 2/46 B,F23Q 2/46,直接横回しするもの、操作輪を介して横回しするもの,
2026.01,廃止,F23Q 2/46 Z,F23Q 2/46,その他のもの,
2026.01,廃止,F26B 21/00 A,F26B 21/05,熱風を発生及び供給するもの,
2026.01,廃止,F26B 21/00 B,F26B 21/55 100,・給排気ダクト又はノズルの構造に特徴のあるもの,
2026.01,廃止,F26B 21/00 C,F26B 21/55 200,・整流，導風に特徴のあるもの,
2026.01,廃止,F26B 21/00 D,F26B 21/55 300,・送風方向の切り換えに特徴のあるもの,
2026.01,廃止,F26B 21/00 P,F26B 21/45,給湿，蒸気により乾燥するもの,
2026.01,廃止,F26B 21/02,F26B 21/02,・閉サイクルにおける空気またはガスの循環，例．乾燥包囲内だけでの循環（Ｆ２６Ｂ２１／１４が優先）,
2026.01,廃止,F26B 21/04,F26B 21/25,・・部分的に乾燥包囲外におけるもの,
2026.01,廃止,F26B 21/04 A,F26B 21/25 A,循環ガスの循環状態を制御するもの,
2026.01,廃止,F26B 21/04 B,F26B 21/25 B,循環ガス流路に排ガス処理装置を有するもの,
2026.01,廃止,F26B 21/04 C,F26B 21/25 C,循環ガスを冷却，除湿するもの,
2026.01,廃止,F26B 21/04 D,F26B 21/25 D,・ヒ－トポンプを用いるもの,
2026.01,廃止,F26B 21/04 Z,F26B 21/25 Z,その他のもの,
2026.01,廃止,F26B 21/06,F26B 21/03,・ガス供給のパラメータを制御，例．調節，するもの（Ｆ２６Ｂ２１／１４が優先）,
2026.01,廃止,F26B 21/08,F26B 21/33,・・湿度,
2026.01,廃止,F26B 21/01,F26B 21/35,・・温度；圧力,
2026.01,廃止,F26B 21/01 A,F26B 21/35 A,温度の制御,
2026.01,廃止,F26B 21/01 B,F26B 21/35 B,・サ－ミスタを用いるもの,
2026.01,廃止,F26B 21/01 Z,F26B 21/35 Z,その他のもの,
2026.01,廃止,F26B 21/12,F26B 21/37,・・流速；流量,
2026.01,廃止,F26B 21/14,F26B 21/04,・空気または水蒸気以外のガスまたは蒸気を用いるもの,
2026.01,廃止,F26B 23/01 A,F26B 23/01,燃焼ガスによる輻射加熱,
2026.01,廃止,F26B 23/01 Z,F26B 23/01,その他のもの,
2026.01,廃止,F41B 7/04 A,F41B 7/04,ゴム弾性を利用するもの,
2026.01,廃止,F41B 7/04 B,F41B 7/04,スプリング弾性を利用するもの,
2026.01,廃止,F41B 7/04 Z,F41B 7/04,その他のもの,
2026.01,廃止,G01C 1/08 A,G01C 1/08,Ｇ０１Ｃ１／０８～１／１４に含まれるもの,
2026.01,廃止,G01C 1/08 Z,G01C 1/08,その他のもの〔Ｇ０１Ｃ１／０８～１／１４に含まれるもの〕,
2026.01,廃止,G01C 17/04 A,G01C 17/04,磁石に方位目盛盤を固定したもの,
2026.01,廃止,G01C 17/04 B,G01C 17/04,他の器具と結合したもの,
2026.01,廃止,G01C 17/04 C,G01C 17/04,・巻尺,
2026.01,廃止,G01C 17/04 D,G01C 17/04,・傾斜計,
2026.01,廃止,G01C 17/04 E,G01C 17/04,・光学機械,
2026.01,廃止,G01C 17/04 F,G01C 17/04,・時計,
2026.01,廃止,G01C 17/04 Z,G01C 17/04,その他のもの,
2026.01,廃止,G01C 17/26 A,G01C 17/26,光電的なもの,
2026.01,廃止,G01C 17/26 B,G01C 17/26,ホ－ル素子等の感磁素子を用いるもの,
2026.01,廃止,G01C 17/26 Z,G01C 17/26,その他のもの,
2026.01,廃止,G01C 17/28 A,G01C 17/28,取付,
2026.01,廃止,G01C 17/28 B,G01C 17/28,表示,
2026.01,廃止,G01C 17/28 C,G01C 17/28,補正（Ｇ０１Ｃ１７／３８＠Ｃ～＠Ｔ優先）,
2026.01,廃止,G01C 17/28 D,G01C 17/28,回転式,
2026.01,廃止,G01C 17/28 Z,G01C 17/28,その他のもの,
2026.01,廃止,G01C 17/03 A,G01C 17/03,コイル又はコアの構造,
2026.01,廃止,G01C 17/03 Z,G01C 17/03,その他のもの,
2026.01,廃止,G01C 17/38 A,G01C 17/38 Z,試験,
2026.01,廃止,G01C 17/38 D,G01C 17/38 C,・偏差に対する補償,
2026.01,廃止,G01C 17/38 G,G01C 17/38 F,・・円検定,
2026.01,廃止,G01C 17/38 H,G01C 17/38 F,・・補償用磁石を用いるもの,
2026.01,廃止,G01C 17/38 L,G01C 17/38 J,・・・操舵角センサ,
2026.01,廃止,G01C 17/38 M,G01C 17/38 J,・・・道路情報メモリ,
2026.01,廃止,G01C 17/38 N,G01C 17/38 J,・・・航法用電波,
2026.01,廃止,G01C 17/38 T,G01C 17/38 S,・・車載電気機器による外乱,
2026.01,廃止,G01C 22/00 F,G01C 22/00 E,・誘導線路によるもの,
2026.01,廃止,G01C 22/00 M,G01C 22/00 Z,機械的なもの,
2026.01,廃止,G01C 22/00 R,G01C 22/00 Z,記録部を有するもの,
2026.01,廃止,G01C 22/00 V,G01C 22/00 Z,他の変量との組合せ〔Ｇ０１Ｃ２３／００優先〕,
2026.01,廃止,G01C 22/00 X,G01C 22/00 W,・接地輪式,
2026.01,廃止,G01C 23/00 R,G01C 23/00,記録部を有するもの〔例．タコグラフ〕,
2026.01,廃止,G01C 23/00 Z,G01C 23/00,その他のもの,
2026.01,廃止,G01D 1/12 A,G01D 1/12,機械，空気圧式,
2026.01,廃止,G01D 1/12 B,G01D 1/12,アナログ処理,
2026.01,廃止,G01D 1/12 C,G01D 1/12,デジタル処理,
2026.01,廃止,G01D 1/12 D,G01D 1/12,用途に特徴,
2026.01,廃止,G01D 1/12 Z,G01D 1/12,その他,
2026.01,廃止,G01D 5/03 A,G01D 5/03,変換部の構造に関するもの,
2026.01,廃止,G01D 5/03 Z,G01D 5/03,その他,
2026.01,廃止,G01D 5/42 D,G01D 5/42,電空，空電変換に関するもの,
2026.01,廃止,G01D 5/42 Z,G01D 5/42,その他,
2026.01,廃止,G01D 9/12 A,G01D 9/12,スケ－ル移動,
2026.01,廃止,G01D 9/12 Z,G01D 9/12,その他のもの,
2026.01,廃止,G01D 9/16 A,G01D 9/16,打点式,
2026.01,廃止,G01D 9/16 B,G01D 9/16,・記録針を電磁的に上下動するもの,
2026.01,廃止,G01D 9/16 Z,G01D 9/16,その他のもの,
2026.01,廃止,G01D 15/06 A,G01D 15/06,静電式記録素子,
2026.01,廃止,G01D 15/06 Z,G01D 15/06,その他のもの,
2026.01,廃止,G01D 15/16 A,G01D 15/16,インクの給送,
2026.01,廃止,G01D 15/16 Z,G01D 15/16,その他のもの,
2026.01,廃止,G01D 15/24 A,G01D 15/24,記録素子の駆動,
2026.01,廃止,G01D 15/24 B,G01D 15/24,記録体表面の駆動,
2026.01,廃止,G01D 15/24 Z,G01D 15/24,その他のもの,
2026.01,廃止,G01G 23/02 A,G01G 23/02,３６０°以上指示可能なもの,
2026.01,廃止,G01G 23/02 Z,G01G 23/02,その他,
2026.01,廃止,G01N 9/14 A,G01N 9/14,目盛部に特徴のあるもの〔Ｂが優先〕,
2026.01,廃止,G01N 9/14 B,G01N 9/14,吸込式のもの,
2026.01,廃止,G01N 9/14 Z,G01N 9/14,その他のもの,
2026.01,廃止,G01N 9/28 A,G01N 9/28,ノズルの構造に特徴のあるもの,
2026.01,廃止,G01N 9/28 Z,G01N 9/28,その他のもの,
2026.01,廃止,G01N 33/574,G01N 33/575,・・・・癌のためのもの［２００６．０１］,
2026.01,廃止,G01N 33/574 A,G01N 33/575 A,癌関連蛋白質,
2026.01,廃止,G01N 33/574 B,G01N 33/575 B,糖を含有する癌関連物質,
2026.01,廃止,G01N 33/574 C,G01N 33/575 C,癌ウイルス,
2026.01,廃止,G01N 33/574 D,G01N 33/575 D,癌細胞,
2026.01,廃止,G01N 33/574 E,G01N 33/575 E,・癌胎児性抗原［ＣＥＡ］，α－フェトプロテイン［ＡＦＰ］,
2026.01,廃止,G01N 33/574 Z,G01N 33/575 Z,その他のもの,
2026.01,廃止,G01P 1/01 A,G01P 1/01,接触式,
2026.01,廃止,G01P 1/01 B,G01P 1/01,無接触式,
2026.01,廃止,G01P 1/01 Z,G01P 1/01,その他,
2026.01,廃止,G01Q 60/00 101,G01Q 60/00,・プローブの特性,
2026.01,廃止,G03B 1/00 A,G03B 1/00,リ－ル，スプ－ル,
2026.01,廃止,G03B 1/00 B,G03B 1/00,フイルムの検出，フイルムの信号情報,
2026.01,廃止,G03B 1/00 W,G03B 1/00,装置，用途との関連,
2026.01,廃止,G03B 1/00 Z,G03B 1/00,その他,
2026.01,廃止,G03B 1/02 A,G03B 1/02,駆動軸〔台〕へのリ－ル，スプ－ルの取付け,
2026.01,廃止,G03B 1/02 Z,G03B 1/02,その他,
2026.01,廃止,G03B 9/07 A,G03B 9/07,規制部材を持つもの,
2026.01,廃止,G03B 9/07 B,G03B 9/07,ＡＥ〔ＥＥ〕機構,
2026.01,廃止,G03B 9/07 Z,G03B 9/07,その他のもの,
2026.01,廃止,G03B 9/04 A,G03B 9/04,プログラムシヤツタ,
2026.01,廃止,G03B 9/04 Z,G03B 9/04,その他のもの,
2026.01,廃止,G03B 9/62 A,G03B 9/62,制御用電磁機構,
2026.01,廃止,G03B 9/62 B,G03B 9/62,機械的制御機構,
2026.01,廃止,G03B 9/62 C,G03B 9/62,バルブタイム,
2026.01,廃止,G03B 9/62 D,G03B 9/62,ガバナ－,
2026.01,廃止,G03B 9/62 Z,G03B 9/62,その他のもの,
2026.01,廃止,G03B 9/68 A,G03B 9/68,セルフコツキング,
2026.01,廃止,G03B 9/68 B,G03B 9/68,レリ－ズ機構との関連動作,
2026.01,廃止,G03B 9/68 C,G03B 9/68,多重露出,
2026.01,廃止,G03B 9/68 D,G03B 9/68,１フレ－ム１パ－フオレ－シヨンのフイルムに関するもの,
2026.01,廃止,G03B 9/68 Z,G03B 9/68,その他のもの,
2026.01,廃止,G03B 9/07 A,G03B 9/07,レンズシヤツタ・プログラムシヤツタ用,
2026.01,廃止,G03B 9/07 B,G03B 9/07,ＦＰシヤツタ用,
2026.01,廃止,G03B 15/08 A,G03B 15/08,マスクを用いるもの,
2026.01,廃止,G03B 15/08 Z,G03B 15/08,その他のもの,
2026.01,廃止,G03B 15/12 A,G03B 15/12,ハ－フミラ－を用いるもの,
2026.01,廃止,G03B 15/12 Z,G03B 15/12,その他のもの,
2026.01,廃止,G03B 21/11 A,G03B 21/11,ロールフイルム用,
2026.01,廃止,G03B 21/11 B,G03B 21/11,・情報位置の検索,
2026.01,廃止,G03B 21/11 C,G03B 21/11,・・検索マークの読取または表示,
2026.01,廃止,G03B 21/11 D,G03B 21/11,マイクロフイッシュ用,
2026.01,廃止,G03B 21/11 E,G03B 21/11,・情報位置の検索,
2026.01,廃止,G03B 21/11 F,G03B 21/11,・・検索マークの読取または表示,
2026.01,廃止,G03B 21/11 G,G03B 21/11,・フイッシュ支持台，移動装置,
2026.01,廃止,G03B 21/11 Z,G03B 21/11,その他のもの,
2026.01,廃止,G03B 21/05 A,G03B 21/05,制御装置,
2026.01,廃止,G03B 21/05 B,G03B 21/05,張力制御またはループ維持,
2026.01,廃止,G03B 21/05 Z,G03B 21/05,その他のもの,
2026.01,廃止,G03B 23/02 A,G03B 23/02,ロ－ルフイルム用,
2026.01,廃止,G03B 23/02 B,G03B 23/02,シ－トフイルム用,
2026.01,廃止,G03B 23/02 C,G03B 23/02,エンドレスフイルム用,
2026.01,廃止,G03B 23/02 Z,G03B 23/02,その他のもの,
2026.01,廃止,G03B 23/01 A,G03B 23/01,ドラム型キヤリヤ－,
2026.01,廃止,G03B 23/01 B,G03B 23/01,円板型キヤリヤ－,
2026.01,廃止,G03B 23/01 Z,G03B 23/01,その他のもの,
2026.01,廃止,G03D 3/00 A,G03D 3/00,水洗,
2026.01,廃止,G03D 3/00 B,G03D 3/00,絞り、渡り部,
2026.01,廃止,G03D 3/00 C,G03D 3/00,カバ－、シヤツタ－、蓋,
2026.01,廃止,G03D 3/00 D,G03D 3/00,デイスクフイルム処理,
2026.01,廃止,G03D 3/00 E,G03D 3/00,環境、排気,
2026.01,廃止,G03D 3/00 F,G03D 3/00,廃液処理,
2026.01,廃止,G03D 3/00 H,G03D 3/00,ハンガ－型,
2026.01,廃止,G03D 3/00 J,G03D 3/00,検知、制御,
2026.01,廃止,G03D 3/00 K,G03D 3/00,温度制御,
2026.01,廃止,G03D 3/00 L,G03D 3/00,クリ－ニング,
2026.01,廃止,G03D 3/00 Z,G03D 3/00,その他,
2026.01,廃止,G03D 3/06 A,G03D 3/06,補充制御,
2026.01,廃止,G03D 3/06 Z,G03D 3/06,その他,
2026.01,廃止,G03D 3/08 A,G03D 3/08,ロ－ラ自体,
2026.01,廃止,G03D 3/08 B,G03D 3/08,ベルト搬送,
2026.01,廃止,G03D 3/08 C,G03D 3/08,ガイド,
2026.01,廃止,G03D 3/08 D,G03D 3/08,ハンガ－型,
2026.01,廃止,G03D 3/08 E,G03D 3/08,制御,
2026.01,廃止,G03D 3/08 F,G03D 3/08,マルチタンク型,
2026.01,廃止,G03D 3/08 G,G03D 3/08,スリツト型,
2026.01,廃止,G03D 3/08 H,G03D 3/08,トレ－型,
2026.01,廃止,G03D 3/08 Z,G03D 3/08,その他,
2026.01,廃止,G03D 5/04 A,G03D 5/04,テ－ブル形,
2026.01,廃止,G03D 5/04 Z,G03D 5/04,その他,
2026.01,廃止,G03D 15/00 A,G03D 15/00,巻取り,
2026.01,廃止,G03D 15/00 B,G03D 15/00,修正,
2026.01,廃止,G03D 15/00 C,G03D 15/00,発声映画フイルムの処理,
2026.01,廃止,G03D 15/00 Z,G03D 15/00,その他,
2026.01,廃止,G03D 15/02 A,G03D 15/02,熱風,
2026.01,廃止,G03D 15/02 B,G03D 15/02,放射線,
2026.01,廃止,G03D 15/02 C,G03D 15/02,複数手段の併用,
2026.01,廃止,G03D 15/02 D,G03D 15/02,制御,
2026.01,廃止,G03D 15/02 Z,G03D 15/02,その他,
2026.01,廃止,G03D 15/04 A,G03D 15/04,切断,
2026.01,廃止,G03D 15/04 B,G03D 15/04,スプライス,
2026.01,廃止,G03D 15/04 C,G03D 15/04,映画フイルム,
2026.01,廃止,G03D 15/04 Z,G03D 15/04,その他,
2026.01,廃止,G03D 15/01 A,G03D 15/01,マウンテイング,
2026.01,廃止,G03D 15/01 B,G03D 15/01,フイルムの収納,
2026.01,廃止,G03D 15/01 C,G03D 15/01,印画紙の収納,
2026.01,廃止,G03D 15/01 Z,G03D 15/01,その他,
2026.01,廃止,G03F 3/00 A,G03F 3/00,色度標,
2026.01,廃止,G03F 3/00 Z,G03F 3/00,その他のもの,
2026.01,廃止,G03F 3/08 A,G03F 3/08,走査電気信号の処理,
2026.01,廃止,G03F 3/08 B,G03F 3/08,・特色分離,
2026.01,廃止,G03F 3/08 Z,G03F 3/08,その他のもの,
2026.01,廃止,G03F 3/01 A,G03F 3/01,モニタ－装置を有するもの,
2026.01,廃止,G03F 3/01 B,G03F 3/01,カラ－プル－フ,
2026.01,廃止,G03F 3/01 Z,G03F 3/01,その他のもの,
2026.01,廃止,G03F 5/00 A,G03F 5/00,走査電気信号の処理,
2026.01,廃止,G03F 5/00 B,G03F 5/00,網点面積率決定,
2026.01,廃止,G03F 5/00 Z,G03F 5/00,その他のもの,
2026.01,廃止,G03F 5/12 A,G03F 5/12,砂目スクリ－ンの使用,
2026.01,廃止,G03F 5/12 Z,G03F 5/12,その他のもの,
2026.01,廃止,G04B 23/04 A,G04B 23/04,数を附された帯，円筒，円板または板による指示におけるもの,
2026.01,廃止,G04B 23/04 Z,G04B 23/04,その他のもの,
2026.01,廃止,G04C 3/02 A,G04C 3/02,構造,
2026.01,廃止,G04C 3/02 B,G04C 3/02,・総体振子,
2026.01,廃止,G04C 3/02 C,G04C 3/02,・起動・停止,
2026.01,廃止,G04C 3/02 Z,G04C 3/02,その他,
2026.01,廃止,G04C 3/027 A,G04C 3/027,接点式,
2026.01,廃止,G04C 3/027 B,G04C 3/027,駆動回路,
2026.01,廃止,G04C 3/027 C,G04C 3/027,・検出コイルと駆動コイルを兼用,
2026.01,廃止,G04C 3/027 D,G04C 3/027,・外部信号による同期,
2026.01,廃止,G04C 3/027 Z,G04C 3/027,その他,
2026.01,廃止,G04C 15/00 A,G04C 15/00,停電を考慮するもの,
2026.01,廃止,G04C 15/00 B,G04C 15/00,電源周波数を考慮するもの,
2026.01,廃止,G04C 15/00 Z,G04C 15/00,その他のもの,
2026.01,廃止,G04C 23/00 A,G04C 23/00,ラジオを操作するもの,
2026.01,廃止,G04C 23/00 Z,G04C 23/00,その他のもの,
2026.01,廃止,G04G 5/02 A,G04G 5/02,早送り手段,
2026.01,廃止,G04G 5/02 B,G04G 5/02,・異なる同期パルスを選択するもの,
2026.01,廃止,G04G 5/02 C,G04G 5/02,・・連続的に選択するもの,
2026.01,廃止,G04G 5/02 D,G04G 5/02,・所定単位毎のもの,
2026.01,廃止,G04G 5/02 E,G04G 5/02,・設定された値まで早送りするもの,
2026.01,廃止,G04G 5/02 Z,G04G 5/02,その他,
2026.01,廃止,G04G 5/04 A,G04G 5/04,桁毎の修正スイツチによるもの,
2026.01,廃止,G04G 5/04 B,G04G 5/04,修正桁選択用スイツチと修正スイツチによるもの,
2026.01,廃止,G04G 5/04 D,G04G 5/04,・修正桁選択用スイツチを１つの操作部材で行なうもの,
2026.01,廃止,G04G 5/04 E,G04G 5/04,・・カウンタを用いて桁選択を行うもの,
2026.01,廃止,G04G 5/04 F,G04G 5/04,・・・日付・時刻等を切換表示するもの,
2026.01,廃止,G04G 5/04 H,G04G 5/04,・・・修正と修正桁選択を１つの操作部材で行なうもの,
2026.01,廃止,G04G 5/04 J,G04G 5/04,数値入力手段を用いるもの,
2026.01,廃止,G04G 5/04 K,G04G 5/04,・キ－ボ－ドによるもの,
2026.01,廃止,G04G 5/04 L,G04G 5/04,・・修正桁指定キ－を有するもの,
2026.01,廃止,G04G 5/04 Z,G04G 5/04,その他,
2026.01,廃止,G04G 9/08 A,G04G 9/08,セグメント構成に特徴,
2026.01,廃止,G04G 9/08 Z,G04G 9/08,その他,
2026.01,廃止,G05D 5/00 A,G05D 5/00,定寸，定尺,
2026.01,廃止,G05D 5/00 Z,G05D 5/00,その他,
2026.01,廃止,G05D 9/02 A,G05D 9/02,フロ－ト弁を用いるもの,
2026.01,廃止,G05D 9/02 Z,G05D 9/02,その他,
2026.01,廃止,G05D 23/01 A,G05D 23/01,弁装置,
2026.01,廃止,G05D 23/01 Z,G05D 23/01,その他のもの,
2026.01,廃止,G06F 1/18 A,G06F 1/18,接続方式に関するもの,
2026.01,廃止,G06F 1/18 B,G06F 1/18,布線または束線,
2026.01,廃止,G06F 1/18 C,G06F 1/18,ケーブル処理，例．キーボード用ケーブルの収納,
2026.01,廃止,G06F 1/18 D,G06F 1/18,電源供給配線,
2026.01,廃止,G06F 1/18 E,G06F 1/183,接続構造，例．コネクタ形状,
2026.01,廃止,G06F 1/18 F,G06F 1/18,プリント板の実装に関するもの,
2026.01,廃止,G06F 1/18 G,G06F 1/18,プリント板内の配線に関するもの,
2026.01,廃止,G06F 1/18 H,G06F 1/18,活線挿抜,
2026.01,廃止,G06F 1/18 J,G06F 1/18,誤挿入防止，誤抜取防止または実装状態検知,
2026.01,廃止,G06F 1/18 Z,G06F 1/18,その他のもの,
2026.01,廃止,G06F 5/06 650,G06F 5/06,・・分割バッファ，例．複数の独立したキューを容認するもの，双方向のＦＩＦＯ,
2026.01,廃止,G06F 11/14 646,G06F 11/1446,・・・・逐次永続的データのバックアップまたはリストア,
2026.01,廃止,G06F 11/14 648,G06F 11/1446 648,・・・・・バックアップあるいはバックアップリストアに関わるデータの管理,
2026.01,廃止,G06F 11/14 651,G06F 11/1446 651,・・・・・・バックアップ内容の選択による,
2026.01,廃止,G06F 11/14 653,G06F 11/1446 653,・・・・・・データの重複排除使用,
2026.01,廃止,G06F 11/14 656,G06F 11/1446 656,・・・・・バックアップのためのハードウェア配置,
2026.01,廃止,G06F 11/14 658,G06F 11/1446 658,・・・・・バックアップあるいは復元処理の管理,
2026.01,廃止,G06F 11/14 661,G06F 11/1446 661,・・・・・・バックアップスケジュールポリシー,
2026.01,廃止,G06F 11/14 664,G06F 11/1446 664,・・・・・・ネットワーク化された環境のためのもの,
2026.01,廃止,G06F 11/14 666,G06F 11/1446 666,・・・・・・バックアップ処理を非破壊的，又は，無停止に,
2026.01,廃止,G06F 11/14 669,G06F 11/1446 669,・・・・・・バックアップ復元技術,
2026.01,廃止,G06F 11/14 671,G06F 11/1471,・・・・回復用永続的データのロギングに関わる,
2026.01,廃止,G06F 11/14 674,G06F 11/1474,・・・・トランザクション中の,
2026.01,廃止,G06F 11/14 679,G06F 11/1479,・・・エラー検出またはフォルトマスキング用の一般的なソフトウェア技術,
2026.01,廃止,G06F 11/14 682,G06F 11/1482,・・・・ミドルウェアまたはＯＳ機能性の手段による,
2026.01,廃止,G06F 11/14 684,G06F 11/1482 684,・・・・・仮想計算機に関わる,
2026.01,廃止,G06F 11/14 687,G06F 11/1487,・・・・Ｎ－バージョン・プログラミングを使用,
2026.01,廃止,G06F 11/14 689,G06F 11/1489,・・・・回復ブロックを通じて,
2026.01,廃止,G06F 11/14 692,G06F 11/1492,・・・・アプリケーション・ソフトウェアによって行なわるランタイム複製によるもの,
2026.01,廃止,G06F 11/14 694,G06F 11/1492,・・・・・Ｎ－モジュラータイプ,
2026.01,廃止,G06F 11/14 697,G06F 11/1497,・・・単一演算処理装置上の時間冗長実行の細部,
2026.01,廃止,G06F 16/09 100,G06F 16/09,・・知識データベース，例．質問応答システム,
2026.01,廃止,G06G 1/04 650,G06G 1/04,・・・バンドで支持される目盛,
2026.01,廃止,G06G 1/06 650,G06G 1/06,・・・・カーソルの構造,
2026.01,廃止,G06G 1/08 650,G06G 1/08,・・・・シリンダで支持されるもの,
2026.01,廃止,G06G 1/01 650,G06G 1/01,・・・直線目盛,
2026.01,廃止,G06G 7/18 606,G06G 7/18,・・・時間以外の変数に関して,
2026.01,廃止,G06G 7/18 613,G06G 7/18,・・・電気化学的素子を用いるもの，例．ソリオン,
2026.01,廃止,G06G 7/186 650,G06G 7/186,・・・・・初期状態設定を備えるもの,
2026.01,廃止,G06G 7/19 607,G06G 7/19,・・・電荷転送素子を用いるもの,
2026.01,廃止,G06G 7/19 614,G06G 7/19,・・・磁気媒体，線形フイルタを用いるもの,
2026.01,廃止,G06G 7/19 621,G06G 7/19,・・・フーリエ積分，調和解析および合成をするためのもの,
2026.01,廃止,G06G 7/19 628,G06G 7/19,・・・相関積分をするためのもの；畳み込み積分をするためのもの（Ｇ０６Ｇ７／１９５，Ｇ０６Ｇ７／１９，６０７およびＧ０６Ｇ７／１９，６１４が優先）,
2026.01,廃止,G06G 7/19 635,G06G 7/19,・・・・少なくとも一つの入力信号を２レベル信号に変換することによるもの，例．極性相関器,
2026.01,廃止,G06G 7/19 642,G06G 7/19,・・・積の積分をするその他のもの，例．直交関数，ラプラス，ラゲール，ウォルシュ，アダマール，ヒルベルト（Ｇ０６Ｇ７／１９５，Ｇ０６Ｇ７／１９，６０７およびＧ０６Ｇ７／１９，６１４が優先）,
2026.01,廃止,G06G 7/22 510,G06G 7/22,・・・三角関数の値,
2026.01,廃止,G06G 7/22 520,G06G 7/22,・・・座標変換,
2026.01,廃止,G06G 7/22 530,G06G 7/22,・・・ベクトル量を含む計算,
2026.01,廃止,G06G 7/24 510,G06G 7/24,・・・対数関数,
2026.01,廃止,G06G 7/24 520,G06G 7/24,・・・指数関数,
2026.01,廃止,G06G 7/48 650,G06G 7/48,・・粒子，例．電子，の軌道を決定するためのもの（放射線ビーム上で実施される測定Ｇ０１Ｔ１／２９；粒子の飛跡の処理または解析のためのものＧ０１Ｔ５／０２）,
2026.01,廃止,G06K 13/24 A,G06K 13/24,テ－プの残量の検出；テ－プの端部の検出,
2026.01,廃止,G06K 13/24 B,G06K 13/24,テ－プの整列；テ－プ幅の検出,
2026.01,廃止,G06K 13/24 Z,G06K 13/24,その他のもの,
2026.01,廃止,G06K 13/26 A,G06K 13/26,テ－プリ－ル；巻芯,
2026.01,廃止,G06K 13/26 B,G06K 13/26,テ－プの繰出しまたは送り出し及びそのための機構〔テ－プの先端の案内Ｇ０６Ｋ１３／２４Ｚ〕,
2026.01,廃止,G06K 13/26 C,G06K 13/26,移送方式，機構；速度制御；間欠または連続移送の切り換え,
2026.01,廃止,G06K 13/26 D,G06K 13/26,・テ－プテンシヨン及びその調整；テ－プル－プバツフア〔一般Ｇ１１Ｂ〕,
2026.01,廃止,G06K 13/26 E,G06K 13/26,・異常送り対策；ジヤム対策,
2026.01,廃止,G06K 13/26 F,G06K 13/26,テ－プの巻上げまたは巻取り及びそのための機構〔テ－プの端部の検出Ｇ０６Ｋ１３／２４Ａ〕,
2026.01,廃止,G06K 13/26 G,G06K 13/26,テ－プ収納体；テ－プリ－ル収納体,
2026.01,廃止,G06K 13/26 Z,G06K 13/26,その他のもの,
2026.01,廃止,G06K 13/03 A,G06K 13/03,停止制御及びそのための機構；位置決め,
2026.01,廃止,G06K 13/03 Z,G06K 13/03,その他のもの,
2026.01,廃止,G06M 1/06 A,G06M 1/06,最下位桁数字車を連続回転させるもの〔ウオ－ムホイ－ル等を用いるもの等〕,
2026.01,廃止,G06M 1/06 Z,G06M 1/06,その他のもの,
2026.01,廃止,G06M 1/28 A,G06M 1/28,特に電気的帰零機構,
2026.01,廃止,G06M 1/28 B,G06M 1/28,特定値への設定〔零値以外〕,
2026.01,廃止,G06M 1/28 Z,G06M 1/28,その他のもの,
2026.01,廃止,G06M 3/02 A,G06M 3/02,電気スイツチを用いるもの,
2026.01,廃止,G06M 3/02 B,G06M 3/02,プリセツトカウンタを用いるもの,
2026.01,廃止,G06M 3/02 Z,G06M 3/02,その他のもの,
2026.01,廃止,G06M 9/02 A,G06M 9/02,純葉束の計数,
2026.01,廃止,G06M 9/02 B,G06M 9/02,・吸引ヘツド，吸引軸,
2026.01,廃止,G06M 9/02 C,G06M 9/02,・カバ－装置，集塵装置,
2026.01,廃止,G06M 9/02 D,G06M 9/02,・押印装置,
2026.01,廃止,G06M 9/02 E,G06M 9/02,・給排出装置,
2026.01,廃止,G06M 9/02 J,G06M 9/02,・制御回路,
2026.01,廃止,G06M 9/02 K,G06M 9/02,・・比較，判別回路,
2026.01,廃止,G06M 9/02 Z,G06M 9/02,その他のもの,
2026.01,廃止,G06Q 50/00 300,G06Q 10/04,・ソーシャルネットワーク,
2026.01,廃止,G06T 11/00 110,G06T 11/01,・テクスチャまたは色の発生,
2026.01,廃止,G06T 11/02 300,G06T 11/23,・・直線や曲線の描画,
2026.01,廃止,G06T 11/02 600,G06T 11/26,・・チャートやグラフの描画,
2026.01,廃止,G06T 11/06 300,G06T 11/65,・地図の編集,
2026.01,廃止,G06T 11/08,G06T 11/06 600,・手動入力装置，例．マウス，ライトペン，キーボード上の方向キー，を用いて手描きでドロー又はペイントされたイメージを作成または修正するもの［６］,
2026.01,廃止,G06T 11/08 A,G06T 11/06 600 A,ビットマップ画像の編集,
2026.01,廃止,G06T 11/08 B,G06T 11/06 600 B,図形データの編集,
2026.01,廃止,G06T 11/08 C,G06T 11/06 600 C,図形の選択／衝突判定処理,
2026.01,廃止,G06T 11/08 D,G06T 11/06 600 D,部品画像を組み合わせるもの,
2026.01,廃止,G06T 11/08 E,G06T 11/06 600 E,操作に特徴のあるもの,
2026.01,廃止,G06T 11/08 F,G06T 11/06 600 F,特定用途のためのもの,
2026.01,廃止,G06T 11/08 Z,G06T 11/06 600 Z,その他,
2026.01,廃止,G06V 30/248,G06V 30/242 A,・・・・大文字／小文字判定［２０２２．０１］,
2026.01,廃止,G06V 30/249,G06V 30/242 C,・・・・字種判定，例．ひらがな／カタカナ判定［２０２２．０１］,
2026.01,廃止,G06V 30/264,G06V 30/26 A,・・・単語辞書の構成，例．複数の単語辞書，階層構造単語辞書，に特徴を有するもの［２０２２．０１］,
2026.01,廃止,G06V 30/266,G06V 30/26 B,・・・単語辞書との照合の仕方に特徴を有するもの［２０２２．０１］,
2026.01,廃止,G06V 30/268,G06V 30/26 C,・・・単語辞書の作成または修正の仕方に特徴を有するもの［２０２２．０１］,
2026.01,廃止,G07F 11/18 101,G07F 11/18,・・・・・複数の容器から商品を交互に取り出すもの,
2026.01,廃止,G07F 11/18 102,G07F 11/18,・・・・・順次使用される予備の容器から商品を取り出すもの,
2026.01,廃止,G08G 1/00 K,G08G 1/00 J,・・特定場所におけるもの〔トンネル，橋上，踏切，カーブなど〕,
2026.01,廃止,G08G 1/01 K,G08G 1/01 C,・・分離識別装置をもつもの〔車両間，車両と車両以外のもの，車線間など〕,
2026.01,廃止,G08G 1/015 C,G08G 1/015 Z,・特殊車，二，三輪車を判別するもの〔トレーラなど〕,
2026.01,廃止,G08G 1/02 A,G08G 1/02,踏み板，または類似物を使用するもの〔車種判別装置は１／０１５〕,
2026.01,廃止,G08G 1/02 Z,G08G 1/02,その他のもの〔使用せず〕,
2026.01,廃止,G08G 1/04 J,G08G 1/04 Z,超音波式のもの,
2026.01,廃止,G08G 1/042 A,G08G 1/042,誘導または磁気検出装置をもつもの,
2026.01,廃止,G08G 1/042 B,G08G 1/042,・ループコイルを使用するもの,
2026.01,廃止,G08G 1/042 Z,G08G 1/042,その他のもの〔使用せず〕,
2026.01,廃止,G08G 1/054 A,G08G 1/054,撮影装置によるもの〔Ｇ０３Ｂ１５／００参照〕,
2026.01,廃止,G08G 1/054 Z,G08G 1/054,その他のもの〔使用せず〕,
2026.01,廃止,G08G 1/065 A,G08G 1/065,道路上，駐車場などの特定区域におけるもの〔トンネル，橋上など〕,
2026.01,廃止,G08G 1/065 Z,G08G 1/065,その他のもの〔使用せず〕,
2026.01,廃止,G08G 1/07 D,G08G 1/07 C,・・こよみ，時刻との関連，動作モードの切り替え，時刻標準の補償,
2026.01,廃止,G08G 1/07 E,G08G 1/07 C,・・利用者の操作によるもの〔押しボタン式，車両からの操作によるものなど〕,
2026.01,廃止,G08G 1/085 A,G08G 1/085,交通信号のためのもの,
2026.01,廃止,G08G 1/085 Z,G08G 1/085,その他のもの〔使用せず〕,
2026.01,廃止,G08G 1/09 G,G08G 1/09 D,・・ラジオ放送によるもの〔ラジオ，ＴＶによるものなど〕,
2026.01,廃止,G08G 1/0955 A,G08G 1/0955,可搬型のもの〔携帯型，教習用など〕,
2026.01,廃止,G08G 1/0955 B,G08G 1/0955,・交通信号灯のためのもの,
2026.01,廃止,G08G 1/0955 Z,G08G 1/0955,その他のもの〔使用せず〕,
2026.01,廃止,G08G 1/096 A,G08G 1/096,表示時間の経過を示すもの〔残り時間，信号切り替えの予告など〕,
2026.01,廃止,G08G 1/096 Z,G08G 1/096,その他のもの〔使用せず〕,
2026.01,廃止,G08G 1/097 A,G08G 1/097,異常事態，監視に対応するもの〔故障検出，モード切り替え，フェイルセイフなど〕,
2026.01,廃止,G08G 1/097 Z,G08G 1/097,その他のもの〔使用せず〕,
2026.01,廃止,G08G 3/02 A,G08G 3/02,衝突防止に関するもの,
2026.01,廃止,G08G 3/02 Z,G08G 3/02,その他のもの〔使用せず〕,
2026.01,廃止,G08G 7/00 A,G08G 7/00,二種以上のクラフトの同時制御に関するもの,
2026.01,廃止,G08G 7/00 Z,G08G 7/00,その他のもの〔使用せず〕,
2026.01,廃止,G08G 7/02 A,G08G 7/02,衝突防止に関するもの,
2026.01,廃止,G08G 7/02 Z,G08G 7/02,その他のもの〔使用せず〕,
2026.01,廃止,G08G 9/00 A,G08G 9/00,不特定の種類のクラフトに関するもの,
2026.01,廃止,G08G 9/00 Z,G08G 9/00,その他のもの〔使用せず〕,
2026.01,廃止,G08G 9/02 A,G08G 9/02,衝突防止に関するもの,
2026.01,廃止,G08G 9/02 Z,G08G 9/02,その他のもの〔使用せず〕,
2026.01,廃止,G09B 9/34 A,G09B 9/34,ゲ－ムの要素を有するもの,
2026.01,廃止,G09B 9/34 Z,G09B 9/34,その他のもの,
2026.01,廃止,G09B 23/06 A,G09B 23/06,波動の説明,
2026.01,廃止,G09B 23/06 Z,G09B 23/06,その他,
2026.01,廃止,G09G 1/08 A,G09G 1/08,１方向掃引,
2026.01,廃止,G09G 1/08 Z,G09G 1/08,その他,
2026.01,廃止,G09G 1/14 A,G09G 1/14,モデフアイドラスタスキヤン,
2026.01,廃止,G09G 1/14 B,G09G 1/14,極座標走査，〔関連分野，Ｇ０１Ｓ，Ｇ０１Ｎ〕,
2026.01,廃止,G09G 1/14 Z,G09G 1/14,その他〔Ｇ０９Ｇ１／１４Ａ，１／１４Ｂ，１／１６Ａ，１／１６Ｚ，１／１８に該当しないラスタスキヤン〕,
2026.01,廃止,G09G 1/02 A,G09G 1/02,マトリクス状の多ビ－ムを発生するもの〔マトリクス状に電子ビ－ムが発生する管を用いた表示装置の制御，回路，関連分野，Ｈ０４Ｎ５／６６（テレビ用）Ｎ０１Ｊ２９（管自体）Ｇ０９Ｇ３／２０（マトリクス形表示装置の制御，回路〕,
2026.01,廃止,G09G 1/02 Z,G09G 1/02,その他,
2026.01,廃止,G09G 1/28 A,G09G 1/28,シヤドウマスク型，ＣＣＲＴ及び構造に特徴のない，ＣＣＲＴを用いるもの〔・シヤドウマスク（アパ－チヤグリルを含む）型カラ－陰極線管を用いる表示装置の制御，回路・管の構造の特定できないカラ－陰極線管を用いる表示装置の制御，回路例．カラ－陰極線管駆動アンプ，コンバ－ゼンス，ピユリテイ，カラ－バランス関連分野，Ｈ０４Ｎ９／１６，９／６４（カラ－テレビ用）Ｈ０１Ｊ２９（管自体）Ｇ０９Ｇ５／０２（ＣＲＴを用いることに特徴のないもの）〕,
2026.01,廃止,G09G 1/28 Z,G09G 1/28,その他のもの〔特殊なカラ－管を用いた表示装置の制御，回路例．インデツクス管，ペネレ－ト管，投写形表示装置のカラ－管。（アパ－チヤグリルを有するもの→１／２８Ａ）関連分野，Ｈ０４Ｎ９／１６（カラ－テレビ用），Ｈ０１Ｊ２９（管自体）〕,
2026.01,廃止,G09G 3/08 N,G09G 3/08,保守に特徴がある回路、装置,
2026.01,廃止,G09G 3/08 Z,G09G 3/08,その他のもの,
2026.01,廃止,G09G 3/01 A,G09G 3/01,放電灯,
2026.01,廃止,G09G 3/01 B,G09G 3/01,交流駆動,
2026.01,廃止,G09G 3/01 E,G09G 3/01,デジタル表示,
2026.01,廃止,G09G 3/01 L,G09G 3/01,バ－グラフ表示,
2026.01,廃止,G09G 3/01 Z,G09G 3/01,その他のもの,
2026.01,廃止,G11B 3/08 A,G11B 3/08,ア－ムレスト,
2026.01,廃止,G11B 3/08 Z,G11B 3/08,その他のもの,
2026.01,廃止,G11B 3/095 A,G11B 3/095,・非接触型,
2026.01,廃止,G11B 3/095 B,G11B 3/095,・回数の設定,
2026.01,廃止,G11B 3/095 C,G11B 3/095,・範囲の設定,
2026.01,廃止,G11B 3/095 D,G11B 3/095,・・非接触型,
2026.01,廃止,G11B 3/095 J,G11B 3/095,複数録音帯からの選曲〔曲間検出手段付〕,
2026.01,廃止,G11B 3/095 K,G11B 3/095,複数録音帯からの撰曲〔機械的なもの，その他〕,
2026.01,廃止,G11B 3/095 L,G11B 3/095,レコ－ドサイズに応じた位置設定機構,
2026.01,廃止,G11B 3/095 M,G11B 3/095,任意位置設定機構,
2026.01,廃止,G11B 3/095 N,G11B 3/095,リピ－ト機構〔その他〕,
2026.01,廃止,G11B 3/095 Q,G11B 3/095,始動機構,
2026.01,廃止,G11B 3/095 R,G11B 3/095,リ－ドアウトのための検出,
2026.01,廃止,G11B 3/095 S,G11B 3/095,・ア－ム速度変化の検出によるもの,
2026.01,廃止,G11B 3/095 T,G11B 3/095,・・非接触型,
2026.01,廃止,G11B 3/095 U,G11B 3/095,・・・パルスを利用するもの,
2026.01,廃止,G11B 3/095 V,G11B 3/095,・ア－ムの到達位置の検出によるもの,
2026.01,廃止,G11B 3/095 W,G11B 3/095,・・非接触型,
2026.01,廃止,G11B 3/095 X,G11B 3/095,・ピツクアツプの出力信号の検出によるもの,
2026.01,廃止,G11B 3/095 Z,G11B 3/095,その他のもの,
2026.01,廃止,G11B 3/28 A,G11B 3/28,ラテラルバランス,
2026.01,廃止,G11B 3/28 Z,G11B 3/28,その他のもの,
2026.01,廃止,G11B 3/46 A,G11B 3/46,記録針,
2026.01,廃止,G11B 3/46 C,G11B 3/46,再生針,
2026.01,廃止,G11B 3/46 D,G11B 3/46,・形状に特徴を有するもの,
2026.01,廃止,G11B 3/46 K,G11B 3/46,・材料に特徴を有するもの,
2026.01,廃止,G11B 3/46 P,G11B 3/46,・支持体への固着,
2026.01,廃止,G11B 3/46 Z,G11B 3/46,その他,
2026.01,廃止,G11B 3/56 A,G11B 3/56,研摩盤,
2026.01,廃止,G11B 3/56 B,G11B 3/56,・研摩面,
2026.01,廃止,G11B 3/56 Z,G11B 3/56,その他,
2026.01,廃止,G11B 3/68 A,G11B 3/68,帯状記録担体,
2026.01,廃止,G11B 3/68 Z,G11B 3/68,その他のもの,
2026.01,廃止,G11B 5/008 A,G11B 5/008,ヘリカルスキヤン,
2026.01,廃止,G11B 5/008 Z,G11B 5/008,その他のもの,
2026.01,廃止,G11B 5/03 A,G11B 5/03,バイアス発振回路,
2026.01,廃止,G11B 5/03 B,G11B 5/03,・直流バイアス回路,
2026.01,廃止,G11B 5/03 C,G11B 5/03,バイアス可変記録,
2026.01,廃止,G11B 5/03 D,G11B 5/03,周波数分割記録,
2026.01,廃止,G11B 5/03 E,G11B 5/03,ビ－ト防止,
2026.01,廃止,G11B 5/03 Z,G11B 5/03,その他,
2026.01,廃止,G11B 5/11 A,G11B 5/11,構造,
2026.01,廃止,G11B 5/11 J,G11B 5/11,製造,
2026.01,廃止,G11B 5/11 Z,G11B 5/11,その他,
2026.01,廃止,G11B 5/133 A,G11B 5/133,一般,
2026.01,廃止,G11B 5/133 D,G11B 5/133,製造法,
2026.01,廃止,G11B 5/133 Z,G11B 5/133,その他,
2026.01,廃止,G11B 5/23 A,G11B 5/23,一般,
2026.01,廃止,G11B 5/23 B,G11B 5/23,ギヤツプタイプの垂直記録ヘツド,
2026.01,廃止,G11B 5/23 D,G11B 5/23,製造法，ギヤツプ形成法〔Ｈ，Ｌ，Ｗ優先〕,
2026.01,廃止,G11B 5/23 H,G11B 5/23,消去ヘツド,
2026.01,廃止,G11B 5/23 J,G11B 5/23,マルチギヤツプ，マルチヘツド型〔５／２９が主分類〕,
2026.01,廃止,G11B 5/23 K,G11B 5/23,ギヤツプ面の積層構造,
2026.01,廃止,G11B 5/23 L,G11B 5/23,狭ギヤツプ用,
2026.01,廃止,G11B 5/23 R,G11B 5/23,回転ヘツド，デイスク用〔アジマス型を含む〕,
2026.01,廃止,G11B 5/23 W,G11B 5/23,薄膜ヘツド〔５／３１が主分類〕,
2026.01,廃止,G11B 5/23 Z,G11B 5/23,その他,
2026.01,廃止,G11B 5/335 A,G11B 5/335,パラメ－タ励振を用いるもの,
2026.01,廃止,G11B 5/335 Z,G11B 5/335,その他のもの,
2026.01,廃止,G11B 5/465 A,G11B 5/465,ヘツド自身に消磁電流を流すもの,
2026.01,廃止,G11B 5/465 B,G11B 5/465,電磁石を用いるもの,
2026.01,廃止,G11B 5/465 C,G11B 5/465,カセツト〔カ－トリツジ〕に収めたもの,
2026.01,廃止,G11B 5/465 D,G11B 5/465,・回路,
2026.01,廃止,G11B 5/465 E,G11B 5/465,永久磁石を用いるもの,
2026.01,廃止,G11B 5/465 F,G11B 5/465,帯磁防止,
2026.01,廃止,G11B 5/465 Z,G11B 5/465,その他のもの,
2026.01,廃止,G11B 5/49 A,G11B 5/49,固定ヘツドの取付け,
2026.01,廃止,G11B 5/49 B,G11B 5/49,・取付位置の調整が可能なもの,
2026.01,廃止,G11B 5/49 C,G11B 5/49,浮動〔スライド〕ヘツドの取付け,
2026.01,廃止,G11B 5/49 D,G11B 5/49,・取付位置の調整が可能なもの,
2026.01,廃止,G11B 5/49 Z,G11B 5/49,その他のもの,
2026.01,廃止,G11B 5/53 101,G11B 5/53,・・・・ヘツドの配置,
2026.01,廃止,G11B 5/53 101 A,G11B 5/53,特殊再生のためのもの〔スロ－，クイツク，スチル等〕,
2026.01,廃止,G11B 5/53 101 B,G11B 5/53,アフレコ，同時モニタ,
2026.01,廃止,G11B 5/53 101 C,G11B 5/53,特殊なトラツク構成のためのもの〔マルチトラツク等〕,
2026.01,廃止,G11B 5/53 101 Z,G11B 5/53,その他のもの,
2026.01,廃止,G11B 5/53 102,G11B 5/53,・・・・ヘツド保持体へのヘツド〔チツプ〕の取付け,
2026.01,廃止,G11B 5/53 103,G11B 5/53,・・・・回転支持体へのヘツドまたはヘツド保持体の取付け,
2026.01,廃止,G11B 5/53 103 A,G11B 5/53,取付位置調整手段をもつもの,
2026.01,廃止,G11B 5/53 103 B,G11B 5/53,取付位置調整手段をもたないもの,
2026.01,廃止,G11B 5/53 103 C,G11B 5/53,ヘツドバ－の取付け,
2026.01,廃止,G11B 5/53 103 D,G11B 5/53,交換を容易にしたもの〔ヘツドバ－の交換含む〕,
2026.01,廃止,G11B 5/53 103 Z,G11B 5/53,その他のもの,
2026.01,廃止,G11B 5/53 104,G11B 5/53,・・・・ヘツド取付のための組立治具、ヘツド取付位置調整装置,
2026.01,廃止,G11B 5/53 104 A,G11B 5/53,調整を意図していない取付装置,
2026.01,廃止,G11B 5/53 104 B,G11B 5/53,取付位置調整装置〔取付位置測定→５／４５５〕,
2026.01,廃止,G11B 5/53 104 C,G11B 5/53,・突出量調整装置〔突出量のみの調整〕,
2026.01,廃止,G11B 5/53 104 Z,G11B 5/53,その他のもの,
2026.01,廃止,G11B 5/53 A,G11B 5/53,記録媒体との接触に関するもの,
2026.01,廃止,G11B 5/53 B,G11B 5/53,電気的接続,
2026.01,廃止,G11B 5/53 Z,G11B 5/53,その他のもの,
2026.01,廃止,G11B 5/55 A,G11B 5/55,キヤプスタン軸の回転力を利用してヘツドを変位させるもの,
2026.01,廃止,G11B 5/55 C,G11B 5/55,トラツクを飛び越してヘツドを変位させるもの,
2026.01,廃止,G11B 5/55 Z,G11B 5/55,その他のもの,
2026.01,廃止,G11B 5/588 A,G11B 5/588,誤差信号の検出に特徴を有するもの〔Ｃ優先〕,
2026.01,廃止,G11B 5/588 B,G11B 5/588,・磁気テ－プ上でのパイロツト信号に特徴のあるもの,
2026.01,廃止,G11B 5/588 C,G11B 5/588,ウオブリング〔デイザ〕方式,
2026.01,廃止,G11B 5/588 J,G11B 5/588,駆動構造（電磁石等）,
2026.01,廃止,G11B 5/588 K,G11B 5/588,駆動信号（通常再生）,
2026.01,廃止,G11B 5/588 L,G11B 5/588,・鋸歯状波信号（特殊再生）,
2026.01,廃止,G11B 5/588 M,G11B 5/588,遠心力型,
2026.01,廃止,G11B 5/588 Z,G11B 5/588,その他のもの,
2026.01,廃止,G11B 9/06 A,G11B 9/06,記録担体に相対的なヘツドの配置または取付け,
2026.01,廃止,G11B 9/06 B,G11B 9/06,ヘツドの清掃,
2026.01,廃止,G11B 9/06 C,G11B 9/06,記録担体〔Ｓが優先〕,
2026.01,廃止,G11B 9/06 S,G11B 9/06,記録担体として半導体を用いるもの,
2026.01,廃止,G11B 9/06 Z,G11B 9/06,その他のもの,
2026.01,廃止,G11B 9/01 A,G11B 9/01,電子ビ－ム感剤を用いるもの,
2026.01,廃止,G11B 9/01 Z,G11B 9/01,その他のもの,
2026.01,廃止,G11B 19/01 100,G11B 19/01,・・・回転盤状記録担体〔ディスク〕の有無検出（注：同時にディスクの寸法，種類を検出しているものは１９／１２，記録禁止を検出しているものは１９／０４にも分類する）（ディスクの有無が識別可能なディスクチェンジャ用マガジン→Ｇ１１Ｂ２３）（記録担体がディスクに限らないものは分類しない）（記録再生方式固有のものは記録再生方式の分類優先）,
2026.01,廃止,G11B 19/01 100 B,G11B 19/01,Ｆに該当しない光学的手段〔光学センサ，光学的記録再生手段の光〕による検出（ディスクチェンジャにおける収納部位置検出→Ｇ１１Ｂ１７）（焦点検索→Ｇ１１Ｂ７／０８５）,
2026.01,廃止,G11B 19/01 100 F,G11B 19/01,記録担体又はその容器に接触することによる検出〔例．ターンテーブル上の接触子〕（案内機構，ディスクチェンジャにおける収納部位置検出→Ｇ１１Ｂ１７）,
2026.01,廃止,G11B 19/01 100 W,G11B 19/01,ディスクの質量を検出することによる検出〔例．ターンテーブルの回転特性を用いた検出〕（ディスクの回転駆動→１９／２０以下）,
2026.01,廃止,G11B 19/01 100 Z,G11B 19/01,その他,
2026.01,廃止,G11B 19/24 R,G11B 19/24,ディスク状記録担体の駆動用,
2026.01,廃止,G11B 19/24 Z,G11B 19/24,その他,
2026.01,廃止,G11B 19/247 R,G11B 19/247,ディスク状記録担体の駆動用,
2026.01,廃止,G11B 19/247 Z,G11B 19/247,その他,
2026.01,廃止,G11B 19/253 R,G11B 19/253,ディスク状記録担体の駆動用,
2026.01,廃止,G11B 19/253 Z,G11B 19/253,その他,
2026.01,廃止,G11B 19/26 R,G11B 19/26,ディスク状記録担体の駆動用,
2026.01,廃止,G11B 19/26 Z,G11B 19/26,その他,
2026.01,廃止,G11B 19/265 R,G11B 19/265,ディスク状記録担体の駆動用,
2026.01,廃止,G11B 19/265 Z,G11B 19/265,その他,
2026.01,廃止,G11B 19/27 R,G11B 19/27,ディスク状記録担体の駆動用,
2026.01,廃止,G11B 19/27 Z,G11B 19/27,その他,
2026.01,廃止,G11B 19/275 R,G11B 19/275,ディスク状記録担体の駆動用,
2026.01,廃止,G11B 19/275 Z,G11B 19/275,その他,
2026.01,廃止,G11B 20/06 301,G11B 20/06,・・・ドロツプアウトの補償,
2026.01,廃止,G11B 20/06 302,G11B 20/06,・・・時間軸変動の補正,
2026.01,廃止,G11B 21/03 A,G11B 21/03,ジツタ補正機構,
2026.01,廃止,G11B 21/03 B,G11B 21/03,ジツタ補正回路,
2026.01,廃止,G11B 21/03 Z,G11B 21/03,その他,
2026.01,廃止,G11B 21/04 A,G11B 21/04,ヘツド送り機構,
2026.01,廃止,G11B 21/04 B,G11B 21/04,・ＰＥＳ（位置誤差信号）によるキヤリツジの送りと併用されるキヤリツジの送り,
2026.01,廃止,G11B 21/04 D,G11B 21/04,・デイスクとの同期機構,
2026.01,廃止,G11B 21/04 E,G11B 21/04,・デイスクとの同期回路,
2026.01,廃止,G11B 21/04 Z,G11B 21/04,その他,
2026.01,廃止,G11B 21/24 A,G11B 21/24,ヘツド＝キヤリツジ間調整,
2026.01,廃止,G11B 21/24 B,G11B 21/24,キヤリツジ＝レ－ル間調整,
2026.01,廃止,G11B 21/24 C,G11B 21/24,レ－ル＝基板間調整,
2026.01,廃止,G11B 21/24 D,G11B 21/24,位置調整方法、調整用部材,
2026.01,廃止,G11B 21/24 Z,G11B 21/24,その他,
2026.01,廃止,G11B 23/027 A,G11B 23/027,バンド,
2026.01,廃止,G11B 23/027 B,G11B 23/027,複数を収納する容器,
2026.01,廃止,G11B 23/027 Z,G11B 23/027,その他のもの,
2026.01,廃止,G11B 23/033 101,G11B 23/033,・・・・密封形状型でソフトタイプ,
2026.01,廃止,G11B 23/033 101 A,G11B 23/033,デイスクジヤケツト〔ライナを含む〕,
2026.01,廃止,G11B 23/033 101 B,G11B 23/033,・外表面,
2026.01,廃止,G11B 23/033 101 C,G11B 23/033,・デイスクジヤケツトの材料,
2026.01,廃止,G11B 23/033 101 E,G11B 23/033,製造,
2026.01,廃止,G11B 23/033 101 F,G11B 23/033,・外周辺部,
2026.01,廃止,G11B 23/033 101 G,G11B 23/033,・記録再生用開口部,
2026.01,廃止,G11B 23/033 101 H,G11B 23/033,・視認のためのもの（ラベル等）,
2026.01,廃止,G11B 23/033 101 M,G11B 23/033,・折畳み,
2026.01,廃止,G11B 23/033 101 N,G11B 23/033,・糊代部の接合,
2026.01,廃止,G11B 23/033 101 S,G11B 23/033,ライナ－,
2026.01,廃止,G11B 23/033 101 T,G11B 23/033,・材料,
2026.01,廃止,G11B 23/033 101 U,G11B 23/033,・デイスクとの接合,
2026.01,廃止,G11B 23/033 101 V,G11B 23/033,・・接合パタ－ン,
2026.01,廃止,G11B 23/033 101 W,G11B 23/033,記録再生用開口部の蓋,
2026.01,廃止,G11B 23/033 101 Z,G11B 23/033,その他のもの,
2026.01,廃止,G11B 23/033 102,G11B 23/033,・・・・フレキシブルデイスクを封入した硬質容器,
2026.01,廃止,G11B 23/033 102 A,G11B 23/033,記録再生用開口部を容器上下面に有するもの,
2026.01,廃止,G11B 23/033 102 B,G11B 23/033,・容器の上下表面に特徴を有するもの,
2026.01,廃止,G11B 23/033 102 C,G11B 23/033,・・視認できる情報を有するもの,
2026.01,廃止,G11B 23/033 102 D,G11B 23/033,・ハ－フ内面側に特徴を有するもの,
2026.01,廃止,G11B 23/033 102 E,G11B 23/033,・・凹凸，リブ,
2026.01,廃止,G11B 23/033 102 F,G11B 23/033,・ハ－フ本体の蓋の配設部に特徴のあるもの,
2026.01,廃止,G11B 23/033 102 G,G11B 23/033,・・蓋の案内,
2026.01,廃止,G11B 23/033 102 H,G11B 23/033,・ハ－フ側面に特徴のあるもの,
2026.01,廃止,G11B 23/033 102 J,G11B 23/033,上下ハ－フの結合,
2026.01,廃止,G11B 23/033 102 P,G11B 23/033,ライナ－,
2026.01,廃止,G11B 23/033 102 Q,G11B 23/033,・ライナ－とハ－フの接合,
2026.01,廃止,G11B 23/033 102 R,G11B 23/033,・・接合部分に特徴のあるもの,
2026.01,廃止,G11B 23/033 102 U,G11B 23/033,・・ライナ－を圧する部材（リフタ－）,
2026.01,廃止,G11B 23/033 102 V,G11B 23/033,・ハ－フと同一部材で一体に形成されたもの,
2026.01,廃止,G11B 23/033 102 Y,G11B 23/033,材料,
2026.01,廃止,G11B 23/033 102 Z,G11B 23/033,その他のもの,
2026.01,廃止,G11B 23/033 601,G11B 23/033,・・・・・記録再生用開口部の蓋,
2026.01,廃止,G11B 23/033 601 A,G11B 23/033,コ字状以外の蓋,
2026.01,廃止,G11B 23/033 601 E,G11B 23/033,断面コ字状蓋,
2026.01,廃止,G11B 23/033 601 F,G11B 23/033,・一枚の平板を折り曲げられたもの,
2026.01,廃止,G11B 23/033 601 G,G11B 23/033,・成形されたもの,
2026.01,廃止,G11B 23/033 601 K,G11B 23/033,・容器との摺動部,
2026.01,廃止,G11B 23/033 601 L,G11B 23/033,・・容器側の案内を受けるもの,
2026.01,廃止,G11B 23/033 601 M,G11B 23/033,・ばね、スプリング部,
2026.01,廃止,G11B 23/033 601 N,G11B 23/033,・ロツク部,
2026.01,廃止,G11B 23/033 601 P,G11B 23/033,材料,
2026.01,廃止,G11B 23/033 601 Q,G11B 23/033,・金属,
2026.01,廃止,G11B 23/033 601 Z,G11B 23/033,その他のもの,
2026.01,廃止,G11B 23/033 602,G11B 23/033,・・・・製造（他の分類とともに付与する）,
2026.01,廃止,G11B 23/033 602 A,G11B 23/033,構成部材,
2026.01,廃止,G11B 23/033 602 B,G11B 23/033,部品の組立,
2026.01,廃止,G11B 23/033 602 C,G11B 23/033,・仮組立,
2026.01,廃止,G11B 23/033 602 F,G11B 23/033,成形,
2026.01,廃止,G11B 23/033 602 H,G11B 23/033,搬送,
2026.01,廃止,G11B 23/033 602 J,G11B 23/033,・部品から完成品の連続した流れ,
2026.01,廃止,G11B 23/033 602 K,G11B 23/033,・・移し替え,
2026.01,廃止,G11B 23/033 602 L,G11B 23/033,・・部品の流れ,
2026.01,廃止,G11B 23/033 602 M,G11B 23/033,試験、検査,
2026.01,廃止,G11B 23/033 602 Z,G11B 23/033,その他のもの,
2026.01,廃止,G11B 23/06 A,G11B 23/06,「図」,
2026.01,廃止,G11B 23/06 B,G11B 23/06,「図」,
2026.01,廃止,G11B 23/06 Z,G11B 23/06,その他のもの,
2026.01,廃止,G11B 23/07 A,G11B 23/07,「図」,
2026.01,廃止,G11B 23/07 B,G11B 23/07,「図」,
2026.01,廃止,G11B 23/07 C,G11B 23/07,「図」,
2026.01,廃止,G11B 23/07 Z,G11B 23/07,その他のもの,
2026.01,廃止,G11B 23/08 A,G11B 23/08,垂直磁気記録用,
2026.01,廃止,G11B 23/08 B,G11B 23/08,光磁気記録用,
2026.01,廃止,G11B 23/08 Z,G11B 23/08,その他のもの,
2026.01,廃止,G11B 23/32 A,G11B 23/32,テ－プに付加されたもの,
2026.01,廃止,G11B 23/32 B,G11B 23/32,・ＥＯＴ，ＢＯＴ,
2026.01,廃止,G11B 23/32 Z,G11B 23/32,その他のもの,
2026.01,廃止,G11B 23/34 A,G11B 23/34,テ－プ上のもの,
2026.01,廃止,G11B 23/34 Z,G11B 23/34,その他のもの,
2026.01,廃止,G11B 23/36 A,G11B 23/36,テ－プ上のもの,
2026.01,廃止,G11B 23/36 B,G11B 23/36,デイスク上のもの,
2026.01,廃止,G11B 23/36 E,G11B 23/36,〔テ－プ及びデイスク〕カ－トリツジ上のもの,
2026.01,廃止,G11B 23/36 Z,G11B 23/36,その他のもの,
2026.01,廃止,G11B 23/44 A,G11B 23/44,カ－ド用,
2026.01,廃止,G11B 23/44 C,G11B 23/44,テ－プ用,
2026.01,廃止,G11B 23/44 E,G11B 23/44,シ－ト用,
2026.01,廃止,G11B 23/44 Z,G11B 23/44,その他のもの,
2026.01,廃止,G11B 25/02 A,G11B 25/02,円筒状レコ－ド,
2026.01,廃止,G11B 25/02 B,G11B 25/02,ドラムの一方又は両方が開放されているもの,
2026.01,廃止,G11B 25/02 C,G11B 25/02,・ドラム内にモ－タ，ヘツド等を配置したもの,
2026.01,廃止,G11B 25/02 Z,G11B 25/02,その他のもの,
2026.01,廃止,G11B 25/06 A,G11B 25/06,テ－プを用いるもの,
2026.01,廃止,G11B 25/06 C,G11B 25/06,ベルトを用いるもの,
2026.01,廃止,G11B 25/06 E,G11B 25/06,・ヘツドを回転させるもの,
2026.01,廃止,G11B 25/06 G,G11B 25/06,・ヘツドを往復させるもの,
2026.01,廃止,G11B 25/06 Z,G11B 25/06,その他のもの,
2026.01,廃止,G11B 25/01 A,G11B 25/01,テ－プ＋デイスク,
2026.01,廃止,G11B 25/01 B,G11B 25/01,テ－プ＋カ－ド,
2026.01,廃止,G11B 25/01 Z,G11B 25/01,その他のもの,
2026.01,廃止,G11B 27/13 A,G11B 27/13,基準パルス信号を用いるもの,
2026.01,廃止,G11B 27/13 Z,G11B 27/13,その他のもの〔テ－プテンシヨン，周波数発電機，電位記憶素子等〕,
2026.01,廃止,G11B 27/15 A,G11B 27/15,機械的カウンタの駆動に関するもの,
2026.01,廃止,G11B 27/15 B,G11B 27/15,機械的カウンタを用いたプリセツト索引,
2026.01,廃止,G11B 27/15 Z,G11B 27/15,その他のもの,
2026.01,廃止,G11B 27/17 A,G11B 27/17,回転体〔リ－ル軸，キヤプスタン軸等〕の回転をカウント積算するもの,
2026.01,廃止,G11B 27/17 B,G11B 27/17,一方のリ－ル軸の回転速度変化を利用するもの,
2026.01,廃止,G11B 27/17 C,G11B 27/17,巻取，供給の両方のリ－ル軸の回転速度変化を利用するもの,
2026.01,廃止,G11B 27/17 D,G11B 27/17,電気カウンタを用いたプリセツト索引〔共通事項２７／１１，テ－プ上の信号をカウント２７／１９〕,
2026.01,廃止,G11B 27/17 E,G11B 27/17,テ－プ定数を自動的に算出するもの,
2026.01,廃止,G11B 27/17 J,G11B 27/17,・機械的カウンタに結合したもの,
2026.01,廃止,G11B 27/17 Z,G11B 27/17,その他のもの,
2026.01,廃止,G11B 27/19 A,G11B 27/19,テ－プ上の記録パルス〔ＣＴＬ，水平，垂直同期パルスを含む〕をカウント積算するもの,
2026.01,廃止,G11B 27/19 B,G11B 27/19,テ－プ上の記録パルスのカウントによる索引〔共通事項２７／１１，曲間のカウント２７／２２〕,
2026.01,廃止,G11B 27/19 C,G11B 27/19,カウントの誤差補正に関するもの,
2026.01,廃止,G11B 27/19 Z,G11B 27/19,その他のもの,
2026.01,廃止,G11B 27/22 A,G11B 27/22,無信号のカウントによる索引,
2026.01,廃止,G11B 27/22 B,G11B 27/22,キユ－信号のカウントによる索引,
2026.01,廃止,G11B 27/22 C,G11B 27/22,曲間信号のカウント値の補正,
2026.01,廃止,G11B 27/22 D,G11B 27/22,無信号の検出〔それ自体１５／０８７・１０２〕,
2026.01,廃止,G11B 27/22 E,G11B 27/22,キユ－信号の検出〔それ自体１５／０８７・１０１〕,
2026.01,廃止,G11B 27/22 Z,G11B 27/22,その他のもの,
2026.01,廃止,G11C 21/02 100,G11C 21/02,・・圧電トランスデューサーを用いるもの，例．水銀タンク,
2026.01,廃止,G11C 21/02 110,G11C 21/02,・・磁歪トランスデューサーを用いるもの，例．ニッケル遅延線,
2026.01,廃止,G21C 15/04 S,G21C 15/04,スウイミングプール型,
2026.01,廃止,G21C 15/04 Z,G21C 15/04,その他のもの,
2026.01,廃止,H01B 13/24 A,H01B 13/24,油入ケーブルに関するもの,
2026.01,廃止,H01B 13/24 B,H01B 13/24,自己支持線，抗張力線に関するもの,
2026.01,廃止,H01B 13/24 Z,H01B 13/24,その他のもの,
2026.01,廃止,H01B 17/54 A,H01B 17/54,加熱,
2026.01,廃止,H01B 17/54 B,H01B 17/54,冷却,
2026.01,廃止,H01B 17/54 Z,H01B 17/54,その他のもの,
2026.01,廃止,H01C 10/12 C,H01C 10/12,カ－ボンパイルを用いるもの「図」,
2026.01,廃止,H01C 10/12 M,H01C 10/12,・電動機速度制御用抵抗装置，ミシン用コントロ－ラ,
2026.01,廃止,H01C 10/12 Z,H01C 10/12,その他のもの,
2026.01,廃止,H01C 10/05 S,H01C 10/05,直線スライド型可変抵抗器との結合〔ねじ駆動のものは除く〕「図」,
2026.01,廃止,H01C 10/05 Z,H01C 10/05,その他のもの,
2026.01,廃止,H01F 7/01 A,H01F 7/01,交流電磁石用鉄心,
2026.01,廃止,H01F 7/01 Z,H01F 7/01,その他,
2026.01,廃止,H01H 17/00 A,H01H 17/00,用途に特徴を有するもの,
2026.01,廃止,H01H 17/00 Z,H01H 17/00,その他のもの,
2026.01,廃止,H01H 21/04 L,H01H 21/04,レバースイッチに適するもの,
2026.01,廃止,H01H 21/04 Z,H01H 21/04,その他のもの,
2026.01,廃止,H01H 29/00 A,H01H 29/00,用途に特徴を有するもの,
2026.01,廃止,H01H 29/00 Z,H01H 29/00,その他のもの,
2026.01,廃止,H01H 29/06 A,H01H 29/06,垂直封入型スイツチの材質,
2026.01,廃止,H01H 29/06 B,H01H 29/06,水平封入型スイツチの材質,
2026.01,廃止,H01H 29/06 C,H01H 29/06,傾動・回転型スイツチの材質,
2026.01,廃止,H01H 29/06 D,H01H 29/06,プランジヤ型スイツチの材質,
2026.01,廃止,H01H 29/06 Z,H01H 29/06,その他のもの,
2026.01,廃止,H01H 29/01 A,H01H 29/01,傾動・回転型遅延スイツチ,
2026.01,廃止,H01H 29/01 B,H01H 29/01,プランジヤ型遅延スイツチ,
2026.01,廃止,H01H 29/01 Z,H01H 29/01,その他のもの,
2026.01,廃止,H01H 29/18 A,H01H 29/18,プランジヤにより液面を変位させるもの,
2026.01,廃止,H01H 29/18 B,H01H 29/18,・同軸プランジヤにより液面を変位させるもの,
2026.01,廃止,H01H 29/18 C,H01H 29/18,プランジヤに水銀等の接点を付設しているもの,
2026.01,廃止,H01H 29/18 D,H01H 29/18,プランジヤ自体が導通するもの,
2026.01,廃止,H01H 29/18 Z,H01H 29/18,その他のもの,
2026.01,廃止,H01H 29/24 A,H01H 29/24,横型傾動スイツチ,
2026.01,廃止,H01H 29/24 B,H01H 29/24,容器が湾曲又は屈折しているもの,
2026.01,廃止,H01H 29/24 Z,H01H 29/24,その他のもの,
2026.01,廃止,H01H 29/26 A,H01H 29/26,スイツチが自転するもの,
2026.01,廃止,H01H 29/26 B,H01H 29/26,スイツチが公転するもの,
2026.01,廃止,H01H 29/26 C,H01H 29/26,慣性力・加振力によるもの,
2026.01,廃止,H01H 29/26 Z,H01H 29/26,その他のもの,
2026.01,廃止,H01H 33/58 A,H01H 33/58,空気，ガス開閉器の消音装置,
2026.01,廃止,H01H 33/58 Z,H01H 33/58,その他のもの,
2026.01,廃止,H01H 37/00 A,H01H 37/00,試験法,
2026.01,廃止,H01H 37/00 B,H01H 37/00,無接点スイツチ,
2026.01,廃止,H01H 37/00 Z,H01H 37/00,その他,
2026.01,廃止,H01H 37/56 A,H01H 37/56,渦巻きタイプ,
2026.01,廃止,H01H 37/56 B,H01H 37/56,ら旋巻きタイプ,
2026.01,廃止,H01H 37/56 Z,H01H 37/56,その他,
2026.01,廃止,H01H 37/64 A,H01H 37/64,複数接点,
2026.01,廃止,H01H 37/64 B,H01H 37/64,ワイプする接点,
2026.01,廃止,H01H 37/64 C,H01H 37/64,補助接点,
2026.01,廃止,H01H 37/64 Z,H01H 37/64,その他,
2026.01,廃止,H01H 50/46 A,H01H 50/46,積層鉄心,
2026.01,廃止,H01H 50/46 Z,H01H 50/46,その他のもの,
2026.01,廃止,H01H 50/86 A,H01H 50/86,回路,
2026.01,廃止,H01H 50/86 B,H01H 50/86,・リアクトルの使用,
2026.01,廃止,H01H 50/86 E,H01H 50/86,水銀を使用したもの,
2026.01,廃止,H01H 50/86 Z,H01H 50/86,その他のもの,
2026.01,廃止,H01H 50/88 A,H01H 50/88,空気式,
2026.01,廃止,H01H 50/88 D,H01H 50/88,モ－タ，ゼンマイ式,
2026.01,廃止,H01H 50/88 G,H01H 50/88,オイル式,
2026.01,廃止,H01H 50/88 Z,H01H 50/88,その他のもの,
2026.01,廃止,H01H 53/015 A,H01H 53/015,指針の駆動，プリセツト等の操作機構,
2026.01,廃止,H01H 53/015 B,H01H 53/015,指針の接点部，表示部,
2026.01,廃止,H01H 53/015 C,H01H 53/015,操作回路,
2026.01,廃止,H01H 53/015 Z,H01H 53/015,その他,
2026.01,廃止,H01H 53/01 A,H01H 53/01,誘導円板形のもの,
2026.01,廃止,H01H 53/01 B,H01H 53/01,・分相形のもの,
2026.01,廃止,H01H 53/01 C,H01H 53/01,・くまとり形のもの,
2026.01,廃止,H01H 53/01 D,H01H 53/01,誘導円筒形のもの,
2026.01,廃止,H01H 53/01 E,H01H 53/01,誘導環形のもの,
2026.01,廃止,H01H 53/01 Z,H01H 53/01,その他のもの,
2026.01,廃止,H01H 61/013 A,H01H 61/013,抵抗加熱によるもの,
2026.01,廃止,H01H 61/013 B,H01H 61/013,・サ－ミスタによる加熱,
2026.01,廃止,H01H 61/013 Z,H01H 61/013,その他のもの,
2026.01,廃止,H01H 61/04 A,H01H 61/04,バイメタルの自己発熱,
2026.01,廃止,H01H 61/04 Z,H01H 61/04,その他のもの,
2026.01,廃止,H01J 9/03 A,H01J 9/03,電子管,
2026.01,廃止,H01J 9/03 B,H01J 9/03,放電ランプ,
2026.01,廃止,H01J 9/03 Z,H01J 9/03,その他,
2026.01,廃止,H01J 9/32 A,H01J 9/32,電子管,
2026.01,廃止,H01J 9/32 B,H01J 9/32,放電ランプ,
2026.01,廃止,H01J 9/32 C,H01J 9/32,・ステム封止,
2026.01,廃止,H01J 9/32 D,H01J 9/32,・圧潰封止,
2026.01,廃止,H01J 9/32 E,H01J 9/32,・端板封止,
2026.01,廃止,H01J 9/32 Z,H01J 9/32,その他,
2026.01,廃止,H01J 9/34 A,H01J 9/34,電子管,
2026.01,廃止,H01J 9/34 B,H01J 9/34,放電ランプ,
2026.01,廃止,H01J 9/34 C,H01J 9/34,・低圧ランプ,
2026.01,廃止,H01J 9/34 D,H01J 9/34,・高圧ランプ,
2026.01,廃止,H01J 9/34 Z,H01J 9/34,その他,
2026.01,廃止,H01J 9/36 A,H01J 9/36,電子管,
2026.01,廃止,H01J 9/36 B,H01J 9/36,放電ランプ,
2026.01,廃止,H01J 9/36 C,H01J 9/36,・口金ピンへのリ－ド線挿入,
2026.01,廃止,H01J 9/36 D,H01J 9/36,・リ－ド線の引伸、成形,
2026.01,廃止,H01J 9/36 E,H01J 9/36,・リ－ド線の切断,
2026.01,廃止,H01J 9/36 F,H01J 9/36,・口金ピンとリ－ド線との接合,
2026.01,廃止,H01J 9/36 G,H01J 9/36,・高圧ナトリウムランプの電極接合,
2026.01,廃止,H01J 9/36 Z,H01J 9/36,その他,
2026.01,廃止,H01J 9/42 A,H01J 9/42,電子管,
2026.01,廃止,H01J 9/42 B,H01J 9/42,・陰極線管，電子ビ－ム管の電子ビ－ム調整に関するもの,
2026.01,廃止,H01J 9/42 C,H01J 9/42,放電ランプ,
2026.01,廃止,H01J 9/42 Z,H01J 9/42,その他,
2026.01,廃止,H01J 9/44 A,H01J 9/44,電子管,
2026.01,廃止,H01J 9/44 B,H01J 9/44,・陰極線管，電子ビ－ム管の電子ビ－ム調整に関するもの,
2026.01,廃止,H01J 9/44 C,H01J 9/44,放電ランプ,
2026.01,廃止,H01J 9/44 Z,H01J 9/44,その他,
2026.01,廃止,H01J 9/46 A,H01J 9/46,電子管,
2026.01,廃止,H01J 9/46 B,H01J 9/46,放電ランプ,
2026.01,廃止,H01J 9/46 Z,H01J 9/46,その他,
2026.01,廃止,H01J 17/48 A,H01J 17/48,計数管,
2026.01,廃止,H01J 17/48 B,H01J 17/48,ニキシ－管,
2026.01,廃止,H01J 17/48 Z,H01J 17/48,その他,
2026.01,廃止,H01J 17/49 B,H01J 17/49,１対の電極が放電空間の夫々の側の基板に対向して設けられたもの,
2026.01,廃止,H01J 17/49 C,H01J 17/49,・ＸＹ２組の電極のみを有するもの〔Ｆが優先〕〔マトリツクス型〕,
2026.01,廃止,H01J 17/49 D,H01J 17/49,・字形セグメント電極を有するもの,
2026.01,廃止,H01J 17/49 E,H01J 17/49,・字形セグメント以外のパタ－ンセグメント電極を有するもの,
2026.01,廃止,H01J 17/49 F,H01J 17/49,・セルフシフト動作を行うもの,
2026.01,廃止,H01J 17/49 G,H01J 17/49,１対の電極以外に補助的な電極〔例．キ－プアライブ，トリガ電極〕を設けたもの,
2026.01,廃止,H01J 17/49 H,H01J 17/49,・１画素当り３以上の電極を有するもの〔プラズマ陰極を含む。〕〔Ｊが優先〕,
2026.01,廃止,H01J 17/49 J,H01J 17/49,・セルフスキヤン形〔例．バロ－ズ形〕,
2026.01,廃止,H01J 17/49 K,H01J 17/49,電極が放電空間の一方の側の基板にのみ設けられたもの〔面放電型〕,
2026.01,廃止,H01J 17/49 Z,H01J 17/49,その他,
2026.01,廃止,H01J 31/02 A,H01J 31/02,切換管，スイツチ管,
2026.01,廃止,H01J 31/02 B,H01J 31/02,計数管，パルス発生管、函数発生管、位置検出管,
2026.01,廃止,H01J 31/02 Z,H01J 31/02,その他のもの,
2026.01,廃止,H01J 31/46 E,H01J 31/46,バイアス光,
2026.01,廃止,H01J 31/46 F,H01J 31/46,多管式〔例．色フイルタを有するもの〕,
2026.01,廃止,H01J 31/46 Z,H01J 31/46,その他,
2026.01,廃止,H01K 3/08 A,H01K 3/08,管形電球のマウントの製造方法，例：管形電球のフイラメントへのリングアンカの取り付け,
2026.01,廃止,H01K 3/08 Z,H01K 3/08,その他,
2026.01,廃止,H01K 3/22 A,H01K 3/22,ハロゲンランプ,
2026.01,廃止,H01K 3/22 B,H01K 3/22,・管内不純物除去，酸化物還元,
2026.01,廃止,H01K 3/22 Z,H01K 3/22,その他,
2026.01,廃止,H01L 21/00,H10P 95/00 101,半導体装置または固体装置またはそれらの部品の製造または処理に適用される方法または装置（グループ３１／００～４９／００に分類されている装置またはその部品に製造または処理に特有な方法または装置はこれらのグループを参照；他のサブクラスに包有されている単一工程からなる方法は関連したサブクラス，例．Ｃ２３Ｃ，Ｃ３０Ｂを参照；表面に表面構造または模様を作成する写真製版，そのための材料または原稿，そのため特に適合した装置一般Ｇ０３Ｆ）,
2026.01,廃止,H01L 21/02,H10P 95/00 201 Z,・半導体装置またはその部品の製造または処理,
2026.01,廃止,H01L 21/02 A,H10W 46/00 101,識別用情報〔マーク方法，ウエハマーク付け，キャリヤマーク付け〕,
2026.01,廃止,H01L 21/02 B,H10P 10/00 Z,ウエハ・ペレット等の形状・構造〔ウエハ貼合せ，ワレ防止，結晶方位関連〕,
2026.01,廃止,H01L 21/02 C,H10P 10/00 Z,ウエハの補強〔補強材裏打ち〕,
2026.01,廃止,H01L 21/02 D,H10P 95/00 201 D,クリーンベンチ・ドラフト装置等〔小クリーンルーム，ゴミ除去〕　〔空調（クリーンルーム）は，Ｆ２４Ｆ〕,
2026.01,廃止,H01L 21/02 Z,H10P 95/00 201 Z,その他〔生産管理工程管理，静電気除去〕,
2026.01,廃止,H01L 21/04,H10D 48/04,・・電位障壁，例．ＰＮ接合，空乏層，キャリア集中層，を有する装置［２００６．０１］,
2026.01,廃止,H01L 21/18,H10P 14/02,・・・不純物，例．ドーピング材料，を含むまたは含まない周期表第ＩＶ族の元素またはＡ↓Ｉ↓Ｉ↓ＩＢ↓Ｖ化合物から成る半導体本体を有する装置［２００６．０１］,
2026.01,廃止,H01L 21/02,H10P 14/02,・・・・基板上への半導体材料の析出，例．エピタキシャル成長［２］,
2026.01,廃止,H01L 21/203,H10P 14/22,・・・・・物理的析出を用いるもの，例．真空蒸着，スパッタリング,
2026.01,廃止,H01L 21/203 M,H10P 14/22,材料の分子線，原子線，イオン線によるもの,
2026.01,廃止,H01L 21/203 S,H10P 14/22,スパッタリングによるもの,
2026.01,廃止,H01L 21/203 Z,H10P 14/22,その他のもの,
2026.01,廃止,H01L 21/205,H10P 14/24,・・・・・固体を析出させるガス状化合物の還元または分解を用いるもの，すなわち化学的析出を用いるもの［２］,
2026.01,廃止,H01L 21/208,H10P 14/26,・・・・・液相成長を用いるもの,
2026.01,廃止,H01L 21/208 D,H10P 14/26,ディップ法,
2026.01,廃止,H01L 21/208 L,H10P 14/26,・ウェハが水平に配置されているもの,
2026.01,廃止,H01L 21/208 S,H10P 14/26,スライド法,
2026.01,廃止,H01L 21/208 V,H10P 14/26,ＶＬＳ法,
2026.01,廃止,H01L 21/208 Z,H10P 14/26,その他のもの,
2026.01,廃止,H01L 21/22,H10P 32/01 Z,・・・・半導体本体へのまたは半導体本体からのまたは半導体領域間の不純物材料，例．ドーピング材料，電極材料，の拡散［２］,
2026.01,廃止,H01L 21/22 501,H10P 32/00 101 Z,・・・・・横型拡散装置,
2026.01,廃止,H01L 21/22 501 A,H10P 32/00 101 A,・加熱方法に特徴があるもの,
2026.01,廃止,H01L 21/22 501 B,H10P 32/00 101 B,・拡散ボートの移送方法に特徴のあるもの,
2026.01,廃止,H01L 21/22 501 C,H10P 32/00 101 C,・冷却方法に特徴のあるもの,
2026.01,廃止,H01L 21/22 501 D,H10P 32/00 101 D,横型拡散装置の構造に特徴があるもの,
2026.01,廃止,H01L 21/22 501 F,H10P 32/00 101 F,・遮蔽体を有するもの,
2026.01,廃止,H01L 21/22 501 G,H10P 32/00 101 G,・ウエハ支持治具に特徴のあるもの,
2026.01,廃止,H01L 21/22 501 H,H10P 32/00 101 H,・補助管を有するもの,
2026.01,廃止,H01L 21/22 501 J,H10P 32/00 101 J,・ウエハの移し替えに特徴のあるもの,
2026.01,廃止,H01L 21/22 501 K,H10P 32/00 101 K,・炉心管の洗浄,
2026.01,廃止,H01L 21/22 501 L,H10P 32/00 101 L,・・光照射による加熱,
2026.01,廃止,H01L 21/22 501 M,H10P 32/00 101 M,・炉心管・ウエハ支持治具の材料に特徴のあるもの,
2026.01,廃止,H01L 21/22 501 N,H10P 32/00 101 N,・測熱手段に特徴のあるもの,
2026.01,廃止,H01L 21/22 501 R,H10P 32/00 101 R,・炉体又はウエハ支持治具が回転するもの,
2026.01,廃止,H01L 21/22 501 S,H10P 32/00 101 S,・ガスの導入・排出経路に特徴のあるもの,
2026.01,廃止,H01L 21/22 501 Z,H10P 32/00 101 Z,その他,
2026.01,廃止,H01L 21/22 511,H10P 32/00 201 Z,・・・・・縦型拡散装置,
2026.01,廃止,H01L 21/22 511 A,H10P 32/00 201 A,・加熱・冷却方法に特徴があるもの,
2026.01,廃止,H01L 21/22 511 B,H10P 32/00 201 B,・拡散ボートの移送方法に特徴のあるもの,
2026.01,廃止,H01L 21/22 511 G,H10P 32/00 201 G,・ウエハ支持治具に特徴のあるもの,
2026.01,廃止,H01L 21/22 511 H,H10P 32/00 201 H,・補助管を有するもの,
2026.01,廃止,H01L 21/22 511 J,H10P 32/00 201 J,・ウエハの移し替えに特徴のあるもの,
2026.01,廃止,H01L 21/22 511 M,H10P 32/00 201 M,・炉芯管・ウエハ支持治具の材料に特徴のあるもの,
2026.01,廃止,H01L 21/22 511 Q,H10P 32/00 201 Q,縦型拡散装置の構造に特徴があるもの,
2026.01,廃止,H01L 21/22 511 R,H10P 32/00 201 R,・炉体又はウエハ支持治具が回転するもの,
2026.01,廃止,H01L 21/22 511 S,H10P 32/00 201 S,・ガスの導入・排出経路に特徴のあるもの,
2026.01,廃止,H01L 21/22 511 Z,H10P 32/00 201 Z,その他,
2026.01,廃止,H01L 21/22 C,H10P 32/01 C,３―５族化合物半導体〔ＧａＡｓＰ，ＩｎＧａＰ，半導体レーザ〕,
2026.01,廃止,H01L 21/22 E,H10P 32/01 E,高エネルギー処理と拡散の組合わせ〔レーザビーム，電子ビーム，イオンビーム，プラズマ処理との組み合わせ〕,
2026.01,廃止,H01L 21/22 P,H10P 32/01 P,プレデポジション層の処理〔プレデポしてドライブイン，二段階拡散〕,
2026.01,廃止,H01L 21/22 S,H10P 32/01 S,選択拡散〔マスク拡散，部分拡散〕,
2026.01,廃止,H01L 21/22 T,H10P 32/01 T,・拡散マスクの材料・構造，形成方法に特徴のあるもの,
2026.01,廃止,H01L 21/22 U,H10P 32/01 U,・横方向広がり拡散,
2026.01,廃止,H01L 21/22 V,H10P 32/01 V,・溝を利用した選択拡散〔トレンチ分離のためのものはＨ０１Ｌ２１／７６，トレンチキャパシタのためのものはＨ０１Ｌ２７／０４Ｃ〕,
2026.01,廃止,H01L 21/22 W,H10P 32/01 W,・多孔質を利用した選択拡散〔基板が多孔質の選択拡散，２回拡散〕,
2026.01,廃止,H01L 21/22 X,H10P 32/01 X,・拡散位置合わせ，セルフアライン,
2026.01,廃止,H01L 21/22 Y,H10P 32/01 Y,拡散の前処理，後処理,
2026.01,廃止,H01L 21/22 Z,H10P 32/01 Z,その他のもの〔単工程〕,
2026.01,廃止,H01L 21/223,H10P 32/12 Z,・・・・・気相から固体へのまたは固体から気相への拡散を用いるもの,
2026.01,廃止,H01L 21/223 A,H10P 32/12 D,アウトディフュージョンの利用〔固相から気相へ〕,
2026.01,廃止,H01L 21/223 B,H10P 32/12 L,バブラーに特徴のある拡散装置〔液体から気化〕,
2026.01,廃止,H01L 21/223 C,H10P 32/12 C,３―５族化合物半導体,
2026.01,廃止,H01L 21/223 T,H10P 32/12 T,封管拡散〔アンプル〕,
2026.01,廃止,H01L 21/223 U,H10P 32/12 U,半封管拡散〔ボックス法〕,
2026.01,廃止,H01L 21/223 V,H10P 32/12 V,減圧拡散〔真空引きしながらの拡散を含む〕,
2026.01,廃止,H01L 21/223 W,H10P 32/12 W,ウエハの配置に特徴のあるもの〔斜め配置，背中合せ配置等〕,
2026.01,廃止,H01L 21/223 X,H10P 32/12 X,固体状拡散源の配置に特徴のあるもの,
2026.01,廃止,H01L 21/223 Y,H10P 32/12 Y,固体状拡散源の構造・材料に特徴のあるもの〔ウエハと同一形状の拡散源板，積層構造〕,
2026.01,廃止,H01L 21/223 Z,H10P 32/12 Z,その他のもの,
2026.01,廃止,H01L 21/225,H10P 32/14 Z,・・・・・固相，例．ドープされた酸化物層，から固体へのまたは固体から固相への拡散を用いるもの,
2026.01,廃止,H01L 21/225 C,H10P 32/14 C,３―５族化合物半導体,
2026.01,廃止,H01L 21/225 D,H10P 32/14 D,拡散源に特徴のあるもの〔下記以外の拡散源〕,
2026.01,廃止,H01L 21/225 M,H10P 32/14 M,・金属，金属化合物〔シリサイド等，電極〕,
2026.01,廃止,H01L 21/225 N,H10P 32/14 N,・金属窒化膜,
2026.01,廃止,H01L 21/225 P,H10P 32/14 P,・ドープド（ポリ）シリコン〔Ｓｉからの拡散，ポリ以外の単結晶も含む〕,
2026.01,廃止,H01L 21/225 Q,H10P 32/14 Q,・ドープドオキサイド,
2026.01,廃止,H01L 21/225 R,H10P 32/14 R,塗布法によるもの〔拡散源蒸着，スピン・オン，フィルム貼付けも含む〕,
2026.01,廃止,H01L 21/225 S,H10P 32/14 S,圧接法によるもの〔拡散源材料をウエハに圧接〕,
2026.01,廃止,H01L 21/225 Z,H10P 32/14 Z,その他のもの,
2026.01,廃止,H01L 21/228,H10P 32/16,・・・・・液相から固体へのまたは固体から液相への拡散を用いるもの，例．合金拡散法,
2026.01,廃止,H01L 21/24,H10P 32/01 101,・・・・半導体本体と不純物材料，例．ドーピング材料，電極材料，の合金［２］,
2026.01,廃止,H01L 21/26,H10P 34/00 Z,・・・・輻射線の照射,
2026.01,廃止,H01L 21/26 E,H10P 34/00 E,ランプ照射［膜形成は、２１／２０３、２１／２０５、２１／３１、２１／２８５、エッチングは２１／３０２、２１／３０６が優先］,
2026.01,廃止,H01L 21/26 F,H10P 34/00 F,・ランプアニール［結晶成長時のアニールはＨ０１Ｌ２１／２０、イオン注入の際のアニールはＨ０１Ｌ２１／２６５，６０２Ｂが優先］,
2026.01,廃止,H01L 21/26 G,H10P 34/00 G,・ランプ照射装置,
2026.01,廃止,H01L 21/26 J,H10P 34/00 J,・・ランプ照射系,
2026.01,廃止,H01L 21/26 N,H10P 34/02,放射線照射による核種変換,
2026.01,廃止,H01L 21/26 Q,H10P 34/00 Q,・・ウエハ支持治具,
2026.01,廃止,H01L 21/26 T,H10P 34/00 T,・測定、制御,
2026.01,廃止,H01L 21/26 Z,H10P 34/00 Z,その他のもの,
2026.01,廃止,H01L 21/263,H10P 34/04,・・・・・高エネルギーの輻射線を有するもの,
2026.01,廃止,H01L 21/263 E,H10P 34/04 E,電子線照射［膜形成は、２１／２０３、２１／２０５、２１／３１、２１／２８５、エッチングは２１／３０２、２１／３０６、露光は２１／３０，５４１が優先］,
2026.01,廃止,H01L 21/263 F,H10P 34/04 F,・アニール［結晶成長時のアニールはＨ０１Ｌ２１／２０、イオン注入に際してのアニールはＨ０１Ｌ２１／２６５，６０２Ｚが優先］,
2026.01,廃止,H01L 21/263 Z,H10P 34/04 Z,その他のもの,
2026.01,廃止,H01L 21/265,H10P 30/00,・・・・・・イオン注入法（局所的な処理ためのイオンビーム管Ｈ０１Ｊ３７／３０）［２］,
2026.01,廃止,H01L 21/265 601,H10P 30/02 C,・・・・・・・３―５族化合物半導体,
2026.01,廃止,H01L 21/265 601 A,H10P 30/28 C,アニール,
2026.01,廃止,H01L 21/265 601 H,H10P 30/02 H,保護膜を介するイオン注入,
2026.01,廃止,H01L 21/265 601 J,H10P 30/02 J,絶縁領域・高抵抗領域の形成,
2026.01,廃止,H01L 21/265 601 Q,H10P 30/02 Q,結晶性の改変を目的とするイオン注入,
2026.01,廃止,H01L 21/265 601 S,H10P 30/22 101 C,セルフアライン［ソース・ドレイン形状、ＬＤＤ構造］,
2026.01,廃止,H01L 21/265 601 Z,H10P 30/02 C,その他のもの,
2026.01,廃止,H01L 21/265 602,H10P 30/28 Z,・・・・・・・アニール、輻射線の照射,
2026.01,廃止,H01L 21/265 602 A,H10P 30/28 H,ヒータ,
2026.01,廃止,H01L 21/265 602 B,H10P 30/28 J,ランプ,
2026.01,廃止,H01L 21/265 602 C,H10P 30/28 M,レーザ,
2026.01,廃止,H01L 21/265 602 Z,H10P 30/28 Z,その他のもの,
2026.01,廃止,H01L 21/265 603,H10P 30/00 101 Z,・・・・・・・イオン注入装置,
2026.01,廃止,H01L 21/265 603 A,H10P 30/00 101 A,イオン源、加速部［Ｈ０１Ｊ３７／０８参照］,
2026.01,廃止,H01L 21/265 603 B,H10P 30/00 101 B,分離部、レンズ部、走査部［Ｈ０１Ｊ３７／１４７、Ｈ０１Ｊ３７／３１７参照］,
2026.01,廃止,H01L 21/265 603 C,H10P 30/00 101 C,注入室［予備室・搬送も含む、Ｈ０１Ｊ３７／３１７参照］,
2026.01,廃止,H01L 21/265 603 D,H10P 30/00 101 D,・ウエハホルダ,
2026.01,廃止,H01L 21/265 603 Z,H10P 30/00 101 Z,その他のもの,
2026.01,廃止,H01L 21/265 604,H10P 30/22 101 Z,・・・・・・・セルフアライン,
2026.01,廃止,H01L 21/265 604 G,H10P 30/22 101 G,ソース・ドレイン形状に特徴のあるもの,
2026.01,廃止,H01L 21/265 604 M,H10P 30/22 101 M,・マスク構成［側壁利用など］,
2026.01,廃止,H01L 21/265 604 V,H10P 30/22 101 V,・イオンビームの斜め入射,
2026.01,廃止,H01L 21/265 604 X,H10P 30/22 101 X,酸化膜との整合,
2026.01,廃止,H01L 21/265 604 Z,H10P 30/22 101 Z,その他のもの,
2026.01,廃止,H01L 21/265 F,H10P 30/02 F,多重打ち込み、複数イオンの注入、プラズマ・イオン注入,
2026.01,廃止,H01L 21/265 H,H10P 30/02 H,保護膜を介するイオン注入,
2026.01,廃止,H01L 21/265 J,H10P 30/02 J,絶縁領域・高抵抗領域の形成,
2026.01,廃止,H01L 21/265 K,H10P 30/02 K,ノック・オン,
2026.01,廃止,H01L 21/265 M,H10P 30/22,イオン注入マスクに特徴のあるもの,
2026.01,廃止,H01L 21/265 N,H10P 30/02 N,電荷の除去［電子線によるもの，Ｈ０１Ｊ３７／２０＠Ｇ、Ｈ０１Ｊ３７／３１７＠Ｚ］,
2026.01,廃止,H01L 21/265 P,H10P 30/02 P,ポリシリコンへのイオン注入,
2026.01,廃止,H01L 21/265 Q,H10P 30/02 Q,結晶性の改変を目的とするイオン注入,
2026.01,廃止,H01L 21/265 R,H10P 30/02 R,溝構造に対するイオン注入,
2026.01,廃止,H01L 21/265 T,H10P 30/02 T,測定、制御［Ｈ０１Ｊ３７／３１７Ｃ参照］,
2026.01,廃止,H01L 21/265 U,H10P 30/02 U,チャネリング,
2026.01,廃止,H01L 21/265 V,H10P 30/02 V,イオンビームの斜め入射,
2026.01,廃止,H01L 21/265 W,H10P 30/02 W,特定の用途にイオン注入を用いた点のみに特徴,
2026.01,廃止,H01L 21/265 Y,H10P 30/04,絶縁膜へのイオン注入,
2026.01,廃止,H01L 21/265 Z,H10P 30/02 Z,その他のもの,
2026.01,廃止,H01L 21/268,H10P 34/42 Z,・・・・・・電磁波，例．レーザ光線，を用いるもの,
2026.01,廃止,H01L 21/268 E,H10P 34/42 E,レーザ照射［膜形成は、２１／２０３、２１／２０５、２１／３１、２１／２８５、エッチングは２１／３０２、２１／３０６が優先］,
2026.01,廃止,H01L 21/268 F,H10P 34/42 F,・レーザアニール［結晶成長時のアニールはＨ０１Ｌ２１／２０、イオン注入の際のアニールはＨ０１Ｌ２１／２６５，６０２Ｃが優先］,
2026.01,廃止,H01L 21/268 G,H10P 34/42 G,・レーザビーム照射装置,
2026.01,廃止,H01L 21/268 J,H10P 34/42 J,・・ビーム照射系,
2026.01,廃止,H01L 21/268 T,H10P 34/42 T,・測定、制御,
2026.01,廃止,H01L 21/268 Z,H10P 34/42 Z,その他のもの,
2026.01,廃止,H01L 21/28,H10D 64/01 Z,・・・・２１／２０～２１／２６８に分類されない方法または装置を用いる半導体本体上への電極の製造,
2026.01,廃止,H01L 21/283,H10D 64/01 M,・・・・・電極用の導電または絶縁材料の析出［２］,
2026.01,廃止,H01L 21/285,H10P 14/42,・・・・・・気体または蒸気からの析出，例．凝結,
2026.01,廃止,H01L 21/285 301,H10P 14/42,・・・・・・・電極の材料が限定されているもの,
2026.01,廃止,H01L 21/285 C,H10P 14/43,ＣＶＤ法,
2026.01,廃止,H01L 21/285 P,H10P 14/44,蒸着法,
2026.01,廃止,H01L 21/285 S,H10P 14/45,スパッタ法,
2026.01,廃止,H01L 21/285 Z,H10P 14/42,その他のもの,
2026.01,廃止,H01L 21/288,H10P 14/46,・・・・・・液体からの析出，例．電解液からの析出,
2026.01,廃止,H01L 21/288 E,H10P 14/47,メッキを用いているもの,
2026.01,廃止,H01L 21/288 M,H10P 14/46 101,析出される電極の材料が限定されているもの,
2026.01,廃止,H01L 21/288 Z,H10P 14/46 101,その他のもの,
2026.01,廃止,H01L 21/03,H10P 76/00,・・・・２１／２０～２１／２６に分類されない方法または装置を用いる半導体本体の処理（半導体本体上への電極の製造２１／２８）［２］,
2026.01,廃止,H01L 21/03 501,G03F 7/02,・・・・・半導体本体の露光,
2026.01,廃止,H01L 21/03 502,G03F 7/02,・・・・・・紫外線，Ｘ線，電子線露光等の共通事項,
2026.01,廃止,H01L 21/03 502 A,G03F 7/02,複数種類の光線による露光,
2026.01,廃止,H01L 21/03 502 C,G03F 7/02,同一光線で２度以上の露光を行うもの,
2026.01,廃止,H01L 21/03 502 D,H10P 76/00 600,その他の光線を用いた露光,
2026.01,廃止,H01L 21/03 502 G,G03F 7/02,露光の制御・検知・表示,
2026.01,廃止,H01L 21/03 502 H,G03F 7/02,温度調整,
2026.01,廃止,H01L 21/03 502 J,G03F 7/02,搬送,
2026.01,廃止,H01L 21/03 502 M,G03F 7/02,位置合わせマーク,
2026.01,廃止,H01L 21/03 502 P,G03F 7/02,露光マスク,
2026.01,廃止,H01L 21/03 502 R,G03F 7/02,レジスト材料,
2026.01,廃止,H01L 21/03 502 V,G03F 7/02,パターン検査,
2026.01,廃止,H01L 21/03 502 W,G03F 7/02,パターン修正,
2026.01,廃止,H01L 21/03 502 Z,G03F 7/02,その他のもの,
2026.01,廃止,H01L 21/03 503,G03F 7/02,・・・・・・露光装置の細部，付属装置一般,
2026.01,廃止,H01L 21/03 503 A,G03F 7/02,ステージ（レチクルフレーム）,
2026.01,廃止,H01L 21/03 503 B,G03F 7/02,・ステップ・アンド・リピート用,
2026.01,廃止,H01L 21/03 503 C,G03F 7/02,ウェハチャック,
2026.01,廃止,H01L 21/03 503 D,G03F 7/02,マスク（レチクル）の保持,
2026.01,廃止,H01L 21/03 503 E,G03F 7/02,ウェハ又はマスクの収納,
2026.01,廃止,H01L 21/03 503 F,G03F 7/02,防振,
2026.01,廃止,H01L 21/03 503 G,G03F 7/02,ゴミ除去,
2026.01,廃止,H01L 21/03 503 Z,G03F 7/02,その他のもの,
2026.01,廃止,H01L 21/03 504,G03F 7/02,・・・・・・紫外線・遠紫外線・可視光線露光,
2026.01,廃止,H01L 21/03 505,G03F 7/02,・・・・・・・密着露光,
2026.01,廃止,H01L 21/03 506,G03F 7/02,・・・・・・・・位置合わせ,
2026.01,廃止,H01L 21/03 506 A,G03F 7/02,マークの形状・構造・製造,
2026.01,廃止,H01L 21/03 506 B,G03F 7/02,・十字,
2026.01,廃止,H01L 21/03 506 C,G03F 7/02,・棒状,
2026.01,廃止,H01L 21/03 506 D,G03F 7/02,・ハの字,
2026.01,廃止,H01L 21/03 506 E,G03F 7/02,・回折格子,
2026.01,廃止,H01L 21/03 506 F,G03F 7/02,・・フレネル・ゾーン・プレート,
2026.01,廃止,H01L 21/03 506 G,G03F 7/02,マークの配置（配列）,
2026.01,廃止,H01L 21/03 506 H,G03F 7/02,マーク検出結果によるステージ等の移動,
2026.01,廃止,H01L 21/03 506 J,G03F 7/02,ウェハマークとマスクマークによるもの,
2026.01,廃止,H01L 21/03 506 K,G03F 7/02,ウェハマークと基準マークによるもの,
2026.01,廃止,H01L 21/03 506 L,G03F 7/02,マスクマークと基準マークによるもの,
2026.01,廃止,H01L 21/03 506 M,G03F 7/02,振動の利用,
2026.01,廃止,H01L 21/03 506 N,G03F 7/02,両面露光のためのもの,
2026.01,廃止,H01L 21/03 506 Z,G03F 7/02,その他のもの,
2026.01,廃止,H01L 21/03 507,G03F 7/02,・・・・・・・・・マークの検出（細部）,
2026.01,廃止,H01L 21/03 507 A,G03F 7/02,光学的,
2026.01,廃止,H01L 21/03 507 B,G03F 7/02,・検出用光源,
2026.01,廃止,H01L 21/03 507 C,G03F 7/02,・・光の走査,
2026.01,廃止,H01L 21/03 507 D,G03F 7/02,・・露光光,
2026.01,廃止,H01L 21/03 507 E,G03F 7/02,・・露光安全光,
2026.01,廃止,H01L 21/03 507 F,G03F 7/02,・・レーザー（光の走査が優先）,
2026.01,廃止,H01L 21/03 507 G,G03F 7/02,・・２以上の波長からの選択,
2026.01,廃止,H01L 21/03 507 H,G03F 7/02,・検出用受光装置,
2026.01,廃止,H01L 21/03 507 J,G03F 7/02,・・ＴＶカメラ,
2026.01,廃止,H01L 21/03 507 K,G03F 7/02,・・直線状受光センサアレイ,
2026.01,廃止,H01L 21/03 507 L,G03F 7/02,・検出用光学系,
2026.01,廃止,H01L 21/03 507 M,G03F 7/02,・・色収差の補正（光路長の補正）,
2026.01,廃止,H01L 21/03 507 N,G03F 7/02,・・λ／４板,
2026.01,廃止,H01L 21/03 507 P,G03F 7/02,・・暗視野,
2026.01,廃止,H01L 21/03 507 Q,G03F 7/02,・目視,
2026.01,廃止,H01L 21/03 507 R,G03F 7/02,検出された位置合わせマークの情報処理,
2026.01,廃止,H01L 21/03 507 S,G03F 7/02,露光時のマークの保護,
2026.01,廃止,H01L 21/03 507 T,G03F 7/02,プリアライメント手段を持つもの，２種類以上の位置合わせを行うもの,
2026.01,廃止,H01L 21/03 507 U,G03F 7/02,マークの露光処理,
2026.01,廃止,H01L 21/03 507 V,G03F 7/02,位置合わせ結果（状態）の表示,
2026.01,廃止,H01L 21/03 507 Z,G03F 7/02,その他のもの,
2026.01,廃止,H01L 21/03 508,G03F 7/02,・・・・・・・・位置合わせのためのマスク・ウェハの保持移動,
2026.01,廃止,H01L 21/03 508 A,G03F 7/02,ウェハ面に垂直なもの,
2026.01,廃止,H01L 21/03 508 Z,G03F 7/02,その他のもの,
2026.01,廃止,H01L 21/03 509,G03F 7/02,・・・・・・・プロキシミティ露光,
2026.01,廃止,H01L 21/03 510,G03F 7/02,・・・・・・・・位置合わせ,
2026.01,廃止,H01L 21/03 511,G03F 7/02,・・・・・・・・マスクとウエハの間隔調整又は平行度調整,
2026.01,廃止,H01L 21/03 512,G03F 7/02,・・・・・・・投影露光（レチクル）,
2026.01,廃止,H01L 21/03 513,G03F 7/02,・・・・・・・・一般,
2026.01,廃止,H01L 21/03 514,G03F 7/02,・・・・・・・・・ステップ・アンド・リピート露光，縮小投影露光の共通事項,
2026.01,廃止,H01L 21/03 514 A,G03F 7/02,２度露光（２重露光）,
2026.01,廃止,H01L 21/03 514 B,G03F 7/02,露光順序，露光位置,
2026.01,廃止,H01L 21/03 514 C,G03F 7/02,露光方法,
2026.01,廃止,H01L 21/03 514 D,G03F 7/02,搬送装置との組み合わせ,
2026.01,廃止,H01L 21/03 514 E,G03F 7/02,他の処理装置，機能との組み合わせ,
2026.01,廃止,H01L 21/03 514 F,G03F 7/02,基板情報の露光,
2026.01,廃止,H01L 21/03 514 Z,G03F 7/02,その他のもの,
2026.01,廃止,H01L 21/03 515,G03F 7/02,・・・・・・・・・・露光装置の細部,
2026.01,廃止,H01L 21/03 515 A,G03F 7/02,光源,
2026.01,廃止,H01L 21/03 515 B,G03F 7/02,・レーザー,
2026.01,廃止,H01L 21/03 515 C,G03F 7/02,・放電灯,
2026.01,廃止,H01L 21/03 515 D,G03F 7/02,光学系,
2026.01,廃止,H01L 21/03 515 E,G03F 7/02,・シャッター,
2026.01,廃止,H01L 21/03 515 F,G03F 7/02,レチクル及びレチクルステージ,
2026.01,廃止,H01L 21/03 515 G,G03F 7/02,ウエハステージ,
2026.01,廃止,H01L 21/03 515 Z,G03F 7/02,その他のもの,
2026.01,廃止,H01L 21/03 516,G03F 7/02,・・・・・・・・・・制御，調整，検知，表示,
2026.01,廃止,H01L 21/03 516 A,G03F 7/02,倍率調整，光路長補正，歪み補正,
2026.01,廃止,H01L 21/03 516 B,G03F 7/02,ステップ・アンド・リピートのステージ移動，制御,
2026.01,廃止,H01L 21/03 516 C,G03F 7/02,露光光又は他の光の検知,
2026.01,廃止,H01L 21/03 516 D,G03F 7/02,露光量（時間）の制御,
2026.01,廃止,H01L 21/03 516 E,G03F 7/02,温度調整，検出,
2026.01,廃止,H01L 21/03 516 F,G03F 7/02,圧力，零囲気の調整,
2026.01,廃止,H01L 21/03 516 Z,G03F 7/02,その他のもの,
2026.01,廃止,H01L 21/03 517,G03F 7/02,・・・・・・・・・反射形投影露光，等倍投影露光,
2026.01,廃止,H01L 21/03 518,G03F 7/02,・・・・・・・・・・走査を用いるもの,
2026.01,廃止,H01L 21/03 519,G03F 7/02,・・・・・・・・・パターンジェネレーター,
2026.01,廃止,H01L 21/03 520,G03F 7/02,・・・・・・・・位置合わせ,
2026.01,廃止,H01L 21/03 520 A,G03F 7/02,プリアライメントを行うもの，２種類以上の位置合わせを行うもの,
2026.01,廃止,H01L 21/03 520 B,G03F 7/02,ウエハマーク部の露光，保護,
2026.01,廃止,H01L 21/03 520 C,G03F 7/02,位置合わせ結果（状態）の表示,
2026.01,廃止,H01L 21/03 520 Z,G03F 7/02,その他のもの,
2026.01,廃止,H01L 21/03 521,G03F 7/02,・・・・・・・・・マークを用いた投影露光の位置合わせ,
2026.01,廃止,H01L 21/03 522,G03F 7/02,・・・・・・・・・・位置合わせマークの形状，構造，製造,
2026.01,廃止,H01L 21/03 522 A,G03F 7/02,十字,
2026.01,廃止,H01L 21/03 522 B,G03F 7/02,棒状,
2026.01,廃止,H01L 21/03 522 C,G03F 7/02,ハの字,
2026.01,廃止,H01L 21/03 522 D,G03F 7/02,回折格子,
2026.01,廃止,H01L 21/03 522 E,G03F 7/02,・フレネル・ゾーン・プレート,
2026.01,廃止,H01L 21/03 522 Z,G03F 7/02,その他,
2026.01,廃止,H01L 21/03 523,G03F 7/02,・・・・・・・・・・位置合わせマークの配置（配列）（ステージ上のマークも含む）,
2026.01,廃止,H01L 21/03 524,G03F 7/02,・・・・・・・・・・等倍投影露光用,
2026.01,廃止,H01L 21/03 525,G03F 7/02,・・・・・・・・・・ステップ・アンド・リピート投影露光用,
2026.01,廃止,H01L 21/03 525 A,G03F 7/02,ＴＴＬ以外,
2026.01,廃止,H01L 21/03 525 B,G03F 7/02,ウエハマークと基準マークによるもの,
2026.01,廃止,H01L 21/03 525 C,G03F 7/02,マスクマークと基準マークによるもの,
2026.01,廃止,H01L 21/03 525 D,G03F 7/02,ウエハマークとマスクマークによるもの（方法）,
2026.01,廃止,H01L 21/03 525 E,G03F 7/02,・位置合わせマークの検出,
2026.01,廃止,H01L 21/03 525 F,G03F 7/02,・・光学的,
2026.01,廃止,H01L 21/03 525 G,G03F 7/02,・・・検出用光源,
2026.01,廃止,H01L 21/03 525 H,G03F 7/02,・・・光の走査,
2026.01,廃止,H01L 21/03 525 J,G03F 7/02,・・・露光光,
2026.01,廃止,H01L 21/03 525 K,G03F 7/02,・・・露光安全光,
2026.01,廃止,H01L 21/03 525 L,G03F 7/02,・・・レーザー（光の走査が優先）,
2026.01,廃止,H01L 21/03 525 M,G03F 7/02,・・・２以上の波長からの選択,
2026.01,廃止,H01L 21/03 525 N,G03F 7/02,・・検出用受光装置,
2026.01,廃止,H01L 21/03 525 P,G03F 7/02,・・・ＴＶカメラ,
2026.01,廃止,H01L 21/03 525 Q,G03F 7/02,・・・直線状受光センサアレイ,
2026.01,廃止,H01L 21/03 525 R,G03F 7/02,・・検出用光学系,
2026.01,廃止,H01L 21/03 525 S,G03F 7/02,・・・色収差の補正（光路長の補正）,
2026.01,廃止,H01L 21/03 525 T,G03F 7/02,・・・λ／４板,
2026.01,廃止,H01L 21/03 525 U,G03F 7/02,・・・暗視野,
2026.01,廃止,H01L 21/03 525 V,G03F 7/02,・・目視,
2026.01,廃止,H01L 21/03 525 W,G03F 7/02,検出された位置合わせマーク情報の処理,
2026.01,廃止,H01L 21/03 525 X,G03F 7/02,マーク検出結果によるステージの移動,
2026.01,廃止,H01L 21/03 525 Z,G03F 7/02,その他のもの,
2026.01,廃止,H01L 21/03 526,G03F 7/02,・・・・・・・・焦点合わせ（平行度調整）,
2026.01,廃止,H01L 21/03 526 A,G03F 7/02,光によるもの,
2026.01,廃止,H01L 21/03 526 B,G03F 7/02,・斜入射光によるもの,
2026.01,廃止,H01L 21/03 526 Z,G03F 7/02,その他のもの,
2026.01,廃止,H01L 21/03 527,G03F 7/02,・・・・・・・照明装置（光源）,
2026.01,廃止,H01L 21/03 528,G03F 7/02,・・・・・・・干渉露光，ホログラフィ露光,
2026.01,廃止,H01L 21/03 529,G03F 7/02,・・・・・・・ビーム露光,
2026.01,廃止,H01L 21/03 531,G03F 7/02,・・・・・・Ｘ線露光,
2026.01,廃止,H01L 21/03 531 A,G03F 7/02,Ｘ線露光装置,
2026.01,廃止,H01L 21/03 531 E,G03F 7/02,Ｘ線露光方法,
2026.01,廃止,H01L 21/03 531 J,G03F 7/02,位置合わせ,
2026.01,廃止,H01L 21/03 531 M,G03F 7/02,Ｘ線露光用マスク,
2026.01,廃止,H01L 21/03 531 S,G03F 7/02,Ｘ線源,
2026.01,廃止,H01L 21/03 531 Z,G03F 7/02,その他のもの,
2026.01,廃止,H01L 21/03 541,H10P 76/00 541,・・・・・・電子線露光,
2026.01,廃止,H01L 21/03 541 A,H10P 76/00 541 A,電子光学系,
2026.01,廃止,H01L 21/03 541 B,H10P 76/00 541 B,・電子銃，アパーチャ，ブランキング電極，収束・偏向器,
2026.01,廃止,H01L 21/03 541 C,H10P 76/00 541 C,制御系,
2026.01,廃止,H01L 21/03 541 D,H10P 76/00 541 D,・ビームの照射位置の制御,
2026.01,廃止,H01L 21/03 541 E,H10P 76/00 541 E,・ビームの照射量、照射形状の制御,
2026.01,廃止,H01L 21/03 541 F,H10P 76/00 541 F,・焦点の調整方法,
2026.01,廃止,H01L 21/03 541 G,H10P 76/00 541 G,鏡体系,
2026.01,廃止,H01L 21/03 541 H,H10P 76/00 541 H,・軸の調整方法,
2026.01,廃止,H01L 21/03 541 J,H10P 76/00 541 J,・描画方法（走査の制御によるもの）,
2026.01,廃止,H01L 21/03 541 K,H10P 76/00 541 K,・位置合わせマークの位置の測定,
2026.01,廃止,H01L 21/03 541 L,H10P 76/00 541 L,・試料室，試料台，試料搬送カセット,
2026.01,廃止,H01L 21/03 541 M,H10P 76/00 541 M,・描画方法（照射量，照射形状の制御によるもの）,
2026.01,廃止,H01L 21/03 541 N,H10P 76/00 541 N,・ビームの属性の測定,
2026.01,廃止,H01L 21/03 541 P,H10P 76/00 541 P,試料の処理,
2026.01,廃止,H01L 21/03 541 Q,H10P 76/00 541 Q,可変整形ビームを用いた電子線露光,
2026.01,廃止,H01L 21/03 541 R,H10P 76/00 541 R,固定整形ビームを用いた電子線露光,
2026.01,廃止,H01L 21/03 541 S,H10P 76/00 541 S,パターンマスクを用いた電子線露光,
2026.01,廃止,H01L 21/03 541 T,H10P 76/00 541 T,フォト・カソードを用いた電子線露光,
2026.01,廃止,H01L 21/03 541 U,H10P 76/00 541 U,測定系,
2026.01,廃止,H01L 21/03 541 V,H10P 76/00 541 V,調整系,
2026.01,廃止,H01L 21/03 541 W,H10P 76/00 541 W,複数のビームを用いた電子線露光,
2026.01,廃止,H01L 21/03 541 Z,H10P 76/00 541 Z,その他のもの,
2026.01,廃止,H01L 21/03 551,H10P 76/00 551,・・・・・・イオン線露光,
2026.01,廃止,H01L 21/03 561,H10P 76/00 561,・・・・・・レジスト膜の処理,
2026.01,廃止,H01L 21/03 562,H10P 76/00 562,・・・・・・・一般的なもの,
2026.01,廃止,H01L 21/03 563,H10P 76/00 563,・・・・・・・レジスト塗布以前の処理，レジスト接着強化膜,
2026.01,廃止,H01L 21/03 564,H10P 76/00 564,・・・・・・・レジスト塗布,
2026.01,廃止,H01L 21/03 564 C,H10P 76/00 564 C,回転塗布装置,
2026.01,廃止,H01L 21/03 564 D,H10P 76/00 564 D,回転塗布方法,
2026.01,廃止,H01L 21/03 564 Z,H10P 76/00 564 Z,その他の塗布装置,
2026.01,廃止,H01L 21/03 565,H10P 76/00 565,・・・・・・・レジスト塗布以後，露光以前の処理（ベーキングを除く）,
2026.01,廃止,H01L 21/03 566,H10P 76/00 566,・・・・・・・・ベーキング一般又はプリベーキング,
2026.01,廃止,H01L 21/03 567,H10P 76/00 567,・・・・・・・・ベーキング装置（乾燥）,
2026.01,廃止,H01L 21/03 568,H10P 76/00 568,・・・・・・・露光以後，現像以前の処理（グラフト重合）,
2026.01,廃止,H01L 21/03 569,H10P 76/00 569,・・・・・・・現像，リンス,
2026.01,廃止,H01L 21/03 569 A,H10P 76/00 569 A,湿式,
2026.01,廃止,H01L 21/03 569 B,H10P 76/00 569 B,・現像槽（浸漬）,
2026.01,廃止,H01L 21/03 569 C,H10P 76/00 569 C,・回転処理,
2026.01,廃止,H01L 21/03 569 D,H10P 76/00 569 D,・搬送を伴なうもの,
2026.01,廃止,H01L 21/03 569 E,H10P 76/00 569 E,・現像液，リンス液,
2026.01,廃止,H01L 21/03 569 F,H10P 76/00 569 F,・現像方法,
2026.01,廃止,H01L 21/03 569 G,H10P 76/00 569 G,・現像終点の検知,
2026.01,廃止,H01L 21/03 569 H,H10P 76/00 569 H,・乾式,
2026.01,廃止,H01L 21/03 569 Z,H10P 76/00 569 Z,その他のもの,
2026.01,廃止,H01L 21/03 570,H10P 76/00 570,・・・・・・・現像以後の処理（ベーキングを除く）,
2026.01,廃止,H01L 21/03 571,H10P 76/00 571,・・・・・・・・ポストベーキング（熱＋紫外線）,
2026.01,廃止,H01L 21/03 572,H10P 76/00 572,・・・・・・・・レジスト膜の剥離,
2026.01,廃止,H01L 21/03 572 A,H10P 76/00 572 A,乾式,
2026.01,廃止,H01L 21/03 572 B,H10P 76/00 572 B,湿式,
2026.01,廃止,H01L 21/03 572 Z,H10P 76/00 572 Z,その他のもの,
2026.01,廃止,H01L 21/03 573,H10P 76/00 573,・・・・・・・多層レジスト膜,
2026.01,廃止,H01L 21/03 574,H10P 76/00 574,・・・・・・・反射防止膜，反射膜（吸収膜）,
2026.01,廃止,H01L 21/03 575,H10P 76/00 575,・・・・・・・レジストの保護膜（表面膜）,
2026.01,廃止,H01L 21/03 576,H10P 76/00 576,・・・・・・・レジストパターンのオーバーハング、傾斜形状,
2026.01,廃止,H01L 21/03 577,H10P 76/00 577,・・・・・・・ウェハ周辺部のレジスト除去,
2026.01,廃止,H01L 21/03 578,H10P 76/00 578,・・・・・・・平坦化（プラナリゼーション）,
2026.01,廃止,H01L 21/03 579,H10P 76/00 579,・・・・・・・カルコゲンを用いたもの,
2026.01,廃止,H01L 21/302,H10P 50/02 400,・・・・・表面の物理的性質または形状の変換，例．エッチング，ポリシング，切断,
2026.01,廃止,H01L 21/302 100,H10P 50/02 100,・・・・・・プラズマエッチング,
2026.01,廃止,H01L 21/302 101,H10P 50/02 101 Z,・・・・・・・プラズマエッチング装置,
2026.01,廃止,H01L 21/302 101 B,H10P 50/02 101 B,平行平板型［容量結合型、ＲＩＥ、２周波数型装置を含む］,
2026.01,廃止,H01L 21/302 101 C,H10P 50/02 101 C,誘導結合型［ＴＣＰ（登録商標）、ＩＣＰ、ヘリコン波型を含む］,
2026.01,廃止,H01L 21/302 101 D,H10P 50/02 101 D,マイクロ波励起型・ＵＨＦ波励起［ＥＣＲ、空洞共振型を含む：一般的にマイクロ波を用いるものを含む］,
2026.01,廃止,H01L 21/302 101 E,H10P 50/02 101 E,局所プラズマ［大気圧放電、ＰＡＣＥ、ケミカルヴェーパーマシニング［ＣＶＭ］を含む）,
2026.01,廃止,H01L 21/302 101 F,H10P 50/02 101 F,ウェハ積層型バッチ処理装置［バレル型、エッチングトンネルを含む］,
2026.01,廃止,H01L 21/302 101 G,H10P 50/02 101 G,装置間共通事項［基板冷却機構、加熱機構、静電チャック、配管、工程間の搬送、プロセスシミュレーション、他の半導体製造設備との組合せ等を含む］,
2026.01,廃止,H01L 21/302 101 H,H10P 50/02 101 H,・装置の清浄化処理［装置壁クリーニング、エイジング等を含む］,
2026.01,廃止,H01L 21/302 101 L,H10P 50/02 101 L,・電極の材質［ガラス状カーボンなど炭素からなる電極の材質を特定したものあるいは電極の形成方法に関する発明を含む］,
2026.01,廃止,H01L 21/302 101 M,H10P 50/02 101 M,・メンテナンス性の向上［装置を分解して清掃したり、消耗品を交換したりする際に必要とされる技術］,
2026.01,廃止,H01L 21/302 101 R,H10P 50/02 101 R,・バックサイドガス供給［被処理基板の裏面の載置台に密着する部分に熱伝導ガスを供給して熱的接触を改善する技術を含む］,
2026.01,廃止,H01L 21/302 101 Z,H10P 50/02 101 Z,その他,
2026.01,廃止,H01L 21/302 102,H10P 50/02 102,・・・・・・・基板の清浄化処理［基板面のクリーニング等を含む：プラズマを用いたクリーニングはＨ０１Ｌ２１／３０２，１０６を優先］,
2026.01,廃止,H01L 21/302 103,H10P 50/02 103,・・・・・・・終点検知・モニタリング〔エッチングの終点検知，プラズマのモニタリングに関するもの（分光分析，質量検知，検知波形の処理方法）〕,
2026.01,廃止,H01L 21/302 104,H10P 50/02 104,・・・・・・・被エッチング物,
2026.01,廃止,H01L 21/302 104 C,H10P 50/26,導電性材料のエッチング［Ａｌ等を含む］,
2026.01,廃止,H01L 21/302 104 H,H10P 50/28,有機物のエッチング［レジストアッシング、灰化除去、プラズマを用いないレジストアッシングも例外的にこのＦＩに付与］,
2026.01,廃止,H01L 21/302 104 Z,H10P 50/02 104,その他,
2026.01,廃止,H01L 21/302 105,H10P 50/02 105 Z,・・・・・・・特殊加工,
2026.01,廃止,H01L 21/302 105 A,H10P 50/02 105 A,パターニング［シリル化等のパターニング自体に特徴があり、実施例に被エッチング物の明記がされていないもの又はプラズマを用いないチャージアップ防止も含む］,
2026.01,廃止,H01L 21/302 105 B,H10P 50/02 105 B,全面エッチング［エッチバック、平坦化自体に特徴があり、実施例に被エッチング物の明記がされていないもの］,
2026.01,廃止,H01L 21/302 105 Z,H10P 50/02 105 Z,その他,
2026.01,廃止,H01L 21/302 106,H10P 50/02 106,・・・・・・・プラズマ後処理［エッチング処理後のプラズマを用いた工程、プラズマを用いたチャージアップ防止等に特徴があるもの］,
2026.01,廃止,H01L 21/302 201,H10P 50/02 201 Z,・・・・・・プラズマを用いないエッチング,
2026.01,廃止,H01L 21/302 201 A,H10P 50/02 201 A,プラズマを用いない気相エッチング［高温状態のガスとの接触によるエッチング、蒸気によるエッチング：例］ＨＦガスとＨ２Ｏによるエッチング］,
2026.01,廃止,H01L 21/302 201 B,H10P 50/02 201 B,エネルギービームエッチング［ＦＩＢ、収束イオンビーム、アブレーションや電子ビームエッチングを含む：プラズマイオン源を用いたイオンシャワー、ＲＩＢＥはＨ０１Ｌ２１／３０２，１０１が優先］,
2026.01,廃止,H01L 21/302 201 Z,H10P 50/02 201 Z,その他,
2026.01,廃止,H01L 21/302 301,H10P 50/02 301 Z,・・・・・・下地層［被エッチング層とエッチングされないその下の層との選択性を高めることを目的として発明された構造、エッチングガスなど］,
2026.01,廃止,H01L 21/302 301 G,H10P 50/02 301 G,・下地層がアルミニウム,
2026.01,廃止,H01L 21/302 301 M,H10P 50/02 301 M,下地層が金属膜,
2026.01,廃止,H01L 21/302 301 N,H10P 50/02 301 N,下地層がシリコン窒化膜,
2026.01,廃止,H01L 21/302 301 S,H10P 50/02 301 S,下地層がシリコン酸化膜,
2026.01,廃止,H01L 21/302 301 Z,H10P 50/02 301 Z,その他,
2026.01,廃止,H01L 21/302 400,H10P 50/02 400,・・・・・・その他［原則的に使用しない：プラズマエッチングで適当なＦＩがなければ、Ｈ０１Ｌ２１／３０２，１０１に付与、イオンビームなどで適当なＦＩがなければ、Ｈ０１Ｌ２１／３０２，２０１に付与］,
2026.01,廃止,H01L 21/304,H10P 54/00,・・・・・・機械的処理，例．研摩，超音波処理,
2026.01,廃止,H01L 21/304 601,H10P 54/00,・・・・・・・機械的加工（一般的なものは，Ｂ２４Ｂ，Ｂ２８Ｄ）,
2026.01,廃止,H01L 21/304 601 B,H10P 95/06 B,基板の面取り，メサ，ベベル，溝堀り,
2026.01,廃止,H01L 21/304 601 H,H10P 54/05,劈開によるもの,
2026.01,廃止,H01L 21/304 601 M,H10P 95/06 M,マウンドの除去〔研削によるものは，Ｈ０１Ｌ２１／３０４．６３１も付与する〕,
2026.01,廃止,H01L 21/304 601 S,H10P 95/06 S,サンドブラスト，又は液体の噴き付けによるもの,
2026.01,廃止,H01L 21/304 601 Z,H10P 95/06 Z,その他のもの,
2026.01,廃止,H01L 21/304 611,H10P 54/00,・・・・・・・・スライシング,
2026.01,廃止,H01L 21/304 611 A,H10P 54/09 101 A,スライシングの後処理［例．スライス後のウエハの受取り］,
2026.01,廃止,H01L 21/304 611 B,H10P 54/09 101 B,スライシングの前処理［例．インゴットの方向出し，インゴットの受台］,
2026.01,廃止,H01L 21/304 611 S,H10P 54/04 101 R,回転する刃によるもの［例．内周刃，外周刃］,
2026.01,廃止,H01L 21/304 611 W,H10P 54/04 101 W,ワイヤーソー又は往復運動する刃によるもの,
2026.01,廃止,H01L 21/304 611 Z,H10P 54/09 101 Z,その他のもの［例．ウエハに対する他の処理（拡散，接着）と共に行うもの］,
2026.01,廃止,H01L 21/304 621,H10P 52/00 Z,・・・・・・・・研磨［一般的なものはＢ２４Ｂ］,
2026.01,廃止,H01L 21/304 621 A,H10P 52/00 A,両面研磨,
2026.01,廃止,H01L 21/304 621 B,H10P 52/00 B,片面研磨,
2026.01,廃止,H01L 21/304 621 C,H10P 52/00 D,・砥石を使用するもの,
2026.01,廃止,H01L 21/304 621 D,H10P 52/00 E,・研磨剤を使用するもの［例．ＣＭＰ］,
2026.01,廃止,H01L 21/304 621 E,H10P 52/00 Y,基板の端縁等の研磨［例．エッジ、面取部、オリフラ、ノッチの研磨］,
2026.01,廃止,H01L 21/304 621 Z,H10P 52/00 Z,その他［例．ドライ雰囲気中での研磨］,
2026.01,廃止,H01L 21/304 622,H10P 52/00 Z,・・・・・・・・・研磨の細部、又は共通事項,
2026.01,廃止,H01L 21/304 622 A,H10P 52/00 E,研磨剤,
2026.01,廃止,H01L 21/304 622 B,H10P 52/00 F,・粒子,
2026.01,廃止,H01L 21/304 622 C,H10P 52/00 G,・溶液,
2026.01,廃止,H01L 21/304 622 D,H10P 52/00 H,・粒子と溶液の混合物［例．スラリー状のもの］,
2026.01,廃止,H01L 21/304 622 E,H10P 52/00 J,研磨剤の供給、回収,
2026.01,廃止,H01L 21/304 622 F,H10P 52/00 D,研磨布、研磨シート［含．砥石］,
2026.01,廃止,H01L 21/304 622 G,H10P 52/00 K,研磨装置への基板の保持,
2026.01,廃止,H01L 21/304 622 H,H10P 52/00 L,・吸着によるもの［例．真空チャック］,
2026.01,廃止,H01L 21/304 622 J,H10P 52/00 M,・接着によるもの［例．保護膜］,
2026.01,廃止,H01L 21/304 622 K,H10P 52/00 N,・基板の押圧の調整［例．流体による押圧］,
2026.01,廃止,H01L 21/304 622 L,H10P 52/00 P,研磨装置への基板の貼り付け、剥がし［２１／６８Ｎ，２１／７８Ｐ，２１／７８Ｍ参照］,
2026.01,廃止,H01L 21/304 622 M,H10P 52/00 Q,研磨布の目立て［ドレッシング］,
2026.01,廃止,H01L 21/304 622 N,H10P 52/00 R,研磨の前処理,
2026.01,廃止,H01L 21/304 622 P,H10P 52/00 S,研磨の後処理,
2026.01,廃止,H01L 21/304 622 Q,H10P 52/00 T,・基板の洗浄,
2026.01,廃止,H01L 21/304 622 R,H10P 52/00 U,研磨の制御、調整［例．回転数、温度、冷却］,
2026.01,廃止,H01L 21/304 622 S,H10P 52/00 V,終点の検知、膜厚、平坦度の測定,
2026.01,廃止,H01L 21/304 622 T,H10P 52/00 Z,研磨する基板の形状・構造,
2026.01,廃止,H01L 21/304 622 W,H10P 52/00 W,・Ｓｉ以外の基板、ＳＯＩ基板、張り合わせ基板等,
2026.01,廃止,H01L 21/304 622 X,H10P 52/00 X,・配線、層間絶縁膜,
2026.01,廃止,H01L 21/304 622 Y,H10P 52/00 Y,・基板の端縁、ノッチ、オリフラ等,
2026.01,廃止,H01L 21/304 622 Z,H10P 52/00 Z,その他,
2026.01,廃止,H01L 21/304 631,H10P 52/00 C,・・・・・・・・研削［一般的なものはＢ２４Ｂ］,
2026.01,廃止,H01L 21/304 641,H10P 70/00 101,・・・・・・・洗浄［一般的なものはＢ０８Ｂ、薬液の塗布一般はＢ０５Ｃ、レジスト・現像液の塗布は２１／３０］,
2026.01,廃止,H01L 21/304 642,H10P 70/00 102,・・・・・・・・洗浄槽に浸漬するもの,
2026.01,廃止,H01L 21/304 642 A,H10P 70/00 102 A,単槽,
2026.01,廃止,H01L 21/304 642 B,H10P 70/00 102 B,複槽,
2026.01,廃止,H01L 21/304 642 C,H10P 70/00 102 C,・槽間で洗浄液の移動のあるもの,
2026.01,廃止,H01L 21/304 642 D,H10P 70/00 102 D,洗浄中に基板を動かすもの,
2026.01,廃止,H01L 21/304 642 E,H10P 70/00 102 E,超音波を使用するもの,
2026.01,廃止,H01L 21/304 642 F,H10P 70/00 102 F,ノズルを設けるもの,
2026.01,廃止,H01L 21/304 642 Z,H10P 70/00 102 Z,その他［例．基板以外の洗浄］［キャリアの洗浄は６４８Ｅ］,
2026.01,廃止,H01L 21/304 643,H10P 70/00 103,・・・・・・・・ノズル、スプレイを用いるもの,
2026.01,廃止,H01L 21/304 643 A,H10P 70/00 103 A,基板を回転するもの,
2026.01,廃止,H01L 21/304 643 B,H10P 70/00 103 B,基板を移動するもの,
2026.01,廃止,H01L 21/304 643 C,H10P 70/00 103 C,ノズル自体に特徴のあるもの,
2026.01,廃止,H01L 21/304 643 D,H10P 70/00 103 D,・超音波を使用するもの,
2026.01,廃止,H01L 21/304 643 Z,H10P 70/00 103 Z,その他［例．粒子の吹き付け、基板以外の洗浄、ノズルの洗浄］［キャリアの洗浄は６４８Ｅ］,
2026.01,廃止,H01L 21/304 644,H10P 70/00 104,・・・・・・・・スクラブによる洗浄［例．ブラシ、スポンジ］,
2026.01,廃止,H01L 21/304 644 A,H10P 70/00 104 A,基板を回転するもの,
2026.01,廃止,H01L 21/304 644 B,H10P 70/00 104 B,・スクラブ手段を移動するもの,
2026.01,廃止,H01L 21/304 644 C,H10P 70/00 104 C,・スクラブ手段を回転するもの,
2026.01,廃止,H01L 21/304 644 D,H10P 70/00 104 D,基板を移動するもの,
2026.01,廃止,H01L 21/304 644 E,H10P 70/00 104 E,・スクラブ手段を回転するもの,
2026.01,廃止,H01L 21/304 644 F,H10P 70/00 104 F,・スクラブ手段を移動するもの,
2026.01,廃止,H01L 21/304 644 G,H10P 70/00 104 G,スクラブ手段自体に特徴のあるもの,
2026.01,廃止,H01L 21/304 644 Z,H10P 70/00 104 Z,その他［例．基板以外の洗浄、ブラシの洗浄］［キャリアの洗浄は６４８Ｅ］,
2026.01,廃止,H01L 21/304 645,H10P 70/00 105,・・・・・・・・気相での洗浄,
2026.01,廃止,H01L 21/304 645 A,H10P 70/00 105 A,不活性ガスを用いるもの［例．Ｎ２、Ａｒ、Ｈｅ］,
2026.01,廃止,H01L 21/304 645 B,H10P 70/00 105 B,蒸気を用いるもの,
2026.01,廃止,H01L 21/304 645 C,H10P 70/00 105 C,プラズマを用いるもの,
2026.01,廃止,H01L 21/304 645 D,H10P 70/00 105 D,紫外線等を用いるもの,
2026.01,廃止,H01L 21/304 645 Z,H10P 70/00 105 Z,その他［例．基板以外の洗浄］［キャリアの洗浄は６４８Ｅ］,
2026.01,廃止,H01L 21/304 646,H10P 70/00 106,・・・・・・・・静電気を用いるもの、又は静電気の除去,
2026.01,廃止,H01L 21/304 647,H10P 70/00 107,・・・・・・・・洗浄液に特徴のあるもの,
2026.01,廃止,H01L 21/304 647 A,H10P 70/00 107 A,有機系,
2026.01,廃止,H01L 21/304 647 B,H10P 70/00 107 B,界面活性剤を添加するもの,
2026.01,廃止,H01L 21/304 647 Z,H10P 70/00 107 Z,その他,
2026.01,廃止,H01L 21/304 648,H10P 70/00 108,・・・・・・・・装置の細部、又は共通事項,
2026.01,廃止,H01L 21/304 648 A,H10P 70/00 108 A,搬送手段［基板の搬送一般２１／６８参照］,
2026.01,廃止,H01L 21/304 648 B,H10P 70/00 108 B,・複数枚同時に搬送するもの［例．キャリアレス］,
2026.01,廃止,H01L 21/304 648 C,H10P 70/00 108 B,・・キャリアを用いるもの［キャリア自体に特徴のあるものはＤ］,
2026.01,廃止,H01L 21/304 648 D,H10P 70/00 108 D,基板容器［キャリア］,
2026.01,廃止,H01L 21/304 648 E,H10P 70/00 108 E,基板容器の洗浄,
2026.01,廃止,H01L 21/304 648 F,H10P 70/00 108 F,洗浄液の循環濾過、フィルタ,
2026.01,廃止,H01L 21/304 648 G,H10P 70/00 108 G,洗浄の制御、調整、検知,
2026.01,廃止,H01L 21/304 648 H,H10P 70/00 108 H,・複数工程におよぶ制御、工程全般の制御,
2026.01,廃止,H01L 21/304 648 J,H10P 70/00 108 J,配置［レイアウト］,
2026.01,廃止,H01L 21/304 648 K,H10P 70/00 108 K,・液系の共通事項［例．配管、バルブ、ポンプ］,
2026.01,廃止,H01L 21/304 648 L,H10P 70/00 108 L,・気系の共通事項［例．排気、換気］,
2026.01,廃止,H01L 21/304 648 Z,H10P 70/00 108 Z,その他,
2026.01,廃止,H01L 21/304 651,H10P 70/00 201,・・・・・・・洗浄と乾燥の一連処理、乾燥,
2026.01,廃止,H01L 21/304 651 A,H10P 70/00 201 A,基板を回転するもの,
2026.01,廃止,H01L 21/304 651 B,H10P 70/00 201 B,・枚葉式,
2026.01,廃止,H01L 21/304 651 C,H10P 70/00 201 C,・バッチ式,
2026.01,廃止,H01L 21/304 651 D,H10P 70/00 201 D,・・回転軸が水平、又は水平から傾いたもの,
2026.01,廃止,H01L 21/304 651 E,H10P 70/00 201 E,・・回転軸が垂直、又は垂直から傾いたもの,
2026.01,廃止,H01L 21/304 651 F,H10P 70/00 201 F,・・・複数個のキャリアの各中心軸を回転軸に平行に配置するもの,
2026.01,廃止,H01L 21/304 651 G,H10P 70/00 201 G,基板の移動を伴うもの［除く、回転］,
2026.01,廃止,H01L 21/304 651 H,H10P 70/00 201 H,蒸気を使用するもの,
2026.01,廃止,H01L 21/304 651 J,H10P 70/00 201 J,基板を浸漬するもの［例．温純水に浸漬するもの］,
2026.01,廃止,H01L 21/304 651 K,H10P 70/00 201 K,減圧するもの,
2026.01,廃止,H01L 21/304 651 L,H10P 70/00 201 L,気体を吹き付け、送風するもの［蒸気の吹き付けはＨ］,
2026.01,廃止,H01L 21/304 651 M,H10P 70/00 201 M,ヒータ、光等により基板を直接加熱するもの,
2026.01,廃止,H01L 21/304 651 Z,H10P 70/00 201 Z,その他［例．基板以外の乾燥］,
2026.01,廃止,H01L 21/306,H10P 50/06 Z,・・・・・・化学的または電気的処理，例．電解エッチング（絶縁層の形成２１／３１）,
2026.01,廃止,H01L 21/306 A,H10P 50/06 A,ウェットエッチング一般〔方法〕〔ドライエッチングは，Ｈ０１Ｌ２１／３０２〕,
2026.01,廃止,H01L 21/306 B,H10P 50/06 A,・半導体本体用,
2026.01,廃止,H01L 21/306 C,H10P 50/64 C,・・ウエハの分割用,
2026.01,廃止,H01L 21/306 D,H10P 50/68 A,・絶縁膜用,
2026.01,廃止,H01L 21/306 E,H10P 50/68 B,・・チッ化膜用,
2026.01,廃止,H01L 21/306 F,H10P 50/66,・電極・配線用,
2026.01,廃止,H01L 21/306 G,H10P 50/66,・・多結晶シリコン用,
2026.01,廃止,H01L 21/306 J,H10P 50/06 J,装置,
2026.01,廃止,H01L 21/306 K,H10P 50/06 J,・ウエハの収納保持,
2026.01,廃止,H01L 21/306 L,H10P 50/61,電解エッチング,
2026.01,廃止,H01L 21/306 M,H10P 50/06 M,化学的研摩〔ウェハ表面平滑化〕「図」,
2026.01,廃止,H01L 21/306 N,H10P 50/06 N,リフトオフ法,
2026.01,廃止,H01L 21/306 P,H10P 50/06 P,アンダーエッチング（微細加工）法「図」,
2026.01,廃止,H01L 21/306 Q,H10P 50/06 Q,テーパーエッチング，平坦化〔段差防止〕「図」,
2026.01,廃止,H01L 21/306 R,H10P 50/06 R,スプレーエッチング〔装置もここにつける〕,
2026.01,廃止,H01L 21/306 S,H10P 50/06 S,ドライ＋ウエットエッチング,
2026.01,廃止,H01L 21/306 T,H10P 50/06 T,イオン注入後のエッチング,
2026.01,廃止,H01L 21/306 U,H10P 50/06 U,終点検知,
2026.01,廃止,H01L 21/306 Z,H10P 50/06 Z,その他のもの,
2026.01,廃止,H01L 21/308,H10P 50/06 A,・・・・・・・マスクを用いるもの,
2026.01,廃止,H01L 21/308 A,H10P 50/06 V,エッチング液〔液組成〕,
2026.01,廃止,H01L 21/308 B,H10P 50/64 A,・Ｓｉ，Ｇｅ用,
2026.01,廃止,H01L 21/308 C,H10P 50/64 B,・Ｓｉ，Ｇｅ以外用,
2026.01,廃止,H01L 21/308 D,H10P 50/64 A,・多結晶・アモルファス用,
2026.01,廃止,H01L 21/308 E,H10P 50/68 A,・絶縁体用,
2026.01,廃止,H01L 21/308 F,H10P 50/66,・金属用,
2026.01,廃止,H01L 21/308 G,H10P 50/06 V,・洗浄液・表面処理液,
2026.01,廃止,H01L 21/308 Z,H10P 50/06 Z,その他,
2026.01,廃止,H01L 21/31,H10P 14/06 101 Z,・・・・・・半導体本体上への絶縁層の形成，例．マスキング用（電極を形成する層２１／２８；封緘層２１／５６）［２］,
2026.01,廃止,H01L 21/31 A,H10P 14/06 101 A,装置,
2026.01,廃止,H01L 21/31 B,H10P 14/06 101 B,・気相堆積装置,
2026.01,廃止,H01L 21/31 C,H10P 14/06 101 C,・・プラズマを利用するもの,
2026.01,廃止,H01L 21/31 D,H10P 14/06 101 D,・・スパッタ装置,
2026.01,廃止,H01L 21/31 E,H10P 14/06 101 E,・熱処理炉,
2026.01,廃止,H01L 21/31 F,H10P 14/06 101 F,・付属具；冶具,
2026.01,廃止,H01L 21/31 Z,H10P 14/06 101 Z,その他のもの,
2026.01,廃止,H01L 21/312,H10P 14/68 Z,・・・・・・・有機物層，例．フォトレジスト,
2026.01,廃止,H01L 21/312 A,H10P 14/68 A,材料に特徴あるもの,
2026.01,廃止,H01L 21/312 B,H10P 14/68 B,・ポリイミド樹脂,
2026.01,廃止,H01L 21/312 C,H10P 14/68 C,・珪素樹脂,
2026.01,廃止,H01L 21/312 D,H10P 14/68 D,・感光性樹脂,
2026.01,廃止,H01L 21/312 M,H10P 14/68 M,積層構造を有するもの,
2026.01,廃止,H01L 21/312 N,H10P 14/68 N,・無機物層があるもの,
2026.01,廃止,H01L 21/312 Z,H10P 14/68 Z,その他のもの,
2026.01,廃止,H01L 21/314,H10P 14/69 Z,・・・・・・・無機物層,
2026.01,廃止,H01L 21/314 A,H10P 14/69 A,材料に特徴のあるもの,
2026.01,廃止,H01L 21/314 M,H10P 14/69 M,積層構造を有するもの,
2026.01,廃止,H01L 21/314 Z,H10P 14/69 Z,その他のもの,
2026.01,廃止,H01L 21/316,H10P 14/692 Z,・・・・・・・・酸化物またはガラス性酸化物または酸化物を基礎としたガラスからなるもの［２］,
2026.01,廃止,H01L 21/316 A,H10P 14/692 A,直接変換膜,
2026.01,廃止,H01L 21/316 B,H10P 14/692 B,堆積膜,
2026.01,廃止,H01L 21/316 C,H10P 14/692 C,被着後酸化するもの,
2026.01,廃止,H01L 21/316 G,H10P 14/692 G,グラシベーション,
2026.01,廃止,H01L 21/316 H,H10P 14/692 H,・ガラス組成,
2026.01,廃止,H01L 21/316 M,H10P 14/692 M,積層構造を有するもの,
2026.01,廃止,H01L 21/316 P,H10P 14/692 P,成膜後の処理〔アニールを含む〕,
2026.01,廃止,H01L 21/316 S,H10P 14/692 S,・熱酸化によるもの,
2026.01,廃止,H01L 21/316 T,H10P 14/692 T,・陽極酸化によるもの,
2026.01,廃止,H01L 21/316 U,H10P 14/692 U,・溶液処理によるもの,
2026.01,廃止,H01L 21/316 X,H10P 14/692 X,・気相堆積によるもの,
2026.01,廃止,H01L 21/316 Y,H10P 14/692 Y,・・スパッタによるもの,
2026.01,廃止,H01L 21/316 Z,H10P 14/692 Z,その他のもの,
2026.01,廃止,H01L 21/318,H10P 14/694 Z,・・・・・・・・窒化物からなるもの,
2026.01,廃止,H01L 21/318 A,H10P 14/694 A,直接変換膜,
2026.01,廃止,H01L 21/318 B,H10P 14/694 B,堆積膜,
2026.01,廃止,H01L 21/318 C,H10P 14/694 C,酸窒化膜,
2026.01,廃止,H01L 21/318 M,H10P 14/694 M,積層構造を有するもの,
2026.01,廃止,H01L 21/318 Z,H10P 14/694 Z,その他のもの,
2026.01,廃止,H01L 21/32,H10P 14/61,・・・・・・・マスクを用いるもの（２１／３０８が優先）,
2026.01,廃止,H01L 21/322,H10P 95/04 Z,・・・・・半導体本体の内部性質の改変，例．内部不完全性の形成,
2026.01,廃止,H01L 21/322 C,H10P 36/00 C,・３―５族化合物半導体,
2026.01,廃止,H01L 21/322 E,H10P 36/00 E,・高エネルギービームによる,
2026.01,廃止,H01L 21/322 G,H10P 36/00 Z,ゲッタリング,
2026.01,廃止,H01L 21/322 J,H10P 36/00 J,・・イオンビームによる,
2026.01,廃止,H01L 21/322 K,H10P 95/04 K,ライフタイムキラードーピング,
2026.01,廃止,H01L 21/322 L,H10P 95/04 L,高エネルギービームによるライフタイムコントロール,
2026.01,廃止,H01L 21/322 M,H10P 36/00 M,・機械的，化学的歪による,
2026.01,廃止,H01L 21/322 N,H10P 36/00 N,・窒化に,
2026.01,廃止,H01L 21/322 P,H10P 36/00 P,・多結晶膜による,
2026.01,廃止,H01L 21/322 Q,H10P 36/00 Q,・酸化膜による,
2026.01,廃止,H01L 21/322 R,H10P 36/00 R,・リン・ボロンによる,
2026.01,廃止,H01L 21/322 S,H10P 36/00 S,・金属〔Ｎｉ，Ｐｂ，Ｓｕ〕による,
2026.01,廃止,H01L 21/322 X,H10P 36/00 X,・ハロゲンによる,
2026.01,廃止,H01L 21/322 Y,H10P 36/02,・イントリンシックゲッタリング,
2026.01,廃止,H01L 21/322 Z,H10P 95/04 Z,その他のもの,
2026.01,廃止,H01L 21/324,H10P 95/09 101 Z,・・・・・半導体本体の性質を改変するための熱処理，例．アニーリング，シンタリング（２１／２０～２１／２８８，２１／３０２～２１／３２２が優先）,
2026.01,廃止,H01L 21/324 C,H10P 95/09 101 C,３―５族化合物半導体［Ｃ～Ｒよりも優先；結晶成長時のアニールはＨ０１Ｌ２１／２０、イオン注入の際のアニールはＨ０１Ｌ２１／２６５，６０１Ａが優先］,
2026.01,廃止,H01L 21/324 G,H10P 95/09 101 G,アニール装置,
2026.01,廃止,H01L 21/324 J,H10P 95/09 101 J,・加熱手段［ランプはＨ０１Ｌ２１／２６、電子線はＨ０１Ｌ２１／２６３、レーザはＨ０１Ｌ２１／２６８が優先］,
2026.01,廃止,H01L 21/324 K,H10P 95/09 101 J,・・ヒータ,
2026.01,廃止,H01L 21/324 N,H10P 95/09 101 N,熱処理による，Ｐ―Ｎ接合の形成,
2026.01,廃止,H01L 21/324 P,H10P 95/09 101 P,プラズマ・アニール,
2026.01,廃止,H01L 21/324 Q,H10P 95/09 101 Q,・ウエハ支持治具［ボート、サセプタ、ステージ］,
2026.01,廃止,H01L 21/324 R,H10P 95/09 101 R,・ガスの導入・排出経路、ガスの流れ方,
2026.01,廃止,H01L 21/324 S,H10P 95/09 101 S,・ウエハの搬送手段［予備室も含む］,
2026.01,廃止,H01L 21/324 T,H10P 95/09 101 T,測定、制御,
2026.01,廃止,H01L 21/324 W,H10P 95/09 101 W,前処理・後処理［基板の予備加熱・冷却］,
2026.01,廃止,H01L 21/324 X,H10P 95/09 101 X,半導体の改質［欠陥除去など；結晶成長時のアニールはＨ０１Ｌ２１／２０、イオン注入の際のアニールはＨ０１Ｌ２１／２６５，６０２が優先］,
2026.01,廃止,H01L 21/324 Z,H10P 95/09 101 Z,その他のもの,
2026.01,廃止,H01L 21/326,H10P 95/08,・・・・・電流または電界の付加，例．エレクトロフォーミング用（２１／２０～２１／２８８，２１／３０２～２１／３２４が優先）,
2026.01,廃止,H01L 21/34,H10P 14/02,・・・不純物，例．ドーピング材料，を含むまたは含まない２１／０６，２１／１６および２１／１８に分類されない半導体本体を有する装置［２］,
2026.01,廃止,H01L 21/36,H10P 14/02,・・・・基板上への半導体材料の析出，例．エピタキシャル成長［２］,
2026.01,廃止,H01L 21/363,H10P 14/22,・・・・・物理的析出を用いるもの，例．真空蒸着，スパッタリング,
2026.01,廃止,H01L 21/365,H10P 14/24,・・・・・固体を析出させるガス状化合物の還元または分解を用いるもの，すなわち化学的析出を用いるもの,
2026.01,廃止,H01L 21/368,H10P 14/26,・・・・・液相成長を用いるもの,
2026.01,廃止,H01L 21/368 L,H10P 14/26,有機層を有するもの,
2026.01,廃止,H01L 21/368 Z,H10P 14/26,その他のもの,
2026.01,廃止,H01L 21/38,H10P 32/01,・・・・半導体本体へのまたは半導体本体からのまたは半導体領域間の不純物材料，例．ドーピング材料，電極材料，の拡散［２］,
2026.01,廃止,H01L 21/383,H10P 32/12,・・・・・気相から固体へのまたは固体から気相への拡散を用いるもの,
2026.01,廃止,H01L 21/385,H10P 32/14,・・・・・固相，例．ドープされた酸化物層，から固体へのまたは固体から固相への拡散を用いるもの,
2026.01,廃止,H01L 21/388,H10P 32/16,・・・・・液相から固体へのまたは固体から液相への拡散を用いるもの，例．合金拡散法,
2026.01,廃止,H01L 21/04,H10P 32/01 101,・・・・半導体本体と不純物材料，例．ドーピング材料，電極材料，の合金［２］,
2026.01,廃止,H01L 21/42,H10P 34/00,・・・・輻射線の照射,
2026.01,廃止,H01L 21/423,H10P 34/04 Z,・・・・・高エネルギーの輻射線を有するもの,
2026.01,廃止,H01L 21/425,H10P 30/02,・・・・・・イオン注入法（局所的な処理のためのイオンビーム管Ｈ０１Ｊ３７／３０）［２］,
2026.01,廃止,H01L 21/428,H10P 34/42,・・・・・・電磁波，例．レーザ光線，を用いるもの,
2026.01,廃止,H01L 21/44,H10D 64/01 Z,・・・・２１／３６～２１／４２８に分類されない方法または装置を用いる半導体本体上への電極の製造,
2026.01,廃止,H01L 21/441,H10D 64/01 M,・・・・・電極用の導電または絶縁材料の析出［２］,
2026.01,廃止,H01L 21/443,H10P 14/42,・・・・・・気体または蒸気からの析出，例．凝結,
2026.01,廃止,H01L 21/445,H10P 14/46,・・・・・・液体からの析出，例．電解液からの析出,
2026.01,廃止,H01L 21/447,H10W 72/00 201,・・・・・圧力の適用を含むもの，例．熱圧着法（２１／６０７が優先）,
2026.01,廃止,H01L 21/449,H10W 72/00 202,・・・・・機械的振動，例．超音波振動，の適用を含むもの,
2026.01,廃止,H01L 21/46,H10P 76/00,・・・・Ｈ０１Ｌ２１／３６～Ｈ０１Ｌ２１／４２８に分類されない方法または装置を用いる半導体本体の処理（半導体本体上への電極の製造Ｈ０１Ｌ２１／４４，Ｈ１０Ｄ６４／０１）［２］,
2026.01,廃止,H01L 21/461,H10P 50/02 400,・・・・・表面の物理的性質または形状の変換，例．エッチング，ポリシング，切断,
2026.01,廃止,H01L 21/463,H10P 54/00,・・・・・・機械的処理，例．研摩，超音波処理,
2026.01,廃止,H01L 21/465,H10P 50/06 Z,・・・・・・化学的または電気的処理，例．電解エッチング（絶縁層の形成２１／４６９）,
2026.01,廃止,H01L 21/467,H10P 50/06 Z,・・・・・・・マスクを用いるもの,
2026.01,廃止,H01L 21/469,H10P 14/06 101 Z,・・・・・・半導体本体上への絶縁層の形成，例．マスキングのためのもの（電極を形成する層２１／２８；封緘層２１／５６）［２］,
2026.01,廃止,H01L 21/47,H10P 14/68 Z,・・・・・・・有機物層，例．フォトレジスト,
2026.01,廃止,H01L 21/471,H10P 14/69 Z,・・・・・・・無機物層,
2026.01,廃止,H01L 21/473,H10P 14/692 Z,・・・・・・・・酸化物またはガラス性酸化物または酸化物を基礎としたガラス［２］,
2026.01,廃止,H01L 21/475,H10P 14/61,・・・・・・・マスクを用いるもの（２１／４６７が優先）,
2026.01,廃止,H01L 21/477,H10P 95/09 101,・・・・・半導体本体の性質の改変のための熱処理，例．アニーリング，シンタリング（２１／３６～２１／４４９，２１／４６１～２１／４７５が優先）,
2026.01,廃止,H01L 21/479,H10P 95/08,・・・・・電流または電界の付加，例．エレクトロフォーミング用（２１／３６～２１／４４９，２１／４６１～２１／４７７が優先）,
2026.01,廃止,H01L 21/48,H10W 95/00 Z,・・・装置の組立に先立つ，部品，例．容器，の製造または処理であって，サブグループＨ０１Ｌ２１／１８－Ｈ０１Ｌ２１／３２６またはＨ１０Ｄ４８／０４～Ｈ１０Ｄ４８／０７の一つに分類されない方法を用いるもの［２］,
2026.01,廃止,H01L 21/05,H10W 95/00 Z,・・・サブグループＨ０１Ｌ２１／１８－Ｈ０１Ｌ２１／３２６またはＨ１０Ｄ４８／０４～Ｈ１０Ｄ４８／０７の一つに分類されない方法または装置を用いる半導体装置の組立［２］,
2026.01,廃止,H01L 21/05 A,H10W 95/00 A,組立,
2026.01,廃止,H01L 21/05 B,H10W 95/00 B,・少くともダイボンデイングとワイヤボンデイングを含む組立,
2026.01,廃止,H01L 21/05 C,H10W 95/00 C,部品の移送・供給,
2026.01,廃止,H01L 21/05 D,H10W 95/00 D,・リ－ドフレ－ムの移送・供給,
2026.01,廃止,H01L 21/05 E,H10W 95/00 E,リ－ドフレ－ムの収納,
2026.01,廃止,H01L 21/05 F,H10W 95/00 F,部品の位置決め,
2026.01,廃止,H01L 21/05 G,H10W 95/00 G,封止,
2026.01,廃止,H01L 21/05 H,H10W 95/00 H,メツキ,
2026.01,廃止,H01L 21/05 J,H10W 95/00 J,加熱,
2026.01,廃止,H01L 21/05 Z,H10W 95/00 Z,その他,
2026.01,廃止,H01L 21/52,H10W 72/03,・・・・容器中への半導体本体のマウント,
2026.01,廃止,H01L 21/52 A,H10W 72/03 A,構造,
2026.01,廃止,H01L 21/52 B,H10W 72/03 B,・材料限定,
2026.01,廃止,H01L 21/52 C,H10W 72/03 C,方法,
2026.01,廃止,H01L 21/52 D,H10W 72/03 D,・材料限定,
2026.01,廃止,H01L 21/52 E,H10W 72/03 E,接着剤,
2026.01,廃止,H01L 21/52 F,H10W 72/03 F,ボンデイング装置,
2026.01,廃止,H01L 21/52 G,H10W 72/03 G,・接着剤の供給・塗布,
2026.01,廃止,H01L 21/52 H,H10W 72/03 H,・局部に加熱手段,
2026.01,廃止,H01L 21/52 J,H10W 72/03 J,圧接型,
2026.01,廃止,H01L 21/52 K,H10W 72/03 J,・ボルトによる締付け,
2026.01,廃止,H01L 21/52 L,H10W 72/03 J,・スタツドを有するもの,
2026.01,廃止,H01L 21/52 M,H10W 72/03 J,支持電極〔Ｃｕ－Ｃ〕,
2026.01,廃止,H01L 21/52 Z,H10W 72/03 Z,その他のもの,
2026.01,廃止,H01L 21/54,H10W 76/05,・・・・容器中への充填，例．ガス充填,
2026.01,廃止,H01L 21/56,H10W 74/01,・・・・封緘，例．封緘層，被覆,
2026.01,廃止,H01L 21/56 B,H10W 74/01 B,・・リ－ドフレ－ムの搬出入,
2026.01,廃止,H01L 21/56 C,H10W 74/01 C,・樹脂ペレツト・タブレツト,
2026.01,廃止,H01L 21/56 D,H10W 74/01 D,・バリ取り,
2026.01,廃止,H01L 21/56 E,H10W 74/01 E,・樹脂塗装〔ポッテイング，デイッピングなど，樹脂粉末の塗布も含む〕,
2026.01,廃止,H01L 21/56 F,H10W 74/01 F,樹脂・ガラス以外による封止,
2026.01,廃止,H01L 21/56 G,H10W 74/01 G,ガラス封止,
2026.01,廃止,H01L 21/56 H,H10W 74/01 H,リ－ドに特徴,
2026.01,廃止,H01L 21/56 J,H10W 74/01 J,光半導体用,
2026.01,廃止,H01L 21/56 R,H10W 74/01 R,樹脂封止,
2026.01,廃止,H01L 21/56 T,H10W 74/01 T,・トランスファー成形，射出成形によるもの,
2026.01,廃止,H01L 21/56 Z,H10W 74/01 Z,その他のもの,
2026.01,廃止,H01L 21/58,H10W 72/03,・・・・支持体上への半導体装置のマウント,
2026.01,廃止,H01L 21/06,H10W 72/00,・・・・動作中の装置にまたは装置から電流を流すためのリードまたは他の導電部材の取り付け,
2026.01,廃止,H01L 21/06 301,H10W 72/05 Z,・・・・・ワイヤボンデイング,
2026.01,廃止,H01L 21/06 301 A,H10W 72/05 A,ワイヤによる内部接続,
2026.01,廃止,H01L 21/06 301 B,H10W 72/05 B,・電極とリ－ドフレ－ムとの接続〔リ－ドフレ－ムの製造は，２３／５０Ａ〕〔ビ－ムリ－ドの切断は，２３／５０Ａ〕,
2026.01,廃止,H01L 21/06 301 C,H10W 72/05 C,ワイヤのシヨ－ト防止,
2026.01,廃止,H01L 21/06 301 D,H10W 72/05 D,ワイヤボンデイング方法,
2026.01,廃止,H01L 21/06 301 F,H10W 72/05 F,ワイヤボンデイング用金属線,
2026.01,廃止,H01L 21/06 301 G,H10W 72/05 G,ワイヤボンダ－上部機構,
2026.01,廃止,H01L 21/06 301 H,H10W 72/05 H,・ワイヤボ－ル形成,
2026.01,廃止,H01L 21/06 301 J,H10W 72/05 J,・ワイヤ張力調整・クランパ・ワイヤ供給,
2026.01,廃止,H01L 21/06 301 K,H10W 72/05 K,ワイヤボンダ－下部機構,
2026.01,廃止,H01L 21/06 301 L,H10W 72/05 L,ボンデイング位置検知，制御,
2026.01,廃止,H01L 21/06 301 M,H10W 72/05 M,リ－ドフレ－ム,
2026.01,廃止,H01L 21/06 301 N,H10W 72/59 N,ボンデイングパツド，電極〔形状・配置〕〔バンプは，２１／９２〕,
2026.01,廃止,H01L 21/06 301 P,H10W 72/59 P,ボンデイングパツド電極〔形状・配置を除いたもの〕〔バンプは，２１／９２〕,
2026.01,廃止,H01L 21/06 301 Z,H10W 72/05 Z,その他,
2026.01,廃止,H01L 21/06 311,H10W 72/00 101 Z,・・・・・フエイスボンデング,
2026.01,廃止,H01L 21/06 311 Q,H10W 72/00 101 Q,フエイスボンデイングによる接続,
2026.01,廃止,H01L 21/06 311 R,H10W 72/00 101 R,・テ－プキヤリアのリ－ドへの接続,
2026.01,廃止,H01L 21/06 311 S,H10W 72/00 101 S,・絶縁基板の配線，バンプへの接続,
2026.01,廃止,H01L 21/06 311 T,H10W 72/00 101 T,フエイスボンダ－,
2026.01,廃止,H01L 21/06 311 W,H10W 72/00 101 W,テ－プキヤリア,
2026.01,廃止,H01L 21/06 311 Z,H10W 72/00 101 Z,その他,
2026.01,廃止,H01L 21/06 321,H10W 72/00 103 Z,・・・・・上記以外のボンデイングおよびボンデイグ関連事項,
2026.01,廃止,H01L 21/06 321 E,H10W 72/06 E,ワイヤ以外の接続子による内部接続,
2026.01,廃止,H01L 21/06 321 V,H10W 72/06 V,ビ－ムリ－ド,
2026.01,廃止,H01L 21/06 321 X,H10W 72/00 103 X,高周波用装置,
2026.01,廃止,H01L 21/06 321 Y,H10W 72/00 102 Y,ボンデイング検査,
2026.01,廃止,H01L 21/06 321 Z,H10W 72/00 103 Z,その他,
2026.01,廃止,H01L 21/603,H10W 72/00 201,・・・・・圧力の適用を含むもの，例．熱圧着結合（２１／６０７が優先）,
2026.01,廃止,H01L 21/603 A,H10W 72/00 201,圧着による半導体装置,
2026.01,廃止,H01L 21/603 B,H10W 72/00 201,圧着方法,
2026.01,廃止,H01L 21/603 C,H10W 72/00 201,圧着装置,
2026.01,廃止,H01L 21/603 Z,H10W 72/00 201,その他,
2026.01,廃止,H01L 21/607,H10W 72/00 202,・・・・・機械振動，例．超音波振動，の適用を含むもの,
2026.01,廃止,H01L 21/607 A,H10W 72/00 202,超音波ボンデイングによる半導体装置,
2026.01,廃止,H01L 21/607 B,H10W 72/00 202,超音波ボンデイング方法,
2026.01,廃止,H01L 21/607 C,H10W 72/00 202,超音波ボンデイング装置,
2026.01,廃止,H01L 21/607 Z,H10W 72/00 202,その他,
2026.01,廃止,H01L 21/62,H10N 70/00,・・電位障壁を有しない装置［２００６．０１］,
2026.01,廃止,H01L 21/64,H10P 74/00,・半導体装置以外の固体装置またはその部品の製造または処理であって，グループＨ０１Ｌ３１／００～Ｈ０１Ｌ３３／００またはサブクラスＨ１０Ｆ，Ｈ１０Ｈ，Ｈ１０Ｋ，Ｈ１０Ｎに分類されている一つの型の装置に特に適していないもの［２００６．０１］,
2026.01,廃止,H01L 21/66,H10P 74/00,・製造または処理中の試験または測定（製造後のものＧ０１Ｒ３１／２６）,
2026.01,廃止,H01L 21/66 A,H10P 74/00 A,不良素子の識別〔マ―キング，マップ等〕,
2026.01,廃止,H01L 21/66 B,H10P 74/00 B,プロ―バ,
2026.01,廃止,H01L 21/66 C,H10P 74/00 C,・非接触型〔電子ビ―ム，レ―ザ等〕,
2026.01,廃止,H01L 21/66 D,H10P 74/00 D,試験・測定用治具,
2026.01,廃止,H01L 21/66 E,H10P 74/00 E,試験・測定用電極，端子〔半導体装置に設けたもの〕,
2026.01,廃止,H01L 21/66 F,H10P 74/00 F,試験・測定用回路〔半導体装置に形成したもの〕,
2026.01,廃止,H01L 21/66 G,H10P 74/00 G,オ―トハンドラ,
2026.01,廃止,H01L 21/66 H,H10P 74/00 H,各種条件下での試験・測定,
2026.01,廃止,H01L 21/66 J,H10P 74/02 J,外観，パタ―ン〔Ｐ，Ｒが優先〕,
2026.01,廃止,H01L 21/66 K,H10P 74/02 K,・ピンホ―ル，クラック，そり等〔光等の非接触手段によるものはＪ〕,
2026.01,廃止,H01L 21/66 L,H10P 74/02 L,半導体基板・素子の物性,
2026.01,廃止,H01L 21/66 M,H10P 74/02 M,・キャリア寿命,
2026.01,廃止,H01L 21/66 N,H10P 74/02 N,・内部状態〔組成，格子，エッチピット，断面観察等，Ｐが優先〕,
2026.01,廃止,H01L 21/66 P,H10P 74/02 P,厚み，位置，切断面角度等,
2026.01,廃止,H01L 21/66 Q,H10P 74/02 Q,酸化膜，分離，接合等〔Ｐが優先〕,
2026.01,廃止,H01L 21/66 R,H10P 74/02 R,ボンディング状態，封止状態,
2026.01,廃止,H01L 21/66 S,H10P 74/02 S,配線部の断線・短絡等,
2026.01,廃止,H01L 21/66 T,H10P 74/02 T,〔半導体装置の〕温度・発色状態,
2026.01,廃止,H01L 21/66 U,H10P 74/00 101 U,バイポ―ラトランジスタ,
2026.01,廃止,H01L 21/66 V,H10P 74/00 101 V,ＦＥＴ，ＭＯＳ構造,
2026.01,廃止,H01L 21/66 W,H10P 74/00 101 W,メモリ,
2026.01,廃止,H01L 21/66 X,H10P 74/00 101 X,発光素子，受光素子,
2026.01,廃止,H01L 21/66 Y,H10P 74/00 101 Y,チェック用素子,
2026.01,廃止,H01L 21/66 Z,H10P 74/00 101 Z,その他のもの,
2026.01,廃止,H01L 21/68,H10P 72/00,・製造中の構成部品の支持または位置決め用装置，例．ジグ,
2026.01,廃止,H01L 21/68 A,H10P 72/03 A,移送〔ウェハ移送具，アーム，マニピュレータ，ハンド，ロボット，台車，コンベヤレイアウト設計〕［簡単なものは物流］,
2026.01,廃止,H01L 21/68 B,H10P 72/03 B,・移送のための吸着アーム,
2026.01,廃止,H01L 21/68 C,H10P 72/03 C,・・ベルヌーイチャック〔吹き付けによる負圧で吸着〕,
2026.01,廃止,H01L 21/68 D,H10P 72/03 D,複数ウェハの一括移しかえ〔キャリアとボード間の移替え，ウェハ配列ピッチ変えの移替〕,
2026.01,廃止,H01L 21/68 E,H10P 72/00 E,ペレット，チップの取外し〔突き上げウェハ切断後，チップ一ケ毎突き上げて分離〕,
2026.01,廃止,H01L 21/68 F,H10P 72/05 F,位置検出・制御〔Ｍが優先〕〔マーク検出〕,
2026.01,廃止,H01L 21/68 G,H10P 72/05 G,位置決め・整列〔Ｍが優先〕,
2026.01,廃止,H01L 21/68 J,H10P 72/05 G,・リードフレームの位置決め,
2026.01,廃止,H01L 21/68 K,H10P 72/05 K,載置台の移動〔微動テーブル，位置決めステージ〕,
2026.01,廃止,H01L 21/68 L,H10P 72/00 L,ウェハの有無・表裏等の検出〔枚数カウント〕,
2026.01,廃止,H01L 21/68 M,H10P 72/05 M,オリフラ部を利用したもの〔オリフラ検出，オリフラ合わせ〕,
2026.01,廃止,H01L 21/68 N,H10P 72/07,保持〔ウェハを処理するとき止めておく治具，ウェハ面保護テープ貼りとはがし〕,
2026.01,廃止,H01L 21/68 P,H10P 72/78,・吸着によるもの〔吸着盤に保持〕,
2026.01,廃止,H01L 21/68 R,H10P 72/72,・・静電チャック〔静電吸着盤に保持〕,
2026.01,廃止,H01L 21/68 S,H10P 72/76,把持〔ピンセット，はさんで把持するアーム〕,
2026.01,廃止,H01L 21/68 T,H10P 72/01 T,容器〔ストッカ，キャビネ，倉庫，仕かかり品のみ，完成品は流通〕,
2026.01,廃止,H01L 21/68 U,H10P 72/01 U,・水平状態のペレット・ウェハ等のためのもの〔トレイ〕,
2026.01,廃止,H01L 21/68 V,H10P 72/01 T,・積層型〔ウェハキャリア〕,
2026.01,廃止,H01L 21/68 Z,H10P 72/00 Z,その他のもの,
2026.01,廃止,H01L 21/07,H10W 29/00,・１つの共通基板内または上に形成された複数の固体構成部品からなる装置またはその部品の製造または処理；集積回路装置またはその部品の製造（予め形成された電気的構成部品からなる組立体の製造Ｈ０５Ｋ３／００，１３／００）［２］,
2026.01,廃止,H01L 21/72,H10W 29/00,・・基板が半導体本体のもの［２］,
2026.01,廃止,H01L 21/74,H10W 15/00,・・・高い不純物濃度の埋込み領域，例．埋込みコレクター層，内部の相互接続，の形成［２］,
2026.01,廃止,H01L 21/76,H10W 10/00,・・・構成部品間の分離領域，例．Ｐ―Ｎ接合，誘電体層，空隙，の形成,
2026.01,廃止,H01L 21/76 A,H10W 10/02,空気〔空隙〕による分離,
2026.01,廃止,H01L 21/76 D,H10W 10/01,誘電体のみによる分離〔Ｐが優先〕,
2026.01,廃止,H01L 21/76 E,H10W 10/00 E,・エピタキシャルに特徴のあるもの,
2026.01,廃止,H01L 21/76 J,H10W 10/03,Ｐ―Ｎ接合のみによる分離〔ＭＯＳＩＣの分離Ｍ〕,
2026.01,廃止,H01L 21/76 L,H10W 10/17,・・垂直な溝を形成するもの,
2026.01,廃止,H01L 21/76 M,H10W 10/13,Ｐ―Ｎ接合及び誘電体による複合分離，例．ＬＯＣＯＳ技術を含むもの〔Ｐが優先〕,
2026.01,廃止,H01L 21/76 N,H10W 10/17,・溝を形成するもの,
2026.01,廃止,H01L 21/76 P,H10W 10/00 P,シリコンの多孔質化技術を利用したもの,
2026.01,廃止,H01L 21/76 Q,H10W 10/04,多結晶シリコンに特徴のあるもの,
2026.01,廃止,H01L 21/76 R,H10W 10/00 R,イオン注入に特徴のあるもの,
2026.01,廃止,H01L 21/76 S,H10W 10/00 S,寄生効果の防止に特徴のあるもの，例．チャンネルストッパーの形成,
2026.01,廃止,H01L 21/76 V,H10W 10/17,・・Ｖ溝を形成するもの,
2026.01,廃止,H01L 21/76 Z,H10W 10/00 Z,その他のもの,
2026.01,廃止,H01L 21/78,H10P 58/00 A,・・・複数の個々の構成部品に基板を分割することによるもの,
2026.01,廃止,H01L 21/78 A,H10P 58/00 A,分割,
2026.01,廃止,H01L 21/78 B,H10P 58/00 B,レ－ザ－スクライブ,
2026.01,廃止,H01L 21/78 C,H10P 58/00 C,ダイシングライン検出,
2026.01,廃止,H01L 21/78 F,H10P 58/00 F,回転ブレ－ド,
2026.01,廃止,H01L 21/78 G,H10P 58/00 G,ダイヤモンド・カツタ－,
2026.01,廃止,H01L 21/78 H,H10P 58/00 H,サンドブラスト,
2026.01,廃止,H01L 21/78 L,H10P 58/00 L,ウエハの前処理，スクライブラインの形状・構造,
2026.01,廃止,H01L 21/78 M,H10P 58/00 M,ウエハの接着，補強，ダイシング治具,
2026.01,廃止,H01L 21/78 N,H10P 58/00 N,ウエハの保持，搬送,
2026.01,廃止,H01L 21/78 P,H10P 58/00 P,ウエハの後処理，接着テ－プ等の剥離,
2026.01,廃止,H01L 21/78 Q,H10P 58/00 Q,ダイシング方法，分割を伴なう一連処理,
2026.01,廃止,H01L 21/78 R,H10P 58/00 R,ダイシング後又はダイシング後クラツキング前のウエハ又はチツプの形状・構造,
2026.01,廃止,H01L 21/78 S,H10P 58/00 S,少なくともエツチングを用いるもの,
2026.01,廃止,H01L 21/78 T,H10P 58/00 T,クラツキング,
2026.01,廃止,H01L 21/78 U,H10P 58/00 U,・劈開,
2026.01,廃止,H01L 21/78 V,H10P 58/00 V,ダイシング後クラツキングを行なうもの,
2026.01,廃止,H01L 21/78 W,H10P 58/00 W,スペ－シング,
2026.01,廃止,H01L 21/78 X,H10P 58/00 X,少なくともクラツキングとスペ－シングの両方を行なうもの,
2026.01,廃止,H01L 21/78 Y,H10P 58/00 Y,ピツキング，ペレツトの取り剥がし,
2026.01,廃止,H01L 21/78 Z,H10P 58/00 Z,その他のもの,
2026.01,廃止,H01L 21/08,H10P 58/00 Z,・・・・個々の構成部品が１つの共通基板内または基板上に形成された複数の構成部品からなっているもの,
2026.01,廃止,H01L 21/84,H10P 14/02,・・基板が半導体本体以外のもの，例．絶縁体のもの［２］,
2026.01,廃止,H01L 21/86,H10P 14/24,・・・絶縁体がサファイアのもの，例．サファイア構造上のシリコン，すなわちＳＯＳ［２］,
2026.01,廃止,H01L 21/88,H10W 20/00,・・電流を流すためのリードまたは導電部材の取り付け,
2026.01,廃止,H01L 21/88 A,H10W 20/41 A,配線パターンに関するもの〔配線の一般的構造〕,
2026.01,廃止,H01L 21/88 B,H10W 20/00 B,・配線パターンの形成に関するもの,
2026.01,廃止,H01L 21/88 C,H10W 20/00 C,・・配線材料のエッチングによるもの,
2026.01,廃止,H01L 21/88 D,H10W 20/00 C,・・・ドライエッチングによるもの,
2026.01,廃止,H01L 21/88 E,H10W 20/00 E,・・選択酸化によるもの,
2026.01,廃止,H01L 21/88 F,H10W 20/00 F,・・テーパーの形成に関するもの,
2026.01,廃止,H01L 21/88 G,H10W 20/00 G,・・リフトオフによるもの,
2026.01,廃止,H01L 21/88 H,H10W 20/00 G,・・・リフトオフにより平坦化されるもの,
2026.01,廃止,H01L 21/88 J,H10W 20/02,・半導体基板内に配線層を設けるもの,
2026.01,廃止,H01L 21/88 K,H10W 20/00 K,・配線層表面の平坦化に関するもの,
2026.01,廃止,H01L 21/88 M,H10W 20/44 M,配線材料に特徴のあるもの,
2026.01,廃止,H01L 21/88 N,H10W 20/44 N,・Ａｌ又は，Ａｌ合金を用いるもの,
2026.01,廃止,H01L 21/88 P,H10W 20/44 P,・半導体を用いるもの,
2026.01,廃止,H01L 21/88 Q,H10W 20/44 Q,・金属及び半導体を併用するもの〔シリサイド，ポリサイド〕,
2026.01,廃止,H01L 21/88 R,H10W 20/44 R,・金属積層材を用いるもの,
2026.01,廃止,H01L 21/88 S,H10W 20/49 S,配線以外の目的を有する導電層に関するもの〔シールド・ダミー〕,
2026.01,廃止,H01L 21/88 T,H10W 20/49 T,配線終端部に関するもの〔ボンディングパッド〕,
2026.01,廃止,H01L 21/88 Z,H10W 20/43,その他のもの〔配線レイアウト〕,
2026.01,廃止,H01L 21/09,H10W 20/04 Z,・・・装置内の動作中の１つの構成部品から他の構成部品へのもの,
2026.01,廃止,H01L 21/09 A,H10W 20/41 B,配線層間の接続に関するもの,
2026.01,廃止,H01L 21/09 B,H10W 20/41 B,・構造に特徴のあるもの,
2026.01,廃止,H01L 21/09 C,H10W 20/41 C,配線層と半導体基板との接続に関するもの,
2026.01,廃止,H01L 21/09 D,H10W 20/41 C,・構造に特徴のあるもの,
2026.01,廃止,H01L 21/09 J,H10W 20/45 Z,配線層間の絶縁に関するもの,
2026.01,廃止,H01L 21/09 K,H10W 20/48 K,・無機材料によるもの,
2026.01,廃止,H01L 21/09 L,H10W 20/48 L,・・金属化合物によるもの,
2026.01,廃止,H01L 21/09 M,H10W 20/47,・・積層材によるもの,
2026.01,廃止,H01L 21/09 N,H10W 20/46,・空気絶縁によるもの〔エアブリッジ・ポーラス膜〕,
2026.01,廃止,H01L 21/09 P,H10W 20/45 P,・製造方法に特徴のあるもの,
2026.01,廃止,H01L 21/09 Q,H10W 20/45 Q,・・塗布によるもの,
2026.01,廃止,H01L 21/09 R,H10W 20/45 R,・・溶融処理を施すもの〔リフロー〕,
2026.01,廃止,H01L 21/09 S,H10W 20/48 S,・有機樹脂によるもの,
2026.01,廃止,H01L 21/09 V,H10W 20/04 V,寄生効果の除去に関するもの〔寄生チャンネル〕,
2026.01,廃止,H01L 21/09 W,H10W 20/04 W,配線の交差に関するもの,
2026.01,廃止,H01L 21/09 Z,H10W 20/04 Z,その他のもの,
2026.01,廃止,H01L 21/92,H10W 72/02 101 Z,・・・動作中の装置からまたは装置へのもの,
2026.01,廃止,H01L 21/92 601,H10W 72/02 101 Z,・・・・バンプ電極,
2026.01,廃止,H01L 21/92 602,H10W 72/02 101 Z,・・・・・構造に特徴があるもの,
2026.01,廃止,H01L 21/92 602 A,H10W 72/02 101 A,バンプ,
2026.01,廃止,H01L 21/92 602 B,H10W 72/02 101 A,・同種材料の組み合わせ，例．成分の異なるはんだ,
2026.01,廃止,H01L 21/92 602 C,H10W 72/02 101 A,・異種材料の組み合わせ,
2026.01,廃止,H01L 21/92 602 D,H10W 72/02 101 A,・・積層構造のもの,
2026.01,廃止,H01L 21/92 602 E,H10W 72/02 101 A,・・基部と被覆部からなるもの,
2026.01,廃止,H01L 21/92 602 F,H10W 72/02 101 A,・・・基部が円柱状・きのこ状のもの,
2026.01,廃止,H01L 21/92 602 G,H10W 72/02 101 A,・形状のみに特徴があるもの,
2026.01,廃止,H01L 21/92 602 H,H10W 72/29 101,下地金属,
2026.01,廃止,H01L 21/92 602 J,H10W 72/29 101,電極パッド,
2026.01,廃止,H01L 21/92 602 K,H10W 72/02 101 G,絶縁膜,
2026.01,廃止,H01L 21/92 602 L,H10W 72/02 101 G,・樹脂層を積層したもの,
2026.01,廃止,H01L 21/92 602 M,H10W 72/02 101 G,基板,
2026.01,廃止,H01L 21/92 602 N,H10W 72/02 101 N,複数のバンプ電極の配置パターンに特徴があるもの,
2026.01,廃止,H01L 21/92 602 P,H10W 72/02 101 P,・特別の機能をもつバンプを選択的に配置したもの,
2026.01,廃止,H01L 21/92 602 Q,H10W 72/02 101 Q,・配置箇所に応じて形状を変化させたもの,
2026.01,廃止,H01L 21/92 602 R,H10W 72/02 101 R,接続先の電極との形状・材質等の組み合わせに特徴があるもの,
2026.01,廃止,H01L 21/92 602 Z,H10W 72/02 101 Z,その他,
2026.01,廃止,H01L 21/92 603,H10W 72/02 102 Z,・・・・・材料・成分の選択に特徴があるもの,
2026.01,廃止,H01L 21/92 603 A,H10W 72/02 102 A,バンプ,
2026.01,廃止,H01L 21/92 603 B,H10W 72/02 102 A,・合金からなるもの,
2026.01,廃止,H01L 21/92 603 C,H10W 72/02 102 A,・導電性樹脂からなるもの,
2026.01,廃止,H01L 21/92 603 D,H10W 72/29 102,下地金属,
2026.01,廃止,H01L 21/92 603 E,H10W 72/29 102,・合金層をもつもの,
2026.01,廃止,H01L 21/92 603 F,H10W 72/29 102,電極パッド,
2026.01,廃止,H01L 21/92 603 G,H10W 72/02 102 G,絶縁膜,
2026.01,廃止,H01L 21/92 603 Z,H10W 72/02 102 Z,その他,
2026.01,廃止,H01L 21/92 604,H10W 72/02 103 Z,・・・・・製造方法に特徴があるもの,
2026.01,廃止,H01L 21/92 604 A,H10W 72/02 103 A,バンプ,
2026.01,廃止,H01L 21/92 604 B,H10W 72/02 103 A,・電解メッキ,
2026.01,廃止,H01L 21/92 604 C,H10W 72/02 103 A,・蒸着,
2026.01,廃止,H01L 21/92 604 D,H10W 72/02 103 A,・浸漬,
2026.01,廃止,H01L 21/92 604 E,H10W 72/02 103 A,・印刷,
2026.01,廃止,H01L 21/92 604 F,H10W 72/02 103 A,・転写,
2026.01,廃止,H01L 21/92 604 G,H10W 72/02 103 B,・ボンディング,
2026.01,廃止,H01L 21/92 604 H,H10W 72/02 103 C,・・ボールボンディング,
2026.01,廃止,H01L 21/92 604 J,H10W 72/02 103 D,・・ワイヤボールボンディング（スタッドバンプ）,
2026.01,廃止,H01L 21/92 604 K,H10W 72/02 103 D,・・・キャピラリの形状・動作,
2026.01,廃止,H01L 21/92 604 L,H10W 72/02 103 D,・・・治具の形状・動作,
2026.01,廃止,H01L 21/92 604 M,H10W 72/29 103,下地金属,
2026.01,廃止,H01L 21/92 604 N,H10W 72/29 103,・蒸着,
2026.01,廃止,H01L 21/92 604 P,H10W 72/29 103,・リフトオフ,
2026.01,廃止,H01L 21/92 604 Q,H10W 72/29 103,・エッチング,
2026.01,廃止,H01L 21/92 604 R,H10W 72/29 103,電極パッド,
2026.01,廃止,H01L 21/92 604 S,H10W 72/02 103 G,絶縁膜・フォトレジスト等,
2026.01,廃止,H01L 21/92 604 T,H10W 72/00 102 T,検査・測定に関するもの,
2026.01,廃止,H01L 21/92 604 Z,H10W 72/02 103 Z,その他,
2026.01,廃止,H01L 21/92 611,H10W 72/06 V,・・・・ビームリード電極,
2026.01,廃止,H01L 21/92 611 A,H10W 72/06 V,構造に特徴があるもの,
2026.01,廃止,H01L 21/92 611 B,H10W 72/06 V,材料の選択に特徴があるもの,
2026.01,廃止,H01L 21/92 611 C,H10W 72/06 V,製造方法に特徴があるもの,
2026.01,廃止,H01L 21/92 611 Z,H10W 72/06 V,その他,
2026.01,廃止,H01L 21/92 621,H10W 72/00 103 Z,・・・・その他の接続用電極,
2026.01,廃止,H01L 21/92 621 A,H10W 72/00 103 Z,はんだを利用するもの,
2026.01,廃止,H01L 21/92 621 Z,H10W 72/00 103 Z,その他,
2026.01,廃止,H01L 21/94,H10W 10/01,・・絶縁層または絶縁領域の形成,
2026.01,廃止,H01L 21/94 A,H10W 10/13,ＬＯＣＯＳ,
2026.01,廃止,H01L 21/94 Z,H10W 10/01,その他のもの,
2026.01,廃止,H01L 21/95,H10W 20/48 Z,・・・装置内部のもの,
2026.01,廃止,H01L 21/96,H10W 95/00 Z,・・装置の組立に先立つ，１つの共通基板内または基板上に形成された複数の固体構成部品からなる装置用の部品，例．容器，の製造または処理；装置の組立に先立つ，集積回路装置用の部品，例．容器，の製造または処理（容器，封緘，充填，マウントそれ自体２３／００）,
2026.01,廃止,H01L 21/98,H10W 95/00 Z,・・１つの共通基板内または基板上に形成された固体構成部品からなる装置の組立；集積回路装置の組立,
2026.01,廃止,H01L 23/00,H10W 99/00,半導体または他の固体装置の細部（２５／００が優先；半導体本体の細部または２９／００に分類されている装置の電極の細部はそこに分類する；３１／００～４９／００の一つのメイングループに分類されている装置に特有なデータはそこに分類する）,
2026.01,廃止,H01L 23/00 A,H10W 46/00 201,マ－ク・マ－キング・表示,
2026.01,廃止,H01L 23/00 B,H10W 42/06,静電破壊防止,
2026.01,廃止,H01L 23/00 C,H10W 42/00 100,保護,
2026.01,廃止,H01L 23/00 Z,H10W 99/00,その他のもの,
2026.01,廃止,H01L 23/02,H10W 76/01 Z,・容器，封止（２３／１２，２３／３４，２３／４８が優先）,
2026.01,廃止,H01L 23/02 A,H10W 76/01 A,放射線遮蔽用のもの,
2026.01,廃止,H01L 23/02 B,H10W 76/63,封止部の構造に特徴のあるもの,
2026.01,廃止,H01L 23/02 C,H10W 76/63 200,・金属材料を用いるもの〔半田，ろう付，シーム溶接等〕（ドット数修正）,
2026.01,廃止,H01L 23/02 D,H10W 76/63 100,・ガラス材料を用いるもの（ドット数修正）,
2026.01,廃止,H01L 23/02 E,H10W 76/01 E,混成集積回路用,
2026.01,廃止,H01L 23/02 F,H10W 76/01 F,光半導体用,
2026.01,廃止,H01L 23/02 G,H10W 76/01 G,貫通孔を有するもの〔膨張空気の逃げ孔，ガス抜き孔等〕,
2026.01,廃止,H01L 23/02 H,H10W 76/01 H,高周波半導体素子用（Ｈ１１　新設）,
2026.01,廃止,H01L 23/02 J,H10W 76/01 J,蓋に特徴のあるもの（Ｈ１１　新設）,
2026.01,廃止,H01L 23/02 K,H10W 76/01 K,緩衝部材を備えたもの（Ｈ１１　新設）,
2026.01,廃止,H01L 23/02 Z,H10W 76/01 Z,その他のもの,
2026.01,廃止,H01L 23/04,H10W 76/12 Z,・・形状に特徴のあるもの,
2026.01,廃止,H01L 23/04 A,H10W 76/12 A,キヤン封止のもの,
2026.01,廃止,H01L 23/04 B,H10W 76/12 B,平型のもの,
2026.01,廃止,H01L 23/04 C,H10W 76/12 C,スタツド型のもの,
2026.01,廃止,H01L 23/04 D,H10W 76/12 D,外形に特徴のあるもの〔位置決め用凹凸部等〕,
2026.01,廃止,H01L 23/04 E,H10W 76/12 E,リードに関連するもの,
2026.01,廃止,H01L 23/04 Z,H10W 76/12 Z,その他のもの,
2026.01,廃止,H01L 23/06,H10W 76/17 Z,・・容器の材料またはその電気特性に特徴のあるもの,
2026.01,廃止,H01L 23/06 A,H10W 76/17 A,遮光材料,
2026.01,廃止,H01L 23/06 B,H10W 76/17 B,金属・導電材料,
2026.01,廃止,H01L 23/06 C,H10W 76/17 C,磁性材料,
2026.01,廃止,H01L 23/06 D,H10W 76/17 D,形状記憶合金,
2026.01,廃止,H01L 23/06 Z,H10W 76/17 Z,その他のもの,
2026.01,廃止,H01L 23/08,H10W 76/18 Z,・・・材料が絶縁体のもの，例．ガラス,
2026.01,廃止,H01L 23/08 A,H10W 76/18 A,樹脂容器,
2026.01,廃止,H01L 23/08 B,H10W 76/18 B,ガラス容器,
2026.01,廃止,H01L 23/08 C,H10W 76/18 C,セラミツク容器,
2026.01,廃止,H01L 23/08 D,H10W 76/18 D,・非酸化物を含むもの,
2026.01,廃止,H01L 23/08 Z,H10W 76/18 Z,その他のもの,
2026.01,廃止,H01L 23/01,H10W 76/67,・・部品間，例．容器とマウントとの間，の封止の材料または配列に特徴のあるもの,
2026.01,廃止,H01L 23/01 A,H10W 76/67 100,ガラス封止材,
2026.01,廃止,H01L 23/01 B,H10W 76/67,ガラス以外の封止材〔半田，樹脂等〕,
2026.01,廃止,H01L 23/01 C,H10W 76/67 300,プリプレグ〔熱硬化性樹脂を含浸させたシート状のもの〕,
2026.01,廃止,H01L 23/01 Z,H10W 76/67,その他のもの,
2026.01,廃止,H01L 23/12,H10W 70/00,・マウント,
2026.01,廃止,H01L 23/12 301,H10W 70/00 301 Z,・・高周波素子のマウント,
2026.01,廃止,H01L 23/12 301 C,H10W 70/00 301 C,ＭＩＣ基板の取付け,
2026.01,廃止,H01L 23/12 301 D,H10W 70/00 301 D,マイクロ波ダイオ－ドマウント,
2026.01,廃止,H01L 23/12 301 J,H10W 70/00 J,放熱構造,
2026.01,廃止,H01L 23/12 301 L,H10W 70/00 301 L,リ－ドインダクタンスの低減化,
2026.01,廃止,H01L 23/12 301 Z,H10W 70/00 301 Z,その他のもの,
2026.01,廃止,H01L 23/12 501,H10W 70/00 501 Z,・・ＢＧＡ，ＣＳＰなどパッケージ基板に突起状の電極を有するもの（Ｈ１２．４新設）,
2026.01,廃止,H01L 23/12 501 B,H10W 70/00 501 B,突起状の電極によってチップをチップ幅より大きなパッケージ基板と接続したもの（Ｈ１２．４新設）,
2026.01,廃止,H01L 23/12 501 C,H10W 70/00 501 C,パッケージ基板がチップ幅以下のもの又はパッケージ基板を有しないもの（Ｈ１２．４新設）,
2026.01,廃止,H01L 23/12 501 F,H10W 70/06 500,・パッケージ基板がフィルム状またはテープ状のもの（Ｈ１２．４新設）,
2026.01,廃止,H01L 23/12 501 P,H10W 70/62 500,・ポスト電極又は再配線を有するもの（Ｈ１２．４新設）,
2026.01,廃止,H01L 23/12 501 S,H10W 70/00 501 S,パッケージ基板に対してパッケージ端子とチップが同じ側にあるもの（Ｈ１２．４新設）,
2026.01,廃止,H01L 23/12 501 T,H10W 70/00 501 T,パッケージ端子がボール形状以外のもの〔リード、ピン、ワイヤ等を端子とするもの〕（Ｈ１２．４新設）,
2026.01,廃止,H01L 23/12 501 V,H10W 70/00 501 V,・ワイヤ又はリード等を用いるもの（Ｈ１２．４新設）,
2026.01,廃止,H01L 23/12 501 W,H10W 70/00 501 W,ワイヤによってチップをチップ幅より大きなパッケージ基板と接続したもの（Ｈ１２．４新設）,
2026.01,廃止,H01L 23/12 501 Z,H10W 70/00 501 Z,その他のもの（Ｈ１２．４新設）,
2026.01,廃止,H01L 23/12 B,H10W 70/00 B,Ｌ，Ｃ，Ｒを含むマウント基板,
2026.01,廃止,H01L 23/12 C,H10W 70/68 200,セラミツク基板,
2026.01,廃止,H01L 23/12 D,H10W 70/05 200,・製造方法,
2026.01,廃止,H01L 23/12 E,H10W 70/00 E,接地構造または電源接続構造に特徴のある基板,
2026.01,廃止,H01L 23/12 F,H10W 70/00 F,チツプマウント周辺構造に特徴のある基板,
2026.01,廃止,H01L 23/12 G,H10W 70/00 G,ガラス封止型装置の基板,
2026.01,廃止,H01L 23/12 H,H10W 70/00 H,ハイブリツドＩＣ用基板,
2026.01,廃止,H01L 23/12 J,H10W 70/00 J,放熱のための構造に特徴のある基板,
2026.01,廃止,H01L 23/12 K,H10W 70/00 K,外部リ－ド取付けに特徴のある基板,
2026.01,廃止,H01L 23/12 L,H10W 70/00 L,リ－ドレスチツプキヤリア,
2026.01,廃止,H01L 23/12 N,H10W 70/685,多層基板〔Ｐが優先〕,
2026.01,廃止,H01L 23/12 P,H10W 70/00 P,ピングリツドアレイ,
2026.01,廃止,H01L 23/12 Q,H10W 70/62,導体パタ－ンに特徴のある基板,
2026.01,廃止,H01L 23/12 S,H10W 70/02,金属ステム基板,
2026.01,廃止,H01L 23/12 W,H10W 70/00 W,ワイヤボンデイングに関連する基板構造,
2026.01,廃止,H01L 23/12 Z,H10W 70/00 Z,その他のもの,
2026.01,廃止,H01L 23/14,H10W 70/00,・・材料またはその電気特性に特徴のあるもの,
2026.01,廃止,H01L 23/14 C,H10W 70/692,無機絶縁物基板，例．セラミツク，ガラス,
2026.01,廃止,H01L 23/14 D,H10W 70/69 100,・ダイアモンド基板,
2026.01,廃止,H01L 23/14 M,H10W 70/02,金属又は金属を含む複合材料,
2026.01,廃止,H01L 23/14 R,H10W 70/695,有機絶縁物又は有機絶縁物を含む複合材料,
2026.01,廃止,H01L 23/14 S,H10W 70/698,・半導体基板,
2026.01,廃止,H01L 23/14 X,H10W 70/00 X,電磁シ－ルド材料,
2026.01,廃止,H01L 23/14 Z,H10W 70/00,その他のもの,
2026.01,廃止,H01L 23/16,H10W 76/42,・充填,
2026.01,廃止,H01L 23/18,H10W 76/42,・・材料またはその物理的または化学的特性または完全装置内での配列に特徴のあるもの,
2026.01,廃止,H01L 23/02,H10W 76/43,・・・装置の正常な動作温度でガス状のもの,
2026.01,廃止,H01L 23/22,H10W 76/45,・・・装置の正常な動作温度で液体状のもの,
2026.01,廃止,H01L 23/24,H10W 76/47,・・・装置の正常な動作温度で固体またはゲル状のもの,
2026.01,廃止,H01L 23/26,H10W 76/48,・・・湿気または他の不要物質と反応または吸収する材料を含むもの,
2026.01,廃止,H01L 23/28,H10W 74/01 Z,・封緘，例．封緘層，被覆（Ｈ０１Ｌ２３／５５２が優先）［２００６．０１］,
2026.01,廃止,H01L 23/28 A,H10W 74/01 A,リ－ドに特徴,
2026.01,廃止,H01L 23/28 B,H10W 74/01 B,放熱基板上のもの,
2026.01,廃止,H01L 23/28 C,H10W 74/01 C,流れ防止手段,
2026.01,廃止,H01L 23/28 D,H10W 74/01 D,光半導体用,
2026.01,廃止,H01L 23/28 E,H10W 74/01 E,混成集積回路用,
2026.01,廃止,H01L 23/28 F,H10W 74/01 F,表面に導電層を有するもの,
2026.01,廃止,H01L 23/28 G,H10W 74/01 G,熱収縮チユ－ブ,
2026.01,廃止,H01L 23/28 H,H10W 74/01 H,表示・識別,
2026.01,廃止,H01L 23/28 J,H10W 74/01 J,外形に特徴,
2026.01,廃止,H01L 23/28 K,H10W 74/01 K,ケ－ス収納型,
2026.01,廃止,H01L 23/28 L,H10W 74/01 L,・ケ－ス収納型用封止材・その配列,
2026.01,廃止,H01L 23/28 M,H10W 74/01 M,主として時計用,
2026.01,廃止,H01L 23/28 T,H10W 74/01 T,絶縁基板の孔中に突出するリ－ドにチツプを搭載したもの〔例．テ－プキヤリアを用いたもの〕,
2026.01,廃止,H01L 23/28 Z,H10W 74/01 Z,その他のもの,
2026.01,廃止,H01L 23/03,H10W 74/04 Z,・・封緘の材料または配列に特徴のあるもの,
2026.01,廃止,H01L 23/03 A,H10W 74/04 A,α線遮蔽のためのもの,
2026.01,廃止,H01L 23/03 B,H10W 74/47 100,・複数の樹脂層,
2026.01,廃止,H01L 23/03 C,H10W 74/47 200,・エネルギ－線官能樹脂，例．光・電子線・イオン化線で硬化するもの,
2026.01,廃止,H01L 23/03 D,H10W 74/15,表面・接合面保護被覆,
2026.01,廃止,H01L 23/03 E,H10W 74/04 E,遮光材使用,
2026.01,廃止,H01L 23/03 F,H10W 74/04 F,光半導体用,
2026.01,廃止,H01L 23/03 G,H10W 74/43 100,ガラス封止,
2026.01,廃止,H01L 23/03 R,H10W 74/47,樹脂封止,
2026.01,廃止,H01L 23/03 Z,H10W 74/04 Z,その他のもの,
2026.01,廃止,H01L 23/32,H10W 78/00 Z,・動作中の完全装置を支持する支持体,
2026.01,廃止,H01L 23/32 A,H10W 78/00 A,ＩＣソケツト〔特殊なソケツトのみ付与，大部分は，Ｈ０１Ｒ３３が主〕,
2026.01,廃止,H01L 23/32 B,H10W 78/00 B,装着用治具・工具〔ＩＣのリ－ドをソケツトに押込み，引抜く治具〕,
2026.01,廃止,H01L 23/32 C,H10W 78/00 C,パワ－トランジスタの取付〔ＣＡＮ型と三端子型のみの取り付け〕,
2026.01,廃止,H01L 23/32 D,H10W 78/00 D,支持，接続，取付座〔上記以外の取り付け〕,
2026.01,廃止,H01L 23/32 E,H10W 78/00 E,Ｔｒ取付，支持の関連技術〔ハンダ付け以外〕,
2026.01,廃止,H01L 23/32 Z,H10W 78/00 Z,その他のもの,
2026.01,廃止,H01L 23/34,H10W 40/00,・冷却装置；加熱装置；換気装置,
2026.01,廃止,H01L 23/34 A,H10W 40/02 A,半導体素子・容器・リ－ド,
2026.01,廃止,H01L 23/34 B,H10W 40/02 B,樹脂封止型,
2026.01,廃止,H01L 23/34 C,H10W 40/06 D,圧接型,
2026.01,廃止,H01L 23/34 D,H10W 40/05,感温素子を有するもの,
2026.01,廃止,H01L 23/34 E,H10W 40/00 900,恒温槽,
2026.01,廃止,H01L 23/34 Z,H10W 40/00,その他のもの,
2026.01,廃止,H01L 23/36,H10W 40/22,・・冷却または加熱を容易にするための材料の選択または成形，例．ヒート・シンク,
2026.01,廃止,H01L 23/36 A,H10W 40/02 B,樹脂封止型,
2026.01,廃止,H01L 23/36 B,H10W 40/06 D,圧接用,
2026.01,廃止,H01L 23/36 C,H10W 40/02 C,放熱性回路基板・ステム,
2026.01,廃止,H01L 23/36 D,H10W 40/06 M,発熱体と放熱体間の熱伝導部材,
2026.01,廃止,H01L 23/36 M,H10W 40/25,材料に特徴,
2026.01,廃止,H01L 23/36 Z,H10W 40/02,その他のもの,
2026.01,廃止,H01L 23/38,H10W 40/28,・・ペルチェ効果を利用した冷却装置,
2026.01,廃止,H01L 23/04,H10W 40/06,・・分離できる冷却または加熱装置のための取り付けまたは固着手段,
2026.01,廃止,H01L 23/04 A,H10W 40/06 A,プリント基板との取付け,
2026.01,廃止,H01L 23/04 B,H10W 40/06 B,放熱板付シングルインライン型の取付け,
2026.01,廃止,H01L 23/04 C,H10W 40/06 C,位置規制,
2026.01,廃止,H01L 23/04 D,H10W 40/06 D,圧接型,
2026.01,廃止,H01L 23/04 E,H10W 40/06 E,挟持による取付け,
2026.01,廃止,H01L 23/04 F,H10W 40/06 F,接合層による取付け,
2026.01,廃止,H01L 23/04 Z,H10W 40/06 Z,その他のもの,
2026.01,廃止,H01L 23/42,H10W 40/07,・・加熱または冷却を容易にするために選択されたまたは配列された充填，例．状態の変化によるもの,
2026.01,廃止,H01L 23/44,H10W 40/03,・・完全装置全体が空気以外の流体中に浸されているもの,
2026.01,廃止,H01L 23/46,H10W 40/04,・・流動流体による熱の移動によるもの（２３／４２，２３／４４が優先）,
2026.01,廃止,H01L 23/46 A,H10W 40/73 100,沸騰冷却,
2026.01,廃止,H01L 23/46 B,H10W 40/73 200,ヒ－トパイプ,
2026.01,廃止,H01L 23/46 C,H10W 40/43,空冷,
2026.01,廃止,H01L 23/46 D,H10W 40/43 100,・空冷状態の変化の検出,
2026.01,廃止,H01L 23/46 Z,H10W 40/47,その他のもの,
2026.01,廃止,H01L 23/48,H10W 70/04,・動作中の固体本体からまたは固体本体へ電流を導く装置，例．リード，端子装置（一般Ｈ０１Ｒ）,
2026.01,廃止,H01L 23/48 A,H10W 70/04 100,同軸タイプダイオ－ド,
2026.01,廃止,H01L 23/48 B,H10W 70/04 110,・製造方法，全体に特徴のあるもの,
2026.01,廃止,H01L 23/48 C,H10W 70/04 120,・ペレツト固定，支持電極，電極保護,
2026.01,廃止,H01L 23/48 D,H10W 70/04 130,・リ－ド固定，一体リ－ド，モ－ルド,
2026.01,廃止,H01L 23/48 E,H10W 70/04 140,・小型化〔リ－ドレスタイプ，リ－ド短縮型〕,
2026.01,廃止,H01L 23/48 F,H10W 70/04 200,２端子素子〔同軸タイプダイオ－ド，大電力用を除く〕,
2026.01,廃止,H01L 23/48 G,H10W 70/04 300,大電力用,
2026.01,廃止,H01L 23/48 H,H10W 70/04 250,３端子素子,
2026.01,廃止,H01L 23/48 J,H10W 70/04 250,・製造方法,
2026.01,廃止,H01L 23/48 K,H10W 70/04 D,・メツキ，半田付,
2026.01,廃止,H01L 23/48 L,H10W 70/04 F,・放熱,
2026.01,廃止,H01L 23/48 M,H10W 70/04 G,・モ－ルド,
2026.01,廃止,H01L 23/48 N,H10W 70/04 H,・耐電圧向上，マイグレ－シヨン防止,
2026.01,廃止,H01L 23/48 P,H10W 70/04 250,・リ－ド，リ－ドフレ－ム,
2026.01,廃止,H01L 23/48 Q,H10W 70/04 L,・・素子基板へのリ－ドの取付,
2026.01,廃止,H01L 23/48 R,H10W 70/04 N,・・プリント基板等への取付,
2026.01,廃止,H01L 23/48 S,H10W 70/04 S,・ボンデイング〔リ－ドとペレツトの接続〕,
2026.01,廃止,H01L 23/48 T,H10W 70/04 U,・ペレツト固定,
2026.01,廃止,H01L 23/48 V,H10W 70/04 V,リ－ド用材〔合金組成にのみ特徴のあるもの〕,
2026.01,廃止,H01L 23/48 Y,H10W 70/04 400,光素子用,
2026.01,廃止,H01L 23/48 Z,H10W 70/04 Z,その他,
2026.01,廃止,H01L 23/05,H10W 70/04 500 Z,・・集積回路装置用,
2026.01,廃止,H01L 23/05 A,H10W 70/04 500 Z,製造方法〔リ－ドフレ－ムの製法を含む〕,
2026.01,廃止,H01L 23/05 B,H10W 70/04 500 B,リ－ドの成形・切断,
2026.01,廃止,H01L 23/05 C,H10W 70/04 500 C,リ－ドの曲がり検出・整形,
2026.01,廃止,H01L 23/05 D,H10W 70/04 500 D,メツキ,
2026.01,廃止,H01L 23/05 E,H10W 70/04 500 E,半田付け,
2026.01,廃止,H01L 23/05 F,H10W 70/04 500 F,放熱,
2026.01,廃止,H01L 23/05 G,H10W 70/04 500 G,モ－ルド,
2026.01,廃止,H01L 23/05 H,H10W 70/04 500 H,・耐湿性向上，リ－ドの抜け防止,
2026.01,廃止,H01L 23/05 J,H10W 70/04 500 J,・バリ除去,
2026.01,廃止,H01L 23/05 K,H10W 70/04 500 Z,リ－ド，リ－ドフレ－ム,
2026.01,廃止,H01L 23/05 L,H10W 70/04 500 L,・リ－ドの素子基板への取付,
2026.01,廃止,H01L 23/05 M,H10W 70/04 500 M,・・リ－ドの取付部形状に特徴のあるもの,
2026.01,廃止,H01L 23/05 N,H10W 70/04 500 N,・リ－ドのプリント基板への取付,
2026.01,廃止,H01L 23/05 P,H10W 70/04 500 P,・ピンタイプリ－ド,
2026.01,廃止,H01L 23/05 Q,H10W 70/04 500 B,・タブリ－ド,
2026.01,廃止,H01L 23/05 R,H10W 70/04 500 R,小型化リ－ド,
2026.01,廃止,H01L 23/05 S,H10W 70/04 500 S,ボンデイング〔リ－ドとペレツトの接続〕,
2026.01,廃止,H01L 23/05 T,H10W 70/04 500 T,・不要接触防止,
2026.01,廃止,H01L 23/05 U,H10W 70/04 500 U,タブ〔ペレツト積載部〕,
2026.01,廃止,H01L 23/05 V,H10W 70/04 500 V,リ－ド用材,
2026.01,廃止,H01L 23/05 W,H10W 70/04 500 W,積層フレ－ム，素子の相互接続のための端子構造,
2026.01,廃止,H01L 23/05 X,H10W 70/04 500 X,端子配置，回路的特徴をもつもの,
2026.01,廃止,H01L 23/05 Y,H10W 70/04 500 Y,複数リ－ドの絶縁物による支持,
2026.01,廃止,H01L 23/05 Z,H10W 70/04 500 Z,その他,
2026.01,廃止,H01L 23/52,H10W 90/00 400 Z,・動作中の装置内の１つの構成部品から他の構成部品へ電流を導く装置,
2026.01,廃止,H01L 23/52 A,H10W 90/00 400 A,配線〔チツプの配線方法・パタ－ン〕,
2026.01,廃止,H01L 23/52 B,H10W 90/00 400 B,・多層配線,
2026.01,廃止,H01L 23/52 C,H10W 90/00 400 C,立体構造の配線〔立体的なマルチチツプの配線〕,
2026.01,廃止,H01L 23/52 D,H10W 90/00 400 D,平面構造の配線〔平面的なマルチチツプの配線〕,
2026.01,廃止,H01L 23/52 E,H10W 90/00 400 P,配線の関連技術,
2026.01,廃止,H01L 23/52 Z,H10W 90/00 400 Z,その他のもの,
2026.01,廃止,H01L 23/54,H10W 99/00,・半導体または他の固体装置の細部またはその電極の細部，例．その材料の選択，ただし３１／００～４９／００の一つのメイングループに分類されている装置に特有なものは除く（２９／００が優先）,
2026.01,廃止,H01L 23/56,H10W 42/00,・装置の特殊な応用に適用されない回路装置，例．温度補償用,
2026.01,廃止,H01L 23/56 A,H10W 42/08 100,過電圧に対する保護,
2026.01,廃止,H01L 23/56 B,H10W 42/06,静電気に対する保護,
2026.01,廃止,H01L 23/56 C,H10W 42/08,過電流に対する保護,
2026.01,廃止,H01L 23/56 D,H10W 40/08,温度検出素子による補償・保護,
2026.01,廃止,H01L 23/56 Z,H10W 42/00,その他,
2026.01,廃止,H01L 25/00,H10W 90/00,複数の個々の半導体または他の固体装置からなる組立体（１つの共通基板内または上に形成された複数の固体構成部品からなる装置Ｈ１０Ｄ８９／００；光起電モジュールまたは光起電素子のアレイＨ１０Ｆ１９／００）［２００６．０１］,
2026.01,廃止,H01L 25/00 A,H10W 90/00 550,複数の半導体素子を搭載した基板の組合せ，例．マイクロモジュール「図」「図」,
2026.01,廃止,H01L 25/00 B,H10W 90/00 600,１つの半導体と他の固体装置からなる組立体，例．Ｌ，Ｃ，Ｒと半導体との組み合せ「図」,
2026.01,廃止,H01L 25/00 Z,H10W 90/00,その他のもの，例．Ｌ，Ｃ，Ｒの組立体,
2026.01,廃止,H01L 25/02,H10W 90/00,・装置の全てがグループＨ０１Ｌ２７／００～Ｈ０１Ｌ３３／００，またはサブクラスＨ１０Ｋ，Ｈ１０Ｎの，同一のメイングループに分類される型からなるもの，例．整流器の組立体,
2026.01,廃止,H01L 25/04,H10W 90/00,・・個別の容器を持たない装置［２０２３．０１］,
2026.01,廃止,H01L 25/04 A,H10W 90/00 700,ダイオード組立体「図」例．ブリッジ整流器またはダイオードアレイ,
2026.01,廃止,H01L 25/04 B,H10W 90/00 750,・車両用のもの「図」例．発電器に取付けて用いられる馬蹄形の整流器,
2026.01,廃止,H01L 25/04 C,H10W 90/00 800,電力用モジュール「図」例．インバータで用いられるもの,
2026.01,廃止,H01L 25/04 Z,H10W 90/00,その他のもの「図」,
2026.01,廃止,H01L 25/06,H10W 90/02 100,・・・孔に貫通された１つ以上の棒状体上に取り付けられた孔あき装置,
2026.01,廃止,H01L 25/08,H10W 90/02 Z,・・・孔のあけられてない装置の積み重ねられた配列,
2026.01,廃止,H01L 25/08 A,H10W 90/02 A,積層整流器「図」「図」例．ダイオードチップを積み重ねたもの,
2026.01,廃止,H01L 25/08 B,H10W 90/02 B,チップ活性面同士をバンプ接続「図」,
2026.01,廃止,H01L 25/08 C,H10W 90/02 C,チップの貫通電極による接続「図」,
2026.01,廃止,H01L 25/08 D,H10W 90/22,キャリア基板両面にバンプ接続「図」,
2026.01,廃止,H01L 25/08 E,H10W 90/02 E,チップ活性面とチップ裏面を対向させて積層し同一方向にワイヤ接続「図」「図」,
2026.01,廃止,H01L 25/08 F,H10W 90/02 F,チップ裏面同士を対向させて積層し反対方向にワイヤ接続「図」,
2026.01,廃止,H01L 25/08 G,H10W 90/02 G,バンプ接続チップ上にワイヤ接続チップを積層「図」,
2026.01,廃止,H01L 25/08 H,H10W 90/02 H,インターポーザを用いる積層構造「図」,
2026.01,廃止,H01L 25/08 J,H10W 90/02 J,基板を折り曲げる積層構造「図」,
2026.01,廃止,H01L 25/08 Y,H10W 90/02 Z,Ｈ０１Ｌ２５／０８Ｂ～Ｈ０１Ｌ２５／０８Ｊに分類されないチップの積層構造,
2026.01,廃止,H01L 25/08 Z,H10W 90/02 Z,その他のもの,
2026.01,廃止,H01L 25/01,H10W 90/00 910 Z,・・個別の容器をもつ装置,
2026.01,廃止,H01L 25/01 A,H10W 90/00 910 A,ダイオード組立体「図」例．ブリッジ整流器またはダイオードアレイ,
2026.01,廃止,H01L 25/01 B,H10W 90/00 910 B,・車両用のもの「図」例．発電器に取付けて用いられる馬蹄形の整流器,
2026.01,廃止,H01L 25/01 C,H10W 90/00 910 C,・全てが直列的に接続されたもの「図」,
2026.01,廃止,H01L 25/01 D,H10W 90/00 910 D,スタッド形素子を含むもの「図」,
2026.01,廃止,H01L 25/01 Z,H10W 90/00 910 Z,その他のもの,
2026.01,廃止,H01L 25/12,H10W 90/00 912 Z,・・・１つの共通端子をもつもの,
2026.01,廃止,H01L 25/12 A,H10W 90/00 912 A,加圧手段のあるもの「図」,
2026.01,廃止,H01L 25/12 Z,H10W 90/00 912 Z,その他のもの「図」,
2026.01,廃止,H01L 25/14,H10W 90/00 914 Z,・・・積み重ねられた配列，例．サンドイッチ型整流器のもの,
2026.01,廃止,H01L 25/14 A,H10W 90/00 914 A,平形半導体素子の加圧スタック「図」,
2026.01,廃止,H01L 25/14 B,H10W 90/00 914 B,・異なった素子を含むもの「図」「図」,
2026.01,廃止,H01L 25/14 C,H10W 90/00 914 C,複数加圧スタックの組立体「図」,
2026.01,廃止,H01L 25/14 D,H10W 90/00 914 D,ダイオード組立体「図」,
2026.01,廃止,H01L 25/14 Z,H10W 90/00 914 Z,その他のもの「図」,
2026.01,廃止,H01L 25/16,H10W 90/00,・装置がサブクラスＨ１０Ｂ，Ｈ１０Ｄ，Ｈ１０Ｆ，Ｈ１０Ｈ，Ｈ１０Ｋ，Ｈ１０Ｎの，２つ以上の異なるメイングループに分類される型からなるもの，例．ハイブリッド回路の形成［２０２３．０１］,
2026.01,廃止,H01L 25/16 A,H10W 90/00,個別の容器を持たない装置「図」,
2026.01,廃止,H01L 25/16 B,H10W 90/00 910 Z,個別の容器を持つ装置「図」,
2026.01,廃止,H01L 25/16 Z,H10W 90/00,その他のもの,
2026.01,廃止,H01L 27/00,H10D 84/00,１つの共通基板内または上に形成された複数の半導体構成部品または他の固体構成部品からなる装置（その細部Ｈ０１Ｌ２３／００，Ｈ０１Ｌ２９／００～Ｈ０１Ｌ３３／００，Ｈ１０Ｋ，Ｈ１０Ｎ；複数の個々の固体装置からなる組立体Ｈ０１Ｌ２５／００）［２００６．０１］,
2026.01,廃止,H01L 27/02,H10D 84/00,・整流，発振，増幅またはスイッチングに特に適用される半導体構成部品を含むものであり，電位障壁を有するもの；電位障壁を有する集積化された受動回路素子を含むもの［２００６．０１］,
2026.01,廃止,H01L 27/12,H10W 10/00 101,・・基板が半導体本体以外のもの，例．絶縁体本体［２］,
2026.01,廃止,H01L 27/12 A,H10D 86/00,アクティブマトリックス,
2026.01,廃止,H01L 27/12 B,H10W 10/00 101 B,接着型ＳＯＩ,
2026.01,廃止,H01L 27/12 C,H10W 10/00 101 C,接続；配線,
2026.01,廃止,H01L 27/12 D,H10W 10/00 101 D,単結晶絶縁膜,
2026.01,廃止,H01L 27/12 E,H10W 10/00 101 E,エピタキシャル型；インプラ絶縁膜形成,
2026.01,廃止,H01L 27/12 F,H10W 10/00 101 F,素子分離；領域分離,
2026.01,廃止,H01L 27/12 G,H10W 10/00 101 G,半絶縁型，例．ＧａＡｓ,
2026.01,廃止,H01L 27/12 H,H10W 10/00 101 H,多結晶支持体,
2026.01,廃止,H01L 27/12 K,H10D 89/06,保護回路,
2026.01,廃止,H01L 27/12 L,H10W 10/00 101 L,配置；レイアウト,
2026.01,廃止,H01L 27/12 P,H10W 10/00 101 P,多結晶能動層；アモルファス層,
2026.01,廃止,H01L 27/12 Q,H10W 10/00 101 Q,超格子,
2026.01,廃止,H01L 27/12 R,H10W 10/00 101 R,再結晶,
2026.01,廃止,H01L 27/12 S,H10W 10/00 101 S,ＳＯＳ,
2026.01,廃止,H01L 27/12 T,H10W 10/00 101 T,テスト；検査,
2026.01,廃止,H01L 27/12 Z,H10W 10/00 101 Z,その他のもの,
2026.01,廃止,H01T 1/15 A,H01T 1/15,過大圧力に対する保護のためのもの,
2026.01,廃止,H01T 1/15 B,H01T 1/15,・碍管型,
2026.01,廃止,H01T 1/15 C,H01T 1/15,・・放圧板の構造,
2026.01,廃止,H01T 1/15 D,H01T 1/15,・・ア－クガイドの構造,
2026.01,廃止,H01T 1/15 E,H01T 1/15,・タンク型,
2026.01,廃止,H01T 1/15 Z,H01T 1/15,その他のもの,
2026.01,廃止,H02H 3/033 B,H02H 3/033,設定順序で開放するもの,
2026.01,廃止,H02H 3/033 Z,H02H 3/033,その他,
2026.01,廃止,H02H 3/03 A,H02H 3/03,・点検，監視,
2026.01,廃止,H02H 3/03 B,H02H 3/03,・ケ－ブル系の保護,
2026.01,廃止,H02H 3/03 D,H02H 3/03,表示線保護〔一般〕,
2026.01,廃止,H02H 3/03 E,H02H 3/03,・光フアイバを用いるもの,
2026.01,廃止,H02H 3/03 F,H02H 3/03,・表示線を用いた位相比較，方向比較，等,
2026.01,廃止,H02H 3/03 G,H02H 3/03,・回線選択,
2026.01,廃止,H02H 3/03 H,H02H 3/03,・転送遮断,
2026.01,廃止,H02H 3/03 Z,H02H 3/03,その他〔Ｄ優先〕,
2026.01,廃止,H02H 3/42 A,H02H 3/42,アナログ式のもの,
2026.01,廃止,H02H 3/42 D,H02H 3/42,デイジタル式のもの,
2026.01,廃止,H02H 3/42 Z,H02H 3/42,その他,
2026.01,廃止,H02J 1/00 301,H02J 1/00,・直流送電,
2026.01,廃止,H02J 1/00 301 B,H02J 1/00,送電制御,
2026.01,廃止,H02J 1/00 301 C,H02J 1/00,起動・停止,
2026.01,廃止,H02J 1/00 301 D,H02J 1/00,保護,
2026.01,廃止,H02J 1/00 301 E,H02J 1/00,設備,
2026.01,廃止,H02J 1/00 301 F,H02J 1/00,交直並列送電,
2026.01,廃止,H02J 1/00 301 Z,H02J 1/00,その他,
2026.01,廃止,H02J 1/00 302,H02J 1/00,・直流電源,
2026.01,廃止,H02J 1/00 303,H02J 1/00,・・供給回路,
2026.01,廃止,H02J 1/00 304,H02J 1/00,・・・供給形態,
2026.01,廃止,H02J 1/00 304 A,H02J 1/00,一般電源,
2026.01,廃止,H02J 1/00 304 B,H02J 1/00,・集中,
2026.01,廃止,H02J 1/00 304 C,H02J 1/00,・個別,
2026.01,廃止,H02J 1/00 304 D,H02J 1/00,・融通,
2026.01,廃止,H02J 1/00 304 E,H02J 1/00,・切替,
2026.01,廃止,H02J 1/00 304 F,H02J 1/00,・・電流切替,
2026.01,廃止,H02J 1/00 304 G,H02J 1/00,発電機,
2026.01,廃止,H02J 1/00 304 H,H02J 1/00,電池,
2026.01,廃止,H02J 1/00 304 J,H02J 1/00,・交直両用,
2026.01,廃止,H02J 1/00 304 Z,H02J 1/00,その他,
2026.01,廃止,H02J 1/00 305,H02J 1/00,・・・供給処理,
2026.01,廃止,H02J 1/00 306,H02J 1/00,・・・・制御,
2026.01,廃止,H02J 1/00 306 A,H02J 1/00,制御一般,
2026.01,廃止,H02J 1/00 306 B,H02J 1/00,・電圧制御,
2026.01,廃止,H02J 1/00 306 C,H02J 1/00,・・変動電源,
2026.01,廃止,H02J 1/00 306 D,H02J 1/00,・・複数電圧出力,
2026.01,廃止,H02J 1/00 306 E,H02J 1/00,・・極性,
2026.01,廃止,H02J 1/00 306 F,H02J 1/00,・電流制御,
2026.01,廃止,H02J 1/00 306 G,H02J 1/00,・電力制御,
2026.01,廃止,H02J 1/00 306 H,H02J 1/00,・・変動電源,
2026.01,廃止,H02J 1/00 306 J,H02J 1/00,・プログラム制御,
2026.01,廃止,H02J 1/00 306 K,H02J 1/00,・複数電源制御,
2026.01,廃止,H02J 1/00 306 L,H02J 1/00,・充放電制御,
2026.01,廃止,H02J 1/00 306 M,H02J 1/00,・負荷分担,
2026.01,廃止,H02J 1/00 306 Z,H02J 1/00,その他,
2026.01,廃止,H02J 1/00 307,H02J 1/00,・・・・節電,
2026.01,廃止,H02J 1/00 307 A,H02J 1/00,一括ＯＮ,
2026.01,廃止,H02J 1/00 307 B,H02J 1/00,一括ＯＦＦ,
2026.01,廃止,H02J 1/00 307 C,H02J 1/00,一部ＯＦＦ,
2026.01,廃止,H02J 1/00 307 D,H02J 1/00,ＯＦＦ処理,
2026.01,廃止,H02J 1/00 307 E,H02J 1/00,タイマ－,
2026.01,廃止,H02J 1/00 307 F,H02J 1/00,低調〔動作状態を下げる〕,
2026.01,廃止,H02J 1/00 307 G,H02J 1/00,休止,
2026.01,廃止,H02J 1/00 307 Z,H02J 1/00,その他,
2026.01,廃止,H02J 1/00 308,H02J 1/00,・・・・ＯＮ，ＯＦＦ,
2026.01,廃止,H02J 1/00 308 A,H02J 1/00,ＯＮ,
2026.01,廃止,H02J 1/00 308 B,H02J 1/00,・処理後ＯＮ,
2026.01,廃止,H02J 1/00 308 C,H02J 1/00,・・確認後ＯＮ,
2026.01,廃止,H02J 1/00 308 D,H02J 1/00,・・・変動電源用,
2026.01,廃止,H02J 1/00 308 E,H02J 1/00,・・シ－ケンス処理後ＯＮ,
2026.01,廃止,H02J 1/00 308 F,H02J 1/00,・ＯＮ後処理,
2026.01,廃止,H02J 1/00 308 G,H02J 1/00,・個別ＯＮ,
2026.01,廃止,H02J 1/00 308 H,H02J 1/00,ＯＦＦ,
2026.01,廃止,H02J 1/00 308 J,H02J 1/00,・処理後ＯＦＦ,
2026.01,廃止,H02J 1/00 308 K,H02J 1/00,・・確認後ＯＦＦ,
2026.01,廃止,H02J 1/00 308 L,H02J 1/00,・・シ－ケンス処理後ＯＦＦ,
2026.01,廃止,H02J 1/00 308 M,H02J 1/00,・ＯＦＦ後処理,
2026.01,廃止,H02J 1/00 308 N,H02J 1/00,・個別ＯＦＦ,
2026.01,廃止,H02J 1/00 308 P,H02J 1/00,ＯＮ，ＯＦＦ処理,
2026.01,廃止,H02J 1/00 308 Z,H02J 1/00,その他,
2026.01,廃止,H02J 1/00 309,H02J 1/00,・・異常防止,
2026.01,廃止,H02J 1/00 309 A,H02J 1/00,電圧,
2026.01,廃止,H02J 1/00 309 B,H02J 1/00,・ダウン〔バツクアツプを含む〕,
2026.01,廃止,H02J 1/00 309 C,H02J 1/00,・・断，停電,
2026.01,廃止,H02J 1/00 309 D,H02J 1/00,・・低下,
2026.01,廃止,H02J 1/00 309 E,H02J 1/00,・・・変動電源用,
2026.01,廃止,H02J 1/00 309 F,H02J 1/00,・変動,
2026.01,廃止,H02J 1/00 309 G,H02J 1/00,・逆電圧，電圧差,
2026.01,廃止,H02J 1/00 309 H,H02J 1/00,・過電圧,
2026.01,廃止,H02J 1/00 309 J,H02J 1/00,・異常一般〔雑〕,
2026.01,廃止,H02J 1/00 309 K,H02J 1/00,電流,
2026.01,廃止,H02J 1/00 309 L,H02J 1/00,・ダウン,
2026.01,廃止,H02J 1/00 309 M,H02J 1/00,・・ゼロ,
2026.01,廃止,H02J 1/00 309 N,H02J 1/00,・・低下,
2026.01,廃止,H02J 1/00 309 P,H02J 1/00,・逆電流，電流差,
2026.01,廃止,H02J 1/00 309 Q,H02J 1/00,・過電流,
2026.01,廃止,H02J 1/00 309 R,H02J 1/00,・・突入電流防止,
2026.01,廃止,H02J 1/00 309 S,H02J 1/00,・漏洩,
2026.01,廃止,H02J 1/00 309 T,H02J 1/00,物理条件〔電圧，電流以外〕,
2026.01,廃止,H02J 1/00 309 U,H02J 1/00,ノイズ,
2026.01,廃止,H02J 1/00 309 V,H02J 1/00,システム異常,
2026.01,廃止,H02J 1/00 309 W,H02J 1/00,接続異常,
2026.01,廃止,H02J 1/00 309 Z,H02J 1/00,その他,
2026.01,廃止,H02J 1/00 310,H02J 1/00,・・・ＯＮ，ＯＦＦ時の誤動作防止,
2026.01,廃止,H02J 1/00 310 A,H02J 1/00,１電源,
2026.01,廃止,H02J 1/00 310 B,H02J 1/00,・リニヤ－立上げ,
2026.01,廃止,H02J 1/00 310 C,H02J 1/00,・遅延立上げ,
2026.01,廃止,H02J 1/00 310 D,H02J 1/00,・段階立上げ,
2026.01,廃止,H02J 1/00 310 E,H02J 1/00,・全電圧立上げ,
2026.01,廃止,H02J 1/00 310 F,H02J 1/00,・速応立下げ,
2026.01,廃止,H02J 1/00 310 G,H02J 1/00,・リニヤ－立下げ,
2026.01,廃止,H02J 1/00 310 H,H02J 1/00,・段階立下げ,
2026.01,廃止,H02J 1/00 310 J,H02J 1/00,複数電源,
2026.01,廃止,H02J 1/00 310 K,H02J 1/00,・順序立上げ,
2026.01,廃止,H02J 1/00 310 L,H02J 1/00,・順序立下げ,
2026.01,廃止,H02J 1/00 310 Z,H02J 1/00,その他,
2026.01,廃止,H02J 3/00 130,H02J 3/00,・負荷予測，例．将来の負荷需要を予測するための方法およびシステム,
2026.01,廃止,H02J 3/00 150,H02J 3/00,・複数の電力線または電源の一つに負荷を選択的に結合する装置（中断しない電源供給を提供するためのものＨ０２Ｊ９／００）,
2026.01,廃止,H02J 3/00 160,H02J 3/00,・・主要な通路が故障の時，負荷と電源の間の代替給電路を提供するためのもの，例．トランス，母線,
2026.01,廃止,H02J 3/00 170,H02J 3/00,・シミュレーション，例．計画，信頼性チェック，モデリング,
2026.01,廃止,H02J 3/00 180,H02J 3/00,・エネルギーやエネルギー伝送権の売買を伴うもの,
2026.01,廃止,H02J 3/14 130,H02J 3/14,・・・家電機器管理,
2026.01,廃止,H02J 3/14 160,H02J 3/14,・・・料金に基づく負荷管理,
2026.01,廃止,H02J 3/18 107,H02J 3/18,・・直列補償器を用いるもの,
2026.01,廃止,H02J 3/18 114,H02J 3/18,・・・少なくとも一つのリアクタンス素子がブリッジコンバータにより積極的に制御されるもの，例．総合潮流制御装置,
2026.01,廃止,H02J 3/18 121,H02J 3/18,・・分路補償器を使用するもの（Ｈ０２Ｊ３／１８，１０７とＨ０２Ｊ３／１８，１７８が優先）,
2026.01,廃止,H02J 3/18 128,H02J 3/18,・・・段階的な制御，または段階的な制御が考慮されていない補償器の投入や切り離しの組み合わせが可能なもの,
2026.01,廃止,H02J 3/18 135,H02J 3/18,・・・無段階制御のもの,
2026.01,廃止,H02J 3/18 142,H02J 3/18,・・・・少なくとも一つのリアクタンス素子がブリッジコンバータにより積極的に制御されるもの，例．能動フィルタ,
2026.01,廃止,H02J 3/18 150,H02J 3/18,・・・・・リアクタンス素子が完全な誘導性であるもの，例．超伝導磁気エネルギー貯蔵システム［ＳＭＥＳ］,
2026.01,廃止,H02J 3/18 157,H02J 3/18,・・・・・ブリッジコンバータがマルチレベルコンバータであるもの,
2026.01,廃止,H02J 3/18 164,H02J 3/18,・・・・無効電力の無段階制御が半導体スイッチと直列接続される少なくとも一つのリアクタンス素子により得られるもの,
2026.01,廃止,H02J 3/18 171,H02J 3/18,・・・分路無効電力補償装置の設置を計画する方法,
2026.01,廃止,H02J 3/18 178,H02J 3/18,・・タップ切替または位相シフトトランスを用いるもの,
2026.01,廃止,H02J 3/18 185,H02J 3/18,・・回転手段を用いるもの，例．同期発電機,
2026.01,廃止,H02J 3/18 192,H02J 3/18,・・装置が負荷と一体化しているもの，例．モータまたはその制御回路,
2026.01,廃止,H02J 3/02,H02J 3/18,・・長距離架空線におけるもの［２００６．０１］,
2026.01,廃止,H02J 3/22,H02J 3/18,・・ケーブルにおけるもの［２００６．０１］,
2026.01,廃止,H02J 3/24,H02J 3/0014,・回路網内の電力振動を防止または減少させるための装置（単一発電機により行なわれる制御によるものＨ０２Ｐ９／００）［２００６．０１］,
2026.01,廃止,H02J 3/38 110,H02J 3/38,・・分散型電源,
2026.01,廃止,H02J 3/38 120,H02J 3/38,・・・再生可能エネルギーを用いた発電機,
2026.01,廃止,H02J 3/38 130,H02J 3/38,・・・・太陽エネルギー，例．太陽光発電エネルギー（光の変換による電力発電はＨ０２Ｓ）,
2026.01,廃止,H02J 3/38 150,H02J 3/38,・・・・・太陽光発電電源のための最大電力点追従制御（ＰＶモジュールと結合したインバータ手段はＨ０２Ｓ４０／３２）,
2026.01,廃止,H02J 3/38 160,H02J 3/38,・・・・風力エネルギー（風力原動機はＦ０３Ｄ）,
2026.01,廃止,H02J 3/38 170,H02J 3/38,・・・燃料電池を用いるもの（燃料電池それ自体はＨ０１Ｍ８／００）,
2026.01,廃止,H02J 3/38 180,H02J 3/38,・・単独運転，すなわち局所電源のネットワークからの切断,
2026.01,廃止,H02J 5/00,H02J 4/25,交流回路網と直流回路網間の電力伝送のための回路装置（Ｈ０２Ｊ３／３６が優先）［１，２０１６．０１］,
2026.01,廃止,H02J 7/00 301,H02J 7/00,・装置の構造,
2026.01,廃止,H02J 7/00 301 A,H02J 7/00,充電装置の構造〔一般〕,
2026.01,廃止,H02J 7/00 301 B,H02J 7/00,・コネクタ，ケ－ス,
2026.01,廃止,H02J 7/00 301 C,H02J 7/00,・スイツチングのための構造,
2026.01,廃止,H02J 7/00 301 D,H02J 7/00,・誘導結合,
2026.01,廃止,H02J 7/00 301 E,H02J 7/00,・構成要素の構造〔電池，トランス等〕,
2026.01,廃止,H02J 7/00 301 Z,H02J 7/00,その他〔Ａ優先〕,
2026.01,廃止,H02J 7/00 302,H02J 7/00,・電池からの給電のための回路,
2026.01,廃止,H02J 7/00 302 A,H02J 7/00,給電回路一般,
2026.01,廃止,H02J 7/00 302 B,H02J 7/00,・複数負荷への給電〔例．電圧の異なる負荷〕,
2026.01,廃止,H02J 7/00 302 C,H02J 7/00,・複数電池からの給電,
2026.01,廃止,H02J 7/00 302 D,H02J 7/00,・過放電防止,
2026.01,廃止,H02J 7/00 302 Z,H02J 7/00,その他〔Ａ優先〕,
2026.01,廃止,H02J 7/00 303,H02J 7/00,・充電用電源,
2026.01,廃止,H02J 7/00 303 A,H02J 7/00,電源一般,
2026.01,廃止,H02J 7/00 303 B,H02J 7/00,・風力発電機,
2026.01,廃止,H02J 7/00 303 C,H02J 7/00,・電池,
2026.01,廃止,H02J 7/00 303 D,H02J 7/00,・・車両のシガ－ライタ－ソケツトからの充電,
2026.01,廃止,H02J 7/00 303 E,H02J 7/00,・・燃料電池〔給電も含む〕,
2026.01,廃止,H02J 7/00 303 Z,H02J 7/00,その他〔Ａ優先〕,
2026.01,廃止,H02J 7/00 A,H02J 7/00,充放電回路〔一般〕〔過充電過放電防止を含む〕,
2026.01,廃止,H02J 7/00 B,H02J 7/00,・電気量による充放電制御,
2026.01,廃止,H02J 7/00 C,H02J 7/00,・・電解素子を用いるもの,
2026.01,廃止,H02J 7/00 H,H02J 7/00,・充放電切替〔例・交直電源切替，充電・放電切替〕,
2026.01,廃止,H02J 7/00 J,H02J 7/00,・・トランジスタ・インバ－タを用いる回路,
2026.01,廃止,H02J 7/00 K,H02J 7/00,・・直並列切替〔例・並列充電・直列給電〕,
2026.01,廃止,H02J 7/00 L,H02J 7/00,・・変換器〔インバ－タ等〕を充放電に兼用するもの,
2026.01,廃止,H02J 7/00 M,H02J 7/00,・・充放電電流積算値によるもの,
2026.01,廃止,H02J 7/00 N,H02J 7/00,・・電圧が一定値以下になつたことを表示するもの,
2026.01,廃止,H02J 7/00 P,H02J 7/00,・電気車用電源,
2026.01,廃止,H02J 7/00 Q,H02J 7/00,・・試験,
2026.01,廃止,H02J 7/00 R,H02J 7/00,・・チヨツパ制御,
2026.01,廃止,H02J 7/00 S,H02J 7/00,保護,
2026.01,廃止,H02J 7/00 T,H02J 7/00,・逆接続保護,
2026.01,廃止,H02J 7/00 U,H02J 7/00,表示一般〔充電表示は，７／０２〕,
2026.01,廃止,H02J 7/00 V,H02J 7/00,・充放電表示,
2026.01,廃止,H02J 7/00 W,H02J 7/00,・・負荷オン・オフ表示,
2026.01,廃止,H02J 7/00 X,H02J 7/00,・残量表示〔容量，過放電の表示〕,
2026.01,廃止,H02J 7/00 Y,H02J 7/00,・異常，劣化の表示,
2026.01,廃止,H02J 7/00 Z,H02J 7/00,その他,
2026.01,廃止,H02J 13/00 301,H02J 13/00,・回路網状態の遠隔指示,
2026.01,廃止,H02J 13/00 301 A,H02J 13/00,デ－タの収集，状態の把握,
2026.01,廃止,H02J 13/00 301 B,H02J 13/00,・状態変化検出,
2026.01,廃止,H02J 13/00 301 C,H02J 13/00,・スイツチの開閉の監視,
2026.01,廃止,H02J 13/00 301 D,H02J 13/00,・故障検出,
2026.01,廃止,H02J 13/00 301 J,H02J 13/00,表示に特徴を持つもの,
2026.01,廃止,H02J 13/00 301 K,H02J 13/00,・ＣＲＴを用いたもの,
2026.01,廃止,H02J 13/00 301 Z,H02J 13/00,その他,
2026.01,廃止,H02J 13/00 311,H02J 13/00,・回路網内のスイツチ手段の遠隔制御,
2026.01,廃止,H02J 13/00 311 A,H02J 13/00,回路網内のスイツチの遠隔制御一般〔Ｒ～Ｕが優先〕,
2026.01,廃止,H02J 13/00 311 B,H02J 13/00,・電力線に信号を重畳しスイツチを制御するもの,
2026.01,廃止,H02J 13/00 311 C,H02J 13/00,・・屋内配電線におけるスイツチの制御,
2026.01,廃止,H02J 13/00 311 E,H02J 13/00,・連絡線を用いたスイツチの制御,
2026.01,廃止,H02J 13/00 311 F,H02J 13/00,・・直接式,
2026.01,廃止,H02J 13/00 311 H,H02J 13/00,・・順次投入,
2026.01,廃止,H02J 13/00 311 K,H02J 13/00,・無線，光，音によるスイツチの制御,
2026.01,廃止,H02J 13/00 311 M,H02J 13/00,・送受信器に特徴を持つもの,
2026.01,廃止,H02J 13/00 311 N,H02J 13/00,・・屋内機器制御用送受信器,
2026.01,廃止,H02J 13/00 311 R,H02J 13/00,電力系統の制御,
2026.01,廃止,H02J 13/00 311 S,H02J 13/00,・区分開閉器の遠隔制御,
2026.01,廃止,H02J 13/00 311 T,H02J 13/00,消費電力制御〔例．低優先度負荷の遮断〕,
2026.01,廃止,H02J 13/00 311 U,H02J 13/00,プログラム制御,
2026.01,廃止,H02J 13/00 311 Z,H02J 13/00,その他,
2026.01,廃止,H02J 13/00 A,H02J 13/00,伝送に特徴を持つもの,
2026.01,廃止,H02J 13/00 B,H02J 13/00,・電力線と信号線を共用するもの,
2026.01,廃止,H02J 13/00 C,H02J 13/00,・・パルスコ－ド式,
2026.01,廃止,H02J 13/00 D,H02J 13/00,・・送受信器に特徴を持つもの,
2026.01,廃止,H02J 13/00 E,H02J 13/00,・・細部：ブロツクフイルタ，雑音防止,
2026.01,廃止,H02J 13/00 F,H02J 13/00,・・電力時分割伝送,
2026.01,廃止,H02J 13/00 J,H02J 13/00,選択に特徴を持つもの,
2026.01,廃止,H02J 13/00 M,H02J 13/00,誤動作防止，誤操作防止,
2026.01,廃止,H02J 13/00 N,H02J 13/00,試験,
2026.01,廃止,H02J 13/00 Z,H02J 13/00,その他のもの,
2026.01,廃止,H02J 15/00 A,H02J 15/00,はずみ車〔フライホイール〕によるもの,
2026.01,廃止,H02J 15/00 B,H02J 15/00,コイル〔例．超電導コイル〕によるもの,
2026.01,廃止,H02J 15/00 C,H02J 15/00,位置エネルギ－を利用したもの,
2026.01,廃止,H02J 15/00 D,H02J 15/00,蓄電池を用いたもの,
2026.01,廃止,H02J 15/00 E,H02J 15/00,気体の圧力を利用したもの,
2026.01,廃止,H02J 15/00 F,H02J 15/00,・エネルギー転送回路に特徴があるもの,
2026.01,廃止,H02J 15/00 G,H02J 15/00,電気分解を利用するもの,
2026.01,廃止,H02J 15/00 H,H02J 15/00,蓄熱によるもの（Ｈ１１新設）,
2026.01,廃止,H02J 15/00 J,H02J 15/00,蓄氷，蓄冷によるもの（Ｈ１１新設）,
2026.01,廃止,H02J 15/00 Z,H02J 15/00,その他,
2026.01,廃止,H02K 1/22 A,H02K 1/22,永久磁石回転子,
2026.01,廃止,H02K 19/06 A,H02K 19/06,ワ－レンモ－タ,
2026.01,廃止,H02K 19/06 Z,H02K 19/06,その他のもの,
2026.01,廃止,H03B 5/00 A,H03B 5/00,帰還路に熱，光等を利用する手段を挿入したもの,
2026.01,廃止,H03B 5/00 B,H03B 5/00,位相の異なる複数の帰還信号を合成し，周波数を決定するもの,
2026.01,廃止,H03B 5/00 Z,H03B 5/00,その他のもの,
2026.01,廃止,H03C 1/58 A,H03C 1/58,可変容量ダイオ－ド型,
2026.01,廃止,H03C 1/58 B,H03C 1/58,リング型,
2026.01,廃止,H03C 1/58 Z,H03C 1/58,その他,
2026.01,廃止,H03C 1/06 A,H03C 1/06,ＳＳＢ,
2026.01,廃止,H03C 1/06 B,H03C 1/06,ＶＳＢ,
2026.01,廃止,H03C 1/06 Z,H03C 1/06,その他,
2026.01,廃止,H03C 5/00 A,H03C 5/00,振幅変調器・角度変調器両用,
2026.01,廃止,H03C 5/00 Z,H03C 5/00,その他,
2026.01,廃止,H03D 1/22 A,H03D 1/22,ＰＬＬを用いたもの,
2026.01,廃止,H03D 1/22 Z,H03D 1/22,その他,
2026.01,廃止,H03D 3/02 A,H03D 3/02,ＰＬＬ型,
2026.01,廃止,H03D 3/02 Z,H03D 3/02,その他,
2026.01,廃止,H03K 4/62 625,H03K 4/62,・・・・・・のこぎり波を発生するパルス変調技術を用いるもの，例．Ｄ級モード,
2026.01,廃止,H03K 4/83 835,H03K 4/83,・・・・のこぎり波を発生するパルス変調技術を用いるもの，例．Ｄ級モード,
2026.01,廃止,H03K 4/09 A,H03K 4/09,線形化,
2026.01,廃止,H03K 4/09 B,H03K 4/09,同期化,
2026.01,廃止,H03K 4/09 C,H03K 4/09,スイッチングもれ補償を施したもの,
2026.01,廃止,H03K 4/09 Z,H03K 4/09,その他,
2026.01,廃止,H03K 17/296 A,H03K 17/296,細部,
2026.01,廃止,H03K 17/296 B,H03K 17/296,時定数型プログラムスイッチ,
2026.01,廃止,H03K 17/296 C,H03K 17/296,・ＯＮ－ＯＦＦまたはＯＦＦ－ＯＮ型,
2026.01,廃止,H03K 17/296 D,H03K 17/296,・インターバル型,
2026.01,廃止,H03K 17/296 E,H03K 17/296,・シーケンシャル型,
2026.01,廃止,H03K 17/296 F,H03K 17/296,カウンタ型プログラムスイッチ,
2026.01,廃止,H03K 17/296 G,H03K 17/296,・ＯＮ－ＯＦＦまたはＯＦＦ－ＯＮ型,
2026.01,廃止,H03K 17/296 H,H03K 17/296,・インターバル型,
2026.01,廃止,H03K 17/296 J,H03K 17/296,・シーケンシャル型,
2026.01,廃止,H03K 17/296 K,H03K 17/296,ＳＣＲ，ＵＪＴ，ＰＵＴを用いたプログラムスイッチ,
2026.01,廃止,H03K 17/296 L,H03K 17/296,・ＯＮ－ＯＦＦまたはＯＦＦ－ＯＮ型,
2026.01,廃止,H03K 17/296 M,H03K 17/296,・インターバル型,
2026.01,廃止,H03K 17/296 N,H03K 17/296,・シーケンシャル型,
2026.01,廃止,H03K 17/296 Z,H03K 17/296,その他,
2026.01,廃止,H03K 17/08 A,H03K 17/08,非線形磁気，誘電体装置,
2026.01,廃止,H03K 17/08 G,H03K 17/08,・磁気ゲート回路,
2026.01,廃止,H03K 17/08 M,H03K 17/08,・磁気マトリクス回路，切換回路,
2026.01,廃止,H03K 17/08 Z,H03K 17/08,その他,
2026.01,廃止,H03K 21/08 A,H03K 21/08,出力の表示,
2026.01,廃止,H03K 21/08 Z,H03K 21/08,その他のもの,
2026.01,廃止,H03K 23/74 A,H03K 23/74,リレ－を用いるバイナリカウンタ,
2026.01,廃止,H03K 23/74 B,H03K 23/74,ステツピングリレ－等を用いるカウンタ,
2026.01,廃止,H03K 23/74 Z,H03K 23/74,その他のもの,
2026.01,廃止,H04H 40/36 200,H04H 40/36,・・・・音声多重ステレオ放送の受信に特に適合するもの,
2026.01,廃止,H04H 40/36 400,H04H 40/36,・・・・ＡＭステレオ放送の受信に特に適合するもの,
2026.01,廃止,H04J 1/06 100,H04J 1/06,・・・受信端局における搬送波源と送信端局における搬送波源の同期,
2026.01,廃止,H04J 1/08 100,H04J 1/08,・・・終端局；変復調結合回路,
2026.01,廃止,H04J 4/00 100,H04J 4/00,・トランス多重化処理,
2026.01,廃止,H04M 19/08 100,H04M 19/08,・・回線の電流を使用しないもの,
2026.01,廃止,H04N 3/12 102,H04N 3/12,・・・陰極線を使用するもの，例．マルチビジョン,
2026.01,廃止,H04N 3/12 105,H04N 3/12,・・・ガス放電を使用するもの，例．プラズマ,
2026.01,廃止,H04N 3/12 107,H04N 3/12,・・・液晶を使用するもの,
2026.01,廃止,H04N 3/185 103,H04N 3/185,・・・・・並列調整を使用するもの,
2026.01,廃止,H04N 3/185 106,H04N 3/185,・・・・・直列調整を使用するもの,
2026.01,廃止,H04N 3/233 105,H04N 3/233,・・・・・・計算手段を有するもの,
2026.01,廃止,H04N 3/04 105,H04N 3/04,・・・電磁界ブランキング間隔の間のみ走行するフィルムを有するもの,
2026.01,廃止,H04Q 3/00 101,H04Q 3/00,・３／０２～３／４０の回路の組合せによつて構成される選択配置,
2026.01,廃止,H04Q 3/64 101,H04Q 3/64,・・切換段に電磁座標式スイツチを用いるもの,
2026.01,廃止,H04Q 3/72 101,H04Q 3/72,・・状態検出のための走査,
2026.01,廃止,H04Q 5/24 100,H04Q 5/24,・・２加入者のうち，１人の加入者には低周波音声および／または信号制御信号が使用される一方，他の加入者には低周波音声および／または信号制御信号が高周波搬送信号で変調される回路装置,
2026.01,廃止,H04Q 9/06 A,H04Q 9/06,選択に関するもの,
2026.01,廃止,H04Q 9/06 Z,H04Q 9/06,その他,
2026.01,廃止,H05B 7/09 A,H05B 7/09,形状,
2026.01,廃止,H05B 7/09 B,H05B 7/09,組成・処理,
2026.01,廃止,H05B 7/09 Z,H05B 7/09,その他,
2026.01,廃止,H05B 7/144 A,H05B 7/144,保護,
2026.01,廃止,H05B 7/144 Z,H05B 7/144,その他,
2026.01,廃止,H05B 33/14 A,H10K 50/01,発光物質が有機物,
2026.01,廃止,H05B 33/14 B,H10K 50/01,・材料に特徴のあるもの,
2026.01,廃止,H05B 33/14 Z,H05B 33/14 100,その他のもの,
2026.01,廃止,H05K 1/18 A,H05K 1/182 Z,電気部品のリ－ド端子挿入による印刷回路への直接取付,
2026.01,廃止,H05K 1/18 B,H05K 1/182 A,・リ－ド端子の形状又は材料に特徴をもつもの,
2026.01,廃止,H05K 1/18 C,H05K 1/182 B,・リ－ド端子を除く取付用端子又は部品の形状に特徴をもつもの,
2026.01,廃止,H05K 1/18 D,H05K 1/182 C,・付属具を用いる取付〔スペ－サなど〕,
2026.01,廃止,H05K 1/18 E,H05K 1/182 D,・・付属具が電気的接続用のものであるもの〔はとめなど〕〔コネクタを介しての取付，１／１８Ｕ〕,
2026.01,廃止,H05K 1/18 F,H05K 1/181 Z,電気部品の面接続による印刷回路への直接取付〔←付属具を用いるもの，→コネクタを介するもの，１／１８Ｕ〕,
2026.01,廃止,H05K 1/18 G,H05K 1/181 A,・リ－ド部品であるもの,
2026.01,廃止,H05K 1/18 H,H05K 1/181 B,・・リ－ド部品の形状に特徴をもつもの〔←リ－ド及び本体の構造〕,
2026.01,廃止,H05K 1/18 J,H05K 1/181 C,・リ－ドレス部品であるもの,
2026.01,廃止,H05K 1/18 K,H05K 1/181 D,・・リ－ドレス部品の形状に特徴をもつもの,
2026.01,廃止,H05K 1/18 L,H05K 1/181 E,・・・フリップチップ〔主は，Ｈ０１Ｌ〕,
2026.01,廃止,H05K 1/18 M,H05K 1/184 Z,電気部品本体の基板の貫通孔への直接取付〔←付属具をもちいるもの〕,
2026.01,廃止,H05K 1/18 N,H05K 1/184 A,・リ－ド部品であるもの,
2026.01,廃止,H05K 1/18 P,H05K 1/184 B,・リ－ドレス部品であるもの,
2026.01,廃止,H05K 1/18 Q,H05K 1/183 Z,電気部品本体の基板の凹所への直接取付〔リ－ド部品の取付及び付属具を用いる取付〕,
2026.01,廃止,H05K 1/18 R,H05K 1/183 A,・リ－ドレス部品であるもの,
2026.01,廃止,H05K 3/32 B,H05K 3/321,・導電性接着剤によるもの〔異方導電性接着材，接着シート〕,
2026.01,廃止,H05K 3/32 C,H05K 3/328,冶金的接続〔熱圧着など〕,
2026.01,廃止,H05K 3/34 502,H05K 3/3452 Z,・・・・マスキング,
2026.01,廃止,H05K 3/34 502 A,H05K 3/3452 A,ソルダーレジストパターン〔ソルダーレジスト塗布方法＝３／２８〕〔ガラスペーストによるものも含む〕,
2026.01,廃止,H05K 3/34 502 B,H05K 3/3452 B,・挿入多端子レジストパターン,
2026.01,廃止,H05K 3/34 502 C,H05K 3/3452 C,・挿入用レジストパターン,
2026.01,廃止,H05K 3/34 502 D,H05K 3/3452 D,・面実装レジストパターン,
2026.01,廃止,H05K 3/34 502 E,H05K 3/3452 E,・面実装多端子レジストパターン,
2026.01,廃止,H05K 3/34 502 Z,H05K 3/3452 Z,その他〔治具を用いるもの、マスキング一般など〕,
2026.01,廃止,H05K 3/34 503,H05K 3/3489 Z,・・・・フラックス処理,
2026.01,廃止,H05K 3/34 503 A,H05K 3/3489 A,フラックスの塗布,
2026.01,廃止,H05K 3/34 503 B,H05K 3/3489 B,・フラックス塗布装置,
2026.01,廃止,H05K 3/34 503 Z,H05K 3/3489 Z,その他,
2026.01,廃止,H05K 3/34 505,H05K 3/3465,・・・・はんだの供給〔部品への予備はんだのみ＝Ｈ０１Ｇ、Ｈ０１Ｌ〕,
2026.01,廃止,H05K 3/34 505 A,H05K 3/3465,箔、成形、めっき、溶融はんだ等によるもの,
2026.01,廃止,H05K 3/34 505 B,H05K 3/3485 A,ペーストはんだの供給,
2026.01,廃止,H05K 3/34 505 C,H05K 3/3485 B,・スクリーン印刷によるもの,
2026.01,廃止,H05K 3/34 505 D,H05K 3/3485 C,・・スクリーン印刷機〔マスクも含む〕,
2026.01,廃止,H05K 3/34 505 E,H05K 3/3485 D,・はんだの供給（部品への）,
2026.01,廃止,H05K 3/34 505 F,H05K 3/3485 E,・はんだの供給（部品と基板への）,
2026.01,廃止,H05K 3/34 505 Z,H05K 3/3465,その他,
2026.01,廃止,H05K 3/34 506,H05K 3/3468 Z,・・・・ディップはんだ付け,
2026.01,廃止,H05K 3/34 506 A,H05K 3/3468 A,挿入部品と面実装部品の両品のディップはんだ付け,
2026.01,廃止,H05K 3/34 506 B,H05K 3/3468 B,・挿入部品のディップはんだ付け,
2026.01,廃止,H05K 3/34 506 C,H05K 3/3468 C,・面接続部品のディップはんだ付け,
2026.01,廃止,H05K 3/34 506 D,H05K 3/3468 D,ディップはんだ付け装置,
2026.01,廃止,H05K 3/34 506 E,H05K 3/3468 E,・ディップ手段,
2026.01,廃止,H05K 3/34 506 F,H05K 3/3468 F,・雰囲気,
2026.01,廃止,H05K 3/34 506 G,H05K 3/3468 G,・搬送,
2026.01,廃止,H05K 3/34 506 H,H05K 3/3468 H,・・キャリヤ、キャリヤレス,
2026.01,廃止,H05K 3/34 506 J,H05K 3/3468 J,・はんだ槽,
2026.01,廃止,H05K 3/34 506 K,H05K 3/3468 K,・・噴流はんだ槽,
2026.01,廃止,H05K 3/34 506 Z,H05K 3/3468 Z,その他,
2026.01,廃止,H05K 3/34 507,H05K 3/3494 Z,・・・・リフローはんだ付け、鏝はんだ付け,
2026.01,廃止,H05K 3/34 507 A,H05K 3/3494 A,挿入部品と面実装部品の両品のリフローはんだ付け〔ステップはんだ付けはここに包含〕,
2026.01,廃止,H05K 3/34 507 B,H05K 3/3494 B,・挿入部品のリフローはんだ付け,
2026.01,廃止,H05K 3/34 507 C,H05K 3/3494 C,・面実装部品のリフローはんだ付け,
2026.01,廃止,H05K 3/34 507 D,H05K 3/3494 D,はんだ付け部分の非接触加熱〔主として装置に関するもの〕,
2026.01,廃止,H05K 3/34 507 E,H05K 3/3494 E,・レーザ、赤外線,
2026.01,廃止,H05K 3/34 507 F,H05K 3/3494 F,・蒸気,
2026.01,廃止,H05K 3/34 507 G,H05K 3/3494 G,・熱風,
2026.01,廃止,H05K 3/34 507 H,H05K 3/3494 H,・リフロー炉〔赤外線、熱風全体加熱を含む〕,
2026.01,廃止,H05K 3/34 507 J,H05K 3/3494 J,・・雰囲気,
2026.01,廃止,H05K 3/34 507 K,H05K 3/3494 K,・・温度、加熱,
2026.01,廃止,H05K 3/34 507 L,H05K 3/3494 L,・・搬送〔Ｊ、Ｋが優先〕,
2026.01,廃止,H05K 3/34 507 M,H05K 3/3494 M,接触加熱によるリフローはんだ付け,
2026.01,廃止,H05K 3/34 507 N,H05K 3/3494 N,・リフローチップはんだ鏝,
2026.01,廃止,H05K 3/34 507 Z,H05K 3/3494 Z,その他,
2026.01,タイトル変更,A01B 1/22,A01B 1/22,・把手に刃または類似物を取りつけたもの；（道具の把手またはそれらの装着物一般Ｂ２５Ｇ）；交換または調整できる刃,・把手に刃または類似物を取りつけたもの；交換または調整できる刃［２００６．０１］
2026.01,タイトル変更,A01B 3/74,A01B 3/74,・プラウを推進させるための電気力の使用（集電器Ｂ６０Ｌ５／００）,・プラウを推進させるための電気力の使用
2026.01,タイトル変更,A01B 5/00,A01B 5/00,駆動されない回転具を有するプラウ，例．ディスクプラウ（駆動回転具を有するものＡ０１Ｂ９／００）,駆動されない回転具を有するプラウ，例．ディスクプラウ［２００６．０１］
2026.01,タイトル変更,A01B 15/12,A01B 15/12,・ビーム；ハンドル（器具またはそれらへの装着物のハンドル一般Ｂ２５Ｇ）,・ビーム；ハンドル［２００６．０１］
2026.01,タイトル変更,A01B 15/16,A01B 15/16,・ディスク（そのためのベアリングＡ０１Ｂ７１／０４）；ディスクを清掃するためのスクレーパー；研磨のための付属物（研磨一般Ｂ２４）,・ディスク；ディスクを清掃するためのスクレーパー；研磨のための付属物［２００６．０１］
2026.01,タイトル変更,A01B 17/00,A01B 17/00,特殊な付加装置を有するプラウ，例．土中施肥装置，土塊圧砕器（Ａ０１Ｂ４９／００が優先；心土プラウＡ０１Ｂ１３／０８）［２］,特殊な付加装置を有するプラウ，例．土中施肥装置，土塊圧砕器［２００６．０１］
2026.01,タイトル変更,A01B 21/00,A01B 21/00,駆動されない回転具を有するハロー（駆動される回転具を有する耕うん用作業機Ａ０１Ｂ３３／００）,駆動されない回転具を有するハロー［２００６．０１］
2026.01,タイトル変更,A01B 23/06,A01B 23/06,・ディスク（Ａ０１Ｂ１５／１６が優先；そのためのベアリング軸受Ａ０１Ｂ７１／０４）；ディスク清掃用スクレーパー；研磨装置（研磨一般Ｂ２４）［２］,・ディスク；ディスク清掃用スクレーパー；研磨装置［２００６．０１］
2026.01,タイトル変更,A01B 33/16,A01B 33/16,・特殊な付加装置を有するもの（Ａ０１Ｂ４９／００が優先；播種または肥料散布のためのものＡ０１Ｂ４９／０６）［２］,・特殊な付加装置を有するもの［２００６．０１］
2026.01,タイトル変更,A01B 35/03,A01B 35/03,・・車台（Ａ０１Ｂ２３／０４が優先）［２］,・・車台［２００６．０１］
2026.01,タイトル変更,A01B 39/00,A01B 39/00,特に作物が生育中の耕土の作業に適した他の機械,特に作物が生育中の耕土の作業に適した機械［２００６．０１］
2026.01,タイトル変更,A01B 39/24,A01B 39/24,・・車台（Ａ０１Ｂ２３／０４が優先）［２］,・・車台［２００６．０１］
2026.01,タイトル変更,A01B 39/28,A01B 39/28,・特殊な付加的装置によるもの（Ａ０１Ｂ４９／００が優先）［２］,・特殊な付加的装置によるもの［２００６．０１］
2026.01,タイトル変更,A01B 51/00,A01B 51/00,各種農具または装置を塔載するために特に適合した車台（一般的な車両の特徴はクラスＢ６０またはＢ６２の関連するサブクラス参照）,各種農具または装置を搭載するために特に適合した車台［２００６．０１］
2026.01,タイトル変更,A01B 59/00,A01B 59/00,役畜またはトラクタと農業機械または器具とを連結するのに特に適合した装置（Ａ０１Ｂ６３／００が優先；車両連結器一般Ｂ６０Ｄ；畜力牽引車両のための牽引装置一般Ｂ６２Ｃ５／００）［３］,役畜またはトラクタと農業機械または器具とを連結するのに特に適合した装置［２００６．０１］
2026.01,タイトル変更,A01B 61/00,A01B 61/00,農業機械または器具の過負荷を防止するための装置，またはその部品（車両連結器過負荷防止一般Ｂ６０Ｄ；継手の過負荷防止それ自体Ｆ１６Ｄ）［３］,過負荷を防止するための農業機械または器具の装置または部品［２００６．０１］
2026.01,タイトル変更,A01B 63/00,A01B 63/00,農業機械または器具を昇降する，あるいは位置を調整する装置またはそのための配置（モーアのカッターバーの昇降調整Ａ０１Ｄ３４／２４；モーアのカッターバーの位置調整装置Ａ０１Ｄ３４／２８；昇降装置の構造的特徴それ自体Ｂ６６Ｆ）［３］,農業機械または器具を昇降する，あるいは位置を調整する装置またはそのための配置（モーアのカッターバーの昇降調整Ａ０１Ｄ３４／２４；モーアのカッターバーの位置調整装置Ａ０１Ｄ３４／２８）［２００６．０１］
2026.01,タイトル変更,A01B 63/118,A01B 63/118,・・・動力つり上げリンクへの作業機の装着（Ａ０１Ｂ５９／０４３が優先；作業機の側方遊びの防止または制限Ａ０１Ｂ５９／０４１；過負荷の防止Ａ０１Ｂ６１／００）［２］,・・・動力つり上げリンクへの作業機の装着（作業機の側方遊びの防止または制限Ａ０１Ｂ５９／０４１）［２００６．０１］
2026.01,タイトル変更,A01B 67/00,A01B 67/00,作業機の抵抗によるトラクタの原動機制御装置（過負荷防止Ａ０１Ｂ６１／００）,作業機の抵抗によるトラクタの原動機制御装置［２００６．０１］
2026.01,タイトル変更,A01B 71/04,A01B 71/04,・回転部分のベアリング，例．耕耘作業用ディスクのためのもの（ベアリング一般Ｆ１６Ｃ）,・回転部分のベアリング，例．耕耘作業用ディスクのためのもの［２００６．０１］
2026.01,タイトル変更,A01B 71/06,A01B 71/06,・作業機または機械への伝導軸と動力取り出し装置との間の継ぎ手方法の特殊なもの（回転伝達用継ぎ手Ｆ１６Ｄ）,・動力取り出し装置と伝導軸との間の結合手段の作業機または機械への特別な適用［２００６．０１］
2026.01,タイトル変更,A01B 71/08,A01B 71/08,・塵埃またはその類似のものを防ぐ方法または農作業機を清掃するためのもの（Ａ０１Ｂ１５／１６，Ａ０１Ｂ１９／１０，Ａ０１Ｂ２３／０６が優先；ロータリ耕耘部のカバーＡ０１Ｂ３３／１２；回転部分のカバー一般Ｆ１６Ｐ１／００）［２］,・塵埃またはその類似のものを防ぐ手段または農作業機を清掃するための手段（プラウのためのディスクＡ０１Ｂ１５／１６；ハローのための昇降または清掃装置Ａ０１Ｂ１９／１０；ハローのためのディスクＡ０１Ｂ２３／０６；回転駆動の耕耘工具の検査Ａ０１Ｂ３３／１２）［２００６．０１］
2026.01,タイトル変更,A01B 73/00,A01B 73/00,農業機械または作業機の運搬を容易にするための手段または装置，例．全幅を縮小するための折曲げ機枠（土作業機のための揚上装置の配置Ａ０１Ｂ６３／００；荷物運送に適した車両，または特殊荷物または特殊目的物を移送，運搬または搬入するのに適した車両Ｂ６０Ｐ；自動車，付随車Ｂ６２Ｄ）［４］,農業機械または作業機の運搬を容易にするための手段または配置，例．全幅を縮小するための折曲げ機枠（土作業機のための揚上装置の配置Ａ０１Ｂ６３／００）［２００６．０１］
2026.01,タイトル変更,A01B 77/00,A01B 77/00,土を持ち上げて処理を行う機械（殺生物剤，有害生物忌避剤，または誘引剤，植物生長調節剤Ａ０１Ｎ２５／００～Ａ０１Ｎ６５／００；肥料Ｃ０５；土壌調整用または土壌安定用物質Ｃ０９Ｋ１７／００）,土を持ち上げて処理を行う機械［２００６．０１］
2026.01,タイトル変更,A01D 46/18,A01D 46/18,・・・・回転台に塔載したもの［２］,・・・・回転台に搭載したもの［２００６．０１］
2026.01,タイトル変更,A01D 57/00 Z,A01D 57/00 Z,その他のもの〔収獲機の送り送み部位のフレ－ム，駆動等〕,その他のもの〔収獲機の送り込み部位のフレ－ム，駆動等〕
2026.01,タイトル変更,A01F 19/00,A01F 19/00,脱穀機または梱包圧縮機を地面に据付けるための装置，例．平担でない地面に合わせて調整するもの,脱穀機または梱包圧縮機を地面に据付けるための装置，例．平坦でない地面に合わせて調整するもの［２００６．０１］
2026.01,タイトル変更,A01G 31/00 601 E,A01G 31/00 601 E,・カートリッジ式タンクまたは毛水管現象を利用したもの,・カートリッジ式タンクまたは毛細管現象を利用したもの
2026.01,タイトル変更,A01J 27/02,A01J 27/02,・チーズの被覆，例．パラフインワックスによるもの［２００６．０１］,・チーズの被覆のための装置［２００６．０１］
2026.01,タイトル変更,A01K 91/047 C,A01K 91/047 C,・ヨリモドシ（漁携用はＡ０１Ｋ７５／００）,・ヨリモドシ（漁撈用はＡ０１Ｋ７５／００）
2026.01,タイトル変更,A01K 97/02 Z,A01K 97/02 Z,その他〔撒餌枸子，釣糸に取付けない撒餌散布器〕,その他〔撒餌杓子，釣糸に取付けない撒餌散布器〕
2026.01,タイトル変更,A01M 1/02 C,A01M 1/02 C,非加熱で揮散した薬剤による虫の毒殺〔←固型薬剤用，薬剤含浸体用の殺虫剤揮数容器〕〔薬剤による忌避→２９／００を参照〕,非加熱で揮散した薬剤による虫の毒殺〔←固型薬剤用，薬剤含浸体用の殺虫剤揮散容器〕〔薬剤による忌避→２９／００を参照〕
2026.01,タイトル変更,A01M 1/02 G,A01M 1/02 G,・付属型の揮散器〔例，照明器具に付属したもの〕；兼用型の揮数器〔ナイトランプと兼用したもの〕,・付属型の揮散器〔例．照明器具に付属したもの〕；兼用型の揮散器〔ナイトランプと兼用したもの〕
2026.01,タイトル変更,A01M 17/00 K,A01M 17/00 K,・焼土による駆除〔←据置型〕〔圃場上を移動する火炎方射型焼上機→１５／００〕,・焼土による駆除〔←据置型〕〔圃場上を移動する火炎放射型焼上機→１５／００〕
2026.01,タイトル変更,A01N 29/12,A01N 29/12,・・１，１―ジまたは１，１，１―トリ―ハロ―２―アリ―ル―エタンまたは―エテンまたはその誘導体，例．ＤＤＴ［３］,・・１，１―ジまたは１，１，１―トリ―ハロ―２―アリール―エタンまたは―エテンまたはその誘導体，例．ＤＤＴ［２００６．０１］
2026.01,タイトル変更,A21C 11/16 B,A21C 11/16 B,・押出しによる包餡又は多層生他の成形,・押出しによる包餡又は多層生地の成形
2026.01,タイトル変更,A23B 2/09 B,A23B 2/09 B,・常圧乾燥（Ａ２３Ｂ２／４２～２／５４除く）,・常圧乾燥（Ａ２３Ｂ２／９１～２／９７除く）
2026.01,タイトル変更,A23B 2/09 D,A23B 2/09 D,・減圧乾燥（凍結真空乾燥→Ａ２３Ｂ２／４４）,・減圧乾燥（凍結真空乾燥→Ａ２３Ｂ２／９２）
2026.01,タイトル変更,A23C 19/14,A23C 19/14,・所定の形状を形成させた後のチーズの処理，例．熟成，燻煙［２００６．０１］,・所定の形状を形成させた後のチーズの処理，例．熟成または燻煙［２００６．０１］
2026.01,タイトル変更,A23C 19/16,A23C 19/16,・・チーズ表面の被覆，例．パラフィンワックスによるもの,・・チーズ表面の被覆，例．ワックス被覆組成物によるもの［２００６．０１］
2026.01,タイトル変更,A23L 15/01,A23L 15/01,・卵ロール［２０１６．０１］,・特定の形状または構造の卵製品，　例．ロール状のもの［２０２６．０１］
2026.01,タイトル変更,A24D 1/04,A24D 1/04,・マウスピースまたはフィルタチップを有するもの（マウスピース，フィルタチップそれ自体Ａ２４Ｄ３／００）,・マウスピースまたはフィルタチップを有するもの［２００６．０１］
2026.01,タイトル変更,A24D 1/08,A24D 1/08,・火つけ手段を有するもの（自然発火剤Ｃ０６Ｃ１５／００；ライターそれ自体Ｆ２３Ｑ）,・火つけ手段を有するもの［２００６．０１］
2026.01,タイトル変更,A24D 1/16,A24D 1/16,・葉巻たばこまたは紙巻たばこ用バンド（バンドを取付ける機械Ｂ６５Ｃ）,・葉巻たばこまたは紙巻たばこ用バンド［２００６．０１］
2026.01,タイトル変更,A24D 3/00,A24D 3/00,たばこ煙フィルタ，例．フィルタチップ，フィルタ作用をする挿入片；擬似喫煙具に特に適合されるフィルタ；葉巻たばこまたは紙巻たばこのマウスピース（パイプ用，たばこホルダー用のものＡ２４Ｆ７／００）［２０２０．０１］,たばこ煙フィルタ，例．フィルタチップまたはフィルタ作用をする挿入片；擬似喫煙具に特に適合されるフィルタ；葉巻たばこまたは紙巻たばこのマウスピース［２０２０．０１］
2026.01,タイトル変更,A24D 3/02,A24D 3/02,・たばこ煙フィルタの製造（フィルタ用の紙または織維物質の製造Ｄ２１）［３］,・たばこ煙フィルタの製造［２００６．０１］
2026.01,タイトル変更,A24D 3/18,A24D 3/18,・葉巻たばこまたは紙巻たばこのマウスピース；その製造（Ａ２４Ｄ３／０２が優先；葉巻たばこまたは紙巻たばこ用のチップ材料の製造，葉巻たばこまたは紙巻たばこのマウスピースへのチップ材料の装着Ａ２４Ｃ５／５６；プラスチックまたは可塑状態の物質からの葉巻たばこ用または紙巻たばこ用ホルダーの製造Ｂ２９Ｄ２３／１４，金属からの製造はＢセクションの関連するサブクラス参照）［３］,・葉巻たばこまたは紙巻たばこのマウスピース；その製造（たばこ煙フィルタの製造　Ａ２４Ｄ３／０２）［２００６．０１］
2026.01,タイトル変更,A24F 7/04,A24F 7/04,・煙フィルターを有するもの（フィルター自体Ａ２４Ｄ３／００）,・煙フィルタを有するもの［２００６．０１］
2026.01,タイトル変更,A24F 13/02,A24F 13/02,・葉巻たばこまたは紙巻たばこのホルダー（マウスピースＡ２４Ｆ７／００）,・葉巻たばこまたは紙巻たばこのホルダー（マウスピースＡ２４Ｆ７／００；プラスチックまたは可塑状態物質から筒状の葉巻たばこまたは紙巻たばこホルダーの製造　Ｂ２９Ｄ２３／１４）［２００６．０１］
2026.01,タイトル変更,A41H 33/00 D,A41H 33/00 D,袖口の剣ボ口を形成するためのもの,袖口の剣ボロを形成するためのもの
2026.01,タイトル変更,A44B 6/00,A44B 6/00,ネクタイ，えり飾り，ネッカチーフまたは類似のもののための保持物またはつなぎひも，例．タイクリップ，結びひもを取付けてあるスプリングクリップ，ウォグル，衣類につなぐことができ，関連した被履する部分をもったピン（ネクタイピンＡ４４Ｂ９／０８；装飾的なものＡ４４Ｃ）［３］,ネクタイ，えり飾り，ネッカチーフまたは類似のもののための保持物またはつなぎひも，例．タイクリップ，結びひもを取付けてあるスプリングクリップ，ウォグル，衣類につなぐことができ，関連した被覆する部分をもったピン（ネクタイピンＡ４４Ｂ９／０８；装飾的なものＡ４４Ｃ）［２００６．０１］
2026.01,タイトル変更,A45D 6/18,A45D 6/18,・使用中へアーカーラー類を保護する装置または被覆体,・使用中ヘアーカーラー類を保護する装置または被覆体
2026.01,タイトル変更,A45D 44/14,A45D 44/14,・理美容作業を行うためのスタンド；人頭模形台,・理美容作業を行うためのスタンド；人頭模型台［２００６．０１］
2026.01,タイトル変更,A45D 44/14 A,A45D 44/14 A,人頭模形台,人頭模型台
2026.01,タイトル変更,A46B 3/00,A46B 3/00,ブラシ台または支持体に毛を固定または接合することに特徴のあるブラシ（そのための機械または装置Ａ４６Ｄ）,ブラシ台または支持体に毛を固定または接合することに特徴のあるブラシ［２００６．０１］
2026.01,タイトル変更,A46B 11/00,A46B 11/00,物質，例．塗料，糊，水，を供給する貯槽または他の装置を有するブラシ（駆動されるブラシ台Ａ４６Ｂ１３／００；液体運搬手段による表面への液体または流体の供給一般，例．パッドによるものＢ０５Ｃ１／００，Ｂ０５Ｄ１／２８）,物質，例．塗料，糊，または水，を供給する貯槽または他の手段　を有するブラシ（物質を供給する貯槽または他の手段を有する動力駆動ブラシ台Ａ４６Ｂ１３／０４）［２００６．０１］
2026.01,タイトル変更,A46B 13/00,A46B 13/00,駆動されるブラシ台を有するブラシ（動力駆動歯ブラシＡ６１Ｃ１７／１６）［５］,駆動されるブラシ台を有するブラシ（動力駆動歯ブラシＡ６１Ｃ１７／２２）［２００６．０１］
2026.01,タイトル変更,A46D 1/00,A46D 1/00,毛；毛の材料の選択（人造の毛の製造Ｄ０１Ｄ，Ｄ０１Ｆ）,毛；毛の材料の選択［２００６．０１］
2026.01,タイトル変更,A46D 9/02,A46D 9/02,・切断；整毛,・切断；整毛（毛を切断するための機械または装置Ａ４６Ｄ１／０６）［２００６．０１］
2026.01,タイトル変更,A47C 17/72,A47C 17/72,・・・交又脚を有するもの（Ａ４７Ｃ１７／８２が優先）,・・・交叉脚を有するもの（Ａ４７Ｃ１７／８２が優先）［２００６．０１］
2026.01,タイトル変更,A47J 45/01,A47J 45/01,・熱い調理用具をつかんだりまたはもち上げる装置，例．狭み具，取りはずし可能な柄，布または類似のパッド,・熱い調理用具をつかんだりまたはもち上げる装置，例．挟み具，取りはずし可能な柄，布または類似のパッド［２００６．０１］
2026.01,タイトル変更,A47K 1/00,A47K 1/00,洗面器台；それらの附属品（髪または頭皮を洗う用具Ａ４５Ｄ１９／００；瀬戸物，食卓用器具，調理用器具またはこれらに類似のものの手による洗浄または清浄のためのたらいＡ４７Ｌ１７／０２；治療目的用附属品を有するものＡ６１Ｈ）,洗面器台；それらの附属品［２００６．０１］
2026.01,タイトル変更,A47K 1/02,A47K 1/02,・可搬の化粧用卓；洗面用キャビネットまたはスタンド（排水管に連結されたものＥ０３Ｃ；列車用のものＢ６１Ｄ；船舶用のものＢ６３Ｂ；自動車用のものＢ６０Ｒ；航空機用のものＢ６４Ｄ）,・可搬の化粧用卓；洗面用キャビネットまたはスタンド［２００６．０１］
2026.01,タイトル変更,A47K 1/12,A47K 1/12,・流しに着脱できる洗面器；流しに着脱できる組み立て式の洗面台（流しに取りつけうる支持具一般Ａ４７Ｊ４７／２０）,・流しに着脱できる洗面器；流しに着脱できる組み立て式の洗面台［２００６．０１］
2026.01,タイトル変更,A47K 3/00,A47K 3/00,浴槽；シャワー；それらの付属品（医療用のものＡ６１Ｈ，Ｍ，例．特に治療または保健を目的とした入浴装置Ａ６１Ｈ３３／００）,浴槽；シャワー；それらの付属品［２００６．０１］
2026.01,タイトル変更,A47K 3/02,A47K 3/02,・浴槽（シャワーとの組み合わせＡ４７Ｋ３／２０；加熱できるものＦ２４Ｈ）［１，７］,・浴槽（シャワーとの組み合わせＡ４７Ｋ３／２０）［２００６．０１］
2026.01,タイトル変更,A47K 3/022,A47K 3/022,・・特に特殊な使用に適用されるもの，例．足を洗うためのもの，すわったままで入浴するためのもの（組み立て式の浴槽Ａ４７Ｋ３／０６２）,・・特に特殊な使用に適用されるもの，例．足を洗うためのもの，すわったままで入浴するためのもの（特に特殊な使用に適用される組み立て式の浴槽Ａ４７Ｋ３／０６２）［２００６．０１］
2026.01,タイトル変更,A47K 3/03,A47K 3/03,・・他の浴槽，流し，洗面器または類似のものに取付けうるもの（折りたたみ式の浴槽Ａ４７Ｋ３／０７）,・・他の浴槽，流し，洗面器または類似のものに取付けうるもの（他の洗面器または類似のものに取り付け可能な折りたたみ式浴槽Ａ４７Ｋ３／０７）［２００６．０１］
2026.01,タイトル変更,A47K 3/08,A47K 3/08,・・キャビネット型浴槽（シャワーキャビネットＡ４７Ｋ３／３０）,・・キャビネット型浴槽［２００６．０１］
2026.01,タイトル変更,A47K 3/12,A47K 3/12,・別体のシートまたは身体支持装置（いすのシートＡ４７Ｃ７／０２）,・別体のシートまたは身体支持装置［２００６．０１］
2026.01,タイトル変更,A47K 3/14,A47K 3/14,・浴槽用の着脱できる仕切り（隔壁をもつ流しＥ０３Ｃ１／１８）,・浴槽用の着脱できる仕切り［２００６．０１］
2026.01,タイトル変更,A47K 3/26,A47K 3/26,・上方へのスプレー手段を持たないビデ（上方へのスプレー手段を持つビデＡ６１Ｈ３５／００，Ｅ０３Ｄ９／０８）［７］,・上方へのスプレー手段を持たないビデ［２００６．０１］
2026.01,タイトル変更,A47K 3/28,A47K 3/28,・シャワー（浴槽との組み合わせＡ４７Ｋ３／２０；ノズル，スプレー・ヘッドＢ０５Ｂ１／００）［７］,・シャワー（浴槽との組み合わせＡ４７Ｋ３／２０）［２００６．０１］
2026.01,タイトル変更,A47K 3/38,A47K 3/38,・・カーテン装置（カーテン，カーテン用つり下げ具Ａ４７Ｈ）［７］,・・カーテンのための装置［２００６．０１］
2026.01,タイトル変更,A47K 5/00,A47K 5/00,石けん，練りはみがき，または類似のものの保持具または分配器（ひげそり用の泡立装置Ａ４５Ｄ２７／０２；特にひげそり用の石けんまたは化粧品に適用されるものＡ４５Ｄ３３／００～Ａ４５Ｄ４０／００）,石けん，練りはみがき，または類似のものの保持具または分配器［２００６．０１］
2026.01,タイトル変更,A47K 5/16,A47K 5/16,・・機械的な駆動装置を有するもの（食品用の混合器Ａ４７Ｊ４３／０４）,・・機械的な駆動装置を有するもの［２００６．０１］
2026.01,タイトル変更,A47K 7/00,A47K 7/00,身体の洗浄または清浄用具（特に治療または保健を目的とした入浴装置Ａ６１Ｈ３３／００；身体の特殊な部分のための浴槽Ａ６１Ｈ３５／００）［２００６．０１］,身体の洗浄または清浄用具［２００６．０１］
2026.01,タイトル変更,A47K 7/02,A47K 7/02,・浴用海綿状物，ブラシ，手袋，または同様の清浄または摩擦用具（家事での清掃用海綿状物Ａ４７Ｌ１３／１６；ブラシ一般Ａ４６Ｂ；特にマッサージ用のものＡ６１Ｈ７／００）［２００６．０１］,・浴用海綿状物，ブラシ，手袋，または同様の清浄または摩擦用具［２００６．０１］
2026.01,タイトル変更,A47K 10/02,A47K 10/02,・タオル（紙製のものＡ４７Ｋ１０／１６；織物Ｄ０３Ｄ；不織布Ｄ０４Ｈ）,・タオル（紙タオルＡ４７Ｋ１０／１６）［２００６．０１］
2026.01,タイトル変更,A47K 10/16,A47K 10/16,・紙タオル；トイレットペーパー；それらの保持具（分配器Ａ４７Ｋ１０／３２）,・紙タオル；トイレットペーパー；それらの保持具［２００６．０１］
2026.01,タイトル変更,A47K 10/22,A47K 10/22,・・・巻かれたウェブ用のもの（ローラーからの紙の引き出し一般Ｂ６５Ｈ）,・・・巻かれたウェブ用のもの［２００６．０１］
2026.01,タイトル変更,A47K 10/24,A47K 10/24,・タオル分配装置；トイレットペーパー分配装置（シートまたはウェブ分配装置一般Ｂ６５Ｈ）［２００６．０１］,・タオル分配装置；トイレットペーパー分配装置［２００６．０１］
2026.01,タイトル変更,A47K 10/26,A47K 10/26,・・機械的に駆動されるタオル分配器（Ａ４７Ｋ１０／２８が優先；紙タオル用のものＡ４７Ｋ１０／３４）,・・機械的に駆動されるタオル分配器（Ａ４７Ｋ１０／２８が優先；ウェブから紙タオルまたはトイレットペーパーを分配するものについてはＡ４７Ｋ１０／３４，保管された個別シート状の紙タオルまたはトイレットペーパー，例．積み重ねられた，を分配するものについてはＡ４７Ｋ１０／４４）［２００６．０１］
2026.01,タイトル変更,A47K 10/48,A47K 10/48,・熱気で乾燥するもの（頭髪乾燥装置Ａ４５Ｄ２０／００；医療用熱気浴Ａ６１Ｈ３３／０６；電熱素子Ｈ０５Ｂ）,・熱気で乾燥するもの［２００６．０１］
2026.01,タイトル変更,A47K 11/00,A47K 11/00,水洗でない便所（水洗便器洗浄流体の再循環装置を有する便器Ｅ０３Ｄ５／０１６）；水洗でない小便所（寝たきりの人のための小便器Ａ６１Ｇ９／００；車両用一般Ｂ６０Ｒ；列車用のものＢ６１Ｄ；船舶用のものＢ６３Ｂ；航空機用のものＢ６４Ｄ；水洗装置を有する小便器Ｅ０３Ｄ１３／００）；しびん；便器を備えたいす，または便器とともに使用するのに適合したいす［５］,水洗でない便所；水洗でない小便所；しびん；便器を備えたいす，または便器とともに使用するのに適合したいす［２００６．０１］
2026.01,タイトル変更,A47K 11/00 108,A47K 11/00 108,・・・・施回開閉式,・・・・旋回開閉式
2026.01,タイトル変更,A47K 11/06,A47K 11/06,・しびん（ベッドに寝たきりの人のための差し込み便器または他の衛生装置Ａ６１Ｇ９／００）,・しびん［２００６．０１］
2026.01,タイトル変更,A47K 11/08,A47K 11/08,・便器またはビデを有する寝室用キャビネットまたは台（寝台用キャビネットそれ自体Ａ４７Ｂ７９／００）,・便器またはビデを有する寝室用キャビネットまたは台［２００６．０１］
2026.01,タイトル変更,A47K 13/01,A47K 13/01,・上下させる装置（それによってフラッシュバルブを調整するものＥ０３Ｄ５／０４）,・上下させる装置
2026.01,タイトル変更,A47K 13/26,A47K 13/26,・・便座または便蓋の装着装置（ちょうつがいＡ４７Ｋ１３／１２）,・・便座または便蓋の装着装置
2026.01,タイトル変更,A47K 17/00,A47K 17/00,他の化粧室設備（唾受け用具Ａ６１Ｊ１９／００）,このサブクラスの他のグループに包含されない他の衛生設備［２００６．０１］
2026.01,タイトル変更,A61B 5/00,A61B 5/00,診断のための検出，測定または記録（放射線診断Ａ６１Ｂ６／００；超音波，音波または亜音波による診断のための測定Ａ６１Ｂ８／００）；個人識別,診断目的のための測定（放射線診断Ａ６１Ｂ６／００；超音波，音波または亜音波による診断Ａ６１Ｂ８／００）；個人識別［２００６．０１］
2026.01,タイトル変更,A61D 3/00,A61D 3/00,手術用動物保定具または足枷（かせ）用具,獣医用の動物保定具または足枷（かせ）装置［２００６．０１］
2026.01,タイトル変更,A61F 2/82,A61F 2/82,・人体の管状構造の開通状態を維持または閉塞を防止する装置，例．ステント（血管以外の人体の管状構造のためのステントグラフトＡ６１Ｆ２／０４；血管用のステントグラフトＡ６１Ｆ２／０７；拡張器Ａ６１Ｍ２９／００）［２０１３．０１］,・人体の管状構造の開通状態を維持または閉塞を防止する装置，例．ステント（血管以外の人体の管状構造のためのステントグラフトＡ６１Ｆ２／０４；血管用のステントグラフトＡ６１Ｆ２／０７）［２０１３．０１］
2026.01,タイトル変更,A61F 5/445,A61F 5/445,・・人口肛門用具（Ａ６１Ｆ５／４４１，Ａ６１Ｆ５／４４２，Ａ６１Ｆ５／４４３が優先）［４］,・・人工肛門用具（Ａ６１Ｆ５／４４１，Ａ６１Ｆ５／４４２，Ａ６１Ｆ５／４４３が優先）［２００６．０１］
2026.01,タイトル変更,A61F 7/08 334 L,A61F 7/08 334 L,熱伝達又は断熱及び指温に特微を有するもの〔金属のような熱算導体，スポンヂのような断熱材，指温塗料〕,熱伝達又は断熱及び指温に特徴を有するもの〔金属のような熱算導体，スポンヂのような断熱材，指温塗料〕
2026.01,タイトル変更,A61F 7/08 334 N,A61F 7/08 334 N,身体又は衣服への支持手段に特微を有するもの〔発熱剤収納袋と一体となつた支持手段，別体のものは３６１〕,身体又は衣服への支持手段に特徴を有するもの〔発熱剤収納袋と一体となつた支持手段，別体のものは３６１〕
2026.01,タイトル変更,A61F 7/08 334 R,A61F 7/08 334 R,発熱成分又は発熱成分に混合される剤〔例．芳香剤〕に特微を有するもの,発熱成分又は発熱成分に混合される剤〔例．芳香剤〕に特徴を有するもの
2026.01,タイトル変更,A61F 7/01 300 J,A61F 7/01 300 J,冷媒を直接収容する容器の材質に特微を有するもの〔Ｑと区別せよ〕,冷媒を直接収容する容器の材質に特徴を有するもの〔Ｑと区別せよ〕
2026.01,タイトル変更,A61F 7/01 300 P,A61F 7/01 300 P,緩衝部材に特微を有するもの〔例．水枕の頭部側にスポンヂを設ける〕,緩衝部材に特徴を有するもの〔例．水枕の頭部側にスポンヂを設ける〕
2026.01,タイトル変更,A61F 7/01 300 Q,A61F 7/01 300 Q,冷媒収容容器のカバ－に特微を有するもの〔例．水枕カバ－，氷のうカバ－〕,冷媒収容容器のカバ－に特徴を有するもの〔例．水枕カバ－，氷のうカバ－〕
2026.01,タイトル変更,A61F 11/00,A61F 11/00,耳または聴覚の処置方法または処置装置（耳の内側部分，例．鼓膜，の代用となる，またはこれを代替する移植可能な人工器官Ａ６１Ｆ２／１８；聴覚の意識の状態に変化を起こさせる方法または装置Ａ６１Ｍ２１／００；聴覚系に電気的刺激を加える電気治療，またはそのための回路Ａ６１Ｎ１／３６；聴覚系への光刺激を使用する放射線治療Ａ６１Ｎ５／０６；電気音響補聴器Ｈ０４Ｒ２５／００）；非電気的な補聴器；耳科患者が聴覚以外の生理学的感覚により聴覚知覚を達成できるようにする方法または装置；身体に装着するかまたは手に持つ耳の保護装置（頭部に着用するもの，例．キャップまたはヘルメット，であって耳を保護するための手段を有するものＡ４２Ｂ１／０１８８，Ａ４２Ｂ３／１６）［２０２２．０１］,耳または聴覚の処置方法または処置装置（耳の内側部分，例．鼓膜，の代替とする，またはこれに置き換える移植可能な人工器官Ａ６１Ｆ２／１８；聴覚の意識の状態に変化を起こさせる方法または装置Ａ６１Ｍ２１／００；聴覚系に電気的刺激を加える電気治療，またはそのための回路Ａ６１Ｎ１／３６；聴覚系への光刺激を用いる放射線治療Ａ６１Ｎ５／０６；電気音響補聴器Ｈ０４Ｒ２５／００）；非電気的な補聴器；耳科患者が聴覚以外の生理学的感覚により聴覚知覚を達成できるようにする方法または装置；身体に装着するかまたは手に持つ耳の保護装置（頭部に着用するもの，例．キャップまたはヘルメット，であって耳を保護するための手段を有するものＡ４２Ｂ１／０１８８，Ａ４２Ｂ３／１６）［２０２２．０１］
2026.01,タイトル変更,A61F 11/01,A61F 11/01,・・・膨脹可能または伸脹可能なもの［５］,・・・膨脹可能または伸張可能なもの［２００６．０１］
2026.01,タイトル変更,A61F 13/02 A,A61F 13/02 A,チューブ固定用；注射針跡用（カテーテル，輸液針固定用等）,包装
2026.01,タイトル変更,A61F 13/02 D,A61F 13/02 D,検査用（例．アレルギー検査）,製造方法または装置
2026.01,タイトル変更,A61F 13/02 F,A61F 13/02 F,個別包装（多数の個別包装品のパッケージは，Ｂ６５Ｄ）,外観（形状を含む）に特徴を有するもの（他の分類が優先）
2026.01,タイトル変更,A61F 13/02 K,A61F 13/02 K,連接；連綴した粘着製品（Ａ，Ｄが優先）（例．救急用ばんそうこうをミシン目を介して多数連らねたもの）,・織物または編物からなるもの
2026.01,タイトル変更,A61F 13/02 Z,A61F 13/02 Z,その他のもの,その他
2026.01,タイトル変更,A61F 13/0203,A61F 13/0203,・・体液を保持する部材を有するもの［２０２４．０１］,・・吸収性部材を有するもの
2026.01,タイトル変更,A61F 13/04,A61F 13/04,・ギブス包帯；その他の硬直包帯（Ａ６１Ｆ１３／０６～Ａ６１Ｆ１３／１５が優先；硬直包帯からできた整形外科用ギブスＡ６１Ｆ５／０１）,・ギプス包帯またはその他の硬直包帯（Ａ６１Ｆ１３／０６～Ａ６１Ｆ１３／１５が優先。硬直包帯からなる整形外科用ギプスはＡ６１Ｆ５／０１。）
2026.01,タイトル変更,A61F 13/04 Z,A61F 13/04 Z,その他のもの,その他
2026.01,タイトル変更,A61F 13/06,A61F 13/06,・脚または足に特に使用されるもの；うおのめパッド；うおのめリング,・脚または足に特に適したもの，例．うおのめパッドまたはうおのめリング
2026.01,タイトル変更,A61F 13/06 A,A61F 13/06 A,包帯；サポーター,包帯またはサポーター
2026.01,タイトル変更,A61F 13/06 M,A61F 13/06 M,・シート；テープ（指に巻きつけたり挟んで使用）,・シートまたはテープ，例．指に巻きつけたり挟んで使用するもの
2026.01,タイトル変更,A61F 13/06 Q,A61F 13/06 Q,靴づれ防止当て具；うおのめパッド；うおのめリング,靴づれ防止当て具，うおのめパッドまたはうおのめリング
2026.01,タイトル変更,A61F 13/06 Z,A61F 13/06 Z,その他のもの,その他
2026.01,タイトル変更,A61F 13/08,A61F 13/08,・・弾性靴下；動脈瘤を引き締めるもの,・・弾性靴下または動脈瘤を引き締めるもの
2026.01,タイトル変更,A61F 13/01,A61F 13/01,・指，手または腕に特に適用されるもの；指サック；爪を保護するもの,・指，手または腕に特に適したもの，例．指サックまたは爪を保護するもの
2026.01,タイトル変更,A61F 13/01 A,A61F 13/01 A,手用ドレッシング,手用
2026.01,タイトル変更,A61F 13/01 D,A61F 13/01 D,・指袋；筒状包帯,・指袋または筒状包帯
2026.01,タイトル変更,A61F 13/01 J,A61F 13/01 J,・特殊目的に使用されるもの（工場作業，食品取り扱い等）,・特殊目的に使用されるもの，例．工場作業または食品取り扱い等
2026.01,タイトル変更,A61F 13/01 S,A61F 13/01 S,腕用ドレッシング,腕用
2026.01,タイトル変更,A61F 13/01 W,A61F 13/01 W,指保護装置（例．刃先から指を守る器具）,指保護装置，例．刃先から指を守る器具
2026.01,タイトル変更,A61F 13/01 Z,A61F 13/01 Z,その他のもの,その他
2026.01,タイトル変更,A61F 13/12,A61F 13/12,・頭または首に特に適用されるもの,・頭または首に特に適したもの
2026.01,タイトル変更,A61F 13/14,A61F 13/14,・胸部または腹部に特に適用されるもの（胸部または腹部を支持するためのコルセットまたは包帯Ａ６１Ｆ５／０３）,・胸部または腹部に特に適したもの（胸部または腹部を支持するためのコルセットまたは包帯Ａ６１Ｆ５／０３）
2026.01,タイトル変更,A61F 13/14 A,A61F 13/14 A,胸；肩；背用,胸，肩または背用
2026.01,タイトル変更,A61F 13/14 C,A61F 13/14 C,腰用（妊婦帯；コルセットはＡ４１Ｃ１／０８）,腰用，例．妊婦帯．（コルセットはＡ４１Ｃ１／０８）
2026.01,タイトル変更,A61F 13/14 Z,A61F 13/14 Z,その他のもの,その他
2026.01,タイトル変更,A61F 13/56 213,A61F 13/56 213,・・・・・２組以上の止め具をもつもの,・・・・・２組以上の止め具を有するもの
2026.01,タイトル変更,A61H 23/02 340,A61H 23/02 340,・・・特殊な振動形態，例・音響，うなり，針圧，狭圧によるもの,・・・特殊な振動形態，例・音響，うなり，針圧，挟圧によるもの
2026.01,タイトル変更,A61J 3/07,A61J 3/07,・カプセルまたは同様な径口用の小容器の形状にするもの,・カプセルまたは同様な経口用の小容器の形状にするもの［２００６．０１］
2026.01,タイトル変更,A61K 31/192,A61K 31/192,・・・芳香族基を持つもの，例．スリンダク，２－アリール－プロビオン酸，エタクリン酸［７］,・・・芳香族基を持つもの，例．スリンダク，２－アリール－プロピオン酸，エタクリン酸［２００６．０１］
2026.01,タイトル変更,A61K 31/4748,A61K 31/4748,・・・・・架橋環系の部分を楕成するもの（ストリキニンＡ６１Ｋ３１／４７５；モルフィナン誘導体Ａ６１Ｋ３１／４８５）［７］,・・・・・架橋環系の部分を構成するもの（ストリキニンＡ６１Ｋ３１／４７５；モルフィナン誘導体Ａ６１Ｋ３１／４８５）［２００６．０１］
2026.01,タイトル変更,A61K 31/5415,A61K 31/5415,・・・・炭素環系とオルソ又はペリ縮合したもの，例．フェノチアジン，クロルプロマジン，ピロキシ力ム［７］,・・・・炭素環系とオルソ又はペリ縮合したもの，例．フェノチアジン，クロルプロマジン，ピロキシカム［２００６．０１］
2026.01,タイトル変更,A61K 31/593,A61K 31/593,・・９，１０－セココレスタン誘導体，例．コレカルシフロ一ル，すなわちビタミンＤ↓３［７］,・・９，１０－セココレスタン誘導体，例．コレカルシフェロール，すなわちビタミンＤ↓３［２００６．０１］
2026.01,タイトル変更,A61K 31/6615,A61K 31/6615,・・・２またはそれ以上のエステル化されたリン酸基を持つ化合物，例．イノシトールトリホスフエ一ト，フィチン酸［７］,・・・２またはそれ以上のエステル化されたリン酸基を持つ化合物，例．イノシトールトリホスフェート，フィチン酸［２００６．０１］
2026.01,タイトル変更,A61K 31/715,A61K 31/715,・・多糖類，すなわちグリコシド結合により互いに結合された６個以上の糖類基を持つもの，及びその誘導体，例．エ一テル，エステル［２］,・・多糖類，すなわちグリコシド結合により互いに結合された６個以上の糖類基を持つもの，及びその誘導体，例．エーテル，エステル［２００６．０１］
2026.01,タイトル変更,A61K 31/727,A61K 31/727,・・・・へパリン；へパラン［７］,・・・・へパリン；ヘパラン［２００６．０１］
2026.01,タイトル変更,A61K 39/225,A61K 39/225,・・・豚仕染性胃腸炎ウイルス［３］,・・・豚伝染性胃腸炎ウィルス［２００６．０１］
2026.01,タイトル変更,A61K 47/55,A61K 47/55,・・・・修飾剤が薬理学的または治療的に活性剤でもあるもの，すなわち，結合体の全部がコドラッグであるもの，すなわち，薬理学的または治療的に活性な化合物の二量体，オリゴマーまたはポリマー［２０１７．０１］,・・・・修飾剤が薬理学的または治療的に活性剤でもあるもの，すなわち，結合体の全部がコドラッグであるもの［２０１７．０１］
2026.01,タイトル変更,A61L 2/00,A61L 2/00,食料品またはコンタクトレンズ以外の材料またはものを消毒または殺菌するための方法または装置；その付属品（消毒剤の噴霧器Ａ６１Ｍ；包装に関連する包装体または包装される内容物の殺菌Ｂ６５Ｂ５５／００；水，廃水，下水または汚泥の処理Ｃ０２Ｆ；消毒紙Ｄ２１Ｈ２１／３６；水洗便所の消毒装置Ｅ０３Ｄ；消毒設備をもつ物品は，それらの物品に関連するサブクラス，例．Ｈ０４Ｒ１／１２，を参照）［３，５，７］,材料または物の消毒または殺菌一般；その付属品［２００６．０１］
2026.01,タイトル変更,A61L 2/02,A61L 2/02,・物理現象を利用するもの［３］,・物理過程を利用するもの［２０２６．０１］
2026.01,タイトル変更,A61L 2/03,A61L 2/03,・・電流，例．電気分解［７］,・・電流［２０２６．０１］
2026.01,タイトル変更,A61L 2/01,A61L 2/01,・・・紫外線照射［３］,・・・紫外線［ＵＶ］照射［２０２６．０１］
2026.01,タイトル変更,A61L 2/14,A61L 2/14,・・プラズマ，すちわち，イオン化したガス［３］,・・プラズマ，すなわち，イオン化したガス［２００６．０１］
2026.01,タイトル変更,A61L 2/22,A61L 2/22,・・相物質，例．煙，エアゾール［３］,・・相物質，例．煙またはエアゾール［２００６．０１］
2026.01,タイトル変更,A61L 2/23,A61L 2/23,・・固体物質，例．顆粒，パウダー，塊，錠剤［７］,・・固体物質，例．顆粒，粉末，塊またはタブレット［２００６．０１］
2026.01,タイトル変更,A61L 2/26,A61L 2/26,・付属具［３］,・付属品［２００６．０１］
2026.01,タイトル変更,A61L 2/28,A61L 2/28,・・殺菌の効果または完全性をテストするための装置，例．色が変化するインジケーター（酵素または微生物を含む装置Ｃ１２Ｍ１／３４）［７］,・・殺菌または消毒の効果または完全性をテストするための装置，例．色が変化するインジケーター［２００６．０１］
2026.01,タイトル変更,A61M 29/00,A61M 29/00,媒体，例．薬剤，を導入する手段を有するまたは有しない拡張器（ステントＡ６１Ｆ２／８２）［２］,媒体，例．薬剤，を導入する手段を有するまたは有しない拡張器［２００６．０１］
2026.01,タイトル変更,A61P 7/08,A61P 7/08,・代用血しょう；潅流液；透折剤；血液透析剤；電解質および酸―塩基による病気の治療剤，例．循環血液量減少性ショック（人工涙Ａ６１Ｐ２７／０４）［７］,・代用血しょう；潅流液；透析剤；血液透析剤；電解質および酸―塩基による病気の治療剤，例．循環血液量減少性ショック（人工涙Ａ６１Ｐ２７／０４）［２００６．０１］
2026.01,タイトル変更,A62B 5/00 C,A62B 5/00 C,建物用避難装置（格納器の蓋体、施旋手段）,建物用避難装置（格納器の蓋体、施錠手段）
2026.01,タイトル変更,A63B 1/00 E,A63B 1/00 E,棒をしつかり取り付けるための安全装置,棒をしっかり取り付けるための安全装置
2026.01,タイトル変更,A63F 1/00,A63F 1/00,カード・ゲーム（２次元以上の表示ができるディスプレイを用いた電子ゲームに関するものＡ６３Ｆ１３／００）［１，７］,カードゲーム［２００６．０１］
2026.01,タイトル変更,A63F 1/02,A63F 1/02,・カード；特殊形状のカード（カード印刷方法Ｂ４１Ｋ，Ｂ４１Ｍ）,・カード；特殊形状のカード［２００６．０１］
2026.01,タイトル変更,A63F 1/18,A63F 1/18,・・得点の計算器及び記録装置；指示装置（Ａ６３Ｆ１／１６が優先；時間試験器機Ｇ０７Ｃ）,・・得点の計算器及び記録装置；指示装置（Ａ６３Ｆ１／１６が優先）［２００６．０１］
2026.01,タイトル変更,A63F 3/00,A63F 3/00,盤上ゲーム；富くじゲーム（遊戯者の動作によって動かされた形象に特徴のある，競争ゲーム，交通ゲーム，または障害物ゲームＡ６３Ｆ９／１４；２次元以上の表示ができるディスプレイを用いた電子ゲームに関するものＡ６３Ｆ１３／００）［１，７］,盤上ゲーム；富くじゲーム［２００６．０１］
2026.01,タイトル変更,A63F 3/02 511 F,A63F 3/02 511 F,・正方形以の目であるもの,・正方形以外の目であるもの
2026.01,タイトル変更,A63F 3/04 501 A,A63F 3/04 501 A,経路がうずきま形であるもの,経路がうずまき形であるもの
2026.01,タイトル変更,A63F 5/00,A63F 5/00,ルーレットゲーム（２次元以上の表示ができるディスプレイを用いた電子ゲームに関するものＡ６３Ｆ１３／００）［１，７］,ルーレットゲーム［２００６．０１］
2026.01,タイトル変更,A63F 7/00,A63F 7/00,小遊技動体たとえば，ボール，円盤，ブロックを用いる室内用ゲーム（盤上ゲーム，富くじゲームＡ６３Ｆ３／００；ルーレットゲームＡ６３Ｆ５／００；２次元以上の表示ができるディスプレイを用いた電子ゲームに関するものＡ６３Ｆ１３／００；小型ボーリングゲームＡ６３Ｄ３／００，パゲティルまたはそれに類似するゲームＡ６３Ｄ１３／００，玉突き，ポケット玉突きＡ６３Ｄ１５／００）［１，７］,小遊技動体たとえば，ボール，円盤またはブロックを用いる室内用ゲーム（盤上ゲームまたは富くじゲームＡ６３Ｆ３／００；ルーレットゲームＡ６３Ｆ５／００；小型ボーリングゲームＡ６３Ｄ３／００，パゲティルまたはそれに類似するゲームＡ６３Ｄ１３／００；玉突きまたはポケット玉突きＡ６３Ｄ１５／００）［２００６．０１］
2026.01,タイトル変更,A63F 7/06,A63F 7/06,・戸外ボールゲームの模擬ゲーム，例．ホッケイ（人体の体力に有益なものＡ６３Ｂ６７／００）,・戸外ボールゲームの模擬ゲーム，例．ホッケイ（戸外スポーツを模した人体に肉体的に有益な卓上ゲーム，例．ピンポン，Ａ６３Ｂ　６７／０４）［２００６．０１］
2026.01,タイトル変更,A63F 7/24,A63F 7/24,・・小遊技体の発射または押出しを遊技者が操作する装置（卓上玉ころがし，小型ボーリングまたはボーリングゲームに関するこれらの装置，Ａ６３Ｄ３／０２，バゲティルまたは玉突きに関するものＡ６３Ｄ１３／００，Ａ６３Ｄ１５／００）［３］,・・小遊技体の発射または押出しを遊技者が操作する装置（卓上玉ころがし，小型ボーリングまたはボーリングゲームに関するこれらの装置，Ａ６３Ｄ３／０２；玉突き用のキュー　Ａ６３Ｄ１５／０８）［２００６．０１］
2026.01,タイトル変更,A63F 9/00,A63F 9/00,他に分類されないゲーム（２次元以上の表示ができるディスプレイを用いた電子ゲーム関するものＡ６３Ｆ１３／００）［２００６．０１］,他に分類されないゲーム［２００６．０１］
2026.01,タイトル変更,A63F 9/02,A63F 9/02,・射出または投てきゲーム（スポーツ用，あるいはレクリエーション用の投てき用具Ａ６３Ｂ６５／００；発射または投石器玩具それ自体Ａ６３Ｈ３３／１８；標的，射撃場，弾丸受けＦ４１Ｊ）［２００６．０１］,・射出または投てきゲーム［２００６．０１］
2026.01,タイトル変更,A63F 9/04,A63F 9/04,・さいころ（さいころ表示をするこまＡ６３Ｆ５／０４）；さいころ容器；機械的なさいころ投出装置［２００６．０１］,・さいころ；さいころ容器；機械的なさいころ投出装置［２００６．０１］
2026.01,タイトル変更,A63F 9/06,A63F 9/06,・ひとり遊びトランプ；その他のひとり遊びゲーム（小容器内で振り回すボールゲームＡ６３Ｆ７／０４）［２００６．０１］,・ひとり遊びトランプ；その他のひとり遊びゲーム［２００６．０１］
2026.01,タイトル変更,A63F 9/14,A63F 9/14,・遊戯者の動作によって動かされ形象に特徴のある，競争ゲーム，交通ゲーム，または障害物ゲーム（さいころを用いるゲームＡ６３Ｆ３／００）［２００６．０１］,・遊戯者の動作によって動かされる形象に特徴のある，競争ゲーム，交通ゲームまたは障害物ゲーム［２００６．０１］
2026.01,タイトル変更,A63F 13/213,A63F 13/213,・・・光検知手段からなるもの，例．カメラ，フォトダイオードまたは赤外線セル（Ａ６３Ｆ１３／２１９，Ａ６３Ｆ１３／６５５が優先）［２０１４．０１］,・・・光検知手段からなるもの，例．カメラ，フォトダイオードまたは赤外線セル（Ａ６３Ｆ１３／２１９が優先）［２０１４．０１］
2026.01,タイトル変更,A63F 13/28,A63F 13/28,・・周囲の状態に影響を与えるためにゲーム装置から制御信号を受け取るもの，例．プレイヤーの座席を振動させるもの，匂い放出装置を起動するものまたは温度または光に影響を与えるもの（ゲームの進行に基づく出力信号の制御Ａ６３Ｆ１３／５０）［２０１４．０１］,・・周囲の状態に影響を与えるためにゲーム装置から受け取った制御信号に応じるもの，例．プレイヤーの座席を振動させるもの，匂い放出装置を起動するものまたは温度または光に影響を与えるもの［２０１４．０１］
2026.01,タイトル変更,A63F 13/5378,A63F 13/5378,・・・・平面図を追加的に表示するもの，例．レーダー画面またはマップ（同時に２以上の仮想カメラを使うものＡ６３Ｆ１３／５２５２）［２０１４．０１］,・・・・平面図を追加的に表示するもの，例．レーダー画面またはマップ［２０１４．０１］
2026.01,タイトル変更,A63F 13/798,A63F 13/798,・・・スキルを評価するものまたはプレイヤーをランク付けるもの，例．殿堂を作るもの（ゲームスコアの演算：Ａ６３Ｆ１３／４６）［２０１４．０１］,・・・スキルを評価するものまたはプレイヤーをランク付けるもの，例．殿堂を作るもの［２０１４．０１］
2026.01,タイトル変更,A63F 13/833,A63F 13/833,・・格闘技，例．武術大会（Ａ６３Ｆ１３／８３７が優先）［２０１４．０１］,・・格闘技，例．武術大会［２０１４．０１］
2026.01,タイトル変更,A63G 31/12,A63G 31/12,・・膨脹および移動可能な基礎構造を有するもの（ふくらむ弾性体への弁の取付けＢ６０Ｃ２９／００）,・・膨脹および移動可能な基礎構造を有するもの［２００６．０１］
2026.01,タイトル変更,A63H 17/26 D,A63H 17/26 D,その他の走行玩具に設けられた操従装置,その他の走行玩具に設けられた操縦装置
2026.01,タイトル変更,A63H 19/00,A63H 19/00,鉄道模形（乗物と軌道間の特殊な相互作用により走行するものＡ６３Ｈ１８／００）,鉄道模型（乗物と軌道間の特殊な相互作用により走行するものＡ６３Ｈ１８／００）［２００６．０１］
2026.01,タイトル変更,A63H 19/16,A63H 19/16,・鉄道模形乗物のための部品,・鉄道模型乗物のための部品［２００６．０１］
2026.01,タイトル変更,A63H 19/36,A63H 19/36,・鉄道模形の構造，例．容器内または板金上の数個の装置または玩具の目的のための背景と結合したもの,・鉄道模型の構造，例．容器内または板金上の数個の装置または玩具の目的のための背景と結合したもの［２００６．０１］
2026.01,タイトル変更,A63H 33/16,A63H 33/16,・折り紙によって作られた模形,・折り紙によって作られた模型［２００６．０１］
2026.01,タイトル変更,A63H 33/16 A,A63H 33/16 A,紙で組立てられた模形,紙で組立てられた模型
2026.01,タイトル変更,A63H 33/42,A63H 33/42,・他に分類されない模形玩具または背景玩具,・他に分類されない模型玩具または背景玩具［２００６．０１］
2026.01,タイトル変更,B01D 15/00 101 A,B01D 15/00 101 A,凝似移動床,擬似移動床
2026.01,タイトル変更,B01D 25/00,B01D 25/00,複数のろ過体またはその種のろ過体からなるろ過要素をいくつか締結して構成したろ過機,複数のろ過体またはその種のろ過体からなるろ過要素をいくつか締結して構成したろ過機（円盤ろ過機Ｂ０１Ｄ２９／３９）［５］
2026.01,タイトル変更,B01D 25/02,B01D 25/02,・ろ過体があらかじめ独立して作られたろ過ユニットであるところのもの,・ろ過体があらかじめ独立して作られたろ過ユニットであるところのもの，例．モジュールシステム
2026.01,タイトル変更,B01D 27/00,B01D 27/00,カートリッジろ過機,使い捨て型のカートリッジろ過機［５］
2026.01,タイトル変更,B01D 27/06,B01D 27/06,・・折り目または波形を有するもの,・・波形，折り畳まれたまたは巻き回された材料を有するもの
2026.01,タイトル変更,B01D 27/01,B01D 27/01,・安全装置，例．バイパス（バイパス一般３５／１４）,・安全装置，例．バイパス
2026.01,タイトル変更,B01D 29/00,B01D 29/00,ろ過操作の間静止しているろ過体を有する，その他の加圧または吸引ろ過機,ろ過操作の間静止しているろ過体を有するグループＢ０１Ｄ２４／００～Ｂ０１Ｄ２７／００に包含されないろ過機，例．加圧または吸引ろ過機；そのためのろ過体
2026.01,タイトル変更,B01D 29/46,B01D 29/46,・・平担なものを積み重ねたろ過体,・・平坦なものを積み重ねたろ過体［４］
2026.01,タイトル変更,B01D 33/00,B01D 33/00,ろ過操作中運動するろ過体を有するろ過機（遠心ろ過機Ｂ０４Ｂ）,ろ過操作中運動するろ過体を有するろ過機（ろ過操作中運動または流動する不定形粒子を用いるろ過機Ｂ０１Ｄ２４／２８～Ｂ０１Ｄ２４／３６；遠心分離機Ｂ０４Ｂ）［５］
2026.01,タイトル変更,B01D 33/04,B01D 33/04,・・非ろ過円筒上に支持されているろ過帯またはその類似物を有するもの,・・ろ過のため浸透しない円筒上に支持されたろ過帯または類似物を有するもの［５］
2026.01,タイトル変更,B01D 33/06,B01D 33/06,・・円筒状ろ過表面を有するもの，例．中空ドラム,・回転する円筒状ろ過表面を有するもの，例．中空ドラム（Ｂ０１Ｄ３３／０４４が優先）
2026.01,タイトル変更,B01D 35/00,B01D 35/00,その他のろ過装置；ろ過操作のための付属装置（ろ過材３９／００；気体をろ過するために用いられる特殊な装置４６／００）,グループＢ０１Ｄ２４／００～Ｂ０１Ｄ３３／００に明確には包含されない特徴を有するろ過装置またはグループＢ０１Ｄ２４／００～Ｂ０１Ｄ３３／００に明確には包含されない応用のためのろ過装置；ろ過操作のための付属装置；ろ過装置のハウジング構造
2026.01,タイトル変更,B01D 35/02,B01D 35/02,・特殊な場所に設置するために適合したろ過機，例．パイプライン，ポンプ，ストップコック,・特殊な場所に設置するために適合したろ過機，例．パイプライン，ポンプ，ストップコック（Ｂ０１Ｄ３５／０５が優先）
2026.01,タイトル変更,B01D 35/12,B01D 35/12,・多数ユニットからなるろ過機の１つ以上のユニットの運転を休止させる装置，例．再生のための取り替え,・多数ユニットからなるろ過機の１つ以上のユニットの運転を休止させる装置，例．再生のため
2026.01,タイトル変更,B01D 35/14,B01D 35/14,・ろ過に特に適した安全装置（火災または爆発の防止Ａ６２Ｃ）；閉塞指示装置,・ろ過に特に適した安全装置；閉塞指示装置（使い捨てろ過機に組み入れるものＢ０１Ｄ２７／１０）
2026.01,タイトル変更,B01D 35/02,B01D 35/02,・ろ過装置の振動,・ろ過装置の振動（静止しているろ過体を有するろ過機における振動によるろ過材の再生Ｂ０１Ｄ２９／７２；運動するろ過体を有するろ過機における振動によるろ過ケーキの排出Ｂ０１Ｄ３３／５４，Ｂ０１Ｄ３３／７６）［５］
2026.01,タイトル変更,B01J 25/00 M,B01J 25/00 M,有機合成用及び排ガス浄用化用以外の用途の触媒,有機合成用及び排ガス浄化用以外の用途の触媒
2026.01,タイトル変更,B04B 5/02,B04B 5/02,・いくつかの容器の間にある軸の囲りに回転する複数個の分離容器からなる遠心分離機,・いくつかの容器の間にある軸の周りに回転する複数個の分離容器からなる遠心分離機［２００６．０１］
2026.01,タイトル変更,B06B 3/00,B06B 3/00,振動数が亜音波，音波，超音波級の機械的振動を伝達させる方法または装置,振動数が亜音波，音波，超音波級の機械的振動を伝達させるのに特に適合した方法または装置［２００６．０１］
2026.01,タイトル変更,B21D 28/26,B21D 28/26,・・板または平担な部分の穴抜き,・・板または平坦な部分の穴抜き［２００６．０１］
2026.01,タイトル変更,B21D 31/00,B21D 31/00,金属板，金属管，金属プロフィルの加工のための他の方法（圧延により管の片面をら施状に変形することＢ２１Ｈ３／００；アプセット加工Ｂ２１Ｊ５／０８；装飾またはマークをエンボス加工するＢ４４Ｂ５／００）,金属板，金属管，金属プロフィルの加工のための他の方法（圧延により管の片面をら旋状に変形することＢ２１Ｈ３／００；アプセット加工Ｂ２１Ｊ５／０８；装飾またはマークをエンボス加工するＢ４４Ｂ５／００）［２００６．０１］
2026.01,タイトル変更,B21D 43/01 D,B21D 43/01 D,施回型,旋回型
2026.01,タイトル変更,B21F 3/08,B21F 3/08,・平担なスパイラル状に,・平坦なスパイラル状に
2026.01,タイトル変更,B21F 5/00,B21F 5/00,線材の据込加工（くぎまたはピンの製造におけるものＢ２１Ｇ３／１２）,線材の据込加工［２００６．０１］
2026.01,タイトル変更,B21F 9/00,B21F 9/00,線材のストレイニング（コンクリート用のプレストレッシングワイヤのストレイニングＥ０４Ｇ２１／１２；ストレイニング用として適する接合物または付属物Ｆ１６Ｇ１１／００）,線材のストレイニング［２００６．０１］
2026.01,タイトル変更,B21F 11/00,B21F 11/00,線材の切断加工（手持金属せん断または切断装置Ｂ２３Ｄ２９／００；隣接接触する２つのジョーをもつ手持切断工具Ｂ２６Ｂ１７／００）,線材の切断加工［２００６．０１］
2026.01,タイトル変更,B21F 15/00,B21F 15/00,線材と線材または線材と他の金属材料または物品との接合；線材による部品の接合（ストレイニングおよび接合用の工具Ｂ２１Ｆ９／００；包被または補強Ｂ２１Ｆ１７／００；金網の製造Ｂ２１Ｆ２７／００；バンドの製造Ｂ２１Ｆ４３／００）,線材と線材または線材と他の金属材料または物品との接合；線材による部品の接合（ストレイニングおよび接合両方用の工具Ｂ２１Ｆ９／０２；包被または補強Ｂ２１Ｆ１７／００；金網の製造Ｂ２１Ｆ２７／００；バンドの製造におけるものＢ２１Ｆ４３／００）［２００６．０１］
2026.01,タイトル変更,B21F 17/00,B21F 17/00,線材による物品の包被または補強（巻取りによるものＢ６５Ｈ５４／００，Ｂ６５Ｈ８１／００；編組によるものＤ０４Ｃ）,線材による物品の包被または補強［２００６．０１］
2026.01,タイトル変更,B21F 19/00,B21F 19/00,線材の金属被覆（押出しによるものＢ２１Ｃ２３／２４；ハンダ付けまたは溶接技術によるもの，例．クラッドまたは被せ金Ｂ２３Ｋ；その他の非機械的手段によるものＣ２３；電気メッキＣ２５Ｄ）,線材の金属被覆（押出しによるものＢ２１Ｃ２３／２４；ハンダ付けまたは溶接技術によるもの，例．クラッドまたは被せ金，Ｂ２３Ｋ）［２００６．０１］
2026.01,タイトル変更,B21F 23/00,B21F 23/00,線材加工機械または装置への線材の供給（棒または帯の供給にも適用の可能なものＢ２１Ｄ４３／００）,線材加工機械または装置への線材の供給［２００６．０１］
2026.01,タイトル変更,B21F 27/00,B21F 27/00,線材網織物の製造，例．金網（メッシュ―リング網Ｂ２１Ｆ３１／００；バンドの製造におけるものＢ２１Ｆ４３／００；織機の使用Ｄ０３Ｄ）,線材網織物の製造，例．金網（線材からのメッシュ―リング網の製造Ｂ２１Ｆ３１／００；バンドの製造におけるものＢ２１Ｆ４３／００）［２００６．０１］
2026.01,タイトル変更,B21F 29/00,B21F 29/00,部分的に線材で造っている柵または類似の材料の製造（Ｂ２１Ｆ２５／００，Ｂ２１Ｆ２７／００が優先）［２］,部分的に線材で造っている柵または類似の材料の製造（Ｂ２１Ｆ２５／００が優先）［２００６．０１］
2026.01,タイトル変更,B21F 35/00,B21F 35/00,線材からのばねの製造（線材をコイル状化することによるものＢ２１Ｆ３／００；弾性リングの製造Ｂ２１Ｆ３７／０２）,線材からのばねの製造［２００６．０１］
2026.01,タイトル変更,B21F 35/04,B21F 35/04,・平担なばねの製造，例．わん曲ばね,・平坦なばねの製造，例．わん曲ばね［２００６．０１］
2026.01,タイトル変更,B21F 37/00,B21F 37/00,線材からのリングの製造（チェーンの製造Ｂ２１Ｌ；タイヤのビードリングまたはビードコアの製造Ｂ２９Ｄ３０／４８）,線材からのリングの製造［２００６．０１］
2026.01,タイトル変更,B21F 43/00,B21F 43/00,線材からバンドの製造，例．腕輪（チェーンの製造Ｂ２１Ｌ；織機を用いるものＤ０３Ｄ）,線材からバンドの製造，例．腕輪［２００６．０１］
2026.01,タイトル変更,B21H 3/00,B21H 3/00,ら旋体またはら旋形部分を有する物体の製造（はすば歯車Ｂ２１Ｈ５／００；ストリップまたはそれと類似のものをら旋形に曲げるものＢ２１Ｄ１１／０６；管または管壁のら施形状化Ｂ２１Ｄ１１／０６，Ｂ２１Ｄ１５／０４）,ら旋体またはら旋形部分を有する物体の製造（はすば歯車Ｂ２１Ｈ５／００；ストリップまたはそれと類似のものをら旋形に曲げるものＢ２１Ｄ１１／０６；管または管壁のら旋形状化Ｂ２１Ｄ１１／０６，Ｂ２１Ｄ１５／０４）［２００６．０１］
2026.01,タイトル変更,B22D 11/01 330 N,B22D 11/01 330 N,・施回式交換,・旋回式交換
2026.01,タイトル変更,B23B 37/00,B23B 37/00,超音波の周波数による振動を利用した中ぐり（研削工具または研磨媒体に振動を行なわせることによる材料の加工，例．起音波周波数による研削，Ｂ２４Ｂ１／０４）,超音波の周波数による振動を利用した中ぐり（研削工具または研磨媒体に振動を行なわせることによる材料の加工，例．超音波周波数による研削，Ｂ２４Ｂ１／０４）［２００６．０１］
2026.01,タイトル変更,B23B 39/00 B,B23B 39/00 B,・工具刃先の補正〔ヘツド内部の特微→２９／０３４〕,・工具刃先の補正〔ヘツド内部の特徴→２９／０３４〕
2026.01,タイトル変更,B23B 43/02,B23B 43/02,・施盤の心押台に取りつけ可能のもの,・旋盤の心押台に取りつけ可能のもの［２００６．０１］
2026.01,タイトル変更,B23B 47/00 C,B23B 47/00 C,安全装置〔作業者のためのもの；送りの安全器置→４７／２４；チツヤクの安全装置→３１／３８；工作機械一般用→Ｂ２３Ｑ１１／００〕,安全装置〔作業者のためのもの；送りの安全器置→４７／２４；チャックの安全装置→３１／３８；工作機械一般用→Ｂ２３Ｑ１１／００〕
2026.01,タイトル変更,B23D 25/00 B,B23D 25/00 B,切断線に直角の軸のまわりを固転する切断刃によるもの,切断線に直角の軸のまわりを回転する切断刃によるもの
2026.01,タイトル変更,B23D 69/00,B23D 69/00,特別の部品の構造にのみ特徴を有する仕上げまたは荒やすり掛け盤またはその装置，例．案内装置，伝動装置（これらの部品の構造上の特徴それ自体Ｂ２３Ｑ；作動に持別の関連をもたない可搬型動力駆動工具の細部または要素，例．ケーシング，要素Ｂ２５Ｆ５／００）；仕上げまたは荒やすり掛け用付属品（工具に取付けられるものＢ２３Ｄ７１／１０）［４］,特別の部品の構造にのみ特徴を有する仕上げまたは荒やすり掛け盤またはその装置，例．案内装置，伝動装置（これらの部品の構造上の特徴それ自体Ｂ２３Ｑ；作動に特別の関連をもたない可搬型動力駆動工具の細部または要素，例．ケーシング，要素Ｂ２５Ｆ５／００）；仕上げまたは荒やすり掛け用付属品（工具に取付けられるものＢ２３Ｄ７１／１０）［２００６．０１］
2026.01,タイトル変更,B23D 79/00 A,B23D 79/00 A,バリ取り，面取り〔他に分類されないもの〕〔プラスチツクのバリ取り→Ｂ２９Ｃ３７；砥石によるバリ取り→Ｂ２４Ｂ９；砥粒吹付けによるバリ取り→Ｂ２４Ｃ；電解バリ取り→Ｂ２３Ｈ９／０２；回転工具によるバリ取り→Ｂ２３Ｃ３／１２Ｂ；高圧ジエツトによるバリ取り→Ｂ２６Ｆ；鋳物のバり取り→Ｂ２２Ｄ３１／００〕,バリ取り，面取り〔他に分類されないもの〕〔プラスチツクのバリ取り→Ｂ２９Ｃ３７；砥石によるバリ取り→Ｂ２４Ｂ９；砥粒吹付けによるバリ取り→Ｂ２４Ｃ；電解バリ取り→Ｂ２３Ｈ９／０２；回転工具によるバリ取り→Ｂ２３Ｃ３／１２Ｂ；高圧ジエツトによるバリ取り→Ｂ２６Ｆ；鋳物のバリ取り→Ｂ２２Ｄ３１／００〕
2026.01,タイトル変更,B23K 1/00,B23K 1/00,ハンダ付，例．ロー付，またはハンダ離脱（Ｂ２３Ｋ３／００が優先；特殊な材料，媒剤の使用によってのみ特徴づけられるものＢ２３Ｋ３５／００；プリント回路製作における浸漬または噴流式ハンダ付Ｈ０５Ｋ３／３４）［５］,ハンダ付，例．ロー付，またはハンダ離脱（Ｂ２３Ｋ３／００が優先）［２００６．０１］
2026.01,タイトル変更,B23K 1/14,B23K 1/14,・継目のハンダ付に特に適したもの（ハンダ付以外の操作を含む管の製造Ｂ２１Ｃ）［５］,・継目のハンダ付に特に適したもの［２００６．０１］
2026.01,タイトル変更,B23K 1/02,B23K 1/02,・ハンダ付物品又はハンダ付部の予備処理，例．電解被覆に関するもの（特殊な方法での表面の調整は，処理又は処理される物のための適切なクラス，例．Ｃ０４Ｂ，Ｃ２３Ｃ，参照）,・ハンダ付物品又はハンダ付部の予備処理，例．電解被覆に関するもの［２００６．０１］
2026.01,タイトル変更,B23K 3/00,B23K 3/00,特殊な用途に適合したものではないハンダ付け，例．ロー付，またはハンダ離脱のための工具，装置または冶具（ハンダ付用材料Ｂ２３Ｋ３５／００）［５］,特殊な用途に適合したものではないハンダ付け，例．ロー付，またはハンダ離脱のための工具，装置または冶具［２００６．０１］
2026.01,タイトル変更,B23K 3/04,B23K 3/04,・加熱装置（ハンダ付ランプ，ガストーチＦ２３Ｄ；電気加熱一般Ｈ０５Ｂ）,・加熱装置［２００６．０１］
2026.01,タイトル変更,B23K 3/08,B23K 3/08,・そのための補助装置（パイプまたはチューブの清掃またはパイプまたはチューブ系統の清掃，例．ハンダ付前のもの，Ｂ０８Ｂ９／０２）［５］,・そのための補助装置［２００６．０１］
2026.01,タイトル変更,B23K 5/02,B23K 5/02,・シーム溶接（溶接以外の操作を含む管の製造Ｂ２１Ｃ）,・シーム溶接［２００６．０１］
2026.01,タイトル変更,B23K 5/24,B23K 5/24,・・トーチ保持具の構成（ガス溶接に限定されないものＢ２３Ｋ３７／０２）,・・トーチ保持具の構成［２００６．０１］
2026.01,タイトル変更,B23K 7/00 C,B23K 7/00 C,特定の材料の切断〔粉未切断は除く〕,特定の材料の切断〔粉末切断は除く〕
2026.01,タイトル変更,B23K 7/01,B23K 7/01,・補助装置，例．トーチの案内，保持（他の金属加工機械に利用が可能な案内手段Ｂ２３Ｑ）,・補助装置，例．トーチの案内，保持［２００６．０１］
2026.01,タイトル変更,B23K 9/00,B23K 9/00,アーク溶接または切断（エレクトロスラグ溶接Ｂ２３Ｋ２５／００；溶接用変圧器Ｈ０１Ｆ；溶接用発電機Ｈ０２Ｋ）,アーク溶接または切断［２００６．０１］
2026.01,タイトル変更,B23K 9/038,B23K 9/038,・・モールド手段を用いるもの（アーク溶接に限定されないものＢ２３Ｋ３７／０６）［５］,・・モールド手段を用いるもの［２００６．０１］
2026.01,タイトル変更,B23K 9/06,B23K 9/06,・アークスタートのための，例．点孤電圧の発生による，またはアーク安定のための装置または回路［５］,・アークスタートのための，例．点弧電圧の発生による，またはアーク安定のための装置または回路［２００６．０１］
2026.01,タイトル変更,B23K 9/127,B23K 9/127,・・アーク溶接または切断中，加工線を追跡するための手段（倣い一般Ｂ２３Ｑ３５／００）［５］,・・アーク溶接または切断中，加工線を追跡するための手段［２００６．０１］
2026.01,タイトル変更,B23K 9/127 502 G,B23K 9/127 502 G,倣いが固難な箇所〔仮付，スカラツプ部，端部〕あるいは倣いが不能な場合に対する対〔処〕〔ア－クセンサに関するものは除く〕,倣いが困難な箇所〔仮付，スカラツプ部，端部〕あるいは倣いが不能な場合に対する対〔処〕〔ア－クセンサに関するものは除く〕
2026.01,タイトル変更,B23K 9/24,B23K 9/24,・電極に関連した特徴を有するもの（電極の形状または組成Ｂ２３Ｋ３５／００）,・電極に関連した特徴を有するもの［２００６．０１］
2026.01,タイトル変更,B23K 9/28,B23K 9/28,・・電極の保持装置（アーク溶接，アーク切断に限定されないものＢ２３Ｋ３７／０２）,・・電極の保持装置［２００６．０１］
2026.01,タイトル変更,B23K 9/32,B23K 9/32,・付属具（アース接続具Ｈ０１Ｒ）,・付属具［２００６．０１］
2026.01,タイトル変更,B23K 11/03,B23K 11/03,・電極に関して特徴のあるもの（電極の形状または組成Ｂ２３Ｋ３５／００）,・電極に関して特徴のあるもの［２００６．０１］
2026.01,タイトル変更,B23K 11/31,B23K 11/31,・・電極ホルダ（抵抗溶接または抵抗加熱による切断に限定されないものＢ２３Ｋ３７／０２）［５］,・・電極ホルダ［２００６．０１］
2026.01,タイトル変更,B23K 13/06,B23K 13/06,・雰囲気の影響に対する溶接区域のシールドを特徴とするもの（媒質の選定Ｂ２３Ｋ３５／３８）［５］,・雰囲気の影響に対する溶接区域のシールドを特徴とするもの［２００６．０１］
2026.01,タイトル変更,B23K 15/00,B23K 15/00,電子ビーム溶接または切断（電子ビームまたはイオンビーム管Ｈ０１Ｊ３７／００）,電子ビーム溶接または切断［２００６．０１］
2026.01,タイトル変更,B23K 20/00 E,B23K 20/00 E,鍜接，圧接による造管,鍛接，圧接による造管
2026.01,タイトル変更,B23K 25/00,B23K 25/00,スラグ溶接，すなわち接合される材料に接する粉末，スラグまたは類似物の加熱された層または量体を用いるもの（Ｂ２３Ｋ２３／００が優先；サブマージアーク溶接Ｂ２３Ｋ９／１８）,スラグ溶接，すなわち接合される材料に接する粉末，スラグまたは類似物の加熱された層または量体を用いるもの［２００６．０１］
2026.01,タイトル変更,B23K 26/02,B23K 26/02,・接合（放射エネルギーによるハンダ付Ｂ２３Ｋ１／００５；予備成形されたプラスチック部品の，レーザービームを用いた加熱による接合Ｂ２９Ｃ６５／１６）［７，２０１４．０１］,・接合（放射エネルギーによるハンダ付Ｂ２３Ｋ１／００５）［２０１４．０１］
2026.01,タイトル変更,B23K 26/348,B23K 26/348,・・アーク加熱との組み合わせ，例．ＴＩＧ溶接，ＭＩＧ溶接またはプラズマ溶接との組み合わせ（レーザービームを用いたアーク溶接または切断の開始Ｂ２３Ｋ９／０６７）［２０１４．０１］,・・アーク加熱との組み合わせ，例．タングステン不活性ガス［ＴＩＧ］溶接，金属不活性ガス［ＭＩＧ］溶接またはプラズマ溶接との組み合わせ［２０１４．０１］
2026.01,タイトル変更,B23K 28/00,B23K 28/00,グループＢ２３Ｋ５／００～Ｂ２３Ｋ２６／００に含まれない溶接または切断（電気分解による加工品の接合Ｃ２５Ｄ２／００；材料の電気分解による除去Ｃ２５Ｆ）［２］,グループＢ２３Ｋ５／００～Ｂ２３Ｋ２６／００に含まれない溶接または切断［２００６．０１］
2026.01,タイトル変更,B23K 31/00,B23K 31/00,このサブクラスに関連する方法であって，特殊な物品または目的のために特に適合するが，メイングループＢ２３Ｋ１／００～Ｂ２３Ｋ２８／００のいずれか一のみには包含されないもの（ハンダ付または溶接以外の他の操作を含む管の製造及び棒の加工Ｂ２１Ｃ３７／０８，Ｂ２１Ｃ３７／０４）,このサブクラスに関連する方法であって，特殊な物品または目的のために特に適合するが，メイングループＢ２３Ｋ１／００～Ｂ２３Ｋ２８／００のいずれか１つのみには包含されないもの［２００６．０１］
2026.01,タイトル変更,B23K 31/02,B23K 31/02,・ハンダ付または溶接に関連するもの（プリント回路製作における浸漬または噴流式ハンダ付Ｈ０５Ｋ３／３４）,・ハンダ付または溶接に関連するもの［２００６．０１］
2026.01,タイトル変更,B23K 35/04,B23K 35/04,・・溶接電極として用いるために特に形状が工夫されたもの（アーク溶接または切断のための点弧チップＢ２３Ｋ９／２６）,・・溶接電極として用いるために特に形状が工夫されたもの［２００６．０１］
2026.01,タイトル変更,B23K 35/36,B23K 35/36,・・非金属組成物の選定，例．被覆，フラックス（Ｂ２３Ｋ３５／３４が優先）；非金属組成物の選定に関連するハンダ付け材料または溶接材料の選定，両者の選定に関係するもの（ハンダ付け材料または溶接材料の選定Ｂ２３Ｋ３５／２４）［２］,・・非金属組成物の選定，例．被覆またはフラックス（Ｂ２３Ｋ３５／３４が優先）；非金属組成物の選定に関連するハンダ付け材料または溶接材料の選定，両者の選定に関係するもの［２００６．０１］
2026.01,タイトル変更,B23K 35/04,B23K 35/04,・ハンダ付または溶接のための線または棒の製造（単一の技術分野を含む方法は関連するサブクラス参照，例．Ｂ０５Ｄ，Ｂ２１Ｃ）,・ハンダ付または溶接のための線または棒の製造［２００６．０１］
2026.01,タイトル変更,B23K 35/04 340 D,B23K 35/04 340 D,複層，クラツドのもの〔すベての層がろう材からなるもの〕,複層，クラツドのもの〔すべての層がろう材からなるもの〕
2026.01,タイトル変更,B23K 37/00,B23K 37/00,このサブクラスの他のメイングループの１つのみによりカバーされる１つの工程に特に適合しない補助装置または方法（ハンダ付，溶接またはガス切断機以外の金属加工機械に適用しうるものＢ２３Ｑ；身体に着用したり手操作により溶接工の眼部を保護するものＡ６１Ｆ９／００；他の保護物Ｆ１６Ｐ１／０６）［２０２５．０１］,このサブクラスの他のメイングループの１つのみにより包含される１つの工程に特に適合しない補助装置または方法［２０２５．０１］
2026.01,タイトル変更,B23P 15/22,B23P 15/22,・薬夾または類似外殻,・薬莢または類似外殻［２００６．０１］
2026.01,タイトル変更,B23P 21/00 307 P,B23P 21/00 307 P,組立ライン等ヘの部品供給システム〔部品供給装置自体の構造→１９／００　３０１〕,組立ライン等への部品供給システム〔部品供給装置自体の構造→１９／００　３０１〕
2026.01,タイトル変更,B23P 23/02 A,B23P 23/02 A,施削加工と回転工具の加工を行うもの,旋削加工と回転工具の加工を行うもの
2026.01,タイトル変更,B23Q 3/06 301 H,B23Q 3/06 301 H,・・支定が駆動点と締付点との間にあるもの,・・支点が駆動点と締付点との間にあるもの
2026.01,タイトル変更,B24B 7/00,B24B 7/00,平担なガラス面の研磨を含む工作物の平面を研削するために設計された機械または装置；そのための附属装置（Ｂ２４Ｂ２１／００が優先；工作物の平面のホーニングＢ２４Ｂ３３／０５５）［４］,平坦なガラス面の研磨を含む工作物の平面を研削するために設計された機械または装置；そのための附属装置（Ｂ２４Ｂ２１／００が優先；工作物の平面のホーニングＢ２４Ｂ３３／０５５）［４］
2026.01,タイトル変更,B24C 11/00 F,B24C 11/00 F,研削目的以外の異種材料の添加，例．防請剤,研削目的以外の異種材料の添加，例．防錆剤
2026.01,タイトル変更,B25B 13/02 F,B25B 13/02 F,・角部圧漬防止用,・角部圧潰防止用
2026.01,タイトル変更,B25B 23/143,B25B 23/143,・・・設定トルクを越えたとき，工作物接触要素がハンドルの動きに関連して施回または回転するもの［４］,・・・設定トルクを越えたとき，工作物接触要素がハンドルの動きに関連して旋回または回転するもの［２００６．０１］
2026.01,タイトル変更,B25G 3/36,B25G 3/36,・重ね継手；リベット継手，ねじ継手，まねはそれらに類似した継手（受け口，こみ，または同様の設備Ｂ２５Ｇ３／０２）,・重ね継手；リベット継手，ねじ継手，またはそれらに類似した継手（受け口，こみ，または同様の設備Ｂ２５Ｇ３／０２）［２００６．０１］
2026.01,タイトル変更,B26D 7/18 F,B26D 7/18 F,打板後の切屑の分離,打抜後の切屑の分離
2026.01,タイトル変更,B27G 5/00,B27G 5/00,平担な接合端部を有する留め継ぎを加工する機械または装置,平坦な接合端部を有する留め継ぎを加工する機械または装置［２００６．０１］
2026.01,タイトル変更,B29C 33/38,B29C 33/38,・材料または製造方法に特微があるもの（Ｂ２９Ｃ３３／４４が優先）［４］,・材料または製造方法に特徴があるもの（Ｂ２９Ｃ３３／４４が優先）［２００６．０１］
2026.01,タイトル変更,B29K  27:18,B29K  27:18,・・ＰＴＦＥ，すなわちポリテトラフルオロエテン［４］,・・ＰＴＦＥ，すなわちポリテトラフルオロエチレン［２００６．０１］
2026.01,タイトル変更,B29K 227:18,B29K 227:18,・・ＰＴＦＥ，すなわちポリテトラフルオロエテン［６］,・・ＰＴＦＥ，すなわちポリテトラフルオロエチレン［２００６．０１］
2026.01,タイトル変更,B29K 427:18,B29K 427:18,・・ＰＴＦＥ，すなわちポリテトラフルオロエテン［６］,・・ＰＴＦＥ，すなわちポリテトラフルオロエチレン［２００６．０１］
2026.01,タイトル変更,B29K 627:18,B29K 627:18,・・ＰＴＦＥ，すなわちポリテトラフルオロエテン［６］,・・ＰＴＦＥ，すなわちポリテトラフルオロエチレン［２００６．０１］
2026.01,タイトル変更,B41F 1/01,B41F 1/01,・一色以上による多数部印別用，例．巻取紙上へのもの,・一色以上による多数部印刷用，例．巻取紙上へのもの［２００６．０１］
2026.01,タイトル変更,B41F 5/14,B41F 5/14,・・一つの版胴の囲りに配置されたいくつかの圧胴をもつもの,・・一つの版胴の周りに配置されたいくつかの圧胴をもつもの［２００６．０１］
2026.01,タイトル変更,B41F 13/58 464,B41F 13/58 464,・・・・・縦みしんがけ,・・・・・縦ミシンがけ
2026.01,タイトル変更,B41J 2/505 101 L,B41J 2/505 101 L,・・拡大，縮少,・・拡大，縮小
2026.01,タイトル変更,B60B 35/14 T,B60B 35/14 T,・自在縦手によるもの,・自在継手によるもの
2026.01,タイトル変更,B60B 35/14 U,B60B 35/14 U,・・等速自在縦手によるもの,・・等速自在継手によるもの
2026.01,タイトル変更,B60D 1/00,B60D 1/00,牽引連結器；ヒッチ；ドローギア；引張り装置（トラクタと農業機械または器具の連結のために特に適用される装置Ａ０１Ｂ５９／００；第５車輪連結器Ｂ６２Ｄ）［２］,牽引連結器；ヒッチ；ドローギア；引張り装置（第５車輪牽引連結器Ｂ６２Ｄ５３／０８）［２００６．０１］
2026.01,タイトル変更,B60D 1/167,B60D 1/167,・・Ｖ型，Ｙ型またはＵ型のドローギアを形成する連結式または組立て固定された棒またはチューブからなるもの（Ｂ６０Ｄ１／１７３が優先）［５］,・・Ｖ型，Ｙ型またはＵ型のドローギアを形成する連結式または組立て固定された棒またはチューブからなるもの［２００６．０１］
2026.01,タイトル変更,B60D 1/52,B60D 1/52,・・取り外しできるように取り付けるもの（Ｂ６０Ｄ１／５６が優先）［５］,・・取り外しできるように取り付けるもの［２００６．０１］
2026.01,タイトル変更,B60D 1/54,B60D 1/54,・・使用しないとき折りたためるまたは引っ込められるもの，例．人目につかないヒッチ（Ｂ６０Ｄ１／５２が優先）［５］,・・使用しないとき折りたためるまたは引っ込められるもの，例．人目につかないヒッチ［２００６．０１］
2026.01,タイトル変更,B60D 3/00,B60D 3/00,押圧促進装置（Ｂ６０Ｄ１／００が優先；車両バンパーＢ６０Ｒ１９／０２；普通に牽引さる付随車の後退用操向装置Ｂ６２Ｄ１３／０６）,押圧促進装置［２００６．０１］
2026.01,タイトル変更,B60F 3/00,B60F 3/00,水陸両用車両，すなわち地上と水上を走行できる車両；水中を走行できる陸上車両（浮揚車輪Ｂ６０Ｂ）,水陸両用車両，すなわち地上と水上を走行できる車両；水中を走行できる陸上車両［２００６．０１］
2026.01,タイトル変更,B60F 5/00,B60F 5/00,異種の媒体内または媒体上を走行できる他の車両（どちらかを使用できる滑走部と車輪とをもつ車両Ｂ６２Ｂ１３／１８；飛行艇または水上機Ｂ６４Ｃ３５／００）,異種の媒体内または媒体上を走行できる他の車両（飛行艇または水上機Ｂ６４Ｃ３５／００）［２００６．０１］
2026.01,タイトル変更,B60H 1/00,B60H 1/00,暖房，冷房または換気装置（他の空気処理を行なう暖房，冷房または換気装置，関連する他の処理，Ｂ６０Ｈ３／００；窓，ドア，屋根部分，または類似物の開放のみによる換気Ｂ６０Ｊ；車両の座席用の暖房または換気装置Ｂ６０Ｎ２／５６；車両の窓またはフロントガラスの洗浄装置，例．霜取り装置Ｂ６０Ｓ１／５４）［４］,暖房，冷房または換気装置［２００６．０１］
2026.01,タイトル変更,B60H 1/14,B60H 1/14,・・設備の冷却液でない他のものによるもの,・・設備の冷却液から以外のもの［２００６．０１］
2026.01,タイトル変更,B60H 1/22,B60H 1/22,・熱が推進設備からでなく他のものから出るもの,・熱源が推進設備以外であるもの［２００６．０１］
2026.01,タイトル変更,B60H 1/24,B60H 1/24,・換気のためのみ，または暖房または冷房に無関係な場所のための装置（ノズル，空気拡散装置Ｂ６０Ｈ１／３４）［４］,・暖房または冷房に無関係な場所のための換気装置（ノズルまたは空気拡散装置Ｂ６０Ｈ１／３４）［２００６．０１］
2026.01,タイトル変更,B60H 1/32,B60H 1/32,・冷房装置（冷凍品の輸送に適した車両Ｂ６０Ｐ３／２０）［４］,・冷房装置［２００６．０１］
2026.01,タイトル変更,B60J 1/00,B60J 1/00,窓；風防ガラス；そのための付属装置（Ｂ６０Ｊ１０／００が優先；窓に代えるエアーカーテンＢ６０Ｊ９／０４）［４，５］,窓；風防；それらのための付属品（Ｂ６０Ｊ１０／００が優先；窓に代わるエアーカーテンＢ６０Ｊ９／０４）［２００６．０１］
2026.01,タイトル変更,B60J 1/02,B60J 1/02,・車両前部に配置したもの,・車両の前部に配置されているもの［２００６．０１］
2026.01,タイトル変更,B60J 1/04,B60J 1/04,・・調整できるもの,・・調節できるもの［２００６．０１］
2026.01,タイトル変更,B60J 1/06,B60J 1/06,・・・２枚以上の窓ガラスから成るもの,・・・２枚以上の窓板からなるもの［２００６．０１］
2026.01,タイトル変更,B60J 1/08,B60J 1/08,・車両側部に配置したもの,・車両の側部に配置されているもの［２００６．０１］
2026.01,タイトル変更,B60J 1/01,B60J 1/01,・・固定したもの,・・窓板が不動のもの［２００６．０１］
2026.01,タイトル変更,B60J 1/12,B60J 1/12,・・調整できるもの,・・調節できるもの［２００６．０１］
2026.01,タイトル変更,B60J 1/14,B60J 1/14,・・・軸支または回転運動をするもの,・・・枢動又は回転運動をするもの［２００６．０１］
2026.01,タイトル変更,B60J 1/16,B60J 1/16,・・・しゅう動するもの,・・・摺動するもの［２００６．０１］
2026.01,タイトル変更,B60J 1/17,B60J 1/17,・・・・垂直にしゅう動するもの［２］,・・・・垂直に摺動するもの［２００６．０１］
2026.01,タイトル変更,B60J 1/18,B60J 1/18,・車両後部に配置したもの,・車両の後部に配置されているもの［２００６．０１］
2026.01,タイトル変更,B60J 1/18 F,B60J 1/18 F,固定したもの,窓板が不動のもの
2026.01,タイトル変更,B60J 1/18 J,B60J 1/18 J,調整可能なもの,調節できるもの
2026.01,タイトル変更,B60J 1/18 K,B60J 1/18 K,・軸支または回転運動するもの,・枢動又は回転運動するもの
2026.01,タイトル変更,B60J 1/02,B60J 1/02,・付属装置，例．導風板，ブラインド（防眩具Ｂ６０Ｊ３／００；屋根開口部に関連する導風板Ｂ６０Ｊ７／２２；窓または風防ガラス用の取外し可能な外部保護カバーＢ６０Ｊ１１／０８；透明部分または反射鏡に特に適合した加熱装置Ｈ０５Ｂ３／８４）［１，８］,・付属品，例．ウインドディフレクタ，ブラインド（防眩具Ｂ６０Ｊ３／００；屋根開口部に関連する導風板Ｂ６０Ｊ７／２２；窓又は風防用の取外し可能な外部保護カバーＢ６０Ｊ１１／０８；光透過面又は光反射面に特に適合する加熱手段Ｈ０５Ｂ３／８４）［２００６．０１］
2026.01,タイトル変更,B60S 1/00,B60S 1/00,車両の清掃（車両と一体ではない装置による車両の清掃Ｂ６０Ｓ３／００；清掃一般Ｂ０８Ｂ；航空機の除氷Ｂ６４Ｄ；光透過面又は光反射面に適するように特別に構成されている加熱手段Ｈ０５Ｂ３／８４）,車両の清掃（車両と一体ではない装置による車両の清掃Ｂ６０Ｓ３／００；清掃一般Ｂ０８Ｂ；航空機の除氷Ｂ６４Ｄ；光透過面又は光反射面に特に適合する加熱手段Ｈ０５Ｂ３／８４）
2026.01,タイトル変更,B60S 1/04 200,B60S 1/04 200,・・・不動の固定ワイパーに対し、被払拭対象が動くもの，例．回転窓（車両の風防又は窓Ｂ６０Ｊ１／００；鉄道車両に特有な窓の構成Ｂ６１Ｄ２５／００；船舶等に適するように特別に構成されている窓Ｂ６３Ｂ１９／０２）,・・・不動の固定ワイパーに対し、被払拭対象が動くもの，例．回転窓（車両の風防又は窓Ｂ６０Ｊ１／００；鉄道車両に特有な窓の構成Ｂ６１Ｄ２５／００；船舶等に適するように構成されている窓Ｂ６３Ｂ１９／０２）
2026.01,タイトル変更,B60S 1/56,B60S 1/56,・・風防でも前面窓でもない窓又は光学デバイスを清掃するのに適するように特別に構成されているもの,・・風防でも前面窓でもない窓又は光学デバイスを清掃するのに適するように特別に構成されたもの
2026.01,タイトル変更,B60S 1/56 100,B60S 1/56 100,・・・合図デバイス以外の光学デバイスを清掃するのに適するように特別に構成されているもの（合図デバイスＢ６０Ｓ１／６０）,・・・合図デバイス以外の光学デバイスを清掃するのに適するように特別に構成されたもの（合図デバイスＢ６０Ｓ１／６０）
2026.01,タイトル変更,B60S 1/56 110 Z,B60S 1/56 110 Z,その他のもの，例．振動によるもの（車外後写鏡Ｂ６０Ｒ１／０６）,その他のもの（車外後写鏡Ｂ６０Ｒ１／０６）
2026.01,タイトル変更,B60S 1/56 120 Z,B60S 1/56 120 Z,その他のもの,その他のもの（前照灯Ｆ２１Ｓ４５／００）
2026.01,タイトル変更,B60S 1/56 500,B60S 1/56 500,・・・側面窓を清掃するのに適するように特別に構成されているもの,・・・側面窓を清掃するのに適するように特別に構成されたもの
2026.01,タイトル変更,B60S 1/56 500 Z,B60S 1/56 500 Z,その他のもの，例．振動によるもの（車両の風防又は窓Ｂ６０Ｊ１／００）,その他のもの（車両の窓Ｂ６０Ｊ１／００）
2026.01,タイトル変更,B60S 1/58,B60S 1/58,・・・後面窓を清掃するのに適するように特別に構成されているもの,・・・後面窓を清掃するのに適するように特別に構成されたもの
2026.01,タイトル変更,B60S 1/58 100 Z,B60S 1/58 100 Z,その他のもの,その他のもの（車両の窓Ｂ６０Ｊ１／００）
2026.01,タイトル変更,B60S 1/06,B60S 1/06,・・・合図デバイス、例．反射器、を清掃するのに適するように特別に構成されているもの,・・・合図デバイス，例．反射器，を清掃するのに適するように特別に構成されたもの
2026.01,タイトル変更,B61H 1/00,B61H 1/00,車輪のリム，ドラム，または同様のものの周面と協同して操作される部材をもつ制動装置（自己応動制動装置Ｂ６１Ｈ１１／０２；異なる型の制動機の組合せＢ６１Ｈ１１／１４；車輪Ｂ６０Ｂ）,車輪のリム，ドラム，または同様のものの周面と協同して操作される部材をもつ制動装置［２００６．０１］
2026.01,タイトル変更,B61H 3/00,B61H 3/00,ドラムまたは同様のものの内面と協同して外方向に操作される部材をもつ制動装置（自己応動制動装置Ｂ６１Ｈ１１／０２；異なる型の制動機の組合せＢ６１Ｈ１１／１４）,ドラムまたは同様のものの内面と協同して外方向に操作される部材をもつ制動装置［２００６．０１］
2026.01,タイトル変更,B61H 5/00,B61H 5/00,軸方向に共に圧力を受ける実質的に半径方向の制動面をもつ制動装置，例．ディスクブレーキ（自己応動制動装置Ｂ６１Ｈ１１／０２；異なる型の制動機の組合せＢ６１Ｈ１１／１４）,軸方向に共に圧力を受ける実質的に半径方向の制動面をもつ制動装置，例．ディスクブレーキ［２００６．０１］
2026.01,タイトル変更,B61H 13/00,B61H 13/00,鉄道車両制動の作動装置（自己応動の制動装置Ｂ６１Ｈ１１／０２，摩耗補償機構Ｂ６１Ｈ１５／００）,鉄道車両制動の作動装置［２００６．０１］
2026.01,タイトル変更,B61H 13/02,B61H 13/02,・伝達機構（摩耗補償機構Ｂ６１Ｈ１５／００）,・伝達機構［２００６．０１］
2026.01,タイトル変更,B61H 13/38,B61H 13/38,・・伝達機構の支持装置（Ｂ６１Ｈ１３／３６が優先）,・・伝達機構の支持装置［２００６．０１］
2026.01,タイトル変更,B61K 5/00,B61K 5/00,軌道に車両を乗せるための装置；脱線器；車両軸または車輪を昇降するもの（ホイストＢ６６）,軌道に車両を乗せるための装置；脱線器；車両軸または車輪を昇降するもの［２００６．０１］
2026.01,タイトル変更,B61K 7/00,B61K 7/00,軌道に固着した車両止め；軌道に固着した軌道制動または減速装置；砂軌道またはそのようなもの（スキッド，くさび，車両に載置した車輪止めブロックＢ６１Ｈ；軌道に載置した車輪止めブロックの機構を操作するものＢ６１Ｌ）,軌道に固着した車両止め；軌道に固着した軌道制動または減速装置；砂軌道またはそのようなもの［２００６．０１］
2026.01,タイトル変更,B61K 7/01,B61K 7/01,・・電気力によるもの（車両に設けられているものＢ６０Ｌ）,・・電気力によるもの［２００６．０１］
2026.01,タイトル変更,B61K 9/08,B61K 9/08,・軌道を検査する測定装置（測定装置または器具の軌道建設への応用Ｅ０１Ｂ３５／００；測定技術Ｇ０１）,・軌道を検査する測定装置［２００６．０１］
2026.01,タイトル変更,B61K 9/12,B61K 9/12,・車輪縁を測定または検査するもの（測定技術Ｇ０１）,・車輪縁を測定または検査するもの［２００６．０１］
2026.01,タイトル変更,B61K 11/00,B61K 11/00,機関車に特に使用するもの，例．炭水補給所で水，砂または類似のものを供給または除去するもの（軸または車輪を昇降するものＢ６１Ｋ５／００；蒸気または空気圧式機関車用供給ステーションＢ６１Ｃ８／００；機関車における水または燃料の供給用具Ｂ６１Ｃ１７／０２；固定燃料を使用する機関車の燃料補給Ｂ６５Ｇ６７／１８；ボイラーの洗浄または清掃Ｆ２８Ｇ）,機関車に特に使用するもの，例．炭水補給所で水，砂または類似のものを供給または除去するもの［２００６．０１］
2026.01,タイトル変更,B61K 13/00,B61K 13/00,鉄道のための他の補助装置または付属装置（安全ベルトまたは身体用ハーネスＡ６２Ｂ３５／００）,鉄道のための他の補助装置または付属装置［２００６．０１］
2026.01,タイトル変更,B61L 29/02,B61L 29/02,・路線の構断防止用のガードまたは障害物（軌道と連絡された家畜用の柵Ｅ０１Ｂ１７／００）［２００６．０１］,・路線の横断防止用のガードまたは障害物（軌道と連絡された家畜用の柵Ｅ０１Ｂ１７／００）［２００６．０１］
2026.01,タイトル変更,B62D 15/00,B62D 15/00,他に分類されていない操向,他に分類されない操向
2026.01,タイトル変更,B62D 15/02,B62D 15/02,・操向位置表示装置［４］,・操向角度表示器；操向支援
2026.01,タイトル変更,B63B 59/06 B,B63B 59/06 B,シヨツトブラストの研掃板の回収,シヨツトブラストの研掃材の回収
2026.01,タイトル変更,B63C 11/24,B63C 11/24,・・・・閉じられた循還状態のもの,・・・・閉じられた循環状態のもの
2026.01,タイトル変更,B64C 1/03,B64C 1/03,・航空機の全体の大きさを縮少するために相対的に可動の胴体部分,・航空機の全体の大きさを縮小するために相対的に可動の胴体部分［２００６．０１］
2026.01,タイトル変更,B64C 27/33,B64C 27/33,・・屈接するアームを有するもの［３］,・・屈折するアームを有するもの［２００６．０１］
2026.01,タイトル変更,B64D 1/00,B64D 1/00,物品，液体等の飛行中の投下，発射，解放，受け入れ（武器用照準器または照準合わせＦ４１Ｇ；飛行中の燃料供給Ｂ６４Ｄ３９／００；射出する投射体またはミサイルの発射装置Ｆ４１Ｆ１／００，Ｆ４１Ｆ７／００；ロケットまたは魚雷のランチャーＦ４１Ｆ３／００）［２００６．０１］,物品，液体または類似のものの飛行中の投下，発射，解放または受け入れ（飛行中の燃料補給Ｂ６４Ｄ３９／００；発射体または飛しょう体を発射するための発射装置Ｆ４１Ｆ１／００，Ｆ４１Ｆ７／００；ロケットまたは魚雷ランチャＦ４１Ｆ３／００；武器用照準器または照準合わせＦ４１Ｇ）［２００６．０１］
2026.01,タイトル変更,B65B 23/00,B65B 23/00,びん以外のもろいまたは衝撃に敏感な物品の包装；卵の荷解（緩衡作用のある媒体に物品を埋め込むものＢ６５Ｂ５５／２０）,びん以外のもろいまたは衝撃に敏感な物品の包装；卵の荷解（緩衝作用のある媒体に物品を埋め込むものＢ６５Ｂ５５／２０）［２００６．０１］
2026.01,タイトル変更,B65B 43/14,B65B 43/14,・・推積またはマガジンから個々の袋または紙箱のブランクの繰出し,・・堆積またはマガジンから個々の袋または紙箱のブランクの繰出し［２００６．０１］
2026.01,タイトル変更,B65C 3/26,B65C 3/26,・硬くない容器，例．ポリエチレン製のボトル，ラベル取付けの前に内部空気圧により膨らませた箱体，にラベルを取付けるもの,・硬くない容器，例．ポリエチレン製のボトル，ラベルを付ける前に内部の空気圧により膨張する箱体，にラベルを付けるもの［２００６．０１］
2026.01,タイトル変更,B65D 1/02,B65D 1/02,・びん，または，内容物を注ぎ出すようデザインされた，首部または首部類似に狭められた小口を有する類似の容器,・ボトル，または，内容物を注ぎ出すようデザインされた，首部または首部類似に狭められた小口を有する類似の容器
2026.01,タイトル変更,B65D 1/04,B65D 1/04,・・多数の空間をもつびん,・・多数の空間をもつボトル
2026.01,タイトル変更,B65D 1/04 110,B65D 1/04 110,・・・複数のびんを分離可能に一体成形したもの,・・・複数のボトルを分離可能に一体成形したもの
2026.01,タイトル変更,B65D 1/01,B65D 1/01,・広口びん，例．食糧保存用,・広口ボトル，例．食糧保存用
2026.01,タイトル変更,B65D 1/24 110,B65D 1/24 110,・・・びんまたは類似容器を収容するクレート（Ｂｏｔｔｌｅ　ｃｒａｔｅｓ）,・・・ボトルまたは類似容器を収容するクレート（Ｂｏｔｔｌｅ　ｃｒａｔｅｓ）
2026.01,タイトル変更,B65D 8/02 C,B65D 8/02 C,瓶形容器の口部,ボトル形容器の口部
2026.01,タイトル変更,B65D 8/04 Z,B65D 8/04 Z,瓶その他の容器,ボトルその他の容器
2026.01,タイトル変更,B65D 23/00,B65D 23/00,他に分類されないびんまたは広口びんの細部［２００６．０１］,他に分類されないボトルまたは広口ボトルの細部［２００６．０１］
2026.01,タイトル変更,B65D 23/00 A,B65D 23/00 A,瓶内部付属品,ボトル内部付属品
2026.01,タイトル変更,B65D 23/00 B,B65D 23/00 B,瓶外部付属品,ボトル外部付属品
2026.01,タイトル変更,B65D 23/00 D,B65D 23/00 D,瓶の樽型外装体,ボトルの樽型外装体
2026.01,タイトル変更,B65D 23/00 G,B65D 23/00 G,多層瓶,多層ボトル
2026.01,タイトル変更,B65D 23/00 Q,B65D 23/00 Q,・バイアル瓶の倒立吊下,・バイアル瓶（ガラス製以外のものも含む）の倒立吊下
2026.01,タイトル変更,B65D 23/00 R,B65D 23/00 R,ラムネ瓶,ラムネ瓶（ガラス製以外のものも含む）
2026.01,タイトル変更,B65D 23/00 T,B65D 23/00 T,瓶の装飾,ボトルの装飾
2026.01,タイトル変更,B65D 23/02 A,B65D 23/02 A,ガラス瓶,ガラスボトルに設けたもの
2026.01,タイトル変更,B65D 23/08 A,B65D 23/08 A,ガラス瓶コ－テイング,ガラスボトルに設けたコーティング
2026.01,タイトル変更,B65D 23/08 B,B65D 23/08 B,ガラス瓶以外の瓶コ－テイング,ガラスボトル以外のボトルに設けたコーティング
2026.01,タイトル変更,B65D 25/04 A,B65D 25/04 A,木製瓶箱,ボトル用の木製箱
2026.01,タイトル変更,B65D 25/04 B,B65D 25/04 B,プラスチツク製瓶箱,ボトル用のプラスチツク製箱
2026.01,タイトル変更,B65D 25/04 C,B65D 25/04 C,瓶,ボトル
2026.01,タイトル変更,B65D 25/28,B65D 25/28,・取手（紙製ブランクの折りたたみまたは組立てにより作られる容器のものＢ６５Ｄ５／４６；びんまたはつぼのものＢ６５Ｄ２３／１０）,・取手（紙製ブランクの折りたたみまたは組立てにより作られる容器のものＢ６５Ｄ５／４６；ボトルまたはつぼのものＢ６５Ｄ２３／１０）
2026.01,タイトル変更,B65D 25/34,B65D 25/34,・被覆または外部コーティング（紙製ブランクの折りたたみまたは組立てにより作られる容器のものＢ６５Ｄ５／６２；他に分類されないびんまたは広口びん用の被覆または外部コーテングＢ６５Ｄ２３／０８；被包材Ｂ６５Ｄ６５／００）［２００６．０１］,・被覆または外部コーティング（紙製ブランクの折りたたみまたは組立てにより作られる容器のものＢ６５Ｄ５／６２；他に分類されないボトルまたは広口ボトル用の被覆または外部コーテングＢ６５Ｄ２３／０８；被包材Ｂ６５Ｄ６５／００）［２００６．０１］
2026.01,タイトル変更,B65D 39/00,B65D 39/00,首部，注出用開口または排出用小口の内側に配置される閉鎖具，例．びん栓（蓋またはカバーＢ６５Ｄ４３／００）［２００６．０１］,首部，注出用開口または排出用小口の内側に配置される閉鎖具，例．ボトル栓（蓋またはカバーＢ６５Ｄ４３／００）［２００６．０１］
2026.01,タイトル変更,B65D 41/62 100,B65D 41/62 100,・・金属材製のもの，例．びんの口部に嵌めた栓を覆うキャップ状封緘材,・・金属材製のもの，例．ボトルの口部に嵌めた栓を覆うキャップ状封緘材
2026.01,タイトル変更,B65D 45/00,B65D 45/00,閉鎖部材を固定または保持するための締付けまたは他の加圧装置（膨張可能なびん栓Ｂ６５Ｄ３９／１２）［２００６．０１］,閉鎖部材を固定または保持するための締付けまたは他の加圧装置（膨張可能なボトル栓Ｂ６５Ｄ３９／１２）［２００６．０１］
2026.01,タイトル変更,B65D 51/02,B65D 51/02,・液体用の広口びん，缶または類似の容器のためのゆるく係合する蓋またはカバーであって，容器を密封する手段をもたないもの［２００６．０１］,・液体用の広口ボトル，缶または類似の容器のためのゆるく係合する蓋またはカバーであって，容器を密封する手段をもたないもの［２００６．０１］
2026.01,タイトル変更,B65D 51/14,B65D 51/14,・容器の口部と密に係合して保持されるのに適合した剛性の円板または球状部材，例．保存用広口びんのための閉鎖板,・容器の口部と密に係合して保持されるのに適合した剛性の円板または球状部材，例．保存用広口ボトルのための閉鎖板
2026.01,タイトル変更,B65D 55/12,B65D 55/12,・・びんまたは広口びん上の受け部と協働する相対移動部分をもつ装置または手段,・・ボトルまたは広口ボトル上の受け部と協働する相対移動部分をもつ装置または手段
2026.01,タイトル変更,B65D 67/02 B,B65D 67/02 B,・瓶用,・ボトル用
2026.01,タイトル変更,B65D 67/02 E,B65D 67/02 E,・瓶用,・ボトル用
2026.01,タイトル変更,B65D 71/00,B65D 71/00,貯蔵または輸送の便宜のために，包装要素により一緒に保持される物品の束，例．ビールの缶または炭酸飲料の瓶のような複数の容器を互いに隔離する持運び可能なキャリア；ベール梱包体,貯蔵または輸送の便宜のために，包装要素により一緒に保持される物品の束，例．ビールの缶または炭酸飲料のボトルのような複数の容器を互いに隔離する持運び可能なキャリア；ベール梱包体
2026.01,タイトル変更,B65D 75/00,B65D 75/00,柔軟シート材料のストリップ，シート，ブランク，チューブまたはウェブ，例．折りたたまれた被包材，で一部または全体が包まれた物品または材料からなる包装体（貯蔵または輸送の便宜のために，包装要素により一緒に保持される物品の束，例．ビールの缶または炭酸飲料の瓶のような複数の容器を互いに隔離する持運び可能なキャリアまたはベール梱包体Ｂ６５Ｄ７１／００）［２００６．０１］,柔軟シート材料のストリップ，シート，ブランク，チューブまたはウェブ，例．折りたたまれた被包材，で一部または全体が包まれた物品または材料からなる包装体（貯蔵または輸送の便宜のために，包装要素により一緒に保持される物品の束，例．ビールの缶または炭酸飲料のボトルのような複数の容器を互いに隔離する持運び可能なキャリアまたはベール梱包体Ｂ６５Ｄ７１／００）［２００６．０１］
2026.01,タイトル変更,B65D 77/26 F,B65D 77/26 F,一般物品を外装箱の一部又は密切な関係にある内装材を介し外装箱に収納するもの,一般物品を外装箱の一部又は密接な関係にある内装材を介し外装箱に収納するもの
2026.01,タイトル変更,B65D 77/26 Q,B65D 77/26 Q,瓶等を内装材を介し外装箱に収納するもの,ボトル等を内装材を介し外装箱に収納するもの
2026.01,タイトル変更,B65D 85/02,B65D 85/02,・環状物品用（平担なうず巻状ウエブやテープのようなもののためのものＢ６５Ｄ８５／６７１）,・環状物品用（平坦なうず巻状ウエブやテープのようなもののためのものＢ６５Ｄ８５／６７１）［２００６．０１］
2026.01,タイトル変更,B65D 85/03 300,B65D 85/03 300,・・瓶用,・・ボトル用
2026.01,タイトル変更,B65D 85/03 310,B65D 85/03 310,・・・複数の瓶を箱入れするもの,・・・複数のボトルを箱入れするもの
2026.01,タイトル変更,B65D 85/03 320,B65D 85/03 320,・・・複数の瓶を持運ぶためのもの,・・・複数のボトルを持運ぶためのもの
2026.01,タイトル変更,B65D 85/671,B65D 85/671,・・平担な渦巻形に巻かれたもの［３］,・・平坦な渦巻形に巻かれたもの［２００６．０１］
2026.01,タイトル変更,B65D 85/677,B65D 85/677,・・・・平担なカード上に巻かれたもの［３］,・・・・平坦なカード上に巻かれたもの［２００６．０１］
2026.01,タイトル変更,B65F 1/06 A,B65F 1/06 A,予備の内挿体を備えたもの,予備の内装体を備えたもの
2026.01,タイトル変更,B65G 51/03,B65G 51/03,・・平担面上またはトラフ内［４］,・・平坦面上またはトラフ内［２００６．０１］
2026.01,タイトル変更,B65G 69/14,B65G 69/14,・荷積みまたは荷おろしされた物質を粉枠するもの,・荷積みまたは荷おろしされた物質を粉砕するもの［２００６．０１］
2026.01,タイトル変更,B65H 31/38,B65H 31/38,・・推積中推積物を振動させまたはたたく装置,・・堆積中堆積物を振動させまたはたたく装置［２００６．０１］
2026.01,タイトル変更,B65H 51/16,B65H 51/16,・液体または気体の流れによって材料を取扱う装置，例．空気噴流装置（溶隔状態でスラグ繊維を吹付けるものＣ０３Ｂ３７／０６）,・液体または気体の流れによって材料を取扱う装置，例．空気噴流装置（溶融状態でスラグ繊維を吹付けるものＣ０３Ｂ３７／０６）
2026.01,タイトル変更,B66B 23/04 A,B66B 23/04 A,狭圧型〔手摺ベルトの上下面を駆動ローラ等で狭みつけて駆動するもの〕,挟圧型〔手摺ベルトの上下面を駆動ローラ等で挟みつけて駆動するもの〕
2026.01,タイトル変更,B66B 23/04 Z,B66B 23/04 Z,その他〔例．チェーン駆動，磁石駆動，狭圧や巻掛以外の摩擦駆動〕,その他〔例．チェーン駆動，磁石駆動，挟圧や巻掛以外の摩擦駆動〕
2026.01,タイトル変更,B66B 29/00 D,B66B 29/00 D,踏段の異常に対するもの〔例．蛇行；足狭み防止→２９／０２Ｅ〕,踏段の異常に対するもの〔例．蛇行；足挟み防止→２９／０２Ｅ〕
2026.01,タイトル変更,B66B 29/00 F,B66B 29/00 F,欄干の異常に対するもの〔例．欄干の倒壊，破壊；乗客の狭み込み防止→２９／０４Ａ～Ｚ〕,欄干の異常に対するもの〔例．欄干の倒壊，破壊；乗客の挟み込み防止→２９／０４Ａ～Ｚ〕
2026.01,タイトル変更,B66B 29/02 E,B66B 29/02 E,踏段間への足狭みに対するもの〔例．踏段の浮上り防止または検出〕,踏段間への足挟みに対するもの〔例．踏段の浮上り防止または検出〕
2026.01,タイトル変更,B66B 29/02 Z,B66B 29/02 Z,その他〔例．天井への衝突防止；三角部への狭み防止→２９／０４Ｆ〕,その他〔例．天井への衝突防止；三角部への挟み防止→２９／０４Ｆ〕
2026.01,タイトル変更,B66B 29/04 A,B66B 29/04 A,スカ－トガ－ドと踏段との間の足狭みに対するもの,スカ－トガ－ドと踏段との間の足挟みに対するもの
2026.01,タイトル変更,B66C 3/00,B66C 3/00,クレーンのもち上げ，下げの装置に取付けられているかまたはこれとの連結に適合されていて，主としてばら物に持ち上げる力を伝えることを意図するところの荷物係合要素または装置；グラブ（バケットまたはその他の容器Ｂ６５Ｄ，例．パレットＢ６５Ｄ１９／００，グラブを備えた掘削機，凌渫機Ｅ０２Ｆ）,クレーンのもち上げ，下げの装置に取付けられているかまたはこれとの連結に適合されていて，主としてばら物に持ち上げる力を伝えることを意図するところの荷物係合要素または装置；グラブ（バケットまたはその他の容器Ｂ６５Ｄ，例．パレットＢ６５Ｄ１９／００，グラブを備えた掘削機，浚渫機Ｅ０２Ｆ）［２００６．０１］
2026.01,タイトル変更,B66F 7/28 C,B66F 7/28 C,・・スイングアームの特微〔例．枢着構造，伸縮構造〕「図」,・・スイングアームの特徴〔例．枢着構造，伸縮構造〕「図」
2026.01,タイトル変更,B66F 7/28 D,B66F 7/28 D,・・支持部材の構造〔例：スイングアーム先端に設けた受皿の特微〕「図」,・・支持部材の構造〔例：スイングアーム先端に設けた受皿の特徴〕「図」
2026.01,タイトル変更,B66F 7/28 M,B66F 7/28 M,床下埋込ジャッキを有するプラットフォームリフト特微〔例：収納蓋，ピットの水ぬき〕「図」,床下埋込ジャッキを有するプラットフォームリフト特徴〔例：収納蓋，ピットの水ぬき〕「図」
2026.01,タイトル変更,B66F 9/075 A,B66F 9/075 A,フォークリフトに特有な車体の特微〔荷役車両の形状Ｂ６０Ｐ１／００〕「図」,フォークリフトに特有な車体の特徴〔荷役車両の形状Ｂ６０Ｐ１／００〕「図」
2026.01,タイトル変更,B66F 9/08 E,B66F 9/08 E,マスト等の昇降装置の前後傾動〔例．マストチルト〕〔注．チルトシリンダ，配管の特微は，９／２２Ｇ．制御は９／２４Ｅ，架台，フォーク等のマストに対するチルトは，９／１６〕「図」,マスト等の昇降装置の前後傾動〔例．マストチルト〕〔注．チルトシリンダ，配管の特徴は，９／２２Ｇ．制御は９／２４Ｅ，架台，フォーク等のマストに対するチルトは，９／１６〕「図」
2026.01,タイトル変更,B66F 9/08 H,B66F 9/08 H,フリーリフト〔注．マストの上昇を伴なわず、フォークを一定量上昇させるための構造。ただし専用シリンダを備えたいわゆるフルフリーマストについては９／０８Ｐ，Ｑ。特にシリンダや配管に特微があるものは９／２２Ｄ，Ｅが優先〕「図」,フリーリフト〔注．マストの上昇を伴なわず、フォークを一定量上昇させるための構造。ただし専用シリンダを備えたいわゆるフルフリーマストについては９／０８Ｐ，Ｑ。特にシリンダや配管に特徴があるものは９／２２Ｄ，Ｅが優先〕「図」
2026.01,タイトル変更,B66F 9/08 N,B66F 9/08 N,マスト等へのリフトシリンダ等の取付，支持〔注．フリーリフトのためのもの９／０８Ｈが優先，シリンダ自体の特微，９／２２が優先〕「図」,マスト等へのリフトシリンダ等の取付，支持〔注．フリーリフトのためのもの９／０８Ｈが優先，シリンダ自体の特徴，９／２２が優先〕「図」
2026.01,タイトル変更,B66F 9/08 P,B66F 9/08 P,三段以上マストを有する多段マスト〔注．特に油圧機構に特微を持つ場合は，９／２２Ｄが優先〕「図」,三段以上マストを有する多段マスト〔注．特に油圧機構に特徴を持つ場合は，９／２２Ｄが優先〕「図」
2026.01,タイトル変更,B66F 9/08 S,B66F 9/08 S,・・特にマストレール等とローラとの当接面の形状に特微を持つもの〔例．テーパ面を持つレールとローラとの組合せ〕「図」,・・特にマストレール等とローラとの当接面の形状に特徴を持つもの〔例．テーパ面を持つレールとローラとの組合せ〕「図」
2026.01,タイトル変更,B66F 9/08 T,B66F 9/08 T,・・特にマストレール等またはローラの当接面の材料に特微を持つもの〔例．焼入れ硬化面を持つレール，弾性表面を持つローラ〕「図」,・・特にマストレール等またはローラの当接面の材料に特徴を持つもの〔例．焼入れ硬化面を持つレール，弾性表面を持つローラ〕「図」
2026.01,タイトル変更,B66F 9/08 V,B66F 9/08 V,・・マストレール等自体の構造の特微〔例．ガイドレールの溶接構造，円弧状断面等の特殊断面形状〕〔注：多段マストは，９／０８Ｐがモノマストは，９／０８Ｊが優先〕「図」,・・マストレール等自体の構造の特徴〔例．ガイドレールの溶接構造，円弧状断面等の特殊断面形状〕〔注：多段マストは，９／０８Ｐがモノマストは，９／０８Ｊが優先〕「図」
2026.01,タイトル変更,B66F 9/08 W,B66F 9/08 W,・特に多段テレスコピック式油圧シリンダを含む多段マストの構造〔注．多段テレスコピック式油圧シリンダの特微は，９／２２Ｅが優先〕「図」,・特に多段テレスコピック式油圧シリンダを含む多段マストの構造〔注．多段テレスコピック式油圧シリンダの特徴は，９／２２Ｅが優先〕「図」
2026.01,タイトル変更,C01B 3/00,C01B 3/00,水素；水素を含有する混合ガス；水素を含有する混合物からのそれの分離；水素の精製（固体炭素質物質からの水性ガスまたは合成ガスの製造Ｃ１０Ｊ）［３］,水素；水素を含有する混合ガス；水素を含有する混合物からのそれの分離；水素の精製；水素の可逆的貯蔵（固体炭素質物質からの水性ガスまたは合成ガスの製造Ｃ１０Ｊ）［２０２６．０１］
2026.01,タイトル変更,C01B 3/02,C01B 3/02,・水素または水素含有混合ガスの製造［３］,・水素の製造；水素含有混合ガスの製造［２０２６．０１］
2026.01,タイトル変更,C01B 3/04,C01B 3/04,・・無機化合物，例．アンモニア，の分解によるもの［３］,・・無機化合物の分解によるもの（水素の可逆的貯蔵Ｃ０１Ｂ３／００１８）［２０２６．０１］
2026.01,タイトル変更,C01B 3/06,C01B 3/06,・・エレクトロポジティブに結合した水素を含有する無機化合物，例．水，酸，塩基，アンモニア，と無機還元剤との反応によるもの（水電解によるものＣ２５Ｂ１／０４）［３］,・・エレクトロポジティブに結合した水素を含有する無機化合物と無機還元剤との反応によるもの［２０２６．０１］
2026.01,タイトル変更,C01B 3/08,C01B 3/08,・・・金属によるもの［３］,・・・無機化合物と金属との反応によるもの［２０２６．０１］
2026.01,タイトル変更,C01B 3/01,C01B 3/01,・・・・金属と水蒸気との反応によるもの［３］,・・・・水蒸気と金属との反応によるもの［２０２６．０１］
2026.01,タイトル変更,C01B 3/12,C01B 3/12,・・・一酸化炭素と水蒸気との反応によるもの［３］,・・・水蒸気と一酸化炭素との反応によるもの［２００６．０１］
2026.01,タイトル変更,C01B 3/28,C01B 3/28,・・・・移動固体粒子を使用するもの［３］,・・・・移動固体粒子を使用するもの，例．流動床技術［２０２６．０１］
2026.01,タイトル変更,C01B 3/32,C01B 3/32,・・ガス化剤，例．水，二酸化炭素，空気，と気体または液体有機化合物との反応によるもの［３］,・・気体または液体有機化合物とガス化剤，例．水，二酸化炭素，または空気との反応によるもの［２０２６．０１］
2026.01,タイトル変更,C01B 3/34,C01B 3/34,・・・ガス化剤と炭化水素との反応によるもの［３］,・・・炭化水素とガス化剤との反応によるもの［２００６．０１］
2026.01,タイトル変更,C01B 3/36,C01B 3/36,・・・・ガス化剤として酸素または酸素含有混合物を用いるもの［３］,・・・・ガス化剤として酸素を用いるもの；酸素含有混合物を用いるもの［２０２６．０１］
2026.01,タイトル変更,C01B 3/42,C01B 3/42,・・・・・移動固体粒子を用いるもの［３］,・・・・・移動固体粒子を使用するもの，例．流動床技術［２０２６．０１］
2026.01,タイトル変更,C01B 3/46,C01B 3/46,・・・・不連続的に予熱された非移動固体材料を用いるもの，例．ブラストとラン［３］,・・・・不連続的に予熱された固定式固体材料を用いるもの，例．通気と運転［２００６．０１］
2026.01,タイトル変更,C01B 3/48,C01B 3/48,・・・・一酸化炭素と水蒸気との反応にしたがうもの［３］,・・・・水蒸気と一酸化炭素との反応にしたがうもの［２００６．０１］
2026.01,タイトル変更,C01B 3/05,C01B 3/05,・混合ガスからの水素または水素含有ガスの分離，例．精製（Ｃ０１Ｂ３／１４が優先）［３］,・混合ガスからの水素または水素含有ガスの分離，例．精製［２０２６．０１］
2026.01,タイトル変更,C03C 27/01 E,C03C 27/01 E,・有物系接着剤,・有機系接着剤
2026.01,タイトル変更,C04B 35/65 200,C04B 35/65 200,・・・・指向的酸化または擬固，例．ランキサイド法,・・・・指向的酸化または凝固，例．ランキサイド法
2026.01,タイトル変更,C04B 41/86 L,C04B 41/86 L,・吹付または撤布によるもの,・吹付または撒布によるもの
2026.01,タイトル変更,C05G 1/06,C05G 1/06,・オルトりん酸アルカリまたはオりん酸アンモニウムと硝酸アンモニウム，硫酸アンモニウム，他の硝酸塩またはカリウム化合物よりなるもの,・オルトりん酸アルカリまたはオルトりん酸アンモニウムと硝酸アンモニウム，硫酸アンモニウム，他の硝酸塩またはカリウム化合物よりなるもの［２００６．０１］
2026.01,タイトル変更,C07C 311/28,C07C 311/28,・・少なくとも１個のスルボン酸アミド基の硫黄原子が６員芳香環以外の環の炭素原子に結合しているもの［５］,・・少なくとも１個のスルホン酸アミド基の硫黄原子が６員芳香環以外の環の炭素原子に結合しているもの［２００６．０１］
2026.01,タイトル変更,C07D 499/00,C07D 499/00,４－チア－１－アザビシクロ〔３．２．０〕へプタン環系を含有する複素環式化合物，すなわち，式「図」の環系を含む化合物，例．ペニシリン，ペネム；このような環系に，たとえば２，３位で，酸素，窒素または硫黄を含む複素環がさらに縮合した環系［２］,４－チア－１－アザビシクロ〔３．２．０〕ヘプタン環系を含有する複素環式化合物，すなわち，式「図」の環系を含む化合物，例．ペニシリン，ペネム；このような環系に，たとえば２，３位で，酸素，窒素または硫黄を含む複素環がさらに縮合した環系［２００６．０１］
2026.01,タイトル変更,C07K 16/00,C07K 16/00,免疫グロブリン，例．モノクローナル抗体またはポリクローナル抗体［６］,免疫グロブリン［ＩＧ］，例．モノクローナルまたはポリクローナル抗体［２００６．０１］
2026.01,タイトル変更,C07K 16/01,C07K 16/01,・・ＲＮＡウイルスから［６］,・・ＲＮＡウイルス［２０２６．０１］
2026.01,タイトル変更,C08F 255/04,C08F 255/04,・・エテン―プロペン共重合体への［２］,・・エチレン―プロピレン共重合体への［２００６．０１］
2026.01,タイトル変更,C08F 255/06,C08F 255/06,・・エテン―プロペン―ジエン三元共重合体への［２］,・・エチレン―プロピレン―ジエン三元共重合体への［２００６．０１］
2026.01,タイトル変更,C08J 7/06 A,C08J 7/06 A,導電性，耐電防止処理,導電性，帯電防止処理
2026.01,タイトル変更,C08J 9/24,C08J 9/24,・粒子の表面溶触および結合による空隙の形成，例．焼結（発泡性粒子の焼結Ｃ０８Ｊ９／２３２）［２，５］,・粒子の表面溶融および結合による空隙の形成，例．焼結（発泡性粒子の焼結Ｃ０８Ｊ９／２３２）［２００６．０１］
2026.01,タイトル変更,C08L 23/06,C08L 23/06,・・・ポリエテン［２］,・・・ポリエチレン［２００６．０１］
2026.01,タイトル変更,C08L 23/16,C08L 23/16,・・エテン―プロペン共重合体またはエテン―プロペン―ジエン共重合体［２００６．０１］,・・エチレン―プロピレン共重合体またはエチレン―プロピレンジエン共重合体［２００６．０１］
2026.01,タイトル変更,C09B 35/215,C09B 35/215,・・・・ジアリールエタンまたはジアリールエテンであるもの［３］,・・・・ジアリールエタンまたはジアリールエチレンであるもの［２００６．０１］
2026.01,タイトル変更,C09B 62/62,C09B 62/62,・・エチレンイミノあるいはＮ―アシル化エチレンイミノ基または―ＣＯ―ＮＨ―ＣＨ↓２―ＣＨ↓２―Ｘ基またはβ―置換エチルアミノ基からなる反応性基（Ｘはハロゲン原子，第４アンモニウム基またはＯ―アシル基，そしてアシル基は有機酸または無機酸から誘導されたものである）,・・エチレンアミノあるいはＮ―アシル化エチレンアミノ基または，Ｘがハロゲン原子，第四アンモニウム基またはＯ―アシル基であり，アシル基が有機酸または無機酸からまたはβ―置換エチルアミノ基から誘導されたアシル基である―ＣＯ―ＮＨ―ＣＨ↓２―ＣＨ↓２―Ｘ基である反応性基
2026.01,タイトル変更,C09D 123/06,C09D 123/06,・・・ポリエテン［５］,・・・ポリエチレン［２００６．０１］
2026.01,タイトル変更,C09D 123/16,C09D 123/16,・・エテン―プロペン共重合体またはエテン―プロペン―ジエン共重合体［５］,・・エチレン―プロピレン共重合体またはエチレン―プロピレン―ジエン共重合体［２００６．０１］
2026.01,タイトル変更,C09J 123/06,C09J 123/06,・・・ポリエテン［５］,・・・ポリエチレン［２００６．０１］
2026.01,タイトル変更,C09J 123/16,C09J 123/16,・・エテン―プロペン共重合体，またはエテン―プロペン―ジエン共重合体［５］,・・エチレン―プロピレン共重合体，またはエチレン―プロピレン―ジエン共重合体［２００６．０１］
2026.01,タイトル変更,C09K 3/14 540,C09K 3/14 540,・・すベり止めに関するもの,・・すべり止めに関するもの
2026.01,タイトル変更,C09K 3/03 U,C09K 3/03 U,化合物の安定化，防触,化合物の安定化，防蝕
2026.01,タイトル変更,C09K 11/00,C09K 11/00,発光性物質，例．電気発光性物質；化学発光性物質［２］,発光材料，例．電気発光材料または化学発光材料［２００６．０１］
2026.01,タイトル変更,C09K 11/01,C09K 11/01,・発光性材料の回収［３］,・発光材料の回収［２００６．０１］
2026.01,タイトル変更,C09K 11/02,C09K 11/02,・バインダー，被覆素子またはこれらの懸濁媒体として特定物質の使用［２］,・バインダー，被覆素子またはこれらの懸濁媒体として特定材料の使用［２００６．０１］
2026.01,タイトル変更,C09K 11/06,C09K 11/06,・有機発光性物質を含有するもの［２］,・有機発光材料を含有するもの［２００６．０１］
2026.01,タイトル変更,C09K 11/06 690,C09K 11/06 690,・・・発光生物質以外の物質に特徴があるもの［例：バインダー］,・・・発光性物質以外の物質に特徴があるもの［例：バインダー］
2026.01,タイトル変更,C09K 11/08,C09K 11/08,・無機発光性物質を含有するもの［２］,・無機発光材料を含有するもの［２００６．０１］
2026.01,タイトル変更,C10M 107/04,C10M 107/04,・・ポリエテン［４］,・・ポリエチレン［２００６．０１］
2026.01,タイトル変更,C10M 139/00,C10M 139/00,グループＣ１０Ｍ１２７／００～Ｃ１０Ｍ１３７／００に分類されない元素の原子を含有する非高分子有機化合物である添加剤によって特微づけられる潤滑組成物［４］,グループＣ１０Ｍ１２７／００～Ｃ１０Ｍ１３７／００に分類されない元素の原子を含有する非高分子有機化合物である添加剤によって特徴づけられる潤滑組成物［２００６．０１］
2026.01,タイトル変更,C10M 143/02,C10M 143/02,・ポリエテン［４］,・ポリエチレン［２００６．０１］
2026.01,タイトル変更,C12N 1/00,C12N 1/00,微生物，例．原生動物；その組成物（原生動物，バクテリアまたはウイルス起源の物質を含む医薬品製剤Ａ６１Ｋ３５／６６，藻類起源の物質を含む医薬品製剤Ａ６１Ｋ３６／０２，菌類起源の物質を含む医薬品製剤Ａ６１Ｋ３６／０６；医薬品細菌抗原または抗体組成物の調製，例．細胞ワクチン，Ａ６１Ｋ３９／００）,微生物，その組成物；（原生動物，バクテリアまたはウイルス起源の物質を含む医薬品製剤Ａ６１Ｋ３５／６６，藻類起源の物質を含む医薬品製剤Ａ６１Ｋ３６／０２，菌類起源の物質を含む医薬品製剤Ａ６１Ｋ３６／０６；医薬品細菌抗原または抗体組成物の調製，例．細胞ワクチン，Ａ６１Ｋ３９／００）；微生物またはその組成物を増殖，維持，または保存するための方法；微生物を含む組成物を調製または分離する方法；そのための培地［２００６．０１］
2026.01,タイトル変更,C12N 1/32,C12N 1/32,・低級アルカノール，すなわちＣ↓１～Ｃ↓６のものの利用またはそれを含む培地［３］,・低級アルカノール，すなわちＣ１～Ｃ６のものの利用またはそれを含む培地［２００６．０１］
2026.01,タイトル変更,C12Q 1/6886,C12Q 1/6886,・・・・癌用（癌用の免疫分析Ｇ０１Ｎ３３／５７４）［２０１８．０１］,・・・・癌用（癌用の免疫分析Ｇ０１Ｎ３３／５７５）［２０１８．０１］
2026.01,タイトル変更,C14B 1/04,C14B 1/04,・・平滑化シリンダ，厚み均一化シリンダ，または平担化シリンダまたは支持体に埋込まれた刃を使用すること，例．作動表面に対して直角平面内にあるシリンダ,・・平滑化シリンダ，厚み均一化シリンダ，または平坦化シリンダまたは支持体に埋込まれた刃を使用すること，例．作動表面に対して直角平面内にあるシリンダ［２００６．０１］
2026.01,タイトル変更,C21D 1/09 F,C21D 1/09 F,・光学系に特微のあるもの,・光学系に特徴のあるもの
2026.01,タイトル変更,C21D 8/00,C21D 8/00,熱処理と結合した変形あるいは後に熱処理を伴う変形による物理的性質の改良（鍛造あるいは圧延により成形された製品あるいは材料の硬化であって成形用以外の加熱を必要としないものＣ２１Ｄ１／０２）［３］,熱処理と結合した変形あるいは後に熱処理を伴う変形による鉄金属または鉄合金の物理的性質の改良（鍛造あるいは圧延により成形された製品あるいは材料の硬化であって成形用以外の加熱を必要としないものＣ２１Ｄ１／０２）［２００６．０１］
2026.01,タイトル変更,C21D 8/04,C21D 8/04,・・深絞り用の板あるいはストリップの製造［３］,・・絞り用の板あるいはストリップの製造，例．深絞り用のもの［２０２６．０１］
2026.01,タイトル変更,C22C 1/04 J,C22C 1/04 J,・・原粉粉末の処理に特徴のあるもの,・・原料粉末の処理に特徴のあるもの
2026.01,タイトル変更,C22C 37/00 P,C22C 37/00 P,可鍜鋳鉄,可鍛鋳鉄
2026.01,タイトル変更,C23D 7/00,C23D 7/00,被覆層の処理，例．焼付け前の乾操,被覆層の処理，例．焼付け前の乾燥［２００６．０１］
2026.01,タイトル変更,D01B 3/06,D01B 3/06,・・毛または液体が循還運動するもの,・・毛または液体が循環運動するもの［２００６．０１］
2026.01,タイトル変更,D01B 7/04 E,D01B 7/04 E,緒繭の整列・供給，繭の待期槽,緒繭の整列・供給，繭の待機槽
2026.01,タイトル変更,D01F 9/145,D01F 9/145,・・・・ピッチまたは蒸留残留物まらのもの［５］,・・・・ピッチまたは蒸留残留物からのもの［２００６．０１］
2026.01,タイトル変更,D01H 4/00,D01H 4/00,スライバから分離して単独移動する繊維によりを与えるオープンエンド紡績機械または装置；そのための糸継ぎ装置；オープンエンド紡績技術によって無端芯糸を繊維で披覆するもの［５］,スライバから分離して単独移動する繊維によりを与えるオープンエンド紡績機械または装置；そのための糸継ぎ装置；オープンエンド紡績技術によって無端芯糸を繊維で被覆するもの［５］
2026.01,タイトル変更,D01H 4/34,D01H 4/34,・・空気憤射流を使用するもの［５］,・・空気噴射流を使用するもの［５］
2026.01,タイトル変更,D04B 9/02,D04B 9/02,・目増やし，目減らしのための機構を備えたもの；往復運動を備えたもの，例．平担部の編成のためのもの,・目増やし，目減らしのための機構を備えたもの；往復運動を備えたもの，例．平坦部の編成のためのもの［２００６．０１］
2026.01,タイトル変更,D04B 15/38,D04B 15/38,・糸を編み針に供給，給糸または安内するための装置,・糸を編み針に供給，給糸または案内するための装置
2026.01,タイトル変更,D04D 7/04,D04D 7/04,・立体的なもの（装飾ボタンＡ４４Ｂ１／０４）,・立体的なもの（装飾ボタンＡ４４Ｂ１／０４）　［２００６．０１］
2026.01,タイトル変更,D04H 1/22,D04H 1/22,・・・縮じゅう処理で形成された三次元構造の物品,・・・縮じゅう処理で形成された三次元構造の物品　［２００６．０１］
2026.01,タイトル変更,D06F 65/06,D06F 65/06,・・ローラに対して動力でべッドを圧迫させるもの,・・ローラに対して動力でベッドを圧迫させるもの［２００６．０１］
2026.01,タイトル変更,D06H 7/12,D06H 7/12,・・筒状布のら施状切断,・・筒状布のら旋状切断［２００６．０１］
2026.01,タイトル変更,D21H 21/16,D21H 21/16,・・サイズ剤または揆水剤［５］,・・サイズ剤または撥水剤［２００６．０１］
2026.01,タイトル変更,D21H 21/34,D21H 21/34,・・難然化剤［５］,・・難燃化剤［２００６．０１］
2026.01,タイトル変更,E01C 23/22,E01C 23/22,・・・噴務によるもの［６］,・・・噴霧によるもの［２００６．０１］
2026.01,タイトル変更,E02F 3/815 K,E02F 3/815 K,・・運搬用、引つかき用部材を取付けるもの,・・運搬用、引っかき用部材を取付けるもの
2026.01,タイトル変更,E02F 5/03,E02F 5/03,・補助装置，例．融解，破枠，爆破またはその他の土壌の前処理用,・補助装置，例．融解，破砕，爆破またはその他の土壌の前処理用［２００６．０１］
2026.01,タイトル変更,E03B 7/01 A,E03B 7/01 A,管内のつ回，循環路，バイパス（除排水式）,管内のう回，循環路，バイパス（除排水式）
2026.01,タイトル変更,E04B 1/35,E04B 1/35,・特殊な構築方法，例．リフトスラブ，ジャックブロック（Ｅ０４Ｂ１／３４が優先；現場における特殊な形態構造の壁，床，天井または屋根の成形のための仮設工事，型枠工事Ｅ０４Ｇ１１／０４；建築材料の運般または組立Ｅ０４Ｇ２１／００；現存する建築物への作業Ｅ０４Ｇ２３／００）,・特殊な構築方法，例．リフトスラブ，ジャックブロック（Ｅ０４Ｂ１／３４が優先；現場における特殊な形態構造の壁，床，天井または屋根の成形のための仮設工事，型枠工事Ｅ０４Ｇ１１／０４；建築材料の運搬または組立Ｅ０４Ｇ２１／００；現存する建築物への作業Ｅ０４Ｇ２３／００）［２００６．０１］
2026.01,タイトル変更,E04B 1/62,E04B 1/62,・絶縁または他の保護；要素またはそのための特殊な材料の使用（化学的組成物Ｃ０１～Ｃ１１；絶縁またはシーリングに適用する器具Ｅ０４Ｆ２１／００；望ましくない外部の影響に対する耐性を持つか保護を提供する建築物Ｅ０４Ｈ９／００；壁または間仕切り中の管の密封Ｆ１６Ｌ５／０２；有害な放射線に対する遮薮Ｇ２１Ｆ）［２００６．０１］,・絶縁または他の保護；要素またはそのための特殊な材料の使用（化学的組成物Ｃ０１～Ｃ１１；絶縁またはシーリングに適用する器具Ｅ０４Ｆ２１／００；望ましくない外部の影響に対する耐性を持つか保護を提供する建築物Ｅ０４Ｈ９／００；壁または間仕切り中の管の密封Ｆ１６Ｌ５／０２；有害な放射線に対する遮蔽Ｇ２１Ｆ；建築物の特殊部分の構造は，それらの関連グループ参照）［２００６．０１］
2026.01,タイトル変更,E04B 2/82 511 J,E04B 2/82 511 J,レ－ル以外の手段によるパネルの取り付け〔←高さ調節のない脚〕〔床に個定されない脚→２／７４〕,レ－ル以外の手段によるパネルの取り付け〔←高さ調節のない脚〕〔床に固定されない脚→２／７４〕
2026.01,タイトル変更,E04B 2/82 521,E04B 2/82 521,・・・５０１，５１１以外の取り付け；間仕切壁の左右の壁への取リ付け,・・・５０１，５１１以外の取り付け；間仕切壁の左右の壁への取り付け
2026.01,タイトル変更,E04B 2/84,E04B 2/84,・現場で打み込み，注入またはつき固めによって作られる壁（Ｅ０４Ｂ２／０２，Ｅ０４Ｂ２／５６が優先；そのための型枠Ｅ０４Ｇ１１／０６；コンクリートまたは現場で打ち込みあるいは注入ができる同様な塊状物の作業Ｅ０４Ｇ２１／０２）,・現場で打込み，注入またはつき固めによって作られる壁（Ｅ０４Ｂ２／０２，Ｅ０４Ｂ２／５６が優先；そのための型枠Ｅ０４Ｇ１１／０６；コンクリートまたは現場で打ち込みあるいは注入ができる同様な塊状物の作業Ｅ０４Ｇ２１／０２）［２００６．０１］
2026.01,タイトル変更,E04B 5/02 D,E04B 5/02 D,・ハニカムコア床鈑,・ハニカムコア床版
2026.01,タイトル変更,E04B 5/02 J,E04B 5/02 J,・鋼製床鈑,・鋼製床版
2026.01,タイトル変更,E04B 5/04 H,E04B 5/04 H,・管路床鈑,・管路床版
2026.01,タイトル変更,E04D 3/04 N,E04D 3/04 N,谷用役物〔例．平担な屋根と勾配屋根の接合部の水切金物〕〔谷瓦用風止め板，Ｅ０４Ｄ１／３０Ｔ〕,谷用役物〔例．平坦な屋根と勾配屋根の接合部の水切金物〕〔谷瓦用風止め板，Ｅ０４Ｄ１／３０Ｔ〕
2026.01,タイトル変更,E04F 15/02 S,E04F 15/02 S,・すのこ材〔（溶室洗い場用のもの→Ａ４７Ｋ３／００）〕,・すのこ材〔（浴室洗い場用のもの→Ａ４７Ｋ３／００）〕
2026.01,タイトル変更,E04F 15/18 602 K,E04F 15/18 602 K,・不職布、布,・不織布、布
2026.01,タイトル変更,E04G 9/00 101,E04G 9/00 101,・組立てに特徴のある型粋,・組立てに特徴のある型枠
2026.01,タイトル変更,E04G 9/00 102,E04G 9/00 102,・取りはずしに特徴のある型粋,・取りはずしに特徴のある型枠
2026.01,タイトル変更,E04G 23/08 A,E04G 23/08 A,挟圧力によるもの（切断手段を有するものを含む）〔破粋一般，Ｂ０２Ｃ１／０２〕,挟圧力によるもの（切断手段を有するものを含む）〔破砕一般，Ｂ０２Ｃ１／０２〕
2026.01,タイトル変更,E04H 17/00,E04H 17/00,囲い，例．フェンス，かきね，家蓄の囲い（電気棚に対する特有の形状Ａ０１Ｋ３／００，Ｈ０５Ｃ；フェンス，壁または類似物の通り抜けを可能にする手段Ｅ０６Ｂ１１／００）,囲い，例．フェンス，かきね，家畜の囲い（電気棚に対する特有の形状Ａ０１Ｋ３／００，Ｈ０５Ｃ；フェンス，壁または類似物の通り抜けを可能にする手段Ｅ０６Ｂ１１／００）［２００６．０１］
2026.01,タイトル変更,E06B 3/677,E06B 3/677,・・ガラス板間の空隙の空気を抜くかまたは充填するもの；ガラス板間の空隙の疑縮を防ぐもの（空隙を保たせる部材によるものＥ０６Ｂ３／６６３），ガラス板間の空隙の洗浄［６］,・・ガラス板間の空隙の空気を抜くかまたは充填するもの；ガラス板間の空隙の凝縮を防ぐもの（空隙を保たせる部材によるものＥ０６Ｂ３／６６３），ガラス板間の空隙の洗浄［２００６．０１］
2026.01,タイトル変更,F01K 7/04,F01K 7/04,・・それらに特に適合した調整手段,・・前記機関に対する独特な調整装置［２００６．０１］
2026.01,タイトル変更,F01N 1/00 E,F01N 1/00 E,マフラ外筒に特徴を有するもの〔例、外箇による遮音，外筒の共振防止〕,マフラ外筒に特徴を有するもの〔例、外筒による遮音，外筒の共振防止〕
2026.01,タイトル変更,F01P 3/01 A,F01P 3/01 A,ピストンへツド内の冷媒通路,ピストンヘッド内の冷媒通路
2026.01,タイトル変更,F01P 5/02 F,F01P 5/02 F,液体－空気熱交器または他の熱交換器〔例．ク－ラ用コンデンサ〕と関連する冷却空気ポンプの配列〔液体－空気熱交換器への，または熱交換器からの冷却空気の案内または配送，１１／１０〕,液体－空気熱交換器または他の熱交換器〔例．ク－ラ用コンデンサ〕と関連する冷却空気ポンプの配列〔液体－空気熱交換器への，または熱交換器からの冷却空気の案内または配送，１１／１０〕
2026.01,タイトル変更,F01P 5/04 D,F01P 5/04 D,クランク軸による機械的な駆動装置〔機械的な駆動装置の制御，７／０４Ｅ，７／０８〕，〔含可焼軸によるもの〕,クランク軸による機械的な駆動装置〔機械的な駆動装置の制御，７／０４Ｅ，７／０８〕，〔含可撓軸によるもの〕
2026.01,タイトル変更,F02B 19/14 A,F02B 19/14 A,予燃焼室の形状，構造に特徴のあるもの〔副焼焼を含む〕,予燃焼室の形状，構造に特徴のあるもの〔副燃焼を含む〕
2026.01,タイトル変更,F02C 7/00,F02C 7/00,グループＦ０２Ｃ１／００～Ｆ０２Ｃ６／００に分類されない，またはそれにはない注目すべき特性，構成部品，細部または付属品；ジェット推進設備のための空気の取り入れ（制御Ｆ０２Ｃ９／００）,グループＦ０２Ｃ１／００～Ｆ０２Ｃ６／００に分類されない，またはそれにはない注目すべき特徴，構成部品，細部または付属品；ジェット推進設備のための空気の取り入れ（制御Ｆ０２Ｃ９／００）［２００６．０１］
2026.01,タイトル変更,F02C 7/04,F02C 7/04,・ガスタービン設備又はジェット推備設備のための空気の取り入れ［３］,・ガスタービン設備又はジェット推進設備のための空気の取り入れ［２００６．０１］
2026.01,タイトル変更,F02C 7/24,F02C 7/24,・断熱又は騒音遮断（騒音抑制手段をもつ空気取入口Ｆ０２Ｃ７／０４５；タービンの排気ヘッド，排気室又は類以のものＦ０１Ｄ２５／３０；ジェット推進設備のノズルの消音Ｆ０２Ｋ１／００）［３］,・断熱又は騒音遮断（騒音抑制手段をもつ空気取入口Ｆ０２Ｃ７／０４５；タービンの排気ヘッド，排気室又は類似のものＦ０１Ｄ２５／３０；ジェット推進設備のノズルの消音Ｆ０２Ｋ１／００）［２００６．０１］
2026.01,タイトル変更,F02M 17/03,F02M 17/03,・防火装置をもつ気化器，例．消化装置と組み合わされたもの,・防火装置をもつ気化器，例．消火装置と組み合わされたもの［２００６．０１］
2026.01,タイトル変更,F02M 29/04 A,F02M 29/04 A,噴射燃料衡突部材を有するもの,噴射燃料衝突部材を有するもの
2026.01,タイトル変更,F03B 11/00 D,F03B 11/00 D,防触,防蝕［２００６．０１］
2026.01,タイトル変更,F03B 13/00,F03B 13/00,特殊用途のための機械または機関の適用；駆動するかまたは駆動される装置と機械または機関の組み合わせ（もし装置の特微が大きければ，そのような装置に該当する箇所を参照，例．Ｈ０２Ｋ７／１８）；原動所または動力集合体（水工Ｅ０２Ｂ；容積形機械または機関にのみ結合したものＦ０３Ｃ）,特殊用途のための機械または機関の適用；駆動するかまたは駆動される装置と機械または機関の組み合わせ（もし装置の特徴が大きければ，そのような装置に該当する箇所を参照，例．Ｈ０２Ｋ７／１８）；原動所または動力集合体（水工Ｅ０２Ｂ；容積形機械または機関にのみ結合したものＦ０３Ｃ）［２００６．０１］
2026.01,タイトル変更,F03G 6/00 521,F03G 6/00 521,・・作動流体の加熱部，例．畜熱槽をもつもの,・・作動流体の加熱部，例．蓄熱槽をもつもの
2026.01,タイトル変更,F04D 29/07 G,F04D 29/07 G,・異物による影響を除去，防止するもの，例．目詰り防止，ひつかかり防止，付着物落とし,・異物による影響を除去，防止するもの，例．目詰り防止，ひっかかり防止，付着物落とし
2026.01,タイトル変更,F16B 17/00 B,F16B 17/00 B,・挿入片の径を縮少させるもの,・挿入片の径を縮小させるもの
2026.01,タイトル変更,F16B 39/28 C,F16B 39/28 C,ボルトの頭部がサグリ穴にしまりばめ嵌合するもの,ボルトの頭部がザグリ穴にしまりばめ嵌合するもの
2026.01,タイトル変更,F16D 47/00,F16D 47/00,グループの次の組の少なくとも２つの形式を組み合わせたクラッチシステム，またはクラッチと継ぎ手のシステム：Ｆ１６Ｄ１／００～Ｆ１６Ｄ９／００；Ｆ１６Ｄ１１／００～Ｆ１６Ｄ２３／００；Ｆ１６Ｄ２５／００～Ｆ１６Ｄ２９／００；Ｆ１６Ｄ３１／００～Ｆ１６Ｄ３９／００；Ｆ１６Ｄ４１／００～Ｆ１６Ｄ４５／００（フリーホイールの駆動部材と従動部材を鎖錠するためのクラッチと組み合わされたフリーホイールＦ１６Ｄ４１／０４，Ｆ１６Ｄ４１／２６）,グループの次の組の少なくとも２つの形式を組み合わせたクラッチシステム，またはクラッチと継ぎ手のシステム：Ｆ１６Ｄ１／００～Ｆ１６Ｄ９／００，Ｆ１６Ｄ１１／００～Ｆ１６Ｄ２３／００，Ｆ１６Ｄ２５／００～Ｆ１６Ｄ２９／００，Ｆ１６Ｄ３１／００～Ｆ１６Ｄ３９／００，Ｆ１６Ｄ４１／００～Ｆ１６Ｄ４５／００（フリーホイールの駆動部材と従動部材を鎖錠するためのクラッチと組み合わされたフリーホイールＦ１６Ｄ４１／０４，Ｆ１６Ｄ４１／２６）［２００６．０１］
2026.01,タイトル変更,F16F 1/37 F,F16F 1/37 F,・空洞部を有するもの，例．立方昌型の空洞配置を有するもの,・空洞部を有するもの，例．立方晶型の空洞配置を有するもの
2026.01,タイトル変更,F16H 57/04 J,F16H 57/04 J,・油の捕促，案内，通路［例，案内板］,・油の捕捉，案内，通路［例．案内板］
2026.01,タイトル変更,F16K 7/12,F16K 7/12,・平担，皿状，わん状，のダイヤフラム,・平坦，皿状，わん状，のダイヤフラム［２００６．０１］
2026.01,タイトル変更,F16K 7/14,F16K 7/14,・・平担弁座面に対して変形されるように配置されているもの,・・平坦弁座面に対して変形されるように配置されているもの［２００６．０１］
2026.01,タイトル変更,F16K 11/074,F16K 11/074,・・・・平担な接合面をもつもの［４］,・・・・平坦な接合面をもつもの［２００６．０１］
2026.01,タイトル変更,F16L 1/024,F16L 1/024,・陸上での管の敷設または埋設，例．地面上（Ｆ１６Ｌ１／１２が優先）［５］,・陸上での管の敷設または埋設，例．地面より上に（Ｆ１６Ｌ１／１２が優先）［２００６．０１］
2026.01,タイトル変更,F16L 1/028,F16L 1/028,・・地中（Ｆ１６Ｌ１／０２６が優先）［５，６］,・・地中に（Ｆ１６Ｌ１／０２６が優先）［２００６．０１］
2026.01,タイトル変更,F16L 1/036,F16L 1/036,・・・管が短い長さの部分から成り立っているもの（Ｆ１６Ｌ１／０３８が優先）［５，６］,・・・管が短い長さの部品から構成されるもの（Ｆ１６Ｌ１／０３８が優先）［２００６．０１］
2026.01,タイトル変更,F16L 1/038,F16L 1/038,・・・現場施工の管［６］,・・・管が現場で形作られるもの［２００６．０１］
2026.01,タイトル変更,F16L 1/14,F16L 1/14,・・表面と底の間での敷設または埋設［５］,・・水面と水底の間に［２００６．０１］
2026.01,タイトル変更,F16L 1/16,F16L 1/16,・・底での敷設または埋設［５］,・・水底上に［２００６．０１］
2026.01,タイトル変更,F16L 1/18,F16L 1/18,・・・ＳまたはＪ形の管で敷設中の張力下にあるもの［５］,・・・管がＳ形またはＪ形で敷設中に張力がかかるもの［２００６．０１］
2026.01,タイトル変更,F16L 7/00,F16L 7/00,他の管またはスリーブの内側に管またはケーブルを支持するもの，例．交通の妨害にならないで道路または鉄道下へ管またはケーブルを挿入したり，または引き出したりすることができるもの（比較的可動な点の間で，管，ケーブルまたは保護管類を支持するためのスリーブＦ１６Ｌ３／０１）［５］,他の管またはスリーブの内側にある管またはケーブルの支持，例．交通を妨げずに道路下または鉄道下へ管またはケーブルを挿入するまたは引き出すことを可能にするためのもの（相対的に可動な点の間で，管，ケーブルまたは保護チューブを支持するためのスリーブＦ１６Ｌ３／０１）［２００６．０１］
2026.01,タイトル変更,F16L 9/127,F16L 9/127,・・単一の層からなる壁［２００６．０１］,・・壁が単一の層からなるもの［２００６．０１］
2026.01,タイトル変更,F16L 9/128,F16L 9/128,・・・強化管［２００６．０１］,・・・補強管［２００６．０１］
2026.01,タイトル変更,F16L 9/133,F16L 9/133,・・２層からなる壁［２００６．０１］,・・壁が２つの層からなるもの［２００６．０１］
2026.01,タイトル変更,F16L 11/14,F16L 11/14,・固い材料で作られたもの，例．金属または固いプラスチック［２００６．０１］,・剛性の材料，例．金属または硬質プラスチック，　　で作られたもの
2026.01,タイトル変更,F16L 19/04,F16L 19/04,・付加的に剛性リングを使用するもので，少なくとも一つの連結する前かまたはその間に押しひろげられる管端で直接密封するもの,・少なくとも一方の管端上を直接密封する付加的な剛性リングを使用するもので，管端は接続の前かまたは接続の間に押しひろげられるもの
2026.01,タイトル変更,F16L 19/08,F16L 19/08,・管の壁の中へ食い込む所の金属リングをもつもの,・管の壁の中へ食い込む金属リングをもつもの
2026.01,タイトル変更,F16L 19/01,F16L 19/01,・・リングの形状が変えられたもの［５］,・・リングの形状が変化するもの［２００６．０１］
2026.01,タイトル変更,F16L 19/12,F16L 19/12,・・・付加された密封手段をもつもの［５］,・・・付加的な密封手段をもつもの［２００６．０１］
2026.01,タイトル変更,F16L 19/14,F16L 19/14,・・・環が接続部品の一つと一体となっているもの［６］,・・・リングが接続部品の一つと一体となっているもの［２００６．０１］
2026.01,タイトル変更,F16L 27/053,F16L 27/053,・・・フランジとそれを貫くボルトによって保持されるもの［２００６．０１］,・・・フランジを貫くボルトによってその場に保持されるもの［２００６．０１］
2026.01,タイトル変更,F16L 27/08,F16L 27/08,・管の軸まわりのみの調整または動きを許容するもの［２００６．０１］,・一方の管の軸まわりのみの調整または動きを許容するもの
2026.01,タイトル変更,F16L 27/093,F16L 27/093,・・・“バンジョー”型，すなわち，直角回動カップリングの［２００６．０１］,・・・“バンジョー”型，すなわち，回動する直角カップリング［６］
2026.01,タイトル変更,F16L 33/08,F16L 33/08,・・ウォームがウォーム歯車のように歯が設けられたホース包囲部材の一部と協働するもの　［２００６．０１］,・・ウォームがウォーム歯車のように歯が設けられたホース包囲部材の一部と協働するもの　　［２００６．０１］
2026.01,タイトル変更,F16L 37/124,F16L 37/124,・・・フランジに固定される，もう一つのフランジのスロットに傾動可能に取り付けられ，ナットの締め込みによりその場に維持される，ボルトを用いるもの［２００６．０１］,・・・一方のフランジに固定され，他方のフランジのスロットに傾動して進入することができ，ナットの締め込みによりそこに固定されるボルトを用いるもの［２００６．０１］
2026.01,タイトル変更,F16L 39/00,F16L 39/00,二重または多水路管または管組み立て品のための継ぎ手または取り付け具,二重壁のまたは多水路の管または管組み立て品のための継ぎ手または取り付け具
2026.01,タイトル変更,F16L 41/14,F16L 41/14,・・壁の内側または外側に中間部品をねじこむことによるもの［２００６．０１］,・・壁の内側または外側に押し当たるよう中間部品をねじこむことによるもの［２００６．０１］
2026.01,タイトル変更,F16L 55/07 E,F16L 55/07 E,管に排水のための装置を設けたもの（水道用水板栓はＥ０３Ｂ７／００）,管に排水のための装置を設けたもの（水道用水抜栓はＥ０３Ｂ７／００）
2026.01,タイトル変更,F21V 29/504,F21V 29/504,・・・屈析器の冷却［２０１５．０１］,・・・屈折器の冷却［２０１５．０１］
2026.01,タイトル変更,F21Y 105:18,F21Y 105:18,・・・環状のもの，正方形や長方形以外の多角形のもの，例．スポットライトのため，または軸対象の光線を発生させるためのもの［２０１６．０１］,・・・環状のもの，正方形や長方形以外の多角形のもの，例．スポットライトのため，または軸対称の光線を発生させるためのもの［２０１６．０１］
2026.01,タイトル変更,F23M 9/00 A,F23M 9/00 A,施回流を生じるもの,旋回流を生じるもの
2026.01,タイトル変更,F23N 5/12 J,F23N 5/12 J,・・総合的な焼焼制御システム,・・総合的な燃焼制御システム
2026.01,タイトル変更,F23Q 7/00 605 G,F23Q 7/00 605 G,溶触ガラス接合部,溶融ガラス接合部
2026.01,タイトル変更,F24C 3/12 B,F24C 3/12 B,・グリルとオ－ブン〔炊飯〕等二種以上の調理の制卸,・グリルとオ－ブン〔炊飯〕等二種以上の調理の制御
2026.01,タイトル変更,F24F 6/12,F24F 6/12,・空気中で水を撤布することによるもの［２００６．０１］,・空気中で水を撒布することによるもの［２００６．０１］
2026.01,タイトル変更,F24F 13/18,F24F 13/18,・・平担なパネル，例．ドアまたは窓わく，にそう入するよう特別に適用されたもの,・・平坦なパネル，例．ドアまたは窓わく，にそう入するよう特別に適用されたもの［２００６．０１］
2026.01,タイトル変更,F25B 5/02 510 P,F25B 5/02 510 P,・熱交換器・フアンの能力製御に特徴があるもの,・熱交換器・フアンの能力制御に特徴があるもの
2026.01,タイトル変更,F25B 47/02 530 Q,F25B 47/02 530 Q,・・除霜間始終了前後の制御,・・除霜開始終了前後の制御
2026.01,タイトル変更,F26B 21/00,F26B 21/00,固体材料または物体を乾燥するため空気およびガスを供給し，制御する装置（空気調和または換気一般Ｆ２４Ｆ）,固体材料または物体を乾燥するため空気または他のガスを供給または制御する装置［２０２６．０１］
2026.01,タイトル変更,F26B 23/00,F26B 23/00,加熱装置（加熱空気またはガスを用いるものＦ２６Ｂ２１／００）,加熱装置（加熱空気または他のガスを用いるものＦ２６Ｂ２１／００）［２００６．０１］
2026.01,タイトル変更,F28D 7/00,F28D 7/00,両熱交換媒体に対して不動の管状の流路群をもち、それらの媒体が相互に異なった側の流路壁と接触する熱交換装置,両熱交換媒体に対して不動の管状の流路群をもち，それらの媒体が相互に異なった側の流路壁と接触する熱交換装置［２００６．０１］
2026.01,タイトル変更,F41G 3/22,F41G 3/22,・車両兵装用，例．航空機塔載,・車両兵装用，例．航空機搭載［２００６．０１］
2026.01,タイトル変更,F41G 5/14,F41G 5/14,・車両塔載砲用,・車両搭載砲用［２００６．０１］
2026.01,タイトル変更,F41G 5/18,F41G 5/18,・・航空機塔載砲銃の追随方式,・・航空機搭載砲銃の追随方式［２００６．０１］
2026.01,タイトル変更,F41G 5/02,F41G 5/02,・・艦船塔載砲用,・・艦船搭載砲用［２００６．０１］
2026.01,タイトル変更,F42B 17/00,F42B 17/00,ロケット魚雷，すなわち空中および水中運動用各推進機構をもつ飛ょう体（Ｆ４２Ｂ１２／００が優先）,ロケット魚雷，すなわち空中および水中運動用各推進機構をもつ飛しょう体（Ｆ４２Ｂ１２／００が優先）［２００６．０１］
2026.01,タイトル変更,G01G 13/00 L,G01G 13/00 L,・袋伏容器,・袋状容器
2026.01,タイトル変更,G01H 9/00 C,G01H 9/00 C,ドツプラ－効果，光の干渉・回析を利用したもの,ドツプラ－効果，光の干渉・回折を利用したもの
2026.01,タイトル変更,G01M 3/28 Q,G01M 3/28 Q,パイプを外周から圧漬する試験,パイプを外周から圧潰する試験
2026.01,タイトル変更,G01R 17/02 B,G01R 17/02 B,・光ポテンションメータに係るもの,・光ポテンショメータに係るもの
2026.01,タイトル変更,G01R 29/02,G01R 29/02,・個々のパルスの特性，例．パルスの平担さからのずれ，立上り時間または持続時間［３］,・個々のパルスの特性，例．パルスの平坦さからのずれ，立上り時間または持続時間［３］
2026.01,タイトル変更,G01R 31/00,G01R 31/00,電気的性質を試験するための装置；電気的故障の位置を示すための装置；試験対象に特徴のある電気的試験用の装置で，他に分類されないもの（製造中に半導体装置または固体装置を試験もしくは測定するものＨ０１Ｌ２１／６６；有線伝送方式の試験Ｈ０４Ｂ３／４６）,電気的性質を試験するための装置；電気的故障の位置を示すための装置；試験対象に特徴のある電気的試験用の装置で，他に分類されないもの（製造中に半導体装置または固体装置を試験もしくは測定するものＨ１０Ｐ７４／００；有線伝送方式の試験Ｈ０４Ｂ３／４６）［２００６．０１］
2026.01,タイトル変更,G01R 31/26,G01R 31/26,・個々の半導体装置の試験（製造中または処理中の試験または測定Ｈ０１Ｌ２１／６６；光電圧装置の試験Ｈ０２Ｓ５０／１０）［２０２０．０１］,・個々の半導体装置の試験（製造中または処理中の試験または測定Ｈ１０Ｐ７４／００；光電圧装置の試験Ｈ０２Ｓ５０／１０）［２０２０．０１］
2026.01,タイトル変更,G01S 1/46,G01S 1/46,・・・・受信機においてビームの搬送波の実質的に連続する正弦波包路線信号を作り出し，かつその位相角がビーコンに対する基準方向との間の角度に依存するところの広ビーム方式，例．カージオイド方式［５］,・・・・受信機においてビームの搬送波の実質的に連続する正弦波包絡線信号を作り出し，かつその位相角がビーコンに対する基準方向との間の角度に依存するところの広ビーム方式，例．カージオイド方式［５］
2026.01,タイトル変更,G01S 3/809,G01S 3/809,・・・回転面または揺動面内における方向を決定するために，またはかかる面内の所定の方向からの偏差を決定するために，受信信号の連続的な解折を用いる回転または揺動ビーム方式［５］,・・・回転面または揺動面内における方向を決定するために，またはかかる面内の所定の方向からの偏差を決定するために，受信信号の連続的な解析を用いる回転または揺動ビーム方式［５］
2026.01,タイトル変更,G01S 7/292 202,G01S 7/292 202,・・・・・・積分方式，積分器，畜積管,・・・・・・積分方式，積分器，蓄積管
2026.01,タイトル変更,G01S 13/72,G01S 13/72,・・二次元追尾のためのもの，例．角度追尾と距離追尾の組合せ，トラック・ホワイル・スキャン・レーダ［３］,・・二次元追尾のためのもの，例．角度追尾と距離追尾の組合せ，トラック－ホワイル－スキャン－レーダ［２００６．０１］
2026.01,タイトル変更,G01V 5/00 B,G01V 5/00 B,理設物の検出（禁制品の検出はＧ０１Ｖ５／２０～５／２６を優先）,埋設物の検出（禁制品の検出はＧ０１Ｖ５／２０～５／２６を優先）
2026.01,タイトル変更,G02C 11/06,G02C 11/06,・補聴器（補聴器の構造Ｈ０４Ｒ２５／００）,・補聴器（電気的な補聴器の構造Ｈ０４Ｒ２５／００）［２００６．０１］
2026.01,タイトル変更,G03B 7/04,G03B 7/04,・内蔵せる光感応装置の指示に合わせて部材を手動調整しておこなう制御，例．固定の関連結合記号に指針を合わせ直すもの,・内蔵する光感応装置の指示に合わせて部材を手動調整しておこなう制御，例．固定の関連結合記号に指針を合わせ直すもの［２０２１．０１］
2026.01,タイトル変更,G03B 7/089,G03B 7/089,・・・レフックスカメラにおける露出値を記憶するもの［３］,・・・レフレックスカメラにおける露出値を記憶するもの［２０２１．０１］
2026.01,タイトル変更,G03F 7/00,G03F 7/00,フォトメカニカル法，例．フォトリソグラフ法，による凹凸化又はパターン化された表面，例．印刷表面，の製造；そのための材料，例．フォトレジストからなるもの；そのため特に適合した装置（特別の製造法のためのフォトレジスト構造を用いるもの，関係箇所，例．Ｂ４４Ｃ，Ｈ０１Ｌ，例．Ｈ０１Ｌ２１／００，Ｈ０５Ｋ，を参照）［３，５］,フォトメカニカル法，例．フォトリソグラフ法，による凹凸化又はパターン化された表面，例．印刷表面，の製造；そのための材料，例．フォトレジストからなるもの；そのため特に適合した装置（特別の製造法のためのフォトレジスト構造を用いるもの，関係箇所，例．Ｂ４４Ｃ，Ｈ１０Ｐ７６／００，Ｈ０５Ｋ，を参照）［２００６．０１］
2026.01,タイトル変更,G03G 5/00,G03G 5/00,たとえば光，熱，電子を照射して原画像の記録を行なうための記録材料；その製造；物質の選択（測定装置用の記録表面Ｇ０１Ｄ１５／３４；写真用感光材料Ｇ０３Ｃ）,たとえば光，熱または電子を照射して原画像の記録を行なうための記録材料；その製造；そのための物質の選択［２００６．０１］
2026.01,タイトル変更,G03G 5/14,G03G 5/14,・電荷受像層用不活性中間層または被覆層（Ｇ０３Ｇ５／０４が優先）［２，５］,・電荷受像層用不活性中間層または被覆層（光導電性，電荷発生または電荷輸送層のためのもの　Ｇ０３Ｇ５／０４）［２００６．０１］
2026.01,タイトル変更,G03G 7/00,G03G 7/00,受像素材，すなわち物理的接触により反転する場合に用いる物質の選択；その製造（写真用感光材料Ｇ０３Ｃ）,受像素材，すなわち物理的接触により反転する場合に用いる物質の選択；その製造［２００６．０１］
2026.01,タイトル変更,G03G 13/02,G03G 13/02,・感光性の賦与，すなわち均一帯電をすること（コロナ帯電用装置それ自体Ｈ０１Ｔ１９／００）,・感光性の賦与，すなわち均一帯電をすること［２００６．０１］
2026.01,タイトル変更,G03G 13/045,G03G 13/045,・・記録材料上の帯電像の特定部分を帯電または放電するもの，例．非画像域の放電，コントラスト強化（Ｇ０３Ｇ１３／３４，Ｇ０３Ｇ１５／３６，Ｇ０３Ｇ２１／０６が優先）［６］,・・記録材料上の帯電像の特定部分を帯電または放電するもの，例．非画像域の放電またはコントラスト強化（Ｇ０３Ｇ１３／３４，Ｇ０３Ｇ２１／０６が優先）［２００６．０１］
2026.01,タイトル変更,G03G 13/05,G03G 13/05,・画像状帯電，すなわち，荷電粒子の変調流を用いて電荷を原画像の輪郭に置くもの，例．帯電像を帯びる光導電性制御スクリーンまたは光学的に活性化された帯電手段により変調されたコロナイオンの（電気画像信号により制御される帯電手段を用いるものＢ４１Ｊ）［６］,・画像状帯電，すなわち，荷電粒子の変調流を用いて電荷を原画像の輪郭に置くもの，例．帯電像を帯びる光導電性制御スクリーンまたは光学的に活性化された帯電手段により変調されたコロナイオンのもの［２００６．０１］
2026.01,タイトル変更,G03G 15/05,G03G 15/05,・画像状帯電用，例．光導電性制御スクリーン，光学的に活性化された帯電手段（電気画像信号により制御される帯電手段Ｂ４１Ｊ）［６］,・画像状帯電のためのもの，例．光導電性制御スクリーンまたは光学的に活性化された帯電手段［２００６．０１］
2026.01,タイトル変更,G04B 39/00 M,G04B 39/00 M,・・・光の干渉皮膜；回析格子,・・・光の干渉皮膜；回折格子
2026.01,タイトル変更,G04C 1/00,G04C 1/00,電気巻上げ式機械時計（機械巻上げ式Ｇ０４Ｂ３／００）,電気巻上げ式機械時計［２００６．０１］
2026.01,タイトル変更,G04C 1/01,G04C 1/01,・巻き過ぎ保護（機械時計の巻き過ぎ保護Ｇ０４Ｂ１／２０，Ｇ０４Ｂ３／０６，Ｇ０４Ｂ３／１０）,・巻き過ぎ保護［２００６．０１］
2026.01,タイトル変更,G04C 3/033,G04C 3/033,・・ねじり振子を使用するもの；円すい振子を使用するもの（構造Ｇ０４Ｂ１７／００）［３］,・・ねじり振子を使用するもの；円すい振子を使用するもの［３］
2026.01,タイトル変更,G04C 9/00,G04C 9/00,時刻表示手段を設定するための電気的作動装置（子時計のものＧ０４Ｃ１３／０３；電波時計Ｇ０４Ｒ）［３］,時刻表示手段を設定するための電気的作動装置（子時計のものＧ０４Ｃ１３／０３）［２００６．０１］
2026.01,タイトル変更,G04C 11/00,G04C 11/00,独立して駆動される時計の同期化（電波時計Ｇ０４Ｒ）,独立して駆動される時計の同期化［２００６．０１］
2026.01,タイトル変更,G04C 11/04,G04C 11/04,・伝送線によるもの（電話網を用いて時刻信号を伝送するものＨ０４Ｍ１１／０６）,・伝送線によるもの［２００６．０１］
2026.01,タイトル変更,G04C 17/00,G04C 17/00,電気的手段による光学的時刻表示（Ｇ０４Ｃ１９／００が優先；液晶材料Ｃ０９Ｋ１９／００；機械的手段によるものＧ０４Ｂ１９／００，Ｇ０４Ｂ１９／２０）［３］,電気的手段による光学的時刻表示（Ｇ０４Ｃ１９／００が優先）［２００６．０１］
2026.01,タイトル変更,G04C 21/04,G04C 21/04,・時刻の表示（音響的な時刻表示Ｇ０４Ｂ２１／００）,・時刻の表示［２００６．０１］
2026.01,タイトル変更,G04C 23/00,G04C 23/00,あらかじめ選定された時刻に，またはあらかじめ選定された時間間隔の後に任意装置を操作するところの取り付けられたまたは組み込まれた手段をもつ時計（電気的手段によって音響的時間信号を発生するものに限られるものＧ０４Ｃ２１／００；機械的警報時計Ｇ０４Ｂ２３／０２；予定の時間間隔を区切るためにセットおよびスタートができる装置Ｇ０４Ｆ３／０６；プログラム完了後に自動的に操作を終了するための時限スイッチまたは時限プログラムスイッチＨ０１Ｈ４３／００）,あらかじめ選定された時刻に，またはあらかじめ選定された時間間隔の後に任意装置を操作するところの取り付けられたまたは組み込まれた手段をもつ時計（電気的手段によって音響的時間信号を発生するものに限られるものＧ０４Ｃ２１／００）
2026.01,タイトル変更,G05B 19/427,G05B 19/427,・・・ツールヘッドの位置決めサーボを制御するための操作レバーまたはハンドルの位置を追跡すること，マスタースレーブ制御により連続する位置を教示するもの（Ｇ０５Ｂ１９／４２３が優先）［６］,・・・ジョイスティックまたはハンドルの位置を追跡し，ツールヘッドの位置決めサーボを制御することにより連続する位置を教示するもの，マスタースレーブ制御（Ｇ０５Ｂ１９／４２３が優先）［２００６．０１］
2026.01,タイトル変更,G05G 7/16,G05G 7/16,・機構の支持体間の僅少相対運動の影響を減少させるための特特な手段，例．被制御機構の弾性装架によるもの,・機構の支持体間の僅少相対運動の影響を減少させるための独特な手段，例．被制御機構の弾性装架によるもの
2026.01,タイトル変更,G06D 1/00,G06D 1/00,細部，例．機能要素（個々の論理素子Ｆ１５Ｃ；弁Ｆ１６Ｋ）,細部，例．機能要素［２００６．０１］
2026.01,タイトル変更,G06F 3/13 320 M,G06F 3/13 320 M,拡大・縮少処理,拡大・縮小処理
2026.01,タイトル変更,G06F 9/46 420,G06F 9/46 420,・・・分散処理（処理配分はＧ０６Ｆ９／４６，４６５優先）,・・・分散処理（処理配分はＧ０６Ｆ９／５０，１５０優先）
2026.01,タイトル変更,G06F 11/14,G06F 11/14,・・演算に冗長性を持たせることによるデータのエラー検出または訂正，例．同じ結果になる別の演算式を用いることによるもの（Ｇ０６Ｆ１１／１６が優先）［３］,・・演算に冗長性を持たせることによるデータのエラー検出または訂正（ハードウェアに冗長性を持たせることによるデータのエラー検出または訂正Ｇ０６Ｆ１１／１６）［２０２６．０１］
2026.01,タイトル変更,G06F 16/18,G06F 16/18,・・ファイルシステム型［２０１９．０１］,・・ファイルシステムの種類［２０１９．０１］
2026.01,タイトル変更,G06F 16/242,G06F 16/242,・・・クエリの定式化［２０１９．０１］,・・・クエリの構築［２０１９．０１］
2026.01,タイトル変更,G06F 16/25,G06F 16/25,・・データベース管理システムを含むシステムの統合またはインターフェース［２０１９．０１］,・・データベース管理システムを含むシステムの統合または連携［２０１９．０１］
2026.01,タイトル変更,G06F 16/332,G06F 16/332,・・・クエリの定式化［２０２５．０１］,・・・クエリの構築［２０２５．０１］
2026.01,タイトル変更,G06F 16/3329,G06F 16/3329,・・・・自然言語によるクエリの定式化［２０２５．０１］,・・・・自然言語によるクエリの構築［２０２５．０１］
2026.01,タイトル変更,G06F 16/432,G06F 16/432,・・・クエリの定式化［２０１９．０１］,・・・クエリの構築［２０１９．０１］
2026.01,タイトル変更,G06F 16/532,G06F 16/532,・・・クエリの定式化，例．グラフィカルクエリ［２０１９．０１］,・・・クエリの構築，例．グラフィカルクエリ［２０１９．０１］
2026.01,タイトル変更,G06F 16/632,G06F 16/632,・・・クエリの定式化［２０１９．０１］,・・・クエリの構築［２０１９．０１］
2026.01,タイトル変更,G06F 16/732,G06F 16/732,・・・クエリの定式化［２０１９．０１］,・・・クエリの構築［２０１９．０１］
2026.01,タイトル変更,G06F 16/832,G06F 16/832,・・・クエリの定式化［２０１９．０１］,・・・クエリの構築［２０１９．０１］
2026.01,タイトル変更,G06F 16/09,G06F 16/09,・検索されたデータ型に依存しないデータベース機能の細部［２０１９．０１］,・検索されるデータ型に依存しないデータベース機能の細部［２０１９．０１］
2026.01,タイトル変更,G06F 16/9032,G06F 16/9032,・・・クエリの定式化［２０１９．０１］,・・・クエリの構築［２０１９．０１］
2026.01,タイトル変更,G06F 16/9532,G06F 16/9532,・・・・クエリの定式化［２０１９．０１］,・・・・クエリの構築［２０１９．０１］
2026.01,タイトル変更,G06G 1/00,G06G 1/00,手動式計算装置（プラニメータＧ０１Ｂ５／２６）,手動式計算装置
2026.01,タイトル変更,G06G 5/00,G06G 5/00,計算動作が流体圧素子により行なわれる装置（流体圧素子一般Ｆ１５Ｃ）,計算動作が流体圧素子により行なわれる装置［２００６．０１］
2026.01,タイトル変更,G06G 7/00,G06G 7/00,計算動作が電気的または磁気的量を変化させることにより行われる装置（イメージデータ処理用神経回路網Ｇ０６Ｔ；音声の分析または合成Ｇ１０Ｌ）,計算動作が電気的または磁気的量を変化させることにより行われる装置
2026.01,タイトル変更,G06G 7/04,G06G 7/04,・入出力装置（グラフ読みとり装置Ｇ０６Ｋ１１／００；関数プロッタ，座標プロッタＧ０６Ｋ１５／２２）,・入出力装置
2026.01,タイトル変更,G06G 7/12,G06G 7/12,・計算動作を行なう装置，例．そのために特に適用された増幅器（増幅器一般Ｈ０３Ｆ）,・計算動作を行なう装置，例．そのために特に適合する増幅器
2026.01,タイトル変更,G06G 7/164,G06G 7/164,・・・べきの計算のための手段を用いるもの，例．１／４自乗差乗算器（べきの計算Ｇ０６Ｇ７／２０）［３］,・・・べきの計算のための手段を用いるもの，例．１／４自乗差乗算器（べきの計算，べき根，多項式，２乗平均値または標準偏差の値を求めるためのもの　Ｇ０６Ｇ７／２０）［３］
2026.01,タイトル変更,G06G 7/19,G06G 7/19,・・積の積分をするためのもの，例．フーリエ積分，ラプラス積分，相関積分；直交関数を用いて関数の解析または合成をするためのもの（フーリエまたはスペクトル分析Ｇ０１Ｒ２３／１６）［３］,・・積の積分をするためのもの，例．フーリエ積分，ラプラス積分または相関積分；直交関数を用いて関数の解析または合成をするためのもの［３］
2026.01,タイトル変更,G06G 7/02,G06G 7/02,・・べき，べき根，多項式，２乗平均値，標準偏差の値を求めるためのもの（Ｇ０６Ｇ７／１２２，Ｇ０６Ｇ７／２８が優先；テレビジョン回路に於けるガンマ補正Ｈ０４Ｎ５／２０２，Ｈ０４Ｎ９／６９）［３］,・・べき，べき根，多項式，２乗平均値，標準偏差の値を求めるためのもの（Ｇ０６Ｇ７／１２２，Ｇ０６Ｇ７／２８が優先）［３］
2026.01,タイトル変更,G06G 7/26,G06G 7/26,・・任意関数発生器（直交関数を用いるもの，例．フーリエ級数を用いるものＧ０６Ｇ７／１９；曲線追従器を用いるものＧ０６Ｋ１１／０２）,・・任意関数発生器（直交関数を用いるもの，例．フーリエ級数を用いるもの，Ｇ０６Ｇ７／１９）
2026.01,タイトル変更,G06G 7/04,G06G 7/04,・・・・偏微分方程式のためのもの（特定装置をシミュレーションするものＧ０６Ｇ７／４８）,・・・・偏微分方程式のためのもの（特定プロセス，システムまたは装置のためのアナログ計算機，例．シミュレータ，Ｇ０６Ｇ７／４８）
2026.01,タイトル変更,G06G 7/625,G06G 7/625,・・・インピーダンス回路網，例．応答の決定，極または零点の決定，ナイキスト図表の決定のためのもの（インピーダンスの測定Ｇ０１Ｒ２７／００）［２］,・・・インピーダンス回路網，例．応答の決定，極または零点の決定またはナイキスト図表の決定のためのもの［２］
2026.01,タイトル変更,G06G 7/72,G06G 7/72,・・・フライトシミュレータ（飛行訓練装置Ｇ０９Ｂ９／０８）,・・・フライトシミュレータ
2026.01,タイトル変更,G06J 1/00,G06J 1/00,ハイブリッド計算装置（デジタル的にプログラムされたアナログ計算機Ｇ０６Ｇ７／０６）,ハイブリッド計算装置［２００６．０１］
2026.01,タイトル変更,G06M 1/02,G06M 1/02,・ハウジング（測定器用一般Ｇ０１Ｄ）,・ハウジング
2026.01,タイトル変更,G06M 3/00,G06M 3/00,付加的手段をもつ計数器（間隔がランダムな電気パルスの発生Ｈ０３Ｋ３／８４）,付加的手段をもつ計数器
2026.01,タイトル変更,G06M 3/06,G06M 3/06,・計数結果を印字または別表示するための手段（表示システムＧ０９）,・計数結果を印字または別表示するための手段
2026.01,タイトル変更,G06M 3/01,G06M 3/01,・各単位でそれぞれとりうる値の個数が異なる単位群の計数をするための手段，例．角度における度や分（桁送り機構Ｇ０６Ｍ１／２０）,・各単位でそれぞれとりうる値の個数が異なる単位群の計数をするための手段，例．角度における度や分
2026.01,タイトル変更,G06M 11/04,G06M 11/04,・・寸法が異なる物品を区別する手段をもつもの（粒子の寸法の調査一般Ｇ０１Ｎ１５／００）,・・寸法が異なる物品を区別する手段をもつもの［２００６．０１］
2026.01,タイトル変更,G06Q 10/02,G06Q 10/02,・製品補修またはメンテナンスの管理［２０２３．０１,・製品補修またはメンテナンスの管理［２０２３．０１］
2026.01,タイトル変更,G06T 11/02,G06T 11/02,・基本的要素，例．直線または円，からのドローイング［６］,・基本的要素からの描画［２０２６．０１］
2026.01,タイトル変更,G06T 11/04,G06T 11/04,・表面の属性，例．色またはテクスチャ，の付加による平坦な表面の塗りつぶし［６］,・表面属性の付加による平坦な表面の塗りつぶし，例．色またはテクスチャの追加［２００６．０１］
2026.01,タイトル変更,G06T 11/06,G06T 11/06,・図とテキストの編集；図またはテキストの結合［６］,・イメージの作成または編集；イメージとテキストの結合［２０２６．０１］
2026.01,タイトル変更,G06T 11/06 100,G06T 11/06 100,・文書画像編集,・・文書画像編集，例．Ｗｅｂページのデザイン
2026.01,タイトル変更,G06T 11/06 100 A,G06T 11/06 100 A,ページレイアウト／ＤＴＰ,ページレイアウト
2026.01,タイトル変更,G06T 11/06 100 C,G06T 11/06 100 C,・写真のページレイアウト，例．電子アルバム,・写真を含むページレイアウト，例．電子アルバムのページレイアウト，電子アルバムのための写真の選択
2026.01,タイトル変更,G07G 1/00,G07G 1/00,金銭登録機（警報機Ｇ０７Ｇ３／００）,金銭登録機［２００６．０１］
2026.01,タイトル変更,G07G 1/01,G07G 1/01,・指示のための細部（情報の表示一般Ｇ０９Ｆ，Ｇ０９Ｇ）［４］,・指示のための細部［２００６．０１］
2026.01,タイトル変更,G07G 1/12,G07G 1/12,・電子的に操作されるもの（デジタルデータ処理観点Ｇ０６Ｆ１７／６０）［４］,・電子的に操作されるもの［２００６．０１］
2026.01,タイトル変更,G07G 1/14,G07G 1/14,・・中央処理ユニットと協動する１または複数の遠方局を含む方式（データの伝送一般Ｈ０４Ｌ；主局からサブステーションを選択的に呼び出す遠隔測定方式Ｈ０４Ｑ９／００）［４］,・・中央処理ユニットと協動する１または複数の遠方局を含む方式［２００６．０１］
2026.01,タイトル変更,G07G 5/00,G07G 5/00,受取発行機（受取を発行する金銭登録機Ｇ０７Ｇ１／００）,受取発行機［２００６．０１］
2026.01,タイトル変更,G08B 3/00,G08B 3/00,可聴信号装置；可聴個人呼出し装置,可聴信号装置，例．可聴個人呼出し装置［２００６．０１］
2026.01,タイトル変更,G08B 5/00,G08B 5/00,可視信号装置，例．個人呼出し装置，座席占有状態の遠隔表示,可視信号装置，例．可視個人呼出し装置，または座席占有状態の遠隔表示［２００６．０１］
2026.01,タイトル変更,G08B 6/00,G08B 6/00,可触信号装置，例．個人呼出し装置［６］,可触信号装置，例．可触個人呼出し装置［２００６．０１］
2026.01,タイトル変更,G08B 7/00,G08B 7/00,グループＧ０８Ｂ３／００～Ｇ０８Ｂ６／００の２以上による信号装置；グループＧ０８Ｂ３／００～Ｇ０８Ｂ６／００の２以上による個人呼出し装置,グループＧ０８Ｂ３／００～Ｇ０８Ｂ６／００のうちの２つ以上に従った信号装置［２００６．０１］
2026.01,タイトル変更,G08G 1/00 Z,G08G 1/00 Z,その他のもの〔使用せず〕,その他のもの
2026.01,タイトル変更,G08G 1/01 D,G08G 1/01 D,・・車両の走行状態に対応するもの〔スピード別はＰ，車線別，分岐路別，方向別はＱ，車種別は１／０１５〕,・・車両の走行状態に対応するもの〔車種別は１／０１５〕
2026.01,タイトル変更,G08G 1/01 Z,G08G 1/01 Z,その他のもの〔使用せず〕,その他のもの
2026.01,タイトル変更,G08G 1/015 Z,G08G 1/015 Z,その他のもの〔使用せず〕,その他のもの
2026.01,タイトル変更,G08G 1/04 Z,G08G 1/04 Z,その他のもの〔使用せず〕,その他のもの
2026.01,タイトル変更,G08G 1/042,G08G 1/042,・・誘導または磁気検出装置を持つもの［５］,・・誘導または磁気検出装置を持つもの［５］〔ループコイルを使用するものなど〕
2026.01,タイトル変更,G08G 1/07 Z,G08G 1/07 Z,その他のもの〔使用せず〕,その他のもの
2026.01,タイトル変更,G08G 1/08 Z,G08G 1/08 Z,その他のもの〔使用せず〕,その他のもの
2026.01,タイトル変更,G08G 1/09 Z,G08G 1/09 Z,その他のもの〔使用せず〕,その他のもの
2026.01,タイトル変更,G08G 1/095 Z,G08G 1/095 Z,その他のもの〔使用せず〕,その他のもの
2026.01,タイトル変更,G08G 1/0968 Z,G08G 1/0968 Z,その他のもの〔使用せず〕,その他のもの
2026.01,タイトル変更,G08G 1/123 Z,G08G 1/123 Z,その他のもの〔使用せず〕,その他のもの
2026.01,タイトル変更,G08G 1/127 Z,G08G 1/127 Z,その他のもの〔使用せず〕,その他のもの
2026.01,タイトル変更,G08G 1/14 Z,G08G 1/14 Z,その他のもの〔使用せず〕,その他のもの
2026.01,タイトル変更,G08G 1/16 Z,G08G 1/16 Z,その他のもの〔使用せず〕,その他のもの
2026.01,タイトル変更,G09F 7/02,G09F 7/02,・記号を坦持し，または記号を形成するところの容易に取りはずしのできる要素を用いたサイン，プレート，パネルまたはボード,・記号を担持し，または記号を形成するところの容易に取りはずしのできる要素を用いたサイン，プレート，パネルまたはボード
2026.01,タイトル変更,G10K 1/063 B,G10K 1/063 B,・プランジヤ－型,・プランジャー型
2026.01,タイトル変更,G10K 1/063 E,G10K 1/063 E,モ－タ駆動,モータ駆動
2026.01,タイトル変更,G10K 1/064 B,G10K 1/064 B,・プランジヤ－型,・プランジャー型
2026.01,タイトル変更,G10K 1/064 E,G10K 1/064 E,モ－タ駆動,モータ駆動
2026.01,タイトル変更,G10K 1/066 A,G10K 1/066 A,チヤイム,チャイム
2026.01,タイトル変更,G10K 1/067 A,G10K 1/067 A,チヤイム,チャイム
2026.01,タイトル変更,G10L 19/00 313,G10L 19/00 313,・・・・記憶部分が可般になっているもの,・・・・記憶部分が可搬になっているもの
2026.01,タイトル変更,G11B 7/24065,G11B 7/24065,・・・光学的回析限界以下の記録または再生をアシストする層、例．非線形光学層または非線形光学のための構造（近接場媒体のための被覆層はＧ１１Ｂ７／２４０５９）［２０１３．０１］,・・・光学的回折限界以下の記録または再生をアシストする層、例．非線形光学層または非線形光学のための構造（近接場媒体のための被覆層はＧ１１Ｂ７／２４０５９）［２０１３．０１］
2026.01,タイトル変更,G11B 20/18 560 C,G11B 20/18 560 C,・平均置補間,・平均値補間
2026.01,タイトル変更,G11B 27/28 C,G11B 27/28 C,信置信号として異なる数のパルスを用いるもの,位置信号として異なる数のパルスを用いるもの
2026.01,タイトル変更,G11B 33/01 602 J,G11B 33/01 602 J,・・嫁動時間,・・稼動時間
2026.01,タイトル変更,G11C 11/406 350,G11C 11/406 350,・・・・・・リフレッシュの内部契機またはタイミング，例．ヒドンリフレッシュ，セリフリフレッシュ，疑似ＳＲＡＭ,・・・・・・リフレッシュの内部契機またはタイミング，例．ヒドンリフレッシュ，セルフリフレッシュ，疑似ＳＲＡＭ
2026.01,タイトル変更,G11C 17/16 100,G11C 17/16 100,・・・抵抗の変化を引き起こすように電気的にプログラムされるメモリセル，例．ヒューズ／アンチヒューズの導通から非導通／非道通から導通状態への変更というより，複数の抵抗段階にプログラムできるもの（抵抗ランダムアクセスメモリ素子を用いるデジタル記憶装置　Ｇ１１Ｃ１３／００，２００）,・・・抵抗の変化を引き起こすように電気的にプログラムされるメモリセル，例．ヒューズ／アンチヒューズの導通から非導通／非導通から導通状態への変更というより，複数の抵抗段階にプログラムできるもの（抵抗ランダムアクセスメモリ素子を用いるデジタル記憶装置　Ｇ１１Ｃ１３／００，２００）
2026.01,タイトル変更,G11C 19/38,G11C 19/38,・二次元の，例．水平方向と垂直方向に情報が移動するシフト・レジスター［７］,・二次元の，例．水平方向と垂直方向に情報が移動するシフトレジスタ［２００６．０１］
2026.01,タイトル変更,G12B 1/00 601 D,G12B 1/00 601 D,・原始間力を利用するもの（Ｈ１１　新設）,・原子間力を利用するもの（Ｈ１１　新設）
2026.01,タイトル変更,G21K 1/00,G21K 1/00,粒子または電離放射線の取扱い装置，例．集束または減速（電離放射線フィルターＧ２１Ｋ３／００；中性子，荷電粒子，中性分子ビームまたは中性原子ビームの発生または加速Ｈ０５Ｈ３／００からＨ０５Ｈ１５／００）［２］,粒子線又は電離放射線を取り扱うための装置，例．集束または減速［２０２６．０１］
2026.01,タイトル変更,H01H 50/00 D,H01H 50/00 D,・消孤装置〔回路しや断器であり，Ｈ０１Ｈ３３，６９が主分類〕,・消弧装置〔回路しや断器であり，Ｈ０１Ｈ３３，６９が主分類〕
2026.01,タイトル変更,H01J 1/00,H01J 1/00,電子管または放電ランプの２以上の基本的な型に共通な電極，磁気制御手段，スクリーンあるいはそれらのマウントまたは間隔保持の細部（電子光学的装置またはイオントラップの細部Ｈ０１Ｊ３／００）,電子管または放電ランプの２以上の基本的な型に共通な電極，磁気的制御手段，スクリーンまたはそれらの取付または空間的配置の細部（電子光学的またはイオン光学的装置の細部Ｈ０１Ｊ３／００）［２００６．０１］
2026.01,タイトル変更,H01J 3/00,H01J 3/00,電子管または放電ランプの２以上の基本的な型に共通な電子光学またはイオン光学装置，またはイオントラップの細部,電子管または放電ランプの２以上の基本的な型に共通な電子光学的またはイオン光学的装置の細部［２００６．０１］
2026.01,タイトル変更,H01J 3/04,H01J 3/04,・不要粒子たとえば負イオン，周縁の電子を取り去りまたはそらすトラップ；速度または質量を選択する装置,・不要粒子，例．負イオンまたは周縁の電子，を取り除くまたはそらす装置；速度または質量を選択する装置［２００６．０１］
2026.01,タイトル変更,H01J 29/84,H01J 29/84,・望ましくない粒子たとえば陰イオンまたは周縁電子除去または逸脱させるためのトラップ；速度または質量の選別装置,・不要粒子，例．負イオンまたは周縁の電子，を取り除くまたはそらす装置；速度または質量を選択する装置［２００６．０１］
2026.01,タイトル変更,H01J 61/28,H01J 61/28,・・・ランプの動作中にガスまたは蒸気を発生し，導入しあるいは捕充する手段,・・・ランプの動作中にガスまたは蒸気を発生し，導入しあるいは補充する手段
2026.01,タイトル変更,H01Q 5/45,H01Q 5/45,・・共通の反射，回析または屈析装置との関係で２以上の給電を使用［２０１５．０１］,・・共通の反射，回折または屈折装置との関係で２以上の給電を使用［２０１５．０１］
2026.01,タイトル変更,H01Q 21/22,H01Q 21/22,・・アンテナ列の輻射器単位が均一でない振輻または位相によって励振されたもの，例．テーパーアンテナ列または２項式アンテナ列,・・アンテナ列の輻射器単位が均一でない振幅または位相によって励振されたもの，例．テーパーアンテナ列または２項式アンテナ列
2026.01,タイトル変更,H01R 4/66 D,H01R 4/66 D,電触防止,電蝕防止
2026.01,タイトル変更,H01R 39/06,H01R 39/06,・・・外部円筒形接触面をもつもの以外のもの，例．平担な整流子［２００６．０１］,・・・外部円筒形接触面をもつもの以外のもの，例．平坦な整流子［２００６．０１］
2026.01,タイトル変更,H01R 39/01,H01R 39/01,・・・外部円筒形接触面をもつもの以外のもの，例．平担な集電環［２００６．０１］,・・・外部円筒形接触面をもつもの以外のもの，例．平坦な集電環［２００６．０１］
2026.01,タイトル変更,H02B 1/56 B,H02B 1/56 B,・関接冷法に関するもの,・間接冷法に関するもの
2026.01,タイトル変更,H02H 7/045 Z,H02H 7/045 Z,その他〔点監，監視〕,その他〔点検，監視〕
2026.01,タイトル変更,H02J 1/02,H02J 1/02,・高調波またはリップルを減少する装置［２００６．０１］,・高調波またはリップルを低減する装置［２０２６．０１］
2026.01,タイトル変更,H02J 1/04,H02J 1/04,・定電流供給方式［２００６．０１］,・電流制御供給方式，例．定電流供給方式［２０２６．０１］
2026.01,タイトル変更,H02J 1/06,H02J 1/06,・２線式［２００６．０１］,・２線式直流配電方式［２０２６．０１］
2026.01,タイトル変更,H02J 1/08,H02J 1/08,・３線式；３線より多い方式［２００６．０１］,・３線式直流配電方式；３線より多い方式［２０２６．０１］
2026.01,タイトル変更,H02J 1/12,H02J 1/12,・・コンバータをもつ直流発電装置の並列運転，例．水銀整流器をもつもの［２００６．０１］,・・電力コンバータをもつ直流電源と電力コンバータをもたない追加的な直流電源の並列運転［２０２６．０１］
2026.01,タイトル変更,H02J 1/14,H02J 1/14,・回路網内の負荷平衡［２００６．０１］,・直流回路網内の負荷と発電の平衡を取ること［２０２６．０１］
2026.01,タイトル変更,H02J 1/16,H02J 1/16,・・はずみ車に結合された回転電気機械を用いるもの［２００６．０１］,・・エネルギー蓄積ユニットを用いるもの，例．電池またはフライホイールに結合された回転電気機械を用いるもの［２０２６．０１］
2026.01,タイトル変更,H02J 3/02,H02J 3/02,・異なる周波数で電力を同時配電するための単一回路網を用いるもの；交流電力と直流電力の同時配電のための単一回路網を用いるもの［２００６．０１］,・異なる周波数で交流電力を同時配電するための単一回路網を用いるもの［２０２６．０１］
2026.01,タイトル変更,H02J 3/04,H02J 3/04,・同一周波数でしかも異なる電源から供給される回路網を接続するためのもの［２００６．０１］,・同一周波数でしかも異なる電源から供給される回路網を接続するための装置［２０２６．０１］
2026.01,タイトル変更,H02J 3/01,H02J 3/01,・定電流供給方式［２００６．０１］,・電流制御供給方式，例．定電流供給方式［２０２６．０１］
2026.01,タイトル変更,H02J 3/12,H02J 3/12,・回路網負荷の特性を変化させることによって交流回路網内の電圧を調整するためのもの［２００６．０１］,・回路網負荷の特徴を変化させることによって交流回路網内の電圧を調整するための装置［２０２６．０１］
2026.01,タイトル変更,H02J 3/14,H02J 3/14,・・回路網への負荷の接続または回路網からの負荷の遮断によるもの，例．順次平衡装架［２００６．０１］,・・前記回路網への負荷の接続または回路網からの負荷の遮断によるもの，例．順次平衡装架［２０２６．０１］
2026.01,タイトル変更,H02J 3/18,H02J 3/18,・回路網内の無効電力を調整，除去または補償するための装置（電圧調整のためのものＨ０２Ｊ３／１６）［２００６．０１］,・回路網内の無効電力を調整，除去または補償するための装置［２０２６．０１］
2026.01,タイトル変更,H02J 3/28,H02J 3/28,・エネルギ蓄積により回路網内の負荷を平衡するための装置［２００６．０１］,・エネルギー蓄積により回路網内の負荷を平衡するための装置［２０２６．０１］
2026.01,タイトル変更,H02J 3/03,H02J 3/03,・・フライホイールに結合された回転電気機械を使用するもの［２００６．０１］,・・フライホイールに結合された回転電気機械を用いるもの［２０２６．０１］
2026.01,タイトル変更,H02J 3/32,H02J 3/32,・・コンバータ手段をもつ電池を使用するもの［２００６．０１］,・・コンバータ手段をもつ電池またはスーパーキャパシタを用いるもの［２０２６．０１］
2026.01,タイトル変更,H02J 3/36,H02J 3/36,・高圧直流連絡線を介する交流回路網間の電力伝送のための装置［２００６．０１］,・高圧直流［ＨＶＤＣ］連絡線を介する交流回路網間の電力伝送のための装置；ＨＶＤＣ連絡線を介する発電機と回路網間の電力伝送のための装置［２０２６．０１］
2026.01,タイトル変更,H02J 3/38,H02J 3/38,・２個以上の発電機，コンバータまたは変圧器により単一回路網へ並列給電するための装置［２００６．０１］,・２個以上の発電機または電源から単一回路網へ並列給電するための装置；付加発電機または電源から既に通電された回路網へ並列給電するための装置［２０２６．０１］
2026.01,タイトル変更,H02J 3/42,H02J 3/42,・・・同期が達成された時自動的に並列接続するもの［２００６．０１］,・・・同期が達成された時に自動的に並列接続するもの［２０２６．０１］
2026.01,タイトル変更,H02J 3/46,H02J 3/46,・・発電機，コンバータ，変圧器間の出力分担の制御［２００６．０１］,・・発電機，コンバータ，電源または回路網変圧器各間の発電電力の出力分担の制御［２０２６．０１］
2026.01,タイトル変更,H02J 3/48,H02J 3/48,・・・同相分の分担の制御［２００６．０１］,・・・有効電力の分担の制御［２０２６．０１］
2026.01,タイトル変更,H02J 3/05,H02J 3/05,・・・異相分の分担の制御［２００６．０１］,・・・無効電力の分担の制御［２０２６．０１］
2026.01,タイトル変更,H02J 4/00,H02J 4/00,交流または直流として指定されていない幹線または配電網のための回路装置［２］,交流または直流として指定されていない幹線または配電網のための回路装置；幹線または直流部と交流部を結合する配電網または副配電網のための回路装置（直流－交流－直流中間変換を用いる装置　Ｈ０２Ｊ　１／００２；高圧直流［ＨＶＤＣ］連絡線を用いる装置　Ｈ０２Ｊ　３／３６）［２０２６．０１］
2026.01,タイトル変更,H02J 7/00,H02J 7/00,電池の充電または減極または電池から負荷への電力給電のための回路装置,電池の充電または放電または電池から負荷への供給をするための回路装置［２０２６．０１］
2026.01,タイトル変更,H02J 7/34 J,H02J 7/34 J,・・変換器〔インバ－タ等〕を充放電に兼用するもの〔電力系統との整合（周液数，位相等）を図るのが主眼であれば，Ｈ０２Ｊ３／３２〕,・・変換器〔インバ－タ等〕を充放電に兼用するもの〔電力系統との整合（周波数，位相等）を図るのが主眼であれば，Ｈ０２Ｊ３／３２〕
2026.01,タイトル変更,H02J 13/00,H02J 13/00,回路網状態の遠隔指示を備える回路装置，例．回路網内の各々の遮断器の開閉状態の瞬時記録，電力配電回路網内にあるスイッチ手段の遠隔制御を備える回路装置，例．回路網によって伝送されるパルスコードシグナルを使うことにより需用家のスイッチを入，切するもの,配電網内の装置の遠隔監視または遠隔制御を提供するための回路装置［２０２６．０１］
2026.01,タイトル変更,H02J 15/00,H02J 15/00,電気エネルギーを蓄積するための方式（そのための機械的な方式Ｆ０１～Ｆ０４；化学的形態におけるものＨ０１Ｍ）［２］,電力回路網に特に適合する，電気エネルギーを蓄積するための方式［２０２６．０１］
2026.01,タイトル変更,H02K 44/28,H02K 44/28,・ＭＨＤ発電機と従来型発電機との結合（ＭＨＤ発電機を包含する原子力プラントＧ２１Ｄ７／０２）［３］,・ＭＨＤ発電機と従来型発電機との結合（ＭＨＤ発電機を包含する原子力設備Ｇ２１Ｄ７／０２）［３］
2026.01,タイトル変更,H02M 7/04 Z,H02M 7/04 Z,その他のもの〔装置雑〕,その他のもの〔雑装置〕
2026.01,タイトル変更,H02M 7/06 Z,H02M 7/06 Z,その他のもの〔回路雑〕,その他のもの〔雑回路〕
2026.01,タイトル変更,H02N 13/00,H02N 13/00,静電気の吸引力を用いたクラッチ，把持装置，例．ジョンソン一ラーベック効果を用いたもの,静電気の吸引力を用いたクラッチ，把持装置，例．ジョンソン－ラーベック効果を用いたもの［２００６．０１］
2026.01,タイトル変更,H02S 50/01,H02S 50/01,・ＰＶ装置，例．ＰＶモジュールまたは１つ１つのＰＶ素子，の試験（製造中の半導体装置の試験Ｈ０１Ｌ２１／６６）［２０１４．０１］,・ＰＶ装置，例．ＰＶモジュールまたは１つ１つのＰＶ素子，の試験（製造中の半導体装置の試験Ｈ１０Ｐ７４／００）［２０１４．０１］
2026.01,タイトル変更,H03H 7/13,H03H 7/13,・・電気一光学素子を用いるもの［３］,・・電気－光学素子を用いるもの［２００６．０１］
2026.01,タイトル変更,H03H 9/19 D,H03H 9/19 D,厚みすベり水晶振動子,厚みすべり水晶振動子
2026.01,タイトル変更,H03K 5/1536,H03K 5/1536,・・零交又検知器（回路測定におけるものＧ０１Ｒ１９／１７５）［６］,・・零交叉検知器（回路測定におけるものＧ０１Ｒ１９／１７５）［２００６．０１］
2026.01,タイトル変更,H03K 19/003 220,H03K 19/003 220,・・入力雑音に対する誤動作防防止,・・入力雑音に対する誤動作防止
2026.01,タイトル変更,H03K 27/00,H03K 27/00,パルスが閉ループ中に連続して循還されるパルス計数器；類似の周波数分割器（フィードバックシフトレジスタ計数器Ｈ０３Ｋ２３／５４）［４］,パルスが閉ループ中に連続して循環されるパルス計数器；類似の周波数分割器（フィードバックシフトレジスタ計数器Ｈ０３Ｋ２３／５４）［２００６．０１］
2026.01,タイトル変更,H04B 7/08 372 A,H04B 7/08 372 A,べースバンド段で合成するもの,ベースバンド段で合成するもの
2026.01,タイトル変更,H04L 5/22 D,H04L 5/22 D,・・返送待期期間を有するもの,・・返送待機期間を有するもの
2026.01,タイトル変更,H04L 12/14,H04L 12/14,・・課金配置［２０２４．０１］,・・データ通信に特に適した課金，登算または請求の配置，例．認証，認可，およびアカウンティング［２０２４．０１］
2026.01,タイトル変更,H04R 1/00 310,H04R 1/00 310,・スピ－カ,・スピーカ
2026.01,タイトル変更,H04R 1/00 310 A,H04R 1/00 310 A,ネツトワ－ク〔例．マルチウエイ，周波数帯を有するスピ－カシステム〕,ネットワーク〔例．マルチウェイ，周波数帯を有するスピーカシステム〕
2026.01,タイトル変更,H04R 1/00 310 B,H04R 1/00 310 B,防爆形スピ－カ,防爆形スピーカ
2026.01,タイトル変更,H04R 1/00 310 C,H04R 1/00 310 C,放熱形スピ－カ,放熱形スピーカ
2026.01,タイトル変更,H04R 1/00 310 D,H04R 1/00 310 D,防磁形スピ－カ,防磁形スピーカ
2026.01,タイトル変更,H04R 1/00 310 E,H04R 1/00 310 E,音響・音量等を表示するもの〔例．動電型スピ－カ－の電動表示装置〕,音響・音量等を表示するもの〔例．動電型スピーカの電動表示装置〕
2026.01,タイトル変更,H04R 1/00 310 F,H04R 1/00 310 F,壁振動スピ－カ,壁振動スピーカ
2026.01,タイトル変更,H04R 1/00 310 G,H04R 1/00 310 G,体感振動スピ－カ,体感振動スピーカ
2026.01,タイトル変更,H04R 1/00 311,H04R 1/00 311,・・防水構造〔例．スピ－カ－用防水カバ－，防塵，防雪等も含む〕,・・防水構造〔例．スピーカ用防水カバー，防塵，防雪等も含む〕
2026.01,タイトル変更,H04R 1/00 318 A,H04R 1/00 318 A,支持脚・支持台〔例．スピ－カの支持台〕,支持脚・支持台〔例．スピーカの支持台〕
2026.01,タイトル変更,H04R 1/00 327 A,H04R 1/00 327 A,イヤ－マイクロホン〔例．イヤ－マイク，（骨伝導）〕,イヤーマイクロホン〔例．イヤーマイク，（骨伝導）〕
2026.01,タイトル変更,H04R 1/00 328 Z,H04R 1/00 328 Z,その他のもの〔例．マイクロホン取付用クリツプ〕,その他のもの〔例．マイクロホン取付用クリップ〕
2026.01,タイトル変更,H04R 1/00 340,H04R 1/00 340,・蓄音機ピツクアツプ,・蓄音機ピックアップ
2026.01,タイトル変更,H04R 1/02 101,H04R 1/02 101,・・スピ－カキヤビネツト，例．密閉箱，位相反転バフル,・・スピーカキャビネット，例．密閉箱，位相反転バッフル
2026.01,タイトル変更,H04R 1/02 101 A,H04R 1/02 101 A,キヤビネツト材料に関するもの,キャビネット材料に関するもの
2026.01,タイトル変更,H04R 1/02 101 B,H04R 1/02 101 B,バスレフ形キヤビネツト,バスレフ形キャビネット
2026.01,タイトル変更,H04R 1/02 101 C,H04R 1/02 101 C,折り畳み形キヤビネツト,折り畳み形キャビネット
2026.01,タイトル変更,H04R 1/02 101 D,H04R 1/02 101 D,容積調整形キヤビネツト,容積調整形キャビネット
2026.01,タイトル変更,H04R 1/02 101 G,H04R 1/02 101 G,スピ－カフレ－ム・ホ－ン等をキヤビネツトと一体に形成したもの,スピーカフレーム・ホーン等をキャビネットと一体に形成したもの
2026.01,タイトル変更,H04R 1/02 102,H04R 1/02 102,・・特定のものに適合されたスピ－カケ－ス，例．ラジオ受信機の放音部，天井スピ－カ,・・特定のものに適合されたスピーカケース，例．ラジオ受信機の放音部，天井スピーカ
2026.01,タイトル変更,H04R 1/02 102 B,H04R 1/02 102 B,車両用〔例．車載用スピ－カユニツト〕,車両用〔例．車載用スピーカユニット〕
2026.01,タイトル変更,H04R 1/02 102 Z,H04R 1/02 102 Z,その他のもの〔例．テレビジヨン用，ラジオ用〕,その他のもの〔例．テレビジョン用，ラジオ用〕
2026.01,タイトル変更,H04R 1/02 103,H04R 1/02 103,・・・他の機器と組み合わされて用いられるもの，例．ピロスピ－カ，額縁スピ－カ,・・・他の機器と組み合わされて用いられるもの，例．ピロスピーカ，額縁スピーカ
2026.01,タイトル変更,H04R 1/02 103 B,H04R 1/02 103 B,映写スクリ－ンとの組合せ,映写スクリーンとの組合せ
2026.01,タイトル変更,H04R 1/02 103 E,H04R 1/02 103 E,家具との組合せ〔例．カプセルブ－ス〕,家具との組合せ〔例．カプセルブース〕
2026.01,タイトル変更,H04R 1/02 104,H04R 1/02 104,・・スピ－カ前面パネル,・・スピーカ前面パネル
2026.01,タイトル変更,H04R 1/02 104 Z,H04R 1/02 104 Z,その他のもの〔例．スピ－カグリル〕,その他のもの〔例．スピーカグリル〕
2026.01,タイトル変更,H04R 1/02 105,H04R 1/02 105,・・スピ－カ取付具,・・スピーカ取付具
2026.01,タイトル変更,H04R 1/02 106,H04R 1/02 106,・・マイクロホンケ－ス,・・マイクロホンケース
2026.01,タイトル変更,H04R 1/02 107,H04R 1/02 107,・・・他の機器と組み合わされて用いられるもの，例．装身具と組み合わされたマイクロホン〔例．ズ－ムマイクロホン支持装置，カラオケマイク〕,・・・他の機器と組み合わされて用いられるもの，例．装身具と組み合わされたマイクロホン〔例．ズームマイクロホン支持装置，カラオケマイク〕
2026.01,タイトル変更,H04R 1/02 108,H04R 1/02 108,・・・マイクロホン取付具〔例．マイクロホンユニツト〕,・・・マイクロホン取付具〔例．マイクロホンユニット〕
2026.01,タイトル変更,H04R 1/02 340,H04R 1/02 340,・・蓄音機ピツクアツプ,・・蓄音機ピックアップ
2026.01,タイトル変更,H04R 1/04,H04R 1/04,・・マイクロホンとそのための電気回路との構造的結合（補聴器におけるものＨ０４Ｒ２５／００）,・・マイクロホンとそのための電気回路との構造的結合（電気的な補聴器におけるものＨ０４Ｒ２５／００）［２００６．０１］
2026.01,タイトル変更,H04R 1/04 B,H04R 1/04 B,スイツチ機構,スイッチ機構
2026.01,タイトル変更,H04R 1/06 310,H04R 1/06 310,・・スピ－カ,・・スピーカ
2026.01,タイトル変更,H04R 1/06 320,H04R 1/06 320,・・マイクロホン〔例．コ－ド付きマイク〕,・・マイクロホン〔例．コード付きマイク〕
2026.01,タイトル変更,H04R 1/06 340,H04R 1/06 340,・・蓄音機ピツクアツプ,・・蓄音機ピックアップ
2026.01,タイトル変更,H04R 1/01 101,H04R 1/01 101,・・ヘツドホ－ン筐体；その付属物,・・ヘッドホン筐体；その付属物
2026.01,タイトル変更,H04R 1/01 101 A,H04R 1/01 101 A,マイク付ヘツドホ－ン〔例．ヘツドセツト用マイクロホンの保持装置〕,マイク付ヘッドホン〔例．ヘッドセット用マイクロホンの保持装置〕
2026.01,タイトル変更,H04R 1/01 101 B,H04R 1/01 101 B,ヘツドホ－ン付属物〔スイツチ，管理調整器，アンテナ等〕,ヘッドホン付属物〔スイッチ，管理調整器，アンテナ等〕
2026.01,タイトル変更,H04R 1/01 102,H04R 1/01 102,・・・パツド,・・・パッド
2026.01,タイトル変更,H04R 1/01 104,H04R 1/01 104,・・イヤホ－ン筐体；その付属物,・・イヤホン筐体；その付属物
2026.01,タイトル変更,H04R 1/01 104 C,H04R 1/01 104 C,イヤホ－ンコ－ドの巻取・収納,イヤホンコードの巻取・収納
2026.01,タイトル変更,H04R 1/01 104 E,H04R 1/01 104 E,スイツチ・アンテナ・導線接続〔例．音響受信眼鏡〕,スイッチ・アンテナ・導線接続〔例．音響受信眼鏡〕
2026.01,タイトル変更,H04R 1/01 104 F,H04R 1/01 104 F,ジヤツク・プラグ〔例．ヘツドホン用プラグ〕,ジャック・プラグ〔例．ヘッドホン用プラグ〕
2026.01,タイトル変更,H04R 1/02 310,H04R 1/02 310,・・スピ－カ,・・スピーカ
2026.01,タイトル変更,H04R 1/22 310,H04R 1/22 310,・・・スピ－カ,・・・スピーカ
2026.01,タイトル変更,H04R 1/24 B,H04R 1/24 B,サブコ－ン・ウイザ－コ－ンを用いるもの,サブコーン・ウィザーコーンを用いるもの
2026.01,タイトル変更,H04R 1/28 310,H04R 1/28 310,・・・・スピ－カ,・・・・スピーカ
2026.01,タイトル変更,H04R 1/28 310 C,H04R 1/28 310 C,キヤビネツト内の圧力を調整するもの,キャビネット内の圧力を調整するもの
2026.01,タイトル変更,H04R 1/28 310 E,H04R 1/28 310 E,パツシブコ－ン（パツシブラジエ－タ，ドロンコ－ン）を使用するもの,パッシブコーン（パッシブラジエータ，ドロンコーン）を使用するもの
2026.01,タイトル変更,H04R 1/28 310 Z,H04R 1/28 310 Z,その他のもの〔例．テレビジヨン機器の音響装置〕,その他のもの〔例．テレビジョン機器の音響装置〕
2026.01,タイトル変更,H04R 1/03 A,H04R 1/03 A,ホ－ン構造,ホーン構造
2026.01,タイトル変更,H04R 1/03 B,H04R 1/03 B,イコライザ－,イコライザー
2026.01,タイトル変更,H04R 1/32 310,H04R 1/32 310,・・・スピ－カ,・・・スピーカ
2026.01,タイトル変更,H04R 1/32 310 A,H04R 1/32 310 A,スピ－カの角度調整によるもの,スピーカの角度調整によるもの
2026.01,タイトル変更,H04R 1/34 310,H04R 1/34 310,・・・・スピ－カ,・・・・スピーカ
2026.01,タイトル変更,H04R 1/36,H04R 1/36,・・・・最小動作波長より大きくない寸法の単一アパーチヤの使用によるもの,・・・・最小動作波長より大きくない寸法の単一アパーチャの使用によるもの
2026.01,タイトル変更,H04R 1/04 310,H04R 1/04 310,・・・・スピ－カ,・・・・スピーカ
2026.01,タイトル変更,H04R 1/44 310,H04R 1/44 310,・・スピ－カ,・・スピーカ
2026.01,タイトル変更,H04R 1/44 330 D,H04R 1/44 330 D,筐体：筐体への実装〔例．曳航用圧電ケ－ブル〕,筐体：筐体への実装〔例．曳航用圧電ケーブル〕
2026.01,タイトル変更,H04R 3/00 101 A,H04R 3/00 101 A,ＯＣＬ増幅器の出力端に現われた直流電圧からスピ－カを保護するもの,ＯＣＬ増幅器の出力端に現われた直流電圧からスピーカを保護するもの
2026.01,タイトル変更,H04R 3/00 310,H04R 3/00 310,・スピ－カ,・スピーカ
2026.01,タイトル変更,H04R 3/00 340,H04R 3/00 340,・蓄音機ピツクアツプ,・蓄音機ピックアップ
2026.01,タイトル変更,H04R 3/04 101,H04R 3/04 101,・・負帰還を用いたもの，例．モ－シヨナルフイ－ドバツク,・・負帰還を用いたもの，例．モーショナルフィードバック
2026.01,タイトル変更,H04R 5/027 A,H04R 5/027 A,バイノ－ラル収音用,バイノーラル収音用
2026.01,タイトル変更,H04R 5/033 B,H04R 5/033 B,マルチウエイ型,マルチウェイ型
2026.01,タイトル変更,H04R 5/033 F,H04R 5/033 F,クロスト－ク用の音導管又は専用変換器を有するもの,クロストーク用の音導管又は専用変換器を有するもの
2026.01,タイトル変更,H04R 5/04 A,H04R 5/04 A,プラグ・ジヤツクによる切換〔スピ－カ側〕,プラグ・ジャックによる切換〔スピーカ側〕
2026.01,タイトル変更,H04R 5/04 B,H04R 5/04 B,プラグ・ジヤツクによる切換〔マイク側〕,プラグ・ジャックによる切換〔マイク側〕
2026.01,タイトル変更,H04R 5/04 C,H04R 5/04 C,アダプタ－，接続コ－ド等,アダプター，接続コード等
2026.01,タイトル変更,H04R 5/04 Z,H04R 5/04 Z,その他のもの〔例．４チヤンネルヘツドホン用接続装置〕,その他のもの〔例．４チャンネルヘッドホン用接続装置〕
2026.01,タイトル変更,H04R 7/02 F,H04R 7/02 F,・カ－ボングラフアイト,・カーボングラファイト
2026.01,タイトル変更,H04R 7/12 A,H04R 7/12 A,ド－ム形,ドーム形
2026.01,タイトル変更,H04R 7/12 K,H04R 7/12 K,コ－ン形,コーン形
2026.01,タイトル変更,H04R 7/14 A,H04R 7/14 A,ド－ム形,ドーム形
2026.01,タイトル変更,H04R 7/14 K,H04R 7/14 K,コ－ン形,コーン形
2026.01,タイトル変更,H04R 9/02 101,H04R 9/02 101,・・フレ－ム；その付属物（１０２が優先）,・・フレーム；その付属物（１０２が優先）
2026.01,タイトル変更,H04R 9/02 101 A,H04R 9/02 101 A,フレ－ム,フレーム
2026.01,タイトル変更,H04R 9/02 102 B,H04R 9/02 102 B,ギヤツプ周辺部に特徴のあるもの,ギャップ周辺部に特徴のあるもの
2026.01,タイトル変更,H04R 9/02 102 D,H04R 9/02 102 D,・ギヤツプに挿入物があるもの,・ギャップに挿入物があるもの
2026.01,タイトル変更,H04R 9/02 103,H04R 9/02 103,・・ダンバ－,・・ダンパー
2026.01,タイトル変更,H04R 9/02 A,H04R 9/02 A,防塵ギヤツプ,防塵ギャップ
2026.01,タイトル変更,H04R 9/04 103,H04R 9/04 103,・・・リ－ド線；リ－ド線と巻線の接続,・・・リード線；リード線と巻線の接続
2026.01,タイトル変更,H04R 9/04 105,H04R 9/04 105,・・・・ボビンとその他のもの，例．ダンパ－，との結合,・・・・ボビンとその他のもの，例．ダンパー，との結合
2026.01,タイトル変更,H04R 9/04 105 B,H04R 9/04 105 B,ダンパとの結合,ダンパーとの結合
2026.01,タイトル変更,H04R 9/06 A,H04R 9/06 A,複合スピ－カ,複合スピーカ
2026.01,タイトル変更,H04R 17/00 330 B,H04R 17/00 330 B,・圧電ベンダ－を用いるもの，ｅ．ｇ．バイモルフ,・圧電ベンダーを用いるもの，例．バイモルフ
2026.01,タイトル変更,H04R 17/00 330 J,H04R 17/00 330 J,・バツキング材；ダンパ－；音響整合層,・バッキング材；ダンパー；音響整合層
2026.01,タイトル変更,H04R 17/00 330 K,H04R 17/00 330 K,・周波数特性に関するもの〔例．超音波トランスヂユ－サ〕,・周波数特性に関するもの〔例．超音波トランスデューサ〕
2026.01,タイトル変更,H04R 17/01 330 A,H04R 17/01 330 A,大出力用に特に適したもの，ｅ．ｇ．ランジユバン型,大出力用に特に適したもの，例．ランジュバン型
2026.01,タイトル変更,H04R 23/00 310,H04R 23/00 310,・スピ－カ,・スピーカ
2026.01,タイトル変更,H04R 23/00 320,H04R 23/00 320,・マイクロホン〔例．光フアイバ－形マイクロホン〕,・マイクロホン〔例．光ファイバー形マイクロホン〕
2026.01,タイトル変更,H04R 23/00 340,H04R 23/00 340,・蓄音機ピツクアツプ,・蓄音機ピックアップ
2026.01,タイトル変更,H04R 23/00 340 A,H04R 23/00 340 A,光電型カ－トリツジ,光電型カートリッジ
2026.01,タイトル変更,H04R 25/00,H04R 25/00,補聴器,電気的な補聴器
2026.01,タイトル変更,H04R 25/00 D,H04R 25/00 D,・・音一電気変換器；マイク部,・・音－電気変換器；マイク部
2026.01,タイトル変更,H04R 25/00 E,H04R 25/00 E,・・電気一音変換器；イヤホン部,・・電気－音変換器；イヤホン部
2026.01,タイトル変更,H04R 25/00 J,H04R 25/00 J,・出力レベルのコントロ－ル,・出力レベルのコントロール
2026.01,タイトル変更,H04R 25/00 L,H04R 25/00 L,・周波数特性等音質のコントロ－ル,・周波数特性等音質のコントロール
2026.01,タイトル変更,H04R 25/00 R,H04R 25/00 R,補聴器全体の構成，形状〔例．ヘツドホン形，帽子形〕〔眼鏡枠形，耳かけ形，挿耳形２５／０２；ポケツト形２５／０４〕,補聴器全体の構成，形状〔例．ヘッドホン形，帽子形〕〔眼鏡枠形，耳かけ形，挿耳形２５／０２；ポケット形２５／０４〕
2026.01,タイトル変更,H04R 27/00,H04R 27/00,パブリックアドレスシステム（音響的反作用を防止するための回路Ｈ０４Ｒ３／０２,パブリックアドレスシステム（音響的反作用を防止するための回路Ｈ０４Ｒ３／０２）
2026.01,タイトル変更,H04R 27/00 A,H04R 27/00 A,拡声装置の構造；マイク・スピ－カの配置,拡声装置の構造；マイク・スピーカの配置
2026.01,タイトル変更,H04R 27/00 H,H04R 27/00 H,・・乗物内〔例．バス，電車，エレベ－タ〕,・・乗物内〔例．バス，電車，エレベータ〕
2026.01,タイトル変更,H04R 29/00 310,H04R 29/00 310,・スピ－カ,・スピーカ
2026.01,タイトル変更,H04R 29/00 340,H04R 29/00 340,・蓄音機ピツクアツプ,・蓄音機ピックアップ
2026.01,タイトル変更,H04R 31/00 340,H04R 31/00 340,・蓄音機ピツクアツプ,・蓄音機ピックアップ
2026.01,タイトル変更,H04W 84/02,H04W 84/02,・・マスタ・スレーブ装置［２００９．０１］,・・マスタ－スレーブ装置［２００９．０１］
2026.01,タイトル変更,H05B 3/04,H05B 3/04,・・防水または気密ヒータ,・・ヒータのための防水または気密シール［２００６．０１］
2026.01,タイトル変更,H05B 3/16,H05B 3/16,・・導体が絶縁基体にそう着されているもの,・・導体が絶縁基体上に取り付けられたもの［２００６．０１］
2026.01,タイトル変更,H05B 3/26,H05B 3/26,・・・絶縁基体に取り付けられた発熱導体,・・・発熱導体が絶縁基体上に取り付けられたもの［２００６．０１］
2026.01,タイトル変更,H05B 3/28,H05B 3/28,・・・絶縁物質に埋込まれた発熱導体,・・・発熱導体が絶縁物質に埋込まれたもの［２００６．０１］
2026.01,タイトル変更,H05B 3/32,H05B 3/32,・・・発熱導体が金属わく上の絶縁体にそう着されているもの,・・・発熱導体が金属わく上の絶縁体上に装着されているもの［２００６．０１］
2026.01,タイトル変更,H05B 3/34,H05B 3/34,・・可撓性のもの，例．網または織ったもの,・・可撓性のもの，例．網またはウェブ［２００６．０１］
2026.01,タイトル変更,H05B 3/04,H05B 3/04,・棒あるいは管状の発熱素子（Ｈ０５Ｂ３／６２，Ｈ０５Ｂ３／６８，Ｈ０５Ｂ３／７８が優先）,・棒または管の形状を有する発熱素子（Ｈ０５Ｂ３／６２，Ｈ０５Ｂ３／６８，Ｈ０５Ｂ３／７８が優先）［２００６．０１］
2026.01,タイトル変更,H05B 3/46,H05B 3/46,・・・発熱導体が絶縁基体に取り付けられているもの,・・・発熱導体が絶縁基体上に取り付けられているもの［２００６．０１］
2026.01,タイトル変更,H05B 3/56,H05B 3/56,・・・加熱電線,・・・加熱ケーブル［２００６．０１］
2026.01,タイトル変更,H05B 3/06,H05B 3/06,・加熱電流が粒状物，粉末体または液体物質を流れる加熱装置，例．塩槽炉，電解加熱（Ｈ０５Ｂ３／３８が優先）,・加熱電流が粒状の，粉末状のまたは液状の物質を流れる加熱装置，例．塩槽炉，電解加熱のためのもの（Ｈ０５Ｂ３／３８が優先）［２００６．０１］
2026.01,タイトル変更,H05B 3/66,H05B 3/66,・・側壁または屋根の上または中に発熱体を支持または装着するもの,・・壁または屋根の上のまたは中のヒータのための支持具または取付具［２００６．０１］
2026.01,タイトル変更,H05B 3/68,H05B 3/68,・特に料理板あるいは類似加熱板に適した加熱装置（Ｈ０５Ｂ３／７０，Ｈ０５Ｂ３／７２，Ｈ０５Ｂ３／７４よりもＨ０５Ｂ３／７６が優先）,・調理プレートまたは類似の加熱プレートに特に適合した加熱装置［２００６．０１］
2026.01,タイトル変更,H05B 3/78,H05B 3/78,・特に投込み加熱に適した加熱装置,・浸漬加熱に特に適合した加熱装置［２００６．０１］
2026.01,タイトル変更,H05B 3/08,H05B 3/08,・・携帯投込み発熱体,・・携帯可能な浸漬型ヒータ［２００６．０１］
2026.01,タイトル変更,H05B 3/82,H05B 3/82,・・投込み発熱体を固定してあるもの,・・固定して取り付けられた浸漬型ヒータ［２００６．０１］
2026.01,タイトル変更,H05B 6/16,H05B 6/16,・・環状鉄心を有する炉（Ｈ０５Ｂ６／３４が優先）［３］,・・無端のコアを有する炉（Ｈ０５Ｂ６／３４が優先）［２００６．０１］
2026.01,タイトル変更,H05B 6/22,H05B 6/22,・・環状鉄心を有しない炉（Ｈ０５Ｂ６／３４が優先）［３］,・・無端のコアを有しない炉（Ｈ０５Ｂ６／３４が優先）［２００６．０１］
2026.01,タイトル変更,H05B 6/38,H05B 6/38,・・・被加熱物のくぼみ部分に嵌め合せるようにしたもの［３］,・・・被加熱物の中空のスペースに嵌め合せることに特に適合したもの［２００６．０１］
2026.01,タイトル変更,H05B 6/74,H05B 6/74,・・モード変換またはモード攪拌［３］,・・モード変換器またはモード攪拌器［２００６．０１］
2026.01,タイトル変更,H05K 1/16,H05K 1/16,・印刷電気部品，例．印刷抵抗器，印刷コンデンサまたは印刷インダクタンス，を備えるもの［２００６．０１］,・印刷電気部品，例．印刷抵抗器，印刷コンデンサ又は印刷インダクタ，を備えるもの［２００６．０１］
2026.01,タイトル変更,H05K 1/18,H05K 1/18,・印刷によらない電気部品と構造的に結合した印刷回路（Ｈ０５Ｋ１／１６が優先）［２００６．０１］,・印刷によらない電気部品と構造的に結合したもの（Ｈ０５Ｋ１／１６が優先）［２０２６．０１］
2026.01,タイトル変更,H05K 3/32,H05K 3/32,・・印刷回路に対する電気部品または電線の電気的接続［２００６．０１］,・・印刷回路に対する電気部品又は電線の電気的接続［２０２６．０１］
2026.01,タイトル変更,H05K 3/34,H05K 3/34,・・・ハンダ付けによるもの［２００６．０１］,・・・はんだ付けによるもの［２０２６．０１］
2026.01,タイトル変更,H05K 7/06 E,H05K 7/06 E,端子による部品の塔載,端子による部品の搭載
2026.01,ドット変更,A61F 13/02 K,A61F 13/02 K,連接；連綴した粘着製品（Ａ，Ｄが優先）（例．救急用ばんそうこうをミシン目を介して多数連らねたもの）,・織物または編物からなるもの
2026.01,ドット変更,B01D 33/06,B01D 33/06,・・円筒状ろ過表面を有するもの，例．中空ドラム,・回転する円筒状ろ過表面を有するもの，例．中空ドラム（Ｂ０１Ｄ３３／０４４が優先）
2026.01,ドット変更,G06T 11/06 100,G06T 11/06 100,・文書画像編集,・・文書画像編集，例．Ｗｅｂページのデザイン
