改正時期,改正種別,改正前FI,改正後FI,改正前タイトル,改正後タイトル
2025.01,新設,,A01G 13/00 501,2B024,2B
2025.01,新設,,A01G 13/00 501 C,2B024,2B
2025.01,新設,,A01G 13/00 501 D,2B024,2B
2025.01,新設,,A01G 13/00 501 E,2B024,2B
2025.01,新設,,A01G 13/00 501 F,2B024,2B
2025.01,新設,,A01G 13/00 501 Z,2B024,2B
2025.01,新設,,A01G 13/02,2B024,2B
2025.01,新設,,A01G 13/02 G,2B024,2B
2025.01,新設,,A01G 13/02 H,2B024,2B
2025.01,新設,,A01G 13/02 K,2B024,2B
2025.01,新設,,A01G 13/02 Z,2B024,2B
2025.01,新設,,A01G 13/21,2B024,2B
2025.01,新設,,A01G 13/22,2B024,2B
2025.01,新設,,A01G 13/23,2B024,2B
2025.01,新設,,A01G 13/24,2B024,2B
2025.01,新設,,A01G 13/26,2B024,2B
2025.01,新設,,A01G 13/27,2B024,2B
2025.01,新設,,A01G 13/27 101,2B024,2B
2025.01,新設,,A01G 13/27 101 A,2B024,2B
2025.01,新設,,A01G 13/27 101 B,2B024,2B
2025.01,新設,,A01G 13/27 101 C,2B024,2B
2025.01,新設,,A01G 13/27 101 D,2B024,2B
2025.01,新設,,A01G 13/27 101 E,2B024,2B
2025.01,新設,,A01G 13/27 101 F,2B024,2B
2025.01,新設,,A01G 13/27 101 G,2B024,2B
2025.01,新設,,A01G 13/27 101 H,2B024,2B
2025.01,新設,,A01G 13/27 101 Z,2B024,2B
2025.01,新設,,A01G 13/27 N,2B024,2B
2025.01,新設,,A01G 13/27 P,2B024,2B
2025.01,新設,,A01G 13/27 Q,2B024,2B
2025.01,新設,,A01G 13/27 Z,2B024,2B
2025.01,新設,,A01G 13/28,2B024,2B
2025.01,新設,,A01G 13/29,2B024,2B
2025.01,新設,,A01G 13/03,2B024,2B
2025.01,新設,,A01G 13/31,2B024,2B
2025.01,新設,,A01G 13/32,2B024,2B
2025.01,新設,,A01G 13/33,2B024,2B
2025.01,新設,,A01G 13/35,2B024,2B
2025.01,新設,,A01G 13/37,2B024,2B
2025.01,新設,,A01G 13/37 A,2B024,2B
2025.01,新設,,A01G 13/37 B,2B024,2B
2025.01,新設,,A01G 13/37 Z,2B024,2B
2025.01,新設,,A01G 13/38,2B024,2B
2025.01,新設,,A01G 13/39,2B024,2B
2025.01,新設,,A01K 67/03,2B103,2B
2025.01,新設,,A01K 67/31,2B103,2B
2025.01,新設,,A01K 67/32,2B103,2B
2025.01,新設,,A01K 67/33,2B103,2B
2025.01,新設,,A01K 67/34,2B103,2B
2025.01,新設,,A01K 67/35,2B103,2B
2025.01,新設,,A01K 67/35 301,2B103,2B
2025.01,新設,,A01K 67/35 302,2B103,2B
2025.01,新設,,A01K 67/35 302 A,2B103,2B
2025.01,新設,,A01K 67/35 302 B,2B103,2B
2025.01,新設,,A01K 67/35 302 Z,2B103,2B
2025.01,新設,,A01K 67/35 303,2B103,2B
2025.01,新設,,A01K 67/35 303 A,2B103,2B
2025.01,新設,,A01K 67/35 303 B,2B103,2B
2025.01,新設,,A01K 67/35 303 C,2B103,2B
2025.01,新設,,A01K 67/35 303 D,2B103,2B
2025.01,新設,,A01K 67/35 303 E,2B103,2B
2025.01,新設,,A01K 67/35 303 F,2B103,2B
2025.01,新設,,A01K 67/35 303 G,2B103,2B
2025.01,新設,,A01K 67/35 303 H,2B103,2B
2025.01,新設,,A01K 67/35 303 J,2B103,2B
2025.01,新設,,A01K 67/35 303 K,2B103,2B
2025.01,新設,,A01K 67/35 303 L,2B103,2B
2025.01,新設,,A01K 67/35 303 M,2B103,2B
2025.01,新設,,A01K 67/35 303 N,2B103,2B
2025.01,新設,,A01K 67/35 303 P,2B103,2B
2025.01,新設,,A01K 67/35 303 Q,2B103,2B
2025.01,新設,,A01K 67/35 303 R,2B103,2B
2025.01,新設,,A01K 67/35 303 S,2B103,2B
2025.01,新設,,A01K 67/35 303 T,2B103,2B
2025.01,新設,,A01K 67/35 303 U,2B103,2B
2025.01,新設,,A01K 67/35 303 V,2B103,2B
2025.01,新設,,A01K 67/35 303 W,2B103,2B
2025.01,新設,,A01K 67/35 303 X,2B103,2B
2025.01,新設,,A01K 67/35 303 Z,2B103,2B
2025.01,新設,,A01K 67/35 304,2B103,2B
2025.01,新設,,A01K 67/35 304 A,2B103,2B
2025.01,新設,,A01K 67/35 304 B,2B103,2B
2025.01,新設,,A01K 67/35 304 C,2B103,2B
2025.01,新設,,A01K 67/35 304 D,2B103,2B
2025.01,新設,,A01K 67/35 304 Z,2B103,2B
2025.01,新設,,A01K 67/35 305,2B103,2B
2025.01,新設,,A01K 67/35 305 A,2B103,2B
2025.01,新設,,A01K 67/35 305 B,2B103,2B
2025.01,新設,,A01K 67/35 305 Z,2B103,2B
2025.01,新設,,A01K 67/35 306,2B103,2B
2025.01,新設,,A01K 67/35 306 A,2B103,2B
2025.01,新設,,A01K 67/35 306 B,2B103,2B
2025.01,新設,,A01K 67/35 306 C,2B103,2B
2025.01,新設,,A01K 67/35 306 D,2B103,2B
2025.01,新設,,A01K 67/35 306 E,2B103,2B
2025.01,新設,,A01K 67/35 306 F,2B103,2B
2025.01,新設,,A01K 67/35 306 G,2B103,2B
2025.01,新設,,A01K 67/35 306 H,2B103,2B
2025.01,新設,,A01K 67/35 306 J,2B103,2B
2025.01,新設,,A01K 67/35 306 Z,2B103,2B
2025.01,新設,,A01K 67/35 307,2B103,2B
2025.01,新設,,A01K 67/35 307 A,2B103,2B
2025.01,新設,,A01K 67/35 307 B,2B103,2B
2025.01,新設,,A01K 67/35 307 C,2B103,2B
2025.01,新設,,A01K 67/35 307 D,2B103,2B
2025.01,新設,,A01K 67/35 307 E,2B103,2B
2025.01,新設,,A01K 67/35 307 F,2B103,2B
2025.01,新設,,A01K 67/35 307 G,2B103,2B
2025.01,新設,,A01K 67/35 307 H,2B103,2B
2025.01,新設,,A01K 67/35 307 J,2B103,2B
2025.01,新設,,A01K 67/35 307 K,2B103,2B
2025.01,新設,,A01K 67/35 307 L,2B103,2B
2025.01,新設,,A01K 67/35 307 M,2B103,2B
2025.01,新設,,A01K 67/35 307 N,2B103,2B
2025.01,新設,,A01K 67/35 307 P,2B103,2B
2025.01,新設,,A01K 67/35 307 Q,2B103,2B
2025.01,新設,,A01K 67/35 307 Z,2B103,2B
2025.01,新設,,A01K 67/35 308,2B103,2B
2025.01,新設,,A01K 67/35 309,2B103,2B
2025.01,新設,,A01K 67/35 310,2B103,2B
2025.01,新設,,A01K 67/35 311,2B103,2B
2025.01,新設,,A01K 67/35 312,2B103,2B
2025.01,新設,,A01K 67/35 312 A,2B103,2B
2025.01,新設,,A01K 67/35 312 B,2B103,2B
2025.01,新設,,A01K 67/35 312 C,2B103,2B
2025.01,新設,,A01K 67/35 312 D,2B103,2B
2025.01,新設,,A01K 67/35 312 E,2B103,2B
2025.01,新設,,A01K 67/35 312 F,2B103,2B
2025.01,新設,,A01K 67/35 312 G,2B103,2B
2025.01,新設,,A01K 67/35 312 H,2B103,2B
2025.01,新設,,A01K 67/35 312 J,2B103,2B
2025.01,新設,,A01K 67/35 312 K,2B103,2B
2025.01,新設,,A01K 67/35 312 L,2B103,2B
2025.01,新設,,A01K 67/35 312 M,2B103,2B
2025.01,新設,,A01K 67/35 312 N,2B103,2B
2025.01,新設,,A01K 67/35 312 P,2B103,2B
2025.01,新設,,A01K 67/35 312 Q,2B103,2B
2025.01,新設,,A01K 67/35 312 R,2B103,2B
2025.01,新設,,A01K 67/35 312 S,2B103,2B
2025.01,新設,,A01K 67/35 312 Z,2B103,2B
2025.01,新設,,A01K 67/35 A,2B103,2B
2025.01,新設,,A01K 67/35 B,2B103,2B
2025.01,新設,,A01K 67/35 C,2B103,2B
2025.01,新設,,A01K 67/35 Z,2B103,2B
2025.01,新設,,A01K 67/36,2B103,2B
2025.01,新設,,A01K 67/362,2B103,2B
2025.01,新設,,A01K 67/364,2B103,2B
2025.01,新設,,A01K 67/366,2B103,2B
2025.01,新設,,A01K 67/368,2B103,2B
2025.01,新設,,A01K 67/06,2B403,4N
2025.01,新設,,A01K 67/61,2B403,4N
2025.01,新設,,A01K 67/62,2B403,4N
2025.01,新設,,A01K 67/63,2B403,4N
2025.01,新設,,A01K 67/64,2B403,4N
2025.01,新設,,A01K 67/65,2B403,4N
2025.01,新設,,A01K 67/67,2B403,4N
2025.01,新設,,A01K 67/68,2B403,4N
2025.01,新設,,A01N 1/01,4H011,4H
2025.01,新設,,A01N 1/12,4H011,4H
2025.01,新設,,A01N 1/122,4H011,4H
2025.01,新設,,A01N 1/124,4H011,4H
2025.01,新設,,A01N 1/125,4H011,4H
2025.01,新設,,A01N 1/126,4H011,4H
2025.01,新設,,A01N 1/128,4H011,4H
2025.01,新設,,A01N 1/14,4H011,4H
2025.01,新設,,A01N 1/142,4H011,4H
2025.01,新設,,A01N 1/143,4H011,4H
2025.01,新設,,A01N 1/144,4H011,4H
2025.01,新設,,A01N 1/145,4H011,4H
2025.01,新設,,A01N 1/146,4H011,4H
2025.01,新設,,A01N 1/147,4H011,4H
2025.01,新設,,A01N 1/148,4H011,4H
2025.01,新設,,A01N 1/16,4H011,4H
2025.01,新設,,A01N 1/162,4H011,4H
2025.01,新設,,A01N 1/165,4H011,4H
2025.01,新設,,A01N 1/168,4H011,4H
2025.01,新設,,A23B 2/00,4B021,4O
2025.01,新設,,A23B 2/00 101,4B021,4O
2025.01,新設,,A23B 2/00 101 A,4B021,4O
2025.01,新設,,A23B 2/00 101 B,4B021,4O
2025.01,新設,,A23B 2/00 101 C,4B021,4O
2025.01,新設,,A23B 2/00 101 Z,4B021,4O
2025.01,新設,,A23B 2/00 102,4B021,4O
2025.01,新設,,A23B 2/00 103,4B021,4O
2025.01,新設,,A23B 2/05,4B021,4O
2025.01,新設,,A23B 2/08,4B021,4O
2025.01,新設,,A23B 2/01,4B021,4O
2025.01,新設,,A23B 2/02,4B021,4O
2025.01,新設,,A23B 2/22,4B021,4O
2025.01,新設,,A23B 2/25,4B021,4O
2025.01,新設,,A23B 2/28,4B021,4O
2025.01,新設,,A23B 2/03,4B021,4O
2025.01,新設,,A23B 2/33,4B021,4O
2025.01,新設,,A23B 2/37,4B021,4O
2025.01,新設,,A23B 2/04,4B021,4O
2025.01,新設,,A23B 2/42,4B021,4O
2025.01,新設,,A23B 2/44,4B021,4O
2025.01,新設,,A23B 2/46,4B021,4O
2025.01,新設,,A23B 2/48,4B021,4O
2025.01,新設,,A23B 2/53,4B021,4O
2025.01,新設,,A23B 2/57,4B021,4O
2025.01,新設,,A23B 2/06,4B021,4O
2025.01,新設,,A23B 2/07,4B021,4O
2025.01,新設,,A23B 2/704,4B021,4O
2025.01,新設,,A23B 2/708,4B021,4O
2025.01,新設,,A23B 2/712,4B021,4O
2025.01,新設,,A23B 2/717,4B021,4O
2025.01,新設,,A23B 2/721,4B021,4O
2025.01,新設,,A23B 2/725,4B021,4O
2025.01,新設,,A23B 2/729,4B021,4O
2025.01,新設,,A23B 2/733,4B021,4O
2025.01,新設,,A23B 2/742,4B021,4O
2025.01,新設,,A23B 2/746,4B021,4O
2025.01,新設,,A23B 2/75,4B021,4O
2025.01,新設,,A23B 2/754,4B021,4O
2025.01,新設,,A23B 2/758,4B021,4O
2025.01,新設,,A23B 2/762,4B021,4O
2025.01,新設,,A23B 2/767,4B021,4O
2025.01,新設,,A23B 2/771,4B021,4O
2025.01,新設,,A23B 2/775,4B021,4O
2025.01,新設,,A23B 2/779,4B021,4O
2025.01,新設,,A23B 2/783,4B021,4O
2025.01,新設,,A23B 2/788,4B021,4O
2025.01,新設,,A23B 2/792,4B021,4O
2025.01,新設,,A23B 2/796,4B021,4O
2025.01,新設,,A23B 2/08,4B022,4O
2025.01,新設,,A23B 2/08 A,4B022,4O
2025.01,新設,,A23B 2/08 Z,4B022,4O
2025.01,新設,,A23B 2/82,4B022,4O
2025.01,新設,,A23B 2/82 A,4B022,4O
2025.01,新設,,A23B 2/82 B,4B022,4O
2025.01,新設,,A23B 2/82 Z,4B022,4O
2025.01,新設,,A23B 2/85,4B022,4O
2025.01,新設,,A23B 2/85 A,4B022,4O
2025.01,新設,,A23B 2/85 Z,4B022,4O
2025.01,新設,,A23B 2/88,4B022,4O
2025.01,新設,,A23B 2/09,4B022,4O
2025.01,新設,,A23B 2/09 A,4B022,4O
2025.01,新設,,A23B 2/09 B,4B022,4O
2025.01,新設,,A23B 2/09 D,4B022,4O
2025.01,新設,,A23B 2/09 Z,4B022,4O
2025.01,新設,,A23B 2/91,4B022,4O
2025.01,新設,,A23B 2/92,4B022,4O
2025.01,新設,,A23B 2/93,4B022,4O
2025.01,新設,,A23B 2/94,4B022,4O
2025.01,新設,,A23B 2/95,4B022,4O
2025.01,新設,,A23B 2/96,4B022,4O
2025.01,新設,,A23B 2/97,4B022,4O
2025.01,新設,,A23B 2/97 A,4B022,4O
2025.01,新設,,A23B 2/97 Z,4B022,4O
2025.01,新設,,A23B 11/00,4B001,4O
2025.01,新設,,A23B 11/01,4B001,4O
2025.01,新設,,A23B 11/12,4B001,4O
2025.01,新設,,A23B 11/123,4B001,4O
2025.01,新設,,A23B 11/127,4B001,4O
2025.01,新設,,A23B 11/13,4B001,4O
2025.01,新設,,A23B 11/133,4B001,4O
2025.01,新設,,A23B 11/137,4B001,4O
2025.01,新設,,A23B 11/14,4B001,4O
2025.01,新設,,A23B 11/145,4B001,4O
2025.01,新設,,A23B 11/16,4B001,4O
2025.01,新設,,A23B 11/18,4B001,4O
2025.01,新設,,A23B 11/02,4B001,4O
2025.01,新設,,A23B 11/22,4B001,4O
2025.01,新設,,A23B 11/23,4B001,4O
2025.01,新設,,A23B 11/25,4B001,4O
2025.01,新設,,A23B 11/27,4B001,4O
2025.01,新設,,A23B 11/29,4B001,4O
2025.01,新設,,A23B 11/03,4B001,4O
2025.01,新設,,A23B 11/35,4B001,4O
2025.01,新設,,A23B 11/04,4B001,4O
2025.01,新設,,A23B 11/45,4B001,4O
2025.01,新設,,A23B 11/05,4B001,4O
2025.01,新設,,A23B 11/55,4B001,4O
2025.01,新設,,A23B 11/06,4B001,4O
2025.01,新設,,A23B 11/65,4B001,4O
2025.01,新設,,A23B 11/67,4B001,4O
2025.01,新設,,A23B 11/07,4B001,4O
2025.01,新設,,A23B 11/75,4B001,4O
2025.01,新設,,A23B 11/08,4B001,4O
2025.01,新設,,A23B 11/82,4B001,4O
2025.01,新設,,A23B 11/84,4B001,4O
2025.01,新設,,A23B 11/86,4B001,4O
2025.01,新設,,A23B 11/87,4B001,4O
2025.01,新設,,A23B 11/88,4B001,4O
2025.01,新設,,A23B 20/00,4B026,4O
2025.01,新設,,A23B 20/01,4B026,4O
2025.01,新設,,A23B 20/01 500,4B026,4O
2025.01,新設,,A23B 20/03,4B026,4O
2025.01,新設,,A23B 40/00,4B032,4O
2025.01,新設,,A23B 40/01,4B032,4O
2025.01,新設,,A23B 40/03,4B032,4O
2025.01,新設,,A23B 40/05,4B032,4O
2025.01,新設,,A23B 40/06,4B032,4O
2025.01,新設,,A23B 45/00,4B032,4O
2025.01,新設,,A23B 45/01,4B032,4O
2025.01,新設,,A23B 45/03,4B032,4O
2025.01,新設,,A23B 45/05,4B032,4O
2025.01,新設,,A23B 45/07,4B032,4O
2025.01,新設,,A23B 70/00,4B117,4O
2025.01,新設,,A23B 70/00 101,4B117,4O
2025.01,新設,,A23B 70/01,4B117,4O
2025.01,新設,,A23B 70/01 101,4B117,4O
2025.01,新設,,A23B 70/02,4B117,4O
2025.01,新設,,A23B 70/03,4B117,4O
2025.01,新設,,A23B 70/03 101,4B117,4O
2025.01,新設,,A23B 70/35,4B117,4O
2025.01,新設,,A23B 70/35 101,4B117,4O
2025.01,新設,,A23B 70/05,4B117,4O
2025.01,新設,,A23B 70/05 101,4B117,4O
2025.01,新設,,A23B 75/00,4B020,4O
2025.01,新設,,A23B 75/01,4B020,4O
2025.01,新設,,A23B 80/00,4B014,4O
2025.01,新設,,A23B 85/00,4B027,4O
2025.01,新設,,A23B 85/01,4B027,4O
2025.01,新設,,A23B 90/00,4B027,4O
2025.01,新設,,A23B 90/01,4B027,4O
2025.01,新設,,A23B 99/00,4B021,4O
2025.01,新設,,A23L 2/38 103,4B117,4O
2025.01,新設,,A23L 2/38 103 A,4B117,4O
2025.01,新設,,A23L 2/38 103 B,4B117,4O
2025.01,新設,,A23L 2/38 103 C,4B117,4O
2025.01,新設,,A23L 2/38 103 Z,4B117,4O
2025.01,新設,,A61K 9/1271,4C076,4C
2025.01,新設,,A61K 9/1272,4C076,4C
2025.01,新設,,A61K 9/1273,4C076,4C
2025.01,新設,,A61K 9/1274,4C076,4C
2025.01,新設,,A61K 9/1275,4C076,4C
2025.01,新設,,A61K 9/1276,4C076,4C
2025.01,新設,,A61K 9/1277,4C076,4C
2025.01,新設,,A61K 9/1278,4C076,4C
2025.01,新設,,A61K 40/00,4C087,4U
2025.01,新設,,A61K 40/01,4C087,4U
2025.01,新設,,A61K 40/11,4C087,4U
2025.01,新設,,A61K 40/13,4C087,4U
2025.01,新設,,A61K 40/15,4C087,4U
2025.01,新設,,A61K 40/17,4C087,4U
2025.01,新設,,A61K 40/19,4C087,4U
2025.01,新設,,A61K 40/02,4C087,4U
2025.01,新設,,A61K 40/22,4C087,4U
2025.01,新設,,A61K 40/24,4C087,4U
2025.01,新設,,A61K 40/03,4C087,4U
2025.01,新設,,A61K 40/31,4C087,4U
2025.01,新設,,A61K 40/32,4C087,4U
2025.01,新設,,A61K 40/33,4C087,4U
2025.01,新設,,A61K 40/34,4C087,4U
2025.01,新設,,A61K 40/35,4C087,4U
2025.01,新設,,A61K 40/36,4C087,4U
2025.01,新設,,A61K 40/04,4C087,4U
2025.01,新設,,A61K 40/41,4C087,4U
2025.01,新設,,A61K 40/42,4C087,4U
2025.01,新設,,A61K 40/43,4C087,4U
2025.01,新設,,A61K 40/44,4C087,4U
2025.01,新設,,A61K 40/45,4C087,4U
2025.01,新設,,A61K 40/46,4C087,4U
2025.01,新設,,A61K 40/48,4C087,4U
2025.01,新設,,A61K 40/05,4C087,4U
2025.01,新設,,B23K 37/003,4E062,3P
2025.01,新設,,B23K 37/006,4E062,3P
2025.01,新設,,B23K 37/0531,4E062,3P
2025.01,新設,,B23K 37/0533,4E062,3P
2025.01,新設,,B23K 37/0535,4E062,3P
2025.01,新設,,B23K 37/0536,4E062,3P
2025.01,新設,,B23K 37/0538,4E062,3P
2025.01,新設,,B65D 83/141,3E014,3N
2025.01,新設,,B65D 83/145,3E014,3N
2025.01,新設,,B65D 83/182,3E014,3N
2025.01,新設,,B65D 83/184,3E014,3N
2025.01,新設,,B65D 83/206,3E014,3N
2025.01,新設,,B65D 83/222,3E014,3N
2025.01,新設,,B65D 83/224,3E014,3N
2025.01,新設,,B65D 83/285,3E014,3N
2025.01,新設,,B65D 83/303,3E014,3N
2025.01,新設,,B65D 83/384,3E014,3N
2025.01,新設,,B65D 83/384 100,3E014,3N
2025.01,新設,,B65D 83/52 200,3E014,3N
2025.01,新設,,B65D 83/52 300,3E014,3N
2025.01,新設,,B65D 83/53,3E014,3N
2025.01,新設,,B65D 83/666,3E014,3N
2025.01,新設,,B65D 83/682,3E014,3N
2025.01,新設,,B65D 83/685,3E014,3N
2025.01,新設,,B65D 83/687,3E014,3N
2025.01,新設,,B65D 83/761,3E014,3N
2025.01,新設,,B65D 83/762,3E014,3N
2025.01,新設,,B65D 83/763,3E014,3N
2025.01,新設,,B65D 83/764,3E014,3N
2025.01,新設,,B65D 83/766,3E014,3N
2025.01,新設,,B65D 83/767,3E014,3N
2025.01,新設,,C01G 45/01,4G048,4G
2025.01,新設,,C01G 45/022,4G048,4G
2025.01,新設,,C01G 45/024,4G048,4G
2025.01,新設,,C01G 45/026,4G048,4G
2025.01,新設,,C01G 45/028,4G048,4G
2025.01,新設,,C01G 45/03,4G048,4G
2025.01,新設,,C01G 45/05,4G048,4G
2025.01,新設,,C01G 45/07,4G048,4G
2025.01,新設,,C01G 45/1207,4G048,4G
2025.01,新設,,C01G 45/1214,4G048,4G
2025.01,新設,,C01G 45/1221,4G048,4G
2025.01,新設,,C01G 45/1228,4G048,4G
2025.01,新設,,C01G 45/1235,4G048,4G
2025.01,新設,,C01G 45/1242,4G048,4G
2025.01,新設,,C01G 45/125,4G048,4G
2025.01,新設,,C01G 45/1257,4G048,4G
2025.01,新設,,C01G 45/1264,4G048,4G
2025.01,新設,,C01G 45/02,4G048,4G
2025.01,新設,,C01G 45/22,4G048,4G
2025.01,新設,,C01G 45/24,4G048,4G
2025.01,新設,,C01G 51/01,4G048,4G
2025.01,新設,,C01G 51/05,4G048,4G
2025.01,新設,,C01G 51/15,4G048,4G
2025.01,新設,,C01G 51/02,4G048,4G
2025.01,新設,,C01G 51/04,4G048,4G
2025.01,新設,,C01G 51/42,4G048,4G
2025.01,新設,,C01G 51/44,4G048,4G
2025.01,新設,,C01G 51/52,4G048,4G
2025.01,新設,,C01G 51/54,4G048,4G
2025.01,新設,,C01G 51/56,4G048,4G
2025.01,新設,,C01G 51/66,4G048,4G
2025.01,新設,,C01G 51/68,4G048,4G
2025.01,新設,,C01G 51/07,4G048,4G
2025.01,新設,,C01G 51/08,4G048,4G
2025.01,新設,,C01G 51/82,4G048,4G
2025.01,新設,,C01G 51/84,4G048,4G
2025.01,新設,,C01G 53/01,4G048,4G
2025.01,新設,,C01G 53/05,4G048,4G
2025.01,新設,,C01G 53/04,4G048,4G
2025.01,新設,,C01G 53/42,4G048,4G
2025.01,新設,,C01G 53/44,4G048,4G
2025.01,新設,,C01G 53/502,4G048,4G
2025.01,新設,,C01G 53/504,4G048,4G
2025.01,新設,,C01G 53/506,4G048,4G
2025.01,新設,,C01G 53/51,4G048,4G
2025.01,新設,,C01G 53/52,4G048,4G
2025.01,新設,,C01G 53/54,4G048,4G
2025.01,新設,,C01G 53/56,4G048,4G
2025.01,新設,,C01G 53/66,4G048,4G
2025.01,新設,,C01G 53/68,4G048,4G
2025.01,新設,,C01G 53/07,4G048,4G
2025.01,新設,,C01G 53/08,4G048,4G
2025.01,新設,,C01G 53/82,4G048,4G
2025.01,新設,,C01G 53/84,4G048,4G
2025.01,新設,,C08L 23/025,4J002,4W
2025.01,新設,,C08L 23/0807,4J002,4W
2025.01,新設,,C08L 23/0846,4J002,4W
2025.01,新設,,C08L 23/0853,4J002,4W
2025.01,新設,,C08L 23/0861,4J002,4W
2025.01,新設,,C08L 23/0869,4J002,4W
2025.01,新設,,C08L 23/0876,4J002,4W
2025.01,新設,,C08L 23/0884,4J002,4W
2025.01,新設,,C08L 23/0892,4J002,4W
2025.01,新設,,C08L 23/283,4J002,4W
2025.01,新設,,C08L 23/286,4J002,4W
2025.01,新設,,F27D 17/01,4K056,3P
2025.01,新設,,F27D 17/01 102,4K056,3P
2025.01,新設,,F27D 17/01 103,4K056,3P
2025.01,新設,,F27D 17/12,4K056,3P
2025.01,新設,,F27D 17/13,4K056,3P
2025.01,新設,,F27D 17/15,4K056,3P
2025.01,新設,,F27D 17/17,4K056,3P
2025.01,新設,,F27D 17/18,4K056,3P
2025.01,新設,,F27D 17/02,4K056,3P
2025.01,新設,,F27D 17/02 G,4K056,3P
2025.01,新設,,F27D 17/02 K,4K056,3P
2025.01,新設,,F27D 17/02 Z,4K056,3P
2025.01,新設,,F27D 17/22,4K056,3P
2025.01,新設,,F27D 17/22 A,4K056,3P
2025.01,新設,,F27D 17/22 D,4K056,3P
2025.01,新設,,F27D 17/22 K,4K056,3P
2025.01,新設,,F27D 17/22 Z,4K056,3P
2025.01,新設,,F27D 17/25,4K056,3P
2025.01,新設,,F27D 17/28,4K056,3P
2025.01,新設,,F27D 17/03,4K056,3P
2025.01,新設,,G06F 11/3604,5B042,5B
2025.01,新設,,G06F 11/3604 108,5B042,5B
2025.01,新設,,G06F 11/3604 112,5B042,5B
2025.01,新設,,G06F 11/3604 116,5B042,5B
2025.01,新設,,G06F 11/362,5B042,5B
2025.01,新設,,G06F 11/362 124,5B042,5B
2025.01,新設,,G06F 11/362 128,5B042,5B
2025.01,新設,,G06F 11/362 132,5B042,5B
2025.01,新設,,G06F 11/362 136,5B042,5B
2025.01,新設,,G06F 11/362 140,5B042,5B
2025.01,新設,,G06F 11/362 144,5B042,5B
2025.01,新設,,G06F 11/362 148,5B042,5B
2025.01,新設,,G06F 11/362 152,5B042,5B
2025.01,新設,,G06F 11/362 156,5B042,5B
2025.01,新設,,G06F 11/362 160,5B042,5B
2025.01,新設,,G06F 11/3668,5B042,5B
2025.01,新設,,G06F 11/3668 172,5B042,5B
2025.01,新設,,G06F 11/3668 176,5B042,5B
2025.01,新設,,G06F 11/3668 180,5B042,5B
2025.01,新設,,G06F 11/3668 184,5B042,5B
2025.01,新設,,G06F 11/3668 188,5B042,5B
2025.01,新設,,G06F 11/3668 192,5B042,5B
2025.01,新設,,G06F 11/3668 196,5B042,5B
2025.01,新設,,G06F 11/3698,5B042,5B
2025.01,新設,,G06F 16/3329,5B175,5N
2025.01,新設,,G06F 16/3331,5B175,5N
2025.01,新設,,G06F 16/3332,5B175,5N
2025.01,新設,,G06F 16/334,5B175,5N
2025.01,新設,,G06F 16/3349,5B175,5N
2025.01,新設,,G06F 16/353,5B175,5N
2025.01,新設,,G06F 16/355,5B175,5N
2025.01,新設,,G06F 16/358,5B175,5N
2025.01,新設,,G08G 5/02,5H181,3Z
2025.01,新設,,G08G 5/21,5H181,3Z
2025.01,新設,,G08G 5/22,5H181,3Z
2025.01,新設,,G08G 5/23,5H181,3Z
2025.01,新設,,G08G 5/24,5H181,3Z
2025.01,新設,,G08G 5/25,5H181,3Z
2025.01,新設,,G08G 5/26,5H181,3Z
2025.01,新設,,G08G 5/265,5H181,3Z
2025.01,新設,,G08G 5/27,5H181,3Z
2025.01,新設,,G08G 5/03,5H181,3Z
2025.01,新設,,G08G 5/32,5H181,3Z
2025.01,新設,,G08G 5/34,5H181,3Z
2025.01,新設,,G08G 5/36,5H181,3Z
2025.01,新設,,G08G 5/38,5H181,3Z
2025.01,新設,,G08G 5/05,5H181,3Z
2025.01,新設,,G08G 5/51,5H181,3Z
2025.01,新設,,G08G 5/52,5H181,3Z
2025.01,新設,,G08G 5/53,5H181,3Z
2025.01,新設,,G08G 5/54,5H181,3Z
2025.01,新設,,G08G 5/55,5H181,3Z
2025.01,新設,,G08G 5/56,5H181,3Z
2025.01,新設,,G08G 5/57,5H181,3Z
2025.01,新設,,G08G 5/58,5H181,3Z
2025.01,新設,,G08G 5/59,5H181,3Z
2025.01,新設,,G08G 5/07,5H181,3Z
2025.01,新設,,G08G 5/72,5H181,3Z
2025.01,新設,,G08G 5/74,5H181,3Z
2025.01,新設,,G08G 5/76,5H181,3Z
2025.01,新設,,G08G 5/78,5H181,3Z
2025.01,新設,,G08G 5/08,5H181,3Z
2025.01,新設,,G08G 5/09,5H181,3Z
2025.01,新設,,H02K 15/021,5H615,3V
2025.01,新設,,H02K 15/022,5H615,3V
2025.01,新設,,H02K 15/0225,5H615,3V
2025.01,新設,,H02K 15/023,5H615,3V
2025.01,新設,,H02K 15/025,5H615,3V
2025.01,新設,,H02K 15/026,5H615,3V
2025.01,新設,,H02K 15/027,5H615,3V
2025.01,新設,,H02K 15/0273,5H615,3V
2025.01,新設,,H02K 15/0275,5H615,3V
2025.01,新設,,H02K 15/0278,5H615,3V
2025.01,新設,,H02K 15/028,5H615,3V
2025.01,新設,,H02K 15/035,5H622,3V
2025.01,新設,,H02K 15/038,5H622,3V
2025.01,新設,,H02K 15/0407,5H615,3V
2025.01,新設,,H02K 15/0414,5H615,3V
2025.01,新設,,H02K 15/0421,5H615,3V
2025.01,新設,,H02K 15/0428,5H615,3V
2025.01,新設,,H02K 15/043,5H615,3V
2025.01,新設,,H02K 15/044,5H615,3V
2025.01,新設,,H02K 15/046,5H615,3V
2025.01,新設,,H02K 15/047,5H615,3V
2025.01,新設,,H02K 15/048,5H615,3V
2025.01,新設,,H02K 15/061,5H615,3V
2025.01,新設,,H02K 15/062,5H615,3V
2025.01,新設,,H02K 15/064,5H615,3V
2025.01,新設,,H02K 15/0643,5H615,3V
2025.01,新設,,H02K 15/0646,5H615,3V
2025.01,新設,,H02K 15/065,5H615,3V
2025.01,新設,,H02K 15/066,5H615,3V
2025.01,新設,,H02K 15/067,5H615,3V
2025.01,新設,,H02K 15/068,5H615,3V
2025.01,新設,,H02K 15/104,5H615,3V
2025.01,新設,,H02K 15/106,5H615,3V
2025.01,新設,,H02K 15/108,5H615,3V
2025.01,新設,,H02K 15/121,5H615,3V
2025.01,新設,,H02K 15/122,5H615,3V
2025.01,新設,,H02K 15/123,5H615,3V
2025.01,新設,,H02K 15/125,5H615,3V
2025.01,新設,,H02K 15/13,5H615,3V
2025.01,新設,,H02K 15/142,5H615,3V
2025.01,新設,,H02K 15/144,5H615,3V
2025.01,新設,,H02K 15/146,5H615,3V
2025.01,新設,,H02K 15/148,5H615,3V
2025.01,新設,,H02K 15/165,5H615,3V
2025.01,新設,,H02K 15/02,5H615,3V
2025.01,新設,,H02K 15/22,5H615,3V
2025.01,新設,,H02K 15/24,5H615,3V
2025.01,新設,,H02K 15/26,5H615,3V
2025.01,新設,,H02K 15/28,5H615,3V
2025.01,新設,,H02K 15/03,5H615,3V
2025.01,新設,,H02K 15/32,5H615,3V
2025.01,新設,,H02K 15/33,5H615,3V
2025.01,新設,,H02K 15/34,5H615,3V
2025.01,新設,,H02K 15/35,5H615,3V
2025.01,新設,,H02K 15/36,5H615,3V
2025.01,新設,,H02K 15/38,5H615,3V
2025.01,新設,,H02K 15/04,5H615,3V
2025.01,新設,,H02K 15/05,5H615,3V
2025.01,新設,,H02K 15/06,5H615,3V
2025.01,新設,,H02K 15/07,5H615,3V
2025.01,新設,,H02K 15/08,5H615,3V
2025.01,新設,,H02K 15/09,5H615,3V
2025.01,新設,,H02K 15/95,5H615,3V
2025.01,新設,,H05K 5/01,4E360,3F
2025.01,新設,,H05K 5/13,4E360,3F
2025.01,新設,,H05K 5/15,4E360,3F
2025.01,新設,,H05K 5/03,4E360,3F
2025.01,新設,,H10D 1/00,5F038,5F
2025.01,新設,,H10D 1/02,5F038,5F
2025.01,新設,,H10D 1/04,5F038,5F
2025.01,新設,,H10D 1/43,5F038,5F
2025.01,新設,,H10D 1/47,5F038,5F
2025.01,新設,,H10D 1/47 101,5F038,5F
2025.01,新設,,H10D 1/47 102,5F038,5F
2025.01,新設,,H10D 1/06,5F038,5F
2025.01,新設,,H10D 1/62,5F038,5F
2025.01,新設,,H10D 1/62 A,5F038,5F
2025.01,新設,,H10D 1/62 C,5F038,5F
2025.01,新設,,H10D 1/62 Z,5F038,5F
2025.01,新設,,H10D 1/64,5F038,5F
2025.01,新設,,H10D 1/64 A,5F038,5F
2025.01,新設,,H10D 1/64 C,5F038,5F
2025.01,新設,,H10D 1/64 H,5F038,5F
2025.01,新設,,H10D 1/64 S,5F038,5F
2025.01,新設,,H10D 1/64 Z,5F038,5F
2025.01,新設,,H10D 1/66,5F038,5F
2025.01,新設,,H10D 1/66 A,5F038,5F
2025.01,新設,,H10D 1/66 C,5F038,5F
2025.01,新設,,H10D 1/66 Z,5F038,5F
2025.01,新設,,H10D 1/68,5F038,5F
2025.01,新設,,H10D 8/00,5F087,5F
2025.01,新設,,H10D 8/01,5F087,5F
2025.01,新設,,H10D 8/01 A,5F087,5F
2025.01,新設,,H10D 8/01 B,5F087,5F
2025.01,新設,,H10D 8/01 S,5F087,5F
2025.01,新設,,H10D 8/01 Z,5F087,5F
2025.01,新設,,H10D 8/02,5F087,5F
2025.01,新設,,H10D 8/02 P,5F087,5F
2025.01,新設,,H10D 8/02 Z,5F087,5F
2025.01,新設,,H10D 8/25,5F087,5F
2025.01,新設,,H10D 8/25 C,5F087,5F
2025.01,新設,,H10D 8/25 S,5F087,5F
2025.01,新設,,H10D 8/25 Z,5F087,5F
2025.01,新設,,H10D 8/03,5F087,5F
2025.01,新設,,H10D 8/04,5F087,5F
2025.01,新設,,H10D 8/05,5F087,5F
2025.01,新設,,H10D 8/05 C,5F087,5F
2025.01,新設,,H10D 8/05 D,5F087,5F
2025.01,新設,,H10D 8/05 E,5F087,5F
2025.01,新設,,H10D 8/05 F,5F087,5F
2025.01,新設,,H10D 8/05 G,5F087,5F
2025.01,新設,,H10D 8/05 H,5F087,5F
2025.01,新設,,H10D 8/05 J,5F087,5F
2025.01,新設,,H10D 8/05 K,5F087,5F
2025.01,新設,,H10D 8/05 L,5F087,5F
2025.01,新設,,H10D 8/05 Z,5F087,5F
2025.01,新設,,H10D 8/06,5F087,5F
2025.01,新設,,H10D 8/06 D,5F087,5F
2025.01,新設,,H10D 8/06 E,5F087,5F
2025.01,新設,,H10D 8/06 F,5F087,5F
2025.01,新設,,H10D 8/06 M,5F087,5F
2025.01,新設,,H10D 8/06 Z,5F087,5F
2025.01,新設,,H10D 8/07,5F087,5F
2025.01,新設,,H10D 8/07 F,5F087,5F
2025.01,新設,,H10D 8/07 S,5F087,5F
2025.01,新設,,H10D 8/07 Z,5F087,5F
2025.01,新設,,H10D 8/75,5F087,5F
2025.01,新設,,H10D 8/08,5F087,5F
2025.01,新設,,H10D 10/00,5F003,5F
2025.01,新設,,H10D 10/01,5F003,5F
2025.01,新設,,H10D 10/04,5F003,5F
2025.01,新設,,H10D 10/04 P,5F003,5F
2025.01,新設,,H10D 10/04 S,5F003,5F
2025.01,新設,,H10D 10/04 Z,5F003,5F
2025.01,新設,,H10D 10/06,5F003,5F
2025.01,新設,,H10D 10/08,5F003,5F
2025.01,新設,,H10D 12/00,5F111,5F
2025.01,新設,,H10D 12/00 101,5F111,5F
2025.01,新設,,H10D 12/00 101 A,5F111,5F
2025.01,新設,,H10D 12/00 101 B,5F111,5F
2025.01,新設,,H10D 12/00 101 C,5F111,5F
2025.01,新設,,H10D 12/00 101 D,5F111,5F
2025.01,新設,,H10D 12/00 101 E,5F111,5F
2025.01,新設,,H10D 12/00 101 F,5F111,5F
2025.01,新設,,H10D 12/00 101 G,5F111,5F
2025.01,新設,,H10D 12/00 101 H,5F111,5F
2025.01,新設,,H10D 12/00 101 J,5F111,5F
2025.01,新設,,H10D 12/00 101 K,5F111,5F
2025.01,新設,,H10D 12/00 101 L,5F111,5F
2025.01,新設,,H10D 12/00 101 M,5F111,5F
2025.01,新設,,H10D 12/00 101 P,5F111,5F
2025.01,新設,,H10D 12/00 101 R,5F111,5F
2025.01,新設,,H10D 12/00 101 S,5F111,5F
2025.01,新設,,H10D 12/00 101 T,5F111,5F
2025.01,新設,,H10D 12/00 101 Z,5F111,5F
2025.01,新設,,H10D 12/00 102,5F111,5F
2025.01,新設,,H10D 12/00 102 A,5F111,5F
2025.01,新設,,H10D 12/00 102 B,5F111,5F
2025.01,新設,,H10D 12/00 102 C,5F111,5F
2025.01,新設,,H10D 12/00 102 D,5F111,5F
2025.01,新設,,H10D 12/00 102 E,5F111,5F
2025.01,新設,,H10D 12/00 102 F,5F111,5F
2025.01,新設,,H10D 12/00 102 G,5F111,5F
2025.01,新設,,H10D 12/00 102 S,5F111,5F
2025.01,新設,,H10D 12/00 102 Z,5F111,5F
2025.01,新設,,H10D 12/00 103,5F111,5F
2025.01,新設,,H10D 12/00 103 A,5F111,5F
2025.01,新設,,H10D 12/00 103 B,5F111,5F
2025.01,新設,,H10D 12/00 103 C,5F111,5F
2025.01,新設,,H10D 12/00 103 D,5F111,5F
2025.01,新設,,H10D 12/00 103 Q,5F111,5F
2025.01,新設,,H10D 12/00 103 R,5F111,5F
2025.01,新設,,H10D 12/00 103 S,5F111,5F
2025.01,新設,,H10D 12/00 103 Z,5F111,5F
2025.01,新設,,H10D 12/00 201,5F111,5F
2025.01,新設,,H10D 12/00 201 A,5F111,5F
2025.01,新設,,H10D 12/00 201 B,5F111,5F
2025.01,新設,,H10D 12/00 201 C,5F111,5F
2025.01,新設,,H10D 12/00 201 D,5F111,5F
2025.01,新設,,H10D 12/00 201 Z,5F111,5F
2025.01,新設,,H10D 12/00 202,5F111,5F
2025.01,新設,,H10D 12/00 202 A,5F111,5F
2025.01,新設,,H10D 12/00 202 B,5F111,5F
2025.01,新設,,H10D 12/00 202 C,5F111,5F
2025.01,新設,,H10D 12/00 202 Z,5F111,5F
2025.01,新設,,H10D 12/00 301,5F111,5F
2025.01,新設,,H10D 12/01,5F111,5F
2025.01,新設,,H10D 12/01 A,5F111,5F
2025.01,新設,,H10D 12/01 B,5F111,5F
2025.01,新設,,H10D 12/01 C,5F111,5F
2025.01,新設,,H10D 12/01 D,5F111,5F
2025.01,新設,,H10D 12/01 E,5F111,5F
2025.01,新設,,H10D 12/01 F,5F111,5F
2025.01,新設,,H10D 12/01 G,5F111,5F
2025.01,新設,,H10D 12/01 H,5F111,5F
2025.01,新設,,H10D 12/01 J,5F111,5F
2025.01,新設,,H10D 12/01 K,5F111,5F
2025.01,新設,,H10D 12/01 L,5F111,5F
2025.01,新設,,H10D 12/01 Z,5F111,5F
2025.01,新設,,H10D 18/00,5F005,5F
2025.01,新設,,H10D 18/00 A,5F005,5F
2025.01,新設,,H10D 18/00 B,5F005,5F
2025.01,新設,,H10D 18/00 C,5F005,5F
2025.01,新設,,H10D 18/00 D,5F005,5F
2025.01,新設,,H10D 18/00 E,5F005,5F
2025.01,新設,,H10D 18/00 F,5F005,5F
2025.01,新設,,H10D 18/00 G,5F005,5F
2025.01,新設,,H10D 18/00 H,5F005,5F
2025.01,新設,,H10D 18/00 J,5F005,5F
2025.01,新設,,H10D 18/00 L,5F005,5F
2025.01,新設,,H10D 18/00 M,5F005,5F
2025.01,新設,,H10D 18/00 P,5F005,5F
2025.01,新設,,H10D 18/00 R,5F005,5F
2025.01,新設,,H10D 18/00 S,5F005,5F
2025.01,新設,,H10D 18/00 T,5F005,5F
2025.01,新設,,H10D 18/00 U,5F005,5F
2025.01,新設,,H10D 18/00 V,5F005,5F
2025.01,新設,,H10D 18/00 W,5F005,5F
2025.01,新設,,H10D 18/00 X,5F005,5F
2025.01,新設,,H10D 18/00 Y,5F005,5F
2025.01,新設,,H10D 18/00 Z,5F005,5F
2025.01,新設,,H10D 18/01,5F005,5F
2025.01,新設,,H10D 18/01 A,5F005,5F
2025.01,新設,,H10D 18/01 B,5F005,5F
2025.01,新設,,H10D 18/01 C,5F005,5F
2025.01,新設,,H10D 18/01 Z,5F005,5F
2025.01,新設,,H10D 18/04,5F005,5F
2025.01,新設,,H10D 18/04 A,5F005,5F
2025.01,新設,,H10D 18/04 B,5F005,5F
2025.01,新設,,H10D 18/04 C,5F005,5F
2025.01,新設,,H10D 18/04 Z,5F005,5F
2025.01,新設,,H10D 18/06,5F005,5F
2025.01,新設,,H10D 18/65,5F005,5F
2025.01,新設,,H10D 18/65 A,5F005,5F
2025.01,新設,,H10D 18/65 B,5F005,5F
2025.01,新設,,H10D 18/65 C,5F005,5F
2025.01,新設,,H10D 18/65 Z,5F005,5F
2025.01,新設,,H10D 18/08,5F005,5F
2025.01,新設,,H10D 30/00,5F140,5F
2025.01,新設,,H10D 30/01,5F123,5F
2025.01,新設,,H10D 30/01 101,5F140,5F
2025.01,新設,,H10D 30/01 101 F,5F140,5F
2025.01,新設,,H10D 30/01 101 P,5F140,5F
2025.01,新設,,H10D 30/01 101 T,5F140,5F
2025.01,新設,,H10D 30/01 101 Z,5F140,5F
2025.01,新設,,H10D 30/01 201,5F110,5F
2025.01,新設,,H10D 30/01 202,5F110,5F
2025.01,新設,,H10D 30/01 202 J,5F110,5F
2025.01,新設,,H10D 30/01 202 K,5F110,5F
2025.01,新設,,H10D 30/01 202 L,5F110,5F
2025.01,新設,,H10D 30/01 202 M,5F110,5F
2025.01,新設,,H10D 30/01 202 N,5F110,5F
2025.01,新設,,H10D 30/01 202 Z,5F110,5F
2025.01,新設,,H10D 30/01 203,5F110,5F
2025.01,新設,,H10D 30/01 203 V,5F110,5F
2025.01,新設,,H10D 30/01 203 W,5F110,5F
2025.01,新設,,H10D 30/01 203 Z,5F110,5F
2025.01,新設,,H10D 30/01 204,5F110,5F
2025.01,新設,,H10D 30/01 205,5F110,5F
2025.01,新設,,H10D 30/01 206,5F110,5F
2025.01,新設,,H10D 30/01 206 A,5F110,5F
2025.01,新設,,H10D 30/01 206 B,5F110,5F
2025.01,新設,,H10D 30/01 206 C,5F110,5F
2025.01,新設,,H10D 30/01 206 D,5F110,5F
2025.01,新設,,H10D 30/01 206 E,5F110,5F
2025.01,新設,,H10D 30/01 206 F,5F110,5F
2025.01,新設,,H10D 30/01 206 G,5F110,5F
2025.01,新設,,H10D 30/01 206 Z,5F110,5F
2025.01,新設,,H10D 30/01 301,5F111,5F
2025.01,新設,,H10D 30/01 301 A,5F111,5F
2025.01,新設,,H10D 30/01 301 B,5F111,5F
2025.01,新設,,H10D 30/01 301 C,5F111,5F
2025.01,新設,,H10D 30/01 301 D,5F111,5F
2025.01,新設,,H10D 30/01 301 E,5F111,5F
2025.01,新設,,H10D 30/01 301 F,5F111,5F
2025.01,新設,,H10D 30/01 301 G,5F111,5F
2025.01,新設,,H10D 30/01 301 H,5F111,5F
2025.01,新設,,H10D 30/01 301 J,5F111,5F
2025.01,新設,,H10D 30/01 301 K,5F111,5F
2025.01,新設,,H10D 30/01 301 L,5F111,5F
2025.01,新設,,H10D 30/01 301 Z,5F111,5F
2025.01,新設,,H10D 30/01 401,5F102,5F
2025.01,新設,,H10D 30/01 501,5F101,5F
2025.01,新設,,H10D 30/04,5F123,5F
2025.01,新設,,H10D 30/43,5F123,5F
2025.01,新設,,H10D 30/47,5F123,5F
2025.01,新設,,H10D 30/47 101,5F110,5F
2025.01,新設,,H10D 30/47 201,5F102,5F
2025.01,新設,,H10D 30/06,5F140,5F
2025.01,新設,,H10D 30/06 B,5F140,5F
2025.01,新設,,H10D 30/06 C,5F140,5F
2025.01,新設,,H10D 30/06 E,5F140,5F
2025.01,新設,,H10D 30/06 G,5F140,5F
2025.01,新設,,H10D 30/06 H,5F140,5F
2025.01,新設,,H10D 30/06 J,5F140,5F
2025.01,新設,,H10D 30/06 K,5F140,5F
2025.01,新設,,H10D 30/06 L,5F140,5F
2025.01,新設,,H10D 30/06 M,5F140,5F
2025.01,新設,,H10D 30/06 N,5F140,5F
2025.01,新設,,H10D 30/06 Q,5F140,5F
2025.01,新設,,H10D 30/06 R,5F140,5F
2025.01,新設,,H10D 30/06 S,5F140,5F
2025.01,新設,,H10D 30/06 U,5F140,5F
2025.01,新設,,H10D 30/06 V,5F140,5F
2025.01,新設,,H10D 30/06 W,5F140,5F
2025.01,新設,,H10D 30/06 X,5F140,5F
2025.01,新設,,H10D 30/06 Z,5F140,5F
2025.01,新設,,H10D 30/62,5F140,5F
2025.01,新設,,H10D 30/63,5F140,5F
2025.01,新設,,H10D 30/64,5F140,5F
2025.01,新設,,H10D 30/65,5F140,5F
2025.01,新設,,H10D 30/66,5F111,5F
2025.01,新設,,H10D 30/66 101,5F111,5F
2025.01,新設,,H10D 30/66 101 A,5F111,5F
2025.01,新設,,H10D 30/66 101 B,5F111,5F
2025.01,新設,,H10D 30/66 101 C,5F111,5F
2025.01,新設,,H10D 30/66 101 D,5F111,5F
2025.01,新設,,H10D 30/66 101 E,5F111,5F
2025.01,新設,,H10D 30/66 101 F,5F111,5F
2025.01,新設,,H10D 30/66 101 G,5F111,5F
2025.01,新設,,H10D 30/66 101 H,5F111,5F
2025.01,新設,,H10D 30/66 101 J,5F111,5F
2025.01,新設,,H10D 30/66 101 K,5F111,5F
2025.01,新設,,H10D 30/66 101 L,5F111,5F
2025.01,新設,,H10D 30/66 101 M,5F111,5F
2025.01,新設,,H10D 30/66 101 T,5F111,5F
2025.01,新設,,H10D 30/66 101 Z,5F111,5F
2025.01,新設,,H10D 30/66 102,5F111,5F
2025.01,新設,,H10D 30/66 102 A,5F111,5F
2025.01,新設,,H10D 30/66 102 B,5F111,5F
2025.01,新設,,H10D 30/66 102 C,5F111,5F
2025.01,新設,,H10D 30/66 102 D,5F111,5F
2025.01,新設,,H10D 30/66 102 E,5F111,5F
2025.01,新設,,H10D 30/66 102 F,5F111,5F
2025.01,新設,,H10D 30/66 102 G,5F111,5F
2025.01,新設,,H10D 30/66 102 S,5F111,5F
2025.01,新設,,H10D 30/66 102 Z,5F111,5F
2025.01,新設,,H10D 30/66 103,5F111,5F
2025.01,新設,,H10D 30/66 103 A,5F111,5F
2025.01,新設,,H10D 30/66 103 B,5F111,5F
2025.01,新設,,H10D 30/66 103 C,5F111,5F
2025.01,新設,,H10D 30/66 103 D,5F111,5F
2025.01,新設,,H10D 30/66 103 Q,5F111,5F
2025.01,新設,,H10D 30/66 103 R,5F111,5F
2025.01,新設,,H10D 30/66 103 S,5F111,5F
2025.01,新設,,H10D 30/66 103 Z,5F111,5F
2025.01,新設,,H10D 30/66 201,5F111,5F
2025.01,新設,,H10D 30/66 201 A,5F111,5F
2025.01,新設,,H10D 30/66 201 B,5F111,5F
2025.01,新設,,H10D 30/66 201 C,5F111,5F
2025.01,新設,,H10D 30/66 201 D,5F111,5F
2025.01,新設,,H10D 30/66 201 Z,5F111,5F
2025.01,新設,,H10D 30/66 202,5F111,5F
2025.01,新設,,H10D 30/66 202 A,5F111,5F
2025.01,新設,,H10D 30/66 202 B,5F111,5F
2025.01,新設,,H10D 30/66 202 C,5F111,5F
2025.01,新設,,H10D 30/66 202 Z,5F111,5F
2025.01,新設,,H10D 30/67,5F110,5F
2025.01,新設,,H10D 30/67 101,5F110,5F
2025.01,新設,,H10D 30/67 101 A,5F110,5F
2025.01,新設,,H10D 30/67 101 S,5F110,5F
2025.01,新設,,H10D 30/67 101 T,5F110,5F
2025.01,新設,,H10D 30/67 101 U,5F110,5F
2025.01,新設,,H10D 30/67 101 V,5F110,5F
2025.01,新設,,H10D 30/67 101 Z,5F110,5F
2025.01,新設,,H10D 30/67 102,5F110,5F
2025.01,新設,,H10D 30/67 102 A,5F110,5F
2025.01,新設,,H10D 30/67 102 J,5F110,5F
2025.01,新設,,H10D 30/67 102 K,5F110,5F
2025.01,新設,,H10D 30/67 102 L,5F110,5F
2025.01,新設,,H10D 30/67 102 M,5F110,5F
2025.01,新設,,H10D 30/67 102 N,5F110,5F
2025.01,新設,,H10D 30/67 102 S,5F110,5F
2025.01,新設,,H10D 30/67 102 T,5F110,5F
2025.01,新設,,H10D 30/67 102 U,5F110,5F
2025.01,新設,,H10D 30/67 102 Z,5F110,5F
2025.01,新設,,H10D 30/67 103,5F110,5F
2025.01,新設,,H10D 30/67 103 B,5F110,5F
2025.01,新設,,H10D 30/67 103 C,5F110,5F
2025.01,新設,,H10D 30/67 103 D,5F110,5F
2025.01,新設,,H10D 30/67 103 E,5F110,5F
2025.01,新設,,H10D 30/67 103 F,5F110,5F
2025.01,新設,,H10D 30/67 103 G,5F110,5F
2025.01,新設,,H10D 30/67 103 Z,5F110,5F
2025.01,新設,,H10D 30/67 104,5F110,5F
2025.01,新設,,H10D 30/67 104 A,5F110,5F
2025.01,新設,,H10D 30/67 104 B,5F110,5F
2025.01,新設,,H10D 30/67 104 Z,5F110,5F
2025.01,新設,,H10D 30/67 201,5F110,5F
2025.01,新設,,H10D 30/67 202,5F110,5F
2025.01,新設,,H10D 30/67 203,5F110,5F
2025.01,新設,,H10D 30/67 204,5F110,5F
2025.01,新設,,H10D 30/67 204 A,5F110,5F
2025.01,新設,,H10D 30/67 204 Z,5F110,5F
2025.01,新設,,H10D 30/67 205,5F110,5F
2025.01,新設,,H10D 30/67 206,5F110,5F
2025.01,新設,,H10D 30/67 206 A,5F110,5F
2025.01,新設,,H10D 30/67 206 B,5F110,5F
2025.01,新設,,H10D 30/67 206 C,5F110,5F
2025.01,新設,,H10D 30/67 206 D,5F110,5F
2025.01,新設,,H10D 30/67 206 Z,5F110,5F
2025.01,新設,,H10D 30/68,5F101,5F
2025.01,新設,,H10D 30/69,5F101,5F
2025.01,新設,,H10D 30/08,5F102,5F
2025.01,新設,,H10D 30/08 A,5F102,5F
2025.01,新設,,H10D 30/08 P,5F102,5F
2025.01,新設,,H10D 30/08 S,5F102,5F
2025.01,新設,,H10D 30/08 V,5F102,5F
2025.01,新設,,H10D 30/08 W,5F102,5F
2025.01,新設,,H10D 30/08 Z,5F102,5F
2025.01,新設,,H10D 30/83,5F102,5F
2025.01,新設,,H10D 30/87,5F102,5F
2025.01,新設,,H10D 30/87 B,5F102,5F
2025.01,新設,,H10D 30/87 E,5F102,5F
2025.01,新設,,H10D 30/87 F,5F102,5F
2025.01,新設,,H10D 30/87 G,5F102,5F
2025.01,新設,,H10D 30/87 K,5F102,5F
2025.01,新設,,H10D 30/87 L,5F102,5F
2025.01,新設,,H10D 30/87 M,5F102,5F
2025.01,新設,,H10D 30/87 Q,5F102,5F
2025.01,新設,,H10D 30/87 R,5F102,5F
2025.01,新設,,H10D 30/87 S,5F102,5F
2025.01,新設,,H10D 30/87 U,5F102,5F
2025.01,新設,,H10D 30/87 Z,5F102,5F
2025.01,新設,,H10D 44/00,4M118,5F
2025.01,新設,,H10D 44/00 A,4M118,5F
2025.01,新設,,H10D 44/00 B,4M118,5F
2025.01,新設,,H10D 44/00 C,4M118,5F
2025.01,新設,,H10D 44/00 D,4M118,5F
2025.01,新設,,H10D 44/00 E,4M118,5F
2025.01,新設,,H10D 44/00 F,4M118,5F
2025.01,新設,,H10D 44/00 G,4M118,5F
2025.01,新設,,H10D 44/00 H,4M118,5F
2025.01,新設,,H10D 44/00 J,4M118,5F
2025.01,新設,,H10D 44/00 K,4M118,5F
2025.01,新設,,H10D 44/00 L,4M118,5F
2025.01,新設,,H10D 44/00 Z,4M118,5F
2025.01,新設,,H10D 44/01,4M118,5F
2025.01,新設,,H10D 44/04,4M118,5F
2025.01,新設,,H10D 44/45,4M118,5F
2025.01,新設,,H10D 48/00,5F123,5F
2025.01,新設,,H10D 48/00 101,5F123,5F
2025.01,新設,,H10D 48/01,5F123,5F
2025.01,新設,,H10D 48/04,5F123,5F
2025.01,新設,,H10D 48/042,5F123,5F
2025.01,新設,,H10D 48/043,5F123,5F
2025.01,新設,,H10D 48/044,5F123,5F
2025.01,新設,,H10D 48/045,5F123,5F
2025.01,新設,,H10D 48/046,5F123,5F
2025.01,新設,,H10D 48/047,5F123,5F
2025.01,新設,,H10D 48/048,5F123,5F
2025.01,新設,,H10D 48/049,5F123,5F
2025.01,新設,,H10D 48/07,5F123,5F
2025.01,新設,,H10D 48/03,5F123,5F
2025.01,新設,,H10D 48/03 C,5F123,5F
2025.01,新設,,H10D 48/03 E,5F123,5F
2025.01,新設,,H10D 48/03 L,5F123,5F
2025.01,新設,,H10D 48/03 M,5F123,5F
2025.01,新設,,H10D 48/03 S,5F123,5F
2025.01,新設,,H10D 48/03 T,5F123,5F
2025.01,新設,,H10D 48/03 U,5F123,5F
2025.01,新設,,H10D 48/03 Z,5F123,5F
2025.01,新設,,H10D 48/32,5F003,5F
2025.01,新設,,H10D 48/34,5F003,5F
2025.01,新設,,H10D 48/36,5F140,5F
2025.01,新設,,H10D 48/38,5F087,5F
2025.01,新設,,H10D 48/38 A,5F087,5F
2025.01,新設,,H10D 48/38 F,5F087,5F
2025.01,新設,,H10D 48/38 S,5F087,5F
2025.01,新設,,H10D 48/38 Z,5F087,5F
2025.01,新設,,H10D 48/04,5F092,5F
2025.01,新設,,H10D 48/04 D,5F092,5F
2025.01,新設,,H10D 48/04 T,5F092,5F
2025.01,新設,,H10D 48/04 Z,5F092,5F
2025.01,新設,,H10D 48/05,4M112,5F
2025.01,新設,,H10D 48/05 A,4M112,5F
2025.01,新設,,H10D 48/05 B,4M112,5F
2025.01,新設,,H10D 48/05 C,4M112,5F
2025.01,新設,,H10D 48/05 D,4M112,5F
2025.01,新設,,H10D 48/05 E,4M112,5F
2025.01,新設,,H10D 48/05 F,4M112,5F
2025.01,新設,,H10D 48/05 G,4M112,5F
2025.01,新設,,H10D 48/05 H,4M112,5F
2025.01,新設,,H10D 48/05 J,4M112,5F
2025.01,新設,,H10D 48/05 Z,4M112,5F
2025.01,新設,,H10D 62/00,5F121,5F
2025.01,新設,,H10D 62/01,5F121,5F
2025.01,新設,,H10D 62/01 101,5F139,5F
2025.01,新設,,H10D 62/01 101 D,5F139,5F
2025.01,新設,,H10D 62/01 101 F,5F139,5F
2025.01,新設,,H10D 62/01 101 G,5F139,5F
2025.01,新設,,H10D 62/01 101 M,5F139,5F
2025.01,新設,,H10D 62/01 101 R,5F139,5F
2025.01,新設,,H10D 62/01 101 S,5F139,5F
2025.01,新設,,H10D 62/01 101 V,5F139,5F
2025.01,新設,,H10D 62/01 101 Z,5F139,5F
2025.01,新設,,H10D 62/01 201,5F121,5F
2025.01,新設,,H10D 62/01 201 B,5F121,5F
2025.01,新設,,H10D 62/01 201 N,5F121,5F
2025.01,新設,,H10D 62/01 201 Z,5F121,5F
2025.01,新設,,H10D 62/13,5F121,5F
2025.01,新設,,H10D 62/17,5F121,5F
2025.01,新設,,H10D 62/04,5F121,5F
2025.01,新設,,H10D 62/05,5F121,5F
2025.01,新設,,H10D 62/53,5F121,5F
2025.01,新設,,H10D 62/57,5F121,5F
2025.01,新設,,H10D 62/06,5F121,5F
2025.01,新設,,H10D 62/08,5F121,5F
2025.01,新設,,H10D 62/81,5F121,5F
2025.01,新設,,H10D 62/81 D,5F121,5F
2025.01,新設,,H10D 62/81 L,5F121,5F
2025.01,新設,,H10D 62/81 W,5F121,5F
2025.01,新設,,H10D 62/81 Z,5F121,5F
2025.01,新設,,H10D 62/815,5F121,5F
2025.01,新設,,H10D 62/82,5F121,5F
2025.01,新設,,H10D 62/822,5F121,5F
2025.01,新設,,H10D 62/824,5F121,5F
2025.01,新設,,H10D 62/826,5F121,5F
2025.01,新設,,H10D 62/83,5F121,5F
2025.01,新設,,H10D 62/832,5F121,5F
2025.01,新設,,H10D 62/834,5F121,5F
2025.01,新設,,H10D 62/84,5F121,5F
2025.01,新設,,H10D 62/85,5F121,5F
2025.01,新設,,H10D 62/852,5F121,5F
2025.01,新設,,H10D 62/854,5F121,5F
2025.01,新設,,H10D 62/86,5F121,5F
2025.01,新設,,H10D 62/862,5F121,5F
2025.01,新設,,H10D 62/864,5F121,5F
2025.01,新設,,H10D 64/00,4M104,5F
2025.01,新設,,H10D 64/01,4M104,5F
2025.01,新設,,H10D 64/01 A,4M104,5F
2025.01,新設,,H10D 64/01 B,4M104,5F
2025.01,新設,,H10D 64/01 C,4M104,5F
2025.01,新設,,H10D 64/01 D,4M104,5F
2025.01,新設,,H10D 64/01 E,4M104,5F
2025.01,新設,,H10D 64/01 K,4M104,5F
2025.01,新設,,H10D 64/01 L,4M104,5F
2025.01,新設,,H10D 64/01 M,4M104,5F
2025.01,新設,,H10D 64/01 S,4M104,5F
2025.01,新設,,H10D 64/01 Z,4M104,5F
2025.01,新設,,H10D 64/02,4M104,5F
2025.01,新設,,H10D 64/02 F,4M104,5F
2025.01,新設,,H10D 64/02 Z,4M104,5F
2025.01,新設,,H10D 64/23,4M104,5F
2025.01,新設,,H10D 64/23 B,4M104,5F
2025.01,新設,,H10D 64/23 D,4M104,5F
2025.01,新設,,H10D 64/23 J,4M104,5F
2025.01,新設,,H10D 64/23 M,4M104,5F
2025.01,新設,,H10D 64/23 Z,4M104,5F
2025.01,新設,,H10D 64/27,4M104,5F
2025.01,新設,,H10D 64/27 G,4M104,5F
2025.01,新設,,H10D 64/27 Z,4M104,5F
2025.01,新設,,H10D 64/06,4M104,5F
2025.01,新設,,H10D 64/62,4M104,5F
2025.01,新設,,H10D 64/62 A,4M104,5F
2025.01,新設,,H10D 64/62 B,4M104,5F
2025.01,新設,,H10D 64/62 D,4M104,5F
2025.01,新設,,H10D 64/62 R,4M104,5F
2025.01,新設,,H10D 64/62 S,4M104,5F
2025.01,新設,,H10D 64/62 Z,4M104,5F
2025.01,新設,,H10D 64/64,4M104,5F
2025.01,新設,,H10D 64/64 A,4M104,5F
2025.01,新設,,H10D 64/64 B,4M104,5F
2025.01,新設,,H10D 64/64 D,4M104,5F
2025.01,新設,,H10D 64/64 R,4M104,5F
2025.01,新設,,H10D 64/64 S,4M104,5F
2025.01,新設,,H10D 64/64 Z,4M104,5F
2025.01,新設,,H10D 64/66,4M104,5F
2025.01,新設,,H10D 64/66 A,4M104,5F
2025.01,新設,,H10D 64/66 B,4M104,5F
2025.01,新設,,H10D 64/66 D,4M104,5F
2025.01,新設,,H10D 64/66 R,4M104,5F
2025.01,新設,,H10D 64/66 S,4M104,5F
2025.01,新設,,H10D 64/66 Z,4M104,5F
2025.01,新設,,H10D 64/68,4M104,5F
2025.01,新設,,H10D 80/00,5F037,5D
2025.01,新設,,H10D 80/02,5F037,5D
2025.01,新設,,H10D 80/03,5F037,5D
2025.01,新設,,H10D 84/00,5F081,5F
2025.01,新設,,H10D 84/01,5F081,5F
2025.01,新設,,H10D 84/02,5F081,5F
2025.01,新設,,H10D 84/03,5F081,5F
2025.01,新設,,H10D 84/05,5F081,5F
2025.01,新設,,H10D 84/07,5F081,5F
2025.01,新設,,H10D 84/08,5F081,5F
2025.01,新設,,H10D 84/04,5F048,5F
2025.01,新設,,H10D 84/04 A,5F048,5F
2025.01,新設,,H10D 84/04 B,5F048,5F
2025.01,新設,,H10D 84/04 C,5F048,5F
2025.01,新設,,H10D 84/04 D,5F048,5F
2025.01,新設,,H10D 84/04 E,5F048,5F
2025.01,新設,,H10D 84/04 F,5F048,5F
2025.01,新設,,H10D 84/04 G,5F048,5F
2025.01,新設,,H10D 84/04 H,5F048,5F
2025.01,新設,,H10D 84/04 J,5F048,5F
2025.01,新設,,H10D 84/04 Z,5F048,5F
2025.01,新設,,H10D 84/06,5F082,5F
2025.01,新設,,H10D 84/06 101,5F082,5F
2025.01,新設,,H10D 84/06 201,5F082,5F
2025.01,新設,,H10D 84/06 201 D,5F082,5F
2025.01,新設,,H10D 84/06 201 P,5F082,5F
2025.01,新設,,H10D 84/06 201 S,5F082,5F
2025.01,新設,,H10D 84/06 201 U,5F082,5F
2025.01,新設,,H10D 84/06 201 Z,5F082,5F
2025.01,新設,,H10D 84/06 202,5F082,5F
2025.01,新設,,H10D 84/06 202 B,5F082,5F
2025.01,新設,,H10D 84/06 202 D,5F082,5F
2025.01,新設,,H10D 84/06 202 L,5F082,5F
2025.01,新設,,H10D 84/06 202 T,5F082,5F
2025.01,新設,,H10D 84/06 202 Z,5F082,5F
2025.01,新設,,H10D 84/63,5F082,5F
2025.01,新設,,H10D 84/65,5F082,5F
2025.01,新設,,H10D 84/65 J,5F082,5F
2025.01,新設,,H10D 84/65 N,5F082,5F
2025.01,新設,,H10D 84/65 W,5F082,5F
2025.01,新設,,H10D 84/65 Z,5F082,5F
2025.01,新設,,H10D 84/67,5F082,5F
2025.01,新設,,H10D 84/08,5F048,5F
2025.01,新設,,H10D 84/08 101,5F048,5F
2025.01,新設,,H10D 84/08 101 A,5F048,5F
2025.01,新設,,H10D 84/08 101 Z,5F048,5F
2025.01,新設,,H10D 84/08 102,5F048,5F
2025.01,新設,,H10D 84/08 102 A,5F048,5F
2025.01,新設,,H10D 84/08 102 B,5F048,5F
2025.01,新設,,H10D 84/08 102 C,5F048,5F
2025.01,新設,,H10D 84/08 102 Z,5F048,5F
2025.01,新設,,H10D 84/08 201,5F111,5F
2025.01,新設,,H10D 84/08 202,5F111,5F
2025.01,新設,,H10D 84/08 202 A,5F111,5F
2025.01,新設,,H10D 84/08 202 B,5F111,5F
2025.01,新設,,H10D 84/08 202 C,5F111,5F
2025.01,新設,,H10D 84/08 202 D,5F111,5F
2025.01,新設,,H10D 84/08 202 E,5F111,5F
2025.01,新設,,H10D 84/08 202 F,5F111,5F
2025.01,新設,,H10D 84/08 202 G,5F111,5F
2025.01,新設,,H10D 84/08 202 Z,5F111,5F
2025.01,新設,,H10D 84/08 203,5F111,5F
2025.01,新設,,H10D 84/08 203 A,5F111,5F
2025.01,新設,,H10D 84/08 203 B,5F111,5F
2025.01,新設,,H10D 84/08 203 C,5F111,5F
2025.01,新設,,H10D 84/08 203 D,5F111,5F
2025.01,新設,,H10D 84/08 203 E,5F111,5F
2025.01,新設,,H10D 84/08 203 F,5F111,5F
2025.01,新設,,H10D 84/08 203 G,5F111,5F
2025.01,新設,,H10D 84/08 203 Z,5F111,5F
2025.01,新設,,H10D 84/82,5F048,5F
2025.01,新設,,H10D 84/83,5F048,5F
2025.01,新設,,H10D 84/83 101,5F048,5F
2025.01,新設,,H10D 84/83 101 A,5F048,5F
2025.01,新設,,H10D 84/83 101 B,5F048,5F
2025.01,新設,,H10D 84/83 101 C,5F048,5F
2025.01,新設,,H10D 84/83 101 D,5F048,5F
2025.01,新設,,H10D 84/83 101 E,5F048,5F
2025.01,新設,,H10D 84/83 101 F,5F048,5F
2025.01,新設,,H10D 84/83 101 G,5F048,5F
2025.01,新設,,H10D 84/83 101 Z,5F048,5F
2025.01,新設,,H10D 84/83 A,5F048,5F
2025.01,新設,,H10D 84/83 B,5F048,5F
2025.01,新設,,H10D 84/83 C,5F048,5F
2025.01,新設,,H10D 84/83 D,5F048,5F
2025.01,新設,,H10D 84/83 E,5F048,5F
2025.01,新設,,H10D 84/83 F,5F048,5F
2025.01,新設,,H10D 84/83 H,5F048,5F
2025.01,新設,,H10D 84/83 J,5F048,5F
2025.01,新設,,H10D 84/83 Z,5F048,5F
2025.01,新設,,H10D 84/84,5F048,5F
2025.01,新設,,H10D 84/84 A,5F048,5F
2025.01,新設,,H10D 84/84 Z,5F048,5F
2025.01,新設,,H10D 84/85,5F048,5F
2025.01,新設,,H10D 84/85 A,5F048,5F
2025.01,新設,,H10D 84/85 B,5F048,5F
2025.01,新設,,H10D 84/85 C,5F048,5F
2025.01,新設,,H10D 84/85 D,5F048,5F
2025.01,新設,,H10D 84/85 E,5F048,5F
2025.01,新設,,H10D 84/85 F,5F048,5F
2025.01,新設,,H10D 84/85 G,5F048,5F
2025.01,新設,,H10D 84/85 H,5F048,5F
2025.01,新設,,H10D 84/85 K,5F048,5F
2025.01,新設,,H10D 84/85 L,5F048,5F
2025.01,新設,,H10D 84/85 N,5F048,5F
2025.01,新設,,H10D 84/85 Z,5F048,5F
2025.01,新設,,H10D 84/86,5F082,5F
2025.01,新設,,H10D 84/87,5F082,5F
2025.01,新設,,H10D 84/09,5F048,5F
2025.01,新設,,H10D 84/09 101,5F082,5F
2025.01,新設,,H10D 84/09 102,5F048,5F
2025.01,新設,,H10D 86/00,5F110,5F
2025.01,新設,,H10D 86/01,5F110,5F
2025.01,新設,,H10D 86/01 101,5F110,5F
2025.01,新設,,H10D 86/03,5F110,5F
2025.01,新設,,H10D 86/04,5F110,5F
2025.01,新設,,H10D 86/04 101,5F110,5F
2025.01,新設,,H10D 86/04 101 A,5F110,5F
2025.01,新設,,H10D 86/04 101 B,5F110,5F
2025.01,新設,,H10D 86/04 101 Z,5F110,5F
2025.01,新設,,H10D 86/04 102,5F110,5F
2025.01,新設,,H10D 86/06,5F110,5F
2025.01,新設,,H10D 86/06 A,5F110,5F
2025.01,新設,,H10D 86/06 B,5F110,5F
2025.01,新設,,H10D 86/06 C,5F110,5F
2025.01,新設,,H10D 86/06 Z,5F110,5F
2025.01,新設,,H10D 86/08,5F081,5F
2025.01,新設,,H10D 86/85,5F081,5F
2025.01,新設,,H10D 86/85 101,5F081,5F
2025.01,新設,,H10D 86/85 102,5F081,5F
2025.01,新設,,H10D 86/85 103,5F081,5F
2025.01,新設,,H10D 87/00,5F048,5F
2025.01,新設,,H10D 88/00,5F080,5F
2025.01,新設,,H10D 88/00 A,5F080,5F
2025.01,新設,,H10D 88/00 B,5F080,5F
2025.01,新設,,H10D 88/00 C,5F080,5F
2025.01,新設,,H10D 88/00 D,5F080,5F
2025.01,新設,,H10D 88/00 E,5F080,5F
2025.01,新設,,H10D 88/00 F,5F080,5F
2025.01,新設,,H10D 88/00 H,5F080,5F
2025.01,新設,,H10D 88/00 L,5F080,5F
2025.01,新設,,H10D 88/00 N,5F080,5F
2025.01,新設,,H10D 88/00 P,5F080,5F
2025.01,新設,,H10D 88/00 R,5F080,5F
2025.01,新設,,H10D 88/00 S,5F080,5F
2025.01,新設,,H10D 88/00 W,5F080,5F
2025.01,新設,,H10D 88/00 Y,5F080,5F
2025.01,新設,,H10D 88/00 Z,5F080,5F
2025.01,新設,,H10D 89/00,5F038,5F
2025.01,新設,,H10D 89/00 101,5F038,5F
2025.01,新設,,H10D 89/00 101 A,5F038,5F
2025.01,新設,,H10D 89/00 101 B,5F038,5F
2025.01,新設,,H10D 89/00 101 D,5F038,5F
2025.01,新設,,H10D 89/00 101 E,5F038,5F
2025.01,新設,,H10D 89/00 101 F,5F038,5F
2025.01,新設,,H10D 89/00 101 G,5F038,5F
2025.01,新設,,H10D 89/00 101 M,5F038,5F
2025.01,新設,,H10D 89/00 101 T,5F038,5F
2025.01,新設,,H10D 89/00 101 U,5F038,5F
2025.01,新設,,H10D 89/00 101 V,5F038,5F
2025.01,新設,,H10D 89/00 101 Z,5F038,5F
2025.01,新設,,H10D 89/01,5F064,5F
2025.01,新設,,H10D 89/01 A,5F064,5F
2025.01,新設,,H10D 89/01 B,5F064,5F
2025.01,新設,,H10D 89/01 C,5F064,5F
2025.01,新設,,H10D 89/01 D,5F064,5F
2025.01,新設,,H10D 89/01 F,5F064,5F
2025.01,新設,,H10D 89/01 L,5F064,5F
2025.01,新設,,H10D 89/01 M,5F064,5F
2025.01,新設,,H10D 89/01 P,5F064,5F
2025.01,新設,,H10D 89/01 R,5F064,5F
2025.01,新設,,H10D 89/01 S,5F064,5F
2025.01,新設,,H10D 89/01 T,5F064,5F
2025.01,新設,,H10D 89/01 W,5F064,5F
2025.01,新設,,H10D 89/01 Z,5F064,5F
2025.01,新設,,H10D 89/06,5F038,5F
2025.01,新設,,H10D 99/00,5F121,5F
2025.01,新設,,H10F 10/00,5F251,2K
2025.01,新設,,H10F 10/01,5F251,2K
2025.01,新設,,H10F 10/11,5F251,2K
2025.01,新設,,H10F 10/12,5F251,2K
2025.01,新設,,H10F 10/13,5F251,2K
2025.01,新設,,H10F 10/14,5F251,2K
2025.01,新設,,H10F 10/142,5F251,2K
2025.01,新設,,H10F 10/144,5F251,2K
2025.01,新設,,H10F 10/16,5F251,2K
2025.01,新設,,H10F 10/161,5F251,2K
2025.01,新設,,H10F 10/162,5F251,2K
2025.01,新設,,H10F 10/163,5F251,2K
2025.01,新設,,H10F 10/164,5F251,2K
2025.01,新設,,H10F 10/165,5F251,2K
2025.01,新設,,H10F 10/166,5F251,2K
2025.01,新設,,H10F 10/167,5F251,2K
2025.01,新設,,H10F 10/17,5F251,2K
2025.01,新設,,H10F 10/172,5F251,2K
2025.01,新設,,H10F 10/174,5F251,2K
2025.01,新設,,H10F 10/18,5F251,2K
2025.01,新設,,H10F 10/19,5F251,2K
2025.01,新設,,H10F 19/00,5F251,2K
2025.01,新設,,H10F 19/00 A,5F251,2K
2025.01,新設,,H10F 19/00 Z,5F251,2K
2025.01,新設,,H10F 19/01,5F251,2K
2025.01,新設,,H10F 19/02,5F251,2K
2025.01,新設,,H10F 19/03,5F251,2K
2025.01,新設,,H10F 19/31,5F251,2K
2025.01,新設,,H10F 19/33,5F251,2K
2025.01,新設,,H10F 19/35,5F251,2K
2025.01,新設,,H10F 19/37,5F251,2K
2025.01,新設,,H10F 19/04,5F251,2K
2025.01,新設,,H10F 19/05,5F251,2K
2025.01,新設,,H10F 19/07,5F251,2K
2025.01,新設,,H10F 19/75,5F251,2K
2025.01,新設,,H10F 19/08,5F251,2K
2025.01,新設,,H10F 19/85,5F251,2K
2025.01,新設,,H10F 19/09,5F251,2K
2025.01,新設,,H10F 30/00,5F149,2K
2025.01,新設,,H10F 30/01,5F149,2K
2025.01,新設,,H10F 30/02,5F149,2K
2025.01,新設,,H10F 30/21,5F149,2K
2025.01,新設,,H10F 30/22,5F149,2K
2025.01,新設,,H10F 30/221,5F149,2K
2025.01,新設,,H10F 30/222,5F149,2K
2025.01,新設,,H10F 30/223,5F149,2K
2025.01,新設,,H10F 30/225,5F149,2K
2025.01,新設,,H10F 30/227,5F149,2K
2025.01,新設,,H10F 30/24,5F149,2K
2025.01,新設,,H10F 30/26,5F149,2K
2025.01,新設,,H10F 30/28,5F149,2K
2025.01,新設,,H10F 30/282,5F149,2K
2025.01,新設,,H10F 30/29,5F149,2K
2025.01,新設,,H10F 30/292,5F149,2K
2025.01,新設,,H10F 30/295,5F149,2K
2025.01,新設,,H10F 30/298,5F149,2K
2025.01,新設,,H10F 39/00,4M118,5F
2025.01,新設,,H10F 39/01,4M118,5F
2025.01,新設,,H10F 39/01 J,4M118,5F
2025.01,新設,,H10F 39/01 K,4M118,5F
2025.01,新設,,H10F 39/01 Z,4M118,5F
2025.01,新設,,H10F 39/12,4M118,5F
2025.01,新設,,H10F 39/12 D,4M118,5F
2025.01,新設,,H10F 39/12 G,4M118,5F
2025.01,新設,,H10F 39/12 Z,4M118,5F
2025.01,新設,,H10F 39/15,4M118,5F
2025.01,新設,,H10F 39/15 B,4M118,5F
2025.01,新設,,H10F 39/15 H,4M118,5F
2025.01,新設,,H10F 39/15 Z,4M118,5F
2025.01,新設,,H10F 39/18,4M118,5F
2025.01,新設,,H10F 39/18 A,4M118,5F
2025.01,新設,,H10F 39/18 C,4M118,5F
2025.01,新設,,H10F 39/18 E,4M118,5F
2025.01,新設,,H10F 39/18 F,4M118,5F
2025.01,新設,,H10F 39/18 Z,4M118,5F
2025.01,新設,,H10F 39/09,5F149,2K
2025.01,新設,,H10F 39/95,4M118,5F
2025.01,新設,,H10F 55/00,5F889,2K
2025.01,新設,,H10F 55/00 500,5F889,2K
2025.01,新設,,H10F 55/00 510,5F889,2K
2025.01,新設,,H10F 55/00 520,5F889,2K
2025.01,新設,,H10F 55/00 530,5F889,2K
2025.01,新設,,H10F 55/01,5F889,2K
2025.01,新設,,H10F 55/01 500,5F889,2K
2025.01,新設,,H10F 55/15,5F889,2K
2025.01,新設,,H10F 55/155,5F889,2K
2025.01,新設,,H10F 55/02,5F889,2K
2025.01,新設,,H10F 55/25,5F889,2K
2025.01,新設,,H10F 55/25 510,5F889,2K
2025.01,新設,,H10F 55/25 520,5F889,2K
2025.01,新設,,H10F 55/255,5F889,2K
2025.01,新設,,H10F 71/00,5F188,2K
2025.01,新設,,H10F 71/00 100,5F188,2K
2025.01,新設,,H10F 71/00 120,5F188,2K
2025.01,新設,,H10F 71/00 122,5F188,2K
2025.01,新設,,H10F 71/00 124,5F188,2K
2025.01,新設,,H10F 71/00 140,5F188,2K
2025.01,新設,,H10F 71/00 160,5F188,2K
2025.01,新設,,H10F 71/01,5F188,2K
2025.01,新設,,H10F 77/00,5F149,2K
2025.01,新設,,H10F 77/01,5F188,2K
2025.01,新設,,H10F 77/12,5F188,2K
2025.01,新設,,H10F 77/121,5F188,2K
2025.01,新設,,H10F 77/122,5F188,2K
2025.01,新設,,H10F 77/1223,5F188,2K
2025.01,新設,,H10F 77/1226,5F188,2K
2025.01,新設,,H10F 77/123,5F188,2K
2025.01,新設,,H10F 77/124,5F188,2K
2025.01,新設,,H10F 77/14,5F188,2K
2025.01,新設,,H10F 77/14 100,5F188,2K
2025.01,新設,,H10F 77/14 120,5F188,2K
2025.01,新設,,H10F 77/14 122,5F188,2K
2025.01,新設,,H10F 77/14 124,5F188,2K
2025.01,新設,,H10F 77/14 140,5F188,2K
2025.01,新設,,H10F 77/16,5F188,2K
2025.01,新設,,H10F 77/162,5F188,2K
2025.01,新設,,H10F 77/164,5F188,2K
2025.01,新設,,H10F 77/166,5F188,2K
2025.01,新設,,H10F 77/169,5F188,2K
2025.01,新設,,H10F 77/02,5F188,2K
2025.01,新設,,H10F 77/02 100,5F188,2K
2025.01,新設,,H10F 77/02 120,5F188,2K
2025.01,新設,,H10F 77/02 140,5F188,2K
2025.01,新設,,H10F 77/02 160,5F188,2K
2025.01,新設,,H10F 77/03,5F188,2K
2025.01,新設,,H10F 77/04,5F188,2K
2025.01,新設,,H10F 77/42,5F188,2K
2025.01,新設,,H10F 77/45,5F188,2K
2025.01,新設,,H10F 77/48,5F188,2K
2025.01,新設,,H10F 77/05,5F188,2K
2025.01,新設,,H10F 77/06,5F188,2K
2025.01,新設,,H10F 77/63,5F188,2K
2025.01,新設,,H10F 77/67,5F188,2K
2025.01,新設,,H10F 77/07,5F188,2K
2025.01,新設,,H10F 77/07 100,5F188,2K
2025.01,新設,,H10F 77/07 120,5F188,2K
2025.01,新設,,H10F 77/08,5F188,2K
2025.01,新設,,H10F 77/09,5F188,2K
2025.01,新設,,H10F 99/00,5F149,2K
2025.01,新設,,H10F 99/00 100,5F251,2K
2025.01,新設,,H10H 20/00,5F241,2K
2025.01,新設,,H10H 20/00 H,5F142,2K
2025.01,新設,,H10H 20/00 J,5F241,2K
2025.01,新設,,H10H 20/00 K,5F241,2K
2025.01,新設,,H10H 20/00 L,5F142,2K
2025.01,新設,,H10H 20/00 Z,5F241,2K
2025.01,新設,,H10H 20/01,5F241,2K
2025.01,新設,,H10H 20/01 A,5F142,2K
2025.01,新設,,H10H 20/01 Z,5F241,2K
2025.01,新設,,H10H 20/08,5F241,2K
2025.01,新設,,H10H 20/81,5F241,2K
2025.01,新設,,H10H 20/811,5F241,2K
2025.01,新設,,H10H 20/812,5F241,2K
2025.01,新設,,H10H 20/813,5F241,2K
2025.01,新設,,H10H 20/814,5F241,2K
2025.01,新設,,H10H 20/815,5F241,2K
2025.01,新設,,H10H 20/816,5F241,2K
2025.01,新設,,H10H 20/817,5F241,2K
2025.01,新設,,H10H 20/818,5F241,2K
2025.01,新設,,H10H 20/819,5F241,2K
2025.01,新設,,H10H 20/82,5F241,2K
2025.01,新設,,H10H 20/821,5F241,2K
2025.01,新設,,H10H 20/822,5F241,2K
2025.01,新設,,H10H 20/823,5F241,2K
2025.01,新設,,H10H 20/824,5F241,2K
2025.01,新設,,H10H 20/825,5F241,2K
2025.01,新設,,H10H 20/826,5F241,2K
2025.01,新設,,H10H 20/83,5F241,2K
2025.01,新設,,H10H 20/831,5F241,2K
2025.01,新設,,H10H 20/832,5F241,2K
2025.01,新設,,H10H 20/833,5F241,2K
2025.01,新設,,H10H 20/84,5F241,2K
2025.01,新設,,H10H 20/841,5F241,2K
2025.01,新設,,H10H 20/85,5F142,2K
2025.01,新設,,H10H 20/851,5F142,2K
2025.01,新設,,H10H 20/852,5F142,2K
2025.01,新設,,H10H 20/853,5F142,2K
2025.01,新設,,H10H 20/854,5F142,2K
2025.01,新設,,H10H 20/855,5F142,2K
2025.01,新設,,H10H 20/856,5F142,2K
2025.01,新設,,H10H 20/857,5F142,2K
2025.01,新設,,H10H 20/858,5F142,2K
2025.01,新設,,H10H 29/00,5F197,2K
2025.01,新設,,H10H 29/01,5F197,2K
2025.01,新設,,H10H 29/02,5F197,2K
2025.01,新設,,H10H 29/03,5F197,2K
2025.01,新設,,H10H 29/14,5F197,2K
2025.01,新設,,H10H 29/24,5F197,2K
2025.01,新設,,H10H 29/32,5F197,2K
2025.01,新設,,H10H 29/34,5F197,2K
2025.01,新設,,H10H 29/37,5F197,2K
2025.01,新設,,H10H 29/39,5F197,2K
2025.01,新設,,H10H 29/41,5F197,2K
2025.01,新設,,H10H 29/45,5F197,2K
2025.01,新設,,H10H 29/49,5F197,2K
2025.01,新設,,H10H 29/08,5F197,2K
2025.01,新設,,H10H 29/85,5F197,2K
2025.01,新設,,H10H 29/851,5F197,2K
2025.01,新設,,H10H 29/852,5F197,2K
2025.01,新設,,H10H 29/853,5F197,2K
2025.01,新設,,H10H 29/854,5F197,2K
2025.01,新設,,H10H 29/855,5F197,2K
2025.01,新設,,H10H 29/856,5F197,2K
2025.01,新設,,H10H 99/00,5F197,2K
2025.01,廃止,A01G 13/00 301,A01G 13/03,・マルチによる植物の保護,
2025.01,廃止,A01G 13/00 301 A,A01G 13/03,苗木等のマルチ〔除草板〕,
2025.01,廃止,A01G 13/00 301 Z,A01G 13/03,その他,
2025.01,廃止,A01G 13/00 302,A01G 13/03,・・マルチシ－ト,
2025.01,廃止,A01G 13/00 302 A,A01G 13/03,シ－トの穴あけ〔一般性あるもの，第２分類，Ｂ２６Ｆ〕,
2025.01,廃止,A01G 13/00 302 B,A01G 13/03,シ－トの巻取・回収〔裾あけ具〕,
2025.01,廃止,A01G 13/00 302 Z,A01G 13/03,その他,
2025.01,廃止,A01G 13/00 303,A01G 13/03,・・マルチシ－ト敷設機,
2025.01,廃止,A01G 13/02,A01G 13/02,・植物体を保護覆いするもの；被覆物を設置する用具［２００６．０１］,
2025.01,廃止,A01G 13/02 101,A01G 13/02,・・果実袋,
2025.01,廃止,A01G 13/02 101 A,A01G 13/02,果実袋,
2025.01,廃止,A01G 13/02 101 B,A01G 13/02,・袋の口部，止め金の取付に特徴のあるもの〔口部接着塗布〕,
2025.01,廃止,A01G 13/02 101 C,A01G 13/02,・袋の組成，着色，塗布薬剤に特徴のあるもの,
2025.01,廃止,A01G 13/02 101 D,A01G 13/02,袋以外の果実保護容器〔果実カバ－〕,
2025.01,廃止,A01G 13/02 101 E,A01G 13/02,果実袋付属具,
2025.01,廃止,A01G 13/02 101 F,A01G 13/02,・止め金〔止め具を含む〕，止め金の保持,
2025.01,廃止,A01G 13/02 101 G,A01G 13/02,・果実袋の保持,
2025.01,廃止,A01G 13/02 101 H,A01G 13/02,・袋掛け装置,
2025.01,廃止,A01G 13/02 101 Z,A01G 13/02,その他のもの,
2025.01,廃止,A01G 13/02 A,A01G 13/02,多数の植物体を覆うもの〔例．トンネル〕,
2025.01,廃止,A01G 13/02 B,A01G 13/02,・被覆材の組成・構造,
2025.01,廃止,A01G 13/02 C,A01G 13/02,・・通気，透水のための特別の構造を有するもの,
2025.01,廃止,A01G 13/02 D,A01G 13/02,・・被覆材の組成,
2025.01,廃止,A01G 13/02 E,A01G 13/02,・・特定光線を制御するもの〔Ａ０１Ｇ７／００参照〕,
2025.01,廃止,A01G 13/02 F,A01G 13/02,・・遮光用のもの,
2025.01,廃止,A01G 13/02 G,A01G 13/02,・支持及び支柱,
2025.01,廃止,A01G 13/02 H,A01G 13/02,・・被覆材定着手段を有するもの,
2025.01,廃止,A01G 13/02 J,A01G 13/02,・被覆材定着部材,
2025.01,廃止,A01G 13/02 K,A01G 13/02,・被覆の開閉に特徴のあるもの,
2025.01,廃止,A01G 13/02 L,A01G 13/02,・被覆物の設置用具〔例．被覆材の張設〕,
2025.01,廃止,A01G 13/02 M,A01G 13/02,単一の樹木・果樹を覆うもの,
2025.01,廃止,A01G 13/02 N,A01G 13/02,樹幹を覆うもの,
2025.01,廃止,A01G 13/02 P,A01G 13/02,樹枝を覆うもの,
2025.01,廃止,A01G 13/02 Q,A01G 13/02,果実傘,
2025.01,廃止,A01G 13/02 Z,A01G 13/02,その他,
2025.01,廃止,A01G 13/04,A01G 13/26,・・鐘形覆い［２００６．０１］,
2025.01,廃止,A01K 67/033,A01K 67/03,・無脊椎動物の飼育又は繁殖；新規な無脊椎動物［５］,
2025.01,廃止,A01K 67/033 501,A01K 67/06,・・無脊椎動物の育種、無脊椎動物の新種,
2025.01,廃止,A01K 67/033 502,A01K 67/34,・・昆虫の飼育（蚕は６７／０４）,
2025.01,廃止,A01K 67/033 503,A01K 67/33,・・ミミズの飼育,
2025.01,廃止,A01K 67/04,A01K 67/35,・・蚕［５］,
2025.01,廃止,A01K 67/04 301,A01K 67/35 301,・・・催青，ふ化,
2025.01,廃止,A01K 67/04 302,A01K 67/35 302,・・・育蚕,
2025.01,廃止,A01K 67/04 302 A,A01K 67/35 302 A,蚕室,
2025.01,廃止,A01K 67/04 302 B,A01K 67/35 302 B,蚕の飼育方法,
2025.01,廃止,A01K 67/04 302 Z,A01K 67/35 302 Z,その他,
2025.01,廃止,A01K 67/04 303,A01K 67/35 303,・・・・蚕具,
2025.01,廃止,A01K 67/04 303 A,A01K 67/35 303 A,掃き立て,
2025.01,廃止,A01K 67/04 303 B,A01K 67/35 303 B,蚕座,
2025.01,廃止,A01K 67/04 303 C,A01K 67/35 303 C,・蚕座紙,
2025.01,廃止,A01K 67/04 303 D,A01K 67/35 303 D,・蚕莚,
2025.01,廃止,A01K 67/04 303 E,A01K 67/35 303 E,・蚕座移動具,
2025.01,廃止,A01K 67/04 303 F,A01K 67/35 303 F,・蚕座の支持〔給桑除沙時に蚕座を乗せる台〕,
2025.01,廃止,A01K 67/04 303 G,A01K 67/35 303 G,蚕架,
2025.01,廃止,A01K 67/04 303 H,A01K 67/35 303 H,・蚕座回転式〔手動〕,
2025.01,廃止,A01K 67/04 303 J,A01K 67/35 303 J,・蚕座上下移動式〔手動〕,
2025.01,廃止,A01K 67/04 303 K,A01K 67/35 303 K,・蚕座駆動装置を有するもの，自動飼育装置,
2025.01,廃止,A01K 67/04 303 L,A01K 67/35 303 L,給桑飼育台,
2025.01,廃止,A01K 67/04 303 M,A01K 67/35 303 M,特定の飼育法に用いる蚕具,
2025.01,廃止,A01K 67/04 303 N,A01K 67/35 303 N,・無菌飼育,
2025.01,廃止,A01K 67/04 303 P,A01K 67/35 303 P,・人工飼料育,
2025.01,廃止,A01K 67/04 303 Q,A01K 67/35 303 Q,・条桑育（蚕座，蚕架はＡ０１Ｋ６７／０４，３０３＠Ｂ～Ｋ〕,
2025.01,廃止,A01K 67/04 303 R,A01K 67/35 303 R,・容器又は保温室での稚蚕飼育,
2025.01,廃止,A01K 67/04 303 S,A01K 67/35 303 S,・・稚蚕飼育用紙帳,
2025.01,廃止,A01K 67/04 303 T,A01K 67/35 303 T,・・箱飼い,
2025.01,廃止,A01K 67/04 303 U,A01K 67/35 303 U,・湿布育,
2025.01,廃止,A01K 67/04 303 V,A01K 67/35 303 V,・防乾紙育,
2025.01,廃止,A01K 67/04 303 W,A01K 67/35 303 W,・活桑育,
2025.01,廃止,A01K 67/04 303 X,A01K 67/35 303 X,・桑園育,
2025.01,廃止,A01K 67/04 303 Z,A01K 67/35 303 Z,その他のもの,
2025.01,廃止,A01K 67/04 304,A01K 67/35 304,・・・・・給桑，給餌,
2025.01,廃止,A01K 67/04 304 A,A01K 67/35 304 A,給桑,
2025.01,廃止,A01K 67/04 304 B,A01K 67/35 304 B,桑の調整（採取→Ａ０１Ｄ，貯蔵→Ａ０１Ｆ）,
2025.01,廃止,A01K 67/04 304 C,A01K 67/35 304 C,・桑の乾燥,
2025.01,廃止,A01K 67/04 304 D,A01K 67/35 304 D,人工飼料の給餌,
2025.01,廃止,A01K 67/04 304 Z,A01K 67/35 304 Z,その他,
2025.01,廃止,A01K 67/04 305,A01K 67/35 305,・・・・・除沙,
2025.01,廃止,A01K 67/04 305 A,A01K 67/35 305 A,蚕網,
2025.01,廃止,A01K 67/04 305 B,A01K 67/35 305 B,除沙器〔蚕網取器〕,
2025.01,廃止,A01K 67/04 305 Z,A01K 67/35 305 Z,その他のもの,
2025.01,廃止,A01K 67/04 306,A01K 67/35 306,・・・営繭,
2025.01,廃止,A01K 67/04 306 A,A01K 67/35 306 A,熟蚕の取扱い,
2025.01,廃止,A01K 67/04 306 B,A01K 67/35 306 B,・熟蚕の分離，例．条払機,
2025.01,廃止,A01K 67/04 306 C,A01K 67/35 306 C,上蔟,
2025.01,廃止,A01K 67/04 306 D,A01K 67/35 306 D,・同功繭防止,
2025.01,廃止,A01K 67/04 306 E,A01K 67/35 306 E,・熟蚕のふん尿取り,
2025.01,廃止,A01K 67/04 306 F,A01K 67/35 306 F,・蔟への蚕入器,
2025.01,廃止,A01K 67/04 306 G,A01K 67/35 306 G,・自然上蔟,
2025.01,廃止,A01K 67/04 306 H,A01K 67/35 306 H,・平面上蔟,
2025.01,廃止,A01K 67/04 306 J,A01K 67/35 306 J,・特殊繭〔き形繭〕上蔟,
2025.01,廃止,A01K 67/04 306 Z,A01K 67/35 306 Z,その他のもの,
2025.01,廃止,A01K 67/04 307,A01K 67/35 307,・・・・蔟,
2025.01,廃止,A01K 67/04 307 A,A01K 67/35 307 A,形状に特徴のあるもの,
2025.01,廃止,A01K 67/04 307 B,A01K 67/35 307 B,・折りわら蔟〔島田蔟〕,
2025.01,廃止,A01K 67/04 307 C,A01K 67/35 307 C,・むかで蔟,
2025.01,廃止,A01K 67/04 307 D,A01K 67/35 307 D,・網蔟〔通称改良蔟〕,
2025.01,廃止,A01K 67/04 307 E,A01K 67/35 307 E,・格子型蔟〔はち巣型蔟〕,
2025.01,廃止,A01K 67/04 307 F,A01K 67/35 307 F,蔟の製造,
2025.01,廃止,A01K 67/04 307 G,A01K 67/35 307 G,・折りわら蔟,
2025.01,廃止,A01K 67/04 307 H,A01K 67/35 307 H,・むかで蔟,
2025.01,廃止,A01K 67/04 307 J,A01K 67/35 307 J,・網蔟〔蔟用簀の製造を含む〕,
2025.01,廃止,A01K 67/04 307 K,A01K 67/35 307 K,・格子型蔟,
2025.01,廃止,A01K 67/04 307 L,A01K 67/35 307 L,蔟の支持固定〔蔟の形状を支持するもの，例．整蔟器〕,
2025.01,廃止,A01K 67/04 307 M,A01K 67/35 307 M,・格子型蔟用支持枠,
2025.01,廃止,A01K 67/04 307 N,A01K 67/35 307 N,・・支持枠吊金具,
2025.01,廃止,A01K 67/04 307 P,A01K 67/35 307 P,・整蔟器の製造,
2025.01,廃止,A01K 67/04 307 Q,A01K 67/35 307 Q,・平行蔟，杆，板，紐を平行に配列した蔟,
2025.01,廃止,A01K 67/04 307 Z,A01K 67/35 307 Z,その他のもの,
2025.01,廃止,A01K 67/04 308,A01K 67/35 308,・・・・蔟の毛羽取り,
2025.01,廃止,A01K 67/04 309,A01K 67/35 309,・・・収繭,
2025.01,廃止,A01K 67/04 310,A01K 67/35 310,・・・・繭かき,
2025.01,廃止,A01K 67/04 311,A01K 67/35 311,・・・・繭の毛羽取り,
2025.01,廃止,A01K 67/04 312,A01K 67/35 312,・・・採種,
2025.01,廃止,A01K 67/04 312 A,A01K 67/35 312 A,雌雄の鑑別,
2025.01,廃止,A01K 67/04 312 B,A01K 67/35 312 B,雌雄の分離,
2025.01,廃止,A01K 67/04 312 C,A01K 67/35 312 C,・蚕が,
2025.01,廃止,A01K 67/04 312 D,A01K 67/35 312 D,種繭,
2025.01,廃止,A01K 67/04 312 E,A01K 67/35 312 E,・種繭の切開,
2025.01,廃止,A01K 67/04 312 F,A01K 67/35 312 F,蚕が,
2025.01,廃止,A01K 67/04 312 G,A01K 67/35 312 G,・蚕がの収容,
2025.01,廃止,A01K 67/04 312 H,A01K 67/35 312 H,産卵,
2025.01,廃止,A01K 67/04 312 J,A01K 67/35 312 J,・産卵台紙,
2025.01,廃止,A01K 67/04 312 K,A01K 67/35 312 K,・産卵袋，容器,
2025.01,廃止,A01K 67/04 312 L,A01K 67/35 312 L,・産卵が框,
2025.01,廃止,A01K 67/04 312 M,A01K 67/35 312 M,・・が框掃除器,
2025.01,廃止,A01K 67/04 312 N,A01K 67/35 312 N,蚕種,
2025.01,廃止,A01K 67/04 312 P,A01K 67/35 312 P,・蚕種の洗条，脱水，乾燥,
2025.01,廃止,A01K 67/04 312 Q,A01K 67/35 312 Q,・蚕種の選別,
2025.01,廃止,A01K 67/04 312 R,A01K 67/35 312 R,・蚕種の散布,
2025.01,廃止,A01K 67/04 312 S,A01K 67/35 312 S,・蚕種容器,
2025.01,廃止,A01K 67/04 312 Z,A01K 67/35 312 Z,その他のもの,
2025.01,廃止,A01K 67/04 A,A01K 67/35 A,蚕病の防除,
2025.01,廃止,A01K 67/04 B,A01K 67/35 B,・防除器具，消毒器具,
2025.01,廃止,A01K 67/04 C,A01K 67/35 C,・蚕病の検査,
2025.01,廃止,A01K 67/04 Z,A01K 67/35 Z,その他のもの,
2025.01,廃止,A01N 1/02,A01N 1/01,・生体部分の保存,
2025.01,廃止,A01N 43/08 A,A01N 43/08 Z,「図」，ただし，低級アルキル置換基があっても無視する,
2025.01,廃止,A01N 43/08 B,A01N 43/08 Z,「図」,
2025.01,廃止,A01N 43/08 C,A01N 43/08 Z,・「図」,
2025.01,廃止,A01N 43/08 D,A01N 43/08 Z,・「図」,
2025.01,廃止,A01N 43/08 E,A01N 43/08 Z,・・「図」,
2025.01,廃止,A01N 43/08 F,A01N 43/08 Z,・「図」，例．環の炭素原子にエステルまたはニトリルが結合したもの,
2025.01,廃止,A01N 43/01 C,A01N 43/01 B,・「図」,
2025.01,廃止,A01N 43/01 D,A01N 43/01 B,・「図」,
2025.01,廃止,A01N 43/01 E,A01N 43/01 B,・・「図」,
2025.01,廃止,A01N 43/01 G,A01N 43/01 Z,水素添加されたもの,
2025.01,廃止,A01N 43/01 H,A01N 43/01 Z,「図」,
2025.01,廃止,A01N 43/14 C,A01N 43/14 Z,炭素環と縮合したもの,
2025.01,廃止,A01N 43/18 A,A01N 43/18,水素添加されたもの,
2025.01,廃止,A01N 43/18 B,A01N 43/18,「図」,
2025.01,廃止,A01N 43/18 C,A01N 43/18,炭素環と縮合したもの,
2025.01,廃止,A01N 43/18 Z,A01N 43/18,その他のもの,
2025.01,廃止,A01N 43/05 D,A01N 43/05 C,・・・「図」,
2025.01,廃止,A01N 43/05 E,A01N 43/05 B,・・「図」,
2025.01,廃止,A01N 43/05 F,A01N 43/05 B,・・「図」，例．環の炭素原子にエステルまたはニトリルが結合したもの,
2025.01,廃止,A01N 43/05 G,A01N 43/05 B,・・環の炭素原子または窒素原子に，複素環が結合したもの，または「図」　「図」のＣに，他の複素環が結合したもの,
2025.01,廃止,A01N 43/05 H,A01N 43/05 A,・「図」,
2025.01,廃止,A01N 43/05 J,A01N 43/05 A,・「図」,
2025.01,廃止,A01N 43/05 K,A01N 43/05 A,・「図」,
2025.01,廃止,A01N 43/05 L,A01N 43/05 Z,「図」（Ｃを含む置換基が低級アルキルであって，環窒素原子上に低級アルキル以外の置換基を有するものはＡ０１Ｎ４３／５０Ａ～Ａ０１Ｎ４３／５０Ｋを優先させる）,
2025.01,廃止,A01N 43/05 N,A01N 43/05 Z,「図」,
2025.01,廃止,A01N 43/05 P,A01N 43/05 Z,水素添加されたもの,
2025.01,廃止,A01N 43/56 A,A01N 43/56 Z,「図」,
2025.01,廃止,A01N 43/58 D,A01N 43/58 B,・「図」であって，ｎが２以上であるもの,
2025.01,廃止,A01N 43/58 E,A01N 43/58 Z,炭素環と縮合したもの,
2025.01,廃止,A01N 43/653 D,A01N 43/653 C,・・・「図」,
2025.01,廃止,A01N 43/653 E,A01N 43/653 B,・・「図」,
2025.01,廃止,A01N 43/653 J,A01N 43/653 A,・「図」,
2025.01,廃止,A01N 43/653 M,A01N 43/653 Z,「図」,
2025.01,廃止,A01N 43/653 P,A01N 43/653 Z,水素添加されたもの,
2025.01,廃止,A01N 43/653 R,A01N 43/653 Q,・「図」であって，ｎが２以上であるもの,
2025.01,廃止,A01N 43/78 E,A01N 43/78 Z,水素添加されたもの,
2025.01,廃止,A01N 43/824 A,A01N 43/824 Z,環の炭素原子に，炭素原子が直接結合したもの,
2025.01,廃止,A01N 43/824 E,A01N 43/824 Z,環の炭素原子に，複素環が直接結合したもの,
2025.01,廃止,A01N 43/84 102,A01N 43/84,・・・１，４―チアジン；水素添加１，４―チアジン，「図」,
2025.01,廃止,A01N 43/86 102,A01N 43/86,・・・１，３―チアジン；水素添加１，３―チアジン，「図」,
2025.01,廃止,A01N 43/88 101,A01N 43/88,・・・１，３，５―オキサジアジン；水素添加１，３，５―オキサジアジン，「図」１，３，５―チアジアジン；水素添加１，３，５―チアジアジン,
2025.01,廃止,A01N 43/88 102,A01N 43/88,・・・１，２，４―オキサジアジン；水素添加１，２，４―オキサジアジン，「図」１，２，４―チアジアジン；水素添加１，２，４―チアジアジン,
2025.01,廃止,A01N 43/88 103,A01N 43/88,・・・１，２，３―オキサジアジン；水素添加１，２，３―オキサジアジン，「図」１，２，３―チアジアジン；水素添加１，２，３―チアジアジン,
2025.01,廃止,A01N 43/88 104,A01N 43/88,・・・１，２，６―オキサジアジン；水素添加１，２，６―オキサジアジン，「図」１，２，６―チアジアジン；水素添加１，２，６―チアジアジン,
2025.01,廃止,A01N 43/88 105,A01N 43/88,・・・・２，１，３―ベンゾチアジアジン―４―オン―２，２―ジオキサイド，「図」,
2025.01,廃止,A21D 4/00,A23B 40/06,不活性環境内での貯蔵によるベイキング前の穀粉または生地の保存,
2025.01,廃止,A23C 3/00,A23B 11/01,乳または乳調製品の保存（クリームの保存Ａ２３Ｃ１３／０８；バターの保存Ａ２３Ｃ１５／１８；チーズの保存Ａ２３Ｃ１９／０９７）,
2025.01,廃止,A23C 3/02,A23B 11/12,・加熱によるもの（Ａ２３Ｃ３／０７が優先）［３］,
2025.01,廃止,A23C 3/023,A23B 11/123,・・包装体に対するもの［３］,
2025.01,廃止,A23C 3/027,A23B 11/127,・・・装置内を順次移送されるもの［３］,
2025.01,廃止,A23C 3/03,A23B 11/13,・・非包装材料［３］,
2025.01,廃止,A23C 3/033,A23B 11/133,・・・装置内を順次移送されるもの［３］,
2025.01,廃止,A23C 3/037,A23B 11/137,・・・・加熱媒体，例．蒸気と直接接触させるもの［３］,
2025.01,廃止,A23C 3/04,A23B 11/14,・凍結または冷却によるもの,
2025.01,廃止,A23C 3/05,A23B 11/145,・・包装体に対するもの［３］,
2025.01,廃止,A23C 3/07,A23B 11/16,・照射によるもの，例．マイクロ波によるもの［３］,
2025.01,廃止,A23C 3/08,A23B 11/18,・保存剤の添加によるもの（微生物または酵素の添加Ａ２３Ｃ９／１２，他の物質の添加Ａ２３Ｃ９／１５２）,
2025.01,廃止,A23C 13/08,A23B 11/03,・保存［３］,
2025.01,廃止,A23C 13/01,A23B 11/35,・・保存剤の添加によるもの（Ａ２３Ｃ１３／１４，Ａ２３Ｃ１３／１６が優先）［３］,
2025.01,廃止,A23C 15/18,A23B 11/04,・保存［３］,
2025.01,廃止,A23C 15/02,A23B 11/45,・・保存剤の添加によるもの［３］,
2025.01,廃止,A23C 19/097,A23B 11/06,・保存剤［３］,
2025.01,廃止,A23C 19/01,A23B 11/65,・・保存剤の添加［３］,
2025.01,廃止,A23C 19/11,A23B 11/67,・・・抗生物質の添加［３］,
2025.01,廃止,A23D 7/06,A23B 20/01,・最終製品の保存［５］,
2025.01,廃止,A23D 7/06 500,A23B 20/01 500,・・バター代用品；マーガリン,
2025.01,廃止,A23D 9/06,A23B 20/03,・最終製品の保存［５］,
2025.01,廃止,A23L 2/00 N,A23B 70/00,保存一般，例．殺菌，品質保持，冷凍または冷却,
2025.01,廃止,A23L 2/00 P,A23B 70/01,・保存剤,
2025.01,廃止,A23L 2/42,A23B 70/00,・非アルコール飲料の保存［６］,
2025.01,廃止,A23L 2/42 101,A23B 70/00 101,・・果実または野菜ジュースを含有するもの［２］,
2025.01,廃止,A23L 2/44,A23B 70/01,・・保存剤を添加することによるもの［６］,
2025.01,廃止,A23L 2/44 101,A23B 70/01 101,・・・果実または野菜ジュースを含有するもの［２］,
2025.01,廃止,A23L 2/46,A23B 70/03,・・加熱によるもの［６］,
2025.01,廃止,A23L 2/46 101,A23B 70/03 101,・・・果実または野菜ジュースを含有するもの［２］,
2025.01,廃止,A23L 2/48,A23B 70/35,・・・照射または電気的処理によるもの［６］,
2025.01,廃止,A23L 2/48 101,A23B 70/35 101,・・・・果実または野菜ジュースを含有するもの［２］,
2025.01,廃止,A23L 2/05,A23B 70/05,・・加熱しないで，照射または電気的処理をするもの［６］,
2025.01,廃止,A23L 2/05 101,A23B 70/05 101,・・・果実または野菜ジュースを含有するもの［２］,
2025.01,廃止,A23L 3/00,A23B 2/00,食品または食料品の保存一般，例．食品または食料品に特に適した殺菌，減菌（包装の関連する食品または食料品の保存Ｂ６５Ｂ５５／００）,
2025.01,廃止,A23L 3/00 101,A23B 2/00 101,・容器詰,
2025.01,廃止,A23L 3/00 101 A,A23B 2/00 101 A,包装関連〔容器詰された食品の加熱殺菌装置および処理方法に特徴のあるもの，３／００５～３／１４〕,
2025.01,廃止,A23L 3/00 101 B,A23B 2/00 101 B,・かん詰,
2025.01,廃止,A23L 3/00 101 C,A23B 2/00 101 C,・レトルトパウチ詰,
2025.01,廃止,A23L 3/00 101 Z,A23B 2/00 101 Z,その他,
2025.01,廃止,A23L 3/00 102,A23B 2/00 102,・被膜（ソ－セ－ジ用ケ－シングＡ２２Ｃ１３／００）,
2025.01,廃止,A23L 3/00 103,A23B 2/00 103,・燻製,
2025.01,廃止,A23L 3/005,A23B 2/05,・照射または電気的処理を用いる加熱によるもの（乾燥またはキルン処理Ａ２３Ｌ３／４０）［５］,
2025.01,廃止,A23L 3/01,A23B 2/08,・・マイクロ波または誘電加熱を用いるもの［５］,
2025.01,廃止,A23L 3/015,A23B 2/01,・圧力変化，衝撃，加速，剪断応力で処理することによるもの［５］,
2025.01,廃止,A23L 3/02,A23B 2/02,・装置内を通って連続的または段階的に順次移送される包装体内の材料の加熱によるもの（Ａ２３Ｌ３／００５が優先）［２００６．０１］,
2025.01,廃止,A23L 3/04,A23B 2/22,・・エンドレスチェーンコンベアまたはバンドコンベア上に包装体を有するもの,
2025.01,廃止,A23L 3/06,A23B 2/25,・・らせん状通路に沿って移送される包装体を有するもの,
2025.01,廃止,A23L 3/08,A23B 2/28,・・回転台上に包装体を有するもの,
2025.01,廃止,A23L 3/01,A23B 2/03,・装置内を通って順次移送されない包装体内の材料の加熱によるもの［２００６．０１］,
2025.01,廃止,A23L 3/12,A23B 2/33,・・相互に通じかつ加熱媒体が循環する室内に包装体を有するもの,
2025.01,廃止,A23L 3/14,A23B 2/37,・・その場で動く包装体を有するもの,
2025.01,廃止,A23L 3/16,A23B 2/04,・非包装材料の加熱によるもの［２００６．０１］,
2025.01,廃止,A23L 3/18,A23B 2/42,・・装置内を通って順次移送される間に行なうもの,
2025.01,廃止,A23L 3/02,A23B 2/44,・・・平板を移動することによるもの,
2025.01,廃止,A23L 3/22,A23B 2/46,・・・筒中を移動することによるもの,
2025.01,廃止,A23L 3/24,A23B 2/48,・・噴霧状態の物質によるもの,
2025.01,廃止,A23L 3/26,A23B 2/05,・加熱せずに照射することによるもの,
2025.01,廃止,A23L 3/28,A23B 2/53,・・紫外線によるもの,
2025.01,廃止,A23L 3/03,A23B 2/57,・・超音波で処理することによるもの,
2025.01,廃止,A23L 3/32,A23B 2/06,・加熱効果のない電流で処理することによるもの,
2025.01,廃止,A23L 3/34,A23B 2/07,・化学物質で処理することによるもの,
2025.01,廃止,A23L 3/3409,A23B 2/704,・・ガスの形で行なわれるもの，例．燻蒸；組成物またはそのための装置［５］,
2025.01,廃止,A23L 3/3418,A23B 2/708,・・・ＣＯ↓２，Ｎ↓２，Ｏ↓２，またはＨ↓２Ｏのみからなる制御された雰囲気，例．減圧，中で行なうもの［５］,
2025.01,廃止,A23L 3/3427,A23B 2/712,・・・・そのなかに吸収剤が置かれるかまたは用いられるもの（流体吸収用の備えをもつ食料品用包装体Ｂ６５Ｄ８１／２６）［５］,
2025.01,廃止,A23L 3/3436,A23B 2/717,・・・・・酸素吸収剤［５］,
2025.01,廃止,A23L 3/3436 501,A23B 2/717,・・・・・・鉄を含有するもの,
2025.01,廃止,A23L 3/3445,A23B 2/721,・・・ＣＯ↓２，Ｎ↓２，Ｏ↓２，またはＨ↓２Ｏに他のガスを加えたものからなる制御された雰囲気中で行なうもの［５］,
2025.01,廃止,A23L 3/3454,A23B 2/725,・・液体または固体の形で行なうもの［５］,
2025.01,廃止,A23L 3/3463,A23B 2/729,・・・有機化合物；微生物；酵素［５］,
2025.01,廃止,A23L 3/3472,A23B 2/733,・・・・動物または植物から得た構造未知の化合物［５］,
2025.01,廃止,A23L 3/3481,A23B 2/742,・・・・酸素を含む有機化合物［５］,
2025.01,廃止,A23L 3/349,A23B 2/746,・・・・・単結合の酸素を有するもの［５］,
2025.01,廃止,A23L 3/349 501,A23B 2/746,・・・・・・エタノ－ル,
2025.01,廃止,A23L 3/3499,A23B 2/75,・・・・・二重結合の酸素を有するもの［５］,
2025.01,廃止,A23L 3/3508,A23B 2/754,・・・・・カルボキシル基を含むもの［５］,
2025.01,廃止,A23L 3/3517,A23B 2/758,・・・・・・カルボン酸エステル［５］,
2025.01,廃止,A23L 3/3526,A23B 2/762,・・・・窒素を含む有機化合物［５］,
2025.01,廃止,A23L 3/3526 501,A23B 2/762,・・・・・アミノ酸：その誘導体〔シスチン，システイン，メチオニン３／３５３５：複素環含有アミノ酸３／３５４４，３／３５４４，５０２〕〔構造の明らかなペプチド，たん白質，例．プロタミンを含む〕,
2025.01,廃止,A23L 3/3535,A23B 2/767,・・・・硫黄を含む有機化合物［５］,
2025.01,廃止,A23L 3/3544,A23B 2/771,・・・・複素環を含む有機化合物［５］,
2025.01,廃止,A23L 3/3544 501,A23B 2/771,・・・・・アスコルビン酸；その誘導体,
2025.01,廃止,A23L 3/3544 502,A23B 2/771,・・・・・異項環原子として窒素のみを有するもの,
2025.01,廃止,A23L 3/3553,A23B 2/775,・・・・りんを含む有機化合物［５］,
2025.01,廃止,A23L 3/3562,A23B 2/779,・・・・糖；その誘導体［５］,
2025.01,廃止,A23L 3/3571,A23B 2/783,・・・・微生物；酵素［５］,
2025.01,廃止,A23L 3/358,A23B 2/788,・・・無機化合物［５］,
2025.01,廃止,A23L 3/3589,A23B 2/792,・・・液体を用いる保存のための装置［５］,
2025.01,廃止,A23L 3/3598,A23B 2/796,・・・固体を用いる保存のための装置［５］,
2025.01,廃止,A23L 3/36,A23B 2/08,・冷凍；その後の解凍；冷却［５］,
2025.01,廃止,A23L 3/36 A,A23B 2/08 A,凍結,
2025.01,廃止,A23L 3/36 Z,A23B 2/08 Z,その他,
2025.01,廃止,A23L 3/365,A23B 2/82,・・冷凍後の解凍［５］,
2025.01,廃止,A23L 3/365 A,A23B 2/82 A,高周波によるもの,
2025.01,廃止,A23L 3/365 B,A23B 2/82 B,・制御に特徴を有するもの,
2025.01,廃止,A23L 3/365 Z,A23B 2/82 Z,その他,
2025.01,廃止,A23L 3/37,A23B 2/85,・・化学薬品の添加によるもの［５］,
2025.01,廃止,A23L 3/37 A,A23B 2/85 A,凍結・冷却,
2025.01,廃止,A23L 3/37 Z,A23B 2/85 Z,その他,
2025.01,廃止,A23L 3/375,A23B 2/88,・・・低温での食品と化学薬品，例．液体Ｎ↓２，の間の直接接触のあるもの［５］,
2025.01,廃止,A23L 3/04,A23B 2/09,・乾燥またはキルン処理によるもの；その後の再生［４，５］,
2025.01,廃止,A23L 3/04 A,A23B 2/09 A,乾燥,
2025.01,廃止,A23L 3/04 B,A23B 2/09 B,・常圧乾燥〔Ａ２３Ｌ３／４２～３／５４除く〕,
2025.01,廃止,A23L 3/04 D,A23B 2/09 D,・減圧乾燥〔凍結真空乾燥→Ａ２３Ｌ３／４４〕,
2025.01,廃止,A23L 3/04 Z,A23B 2/09 Z,その他,
2025.01,廃止,A23L 3/42,A23B 2/91,・・乾燥前または乾燥中における化学薬品の添加によるもの［５］,
2025.01,廃止,A23L 3/44,A23B 2/92,・・凍結乾燥［５］,
2025.01,廃止,A23L 3/46,A23B 2/93,・・噴霧乾燥［５］,
2025.01,廃止,A23L 3/48,A23B 2/94,・・薄層乾燥，ドラム乾燥またはローラー乾燥［５］,
2025.01,廃止,A23L 3/05,A23B 2/95,・・流動床乾燥［５］,
2025.01,廃止,A23L 3/52,A23B 2/96,・・泡沫乾燥［５］,
2025.01,廃止,A23L 3/54,A23B 2/97,・・照射または電気的処理，例．超音波，を用いるもの［５］,
2025.01,廃止,A23L 3/54 A,A23B 2/97 A,高周波〔例．マイクロ波〕によるもの,
2025.01,廃止,A23L 3/54 Z,A23B 2/97 Z,その他,
2025.01,廃止,A61K 9/133,A61K 9/127,・・・単一ラメラ構造［５］,
2025.01,廃止,A62B 18/02 A,A62B 18/02,防煙・防毒マスク,
2025.01,廃止,A62B 18/02 B,A62B 18/02,防塵マスク,
2025.01,廃止,A62B 18/02 C,A62B 18/02,衛生マスク,
2025.01,廃止,A62B 18/02 Z,A62B 18/02,その他のもの,
2025.01,廃止,A63B 69/00 515 A,A63B 69/00 515,弓、やり投げ練習,
2025.01,廃止,A63B 69/00 515 B,A63B 69/00 516,スケ－ト練習,
2025.01,廃止,A63B 69/00 515 C,A63B 69/00 517,登山、ロツククライミング,
2025.01,廃止,A63B 69/00 515 D,A63B 69/00 518,ハンググライダ－、スカイダイビング,
2025.01,廃止,A63B 69/00 515 Z,A63B 69/00 Z,その他のもの,
2025.01,廃止,B23K 37/047 502,B23K 37/0538,・・・・管の回転のためのもの,
2025.01,廃止,B23K 37/053 A,B23K 37/0533,管の円周溶接用外面クランプ治具・装置,
2025.01,廃止,B23K 37/053 B,B23K 37/0531,管の円周溶接用内面クランプ治具・装置,
2025.01,廃止,B23K 37/053 C,B23K 37/0535,管の縦継手溶接用クランプ治具・装置,
2025.01,廃止,B23K 37/053 E,B23K 37/0536,・管とフランジ用,
2025.01,廃止,B65D 83/14 100,B65D 83/141,・・特定の内容物又は推進剤の使用に特徴があるもの,
2025.01,廃止,B65D 83/14 260,B65D 83/145,・・・出口の前に配置される，無断でいじられたことを判別できるようにする手段（初期動作を阻害する，無断でいじられたことを判別できるようにする手段Ｂ６５Ｄ８３／２２，２００）,
2025.01,廃止,B65D 83/18 100,B65D 83/182,・・・・握り手部と結合したもの,
2025.01,廃止,B65D 83/18 120,B65D 83/184,・・・・・エアゾール容器と握り手部の間に配置された延長ロッドをもつもの,
2025.01,廃止,B65D 83/02 100,B65D 83/206,・・・・片持ち梁型［カンチレバー］作動要素を有するもの，例．一体成形ヒンジで曲がるレバー,
2025.01,廃止,B65D 83/22 100,B65D 83/222,・・・・毎回の作動の後に自動的に繰り返しかかるアクチュエータロック手段,
2025.01,廃止,B65D 83/22 200,B65D 83/224,・・・・最初の作動を阻害する，無断でいじられたことを判別できるようにする手段，例．除去可能なもの（穿孔しなければならない容器閉鎖具Ｂ６５Ｄ８３／３８，１００；出口の前に配置された，無断でいじられたことを判別できるようにする手段Ｂ６５Ｄ８３／１４，２６０）,
2025.01,廃止,B65D 83/22 220,B65D 83/224,・・・・・アクチュエータの最初の押し下げを防ぐもの,
2025.01,廃止,B65D 83/22 240,B65D 83/224,・・・・・アクチュエータ要素とアクチュエータキャップまたはスカートとの間の破壊可能な連結部からなるもの，例．切断ストリップまたはブリッジ,
2025.01,廃止,B65D 83/28 100,B65D 83/285,・・・内容物を塗布するためのもの，例．ブラシ，ローラ，パッド，スプーン，かみそり刃，スクレーパ,
2025.01,廃止,B65D 83/03 100,B65D 83/303,・・・・ノズル組立体の吐出流路の中に，または当該流路に，配置された延長管を用いるもの,
2025.01,廃止,B65D 83/38 200,B65D 83/384,・・・外殻または外部容器の中に配置されたエアゾール容器をもつもの,
2025.01,廃止,B65D 83/38 220,B65D 83/384 100,・・・・エアゾール容器を外殻または外部容器に対して相対的に移動させた際に吐出作動が起こるもの,
2025.01,廃止,B65D 83/52 100,B65D 83/53,・・・・定量吐出量を調整する手段を持つもの,
2025.01,廃止,B65D 83/54,B65D 83/52,・・・・定量弁［５］,
2025.01,廃止,B65D 83/54 100,B65D 83/52 200,・・・・・定量吐出と連続放出とに適合するもの,
2025.01,廃止,B65D 83/54 200,B65D 83/52 300,・・・・・少なくとも部分的に作動手段の中で計量されるもの,
2025.01,廃止,B65D 83/66 200,B65D 83/666,・・・・製品と推進剤が，最初の使用時または最初の使用に先立って完全に混合されるもの，例．それらの一方の成分を含むアンプルを破壊するもの（Ｂ６５Ｄ８３／６８，１４０が優先）,
2025.01,廃止,B65D 83/68 100,B65D 83/682,・・・製品が最初は分離されているが，最終的に，例．分配ヘッドの内部で，混合されるもの,
2025.01,廃止,B65D 83/68 120,B65D 83/685,・・・・１つの製品が，分配ヘッドの内部の，または分配ヘッドの一部をなす，チャンバに配置されたもの，例．分配中の混合のためのもの,
2025.01,廃止,B65D 83/68 140,B65D 83/687,・・・・製品が，最初の使用時または最初の使用に先立って完全に混合されるもの，例．１つの製品を含むアンプルを破壊するもの,
2025.01,廃止,B65D 83/76 110,B65D 83/761,・・ピストンまたは類似の手段がねじ棒によって動くもの,
2025.01,廃止,B65D 83/76 112,B65D 83/762,・・・内容物がねじ棒を通じて外に押し出されるもの,
2025.01,廃止,B65D 83/76 120,B65D 83/763,・・ピストンまたは類似の手段が往復できるプランジャによって動くもの,
2025.01,廃止,B65D 83/76 130,B65D 83/764,・・ピストンまたは類似の手段が容器の側壁に設けられたねじと協働するもの,
2025.01,廃止,B65D 83/76 140,B65D 83/766,・・ピストンまたは類似の手段がバネ状の機構により動くもの,
2025.01,廃止,B65D 83/76 200,B65D 83/767,・・ピストンまたは類似の手段が，分配開口部を有するもの（Ｂ６５Ｄ８３／７６，１１２が優先）,
2025.01,廃止,C01G 51/00 A,C01G 51/00,複合酸化物,
2025.01,廃止,C01G 51/00 B,C01G 51/00,・Ｆｅ含有,
2025.01,廃止,C01G 51/00 C,C01G 51/00,複合酸化物以外の化合物,
2025.01,廃止,C01G 51/00 Z,C01G 51/00,その他〔分離・回収等〕,
2025.01,廃止,C01G 51/12,C01G 51/02,・アンモニアとの錯化合物,
2025.01,廃止,C01G 53/00 A,C01G 53/00,複数金属化合物,
2025.01,廃止,C01G 53/00 B,C01G 53/00,分離・回収・精製,
2025.01,廃止,C01G 53/00 Z,C01G 53/00,その他,
2025.01,廃止,C09K 3/00 104 A,C09K 3/00 104,ベンゾフエノン系,
2025.01,廃止,C09K 3/00 104 B,C09K 3/00 104,複素環系,
2025.01,廃止,C09K 3/00 104 C,C09K 3/00 104,・ベンゾトリアゾ－ル,
2025.01,廃止,C09K 3/00 104 D,C09K 3/00 104,安息香酸フエニル系,
2025.01,廃止,C09K 3/00 104 E,C09K 3/00 104,サリチル酸フエニル系,
2025.01,廃止,C09K 3/00 104 F,C09K 3/00 104,置換アクリロニトリル系,
2025.01,廃止,C09K 3/00 104 G,C09K 3/00 104,金属錯体またはキレ－ト,
2025.01,廃止,C09K 3/00 104 Z,C09K 3/00 104,その他,
2025.01,廃止,C09K 3/00 108 D,C09K 3/00 108 C,・・複素環系,
2025.01,廃止,C09K 3/00 108 E,C09K 3/00 108 B,・りんを含有するもの,
2025.01,廃止,C09K 3/00 A,C09K 3/00 Z,表示素子，デイスク，光記録材料,
2025.01,廃止,C09K 3/00 C,C09K 3/00 Z,電気光学素子，電気に関する物質,
2025.01,廃止,C09K 3/00 G,C09K 3/00 Z,天然物を種々の用途に使用するための処理に関するもの,
2025.01,廃止,C09K 3/00 H,C09K 3/00 Z,粉体,
2025.01,廃止,C09K 3/00 L,C09K 3/00 Z,多用途物質,
2025.01,廃止,C09K 3/00 X,C09K 3/00 Z,文房具に関するもの,
2025.01,廃止,C09K 3/01 P,C09K 3/01 Z,瀝青質〔パラフイン，アスフアルト，ビチユ－メンなど〕,
2025.01,廃止,C09K 3/16 105 A,C09K 3/16 105,Ｎを１個含有する６員複素環系の化合物を含むもの,
2025.01,廃止,C09K 3/16 105 B,C09K 3/16 105,Ｎを２個含有する６員複素環系の化合物を含むもの,
2025.01,廃止,C09K 3/16 105 C,C09K 3/16 105,Ｎを３個含有する６員複素環系の化合物を含むもの,
2025.01,廃止,C09K 3/16 105 D,C09K 3/16 105,Ｎを２個含有する５員複素環系の化合物を含むもの,
2025.01,廃止,C09K 3/16 105 E,C09K 3/16 105,Ｎを３個含有する５員複素環系の化合物を含むもの,
2025.01,廃止,C09K 3/16 105 Z,C09K 3/16 105,その他のＮ含有複素環化合物を含むもの,
2025.01,廃止,C09K 3/03 F,C09K 3/03 E,・・炭化水素,
2025.01,廃止,C09K 3/03 G,C09K 3/03 E,・・・炭素数４以下,
2025.01,廃止,C09K 3/03 H,C09K 3/03 E,・・・炭化水素の混合物,
2025.01,廃止,C09K 3/03 K,C09K 3/03 J,・・・炭素数が１,
2025.01,廃止,C09K 3/03 L,C09K 3/03 J,・・・・Ｂｒを有する,
2025.01,廃止,C09K 3/03 M,C09K 3/03 J,・・・・Ｃｌを有する,
2025.01,廃止,C09K 3/03 N,C09K 3/03 J,・・・炭素数が２,
2025.01,廃止,C09K 3/03 P,C09K 3/03 J,・・・・Ｂｒを有する,
2025.01,廃止,C09K 3/03 Q,C09K 3/03 J,・・・・Ｃｌを有する,
2025.01,廃止,C09K 3/03 R,C09K 3/03 E,・・酸素を有する,
2025.01,廃止,C09K 3/03 S,C09K 3/03 E,・・・水酸基を有する,
2025.01,廃止,C09K 3/03 T,C09K 3/03 E,・・Ｃ－Ｃ不飽和結合を有する,
2025.01,廃止,C09K 3/32 C,C09K 3/32 B,・・天然鉱物，それに由来,
2025.01,廃止,C09K 3/32 D,C09K 3/32 B,・・Ｓｉを含む,
2025.01,廃止,C09K 3/32 E,C09K 3/32 B,・・Ａｌを含む,
2025.01,廃止,C09K 3/32 F,C09K 3/32 B,・・他の金属元素を含む,
2025.01,廃止,C09K 3/32 H,C09K 3/32 G,・・撥水剤，疎水，親油,
2025.01,廃止,C09K 3/32 J,C09K 3/32 G,・・界面活性剤,
2025.01,廃止,C09K 3/32 K,C09K 3/32 G,・・植物，植物成分,
2025.01,廃止,C09K 3/32 L,C09K 3/32 G,・・高分子,
2025.01,廃止,C09K 3/32 M,C09K 3/32 G,・・・付加重合体,
2025.01,廃止,C09K 3/32 N,C09K 3/32 G,・・・・エチレン,
2025.01,廃止,C09K 3/32 P,C09K 3/32 G,・・・・プロピレン,
2025.01,廃止,C09K 3/32 Q,C09K 3/32 G,・・炭化水素,
2025.01,廃止,C09K 3/32 R,C09K 3/32 G,・・有機酸，塩，エステル,
2025.01,廃止,C09K 19/54 A,C09K 19/54,粘度低下剤,
2025.01,廃止,C09K 19/54 B,C09K 19/54,光学活性添加剤,
2025.01,廃止,C09K 19/54 C,C09K 19/54,安定剤〔劣化防止剤〕,
2025.01,廃止,C09K 19/54 D,C09K 19/54,赤外またはレ－ザ－光吸収剤,
2025.01,廃止,C09K 19/54 E,C09K 19/54,正の誘電異方性付与剤,
2025.01,廃止,C09K 19/54 Z,C09K 19/54,その他,
2025.01,廃止,C09K 19/06 A,C09K 19/06,アゾ色素,
2025.01,廃止,C09K 19/06 C,C09K 19/06,アントラキノン系色素,
2025.01,廃止,C09K 19/06 D,C09K 19/06,・ヒドロキシアントラキノン、そのエ－テル又はエステル,
2025.01,廃止,C09K 19/06 E,C09K 19/06,・アミノアントラキノン,
2025.01,廃止,C09K 19/06 F,C09K 19/06,・アミノヒドロキシアントラキノン、そのエ－テル又はエステル,
2025.01,廃止,C09K 19/06 G,C09K 19/06,・アミノカルボキシアントラキノン、そのハロゲン化物又はエステル,
2025.01,廃止,C09K 19/06 H,C09K 19/06,・メルカプトアントラキノン,
2025.01,廃止,C09K 19/06 J,C09K 19/06,・ヘテロ環と縮合したアントラキノン,
2025.01,廃止,C09K 19/06 Z,C09K 19/06,その他のもの〔その他の色素〕,
2025.01,廃止,F27D 17/00 101,F27D 17/01,・廃熱の利用,
2025.01,廃止,F27D 17/00 101 A,F27D 17/12,熱交換・蓄熱装置,
2025.01,廃止,F27D 17/00 101 D,F27D 17/17,空気の予熱〔廃ガスを利用した燃焼用空気の加熱，Ｆ２１Ｌ１５／００Ａ〕,
2025.01,廃止,F27D 17/00 101 G,F27D 17/18,原材料の予熱〔独立した鮮熱室をもつもの，Ｆ２７Ｄ１３／〕,
2025.01,廃止,F27D 17/00 101 Z,F27D 17/01,その他のもの,
2025.01,廃止,F27D 17/00 102,F27D 17/01 102,・・熱スラグからの廃熱回収〔装置であれば主分類，方法についてはＣ０４Ｂ５／０２が主分類，Ｃ２１Ｂ３／０６参照〕,
2025.01,廃止,F27D 17/00 103,F27D 17/01 103,・・熱粒子物，例．セメント，焼結物からの廃熱回収〔セメントの冷却Ｃ０４Ｂ７／４７〕,
2025.01,廃止,F27D 17/00 104,F27D 17/02 Z,・廃ガスの処理,
2025.01,廃止,F27D 17/00 104 A,F27D 17/02 Z,処理装置,
2025.01,廃止,F27D 17/00 104 D,F27D 17/28,廃ガスの冷却,
2025.01,廃止,F27D 17/00 104 G,F27D 17/02 G,廃ガスからの物質の除去・廃ガスの変成〔廃ガスの化学的浄化，Ｂ０１Ｄ５３／３４，廃ガス再燃焼，Ｆ２３Ｇ７／０６〕,
2025.01,廃止,F27D 17/00 104 K,F27D 17/02 K,エネルギ－回収〔熱回収は除く〕,
2025.01,廃止,F27D 17/00 104 Z,F27D 17/02 Z,その他のもの,
2025.01,廃止,F27D 17/00 105,F27D 17/22 Z,・・集塵〔集塵一般Ｂ０１Ｄ４５／００～５１／００〕,
2025.01,廃止,F27D 17/00 105 A,F27D 17/22 A,集塵装置〔包囲体等〕,
2025.01,廃止,F27D 17/00 105 D,F27D 17/22 D,建屋集塵,
2025.01,廃止,F27D 17/00 105 G,F27D 17/03,排ガスダクト・集塵フ－ド〔煙道，Ｆ２３Ｊ〕,
2025.01,廃止,F27D 17/00 105 K,F27D 17/22 K,ダスト処理〔ダストからの金属抽出，Ｃ２２Ｂ７／００〕,
2025.01,廃止,F27D 17/00 105 Z,F27D 17/22 Z,その他のもの,
2025.01,廃止,G06F 11/36 104,G06F 11/3604,・・テスト入力無しでプログラムを分析することで検証するもの,
2025.01,廃止,G06F 11/36 108,G06F 11/3604 108,・・・形式手法を使用するもの，例．モデル検査，抽象解釈,
2025.01,廃止,G06F 11/36 112,G06F 11/3604 112,・・・実行することにより分析するもの,
2025.01,廃止,G06F 11/36 116,G06F 11/3604 116,・・・ソフトウェアメトリクスを使用するもの,
2025.01,廃止,G06F 11/36 120,G06F 11/362,・・ソフトウェアのデバッグ,
2025.01,廃止,G06F 11/36 124,G06F 11/362 124,・・・ソースコードまたはバイトコードに対して操作を行うことによるもの,
2025.01,廃止,G06F 11/36 128,G06F 11/362 128,・・・最適化されたコードを対象とするもの,
2025.01,廃止,G06F 11/36 132,G06F 11/362 132,・・・同期しながら動作するプログラムを対象とするもの,
2025.01,廃止,G06F 11/36 136,G06F 11/362 136,・・・プログラムの実行をトレースすることによるもの,
2025.01,廃止,G06F 11/36 140,G06F 11/362 140,・・・・バス上の値をトレースすることによるもの,
2025.01,廃止,G06F 11/36 144,G06F 11/362 144,・・・コンパイル後のプログラムに直接操作を加えるもの,
2025.01,廃止,G06F 11/36 148,G06F 11/362 148,・・・付加的なハードウェアを使用するもの,
2025.01,廃止,G06F 11/36 152,G06F 11/362 152,・・・・インサーキットエミュレータ［ＩＣＥ］を備えるもの,
2025.01,廃止,G06F 11/36 156,G06F 11/362 156,・・・・特定のデバッグ用Ｉ／Ｏインターフェースを使用するもの,
2025.01,廃止,G06F 11/36 160,G06F 11/362 160,・・・診断方法を使用するもの（Ｇ０６Ｆ１１／０７，１０３が優先）,
2025.01,廃止,G06F 11/36 164,G06F 11/3698,・・試験またはデバッグのための開発者支援環境,
2025.01,廃止,G06F 11/36 168,G06F 11/3668,・・ソフトウェアの試験,
2025.01,廃止,G06F 11/36 172,G06F 11/3668 172,・・・試験の管理,
2025.01,廃止,G06F 11/36 176,G06F 11/3668 176,・・・・カバレッジの分析のためのもの,
2025.01,廃止,G06F 11/36 180,G06F 11/3668 180,・・・・試験のバージョン管理のためのもの，例．ソフトウェアの新バージョンに合わせてテストケースも更新するもの,
2025.01,廃止,G06F 11/36 184,G06F 11/3668 184,・・・・テストケースを作成するためのもの,
2025.01,廃止,G06F 11/36 188,G06F 11/3668 188,・・・・自動的に試験手順を実行するもの,
2025.01,廃止,G06F 11/36 192,G06F 11/3668 192,・・・・実行結果の分析のためのもの,
2025.01,廃止,G06F 11/36 196,G06F 11/3668 196,・・・試験実行する環境がない場合にそれを提供する方法またはツール,
2025.01,廃止,G06F 11/36 199,G06F 11/36,・・その他,
2025.01,廃止,G08G 5/02,G08G 5/54,・自動着陸援助装置，すなわち着陸データを提供するために，到着する航空機の飛行データを処理するシステム（航空機に取り付けられた着陸援助装置あるいは地表との衝突を避けるために航空機に取り付けられた安全装置Ｂ６４Ｄ４５／０４；地上または航空母艦の甲板上にある視覚または音声による着陸援助装置Ｂ６４Ｆ１／１８）,
2025.01,廃止,G08G 5/02 A,G08G 5/54,自動着陸に関するもの,
2025.01,廃止,G08G 5/02 Z,G08G 5/54,その他のもの〔使用せず〕,
2025.01,廃止,G08G 5/04,G08G 5/08,・衝突防止システム,
2025.01,廃止,G08G 5/04 A,G08G 5/08,衝突防止に関するもの,
2025.01,廃止,G08G 5/04 Z,G08G 5/08,その他のもの〔使用せず〕,
2025.01,廃止,G08G 5/06,G08G 5/51,・地上時の制御のためのもの［２］,
2025.01,廃止,G08G 5/06 A,G08G 5/51,地上にいる時の制御に関するもの,
2025.01,廃止,G08G 5/06 Z,G08G 5/51,その他のもの〔使用せず〕,
2025.01,廃止,G09F 1/01 A,G09F 1/01 Z,展示カ－ドの支持具又は保持具,
2025.01,廃止,G09F 1/12 A,G09F 1/12 Z,展示カ－ドのための囲い枠,
2025.01,廃止,G09F 3/03 A,G09F 3/03 Z,封印,
2025.01,廃止,G09F 3/04 A,G09F 3/04 Z,ラベル自体の材料で取付けるラベル,
2025.01,廃止,G09F 5/04 A,G09F 5/04 Z,見本カ－ド，見本の本,
2025.01,廃止,G09F 7/02 A,G09F 7/02 Z,着脱可能な表示要素を用いたプレ－ト，パネル，ボ－ド,
2025.01,廃止,G09F 7/06 A,G09F 7/06 Z,ピンにより取付けられる表示要素,
2025.01,廃止,G09F 11/00 A,G09F 11/00 Z,完全な情報が可動支持体に固定された可変表示装置,
2025.01,廃止,G09F 11/02 A,G09F 11/02,表示体が回転体に固着されているもの,
2025.01,廃止,G09F 11/02 Z,G09F 11/02,その他,
2025.01,廃止,G09F 11/06 A,G09F 11/06 Z,表示部が硬質板またはカ－ドからなる回転表示装置,
2025.01,廃止,G09F 11/23 A,G09F 11/23 Z,回転体の一部を構成する広告または表示,
2025.01,廃止,G09F 11/24 A,G09F 11/24 Z,移動するバンドを表示体とするもの,
2025.01,廃止,G09F 11/26 A,G09F 11/26 Z,エンドレスバンドを表示体とするもの,
2025.01,廃止,G09F 11/29 A,G09F 11/29 Z,エンドレスでないバンドの表示体による可変表示,
2025.01,廃止,G09F 11/03 A,G09F 11/03 Z,表示体が装填位置から表示位置に送給されるもの,
2025.01,廃止,G09F 15/00 A,G09F 15/00 Z,掲示板、標柱等の告知のための構造物,
2025.01,廃止,G09F 17/00 A,G09F 17/00 Z,旗、幟,
2025.01,廃止,G09F 19/00 A,G09F 19/00 Z,他の箇所に分類されない広告、表示,
2025.01,廃止,G09F 19/02 A,G09F 19/02 Z,可動表示要素を含むもの,
2025.01,廃止,G09F 19/12 A,G09F 19/12 Z,特殊な光学効果を用いたもの,
2025.01,廃止,G09F 19/18 A,G09F 19/18 Z,光学的投影方法による広告、表示,
2025.01,廃止,G09F 21/04 A,G09F 21/04 Z,陸上の乗り物による広告、表示,
2025.01,廃止,G09F 23/00 A,G09F 23/00 Z,特殊な物品の外部か内部に施される広告,
2025.01,廃止,G09F 25/00 A,G09F 25/00 Z,音声による広告,
2025.01,廃止,G09F 27/00 A,G09F 27/00 Z,視聴覚結合の広告、表示,
2025.01,廃止,G09G 5/00 510 S,G09G 5/00 510 G,・テレビジヨン方式に関連したもの,
2025.01,廃止,G09G 5/00 555 P,G09G 5/00 555 M,・・一方を優先して割り当てるもの,
2025.01,廃止,G09G 5/32 670,G09G 5/00 510 H,・・・操作者による文字配置の制御,
2025.01,廃止,G09G 5/36 200,G09G 5/36,・・系図や地図の表示に特徴の有るもの,
2025.01,廃止,G09G 5/36 300,G09G 5/36,・・自然画表示に特徴の有るもの,
2025.01,廃止,G09G 5/373 300,G09G 5/373,・・・・非整数倍率・任意倍率での拡大縮小機能に特徴が有るもの,
2025.01,廃止,H01B 3/00 B,H01B 3/00 Z,焦電体,
2025.01,廃止,H01B 3/00 C,H01B 3/00 Z,電波吸収体,
2025.01,廃止,H01B 3/00 D,H01B 3/00 Z,単結晶及びその製法,
2025.01,廃止,H01B 3/00 E,H01B 3/00 Z,単結晶の分極，磁器の後処理・分極・選別・表面処理,
2025.01,廃止,H01B 3/00 H,H01B 3/00 Z,磁器の製法及び製造装置,
2025.01,廃止,H01B 3/02 B,H01B 3/02 Z,シラス,
2025.01,廃止,H01B 3/12 301,H01B 3/12,・・・ＰＬＺＴ又はＰＺＴ,
2025.01,廃止,H01B 3/12 302,H01B 3/12,・・・ＰＴ,
2025.01,廃止,H01B 3/12 305,H01B 3/12,・・・ＰｂＺｒＯ↓３とＰｂＴｉＯ↓３の混合物,
2025.01,廃止,H01B 3/12 306,H01B 3/12,・・・Ｐｂ（ＦｅＮｂ）Ｏ↓３又はＰｂ（ＦｅＷ）Ｏ↓３,
2025.01,廃止,H01B 3/12 306 A,H01B 3/12,Ｔａを含有するもの,
2025.01,廃止,H01B 3/12 306 B,H01B 3/12,Ｎｉを含有するもの,
2025.01,廃止,H01B 3/12 306 C,H01B 3/12,Ｚｎを含有するもの,
2025.01,廃止,H01B 3/12 306 D,H01B 3/12,Ｓｉを含有するもの,
2025.01,廃止,H01B 3/12 306 E,H01B 3/12,Ｍｇを含有するもの,
2025.01,廃止,H01B 3/12 306 F,H01B 3/12,Ｍｎを含有するもの,
2025.01,廃止,H01B 3/12 306 G,H01B 3/12,Ｓｒを含有するもの,
2025.01,廃止,H01B 3/12 306 H,H01B 3/12,Ｉｎを含有するもの,
2025.01,廃止,H01B 3/12 306 J,H01B 3/12,Ａｇを含有するもの,
2025.01,廃止,H01B 3/12 306 K,H01B 3/12,Ｃｏを含有するもの,
2025.01,廃止,H01B 3/12 306 Z,H01B 3/12,その他のもの,
2025.01,廃止,H01B 3/12 307,H01B 3/12,・・・Ｇａ，Ｇｅ又はＩｎを含有するもの,
2025.01,廃止,H01B 3/12 308,H01B 3/12,・・・Ｓｍ，Ｇｄ又はＤｙを含有するもの,
2025.01,廃止,H01B 3/12 309,H01B 3/12,・・・Ｙ又はＨｆを含有するもの,
2025.01,廃止,H01B 3/12 310,H01B 3/12,・・・Ｐｒを含有するもの,
2025.01,廃止,H01B 3/12 311,H01B 3/12,・・・Ｎｄを含有するもの,
2025.01,廃止,H01B 3/12 312,H01B 3/12,・・・Ｔａを含有するもの,
2025.01,廃止,H01B 3/12 313,H01B 3/12,・・・Ｎｂを含有するもの,
2025.01,廃止,H01B 3/12 313 A,H01B 3/12,Ｗを含有するもの,
2025.01,廃止,H01B 3/12 313 B,H01B 3/12,Ｃｅを含有するもの,
2025.01,廃止,H01B 3/12 313 C,H01B 3/12,Ｓｂを含有するもの,
2025.01,廃止,H01B 3/12 313 D,H01B 3/12,Ｓｉを含有するもの,
2025.01,廃止,H01B 3/12 313 E,H01B 3/12,Ｂｉを含有するもの,
2025.01,廃止,H01B 3/12 313 F,H01B 3/12,Ｌａを含有するもの,
2025.01,廃止,H01B 3/12 313 G,H01B 3/12,Ｓｎを含有するもの,
2025.01,廃止,H01B 3/12 313 H,H01B 3/12,Ｚｒを含有するもの,
2025.01,廃止,H01B 3/12 313 J,H01B 3/12,Ｍｎを含有するもの,
2025.01,廃止,H01B 3/12 313 K,H01B 3/12,Ｎｉを含有するもの,
2025.01,廃止,H01B 3/12 313 L,H01B 3/12,Ｓｒを含有するもの,
2025.01,廃止,H01B 3/12 313 M,H01B 3/12,Ｚｎを含有するもの,
2025.01,廃止,H01B 3/12 313 N,H01B 3/12,Ａｌを含有するもの,
2025.01,廃止,H01B 3/12 313 Z,H01B 3/12,その他のもの,
2025.01,廃止,H01B 3/12 314,H01B 3/12,・・・Ｗを含有するもの,
2025.01,廃止,H01B 3/12 315,H01B 3/12,・・・Ｃｅを含有するもの,
2025.01,廃止,H01B 3/12 316,H01B 3/12,・・・Ｓｂを含有するもの,
2025.01,廃止,H01B 3/12 317,H01B 3/12,・・・Ｓｅを含有するもの,
2025.01,廃止,H01B 3/12 318,H01B 3/12,・・・Ｂｉを含有するもの,
2025.01,廃止,H01B 3/12 318 A,H01B 3/12,Ｌａを含有するもの,
2025.01,廃止,H01B 3/12 318 B,H01B 3/12,Ｓｎを含有するもの,
2025.01,廃止,H01B 3/12 318 C,H01B 3/12,Ｚｒを含有するもの,
2025.01,廃止,H01B 3/12 318 D,H01B 3/12,Ｍｎを含有するもの,
2025.01,廃止,H01B 3/12 318 E,H01B 3/12,Ｎｉを含有するもの,
2025.01,廃止,H01B 3/12 318 F,H01B 3/12,Ｚｎを含有するもの,
2025.01,廃止,H01B 3/12 318 G,H01B 3/12,Ｓｒを含有するもの,
2025.01,廃止,H01B 3/12 318 Z,H01B 3/12,その他のもの,
2025.01,廃止,H01B 3/12 319,H01B 3/12,・・・Ｌａを含有するもの,
2025.01,廃止,H01B 3/12 320,H01B 3/12,・・・Ｓｎを含有するもの,
2025.01,廃止,H01B 3/12 321,H01B 3/12,・・・Ｃｄを含有するもの,
2025.01,廃止,H01B 3/12 322,H01B 3/12,・・・Ｍｎを含有するもの,
2025.01,廃止,H01B 3/12 323,H01B 3/12,・・・Ｎｉを含有するもの,
2025.01,廃止,H01B 3/12 324,H01B 3/12,・・・Ｃｕを含有するもの,
2025.01,廃止,H01B 3/12 325,H01B 3/12,・・・Ｚｎを含有するもの,
2025.01,廃止,H01B 3/12 327,H01B 3/12,・・・Ｎを含有するもの,
2025.01,廃止,H01B 3/12 328,H01B 3/12,・・・Ｔｅを含有するもの,
2025.01,廃止,H01B 3/12 329,H01B 3/12,・・・Ｖを含有するもの,
2025.01,廃止,H01B 3/12 330,H01B 3/12,・・・Ｂを含有するもの,
2025.01,廃止,H01B 3/12 332,H01B 3/12,・・・ＺｎＳを含有するもの,
2025.01,廃止,H01B 3/12 333,H01B 3/12,・・・Ｍｇを含有するもの,
2025.01,廃止,H01B 3/12 334,H01B 3/12,・・・Ｆを含有するもの,
2025.01,廃止,H01B 3/12 339,H01B 3/12,・・・Ｆｅを含有するもの,
2025.01,廃止,H01B 3/12 340,H01B 3/12,・・・Ｐｂを含有するもの,
2025.01,廃止,H01B 3/12 341,H01B 3/12,・・・その他の元素を含有するもの,
2025.01,廃止,H01B 3/02 B,H01B 3/02,分子中にリンを有するもの,
2025.01,廃止,H01B 3/02 C,H01B 3/02,分子中に窒素を有するもの,
2025.01,廃止,H01B 3/02 D,H01B 3/02,分子中にイオウを有するもの,
2025.01,廃止,H01B 3/02 H,H01B 3/02,精製法または再生法に特徴を有するもの,
2025.01,廃止,H01B 3/02 J,H01B 3/02,炭素，水素，酸素のみからなるもの〔ＪはＬに優先〕,
2025.01,廃止,H01B 3/02 K,H01B 3/02,・エステル,
2025.01,廃止,H01B 3/02 L,H01B 3/02,混合に特徴を有するもの,
2025.01,廃止,H01B 3/02 M,H01B 3/02,・エステルを含む,
2025.01,廃止,H01B 3/02 N,H01B 3/02,・植物油を含む,
2025.01,廃止,H01B 3/02 P,H01B 3/02,・分子中にリンを有するものを含む,
2025.01,廃止,H01B 3/02 Q,H01B 3/02,・製造方法に特徴を有するものを含む,
2025.01,廃止,H01B 3/02 R,H01B 3/02,添加剤に特徴を有するもの,
2025.01,廃止,H01B 3/02 S,H01B 3/02,・エポキシ系安定剤,
2025.01,廃止,H01B 3/02 T,H01B 3/02,・フエノ－ル系，アミン系安定剤,
2025.01,廃止,H01B 3/02 U,H01B 3/02,・シランカツプリング剤,
2025.01,廃止,H01B 3/02 V,H01B 3/02,・添加剤の分子中に窒素を有するもの,
2025.01,廃止,H01B 3/02 W,H01B 3/02,製造方法に特徴を有するもの,
2025.01,廃止,H01B 3/02 X,H01B 3/02,・合成絶縁油,
2025.01,廃止,H01B 3/02 Z,H01B 3/02,その他のもの,
2025.01,廃止,H01B 3/22 A,H01B 3/22,２個のベンゼン環を有するもの〔含ナフタレン〕,
2025.01,廃止,H01B 3/22 B,H01B 3/22,オリゴマ－，ポリマ－,
2025.01,廃止,H01B 3/22 C,H01B 3/22,混合に特徴を有するもの,
2025.01,廃止,H01B 3/22 D,H01B 3/22,製造方法に特徴を有するもの,
2025.01,廃止,H01B 3/22 Z,H01B 3/22,その他のもの,
2025.01,廃止,H01B 3/24 A,H01B 3/24,分子中にフツ素を有するもの〔ＡはＢ，Ｃに優先〕,
2025.01,廃止,H01B 3/24 B,H01B 3/24,混合に特徴を有するもの,
2025.01,廃止,H01B 3/24 C,H01B 3/24,添加剤に特徴を有するもの,
2025.01,廃止,H01B 3/24 Z,H01B 3/24,その他のもの,
2025.01,廃止,H01B 3/03 K,H01B 3/03 Z,高誘電率ポリマ,
2025.01,廃止,H01B 3/03 L,H01B 3/03 Z,耐ＳＦ６を目的とするもの,
2025.01,廃止,H01B 3/03 N,H01B 3/03 Z,添加剤に特徴を有するもの,
2025.01,廃止,H01B 3/03 P,H01B 3/03 Z,混合に特徴を有するもの,
2025.01,廃止,H01B 3/04 A,H01B 3/04 Z,１分子中に１個より多くのエポキシ基を含有する重縮合物，化学的後処理により変性された重縮合物,
2025.01,廃止,H01B 3/04 E,H01B 3/04 Z,エポキシ基と反応する硬化剤または触媒を用いて１分子中に１個より多くのエポキシ基を含む化合物を重合することにより得られる高分子化合物,
2025.01,廃止,H01B 3/04 F,H01B 3/04 Z,・用いられたエポキシ化合物に特徴のあるもの,
2025.01,廃止,H01B 3/04 G,H01B 3/04 Z,・用いられた硬化剤に特徴のあるもの,
2025.01,廃止,H01B 3/04 H,H01B 3/04 Z,・・ポリカルボン酸；その酸無水物，ハライドまたは低分子量エステル,
2025.01,廃止,H01B 3/04 J,H01B 3/04 Z,・・アミン,
2025.01,廃止,H01B 3/04 K,H01B 3/04 Z,・・アルコ－ルまたはフエノ－ル,
2025.01,廃止,H01B 3/04 L,H01B 3/04 Z,・用いられた触媒に特徴のあるもの,
2025.01,廃止,H01B 3/04 N,H01B 3/04 Z,注型用,
2025.01,廃止,H01B 3/04 P,H01B 3/04 Z,テ－プ，プリプレグ，積層板,
2025.01,廃止,H01B 3/42 F,H01B 3/42 E,・フイルム状のもの,
2025.01,廃止,H01B 3/42 H,H01B 3/42 G,・ポリエ－テルイミド,
2025.01,廃止,H01B 3/44 H,H01B 3/44 G,・ポリプロピレンフイルム,
2025.01,廃止,H01B 3/44 J,H01B 3/44 Z,モノマ－としてＣ↓４以上を含む,
2025.01,廃止,H01B 3/44 K,H01B 3/44 Z,ポリスチレン,
2025.01,廃止,H01B 3/44 L,H01B 3/44 Z,シリコ－ングラフト化ポリオレフイン,
2025.01,廃止,H01B 3/44 N,H01B 3/44 Z,ポリブタジエン,
2025.01,廃止,H01B 3/46 B,H01B 3/46 A,・混合，添加に特徴を有するもの,
2025.01,廃止,H01B 3/46 C,H01B 3/46 Z,樹脂に特徴を有するもの〔ＣはＥ～Ｈに優先〕,
2025.01,廃止,H01B 3/46 D,H01B 3/46 Z,組成に特徴を有するもの〔ＤはＥ～Ｈに優先〕,
2025.01,廃止,H01B 3/46 E,H01B 3/46 Z,塗料,
2025.01,廃止,H01B 3/46 F,H01B 3/46 Z,樹脂含浸,
2025.01,廃止,H01B 3/46 G,H01B 3/46 Z,放熱，熱伝導シ－ト,
2025.01,廃止,H01B 3/46 H,H01B 3/46 Z,電線，ケ－ブル,
2025.01,廃止,H01B 3/05 A,H01B 3/05,不織布,
2025.01,廃止,H01B 3/05 Z,H01B 3/05,その他のもの,
2025.01,廃止,H01B 3/52 A,H01B 3/52,電気絶縁紙,
2025.01,廃止,H01B 3/52 B,H01B 3/52,・天然繊維のみ,
2025.01,廃止,H01B 3/52 C,H01B 3/52,・合成繊維のみ,
2025.01,廃止,H01B 3/52 D,H01B 3/52,・ラミネ－ト紙,
2025.01,廃止,H01B 3/52 E,H01B 3/52,・混抄紙,
2025.01,廃止,H01B 3/52 F,H01B 3/52,・・マイカ混抄紙,
2025.01,廃止,H01B 3/52 Z,H01B 3/52,その他のもの,
2025.01,廃止,H01L 21/06,H10D 48/04,・・・不純物として以外に他の材料からなる半導体本体が結合されていない，セレンまたはテルルからなる半導体本体を有する装置,
2025.01,廃止,H01L 21/08,H10D 48/042,・・・・基体板の処理［２］,
2025.01,廃止,H01L 21/01,H10D 48/043,・・・・セレンまたはテルルの前処理，基体板への適用，または続いての結合処理［２］,
2025.01,廃止,H01L 21/103,H10D 48/044,・・・・・セレンまたはテルルの導電状態への変換,
2025.01,廃止,H01L 21/105,H10D 48/045,・・・・・導電性にした後のセレンまたはテルル層の表面処理,
2025.01,廃止,H01L 21/108,H10D 48/046,・・・・・絶縁分離層，すなわち，非ジェネティック障壁層の形成［２］,
2025.01,廃止,H01L 21/12,H10D 48/047,・・・・基体板と結合した後のセレンまたはテルルの露出面への電極の形成［２］,
2025.01,廃止,H01L 21/14,H10D 48/048,・・・・完全装置の処理，例．障壁形成のためのエレクトロフォーミングによるもの［２］,
2025.01,廃止,H01L 21/145,H10D 48/049,・・・・・エージング,
2025.01,廃止,H01L 21/16,H10D 48/07,・・・酸化第一銅またはヨウ化第一銅からなる半導体本体を有する装置［２］,
2025.01,廃止,H01L 21/28 301,H10D 64/06,・・・・・電極の材料が限定されているもの,
2025.01,廃止,H01L 21/28 301 A,H10D 64/06,シリコンを用いているもの,
2025.01,廃止,H01L 21/28 301 B,H10D 64/06,半導体本体がシリコン以外のもの,
2025.01,廃止,H01L 21/28 301 D,H10D 64/06,・シリコン電極上にシリサイドが形成されているもの,
2025.01,廃止,H01L 21/28 301 R,H10D 64/06,金属又は金属化合物を用いているもの,
2025.01,廃止,H01L 21/28 301 S,H10D 64/06,シリサイドを用いているもの,
2025.01,廃止,H01L 21/28 301 Z,H10D 64/06,その他のもの,
2025.01,廃止,H01L 21/28 A,H10D 64/01 A,前処理に関するもの,
2025.01,廃止,H01L 21/28 B,H10D 64/01 B,後処理に関するもの,
2025.01,廃止,H01L 21/28 C,H10D 64/01 C,試験・検査に関するもの,
2025.01,廃止,H01L 21/28 D,H10D 64/01 D,露光処理に特徴を有するもの,
2025.01,廃止,H01L 21/28 E,H10D 64/01 E,エッチング、リフトオフ、研磨によるもの,
2025.01,廃止,H01L 21/28 K,H10D 64/01 K,部分的変質法によるもの,
2025.01,廃止,H01L 21/28 L,H10D 64/01 L,電極取出用の孔開に関するもの,
2025.01,廃止,H01L 21/28 Z,H10D 64/01 Z,その他のもの,
2025.01,廃止,H01L 21/283 B,H10D 64/01 S,絶縁材料の形成に特徴,
2025.01,廃止,H01L 21/283 C,H10D 64/68,絶縁材料の種類に特徴,
2025.01,廃止,H01L 21/283 Z,H10D 64/01 S,その他のもの,
2025.01,廃止,H01L 21/82,H10D 89/01,・・・複数の個々の構成部品に基板を分割しないもの，例．集積回路,
2025.01,廃止,H01L 21/82 A,H10D 89/01 A,・プログラマブル・ロジック・アレイ〔ｐｒｏｇｒａｍａｂｌｅ　ｌｏｇｉｃ　Ａｒｒａｙ〕,
2025.01,廃止,H01L 21/82 B,H10D 89/01 B,・ビルディング・ブロック，スタンダード・セル〔Ｂｕｉｌｄｉｎｇ　ｂｌｏｃｋ，ｓｔａｎｄａｒｄ　ｃｅｌｌ〕,
2025.01,廃止,H01L 21/82 C,H10D 89/01 C,・電子計算機を利用するもの〔Ｃｏｍｐｕｔｅｒ　ａｉｄｅｄ　ｄｅｓｉｇｎ〕,
2025.01,廃止,H01L 21/82 D,H10D 89/01 D,素子設計〔Ｄｅｖｉｃｅ　ｄｅｓｉｇｎ〕,
2025.01,廃止,H01L 21/82 F,H10D 89/01 F,・・フューズ〔Ｒ，Ｔが優先〕〔Ｆｕｓｅｓ〕,
2025.01,廃止,H01L 21/82 L,H10D 89/01 L,・電線〔ｐｏｗｅｒ―ｓｕｐｐｌｙ　Ｌｉｎｅｓ〕,
2025.01,廃止,H01L 21/82 M,H10D 89/01 M,・マスタースライス，ゲート・アレイ〔Ｍａｓｔｅｒｓｌｉｃｅ，ｇａｔｅ　ａｒｒａｙ〕,
2025.01,廃止,H01L 21/82 P,H10D 89/01 P,・パッド，入出力セル〔Ｐａｄｓ，Ｉ／Ｏ　ｃｅｌｌｓ〕,
2025.01,廃止,H01L 21/82 R,H10D 89/01 R,・・冗長回路〔Ｒｅｄｕｎｄａｎｃｙ　ｃｉｒｃｕｉｔ〕,
2025.01,廃止,H01L 21/82 S,H10D 89/01 S,・機能選択〔ｆｕｎｃｔｉｏｎ　Ｓｅｌｅｃｔｉｏｎ〕,
2025.01,廃止,H01L 21/82 T,H10D 89/01 T,・・検査〔Ｔｅｓｔｉｎｇ〕,
2025.01,廃止,H01L 21/82 W,H10D 89/01 W,配線設計〔Ｗｉｒｉｎｇ　ｄｅｓｉｇｎ〕,
2025.01,廃止,H01L 21/82 Z,H10D 89/01 Z,その他のもの〔ｏｔｈｅｒｓ〕,
2025.01,廃止,H01L 27/00 301,H10D 88/00,・三次元回路素子,
2025.01,廃止,H01L 27/00 301 A,H10D 88/00 A,素子配置に特徴のある積層型,
2025.01,廃止,H01L 27/00 301 B,H10D 88/00 B,接着型,
2025.01,廃止,H01L 27/00 301 C,H10D 88/00 C,・接続構造,
2025.01,廃止,H01L 27/00 301 D,H10D 88/00 D,・単結晶絶縁体層介在型,
2025.01,廃止,H01L 27/00 301 E,H10D 88/00 E,・単結晶直接成長技術,
2025.01,廃止,H01L 27/00 301 F,H10D 88/00 F,・ＦＩＰＯＳ,
2025.01,廃止,H01L 27/00 301 H,H10D 88/00 H,・放熱構造；シールド構造,
2025.01,廃止,H01L 27/00 301 L,H10D 88/00 L,・まわり込み酸化,
2025.01,廃止,H01L 27/00 301 N,H10D 88/00 N,・半導体ｉ層介在型,
2025.01,廃止,H01L 27/00 301 P,H10D 88/00 P,・ポリアモルファス積層型,
2025.01,廃止,H01L 27/00 301 R,H10D 88/00 R,・再結晶化技術,
2025.01,廃止,H01L 27/00 301 S,H10D 88/00 S,・ＳＩＭＯＸ,
2025.01,廃止,H01L 27/00 301 W,H10D 88/00 W,両面型,
2025.01,廃止,H01L 27/00 301 Y,H10D 88/00 Y,・その他の構造,
2025.01,廃止,H01L 27/00 301 Z,H10D 88/00 Z,その他,
2025.01,廃止,H01L 27/01,H10D 86/85,・１つの共通絶縁基板上に形成された薄膜または厚膜受動素子のみからなるもの［３］,
2025.01,廃止,H01L 27/01 301,H10D 86/85 101,・・厚膜回路,
2025.01,廃止,H01L 27/01 311,H10D 86/85 102,・・薄膜回路,
2025.01,廃止,H01L 27/01 321,H10D 86/85 103,・・厚膜トリミング；薄膜トリミング,
2025.01,廃止,H01L 27/04,H10D 89/00 101,・・基板が半導体本体であるもの［２］,
2025.01,廃止,H01L 27/04 A,H10D 89/00 101 A,基板上の素子配置,
2025.01,廃止,H01L 27/04 B,H10D 89/00 101 B,基準電圧発生回路,
2025.01,廃止,H01L 27/04 C,H10D 1/68,容量素子,
2025.01,廃止,H01L 27/04 D,H10D 89/00 101 D,配線,
2025.01,廃止,H01L 27/04 E,H10D 89/00 101 E,端子の機能または配置,
2025.01,廃止,H01L 27/04 F,H10D 89/00 101 F,機能；動作,
2025.01,廃止,H01L 27/04 G,H10D 89/00 101 G,基板バイアス発生；昇圧,
2025.01,廃止,H01L 27/04 H,H10D 89/06,保護,
2025.01,廃止,H01L 27/04 L,H10D 1/02,誘導素子；インダクタンス発生回路,
2025.01,廃止,H01L 27/04 M,H10D 89/00 101 M,機能切換,
2025.01,廃止,H01L 27/04 P,H10D 1/47 101,薄膜抵抗,
2025.01,廃止,H01L 27/04 R,H10D 1/47 102,拡散抵抗,
2025.01,廃止,H01L 27/04 T,H10D 89/00 101 T,テスト回路；検査回路,
2025.01,廃止,H01L 27/04 U,H10D 89/00 101 U,機能ブロック組合せ，例．システムＬＳＩ,
2025.01,廃止,H01L 27/04 V,H10D 89/00 101 V,可変インピーダンス；トリミング,
2025.01,廃止,H01L 27/04 Z,H10D 89/00 101 Z,その他のもの,
2025.01,廃止,H01L 27/06,H10D 84/00,・・・複数の個々の構成部品を反復しない形で含むもの［２］,
2025.01,廃止,H01L 27/06 101,H10D 84/06 201,・・・・バイポーラ素子を主体とする集積回路,
2025.01,廃止,H01L 27/06 101 B,H10D 84/06 201 Z,バイポーラトランジスタからなるもの,
2025.01,廃止,H01L 27/06 101 D,H10D 84/06 201 D,バイポーラトランジスタと誘導素子，容量，抵抗またはダイオードからなるもの,
2025.01,廃止,H01L 27/06 101 P,H10D 84/06 201 P,保護回路,
2025.01,廃止,H01L 27/06 101 S,H10D 84/06 201 S,バイポーラトランジスタとＳＩＴからなる論理回路,
2025.01,廃止,H01L 27/06 101 U,H10D 84/06 201 U,バイポーラトランジスタとユニポーラトランジスタからなるもの,
2025.01,廃止,H01L 27/06 101 Z,H10D 84/06 201 Z,その他,
2025.01,廃止,H01L 27/06 102,H10D 84/08 101,・・・・ＭＯＳ素子を主体とする集積回路,
2025.01,廃止,H01L 27/06 102 A,H10D 84/08 101 A,ＭＯＳと，受動素子またはダイオードを集積したもの,
2025.01,廃止,H01L 27/06 102 Z,H10D 84/08 101 Z,その他,
2025.01,廃止,H01L 27/06 311,H10D 84/08 102,・・・・・保護回路,
2025.01,廃止,H01L 27/06 311 A,H10D 84/08 102 A,抵抗を用いて保護したもの；コンタクト部に特徴のあるもの,
2025.01,廃止,H01L 27/06 311 B,H10D 84/08 102 B,ダイオードを用いて保護したもの,
2025.01,廃止,H01L 27/06 311 C,H10D 84/08 102 C,バイポーラを含むＭＯＳ構造を用いて保護したもの,
2025.01,廃止,H01L 27/06 311 Z,H10D 84/08 102 Z,その他,
2025.01,廃止,H01L 27/06 321,H10D 84/04,・・・・バイＭＯＳを主体とする集積回路,
2025.01,廃止,H01L 27/06 321 A,H10D 84/04 A,全体に特徴のあるもの,
2025.01,廃止,H01L 27/06 321 B,H10D 84/04 B,バイポーラトランジスタの構成に特徴のあるもの,
2025.01,廃止,H01L 27/06 321 C,H10D 84/04 C,素子分離,
2025.01,廃止,H01L 27/06 321 D,H10D 84/04 D,ラッチアップ防止,
2025.01,廃止,H01L 27/06 321 E,H10D 84/04 E,基板；ウェル；埋込み層,
2025.01,廃止,H01L 27/06 321 F,H10D 84/04 F,コンタクト；電極；配線,
2025.01,廃止,H01L 27/06 321 G,H10D 84/04 G,回路構成に特徴のあるもの,
2025.01,廃止,H01L 27/06 321 H,H10D 84/04 H,・バイＭＯＳ複合機能素子,
2025.01,廃止,H01L 27/06 321 J,H10D 84/04 J,・特定用途用，例．論理回路またはメモリ,
2025.01,廃止,H01L 27/06 321 Z,H10D 84/04 Z,その他,
2025.01,廃止,H01L 27/06 331,H10D 84/00,・・・・基板バイアス回路,
2025.01,廃止,H01L 27/06 F,H10D 84/87,ＭＯＳを除くＦＥＴを主体とする集積回路,
2025.01,廃止,H01L 27/06 T,H10D 84/06 101,サイリスタを主体とする集積回路,
2025.01,廃止,H01L 27/06 Z,H10D 84/00,その他,
2025.01,廃止,H01L 27/07,H10D 84/00,・・・・構成部品が共通の活性領域をもつもの［５］,
2025.01,廃止,H01L 27/07 101,H10D 84/00,・・・・・バイポーラトランジスタを含む集積回路（Ｈ０１Ｌ２７／０７，１０２が優先）,
2025.01,廃止,H01L 27/07 102,H10D 84/00,・・・・・ＭＯＳを含む集積回路,
2025.01,廃止,H01L 27/08,H10D 84/00,・・・１種類の半導体構成部品だけを含むもの［２］,
2025.01,廃止,H01L 27/082,H10D 84/06 202,・・・・バイポーラ構成部品のみを含むもの［５］,
2025.01,廃止,H01L 27/082 B,H10D 84/06 202 B,バイポーラトランジスタからなるもの,
2025.01,廃止,H01L 27/082 C,H10D 84/67,ＮＰＮ型とＰＮＰ型の組み合わせ,
2025.01,廃止,H01L 27/082 D,H10D 84/06 202 D,ダーリントン接続,
2025.01,廃止,H01L 27/082 J,H10D 84/65 J,・・インジェクタ,
2025.01,廃止,H01L 27/082 L,H10D 84/06 202 L,バイポーラトランジスタからなる論理回路,
2025.01,廃止,H01L 27/082 M,H10D 84/65,・ＩＩＬ,
2025.01,廃止,H01L 27/082 N,H10D 84/65 N,・・インバータ,
2025.01,廃止,H01L 27/082 T,H10D 84/06 202 T,特性が異なるバイポーラトランジスタからなるもの,
2025.01,廃止,H01L 27/082 V,H10D 84/63,縦型と横型の組み合わせ,
2025.01,廃止,H01L 27/082 W,H10D 84/65 W,・・ＩＩＬを含む回路,
2025.01,廃止,H01L 27/082 Z,H10D 84/06 202 Z,その他,
2025.01,廃止,H01L 27/085,H10D 84/82,・・・・電界効果構成部品のみを含むもの［５］,
2025.01,廃止,H01L 27/088,H10D 84/83,・・・・・構成部品が絶縁ゲートを有する電界効果トランジスタであるもの［５］,
2025.01,廃止,H01L 27/088 311,H10D 84/84,・・・・・・Ｅ―ＤＭＯＳ；Ｅ―ＥＭＯＳ,
2025.01,廃止,H01L 27/088 311 A,H10D 84/84 A,全体に特徴のあるもの,
2025.01,廃止,H01L 27/088 311 Z,H10D 84/84 Z,その他,
2025.01,廃止,H01L 27/088 331,H10D 84/83 101,・・・・・・寄生効果防止，例．素子分離,
2025.01,廃止,H01L 27/088 331 A,H10D 84/83 101 A,絶縁分離,
2025.01,廃止,H01L 27/088 331 B,H10D 84/83 101 B,チャンネルストッパー；ガードリング,
2025.01,廃止,H01L 27/088 331 C,H10D 84/83 101 C,基板；埋込み層,
2025.01,廃止,H01L 27/088 331 D,H10D 84/83 101 D,ウェル,
2025.01,廃止,H01L 27/088 331 E,H10D 84/83 101 E,ＳＯＳ；ＳＯＩ,
2025.01,廃止,H01L 27/088 331 F,H10D 84/83 101 F,ダイオードまたは抵抗を用いたもの,
2025.01,廃止,H01L 27/088 331 G,H10D 84/83 101 G,バイアスを与えたもの,
2025.01,廃止,H01L 27/088 331 Z,H10D 84/83 101 Z,その他のもの,
2025.01,廃止,H01L 27/088 A,H10D 84/83 A,ＭＯＳ構造全体に特徴のあるもの,
2025.01,廃止,H01L 27/088 B,H10D 84/83 B,チャネル構造またはソースドレイン形成,
2025.01,廃止,H01L 27/088 C,H10D 84/83 C,ゲート電極またはゲート絶縁膜,
2025.01,廃止,H01L 27/088 D,H10D 84/83 D,コンタクト；電極；配線,
2025.01,廃止,H01L 27/088 E,H10D 84/83 E,積層型ＭＯＳ；縦型ＭＯＳ,
2025.01,廃止,H01L 27/088 F,H10D 84/83 F,ＭＯＳＩＣに対する保護回路,
2025.01,廃止,H01L 27/088 H,H10D 84/83 H,メモリ；論理回路,
2025.01,廃止,H01L 27/088 J,H10D 84/83 J,回路構成に特徴のあるもの,
2025.01,廃止,H01L 27/088 Z,H10D 84/83 Z,その他のもの,
2025.01,廃止,H01L 27/092,H10D 84/85,・・・・・・相補型ＭＩＳ電界効果トランジスタ［５］,
2025.01,廃止,H01L 27/092 A,H10D 84/85 A,ＣＭＯＳ全体に特徴のあるもの,
2025.01,廃止,H01L 27/092 B,H10D 84/85 B,ウェル；基板；埋込み層,
2025.01,廃止,H01L 27/092 C,H10D 84/85 C,チャネル構造,
2025.01,廃止,H01L 27/092 D,H10D 84/85 D,ゲート電極またはゲート絶縁膜,
2025.01,廃止,H01L 27/092 E,H10D 84/85 E,ソースドレイン形成,
2025.01,廃止,H01L 27/092 F,H10D 84/85 F,コンタクト；電極；配線,
2025.01,廃止,H01L 27/092 G,H10D 84/85 G,積層型ＭＯＳ；縦型ＭＯＳ,
2025.01,廃止,H01L 27/092 H,H10D 84/85 H,ＣＭＯＳに対する保護回路,
2025.01,廃止,H01L 27/092 K,H10D 84/85 K,メモリ；論理回路,
2025.01,廃止,H01L 27/092 L,H10D 84/85 L,回路構成に特徴のあるもの,
2025.01,廃止,H01L 27/092 N,H10D 84/85 N,製造工程の簡略化,
2025.01,廃止,H01L 27/092 Z,H10D 84/85 Z,その他のもの,
2025.01,廃止,H01L 27/095,H10D 84/86,・・・・・構成部品がショットキー障壁ゲート電界効果トランジスタであるもの［５］,
2025.01,廃止,H01L 27/098,H10D 84/87,・・・・・構成部品がＰＮ接合ゲート電界効果トランジスタであるもの［５］,
2025.01,廃止,H01L 27/01,H10B 99/00,・・・複数の個々の構成部品を反復した形で含むもの［２］,
2025.01,廃止,H01L 27/102,H10B 99/00,・・・・バイポーラ構成部品を含むもの［２０２３．０１］,
2025.01,廃止,H01L 27/105,H10B 99/00,・・・・電界効果構成部品を含むもの［２０２３．０１］,
2025.01,廃止,H01L 27/118,H10D 84/09,・・・・マスタースライス集積回路［５］,
2025.01,廃止,H01L 27/118 101,H10D 84/09 101,・・・・・バイポーラトランジスタを含む集積回路；ＦＥＴを含む集積回路（Ｈ０１Ｌ２７／１１８，１０２が優先）,
2025.01,廃止,H01L 27/118 102,H10D 84/09 102,・・・・・ＭＯＳを含む集積回路,
2025.01,廃止,H01L 27/13,H10D 86/08,・・・薄膜または厚膜受動構成部品と組合せたもの［３］,
2025.01,廃止,H01L 27/14,H10F 39/01,・赤外線，可視光，短波長の電磁波または粒子線輻射に感応する半導体構成部品で，これらの輻射線エネルギーを電気的エネルギーに変換するかこれらの輻射線によって電気的エネルギーを制御するかのどちらかに特に適用されるもの（構造的に１つまたはそれ以上の電気光源のみに関連する輻射線感応構成部品Ｈ０１Ｌ３１／１４；光電気素子と光ガイドとの結合Ｇ０２Ｂ６／４２）［２］,
2025.01,廃止,H01L 27/142,H10F 19/05,・・エネルギー変換装置（装置と一体化または直接結合したバイパスダイオードを備える光起電［ＰＶ］モジュールまたは１つ１つのＰＶ素子のアレイＨ０１Ｌ３１／０４４３；同じ基板上に堆積された複数の薄膜太陽電池により構成されたＰＶモジュールＨ０１Ｌ３１／０４６）［５，２０１４．０１］,
2025.01,廃止,H01L 27/144,H10F 39/01,・・輻射線によって制御される装置［５］,
2025.01,廃止,H01L 27/144 J,H10F 39/01 J,・光通信用受光素子,
2025.01,廃止,H01L 27/144 K,H10F 39/01 K,特殊用途用固体撮像素子；特定用途用受光素子,
2025.01,廃止,H01L 27/144 Z,H10F 39/01 Z,その他のもの,
2025.01,廃止,H01L 27/146,H10F 39/12,・・・固体撮像装置構造［５］,
2025.01,廃止,H01L 27/146 A,H10F 39/18 A,プレナ固体撮像素子，例．ＭＯＳ型，ＦＥＴ型，ＳＩＴ型またはＣＰＤ型,
2025.01,廃止,H01L 27/146 C,H10F 39/18 C,薄膜固体撮像素子,
2025.01,廃止,H01L 27/146 D,H10F 39/12 D,パッケージ；フィルタ；チップ；表面層,
2025.01,廃止,H01L 27/146 E,H10F 39/18 E,・・光導電層積層型,
2025.01,廃止,H01L 27/146 F,H10F 39/18 F,・ハイブリッド固体撮像素子,
2025.01,廃止,H01L 27/146 G,H10F 39/12 G,・電荷注入デバイス［ＣＩＤ］型,
2025.01,廃止,H01L 27/146 Z,H10F 39/12 Z,その他のもの,
2025.01,廃止,H01L 27/148,H10F 39/15,・・・・電荷結合型固体撮像装置［５］,
2025.01,廃止,H01L 27/148 B,H10F 39/15 B,ＣＣＤ型，例．ＦＴ方式，ＩＬ方式，ＬＡ方式，ＣＳ方式，クロスゲート方式または一次元用,
2025.01,廃止,H01L 27/148 H,H10F 39/15 H,・時間遅延積分［ＴＤＩ］型,
2025.01,廃止,H01L 27/148 Z,H10F 39/15 Z,その他のもの,
2025.01,廃止,H01L 27/15,H10H 29/01,・電位障壁を有し，光放出に特に適用される半導体構成部品を含むもの［２００６．０１］,
2025.01,廃止,H01L 27/15 A,H10H 29/01,他の素子との集積に特徴,
2025.01,廃止,H01L 27/15 B,H10H 29/01,・駆動素子または光変調素子との集積,
2025.01,廃止,H01L 27/15 C,H10H 29/01,・放出光の導波手段，例．光導波路または光スイッチング素子，との集積,
2025.01,廃止,H01L 27/15 D,H10H 29/01,・受光素子との集積,
2025.01,廃止,H01L 27/15 H,H10H 29/01,ハイブリッド装置；実装,
2025.01,廃止,H01L 27/15 S,H10H 29/01,光信号回路,
2025.01,廃止,H01L 27/15 T,H10H 29/01,３次元光集積回路,
2025.01,廃止,H01L 27/15 Z,H10H 29/01,その他のもの,
2025.01,廃止,H01L 29/00,H10D 48/00,整流，増幅，発振またはスイッチングに特に適用される半導体装置であり，電位障壁を有するもの；電位障壁，例．ＰＮ接合空乏層またはキャリア集中層，を有するコンデンサまたは抵抗器；半導体本体または電極の細部（Ｈ０１Ｌ３１／００～Ｈ０１Ｌ３３／００，Ｈ１０Ｋ１０／００，Ｈ１０Ｎが優先；半導体本体または電極以外の細部Ｈ０１Ｌ２３／００；１つの共通基板内または上に形成された複数の固体構成部品からなる装置Ｈ０１Ｌ２７／００［２００６．０１］,
2025.01,廃止,H01L 29/02,H10D 62/00,・半導体本体に特徴のあるもの,
2025.01,廃止,H01L 29/04,H10D 62/04,・・半導体本体の結晶構造，例．多結晶，立方晶系，特定な結晶面の方向，に特徴のあるもの（不完全結晶２９／３０）［２］,
2025.01,廃止,H01L 29/06,H10D 62/01,・・半導体本体の形状に特徴のあるもの；半導体領域の形，相対的な大きさまたは配列に特徴のあるもの［２］,
2025.01,廃止,H01L 29/06 301,H10D 62/01 101,・・・耐圧構造（Ｈ１３．５新設）,
2025.01,廃止,H01L 29/06 301 D,H10D 62/01 101 D,半導体領域に特徴のあるもの［不純物濃度，形状，寸法，配置など；Ｒが優先］（Ｈ１３．５新設）,
2025.01,廃止,H01L 29/06 301 F,H10D 62/01 101 F,フィールドプレートを用いるもの（Ｈ１３．５新設）,
2025.01,廃止,H01L 29/06 301 G,H10D 62/01 101 G,・ガードリング，電界制限リングを用いるもの（Ｈ１３．５新設）,
2025.01,廃止,H01L 29/06 301 M,H10D 62/01 101 M,傾斜面［メサ，ベベル］，溝を形成するもの（Ｈ１３．５新設）,
2025.01,廃止,H01L 29/06 301 R,H10D 62/01 101 R,曲率［断面，平面］を制御するもの（Ｈ１３．５新設）,
2025.01,廃止,H01L 29/06 301 S,H10D 62/01 101 S,半絶縁性膜，高抵抗膜を用いるもの（Ｈ１３．５新設）,
2025.01,廃止,H01L 29/06 301 V,H10D 62/01 101 V,縦型素子用のもの（Ｈ１３．５新設）,
2025.01,廃止,H01L 29/06 301 Z,H10D 62/01 101 Z,その他のもの（Ｈ１３．５新設）,
2025.01,廃止,H01L 29/06 601,H10D 62/01 201,・・・特殊構造（Ｈ１３．５新設）,
2025.01,廃止,H01L 29/06 601 B,H10D 62/01 201 B,立体型素子［例．球状半導体］（Ｈ１３．５新設）,
2025.01,廃止,H01L 29/06 601 D,H10D 62/81 D,・量子ドット，量子島（Ｈ１３．５新設）,
2025.01,廃止,H01L 29/06 601 L,H10D 62/81 L,・量子細線（Ｈ１３．５新設）,
2025.01,廃止,H01L 29/06 601 N,H10D 62/01 201 N,ナノ構造体［原子，分子レベルの操作によるもの］（Ｈ１３．５新設）,
2025.01,廃止,H01L 29/06 601 Q,H10D 62/81,量子構造（Ｈ１３．５新設）,
2025.01,廃止,H01L 29/06 601 S,H10D 62/815,超格子構造（Ｈ１３．５新設）,
2025.01,廃止,H01L 29/06 601 W,H10D 62/81 W,・量子井戸（Ｈ１３．５新設）,
2025.01,廃止,H01L 29/06 601 Z,H10D 62/01 201 Z,その他のもの（Ｈ１３．５新設）,
2025.01,廃止,H01L 29/08,H10D 62/13,・・・整流，増幅，またはスイッチされる電流を流す電極が接続されている半導体領域をもつものであって，その電極が３つ以上の電極を持つ半導体装置の部分であるもの［２］,
2025.01,廃止,H01L 29/01,H10D 62/17,・・・整流，増幅，またはスイッチされる電流を流さない電極が接続されている半導体領域をもつものであって，その電極が３つ以上の電極を持つ半導体装置の部分であるもの［２］,
2025.01,廃止,H01L 29/12,H10D 62/08,・・構成材料に特徴のあるもの,
2025.01,廃止,H01L 29/14,H10D 62/08,・・・無機材料,
2025.01,廃止,H01L 29/16,H10D 62/83,・・・・ドーピング材料または他の不純物は別にして，非結合型周期表の第ＩＶ族の元素のみを含むもの［２００６．０１］,
2025.01,廃止,H01L 29/161,H10D 62/832,・・・・・２９／１６に分類されている元素のうち２つ以上を含むもの,
2025.01,廃止,H01L 29/163,H10D 62/832,・・・・・・同じ半導体領域にあるもの,
2025.01,廃止,H01L 29/165,H10D 62/822,・・・・・・異った半導体領域にあるもの,
2025.01,廃止,H01L 29/167,H10D 62/834,・・・・・さらにドーピング材料にも特徴のあるもの［２］,
2025.01,廃止,H01L 29/18,H10D 62/84,・・・・ドーピング材料または他の不純物は別にしてＳｅまたはＴｅのみを含むもの［２］,
2025.01,廃止,H01L 29/02,H10D 62/85,・・・・ドーピング材料または他の不純物は別にして，Ａ↓ＩＩＩＢ↓Ｖ化合物のみを含むもの［２］,
2025.01,廃止,H01L 29/201,H10D 62/852,・・・・・２つ以上の化合物を含むもの,
2025.01,廃止,H01L 29/203,H10D 62/852,・・・・・・同じ半導体領域にあるもの,
2025.01,廃止,H01L 29/205,H10D 62/824,・・・・・・異った半導体領域にあるもの,
2025.01,廃止,H01L 29/207,H10D 62/854,・・・・・さらにドーピング材料にも特徴のあるもの［２］,
2025.01,廃止,H01L 29/22,H10D 62/86,・・・・ドーピング材料または他の不純物は別にして，Ａ↓ＩＩＢ↓ＶＩ化合物のみを含むもの［２］,
2025.01,廃止,H01L 29/221,H10D 62/862,・・・・・２つ以上の化合物を含むもの,
2025.01,廃止,H01L 29/223,H10D 62/862,・・・・・・同じ半導体領域にあるもの,
2025.01,廃止,H01L 29/225,H10D 62/826,・・・・・・異った半導体領域にあるもの,
2025.01,廃止,H01L 29/227,H10D 62/864,・・・・・さらにドーピング材料にも特徴のあるもの［２］,
2025.01,廃止,H01L 29/24,H10D 62/08,・・・・ドーピング材料または他の不純物は別にして，２９／１６，２９／１８，２９／２０，２９／２２に分類されない半導体材料のみを含むもの［２］,
2025.01,廃止,H01L 29/26,H10D 62/08,・・・・ドーピング材料または他の不純物は別にして，２９／１６，２９／１８，２９／２０，２９／２２，２９／２４のグループの２つ以上に分類されている元素を含むもの［２］,
2025.01,廃止,H01L 29/263,H10D 62/08,・・・・・同じ半導体領域にあるもの,
2025.01,廃止,H01L 29/267,H10D 62/82,・・・・・異った半導体領域にあるもの,
2025.01,廃止,H01L 29/03,H10D 62/05,・・物理的不完全性に特徴のあるもの；研磨された表面又はあらされた表面を持つもの,
2025.01,廃止,H01L 29/32,H10D 62/53,・・・不完全性が半導体本体の内部にあるもの,
2025.01,廃止,H01L 29/34,H10D 62/57,・・・不完全性が表面にあるもの,
2025.01,廃止,H01L 29/36,H10D 62/06,・・不純物の濃度又は分布に特徴のあるもの,
2025.01,廃止,H01L 29/38,H10D 62/00,・・２９／０４，２９／０６，２９／１２，２９／３０，２９／３６のグループのうち２つ以上に分類されている特徴の結合に特徴のあるもの,
2025.01,廃止,H01L 29/04,H10D 64/00,・その電極に特徴のあるもの,
2025.01,廃止,H01L 29/42,H10D 64/00,・・整流，増幅，又はスイッチされる電流を流す電極で，その電極は，１つまたは２つの電極を持つ１つの半導体装置の部分であるもの,
2025.01,廃止,H01L 29/44,H10D 64/02,・・・それらの形，大きさまたは配置に特徴のあるもの,
2025.01,廃止,H01L 29/44 L,H10D 64/02,電極の配置,
2025.01,廃止,H01L 29/44 P,H10D 64/02,電極の平面形状,
2025.01,廃止,H01L 29/44 S,H10D 64/02,電極の断面形状,
2025.01,廃止,H01L 29/44 Y,H10D 64/02 F,電極の特殊機能，例．フィールドプレート,
2025.01,廃止,H01L 29/44 Z,H10D 64/02,その他のもの,
2025.01,廃止,H01L 29/46,H10D 64/06,・・・構成材料に特徴のあるもの,
2025.01,廃止,H01L 29/48,H10D 64/64,・・・表面障壁，例．ショットキー障壁用［２］,
2025.01,廃止,H01L 29/48 D,H10D 64/64,半導体本体がシリコン以外のもの,
2025.01,廃止,H01L 29/48 E,H10D 64/64,周辺効果の緩和,
2025.01,廃止,H01L 29/48 F,H10D 64/64,素子構造,
2025.01,廃止,H01L 29/48 M,H10D 64/64,ショットキー用電極の材料が限定されているもの,
2025.01,廃止,H01L 29/48 P,H10D 64/64,素子の製造方法,
2025.01,廃止,H01L 29/48 Z,H10D 64/64,その他のもの,
2025.01,廃止,H01L 29/05,H10D 64/23,・・整流，増幅又はスイッチされる電流を流す電極で，その電極は３つ以上の電極を持つ１つの半導体装置の部分であるもの,
2025.01,廃止,H01L 29/05 B,H10D 64/23 B,バイポーラトランジスタ用のもの,
2025.01,廃止,H01L 29/05 J,H10D 64/23 J,接合型・ＭＥＳ型用のもの,
2025.01,廃止,H01L 29/05 M,H10D 64/23 M,ＭＩＳ・ＭＯＳトランジスタ用のもの,
2025.01,廃止,H01L 29/05 Z,H10D 64/23 Z,その他のもの,
2025.01,廃止,H01L 29/52,H10D 64/23,・・・それらの形，大きさまたは配置に特徴のあるもの,
2025.01,廃止,H01L 29/54,H10D 64/62,・・・構成材料に特徴のあるもの,
2025.01,廃止,H01L 29/56,H10D 64/64,・・・表面障壁，例．ショットキー障壁用［２］,
2025.01,廃止,H01L 29/58,H10D 64/27,・・整流，増幅またはスイッチされる電流を流す電極ではなく，その電極は３つ以上の電極を持つ１つの半導体装置の部分であるもの,
2025.01,廃止,H01L 29/58 G,H10D 64/27 G,ＭＩＳ・ＭＯＳゲート用のもの,
2025.01,廃止,H01L 29/58 Z,H10D 64/27 Z,その他のもの,
2025.01,廃止,H01L 29/06,H10D 64/27,・・・それらの形，大きさまたは配置に特徴のあるもの,
2025.01,廃止,H01L 29/62,H10D 64/06,・・・構成材料に特徴のあるもの,
2025.01,廃止,H01L 29/64,H10D 64/64,・・・表面障壁，例．ショットキー障壁用［２］,
2025.01,廃止,H01L 29/66,H10D 48/03,・それらの動作に特徴のあるもの,
2025.01,廃止,H01L 29/66 C,H10D 48/03 C,制御手段に特徴のあるもの（Ｈ１３．５新設）,
2025.01,廃止,H01L 29/66 E,H10D 48/03 E,電子放出素子，電界放出素子［冷陰極］（Ｈ１３．５新設）,
2025.01,廃止,H01L 29/66 L,H10D 48/03 L,・光を用いるもの（Ｈ１３．５新設）,
2025.01,廃止,H01L 29/66 M,H10D 48/03 M,・磁界を用いるもの（Ｈ１３．５新設）,
2025.01,廃止,H01L 29/66 S,H10D 48/03 S,単一電子トンネリング［クーロン・ブロッケード効果］を利用するもの（Ｈ１３．５新設）,
2025.01,廃止,H01L 29/66 T,H10D 48/03 T,トンネル効果を利用するもの［Ｓを除く］（Ｈ１３．５新設）,
2025.01,廃止,H01L 29/66 U,H10D 48/03 U,・集積化，回路構成に特徴のあるもの（Ｈ１３．５新設）,
2025.01,廃止,H01L 29/66 Z,H10D 48/03 Z,その他のもの（Ｈ１３．５新設）,
2025.01,廃止,H01L 29/68,H10D 48/32,・・整流，増幅またはスイッチされる電流を流さない電極に電流または電位を与えるだけで制御できるもの［２］,
2025.01,廃止,H01L 29/07,H10D 48/34,・・・バイポーラ装置,
2025.01,廃止,H01L 29/72,H10D 10/00,・・・・連続的に制御可能なもの,
2025.01,廃止,H01L 29/72 H,H10D 10/08,ヘテロ接合型バイポーラトランジスタ（Ｈ１３．５新設）,
2025.01,廃止,H01L 29/72 P,H10D 10/04 P,プレーナー型バイポーラトランジスタ［縦型］（Ｈ１３．５新設）,
2025.01,廃止,H01L 29/72 S,H10D 10/04 S,セルフアライン型バイポーラトランジスタ［ＳＳＴ，ＳＥＢＴ等］（Ｈ１３．５新設）,
2025.01,廃止,H01L 29/72 Z,H10D 10/00,その他のもの（Ｈ１３．５新設）,
2025.01,廃止,H01L 29/74,H10D 18/00,・・・・連続的に制御可能でないもの，例．サイリスタ,
2025.01,廃止,H01L 29/74 301,H10D 18/01 B,・・・・・サイリスタの製造のための多段階工程,
2025.01,廃止,H01L 29/74 601,H10D 18/04,・・・・・ＦＥＴ〔Ｆｉｅｌｄ　Ｅｆｆｅｃｔ　Ｔｒａｎｓｉｓｔｏｒ〕を用いたもの〔例．ＭＣＴ：ＭＯＳ　Ｃｏｎｔｒｏｌｌｅｄ　Ｔｈｙｒｉｓｔｏｒ〕（Ｈ１１　新設）,
2025.01,廃止,H01L 29/74 601 A,H10D 18/04 A,ＭＯＳＦＥＴを用いたもの〔例．ＭＣＴ：ＭＯＳ　Ｃｏｎｔｒｏｌｌｅｄ　Ｔｈｙｒｉｓｔｏｒ〕（Ｈ１１　新設）,
2025.01,廃止,H01L 29/74 601 B,H10D 18/04 B,導電度変調〔ＩＧＢＴモード〕を用いたもの〔例．ＥＳＴ：Ｅｍｉｔｔｅｒ　Ｓｗｉｔｃｈｅｄ　Ｔｈｙｒｉｓｔｏｒ〕（Ｈ１１　新設）,
2025.01,廃止,H01L 29/74 601 C,H10D 18/04 C,導電型の異なる複数ＦＥＴを用いたもの〔例．ＢＲＴ：Ｂａｓｅ　Ｒｅｓｉｓｔａｎｃｅ　Ｔｈｙｒｉｓｔｏｒ〕（Ｈ１１　新設）,
2025.01,廃止,H01L 29/74 601 Z,H10D 18/04 Z,その他のもの（Ｈ１１　新設）,
2025.01,廃止,H01L 29/74 A,H10D 18/00 A,エミッタ短絡構造,
2025.01,廃止,H01L 29/74 B,H10D 18/00 B,表面構造〔パッシベーション，ガードリング，溝等〕,
2025.01,廃止,H01L 29/74 C,H10D 18/06,ＧＴＯ・Ｔｏｆｆ短縮,
2025.01,廃止,H01L 29/74 D,H10D 18/00 D,Ｔｏｎ特性・ゲート構造,
2025.01,廃止,H01L 29/74 E,H10D 18/00 E,感光・発光サイリスタ,
2025.01,廃止,H01L 29/74 F,H10D 18/00 F,ＰＮＰＮ一般,
2025.01,廃止,H01L 29/74 G,H10D 18/00 G,プレーナ・ＩＣ化,
2025.01,廃止,H01L 29/74 H,H10D 18/00 H,逆導通サイリスタ,
2025.01,廃止,H01L 29/74 J,H10D 18/00 J,サイリスタ電極構造,
2025.01,廃止,H01L 29/74 L,H10D 18/00 L,支持体,
2025.01,廃止,H01L 29/74 M,H10D 18/00 M,静電誘導サイリスタ,
2025.01,廃止,H01L 29/74 P,H10D 18/00 P,外部素子,
2025.01,廃止,H01L 29/74 Q,H10D 18/01 A,サイリスタの製造方法〔多段階工程を除く〕,
2025.01,廃止,H01L 29/74 R,H10D 18/00 R,感熱サイリスタ,
2025.01,廃止,H01L 29/74 S,H10D 18/00 S,感圧サイリスタ,
2025.01,廃止,H01L 29/74 T,H10D 18/00 T,感磁サイリスタ,
2025.01,廃止,H01L 29/74 U,H10D 18/00 U,サイリスタ一般,
2025.01,廃止,H01L 29/74 V,H10D 18/00 V,・傾斜面〔ベベル〕を有するもの（Ｈ１１　新設）,
2025.01,廃止,H01L 29/74 W,H10D 18/00 W,・平面パターン〔多島状エミッタ，くしの歯状電極等〕（Ｈ１１　新設）,
2025.01,廃止,H01L 29/74 X,H10D 18/00 X,・トレンチゲート，切込ゲート（Ｈ１１　新設）,
2025.01,廃止,H01L 29/74 Y,H10D 18/00 Y,・両面ゲート（Ｈ１１　新設）,
2025.01,廃止,H01L 29/74 Z,H10D 18/00 Z,その他のもの,
2025.01,廃止,H01L 29/743,H10D 18/00 C,・・・・・逆阻止サイリスタ,
2025.01,廃止,H01L 29/747,H10D 18/08,・・・・・双方向サイリスタ,
2025.01,廃止,H01L 29/747 301,H10D 18/01 C,・・・・・・双方向サイリスタの製造のための多段階工程,
2025.01,廃止,H01L 29/76,H10D 48/36,・・・ユニポーラ装置,
2025.01,廃止,H01L 29/76 301,H10D 44/00,・・・・電荷転送装置,
2025.01,廃止,H01L 29/76 301 A,H10D 44/00 A,・転送部,
2025.01,廃止,H01L 29/76 301 B,H10D 44/00 B,・・駆動回路,
2025.01,廃止,H01L 29/76 301 C,H10D 44/00 C,・入力部，出力部，再成部〔駆動を含む〕,
2025.01,廃止,H01L 29/76 301 D,H10D 44/00 D,構造,
2025.01,廃止,H01L 29/76 301 E,H10D 44/00 E,応用素子〔Ｆ～Ｊに含まれないもの〕,
2025.01,廃止,H01L 29/76 301 F,H10D 44/00 F,・シフトレジスタ，遅延線,
2025.01,廃止,H01L 29/76 301 G,H10D 44/00 G,・記憶装置,
2025.01,廃止,H01L 29/76 301 H,H10D 44/00 H,・フィルタ,
2025.01,廃止,H01L 29/76 301 J,H10D 44/00 J,・撮像素子,
2025.01,廃止,H01L 29/76 301 K,H10D 44/00 K,超音波駆動によるもの,
2025.01,廃止,H01L 29/76 301 L,H10D 44/00 L,バケット・ブリゲート素子,
2025.01,廃止,H01L 29/76 301 Z,H10D 44/00 Z,その他のもの,
2025.01,廃止,H01L 29/78,H10D 30/06,・・・・絶縁ゲートによって生じる電界効果を有するもの,
2025.01,廃止,H01L 29/78 301,H10D 30/06,・・・・・絶縁ゲート型電界効果トランジスタ，例．ＭＯＳＦＥＴ,
2025.01,廃止,H01L 29/78 301 B,H10D 30/06 B,化合物半導体を用いるもの,
2025.01,廃止,H01L 29/78 301 C,H10D 30/06 C,ＭＯＳＩＣに用いられるもの,
2025.01,廃止,H01L 29/78 301 D,H10D 30/65,ＤＳＡ・ＭＯＳ,
2025.01,廃止,H01L 29/78 301 E,H10D 30/06 E,回路構成のみに特徴があるもの,
2025.01,廃止,H01L 29/78 301 F,H10D 30/01 101 F,単一のプロセスのみに特徴があるもの,
2025.01,廃止,H01L 29/78 301 G,H10D 30/06 G,ゲート電極構造のみに特徴があるもの,
2025.01,廃止,H01L 29/78 301 H,H10D 30/06 H,チャネル構造のみに特徴があるもの,
2025.01,廃止,H01L 29/78 301 J,H10D 30/06 J,とくに動作に特徴があるもの,
2025.01,廃止,H01L 29/78 301 K,H10D 30/06 K,保護装置,
2025.01,廃止,H01L 29/78 301 L,H10D 30/06 L,ＬＤＤ,
2025.01,廃止,H01L 29/78 301 M,H10D 30/06 M,メモリーに用いられるもの，例．１Ｔｒ．ｄＲＡＭセル,
2025.01,廃止,H01L 29/78 301 N,H10D 30/06 N,パッシベーション構造のみに特徴があるもの,
2025.01,廃止,H01L 29/78 301 P,H10D 30/01 101 P,ＭＯＳプロセス〔ソース・ドレイン領域形成、セルファラインおよび電極形成のうちのいずれか一つのみに特徴があるもの〕,
2025.01,廃止,H01L 29/78 301 Q,H10D 30/06 Q,結晶方位の選択のみに特徴があるもの,
2025.01,廃止,H01L 29/78 301 R,H10D 30/06 R,分離領域のみに特徴があるもの,
2025.01,廃止,H01L 29/78 301 S,H10D 30/06 S,ソース・ドレイン領域のみに特徴があるもの,
2025.01,廃止,H01L 29/78 301 T,H10D 30/01 101 T,試験・測定,
2025.01,廃止,H01L 29/78 301 U,H10D 30/06 U,ＩＳ・ＦＥＴ,
2025.01,廃止,H01L 29/78 301 V,H10D 30/06 V,溝ほりゲートを持つもの,
2025.01,廃止,H01L 29/78 301 W,H10D 30/06 W,パワー，ＭＯＳ〔並列化〕,
2025.01,廃止,H01L 29/78 301 X,H10D 30/06 X,その他の，ＭＯＳ構造,
2025.01,廃止,H01L 29/78 301 Y,H10D 30/01 101 Z,その他の，ＭＯＳプロセス,
2025.01,廃止,H01L 29/78 301 Z,H10D 30/06 Z,その他〔構造およびプロセスの双方に特徴があるもの〕,
2025.01,廃止,H01L 29/78 371,H10D 30/68,・・・・・・半導体不揮発性記憶装置,
2025.01,廃止,H01L 29/78 611,H10D 30/67,・・・・・・薄膜トランジスタ,
2025.01,廃止,H01L 29/78 612,H10D 86/06,・・・・・・・アクティブ・マトリックスに用いられるもの〔ＴＦＴ単体に特徴があるものを除く〕,
2025.01,廃止,H01L 29/78 612 A,H10D 86/06 A,素子または配線の欠陥の防止・修正,
2025.01,廃止,H01L 29/78 612 B,H10D 86/06 B,周辺回路と一体に形成されたもの,
2025.01,廃止,H01L 29/78 612 C,H10D 86/06 C,配線に特徴があるもの,
2025.01,廃止,H01L 29/78 612 D,H10D 86/01 101,パターニングに特徴があるもの,
2025.01,廃止,H01L 29/78 612 Z,H10D 86/06 Z,その他のもの,
2025.01,廃止,H01L 29/78 613,H10D 86/04 101,・・・・・・・ＭＯＳＩＣに用いられるもの,
2025.01,廃止,H01L 29/78 613 A,H10D 86/04 101 A,ＣＭＯＳ,
2025.01,廃止,H01L 29/78 613 B,H10D 86/04 101 B,メモリ,
2025.01,廃止,H01L 29/78 613 Z,H10D 86/04 101 Z,その他のもの,
2025.01,廃止,H01L 29/78 614,H10D 86/04 102,・・・・・・・回路構成に特徴があるもの，例．アクティブ・マトリックス回路自体,
2025.01,廃止,H01L 29/78 615,H10D 86/03,・・・・・・・ＳＯＳ,
2025.01,廃止,H01L 29/78 616,H10D 30/67 101,・・・・・・・ソース・ドレインに特徴があるもの,
2025.01,廃止,H01L 29/78 616 A,H10D 30/67 101 A,ＬＤＤ〔構造・製法に特徴があるもの〕,
2025.01,廃止,H01L 29/78 616 J,H10D 30/01 202 J,ソース・ドレインの形成方法に特徴があるもの,
2025.01,廃止,H01L 29/78 616 K,H10D 30/01 202 K,・ソース・ドレイン電極の形成方法に特徴があるもの,
2025.01,廃止,H01L 29/78 616 L,H10D 30/01 202 L,・ソース・ドレイン領域の形成方法に特徴があるもの,
2025.01,廃止,H01L 29/78 616 M,H10D 30/01 202 M,・・セルフアライン,
2025.01,廃止,H01L 29/78 616 N,H10D 30/01 202 N,・・・裏面からの露光によるもの,
2025.01,廃止,H01L 29/78 616 S,H10D 30/67 101 S,ソース・ドレイン領域、電極の構造に特徴があるもの,
2025.01,廃止,H01L 29/78 616 T,H10D 30/67 101 T,・形状に特徴があるもの,
2025.01,廃止,H01L 29/78 616 U,H10D 30/67 101 U,・複数層,
2025.01,廃止,H01L 29/78 616 V,H10D 30/67 101 V,・材料・不純物濃度等に特徴があるもの,
2025.01,廃止,H01L 29/78 616 Z,H10D 30/67 101 Z,その他のもの,
2025.01,廃止,H01L 29/78 617,H10D 30/67 102,・・・・・・・ゲートに特徴があるもの,
2025.01,廃止,H01L 29/78 617 A,H10D 30/67 102 A,オフセットゲート〔構造・製法に特徴があるもの〕,
2025.01,廃止,H01L 29/78 617 J,H10D 30/67 102 J,ゲート電極に特徴があるもの,
2025.01,廃止,H01L 29/78 617 K,H10D 30/67 102 K,・形状に特徴があるもの,
2025.01,廃止,H01L 29/78 617 L,H10D 30/67 102 L,・複数層,
2025.01,廃止,H01L 29/78 617 M,H10D 30/67 102 M,・材料・不純物濃度等に特徴があるもの,
2025.01,廃止,H01L 29/78 617 N,H10D 30/67 102 N,・ゲート電極を複数有するもの,
2025.01,廃止,H01L 29/78 617 S,H10D 30/67 102 S,ゲート絶縁膜に特徴があるもの,
2025.01,廃止,H01L 29/78 617 T,H10D 30/67 102 T,・材料に特徴があるもの,
2025.01,廃止,H01L 29/78 617 U,H10D 30/67 102 U,・複数層,
2025.01,廃止,H01L 29/78 617 V,H10D 30/01 203 V,・形成方法に特徴があるもの,
2025.01,廃止,H01L 29/78 617 W,H10D 30/01 203 W,・・陽極酸化法を用いるもの,
2025.01,廃止,H01L 29/78 617 Z,H10D 30/67 102 Z,その他のもの,
2025.01,廃止,H01L 29/78 618,H10D 30/67 103,・・・・・・・チャネル半導体層に特徴があるもの,
2025.01,廃止,H01L 29/78 618 A,H10D 30/01 204,堆積方法に特徴があるもの,
2025.01,廃止,H01L 29/78 618 B,H10D 30/67 103 B,材料に特徴があるもの,
2025.01,廃止,H01L 29/78 618 C,H10D 30/67 103 C,形状に特徴があるもの,
2025.01,廃止,H01L 29/78 618 D,H10D 30/67 103 D,・薄膜化,
2025.01,廃止,H01L 29/78 618 E,H10D 30/67 103 E,複数層,
2025.01,廃止,H01L 29/78 618 F,H10D 30/67 103 F,不純物・不純物濃度等に特徴があるもの,
2025.01,廃止,H01L 29/78 618 G,H10D 30/67 103 G,・キャリアにならない不純物を含むもの,
2025.01,廃止,H01L 29/78 618 Z,H10D 30/67 103 Z,その他のもの,
2025.01,廃止,H01L 29/78 619,H10D 30/67 104,・・・・・・・パッシベーションに特徴があるもの,
2025.01,廃止,H01L 29/78 619 A,H10D 30/67 104,絶縁膜（構造・製法・材料等）に特徴があるもの,
2025.01,廃止,H01L 29/78 619 B,H10D 30/67 104,遮光膜（構造・製法・材料等）に特徴があるもの,
2025.01,廃止,H01L 29/78 619 Z,H10D 30/67 104,その他のもの,
2025.01,廃止,H01L 29/78 620,H10D 30/67 201,・・・・・・・結晶方位の選択に特徴があるもの,
2025.01,廃止,H01L 29/78 621,H10D 30/67 202,・・・・・・・分離領域に特徴があるもの,
2025.01,廃止,H01L 29/78 622,H10D 30/67 203,・・・・・・・特に動作に特徴があるもの,
2025.01,廃止,H01L 29/78 623,H10D 30/67 204,・・・・・・・保護（装置・回路）,
2025.01,廃止,H01L 29/78 623 A,H10D 30/67 204 A,静電破壊防止，例．イオン注入時・ラビリング時,
2025.01,廃止,H01L 29/78 623 Z,H10D 30/67 204 Z,その他のもの,
2025.01,廃止,H01L 29/78 624,H10D 30/01 205,・・・・・・・試験・測定、シミュレーション,
2025.01,廃止,H01L 29/78 625,H10D 30/67 205,・・・・・・・ＩＳＦＥＴ,
2025.01,廃止,H01L 29/78 626,H10D 30/67 206,・・・・・・・その他の構造,
2025.01,廃止,H01L 29/78 626 A,H10D 30/67 206 A,縦型構造,
2025.01,廃止,H01L 29/78 626 B,H10D 30/67 206 B,キンク防止,
2025.01,廃止,H01L 29/78 626 C,H10D 30/67 206 C,基板（表面層を含む）に特徴があるもの,
2025.01,廃止,H01L 29/78 626 Z,H10D 30/67 206 Z,その他のもの,
2025.01,廃止,H01L 29/78 627,H10D 30/01 206,・・・・・・・その他のプロセス,
2025.01,廃止,H01L 29/78 627 A,H10D 30/01 206 A,平坦化,
2025.01,廃止,H01L 29/78 627 B,H10D 30/01 206 B,連続形成,
2025.01,廃止,H01L 29/78 627 C,H10D 30/01 206 C,パターニングに特徴があるもの,
2025.01,廃止,H01L 29/78 627 D,H10D 30/01 206 D,貼り合わせ,
2025.01,廃止,H01L 29/78 627 E,H10D 30/01 206 E,ダングリングボンドの終端化を行うもの，例．水素化,
2025.01,廃止,H01L 29/78 627 F,H10D 30/01 206 F,アニール,
2025.01,廃止,H01L 29/78 627 G,H10D 30/01 206 G,・再結晶化・単結晶化,
2025.01,廃止,H01L 29/78 627 Z,H10D 30/01 206 Z,その他のもの,
2025.01,廃止,H01L 29/78 651,H10D 30/66,・・・・・・縦型トランジスタ,
2025.01,廃止,H01L 29/78 652,H10D 30/66 101,・・・・・・・おもに構造に特徴があるもの,
2025.01,廃止,H01L 29/78 652 A,H10D 30/66 101 A,トランジスタセルに特徴があるもの,
2025.01,廃止,H01L 29/78 652 B,H10D 30/66 101 B,・ソース領域,
2025.01,廃止,H01L 29/78 652 C,H10D 30/66 101 C,・ベース領域［ボディ領域］,
2025.01,廃止,H01L 29/78 652 D,H10D 30/66 101 D,・・高濃度［低抵抗］部,
2025.01,廃止,H01L 29/78 652 E,H10D 30/66 101 E,・・チャンネル部,
2025.01,廃止,H01L 29/78 652 F,H10D 30/66 101 F,・セルを構成する不純物領域等の平面形状・配置パターンに特徴があるもの,
2025.01,廃止,H01L 29/78 652 G,H10D 30/66 101 H,ドレイン領域に特徴があるもの,
2025.01,廃止,H01L 29/78 652 H,H10D 30/66 101 H,・高抵抗ドリフト層［例．超接合型］,
2025.01,廃止,H01L 29/78 652 J,H10D 30/66 101 H,・・表面に不純物領域・不純物層を形成したもの,
2025.01,廃止,H01L 29/78 652 K,H10D 30/66 102 G,ＭＯＳゲート［電極・絶縁膜・シールド構造を含む］に特徴があるもの,
2025.01,廃止,H01L 29/78 652 L,H10D 30/66 102,電極に特徴があるもの,
2025.01,廃止,H01L 29/78 652 M,H10D 30/66 102 S,・ソース電極,
2025.01,廃止,H01L 29/78 652 N,H10D 30/66 103,チップの周辺部あるいはチップ全体に特徴があるもの,
2025.01,廃止,H01L 29/78 652 P,H10D 30/66 103 B,・ガードリング・フィールドプレート,
2025.01,廃止,H01L 29/78 652 Q,H10D 30/66 103 Q,・フィンガー・ボンディングパッド・実装関連,
2025.01,廃止,H01L 29/78 652 R,H10D 30/66 103 R,・分離領域,
2025.01,廃止,H01L 29/78 652 S,H10D 30/66 103 S,・複数のトランジスタセルの平面形状・配置パターンに特徴があるもの,
2025.01,廃止,H01L 29/78 652 T,H10D 30/66 101 T,基板等の構成材料等に特徴があるもの［例．化合物半導体を用いたもの，面方位に特徴があるもの］,
2025.01,廃止,H01L 29/78 652 Z,H10D 30/66 101 Z,その他,
2025.01,廃止,H01L 29/78 653,H10D 30/66 201,・・・・・・・・ゲートがプレーナ型でないもの,
2025.01,廃止,H01L 29/78 653 A,H10D 30/66 201 A,ゲートを溝の内部に形成したもの［例．Ｖ溝（ＶＭＯＳ）形，トレンチゲート（ＵＭＯＳ）形］,
2025.01,廃止,H01L 29/78 653 B,H10D 30/66 201 B,・チャンネル層・ソース［ドレイン］層を溝の内部に形成したもの（２９／７８，３０１Ｖも参照）,
2025.01,廃止,H01L 29/78 653 C,H10D 30/66 201 C,ゲートを埋め込み形成したもの,
2025.01,廃止,H01L 29/78 653 D,H10D 30/66 201 D,ＳＯＩ・ＳＩＭＯＸ技術を利用したもの,
2025.01,廃止,H01L 29/78 653 Z,H10D 30/66 201 Z,その他,
2025.01,廃止,H01L 29/78 654,H10D 30/66 202,・・・・・・・・動作に特徴があるもの,
2025.01,廃止,H01L 29/78 654 A,H10D 30/66 202 A,ベース領域にバイアスを印加するもの,
2025.01,廃止,H01L 29/78 654 B,H10D 30/66 202 B,少数キャリア注入領域をもつもの,
2025.01,廃止,H01L 29/78 654 C,H10D 30/66 202 C,ＭＯＳ型ＳＩＴ,
2025.01,廃止,H01L 29/78 654 Z,H10D 30/66 202 Z,その他,
2025.01,廃止,H01L 29/78 655,H10D 12/00 101,・・・・・・・・・絶縁ゲートバイポーラトランジスタ（ＩＧＢＴ）,
2025.01,廃止,H01L 29/78 655 A,H10D 12/00 101 A,トランジスタセル等に特徴があるもの,
2025.01,廃止,H01L 29/78 655 B,H10D 12/00 101 P,バッファ層に特徴があるもの,
2025.01,廃止,H01L 29/78 655 C,H10D 12/00 101 G,アノード領域に特徴があるもの,
2025.01,廃止,H01L 29/78 655 D,H10D 12/00 101 R,・アノード短絡型,
2025.01,廃止,H01L 29/78 655 E,H10D 12/00 101 S,キャリアの引き抜きのための領域を追加したもの,
2025.01,廃止,H01L 29/78 655 F,H10D 12/00 103,チップの周辺部あるいはチップ全体に特徴があるもの,
2025.01,廃止,H01L 29/78 655 G,H10D 12/00 103 S,・複数のトランジスタセルの平面形状・配置パターンに特徴があるもの,
2025.01,廃止,H01L 29/78 655 Z,H10D 12/00 101 Z,その他,
2025.01,廃止,H01L 29/78 656,H10D 84/08 202,・・・・・・・他のトランジスタまたは他種のパワー素子と組み合わせたもの,
2025.01,廃止,H01L 29/78 656 A,H10D 84/08 202 A,縦型トランジスタとの組み合わせ［例．Ｈブリッジ］,
2025.01,廃止,H01L 29/78 656 B,H10D 84/08 202 B,横型トランジスタとの組み合わせ,
2025.01,廃止,H01L 29/78 656 C,H10D 84/08 202 C,・ＭＯＳ集積回路との組み合わせ［例．パワーＩＣ］（ＭＯＳＩＣ２７／０８）,
2025.01,廃止,H01L 29/78 656 D,H10D 84/08 202 D,・・おもに構造に特徴があるもの,
2025.01,廃止,H01L 29/78 656 E,H10D 84/08 202 E,・・・パワー部と制御部の分離領域,
2025.01,廃止,H01L 29/78 656 F,H10D 84/08 202 F,・・・パワー部と制御部の配置パターン,
2025.01,廃止,H01L 29/78 656 G,H10D 84/08 202 G,・・おもに製造方法に特徴があるもの,
2025.01,廃止,H01L 29/78 656 Z,H10D 84/08 202 Z,その他,
2025.01,廃止,H01L 29/78 657,H10D 84/08 203,・・・・・・・保護素子または回路を組み込んだもの,
2025.01,廃止,H01L 29/78 657 A,H10D 84/08 203 A,ダイオード,
2025.01,廃止,H01L 29/78 657 B,H10D 84/08 203 B,・ゲート保護ダイオード,
2025.01,廃止,H01L 29/78 657 C,H10D 84/08 203 C,・・ＳＯＩ構造のもの,
2025.01,廃止,H01L 29/78 657 D,H10D 84/08 203 D,・還流ダイオード［トランジスタセルから独立した領域をもつもの］,
2025.01,廃止,H01L 29/78 657 E,H10D 84/08 203 E,トランジスタ,
2025.01,廃止,H01L 29/78 657 F,H10D 84/08 203 F,・動作状態検出のためのトランジスタセル,
2025.01,廃止,H01L 29/78 657 G,H10D 84/08 203 G,回路構成に特徴があるもの,
2025.01,廃止,H01L 29/78 657 Z,H10D 84/08 203 Z,その他,
2025.01,廃止,H01L 29/78 658,H10D 30/01 301,・・・・・・・製造方法に特徴があるもの,
2025.01,廃止,H01L 29/78 658 A,H10D 30/01 301 A,不純物領域の形成工程,
2025.01,廃止,H01L 29/78 658 B,H10D 30/01 301 B,・セルフアライン拡散,
2025.01,廃止,H01L 29/78 658 C,H10D 30/01 301 C,・・ベースウエル中央部の位置の制御,
2025.01,廃止,H01L 29/78 658 D,H10D 30/01 301 D,・・ゲート電極端部の位置の制御［例．側壁酸化］,
2025.01,廃止,H01L 29/78 658 E,H10D 30/01 301 E,不純物層の成長工程,
2025.01,廃止,H01L 29/78 658 F,H10D 30/01 301 F,絶縁層・導電層の形成工程,
2025.01,廃止,H01L 29/78 658 G,H10D 30/01 301 G,エッチング,
2025.01,廃止,H01L 29/78 658 H,H10D 30/01 301 H,ライフタイム制御,
2025.01,廃止,H01L 29/78 658 J,H10D 30/01 301 J,パッシベーション,
2025.01,廃止,H01L 29/78 658 K,H10D 30/01 301 K,ウエハの貼り合わせ,
2025.01,廃止,H01L 29/78 658 L,H10D 30/01 301 L,検査・測定・シミュレーション技術,
2025.01,廃止,H01L 29/78 658 Z,H10D 30/01 301 Z,その他,
2025.01,廃止,H01L 29/08,H10D 30/08,・・・・ＰＮ接合ゲートまたは他の整流接合ゲートによって生じる電界効果を有するもの,
2025.01,廃止,H01L 29/08 A,H10D 30/08 A,素子の種類,
2025.01,廃止,H01L 29/08 B,H10D 30/87 B,・ＭＥＳ型ＦＥＴ,
2025.01,廃止,H01L 29/08 C,H10D 30/83,・ＰＮ接合ゲート型ＦＥＴ,
2025.01,廃止,H01L 29/08 E,H10D 30/87 E,・・集積化,
2025.01,廃止,H01L 29/08 F,H10D 30/87 F,・・電極形成に特徴を有するもの,
2025.01,廃止,H01L 29/08 G,H10D 30/87 G,・・実装,
2025.01,廃止,H01L 29/08 H,H10D 30/47 201,・・変調ドープしたヘテロ接合を利用するもの〔ＨＥＭＴ〕,
2025.01,廃止,H01L 29/08 K,H10D 30/87 K,・・・斜め蒸着の利用,
2025.01,廃止,H01L 29/08 L,H10D 30/87 L,・・・電極平面構造,
2025.01,廃止,H01L 29/08 M,H10D 30/87 M,・・・ゲート電極材料,
2025.01,廃止,H01L 29/08 P,H10D 30/08 P,保護機能を有するもの,
2025.01,廃止,H01L 29/08 Q,H10D 30/87 Q,・・表面高抵抗層を有するもの,
2025.01,廃止,H01L 29/08 R,H10D 30/87 R,・・整合回路・帰還回路等を一体化したもの,
2025.01,廃止,H01L 29/08 S,H10D 30/08 S,・横型ＳＩＴ,
2025.01,廃止,H01L 29/08 U,H10D 30/87 U,・・・裏面電極取出し,
2025.01,廃止,H01L 29/08 V,H10D 30/08 V,・縦型ＦＥＴ,
2025.01,廃止,H01L 29/08 W,H10D 30/08 W,Ｄｕａｌ　Ｇａｔｅ構造を有するもの,
2025.01,廃止,H01L 29/08 Z,H10D 30/08 Z,その他のもの,
2025.01,廃止,H01L 29/82,H10D 48/04,・・装置に印加される磁界の変化のみによって制御可能なもの,
2025.01,廃止,H01L 29/82 D,H10D 48/04 D,ＳＭＤ,
2025.01,廃止,H01L 29/82 T,H10D 48/04 T,ＳＭＴ,
2025.01,廃止,H01L 29/82 Z,H10D 48/04 Z,その他のもの,
2025.01,廃止,H01L 29/84,H10D 48/05,・・外からの機械的力，例．圧力，の変化のみによって制御可能なもの,
2025.01,廃止,H01L 29/84 A,H10D 48/05 A,機械的力―電気変換,
2025.01,廃止,H01L 29/84 B,H10D 48/05 B,・シリコンダイアフラム,
2025.01,廃止,H01L 29/84 C,H10D 48/05 C,・感圧ＦＥＴ,
2025.01,廃止,H01L 29/84 D,H10D 48/05 D,・感圧ダイオード,
2025.01,廃止,H01L 29/84 E,H10D 48/05 E,・くびれ型　感圧サイリスタ,
2025.01,廃止,H01L 29/84 F,H10D 48/05 F,・感圧トランジスタ,
2025.01,廃止,H01L 29/84 G,H10D 48/05 G,・加圧機構,
2025.01,廃止,H01L 29/84 H,H10D 48/05 H,・ＳｎＯ↓２：深い準位を有するもの,
2025.01,廃止,H01L 29/84 J,H10D 48/05 J,・超音波変換,
2025.01,廃止,H01L 29/84 Z,H10D 48/05 Z,その他のもの,
2025.01,廃止,H01L 29/86,H10D 48/38,・・非制御型；整流，増幅，発振またはスイッチされる電流を流す１つ以上の電極に電流または電圧の変化のみを与えることにより制御可能なもの,
2025.01,廃止,H01L 29/86 301,H10D 8/06,・・・ショットキーダイオード,
2025.01,廃止,H01L 29/86 301 D,H10D 8/06 D,半導体本体がシリコン以外のもの,
2025.01,廃止,H01L 29/86 301 E,H10D 8/06 E,周辺効果の緩和,
2025.01,廃止,H01L 29/86 301 F,H10D 8/06 F,素子構造,
2025.01,廃止,H01L 29/86 301 M,H10D 8/06 M,ショットキー用電極の材料が限定されているもの,
2025.01,廃止,H01L 29/86 301 P,H10D 8/01 S,素子の製造方法,
2025.01,廃止,H01L 29/86 301 Z,H10D 8/06 Z,その他のもの,
2025.01,廃止,H01L 29/86 A,H10D 48/38 A,非単結晶を用いているもの,
2025.01,廃止,H01L 29/86 F,H10D 48/38 F,絶縁層を用いているもの,
2025.01,廃止,H01L 29/86 S,H10D 48/38 S,超格子構造を用いているもの,
2025.01,廃止,H01L 29/86 Z,H10D 48/38 Z,その他のもの,
2025.01,廃止,H01L 29/88,H10D 8/07,・・・トンネル効果ダイオード［２］,
2025.01,廃止,H01L 29/88 F,H10D 8/07 F,絶縁層を用いているもの,
2025.01,廃止,H01L 29/88 S,H10D 8/07 S,超格子構造を用いているもの,
2025.01,廃止,H01L 29/88 Z,H10D 8/07 Z,その他のもの,
2025.01,廃止,H01L 29/09,H10D 8/02,・・・ブレークダウンダイオード，例．ツェナーダイオード，アバランシェダイオード,
2025.01,廃止,H01L 29/09 C,H10D 8/25 C,・温度補償をしたもの,
2025.01,廃止,H01L 29/09 D,H10D 8/25,ツェナーダイオード,
2025.01,廃止,H01L 29/09 P,H10D 8/02 P,パンチスルー型定電圧ダイオード,
2025.01,廃止,H01L 29/09 S,H10D 8/25 S,・双方向性のもの,
2025.01,廃止,H01L 29/09 T,H10D 8/04,走行時間効果素子,
2025.01,廃止,H01L 29/09 Z,H10D 8/02 Z,その他のもの,
2025.01,廃止,H01L 29/91,H10D 8/05,・・・整流ダイオード,
2025.01,廃止,H01L 29/91 A,H10D 8/01 A,製造工程に特徴のあるもの,
2025.01,廃止,H01L 29/91 B,H10D 8/01 B,・高耐圧化のためのもの,
2025.01,廃止,H01L 29/91 C,H10D 8/05 C,構造に特徴のあるもの,
2025.01,廃止,H01L 29/91 D,H10D 8/05 D,・高耐圧化のためのもの,
2025.01,廃止,H01L 29/91 E,H10D 8/05 E,半導体本体が非単結晶シリコンからなるもの,
2025.01,廃止,H01L 29/91 F,H10D 8/05 F,半導体本体がシリコン以外のもの,
2025.01,廃止,H01L 29/91 G,H10D 8/05 G,・半導体本体が有機物からなるもの,
2025.01,廃止,H01L 29/91 H,H10D 8/05 H,ヘテロ接合を用いたもの,
2025.01,廃止,H01L 29/91 J,H10D 8/05 J,ライフタイムキラーに関するもの,
2025.01,廃止,H01L 29/91 K,H10D 8/05 K,複数ダイオードの組合せに関するもの,
2025.01,廃止,H01L 29/91 L,H10D 8/05 L,集積化に関するもの,
2025.01,廃止,H01L 29/91 Z,H10D 8/05 Z,その他のもの,
2025.01,廃止,H01L 29/92,H10D 1/62,・・・電位障壁を有するコンデンサ［２００６．０１］,
2025.01,廃止,H01L 29/92 C,H10D 1/62 C,複合形コンデンサー,
2025.01,廃止,H01L 29/92 Z,H10D 1/62 Z,その他のもの,
2025.01,廃止,H01L 29/93,H10D 1/64,・・・・可変容量ダイオード，例．バラクタ,
2025.01,廃止,H01L 29/93 C,H10D 1/64 C,容量制御に他の電気的手段を付加したもの,
2025.01,廃止,H01L 29/93 H,H10D 1/64 H,超階段接合を利用したもの,
2025.01,廃止,H01L 29/93 S,H10D 1/64 S,ショットキーバリアを利用したもの,
2025.01,廃止,H01L 29/93 Z,H10D 1/64 Z,その他のもの,
2025.01,廃止,H01L 29/94,H10D 1/66,・・・・金属―絶縁体―半導体，例．ＭＯＳ［２］,
2025.01,廃止,H01L 29/94 C,H10D 1/66 C,容量制御に他の電気的手段を付加したもの,
2025.01,廃止,H01L 29/94 Z,H10D 1/66 Z,その他のもの,
2025.01,廃止,H01L 29/95,H10D 1/62 Z,・・・・セラミック障壁層コンデンサー（セラミックコンデンサー一般Ｈ０１Ｇ）,
2025.01,廃止,H01L 29/96,H10D 48/00,・・２９／６８，２９／８２，２９／８４，２９／８６のグループのうち少なくとも２つのグループに分類される方法によって制御可能なもの［２］,
2025.01,廃止,H01L 31/00,H10F 99/00,赤外線，可視光，短波長の電磁波，または粒子線輻射に感応する半導体装置で，これらの輻射線エネルギーを電気的エネルギーに変換するかこれらの輻射線によって電気的エネルギーを制御かのどちらかに特に適用されるもの；それらの装置またはその部品の製造または処理に特に適用される方法または装置；それらの細部（Ｈ１０Ｋ３０／００が優先；１つ以上の電気光源を有する輻射線感応構成部品の組合せ以外で，１つの共通基板内または上に形成された複数の固体構成部品から成る装置Ｈ０１Ｌ２７／００）,
2025.01,廃止,H01L 31/00 A,H10F 30/00,放射線・粒子線検出半導体装置,
2025.01,廃止,H01L 31/00 B,H10F 99/00,他の光電変換装置,
2025.01,廃止,H01L 31/00 Z,H10F 99/00,その他,
2025.01,廃止,H01L 31/02,H10F 77/00,・細部,
2025.01,廃止,H01L 31/02 A,H10F 77/00,光電変換装置，共通事項,
2025.01,廃止,H01L 31/02 B,H10F 77/00,光電変換装置，容器，封止，取付,
2025.01,廃止,H01L 31/02 C,H10F 77/00,光電変換装置，光ファイバーとの結合,
2025.01,廃止,H01L 31/02 D,H10F 77/00,光電変換装置，光学素子との結合,
2025.01,廃止,H01L 31/02 E,H10F 77/00,冷却型光電変換装置,
2025.01,廃止,H01L 31/02 Z,H10F 77/00,その他,
2025.01,廃止,H01L 31/04,H10F 10/00,・変換装置として使用されるもの,
2025.01,廃止,H01L 31/04 200,H10F 10/00,・・細部に特徴のあるもの,
2025.01,廃止,H01L 31/04 220,H10F 10/00,・・・粒子線輻射により引き起こされる損傷を防止するための対策，例．宇宙応用のため,
2025.01,廃止,H01L 31/04 240,H10F 10/00,・・・被覆，例．反射防止膜，に特徴のあるもの,
2025.01,廃止,H01L 31/04 260,H10F 10/00,・・・電極に特徴のあるもの,
2025.01,廃止,H01L 31/04 262,H10F 10/00,・・・・集電電極の構造,
2025.01,廃止,H01L 31/04 264,H10F 10/00,・・・・導電ペースト,
2025.01,廃止,H01L 31/04 266,H10F 10/00,・・・・透明電極,
2025.01,廃止,H01L 31/04 280,H10F 10/00,・・・テクスチャ構造に特徴のあるもの,
2025.01,廃止,H01L 31/04 282,H10F 10/00,・・・・薄膜太陽電池に適用したもの,
2025.01,廃止,H01L 31/04 284,H10F 10/00,・・・支持基板に特徴のあるもの（支持基板のテクスチャ構造Ｈ０１Ｌ３１／０４，２８０～３１／０４，２８２）,
2025.01,廃止,H01L 31/04 300,H10F 10/00,・・半導体本体に特徴のあるもの,
2025.01,廃止,H01L 31/04 320,H10F 10/00,・・・材料に特徴のあるもの,
2025.01,廃止,H01L 31/04 340,H10F 10/00,・・・半導体領域の形状，相対的大きさまたは配列に特徴のあるもの,
2025.01,廃止,H01L 31/04 342,H10F 10/00,・・・・量子構造を含むもの,
2025.01,廃止,H01L 31/04 342 A,H10F 10/00,量子ドット,
2025.01,廃止,H01L 31/04 342 B,H10F 10/00,ナノロッド,
2025.01,廃止,H01L 31/04 342 Z,H10F 10/00,その他,
2025.01,廃止,H01L 31/04 344,H10F 10/00,・・・・球状,
2025.01,廃止,H01L 31/04 346,H10F 10/00,・・・結晶構造または結晶面の方向に特徴のあるもの,
2025.01,廃止,H01L 31/04 400,H10F 10/00,・・製造方法または製造装置に特徴のあるもの,
2025.01,廃止,H01L 31/04 420,H10F 10/00,・・・薄膜形成技術に特徴のあるもの,
2025.01,廃止,H01L 31/04 422,H10F 10/00,・・・・塗布によるもの,
2025.01,廃止,H01L 31/04 424,H10F 10/00,・・・・連続処理によるもの，例．ロール・ツー・ロール,
2025.01,廃止,H01L 31/04 440,H10F 10/00,・・・ドーピング方法に特徴のあるもの,
2025.01,廃止,H01L 31/04 460,H10F 10/00,・・・基板の機械的加工，例．スライシング，貼り合わせ，剥離,
2025.01,廃止,H01L 31/04 500,H10F 19/00 A,・・ＰＶモジュールまたは１つ１つのＰＶ素子のアレイ（ＰＶモジュールの支持構造Ｈ０２Ｓ２０／００）,
2025.01,廃止,H01L 31/04 510,H10F 19/04,・・・機械的に積み重ねられたＰＶ素子,
2025.01,廃止,H01L 31/04 520,H10F 19/07,・・・バイパスダイオードを含むもの（接続箱の中のバイパスダイオードＨ０２Ｓ４０／３４）,
2025.01,廃止,H01L 31/04 522,H10F 19/75,・・・・装置と一体化または直接結合したバイパスダイオード，例．光起電素子と同じ基板内または上に一体化または形成されたバイパスダイオード，を備えるもの,
2025.01,廃止,H01L 31/04 530,H10F 19/03,・・・薄膜太陽電池，例．１つの薄膜ａ－Ｓｉ，ＣＩＳまたはＣｄＴｅ太陽電池，を含むもの,
2025.01,廃止,H01L 31/04 532,H10F 19/31,・・・・同じ基板上に堆積された複数の薄膜太陽電池により構成されたＰＶモジュール,
2025.01,廃止,H01L 31/04 532 A,H10F 19/33,モジュール内でＰＶ素子を接続するためのパターニング方法に特徴があるもの，例．導電層または活性層のレーザーによる切断,
2025.01,廃止,H01L 31/04 532 B,H10F 19/35,モジュール内の隣接するＰＶ素子の電気的相互接続のための特定の構造，を備えるもの,
2025.01,廃止,H01L 31/04 532 C,H10F 19/37,モジュールを通して光を部分的に透過させるための特定の手段，例．窓用の部分的に透明な薄膜太陽モジュール，を備えるもの,
2025.01,廃止,H01L 31/04 532 Z,H10F 19/31,その他,
2025.01,廃止,H01L 31/04 540,H10F 19/01,・・・半導体基板内に形成された複数の垂直接合または複数のＶグルーブ接合を有するＰＶ素子のアレイ,
2025.01,廃止,H01L 31/04 550,H10F 19/02,・・・１つの半導体基板上に平面に，例．周期的に，形成されたＰＶ素子のアレイ；ＰＶ素子のマイクロアレイ,
2025.01,廃止,H01L 31/04 560,H10F 19/08,・・・モジュールの封緘,
2025.01,廃止,H01L 31/04 562,H10F 19/85,・・・・保護バックシート,
2025.01,廃止,H01L 31/04 570,H10F 19/09,・・・ＰＶモジュール内のＰＶ素子間の電気的相互接続手段，例．ＰＶ素子の直列接続（電極Ｈ０１Ｌ３１／０４，２６０；１つの共通基板上に形成された薄膜太陽電池の電気的相互接続Ｈ０１Ｌ３１／０４，５３２；モジュール内の隣接する薄膜太陽電池の電気的相互接続のための特定の構造Ｈ０１Ｌ３１／０４，５３２＠Ｂ；２以上のＰＶモジュール間の電気的接続に特に適合した電気的相互接続手段Ｈ０２Ｓ４０／３６）,
2025.01,廃止,H01L 31/04 600,H10F 10/00,・・ＰＶ素子と直接結合したまたは一体化した冷却手段，例．強制冷却のための一体化されたペルチェ素子またはＰＶ素子と直接結合したヒートシンク（ＰＶモジュールと結合した冷却手段Ｈ０２Ｓ４０／４２）,
2025.01,廃止,H01L 31/04 602,H10F 10/00,・・・ＰＶ素子と直接結合した熱エネルギーを利用する手段を含むもの，例．一体化されたゼーベック素子,
2025.01,廃止,H01L 31/04 610,H10F 10/00,・・ＰＶ素子と直接結合したまたは一体化したエネルギー蓄積手段，例．ＰＶ素子と一体化したコンデンサー（ＰＶモジュールと結合したエネルギー蓄積手段Ｈ０２Ｓ４０／３８）,
2025.01,廃止,H01L 31/04 620,H10F 10/00,・・ＰＶ素子と直接結合したまたは一体化した光学素子，例．光反射手段または集光手段,
2025.01,廃止,H01L 31/04 622,H10F 10/00,・・・ＰＶ素子と直接結合したまたは一体化した光学素子により，例．ルミネッセント材料，蛍光性集光器またはアップコンバージョン装置を用いることにより，光が吸収され，かつ異なる波長で再放射されるもの,
2025.01,廃止,H01L 31/04 624,H10F 10/00,・・・背面反射器［ＢＳＲ］タイプである光反射手段,
2025.01,廃止,H01L 31/06,H10F 10/01,・・電位障壁に特徴のあるもの［２０１２．０１］,
2025.01,廃止,H01L 31/06 100,H10F 10/11,・・・電位障壁が点接触型であるもの（Ｈ０１Ｌ３１／０６，３５０が優先）,
2025.01,廃止,H01L 31/06 150,H10F 10/12,・・・電位障壁が金属―絶縁体―半導体型のみからなるもの,
2025.01,廃止,H01L 31/06 200,H10F 10/13,・・・電位障壁がこう配ギャップのみからなるもの,
2025.01,廃止,H01L 31/06 300,H10F 10/14,・・・電位障壁がＰＮホモ接合型のみからなるもの，例．バルクシリコンＰＮホモ接合太陽電池または薄膜多結晶シリコンＰＮホモ接合太陽電池,
2025.01,廃止,H01L 31/06 310,H10F 10/142,・・・・多接合またはタンデムの太陽電池,
2025.01,廃止,H01L 31/06 320,H10F 10/144,・・・・ドーピング材料または他の不純物は別として，ＡＩＩＩＢＶ化合物のみを含む装置，例．ＧａＡｓまたはＩｎＰ太陽電池,
2025.01,廃止,H01L 31/06 350,H10F 10/18,・・・電位障壁がショットキー型のみからなるもの,
2025.01,廃止,H01L 31/06 400,H10F 10/16,・・・電位障壁がＰＮヘテロ接合型のみからなるもの,
2025.01,廃止,H01L 31/06 410,H10F 10/161,・・・・多接合またはタンデムの太陽電池,
2025.01,廃止,H01L 31/06 420,H10F 10/162,・・・・ＡＩＩＢＶＩ化合物半導体のみからなる，例．ＣｄＳ／ＣｄＴｅ太陽電池,
2025.01,廃止,H01L 31/06 430,H10F 10/163,・・・・ＡＩＩＩＢＶ化合物半導体のみからなる，例．ＧａＡｓ／ＡｌＧａＡｓまたはＩｎＰ／ＧａＩｎＡｓ太陽電池,
2025.01,廃止,H01L 31/06 440,H10F 10/164,・・・・周期律表の第ＩＶ族の元素とのヘテロ接合からなる，例．ＩＴＯ／Ｓｉ，ＧａＡｓ／ＳｉまたはＣｄＴｅ／Ｓｉ太陽電池,
2025.01,廃止,H01L 31/06 450,H10F 10/165,・・・・ＡＩＶＢＩＶヘテロ接合からなる，例．Ｓｉ／Ｇｅ，ＳｉＧｅ／ＳｉまたはＳｉ／ＳｉＣ太陽電池,
2025.01,廃止,H01L 31/06 455,H10F 10/166,・・・・・結晶材料とアモルファス材料のヘテロ接合からなる，例．薄い真性層を備えたヘテロ接合またはＨＩＴ（登録商標）の太陽電池とのヘテロ結合,
2025.01,廃止,H01L 31/06 460,H10F 10/167,・・・・ＡＩＢＩＩＩＣＶＩ化合物を含む，例．ＣｄＳ／ＣｕＩｎＳｅ２　［ＣＩＳ］ヘテロ接合太陽電池,
2025.01,廃止,H01L 31/06 500,H10F 10/17,・・・電位障壁がＰＩＮ型のみからなるもの，例．ＰＩＮアモルファスシリコン太陽電池,
2025.01,廃止,H01L 31/06 510,H10F 10/172,・・・・多接合またはタンデムの太陽電池,
2025.01,廃止,H01L 31/06 520,H10F 10/174,・・・・単結晶または多結晶材料からなる装置,
2025.01,廃止,H01L 31/06 600,H10F 10/19,・・・グループＨ０１Ｌ３１／０６，１００からＨ０１Ｌ３１／０６，５００の２つ以上に分類される異なる種類の電位障壁を含むもの,
2025.01,廃止,H01L 31/08,H10F 30/00,・輻射線が装置内を流れる電流を制御するもの，例．光―抵抗器（フォト―レジスター）,
2025.01,廃止,H01L 31/08 F,H10F 30/00,光導電材料〔Ｓｉ，Ｇｅ〕,
2025.01,廃止,H01L 31/08 G,H10F 30/00,・光導電材料の製法〔Ｓｉ，Ｇｅ〕,
2025.01,廃止,H01L 31/08 H,H10F 30/00,・光導電装置〔Ｓｉ，ＧｅでＰＮ接合のないもの〕〔アモルファスＳｉを用いた光導電装置〕,
2025.01,廃止,H01L 31/08 J,H10F 30/00,・光導電材料の製造装置〔Ｓｉ，Ｇｅ〕,
2025.01,廃止,H01L 31/08 K,H10F 30/00,化合物光導電材料とその製法〔ＧａＡｓ，ＣｄＳなど〕,
2025.01,廃止,H01L 31/08 L,H10F 30/00,・化合物光導電装置〔ＧａＡｓ，ＣｄＳなど〕,
2025.01,廃止,H01L 31/08 M,H10F 30/00,光合物光導電材料，製法，装置〔酸化物半導体〕,
2025.01,廃止,H01L 31/08 N,H10F 30/00,化合物光導電材料，製法，装置〔ＨｇＣｄＴｅ（ＭＣＴ），ＩｎＳｂなど赤外線検知用〕,
2025.01,廃止,H01L 31/08 P,H10F 30/00,化合物光導電材料製造装置,
2025.01,廃止,H01L 31/08 Q,H10F 30/00,電子写真用光導電体,
2025.01,廃止,H01L 31/08 R,H10F 30/00,撮像管用ターゲット〔Ｓｉ，Ｇｅ〕,
2025.01,廃止,H01L 31/08 S,H10F 30/00,撮像管用ターゲット〔化合物半導体〕,
2025.01,廃止,H01L 31/08 Z,H10F 30/00,その他,
2025.01,廃止,H01L 31/01,H10F 30/02,・・電位障壁に特徴のあるもの，例．フォトトランジスタ［２００６．０１］,
2025.01,廃止,H01L 31/01 A,H10F 30/02,フォトダイオード，フォトトランジスタ,
2025.01,廃止,H01L 31/01 B,H10F 30/225,・アバランシェ型,
2025.01,廃止,H01L 31/01 C,H10F 30/227,・ショットキ接合を用いるもの,
2025.01,廃止,H01L 31/01 D,H10F 30/02,・多色受光,
2025.01,廃止,H01L 31/01 E,H10F 30/28,電界効果型,
2025.01,廃止,H01L 31/01 F,H10F 30/26,フォトサイリスタ,
2025.01,廃止,H01L 31/01 G,H10F 30/02,周辺回路,
2025.01,廃止,H01L 31/01 H,H10F 30/02,電極に特徴のあるもの,
2025.01,廃止,H01L 31/01 Z,H10F 30/02,その他のもの,
2025.01,廃止,H01L 31/12,H10F 55/00,・１つ以上の電気光源，例．エレクトロルミネッセンス光源，と構造的に結合されたもの，例．１つの共通基板内または基板上に形成されたもの，およびその電気光源と電気的または光学的に結合されたもの（エレクトロルミネッセンス素子および光電池を用いた増幅器Ｈ０３Ｆ１７／００；エレクトロルミネッセンス光源それ自体Ｈ０５Ｂ３３／００）,
2025.01,廃止,H01L 31/12 A,H10F 55/00,フォトカップラ，フォトアイソレータ,
2025.01,廃止,H01L 31/12 B,H10F 55/00,・モノリシック型〔受発光素子を一体化した素子で，基板同一〕,
2025.01,廃止,H01L 31/12 C,H10F 55/00,・積層型「図」,
2025.01,廃止,H01L 31/12 D,H10F 55/00,・透過型「図」,
2025.01,廃止,H01L 31/12 E,H10F 55/00,・反射型「図」,
2025.01,廃止,H01L 31/12 F,H10F 55/00,・周辺回路〔付属電気回路，制御用〕,
2025.01,廃止,H01L 31/12 G,H10F 55/00,・応用装置〔光ファイバを用いたもの〕,
2025.01,廃止,H01L 31/12 H,H10F 55/00,発光デバイスのモニタ〔発光の検出チェック〕,
2025.01,廃止,H01L 31/12 J,H10F 55/00,発光・受光兼用デバイス〔一素子で両用のもの〕,
2025.01,廃止,H01L 31/12 Z,H10F 55/00,その他のもの,
2025.01,廃止,H01L 31/14,H10F 55/01,・・輻射線に感応する半導体装置によって制御される光源，例．像変換器，像増幅器，像蓄積装置,
2025.01,廃止,H01L 31/14 A,H10F 55/01 500,光－光変換デバイス,
2025.01,廃止,H01L 31/14 B,H10F 55/01 500,像変換デバイス,
2025.01,廃止,H01L 31/14 Z,H10F 55/01,その他のもの,
2025.01,廃止,H01L 31/16,H10F 55/02,・・光源によって制御される輻射線に感応する半導体装置,
2025.01,廃止,H01L 31/16 A,H10F 55/02,フォトポテンシオメータ,
2025.01,廃止,H01L 31/16 B,H10F 55/02,光による位置の検出〔カメラの測距〕,
2025.01,廃止,H01L 31/16 Z,H10F 55/02,その他のもの,
2025.01,廃止,H01L 31/18,H10F 99/00,・これらの装置またはその部品の製造または処理に特有な方法または装置（それらに特有でないもの２１／００）,
2025.01,廃止,H01L 33/00,H10H 20/00,光の放出に特に適用される電位障壁を有する半導体装置；それらの装置またはその部品の製造，あるいは処理に特に適用される方法または装置；それらの装置の細部（Ｈ１０Ｋ５０／００が優先；１つの共通基板内または上に形成された複数の半導体構成部品からなる装置で，光の放出に特に適用される電位障壁を有する半導体装置を含むものＨ０１Ｌ２７／１５；半導体レーザＨ０１Ｓ５／００）［２０１０．０１］,
2025.01,廃止,H01L 33/00 H,H10H 20/00 H,完成品の取付,
2025.01,廃止,H01L 33/00 J,H10H 20/00 J,駆動回路,
2025.01,廃止,H01L 33/00 K,H10H 20/00 K,試験，測定,
2025.01,廃止,H01L 33/00 L,H10H 20/00 L,応用装置〔発光装置を用いた完成品〕,
2025.01,廃止,H01L 33/00 Z,H10H 20/00 Z,その他のもの,
2025.01,廃止,H01L 33/02,H10H 20/81,・半導体素子本体に特徴のあるもの［２０１０．０１］,
2025.01,廃止,H01L 33/04,H10H 20/811,・・量子効果を奏する構造または超格子を有するもの，例．トンネル接合［２０１０．０１］,
2025.01,廃止,H01L 33/06,H10H 20/812,・・・発光領域内にあるもの，例．量子閉じ込め構造，トンネル障壁［２０１０．０１］,
2025.01,廃止,H01L 33/08,H10H 20/813,・・複数の発光領域を有するもの，例．横方向に不連続な発光層，フォトルミネセント領域が半導体素子本体に集積化されているもの（Ｈ０１Ｌ２７／１５が優先）［２０１０．０１］,
2025.01,廃止,H01L 33/01,H10H 20/814,・・反射構造を有するもの，例．半導体ブラッグ反射鏡［２０１０．０１］,
2025.01,廃止,H01L 33/12,H10H 20/815,・・応力緩和構造を有するもの，例．バッファ層［２０１０．０１］,
2025.01,廃止,H01L 33/14,H10H 20/816,・・電流制御構造を有するもの，例．高濃度ドープ半導体層，電流ブロック構造［２０１０．０１］,
2025.01,廃止,H01L 33/16,H10H 20/817,・・特定の結晶構造や結晶方位を有するもの，例．多結晶，アモルファス，ポーラス［２０１０．０１］,
2025.01,廃止,H01L 33/18,H10H 20/818,・・・発光領域内にあるもの［２０１０．０１］,
2025.01,廃止,H01L 33/02,H10H 20/819,・・特定の形状を有するもの，例．湾曲または面取りされた基板［２０１０．０１］,
2025.01,廃止,H01L 33/22,H10H 20/82,・・・粗面，凹凸面，例．エピタキシャル層の界面にあるもの［２０１０．０１］,
2025.01,廃止,H01L 33/24,H10H 20/821,・・・発光領域にあるもの，例．非プレーナー接合［２０１０．０１］,
2025.01,廃止,H01L 33/26,H10H 20/822,・・発光領域の材料［２０１０．０１］,
2025.01,廃止,H01L 33/28,H10H 20/823,・・・ＩＩ族およびＶＩ族元素のみを有するもの［２０１０．０１］,
2025.01,廃止,H01L 33/03,H10H 20/824,・・・ＩＩＩ族およびＶ族元素のみを有するもの［２０１０．０１］,
2025.01,廃止,H01L 33/32,H10H 20/825,・・・・窒素を含むもの［２０１０．０１］,
2025.01,廃止,H01L 33/34,H10H 20/826,・・・ＩＶ族元素のみを有するもの［２０１０．０１］,
2025.01,廃止,H01L 33/36,H10H 20/83,・電極に特徴があるもの［２０１０．０１］,
2025.01,廃止,H01L 33/38,H10H 20/831,・・特定の形状［２０１０．０１］,
2025.01,廃止,H01L 33/04,H10H 20/832,・・材料［２０１０．０１］,
2025.01,廃止,H01L 33/42,H10H 20/833,・・・透明材料［２０１０．０１］,
2025.01,廃止,H01L 33/44,H10H 20/84,・コーティングに特徴があるもの，例．パシベーション層，反射防止コーティング［２０１０．０１］,
2025.01,廃止,H01L 33/46,H10H 20/841,・・反射コーティング，例．誘電体ブラッグ反射鏡［２０１０．０１］,
2025.01,廃止,H01L 33/48,H10H 20/85,・半導体素子本体のパッケージに特徴のあるもの［２０１０．０１］,
2025.01,廃止,H01L 33/05,H10H 20/851,・・波長変換要素［２０１０．０１］,
2025.01,廃止,H01L 33/52,H10H 20/852,・・封止［２０１０．０１］,
2025.01,廃止,H01L 33/54,H10H 20/853,・・・特定の形状を有するもの［２０１０．０１］,
2025.01,廃止,H01L 33/56,H10H 20/854,・・・材料，例．エポキシ樹脂，シリコン樹脂［２０１０．０１］,
2025.01,廃止,H01L 33/58,H10H 20/855,・・光の形状を形成する要素［２０１０．０１］,
2025.01,廃止,H01L 33/06,H10H 20/856,・・・反射要素［２０１０．０１］,
2025.01,廃止,H01L 33/62,H10H 20/857,・・半導体素子本体へまたは半導体本体から電流を流す部品，例．リードフレーム，ワイヤボンドまたはハンダ［２０１０．０１］,
2025.01,廃止,H01L 33/64,H10H 20/858,・・放熱または冷却要素［２０１０．０１］,
2025.01,廃止,H02K 15/02 A,H02K 15/02,回転機の分解，組立，清掃，保守,
2025.01,廃止,H02K 15/02 D,H02K 15/021,固定子鉄心に関するもの,
2025.01,廃止,H02K 15/02 E,H02K 15/027,鉄心の打抜,
2025.01,廃止,H02K 15/02 F,H02K 15/02,鉄心の積層，焼鈍,
2025.01,廃止,H02K 15/02 G,H02K 15/026,巻鉄心,
2025.01,廃止,H02K 15/02 H,H02K 15/021,回転子鉄心に関するもの,
2025.01,廃止,H02K 15/02 J,H02K 15/023,・かご形回転子,
2025.01,廃止,H02K 15/02 K,H02K 15/035,・永久磁石回転子,
2025.01,廃止,H02K 15/02 L,H02K 15/025,・スキュー形成,
2025.01,廃止,H02K 15/02 M,H02K 15/0225,・爪形磁極,
2025.01,廃止,H02K 15/02 P,H02K 15/95,集電装置,
2025.01,廃止,H02K 15/02 Q,H02K 15/02,キャンドモータ,
2025.01,廃止,H02K 15/02 Z,H02K 15/02,その他のもの,
2025.01,廃止,H02K 15/03 A,H02K 15/03,永久磁石の製造,
2025.01,廃止,H02K 15/03 C,H02K 15/03,・成形によるもの,
2025.01,廃止,H02K 15/03 G,H02K 15/038,着磁,
2025.01,廃止,H02K 15/03 H,H02K 15/038,・着磁装置,
2025.01,廃止,H02K 15/03 Z,H02K 15/03,その他,
2025.01,廃止,H02K 15/04 A,H02K 15/0414,剛性導体による巻線,
2025.01,廃止,H02K 15/04 B,H02K 15/04,巻線挿入機用巻線機,
2025.01,廃止,H02K 15/04 C,H02K 15/04,素線の巻回による無鉄心コイルの形成,
2025.01,廃止,H02K 15/04 D,H02K 15/04,素線の巻回によらない無鉄心コイルの形成,
2025.01,廃止,H02K 15/04 E,H02K 15/04,巻線端の処理,
2025.01,廃止,H02K 15/04 F,H02K 15/04,巻線端の成形,
2025.01,廃止,H02K 15/04 Z,H02K 15/04,その他,
2025.01,廃止,H02K 15/12 A,H02K 15/121,鉄心に対するもの,
2025.01,廃止,H02K 15/12 B,H02K 15/12,・粉末樹脂を用いるもの,
2025.01,廃止,H02K 15/12 C,H02K 15/122,巻線，固定子，回転子または，電機に対するもの,
2025.01,廃止,H02K 15/12 D,H02K 15/12,・液体樹脂を用いた巻線の絶縁,
2025.01,廃止,H02K 15/12 E,H02K 15/12,・注型処理によるもの,
2025.01,廃止,H02K 15/12 F,H02K 15/12,・半硬化樹脂〔プリプレグテープ〕を用いるもの,
2025.01,廃止,H02K 15/12 G,H02K 15/12,・粉末樹脂を用いるもの,
2025.01,廃止,H02K 15/12 Z,H02K 15/12,その他のもの,
2025.01,廃止,H02K 15/14 A,H02K 15/144,軸及び軸受に関するもの,
2025.01,廃止,H02K 15/14 Z,H02K 15/14,その他のもの,
2025.01,廃止,H02K 15/16 A,H02K 15/165,回転子の平衡,
2025.01,廃止,H02K 15/16 B,H02K 15/16,回転子の心出し,
2025.01,廃止,H02K 15/16 Z,H02K 15/16,その他のもの,
2025.01,廃止,H05K 5/02 P,H05K 5/15,弾性力により分割させたものを筐体に組立てたもの〔非ネジ組立〕,
2025.01,廃止,H05K 5/02 Q,H05K 5/13,ネジにより分割されたものを筐体に組立てたもの,
2025.01,タイトル変更,A01G 9/14,A01G 9/14,・温室（鐘形覆いＡ０１Ｇ１３／０４）［２００６．０１］,・温室［２００６．０１］
2025.01,タイトル変更,A01G 13/00,A01G 13/00,植物の保護（害虫または有害動物の駆除装置Ａ０１Ｍ；そのための化学物質の使用，保護物質の組成物，例．接木用ワックスＡ０１Ｎ）［２００６．０１］,植物の保護（温室Ａ０１Ｇ９／１４）［２００６．０１］
2025.01,タイトル変更,A01J 11/00,A01J 11/00,乳を処理するための装置（乳製品の濃縮，蒸発または乾燥Ａ２３Ｃ１／００；乳または乳調製品の保存Ａ２３Ｃ３／００）［２００６．０１］,乳を処理するための装置（乳または乳調製品の保存Ａ２３Ｂ１１／１０；乳製品の濃縮，蒸発または乾燥Ａ２３Ｃ１／００）［２００６．０１］
2025.01,タイトル変更,A21D 6/00,A21D 6/00,ベイキング前の穀粉または生地のその他の処理，例．冷却，照射，加熱［２］,ベイキング前の穀粉または生地のその他の処理，例．冷却，照射または加熱（ベイキング前の穀粉または生地の保存Ａ２３Ｂ４０／００）［２０２５．０１］
2025.01,タイトル変更,A21D 15/00,A21D 15/00,ベイカリー製品の貯蔵；改良（再生Ａ２１Ｄ１７／００）［２］,ベイカリー製品の改良（再生Ａ２１Ｄ１７／００）［２０２５．０１］
2025.01,タイトル変更,A23B 4/00,A23B 4/00,食肉，ソーセージ，魚または魚製品の一般的保存方法［２］,食肉，ソーセージ，魚または魚製品の保存［２００６．０１］
2025.01,タイトル変更,A23B 7/00,A23B 7/00,果実または野菜の保存または化学的熟成［３］,果実または野菜の保存；果実または野菜の化学的熟成［２００６．０１］
2025.01,タイトル変更,A23B 9/00,A23B 9/00,食用種子，例．穀類，の保存,食用種子，例．穀類，の保存（豆類の保存Ａ２３Ｂ７５／００）［２０２５．０１］
2025.01,タイトル変更,A23C 1/00,A23C 1/00,濃縮，蒸発または乾燥（Ａ２３Ｃ３／００が優先；それによって得られる製品Ａ２３Ｃ９／００）［２００６．０１］,濃縮，蒸発または乾燥（それによって得られる製品Ａ２３Ｃ９／００）［２００６．０１］
2025.01,タイトル変更,A23C 7/00,A23C 7/00,他の乳業技術,他の乳業技術（乳または乳製品の保存Ａ２３Ｂ１１／００）［２０２５．０１］
2025.01,タイトル変更,A23C 9/00,A23C 9/00,乳調製品；粉乳または粉乳調製品（ホエーと乳製品または乳成分の混合物Ａ２３Ｃ２１／０６）［２００６．０１］,乳調製品；粉乳または粉乳調製品（ホエーと乳製品または乳成分の混合物Ａ２３Ｃ２１／０６；乳または乳調製品の保存Ａ２３Ｂ１１／１０）［２００６．０１］
2025.01,タイトル変更,A23C 11/00,A23C 11/00,乳代用品，例．コーヒーホワイトナー組成物（チーズ代用品Ａ２３Ｃ２０／００；バター代用品Ａ２３Ｄ）［２００６．０１］,乳代用品，例．コーヒーホワイト（チーズ代用品Ａ２３Ｃ２０／００；乳代用品の保存Ａ２３Ｂ１１／２０；バター代用品Ａ２３Ｄ）［２０２５．０１］
2025.01,タイトル変更,A23C 13/00,A23C 13/00,クリーム；クリーム調製品（アイスクリームＡ２３Ｇ９／００）；その製造［２００６．０１］,クリーム；クリーム調製品（クリームまたはクリーム調製品の保存Ａ２３Ｂ１１／３０；アイスクリームＡ２３Ｇ９／００）；その製造［２００６．０１］
2025.01,タイトル変更,A23C 15/00,A23C 15/00,バター；バター調製品；その製造（バター代用品Ａ２３Ｄ）,バター；バター調製品；その製造（バターまたはバター調製品の保存Ａ２３Ｂ１１／４０；バター代用品Ａ２３Ｄ）［２００６．０１］
2025.01,タイトル変更,A23C 17/00,A23C 17/00,バターミルク；バターミルク調製品（乳の化学組成が非化学的処理により変えられる乳調製品，粉乳または粉乳調製品Ａ２３Ｃ９／１４）［２００６．０１］,バターミルク；バターミルク調製品（乳の化学組成が非化学的処理により変えられる乳調製品，粉乳または粉乳調製品Ａ２３Ｃ９／１４；バターミルクまたはバターミルク調製品の保存Ａ２３Ｂ１１／５０）［２０２５．０１］
2025.01,タイトル変更,A23C 19/00,A23C 19/00,チーズ；チーズ調製品；その製造（チーズ代用品Ａ２３Ｃ２０／００）［２００６．０１］,チーズ；チーズ調製品；その製造（チーズ代用品Ａ２３Ｃ２０／００；チーズまたはチーズ調製品の保存Ａ２３Ｂ１１／６０）［２００６．０１］
2025.01,タイトル変更,A23C 19/05,A23C 19/05,・・凝固前の乳の処理；カードからのホエー分離（Ａ２３Ｃ１９／０９７が優先）［３］,・・凝固前の乳の処理；カードからのホエー分離［２００６．０１］
2025.01,タイトル変更,A23C 19/06,A23C 19/06,・ホエー分離後のチーズカードの処理；それにより得られた製品（Ａ２３Ｃ１９／０９７が優先）［３］,・ホエー分離後のチーズカードの処理；それにより得られた製品［２００６．０１］
2025.01,タイトル変更,A23C 19/09,A23C 19/09,・・他のチーズ調製品；他の食品とチーズとの混合物（保存Ａ２３Ｃ１９／０９７）［３］,・・他のチーズ調製品；他の食品とチーズとの混合物［２００６．０１］
2025.01,タイトル変更,A23C 19/14,A23C 19/14,・所定の形状を形成させた後のチーズの処理，例．熟成，燻煙（保存Ａ２３Ｃ１９／０９７）,・所定の形状を形成させた後のチーズの処理，例．熟成，燻煙［２００６．０１］
2025.01,タイトル変更,A23C 20/00,A23C 20/00,チーズ代用品（Ａ２３Ｃ１９／０５５，Ａ２３Ｃ１９／０９３が優先）［３］,チーズ代用品（Ａ２３Ｃ１９／０５５，Ａ２３Ｃ１９／０９３が優先；チーズ代用品の保存Ａ２３Ｂ１１／７０）［２０２５．０１］
2025.01,タイトル変更,A23C 21/00,A23C 21/00,ホエー；ホエー調製品（濃縮，蒸発または乾燥Ａ２３Ｃ１／００；乳または乳調製品の保存Ａ２３Ｃ３／００；乳の化学組成が非化学的処理により変えられる乳調製品，粉乳または粉乳調製品Ａ２３Ｃ９／１４）［２００６．０１］,ホエー；ホエー調製品（濃縮，蒸発または乾燥Ａ２３Ｃ１／００；乳の化学組成が非化学的処理により変えられる乳調製品，粉乳または粉乳調製品Ａ２３Ｃ９／１４；ホエーまたはホエー調製品の保存Ａ２３Ｂ１１／８０）［２０２５．０１］
2025.01,タイトル変更,A23C 21/08,A23C 21/08,・他の有機質の添加物，例．植物または動物製品を含有するもの［３］,・他の有機質の添加物，例．植物または動物製品，を含有するもの［２０２５．０１］
2025.01,タイトル変更,A23D 7/00,A23D 7/00,水性相を含有する食用油脂組成物，例．マーガリン［５］,水性相を含有する食用油脂組成物，例．マーガリン（水性相を有する食用油脂組成物の保存Ａ２３Ｂ２０／１０）［２００６．０１］
2025.01,タイトル変更,A23D 9/00,A23D 9/00,その他の食用油脂，例．ショートニング，調理油［５］,その他の食用油脂，例．ショートニングまたは調理油（その他の食用油脂の保存Ａ２３Ｂ２０／３０）［２００６．０１］
2025.01,タイトル変更,A23F 3/00,A23F 3/00,茶；茶の代用品；それらの調製品,茶；茶の代用品；それらの調製品（茶、茶代用品またはハーブティーの保存Ａ２３Ｂ８５／００）［２０２５．０１］
2025.01,タイトル変更,A23F 5/00,A23F 5/00,コーヒー；コーヒー代用品；それらの調製品［３］,コーヒー；コーヒー代用品；それらの調製品（コーヒーまたはコーヒー代用品の保存Ａ２３Ｂ９０／００）［２０２５．０１］
2025.01,タイトル変更,A23F 5/14,A23F 5/14,・・添加物，例．ミルク，砂糖の使用；コーティング，例．保存のためのもの（フレーバー付与Ａ２３Ｆ５／４６）［３］,・・添加物，例．ミルクまたは砂糖，の使用；コーティング（フレーバー付与Ａ２３Ｆ５／４６）［２０２５．０１］
2025.01,タイトル変更,A23G 1/00,A23G 1/00,カカオ；カカオ製品，例．チョコレート；それらの代用品,ココア；カカオ製品，例．チョコレート；それらの代用品（それらの保存Ａ２３Ｂ８０／００）［２０２５．０１］
2025.01,タイトル変更,A23L 2/00,A23L 2/00,非アルコール飲料；その乾燥組成物または濃縮物（スープ濃縮液Ａ２３Ｌ２３／１０）；それらの調整（アルコールの除去による非アルコール飲料の調整Ｃ１２Ｈ３／００）［２００６．０１］,非アルコール飲料；その乾燥組成物または濃縮物（スープ濃縮液Ａ２３Ｌ２３／１０）；それらの調製または処理（アルコールの除去による非アルコール飲料の調製Ｃ１２Ｈ３／００）［２００６．０１］
2025.01,タイトル変更,A23L 2/52,A23L 2/52,・成分を添加するもの（保存剤を添加するＡ２３Ｌ２／４４）［６］,・成分を添加するもの（保存剤を添加するＡ２３Ｂ７０／１０）［２００６．０１］
2025.01,タイトル変更,A23L 11/00,A23L 11/00,食品用の豆類，すなわち食品用の豆科植物の果実；豆科植物からの製品；それらの調製または処理［２０２１．０１］,食品用の豆類，すなわち食品用の豆科植物の果実；豆科植物からの製品；それらの調製または処理（それらの保存Ａ２３Ｂ７５／００）［２０２５．０１］
2025.01,タイトル変更,A23L 29/00,A23L 29/00,添加剤を含む食品または食料品（栄養改善のための添加剤を含むＡ２３Ｌ３３／１０；実質的に難消化性の添加剤を含む，例．食物繊維Ａ２３Ｌ３３／２１）；それらの調製または処理［２０１６．０１］,添加剤を含む食品または食料品（栄養改善のための添加剤を含むＡ２３Ｌ３３／１０；実質的に難消化性の添加剤，例．食物繊維，を含むＡ２３Ｌ３３／２１；保存のための添加剤を含むＡ２３Ｂ）；それらの調製または処理［２０１６．０１］
2025.01,タイトル変更,A23L 35/00,A23L 35/00,グループＡ２３Ｌ５／００～Ａ２３Ｌ３３／００に包含されない食品または食料品；それらの調製または処理［２０１６．０１］,グループＡ２３Ｌ５／００～Ａ２３Ｌ３３／００に包含されない食品または食料品；それらの調製または処理（それらの保存Ａ２３Ｂ）［２０１６．０１］
2025.01,タイトル変更,A47C 1/00,A47C 1/00,特殊目的に適用するいす（垂直調節が可能な特徴Ａ４７Ｃ３／２０；転換可能ないすＡ４７Ｃ１３／００；病人または身体障害者に特に適したいすまたは個人輸送手段Ａ６１Ｇ３／００，Ａ６１Ｇ５／００；治療用いす，歯科用いすＡ６１Ｇ１５／００）,特殊目的に適用するいす（病人または身体障害者に特に適したいすまたは個人輸送手段，例．車いすＡ６１Ｇ５／００；治療用いすまたは歯科用いすＡ６１Ｇ１５／００）［２００６．０１］
2025.01,タイトル変更,A47C 1/02,A47C 1/02,・リクライニングまたは安楽いす（体の部分の支持Ａ４７Ｃ７／３６，Ａ４７Ｃ７／５０，Ａ４７Ｃ７／５４）,・リクライニングまたは安楽いす［２００６．０１］
2025.01,タイトル変更,A47C 1/08,A47C 1/08,・・補助いす付（子供用いれ込みいすＡ４７Ｃ１／１１）,・・補助いす付［２００６．０１］
2025.01,タイトル変更,A47C 1/12,A47C 1/12,・劇場，講堂，または類似のいす（競技場などのいすＡ４７Ｃ１／１６）,・劇場，講堂，または類似のいす（競技場のベンチに分離可能に取付けられるいすＡ４７Ｃ１／１６）［２００６．０１］
2025.01,タイトル変更,A47C 1/16,A47C 1/16,・競技場などのベンチに分離可能に取付けられるいす（分離可能に取付けられる子供のいすＡ４７Ｄ１／１０）,・競技場のベンチに分離可能に取付けられるいす［２００６．０１］
2025.01,タイトル変更,A47C 3/02,A47C 3/02,・揺動いす（特に子供用Ａ４７Ｄ１３／１０）,・揺動いす［２００６．０１］
2025.01,タイトル変更,A47C 3/16,A47C 3/16,・脚のない形式のいす，例．直接床面におくいす（Ａ４７Ｃ３／１４が優先；競技場ベンチに分離式に据え付けられるものＡ４７Ｃ１／１６；いすの背面板に取り付けられる子供用いすＡ４７Ｄ１／１０）；ひざぶとん；ふとん付きのいす,・脚のない形式のいす，例．直接床面におくいす（Ａ４７Ｃ３／１４が優先）；ひざぶとん；ふとん付きのいす［２００６．０１］
2025.01,タイトル変更,A47C 3/02,A47C 3/02,・垂直調節座席を有するいすまたは腰かけ（高さが可変なテーブルＡ４７Ｂ９／００）,・垂直調節座席を有するいすまたは腰かけ［２００６．０１］
2025.01,タイトル変更,A47C 4/00,A47C 4/00,折りたたみ，折り重ねまたは分解可能ないす（金属管状形のものＡ４７Ｃ５／１０；子供用折りたたみ可能ないすＡ４７Ｄ１／０２）,折りたたみ，折り重ねまたは分解可能ないす（金属管状形のものＡ４７Ｃ５／１０）［２００６．０１］
2025.01,タイトル変更,A47C 4/06,A47C 4/06,・・フレームへの詰め物，布（革）張りまたは生地の取付け（一般的なものＡ４７Ｃ３１／０２）,・・フレームへの詰め物，布（革）張りまたは生地の取付け［２００６．０１］
2025.01,タイトル変更,A47C 4/03,A47C 4/03,・・フレームへの詰め物，布（革）張りまたは生地の取付け（一般的なものＡ４７Ｃ３１／０２）,・・フレームへの詰め物，布（革）張りまたは生地の取付け［２００６．０１］
2025.01,タイトル変更,A47C 4/52,A47C 4/52,・トランクいす，すなわちトランクの形に折り重ね可能ないす（トランクテーブルＡ４７Ｂ３／１０）,・トランクいす，すなわちトランクの形に折り重ね可能ないす［２００６．０１］
2025.01,タイトル変更,A47C 4/54,A47C 4/54,・膨脹可能ないす（膨脹可能な弾性体への弁の取付けＢ６０Ｃ２９／００）,・膨脹可能ないす［２００６．０１］
2025.01,タイトル変更,A47C 5/04,A47C 5/04,・金属いす，例．管状のもの（揺動いす形のものＡ４７Ｃ３／０２３；非管状で折りたたみ，折り重ねまたは分解可能なものＡ４７Ｃ４／００）,・金属いす，例．管状のもの（管材製の弾力枠をもつ揺動いすＡ４７Ｃ３／０２３）［２００６．０１］
2025.01,タイトル変更,A47C 7/00,A47C 7/00,いすまたは腰かけの部品，細部または付属具（床への取付けＡ４７Ｂ９１／０８）,いすまたは腰かけの部品，細部または付属具［２００６．０１］
2025.01,タイトル変更,A47C 7/02,A47C 7/02,・座部（パイプいすへ取付ける座部の適用Ａ４７Ｃ５／０６；いすに制約されない部品Ａ４７Ｃ２３／００；取りはずし可能な装飾ユニットまたはクッションＡ４７Ｃ２７／００）,・座部［２００６．０１］
2025.01,タイトル変更,A47C 7/18,A47C 7/18,・・クッションに含まれる発泡材を有するもの（発泡材のマットレスＡ４７Ｃ２７／１４）,・・クッションに含まれる発泡材を有するもの［２００６．０１］
2025.01,タイトル変更,A47C 7/36,A47C 7/36,・頭部または背中の支持（治療用または歯科用のいすＡ６１Ｇ１５／００）,・頭部または背中の支持［２００６．０１］
2025.01,タイトル変更,A47C 7/05,A47C 7/05,・足または脚部の支持（他の調節可能な部品と結合したものＡ４７Ｃ１／０３４，Ａ４７Ｃ１／０３７；フットストールＡ４７Ｃ１６／０２）,・足または脚部の支持（支持部分がレッグレストまたはフットレストを含む結合された調節可能な支持部分を持つリクライニングまたは安楽いすＡ４７Ｃ１／０３４，レッグレストまたはフットレストと組み合わされたヘッドレストを含む、結合された調節可能な支持部を有するリクライニングまたは安楽いすＡ４７Ｃ１／０３７）［２００６．０１］
2025.01,タイトル変更,A47C 7/58,A47C 7/58,・・蝶番，例．曲がった列にいすを取りつけるためのもの（ウイング用蝶番一般Ｅ０５Ｄ）,・・蝶番，例．曲がった列にいすを取りつけるためのもの［２００６．０１］
2025.01,タイトル変更,A47C 9/00,A47C 9/00,特別な目的のための腰かけ（回転可能な座席を有するものＡ４７Ｃ３／１８；垂直方向に調整可能な座席を有するものＡ４７Ｃ３／２０；ステップストゥールＡ４７Ｃ１２／００；足台Ａ４７Ｃ１６／０２；祈り用ひざつき台Ａ４７Ｃ１６／０４；魚釣り用に特に適する台または座席箱Ａ０１Ｋ９７／２２；座部に変えられる歩行用ステッキまたは洋傘，ハンティングステッキＡ４５Ｂ５／００）［５］,特別な目的のための腰かけ［２００６．０１］
2025.01,タイトル変更,A47C 11/00,A47C 11/00,他類に属しないベンチ（学校用のものＡ４７Ｂ３９／００）,他類に属しないベンチ［２００６．０１］
2025.01,タイトル変更,A47C 15/00,A47C 15/00,他の腰かけ用の家具（学校用長いすＡ４７Ｂ３９／００）,他の腰かけ用の家具［２００６．０１］
2025.01,タイトル変更,A47C 16/00,A47C 16/00,足，脚，腕，背もしくは頭用の台または支持（いすと関連するものＡ４７Ｃ７／００；ベッドまたはソフアーと関連するものＡ４７Ｃ２０／００）［２］,足，脚，腕，背もしくは頭用の独立型の台または支持［２００６．０１］
2025.01,タイトル変更,A47C 16/04,A47C 16/04,・祈り用ひざつき台；ひざをつくための台；ひざをつくための支持具（ひざぶとんまたはふとん付きのいすＡ４７Ｃ３／１６）［２］,・祈り用ひざつき台；ひざをつくための台；ひざをつくための支持具［２００６．０１］
2025.01,タイトル変更,A47C 17/00,A47C 17/00,ソファー；カウチ；ベッド（ベッドステッドＡ４７Ｃ１９／００；スプリングマットレスＡ４７Ｃ２３／００；寝いすの基部Ａ４７Ｃ２３／００；詰め込みマットレスＡ４７Ｃ２７／００；看護のために特別の設備を有するベッドＡ６１Ｇ７／００）,ソファー；カウチ；ベッド［２００６．０１］
2025.01,タイトル変更,A47C 17/64,A47C 17/64,・旅行用またはキャンプ用ベッド（休憩用の調節材Ａ４７Ｃ２０／００；ベッドまたはマットレスに変えることができる旅行用またはキャンプ用ザックまたはパックＡ４５Ｆ４／０６；担架Ａ６１Ｇ１／００）,・旅行用またはキャンプ用ベッド［２００６．０１］
2025.01,タイトル変更,A47C 17/86,A47C 17/86,・グループＡ４７Ｃ１７／０２，Ａ４７Ｃ１７／０４，Ａ４７Ｃ１７／３８，Ａ４７Ｃ１７／５２，Ａ４７Ｃ１７／６４，Ａ４７Ｃ１７／８４のうちの単一のグループでは完全に包含されないベッド，ソファー，カウチの部品または細部,・グループＡ４７Ｃ１７／０２－Ａ４７Ｃ１７／８４のうちのいずれの単一のグループでは完全に包含されないベッド，ソファー，カウチに特に適合する部品または細部［２００６．０１］
2025.01,タイトル変更,A47C 19/00,A47C 19/00,ベッドステッド（剛性枠付またはベッドステッドの部分を形成するスプリングマットレスＡ４７Ｃ２３／００；子供用ベッドのためのものＡ４７Ｄ７／００；ベッドへの結合材またはベッドステッドへの取付物Ｆ１６Ｂ）,ベッドステッド［２００６．０１］
2025.01,タイトル変更,A47C 19/12,A47C 19/12,・折りたたみ式ベッドステッド（旅行またはキャンプ用ベッドＡ４７Ｃ１７／６４）,・折りたたみ式ベッドステッド［２００６．０１］
2025.01,タイトル変更,A47C 19/02,A47C 19/02,・多段形ベッドステッド（壁に備えつけられた多段型ベッドＡ４７Ｃ１７／５０；宙吊りベッドＡ４７Ｃ１７／８４）；多段堆積形ベッドステッド,・多段形ベッドステッド；多段堆積形ベッドステッド［２００６．０１］
2025.01,タイトル変更,A47C 19/22,A47C 19/22,・ベッドステッドと他の家具または付属品，例．ベッド側部のキャビネット，との結合（ベッドテーブルＡ４７Ｂ２３／００）,・ベッドステッドと他の家具または付属品，例．ベッド側部のキャビネット，との結合［２００６．０１］
2025.01,タイトル変更,A47C 20/00,A47C 20/00,ベッド，ソファーまたは類似のものの頭，足または類似の受台（書見台またはベッドテーブルＡ４７Ｂ２３／００；看護用に特に適合したベッドの患者支え台Ａ６１Ｇ７／０６５）［２］,ベッド，ソファーまたは類似のものの頭，足または類似の受台［２００６．０１］
2025.01,タイトル変更,A47C 21/00,A47C 21/00,ベッドの附属品，例．敷布留め，ベッドカバー留め（ベッドステッドに支持されたベッドテーブルＡ４７Ｂ２３／０２；子供用ベッドＡ４７Ｄ１５／００）；ベッドステッドまたはマットレスと組合わせて換気，冷却，または加熱する装置［５］,ベッドの附属品，例．敷布留めまたはベッドカバー留め（ベッドステッドに支持されたベッドテーブルＡ４７Ｂ２３／０２）；ベッドステッドまたはマットレスと組合わせて換気，冷却，または加熱する装置［２００６．０１］
2025.01,タイトル変更,A47C 21/08,A47C 21/08,・落下防止装置，例．取外し可能な側壁（子供用ベッドのためのものＡ４７Ｄ７／００）,・落下防止装置，例．取外し可能な側壁［２００６．０１］
2025.01,タイトル変更,A47C 23/03,A47C 23/03,・グループＡ４７Ｃ２３／０２，Ａ４７Ｃ２３／０４，Ａ４７Ｃ２３／０６およびＡ４７ＣＡ４７Ｃ２３／１２の二つ以上に含まれるバネの組合せを用いるもの；その枠,・グループＡ４７Ｃ２３／０２－Ａ４７Ｃ２３／１２の二つ以上に含まれるバネの組合せを用いるもの；その枠［２００６．０１］
2025.01,タイトル変更,A47C 27/045,A47C 27/045,・・バネのはめ込みの覆いへの取付け（詰め物材料の取付け手段Ａ４７Ｃ３１／０２）；内部ばねの下に硬化したシート，格子または金格子の使用［２］,・・バネのはめ込みの覆いへの取付け；内部ばねの下に硬化したシート，格子または金格子の使用［２００６．０１］
2025.01,タイトル変更,A47C 27/08,A47C 27/08,・流体マットレス（膨張可能な弾性体への弁の取付けＢ６０Ｃ２９／００）［５］,・流体マットレス［２００６．０１］
2025.01,タイトル変更,A47C 29/00,A47C 29/00,いすまたはベッドに備え付けられた蚊帳（動物用蚊帳Ａ０１Ｋ１３／００；旅行具用蚊帳Ａ４５Ｆ３／５２）；ベッド用天蓋,いすまたはベッドに備え付けられた蚊帳；ベッド用天蓋［２００６．０１］
2025.01,タイトル変更,A47C 31/02,A47C 31/02,・詰め物材料の取り付け手段（詰め物，布（革）張りされた物品の縫い合せ，縫い合せ手段，固定，固着または仕上げＢ６８Ｇ７／００）,・詰め物材料の取り付け手段［２００６．０１］
2025.01,タイトル変更,A47C 31/12,A47C 31/12,・いす，ベッドまたはマットレスを体型または体重に適応させるための手段，例．測定手段（衣服の製造のための人体を採寸する手段Ａ４１Ｈ１／００）［４］,・いす，ベッドまたはマットレスを体型または体重に適応させるための手段，例．測定手段［２００６．０１］
2025.01,タイトル変更,A47J 36/01,A47J 36/01,・・閉蓋装置,・・蓋をロックする装置
2025.01,タイトル変更,A47J 36/12,A47J 36/12,・・開放時に容器上で蓋を保持する装置,・・開放位置にある蓋を容器上で保持する装置
2025.01,タイトル変更,A47J 36/14,A47J 36/14,・注出口，例．容器と別体のもの,・注出用スパウト，例．容器とは別体の部品としてのもの
2025.01,タイトル変更,A47J 36/42,A47J 36/42,・かん石（ｓｃａｌｅ），すなわち，湯あか（ｆｕｒ）または類似のもの，の沈でん防止装置,・スケール，すなわち湯あか［ｆｕｒ］，または類似のものの堆積防止装置
2025.01,タイトル変更,A61B 1/00,A61B 1/00,視覚または写真的検査による人体の窩部または管部の内側の診断を行なうための機器，例．内視鏡（超音波，音波または亜音波を利用する人体の窩部または管部の診断Ａ６１Ｂ８／１２；細胞の標本を取るためのまたは生検のための内視鏡用器具Ａ６１Ｂ１０／０４；手術用Ａ６１Ｂ１７／００；内視鏡手術用機器Ａ６１Ｂ１７／９４；可撓性のある導管によって方向付られたレーザー光線を用いる手術用機器Ａ６１Ｂ１８／２２）そのための照明装置（眼の検査用Ａ６１Ｂ３／００）［４］,視覚または写真的検査による人体の窩部または管部の内側の診断を行なうための機器，例．内視鏡（超音波，音波または亜音波を利用する人体の窩部または管部の診断Ａ６１Ｂ８／１２；細胞の標本を取るためのまたは生検のための内視鏡用器具Ａ６１Ｂ１０／０４）；そのための照明装置（眼の検査用Ａ６１Ｂ３／００）［２００６．０１］
2025.01,タイトル変更,A61B 1/12,A61B 1/12,・冷却または濯ぎ洗いの装置を有するもの（Ａ６１Ｂ１／０１５が優先）［６］,・冷却または濯ぎ洗いの装置を有するもの［２００６．０１］
2025.01,タイトル変更,A61B 1/24,A61B 1/24,・口のためのもの，すなわち口腔鏡，例．舌を押下げる器具を有するもの（舌の押下げ器具それ自体はＡ６１Ｂ１３／００）；口を開かすための機器または口を開いたまま保持するもの（排唾器と結合するものＡ６１Ｃ１７／１０）［５］,・口のためのもの，すなわち口腔鏡，例．舌を押下げる器具を有するもの；口を開かすための機器または口を開いたまま保持するもの［２００６．０１］
2025.01,タイトル変更,A61B 1/32,A61B 1/32,・視界の開放または拡大用具，例．人体の管部に適用するもの（拡張器Ａ６１Ｍ２９／００）,・視界の開放または拡大用具，例．人体の管部に適用するもの［２００６．０１］
2025.01,タイトル変更,A61B 5/02,A61B 5/02,・脈拍，心拍，血圧または血流の測定；結合された脈拍／心拍／血圧の測定；他に分類されない心臓血管の状態の評価，例．このグループに分類される技術と心電計との結合を用いるもの；血圧測定用心臓カテーテル［５］,・心臓血管系を評価するための検出，測定または記録，例．脈拍，心拍，血圧または血流［２００６．０１］
2025.01,タイトル変更,A61B 5/021,A61B 5/021,・・心臓または血管内の圧力を測定するもの（Ａ６１Ｂ５／０２０５が優先）,・・心臓または血管内の圧力を測定するもの［２００６．０１］
2025.01,タイトル変更,A61B 5/024,A61B 5/024,・・脈拍または心拍を測定するもの（Ａ６１Ｂ５／０２０５，Ａ６１Ｂ５／０２１が優先）［５］,・・脈拍または心拍を測定するもの［２００６．０１］
2025.01,タイトル変更,A61B 5/05,A61B 5/05,・電流または磁場による診断のための検出，測定または記録；マイクロ波または電波を用いる測定（インピーダンスプレチスモグラフィＡ６１Ｂ５／０２９５；身体全体またはその部分の動きを測定するものＡ６１Ｂ５／１１；身体またはその部分の生体電気信号または生体磁気信号の検出，測定または記録Ａ６１Ｂ５／２４）［２０２１．０１］,・電流または磁場による診断のための検出，測定または記録；マイクロ波または電波を用いる測定（身体全体またはその部分の動きを測定するものＡ６１Ｂ５／１１；身体またはその部分の生体電気信号または生体磁気信号の検出，測定または記録Ａ６１Ｂ５／２４）［２０２１．０１］
2025.01,タイトル変更,A61B 5/06,A61B 5/06,・放射線を用いずに異物を検出または探知するための用具（異物を取出すためのものＡ６１Ｂ１７／５０）,・放射線を用いずに異物を検出または探知するための用具［２００６．０１］
2025.01,タイトル変更,A61B 5/08,A61B 5/08,・呼吸器官評価用の測定用装置（Ａ６１Ｂ５／０２０５が優先）［５］,・呼吸器官評価用の測定用装置［２００６．０１］
2025.01,タイトル変更,A61B 5/103,A61B 5/103,・診断目的のため，身体またはその部分の形，型，大きさまたは動きを検査するための測定用装置（Ａ６１Ｂ５／０８が優先；歯科用に特に適合した測定器Ａ６１Ｃ１９／０４）［５］,・診断目的のため，身体またはその部分の形，型，大きさまたは動きを検査するための測定用装置（歯科用に特に適合した測定器Ａ６１Ｃ１９／０４）［２００６．０１］
2025.01,タイトル変更,A61B 5/11,A61B 5/11,・・身体全体またはその部分の動きを測定するもの，例．頭または手の震えまたは４肢の運動性（脈はく測定のためのものＡ６１Ｂ５／０２）［５］,・・身体全体またはその部分の動きを測定するもの，例．頭または手の震えまたは４肢の運動性［２００６．０１］
2025.01,タイトル変更,A61B 5/145,A61B 5/145,・生体内の血液特性の測定，例．ガス濃度，ＰＨ値（血圧または血流の測定Ａ６１Ｂ５／０２；血液中の異物の放射線を用いない検出または検知Ａ６１Ｂ５／０６）［７］,・生体内の血液特性の測定，例．ガス濃度またはｐＨ値（血液中の異物の放射線を用いない検出または検知Ａ６１Ｂ５／０６）［２００６．０１］
2025.01,タイトル変更,A61B 5/15,A61B 5/15,・血液試料を採取するための装置（皮下注射器Ａ６１Ｍ５／１７８）［７］,・血液試料を採取するための装置［２００６．０１］
2025.01,タイトル変更,A61B 5/322,A61B 5/322,・・・・・ＥＣＧ波形を測定するための物的テンプレートまたは装置，例．心電図定規または心電図キャリパー（テンプレートマッチングによるものＡ６１Ｂ５／３５）［２０２１．０１］,・・・・・ＥＣＧ波形を測定するための物的テンプレートまたは装置，例．心電図定規または心電図キャリパー［２０２１．０１］
2025.01,タイトル変更,A61B 6/00,A61B 6/00,放射線診断のための装置または器具；放射治療機器と組み合わされた放射線診断のための装置または器具（核医学の分野に適用される放射線強度を判定する機器，例．生体内計数Ｇ０１Ｔ１／１６１；Ｘ線写真撮影装置Ｇ０３Ｂ４２／０２）［２０２４．０１］,放射線診断のための装置または器具；放射治療機器と組み合わされた放射線診断のための装置または器具（核医学の分野に適用される放射線強度を判定する機器，例．生体内計数Ｇ０１Ｔ１／１６１）［２０２４．０１］
2025.01,タイトル変更,A61B 6/04,A61B 6/04,・患者の位置決め；傾斜可能の寝台または類似装置（治療台Ａ６１Ｇ１３／００；治療用いすＡ６１Ｇ１５／００）［２００６．０１］,・患者の位置決め；傾斜可能の寝台または類似装置［２００６．０１］
2025.01,タイトル変更,A61B 7/04,A61B 7/04,・・電気聴診器（マイクロホン，そのための音響トランジュサＨ０４Ｒ）,・・電気聴診器［２００６．０１］
2025.01,タイトル変更,A61B 8/08,A61B 8/08,・組織の動きまたは変化の検出，例．腫瘍，嚢腫，腫脹（Ａ６１Ｂ８／０２～Ａ６１Ｂ８／０６が優先）［４］,・臨床応用（Ａ６１Ｂ８／０２，　Ａ６１Ｂ８／０４，Ａ６１Ｂ８／０６が優先）［２００６．０１］
2025.01,タイトル変更,A61B 8/12,A61B 8/12,・体腔または人体の管状部の内部で用いるもの（カテーテルそれ自体Ａ６１Ｍ２５／００）［４］,・体腔または人体の管状部の内部で用いるもの［２００６．０１］
2025.01,タイトル変更,A61B 8/13,A61B 8/13,・断層撮影（Ａ６１Ｂ８／１０，Ａ６１Ｂ８／１２が優先；放射線診断用断層撮影Ａ６１Ｂ６／０２）［５］,・断層撮影（Ａ６１Ｂ８／１０，Ａ６１Ｂ８／１２が優先）［２００６．０１］
2025.01,タイトル変更,A61B 10/00,A61B 10/00,他の診断法または診断機器，例．診断ワクチン接種用機器；性の決定；排卵期の決定；咽喉をたたく器具［４，８］,診断を目的として身体の試料を採取するための機器（血液試料を採取するためのものＡ６１Ｂ５／１５）；診断のための他の方法または機器，例．ワクチン接種の診断をするためのもの，性別の決定または排卵期の決定；咽喉をたたく器具［２００６．０１］
2025.01,タイトル変更,A61B 10/02,A61B 10/02,・細胞の標本を取るためのまたは生検のための機器（血液のサンプル採取用装置Ａ６１Ｂ５／１５）［８］,・細胞の標本を取るためのまたは生検のための機器［２００６．０１］
2025.01,タイトル変更,A61B 10/04,A61B 10/04,・・内視鏡用器具［８］,・・内視鏡用器具，例．カテーテル形の器具［２００６．０１］
2025.01,タイトル変更,A61B 17/00,A61B 17/00,手術用機器，器具，または方法，例．止血器（Ａ６１Ｂ１８／００が優先；避妊用具，ペッサリー，またはそのためのアプリケターＡ６１Ｆ６／００；眼科手術用Ａ６１Ｆ９／００７；耳科手術用Ａ６１Ｆ１１／２０）,手術用機器，器具，または方法（Ａ６１Ｂ１８／００が優先；歯科用工具Ａ６１Ｃ３／００；眼科手術用Ａ６１Ｆ９／００７；耳科手術用Ａ６１Ｆ１１／２０）［２００６．０１］
2025.01,タイトル変更,A61B 17/02,A61B 17/02,・傷の開口把持用；牽引器［２００６．０１］,・傷の開口把持用，例．開創器；牽引器［２００６．０１］
2025.01,タイトル変更,A61B 17/03,A61B 17/03,・傷の閉鎖用，または傷を閉鎖把持するもの，例．手術用ステープル；それらと使用するための付属具［２００６．０１］,・傷の閉鎖用，または傷を閉鎖把持するもの；それらと使用するための付属具［２００６．０１］
2025.01,タイトル変更,A61B 17/06,A61B 17/06,・・・縫合針；針または縫合材料のためのホルダまたは包装（穿刺針Ａ６１Ｂ１７／３４；皮下注射針Ａ６１Ｍ５／３２）［２００６．０１］,・・・縫合針；針または縫合材料のためのホルダまたは包装［２００６．０１］
2025.01,タイトル変更,A61B 17/072,A61B 17/072,・・・単一動作で一列のステープルを適用するためのもの［２００６．０１］,・・・単一動作で一列のステープルを適用するためのもの，例．同時に適用されるステープル［２００６．０１］
2025.01,タイトル変更,A61B 17/115,A61B 17/115,・・・ステープラー［２００６．０１］,・・・吻合するためのステープラー，例．単一の操作で［２００６．０１］
2025.01,タイトル変更,A61B 17/122,A61B 17/122,・・クランプまたはクリップ［２００６．０１］,・・クランプまたはクリップ，例．へその緒のためのもの［２００６．０１］
2025.01,タイトル変更,A61B 17/14,A61B 17/14,・手術用ののこぎり（歯科用のこぎりＡ６１Ｃ３／１２）［２００６．０１］,・手術用ののこぎり（歯のための歯科用のこぎりＡ６１Ｃ３／１２）［２００６．０１］
2025.01,タイトル変更,A61B 17/16,A61B 17/16,・砕骨器；骨用ドリルまたはノミ；円鋸［２００６．０１］,・骨砕術を行うための器具；骨用ドリルまたはノミ；円鋸［２００６．０１］
2025.01,タイトル変更,A61B 17/02,A61B 17/02,・ワクチン接種のためのものまたはワクチン接種に先だって皮膚を清浄するためのもの（注射装置Ａ６１Ｍ３／００，Ａ６１Ｍ５／００）［２００６．０１］,・ワクチン接種のためのものまたはワクチン接種に先だって皮膚を清浄するためのもの［２００６．０１］
2025.01,タイトル変更,A61B 17/03,A61B 17/03,・手術用ピンセット（傷口クランプＡ６１Ｂ１７／０８）［２００６．０１］,・手術用ピンセット，すなわち手術用鑷子［２００６．０１］
2025.01,タイトル変更,A61B 17/05,A61B 17/05,・ピンセットまたはつまようじ以外の人体から異物を取出すための器具［２００６．０１］,・人体から異物を取出すための器具（手術用ピンセット，すなわち手術用鑷子Ａ６１Ｂ１７／３０）［２００６．０１］
2025.01,タイトル変更,A61B 17/58,A61B 17/58,・・骨接合術用，例．骨の板，ねじまたは類似のもの（Ａ６１Ｂ１７／１４，Ａ６１Ｂ１７／１６が優先）［２００６．０１］,・・骨接合術用，例．骨の板，ねじまたははめ込み用器具（Ａ６１Ｂ１７／１４，Ａ６１Ｂ１７／１６が優先）［２００６．０１］
2025.01,タイトル変更,A61B 17/07,A61B 17/07,・・・・背骨の位置決め装置または安定化装置［２００６．０１］,・・・・背骨の位置決め装置または安定化装置，例．インプラント中の流動体の充填物を含むスタビライザー［２００６．０１］
2025.01,タイトル変更,A61B 17/72,A61B 17/72,・・・・髄内器具［２００６．０１］,・・・・髄内器具，例．ピンまたは釘［２００６．０１］
2025.01,タイトル変更,A61B 18/02,A61B 18/02,・冷却することによる，例．極低温技術（身体の特定のつぼ部分を，細胞の生命限界内で冷却する装置Ａ６１Ｈ３９／０６）［７］,・冷却することによる，例．極低温技術［２００６．０１］
2025.01,タイトル変更,A61B 18/04,A61B 18/04,・加熱することによる（電磁放射の適用によるものＡ６１Ｂ１８／１８；身体の特定のつぼを細胞の生命限界内で加熱する装置Ａ６１Ｈ３９／０６）［７］,・加熱することによる（電磁放射の適用によるものＡ６１Ｂ１８／１８）［２００６．０１］
2025.01,タイトル変更,A61B 18/18,A61B 18/18,・電磁放射の適用によるもの，例．マイクロ波（放射線治療Ａ６１Ｎ５／００）［７］,・電磁放射の適用によるもの，例．マイクロ波［２００６．０１］
2025.01,タイトル変更,A61B 90/00,A61B 90/00,Ａ６１Ｂ１／００－Ａ６１Ｂ５０／００のグループのいずれにも包含されない手術用または診断用に特に適合した機器，用具または付属品，例．脱臼処置または傷口保護のためのもの（保護用の顔面マスクＡ４１Ｄ１３／１１；外科医用または患者用のガウンまたは衣類Ａ４１Ｄ１３／１２；体液を除去，処理または導入するための装置Ａ６１Ｍ１／００）［２０１６．０１］,Ａ６１Ｂ１／００－Ａ６１Ｂ５０／００のグループのいずれにも包含されない手術用または診断用に特に適合した機器，用具または付属品，例．脱臼処置または傷口保護のためのもの［２０１６．０１］
2025.01,タイトル変更,A61B 90/06,A61B 90/06,・外科医のための支持具，例．椅子または手支持具（歯科用椅子または手術用椅子と組み合わせた歯科医用または外科医用の腰掛けＡ６１Ｇ１５／００）［２０１６．０１］,・外科医のための支持具，例．椅子または手支持具（歯科用椅子または手術用椅子と組み合わせた歯科医用または外科医用の腰掛けＡ６１Ｇ１５／０８）［２０１６．０１］
2025.01,タイトル変更,A61F 2/00,A61F 2/00,血管への植込み可能なフィルター；補綴，すなわち，身体の各部分のための人工的代用品または代替物；身体とそれらを結合するための器具；体の管状構造の開通状態を維持または閉塞を防止する装置，例．ステント（美容上の物品については，関連するサブクラスを参照のこと，例．かつらまたはヘアピースＡ４１Ｇ３／００，Ａ４１Ｇ５／００人造のつめＡ４５Ｄ３１／００；歯科補綴Ａ６１Ｃ１３／００；補綴材料Ａ６１Ｌ２７／００；人工腎臓Ａ６１Ｍ１／１４；人工心臓Ａ６１Ｍ６０／００）［２００６．０１］,血管への植込み可能なフィルター；補綴，すなわち，身体の各部分のための人工的代用品または代替物；身体とそれらを結合するための器具；体の管状構造の開通状態を維持または閉塞を防止する装置，例．ステント（歯科補綴Ａ６１Ｃ１３／００；人工腎臓Ａ６１Ｍ１／１４；人工心臓Ａ６１Ｍ６０／００）［２００６．０１］
2025.01,タイトル変更,A61F 2/04,A61F 2/04,・・器官の中空部分または管状部分，例．膀胱，気管，気管支または胆管（Ａ６１Ｆ２／１８，Ａ６１Ｆ２／２０が優先；ステントグラフト以外で人体の管状構造の開通状態を維持または閉塞を防止する装置，例．ステントＡ６１Ｆ２／８２；ステントまたはステントグラフトの設置または除去に特に適合した器具Ａ６１Ｆ２／９５）［４，８，２０１３．０１］,・・器官の中空部分または管状部分，例．膀胱，気管，気管支または胆管（Ａ６１Ｆ２／１８，Ａ６１Ｆ２／２０が優先；ステントまたはステントグラフトの設置または除去に特に適合した器具Ａ６１Ｆ２／９５）［２０１３．０１］
2025.01,タイトル変更,A61F 2/01,A61F 2/01,・・毛または皮膚移植［４］,・・毛または皮膚インプラント［２００６．０１］
2025.01,タイトル変更,A61F 2/14,A61F 2/14,・・眼の部分，例．水晶体，角膜移植（取り外し可能なコンタクトレンズＧ０２Ｃ７／０４）；義眼（有機プラスチック材料からの製造Ｂ２９Ｃ，Ｂ２９Ｄ１１／０２）［４］,・・眼の部分，例．レンズまたは角膜インプラント；義眼［２００６．０１］
2025.01,タイトル変更,A61F 2/02,A61F 2/02,・・喉頭；喉頭と結合した気管または喉頭と一緒に使用するための気管（気管，気管支それ自体Ａ６１Ｆ２／０４）［４］,・・喉頭；喉頭と結合した気管または喉頭と一緒に使用するための気管［２００６．０１］
2025.01,タイトル変更,A61F 2/28,A61F 2/28,・・骨（関節Ａ６１Ｆ２／３０）［４］,・・骨［２００６．０１］
2025.01,タイトル変更,A61F 2/46,A61F 2/46,・・・人工関節を植込むための特別の道具（手術用機器Ａ６１Ｂ１７／００）［４］,・・・人工関節を植込むための特別の道具［２００６．０１］
2025.01,タイトル変更,A61F 2/52,A61F 2/52,・・人工乳房（ブラジャーＡ４１Ｃ３／００）［４］,・・人工乳房（硬化用または胸部保形用のそう入物を有するブラジャーＡ４１Ｃ３／１０，Ａ４１Ｃ３／１４）［２００６．０１］
2025.01,タイトル変更,A61F 2/82,A61F 2/82,・人体の管状構造の開通状態を維持または閉塞を防止する装置，例．ステント（血管以外の人体の管状構造のためのステントグラフトＡ６１Ｆ２／０４；血管用のステントグラフトＡ６１Ｆ２／０７；ステントまたはステントグラフトの設置または除去に特に適合した器具Ａ６１Ｆ２／９５；傷の閉鎖用，または傷を閉鎖把持するものＡ６１Ｂ１７／０３；拡張器Ａ６１Ｍ２９／００）［８，２０１３．０１］,・人体の管状構造の開通状態を維持または閉塞を防止する装置，例．ステント（血管以外の人体の管状構造のためのステントグラフトＡ６１Ｆ２／０４；血管用のステントグラフトＡ６１Ｆ２／０７；拡張器Ａ６１Ｍ２９／００）［２０１３．０１］
2025.01,タイトル変更,A61F 2/88,A61F 2/88,・・・らせん状（ヘリカル）または渦巻き状（スパイラル）コイルとして形成されたワイヤ状の要素（ネット状またはメッシュ状の構造を形成するものＡ６１Ｆ２／９０）［８］,・・・らせん状（ヘリカル）または渦巻き状（スパイラル）コイルとして形成されたワイヤ状の要素［２００６．０１］
2025.01,タイトル変更,A61F 4/00,A61F 4/00,病人または身体障害者が身体の一部を形成しない装置または用具を操作できるようにする方法または装置（人工器官の操作または制御手段Ａ６１Ｆ２／４８，Ａ６１Ｆ２／６８）［４］,患者または身体障害者が身体の一部を形成しない装置または用具を操作できるようにする方法または装置［２００６．０１］
2025.01,タイトル変更,A61F 5/00,A61F 5/00,骨または関節の手術によらない処置のための整形外科的方法または用具（骨または関節の処置の手術用器具または方法，そのために特に適した器具Ａ６１Ｂ１７／５６）；看護用具（包帯，被覆用品または吸収パッドＡ６１Ｆ１３／００）［３，４，５］,骨または関節の手術によらない処置のための整形外科的方法または用具；看護用具（包帯，被覆用品または吸収パッドＡ６１Ｆ１３／００）［２００６．０１］
2025.01,タイトル変更,A61F 5/03,A61F 5/03,・・パッドを有するかまたはパッドのない腹部，乳房または胸部支持のためのコルセットまたは包帯（ブラジャーＡ４１Ｃ３／００）,・・パッドを有するかまたはパッドのない腹部，乳房または胸部支持のためのコルセットまたは包帯［２００６．０１］
2025.01,タイトル変更,A61F 5/03,A61F 5/03,・・圧力パッド（うおのめパッド，うおのめリングＡ６１Ｆ１３／０６）,・・圧力パッド［２００６．０１］
2025.01,タイトル変更,A61F 5/34,A61F 5/34,・・・空気または液体で充満された圧力パッド（医療用に特に適する弁Ａ６１Ｍ３９／００）,・・・空気または液体で充満された圧力パッド［２００６．０１］
2025.01,タイトル変更,A61F 5/41,A61F 5/41,・陰茎勃起を助長させる用具（陰茎植込物Ａ６１Ｆ２／２６；生殖器のマッサージＡ６１Ｈ１９／００）［４］,・陰茎勃起を助長させる用具［２００６．０１］
2025.01,タイトル変更,A61F 5/44,A61F 5/44,・尿，糞便，経血または他の排泄物を受けるために患者が身につける装置（吸収性パッド，例．月経帯，Ａ６１Ｆ１３／１５；傷の排臓器具Ａ６１Ｍ２７／００）；人工肛門用具（人工肛門用具の接着剤Ａ６１Ｌ２４／００；人工肛門用具の材料Ａ６１Ｌ２８／００）,・尿，糞便，経血または他の排泄物を受けるために患者が身につける装置（吸収性パッド，例．月経帯，Ａ６１Ｆ１３／１５；傷の排臓器具Ａ６１Ｍ２７／００）；人工肛門用具［２００６．０１］
2025.01,タイトル変更,A61F 6/00,A61F 6/00,避妊用具；ペッサリ；そのためのアプリケーター（避妊のための化学的事項Ａ６１Ｋ）［５］,避妊用具；ペッサリ；そのためのアプリケーター［２００６．０１］
2025.01,タイトル変更,A61F 7/00,A61F 7/00,人体の医学的または治療上の処置のための温熱または冷却器具（寝台枠またはマットレスに取り付ける加熱または冷却手段Ａ４７Ｃ２１／００；電界または磁界または超音波を用いるハイパーサーミアＡ６１Ｎ）［５］,人体の医学的または治療上の処置のための温熱または冷却器具（電界または磁界または超音波を用いるハイパーサーミアＡ６１Ｎ）［２００６．０１］
2025.01,タイトル変更,A61F 7/08,A61F 7/08,・暖めるパッド，寝床暖め器または暖めるマット（Ａ６１Ｆ７／０２が優先）；湯たんぽ［３］,・暖めるパッド，寝床暖め器または暖めるマット；湯たんぽ［２００６．０１］
2025.01,タイトル変更,A61F 9/06,A61F 9/06,・・溶接工のための覆面，たてまたはずきん（溶接のための安全装置一般Ｆ１６Ｐ１／００）,・・溶接工のための覆面，たてまたはずきん［２００６．０１］
2025.01,タイトル変更,A61F 13/15,A61F 13/15,・吸収パッド，例．身体の外部または内部に使用する月経用ナプキン，スワブまたはタンポン（非吸収性月経受け装置Ａ６１Ｆ５／４４）；吸収パッドの支持または止める手段；タンポンアプリケーター［５］,・吸収パッド，例．身体の外部または内部に使用する月経用ナプキン，スワブまたはタンポン；吸収パッドの支持または止める手段；タンポンアプリケーター［２００６．０１］
2025.01,タイトル変更,A61F 13/505,A61F 13/505,・・分離できる部分があるもの，例．捨てられる部分と再使用できる部分の組合わせ（Ａ６１Ｆ１３／２０が優先；支持または止める手段Ａ６１Ｆ１３／５６）［７］,・・分離できる部分があるもの，例．捨てられる部分と再使用できる部分の組合わせ（Ａ６１Ｆ１３／２０が優先）［２００６．０１］
2025.01,タイトル変更,A61F 13/534,A61F 13/534,・・・吸収体の厚み方向に不均質な組成になっているもの（Ａ６１Ｆ１３／５３８，Ａ６１Ｆ１３／５３９が優先；薄葉紙で包まれた均質のコアＡ６１Ｆ１３／５３１）［７］,・・・吸収体の厚み方向に不均質な組成になっているもの（Ａ６１Ｆ１３／５３８，Ａ６１Ｆ１３／５３９が優先）［２００６．０１］
2025.01,タイトル変更,A61G 13/06,A61G 13/06,・・台表面全体の上昇または下降（Ａ６１Ｇ１３／１４が優先）［５］,・・台表面全体の上昇または下降（Ａ６１Ｇ１３／０４が優先）［５］
2025.01,タイトル変更,A61H 31/00,A61H 31/00,人工呼吸または心臓刺激、例．心臓マッサージ（ガスまたは空気を使用する人工呼吸、例．口から口に行う呼吸Ａ６１Ｍ１６／００；刺激のために接触電極によって電流を通じるもの、例．心臓ペースメーカーＡ６１Ｎ１／３６）,胸部に加えられる力による人工呼吸；心臓刺激，例．心臓マッサージ（刺激のために接触電極により電流を加えるもの，例．心臓ペースメーカーＡ６１Ｎ１／３６）［２００６．０１］
2025.01,タイトル変更,A61H 31/02,A61H 31/02,・ガス呼吸手段と結合しまたは結合しない“鉄の肺”,・鉄の肺［２００６．０１］
2025.01,タイトル変更,A61K 9/127,A61K 9/127,・・リポゾーム［５］,・・合成二重層ビヒクル，例．リポソームまたは唯一の非ホスファチジル界面活性剤としてコレステロールを含むリポソーム［２０２５．０１］
2025.01,タイトル変更,A61K 35/15,A61K 35/15,・・・骨髄性細胞，例．顆粒球，好塩基球，好酸球，好中球，白血球，単球，マクロファージまたはマスト細胞；骨髄前駆細胞；抗原提示細胞，例．樹状細胞（特定の抗原を提示しているものＡ６１Ｋ３９／００；治療のための抗体またはそのフラグメントと血液由来細胞の組み合わせＡ６１Ｋ３９／００）［２０１５．０１］,・・・骨髄性細胞，例．顆粒球，好塩基球，好酸球，好中球，白血球，単球，マクロファージまたはマスト細胞；骨髄前駆細胞；抗原提示細胞，例．樹状細胞（治療のための抗体またはそのフラグメントと血液由来細胞の組み合わせＡ６１Ｋ３９／００；細胞免疫療法Ａ６１Ｋ４０／００）［２０２５．０１］
2025.01,タイトル変更,A61K 35/17,A61K 35/17,・・・リンパ球；Ｂ細胞；Ｔ細胞；ナチュラルキラー細胞；インターフェロン活性化またはサイトカイン活性化リンパ球（特定の抗原により活性化される場合Ａ６１Ｋ３９／００）［２０１５．０１］,・・・リンパ球；Ｂ細胞；Ｔ細胞；ナチュラルキラー細胞；インターフェロン活性化またはサイトカイン活性化リンパ球（細胞免疫療法Ａ６１Ｋ４０／００）［２０２５．０１］
2025.01,タイトル変更,A61M 16/00,A61M 16/00,ガスの取扱によって患者の呼吸器系に影響を与える装置，例．口うつし呼吸；気道管（機械的，空気的または電気的手段，ガス呼吸手段と結合する鉄の肺によって呼吸運動を刺激するものＡ６１Ｈ３１／００）［４］,ガスの取扱によって患者の呼吸器系に影響を与える装置，例．換気装置（鉄の肺Ａ６１Ｈ３１／０２）；気道管［２００６．０１］
2025.01,タイトル変更,A63B 69/00 502,A63B 69/00 502,・紐に係止されたボ－ルの打撃,・紐に係止されたボールの打撃
2025.01,タイトル変更,A63B 69/00 502 B,A63B 69/00 502 B,上下両方向に引張つているもの,上下両方向に引張っているもの
2025.01,タイトル変更,A63B 69/00 502 C,A63B 69/00 502 C,横に張つたロ－プを滑走するもの,横に張ったロープを滑走するもの
2025.01,タイトル変更,A63B 69/00 503,A63B 69/00 503,・固定または支持されたボ－ルの打撃,・固定または支持されたボールの打撃
2025.01,タイトル変更,A63B 69/00 504 A,A63B 69/00 504 A,バスケツトボ－ル,バスケットボール
2025.01,タイトル変更,A63B 69/00 504 C,A63B 69/00 504 C,練習用クラブ、打具,練習用クラブ，打具
2025.01,タイトル変更,A63B 69/00 504 D,A63B 69/00 504 D,練習用ボ－ル,練習用ボール
2025.01,タイトル変更,A63B 69/00 504 F,A63B 69/00 504 F,・ネツトのない標的,・ネットのない標的
2025.01,タイトル変更,A63B 69/00 505,A63B 69/00 505,・・野球，ソフトボ－ル,・・野球，ソフトボール
2025.01,タイトル変更,A63B 69/00 505 B,A63B 69/00 505 B,練習用ボ－ル,練習用ボール
2025.01,タイトル変更,A63B 69/00 505 C,A63B 69/00 505 C,標的、ベ－ス,標的，ベース
2025.01,タイトル変更,A63B 69/00 505 F,A63B 69/00 505 F,ケ－ジ、練習場,ケージ，練習場
2025.01,タイトル変更,A63B 69/00 505 J,A63B 69/00 505 J,・ボ－ルに設けたもの,・ボールに設けたもの
2025.01,タイトル変更,A63B 69/00 505 K,A63B 69/00 505 K,・標的、ベ－スに設けたもの,・標的，ベースに設けたもの
2025.01,タイトル変更,A63B 69/00 505 M,A63B 69/00 505 M,・ストライク判定、投球判定,・ストライク判定，投球判定
2025.01,タイトル変更,A63B 69/00 505 P,A63B 69/00 505 P,身体の動きを規制、拘束するもの,身体の動きを規制，拘束するもの
2025.01,タイトル変更,A63B 69/00 507,A63B 69/00 507,・・ゲ－トボ－ル,・・ゲートボール
2025.01,タイトル変更,A63B 69/00 507 A,A63B 69/00 507 A,練習用ボ－ル、ステイツク,練習用ボール，スティック
2025.01,タイトル変更,A63B 69/00 507 B,A63B 69/00 507 B,練習用ゲ－ト,練習用ゲート
2025.01,タイトル変更,A63B 69/00 507 C,A63B 69/00 507 C,練習用コ－ト、マツト,練習用コート，マット
2025.01,タイトル変更,A63B 69/00 508,A63B 69/00 508,・・ラグビ－，フツトボ－ル，ハンドボ－ル,・・ラグビー，フットボール，ハンドボール
2025.01,タイトル変更,A63B 69/00 509,A63B 69/00 509,・・サツカ－,・・サッカー
2025.01,タイトル変更,A63B 69/00 510,A63B 69/00 510,・・バレ－ボ－ル,・・バレーボール
2025.01,タイトル変更,A63B 69/00 511,A63B 69/00 511,・・ボ－リング,・・ボウリング
2025.01,タイトル変更,A63B 69/00 512,A63B 69/00 512,・サ－フイン，ヨツト,・サーフィン，ヨット
2025.01,タイトル変更,A63B 69/00 514,A63B 69/00 514,・ダンス，バレ－,・ダンス，バレエ
2025.01,タイトル変更,A63B 69/00 516,A63B 69/00 516,・スケ－ト練習,・スケート練習
2025.01,タイトル変更,A63B 69/00 517,A63B 69/00 517,・登山，ロツククライミングの練習,・登山，ロッククライミングの練習
2025.01,タイトル変更,A63B 69/00 518,A63B 69/00 518,・ハンググライダ－，スカイダイビングの練習,・ハンググライダー，スカイダイビングの練習
2025.01,タイトル変更,A63B 69/00 C,A63B 69/00 C,トレ－ニング管理,トレーニング管理
2025.01,タイトル変更,A63B 69/00 Z,A63B 69/00 Z,その他のもの〔例．弓道，スケ－ト〕,その他のもの
2025.01,タイトル変更,A63B 69/02 G,A63B 69/02 G,フエンシング,フェンシング
2025.01,タイトル変更,A63B 69/12 A,A63B 69/12 A,ペ－スメ－カ,ペースメーカ
2025.01,タイトル変更,A63B 69/12 B,A63B 69/12 B,流水プ－ル,流水プール
2025.01,タイトル変更,A63B 69/18 B,A63B 69/18 B,ロ－ラ－スキ－によるもの,ローラースキーによるもの
2025.01,タイトル変更,A63B 69/36 501 A,A63B 69/36 501 A,ウツド、アイアン,ウッド，アイアン
2025.01,タイトル変更,A63B 69/36 501 C,A63B 69/36 501 C,・グリツプ部分,・グリップ部分
2025.01,タイトル変更,A63B 69/36 501 D,A63B 69/36 501 D,パタ－,パター
2025.01,タイトル変更,A63B 69/36 501 F,A63B 69/36 501 F,・ウツドアイアンにおける飛距離表示,・ウッド，アイアンにおける飛距離表示
2025.01,タイトル変更,A63B 69/36 501 K,A63B 69/36 501 K,・・グリツプ圧力表示,・・グリップ圧力表示
2025.01,タイトル変更,A63B 69/36 501 L,A63B 69/36 501 L,・ウツド、アイアンにおける方向表示,・ウッド，アイアンにおける方向表示
2025.01,タイトル変更,A63B 69/36 501 M,A63B 69/36 501 M,・パタ－における表示,・パターにおける表示
2025.01,タイトル変更,A63B 69/36 502 B,A63B 69/36 502 B,一点固定のスイング矯正ア－ムによるもの,一点固定のスイング矯正アームによるもの
2025.01,タイトル変更,A63B 69/36 502 C,A63B 69/36 502 C,マツト上のガイド,マット上のガイド
2025.01,タイトル変更,A63B 69/36 502 D,A63B 69/36 502 D,パタ－のガイド,パターのガイド
2025.01,タイトル変更,A63B 69/36 504,A63B 69/36 504,・・練習用ボ－ルまたはその代用品,・・練習用ボールまたはその代用品
2025.01,タイトル変更,A63B 69/36 504 A,A63B 69/36 504 A,ボ－ルの構造,ボールの構造
2025.01,タイトル変更,A63B 69/36 504 C,A63B 69/36 504 C,・板状ボ－ル,・板状ボール
2025.01,タイトル変更,A63B 69/36 504 D,A63B 69/36 504 D,・発泡体製ボ－ル,・発泡体製ボール
2025.01,タイトル変更,A63B 69/36 505,A63B 69/36 505,・・・紐で係止したボ－ル,・・・紐で係止したボール
2025.01,タイトル変更,A63B 69/36 505 A,A63B 69/36 505 A,床、マツトに紐を固定したもの,床，マットに紐を固定したもの
2025.01,タイトル変更,A63B 69/36 505 F,A63B 69/36 505 F,ボ－ルへの紐の取付部分,ボールへの紐の取付部分
2025.01,タイトル変更,A63B 69/36 505 H,A63B 69/36 505 H,・飛距離、打撃力の表示,・飛距離，打撃力の表示
2025.01,タイトル変更,A63B 69/36 505 J,A63B 69/36 505 J,・飛球方向、玉球の表示,・飛球方向，玉球の表示
2025.01,タイトル変更,A63B 69/36 506,A63B 69/36 506,・・・支持または固定されたボ－ル,・・・支持または固定されたボール
2025.01,タイトル変更,A63B 69/36 506 E,A63B 69/36 506 E,テイとボ－ルが一体であるもの,ティーとボールが一体であるもの
2025.01,タイトル変更,A63B 69/36 511,A63B 69/36 511,・・マツト,・・マット
2025.01,タイトル変更,A63B 69/36 511 A,A63B 69/36 511 A,マツト構造,マット構造
2025.01,タイトル変更,A63B 69/36 511 C,A63B 69/36 511 C,・ボ－ル溜め、テイ等を有するもの,・ボール溜め，ティー等を有するもの
2025.01,タイトル変更,A63B 69/36 511 E,A63B 69/36 511 E,・横移動可能マツト,・横移動可能マット
2025.01,タイトル変更,A63B 69/36 511 G,A63B 69/36 511 G,足マツト,足マット
2025.01,タイトル変更,A63B 69/36 511 H,A63B 69/36 511 H,パツテイング用,パッティング用
2025.01,タイトル変更,A63B 69/36 511 J,A63B 69/36 511 J,・起状付マツト,・起状付マット
2025.01,タイトル変更,A63B 69/36 512 F,A63B 69/36 512 F,・ひも、くさりで固定するもの,・ひも，くさりで固定するもの
2025.01,タイトル変更,A63B 69/36 512 J,A63B 69/36 512 J,・足場台と基台との間に中間ボ－ドを有するもの,・足場台と基台との間に中間ボードを有するもの
2025.01,タイトル変更,A63B 69/36 512 M,A63B 69/36 512 M,・パツテイング用,・パッティング用
2025.01,タイトル変更,A63B 69/36 513,A63B 69/36 513,・・練習用テイ,・・練習用ティー
2025.01,タイトル変更,A63B 69/36 513 A,A63B 69/36 513 A,練習用テイの構造,練習用ティーの構造
2025.01,タイトル変更,A63B 69/36 513 B,A63B 69/36 513 B,テイへのボ－ルの供給,ティーへのボールの供給
2025.01,タイトル変更,A63B 69/36 513 C,A63B 69/36 513 C,・上下動テイへのボ－ルの供給,・上下動ティーへのボールの供給
2025.01,タイトル変更,A63B 69/36 513 D,A63B 69/36 513 D,・・ボ－ルの有無により自動的に供給するもの,・・ボールの有無により自動的に供給するもの
2025.01,タイトル変更,A63B 69/36 513 E,A63B 69/36 513 E,・固定テイへのボ－ルの供給,・固定ティーへのボールの供給
2025.01,タイトル変更,A63B 69/36 513 F,A63B 69/36 513 F,・・供給ア－ムが垂直に動くもの,・・供給アームが垂直に動くもの
2025.01,タイトル変更,A63B 69/36 513 G,A63B 69/36 513 G,・・供給ア－ムが水平に動くもの,・・供給アームが水平に動くもの
2025.01,タイトル変更,A63B 69/36 513 H,A63B 69/36 513 H,・・テイまでの球転動案内路を用いたもの,・・ティーまでの球転動案内路を用いたもの
2025.01,タイトル変更,A63B 69/36 514,A63B 69/36 514,・・練習用カツプ（パタ－練習用）,・・パター練習用カップ
2025.01,タイトル変更,A63B 69/36 514 A,A63B 69/36 514 A,練習用カツプの構造,練習用カップの構造
2025.01,タイトル変更,A63B 69/36 514 G,A63B 69/36 514 G,・練習用グリ－ンに設けるもの,・練習用グリーンに設けるもの
2025.01,タイトル変更,A63B 69/36 515 B,A63B 69/36 515 B,・反射板、衝突型〔開口なし〕,・反射板または衝突型であって開口のないもの
2025.01,タイトル変更,A63B 69/36 521,A63B 69/36 521,・・ゴルフ練習ゲ－ジ,・・ゴルフ練習ケージ
2025.01,タイトル変更,A63B 69/36 521 A,A63B 69/36 521 A,ケ－ジの構造,ケージの構造
2025.01,タイトル変更,A63B 69/36 522 A,A63B 69/36 522 A,同一打席で連続して行うもの〔打ちぱなし練習場〕,同一打席で連続して行うもの，例．打ちっぱなし練習場
2025.01,タイトル変更,A63B 69/36 522 B,A63B 69/36 522 B,コ－スを模擬したもの,コースを模擬したもの
2025.01,タイトル変更,A63B 69/36 522 D,A63B 69/36 522 D,テイ－グランド,ティーグランド
2025.01,タイトル変更,A63B 69/36 522 E,A63B 69/36 522 E,バンカ－,バンカー
2025.01,タイトル変更,A63B 69/36 522 F,A63B 69/36 522 F,練習用グリ－ン,練習用グリーン
2025.01,タイトル変更,A63B 69/36 522 H,A63B 69/36 522 H,ネツトの張り方,ネットの張り方
2025.01,タイトル変更,A63B 69/36 522 J,A63B 69/36 522 J,集球、回収,集球，回収
2025.01,タイトル変更,A63B 69/36 522 K,A63B 69/36 522 K,・傾斜面に造つてあるもの,・傾斜面に造ってあるもの
2025.01,タイトル変更,A63B 69/36 522 T,A63B 69/36 522 T,・グリ－ン上の排球、返球,・グリーン上の排球，返球
2025.01,タイトル変更,A63B 69/36 522 V,A63B 69/36 522 V,打席への球の供給、分配,打席への球の供給，分配
2025.01,タイトル変更,A63B 69/36 522 W,A63B 69/36 522 W,練習場の管理、表示,練習場の管理，表示
2025.01,タイトル変更,A63B 69/36 531 B,A63B 69/36 531 B,・手、腕を拘束するもの,・手，腕を拘束するもの
2025.01,タイトル変更,A63B 69/36 531 D,A63B 69/36 531 D,目、頭の動きを規制するための照準手段の使用,目，頭の動きを規制するための照準手段の使用
2025.01,タイトル変更,A63B 69/36 531 E,A63B 69/36 531 E,・頭部、帽子、眼鏡に付けたもの,・頭部，帽子，眼鏡に付けたもの
2025.01,タイトル変更,A63B 69/36 531 F,A63B 69/36 531 F,パツテイングにおけるもの,パッティングにおけるもの
2025.01,タイトル変更,A63B 69/36 533,A63B 69/36 533,・・パツテイング練習,・・パッティング練習
2025.01,タイトル変更,A63B 69/36 541,A63B 69/36 541,・・スイング解析（フエ－ス角度，ヘツドスピ－ド，インパクト点など）,・・スイング解析，例．フェース角度，ヘッドスピード，インパクト点など
2025.01,タイトル変更,A63B 69/36 541 A,A63B 69/36 541 A,インパクト点検出〔打痕〕,インパクト点検出，例．打痕の検出
2025.01,タイトル変更,A63B 69/36 541 E,A63B 69/36 541 E,・インパクト点に当ると音、光を発するもの,・インパクト点に当ると音，光を発するもの
2025.01,タイトル変更,A63B 69/36 541 F,A63B 69/36 541 F,スイング軌跡をマツトに表わすもの,スイング軌跡をマットに表わすもの
2025.01,タイトル変更,A63B 69/36 541 J,A63B 69/36 541 J,・ボ－ル、ヘツドのストロボ残像表示,・ボール，ヘッドのストロボ残像表示
2025.01,タイトル変更,A63B 69/36 541 K,A63B 69/36 541 K,ボ－ル、ヘツドの直接接触により検出するもの,ボール，ヘッドの直接接触により検出するもの
2025.01,タイトル変更,A63B 69/36 541 P,A63B 69/36 541 P,無接触センサ－により検出するもの,無接触センサーにより検出するもの
2025.01,タイトル変更,A63B 69/36 541 V,A63B 69/36 541 V,・パツテイングにおけるもの,・パッティングにおけるもの
2025.01,タイトル変更,A63B 69/36 A,A63B 69/36 A,スイングリズム発生〔ペ－スメ－カ〕,スイングリズム発生，例．ペースメーカ
2025.01,タイトル変更,A63B 69/36 C,A63B 69/36 C,診断カ－ド,診断カード
2025.01,タイトル変更,A63B 69/38 A,A63B 69/38 A,練習用ラケツト,練習用ラケット
2025.01,タイトル変更,A63B 69/38 C,A63B 69/38 C,練習用中央ネツト，標的,練習用中央ネット，標的
2025.01,タイトル変更,A63B 69/38 E,A63B 69/38 E,テニス練習用コ－ト，ケ－ジ,テニス練習用コート，ケージ
2025.01,タイトル変更,A63B 69/04 501 F,A63B 69/04 501 F,ア－ム式,アーム式
2025.01,タイトル変更,A63B 69/04 501 G,A63B 69/04 501 G,・ア－ムが一回転するもの,・アームが一回転するもの
2025.01,タイトル変更,A63B 69/04 501 H,A63B 69/04 501 H,・ア－ムが半回転するもの,・アームが半回転するもの
2025.01,タイトル変更,A63B 69/04 501 J,A63B 69/04 501 J,・ア－ム先端のボ－ル受具,・アーム先端のボール受具
2025.01,タイトル変更,A63B 69/04 501 K,A63B 69/04 501 K,カタパルト式〔バネ〕,カタパルト式の内，バネを利用するもの
2025.01,タイトル変更,A63B 69/04 501 P,A63B 69/04 501 P,カタパルト式〔空圧〕,カタパルト式の内，空圧を利用するもの
2025.01,タイトル変更,A63B 69/04 511 C,A63B 69/04 511 C,・ホツパ－、球収納容器部,・ホッパー，球収納容器部
2025.01,タイトル変更,A63B 69/04 511 D,A63B 69/04 511 D,・シユ－ト部,・シュート部
2025.01,タイトル変更,A63B 69/04 511 F,A63B 69/04 511 F,・ア－ム式と結合,・アーム式と結合
2025.01,タイトル変更,A63B 69/04 511 G,A63B 69/04 511 G,・カタパルト式〔バネ〕と結合,・バネ方式のカタパルト式と結合
2025.01,タイトル変更,A63B 69/04 511 H,A63B 69/04 511 H,・カタパルト式〔空圧〕と結合,・空圧方式のカタパルト式と結合
2025.01,タイトル変更,A63B 69/04 A,A63B 69/04 A,脚、車輪,脚，車輪
2025.01,タイトル変更,A63B 69/04 B,A63B 69/04 B,付属品、ケ－ス,付属品，ケース
2025.01,タイトル変更,B08B 3/12,B08B 3/12,・・・音波または超音波振動によるもの（音波または超音波を用いる瀬戸物または食卓容器具の洗浄またはすすぎ機械Ａ４７Ｌ１５／１３；自然歯に用いられるものと類似の超音波技術を用いる義歯の清掃Ａ６１Ｃ１７／２０；化学的，物理的または物理化学的プロセス一般への超音波振動の応用Ｂ０１Ｊ１９／１０）［２００６．０１］,・・・音波または超音波振動によるもの［２００６．０１］
2025.01,タイトル変更,B08B 3/14,B08B 3/14,・・・清掃液体からの廃棄物の除去，例．ラベル（水の処理一般Ｃ０２Ｆ）［５］,・・・清掃液体からの廃棄物，例．ラベル，の除去［２００６．０１］
2025.01,タイトル変更,B08B 5/00,B08B 5/00,空気流またはガス流の使用を含む方法による清掃（Ｂ０８Ｂ６／００，Ｂ０８Ｂ９／００が優先）［２，７］,空気流またはガス流の使用を含む方法による清掃（特に中空の物品に適した方法または装置による中空物品の清掃Ｂ０８Ｂ９／００）［２００６．０１］
2025.01,タイトル変更,B08B 5/04,B08B 5/04,・補助作用の有無にかかわりない吸入による清掃（吸引掃除機Ａ４７Ｌ）,・補助作用の有無にかかわりない吸入による清掃［２００６．０１］
2025.01,タイトル変更,B08B 6/00,B08B 6/00,静電気手段による清掃（静電気的に作用する家庭の清掃具Ａ４７Ｌ１３／４０；溝付きの記録担体の清掃Ｇ１１Ｂ３／５８）［２］,静電気手段による清掃［２００６．０１］
2025.01,タイトル変更,B08B 9/00,B08B 9/00,特に中空の物品に適した方法または装置による中空物品の清掃（Ｂ０８Ｂ６／００が優先）［２００６．０１］,特に中空の物品に適した方法または装置による中空物品の清掃［２００６．０１］
2025.01,タイトル変更,B08B 11/04,B08B 11/04,・板ガラスを特に採用したもの，例．ウインドシールドの製造前（永久固定板間の隙間相互の清掃Ｅ０６Ｂ３／６７７）,・特に板ガラスに適した方法または装置による板ガラスの清掃，例．ウインドシールドの製造前［２００６．０１］
2025.01,タイトル変更,B08B 15/00,B08B 15/00,じんあいまたは臭気の発生地区における漏れ防止；その地区におけるじんあいまたは臭気の収集または除去（加熱調理容器から蒸気を抜き出しするまたは凝縮するための加熱調理容器の部品，細部または付属具Ａ４７Ｊ３６／３８；ゴミ処理Ｂ６５Ｆ；煙またはガスを誘導するための装置，例．煙道Ｆ２３Ｊ１１／００；家庭用ストーブまたはレンジからの調理時のくん煙の除去Ｆ２４Ｃ１５／２０；空調，換気Ｆ２４Ｆ）［５］,じんあいまたは臭気の発生地区における漏れ防止；その地区におけるじんあいまたは臭気の収集または除去［２００６．０１］
2025.01,タイトル変更,B60K 1/00,B60K 1/00,電気的推進装置の配置または取付け（Ｂ６０Ｋ７／００が優先；相互または共通の推進のための複数の異なった原動力の配置または取付けＢ６０Ｋ６／００；電気的動力伝達装置Ｂ６０Ｋ１７／１２；電気的推進車両の電気的装置または推進それ自体Ｂ６０Ｌ；電気的推進車両の動力供給線からの集電装置Ｂ６０Ｌ５／００）［５］,電気的推進装置の配置または取付け（Ｂ６０Ｋ７／００が優先；相互または共通の推進のための複数の異なった原動力の配置または取付けＢ６０Ｋ６／００）［２００６．０１］
2025.01,タイトル変更,B60K 1/04,B60K 1/04,・推進用の蓄電装置をもつもの（車両の電気的推進用バッテリーの交換Ｂ６０Ｌ５３／８０；補助目的のみのものＢ６０Ｒ１６／０４；車両に電池を取り付けるもの，または車両から電池を取外すものＢ６０Ｓ５／０６）［２０１９．０１］,・推進用の蓄電手段のもの［２０１９．０１］
2025.01,タイトル変更,B60K 3/00,B60K 3/00,蒸気圧またはガス圧推進装置の配置または取付け（Ｂ６０Ｋ７／００が優先；相互または共通の推進のための複数の異なった原動力の配置または取付けＢ６０Ｋ６／００；ガス伝動力伝達装置Ｂ６０Ｋ１７／００）［５］,蒸気圧またはガス圧推進装置の配置または取付け（Ｂ６０Ｋ７／００が優先；相互または共通の推進のための複数の異なった原動力の配置または取付けＢ６０Ｋ６／００）［２００６．０１］
2025.01,タイトル変更,B60K 7/00,B60K 7/00,牽引車輪内または牽引車輪に隣接するモータの配置（ローラスケート駆動機構Ａ６３Ｃ１７／１２）,牽引車輪内または牽引車輪に隣接するモータの配置［２００６．０１］
2025.01,タイトル変更,B60K 11/00,B60K 11/00,推進装置の冷却に関する配置（内部空間の加熱Ｂ６０Ｈ；内燃機関の冷却それ自体Ｆ０１Ｐ）,推進装置の冷却に関する配置［２００６．０１］
2025.01,タイトル変更,B60K 13/00,B60K 13/00,燃焼装置の通気口または推進装置の排気口に関する配置（路上または類似の表面の雪または氷を融かすためにならすことＥ０１Ｈ５／００，Ｅ０１Ｈ６／００；機関の構成部分Ｆ０１Ｎ；燃焼機関への可燃混合物またはその成分の供給Ｆ０２Ｍ）,燃焼装置の通気口または推進装置の排気口に関する配置［２００６．０１］
2025.01,タイトル変更,B60K 13/04,B60K 13/04,・排気に関するもの（内燃機関の排気消音器それ自体Ｆ０１Ｎ）,・排気に関するもの［２００６．０１］
2025.01,タイトル変更,B60K 15/00,B60K 15/00,燃焼機関の燃料供給に関する配置；燃料タンクの取付けまたは構造（タンク一般Ｂ６５Ｄ，Ｆ１７Ｃ；燃焼機関への可燃混合物またはその成分の供給Ｆ０２Ｍ）［５］,燃焼機関の燃料供給に関する配置；燃料タンクの取付けまたは構造［２００６．０１］
2025.01,タイトル変更,B60K 15/01,B60K 15/01,・燃料導管の配置（流体導管手段を形成する車台フレームＢ６２Ｄ２１／１７）［５］,・燃料導管の配置［２００６．０１］
2025.01,タイトル変更,B60K 15/03,B60K 15/03,・燃料タンク（流体貯蔵室を構成する車台フレームＢ６２Ｄ２１／１６）［５］,・燃料タンク［２００６．０１］
2025.01,タイトル変更,B60K 15/01,B60K 15/01,・ガス発生装置に関するもの（ガス発生装置それ自体Ｃ１０Ｊ）,・ガス発生装置に関するもの［２００６．０１］
2025.01,タイトル変更,B60K 16/00,B60K 16/00,自然の力，例．太陽，風，からの，車両の推進装置の動力供給に関する配置（自然の力，例．太陽，風，から動力を供給する電気的推進Ｂ６０Ｌ８／００；水に係合する推進器を駆動する風力原動機による舶用推進Ｂ６３Ｈ１３／００；車両における設置に特に適合した風力原動機Ｆ０３Ｄ９／３２）［２０２０．０１］,自然の力，例．太陽，風，からの，車両の推進装置の動力供給に関する配置（自然の力，例．太陽，風，から動力を供給する電気的推進Ｂ６０Ｌ８／００；車両における設置に特に適合した風力原動機Ｆ０３Ｄ９／３２）［２０２０．０１］
2025.01,タイトル変更,B60K 17/00,B60K 17/00,車両の動力伝達装置の配置または取付け（トルク伝達軸Ｂ６０Ｂ３５／１２；変向できない車輪による操向のために動力伝達装置と操向装置が結合したものＢ６２Ｄ１１／００；クラッチそれ自体，例．その構造，Ｆ１６Ｄ；伝動装置それ自体，例．その構造，Ｆ１６Ｈ）［２］,車両中の動力伝達装置の配置または取付け［２００６．０１］
2025.01,タイトル変更,B60K 17/04,B60K 17/04,・伝動装置の配置，位置決め，または種類に特徴があるもの（電気的推進車両の電気的装置または推進Ｂ６０Ｌ）,・伝動装置の配置，位置決め，または種類に特徴があるもの［２００６．０１］
2025.01,タイトル変更,B60K 17/01,B60K 17/01,・・流体伝動装置に関するもの（流体クラッチＢ６０Ｋ１７／０２）,・・流体伝動装置に関するもの［２００６．０１］
2025.01,タイトル変更,B60K 17/12,B60K 17/12,・・電気伝動装置に関するもの（電動クラッチＢ６０Ｋ１７／０２）,・・電気伝動装置に関するもの［２００６．０１］
2025.01,タイトル変更,B60K 17/14,B60K 17/14,・・牽引車輪内または牽引車輪に隣接して配置された流体または電気伝動装置のモータ（Ｂ６０Ｋ７／００，Ｂ６０Ｋ１７／３５６が優先）［４］,・・牽引車輪内または牽引車輪に隣接して配置された流体または電気伝動装置のモータ［２００６．０１］
2025.01,タイトル変更,B60K 17/34,B60K 17/34,・前後車輪を駆動するもの，例．四輪駆動車両（被駆動車輪数を変える制御装置の配置または取付けＢ６０Ｋ２３／０８）,・前後車輪を駆動するもの，例．四輪駆動車両［２００６．０１］
2025.01,タイトル変更,B60K 17/35,B60K 17/35,・・・動力伝達を抑制する，または動力伝達に影響を及ぼす装置，例．粘性クラッチ，を含むもの（ロック装置を有する差動伝動装置Ｆ１６Ｈ４８／２０）［４，６］,・・・動力伝達を抑制する，または動力伝達に影響を及ぼす装置，例．粘性クラッチ，を含むもの［２００６．０１］
2025.01,タイトル変更,B60K 17/356,B60K 17/356,・・一またはそれ以上の車輪を駆動する流体または電気モータを有するもの（牽引車輪内またはそれに隣接するモータの配置Ｂ６０Ｋ７／００）［４］,・・一またはそれ以上の車輪を駆動する流体または電気モータを有するもの［２００６．０１］
2025.01,タイトル変更,B60K 20/00,B60K 20/00,車両における変速機制御装置の配置または取付け（車両制御装置の特別の適用のある移動可能な運転台Ｂ６２Ｄ３３／０７３；その制御装置それ自体Ｆ１６Ｈ）［２，５］,車両における変速機制御装置の配置または取付け［２００６．０１］
2025.01,タイトル変更,B60K 20/02,B60K 20/02,・操作手段（制御機構一般Ｇ０５Ｇ）［２］,・操作手段［２００６．０１］
2025.01,タイトル変更,B60K 23/00,B60K 23/00,車両の動力伝達装置用制御装置の配置または取付け，またはその部品で，他に分類されないもの（変向できない車輪による操向のために動力伝達装置と操向装置が結合したものＢ６２Ｄ１１／００；車両制御装置の特別の適用のある移動可能な運転台Ｂ６２Ｄ３３／０７３；その制御装置それ自体Ｆ１６Ｄ，Ｆ１６Ｈ）［２，５］,車両の動力伝達装置用制御装置の配置または取付け，またはその部品で，他に分類されないもの［２００６．０１］
2025.01,タイトル変更,B60K 25/00,B60K 25/00,補機駆動装置（Ｂ６０Ｋ１６／００が優先；車両に搭載されたタイヤ膨脹用ポンプの配置Ｂ６０Ｃ２３／１０；補助機関の駆動装置Ｆ０２Ｂ）［５］,補助駆動装置（車両に搭載されたタイヤ膨脹用ポンプの配置Ｂ６０Ｃ２３／１０）［２００６．０１］
2025.01,タイトル変更,B60K 25/06,B60K 25/06,・動力伝達装置の動力取出し装置によるもの（動力取出し装置をもつ動力伝達装置Ｂ６０Ｋ１７／２８）,・動力伝達装置の動力取出し装置によるもの［２００６．０１］
2025.01,タイトル変更,B60K 25/01,B60K 25/01,・車両の走行運動の振動により直接駆動されるもの（圧縮空気のような利用できるエネルギーを蓄える緩衝器をもつ弾性的懸架装置Ｂ６０Ｇ１３／１４）［５］,・車両の走行運動の振動により直接駆動されるもの［２００６．０１］
2025.01,タイトル変更,B60K 26/00,B60K 26/00,車両における推進装置用制御装置の配置または取付け（車両制御装置の特別の適用のある移動可能な運転台Ｂ６２Ｄ３３／０７３）［２，５］,車両における推進装置用制御装置の配置または取付け［２００６．０１］
2025.01,タイトル変更,B60K 28/00,B60K 28/00,車両に特に適合されまたは配置される推進装置制御用の安全装置，例．潜在的な危険状態時の燃料供給または点火の阻止（電気推進車両用Ｂ６０Ｌ３／００；特定のサブユニットの制御には関連のない目的のための道路走行用車両の運動制御システムＢ６０Ｗ３０／００；自律的な道路走行用車両に特に適合される運動制御システムＢ６０Ｗ６０／００）［２００６．０１］,車両に特に適合されまたは配置される推進装置制御用の安全装置，例．潜在的な危険状態時の燃料供給または点火の阻止（電気推進車両用の電気的保安装置Ｂ６０Ｌ３／００）［２００６．０１］
2025.01,タイトル変更,B60K 28/16,B60K 28/16,・・車輪の回転またはすべりに応じ，または防止するもの（車両の駆動を安定させるための制動制御方式Ｂ６０Ｔ８／１７５５；車輪制動力を調整するために速度条件に応じる装置Ｂ６０Ｔ８／３２；推進装置のみの制御以外の方法による車両の安定の制御Ｂ６０Ｗ３０／０２；鉄道車両において動力を減じて車輪のスリップを防止するものＢ６１Ｃ１５／１２）［４，８］,・・車輪の回転またはすべりに応じ，または防止するもの［２００６．０１］
2025.01,タイトル変更,B60K 31/00,B60K 31/00,車両速度を自動的に制御する車両付属品であって，単一のサブユニットのみに作用するもの，すなわち，車両速度が任意に設定した速度を越えるのを防止し，または車両運転者が選択した特定の速度に車両速度を維持するもの（２以上のサブユニットに作用する車両付属品Ｂ６０Ｗ３０／１４；推進装置の制御一般，関連クラスまたはサブクラス，例．Ｆ０２Ｄ，を参照；速度計Ｇ０１Ｐ；速度制御システムまたは装置一般Ｇ０５Ｄ１３／００）［２，８］,車両速度を自動的に制御する車両付属品であって，単一のサブユニットのみに作用するもの，すなわち，車両速度が任意に設定した速度を越えるのを防止し，または車両運転者が選択した特定の速度に車両速度を維持するもの［２００６．０１］
2025.01,タイトル変更,B64D 1/00,B64D 1/00,物品，液体等の飛行中の投下，発射，解放，受け入れ（武器の照準に関してはＦ４１Ｇが優先；パラシュートＢ６４Ｄ１７／００；射出できる座席Ｂ６４Ｄ２５／１０；射出できるカプセルＢ６４Ｄ２５／１２；飛行中の燃料供給Ｂ６４Ｄ３９／００；射出する投射体またはミサイルの発射装置Ｆ４１Ｆ１／００，Ｆ４１Ｆ７／００；ロケットまたは魚雷のランチャーＦ４１Ｆ３／００）,物品，液体等の飛行中の投下，発射，解放，受け入れ（武器用照準器または照準合わせＦ４１Ｇ；飛行中の燃料供給Ｂ６４Ｄ３９／００；射出する投射体またはミサイルの発射装置Ｆ４１Ｆ１／００，Ｆ４１Ｆ７／００；ロケットまたは魚雷のランチャーＦ４１Ｆ３／００）［２００６．０１］
2025.01,タイトル変更,B64D 1/04,B64D 1/04,・・物品が爆発性のあるもの，例．爆弾（爆弾信管の起爆整備または組立てＦ４２Ｃ）,・・物品が爆発性のあるもの，例．爆弾［２００６．０１］
2025.01,タイトル変更,B64D 1/18,B64D 1/18,・・噴霧によるもの，例．殺虫剤（噴霧装置一般Ｂ０５Ｂ）,・・噴霧によるもの，例．殺虫剤［２００６．０１］
2025.01,タイトル変更,B64D 3/02,B64D 3/02,・標的を曳航するもの（曳航標的それ自体Ｆ４１Ｊ）,・標的を曳航するもの［２００６．０１］
2025.01,タイトル変更,B64D 5/00,B64D 5/00,航空機によって輸送される航空機，例．飛行中に解放または再寄留するためのもの（別体の航空機を備えて形成される飛行体Ｂ６４Ｃ３７／０２）,航空機によって輸送される航空機，例．飛行中に解放または再寄留するためのもの［２００６．０１］
2025.01,タイトル変更,B64D 7/00,B64D 7/00,軍用装置の設備，例．航空機内の兵器，兵器付属品または軍用防盾；航空機に対する軍用装備品の装着（爆弾の投下またはそのようなものＢ６４Ｄ１／００；兵器または兵器を取り付ける装置それ自体Ｆ４１）,軍用装置の設備，例．航空機内の兵器，兵器付属品または軍用防盾；航空機に対する軍用装備品の装着（爆弾の投下またはそのようなものＢ６４Ｄ１／００）［２００６．０１］
2025.01,タイトル変更,B64D 7/08,B64D 7/08,・ロケット発射装置（ロケットランチャーそれ自体，例．ロケットポッド，Ｆ４１Ｆ３／０６）,・ロケット発射装置［２００６．０１］
2025.01,タイトル変更,B64D 9/00,B64D 9/00,輸送貨物を扱うための装置；乗客の乗降を容易にするための装置（非常用装置はＢ６４Ｄ１７／００，Ｂ６４Ｄ１９／００，Ｂ６４Ｄ２５／００；積荷を容易にするための構造で胴体と一体的なもの，貨物運送に特に適した床，伸縮自在の階段Ｂ６４Ｃ；地上設備Ｂ６４Ｆ）,輸送貨物を扱うための装置；乗客の乗降を容易にするための装置［２００６．０１］
2025.01,タイトル変更,B64D 10/00,B64D 10/00,飛行服（ヘルメット一般Ａ４２Ｂ３／００；呼吸用ヘルメットＡ６２Ｂ１８／００）［２００６．０１］,飛行服［２００６．０１］
2025.01,タイトル変更,B64D 11/02,B64D 11/02,・トイレット用具（一般的使用に関するものＡ４７Ｋ）,・トイレット用具［２００６．０１］
2025.01,タイトル変更,B64D 13/00,B64D 13/00,航空機の乗員または乗客，あるいは貨物室用空気処理装置の配置または適合（医療用の人工環境を有する処置室Ａ６１Ｇ１０／０２；呼吸装置一般Ａ６２Ｂ；車両一般用Ｂ６０Ｈ）,航空機の乗員または乗客，あるいは貨物室用空気処理装置の配置または適合［２００６．０１］
2025.01,タイトル変更,B64D 15/00,B64D 15/00,航空機外表面の除氷または防氷（除氷装置を運ぶのに特に適した動力付運搬具Ｂ６０Ｐ）,航空機外表面の除氷または防氷［２００６．０１］
2025.01,タイトル変更,B64D 15/06,B64D 15/06,・・液体使用（一般的なものＢ０５）,・・液体使用［２００６．０１］
2025.01,タイトル変更,B64D 15/12,B64D 15/12,・電熱によるもの（一般的な電熱要素Ｈ０５Ｂ，Ｈ０５Ｂ３／８４が優先）［５］,・電熱によるもの（透明または反射部分に特に適合した加熱装置Ｈ０５Ｂ３／８４）［２００６．０１］
2025.01,タイトル変更,B64D 17/72,B64D 17/72,・・爆薬または膨張手段によるもの（膨張可能な弾性体への弁の取付けＢ６０Ｃ２９／００）,・・爆薬または膨張手段によるもの［２００６．０１］
2025.01,タイトル変更,B64D 25/00,B64D 25/00,他に分類されない非常用装置または器具（パラシュートＢ６４Ｄ１７／００，Ｂ６４Ｄ１９／００；燃料タンクまたは燃料の投下Ｂ６４Ｄ３７／００；安全ベルトまたは身体用装体一般Ａ６２Ｂ３５／００；陸上車両用安全ベルトまたは身体用装体Ｂ６０Ｒ２２／００；緊急脱出を容易にするための機体の分離または投下可能な部品Ｂ６４Ｃ）［４］,他に分類されない非常用装置または器具［２００６．０１］
2025.01,タイトル変更,B64D 25/08,B64D 25/08,・射出または退避装置（脱出装置Ｂ６４Ｃ）,・射出または退避装置［２００６．０１］
2025.01,タイトル変更,B64D 25/102,B64D 25/102,・・・推進装置，例．カタパルトおよびロケット装置の組合せによるもの（Ｂ６４Ｄ２５／１１，Ｂ６４Ｄ２５／１１２が優先）［５］,・・・推進装置，例．カタパルトおよびロケット装置の組合せによるもの［２００６．０１］
2025.01,タイトル変更,B64D 25/14,B64D 25/14,・・膨張可能な脱出用シュート（膨張可能な弾性体への弁の取付けＢ６０Ｃ２９／００）,・・膨張可能な脱出用シュート［２００６．０１］
2025.01,タイトル変更,B64D 25/18,B64D 25/18,・・浮揚装置（航空機着水装置Ｂ６４Ｃ）,・・浮揚装置［２００６．０１］
2025.01,タイトル変更,B64D 27/02,B64D 27/02,・動力装置の型または位置に特徴のある航空機（動力装置の取り付けに特に適合する航空機の胴体Ｂ６４Ｃ１／１６；動力装置に特に適合する翼Ｂ６４Ｃ３／３２）［２００６．０１］,・動力装置の型または位置に特徴のある航空機［２００６．０１］
2025.01,タイトル変更,B64D 29/00,B64D 29/00,動力装置用ナセル，整形部またはカウリング（ここに分類されないナセルＢ６４Ｃ）,動力装置用ナセル，整形部またはカウリング［２００６．０１］
2025.01,タイトル変更,B64D 29/02,B64D 29/02,・翼に連結されたもの（動力装置を取り付けるように改良された翼Ｂ６４Ｃ）,・翼に連結されたもの［２００６．０１］
2025.01,タイトル変更,B64D 33/02,B64D 33/02,・燃焼用空気の取り入口（ガスタービン装置またはジェット推進装置それ自体Ｆ０２Ｃ７／０４；燃料機関の空気取り入口一般Ｆ０２Ｍ３５／００）,・燃焼用空気の取り入口［２００６．０１］
2025.01,タイトル変更,B64D 33/04,B64D 33/04,・排気口またはジェットパイプ（燃焼機関の排気口一般Ｆ０１Ｎ；ジェット推進装置のジェットパイプまたはノズルそれ自体Ｆ０２Ｋ；ジェットパイプまたはノズルの配置またはその形状に特徴のあるものＦ０２Ｋ）［３］,・排気口またはジェットパイプ［２００６．０１］
2025.01,タイトル変更,B64D 33/08,B64D 33/08,・動力装置の冷却装置（内燃機関の冷却それ自体Ｆ０１Ｐ；ガスタービン装置またはジェット推進装置の冷却それ自体Ｆ０２Ｃ，Ｆ０２Ｋ）,・動力装置の冷却装置［２００６．０１］
2025.01,タイトル変更,B64D 35/08,B64D 35/08,・複数の動力装置によって駆動される伝達機構を特徴とするもの［２００６．０１］,・複数の動力装置によって駆動される伝達機構を特徴とするもの（ハイブリッド電気式の動力装置のためのものＢ６４Ｄ３５／０２２）［２０２５．０１］
2025.01,タイトル変更,B64D 37/02,B64D 37/02,・タンク（航空機の翼と一体に構成されたタンクＢ６４Ｃ；タンク一般Ｂ６５Ｄ）,・タンク（航空機の翼と一体に構成されたタンクＢ６４Ｃ３／３４）［２００６．０１］
2025.01,タイトル変更,B64D 37/14,B64D 37/14,・・燃料を注入したり抜き取りしたりする装置（航空機の平衡状態を調整するための燃料移送Ｂ６４Ｃ）,・・燃料を注入したり抜き取りしたりする装置（航空機の平衡状態を調整するための燃料移送Ｂ６４Ｃ１７／１０）［２００６．０１］
2025.01,タイトル変更,B64D 37/16,B64D 37/16,・・・燃料注入方式（航空機に燃料を供給するための地上設備Ｂ６４Ｆ）,・・・燃料注入方式（航空機に燃料を供給するための地上設備Ｂ６４Ｆ１／２８）［２００６．０１］
2025.01,タイトル変更,B64D 37/32,B64D 37/32,・燃料装置の安全機構で他に該当分類のないもの，例．爆発条件が生じるのを防ぐ装置（航空機の消火または防火Ａ６２Ｃ）,・燃料装置の安全機構で他に該当分類のないもの，例．爆発条件が生じるのを防ぐ装置［２００６．０１］
2025.01,タイトル変更,B64D 39/00,B64D 39/00,飛行中の燃料補給（燃料タンクに対する燃料の注入または抜き取りＢ６４Ｄ３７／１４）,飛行中の燃料補給［２００６．０１］
2025.01,タイトル変更,B64D 39/04,B64D 39/04,・ホースの構造（一般の管Ｆ１６Ｌ）,・ホースの構造［２００６．０１］
2025.01,タイトル変更,B64D 43/00,B64D 43/00,計器の装備（カメラの配置Ｂ６４Ｄ４７／０８；飛行用の測定計器それ自体Ｇ０１Ｃ）,計器の装備［２００６．０１］
2025.01,タイトル変更,B64D 45/00,B64D 45/00,他に分類されない航空機の指示計器または保護設備（偽装Ｆ４１Ｈ３／００）,他に分類されない航空機の指示計器または保護設備［２００６．０１］
2025.01,タイトル変更,B64D 45/02,B64D 45/02,・避雷装置（避雷器Ｈ０１Ｃ７／１２，Ｈ０１Ｃ８／０４，Ｈ０１Ｇ９／１８，Ｈ０１Ｔ；その回路装置Ｈ０２Ｈ）；静電気放電装置（一般的なものＨ０５Ｆ３／００）,・避雷装置；静電気放電装置［２００６．０１］
2025.01,タイトル変更,B64F 1/00,B64F 1/00,地上設備または航空母艦の甲板上の設備（係留航空機に特に適合するものＢ６４Ｆ３／００）［２０２４．０１］,地上設備または航空母艦の甲板上の設備［２０２４．０１］
2025.01,タイトル変更,B65D 1/00,B65D 1/00,一体に形成された本体をもつ剛性または準剛性容器，例．金属材料の鋳造，合成樹脂の成形，ガラス状材料のブロー，陶磁器のろくろ製造，パルプ状の繊維材の成形またはシート材における深絞りによるもの（紙を巻くか，曲げるかまたは折り曲げによるものＢ６５Ｄ３／００，Ｂ６５Ｄ５／００；壁部の切断，穿孔または引裂きにより開口するように構成されたものＢ６５Ｄ１７／００；側壁をもつ剛性パレットＢ６５Ｄ１９／０２）［５］,一体に形成された本体をもつ剛性または準剛性容器，例．金属材料の鋳造，合成樹脂の成形，ガラス状材料のブロー，陶磁器のろくろ製造，パルプ状の繊維材の成形またはシート材における深絞りによるもの（紙を巻くか曲げて作った曲断面または一部曲断面をもつものＢ６５Ｄ３／００；折り曲げて形成する多角形断面をもつものＢ６５Ｄ５／００；壁部の切断，穿孔または引裂きにより開口するように構成されたものＢ６５Ｄ１７／００；側壁をもつ剛性パレットＢ６５Ｄ１９／０２）［２００６．０１］
2025.01,タイトル変更,B65D 1/08,B65D 1/08,・・液滴排出に適したもの（点滴器Ｂ６５Ｄ４７／１８）,・・液滴排出に適するもの［２００６．０１］
2025.01,タイトル変更,B65D 1/09,B65D 1/09,・アンプル（医療または製剤目的のために特に適合させたものＡ６１Ｊ１／０６）［５］,・アンプル［２００６．０１］
2025.01,タイトル変更,B65D 1/32,B65D 1/32,・外力により一時的に変形して内容物を押し出すことに適合した容器（油差Ｆ１６Ｎ３／００）,・外力により一時的に変形して内容物を押し出すことに適合した容器［２００６．０１］
2025.01,タイトル変更,B65D 5/02,B65D 5/02,・１枚のブランクを折り曲げたり，組立てたりして，筒状本体を形成し，引き続いて本体の端部を閉鎖するための折り曲げ操作をまたは別体の部材の付加をするか，しないもの（Ｂ６５Ｄ５／３６が優先）,・１枚のブランクを折り曲げたり，組立てたりして，筒状本体を形成し，引き続いて本体の端部を閉鎖するための折り曲げ操作をまたは別体の部材の付加をするか，しないもの（側壁または底部の連結を解かずに折りたたみまたは再組立を可能とするように特に構成されたものＢ６５Ｄ５／３６）［２００６．０１］
2025.01,タイトル変更,B65D 5/16,B65D 5/16,・・筒状本体の１以上の側壁に内容物を出し入れするための穴または取りはずしできる部分を設けるもの（内容物分配装置Ｂ６５Ｄ５／７２）,・・筒状本体の１以上の側壁に内容物を出し入れするための穴または取りはずしできる部分を設けるもの［２００６．０１］
2025.01,タイトル変更,B65D 5/18,B65D 5/18,・一枚のブランクをＵ型に折り曲げて，容器の底部及び本体の対向側壁を形成し，残りの側壁が主にこれらの対向側壁の延長部，例．対向側壁に折り曲げ自在に連接したフラップ，により形成されるもの（Ｂ６５Ｄ５／３６が優先）,・一枚のブランクをＵ型に折り曲げて，容器の底部及び本体の対向側壁を形成し，残りの側壁が主にこれらの対向側壁の延長部，例．対向側壁に折り曲げ自在に連接したフラップ，により形成されるもの（側壁または底部の連結を解かずに折りたたみまたは再組立を可能とするように特に構成されたものＢ６５Ｄ５／３６）［２００６．０１］
2025.01,タイトル変更,B65D 5/02,B65D 5/02,・底板に連結されたすべての側壁を折り立てて容器を形成するもの，例．トレー状のもの（Ｂ６５Ｄ５／３６が優先）,・底板に連結されたすべての側壁を折り立てて容器を形成するもの，例．トレー状のもの（側壁または底部の連結を解かずに折りたたみまたは再組立を可能とするように特に構成されたものＢ６５Ｄ５／３６）［２００６．０１］
2025.01,タイトル変更,B65D 5/32,B65D 5/32,・２以上のブランクを折り曲げ，相互に連結することにより，本体が形成されるもの（Ｂ６５Ｄ５／３６が優先）,・２以上のブランクを折り曲げ，相互に連結することにより，本体が形成されるもの（側壁または底部の連結を解かずに折りたたみまたは再組立を可能とするように特に構成されたものＢ６５Ｄ５／３６が優先）［２００６．０１］
2025.01,タイトル変更,B65D 5/05,B65D 5/05,・・・内容物を支持するまたは保護する内部要素（筒状本体の端部から延びるとともに全周に連続する壁部を内側に折り曲げることにより形成される要素Ｂ６５Ｄ５／０６；仕切りＢ６５Ｄ５／４８）,・・・内容物を支持するまたは保護する内部要素［２００６．０１］
2025.01,タイトル変更,B65D 5/63,B65D 5/63,・・２つ以上の別個の出し入れ口をもつもの（内容物分配装置Ｂ６５Ｄ５／７２）［６］,・・２つ以上の別個の受け入れ開口部をもつもの［２００６．０１］
2025.01,タイトル変更,B65D 8/00,B65D 8/00,全体又は主要部が金属，プラスチック，木またはそれらの代用品で作られた，剛性または本質的に剛性の２以上の構成要素を相互に連結するかまたは合体させることにより形成される１つの曲断面をもつ容器（壁部を切断，穿孔または引裂くことによって開口されるべく特に構成したものＢ６５Ｄ１７／００；側壁をもつ剛性パレットＢ６５Ｄ１９／０２）［３］,全体又は主要部が金属，プラスチック，木またはそれらの代用品で作られた，剛性または本質的に剛性の２以上の構成要素を相互に連結するかまたは合体させることにより形成される１つの曲断面をもつ容器（壁部を切断，穿孔または引裂くことによって開口されるべく特に構成したものＢ６５Ｄ１７／００）［２００６．０１］
2025.01,タイトル変更,B65D 13/00,B65D 13/00,全体または主要部が金属，プラスチック，木またはそれらの代用品以外の同一材料で作られた，剛性または本質的に剛性の２以上の構成要素を相互に連結することにより形成される本体をもつ容器（側壁をもつ剛性パレットＢ６５Ｄ１９／０２）［４］,全体または主要部が金属，プラスチック，木またはそれらの代用品以外の同一材料で作られた，剛性または本質的に剛性の２以上の構成要素を相互に連結することにより形成される本体をもつ容器［２００６．０１］
2025.01,タイトル変更,B65D 17/36,B65D 17/36,・・・開口具，例．細長い孔のある鍵，と係合することに適合したもの（開口具，例．細長い孔のある鍵，の容器への取付けＢ６５Ｄ１７／５２）［３］,・・・開口具，例．細長い孔のある鍵，と係合することに適合したもの［２００６．０１］
2025.01,タイトル変更,B65D 17/05,B65D 17/05,・あらかじめ形成された開口部に取りつけられるかまたは挿入された，別体の脆弱な部材，例．引裂きまたは引き剥がしできるストリップまたはプラスチックプラグ（Ｂ６５Ｄ５３／０８が優先）［３］,・あらかじめ形成された開口部に取りつけられるかまたは挿入された，別体の脆弱な部材，例．引裂きまたは引き剥がしできるストリップまたはプラスチックプラグ（充てん用小口または排出用小口をシールするのに適合した可撓性粘着ストリップ　Ｂ６５Ｄ５３／０８）［２００６．０１］
2025.01,タイトル変更,B65D 19/00,B65D 19/00,パレット，または，荷物を支持して持ち上げまたは下降されるための，側壁をもつかまたはもたない類似の荷台（荷積みまたは荷下ろしの目的でかさばったまたは重い商品を昇降する装置におけるものＢ６６Ｆ９／１２）,パレット，または，荷物を支持して持ち上げまたは下降されるための，側壁をもつかまたはもたない類似の荷台［２００６．０１］
2025.01,タイトル変更,B65D 23/00,B65D 23/00,他に分類されないびんまたは広口びんの細部（閉鎖具固着要素Ｂ６５Ｄ４５／００）,他に分類されないびんまたは広口びんの細部［２００６．０１］
2025.01,タイトル変更,B65D 25/34,B65D 25/34,・被覆または外部コーティング（紙製ブランクの折りたたみまたは組立てにより作られる容器のものＢ６５Ｄ５／６２；びんまたは広口びん用Ｂ６５Ｄ２３／０８；被包材Ｂ６５Ｄ６５／００）,・被覆または外部コーティング（紙製ブランクの折りたたみまたは組立てにより作られる容器のものＢ６５Ｄ５／６２；他に分類されないびんまたは広口びん用の被覆または外部コーテングＢ６５Ｄ２３／０８；被包材Ｂ６５Ｄ６５／００）［２００６．０１］
2025.01,タイトル変更,B65D 27/00,B65D 27/00,封筒，または，内容物の厚さのための構造をもたない，郵便その他の目的のための本質的に矩形で可撓性のある類似の容器（衝撃吸収特性を有するものＢ６５Ｄ８１／０３；郵便葉書Ｂ４２Ｄ１５／００）,封筒または内容物の厚さのための構造をもたない，郵便その他の目的のための本質的に矩形で可撓性のある類似の容器（衝撃吸収特性を有するものＢ６５Ｄ８１／０３）［２００６．０１］
2025.01,タイトル変更,B65D 27/12,B65D 27/12,・閉鎖具（別体のファスナＢ４２Ｆ１／００）,・閉鎖具［２００６．０１］
2025.01,タイトル変更,B65D 33/16,B65D 33/16,・端部または小口を閉鎖するための構成または装置（バルブバッグの弁Ｂ６５Ｄ３０／２４；取り外し可能な栓またはキャップＢ６５Ｄ３９／００，Ｂ６５Ｄ４１／００；充てんされた袋の閉鎖具Ｂ６５Ｄ７７／１０；包装と関連する充てんされた袋の閉鎖Ｂ６５Ｂ７／００，Ｂ６５Ｂ５１／００）,・端部または小口を閉鎖するための構成または装置（バルブバッグの弁Ｂ６５Ｄ３０／２４；充てんされた袋の閉鎖具Ｂ６５Ｄ７７／１０）［２００６．０１］
2025.01,タイトル変更,B65D 35/24,B65D 35/24,・補助的装置をもつもの（ライニングまたは挿入物Ｂ６５Ｄ３５／１４）,・補助的装置をもつもの［２００６．０１］
2025.01,タイトル変更,B65D 35/54,B65D 35/54,・・・内容物が塗布される面に対して閉鎖具が押圧される時に開くもの（ノズルＢ６５Ｄ３５／３８）,・・・内容物が塗布される面に対して閉鎖具が押圧される時に開くもの［２００６．０１］
2025.01,タイトル変更,B65D 39/00,B65D 39/00,首部，注出用開口または排出用小口の内側に配置される閉鎖具，例．びん栓（蓋またはカバーＢ６５Ｄ４３／００；付加的な固定要素をもつものＢ６５Ｄ４５／００）,首部，注出用開口または排出用小口の内側に配置される閉鎖具，例．びん栓（蓋またはカバーＢ６５Ｄ４３／００）［２００６．０１］
2025.01,タイトル変更,B65D 39/02,B65D 39/02,・円板状閉鎖具（フランジ付円板Ｂ６５Ｄ３９／０４）,・円板状閉鎖具［２００６．０１］
2025.01,タイトル変更,B65D 41/00,B65D 41/00,キャップ，例．王冠，クラウンシール，すなわち，注出用開口または排出用小口を画定する首部または壁部の外側周面と係合するようにされた部分をもつ部材；閉鎖部材のための保護用キャップ状カバー，例．金属箔製または紙製の装飾カバー（Ｂ６５Ｄ４５／００が優先）,キャップ，例．王冠，クラウンシール，すなわち，注出用開口または排出用小口を画定する首部または壁部の外側周面と係合するようにされた部分をもつ部材；閉鎖部材のための保護用キャップ状カバー，例．金属箔製または紙製の装飾カバー（閉鎖部材を固定または保持するための締付けまたは他の加圧装置Ｂ６５Ｄ４５／００）［２００６．０１］
2025.01,タイトル変更,B65D 43/00,B65D 43/00,剛性または準剛性容器用の蓋またはカバー（加熱調理容器のためのものＡ４７Ｊ３６／０６，圧力容器一般のカバーＦ１６Ｊ１３／００）,剛性または準剛性容器用の蓋またはカバー［２００６．０１］
2025.01,タイトル変更,B65D 43/16,B65D 43/16,・・上方または下方に動くようにヒンジ接続されたもの（ドアまたは類似のタイプのヒンジＥ０５Ｄ）,・・上方または下方に動くようにヒンジ接続されたもの［２００６．０１］
2025.01,タイトル変更,B65D 45/00,B65D 45/00,閉鎖部材を固定または保持するための締付けまたは他の加圧装置（びん栓またはキャップと容器とのねじ結合またはバヨネット結合Ｂ６５Ｄ３９／０８，Ｂ６５Ｄ４１／０４，Ｂ６５Ｄ４１／３４；膨張可能なびん栓Ｂ６５Ｄ３９／１２，圧力容器一般のためのものＦ１６Ｊ１３／００）,閉鎖部材を固定または保持するための締付けまたは他の加圧装置（膨張可能なびん栓Ｂ６５Ｄ３９／１２）［２００６．０１］
2025.01,タイトル変更,B65D 47/00,B65D 47/00,充てんおよび排出装置または排出装置をもつ閉鎖具（液状の石けんのディスペンサＡ４７Ｋ５／１２）,充てんおよび排出装置または排出装置をもつ閉鎖具［２００６．０１］
2025.01,タイトル変更,B65D 47/02,B65D 47/02,・・排出を制御するための手動部材を含むもの（Ｂ６５Ｄ４７／３４が優先）,・・排出を制御するための手動部材を含むもの（ポンプを用いて排出が行われる閉鎖具Ｂ６５Ｄ４７／３４）［２００６．０１］
2025.01,タイトル変更,B65D 47/36,B65D 47/36,・排出口を設けるために穿孔，引裂き，引き剥がしまたは除去されるのに適合した脆弱部分をもつ閉鎖具（Ｂ６５Ｄ５１／１８が優先；穿孔可能な薄膜をもつキャップＢ６５Ｄ４１／２０，Ｂ６５Ｄ４１／５０）,・排出口を設けるために穿孔，引裂き，引き剥がしまたは除去されるのに適合した脆弱部分をもつ閉鎖具（穿孔可能な薄膜をもつキャップＢ６５Ｄ４１／２０，Ｂ６５Ｄ４１／５０；保護用外側キャップ状カバーをもつ閉鎖具の配置，または，二以上の協働する閉鎖具の配置Ｂ６５Ｄ５１／１８）［２００６．０１］
2025.01,タイトル変更,B65D 47/42,B65D 47/42,・パッドまたは類似の内容物塗布手段をもつもの（容器と結合されたまたは組み合わせたブラシＡ４６Ｂ１１／００）,・パッドまたは類似の内容物塗布手段をもつもの［２００６．０１］
2025.01,タイトル変更,B65D 50/00,B65D 50/00,表示手段の有無を問わず，不正な開口または取り外しを妨げる手段をもつ閉鎖具，例．チャイルドプルーフ閉鎖具（妨げのための手段をもたない，不正開封を表示する閉鎖具または容器は，関連するグループ，例．Ｂ６５Ｄ４１／３２，Ｂ６５Ｄ５１／２０，を参照；閉鎖具の不正な開口または取り外しを妨げるまたは表示するための手段それ自体Ｂ６５Ｄ５５／０２）［５］,表示手段の有無を問わず，不正な開口または取り外しを妨げる手段をもつ閉鎖具，例．チャイルドプルーフ閉鎖具［２００６．０１］
2025.01,タイトル変更,B65D 50/04,B65D 50/04,・・同時動作，例．押し下げながら回す，持ち上げながら回す，一部を保持しながら他部を回す，の組合せを必要とするもの（Ｂ６５Ｄ５０／１０が優先；バヨネットカムを有し回転により固定されるキャップまたはカバーＢ６５Ｄ４１／０６，Ｂ６５Ｄ４１／３６）［５］,・・同時動作，例．押し下げながら回す，持ち上げながら回す，一部を保持しながら他部を回す，の組合せを必要とするもの（Ｂ６５Ｄ５０／１０が優先）［２００６．０１］
2025.01,タイトル変更,B65D 50/14,B65D 50/14,・特別な開口用部材を用いてのみ開口または取り外しできるもの（切断，穿孔，またはカッター補助手段をもつ容器Ｂ６５Ｄ１７／４２；鍵で作動する閉鎖具の錠Ｂ６５Ｄ５５／１４）［５］,・特別な開口用部材を用いてのみ開口または取り外しできるもの［２００６．０１］
2025.01,タイトル変更,B65D 51/00,B65D 51/00,他に分類されない閉鎖具（圧力容器一般のための設計要素としてのカバーまたは類似の閉鎖具Ｆ１６Ｊ１３／００）,他に分類されない閉鎖具［２００６．０１］
2025.01,タイトル変更,B65D 51/02,B65D 51/02,・液体用の広口びん，缶または類似の容器のためのゆるく係合する蓋またはカバーであって，容器を密封する手段をもたないもの（加熱調理容器のためのものＡ４７Ｊ３６／０６）,・液体用の広口びん，缶または類似の容器のためのゆるく係合する蓋またはカバーであって，容器を密封する手段をもたないもの［２００６．０１］
2025.01,タイトル変更,B65D 55/02,B65D 55/02,・ロック装置；閉鎖具の不正な開口または取り外しを妨げるまたは示すための手段（びん用の保護カバーＢ６５Ｄ２３／０８；びんまたは広口びんの閉鎖具のための保護用キャップ状外側カバーＢ６５Ｄ４１／６２；加圧手段Ｂ６５Ｄ４５／００；不正な開口または取り外しを妨げる手段をもつ閉鎖具Ｂ６５Ｄ５０／００）［５］,・ロック装置；閉鎖具の不正な開口または取り外しを妨げるまたは示すための手段［２００６．０１］
2025.01,タイトル変更,B65D 55/06,B65D 55/06,・・変形可能，引裂き可能または引き剥がし可能な金属線，ひもまたはストリップ（ティアーストリップ，ひもまたは類似のものによって開口されるべく特に構成された容器Ｂ６５Ｄ１７／００；ティアーストリップをもつキャップまたはキャップ状閉鎖具Ｂ６５Ｄ４１／３２）；シールの使用,・・変形可能，引裂き可能または引き剥がし可能な金属線，ひもまたはストリップ（ティアーストリップをもつキャップまたはキャップ状閉鎖具Ｂ６５Ｄ４１／３２）；シールの使用［２００６．０１］
2025.01,タイトル変更,B65D 61/00,B65D 61/00,物品周囲に組み立てられるようにした，または物品に使用されるようにした外部枠組または外部支持部材（折りたたみ可能な容器Ｂ６５Ｄ５／００，Ｂ６５Ｄ６／１６，Ｂ６５Ｄ６／２４，Ｂ６５Ｄ８／１４）,物品周囲に組み立てられるようにした，または物品に使用されるようにした外部枠組または外部支持部材［２００６．０１］
2025.01,タイトル変更,B65D 69/00,B65D 69/00,包装要素の使用なしで保管または輸送の便宜のため共に結合された物品（包装の利便のため物品を結合するものＢ６５Ｂ１７／０２）,包装要素の使用なしで保管または輸送する便宜上，一緒に結合されている物品［２００６．０１］
2025.01,タイトル変更,B65D 71/14,B65D 71/14,・・・端壁がない，または端壁によって特徴付けられない筒形状のもの（スリーブＢ６５Ｄ５９／０４）［５］,・・・端壁がない，または端壁によって特徴付けられない筒形状のもの［２００６．０１］
2025.01,タイトル変更,B65D 75/00,B65D 75/00,柔軟シート材料のストリップ，シート，ブランク，チューブ，またはウェブ，例．折りたたまれた被包材，で一部または全体が包まれた物品または材料からなる包装体（Ｂ６５Ｄ７１／００が優先）［５］,柔軟シート材料のストリップ，シート，ブランク，チューブまたはウェブ，例．折りたたまれた被包材，で一部または全体が包まれた物品または材料からなる包装体（貯蔵または輸送の便宜のために，包装要素により一緒に保持される物品の束，例．ビールの缶または炭酸飲料の瓶のような複数の容器を互いに隔離する持運び可能なキャリアまたはベール梱包体Ｂ６５Ｄ７１／００）［２００６．０１］
2025.01,タイトル変更,B65D 75/54,B65D 75/54,・・カード，引換券類，または他の差込物あるいは附属品（開口装置Ｂ６５Ｄ７５／７０）,・・カード，引換券類または他の差込物あるいは附属品［２００６．０１］
2025.01,タイトル変更,B65D 81/18,B65D 81/18,・内容物のための特定の環境，例．周囲より上または下の温度，を提供するもの（断熱効果をもつものＢ６５Ｄ８１／３８；冷却手段をもつアイスボックスＦ２５Ｄ）［６］,・内容物のための特定の環境，例．周囲より上または下の温度，を提供するもの（断熱効果をもつものＢ６５Ｄ８１／３８）［２００６．０１］
2025.01,タイトル変更,B65D 81/32,B65D 81/32,・混合して使用する前に別々に保持すべき２以上の異種の材料を包装するためのもの（除去または破壊可能な仕切りをもつ容器Ｂ６５Ｄ２５／０８）,・混合して使用する前に別々に保持すべき２以上の異種の材料を包装するためのもの［２００６．０１］
2025.01,タイトル変更,B65D 81/38,B65D 81/38,・断熱効果をもつもの（魔法びんまたは類似のものＡ４７Ｊ４１／００）,・断熱効果をもつもの［２００６．０１］
2025.01,タイトル変更,B65D 83/00,B65D 83/00,内容物分配のための特殊手段をもつ容器や包装体（取り外し可能なまたは一時的に固着された容器閉鎖具に組み込まれた分配手段Ｂ６５Ｄ４７／００；商店，事務所，バー，または類似のものに用いられるものＡ４７Ｆ１／０４；分配構成を有するショーケースまたはキャビネットＡ４７Ｆ３／０２；スパナ，レンチ，ねじまわしと組合せて用いるねじやナットのマガジンＢ２５Ｂ２３／０６；シート，ウエブまたは線状材料の取扱いと結合して使用するためのものＢ６５Ｈ）,内容物分配のための特殊手段をもつ容器や包装体（閉鎖具に組み込まれた分配手段Ｂ６５Ｄ４７／００）［２００６．０１］
2025.01,タイトル変更,B65D 83/08,B65D 83/08,・薄い平坦な物品の連続分配用（外科手術用メスの刃のディスペンサＡ６１Ｂ１７／３２１５）,・薄い平坦な物品の連続分配用（外科手術用メスの刃のためのものＡ６１Ｂ１７／３２１５）［２００６．０１］
2025.01,タイトル変更,B65D 83/01,B65D 83/01,・・かみそり刃の分配用,・・かみそり刃またはかみそりのカートリッジのためのもの［２００６．０１］
2025.01,タイトル変更,B65D 83/12,B65D 83/12,・・切符または代用貨幣の分配用,・・切符または代用貨幣のためのもの［２００６．０１］
2025.01,タイトル変更,B65D 83/14,B65D 83/14,・内部ガス圧による液体または準液体状内容物の放出用，すなわち推進剤を含むエアゾール容器,・内部ガス圧による液体または準液体状内容物の分配用，すなわち推進剤を含むエアゾール容器［２０２５．０１］
2025.01,タイトル変更,B65D 83/16,B65D 83/16,・・作動手段に特徴を有するもの［５］,・・作動手段［２００６．０１］
2025.01,タイトル変更,B65D 83/18,B65D 83/18,・・・容器の運搬用ハンドレバー［５］,・・・手動レバーのアクチュエーター（アクチュエーターキャップに取り付けられるものＢ６５Ｄ８３／２０６）［２０２５．０１］
2025.01,タイトル変更,B65D 83/22,B65D 83/22,・・・作動できなくする手段をもつもの（Ｂ６５Ｄ５０／００が優先）［５］,・・・作動できなくする手段をもつもの（不正な開口または取り外しを妨げる手段をもつ閉鎖具Ｂ６５Ｄ５０／００）［２０２５．０１］
2025.01,タイトル変更,B65D 83/24,B65D 83/24,・・・弁を開放状態に保つ手段をもつもの［５］,・・・作動手段を作動位置に維持するための装置，例．連続して分配するためのもの［２００６．０１］
2025.01,タイトル変更,B65D 83/26,B65D 83/26,・・・自動的に操作するもの，例．周期的に操作するもの［５］,・・・自動的に動作するもの，例．周期的に動作するもの［２００６．０１］
2025.01,タイトル変更,B65D 83/03,B65D 83/03,・・・スプレーの流れを案内するためのもの［５］,・・・分配された内容物の流れを案内するためのもの，例．じょうごまたはフード［２０２５．０１］
2025.01,タイトル変更,B65D 83/44,B65D 83/44,・・この容器のために特に適用された弁；圧力調整装置（充填装置Ｂ６５Ｄ８３／４２；圧力逃がし装置Ｂ６５Ｄ８３／７０）［５］,・・内容物の放出に特に適した弁；圧力調整装置（圧力逃がし装置ＢＢ６５Ｄ８３／７０）［２００６．０１］
2025.01,タイトル変更,B65D 83/46,B65D 83/46,・・・チルト弁（Ｂ６５Ｄ８３／５０が優先）［５］,・・・チルト弁（再閉鎖できない弁Ｂ６５Ｄ８３／５０）［２００６．０１］
2025.01,タイトル変更,B65D 83/48,B65D 83/48,・・・リフト弁，例．押すことにより操作するもの（Ｂ６５Ｄ８３／５０が優先）［５］,・・・リフト弁，例．押すことにより操作するもの（再閉鎖できない弁Ｂ６５Ｄ８３／５０）［２００６．０１］
2025.01,タイトル変更,B65D 83/05,B65D 83/05,・・・再閉鎖できない弁［５］,・・・再閉鎖できない弁，例．単回投与の用量で分配するためのもの［２００６．０１］
2025.01,タイトル変更,B65D 83/52,B65D 83/52,・・・定量吐出するためのもの［５］,・・・定量弁；計量装置［２０２５．０１］
2025.01,タイトル変更,B65D 83/56,B65D 83/56,・・転倒させたとき遮断するもの［５］,・・容器が誤った向きにされた時に分配を中断する装置を有するもの［２００６．０１］
2025.01,タイトル変更,B65D 83/58,B65D 83/58,・・弁に通じる導管において，推進剤と内容物の入口が別々になっているもの（Ｂ６５Ｄ８３／６０が優先）［５］,・・分配弁のダクトの上流に，内容物と推進剤を供給するための個別の入口を有するもの（内容物と推進剤が分離しているものＢ６５Ｄ８３／６０）［２００６．０１］
2025.01,タイトル変更,B65D 83/66,B65D 83/66,・・・最初分離しているが，最終的には混合されるもの［５］,・・・最初分離しており，その後で混合されるもの，例．分配ヘッドの中で混合されるもの［２０２５．０１］
2025.01,タイトル変更,B65D 83/72,B65D 83/72,・・加熱または冷却装置を有するもの［５］,・・加熱または冷却装置を有するもの，例．熱交換器［２００６．０１］
2025.01,タイトル変更,B65D 83/76,B65D 83/76,・ピストンまたは類似の手段により流動性材料を分配するためのもの（圧力により出口を通じ流動性材料を排出するための手工具Ｂ０５Ｃ１７／００５）［５］,・ピストンにより流動性材料を分配するためのもの［２０２５．０１］
2025.01,タイトル変更,B65D 85/00,B65D 85/00,特定の物品または材料に特に適合する容器，包装要素または包装体（Ｂ６５Ｄ７１／００，Ｂ６５Ｄ８３／００が優先；手道具，旅行装具Ａ４５Ｃ；化粧用または手洗道具Ａ４５Ｄ；手術用ナイフ，外科用メスまたはその刃のパッケージＡ６１Ｂ１７／３２１５；医療または製剤目的のために特に適合させた容器Ａ６１Ｊ１／００；ペイント缶Ｂ４４Ｄ３／１２；油缶Ｆ１６Ｎ３／０４；携帯兵器運搬用容器Ｆ４１Ｃ３３／０６；弾薬または爆薬の包装Ｆ４２Ｂ３９／００；記録または再生装置との協働に特に適用される記録担持体容器Ｇ１１Ｂ２３／００）［２００６．０１］,特定の物品または材料に特に適合する容器，包装要素または包装体（貯蔵または輸送の便宜のために，包装要素により一緒に保持される物品の束Ｂ６５Ｄ７１／００）［２００６．０１］
2025.01,タイトル変更,B65D 85/28,B65D 85/28,・・鉛筆またはペン用（筆箱Ａ４５Ｃ１１／３４）,・・鉛筆またはペン用［２００６．０１］
2025.01,タイトル変更,B65D 85/05,B65D 85/05,・環境または大気の状態の変化に敏感な生物体，物品または材料用，例．陸上動物，鳥類，魚，水生植物，非水生植物，球根，切花または群葉（活魚輸送用装置Ａ０１Ｋ６３／０２）,・環境または大気の状態の変化に敏感な生物体，物品または材料用，例．陸上動物，鳥類，魚，水生植物，非水生植物，球根，切花または群葉［２００６．０１］
2025.01,タイトル変更,B65D 85/58,B65D 85/58,・球軸受，ワッシャー，ボタンまたは類似の球状または円板状物品用（ボタン，えり飾りボタンまたはカフスボタンカードＡ４４Ｂ７／００）［３］,・球軸受，ワッシャー，ボタンまたは類似の球状または円板状物品用［２００６．０１］
2025.01,タイトル変更,B65D 85/67,B65D 85/67,・ウェブまたはテープ状物質用（大型ロール用または床被いのロール用Ｂ６５Ｄ８５／６６；記録テープカセット用Ｂ６５Ｄ８５／５７５）［３，５］,・ウェブまたはテープ状物質用［２００６．０１］
2025.01,タイトル変更,B65D 88/00,B65D 88/00,大形容器（構成要素，細部または付属品Ｂ６５Ｄ９０／００；容積可変のガスタンクＦ１７Ｂ；貯蔵または保管のための圧縮，液化または固化ガス容器Ｆ１７Ｃ）［３］,大形容器［２００６．０１］
2025.01,タイトル変更,B65D 88/02,B65D 88/02,・剛性のもの（Ｂ６５Ｄ８８／３４～Ｂ６５Ｄ８８／７８が優先；ホッパーＢ６５Ｄ８８／２６）［３］,・剛性のもの（Ｂ６５Ｄ８８／３４～Ｂ６５Ｄ８８／７８が優先）［２００６．０１］
2025.01,タイトル変更,B65D 88/16,B65D 88/16,・可撓性のもの（Ｂ６５Ｄ８８／３４～Ｂ６５Ｄ８８／７８が優先；ホッパーＢ６５Ｄ８８／２６）［３］,・可撓性のもの（Ｂ６５Ｄ８８／３４～Ｂ６５Ｄ８８／７８が優先）［２００６．０１］
2025.01,タイトル変更,B65D 88/34,B65D 88/34,・浮きカバーをもつもの，例．浮屋根またはブランケット（通気手段Ｂ６５Ｄ９０／３４）［３］,・浮きカバーをもつもの，例．浮屋根またはブランケット［２００６．０１］
2025.01,タイトル変更,B65D 88/54,B65D 88/54,・充満または荷あけを容易にする手段によって特徴づけられたもの（ホッパーの排出部分の構造または形状Ｂ６５Ｄ８８／２８；ゲートまたは締切りＢ６５Ｄ９０／５４）［３］,・充満または荷あけを容易にする手段によって特徴づけられたもの［２００６．０１］
2025.01,タイトル変更,B65D 90/02,B65D 90/02,・壁構造（壁内部に中空空間を含む漏洩指示装置の配置Ｂ６５Ｄ９０／５０１；壁内に多孔空間または多孔層を含む漏洩指示装置の配置Ｂ６５Ｄ９０／５０５；壁内に導電層を含む漏洩指示装置の配置Ｂ６５Ｄ９０／５１３）［２０１９．０１］,・壁構造［２０１９．０１］
2025.01,タイトル変更,B65D 90/01,B65D 90/01,・マンホール；検査用の開口；そのためのカバー（安全に特徴のあるものＢ６５Ｄ９０／２２）［２００６．０１］,・マンホール；検査用の開口；そのためのカバー［２００６．０１］
2025.01,タイトル変更,B65D 90/22,B65D 90/22,・安全に特徴のあるもの（浮きカバーＢ６５Ｄ８８／３４；指示または測定装置の配置Ｂ６５Ｄ９０／４８）［２００６．０１］,・安全に特徴のあるもの［２００６．０１］
2025.01,タイトル変更,B65D 90/26,B65D 90/26,・・過充填防止（漏洩液保有手段Ｂ６５Ｄ９０／２４；指示または測定装置の配置Ｂ６５Ｄ９０／４８）［２００６．０１］,・・過充填防止［２００６．０１］
2025.01,タイトル変更,B65D 90/54,B65D 90/54,・ゲートまたは閉鎖装置（マンホールのためのものＢ６５Ｄ９０／１０；圧力容器一般のふたまたは類似の閉鎖部材Ｆ１６Ｊ１３／００）［２００６．０１］,・ゲートまたは閉鎖装置［２００６．０１］
2025.01,タイトル変更,B66F 9/075 J,B66F 9/075 J,・荷役用視界補助手段〔例；ミラー等〕〔車両の照明Ｂ６０Ｑ１／０２，投光装置Ｆ２１Ｍ７／００，クレーンの照明装置，Ｂ６６Ｃ１３／００，光学的視認Ｂ６０Ｒ１／００〕「図」,・荷役用視界補助手段〔例；ミラー等〕〔車両の照明Ｂ６０Ｑ１／０２，車両外部に特に適合する照明装置Ｆ２１Ｓ４１／００，クレーンの照明装置，Ｂ６６Ｃ１３／００，光学的視認Ｂ６０Ｒ１／００〕「図」
2025.01,タイトル変更,C01F 7/78,C01F 7/78,・アルミニウムと，酸素と水素を除く二種以上の他の元素を含有する化合物（アルミン酸塩Ｃ０１Ｆ７／０２；アルミニウム，ふっ素およびアルカリ金属またはアルカリ土類金属を含有する化合物Ｃ０１Ｆ７／５４；アルミニウム以外に，他の陽イオンを含有する硝酸塩Ｃ０１Ｆ７／６６；アルミニウム以外に，他の陽イオンを含有する硫化物，亜硫酸塩または硫酸塩Ｃ０１Ｆ７／７０－Ｃ０１Ｆ７／７４）［２０２２．０１］,・アルミニウムを含有し，酸素または水素の含有にかかわらず，２種以上の他の元素を含有する化合物（アルミン酸塩Ｃ０１Ｆ７／０２；アルミニウム，ふっ素およびアルカリ金属またはアルカリ土類金属を含有する化合物Ｃ０１Ｆ７／５４；アルミニウム以外に，他の陽イオンを含有する硝酸塩Ｃ０１Ｆ７／６６；アルミニウム以外に，他の陽イオンを含有する硫化物，亜硫酸塩または硫酸塩Ｃ０１Ｆ７／７０－Ｃ０１Ｆ７／７４）［２０２２．０１］
2025.01,タイトル変更,C01G 45/02,C01G 45/02,・酸化物；水酸化物,・酸化物［２０２５．０１］
2025.01,タイトル変更,C01G 45/06,C01G 45/06,・ハロゲン化物,・ハロゲン化物；オキシハロゲン化物［２０２５．０１］
2025.01,タイトル変更,C01G 45/12,C01G 45/12,・マンガン酸塩；過マンガン酸塩,・マンガンおよび少なくとも１つの他の金属元素を含む複合酸化物［２０２５．０１］
2025.01,タイトル変更,C01G 51/04,C01G 51/04,・酸化物；水酸化物,・酸化物［２０２５．０１］
2025.01,タイトル変更,C01G 51/08,C01G 51/08,・ハロゲン化物,・ハロゲン化物；オキシハロゲン化物［２００６．０１］
2025.01,タイトル変更,C01G 53/04,C01G 53/04,・酸化物；水酸化物,・酸化物［２０２５．０１］
2025.01,タイトル変更,C01G 53/08,C01G 53/08,・ハロゲン化物,・ハロゲン化物；オキシハロゲン化物［２００６．０１］
2025.01,タイトル変更,C01G 53/09,C01G 53/09,・・塩化物［３］,・・塩化物；オキシ塩化物［２００６．０１］
2025.01,タイトル変更,C01G 53/11,C01G 53/11,・硫化物［３］,・硫化物；オキシ硫化物［２００６．０１］
2025.01,タイトル変更,C07C 49/603,C07C 49/603,・・６員環の［３］,・・６員環のもの，例．キノンメチド［２００６．０１］
2025.01,タイトル変更,C07C 50/00,C07C 50/00,キノン（キノンメチドに対しては，環部分を構成しているケト基を有する不飽和ケトンを参照）［３］,キノン［２００６．０１］
2025.01,タイトル変更,C07H 23/00,C07H 23/00,ホウ素，ケイ素，または金属を含む化合物，例．キレート，ビタミンＢ↓１↓２（無機酸とのエステルＣ０７Ｈ１１／００；金属塩は母体化合物を参照）［２］,ホウ素，ケイ素，または金属を含む化合物，例．キレート，ビタミンＢ↓１↓２（無機酸とのエステルＣ０７Ｈ１１／００）［２００６．０１］
2025.01,タイトル変更,C08F 30/00,C08F 30/00,ただ１つの炭素―炭素二重結合を含有する１個以上の不飽和脂肪族基をもち，りん，セレン，テルルまたは金属を含有する化合物の単独重合体または共重合体（金属塩，例．フェノラートまたはアルコラート，は母体化合物を参照）［２］,ただ１つの炭素―炭素二重結合を含有する１個以上の不飽和脂肪族基をもち，りん，セレン，テルルまたは金属を含有する化合物の単独重合体または共重合体［２００６．０１］
2025.01,タイトル変更,C08F 130/00,C08F 130/00,ただ１つの炭素―炭素二重結合を含有する１個以上の不飽和脂肪族基をもち，りん，セレン，テルルまたは金属を含有する化合物の単独重合体（金属塩，例．フェノレートまたはアルコラート，は母体化合物を参照）［２］,ただ１つの炭素―炭素二重結合を含有する１個以上の不飽和脂肪族基をもち，りん，セレン，テルルまたは金属を含有する化合物の単独重合体［２００６．０１］
2025.01,タイトル変更,C08F 230/00,C08F 230/00,ただ１つの炭素―炭素二重結合を含有する１個以上の不飽和脂肪族基をもち，りん，セレン，テルルまたは金属を含有する化合物の共重合体（金属塩，例．フェノレートまたはアルコラート，は母体化合物を参照）［２］,ただ１つの炭素―炭素二重結合を含有する１個以上の不飽和脂肪族基をもち，りん，セレン，テルルまたは金属を含有する化合物の共重合体［２００６．０１］
2025.01,タイトル変更,C08L 23/22,C08L 23/22,・・・・イソブテンの共重合体；ブチルゴム［２］,・・・・イソブテンの共重合体；ブチルゴム；他のイソオレフィンの単独重合体または共重合体［２０２５．０１］
2025.01,タイトル変更,C08L 23/26,C08L 23/26,・化学的な後処理によって変性されたもの［２］,・化学的な後処理によって変性されたもの（ケン化共重合体Ｃ０８Ｌ２３／０８６１；不飽和酸塩Ｃ０８Ｌ２３／０８７６）［２０２５．０１］
2025.01,タイトル変更,C09B 69/02,C09B 69/02,・染料塩，例えば酸性染料と塩基性染料との塩（染料のＮａ，Ｋ，あるいはＮＨ↓４↑＋塩または塩化物，硫酸塩，塩化亜鉛酸塩については関係する染料のグループを参照）［３］,・染料塩，例えば酸性染料と塩基性染料との塩［２００６．０１］
2025.01,タイトル変更,D03D 45/02,D03D 45/02,・よこ管または他のひの貯蔵物の交換,・よこ管またはひにより運ばれる他の織機部品の交換［２００６．０１］
2025.01,タイトル変更,E04B 1/66,E04B 1/66,・・シーリング（プラスターへの耐漏性付与Ｃ０４Ｂ；れき青シーリング材Ｃ０８Ｌ９５；水工のためのシーリング一般Ｅ０２Ｂ３／１６；地面の湿気または地下水に対するものＥ０２Ｄ３１／０２；雨露に対する被覆Ｅ０４Ｄ；シーリング材の材料組成物または製造はそれらの材料の関連クラスを参照）,・・シーリング（プラスターへの耐漏性付与Ｃ０４Ｂ；れき青シーリング材Ｃ０８Ｌ９５；水工のためのシーリング一般Ｅ０２Ｂ３／１６；地面の湿気または地下水に対するものＥ０２Ｄ３１／０２；雨露に対する被覆Ｅ０４Ｄ）［２００６．０１］
2025.01,タイトル変更,F01B 1/01,F01B 1/01,・２つ以上の主軸をもつもの，例．共通の出力軸に連結されたもの（２つ以上の機械または機関の組み合わせＦ０１Ｂ２１／００）,・２つ以上の主軸をもつもの，例．共通の出力軸に連結されたもの［２００６．０１］
2025.01,タイトル変更,F01B 3/01,F01B 3/01,・作動流体の供給排出の制御（一般用に適するものＦ０１Ｌ）,・作動流体の供給排出の制御［２００６．０１］
2025.01,タイトル変更,F01B 9/00,F01B 9/00,ピストンおよび主軸間の連結を特徴とし，グループＦ０１Ｂ１／００～Ｆ０１Ｂ７／００で特定されない往復ピストン機械または機関（アイドリング中に連結が分離しうるものＦ０１Ｂ３１／２４）,ピストンおよび主軸間の連結を特徴とし，グループＦ０１Ｂ１／００～Ｆ０１Ｂ７／００で特定されない往復ピストン機械または機関［２００６．０１］
2025.01,タイトル変更,F01B 11/04,F01B 11/04,・往復駆動装置と組み合わせた機関，例．ハンマ（ポンプをもつものＦ０１Ｂ２３／０８；駆動装置の主要な特徴は，装置に関連したクラス参照）,・往復駆動装置と組み合わせた機関，例．ハンマ［２００６．０１］
2025.01,タイトル変更,F01B 11/08,F01B 11/08,・直接流体運動装置をもつもの（Ｆ０１Ｂ１１／０２が優先）,・直接流体運動装置をもつもの［２００６．０１］
2025.01,タイトル変更,F01B 13/00,F01B 13/00,シリンダを回転させることによりピストンを往復動させる往復ピストン機械または機関（可とう壁型の機械または機関Ｆ０１Ｂ１９／００）［２］,シリンダを回転させることによりピストンを往復動させる往復ピストン機械または機関［２００６．０１］
2025.01,タイトル変更,F01B 15/00,F01B 15/00,１３／００以外の可動シリンダをもつ往復ピストン機械または機関（作用流体制御用可動シリンダスリーブをもつものＦ０１Ｌ）,Ｆ０１Ｂ１３／００以外の可動シリンダをもつ往復ピストン機械または機関［２００６．０１］
2025.01,タイトル変更,F01B 21/00,F01B 21/00,２以上の機械または機関の組み合わせ（Ｆ０１Ｂ２３／００が優先；２つ以上のポンプの組み合わせＦ０４；流体伝動装置Ｆ１６Ｈ）［２００６．０１］,２以上の機械または機関の組み合わせ（Ｆ０１Ｂ２３／００が優先）［２００６．０１］
2025.01,タイトル変更,F01B 23/00,F01B 23/00,特定用途への機械または機関の適用；機関とそれによって駆動される装置の組み合わせ（Ｆ０１Ｂ１１／００が優先；流体伝動装置Ｆ１６Ｈ）［２００６．０１］,特定用途への機械または機関の適用；機関とそれによって駆動される装置の組み合わせ［２００６．０１］
2025.01,タイトル変更,F01B 25/00,F01B 25/00,調節，制御，または安全装置（調節または制御一般Ｇ０５）,調節，制御，または安全装置（燃焼機関の制御Ｆ０２Ｄ）［２００６．０１］
2025.01,タイトル変更,F01B 25/02,F01B 25/02,・作動流体の供給または排出を変化することによる調節または制御，例．圧力または量の変化によるもの（分配または膨張弁装置Ｆ０１Ｌ）,・作動流体の供給または排出を変化することによる調節または制御，例．圧力または量の変化によるもの［２００６．０１］
2025.01,タイトル変更,F01B 25/01,F01B 25/01,・・・作動流体の供給弁または排出弁の配置または適用（弁一般Ｆ１６Ｋ）,・・・作動流体の供給弁または排出弁の配置または適用［２００６．０１］
2025.01,タイトル変更,F01B 25/12,F01B 25/12,・・感知素子または末端アクチュエータを処理する装置またはそれらの間の伝達装置，例．動力補助（感知素子のみＦ０１Ｂ２５／０４；末端アクチュエータのみＦ０１Ｂ２５／０８）,・・感知素子または末端アクチュエータを処理する装置またはそれらの間の伝達装置，例．動力補助［２００６．０１］
2025.01,タイトル変更,F01B 27/08,F01B 27/08,・・クランクを死点から離して動かす装置（回転装置一般Ｆ１６Ｈ）,・・クランクを死点から離して動かす装置［２００６．０１］
2025.01,タイトル変更,F01B 29/01,F01B 29/01,・・機関（冷凍機関Ｆ２５Ｂ）,・・機関［２００６．０１］
2025.01,タイトル変更,F01B 31/00,F01B 31/00,他のグループに分類されない構成部分，細部，または付属品（蒸気機関に特有のもの以外の機械または機関ケーシングＦ１６Ｍ）,他のグループに分類されない構成部分，細部，または付属品［２００６．０１］
2025.01,タイトル変更,F01B 31/04,F01B 31/04,・往復ピストン機械または機関におけるトルク平均装置（機構における慣性力の補正，振動抑制Ｆ１６Ｆ）,・往復ピストン機械または機関におけるトルク平均装置［２００６．０１］
2025.01,タイトル変更,F01B 31/08,F01B 31/08,・蒸気機関の冷却（流体機械の冷却一般Ｆ０１Ｐ）；加熱；断熱（断熱一般Ｆ１６Ｌ５９／００）,・蒸気機関の冷却；加熱；断熱［２００６．０１］
2025.01,タイトル変更,F01B 31/01,F01B 31/01,・蒸気機関の潤滑装置（流体機械または機関の潤滑一般Ｆ０１Ｍ）,・蒸気機関の潤滑装置［２００６．０１］
2025.01,タイトル変更,F01B 31/12,F01B 31/12,・計測または指示装置の配置（警報装置Ｆ０１Ｂ２５／２６；計測装置等自体Ｇ０１）,・計測または指示装置の配置［２００６．０１］
2025.01,タイトル変更,F01B 31/16,F01B 31/16,・蒸気機関に特に適した消音器（蒸気機関における排気管の配置Ｆ０１Ｂ３１／３０；機械または機関用ガス流消音器または排気消音器一般Ｆ０１Ｎ）,・蒸気機関に特に適した消音器［２００６．０１］
2025.01,タイトル変更,F01B 31/34,F01B 31/34,・・水撃または水の浸入に対する安全装置（蒸気トラップＦ１６Ｔ）,・・水撃または水の浸入に対する安全装置［２００６．０１］
2025.01,タイトル変更,F21S 45/02,F21S 45/02,・照明装置内の気体の流れを促進するもの，例．曇り取りのため被覆ガラスに流れを向けるもの（通気Ｆ２１Ｓ４５／３０；強制冷却Ｆ２１Ｓ４５／５２）［２０１８．０１］,・照明装置内の気体の流れを促進するもの，例．曇り取りのため被覆ガラスに流れを向けるもの（通気Ｆ２１Ｓ４５／３０；強制冷却Ｆ２１Ｓ４５／４２）［２０１８．０１］
2025.01,タイトル変更,F21V 7/00 570,F21V 7/00 570,・・ハーフミラー（選択透過膜またはダイクロイックミラーＦ２１Ｖ７／２２，２４０）,・・ハーフミラー（選択透過膜またはダイクロイックミラーＦ２８Ｖ７／２２，２４０）
2025.01,タイトル変更,F21V 29/503,F21V 29/503,・・・光源の冷却（ガス放電または蒸気放電ランプと構造的に関連する冷却装置Ｈ０１Ｊ６１／５２；電気発熱灯と構造的に関連する冷却装置Ｈ０１Ｋ１／５８；発光ダイオードと構造的に関連する冷却装置Ｈ０１Ｌ３３／６４）［２０１５．０１］,・・・光源の冷却（ガス放電または蒸気放電ランプと構造的に関連する冷却装置Ｈ０１Ｊ６１／５２；電気発熱灯と構造的に関連する冷却装置Ｈ０１Ｋ１／５８；発光ダイオードと構造的に関連する冷却装置Ｈ１０Ｈ２０／８５８）［２０１５．０１］
2025.01,タイトル変更,F22B 1/00,F22B 1/00,加熱方法の形式に特徴がある蒸気発生法（太陽熱の使用Ｆ２４Ｓ；蒸気が発生し他の装置を冷却するのに役立つジャケットまたは他の冷却手段はそのような装置のサブクラスを参照）,加熱方法の形式に特徴がある蒸気発生法［２００６．０１］
2025.01,タイトル変更,F22B 1/18,F22B 1/18,・・熱媒体が熱ガス，例．内燃機関の排気のごとき廃ガス，であるもの（燃焼機関の廃熱利用一般Ｆ０２）,・・熱媒体が熱ガス，例．内燃機関の排気のごとき廃ガス，であるもの［２００６．０１］
2025.01,タイトル変更,F22B 3/04,F22B 3/04,・減圧室内で高圧熱水の圧力を低下することによるもの，例．アキュムレータ（蒸気アキュムレータ自体Ｆ０１Ｋ１／００）,・減圧室内で高圧熱水の圧力を低下することによるもの，例．アキュムレータ［２００６．０１］
2025.01,タイトル変更,F22B 5/04,F22B 5/04,・構成部分；付属物（圧力容器のふたまたは類似の閉鎖部材一般Ｆ１６Ｊ１３／００）,・構成部分；付属物［２００６．０１］
2025.01,タイトル変更,F22B 13/00,F22B 13/00,火室形の蒸気ボイラ，すなわち燃料の燃焼が室または火炉と，次の煙道（群）または煙管（群）で行なわれ，室または火炉と煙道群または煙管群がともに缶体内に配置されたもの,火室形の蒸気ボイラ，すなわち火炉およびそれに続く火管または煙管の両方が缶体内に配置されているボイラ［２００６．０１］
2025.01,タイトル変更,F22B 23/06,F22B 23/06,・その構成部品，例．フィールド水管（熱交換管一般Ｆ２８Ｆ）,・その構成部品，例．フィールド水管［２００６．０１］
2025.01,タイトル変更,F22B 29/06,F22B 29/06,・貫流形，すなわち管の一端の給水が他端より過熱蒸気として排出されるもの（Ｆ２２Ｂ３３／００が優先）,・貫流形，すなわち管の一端の給水が他端より過熱蒸気として排出されるもの（低圧および高圧ボイラを組み合わせた強制流動形ボイラＦ２２Ｂ３３／１６）［２００６．０１］
2025.01,タイトル変更,F22B 31/00,F22B 31/00,燃焼装置のすえ付けによるボイラ構造または管系統の修正；燃焼装置の配列または配置（加熱方法に特徴がある蒸気発生Ｆ２２Ｂ１／００；燃焼装置自体Ｆ２３）,燃焼装置のすえ付けによるボイラ構造または管系統の修正；燃焼装置の配列または配置［２００６．０１］
2025.01,タイトル変更,F22B 33/00,F22B 33/00,蒸気発生プラント，例．相互に連携する異なるタイプの蒸気ボイラを有するもの（船舶用の蒸気発生プラントの配列または配置Ｂ６３Ｈ２１／００）,蒸気発生プラント，例．相互に連携する異なるタイプの蒸気ボイラを有するもの［２００６．０１］
2025.01,タイトル変更,F22B 35/00,F22B 35/00,蒸気ボイラの制御系（蒸気動力プラントの調整または制御Ｆ０１Ｋ７／００；給水の調整Ｆ２２Ｄ；過熱温度制御Ｆ２２Ｇ５／００；燃焼制御Ｆ２３Ｎ）,蒸気ボイラの制御系（給水の調整Ｆ２２Ｄ５／００；過熱温度制御Ｆ２２Ｇ５／００）［２００６．０１］
2025.01,タイトル変更,F22B 37/00,F22B 37/00,蒸気ボイラの構成部分または細部（空気または他のガス排出装置Ｆ１６Ｋ２４／００；スチームトラップまたはその類似物Ｆ１６Ｔ）,蒸気ボイラの構成部分または細部［２００６．０１］
2025.01,タイトル変更,F22B 37/01,F22B 37/01,・・水管；その付属物（金属管の加工Ｂ２１Ｄ；管一般Ｆ１６Ｌ；水管の漏えい口の修理Ｆ１６Ｌ５５／１６，Ｆ２８Ｆ１１／００；ボイラの水管の清掃Ｆ２３Ｊ，Ｆ２８Ｇ；水管よりなる邪摩板，仕切板，転向装置Ｆ２３Ｍ９／１０）,・・水管；その付属物［２００６．０１］
2025.01,タイトル変更,F22B 37/02,F22B 37/02,・・・水管を固定するための支持配列（ボイラ炉を含む炉の管壁の構造Ｆ２３Ｍ５／０８）,・・・支持装置，例．水管一式を固定するためのもの［２００６．０１］
2025.01,タイトル変更,F22B 37/22,F22B 37/22,・・ドラム；管寄せ；付属物（金属板によるボイラの製作Ｂ２１Ｄ５１／２４；圧力容器一般Ｆ１６Ｊ１２／００；圧力容器のふたまたは類似の閉鎖部材一般Ｆ１６Ｊ１３／００）,・・ドラム；管寄せ；付属物［２００６．０１］
2025.01,タイトル変更,F22B 37/24,F22B 37/24,・・支柱，懸吊，すえ付け装置，例．熱を保護するためのもの（骨組，機関架台Ｆ１６Ｍ）,・・支持，懸吊またはすえ付け装置，例．遮熱のためのもの［２００６．０１］
2025.01,タイトル変更,F22B 37/26,F22B 37/26,・・蒸気分離装置（気水分離器，例．乾き蒸気Ｂ０１Ｄ，Ｂ０４）,・・蒸気分離装置［２００６．０１］
2025.01,タイトル変更,F22B 37/38,F22B 37/38,・・蒸気ボイラ内の運転状態の測定または指示，例．水管を流れる給水の方向または割合の監視（測定器または指示計器一般Ｇ０１）,・・蒸気ボイラ内の運転状態の測定または指示，例．水管を流れる給水の方向または流量の監視［２００６．０１］
2025.01,タイトル変更,F22B 37/04,F22B 37/04,・・蒸気ボイラの煙道内の分割壁の配列，例．邪魔板で形成されたもの（煙道または煙突内Ｆ２３Ｊ１３／００）,・・蒸気ボイラの煙道内の分割壁の配列，例．邪魔板で形成されたもの［２００６．０１］
2025.01,タイトル変更,F22B 37/42,F22B 37/42,・・警報装置または自動安全装置の適用，配列または配置（給水加熱器用Ｆ２２Ｄ１／１４；このような警報または装置それ自体Ｇ０８Ｂ）,・・警報装置または自動安全装置の適用，配列または配置（給水加熱器用Ｆ２２Ｄ１／１４）［２００６．０１］
2025.01,タイトル変更,F22B 37/44,F22B 37/44,・・・安全弁があるもの（安全弁自体Ｆ１６Ｋ）,・・・安全弁があるもの［２００６．０１］
2025.01,タイトル変更,F22B 37/46,F22B 37/46,・・・低水位または高水位に応答するもの，例．ボイラーの燃焼停止用，抑制用，絶滅用（着火，消火一般Ａ６２）,・・・低水位または高水位に応答するもの，例．ボイラーの燃焼停止用，抑制用または消火用［２００６．０１］
2025.01,タイトル変更,F22B 37/47,F22B 37/47,・・・異常温度に応答するもの，例．可溶性プラグにより作動するもの（警報または装置自体Ｇ０８Ｂ）,・・・異常温度に応答するもの，例．可溶性プラグにより作動するもの［２００６．０１］
2025.01,タイトル変更,F22B 37/48,F22B 37/48,・・ボイラから水，無機物，またはスラッジを除去する機器または装置（ボイラの水管，炉管等の清掃Ｆ２３Ｊ，Ｆ２８Ｇ）,・・ボイラから水，無機物またはスラッジを除去する機器または装置（ボイラの水管，炉管等の清掃Ｆ２８Ｇ）［２００６．０１］
2025.01,タイトル変更,F22B 37/64,F22B 37/64,・・管単体のすえ付けまたは支持装置（炉，例．ボイラ炉，の管壁の構造Ｆ２３Ｍ５／０８）,・・管単体のすえ付けまたは支持装置［２００６．０１］
2025.01,タイトル変更,F22B 37/76,F22B 37/76,・流体流の存在または方向を観察する装置の適用またはすえ付け（装置自体Ｇ０１Ｐ）,・流体流の存在または方向を観察する装置の適用またはすえ付け［２００６．０１］
2025.01,タイトル変更,F22B 37/78,F22B 37/78,・レベル指示器の適用またはすえ付け（レベル指示器自体Ｇ０１Ｆ）,・レベル指示器の適用またはすえ付け［２００６．０１］
2025.01,タイトル変更,F22D 1/02,F22D 1/02,・炉筒，煙管，煙道に配列された水管をもつもの（熱交換管一般Ｆ２８Ｆ）,・炉筒，煙管または煙道に配列された水管をもつもの［２００６．０１］
2025.01,タイトル変更,F22D 1/01,F22D 1/01,・・・水平な配列をもつもの（水管として使用される中空火格子，炉格子Ｆ２３Ｈ３／０２）,・・・水平な配列をもつもの［２００６．０１］
2025.01,タイトル変更,F22D 1/14,F22D 1/14,・・安全装置または排気装置（ボイラの安全装置一般Ｆ２２Ｂ３７／４２）,・・安全装置または排気装置［２００６．０１］
2025.01,タイトル変更,F22D 1/04,F22D 1/04,・排蒸気と燃焼ガスの組み合わされた予熱器（機関車用Ｆ２２Ｄ１／４２）,・排蒸気と燃焼ガスの組み合わされた予熱器［２００６．０１］
2025.01,タイトル変更,F22D 1/05,F22D 1/05,・給水の熱的脱気と一体になったもの（直接熱伝達の中での脱気Ｆ２２Ｄ１／２８；水の熱的脱気それ自体Ｂ０１Ｄ１９／００，Ｃ０２Ｆ１／２０；通気用弁Ｆ１６Ｋ２４／０４）［３］,・給水の熱的脱気と一体になったもの（直接熱伝達の中での脱気Ｆ２２Ｄ１／２８）［２００６．０１］
2025.01,タイトル変更,F22D 3/08,F22D 3/08,・機関車用に特に適したもの（機関車用ボイラＦ２２Ｂ１３／０６）,・機関車用に特に適したもの［２００６．０１］
2025.01,タイトル変更,F22D 3/01,F22D 3/01,・・制御装置（ボイラの給水または水位の制御Ｆ２２Ｄ５／００）,・・制御装置［２００６．０１］
2025.01,タイトル変更,F22D 5/00,F22D 5/00,給水または水位の制御；自動的な給水または水位の調整装置（蒸気トラップＦ１６Ｔ；測定または指示計器Ｇ０１；水位の指示用Ｇ０１Ｆ；水準制御一般Ｇ０５Ｄ９／００）,給水または水位の制御；自動的な給水または水位の調整装置［２００６．０１］
2025.01,タイトル変更,F22D 5/26,F22D 5/26,・自動給水制御方式（自動安全装置Ｆ２２Ｂ３７／４２；制御一般Ｇ０５）,・自動給水制御システム［２００６．０１］
2025.01,タイトル変更,F22D 5/34,F22D 5/34,・・弁の適用（弁自体Ｆ１６Ｋ）,・・弁の適用［２００６．０１］
2025.01,タイトル変更,F22D 7/00,F22D 7/00,水の循環を促進する補助装置（水循環を増進するためのボイラの応用Ｆ２２Ｂ３７／３４）,水の循環を促進する補助装置［２００６．０１］
2025.01,タイトル変更,F22D 11/02,F22D 11/02,・給水ポンプの配置（Ｆ２２Ｄ１１／０６が優先；ポンプ自体Ｆ０４）,・給水ポンプの配置［２００６．０１］
2025.01,タイトル変更,F22G 1/00,F22G 1/00,加熱方法に特徴がある蒸気の過熱（遊離酸素ガスの供給を伴わない発熱化学反応で，そこからの熱を用いる装置Ｆ２４Ｖ３０／００）,加熱方法に特徴がある蒸気の過熱［２００６．０１］
2025.01,タイトル変更,F22G 3/00,F22G 3/00,構造に特徴がある蒸気過熱器；細部または構成部分（密閉形熱交換器の一般的事項Ｆ２８Ｄ）,構造に特徴がある蒸気過熱器；細部または構成部分［２００６．０１］
2025.01,タイトル変更,F22G 5/00,F22G 5/00,過熱温度制御（蒸気ボイラの制御方式Ｆ２２Ｂ；一般的な調整または制御Ｇ０５）,過熱温度制御［２００６．０１］
2025.01,タイトル変更,F22G 5/12,F22G 5/12,・過熱蒸気の温度調節，例．散水の噴射による（スプレーミキサＢ０１Ｆ２５／７０）,・過熱蒸気の温度調節，例．散水の噴射による［２００６．０１］
2025.01,タイトル変更,F27B 1/00,F27B 1/00,竪（たて）形または類似の直立形または実質的に直立形の炉（石灰，マグネシアまたはドロマイトの予熱，焼成，か焼または冷却用Ｃ０４Ｂ２／１２）,竪（たて）形または類似の直立形または実質的に直立形の炉［２００６．０１］
2025.01,タイトル変更,F27B 1/01,F27B 1/01,・これらの形式の炉に特有の細部，付属物または装置,・これらの形式の炉に特に適した細部，付属物または装置［２００６．０１］
2025.01,タイトル変更,F27B 1/14,F27B 1/14,・・・ライニングの配置（ライニング一般Ｆ２７Ｄ１／００）,・・・ライニングの配置［２００６．０１］
2025.01,タイトル変更,F27B 1/22,F27B 1/22,・・熱交換装置の配置（熱交換装置一般Ｆ２８Ｃ，Ｄ）,・・熱交換装置の配置［２００６．０１］
2025.01,タイトル変更,F27B 3/01,F27B 3/01,・炉床形炉に特有の細部，付属物，または装置，例．集塵器,・炉床形炉に特に適した細部，付属物，または装置，例．集塵器［２００６．０１］
2025.01,タイトル変更,F27B 5/00,F27B 5/00,マッフル炉；レトルト炉；その他装入物が完全に隔離されている炉（Ｆ２７Ｂ９／００が優先）,マッフル炉；レトルト炉；その他装入物が完全に隔離されている炉（装入物が機械的にその中を通り抜ける炉またはその中で装入物が重力により動く炉Ｆ２７Ｂ９／００）［２００６．０１］
2025.01,タイトル変更,F27B 5/06,F27B 5/06,・これらの形式の炉に特有の細部，付属物または装置,・これらの形式の炉に特に適した細部，付属物または装置［２００６．０１］
2025.01,タイトル変更,F27B 7/02,F27B 7/02,・回転ドラム形炉に特有の細部，付属物または装置,・回転ドラム形炉に特に適した細部，付属物または装置［２００６．０１］
2025.01,タイトル変更,F27B 9/00,F27B 9/00,装入物が機械的にその中を移動する炉，例．トンネル形のもの（Ｆ２７Ｂ７／１４が優先）；同様の炉内で装入物が重力によって移動するもの,装入物が機械的にその中を移動する炉，例．トンネル形のもの（装入物を攪拌または移動する手段をもつ回転ドラム形炉Ｆ２７Ｂ７／１４）；同様の炉内で装入物が重力によって移動するもの［２００６．０１］
2025.01,タイトル変更,F27B 9/14,F27B 9/14,・処理中の装入物の通路に特徴のあるもの；装入物が処理中に移動させられる手段に特徴のあるもの（Ｆ２７Ｂ９／２８が優先；装入物のための移動するか可動の支持装置または容器Ｆ２７Ｄ３／１２）,・処理中の装入物の通路に特徴のあるもの；装入物が処理中に移動させられる手段に特徴のあるもの（加工品の連続した長さを処理するためのものＦ２７Ｂ９／２８）［２００６．０１］
2025.01,タイトル変更,F27B 9/03,F27B 9/03,・これらの形の炉に特有の細部，付属物または装置,・これらの形の炉に特に適した細部，付属物または装置［２００６．０１］
2025.01,タイトル変更,F27B 11/00,F27B 11/00,鐘型炉（金属ストリップまたは金属線を処理するためのものＣ２１Ｄ９／６６３）,鐘型炉［２００６．０１］
2025.01,タイトル変更,F27B 13/00,F27B 13/00,環形に区分されたキルンが定置された装入物上を移動する形の，例えばリング形の定置された装入物および加熱の前進とをもつ炉,静止している装入物と，前進する加熱の両方を有する炉，例．環形のものまたはその中でキルンの１つの区域が静止している装入物の上を移動する形のもの［２００６．０１］
2025.01,タイトル変更,F27B 13/06,F27B 13/06,・この形の炉に特有の細部，付属物または装置,・この形の炉に特に適した細部，付属物または装置［２００６．０１］
2025.01,タイトル変更,F27B 14/08,F27B 14/08,・るつぼ形炉，つぼ形炉またはタンク炉に特有な細部［４］,・るつぼ形炉，つぼ形炉またはタンク炉に特に適した細部［２００６．０１］
2025.01,タイトル変更,F27B 15/00,F27B 15/00,流動層炉；その他の炉で，細かく分割された物質を分散状態で使用または処理するもの（燃焼が燃料または他の粒子の流体層で発生する燃料装置Ｆ２３Ｃ１０／００）,流動層炉；その他の炉で，細かく分割された物質を分散状態で使用または処理するもの［２００６．０１］
2025.01,タイトル変更,F27B 15/02,F27B 15/02,・これらの形の炉に特有の細部，付属物または装置,・これらの形の炉に特に適した細部，付属物または装置［２００６．０１］
2025.01,タイトル変更,F27B 21/08,F27B 21/08,・焼結等の装置に特有の細部，付属物，または装置［４］,・焼結等の装置に特に適した細部，付属物，または装置［２００６．０１］
2025.01,タイトル変更,F27D 1/00,F27D 1/00,外套；ライニング；壁；天井（耐火性材料Ｃ０４Ｂ；燃焼室のための火橋Ｆ２３Ｍ３／００）,外套；ライニング；壁；天井［２００６．０１］
2025.01,タイトル変更,F27D 1/12,F27D 1/12,・冷却装置を結合したもの（管集合体の構造一般Ｆ２８）,・冷却装置を結合したもの［２００６．０１］
2025.01,タイトル変更,F27D 1/14,F27D 1/14,・ライニングのための支持装置（Ｆ２７Ｄ１／１０が優先）,・ライニングのための支持装置（一体構造のライニングのための支持体Ｆ２７Ｄ１／１０）［２００６．０１］
2025.01,タイトル変更,F27D 1/18,F27D 1/18,・炉扉（ひ）のフレーム；炉扉，ふた，移動可能なおおい,・炉扉（ひ）のフレーム；炉扉，ふたまたは移動可能なおおい［２００６．０１］
2025.01,タイトル変更,F27D 3/00,F27D 3/00,装入；排出；装入物の取り扱い（他の分類に属せず，特殊な目的に適用されることを特徴とする移送装置Ｂ６５Ｇ４９／００；装入物を炉を通して移動させるものＦ２７Ｂ９／１４）,装入；排出；装入物の取り扱い［２００６．０１］
2025.01,タイトル変更,F27D 5/00,F27D 5/00,炉内の装入物のための支持装置，隔壁，または類似のもの（移動するか可動の支持装置Ｆ２７Ｄ３／１２）,炉内の装入物のための支持装置，隔壁，または類似のもの［２００６．０１］
2025.01,タイトル変更,F27D 7/06,F27D 7/06,・加熱室内での特殊の雰囲気または真空の生成または維持（Ｆ２７Ｄ７／０２が優先）,・加熱室内での特殊の雰囲気または真空の生成または維持（水蒸気，蒸気，ガスまたは液体の供給Ｆ２７Ｄ７／０２）［２００６．０１］
2025.01,タイトル変更,F27D 9/00,F27D 9/00,炉または炉内の装入物の冷却（Ｆ２７Ｄ１／００，Ｆ２７Ｄ３／００が優先）,炉または炉内の装入物の冷却（冷却装置を組み込んだ外套，ライニング，壁または天井Ｆ２７Ｄ１／１２）［２００６．０１］
2025.01,タイトル変更,F27D 11/00,F27D 11/00,炉内または炉に付設する電気加熱要素の配置（電気加熱それ自体Ｈ０５Ｂ）,炉内または炉に付設する電気加熱要素の配置［２００６．０１］
2025.01,タイトル変更,F27D 11/01,F27D 11/01,・・電極の配置（温度の自動制御Ｇ０５Ｄ２３／００；電気放電装置Ｈ０１Ｔ；電極の給送装置または案内装置Ｈ０５Ｂ７／１０；電極の位置決めによる電力の自動制御Ｈ０５Ｂ７／１４４）［３］,・・電極の配置［２００６．０１］
2025.01,タイトル変更,F27D 17/00,F27D 17/00,廃熱利用装置（熱交換器それ自体Ｆ２８）；廃ガスの利用または処理装置（煙霧を除去するもの一般Ｂ０８Ｂ１５／００）,廃熱利用装置；廃ガスの利用または処理装置［２０２５．０１］
2025.01,タイトル変更,F27D 27/00,F27D 27/00,溶融物のためのかき混ぜ装置（Ｆ２７Ｄ３／１４が優先）［２０１０．０１］,溶融物のためのかき混ぜ装置（液体または溶融物を装入または排出するものＦ２７Ｄ３／１４）［２０１０．０１］
2025.01,タイトル変更,G02B 6/12,G02B 6/12,・・集積回路型のもの（電気的集積回路Ｈ０１Ｌ２７／００）［２００６．０１］,・・集積回路型のもの（電気的集積回路Ｈ１０Ｂ，Ｈ１０Ｄ８４／００－８９／００，Ｈ１０Ｆ１９／００，Ｈ１０Ｆ３９／００，Ｈ１０Ｈ２９／００，Ｈ１０Ｋ１９／００，Ｈ１０Ｋ３９／００，Ｈ１０Ｋ５９／００，Ｈ１０Ｎ１９／００，Ｈ１０Ｎ３９／００，Ｈ１０Ｎ５９／００，Ｈ１０Ｎ６９／００，Ｈ１０Ｎ７９／００，Ｈ１０Ｎ８９／００）［２００６．０１］
2025.01,タイトル変更,G03B 23/02,G03B 23/02,・マガジン，すなわち，画面が貯蔵部分から取出され，再び同一かまたは他のものへ返されるもの；そのためのマガジン,・画面が貯蔵部分から取出され，再び貯蔵部分へ返されるもの；そのためのマガジン［２００６．０１］
2025.01,タイトル変更,G05F 1/02,G05F 1/02,・アークの電気的特性の調整（スポット溶接，シーム溶接または切断のための電極の給送または移動装置Ｂ２３Ｋ９／１２；電気加熱または電気照明のための電極給送装置Ｈ０５Ｂ７／１０９，Ｈ０５Ｂ３１／１８；放電加熱用電力の自動制御Ｈ０５Ｂ７／１４８）［２］,・アークの電気的特性の調整［２００６．０１］
2025.01,タイトル変更,G05F 1/01,G05F 1/01,・電圧または電流の調整（Ｇ０５Ｆ１／０２が優先；電気鉄道用Ｂ６０Ｍ３／０２）,・電圧または電流の調整（Ｇ０５Ｆ１／０２が優先）［２００６．０１］
2025.01,タイトル変更,G05F 7/00,G05F 7/00,磁気的変量の調整（磁気共鳴を含む磁気的変量の測定用の装置の細部Ｇ０１Ｒ３３／２８）［５］,磁気的変量の調整［２００６．０１］
2025.01,タイトル変更,G06F 11/36,G06F 11/36,・ソフトウェアを検査またはデバッグすることによるエラー防止［７］,・ソフトウェアの分析，デバッグまたは検査によるエラー防止［２０２５．０１］
2025.01,タイトル変更,G06F 16/34,G06F 16/34,・・ブラウジング；そのための視覚化［２０１９．０１］,・・ブラウジング；そのための視覚化（クラスタリングまたは分類のためのブラウジングまたは視覚化Ｇ０６Ｆ１６／３５８）［２０２５．０１］
2025.01,タイトル変更,H01C 7/00,H01C 7/00,１以上の層または被覆状に形成された非可調整抵抗器；粉末絶縁材料を含むかまたは含まない粉末導電材料または粉末半導体材料で形成された非可調整抵抗器（ルーズな粉末状または顆粒状の物質より成るものＨ０１Ｃ８／００；電位障壁を有する抵抗器，例．電界効果による抵抗器，Ｈ０１Ｌ２９／００；電磁波または粒子線輻射に感応する半導体装置，例．光抵抗器Ｈ０１Ｌ３１／００；磁界制御抵抗Ｈ１０ＮＬ５０／１０；バルク負性抵抗効果装置Ｈ１０Ｎ８０／００）［２００６．０１］,１以上の層または被覆状に形成された非可調整抵抗器；粉末絶縁材料を含むかまたは含まない粉末導電材料または粉末半導体材料で形成された非可調整抵抗器（ルーズな粉末状または顆粒状の物質より成るものＨ０１Ｃ８／００；電位障壁を有する抵抗器，例．電界効果による抵抗器，Ｈ１０Ｄ１／４０－Ｈ１０Ｄ１／４３，Ｈ１０Ｋ１０／１０；電磁波または粒子線輻射に感応する半導体装置，例．光抵抗器Ｈ１０Ｆ３０／００；磁界制御抵抗Ｈ１０ＮＬ５０／１０；バルク負性抵抗効果装置Ｈ１０Ｎ８０／００）［２００６．０１］
2025.01,タイトル変更,H01L 21/46,H01L 21/46,・・・・２１／３６～２１／４２８に分類されない方法または装置を用いる半導体本体の処理（半導体本体上への電極の製造２１／４４）,・・・・Ｈ０１Ｌ２１／３６～Ｈ０１Ｌ２１／４２８に分類されない方法または装置を用いる半導体本体の処理（半導体本体上への電極の製造Ｈ０１Ｌ２１／４４，Ｈ１０Ｄ６４／０１）［２］
2025.01,タイトル変更,H01L 21/48,H01L 21/48,・・・装置の組立に先立つ，部品，例．容器，の製造または処理であって，サブグループ２１／０６～２１／３２６の一つに分類されない方法を用いるもの（容器，封緘，充填，マウントそれ自体２３／００）,・・・装置の組立に先立つ，部品，例．容器，の製造または処理であって，サブグループＨ０１Ｌ２１／１８－Ｈ０１Ｌ２１／３２６またはＨ１０Ｄ４８／０４～Ｈ１０Ｄ４８／０７の一つに分類されない方法を用いるもの［２］
2025.01,タイトル変更,H01L 21/05,H01L 21/05,・・・サブグループ２１／０６～２１／３２６の一つに分類されない方法または装置を用いる半導体装置の組立,・・・サブグループＨ０１Ｌ２１／１８－Ｈ０１Ｌ２１／３２６またはＨ１０Ｄ４８／０４～Ｈ１０Ｄ４８／０７の一つに分類されない方法または装置を用いる半導体装置の組立［２］
2025.01,タイトル変更,H01L 21/64,H01L 21/64,・半導体装置以外の固体装置またはその部品の製造または処理であって，グループＨ０１Ｌ３１／００～Ｈ０１Ｌ３３／００またはサブクラスＨ１０Ｋ，Ｈ１０Ｎに分類されている一つの型の装置に特に適していないもの［２００６．０１］,・半導体装置以外の固体装置またはその部品の製造または処理であって，グループＨ０１Ｌ３１／００～Ｈ０１Ｌ３３／００またはサブクラスＨ１０Ｆ，Ｈ１０Ｈ，Ｈ１０Ｋ，Ｈ１０Ｎに分類されている一つの型の装置に特に適していないもの［２００６．０１］
2025.01,タイトル変更,H01L 25/00,H01L 25/00,複数の個々の半導体または他の固体装置からなる組立体，例．ソーラ・パネル（１つの共通基板内または上に形成された複数の固体構成部品からなる装置２７／００；ソーラ・セルまたはソーラ・パネルを用いる発電装置Ｈ０２Ｎ６／００；他のサブクラスに分類される完全回路組立体の細部，例．テレビジョン受信機の細部，は関連するサブクラス，例．Ｈ０４Ｎ，を参照；電気部品の組立体の細部一般Ｈ０５Ｋ）［２］,複数の個々の半導体または他の固体装置からなる組立体（１つの共通基板内または上に形成された複数の固体構成部品からなる装置Ｈ１０Ｄ８９／００；光起電モジュールまたは光起電素子のアレイＨ１０Ｆ１９／００）［２００６．０１］
2025.01,タイトル変更,H01L 25/16,H01L 25/16,・装置がグループＨ０１Ｌ２７／００～Ｈ０１Ｌ３３／００，またはサブクラスＨ１０Ｋ，Ｈ１０Ｎの，２つ以上の異なるメイングループに分類される型からなるもの，例．ハイブリッド回路の形成［２０２３．０１］,・装置がサブクラスＨ１０Ｂ，Ｈ１０Ｄ，Ｈ１０Ｆ，Ｈ１０Ｈ，Ｈ１０Ｋ，Ｈ１０Ｎの，２つ以上の異なるメイングループに分類される型からなるもの，例．ハイブリッド回路の形成［２０２３．０１］
2025.01,タイトル変更,H01S 5/00,H01S 5/00,半導体レーザ（スーパールミネッセントダイオードＨ０１Ｌ３３／００）［２００６．０１］,半導体レーザ（スーパールミネッセントダイオードＨ１０Ｈ２０／００）［２００６．０１］
2025.01,タイトル変更,H02K 15/00,H02K 15/00,発電機または電動機の製造，組立，保守または修理するのに特に適した方法あるいは器具,発電機または電動機の製造，組立，保守または修理に特に適した工程または装置［２０２５．０１］
2025.01,タイトル変更,H02K 15/02,H02K 15/02,・固定子または回転子本体に関するもの,・固定子または回転子本体についてのもの［２０２５．０１］
2025.01,タイトル変更,H02K 15/04,H02K 15/04,・巻線に関するもの，電機に組み込む以前のもの（巻線を絶縁するものＨ０２Ｋ１５／１０，Ｈ０２Ｋ１５／１２）,・発電機または電動機に組込む前の，巻線についてのもの（巻線の絶縁Ｈ０２Ｋ１５／１０，Ｈ０２Ｋ１５／１２）［２０２５．０１］
2025.01,タイトル変更,H02K 15/06,H02K 15/06,・電機への前もって作られた巻線の組み込み,・発電機または電動機への予組立された巻線の埋め込み［２０２５．０１］
2025.01,タイトル変更,H02K 15/08,H02K 15/08,・鉄心の周りまたは中に導体を置くことによる巻線の形成,・鉄心部品の中または周りへの導体の設置による巻線の形成［２００６．０１］
2025.01,タイトル変更,H02K 15/085,H02K 15/085,・・固定子の溝に導体をそう入することによるもの,・・固定子のスロットへの導体の設置によるもの［２００６．０１］
2025.01,タイトル変更,H02K 15/09,H02K 15/09,・・回転子の溝に導体をそう入することによるもの,・・回転子のスロットへの導体の設置によるもの［２００６．０１］
2025.01,タイトル変更,H02K 15/095,H02K 15/095,・・突極磁極の周囲に導体を巻回することによるもの,・・突極の周囲への導体の設置によるもの［２００６．０１］
2025.01,タイトル変更,H02K 15/01,H02K 15/01,・巻線，固定子または回転子への固体絶縁の適用,・固体絶縁の巻線，固定子または回転子への適用，例．絶縁テープの適用［２０２５．０１］
2025.01,タイトル変更,H02K 15/12,H02K 15/12,・巻線，固定子，回転子または電機の含浸，加熱または乾燥,・巻線，固定子，回転子または発電機または電動機の含浸，モールド絶縁，加熱または乾燥［２０２５．０１］
2025.01,タイトル変更,H02K 15/16,H02K 15/16,・固定子中への回転子の心出し；回転子の平衡,・固定子中での回転子の心出し［２０２５．０１］
2025.01,タイトル変更,H02S 30/00,H02S 30/00,光の変換に関しないＰＶモジュールの構造上の細部（電解型感光装置のモジュールの半導体装置の観点Ｈ０１Ｇ９／２０，無機ＰＶモジュールの半導体装置の観点Ｈ０１Ｌ３１／００，有機ＰＶモジュールの半導体装置の観点Ｈ１０Ｋ３０／００）［２０１４．０１］,光の変換に関しないＰＶモジュールの構造上の細部（電解型感光装置のモジュールの半導体装置の観点Ｈ０１Ｇ９／２０，無機ＰＶモジュールの半導体装置の観点Ｈ１０Ｆ１０／００，Ｈ１０Ｆ１９／００，有機ＰＶモジュールの半導体装置の観点Ｈ１０Ｋ３０／００）［２０１４．０１］
2025.01,タイトル変更,H02S 40/22,H02S 40/22,・・光反射手段または集光手段（ＰＶ素子と直接結合したものまたは一体化したものＨ０１Ｌ３１／０５４）［２０１４．０１］,・・光反射手段または集光手段（ＰＶ素子と直接結合したものまたは一体化したものＨ１０Ｆ７７／４２）［２０１４．０１］
2025.01,タイトル変更,H02S 40/42,H02S 40/42,・・冷却手段（ＰＶ素子と直接結合したまたは一体化した冷却手段Ｈ０１Ｌ３１／０５２）［２０１４．０１］,・・冷却手段［２０１４．０１］
2025.01,タイトル変更,H02S 40/44,H02S 40/44,・・熱エネルギーを利用する手段，例．温水および電気を同時に作り出すハイブリッドシステム（ＰＶ素子と直接結合したものまたは一体化したものＨ０１Ｌ３１／０５２５）［２０１４．０１］,・・熱エネルギーを利用する手段，例．温水および電気を同時に作り出すハイブリッドシステム（ＰＶ素子と直接結合したものまたは一体化したものＨ１０Ｆ７７／６７）［２０１４．０１］
2025.01,タイトル変更,H03H 1/02,H03H 1/02,・ＲＣ回路，例．フィルタ（他の電気的素子とコンデンサの構造的組み合わせＨ０１Ｇ）［３］,・ＲＣ回路，例．フィルタ［２００６．０１］
2025.01,タイトル変更,H03H 7/00,H03H 7/00,回路網の部品として受動的電気素子のみを含む多端子対回路網（受信機入力回路Ｈ０４Ｂ１／１８；通信ケーブルの長さを擬似する回路網Ｈ０４Ｂ３／４０）［３］,回路網の部品として受動的電気素子のみを含む多端子対回路網［２００６．０１］
2025.01,タイトル変更,H03H 7/12,H03H 7/12,・・調整可能な帯域巾および固定中心周波数をもつ帯域通過または帯域阻止濾波器（Ｈ０３Ｈ７／０９が優先；増巾器の帯域巾の自動御Ｈ０３Ｇ５／１６）,・・調整可能な帯域幅および固定中心周波数をもつ帯域通過または帯域阻止濾波器（Ｈ０３Ｈ７／０９が優先）［２００６．０１］
2025.01,タイトル変更,H03H 7/46,H03H 7/46,・相異った周波数または周波数帯域で動作する若干の電源または負荷を共通の負荷または電源に接続するための回路網（多重伝送方式に使用するものＨ０４Ｊ１／００）,・相異った周波数または周波数帯域で動作する若干の電源または負荷を共通の負荷または電源に接続するための回路網［２００６．０１］
2025.01,タイトル変更,H03H 9/00,H03H 9/00,電気機械的または電気音響的素子を含む回路網；電気機械的共振器（圧電または磁わい素子の製造Ｈ１０Ｎ３０／００，Ｈ１０Ｎ３５／００；拡声器，マイクロフォン，蓄音機ピックアックまたは類似のものＨ０４Ｒ）［２００６．０１］,電気機械的または電気音響的素子を含む回路網；電気機械的共振器（機械的に入出力する圧電装置，電わい装置または磁わい装置，例．アクチュエータまたはセンサー，Ｈ１０Ｎ３０／００，Ｈ１０Ｎ３５／００；拡声器，マイクロフォン，蓄音機ピックアップ等の電気音響的変換器Ｈ０４Ｒ）［２００６．０１］
2025.01,タイトル変更,H03H 9/13,H03H 9/13,・・・圧電または電わい材料からなる回路網のためのもの（Ｈ０３Ｈ９／１４５が優先）［３］,・・・圧電または電わい材料からなる回路網のためのもの（弾性表面波を用いる回路網のためのものＨ０３Ｈ９／１４５）［２００６．０１］
2025.01,タイトル変更,H03H 9/54,H03H 9/54,・・圧電または電わい材料からなる共振器を含むもの（Ｈ０３Ｈ９／６４が優先）［３］,・・圧電または電わい材料からなる共振器を含むもの（弾性表面波を用いる共振器を含むものＨ０３Ｈ９／６４）［２００６．０１］
2025.01,タイトル変更,H03H 11/26,H03H 11/26,・・時間遅延回路網（アナログシフトレジスタＧ１１Ｃ２７／０４）［３］,・・時間遅延回路網［２００６．０１］
2025.01,タイトル変更,H03H 11/34,H03H 11/34,・・相異った周波数または周波数帯域で動作する若干の電源または負荷を共通の負荷または電源に接続するための回路網（多重伝送方式に使用するものＨ０４Ｊ１／００）［３］,・・相異った周波数または周波数帯域で動作する若干の電源または負荷を共通の負荷または電源に接続するための回路網［２００６．０１］
2025.01,タイトル変更,H03H 11/44,H03H 11/44,・・・負性インピーダンス変換器（Ｈ０３Ｈ１１／４２が優先；周波数選択回路網に用いるものＨ０３Ｈ１１／１０）［３］,・・・負性インピーダンス変換器（Ｈ０３Ｈ１１／４２が優先）［２００６．０１］
2025.01,タイトル変更,H05H 1/42,H05H 1/42,・・・・プラズマ中に材料，例．粉末，液体，を導入するための設備を有するもの（静電噴霧，噴霧を電気的に荷電するための手段を有する装置Ｂ０５Ｂ５／００）［３］,・・・・プラズマ中に材料，例．粉末または液体，を導入するための設備を有するもの［２００６．０１］
2025.01,タイトル変更,H05H 1/52,H05H 1/52,・・イクスプロウディングワイヤまたはスパークギャップを用いるもの（Ｈ０５Ｈ１／２６が優先；スパークギャップ一般Ｈ０１Ｔ）［３］,・・イクスプロウディングワイヤまたはスパークギャップを用いるもの（Ｈ０５Ｈ１／２６が優先）［２００６．０１］
2025.01,タイトル変更,H05H 3/02,H05H 3/02,・分子ビームまたは原子ビームの発生，例．共振ビーム発生（ガスメーザＨ０１Ｓ１／０６）［３］,・分子ビームまたは原子ビームの発生，例．共振ビーム発生［２００６．０１］
2025.01,タイトル変更,H05H 5/03,H05H 5/03,・・加速管（容器表面に改良されたポテンシャル分布を有する放電管のうつわまたは容器Ｈ０１Ｊ５／０６；うつわまたは容器に組み合わされたＸ線管の遮へいＨ０１Ｊ３５／１６）［４］,・・加速管［２００６．０１］
2025.01,タイトル変更,H05H 7/02,H05H 7/02,・高周波エネルギを供給するための回路および方式（高周波発生器Ｈ０３Ｂ）,・高周波エネルギを供給するための回路および方式［２００６．０１］
2025.01,タイトル変更,H05K 5/02 V,H05K 5/02 V,筐体間の結合,筐体間の結合に特徴を有するもの
2025.01,タイトル変更,H10N 10/82,H10N 10/82,・・相互接続の接続［２０２３．０１］,・・相互接続［２０２３．０１］
2025.01,タイトル変更,H10N 50/85,H10N 50/85,・・磁性の活性材料［２０２３．０１］,・・活性領域の材料［２０２３．０１］
2025.01,タイトル変更,H10N 52/85,H10N 52/85,・・磁性の活性材料［２０２３．０１］,・・活性領域の材料［２０２３．０１］
2025.01,ドット変更,A61B 5/1486,A61B 5/1486,・・酵素電極を使用するもの，例．固定化されたオキシダーゼを伴うもの［８］,・・・酵素電極を使用するもの，例．固定化されたオキシダーゼを伴うもの［２００６．０１］
2025.01,ドット変更,G09F 1/01 E,G09F 1/01 E,・糸紐によるカ－ドの保持,糸紐によるカ－ドの保持
2025.01,ドット変更,G09F 1/01 F,G09F 1/01 F,・スリツトに挿入して立てるカ－ドの保持,スリツトに挿入して立てるカ－ドの保持
2025.01,ドット変更,G09F 1/01 G,G09F 1/01 G,・クリツプによるカ－ドの保持,クリツプによるカ－ドの保持
2025.01,ドット変更,G09F 1/01 H,G09F 1/01 H,・透明なケ－ス，カバ－によるカ－ドの保持,透明なケ－ス，カバ－によるカ－ドの保持
2025.01,ドット変更,G09F 1/01 M,G09F 1/01 M,・取付手段を一体に形成されたカ－ドホルダ－,取付手段を一体に形成されたカ－ドホルダ－
2025.01,ドット変更,G09F 1/01 N,G09F 1/01 N,・・対象物がカ－ドホルダ－となるもの,・対象物がカ－ドホルダ－となるもの
2025.01,ドット変更,G09F 1/01 P,G09F 1/01 P,・・対象物との間にカ－ドを挟持するもの,・対象物との間にカ－ドを挟持するもの
2025.01,ドット変更,G09F 1/01 S,G09F 1/01 S,・カ－ドホルダ－の対象物への取付手段に特徴のあるもの,カ－ドホルダ－の対象物への取付手段に特徴のあるもの
2025.01,ドット変更,G09F 1/01 T,G09F 1/01 T,・・縁部へのクリツプによるカ－ドホルダ－の取付け,・縁部へのクリツプによるカ－ドホルダ－の取付け
2025.01,ドット変更,G09F 1/01 U,G09F 1/01 U,・・吊下げによるカ－ドホルダ－の取付け,・吊下げによるカ－ドホルダ－の取付け
2025.01,ドット変更,G09F 1/01 V,G09F 1/01 V,・カ－ドホルダ－が表示以外の機能を兼ねるもの,カ－ドホルダ－が表示以外の機能を兼ねるもの
2025.01,ドット変更,G09F 1/01 W,G09F 1/01 W,・複数のカ－ドを重ねて保持するもの,複数のカ－ドを重ねて保持するもの
2025.01,ドット変更,G09F 1/01 X,G09F 1/01 X,・自立型カ－ドホルダ－,自立型カ－ドホルダ－
2025.01,ドット変更,G09F 1/01 Y,G09F 1/01 Y,・・一枚の板紙からなるカ－ドホルダ－,・一枚の板紙からなるカ－ドホルダ－
2025.01,ドット変更,G09F 1/12 B,G09F 1/12 B,・スライド又は嵌合する囲い枠,スライド又は嵌合する囲い枠
2025.01,ドット変更,G09F 3/03 D,G09F 3/03 D,・封印ラベル,封印ラベル
2025.01,ドット変更,G09F 3/03 E,G09F 3/03 E,・・層間剥離する封かんラベル,・層間剥離する封かんラベル
2025.01,ドット変更,G09F 3/03 F,G09F 3/03 F,・・切込みにより破断する封かんラベル,・切込みにより破断する封かんラベル
2025.01,ドット変更,G09F 3/03 M,G09F 3/03 M,・両端に係合構造を備えた封印帯,両端に係合構造を備えた封印帯
2025.01,ドット変更,G09F 3/03 N,G09F 3/03 N,・鉛等の材料による封印,鉛等の材料による封印
2025.01,ドット変更,G09F 3/03 P,G09F 3/03 P,・封印線・紐を締付ける封印具,封印線・紐を締付ける封印具
2025.01,ドット変更,G09F 3/03 Q,G09F 3/03 Q,・キヤツプによる封印,キヤツプによる封印
2025.01,ドット変更,G09F 3/03 R,G09F 3/03 R,・封印線による封印,封印線による封印
2025.01,ドット変更,G09F 3/04 B,G09F 3/04 B,・静電吸着ラベル,静電吸着ラベル
2025.01,ドット変更,G09F 3/04 C,G09F 3/04 C,・熱収縮ラベル,熱収縮ラベル
2025.01,ドット変更,G09F 5/04 D,G09F 5/04 D,・見本のフアイル,見本のフアイル
2025.01,ドット変更,G09F 5/04 G,G09F 5/04 G,・印刷表示による見本カ－ド,印刷表示による見本カ－ド
2025.01,ドット変更,G09F 5/04 H,G09F 5/04 H,・台紙に見本を貼付する見本カ－ド,台紙に見本を貼付する見本カ－ド
2025.01,ドット変更,G09F 7/02 D,G09F 7/02 D,・差し換え可能な表示シ－トを用いるパネル,差し換え可能な表示シ－トを用いるパネル
2025.01,ドット変更,G09F 7/02 G,G09F 7/02 G,・差し換え可能な表示プレ－トを用いるパネル,差し換え可能な表示プレ－トを用いるパネル
2025.01,ドット変更,G09F 7/06 D,G09F 7/06 D,・押込ピンを係合して取付ける表示要素,押込ピンを係合して取付ける表示要素
2025.01,ドット変更,G09F 7/06 G,G09F 7/06 G,・押込ピンを有する表示要素,押込ピンを有する表示要素
2025.01,ドット変更,G09F 7/06 H,G09F 7/06 H,・係合部を設けた押込ピン，フツクを有する表示要素,係合部を設けた押込ピン，フツクを有する表示要素
2025.01,ドット変更,G09F 11/00 F,G09F 11/00 F,・回転または水平移動する指針により所定の表示を指示するもの,回転または水平移動する指針により所定の表示を指示するもの
2025.01,ドット変更,G09F 11/00 G,G09F 11/00 G,・背後から照明される可変表示,背後から照明される可変表示
2025.01,ドット変更,G09F 11/00 J,G09F 11/00 J,・フラツプタイプ,フラツプタイプ
2025.01,ドット変更,G09F 11/00 L,G09F 11/00 L,・表示体がマスクを兼ねる表示面に平行に移動するもの,表示体がマスクを兼ねる表示面に平行に移動するもの
2025.01,ドット変更,G09F 11/00 M,G09F 11/00 M,・ブラインドタイプ,ブラインドタイプ
2025.01,ドット変更,G09F 11/00 P,G09F 11/00 P,・表示体が表示面に前後垂直に移動するもの,表示体が表示面に前後垂直に移動するもの
2025.01,ドット変更,G09F 11/00 R,G09F 11/00 R,・表示体が廻動するもの,表示体が廻動するもの
2025.01,ドット変更,G09F 11/00 T,G09F 11/00 T,・グラフ表示,グラフ表示
2025.01,ドット変更,G09F 11/00 V,G09F 11/00 V,・可変表示情報を利用した表示システム,可変表示情報を利用した表示システム
2025.01,ドット変更,G09F 11/06 H,G09F 11/06 H,・リ－フ型回転表示装置,リ－フ型回転表示装置
2025.01,ドット変更,G09F 15/00 D,G09F 15/00 D,・ポスタ－等を貼るためのボ－ド,ポスタ－等を貼るためのボ－ド
2025.01,ドット変更,G09F 15/00 E,G09F 15/00 E,・透明カバ－付き掲示板,透明カバ－付き掲示板
2025.01,ドット変更,G09F 15/00 F,G09F 15/00 F,・展張シ－トからなる掲示板,展張シ－トからなる掲示板
2025.01,ドット変更,G09F 15/00 H,G09F 15/00 H,・掲示板の支持・取り付け,掲示板の支持・取り付け
2025.01,ドット変更,G09F 15/00 J,G09F 15/00 J,・・掲示板の支持基台,・掲示板の支持基台
2025.01,ドット変更,G09F 15/00 L,G09F 15/00 L,・地上等に置かれる掲示板,地上等に置かれる掲示板
2025.01,ドット変更,G09F 15/00 N,G09F 15/00 N,・掲示板面のポスタ－等の保持,掲示板面のポスタ－等の保持
2025.01,ドット変更,G09F 15/00 P,G09F 15/00 P,・・掲示板面の磁石によるポスタ－の保持,・掲示板面の磁石によるポスタ－の保持
2025.01,ドット変更,G09F 15/00 R,G09F 15/00 R,・標柱およびそのための標識ロ－プ、テ－プ類,標柱およびそのための標識ロ－プ、テ－プ類
2025.01,ドット変更,G09F 15/00 T,G09F 15/00 T,・吊り広告のためのポスタ－の保持,吊り広告のためのポスタ－の保持
2025.01,ドット変更,G09F 15/00 V,G09F 15/00 V,・案内のための掲示、告知,案内のための掲示、告知
2025.01,ドット変更,G09F 17/00 D,G09F 17/00 D,・旗の構造、形状,旗の構造、形状
2025.01,ドット変更,G09F 17/00 E,G09F 17/00 E,・・携帯旗、手旗,・携帯旗、手旗
2025.01,ドット変更,G09F 17/00 F,G09F 17/00 F,・・懸垂旗、垂れ幕広告,・懸垂旗、垂れ幕広告
2025.01,ドット変更,G09F 17/00 G,G09F 17/00 G,・・ペナント,・ペナント
2025.01,ドット変更,G09F 17/00 J,G09F 17/00 J,・旗のカバ－・収納具,旗のカバ－・収納具
2025.01,ドット変更,G09F 17/00 M,G09F 17/00 M,・旗竿,旗竿
2025.01,ドット変更,G09F 17/00 N,G09F 17/00 N,・旗頭、およびその取り付け,旗頭、およびその取り付け
2025.01,ドット変更,G09F 17/00 P,G09F 17/00 P,・旗の取り付け、巻き上げ,旗の取り付け、巻き上げ
2025.01,ドット変更,G09F 17/00 Q,G09F 17/00 Q,・建物等への旗竿の取り付け,建物等への旗竿の取り付け
2025.01,ドット変更,G09F 17/00 R,G09F 17/00 R,・地上に旗竿を据え付けるための支持具,地上に旗竿を据え付けるための支持具
2025.01,ドット変更,G09F 17/00 S,G09F 17/00 S,・乗り物への旗の取り付け,乗り物への旗の取り付け
2025.01,ドット変更,G09F 17/00 U,G09F 17/00 U,・エアブロ－を行う旗,エアブロ－を行う旗
2025.01,ドット変更,G09F 17/00 V,G09F 17/00 V,・自動的に旗振り動作を行う旗,自動的に旗振り動作を行う旗
2025.01,ドット変更,G09F 19/00 D,G09F 19/00 D,・ガス体により膨らまされる広告，表示体,ガス体により膨らまされる広告，表示体
2025.01,ドット変更,G09F 19/00 F,G09F 19/00 F,・氷柱等の透明体に封入する広告，表示体,氷柱等の透明体に封入する広告，表示体
2025.01,ドット変更,G09F 19/00 H,G09F 19/00 H,・マジツクカ－ド等の変化する広告，表示体,マジツクカ－ド等の変化する広告，表示体
2025.01,ドット変更,G09F 19/00 J,G09F 19/00 J,・匂い等を発する広告，表示体,匂い等を発する広告，表示体
2025.01,ドット変更,G09F 19/00 N,G09F 19/00 N,・吊り下げデイスプレイ,吊り下げデイスプレイ
2025.01,ドット変更,G09F 19/02 D,G09F 19/02 D,・回転する表示体による広告，表示,回転する表示体による広告，表示
2025.01,ドット変更,G09F 19/02 F,G09F 19/02 F,・風，水流等の流体により動かされる広告，表示,風，水流等の流体により動かされる広告，表示
2025.01,ドット変更,G09F 19/02 H,G09F 19/02 H,・熱対流により動かされる広告，表示,熱対流により動かされる広告，表示
2025.01,ドット変更,G09F 19/02 K,G09F 19/02 K,・電磁気力により動かされる広告，表示,電磁気力により動かされる広告，表示
2025.01,ドット変更,G09F 19/02 M,G09F 19/02 M,・流体による広告，表示,流体による広告，表示
2025.01,ドット変更,G09F 19/02 P,G09F 19/02 P,・浮沈子等の流体中の浮遊体による広告，表示,浮沈子等の流体中の浮遊体による広告，表示
2025.01,ドット変更,G09F 19/12 D,G09F 19/12 D,・偏光を利用するもの,偏光を利用するもの
2025.01,ドット変更,G09F 19/12 F,G09F 19/12 F,・レンチキユラ－レンズを用いるもの,レンチキユラ－レンズを用いるもの
2025.01,ドット変更,G09F 19/12 H,G09F 19/12 H,・光学的干渉、モアレを利用するもの,光学的干渉、モアレを利用するもの
2025.01,ドット変更,G09F 19/12 J,G09F 19/12 J,・光学的残像を利用するもの,光学的残像を利用するもの
2025.01,ドット変更,G09F 19/12 L,G09F 19/12 L,・ホログラムを利用するもの,ホログラムを利用するもの
2025.01,ドット変更,G09F 19/18 F,G09F 19/18 F,・映写広告のためのスクリ－ン,映写広告のためのスクリ－ン
2025.01,ドット変更,G09F 19/18 H,G09F 19/18 H,・建築物外壁等を利用する投影広告，表示,建築物外壁等を利用する投影広告，表示
2025.01,ドット変更,G09F 19/18 J,G09F 19/18 J,・雲，水等を利用する投影広告，表示,雲，水等を利用する投影広告，表示
2025.01,ドット変更,G09F 21/04 C,G09F 21/04 C,・車体外側に取り付ける広告，表示,車体外側に取り付ける広告，表示
2025.01,ドット変更,G09F 21/04 E,G09F 21/04 E,・・磁石等により車体に直接着脱可能な広告，表示体,・磁石等により車体に直接着脱可能な広告，表示体
2025.01,ドット変更,G09F 21/04 G,G09F 21/04 G,・・車両の屋根にとりつける広告，表示,・車両の屋根にとりつける広告，表示
2025.01,ドット変更,G09F 21/04 J,G09F 21/04 J,・車輪に取り付ける広告，表示,車輪に取り付ける広告，表示
2025.01,ドット変更,G09F 21/04 L,G09F 21/04 L,・車両内の構造物に取り付ける広告，表示,車両内の構造物に取り付ける広告，表示
2025.01,ドット変更,G09F 21/04 N,G09F 21/04 N,・・吊り革による広告，表示,・吊り革による広告，表示
2025.01,ドット変更,G09F 21/04 Q,G09F 21/04 Q,・・車窓越しに見せる広告，表示,・車窓越しに見せる広告，表示
2025.01,ドット変更,G09F 21/04 S,G09F 21/04 S,・・車載広告，表示,・車載広告，表示
2025.01,ドット変更,G09F 21/04 U,G09F 21/04 U,・二輪車による広告，表示,二輪車による広告，表示
2025.01,ドット変更,G09F 23/00 D,G09F 23/00 D,・日用品に施される広告,日用品に施される広告
2025.01,ドット変更,G09F 23/00 F,G09F 23/00 F,・・マツチ箱または同様の物品に施される広告,・マツチ箱または同様の物品に施される広告
2025.01,ドット変更,G09F 25/00 D,G09F 25/00 D,・案内放送,案内放送
2025.01,ドット変更,G09F 25/00 G,G09F 25/00 G,・音声の種類、音色の特徴のあるもの,音声の種類、音色の特徴のあるもの
2025.01,ドット変更,G09F 25/00 J,G09F 25/00 J,・特定の作動条件に応じて起動するもの,特定の作動条件に応じて起動するもの
2025.01,ドット変更,G09F 25/00 L,G09F 25/00 L,・人体の接近、通過に対応して起動するもの,人体の接近、通過に対応して起動するもの
2025.01,ドット変更,G09F 27/00 C,G09F 27/00 C,・視覚表示の変更に合わせて音声表示を変えるもの,視覚表示の変更に合わせて音声表示を変えるもの
2025.01,ドット変更,G09F 27/00 E,G09F 27/00 E,・案内表示,案内表示
2025.01,ドット変更,G09F 27/00 G,G09F 27/00 G,・人の接近等の作動条件に特徴のあるもの,人の接近等の作動条件に特徴のあるもの
2025.01,ドット変更,G09F 27/00 J,G09F 27/00 J,・人形、看板等の表示に音声広告を行うもの,人形、看板等の表示に音声広告を行うもの
2025.01,ドット変更,G09F 27/00 L,G09F 27/00 L,・音楽を伴う広告,音楽を伴う広告
2025.01,ドット変更,G09F 27/00 N,G09F 27/00 N,・音声出力を入力として視覚表示を電気的、電子的に変化させるもの,音声出力を入力として視覚表示を電気的、電子的に変化させるもの
2025.01,ドット変更,G09F 27/00 Q,G09F 27/00 Q,・音声出力を入力として視覚表示を機械的、物理的に変化させるもの,音声出力を入力として視覚表示を機械的、物理的に変化させるもの
