改正前バージョン,改正後バージョン,改正前記号,属性1,改正後記号,属性2
from-version,to-version,from-symbol,modification,to-symbol,modification2
20130101,20140101,A61M0023000000,d,A61B0017000000,t
20130101,20140101,A61M0023000000,d,A61B0017020000,t
20130101,20140101,A61M0023000000,d,A61B0017030000,t
20130101,20140101,A61M0023000000,d,A61B0017040000,t
20130101,20140101,A61M0023000000,d,A61B0017060000,t
20130101,20140101,A61M0023000000,d,A61B0017062000,t
20130101,20140101,A61M0023000000,d,A61B0017064000,t
20130101,20140101,A61M0023000000,d,A61B0017068000,t
20130101,20140101,A61M0023000000,d,A61B0017072000,t
20130101,20140101,A61M0023000000,d,A61B0017076000,t
20130101,20140101,A61M0023000000,d,A61B0017080000,t
20130101,20140101,A61M0023000000,d,A61B0017100000,t
20130101,20140101,A61M0023000000,d,A61B0017110000,t
20130101,20140101,A61M0023000000,d,A61B0017115000,t
20130101,20140101,A61M0023000000,d,A61B0017120000,t
20130101,20140101,A61M0023000000,d,A61B0017122000,t
20130101,20140101,A61M0023000000,d,A61B0017125000,t
20130101,20140101,A61M0023000000,d,A61B0017128000,t
20130101,20140101,A61M0023000000,d,A61B0017132000,t
20130101,20140101,A61M0023000000,d,A61B0017135000,t
20130101,20140101,A61M0023000000,d,A61B0017138000,t
20130101,20140101,A61M0023000000,d,A61B0017140000,t
20130101,20140101,A61M0023000000,d,A61B0017150000,t
20130101,20140101,A61M0023000000,d,A61B0017160000,t
20130101,20140101,A61M0023000000,d,A61B0017170000,t
20130101,20140101,A61M0023000000,d,A61B0017200000,t
20130101,20140101,A61M0023000000,d,A61B0017220000,t
20130101,20140101,A61M0023000000,d,A61B0017221000,t
20130101,20140101,A61M0023000000,d,A61B0017225000,t
20130101,20140101,A61M0023000000,d,A61B0017240000,t
20130101,20140101,A61M0023000000,d,A61B0017260000,t
20130101,20140101,A61M0023000000,d,A61B0017280000,t
20130101,20140101,A61M0023000000,d,A61B0017285000,t
20130101,20140101,A61M0023000000,d,A61B0017290000,t
20130101,20140101,A61M0023000000,d,A61B0017295000,t
20130101,20140101,A61M0023000000,d,A61B0017300000,t
20130101,20140101,A61M0023000000,d,A61B0017320000,t
20130101,20140101,A61M0023000000,d,A61B0017320100,t
20130101,20140101,A61M0023000000,d,A61B0017320300,t
20130101,20140101,A61M0023000000,d,A61B0017320500,t
20130101,20140101,A61M0023000000,d,A61B0017320700,t
20130101,20140101,A61M0023000000,d,A61B0017320900,t
20130101,20140101,A61M0023000000,d,A61B0017321100,t
20130101,20140101,A61M0023000000,d,A61B0017321300,t
20130101,20140101,A61M0023000000,d,A61B0017321500,t
20130101,20140101,A61M0023000000,d,A61B0017321700,t
20130101,20140101,A61M0023000000,d,A61B0017322000,t
20130101,20140101,A61M0023000000,d,A61B0017326000,t
20130101,20140101,A61M0023000000,d,A61B0017340000,t
20130101,20140101,A61M0023000000,d,A61B0017420000,t
20130101,20140101,A61M0023000000,d,A61B0017425000,t
20130101,20140101,A61M0023000000,d,A61B0017430000,t
20130101,20140101,A61M0023000000,d,A61B0017435000,t
20130101,20140101,A61M0023000000,d,A61B0017440000,t
20130101,20140101,A61M0023000000,d,A61B0017460000,t
20130101,20140101,A61M0023000000,d,A61B0017480000,t
20130101,20140101,A61M0023000000,d,A61B0017500000,t
20130101,20140101,A61M0023000000,d,A61B0017520000,t
20130101,20140101,A61M0023000000,d,A61B0017540000,t
20130101,20140101,A61M0023000000,d,A61B0017560000,t
20130101,20140101,A61M0023000000,d,A61B0017580000,t
20130101,20140101,A61M0023000000,d,A61B0017600000,t
20130101,20140101,A61M0023000000,d,A61B0017620000,t
20130101,20140101,A61M0023000000,d,A61B0017640000,t
20130101,20140101,A61M0023000000,d,A61B0017660000,t
20130101,20140101,A61M0023000000,d,A61B0017680000,t
20130101,20140101,A61M0023000000,d,A61B0017700000,t
20130101,20140101,A61M0023000000,d,A61B0017720000,t
20130101,20140101,A61M0023000000,d,A61B0017740000,t
20130101,20140101,A61M0023000000,d,A61B0017760000,t
20130101,20140101,A61M0023000000,d,A61B0017780000,t
20130101,20140101,A61M0023000000,d,A61B0017800000,t
20130101,20140101,A61M0023000000,d,A61B0017820000,t
20130101,20140101,A61M0023000000,d,A61B0017840000,t
20130101,20140101,A61M0023000000,d,A61B0017860000,t
20130101,20140101,A61M0023000000,d,A61B0017880000,t
20130101,20140101,A61M0023000000,d,A61B0017900000,t
20130101,20140101,A61M0023000000,d,A61B0017920000,t
20130101,20140101,A61M0023000000,d,A61B0017940000,t
20130101,20140101,A61M0023000000,d,A61M0025090000,t
20130101,20140101,A61M0023000000,d,A61M0029000000,t
20130101,20140101,A61M0023000000,d,A61M0029020000,t
20130101,20140101,A61M0023000000,d,A61M0029040000,t
20130101,20140101,A63F0013000000,c,A63F0013000000,c
20130101,20140101,A63F0013000000,c,A63F0013200000,n
20130101,20140101,A63F0013000000,c,A63F0013210000,n
20130101,20140101,A63F0013000000,c,A63F0013211000,n
20130101,20140101,A63F0013000000,c,A63F0013212000,n
20130101,20140101,A63F0013000000,c,A63F0013213000,n
20130101,20140101,A63F0013000000,c,A63F0013214000,n
20130101,20140101,A63F0013000000,c,A63F0013214500,n
20130101,20140101,A63F0013000000,c,A63F0013215000,n
20130101,20140101,A63F0013000000,c,A63F0013216000,n
20130101,20140101,A63F0013000000,c,A63F0013217000,n
20130101,20140101,A63F0013000000,c,A63F0013218000,n
20130101,20140101,A63F0013000000,c,A63F0013219000,n
20130101,20140101,A63F0013000000,c,A63F0013220000,n
20130101,20140101,A63F0013000000,c,A63F0013230000,n
20130101,20140101,A63F0013000000,c,A63F0013235000,n
20130101,20140101,A63F0013000000,c,A63F0013240000,n
20130101,20140101,A63F0013000000,c,A63F0013245000,n
20130101,20140101,A63F0013000000,c,A63F0013250000,n
20130101,20140101,A63F0013000000,c,A63F0013260000,n
20130101,20140101,A63F0013000000,c,A63F0013270000,n
20130101,20140101,A63F0013000000,c,A63F0013280000,n
20130101,20140101,A63F0013000000,c,A63F0013285000,n
20130101,20140101,A63F0013000000,c,A63F0013300000,n
20130101,20140101,A63F0013000000,c,A63F0013310000,n
20130101,20140101,A63F0013000000,c,A63F0013320000,n
20130101,20140101,A63F0013000000,c,A63F0013323000,n
20130101,20140101,A63F0013000000,c,A63F0013327000,n
20130101,20140101,A63F0013000000,c,A63F0013330000,n
20130101,20140101,A63F0013000000,c,A63F0013332000,n
20130101,20140101,A63F0013000000,c,A63F0013335000,n
20130101,20140101,A63F0013000000,c,A63F0013338000,n
20130101,20140101,A63F0013000000,c,A63F0013340000,n
20130101,20140101,A63F0013000000,c,A63F0013350000,n
20130101,20140101,A63F0013000000,c,A63F0013352000,n
20130101,20140101,A63F0013000000,c,A63F0013355000,n
20130101,20140101,A63F0013000000,c,A63F0013358000,n
20130101,20140101,A63F0013000000,c,A63F0013400000,n
20130101,20140101,A63F0013000000,c,A63F0013420000,n
20130101,20140101,A63F0013000000,c,A63F0013422000,n
20130101,20140101,A63F0013000000,c,A63F0013424000,n
20130101,20140101,A63F0013000000,c,A63F0013426000,n
20130101,20140101,A63F0013000000,c,A63F0013428000,n
20130101,20140101,A63F0013000000,c,A63F0013440000,n
20130101,20140101,A63F0013000000,c,A63F0013450000,n
20130101,20140101,A63F0013000000,c,A63F0013460000,n
20130101,20140101,A63F0013000000,c,A63F0013470000,n
20130101,20140101,A63F0013000000,c,A63F0013480000,n
20130101,20140101,A63F0013000000,c,A63F0013490000,n
20130101,20140101,A63F0013000000,c,A63F0013493000,n
20130101,20140101,A63F0013000000,c,A63F0013497000,n
20130101,20140101,A63F0013000000,c,A63F0013500000,n
20130101,20140101,A63F0013000000,c,A63F0013520000,n
20130101,20140101,A63F0013000000,c,A63F0013525000,n
20130101,20140101,A63F0013000000,c,A63F0013525200,n
20130101,20140101,A63F0013000000,c,A63F0013525500,n
20130101,20140101,A63F0013000000,c,A63F0013525800,n
20130101,20140101,A63F0013000000,c,A63F0013530000,n
20130101,20140101,A63F0013000000,c,A63F0013533000,n
20130101,20140101,A63F0013000000,c,A63F0013537000,n
20130101,20140101,A63F0013000000,c,A63F0013537200,n
20130101,20140101,A63F0013000000,c,A63F0013537500,n
20130101,20140101,A63F0013000000,c,A63F0013537800,n
20130101,20140101,A63F0013000000,c,A63F0013540000,n
20130101,20140101,A63F0013000000,c,A63F0013550000,n
20130101,20140101,A63F0013000000,c,A63F0013560000,n
20130101,20140101,A63F0013000000,c,A63F0013570000,n
20130101,20140101,A63F0013000000,c,A63F0013573000,n
20130101,20140101,A63F0013000000,c,A63F0013577000,n
20130101,20140101,A63F0013000000,c,A63F0013580000,n
20130101,20140101,A63F0013000000,c,A63F0013600000,n
20130101,20140101,A63F0013000000,c,A63F0013610000,n
20130101,20140101,A63F0013000000,c,A63F0013630000,n
20130101,20140101,A63F0013000000,c,A63F0013650000,n
20130101,20140101,A63F0013000000,c,A63F0013655000,n
20130101,20140101,A63F0013000000,c,A63F0013670000,n
20130101,20140101,A63F0013000000,c,A63F0013690000,n
20130101,20140101,A63F0013000000,c,A63F0013700000,n
20130101,20140101,A63F0013000000,c,A63F0013710000,n
20130101,20140101,A63F0013000000,c,A63F0013730000,n
20130101,20140101,A63F0013000000,c,A63F0013750000,n
20130101,20140101,A63F0013000000,c,A63F0013770000,n
20130101,20140101,A63F0013000000,c,A63F0013790000,n
20130101,20140101,A63F0013000000,c,A63F0013792000,n
20130101,20140101,A63F0013000000,c,A63F0013795000,n
20130101,20140101,A63F0013000000,c,A63F0013798000,n
20130101,20140101,A63F0013000000,c,A63F0013800000,n
20130101,20140101,A63F0013000000,c,A63F0013803000,n
20130101,20140101,A63F0013000000,c,A63F0013807000,n
20130101,20140101,A63F0013000000,c,A63F0013812000,n
20130101,20140101,A63F0013000000,c,A63F0013814000,n
20130101,20140101,A63F0013000000,c,A63F0013816000,n
20130101,20140101,A63F0013000000,c,A63F0013818000,n
20130101,20140101,A63F0013000000,c,A63F0013822000,n
20130101,20140101,A63F0013000000,c,A63F0013825000,n
20130101,20140101,A63F0013000000,c,A63F0013828000,n
20130101,20140101,A63F0013000000,c,A63F0013833000,n
20130101,20140101,A63F0013000000,c,A63F0013837000,n
20130101,20140101,A63F0013000000,c,A63F0013843000,n
20130101,20140101,A63F0013000000,c,A63F0013847000,n
20130101,20140101,A63F0013000000,c,A63F0013850000,n
20130101,20140101,A63F0013000000,c,A63F0013860000,n
20130101,20140101,A63F0013000000,c,A63F0013870000,n
20130101,20140101,A63F0013000000,c,A63F0013880000,n
20130101,20140101,A63F0013000000,c,A63F0013900000,n
20130101,20140101,A63F0013000000,c,A63F0013920000,n
20130101,20140101,A63F0013000000,c,A63F0013950000,n
20130101,20140101,A63F0013000000,c,A63F0013980000,n
20130101,20140101,A63F0013020000,d,A63F0013200000,n
20130101,20140101,A63F0013020000,d,A63F0013210000,n
20130101,20140101,A63F0013020000,d,A63F0013211000,n
20130101,20140101,A63F0013020000,d,A63F0013212000,n
20130101,20140101,A63F0013020000,d,A63F0013213000,n
20130101,20140101,A63F0013020000,d,A63F0013214000,n
20130101,20140101,A63F0013020000,d,A63F0013214500,n
20130101,20140101,A63F0013020000,d,A63F0013215000,n
20130101,20140101,A63F0013020000,d,A63F0013216000,n
20130101,20140101,A63F0013020000,d,A63F0013217000,n
20130101,20140101,A63F0013020000,d,A63F0013218000,n
20130101,20140101,A63F0013020000,d,A63F0013219000,n
20130101,20140101,A63F0013020000,d,A63F0013220000,n
20130101,20140101,A63F0013020000,d,A63F0013230000,n
20130101,20140101,A63F0013020000,d,A63F0013235000,n
20130101,20140101,A63F0013020000,d,A63F0013240000,n
20130101,20140101,A63F0013020000,d,A63F0013245000,n
20130101,20140101,A63F0013020000,d,A63F0013980000,n
20130101,20140101,A63F0013040000,d,A63F0013219000,n
20130101,20140101,A63F0013060000,d,A63F0013200000,n
20130101,20140101,A63F0013060000,d,A63F0013210000,n
20130101,20140101,A63F0013060000,d,A63F0013211000,n
20130101,20140101,A63F0013060000,d,A63F0013212000,n
20130101,20140101,A63F0013060000,d,A63F0013213000,n
20130101,20140101,A63F0013060000,d,A63F0013214000,n
20130101,20140101,A63F0013060000,d,A63F0013214500,n
20130101,20140101,A63F0013060000,d,A63F0013215000,n
20130101,20140101,A63F0013060000,d,A63F0013216000,n
20130101,20140101,A63F0013060000,d,A63F0013217000,n
20130101,20140101,A63F0013060000,d,A63F0013218000,n
20130101,20140101,A63F0013060000,d,A63F0013219000,n
20130101,20140101,A63F0013060000,d,A63F0013220000,n
20130101,20140101,A63F0013060000,d,A63F0013230000,n
20130101,20140101,A63F0013060000,d,A63F0013235000,n
20130101,20140101,A63F0013060000,d,A63F0013240000,n
20130101,20140101,A63F0013060000,d,A63F0013245000,n
20130101,20140101,A63F0013080000,d,A63F0013900000,n
20130101,20140101,A63F0013080000,d,A63F0013920000,n
20130101,20140101,A63F0013080000,d,A63F0013950000,n
20130101,20140101,A63F0013080000,d,A63F0013980000,n
20130101,20140101,A63F0013100000,d,A63F0013400000,n
20130101,20140101,A63F0013100000,d,A63F0013420000,n
20130101,20140101,A63F0013100000,d,A63F0013422000,n
20130101,20140101,A63F0013100000,d,A63F0013424000,n
20130101,20140101,A63F0013100000,d,A63F0013426000,n
20130101,20140101,A63F0013100000,d,A63F0013428000,n
20130101,20140101,A63F0013100000,d,A63F0013440000,n
20130101,20140101,A63F0013100000,d,A63F0013450000,n
20130101,20140101,A63F0013100000,d,A63F0013460000,n
20130101,20140101,A63F0013100000,d,A63F0013470000,n
20130101,20140101,A63F0013100000,d,A63F0013480000,n
20130101,20140101,A63F0013100000,d,A63F0013490000,n
20130101,20140101,A63F0013100000,d,A63F0013493000,n
20130101,20140101,A63F0013100000,d,A63F0013497000,n
20130101,20140101,A63F0013100000,d,A63F0013500000,n
20130101,20140101,A63F0013100000,d,A63F0013520000,n
20130101,20140101,A63F0013100000,d,A63F0013525000,n
20130101,20140101,A63F0013100000,d,A63F0013525200,n
20130101,20140101,A63F0013100000,d,A63F0013525500,n
20130101,20140101,A63F0013100000,d,A63F0013525800,n
20130101,20140101,A63F0013100000,d,A63F0013530000,n
20130101,20140101,A63F0013100000,d,A63F0013533000,n
20130101,20140101,A63F0013100000,d,A63F0013537000,n
20130101,20140101,A63F0013100000,d,A63F0013537200,n
20130101,20140101,A63F0013100000,d,A63F0013537500,n
20130101,20140101,A63F0013100000,d,A63F0013537800,n
20130101,20140101,A63F0013100000,d,A63F0013540000,n
20130101,20140101,A63F0013100000,d,A63F0013550000,n
20130101,20140101,A63F0013100000,d,A63F0013560000,n
20130101,20140101,A63F0013100000,d,A63F0013570000,n
20130101,20140101,A63F0013100000,d,A63F0013573000,n
20130101,20140101,A63F0013100000,d,A63F0013577000,n
20130101,20140101,A63F0013100000,d,A63F0013580000,n
20130101,20140101,A63F0013100000,d,A63F0013600000,n
20130101,20140101,A63F0013100000,d,A63F0013610000,n
20130101,20140101,A63F0013100000,d,A63F0013630000,n
20130101,20140101,A63F0013100000,d,A63F0013650000,n
20130101,20140101,A63F0013100000,d,A63F0013655000,n
20130101,20140101,A63F0013100000,d,A63F0013670000,n
20130101,20140101,A63F0013100000,d,A63F0013690000,n
20130101,20140101,A63F0013100000,d,A63F0013700000,n
20130101,20140101,A63F0013100000,d,A63F0013710000,n
20130101,20140101,A63F0013100000,d,A63F0013730000,n
20130101,20140101,A63F0013100000,d,A63F0013750000,n
20130101,20140101,A63F0013100000,d,A63F0013770000,n
20130101,20140101,A63F0013100000,d,A63F0013790000,n
20130101,20140101,A63F0013100000,d,A63F0013792000,n
20130101,20140101,A63F0013100000,d,A63F0013795000,n
20130101,20140101,A63F0013100000,d,A63F0013798000,n
20130101,20140101,A63F0013100000,d,A63F0013800000,n
20130101,20140101,A63F0013100000,d,A63F0013803000,n
20130101,20140101,A63F0013100000,d,A63F0013807000,n
20130101,20140101,A63F0013100000,d,A63F0013812000,n
20130101,20140101,A63F0013100000,d,A63F0013814000,n
20130101,20140101,A63F0013100000,d,A63F0013816000,n
20130101,20140101,A63F0013100000,d,A63F0013818000,n
20130101,20140101,A63F0013100000,d,A63F0013822000,n
20130101,20140101,A63F0013100000,d,A63F0013825000,n
20130101,20140101,A63F0013100000,d,A63F0013828000,n
20130101,20140101,A63F0013100000,d,A63F0013833000,n
20130101,20140101,A63F0013100000,d,A63F0013837000,n
20130101,20140101,A63F0013100000,d,A63F0013843000,n
20130101,20140101,A63F0013100000,d,A63F0013847000,n
20130101,20140101,A63F0013100000,d,A63F0013850000,n
20130101,20140101,A63F0013100000,d,A63F0013860000,n
20130101,20140101,A63F0013100000,d,A63F0013870000,n
20130101,20140101,A63F0013100000,d,A63F0013880000,n
20130101,20140101,A63F0013120000,d,A63F0013300000,n
20130101,20140101,A63F0013120000,d,A63F0013310000,n
20130101,20140101,A63F0013120000,d,A63F0013320000,n
20130101,20140101,A63F0013120000,d,A63F0013323000,n
20130101,20140101,A63F0013120000,d,A63F0013327000,n
20130101,20140101,A63F0013120000,d,A63F0013330000,n
20130101,20140101,A63F0013120000,d,A63F0013332000,n
20130101,20140101,A63F0013120000,d,A63F0013335000,n
20130101,20140101,A63F0013120000,d,A63F0013338000,n
20130101,20140101,A63F0013120000,d,A63F0013340000,n
20130101,20140101,A63F0013120000,d,A63F0013350000,n
20130101,20140101,A63F0013120000,d,A63F0013352000,n
20130101,20140101,A63F0013120000,d,A63F0013355000,n
20130101,20140101,A63F0013120000,d,A63F0013358000,n
20130101,20140101,A63F0013120000,d,A63F0013400000,n
20130101,20140101,A63F0013120000,d,A63F0013420000,n
20130101,20140101,A63F0013120000,d,A63F0013422000,n
20130101,20140101,A63F0013120000,d,A63F0013424000,n
20130101,20140101,A63F0013120000,d,A63F0013426000,n
20130101,20140101,A63F0013120000,d,A63F0013428000,n
20130101,20140101,A63F0013120000,d,A63F0013440000,n
20130101,20140101,A63F0013120000,d,A63F0013450000,n
20130101,20140101,A63F0013120000,d,A63F0013460000,n
20130101,20140101,A63F0013120000,d,A63F0013470000,n
20130101,20140101,A63F0013120000,d,A63F0013480000,n
20130101,20140101,A63F0013120000,d,A63F0013490000,n
20130101,20140101,A63F0013120000,d,A63F0013493000,n
20130101,20140101,A63F0013120000,d,A63F0013497000,n
20130101,20140101,A63F0013120000,d,A63F0013500000,n
20130101,20140101,A63F0013120000,d,A63F0013520000,n
20130101,20140101,A63F0013120000,d,A63F0013525000,n
20130101,20140101,A63F0013120000,d,A63F0013525200,n
20130101,20140101,A63F0013120000,d,A63F0013525500,n
20130101,20140101,A63F0013120000,d,A63F0013525800,n
20130101,20140101,A63F0013120000,d,A63F0013530000,n
20130101,20140101,A63F0013120000,d,A63F0013533000,n
20130101,20140101,A63F0013120000,d,A63F0013537000,n
20130101,20140101,A63F0013120000,d,A63F0013537200,n
20130101,20140101,A63F0013120000,d,A63F0013537500,n
20130101,20140101,A63F0013120000,d,A63F0013537800,n
20130101,20140101,A63F0013120000,d,A63F0013540000,n
20130101,20140101,A63F0013120000,d,A63F0013550000,n
20130101,20140101,A63F0013120000,d,A63F0013560000,n
20130101,20140101,A63F0013120000,d,A63F0013570000,n
20130101,20140101,A63F0013120000,d,A63F0013573000,n
20130101,20140101,A63F0013120000,d,A63F0013577000,n
20130101,20140101,A63F0013120000,d,A63F0013580000,n
20130101,20140101,A63F0013120000,d,A63F0013600000,n
20130101,20140101,A63F0013120000,d,A63F0013610000,n
20130101,20140101,A63F0013120000,d,A63F0013630000,n
20130101,20140101,A63F0013120000,d,A63F0013650000,n
20130101,20140101,A63F0013120000,d,A63F0013655000,n
20130101,20140101,A63F0013120000,d,A63F0013670000,n
20130101,20140101,A63F0013120000,d,A63F0013690000,n
20130101,20140101,A63F0013120000,d,A63F0013700000,n
20130101,20140101,A63F0013120000,d,A63F0013710000,n
20130101,20140101,A63F0013120000,d,A63F0013730000,n
20130101,20140101,A63F0013120000,d,A63F0013750000,n
20130101,20140101,A63F0013120000,d,A63F0013770000,n
20130101,20140101,A63F0013120000,d,A63F0013790000,n
20130101,20140101,A63F0013120000,d,A63F0013792000,n
20130101,20140101,A63F0013120000,d,A63F0013795000,n
20130101,20140101,A63F0013120000,d,A63F0013798000,n
20130101,20140101,A63F0013120000,d,A63F0013800000,n
20130101,20140101,A63F0013120000,d,A63F0013803000,n
20130101,20140101,A63F0013120000,d,A63F0013807000,n
20130101,20140101,A63F0013120000,d,A63F0013812000,n
20130101,20140101,A63F0013120000,d,A63F0013814000,n
20130101,20140101,A63F0013120000,d,A63F0013816000,n
20130101,20140101,A63F0013120000,d,A63F0013818000,n
20130101,20140101,A63F0013120000,d,A63F0013822000,n
20130101,20140101,A63F0013120000,d,A63F0013825000,n
20130101,20140101,A63F0013120000,d,A63F0013828000,n
20130101,20140101,A63F0013120000,d,A63F0013833000,n
20130101,20140101,A63F0013120000,d,A63F0013837000,n
20130101,20140101,A63F0013120000,d,A63F0013843000,n
20130101,20140101,A63F0013120000,d,A63F0013847000,n
20130101,20140101,A63F0013120000,d,A63F0013850000,n
20130101,20140101,A63F0013120000,d,A63F0013860000,n
20130101,20140101,A63F0013120000,d,A63F0013870000,n
20130101,20140101,A63F0013120000,d,A63F0013880000,n
20130101,20140101,B23K0026000000,c,B23K0026000000,c
20130101,20140101,B23K0026000000,c,B23K0026346000,n
20130101,20140101,B23K0026000000,c,B23K0026348000,n
20130101,20140101,B23K0026000000,c,B23K0026351000,n
20130101,20140101,B23K0026000000,c,B23K0026352000,n
20130101,20140101,B23K0026000000,c,B23K0026354000,n
20130101,20140101,B23K0026000000,c,B23K0026356000,n
20130101,20140101,B23K0026000000,c,B23K0026359000,n
20130101,20140101,B23K0026000000,c,B23K0026500000,n
20130101,20140101,B23K0026000000,c,B23K0026530000,n
20130101,20140101,B23K0026000000,c,B23K0026550000,n
20130101,20140101,B23K0026000000,c,B23K0026570000,n
20130101,20140101,B23K0026020000,c,B23K0026020000,c
20130101,20140101,B23K0026020000,c,B23K0026035000,n
20130101,20140101,B23K0026040000,c,B23K0026040000,c
20130101,20140101,B23K0026040000,c,B23K0026042000,n
20130101,20140101,B23K0026040000,c,B23K0026044000,n
20130101,20140101,B23K0026040000,c,B23K0026046000,n
20130101,20140101,B23K0026060000,c,B23K0026060000,c
20130101,20140101,B23K0026060000,c,B23K0026062000,n
20130101,20140101,B23K0026060000,c,B23K0026062200,n
20130101,20140101,B23K0026060000,c,B23K0026064000,n
20130101,20140101,B23K0026060000,c,B23K0026066000,n
20130101,20140101,B23K0026080000,c,B23K0026080000,c
20130101,20140101,B23K0026080000,c,B23K0026082000,n
20130101,20140101,B23K0026120000,c,B23K0026120000,c
20130101,20140101,B23K0026120000,c,B23K0026122000,n
20130101,20140101,B23K0026140000,c,B23K0026140000,c
20130101,20140101,B23K0026140000,c,B23K0026142000,n
20130101,20140101,B23K0026140000,c,B23K0026144000,n
20130101,20140101,B23K0026140000,c,B23K0026146000,n
20130101,20140101,B23K0026200000,c,B23K0026200000,c
20130101,20140101,B23K0026200000,c,B23K0026210000,n
20130101,20140101,B23K0026200000,c,B23K0026211000,n
20130101,20140101,B23K0026240000,c,B23K0026240000,c
20130101,20140101,B23K0026240000,c,B23K0026242000,n
20130101,20140101,B23K0026240000,c,B23K0026244000,n
20130101,20140101,B23K0026260000,c,B23K0026260000,c
20130101,20140101,B23K0026260000,c,B23K0026262000,n
20130101,20140101,B23K0026280000,c,B23K0026280000,c
20130101,20140101,B23K0026280000,c,B23K0026282000,n
20130101,20140101,B23K0026300000,c,B23K0026300000,c
20130101,20140101,B23K0026300000,c,B23K0026302000,n
20130101,20140101,B23K0026320000,c,B23K0026320000,c
20130101,20140101,B23K0026320000,c,B23K0026322000,n
20130101,20140101,B23K0026320000,c,B23K0026323000,n
20130101,20140101,B23K0026320000,c,B23K0026324000,n
20130101,20140101,B23K0026340000,c,B23K0026340000,c
20130101,20140101,B23K0026340000,c,B23K0026342000,n
20130101,20140101,B23K0026360000,c,B23K0026360000,c
20130101,20140101,B23K0026360000,c,B23K0026361000,n
20130101,20140101,B23K0026360000,c,B23K0026362000,n
20130101,20140101,B23K0026360000,c,B23K0026364000,n
20130101,20140101,B23K0026380000,c,B23K0026380000,c
20130101,20140101,B23K0026380000,c,B23K0026382000,n
20130101,20140101,B23K0026380000,c,B23K0026384000,n
20130101,20140101,B23K0026380000,c,B23K0026386000,n
20130101,20140101,B23K0026380000,c,B23K0026388000,n
20130101,20140101,B23K0026400000,c,B23K0026400000,c
20130101,20140101,B23K0026400000,c,B23K0026402000,n
20130101,20140101,B23K0026420000,d,B23K0026600000,n
20130101,20140101,B23K0026420000,d,B23K0026700000,n
20130101,20140101,B23K0028020000,c,B23K0026346000,n
20130101,20140101,B23K0028020000,c,B23K0026348000,n
20130101,20140101,B23K0028020000,c,B23K0028020000,c
20130101,20140101,B42D0015100000,d,B42D0025000000,n
20130101,20140101,B42D0015100000,d,B42D0025200000,n
20130101,20140101,B42D0015100000,d,B42D0025210000,n
20130101,20140101,B42D0015100000,d,B42D0025220000,n
20130101,20140101,B42D0015100000,d,B42D0025230000,n
20130101,20140101,B42D0015100000,d,B42D0025240000,n
20130101,20140101,B42D0015100000,d,B42D0025250000,n
20130101,20140101,B42D0015100000,d,B42D0025260000,n
20130101,20140101,B42D0015100000,d,B42D0025270000,n
20130101,20140101,B42D0015100000,d,B42D0025280000,n
20130101,20140101,B42D0015100000,d,B42D0025290000,n
20130101,20140101,B42D0015100000,d,B42D0025300000,n
20130101,20140101,B42D0015100000,d,B42D0025305000,n
20130101,20140101,B42D0015100000,d,B42D0025309000,n
20130101,20140101,B42D0015100000,d,B42D0025313000,n
20130101,20140101,B42D0015100000,d,B42D0025318000,n
20130101,20140101,B42D0015100000,d,B42D0025324000,n
20130101,20140101,B42D0015100000,d,B42D0025328000,n
20130101,20140101,B42D0015100000,d,B42D0025333000,n
20130101,20140101,B42D0015100000,d,B42D0025337000,n
20130101,20140101,B42D0015100000,d,B42D0025342000,n
20130101,20140101,B42D0015100000,d,B42D0025346000,n
20130101,20140101,B42D0015100000,d,B42D0025351000,n
20130101,20140101,B42D0015100000,d,B42D0025355000,n
20130101,20140101,B42D0015100000,d,B42D0025360000,n
20130101,20140101,B42D0015100000,d,B42D0025364000,n
20130101,20140101,B42D0015100000,d,B42D0025369000,n
20130101,20140101,B42D0015100000,d,B42D0025373000,n
20130101,20140101,B42D0015100000,d,B42D0025378000,n
20130101,20140101,B42D0015100000,d,B42D0025382000,n
20130101,20140101,B42D0015100000,d,B42D0025387000,n
20130101,20140101,B42D0015100000,d,B42D0025391000,n
20130101,20140101,B42D0015100000,d,B42D0025400000,n
20130101,20140101,B42D0015100000,d,B42D0025405000,n
20130101,20140101,B42D0015100000,d,B42D0025410000,n
20130101,20140101,B42D0015100000,d,B42D0025415000,n
20130101,20140101,B42D0015100000,d,B42D0025420000,n
20130101,20140101,B42D0015100000,d,B42D0025425000,n
20130101,20140101,B42D0015100000,d,B42D0025430000,n
20130101,20140101,B42D0015100000,d,B42D0025435000,n
20130101,20140101,B42D0015100000,d,B42D0025440000,n
20130101,20140101,B42D0015100000,d,B42D0025445000,n
20130101,20140101,B42D0015100000,d,B42D0025450000,n
20130101,20140101,B42D0015100000,d,B42D0025455000,n
20130101,20140101,B42D0015100000,d,B42D0025460000,n
20130101,20140101,B42D0015100000,d,B42D0025465000,n
20130101,20140101,B42D0015100000,d,B42D0025470000,n
20130101,20140101,B42D0015100000,d,B42D0025475000,n
20130101,20140101,B42D0015100000,d,B42D0025480000,n
20130101,20140101,B42D0015100000,d,B42D0025485000,n
20130101,20140101,B44F0001120000,d,B42D0025290000,n
20130101,20140101,B44F0001120000,d,B42D0025300000,n
20130101,20140101,B44F0001120000,d,B42D0025305000,n
20130101,20140101,B44F0001120000,d,B42D0025309000,n
20130101,20140101,B44F0001120000,d,B42D0025313000,n
20130101,20140101,B44F0001120000,d,B42D0025318000,n
20130101,20140101,B44F0001120000,d,B42D0025324000,n
20130101,20140101,B44F0001120000,d,B42D0025328000,n
20130101,20140101,B44F0001120000,d,B42D0025333000,n
20130101,20140101,B44F0001120000,d,B42D0025337000,n
20130101,20140101,B44F0001120000,d,B42D0025342000,n
20130101,20140101,B44F0001120000,d,B42D0025346000,n
20130101,20140101,B44F0001120000,d,B42D0025351000,n
20130101,20140101,B44F0001120000,d,B42D0025355000,n
20130101,20140101,B44F0001120000,d,B42D0025360000,n
20130101,20140101,B44F0001120000,d,B42D0025364000,n
20130101,20140101,B44F0001120000,d,B42D0025369000,n
20130101,20140101,B44F0001120000,d,B42D0025373000,n
20130101,20140101,B44F0001120000,d,B42D0025378000,n
20130101,20140101,B44F0001120000,d,B42D0025382000,n
20130101,20140101,B44F0001120000,d,B42D0025387000,n
20130101,20140101,B44F0001120000,d,B42D0025391000,n
20130101,20140101,C09D0011000000,c,C09D0011000000,c
20130101,20140101,C09D0011000000,c,C09D0011020000,c
20130101,20140101,C09D0011000000,c,C09D0011023000,n
20130101,20140101,C09D0011000000,c,C09D0011023500,n
20130101,20140101,C09D0011000000,c,C09D0011030000,n
20130101,20140101,C09D0011000000,c,C09D0011033000,n
20130101,20140101,C09D0011000000,c,C09D0011037000,n
20130101,20140101,C09D0011000000,c,C09D0011100000,c
20130101,20140101,C09D0011000000,c,C09D0011101000,n
20130101,20140101,C09D0011000000,c,C09D0011102000,n
20130101,20140101,C09D0011000000,c,C09D0011103000,n
20130101,20140101,C09D0011000000,c,C09D0011104000,n
20130101,20140101,C09D0011000000,c,C09D0011105000,n
20130101,20140101,C09D0011000000,c,C09D0011106000,n
20130101,20140101,C09D0011000000,c,C09D0011107000,n
20130101,20140101,C09D0011000000,c,C09D0011108000,n
20130101,20140101,C09D0011000000,c,C09D0011160000,c
20130101,20140101,C09D0011000000,c,C09D0011170000,n
20130101,20140101,C09D0011000000,c,C09D0011300000,n
20130101,20140101,C09D0011000000,c,C09D0011320000,n
20130101,20140101,C09D0011000000,c,C09D0011322000,n
20130101,20140101,C09D0011000000,c,C09D0011324000,n
20130101,20140101,C09D0011000000,c,C09D0011326000,n
20130101,20140101,C09D0011000000,c,C09D0011328000,n
20130101,20140101,C09D0011000000,c,C09D0011340000,n
20130101,20140101,C09D0011000000,c,C09D0011360000,n
20130101,20140101,C09D0011000000,c,C09D0011380000,n
20130101,20140101,C09D0011000000,c,C09D0011400000,n
20130101,20140101,C09D0011000000,c,C09D0011500000,n
20130101,20140101,C09D0011000000,c,C09D0011520000,n
20130101,20140101,C09D0011000000,c,C09D0011540000,n
20130101,20140101,C09D0011020000,c,C09D0011020000,c
20130101,20140101,C09D0011020000,c,C09D0011023000,n
20130101,20140101,C09D0011020000,c,C09D0011023500,n
20130101,20140101,C09D0011020000,c,C09D0011030000,n
20130101,20140101,C09D0011020000,c,C09D0011033000,n
20130101,20140101,C09D0011020000,c,C09D0011037000,n
20130101,20140101,C09D0011100000,c,C09D0011100000,c
20130101,20140101,C09D0011100000,c,C09D0011101000,n
20130101,20140101,C09D0011100000,c,C09D0011102000,n
20130101,20140101,C09D0011100000,c,C09D0011103000,n
20130101,20140101,C09D0011100000,c,C09D0011104000,n
20130101,20140101,C09D0011100000,c,C09D0011105000,n
20130101,20140101,C09D0011100000,c,C09D0011106000,n
20130101,20140101,C09D0011100000,c,C09D0011107000,n
20130101,20140101,C09D0011100000,c,C09D0011108000,n
20130101,20140101,C09D0011160000,c,C09D0011160000,c
20130101,20140101,C09D0011160000,c,C09D0011170000,n
20130101,20140101,E04D0013180000,c,E04D0013180000,c
20130101,20140101,E04D0013180000,c,H02S0020230000,n
20130101,20140101,E05B0065120000,d,E05B0077000000,n
20130101,20140101,E05B0065120000,d,E05B0077020000,n
20130101,20140101,E05B0065120000,d,E05B0077040000,n
20130101,20140101,E05B0065120000,d,E05B0077060000,n
20130101,20140101,E05B0065120000,d,E05B0077080000,n
20130101,20140101,E05B0065120000,d,E05B0077100000,n
20130101,20140101,E05B0065120000,d,E05B0077120000,n
20130101,20140101,E05B0065120000,d,E05B0077140000,n
20130101,20140101,E05B0065120000,d,E05B0077160000,n
20130101,20140101,E05B0065120000,d,E05B0077180000,n
20130101,20140101,E05B0065120000,d,E05B0077200000,n
20130101,20140101,E05B0065120000,d,E05B0077220000,n
20130101,20140101,E05B0065120000,d,E05B0077240000,n
20130101,20140101,E05B0065120000,d,E05B0077260000,n
20130101,20140101,E05B0065120000,d,E05B0077280000,n
20130101,20140101,E05B0065120000,d,E05B0077300000,n
20130101,20140101,E05B0065120000,d,E05B0077320000,n
20130101,20140101,E05B0065120000,d,E05B0077340000,n
20130101,20140101,E05B0065120000,d,E05B0077360000,n
20130101,20140101,E05B0065120000,d,E05B0077380000,n
20130101,20140101,E05B0065120000,d,E05B0077400000,n
20130101,20140101,E05B0065120000,d,E05B0077420000,n
20130101,20140101,E05B0065120000,d,E05B0077440000,n
20130101,20140101,E05B0065120000,d,E05B0077460000,n
20130101,20140101,E05B0065120000,d,E05B0077480000,n
20130101,20140101,E05B0065120000,d,E05B0077500000,n
20130101,20140101,E05B0065120000,d,E05B0077520000,n
20130101,20140101,E05B0065120000,d,E05B0077540000,n
20130101,20140101,E05B0065120000,d,E05B0079000000,n
20130101,20140101,E05B0065120000,d,E05B0079020000,n
20130101,20140101,E05B0065120000,d,E05B0079040000,n
20130101,20140101,E05B0065120000,d,E05B0079060000,n
20130101,20140101,E05B0065120000,d,E05B0079080000,n
20130101,20140101,E05B0065120000,d,E05B0079100000,n
20130101,20140101,E05B0065120000,d,E05B0079120000,n
20130101,20140101,E05B0065120000,d,E05B0079140000,n
20130101,20140101,E05B0065120000,d,E05B0079160000,n
20130101,20140101,E05B0065120000,d,E05B0079180000,n
20130101,20140101,E05B0065120000,d,E05B0079200000,n
20130101,20140101,E05B0065120000,d,E05B0079220000,n
20130101,20140101,E05B0065120000,d,E05B0081000000,n
20130101,20140101,E05B0065120000,d,E05B0081020000,n
20130101,20140101,E05B0065120000,d,E05B0081040000,n
20130101,20140101,E05B0065120000,d,E05B0081060000,n
20130101,20140101,E05B0065120000,d,E05B0081080000,n
20130101,20140101,E05B0065120000,d,E05B0081100000,n
20130101,20140101,E05B0065120000,d,E05B0081120000,n
20130101,20140101,E05B0065120000,d,E05B0081140000,n
20130101,20140101,E05B0065120000,d,E05B0081160000,n
20130101,20140101,E05B0065120000,d,E05B0081180000,n
20130101,20140101,E05B0065120000,d,E05B0081200000,n
20130101,20140101,E05B0065120000,d,E05B0081220000,n
20130101,20140101,E05B0065120000,d,E05B0081240000,n
20130101,20140101,E05B0065120000,d,E05B0081260000,n
20130101,20140101,E05B0065120000,d,E05B0081280000,n
20130101,20140101,E05B0065120000,d,E05B0081300000,n
20130101,20140101,E05B0065120000,d,E05B0081320000,n
20130101,20140101,E05B0065120000,d,E05B0081340000,n
20130101,20140101,E05B0065120000,d,E05B0081360000,n
20130101,20140101,E05B0065120000,d,E05B0081380000,n
20130101,20140101,E05B0065120000,d,E05B0081400000,n
20130101,20140101,E05B0065120000,d,E05B0081420000,n
20130101,20140101,E05B0065120000,d,E05B0081440000,n
20130101,20140101,E05B0065120000,d,E05B0081460000,n
20130101,20140101,E05B0065120000,d,E05B0081480000,n
20130101,20140101,E05B0065120000,d,E05B0081500000,n
20130101,20140101,E05B0065120000,d,E05B0081520000,n
20130101,20140101,E05B0065120000,d,E05B0081540000,n
20130101,20140101,E05B0065120000,d,E05B0081560000,n
20130101,20140101,E05B0065120000,d,E05B0081580000,n
20130101,20140101,E05B0065120000,d,E05B0081600000,n
20130101,20140101,E05B0065120000,d,E05B0081620000,n
20130101,20140101,E05B0065120000,d,E05B0081640000,n
20130101,20140101,E05B0065120000,d,E05B0081660000,n
20130101,20140101,E05B0065120000,d,E05B0081680000,n
20130101,20140101,E05B0065120000,d,E05B0081700000,n
20130101,20140101,E05B0065120000,d,E05B0081720000,n
20130101,20140101,E05B0065120000,d,E05B0081740000,n
20130101,20140101,E05B0065120000,d,E05B0081760000,n
20130101,20140101,E05B0065120000,d,E05B0081780000,n
20130101,20140101,E05B0065120000,d,E05B0081800000,n
20130101,20140101,E05B0065120000,d,E05B0081820000,n
20130101,20140101,E05B0065120000,d,E05B0081840000,n
20130101,20140101,E05B0065120000,d,E05B0081860000,n
20130101,20140101,E05B0065120000,d,E05B0081880000,n
20130101,20140101,E05B0065120000,d,E05B0081900000,n
20130101,20140101,E05B0065120000,d,E05B0083000000,n
20130101,20140101,E05B0065120000,d,E05B0083020000,n
20130101,20140101,E05B0065120000,d,E05B0083040000,n
20130101,20140101,E05B0065120000,d,E05B0083060000,n
20130101,20140101,E05B0065120000,d,E05B0083080000,n
20130101,20140101,E05B0065120000,d,E05B0083100000,n
20130101,20140101,E05B0065120000,d,E05B0083120000,n
20130101,20140101,E05B0065120000,d,E05B0083140000,n
20130101,20140101,E05B0065120000,d,E05B0083160000,n
20130101,20140101,E05B0065120000,d,E05B0083180000,n
20130101,20140101,E05B0065120000,d,E05B0083200000,n
20130101,20140101,E05B0065120000,d,E05B0083220000,n
20130101,20140101,E05B0065120000,d,E05B0083240000,n
20130101,20140101,E05B0065120000,d,E05B0083260000,n
20130101,20140101,E05B0065120000,d,E05B0083280000,n
20130101,20140101,E05B0065120000,d,E05B0083300000,n
20130101,20140101,E05B0065120000,d,E05B0083320000,n
20130101,20140101,E05B0065120000,d,E05B0083340000,n
20130101,20140101,E05B0065120000,d,E05B0083360000,n
20130101,20140101,E05B0065120000,d,E05B0083380000,n
20130101,20140101,E05B0065120000,d,E05B0083400000,n
20130101,20140101,E05B0065120000,d,E05B0083420000,n
20130101,20140101,E05B0065120000,d,E05B0083440000,n
20130101,20140101,E05B0065120000,d,E05B0085000000,n
20130101,20140101,E05B0065120000,d,E05B0085020000,n
20130101,20140101,E05B0065120000,d,E05B0085040000,n
20130101,20140101,E05B0065120000,d,E05B0085060000,n
20130101,20140101,E05B0065120000,d,E05B0085080000,n
20130101,20140101,E05B0065120000,d,E05B0085100000,n
20130101,20140101,E05B0065120000,d,E05B0085120000,n
20130101,20140101,E05B0065120000,d,E05B0085140000,n
20130101,20140101,E05B0065120000,d,E05B0085160000,n
20130101,20140101,E05B0065120000,d,E05B0085180000,n
20130101,20140101,E05B0065120000,d,E05B0085200000,n
20130101,20140101,E05B0065120000,d,E05B0085220000,n
20130101,20140101,E05B0065120000,d,E05B0085240000,n
20130101,20140101,E05B0065120000,d,E05B0085260000,n
20130101,20140101,E05B0065120000,d,E05B0085280000,n
20130101,20140101,E05B0065140000,d,E05B0083020000,n
20130101,20140101,E05B0065140000,d,E05B0083040000,n
20130101,20140101,E05B0065140000,d,E05B0083060000,n
20130101,20140101,E05B0065140000,d,E05B0083080000,n
20130101,20140101,E05B0065140000,d,E05B0083100000,n
20130101,20140101,E05B0065140000,d,E05B0083120000,n
20130101,20140101,E05B0065140000,d,E05B0083140000,n
20130101,20140101,E05B0065160000,d,E05B0083100000,n
20130101,20140101,E05B0065160000,d,E05B0083120000,n
20130101,20140101,E05B0065180000,d,E05B0083140000,n
20130101,20140101,E05B0065190000,d,E05B0077080000,n
20130101,20140101,E05B0065190000,d,E05B0083160000,n
20130101,20140101,E05B0065190000,d,E05B0083240000,n
20130101,20140101,E05B0065190000,d,E05B0083260000,n
20130101,20140101,E05B0065200000,d,E05B0077000000,n
20130101,20140101,E05B0065200000,d,E05B0077020000,n
20130101,20140101,E05B0065200000,d,E05B0077040000,n
20130101,20140101,E05B0065200000,d,E05B0077060000,n
20130101,20140101,E05B0065200000,d,E05B0077080000,n
20130101,20140101,E05B0065200000,d,E05B0077100000,n
20130101,20140101,E05B0065200000,d,E05B0077120000,n
20130101,20140101,E05B0065200000,d,E05B0077140000,n
20130101,20140101,E05B0065200000,d,E05B0077160000,n
20130101,20140101,E05B0065200000,d,E05B0077180000,n
20130101,20140101,E05B0065200000,d,E05B0077200000,n
20130101,20140101,E05B0065200000,d,E05B0077220000,n
20130101,20140101,E05B0065200000,d,E05B0077240000,n
20130101,20140101,E05B0065200000,d,E05B0077260000,n
20130101,20140101,E05B0065200000,d,E05B0077280000,n
20130101,20140101,E05B0065200000,d,E05B0077300000,n
20130101,20140101,E05B0065200000,d,E05B0077320000,n
20130101,20140101,E05B0065200000,d,E05B0077340000,n
20130101,20140101,E05B0065200000,d,E05B0077360000,n
20130101,20140101,E05B0065200000,d,E05B0077380000,n
20130101,20140101,E05B0065200000,d,E05B0077400000,n
20130101,20140101,E05B0065200000,d,E05B0077420000,n
20130101,20140101,E05B0065200000,d,E05B0077440000,n
20130101,20140101,E05B0065200000,d,E05B0077460000,n
20130101,20140101,E05B0065200000,d,E05B0077480000,n
20130101,20140101,E05B0065200000,d,E05B0077500000,n
20130101,20140101,E05B0065200000,d,E05B0077520000,n
20130101,20140101,E05B0065200000,d,E05B0077540000,n
20130101,20140101,E05B0065200000,d,E05B0079000000,n
20130101,20140101,E05B0065200000,d,E05B0079020000,n
20130101,20140101,E05B0065200000,d,E05B0079040000,n
20130101,20140101,E05B0065200000,d,E05B0079060000,n
20130101,20140101,E05B0065200000,d,E05B0079080000,n
20130101,20140101,E05B0065200000,d,E05B0079100000,n
20130101,20140101,E05B0065200000,d,E05B0079120000,n
20130101,20140101,E05B0065200000,d,E05B0079140000,n
20130101,20140101,E05B0065200000,d,E05B0079160000,n
20130101,20140101,E05B0065200000,d,E05B0079180000,n
20130101,20140101,E05B0065200000,d,E05B0079200000,n
20130101,20140101,E05B0065200000,d,E05B0079220000,n
20130101,20140101,E05B0065200000,d,E05B0081000000,n
20130101,20140101,E05B0065200000,d,E05B0081020000,n
20130101,20140101,E05B0065200000,d,E05B0081040000,n
20130101,20140101,E05B0065200000,d,E05B0081060000,n
20130101,20140101,E05B0065200000,d,E05B0081080000,n
20130101,20140101,E05B0065200000,d,E05B0081100000,n
20130101,20140101,E05B0065200000,d,E05B0081120000,n
20130101,20140101,E05B0065200000,d,E05B0081140000,n
20130101,20140101,E05B0065200000,d,E05B0081160000,n
20130101,20140101,E05B0065200000,d,E05B0081180000,n
20130101,20140101,E05B0065200000,d,E05B0081200000,n
20130101,20140101,E05B0065200000,d,E05B0081220000,n
20130101,20140101,E05B0065200000,d,E05B0081240000,n
20130101,20140101,E05B0065200000,d,E05B0081260000,n
20130101,20140101,E05B0065200000,d,E05B0081280000,n
20130101,20140101,E05B0065200000,d,E05B0081300000,n
20130101,20140101,E05B0065200000,d,E05B0081320000,n
20130101,20140101,E05B0065200000,d,E05B0081340000,n
20130101,20140101,E05B0065200000,d,E05B0081360000,n
20130101,20140101,E05B0065200000,d,E05B0081380000,n
20130101,20140101,E05B0065200000,d,E05B0081400000,n
20130101,20140101,E05B0065200000,d,E05B0081420000,n
20130101,20140101,E05B0065200000,d,E05B0081440000,n
20130101,20140101,E05B0065200000,d,E05B0081460000,n
20130101,20140101,E05B0065200000,d,E05B0081480000,n
20130101,20140101,E05B0065200000,d,E05B0081500000,n
20130101,20140101,E05B0065200000,d,E05B0081520000,n
20130101,20140101,E05B0065200000,d,E05B0081540000,n
20130101,20140101,E05B0065200000,d,E05B0081560000,n
20130101,20140101,E05B0065200000,d,E05B0081580000,n
20130101,20140101,E05B0065200000,d,E05B0081600000,n
20130101,20140101,E05B0065200000,d,E05B0081620000,n
20130101,20140101,E05B0065200000,d,E05B0081640000,n
20130101,20140101,E05B0065200000,d,E05B0081660000,n
20130101,20140101,E05B0065200000,d,E05B0081680000,n
20130101,20140101,E05B0065200000,d,E05B0081700000,n
20130101,20140101,E05B0065200000,d,E05B0081720000,n
20130101,20140101,E05B0065200000,d,E05B0081740000,n
20130101,20140101,E05B0065200000,d,E05B0081760000,n
20130101,20140101,E05B0065200000,d,E05B0081780000,n
20130101,20140101,E05B0065200000,d,E05B0081800000,n
20130101,20140101,E05B0065200000,d,E05B0081820000,n
20130101,20140101,E05B0065200000,d,E05B0081840000,n
20130101,20140101,E05B0065200000,d,E05B0081860000,n
20130101,20140101,E05B0065200000,d,E05B0081880000,n
20130101,20140101,E05B0065200000,d,E05B0081900000,n
20130101,20140101,E05B0065200000,d,E05B0083000000,n
20130101,20140101,E05B0065200000,d,E05B0083020000,n
20130101,20140101,E05B0065200000,d,E05B0083040000,n
20130101,20140101,E05B0065200000,d,E05B0083060000,n
20130101,20140101,E05B0065200000,d,E05B0083080000,n
20130101,20140101,E05B0065200000,d,E05B0083100000,n
20130101,20140101,E05B0065200000,d,E05B0083120000,n
20130101,20140101,E05B0065200000,d,E05B0083140000,n
20130101,20140101,E05B0065200000,d,E05B0083160000,n
20130101,20140101,E05B0065200000,d,E05B0083180000,n
20130101,20140101,E05B0065200000,d,E05B0083200000,n
20130101,20140101,E05B0065200000,d,E05B0083220000,n
20130101,20140101,E05B0065200000,d,E05B0083240000,n
20130101,20140101,E05B0065200000,d,E05B0083260000,n
20130101,20140101,E05B0065200000,d,E05B0083280000,n
20130101,20140101,E05B0065200000,d,E05B0083300000,n
20130101,20140101,E05B0065200000,d,E05B0083320000,n
20130101,20140101,E05B0065200000,d,E05B0083340000,n
20130101,20140101,E05B0065200000,d,E05B0083360000,n
20130101,20140101,E05B0065200000,d,E05B0083380000,n
20130101,20140101,E05B0065200000,d,E05B0083400000,n
20130101,20140101,E05B0065200000,d,E05B0083420000,n
20130101,20140101,E05B0065200000,d,E05B0083440000,n
20130101,20140101,E05B0065200000,d,E05B0085000000,n
20130101,20140101,E05B0065200000,d,E05B0085020000,n
20130101,20140101,E05B0065200000,d,E05B0085040000,n
20130101,20140101,E05B0065200000,d,E05B0085060000,n
20130101,20140101,E05B0065200000,d,E05B0085080000,n
20130101,20140101,E05B0065200000,d,E05B0085100000,n
20130101,20140101,E05B0065200000,d,E05B0085120000,n
20130101,20140101,E05B0065200000,d,E05B0085140000,n
20130101,20140101,E05B0065200000,d,E05B0085160000,n
20130101,20140101,E05B0065200000,d,E05B0085180000,n
20130101,20140101,E05B0065200000,d,E05B0085200000,n
20130101,20140101,E05B0065200000,d,E05B0085220000,n
20130101,20140101,E05B0065200000,d,E05B0085240000,n
20130101,20140101,E05B0065200000,d,E05B0085260000,n
20130101,20140101,E05B0065200000,d,E05B0085280000,n
20130101,20140101,E05B0065220000,d,E05B0085220000,n
20130101,20140101,E05B0065240000,d,E05B0083360000,n
20130101,20140101,E05B0065240000,d,E05B0085080000,n
20130101,20140101,E05B0065240000,d,E05B0085100000,n
20130101,20140101,E05B0065240000,d,E05B0085120000,n
20130101,20140101,E05B0065260000,d,E05B0085100000,n
20130101,20140101,E05B0065260000,d,E05B0085120000,n
20130101,20140101,E05B0065260000,d,E05B0085140000,n
20130101,20140101,E05B0065260000,d,E05B0085160000,n
20130101,20140101,E05B0065260000,d,E05B0085180000,n
20130101,20140101,E05B0065280000,d,E05B0085200000,n
20130101,20140101,E05B0065280000,d,E05B0085220000,n
20130101,20140101,E05B0065280000,d,E05B0085240000,n
20130101,20140101,E05B0065280000,d,E05B0085260000,n
20130101,20140101,E05B0065280000,d,E05B0085280000,n
20130101,20140101,E05B0065300000,d,E05B0085240000,n
20130101,20140101,E05B0065320000,d,E05B0085240000,n
20130101,20140101,E05B0065320000,d,E05B0085260000,n
20130101,20140101,E05B0065320000,d,E05B0085280000,n
20130101,20140101,E05B0065340000,d,E05B0085280000,n
20130101,20140101,E05B0065360000,d,E05B0077460000,n
20130101,20140101,E05B0065360000,d,E05B0077480000,n
20130101,20140101,E05B0065360000,d,E05B0077500000,n
20130101,20140101,E05B0065380000,d,E05B0077500000,n
20130101,20140101,E05B0065400000,d,E05B0077520000,n
20130101,20140101,E05B0065420000,d,E05B0077540000,n
20130101,20140101,F23M0099000000,d,F23M0020000000,n
20130101,20140101,F24J0002000000,c,F24J0002000000,c
20130101,20140101,F24J0002000000,c,H02S0020000000,n
20130101,20140101,F24J0002000000,c,H02S0040440000,n
20130101,20140101,F24J0002380000,c,F24J0002380000,c
20130101,20140101,F24J0002380000,c,H02S0020320000,n
20130101,20140101,G01N0021350000,c,G01N0021350000,c
20130101,20140101,G01N0021350000,c,G01N0021350400,n
20130101,20140101,G01N0021350000,c,G01N0021351800,n
20130101,20140101,G01N0021350000,c,G01N0021355400,n
20130101,20140101,G01N0021350000,c,G01N0021355900,n
20130101,20140101,G01N0021350000,c,G01N0021356300,n
20130101,20140101,G01N0021350000,c,G01N0021357700,n
20130101,20140101,G01N0021350000,c,G01N0021358100,n
20130101,20140101,G01N0021350000,c,G01N0021358600,n
20130101,20140101,G01N0021350000,c,G01N0021359000,n
20130101,20140101,G01N0021550000,c,G01N0021550000,c
20130101,20140101,G01N0021550000,c,G01N0021552000,n
20130101,20140101,G01R0031260000,c,G01R0031260000,c
20130101,20140101,G01R0031260000,c,H02S0050100000,n
20130101,20140101,G01R0031400000,c,G01R0031400000,c
20130101,20140101,G01R0031400000,c,H02S0050100000,n
20130101,20140101,G03B0007000000,c,G03B0007000000,c
20130101,20140101,G03B0007000000,c,G03B0007010000,n
20130101,20140101,G03B0007000000,c,G03B0007300000,n
20130101,20140101,G03B0007080000,c,G03B0007080000,c
20130101,20140101,G03B0007080000,c,G03B0007080500,n
20130101,20140101,G03B0007099000,c,G03B0007099000,c
20130101,20140101,G03B0007099000,c,G03B0007099300,n
20130101,20140101,G03B0007099000,c,G03B0007099700,n
20130101,20140101,G03B0007160000,c,G03B0007160000,c
20130101,20140101,G03B0007160000,c,G03B0007170000,n
20130101,20140101,G03B0021580000,c,G03B0021580000,c
20130101,20140101,G03B0021580000,c,G03B0021585000,n
20130101,20140101,G03B0021600000,c,G03B0021600000,c
20130101,20140101,G03B0021600000,c,G03B0021602000,n
20130101,20140101,G03B0021600000,c,G03B0021604000,n
20130101,20140101,G03B0021600000,c,G03B0021606000,n
20130101,20140101,G03B0021600000,c,G03B0021608000,n
20130101,20140101,G03B0021620000,c,G03B0021620000,c
20130101,20140101,G03B0021620000,c,G03B0021625000,n
20130101,20140101,H01L0025040000,c,H01L0025040000,c
20130101,20140101,H01L0025040000,c,H01L0031043000,n
20130101,20140101,H01L0027142000,c,H01L0027142000,c
20130101,20140101,H01L0027142000,c,H01L0031044300,n
20130101,20140101,H01L0027142000,c,H01L0031044500,n
20130101,20140101,H01L0027142000,c,H01L0031046000,n
20130101,20140101,H01L0027142000,c,H01L0031046300,n
20130101,20140101,H01L0027142000,c,H01L0031046500,n
20130101,20140101,H01L0027142000,c,H01L0031046800,n
20130101,20140101,H01L0027142000,c,H01L0031047000,n
20130101,20140101,H01L0027142000,c,H01L0031047500,n
20130101,20140101,H01L0031020300,c,H01L0031020300,c
20130101,20140101,H01L0031020300,c,H01L0031048000,c
20130101,20140101,H01L0031020300,c,H01L0051440000,t
20130101,20140101,H01L0031021600,c,H01L0031021600,c
20130101,20140101,H01L0031021600,c,H01L0031041000,n
20130101,20140101,H01L0031023200,c,H01L0031023200,c
20130101,20140101,H01L0031023200,c,H01L0031023600,t
20130101,20140101,H01L0031023200,c,H01L0031054000,n
20130101,20140101,H01L0031023200,c,H02S0040200000,n
20130101,20140101,H01L0031024000,c,H01L0031024000,c
20130101,20140101,H01L0031024000,c,H01L0031052000,c
20130101,20140101,H01L0031040000,c,H01L0031040000,c
20130101,20140101,H01L0031040000,c,H01L0031041000,n
20130101,20140101,H01L0031040000,c,H01L0031042000,c
20130101,20140101,H01L0031040000,c,H02S0050100000,n
20130101,20140101,H01L0031042000,c,H01L0031042000,c
20130101,20140101,H01L0031042000,c,H01L0031043000,n
20130101,20140101,H01L0031042000,c,H01L0031047000,n
20130101,20140101,H01L0031042000,c,H01L0031047500,n
20130101,20140101,H01L0031042000,c,H01L0031053000,n
20130101,20140101,H01L0031042000,c,H02S0020000000,n
20130101,20140101,H01L0031042000,c,H02S0020100000,n
20130101,20140101,H01L0031042000,c,H02S0020200000,n
20130101,20140101,H01L0031042000,c,H02S0020210000,n
20130101,20140101,H01L0031042000,c,H02S0020220000,n
20130101,20140101,H01L0031042000,c,H02S0020230000,n
20130101,20140101,H01L0031042000,c,H02S0020240000,n
20130101,20140101,H01L0031042000,c,H02S0020250000,n
20130101,20140101,H01L0031042000,c,H02S0020260000,n
20130101,20140101,H01L0031042000,c,H02S0020300000,n
20130101,20140101,H01L0031042000,c,H02S0020320000,n
20130101,20140101,H01L0031042000,c,H02S0040380000,n
20130101,20140101,H01L0031045000,d,H02S0030200000,n
20130101,20140101,H01L0031048000,c,H01L0031048000,c
20130101,20140101,H01L0031048000,c,H01L0031049000,n
20130101,20140101,H01L0031048000,c,H02S0020000000,n
20130101,20140101,H01L0031048000,c,H02S0020100000,n
20130101,20140101,H01L0031048000,c,H02S0020200000,n
20130101,20140101,H01L0031048000,c,H02S0020210000,n
20130101,20140101,H01L0031048000,c,H02S0020220000,n
20130101,20140101,H01L0031048000,c,H02S0020230000,n
20130101,20140101,H01L0031048000,c,H02S0020240000,n
20130101,20140101,H01L0031048000,c,H02S0020250000,n
20130101,20140101,H01L0031048000,c,H02S0020260000,n
20130101,20140101,H01L0031048000,c,H02S0020300000,n
20130101,20140101,H01L0031048000,c,H02S0020320000,n
20130101,20140101,H01L0031050000,c,H01L0031044000,n
20130101,20140101,H01L0031050000,c,H01L0031044300,n
20130101,20140101,H01L0031050000,c,H01L0031050000,c
20130101,20140101,H01L0031050000,c,H02S0040360000,n
20130101,20140101,H01L0031052000,c,H01L0031052000,c
20130101,20140101,H01L0031052000,c,H01L0031052500,n
20130101,20140101,H01L0031052000,c,H01L0031054000,n
20130101,20140101,H01L0031052000,c,H01L0031056000,n
20130101,20140101,H01L0031052000,c,H02S0040200000,n
20130101,20140101,H01L0031052000,c,H02S0040220000,n
20130101,20140101,H01L0031052000,c,H02S0040420000,n
20130101,20140101,H01L0031055000,c,H01L0031055000,c
20130101,20140101,H01L0031055000,c,H02S0040220000,n
20130101,20140101,H01L0031058000,d,H01L0031052500,n
20130101,20140101,H01L0031058000,d,H02S0040440000,n
20130101,20140101,H01M0010500000,d,H01M0010600000,n
20130101,20140101,H01M0010500000,d,H01M0010610000,n
20130101,20140101,H01M0010500000,d,H01M0010613000,n
20130101,20140101,H01M0010500000,d,H01M0010615000,n
20130101,20140101,H01M0010500000,d,H01M0010617000,n
20130101,20140101,H01M0010500000,d,H01M0010620000,n
20130101,20140101,H01M0010500000,d,H01M0010623000,n
20130101,20140101,H01M0010500000,d,H01M0010623500,n
20130101,20140101,H01M0010500000,d,H01M0010625000,n
20130101,20140101,H01M0010500000,d,H01M0010627000,n
20130101,20140101,H01M0010500000,d,H01M0010630000,n
20130101,20140101,H01M0010500000,d,H01M0010633000,n
20130101,20140101,H01M0010500000,d,H01M0010635000,n
20130101,20140101,H01M0010500000,d,H01M0010637000,n
20130101,20140101,H01M0010500000,d,H01M0010640000,n
20130101,20140101,H01M0010500000,d,H01M0010643000,n
20130101,20140101,H01M0010500000,d,H01M0010647000,n
20130101,20140101,H01M0010500000,d,H01M0010650000,n
20130101,20140101,H01M0010500000,d,H01M0010651000,n
20130101,20140101,H01M0010500000,d,H01M0010652000,n
20130101,20140101,H01M0010500000,d,H01M0010653000,n
20130101,20140101,H01M0010500000,d,H01M0010654000,n
20130101,20140101,H01M0010500000,d,H01M0010655000,n
20130101,20140101,H01M0010500000,d,H01M0010655100,n
20130101,20140101,H01M0010500000,d,H01M0010655200,n
20130101,20140101,H01M0010500000,d,H01M0010655300,n
20130101,20140101,H01M0010500000,d,H01M0010655400,n
20130101,20140101,H01M0010500000,d,H01M0010655500,n
20130101,20140101,H01M0010500000,d,H01M0010655600,n
20130101,20140101,H01M0010500000,d,H01M0010655700,n
20130101,20140101,H01M0010500000,d,H01M0010656000,n
20130101,20140101,H01M0010500000,d,H01M0010656100,n
20130101,20140101,H01M0010500000,d,H01M0010656200,n
20130101,20140101,H01M0010500000,d,H01M0010656300,n
20130101,20140101,H01M0010500000,d,H01M0010656400,n
20130101,20140101,H01M0010500000,d,H01M0010656500,n
20130101,20140101,H01M0010500000,d,H01M0010656600,n
20130101,20140101,H01M0010500000,d,H01M0010656700,n
20130101,20140101,H01M0010500000,d,H01M0010656800,n
20130101,20140101,H01M0010500000,d,H01M0010656900,n
20130101,20140101,H01M0010500000,d,H01M0010657000,n
20130101,20140101,H01M0010500000,d,H01M0010657100,n
20130101,20140101,H01M0010500000,d,H01M0010657200,n
20130101,20140101,H01M0010500000,d,H01M0010658000,n
20130101,20140101,H01M0010500000,d,H01M0010659000,n
20130101,20140101,H01M0010500000,d,H01M0010659500,n
20130101,20140101,H01M0010500000,d,H01M0010660000,n
20130101,20140101,H01M0010500000,d,H01M0010663000,n
20130101,20140101,H01M0010500000,d,H01M0010667000,n
20130101,20140101,H02K0057000000,d,H02K0099000000,n
20130101,20140101,H02N0006000000,d,H02S0010000000,n
20130101,20140101,H02N0006000000,d,H02S0010100000,n
20130101,20140101,H02N0006000000,d,H02S0010120000,n
20130101,20140101,H02N0006000000,d,H02S0010200000,n
20130101,20140101,H02N0006000000,d,H02S0010300000,n
20130101,20140101,H02N0006000000,d,H02S0010400000,n
20130101,20140101,H02N0006000000,d,H02S0020000000,n
20130101,20140101,H02N0006000000,d,H02S0020100000,n
20130101,20140101,H02N0006000000,d,H02S0020200000,n
20130101,20140101,H02N0006000000,d,H02S0020210000,n
20130101,20140101,H02N0006000000,d,H02S0020220000,n
20130101,20140101,H02N0006000000,d,H02S0020230000,n
20130101,20140101,H02N0006000000,d,H02S0020240000,n
20130101,20140101,H02N0006000000,d,H02S0020250000,n
20130101,20140101,H02N0006000000,d,H02S0020260000,n
20130101,20140101,H02N0006000000,d,H02S0020300000,n
20130101,20140101,H02N0006000000,d,H02S0020320000,n
20130101,20140101,H02N0006000000,d,H02S0030000000,n
20130101,20140101,H02N0006000000,d,H02S0030100000,n
20130101,20140101,H02N0006000000,d,H02S0030200000,n
20130101,20140101,H02N0006000000,d,H02S0040000000,n
20130101,20140101,H02N0006000000,d,H02S0040100000,n
20130101,20140101,H02N0006000000,d,H02S0040120000,n
20130101,20140101,H02N0006000000,d,H02S0040200000,n
20130101,20140101,H02N0006000000,d,H02S0040220000,n
20130101,20140101,H02N0006000000,d,H02S0040300000,n
20130101,20140101,H02N0006000000,d,H02S0040320000,n
20130101,20140101,H02N0006000000,d,H02S0040340000,n
20130101,20140101,H02N0006000000,d,H02S0040360000,n
20130101,20140101,H02N0006000000,d,H02S0040380000,n
20130101,20140101,H02N0006000000,d,H02S0040400000,n
20130101,20140101,H02N0006000000,d,H02S0040420000,n
20130101,20140101,H02N0006000000,d,H02S0040440000,n
20130101,20140101,H02N0006000000,d,H02S0050000000,n
20130101,20140101,H02N0006000000,d,H02S0050100000,n
20130101,20140101,H02N0006000000,d,H02S0050150000,n
20130101,20140101,H02N0006000000,d,H02S0099000000,n
20130101,20140101,H03K0005130000,c,H03K0005130000,c
20130101,20140101,H03K0005130000,c,H03K0005131000,n
20130101,20140101,H03K0005130000,c,H03K0005133000,n
20130101,20140101,H03K0005130000,c,H03K0005134000,n
20130101,20140101,H03K0005140000,c,H03K0005133000,n
20130101,20140101,H03K0005140000,c,H03K0005134000,n
20130101,20140101,H03K0005140000,c,H03K0005140000,c
20130101,20140101,H04N0007260000,d,H04N0019000000,n
20130101,20140101,H04N0007260000,d,H04N0019100000,n
20130101,20140101,H04N0007260000,d,H04N0019102000,n
20130101,20140101,H04N0007260000,d,H04N0019103000,n
20130101,20140101,H04N0007260000,d,H04N0019105000,n
20130101,20140101,H04N0007260000,d,H04N0019107000,n
20130101,20140101,H04N0007260000,d,H04N0019109000,n
20130101,20140101,H04N0007260000,d,H04N0019110000,n
20130101,20140101,H04N0007260000,d,H04N0019112000,n
20130101,20140101,H04N0007260000,d,H04N0019114000,n
20130101,20140101,H04N0007260000,d,H04N0019115000,n
20130101,20140101,H04N0007260000,d,H04N0019117000,n
20130101,20140101,H04N0007260000,d,H04N0019119000,n
20130101,20140101,H04N0007260000,d,H04N0019120000,n
20130101,20140101,H04N0007260000,d,H04N0019122000,n
20130101,20140101,H04N0007260000,d,H04N0019124000,n
20130101,20140101,H04N0007260000,d,H04N0019126000,n
20130101,20140101,H04N0007260000,d,H04N0019127000,n
20130101,20140101,H04N0007260000,d,H04N0019129000,n
20130101,20140101,H04N0007260000,d,H04N0019130000,n
20130101,20140101,H04N0007260000,d,H04N0019132000,n
20130101,20140101,H04N0007260000,d,H04N0019134000,n
20130101,20140101,H04N0007260000,d,H04N0019136000,n
20130101,20140101,H04N0007260000,d,H04N0019137000,n
20130101,20140101,H04N0007260000,d,H04N0019139000,n
20130101,20140101,H04N0007260000,d,H04N0019140000,n
20130101,20140101,H04N0007260000,d,H04N0019142000,n
20130101,20140101,H04N0007260000,d,H04N0019146000,n
20130101,20140101,H04N0007260000,d,H04N0019147000,n
20130101,20140101,H04N0007260000,d,H04N0019149000,n
20130101,20140101,H04N0007260000,d,H04N0019150000,n
20130101,20140101,H04N0007260000,d,H04N0019152000,n
20130101,20140101,H04N0007260000,d,H04N0019154000,n
20130101,20140101,H04N0007260000,d,H04N0019156000,n
20130101,20140101,H04N0007260000,d,H04N0019157000,n
20130101,20140101,H04N0007260000,d,H04N0019159000,n
20130101,20140101,H04N0007260000,d,H04N0019160000,n
20130101,20140101,H04N0007260000,d,H04N0019162000,n
20130101,20140101,H04N0007260000,d,H04N0019164000,n
20130101,20140101,H04N0007260000,d,H04N0019166000,n
20130101,20140101,H04N0007260000,d,H04N0019167000,n
20130101,20140101,H04N0007260000,d,H04N0019169000,n
20130101,20140101,H04N0007260000,d,H04N0019170000,n
20130101,20140101,H04N0007260000,d,H04N0019172000,n
20130101,20140101,H04N0007260000,d,H04N0019174000,n
20130101,20140101,H04N0007260000,d,H04N0019176000,n
20130101,20140101,H04N0007260000,d,H04N0019177000,n
20130101,20140101,H04N0007260000,d,H04N0019179000,n
20130101,20140101,H04N0007260000,d,H04N0019180000,n
20130101,20140101,H04N0007260000,d,H04N0019182000,n
20130101,20140101,H04N0007260000,d,H04N0019184000,n
20130101,20140101,H04N0007260000,d,H04N0019186000,n
20130101,20140101,H04N0007260000,d,H04N0019187000,n
20130101,20140101,H04N0007260000,d,H04N0019189000,n
20130101,20140101,H04N0007260000,d,H04N0019190000,n
20130101,20140101,H04N0007260000,d,H04N0019192000,n
20130101,20140101,H04N0007260000,d,H04N0019194000,n
20130101,20140101,H04N0007260000,d,H04N0019196000,n
20130101,20140101,H04N0007260000,d,H04N0019200000,n
20130101,20140101,H04N0007260000,d,H04N0019210000,n
20130101,20140101,H04N0007260000,d,H04N0019230000,n
20130101,20140101,H04N0007260000,d,H04N0019250000,n
20130101,20140101,H04N0007260000,d,H04N0019270000,n
20130101,20140101,H04N0007260000,d,H04N0019290000,n
20130101,20140101,H04N0007260000,d,H04N0019300000,n
20130101,20140101,H04N0007260000,d,H04N0019310000,n
20130101,20140101,H04N0007260000,d,H04N0019330000,n
20130101,20140101,H04N0007260000,d,H04N0019340000,n
20130101,20140101,H04N0007260000,d,H04N0019360000,n
20130101,20140101,H04N0007260000,d,H04N0019370000,n
20130101,20140101,H04N0007260000,d,H04N0019390000,n
20130101,20140101,H04N0007260000,d,H04N0019400000,n
20130101,20140101,H04N0007260000,d,H04N0019420000,n
20130101,20140101,H04N0007260000,d,H04N0019423000,n
20130101,20140101,H04N0007260000,d,H04N0019426000,n
20130101,20140101,H04N0007260000,d,H04N0019430000,n
20130101,20140101,H04N0007260000,d,H04N0019433000,n
20130101,20140101,H04N0007260000,d,H04N0019436000,n
20130101,20140101,H04N0007260000,d,H04N0019440000,n
20130101,20140101,H04N0007260000,d,H04N0019460000,n
20130101,20140101,H04N0007260000,d,H04N0019463000,n
20130101,20140101,H04N0007260000,d,H04N0019467000,n
20130101,20140101,H04N0007260000,d,H04N0019480000,n
20130101,20140101,H04N0007260000,d,H04N0019500000,n
20130101,20140101,H04N0007260000,d,H04N0019503000,n
20130101,20140101,H04N0007260000,d,H04N0019507000,n
20130101,20140101,H04N0007260000,d,H04N0019510000,n
20130101,20140101,H04N0007260000,d,H04N0019513000,n
20130101,20140101,H04N0007260000,d,H04N0019517000,n
20130101,20140101,H04N0007260000,d,H04N0019520000,n
20130101,20140101,H04N0007260000,d,H04N0019523000,n
20130101,20140101,H04N0007260000,d,H04N0019527000,n
20130101,20140101,H04N0007260000,d,H04N0019530000,n
20130101,20140101,H04N0007260000,d,H04N0019533000,n
20130101,20140101,H04N0007260000,d,H04N0019537000,n
20130101,20140101,H04N0007260000,d,H04N0019540000,n
20130101,20140101,H04N0007260000,d,H04N0019543000,n
20130101,20140101,H04N0007260000,d,H04N0019547000,n
20130101,20140101,H04N0007260000,d,H04N0019550000,n
20130101,20140101,H04N0007260000,d,H04N0019553000,n
20130101,20140101,H04N0007260000,d,H04N0019557000,n
20130101,20140101,H04N0007260000,d,H04N0019560000,n
20130101,20140101,H04N0007260000,d,H04N0019563000,n
20130101,20140101,H04N0007260000,d,H04N0019567000,n
20130101,20140101,H04N0007260000,d,H04N0019570000,n
20130101,20140101,H04N0007260000,d,H04N0019573000,n
20130101,20140101,H04N0007260000,d,H04N0019577000,n
20130101,20140101,H04N0007260000,d,H04N0019580000,n
20130101,20140101,H04N0007260000,d,H04N0019583000,n
20130101,20140101,H04N0007260000,d,H04N0019587000,n
20130101,20140101,H04N0007260000,d,H04N0019590000,n
20130101,20140101,H04N0007260000,d,H04N0019593000,n
20130101,20140101,H04N0007260000,d,H04N0019597000,n
20130101,20140101,H04N0007260000,d,H04N0019600000,n
20130101,20140101,H04N0007260000,d,H04N0019610000,n
20130101,20140101,H04N0007260000,d,H04N0019615000,n
20130101,20140101,H04N0007260000,d,H04N0019620000,n
20130101,20140101,H04N0007260000,d,H04N0019625000,n
20130101,20140101,H04N0007260000,d,H04N0019630000,n
20130101,20140101,H04N0007260000,d,H04N0019635000,n
20130101,20140101,H04N0007260000,d,H04N0019640000,n
20130101,20140101,H04N0007260000,d,H04N0019645000,n
20130101,20140101,H04N0007260000,d,H04N0019650000,n
20130101,20140101,H04N0007260000,d,H04N0019660000,n
20130101,20140101,H04N0007260000,d,H04N0019670000,n
20130101,20140101,H04N0007260000,d,H04N0019680000,n
20130101,20140101,H04N0007260000,d,H04N0019690000,n
20130101,20140101,H04N0007260000,d,H04N0019700000,n
20130101,20140101,H04N0007260000,d,H04N0019800000,n
20130101,20140101,H04N0007260000,d,H04N0019820000,n
20130101,20140101,H04N0007260000,d,H04N0019850000,n
20130101,20140101,H04N0007260000,d,H04N0019860000,n
20130101,20140101,H04N0007260000,d,H04N0019870000,n
20130101,20140101,H04N0007260000,d,H04N0019880000,n
20130101,20140101,H04N0007260000,d,H04N0019890000,n
20130101,20140101,H04N0007260000,d,H04N0019895000,n
20130101,20140101,H04N0007260000,d,H04N0019900000,n
20130101,20140101,H04N0007260000,d,H04N0019910000,n
20130101,20140101,H04N0007260000,d,H04N0019930000,n
20130101,20140101,H04N0007260000,d,H04N0019940000,n
20130101,20140101,H04N0007260000,d,H04N0019960000,n
20130101,20140101,H04N0007260000,d,H04N0019970000,n
20130101,20140101,H04N0007260000,d,H04N0019980000,n
20130101,20140101,H04N0007280000,d,H04N0019940000,n
20130101,20140101,H04N0007300000,d,H04N0019600000,n
20130101,20140101,H04N0007300000,d,H04N0019610000,n
20130101,20140101,H04N0007300000,d,H04N0019615000,n
20130101,20140101,H04N0007300000,d,H04N0019620000,n
20130101,20140101,H04N0007300000,d,H04N0019625000,n
20130101,20140101,H04N0007300000,d,H04N0019630000,n
20130101,20140101,H04N0007300000,d,H04N0019635000,n
20130101,20140101,H04N0007300000,d,H04N0019640000,n
20130101,20140101,H04N0007300000,d,H04N0019645000,n
20130101,20140101,H04N0007320000,d,H04N0019500000,n
20130101,20140101,H04N0007320000,d,H04N0019503000,n
20130101,20140101,H04N0007320000,d,H04N0019507000,n
20130101,20140101,H04N0007320000,d,H04N0019510000,n
20130101,20140101,H04N0007320000,d,H04N0019513000,n
20130101,20140101,H04N0007320000,d,H04N0019517000,n
20130101,20140101,H04N0007320000,d,H04N0019520000,n
20130101,20140101,H04N0007320000,d,H04N0019523000,n
20130101,20140101,H04N0007320000,d,H04N0019527000,n
20130101,20140101,H04N0007320000,d,H04N0019530000,n
20130101,20140101,H04N0007320000,d,H04N0019533000,n
20130101,20140101,H04N0007320000,d,H04N0019537000,n
20130101,20140101,H04N0007320000,d,H04N0019540000,n
20130101,20140101,H04N0007320000,d,H04N0019543000,n
20130101,20140101,H04N0007320000,d,H04N0019547000,n
20130101,20140101,H04N0007320000,d,H04N0019550000,n
20130101,20140101,H04N0007320000,d,H04N0019553000,n
20130101,20140101,H04N0007320000,d,H04N0019557000,n
20130101,20140101,H04N0007320000,d,H04N0019560000,n
20130101,20140101,H04N0007320000,d,H04N0019563000,n
20130101,20140101,H04N0007320000,d,H04N0019567000,n
20130101,20140101,H04N0007320000,d,H04N0019570000,n
20130101,20140101,H04N0007320000,d,H04N0019573000,n
20130101,20140101,H04N0007320000,d,H04N0019577000,n
20130101,20140101,H04N0007320000,d,H04N0019580000,n
20130101,20140101,H04N0007320000,d,H04N0019583000,n
20130101,20140101,H04N0007320000,d,H04N0019587000,n
20130101,20140101,H04N0007320000,d,H04N0019590000,n
20130101,20140101,H04N0007320000,d,H04N0019593000,n
20130101,20140101,H04N0007320000,d,H04N0019597000,n
20130101,20140101,H04N0007340000,d,H04N0019593000,n
20130101,20140101,H04N0007360000,d,H04N0019503000,n
20130101,20140101,H04N0007360000,d,H04N0019507000,n
20130101,20140101,H04N0007360000,d,H04N0019510000,n
20130101,20140101,H04N0007360000,d,H04N0019513000,n
20130101,20140101,H04N0007360000,d,H04N0019517000,n
20130101,20140101,H04N0007360000,d,H04N0019520000,n
20130101,20140101,H04N0007360000,d,H04N0019523000,n
20130101,20140101,H04N0007360000,d,H04N0019527000,n
20130101,20140101,H04N0007360000,d,H04N0019530000,n
20130101,20140101,H04N0007360000,d,H04N0019533000,n
20130101,20140101,H04N0007360000,d,H04N0019537000,n
20130101,20140101,H04N0007360000,d,H04N0019540000,n
20130101,20140101,H04N0007360000,d,H04N0019543000,n
20130101,20140101,H04N0007360000,d,H04N0019547000,n
20130101,20140101,H04N0007360000,d,H04N0019550000,n
20130101,20140101,H04N0007360000,d,H04N0019553000,n
20130101,20140101,H04N0007360000,d,H04N0019557000,n
20130101,20140101,H04N0007360000,d,H04N0019560000,n
20130101,20140101,H04N0007360000,d,H04N0019563000,n
20130101,20140101,H04N0007360000,d,H04N0019567000,n
20130101,20140101,H04N0007360000,d,H04N0019570000,n
20130101,20140101,H04N0007360000,d,H04N0019573000,n
20130101,20140101,H04N0007360000,d,H04N0019577000,n
20130101,20140101,H04N0007360000,d,H04N0019580000,n
20130101,20140101,H04N0007360000,d,H04N0019583000,n
20130101,20140101,H04N0007380000,d,H04N0019000000,n
20130101,20140101,H04N0007380000,d,H04N0019100000,n
20130101,20140101,H04N0007380000,d,H04N0019102000,n
20130101,20140101,H04N0007380000,d,H04N0019103000,n
20130101,20140101,H04N0007380000,d,H04N0019105000,n
20130101,20140101,H04N0007380000,d,H04N0019107000,n
20130101,20140101,H04N0007380000,d,H04N0019109000,n
20130101,20140101,H04N0007380000,d,H04N0019110000,n
20130101,20140101,H04N0007380000,d,H04N0019112000,n
20130101,20140101,H04N0007380000,d,H04N0019114000,n
20130101,20140101,H04N0007380000,d,H04N0019115000,n
20130101,20140101,H04N0007380000,d,H04N0019117000,n
20130101,20140101,H04N0007380000,d,H04N0019119000,n
20130101,20140101,H04N0007380000,d,H04N0019120000,n
20130101,20140101,H04N0007380000,d,H04N0019122000,n
20130101,20140101,H04N0007380000,d,H04N0019124000,n
20130101,20140101,H04N0007380000,d,H04N0019126000,n
20130101,20140101,H04N0007380000,d,H04N0019127000,n
20130101,20140101,H04N0007380000,d,H04N0019129000,n
20130101,20140101,H04N0007380000,d,H04N0019130000,n
20130101,20140101,H04N0007380000,d,H04N0019132000,n
20130101,20140101,H04N0007380000,d,H04N0019134000,n
20130101,20140101,H04N0007380000,d,H04N0019136000,n
20130101,20140101,H04N0007380000,d,H04N0019137000,n
20130101,20140101,H04N0007380000,d,H04N0019139000,n
20130101,20140101,H04N0007380000,d,H04N0019140000,n
20130101,20140101,H04N0007380000,d,H04N0019142000,n
20130101,20140101,H04N0007380000,d,H04N0019146000,n
20130101,20140101,H04N0007380000,d,H04N0019147000,n
20130101,20140101,H04N0007380000,d,H04N0019149000,n
20130101,20140101,H04N0007380000,d,H04N0019150000,n
20130101,20140101,H04N0007380000,d,H04N0019152000,n
20130101,20140101,H04N0007380000,d,H04N0019154000,n
20130101,20140101,H04N0007380000,d,H04N0019156000,n
20130101,20140101,H04N0007380000,d,H04N0019157000,n
20130101,20140101,H04N0007380000,d,H04N0019159000,n
20130101,20140101,H04N0007380000,d,H04N0019160000,n
20130101,20140101,H04N0007380000,d,H04N0019162000,n
20130101,20140101,H04N0007380000,d,H04N0019164000,n
20130101,20140101,H04N0007380000,d,H04N0019166000,n
20130101,20140101,H04N0007380000,d,H04N0019167000,n
20130101,20140101,H04N0007380000,d,H04N0019169000,n
20130101,20140101,H04N0007380000,d,H04N0019170000,n
20130101,20140101,H04N0007380000,d,H04N0019172000,n
20130101,20140101,H04N0007380000,d,H04N0019174000,n
20130101,20140101,H04N0007380000,d,H04N0019176000,n
20130101,20140101,H04N0007380000,d,H04N0019177000,n
20130101,20140101,H04N0007380000,d,H04N0019179000,n
20130101,20140101,H04N0007380000,d,H04N0019180000,n
20130101,20140101,H04N0007380000,d,H04N0019182000,n
20130101,20140101,H04N0007380000,d,H04N0019184000,n
20130101,20140101,H04N0007380000,d,H04N0019186000,n
20130101,20140101,H04N0007380000,d,H04N0019187000,n
20130101,20140101,H04N0007380000,d,H04N0019189000,n
20130101,20140101,H04N0007380000,d,H04N0019190000,n
20130101,20140101,H04N0007380000,d,H04N0019192000,n
20130101,20140101,H04N0007380000,d,H04N0019194000,n
20130101,20140101,H04N0007380000,d,H04N0019196000,n
20130101,20140101,H04N0007380000,d,H04N0019200000,n
20130101,20140101,H04N0007380000,d,H04N0019210000,n
20130101,20140101,H04N0007380000,d,H04N0019230000,n
20130101,20140101,H04N0007380000,d,H04N0019250000,n
20130101,20140101,H04N0007380000,d,H04N0019270000,n
20130101,20140101,H04N0007380000,d,H04N0019290000,n
20130101,20140101,H04N0007380000,d,H04N0019300000,n
20130101,20140101,H04N0007380000,d,H04N0019310000,n
20130101,20140101,H04N0007380000,d,H04N0019330000,n
20130101,20140101,H04N0007380000,d,H04N0019340000,n
20130101,20140101,H04N0007380000,d,H04N0019360000,n
20130101,20140101,H04N0007380000,d,H04N0019370000,n
20130101,20140101,H04N0007380000,d,H04N0019390000,n
20130101,20140101,H04N0007380000,d,H04N0019400000,n
20130101,20140101,H04N0007380000,d,H04N0019420000,n
20130101,20140101,H04N0007380000,d,H04N0019423000,n
20130101,20140101,H04N0007380000,d,H04N0019426000,n
20130101,20140101,H04N0007380000,d,H04N0019430000,n
20130101,20140101,H04N0007380000,d,H04N0019433000,n
20130101,20140101,H04N0007380000,d,H04N0019436000,n
20130101,20140101,H04N0007380000,d,H04N0019440000,n
20130101,20140101,H04N0007380000,d,H04N0019460000,n
20130101,20140101,H04N0007380000,d,H04N0019463000,n
20130101,20140101,H04N0007380000,d,H04N0019467000,n
20130101,20140101,H04N0007380000,d,H04N0019480000,n
20130101,20140101,H04N0007380000,d,H04N0019500000,n
20130101,20140101,H04N0007380000,d,H04N0019503000,n
20130101,20140101,H04N0007380000,d,H04N0019507000,n
20130101,20140101,H04N0007380000,d,H04N0019510000,n
20130101,20140101,H04N0007380000,d,H04N0019513000,n
20130101,20140101,H04N0007380000,d,H04N0019517000,n
20130101,20140101,H04N0007380000,d,H04N0019520000,n
20130101,20140101,H04N0007380000,d,H04N0019523000,n
20130101,20140101,H04N0007380000,d,H04N0019527000,n
20130101,20140101,H04N0007380000,d,H04N0019530000,n
20130101,20140101,H04N0007380000,d,H04N0019533000,n
20130101,20140101,H04N0007380000,d,H04N0019537000,n
20130101,20140101,H04N0007380000,d,H04N0019540000,n
20130101,20140101,H04N0007380000,d,H04N0019543000,n
20130101,20140101,H04N0007380000,d,H04N0019547000,n
20130101,20140101,H04N0007380000,d,H04N0019550000,n
20130101,20140101,H04N0007380000,d,H04N0019553000,n
20130101,20140101,H04N0007380000,d,H04N0019557000,n
20130101,20140101,H04N0007380000,d,H04N0019560000,n
20130101,20140101,H04N0007380000,d,H04N0019563000,n
20130101,20140101,H04N0007380000,d,H04N0019567000,n
20130101,20140101,H04N0007380000,d,H04N0019570000,n
20130101,20140101,H04N0007380000,d,H04N0019573000,n
20130101,20140101,H04N0007380000,d,H04N0019577000,n
20130101,20140101,H04N0007380000,d,H04N0019580000,n
20130101,20140101,H04N0007380000,d,H04N0019583000,n
20130101,20140101,H04N0007380000,d,H04N0019587000,n
20130101,20140101,H04N0007380000,d,H04N0019590000,n
20130101,20140101,H04N0007380000,d,H04N0019593000,n
20130101,20140101,H04N0007380000,d,H04N0019597000,n
20130101,20140101,H04N0007380000,d,H04N0019600000,n
20130101,20140101,H04N0007380000,d,H04N0019610000,n
20130101,20140101,H04N0007380000,d,H04N0019615000,n
20130101,20140101,H04N0007380000,d,H04N0019620000,n
20130101,20140101,H04N0007380000,d,H04N0019625000,n
20130101,20140101,H04N0007380000,d,H04N0019630000,n
20130101,20140101,H04N0007380000,d,H04N0019635000,n
20130101,20140101,H04N0007380000,d,H04N0019640000,n
20130101,20140101,H04N0007380000,d,H04N0019645000,n
20130101,20140101,H04N0007380000,d,H04N0019650000,n
20130101,20140101,H04N0007380000,d,H04N0019660000,n
20130101,20140101,H04N0007380000,d,H04N0019670000,n
20130101,20140101,H04N0007380000,d,H04N0019680000,n
20130101,20140101,H04N0007380000,d,H04N0019690000,n
20130101,20140101,H04N0007380000,d,H04N0019700000,n
20130101,20140101,H04N0007380000,d,H04N0019800000,n
20130101,20140101,H04N0007380000,d,H04N0019820000,n
20130101,20140101,H04N0007380000,d,H04N0019850000,n
20130101,20140101,H04N0007380000,d,H04N0019860000,n
20130101,20140101,H04N0007380000,d,H04N0019870000,n
20130101,20140101,H04N0007380000,d,H04N0019880000,n
20130101,20140101,H04N0007380000,d,H04N0019890000,n
20130101,20140101,H04N0007380000,d,H04N0019895000,n
20130101,20140101,H04N0007380000,d,H04N0019900000,n
20130101,20140101,H04N0007380000,d,H04N0019910000,n
20130101,20140101,H04N0007380000,d,H04N0019930000,n
20130101,20140101,H04N0007380000,d,H04N0019940000,n
20130101,20140101,H04N0007380000,d,H04N0019960000,n
20130101,20140101,H04N0007380000,d,H04N0019970000,n
20130101,20140101,H04N0007380000,d,H04N0019980000,n
20130101,20140101,H04N0007400000,d,H04N0019000000,n
20130101,20140101,H04N0007400000,d,H04N0019100000,n
20130101,20140101,H04N0007400000,d,H04N0019102000,n
20130101,20140101,H04N0007400000,d,H04N0019103000,n
20130101,20140101,H04N0007400000,d,H04N0019105000,n
20130101,20140101,H04N0007400000,d,H04N0019107000,n
20130101,20140101,H04N0007400000,d,H04N0019109000,n
20130101,20140101,H04N0007400000,d,H04N0019110000,n
20130101,20140101,H04N0007400000,d,H04N0019112000,n
20130101,20140101,H04N0007400000,d,H04N0019114000,n
20130101,20140101,H04N0007400000,d,H04N0019115000,n
20130101,20140101,H04N0007400000,d,H04N0019117000,n
20130101,20140101,H04N0007400000,d,H04N0019119000,n
20130101,20140101,H04N0007400000,d,H04N0019120000,n
20130101,20140101,H04N0007400000,d,H04N0019122000,n
20130101,20140101,H04N0007400000,d,H04N0019124000,n
20130101,20140101,H04N0007400000,d,H04N0019126000,n
20130101,20140101,H04N0007400000,d,H04N0019127000,n
20130101,20140101,H04N0007400000,d,H04N0019129000,n
20130101,20140101,H04N0007400000,d,H04N0019130000,n
20130101,20140101,H04N0007400000,d,H04N0019132000,n
20130101,20140101,H04N0007400000,d,H04N0019134000,n
20130101,20140101,H04N0007400000,d,H04N0019136000,n
20130101,20140101,H04N0007400000,d,H04N0019137000,n
20130101,20140101,H04N0007400000,d,H04N0019139000,n
20130101,20140101,H04N0007400000,d,H04N0019140000,n
20130101,20140101,H04N0007400000,d,H04N0019142000,n
20130101,20140101,H04N0007400000,d,H04N0019146000,n
20130101,20140101,H04N0007400000,d,H04N0019147000,n
20130101,20140101,H04N0007400000,d,H04N0019149000,n
20130101,20140101,H04N0007400000,d,H04N0019150000,n
20130101,20140101,H04N0007400000,d,H04N0019152000,n
20130101,20140101,H04N0007400000,d,H04N0019154000,n
20130101,20140101,H04N0007400000,d,H04N0019156000,n
20130101,20140101,H04N0007400000,d,H04N0019157000,n
20130101,20140101,H04N0007400000,d,H04N0019159000,n
20130101,20140101,H04N0007400000,d,H04N0019160000,n
20130101,20140101,H04N0007400000,d,H04N0019162000,n
20130101,20140101,H04N0007400000,d,H04N0019164000,n
20130101,20140101,H04N0007400000,d,H04N0019166000,n
20130101,20140101,H04N0007400000,d,H04N0019167000,n
20130101,20140101,H04N0007400000,d,H04N0019169000,n
20130101,20140101,H04N0007400000,d,H04N0019170000,n
20130101,20140101,H04N0007400000,d,H04N0019172000,n
20130101,20140101,H04N0007400000,d,H04N0019174000,n
20130101,20140101,H04N0007400000,d,H04N0019176000,n
20130101,20140101,H04N0007400000,d,H04N0019177000,n
20130101,20140101,H04N0007400000,d,H04N0019179000,n
20130101,20140101,H04N0007400000,d,H04N0019180000,n
20130101,20140101,H04N0007400000,d,H04N0019182000,n
20130101,20140101,H04N0007400000,d,H04N0019184000,n
20130101,20140101,H04N0007400000,d,H04N0019186000,n
20130101,20140101,H04N0007400000,d,H04N0019187000,n
20130101,20140101,H04N0007400000,d,H04N0019189000,n
20130101,20140101,H04N0007400000,d,H04N0019190000,n
20130101,20140101,H04N0007400000,d,H04N0019192000,n
20130101,20140101,H04N0007400000,d,H04N0019194000,n
20130101,20140101,H04N0007400000,d,H04N0019196000,n
20130101,20140101,H04N0007400000,d,H04N0019200000,n
20130101,20140101,H04N0007400000,d,H04N0019210000,n
20130101,20140101,H04N0007400000,d,H04N0019230000,n
20130101,20140101,H04N0007400000,d,H04N0019250000,n
20130101,20140101,H04N0007400000,d,H04N0019270000,n
20130101,20140101,H04N0007400000,d,H04N0019290000,n
20130101,20140101,H04N0007400000,d,H04N0019300000,n
20130101,20140101,H04N0007400000,d,H04N0019310000,n
20130101,20140101,H04N0007400000,d,H04N0019330000,n
20130101,20140101,H04N0007400000,d,H04N0019340000,n
20130101,20140101,H04N0007400000,d,H04N0019360000,n
20130101,20140101,H04N0007400000,d,H04N0019370000,n
20130101,20140101,H04N0007400000,d,H04N0019390000,n
20130101,20140101,H04N0007400000,d,H04N0019400000,n
20130101,20140101,H04N0007400000,d,H04N0019420000,n
20130101,20140101,H04N0007400000,d,H04N0019423000,n
20130101,20140101,H04N0007400000,d,H04N0019426000,n
20130101,20140101,H04N0007400000,d,H04N0019430000,n
20130101,20140101,H04N0007400000,d,H04N0019433000,n
20130101,20140101,H04N0007400000,d,H04N0019436000,n
20130101,20140101,H04N0007400000,d,H04N0019440000,n
20130101,20140101,H04N0007400000,d,H04N0019460000,n
20130101,20140101,H04N0007400000,d,H04N0019463000,n
20130101,20140101,H04N0007400000,d,H04N0019467000,n
20130101,20140101,H04N0007400000,d,H04N0019480000,n
20130101,20140101,H04N0007400000,d,H04N0019500000,n
20130101,20140101,H04N0007400000,d,H04N0019503000,n
20130101,20140101,H04N0007400000,d,H04N0019507000,n
20130101,20140101,H04N0007400000,d,H04N0019510000,n
20130101,20140101,H04N0007400000,d,H04N0019513000,n
20130101,20140101,H04N0007400000,d,H04N0019517000,n
20130101,20140101,H04N0007400000,d,H04N0019520000,n
20130101,20140101,H04N0007400000,d,H04N0019523000,n
20130101,20140101,H04N0007400000,d,H04N0019527000,n
20130101,20140101,H04N0007400000,d,H04N0019530000,n
20130101,20140101,H04N0007400000,d,H04N0019533000,n
20130101,20140101,H04N0007400000,d,H04N0019537000,n
20130101,20140101,H04N0007400000,d,H04N0019540000,n
20130101,20140101,H04N0007400000,d,H04N0019543000,n
20130101,20140101,H04N0007400000,d,H04N0019547000,n
20130101,20140101,H04N0007400000,d,H04N0019550000,n
20130101,20140101,H04N0007400000,d,H04N0019553000,n
20130101,20140101,H04N0007400000,d,H04N0019557000,n
20130101,20140101,H04N0007400000,d,H04N0019560000,n
20130101,20140101,H04N0007400000,d,H04N0019563000,n
20130101,20140101,H04N0007400000,d,H04N0019567000,n
20130101,20140101,H04N0007400000,d,H04N0019570000,n
20130101,20140101,H04N0007400000,d,H04N0019573000,n
20130101,20140101,H04N0007400000,d,H04N0019577000,n
20130101,20140101,H04N0007400000,d,H04N0019580000,n
20130101,20140101,H04N0007400000,d,H04N0019583000,n
20130101,20140101,H04N0007400000,d,H04N0019587000,n
20130101,20140101,H04N0007400000,d,H04N0019590000,n
20130101,20140101,H04N0007400000,d,H04N0019593000,n
20130101,20140101,H04N0007400000,d,H04N0019597000,n
20130101,20140101,H04N0007400000,d,H04N0019600000,n
20130101,20140101,H04N0007400000,d,H04N0019610000,n
20130101,20140101,H04N0007400000,d,H04N0019615000,n
20130101,20140101,H04N0007400000,d,H04N0019620000,n
20130101,20140101,H04N0007400000,d,H04N0019625000,n
20130101,20140101,H04N0007400000,d,H04N0019630000,n
20130101,20140101,H04N0007400000,d,H04N0019635000,n
20130101,20140101,H04N0007400000,d,H04N0019640000,n
20130101,20140101,H04N0007400000,d,H04N0019645000,n
20130101,20140101,H04N0007400000,d,H04N0019650000,n
20130101,20140101,H04N0007400000,d,H04N0019660000,n
20130101,20140101,H04N0007400000,d,H04N0019670000,n
20130101,20140101,H04N0007400000,d,H04N0019680000,n
20130101,20140101,H04N0007400000,d,H04N0019690000,n
20130101,20140101,H04N0007400000,d,H04N0019700000,n
20130101,20140101,H04N0007400000,d,H04N0019800000,n
20130101,20140101,H04N0007400000,d,H04N0019820000,n
20130101,20140101,H04N0007400000,d,H04N0019850000,n
20130101,20140101,H04N0007400000,d,H04N0019860000,n
20130101,20140101,H04N0007400000,d,H04N0019870000,n
20130101,20140101,H04N0007400000,d,H04N0019880000,n
20130101,20140101,H04N0007400000,d,H04N0019890000,n
20130101,20140101,H04N0007400000,d,H04N0019895000,n
20130101,20140101,H04N0007400000,d,H04N0019900000,n
20130101,20140101,H04N0007400000,d,H04N0019910000,n
20130101,20140101,H04N0007400000,d,H04N0019930000,n
20130101,20140101,H04N0007400000,d,H04N0019940000,n
20130101,20140101,H04N0007400000,d,H04N0019960000,n
20130101,20140101,H04N0007400000,d,H04N0019970000,n
20130101,20140101,H04N0007400000,d,H04N0019980000,n
20130101,20140101,H04N0007420000,d,H04N0019000000,n
20130101,20140101,H04N0007420000,d,H04N0019100000,n
20130101,20140101,H04N0007420000,d,H04N0019102000,n
20130101,20140101,H04N0007420000,d,H04N0019103000,n
20130101,20140101,H04N0007420000,d,H04N0019105000,n
20130101,20140101,H04N0007420000,d,H04N0019107000,n
20130101,20140101,H04N0007420000,d,H04N0019109000,n
20130101,20140101,H04N0007420000,d,H04N0019110000,n
20130101,20140101,H04N0007420000,d,H04N0019112000,n
20130101,20140101,H04N0007420000,d,H04N0019114000,n
20130101,20140101,H04N0007420000,d,H04N0019115000,n
20130101,20140101,H04N0007420000,d,H04N0019117000,n
20130101,20140101,H04N0007420000,d,H04N0019119000,n
20130101,20140101,H04N0007420000,d,H04N0019120000,n
20130101,20140101,H04N0007420000,d,H04N0019122000,n
20130101,20140101,H04N0007420000,d,H04N0019124000,n
20130101,20140101,H04N0007420000,d,H04N0019126000,n
20130101,20140101,H04N0007420000,d,H04N0019127000,n
20130101,20140101,H04N0007420000,d,H04N0019129000,n
20130101,20140101,H04N0007420000,d,H04N0019130000,n
20130101,20140101,H04N0007420000,d,H04N0019132000,n
20130101,20140101,H04N0007420000,d,H04N0019134000,n
20130101,20140101,H04N0007420000,d,H04N0019136000,n
20130101,20140101,H04N0007420000,d,H04N0019137000,n
20130101,20140101,H04N0007420000,d,H04N0019139000,n
20130101,20140101,H04N0007420000,d,H04N0019140000,n
20130101,20140101,H04N0007420000,d,H04N0019142000,n
20130101,20140101,H04N0007420000,d,H04N0019146000,n
20130101,20140101,H04N0007420000,d,H04N0019147000,n
20130101,20140101,H04N0007420000,d,H04N0019149000,n
20130101,20140101,H04N0007420000,d,H04N0019150000,n
20130101,20140101,H04N0007420000,d,H04N0019152000,n
20130101,20140101,H04N0007420000,d,H04N0019154000,n
20130101,20140101,H04N0007420000,d,H04N0019156000,n
20130101,20140101,H04N0007420000,d,H04N0019157000,n
20130101,20140101,H04N0007420000,d,H04N0019159000,n
20130101,20140101,H04N0007420000,d,H04N0019160000,n
20130101,20140101,H04N0007420000,d,H04N0019162000,n
20130101,20140101,H04N0007420000,d,H04N0019164000,n
20130101,20140101,H04N0007420000,d,H04N0019166000,n
20130101,20140101,H04N0007420000,d,H04N0019167000,n
20130101,20140101,H04N0007420000,d,H04N0019169000,n
20130101,20140101,H04N0007420000,d,H04N0019170000,n
20130101,20140101,H04N0007420000,d,H04N0019172000,n
20130101,20140101,H04N0007420000,d,H04N0019174000,n
20130101,20140101,H04N0007420000,d,H04N0019176000,n
20130101,20140101,H04N0007420000,d,H04N0019177000,n
20130101,20140101,H04N0007420000,d,H04N0019179000,n
20130101,20140101,H04N0007420000,d,H04N0019180000,n
20130101,20140101,H04N0007420000,d,H04N0019182000,n
20130101,20140101,H04N0007420000,d,H04N0019184000,n
20130101,20140101,H04N0007420000,d,H04N0019186000,n
20130101,20140101,H04N0007420000,d,H04N0019187000,n
20130101,20140101,H04N0007420000,d,H04N0019189000,n
20130101,20140101,H04N0007420000,d,H04N0019190000,n
20130101,20140101,H04N0007420000,d,H04N0019192000,n
20130101,20140101,H04N0007420000,d,H04N0019194000,n
20130101,20140101,H04N0007420000,d,H04N0019196000,n
20130101,20140101,H04N0007420000,d,H04N0019200000,n
20130101,20140101,H04N0007420000,d,H04N0019210000,n
20130101,20140101,H04N0007420000,d,H04N0019230000,n
20130101,20140101,H04N0007420000,d,H04N0019250000,n
20130101,20140101,H04N0007420000,d,H04N0019270000,n
20130101,20140101,H04N0007420000,d,H04N0019290000,n
20130101,20140101,H04N0007420000,d,H04N0019300000,n
20130101,20140101,H04N0007420000,d,H04N0019310000,n
20130101,20140101,H04N0007420000,d,H04N0019330000,n
20130101,20140101,H04N0007420000,d,H04N0019340000,n
20130101,20140101,H04N0007420000,d,H04N0019360000,n
20130101,20140101,H04N0007420000,d,H04N0019370000,n
20130101,20140101,H04N0007420000,d,H04N0019390000,n
20130101,20140101,H04N0007420000,d,H04N0019400000,n
20130101,20140101,H04N0007420000,d,H04N0019420000,n
20130101,20140101,H04N0007420000,d,H04N0019423000,n
20130101,20140101,H04N0007420000,d,H04N0019426000,n
20130101,20140101,H04N0007420000,d,H04N0019430000,n
20130101,20140101,H04N0007420000,d,H04N0019433000,n
20130101,20140101,H04N0007420000,d,H04N0019436000,n
20130101,20140101,H04N0007420000,d,H04N0019440000,n
20130101,20140101,H04N0007420000,d,H04N0019460000,n
20130101,20140101,H04N0007420000,d,H04N0019463000,n
20130101,20140101,H04N0007420000,d,H04N0019467000,n
20130101,20140101,H04N0007420000,d,H04N0019480000,n
20130101,20140101,H04N0007420000,d,H04N0019500000,n
20130101,20140101,H04N0007420000,d,H04N0019503000,n
20130101,20140101,H04N0007420000,d,H04N0019507000,n
20130101,20140101,H04N0007420000,d,H04N0019510000,n
20130101,20140101,H04N0007420000,d,H04N0019513000,n
20130101,20140101,H04N0007420000,d,H04N0019517000,n
20130101,20140101,H04N0007420000,d,H04N0019520000,n
20130101,20140101,H04N0007420000,d,H04N0019523000,n
20130101,20140101,H04N0007420000,d,H04N0019527000,n
20130101,20140101,H04N0007420000,d,H04N0019530000,n
20130101,20140101,H04N0007420000,d,H04N0019533000,n
20130101,20140101,H04N0007420000,d,H04N0019537000,n
20130101,20140101,H04N0007420000,d,H04N0019540000,n
20130101,20140101,H04N0007420000,d,H04N0019543000,n
20130101,20140101,H04N0007420000,d,H04N0019547000,n
20130101,20140101,H04N0007420000,d,H04N0019550000,n
20130101,20140101,H04N0007420000,d,H04N0019553000,n
20130101,20140101,H04N0007420000,d,H04N0019557000,n
20130101,20140101,H04N0007420000,d,H04N0019560000,n
20130101,20140101,H04N0007420000,d,H04N0019563000,n
20130101,20140101,H04N0007420000,d,H04N0019567000,n
20130101,20140101,H04N0007420000,d,H04N0019570000,n
20130101,20140101,H04N0007420000,d,H04N0019573000,n
20130101,20140101,H04N0007420000,d,H04N0019577000,n
20130101,20140101,H04N0007420000,d,H04N0019580000,n
20130101,20140101,H04N0007420000,d,H04N0019583000,n
20130101,20140101,H04N0007420000,d,H04N0019587000,n
20130101,20140101,H04N0007420000,d,H04N0019590000,n
20130101,20140101,H04N0007420000,d,H04N0019593000,n
20130101,20140101,H04N0007420000,d,H04N0019597000,n
20130101,20140101,H04N0007420000,d,H04N0019600000,n
20130101,20140101,H04N0007420000,d,H04N0019610000,n
20130101,20140101,H04N0007420000,d,H04N0019615000,n
20130101,20140101,H04N0007420000,d,H04N0019620000,n
20130101,20140101,H04N0007420000,d,H04N0019625000,n
20130101,20140101,H04N0007420000,d,H04N0019630000,n
20130101,20140101,H04N0007420000,d,H04N0019635000,n
20130101,20140101,H04N0007420000,d,H04N0019640000,n
20130101,20140101,H04N0007420000,d,H04N0019645000,n
20130101,20140101,H04N0007420000,d,H04N0019650000,n
20130101,20140101,H04N0007420000,d,H04N0019660000,n
20130101,20140101,H04N0007420000,d,H04N0019670000,n
20130101,20140101,H04N0007420000,d,H04N0019680000,n
20130101,20140101,H04N0007420000,d,H04N0019690000,n
20130101,20140101,H04N0007420000,d,H04N0019700000,n
20130101,20140101,H04N0007420000,d,H04N0019800000,n
20130101,20140101,H04N0007420000,d,H04N0019820000,n
20130101,20140101,H04N0007420000,d,H04N0019850000,n
20130101,20140101,H04N0007420000,d,H04N0019860000,n
20130101,20140101,H04N0007420000,d,H04N0019870000,n
20130101,20140101,H04N0007420000,d,H04N0019880000,n
20130101,20140101,H04N0007420000,d,H04N0019890000,n
20130101,20140101,H04N0007420000,d,H04N0019895000,n
20130101,20140101,H04N0007420000,d,H04N0019900000,n
20130101,20140101,H04N0007420000,d,H04N0019910000,n
20130101,20140101,H04N0007420000,d,H04N0019930000,n
20130101,20140101,H04N0007420000,d,H04N0019940000,n
20130101,20140101,H04N0007420000,d,H04N0019960000,n
20130101,20140101,H04N0007420000,d,H04N0019970000,n
20130101,20140101,H04N0007420000,d,H04N0019980000,n
20130101,20140101,H04N0007440000,d,H04N0019000000,n
20130101,20140101,H04N0007440000,d,H04N0019100000,n
20130101,20140101,H04N0007440000,d,H04N0019102000,n
20130101,20140101,H04N0007440000,d,H04N0019103000,n
20130101,20140101,H04N0007440000,d,H04N0019105000,n
20130101,20140101,H04N0007440000,d,H04N0019107000,n
20130101,20140101,H04N0007440000,d,H04N0019109000,n
20130101,20140101,H04N0007440000,d,H04N0019110000,n
20130101,20140101,H04N0007440000,d,H04N0019112000,n
20130101,20140101,H04N0007440000,d,H04N0019114000,n
20130101,20140101,H04N0007440000,d,H04N0019115000,n
20130101,20140101,H04N0007440000,d,H04N0019117000,n
20130101,20140101,H04N0007440000,d,H04N0019119000,n
20130101,20140101,H04N0007440000,d,H04N0019120000,n
20130101,20140101,H04N0007440000,d,H04N0019122000,n
20130101,20140101,H04N0007440000,d,H04N0019124000,n
20130101,20140101,H04N0007440000,d,H04N0019126000,n
20130101,20140101,H04N0007440000,d,H04N0019127000,n
20130101,20140101,H04N0007440000,d,H04N0019129000,n
20130101,20140101,H04N0007440000,d,H04N0019130000,n
20130101,20140101,H04N0007440000,d,H04N0019132000,n
20130101,20140101,H04N0007440000,d,H04N0019134000,n
20130101,20140101,H04N0007440000,d,H04N0019136000,n
20130101,20140101,H04N0007440000,d,H04N0019137000,n
20130101,20140101,H04N0007440000,d,H04N0019139000,n
20130101,20140101,H04N0007440000,d,H04N0019140000,n
20130101,20140101,H04N0007440000,d,H04N0019142000,n
20130101,20140101,H04N0007440000,d,H04N0019146000,n
20130101,20140101,H04N0007440000,d,H04N0019147000,n
20130101,20140101,H04N0007440000,d,H04N0019149000,n
20130101,20140101,H04N0007440000,d,H04N0019150000,n
20130101,20140101,H04N0007440000,d,H04N0019152000,n
20130101,20140101,H04N0007440000,d,H04N0019154000,n
20130101,20140101,H04N0007440000,d,H04N0019156000,n
20130101,20140101,H04N0007440000,d,H04N0019157000,n
20130101,20140101,H04N0007440000,d,H04N0019159000,n
20130101,20140101,H04N0007440000,d,H04N0019160000,n
20130101,20140101,H04N0007440000,d,H04N0019162000,n
20130101,20140101,H04N0007440000,d,H04N0019164000,n
20130101,20140101,H04N0007440000,d,H04N0019166000,n
20130101,20140101,H04N0007440000,d,H04N0019167000,n
20130101,20140101,H04N0007440000,d,H04N0019169000,n
20130101,20140101,H04N0007440000,d,H04N0019170000,n
20130101,20140101,H04N0007440000,d,H04N0019172000,n
20130101,20140101,H04N0007440000,d,H04N0019174000,n
20130101,20140101,H04N0007440000,d,H04N0019176000,n
20130101,20140101,H04N0007440000,d,H04N0019177000,n
20130101,20140101,H04N0007440000,d,H04N0019179000,n
20130101,20140101,H04N0007440000,d,H04N0019180000,n
20130101,20140101,H04N0007440000,d,H04N0019182000,n
20130101,20140101,H04N0007440000,d,H04N0019184000,n
20130101,20140101,H04N0007440000,d,H04N0019186000,n
20130101,20140101,H04N0007440000,d,H04N0019187000,n
20130101,20140101,H04N0007440000,d,H04N0019189000,n
20130101,20140101,H04N0007440000,d,H04N0019190000,n
20130101,20140101,H04N0007440000,d,H04N0019192000,n
20130101,20140101,H04N0007440000,d,H04N0019194000,n
20130101,20140101,H04N0007440000,d,H04N0019196000,n
20130101,20140101,H04N0007440000,d,H04N0019200000,n
20130101,20140101,H04N0007440000,d,H04N0019210000,n
20130101,20140101,H04N0007440000,d,H04N0019230000,n
20130101,20140101,H04N0007440000,d,H04N0019250000,n
20130101,20140101,H04N0007440000,d,H04N0019270000,n
20130101,20140101,H04N0007440000,d,H04N0019290000,n
20130101,20140101,H04N0007440000,d,H04N0019300000,n
20130101,20140101,H04N0007440000,d,H04N0019310000,n
20130101,20140101,H04N0007440000,d,H04N0019330000,n
20130101,20140101,H04N0007440000,d,H04N0019340000,n
20130101,20140101,H04N0007440000,d,H04N0019360000,n
20130101,20140101,H04N0007440000,d,H04N0019370000,n
20130101,20140101,H04N0007440000,d,H04N0019390000,n
20130101,20140101,H04N0007440000,d,H04N0019400000,n
20130101,20140101,H04N0007440000,d,H04N0019420000,n
20130101,20140101,H04N0007440000,d,H04N0019423000,n
20130101,20140101,H04N0007440000,d,H04N0019426000,n
20130101,20140101,H04N0007440000,d,H04N0019430000,n
20130101,20140101,H04N0007440000,d,H04N0019433000,n
20130101,20140101,H04N0007440000,d,H04N0019436000,n
20130101,20140101,H04N0007440000,d,H04N0019440000,n
20130101,20140101,H04N0007440000,d,H04N0019460000,n
20130101,20140101,H04N0007440000,d,H04N0019463000,n
20130101,20140101,H04N0007440000,d,H04N0019467000,n
20130101,20140101,H04N0007440000,d,H04N0019480000,n
20130101,20140101,H04N0007440000,d,H04N0019500000,n
20130101,20140101,H04N0007440000,d,H04N0019503000,n
20130101,20140101,H04N0007440000,d,H04N0019507000,n
20130101,20140101,H04N0007440000,d,H04N0019510000,n
20130101,20140101,H04N0007440000,d,H04N0019513000,n
20130101,20140101,H04N0007440000,d,H04N0019517000,n
20130101,20140101,H04N0007440000,d,H04N0019520000,n
20130101,20140101,H04N0007440000,d,H04N0019523000,n
20130101,20140101,H04N0007440000,d,H04N0019527000,n
20130101,20140101,H04N0007440000,d,H04N0019530000,n
20130101,20140101,H04N0007440000,d,H04N0019533000,n
20130101,20140101,H04N0007440000,d,H04N0019537000,n
20130101,20140101,H04N0007440000,d,H04N0019540000,n
20130101,20140101,H04N0007440000,d,H04N0019543000,n
20130101,20140101,H04N0007440000,d,H04N0019547000,n
20130101,20140101,H04N0007440000,d,H04N0019550000,n
20130101,20140101,H04N0007440000,d,H04N0019553000,n
20130101,20140101,H04N0007440000,d,H04N0019557000,n
20130101,20140101,H04N0007440000,d,H04N0019560000,n
20130101,20140101,H04N0007440000,d,H04N0019563000,n
20130101,20140101,H04N0007440000,d,H04N0019567000,n
20130101,20140101,H04N0007440000,d,H04N0019570000,n
20130101,20140101,H04N0007440000,d,H04N0019573000,n
20130101,20140101,H04N0007440000,d,H04N0019577000,n
20130101,20140101,H04N0007440000,d,H04N0019580000,n
20130101,20140101,H04N0007440000,d,H04N0019583000,n
20130101,20140101,H04N0007440000,d,H04N0019587000,n
20130101,20140101,H04N0007440000,d,H04N0019590000,n
20130101,20140101,H04N0007440000,d,H04N0019593000,n
20130101,20140101,H04N0007440000,d,H04N0019597000,n
20130101,20140101,H04N0007440000,d,H04N0019600000,n
20130101,20140101,H04N0007440000,d,H04N0019610000,n
20130101,20140101,H04N0007440000,d,H04N0019615000,n
20130101,20140101,H04N0007440000,d,H04N0019620000,n
20130101,20140101,H04N0007440000,d,H04N0019625000,n
20130101,20140101,H04N0007440000,d,H04N0019630000,n
20130101,20140101,H04N0007440000,d,H04N0019635000,n
20130101,20140101,H04N0007440000,d,H04N0019640000,n
20130101,20140101,H04N0007440000,d,H04N0019645000,n
20130101,20140101,H04N0007440000,d,H04N0019650000,n
20130101,20140101,H04N0007440000,d,H04N0019660000,n
20130101,20140101,H04N0007440000,d,H04N0019670000,n
20130101,20140101,H04N0007440000,d,H04N0019680000,n
20130101,20140101,H04N0007440000,d,H04N0019690000,n
20130101,20140101,H04N0007440000,d,H04N0019700000,n
20130101,20140101,H04N0007440000,d,H04N0019800000,n
20130101,20140101,H04N0007440000,d,H04N0019820000,n
20130101,20140101,H04N0007440000,d,H04N0019850000,n
20130101,20140101,H04N0007440000,d,H04N0019860000,n
20130101,20140101,H04N0007440000,d,H04N0019870000,n
20130101,20140101,H04N0007440000,d,H04N0019880000,n
20130101,20140101,H04N0007440000,d,H04N0019890000,n
20130101,20140101,H04N0007440000,d,H04N0019895000,n
20130101,20140101,H04N0007440000,d,H04N0019900000,n
20130101,20140101,H04N0007440000,d,H04N0019910000,n
20130101,20140101,H04N0007440000,d,H04N0019930000,n
20130101,20140101,H04N0007440000,d,H04N0019940000,n
20130101,20140101,H04N0007440000,d,H04N0019960000,n
20130101,20140101,H04N0007440000,d,H04N0019970000,n
20130101,20140101,H04N0007440000,d,H04N0019980000,n
20130101,20140101,H04N0007460000,d,H04N0019587000,n
20130101,20140101,H04N0007460000,d,H04N0019590000,n
20130101,20140101,H04N0007480000,d,H04N0019000000,n
20130101,20140101,H04N0007480000,d,H04N0019100000,n
20130101,20140101,H04N0007480000,d,H04N0019102000,n
20130101,20140101,H04N0007480000,d,H04N0019103000,n
20130101,20140101,H04N0007480000,d,H04N0019105000,n
20130101,20140101,H04N0007480000,d,H04N0019107000,n
20130101,20140101,H04N0007480000,d,H04N0019109000,n
20130101,20140101,H04N0007480000,d,H04N0019110000,n
20130101,20140101,H04N0007480000,d,H04N0019112000,n
20130101,20140101,H04N0007480000,d,H04N0019114000,n
20130101,20140101,H04N0007480000,d,H04N0019115000,n
20130101,20140101,H04N0007480000,d,H04N0019117000,n
20130101,20140101,H04N0007480000,d,H04N0019119000,n
20130101,20140101,H04N0007480000,d,H04N0019120000,n
20130101,20140101,H04N0007480000,d,H04N0019122000,n
20130101,20140101,H04N0007480000,d,H04N0019124000,n
20130101,20140101,H04N0007480000,d,H04N0019126000,n
20130101,20140101,H04N0007480000,d,H04N0019127000,n
20130101,20140101,H04N0007480000,d,H04N0019129000,n
20130101,20140101,H04N0007480000,d,H04N0019130000,n
20130101,20140101,H04N0007480000,d,H04N0019132000,n
20130101,20140101,H04N0007480000,d,H04N0019134000,n
20130101,20140101,H04N0007480000,d,H04N0019136000,n
20130101,20140101,H04N0007480000,d,H04N0019137000,n
20130101,20140101,H04N0007480000,d,H04N0019139000,n
20130101,20140101,H04N0007480000,d,H04N0019140000,n
20130101,20140101,H04N0007480000,d,H04N0019142000,n
20130101,20140101,H04N0007480000,d,H04N0019146000,n
20130101,20140101,H04N0007480000,d,H04N0019147000,n
20130101,20140101,H04N0007480000,d,H04N0019149000,n
20130101,20140101,H04N0007480000,d,H04N0019150000,n
20130101,20140101,H04N0007480000,d,H04N0019152000,n
20130101,20140101,H04N0007480000,d,H04N0019154000,n
20130101,20140101,H04N0007480000,d,H04N0019156000,n
20130101,20140101,H04N0007480000,d,H04N0019157000,n
20130101,20140101,H04N0007480000,d,H04N0019159000,n
20130101,20140101,H04N0007480000,d,H04N0019160000,n
20130101,20140101,H04N0007480000,d,H04N0019162000,n
20130101,20140101,H04N0007480000,d,H04N0019164000,n
20130101,20140101,H04N0007480000,d,H04N0019166000,n
20130101,20140101,H04N0007480000,d,H04N0019167000,n
20130101,20140101,H04N0007480000,d,H04N0019169000,n
20130101,20140101,H04N0007480000,d,H04N0019170000,n
20130101,20140101,H04N0007480000,d,H04N0019172000,n
20130101,20140101,H04N0007480000,d,H04N0019174000,n
20130101,20140101,H04N0007480000,d,H04N0019176000,n
20130101,20140101,H04N0007480000,d,H04N0019177000,n
20130101,20140101,H04N0007480000,d,H04N0019179000,n
20130101,20140101,H04N0007480000,d,H04N0019180000,n
20130101,20140101,H04N0007480000,d,H04N0019182000,n
20130101,20140101,H04N0007480000,d,H04N0019184000,n
20130101,20140101,H04N0007480000,d,H04N0019186000,n
20130101,20140101,H04N0007480000,d,H04N0019187000,n
20130101,20140101,H04N0007480000,d,H04N0019189000,n
20130101,20140101,H04N0007480000,d,H04N0019190000,n
20130101,20140101,H04N0007480000,d,H04N0019192000,n
20130101,20140101,H04N0007480000,d,H04N0019194000,n
20130101,20140101,H04N0007480000,d,H04N0019196000,n
20130101,20140101,H04N0007480000,d,H04N0019200000,n
20130101,20140101,H04N0007480000,d,H04N0019210000,n
20130101,20140101,H04N0007480000,d,H04N0019230000,n
20130101,20140101,H04N0007480000,d,H04N0019250000,n
20130101,20140101,H04N0007480000,d,H04N0019270000,n
20130101,20140101,H04N0007480000,d,H04N0019290000,n
20130101,20140101,H04N0007480000,d,H04N0019300000,n
20130101,20140101,H04N0007480000,d,H04N0019310000,n
20130101,20140101,H04N0007480000,d,H04N0019330000,n
20130101,20140101,H04N0007480000,d,H04N0019340000,n
20130101,20140101,H04N0007480000,d,H04N0019360000,n
20130101,20140101,H04N0007480000,d,H04N0019370000,n
20130101,20140101,H04N0007480000,d,H04N0019390000,n
20130101,20140101,H04N0007480000,d,H04N0019400000,n
20130101,20140101,H04N0007480000,d,H04N0019420000,n
20130101,20140101,H04N0007480000,d,H04N0019423000,n
20130101,20140101,H04N0007480000,d,H04N0019426000,n
20130101,20140101,H04N0007480000,d,H04N0019430000,n
20130101,20140101,H04N0007480000,d,H04N0019433000,n
20130101,20140101,H04N0007480000,d,H04N0019436000,n
20130101,20140101,H04N0007480000,d,H04N0019440000,n
20130101,20140101,H04N0007480000,d,H04N0019460000,n
20130101,20140101,H04N0007480000,d,H04N0019463000,n
20130101,20140101,H04N0007480000,d,H04N0019467000,n
20130101,20140101,H04N0007480000,d,H04N0019480000,n
20130101,20140101,H04N0007480000,d,H04N0019500000,n
20130101,20140101,H04N0007480000,d,H04N0019503000,n
20130101,20140101,H04N0007480000,d,H04N0019507000,n
20130101,20140101,H04N0007480000,d,H04N0019510000,n
20130101,20140101,H04N0007480000,d,H04N0019513000,n
20130101,20140101,H04N0007480000,d,H04N0019517000,n
20130101,20140101,H04N0007480000,d,H04N0019520000,n
20130101,20140101,H04N0007480000,d,H04N0019523000,n
20130101,20140101,H04N0007480000,d,H04N0019527000,n
20130101,20140101,H04N0007480000,d,H04N0019530000,n
20130101,20140101,H04N0007480000,d,H04N0019533000,n
20130101,20140101,H04N0007480000,d,H04N0019537000,n
20130101,20140101,H04N0007480000,d,H04N0019540000,n
20130101,20140101,H04N0007480000,d,H04N0019543000,n
20130101,20140101,H04N0007480000,d,H04N0019547000,n
20130101,20140101,H04N0007480000,d,H04N0019550000,n
20130101,20140101,H04N0007480000,d,H04N0019553000,n
20130101,20140101,H04N0007480000,d,H04N0019557000,n
20130101,20140101,H04N0007480000,d,H04N0019560000,n
20130101,20140101,H04N0007480000,d,H04N0019563000,n
20130101,20140101,H04N0007480000,d,H04N0019567000,n
20130101,20140101,H04N0007480000,d,H04N0019570000,n
20130101,20140101,H04N0007480000,d,H04N0019573000,n
20130101,20140101,H04N0007480000,d,H04N0019577000,n
20130101,20140101,H04N0007480000,d,H04N0019580000,n
20130101,20140101,H04N0007480000,d,H04N0019583000,n
20130101,20140101,H04N0007480000,d,H04N0019587000,n
20130101,20140101,H04N0007480000,d,H04N0019590000,n
20130101,20140101,H04N0007480000,d,H04N0019593000,n
20130101,20140101,H04N0007480000,d,H04N0019597000,n
20130101,20140101,H04N0007480000,d,H04N0019600000,n
20130101,20140101,H04N0007480000,d,H04N0019610000,n
20130101,20140101,H04N0007480000,d,H04N0019615000,n
20130101,20140101,H04N0007480000,d,H04N0019620000,n
20130101,20140101,H04N0007480000,d,H04N0019625000,n
20130101,20140101,H04N0007480000,d,H04N0019630000,n
20130101,20140101,H04N0007480000,d,H04N0019635000,n
20130101,20140101,H04N0007480000,d,H04N0019640000,n
20130101,20140101,H04N0007480000,d,H04N0019645000,n
20130101,20140101,H04N0007480000,d,H04N0019650000,n
20130101,20140101,H04N0007480000,d,H04N0019660000,n
20130101,20140101,H04N0007480000,d,H04N0019670000,n
20130101,20140101,H04N0007480000,d,H04N0019680000,n
20130101,20140101,H04N0007480000,d,H04N0019690000,n
20130101,20140101,H04N0007480000,d,H04N0019700000,n
20130101,20140101,H04N0007480000,d,H04N0019800000,n
20130101,20140101,H04N0007480000,d,H04N0019820000,n
20130101,20140101,H04N0007480000,d,H04N0019850000,n
20130101,20140101,H04N0007480000,d,H04N0019860000,n
20130101,20140101,H04N0007480000,d,H04N0019870000,n
20130101,20140101,H04N0007480000,d,H04N0019880000,n
20130101,20140101,H04N0007480000,d,H04N0019890000,n
20130101,20140101,H04N0007480000,d,H04N0019895000,n
20130101,20140101,H04N0007480000,d,H04N0019900000,n
20130101,20140101,H04N0007480000,d,H04N0019910000,n
20130101,20140101,H04N0007480000,d,H04N0019930000,n
20130101,20140101,H04N0007480000,d,H04N0019940000,n
20130101,20140101,H04N0007480000,d,H04N0019960000,n
20130101,20140101,H04N0007480000,d,H04N0019970000,n
20130101,20140101,H04N0007480000,d,H04N0019980000,n
20130101,20140101,H04N0007500000,d,H04N0019610000,n
20130101,20140101,H04N0007500000,d,H04N0019615000,n
