改正時期,改正種別,改正前CPC,改正後CPC,改正前標題,改正後標題,資料種別
2020.08,M,A01B 43/00,A01B 43/00,"Gatherers for removing stones, undesirable roots or the like from the soil, e.g. tractor-drawn rakes {(for harvesting root crops A01D)}","Gatherers for removing stones, undesirable roots or the like from the soil, e.g. tractor-drawn rakes {(for harvesting root crops A01D)}",Compilation of Changes
2020.08,U,A01B 49/00,A01B 49/00,"Combined machines (auxiliary devices attached to machines of a different kind, e.g. harrows attached to ploughs, see the relevant groups for the machines)","Combined machines (auxiliary devices attached to machines of a different kind, e.g. harrows attached to ploughs, see the relevant groups for the machines)",Compilation of Changes
2020.08,M,A01B 49/04,A01B 49/04,"Combinations of soil-working tools with non-soil-working tools, e.g. planting tools {(seeding machines A01C7/00; harvesters combined with soil-working implements A01D43/12)}","Combinations of soil-working tools with non-soil-working tools, e.g. planting tools {(seeding machines A01C7/00; harvesters combined with soil-working implements A01D43/12)}",Compilation of Changes
2020.08,M,A01B 69/00,A01B 69/00,Steering of agricultural machines or implements; Guiding agricultural machines or implements on a desired track (vehicle course control in general G05D1/02),Steering of agricultural machines or implements; Guiding agricultural machines or implements on a desired track (vehicle course control in general G05D1/02),Compilation of Changes
2020.08,M,A01C 5/00,A01C 5/00,"Making or covering furrows or holes for sowing, planting or manuring (ploughs for making ridges A01B13/02)","Making or covering furrows or holes for sowing, planting or manuring (ploughs for making ridges A01B13/02)",Compilation of Changes
2020.08,M,A01C 5/06,A01C 5/06,Machines for making or covering drills or furrows for sowing or planting ({seeders depositing seeds in rows A01C7/08}; ploughs for making ridges A01B13/02; {lifting devices for agricultural machines A01B63/00}),Machines for making or covering drills or furrows for sowing or planting ({seeders depositing seeds in rows A01C7/08}; ploughs for making ridges A01B13/02; {lifting devices for agricultural machines A01B63/00}),Compilation of Changes
2020.08,M,A01D 3/00,A01D 3/00,"Non-abrasive sharpening devices for scythes, sickles or the like (abrasive or similar sharpening devices B24D15/06)","Non-abrasive sharpening devices for scythes, sickles or the like (abrasive or similar sharpening devices B24D15/06)",Compilation of Changes
2020.08,M,A01D 5/00,A01D 5/00,Containers for whetstones for use during harvesting (whetting implements B24D15/00),Containers for whetstones for use during harvesting (whetting implements B24D15/00),Compilation of Changes
2020.08,M,A01D 7/00,A01D 7/00,"Rakes (mowers convertible to rakes or capable of raking A01D42/02; mowers combined with rakes A01D43/02; haymakers, crop conditioners A01D76/00 - A01D84/00; {making rakes from sheet metal B21D53/68; making rakes by rolling B21H7/08})","Rakes (mowers convertible to rakes or capable of raking A01D42/02; mowers combined with rakes A01D43/02; haymakers, crop conditioners A01D76/00 - A01D84/00; {making rakes from sheet metal B21D53/68; making rakes by rolling B21H7/08})",Compilation of Changes
2020.08,U,A01D 23/00,A01D 23/00,Topping machines,Topping machines,Compilation of Changes
2020.08,M,A01D 23/04,A01D 23/04,"cutting the tops after being lifted (processing of harvested produce in bulk A01F29/00, A23N)","cutting the tops after being lifted (processing of harvested produce in bulk A01F29/00, A23N)",Compilation of Changes
2020.08,U,A01D 34/00,A01D 34/00,"Mowers (combined with apparatus performing additional operations while mowing A01D37/00 - A01D41/00, A01D43/00; convertible to apparatus for purposes other than mowing or capable of performing operations other than mowing A01D42/00); Mowing apparatus of harvesters","Mowers (combined with apparatus performing additional operations while mowing A01D37/00 - A01D41/00, A01D43/00; convertible to apparatus for purposes other than mowing or capable of performing operations other than mowing A01D42/00); Mowing apparatus of harvesters",Compilation of Changes
2020.08,U,A01D 34/01,A01D 34/01,characterised by features relating to the type of cutting apparatus,characterised by features relating to the type of cutting apparatus,Compilation of Changes
2020.08,U,A01D 34/412,A01D 34/412,having rotating cutters,having rotating cutters,Compilation of Changes
2020.08,U,A01D 34/42,A01D 34/42,"having cutters rotating about a horizontal axis, e.g. cutting-cylinders","having cutters rotating about a horizontal axis, e.g. cutting-cylinders",Compilation of Changes
2020.08,M,A01D 34/46,A01D 34/46,hand-guided by a walking operator (A01D34/43 takes precedence),hand-guided by a walking operator (A01D34/43 takes precedence),Compilation of Changes
2020.08,U,A01D 34/835,A01D 34/835,specially adapted for particular purposes,specially adapted for particular purposes,Compilation of Changes
2020.08,M,A01D 34/84,A01D 34/84,"for edges of lawns or fields, e.g. for mowing close to trees or walls ({for embankments A01D34/86 takes precedence; } hand-held edge trimmers A01G3/06;} edge trimmers A01G3/00)","for edges of lawns or fields, e.g. for mowing close to trees or walls ({for embankments A01D34/86 takes precedence; } hand-held edge trimmers A01G3/06;} edge trimmers A01G3/00)",Compilation of Changes
2020.08,M,A01D 37/00,A01D 37/00,"Reaper-binders (features relating to mowing only A01D34/00, to binding only A01D39/00; equipment thereon for binding harvested produce, e.g. knotters, A01D59/00; {bundling articles B65B13/00})","Reaper-binders (features relating to mowing only A01D34/00, to binding only A01D39/00; equipment thereon for binding harvested produce, e.g. knotters, A01D59/00; {bundling articles B65B13/00})",Compilation of Changes
2020.08,M,A01D 37/02,A01D 37/02,with receiving platform and binding apparatus but without elevating canvases {(knotting D04G)},with receiving platform and binding apparatus but without elevating canvases {(knotting D04G)},Compilation of Changes
2020.08,M,A01D 37/04,A01D 37/04,conveying the stalks in vertical position {(delivering devices for standing stalks A01D57/22)},conveying the stalks in vertical position {(delivering devices for standing stalks A01D57/22)},Compilation of Changes
2020.08,M,A01D 37/06,A01D 37/06,binding with stalks or straw bands {(implements for laying-out bands for sheaves A01D75/16)},binding with stalks or straw bands {(implements for laying-out bands for sheaves A01D75/16)},Compilation of Changes
2020.08,M,A01D 41/00,A01D 41/00,"Combines, i.e. harvesters or mowers combined with threshing devices (threshing devices for combines A01F7/00 - A01F12/00)","Combines, i.e. harvesters or mowers combined with threshing devices (threshing devices for combines A01F7/00 - A01F12/00)",Compilation of Changes
2020.08,U,A01D 43/00,A01D 43/00,"Mowers combined with apparatus performing additional operations while mowing (A01D37/00, A01D39/00, A01D41/00, take precedence)","Mowers combined with apparatus performing additional operations while mowing (A01D37/00, A01D39/00, A01D41/00, take precedence)",Compilation of Changes
2020.08,M,A01D 43/06,A01D 43/06,"with means for collecting, gathering or loading mown material {(A01D43/086 takes precedence; for hay or the like A01D87/00)}","with means for collecting, gathering or loading mown material {(A01D43/086 takes precedence; for hay or the like A01D87/00)}",Compilation of Changes
2020.08,M,A01D 43/08,A01D 43/08,"with means for cutting up the mown crop {, e.g. forage harvesters (threshing machines having chaff-cutters A01F12/40; cutting apparatus of chaff-cutters or of apparatus for cutting up mown crop A01F29/00)}","with means for cutting up the mown crop {, e.g. forage harvesters (threshing machines having chaff-cutters A01F12/40; cutting apparatus of chaff-cutters or of apparatus for cutting up mown crop A01F29/00)}",Compilation of Changes
2020.08,M,A01D 43/01,A01D 43/01,"with means for crushing or bruising the mown crop {(stalk crushers or bruisers per se for standing stalks or stubbles A01D34/8355, for mown crop A01D82/00, for straw A01F12/40)}","with means for crushing or bruising the mown crop {(stalk crushers or bruisers per se for standing stalks or stubbles A01D34/8355, for mown crop A01D82/00, for straw A01F12/40)}",Compilation of Changes
2020.08,M,A01D 59/00,A01D 59/00,Equipment for binding harvested produce (specially adapted for baling presses A01F15/14; bundling articles for packaging in general B65B13/00),Equipment for binding harvested produce (specially adapted for baling presses A01F15/14; bundling articles for packaging in general B65B13/00),Compilation of Changes
2020.08,M,A01D 59/12,A01D 59/12,Containers for the twine (twine balls or their manufacture B65H),Containers for the twine (twine balls or their manufacture B65H),Compilation of Changes
2020.08,M,A01D 61/00,A01D 61/00,"Elevators or conveyors for binders or combines {(conveying in general B65G; hoisting, lifting in general B66)}","Elevators or conveyors for binders or combines {(conveying in general B65G; hoisting, lifting in general B66)}",Compilation of Changes
2020.08,U,A01D 75/00,A01D 75/00,Accessories for harvesters or mowers,Accessories for harvesters or mowers,Compilation of Changes
2020.08,M,A01D 75/08,A01D 75/08,"Sharpening apparatus fixed to the harvester or mower (sharpening machines or devices per se B24B, B24D)","Sharpening apparatus fixed to the harvester or mower (sharpening machines or devices per se B24B, B24D)",Compilation of Changes
2020.08,M,A01D 75/18,A01D 75/18,Safety devices for parts of the machines (safety devices in general F16P),Safety devices for parts of the machines (safety devices in general F16P),Compilation of Changes
2020.08,M,A01D 75/02,A01D 75/02,Devices for protecting men or animals (safety devices in general F16P),Devices for protecting men or animals (safety devices in general F16P),Compilation of Changes
2020.08,M,A01D 87/00,A01D 87/00,"Loaders for hay or like field crops (combined with mowers A01D43/06; {loading in forage silos A01F25/18; } ; loading in general B65G, B66)","Loaders for hay or like field crops (combined with mowers A01D43/06; {loading in forage silos A01F25/18; } ; loading in general B65G, B66)",Compilation of Changes
2020.08,M,A01D 87/08,A01D 87/08,"with sweep rakes {, i.e. buck-rakes, e.g. transporting rakes (gripping or clamping devices A01D87/003; fork loaders A01D87/0053)}","with sweep rakes {, i.e. buck-rakes, e.g. transporting rakes (gripping or clamping devices A01D87/003; fork loaders A01D87/0053)}",Compilation of Changes
2020.08,M,A01D 87/01,A01D 87/01,with blowers {(blowing and conveying B65G53/00; loading or distributing arrangements in forage silos A01F25/18)},with blowers {(blowing and conveying B65G53/00; loading or distributing arrangements in forage silos A01F25/18)},Compilation of Changes
2020.08,M,A01D 90/00,A01D 90/00,"Vehicles for carrying harvested crops with means for selfloading or unloading (combined with mowers A01D43/06; load transporting vehicles modified to facilitate loading in general B60P; bucket cars, i.e. having scraper bowls E02F3/64)","Vehicles for carrying harvested crops with means for selfloading or unloading (combined with mowers A01D43/06; load transporting vehicles modified to facilitate loading in general B60P; bucket cars, i.e. having scraper bowls E02F3/64)",Compilation of Changes
2020.08,M,A01D 90/02,A01D 90/02,Loading means {(loaders A01D87/00; pick-ups A01D89/00)},Loading means {(loaders A01D87/00; pick-ups A01D89/00)},Compilation of Changes
2020.08,M,A01D 90/01,A01D 90/01,Unloading means {(manure distributors A01C3/06)},Unloading means {(manure distributors A01C3/06)},Compilation of Changes
2020.08,M,A01F 3/00,A01F 3/00,"Hand-operated implements for cutting-up straw, hay or the like (mechanically-driven straw cutters A01F29/00; cutting in general B26)","Hand-operated implements for cutting-up straw, hay or the like (mechanically-driven straw cutters A01F29/00; cutting in general B26)",Compilation of Changes
2020.08,M,A01F 15/00,A01F 15/00,"Baling presses for straw, hay or the like {(making compressed stacks A01D85/00)}","Baling presses for straw, hay or the like {(making compressed stacks A01D85/00)}",Compilation of Changes
2020.08,U,A01F 15/08,A01F 15/08,Details,Details,Compilation of Changes
2020.08,M,A01F 15/01,A01F 15/01,"Feeding devices for the crop material {, e.g. precompression devices (pick-ups A01D89/00)}","Feeding devices for the crop material {, e.g. precompression devices (pick-ups A01D89/00)}",Compilation of Changes
2020.08,M,A01F 15/14,A01F 15/14,Tying devices specially adapted for baling presses {(independent binders A01D39/00)},Tying devices specially adapted for baling presses {(independent binders A01D39/00)},Compilation of Changes
2020.08,U,A01G 9/00,A01G 9/00,"Cultivation in receptacles, forcing-frames or greenhouses (of mushrooms A01G18/00; soilless cultivation A01G31/00); Edging for beds, lawn or the like","Cultivation in receptacles, forcing-frames or greenhouses (of mushrooms A01G18/00; soilless cultivation A01G31/00); Edging for beds, lawn or the like",Compilation of Changes
2020.08,M,A01G 9/14,A01G 9/14,"Greenhouses (cloches A01G13/04  {; glazing bars, glazing clips therefor E04D3/06})","Greenhouses (cloches A01G13/04  {; glazing bars, glazing clips therefor E04D3/06})",Compilation of Changes
2020.08,M,A01G 9/22,A01G 9/22,"Shades or blinds for greenhouses, or the like {(canopies A01G13/0206)}","Shades or blinds for greenhouses, or the like {(canopies A01G13/0206)}",Compilation of Changes
2020.08,M,A01G 13/00,A01G 13/00,"Protecting plants (apparatus for the destruction of vermin or noxious animals A01M; use of chemical materials therefor, composition of protective materials, e.g. grafting wax, A01N  {; coverings around trees forming part of a road E01C9/005})","Protecting plants (apparatus for the destruction of vermin or noxious animals A01M; use of chemical materials therefor, composition of protective materials, e.g. grafting wax, A01N  {; coverings around trees forming part of a road E01C9/005})",Compilation of Changes
2020.08,M,A01G 13/02,A01G 13/02,Protective coverings for plants;  {Coverings for the ground;} Devices for laying-out {or removing} coverings {(covering materials A01G9/1438)},Protective coverings for plants;  {Coverings for the ground;} Devices for laying-out {or removing} coverings {(covering materials A01G9/1438)},Compilation of Changes
2020.08,M,A01G 13/04,A01G 13/04,"Cloches {, i.e. protective full coverings for individual plants (dismountable or portable greenhouses A01G9/16; individual canopies A01G13/0212)}","Cloches {, i.e. protective full coverings for individual plants (dismountable or portable greenhouses A01G9/16; individual canopies A01G13/0212)}",Compilation of Changes
2020.08,U,A01K 1/00,A01K 1/00,Housing animals; Equipment therefor,Housing animals; Equipment therefor,Compilation of Changes
2020.08,M,A01K 1/015,A01K 1/015,"Floor coverings, e.g. bedding-down sheets {; Stable floors (for poultry cages A01K31/007)}","Floor coverings, e.g. bedding-down sheets {; Stable floors (for poultry cages A01K31/007)}",Compilation of Changes
2020.08,M,A01K 1/12,A01K 1/12,Milking stations (devices for milking A01J1/00 - A01J9/00),Milking stations (devices for milking A01J1/00 - A01J9/00),Compilation of Changes
2020.08,U,A01K 5/00,A01K 5/00,Feeding devices for stock or game (A01K1/10 takes precedence; feeding devices for poultry or other birds A01K39/00 ){; Feeding wagons; Feeding stacks},Feeding devices for stock or game (A01K1/10 takes precedence; feeding devices for poultry or other birds A01K39/00 ){; Feeding wagons; Feeding stacks},Compilation of Changes
2020.08,U,A01K 5/01,A01K 5/01,Feed troughs; Feed pails {(A01K1/10 takes precedence)},Feed troughs; Feed pails {(A01K1/10 takes precedence)},Compilation of Changes
2020.08,U,A01K 5/0114,A01K 5/0114,{Pet food dispensers; Pet food trays (time-controlled A01K5/0291)},{Pet food dispensers; Pet food trays (time-controlled A01K5/0291)},Compilation of Changes
2020.08,M,A01K 5/0128,A01K 5/0128,{Pet feeders with liners}including liners; liners therefor; Means for holding liners to pet feeders},{Pet feeders with liners}including liners; liners therefor; Means for holding liners to pet feeders},Compilation of Changes
2020.08,U,A01K 5/02,A01K 5/02,Automatic devices {(automatic identification devices for stock A01K11/006)},Automatic devices {(automatic identification devices for stock A01K11/006)},Compilation of Changes
2020.08,M,A01K 5/025,A01K 5/025,{with access to feeding place or trough only possible through access doors or lids to be opened by the animaldoors or lids activated by the animals to access feeding place or trough},{with access to feeding place or trough only possible through access doors or lids to be opened by the animaldoors or lids activated by the animals to access feeding place or trough},Compilation of Changes
2020.08,U,A01K 7/00,A01K 7/00,Watering equipment for stock or game,Watering equipment for stock or game,Compilation of Changes
2020.08,U,A01K 7/02,A01K 7/02,Automatic devices {; Medication dispensers},Automatic devices {; Medication dispensers},Compilation of Changes
2020.08,M,A01K 7/06,A01K 7/06,actuated by the animal {through valve control (for poultry A01K39/0213)},actuated by the animal {through valve control (for poultry A01K39/0213)},Compilation of Changes
2020.08,U,A01K 13/00,A01K 13/00,"Devices for grooming or caring of animals, e.g. curry-combs; Fetlock rings; Tail-holders (as part of the harness B68B5/04); Devices for preventing crib-biting; Washing devices; Protection against weather conditions or insects","Devices for grooming or caring of animals, e.g. curry-combs; Fetlock rings; Tail-holders (as part of the harness B68B5/04); Devices for preventing crib-biting; Washing devices; Protection against weather conditions or insects",Compilation of Changes
2020.08,M,A01K 13/002,A01K 13/002,{Curry-combs; Shearing sheep chemicallyBrushes (shearing sheep B26B19/24)},{Curry-combs; Shearing sheep chemicallyBrushes (shearing sheep B26B19/24)},Compilation of Changes
2020.08,U,A01K 15/00,A01K 15/00,"Devices for taming animals, e.g. nose-rings or hobbles; Devices for overturning animals in general; Training or exercising equipment; Covering boxes","Devices for taming animals, e.g. nose-rings or hobbles; Devices for overturning animals in general; Training or exercising equipment; Covering boxes",Compilation of Changes
2020.08,M,A01K 15/02,A01K 15/02,"Training or exercising equipment, e.g. mazes or labyrinths for animals (A01K15/04 takes precedence){; Electric shock devices (circuits therefor H03K3/537); Toys, e.g. for pets specially adapted for animals}","Training or exercising equipment, e.g. mazes or labyrinths for animals (A01K15/04 takes precedence){; Electric shock devices (circuits therefor H03K3/537); Toys, e.g. for pets specially adapted for animals}",Compilation of Changes
2020.08,M,A01K 15/025,A01K 15/025,"{Toys, e.g. for chewing specially adapted for animals}","{Toys, e.g. for chewing specially adapted for animals}",Compilation of Changes
2020.08,M,A01K 15/029,A01K 15/029,"{Electric or similar shock devices, e.g. prods (circuits therefor H03K3/537)}","{Electric or similar shock devices, e.g. prods (circuits therefor H03K3/537)}",Compilation of Changes
2020.08,M,A01K 23/00,A01K 23/00,Manure or urine pouches {(picking up dog excrement from the ground E01H1/1206)},Manure or urine pouches {(picking up dog excrement from the ground E01H1/1206)},Compilation of Changes
2020.08,M,A01K 29/00,A01K 29/00,Other apparatus for animal husbandry {(detecting birth of animals A61D17/00)},Other apparatus for animal husbandry {(detecting birth of animals A61D17/00)},Compilation of Changes
2020.08,U,A01K 29/005,A01K 29/005,"{Monitoring or measuring activity, e.g. detecting heat or mating}","{Monitoring or measuring activity, e.g. detecting heat or mating}",Compilation of Changes
2020.08,U,A01K 31/00,A01K 31/00,Housing birds,Housing birds,Compilation of Changes
2020.08,M,A01K 31/002,A01K 31/002,"{Poultry cages, e.g. transport boxes (poultry transport A01K45/005Harvesting or transport of poultry A01K45/005)}","{Poultry cages, e.g. transport boxes (poultry transport A01K45/005Harvesting or transport of poultry A01K45/005)}",Compilation of Changes
2020.08,M,A01K 31/01,A01K 31/01,Doors; Trap-doors {(for laying-nests A01K31/16)},Doors; Trap-doors {(for laying-nests A01K31/16)},Compilation of Changes
2020.08,U,A01K 31/14,A01K 31/14,"Nest-boxes {, e.g. for singing birds or the like}","Nest-boxes {, e.g. for singing birds or the like}",Compilation of Changes
2020.08,M,A01K 31/16,A01K 31/16,Laying- nests for poultry; Egg collecting {(nest floors A01K31/007)},Laying- nests for poultry; Egg collecting {(nest floors A01K31/007)},Compilation of Changes
2020.08,M,A01K 89/00,A01K 89/00,Reels (devices for casting lines A01K91/02),Reels (devices for casting lines A01K91/02),Compilation of Changes
2020.08,U,A47J 19/00,A47J 19/00,Household machines for straining foodstuffs; Household implements for mashing or straining foodstuffs (for foodstuffs in bulk A23N),Household machines for straining foodstuffs; Household implements for mashing or straining foodstuffs (for foodstuffs in bulk A23N),Compilation of Changes
2020.08,M,A47J 19/02,A47J 19/02,Citrus fruit squeezers; Other fruit juice extracting devices,Citrus fruit squeezers; Other fruit juice extracting devices,Compilation of Changes
2020.08,D,A47J 19/022,A47J 19/022,{Hand devices},{Hand devices},Compilation of Changes
2020.08,M,A47J 19/023,A47J 19/023,{including a pressing cone or reamer},{including a pressing cone or reamer},Compilation of Changes
2020.08,M,A47J 19/025,A47J 19/025,{including a pressing screw},{including a pressing screw},Compilation of Changes
2020.08,U,A47J 27/00,A47J 27/00,Cooking-vessels (A47J29/00 - A47J33/00 take precedence),Cooking-vessels (A47J29/00 - A47J33/00 take precedence),Compilation of Changes
2020.08,U,A47J 27/56,A47J 27/56,"Preventing boiling over, e.g. of milk (appliances for preventing or destroying foam in dairy apparatus for treating milk A01J11/02)","Preventing boiling over, e.g. of milk (appliances for preventing or destroying foam in dairy apparatus for treating milk A01J11/02)",Compilation of Changes
2020.08,M,A47J 27/62,A47J 27/62,by devices for automatically controlling the heat supply by switching off heaters or for automatically lifting the cooking-vessels,by devices for automatically controlling the heat supply by switching off heaters or for automatically lifting the cooking-vessels,Compilation of Changes
2020.08,U,A47J 31/00,A47J 31/00,"Apparatus for making beverages (household machines or implements for straining foodstuffs A47J19/00; preparation of non-alcoholic beverages, e.g. by adding ingredients to fruit or vegetable juices, A23L2/00; coffee or tea pots A47G19/14; tea infusers A47G19/16; brewing of beer C12C; preparation of wine or other alcoholic beverages C12G)","Apparatus for making beverages (household machines or implements for straining foodstuffs A47J19/00; preparation of non-alcoholic beverages, e.g. by adding ingredients to fruit or vegetable juices, A23L2/00; coffee or tea pots A47G19/14; tea infusers A47G19/16; brewing of beer C12C; preparation of wine or other alcoholic beverages C12G)",Compilation of Changes
2020.08,U,A47J 31/44,A47J 31/44,Parts or details {or accessories} of beverage-making apparatus (filters or strainers A47J31/06),Parts or details {or accessories} of beverage-making apparatus (filters or strainers A47J31/06),Compilation of Changes
2020.08,M,A47J 31/46,A47J 31/46,"Dispensing spouts, pumps, drain valves or like liquid transporting devices","Dispensing spouts, pumps, drain valves or like liquid transporting devices",Compilation of Changes
2020.08,M,A47J 31/461,A47J 31/461,"{Valves, e.g. drain valves}","{Valves, e.g. drain valves}",Compilation of Changes
2020.08,M,A47J 31/468,A47J 31/468,{Pumping means},{Pumping means},Compilation of Changes
2020.08,M,A47J 31/469,A47J 31/469,{Details of hydraulic circuits},{Details of hydraulic circuits},Compilation of Changes
2020.08,M,A47J 31/52,A47J 31/52,Alarm-clock-controlled mechanisms for coffee- or tea-making apparatus {; Timers for coffee- or tea-making apparatus; Electronic control devices for coffee- or tea-making apparatus},Alarm-clock-controlled mechanisms for coffee- or tea-making apparatus {; Timers for coffee- or tea-making apparatus; Electronic control devices for coffee- or tea-making apparatus},Compilation of Changes
2020.08,M,A47J 31/521,A47J 31/521,"{the electronic control being performed over a network, e.g. by means of a computer or a handheld device}","{the electronic control being performed over a network, e.g. by means of a computer or a handheld device}",Compilation of Changes
2020.08,M,A47J 31/525,A47J 31/525,{the electronic control being based on monitoring of specific process parameters},{the electronic control being based on monitoring of specific process parameters},Compilation of Changes
2020.08,M,A47J 31/5251,A47J 31/5251,{of pressure},{of pressure},Compilation of Changes
2020.08,M,A47J 31/5253,A47J 31/5253,{of temperature},{of temperature},Compilation of Changes
2020.08,M,A47J 31/5255,A47J 31/5255,{of flow rate},{of flow rate},Compilation of Changes
2020.08,U,A47J 36/00,A47J 36/00,"Parts, details or accessories of cooking-vessels (A47J27/00 - A47J33/00 take precedence insofar as these parts, details or accessories are restricted to a particular kind of cooking-vessel provided for in a single one of these groups)","Parts, details or accessories of cooking-vessels (A47J27/00 - A47J33/00 take precedence insofar as these parts, details or accessories are restricted to a particular kind of cooking-vessel provided for in a single one of these groups)",Compilation of Changes
2020.08,M,A47J 36/32,A47J 36/32,Time-controlled igniting mechanisms or alarm devices {; Electronic control devices (in egg-cookers A47J29/02; in coffee-makers A47J31/52; in bread-toasters A47J37/0814)},Time-controlled igniting mechanisms or alarm devices {; Electronic control devices (in egg-cookers A47J29/02; in coffee-makers A47J31/52; in bread-toasters A47J37/0814)},Compilation of Changes
2020.08,M,A47J 36/321,A47J 36/321,"{the electronic control being performed over a network, e.g. by means of a handheld device}","{the electronic control being performed over a network, e.g. by means of a handheld device}",Compilation of Changes
2020.08,M,A61B 6/00,A61B 6/00,"Apparatus for radiation diagnosis, e.g. combined with radiation therapy equipment (analysis of materials using radiation G01N23/00, detecting hidden objects by radiation G01V5/0008, radiodiagnostic or X-ray contrast preparations A61K49/00; radiation therapy per se A61N5/00; instruments measuring radiation intensity for application in the field of nuclear medicine, e.g. in vivo counting, G01T1/161; apparatus for taking X-ray photographs G03B42/02; X-ray photographic processes G03C5/16; irradiation devices G21K; X-ray apparatus or circuits therefor H05G1/00)","Apparatus for radiation diagnosis, e.g. combined with radiation therapy equipment (analysis of materials using radiation G01N23/00, detecting hidden objects by radiation G01V5/0008, radiodiagnostic or X-ray contrast preparations A61K49/00; radiation therapy per se A61N5/00; instruments measuring radiation intensity for application in the field of nuclear medicine, e.g. in vivo counting, G01T1/161; apparatus for taking X-ray photographs G03B42/02; X-ray photographic processes G03C5/16; irradiation devices G21K; X-ray apparatus or circuits therefor H05G1/00)",Compilation of Changes
2020.08,C,A61B 6/02,A61B 6/02,Devices for diagnosis sequentially in different planes; Stereoscopic radiation diagnosis,Devices for diagnosis sequentially in different planes; Stereoscopic radiation diagnosis,Compilation of Changes
2020.08,M,A61B 6/03,A61B 6/03,Computerised tomographs ({diagnosis by magnetic resonance imaging A61B5/055;} echo-tomography A61B8/14),Computerised tomographs ({diagnosis by magnetic resonance imaging A61B5/055;} echo-tomography A61B8/14),Compilation of Changes
2020.08,M,A61B 6/037,A61B 6/037,"{Emission tomography (detector details for PET G01T1/2985, detector details for SPECT G01T1/1644)}","{Emission tomography (detector details for PET G01T1/2985, detector details for SPECT G01T1/1644)}",Compilation of Changes
2020.08,U,A61B 6/04,A61B 6/04,Positioning of patients; Tiltable beds or the like (operating tables A61G13/00; operating chairs A61G15/00),Positioning of patients; Tiltable beds or the like (operating tables A61G13/00; operating chairs A61G15/00),Compilation of Changes
2020.08,M,A61B 6/0407,A61B 6/0407,"{Tables or bedsSupports, e.g. tables or beds, for the body or parts of the body}","{Tables or bedsSupports, e.g. tables or beds, for the body or parts of the body}",Compilation of Changes
2020.08,M,A61B 6/0414,A61B 6/0414,{Tables or beds with compression means},{Tables or beds with compression means},Compilation of Changes
2020.08,M,A61B 6/0421,A61B 6/0421,{Tables or beds with immobilising means},{Tables or beds with immobilising means},Compilation of Changes
2020.08,M,A61B 6/0435,A61B 6/0435,{Tables or beds with means for imaging suspended breasts},{Tables or beds with means for imaging suspended breasts},Compilation of Changes
2020.08,M,A61B 6/0442,A61B 6/0442,{Tables or beds made frommade of non-metallic materials},{Tables or beds made frommade of non-metallic materials},Compilation of Changes
2020.08,M,A61B 6/045,A61B 6/045,{Tables or beds with heating or cooling means},{Tables or beds with heating or cooling means},Compilation of Changes
2020.08,D,A61B 6/0457,A61B 6/0457,{Servo-controlled positioning},{Servo-controlled positioning},Compilation of Changes
2020.08,M,A61B 6/0464,A61B 6/0464,{Supports mounted to ceiling},{Supports mounted to ceiling},Compilation of Changes
2020.08,M,A61B 6/0471,A61B 6/0471,{Endless-band supportsbased on an endless-band},{Endless-band supportsbased on an endless-band},Compilation of Changes
2020.08,M,A61B 6/0478,A61B 6/0478,{Patient positioning chairsChairs},{Patient positioning chairsChairs},Compilation of Changes
2020.08,U,A61B 6/0485,A61B 6/0485,{Inflatable rests for lifting of patients},{Inflatable rests for lifting of patients},Compilation of Changes
2020.08,N,A61B 6/0487,A61B 6/0487,{Motor-assisted positioning},{Motor-assisted positioning},Compilation of Changes
2020.08,M,A61B 6/06,A61B 6/06,"Diaphragms {for particular diagnostic applications, e.g. tomography, i.e. not of general applicability (diaphragms, e.g. variable, or collimators in general G21K1/02)}","Diaphragms {for particular diagnostic applications, e.g. tomography, i.e. not of general applicability (diaphragms, e.g. variable, or collimators in general G21K1/02)}",Compilation of Changes
2020.08,M,A61B 6/01,A61B 6/01,Application or adaptation of safety means (protection against dangerous radiation in general G21F),Application or adaptation of safety means (protection against dangerous radiation in general G21F),Compilation of Changes
2020.08,M,A61B 6/107,A61B 6/107,"{Protection against radiation, e.g. shielding (techniques for handling radiation not otherwise provided for G21K)}","{Protection against radiation, e.g. shielding (techniques for handling radiation not otherwise provided for G21K)}",Compilation of Changes
2020.08,M,A61B 6/12,A61B 6/12,Devices for detecting or locating foreign bodies (A61B6/02 takes precedence {; radio-opaque markers A61B90/39}),Devices for detecting or locating foreign bodies (A61B6/02 takes precedence {; radio-opaque markers A61B90/39}),Compilation of Changes
2020.08,U,A61B 6/14,A61B 6/14,Applications or adaptations for dentistry,Applications or adaptations for dentistry,Compilation of Changes
2020.08,M,A61B 6/145,A61B 6/145,{by intraoral means (X-ray tubes having a small cross-section to facilitate introduction into small cavities H01J35/32)},{by intraoral means (X-ray tubes having a small cross-section to facilitate introduction into small cavities H01J35/32)},Compilation of Changes
2020.08,M,A61B 6/04,A61B 6/04,{with arrangements for generating radiation specially adapted for radiation diagnosis (X-ray tubes or details thereof H01J35/00)},{with arrangements for generating radiation specially adapted for radiation diagnosis (X-ray tubes or details thereof H01J35/00)},Compilation of Changes
2020.08,M,A61B 6/4007,A61B 6/4007,{characterised by using a plurality of source units (circuit arrangements driving apparatuses comprising more than one X ray tube H05G1/70)},{characterised by using a plurality of source units (circuit arrangements driving apparatuses comprising more than one X ray tube H05G1/70)},Compilation of Changes
2020.08,M,A61B 6/4035,A61B 6/4035,{the source being combined with a filter or grating (filters for radiation per se G21K1/10)},{the source being combined with a filter or grating (filters for radiation per se G21K1/10)},Compilation of Changes
2020.08,M,A61B 6/405,A61B 6/405,"{Source units specially adapted to modify characteristics of the beam during the data acquisition process (A61B6/4021, A61B6/4035 take precedence; arrangements changing the time structure of an already generated radiation beam G21K1/043)}","{Source units specially adapted to modify characteristics of the beam during the data acquisition process (A61B6/4021, A61B6/4035 take precedence; arrangements changing the time structure of an already generated radiation beam G21K1/043)}",Compilation of Changes
2020.08,M,A61B 6/4057,A61B 6/4057,{by using a source unitradiation sources located in the interior of the body (A61B6/037 takes precedence; X-ray tubes with small cross-section H01J35/32)},{by using a source unitradiation sources located in the interior of the body (A61B6/037 takes precedence; X-ray tubes with small cross-section H01J35/32)},Compilation of Changes
2020.08,M,A61B 6/4064,A61B 6/4064,{specially adapted for producing a particular type of beam},{specially adapted for producing a particular type of beam},Compilation of Changes
2020.08,M,A61B 6/42,A61B 6/42,{with arrangements for detecting radiation specially adapted for radiation diagnosis (details of radiation detection G01T1/00)},{with arrangements for detecting radiation specially adapted for radiation diagnosis (details of radiation detection G01T1/00)},Compilation of Changes
2020.08,U,A61B 6/4208,A61B 6/4208,{characterised by using a particular type of detector},{characterised by using a particular type of detector},Compilation of Changes
2020.08,M,A61B 6/4216,A61B 6/4216,{using storage phosphor screens (details of stimulable phosphor sheets G01T1/2012)},{using storage phosphor screens (details of stimulable phosphor sheets G01T1/2012)},Compilation of Changes
2020.08,M,A61B 6/4233,A61B 6/4233,"{using matrix detectors (for semiconductor radiation detectors G01T1/24, G01T1/2928)}","{using matrix detectors (for semiconductor radiation detectors G01T1/24, G01T1/2928)}",Compilation of Changes
2020.08,M,A61B 6/4241,A61B 6/4241,"{using energy resolving detectors, e.g. photon counting (detectors for nuclear medicine G01T1/16, G01T1/29)}","{using energy resolving detectors, e.g. photon counting (detectors for nuclear medicine G01T1/16, G01T1/29)}",Compilation of Changes
2020.08,M,A61B 6/425,A61B 6/425,{using detectors specificallyspecially adapted to be used in the interior of the body (detector details for in vivo counting G01T1/161)},{using detectors specificallyspecially adapted to be used in the interior of the body (detector details for in vivo counting G01T1/161)},Compilation of Changes
2020.08,T,A61B 6/4283,A61B 6/4283,{characterised by a detector unit being housed in a cassette},{characterised by a detector unit being housed in a cassette},Compilation of Changes
2020.08,M,A61B 6/44,A61B 6/44,{Constructional features of the deviceapparatus for radiation diagnosis},{Constructional features of the deviceapparatus for radiation diagnosis},Compilation of Changes
2020.08,M,A61B 6/4405,A61B 6/4405,"{the device being mobile or portable, e.g. mounted on a trolley or handheldapparatus being movable or portable, e.g. handheld or mounted on a trolley}","{the device being mobile or portable, e.g. mounted on a trolley or handheldapparatus being movable or portable, e.g. handheld or mounted on a trolley}",Compilation of Changes
2020.08,C,A61B 6/4411,A61B 6/4411,{the device being modular}apparatus being modular (A61B6/4283 takes precedence)},{the device being modular}apparatus being modular (A61B6/4283 takes precedence)},Compilation of Changes
2020.08,T,A61B 6/4429,A61B 6/4429,{related to the mounting of source units and detector units (A61B6/02 takes precedence)},{related to the mounting of source units and detector units (A61B6/02 takes precedence)},Compilation of Changes
2020.08,M,A61B 6/4476,A61B 6/4476,{related to servo controlled movementmotor-assisted motion of the source unit},{related to servo controlled movementmotor-assisted motion of the source unit},Compilation of Changes
2020.08,U,A61B 6/46,A61B 6/46,{with special arrangements for interfacing with the operator or the patient},{with special arrangements for interfacing with the operator or the patient},Compilation of Changes
2020.08,U,A61B 6/461,A61B 6/461,{Displaying means of special interest},{Displaying means of special interest},Compilation of Changes
2020.08,M,A61B 6/465,A61B 6/465,"{adapted to display user selection data, e.g. graphical user interface, icons or menus}","{adapted to display user selection data, e.g. graphical user interface, icons or menus}",Compilation of Changes
2020.08,M,A61B 6/466,A61B 6/466,{adapted to display 3D data (3D image rendering G06T15/00; manipulating 3D models for computer graphics G06T19/00)},{adapted to display 3D data (3D image rendering G06T15/00; manipulating 3D models for computer graphics G06T19/00)},Compilation of Changes
2020.08,M,A61B 6/48,A61B 6/48,"{Diagnostic techniques (A61B6/022, A61B6/025 A61B6/032, A61B6/037 take precedence)}","{Diagnostic techniques (A61B6/022, A61B6/025 A61B6/032, A61B6/037 take precedence)}",Compilation of Changes
2020.08,M,A61B 6/52,A61B 6/52,{Devices using data or image processing specially adapted for radiation diagnosis (image processing per se G06T)},{Devices using data or image processing specially adapted for radiation diagnosis (image processing per se G06T)},Compilation of Changes
2020.08,U,A61B 6/5211,A61B 6/5211,{involving processing of medical diagnostic data},{involving processing of medical diagnostic data},Compilation of Changes
2020.08,M,A61B 6/5217,A61B 6/5217,{extracting a diagnostic or physiological parameter from medical diagnostic data (details of algorithms to analyse biomedical images G06T7/0012)},{extracting a diagnostic or physiological parameter from medical diagnostic data (details of algorithms to analyse biomedical images G06T7/0012)},Compilation of Changes
2020.08,M,A61B 6/5229,A61B 6/5229,"{combining image data of a patient, e.g. combining a functional image with an anatomical image (details of algorithms for image registration G06T7/30)}","{combining image data of a patient, e.g. combining a functional image with an anatomical image (details of algorithms for image registration G06T7/30)}",Compilation of Changes
2020.08,M,A61B 6/5235,A61B 6/5235,"{combining images from the same or different ionising radiation imaging techniques, e.g. PET and CT}","{combining images from the same or different ionising radiation imaging techniques, e.g. PET and CT}",Compilation of Changes
2020.08,M,A61B 6/5241,A61B 6/5241,"{combining overlapping radiation imagesimages of the same imaging modality, e.g. by stitching}","{combining overlapping radiation imagesimages of the same imaging modality, e.g. by stitching}",Compilation of Changes
2020.08,M,A61B 6/5247,A61B 6/5247,"{combining images from different diagnostic modalitiesan ionising-radiation diagnostic technique and a non-ionising radiation diagnostic technique, e.g. X-ray and ultrasound}","{combining images from different diagnostic modalitiesan ionising-radiation diagnostic technique and a non-ionising radiation diagnostic technique, e.g. X-ray and ultrasound}",Compilation of Changes
2020.08,M,A61B 6/5258,A61B 6/5258,{involving detection or reduction of artifacts or noise (details of algorithms for image enhancement G06T7/97)},{involving detection or reduction of artifacts or noise (details of algorithms for image enhancement G06T7/97)},Compilation of Changes
2020.08,U,A61B 6/5264,A61B 6/5264,{due to motion},{due to motion},Compilation of Changes
2020.08,M,A61B 6/527,A61B 6/527,{using data from a motion artifact sensor (A61B6/5276 takes precedence)},{using data from a motion artifact sensor (A61B6/5276 takes precedence)},Compilation of Changes
2020.08,M,A61B 6/54,A61B 6/54,{Control of apparatus or devices for radiation diagnosis},{Control of apparatus or devices for radiation diagnosis},Compilation of Changes
2020.08,M,A61B 6/547,A61B 6/547,{involving tracking of position of the device or parts of the device (using an image of a phantom A61B6/584)},{involving tracking of position of the device or parts of the device (using an image of a phantom A61B6/584)},Compilation of Changes
2020.08,M,A61B 6/548,A61B 6/548,{Remote control of radiation diagnosisthe apparatus or devices},{Remote control of radiation diagnosisthe apparatus or devices},Compilation of Changes
2020.08,U,A61B 6/56,A61B 6/56,"{Details of data transmission or power supply, e.g. use of slip rings}","{Details of data transmission or power supply, e.g. use of slip rings}",Compilation of Changes
2020.08,M,A61B 6/566,A61B 6/566,{involving communication between imagingdiagnostic systems},{involving communication between imagingdiagnostic systems},Compilation of Changes
2020.08,M,A61B 6/58,A61B 6/58,"{Testing, adjusting or calibrating apparatus or devices for radiation diagnosis}","{Testing, adjusting or calibrating apparatus or devices for radiation diagnosis}",Compilation of Changes
2020.08,M,A61B 6/581,A61B 6/581,{Remote testing of the deviceapparatus or devices},{Remote testing of the deviceapparatus or devices},Compilation of Changes
2020.08,U,A61B 6/582,A61B 6/582,{Calibration},{Calibration},Compilation of Changes
2020.08,M,A61B 6/583,A61B 6/583,{using calibration phantoms (models for medical purposes G09B23/28)},{using calibration phantoms (models for medical purposes G09B23/28)},Compilation of Changes
2020.08,M,A61B 6/584,A61B 6/584,{determining position of components of the apparatus or device using images of the phantom},{determining position of components of the apparatus or device using images of the phantom},Compilation of Changes
2020.08,U,A61H 9/00,A61H 9/00,Pneumatic or hydraulic massage,Pneumatic or hydraulic massage,Compilation of Changes
2020.08,M,A61H 9/0021,A61H 9/0021,{Hydraulic massage},{Hydraulic massage},Compilation of Changes
2020.08,M,A61H 9/0028,A61H 9/0028,{Hand-held devices for spraying and removing liquid while moved on the skin},{Hand-held devices for spraying and removing liquid while moved on the skin},Compilation of Changes
2020.08,U,A61K 31/00,A61K 31/00,Medicinal preparations containing organic active ingredients,Medicinal preparations containing organic active ingredients,Compilation of Changes
2020.08,U,A61K 31/63,A61K 31/63,"Compounds containing para-N-benzenesulfonyl-N-groups, e.g. sulfanilamide, p-nitrobenzenesulfonyl hydrazide","Compounds containing para-N-benzenesulfonyl-N-groups, e.g. sulfanilamide, p-nitrobenzenesulfonyl hydrazide",Compilation of Changes
2020.08,M,A61K 31/635,A61K 31/635,"having a heterocyclic ring, e.g. sulfasalazinesulfadiazine","having a heterocyclic ring, e.g. sulfasalazinesulfadiazine",Compilation of Changes
2020.08,N,A61L 2101/00,A61L 2101/00,"Indexing scheme associated with groups A61L2/00 - A61L12/00, relating to the chemical composition of the materials used in disinfecting, sterilizing or deodorizing.","Indexing scheme associated with groups A61L2/00 - A61L12/00, relating to the chemical composition of the materials used in disinfecting, sterilizing or deodorizing.",Compilation of Changes
2020.08,N,A61L 2101/00,A61L 2101/00,"Chemical composition of materials used in disinfecting, sterilising or deodorising","Chemical composition of materials used in disinfecting, sterilising or deodorising",Compilation of Changes
2020.08,N,A61L 2101/02,A61L 2101/02,Inorganic materials,Inorganic materials,Compilation of Changes
2020.08,N,A61L 2101/06,A61L 2101/06,containing halogen,containing halogen,Compilation of Changes
2020.08,N,A61L 2101/08,A61L 2101/08,Elemental halogen,Elemental halogen,Compilation of Changes
2020.08,N,A61L 2101/12,A61L 2101/12,containing silicon,containing silicon,Compilation of Changes
2020.08,N,A61L 2101/14,A61L 2101/14,containing sulfur,containing sulfur,Compilation of Changes
2020.08,N,A61L 2101/16,A61L 2101/16,containing phosphorus,containing phosphorus,Compilation of Changes
2020.08,N,A61L 2101/18,A61L 2101/18,Ammonia,Ammonia,Compilation of Changes
2020.08,N,A61L 2101/02,A61L 2101/02,Acids,Acids,Compilation of Changes
2020.08,N,A61L 2101/24,A61L 2101/24,containing aluminium,containing aluminium,Compilation of Changes
2020.08,N,A61L 2101/26,A61L 2101/26,containing copper,containing copper,Compilation of Changes
2020.08,N,A61L 2101/28,A61L 2101/28,containing iron,containing iron,Compilation of Changes
2020.08,N,A61L 2101/03,A61L 2101/03,containing zinc,containing zinc,Compilation of Changes
2020.08,N,A61L 2101/32,A61L 2101/32,Organic compounds,Organic compounds,Compilation of Changes
2020.08,N,A61L 2101/34,A61L 2101/34,Hydroxy compounds,Hydroxy compounds,Compilation of Changes
2020.08,N,A61L 2101/36,A61L 2101/36,Carboxylic acids or derivatives thereof,Carboxylic acids or derivatives thereof,Compilation of Changes
2020.08,N,A61L 2101/38,A61L 2101/38,Ethers,Ethers,Compilation of Changes
2020.08,N,A61L 2101/04,A61L 2101/04,containing sulfur,containing sulfur,Compilation of Changes
2020.08,N,A61L 2101/42,A61L 2101/42,Organo-metallic compounds or complexes,Organo-metallic compounds or complexes,Compilation of Changes
2020.08,N,A61L 2101/44,A61L 2101/44,Heterocyclic compounds,Heterocyclic compounds,Compilation of Changes
2020.08,N,A61L 2101/46,A61L 2101/46,Macromolecular compounds,Macromolecular compounds,Compilation of Changes
2020.08,N,A61L 2101/48,A61L 2101/48,obtained by reactions only involving carbon-to-carbon unsaturated bonds,obtained by reactions only involving carbon-to-carbon unsaturated bonds,Compilation of Changes
2020.08,N,A61L 2101/05,A61L 2101/05,Polysaccharides or derivatives thereof,Polysaccharides or derivatives thereof,Compilation of Changes
2020.08,M,A61M 35/00,A61M 35/00,"Devices for applying {, e.g. spreading,} media, e.g. remedies, on the human body (devices for handling toilet or cosmetic substances A45D; absorbent pads, e.g. swabs {for medical use}, A61F13/15)","Devices for applying {, e.g. spreading,} media, e.g. remedies, on the human body (devices for handling toilet or cosmetic substances A45D; absorbent pads, e.g. swabs {for medical use}, A61F13/15)",Compilation of Changes
2020.08,M,A61M 35/01,A61M 35/01,"{Wearable devices, e.g. garments, glasses or masks}","{Wearable devices, e.g. garments, glasses or masks}",Compilation of Changes
2020.08,M,A61M 35/02,A61M 35/02,"{Non-portable devices, e.g. spraying booths}","{Non-portable devices, e.g. spraying booths}",Compilation of Changes
2020.08,M,A61M 35/25,A61M 35/25,"{specially adapted for the application of sunscreen, tanning or self-tanning lotions}","{specially adapted for the application of sunscreen, tanning or self-tanning lotions}",Compilation of Changes
2020.08,M,A61M 35/03,A61M 35/03,{Gas therapy for therapeutic treatment of the skin},{Gas therapy for therapeutic treatment of the skin},Compilation of Changes
2020.08,U,A63B 33/00,A63B 33/00,"Swimming equipment attachable to the head, e.g. swim caps or goggles (diving masks B63C11/12; breathing aids, e.g. snorkels, B63C11/18)","Swimming equipment attachable to the head, e.g. swim caps or goggles (diving masks B63C11/12; breathing aids, e.g. snorkels, B63C11/18)",Compilation of Changes
2020.08,C,A63B 33/002,A63B 33/002,{Swimming goggles (with means covering the nostrils B63C11/12)},{Swimming goggles (with means covering the nostrils B63C11/12)},Compilation of Changes
2020.08,D,A63B 2033/004,A63B 2033/004,{comprising two separate lenses joined by a flexible bridge},{comprising two separate lenses joined by a flexible bridge},Compilation of Changes
2020.08,N,A63B 33/004,A63B 33/004,{comprising two separate lenses joined by a flexible bridge},{comprising two separate lenses joined by a flexible bridge},Compilation of Changes
2020.08,N,A63B 33/006,A63B 33/006,{with means allowing adjustment of the bridge},{with means allowing adjustment of the bridge},Compilation of Changes
2020.08,D,A63B 2033/006,A63B 2033/006,{means allowing adjustment of the bridge},{means allowing adjustment of the bridge},Compilation of Changes
2020.08,N,A63B 33/008,A63B 33/008,{with stepless adjustment},{with stepless adjustment},Compilation of Changes
2020.08,D,A63B 2033/008,A63B 2033/008,{stepless adjustment},{stepless adjustment},Compilation of Changes
2020.08,M,A63B 37/00,A63B 37/00,Solid balls;  {Rigid hollow balls}; } Marbles (heavy throwing balls A63B65/06),Solid balls;  {Rigid hollow balls}; } Marbles (heavy throwing balls A63B65/06),Compilation of Changes
2020.08,M,A63B 37/0003,A63B 37/0003,"{Golf balls (for practising drives A63B69/3655, for practising putts A63B69/3688)}","{Golf balls (for practising drives A63B69/3655, for practising putts A63B69/3688)}",Compilation of Changes
2020.08,C,A63B 37/0004,A63B 37/0004,{Surface depressions or protrusions},{Surface depressions or protrusions},Compilation of Changes
2020.08,C,A63B 37/0006,A63B 37/0006,{Arrangement or layout of dimples},{Arrangement or layout of dimples},Compilation of Changes
2020.08,N,A63B 37/00065,A63B 37/00065,{located around the pole or the equator},{located around the pole or the equator},Compilation of Changes
2020.08,C,A63B 37/0021,A63B 37/0021,"{Occupation ratio, i.e. percentage surface occupied by dimples}","{Occupation ratio, i.e. percentage surface occupied by dimples}",Compilation of Changes
2020.08,N,A63B 37/00215,A63B 37/00215,{Volume ratio},{Volume ratio},Compilation of Changes
2020.08,C,A63B 37/0022,A63B 37/0022,"{Coatings, markings e.g. paint films(methods for marking A63B45/02)}; Markings}","{Coatings, markings e.g. paint films(methods for marking A63B45/02)}; Markings}",Compilation of Changes
2020.08,N,A63B 37/00221,A63B 37/00221,{characterised by the material},{characterised by the material},Compilation of Changes
2020.08,N,A63B 37/00222,A63B 37/00222,"{Physical properties, e.g. hardness}","{Physical properties, e.g. hardness}",Compilation of Changes
2020.08,N,A63B 37/00223,A63B 37/00223,{Colour tone},{Colour tone},Compilation of Changes
2020.08,C,A63B 37/0023,A63B 37/0023,{Covers},{Covers},Compilation of Changes
2020.08,U,A63B 37/0024,A63B 37/0024,{Materials other than ionomers or polyurethane},{Materials other than ionomers or polyurethane},Compilation of Changes
2020.08,U,A63B 37/0029,A63B 37/0029,{Physical properties},{Physical properties},Compilation of Changes
2020.08,U,A63B 37/0037,A63B 37/0037,{Flexural modulus; Bending stiffness},{Flexural modulus; Bending stiffness},Compilation of Changes
2020.08,N,A63B 37/00373,A63B 37/00373,{Colour tone},{Colour tone},Compilation of Changes
2020.08,N,A63B 37/00376,A63B 37/00376,{Transparency or semitransparency},{Transparency or semitransparency},Compilation of Changes
2020.08,C,A63B 37/0038,A63B 37/0038,"{Intermediate layers, e.g. inner cover, outer core, mantle}","{Intermediate layers, e.g. inner cover, outer core, mantle}",Compilation of Changes
2020.08,M,A63B 37/0039,A63B 37/0039,{Special materialscharacterised by the material},{Special materialscharacterised by the material},Compilation of Changes
2020.08,U,A63B 37/004,A63B 37/004,{Physical properties},{Physical properties},Compilation of Changes
2020.08,U,A63B 37/0049,A63B 37/0049,{Flexural modulus; Bending stiffness},{Flexural modulus; Bending stiffness},Compilation of Changes
2020.08,N,A63B 37/00495,A63B 37/00495,{Colour tone},{Colour tone},Compilation of Changes
2020.08,C,A63B 37/005,A63B 37/005,{Cores},{Cores},Compilation of Changes
2020.08,M,A63B 37/0051,A63B 37/0051,{Special materialsMaterials other than polybutadienes; Special constructionConstructional details},{Special materialsMaterials other than polybutadienes; Special constructionConstructional details},Compilation of Changes
2020.08,U,A63B 37/006,A63B 37/006,{Physical properties},{Physical properties},Compilation of Changes
2020.08,C,A63B 37/0062,A63B 37/0062,{Hardness},{Hardness},Compilation of Changes
2020.08,N,A63B 37/00621,A63B 37/00621,{Centre hardness},{Centre hardness},Compilation of Changes
2020.08,N,A63B 37/00622,A63B 37/00622,{Surface hardness},{Surface hardness},Compilation of Changes
2020.08,M,A63B 37/0069,A63B 37/0069,{Flexural modulus}; Bending stiffness},{Flexural modulus}; Bending stiffness},Compilation of Changes
2020.08,N,A63B 37/00691,A63B 37/00691,{Colour tone},{Colour tone},Compilation of Changes
2020.08,U,A63B 37/007,A63B 37/007,{Characteristics of the ball as a whole},{Characteristics of the ball as a whole},Compilation of Changes
2020.08,C,A63B 37/0077,A63B 37/0077,{Physical properties},{Physical properties},Compilation of Changes
2020.08,N,A63B 37/00773,A63B 37/00773,{Moment of inertia},{Moment of inertia},Compilation of Changes
2020.08,N,A63B 37/00776,A63B 37/00776,{Slab hardness},{Slab hardness},Compilation of Changes
2020.08,U,A63B 37/0078,A63B 37/0078,{Coefficient of restitution},{Coefficient of restitution},Compilation of Changes
2020.08,D,A63B 2037/0079,A63B 2037/0079,{Compression},{Compression},Compilation of Changes
2020.08,D,A63B 37/0081,A63B 37/0081,{Deflection},{Deflection},Compilation of Changes
2020.08,M,A63B 37/0086,A63B 37/0086,{Flexural modulus}; Bending stiffness},{Flexural modulus}; Bending stiffness},Compilation of Changes
2020.08,C,A63B 37/0092,A63B 37/0092,{Hardness distribution amongst the different ball layers},{Hardness distribution amongst the different ball layers},Compilation of Changes
2020.08,N,A63B 37/00921,A63B 37/00921,{whereby hardness of the cover is higher than hardness of the intermediate layers},{whereby hardness of the cover is higher than hardness of the intermediate layers},Compilation of Changes
2020.08,N,A63B 37/00922,A63B 37/00922,{whereby hardness of the cover is lower than hardness of the intermediate layers},{whereby hardness of the cover is lower than hardness of the intermediate layers},Compilation of Changes
2020.08,U,A63B 37/0097,A63B 37/0097,"{Layers interlocking by means of protrusions or inserts, lattices or the like}","{Layers interlocking by means of protrusions or inserts, lattices or the like}",Compilation of Changes
2020.08,M,A63B 37/02,A63B 37/02,"Special cores {(A63B37/0001, A63B37/0003 take precedenceballs with finger holes A63B37/0001, golf ball cores A63B37/005)}","Special cores {(A63B37/0001, A63B37/0003 take precedenceballs with finger holes A63B37/0001, golf ball cores A63B37/005)}",Compilation of Changes
2020.08,M,A63B 37/12,A63B 37/12,"Special coverings {, i.e. outer layer material (A63B37/0001, A63B37/0003 take precedenceballs with finger holes A63B37/0001, golf ball covers A63B37/0023)}","Special coverings {, i.e. outer layer material (A63B37/0001, A63B37/0003 take precedenceballs with finger holes A63B37/0001, golf ball covers A63B37/0023)}",Compilation of Changes
2020.08,U,A63B 37/14,A63B 37/14,Special surfaces {(A63B37/0004 takes precedence)},Special surfaces {(A63B37/0004 takes precedence)},Compilation of Changes
2020.08,C,A63B 41/00,A63B 41/00,Hollow inflatable balls,Hollow inflatable balls,Compilation of Changes
2020.08,U,A63B 41/12,A63B 41/12,Tools or devices for blowing up or closing balls {(for pricking-balls A63B39/04)},Tools or devices for blowing up or closing balls {(for pricking-balls A63B39/04)},Compilation of Changes
2020.08,N,A63B 41/125,A63B 41/125,"{Large inflatable balls primarily used as body supports for exercising, e.g. balancing}","{Large inflatable balls primarily used as body supports for exercising, e.g. balancing}",Compilation of Changes
2020.08,U,A63B 51/00,A63B 51/00,"Stringing tennis, badminton or like rackets; Strings therefor; Maintenance of racket strings","Stringing tennis, badminton or like rackets; Strings therefor; Maintenance of racket strings",Compilation of Changes
2020.08,D,A63B 2051/001,A63B 2051/001,"{using strings with different characteristics, e.g. gut and nylon, on the same frame}","{using strings with different characteristics, e.g. gut and nylon, on the same frame}",Compilation of Changes
2020.08,N,A63B 51/001,A63B 51/001,"{using strings made of different materials on the same frame, e.g. gut and nylon}","{using strings made of different materials on the same frame, e.g. gut and nylon}",Compilation of Changes
2020.08,D,A63B 2051/002,A63B 2051/002,"{using strings with different cross-sections, e.g. different thickness, on the same frame}","{using strings with different cross-sections, e.g. different thickness, on the same frame}",Compilation of Changes
2020.08,N,A63B 51/002,A63B 51/002,"{using strings with different cross-sections on the same frame, e.g. with different thickness}","{using strings with different cross-sections on the same frame, e.g. with different thickness}",Compilation of Changes
2020.08,D,A63B 2051/004,A63B 2051/004,{using strings with different tension on the same frame},{using strings with different tension on the same frame},Compilation of Changes
2020.08,N,A63B 51/004,A63B 51/004,{using strings with different tension on the same frame},{using strings with different tension on the same frame},Compilation of Changes
2020.08,U,A63B 51/02,A63B 51/02,"Strings; String substitutes; Products applied on strings, e.g. for protection against humidity or wear","Strings; String substitutes; Products applied on strings, e.g. for protection against humidity or wear",Compilation of Changes
2020.08,D,A63B 2051/023,A63B 2051/023,"{with characteristics, e.g. diameter, elasticity varying along the length of the string}","{with characteristics, e.g. diameter, elasticity varying along the length of the string}",Compilation of Changes
2020.08,N,A63B 51/023,A63B 51/023,"{Strings having characteristics varying along the length of the string, e.g. diameter or elasticity}","{Strings having characteristics varying along the length of the string, e.g. diameter or elasticity}",Compilation of Changes
2020.08,D,A63B 2051/026,A63B 2051/026,{with non-circular cross-section},{with non-circular cross-section},Compilation of Changes
2020.08,N,A63B 51/026,A63B 51/026,{Strings having non-circular cross-section},{Strings having non-circular cross-section},Compilation of Changes
2020.08,U,A63B 51/04,A63B 51/04,Sheet-like structures used as substitutes,Sheet-like structures used as substitutes,Compilation of Changes
2020.08,D,A63B 2051/045,A63B 2051/045,{wooden blade with perforations},{wooden blade with perforations},Compilation of Changes
2020.08,N,A63B 51/045,A63B 51/045,{Wooden blades with perforations},{Wooden blades with perforations},Compilation of Changes
2020.08,U,A63B 51/14,A63B 51/14,"Arrangements for stringing, e.g. for controlling the tension of the strings during stringing","Arrangements for stringing, e.g. for controlling the tension of the strings during stringing",Compilation of Changes
2020.08,D,A63B 2051/143,A63B 2051/143,{Hand-Held string-tensioning devices},{Hand-Held string-tensioning devices},Compilation of Changes
2020.08,N,A63B 51/143,A63B 51/143,{Hand-held string-tensioning devices},{Hand-held string-tensioning devices},Compilation of Changes
2020.08,D,A63B 2051/146,A63B 2051/146,"{Devices simultaneously raising and lowering alternate longitudinal strings previously mounted in a frame, to facilitate the threading of the crossstrings}","{Devices simultaneously raising and lowering alternate longitudinal strings previously mounted in a frame, to facilitate the threading of the crossstrings}",Compilation of Changes
2020.08,N,A63B 51/146,A63B 51/146,"{Devices simultaneously raising and lowering alternate longitudinal strings previously mounted in a frame, to facilitate the threading of the cross strings}","{Devices simultaneously raising and lowering alternate longitudinal strings previously mounted in a frame, to facilitate the threading of the cross strings}",Compilation of Changes
2020.08,U,A63B 53/00,A63B 53/00,Golf clubs,Golf clubs,Compilation of Changes
2020.08,D,A63B 2053/002,A63B 2053/002,"{Clubs made of composite, plastics or rubber materials, with integral head and shaft}","{Clubs made of composite, plastics or rubber materials, with integral head and shaft}",Compilation of Changes
2020.08,N,A63B 53/002,A63B 53/002,"{Clubs made of composite, plastics or rubber materials, with integral head and shaft}","{Clubs made of composite, plastics or rubber materials, with integral head and shaft}",Compilation of Changes
2020.08,D,A63B 2053/005,A63B 2053/005,{Club sets},{Club sets},Compilation of Changes
2020.08,N,A63B 53/005,A63B 53/005,{Club sets},{Club sets},Compilation of Changes
2020.08,U,A63B 53/02,A63B 53/02,Joint structures between the head and the shaft,Joint structures between the head and the shaft,Compilation of Changes
2020.08,D,A63B 2053/021,A63B 2053/021,{the shaft axis being forwardly offset relative to the striking face of the head},{the shaft axis being forwardly offset relative to the striking face of the head},Compilation of Changes
2020.08,N,A63B 53/021,A63B 53/021,{the shaft axis being forwardly offset relative to the striking face of the head},{the shaft axis being forwardly offset relative to the striking face of the head},Compilation of Changes
2020.08,D,A63B 2053/022,A63B 2053/022,{allowing adjustable positioning of the head with respect to the shaft},{allowing adjustable positioning of the head with respect to the shaft},Compilation of Changes
2020.08,N,A63B 53/022,A63B 53/022,{allowing adjustable positioning of the head with respect to the shaft},{allowing adjustable positioning of the head with respect to the shaft},Compilation of Changes
2020.08,D,A63B 2053/023,A63B 2053/023,{adjustable angular orientation},{adjustable angular orientation},Compilation of Changes
2020.08,N,A63B 53/023,A63B 53/023,{adjustable angular orientation},{adjustable angular orientation},Compilation of Changes
2020.08,D,A63B 2053/025,A63B 2053/025,"{lie angle only, i.e. relative angular adjustment between the shaft and the club head about an axis parallel to the intended line of play when the club is in its normal address position}","{lie angle only, i.e. relative angular adjustment between the shaft and the club head about an axis parallel to the intended line of play when the club is in its normal address position}",Compilation of Changes
2020.08,N,A63B 53/025,A63B 53/025,"{lie angle only, i.e. relative angular adjustment between the shaft and the club head about an axis parallel to the intended line of play when the club is in its normal address position}","{lie angle only, i.e. relative angular adjustment between the shaft and the club head about an axis parallel to the intended line of play when the club is in its normal address position}",Compilation of Changes
2020.08,D,A63B 2053/026,A63B 2053/026,"{loft angle only, i.e. relative angular adjustment between the shaft and the club head about a horizontal axis perpendicular to the intended line of play when the club is in its normal address position}","{loft angle only, i.e. relative angular adjustment between the shaft and the club head about a horizontal axis perpendicular to the intended line of play when the club is in its normal address position}",Compilation of Changes
2020.08,N,A63B 53/026,A63B 53/026,"{loft angle only, i.e. relative angular adjustment between the shaft and the club head about a horizontal axis perpendicular to the intended line of play when the club is in its normal address position}","{loft angle only, i.e. relative angular adjustment between the shaft and the club head about a horizontal axis perpendicular to the intended line of play when the club is in its normal address position}",Compilation of Changes
2020.08,D,A63B 2053/027,A63B 2053/027,{about the longitudinal axis of the shaft only},{about the longitudinal axis of the shaft only},Compilation of Changes
2020.08,N,A63B 53/027,A63B 53/027,{about the longitudinal axis of the shaft only},{about the longitudinal axis of the shaft only},Compilation of Changes
2020.08,D,A63B 2053/028,A63B 2053/028,{with a range of alternative attachment points for the shaft},{with a range of alternative attachment points for the shaft},Compilation of Changes
2020.08,N,A63B 53/028,A63B 53/028,{with a range of alternative attachment points for the shaft},{with a range of alternative attachment points for the shaft},Compilation of Changes
2020.08,U,A63B 53/04,A63B 53/04,Heads,Heads,Compilation of Changes
2020.08,D,A63B 2053/0408,A63B 2053/0408,{with defined dimensions},{with defined dimensions},Compilation of Changes
2020.08,N,A63B 53/0408,A63B 53/0408,"{characterised by specific dimensions, e.g. thickness}","{characterised by specific dimensions, e.g. thickness}",Compilation of Changes
2020.08,D,A63B 2053/0412,A63B 2053/0412,{Volume},{Volume},Compilation of Changes
2020.08,N,A63B 53/0412,A63B 53/0412,{Volume},{Volume},Compilation of Changes
2020.08,D,A63B 2053/0416,A63B 2053/0416,{Heads with an impact surface provided by a face insert},{Heads with an impact surface provided by a face insert},Compilation of Changes
2020.08,N,A63B 53/0416,A63B 53/0416,{Heads having an impact surface provided by a face insert},{Heads having an impact surface provided by a face insert},Compilation of Changes
2020.08,D,A63B 2053/042,A63B 2053/042,{the face insert consisting of a material different from that of the head},{the face insert consisting of a material different from that of the head},Compilation of Changes
2020.08,N,A63B 53/042,A63B 53/042,{the face insert consisting of a material different from that of the head},{the face insert consisting of a material different from that of the head},Compilation of Changes
2020.08,D,A63B 2053/0425,A63B 2053/0425,{the face insert comprising two or more different materials},{the face insert comprising two or more different materials},Compilation of Changes
2020.08,N,A63B 53/0425,A63B 53/0425,{the face insert comprising two or more different materials},{the face insert comprising two or more different materials},Compilation of Changes
2020.08,D,A63B 2053/0429,A63B 2053/0429,{the face insert comprising two or more layers of material},{the face insert comprising two or more layers of material},Compilation of Changes
2020.08,N,A63B 53/0429,A63B 53/0429,{the face insert comprising two or more layers of material},{the face insert comprising two or more layers of material},Compilation of Changes
2020.08,D,A63B 2053/0433,A63B 2053/0433,{with special sole configurations},{with special sole configurations},Compilation of Changes
2020.08,N,A63B 53/0433,A63B 53/0433,{with special sole configurations},{with special sole configurations},Compilation of Changes
2020.08,N,A63B 53/0437,A63B 53/0437,{with special crown configurations},{with special crown configurations},Compilation of Changes
2020.08,D,A63B 2053/0437,A63B 2053/0437,{with special crown configurations},{with special crown configurations},Compilation of Changes
2020.08,D,A63B 2053/0441,A63B 2053/0441,{with visual indicators for aligning the golf club},{with visual indicators for aligning the golf club},Compilation of Changes
2020.08,N,A63B 53/0441,A63B 53/0441,{with visual indicators for aligning the golf club},{with visual indicators for aligning the golf club},Compilation of Changes
2020.08,D,A63B 2053/0445,A63B 2053/0445,{Details of grooves or the like on impact surface},{Details of grooves or the like on impact surface},Compilation of Changes
2020.08,N,A63B 53/0445,A63B 53/0445,{Details of grooves or the like on the impact surface},{Details of grooves or the like on the impact surface},Compilation of Changes
2020.08,D,A63B 2053/045,A63B 2053/045,{Strengthening ribs},{Strengthening ribs},Compilation of Changes
2020.08,N,A63B 53/045,A63B 53/045,{Strengthening ribs},{Strengthening ribs},Compilation of Changes
2020.08,D,A63B 2053/0454,A63B 2053/0454,{Strengthening ribs on the rear surface of the impact face plate},{Strengthening ribs on the rear surface of the impact face plate},Compilation of Changes
2020.08,N,A63B 53/0454,A63B 53/0454,{Strengthening ribs on the rear surface of the impact face plate},{Strengthening ribs on the rear surface of the impact face plate},Compilation of Changes
2020.08,D,A63B 2053/0458,A63B 2053/0458,{with non-uniform thickness of the impact face plate},{with non-uniform thickness of the impact face plate},Compilation of Changes
2020.08,N,A63B 53/0458,A63B 53/0458,{with non-uniform thickness of the impact face plate},{with non-uniform thickness of the impact face plate},Compilation of Changes
2020.08,D,A63B 2053/0462,A63B 2053/0462,{characterised by tapering thickness of the impact face plate},{characterised by tapering thickness of the impact face plate},Compilation of Changes
2020.08,N,A63B 53/0462,A63B 53/0462,{characterised by tapering thickness of the impact face plate},{characterised by tapering thickness of the impact face plate},Compilation of Changes
2020.08,U,A63B 2053/0491,A63B 2053/0491,"{with added weights, e.g. changeable, replaceable}","{with added weights, e.g. changeable, replaceable}",Compilation of Changes
2020.08,M,A63B 2053/0495,A63B 2053/0495,"{moving on impact, slidable, spring or otherwise elastically biassedbiased}","{moving on impact, slidable, spring or otherwise elastically biassedbiased}",Compilation of Changes
2020.08,M,A63B 59/00,A63B 59/00,"Bats, rackets, or the like, not covered by groups A63B49/00 - A63B57/00 {(details A63B60/00)}","Bats, rackets, or the like, not covered by groups A63B49/00 - A63B57/00 {(details A63B60/00)}",Compilation of Changes
2020.08,U,A63B 60/00,A63B 60/00,"Details or accessories of golf clubs, bats, rackets or the like","Details or accessories of golf clubs, bats, rackets or the like",Compilation of Changes
2020.08,D,A63B 2060/002,A63B 2060/002,{Resonance frequency related characteristics},{Resonance frequency related characteristics},Compilation of Changes
2020.08,N,A63B 60/002,A63B 60/002,{Resonance frequency related characteristics},{Resonance frequency related characteristics},Compilation of Changes
2020.08,D,A63B 2060/004,A63B 2060/004,{striking surfaces coated with high-friction abrasive material},{striking surfaces coated with high-friction abrasive material},Compilation of Changes
2020.08,N,A63B 60/004,A63B 60/004,{Striking surfaces coated with high-friction abrasive materials},{Striking surfaces coated with high-friction abrasive materials},Compilation of Changes
2020.08,D,A63B 2060/006,A63B 2060/006,{having special surfaces reducing air resistance},{having special surfaces reducing air resistance},Compilation of Changes
2020.08,N,A63B 60/006,A63B 60/006,{Surfaces specially adapted for reducing air resistance},{Surfaces specially adapted for reducing air resistance},Compilation of Changes
2020.08,D,A63B 2060/0081,A63B 2060/0081,"{Substantially flexible shafts, hinged shafts}","{Substantially flexible shafts, hinged shafts}",Compilation of Changes
2020.08,N,A63B 60/0081,A63B 60/0081,{Substantially flexible shafts; Hinged shafts},{Substantially flexible shafts; Hinged shafts},Compilation of Changes
2020.08,D,A63B 2060/0085,A63B 2060/0085,{Telescopic shafts},{Telescopic shafts},Compilation of Changes
2020.08,N,A63B 60/0085,A63B 60/0085,{Telescopic shafts},{Telescopic shafts},Compilation of Changes
2020.08,M,A63B 60/06,A63B 60/06,Handles {(structurally associated with frames of stringed rackets A63B49/08)},Handles {(structurally associated with frames of stringed rackets A63B49/08)},Compilation of Changes
2020.08,U,A63B 60/48,A63B 60/48,with corrugated cross-section,with corrugated cross-section,Compilation of Changes
2020.08,T,A63B 69/00,A63B 69/00,Training appliances or apparatus for special sports (training of parachutists B64D23/00),Training appliances or apparatus for special sports (training of parachutists B64D23/00),Compilation of Changes
2020.08,U,A63B 69/0002,A63B 69/0002,{for baseball},{for baseball},Compilation of Changes
2020.08,U,A63B 69/0013,A63B 69/0013,{Baseball bases},{Baseball bases},Compilation of Changes
2020.08,U,A63B 69/002,A63B 69/002,{for football (American-football dummies A63B69/345)},{for football (American-football dummies A63B69/345)},Compilation of Changes
2020.08,U,A63B 69/0024,A63B 69/0024,{for hockey},{for hockey},Compilation of Changes
2020.08,U,A63B 69/0026,A63B 69/0026,{for ice-hockey},{for ice-hockey},Compilation of Changes
2020.08,U,A63B 69/004,A63B 69/004,"{for the martial arts, e.g. karate, judo (A63B69/20, A63B69/34 take precedence)}","{for the martial arts, e.g. karate, judo (A63B69/20, A63B69/34 take precedence)}",Compilation of Changes
2020.08,U,A63B 2069/0044,A63B 2069/0044,"{Fake or disarmed practise weapons, i.e. for mimicking combat situations}","{Fake or disarmed practise weapons, i.e. for mimicking combat situations}",Compilation of Changes
2020.08,U,A63B 69/0048,A63B 69/0048,"{for mountaineering, e.g. climbing-walls, grip elements for climbing-walls}","{for mountaineering, e.g. climbing-walls, grip elements for climbing-walls}",Compilation of Changes
2020.08,D,A63B 69/0051,A63B 69/0051,"{not used, see subgroups and A63B69/00}","{not used, see subgroups and A63B69/00}",Compilation of Changes
2020.08,C,A63B 69/0053,A63B 69/0053,{Apparatus generating random stimulus signals for reaction-time training involving a substantial physical effort (testing reaction time A61B5/162; reaction-time games A63F9/0096)},{Apparatus generating random stimulus signals for reaction-time training involving a substantial physical effort (testing reaction time A61B5/162; reaction-time games A63F9/0096)},Compilation of Changes
2020.08,N,A63B 69/0055,A63B 69/0055,"{with means for distracting the user, e.g. visual or audio means}","{with means for distracting the user, e.g. visual or audio means}",Compilation of Changes
2020.08,D,A63B 2069/0055,A63B 2069/0055,"{with means for distracting the user, e.g. visual or audio means}","{with means for distracting the user, e.g. visual or audio means}",Compilation of Changes
2020.08,C,A63B 69/0057,A63B 69/0057,{Means for physically limiting movements of body parts (A63B23/0211 takes precedence)},{Means for physically limiting movements of body parts (A63B23/0211 takes precedence)},Compilation of Changes
2020.08,M,A63B 69/0059,A63B 69/0059,{worn by the user},{worn by the user},Compilation of Changes
2020.08,N,A63B 69/0062,A63B 69/0062,{Leg restraining devices},{Leg restraining devices},Compilation of Changes
2020.08,D,A63B 2069/0062,A63B 2069/0062,{Leg restraining devices},{Leg restraining devices},Compilation of Changes
2020.08,M,A63B 69/0064,A63B 69/0064,{Attachments on the trainee preventing falling},{Attachments on the trainee preventing falling},Compilation of Changes
2020.08,U,A63B 69/0073,A63B 69/0073,"{Means for releasably holding a ball in position; Balls constrained to move around a fixed point, e.g. by tethering}","{Means for releasably holding a ball in position; Balls constrained to move around a fixed point, e.g. by tethering}",Compilation of Changes
2020.08,U,A63B 69/0079,A63B 69/0079,{Balls tethered to a line or cord (A63B43/007 takes precedence; other games using tethered balls A63B67/10; games using a bat or racket with a ball tethered thereto A63B67/20)},{Balls tethered to a line or cord (A63B43/007 takes precedence; other games using tethered balls A63B67/10; games using a bat or racket with a ball tethered thereto A63B67/20)},Compilation of Changes
2020.08,U,A63B 69/0093,A63B 69/0093,"{for surfing, i.e. without a sail; for skate or snow boarding}","{for surfing, i.e. without a sail; for skate or snow boarding}",Compilation of Changes
2020.08,U,A63B 69/0097,A63B 69/0097,{Ball rebound walls (with holes or in combination with nets A63B63/00)},{Ball rebound walls (with holes or in combination with nets A63B63/00)},Compilation of Changes
2020.08,M,A63B 69/02,A63B 69/02,"for fencing {, e.g. means for indicating hits (fencing foils, sabres or epees F41B13/02)}","for fencing {, e.g. means for indicating hits (fencing foils, sabres or epees F41B13/02)}",Compilation of Changes
2020.08,U,A63B 69/12,A63B 69/12,Arrangements in swimming pools for teaching swimming {or for training},Arrangements in swimming pools for teaching swimming {or for training},Compilation of Changes
2020.08,U,A63B 69/125,A63B 69/125,{Devices for generating a current of water in swimming pools},{Devices for generating a current of water in swimming pools},Compilation of Changes
2020.08,M,A63B 69/14,A63B 69/14,"Teaching frames for swimming {; Swimming boards (life-buoys, life-belts B63C9/08)}","Teaching frames for swimming {; Swimming boards (life-buoys, life-belts B63C9/08)}",Compilation of Changes
2020.08,M,A63B 69/16,A63B 69/16,"for cycling {, i.e. arrangements on or for real bicycles (home-trainers A63B23/0476)}","for cycling {, i.e. arrangements on or for real bicycles (home-trainers A63B23/0476)}",Compilation of Changes
2020.08,U,A63B 69/34,A63B 69/34,"{Dummies, e.g.} boxing or {American-} football dummies","{Dummies, e.g.} boxing or {American-} football dummies",Compilation of Changes
2020.08,C,A63B 69/36,A63B 69/36,for golf,for golf,Compilation of Changes
2020.08,D,A63B 2069/3602,A63B 2069/3602,{Player's game information devices},{Player's game information devices},Compilation of Changes
2020.08,N,A63B 69/3605,A63B 69/3605,{Golf club selection aids informing player of his average or expected shot distance for each club},{Golf club selection aids informing player of his average or expected shot distance for each club},Compilation of Changes
2020.08,D,A63B 2069/3605,A63B 2069/3605,{Golf club selection aids informing player of his average or expected shot distance for each club},{Golf club selection aids informing player of his average or expected shot distance for each club},Compilation of Changes
2020.08,D,A63B 69/3611,A63B 69/3611,"{not used, see A63B69/36 and subgroups}","{not used, see A63B69/36 and subgroups}",Compilation of Changes
2020.08,M,A63B 69/3614,A63B 69/3614,"{using electro-magnetic, magnetic or ultrasonic radiation emitted, reflected or interrupted by the golf club}","{using electro-magnetic, magnetic or ultrasonic radiation emitted, reflected or interrupted by the golf club}",Compilation of Changes
2020.08,C,A63B 69/3617,A63B 69/3617,"{Striking surfaces with impact indicating means, e.g. markers}","{Striking surfaces with impact indicating means, e.g. markers}",Compilation of Changes
2020.08,N,A63B 69/362,A63B 69/362,{electrical or electronic},{electrical or electronic},Compilation of Changes
2020.08,D,A63B 2069/362,A63B 2069/362,{electrical or electronic},{electrical or electronic},Compilation of Changes
2020.08,N,A63B 69/3621,A63B 69/3621,{Contacting or non-contacting mechanical means for guiding the swing},{Contacting or non-contacting mechanical means for guiding the swing},Compilation of Changes
2020.08,N,A63B 69/36211,A63B 69/36211,"{Mechanical guides guiding the club head end during the complete swing, e.g. rails}","{Mechanical guides guiding the club head end during the complete swing, e.g. rails}",Compilation of Changes
2020.08,N,A63B 69/36212,A63B 69/36212,{with a flexible member fixed on the club and rotating around a fixed supporting point (clubs only for gymnastics or muscular training A63B15/00)},{with a flexible member fixed on the club and rotating around a fixed supporting point (clubs only for gymnastics or muscular training A63B15/00)},Compilation of Changes
2020.08,N,A63B 69/36213,A63B 69/36213,{with arm or rod fixed on the club and rotating around a fixed supporting point},{with arm or rod fixed on the club and rotating around a fixed supporting point},Compilation of Changes
2020.08,C,A63B 69/3623,A63B 69/3623,"{for driving (A63B69/3608, A63B69/3658, A63B69/3661, A63B69/3667 and A63B69/3691 take precedence)}","{for driving (A63B69/3608, A63B69/3658, A63B69/3661, A63B69/3667 and A63B69/3691 take precedence)}",Compilation of Changes
2020.08,D,A63B 2069/3626,A63B 2069/3626,{Details},{Details},Compilation of Changes
2020.08,N,A63B 69/3629,A63B 69/3629,"{Visual means not attached to the body for aligning, positioning the trainee's head or for detecting head movement, e.g. by parallax}","{Visual means not attached to the body for aligning, positioning the trainee's head or for detecting head movement, e.g. by parallax}",Compilation of Changes
2020.08,D,A63B 2069/3629,A63B 2069/3629,"{Visual means not attached to the body for positioning the trainee's head or for detecting head movement, e.g. by parallax}","{Visual means not attached to the body for positioning the trainee's head or for detecting head movement, e.g. by parallax}",Compilation of Changes
2020.08,U,A63B 69/3632,A63B 69/3632,"{Clubs or attachments on clubs, e.g. for measuring, aligning (A63B69/3614 takes precedence; clubs for swinging exercises in general A63B15/00)}","{Clubs or attachments on clubs, e.g. for measuring, aligning (A63B69/3614 takes precedence; clubs for swinging exercises in general A63B15/00)}",Compilation of Changes
2020.08,D,A63B 69/3641,A63B 69/3641,{with guides for guiding the swing},{with guides for guiding the swing},Compilation of Changes
2020.08,D,A63B 69/3644,A63B 69/3644,"{Mechanical guide guiding the club head end during the complete swing, e.g. rails}","{Mechanical guide guiding the club head end during the complete swing, e.g. rails}",Compilation of Changes
2020.08,D,A63B 69/3647,A63B 69/3647,{with a flexible member fixed on the club and rotating around a fixed supporting point},{with a flexible member fixed on the club and rotating around a fixed supporting point},Compilation of Changes
2020.08,D,A63B 69/365,A63B 69/365,{with arm or rod fixed on the club and rotating around a fixed supporting point},{with arm or rod fixed on the club and rotating around a fixed supporting point},Compilation of Changes
2020.08,U,A63B 69/3652,A63B 69/3652,{Inclined platforms for practising drives from slopes},{Inclined platforms for practising drives from slopes},Compilation of Changes
2020.08,U,A63B 69/3661,A63B 69/3661,"{Mats for golf practice, e.g. mats having a simulated turf, a practice tee or a green area}","{Mats for golf practice, e.g. mats having a simulated turf, a practice tee or a green area}",Compilation of Changes
2020.08,C,A63B 69/3676,A63B 69/3676,"{for putting (A63B69/3608, A63B69/3661, A63B69/3667 and A63B69/3697 take precedence)}","{for putting (A63B69/3608, A63B69/3661, A63B69/3667 and A63B69/3697 take precedence)}",Compilation of Changes
2020.08,D,A63B 2069/3679,A63B 2069/3679,{Details},{Details},Compilation of Changes
2020.08,N,A63B 69/3682,A63B 69/3682,"{Visual means not attached to the body for aligning, positioning the trainee's head or for detecting head movement, e.g. by parallax}","{Visual means not attached to the body for aligning, positioning the trainee's head or for detecting head movement, e.g. by parallax}",Compilation of Changes
2020.08,D,A63B 2069/3682,A63B 2069/3682,"{Visual means not attached to the body for positioning the trainee's head or for detecting head movement, e.g. by parallax}","{Visual means not attached to the body for positioning the trainee's head or for detecting head movement, e.g. by parallax}",Compilation of Changes
2020.08,U,A63B 69/3685,A63B 69/3685,"{Putters or attachments on putters, e.g. for measuring, aligning (A63B69/3614 takes precedence)}","{Putters or attachments on putters, e.g. for measuring, aligning (A63B69/3614 takes precedence)}",Compilation of Changes
2020.08,U,A63B 69/3691,A63B 69/3691,"{Golf courses; Golf practising terrains having a plurality of driving areas, fairways, greens (special golf games, e.g. miniature golf, A63B67/02; mats for simulating golf greens A63B69/3661)}","{Golf courses; Golf practising terrains having a plurality of driving areas, fairways, greens (special golf games, e.g. miniature golf, A63B67/02; mats for simulating golf greens A63B69/3661)}",Compilation of Changes
2020.08,U,A63B 69/04,A63B 69/04,Stationarily-arranged devices for projecting balls {or other bodies} ({golf cups with ball ejector means A63B57/405;} traps for clay-pigeon targets F41J9/18),Stationarily-arranged devices for projecting balls {or other bodies} ({golf cups with ball ejector means A63B57/405;} traps for clay-pigeon targets F41J9/18),Compilation of Changes
2020.08,U,A63B 69/406,A63B 69/406,"{with rotating discs, wheels or pulleys gripping and propelling the balls or bodies by friction}","{with rotating discs, wheels or pulleys gripping and propelling the balls or bodies by friction}",Compilation of Changes
2020.08,U,A63B 69/407,A63B 69/407,{with spring-loaded propelling means},{with spring-loaded propelling means},Compilation of Changes
2020.08,U,A63B 71/00,A63B 71/00,Games or sports accessories not covered in groups A63B1/00 - A63B69/00 (starting appliances A63K3/02),Games or sports accessories not covered in groups A63B1/00 - A63B69/00 (starting appliances A63K3/02),Compilation of Changes
2020.08,U,A63B 71/0036,A63B 71/0036,"{Accessories for stowing, putting away or transporting exercise apparatus or sports equipment (A63B47/00, A63B55/00, A63B60/56 take precedence)}","{Accessories for stowing, putting away or transporting exercise apparatus or sports equipment (A63B47/00, A63B55/00, A63B60/56 take precedence)}",Compilation of Changes
2020.08,U,A63B 71/0045,A63B 71/0045,{specially adapted for games played with rackets or bats (A63B60/56 takes precedence)},{specially adapted for games played with rackets or bats (A63B60/56 takes precedence)},Compilation of Changes
2020.08,U,A63B 71/0054,A63B 71/0054,"{Features for injury prevention on an apparatus, e.g. shock absorbers (mats or the like for absorbing shocks for jumping A63B6/00)}","{Features for injury prevention on an apparatus, e.g. shock absorbers (mats or the like for absorbing shocks for jumping A63B6/00)}",Compilation of Changes
2020.08,U,A63B 2071/0081,A63B 2071/0081,{Stopping the operation of the apparatus},{Stopping the operation of the apparatus},Compilation of Changes
2020.08,C,A63B 71/02,A63B 71/02,for large-room or outdoor sporting games,for large-room or outdoor sporting games,Compilation of Changes
2020.08,M,A63B 71/021,A63B 71/021,"{Stays or guy-ropes (for masts E04H12/20, for tents E04H15/34)}","{Stays or guy-ropes (for masts E04H12/20, for tents E04H15/34)}",Compilation of Changes
2020.08,U,A63B 71/022,A63B 71/022,"{Backstops, cages, enclosures or the like, e.g. for spectator protection, for arresting balls}","{Backstops, cages, enclosures or the like, e.g. for spectator protection, for arresting balls}",Compilation of Changes
2020.08,U,A63B 71/023,A63B 71/023,"{Supports, e.g. poles}","{Supports, e.g. poles}",Compilation of Changes
2020.08,M,A63B 71/028,A63B 71/028,{Floor sockets for removable poles (sockets for poles in general E04H12/22)},{Floor sockets for removable poles (sockets for poles in general E04H12/22)},Compilation of Changes
2020.08,N,A63B 71/03,A63B 71/03,"{Athletic drills or obstacles for sport training, other than foot obstacles for skipping}","{Athletic drills or obstacles for sport training, other than foot obstacles for skipping}",Compilation of Changes
2020.08,U,A63B 71/06,A63B 71/06,"Indicating or scoring devices for games or players {, or for other sports activities}","Indicating or scoring devices for games or players {, or for other sports activities}",Compilation of Changes
2020.08,U,A63B 71/0619,A63B 71/0619,"{Displays, user interfaces and indicating devices, specially adapted for sport equipment, e.g. display mounted on treadmills}","{Displays, user interfaces and indicating devices, specially adapted for sport equipment, e.g. display mounted on treadmills}",Compilation of Changes
2020.08,U,A63B 2071/0655,A63B 2071/0655,{Tactile feedback},{Tactile feedback},Compilation of Changes
2020.08,U,A63B 2071/0694,A63B 2071/0694,"{Visual indication, e.g. Indicia}","{Visual indication, e.g. Indicia}",Compilation of Changes
2020.08,M,A63B 71/08,A63B 71/08,"Body-protectors for players or sportsmen, { {, i.e. body-protecting accessories affording protection of body parts against blows or collisions} (protective clothing or garments for sporting purposes A41D13/00)","Body-protectors for players or sportsmen, { {, i.e. body-protecting accessories affording protection of body parts against blows or collisions} (protective clothing or garments for sporting purposes A41D13/00)",Compilation of Changes
2020.08,M,A63B 71/085,A63B 71/085,{Mouth or teeth protectors (A63B71/081 takes precedence; protective face masks A41D13/00)},{Mouth or teeth protectors (A63B71/081 takes precedence; protective face masks A41D13/00)},Compilation of Changes
2020.08,M,A63B 71/12,A63B 71/12,"for the body, {e.g. shoulders}, or the legs { or the legs {, e.g. for the shoulders (A63B71/081 takes precedence)}","for the body, {e.g. shoulders}, or the legs { or the legs {, e.g. for the shoulders (A63B71/081 takes precedence)}",Compilation of Changes
2020.08,M,A63B 71/1225,A63B 71/1225,"{for the legs, e.g. thighs, knees, ankles, feet (bandages, e.g. orthesis-like supports or braces A61F5/0102; for strengthening joints A61F13/06)}","{for the legs, e.g. thighs, knees, ankles, feet (bandages, e.g. orthesis-like supports or braces A61F5/0102; for strengthening joints A61F13/06)}",Compilation of Changes
2020.08,U,A63B 2071/1258,A63B 2071/1258,"{for the shin, e.g. shin guards}","{for the shin, e.g. shin guards}",Compilation of Changes
2020.08,M,A63B 71/1291,A63B 71/1291,{for the neck (as a part of a helmet A42B)},{for the neck (as a part of a helmet A42B)},Compilation of Changes
2020.08,U,A63B 71/14,A63B 71/14,"for the hands, e.g. baseball, boxing or golfing gloves (archer's finger tabs F41B5/1473)","for the hands, e.g. baseball, boxing or golfing gloves (archer's finger tabs F41B5/1473)",Compilation of Changes
2020.08,M,A63B 71/141,A63B 71/141,{in the form of gloves (gloves in general A41D19/00)},{in the form of gloves (gloves in general A41D19/00)},Compilation of Changes
2020.08,D,A63B 2207/00,A63B 2207/00,Exercising or sporting devices provided with means enabling use in the dark,Exercising or sporting devices provided with means enabling use in the dark,Compilation of Changes
2020.08,D,A63B 2207/02,A63B 2207/02,Powered illuminating means,Powered illuminating means,Compilation of Changes
2020.08,C,A63B 2209/00,A63B 2209/00,Characteristics of used materials,Characteristics of used materials,Compilation of Changes
2020.08,U,A63B 2209/14,A63B 2209/14,with form or shape memory materials,with form or shape memory materials,Compilation of Changes
2020.08,N,A63B 2209/18,A63B 2209/18,biodegradable,biodegradable,Compilation of Changes
2020.08,N,A63B 2214/00,A63B 2214/00,Training methods,Training methods,Compilation of Changes
2020.08,M,A63B 2225/00,A63B 2225/00,"Other characteristics of sportsMiscellaneous features of sport apparatus, devices or equipment","Other characteristics of sportsMiscellaneous features of sport apparatus, devices or equipment",Compilation of Changes
2020.08,U,A63B 2225/01,A63B 2225/01,Multi-station exercising machines,Multi-station exercising machines,Compilation of Changes
2020.08,U,A63B 2225/105,A63B 2225/105,"each station having its own resisting device, e.g. for training multiple users simultaneously","each station having its own resisting device, e.g. for training multiple users simultaneously",Compilation of Changes
2020.08,U,A63B 2225/107,A63B 2225/107,Resisting devices being of the same kind,Resisting devices being of the same kind,Compilation of Changes
2020.08,N,A63B 2225/11,A63B 2225/11,specially adapted to be transported on a trailer,specially adapted to be transported on a trailer,Compilation of Changes
2020.08,M,A63B 2225/68,A63B 2225/68,"Apparatus or equipment provided with article holders, e.g. keys, wallets, bookswith article holders","Apparatus or equipment provided with article holders, e.g. keys, wallets, bookswith article holders",Compilation of Changes
2020.08,U,A63B 2225/72,A63B 2225/72,"Means preventing unauthorised use, e.g. by lowering a tennis net","Means preventing unauthorised use, e.g. by lowering a tennis net",Compilation of Changes
2020.08,N,A63B 2225/74,A63B 2225/74,"with powered illuminating means, e.g. lights","with powered illuminating means, e.g. lights",Compilation of Changes
2020.08,N,A63B 2225/76,A63B 2225/76,"with means enabling use in the dark, other than powered illuminating means","with means enabling use in the dark, other than powered illuminating means",Compilation of Changes
2020.08,M,A63C 5/00,A63C 5/00,Skis or snowboards; Accessories for skiingtherefor encompasses groups A63C5/00 – A63C11/265 only.,Skis or snowboards; Accessories for skiingtherefor encompasses groups A63C5/00 – A63C11/265 only.,Compilation of Changes
2020.08,C,A63C 5/00,A63C 5/00,"Skis or snowboards (sledges with runners, e.g. ski-bobs, B62B13/00; runners for sledges B62B17/02; runners for carrying wheeled vehicles to facilitate travel on snow or ice B62B19/00)","Skis or snowboards (sledges with runners, e.g. ski-bobs, B62B13/00; runners for sledges B62B17/02; runners for carrying wheeled vehicles to facilitate travel on snow or ice B62B19/00)",Compilation of Changes
2020.08,C,A63C 5/02,A63C 5/02,collapsible; divided,collapsible; divided,Compilation of Changes
2020.08,N,A63C 5/025,A63C 5/025,Short skis,Short skis,Compilation of Changes
2020.08,U,A63C 11/00,A63C 11/00,Accessories for skiing or snowboarding (fittings on vehicles for carrying skis B60R9/12),Accessories for skiing or snowboarding (fittings on vehicles for carrying skis B60R9/12),Compilation of Changes
2020.08,U,A63C 11/22,A63C 11/22,Ski-sticks,Ski-sticks,Compilation of Changes
2020.08,C,A63C 11/222,A63C 11/222,{Ski-stick handles or hand-straps},{Ski-stick handles or hand-straps},Compilation of Changes
2020.08,N,A63C 11/2224,A63C 11/2224,{Connection systems for hand-straps},{Connection systems for hand-straps},Compilation of Changes
2020.08,N,A63C 11/2228,A63C 11/2228,{Details of hand-straps},{Details of hand-straps},Compilation of Changes
2020.08,D,A63C 2203/00,A63C 2203/00,Skates; Accessories for skating,Skates; Accessories for skating,Compilation of Changes
2020.08,U,B01D 2201/00,B01D 2201/00,Details relating to filtering apparatus,Details relating to filtering apparatus,Compilation of Changes
2020.08,U,B01D 2201/04,B01D 2201/04,Special measures for connecting different parts of the filter,Special measures for connecting different parts of the filter,Compilation of Changes
2020.08,,B01D 2201/4092,B01D 2201/4092,"TreatedThreaded sections, e.g. screw","TreatedThreaded sections, e.g. screw",Compilation of Changes
2020.08,M,B05B 12/00,B05B 12/00,Arrangements for controlling delivery; Arrangements for controlling the spray area,Arrangements for controlling delivery; Arrangements for controlling the spray area,Compilation of Changes
2020.08,M,B05B 12/16,B05B 12/16,for controlling the spray area (B05B3/00 takes precedence),for controlling the spray area (B05B3/00 takes precedence),Compilation of Changes
2020.08,M,B05B 12/18,B05B 12/18,"using fluids, e.g. gas streams","using fluids, e.g. gas streams",Compilation of Changes
2020.08,M,B05B 12/02,B05B 12/02,"Masking elements, i.e. elements defining uncoated areas on an object to be coated","Masking elements, i.e. elements defining uncoated areas on an object to be coated",Compilation of Changes
2020.08,M,B05B 12/22,B05B 12/22,movable relative to the spray area,movable relative to the spray area,Compilation of Changes
2020.08,M,B05B 12/24,B05B 12/24,"made at least partly of flexible material, e.g. sheets of paper or fabric","made at least partly of flexible material, e.g. sheets of paper or fabric",Compilation of Changes
2020.08,M,B05B 12/26,B05B 12/26,for masking cavities,for masking cavities,Compilation of Changes
2020.08,M,B05B 12/28,B05B 12/28,"for defining uncoated areas that are not enclosed within coated areas or vice versa, e.g. for defining U-shaped border lines","for defining uncoated areas that are not enclosed within coated areas or vice versa, e.g. for defining U-shaped border lines",Compilation of Changes
2020.08,M,B05B 12/03,B05B 12/03,specially adapted for vehicle wheels,specially adapted for vehicle wheels,Compilation of Changes
2020.08,M,B05B 12/32,B05B 12/32,"Shielding elements, i.e. elements preventing overspray from reaching areas other than the object to be sprayed (nozzles with integral shielding elements B05B1/28)","Shielding elements, i.e. elements preventing overspray from reaching areas other than the object to be sprayed (nozzles with integral shielding elements B05B1/28)",Compilation of Changes
2020.08,M,B05B 12/34,B05B 12/34,movable relative to the spray area,movable relative to the spray area,Compilation of Changes
2020.08,M,B05B 12/36,B05B 12/36,"Side shields, i.e. shields extending in a direction substantially parallel to the spray jet","Side shields, i.e. shields extending in a direction substantially parallel to the spray jet",Compilation of Changes
2020.08,M,B05B 15/00,B05B 15/00,Details of spraying plant or spraying apparatus not otherwise provided for; Accessories,Details of spraying plant or spraying apparatus not otherwise provided for; Accessories,Compilation of Changes
2020.08,M,B05B 15/14,B05B 15/14,"Arrangements for preventing or controlling structural damage to spraying apparatus or its outlets, e.g. for breaking at desired places; Arrangements for handling or replacing damaged parts","Arrangements for preventing or controlling structural damage to spraying apparatus or its outlets, e.g. for breaking at desired places; Arrangements for handling or replacing damaged parts",Compilation of Changes
2020.08,M,B05B 15/18,B05B 15/18,"for improving resistance to wear, e.g. inserts or coatings; for indicating wear; for handling or replacing worn parts","for improving resistance to wear, e.g. inserts or coatings; for indicating wear; for handling or replacing worn parts",Compilation of Changes
2020.08,M,B05B 15/05,B05B 15/05,"Arrangements for cleaning; Arrangements for preventing deposits, drying-out or blockage; Arrangements for detecting improper discharge caused by the presence of foreign matter","Arrangements for cleaning; Arrangements for preventing deposits, drying-out or blockage; Arrangements for detecting improper discharge caused by the presence of foreign matter",Compilation of Changes
2020.08,M,B05B 15/58,B05B 15/58,"preventing deposits, drying-out or blockage by recirculating the fluid to be sprayed from upstream of the discharge opening back to the supplying means {(B05B1/3093 takes precedence)}","preventing deposits, drying-out or blockage by recirculating the fluid to be sprayed from upstream of the discharge opening back to the supplying means {(B05B1/3093 takes precedence)}",Compilation of Changes
2020.08,M,B05B 15/06,B05B 15/06,"Arrangements for mounting, supporting or holding spraying apparatus","Arrangements for mounting, supporting or holding spraying apparatus",Compilation of Changes
2020.08,M,B05B 15/63,B05B 15/63,Handgrips,Handgrips,Compilation of Changes
2020.08,M,B05B 15/07,B05B 15/07,Arrangements for moving spray heads automatically to or from the working position,Arrangements for moving spray heads automatically to or from the working position,Compilation of Changes
2020.08,M,B05B 15/72,B05B 15/72,using hydraulic or pneumatic means,using hydraulic or pneumatic means,Compilation of Changes
2020.08,M,B05B 15/74,B05B 15/74,driven by the discharged fluid,driven by the discharged fluid,Compilation of Changes
2020.08,U,B21J 5/00,B21J 5/00,"Methods for forging, hammering, or pressing (for working sheet-metal or metal tubes, rods, or profiles B21D; for working wire B21F); Special equipment or accessories therefor","Methods for forging, hammering, or pressing (for working sheet-metal or metal tubes, rods, or profiles B21D; for working wire B21F); Special equipment or accessories therefor",Compilation of Changes
2020.08,U,B21J 5/06,B21J 5/06,for performing particular operations,for performing particular operations,Compilation of Changes
2020.08,U,B21J 5/063,B21J 5/063,{Friction heat forging (friction heat riveting B21J15/027)},{Friction heat forging (friction heat riveting B21J15/027)},Compilation of Changes
2020.08,U,B21J 5/066,B21J 5/066,{Flow drilling},{Flow drilling},Compilation of Changes
2020.08,N,B21J 5/068,B21J 5/068,"{Shaving, skiving or scarifying for forming lifted portions, e.g. slices or barbs, on the surface of the material}","{Shaving, skiving or scarifying for forming lifted portions, e.g. slices or barbs, on the surface of the material}",Compilation of Changes
2020.08,C,B21J 5/12,B21J 5/12,"Forming profiles on internal or external surfaces (making screw-thread by forging, pressing, or hammering B21K)","Forming profiles on internal or external surfaces (making screw-thread by forging, pressing, or hammering B21K)",Compilation of Changes
2020.08,U,B29C 39/00,B29C 39/00,"Shaping by casting, i.e. introducing the moulding material into a mould or between confining surfaces without significant moulding pressure; Apparatus therefor (B29C41/00 takes precedence)","Shaping by casting, i.e. introducing the moulding material into a mould or between confining surfaces without significant moulding pressure; Apparatus therefor (B29C41/00 takes precedence)",Compilation of Changes
2020.08,U,B29C 39/02,B29C 39/02,"for making articles of definite length, i.e. discrete articles","for making articles of definite length, i.e. discrete articles",Compilation of Changes
2020.08,M,B29C 39/021,B29C 39/021,{by casting in several steps},{by casting in several steps},Compilation of Changes
2020.08,M,B29C 39/023,B29C 39/023,{for making multicoloured articles},{for making multicoloured articles},Compilation of Changes
2020.08,M,B29C 39/025,B29C 39/025,{for making multilayered articles},{for making multilayered articles},Compilation of Changes
2020.08,M,B29C 39/12,B29C 39/12,Making multilayered or multicoloured articles {(B29C39/021 takes precedence)},Making multilayered or multicoloured articles {(B29C39/021 takes precedence)},Compilation of Changes
2020.08,M,B29C 39/123,B29C 39/123,{Making multilayered articles},{Making multilayered articles},Compilation of Changes
2020.08,M,B29C 39/126,B29C 39/126,"{by casting between two preformed layers, e.g. deformable layers (between two glass layers B32B17/10917)}","{by casting between two preformed layers, e.g. deformable layers (between two glass layers B32B17/10917)}",Compilation of Changes
2020.08,U,B29C 2945/00,B29C 2945/00,"Indexing scheme relating to injection moulding, i.e. forcing the required volume of moulding material through a nozzle into a closed mould","Indexing scheme relating to injection moulding, i.e. forcing the required volume of moulding material through a nozzle into a closed mould",Compilation of Changes
2020.08,U,B29C 2945/76,B29C 2945/76,"Measuring, controlling or regulating","Measuring, controlling or regulating",Compilation of Changes
2020.08,U,B29C 2945/76003,B29C 2945/76003,Measured parameter,Measured parameter,Compilation of Changes
2020.08,D,B29C 2945/76173,B29C 2945/76173,Others,Others,Compilation of Changes
2020.08,U,B29C 2945/76177,B29C 2945/76177,Location of measurement,Location of measurement,Compilation of Changes
2020.08,U,B29C 2945/7618,B29C 2945/7618,Injection unit,Injection unit,Compilation of Changes
2020.08,D,B29C 2945/7622,B29C 2945/7622,others,others,Compilation of Changes
2020.08,U,B29C 2945/76224,B29C 2945/76224,Closure or clamping unit,Closure or clamping unit,Compilation of Changes
2020.08,D,B29C 2945/76237,B29C 2945/76237,others,others,Compilation of Changes
2020.08,U,B29C 2945/7624,B29C 2945/7624,Ejection unit,Ejection unit,Compilation of Changes
2020.08,D,B29C 2945/7625,B29C 2945/7625,others,others,Compilation of Changes
2020.08,U,B29C 2945/76254,B29C 2945/76254,Mould,Mould,Compilation of Changes
2020.08,D,B29C 2945/76284,B29C 2945/76284,others,others,Compilation of Changes
2020.08,U,B29C 2945/76314,B29C 2945/76314,Auxiliary devices,Auxiliary devices,Compilation of Changes
2020.08,D,B29C 2945/76337,B29C 2945/76337,other auxiliary devices,other auxiliary devices,Compilation of Changes
2020.08,D,B29C 2945/76341,B29C 2945/76341,Others,Others,Compilation of Changes
2020.08,U,B29C 2945/76344,B29C 2945/76344,Phase or stage of measurement,Phase or stage of measurement,Compilation of Changes
2020.08,U,B29C 2945/76351,B29C 2945/76351,Feeding,Feeding,Compilation of Changes
2020.08,D,B29C 2945/76364,B29C 2945/76364,others,others,Compilation of Changes
2020.08,U,B29C 2945/76397,B29C 2945/76397,Switch-over,Switch-over,Compilation of Changes
2020.08,D,B29C 2945/76411,B29C 2945/76411,others,others,Compilation of Changes
2020.08,D,B29C 2945/76448,B29C 2945/76448,Others,Others,Compilation of Changes
2020.08,U,B29C 2945/76451,B29C 2945/76451,Measurement means,Measurement means,Compilation of Changes
2020.08,D,B29C 2945/76491,B29C 2945/76491,Others,Others,Compilation of Changes
2020.08,U,B29C 2945/76494,B29C 2945/76494,Controlled parameter,Controlled parameter,Compilation of Changes
2020.08,D,B29C 2945/76652,B29C 2945/76652,Others,Others,Compilation of Changes
2020.08,U,B29C 2945/76655,B29C 2945/76655,Location of control,Location of control,Compilation of Changes
2020.08,U,B29C 2945/76658,B29C 2945/76658,Injection unit,Injection unit,Compilation of Changes
2020.08,D,B29C 2945/76698,B29C 2945/76698,others,others,Compilation of Changes
2020.08,U,B29C 2945/76702,B29C 2945/76702,Closure or clamping device,Closure or clamping device,Compilation of Changes
2020.08,D,B29C 2945/76715,B29C 2945/76715,others,others,Compilation of Changes
2020.08,U,B29C 2945/76719,B29C 2945/76719,Ejection unit,Ejection unit,Compilation of Changes
2020.08,D,B29C 2945/76729,B29C 2945/76729,others,others,Compilation of Changes
2020.08,U,B29C 2945/76732,B29C 2945/76732,Mould,Mould,Compilation of Changes
2020.08,D,B29C 2945/76762,B29C 2945/76762,others,others,Compilation of Changes
2020.08,U,B29C 2945/76792,B29C 2945/76792,Auxiliary devices,Auxiliary devices,Compilation of Changes
2020.08,D,B29C 2945/76816,B29C 2945/76816,others auxiliary devices,others auxiliary devices,Compilation of Changes
2020.08,D,B29C 2945/76819,B29C 2945/76819,Others,Others,Compilation of Changes
2020.08,U,B29C 2945/76822,B29C 2945/76822,Phase or stage of control,Phase or stage of control,Compilation of Changes
2020.08,U,B29C 2945/76829,B29C 2945/76829,Feeding,Feeding,Compilation of Changes
2020.08,D,B29C 2945/76842,B29C 2945/76842,others,others,Compilation of Changes
2020.08,U,B29C 2945/76876,B29C 2945/76876,Switch-over,Switch-over,Compilation of Changes
2020.08,D,B29C 2945/76889,B29C 2945/76889,others,others,Compilation of Changes
2020.08,D,B29C 2945/76926,B29C 2945/76926,Others,Others,Compilation of Changes
2020.08,U,B29C 2945/76929,B29C 2945/76929,Controlling method,Controlling method,Compilation of Changes
2020.08,M,B29C 2945/76933,B29C 2945/76933,"Open loop, i.e. theThe operating conditions are corrected immediately, during the same phase or cycle","Open loop, i.e. theThe operating conditions are corrected immediately, during the same phase or cycle",Compilation of Changes
2020.08,M,B29C 2945/76936,B29C 2945/76936,"Closed loop, i.e. theThe operating conditions are corrected in the next phase or cycle","Closed loop, i.e. theThe operating conditions are corrected in the next phase or cycle",Compilation of Changes
2020.08,D,B29C 2945/76996,B29C 2945/76996,Others,Others,Compilation of Changes
2020.08,D,B29D 2009/00,B29D 2009/00,IPC7 Producing layered products,IPC7 Producing layered products,Compilation of Changes
2020.08,M,B32B 3/00,B32B 3/00,"Layered products comprising a layer with external or internal discontinuities or unevennesses, or a layer of non-planar form (fibrous or filamentary layer B32B5/02; particulate layer B32B5/16; foamed layer B32B5/18); Layered products having particular features of form (receptacles or tubular products B32B1/00)","Layered products comprising a layer with external or internal discontinuities or unevennesses, or a layer of non-planar form (fibrous or filamentary layer B32B5/02; particulate layer B32B5/16; foamed layer B32B5/18); Layered products having particular features of form (receptacles or tubular products B32B1/00)",Compilation of Changes
2020.08,M,B32B 33/00,B32B 33/00,"Layered products characterised by particular properties or particular surface features, e.g. particular surface coatings; Layered products designed for particular purposes not covered by another single class","Layered products characterised by particular properties or particular surface features, e.g. particular surface coatings; Layered products designed for particular purposes not covered by another single class",Compilation of Changes
2020.08,U,B32B 37/00,B32B 37/00,"Methods or apparatus for laminating, e.g. by curing or by ultrasonic bonding","Methods or apparatus for laminating, e.g. by curing or by ultrasonic bonding",Compilation of Changes
2020.08,U,B32B 37/12,B32B 37/12,characterised by using adhesives,characterised by using adhesives,Compilation of Changes
2020.08,M,B32B 37/1207,B32B 37/1207,{Heat-activated adhesive (laminating by the partial melting of layers to form the bond B32B37/04 takes precedence)},{Heat-activated adhesive (laminating by the partial melting of layers to form the bond B32B37/04 takes precedence)},Compilation of Changes
2020.08,D,B32B 2037/1246,B32B 2037/1246,{Other adhesives},{Other adhesives},Compilation of Changes
2020.08,M,B32B 2037/1253,B32B 2037/1253,{curable adhesive},{curable adhesive},Compilation of Changes
2020.08,M,B32B 2037/1261,B32B 2037/1261,{moisture curable},{moisture curable},Compilation of Changes
2020.08,M,B32B 2037/1269,B32B 2037/1269,{multi-component adhesive},{multi-component adhesive},Compilation of Changes
2020.08,M,B32B 2037/1276,B32B 2037/1276,{water-based adhesive},{water-based adhesive},Compilation of Changes
2020.08,U,B32B 37/14,B32B 37/14,characterised by the properties of the layers,characterised by the properties of the layers,Compilation of Changes
2020.08,U,B32B 37/15,B32B 37/15,"with at least one layer being manufactured and immediately laminated before reaching its stable state, e.g. in which a layer is extruded and laminated while in semi-molten state","with at least one layer being manufactured and immediately laminated before reaching its stable state, e.g. in which a layer is extruded and laminated while in semi-molten state",Compilation of Changes
2020.08,M,B32B 37/153,B32B 37/153,{at least one layer is extruded and immediatlyimmediately laminated while in semi-molten state},{at least one layer is extruded and immediatlyimmediately laminated while in semi-molten state},Compilation of Changes
2020.08,M,B32B 2264/00,B32B 2264/00,Composition or properties of particles which form a particulate layer or are present as additives,Composition or properties of particles which form a particulate layer or are present as additives,Compilation of Changes
2020.08,U,B32B 2264/02,B32B 2264/02,Synthetic macromolecular particles,Synthetic macromolecular particles,Compilation of Changes
2020.08,U,B32B 2264/0214,B32B 2264/0214,Particles made of materials belonging to B32B27/00,Particles made of materials belonging to B32B27/00,Compilation of Changes
2020.08,M,B32B 2264/0228,B32B 2264/0228,"Vinyl resin particles, e.g. polyvinyl acetate, polyvinyl alcohol polymers or ethylene-vinyl acetate copolymers","Vinyl resin particles, e.g. polyvinyl acetate, polyvinyl alcohol polymers or ethylene-vinyl acetate copolymers",Compilation of Changes
2020.08,M,B32B 2264/0242,B32B 2264/0242,"Vinyl halide, e.g. PVC, PVDC, PVF, PVDF or PVDF (co)polymers","Vinyl halide, e.g. PVC, PVDC, PVF, PVDF or PVDF (co)polymers",Compilation of Changes
2020.08,M,B32B 2264/025,B32B 2264/025,"Acrylic resin particles, e.g. polymethyl methacrylate or ethylene-acrylate copolymers","Acrylic resin particles, e.g. polymethyl methacrylate or ethylene-acrylate copolymers",Compilation of Changes
2020.08,M,B32B 2264/0257,B32B 2264/0257,"Polyolefin particles , e.g. polyethylene or polypropylene homopolymers or ethylene-propylene copolymers(vinyl or acrylic copolymers B32B2264/0228, B32B2264/025)","Polyolefin particles , e.g. polyethylene or polypropylene homopolymers or ethylene-propylene copolymers(vinyl or acrylic copolymers B32B2264/0228, B32B2264/025)",Compilation of Changes
2020.08,M,B32B 2264/01,B32B 2264/01,Inorganic particles (layered products comprising a layer of natural mineral particles B32B19/00),Inorganic particles (layered products comprising a layer of natural mineral particles B32B19/00),Compilation of Changes
2020.08,M,B32B 2264/101,B32B 2264/101,Glass particles,Glass particles,Compilation of Changes
2020.08,M,B32B 2264/102,B32B 2264/102,"Oxide or hydroxide particles, e.g. silica particles, TiO2 particles","Oxide or hydroxide particles, e.g. silica particles, TiO2 particles",Compilation of Changes
2020.08,N,B32B 2264/1021,B32B 2264/1021,Silica,Silica,Compilation of Changes
2020.08,N,B32B 2264/1022,B32B 2264/1022,Titania,Titania,Compilation of Changes
2020.08,N,B32B 2264/1023,B32B 2264/1023,Alumina,Alumina,Compilation of Changes
2020.08,N,B32B 2264/1024,B32B 2264/1024,Zirconia,Zirconia,Compilation of Changes
2020.08,N,B32B 2264/1025,B32B 2264/1025,Zinc oxide,Zinc oxide,Compilation of Changes
2020.08,N,B32B 2264/1026,B32B 2264/1026,Mica,Mica,Compilation of Changes
2020.08,N,B32B 2264/1027,B32B 2264/1027,Clay,Clay,Compilation of Changes
2020.08,M,B32B 2264/104,B32B 2264/104,"Oxysalt particles, e.g. carbonate, sulfate, phosphate or nitrate particles","Oxysalt particles, e.g. carbonate, sulfate, phosphate or nitrate particles",Compilation of Changes
2020.08,M,B32B 2264/105,B32B 2264/105,Metal particles,Metal particles,Compilation of Changes
2020.08,N,B32B 2264/1051,B32B 2264/1051,Silver or gold,Silver or gold,Compilation of Changes
2020.08,N,B32B 2264/1052,B32B 2264/1052,Aluminum,Aluminum,Compilation of Changes
2020.08,N,B32B 2264/1053,B32B 2264/1053,Alkali metal,Alkali metal,Compilation of Changes
2020.08,N,B32B 2264/1054,B32B 2264/1054,Alkaline earth metal,Alkaline earth metal,Compilation of Changes
2020.08,N,B32B 2264/1055,B32B 2264/1055,Copper or nickel,Copper or nickel,Compilation of Changes
2020.08,N,B32B 2264/1056,B32B 2264/1056,Iron or steel,Iron or steel,Compilation of Changes
2020.08,N,B32B 2264/1057,B32B 2264/1057,Chromium,Chromium,Compilation of Changes
2020.08,N,B32B 2264/1058,B32B 2264/1058,Titanium,Titanium,Compilation of Changes
2020.08,N,B32B 2264/1059,B32B 2264/1059,Zinc,Zinc,Compilation of Changes
2020.08,M,B32B 2264/107,B32B 2264/107,Ceramic particles,Ceramic particles,Compilation of Changes
2020.08,M,B32B 2264/108,B32B 2264/108,"Carbon particles, e.g. graphite particles","Carbon particles, e.g. graphite particles",Compilation of Changes
2020.08,U,B32B 2264/12,B32B 2264/12,Mixture of at least two particles made of different materials,Mixture of at least two particles made of different materials,Compilation of Changes
2020.08,N,B32B 2264/02,B32B 2264/02,Particles characterised by shape,Particles characterised by shape,Compilation of Changes
2020.08,N,B32B 2264/201,B32B 2264/201,"Flat or platelet-shaped particles, e.g. flakes","Flat or platelet-shaped particles, e.g. flakes",Compilation of Changes
2020.08,N,B32B 2264/202,B32B 2264/202,Solid spheres,Solid spheres,Compilation of Changes
2020.08,N,B32B 2264/203,B32B 2264/203,"Expanded, porous or hollow particles","Expanded, porous or hollow particles",Compilation of Changes
2020.08,N,B32B 2264/2031,B32B 2264/2031,Porous particles,Porous particles,Compilation of Changes
2020.08,N,B32B 2264/2032,B32B 2264/2032,Hollow spheres,Hollow spheres,Compilation of Changes
2020.08,N,B32B 2264/204,B32B 2264/204,Rod- or needle-shaped particles,Rod- or needle-shaped particles,Compilation of Changes
2020.08,N,B32B 2264/03,B32B 2264/03,Particles characterised by physical dimension,Particles characterised by physical dimension,Compilation of Changes
2020.08,N,B32B 2264/301,B32B 2264/301,Average diameter smaller than 100 nm,Average diameter smaller than 100 nm,Compilation of Changes
2020.08,N,B32B 2264/302,B32B 2264/302,Average diameter in the range from 100 nm to 1000 nm,Average diameter in the range from 100 nm to 1000 nm,Compilation of Changes
2020.08,N,B32B 2264/303,B32B 2264/303,Average diameter greater than 1µm,Average diameter greater than 1µm,Compilation of Changes
2020.08,N,B32B 2264/304,B32B 2264/304,Particle length,Particle length,Compilation of Changes
2020.08,N,B32B 2264/305,B32B 2264/305,"Particle size distribution, e.g. unimodal size distribution","Particle size distribution, e.g. unimodal size distribution",Compilation of Changes
2020.08,N,B32B 2264/306,B32B 2264/306,Multimodal particle size distribution,Multimodal particle size distribution,Compilation of Changes
2020.08,N,B32B 2264/3065,B32B 2264/3065,bimodal size distribution,bimodal size distribution,Compilation of Changes
2020.08,N,B32B 2264/307,B32B 2264/307,Surface area of particles,Surface area of particles,Compilation of Changes
2020.08,N,B32B 2264/308,B32B 2264/308,Aspect ratio of particles,Aspect ratio of particles,Compilation of Changes
2020.08,N,B32B 2264/04,B32B 2264/04,Pretreated particles,Pretreated particles,Compilation of Changes
2020.08,N,B32B 2264/401,B32B 2264/401,with inorganic substances,with inorganic substances,Compilation of Changes
2020.08,N,B32B 2264/402,B32B 2264/402,with organic substances,with organic substances,Compilation of Changes
2020.08,N,B32B 2264/4021,B32B 2264/4021,with silicon-containing compounds,with silicon-containing compounds,Compilation of Changes
2020.08,N,B32B 2264/403,B32B 2264/403,coated or encapsulated,coated or encapsulated,Compilation of Changes
2020.08,N,B32B 2264/05,B32B 2264/05,Particles characterised by their position or distribution in a layer,Particles characterised by their position or distribution in a layer,Compilation of Changes
2020.08,N,B32B 2264/501,B32B 2264/501,homogeneously distributed,homogeneously distributed,Compilation of Changes
2020.08,N,B32B 2264/502,B32B 2264/502,distributed in a gradient manner,distributed in a gradient manner,Compilation of Changes
2020.08,N,B32B 2264/503,B32B 2264/503,distributed in a predetermined pattern in a thickness direction,distributed in a predetermined pattern in a thickness direction,Compilation of Changes
2020.08,N,B32B 2264/504,B32B 2264/504,distributed in a predetermined pattern in a direction perpendicular to the thickness,distributed in a predetermined pattern in a direction perpendicular to the thickness,Compilation of Changes
2020.08,U,B41J 3/00,B41J 3/00,"Typewriters or selective printing or marking mechanisms, {e.g. ink-jet printers, thermal printers} characterised by the purpose for which they are constructed (cryptographic typewriters G09C3/00)","Typewriters or selective printing or marking mechanisms, {e.g. ink-jet printers, thermal printers} characterised by the purpose for which they are constructed (cryptographic typewriters G09C3/00)",Compilation of Changes
2020.08,U,B41J 3/407,B41J 3/407,for marking on special material (printing on special surfaces B41F7/00; {apparatus or processes for manufacturing printed circuits by printing or dispensing a conductive paste or ink H05K3/1241}),for marking on special material (printing on special surfaces B41F7/00; {apparatus or processes for manufacturing printed circuits by printing or dispensing a conductive paste or ink H05K3/1241}),Compilation of Changes
2020.08,C,B41J 3/4073,B41J 3/4073,"{Printing on three-dimensional objects not being in sheet or web form, e.g. spherical or cubic objects (B41J3/283, B41J3/286 take precedence; building up a 3D object using individual droplets from jetting heads B29C64/112)}","{Printing on three-dimensional objects not being in sheet or web form, e.g. spherical or cubic objects (B41J3/283, B41J3/286 take precedence; building up a 3D object using individual droplets from jetting heads B29C64/112)}",Compilation of Changes
2020.08,N,B41J 3/40731,B41J 3/40731,"{Holders for objects, e. g. holders specially adapted to the shape of the object to be printed or adapted to hold several objects}","{Holders for objects, e. g. holders specially adapted to the shape of the object to be printed or adapted to hold several objects}",Compilation of Changes
2020.08,N,B41J 3/40733,B41J 3/40733,"{Printing on cylindrical or rotationally symmetrical objects, e. g. on bottles}","{Printing on cylindrical or rotationally symmetrical objects, e. g. on bottles}",Compilation of Changes
2020.08,U,B41J 2202/00,B41J 2202/00,Embodiments of or processes related to ink-jet or thermal heads,Embodiments of or processes related to ink-jet or thermal heads,Compilation of Changes
2020.08,U,B41J 2202/05,B41J 2202/05,Embodiments of processes related to optical heads,Embodiments of processes related to optical heads,Compilation of Changes
2020.08,N,B41J 2203/00,B41J 2203/00,Embodiments of or processes related to the control of the printing process,Embodiments of or processes related to the control of the printing process,Compilation of Changes
2020.08,N,B41J 2203/01,B41J 2203/01,Inspecting a printed medium or a medium to be printed using a sensing device,Inspecting a printed medium or a medium to be printed using a sensing device,Compilation of Changes
2020.08,N,B41J 2203/011,B41J 2203/011,"Inspecting the shape or condition, e.g. wrinkled or warped, of a medium to be printed before printing on it","Inspecting the shape or condition, e.g. wrinkled or warped, of a medium to be printed before printing on it",Compilation of Changes
2020.08,U,B65F 1/00,B65F 1/00,"Refuse receptacles; {Accessories therefor}(containers not specially adapted for refuse, features of refuse receptacles of general interest B65D)","Refuse receptacles; {Accessories therefor}(containers not specially adapted for refuse, features of refuse receptacles of general interest B65D)",Compilation of Changes
2020.08,U,B65F 1/0033,B65F 1/0033,"{specially adapted for segregated refuse collecting, e.g. receptacles with several compartments; Combination of receptacles (B65F1/0093 takes precedence)}","{specially adapted for segregated refuse collecting, e.g. receptacles with several compartments; Combination of receptacles (B65F1/0093 takes precedence)}",Compilation of Changes
2020.08,U,B65F 1/0053,B65F 1/0053,{Combination of several receptacles},{Combination of several receptacles},Compilation of Changes
2020.08,,B65F 1/0073,B65F 1/0073,{Flexible receptacles fixed on a frame or in an enclosure (sack holders  per seper se B65B7/12B65B67/12)},{Flexible receptacles fixed on a frame or in an enclosure (sack holders  per seper se B65B7/12B65B67/12)},Compilation of Changes
2020.08,C,B65H 15/00,B65H 15/00,Overturning articles,Overturning articles,Compilation of Changes
2020.08,N,B65H 15/004,B65H 15/004,{employing rollers},{employing rollers},Compilation of Changes
2020.08,N,B65H 15/008,B65H 15/008,{employing belts},{employing belts},Compilation of Changes
2020.08,N,B65H 15/012,B65H 15/012,{twisted belts},{twisted belts},Compilation of Changes
2020.08,N,B65H 15/016,B65H 15/016,{employing rotary or reciprocating elements supporting transport means},{employing rotary or reciprocating elements supporting transport means},Compilation of Changes
2020.08,C,B65H 15/02,B65H 15/02,Overturning piles,Overturning piles,Compilation of Changes
2020.08,M,B65H 16/00,B65H 16/00,"Unwinding, paying-out webs {(reel-to-reel type web winding and unwinding mechanisms B65H18/103, B65H18/145)}","Unwinding, paying-out webs {(reel-to-reel type web winding and unwinding mechanisms B65H18/103, B65H18/145)}",Compilation of Changes
2020.08,T,B65H 16/02,B65H 16/02,Supporting web roll,Supporting web roll,Compilation of Changes
2020.08,C,B65H 16/021,B65H 16/021,{Multiple web roll supports},{Multiple web roll supports},Compilation of Changes
2020.08,C,B65H 16/023,B65H 16/023,{rotatable},{rotatable},Compilation of Changes
2020.08,N,B65H 16/024,B65H 16/024,{Turrets},{Turrets},Compilation of Changes
2020.08,F,B65H 16/025,B65H 16/025,{Unwinding apparatus incorporating length-measuring devices},{Unwinding apparatus incorporating length-measuring devices},Compilation of Changes
2020.08,F,B65H 16/026,B65H 16/026,{Unwinding apparatus incorporating inspecting devices},{Unwinding apparatus incorporating inspecting devices},Compilation of Changes
2020.08,U,B65H 18/00,B65H 18/00,Winding webs,Winding webs,Compilation of Changes
2020.08,U,B65H 18/02,B65H 18/02,Supporting web roll,Supporting web roll,Compilation of Changes
2020.08,C,B65H 18/021,B65H 18/021,{Multiple web roll supports},{Multiple web roll supports},Compilation of Changes
2020.08,N,B65H 18/0212,B65H 18/0212,{Turrets},{Turrets},Compilation of Changes
2020.08,U,B65H 2220/00,B65H 2220/00,Function indicators,Function indicators,Compilation of Changes
2020.08,T,B65H 2220/03,B65H 2220/03,"indicating an entity which is measured, estimated, evaluated, calculated or determined but which does not constitute an entity which is adjusted or changed by the control process per se","indicating an entity which is measured, estimated, evaluated, calculated or determined but which does not constitute an entity which is adjusted or changed by the control process per se",Compilation of Changes
2020.08,U,B65H 2511/00,B65H 2511/00,Dimension; Position; Number; Identification; Occurence,Dimension; Position; Number; Identification; Occurence,Compilation of Changes
2020.08,U,B65H 2511/01,B65H 2511/01,Size; Dimension,Size; Dimension,Compilation of Changes
2020.08,T,B65H 2511/11,B65H 2511/11,Length,Length,Compilation of Changes
2020.08,U,C08G 75/00,C08G 75/00,"Macromolecular compounds obtained by reactions forming a linkage containing sulfur with or without nitrogen, oxygen, or carbon in the main chain of the macromolecule","Macromolecular compounds obtained by reactions forming a linkage containing sulfur with or without nitrogen, oxygen, or carbon in the main chain of the macromolecule",Compilation of Changes
2020.08,U,C08G 75/02,C08G 75/02,Polythioethers,Polythioethers,Compilation of Changes
2020.08,M,C08G 75/0204,C08G 75/0204,Polyarylenethioethers,Polyarylenethioethers,Compilation of Changes
2020.08,M,C08G 75/0245,C08G 75/0245,Block or graft polymers,Block or graft polymers,Compilation of Changes
2020.08,M,C08G 75/0277,C08G 75/0277,Post-polymerisation treatment (chemical after-treatment C08G75/0286),Post-polymerisation treatment (chemical after-treatment C08G75/0286),Compilation of Changes
2020.08,M,C08G 75/0286,C08G 75/0286,Chemical after-treatment,Chemical after-treatment,Compilation of Changes
2020.08,M,C08G 75/04,C08G 75/04,from mercapto compounds or metallic derivatives thereof (C08G75/0204 takes precedence),from mercapto compounds or metallic derivatives thereof (C08G75/0204 takes precedence),Compilation of Changes
2020.08,M,C08G 75/12,C08G 75/12,Polythioether-ethers (C08G75/0245 takes precedence),Polythioether-ethers (C08G75/0245 takes precedence),Compilation of Changes
2020.08,U,C08G 2101/00,C08G 2101/00,Foams,Foams,Compilation of Changes
2020.08,,C08G 2101/0041,C08G 2101/0041,{havingHaving specified density},{havingHaving specified density},Compilation of Changes
2020.08,,C08G 2101/005,C08G 2101/005,{< 50 kg50kg/m3},{< 50 kg50kg/m3},Compilation of Changes
2020.08,,C08G 2101/0058,C08G 2101/0058,{> 50 and < 150 kg≥50 and <150kg/m3},{> 50 and < 150 kg≥50 and <150kg/m3},Compilation of Changes
2020.08,,C08G 2101/0066,C08G 2101/0066,{> 150 Kg/m including microcellular foams≥ 150kg/m3},{> 150 Kg/m including microcellular foams≥ 150kg/m3},Compilation of Changes
2020.08,U,C08J 5/00,C08J 5/00,"Manufacture of articles or shaped materials containing macromolecular substances (shaping of foodstuffs A23P; manufacture of semi-permeable membranes B01D67/00 - B01D71/00; mechanical features, see the relevant classes, e.g. B29)","Manufacture of articles or shaped materials containing macromolecular substances (shaping of foodstuffs A23P; manufacture of semi-permeable membranes B01D67/00 - B01D71/00; mechanical features, see the relevant classes, e.g. B29)",Compilation of Changes
2020.08,,C08J 5/02,C08J 5/02,Manufacture of shaped structures of ion-exchange resins {Use of macromolecular compounds as anion B01J41/14 or cation B01J39/20 exchangers}(use of macromolecular compounds as cation exchangers B01J39/20; use of macromolecular compounds as anion exchangers B01J41/14)},Manufacture of shaped structures of ion-exchange resins {Use of macromolecular compounds as anion B01J41/14 or cation B01J39/20 exchangers}(use of macromolecular compounds as cation exchangers B01J39/20; use of macromolecular compounds as anion exchangers B01J41/14)},Compilation of Changes
2020.08,U,C08J 7/00,C08J 7/00,Chemical treatment or coating of shaped articles made of macromolecular substances (coating with metallic material C23C; electrolytic deposition of metals C25),Chemical treatment or coating of shaped articles made of macromolecular substances (coating with metallic material C23C; electrolytic deposition of metals C25),Compilation of Changes
2020.08,U,C08J 7/04,C08J 7/04,Coating,Coating,Compilation of Changes
2020.08,C,C08J 7/042,C08J 7/042,"{with two or more layers, where at least one layer of a composition contains a polymer binder}","{with two or more layers, where at least one layer of a composition contains a polymer binder}",Compilation of Changes
2020.08,C,C08J 7/0423,C08J 7/0423,{with at least one layer of inorganic material and at least one layer of a composition containing a polymer binder},{with at least one layer of inorganic material and at least one layer of a composition containing a polymer binder},Compilation of Changes
2020.08,C,C08J 7/0427,C08J 7/0427,{with only one layer of a composition containing a polymer binder (with more layers C08J7/042)},{with only one layer of a composition containing a polymer binder (with more layers C08J7/042)},Compilation of Changes
2020.08,M,C08J 7/043,C08J 7/043,"Improving the adhesiveness of the coatings per se, e.g. forming primers (adhesives in the form of films or foils characterised by the primer layers between the polymer carriers and the adhesives C09J7/50)","Improving the adhesiveness of the coatings per se, e.g. forming primers (adhesives in the form of films or foils characterised by the primer layers between the polymer carriers and the adhesives C09J7/50)",Compilation of Changes
2020.08,M,C08J 7/044,C08J 7/044,Forming conductive coatings; Forming coatings having anti-static properties,Forming conductive coatings; Forming coatings having anti-static properties,Compilation of Changes
2020.08,M,C08J 7/046,C08J 7/046,Forming abrasion-resistant coatings; Forming surface-hardening coatings,Forming abrasion-resistant coatings; Forming surface-hardening coatings,Compilation of Changes
2020.08,M,C08J 7/048,C08J 7/048,Forming gas barrier coatings,Forming gas barrier coatings,Compilation of Changes
2020.08,M,C08J 7/05,C08J 7/05,Forming flame retardant coatings or fire resistant coatings,Forming flame retardant coatings or fire resistant coatings,Compilation of Changes
2020.08,M,C08J 7/052,C08J 7/052,Forming heat-sealable coatings,Forming heat-sealable coatings,Compilation of Changes
2020.08,M,C08J 7/054,C08J 7/054,Forming anti-misting or drip-proofing coatings,Forming anti-misting or drip-proofing coatings,Compilation of Changes
2020.08,M,C08J 7/056,C08J 7/056,Forming hydrophilic coatings,Forming hydrophilic coatings,Compilation of Changes
2020.08,C,C08J 7/06,C08J 7/06,with compositions not containing macromolecular substances,with compositions not containing macromolecular substances,Compilation of Changes
2020.08,C,C08J 7/065,C08J 7/065,"{Low-molecular-weight organic substances, e.g. absorption of additives in the surface of the article}","{Low-molecular-weight organic substances, e.g. absorption of additives in the surface of the article}",Compilation of Changes
2020.08,M,C09J 7/00,C09J 7/00,Adhesives in the form of films or foils,Adhesives in the form of films or foils,Compilation of Changes
2020.08,U,C09J 201/00,C09J 201/00,Adhesives based on unspecified macromolecular compounds,Adhesives based on unspecified macromolecular compounds,Compilation of Changes
2020.08,U,C09J 201/02,C09J 201/02,"characterised by the presence of specified groups {, e.g. terminal or pendant functional groups}","characterised by the presence of specified groups {, e.g. terminal or pendant functional groups}",Compilation of Changes
2020.08,U,C09J 201/01,C09J 201/01,containing hydrolysable silane groups,containing hydrolysable silane groups,Compilation of Changes
2020.08,D,C09J 2201/12,C09J 2201/12,{by the arrangement of layers},{by the arrangement of layers},Compilation of Changes
2020.08,D,C09J 2201/122,C09J 2201/122,"{the adhesive layer being present only on one side of the carrier, e.g. single-sided adhesive tape}","{the adhesive layer being present only on one side of the carrier, e.g. single-sided adhesive tape}",Compilation of Changes
2020.08,D,C09J 2201/128,C09J 2201/128,"{the adhesive layer being present on both sides of the carrier, e.g. double-sided adhesive tape}","{the adhesive layer being present on both sides of the carrier, e.g. double-sided adhesive tape}",Compilation of Changes
2020.08,D,C09J 2201/134,C09J 2201/134,{the opposite adhesive layers being different},{the opposite adhesive layers being different},Compilation of Changes
2020.08,D,C09J 2201/16,C09J 2201/16,{by the structure of the carrier layer},{by the structure of the carrier layer},Compilation of Changes
2020.08,D,C09J 2201/162,C09J 2201/162,{the carrier layer being a laminate constitued by plastic layers only},{the carrier layer being a laminate constitued by plastic layers only},Compilation of Changes
2020.08,D,C09J 2201/02,C09J 2201/02,{by perforations through the adhesive tape},{by perforations through the adhesive tape},Compilation of Changes
2020.08,D,C09J 2201/24,C09J 2201/24,{the adhesive being in the form of fibres},{the adhesive being in the form of fibres},Compilation of Changes
2020.08,D,C09J 2201/28,C09J 2201/28,{the adhesive coating being discontinuous},{the adhesive coating being discontinuous},Compilation of Changes
2020.08,D,C09J 2201/32,C09J 2201/32,{the adhesive layer comprising non-adhesive protrusions},{the adhesive layer comprising non-adhesive protrusions},Compilation of Changes
2020.08,D,C09J 2201/36,C09J 2201/36,"{the adhesive layer being constituted by at least two or more adjacent or superposed adhesive layers, e.g. multilayer adhesive}","{the adhesive layer being constituted by at least two or more adjacent or superposed adhesive layers, e.g. multilayer adhesive}",Compilation of Changes
2020.08,D,C09J 2201/04,C09J 2201/04,{the adhesive layer being formed by alternating adhesive areas being chemically different},{the adhesive layer being formed by alternating adhesive areas being chemically different},Compilation of Changes
2020.08,D,C09J 2201/06,C09J 2201/06,{by other properties},{by other properties},Compilation of Changes
2020.08,D,C09J 2201/602,C09J 2201/602,{being conductive},{being conductive},Compilation of Changes
2020.08,D,C09J 2201/606,C09J 2201/606,"{the adhesive being pressure-sensitive, i.e. tacky at temperatures inferior to 30°C}","{the adhesive being pressure-sensitive, i.e. tacky at temperatures inferior to 30°C}",Compilation of Changes
2020.08,D,C09J 2201/61,C09J 2201/61,"{the adhesive being a hot-melt, i.e. not tacky at temperatures inferior to 30°C}","{the adhesive being a hot-melt, i.e. not tacky at temperatures inferior to 30°C}",Compilation of Changes
2020.08,D,C09J 2201/614,C09J 2201/614,{the adhesive being water-activatable},{the adhesive being water-activatable},Compilation of Changes
2020.08,D,C09J 2201/618,C09J 2201/618,"{the adhesive losing adhesive strength when being stretched, e.g. stretch adhesive}","{the adhesive losing adhesive strength when being stretched, e.g. stretch adhesive}",Compilation of Changes
2020.08,D,C09J 2201/622,C09J 2201/622,{the parameters being the characterising features},{the parameters being the characterising features},Compilation of Changes
2020.08,D,C09J 2201/626,C09J 2201/626,{the adhesive effect being based on a so-called Gecko structure},{the adhesive effect being based on a so-called Gecko structure},Compilation of Changes
2020.08,T,C09J 2203/00,C09J 2203/00,Applications of adhesives in processes or use of adhesives in the form of films or foils,Applications of adhesives in processes or use of adhesives in the form of films or foils,Compilation of Changes
2020.08,D,C09J 2203/01,C09J 2203/01,Use of the adhesive composition in processes,Use of the adhesive composition in processes,Compilation of Changes
2020.08,M,C09J 2203/102,C09J 2203/102,"in the form of dowels, anchors or cartridges","in the form of dowels, anchors or cartridges",Compilation of Changes
2020.08,D,C09J 2203/03,C09J 2203/03,Use of the adhesive tape,Use of the adhesive tape,Compilation of Changes
2020.08,M,C09J 2203/302,C09J 2203/302,for bundling cables,for bundling cables,Compilation of Changes
2020.08,M,C09J 2203/306,C09J 2203/306,"for protecting painted surfaces, e.g. of cars","for protecting painted surfaces, e.g. of cars",Compilation of Changes
2020.08,M,C09J 2203/31,C09J 2203/31,as a masking tape for painting,as a masking tape for painting,Compilation of Changes
2020.08,M,C09J 2203/314,C09J 2203/314,for carpets,for carpets,Compilation of Changes
2020.08,M,C09J 2203/318,C09J 2203/318,for the production of liquid crystal displays,for the production of liquid crystal displays,Compilation of Changes
2020.08,M,C09J 2203/322,C09J 2203/322,for the production of solar panels,for the production of solar panels,Compilation of Changes
2020.08,M,C09J 2203/326,C09J 2203/326,"for bonding electronic components such as wafers, chips or semiconductors","for bonding electronic components such as wafers, chips or semiconductors",Compilation of Changes
2020.08,M,C09J 2203/33,C09J 2203/33,for batteries or fuel cells,for batteries or fuel cells,Compilation of Changes
2020.08,M,C09J 2203/334,C09J 2203/334,as a label,as a label,Compilation of Changes
2020.08,M,C09J 2203/338,C09J 2203/338,as tamper-evident tape or label,as tamper-evident tape or label,Compilation of Changes
2020.08,M,C09J 2203/342,C09J 2203/342,for flying splice applications,for flying splice applications,Compilation of Changes
2020.08,N,C09J 2203/346,C09J 2203/346,for building applications e.g. wrap foil,for building applications e.g. wrap foil,Compilation of Changes
2020.08,N,C09J 2203/35,C09J 2203/35,for aeronautic or naval applications,for aeronautic or naval applications,Compilation of Changes
2020.08,N,C09J 2203/354,C09J 2203/354,for automotive applications,for automotive applications,Compilation of Changes
2020.08,N,C09J 2203/358,C09J 2203/358,for garments and textiles,for garments and textiles,Compilation of Changes
2020.08,N,C09J 2203/362,C09J 2203/362,for the fabrication of shoes,for the fabrication of shoes,Compilation of Changes
2020.08,N,C09J 2203/366,C09J 2203/366,for mounting tapes,for mounting tapes,Compilation of Changes
2020.08,N,C09J 2203/37,C09J 2203/37,for repositionable or removable tapes,for repositionable or removable tapes,Compilation of Changes
2020.08,D,C09J 2205/00,C09J 2205/00,Other features,Other features,Compilation of Changes
2020.08,D,C09J 2205/01,C09J 2205/01,of adhesive tapes; Production process thereof,of adhesive tapes; Production process thereof,Compilation of Changes
2020.08,D,C09J 2205/102,C09J 2205/102,"additives as essential feature of the adhesive layer, the additive itself being indicated with the corresponding code of C08K","additives as essential feature of the adhesive layer, the additive itself being indicated with the corresponding code of C08K",Compilation of Changes
2020.08,D,C09J 2205/106,C09J 2205/106,"additives as essential feature of the substrate, the additive itself being indicated by the corresponding code of C08K","additives as essential feature of the substrate, the additive itself being indicated by the corresponding code of C08K",Compilation of Changes
2020.08,D,C09J 2205/11,C09J 2205/11,Presence of microspheres,Presence of microspheres,Compilation of Changes
2020.08,D,C09J 2205/114,C09J 2205/114,Presence of a copolymer,Presence of a copolymer,Compilation of Changes
2020.08,D,C09J 2205/03,C09J 2205/03,of adhesive processes in general,of adhesive processes in general,Compilation of Changes
2020.08,D,C09J 2205/302,C09J 2205/302,Process for debonding adherents,Process for debonding adherents,Compilation of Changes
2020.08,D,C09J 2205/306,C09J 2205/306,Process of pretreatment for improving adhesion of rubber on metallic surfaces,Process of pretreatment for improving adhesion of rubber on metallic surfaces,Compilation of Changes
2020.08,D,C09J 2205/31,C09J 2205/31,Use of irradiation,Use of irradiation,Compilation of Changes
2020.08,N,C09J 2301/00,C09J 2301/00,Additional features of adhesives in the form of films or foils,Additional features of adhesives in the form of films or foils,Compilation of Changes
2020.08,N,C09J 2301/01,C09J 2301/01,characterized by the structural features of the adhesive tape or sheet,characterized by the structural features of the adhesive tape or sheet,Compilation of Changes
2020.08,N,C09J 2301/12,C09J 2301/12,by the arrangement of layers,by the arrangement of layers,Compilation of Changes
2020.08,N,C09J 2301/122,C09J 2301/122,"the adhesive layer being present only on one side of the carrier, e.g. single-sided adhesive tape","the adhesive layer being present only on one side of the carrier, e.g. single-sided adhesive tape",Compilation of Changes
2020.08,N,C09J 2301/124,C09J 2301/124,"the adhesive layer being present on both sides of the carrier, e.g. double-sided adhesive tape","the adhesive layer being present on both sides of the carrier, e.g. double-sided adhesive tape",Compilation of Changes
2020.08,N,C09J 2301/1242,C09J 2301/1242,the opposite adhesive layers being different,the opposite adhesive layers being different,Compilation of Changes
2020.08,N,C09J 2301/16,C09J 2301/16,by the structure of the carrier layer,by the structure of the carrier layer,Compilation of Changes
2020.08,N,C09J 2301/162,C09J 2301/162,the carrier being a laminate constituted by plastic layers only,the carrier being a laminate constituted by plastic layers only,Compilation of Changes
2020.08,N,C09J 2301/18,C09J 2301/18,characterized by perforations in the adhesive tape,characterized by perforations in the adhesive tape,Compilation of Changes
2020.08,N,C09J 2301/02,C09J 2301/02,characterized by the structural features of the adhesive itself,characterized by the structural features of the adhesive itself,Compilation of Changes
2020.08,N,C09J 2301/202,C09J 2301/202,the adhesive being in the form of fibres,the adhesive being in the form of fibres,Compilation of Changes
2020.08,N,C09J 2301/204,C09J 2301/204,the adhesive coating being discontinuous,the adhesive coating being discontinuous,Compilation of Changes
2020.08,N,C09J 2301/206,C09J 2301/206,the adhesive layer comprising non-adhesive protrusions,the adhesive layer comprising non-adhesive protrusions,Compilation of Changes
2020.08,N,C09J 2301/208,C09J 2301/208,"the adhesive layer being constituted by at least two or more adjacent or superposed adhesive layers, e.g. multilayer adhesive","the adhesive layer being constituted by at least two or more adjacent or superposed adhesive layers, e.g. multilayer adhesive",Compilation of Changes
2020.08,N,C09J 2301/21,C09J 2301/21,the adhesive layer being formed by alternating adhesive areas of different nature,the adhesive layer being formed by alternating adhesive areas of different nature,Compilation of Changes
2020.08,N,C09J 2301/03,C09J 2301/03,"characterized by the chemical, physicochemical or physical properties of the adhesive or the carrier","characterized by the chemical, physicochemical or physical properties of the adhesive or the carrier",Compilation of Changes
2020.08,N,C09J 2301/302,C09J 2301/302,"the adhesive being pressure-sensitive, i.e. tacky at temperatures inferior to 30°C","the adhesive being pressure-sensitive, i.e. tacky at temperatures inferior to 30°C",Compilation of Changes
2020.08,N,C09J 2301/304,C09J 2301/304,"the adhesive being heat-activatable, i.e. not tacky at temperatures inferior to 30°C","the adhesive being heat-activatable, i.e. not tacky at temperatures inferior to 30°C",Compilation of Changes
2020.08,N,C09J 2301/306,C09J 2301/306,the adhesive being water-activatable,the adhesive being water-activatable,Compilation of Changes
2020.08,N,C09J 2301/308,C09J 2301/308,"the adhesive tape or sheet losing adhesive strength when being stretched, e.g. stretch adhesive","the adhesive tape or sheet losing adhesive strength when being stretched, e.g. stretch adhesive",Compilation of Changes
2020.08,N,C09J 2301/31,C09J 2301/31,the adhesive effect being based on a Gecko structure,the adhesive effect being based on a Gecko structure,Compilation of Changes
2020.08,N,C09J 2301/312,C09J 2301/312,parameters being the characterizing feature,parameters being the characterizing feature,Compilation of Changes
2020.08,N,C09J 2301/314,C09J 2301/314,the adhesive layer and/or the carrier being conductive,the adhesive layer and/or the carrier being conductive,Compilation of Changes
2020.08,N,C09J 2301/04,C09J 2301/04,characterized by the presence of essential components,characterized by the presence of essential components,Compilation of Changes
2020.08,N,C09J 2301/408,C09J 2301/408,additives as essential feature of the adhesive layer,additives as essential feature of the adhesive layer,Compilation of Changes
2020.08,N,C09J 2301/41,C09J 2301/41,additives as essential feature of the carrier layer,additives as essential feature of the carrier layer,Compilation of Changes
2020.08,N,C09J 2301/412,C09J 2301/412,presence of microspheres,presence of microspheres,Compilation of Changes
2020.08,N,C09J 2301/414,C09J 2301/414,presence of a copolymer,presence of a copolymer,Compilation of Changes
2020.08,N,C09J 2301/416,C09J 2301/416,use of irradiation,use of irradiation,Compilation of Changes
2020.08,N,C09J 2301/05,C09J 2301/05,characterized by process specific features,characterized by process specific features,Compilation of Changes
2020.08,N,C09J 2301/502,C09J 2301/502,process for debonding adherents,process for debonding adherents,Compilation of Changes
2020.08,N,C09J 2301/504,C09J 2301/504,process of pretreatment for improving adhesion of rubber on metallic surfaces,process of pretreatment for improving adhesion of rubber on metallic surfaces,Compilation of Changes
2020.08,U,C09K 2219/00,C09K 2219/00,"Aspects relating to the form of the liquid crystal [LC] material, or by the technical area in which LC material are used","Aspects relating to the form of the liquid crystal [LC] material, or by the technical area in which LC material are used",Compilation of Changes
2020.08,U,C09K 2219/17,C09K 2219/17,"used as a medium, in which detection of chemical compounds takes place","used as a medium, in which detection of chemical compounds takes place",Compilation of Changes
2020.08,N,C09K 2323/00,C09K 2323/00,Functional layers of liquid crystal optical display excluding electroactive liquid crystal layer characterised by chemical composition,Functional layers of liquid crystal optical display excluding electroactive liquid crystal layer characterised by chemical composition,Compilation of Changes
2020.08,N,C09K 2323/02,C09K 2323/02,Alignment layer characterised by chemical composition,Alignment layer characterised by chemical composition,Compilation of Changes
2020.08,N,C09K 2323/021,C09K 2323/021,"Inorganic, e.g. glass or silicon oxide","Inorganic, e.g. glass or silicon oxide",Compilation of Changes
2020.08,N,C09K 2323/023,C09K 2323/023,"Organic silicon compound, e.g. organosilicon","Organic silicon compound, e.g. organosilicon",Compilation of Changes
2020.08,N,C09K 2323/025,C09K 2323/025,Polyamide,Polyamide,Compilation of Changes
2020.08,N,C09K 2323/027,C09K 2323/027,Polyimide,Polyimide,Compilation of Changes
2020.08,N,C09K 2323/0271,C09K 2323/0271,Polyimidfluoride,Polyimidfluoride,Compilation of Changes
2020.08,N,C09K 2323/0273,C09K 2323/0273,Polyimidmetalo,Polyimidmetalo,Compilation of Changes
2020.08,N,C09K 2323/03,C09K 2323/03,Viewing layer characterised by chemical composition,Viewing layer characterised by chemical composition,Compilation of Changes
2020.08,N,C09K 2323/031,C09K 2323/031,Polarizer or dye,Polarizer or dye,Compilation of Changes
2020.08,N,C09K 2323/033,C09K 2323/033,"Silicon compound, e.g. glass or organosilicon","Silicon compound, e.g. glass or organosilicon",Compilation of Changes
2020.08,N,C09K 2323/035,C09K 2323/035,"Ester polymer, e.g. polycarbonate, polyacrylate or polyester","Ester polymer, e.g. polycarbonate, polyacrylate or polyester",Compilation of Changes
2020.08,N,C09K 2323/04,C09K 2323/04,"Charge transferring layer characterised by chemical composition, i.e. conductive","Charge transferring layer characterised by chemical composition, i.e. conductive",Compilation of Changes
2020.08,N,C09K 2323/05,C09K 2323/05,"Bonding or intermediate layer characterised by chemical composition, e.g. sealant or spacer","Bonding or intermediate layer characterised by chemical composition, e.g. sealant or spacer",Compilation of Changes
2020.08,N,C09K 2323/051,C09K 2323/051,"Inorganic, e.g. glass or silicon oxide","Inorganic, e.g. glass or silicon oxide",Compilation of Changes
2020.08,N,C09K 2323/053,C09K 2323/053,"Organic silicon compound, e.g. organosilicon","Organic silicon compound, e.g. organosilicon",Compilation of Changes
2020.08,N,C09K 2323/055,C09K 2323/055,Epoxy,Epoxy,Compilation of Changes
2020.08,N,C09K 2323/057,C09K 2323/057,"Ester polymer, e.g. polycarbonate, polyacrylate or polyester","Ester polymer, e.g. polycarbonate, polyacrylate or polyester",Compilation of Changes
2020.08,N,C09K 2323/059,C09K 2323/059,"Unsaturated aliphatic polymer, e.g. vinyl","Unsaturated aliphatic polymer, e.g. vinyl",Compilation of Changes
2020.08,N,C09K 2323/06,C09K 2323/06,Substrate layer characterised by chemical composition,Substrate layer characterised by chemical composition,Compilation of Changes
2020.08,N,C09K 2323/061,C09K 2323/061,"Inorganic, e.g. ceramic, metallic or glass","Inorganic, e.g. ceramic, metallic or glass",Compilation of Changes
2020.08,U,C21B 7/00,C21B 7/00,Blast furnaces (lifts associated with blast furnaces B66B9/06),Blast furnaces (lifts associated with blast furnaces B66B9/06),Compilation of Changes
2020.08,U,C21B 7/18,C21B 7/18,Bell-and-hopper arrangements,Bell-and-hopper arrangements,Compilation of Changes
2020.08,M,C21B 7/02,C21B 7/02,with appliances for distributing the burden,with appliances for distributing the burden,Compilation of Changes
2020.08,M,C21B 7/205,C21B 7/205,{Details concerning the gear-box driving the charge distribution system},{Details concerning the gear-box driving the charge distribution system},Compilation of Changes
2020.08,M,C21B 2400/00,C21B 2400/00,Treatment of slags originating from iron or steel processes,Treatment of slags originating from iron or steel processes,Compilation of Changes
2020.08,U,C23C 14/00,C23C 14/00,"Coating by vacuum evaporation, by sputtering or by ion implantation of the coating forming material","Coating by vacuum evaporation, by sputtering or by ion implantation of the coating forming material",Compilation of Changes
2020.08,U,C23C 14/58,C23C 14/58,After-treatment,After-treatment,Compilation of Changes
2020.08,U,C23C 14/5806,C23C 14/5806,{Thermal treatment},{Thermal treatment},Compilation of Changes
2020.08,M,C23C 14/582,C23C 14/582,{using electron bombardment},{using electron bombardment},Compilation of Changes
2020.08,M,C23C 14/5826,C23C 14/5826,{Treatment with charged particles (C23C14/582 takes precedence)},{Treatment with charged particles (C23C14/582 takes precedence)},Compilation of Changes
2020.08,U,C25D 1/00,C25D 1/00,Electroforming,Electroforming,Compilation of Changes
2020.08,M,C25D 1/01,C25D 1/01,"Moulds; Masks; Masterforms {, e.g. mandrels, stampers}","Moulds; Masks; Masterforms {, e.g. mandrels, stampers}",Compilation of Changes
2020.08,M,C25D 1/12,C25D 1/12,by electrophoresis {(electrophoretic coating C25D13/00)},by electrophoresis {(electrophoretic coating C25D13/00)},Compilation of Changes
2020.08,U,C25D 3/00,C25D 3/00,Electroplating: Baths therefor,Electroplating: Baths therefor,Compilation of Changes
2020.08,U,C25D 3/02,C25D 3/02,from solutions (C25D5/34 - C25D5/46 take precedence),from solutions (C25D5/34 - C25D5/46 take precedence),Compilation of Changes
2020.08,M,C25D 3/12,C25D 3/12,of nickel or cobalt {(C25D3/56 takes precedence)},of nickel or cobalt {(C25D3/56 takes precedence)},Compilation of Changes
2020.08,U,C25D 3/56,C25D 3/56,of alloys,of alloys,Compilation of Changes
2020.08,M,C25D 3/562,C25D 3/562,"{containing more than 50% by weight of iron or nickel or cobalt}; NiP, FeP, CoP (phosphatising C25D11/36)}","{containing more than 50% by weight of iron or nickel or cobalt}; NiP, FeP, CoP (phosphatising C25D11/36)}",Compilation of Changes
2020.08,M,C25D 3/06,C25D 3/06,containing more than 50% by weight of tin {; SnP},containing more than 50% by weight of tin {; SnP},Compilation of Changes
2020.08,C,C25D 5/00,C25D 5/00,Electroplating characterised by the process; Pretreatment or after-treatment of workpieces,Electroplating characterised by the process; Pretreatment or after-treatment of workpieces,Compilation of Changes
2020.08,M,C25D 5/003,C25D 5/003,"{Electroplating characterised by the use ofusing gases, e.g. pressure influence (removal or gases or vapours, C25D21/04)}","{Electroplating characterised by the use ofusing gases, e.g. pressure influence (removal or gases or vapours, C25D21/04)}",Compilation of Changes
2020.08,F,C25D 5/006,C25D 5/006,"{Electroplating with applied electromagnetic field, not locally, e.g. for plating magnetic layers}","{Electroplating with applied electromagnetic field, not locally, e.g. for plating magnetic layers}",Compilation of Changes
2020.08,N,C25D 5/007,C25D 5/007,"{Electroplating using magnetic fields, e.g. magnets}","{Electroplating using magnetic fields, e.g. magnets}",Compilation of Changes
2020.08,N,C25D 5/009,C25D 5/009,{Deposition of ferromagnetic material},{Deposition of ferromagnetic material},Compilation of Changes
2020.08,N,C25D 5/011,C25D 5/011,{Electroplating using electromagnetic wave irradiation (using locally applied electromagnetic radiation C25D5/024)},{Electroplating using electromagnetic wave irradiation (using locally applied electromagnetic radiation C25D5/024)},Compilation of Changes
2020.08,N,C25D 5/013,C25D 5/013,"{Wavelengths other than ultra-violet [UV], visible or infra-red [IR], e.g. X-rays or microwaves}","{Wavelengths other than ultra-violet [UV], visible or infra-red [IR], e.g. X-rays or microwaves}",Compilation of Changes
2020.08,U,C25D 5/02,C25D 5/02,Electroplating of selected surface areas,Electroplating of selected surface areas,Compilation of Changes
2020.08,T,C25D 5/022,C25D 5/022,{using masking means (C25D11/022 takes precedence)},{using masking means (C25D11/022 takes precedence)},Compilation of Changes
2020.08,U,C25D 5/04,C25D 5/04,Electroplating with moving electrodes,Electroplating with moving electrodes,Compilation of Changes
2020.08,M,C25D 5/06,C25D 5/06,Brush or pad plating {(electrodes for pad plating C25D17/14)},Brush or pad plating {(electrodes for pad plating C25D17/14)},Compilation of Changes
2020.08,C,C25D 5/08,C25D 5/08,"Electroplating with moving electrolyte {, characterised by electrolyte flow}, e.g. jet electroplating {(spraying of electrolyte on wires strip or foils C25D7/0642, means or devices for moving the electrolyte C25D21/10, C25D5/026 takes precedenceusing locally applied jets of electrolyte C25D5/026)}","Electroplating with moving electrolyte {, characterised by electrolyte flow}, e.g. jet electroplating {(spraying of electrolyte on wires strip or foils C25D7/0642, means or devices for moving the electrolyte C25D21/10, C25D5/026 takes precedenceusing locally applied jets of electrolyte C25D5/026)}",Compilation of Changes
2020.08,C,C25D 5/01,C25D 5/01,Electroplating with more than one layer of the same or of different metals (for bearings C25D7/10),Electroplating with more than one layer of the same or of different metals (for bearings C25D7/10),Compilation of Changes
2020.08,C,C25D 5/12,C25D 5/12,at least one layer being of nickel or chromium,at least one layer being of nickel or chromium,Compilation of Changes
2020.08,C,C25D 5/14,C25D 5/14,"two or more layers being of nickel or chromium, e.g. duplex or triplex layers","two or more layers being of nickel or chromium, e.g. duplex or triplex layers",Compilation of Changes
2020.08,C,C25D 5/16,C25D 5/16,"Electroplating with layers of varying thickness {, e.g. rough surfaces}{; Hull cells}","Electroplating with layers of varying thickness {, e.g. rough surfaces}{; Hull cells}",Compilation of Changes
2020.08,C,C25D 5/18,C25D 5/18,"Electroplating using modulated, pulsed or reversing current","Electroplating using modulated, pulsed or reversing current",Compilation of Changes
2020.08,C,C25D 5/02,C25D 5/02,"Electroplating using ultrasonics {, vibrations}","Electroplating using ultrasonics {, vibrations}",Compilation of Changes
2020.08,C,C25D 5/22,C25D 5/22,Electroplating combined with mechanical treatment during the deposition,Electroplating combined with mechanical treatment during the deposition,Compilation of Changes
2020.08,C,C25D 5/54,C25D 5/54,"Electroplating {on} non-metallic surfaces {, e.g. on carbon or carbon composites}of non-metallic surfaces (C25D7/12 takes precedence)","Electroplating {on} non-metallic surfaces {, e.g. on carbon or carbon composites}of non-metallic surfaces (C25D7/12 takes precedence)",Compilation of Changes
2020.08,T,C25D 5/56,C25D 5/56,on {thin or conductive} plastics {of plastics(coating metallic material C23C)},on {thin or conductive} plastics {of plastics(coating metallic material C23C)},Compilation of Changes
2020.08,N,C25D 5/06,C25D 5/06,{Electroplating characterised by the structure or texture of the layers},{Electroplating characterised by the structure or texture of the layers},Compilation of Changes
2020.08,N,C25D 5/605,C25D 5/605,"{Surface topography of the layers, e.g. rough, dendritic or nodular layers}","{Surface topography of the layers, e.g. rough, dendritic or nodular layers}",Compilation of Changes
2020.08,N,C25D 5/611,C25D 5/611,{Smooth layers},{Smooth layers},Compilation of Changes
2020.08,N,C25D 5/615,C25D 5/615,"{Microstructure of the layers, e.g. mixed structure}","{Microstructure of the layers, e.g. mixed structure}",Compilation of Changes
2020.08,N,C25D 5/617,C25D 5/617,{Crystalline layers},{Crystalline layers},Compilation of Changes
2020.08,N,C25D 5/619,C25D 5/619,{Amorphous layers},{Amorphous layers},Compilation of Changes
2020.08,N,C25D 5/623,C25D 5/623,{Porosity of the layers},{Porosity of the layers},Compilation of Changes
2020.08,N,C25D 5/625,C25D 5/625,"{Discontinuous layers, e.g. microcracked layers}","{Discontinuous layers, e.g. microcracked layers}",Compilation of Changes
2020.08,N,C25D 5/627,C25D 5/627,"{Electroplating characterised by the visual appearance of the layers, e.g. colour, brightness or mat appearance}","{Electroplating characterised by the visual appearance of the layers, e.g. colour, brightness or mat appearance}",Compilation of Changes
2020.08,N,C25D 5/67,C25D 5/67,{Electroplating to repair workpiece},{Electroplating to repair workpiece},Compilation of Changes
2020.08,C,C25D 7/00,C25D 7/00,Electroplating characterised by the article coated,Electroplating characterised by the article coated,Compilation of Changes
2020.08,M,C25D 7/003,C25D 7/003,"{Threaded pieces, e.g. bolts, or nuts}","{Threaded pieces, e.g. bolts, or nuts}",Compilation of Changes
2020.08,T,C25D 7/005,C25D 7/005,{Jewels or clockworks}; Clockworks; Coins},{Jewels or clockworks}; Clockworks; Coins},Compilation of Changes
2020.08,C,C25D 7/12,C25D 7/12,Semiconductors,Semiconductors,Compilation of Changes
2020.08,T,C25D 7/123,C25D 7/123,"{coated first with a seed layer, e.g. for filling viasSemiconductors first coated with a seed layer or a conductive layer}","{coated first with a seed layer, e.g. for filling viasSemiconductors first coated with a seed layer or a conductive layer}",Compilation of Changes
2020.08,T,C25D 7/126,C25D 7/126,{Semiconductors first coated with a seed layer for solar cells},{Semiconductors first coated with a seed layer for solar cells},Compilation of Changes
2020.08,U,C25D 11/00,C25D 11/00,"Electrolytic coating by surface reaction, i.e. forming conversion layers","Electrolytic coating by surface reaction, i.e. forming conversion layers",Compilation of Changes
2020.08,U,C25D 11/02,C25D 11/02,Anodisation,Anodisation,Compilation of Changes
2020.08,C,C25D 11/022,C25D 11/022,{Anodisation on selected surface areas},{Anodisation on selected surface areas},Compilation of Changes
2020.08,M,C25D 11/36,C25D 11/36,"Phosphatising {, e.g. NiP, CoP, FeP (bath solutions of NiP, CoP, FeP C25D3/562)}","Phosphatising {, e.g. NiP, CoP, FeP (bath solutions of NiP, CoP, FeP C25D3/562)}",Compilation of Changes
2020.08,U,C25D 13/00,C25D 13/00,Electrophoretic coating characterised by the process (C25D15/00 takes precedence; compositions for electrophoretic coating C09D5/44),Electrophoretic coating characterised by the process (C25D15/00 takes precedence; compositions for electrophoretic coating C09D5/44),Compilation of Changes
2020.08,U,C25D 13/22,C25D 13/22,Servicing or operating {apparatus or multistep processes},Servicing or operating {apparatus or multistep processes},Compilation of Changes
2020.08,C,C25D 13/24,C25D 13/24,Regeneration of process liquids,Regeneration of process liquids,Compilation of Changes
2020.08,M,C25D 17/00,C25D 17/00,"Constructional parts, or assemblies thereof, of cells for electrolytic coating (apparatus for continuously conveying articles into baths B65G, e.g. B65G49/00; electric devices see the relevant classes, e.g. H01B, H02G ){(C25D7/06, C25D11/005, C25D13/22, C25 takes precedence)}","Constructional parts, or assemblies thereof, of cells for electrolytic coating (apparatus for continuously conveying articles into baths B65G, e.g. B65G49/00; electric devices see the relevant classes, e.g. H01B, H02G ){(C25D7/06, C25D11/005, C25D13/22, C25 takes precedence)}",Compilation of Changes
2020.08,M,C25D 17/001,C25D 17/001,"{Apparatus specially adapted for platingelectrolytic coating of wafers, e.g. semiconductors, or solar cells}","{Apparatus specially adapted for platingelectrolytic coating of wafers, e.g. semiconductors, or solar cells}",Compilation of Changes
2020.08,M,C25D 17/007,C25D 17/007,{Current conductingdirecting devices},{Current conductingdirecting devices},Compilation of Changes
2020.08,M,C25D 17/008,C25D 17/008,{Current insulatingshielding devices},{Current insulatingshielding devices},Compilation of Changes
2020.08,U,C25D 21/00,C25D 21/00,Processes for servicing or operating cells for electrolytic coating,Processes for servicing or operating cells for electrolytic coating,Compilation of Changes
2020.08,M,C25D 21/04,C25D 21/04,Removal of gases or vapours {; gasGas or pressure control (electroplating characterized by the use of gases C25D5/003)},Removal of gases or vapours {; gasGas or pressure control (electroplating characterized by the use of gases C25D5/003)},Compilation of Changes
2020.08,T,C25D 21/16,C25D 21/16,Regeneration of process solutions {(C25D13/24 takes precedence)},Regeneration of process solutions {(C25D13/24 takes precedence)},Compilation of Changes
2020.08,,D06H 3/00,D06H 3/00,Inspecting textile materials {(unwinding or rewinding apparatus incorporating inspecting devices B65H16/026)},Inspecting textile materials {(unwinding or rewinding apparatus incorporating inspecting devices B65H16/026)},Compilation of Changes
2020.08,,E21B 28/00,E21B 28/00,"Vibration generating arrangements for boreholes or wells, e.g. for stimulating production (for drilling E21B7/24; {for fishing for or freeing objects E21B31/005;} for transmitting measuring-signals E21B47/14; for geophysical measurements G01V1/02)","Vibration generating arrangements for boreholes or wells, e.g. for stimulating production (for drilling E21B7/24; {for fishing for or freeing objects E21B31/005;} for transmitting measuring-signals E21B47/14; for geophysical measurements G01V1/02)",Compilation of Changes
2020.08,U,E21B 41/00,E21B 41/00,Equipment or details not covered by groups E21B15/00 - E21B40/00,Equipment or details not covered by groups E21B15/00 - E21B40/00,Compilation of Changes
2020.08,,E21B 41/08,E21B 41/08,"Underwater guide bases, e.g. drilling templates; Levelling thereof","Underwater guide bases, e.g. drilling templates; Levelling thereof",Compilation of Changes
2020.08,U,E21B 43/00,E21B 43/00,"Methods or apparatus for obtaining oil, gas, water, soluble or meltable materials or a slurry of minerals from wells (applicable only to water E03B; obtaining oil-bearing deposits or soluble or meltable materials by mining techniques E21C41/00; pumps F04)","Methods or apparatus for obtaining oil, gas, water, soluble or meltable materials or a slurry of minerals from wells (applicable only to water E03B; obtaining oil-bearing deposits or soluble or meltable materials by mining techniques E21C41/00; pumps F04)",Compilation of Changes
2020.08,U,E21B 43/16,E21B 43/16,Enhanced recovery methods for obtaining hydrocarbons (fracturing E21B43/26; obtaining slurry E21B43/29; reclamation of contaminated soil in situ B09C  {; chemical compositions therefor C09K8/58}),Enhanced recovery methods for obtaining hydrocarbons (fracturing E21B43/26; obtaining slurry E21B43/29; reclamation of contaminated soil in situ B09C  {; chemical compositions therefor C09K8/58}),Compilation of Changes
2020.08,U,E21B 43/24,E21B 43/24,"using heat, e.g. steam injection (heating, cooling or insulating wells E21B36/00 {; in combination with organic material C09K8/592})","using heat, e.g. steam injection (heating, cooling or insulating wells E21B36/00 {; in combination with organic material C09K8/592})",Compilation of Changes
2020.08,U,E21B 43/2406,E21B 43/2406,{Steam assisted gravity drainage [SAGD]},{Steam assisted gravity drainage [SAGD]},Compilation of Changes
2020.08,,E21B 43/2408,E21B 43/2408,{SAGD in combination with other methods},{SAGD in combination with other methods},Compilation of Changes
2020.08,U,F04B 45/00,F04B 45/00,Pumps or pumping installations having flexible working members and specially adapted for elastic fluids,Pumps or pumping installations having flexible working members and specially adapted for elastic fluids,Compilation of Changes
2020.08,U,F04B 45/08,F04B 45/08,having peristaltic action,having peristaltic action,Compilation of Changes
2020.08,,F04B 45/01,F04B 45/01,having plate-like flexible members,having plate-like flexible members,Compilation of Changes
2020.08,U,F05B 2220/00,F05B 2220/00,Application,Application,Compilation of Changes
2020.08,U,F05B 2220/03,F05B 2220/03,in turbines,in turbines,Compilation of Changes
2020.08,U,F05B 2220/302,F05B 2220/302,in gas turbines,in gas turbines,Compilation of Changes
2020.08,D,F05B 2220/3021,F05B 2220/3021,for a special turbine stage,for a special turbine stage,Compilation of Changes
2020.08,D,F05B 2220/3022,F05B 2220/3022,the first stage of a turbine,the first stage of a turbine,Compilation of Changes
2020.08,D,F05B 2220/3023,F05B 2220/3023,an intermediate stage of the turbine,an intermediate stage of the turbine,Compilation of Changes
2020.08,D,F05B 2220/3025,F05B 2220/3025,the last stage of the turbine,the last stage of the turbine,Compilation of Changes
2020.08,D,F05B 2220/303,F05B 2220/303,"for aircraft propulsion, e.g. jet engines","for aircraft propulsion, e.g. jet engines",Compilation of Changes
2020.08,D,F05B 2220/304,F05B 2220/304,"to drive unshrouded, low solidity propeller","to drive unshrouded, low solidity propeller",Compilation of Changes
2020.08,D,F05B 2220/305,F05B 2220/305,"to drive unshrouded, high solidity propeller","to drive unshrouded, high solidity propeller",Compilation of Changes
2020.08,D,F05B 2220/306,F05B 2220/306,"to drive shrouded, low solidity propeller","to drive shrouded, low solidity propeller",Compilation of Changes
2020.08,D,F05B 2220/307,F05B 2220/307,"to drive shrouded, high solidity propeller","to drive shrouded, high solidity propeller",Compilation of Changes
2020.08,D,F05B 2220/308,F05B 2220/308,providing direct vertical lift,providing direct vertical lift,Compilation of Changes
2020.08,D,F05B 2220/309,F05B 2220/309,in a helicopter,in a helicopter,Compilation of Changes
2020.08,D,F05B 2220/33,F05B 2220/33,specially adapted for the fan of turbofan engines,specially adapted for the fan of turbofan engines,Compilation of Changes
2020.08,U,F05B 2220/07,F05B 2220/07,in combination with,in combination with,Compilation of Changes
2020.08,M,F05B 2220/702,F05B 2220/702,the other apparatus being a steam turbine,the other apparatus being a steam turbine,Compilation of Changes
2020.08,N,F05B 2220/703,F05B 2220/703,the other apparatus being a water turbine,the other apparatus being a water turbine,Compilation of Changes
2020.08,M,F05B 2220/704,F05B 2220/704,the other apparatus being a gas turbine,the other apparatus being a gas turbine,Compilation of Changes
2020.08,N,F05B 2220/705,F05B 2220/705,the other apparatus being a wind turbine,the other apparatus being a wind turbine,Compilation of Changes
2020.08,D,F05B 2220/08,F05B 2220/08,"in supersonic vehicles excluding hypersonic vehicles or ram, scram or rocket propulsion","in supersonic vehicles excluding hypersonic vehicles or ram, scram or rocket propulsion",Compilation of Changes
2020.08,D,F05B 2220/09,F05B 2220/09,"in vehicles adapted for vertical or short take off and landing (v/stol vehicles), (gas turbines providing direct vertical lift F05B2220/308)","in vehicles adapted for vertical or short take off and landing (v/stol vehicles), (gas turbines providing direct vertical lift F05B2220/308)",Compilation of Changes
2020.08,U,F05B 2240/00,F05B 2240/00,Components,Components,Compilation of Changes
2020.08,U,F05B 2240/02,F05B 2240/02,Rotors,Rotors,Compilation of Changes
2020.08,U,F05B 2240/03,F05B 2240/03,"Characteristics of rotor blades, i.e. of any element transforming dynamic fluid energy to or from rotational energy and being attached to a rotor","Characteristics of rotor blades, i.e. of any element transforming dynamic fluid energy to or from rotational energy and being attached to a rotor",Compilation of Changes
2020.08,U,F05B 2240/302,F05B 2240/302,Segmented or sectional blades,Segmented or sectional blades,Compilation of Changes
2020.08,N,F05B 2240/303,F05B 2240/303,Details of the leading edge,Details of the leading edge,Compilation of Changes
2020.08,N,F05B 2240/304,F05B 2240/304,Details of the trailing edge,Details of the trailing edge,Compilation of Changes
2020.08,N,F05B 2240/3042,F05B 2240/3042,Serrated trailing edge,Serrated trailing edge,Compilation of Changes
2020.08,N,F05B 2240/305,F05B 2240/305,"Flaps, slats or spoilers","Flaps, slats or spoilers",Compilation of Changes
2020.08,N,F05B 2240/3052,F05B 2240/3052,adjustable,adjustable,Compilation of Changes
2020.08,N,F05B 2240/306,F05B 2240/306,Surface measures,Surface measures,Compilation of Changes
2020.08,N,F05B 2240/3062,F05B 2240/3062,Vortex generators,Vortex generators,Compilation of Changes
2020.08,N,F05B 2240/307,F05B 2240/307,"Blade tip, e.g. winglets","Blade tip, e.g. winglets",Compilation of Changes
2020.08,U,F05B 2240/33,F05B 2240/33,Shrouds which are part of or which are rotating with the rotor,Shrouds which are part of or which are rotating with the rotor,Compilation of Changes
2020.08,D,F05B 2240/34,F05B 2240/34,with auxiliary or secondary rotors attached to blades of main rotor,with auxiliary or secondary rotors attached to blades of main rotor,Compilation of Changes
2020.08,D,F05B 2240/35,F05B 2240/35,Combustors or associated equipment,Combustors or associated equipment,Compilation of Changes
2020.08,D,F05B 2240/36,F05B 2240/36,Fuel vaporizer,Fuel vaporizer,Compilation of Changes
2020.08,N,F05B 2240/37,F05B 2240/37,Multiple rotors,Multiple rotors,Compilation of Changes
2020.08,N,F05B 2240/372,F05B 2240/372,coaxially arranged,coaxially arranged,Compilation of Changes
2020.08,N,F05B 2240/374,F05B 2240/374,Auxiliary rotors attached to blades of main rotor,Auxiliary rotors attached to blades of main rotor,Compilation of Changes
2020.08,U,F05B 2240/08,F05B 2240/08,Platforms for stationary or moving blades,Platforms for stationary or moving blades,Compilation of Changes
2020.08,U,F05B 2240/801,F05B 2240/801,cooled platforms,cooled platforms,Compilation of Changes
2020.08,N,F05B 2240/85,F05B 2240/85,Electrical connection arrangements,Electrical connection arrangements,Compilation of Changes
2020.08,U,F05B 2240/09,F05B 2240/09,Mounting on supporting structures or systems,Mounting on supporting structures or systems,Compilation of Changes
2020.08,U,F05B 2240/91,F05B 2240/91,on a stationary structure,on a stationary structure,Compilation of Changes
2020.08,U,F05B 2240/917,F05B 2240/917,attached to cables,attached to cables,Compilation of Changes
2020.08,N,F05B 2240/9172,F05B 2240/9172,of kite type with traction and retraction,of kite type with traction and retraction,Compilation of Changes
2020.08,N,F05B 2240/9174,F05B 2240/9174,of kite type with a turbine and a flying pattern,of kite type with a turbine and a flying pattern,Compilation of Changes
2020.08,N,F05B 2240/9176,F05B 2240/9176,"Wing, kites or buoyant bodies with a turbine attached without flying pattern","Wing, kites or buoyant bodies with a turbine attached without flying pattern",Compilation of Changes
2020.08,M,F05B 2240/96,F05B 2240/96,as part of a wind turbine farm,as part of a wind turbine farm,Compilation of Changes
2020.08,N,F05B 2240/965,F05B 2240/965,as part of a water turbine farm,as part of a water turbine farm,Compilation of Changes
2020.08,U,F05B 2250/00,F05B 2250/00,Geometry,Geometry,Compilation of Changes
2020.08,U,F05B 2250/04,F05B 2250/04,Movement of component,Movement of component,Compilation of Changes
2020.08,U,F05B 2250/43,F05B 2250/43,with three degrees of freedom,with three degrees of freedom,Compilation of Changes
2020.08,N,F05B 2250/44,F05B 2250/44,"one element moving inside another one, e.g. wave-operated member (wom) moving inside another member (rem)","one element moving inside another one, e.g. wave-operated member (wom) moving inside another member (rem)",Compilation of Changes
2020.08,U,F05B 2260/00,F05B 2260/00,Function,Function,Compilation of Changes
2020.08,U,F05B 2260/02,F05B 2260/02,"Transport, e.g. specific adaptations or devices for conveyance (transport of wind turbines or equipments therefore F03D13/40)","Transport, e.g. specific adaptations or devices for conveyance (transport of wind turbines or equipments therefore F03D13/40)",Compilation of Changes
2020.08,N,F05B 2260/04,F05B 2260/04,"Deployment, e.g. installing underwater structures","Deployment, e.g. installing underwater structures",Compilation of Changes
2020.08,U,F05B 2260/03,F05B 2260/03,Retaining components in desired mutual position,Retaining components in desired mutual position,Compilation of Changes
2020.08,U,F05B 2260/305,F05B 2260/305,Reducing friction between regenerative impeller discs and casing walls,Reducing friction between regenerative impeller discs and casing walls,Compilation of Changes
2020.08,N,F05B 2260/31,F05B 2260/31,Locking rotor in position,Locking rotor in position,Compilation of Changes
2020.08,U,F05B 2260/04,F05B 2260/04,Transmission of power,Transmission of power,Compilation of Changes
2020.08,U,F05B 2260/403,F05B 2260/403,through the shape of the drive components,through the shape of the drive components,Compilation of Changes
2020.08,U,F05B 2260/4031,F05B 2260/4031,as in toothed gearing,as in toothed gearing,Compilation of Changes
2020.08,U,F05B 2260/40311,F05B 2260/40311,"of the epicyclic, planetary or differential type","of the epicyclic, planetary or differential type",Compilation of Changes
2020.08,N,F05B 2260/40312,F05B 2260/40312,Ratchet wheels,Ratchet wheels,Compilation of Changes
2020.08,U,F05B 2260/42,F05B 2260/42,Storage of energy,Storage of energy,Compilation of Changes
2020.08,U,F05B 2260/421,F05B 2260/421,"in the form of rotational kinetic energy, e.g. in flywheels","in the form of rotational kinetic energy, e.g. in flywheels",Compilation of Changes
2020.08,N,F05B 2260/422,F05B 2260/422,"in the form of potential energy, e.g. pressurized or pumped fluid","in the form of potential energy, e.g. pressurized or pumped fluid",Compilation of Changes
2020.08,U,F05B 2260/85,F05B 2260/85,Starting,Starting,Compilation of Changes
2020.08,N,F05B 2260/87,F05B 2260/87,Using a generator as a motor,Using a generator as a motor,Compilation of Changes
2020.08,U,F05B 2270/00,F05B 2270/00,Control,Control,Compilation of Changes
2020.08,U,F05B 2270/01,F05B 2270/01,Purpose of the control system,Purpose of the control system,Compilation of Changes
2020.08,D,F05B 2270/105,F05B 2270/105,to improve fuel economy,to improve fuel economy,Compilation of Changes
2020.08,D,F05B 2270/1051,F05B 2270/1051,in particular at idling speed,in particular at idling speed,Compilation of Changes
2020.08,D,F05B 2270/106,F05B 2270/106,to produce clean exhaust gases,to produce clean exhaust gases,Compilation of Changes
2020.08,D,F05B 2270/1061,F05B 2270/1061,with as little smoke as possible,with as little smoke as possible,Compilation of Changes
2020.08,D,F05B 2270/1062,F05B 2270/1062,with as little NOx's as possible,with as little NOx's as possible,Compilation of Changes
2020.08,D,F05B 2270/1063,F05B 2270/1063,by monitoring combustion conditions,by monitoring combustion conditions,Compilation of Changes
2020.08,D,F05B 2270/1064,F05B 2270/1064,"indirectly, at the exhaust","indirectly, at the exhaust",Compilation of Changes
2020.08,U,F05B 2270/107,F05B 2270/107,to cope with emergencies,to cope with emergencies,Compilation of Changes
2020.08,U,F05B 2270/1076,F05B 2270/1076,caused by water or hail ingestion,caused by water or hail ingestion,Compilation of Changes
2020.08,N,F05B 2270/1077,F05B 2270/1077,Storm protection,Storm protection,Compilation of Changes
2020.08,D,F05B 2270/108,F05B 2270/108,"to cope with, or avoid, compressor flow instabilities","to cope with, or avoid, compressor flow instabilities",Compilation of Changes
2020.08,D,F05B 2270/1081,F05B 2270/1081,Compressor surge or stall,Compressor surge or stall,Compilation of Changes
2020.08,D,F05B 2270/10812,F05B 2270/10812,caused by working fluid flow velocity profile distortion,caused by working fluid flow velocity profile distortion,Compilation of Changes
2020.08,D,F05B 2270/10815,F05B 2270/10815,due to high angle of attack of aircraft,due to high angle of attack of aircraft,Compilation of Changes
2020.08,D,F05B 2270/10817,F05B 2270/10817,due to compressor degradation,due to compressor degradation,Compilation of Changes
2020.08,U,F05B 2270/11,F05B 2270/11,to maintain desired vehicle trajectory parameters,to maintain desired vehicle trajectory parameters,Compilation of Changes
2020.08,D,F05B 2270/1101,F05B 2270/1101,Altitude,Altitude,Compilation of Changes
2020.08,D,F05B 2270/1102,F05B 2270/1102,Speed or Mach number,Speed or Mach number,Compilation of Changes
2020.08,D,F05B 2270/15,F05B 2270/15,to control thermoacoustic behaviour in the combustion chambers (counteracting noise or vibration F05B2260/96),to control thermoacoustic behaviour in the combustion chambers (counteracting noise or vibration F05B2260/96),Compilation of Changes
2020.08,D,F05B 2270/16,F05B 2270/16,to control water or steam injection,to control water or steam injection,Compilation of Changes
2020.08,U,F05B 2270/02,F05B 2270/02,to optimise the performance of a machine,to optimise the performance of a machine,Compilation of Changes
2020.08,N,F05B 2270/202,F05B 2270/202,Tuning to wave conditions,Tuning to wave conditions,Compilation of Changes
2020.08,N,F05B 2270/204,F05B 2270/204,taking into account the wake effect,taking into account the wake effect,Compilation of Changes
2020.08,U,F05B 2270/03,F05B 2270/03,"Control parameters, e.g. input parameters","Control parameters, e.g. input parameters",Compilation of Changes
2020.08,D,F05B 2270/31,F05B 2270/31,Fuel schedule for stage combustors,Fuel schedule for stage combustors,Compilation of Changes
2020.08,U,F05B 2270/32,F05B 2270/32,Wind speeds,Wind speeds,Compilation of Changes
2020.08,U,F05B 2270/3201,F05B 2270/3201,"""cut-off"" or ""shut-down"" wind speed","""cut-off"" or ""shut-down"" wind speed",Compilation of Changes
2020.08,N,F05B 2270/3202,F05B 2270/3202,"""cut-in"" or starting wind speed","""cut-in"" or starting wind speed",Compilation of Changes
2020.08,U,F05B 2270/337,F05B 2270/337,"Electrical grid status parameters, e.g. voltage, frequency or power demand","Electrical grid status parameters, e.g. voltage, frequency or power demand",Compilation of Changes
2020.08,N,F05B 2270/34,F05B 2270/34,Water level,Water level,Compilation of Changes
2020.08,N,F05B 2270/341,F05B 2270/341,Liquid flow velocity or direction,Liquid flow velocity or direction,Compilation of Changes
2020.08,N,F05B 2270/342,F05B 2270/342,"Wave conditions, e.g. amplitude, frequency or direction","Wave conditions, e.g. amplitude, frequency or direction",Compilation of Changes
2020.08,U,F05B 2280/00,F05B 2280/00,Materials; Properties thereof,Materials; Properties thereof,Compilation of Changes
2020.08,U,F05B 2280/04,F05B 2280/04,Organic materials,Organic materials,Compilation of Changes
2020.08,M,F05B 2280/4003,F05B 2280/4003,"Synthetic polymers, e.g. plastics; Rubber","Synthetic polymers, e.g. plastics; Rubber",Compilation of Changes
2020.08,D,F05B 2280/4008,F05B 2280/4008,"Polyamides, e.g. Aurum","Polyamides, e.g. Aurum",Compilation of Changes
2020.08,U,F16L 3/00,F16L 3/00,"Supports for pipes, cables or protective tubing, e.g. hangers, holders, clamps, cleats, clips, brackets (anchors for holding pipes on or under the ground F16L1/06; {sound-damping supports F16L55/035; supports for insulated pipes F16L59/135})","Supports for pipes, cables or protective tubing, e.g. hangers, holders, clamps, cleats, clips, brackets (anchors for holding pipes on or under the ground F16L1/06; {sound-damping supports F16L55/035; supports for insulated pipes F16L59/135})",Compilation of Changes
2020.08,M,F16L 3/24,F16L 3/24,with a special member for attachment to profiled girders,with a special member for attachment to profiled girders,Compilation of Changes
2020.08,M,F16L 3/243,F16L 3/243,{the special member being inserted in the profiled girder},{the special member being inserted in the profiled girder},Compilation of Changes
2020.08,M,F16L 3/245,F16L 3/245,{the special member embracing the entire profiled girder},{the special member embracing the entire profiled girder},Compilation of Changes
2020.08,U,F16L 9/00,F16L 9/00,Rigid pipes,Rigid pipes,Compilation of Changes
2020.08,U,F16L 9/18,F16L 9/18,Double-walled pipes; Multi-channel pipes or pipe assemblies,Double-walled pipes; Multi-channel pipes or pipe assemblies,Compilation of Changes
2020.08,U,F16L 9/19,F16L 9/19,Multi-channel pipes or pipe assemblies,Multi-channel pipes or pipe assemblies,Compilation of Changes
2020.08,,F16L 9/02,F16L 9/02,{Pipe assemblies},{Pipe assemblies},Compilation of Changes
2020.08,U,F16L 27/00,F16L 27/00,"Adjustable joints, Joints allowing movement (of the quick-acting type F16L37/50; for double-walled or multi-channel pipe assemblies F16L39/04; {connecting arrangements or other fittings specially adapted to be made of plastics or to be used with pipes made of plastics F16L47/00; connecting arrangements specially adapted for pipes of brittle material F16L49/00})","Adjustable joints, Joints allowing movement (of the quick-acting type F16L37/50; for double-walled or multi-channel pipe assemblies F16L39/04; {connecting arrangements or other fittings specially adapted to be made of plastics or to be used with pipes made of plastics F16L47/00; connecting arrangements specially adapted for pipes of brittle material F16L49/00})",Compilation of Changes
2020.08,M,F16L 27/12,F16L 27/12,allowing substantial longitudinal adjustment or movement (by use of screw-thread F16L15/02),allowing substantial longitudinal adjustment or movement (by use of screw-thread F16L15/02),Compilation of Changes
2020.08,M,F16L 27/125,F16L 27/125,{having longitudinal and rotary movement},{having longitudinal and rotary movement},Compilation of Changes
2020.08,M,F16L 27/127,F16L 27/127,{with means for locking the longitudinal adjustment or movement in the final mounted position},{with means for locking the longitudinal adjustment or movement in the final mounted position},Compilation of Changes
2020.08,U,F16L 37/00,F16L 37/00,"Couplings of the quick-acting type (radially binding sleeves F16L17/04, F16L21/06; connecting hoses to rigid members F16L33/00; connections made automatically when vehicles are brought together B60D, B61G; specially adapted for lubricating devices F16N21/00)","Couplings of the quick-acting type (radially binding sleeves F16L17/04, F16L21/06; connecting hoses to rigid members F16L33/00; connections made automatically when vehicles are brought together B60D, B61G; specially adapted for lubricating devices F16N21/00)",Compilation of Changes
2020.08,U,F16L 37/08,F16L 37/08,in which the connection between abutting or axially overlapping ends is maintained by locking members (F16L37/22 - F16L37/26 take precedence),in which the connection between abutting or axially overlapping ends is maintained by locking members (F16L37/22 - F16L37/26 take precedence),Compilation of Changes
2020.08,U,F16L 37/084,F16L 37/084,combined with automatic locking,combined with automatic locking,Compilation of Changes
2020.08,M,F16L 37/088,F16L 37/088,by means of a split elastic ring,by means of a split elastic ring,Compilation of Changes
2020.08,M,F16L 37/0885,F16L 37/0885,{with access to the split elastic ring from a radial or tangential opening in the coupling},{with access to the split elastic ring from a radial or tangential opening in the coupling},Compilation of Changes
2020.08,M,F16L 37/0887,F16L 37/0887,{with an axially movable separate member for releasing the coupling},{with an axially movable separate member for releasing the coupling},Compilation of Changes
2020.08,M,F16L 37/092,F16L 37/092,by means of elements wedged between the pipe and the frusto-conical surface of the body of the connector,by means of elements wedged between the pipe and the frusto-conical surface of the body of the connector,Compilation of Changes
2020.08,M,F16L 37/0925,F16L 37/0925,{with rings which bite into the wall of the pipe},{with rings which bite into the wall of the pipe},Compilation of Changes
2020.08,M,F16L 37/0926,F16L 37/0926,{with an inner support sleeve arranged within the pipe},{with an inner support sleeve arranged within the pipe},Compilation of Changes
2020.08,M,F16L 37/0927,F16L 37/0927,{the wedge element being axially displaceable for releasing the coupling},{the wedge element being axially displaceable for releasing the coupling},Compilation of Changes
2020.08,U,F16L 47/00,F16L 47/00,Connecting arrangements or other fittings specially adapted to be made of plastics or to be used with pipes made of plastics {(connections for hoses of plastics F16L33/006)},Connecting arrangements or other fittings specially adapted to be made of plastics or to be used with pipes made of plastics {(connections for hoses of plastics F16L33/006)},Compilation of Changes
2020.08,M,F16L 47/04,F16L 47/04,with a swivel nut or collar engaging the pipe,with a swivel nut or collar engaging the pipe,Compilation of Changes
2020.08,M,F16L 47/041,F16L 47/041,{the plastic pipe end being flared either before or during the making of the connection},{the plastic pipe end being flared either before or during the making of the connection},Compilation of Changes
2020.08,U,F41G 7/00,F41G 7/00,"Direction control systems for self-propelled missiles (flight control B64C, G05D1/00  {; counter-measures against guided missiles F41H11/02; spin-stabilised missiles F42B10/26}; self-propelled or guided missiles having direction control systems only installed aboard F42B15/01; rocket torpedoes F42B17/00; marine torpedoes or sea-mines having self-propulsion means F42B19/00; locating by use of radio or other waves G01S; computing aspects G06)","Direction control systems for self-propelled missiles (flight control B64C, G05D1/00  {; counter-measures against guided missiles F41H11/02; spin-stabilised missiles F42B10/26}; self-propelled or guided missiles having direction control systems only installed aboard F42B15/01; rocket torpedoes F42B17/00; marine torpedoes or sea-mines having self-propulsion means F42B19/00; locating by use of radio or other waves G01S; computing aspects G06)",Compilation of Changes
2020.08,U,F41G 7/02,F41G 7/02,based on continuous observation of target position,based on continuous observation of target position,Compilation of Changes
2020.08,U,F41G 7/03,F41G 7/03,Command link guidance systems {(homing F41G7/2206)},Command link guidance systems {(homing F41G7/2206)},Compilation of Changes
2020.08,M,F41G 7/32,F41G 7/32,for wire-guided missiles,for wire-guided missiles,Compilation of Changes
2020.08,U,F42B 19/00,F42B 19/00,"Marine torpedoes, e.g. launched by surface vessels or submarines (having additional propulsion means for movement through air F42B17/00); Sea mines having self-propulsion means (F42B12/00 takes precedence; launching means F41F; locating by use of radio or other waves G01S; automatic control of course G05D1/00; firing directors or calculators G06G)","Marine torpedoes, e.g. launched by surface vessels or submarines (having additional propulsion means for movement through air F42B17/00); Sea mines having self-propulsion means (F42B12/00 takes precedence; launching means F41F; locating by use of radio or other waves G01S; automatic control of course G05D1/00; firing directors or calculators G06G)",Compilation of Changes
2020.08,M,F42B 19/01,F42B 19/01,Steering control,Steering control,Compilation of Changes
2020.08,M,F42B 19/01,F42B 19/01,"remotely controlled, e.g. by sonic or radio control (control systems using wire F41G7/32)","remotely controlled, e.g. by sonic or radio control (control systems using wire F41G7/32)",Compilation of Changes
2020.08,U,G01B 21/00,G01B 21/00,Measuring arrangements or details thereof in so far as they are not adapted to particular types of measuring means of the preceding groups,Measuring arrangements or details thereof in so far as they are not adapted to particular types of measuring means of the preceding groups,Compilation of Changes
2020.08,U,G01B 21/02,G01B 21/02,"for measuring length, width, or thickness (G01B21/10 takes precedence)","for measuring length, width, or thickness (G01B21/10 takes precedence)",Compilation of Changes
2020.08,,G01B 21/06,G01B 21/06,specially adapted for measuring length or width of objects while moving {(unwinding or rewinding apparatus incorporating length measuring devices B65H16/025)},specially adapted for measuring length or width of objects while moving {(unwinding or rewinding apparatus incorporating length measuring devices B65H16/025)},Compilation of Changes
2020.08,C,G01C 21/00,G01C 21/00,"Navigation; Navigational instruments not provided for in preceding groups G01C1/00 - G01C19/00 (measuring distance traversed on the ground by a vehicle G01C22/00; control of position, course, altitude or attitude of vehicles G05D1/00; traffic control systems for road vehicles involving transmission of navigation instructions to the vehicle G08G1/0968)","Navigation; Navigational instruments not provided for in preceding groups G01C1/00 - G01C19/00 (measuring distance traversed on the ground by a vehicle G01C22/00; control of position, course, altitude or attitude of vehicles G05D1/00; traffic control systems for road vehicles involving transmission of navigation instructions to the vehicle G08G1/0968)",Compilation of Changes
2020.08,U,G01C 21/01,G01C 21/01,"by using measurements of speed or acceleration (G01C21/24, G01C21/26 take precedence)","by using measurements of speed or acceleration (G01C21/24, G01C21/26 take precedence)",Compilation of Changes
2020.08,U,G01C 21/12,G01C 21/12,executed aboard the object being navigated; Dead reckoning,executed aboard the object being navigated; Dead reckoning,Compilation of Changes
2020.08,C,G01C 21/16,G01C 21/16,"by integrating acceleration or speed, i.e. inertial navigation","by integrating acceleration or speed, i.e. inertial navigation",Compilation of Changes
2020.08,C,G01C 21/165,G01C 21/165,{combined with non-inertial navigation instruments},{combined with non-inertial navigation instruments},Compilation of Changes
2020.08,N,G01C 21/1652,G01C 21/1652,"{with ranging devices, e.g. LIDAR or RADAR}","{with ranging devices, e.g. LIDAR or RADAR}",Compilation of Changes
2020.08,N,G01C 21/1654,G01C 21/1654,{with electromagnetic compass},{with electromagnetic compass},Compilation of Changes
2020.08,N,G01C 21/1656,G01C 21/1656,"{with passive imaging devices, e.g. cameras}","{with passive imaging devices, e.g. cameras}",Compilation of Changes
2020.08,N,G01C 21/166,G01C 21/166,"{Mechanical, construction or arrangement details of inertial navigation systems}","{Mechanical, construction or arrangement details of inertial navigation systems}",Compilation of Changes
2020.08,U,G01C 21/18,G01C 21/18,"Stabilised platforms, e.g. by gyroscope","Stabilised platforms, e.g. by gyroscope",Compilation of Changes
2020.08,N,G01C 21/183,G01C 21/183,"{Compensation of inertial measurements, e.g. for temperature effects}","{Compensation of inertial measurements, e.g. for temperature effects}",Compilation of Changes
2020.08,N,G01C 21/185,G01C 21/185,{for gravity},{for gravity},Compilation of Changes
2020.08,N,G01C 21/188,G01C 21/188,"{for accumulated errors, e.g. by coupling inertial systems with absolute positioning systems}","{for accumulated errors, e.g. by coupling inertial systems with absolute positioning systems}",Compilation of Changes
2020.08,U,G01C 21/26,G01C 21/26,specially adapted for navigation in a road network,specially adapted for navigation in a road network,Compilation of Changes
2020.08,U,G01C 21/28,G01C 21/28,with correlation of data from several navigational instruments,with correlation of data from several navigational instruments,Compilation of Changes
2020.08,U,G01C 21/03,G01C 21/03,Map- or contour-matching,Map- or contour-matching,Compilation of Changes
2020.08,C,G01C 21/32,G01C 21/32,Structuring or formatting of map data,Structuring or formatting of map data,Compilation of Changes
2020.08,U,G01C 21/34,G01C 21/34,Route searching; Route guidance,Route searching; Route guidance,Compilation of Changes
2020.08,U,G01C 21/36,G01C 21/36,Input/output arrangements for on-board computers,Input/output arrangements for on-board computers,Compilation of Changes
2020.08,M,G01C 21/3697,G01C 21/3697,"{outputOutput of additional, non-guidance related information, e.g. low fuel level, fuel efficient driving, gear change, speeding, dangerous curve ahead, slippery road, school zone, speed traps, driving behaviour feedback, advertising, virtual billboards or road signs (G01C21/3679 takes precedence)}","{outputOutput of additional, non-guidance related information, e.g. low fuel level, fuel efficient driving, gear change, speeding, dangerous curve ahead, slippery road, school zone, speed traps, driving behaviour feedback, advertising, virtual billboards or road signs (G01C21/3679 takes precedence)}",Compilation of Changes
2020.08,N,G01C 21/38,G01C 21/38,{Electronic maps specially adapted for navigation; Updating thereof},{Electronic maps specially adapted for navigation; Updating thereof},Compilation of Changes
2020.08,N,G01C 21/3804,G01C 21/3804,{Creation or updating of map data},{Creation or updating of map data},Compilation of Changes
2020.08,N,G01C 21/3807,G01C 21/3807,{characterised by the type of data},{characterised by the type of data},Compilation of Changes
2020.08,N,G01C 21/3811,G01C 21/3811,"{Point data, e.g. Point of Interest [POI]}","{Point data, e.g. Point of Interest [POI]}",Compilation of Changes
2020.08,N,G01C 21/3815,G01C 21/3815,{Road data},{Road data},Compilation of Changes
2020.08,N,G01C 21/3819,G01C 21/3819,"{Road shape data, e.g. outline of a route}","{Road shape data, e.g. outline of a route}",Compilation of Changes
2020.08,N,G01C 21/3822,G01C 21/3822,"{Road feature data, e.g. slope data}","{Road feature data, e.g. slope data}",Compilation of Changes
2020.08,N,G01C 21/3826,G01C 21/3826,{Terrain data},{Terrain data},Compilation of Changes
2020.08,N,G01C 21/383,G01C 21/383,{Indoor data},{Indoor data},Compilation of Changes
2020.08,N,G01C 21/3833,G01C 21/3833,{characterised by the source of data},{characterised by the source of data},Compilation of Changes
2020.08,N,G01C 21/3837,G01C 21/3837,{Data obtained from a single source},{Data obtained from a single source},Compilation of Changes
2020.08,N,G01C 21/3841,G01C 21/3841,"{Data obtained from two or more sources, e.g. probe vehicles}","{Data obtained from two or more sources, e.g. probe vehicles}",Compilation of Changes
2020.08,N,G01C 21/3844,G01C 21/3844,"{Data obtained from position sensors only, e.g. from inertial navigation}","{Data obtained from position sensors only, e.g. from inertial navigation}",Compilation of Changes
2020.08,N,G01C 21/3848,G01C 21/3848,{Data obtained from both position sensors and additional sensors},{Data obtained from both position sensors and additional sensors},Compilation of Changes
2020.08,N,G01C 21/3852,G01C 21/3852,{Data derived from aerial or satellite images},{Data derived from aerial or satellite images},Compilation of Changes
2020.08,N,G01C 21/3856,G01C 21/3856,{Data obtained from user input},{Data obtained from user input},Compilation of Changes
2020.08,N,G01C 21/3859,G01C 21/3859,{Differential updating map data},{Differential updating map data},Compilation of Changes
2020.08,N,G01C 21/3863,G01C 21/3863,{Structures of map data},{Structures of map data},Compilation of Changes
2020.08,N,G01C 21/3867,G01C 21/3867,"{Geometry of map features, e.g. shape points, polygons or for simplified maps}","{Geometry of map features, e.g. shape points, polygons or for simplified maps}",Compilation of Changes
2020.08,N,G01C 21/387,G01C 21/387,"{Organisation of map data, e.g. version management or database structures}","{Organisation of map data, e.g. version management or database structures}",Compilation of Changes
2020.08,N,G01C 21/3874,G01C 21/3874,{Structures specially adapted for data searching and retrieval},{Structures specially adapted for data searching and retrieval},Compilation of Changes
2020.08,N,G01C 21/3878,G01C 21/3878,"{Hierarchical structures, e.g. layering}","{Hierarchical structures, e.g. layering}",Compilation of Changes
2020.08,N,G01C 21/3881,G01C 21/3881,{Tile-based structures},{Tile-based structures},Compilation of Changes
2020.08,N,G01C 21/3885,G01C 21/3885,{Transmission of map data to client devices; Reception of map data by client devices},{Transmission of map data to client devices; Reception of map data by client devices},Compilation of Changes
2020.08,N,G01C 21/3889,G01C 21/3889,"{Transmission of selected map data, e.g. depending on route}","{Transmission of selected map data, e.g. depending on route}",Compilation of Changes
2020.08,N,G01C 21/3893,G01C 21/3893,"{Transmission of map data from distributed sources, e.g. from roadside stations}","{Transmission of map data from distributed sources, e.g. from roadside stations}",Compilation of Changes
2020.08,N,G01C 21/3896,G01C 21/3896,{Transmission of map data from central databases},{Transmission of map data from central databases},Compilation of Changes
2020.08,M,G01D 1/00,G01D 1/00,"Measuring arrangements giving results other than momentary value of variable, of general application (G01D3/00 takes precedence; in tariff metering apparatus G01D4/00; transducers not specially adapted for a specific variable G01D5/00; computing G06)","Measuring arrangements giving results other than momentary value of variable, of general application (G01D3/00 takes precedence; in tariff metering apparatus G01D4/00; transducers not specially adapted for a specific variable G01D5/00; computing G06)",Compilation of Changes
2020.08,M,G01D 1/18,G01D 1/18,"with arrangements for signalling that a predetermined value of an unspecified parameter has been exceeded (G01D1/14 takes precedence; for a specified parameter, see the subclass relevant to this parameter, e.g. level of a liquid exceeded G01F, temperature exceeded G01K)","with arrangements for signalling that a predetermined value of an unspecified parameter has been exceeded (G01D1/14 takes precedence; for a specified parameter, see the subclass relevant to this parameter, e.g. level of a liquid exceeded G01F, temperature exceeded G01K)",Compilation of Changes
2020.08,M,G01D 4/00,G01D 4/00,"Tariff metering apparatus (tariff meters for measuring the time integral of electric power or current G01R11/56; in taximeters G07B13/00; coin-feed mechanisms therefor G07F; apparatus actuated by coins, cards or the like with meter-controlled dispensing of liquid, gas, or electricity G07F15/00)","Tariff metering apparatus (tariff meters for measuring the time integral of electric power or current G01R11/56; in taximeters G07B13/00; coin-feed mechanisms therefor G07F; apparatus actuated by coins, cards or the like with meter-controlled dispensing of liquid, gas, or electricity G07F15/00)",Compilation of Changes
2020.08,U,G01D 4/02,G01D 4/02,Details,Details,Compilation of Changes
2020.08,M,G01D 4/04,G01D 4/04,"Resetting-mechanisms, e.g. for indicating members (for mechanical counters G06M1/28)","Resetting-mechanisms, e.g. for indicating members (for mechanical counters G06M1/28)",Compilation of Changes
2020.08,M,G01D 4/08,G01D 4/08,Transfer of indication from a counter into a summing counter {(mechanical counters G06M)},Transfer of indication from a counter into a summing counter {(mechanical counters G06M)},Compilation of Changes
2020.08,U,G01D 5/00,G01D 5/00,"Mechanical means for transferring the output of a sensing member; Means for converting the output of a sensing member to another variable where the form or nature of the sensing member does not constrain the means for converting; Transducers not specially adapted for a specific variable (G01D3/00 takes precedence; specially adapted for apparatus giving results other than momentary value of variable G01D1/00; sensing members, see the relevant subclasses, e.g. of G01, H01; for converting a single current or a single voltage into a mechanical displacement G01R5/00; specially adapted for high-voltage or high-current measuring arrangements G01R15/04, G01R15/14; measuring currents or voltages using digital measurement techniques G01R19/25; transmission systems for measured values, control or similar signals G08C, e.g. electrical signals G08C19/00)","Mechanical means for transferring the output of a sensing member; Means for converting the output of a sensing member to another variable where the form or nature of the sensing member does not constrain the means for converting; Transducers not specially adapted for a specific variable (G01D3/00 takes precedence; specially adapted for apparatus giving results other than momentary value of variable G01D1/00; sensing members, see the relevant subclasses, e.g. of G01, H01; for converting a single current or a single voltage into a mechanical displacement G01R5/00; specially adapted for high-voltage or high-current measuring arrangements G01R15/04, G01R15/14; measuring currents or voltages using digital measurement techniques G01R19/25; transmission systems for measured values, control or similar signals G08C, e.g. electrical signals G08C19/00)",Compilation of Changes
2020.08,U,G01D 5/02,G01D 5/02,using mechanical means,using mechanical means,Compilation of Changes
2020.08,M,G01D 5/04,G01D 5/04,using levers; using cams; using gearing (gearing in general F16),using levers; using cams; using gearing (gearing in general F16),Compilation of Changes
2020.08,M,G01D 5/06,G01D 5/06,"acting through a wall or enclosure, e.g. by bellows, by magnetic coupling (in general F16)","acting through a wall or enclosure, e.g. by bellows, by magnetic coupling (in general F16)",Compilation of Changes
2020.08,U,G01D 11/00,G01D 11/00,"Component parts of measuring arrangements not specially adapted for a specific variable (G01D13/00, G01D15/00 take precedence)","Component parts of measuring arrangements not specially adapted for a specific variable (G01D13/00, G01D15/00 take precedence)",Compilation of Changes
2020.08,M,G01D 11/02,G01D 11/02,Bearings or suspensions for moving parts (bearings in general F16C),Bearings or suspensions for moving parts (bearings in general F16C),Compilation of Changes
2020.08,M,G01D 11/04,G01D 11/04,KnifeKnive-edge bearings,KnifeKnive-edge bearings,Compilation of Changes
2020.08,M,G01D 11/03,G01D 11/03,"Supports specially adapted for an instrument; Supports specially adapted for a set of instruments (in general F16M; specially adapted for aircraft, or vehicles, see the relevant subclasses)","Supports specially adapted for an instrument; Supports specially adapted for a set of instruments (in general F16M; specially adapted for aircraft, or vehicles, see the relevant subclasses)",Compilation of Changes
2020.08,U,G01D 15/00,G01D 15/00,Component parts of recorders for measuring arrangements not specially adapted for a specific variable,Component parts of recorders for measuring arrangements not specially adapted for a specific variable,Compilation of Changes
2020.08,M,G01D 15/16,G01D 15/16,"Recording elements transferring recording material, e.g. ink, to the recording surface (printing recording elements G01D15/20; implements for writing or drawing in general B43K)","Recording elements transferring recording material, e.g. ink, to the recording surface (printing recording elements G01D15/20; implements for writing or drawing in general B43K)",Compilation of Changes
2020.08,U,G01D 15/24,G01D 15/24,Drives for recording elements and surfaces not covered by G01D5/00,Drives for recording elements and surfaces not covered by G01D5/00,Compilation of Changes
2020.08,M,G01D 15/26,G01D 15/26,"operating by clockwork (clockworks per se G04B, G04C)","operating by clockwork (clockworks per se G04B, G04C)",Compilation of Changes
2020.08,M,G01F 1/00,G01F 1/00,"Measuring the volume flow or mass flow of fluid or fluent solid material wherein the fluid passes through the meter in a continuous flow (measuring a proportion of the volume flow G01F5/00; measuring speed of flow G01P5/00; indicating presence or absence of flow G01P13/00; regulating quantity or ratio {G05D7/00, G05D11/02})","Measuring the volume flow or mass flow of fluid or fluent solid material wherein the fluid passes through the meter in a continuous flow (measuring a proportion of the volume flow G01F5/00; measuring speed of flow G01P5/00; indicating presence or absence of flow G01P13/00; regulating quantity or ratio {G05D7/00, G05D11/02})",Compilation of Changes
2020.08,U,G01F 1/05,G01F 1/05,by using mechanical effects,by using mechanical effects,Compilation of Changes
2020.08,U,G01F 1/34,G01F 1/34,by measuring pressure or differential pressure,by measuring pressure or differential pressure,Compilation of Changes
2020.08,U,G01F 1/36,G01F 1/36,the pressure or differential pressure being created by the use of flow constriction,the pressure or differential pressure being created by the use of flow constriction,Compilation of Changes
2020.08,U,G01F 1/04,G01F 1/04,Details or construction of the flow constriction devices,Details or construction of the flow constriction devices,Compilation of Changes
2020.08,M,G01F 1/46,G01F 1/46,Pitot tubes (specially adapted for measuring speed of fluids G01P5/165),Pitot tubes (specially adapted for measuring speed of fluids G01P5/165),Compilation of Changes
2020.08,U,G01F 1/704,G01F 1/704,"using marked regions or existing inhomogeneities within the fluid stream, e.g. statistically occurring variations in a fluid parameter (G01F1/76, G01F25/00 take precedence)","using marked regions or existing inhomogeneities within the fluid stream, e.g. statistically occurring variations in a fluid parameter (G01F1/76, G01F25/00 take precedence)",Compilation of Changes
2020.08,U,G01F 1/708,G01F 1/708,Measuring the time taken to traverse a fixed distance,Measuring the time taken to traverse a fixed distance,Compilation of Changes
2020.08,M,G01F 1/712,G01F 1/712,"using auto-correlation or cross-correlation detection means {({G01F1/7082 - G01F1/7088 take precedence}; measuring speed by using correlation means in general G01P3/80, G01P5/22)}","using auto-correlation or cross-correlation detection means {({G01F1/7082 - G01F1/7088 take precedence}; measuring speed by using correlation means in general G01P3/80, G01P5/22)}",Compilation of Changes
2020.08,M,G01F 1/76,G01F 1/76,Devices for measuring mass flow of a fluid or a fluent solid material (weighing a continuous stream of material during flow G01G11/00),Devices for measuring mass flow of a fluid or a fluent solid material (weighing a continuous stream of material during flow G01G11/00),Compilation of Changes
2020.08,U,G01F 3/00,G01F 3/00,"Measuring the volume flow of fluids or fluent solid material wherein the fluid passes through the meter in successive and more or less isolated quantities, the meter being driven by the flow (measuring a proportion of the volume flow G01F5/00)","Measuring the volume flow of fluids or fluent solid material wherein the fluid passes through the meter in successive and more or less isolated quantities, the meter being driven by the flow (measuring a proportion of the volume flow G01F5/00)",Compilation of Changes
2020.08,U,G01F 3/02,G01F 3/02,with measuring chambers which expand or contract during measurement,with measuring chambers which expand or contract during measurement,Compilation of Changes
2020.08,M,G01F 3/02,G01F 3/02,"having flexible movable walls, e.g. diaphragms, bellows (diaphragms and bellows therefor G01F15/16)","having flexible movable walls, e.g. diaphragms, bellows (diaphragms and bellows therefor G01F15/16)",Compilation of Changes
2020.08,U,G01F 11/00,G01F 11/00,Apparatus requiring external operation and adapted at each repeated and identical operation to measure and separate a predetermined volume of fluid or fluent solid material from a supply or container without regard to weight and to deliver it,Apparatus requiring external operation and adapted at each repeated and identical operation to measure and separate a predetermined volume of fluid or fluent solid material from a supply or container without regard to weight and to deliver it,Compilation of Changes
2020.08,U,G01F 11/02,G01F 11/02,with measuring chambers which expand or contract during measurement,with measuring chambers which expand or contract during measurement,Compilation of Changes
2020.08,M,G01F 11/08,G01F 11/08,of the diaphragm or bellows type (diaphragms or bellows therefor G01F15/16),of the diaphragm or bellows type (diaphragms or bellows therefor G01F15/16),Compilation of Changes
2020.08,M,G01F 11/28,G01F 11/28,with stationary measuring chambers having constant volume during measurement (with measuring chambers which expand or contract during measurement G01F11/02),with stationary measuring chambers having constant volume during measurement (with measuring chambers which expand or contract during measurement G01F11/02),Compilation of Changes
2020.08,U,G01F 15/00,G01F 15/00,"Details of, or accessories for, apparatus of the preceding groups insofar as such details or appliances are not adapted to particular types of such apparatus","Details of, or accessories for, apparatus of the preceding groups insofar as such details or appliances are not adapted to particular types of such apparatus",Compilation of Changes
2020.08,M,G01F 15/12,G01F 15/12,Cleaning arrangements; Filters (filters in general B01D),Cleaning arrangements; Filters (filters in general B01D),Compilation of Changes
2020.08,M,G01F 19/00,G01F 19/00,"Calibrated capacity measures for fluids or fluent solid material, e.g. measuring-cups { cups(powder measuring spoons A61J; burettes, weighing bottles B01L)}","Calibrated capacity measures for fluids or fluent solid material, e.g. measuring-cups { cups(powder measuring spoons A61J; burettes, weighing bottles B01L)}",Compilation of Changes
2020.08,M,G01F 23/00,G01F 23/00,"Indicating or measuring liquid level, or level of fluent solid material, e.g. indicating in terms of volume, indicating by means of an alarm (in wells E21B47/04; adaptation to, or mounting on, steam boilers F22B37/78; level regulation G05D; alarm devices G08B; {for accumulators H01M10/48})","Indicating or measuring liquid level, or level of fluent solid material, e.g. indicating in terms of volume, indicating by means of an alarm (in wells E21B47/04; adaptation to, or mounting on, steam boilers F22B37/78; level regulation G05D; alarm devices G08B; {for accumulators H01M10/48})",Compilation of Changes
2020.08,M,G01F 23/14,G01F 23/14,by measurement of pressure (measuring pressure in general G01L),by measurement of pressure (measuring pressure in general G01L),Compilation of Changes
2020.08,M,G01F 23/02,G01F 23/02,"by measurement of weight, e.g. to determine the level of stored liquefied gas (weighing in general G01G)","by measurement of weight, e.g. to determine the level of stored liquefied gas (weighing in general G01G)",Compilation of Changes
2020.08,M,G01F 23/03,G01F 23/03,"by floats (switches operated by floats H01H35/18, {with magnets H01H36/02})","by floats (switches operated by floats H01H35/18, {with magnets H01H36/02})",Compilation of Changes
2020.08,M,G01H 7/00,G01H 7/00,Measuring reverberation time {; {Roomroom acoustic measurements}(measuring absorption of vibrations in a material G01N; modifying acoustic properties to change reverberation time G10K),Measuring reverberation time {; {Roomroom acoustic measurements}(measuring absorption of vibrations in a material G01N; modifying acoustic properties to change reverberation time G10K),Compilation of Changes
2020.08,M,G01H 11/00,G01H 11/00,"Measuring mechanical vibrations or ultrasonic, sonic or infrasonic waves by detecting changes in electric or magnetic properties {, e.g. capacitance or reluctance (structural combination of musical instruments with microphones or other pick-up devices G10H3/16, G10H3/18, G10H3/20)}","Measuring mechanical vibrations or ultrasonic, sonic or infrasonic waves by detecting changes in electric or magnetic properties {, e.g. capacitance or reluctance (structural combination of musical instruments with microphones or other pick-up devices G10H3/16, G10H3/18, G10H3/20)}",Compilation of Changes
2020.08,U,G02B 6/00,G02B 6/00,Light guides,Light guides,Compilation of Changes
2020.08,M,G02B 6/01,G02B 6/01,"of the optical waveguide type (G02B6/02, G02B6/24 take precedence; devices or arrangements for the control of light by electric, magnetic, electro-magnetic or acoustic means G02F1/00; transferring the modulation of modulated light G02F2/00; optical logic elements G02F3/00; optical analogue/digital converters G02F7/00; stores using opto-electronic devices G11C11/42  {, using electro-optical elements G11C13/047} ; electric waveguides H01P; transmission of information by optical means H04B10/00; multiplex systems H04J14/00)","of the optical waveguide type (G02B6/02, G02B6/24 take precedence; devices or arrangements for the control of light by electric, magnetic, electro-magnetic or acoustic means G02F1/00; transferring the modulation of modulated light G02F2/00; optical logic elements G02F3/00; optical analogue/digital converters G02F7/00; stores using opto-electronic devices G11C11/42  {, using electro-optical elements G11C13/047} ; electric waveguides H01P; transmission of information by optical means H04B10/00; multiplex systems H04J14/00)",Compilation of Changes
2020.08,M,G02B 6/12,G02B 6/12,of the integrated circuit kind (production or processing of single crystals C30B; electric integrated circuits H01L27/00 {; coupling fibres and integrated optical circuits G02B6/30}),of the integrated circuit kind (production or processing of single crystals C30B; electric integrated circuits H01L27/00 {; coupling fibres and integrated optical circuits G02B6/30}),Compilation of Changes
2020.08,U,G02B 6/24,G02B 6/24,Coupling light guides (for electric waveguides H01P1/00),Coupling light guides (for electric waveguides H01P1/00),Compilation of Changes
2020.08,U,G02B 6/255,G02B 6/255,"Splicing of light guides, e.g. by fusion or bonding","Splicing of light guides, e.g. by fusion or bonding",Compilation of Changes
2020.08,M,G02B 6/2551,G02B 6/2551,"{using thermal methods, e.g. fusion welding by arc discharge, laser beam, plasma torch (making optical fibres with heat application C03B37/15)}","{using thermal methods, e.g. fusion welding by arc discharge, laser beam, plasma torch (making optical fibres with heat application C03B37/15)}",Compilation of Changes
2020.08,M,G02B 6/36,G02B 6/36,"Mechanical coupling means ({G02B6/06, G02B6/30, G02B6/35, G02B6/38} , G02B6/255, G02B6/42 take precedence)","Mechanical coupling means ({G02B6/06, G02B6/30, G02B6/35, G02B6/38} , G02B6/255, G02B6/42 take precedence)",Compilation of Changes
2020.08,M,G03F 1/00,G03F 1/00,"Originals for photomechanical production of textured or patterned surfaces, e.g., masks, photo-masks, reticles; Mask blanks or pellicles therefor; Containers specially adapted therefor; Preparation thereof","Originals for photomechanical production of textured or patterned surfaces, e.g., masks, photo-masks, reticles; Mask blanks or pellicles therefor; Containers specially adapted therefor; Preparation thereof",Compilation of Changes
2020.08,D,G03F 1/0007,G03F 1/0007,"{using an elastic substrate or involving an optical distortion, e.g. for printing on non flat surfaces}","{using an elastic substrate or involving an optical distortion, e.g. for printing on non flat surfaces}",Compilation of Changes
2020.08,D,G03F 1/0015,G03F 1/0015,"{by drawing, writing, e.g. on a photosensitive surface, or by engraving, e.g. using a stylus; using a typewriter; using chemical copy sheet}","{by drawing, writing, e.g. on a photosensitive surface, or by engraving, e.g. using a stylus; using a typewriter; using chemical copy sheet}",Compilation of Changes
2020.08,D,G03F 1/0023,G03F 1/0023,"{the masking pattern being obtained by the application of an ink, e.g. by traditional printing, by ink jet printing, by using a typewriter, or by the selecitive application of a powder, e.g. a toner}","{the masking pattern being obtained by the application of an ink, e.g. by traditional printing, by ink jet printing, by using a typewriter, or by the selecitive application of a powder, e.g. a toner}",Compilation of Changes
2020.08,D,G03F 1/003,G03F 1/003,"{the masking pattern being obtained by thermal means, e.g. by laser ablation (thermal transfer from a ribbon, e.g. G03F1/0023)}","{the masking pattern being obtained by thermal means, e.g. by laser ablation (thermal transfer from a ribbon, e.g. G03F1/0023)}",Compilation of Changes
2020.08,D,G03F 1/0038,G03F 1/0038,"{using chemical means, e.g. chemical camera copying}","{using chemical means, e.g. chemical camera copying}",Compilation of Changes
2020.08,D,G03F 1/0046,G03F 1/0046,{Phase shift masks},{Phase shift masks},Compilation of Changes
2020.08,D,G03F 1/0053,G03F 1/0053,"{Hybrid phase shift masks, i.e. combining plural types of phase-shifting pattern in a single common pattern}","{Hybrid phase shift masks, i.e. combining plural types of phase-shifting pattern in a single common pattern}",Compilation of Changes
2020.08,D,G03F 1/0061,G03F 1/0061,"{Alternating phase shift masks, i.e. Levenson-Shibuya type}","{Alternating phase shift masks, i.e. Levenson-Shibuya type}",Compilation of Changes
2020.08,D,G03F 1/0069,G03F 1/0069,"{Auxiliary patterns or specific arrangements of the phase-shifting elements to avoid phase-conflicts, i.e. phase-shifter layout strategies for alternating masks}","{Auxiliary patterns or specific arrangements of the phase-shifting elements to avoid phase-conflicts, i.e. phase-shifter layout strategies for alternating masks}",Compilation of Changes
2020.08,D,G03F 1/0076,G03F 1/0076,"{Masks with semi-transparent phase shifters, i.e. attenuated phase-shifting masks}","{Masks with semi-transparent phase shifters, i.e. attenuated phase-shifting masks}",Compilation of Changes
2020.08,D,G03F 1/0084,G03F 1/0084,"{Masks where at least part of the patterns comprise no opaque or semi-opaque pattern elements, i.e. phase-edge masks}","{Masks where at least part of the patterns comprise no opaque or semi-opaque pattern elements, i.e. phase-edge masks}",Compilation of Changes
2020.08,D,G03F 1/0092,G03F 1/0092,"{Auxiliary processes relating to originals, e.g. repair, washing or inspection}","{Auxiliary processes relating to originals, e.g. repair, washing or inspection}",Compilation of Changes
2020.08,D,G03F 1/02,G03F 1/02,{by photographic processes for production of originals simulating relief},{by photographic processes for production of originals simulating relief},Compilation of Changes
2020.08,D,G03F 1/04,G03F 1/04,{by montage processes},{by montage processes},Compilation of Changes
2020.08,D,G03F 1/06,G03F 1/06,"{from printing surfaces, e.g. using a heat or pressure sensitive foil, by pulling an impression, e.g. on a photosensitive sheet}","{from printing surfaces, e.g. using a heat or pressure sensitive foil, by pulling an impression, e.g. on a photosensitive sheet}",Compilation of Changes
2020.08,D,G03F 1/08,G03F 1/08,"{Originals having inorganic imaging layers, e.g. chrome masks (G03F1/12 takes precedence; X-Ray absorbers G03F1/148)}","{Originals having inorganic imaging layers, e.g. chrome masks (G03F1/12 takes precedence; X-Ray absorbers G03F1/148)}",Compilation of Changes
2020.08,D,G03F 1/01,G03F 1/01,{by exposing and washing out pigmented or coloured organic layers; by colouring macromolecular patterns},{by exposing and washing out pigmented or coloured organic layers; by colouring macromolecular patterns},Compilation of Changes
2020.08,D,G03F 1/103,G03F 1/103,"{the masking pattern being obtained by modification of the polymeric pattern by energetic means, e.g. by carbonisation or by ion implantation}","{the masking pattern being obtained by modification of the polymeric pattern by energetic means, e.g. by carbonisation or by ion implantation}",Compilation of Changes
2020.08,D,G03F 1/106,G03F 1/106,"{the masking means, e.g. the dye or pigment being incorporated into the photosensitive material}","{the masking means, e.g. the dye or pigment being incorporated into the photosensitive material}",Compilation of Changes
2020.08,D,G03F 1/12,G03F 1/12,{by exposing silver-halide-containing photosensitive materials or diazo-type materials},{by exposing silver-halide-containing photosensitive materials or diazo-type materials},Compilation of Changes
2020.08,D,G03F 1/14,G03F 1/14,"{Originals characterised by structural details, e.g. supports, cover layers, pellicle rings}","{Originals characterised by structural details, e.g. supports, cover layers, pellicle rings}",Compilation of Changes
2020.08,D,G03F 1/142,G03F 1/142,"{Pellicles, pellicle rings or continuous protective layers}","{Pellicles, pellicle rings or continuous protective layers}",Compilation of Changes
2020.08,D,G03F 1/144,G03F 1/144,"{Auxiliary patterns; Corrected patterns, e.g. proximity correction, grey level masks (G03F1/0046, G03F1/146, G03F9/00 take precedence)}","{Auxiliary patterns; Corrected patterns, e.g. proximity correction, grey level masks (G03F1/0046, G03F1/146, G03F9/00 take precedence)}",Compilation of Changes
2020.08,D,G03F 1/146,G03F 1/146,"{Originals for X-Ray exposures, X-Ray masks}","{Originals for X-Ray exposures, X-Ray masks}",Compilation of Changes
2020.08,D,G03F 1/148,G03F 1/148,{X-Ray absorbers},{X-Ray absorbers},Compilation of Changes
2020.08,D,G03F 1/16,G03F 1/16,"{Originals having apertures, e.g. for corpuscular lithography}","{Originals having apertures, e.g. for corpuscular lithography}",Compilation of Changes
2020.08,U,G03F 7/00,G03F 7/00,"Photomechanical, e.g. photolithographic, production of textured or patterned surfaces, e.g. printing surfaces; Materials therefor, e.g. comprising photoresists; Apparatus specially adapted therefor (using photoresist structures for special production processes, see the relevant places, e.g. B44C, H01L, e.g. H01L21/00, H05K)","Photomechanical, e.g. photolithographic, production of textured or patterned surfaces, e.g. printing surfaces; Materials therefor, e.g. comprising photoresists; Apparatus specially adapted therefor (using photoresist structures for special production processes, see the relevant places, e.g. B44C, H01L, e.g. H01L21/00, H05K)",Compilation of Changes
2020.08,U,G03F 7/07,G03F 7/07,{Exposure apparatus for microlithography},{Exposure apparatus for microlithography},Compilation of Changes
2020.08,U,G03F 7/70216,G03F 7/70216,{Systems for imaging mask onto workpiece},{Systems for imaging mask onto workpiece},Compilation of Changes
2020.08,,G03F 7/70283,G03F 7/70283,"{Masks or their effects on the imaging process, e.g. Fourier masks, greyscale masks, holographic masks, phase shift masks, phasemasks, lenticular masks, multiple masks, tilted masks, tandem masks (masks per se G03F1/14G03F1/00)}","{Masks or their effects on the imaging process, e.g. Fourier masks, greyscale masks, holographic masks, phase shift masks, phasemasks, lenticular masks, multiple masks, tilted masks, tandem masks (masks per se G03F1/14G03F1/00)}",Compilation of Changes
2020.08,U,G03F 7/70425,G03F 7/70425,"{Imaging strategies, e.g. for increasing throughput, printing product fields larger than the image field, compensating lithography- or non-lithography errors, e.g. proximity correction, mix-and-match, stitching, double patterning}","{Imaging strategies, e.g. for increasing throughput, printing product fields larger than the image field, compensating lithography- or non-lithography errors, e.g. proximity correction, mix-and-match, stitching, double patterning}",Compilation of Changes
2020.08,,G03F 7/70433,G03F 7/70433,"{Layout for increasing efficiency, for compensating imaging errors, e.g. layout of exposure fields,; Use of mask features for increasing efficiency, for compensating imaging errors (circuit design per se G06F30/30; designing or making of mask G03F1/14G03F1/00)}","{Layout for increasing efficiency, for compensating imaging errors, e.g. layout of exposure fields,; Use of mask features for increasing efficiency, for compensating imaging errors (circuit design per se G06F30/30; designing or making of mask G03F1/14G03F1/00)}",Compilation of Changes
2020.08,U,G03F 7/70483,G03F 7/70483,"{Information management, control, testing, and wafer monitoring, e.g. pattern monitoring (detection arrangements G03F7/7085)}","{Information management, control, testing, and wafer monitoring, e.g. pattern monitoring (detection arrangements G03F7/7085)}",Compilation of Changes
2020.08,U,G03F 7/70616,G03F 7/70616,"{Wafer pattern monitoring, i.e. measuring printed patterns or the aerial image at the wafer plane (optical metrology tools per se G01B11/02 and G01B9/04)}","{Wafer pattern monitoring, i.e. measuring printed patterns or the aerial image at the wafer plane (optical metrology tools per se G01B11/02 and G01B9/04)}",Compilation of Changes
2020.08,,G03F 7/70666,G03F 7/70666,{using aerial image (aerial image measurement tools for mask inspection G03F1/0092G03F1/68)},{using aerial image (aerial image measurement tools for mask inspection G03F1/0092G03F1/68)},Compilation of Changes
2020.08,U,G03G 9/00,G03G 9/00,Developers,Developers,Compilation of Changes
2020.08,M,G03G 9/08,G03G 9/08,with toner particles,with toner particles,Compilation of Changes
2020.08,U,G03G 9/097,G03G 9/097,Plasticisers; Charge controlling agents,Plasticisers; Charge controlling agents,Compilation of Changes
2020.08,U,G03G 9/09783,G03G 9/09783,{Organo-metallic compounds},{Organo-metallic compounds},Compilation of Changes
2020.08,U,G03G 9/09791,G03G 9/09791,{Metallic soaps of higher carboxylic acids},{Metallic soaps of higher carboxylic acids},Compilation of Changes
2020.08,C,G03G 9/01,G03G 9/01,characterised by carrier particles,characterised by carrier particles,Compilation of Changes
2020.08,N,G03G 9/103,G03G 9/103,{Glass particles},{Glass particles},Compilation of Changes
2020.08,C,G03G 9/107,G03G 9/107,having magnetic components,having magnetic components,Compilation of Changes
2020.08,T,G03G 9/1075,G03G 9/1075,"{Carrier particles having a multi-layered structureStructural characteristics of the carrier particles, e.g. shape or crystallographic structure}; Carrier particles comprising a core}","{Carrier particles having a multi-layered structureStructural characteristics of the carrier particles, e.g. shape or crystallographic structure}; Carrier particles comprising a core}",Compilation of Changes
2020.08,N,G03G 9/108,G03G 9/108,"{Ferrite carrier, e.g. magnetite}","{Ferrite carrier, e.g. magnetite}",Compilation of Changes
2020.08,N,G03G 9/1085,G03G 9/1085,"{with non-ferrous metal oxide, e.g. MgO-Fe2O3}","{with non-ferrous metal oxide, e.g. MgO-Fe2O3}",Compilation of Changes
2020.08,N,G03G 9/1087,G03G 9/1087,"{Specified elemental magnetic metal or alloy, e.g. alnico comprising iron, nickel, cobalt, and aluminum, or permalloy comprising iron and nickel}","{Specified elemental magnetic metal or alloy, e.g. alnico comprising iron, nickel, cobalt, and aluminum, or permalloy comprising iron and nickel}",Compilation of Changes
2020.08,N,G03G 9/1088,G03G 9/1088,{Binder-type carrier},{Binder-type carrier},Compilation of Changes
2020.08,N,G03G 9/10882,G03G 9/10882,{Binder is obtained by reactions only involving carbon-carbon unsaturated bonds},{Binder is obtained by reactions only involving carbon-carbon unsaturated bonds},Compilation of Changes
2020.08,N,G03G 9/10884,G03G 9/10884,{Binder is obtained other than by reactions only involving carbon-carbon unsaturated bonds},{Binder is obtained other than by reactions only involving carbon-carbon unsaturated bonds},Compilation of Changes
2020.08,U,G05B 23/00,G05B 23/00,"Testing or monitoring of control systems or parts thereof (monitoring of programme-control systems G05B19/048, G05B19/406)","Testing or monitoring of control systems or parts thereof (monitoring of programme-control systems G05B19/048, G05B19/406)",Compilation of Changes
2020.08,U,G05B 23/02,G05B 23/02,Electric testing or monitoring,Electric testing or monitoring,Compilation of Changes
2020.08,D,G05B 23/0202,G05B 23/0202,{in which a transfer function of a process is calculated},{in which a transfer function of a process is calculated},Compilation of Changes
2020.08,M,G05B 23/0205,G05B 23/0205,{by means of a monitoring system capable of detecting and responding to faults},{by means of a monitoring system capable of detecting and responding to faults},Compilation of Changes
2020.08,M,G06F 3/00,G06F 3/00,"Input arrangements for transferring data to be processed into a form capable of being handled by the computer; Output arrangements for transferring data from processing unit to output unit, e.g. interface arrangements (typewriters B41J; conversion of physical variables F15B5/00, G01; image acquisition G06T1/00, G06F9/00; coding, decoding or code conversion in general H03M; transmission of digital information H04L; {in regulating or control systems G05B})","Input arrangements for transferring data to be processed into a form capable of being handled by the computer; Output arrangements for transferring data from processing unit to output unit, e.g. interface arrangements (typewriters B41J; conversion of physical variables F15B5/00, G01; image acquisition G06T1/00, G06F9/00; coding, decoding or code conversion in general H03M; transmission of digital information H04L; {in regulating or control systems G05B})",Compilation of Changes
2020.08,U,G06F 3/01,G06F 3/01,Input arrangements or combined input and output arrangements for interaction between user and computer (G06F3/16 takes precedence),Input arrangements or combined input and output arrangements for interaction between user and computer (G06F3/16 takes precedence),Compilation of Changes
2020.08,M,G06F 3/02,G06F 3/02,"Input arrangements using manually operated switches, e.g. using keyboards or dials (keyboard switches per se H01H13/70; electronic switches characterised by the way in which the control signals are generated H03K17/94)","Input arrangements using manually operated switches, e.g. using keyboards or dials (keyboard switches per se H01H13/70; electronic switches characterised by the way in which the control signals are generated H03K17/94)",Compilation of Changes
2020.08,M,G06F 3/023,G06F 3/023,"Arrangements for converting discrete items of information into a coded form, e.g. arrangements for interpreting keyboard generated codes as alphanumeric codes, operand codes or instruction codes {(coding in connection with keyboards or like devices in general H03M11/00)}","Arrangements for converting discrete items of information into a coded form, e.g. arrangements for interpreting keyboard generated codes as alphanumeric codes, operand codes or instruction codes {(coding in connection with keyboards or like devices in general H03M11/00)}",Compilation of Changes
2020.08,U,G06F 3/03,G06F 3/03,Arrangements for converting the position or the displacement of a member into a coded form,Arrangements for converting the position or the displacement of a member into a coded form,Compilation of Changes
2020.08,M,G06F 3/033,G06F 3/033,"Pointing devices displaced or positioned by the user, e.g. mice, trackballs, pens or joysticks; Accessories therefor {(constructional details of joysticks G05G9/047; arrangement for interfacing a joystick to a computer G06F3/038digitisers characterised by the transducing means G06F3/041)}","Pointing devices displaced or positioned by the user, e.g. mice, trackballs, pens or joysticks; Accessories therefor {(constructional details of joysticks G05G9/047; arrangement for interfacing a joystick to a computer G06F3/038digitisers characterised by the transducing means G06F3/041)}",Compilation of Changes
2020.08,M,G06F 3/06,G06F 3/06,"Digital input from or digital output to record carriers, { {, e.g. RAID, emulated record carriers, networked record carriers (recording or reproducing devices per se G11B; error detection, error correction, monitoring per se regarding storage systems G06F11/00; accessing or addressing within memory systems or architectures G06F12/00; information retrieval G06F16/00)}","Digital input from or digital output to record carriers, { {, e.g. RAID, emulated record carriers, networked record carriers (recording or reproducing devices per se G11B; error detection, error correction, monitoring per se regarding storage systems G06F11/00; accessing or addressing within memory systems or architectures G06F12/00; information retrieval G06F16/00)}",Compilation of Changes
2020.08,M,G06F 3/08,G06F 3/08,"from or to individual record carriers, e.g. punched card {, memory card, integrated circuit [IC] card, smart card or smart card}(record carriers for use with machines and with at least a part designed to carry digital markings G06K19/00; coded identity card or credit card with a coded signal G07F7/10)}","from or to individual record carriers, e.g. punched card {, memory card, integrated circuit [IC] card, smart card or smart card}(record carriers for use with machines and with at least a part designed to carry digital markings G06K19/00; coded identity card or credit card with a coded signal G07F7/10)}",Compilation of Changes
2020.08,M,G06F 3/14,G06F 3/14,Digital output to display device {; {Cooperation and interconnection of the display device with other functional units}(control of display in general G09G; arrangements for producing a permanent visual presentation of the output data G06K15/00),Digital output to display device {; {Cooperation and interconnection of the display device with other functional units}(control of display in general G09G; arrangements for producing a permanent visual presentation of the output data G06K15/00),Compilation of Changes
2020.08,U,G06F 11/00,G06F 11/00,"Error detection; Error correction; Monitoring (error detection, correction or monitoring in information storage based on relative movement between record carrier and transducer G11B20/18; monitoring, i.e. supervising the progress of recording or reproducing G11B27/36; in static stores G11C29/00)","Error detection; Error correction; Monitoring (error detection, correction or monitoring in information storage based on relative movement between record carrier and transducer G11B20/18; monitoring, i.e. supervising the progress of recording or reproducing G11B27/36; in static stores G11C29/00)",Compilation of Changes
2020.08,U,G06F 11/07,G06F 11/07,"Responding to the occurrence of a fault, e.g. fault tolerance","Responding to the occurrence of a fault, e.g. fault tolerance",Compilation of Changes
2020.08,U,G06F 11/0703,G06F 11/0703,"{Error or fault processing not based on redundancy, i.e. by taking additional measures to deal with the error or fault not making use of redundancy in operation, in hardware, or in data representation}","{Error or fault processing not based on redundancy, i.e. by taking additional measures to deal with the error or fault not making use of redundancy in operation, in hardware, or in data representation}",Compilation of Changes
2020.08,M,G06F 11/0766,G06F 11/0766,"{Error or fault reporting or storing (reporting or storing of non-error data G06F11/30, G06F11/34)}","{Error or fault reporting or storing (reporting or storing of non-error data G06F11/30, G06F11/34)}",Compilation of Changes
2020.08,U,G06F 11/22,G06F 11/22,"Detection or location of defective computer hardware by testing during standby operation or during idle time, e.g. start-up testing","Detection or location of defective computer hardware by testing during standby operation or during idle time, e.g. start-up testing",Compilation of Changes
2020.08,U,G06F 11/2273,G06F 11/2273,{Test methods},{Test methods},Compilation of Changes
2020.08,D,G06F 2011/2278,G06F 2011/2278,"{Power-On Test, e.g. POST}","{Power-On Test, e.g. POST}",Compilation of Changes
2020.08,U,G06F 17/00,G06F 17/00,"Digital computing or data processing equipment or methods, specially adapted for specific functions (information retrieval, database structures or file system structures therefor G06F16/00)","Digital computing or data processing equipment or methods, specially adapted for specific functions (information retrieval, database structures or file system structures therefor G06F16/00)",Compilation of Changes
2020.08,M,G06F 17/04,G06F 17/04,Data acquisition and logging (for input to computer G06F3/00  {; displays as computer output G06F3/14; for image data processing G06T9/00; compression in general H03M7/30; for transmission H04B1/66; for pictorial communication H04N; arrangements in telecontrol or telemetry systems for selectively calling a substation from a main station H04Q9/00}),Data acquisition and logging (for input to computer G06F3/00  {; displays as computer output G06F3/14; for image data processing G06T9/00; compression in general H03M7/30; for transmission H04B1/66; for pictorial communication H04N; arrangements in telecontrol or telemetry systems for selectively calling a substation from a main station H04Q9/00}),Compilation of Changes
2020.08,U,G08G 1/00,G08G 1/00,Traffic control systems for road vehicles (arrangement of road signs or traffic signals E01F9/00  {; automatic vehicle control B62D}),Traffic control systems for road vehicles (arrangement of road signs or traffic signals E01F9/00  {; automatic vehicle control B62D}),Compilation of Changes
2020.08,U,G08G 1/09,G08G 1/09,"Arrangements for giving variable traffic instructions ({railroad crossing signals B61L; reflectors E01F, G08B}; indicating arrangements for variable information by selection or combination of individual elements G09F9/00)","Arrangements for giving variable traffic instructions ({railroad crossing signals B61L; reflectors E01F, G08B}; indicating arrangements for variable information by selection or combination of individual elements G09F9/00)",Compilation of Changes
2020.08,U,G08G 1/0962,G08G 1/0962,"having an indicator mounted inside the vehicle, e.g. giving voice messages","having an indicator mounted inside the vehicle, e.g. giving voice messages",Compilation of Changes
2020.08,M,G08G 1/0968,G08G 1/0968,Systems involving transmission of navigation instructions to the vehicle {(navigation or navigational instruments specially adapted for navigation in a road network G01C21/26)},Systems involving transmission of navigation instructions to the vehicle {(navigation or navigational instruments specially adapted for navigation in a road network G01C21/26)},Compilation of Changes
2020.08,C,G09G 3/00,G09G 3/00,"Control arrangements or circuits, of interest only in connection with visual indicators other than cathode-ray tubes (optical scanning systems in general G02B26/10)","Control arrangements or circuits, of interest only in connection with visual indicators other than cathode-ray tubes (optical scanning systems in general G02B26/10)",Compilation of Changes
2020.08,U,G09G 3/02,G09G 3/02,by tracing or scanning a light beam on a screen,by tracing or scanning a light beam on a screen,Compilation of Changes
2020.08,U,G09G 3/025,G09G 3/025,{with scanning or deflecting the beams in two directions or dimensions},{with scanning or deflecting the beams in two directions or dimensions},Compilation of Changes
2020.08,N,G09G 3/03,G09G 3/03,"{specially adapted for displays having non-planar surfaces, e.g. curved displays}","{specially adapted for displays having non-planar surfaces, e.g. curved displays}",Compilation of Changes
2020.08,N,G09G 3/035,G09G 3/035,{for flexible display surfaces},{for flexible display surfaces},Compilation of Changes
2020.08,U,G09G 3/04,G09G 3/04,"for presentation of a single character by selection from a plurality of characters, or by composing the character by combination of individual elements, e.g. segments {using a combination of such display devices for composing words, rows or the like, in a frame with fixed character positions}","for presentation of a single character by selection from a plurality of characters, or by composing the character by combination of individual elements, e.g. segments {using a combination of such display devices for composing words, rows or the like, in a frame with fixed character positions}",Compilation of Changes
2020.08,U,G09G 3/06,G09G 3/06,using controlled light sources,using controlled light sources,Compilation of Changes
2020.08,M,G09G 3/12,G09G 3/12,using electroluminescent elements (using cathode-ray tubes with phosphor screens G09G1/00),using electroluminescent elements (using cathode-ray tubes with phosphor screens G09G1/00),Compilation of Changes
2020.08,U,G09G 3/02,G09G 3/02,"for presentation of an assembly of a number of characters, e.g. a page, by composing the assembly by combination of individual elements arranged in a matrix {no fixed position being assigned to or needed to be assigned to the individual characters or partial characters}","for presentation of an assembly of a number of characters, e.g. a page, by composing the assembly by combination of individual elements arranged in a matrix {no fixed position being assigned to or needed to be assigned to the individual characters or partial characters}",Compilation of Changes
2020.08,U,G09G 3/22,G09G 3/22,using controlled light sources,using controlled light sources,Compilation of Changes
2020.08,U,G09G 3/28,G09G 3/28,"using luminous gas-discharge panels, e.g. plasma panels","using luminous gas-discharge panels, e.g. plasma panels",Compilation of Changes
2020.08,U,G09G 3/288,G09G 3/288,using AC panels,using AC panels,Compilation of Changes
2020.08,M,G09G 3/29,G09G 3/29,using self-shift panels {with sequential transfer of the discharges from an input position to a further display position (tubes therefor H01J17/49)},using self-shift panels {with sequential transfer of the discharges from an input position to a further display position (tubes therefor H01J17/49)},Compilation of Changes
2020.08,U,G09G 2380/00,G09G 2380/00,Specific applications,Specific applications,Compilation of Changes
2020.08,C,G09G 2380/02,G09G 2380/02,Applications of flexibleFlexible displays,Applications of flexibleFlexible displays,Compilation of Changes
2020.08,M,G10B 3/00,G10B 3/00,Details or accessories,Details or accessories,Compilation of Changes
2020.08,M,G10B 3/24,G10B 3/24,Cases,Cases,Compilation of Changes
2020.08,U,G10K 11/00,G10K 11/00,"Methods or devices for transmitting, conducting or directing sound in general; Methods or devices for protecting against, or for damping, noise or other acoustic waves in general","Methods or devices for transmitting, conducting or directing sound in general; Methods or devices for protecting against, or for damping, noise or other acoustic waves in general",Compilation of Changes
2020.08,U,G10K 11/16,G10K 11/16,"Methods or devices for protecting against, or for damping, noise or other acoustic waves in general (G10K11/36 takes precedence)","Methods or devices for protecting against, or for damping, noise or other acoustic waves in general (G10K11/36 takes precedence)",Compilation of Changes
2020.08,U,G10K 11/175,G10K 11/175,using interference effects; Masking sound,using interference effects; Masking sound,Compilation of Changes
2020.08,U,G10K 11/178,G10K 11/178,by electro-acoustically regenerating the original acoustic waves in anti-phase,by electro-acoustically regenerating the original acoustic waves in anti-phase,Compilation of Changes
2020.08,M,G10K 11/1783,G10K 11/1783,"{handling or detecting of non-standard events or conditions, e.g. changing operating modes under specific operating conditions}","{handling or detecting of non-standard events or conditions, e.g. changing operating modes under specific operating conditions}",Compilation of Changes
2020.08,U,G10K 11/1785,G10K 11/1785,"{Methods, e.g. algorithms; Devices (G10K11/1781, G10K11/1783 take precedence)}","{Methods, e.g. algorithms; Devices (G10K11/1781, G10K11/1783 take precedence)}",Compilation of Changes
2020.08,M,G10K 11/17853,G10K 11/17853,"{of the filter, e.g. leakage tuning}","{of the filter, e.g. leakage tuning}",Compilation of Changes
2020.08,U,G10L 13/00,G10L 13/00,Speech synthesis; Text to speech systems,Speech synthesis; Text to speech systems,Compilation of Changes
2020.08,U,G10L 13/02,G10L 13/02,Methods for producing synthetic speech; Speech synthesisers,Methods for producing synthetic speech; Speech synthesisers,Compilation of Changes
2020.08,U,G10L 13/04,G10L 13/04,"Details of speech synthesis systems, e.g. synthesiser structure or memory management","Details of speech synthesis systems, e.g. synthesiser structure or memory management",Compilation of Changes
2020.08,D,G10L 13/043,G10L 13/043,{Synthesisers specially adapted to particular applications},{Synthesisers specially adapted to particular applications},Compilation of Changes
2020.08,U,G10L 15/00,G10L 15/00,Speech recognition (G10L17/00 takes precedence),Speech recognition (G10L17/00 takes precedence),Compilation of Changes
2020.08,U,G10L 15/22,G10L 15/22,"Procedures used during a speech recognition process, e.g. man-machine dialogue","Procedures used during a speech recognition process, e.g. man-machine dialogue",Compilation of Changes
2020.08,M,G10L 2015/226,G10L 2015/226,{Taking into account non-speech caracteristicsusing non-speech characteristics},{Taking into account non-speech caracteristicsusing non-speech characteristics},Compilation of Changes
2020.08,U,G10L 15/26,G10L 15/26,Speech to text systems (G10L15/08 takes precedence),Speech to text systems (G10L15/08 takes precedence),Compilation of Changes
2020.08,D,G10L 15/265,G10L 15/265,{Speech recognisers specially adapted for particular applications (devices for signalling identity of wanted subscriber in a telephonic communication equipment controlled by voice recognition H04M1/271; speech interaction details in interactive information services in a telephonic communication system H04M3/4936)},{Speech recognisers specially adapted for particular applications (devices for signalling identity of wanted subscriber in a telephonic communication equipment controlled by voice recognition H04M1/271; speech interaction details in interactive information services in a telephonic communication system H04M3/4936)},Compilation of Changes
2020.08,U,G10L 17/00,G10L 17/00,Speaker identification or verification,Speaker identification or verification,Compilation of Changes
2020.08,D,G10L 17/005,G10L 17/005,{Speaker recognisers specially adapted for particular applications (G07C9/25 takes precedence)},{Speaker recognisers specially adapted for particular applications (G07C9/25 takes precedence)},Compilation of Changes
2020.08,U,G10L 19/00,G10L 19/00,"Speech or audio signals analysis-synthesis techniques for redundancy reduction, e.g. in vocoders; Coding or decoding of speech or audio signals, using source filter models or psychoacoustic analysis (in musical instruments G10H)","Speech or audio signals analysis-synthesis techniques for redundancy reduction, e.g. in vocoders; Coding or decoding of speech or audio signals, using source filter models or psychoacoustic analysis (in musical instruments G10H)",Compilation of Changes
2020.08,D,G10L 19/0019,G10L 19/0019,{Vocoders specially adapted for particular applications},{Vocoders specially adapted for particular applications},Compilation of Changes
2020.08,M,G10L 19/008,G10L 19/008,"Multichannel audio signal coding or decoding, i.e. using interchannel correlation to reduce redundanciesredundancy, e.g. joint-stereo, intensity-coding, or matrixing","Multichannel audio signal coding or decoding, i.e. using interchannel correlation to reduce redundanciesredundancy, e.g. joint-stereo, intensity-coding, or matrixing",Compilation of Changes
2020.08,U,G10L 21/00,G10L 21/00,"Processing of the speech or voice signal to produce another audible or non-audible signal, e.g. visual or tactile, in order to modify its quality or its intelligibility (G10L19/00 takes precedence)","Processing of the speech or voice signal to produce another audible or non-audible signal, e.g. visual or tactile, in order to modify its quality or its intelligibility (G10L19/00 takes precedence)",Compilation of Changes
2020.08,M,G10L 21/02,G10L 21/02,"Speech enhancement, e.g. noise reduction or echo cancellation (reducing echo effects in line transmission systems H04B3/20; echo suppression in hands-free telephones H04M9/08)","Speech enhancement, e.g. noise reduction or echo cancellation (reducing echo effects in line transmission systems H04B3/20; echo suppression in hands-free telephones H04M9/08)",Compilation of Changes
2020.08,F,G10L 21/0202,G10L 21/0202,{Applications},{Applications},Compilation of Changes
2020.08,D,G10L 21/0205,G10L 21/0205,{Enhancement of intelligibility of clean or coded speech},{Enhancement of intelligibility of clean or coded speech},Compilation of Changes
2020.08,M,G10L 21/0316,G10L 21/0316,by changing the amplitude,by changing the amplitude,Compilation of Changes
2020.08,M,G10L 21/0364,G10L 21/0364,for improving intelligibility,for improving intelligibility,Compilation of Changes
2020.08,M,G10L 2021/03643,G10L 2021/03643,{Diver speech},{Diver speech},Compilation of Changes
2020.08,M,G10L 2021/03646,G10L 2021/03646,{Stress or Lombard effect},{Stress or Lombard effect},Compilation of Changes
2020.08,M,G10L 25/00,G10L 25/00,"Speech or voice analysis techniques not restricted to a single one of groups G10L15/00 - G10L21/00 (muting semiconductor-based amplifiers when some special characteristics of a signal are sensed by a speech detector, e.g. sensing when no signal is present, H03G3/34)","Speech or voice analysis techniques not restricted to a single one of groups G10L15/00 - G10L21/00 (muting semiconductor-based amplifiers when some special characteristics of a signal are sensed by a speech detector, e.g. sensing when no signal is present, H03G3/34)",Compilation of Changes
2020.08,U,G11B 5/00,G11B 5/00,Recording by magnetisation or demagnetisation of a record carrier; Reproducing by magnetic means; Record carriers therefor (G11B11/00 {and G11B13/00} take precedence),Recording by magnetisation or demagnetisation of a record carrier; Reproducing by magnetic means; Record carriers therefor (G11B11/00 {and G11B13/00} take precedence),Compilation of Changes
2020.08,U,G11B 5/62,G11B 5/62,Record carriers characterised by the selection of the material (selection of magnetic materials in general H01F1/00; thin magnetic films H01F10/00),Record carriers characterised by the selection of the material (selection of magnetic materials in general H01F1/00; thin magnetic films H01F10/00),Compilation of Changes
2020.08,U,G11B 5/68,G11B 5/68,comprising one or more layers of magnetisable material homogeneously mixed with a bonding agent,comprising one or more layers of magnetisable material homogeneously mixed with a bonding agent,Compilation of Changes
2020.08,M,G11B 5/07,G11B 5/07,on a base layer,on a base layer,Compilation of Changes
2020.08,F,G11B 5/7006,G11B 5/7006,{comprising a magnetic layer on both sides covered with non-magnetic material},{comprising a magnetic layer on both sides covered with non-magnetic material},Compilation of Changes
2020.08,U,G11B 5/716,G11B 5/716,characterised by two or more magnetic layers,characterised by two or more magnetic layers,Compilation of Changes
2020.08,M,G11B 5/718,G11B 5/718,at least one on each side of the base layer,at least one on each side of the base layer,Compilation of Changes
2020.08,C,G11B 5/72,G11B 5/72,"Protective coatings, e.g. antistatic, antifrictionanti-static {or antifriction}","Protective coatings, e.g. antistatic, antifrictionanti-static {or antifriction}",Compilation of Changes
2020.08,C,G11B 5/722,G11B 5/722,{containing an anticorrosive material},{containing an anticorrosive material},Compilation of Changes
2020.08,C,G11B 5/725,G11B 5/725,"containing a lubricant {, e.g. organic compounds (inorganic carbon protective coating G11B5/727)}","containing a lubricant {, e.g. organic compounds (inorganic carbon protective coating G11B5/727)}",Compilation of Changes
2020.08,N,G11B 5/7253,G11B 5/7253,{Fluorocarbon lubricant},{Fluorocarbon lubricant},Compilation of Changes
2020.08,N,G11B 5/7257,G11B 5/7257,{Perfluoropolyether lubricant},{Perfluoropolyether lubricant},Compilation of Changes
2020.08,N,G11B 5/726,G11B 5/726,{Two or more protective coatings (inorganic carbon protective coating G11B5/727)},{Two or more protective coatings (inorganic carbon protective coating G11B5/727)},Compilation of Changes
2020.08,N,G11B 5/7262,G11B 5/7262,{Inorganic protective coating},{Inorganic protective coating},Compilation of Changes
2020.08,N,G11B 5/7264,G11B 5/7264,"{Inorganic carbon protective coating, e.g. graphite, diamond like carbon or doped carbon}","{Inorganic carbon protective coating, e.g. graphite, diamond like carbon or doped carbon}",Compilation of Changes
2020.08,N,G11B 5/7266,G11B 5/7266,{comprising a lubricant over the inorganic carbon coating},{comprising a lubricant over the inorganic carbon coating},Compilation of Changes
2020.08,N,G11B 5/7268,G11B 5/7268,{comprising elemental nitrogen in the inorganic carbon coating},{comprising elemental nitrogen in the inorganic carbon coating},Compilation of Changes
2020.08,N,G11B 5/727,G11B 5/727,"{Inorganic carbon protective coating, e.g. graphite, diamond like carbon or doped carbon}","{Inorganic carbon protective coating, e.g. graphite, diamond like carbon or doped carbon}",Compilation of Changes
2020.08,N,G11B 5/728,G11B 5/728,{containing a bonding agent in the protective coating},{containing a bonding agent in the protective coating},Compilation of Changes
2020.08,U,H01F 27/00,H01F 27/00,"Details of transformers or inductances, in general","Details of transformers or inductances, in general",Compilation of Changes
2020.08,U,H01F 27/34,H01F 27/34,"Special means for preventing or reducing unwanted electric or magnetic effects, e.g. no-load losses, reactive currents, harmonics, oscillations, leakage fields","Special means for preventing or reducing unwanted electric or magnetic effects, e.g. no-load losses, reactive currents, harmonics, oscillations, leakage fields",Compilation of Changes
2020.08,M,H01F 27/346,H01F 27/346,{Preventing or reducing leakage fields (using magnetic shields H01F27/365H01F27/36; using auxiliary windings H01F27/38)},{Preventing or reducing leakage fields (using magnetic shields H01F27/365H01F27/36; using auxiliary windings H01F27/38)},Compilation of Changes
2020.08,C,H01F 27/36,H01F 27/36,Electric or magnetic shields or screens (movable for varying inductance H01F21/10),Electric or magnetic shields or screens (movable for varying inductance H01F21/10),Compilation of Changes
2020.08,N,H01F 27/361,H01F 27/361,{made of combinations of electrically conductive material and ferromagnetic material},{made of combinations of electrically conductive material and ferromagnetic material},Compilation of Changes
2020.08,D,H01F 27/362,H01F 27/362,{Electric shields or screens},{Electric shields or screens},Compilation of Changes
2020.08,N,H01F 27/363,H01F 27/363,{made of electrically conductive material},{made of electrically conductive material},Compilation of Changes
2020.08,D,H01F 27/365,H01F 27/365,{Magnetic shields or screens},{Magnetic shields or screens},Compilation of Changes
2020.08,N,H01F 27/366,H01F 27/366,{made of ferromagnetic material},{made of ferromagnetic material},Compilation of Changes
2020.08,D,H01F 27/367,H01F 27/367,{using non-magnetic screens},{using non-magnetic screens},Compilation of Changes
2020.08,U,H01R 4/00,H01R 4/00,"Electrically-conductive connections between two or more conductive members in direct contact, i.e. touching one another; Means for effecting or maintaining such contact; Electrically-conductive connections having two or more spaced connecting locations for conductors and using contact members penetrating insulation","Electrically-conductive connections between two or more conductive members in direct contact, i.e. touching one another; Means for effecting or maintaining such contact; Electrically-conductive connections having two or more spaced connecting locations for conductors and using contact members penetrating insulation",Compilation of Changes
2020.08,U,H01R 4/01,H01R 4/01,"effected solely by twisting, wrapping, bending, crimping, or other permanent deformation","effected solely by twisting, wrapping, bending, crimping, or other permanent deformation",Compilation of Changes
2020.08,U,H01R 4/18,H01R 4/18,"by crimping {(H01R4/01, H01R4/2495 take precedence; for coaxial cables H01R9/0518)}","by crimping {(H01R4/01, H01R4/2495 take precedence; for coaxial cables H01R9/0518)}",Compilation of Changes
2020.08,D,H01R 2004/181,H01R 2004/181,{using memory material},{using memory material},Compilation of Changes
2020.08,U,H01R 9/00,H01R 9/00,"Structural associations of a plurality of mutually-insulated electrical connecting elements, e.g. terminal strips or terminal blocks; Terminals or binding posts mounted upon a base or in a case; Bases therefor","Structural associations of a plurality of mutually-insulated electrical connecting elements, e.g. terminal strips or terminal blocks; Terminals or binding posts mounted upon a base or in a case; Bases therefor",Compilation of Changes
2020.08,U,H01R 9/03,H01R 9/03,"Connectors arranged to contact a plurality of the conductors of a multiconductor cable {, e.g. tapping connections}","Connectors arranged to contact a plurality of the conductors of a multiconductor cable {, e.g. tapping connections}",Compilation of Changes
2020.08,D,H01R 9/032,H01R 9/032,{for shielded multiconductor cable (coaxial cables with one conductor surrounded by shield H01R9/05; flat shielded cables H01R12/594)},{for shielded multiconductor cable (coaxial cables with one conductor surrounded by shield H01R9/05; flat shielded cables H01R12/594)},Compilation of Changes
2020.08,D,H01R 9/034,H01R 9/034,{connection of the shield to an additional grounding conductor},{connection of the shield to an additional grounding conductor},Compilation of Changes
2020.08,D,H01R 9/035,H01R 9/035,{twisted pair surrounded by shield},{twisted pair surrounded by shield},Compilation of Changes
2020.08,D,H01R 9/037,H01R 9/037,{connection to shield by action of a resilient member},{connection to shield by action of a resilient member},Compilation of Changes
2020.08,D,H01R 9/038,H01R 9/038,{each conductor being individually surrounded by shield},{each conductor being individually surrounded by shield},Compilation of Changes
2020.08,U,H01R 13/00,H01R 13/00,Details of coupling devices of the kinds covered by groups H01R12/70 or H01R24/00 - H01R33/00,Details of coupling devices of the kinds covered by groups H01R12/70 or H01R24/00 - H01R33/00,Compilation of Changes
2020.08,M,H01R 13/646,H01R 13/646,"specially adapted for high-frequency, e.g. structures providing an impedance match or phase match (non-coaxed protective earth or shield arrangements H01R13/648; coaxed connectors specially adapted for high frequency H01R24/40)","specially adapted for high-frequency, e.g. structures providing an impedance match or phase match (non-coaxed protective earth or shield arrangements H01R13/648; coaxed connectors specially adapted for high frequency H01R24/40)",Compilation of Changes
2020.08,U,H01R 13/648,H01R 13/648,"Protective earth or shield arrangements on coupling devices {, e.g. anti-static shielding}   (coaxially arranged shields H01R24/38)","Protective earth or shield arrangements on coupling devices {, e.g. anti-static shielding}   (coaxially arranged shields H01R24/38)",Compilation of Changes
2020.08,M,H01R 13/658,H01R 13/658,"High frequency shielding arrangements, e.g. against EMI [Electro-Magnetic Interference] or EMP [Electro-Magnetic Pulse] {(coaxial coupling devices specially adapted for high frequency H01R24/40; for flat or ribbon cable connectors H01R12/774; for coaxial cable H01R9/05)}","High frequency shielding arrangements, e.g. against EMI [Electro-Magnetic Interference] or EMP [Electro-Magnetic Pulse] {(coaxial coupling devices specially adapted for high frequency H01R24/40; for flat or ribbon cable connectors H01R12/774; for coaxial cable H01R9/05)}",Compilation of Changes
2020.08,U,H01R 13/6591,H01R 13/6591,Specific features or arrangements of connection of shield to conductive members,Specific features or arrangements of connection of shield to conductive members,Compilation of Changes
2020.08,N,H01R 13/65912,H01R 13/65912,{for shielded multiconductor cable (coaxial cables with one conductor surrounded by shield H01R9/05; flat shielded cables H01R12/594)},{for shielded multiconductor cable (coaxial cables with one conductor surrounded by shield H01R9/05; flat shielded cables H01R12/594)},Compilation of Changes
2020.08,N,H01R 13/65914,H01R 13/65914,{Connection of shield to additional grounding conductors},{Connection of shield to additional grounding conductors},Compilation of Changes
2020.08,N,H01R 13/65915,H01R 13/65915,{Twisted pair of conductors surrounded by shield},{Twisted pair of conductors surrounded by shield},Compilation of Changes
2020.08,N,H01R 13/65917,H01R 13/65917,{Connection to shield by means of resilient members},{Connection to shield by means of resilient members},Compilation of Changes
2020.08,N,H01R 13/65918,H01R 13/65918,{wherein each conductor is individually surrounded by shield},{wherein each conductor is individually surrounded by shield},Compilation of Changes
2020.08,U,H01S 3/00,H01S 3/00,"Lasers, i.e. devices using stimulated emission of electromagnetic radiation in the infrared, visible or ultraviolet wave range (semiconductors lasers H01S5/00)","Lasers, i.e. devices using stimulated emission of electromagnetic radiation in the infrared, visible or ultraviolet wave range (semiconductors lasers H01S5/00)",Compilation of Changes
2020.08,U,H01S 3/01,H01S 3/01,"Controlling the intensity, frequency, phase, polarisation or direction of the emitted radiation, e.g. switching, gating, modulating or demodulating","Controlling the intensity, frequency, phase, polarisation or direction of the emitted radiation, e.g. switching, gating, modulating or demodulating",Compilation of Changes
2020.08,M,H01S 3/10007,H01S 3/10007,{in optical amplifiers},{in optical amplifiers},Compilation of Changes
2020.08,M,H01S 3/1001,H01S 3/1001,{by controlling the optical pumping},{by controlling the optical pumping},Compilation of Changes
2020.08,M,H01S 3/10013,H01S 3/10013,{by controlling the temperature of the active medium},{by controlling the temperature of the active medium},Compilation of Changes
2020.08,U,H01S 3/13,H01S 3/13,"Stabilisation of laser output parameters, e.g. frequency, amplitude","Stabilisation of laser output parameters, e.g. frequency, amplitude",Compilation of Changes
2020.08,M,H01S 3/1301,H01S 3/1301,{in optical amplifiers},{in optical amplifiers},Compilation of Changes
2020.08,M,H01S 3/13013,H01S 3/13013,{by controlling the optical pumping},{by controlling the optical pumping},Compilation of Changes
2020.08,M,H01S 3/13017,H01S 3/13017,{by controlling the temperature of the active medium},{by controlling the temperature of the active medium},Compilation of Changes
2020.08,U,H01S 5/00,H01S 5/00,Semiconductor lasers (superluminescent diodes {H01L33/0045}),Semiconductor lasers (superluminescent diodes {H01L33/0045}),Compilation of Changes
2020.08,U,H01S 5/04,H01S 5/04,"Processes or apparatus for excitation, e.g. pumping, {e.g. by electron beams}(H01S5/06 takes precedence)","Processes or apparatus for excitation, e.g. pumping, {e.g. by electron beams}(H01S5/06 takes precedence)",Compilation of Changes
2020.08,U,H01S 5/042,H01S 5/042,Electrical excitation {; Circuits therefor (monolithically integrated laser drive components H01S5/0261)},Electrical excitation {; Circuits therefor (monolithically integrated laser drive components H01S5/0261)},Compilation of Changes
2020.08,M,H01S 5/0425,H01S 5/0425,"{Electrodes, e.g. characterised by the structure}","{Electrodes, e.g. characterised by the structure}",Compilation of Changes
2020.08,M,H01S 5/04252,H01S 5/04252,{characterised by the material},{characterised by the material},Compilation of Changes
2020.08,M,H01S 5/04253,H01S 5/04253,"{having specific optical properties, e.g. transparent electrodes}","{having specific optical properties, e.g. transparent electrodes}",Compilation of Changes
2020.08,M,H01S 5/04254,H01S 5/04254,{characterised by the shape},{characterised by the shape},Compilation of Changes
2020.08,M,H01S 5/04256,H01S 5/04256,{characterised by the configuration},{characterised by the configuration},Compilation of Changes
2020.08,M,H01S 5/04257,H01S 5/04257,{having positive and negative electrodes on the same side of the substrate},{having positive and negative electrodes on the same side of the substrate},Compilation of Changes
2020.08,U,H01S 5/03,H01S 5/03,Structure or shape of the active region; Materials used for the active region,Structure or shape of the active region; Materials used for the active region,Compilation of Changes
2020.08,U,H01S 5/32,H01S 5/32,"comprising PN junctions, e.g. hetero- or double- heterostructures (H01S5/34, H01S5/36 take precedence)","comprising PN junctions, e.g. hetero- or double- heterostructures (H01S5/34, H01S5/36 take precedence)",Compilation of Changes
2020.08,M,H01S 5/3202,H01S 5/3202,"{grown on specifically orientated substrates, or using orientation dependent growth}","{grown on specifically orientated substrates, or using orientation dependent growth}",Compilation of Changes
2020.08,M,H01S 5/320225,H01S 5/320225,{polar orientation},{polar orientation},Compilation of Changes
2020.08,M,H01S 5/32025,H01S 5/32025,{non-polar orientation},{non-polar orientation},Compilation of Changes
2020.08,M,H01S 5/320275,H01S 5/320275,{semi-polar orientation},{semi-polar orientation},Compilation of Changes
2020.08,D,H02J 17/00,H02J 17/00,Systems for supplying or distributing electric power by electromagnetic waves,Systems for supplying or distributing electric power by electromagnetic waves,Compilation of Changes
2020.08,U,H02K 7/00,H02K 7/00,"Arrangements for handling mechanical energy structurally associated  with dynamo-electric machines, e.g. structural association with mechanical driving motors or auxiliary dynamo-electric machines","Arrangements for handling mechanical energy structurally associated  with dynamo-electric machines, e.g. structural association with mechanical driving motors or auxiliary dynamo-electric machines",Compilation of Changes
2020.08,M,H02K 7/08,H02K 7/08,Structural association with bearings (support in machine casing H02K5/16),Structural association with bearings (support in machine casing H02K5/16),Compilation of Changes
2020.08,U,H02K 9/00,H02K 9/00,"Arrangements for cooling or ventilating (channels or ducts in parts of the magnetic circuit H02K1/20, H02K1/32; channels or ducts in or between conductors H02K3/22, H02K3/24)","Arrangements for cooling or ventilating (channels or ducts in parts of the magnetic circuit H02K1/20, H02K1/32; channels or ducts in or between conductors H02K3/22, H02K3/24)",Compilation of Changes
2020.08,M,H02K 9/28,H02K 9/28,"Cooling of commutators, slip-rings, or brushes, e.g. by ventilating, (current collectors in general H01R39/00)","Cooling of commutators, slip-rings, or brushes, e.g. by ventilating, (current collectors in general H01R39/00)",Compilation of Changes
2020.08,U,H02K 11/00,H02K 11/00,"Structural association of dynamo-electric machines with electric components or with devices for shielding, monitoring or protection (casings, enclosures or supports H02K5/00)","Structural association of dynamo-electric machines with electric components or with devices for shielding, monitoring or protection (casings, enclosures or supports H02K5/00)",Compilation of Changes
2020.08,C,H02K 11/01,H02K 11/01,"for shielding from electromagnetic fields {, i.e. structural association with shields} (means for preventing or reducing eddy-current losses in the winding heads by shielding H02K3/42)","for shielding from electromagnetic fields {, i.e. structural association with shields} (means for preventing or reducing eddy-current losses in the winding heads by shielding H02K3/42)",Compilation of Changes
2020.08,N,H02K 11/012,H02K 11/012,"{Shields associated with rotating parts, e.g. rotor cores or rotary shafts}","{Shields associated with rotating parts, e.g. rotor cores or rotary shafts}",Compilation of Changes
2020.08,N,H02K 11/014,H02K 11/014,"{Shields associated with stationary parts, e.g. stator cores}","{Shields associated with stationary parts, e.g. stator cores}",Compilation of Changes
2020.08,N,H02K 11/0141,H02K 11/0141,"{Shields associated with casings, enclosures or brackets}","{Shields associated with casings, enclosures or brackets}",Compilation of Changes
2020.08,U,H02K 11/02,H02K 11/02,for suppression of electromagnetic interference,for suppression of electromagnetic interference,Compilation of Changes
2020.08,F,H02K 11/022,H02K 11/022,{Shields},{Shields},Compilation of Changes
2020.08,U,H02K 15/00,H02K 15/00,"Methods or apparatus specially adapted for manufacturing, assembling, maintaining or repairing of dynamo-electric machines","Methods or apparatus specially adapted for manufacturing, assembling, maintaining or repairing of dynamo-electric machines",Compilation of Changes
2020.08,M,H02K 15/0056,H02K 15/0056,{Manufacturing winding connections (manufacturing connectors in general H01R43/00)},{Manufacturing winding connections (manufacturing connectors in general H01R43/00)},Compilation of Changes
2020.08,U,H02K 15/0068,H02K 15/0068,{Connecting winding sections; Forming leads; Connecting leads to terminals},{Connecting winding sections; Forming leads; Connecting leads to terminals},Compilation of Changes
2020.08,D,H02K 15/0075,H02K 15/0075,{for random-wound windings},{for random-wound windings},Compilation of Changes
2020.08,U,H02K 15/04,H02K 15/04,"of windings, prior to mounting into  machines (insulating windings H02K15/10, H02K15/12)","of windings, prior to mounting into  machines (insulating windings H02K15/10, H02K15/12)",Compilation of Changes
2020.08,U,H02K 15/0435,H02K 15/0435,{Wound windings},{Wound windings},Compilation of Changes
2020.08,U,H02K 15/0442,H02K 15/0442,{Loop windings (manufacturing of windings consisting of overlapped loops H02K15/0464)},{Loop windings (manufacturing of windings consisting of overlapped loops H02K15/0464)},Compilation of Changes
2020.08,D,H02K 15/0457,H02K 15/0457,{Random wound coils},{Random wound coils},Compilation of Changes
2020.08,M,H04B 1/00,H04B 1/00,"Details of transmission systems, not covered by a single one of groups H04B3/00 - H04B13/00; Details of transmission systems not characterised by the medium used for transmission (tuning resonant circuits H03J)","Details of transmission systems, not covered by a single one of groups H04B3/00 - H04B13/00; Details of transmission systems not characterised by the medium used for transmission (tuning resonant circuits H03J)",Compilation of Changes
2020.08,M,H04B 1/02,H04B 1/02,Transmitters (spatial arrangements of component circuits in radio pills for living beings A61B5/07),Transmitters (spatial arrangements of component circuits in radio pills for living beings A61B5/07),Compilation of Changes
2020.08,M,H04B 1/03,H04B 1/03,"Constructional details, e.g. casings, housings {(adapted for airplanes B64D)}","Constructional details, e.g. casings, housings {(adapted for airplanes B64D)}",Compilation of Changes
2020.08,M,H04B 1/034,H04B 1/034,Portable transmitters {(distress beacons G01S1/68; means for indicating the location of accidentally buried persons A63B29/021)},Portable transmitters {(distress beacons G01S1/68; means for indicating the location of accidentally buried persons A63B29/021)},Compilation of Changes
2020.08,M,H04B 1/036,H04B 1/036,"Cooling arrangements (cooling transformers H01F27/08; cooling discharge tubes H01J7/24, H01J19/74)","Cooling arrangements (cooling transformers H01F27/08; cooling discharge tubes H01J7/24, H01J19/74)",Compilation of Changes
2020.08,M,H04B 1/04,H04B 1/04,"Circuits (of television transmitters H04N5/38; {oscillators H03B; modulators H03C1/00, H03C3/00, H03C5/00; amplifiers H03F; power supplies H04B1/1607})","Circuits (of television transmitters H04N5/38; {oscillators H03B; modulators H03C1/00, H03C3/00, H03C5/00; amplifiers H03F; power supplies H04B1/1607})",Compilation of Changes
2020.08,M,H04B 1/06,H04B 1/06,"Receivers (control of amplification H03G; television receivers H04N5/44, H04N5/64)","Receivers (control of amplification H03G; television receivers H04N5/44, H04N5/64)",Compilation of Changes
2020.08,M,H04B 1/01,H04B 1/01,"Means associated with receiver for limiting or suppressing noise or interference {induced by transmission (interference reduction in spread spectrum systems H04B1/7097; equalising on HF or IF H04B7/005; diversity systems H04B7/02; elimination of image frequencies H03D7/18; noise suppression by control of amplification H03G3/00, H03G5/00, H03G7/00; squelching H03G3/26, H03G3/34)}","Means associated with receiver for limiting or suppressing noise or interference {induced by transmission (interference reduction in spread spectrum systems H04B1/7097; equalising on HF or IF H04B7/005; diversity systems H04B7/02; elimination of image frequencies H03D7/18; noise suppression by control of amplification H03G3/00, H03G5/00, H03G7/00; squelching H03G3/26, H03G3/34)}",Compilation of Changes
2020.08,M,H04B 1/12,H04B 1/12,"Neutralising, balancing, or compensation arrangements {(balancing ripple filters H04B15/005, H02M1/143)}","Neutralising, balancing, or compensation arrangements {(balancing ripple filters H04B15/005, H02M1/143)}",Compilation of Changes
2020.08,M,H04B 1/16,H04B 1/16,Circuits {(demodulators H03D)},Circuits {(demodulators H03D)},Compilation of Changes
2020.08,M,H04B 1/02,H04B 1/02,"for coupling gramophone pick-up, recorder output, or microphone to receiver {, e.g. for Hi-Fi systems or audio/video combinations (constructional details for associated working of receivers and recording devices G11B31/003; for television signals only H04N5/00)}","for coupling gramophone pick-up, recorder output, or microphone to receiver {, e.g. for Hi-Fi systems or audio/video combinations (constructional details for associated working of receivers and recording devices G11B31/003; for television signals only H04N5/00)}",Compilation of Changes
2020.08,M,H04B 1/59,H04B 1/59,Responders; Transponders (relay systems H04B7/14),Responders; Transponders (relay systems H04B7/14),Compilation of Changes
2020.08,M,H04B 1/62,H04B 1/62,"for providing a predistortion of the signal in the transmitter and corresponding correction in the receiver, e.g. for improving the signal/noise ratio {(for optical transmitters H04B10/58)}","for providing a predistortion of the signal in the transmitter and corresponding correction in the receiver, e.g. for improving the signal/noise ratio {(for optical transmitters H04B10/58)}",Compilation of Changes
2020.08,M,H04B 1/64,H04B 1/64,Volume compression or expansion arrangements {(for amplifiers H03G7/00)},Volume compression or expansion arrangements {(for amplifiers H03G7/00)},Compilation of Changes
2020.08,M,H04B 1/66,H04B 1/66,for reducing bandwidth of signals (in pictorial communication systems H04N); for improving efficiency of transmission (H04B1/68 takes precedence; {vocoders G10L}),for reducing bandwidth of signals (in pictorial communication systems H04N); for improving efficiency of transmission (H04B1/68 takes precedence; {vocoders G10L}),Compilation of Changes
2020.08,M,H04B 1/68,H04B 1/68,"for wholly or partially suppressing the carrier or one side band {or by using special modulation methods (modulator circuits H03C1/52, H03C1/60; single sideband receivers H04B1/302; for data transmission H04L27/02)}","for wholly or partially suppressing the carrier or one side band {or by using special modulation methods (modulator circuits H03C1/52, H03C1/60; single sideband receivers H04B1/302; for data transmission H04L27/02)}",Compilation of Changes
2020.08,M,H04B 3/00,H04B 3/00,Line transmission systems (combined with near-field transmission systems H04B5/00; constructional features of cables H01B11/00),Line transmission systems (combined with near-field transmission systems H04B5/00; constructional features of cables H01B11/00),Compilation of Changes
2020.08,U,H04B 3/02,H04B 3/02,Details,Details,Compilation of Changes
2020.08,M,H04B 3/03,H04B 3/03,"Hybrid circuits (for transceivers H04B1/52, H04B1/58; hybrid junctions of the waveguide type H01P5/16)","Hybrid circuits (for transceivers H04B1/52, H04B1/58; hybrid junctions of the waveguide type H01P5/16)",Compilation of Changes
2020.08,M,H04B 3/04,H04B 3/04,Control of transmission; Equalising (control of amplification in general H03G),Control of transmission; Equalising (control of amplification in general H03G),Compilation of Changes
2020.08,M,H04B 3/26,H04B 3/26,Improving frequency characteristic by the use of loading coils (loading coils per se H01F17/08),Improving frequency characteristic by the use of loading coils (loading coils per se H01F17/08),Compilation of Changes
2020.08,M,H04B 3/36,H04B 3/36,Repeater circuits (H04B3/58 takes precedence; amplifiers therefor H03F),Repeater circuits (H04B3/58 takes precedence; amplifiers therefor H03F),Compilation of Changes
2020.08,U,H04B 3/54,H04B 3/54,Systems for transmission via power distribution lines,Systems for transmission via power distribution lines,Compilation of Changes
2020.08,M,H04B 3/58,H04B 3/58,Repeater circuits (amplifiers therefor H03F),Repeater circuits (amplifiers therefor H03F),Compilation of Changes
2020.08,U,H04B 7/00,H04B 7/00,"Radio transmission systems, i.e. using radiation field (H04B10/00, H04B15/00 take precedence)","Radio transmission systems, i.e. using radiation field (H04B10/00, H04B15/00 take precedence)",Compilation of Changes
2020.08,U,H04B 7/14,H04B 7/14,Relay systems,Relay systems,Compilation of Changes
2020.08,U,H04B 7/15,H04B 7/15,Active relay systems,Active relay systems,Compilation of Changes
2020.08,M,H04B 7/155,H04B 7/155,Ground-based stations (H04B7/204 takes precedence {; for satellite systems H04B7/18517}),Ground-based stations (H04B7/204 takes precedence {; for satellite systems H04B7/18517}),Compilation of Changes
2020.08,U,H04B 7/204,H04B 7/204,Multiple access,Multiple access,Compilation of Changes
2020.08,M,H04B 7/216,H04B 7/216,"Code division or spread-spectrum multiple access {[CDMA, SSMA]}({CDMA, SSMA} ; spread spectrum techniques in general H04B1/69)","Code division or spread-spectrum multiple access {[CDMA, SSMA]}({CDMA, SSMA} ; spread spectrum techniques in general H04B1/69)",Compilation of Changes
2020.08,U,H04B 10/00,H04B 10/00,"Transmission systems employing electromagnetic waves other than radio-waves, e.g. infrared, visible or ultraviolet light, or employing corpuscular radiation, e.g. quantum communication","Transmission systems employing electromagnetic waves other than radio-waves, e.g. infrared, visible or ultraviolet light, or employing corpuscular radiation, e.g. quantum communication",Compilation of Changes
2020.08,U,H04B 10/25,H04B 10/25,Arrangements specific to fibre transmission,Arrangements specific to fibre transmission,Compilation of Changes
2020.08,M,H04B 10/2575,H04B 10/2575,"Radio-over-fibre, e.g. radio frequency signal modulated onto an optical carrier {(sub-carrier multiplexing H04J14/0298)}","Radio-over-fibre, e.g. radio frequency signal modulated onto an optical carrier {(sub-carrier multiplexing H04J14/0298)}",Compilation of Changes
2020.08,M,H04B 10/2581,H04B 10/2581,Multimode transmission {(mode multiplex systems H04J14/04)},Multimode transmission {(mode multiplex systems H04J14/04)},Compilation of Changes
2020.08,M,H04B 10/27,H04B 10/27,"Arrangements for networking {(free-space networks H04B10/11, WDM networks H04J14/0278, specific to radio-over-fibre H04B10/25753)}","Arrangements for networking {(free-space networks H04B10/11, WDM networks H04J14/0278, specific to radio-over-fibre H04B10/25753)}",Compilation of Changes
2020.08,U,H04B 10/05,H04B 10/05,Transmitters,Transmitters,Compilation of Changes
2020.08,U,H04B 10/516,H04B 10/516,Details of coding or modulation,Details of coding or modulation,Compilation of Changes
2020.08,M,H04B 10/532,H04B 10/532,"Polarisation modulation {, e.g. polarisation switching or transmission of a single data stream on two orthogonal polarisations}","Polarisation modulation {, e.g. polarisation switching or transmission of a single data stream on two orthogonal polarisations}",Compilation of Changes
2020.08,U,H04B 10/06,H04B 10/06,Receivers,Receivers,Compilation of Changes
2020.08,M,H04B 10/61,H04B 10/61,"Coherent receivers {, i.e. optical receivers using an optical local oscillator (delay line interferometer based DPSK optical receivers H04B10/677)}","Coherent receivers {, i.e. optical receivers using an optical local oscillator (delay line interferometer based DPSK optical receivers H04B10/677)}",Compilation of Changes
2020.08,U,H04B 13/00,H04B 13/00,"Transmission systems characterised by the medium used for transmission, not provided for in groups H04B3/00 - H04B11/00","Transmission systems characterised by the medium used for transmission, not provided for in groups H04B3/00 - H04B11/00",Compilation of Changes
2020.08,M,H04B 13/02,H04B 13/02,"Transmission systems in which the medium consists of the earth or a large mass of water thereon, e.g. earth telegraphy (line transmission systems with earth or water return H04B3/00; {geophysics, detecting hidden masses G01H, G01V1/16, G01V1/18, G01V3/00; sonars G01S1/72; applications of earth currents G01S1/72, H05F7/00; direction and distance determination with lead cables G01S13/00})","Transmission systems in which the medium consists of the earth or a large mass of water thereon, e.g. earth telegraphy (line transmission systems with earth or water return H04B3/00; {geophysics, detecting hidden masses G01H, G01V1/16, G01V1/18, G01V3/00; sonars G01S1/72; applications of earth currents G01S1/72, H05F7/00; direction and distance determination with lead cables G01S13/00})",Compilation of Changes
2020.08,U,H04B 14/00,H04B 14/00,Transmission systems not characterised by the medium used for transmission (details thereof H04B1/00),Transmission systems not characterised by the medium used for transmission (details thereof H04B1/00),Compilation of Changes
2020.08,M,H04B 14/02,H04B 14/02,characterised by the use of pulse modulation (in radio transmission relays H04B7/17; transmission of digital information per se H04L),characterised by the use of pulse modulation (in radio transmission relays H04B7/17; transmission of digital information per se H04L),Compilation of Changes
2020.08,M,H04B 14/04,H04B 14/04,using pulse code modulation (analogue/digital or digital/analogue conversion per se H03M1/00; {for TV signals H04N7/24}),using pulse code modulation (analogue/digital or digital/analogue conversion per se H03M1/00; {for TV signals H04N7/24}),Compilation of Changes
2020.08,M,H04B 14/06,H04B 14/06,"using differential modulation, e.g. delta modulation (conversion of analogue values to or from differential modulation H03M3/00)","using differential modulation, e.g. delta modulation (conversion of analogue values to or from differential modulation H03M3/00)",Compilation of Changes
2020.08,U,H04B 15/00,H04B 15/00,Suppression or limitation of noise or interference (by means associated with receiver H04B1/10),Suppression or limitation of noise or interference (by means associated with receiver H04B1/10),Compilation of Changes
2020.08,M,H04B 15/02,H04B 15/02,Reducing interference from electric apparatus by means located at or near the interfering apparatus (structural association with dynamo-electric machines H02K11/00),Reducing interference from electric apparatus by means located at or near the interfering apparatus (structural association with dynamo-electric machines H02K11/00),Compilation of Changes
2020.08,M,H04B 15/04,H04B 15/04,"the interference being caused by substantially sinusoidal oscillations, e.g. in a receiver, or in a tape-recorder (reducing parasitic oscillations H03B, H03F; screening H05K9/00)","the interference being caused by substantially sinusoidal oscillations, e.g. in a receiver, or in a tape-recorder (reducing parasitic oscillations H03B, H03F; screening H05K9/00)",Compilation of Changes
2020.08,U,H04H 60/00,H04H 60/00,Arrangements for broadcast applications with a direct linking to broadcast information or broadcast space-time; Broadcast-related systems,Arrangements for broadcast applications with a direct linking to broadcast information or broadcast space-time; Broadcast-related systems,Compilation of Changes
2020.08,U,H04H 60/68,H04H 60/68,"Systems specially adapted for using specific information, e.g. geographical or meteorological information","Systems specially adapted for using specific information, e.g. geographical or meteorological information",Compilation of Changes
2020.08,,H04H 60/72,H04H 60/72,using EPGs [Electronic Programme Guides] (focusing on identifying broadcast space-time H04H60/39 {; {menu type display of EPG in television receivers H04N5/44543H04N21/47}),using EPGs [Electronic Programme Guides] (focusing on identifying broadcast space-time H04H60/39 {; {menu type display of EPG in television receivers H04N5/44543H04N21/47}),Compilation of Changes
2020.08,U,H04L 12/00,H04L 12/00,"Data switching networks (interconnection of, or transfer of information or other signals between, memories, input/output devices or central processing units G06F13/00)","Data switching networks (interconnection of, or transfer of information or other signals between, memories, input/output devices or central processing units G06F13/00)",Compilation of Changes
2020.08,U,H04L 12/28,H04L 12/28,"characterised by path configuration, e.g. local area networks [LAN], wide area networks [WAN]","characterised by path configuration, e.g. local area networks [LAN], wide area networks [WAN]",Compilation of Changes
2020.08,U,H04L 12/2803,H04L 12/2803,{Home automation networks},{Home automation networks},Compilation of Changes
2020.08,U,H04L 12/2816,H04L 12/2816,{Controlling appliance services of a home automation network by calling their functionalities (arrangements in telecontrol or telemetry systems for selectively calling a substation from a main station; in which substation desired apparatus is selected for applying a control signal thereto or for obtaining measured values therefrom H04Q9/00)},{Controlling appliance services of a home automation network by calling their functionalities (arrangements in telecontrol or telemetry systems for selectively calling a substation from a main station; in which substation desired apparatus is selected for applying a control signal thereto or for obtaining measured values therefrom H04Q9/00)},Compilation of Changes
2020.08,,H04L 12/282,H04L 12/282,{based on user interaction within the home (receiver circuitry for displaying additional information being controlled by a remote control apparatus H04N5/44582H04N21/42204)},{based on user interaction within the home (receiver circuitry for displaying additional information being controlled by a remote control apparatus H04N5/44582H04N21/42204)},Compilation of Changes
2020.08,U,H04N 5/00,H04N 5/00,Details of television systems (scanning details or combination thereof with generation of supply voltages H04N3/00),Details of television systems (scanning details or combination thereof with generation of supply voltages H04N3/00),Compilation of Changes
2020.08,M,H04N 5/38,H04N 5/38,Transmitter circuitry {for the transmission of television signals according to analogue transmission standards} (H04N5/14 takes precedence),Transmitter circuitry {for the transmission of television signals according to analogue transmission standards} (H04N5/14 takes precedence),Compilation of Changes
2020.08,M,H04N 5/44,H04N 5/44,Receiver circuitry {for the reception of television signals according to analogue transmission standards} (H04N5/14 takes precedence),Receiver circuitry {for the reception of television signals according to analogue transmission standards} (H04N5/14 takes precedence),Compilation of Changes
2020.08,D,H04N 5/4401,H04N 5/4401,{for the reception of a digital modulated video signal},{for the reception of a digital modulated video signal},Compilation of Changes
2020.08,D,H04N 5/4403,H04N 5/4403,"{User interfaces for controlling a television receiver or set top box [STB] through a remote control device, e.g. graphical user interfaces [GUI]; Remote control devices therefor (user interfaces for controlling a tuning device of a television receiver through a remote control H03J9/00; constructive details of casings for the remote control device H01H9/0235; remote control of peripheral devices connected to a television receiver through the remote control device of the television receiver H04B1/205; remote control devices in general G08C)}","{User interfaces for controlling a television receiver or set top box [STB] through a remote control device, e.g. graphical user interfaces [GUI]; Remote control devices therefor (user interfaces for controlling a tuning device of a television receiver through a remote control H03J9/00; constructive details of casings for the remote control device H01H9/0235; remote control of peripheral devices connected to a television receiver through the remote control device of the television receiver H04B1/205; remote control devices in general G08C)}",Compilation of Changes
2020.08,D,H04N 2005/4405,H04N 2005/4405,{Hardware details of remote control devices},{Hardware details of remote control devices},Compilation of Changes
2020.08,D,H04N 2005/4407,H04N 2005/4407,{concerning bidirectional operation of the remote control device},{concerning bidirectional operation of the remote control device},Compilation of Changes
2020.08,D,H04N 2005/4408,H04N 2005/4408,{Display},{Display},Compilation of Changes
2020.08,D,H04N 2005/441,H04N 2005/441,"{for the display of non-command information, e.g. electronic program guide [EPG], e-mail, messages or a second television channel}","{for the display of non-command information, e.g. electronic program guide [EPG], e-mail, messages or a second television channel}",Compilation of Changes
2020.08,D,H04N 2005/4412,H04N 2005/4412,"{Dedicated function buttons, e.g. for the control of an electronic program guide [EPG], subtitles, aspect ratio, picture-in-picture or teletext}","{Dedicated function buttons, e.g. for the control of an electronic program guide [EPG], subtitles, aspect ratio, picture-in-picture or teletext}",Compilation of Changes
2020.08,D,H04N 2005/4414,H04N 2005/4414,"{for controlling a communication function, e.g. e-mail, teleshopping or an Internet browser}","{for controlling a communication function, e.g. e-mail, teleshopping or an Internet browser}",Compilation of Changes
2020.08,D,H04N 2005/4416,H04N 2005/4416,{Keyboard},{Keyboard},Compilation of Changes
2020.08,D,H04N 2005/4417,H04N 2005/4417,{Data entry},{Data entry},Compilation of Changes
2020.08,D,H04N 2005/4419,H04N 2005/4419,{Alphanumerical data entry},{Alphanumerical data entry},Compilation of Changes
2020.08,D,H04N 2005/4421,H04N 2005/4421,{Measuring key press duration},{Measuring key press duration},Compilation of Changes
2020.08,D,H04N 2005/4423,H04N 2005/4423,{Remote control device emulator integrated in a peripheral device},{Remote control device emulator integrated in a peripheral device},Compilation of Changes
2020.08,D,H04N 2005/4425,H04N 2005/4425,"{Remote control device emulator integrated into a non-television apparatus, e.g. a PDA, media center or smart toy (remote control device for a television receiver integrated into a mobile phone H04M1/72533)}","{Remote control device emulator integrated into a non-television apparatus, e.g. a PDA, media center or smart toy (remote control device for a television receiver integrated into a mobile phone H04M1/72533)}",Compilation of Changes
2020.08,D,H04N 2005/4426,H04N 2005/4426,"{Transmission circuitry, e.g. infrared [IR] or radio frequency [RF]}","{Transmission circuitry, e.g. infrared [IR] or radio frequency [RF]}",Compilation of Changes
2020.08,D,H04N 2005/4428,H04N 2005/4428,"{Non-standard components, e.g. timer, speaker, sensors for detecting position, direction or movement of the remote control, microphone, battery charging device}","{Non-standard components, e.g. timer, speaker, sensors for detecting position, direction or movement of the remote control, microphone, battery charging device}",Compilation of Changes
2020.08,D,H04N 2005/443,H04N 2005/443,{Touch pad or touch panel},{Touch pad or touch panel},Compilation of Changes
2020.08,D,H04N 2005/4432,H04N 2005/4432,"{Remote control devices equipped or combined with PC-like input means, e.g. voice recognition or pointing device}","{Remote control devices equipped or combined with PC-like input means, e.g. voice recognition or pointing device}",Compilation of Changes
2020.08,D,H04N 2005/4433,H04N 2005/4433,{for the control of devices in remote rooms},{for the control of devices in remote rooms},Compilation of Changes
2020.08,D,H04N 2005/4435,H04N 2005/4435,{Reprogrammable remote control devices},{Reprogrammable remote control devices},Compilation of Changes
2020.08,D,H04N 2005/4437,H04N 2005/4437,"{capable of upgrading firmware, e.g. in case of hardware upgrades or bug fixes}","{capable of upgrading firmware, e.g. in case of hardware upgrades or bug fixes}",Compilation of Changes
2020.08,D,H04N 2005/4439,H04N 2005/4439,"{the keys being reprogrammable, e.g. soft keys}","{the keys being reprogrammable, e.g. soft keys}",Compilation of Changes
2020.08,D,H04N 2005/4441,H04N 2005/4441,{the reprogrammable keys being displayed on a display screen in order to reduce the number of keys on the remote control device itself},{the reprogrammable keys being displayed on a display screen in order to reduce the number of keys on the remote control device itself},Compilation of Changes
2020.08,D,H04N 2005/4442,H04N 2005/4442,{Remote control devices for a multi-user environment},{Remote control devices for a multi-user environment},Compilation of Changes
2020.08,D,H04N 2005/4444,H04N 2005/4444,"{Intelligent remote control devices capable of taking into account user habits, preferences or profiles}","{Intelligent remote control devices capable of taking into account user habits, preferences or profiles}",Compilation of Changes
2020.08,U,H04N 5/445,H04N 5/445,for displaying additional information (H04N5/50 takes precedence),for displaying additional information (H04N5/50 takes precedence),Compilation of Changes
2020.08,M,H04N 5/44504,H04N 5/44504,"{Circuit details of the additional information generator, e.g. details of the character or graphics signal generator, overlay mixing circuits (graphics pattern generators for visual indicators G09G5/36; generation of individual character patterns for visual indicators G09G5/24)}","{Circuit details of the additional information generator, e.g. details of the character or graphics signal generator, overlay mixing circuits (graphics pattern generators for visual indicators G09G5/36; generation of individual character patterns for visual indicators G09G5/24)}",Compilation of Changes
2020.08,D,H04N 5/44508,H04N 5/44508,{multiplexed with a digital video signal},{multiplexed with a digital video signal},Compilation of Changes
2020.08,D,H04N 5/44513,H04N 5/44513,"{for displaying or controlling a single function of one single apparatus, e.g. TV receiver or VCR}","{for displaying or controlling a single function of one single apparatus, e.g. TV receiver or VCR}",Compilation of Changes
2020.08,D,H04N 2005/44517,H04N 2005/44517,"{for displaying or controlling status parameters of the television receiver, e.g. brightness, contrast, sound volume, channel number, time, stereo or mono sound modes}","{for displaying or controlling status parameters of the television receiver, e.g. brightness, contrast, sound volume, channel number, time, stereo or mono sound modes}",Compilation of Changes
2020.08,D,H04N 2005/44521,H04N 2005/44521,"{for displaying information which has no relation with a video programme, e.g. subliminal info, commercial messages, notebook, calendar, cooking recipes}","{for displaying information which has no relation with a video programme, e.g. subliminal info, commercial messages, notebook, calendar, cooking recipes}",Compilation of Changes
2020.08,D,H04N 2005/44526,H04N 2005/44526,{for displaying subtitles},{for displaying subtitles},Compilation of Changes
2020.08,D,H04N 2005/4453,H04N 2005/4453,{for displaying teletext characters},{for displaying teletext characters},Compilation of Changes
2020.08,D,H04N 2005/44534,H04N 2005/44534,"{for displaying information generated by a single external video device, e.g. VCR, set top converter}","{for displaying information generated by a single external video device, e.g. VCR, set top converter}",Compilation of Changes
2020.08,D,H04N 2005/44539,H04N 2005/44539,{involving multilingual on screen display [OSD] options},{involving multilingual on screen display [OSD] options},Compilation of Changes
2020.08,D,H04N 5/44543,H04N 5/44543,"{Menu-type displays (H04N5/44582, H04N5/44591 take precedence)}","{Menu-type displays (H04N5/44582, H04N5/44591 take precedence)}",Compilation of Changes
2020.08,D,H04N 2005/44547,H04N 2005/44547,{for scheduling the TV programmes to be recorded by a video tape recorder or to be viewed on the TV receiver},{for scheduling the TV programmes to be recorded by a video tape recorder or to be viewed on the TV receiver},Compilation of Changes
2020.08,D,H04N 2005/44552,H04N 2005/44552,"{involving the use of teletext programme scheduling codes, e.g. VPS codes, G-codes}","{involving the use of teletext programme scheduling codes, e.g. VPS codes, G-codes}",Compilation of Changes
2020.08,D,H04N 2005/44556,H04N 2005/44556,{for programme selection},{for programme selection},Compilation of Changes
2020.08,D,H04N 2005/4456,H04N 2005/4456,"{as a user interface for communicating with the broadcast station via a return link, e.g. for subscription or transaction terminal, for teleshopping, or as an interactive entertainment terminal, e.g. for quiz, for interactive games}","{as a user interface for communicating with the broadcast station via a return link, e.g. for subscription or transaction terminal, for teleshopping, or as an interactive entertainment terminal, e.g. for quiz, for interactive games}",Compilation of Changes
2020.08,D,H04N 2005/44565,H04N 2005/44565,{the menu or graphical user interface display parameters being downloaded by the service provider or by the broadcast station},{the menu or graphical user interface display parameters being downloaded by the service provider or by the broadcast station},Compilation of Changes
2020.08,D,H04N 2005/44569,H04N 2005/44569,"{whereby user selections, preferences, or profile have an impact on the menu content}","{whereby user selections, preferences, or profile have an impact on the menu content}",Compilation of Changes
2020.08,D,H04N 2005/44573,H04N 2005/44573,{for using the television receiver as a multimedia terminal},{for using the television receiver as a multimedia terminal},Compilation of Changes
2020.08,D,H04N 2005/44578,H04N 2005/44578,"{involving the communication via a network, e.g. local area network [LAN], wide area network [WAN], internet, intranet}","{involving the communication via a network, e.g. local area network [LAN], wide area network [WAN], internet, intranet}",Compilation of Changes
2020.08,D,H04N 5/44582,H04N 5/44582,{the additional information being controlled by a remote control apparatus},{the additional information being controlled by a remote control apparatus},Compilation of Changes
2020.08,D,H04N 2005/44586,H04N 2005/44586,{whereby remote controller buttons have been transferred to the on screen display [OSD] menu},{whereby remote controller buttons have been transferred to the on screen display [OSD] menu},Compilation of Changes
2020.08,D,H04N 5/44591,H04N 5/44591,"{the additional information being displayed in a separate window, e.g. by using splitscreen display}","{the additional information being displayed in a separate window, e.g. by using splitscreen display}",Compilation of Changes
2020.08,D,H04N 2005/44595,H04N 2005/44595,{the separate window being opened at the occurrence of a selection of a menu option or item},{the separate window being opened at the occurrence of a selection of a menu option or item},Compilation of Changes
2020.08,M,H04N 5/45,H04N 5/45,"Picture in picture {, e.g. displaying simultaneously another television channel in a region of the screen}","Picture in picture {, e.g. displaying simultaneously another television channel in a region of the screen}",Compilation of Changes
2020.08,M,H04N 5/06,H04N 5/06,"for the sound signals {(for silent tuning, i.e. muting H04N5/505)}","for the sound signals {(for silent tuning, i.e. muting H04N5/505)}",Compilation of Changes
2020.08,U,H04N 21/00,H04N 21/00,"Selective content distribution, e.g. interactive television or video on demand [VOD] (real-time bi-directional transmission of motion video data H04N7/14 {; broadcast or conference over packet switching networks H04L12/18})","Selective content distribution, e.g. interactive television or video on demand [VOD] (real-time bi-directional transmission of motion video data H04N7/14 {; broadcast or conference over packet switching networks H04L12/18})",Compilation of Changes
2020.08,U,H04N 21/02,H04N 21/02,"Servers specifically adapted for the distribution of content, e.g. VOD servers; Operations thereof","Servers specifically adapted for the distribution of content, e.g. VOD servers; Operations thereof",Compilation of Changes
2020.08,U,H04N 21/21,H04N 21/21,Server components or server architectures,Server components or server architectures,Compilation of Changes
2020.08,U,H04N 21/222,H04N 21/222,"Secondary servers, e.g. proxy server, cable television Head-end {(intermediate processing or storage in data networks H04L29/08702)}","Secondary servers, e.g. proxy server, cable television Head-end {(intermediate processing or storage in data networks H04L29/08702)}",Compilation of Changes
2020.08,D,H04N 2021/225,H04N 2021/225,{local VOD servers},{local VOD servers},Compilation of Changes
2020.08,M,H04N 21/04,H04N 21/04,"Client devices specifically adapted for the reception of or interaction with content, e.g. set-top-box [STB]; Operations thereof {(arrangements for distribution where lower stations, e.g. receivers, interact with the broadcast H04H20/38; arrangements specially adapted for receiving broadcast information H04H40/00)}","Client devices specifically adapted for the reception of or interaction with content, e.g. set-top-box [STB]; Operations thereof {(arrangements for distribution where lower stations, e.g. receivers, interact with the broadcast H04H20/38; arrangements specially adapted for receiving broadcast information H04H40/00)}",Compilation of Changes
2020.08,U,H04N 21/41,H04N 21/41,Structure of client; Structure of client peripherals,Structure of client; Structure of client peripherals,Compilation of Changes
2020.08,C,H04N 21/4104,H04N 21/4104,{using peripheralsPeripherals receiving signals from specially adapted client devices},{using peripheralsPeripherals receiving signals from specially adapted client devices},Compilation of Changes
2020.08,M,H04N 21/4108,H04N 21/4108,"{characterizedcharacterised by an identification number or address, e.g. local network address (protecting specific internal or external computer components used for computing or processing information by creating or determining hardware identificationusing identification number G06F21/73; addressing and naming in data networks H04L29/12009)}","{characterizedcharacterised by an identification number or address, e.g. local network address (protecting specific internal or external computer components used for computing or processing information by creating or determining hardware identificationusing identification number G06F21/73; addressing and naming in data networks H04L29/12009)}",Compilation of Changes
2020.08,N,H04N 21/411,H04N 21/411,"{having similar hardware or software capabilities as the client device itself, e.g. a first STB connected to a second STB}","{having similar hardware or software capabilities as the client device itself, e.g. a first STB connected to a second STB}",Compilation of Changes
2020.08,N,H04N 21/4112,H04N 21/4112,"{having fewer capabilities than the client, e.g. thin client having less processing power or no tuning capabilities}","{having fewer capabilities than the client, e.g. thin client having less processing power or no tuning capabilities}",Compilation of Changes
2020.08,C,H04N 21/4126,H04N 21/4126,"{portable device, e.g. remote control with a display, PDA, mobile phone The peripheral being portable, e.g. PDAs or mobile phones}(constructional details of equipment or arrangements specially adapted for portable computer application G06F1/1626)}","{portable device, e.g. remote control with a display, PDA, mobile phone The peripheral being portable, e.g. PDAs or mobile phones}(constructional details of equipment or arrangements specially adapted for portable computer application G06F1/1626)}",Compilation of Changes
2020.08,N,H04N 21/41265,H04N 21/41265,{having a remote control device for bidirectional communication between the remote control device and client device (unidirectional remote control device H04N21/42204)},{having a remote control device for bidirectional communication between the remote control device and client device (unidirectional remote control device H04N21/42204)},Compilation of Changes
2020.08,U,H04N 21/422,H04N 21/422,"Input-only peripherals {, i.e. input devices connected to specially adapted client devices}, e.g. global positioning system [GPS] {(input devices also receiving signals from specially adapted client devices H04N21/4104)}","Input-only peripherals {, i.e. input devices connected to specially adapted client devices}, e.g. global positioning system [GPS] {(input devices also receiving signals from specially adapted client devices H04N21/4104)}",Compilation of Changes
2020.08,T,H04N 21/42204,H04N 21/42204,"{User interfaces specially adapted for controlling a client device through a remote control device; Remote control devices therefor (interaction techniques for graphical user interfaces in general, see G06F3/048; computer pointing devices in general, see G06F3/033; user interfaces for controlling a tuning device of a television receiver through a remote control H03J9/00; constructive details of casings for the remote control device H01H9/0235; user interfaces for controlling a tuning device of a television receiver through a remote control H03J9/00; remote control of peripheral devices connected to a television receiver through the remote control device of the television receiver H04B1/205; remote control devices in general G08C)}","{User interfaces specially adapted for controlling a client device through a remote control device; Remote control devices therefor (interaction techniques for graphical user interfaces in general, see G06F3/048; computer pointing devices in general, see G06F3/033; user interfaces for controlling a tuning device of a television receiver through a remote control H03J9/00; constructive details of casings for the remote control device H01H9/0235; user interfaces for controlling a tuning device of a television receiver through a remote control H03J9/00; remote control of peripheral devices connected to a television receiver through the remote control device of the television receiver H04B1/205; remote control devices in general G08C)}",Compilation of Changes
2020.08,U,H04N 21/42206,H04N 21/42206,{characterized by hardware details},{characterized by hardware details},Compilation of Changes
2020.08,D,H04N 21/42207,H04N 21/42207,{Interfaces providing bidirectional communication between remote control devices and client devices},{Interfaces providing bidirectional communication between remote control devices and client devices},Compilation of Changes
2020.08,D,H04N 21/42219,H04N 21/42219,{Remote control device emulator integrated in a peripheral device},{Remote control device emulator integrated in a peripheral device},Compilation of Changes
2020.08,T,H04N 21/42224,H04N 21/42224,{Touch pad or touch panel provided on the remote control (touch pads in general G06F3/03547)},{Touch pad or touch panel provided on the remote control (touch pads in general G06F3/03547)},Compilation of Changes
2020.08,T,H04N 21/426,H04N 21/426,{Characteristics of or} Internal components of the client {(H04N5/44 takes precedence); Characteristics thereof} (H04N5/44 takes precedence),{Characteristics of or} Internal components of the client {(H04N5/44 takes precedence); Characteristics thereof} (H04N5/44 takes precedence),Compilation of Changes
2020.08,M,H04N 21/43,H04N 21/43,"Processing of content or additional data, e.g. demultiplexing additional data from a digital video stream; Elementary client operations, e.g. monitoring of home network, synchronizing or synchronising decoder's clock; Client middleware {(demultiplexing of data packets for data networks, e.g. RTP/UDP H04L29/06176)}","Processing of content or additional data, e.g. demultiplexing additional data from a digital video stream; Elementary client operations, e.g. monitoring of home network, synchronizing or synchronising decoder's clock; Client middleware {(demultiplexing of data packets for data networks, e.g. RTP/UDP H04L29/06176)}",Compilation of Changes
2020.08,M,H04N 21/4302,H04N 21/4302,"{Content synchronizationsynchronisation processes, e.g. decoder synchronizationsynchronisation}","{Content synchronizationsynchronisation processes, e.g. decoder synchronizationsynchronisation}",Compilation of Changes
2020.08,M,H04N 21/4305,H04N 21/4305,"{SynchronizingSynchronising client clock from received content stream, e.g. locking decoder clock with encoder clock, extraction of the PCR packets (arrangements for synchronising receiver with transmitter by comparing receiver clock with transmitter clock H04L7/0012; arrangements for synchronising receiver with transmitter wherein the receiver takes measures against momentary loss of synchronisation H04L7/0083)}","{SynchronizingSynchronising client clock from received content stream, e.g. locking decoder clock with encoder clock, extraction of the PCR packets (arrangements for synchronising receiver with transmitter by comparing receiver clock with transmitter clock H04L7/0012; arrangements for synchronising receiver with transmitter wherein the receiver takes measures against momentary loss of synchronisation H04L7/0083)}",Compilation of Changes
2020.08,C,H04N 21/4307,H04N 21/4307,"{Synchronizing display of multiple content streamsSynchronising the rendering of multiple content streams or additional data on devices, e.g. synchronisation of audio and video output or enabling or disabling interactive icons for a given period of timeon a mobile phone with the video output on the TV screen}","{Synchronizing display of multiple content streamsSynchronising the rendering of multiple content streams or additional data on devices, e.g. synchronisation of audio and video output or enabling or disabling interactive icons for a given period of timeon a mobile phone with the video output on the TV screen}",Compilation of Changes
2020.08,N,H04N 21/43072,H04N 21/43072,{of multiple content streams on the same device},{of multiple content streams on the same device},Compilation of Changes
2020.08,N,H04N 21/43074,H04N 21/43074,"{of additional data with content streams on the same device, e.g. of EPG data or interactive icon with a TV program}","{of additional data with content streams on the same device, e.g. of EPG data or interactive icon with a TV program}",Compilation of Changes
2020.08,N,H04N 21/43076,H04N 21/43076,"{of the same content streams on multiple devices, e.g. when family members are watching the same movie on different devices}","{of the same content streams on multiple devices, e.g. when family members are watching the same movie on different devices}",Compilation of Changes
2020.08,N,H04N 21/43078,H04N 21/43078,"{for seamlessly watching content streams when changing device, e.g. when watching the same program sequentially on a TV and then on a tablet}","{for seamlessly watching content streams when changing device, e.g. when watching the same program sequentially on a TV and then on a tablet}",Compilation of Changes
2020.08,N,H04N 21/43079,H04N 21/43079,{of additional data with content streams on multiple devices},{of additional data with content streams on multiple devices},Compilation of Changes
2020.08,M,H04N 21/436,H04N 21/436,"Interfacing a local distribution network, e.g. communicating with another STB or inside the home {{or one or more peripheral devices} inside the home; Interfacing an external card to be used in combination with the client device (arrangements specially adapted plural spots in a confined site in broadcast systems H04H20/63)}","Interfacing a local distribution network, e.g. communicating with another STB or inside the home {{or one or more peripheral devices} inside the home; Interfacing an external card to be used in combination with the client device (arrangements specially adapted plural spots in a confined site in broadcast systems H04H20/63)}",Compilation of Changes
2020.08,U,H04N 21/4363,H04N 21/4363,"Adapting the video {or multiplex} stream to a specific local network, e.g. a IEEE 1394 or Bluetooth® network","Adapting the video {or multiplex} stream to a specific local network, e.g. a IEEE 1394 or Bluetooth® network",Compilation of Changes
2020.08,M,H04N 21/43637,H04N 21/43637,"{involving a wireless protocol, e.g. Bluetooth or wireless LAN, RF or wireless LAN [IEEE 802.11] (IEEE 802.11; arrangements for wireless networking or broadcasting of information in indoor or near-field type systems H04B10/114; wireless local area data switching networks H04W; flow control in wireless networks H04W28/10)}","{involving a wireless protocol, e.g. Bluetooth or wireless LAN, RF or wireless LAN [IEEE 802.11] (IEEE 802.11; arrangements for wireless networking or broadcasting of information in indoor or near-field type systems H04B10/114; wireless local area data switching networks H04W; flow control in wireless networks H04W28/10)}",Compilation of Changes
2020.08,U,H04N 21/438,H04N 21/438,"Interfacing the downstream path of the transmission network originating from a server, e.g. retrieving MPEG packets from an IP network {(transmission of MPEG streams over ATM H04L12/5601; processing of real-time packets H04L29/06176; flow control in data networks H04L47/10)}","Interfacing the downstream path of the transmission network originating from a server, e.g. retrieving MPEG packets from an IP network {(transmission of MPEG streams over ATM H04L12/5601; processing of real-time packets H04L29/06176; flow control in data networks H04L47/10)}",Compilation of Changes
2020.08,M,H04N 21/4383,H04N 21/4383,"{Accessing a communication channel, e.g. channel tuning (tuning indicators; automatic tuning control H04N5/50)}","{Accessing a communication channel, e.g. channel tuning (tuning indicators; automatic tuning control H04N5/50)}",Compilation of Changes
2020.08,U,H04N 21/442,H04N 21/442,"Monitoring of processes or resources, e.g. detecting the failure of a recording device, monitoring the downstream bandwidth, the number of times a movie has been viewed, the storage space available from the internal hard disk {(arrangements for monitoring broadcast services or broadcast-related services H04H60/29; arrangements for identifying or recognising characteristics with a direct linkage to broadcast information H04H60/35; monitoring of user activities for profile generation for accessing a video database G06F16/739; monitoring in wireless networks H04W24/00)}","Monitoring of processes or resources, e.g. detecting the failure of a recording device, monitoring the downstream bandwidth, the number of times a movie has been viewed, the storage space available from the internal hard disk {(arrangements for monitoring broadcast services or broadcast-related services H04H60/29; arrangements for identifying or recognising characteristics with a direct linkage to broadcast information H04H60/35; monitoring of user activities for profile generation for accessing a video database G06F16/739; monitoring in wireless networks H04W24/00)}",Compilation of Changes
2020.08,U,H04N 21/44213,H04N 21/44213,{Monitoring of end-user related data (arrangements for monitoring the users' behaviour or opinions in broadcast systems H04H60/33)},{Monitoring of end-user related data (arrangements for monitoring the users' behaviour or opinions in broadcast systems H04H60/33)},Compilation of Changes
2020.08,C,H04N 21/44222,H04N 21/44222,"{MonitoringAnalytics of user selections, e.g. selection of programs, or purchase activity (monitoring of user selections in data processing systems G06F11/34; monitoring of user activities for profile generation for accessing a video database G06F16/739; tracking the activity of the end-user H04L29/08675; arrangements for monitoring the user's behaviour or opinions in broadcast systems H04H60/33)}","{MonitoringAnalytics of user selections, e.g. selection of programs, or purchase activity (monitoring of user selections in data processing systems G06F11/34; monitoring of user activities for profile generation for accessing a video database G06F16/739; tracking the activity of the end-user H04L29/08675; arrangements for monitoring the user's behaviour or opinions in broadcast systems H04H60/33)}",Compilation of Changes
2020.08,N,H04N 21/44224,H04N 21/44224,"{Monitoring of user activity on external systems, e.g. Internet browsing}","{Monitoring of user activity on external systems, e.g. Internet browsing}",Compilation of Changes
2020.08,N,H04N 21/44226,H04N 21/44226,{on social networks},{on social networks},Compilation of Changes
2020.08,U,H04N 21/45,H04N 21/45,"Management operations performed by the client for facilitating the reception of or the interaction with the content or administrating data related to the end-user or to the client device itself, e.g. learning user preferences for recommending movies, resolving scheduling conflicts","Management operations performed by the client for facilitating the reception of or the interaction with the content or administrating data related to the end-user or to the client device itself, e.g. learning user preferences for recommending movies, resolving scheduling conflicts",Compilation of Changes
2020.08,C,H04N 21/4508,H04N 21/4508,{Management of client data or end-user data},{Management of client data or end-user data},Compilation of Changes
2020.08,M,H04N 21/4516,H04N 21/4516,"{involving client characteristics, e.g. Set-Top-Box type, software version, or amount of memory available (allocation of resources considering hardware capabilities G06F9/5044; allocation of resources considering software capabilities G06F9/5055; protocols involving terminal profiles for network applications in communication control or processing H04L29/08927; message adaptation based on network or terminal capabilities in packet switching networks H04L51/06; processing of terminal status or physical abilities in wireless networks H04W8/22)}","{involving client characteristics, e.g. Set-Top-Box type, software version, or amount of memory available (allocation of resources considering hardware capabilities G06F9/5044; allocation of resources considering software capabilities G06F9/5055; protocols involving terminal profiles for network applications in communication control or processing H04L29/08927; message adaptation based on network or terminal capabilities in packet switching networks H04L51/06; processing of terminal status or physical abilities in wireless networks H04W8/22)}",Compilation of Changes
2020.08,N,H04N 21/4518,H04N 21/4518,"{involving characteristics of one or more peripherals, e.g. peripheral type, software version, amount of memory available or display capabilities}","{involving characteristics of one or more peripherals, e.g. peripheral type, software version, amount of memory available or display capabilities}",Compilation of Changes
2020.08,U,H04N 21/458,H04N 21/458,"Scheduling content for creating a personalised stream, e.g. by combining a locally stored advertisement with an incoming stream; Updating operations, e.g. for OS modules {; time-related management operations (arrangements for replacing or switching information during the broadcast or during the distribution H04H20/10)}","Scheduling content for creating a personalised stream, e.g. by combining a locally stored advertisement with an incoming stream; Updating operations, e.g. for OS modules {; time-related management operations (arrangements for replacing or switching information during the broadcast or during the distribution H04H20/10)}",Compilation of Changes
2020.08,T,H04N 21/4586,H04N 21/4586,"{Content update operation triggered locally, e.g. by comparing the version of software modules in a DVB carousel to the version stored locally (deployment, distribution, installation, update of software G06F8/65; program updating while running in general G06F8/656; error detection or correction of the data by redundancy during software upgrading G06F11/1433; arrangements for updating broadcast information or broadcast-related information H04H60/25)}","{Content update operation triggered locally, e.g. by comparing the version of software modules in a DVB carousel to the version stored locally (deployment, distribution, installation, update of software G06F8/65; program updating while running in general G06F8/656; error detection or correction of the data by redundancy during software upgrading G06F11/1433; arrangements for updating broadcast information or broadcast-related information H04H60/25)}",Compilation of Changes
2020.08,T,H04N 21/47,H04N 21/47,End-user applications {(services or applications for real-time multimedia communications H04L29/06387)},End-user applications {(services or applications for real-time multimedia communications H04L29/06387)},Compilation of Changes
2020.08,U,H05K 1/00,H05K 1/00,Printed circuits,Printed circuits,Compilation of Changes
2020.08,U,H05K 1/02,H05K 1/02,Details,Details,Compilation of Changes
2020.08,M,H05K 1/0266,H05K 1/0266,"{Marks, test patterns, inspection means or identification means}","{Marks, test patterns, inspection means or identification means}",Compilation of Changes
2020.08,U,H05K 1/09,H05K 1/09,"Use of materials for the {conductive, e.g. } metallic pattern","Use of materials for the {conductive, e.g. } metallic pattern",Compilation of Changes
2020.08,U,H05K 1/092,H05K 1/092,"{Dispersed materials, e.g. conductive pastes or inks}","{Dispersed materials, e.g. conductive pastes or inks}",Compilation of Changes
2020.08,M,H05K 1/097,H05K 1/097,"{Inks comprising nanoparticles, i.e. inks which are sinterable at low temperatures} and specially adapted for being sintered at low temperature (H05K1/095 takes precedence)}","{Inks comprising nanoparticles, i.e. inks which are sinterable at low temperatures} and specially adapted for being sintered at low temperature (H05K1/095 takes precedence)}",Compilation of Changes
2020.08,M,H05K 1/18,H05K 1/18,"Printed circuits structurally associated with non-printed electric components ({H05K1/0201, H05K1/023, H05K1/0243, and} H05K1/16 take precedence)","Printed circuits structurally associated with non-printed electric components ({H05K1/0201, H05K1/023, H05K1/0243, and} H05K1/16 take precedence)",Compilation of Changes
2020.08,M,H05K 1/182,H05K 1/182,"{associated with components mounted in the printed circuit board, e.g. IMC (insert mounted components)insert mounted components [IMC]}","{associated with components mounted in the printed circuit board, e.g. IMC (insert mounted components)insert mounted components [IMC]}",Compilation of Changes
2020.08,U,H05K 3/00,H05K 3/00,Apparatus or processes for manufacturing printed circuits,Apparatus or processes for manufacturing printed circuits,Compilation of Changes
2020.08,U,H05K 3/03,H05K 3/03,"Assembling printed circuits with electric components, e.g. with resistor","Assembling printed circuits with electric components, e.g. with resistor",Compilation of Changes
2020.08,U,H05K 3/32,H05K 3/32,electrically connecting electric components or wires to printed circuits,electrically connecting electric components or wires to printed circuits,Compilation of Changes
2020.08,U,H05K 3/34,H05K 3/34,by soldering,by soldering,Compilation of Changes
2020.08,U,H05K 3/3457,H05K 3/3457,{Solder materials or compositions; Methods of application thereof},{Solder materials or compositions; Methods of application thereof},Compilation of Changes
2020.08,M,H05K 3/3478,H05K 3/3478,"{Applying solder paste, particles or preforms; Transferring prefabricated solder patterns}","{Applying solder paste, particles or preforms; Transferring prefabricated solder patterns}",Compilation of Changes
2020.08,D,H05K 3/3484,H05K 3/3484,{Paste or slurry or powder (screen printing or stencil printing of solder paste H05K3/1216)},{Paste or slurry or powder (screen printing or stencil printing of solder paste H05K3/1216)},Compilation of Changes
2020.08,N,H05K 3/3485,H05K 3/3485,"{Applying solder paste, slurry or powder (thick film methods for applying conductive paste or ink patterns H05K3/12)}","{Applying solder paste, slurry or powder (thick film methods for applying conductive paste or ink patterns H05K3/12)}",Compilation of Changes
2020.08,M,H05K 3/44,H05K 3/44,"ManufactureManufacturing insulated metal core circuits {or other insulated electrically conductive core circuits (H05K3/0058, H05K3/4641, H05K3/4608, and H05K3/4641 take precedence)}","ManufactureManufacturing insulated metal core circuits {or other insulated electrically conductive core circuits (H05K3/0058, H05K3/4641, H05K3/4608, and H05K3/4641 take precedence)}",Compilation of Changes
2020.08,U,H05K 3/46,H05K 3/46,Manufacturing multilayer circuits,Manufacturing multilayer circuits,Compilation of Changes
2020.08,U,H05K 3/4602,H05K 3/4602,{characterized by a special circuit board as base or central core whereon additional circuit layers are built or additional circuit boards are laminated},{characterized by a special circuit board as base or central core whereon additional circuit layers are built or additional circuit boards are laminated},Compilation of Changes
2020.08,M,H05K 3/4608,H05K 3/4608,{comprising an electrically conductive base or core},{comprising an electrically conductive base or core},Compilation of Changes
2020.08,U,H05K 7/00,H05K 7/00,"Constructional details common to different types of electric apparatus (casings, cabinets, drawers H05K5/00)","Constructional details common to different types of electric apparatus (casings, cabinets, drawers H05K5/00)",Compilation of Changes
2020.08,U,H05K 7/02,H05K 7/02,"Modifications to facilitate cooling, ventilating, or heating","Modifications to facilitate cooling, ventilating, or heating",Compilation of Changes
2020.08,U,H05K 7/2039,H05K 7/2039,"{characterised by the heat transfer by conduction from the heat generating element to a dissipating body (arrangements for increasing/decreasing heat-transfer, e.g. fins details, F28F13/00)}","{characterised by the heat transfer by conduction from the heat generating element to a dissipating body (arrangements for increasing/decreasing heat-transfer, e.g. fins details, F28F13/00)}",Compilation of Changes
2020.08,M,H05K 7/205,H05K 7/205,{Thermal paths through theHeat-dissipating body thermally connected to heat generating element via thermal paths through printed circuit board [PCB] (details of PCBs relatedrelating to heat transfer H05K1/0201)},{Thermal paths through theHeat-dissipating body thermally connected to heat generating element via thermal paths through printed circuit board [PCB] (details of PCBs relatedrelating to heat transfer H05K1/0201)},Compilation of Changes
2020.08,U,H05K 9/00,H05K 9/00,Screening of apparatus or components against electric or magnetic fields (devices for absorbing radiation from an antenna H01Q17/00),Screening of apparatus or components against electric or magnetic fields (devices for absorbing radiation from an antenna H01Q17/00),Compilation of Changes
2020.08,U,H05K 9/0007,H05K 9/0007,{Casings (standardised racks H05K9/0062)},{Casings (standardised racks H05K9/0062)},Compilation of Changes
2020.08,U,H05K 9/002,H05K 9/002,{with localised screening},{with localised screening},Compilation of Changes
2020.08,M,H05K 9/0039,H05K 9/0039,"{Ground layout on printed circuit board}Galvanic coupling of ground layer on printed circuit board [PCB] to conductive casing (printed shielding conductors, ground planes or power planes for reduction of cross-talk or noise in printed circuits H05K1/0218)}","{Ground layout on printed circuit board}Galvanic coupling of ground layer on printed circuit board [PCB] to conductive casing (printed shielding conductors, ground planes or power planes for reduction of cross-talk or noise in printed circuits H05K1/0218)}",Compilation of Changes
2020.08,U,H05K 2201/00,H05K 2201/00,Indexing scheme relating to printed circuits covered by H05K1/00,Indexing scheme relating to printed circuits covered by H05K1/00,Compilation of Changes
2020.08,U,H05K 2201/03,H05K 2201/03,Conductive materials,Conductive materials,Compilation of Changes
2020.08,U,H05K 2201/0332,H05K 2201/0332,Structure of the conductor,Structure of the conductor,Compilation of Changes
2020.08,U,H05K 2201/0388,H05K 2201/0388,Other aspects of conductors,Other aspects of conductors,Compilation of Changes
2020.08,M,H05K 2201/0394,H05K 2201/0394,Conductor crossing over a hole in the substrate or a gap between two separate substrate parts,Conductor crossing over a hole in the substrate or a gap between two separate substrate parts,Compilation of Changes
2020.08,U,H05K 2201/09,H05K 2201/09,Shape and layout,Shape and layout,Compilation of Changes
2020.08,C,H05K 2201/09818,H05K 2201/09818,Other shape and layout details not provided for inShape or layout details not covered by a single group of H05K2201/09009 - H05K2201/09209H05K2201/09809; Shape and layout details covering several of these groups,Other shape and layout details not provided for inShape or layout details not covered by a single group of H05K2201/09009 - H05K2201/09209H05K2201/09809; Shape and layout details covering several of these groups,Compilation of Changes
2020.08,U,H05K 2201/09981,H05K 2201/09981,Metallised walls,Metallised walls,Compilation of Changes
2020.08,N,H05K 2201/09985,H05K 2201/09985,Hollow waveguide combined with printed circuit,Hollow waveguide combined with printed circuit,Compilation of Changes
2020.08,U,H05K 2201/01,H05K 2201/01,Details of components or other objects attached to or integrated in a printed circuit board,Details of components or other objects attached to or integrated in a printed circuit board,Compilation of Changes
2020.08,U,H05K 2201/10007,H05K 2201/10007,Types of components,Types of components,Compilation of Changes
2020.08,M,H05K 2201/10098,H05K 2201/10098,"ComponentComponents for radio transmission, e.g. Radio Frequency Identification Tag [RFID]radio frequency identification [RFID] tag, printed or non-printed antennas","ComponentComponents for radio transmission, e.g. Radio Frequency Identification Tag [RFID]radio frequency identification [RFID] tag, printed or non-printed antennas",Compilation of Changes
2020.08,U,H05K 2203/00,H05K 2203/00,Indexing scheme relating to apparatus or processes for manufacturing printed circuits covered by H05K3/00,Indexing scheme relating to apparatus or processes for manufacturing printed circuits covered by H05K3/00,Compilation of Changes
2020.08,U,H05K 2203/04,H05K 2203/04,Soldering or other types of metallurgic bonding (using molten metal H05K2203/128),Soldering or other types of metallurgic bonding (using molten metal H05K2203/128),Compilation of Changes
2020.08,M,H05K 2203/045,H05K 2203/045,Solder filled PTH during processing -filled plated through-hole [PTH] during processing wherein the solder is removed from the PTH after processing(solder filled plated through-hole in the final product H05K2201/09572),Solder filled PTH during processing -filled plated through-hole [PTH] during processing wherein the solder is removed from the PTH after processing(solder filled plated through-hole in the final product H05K2201/09572),Compilation of Changes
2020.08,T,Y02A 10/00,Y02A 10/00,at coastal zones; at river basins,at coastal zones; at river basins,Compilation of Changes
2020.08,T,Y02A 10/11,Y02A 10/11,"Hard structures, e.g. dams, dykes or breakwaters","Hard structures, e.g. dams, dykes or breakwaters",Compilation of Changes
2020.08,D,Y02A 10/12,Y02A 10/12,Reservoirs; Polders,Reservoirs; Polders,Compilation of Changes
2020.08,D,Y02A 10/13,Y02A 10/13,Dykes; Dams,Dykes; Dams,Compilation of Changes
2020.08,D,Y02A 10/14,Y02A 10/14,"Sea-walls, surge or tidal barriers","Sea-walls, surge or tidal barriers",Compilation of Changes
2020.08,D,Y02A 10/15,Y02A 10/15,Self-contained breakwaters,Self-contained breakwaters,Compilation of Changes
2020.08,D,Y02A 10/16,Y02A 10/16,Revetments of the shore,Revetments of the shore,Compilation of Changes
2020.08,D,Y02A 10/17,Y02A 10/17,Groynes,Groynes,Compilation of Changes
2020.08,D,Y02A 10/18,Y02A 10/18,Jetties or landing bridges,Jetties or landing bridges,Compilation of Changes
2020.08,D,Y02A 10/02,Y02A 10/02,Soft structures,Soft structures,Compilation of Changes
2020.08,D,Y02A 10/21,Y02A 10/21,Land claim or beach nourishment,Land claim or beach nourishment,Compilation of Changes
2020.08,D,Y02A 10/22,Y02A 10/22,Wetland restoration or creation,Wetland restoration or creation,Compilation of Changes
2020.08,T,Y02A 10/23,Y02A 10/23,Dune restoration or creation; Cliff stabilisation,Dune restoration or creation; Cliff stabilisation,Compilation of Changes
2020.08,D,Y02A 10/24,Y02A 10/24,Cliff stabilization,Cliff stabilization,Compilation of Changes
2020.08,D,Y02A 10/25,Y02A 10/25,Artificial seaweed,Artificial seaweed,Compilation of Changes
2020.08,T,Y02A 10/26,Y02A 10/26,Artificial reefs or seaweed; Restoration or protection of coral reefs,Artificial reefs or seaweed; Restoration or protection of coral reefs,Compilation of Changes
2020.08,D,Y02A 10/27,Y02A 10/27,Restoration or protection of coral reefs,Restoration or protection of coral reefs,Compilation of Changes
2020.08,D,Y02A 10/28,Y02A 10/28,Sediment management,Sediment management,Compilation of Changes
2020.08,T,Y02A 10/03,Y02A 10/03,"Flood prevention; Flood management or accommodationor storm water management, e.g. using flood barriers; Storm water management","Flood prevention; Flood management or accommodationor storm water management, e.g. using flood barriers; Storm water management",Compilation of Changes
2020.08,D,Y02A 10/31,Y02A 10/31,Permanently installed flood barriers,Permanently installed flood barriers,Compilation of Changes
2020.08,D,Y02A 10/32,Y02A 10/32,Temporarily installed flood barriers,Temporarily installed flood barriers,Compilation of Changes
2020.08,D,Y02A 10/33,Y02A 10/33,Infiltration of water into the ground,Infiltration of water into the ground,Compilation of Changes
2020.08,D,Y02A 10/34,Y02A 10/34,Flood-proof sanitary latrines,Flood-proof sanitary latrines,Compilation of Changes
2020.08,D,Y02A 10/35,Y02A 10/35,Revetments for protection of river banks or dykes,Revetments for protection of river banks or dykes,Compilation of Changes
2020.08,D,Y02A 10/36,Y02A 10/36,Equalizing tanks in the sewage system for regulating the run-off,Equalizing tanks in the sewage system for regulating the run-off,Compilation of Changes
2020.08,D,Y02A 10/37,Y02A 10/37,Bioswales,Bioswales,Compilation of Changes
2020.08,D,Y02A 10/38,Y02A 10/38,Changing the natural surface of ground to re-route water,Changing the natural surface of ground to re-route water,Compilation of Changes
2020.08,D,Y02A 10/383,Y02A 10/383,Weirs,Weirs,Compilation of Changes
2020.08,D,Y02A 10/386,Y02A 10/386,Locks,Locks,Compilation of Changes
2020.08,D,Y02A 10/39,Y02A 10/39,Evacuation systems,Evacuation systems,Compilation of Changes
2020.08,D,Y02A 10/395,Y02A 10/395,Curb floodplain development for flood management,Curb floodplain development for flood management,Compilation of Changes
2020.08,T,Y02A 10/04,Y02A 10/04,"MonitoringControlling or monitoring, e.g. of flood or hurricane; Forecasting, e.g. risk assessment or mapping; Planning","MonitoringControlling or monitoring, e.g. of flood or hurricane; Forecasting, e.g. risk assessment or mapping; Planning",Compilation of Changes
2020.08,D,Y02A 10/41,Y02A 10/41,of coastal areas,of coastal areas,Compilation of Changes
2020.08,D,Y02A 10/42,Y02A 10/42,Real-time flood forecasting,Real-time flood forecasting,Compilation of Changes
2020.08,D,Y02A 10/44,Y02A 10/44,Disaster preparedness plans,Disaster preparedness plans,Compilation of Changes
2020.08,D,Y02A 10/46,Y02A 10/46,"Computerized flood control, risk assessment or mapping","Computerized flood control, risk assessment or mapping",Compilation of Changes
2020.08,D,Y02A 10/48,Y02A 10/48,Hazard insurance,Hazard insurance,Compilation of Changes
2020.08,T,Y02A 20/00,Y02A 20/00,Water conservation; Efficient water supply; Efficient water use,Water conservation; Efficient water supply; Efficient water use,Compilation of Changes
2020.08,D,Y02A 20/01,Y02A 20/01,"Relating to general water supply, e.g. municipal or domestic water supply","Relating to general water supply, e.g. municipal or domestic water supply",Compilation of Changes
2020.08,D,Y02A 20/102,Y02A 20/102,Tanks,Tanks,Compilation of Changes
2020.08,D,Y02A 20/104,Y02A 20/104,for municipal applications,for municipal applications,Compilation of Changes
2020.08,D,Y02A 20/106,Y02A 20/106,for domestic applications,for domestic applications,Compilation of Changes
2020.08,M,Y02A 20/108,Y02A 20/108,Rainwater harvesting,Rainwater harvesting,Compilation of Changes
2020.08,D,Y02A 20/109,Y02A 20/109,Obtaining drinking water from air humidity,Obtaining drinking water from air humidity,Compilation of Changes
2020.08,D,Y02A 20/112,Y02A 20/112,Obtaining drinking water from open water,Obtaining drinking water from open water,Compilation of Changes
2020.08,D,Y02A 20/114,Y02A 20/114,Water wells,Water wells,Compilation of Changes
2020.08,D,Y02A 20/116,Y02A 20/116,Vertical well filter pipes,Vertical well filter pipes,Compilation of Changes
2020.08,D,Y02A 20/118,Y02A 20/118,Borehole wells,Borehole wells,Compilation of Changes
2020.08,D,Y02A 20/119,Y02A 20/119,having horizontal or inclined filter pipes,having horizontal or inclined filter pipes,Compilation of Changes
2020.08,D,Y02A 20/12,Y02A 20/12,Multipurpose dams or barriers,Multipurpose dams or barriers,Compilation of Changes
2020.08,T,Y02A 20/124,Y02A 20/124,Water desalination,Water desalination,Compilation of Changes
2020.08,D,Y02A 20/126,Y02A 20/126,characterized by the method,characterized by the method,Compilation of Changes
2020.08,D,Y02A 20/128,Y02A 20/128,"Evaporation methods, e.g. distillation","Evaporation methods, e.g. distillation",Compilation of Changes
2020.08,D,Y02A 20/129,Y02A 20/129,using solar energy,using solar energy,Compilation of Changes
2020.08,M,Y02A 20/131,Y02A 20/131,Reverse-osmosis,Reverse-osmosis,Compilation of Changes
2020.08,D,Y02A 20/132,Y02A 20/132,Freezing,Freezing,Compilation of Changes
2020.08,D,Y02A 20/134,Y02A 20/134,Electrodialysis,Electrodialysis,Compilation of Changes
2020.08,M,Y02A 20/138,Y02A 20/138,powered by a renewable energy sourceusing renewable energy,powered by a renewable energy sourceusing renewable energy,Compilation of Changes
2020.08,M,Y02A 20/141,Y02A 20/141,the source being windWind power,the source being windWind power,Compilation of Changes
2020.08,T,Y02A 20/142,Y02A 20/142,the source being solar thermal or photovoltaicsSolar thermal; Photovoltaics,the source being solar thermal or photovoltaicsSolar thermal; Photovoltaics,Compilation of Changes
2020.08,M,Y02A 20/144,Y02A 20/144,the source being waveWave energy,the source being waveWave energy,Compilation of Changes
2020.08,M,Y02A 20/146,Y02A 20/146,Use ofusing grey water,Use ofusing grey water,Compilation of Changes
2020.08,M,Y02A 20/148,Y02A 20/148,using household water from wash basins or showers,using household water from wash basins or showers,Compilation of Changes
2020.08,M,Y02A 20/15,Y02A 20/15,Leakage reduction or detection in water storage or distribution,Leakage reduction or detection in water storage or distribution,Compilation of Changes
2020.08,T,Y02A 20/152,Y02A 20/152,Water filtration,Water filtration,Compilation of Changes
2020.08,D,Y02A 20/154,Y02A 20/154,of domestic water,of domestic water,Compilation of Changes
2020.08,D,Y02A 20/156,Y02A 20/156,of municipal or industrial water,of municipal or industrial water,Compilation of Changes
2020.08,D,Y02A 20/16,Y02A 20/16,Water quality or standards enforcement,Water quality or standards enforcement,Compilation of Changes
2020.08,D,Y02A 20/18,Y02A 20/18,Solar- or wind-powered water pumping,Solar- or wind-powered water pumping,Compilation of Changes
2020.08,T,Y02A 20/02,Y02A 20/02,Water pollution control technologiesControlling water pollution; Waste water treatment,Water pollution control technologiesControlling water pollution; Waste water treatment,Compilation of Changes
2020.08,D,Y02A 20/202,Y02A 20/202,for households,for households,Compilation of Changes
2020.08,M,Y02A 20/204,Y02A 20/204,Keeping clear the surface of open water from oil spills,Keeping clear the surface of open water from oil spills,Compilation of Changes
2020.08,D,Y02A 20/206,Y02A 20/206,Monitoring water for contaminating materials,Monitoring water for contaminating materials,Compilation of Changes
2020.08,T,Y02A 20/208,Y02A 20/208,Off-grid powered water treatment,Off-grid powered water treatment,Compilation of Changes
2020.08,U,Y02A 20/211,Y02A 20/211,Solar-powered water purification,Solar-powered water purification,Compilation of Changes
2020.08,U,Y02A 20/212,Y02A 20/212,"Solar-powered wastewater sewage treatment, e.g. spray evaporation","Solar-powered wastewater sewage treatment, e.g. spray evaporation",Compilation of Changes
2020.08,D,Y02A 20/214,Y02A 20/214,Water treatment at point of use for potable water,Water treatment at point of use for potable water,Compilation of Changes
2020.08,D,Y02A 20/216,Y02A 20/216,Wastewater treatment tanks,Wastewater treatment tanks,Compilation of Changes
2020.08,D,Y02A 20/218,Y02A 20/218,"Water metering with adaptation potential, e.g. aiming at water saving, leakage detection or avoidance, fraud or theft detection","Water metering with adaptation potential, e.g. aiming at water saving, leakage detection or avoidance, fraud or theft detection",Compilation of Changes
2020.08,D,Y02A 20/22,Y02A 20/22,"Pricing strategies aiming to limit water consumption or spillage, e.g. progressive pricing, fraud detection or fostering water saving","Pricing strategies aiming to limit water consumption or spillage, e.g. progressive pricing, fraud detection or fostering water saving",Compilation of Changes
2020.08,T,Y02A 20/03,Y02A 20/03,"Relating to industrial water supply, e.g. used for cooling","Relating to industrial water supply, e.g. used for cooling",Compilation of Changes
2020.08,D,Y02A 20/302,Y02A 20/302,Use of lower-grade water,Use of lower-grade water,Compilation of Changes
2020.08,D,Y02A 20/304,Y02A 20/304,Recirculation,Recirculation,Compilation of Changes
2020.08,T,Y02A 20/04,Y02A 20/04,Water resources protection or enhancementProtecting water resources,Water resources protection or enhancementProtecting water resources,Compilation of Changes
2020.08,U,Y02A 20/402,Y02A 20/402,River restoration,River restoration,Compilation of Changes
2020.08,U,Y02A 20/404,Y02A 20/404,Saltwater intrusion barriers,Saltwater intrusion barriers,Compilation of Changes
2020.08,U,Y02A 20/406,Y02A 20/406,Aquifer recharge,Aquifer recharge,Compilation of Changes
2020.08,D,Y02A 20/408,Y02A 20/408,Draining or infiltration of impermeable surfaces for groundwater enrichment,Draining or infiltration of impermeable surfaces for groundwater enrichment,Compilation of Changes
2020.08,U,Y02A 20/411,Y02A 20/411,Water saving techniques at user level,Water saving techniques at user level,Compilation of Changes
2020.08,D,Y02A 20/412,Y02A 20/412,Reducing amount of water used by toilet flushing,Reducing amount of water used by toilet flushing,Compilation of Changes
2020.08,D,Y02A 20/414,Y02A 20/414,Water-saving for showers or bath tubs,Water-saving for showers or bath tubs,Compilation of Changes
2020.08,T,Y02A 30/00,Y02A 30/00,Adapting or protecting infrastructure or their operation,Adapting or protecting infrastructure or their operation,Compilation of Changes
2020.08,D,Y02A 30/01,Y02A 30/01,in energy generation or distribution,in energy generation or distribution,Compilation of Changes
2020.08,D,Y02A 30/12,Y02A 30/12,Weather forecasting for energy supply management,Weather forecasting for energy supply management,Compilation of Changes
2020.08,T,Y02A 30/14,Y02A 30/14,"Extreme weather resilient electric power supply systemsystems, e.g. strengthening power lines or underground power cables","Extreme weather resilient electric power supply systemsystems, e.g. strengthening power lines or underground power cables",Compilation of Changes
2020.08,D,Y02A 30/16,Y02A 30/16,Flood resilient electric equipment,Flood resilient electric equipment,Compilation of Changes
2020.08,D,Y02A 30/17,Y02A 30/17,Generators,Generators,Compilation of Changes
2020.08,D,Y02A 30/18,Y02A 30/18,Uninterruptible power supply [UPS] systems; Backup generators,Uninterruptible power supply [UPS] systems; Backup generators,Compilation of Changes
2020.08,D,Y02A 30/19,Y02A 30/19,Cabinets or switch boards,Cabinets or switch boards,Compilation of Changes
2020.08,D,Y02A 30/02,Y02A 30/02,"in buildings, dwellings or related infrastructures","in buildings, dwellings or related infrastructures",Compilation of Changes
2020.08,D,Y02A 30/21,Y02A 30/21,Floating houses,Floating houses,Compilation of Changes
2020.08,D,Y02A 30/22,Y02A 30/22,Rotary buildings,Rotary buildings,Compilation of Changes
2020.08,D,Y02A 30/23,Y02A 30/23,Elevated buildings,Elevated buildings,Compilation of Changes
2020.08,T,Y02A 30/24,Y02A 30/24,Structural elements or technologies for improving thermal insulation,Structural elements or technologies for improving thermal insulation,Compilation of Changes
2020.08,D,Y02A 30/241,Y02A 30/241,Thermal insulation technologies with adaptation potential,Thermal insulation technologies with adaptation potential,Compilation of Changes
2020.08,M,Y02A 30/242,Y02A 30/242,Slab shaped vacuum insulation,Slab shaped vacuum insulation,Compilation of Changes
2020.08,D,Y02A 30/243,Y02A 30/243,Slab shaped aerogel insulation,Slab shaped aerogel insulation,Compilation of Changes
2020.08,T,Y02A 30/244,Y02A 30/244,"characterized by the use of locally available building materialsusing natural or recycled building materials, e.g. straw, wool, clay or used tires","characterized by the use of locally available building materialsusing natural or recycled building materials, e.g. straw, wool, clay or used tires",Compilation of Changes
2020.08,D,Y02A 30/245,Y02A 30/245,"of vegetal origin, e.g. thatching or straw","of vegetal origin, e.g. thatching or straw",Compilation of Changes
2020.08,D,Y02A 30/246,Y02A 30/246,"of animal origin, e.g. wool or feathers","of animal origin, e.g. wool or feathers",Compilation of Changes
2020.08,D,Y02A 30/247,Y02A 30/247,"using indigenous Earth materials, e.g. clay or stone","using indigenous Earth materials, e.g. clay or stone",Compilation of Changes
2020.08,D,Y02A 30/248,Y02A 30/248,"Recycled materials, e.g. made of used tires, bumpers or newspapers","Recycled materials, e.g. made of used tires, bumpers or newspapers",Compilation of Changes
2020.08,T,Y02A 30/249,Y02A 30/249,"Glazing, e.g. vacuum glazing","Glazing, e.g. vacuum glazing",Compilation of Changes
2020.08,D,Y02A 30/25,Y02A 30/25,Vacuum glazing,Vacuum glazing,Compilation of Changes
2020.08,D,Y02A 30/251,Y02A 30/251,Aerogel glazing systems,Aerogel glazing systems,Compilation of Changes
2020.08,D,Y02A 30/252,Y02A 30/252,Wooden or plastic window or door frames with extra insulation,Wooden or plastic window or door frames with extra insulation,Compilation of Changes
2020.08,D,Y02A 30/253,Y02A 30/253,Roofs with adaptation potential,Roofs with adaptation potential,Compilation of Changes
2020.08,T,Y02A 30/254,Y02A 30/254,Roof garden systems; Roof coverings with high solar reflectance,Roof garden systems; Roof coverings with high solar reflectance,Compilation of Changes
2020.08,D,Y02A 30/255,Y02A 30/255,Roof coverings with high solar reflectance,Roof coverings with high solar reflectance,Compilation of Changes
2020.08,D,Y02A 30/256,Y02A 30/256,Floors specially adapted for storing heat or cold,Floors specially adapted for storing heat or cold,Compilation of Changes
2020.08,D,Y02A 30/257,Y02A 30/257,Light dependent control systems for sun shading,Light dependent control systems for sun shading,Compilation of Changes
2020.08,D,Y02A 30/259,Y02A 30/259,Passive climatisation,Passive climatisation,Compilation of Changes
2020.08,D,Y02A 30/26,Y02A 30/26,using air flow into the conditioned premises or facilities,using air flow into the conditioned premises or facilities,Compilation of Changes
2020.08,D,Y02A 30/261,Y02A 30/261,by improving the thermodynamic properties of the premises or facilities,by improving the thermodynamic properties of the premises or facilities,Compilation of Changes
2020.08,T,Y02A 30/27,Y02A 30/27,"Relating to heating, ventilation or air conditioning [HVAC] technologies","Relating to heating, ventilation or air conditioning [HVAC] technologies",Compilation of Changes
2020.08,M,Y02A 30/272,Y02A 30/272,using solar thermal energySolar heating or cooling,using solar thermal energySolar heating or cooling,Compilation of Changes
2020.08,M,Y02A 30/274,Y02A 30/274,"using waste energy, e.g. from internal combustion engine","using waste energy, e.g. from internal combustion engine",Compilation of Changes
2020.08,D,Y02A 30/276,Y02A 30/276,of the sorption type,of the sorption type,Compilation of Changes
2020.08,D,Y02A 30/277,Y02A 30/277,Absorption based systems,Absorption based systems,Compilation of Changes
2020.08,D,Y02A 30/278,Y02A 30/278,Adsorption based systems,Adsorption based systems,Compilation of Changes
2020.08,T,Y02A 30/03,Y02A 30/03,"in transportation, e.g. on roads, waterways or railways","in transportation, e.g. on roads, waterways or railways",Compilation of Changes
2020.08,D,Y02A 30/31,Y02A 30/31,Relating to road transportation,Relating to road transportation,Compilation of Changes
2020.08,D,Y02A 30/32,Y02A 30/32,Permeable parking lots,Permeable parking lots,Compilation of Changes
2020.08,D,Y02A 30/33,Y02A 30/33,Ground surface material,Ground surface material,Compilation of Changes
2020.08,D,Y02A 30/333,Y02A 30/333,Warm-mix asphalt,Warm-mix asphalt,Compilation of Changes
2020.08,D,Y02A 30/336,Y02A 30/336,Engineered cementitious composite [ECC],Engineered cementitious composite [ECC],Compilation of Changes
2020.08,D,Y02A 30/34,Y02A 30/34,Relating to waterways transportation,Relating to waterways transportation,Compilation of Changes
2020.08,D,Y02A 30/35,Y02A 30/35,Storm resilient vessels,Storm resilient vessels,Compilation of Changes
2020.08,D,Y02A 30/36,Y02A 30/36,Active motion-dampening systems for ports,Active motion-dampening systems for ports,Compilation of Changes
2020.08,D,Y02A 30/38,Y02A 30/38,Relating to railways transportation,Relating to railways transportation,Compilation of Changes
2020.08,D,Y02A 30/04,Y02A 30/04,Relating to water supply or wastewater treatment,Relating to water supply or wastewater treatment,Compilation of Changes
2020.08,D,Y02A 30/45,Y02A 30/45,Specially adapted pumping equipment e.g. for flood draining,Specially adapted pumping equipment e.g. for flood draining,Compilation of Changes
2020.08,D,Y02A 30/05,Y02A 30/05,Resilient IT infrastructure,Resilient IT infrastructure,Compilation of Changes
2020.08,T,Y02A 30/06,Y02A 30/06,Planning or developing urban green infrastructure,Planning or developing urban green infrastructure,Compilation of Changes
2020.08,D,Y02A 30/62,Y02A 30/62,"Integration of district energy or distributed or on-site energy generation, e.g. combined heat and power generation or solar energy, in city layout","Integration of district energy or distributed or on-site energy generation, e.g. combined heat and power generation or solar energy, in city layout",Compilation of Changes
2020.08,D,Y02A 30/64,Y02A 30/64,"for reducing heat island effects, e.g. by minimizing paved surfaces or by planting trees","for reducing heat island effects, e.g. by minimizing paved surfaces or by planting trees",Compilation of Changes
2020.08,D,Y02A 30/68,Y02A 30/68,Sloping ground terrains in public areas,Sloping ground terrains in public areas,Compilation of Changes
2020.08,U,Y02A 40/00,Y02A 40/00,"Adaptation technologies in agriculture, forestry, livestock or agroalimentary production","Adaptation technologies in agriculture, forestry, livestock or agroalimentary production",Compilation of Changes
2020.08,T,Y02A 40/01,Y02A 40/01,in agriculture,in agriculture,Compilation of Changes
2020.08,D,Y02A 40/11,Y02A 40/11,Specially adapted for crops,Specially adapted for crops,Compilation of Changes
2020.08,D,Y02A 40/12,Y02A 40/12,Precision agriculture,Precision agriculture,Compilation of Changes
2020.08,M,Y02A 40/13,Y02A 40/13,Abiotic stress,Abiotic stress,Compilation of Changes
2020.08,M,Y02A 40/132,Y02A 40/132,Plants tolerant to drought,Plants tolerant to drought,Compilation of Changes
2020.08,M,Y02A 40/135,Y02A 40/135,Plants tolerant to salinity,Plants tolerant to salinity,Compilation of Changes
2020.08,M,Y02A 40/138,Y02A 40/138,Plants tolerant to heat,Plants tolerant to heat,Compilation of Changes
2020.08,D,Y02A 40/14,Y02A 40/14,with increased yield,with increased yield,Compilation of Changes
2020.08,D,Y02A 40/143,Y02A 40/143,using agrochemicals,using agrochemicals,Compilation of Changes
2020.08,T,Y02A 40/146,Y02A 40/146,"Transgenic plantsGenetically Modified [GMO] plants, e.g. transgenic plants","Transgenic plantsGenetically Modified [GMO] plants, e.g. transgenic plants",Compilation of Changes
2020.08,D,Y02A 40/15,Y02A 40/15,Fungal symbiosis,Fungal symbiosis,Compilation of Changes
2020.08,D,Y02A 40/16,Y02A 40/16,Pest or insect control,Pest or insect control,Compilation of Changes
2020.08,D,Y02A 40/162,Y02A 40/162,Genetically modified [GMO] plants resistant to insects,Genetically modified [GMO] plants resistant to insects,Compilation of Changes
2020.08,D,Y02A 40/164,Y02A 40/164,Genetically modified [GMO] plants resistant to nematodes,Genetically modified [GMO] plants resistant to nematodes,Compilation of Changes
2020.08,D,Y02A 40/166,Y02A 40/166,"Ecological pest control, i.e. using competitors or parasites against crop pests","Ecological pest control, i.e. using competitors or parasites against crop pests",Compilation of Changes
2020.08,D,Y02A 40/168,Y02A 40/168,Rainguards for rubber trees,Rainguards for rubber trees,Compilation of Changes
2020.08,D,Y02A 40/17,Y02A 40/17,Aeroponics seed potato production,Aeroponics seed potato production,Compilation of Changes
2020.08,D,Y02A 40/18,Y02A 40/18,Related to fertilizer management,Related to fertilizer management,Compilation of Changes
2020.08,D,Y02A 40/19,Y02A 40/19,"Integrated nutrient management, e.g. appropriate fertilizer use","Integrated nutrient management, e.g. appropriate fertilizer use",Compilation of Changes
2020.08,T,Y02A 40/02,Y02A 40/02,"Sustainable fertilizers of biological originFertilizers of biological origin, e.g. guano or fertilizers made from animal corpses","Sustainable fertilizers of biological originFertilizers of biological origin, e.g. guano or fertilizers made from animal corpses",Compilation of Changes
2020.08,D,Y02A 40/201,Y02A 40/201,Fertilizers made from animal corpses or parts thereof,Fertilizers made from animal corpses or parts thereof,Compilation of Changes
2020.08,D,Y02A 40/202,Y02A 40/202,from fish or from fish-wastes,from fish or from fish-wastes,Compilation of Changes
2020.08,D,Y02A 40/203,Y02A 40/203,"from meat-wastes or from other wastes of animal origin, e.g. skins, hair, hoofs, feathers, blood","from meat-wastes or from other wastes of animal origin, e.g. skins, hair, hoofs, feathers, blood",Compilation of Changes
2020.08,D,Y02A 40/204,Y02A 40/204,Apparatus for their manufacture,Apparatus for their manufacture,Compilation of Changes
2020.08,D,Y02A 40/205,Y02A 40/205,"Fertilizers from human or animal excrements, e.g. manure","Fertilizers from human or animal excrements, e.g. manure",Compilation of Changes
2020.08,D,Y02A 40/206,Y02A 40/206,Guano,Guano,Compilation of Changes
2020.08,D,Y02A 40/207,Y02A 40/207,from human fecal masses,from human fecal masses,Compilation of Changes
2020.08,D,Y02A 40/208,Y02A 40/208,Apparatus for the manufacture,Apparatus for the manufacture,Compilation of Changes
2020.08,D,Y02A 40/209,Y02A 40/209,Fertilizers made from waste originating from industrial processing of raw material of agricultural origin or derived products thereof,Fertilizers made from waste originating from industrial processing of raw material of agricultural origin or derived products thereof,Compilation of Changes
2020.08,D,Y02A 40/21,Y02A 40/21,"Solid waste from mechanical processing of material, e.g. seed coats, olive pits, almond shells, fruit residue, rice hulls","Solid waste from mechanical processing of material, e.g. seed coats, olive pits, almond shells, fruit residue, rice hulls",Compilation of Changes
2020.08,D,Y02A 40/211,Y02A 40/211,"Waste from chemical processing of material, e.g. distillation, roasting, cooking","Waste from chemical processing of material, e.g. distillation, roasting, cooking",Compilation of Changes
2020.08,D,Y02A 40/212,Y02A 40/212,"Waste from biochemical processing of material, e.g. fermentation, breweries","Waste from biochemical processing of material, e.g. fermentation, breweries",Compilation of Changes
2020.08,D,Y02A 40/213,Y02A 40/213,"Fertilizers from waste water, sewage sludge, sea slime, ooze or similar masses","Fertilizers from waste water, sewage sludge, sea slime, ooze or similar masses",Compilation of Changes
2020.08,D,Y02A 40/214,Y02A 40/214,Fertilizers from household or town refuse,Fertilizers from household or town refuse,Compilation of Changes
2020.08,D,Y02A 40/215,Y02A 40/215,Apparatus for the manufacture,Apparatus for the manufacture,Compilation of Changes
2020.08,D,Y02A 40/216,Y02A 40/216,Biological compost,Biological compost,Compilation of Changes
2020.08,T,Y02A 40/22,Y02A 40/22,Improving land use; Improving water use or availability; Controlling erosion,Improving land use; Improving water use or availability; Controlling erosion,Compilation of Changes
2020.08,D,Y02A 40/221,Y02A 40/221,Change land topography to improve water uptake or to reduce wind erosion,Change land topography to improve water uptake or to reduce wind erosion,Compilation of Changes
2020.08,D,Y02A 40/222,Y02A 40/222,by subdividing large fields,by subdividing large fields,Compilation of Changes
2020.08,D,Y02A 40/223,Y02A 40/223,Grass waterways maintenance,Grass waterways maintenance,Compilation of Changes
2020.08,D,Y02A 40/224,Y02A 40/224,by roughening land surface,by roughening land surface,Compilation of Changes
2020.08,D,Y02A 40/225,Y02A 40/225,Windbreaks,Windbreaks,Compilation of Changes
2020.08,D,Y02A 40/226,Y02A 40/226,Floating agriculture,Floating agriculture,Compilation of Changes
2020.08,D,Y02A 40/227,Y02A 40/227,Control of sand encroachment,Control of sand encroachment,Compilation of Changes
2020.08,D,Y02A 40/228,Y02A 40/228,Wetland restoration or protection,Wetland restoration or protection,Compilation of Changes
2020.08,D,Y02A 40/229,Y02A 40/229,Biochar technologies,Biochar technologies,Compilation of Changes
2020.08,D,Y02A 40/23,Y02A 40/23,Improving water use or availability; Controlling erosion,Improving water use or availability; Controlling erosion,Compilation of Changes
2020.08,D,Y02A 40/231,Y02A 40/231,in rain-fed agriculture,in rain-fed agriculture,Compilation of Changes
2020.08,D,Y02A 40/232,Y02A 40/232,Soil conservation,Soil conservation,Compilation of Changes
2020.08,D,Y02A 40/233,Y02A 40/233,Methods for working soils,Methods for working soils,Compilation of Changes
2020.08,D,Y02A 40/234,Y02A 40/234,Moss gardening,Moss gardening,Compilation of Changes
2020.08,D,Y02A 40/235,Y02A 40/235,in irrigated agriculture,in irrigated agriculture,Compilation of Changes
2020.08,D,Y02A 40/236,Y02A 40/236,Tillage conservation,Tillage conservation,Compilation of Changes
2020.08,D,Y02A 40/237,Y02A 40/237,"Efficient irrigation techniques, e.g. drip irrigation, sprinkler or spray irrigation","Efficient irrigation techniques, e.g. drip irrigation, sprinkler or spray irrigation",Compilation of Changes
2020.08,D,Y02A 40/238,Y02A 40/238,Irrigation information systems,Irrigation information systems,Compilation of Changes
2020.08,D,Y02A 40/239,Y02A 40/239,Lining of canals with plastic films,Lining of canals with plastic films,Compilation of Changes
2020.08,D,Y02A 40/24,Y02A 40/24,Concentrate irrigation in periods of peak growth,Concentrate irrigation in periods of peak growth,Compilation of Changes
2020.08,D,Y02A 40/241,Y02A 40/241,using brackish water,using brackish water,Compilation of Changes
2020.08,D,Y02A 40/242,Y02A 40/242,Limiting land conversion or deforestation,Limiting land conversion or deforestation,Compilation of Changes
2020.08,D,Y02A 40/243,Y02A 40/243,Afforestation or reforestation,Afforestation or reforestation,Compilation of Changes
2020.08,T,Y02A 40/25,Y02A 40/25,"Greenhouse technology, e.g. cooling systems therefor","Greenhouse technology, e.g. cooling systems therefor",Compilation of Changes
2020.08,D,Y02A 40/252,Y02A 40/252,Constructional details of greenhouses,Constructional details of greenhouses,Compilation of Changes
2020.08,D,Y02A 40/254,Y02A 40/254,Dismountable or portable greenhouses; Greenhouses with sliding roofs,Dismountable or portable greenhouses; Greenhouses with sliding roofs,Compilation of Changes
2020.08,D,Y02A 40/256,Y02A 40/256,Lighting systems for greenhouses,Lighting systems for greenhouses,Compilation of Changes
2020.08,D,Y02A 40/258,Y02A 40/258,Shading devices for greenhouses,Shading devices for greenhouses,Compilation of Changes
2020.08,D,Y02A 40/26,Y02A 40/26,Lamellar or like blinds,Lamellar or like blinds,Compilation of Changes
2020.08,D,Y02A 40/262,Y02A 40/262,Inflatable structures,Inflatable structures,Compilation of Changes
2020.08,D,Y02A 40/264,Y02A 40/264,"Devices or systems for heating, ventilating, regulating temperature, or watering","Devices or systems for heating, ventilating, regulating temperature, or watering",Compilation of Changes
2020.08,D,Y02A 40/266,Y02A 40/266,Collecting solar energy,Collecting solar energy,Compilation of Changes
2020.08,D,Y02A 40/268,Y02A 40/268,Air-conditioning systems,Air-conditioning systems,Compilation of Changes
2020.08,D,Y02A 40/27,Y02A 40/27,Watering arrangements,Watering arrangements,Compilation of Changes
2020.08,D,Y02A 40/272,Y02A 40/272,Efficient watering,Efficient watering,Compilation of Changes
2020.08,D,Y02A 40/274,Y02A 40/274,Electric devices,Electric devices,Compilation of Changes
2020.08,T,Y02A 40/28,Y02A 40/28,specially adapted for farming,specially adapted for farming,Compilation of Changes
2020.08,D,Y02A 40/282,Y02A 40/282,Changing farming practices to conserve soil moisture or nutrients; Reduce run-off or control soil erosion,Changing farming practices to conserve soil moisture or nutrients; Reduce run-off or control soil erosion,Compilation of Changes
2020.08,D,Y02A 40/284,Y02A 40/284,Mulch stubble or straw,Mulch stubble or straw,Compilation of Changes
2020.08,D,Y02A 40/286,Y02A 40/286,Crops rotation,Crops rotation,Compilation of Changes
2020.08,D,Y02A 40/288,Y02A 40/288,Avoiding mono-cropping; Crop diversification,Avoiding mono-cropping; Crop diversification,Compilation of Changes
2020.08,D,Y02A 40/29,Y02A 40/29,using lower planting densities,using lower planting densities,Compilation of Changes
2020.08,D,Y02A 40/292,Y02A 40/292,Terracing,Terracing,Compilation of Changes
2020.08,D,Y02A 40/294,Y02A 40/294,"Agro-forestry, silviculture or mixed farming solutions","Agro-forestry, silviculture or mixed farming solutions",Compilation of Changes
2020.08,D,Y02A 40/296,Y02A 40/296,"Bushfire prevention; Prescribed fire, i.e. controlled burning to reduce fuel buildup","Bushfire prevention; Prescribed fire, i.e. controlled burning to reduce fuel buildup",Compilation of Changes
2020.08,D,Y02A 40/298,Y02A 40/298,Forest fire control,Forest fire control,Compilation of Changes
2020.08,D,Y02A 40/03,Y02A 40/03,Timing of farming operations,Timing of farming operations,Compilation of Changes
2020.08,D,Y02A 40/302,Y02A 40/302,Advance sowing dates to offset moisture stress during warm periods,Advance sowing dates to offset moisture stress during warm periods,Compilation of Changes
2020.08,D,Y02A 40/04,Y02A 40/04,Management of saline soils,Management of saline soils,Compilation of Changes
2020.08,D,Y02A 40/05,Y02A 40/05,Evapotranspiration,Evapotranspiration,Compilation of Changes
2020.08,T,Y02A 40/51,Y02A 40/51,specially adapted for storing agricultural or horticultural products,specially adapted for storing agricultural or horticultural products,Compilation of Changes
2020.08,D,Y02A 40/52,Y02A 40/52,Racks for drying purposes,Racks for drying purposes,Compilation of Changes
2020.08,D,Y02A 40/53,Y02A 40/53,"Natural, e.g. solar drying","Natural, e.g. solar drying",Compilation of Changes
2020.08,D,Y02A 40/55,Y02A 40/55,Silos for storing seeds or grain,Silos for storing seeds or grain,Compilation of Changes
2020.08,D,Y02A 40/57,Y02A 40/57,Off-grid powered storage,Off-grid powered storage,Compilation of Changes
2020.08,M,Y02A 40/58,Y02A 40/58,using renewable energies,using renewable energies,Compilation of Changes
2020.08,U,Y02A 40/06,Y02A 40/06,Ecological corridors or buffer zones,Ecological corridors or buffer zones,Compilation of Changes
2020.08,T,Y02A 40/07,Y02A 40/07,in livestock or poultry,in livestock or poultry,Compilation of Changes
2020.08,D,Y02A 40/72,Y02A 40/72,"Climate tolerant animal varieties, e.g. selective breeding","Climate tolerant animal varieties, e.g. selective breeding",Compilation of Changes
2020.08,D,Y02A 40/73,Y02A 40/73,"Providing additional fodder for cattle during the dry season, e.g. by using fodder banks","Providing additional fodder for cattle during the dry season, e.g. by using fodder banks",Compilation of Changes
2020.08,D,Y02A 40/74,Y02A 40/74,Optimising pasture management,Optimising pasture management,Compilation of Changes
2020.08,D,Y02A 40/75,Y02A 40/75,"Environmental control in livestock or poultry housing, e.g. of temperature or humidity","Environmental control in livestock or poultry housing, e.g. of temperature or humidity",Compilation of Changes
2020.08,M,Y02A 40/76,Y02A 40/76,using renewable energy,using renewable energy,Compilation of Changes
2020.08,D,Y02A 40/78,Y02A 40/78,"Livestock or poultry disease management, wherein the disease is affected by climate change","Livestock or poultry disease management, wherein the disease is affected by climate change",Compilation of Changes
2020.08,T,Y02A 40/08,Y02A 40/08,in fisheries management,in fisheries management,Compilation of Changes
2020.08,T,Y02A 40/81,Y02A 40/81,"Aquaculture, i.e. culture of aquatic animalse.g. of fish","Aquaculture, i.e. culture of aquatic animalse.g. of fish",Compilation of Changes
2020.08,D,Y02A 40/812,Y02A 40/812,of fish,of fish,Compilation of Changes
2020.08,D,Y02A 40/814,Y02A 40/814,Prevention or treatment of fish diseases,Prevention or treatment of fish diseases,Compilation of Changes
2020.08,D,Y02A 40/816,Y02A 40/816,"Hatching, e.g. incubators","Hatching, e.g. incubators",Compilation of Changes
2020.08,M,Y02A 40/818,Y02A 40/818,"Alternative feeds for fish aquaculture, e.g. in aquacultures","Alternative feeds for fish aquaculture, e.g. in aquacultures",Compilation of Changes
2020.08,D,Y02A 40/82,Y02A 40/82,of shellfish,of shellfish,Compilation of Changes
2020.08,D,Y02A 40/822,Y02A 40/822,"of bivalves, e.g. oysters or mussels","of bivalves, e.g. oysters or mussels",Compilation of Changes
2020.08,D,Y02A 40/824,Y02A 40/824,"of crustaceans, e.g. lobsters or shrimps","of crustaceans, e.g. lobsters or shrimps",Compilation of Changes
2020.08,D,Y02A 40/826,Y02A 40/826,"Floating cultivation devices, e.g. rafts or floating fish-farms","Floating cultivation devices, e.g. rafts or floating fish-farms",Compilation of Changes
2020.08,D,Y02A 40/828,Y02A 40/828,Connecting or mooring devices therefor,Connecting or mooring devices therefor,Compilation of Changes
2020.08,D,Y02A 40/83,Y02A 40/83,Artificial fishing banks or reefs,Artificial fishing banks or reefs,Compilation of Changes
2020.08,D,Y02A 40/832,Y02A 40/832,made of tyres,made of tyres,Compilation of Changes
2020.08,D,Y02A 40/834,Y02A 40/834,assembled of components,assembled of components,Compilation of Changes
2020.08,D,Y02A 40/836,Y02A 40/836,floating,floating,Compilation of Changes
2020.08,D,Y02A 40/838,Y02A 40/838,"of monolithic form, e.g. blocks","of monolithic form, e.g. blocks",Compilation of Changes
2020.08,D,Y02A 40/84,Y02A 40/84,Arrangements for sinking or mooring thereof,Arrangements for sinking or mooring thereof,Compilation of Changes
2020.08,D,Y02A 40/845,Y02A 40/845,Feeding devices,Feeding devices,Compilation of Changes
2020.08,D,Y02A 40/86,Y02A 40/86,Information Technologies [IT] supporting fishing,Information Technologies [IT] supporting fishing,Compilation of Changes
2020.08,D,Y02A 40/88,Y02A 40/88,Seaweed farming; Management of sea grass beds,Seaweed farming; Management of sea grass beds,Compilation of Changes
2020.08,T,Y02A 40/09,Y02A 40/09,"in food processing or handling, e.g. food conservation","in food processing or handling, e.g. food conservation",Compilation of Changes
2020.08,D,Y02A 40/92,Y02A 40/92,in food processing,in food processing,Compilation of Changes
2020.08,D,Y02A 40/922,Y02A 40/922,Technologies for reducing water consumption,Technologies for reducing water consumption,Compilation of Changes
2020.08,M,Y02A 40/924,Y02A 40/924,using renewable energies,using renewable energies,Compilation of Changes
2020.08,M,Y02A 40/926,Y02A 40/926,Cooking stoves or furnaces using solar heat,Cooking stoves or furnaces using solar heat,Compilation of Changes
2020.08,M,Y02A 40/928,Y02A 40/928,Cooking stoves using biomass,Cooking stoves using biomass,Compilation of Changes
2020.08,D,Y02A 40/94,Y02A 40/94,relating to food conservation,relating to food conservation,Compilation of Changes
2020.08,D,Y02A 40/941,Y02A 40/941,using natural products,using natural products,Compilation of Changes
2020.08,D,Y02A 40/942,Y02A 40/942,using natural sugars,using natural sugars,Compilation of Changes
2020.08,D,Y02A 40/943,Y02A 40/943,"using natural acids, e.g. vinegar, citric","using natural acids, e.g. vinegar, citric",Compilation of Changes
2020.08,D,Y02A 40/944,Y02A 40/944,using vegetal oils,using vegetal oils,Compilation of Changes
2020.08,D,Y02A 40/945,Y02A 40/945,Salt based conservation,Salt based conservation,Compilation of Changes
2020.08,D,Y02A 40/946,Y02A 40/946,using brine,using brine,Compilation of Changes
2020.08,D,Y02A 40/947,Y02A 40/947,Off-grid thermal processing,Off-grid thermal processing,Compilation of Changes
2020.08,D,Y02A 40/948,Y02A 40/948,Sun drying,Sun drying,Compilation of Changes
2020.08,D,Y02A 40/949,Y02A 40/949,Food smoking,Food smoking,Compilation of Changes
2020.08,D,Y02A 40/95,Y02A 40/95,of edible seeds,of edible seeds,Compilation of Changes
2020.08,D,Y02A 40/96,Y02A 40/96,relating to food management or storing,relating to food management or storing,Compilation of Changes
2020.08,D,Y02A 40/961,Y02A 40/961,"Biopackaging, e.g. packaging containers made from renewable materials, bioplastics or biodegradable materials","Biopackaging, e.g. packaging containers made from renewable materials, bioplastics or biodegradable materials",Compilation of Changes
2020.08,D,Y02A 40/962,Y02A 40/962,Wood Barrels,Wood Barrels,Compilation of Changes
2020.08,T,Y02A 40/963,Y02A 40/963,Off-grid food refrigeration,Off-grid food refrigeration,Compilation of Changes
2020.08,D,Y02A 40/964,Y02A 40/964,Devices using naturally cold air or forced air convection,Devices using naturally cold air or forced air convection,Compilation of Changes
2020.08,D,Y02A 40/965,Y02A 40/965,Devices using heat pumps,Devices using heat pumps,Compilation of Changes
2020.08,M,Y02A 40/966,Y02A 40/966,Powered by renewable energy sources,Powered by renewable energy sources,Compilation of Changes
2020.08,D,Y02A 40/967,Y02A 40/967,"using waste heat, e.g. from an internal combustion engine","using waste heat, e.g. from an internal combustion engine",Compilation of Changes
2020.08,D,Y02A 40/968,Y02A 40/968,using ice,using ice,Compilation of Changes
2020.08,T,Y02A 50/00,Y02A 50/00,"in human health protection, e.g. against extreme weather","in human health protection, e.g. against extreme weather",Compilation of Changes
2020.08,D,Y02A 50/01,Y02A 50/01,against extreme weather events,against extreme weather events,Compilation of Changes
2020.08,D,Y02A 50/12,Y02A 50/12,Early warning systems for extreme weather events,Early warning systems for extreme weather events,Compilation of Changes
2020.08,D,Y02A 50/14,Y02A 50/14,Storm shelters or storm cellars,Storm shelters or storm cellars,Compilation of Changes
2020.08,D,Y02A 50/16,Y02A 50/16,Landslide or mudflow monitoring or protecting systems,Landslide or mudflow monitoring or protecting systems,Compilation of Changes
2020.08,T,Y02A 50/02,Y02A 50/02,"Air quality improvement or preservation, e.g. vehicle emission control or emission reduction by using catalytic converters","Air quality improvement or preservation, e.g. vehicle emission control or emission reduction by using catalytic converters",Compilation of Changes
2020.08,D,Y02A 50/21,Y02A 50/21,"Mechanical or electrostatic filtering in heating, ventilation or air conditioning [HVAC]","Mechanical or electrostatic filtering in heating, ventilation or air conditioning [HVAC]",Compilation of Changes
2020.08,D,Y02A 50/22,Y02A 50/22,Air sterilisation or disinfection,Air sterilisation or disinfection,Compilation of Changes
2020.08,D,Y02A 50/23,Y02A 50/23,Emission reduction or control,Emission reduction or control,Compilation of Changes
2020.08,D,Y02A 50/232,Y02A 50/232,Catalytic converters,Catalytic converters,Compilation of Changes
2020.08,D,Y02A 50/2322,Y02A 50/2322,for exhaust after-treatment of internal combustion engines in vehicles,for exhaust after-treatment of internal combustion engines in vehicles,Compilation of Changes
2020.08,D,Y02A 50/2324,Y02A 50/2324,"Three way catalysts, i.e. for controlled oxidation or reduction of exhaust gases, e.g. stoichiometric equivalence ratio","Three way catalysts, i.e. for controlled oxidation or reduction of exhaust gases, e.g. stoichiometric equivalence ratio",Compilation of Changes
2020.08,D,Y02A 50/2325,Y02A 50/2325,Selective Catalytic Reactors [SCR],Selective Catalytic Reactors [SCR],Compilation of Changes
2020.08,D,Y02A 50/2326,Y02A 50/2326,for industrial applications,for industrial applications,Compilation of Changes
2020.08,D,Y02A 50/2327,Y02A 50/2327,"in chemical or petrochemical processes,","in chemical or petrochemical processes,",Compilation of Changes
2020.08,D,Y02A 50/2328,Y02A 50/2328,Burners or incinerators e.g. of waste or waste gases,Burners or incinerators e.g. of waste or waste gases,Compilation of Changes
2020.08,D,Y02A 50/234,Y02A 50/234,"Physical or chemical processes, e.g. absorption, adsorption or filtering, characterised by the type of pollutant","Physical or chemical processes, e.g. absorption, adsorption or filtering, characterised by the type of pollutant",Compilation of Changes
2020.08,D,Y02A 50/2341,Y02A 50/2341,Carbon monoxide [CO],Carbon monoxide [CO],Compilation of Changes
2020.08,D,Y02A 50/2342,Y02A 50/2342,Carbon dioxide [CO2],Carbon dioxide [CO2],Compilation of Changes
2020.08,D,Y02A 50/2343,Y02A 50/2343,Lead [Pb],Lead [Pb],Compilation of Changes
2020.08,D,Y02A 50/2344,Y02A 50/2344,Nitrogen oxides [NOx],Nitrogen oxides [NOx],Compilation of Changes
2020.08,D,Y02A 50/2345,Y02A 50/2345,Nitrogen dioxide [NO2],Nitrogen dioxide [NO2],Compilation of Changes
2020.08,D,Y02A 50/2346,Y02A 50/2346,Ammonia [NH3],Ammonia [NH3],Compilation of Changes
2020.08,D,Y02A 50/2347,Y02A 50/2347,Ground-level ozone,Ground-level ozone,Compilation of Changes
2020.08,D,Y02A 50/2348,Y02A 50/2348,Sulfur oxides [SOx],Sulfur oxides [SOx],Compilation of Changes
2020.08,D,Y02A 50/2349,Y02A 50/2349,Sulfur dioxide [SO2],Sulfur dioxide [SO2],Compilation of Changes
2020.08,D,Y02A 50/235,Y02A 50/235,Volatile organic compounds [VOC],Volatile organic compounds [VOC],Compilation of Changes
2020.08,T,Y02A 50/2351,Y02A 50/2351,"Atmospheric particulate matter [PM], e.g. carbon smoke microparticles, smog, aerosol particles, dust","Atmospheric particulate matter [PM], e.g. carbon smoke microparticles, smog, aerosol particles, dust",Compilation of Changes
2020.08,D,Y02A 50/2352,Y02A 50/2352,"the particulate matter coming from a source on-board a vehicle, e.g. removed by diesel particulate filters [DPF]","the particulate matter coming from a source on-board a vehicle, e.g. removed by diesel particulate filters [DPF]",Compilation of Changes
2020.08,D,Y02A 50/2353,Y02A 50/2353,"the particulate matter coming from stationary sources, e.g. power plants, steel mills, smelters, cement plants, refineries or incinerators","the particulate matter coming from stationary sources, e.g. power plants, steel mills, smelters, cement plants, refineries or incinerators",Compilation of Changes
2020.08,D,Y02A 50/2354,Y02A 50/2354,Cyclones,Cyclones,Compilation of Changes
2020.08,D,Y02A 50/2355,Y02A 50/2355,Filters,Filters,Compilation of Changes
2020.08,D,Y02A 50/2356,Y02A 50/2356,"Scrubbers, spray chambers, pack towers","Scrubbers, spray chambers, pack towers",Compilation of Changes
2020.08,D,Y02A 50/2357,Y02A 50/2357,Electrostatic precipitators,Electrostatic precipitators,Compilation of Changes
2020.08,D,Y02A 50/2358,Y02A 50/2358,Biological purification of waste gases,Biological purification of waste gases,Compilation of Changes
2020.08,D,Y02A 50/2359,Y02A 50/2359,with gas-solid contact,with gas-solid contact,Compilation of Changes
2020.08,D,Y02A 50/24,Y02A 50/24,Pollution monitoring,Pollution monitoring,Compilation of Changes
2020.08,D,Y02A 50/241,Y02A 50/241,specially adapted for public areas,specially adapted for public areas,Compilation of Changes
2020.08,D,Y02A 50/242,Y02A 50/242,characterized by the pollutant,characterized by the pollutant,Compilation of Changes
2020.08,D,Y02A 50/243,Y02A 50/243,Carbon monoxide [CO],Carbon monoxide [CO],Compilation of Changes
2020.08,D,Y02A 50/244,Y02A 50/244,Carbon dioxide [CO2],Carbon dioxide [CO2],Compilation of Changes
2020.08,D,Y02A 50/245,Y02A 50/245,Nitrogen Oxides [NOx],Nitrogen Oxides [NOx],Compilation of Changes
2020.08,D,Y02A 50/246,Y02A 50/246,Ammonia [NH3],Ammonia [NH3],Compilation of Changes
2020.08,D,Y02A 50/247,Y02A 50/247,Ozone [O3],Ozone [O3],Compilation of Changes
2020.08,D,Y02A 50/248,Y02A 50/248,Sulfur oxides [SOx],Sulfur oxides [SOx],Compilation of Changes
2020.08,D,Y02A 50/249,Y02A 50/249,Volatile Organic Compounds [VOC],Volatile Organic Compounds [VOC],Compilation of Changes
2020.08,D,Y02A 50/25,Y02A 50/25,"Atmospheric particulate matter [PM] e.g. carbon smoke microparticles, smog, aerosol particles, dust","Atmospheric particulate matter [PM] e.g. carbon smoke microparticles, smog, aerosol particles, dust",Compilation of Changes
2020.08,T,Y02A 50/03,Y02A 50/03,"Against vector-borne diseases, e.g. mosquito-borne, fly-borne, tick-borne or waterborne diseases whose impact is exacerbated by climate change","Against vector-borne diseases, e.g. mosquito-borne, fly-borne, tick-borne or waterborne diseases whose impact is exacerbated by climate change",Compilation of Changes
2020.08,D,Y02A 50/31,Y02A 50/31,Vector control,Vector control,Compilation of Changes
2020.08,D,Y02A 50/32,Y02A 50/32,"using natural substances as pesticides or insecticides, for fighting the disease vector","using natural substances as pesticides or insecticides, for fighting the disease vector",Compilation of Changes
2020.08,D,Y02A 50/321,Y02A 50/321,characterised by the vector,characterised by the vector,Compilation of Changes
2020.08,D,Y02A 50/322,Y02A 50/322,Ticks,Ticks,Compilation of Changes
2020.08,D,Y02A 50/323,Y02A 50/323,Insects,Insects,Compilation of Changes
2020.08,D,Y02A 50/324,Y02A 50/324,"Stink bugs, bed bugs, kissing bugs or triatomine bugs","Stink bugs, bed bugs, kissing bugs or triatomine bugs",Compilation of Changes
2020.08,D,Y02A 50/325,Y02A 50/325,"Chigoe or jigger fleas, cat fleas, moorhen fleas or rat fleas","Chigoe or jigger fleas, cat fleas, moorhen fleas or rat fleas",Compilation of Changes
2020.08,D,Y02A 50/326,Y02A 50/326,"Sand flies, black flies or Tsetse flies","Sand flies, black flies or Tsetse flies",Compilation of Changes
2020.08,D,Y02A 50/327,Y02A 50/327,Mosquitos,Mosquitos,Compilation of Changes
2020.08,D,Y02A 50/328,Y02A 50/328,Aedes,Aedes,Compilation of Changes
2020.08,D,Y02A 50/329,Y02A 50/329,Culex,Culex,Compilation of Changes
2020.08,D,Y02A 50/33,Y02A 50/33,Anopheles; Culiseta; Mansonia; Psorophora,Anopheles; Culiseta; Mansonia; Psorophora,Compilation of Changes
2020.08,D,Y02A 50/331,Y02A 50/331,"Snails of the genus Biomphalaria, Oncomelania or Bulinus","Snails of the genus Biomphalaria, Oncomelania or Bulinus",Compilation of Changes
2020.08,D,Y02A 50/332,Y02A 50/332,characterised by the natural substance,characterised by the natural substance,Compilation of Changes
2020.08,D,Y02A 50/333,Y02A 50/333,"Substances of botanical origin, e.g. essential oils, waxes, flowers, seeds, leafs or wood","Substances of botanical origin, e.g. essential oils, waxes, flowers, seeds, leafs or wood",Compilation of Changes
2020.08,D,Y02A 50/334,Y02A 50/334,"Plant oils, i.e. vegetable or essential oils","Plant oils, i.e. vegetable or essential oils",Compilation of Changes
2020.08,D,Y02A 50/335,Y02A 50/335,Canola oil,Canola oil,Compilation of Changes
2020.08,D,Y02A 50/336,Y02A 50/336,Castor oil,Castor oil,Compilation of Changes
2020.08,D,Y02A 50/337,Y02A 50/337,"Catnip oil, e.g. nepetalactone","Catnip oil, e.g. nepetalactone",Compilation of Changes
2020.08,D,Y02A 50/338,Y02A 50/338,Cedar oil,Cedar oil,Compilation of Changes
2020.08,D,Y02A 50/339,Y02A 50/339,Cinnamon oil,Cinnamon oil,Compilation of Changes
2020.08,D,Y02A 50/34,Y02A 50/34,Citronella oil,Citronella oil,Compilation of Changes
2020.08,D,Y02A 50/341,Y02A 50/341,Coconut oil,Coconut oil,Compilation of Changes
2020.08,D,Y02A 50/342,Y02A 50/342,Eucalyptus oil,Eucalyptus oil,Compilation of Changes
2020.08,D,Y02A 50/343,Y02A 50/343,Lemon oil,Lemon oil,Compilation of Changes
2020.08,D,Y02A 50/344,Y02A 50/344,Geranium oil,Geranium oil,Compilation of Changes
2020.08,D,Y02A 50/345,Y02A 50/345,Mustard oil,Mustard oil,Compilation of Changes
2020.08,D,Y02A 50/346,Y02A 50/346,"Neem oil, e.g. Azadirachtin","Neem oil, e.g. Azadirachtin",Compilation of Changes
2020.08,D,Y02A 50/347,Y02A 50/347,Orange oil,Orange oil,Compilation of Changes
2020.08,D,Y02A 50/348,Y02A 50/348,Soybean oil,Soybean oil,Compilation of Changes
2020.08,D,Y02A 50/349,Y02A 50/349,Camphor,Camphor,Compilation of Changes
2020.08,D,Y02A 50/35,Y02A 50/35,Garlic,Garlic,Compilation of Changes
2020.08,D,Y02A 50/351,Y02A 50/351,Pepper,Pepper,Compilation of Changes
2020.08,D,Y02A 50/352,Y02A 50/352,Rotenone,Rotenone,Compilation of Changes
2020.08,D,Y02A 50/353,Y02A 50/353,Tobacco or nicotine,Tobacco or nicotine,Compilation of Changes
2020.08,D,Y02A 50/354,Y02A 50/354,"Pyrethrum, e.g. Chrysanthemum cinerariifolium","Pyrethrum, e.g. Chrysanthemum cinerariifolium",Compilation of Changes
2020.08,D,Y02A 50/356,Y02A 50/356,"Fermented microbes, e.g. abermectins or spinosad","Fermented microbes, e.g. abermectins or spinosad",Compilation of Changes
2020.08,D,Y02A 50/357,Y02A 50/357,Substances of mineral origin,Substances of mineral origin,Compilation of Changes
2020.08,D,Y02A 50/358,Y02A 50/358,Sulfur,Sulfur,Compilation of Changes
2020.08,D,Y02A 50/359,Y02A 50/359,Kaolin; Diatomaceous earth,Kaolin; Diatomaceous earth,Compilation of Changes
2020.08,D,Y02A 50/36,Y02A 50/36,Natural soaps,Natural soaps,Compilation of Changes
2020.08,D,Y02A 50/37,Y02A 50/37,"Means for catching or killing the vector, e.g. traps or nets","Means for catching or killing the vector, e.g. traps or nets",Compilation of Changes
2020.08,D,Y02A 50/371,Y02A 50/371,the vector being mosquitos,the vector being mosquitos,Compilation of Changes
2020.08,D,Y02A 50/372,Y02A 50/372,Impregnated bed nets; Long-lasting insecticidal bed nets [LLINs],Impregnated bed nets; Long-lasting insecticidal bed nets [LLINs],Compilation of Changes
2020.08,D,Y02A 50/373,Y02A 50/373,the vector being flies,the vector being flies,Compilation of Changes
2020.08,D,Y02A 50/374,Y02A 50/374,"the vector being stink bugs, kissing bugs, triatomine bugs or fleas","the vector being stink bugs, kissing bugs, triatomine bugs or fleas",Compilation of Changes
2020.08,D,Y02A 50/375,Y02A 50/375,the vector being ticks,the vector being ticks,Compilation of Changes
2020.08,D,Y02A 50/38,Y02A 50/38,Medical treatment of vector-borne diseases characterised by the agent,Medical treatment of vector-borne diseases characterised by the agent,Compilation of Changes
2020.08,D,Y02A 50/381,Y02A 50/381,the vector-borne disease being caused by a virus,the vector-borne disease being caused by a virus,Compilation of Changes
2020.08,D,Y02A 50/382,Y02A 50/382,"of the genus Alphavirus, i.e. Chikungunya","of the genus Alphavirus, i.e. Chikungunya",Compilation of Changes
2020.08,D,Y02A 50/383,Y02A 50/383,"the medicinal preparation containing antigens or antibodies, e.g. vaccines, antisera","the medicinal preparation containing antigens or antibodies, e.g. vaccines, antisera",Compilation of Changes
2020.08,D,Y02A 50/384,Y02A 50/384,of the genus Flavivirus,of the genus Flavivirus,Compilation of Changes
2020.08,D,Y02A 50/385,Y02A 50/385,the disease being Dengue,the disease being Dengue,Compilation of Changes
2020.08,D,Y02A 50/386,Y02A 50/386,"the medicinal preparation containing antigens or antibodies, e.g. vaccines, antisera","the medicinal preparation containing antigens or antibodies, e.g. vaccines, antisera",Compilation of Changes
2020.08,D,Y02A 50/387,Y02A 50/387,"the disease being Yellow fever, i.e. Ochropyra","the disease being Yellow fever, i.e. Ochropyra",Compilation of Changes
2020.08,D,Y02A 50/388,Y02A 50/388,"the medicinal preparation containing antigens or antibodies, e.g. vaccines, antisera","the medicinal preparation containing antigens or antibodies, e.g. vaccines, antisera",Compilation of Changes
2020.08,D,Y02A 50/389,Y02A 50/389,the disease being Japanese encephalitis,the disease being Japanese encephalitis,Compilation of Changes
2020.08,D,Y02A 50/39,Y02A 50/39,"the medicinal preparation containing antigens or antibodies, e.g. vaccines, antisera","the medicinal preparation containing antigens or antibodies, e.g. vaccines, antisera",Compilation of Changes
2020.08,D,Y02A 50/391,Y02A 50/391,the disease being Zika,the disease being Zika,Compilation of Changes
2020.08,D,Y02A 50/392,Y02A 50/392,"the medicinal preparation containing antigens or antibodies, e.g. vaccines, antisera","the medicinal preparation containing antigens or antibodies, e.g. vaccines, antisera",Compilation of Changes
2020.08,D,Y02A 50/393,Y02A 50/393,the disease being West Nile fever,the disease being West Nile fever,Compilation of Changes
2020.08,D,Y02A 50/394,Y02A 50/394,"the medicinal preparation containing antigens or antibodies, e.g. vaccines, antisera","the medicinal preparation containing antigens or antibodies, e.g. vaccines, antisera",Compilation of Changes
2020.08,D,Y02A 50/395,Y02A 50/395,the disease being Tick-borne encephalitis [TBE],the disease being Tick-borne encephalitis [TBE],Compilation of Changes
2020.08,D,Y02A 50/396,Y02A 50/396,"the medicinal preparation containing antigens or antibodies, e.g. vaccines, antisera","the medicinal preparation containing antigens or antibodies, e.g. vaccines, antisera",Compilation of Changes
2020.08,D,Y02A 50/397,Y02A 50/397,"of the genus Nairovirus, i.e. Congo-Crimean haemorrhagic fever or Rift valley fever or Hantaan haemorrhagic fever","of the genus Nairovirus, i.e. Congo-Crimean haemorrhagic fever or Rift valley fever or Hantaan haemorrhagic fever",Compilation of Changes
2020.08,D,Y02A 50/398,Y02A 50/398,the vector-borne disease being caused by a bacteria,the vector-borne disease being caused by a bacteria,Compilation of Changes
2020.08,D,Y02A 50/399,Y02A 50/399,of the genus Borrellia,of the genus Borrellia,Compilation of Changes
2020.08,D,Y02A 50/04,Y02A 50/04,"the bacteria being Borrelia crocidurae, Borrelia duttoni, Borrelia hermsii, Borrelia hispanica, Borrelia miyamotoi, Borrelia parkeri or Borrelia turicatae, i.e. relapsing fever or borreliosis","the bacteria being Borrelia crocidurae, Borrelia duttoni, Borrelia hermsii, Borrelia hispanica, Borrelia miyamotoi, Borrelia parkeri or Borrelia turicatae, i.e. relapsing fever or borreliosis",Compilation of Changes
2020.08,D,Y02A 50/401,Y02A 50/401,"the bacteria being Borrelia burgdorferi, i.e. Lyme disease or Lyme borreliosis","the bacteria being Borrelia burgdorferi, i.e. Lyme disease or Lyme borreliosis",Compilation of Changes
2020.08,D,Y02A 50/402,Y02A 50/402,"of the genus Rickettsia, Orientia, Ehrlichia, Neorickettsia, Neoehrlichia or Anaplasma, i.e. Rickettsial diseases, e.g. spotted fever","of the genus Rickettsia, Orientia, Ehrlichia, Neorickettsia, Neoehrlichia or Anaplasma, i.e. Rickettsial diseases, e.g. spotted fever",Compilation of Changes
2020.08,D,Y02A 50/403,Y02A 50/403,"the medicinal preparation containing antigens or antibodies, e.g. vaccines, antisera","the medicinal preparation containing antigens or antibodies, e.g. vaccines, antisera",Compilation of Changes
2020.08,D,Y02A 50/404,Y02A 50/404,"the bacteria being Francisella tularensis, i.e. Tularaemia","the bacteria being Francisella tularensis, i.e. Tularaemia",Compilation of Changes
2020.08,D,Y02A 50/405,Y02A 50/405,"the medicinal preparation containing antigens or antibodies, e.g. vaccines, antisera","the medicinal preparation containing antigens or antibodies, e.g. vaccines, antisera",Compilation of Changes
2020.08,D,Y02A 50/406,Y02A 50/406,"the bacteria being Yersinia pestis, i.e. Plague","the bacteria being Yersinia pestis, i.e. Plague",Compilation of Changes
2020.08,D,Y02A 50/407,Y02A 50/407,"the medicinal preparation containing antigens or antibodies, e.g. vaccines, antisera","the medicinal preparation containing antigens or antibodies, e.g. vaccines, antisera",Compilation of Changes
2020.08,D,Y02A 50/408,Y02A 50/408,the vector-borne disease being caused by a protozoa,the vector-borne disease being caused by a protozoa,Compilation of Changes
2020.08,D,Y02A 50/409,Y02A 50/409,"of the genus Leishmania i.e. Leishmaniasis, Sand-fly fever, phlebotomus fever, kala-azar, black fever or Dumdum fever","of the genus Leishmania i.e. Leishmaniasis, Sand-fly fever, phlebotomus fever, kala-azar, black fever or Dumdum fever",Compilation of Changes
2020.08,D,Y02A 50/41,Y02A 50/41,"the medicinal preparation containing antigens or antibodies, e.g. vaccines, antisera","the medicinal preparation containing antigens or antibodies, e.g. vaccines, antisera",Compilation of Changes
2020.08,D,Y02A 50/411,Y02A 50/411,"of the genus Plasmodium, i.e. Malaria","of the genus Plasmodium, i.e. Malaria",Compilation of Changes
2020.08,D,Y02A 50/412,Y02A 50/412,"the medicinal preparation containing antigens or antibodies, e.g. vaccines, antisera","the medicinal preparation containing antigens or antibodies, e.g. vaccines, antisera",Compilation of Changes
2020.08,D,Y02A 50/413,Y02A 50/413,of the genus Trypanosoma,of the genus Trypanosoma,Compilation of Changes
2020.08,D,Y02A 50/414,Y02A 50/414,the protozoa being Trypanosoma cruzi i.e. Chagas disease or American trypanosomiasis,the protozoa being Trypanosoma cruzi i.e. Chagas disease or American trypanosomiasis,Compilation of Changes
2020.08,D,Y02A 50/415,Y02A 50/415,"the protozoa being Trypanosoma brucei gambiense or Trypanosoma brucei rhodesiense, i.e. Human African trypanosomiasis or sleeping sickness","the protozoa being Trypanosoma brucei gambiense or Trypanosoma brucei rhodesiense, i.e. Human African trypanosomiasis or sleeping sickness",Compilation of Changes
2020.08,D,Y02A 50/416,Y02A 50/416,"the medicinal preparation containing antigens or antibodies, e.g. vaccines, antisera","the medicinal preparation containing antigens or antibodies, e.g. vaccines, antisera",Compilation of Changes
2020.08,D,Y02A 50/417,Y02A 50/417,"the vector-borne disease being caused by a helminth, i.e. Helmanthiasis","the vector-borne disease being caused by a helminth, i.e. Helmanthiasis",Compilation of Changes
2020.08,D,Y02A 50/418,Y02A 50/418,of the phylum nematoda,of the phylum nematoda,Compilation of Changes
2020.08,D,Y02A 50/419,Y02A 50/419,"the nematode being Dracunculus medinensis or Guinea worm, i.e. Dracunculiasis","the nematode being Dracunculus medinensis or Guinea worm, i.e. Dracunculiasis",Compilation of Changes
2020.08,D,Y02A 50/42,Y02A 50/42,the nematode being a filarial worm,the nematode being a filarial worm,Compilation of Changes
2020.08,D,Y02A 50/421,Y02A 50/421,"the filarial worm being Wuchereria bancrofti, brugia malayi or Brugia timor, i.e. Lymphatic filariasis","the filarial worm being Wuchereria bancrofti, brugia malayi or Brugia timor, i.e. Lymphatic filariasis",Compilation of Changes
2020.08,D,Y02A 50/422,Y02A 50/422,"the filarial worm being Onchocerca volvulus, i.e. Onchocerciasis or river blindness","the filarial worm being Onchocerca volvulus, i.e. Onchocerciasis or river blindness",Compilation of Changes
2020.08,D,Y02A 50/423,Y02A 50/423,"the helminth being a trematode flatworm of the genus Schistosoma, i.e. Schistosomiasis or bilharziasis","the helminth being a trematode flatworm of the genus Schistosoma, i.e. Schistosomiasis or bilharziasis",Compilation of Changes
2020.08,D,Y02A 50/45,Y02A 50/45,Means for preventing water-borne diseases,Means for preventing water-borne diseases,Compilation of Changes
2020.08,D,Y02A 50/451,Y02A 50/451,Genetic or molecular screening of pathogens,Genetic or molecular screening of pathogens,Compilation of Changes
2020.08,D,Y02A 50/452,Y02A 50/452,Non water-based sanitation,Non water-based sanitation,Compilation of Changes
2020.08,D,Y02A 50/453,Y02A 50/453,Pit latrines,Pit latrines,Compilation of Changes
2020.08,D,Y02A 50/454,Y02A 50/454,Dry closets e.g. incinerator closets,Dry closets e.g. incinerator closets,Compilation of Changes
2020.08,D,Y02A 50/455,Y02A 50/455,"having means for adding powder, e.g. earth","having means for adding powder, e.g. earth",Compilation of Changes
2020.08,D,Y02A 50/456,Y02A 50/456,Chemical toilets,Chemical toilets,Compilation of Changes
2020.08,D,Y02A 50/46,Y02A 50/46,Medical treatment of waterborne diseases characterized by the agent,Medical treatment of waterborne diseases characterized by the agent,Compilation of Changes
2020.08,D,Y02A 50/462,Y02A 50/462,The waterborne disease being caused by a virus,The waterborne disease being caused by a virus,Compilation of Changes
2020.08,D,Y02A 50/463,Y02A 50/463,the virus being the Hepatitis A virus [HAV],the virus being the Hepatitis A virus [HAV],Compilation of Changes
2020.08,D,Y02A 50/464,Y02A 50/464,"the medicinal preparation containing antigens or antibodies, e.g. vaccines, antisera","the medicinal preparation containing antigens or antibodies, e.g. vaccines, antisera",Compilation of Changes
2020.08,D,Y02A 50/465,Y02A 50/465,"the virus being the poliovirus, i.e. Poliomyelitis or Polio","the virus being the poliovirus, i.e. Poliomyelitis or Polio",Compilation of Changes
2020.08,D,Y02A 50/466,Y02A 50/466,"the medicinal preparation containing antigens or antibodies, e.g. vaccines, antisera","the medicinal preparation containing antigens or antibodies, e.g. vaccines, antisera",Compilation of Changes
2020.08,D,Y02A 50/467,Y02A 50/467,"of the genus Polyomavirus: JC virus or BK virus, i.e. Polyomavirus infection","of the genus Polyomavirus: JC virus or BK virus, i.e. Polyomavirus infection",Compilation of Changes
2020.08,D,Y02A 50/468,Y02A 50/468,The waterborne disease being caused by a bacteria,The waterborne disease being caused by a bacteria,Compilation of Changes
2020.08,D,Y02A 50/469,Y02A 50/469,"the bacteria being clostridium botulinum, i.e. Botulism","the bacteria being clostridium botulinum, i.e. Botulism",Compilation of Changes
2020.08,D,Y02A 50/47,Y02A 50/47,"the bacteria being Campylobacter jejuni, i.e. Campylobacteriosis","the bacteria being Campylobacter jejuni, i.e. Campylobacteriosis",Compilation of Changes
2020.08,D,Y02A 50/471,Y02A 50/471,"the bacteria being Vibrio cholerae, i.e. Cholera","the bacteria being Vibrio cholerae, i.e. Cholera",Compilation of Changes
2020.08,D,Y02A 50/472,Y02A 50/472,"the medicinal preparation containing antigens or antibodies, e.g. vaccines, antisera","the medicinal preparation containing antigens or antibodies, e.g. vaccines, antisera",Compilation of Changes
2020.08,D,Y02A 50/473,Y02A 50/473,"the bacteria being Escherichia coli, i.e. E. coli Infection","the bacteria being Escherichia coli, i.e. E. coli Infection",Compilation of Changes
2020.08,D,Y02A 50/474,Y02A 50/474,"the medicinal preparation containing antigens or antibodies, e.g. vaccines, antisera","the medicinal preparation containing antigens or antibodies, e.g. vaccines, antisera",Compilation of Changes
2020.08,D,Y02A 50/475,Y02A 50/475,"of the genus Shigella, i.e. Dysentery","of the genus Shigella, i.e. Dysentery",Compilation of Changes
2020.08,D,Y02A 50/476,Y02A 50/476,"the medicinal preparation containing antigens or antibodies, e.g. vaccines, antisera","the medicinal preparation containing antigens or antibodies, e.g. vaccines, antisera",Compilation of Changes
2020.08,D,Y02A 50/478,Y02A 50/478,"of the genus Legionella, i.e. Legionellosis or Legionnaires' disease","of the genus Legionella, i.e. Legionellosis or Legionnaires' disease",Compilation of Changes
2020.08,D,Y02A 50/479,Y02A 50/479,"of the genus Leptospira, i.e. Leptospirosis","of the genus Leptospira, i.e. Leptospirosis",Compilation of Changes
2020.08,D,Y02A 50/48,Y02A 50/48,"the medicinal preparation containing antigens or antibodies, e.g. vaccines, antisera","the medicinal preparation containing antigens or antibodies, e.g. vaccines, antisera",Compilation of Changes
2020.08,D,Y02A 50/481,Y02A 50/481,"of the genus Salmonella, i.e. Salmonellosis","of the genus Salmonella, i.e. Salmonellosis",Compilation of Changes
2020.08,D,Y02A 50/482,Y02A 50/482,"the medicinal preparation containing antigens or antibodies, e.g. vaccines, antisera","the medicinal preparation containing antigens or antibodies, e.g. vaccines, antisera",Compilation of Changes
2020.08,D,Y02A 50/483,Y02A 50/483,"the bacteria being Salmonella typhi, i.e. Typhoid fever","the bacteria being Salmonella typhi, i.e. Typhoid fever",Compilation of Changes
2020.08,D,Y02A 50/484,Y02A 50/484,"the medicinal preparation containing antigens or antibodies, e.g. vaccines, antisera","the medicinal preparation containing antigens or antibodies, e.g. vaccines, antisera",Compilation of Changes
2020.08,D,Y02A 50/485,Y02A 50/485,The waterborne disease being caused by a protozoa,The waterborne disease being caused by a protozoa,Compilation of Changes
2020.08,D,Y02A 50/486,Y02A 50/486,"the protozoan being Entamoeba histolytica, i.e. Amoebiasis","the protozoan being Entamoeba histolytica, i.e. Amoebiasis",Compilation of Changes
2020.08,D,Y02A 50/487,Y02A 50/487,"the medicinal preparation containing antigens or antibodies, e.g. vaccines, antisera","the medicinal preparation containing antigens or antibodies, e.g. vaccines, antisera",Compilation of Changes
2020.08,D,Y02A 50/488,Y02A 50/488,"the protozoan being Cryptosporidium parvum, i.e. Cryptosporidiosis","the protozoan being Cryptosporidium parvum, i.e. Cryptosporidiosis",Compilation of Changes
2020.08,D,Y02A 50/489,Y02A 50/489,"the medicinal preparation containing antigens or antibodies, e.g. vaccines, antisera","the medicinal preparation containing antigens or antibodies, e.g. vaccines, antisera",Compilation of Changes
2020.08,D,Y02A 50/49,Y02A 50/49,"the protozoan being Cyclospora cayetanensis, i.e. Cyclosporiasis","the protozoan being Cyclospora cayetanensis, i.e. Cyclosporiasis",Compilation of Changes
2020.08,D,Y02A 50/491,Y02A 50/491,"the protozoan being Giardia lamblia or Giardia intestinalis, i.e. Giardiasis","the protozoan being Giardia lamblia or Giardia intestinalis, i.e. Giardiasis",Compilation of Changes
2020.08,D,Y02A 50/492,Y02A 50/492,"of the phylum Microsporidia, i.e. Microsporidiosis","of the phylum Microsporidia, i.e. Microsporidiosis",Compilation of Changes
2020.08,D,Y02A 50/05,Y02A 50/05,"Chemical or biological analysis of biological material for identifying the disease, e.g. blood or urine testing, rapid diagnostic tests [RTDs] or immunological testing","Chemical or biological analysis of biological material for identifying the disease, e.g. blood or urine testing, rapid diagnostic tests [RTDs] or immunological testing",Compilation of Changes
2020.08,D,Y02A 50/51,Y02A 50/51,the disease being Chikungunya fever,the disease being Chikungunya fever,Compilation of Changes
2020.08,D,Y02A 50/52,Y02A 50/52,the disease being Cholera,the disease being Cholera,Compilation of Changes
2020.08,D,Y02A 50/53,Y02A 50/53,the disease being Dengue fever,the disease being Dengue fever,Compilation of Changes
2020.08,D,Y02A 50/54,Y02A 50/54,the disease being Hepatitis A,the disease being Hepatitis A,Compilation of Changes
2020.08,D,Y02A 50/55,Y02A 50/55,"the disease being Leishmaniasis, Sand-fly fever, phlebotomus fever, kala-azar, black fever or Dumdum fever","the disease being Leishmaniasis, Sand-fly fever, phlebotomus fever, kala-azar, black fever or Dumdum fever",Compilation of Changes
2020.08,D,Y02A 50/56,Y02A 50/56,the disease being Leptospirosis,the disease being Leptospirosis,Compilation of Changes
2020.08,D,Y02A 50/57,Y02A 50/57,the disease being Lyme disease or Lyme borreliosis,the disease being Lyme disease or Lyme borreliosis,Compilation of Changes
2020.08,D,Y02A 50/58,Y02A 50/58,the disease being Malaria,the disease being Malaria,Compilation of Changes
2020.08,D,Y02A 50/59,Y02A 50/59,the disease being Typhus or typhoid fever,the disease being Typhus or typhoid fever,Compilation of Changes
2020.08,D,Y02A 50/06,Y02A 50/06,the disease being Yellow fever or Ochropyra,the disease being Yellow fever or Ochropyra,Compilation of Changes
2020.08,U,Y02A 90/00,Y02A 90/00,Technologies having an indirect contribution to adaptation to climate change,Technologies having an indirect contribution to adaptation to climate change,Compilation of Changes
2020.08,T,Y02A 90/01,Y02A 90/01,"Information and communication technologies [ICT] supporting adaptation to climate change., e.g. for weather forecasting or climate simulation","Information and communication technologies [ICT] supporting adaptation to climate change., e.g. for weather forecasting or climate simulation",Compilation of Changes
2020.08,D,Y02A 90/12,Y02A 90/12,"Specially adapted for meteorology, e.g. weather forecasting, climate modelling","Specially adapted for meteorology, e.g. weather forecasting, climate modelling",Compilation of Changes
2020.08,D,Y02A 90/13,Y02A 90/13,Monitoring or forecasting for establishing the amount of global warming,Monitoring or forecasting for establishing the amount of global warming,Compilation of Changes
2020.08,D,Y02A 90/14,Y02A 90/14,Real-time meteorological measuring,Real-time meteorological measuring,Compilation of Changes
2020.08,D,Y02A 90/15,Y02A 90/15,"Weather or climate specific geographic information systems [GIS], databases or models","Weather or climate specific geographic information systems [GIS], databases or models",Compilation of Changes
2020.08,D,Y02A 90/16,Y02A 90/16,Climate simulation; Climate scenario development,Climate simulation; Climate scenario development,Compilation of Changes
2020.08,D,Y02A 90/17,Y02A 90/17,Weather surveillance systems using the reflection or reradiation of electromagnetic waves,Weather surveillance systems using the reflection or reradiation of electromagnetic waves,Compilation of Changes
2020.08,D,Y02A 90/18,Y02A 90/18,Radar-based,Radar-based,Compilation of Changes
2020.08,D,Y02A 90/19,Y02A 90/19,Based on light detection and ranging [LIDAR] systems,Based on light detection and ranging [LIDAR] systems,Compilation of Changes
2020.08,D,Y02A 90/02,Y02A 90/02,"specially adapted for the handling or processing of medical or healthcare data, relating to climate change","specially adapted for the handling or processing of medical or healthcare data, relating to climate change",Compilation of Changes
2020.08,D,Y02A 90/22,Y02A 90/22,"for administrative, organizational or management aspects influenced by climate change adaptation","for administrative, organizational or management aspects influenced by climate change adaptation",Compilation of Changes
2020.08,D,Y02A 90/24,Y02A 90/24,"for detecting, monitoring or modelling of medical or healthcare patterns in geographical or climatic regions, e.g. epidemics or pandemics","for detecting, monitoring or modelling of medical or healthcare patterns in geographical or climatic regions, e.g. epidemics or pandemics",Compilation of Changes
2020.08,D,Y02A 90/26,Y02A 90/26,"for diagnosis or treatment, for medical simulation or for handling medical devices","for diagnosis or treatment, for medical simulation or for handling medical devices",Compilation of Changes
2020.08,T,Y02A 90/03,Y02A 90/03,Assessment of water resources,Assessment of water resources,Compilation of Changes
2020.08,D,Y02A 90/32,Y02A 90/32,"based on topography, e.g. mapping, location, large scale investigation of water resources or satellite or aerial imagery","based on topography, e.g. mapping, location, large scale investigation of water resources or satellite or aerial imagery",Compilation of Changes
2020.08,D,Y02A 90/34,Y02A 90/34,Hydrogeology; Hydrogeophysics,Hydrogeology; Hydrogeophysics,Compilation of Changes
2020.08,D,Y02A 90/342,Y02A 90/342,by measuring electric resistivity,by measuring electric resistivity,Compilation of Changes
2020.08,D,Y02A 90/344,Y02A 90/344,by measuring magnetic field strength,by measuring magnetic field strength,Compilation of Changes
2020.08,D,Y02A 90/36,Y02A 90/36,Seismic methods or vibration analysis,Seismic methods or vibration analysis,Compilation of Changes
2020.08,U,Y02A 90/04,Y02A 90/04,Monitoring or fighting invasive species,Monitoring or fighting invasive species,Compilation of Changes
2020.08,U,Y02B 10/00,Y02B 10/00,Integration of renewable energy sources in buildings,Integration of renewable energy sources in buildings,Compilation of Changes
2020.08,T,Y02B 10/01,Y02B 10/01,Photovoltaic [PV],Photovoltaic [PV],Compilation of Changes
2020.08,D,Y02B 10/12,Y02B 10/12,Roof systems for PV cells,Roof systems for PV cells,Compilation of Changes
2020.08,D,Y02B 10/14,Y02B 10/14,PV hubs,PV hubs,Compilation of Changes
2020.08,T,Y02B 10/02,Y02B 10/02,Solar thermal,Solar thermal,Compilation of Changes
2020.08,D,Y02B 10/22,Y02B 10/22,Evacuated solar collectors,Evacuated solar collectors,Compilation of Changes
2020.08,D,Y02B 10/24,Y02B 10/24,Air conditioning or refrigeration systems,Air conditioning or refrigeration systems,Compilation of Changes
2020.08,U,Y02B 10/03,Y02B 10/03,Wind power,Wind power,Compilation of Changes
2020.08,U,Y02B 10/04,Y02B 10/04,Geothermal heat-pumps,Geothermal heat-pumps,Compilation of Changes
2020.08,U,Y02B 10/05,Y02B 10/05,Hydropower in dwellings,Hydropower in dwellings,Compilation of Changes
2020.08,T,Y02B 10/07,Y02B 10/07,"Hybrid systems, e.g. uninterruptible or back-up power supplies integrating renewable energies","Hybrid systems, e.g. uninterruptible or back-up power supplies integrating renewable energies",Compilation of Changes
2020.08,D,Y02B 10/72,Y02B 10/72,Uninterruptible or back-up power supplies integrating renewable energies,Uninterruptible or back-up power supplies integrating renewable energies,Compilation of Changes
2020.08,T,Y02B 20/00,Y02B 20/00,"Energy efficient lighting technologies, e.g. halogen lamps or gas discharge lamps","Energy efficient lighting technologies, e.g. halogen lamps or gas discharge lamps",Compilation of Changes
2020.08,D,Y02B 20/01,Y02B 20/01,Energy saving technologies for incandescent lamps,Energy saving technologies for incandescent lamps,Compilation of Changes
2020.08,D,Y02B 20/12,Y02B 20/12,Halogen lamps,Halogen lamps,Compilation of Changes
2020.08,D,Y02B 20/125,Y02B 20/125,High voltage halogen lamps,High voltage halogen lamps,Compilation of Changes
2020.08,D,Y02B 20/14,Y02B 20/14,Specially adapted circuits,Specially adapted circuits,Compilation of Changes
2020.08,D,Y02B 20/142,Y02B 20/142,"for resonant dimming, e.g. by means of high frequency resonant bridges","for resonant dimming, e.g. by means of high frequency resonant bridges",Compilation of Changes
2020.08,D,Y02B 20/144,Y02B 20/144,for pulse modulation dimming,for pulse modulation dimming,Compilation of Changes
2020.08,D,Y02B 20/146,Y02B 20/146,for phase control dimming,for phase control dimming,Compilation of Changes
2020.08,D,Y02B 20/148,Y02B 20/148,for reverse phase control dimming,for reverse phase control dimming,Compilation of Changes
2020.08,D,Y02B 20/16,Y02B 20/16,"Gas discharge lamps, e.g. fluorescent lamps, high intensity discharge lamps [HID] or molecular radiators","Gas discharge lamps, e.g. fluorescent lamps, high intensity discharge lamps [HID] or molecular radiators",Compilation of Changes
2020.08,D,Y02B 20/18,Y02B 20/18,Low pressure and fluorescent lamps,Low pressure and fluorescent lamps,Compilation of Changes
2020.08,D,Y02B 20/181,Y02B 20/181,Fluorescent powders,Fluorescent powders,Compilation of Changes
2020.08,D,Y02B 20/183,Y02B 20/183,Specially adapted circuits,Specially adapted circuits,Compilation of Changes
2020.08,D,Y02B 20/185,Y02B 20/185,Self-resonant bridges,Self-resonant bridges,Compilation of Changes
2020.08,D,Y02B 20/186,Y02B 20/186,Controlled bridges,Controlled bridges,Compilation of Changes
2020.08,D,Y02B 20/188,Y02B 20/188,with dedicated cathode heating circuitry,with dedicated cathode heating circuitry,Compilation of Changes
2020.08,D,Y02B 20/19,Y02B 20/19,Mechanical details of compact fluorescent lamps,Mechanical details of compact fluorescent lamps,Compilation of Changes
2020.08,D,Y02B 20/02,Y02B 20/02,High pressure [UHP] or high intensity discharge lamps [HID],High pressure [UHP] or high intensity discharge lamps [HID],Compilation of Changes
2020.08,D,Y02B 20/202,Y02B 20/202,Specially adapted circuits,Specially adapted circuits,Compilation of Changes
2020.08,D,Y02B 20/204,Y02B 20/204,Details of the starting circuit,Details of the starting circuit,Compilation of Changes
2020.08,D,Y02B 20/206,Y02B 20/206,for hot restarting,for hot restarting,Compilation of Changes
2020.08,D,Y02B 20/208,Y02B 20/208,providing detection and prevention of anomalous lamp operating conditions,providing detection and prevention of anomalous lamp operating conditions,Compilation of Changes
2020.08,D,Y02B 20/22,Y02B 20/22,Other discharge lamps,Other discharge lamps,Compilation of Changes
2020.08,T,Y02B 20/03,Y02B 20/03,"Semiconductor lamps, e.g. solid state lamps [SSL] light emitting diodes [LED] or organic LED [OLED]","Semiconductor lamps, e.g. solid state lamps [SSL] light emitting diodes [LED] or organic LED [OLED]",Compilation of Changes
2020.08,D,Y02B 20/32,Y02B 20/32,Electroluminescent panels,Electroluminescent panels,Compilation of Changes
2020.08,D,Y02B 20/34,Y02B 20/34,Inorganic LEDs,Inorganic LEDs,Compilation of Changes
2020.08,D,Y02B 20/341,Y02B 20/341,Specially adapted circuits,Specially adapted circuits,Compilation of Changes
2020.08,D,Y02B 20/342,Y02B 20/342,"for driving the LEDs directly from an AC voltage source, e.g. with only passive components","for driving the LEDs directly from an AC voltage source, e.g. with only passive components",Compilation of Changes
2020.08,D,Y02B 20/343,Y02B 20/343,Linear regulators,Linear regulators,Compilation of Changes
2020.08,D,Y02B 20/345,Y02B 20/345,configured as a current source,configured as a current source,Compilation of Changes
2020.08,D,Y02B 20/346,Y02B 20/346,Switching regulators,Switching regulators,Compilation of Changes
2020.08,D,Y02B 20/347,Y02B 20/347,configured as a current source,configured as a current source,Compilation of Changes
2020.08,D,Y02B 20/348,Y02B 20/348,Resonant bridges,Resonant bridges,Compilation of Changes
2020.08,D,Y02B 20/36,Y02B 20/36,"Organic LEDs, i.e. OLEDs for general illumination","Organic LEDs, i.e. OLEDs for general illumination",Compilation of Changes
2020.08,D,Y02B 20/38,Y02B 20/38,Constructional details,Constructional details,Compilation of Changes
2020.08,D,Y02B 20/383,Y02B 20/383,Adaptation to Edison sockets,Adaptation to Edison sockets,Compilation of Changes
2020.08,D,Y02B 20/386,Y02B 20/386,Retrofitting in tubes,Retrofitting in tubes,Compilation of Changes
2020.08,T,Y02B 20/04,Y02B 20/04,"Control techniques providing energy savings, e.g. smart controller or presence detection","Control techniques providing energy savings, e.g. smart controller or presence detection",Compilation of Changes
2020.08,D,Y02B 20/42,Y02B 20/42,based on timing means or schedule,based on timing means or schedule,Compilation of Changes
2020.08,D,Y02B 20/44,Y02B 20/44,based on detection of the user,based on detection of the user,Compilation of Changes
2020.08,D,Y02B 20/445,Y02B 20/445,Controlling the access to premises,Controlling the access to premises,Compilation of Changes
2020.08,D,Y02B 20/46,Y02B 20/46,based on detection of the illumination level,based on detection of the illumination level,Compilation of Changes
2020.08,D,Y02B 20/48,Y02B 20/48,Smart controllers,Smart controllers,Compilation of Changes
2020.08,D,Y02B 20/07,Y02B 20/07,Used in particular applications,Used in particular applications,Compilation of Changes
2020.08,M,Y02B 20/72,Y02B 20/72,in street lighting,in street lighting,Compilation of Changes
2020.08,T,Y02B 30/00,Y02B 30/00,"Energy efficient heating, ventilation or air conditioning [HVAC]","Energy efficient heating, ventilation or air conditioning [HVAC]",Compilation of Changes
2020.08,D,Y02B 30/08,Y02B 30/08,"relating to domestic heating, space heating, domestic hot water heating [DHW] or supply systems","relating to domestic heating, space heating, domestic hot water heating [DHW] or supply systems",Compilation of Changes
2020.08,D,Y02B 30/01,Y02B 30/01,using boilers,using boilers,Compilation of Changes
2020.08,D,Y02B 30/102,Y02B 30/102,Condensing boilers,Condensing boilers,Compilation of Changes
2020.08,D,Y02B 30/104,Y02B 30/104,Moistening the combustion air with condensate from the combustion gases,Moistening the combustion air with condensate from the combustion gases,Compilation of Changes
2020.08,D,Y02B 30/106,Y02B 30/106,Removing condensate from the heater,Removing condensate from the heater,Compilation of Changes
2020.08,D,Y02B 30/108,Y02B 30/108,"Modular boilers, i.e. connecting different sections within a boiler or cascading multiple boilers","Modular boilers, i.e. connecting different sections within a boiler or cascading multiple boilers",Compilation of Changes
2020.08,T,Y02B 30/12,Y02B 30/12,Hot water central heating systems using heat pumps,Hot water central heating systems using heat pumps,Compilation of Changes
2020.08,D,Y02B 30/125,Y02B 30/125,combined with the use of heat accumulated in storage masses,combined with the use of heat accumulated in storage masses,Compilation of Changes
2020.08,M,Y02B 30/13,Y02B 30/13,Hot air central heating systems using heat pumps,Hot air central heating systems using heat pumps,Compilation of Changes
2020.08,D,Y02B 30/14,Y02B 30/14,Central heating systems having more than one heat source,Central heating systems having more than one heat source,Compilation of Changes
2020.08,D,Y02B 30/16,Y02B 30/16,Central heating systems using steam or condensate extracted or exhausted from steam engine plants,Central heating systems using steam or condensate extracted or exhausted from steam engine plants,Compilation of Changes
2020.08,M,Y02B 30/17,Y02B 30/17,District heating,District heating,Compilation of Changes
2020.08,M,Y02B 30/18,Y02B 30/18,Domestic hot-water supply systems using recuperated or waste heat,Domestic hot-water supply systems using recuperated or waste heat,Compilation of Changes
2020.08,D,Y02B 30/02,Y02B 30/02,"Heat consumers, i.e. devices to provide the end-user with heat","Heat consumers, i.e. devices to provide the end-user with heat",Compilation of Changes
2020.08,D,Y02B 30/22,Y02B 30/22,"Low temperature radiators, i.e. convectors, radiators or a mixture of both with increased heat-exchange surface being suitable for systems working with a low temperature heat transfer medium","Low temperature radiators, i.e. convectors, radiators or a mixture of both with increased heat-exchange surface being suitable for systems working with a low temperature heat transfer medium",Compilation of Changes
2020.08,D,Y02B 30/24,Y02B 30/24,"ceiling, wall or underfloor heating arrangements for being used in combination with water central heating system","ceiling, wall or underfloor heating arrangements for being used in combination with water central heating system",Compilation of Changes
2020.08,D,Y02B 30/26,Y02B 30/26,Radiant panels electrically heated,Radiant panels electrically heated,Compilation of Changes
2020.08,D,Y02B 30/28,Y02B 30/28,"Direct fired air heaters, i.e. the air being in direct contact with the exhaust gases of the burner","Direct fired air heaters, i.e. the air being in direct contact with the exhaust gases of the burner",Compilation of Changes
2020.08,D,Y02B 30/05,Y02B 30/05,Systems profiting of external or internal conditions,Systems profiting of external or internal conditions,Compilation of Changes
2020.08,M,Y02B 30/52,Y02B 30/52,"Heat recovery pumps, i.e. heat pump based systems or units able to transfer the thermal energy from one area of the premises or part of the facilities to a different one, improving the overall efficiency","Heat recovery pumps, i.e. heat pump based systems or units able to transfer the thermal energy from one area of the premises or part of the facilities to a different one, improving the overall efficiency",Compilation of Changes
2020.08,T,Y02B 30/54,Y02B 30/54,Free-cooling systems,Free-cooling systems,Compilation of Changes
2020.08,D,Y02B 30/542,Y02B 30/542,"Air based, e.g. mixed outside air and recirculation systems","Air based, e.g. mixed outside air and recirculation systems",Compilation of Changes
2020.08,D,Y02B 30/545,Y02B 30/545,Cooling using dew point control and direct humidifiers,Cooling using dew point control and direct humidifiers,Compilation of Changes
2020.08,D,Y02B 30/547,Y02B 30/547,"Using energy from the ground by air circulation, e.g. ""Canadian well""","Using energy from the ground by air circulation, e.g. ""Canadian well""",Compilation of Changes
2020.08,T,Y02B 30/56,Y02B 30/56,Heat recovery units,Heat recovery units,Compilation of Changes
2020.08,D,Y02B 30/563,Y02B 30/563,Air to air,Air to air,Compilation of Changes
2020.08,D,Y02B 30/566,Y02B 30/566,Water to water,Water to water,Compilation of Changes
2020.08,D,Y02B 30/06,Y02B 30/06,Other technologies for heating or cooling,Other technologies for heating or cooling,Compilation of Changes
2020.08,M,Y02B 30/62,Y02B 30/62,Absorption based systems,Absorption based systems,Compilation of Changes
2020.08,M,Y02B 30/625,Y02B 30/625,"combined with heat or power generation [CHP], e.g. trigeneration","combined with heat or power generation [CHP], e.g. trigeneration",Compilation of Changes
2020.08,D,Y02B 30/64,Y02B 30/64,Adsorption based systems,Adsorption based systems,Compilation of Changes
2020.08,D,Y02B 30/66,Y02B 30/66,Magnetic cooling,Magnetic cooling,Compilation of Changes
2020.08,T,Y02B 30/07,Y02B 30/07,"Efficient control or regulation technologies , e.g. for control of refrigerant flow, motor or heating(empty, see subgroups)","Efficient control or regulation technologies , e.g. for control of refrigerant flow, motor or heating(empty, see subgroups)",Compilation of Changes
2020.08,D,Y02B 30/72,Y02B 30/72,Electric or electronic refrigerant flow control,Electric or electronic refrigerant flow control,Compilation of Changes
2020.08,D,Y02B 30/74,Y02B 30/74,Technologies based on motor control,Technologies based on motor control,Compilation of Changes
2020.08,D,Y02B 30/741,Y02B 30/741,Speed regulation of the compressor,Speed regulation of the compressor,Compilation of Changes
2020.08,D,Y02B 30/743,Y02B 30/743,"Speed control of condenser or evaporator fans, e.g. for controlling the pressure of the condenser","Speed control of condenser or evaporator fans, e.g. for controlling the pressure of the condenser",Compilation of Changes
2020.08,D,Y02B 30/745,Y02B 30/745,Speed regulation of pumps in flow control systems,Speed regulation of pumps in flow control systems,Compilation of Changes
2020.08,D,Y02B 30/746,Y02B 30/746,Speed regulation of fans in flow control systems,Speed regulation of fans in flow control systems,Compilation of Changes
2020.08,D,Y02B 30/748,Y02B 30/748,Speed regulation of fans and pumps in cooling towers,Speed regulation of fans and pumps in cooling towers,Compilation of Changes
2020.08,D,Y02B 30/76,Y02B 30/76,Centralised control,Centralised control,Compilation of Changes
2020.08,D,Y02B 30/762,Y02B 30/762,of heating or domestic hot water [DHW] systems,of heating or domestic hot water [DHW] systems,Compilation of Changes
2020.08,D,Y02B 30/765,Y02B 30/765,"of refrigeration machines, plants or systems, including combined heating and refrigeration systems or heat-pumps","of refrigeration machines, plants or systems, including combined heating and refrigeration systems or heat-pumps",Compilation of Changes
2020.08,D,Y02B 30/767,Y02B 30/767,of air distribution systems,of air distribution systems,Compilation of Changes
2020.08,D,Y02B 30/78,Y02B 30/78,Ventilation adapted to air quality,Ventilation adapted to air quality,Compilation of Changes
2020.08,D,Y02B 30/08,Y02B 30/08,Ultrasonic humidifiers,Ultrasonic humidifiers,Compilation of Changes
2020.08,T,Y02B 30/09,Y02B 30/09,Passive houses; Double facade technology,Passive houses; Double facade technology,Compilation of Changes
2020.08,D,Y02B 30/92,Y02B 30/92,with air flow into the conditioned premises or facilities,with air flow into the conditioned premises or facilities,Compilation of Changes
2020.08,D,Y02B 30/94,Y02B 30/94,Improving the thermodynamic properties of the premises or facilities,Improving the thermodynamic properties of the premises or facilities,Compilation of Changes
2020.08,T,Y02B 40/00,Y02B 40/00,"Technologies aiming at improving the efficiency of home appliances, e.g. induction cooking or efficient technologies for refrigerators, freezers or dish washers","Technologies aiming at improving the efficiency of home appliances, e.g. induction cooking or efficient technologies for refrigerators, freezers or dish washers",Compilation of Changes
2020.08,D,Y02B 40/01,Y02B 40/01,relating to domestic cooking,relating to domestic cooking,Compilation of Changes
2020.08,D,Y02B 40/12,Y02B 40/12,Induction cooking in kitchen stoves,Induction cooking in kitchen stoves,Compilation of Changes
2020.08,D,Y02B 40/123,Y02B 40/123,Control circuit or coil power supply,Control circuit or coil power supply,Compilation of Changes
2020.08,D,Y02B 40/126,Y02B 40/126,Coil arrangements,Coil arrangements,Compilation of Changes
2020.08,D,Y02B 40/14,Y02B 40/14,Microwave ovens,Microwave ovens,Compilation of Changes
2020.08,D,Y02B 40/143,Y02B 40/143,Control circuit or magnetron power supply,Control circuit or magnetron power supply,Compilation of Changes
2020.08,D,Y02B 40/146,Y02B 40/146,"Load impedance matching, e.g. by acting upon phase or frequency","Load impedance matching, e.g. by acting upon phase or frequency",Compilation of Changes
2020.08,D,Y02B 40/16,Y02B 40/16,Improved cooking stoves,Improved cooking stoves,Compilation of Changes
2020.08,D,Y02B 40/163,Y02B 40/163,Fuel efficient biomass cooking stoves,Fuel efficient biomass cooking stoves,Compilation of Changes
2020.08,D,Y02B 40/166,Y02B 40/166,Fuel efficient gas cooking stoves,Fuel efficient gas cooking stoves,Compilation of Changes
2020.08,T,Y02B 40/18,Y02B 40/18,"Solar cooking stoves or furnacesusing renewables, e.g. solar cooking stoves, furnaces or solar heating","Solar cooking stoves or furnacesusing renewables, e.g. solar cooking stoves, furnaces or solar heating",Compilation of Changes
2020.08,D,Y02B 40/03,Y02B 40/03,relating to refrigerators or freezers,relating to refrigerators or freezers,Compilation of Changes
2020.08,D,Y02B 40/32,Y02B 40/32,Motor speed control of compressors or fans,Motor speed control of compressors or fans,Compilation of Changes
2020.08,D,Y02B 40/34,Y02B 40/34,Thermal insulation,Thermal insulation,Compilation of Changes
2020.08,D,Y02B 40/04,Y02B 40/04,relating to dish washers,relating to dish washers,Compilation of Changes
2020.08,D,Y02B 40/42,Y02B 40/42,Motor speed control of pumps,Motor speed control of pumps,Compilation of Changes
2020.08,D,Y02B 40/44,Y02B 40/44,"Heat recovery, e.g. of washing water","Heat recovery, e.g. of washing water",Compilation of Changes
2020.08,D,Y02B 40/46,Y02B 40/46,"Optimisation of water quantity, e.g. of hot water","Optimisation of water quantity, e.g. of hot water",Compilation of Changes
2020.08,D,Y02B 40/05,Y02B 40/05,Relating to washing machines,Relating to washing machines,Compilation of Changes
2020.08,D,Y02B 40/52,Y02B 40/52,Motor speed control of drum or pumps,Motor speed control of drum or pumps,Compilation of Changes
2020.08,D,Y02B 40/54,Y02B 40/54,"Heat recovery, e.g. of washing water","Heat recovery, e.g. of washing water",Compilation of Changes
2020.08,D,Y02B 40/56,Y02B 40/56,Optimisation of water quantity,Optimisation of water quantity,Compilation of Changes
2020.08,D,Y02B 40/58,Y02B 40/58,Solar heating,Solar heating,Compilation of Changes
2020.08,D,Y02B 40/07,Y02B 40/07,relating to laundry dryers,relating to laundry dryers,Compilation of Changes
2020.08,D,Y02B 40/72,Y02B 40/72,Motor speed control of drum or fans,Motor speed control of drum or fans,Compilation of Changes
2020.08,D,Y02B 40/74,Y02B 40/74,Solar heating,Solar heating,Compilation of Changes
2020.08,D,Y02B 40/08,Y02B 40/08,relating to vacuum cleaners,relating to vacuum cleaners,Compilation of Changes
2020.08,D,Y02B 40/82,Y02B 40/82,Motor speed or motor power consumption control,Motor speed or motor power consumption control,Compilation of Changes
2020.08,D,Y02B 40/84,Y02B 40/84,Motor overheating or overloading prevention,Motor overheating or overloading prevention,Compilation of Changes
2020.08,D,Y02B 40/09,Y02B 40/09,"Energy efficient batteries, ultracapacitors, supercapacitors or double-layer capacitors charging or discharging systems or methods specially adapted for portable applications","Energy efficient batteries, ultracapacitors, supercapacitors or double-layer capacitors charging or discharging systems or methods specially adapted for portable applications",Compilation of Changes
2020.08,T,Y02B 50/00,Y02B 50/00,"Energy efficient technologies in elevators, escalators and moving walkways, e.g. energy saving or recuperation technologies","Energy efficient technologies in elevators, escalators and moving walkways, e.g. energy saving or recuperation technologies",Compilation of Changes
2020.08,D,Y02B 50/01,Y02B 50/01,in elevators,in elevators,Compilation of Changes
2020.08,D,Y02B 50/12,Y02B 50/12,Energy saving technologies,Energy saving technologies,Compilation of Changes
2020.08,D,Y02B 50/122,Y02B 50/122,by adapted call allocation,by adapted call allocation,Compilation of Changes
2020.08,D,Y02B 50/125,Y02B 50/125,by adapting the motion profile,by adapting the motion profile,Compilation of Changes
2020.08,D,Y02B 50/127,Y02B 50/127,by control of auxiliary devices,by control of auxiliary devices,Compilation of Changes
2020.08,D,Y02B 50/14,Y02B 50/14,Energy recuperation technologies,Energy recuperation technologies,Compilation of Changes
2020.08,D,Y02B 50/142,Y02B 50/142,with electrical storage,with electrical storage,Compilation of Changes
2020.08,D,Y02B 50/144,Y02B 50/144,with mechanical storage,with mechanical storage,Compilation of Changes
2020.08,D,Y02B 50/146,Y02B 50/146,with pressure storage,with pressure storage,Compilation of Changes
2020.08,D,Y02B 50/148,Y02B 50/148,by delivering current to the grid for hydraulic elevators,by delivering current to the grid for hydraulic elevators,Compilation of Changes
2020.08,D,Y02B 50/02,Y02B 50/02,in escalators and moving walkways,in escalators and moving walkways,Compilation of Changes
2020.08,D,Y02B 50/22,Y02B 50/22,Energy saving technologies,Energy saving technologies,Compilation of Changes
2020.08,D,Y02B 50/225,Y02B 50/225,by adapting the motion profile,by adapting the motion profile,Compilation of Changes
2020.08,D,Y02B 50/24,Y02B 50/24,Energy recuperation technologies,Energy recuperation technologies,Compilation of Changes
2020.08,U,Y02B 70/00,Y02B 70/00,Technologies for an efficient end-user side electric power management and consumption,Technologies for an efficient end-user side electric power management and consumption,Compilation of Changes
2020.08,T,Y02B 70/01,Y02B 70/01,"Technologies improving the efficiency by using switched-mode power supplies [SMPS], i.e. efficient power electronics conversion e.g. power factor correction or reduction of losses in power supplies or efficient standby modes","Technologies improving the efficiency by using switched-mode power supplies [SMPS], i.e. efficient power electronics conversion e.g. power factor correction or reduction of losses in power supplies or efficient standby modes",Compilation of Changes
2020.08,D,Y02B 70/12,Y02B 70/12,Power factor correction technologies for power supplies,Power factor correction technologies for power supplies,Compilation of Changes
2020.08,D,Y02B 70/123,Y02B 70/123,Passive technologies,Passive technologies,Compilation of Changes
2020.08,D,Y02B 70/126,Y02B 70/126,Active technologies,Active technologies,Compilation of Changes
2020.08,D,Y02B 70/14,Y02B 70/14,Reduction of losses in power supplies,Reduction of losses in power supplies,Compilation of Changes
2020.08,D,Y02B 70/1408,Y02B 70/1408,"Low frequency active rectification, i.e. from a low frequency AC grid or generator","Low frequency active rectification, i.e. from a low frequency AC grid or generator",Compilation of Changes
2020.08,D,Y02B 70/1416,Y02B 70/1416,"Converters benefiting from a resonance, e.g. resonant or quasi-resonant converters","Converters benefiting from a resonance, e.g. resonant or quasi-resonant converters",Compilation of Changes
2020.08,D,Y02B 70/1425,Y02B 70/1425,in non-galvanically isolated DC/DC converters,in non-galvanically isolated DC/DC converters,Compilation of Changes
2020.08,D,Y02B 70/1433,Y02B 70/1433,in galvanically isolated DC/DC converters,in galvanically isolated DC/DC converters,Compilation of Changes
2020.08,D,Y02B 70/1441,Y02B 70/1441,in DC/AC or AC/DC converters,in DC/AC or AC/DC converters,Compilation of Changes
2020.08,D,Y02B 70/145,Y02B 70/145,in AC/AC converters,in AC/AC converters,Compilation of Changes
2020.08,D,Y02B 70/1458,Y02B 70/1458,Synchronous rectification,Synchronous rectification,Compilation of Changes
2020.08,D,Y02B 70/1466,Y02B 70/1466,in non-galvanically isolated DC/DC converters,in non-galvanically isolated DC/DC converters,Compilation of Changes
2020.08,D,Y02B 70/1475,Y02B 70/1475,in galvanically isolated DC/DC converters,in galvanically isolated DC/DC converters,Compilation of Changes
2020.08,D,Y02B 70/1483,Y02B 70/1483,"by using wide band gap based power semiconductors, i.e. power converters integrating silicon carbide [SiC], gallium nitride [GaN], gallium arsenide [GaAs] or diamond power switches","by using wide band gap based power semiconductors, i.e. power converters integrating silicon carbide [SiC], gallium nitride [GaN], gallium arsenide [GaAs] or diamond power switches",Compilation of Changes
2020.08,D,Y02B 70/1491,Y02B 70/1491,"Other technologies for reduction of losses, e.g. non-dissipative snubbers, diode reverse recovery losses minimisation, zero voltage switching [ZVS], zero current switching [ZCS] or soft switching converters","Other technologies for reduction of losses, e.g. non-dissipative snubbers, diode reverse recovery losses minimisation, zero voltage switching [ZVS], zero current switching [ZCS] or soft switching converters",Compilation of Changes
2020.08,D,Y02B 70/16,Y02B 70/16,"Efficient standby or energy saving modes, e.g. detecting absence of load or auto-off","Efficient standby or energy saving modes, e.g. detecting absence of load or auto-off",Compilation of Changes
2020.08,T,Y02B 70/03,Y02B 70/03,"Systems integrating technologies related to power network operation and communication or information technologies for improving the carbon footprint of the management of residential or tertiary loads, i.e. smart grids as climate change mitigation technology in the buildings sector, including also the last stages of power distribution and the control, monitoring or operating management systems at local level (smart grids supporting the management or operation of end-user stationary applications in general, e.g. with no associated climate change mitigation effect Y04S20/00)","Systems integrating technologies related to power network operation and communication or information technologies for improving the carbon footprint of the management of residential or tertiary loads, i.e. smart grids as climate change mitigation technology in the buildings sector, including also the last stages of power distribution and the control, monitoring or operating management systems at local level (smart grids supporting the management or operation of end-user stationary applications in general, e.g. with no associated climate change mitigation effect Y04S20/00)",Compilation of Changes
2020.08,D,Y02B 70/32,Y02B 70/32,End-user application control systems,End-user application control systems,Compilation of Changes
2020.08,D,Y02B 70/3208,Y02B 70/3208,characterised by the aim of the control,characterised by the aim of the control,Compilation of Changes
2020.08,D,Y02B 70/3216,Y02B 70/3216,General power management systems,General power management systems,Compilation of Changes
2020.08,M,Y02B 70/3225,Y02B 70/3225,"Demand response systems, e.g. load shedding, peak shaving","Demand response systems, e.g. load shedding, peak shaving",Compilation of Changes
2020.08,D,Y02B 70/3233,Y02B 70/3233,"The system entering an energy saving mode, i.e. sleep, low-power or standby modes","The system entering an energy saving mode, i.e. sleep, low-power or standby modes",Compilation of Changes
2020.08,D,Y02B 70/3241,Y02B 70/3241,Domotics or building automation systems,Domotics or building automation systems,Compilation of Changes
2020.08,D,Y02B 70/325,Y02B 70/325,involving home automation communication networks,involving home automation communication networks,Compilation of Changes
2020.08,D,Y02B 70/3258,Y02B 70/3258,characterised by the end-user application,characterised by the end-user application,Compilation of Changes
2020.08,D,Y02B 70/3266,Y02B 70/3266,The end-user application being or involving home appliances,The end-user application being or involving home appliances,Compilation of Changes
2020.08,D,Y02B 70/3275,Y02B 70/3275,The home appliances being or involving heating ventilating or air conditioning [HVAC] units,The home appliances being or involving heating ventilating or air conditioning [HVAC] units,Compilation of Changes
2020.08,D,Y02B 70/3283,Y02B 70/3283,The system involving the remote operation of lamps or lighting equipment,The system involving the remote operation of lamps or lighting equipment,Compilation of Changes
2020.08,D,Y02B 70/3291,Y02B 70/3291,The end-user application involving uninterruptible power supply [UPS] systems or standby or emergency generators (for uninterruptible power supply systems or standby or emergency generators in the last power distribution stages Y04S20/12),The end-user application involving uninterruptible power supply [UPS] systems or standby or emergency generators (for uninterruptible power supply systems or standby or emergency generators in the last power distribution stages Y04S20/12),Compilation of Changes
2020.08,T,Y02B 70/34,Y02B 70/34,Smart metering supporting the carbon neutral operation of end-user applications in buildings,Smart metering supporting the carbon neutral operation of end-user applications in buildings,Compilation of Changes
2020.08,D,Y02B 70/343,Y02B 70/343,Systems which determine the environmental impact of user behavior,Systems which determine the environmental impact of user behavior,Compilation of Changes
2020.08,D,Y02B 70/346,Y02B 70/346,"Systems which monitor the performance of renewable electricity generating systems, e.g. of solar panels","Systems which monitor the performance of renewable electricity generating systems, e.g. of solar panels",Compilation of Changes
2020.08,T,Y02B 80/00,Y02B 80/00,Architectural or constructional elements improving the thermal performance of buildings,Architectural or constructional elements improving the thermal performance of buildings,Compilation of Changes
2020.08,T,Y02B 80/01,Y02B 80/01,"Insulation, e.g. vacuum or aerogel insulation","Insulation, e.g. vacuum or aerogel insulation",Compilation of Changes
2020.08,D,Y02B 80/12,Y02B 80/12,Slab shaped vacuum insulation,Slab shaped vacuum insulation,Compilation of Changes
2020.08,D,Y02B 80/14,Y02B 80/14,Slab shaped aerogel insulation,Slab shaped aerogel insulation,Compilation of Changes
2020.08,D,Y02B 80/02,Y02B 80/02,Windows or doors,Windows or doors,Compilation of Changes
2020.08,T,Y02B 80/22,Y02B 80/22,"Glazing, e.g. vaccum glazing","Glazing, e.g. vaccum glazing",Compilation of Changes
2020.08,D,Y02B 80/24,Y02B 80/24,Vacuum glazing,Vacuum glazing,Compilation of Changes
2020.08,D,Y02B 80/26,Y02B 80/26,"Other special glazing, e.g. aerogel","Other special glazing, e.g. aerogel",Compilation of Changes
2020.08,D,Y02B 80/28,Y02B 80/28,Wooden or plastic frames with extra insulation,Wooden or plastic frames with extra insulation,Compilation of Changes
2020.08,D,Y02B 80/03,Y02B 80/03,Roofs,Roofs,Compilation of Changes
2020.08,M,Y02B 80/32,Y02B 80/32,Roof garden systems,Roof garden systems,Compilation of Changes
2020.08,D,Y02B 80/34,Y02B 80/34,Roof coverings with high solar reflectance,Roof coverings with high solar reflectance,Compilation of Changes
2020.08,D,Y02B 80/04,Y02B 80/04,Floors specially adapted for storing heat or cold,Floors specially adapted for storing heat or cold,Compilation of Changes
2020.08,D,Y02B 80/05,Y02B 80/05,Light dependent control systems for sun shading,Light dependent control systems for sun shading,Compilation of Changes
2020.08,U,Y02B 90/00,Y02B 90/00,Enabling technologies or technologies with a potential or indirect contribution to GHG emissions mitigation,Enabling technologies or technologies with a potential or indirect contribution to GHG emissions mitigation,Compilation of Changes
2020.08,T,Y02B 90/01,Y02B 90/01,Applications of fuel cells in buildings,Applications of fuel cells in buildings,Compilation of Changes
2020.08,D,Y02B 90/12,Y02B 90/12,Cogeneration of electricity with other electric generators,Cogeneration of electricity with other electric generators,Compilation of Changes
2020.08,D,Y02B 90/14,Y02B 90/14,"Emergency, uninterruptible or back-up power supplies integrating fuel cells","Emergency, uninterruptible or back-up power supplies integrating fuel cells",Compilation of Changes
2020.08,D,Y02B 90/16,Y02B 90/16,"Cogeneration or combined heat and power generation, e.g. for domestic hot water","Cogeneration or combined heat and power generation, e.g. for domestic hot water",Compilation of Changes
2020.08,D,Y02B 90/18,Y02B 90/18,"Fuel cells specially adapted to portable applications, e.g. mobile phone, laptop","Fuel cells specially adapted to portable applications, e.g. mobile phone, laptop",Compilation of Changes
2020.08,T,Y02B 90/02,Y02B 90/02,"Systems integrating technologies related to power network operation and communication or information technologies mediating in the improvement of the carbon footprint of the management of residential or tertiary loads, i.e. smartSmart grids as enabling technology in buildings sector (smart grids supporting the management or operation of end-user stationary applications in general, or like technologies with no associated climate change mitigation effect Y04S20/00)","Systems integrating technologies related to power network operation and communication or information technologies mediating in the improvement of the carbon footprint of the management of residential or tertiary loads, i.e. smartSmart grids as enabling technology in buildings sector (smart grids supporting the management or operation of end-user stationary applications in general, or like technologies with no associated climate change mitigation effect Y04S20/00)",Compilation of Changes
2020.08,D,Y02B 90/22,Y02B 90/22,"Systems characterised by the monitored, controlled or operated end-user elements or equipments","Systems characterised by the monitored, controlled or operated end-user elements or equipments",Compilation of Changes
2020.08,D,Y02B 90/222,Y02B 90/222,"the elements or equipments being or involving energy storage units, uninterruptible power supply [UPS] systems or standby or emergency generators involved in the last power distribution stages (energy storage units involved in power generation, transmissionor distribution Y04S10/14; uninterruptible power supply systems or standby or emergency generators as end-user application Y04S20/248)","the elements or equipments being or involving energy storage units, uninterruptible power supply [UPS] systems or standby or emergency generators involved in the last power distribution stages (energy storage units involved in power generation, transmissionor distribution Y04S10/14; uninterruptible power supply systems or standby or emergency generators as end-user application Y04S20/248)",Compilation of Changes
2020.08,D,Y02B 90/224,Y02B 90/224,"the elements or equipments being or involving protection elements, switches, relays or circuit breakers","the elements or equipments being or involving protection elements, switches, relays or circuit breakers",Compilation of Changes
2020.08,D,Y02B 90/226,Y02B 90/226,"the elements or equipments being or involving power plugs, sockets, adapters or power strips","the elements or equipments being or involving power plugs, sockets, adapters or power strips",Compilation of Changes
2020.08,D,Y02B 90/228,Y02B 90/228,"the element or elements being a direct current power network, grid or distribution line","the element or elements being a direct current power network, grid or distribution line",Compilation of Changes
2020.08,D,Y02B 90/24,Y02B 90/24,Smart metering mediating in the carbon neutral operation of end-user applications in buildings,Smart metering mediating in the carbon neutral operation of end-user applications in buildings,Compilation of Changes
2020.08,D,Y02B 90/241,Y02B 90/241,Systems characterised by remote reading,Systems characterised by remote reading,Compilation of Changes
2020.08,D,Y02B 90/242,Y02B 90/242,from a fixed location,from a fixed location,Compilation of Changes
2020.08,D,Y02B 90/243,Y02B 90/243,from a mobile location,from a mobile location,Compilation of Changes
2020.08,D,Y02B 90/244,Y02B 90/244,the remote reading system including mechanisms for turning on/off the supply,the remote reading system including mechanisms for turning on/off the supply,Compilation of Changes
2020.08,D,Y02B 90/245,Y02B 90/245,"Displaying of usage with respect to time, e.g. monitoring evolution of usage, relating usage to weather conditions","Displaying of usage with respect to time, e.g. monitoring evolution of usage, relating usage to weather conditions",Compilation of Changes
2020.08,D,Y02B 90/246,Y02B 90/246,"Utility meters which are networked together, e.g. within a single building","Utility meters which are networked together, e.g. within a single building",Compilation of Changes
2020.08,D,Y02B 90/247,Y02B 90/247,Retrofitting of installed meters,Retrofitting of installed meters,Compilation of Changes
2020.08,D,Y02B 90/248,Y02B 90/248,Systems oriented to metering of generated energy or power,Systems oriented to metering of generated energy or power,Compilation of Changes
2020.08,D,Y02B 90/26,Y02B 90/26,Communication technology specific aspects,Communication technology specific aspects,Compilation of Changes
2020.08,D,Y02B 90/2607,Y02B 90/2607,"characterised by data transport means between the monitoring, controlling or managing units and the monitored, controlled or operated electrical equipment","characterised by data transport means between the monitoring, controlling or managing units and the monitored, controlled or operated electrical equipment",Compilation of Changes
2020.08,D,Y02B 90/2615,Y02B 90/2615,using the power network as support for the transmission,using the power network as support for the transmission,Compilation of Changes
2020.08,D,Y02B 90/2623,Y02B 90/2623,using pulsed signals,using pulsed signals,Compilation of Changes
2020.08,D,Y02B 90/263,Y02B 90/263,using modification of a parameter of the network power signal,using modification of a parameter of the network power signal,Compilation of Changes
2020.08,D,Y02B 90/2638,Y02B 90/2638,using a wired telecommunication network or a data transmission bus,using a wired telecommunication network or a data transmission bus,Compilation of Changes
2020.08,D,Y02B 90/2646,Y02B 90/2646,using phone lines,using phone lines,Compilation of Changes
2020.08,D,Y02B 90/2653,Y02B 90/2653,using wireless data transmission,using wireless data transmission,Compilation of Changes
2020.08,D,Y02B 90/2661,Y02B 90/2661,By means of mobile telephony,By means of mobile telephony,Compilation of Changes
2020.08,D,Y02B 90/2669,Y02B 90/2669,involving the use of Internet protocol,involving the use of Internet protocol,Compilation of Changes
2020.08,D,Y02B 90/2676,Y02B 90/2676,Communication technology specific aspects,Communication technology specific aspects,Compilation of Changes
2020.08,D,Y02B 90/2684,Y02B 90/2684,using dedicated transmission supports,using dedicated transmission supports,Compilation of Changes
2020.08,D,Y02B 90/2692,Y02B 90/2692,using the power network as support for the transmission,using the power network as support for the transmission,Compilation of Changes
2020.08,D,Y02C 10/00,Y02C 10/00,CO2 capture or storage,CO2 capture or storage,Compilation of Changes
2020.08,D,Y02C 10/02,Y02C 10/02,Capture by biological separation,Capture by biological separation,Compilation of Changes
2020.08,D,Y02C 10/04,Y02C 10/04,Capture by chemical separation,Capture by chemical separation,Compilation of Changes
2020.08,D,Y02C 10/06,Y02C 10/06,Capture by absorption,Capture by absorption,Compilation of Changes
2020.08,D,Y02C 10/08,Y02C 10/08,Capture by adsorption,Capture by adsorption,Compilation of Changes
2020.08,D,Y02C 10/01,Y02C 10/01,Capture by membranes or diffusion,Capture by membranes or diffusion,Compilation of Changes
2020.08,D,Y02C 10/12,Y02C 10/12,Capture by rectification and condensation,Capture by rectification and condensation,Compilation of Changes
2020.08,D,Y02C 10/14,Y02C 10/14,Subterranean or submarine CO2 storage,Subterranean or submarine CO2 storage,Compilation of Changes
2020.08,M,Y02C 20/00,Y02C 20/00,Capture or disposal of greenhouse gases [GHG] other than CO2,Capture or disposal of greenhouse gases [GHG] other than CO2,Compilation of Changes
2020.08,U,Y02C 20/01,Y02C 20/01,of nitrous oxide (N2O),of nitrous oxide (N2O),Compilation of Changes
2020.08,U,Y02C 20/02,Y02C 20/02,of methane,of methane,Compilation of Changes
2020.08,U,Y02C 20/03,Y02C 20/03,"of perfluorocarbons [PFC], hydrofluorocarbons [HFC] or sulfur hexafluoride [SF6]","of perfluorocarbons [PFC], hydrofluorocarbons [HFC] or sulfur hexafluoride [SF6]",Compilation of Changes
2020.08,N,Y02C 20/04,Y02C 20/04,of CO2,of CO2,Compilation of Changes
2020.08,T,Y02D 10/00,Y02D 10/00,"Energy efficient computing, e.g. low power processors, power management or thermal management","Energy efficient computing, e.g. low power processors, power management or thermal management",Compilation of Changes
2020.08,D,Y02D 10/01,Y02D 10/01,"Reducing energy consumption at the single machine level, e.g. processors, personal computers, peripherals or power supply","Reducing energy consumption at the single machine level, e.g. processors, personal computers, peripherals or power supply",Compilation of Changes
2020.08,D,Y02D 10/11,Y02D 10/11,involving a plurality of components,involving a plurality of components,Compilation of Changes
2020.08,D,Y02D 10/12,Y02D 10/12,acting upon the main processing unit,acting upon the main processing unit,Compilation of Changes
2020.08,D,Y02D 10/122,Y02D 10/122,Low-power processors,Low-power processors,Compilation of Changes
2020.08,D,Y02D 10/124,Y02D 10/124,Performance modes,Performance modes,Compilation of Changes
2020.08,D,Y02D 10/126,Y02D 10/126,Frequency modification,Frequency modification,Compilation of Changes
2020.08,D,Y02D 10/128,Y02D 10/128,Clock disabling,Clock disabling,Compilation of Changes
2020.08,D,Y02D 10/13,Y02D 10/13,"Access, addressing or allocation within memory systems or architectures, e.g. to reduce power consumption or heat production or to increase battery life","Access, addressing or allocation within memory systems or architectures, e.g. to reduce power consumption or heat production or to increase battery life",Compilation of Changes
2020.08,D,Y02D 10/14,Y02D 10/14,"Interconnection, or transfer of information or other signals between, memories, peripherals or central processing units","Interconnection, or transfer of information or other signals between, memories, peripherals or central processing units",Compilation of Changes
2020.08,D,Y02D 10/15,Y02D 10/15,acting upon peripherals,acting upon peripherals,Compilation of Changes
2020.08,D,Y02D 10/151,Y02D 10/151,the peripheral being a bus,the peripheral being a bus,Compilation of Changes
2020.08,D,Y02D 10/152,Y02D 10/152,the peripheral being a memory control unit [MCU],the peripheral being a memory control unit [MCU],Compilation of Changes
2020.08,D,Y02D 10/153,Y02D 10/153,the peripheral being a display,the peripheral being a display,Compilation of Changes
2020.08,D,Y02D 10/154,Y02D 10/154,the peripheral being disc or storage devices,the peripheral being disc or storage devices,Compilation of Changes
2020.08,D,Y02D 10/1542,Y02D 10/1542,the peripheral being a CD-ROM unit,the peripheral being a CD-ROM unit,Compilation of Changes
2020.08,D,Y02D 10/155,Y02D 10/155,the peripheral being a cursor control device,the peripheral being a cursor control device,Compilation of Changes
2020.08,D,Y02D 10/156,Y02D 10/156,the peripheral being a keyboard,the peripheral being a keyboard,Compilation of Changes
2020.08,D,Y02D 10/157,Y02D 10/157,the peripheral being a modem,the peripheral being a modem,Compilation of Changes
2020.08,D,Y02D 10/158,Y02D 10/158,the peripheral being a PCMCIA card,the peripheral being a PCMCIA card,Compilation of Changes
2020.08,D,Y02D 10/159,Y02D 10/159,the peripheral being a printer,the peripheral being a printer,Compilation of Changes
2020.08,D,Y02D 10/1592,Y02D 10/1592,Data transfer to print units,Data transfer to print units,Compilation of Changes
2020.08,D,Y02D 10/16,Y02D 10/16,Cooling means for computing equipment provided with thermal management,Cooling means for computing equipment provided with thermal management,Compilation of Changes
2020.08,D,Y02D 10/17,Y02D 10/17,Power management,Power management,Compilation of Changes
2020.08,D,Y02D 10/171,Y02D 10/171,Selective power distribution,Selective power distribution,Compilation of Changes
2020.08,D,Y02D 10/172,Y02D 10/172,Controlling the supply voltage,Controlling the supply voltage,Compilation of Changes
2020.08,D,Y02D 10/173,Y02D 10/173,Monitoring user presence,Monitoring user presence,Compilation of Changes
2020.08,D,Y02D 10/174,Y02D 10/174,Battery monitoring,Battery monitoring,Compilation of Changes
2020.08,D,Y02D 10/175,Y02D 10/175,Power strips aiming to energy efficient operation,Power strips aiming to energy efficient operation,Compilation of Changes
2020.08,D,Y02D 10/02,Y02D 10/02,"Reducing energy consumption by means of multiprocessor or multiprocessing based techniques, other than acting upon the power supply","Reducing energy consumption by means of multiprocessor or multiprocessing based techniques, other than acting upon the power supply",Compilation of Changes
2020.08,D,Y02D 10/22,Y02D 10/22,Resource allocation,Resource allocation,Compilation of Changes
2020.08,D,Y02D 10/24,Y02D 10/24,Scheduling,Scheduling,Compilation of Changes
2020.08,D,Y02D 10/26,Y02D 10/26,"Increasing resource utilisation, e.g. virtualisation, consolidation","Increasing resource utilisation, e.g. virtualisation, consolidation",Compilation of Changes
2020.08,D,Y02D 10/28,Y02D 10/28,Load distribution,Load distribution,Compilation of Changes
2020.08,D,Y02D 10/03,Y02D 10/03,Reducing energy consumption in distributed systems,Reducing energy consumption in distributed systems,Compilation of Changes
2020.08,D,Y02D 10/32,Y02D 10/32,Delegation or migration,Delegation or migration,Compilation of Changes
2020.08,D,Y02D 10/34,Y02D 10/34,Monitoring,Monitoring,Compilation of Changes
2020.08,D,Y02D 10/36,Y02D 10/36,Resource sharing,Resource sharing,Compilation of Changes
2020.08,D,Y02D 10/04,Y02D 10/04,Reducing energy consumption at software or application level,Reducing energy consumption at software or application level,Compilation of Changes
2020.08,D,Y02D 10/41,Y02D 10/41,Compilation,Compilation,Compilation of Changes
2020.08,D,Y02D 10/42,Y02D 10/42,Installation,Installation,Compilation of Changes
2020.08,D,Y02D 10/43,Y02D 10/43,"At application level, i.e. feedback, prediction or usage patterns","At application level, i.e. feedback, prediction or usage patterns",Compilation of Changes
2020.08,D,Y02D 10/44,Y02D 10/44,"Suspending or hibernating, performance or eco-modes, operating system support, e.g. advanced configuration and power interface [ACPI]","Suspending or hibernating, performance or eco-modes, operating system support, e.g. advanced configuration and power interface [ACPI]",Compilation of Changes
2020.08,D,Y02D 10/45,Y02D 10/45,Information retrieval in databases,Information retrieval in databases,Compilation of Changes
2020.08,T,Y02D 30/00,Y02D 30/00,High level techniques for reducingReducing energy consumption in communication networks,High level techniques for reducingReducing energy consumption in communication networks,Compilation of Changes
2020.08,D,Y02D 30/01,Y02D 30/01,"by proxying, i.e. delegating network functionalities while in low-power mode, e.g. ECMA 393 standard","by proxying, i.e. delegating network functionalities while in low-power mode, e.g. ECMA 393 standard",Compilation of Changes
2020.08,D,Y02D 30/02,Y02D 30/02,by energy-aware routing,by energy-aware routing,Compilation of Changes
2020.08,D,Y02D 30/03,Y02D 30/03,"by signaling and coordination, e.g. signaling reduction, link layer discovery protocol [LLDP], control policies, green TCP","by signaling and coordination, e.g. signaling reduction, link layer discovery protocol [LLDP], control policies, green TCP",Compilation of Changes
2020.08,D,Y02D 30/32,Y02D 30/32,"specifically suitable for Ethernet, e.g. IEEE802.3az","specifically suitable for Ethernet, e.g. IEEE802.3az",Compilation of Changes
2020.08,D,Y02D 30/34,Y02D 30/34,specifically suitable for DSL,specifically suitable for DSL,Compilation of Changes
2020.08,D,Y02D 30/04,Y02D 30/04,"Application modification for reducing energy consumption, e.g. green peer-to-peer,","Application modification for reducing energy consumption, e.g. green peer-to-peer,",Compilation of Changes
2020.08,N,Y02D 30/05,Y02D 30/05,"in wire-line communication networks, e.g. low power modes or reduced link rate","in wire-line communication networks, e.g. low power modes or reduced link rate",Compilation of Changes
2020.08,N,Y02D 30/07,Y02D 30/07,in wireless communication networks,in wireless communication networks,Compilation of Changes
2020.08,D,Y02D 50/00,Y02D 50/00,Techniques for reducing energy consumption in wire-line communication networks,Techniques for reducing energy consumption in wire-line communication networks,Compilation of Changes
2020.08,D,Y02D 50/01,Y02D 50/01,"using reduced link rate, e.g. adaptive link rate, not involving auto-negotiation","using reduced link rate, e.g. adaptive link rate, not involving auto-negotiation",Compilation of Changes
2020.08,D,Y02D 50/02,Y02D 50/02,using subset functionality,using subset functionality,Compilation of Changes
2020.08,D,Y02D 50/03,Y02D 50/03,by selective link activation in bundled links,by selective link activation in bundled links,Compilation of Changes
2020.08,D,Y02D 50/04,Y02D 50/04,by operating in low-power or sleep mode,by operating in low-power or sleep mode,Compilation of Changes
2020.08,D,Y02D 50/42,Y02D 50/42,"specifically suitable for Ethernet, e.g. IEEE802.3az","specifically suitable for Ethernet, e.g. IEEE802.3az",Compilation of Changes
2020.08,D,Y02D 50/44,Y02D 50/44,specifically suitable for DSL,specifically suitable for DSL,Compilation of Changes
2020.08,D,Y02D 70/00,Y02D 70/00,Techniques for reducing energy consumption in wireless communication networks,Techniques for reducing energy consumption in wireless communication networks,Compilation of Changes
2020.08,D,Y02D 70/01,Y02D 70/01,according to the Radio Access Technology [RAT],according to the Radio Access Technology [RAT],Compilation of Changes
2020.08,D,Y02D 70/12,Y02D 70/12,in 3rd Generation Partnership Project [3GPP] networks,in 3rd Generation Partnership Project [3GPP] networks,Compilation of Changes
2020.08,D,Y02D 70/122,Y02D 70/122,in 2nd generation [2G] networks,in 2nd generation [2G] networks,Compilation of Changes
2020.08,D,Y02D 70/1222,Y02D 70/1222,in Global System for Mobile Communications [GSM] networks,in Global System for Mobile Communications [GSM] networks,Compilation of Changes
2020.08,D,Y02D 70/1224,Y02D 70/1224,in General Packet Radio Service [GPRS] networks,in General Packet Radio Service [GPRS] networks,Compilation of Changes
2020.08,D,Y02D 70/1226,Y02D 70/1226,in Enhanced Data rates for GSM Evolution [EDGE] networks,in Enhanced Data rates for GSM Evolution [EDGE] networks,Compilation of Changes
2020.08,D,Y02D 70/124,Y02D 70/124,in 3rd generation [3G] networks,in 3rd generation [3G] networks,Compilation of Changes
2020.08,D,Y02D 70/1242,Y02D 70/1242,in Universal Mobile Telecommunications Systems [UMTS] networks,in Universal Mobile Telecommunications Systems [UMTS] networks,Compilation of Changes
2020.08,D,Y02D 70/1244,Y02D 70/1244,in High-Speed Downlink Packet Access [HSDPA] networks,in High-Speed Downlink Packet Access [HSDPA] networks,Compilation of Changes
2020.08,D,Y02D 70/1246,Y02D 70/1246,in High-Speed Uplink Packet Access [HSUPA] networks,in High-Speed Uplink Packet Access [HSUPA] networks,Compilation of Changes
2020.08,D,Y02D 70/126,Y02D 70/126,in 4th generation [4G] networks,in 4th generation [4G] networks,Compilation of Changes
2020.08,D,Y02D 70/1262,Y02D 70/1262,in Long-Term Evolution [LTE] networks,in Long-Term Evolution [LTE] networks,Compilation of Changes
2020.08,D,Y02D 70/1264,Y02D 70/1264,in Long-Term Evolution Advanced [LTE-A] networks,in Long-Term Evolution Advanced [LTE-A] networks,Compilation of Changes
2020.08,D,Y02D 70/14,Y02D 70/14,in Institute of Electrical and Electronics Engineers [IEEE] networks,in Institute of Electrical and Electronics Engineers [IEEE] networks,Compilation of Changes
2020.08,D,Y02D 70/142,Y02D 70/142,in Wireless Local Area Networks [WLAN],in Wireless Local Area Networks [WLAN],Compilation of Changes
2020.08,D,Y02D 70/144,Y02D 70/144,in Bluetooth and Wireless Personal Area Networks [WPAN],in Bluetooth and Wireless Personal Area Networks [WPAN],Compilation of Changes
2020.08,D,Y02D 70/146,Y02D 70/146,in Worldwide Interoperability for Microwave Access [WiMAX] networks,in Worldwide Interoperability for Microwave Access [WiMAX] networks,Compilation of Changes
2020.08,D,Y02D 70/16,Y02D 70/16,in other wireless communication networks,in other wireless communication networks,Compilation of Changes
2020.08,D,Y02D 70/162,Y02D 70/162,in Zigbee networks,in Zigbee networks,Compilation of Changes
2020.08,D,Y02D 70/164,Y02D 70/164,in Satellite Navigation receivers,in Satellite Navigation receivers,Compilation of Changes
2020.08,D,Y02D 70/166,Y02D 70/166,in Radio Frequency Identification [RF-ID] transceivers,in Radio Frequency Identification [RF-ID] transceivers,Compilation of Changes
2020.08,D,Y02D 70/168,Y02D 70/168,in Digital Video Broadcasting [DVB] networks,in Digital Video Broadcasting [DVB] networks,Compilation of Changes
2020.08,D,Y02D 70/02,Y02D 70/02,independent of Radio Access Technologies,independent of Radio Access Technologies,Compilation of Changes
2020.08,D,Y02D 70/21,Y02D 70/21,in machine-to-machine [M2M] and device-to-device [D2D] communications,in machine-to-machine [M2M] and device-to-device [D2D] communications,Compilation of Changes
2020.08,D,Y02D 70/22,Y02D 70/22,"in peer-to-peer [P2P], ad hoc and mesh networks","in peer-to-peer [P2P], ad hoc and mesh networks",Compilation of Changes
2020.08,D,Y02D 70/23,Y02D 70/23,in Voice over IP [VoIP] networks,in Voice over IP [VoIP] networks,Compilation of Changes
2020.08,D,Y02D 70/24,Y02D 70/24,in Discontinuous Reception [DRX] networks,in Discontinuous Reception [DRX] networks,Compilation of Changes
2020.08,D,Y02D 70/25,Y02D 70/25,in Discontinuous Transmission [DTX] networks,in Discontinuous Transmission [DTX] networks,Compilation of Changes
2020.08,D,Y02D 70/26,Y02D 70/26,"in wearable devices, e.g. watches, glasses","in wearable devices, e.g. watches, glasses",Compilation of Changes
2020.08,D,Y02D 70/03,Y02D 70/03,Power-based selection of communication route or path,Power-based selection of communication route or path,Compilation of Changes
2020.08,D,Y02D 70/32,Y02D 70/32,based on wireless node resources,based on wireless node resources,Compilation of Changes
2020.08,D,Y02D 70/322,Y02D 70/322,based on characteristics of available antennas,based on characteristics of available antennas,Compilation of Changes
2020.08,D,Y02D 70/324,Y02D 70/324,based on transmission power,based on transmission power,Compilation of Changes
2020.08,D,Y02D 70/326,Y02D 70/326,based on available power or energy,based on available power or energy,Compilation of Changes
2020.08,D,Y02D 70/34,Y02D 70/34,based on transmission quality or channel quality,based on transmission quality or channel quality,Compilation of Changes
2020.08,D,Y02D 70/38,Y02D 70/38,based on geographic position or location,based on geographic position or location,Compilation of Changes
2020.08,D,Y02D 70/39,Y02D 70/39,using selective relaying for reaching a BTS [Base Transceiver Station] or an access point,using selective relaying for reaching a BTS [Base Transceiver Station] or an access point,Compilation of Changes
2020.08,D,Y02D 70/04,Y02D 70/04,According to the transmission technology,According to the transmission technology,Compilation of Changes
2020.08,D,Y02D 70/42,Y02D 70/42,"Near-field transmission systems, e.g. inductive or capacitive coupling","Near-field transmission systems, e.g. inductive or capacitive coupling",Compilation of Changes
2020.08,D,Y02D 70/44,Y02D 70/44,"Radio transmission systems, i.e. using radiation field","Radio transmission systems, i.e. using radiation field",Compilation of Changes
2020.08,D,Y02D 70/442,Y02D 70/442,"Diversity systems; Multi-antenna systems, i.e. transmission or reception using multiple antennas","Diversity systems; Multi-antenna systems, i.e. transmission or reception using multiple antennas",Compilation of Changes
2020.08,D,Y02D 70/444,Y02D 70/444,using two or more spaced independent antennas,using two or more spaced independent antennas,Compilation of Changes
2020.08,D,Y02D 70/446,Y02D 70/446,Relay systems,Relay systems,Compilation of Changes
2020.08,D,Y02D 70/448,Y02D 70/448,for communication between two or more posts,for communication between two or more posts,Compilation of Changes
2020.08,D,Y02D 70/449,Y02D 70/449,at least one of which is mobile,at least one of which is mobile,Compilation of Changes
2020.08,D,Y02D 70/46,Y02D 70/46,"Transmission systems employing electromagnetic waves other than radio-waves, e.g. infrared, visible or ultraviolet light, or employing corpuscular radiation, e.g. quantum communication","Transmission systems employing electromagnetic waves other than radio-waves, e.g. infrared, visible or ultraviolet light, or employing corpuscular radiation, e.g. quantum communication",Compilation of Changes
2020.08,D,Y02D 70/48,Y02D 70/48,"Transmission systems employing sonic, ultrasonic or infrasonic waves","Transmission systems employing sonic, ultrasonic or infrasonic waves",Compilation of Changes
2020.08,U,Y02E 10/00,Y02E 10/00,Energy generation through renewable energy sources,Energy generation through renewable energy sources,Compilation of Changes
2020.08,T,Y02E 10/01,Y02E 10/01,Geothermal energy,Geothermal energy,Compilation of Changes
2020.08,D,Y02E 10/12,Y02E 10/12,Earth coil heat exchangers,Earth coil heat exchangers,Compilation of Changes
2020.08,D,Y02E 10/125,Y02E 10/125,"Compact tube assemblies, e.g. geothermal probes","Compact tube assemblies, e.g. geothermal probes",Compilation of Changes
2020.08,D,Y02E 10/14,Y02E 10/14,"Systems injecting medium directly into ground, e.g. hot dry rock system, underground water","Systems injecting medium directly into ground, e.g. hot dry rock system, underground water",Compilation of Changes
2020.08,D,Y02E 10/16,Y02E 10/16,Systems injecting medium into a closed well,Systems injecting medium into a closed well,Compilation of Changes
2020.08,D,Y02E 10/18,Y02E 10/18,"Systems exchanging heat with fluids in pipes, e.g. fresh water or waste water","Systems exchanging heat with fluids in pipes, e.g. fresh water or waste water",Compilation of Changes
2020.08,T,Y02E 10/02,Y02E 10/02,Hydro energy,Hydro energy,Compilation of Changes
2020.08,D,Y02E 10/22,Y02E 10/22,"Conventional, e.g. with dams, turbines and waterwheels","Conventional, e.g. with dams, turbines and waterwheels",Compilation of Changes
2020.08,D,Y02E 10/223,Y02E 10/223,"Turbines or waterwheels, e.g. details of the rotor","Turbines or waterwheels, e.g. details of the rotor",Compilation of Changes
2020.08,D,Y02E 10/226,Y02E 10/226,Other parts or details,Other parts or details,Compilation of Changes
2020.08,D,Y02E 10/28,Y02E 10/28,"Tidal stream or damless hydropower, e.g. sea flood and ebb, river, stream","Tidal stream or damless hydropower, e.g. sea flood and ebb, river, stream",Compilation of Changes
2020.08,T,Y02E 10/03,Y02E 10/03,"Energy from the sea , e.g. using wave energy or salinity gradient(tidal stream Y02E10/28)","Energy from the sea , e.g. using wave energy or salinity gradient(tidal stream Y02E10/28)",Compilation of Changes
2020.08,D,Y02E 10/32,Y02E 10/32,Oscillating water column [OWC],Oscillating water column [OWC],Compilation of Changes
2020.08,D,Y02E 10/34,Y02E 10/34,Ocean thermal energy conversion [OTEC],Ocean thermal energy conversion [OTEC],Compilation of Changes
2020.08,D,Y02E 10/36,Y02E 10/36,Salinity gradient,Salinity gradient,Compilation of Changes
2020.08,D,Y02E 10/38,Y02E 10/38,"Wave energy or tidal swell, e.g. Pelamis-type","Wave energy or tidal swell, e.g. Pelamis-type",Compilation of Changes
2020.08,T,Y02E 10/04,Y02E 10/04,"Solar thermal energy, e.g. solar towers","Solar thermal energy, e.g. solar towers",Compilation of Changes
2020.08,D,Y02E 10/41,Y02E 10/41,Tower concentrators,Tower concentrators,Compilation of Changes
2020.08,D,Y02E 10/42,Y02E 10/42,Dish collectors,Dish collectors,Compilation of Changes
2020.08,D,Y02E 10/43,Y02E 10/43,Fresnel lenses,Fresnel lenses,Compilation of Changes
2020.08,U,Y02E 10/44,Y02E 10/44,Heat exchange systems,Heat exchange systems,Compilation of Changes
2020.08,D,Y02E 10/45,Y02E 10/45,Trough concentrators,Trough concentrators,Compilation of Changes
2020.08,T,Y02E 10/46,Y02E 10/46,"Conversion of thermal power into mechanical power, e.g. Rankine, Stirling or solar thermal engines","Conversion of thermal power into mechanical power, e.g. Rankine, Stirling or solar thermal engines",Compilation of Changes
2020.08,D,Y02E 10/465,Y02E 10/465,Thermal updraft,Thermal updraft,Compilation of Changes
2020.08,U,Y02E 10/47,Y02E 10/47,Mountings or tracking,Mountings or tracking,Compilation of Changes
2020.08,T,Y02E 10/05,Y02E 10/05,Photovoltaic [PV] energy,Photovoltaic [PV] energy,Compilation of Changes
2020.08,U,Y02E 10/52,Y02E 10/52,PV systems with concentrators,PV systems with concentrators,Compilation of Changes
2020.08,D,Y02E 10/54,Y02E 10/54,Material technologies,Material technologies,Compilation of Changes
2020.08,M,Y02E 10/541,Y02E 10/541,CuInSe2CuInSe2 material PV cells,CuInSe2CuInSe2 material PV cells,Compilation of Changes
2020.08,M,Y02E 10/542,Y02E 10/542,Dye sensitized solar cells,Dye sensitized solar cells,Compilation of Changes
2020.08,M,Y02E 10/543,Y02E 10/543,Solar cells from Group II-VI materials,Solar cells from Group II-VI materials,Compilation of Changes
2020.08,M,Y02E 10/544,Y02E 10/544,Solar cells from Group III-V materials,Solar cells from Group III-V materials,Compilation of Changes
2020.08,M,Y02E 10/545,Y02E 10/545,Microcrystalline silicon PV cells,Microcrystalline silicon PV cells,Compilation of Changes
2020.08,M,Y02E 10/546,Y02E 10/546,Polycrystalline silicon PV cells,Polycrystalline silicon PV cells,Compilation of Changes
2020.08,M,Y02E 10/547,Y02E 10/547,Monocrystalline silicon PV cells,Monocrystalline silicon PV cells,Compilation of Changes
2020.08,M,Y02E 10/548,Y02E 10/548,Amorphous silicon PV cells,Amorphous silicon PV cells,Compilation of Changes
2020.08,M,Y02E 10/549,Y02E 10/549,organicOrganic PV cells,organicOrganic PV cells,Compilation of Changes
2020.08,T,Y02E 10/56,Y02E 10/56,"Power conversion electric or electronic aspectssystems, e.g. maximum power point trackers","Power conversion electric or electronic aspectssystems, e.g. maximum power point trackers",Compilation of Changes
2020.08,D,Y02E 10/563,Y02E 10/563,for grid-connected applications,for grid-connected applications,Compilation of Changes
2020.08,D,Y02E 10/566,Y02E 10/566,"concerning power management inside the plant, e.g. battery charging/discharging, economical operation, hybridisation with other energy sources","concerning power management inside the plant, e.g. battery charging/discharging, economical operation, hybridisation with other energy sources",Compilation of Changes
2020.08,D,Y02E 10/58,Y02E 10/58,Maximum power point tracking [MPPT] systems,Maximum power point tracking [MPPT] systems,Compilation of Changes
2020.08,U,Y02E 10/06,Y02E 10/06,Thermal-PV hybrids,Thermal-PV hybrids,Compilation of Changes
2020.08,U,Y02E 10/07,Y02E 10/07,Wind energy,Wind energy,Compilation of Changes
2020.08,T,Y02E 10/72,Y02E 10/72,Wind turbines with rotation axis in wind direction,Wind turbines with rotation axis in wind direction,Compilation of Changes
2020.08,D,Y02E 10/721,Y02E 10/721,Blades or rotors,Blades or rotors,Compilation of Changes
2020.08,D,Y02E 10/722,Y02E 10/722,Components or gearbox,Components or gearbox,Compilation of Changes
2020.08,D,Y02E 10/723,Y02E 10/723,Control of turbines,Control of turbines,Compilation of Changes
2020.08,D,Y02E 10/725,Y02E 10/725,Generator or configuration,Generator or configuration,Compilation of Changes
2020.08,D,Y02E 10/726,Y02E 10/726,Nacelles,Nacelles,Compilation of Changes
2020.08,M,Y02E 10/727,Y02E 10/727,Offshore towerswind turbines,Offshore towerswind turbines,Compilation of Changes
2020.08,M,Y02E 10/728,Y02E 10/728,Onshore towerswind turbines,Onshore towerswind turbines,Compilation of Changes
2020.08,U,Y02E 10/74,Y02E 10/74,Wind turbines with rotation axis perpendicular to the wind direction,Wind turbines with rotation axis perpendicular to the wind direction,Compilation of Changes
2020.08,T,Y02E 10/76,Y02E 10/76,Power conversion electric or electronic aspects,Power conversion electric or electronic aspects,Compilation of Changes
2020.08,D,Y02E 10/763,Y02E 10/763,for grid-connected applications,for grid-connected applications,Compilation of Changes
2020.08,D,Y02E 10/766,Y02E 10/766,"concerning power management inside the plant, e.g. battery charging/discharging, economical operation, hybridisation with other energy sources","concerning power management inside the plant, e.g. battery charging/discharging, economical operation, hybridisation with other energy sources",Compilation of Changes
2020.08,T,Y02E 20/00,Y02E 20/00,Combustion technologies with mitigation potential,Combustion technologies with mitigation potential,Compilation of Changes
2020.08,D,Y02E 20/01,Y02E 20/01,Combined combustion,Combined combustion,Compilation of Changes
2020.08,M,Y02E 20/12,Y02E 20/12,Heat utilisation in combustion or incineration of waste,Heat utilisation in combustion or incineration of waste,Compilation of Changes
2020.08,M,Y02E 20/14,Y02E 20/14,Combined heat and power generation [CHP],Combined heat and power generation [CHP],Compilation of Changes
2020.08,M,Y02E 20/16,Y02E 20/16,"Combined cycle power plant [CCPP], or combined cycle gas turbine [CCGT]","Combined cycle power plant [CCPP], or combined cycle gas turbine [CCGT]",Compilation of Changes
2020.08,T,Y02E 20/18,Y02E 20/18,"Integrated gasification combined cycle [IGCC], e.g. combined with carbon capture and storage [CCS]","Integrated gasification combined cycle [IGCC], e.g. combined with carbon capture and storage [CCS]",Compilation of Changes
2020.08,D,Y02E 20/185,Y02E 20/185,combined with carbon capture and storage [CCS],combined with carbon capture and storage [CCS],Compilation of Changes
2020.08,T,Y02E 20/03,Y02E 20/03,Technologies for a more efficient combustion or heat usage,Technologies for a more efficient combustion or heat usage,Compilation of Changes
2020.08,T,Y02E 20/32,Y02E 20/32,Direct CO2 mitigation,Direct CO2 mitigation,Compilation of Changes
2020.08,D,Y02E 20/322,Y02E 20/322,"Use of synair, i.e. a mixture of recycled CO2 and pure O2","Use of synair, i.e. a mixture of recycled CO2 and pure O2",Compilation of Changes
2020.08,D,Y02E 20/324,Y02E 20/324,Use of reactants before or during combustion,Use of reactants before or during combustion,Compilation of Changes
2020.08,D,Y02E 20/326,Y02E 20/326,"Segregation from fumes, including use of reactants downstream from combustion or deep cooling","Segregation from fumes, including use of reactants downstream from combustion or deep cooling",Compilation of Changes
2020.08,D,Y02E 20/328,Y02E 20/328,Controls of combustion specifically inferring on CO2 emissions,Controls of combustion specifically inferring on CO2 emissions,Compilation of Changes
2020.08,T,Y02E 20/34,Y02E 20/34,"Indirect CO2 mitigation, i.e. by acting on non CO2 directly related matters of the process, e.g. more efficient use of fuelspre-heating or heat recovery","Indirect CO2 mitigation, i.e. by acting on non CO2 directly related matters of the process, e.g. more efficient use of fuelspre-heating or heat recovery",Compilation of Changes
2020.08,D,Y02E 20/342,Y02E 20/342,Cold flame,Cold flame,Compilation of Changes
2020.08,D,Y02E 20/344,Y02E 20/344,Oxyfuel combustion,Oxyfuel combustion,Compilation of Changes
2020.08,D,Y02E 20/346,Y02E 20/346,Unmixed combustion,Unmixed combustion,Compilation of Changes
2020.08,D,Y02E 20/348,Y02E 20/348,Air pre-heating,Air pre-heating,Compilation of Changes
2020.08,D,Y02E 20/36,Y02E 20/36,Heat recovery other than air pre-heating,Heat recovery other than air pre-heating,Compilation of Changes
2020.08,D,Y02E 20/363,Y02E 20/363,at fumes level,at fumes level,Compilation of Changes
2020.08,D,Y02E 20/366,Y02E 20/366,at burner level,at burner level,Compilation of Changes
2020.08,U,Y02E 30/00,Y02E 30/00,Energy generation of nuclear origin,Energy generation of nuclear origin,Compilation of Changes
2020.08,T,Y02E 30/01,Y02E 30/01,FusionNuclear fusion reactors,FusionNuclear fusion reactors,Compilation of Changes
2020.08,D,Y02E 30/12,Y02E 30/12,Magnetic plasma confinement [MPC],Magnetic plasma confinement [MPC],Compilation of Changes
2020.08,D,Y02E 30/122,Y02E 30/122,Tokamaks,Tokamaks,Compilation of Changes
2020.08,D,Y02E 30/124,Y02E 30/124,Stellarators,Stellarators,Compilation of Changes
2020.08,D,Y02E 30/126,Y02E 30/126,Other reactors with MPC,Other reactors with MPC,Compilation of Changes
2020.08,D,Y02E 30/128,Y02E 30/128,"First wall, divertor, blanket","First wall, divertor, blanket",Compilation of Changes
2020.08,D,Y02E 30/14,Y02E 30/14,Inertial plasma confinement,Inertial plasma confinement,Compilation of Changes
2020.08,D,Y02E 30/16,Y02E 30/16,Injection systems and targets,Injection systems and targets,Compilation of Changes
2020.08,D,Y02E 30/18,Y02E 30/18,"Low temperature fusion, e.g. ""cold fusion""","Low temperature fusion, e.g. ""cold fusion""",Compilation of Changes
2020.08,T,Y02E 30/03,Y02E 30/03,Nuclear fission reactors,Nuclear fission reactors,Compilation of Changes
2020.08,D,Y02E 30/31,Y02E 30/31,Boiling water reactors,Boiling water reactors,Compilation of Changes
2020.08,D,Y02E 30/32,Y02E 30/32,Pressurized water reactors,Pressurized water reactors,Compilation of Changes
2020.08,D,Y02E 30/33,Y02E 30/33,Gas cooled reactors,Gas cooled reactors,Compilation of Changes
2020.08,D,Y02E 30/34,Y02E 30/34,Fast breeder reactors,Fast breeder reactors,Compilation of Changes
2020.08,D,Y02E 30/35,Y02E 30/35,Liquid metal reactors,Liquid metal reactors,Compilation of Changes
2020.08,D,Y02E 30/36,Y02E 30/36,Pebble bed reactors,Pebble bed reactors,Compilation of Changes
2020.08,D,Y02E 30/37,Y02E 30/37,Accelerator driven reactors,Accelerator driven reactors,Compilation of Changes
2020.08,D,Y02E 30/38,Y02E 30/38,Fuel,Fuel,Compilation of Changes
2020.08,D,Y02E 30/39,Y02E 30/39,Control of nuclear reactions,Control of nuclear reactions,Compilation of Changes
2020.08,D,Y02E 30/04,Y02E 30/04,Other aspects relating to nuclear fission,Other aspects relating to nuclear fission,Compilation of Changes
2020.08,U,Y02E 40/00,Y02E 40/00,"Technologies for an efficient electrical power generation, transmission or distribution","Technologies for an efficient electrical power generation, transmission or distribution",Compilation of Changes
2020.08,T,Y02E 40/01,Y02E 40/01,Flexible AC transmission systems [FACTS],Flexible AC transmission systems [FACTS],Compilation of Changes
2020.08,D,Y02E 40/12,Y02E 40/12,"Static VAR compensators [SVC], static VAR generators [SVG] or static VAR systems [SVS], including thyristor-controlled reactors [TCR], thyristor-switched reactors [TSR] or thyristor-switched capacitors [TSC]","Static VAR compensators [SVC], static VAR generators [SVG] or static VAR systems [SVS], including thyristor-controlled reactors [TCR], thyristor-switched reactors [TSR] or thyristor-switched capacitors [TSC]",Compilation of Changes
2020.08,D,Y02E 40/14,Y02E 40/14,Thyristor-controlled series capacitors [TCSC],Thyristor-controlled series capacitors [TCSC],Compilation of Changes
2020.08,D,Y02E 40/16,Y02E 40/16,Static synchronous compensators [STATCOM],Static synchronous compensators [STATCOM],Compilation of Changes
2020.08,D,Y02E 40/18,Y02E 40/18,Unified power flow controllers [UPF] or controlled series voltage compensators,Unified power flow controllers [UPF] or controlled series voltage compensators,Compilation of Changes
2020.08,T,Y02E 40/02,Y02E 40/02,Active power filtering [APF],Active power filtering [APF],Compilation of Changes
2020.08,D,Y02E 40/22,Y02E 40/22,Non-specified or voltage-fed active power filters,Non-specified or voltage-fed active power filters,Compilation of Changes
2020.08,D,Y02E 40/24,Y02E 40/24,Current-fed active power filters,Current-fed active power filters,Compilation of Changes
2020.08,D,Y02E 40/26,Y02E 40/26,using a multilevel or multicell converter,using a multilevel or multicell converter,Compilation of Changes
2020.08,T,Y02E 40/03,Y02E 40/03,Reactive power compensation (Y02E40/10 take precedence),Reactive power compensation (Y02E40/10 take precedence),Compilation of Changes
2020.08,D,Y02E 40/32,Y02E 40/32,using synchronous generators,using synchronous generators,Compilation of Changes
2020.08,D,Y02E 40/34,Y02E 40/34,for voltage regulation,for voltage regulation,Compilation of Changes
2020.08,M,Y02E 40/04,Y02E 40/04,Arrangements for reducing harmonics (Y02E40/10 - Y02E40/30 take precedence),Arrangements for reducing harmonics (Y02E40/10 - Y02E40/30 take precedence),Compilation of Changes
2020.08,U,Y02E 40/05,Y02E 40/05,Arrangements for eliminating or reducing asymmetry in polyphase networks,Arrangements for eliminating or reducing asymmetry in polyphase networks,Compilation of Changes
2020.08,T,Y02E 40/06,Y02E 40/06,Superconducting electric elements or equipment; Superconducting electric elements or equipment or powerPower systems integrating superconducting elements or equipment,Superconducting electric elements or equipment; Superconducting electric elements or equipment or powerPower systems integrating superconducting elements or equipment,Compilation of Changes
2020.08,D,Y02E 40/62,Y02E 40/62,Superconducting generators,Superconducting generators,Compilation of Changes
2020.08,D,Y02E 40/622,Y02E 40/622,Superconducting synchronous generators,Superconducting synchronous generators,Compilation of Changes
2020.08,D,Y02E 40/625,Y02E 40/625,with a superconducting rotor,with a superconducting rotor,Compilation of Changes
2020.08,D,Y02E 40/627,Y02E 40/627,Superconducting homopolar generators,Superconducting homopolar generators,Compilation of Changes
2020.08,D,Y02E 40/64,Y02E 40/64,Superconducting transmission lines or power lines or cables or installations thereof,Superconducting transmission lines or power lines or cables or installations thereof,Compilation of Changes
2020.08,D,Y02E 40/641,Y02E 40/641,characterised by their form,characterised by their form,Compilation of Changes
2020.08,D,Y02E 40/642,Y02E 40/642,Films or wires on bases or cores,Films or wires on bases or cores,Compilation of Changes
2020.08,D,Y02E 40/644,Y02E 40/644,Multifilaments embedded in normal conductors,Multifilaments embedded in normal conductors,Compilation of Changes
2020.08,D,Y02E 40/645,Y02E 40/645,characterised by the disposition of thermal insulation,characterised by the disposition of thermal insulation,Compilation of Changes
2020.08,D,Y02E 40/647,Y02E 40/647,characterised by cooling,characterised by cooling,Compilation of Changes
2020.08,D,Y02E 40/648,Y02E 40/648,Installation of superconducting cables or lines,Installation of superconducting cables or lines,Compilation of Changes
2020.08,D,Y02E 40/66,Y02E 40/66,Superconducting transformers or inductors,Superconducting transformers or inductors,Compilation of Changes
2020.08,D,Y02E 40/67,Y02E 40/67,"Superconducting energy storage for power networks, e.g. SME, superconducting magnetic storage","Superconducting energy storage for power networks, e.g. SME, superconducting magnetic storage",Compilation of Changes
2020.08,D,Y02E 40/68,Y02E 40/68,Protective or switching arrangements for superconducting elements or equipment,Protective or switching arrangements for superconducting elements or equipment,Compilation of Changes
2020.08,D,Y02E 40/69,Y02E 40/69,"Current limitation using superconducting elements, including multifunctional current limiters","Current limitation using superconducting elements, including multifunctional current limiters",Compilation of Changes
2020.08,T,Y02E 40/07,Y02E 40/07,"Systems integrating technologies related to power network operation and communication or information technologies for improving the carbon footprint of electrical power generation, transmission or distribution, i.e. smartSmart grids as climate change mitigation technology in the energy generation sector (smart grids relating to the energy generation sector in general, e.g. with no associated climate change mitigation effect Y04S10/00)","Systems integrating technologies related to power network operation and communication or information technologies for improving the carbon footprint of electrical power generation, transmission or distribution, i.e. smartSmart grids as climate change mitigation technology in the energy generation sector (smart grids relating to the energy generation sector in general, e.g. with no associated climate change mitigation effect Y04S10/00)",Compilation of Changes
2020.08,D,Y02E 40/72,Y02E 40/72,"Systems characterised by the monitoring, control or operation of energy generation units, e.g. distributed generation [DER] or load-side generation","Systems characterised by the monitoring, control or operation of energy generation units, e.g. distributed generation [DER] or load-side generation",Compilation of Changes
2020.08,D,Y02E 40/725,Y02E 40/725,the energy generation units being or involving renewable energy sources,the energy generation units being or involving renewable energy sources,Compilation of Changes
2020.08,D,Y02E 40/74,Y02E 40/74,"Systems characterised by the monitoring, control or operation of flexible AC transmission systems [FACTS] or power factor or reactive power compensating or correcting units","Systems characterised by the monitoring, control or operation of flexible AC transmission systems [FACTS] or power factor or reactive power compensating or correcting units",Compilation of Changes
2020.08,D,Y02E 40/76,Y02E 40/76,Computing methods or systems for efficient or low carbon management or operation of electric power systems,Computing methods or systems for efficient or low carbon management or operation of electric power systems,Compilation of Changes
2020.08,U,Y02E 50/00,Y02E 50/00,Technologies for the production of fuel of non-fossil origin,Technologies for the production of fuel of non-fossil origin,Compilation of Changes
2020.08,T,Y02E 50/01,Y02E 50/01,"Biofuels, e.g. bio-diesel","Biofuels, e.g. bio-diesel",Compilation of Changes
2020.08,D,Y02E 50/11,Y02E 50/11,CHP turbines for biofeed,CHP turbines for biofeed,Compilation of Changes
2020.08,D,Y02E 50/12,Y02E 50/12,Gas turbines for biofeed,Gas turbines for biofeed,Compilation of Changes
2020.08,D,Y02E 50/13,Y02E 50/13,Bio-diesel,Bio-diesel,Compilation of Changes
2020.08,D,Y02E 50/14,Y02E 50/14,Bio-pyrolysis,Bio-pyrolysis,Compilation of Changes
2020.08,D,Y02E 50/15,Y02E 50/15,Torrefaction of biomass,Torrefaction of biomass,Compilation of Changes
2020.08,D,Y02E 50/16,Y02E 50/16,Cellulosic bio-ethanol,Cellulosic bio-ethanol,Compilation of Changes
2020.08,D,Y02E 50/17,Y02E 50/17,Grain bio-ethanol,Grain bio-ethanol,Compilation of Changes
2020.08,D,Y02E 50/18,Y02E 50/18,Bio-alcohols produced by other means than fermentation,Bio-alcohols produced by other means than fermentation,Compilation of Changes
2020.08,T,Y02E 50/03,Y02E 50/03,"Fuel from waste, e.g. synthetic alcohol or diesel","Fuel from waste, e.g. synthetic alcohol or diesel",Compilation of Changes
2020.08,D,Y02E 50/32,Y02E 50/32,Synthesis of alcohols or diesel from waste including a pyrolysis or gasification step,Synthesis of alcohols or diesel from waste including a pyrolysis or gasification step,Compilation of Changes
2020.08,D,Y02E 50/34,Y02E 50/34,Methane,Methane,Compilation of Changes
2020.08,D,Y02E 50/343,Y02E 50/343,"production by fermentation of organic by-products, e.g. sludge","production by fermentation of organic by-products, e.g. sludge",Compilation of Changes
2020.08,D,Y02E 50/346,Y02E 50/346,from landfill gas,from landfill gas,Compilation of Changes
2020.08,T,Y02E 60/00,Y02E 60/00,Enabling technologies; Enabling technologies or technologiesTechnologies with a potential or indirect contribution to GHG emissions mitigation,Enabling technologies; Enabling technologies or technologiesTechnologies with a potential or indirect contribution to GHG emissions mitigation,Compilation of Changes
2020.08,T,Y02E 60/01,Y02E 60/01,Energy storage using batteries,Energy storage using batteries,Compilation of Changes
2020.08,D,Y02E 60/12,Y02E 60/12,Battery technologies with an indirect contribution to GHG emissions mitigation (battery technologies specific to electromobility Y02T10/7005),Battery technologies with an indirect contribution to GHG emissions mitigation (battery technologies specific to electromobility Y02T10/7005),Compilation of Changes
2020.08,D,Y02E 60/122,Y02E 60/122,Lithium-ion batteries,Lithium-ion batteries,Compilation of Changes
2020.08,D,Y02E 60/124,Y02E 60/124,"Alkaline secondary batteries, e.g. NiCd or NiMH","Alkaline secondary batteries, e.g. NiCd or NiMH",Compilation of Changes
2020.08,D,Y02E 60/126,Y02E 60/126,Lead-acid batteries,Lead-acid batteries,Compilation of Changes
2020.08,D,Y02E 60/128,Y02E 60/128,Hybrid cells composed of a half-cell of a fuel-cell type and a half-cell of the secondary-cell type,Hybrid cells composed of a half-cell of a fuel-cell type and a half-cell of the secondary-cell type,Compilation of Changes
2020.08,T,Y02E 60/13,Y02E 60/13,"Ultracapacitors, supercapacitors, double-layerEnergy storage using capacitors","Ultracapacitors, supercapacitors, double-layerEnergy storage using capacitors",Compilation of Changes
2020.08,T,Y02E 60/14,Y02E 60/14,Thermal energy storage,Thermal energy storage,Compilation of Changes
2020.08,D,Y02E 60/142,Y02E 60/142,Sensible heat storage,Sensible heat storage,Compilation of Changes
2020.08,D,Y02E 60/145,Y02E 60/145,Latent heat storage,Latent heat storage,Compilation of Changes
2020.08,D,Y02E 60/147,Y02E 60/147,Cold storage,Cold storage,Compilation of Changes
2020.08,D,Y02E 60/15,Y02E 60/15,Pressurised fluid storage,Pressurised fluid storage,Compilation of Changes
2020.08,T,Y02E 60/16,Y02E 60/16,"Mechanical energy storage, e.g. flywheels or pressurised fluids","Mechanical energy storage, e.g. flywheels or pressurised fluids",Compilation of Changes
2020.08,D,Y02E 60/17,Y02E 60/17,Pumped storage,Pumped storage,Compilation of Changes
2020.08,U,Y02E 60/03,Y02E 60/03,Hydrogen technology,Hydrogen technology,Compilation of Changes
2020.08,T,Y02E 60/32,Y02E 60/32,Hydrogen storage,Hydrogen storage,Compilation of Changes
2020.08,D,Y02E 60/321,Y02E 60/321,"Storage of liquefied, solidified, or compressed hydrogen in containers","Storage of liquefied, solidified, or compressed hydrogen in containers",Compilation of Changes
2020.08,D,Y02E 60/322,Y02E 60/322,Storage in caverns,Storage in caverns,Compilation of Changes
2020.08,D,Y02E 60/324,Y02E 60/324,Reversible uptake of hydrogen by an appropriate medium,Reversible uptake of hydrogen by an appropriate medium,Compilation of Changes
2020.08,D,Y02E 60/325,Y02E 60/325,the medium being carbon,the medium being carbon,Compilation of Changes
2020.08,D,Y02E 60/327,Y02E 60/327,"the medium being a metal or rare earth metal, an intermetallic compound or a metal alloy","the medium being a metal or rare earth metal, an intermetallic compound or a metal alloy",Compilation of Changes
2020.08,D,Y02E 60/328,Y02E 60/328,the medium being an organic compound or a solution thereof,the medium being an organic compound or a solution thereof,Compilation of Changes
2020.08,U,Y02E 60/34,Y02E 60/34,Hydrogen distribution,Hydrogen distribution,Compilation of Changes
2020.08,T,Y02E 60/36,Y02E 60/36,"Hydrogen production from non-carbon containing sources, e.g. by water electrolysis","Hydrogen production from non-carbon containing sources, e.g. by water electrolysis",Compilation of Changes
2020.08,D,Y02E 60/362,Y02E 60/362,"by chemical reaction with metal hydrides, e.g. hydrolysis of metal borohydrides","by chemical reaction with metal hydrides, e.g. hydrolysis of metal borohydrides",Compilation of Changes
2020.08,D,Y02E 60/364,Y02E 60/364,"by decomposition of inorganic compounds, e.g. splitting of water other than electrolysis, ammonia borane, ammonia","by decomposition of inorganic compounds, e.g. splitting of water other than electrolysis, ammonia borane, ammonia",Compilation of Changes
2020.08,D,Y02E 60/366,Y02E 60/366,by electrolysis of water,by electrolysis of water,Compilation of Changes
2020.08,D,Y02E 60/368,Y02E 60/368,by photo-electrolysis,by photo-electrolysis,Compilation of Changes
2020.08,T,Y02E 60/05,Y02E 60/05,Fuel cells,Fuel cells,Compilation of Changes
2020.08,D,Y02E 60/52,Y02E 60/52,characterised by type or design,characterised by type or design,Compilation of Changes
2020.08,D,Y02E 60/521,Y02E 60/521,Proton Exchange Membrane Fuel Cells [PEMFC],Proton Exchange Membrane Fuel Cells [PEMFC],Compilation of Changes
2020.08,D,Y02E 60/522,Y02E 60/522,Direct Alcohol Fuel Cells [DAFC],Direct Alcohol Fuel Cells [DAFC],Compilation of Changes
2020.08,D,Y02E 60/523,Y02E 60/523,Direct Methanol Fuel Cells [DMFC],Direct Methanol Fuel Cells [DMFC],Compilation of Changes
2020.08,D,Y02E 60/525,Y02E 60/525,Solid Oxide Fuel Cells [SOFC],Solid Oxide Fuel Cells [SOFC],Compilation of Changes
2020.08,D,Y02E 60/526,Y02E 60/526,Molten Carbonate Fuel Cells [MCFC],Molten Carbonate Fuel Cells [MCFC],Compilation of Changes
2020.08,D,Y02E 60/527,Y02E 60/527,Bio Fuel Cells,Bio Fuel Cells,Compilation of Changes
2020.08,D,Y02E 60/528,Y02E 60/528,"Regenerative or indirect fuel cells, e.g. redox flow type batteries","Regenerative or indirect fuel cells, e.g. redox flow type batteries",Compilation of Changes
2020.08,D,Y02E 60/56,Y02E 60/56,integrally combined with other energy production systems,integrally combined with other energy production systems,Compilation of Changes
2020.08,D,Y02E 60/563,Y02E 60/563,"Cogeneration of mechanical energy, e.g. integral combination of fuel cells and electric motors","Cogeneration of mechanical energy, e.g. integral combination of fuel cells and electric motors",Compilation of Changes
2020.08,D,Y02E 60/566,Y02E 60/566,Production of chemical products inside the fuel cell; incomplete combustion,Production of chemical products inside the fuel cell; incomplete combustion,Compilation of Changes
2020.08,M,Y02E 60/06,Y02E 60/06,"Arrangements for transfer of electric power between AC networks via a high-tension DC link, HVDC transmissionor generators via a high voltage DC link [HVCD]","Arrangements for transfer of electric power between AC networks via a high-tension DC link, HVDC transmissionor generators via a high voltage DC link [HVCD]",Compilation of Changes
2020.08,D,Y02E 60/07,Y02E 60/07,"Systems integrating technologies related to power network operation and communication or information technologies mediating in the improvement of the carbon footprint of electrical power generation, transmission or distribution, i.e. smart grids as enabling technology in the energy generation sector (smart grids relating to the energy generation sector in general, e.g. with no associated climate change mitigation effect Y04S10/00)","Systems integrating technologies related to power network operation and communication or information technologies mediating in the improvement of the carbon footprint of electrical power generation, transmission or distribution, i.e. smart grids as enabling technology in the energy generation sector (smart grids relating to the energy generation sector in general, e.g. with no associated climate change mitigation effect Y04S10/00)",Compilation of Changes
2020.08,D,Y02E 60/72,Y02E 60/72,"Systems characterised by the monitored, controlled or operated power network elements or equipments","Systems characterised by the monitored, controlled or operated power network elements or equipments",Compilation of Changes
2020.08,D,Y02E 60/721,Y02E 60/721,"the elements or equipments being or involving electric vehicles [EV] or hybrid vehicles [HEV], i.e. power aggregation of EV or HEV, vehicle to grid arrangements [V2G] (remote or cooperative charging Y02T90/168; details associated with the interoperability in the section of transportation, e.g. vehicle recognition, authentication, identification or billing Y02T90/169)","the elements or equipments being or involving electric vehicles [EV] or hybrid vehicles [HEV], i.e. power aggregation of EV or HEV, vehicle to grid arrangements [V2G] (remote or cooperative charging Y02T90/168; details associated with the interoperability in the section of transportation, e.g. vehicle recognition, authentication, identification or billing Y02T90/169)",Compilation of Changes
2020.08,D,Y02E 60/722,Y02E 60/722,the elements or equipments being or involving energy storage units (for systems comprising uninterruptible power supplies or standby generators Y04S20/12),the elements or equipments being or involving energy storage units (for systems comprising uninterruptible power supplies or standby generators Y04S20/12),Compilation of Changes
2020.08,D,Y02E 60/723,Y02E 60/723,the elements or equipments being or involving electric power substations,the elements or equipments being or involving electric power substations,Compilation of Changes
2020.08,D,Y02E 60/724,Y02E 60/724,"the elements or equipments being or involving switches, relays or circuit breakers, e.g. intelligent electronic devices [IED]","the elements or equipments being or involving switches, relays or circuit breakers, e.g. intelligent electronic devices [IED]",Compilation of Changes
2020.08,D,Y02E 60/725,Y02E 60/725,"the elements or equipments being or involving protection elements, arrangements or systems","the elements or equipments being or involving protection elements, arrangements or systems",Compilation of Changes
2020.08,D,Y02E 60/726,Y02E 60/726,the elements or equipments being or involving voltage regulating units,the elements or equipments being or involving voltage regulating units,Compilation of Changes
2020.08,D,Y02E 60/727,Y02E 60/727,the elements or equipments being or involving measuring units,the elements or equipments being or involving measuring units,Compilation of Changes
2020.08,D,Y02E 60/728,Y02E 60/728,the measuring units being or involving phasor measuring units [PMU],the measuring units being or involving phasor measuring units [PMU],Compilation of Changes
2020.08,D,Y02E 60/74,Y02E 60/74,"Systems characterised by state monitoring, e.g. fault, temperature monitoring, insulator monitoring, corona discharge","Systems characterised by state monitoring, e.g. fault, temperature monitoring, insulator monitoring, corona discharge",Compilation of Changes
2020.08,D,Y02E 60/76,Y02E 60/76,Computer aided design [CAD]; Simulation; Modelling,Computer aided design [CAD]; Simulation; Modelling,Compilation of Changes
2020.08,D,Y02E 60/78,Y02E 60/78,Communication technology specific aspects,Communication technology specific aspects,Compilation of Changes
2020.08,D,Y02E 60/7807,Y02E 60/7807,"characterised by data transport means between the monitoring, controlling or managing units and monitored, controlled or operated electrical equipment","characterised by data transport means between the monitoring, controlling or managing units and monitored, controlled or operated electrical equipment",Compilation of Changes
2020.08,D,Y02E 60/7815,Y02E 60/7815,using the power network as support for the transmission,using the power network as support for the transmission,Compilation of Changes
2020.08,D,Y02E 60/7823,Y02E 60/7823,using pulsed signals,using pulsed signals,Compilation of Changes
2020.08,D,Y02E 60/783,Y02E 60/783,using modification of a parameter of the network power signal,using modification of a parameter of the network power signal,Compilation of Changes
2020.08,D,Y02E 60/7838,Y02E 60/7838,using a wired telecommunication network or a data transmission bus,using a wired telecommunication network or a data transmission bus,Compilation of Changes
2020.08,D,Y02E 60/7846,Y02E 60/7846,using phone lines,using phone lines,Compilation of Changes
2020.08,D,Y02E 60/7853,Y02E 60/7853,using wireless data transmission,using wireless data transmission,Compilation of Changes
2020.08,D,Y02E 60/7861,Y02E 60/7861,By means of mobile telephony,By means of mobile telephony,Compilation of Changes
2020.08,D,Y02E 60/7869,Y02E 60/7869,involving the use of Internet protocol,involving the use of Internet protocol,Compilation of Changes
2020.08,D,Y02E 60/7876,Y02E 60/7876,Communication technology specific aspects,Communication technology specific aspects,Compilation of Changes
2020.08,D,Y02E 60/7884,Y02E 60/7884,using dedicated transmission supports,using dedicated transmission supports,Compilation of Changes
2020.08,D,Y02E 60/7892,Y02E 60/7892,using the power network as support for the transmission,using the power network as support for the transmission,Compilation of Changes
2020.08,U,Y02E 70/00,Y02E 70/00,Other energy conversion or management systems reducing GHG emissions,Other energy conversion or management systems reducing GHG emissions,Compilation of Changes
2020.08,D,Y02E 70/01,Y02E 70/01,"Hydrogen from electrolysis with energy of non-fossil origin, e.g. PV, wind power, nuclear","Hydrogen from electrolysis with energy of non-fossil origin, e.g. PV, wind power, nuclear",Compilation of Changes
2020.08,D,Y02E 70/02,Y02E 70/02,Systems combining fuel cells with production of fuel of non-fossil origin,Systems combining fuel cells with production of fuel of non-fossil origin,Compilation of Changes
2020.08,U,Y02E 70/03,Y02E 70/03,Systems combining energy storage with energy generation of non-fossil origin,Systems combining energy storage with energy generation of non-fossil origin,Compilation of Changes
2020.08,D,Y02E 70/04,Y02E 70/04,"Energy efficient batteries, ultracapacitors, supercapacitors or double-layer capacitors charging or discharging systems or methods, e.g. auxiliary power consumption reduction, resonant chargers or dischargers, resistive losses minimisation","Energy efficient batteries, ultracapacitors, supercapacitors or double-layer capacitors charging or discharging systems or methods, e.g. auxiliary power consumption reduction, resonant chargers or dischargers, resistive losses minimisation",Compilation of Changes
2020.08,U,Y02P 10/00,Y02P 10/00,Technologies related to metal processing,Technologies related to metal processing,Compilation of Changes
2020.08,T,Y02P 10/01,Y02P 10/01,Reduction of greenhouse gas [GHG] emissions,Reduction of greenhouse gas [GHG] emissions,Compilation of Changes
2020.08,D,Y02P 10/12,Y02P 10/12,CO2,CO2,Compilation of Changes
2020.08,T,Y02P 10/122,Y02P 10/122,by capturing or storing CO2,by capturing or storing CO2,Compilation of Changes
2020.08,D,Y02P 10/124,Y02P 10/124,Recycling of CO2-rich gas,Recycling of CO2-rich gas,Compilation of Changes
2020.08,D,Y02P 10/126,Y02P 10/126,Recycling of CO2-lean gas,Recycling of CO2-lean gas,Compilation of Changes
2020.08,D,Y02P 10/128,Y02P 10/128,Oxycombustion,Oxycombustion,Compilation of Changes
2020.08,D,Y02P 10/13,Y02P 10/13,Post-combustion,Post-combustion,Compilation of Changes
2020.08,D,Y02P 10/132,Y02P 10/132,CO2 storage,CO2 storage,Compilation of Changes
2020.08,T,Y02P 10/134,Y02P 10/134,"by avoiding CO2 avoidance, e.g. using hydrogen","by avoiding CO2 avoidance, e.g. using hydrogen",Compilation of Changes
2020.08,D,Y02P 10/136,Y02P 10/136,"using hydrogen, e.g. H2","using hydrogen, e.g. H2",Compilation of Changes
2020.08,D,Y02P 10/138,Y02P 10/138,Electrolysis,Electrolysis,Compilation of Changes
2020.08,D,Y02P 10/14,Y02P 10/14,Greenhouse gases [GHG] other than CO2,Greenhouse gases [GHG] other than CO2,Compilation of Changes
2020.08,M,Y02P 10/143,Y02P 10/143,Methaneof methane [CH4],Methaneof methane [CH4],Compilation of Changes
2020.08,M,Y02P 10/146,Y02P 10/146,Perfluorocarbons [PFC]; Hydrofluorocarbons [HFC]; Sulfur hexafluoride [SF6],Perfluorocarbons [PFC]; Hydrofluorocarbons [HFC]; Sulfur hexafluoride [SF6],Compilation of Changes
2020.08,T,Y02P 10/02,Y02P 10/02,Process efficiencyRecycling,Process efficiencyRecycling,Compilation of Changes
2020.08,D,Y02P 10/21,Y02P 10/21,by recovering materials,by recovering materials,Compilation of Changes
2020.08,D,Y02P 10/212,Y02P 10/212,Recovering metals from waste,Recovering metals from waste,Compilation of Changes
2020.08,D,Y02P 10/214,Y02P 10/214,by pyro metallurgy,by pyro metallurgy,Compilation of Changes
2020.08,D,Y02P 10/216,Y02P 10/216,of Fe,of Fe,Compilation of Changes
2020.08,D,Y02P 10/218,Y02P 10/218,of Al,of Al,Compilation of Changes
2020.08,D,Y02P 10/22,Y02P 10/22,of Cu,of Cu,Compilation of Changes
2020.08,D,Y02P 10/224,Y02P 10/224,of Co or Ni,of Co or Ni,Compilation of Changes
2020.08,D,Y02P 10/226,Y02P 10/226,of Mg,of Mg,Compilation of Changes
2020.08,D,Y02P 10/228,Y02P 10/228,of Sn,of Sn,Compilation of Changes
2020.08,D,Y02P 10/23,Y02P 10/23,of refractory metals,of refractory metals,Compilation of Changes
2020.08,D,Y02P 10/232,Y02P 10/232,of Zn or ZnO,of Zn or ZnO,Compilation of Changes
2020.08,D,Y02P 10/234,Y02P 10/234,by hydro metallurgy,by hydro metallurgy,Compilation of Changes
2020.08,D,Y02P 10/236,Y02P 10/236,of Cu,of Cu,Compilation of Changes
2020.08,D,Y02P 10/238,Y02P 10/238,by means other than pyro metallurgy or hydro metallurgy,by means other than pyro metallurgy or hydro metallurgy,Compilation of Changes
2020.08,D,Y02P 10/24,Y02P 10/24,powder metallurgy,powder metallurgy,Compilation of Changes
2020.08,D,Y02P 10/242,Y02P 10/242,Slag reuse in metallurgical processes,Slag reuse in metallurgical processes,Compilation of Changes
2020.08,T,Y02P 10/25,Y02P 10/25,by increasing the energy efficiency of the processProcess efficiency,by increasing the energy efficiency of the processProcess efficiency,Compilation of Changes
2020.08,D,Y02P 10/253,Y02P 10/253,using induction furnaces,using induction furnaces,Compilation of Changes
2020.08,D,Y02P 10/256,Y02P 10/256,Design or operational measures for increasing the efficiency of electric conversion,Design or operational measures for increasing the efficiency of electric conversion,Compilation of Changes
2020.08,D,Y02P 10/259,Y02P 10/259,in electric arc furnaces,in electric arc furnaces,Compilation of Changes
2020.08,D,Y02P 10/262,Y02P 10/262,in electrolytic cells,in electrolytic cells,Compilation of Changes
2020.08,D,Y02P 10/265,Y02P 10/265,by heat recovery,by heat recovery,Compilation of Changes
2020.08,D,Y02P 10/268,Y02P 10/268,with by-product gas in energy cycle,with by-product gas in energy cycle,Compilation of Changes
2020.08,D,Y02P 10/271,Y02P 10/271,low temperature heat recovery,low temperature heat recovery,Compilation of Changes
2020.08,D,Y02P 10/274,Y02P 10/274,medium temperature heat recovery,medium temperature heat recovery,Compilation of Changes
2020.08,D,Y02P 10/277,Y02P 10/277,high temperature heat recovery,high temperature heat recovery,Compilation of Changes
2020.08,D,Y02P 10/28,Y02P 10/28,using by-product gases,using by-product gases,Compilation of Changes
2020.08,D,Y02P 10/283,Y02P 10/283,"using water, e.g. for cooling","using water, e.g. for cooling",Compilation of Changes
2020.08,D,Y02P 10/286,Y02P 10/286,by process control or by modelling,by process control or by modelling,Compilation of Changes
2020.08,D,Y02P 10/29,Y02P 10/29,Additive manufacturing,Additive manufacturing,Compilation of Changes
2020.08,D,Y02P 10/292,Y02P 10/292,of casting moulds,of casting moulds,Compilation of Changes
2020.08,D,Y02P 10/295,Y02P 10/295,of metals,of metals,Compilation of Changes
2020.08,D,Y02P 10/03,Y02P 10/03,characterised by the energy source,characterised by the energy source,Compilation of Changes
2020.08,T,Y02P 10/32,Y02P 10/32,the energy source being renewableusing renewable energy sources,the energy source being renewableusing renewable energy sources,Compilation of Changes
2020.08,D,Y02P 10/34,Y02P 10/34,Cogeneration with other industries,Cogeneration with other industries,Compilation of Changes
2020.08,T,Y02P 20/00,Y02P 20/00,Technologies relating to chemical industry,Technologies relating to chemical industry,Compilation of Changes
2020.08,T,Y02P 20/01,Y02P 20/01,General improvement of production processes causing greenhouse gases [GHG] emissionsProcess efficiency,General improvement of production processes causing greenhouse gases [GHG] emissionsProcess efficiency,Compilation of Changes
2020.08,D,Y02P 20/12,Y02P 20/12,Energy input,Energy input,Compilation of Changes
2020.08,D,Y02P 20/121,Y02P 20/121,"Energy efficiency measures, e.g. energy management","Energy efficiency measures, e.g. energy management",Compilation of Changes
2020.08,D,Y02P 20/122,Y02P 20/122,characterised by the type of apparatus,characterised by the type of apparatus,Compilation of Changes
2020.08,D,Y02P 20/123,Y02P 20/123,Motor systems,Motor systems,Compilation of Changes
2020.08,D,Y02P 20/124,Y02P 20/124,"Boilers, furnaces, lighting or vacuum systems","Boilers, furnaces, lighting or vacuum systems",Compilation of Changes
2020.08,D,Y02P 20/125,Y02P 20/125,Process integration,Process integration,Compilation of Changes
2020.08,D,Y02P 20/126,Y02P 20/126,Membrane separation,Membrane separation,Compilation of Changes
2020.08,D,Y02P 20/127,Y02P 20/127,Reactive distillation,Reactive distillation,Compilation of Changes
2020.08,D,Y02P 20/128,Y02P 20/128,"Alternative fuel sources, e.g. for process heat or steam","Alternative fuel sources, e.g. for process heat or steam",Compilation of Changes
2020.08,T,Y02P 20/129,Y02P 20/129,"Energy recovery, e.g. by cogeneration, H2recovery or pressure recovery turbines","Energy recovery, e.g. by cogeneration, H2recovery or pressure recovery turbines",Compilation of Changes
2020.08,D,Y02P 20/13,Y02P 20/13,Cogeneration,Cogeneration,Compilation of Changes
2020.08,D,Y02P 20/131,Y02P 20/131,Pressure recovery turbines,Pressure recovery turbines,Compilation of Changes
2020.08,D,Y02P 20/132,Y02P 20/132,H2 recovery,H2 recovery,Compilation of Changes
2020.08,T,Y02P 20/133,Y02P 20/133,"Renewable energy sources, e.g. sunlight","Renewable energy sources, e.g. sunlight",Compilation of Changes
2020.08,D,Y02P 20/134,Y02P 20/134,Sunlight,Sunlight,Compilation of Changes
2020.08,D,Y02P 20/135,Y02P 20/135,Photoelectrochemical processes,Photoelectrochemical processes,Compilation of Changes
2020.08,D,Y02P 20/136,Y02P 20/136,"of biological origin, e.g. biomass, biofuels, biogas","of biological origin, e.g. biomass, biofuels, biogas",Compilation of Changes
2020.08,D,Y02P 20/14,Y02P 20/14,Reagents; Educts; Products,Reagents; Educts; Products,Compilation of Changes
2020.08,T,Y02P 20/141,Y02P 20/141,Feedstock,Feedstock,Compilation of Changes
2020.08,D,Y02P 20/142,Y02P 20/142,the feedstock being CO2,the feedstock being CO2,Compilation of Changes
2020.08,T,Y02P 20/143,Y02P 20/143,"the feedstock being recycled material, e.g. plastics","the feedstock being recycled material, e.g. plastics",Compilation of Changes
2020.08,D,Y02P 20/144,Y02P 20/144,"to generate syngas, i.e. H2 + CO","to generate syngas, i.e. H2 + CO",Compilation of Changes
2020.08,M,Y02P 20/145,Y02P 20/145,the feedstock being materials of biological origin,the feedstock being materials of biological origin,Compilation of Changes
2020.08,D,Y02P 20/146,Y02P 20/146,Changing the product type or product distribution,Changing the product type or product distribution,Compilation of Changes
2020.08,D,Y02P 20/147,Y02P 20/147,Using materials efficiently,Using materials efficiently,Compilation of Changes
2020.08,D,Y02P 20/148,Y02P 20/148,Recycling,Recycling,Compilation of Changes
2020.08,D,Y02P 20/149,Y02P 20/149,Reduced process losses,Reduced process losses,Compilation of Changes
2020.08,D,Y02P 20/15,Y02P 20/15,Reduced transportation losses,Reduced transportation losses,Compilation of Changes
2020.08,T,Y02P 20/151,Y02P 20/151,"Reduction of greenhouse gas [GHG] emissions, e.g. CO2","Reduction of greenhouse gas [GHG] emissions, e.g. CO2",Compilation of Changes
2020.08,D,Y02P 20/152,Y02P 20/152,CO2,CO2,Compilation of Changes
2020.08,D,Y02P 20/153,Y02P 20/153,N2O,N2O,Compilation of Changes
2020.08,D,Y02P 20/154,Y02P 20/154,Halogenated hydrocarbons,Halogenated hydrocarbons,Compilation of Changes
2020.08,M,Y02P 20/155,Y02P 20/155,Perfluorocarbons [PFC]; Hydrofluorocarbons [HFC]; Hydrochlorofluorocarbons [HCFC]; Chlorofluorocarbons [CFC],Perfluorocarbons [PFC]; Hydrofluorocarbons [HFC]; Hydrochlorofluorocarbons [HCFC]; Chlorofluorocarbons [CFC],Compilation of Changes
2020.08,M,Y02P 20/156,Y02P 20/156,Methane [CH4],Methane [CH4],Compilation of Changes
2020.08,T,Y02P 20/02,Y02P 20/02,Improvements relating to chlorine production,Improvements relating to chlorine production,Compilation of Changes
2020.08,D,Y02P 20/22,Y02P 20/22,Optimization of Deacon process,Optimization of Deacon process,Compilation of Changes
2020.08,D,Y02P 20/224,Y02P 20/224,by process design,by process design,Compilation of Changes
2020.08,D,Y02P 20/228,Y02P 20/228,"by improving the materials, e.g. gauze composition or structure","by improving the materials, e.g. gauze composition or structure",Compilation of Changes
2020.08,T,Y02P 20/03,Y02P 20/03,Improvements relating to adipic acid or caprolactam production,Improvements relating to adipic acid or caprolactam production,Compilation of Changes
2020.08,D,Y02P 20/32,Y02P 20/32,Technologies aiming at reducing N2O emissions,Technologies aiming at reducing N2O emissions,Compilation of Changes
2020.08,D,Y02P 20/324,Y02P 20/324,by thermal destruction of N2O,by thermal destruction of N2O,Compilation of Changes
2020.08,D,Y02P 20/328,Y02P 20/328,by catalytic reduction of N2O,by catalytic reduction of N2O,Compilation of Changes
2020.08,T,Y02P 20/04,Y02P 20/04,"Improvements relating to fluorochloro hydrocarbon, e.g. chlorodifluoromethane [HCFC-22] production","Improvements relating to fluorochloro hydrocarbon, e.g. chlorodifluoromethane [HCFC-22] production",Compilation of Changes
2020.08,D,Y02P 20/42,Y02P 20/42,Reducing fluoroform [HFC-23] emissions,Reducing fluoroform [HFC-23] emissions,Compilation of Changes
2020.08,D,Y02P 20/424,Y02P 20/424,by capture and subsequent thermal oxidation,by capture and subsequent thermal oxidation,Compilation of Changes
2020.08,T,Y02P 20/05,Y02P 20/05,"Improvements relating to the production of products other than chlorine, adipic acid, caprolactam, or chlorodifluoromethane, e.g. bulk or fine chemicals or pharmaceuticalsbulk chemicals","Improvements relating to the production of products other than chlorine, adipic acid, caprolactam, or chlorodifluoromethane, e.g. bulk or fine chemicals or pharmaceuticalsbulk chemicals",Compilation of Changes
2020.08,D,Y02P 20/51,Y02P 20/51,Bulk chemicals,Bulk chemicals,Compilation of Changes
2020.08,D,Y02P 20/514,Y02P 20/514,Aldehydes; Alcohols,Aldehydes; Alcohols,Compilation of Changes
2020.08,D,Y02P 20/518,Y02P 20/518,"Hydrocyanation products, e.g. adipodinitrile","Hydrocyanation products, e.g. adipodinitrile",Compilation of Changes
2020.08,U,Y02P 20/52,Y02P 20/52,"using catalysts, e.g. selective catalysts","using catalysts, e.g. selective catalysts",Compilation of Changes
2020.08,T,Y02P 20/54,Y02P 20/54,"characterised by the solventusing solvents, e.g. supercritical solvents or ionic liquids","characterised by the solventusing solvents, e.g. supercritical solvents or ionic liquids",Compilation of Changes
2020.08,D,Y02P 20/542,Y02P 20/542,the solvent being an ionic liquid,the solvent being an ionic liquid,Compilation of Changes
2020.08,D,Y02P 20/544,Y02P 20/544,"Supercritical solvents, e.g. supercritical H2O or CO2","Supercritical solvents, e.g. supercritical H2O or CO2",Compilation of Changes
2020.08,D,Y02P 20/546,Y02P 20/546,Mixtures of ionic liquids and supercritical solvents,Mixtures of ionic liquids and supercritical solvents,Compilation of Changes
2020.08,M,Y02P 20/55,Y02P 20/55,"Synthetic designDesign of synthesis routes, e.g. reducing the use of auxiliary or protecting groups","Synthetic designDesign of synthesis routes, e.g. reducing the use of auxiliary or protecting groups",Compilation of Changes
2020.08,D,Y02P 20/57,Y02P 20/57,Efficient separation techniques,Efficient separation techniques,Compilation of Changes
2020.08,D,Y02P 20/572,Y02P 20/572,Membranes,Membranes,Compilation of Changes
2020.08,D,Y02P 20/58,Y02P 20/58,Recycling,Recycling,Compilation of Changes
2020.08,M,Y02P 20/582,Y02P 20/582,Recycling of unreacted starting or intermediate materials,Recycling of unreacted starting or intermediate materials,Compilation of Changes
2020.08,M,Y02P 20/584,Y02P 20/584,Recycling of catalysts,Recycling of catalysts,Compilation of Changes
2020.08,D,Y02P 20/586,Y02P 20/586,"of reagents, e.g. co-catalysts, adjuvants","of reagents, e.g. co-catalysts, adjuvants",Compilation of Changes
2020.08,D,Y02P 20/588,Y02P 20/588,"involving immobilised starting materials, reagents or catalysts","involving immobilised starting materials, reagents or catalysts",Compilation of Changes
2020.08,U,Y02P 20/59,Y02P 20/59,Biological synthesis; Biological purification,Biological synthesis; Biological purification,Compilation of Changes
2020.08,T,Y02P 30/00,Y02P 30/00,Technologies relating to oil refining and petrochemical industry,Technologies relating to oil refining and petrochemical industry,Compilation of Changes
2020.08,D,Y02P 30/01,Y02P 30/01,Reduction of greenhouse gas [GHG] emissions during production processes,Reduction of greenhouse gas [GHG] emissions during production processes,Compilation of Changes
2020.08,T,Y02P 30/02,Y02P 30/02,Biousing bio-feedstock,Biousing bio-feedstock,Compilation of Changes
2020.08,D,Y02P 30/03,Y02P 30/03,Carbon capture or storage [CCS] specific to hydrogen production,Carbon capture or storage [CCS] specific to hydrogen production,Compilation of Changes
2020.08,T,Y02P 30/04,Y02P 30/04,Ethylene production,Ethylene production,Compilation of Changes
2020.08,D,Y02P 30/42,Y02P 30/42,using bio-feedstock,using bio-feedstock,Compilation of Changes
2020.08,D,Y02P 30/44,Y02P 30/44,"Cracking, e.g. steam cracking","Cracking, e.g. steam cracking",Compilation of Changes
2020.08,D,Y02P 30/442,Y02P 30/442,"Furnace or cracking tube materials, e.g. chemical composition of the tubes; Controlling or regulating the tube furnaces","Furnace or cracking tube materials, e.g. chemical composition of the tubes; Controlling or regulating the tube furnaces",Compilation of Changes
2020.08,D,Y02P 30/444,Y02P 30/444,Cogeneration using furnace exhaust,Cogeneration using furnace exhaust,Compilation of Changes
2020.08,D,Y02P 30/446,Y02P 30/446,Catalytic cracking,Catalytic cracking,Compilation of Changes
2020.08,D,Y02P 30/46,Y02P 30/46,Separation,Separation,Compilation of Changes
2020.08,D,Y02P 30/462,Y02P 30/462,using low temperature distillation,using low temperature distillation,Compilation of Changes
2020.08,D,Y02P 30/464,Y02P 30/464,using absorption or adsorption techniques,using absorption or adsorption techniques,Compilation of Changes
2020.08,D,Y02P 30/48,Y02P 30/48,Compression,Compression,Compilation of Changes
2020.08,T,Y02P 40/00,Y02P 40/00,Technologies relating to the processing of minerals,Technologies relating to the processing of minerals,Compilation of Changes
2020.08,T,Y02P 40/01,Y02P 40/01,"Production of cement, e.g. improving or optimising the production methods; Cement grinding","Production of cement, e.g. improving or optimising the production methods; Cement grinding",Compilation of Changes
2020.08,D,Y02P 40/12,Y02P 40/12,Clinker production,Clinker production,Compilation of Changes
2020.08,T,Y02P 40/121,Y02P 40/121,"Energy efficiency measures, e.g. improving or optimising the production methods","Energy efficiency measures, e.g. improving or optimising the production methods",Compilation of Changes
2020.08,D,Y02P 40/123,Y02P 40/123,Integrated production plants,Integrated production plants,Compilation of Changes
2020.08,T,Y02P 40/125,Y02P 40/125,"Fuels from renewable energy sources, e.g. waste or biomass","Fuels from renewable energy sources, e.g. waste or biomass",Compilation of Changes
2020.08,D,Y02P 40/126,Y02P 40/126,Waste,Waste,Compilation of Changes
2020.08,D,Y02P 40/128,Y02P 40/128,Biomass,Biomass,Compilation of Changes
2020.08,D,Y02P 40/14,Y02P 40/14,Reduction of clinker content in cement,Reduction of clinker content in cement,Compilation of Changes
2020.08,D,Y02P 40/141,Y02P 40/141,Blended cements,Blended cements,Compilation of Changes
2020.08,D,Y02P 40/143,Y02P 40/143,Clinker replacement by slag,Clinker replacement by slag,Compilation of Changes
2020.08,D,Y02P 40/145,Y02P 40/145,Clinker replacement by combustion residues,Clinker replacement by combustion residues,Compilation of Changes
2020.08,D,Y02P 40/146,Y02P 40/146,Clinker replacement by ground limestone,Clinker replacement by ground limestone,Compilation of Changes
2020.08,D,Y02P 40/148,Y02P 40/148,Belite cements,Belite cements,Compilation of Changes
2020.08,D,Y02P 40/16,Y02P 40/16,"Non-limestone based cements, e.g. alkali-activated cements","Non-limestone based cements, e.g. alkali-activated cements",Compilation of Changes
2020.08,D,Y02P 40/165,Y02P 40/165,Geopolymers,Geopolymers,Compilation of Changes
2020.08,U,Y02P 40/18,Y02P 40/18,Carbon capture and storage [CCS],Carbon capture and storage [CCS],Compilation of Changes
2020.08,D,Y02P 40/02,Y02P 40/02,Cement grinding,Cement grinding,Compilation of Changes
2020.08,D,Y02P 40/03,Y02P 40/03,Manufacturing or processing of sand or stone,Manufacturing or processing of sand or stone,Compilation of Changes
2020.08,T,Y02P 40/04,Y02P 40/04,"Production or processing of lime, e.g. limestone regeneration of lime in pulp and sugar mills","Production or processing of lime, e.g. limestone regeneration of lime in pulp and sugar mills",Compilation of Changes
2020.08,D,Y02P 40/42,Y02P 40/42,Limestone calcination,Limestone calcination,Compilation of Changes
2020.08,D,Y02P 40/44,Y02P 40/44,Regeneration of lime in pulp and sugar mills,Regeneration of lime in pulp and sugar mills,Compilation of Changes
2020.08,U,Y02P 40/45,Y02P 40/45,using fuels from renewable energy sources,using fuels from renewable energy sources,Compilation of Changes
2020.08,D,Y02P 40/47,Y02P 40/47,"Reduction of lime consumption, e.g. in sugar industry","Reduction of lime consumption, e.g. in sugar industry",Compilation of Changes
2020.08,D,Y02P 40/49,Y02P 40/49,Limestone grinding,Limestone grinding,Compilation of Changes
2020.08,T,Y02P 40/05,Y02P 40/05,"Glass production, e.g. reusing waste heat during processing or shaping","Glass production, e.g. reusing waste heat during processing or shaping",Compilation of Changes
2020.08,D,Y02P 40/51,Y02P 40/51,Producing or shaping of glass,Producing or shaping of glass,Compilation of Changes
2020.08,D,Y02P 40/52,Y02P 40/52,Use of cullet or other waste,Use of cullet or other waste,Compilation of Changes
2020.08,D,Y02P 40/53,Y02P 40/53,Reusing waste heat during processing or shaping,Reusing waste heat during processing or shaping,Compilation of Changes
2020.08,D,Y02P 40/535,Y02P 40/535,Regenerative heating,Regenerative heating,Compilation of Changes
2020.08,D,Y02P 40/55,Y02P 40/55,Oxy-fuel,Oxy-fuel,Compilation of Changes
2020.08,D,Y02P 40/56,Y02P 40/56,Batch or cullet pre-heating,Batch or cullet pre-heating,Compilation of Changes
2020.08,M,Y02P 40/57,Y02P 40/57,"ReductionImproving the yield, e-g- reduction of reject rates; Improving the yield","ReductionImproving the yield, e-g- reduction of reject rates; Improving the yield",Compilation of Changes
2020.08,D,Y02P 40/58,Y02P 40/58,Fuels from renewable energy sources,Fuels from renewable energy sources,Compilation of Changes
2020.08,D,Y02P 40/59,Y02P 40/59,"CO2 capture, e.g. for large oxy-fuel furnaces","CO2 capture, e.g. for large oxy-fuel furnaces",Compilation of Changes
2020.08,T,Y02P 40/06,Y02P 40/06,"Production of ceramic materials or ceramic elements, e.g. substitution of clay or shale by alternative raw materials, e.g. ashes","Production of ceramic materials or ceramic elements, e.g. substitution of clay or shale by alternative raw materials, e.g. ashes",Compilation of Changes
2020.08,D,Y02P 40/61,Y02P 40/61,"Manufacturing of materials for construction, e.g. beams, bricks or tiles","Manufacturing of materials for construction, e.g. beams, bricks or tiles",Compilation of Changes
2020.08,D,Y02P 40/615,Y02P 40/615,Bricks made from lime and sand,Bricks made from lime and sand,Compilation of Changes
2020.08,D,Y02P 40/63,Y02P 40/63,"Improving processing, storage or transport systems","Improving processing, storage or transport systems",Compilation of Changes
2020.08,D,Y02P 40/65,Y02P 40/65,Improving kilns,Improving kilns,Compilation of Changes
2020.08,D,Y02P 40/67,Y02P 40/67,Fuels from renewable energy sources,Fuels from renewable energy sources,Compilation of Changes
2020.08,D,Y02P 40/69,Y02P 40/69,"Substitution of clay or shale by alternative raw materials, e.g. ashes","Substitution of clay or shale by alternative raw materials, e.g. ashes",Compilation of Changes
2020.08,T,Y02P 60/00,Y02P 60/00,"Technologies relating to agriculture, livestock or agroalimentary industries","Technologies relating to agriculture, livestock or agroalimentary industries",Compilation of Changes
2020.08,D,Y02P 60/01,Y02P 60/01,Agricultural machinery or equipment,Agricultural machinery or equipment,Compilation of Changes
2020.08,T,Y02P 60/12,Y02P 60/12,"using renewable energies, e.g. solar water pumping","using renewable energies, e.g. solar water pumping",Compilation of Changes
2020.08,D,Y02P 60/122,Y02P 60/122,"for irrigation, e.g. solar water pumping","for irrigation, e.g. solar water pumping",Compilation of Changes
2020.08,D,Y02P 60/124,Y02P 60/124,Collecting solar energy in greenhouses,Collecting solar energy in greenhouses,Compilation of Changes
2020.08,T,Y02P 60/14,Y02P 60/14,"Measures for saving energy, e.g. in green houses","Measures for saving energy, e.g. in green houses",Compilation of Changes
2020.08,D,Y02P 60/141,Y02P 60/141,"in irrigation, i.e. motor control","in irrigation, i.e. motor control",Compilation of Changes
2020.08,D,Y02P 60/142,Y02P 60/142,Reduction of fuel consumption,Reduction of fuel consumption,Compilation of Changes
2020.08,D,Y02P 60/144,Y02P 60/144,"Combined machines, e.g. seeder combined with fertilizers","Combined machines, e.g. seeder combined with fertilizers",Compilation of Changes
2020.08,D,Y02P 60/146,Y02P 60/146,in greenhouses,in greenhouses,Compilation of Changes
2020.08,D,Y02P 60/147,Y02P 60/147,"Heating, ventilation or air conditioning","Heating, ventilation or air conditioning",Compilation of Changes
2020.08,D,Y02P 60/148,Y02P 60/148,"Constructive measures, e.g. light structures or improved insulation","Constructive measures, e.g. light structures or improved insulation",Compilation of Changes
2020.08,D,Y02P 60/149,Y02P 60/149,"Efficient lighting, e.g. LED lighting","Efficient lighting, e.g. LED lighting",Compilation of Changes
2020.08,D,Y02P 60/15,Y02P 60/15,in preparing or milling grain,in preparing or milling grain,Compilation of Changes
2020.08,D,Y02P 60/16,Y02P 60/16,"Machines for direct seeding, i.e. sod or grassland seeding","Machines for direct seeding, i.e. sod or grassland seeding",Compilation of Changes
2020.08,D,Y02P 60/18,Y02P 60/18,"Activities not otherwise provided for, e.g. storage","Activities not otherwise provided for, e.g. storage",Compilation of Changes
2020.08,T,Y02P 60/02,Y02P 60/02,"Reduction of greenhouse gas [GHG] emissions in agriculture, e.g. CO2","Reduction of greenhouse gas [GHG] emissions in agriculture, e.g. CO2",Compilation of Changes
2020.08,T,Y02P 60/21,Y02P 60/21,"Dinitrogen oxide [N2O], e.g. using aquaponics, hydroponics or efficiency measures","Dinitrogen oxide [N2O], e.g. using aquaponics, hydroponics or efficiency measures",Compilation of Changes
2020.08,D,Y02P 60/212,Y02P 60/212,Reducing the use of fertilizers,Reducing the use of fertilizers,Compilation of Changes
2020.08,D,Y02P 60/214,Y02P 60/214,Efficient applying machines,Efficient applying machines,Compilation of Changes
2020.08,D,Y02P 60/215,Y02P 60/215,Efficient spraying methods,Efficient spraying methods,Compilation of Changes
2020.08,D,Y02P 60/216,Y02P 60/216,Aquaponics or hydroponics,Aquaponics or hydroponics,Compilation of Changes
2020.08,D,Y02P 60/218,Y02P 60/218,"use of additives, e.g. nitrification inhibitors, biochar","use of additives, e.g. nitrification inhibitors, biochar",Compilation of Changes
2020.08,T,Y02P 60/22,Y02P 60/22,"Reducing methaneMethane [CH4] emissions from agricultural lands, e.g. from rice paddies","Reducing methaneMethane [CH4] emissions from agricultural lands, e.g. from rice paddies",Compilation of Changes
2020.08,D,Y02P 60/23,Y02P 60/23,Reduction of CO2 emissions from biota and soils,Reduction of CO2 emissions from biota and soils,Compilation of Changes
2020.08,D,Y02P 60/24,Y02P 60/24,Enhancing carbon sequestration in biota and soils,Enhancing carbon sequestration in biota and soils,Compilation of Changes
2020.08,D,Y02P 60/242,Y02P 60/242,Roof greening,Roof greening,Compilation of Changes
2020.08,D,Y02P 60/244,Y02P 60/244,Wall greening,Wall greening,Compilation of Changes
2020.08,D,Y02P 60/246,Y02P 60/246,Use of plant growth regulators to improve carbon dioxide up-take by crop plants,Use of plant growth regulators to improve carbon dioxide up-take by crop plants,Compilation of Changes
2020.08,D,Y02P 60/247,Y02P 60/247,Plants with high carbon sequestration potential,Plants with high carbon sequestration potential,Compilation of Changes
2020.08,D,Y02P 60/25,Y02P 60/25,Biomass with low greenhouse gas [GHG] emissions,Biomass with low greenhouse gas [GHG] emissions,Compilation of Changes
2020.08,U,Y02P 60/03,Y02P 60/03,Land use policy measures,Land use policy measures,Compilation of Changes
2020.08,U,Y02P 60/04,Y02P 60/04,Afforestation or reforestation,Afforestation or reforestation,Compilation of Changes
2020.08,T,Y02P 60/05,Y02P 60/05,Livestock or poultry management,Livestock or poultry management,Compilation of Changes
2020.08,T,Y02P 60/52,Y02P 60/52,use of renewable energies,use of renewable energies,Compilation of Changes
2020.08,D,Y02P 60/521,Y02P 60/521,"Solar lighting, e.g. for poultry","Solar lighting, e.g. for poultry",Compilation of Changes
2020.08,D,Y02P 60/524,Y02P 60/524,for pumping or supplying water to livestock,for pumping or supplying water to livestock,Compilation of Changes
2020.08,D,Y02P 60/526,Y02P 60/526,for electric energy supply,for electric energy supply,Compilation of Changes
2020.08,D,Y02P 60/528,Y02P 60/528,for electric livestock fences,for electric livestock fences,Compilation of Changes
2020.08,D,Y02P 60/54,Y02P 60/54,Environmental control in livestock or poultry housing,Environmental control in livestock or poultry housing,Compilation of Changes
2020.08,D,Y02P 60/542,Y02P 60/542,using renewable energy,using renewable energy,Compilation of Changes
2020.08,D,Y02P 60/56,Y02P 60/56,Methane [CH4] capture,Methane [CH4] capture,Compilation of Changes
2020.08,T,Y02P 60/06,Y02P 60/06,Fishing; Aquaculture; Aquafarming,Fishing; Aquaculture; Aquafarming,Compilation of Changes
2020.08,D,Y02P 60/62,Y02P 60/62,Fishing equipment,Fishing equipment,Compilation of Changes
2020.08,D,Y02P 60/64,Y02P 60/64,Aquaculture;  Aquafarming,Aquaculture;  Aquafarming,Compilation of Changes
2020.08,D,Y02P 60/642,Y02P 60/642,combined with aquaponics or hydroponics,combined with aquaponics or hydroponics,Compilation of Changes
2020.08,D,Y02P 60/07,Y02P 60/07,Apiculture,Apiculture,Compilation of Changes
2020.08,T,Y02P 60/08,Y02P 60/08,"Food processing, e.g. use of renewable energies or variable speed drives in handling, conveying or stacking","Food processing, e.g. use of renewable energies or variable speed drives in handling, conveying or stacking",Compilation of Changes
2020.08,D,Y02P 60/81,Y02P 60/81,"Use of renewable energies or variable speed drives in handling, conveying or stacking","Use of renewable energies or variable speed drives in handling, conveying or stacking",Compilation of Changes
2020.08,D,Y02P 60/83,Y02P 60/83,Warming or cooking,Warming or cooking,Compilation of Changes
2020.08,D,Y02P 60/831,Y02P 60/831,using steam,using steam,Compilation of Changes
2020.08,D,Y02P 60/833,Y02P 60/833,using microwave ovens,using microwave ovens,Compilation of Changes
2020.08,D,Y02P 60/835,Y02P 60/835,by boiling,by boiling,Compilation of Changes
2020.08,T,Y02P 60/85,Y02P 60/85,"Food storage or conservation, e.g. cooling or drying","Food storage or conservation, e.g. cooling or drying",Compilation of Changes
2020.08,D,Y02P 60/851,Y02P 60/851,"Cooling, refrigeration or freezing","Cooling, refrigeration or freezing",Compilation of Changes
2020.08,D,Y02P 60/853,Y02P 60/853,Drying,Drying,Compilation of Changes
2020.08,D,Y02P 60/855,Y02P 60/855,"Ice production, e.g. for conservation purposes","Ice production, e.g. for conservation purposes",Compilation of Changes
2020.08,T,Y02P 60/87,Y02P 60/87,Re-use of by-products of food processing for fodder production,Re-use of by-products of food processing for fodder production,Compilation of Changes
2020.08,D,Y02P 60/871,Y02P 60/871,from molasses,from molasses,Compilation of Changes
2020.08,D,Y02P 60/873,Y02P 60/873,from distillers' or brewers' waste,from distillers' or brewers' waste,Compilation of Changes
2020.08,D,Y02P 60/875,Y02P 60/875,from waste products of dairy plants,from waste products of dairy plants,Compilation of Changes
2020.08,D,Y02P 60/877,Y02P 60/877,from by-products of vegetal origin,from by-products of vegetal origin,Compilation of Changes
2020.08,D,Y02P 60/89,Y02P 60/89,characterised by the product,characterised by the product,Compilation of Changes
2020.08,D,Y02P 60/891,Y02P 60/891,Dairy products,Dairy products,Compilation of Changes
2020.08,U,Y02P 70/00,Y02P 70/00,Climate change mitigation technologies in the production process for final industrial or consumer products,Climate change mitigation technologies in the production process for final industrial or consumer products,Compilation of Changes
2020.08,T,Y02P 70/01,Y02P 70/01,"Greenhouse gas [GHG] capture, material saving, heat recovery or other energy efficient measures, e.g. motor control, characterised by manufacturing processes, e.g. for rolling metal or metal working","Greenhouse gas [GHG] capture, material saving, heat recovery or other energy efficient measures, e.g. motor control, characterised by manufacturing processes, e.g. for rolling metal or metal working",Compilation of Changes
2020.08,D,Y02P 70/12,Y02P 70/12,related technologies for improving processes or machines for shaping products,related technologies for improving processes or machines for shaping products,Compilation of Changes
2020.08,D,Y02P 70/121,Y02P 70/121,"Machines for rolling metal, e.g. rolling mills","Machines for rolling metal, e.g. rolling mills",Compilation of Changes
2020.08,D,Y02P 70/123,Y02P 70/123,Motor control,Motor control,Compilation of Changes
2020.08,D,Y02P 70/125,Y02P 70/125,Removing fumes from rolling mills,Removing fumes from rolling mills,Compilation of Changes
2020.08,D,Y02P 70/127,Y02P 70/127,using heat shields,using heat shields,Compilation of Changes
2020.08,D,Y02P 70/129,Y02P 70/129,Heat recovery during rolling,Heat recovery during rolling,Compilation of Changes
2020.08,D,Y02P 70/131,Y02P 70/131,using liquid recovering devices,using liquid recovering devices,Compilation of Changes
2020.08,D,Y02P 70/133,Y02P 70/133,for recovering coolants,for recovering coolants,Compilation of Changes
2020.08,D,Y02P 70/135,Y02P 70/135,for recovering lubricants,for recovering lubricants,Compilation of Changes
2020.08,D,Y02P 70/137,Y02P 70/137,"relating to forging, hammering, pressing or riveting","relating to forging, hammering, pressing or riveting",Compilation of Changes
2020.08,D,Y02P 70/139,Y02P 70/139,relating to the manufacture or working of metal sheets or profiles,relating to the manufacture or working of metal sheets or profiles,Compilation of Changes
2020.08,D,Y02P 70/141,Y02P 70/141,relating to pressing processes or machines therefore,relating to pressing processes or machines therefore,Compilation of Changes
2020.08,D,Y02P 70/143,Y02P 70/143,Optimisation of energy consumption,Optimisation of energy consumption,Compilation of Changes
2020.08,D,Y02P 70/145,Y02P 70/145,by control of drive motors,by control of drive motors,Compilation of Changes
2020.08,D,Y02P 70/16,Y02P 70/16,related technologies for metal working by removing or adding material,related technologies for metal working by removing or adding material,Compilation of Changes
2020.08,D,Y02P 70/161,Y02P 70/161,"Power management, e.g. limiting power to tools","Power management, e.g. limiting power to tools",Compilation of Changes
2020.08,D,Y02P 70/163,Y02P 70/163,Power down for energy saving,Power down for energy saving,Compilation of Changes
2020.08,D,Y02P 70/167,Y02P 70/167,relating to the design or operation of machining centres or machine tools,relating to the design or operation of machining centres or machine tools,Compilation of Changes
2020.08,D,Y02P 70/169,Y02P 70/169,using minimal quantities of coolants or lubricants,using minimal quantities of coolants or lubricants,Compilation of Changes
2020.08,D,Y02P 70/171,Y02P 70/171,Devices or processes for removing and reusing chips,Devices or processes for removing and reusing chips,Compilation of Changes
2020.08,D,Y02P 70/173,Y02P 70/173,"Machine centres provided for turning, boring or milling","Machine centres provided for turning, boring or milling",Compilation of Changes
2020.08,D,Y02P 70/175,Y02P 70/175,relating to the design or operation of machines for dry cutting gears or toothed racks,relating to the design or operation of machines for dry cutting gears or toothed racks,Compilation of Changes
2020.08,D,Y02P 70/177,Y02P 70/177,Grinding or polishing,Grinding or polishing,Compilation of Changes
2020.08,D,Y02P 70/179,Y02P 70/179,Treatment of used abrasive materials aiming at a further reuse,Treatment of used abrasive materials aiming at a further reuse,Compilation of Changes
2020.08,D,Y02P 70/181,Y02P 70/181,"relating to the design or operation of machines for soldering, welding or cutting by applying heat locally","relating to the design or operation of machines for soldering, welding or cutting by applying heat locally",Compilation of Changes
2020.08,D,Y02P 70/183,Y02P 70/183,"relating to the design or operation of machines for machines for sawing, cutting, perforating, punching or severing","relating to the design or operation of machines for machines for sawing, cutting, perforating, punching or severing",Compilation of Changes
2020.08,D,Y02P 70/185,Y02P 70/185,relating to the operation of machines combining different processes for working of metal,relating to the operation of machines combining different processes for working of metal,Compilation of Changes
2020.08,D,Y02P 70/187,Y02P 70/187,relating to the design or operation of machines for working metal not otherwise provided for,relating to the design or operation of machines for working metal not otherwise provided for,Compilation of Changes
2020.08,D,Y02P 70/02,Y02P 70/02,"related technologies for printing, lining or stamping machines","related technologies for printing, lining or stamping machines",Compilation of Changes
2020.08,D,Y02P 70/22,Y02P 70/22,"Technologies for working on wood, veneer or plywood","Technologies for working on wood, veneer or plywood",Compilation of Changes
2020.08,D,Y02P 70/24,Y02P 70/24,related technologies for saving energy and raw materials during the production of paper or paper articles,related technologies for saving energy and raw materials during the production of paper or paper articles,Compilation of Changes
2020.08,D,Y02P 70/26,Y02P 70/26,related technologies for working on or processing of plastics,related technologies for working on or processing of plastics,Compilation of Changes
2020.08,D,Y02P 70/261,Y02P 70/261,recovering energy or power from drive motors in injection moulding,recovering energy or power from drive motors in injection moulding,Compilation of Changes
2020.08,D,Y02P 70/263,Y02P 70/263,recovering energy or reusing materials in extrusion moulding,recovering energy or reusing materials in extrusion moulding,Compilation of Changes
2020.08,D,Y02P 70/265,Y02P 70/265,relating to blow moulding,relating to blow moulding,Compilation of Changes
2020.08,D,Y02P 70/267,Y02P 70/267,Means for recycling or reusing auxiliaries or materials,Means for recycling or reusing auxiliaries or materials,Compilation of Changes
2020.08,D,Y02P 70/269,Y02P 70/269,reducing blowing fluid consumption,reducing blowing fluid consumption,Compilation of Changes
2020.08,D,Y02P 70/271,Y02P 70/271,by recycling blow fluid,by recycling blow fluid,Compilation of Changes
2020.08,D,Y02P 70/273,Y02P 70/273,recycling reactive gas,recycling reactive gas,Compilation of Changes
2020.08,D,Y02P 70/275,Y02P 70/275,reusing heat,reusing heat,Compilation of Changes
2020.08,D,Y02P 70/277,Y02P 70/277,relating to thermoforming,relating to thermoforming,Compilation of Changes
2020.08,D,Y02P 70/279,Y02P 70/279,Recycling or reuse of materials,Recycling or reuse of materials,Compilation of Changes
2020.08,D,Y02P 70/281,Y02P 70/281,Reuse of pressure or vacuum,Reuse of pressure or vacuum,Compilation of Changes
2020.08,D,Y02P 70/03,Y02P 70/03,"related to technologies for conveying, packing or storing of goods or handling thin or filamentary material","related to technologies for conveying, packing or storing of goods or handling thin or filamentary material",Compilation of Changes
2020.08,D,Y02P 70/32,Y02P 70/32,relating to mixing,relating to mixing,Compilation of Changes
2020.08,D,Y02P 70/34,Y02P 70/34,"relating to separation, flotation or differential sedimentation","relating to separation, flotation or differential sedimentation",Compilation of Changes
2020.08,D,Y02P 70/36,Y02P 70/36,Recycling or reuse of a liquid sprayed or atomised,Recycling or reuse of a liquid sprayed or atomised,Compilation of Changes
2020.08,D,Y02P 70/38,Y02P 70/38,Apparatus or processes for applying liquids or other fluent materials,Apparatus or processes for applying liquids or other fluent materials,Compilation of Changes
2020.08,D,Y02P 70/04,Y02P 70/04,Drying by removing liquid,Drying by removing liquid,Compilation of Changes
2020.08,D,Y02P 70/405,Y02P 70/405,Drying with heating arrangements using waste heat,Drying with heating arrangements using waste heat,Compilation of Changes
2020.08,T,Y02P 70/05,Y02P 70/05,Manufacturing or production processes characterised by the final manufactured product,Manufacturing or production processes characterised by the final manufactured product,Compilation of Changes
2020.08,D,Y02P 70/52,Y02P 70/52,Manufacturing of products or systems for producing renewable energy,Manufacturing of products or systems for producing renewable energy,Compilation of Changes
2020.08,D,Y02P 70/521,Y02P 70/521,Photovoltaic generators,Photovoltaic generators,Compilation of Changes
2020.08,D,Y02P 70/523,Y02P 70/523,Wind turbines,Wind turbines,Compilation of Changes
2020.08,D,Y02P 70/525,Y02P 70/525,Hydropower turbines,Hydropower turbines,Compilation of Changes
2020.08,D,Y02P 70/527,Y02P 70/527,"for tidal streams or dam-less hydropower, e.g. sea flood and ebb or stream current","for tidal streams or dam-less hydropower, e.g. sea flood and ebb or stream current",Compilation of Changes
2020.08,D,Y02P 70/54,Y02P 70/54,"Manufacturing of lithium-ion, lead-acid or alkaline secondary batteries","Manufacturing of lithium-ion, lead-acid or alkaline secondary batteries",Compilation of Changes
2020.08,D,Y02P 70/56,Y02P 70/56,Manufacturing of fuel cells,Manufacturing of fuel cells,Compilation of Changes
2020.08,D,Y02P 70/58,Y02P 70/58,"Greenhouse gas [GHG] capture, heat recovery or other energy efficient measures relating to manufacturing or assembling of vehicles, e.g. motor control","Greenhouse gas [GHG] capture, heat recovery or other energy efficient measures relating to manufacturing or assembling of vehicles, e.g. motor control",Compilation of Changes
2020.08,D,Y02P 70/585,Y02P 70/585,"Aircraft Eco design, i.e. taking into account the full life cycle of the aircraft including re-use, recyclability and disposal","Aircraft Eco design, i.e. taking into account the full life cycle of the aircraft including re-use, recyclability and disposal",Compilation of Changes
2020.08,D,Y02P 70/06,Y02P 70/06,"Greenhouse gas [GHG] capture, heat recovery or other energy efficient measures relating to production or assembly of electric or electronic components or products, e.g. motor control","Greenhouse gas [GHG] capture, heat recovery or other energy efficient measures relating to production or assembly of electric or electronic components or products, e.g. motor control",Compilation of Changes
2020.08,D,Y02P 70/601,Y02P 70/601,"the product being a basic electric component or element, i.e. cables, resistors, capacitors, switches, connectors, relays or protections","the product being a basic electric component or element, i.e. cables, resistors, capacitors, switches, connectors, relays or protections",Compilation of Changes
2020.08,D,Y02P 70/603,Y02P 70/603,the product being a lighting component,the product being a lighting component,Compilation of Changes
2020.08,D,Y02P 70/605,Y02P 70/605,the product being a semiconductor or solid state device or parts thereof,the product being a semiconductor or solid state device or parts thereof,Compilation of Changes
2020.08,D,Y02P 70/607,Y02P 70/607,Manufacturing of electronic silicon based components,Manufacturing of electronic silicon based components,Compilation of Changes
2020.08,D,Y02P 70/609,Y02P 70/609,"the product being a dynamo-electric machine, i.e. electrical generators or motors","the product being a dynamo-electric machine, i.e. electrical generators or motors",Compilation of Changes
2020.08,D,Y02P 70/611,Y02P 70/611,the product being a printed circuit board [PCB],the product being a printed circuit board [PCB],Compilation of Changes
2020.08,D,Y02P 70/613,Y02P 70/613,involving the assembly of several electronic elements,involving the assembly of several electronic elements,Compilation of Changes
2020.08,T,Y02P 70/62,Y02P 70/62,"related technologies for production or treatment of textile or flexible materials or products thereof, including footwear","related technologies for production or treatment of textile or flexible materials or products thereof, including footwear",Compilation of Changes
2020.08,D,Y02P 70/621,Y02P 70/621,Production or treatment of artificial filaments or the like,Production or treatment of artificial filaments or the like,Compilation of Changes
2020.08,D,Y02P 70/623,Y02P 70/623,"Energy efficient measures, e.g. motor control or heat recovery","Energy efficient measures, e.g. motor control or heat recovery",Compilation of Changes
2020.08,D,Y02P 70/625,Y02P 70/625,"Recovery of starting material, waste material or solvents during the manufacturing process","Recovery of starting material, waste material or solvents during the manufacturing process",Compilation of Changes
2020.08,D,Y02P 70/627,Y02P 70/627,"of cellulose, cellulose derivatives or proteins","of cellulose, cellulose derivatives or proteins",Compilation of Changes
2020.08,D,Y02P 70/629,Y02P 70/629,of synthetic polymers,of synthetic polymers,Compilation of Changes
2020.08,D,Y02P 70/631,Y02P 70/631,"Production or treatment of lace, e.g. knitting or braiding","Production or treatment of lace, e.g. knitting or braiding",Compilation of Changes
2020.08,D,Y02P 70/633,Y02P 70/633,Saving materials,Saving materials,Compilation of Changes
2020.08,D,Y02P 70/635,Y02P 70/635,Saving energy by reducing inertia of moving parts,Saving energy by reducing inertia of moving parts,Compilation of Changes
2020.08,D,Y02P 70/637,Y02P 70/637,Treatment of textiles,Treatment of textiles,Compilation of Changes
2020.08,D,Y02P 70/639,Y02P 70/639,"Energy efficient measures, e.g. motor control or heat recovery","Energy efficient measures, e.g. motor control or heat recovery",Compilation of Changes
2020.08,D,Y02P 70/641,Y02P 70/641,Recovery of solvents,Recovery of solvents,Compilation of Changes
2020.08,D,Y02P 70/643,Y02P 70/643,Treatment of textiles using a short bath ratio,Treatment of textiles using a short bath ratio,Compilation of Changes
2020.08,D,Y02P 70/645,Y02P 70/645,Manufacturing of wall or floor covering materials or the like,Manufacturing of wall or floor covering materials or the like,Compilation of Changes
2020.08,D,Y02P 70/647,Y02P 70/647,"Energy efficient measures, e.g. motor control or heat recovery","Energy efficient measures, e.g. motor control or heat recovery",Compilation of Changes
2020.08,D,Y02P 70/649,Y02P 70/649,using scraps or recycled materials,using scraps or recycled materials,Compilation of Changes
2020.08,D,Y02P 70/651,Y02P 70/651,the materials being particles,the materials being particles,Compilation of Changes
2020.08,D,Y02P 70/653,Y02P 70/653,Footwear made at least partially of recyclable material,Footwear made at least partially of recyclable material,Compilation of Changes
2020.08,D,Y02P 70/66,Y02P 70/66,"Greenhouse gas [GHG] capture, use of renewable energies, heat recovery or other energy efficient measures for manufacturing or preparation of tobacco products, e.g. motor control","Greenhouse gas [GHG] capture, use of renewable energies, heat recovery or other energy efficient measures for manufacturing or preparation of tobacco products, e.g. motor control",Compilation of Changes
2020.08,U,Y02P 80/00,Y02P 80/00,Climate change mitigation technologies for sector-wide applications,Climate change mitigation technologies for sector-wide applications,Compilation of Changes
2020.08,T,Y02P 80/01,Y02P 80/01,"Efficient use of energy, e.g. using compressed air or pressurized fluid as energy carrier","Efficient use of energy, e.g. using compressed air or pressurized fluid as energy carrier",Compilation of Changes
2020.08,D,Y02P 80/11,Y02P 80/11,of electric energy,of electric energy,Compilation of Changes
2020.08,D,Y02P 80/112,Y02P 80/112,"Power supplies with power electronics for efficient use of energy, e.g. power factor correction [PFC] or resonant converters","Power supplies with power electronics for efficient use of energy, e.g. power factor correction [PFC] or resonant converters",Compilation of Changes
2020.08,D,Y02P 80/114,Y02P 80/114,Control systems or methods for efficient use of energy,Control systems or methods for efficient use of energy,Compilation of Changes
2020.08,D,Y02P 80/116,Y02P 80/116,Electronic drive motor controls,Electronic drive motor controls,Compilation of Changes
2020.08,D,Y02P 80/12,Y02P 80/12,"using compressed air as energy carrier, e.g. for pneumatic systems","using compressed air as energy carrier, e.g. for pneumatic systems",Compilation of Changes
2020.08,D,Y02P 80/13,Y02P 80/13,"using pressurized fluid as energy carrier, e.g. for hydraulic systems","using pressurized fluid as energy carrier, e.g. for hydraulic systems",Compilation of Changes
2020.08,U,Y02P 80/14,Y02P 80/14,"District level solutions, i.e. local energy networks","District level solutions, i.e. local energy networks",Compilation of Changes
2020.08,T,Y02P 80/15,Y02P 80/15,"On-site combined power, heat or cool generation or distribution, e.g. combined heat and power [CHP] supply","On-site combined power, heat or cool generation or distribution, e.g. combined heat and power [CHP] supply",Compilation of Changes
2020.08,D,Y02P 80/152,Y02P 80/152,for heat recovery,for heat recovery,Compilation of Changes
2020.08,D,Y02P 80/154,Y02P 80/154,for steam generation or distribution,for steam generation or distribution,Compilation of Changes
2020.08,D,Y02P 80/156,Y02P 80/156,in fluid distribution systems,in fluid distribution systems,Compilation of Changes
2020.08,D,Y02P 80/158,Y02P 80/158,Solar or wind-powered water pumping not specially adapted for irrigation,Solar or wind-powered water pumping not specially adapted for irrigation,Compilation of Changes
2020.08,T,Y02P 80/02,Y02P 80/02,Sector-wide applications using renewable energy,Sector-wide applications using renewable energy,Compilation of Changes
2020.08,D,Y02P 80/21,Y02P 80/21,Biomass as fuel,Biomass as fuel,Compilation of Changes
2020.08,D,Y02P 80/22,Y02P 80/22,Wind energy,Wind energy,Compilation of Changes
2020.08,D,Y02P 80/23,Y02P 80/23,Solar energy,Solar energy,Compilation of Changes
2020.08,D,Y02P 80/24,Y02P 80/24,Solar thermal energy,Solar thermal energy,Compilation of Changes
2020.08,D,Y02P 80/25,Y02P 80/25,Photovoltaic energy,Photovoltaic energy,Compilation of Changes
2020.08,U,Y02P 80/03,Y02P 80/03,Reducing waste in manufacturing processes; Calculations of released waste quantities,Reducing waste in manufacturing processes; Calculations of released waste quantities,Compilation of Changes
2020.08,U,Y02P 80/04,Y02P 80/04,Minimising material used in manufacturing processes,Minimising material used in manufacturing processes,Compilation of Changes
2020.08,U,Y02P 90/00,Y02P 90/00,Enabling technologies with a potential contribution to greenhouse gas [GHG] emissions mitigation,Enabling technologies with a potential contribution to greenhouse gas [GHG] emissions mitigation,Compilation of Changes
2020.08,T,Y02P 90/02,Y02P 90/02,"Total factory control, e.g. smart factories, flexible manufacturing systems [FMS] or integrated manufacturing systems [IMS]","Total factory control, e.g. smart factories, flexible manufacturing systems [FMS] or integrated manufacturing systems [IMS]",Compilation of Changes
2020.08,D,Y02P 90/04,Y02P 90/04,characterised by the assembly processes,characterised by the assembly processes,Compilation of Changes
2020.08,D,Y02P 90/06,Y02P 90/06,characterised by direct numerical control [DNC],characterised by direct numerical control [DNC],Compilation of Changes
2020.08,D,Y02P 90/08,Y02P 90/08,"characterised by the cooperation between machine tools, manipulators or work piece supply systems","characterised by the cooperation between machine tools, manipulators or work piece supply systems",Compilation of Changes
2020.08,D,Y02P 90/083,Y02P 90/083,Manipulators cooperating with conveyors,Manipulators cooperating with conveyors,Compilation of Changes
2020.08,D,Y02P 90/087,Y02P 90/087,Manipulators cooperating with machine tools,Manipulators cooperating with machine tools,Compilation of Changes
2020.08,D,Y02P 90/01,Y02P 90/01,"characterised by identification, e.g. of work pieces or equipment","characterised by identification, e.g. of work pieces or equipment",Compilation of Changes
2020.08,D,Y02P 90/12,Y02P 90/12,characterised by programme execution,characterised by programme execution,Compilation of Changes
2020.08,D,Y02P 90/14,Y02P 90/14,"characterised by fault tolerance, reliability of production system","characterised by fault tolerance, reliability of production system",Compilation of Changes
2020.08,D,Y02P 90/16,Y02P 90/16,"characterised by system universality, i.e. configurability or modularity of production units","characterised by system universality, i.e. configurability or modularity of production units",Compilation of Changes
2020.08,D,Y02P 90/18,Y02P 90/18,characterised by the network communication,characterised by the network communication,Compilation of Changes
2020.08,D,Y02P 90/185,Y02P 90/185,using local area networks [LAN],using local area networks [LAN],Compilation of Changes
2020.08,D,Y02P 90/02,Y02P 90/02,"characterised by job scheduling, process planning or material flow","characterised by job scheduling, process planning or material flow",Compilation of Changes
2020.08,D,Y02P 90/205,Y02P 90/205,Tool management,Tool management,Compilation of Changes
2020.08,D,Y02P 90/22,Y02P 90/22,characterised by quality surveillance of production,characterised by quality surveillance of production,Compilation of Changes
2020.08,D,Y02P 90/24,Y02P 90/24,"characterised by computer integrated manufacturing [CIM], planning or realisation","characterised by computer integrated manufacturing [CIM], planning or realisation",Compilation of Changes
2020.08,D,Y02P 90/26,Y02P 90/26,characterised by modelling or simulation of the manufacturing system,characterised by modelling or simulation of the manufacturing system,Compilation of Changes
2020.08,D,Y02P 90/265,Y02P 90/265,Product design therefor,Product design therefor,Compilation of Changes
2020.08,D,Y02P 90/28,Y02P 90/28,characterised by transport systems,characterised by transport systems,Compilation of Changes
2020.08,D,Y02P 90/285,Y02P 90/285,using automatic guided vehicles [AGV],using automatic guided vehicles [AGV],Compilation of Changes
2020.08,U,Y02P 90/03,Y02P 90/03,Computing systems specially adapted for manufacturing,Computing systems specially adapted for manufacturing,Compilation of Changes
2020.08,U,Y02P 90/04,Y02P 90/04,Fuel cell technologies in production processes,Fuel cell technologies in production processes,Compilation of Changes
2020.08,U,Y02P 90/45,Y02P 90/45,Hydrogen technologies in production processes,Hydrogen technologies in production processes,Compilation of Changes
2020.08,U,Y02P 90/05,Y02P 90/05,Energy storage in industry with an added climate change mitigation effect,Energy storage in industry with an added climate change mitigation effect,Compilation of Changes
2020.08,U,Y02P 90/06,Y02P 90/06,Electric or hybrid propulsion means for production processes,Electric or hybrid propulsion means for production processes,Compilation of Changes
2020.08,U,Y02P 90/07,Y02P 90/07,Combining sequestration of CO2 and exploitation of hydrocarbons by injecting CO2 or carbonated water in oil wells,Combining sequestration of CO2 and exploitation of hydrocarbons by injecting CO2 or carbonated water in oil wells,Compilation of Changes
2020.08,T,Y02P 90/08,Y02P 90/08,Management or planning,Management or planning,Compilation of Changes
2020.08,U,Y02P 90/82,Y02P 90/82,Energy audits or management systems therefor,Energy audits or management systems therefor,Compilation of Changes
2020.08,U,Y02P 90/84,Y02P 90/84,Greenhouse gas [GHG] management systems,Greenhouse gas [GHG] management systems,Compilation of Changes
2020.08,U,Y02P 90/845,Y02P 90/845,Inventory and reporting systems for greenhouse gases [GHG],Inventory and reporting systems for greenhouse gases [GHG],Compilation of Changes
2020.08,D,Y02P 90/86,Y02P 90/86,Maintenance planning,Maintenance planning,Compilation of Changes
2020.08,U,Y02P 90/09,Y02P 90/09,"Financial instruments for climate change mitigation, e.g. environmental taxes, subsidies or financing","Financial instruments for climate change mitigation, e.g. environmental taxes, subsidies or financing",Compilation of Changes
2020.08,U,Y02P 90/95,Y02P 90/95,CO2 emission certificates or credits trading,CO2 emission certificates or credits trading,Compilation of Changes
2020.08,U,Y02T 10/00,Y02T 10/00,Road transport of goods or passengers,Road transport of goods or passengers,Compilation of Changes
2020.08,U,Y02T 10/01,Y02T 10/01,Internal combustion engine [ICE] based vehicles,Internal combustion engine [ICE] based vehicles,Compilation of Changes
2020.08,T,Y02T 10/12,Y02T 10/12,Technologies for the improvement of indicated efficiency of a conventional ICEImproving ICE efficiencies,Technologies for the improvement of indicated efficiency of a conventional ICEImproving ICE efficiencies,Compilation of Changes
2020.08,D,Y02T 10/121,Y02T 10/121,"Adding non fuel substances or small quantities of secondary fuel to fuel, air or fuel/air mixture","Adding non fuel substances or small quantities of secondary fuel to fuel, air or fuel/air mixture",Compilation of Changes
2020.08,D,Y02T 10/123,Y02T 10/123,Fuel injection,Fuel injection,Compilation of Changes
2020.08,D,Y02T 10/125,Y02T 10/125,Combustion chambers and charge mixing enhancing inside the combustion chamber,Combustion chambers and charge mixing enhancing inside the combustion chamber,Compilation of Changes
2020.08,D,Y02T 10/126,Y02T 10/126,"Acting upon fuel or oxidizing compound, e.g. pre-treatment by catalysts, ultrasound or electricity","Acting upon fuel or oxidizing compound, e.g. pre-treatment by catalysts, ultrasound or electricity",Compilation of Changes
2020.08,D,Y02T 10/128,Y02T 10/128,"Methods of operating, e.g. homogeneous charge compression ignition [HCCI], premixed charge compression ignition [PCCI]","Methods of operating, e.g. homogeneous charge compression ignition [HCCI], premixed charge compression ignition [PCCI]",Compilation of Changes
2020.08,D,Y02T 10/14,Y02T 10/14,Technologies for the improvement of mechanical efficiency of a conventional ICE,Technologies for the improvement of mechanical efficiency of a conventional ICE,Compilation of Changes
2020.08,D,Y02T 10/142,Y02T 10/142,"Methods of operating, e.g. Atkinson cycle, Ericsson","Methods of operating, e.g. Atkinson cycle, Ericsson",Compilation of Changes
2020.08,D,Y02T 10/144,Y02T 10/144,"Non naturally aspirated engines, e.g. turbocharging, supercharging","Non naturally aspirated engines, e.g. turbocharging, supercharging",Compilation of Changes
2020.08,D,Y02T 10/146,Y02T 10/146,Charge mixing enhancing outside the combustion chamber,Charge mixing enhancing outside the combustion chamber,Compilation of Changes
2020.08,D,Y02T 10/148,Y02T 10/148,Downsizing or downspeeding,Downsizing or downspeeding,Compilation of Changes
2020.08,D,Y02T 10/16,Y02T 10/16,Energy recuperation from low temperature heat sources of the ICE to produce additional power,Energy recuperation from low temperature heat sources of the ICE to produce additional power,Compilation of Changes
2020.08,D,Y02T 10/163,Y02T 10/163,Turbocompound engines,Turbocompound engines,Compilation of Changes
2020.08,D,Y02T 10/166,Y02T 10/166,Waste heat recovering cycles or thermoelectric systems,Waste heat recovering cycles or thermoelectric systems,Compilation of Changes
2020.08,D,Y02T 10/17,Y02T 10/17,"Non-reciprocating piston engines, e.g. rotating motors","Non-reciprocating piston engines, e.g. rotating motors",Compilation of Changes
2020.08,D,Y02T 10/18,Y02T 10/18,Varying inlet or exhaust valve operating characteristics,Varying inlet or exhaust valve operating characteristics,Compilation of Changes
2020.08,D,Y02T 10/02,Y02T 10/02,Exhaust after-treatment,Exhaust after-treatment,Compilation of Changes
2020.08,D,Y02T 10/22,Y02T 10/22,"Three way catalyst technology, i.e. oxidation or reduction at stoichiometric equivalence ratio","Three way catalyst technology, i.e. oxidation or reduction at stoichiometric equivalence ratio",Compilation of Changes
2020.08,D,Y02T 10/24,Y02T 10/24,Selective Catalytic Reactors for reduction in oxygen rich atmosphere,Selective Catalytic Reactors for reduction in oxygen rich atmosphere,Compilation of Changes
2020.08,D,Y02T 10/26,Y02T 10/26,Thermal conditioning of exhaust after-treatment,Thermal conditioning of exhaust after-treatment,Compilation of Changes
2020.08,T,Y02T 10/03,Y02T 10/03,"Use of alternative fuels, e.g. biofuels","Use of alternative fuels, e.g. biofuels",Compilation of Changes
2020.08,D,Y02T 10/32,Y02T 10/32,Gaseous fuels,Gaseous fuels,Compilation of Changes
2020.08,D,Y02T 10/34,Y02T 10/34,Non-gaseous fuels,Non-gaseous fuels,Compilation of Changes
2020.08,D,Y02T 10/36,Y02T 10/36,"Multiple fuels, e.g. multi fuel engines","Multiple fuels, e.g. multi fuel engines",Compilation of Changes
2020.08,T,Y02T 10/04,Y02T 10/04,Engine management systems,Engine management systems,Compilation of Changes
2020.08,D,Y02T 10/42,Y02T 10/42,controlling air supply,controlling air supply,Compilation of Changes
2020.08,D,Y02T 10/44,Y02T 10/44,controlling fuel supply,controlling fuel supply,Compilation of Changes
2020.08,D,Y02T 10/46,Y02T 10/46,controlling ignition,controlling ignition,Compilation of Changes
2020.08,D,Y02T 10/47,Y02T 10/47,Exhaust feedback,Exhaust feedback,Compilation of Changes
2020.08,D,Y02T 10/48,Y02T 10/48,"Switching off the internal combustion engine, e.g. stop and go","Switching off the internal combustion engine, e.g. stop and go",Compilation of Changes
2020.08,D,Y02T 10/05,Y02T 10/05,"Intelligent control systems, e.g. conjoint control","Intelligent control systems, e.g. conjoint control",Compilation of Changes
2020.08,D,Y02T 10/52,Y02T 10/52,relating to internal combustion engine fuel consumption,relating to internal combustion engine fuel consumption,Compilation of Changes
2020.08,D,Y02T 10/54,Y02T 10/54,relating to internal combustion engine emissions,relating to internal combustion engine emissions,Compilation of Changes
2020.08,D,Y02T 10/56,Y02T 10/56,Optimising drivetrain operating point,Optimising drivetrain operating point,Compilation of Changes
2020.08,T,Y02T 10/06,Y02T 10/06,Other road transportation technologies with climate change mitigation effect,Other road transportation technologies with climate change mitigation effect,Compilation of Changes
2020.08,T,Y02T 10/62,Y02T 10/62,Hybrid vehicles,Hybrid vehicles,Compilation of Changes
2020.08,D,Y02T 10/6204,Y02T 10/6204,"using ICE and mechanical energy storage, e.g. flywheel (mechanical storage units for electromobility in general Y02T10/7027)","using ICE and mechanical energy storage, e.g. flywheel (mechanical storage units for electromobility in general Y02T10/7027)",Compilation of Changes
2020.08,D,Y02T 10/6208,Y02T 10/6208,"using ICE and fluidic energy storage, e.g. pressure accumulator","using ICE and fluidic energy storage, e.g. pressure accumulator",Compilation of Changes
2020.08,D,Y02T 10/6213,Y02T 10/6213,"using ICE and electric energy storage, i.e. battery, capacitor (battery for energy storage for electromobility in general Y02T10/7005; capacitor technology for energy storage for electromobility in general Y02T10/7022)","using ICE and electric energy storage, i.e. battery, capacitor (battery for energy storage for electromobility in general Y02T10/7005; capacitor technology for energy storage for electromobility in general Y02T10/7022)",Compilation of Changes
2020.08,D,Y02T 10/6217,Y02T 10/6217,of the series type or range extenders,of the series type or range extenders,Compilation of Changes
2020.08,D,Y02T 10/6221,Y02T 10/6221,of the parallel type,of the parallel type,Compilation of Changes
2020.08,D,Y02T 10/6226,Y02T 10/6226,Motor-assist type,Motor-assist type,Compilation of Changes
2020.08,D,Y02T 10/623,Y02T 10/623,of the series-parallel type,of the series-parallel type,Compilation of Changes
2020.08,D,Y02T 10/6234,Y02T 10/6234,Series-parallel switching type,Series-parallel switching type,Compilation of Changes
2020.08,D,Y02T 10/6239,Y02T 10/6239,Differential gearing distribution type,Differential gearing distribution type,Compilation of Changes
2020.08,D,Y02T 10/6243,Y02T 10/6243,Electrical distribution type,Electrical distribution type,Compilation of Changes
2020.08,D,Y02T 10/6247,Y02T 10/6247,with motor integrated into gearbox,with motor integrated into gearbox,Compilation of Changes
2020.08,D,Y02T 10/6252,Y02T 10/6252,connected or connectable to input shaft of gearing,connected or connectable to input shaft of gearing,Compilation of Changes
2020.08,D,Y02T 10/6256,Y02T 10/6256,connected or connectable to intermediate shaft of gearing,connected or connectable to intermediate shaft of gearing,Compilation of Changes
2020.08,D,Y02T 10/626,Y02T 10/626,Motor between output shaft of gearing and driven wheels,Motor between output shaft of gearing and driven wheels,Compilation of Changes
2020.08,D,Y02T 10/6265,Y02T 10/6265,Driving a plurality of axles,Driving a plurality of axles,Compilation of Changes
2020.08,D,Y02T 10/6269,Y02T 10/6269,provided with means for plug-in,provided with means for plug-in,Compilation of Changes
2020.08,D,Y02T 10/6273,Y02T 10/6273,Combining different types of energy storage,Combining different types of energy storage,Compilation of Changes
2020.08,D,Y02T 10/6278,Y02T 10/6278,Battery and capacitor,Battery and capacitor,Compilation of Changes
2020.08,D,Y02T 10/6282,Y02T 10/6282,Battery and mechanical or fluidic energy storage,Battery and mechanical or fluidic energy storage,Compilation of Changes
2020.08,D,Y02T 10/6286,Y02T 10/6286,Control systems for power distribution between ICE and other motor or motors,Control systems for power distribution between ICE and other motor or motors,Compilation of Changes
2020.08,D,Y02T 10/6291,Y02T 10/6291,Predicting future driving conditions,Predicting future driving conditions,Compilation of Changes
2020.08,D,Y02T 10/6295,Y02T 10/6295,Other types of combustion engine,Other types of combustion engine,Compilation of Changes
2020.08,T,Y02T 10/64,Y02T 10/64,Electric machine technologies for applications in electromobiltyin electromobility,Electric machine technologies for applications in electromobiltyin electromobility,Compilation of Changes
2020.08,D,Y02T 10/641,Y02T 10/641,characterised by aspects of the electric machine,characterised by aspects of the electric machine,Compilation of Changes
2020.08,D,Y02T 10/642,Y02T 10/642,Control strategies of electric machines for automotive applications,Control strategies of electric machines for automotive applications,Compilation of Changes
2020.08,D,Y02T 10/643,Y02T 10/643,Vector control,Vector control,Compilation of Changes
2020.08,D,Y02T 10/644,Y02T 10/644,Control strategies for ac machines other than vector control,Control strategies for ac machines other than vector control,Compilation of Changes
2020.08,D,Y02T 10/645,Y02T 10/645,Control strategies for dc machines,Control strategies for dc machines,Compilation of Changes
2020.08,D,Y02T 10/646,Y02T 10/646,With two or more electric drive machines,With two or more electric drive machines,Compilation of Changes
2020.08,T,Y02T 10/07,Y02T 10/07,"Energy storage for electromobility systems for electromobility, e.g. batteries(hydrogen internal combustion engines Y02T90/42; fuel cell powered electric vehicles Y02T90/34)","Energy storage for electromobility systems for electromobility, e.g. batteries(hydrogen internal combustion engines Y02T90/42; fuel cell powered electric vehicles Y02T90/34)",Compilation of Changes
2020.08,D,Y02T 10/7005,Y02T 10/7005,Batteries,Batteries,Compilation of Changes
2020.08,D,Y02T 10/7011,Y02T 10/7011,Lithium ion battery,Lithium ion battery,Compilation of Changes
2020.08,D,Y02T 10/7016,Y02T 10/7016,Lead acid battery,Lead acid battery,Compilation of Changes
2020.08,D,Y02T 10/7022,Y02T 10/7022,"Capacitors, supercapacitors or ultracapacitors","Capacitors, supercapacitors or ultracapacitors",Compilation of Changes
2020.08,D,Y02T 10/7027,Y02T 10/7027,Mechanical energy storage devices,Mechanical energy storage devices,Compilation of Changes
2020.08,D,Y02T 10/7033,Y02T 10/7033,Fly wheels,Fly wheels,Compilation of Changes
2020.08,D,Y02T 10/7038,Y02T 10/7038,Energy storage management,Energy storage management,Compilation of Changes
2020.08,D,Y02T 10/7044,Y02T 10/7044,Controlling the battery or capacitor state of charge,Controlling the battery or capacitor state of charge,Compilation of Changes
2020.08,D,Y02T 10/705,Y02T 10/705,Controlling vehicles with one battery or one capacitor only,Controlling vehicles with one battery or one capacitor only,Compilation of Changes
2020.08,D,Y02T 10/7055,Y02T 10/7055,Controlling vehicles with more than one battery or more than one capacitor,Controlling vehicles with more than one battery or more than one capacitor,Compilation of Changes
2020.08,D,Y02T 10/7061,Y02T 10/7061,the batteries or capacitors being of the same voltage,the batteries or capacitors being of the same voltage,Compilation of Changes
2020.08,D,Y02T 10/7066,Y02T 10/7066,the batteries or capacitors being of a different voltage,the batteries or capacitors being of a different voltage,Compilation of Changes
2020.08,T,Y02T 10/7072,Y02T 10/7072,"Electromobility specific charging systems or methods for batteries, ultracapacitors, supercapacitors or double-layer capacitors (efficient charging systems for batteries, ultracapacitors, supercapacitors or double-layer capacitors in road transportation in general Y02T10/92)","Electromobility specific charging systems or methods for batteries, ultracapacitors, supercapacitors or double-layer capacitors (efficient charging systems for batteries, ultracapacitors, supercapacitors or double-layer capacitors in road transportation in general Y02T10/92)",Compilation of Changes
2020.08,D,Y02T 10/7077,Y02T 10/7077,on board the vehicle,on board the vehicle,Compilation of Changes
2020.08,D,Y02T 10/7083,Y02T 10/7083,with the energy being of renewable origin,with the energy being of renewable origin,Compilation of Changes
2020.08,D,Y02T 10/7088,Y02T 10/7088,Charging stations,Charging stations,Compilation of Changes
2020.08,D,Y02T 10/7094,Y02T 10/7094,with the energy being of renewable origin,with the energy being of renewable origin,Compilation of Changes
2020.08,T,Y02T 10/72,Y02T 10/72,Electric energy management in electromobility,Electric energy management in electromobility,Compilation of Changes
2020.08,D,Y02T 10/7208,Y02T 10/7208,Electric power conversion within the vehicle,Electric power conversion within the vehicle,Compilation of Changes
2020.08,D,Y02T 10/7216,Y02T 10/7216,DC to DC power conversion,DC to DC power conversion,Compilation of Changes
2020.08,D,Y02T 10/7225,Y02T 10/7225,Using step - up or boost converters,Using step - up or boost converters,Compilation of Changes
2020.08,D,Y02T 10/7233,Y02T 10/7233,Using step - down or buck converters,Using step - down or buck converters,Compilation of Changes
2020.08,D,Y02T 10/7241,Y02T 10/7241,DC to AC or AC to DC power conversion,DC to AC or AC to DC power conversion,Compilation of Changes
2020.08,D,Y02T 10/725,Y02T 10/725,AC to AC power conversion,AC to AC power conversion,Compilation of Changes
2020.08,D,Y02T 10/7258,Y02T 10/7258,Optimisation of vehicle performance,Optimisation of vehicle performance,Compilation of Changes
2020.08,D,Y02T 10/7275,Y02T 10/7275,Desired performance achievement,Desired performance achievement,Compilation of Changes
2020.08,D,Y02T 10/7283,Y02T 10/7283,Optimisation of energy managament,Optimisation of energy managament,Compilation of Changes
2020.08,D,Y02T 10/7291,Y02T 10/7291,by route optimisation processing,by route optimisation processing,Compilation of Changes
2020.08,D,Y02T 10/76,Y02T 10/76,Transmission of mechanical power,Transmission of mechanical power,Compilation of Changes
2020.08,U,Y02T 10/08,Y02T 10/08,Technologies aiming to reduce greenhouse gasses emissions common to all road transportation technologies,Technologies aiming to reduce greenhouse gasses emissions common to all road transportation technologies,Compilation of Changes
2020.08,U,Y02T 10/82,Y02T 10/82,Elements for improving aerodynamics,Elements for improving aerodynamics,Compilation of Changes
2020.08,U,Y02T 10/84,Y02T 10/84,"Data processing systems or methods, management, administration","Data processing systems or methods, management, administration",Compilation of Changes
2020.08,T,Y02T 10/86,Y02T 10/86,"Optimisation of rolling resistance, e.g. weight reduction","Optimisation of rolling resistance, e.g. weight reduction",Compilation of Changes
2020.08,D,Y02T 10/862,Y02T 10/862,"Tyres, e.g. materials","Tyres, e.g. materials",Compilation of Changes
2020.08,D,Y02T 10/865,Y02T 10/865,Bearings,Bearings,Compilation of Changes
2020.08,U,Y02T 10/88,Y02T 10/88,"Optimized components or subsystems, e.g. lighting, actively controlled glasses","Optimized components or subsystems, e.g. lighting, actively controlled glasses",Compilation of Changes
2020.08,U,Y02T 10/09,Y02T 10/09,"Energy harvesting concepts as power supply for auxiliaries' energy consumption, e.g. photovoltaic sun-roof","Energy harvesting concepts as power supply for auxiliaries' energy consumption, e.g. photovoltaic sun-roof",Compilation of Changes
2020.08,U,Y02T 10/92,Y02T 10/92,"Energy efficient charging or discharging systems for batteries, ultracapacitors, supercapacitors or double-layer capacitors specially adapted for vehicles","Energy efficient charging or discharging systems for batteries, ultracapacitors, supercapacitors or double-layer capacitors specially adapted for vehicles",Compilation of Changes
2020.08,T,Y02T 30/00,Y02T 30/00,"Transportation of goods or passengers via railways, e.g. energy recovery or reducing air resistance","Transportation of goods or passengers via railways, e.g. energy recovery or reducing air resistance",Compilation of Changes
2020.08,D,Y02T 30/01,Y02T 30/01,Energy recovery technologies concerning the propulsion system in locomotives or motor railcars,Energy recovery technologies concerning the propulsion system in locomotives or motor railcars,Compilation of Changes
2020.08,D,Y02T 30/12,Y02T 30/12,"In electric locomotives or motor railcars with electric accumulators, e.g. involving regenerative braking","In electric locomotives or motor railcars with electric accumulators, e.g. involving regenerative braking",Compilation of Changes
2020.08,D,Y02T 30/14,Y02T 30/14,In locomotives or motor railcars with pneumatic accumulators,In locomotives or motor railcars with pneumatic accumulators,Compilation of Changes
2020.08,D,Y02T 30/16,Y02T 30/16,In locomotives or motor railcars with two or different kinds or types of engine,In locomotives or motor railcars with two or different kinds or types of engine,Compilation of Changes
2020.08,D,Y02T 30/18,Y02T 30/18,Specific power storing devices,Specific power storing devices,Compilation of Changes
2020.08,D,Y02T 30/03,Y02T 30/03,Other technological aspects of railway vehicles,Other technological aspects of railway vehicles,Compilation of Changes
2020.08,D,Y02T 30/32,Y02T 30/32,Reducing air resistance by modifying contour,Reducing air resistance by modifying contour,Compilation of Changes
2020.08,D,Y02T 30/34,Y02T 30/34,Composite; Lightweight materials,Composite; Lightweight materials,Compilation of Changes
2020.08,D,Y02T 30/36,Y02T 30/36,Device for using the energy of the movements of the vehicle,Device for using the energy of the movements of the vehicle,Compilation of Changes
2020.08,D,Y02T 30/38,Y02T 30/38,Bogie frames comprising parts made from fiber-reinforced matrix material,Bogie frames comprising parts made from fiber-reinforced matrix material,Compilation of Changes
2020.08,D,Y02T 30/04,Y02T 30/04,"Applications of solar cells or heat pipes, e.g. on ski-lift cabins or carriages for passengers or goods","Applications of solar cells or heat pipes, e.g. on ski-lift cabins or carriages for passengers or goods",Compilation of Changes
2020.08,D,Y02T 30/42,Y02T 30/42,"concerning heating, ventilating or air conditioning","concerning heating, ventilating or air conditioning",Compilation of Changes
2020.08,U,Y02T 50/00,Y02T 50/00,Aeronautics or air transport,Aeronautics or air transport,Compilation of Changes
2020.08,T,Y02T 50/01,Y02T 50/01,Drag reduction,Drag reduction,Compilation of Changes
2020.08,D,Y02T 50/12,Y02T 50/12,"Overall configuration, shape or profile of fuselage or wings","Overall configuration, shape or profile of fuselage or wings",Compilation of Changes
2020.08,D,Y02T 50/14,Y02T 50/14,"Adaptive structures, e.g. morphing wings","Adaptive structures, e.g. morphing wings",Compilation of Changes
2020.08,D,Y02T 50/16,Y02T 50/16,by influencing airflow,by influencing airflow,Compilation of Changes
2020.08,D,Y02T 50/162,Y02T 50/162,by generating or controlling vortexes,by generating or controlling vortexes,Compilation of Changes
2020.08,D,Y02T 50/164,Y02T 50/164,"at the wing tip, e.g. winglets","at the wing tip, e.g. winglets",Compilation of Changes
2020.08,D,Y02T 50/166,Y02T 50/166,by influencing the boundary layer,by influencing the boundary layer,Compilation of Changes
2020.08,T,Y02T 50/03,Y02T 50/03,Wing lift efficiency,Wing lift efficiency,Compilation of Changes
2020.08,D,Y02T 50/32,Y02T 50/32,Optimised high lift wing systems,Optimised high lift wing systems,Compilation of Changes
2020.08,D,Y02T 50/34,Y02T 50/34,Helicopter rotor blades lift efficiency,Helicopter rotor blades lift efficiency,Compilation of Changes
2020.08,T,Y02T 50/04,Y02T 50/04,Weight reduction,Weight reduction,Compilation of Changes
2020.08,D,Y02T 50/42,Y02T 50/42,Airframe,Airframe,Compilation of Changes
2020.08,D,Y02T 50/43,Y02T 50/43,Composites,Composites,Compilation of Changes
2020.08,D,Y02T 50/44,Y02T 50/44,Design measures,Design measures,Compilation of Changes
2020.08,D,Y02T 50/46,Y02T 50/46,Interior,Interior,Compilation of Changes
2020.08,T,Y02T 50/05,Y02T 50/05,On board measures aiming to increase energy efficiency,On board measures aiming to increase energy efficiency,Compilation of Changes
2020.08,D,Y02T 50/52,Y02T 50/52,concerning the electrical systems,concerning the electrical systems,Compilation of Changes
2020.08,D,Y02T 50/53,Y02T 50/53,"Energy recovery, conversion or storage systems","Energy recovery, conversion or storage systems",Compilation of Changes
2020.08,D,Y02T 50/54,Y02T 50/54,All-electric or substantially electric architectures,All-electric or substantially electric architectures,Compilation of Changes
2020.08,D,Y02T 50/55,Y02T 50/55,Solar cells as on-board power source,Solar cells as on-board power source,Compilation of Changes
2020.08,D,Y02T 50/56,Y02T 50/56,"Thermal management, e.g. environmental control systems [ECS] or cooling","Thermal management, e.g. environmental control systems [ECS] or cooling",Compilation of Changes
2020.08,T,Y02T 50/06,Y02T 50/06,"Efficient propulsion technologies, e.g. for aircraft","Efficient propulsion technologies, e.g. for aircraft",Compilation of Changes
2020.08,D,Y02T 50/62,Y02T 50/62,Electrical,Electrical,Compilation of Changes
2020.08,D,Y02T 50/64,Y02T 50/64,Hybrid,Hybrid,Compilation of Changes
2020.08,D,Y02T 50/66,Y02T 50/66,Propellers,Propellers,Compilation of Changes
2020.08,D,Y02T 50/67,Y02T 50/67,Relevant aircraft propulsion technologies,Relevant aircraft propulsion technologies,Compilation of Changes
2020.08,D,Y02T 50/671,Y02T 50/671,Measures to reduce the propulsor weight,Measures to reduce the propulsor weight,Compilation of Changes
2020.08,D,Y02T 50/672,Y02T 50/672,using composites,using composites,Compilation of Changes
2020.08,D,Y02T 50/673,Y02T 50/673,Improving the blades aerodynamics,Improving the blades aerodynamics,Compilation of Changes
2020.08,D,Y02T 50/675,Y02T 50/675,Enabling an increased combustion temperature by cooling,Enabling an increased combustion temperature by cooling,Compilation of Changes
2020.08,D,Y02T 50/676,Y02T 50/676,Blades cooling,Blades cooling,Compilation of Changes
2020.08,D,Y02T 50/6765,Y02T 50/6765,Enabling an increased combustion temperature by thermal barrier coatings,Enabling an increased combustion temperature by thermal barrier coatings,Compilation of Changes
2020.08,D,Y02T 50/677,Y02T 50/677,Controlling the propulsor to control the emissions,Controlling the propulsor to control the emissions,Compilation of Changes
2020.08,M,Y02T 50/678,Y02T 50/678,Aviation using fuels of non-fossil origin,Aviation using fuels of non-fossil origin,Compilation of Changes
2020.08,T,Y02T 50/08,Y02T 50/08,"Energy efficient operational measures, e.g. ground operations or mission management","Energy efficient operational measures, e.g. ground operations or mission management",Compilation of Changes
2020.08,D,Y02T 50/82,Y02T 50/82,Related to ground operations,Related to ground operations,Compilation of Changes
2020.08,D,Y02T 50/823,Y02T 50/823,"Aircraft equipment, e.g. wheel embedded","Aircraft equipment, e.g. wheel embedded",Compilation of Changes
2020.08,D,Y02T 50/826,Y02T 50/826,Towing equipment,Towing equipment,Compilation of Changes
2020.08,D,Y02T 50/84,Y02T 50/84,Related to management of trajectory and mission,Related to management of trajectory and mission,Compilation of Changes
2020.08,T,Y02T 70/00,Y02T 70/00,Maritime or waterways transport,Maritime or waterways transport,Compilation of Changes
2020.08,T,Y02T 70/01,Y02T 70/01,Measures concerning design or construction of watercraft hulls,Measures concerning design or construction of watercraft hulls,Compilation of Changes
2020.08,D,Y02T 70/12,Y02T 70/12,Improving hydrodynamics of hull,Improving hydrodynamics of hull,Compilation of Changes
2020.08,D,Y02T 70/121,Y02T 70/121,Reducing surface friction,Reducing surface friction,Compilation of Changes
2020.08,D,Y02T 70/122,Y02T 70/122,"Air lubrication, air cavity systems","Air lubrication, air cavity systems",Compilation of Changes
2020.08,D,Y02T 70/123,Y02T 70/123,"Hull coatings, e.g. biomimicry","Hull coatings, e.g. biomimicry",Compilation of Changes
2020.08,D,Y02T 70/125,Y02T 70/125,Lower wave resistance,Lower wave resistance,Compilation of Changes
2020.08,D,Y02T 70/126,Y02T 70/126,Bow shape,Bow shape,Compilation of Changes
2020.08,D,Y02T 70/127,Y02T 70/127,improving wake pattern,improving wake pattern,Compilation of Changes
2020.08,D,Y02T 70/128,Y02T 70/128,reducing the interaction between hull and propeller,reducing the interaction between hull and propeller,Compilation of Changes
2020.08,D,Y02T 70/14,Y02T 70/14,Construction of hull,Construction of hull,Compilation of Changes
2020.08,D,Y02T 70/143,Y02T 70/143,"Materials, e.g. ultra light steels, composites","Materials, e.g. ultra light steels, composites",Compilation of Changes
2020.08,D,Y02T 70/146,Y02T 70/146,Energy efficient measures related to fabrication or assembly of hull,Energy efficient measures related to fabrication or assembly of hull,Compilation of Changes
2020.08,D,Y02T 70/03,Y02T 70/03,Measures at the maintenance or repair stage specially aiming at green house gasses emissions reduction,Measures at the maintenance or repair stage specially aiming at green house gasses emissions reduction,Compilation of Changes
2020.08,D,Y02T 70/32,Y02T 70/32,Surface or tank cleaning and treatment operations,Surface or tank cleaning and treatment operations,Compilation of Changes
2020.08,D,Y02T 70/34,Y02T 70/34,"Improved operation of fossil fuel transfer, e.g. ship-to-ship oil or gas transfer","Improved operation of fossil fuel transfer, e.g. ship-to-ship oil or gas transfer",Compilation of Changes
2020.08,D,Y02T 70/36,Y02T 70/36,Handling waste,Handling waste,Compilation of Changes
2020.08,T,Y02T 70/05,Y02T 70/05,Measures to reduce greenhouse gas emissions related to the propulsion system,Measures to reduce greenhouse gas emissions related to the propulsion system,Compilation of Changes
2020.08,D,Y02T 70/52,Y02T 70/52,Propulsion power plant,Propulsion power plant,Compilation of Changes
2020.08,D,Y02T 70/5209,Y02T 70/5209,Relating to type of fuel,Relating to type of fuel,Compilation of Changes
2020.08,M,Y02T 70/5218,Y02T 70/5218,"Less carbon-intensive fuels, e.g. natural gas, biofuels","Less carbon-intensive fuels, e.g. natural gas, biofuels",Compilation of Changes
2020.08,D,Y02T 70/5227,Y02T 70/5227,"Non-conventional fuels, e.g. nuclear","Non-conventional fuels, e.g. nuclear",Compilation of Changes
2020.08,T,Y02T 70/5236,Y02T 70/5236,Renewable or hybrid-electric solutions,Renewable or hybrid-electric solutions,Compilation of Changes
2020.08,D,Y02T 70/5245,Y02T 70/5245,"using solar generated electricity, e.g. photovoltaics","using solar generated electricity, e.g. photovoltaics",Compilation of Changes
2020.08,D,Y02T 70/5254,Y02T 70/5254,using wind motor to generate electricity,using wind motor to generate electricity,Compilation of Changes
2020.08,D,Y02T 70/5263,Y02T 70/5263,Other measures to increase efficiency of the power plant,Other measures to increase efficiency of the power plant,Compilation of Changes
2020.08,D,Y02T 70/5272,Y02T 70/5272,Engine monitoring and control,Engine monitoring and control,Compilation of Changes
2020.08,D,Y02T 70/5281,Y02T 70/5281,Waste heat recovery,Waste heat recovery,Compilation of Changes
2020.08,D,Y02T 70/529,Y02T 70/529,Reducing auxiliary power,Reducing auxiliary power,Compilation of Changes
2020.08,D,Y02T 70/54,Y02T 70/54,Propeller,Propeller,Compilation of Changes
2020.08,D,Y02T 70/542,Y02T 70/542,Improved propeller design,Improved propeller design,Compilation of Changes
2020.08,D,Y02T 70/545,Y02T 70/545,Recovery of rotational energy,Recovery of rotational energy,Compilation of Changes
2020.08,D,Y02T 70/547,Y02T 70/547,Wake equalizing arrangements,Wake equalizing arrangements,Compilation of Changes
2020.08,D,Y02T 70/56,Y02T 70/56,Jets,Jets,Compilation of Changes
2020.08,D,Y02T 70/58,Y02T 70/58,Propulsion by direct use of wind,Propulsion by direct use of wind,Compilation of Changes
2020.08,D,Y02T 70/583,Y02T 70/583,Energy efficient technologies involving sails,Energy efficient technologies involving sails,Compilation of Changes
2020.08,D,Y02T 70/586,Y02T 70/586,Kites,Kites,Compilation of Changes
2020.08,D,Y02T 70/59,Y02T 70/59,"Other propulsion concepts for reducing greenhouse gas emissions, e.g. wave-powered","Other propulsion concepts for reducing greenhouse gas emissions, e.g. wave-powered",Compilation of Changes
2020.08,D,Y02T 70/07,Y02T 70/07,Technologies for a more efficient operation of the waterborne vessel not otherwise provided for,Technologies for a more efficient operation of the waterborne vessel not otherwise provided for,Compilation of Changes
2020.08,D,Y02T 70/72,Y02T 70/72,"Related to heating, ventilation, air conditioning, or refrigeration systems","Related to heating, ventilation, air conditioning, or refrigeration systems",Compilation of Changes
2020.08,D,Y02T 70/74,Y02T 70/74,Integrating maritime voyage control,Integrating maritime voyage control,Compilation of Changes
2020.08,D,Y02T 70/742,Y02T 70/742,Speed reduction,Speed reduction,Compilation of Changes
2020.08,D,Y02T 70/745,Y02T 70/745,Weather routing,Weather routing,Compilation of Changes
2020.08,D,Y02T 70/747,Y02T 70/747,Course optimization,Course optimization,Compilation of Changes
2020.08,D,Y02T 70/08,Y02T 70/08,"Measures concerning recycling, retrofitting or dismantling of waterborne vessels","Measures concerning recycling, retrofitting or dismantling of waterborne vessels",Compilation of Changes
2020.08,D,Y02T 70/09,Y02T 70/09,Port equipment or systems reducing GHG emissions,Port equipment or systems reducing GHG emissions,Compilation of Changes
2020.08,T,Y02T 90/00,Y02T 90/00,Enabling technologies or technologies with a potential or indirect contribution to GHG emissions mitigation,Enabling technologies or technologies with a potential or indirect contribution to GHG emissions mitigation,Compilation of Changes
2020.08,M,Y02T 90/01,Y02T 90/01,Technologies related to electric vehicle chargingrelating to charging of electric vehicles,Technologies related to electric vehicle chargingrelating to charging of electric vehicles,Compilation of Changes
2020.08,T,Y02T 90/12,Y02T 90/12,Electric charging stations,Electric charging stations,Compilation of Changes
2020.08,D,Y02T 90/121,Y02T 90/121,by conductive energy transmission,by conductive energy transmission,Compilation of Changes
2020.08,D,Y02T 90/122,Y02T 90/122,by inductive energy transmission,by inductive energy transmission,Compilation of Changes
2020.08,D,Y02T 90/124,Y02T 90/124,by exchange of energy storage elements,by exchange of energy storage elements,Compilation of Changes
2020.08,D,Y02T 90/125,Y02T 90/125,Alignment between the vehicle and the charging station,Alignment between the vehicle and the charging station,Compilation of Changes
2020.08,D,Y02T 90/127,Y02T 90/127,Converters or inverters for charging,Converters or inverters for charging,Compilation of Changes
2020.08,D,Y02T 90/128,Y02T 90/128,Energy exchange control or determination,Energy exchange control or determination,Compilation of Changes
2020.08,U,Y02T 90/14,Y02T 90/14,Plug-in electric vehicles,Plug-in electric vehicles,Compilation of Changes
2020.08,T,Y02T 90/16,Y02T 90/16,Information or communication technologies improving the operation of electric vehicles,Information or communication technologies improving the operation of electric vehicles,Compilation of Changes
2020.08,D,Y02T 90/161,Y02T 90/161,Navigation,Navigation,Compilation of Changes
2020.08,D,Y02T 90/162,Y02T 90/162,Position determination,Position determination,Compilation of Changes
2020.08,D,Y02T 90/163,Y02T 90/163,Information or communication technologies related to charging of electric vehicle,Information or communication technologies related to charging of electric vehicle,Compilation of Changes
2020.08,T,Y02T 90/167,Y02T 90/167,"Systems integrating technologies related to power network operation and communication or information technologies for supporting the interoperability of electric or hybrid vehicles, i.e. smartgrids as interface for battery charging of electric vehicles [EV] or hybrid vehicles [HEV] (power aggregation of EV or HEV Y02E60/721)","Systems integrating technologies related to power network operation and communication or information technologies for supporting the interoperability of electric or hybrid vehicles, i.e. smartgrids as interface for battery charging of electric vehicles [EV] or hybrid vehicles [HEV] (power aggregation of EV or HEV Y02E60/721)",Compilation of Changes
2020.08,D,Y02T 90/168,Y02T 90/168,Remote or cooperative charging operation,Remote or cooperative charging operation,Compilation of Changes
2020.08,D,Y02T 90/169,Y02T 90/169,"Aspects supporting the interoperability of electric or hybrid vehicles, e.g. recognition, authentication, identification or billing","Aspects supporting the interoperability of electric or hybrid vehicles, e.g. recognition, authentication, identification or billing",Compilation of Changes
2020.08,D,Y02T 90/03,Y02T 90/03,Application of fuel cell technology to transportation,Application of fuel cell technology to transportation,Compilation of Changes
2020.08,D,Y02T 90/32,Y02T 90/32,"Fuel cells specially adapted to transport applications, e.g. automobile, bus, ship","Fuel cells specially adapted to transport applications, e.g. automobile, bus, ship",Compilation of Changes
2020.08,D,Y02T 90/34,Y02T 90/34,Fuel cell powered electric vehicles [FCEV],Fuel cell powered electric vehicles [FCEV],Compilation of Changes
2020.08,D,Y02T 90/36,Y02T 90/36,Fuel cells as on-board power source in aeronautics,Fuel cells as on-board power source in aeronautics,Compilation of Changes
2020.08,D,Y02T 90/38,Y02T 90/38,Fuel cells as on-board power source in waterborne transportation,Fuel cells as on-board power source in waterborne transportation,Compilation of Changes
2020.08,T,Y02T 90/04,Y02T 90/04,"Application of hydrogen technology to transportation, e.g. using fuel cells","Application of hydrogen technology to transportation, e.g. using fuel cells",Compilation of Changes
2020.08,D,Y02T 90/42,Y02T 90/42,Hydrogen as fuel for road transportation,Hydrogen as fuel for road transportation,Compilation of Changes
2020.08,D,Y02T 90/44,Y02T 90/44,Hydrogen as fuel in aeronautics,Hydrogen as fuel in aeronautics,Compilation of Changes
2020.08,D,Y02T 90/46,Y02T 90/46,Hydrogen as fuel in waterborne transportation,Hydrogen as fuel in waterborne transportation,Compilation of Changes
2020.08,D,Y02T 90/05,Y02T 90/05,"Computer aided design [CAD] for improving the mechanical performance in the sector of transportation, e.g. improvement of aerodynamics, noise or vibration reduction, tyre design","Computer aided design [CAD] for improving the mechanical performance in the sector of transportation, e.g. improvement of aerodynamics, noise or vibration reduction, tyre design",Compilation of Changes
2020.08,M,Y02W 10/00,Y02W 10/00,Technologies for wastewater treatment (fuel from waste Y02E50/30; methane from waste for energy generation Y02E50/34),Technologies for wastewater treatment (fuel from waste Y02E50/30; methane from waste for energy generation Y02E50/34),Compilation of Changes
2020.08,T,Y02W 10/01,Y02W 10/01,"Biological treatment of water, waste water, or sewage","Biological treatment of water, waste water, or sewage",Compilation of Changes
2020.08,D,Y02W 10/12,Y02W 10/12,"Anaerobic processes with biogas recycling, capture or flaring","Anaerobic processes with biogas recycling, capture or flaring",Compilation of Changes
2020.08,D,Y02W 10/15,Y02W 10/15,Aerobic processes,Aerobic processes,Compilation of Changes
2020.08,D,Y02W 10/18,Y02W 10/18,Constructed wetlands,Constructed wetlands,Compilation of Changes
2020.08,T,Y02W 10/02,Y02W 10/02,Sludge processing,Sludge processing,Compilation of Changes
2020.08,D,Y02W 10/23,Y02W 10/23,"Anaerobic processes with biogas recycling, capture or flaring","Anaerobic processes with biogas recycling, capture or flaring",Compilation of Changes
2020.08,D,Y02W 10/27,Y02W 10/27,Aerobic processes,Aerobic processes,Compilation of Changes
2020.08,M,Y02W 10/03,Y02W 10/03,Wastewater or sewage treatment systems with climate change mitigation effect characterised by the origin of the energyusing renewable energies,Wastewater or sewage treatment systems with climate change mitigation effect characterised by the origin of the energyusing renewable energies,Compilation of Changes
2020.08,U,Y02W 10/33,Y02W 10/33,using wind energy,using wind energy,Compilation of Changes
2020.08,U,Y02W 10/37,Y02W 10/37,using solar energy,using solar energy,Compilation of Changes
2020.08,T,Y02W 10/04,Y02W 10/04,"Valorisation of by-products of wastewater, sewage or sludge processing","Valorisation of by-products of wastewater, sewage or sludge processing",Compilation of Changes
2020.08,D,Y02W 10/45,Y02W 10/45,Obtention of bio-polymers,Obtention of bio-polymers,Compilation of Changes
2020.08,M,Y02W 30/00,Y02W 30/00,Technologies for solid waste management (heat utilisation in combustion or incineration of waste Y02E20/12; fuel from waste Y02E50/30; methane from waste for energy generation Y02E50/34),Technologies for solid waste management (heat utilisation in combustion or incineration of waste Y02E20/12; fuel from waste Y02E50/30; methane from waste for energy generation Y02E50/34),Compilation of Changes
2020.08,M,Y02W 30/01,Y02W 30/01,"Related to wasteWaste collection, transportation, transfer or storage, e.g. segregated refuse collecting, electric or hybrid propulsion","Related to wasteWaste collection, transportation, transfer or storage, e.g. segregated refuse collecting, electric or hybrid propulsion",Compilation of Changes
2020.08,M,Y02W 30/02,Y02W 30/02,Related to wasteWaste processing or separation (separation techniques Y02W30/522; separating plastic from other materials Y02W30/622; removing refrigerant Y02W30/825),Related to wasteWaste processing or separation (separation techniques Y02W30/522; separating plastic from other materials Y02W30/622; removing refrigerant Y02W30/825),Compilation of Changes
2020.08,T,Y02W 30/03,Y02W 30/03,Landfill technologies aiming to mitigate methane emissions,Landfill technologies aiming to mitigate methane emissions,Compilation of Changes
2020.08,D,Y02W 30/32,Y02W 30/32,Sealing or covering,Sealing or covering,Compilation of Changes
2020.08,D,Y02W 30/35,Y02W 30/35,Landfill gas capture,Landfill gas capture,Compilation of Changes
2020.08,D,Y02W 30/38,Y02W 30/38,Landfill gas flaring,Landfill gas flaring,Compilation of Changes
2020.08,T,Y02W 30/04,Y02W 30/04,Bio-organic fraction processing; Production of fertilisers from the organic fraction of waste or refuse,Bio-organic fraction processing; Production of fertilisers from the organic fraction of waste or refuse,Compilation of Changes
2020.08,D,Y02W 30/43,Y02W 30/43,"Aerobic fermentation, e.g. composting","Aerobic fermentation, e.g. composting",Compilation of Changes
2020.08,D,Y02W 30/47,Y02W 30/47,"Anaerobic fermentation, e.g. methanation combined with capture, recycling or flaring","Anaerobic fermentation, e.g. methanation combined with capture, recycling or flaring",Compilation of Changes
2020.08,T,Y02W 30/05,Y02W 30/05,"Reuse, recycling or recovery technologies","Reuse, recycling or recovery technologies",Compilation of Changes
2020.08,T,Y02W 30/52,Y02W 30/52,"Dismantling or mechanicalMechanical processing of waste for the recovery of materials during separation, disassembly, pre-processing or upgrading, e.g. crushing, shredding, separation or disassembly","Dismantling or mechanicalMechanical processing of waste for the recovery of materials during separation, disassembly, pre-processing or upgrading, e.g. crushing, shredding, separation or disassembly",Compilation of Changes
2020.08,D,Y02W 30/521,Y02W 30/521,Crushing or shredding,Crushing or shredding,Compilation of Changes
2020.08,D,Y02W 30/522,Y02W 30/522,Separation techniques,Separation techniques,Compilation of Changes
2020.08,D,Y02W 30/523,Y02W 30/523,Sieving or screening,Sieving or screening,Compilation of Changes
2020.08,D,Y02W 30/524,Y02W 30/524,based on density or gravimetry,based on density or gravimetry,Compilation of Changes
2020.08,D,Y02W 30/525,Y02W 30/525,using wind or air currents,using wind or air currents,Compilation of Changes
2020.08,D,Y02W 30/526,Y02W 30/526,Magnetic separation,Magnetic separation,Compilation of Changes
2020.08,D,Y02W 30/527,Y02W 30/527,Electrostatic separation,Electrostatic separation,Compilation of Changes
2020.08,D,Y02W 30/528,Y02W 30/528,inducing eddy-currents,inducing eddy-currents,Compilation of Changes
2020.08,D,Y02W 30/54,Y02W 30/54,Metal recycling,Metal recycling,Compilation of Changes
2020.08,D,Y02W 30/541,Y02W 30/541,Manufacture of articles from waste metal particles,Manufacture of articles from waste metal particles,Compilation of Changes
2020.08,D,Y02W 30/542,Y02W 30/542,Recovery or treatment of by-products during pig-iron manufacturing (use of waste of metallurgical processes as filler for mortars or concrete Y02W30/94),Recovery or treatment of by-products during pig-iron manufacturing (use of waste of metallurgical processes as filler for mortars or concrete Y02W30/94),Compilation of Changes
2020.08,D,Y02W 30/543,Y02W 30/543,Treatment of liquid slag,Treatment of liquid slag,Compilation of Changes
2020.08,M,Y02W 30/56,Y02W 30/56,Disassembly of vehicles for recovery of salvageable partsof vehicles,Disassembly of vehicles for recovery of salvageable partsof vehicles,Compilation of Changes
2020.08,U,Y02W 30/58,Y02W 30/58,Construction or demolition [C&D] waste,Construction or demolition [C&D] waste,Compilation of Changes
2020.08,T,Y02W 30/06,Y02W 30/06,Glass recycling,Glass recycling,Compilation of Changes
2020.08,D,Y02W 30/61,Y02W 30/61,Glass containers reutilization,Glass containers reutilization,Compilation of Changes
2020.08,T,Y02W 30/62,Y02W 30/62,Plastics recycling; Rubber recycling,Plastics recycling; Rubber recycling,Compilation of Changes
2020.08,D,Y02W 30/622,Y02W 30/622,Separating plastics from other materials,Separating plastics from other materials,Compilation of Changes
2020.08,D,Y02W 30/625,Y02W 30/625,Disintegrating plastics,Disintegrating plastics,Compilation of Changes
2020.08,D,Y02W 30/628,Y02W 30/628,Plastic containers reutilization,Plastic containers reutilization,Compilation of Changes
2020.08,T,Y02W 30/64,Y02W 30/64,Paper recycling,Paper recycling,Compilation of Changes
2020.08,D,Y02W 30/642,Y02W 30/642,Dry methods for dividing waste paper into small particles,Dry methods for dividing waste paper into small particles,Compilation of Changes
2020.08,D,Y02W 30/644,Y02W 30/644,by cutting actions,by cutting actions,Compilation of Changes
2020.08,D,Y02W 30/646,Y02W 30/646,Wet methods for dividing waste paper into small particles,Wet methods for dividing waste paper into small particles,Compilation of Changes
2020.08,D,Y02W 30/648,Y02W 30/648,Recovery of cellulose by working-up waste paper,Recovery of cellulose by working-up waste paper,Compilation of Changes
2020.08,T,Y02W 30/66,Y02W 30/66,Disintegrating fibre-containing textile articles to obtain fibres for re-use,Disintegrating fibre-containing textile articles to obtain fibres for re-use,Compilation of Changes
2020.08,D,Y02W 30/663,Y02W 30/663,"Opening, unravelling or teasing ropes or like fibrous strands to obtain fibres for re-use","Opening, unravelling or teasing ropes or like fibrous strands to obtain fibres for re-use",Compilation of Changes
2020.08,D,Y02W 30/667,Y02W 30/667,Opening rags to obtain fibres for re-use,Opening rags to obtain fibres for re-use,Compilation of Changes
2020.08,D,Y02W 30/68,Y02W 30/68,Rubber waste recycling,Rubber waste recycling,Compilation of Changes
2020.08,D,Y02W 30/683,Y02W 30/683,Utilisation of recycled rubber in footwear,Utilisation of recycled rubber in footwear,Compilation of Changes
2020.08,D,Y02W 30/687,Y02W 30/687,Utilisation of recycled tires for hydraulic engineering,Utilisation of recycled tires for hydraulic engineering,Compilation of Changes
2020.08,D,Y02W 30/07,Y02W 30/07,Recovery of polymers other than plastics or rubbers,Recovery of polymers other than plastics or rubbers,Compilation of Changes
2020.08,D,Y02W 30/701,Y02W 30/701,without chemical reactions,without chemical reactions,Compilation of Changes
2020.08,D,Y02W 30/702,Y02W 30/702,"by chemically breaking down the molecular chains of polymers or breaking of crosslinks, e.g. devulcanisation","by chemically breaking down the molecular chains of polymers or breaking of crosslinks, e.g. devulcanisation",Compilation of Changes
2020.08,D,Y02W 30/703,Y02W 30/703,by dry-heat treatment only,by dry-heat treatment only,Compilation of Changes
2020.08,D,Y02W 30/704,Y02W 30/704,by treatment with steam or water,by treatment with steam or water,Compilation of Changes
2020.08,D,Y02W 30/705,Y02W 30/705,by treatment with inorganic material,by treatment with inorganic material,Compilation of Changes
2020.08,D,Y02W 30/706,Y02W 30/706,by treatment with organic material,by treatment with organic material,Compilation of Changes
2020.08,D,Y02W 30/72,Y02W 30/72,Recovery of luminescent materials,Recovery of luminescent materials,Compilation of Changes
2020.08,U,Y02W 30/74,Y02W 30/74,"Recovery of fats, fatty oils, fatty acids or other fatty substances, e.g. lanolin or waxes","Recovery of fats, fatty oils, fatty acids or other fatty substances, e.g. lanolin or waxes",Compilation of Changes
2020.08,D,Y02W 30/76,Y02W 30/76,Recovery of tanning agents from leather,Recovery of tanning agents from leather,Compilation of Changes
2020.08,M,Y02W 30/78,Y02W 30/78,Recycling of wood or furniture waste (production of fertilisers from the organic fraction of waste or refuse Y02W30/40),Recycling of wood or furniture waste (production of fertilisers from the organic fraction of waste or refuse Y02W30/40),Compilation of Changes
2020.08,T,Y02W 30/08,Y02W 30/08,"Packaging reuse or recycling, e.g. of multilayer packaging (bio-packaging Y02W90/10)","Packaging reuse or recycling, e.g. of multilayer packaging (bio-packaging Y02W90/10)",Compilation of Changes
2020.08,D,Y02W 30/801,Y02W 30/801,Technologies specific to multilayer packaging,Technologies specific to multilayer packaging,Compilation of Changes
2020.08,D,Y02W 30/802,Y02W 30/802,Packaging eco-design or eco-conception,Packaging eco-design or eco-conception,Compilation of Changes
2020.08,D,Y02W 30/803,Y02W 30/803,Packaging containers made of recycled materials,Packaging containers made of recycled materials,Compilation of Changes
2020.08,D,Y02W 30/804,Y02W 30/804,the recycled material being paper,the recycled material being paper,Compilation of Changes
2020.08,D,Y02W 30/805,Y02W 30/805,Packaging containers especially suited for or with means facilitating recycling,Packaging containers especially suited for or with means facilitating recycling,Compilation of Changes
2020.08,D,Y02W 30/806,Y02W 30/806,Packaging containers consisting of two or more parts made of the same material,Packaging containers consisting of two or more parts made of the same material,Compilation of Changes
2020.08,D,Y02W 30/807,Y02W 30/807,Packaging containers especially suited for or with means facilitating reusability,Packaging containers especially suited for or with means facilitating reusability,Compilation of Changes
2020.08,T,Y02W 30/82,Y02W 30/82,Recycling of waste of electrical or electronic equipment [WEEE],Recycling of waste of electrical or electronic equipment [WEEE],Compilation of Changes
2020.08,D,Y02W 30/821,Y02W 30/821,Recovery of metals from electric or electronic cables or wires scrap (metal recycling Y02W30/54),Recovery of metals from electric or electronic cables or wires scrap (metal recycling Y02W30/54),Compilation of Changes
2020.08,D,Y02W 30/822,Y02W 30/822,"Recovery of materials from electronic scrap, e.g. printed circuit board scrap","Recovery of materials from electronic scrap, e.g. printed circuit board scrap",Compilation of Changes
2020.08,D,Y02W 30/823,Y02W 30/823,Technologies specific to particular WEEE categories,Technologies specific to particular WEEE categories,Compilation of Changes
2020.08,D,Y02W 30/824,Y02W 30/824,Refrigerators,Refrigerators,Compilation of Changes
2020.08,D,Y02W 30/825,Y02W 30/825,Removing refrigerant,Removing refrigerant,Compilation of Changes
2020.08,D,Y02W 30/826,Y02W 30/826,Information technology [IT] or telecommunication equipment,Information technology [IT] or telecommunication equipment,Compilation of Changes
2020.08,D,Y02W 30/827,Y02W 30/827,Consumers equipment or photovoltaic panels,Consumers equipment or photovoltaic panels,Compilation of Changes
2020.08,D,Y02W 30/828,Y02W 30/828,Lighting equipment or discharge tubes,Lighting equipment or discharge tubes,Compilation of Changes
2020.08,D,Y02W 30/829,Y02W 30/829,Lighting devices made of waste or recyclable material,Lighting devices made of waste or recyclable material,Compilation of Changes
2020.08,T,Y02W 30/84,Y02W 30/84,Recycling of batteries or fuel cells,Recycling of batteries or fuel cells,Compilation of Changes
2020.08,D,Y02W 30/86,Y02W 30/86,Recycling of fuel cells,Recycling of fuel cells,Compilation of Changes
2020.08,D,Y02W 30/88,Y02W 30/88,Nuclear fuel reprocessing,Nuclear fuel reprocessing,Compilation of Changes
2020.08,D,Y02W 30/881,Y02W 30/881,"Apparatus or processes for dismantling nuclear fuel, e.g. before reprocessing","Apparatus or processes for dismantling nuclear fuel, e.g. before reprocessing",Compilation of Changes
2020.08,D,Y02W 30/882,Y02W 30/882,Reprocessing of irradiated solid fuel,Reprocessing of irradiated solid fuel,Compilation of Changes
2020.08,D,Y02W 30/883,Y02W 30/883,"Aqueous processes, e.g. based on organic extraction means or regeneration thereof","Aqueous processes, e.g. based on organic extraction means or regeneration thereof",Compilation of Changes
2020.08,D,Y02W 30/884,Y02W 30/884,Non-aqueous processes,Non-aqueous processes,Compilation of Changes
2020.08,D,Y02W 30/09,Y02W 30/09,"Reuse, recycling or recovery technologies cross-cutting to different types of waste","Reuse, recycling or recovery technologies cross-cutting to different types of waste",Compilation of Changes
2020.08,T,Y02W 30/91,Y02W 30/91,Use of waste materials as fillers for mortars or concrete,Use of waste materials as fillers for mortars or concrete,Compilation of Changes
2020.08,D,Y02W 30/92,Y02W 30/92,"Combustion residues, e.g. purification products of smoke, fumes or exhaust gases","Combustion residues, e.g. purification products of smoke, fumes or exhaust gases",Compilation of Changes
2020.08,D,Y02W 30/93,Y02W 30/93,"from quarries, mining or the like","from quarries, mining or the like",Compilation of Changes
2020.08,D,Y02W 30/94,Y02W 30/94,from metallurgical processes,from metallurgical processes,Compilation of Changes
2020.08,D,Y02W 30/95,Y02W 30/95,from building or ceramic industry,from building or ceramic industry,Compilation of Changes
2020.08,D,Y02W 30/96,Y02W 30/96,"organic, e.g. rubber, polystyrene","organic, e.g. rubber, polystyrene",Compilation of Changes
2020.08,D,Y02W 30/97,Y02W 30/97,"Vegetable refuse, e.g. rice husks, maize-ear refuse; cellulosic materials, e.g. paper","Vegetable refuse, e.g. rice husks, maize-ear refuse; cellulosic materials, e.g. paper",Compilation of Changes
2020.08,T,Y02W 90/00,Y02W 90/00,Enabling technologies or technologies with a potential or indirect contribution to greenhouse gas [GHG] emissions mitigation,Enabling technologies or technologies with a potential or indirect contribution to greenhouse gas [GHG] emissions mitigation,Compilation of Changes
2020.08,T,Y02W 90/01,Y02W 90/01,"Bio-packaging, e.g. packing containers made from renewable resources or bio-plastics","Bio-packaging, e.g. packing containers made from renewable resources or bio-plastics",Compilation of Changes
2020.08,D,Y02W 90/11,Y02W 90/11,Packing containers made from renewable resources,Packing containers made from renewable resources,Compilation of Changes
2020.08,D,Y02W 90/12,Y02W 90/12,Packing containers made of bio-plastics,Packing containers made of bio-plastics,Compilation of Changes
2020.08,D,Y02W 90/13,Y02W 90/13,Biodegradable packaging containers,Biodegradable packaging containers,Compilation of Changes
2020.08,D,Y02W 90/14,Y02W 90/14,Compostable packaging containers,Compostable packaging containers,Compilation of Changes
2020.08,D,Y02W 90/02,Y02W 90/02,Computer systems or methods specially adapted for waste reduction or recycling of materials or goods,Computer systems or methods specially adapted for waste reduction or recycling of materials or goods,Compilation of Changes
2020.08,T,Y04S 10/00,Y04S 10/00,"Systems supporting electrical power generation, transmission or distribution","Systems supporting electrical power generation, transmission or distribution",Compilation of Changes
2020.08,D,Y04S 10/01,Y04S 10/01,"Systems characterised by the monitored, controlled or operated power network elements or equipment","Systems characterised by the monitored, controlled or operated power network elements or equipment",Compilation of Changes
2020.08,M,Y04S 10/12,Y04S 10/12,"the elements or equipment being or involving energy generation units, including distributedMonitoring or controlling equipment for energy generation units, e.g. distributed energy generation [DER] or load-side generation","the elements or equipment being or involving energy generation units, including distributedMonitoring or controlling equipment for energy generation units, e.g. distributed energy generation [DER] or load-side generation",Compilation of Changes
2020.08,M,Y04S 10/123,Y04S 10/123,the energy generation units being or involving renewable energy sources,the energy generation units being or involving renewable energy sources,Compilation of Changes
2020.08,M,Y04S 10/126,Y04S 10/126,"the energy generation units being or involving electric vehicles [EV] or hybrid vehicles [HEV], i.e. power aggregation of EV or HEV, vehicle to grid arrangements [V2G] (remote or cooperative charging Y04S30/12; details associated with the interoperability in the section of transportation, e.g. vehicle recognition, authentication, identification or billing Y04S30/14)","the energy generation units being or involving electric vehicles [EV] or hybrid vehicles [HEV], i.e. power aggregation of EV or HEV, vehicle to grid arrangements [V2G] (remote or cooperative charging Y04S30/12; details associated with the interoperability in the section of transportation, e.g. vehicle recognition, authentication, identification or billing Y04S30/14)",Compilation of Changes
2020.08,M,Y04S 10/14,Y04S 10/14,the elements or equipments being or involving energyEnergy storage units (for systems comprising uninterruptible power supplies or standby generators Y04S20/12),the elements or equipments being or involving energyEnergy storage units (for systems comprising uninterruptible power supplies or standby generators Y04S20/12),Compilation of Changes
2020.08,M,Y04S 10/16,Y04S 10/16,the elements or equipments being or involving electricElectric power substations,the elements or equipments being or involving electricElectric power substations,Compilation of Changes
2020.08,M,Y04S 10/18,Y04S 10/18,"the elements or equipments being or involvingusing switches, relays or circuit breakers, e.g. intelligent electronic devices [IED]","the elements or equipments being or involvingusing switches, relays or circuit breakers, e.g. intelligent electronic devices [IED]",Compilation of Changes
2020.08,M,Y04S 10/02,Y04S 10/02,"the elements or equipments being or involvingusing protection elements, arrangements or systems","the elements or equipments being or involvingusing protection elements, arrangements or systems",Compilation of Changes
2020.08,M,Y04S 10/22,Y04S 10/22,the element or elements being flexibleFlexible AC transmission systems [FACTS] or power factor or reactive power compensating or correcting units,the element or elements being flexibleFlexible AC transmission systems [FACTS] or power factor or reactive power compensating or correcting units,Compilation of Changes
2020.08,D,Y04S 10/24,Y04S 10/24,the elements or equipments being or involving voltage regulating units,the elements or equipments being or involving voltage regulating units,Compilation of Changes
2020.08,D,Y04S 10/26,Y04S 10/26,the elements or equipments being or involving measuring units,the elements or equipments being or involving measuring units,Compilation of Changes
2020.08,D,Y04S 10/265,Y04S 10/265,the measuring units being or involving phasor measuring units [PMU],the measuring units being or involving phasor measuring units [PMU],Compilation of Changes
2020.08,M,Y04S 10/03,Y04S 10/03,"Systems characterised by stateState monitoring, e.g. fault, temperature monitoring, insulator monitoring, corona discharge","Systems characterised by stateState monitoring, e.g. fault, temperature monitoring, insulator monitoring, corona discharge",Compilation of Changes
2020.08,M,Y04S 10/04,Y04S 10/04,"Systems characterised by the displayDisplay of information, e.g. of data or controls","Systems characterised by the displayDisplay of information, e.g. of data or controls",Compilation of Changes
2020.08,T,Y04S 10/05,Y04S 10/05,"Systems or methods supporting the power network operation or management, involving a certain degree of interaction with the load-side end user applications","Systems or methods supporting the power network operation or management, involving a certain degree of interaction with the load-side end user applications",Compilation of Changes
2020.08,T,Y04S 10/52,Y04S 10/52,"Outage or fault management, e.g. fault detection or location","Outage or fault management, e.g. fault detection or location",Compilation of Changes
2020.08,D,Y04S 10/522,Y04S 10/522,Fault detection or location,Fault detection or location,Compilation of Changes
2020.08,D,Y04S 10/525,Y04S 10/525,Power restoration,Power restoration,Compilation of Changes
2020.08,D,Y04S 10/527,Y04S 10/527,Power quality monitoring,Power quality monitoring,Compilation of Changes
2020.08,D,Y04S 10/54,Y04S 10/54,Management of operational aspects,Management of operational aspects,Compilation of Changes
2020.08,D,Y04S 10/542,Y04S 10/542,"Planning, load or production forecast","Planning, load or production forecast",Compilation of Changes
2020.08,D,Y04S 10/545,Y04S 10/545,Computing methods or systems for efficient or low carbon management or operation of electric power systems,Computing methods or systems for efficient or low carbon management or operation of electric power systems,Compilation of Changes
2020.08,D,Y04S 10/547,Y04S 10/547,"Maintenance, construction or extension","Maintenance, construction or extension",Compilation of Changes
2020.08,D,Y04S 10/56,Y04S 10/56,"Supply chain or logistics, e.g. warehousing, distribution, inventory, stock management, order filling, procurement or balancing against orders","Supply chain or logistics, e.g. warehousing, distribution, inventory, stock management, order filling, procurement or balancing against orders",Compilation of Changes
2020.08,D,Y04S 10/58,Y04S 10/58,Financial or economic aspects related to the network operation,Financial or economic aspects related to the network operation,Compilation of Changes
2020.08,D,Y04S 10/06,Y04S 10/06,Reporting; Information providing; Statistics or analysis,Reporting; Information providing; Statistics or analysis,Compilation of Changes
2020.08,T,Y04S 20/00,Y04S 20/00,"Systems supporting the managementManagement or operation of end-user stationary applications, including also or the last stages of power distribution and the control, monitoring or operating management systems at local level (the energy generation units being or involving electricity based vehicles Y04S10/126; remote or cooperative charging of electric or hybrid vehicles Y04S30/12); Controlling, monitoring or operating thereof","Systems supporting the managementManagement or operation of end-user stationary applications, including also or the last stages of power distribution and the control, monitoring or operating management systems at local level (the energy generation units being or involving electricity based vehicles Y04S10/126; remote or cooperative charging of electric or hybrid vehicles Y04S30/12); Controlling, monitoring or operating thereof",Compilation of Changes
2020.08,D,Y04S 20/01,Y04S 20/01,"System characterised by the monitored, controlled or operated end-user elements or equipments","System characterised by the monitored, controlled or operated end-user elements or equipments",Compilation of Changes
2020.08,M,Y04S 20/12,Y04S 20/12,"the elements or equipments being or involving energyEnergy storage units, uninterruptible power supply [UPS] systems or standby or emergency generators involved, e.g. in the last power distribution stages","the elements or equipments being or involving energyEnergy storage units, uninterruptible power supply [UPS] systems or standby or emergency generators involved, e.g. in the last power distribution stages",Compilation of Changes
2020.08,M,Y04S 20/14,Y04S 20/14,"The elements or equipments being or involving protection elementsProtecting elements, switches, relays or circuit breakers","The elements or equipments being or involving protection elementsProtecting elements, switches, relays or circuit breakers",Compilation of Changes
2020.08,D,Y04S 20/16,Y04S 20/16,"The elements or equipments being or involving power plugs, sockets, adapters or power strips","The elements or equipments being or involving power plugs, sockets, adapters or power strips",Compilation of Changes
2020.08,D,Y04S 20/18,Y04S 20/18,"The element or elements being a direct current power network, grid or distribution line","The element or elements being a direct current power network, grid or distribution line",Compilation of Changes
2020.08,T,Y04S 20/02,Y04S 20/02,End-user application control systems,End-user application control systems,Compilation of Changes
2020.08,D,Y04S 20/22,Y04S 20/22,characterised by the aim of the control,characterised by the aim of the control,Compilation of Changes
2020.08,M,Y04S 20/221,Y04S 20/221,General power management systems,General power management systems,Compilation of Changes
2020.08,T,Y04S 20/222,Y04S 20/222,"Demand response systems, e.g. load shedding, peak shaving","Demand response systems, e.g. load shedding, peak shaving",Compilation of Changes
2020.08,D,Y04S 20/224,Y04S 20/224,Curtailment; Interruptions; Retail price-responsive demand,Curtailment; Interruptions; Retail price-responsive demand,Compilation of Changes
2020.08,D,Y04S 20/225,Y04S 20/225,"The system entering an energy saving mode, i.e. sleep, low-power or standby modes","The system entering an energy saving mode, i.e. sleep, low-power or standby modes",Compilation of Changes
2020.08,D,Y04S 20/227,Y04S 20/227,Domotics or building automation systems,Domotics or building automation systems,Compilation of Changes
2020.08,D,Y04S 20/228,Y04S 20/228,Characterised by involving a home automation communication network,Characterised by involving a home automation communication network,Compilation of Changes
2020.08,D,Y04S 20/24,Y04S 20/24,characterised by the end-user application,characterised by the end-user application,Compilation of Changes
2020.08,M,Y04S 20/242,Y04S 20/242,the end-user application being or involving homeHome appliances,the end-user application being or involving homeHome appliances,Compilation of Changes
2020.08,M,Y04S 20/244,Y04S 20/244,the home appliances being or involving heating ventilating and air conditioning [HVAC] units,the home appliances being or involving heating ventilating and air conditioning [HVAC] units,Compilation of Changes
2020.08,M,Y04S 20/246,Y04S 20/246,the system involving the remote operation of lamps or lighting equipment,the system involving the remote operation of lamps or lighting equipment,Compilation of Changes
2020.08,M,Y04S 20/248,Y04S 20/248,the end-user application involving UPS systems or standby or emergency generators,the end-user application involving UPS systems or standby or emergency generators,Compilation of Changes
2020.08,T,Y04S 20/03,Y04S 20/03,"Smart metering, e.g. specially adapted for remote reading","Smart metering, e.g. specially adapted for remote reading",Compilation of Changes
2020.08,D,Y04S 20/32,Y04S 20/32,Systems characterised by remote reading,Systems characterised by remote reading,Compilation of Changes
2020.08,D,Y04S 20/322,Y04S 20/322,from a fixed location,from a fixed location,Compilation of Changes
2020.08,D,Y04S 20/325,Y04S 20/325,from a mobile location,from a mobile location,Compilation of Changes
2020.08,D,Y04S 20/327,Y04S 20/327,The remote reading system including mechanisms for turning on/off the supply,The remote reading system including mechanisms for turning on/off the supply,Compilation of Changes
2020.08,D,Y04S 20/34,Y04S 20/34,Systems which determine the environmental impact of user behavior,Systems which determine the environmental impact of user behavior,Compilation of Changes
2020.08,D,Y04S 20/36,Y04S 20/36,"Methods or devices for detecting or reporting abnormalities, e.g. faults, outages, leaks","Methods or devices for detecting or reporting abnormalities, e.g. faults, outages, leaks",Compilation of Changes
2020.08,D,Y04S 20/38,Y04S 20/38,Identification of individual loads by analysing current or voltage waveforms,Identification of individual loads by analysing current or voltage waveforms,Compilation of Changes
2020.08,D,Y04S 20/04,Y04S 20/04,"Displaying of usage with respect to time, e.g. monitoring evolution of usage, relating usage and weather conditions","Displaying of usage with respect to time, e.g. monitoring evolution of usage, relating usage and weather conditions",Compilation of Changes
2020.08,D,Y04S 20/42,Y04S 20/42,"Utility meters which are networked together, e.g. within a single building","Utility meters which are networked together, e.g. within a single building",Compilation of Changes
2020.08,D,Y04S 20/44,Y04S 20/44,Displaying utility price or cost,Displaying utility price or cost,Compilation of Changes
2020.08,D,Y04S 20/46,Y04S 20/46,Remote display of meters readings,Remote display of meters readings,Compilation of Changes
2020.08,D,Y04S 20/48,Y04S 20/48,Methods for determining the topology of meters in a network,Methods for determining the topology of meters in a network,Compilation of Changes
2020.08,D,Y04S 20/05,Y04S 20/05,Retrofitting of installed meters,Retrofitting of installed meters,Compilation of Changes
2020.08,D,Y04S 20/52,Y04S 20/52,Systems oriented to metering of generated energy or power,Systems oriented to metering of generated energy or power,Compilation of Changes
2020.08,D,Y04S 20/525,Y04S 20/525,"Monitoring the performance of renewable electricity generating systems, i.e. of solar panels","Monitoring the performance of renewable electricity generating systems, i.e. of solar panels",Compilation of Changes
2020.08,U,Y04S 30/00,Y04S 30/00,Systems supporting specific end-user applications in the sector of transportation,Systems supporting specific end-user applications in the sector of transportation,Compilation of Changes
2020.08,U,Y04S 30/01,Y04S 30/01,Systems supporting the interoperability of electric or hybrid vehicles,Systems supporting the interoperability of electric or hybrid vehicles,Compilation of Changes
2020.08,U,Y04S 30/12,Y04S 30/12,Remote or cooperative charging,Remote or cooperative charging,Compilation of Changes
2020.08,U,Y04S 30/14,Y04S 30/14,"Details associated with the interoperability, e.g. vehicle recognition, authentication, identification or billing","Details associated with the interoperability, e.g. vehicle recognition, authentication, identification or billing",Compilation of Changes
2020.08,T,Y04S 40/00,Y04S 40/00,"Systems for electrical power generation, transmission, distribution or end-user application management characterised by the use of communication or information technologies, or communication or information technology specific aspects supporting them","Systems for electrical power generation, transmission, distribution or end-user application management characterised by the use of communication or information technologies, or communication or information technology specific aspects supporting them",Compilation of Changes
2020.08,D,Y04S 40/01,Y04S 40/01,characterised by communication technology,characterised by communication technology,Compilation of Changes
2020.08,M,Y04S 40/12,Y04S 40/12,"characterised by data transport means between the monitoring, controlling or managing units and monitored, controlled or operated electrical equipment","characterised by data transport means between the monitoring, controlling or managing units and monitored, controlled or operated electrical equipment",Compilation of Changes
2020.08,T,Y04S 40/121,Y04S 40/121,Usingusing the power network as support for the transmission,Usingusing the power network as support for the transmission,Compilation of Changes
2020.08,D,Y04S 40/122,Y04S 40/122,Using pulsed signals,Using pulsed signals,Compilation of Changes
2020.08,D,Y04S 40/123,Y04S 40/123,Using modification of a parameter of the network power signal,Using modification of a parameter of the network power signal,Compilation of Changes
2020.08,T,Y04S 40/124,Y04S 40/124,using wired telecommunication networks or data transmission busses,using wired telecommunication networks or data transmission busses,Compilation of Changes
2020.08,D,Y04S 40/125,Y04S 40/125,Using phone lines,Using phone lines,Compilation of Changes
2020.08,T,Y04S 40/126,Y04S 40/126,Usingusing wireless data transmission,Usingusing wireless data transmission,Compilation of Changes
2020.08,D,Y04S 40/127,Y04S 40/127,by means of mobile telephony,by means of mobile telephony,Compilation of Changes
2020.08,M,Y04S 40/128,Y04S 40/128,involving the use of Internet protocol,involving the use of Internet protocol,Compilation of Changes
2020.08,D,Y04S 40/14,Y04S 40/14,Communication technology specific aspects,Communication technology specific aspects,Compilation of Changes
2020.08,D,Y04S 40/143,Y04S 40/143,using dedicated transmission supports,using dedicated transmission supports,Compilation of Changes
2020.08,D,Y04S 40/146,Y04S 40/146,using power networks as support for transmission,using power networks as support for transmission,Compilation of Changes
2020.08,D,Y04S 40/16,Y04S 40/16,"Details of management of the overlaying communication network between the monitoring, controlling or managing units and monitored, controlled or operated electrical equipment","Details of management of the overlaying communication network between the monitoring, controlling or managing units and monitored, controlled or operated electrical equipment",Compilation of Changes
2020.08,D,Y04S 40/162,Y04S 40/162,related to configuration or provisioning,related to configuration or provisioning,Compilation of Changes
2020.08,D,Y04S 40/164,Y04S 40/164,related to network topology,related to network topology,Compilation of Changes
2020.08,D,Y04S 40/166,Y04S 40/166,related to fault management,related to fault management,Compilation of Changes
2020.08,D,Y04S 40/168,Y04S 40/168,for performance monitoring,for performance monitoring,Compilation of Changes
2020.08,M,Y04S 40/18,Y04S 40/18,"Network protocols supporting networked applications, e.g. including control of end-device applications over a network","Network protocols supporting networked applications, e.g. including control of end-device applications over a network",Compilation of Changes
2020.08,T,Y04S 40/02,Y04S 40/02,"Information technology specific aspects, e.g. CAD, simulation, modelling, system security","Information technology specific aspects, e.g. CAD, simulation, modelling, system security",Compilation of Changes
2020.08,D,Y04S 40/22,Y04S 40/22,Computer aided design [CAD]; Simulation; Modelling,Computer aided design [CAD]; Simulation; Modelling,Compilation of Changes
2020.08,D,Y04S 40/24,Y04S 40/24,"Arrangements for network security or for protecting computers or computer systems against unauthorised activity, e.g. cyber security","Arrangements for network security or for protecting computers or computer systems against unauthorised activity, e.g. cyber security",Compilation of Changes
2020.08,U,Y04S 50/00,Y04S 50/00,Market activities related to the operation of systems integrating technologies related to power network operation or related to communication or information technologies,Market activities related to the operation of systems integrating technologies related to power network operation or related to communication or information technologies,Compilation of Changes
2020.08,U,Y04S 50/01,Y04S 50/01,"Energy trading, including energy flowing from end-user application to grid","Energy trading, including energy flowing from end-user application to grid",Compilation of Changes
2020.08,U,Y04S 50/12,Y04S 50/12,"Billing, invoicing, buying or selling transactions or other related activities, e.g. cost or usage evaluation","Billing, invoicing, buying or selling transactions or other related activities, e.g. cost or usage evaluation",Compilation of Changes
2020.08,U,Y04S 50/14,Y04S 50/14,"Marketing, i.e. market research and analysis, surveying, promotions, advertising, buyer profiling, customer management or rewards","Marketing, i.e. market research and analysis, surveying, promotions, advertising, buyer profiling, customer management or rewards",Compilation of Changes
2020.08,U,Y04S 50/16,Y04S 50/16,"Energy services, e.g. dispersed generation or demand or load or energy savings aggregation","Energy services, e.g. dispersed generation or demand or load or energy savings aggregation",Compilation of Changes
2020.08,D,Y10T 307/00,Y10T 307/00,Former US Class 307 series,Former US Class 307 series,Compilation of Changes
2020.08,D,Y10T 307/00,Y10T 307/00,Electrical transmission or interconnection systems,Electrical transmission or interconnection systems,Compilation of Changes
2020.08,D,Y10T 307/25,Y10T 307/25,Plural load circuit systems,Plural load circuit systems,Compilation of Changes
2020.08,D,Y10T 307/258,Y10T 307/258,Common conductor or return type,Common conductor or return type,Compilation of Changes
2020.08,D,Y10T 307/266,Y10T 307/266,Polyphase,Polyphase,Compilation of Changes
2020.08,D,Y10T 307/273,Y10T 307/273,Phase balancing,Phase balancing,Compilation of Changes
2020.08,D,Y10T 307/281,Y10T 307/281,Voltage divider type,Voltage divider type,Compilation of Changes
2020.08,D,Y10T 307/289,Y10T 307/289,Plural output generators,Plural output generators,Compilation of Changes
2020.08,D,Y10T 307/297,Y10T 307/297,Transformer connections,Transformer connections,Compilation of Changes
2020.08,D,Y10T 307/305,Y10T 307/305,Plural sources of supply,Plural sources of supply,Compilation of Changes
2020.08,D,Y10T 307/313,Y10T 307/313,Interconnected for energy transfer,Interconnected for energy transfer,Compilation of Changes
2020.08,D,Y10T 307/32,Y10T 307/32,With control of magnitude of energy transfer,With control of magnitude of energy transfer,Compilation of Changes
2020.08,D,Y10T 307/328,Y10T 307/328,Diverse sources,Diverse sources,Compilation of Changes
2020.08,D,Y10T 307/336,Y10T 307/336,AC and DC,AC and DC,Compilation of Changes
2020.08,D,Y10T 307/344,Y10T 307/344,Substitute or alternate source,Substitute or alternate source,Compilation of Changes
2020.08,D,Y10T 307/352,Y10T 307/352,With control of magnitude of current or power,With control of magnitude of current or power,Compilation of Changes
2020.08,D,Y10T 307/359,Y10T 307/359,Diverse sources,Diverse sources,Compilation of Changes
2020.08,D,Y10T 307/367,Y10T 307/367,AC and DC,AC and DC,Compilation of Changes
2020.08,D,Y10T 307/375,Y10T 307/375,Different frequencies,Different frequencies,Compilation of Changes
2020.08,D,Y10T 307/383,Y10T 307/383,Different voltages,Different voltages,Compilation of Changes
2020.08,D,Y10T 307/391,Y10T 307/391,Selectively connected loads and/or sources,Selectively connected loads and/or sources,Compilation of Changes
2020.08,D,Y10T 307/398,Y10T 307/398,Anticoupling of load circuits through same source,Anticoupling of load circuits through same source,Compilation of Changes
2020.08,D,Y10T 307/406,Y10T 307/406,Control of current or power,Control of current or power,Compilation of Changes
2020.08,D,Y10T 307/414,Y10T 307/414,Load current proportioning or dividing,Load current proportioning or dividing,Compilation of Changes
2020.08,D,Y10T 307/422,Y10T 307/422,Constant magnitude control,Constant magnitude control,Compilation of Changes
2020.08,D,Y10T 307/43,Y10T 307/43,By control of one or more load circuits,By control of one or more load circuits,Compilation of Changes
2020.08,D,Y10T 307/438,Y10T 307/438,Limit control,Limit control,Compilation of Changes
2020.08,D,Y10T 307/445,Y10T 307/445,Serially connected load circuits,Serially connected load circuits,Compilation of Changes
2020.08,D,Y10T 307/453,Y10T 307/453,Selective series-parallel connections,Selective series-parallel connections,Compilation of Changes
2020.08,D,Y10T 307/461,Y10T 307/461,Selectively connected or controlled load circuits,Selectively connected or controlled load circuits,Compilation of Changes
2020.08,D,Y10T 307/469,Y10T 307/469,Condition responsive,Condition responsive,Compilation of Changes
2020.08,D,Y10T 307/477,Y10T 307/477,Code-controlled,Code-controlled,Compilation of Changes
2020.08,D,Y10T 307/484,Y10T 307/484,Sequential or alternating,Sequential or alternating,Compilation of Changes
2020.08,D,Y10T 307/492,Y10T 307/492,Circuit arrangements or layouts,Circuit arrangements or layouts,Compilation of Changes
2020.08,D,Y10T 307/05,Y10T 307/05,Plural supply circuits or sources,Plural supply circuits or sources,Compilation of Changes
2020.08,D,Y10T 307/505,Y10T 307/505,One source floats across or compensates for other source,One source floats across or compensates for other source,Compilation of Changes
2020.08,D,Y10T 307/511,Y10T 307/511,With intervening converter,With intervening converter,Compilation of Changes
2020.08,D,Y10T 307/516,Y10T 307/516,Storage battery or accumulator-type source,Storage battery or accumulator-type source,Compilation of Changes
2020.08,D,Y10T 307/522,Y10T 307/522,Dynamoelectric-type source,Dynamoelectric-type source,Compilation of Changes
2020.08,D,Y10T 307/527,Y10T 307/527,Storage battery or accumulator-type source,Storage battery or accumulator-type source,Compilation of Changes
2020.08,D,Y10T 307/533,Y10T 307/533,With series-connected auxiliary source,With series-connected auxiliary source,Compilation of Changes
2020.08,D,Y10T 307/538,Y10T 307/538,Tap-changing or variable number of cells,Tap-changing or variable number of cells,Compilation of Changes
2020.08,D,Y10T 307/544,Y10T 307/544,Circulating- or inter-current control or prevention,Circulating- or inter-current control or prevention,Compilation of Changes
2020.08,D,Y10T 307/549,Y10T 307/549,Load current control,Load current control,Compilation of Changes
2020.08,D,Y10T 307/555,Y10T 307/555,Load current division,Load current division,Compilation of Changes
2020.08,D,Y10T 307/56,Y10T 307/56,Serially connected sources,Serially connected sources,Compilation of Changes
2020.08,D,Y10T 307/565,Y10T 307/565,Fixed or predetermined ratio,Fixed or predetermined ratio,Compilation of Changes
2020.08,D,Y10T 307/571,Y10T 307/571,Diverse-or unlike-type sources,Diverse-or unlike-type sources,Compilation of Changes
2020.08,D,Y10T 307/576,Y10T 307/576,Plural generators,Plural generators,Compilation of Changes
2020.08,D,Y10T 307/582,Y10T 307/582,Plural converters,Plural converters,Compilation of Changes
2020.08,D,Y10T 307/587,Y10T 307/587,Peak or excess load,Peak or excess load,Compilation of Changes
2020.08,D,Y10T 307/593,Y10T 307/593,Constant load or current,Constant load or current,Compilation of Changes
2020.08,D,Y10T 307/598,Y10T 307/598,Serially connected sources,Serially connected sources,Compilation of Changes
2020.08,D,Y10T 307/604,Y10T 307/604,Load-limiting,Load-limiting,Compilation of Changes
2020.08,D,Y10T 307/609,Y10T 307/609,Serially connected sources,Serially connected sources,Compilation of Changes
2020.08,D,Y10T 307/615,Y10T 307/615,Substitute or emergency source,Substitute or emergency source,Compilation of Changes
2020.08,D,Y10T 307/62,Y10T 307/62,Plural substitute sources,Plural substitute sources,Compilation of Changes
2020.08,D,Y10T 307/625,Y10T 307/625,Storage battery or accumulator,Storage battery or accumulator,Compilation of Changes
2020.08,D,Y10T 307/631,Y10T 307/631,With intervening dynamoelectric machine,With intervening dynamoelectric machine,Compilation of Changes
2020.08,D,Y10T 307/636,Y10T 307/636,Dynamoelectric,Dynamoelectric,Compilation of Changes
2020.08,D,Y10T 307/642,Y10T 307/642,Sources distributed along load circuit,Sources distributed along load circuit,Compilation of Changes
2020.08,D,Y10T 307/647,Y10T 307/647,Load transfer without paralleling sources,Load transfer without paralleling sources,Compilation of Changes
2020.08,D,Y10T 307/653,Y10T 307/653,Series-parallel connection of sources,Series-parallel connection of sources,Compilation of Changes
2020.08,D,Y10T 307/658,Y10T 307/658,Diverse or unlike electrical characteristics,Diverse or unlike electrical characteristics,Compilation of Changes
2020.08,D,Y10T 307/664,Y10T 307/664,Differing frequencies,Differing frequencies,Compilation of Changes
2020.08,D,Y10T 307/669,Y10T 307/669,Differing capacities,Differing capacities,Compilation of Changes
2020.08,D,Y10T 307/675,Y10T 307/675,Differing voltages,Differing voltages,Compilation of Changes
2020.08,D,Y10T 307/68,Y10T 307/68,Generator sources,Generator sources,Compilation of Changes
2020.08,D,Y10T 307/685,Y10T 307/685,Series-connected sources,Series-connected sources,Compilation of Changes
2020.08,D,Y10T 307/691,Y10T 307/691,Generator sources,Generator sources,Compilation of Changes
2020.08,D,Y10T 307/696,Y10T 307/696,Selective or optional sources,Selective or optional sources,Compilation of Changes
2020.08,D,Y10T 307/702,Y10T 307/702,Predetermined sequence,Predetermined sequence,Compilation of Changes
2020.08,D,Y10T 307/707,Y10T 307/707,Plural converters,Plural converters,Compilation of Changes
2020.08,D,Y10T 307/713,Y10T 307/713,Plural transformers,Plural transformers,Compilation of Changes
2020.08,D,Y10T 307/718,Y10T 307/718,Plural generators,Plural generators,Compilation of Changes
2020.08,D,Y10T 307/724,Y10T 307/724,Connecting or disconnecting,Connecting or disconnecting,Compilation of Changes
2020.08,D,Y10T 307/729,Y10T 307/729,Condition responsive,Condition responsive,Compilation of Changes
2020.08,D,Y10T 307/735,Y10T 307/735,"Attainment of voltage, frequency or phase relationship","Attainment of voltage, frequency or phase relationship",Compilation of Changes
2020.08,D,Y10T 307/74,Y10T 307/74,Switching systems,Switching systems,Compilation of Changes
2020.08,D,Y10T 307/747,Y10T 307/747,Plural switches,Plural switches,Compilation of Changes
2020.08,D,Y10T 307/753,Y10T 307/753,Lazy-man switch type,Lazy-man switch type,Compilation of Changes
2020.08,D,Y10T 307/76,Y10T 307/76,Selectively actuated,Selectively actuated,Compilation of Changes
2020.08,D,Y10T 307/766,Y10T 307/766,Condition responsive,Condition responsive,Compilation of Changes
2020.08,D,Y10T 307/773,Y10T 307/773,"Light, heat, vibratory or radiant energy","Light, heat, vibratory or radiant energy",Compilation of Changes
2020.08,D,Y10T 307/779,Y10T 307/779,"Fluid pressure, density, level, velocity or humidity","Fluid pressure, density, level, velocity or humidity",Compilation of Changes
2020.08,D,Y10T 307/786,Y10T 307/786,Mechanical force,Mechanical force,Compilation of Changes
2020.08,D,Y10T 307/793,Y10T 307/793,"Speed, centrifugal or kinetic force","Speed, centrifugal or kinetic force",Compilation of Changes
2020.08,D,Y10T 307/799,Y10T 307/799,Inertia or acceleration,Inertia or acceleration,Compilation of Changes
2020.08,D,Y10T 307/806,Y10T 307/806,Direction of rotation,Direction of rotation,Compilation of Changes
2020.08,D,Y10T 307/812,Y10T 307/812,Differential speed between two bodies,Differential speed between two bodies,Compilation of Changes
2020.08,D,Y10T 307/819,Y10T 307/819,Torque,Torque,Compilation of Changes
2020.08,D,Y10T 307/826,Y10T 307/826,Electrical,Electrical,Compilation of Changes
2020.08,D,Y10T 307/832,Y10T 307/832,Power or energy,Power or energy,Compilation of Changes
2020.08,D,Y10T 307/839,Y10T 307/839,"Polarity, phase sequence or reverse flow","Polarity, phase sequence or reverse flow",Compilation of Changes
2020.08,D,Y10T 307/845,Y10T 307/845,AC or DC discriminating,AC or DC discriminating,Compilation of Changes
2020.08,D,Y10T 307/852,Y10T 307/852,Frequency,Frequency,Compilation of Changes
2020.08,D,Y10T 307/858,Y10T 307/858,Voltage,Voltage,Compilation of Changes
2020.08,D,Y10T 307/865,Y10T 307/865,Current,Current,Compilation of Changes
2020.08,D,Y10T 307/872,Y10T 307/872,Repetitive make and break,Repetitive make and break,Compilation of Changes
2020.08,D,Y10T 307/878,Y10T 307/878,Electronically controlled relay,Electronically controlled relay,Compilation of Changes
2020.08,D,Y10T 307/885,Y10T 307/885,Responsive to physical condition,Responsive to physical condition,Compilation of Changes
2020.08,D,Y10T 307/891,Y10T 307/891,Thermal relay,Thermal relay,Compilation of Changes
2020.08,D,Y10T 307/898,Y10T 307/898,Vibrating relay,Vibrating relay,Compilation of Changes
2020.08,D,Y10T 307/904,Y10T 307/904,Miscellaneous,Miscellaneous,Compilation of Changes
2020.08,D,Y10T 307/911,Y10T 307/911,With operation facilitating feature,With operation facilitating feature,Compilation of Changes
2020.08,D,Y10T 307/918,Y10T 307/918,Preliminary reduction in current or voltage of system,Preliminary reduction in current or voltage of system,Compilation of Changes
2020.08,D,Y10T 307/924,Y10T 307/924,Switch contact conditioning,Switch contact conditioning,Compilation of Changes
2020.08,D,Y10T 307/931,Y10T 307/931,Polarity reversing,Polarity reversing,Compilation of Changes
2020.08,D,Y10T 307/937,Y10T 307/937,Switch actuation,Switch actuation,Compilation of Changes
2020.08,D,Y10T 307/944,Y10T 307/944,Power circuit controlled,Power circuit controlled,Compilation of Changes
2020.08,D,Y10T 307/951,Y10T 307/951,With time delay or retardation means,With time delay or retardation means,Compilation of Changes
2020.08,D,Y10T 307/957,Y10T 307/957,Electrically initiated,Electrically initiated,Compilation of Changes
2020.08,D,Y10T 307/964,Y10T 307/964,Series connected switches,Series connected switches,Compilation of Changes
2020.08,D,Y10T 307/97,Y10T 307/97,"With locking, holding or braking means","With locking, holding or braking means",Compilation of Changes
2020.08,D,Y10T 307/977,Y10T 307/977,Electrical actuator,Electrical actuator,Compilation of Changes
2020.08,D,Y10T 307/983,Y10T 307/983,Fluid-pressure actuator,Fluid-pressure actuator,Compilation of Changes
2020.08,U,Y10T 428/00,Y10T 428/00,Stock material or miscellaneous articles,Stock material or miscellaneous articles,Compilation of Changes
2020.08,D,Y10T 428/01,Y10T 428/01,Liquid crystal optical display having layer of specified composition,Liquid crystal optical display having layer of specified composition,Compilation of Changes
2020.08,D,Y10T 428/1005,Y10T 428/1005,Alignment layer of specified composition,Alignment layer of specified composition,Compilation of Changes
2020.08,D,Y10T 428/1009,Y10T 428/1009,Alignment layer is inorganic,Alignment layer is inorganic,Compilation of Changes
2020.08,D,Y10T 428/1014,Y10T 428/1014,"Silicon compound [i.e., organosilicon]","Silicon compound [i.e., organosilicon]",Compilation of Changes
2020.08,D,Y10T 428/1018,Y10T 428/1018,Polyamide,Polyamide,Compilation of Changes
2020.08,D,Y10T 428/1023,Y10T 428/1023,Polyimide,Polyimide,Compilation of Changes
2020.08,D,Y10T 428/1027,Y10T 428/1027,Polyimidfluoride,Polyimidfluoride,Compilation of Changes
2020.08,D,Y10T 428/1032,Y10T 428/1032,Polyimidmetalo,Polyimidmetalo,Compilation of Changes
2020.08,D,Y10T 428/1036,Y10T 428/1036,with viewing layer of specified composition,with viewing layer of specified composition,Compilation of Changes
2020.08,D,Y10T 428/1041,Y10T 428/1041,Polarizer or dye containing viewing layer,Polarizer or dye containing viewing layer,Compilation of Changes
2020.08,D,Y10T 428/1045,Y10T 428/1045,"Silicon compound [e.g., glass, organosilicon, etc.]","Silicon compound [e.g., glass, organosilicon, etc.]",Compilation of Changes
2020.08,D,Y10T 428/105,Y10T 428/105,"Ester [e.g., polycarbonate, polyacrylate, etc.]","Ester [e.g., polycarbonate, polyacrylate, etc.]",Compilation of Changes
2020.08,D,Y10T 428/1055,Y10T 428/1055,with charge transferring layer of specified composition,with charge transferring layer of specified composition,Compilation of Changes
2020.08,D,Y10T 428/1059,Y10T 428/1059,"with bonding or intermediate layer of specified composition [e.g., sealant, space, etc.]","with bonding or intermediate layer of specified composition [e.g., sealant, space, etc.]",Compilation of Changes
2020.08,D,Y10T 428/1064,Y10T 428/1064,Inorganic layer,Inorganic layer,Compilation of Changes
2020.08,D,Y10T 428/1068,Y10T 428/1068,"Silicon compound [i.e., organosilicon]","Silicon compound [i.e., organosilicon]",Compilation of Changes
2020.08,D,Y10T 428/1073,Y10T 428/1073,Epoxy,Epoxy,Compilation of Changes
2020.08,D,Y10T 428/1077,Y10T 428/1077,Ester,Ester,Compilation of Changes
2020.08,D,Y10T 428/1082,Y10T 428/1082,"Unsaturated aliphatic polymer [e.g., vinyl, etc.]","Unsaturated aliphatic polymer [e.g., vinyl, etc.]",Compilation of Changes
2020.08,D,Y10T 428/1086,Y10T 428/1086,with substrate layer of specified composition,with substrate layer of specified composition,Compilation of Changes
2020.08,D,Y10T 428/1091,Y10T 428/1091,Releasable substrate layer to expose adhesive,Releasable substrate layer to expose adhesive,Compilation of Changes
2020.08,D,Y10T 428/1095,Y10T 428/1095,"Inorganic substrate layer [e.g., ceramic, metallic, glass, etc.]","Inorganic substrate layer [e.g., ceramic, metallic, glass, etc.]",Compilation of Changes
