改正時期,改正種別,改正前CPC,改正後CPC,改正前標題,改正後標題,資料種別
2026.05,C,A41G 3/00,A41G 3/00,Wigs (for dolls only A63H3/44),Wigs (for dolls only A63H3/44),Compilation of Changes
2026.05,D,A41G 3/0066,A41G 3/0066,{Planting hair on bases for wigs},{Planting hair on bases for wigs},Compilation of Changes
2026.05,M,A41G 3/0075,A41G 3/0075,{Methods and machinesProcesses or apparatus for making wigs},{Methods and machinesProcesses or apparatus for making wigs},Compilation of Changes
2026.05,N,A41G 3/0077,A41G 3/0077,{for fixing hair filaments on wig bases},{for fixing hair filaments on wig bases},Compilation of Changes
2026.05,M,A41G 3/0083,A41G 3/0083,{Filaments for making wigs Wigs characterised by their hair filaments}(artificial filaments D01F6/00)},{Filaments for making wigs Wigs characterised by their hair filaments}(artificial filaments D01F6/00)},Compilation of Changes
2026.05,M,A41G 3/0091,A41G 3/0091,{Sweat absorbing means or deodorants for wigs},{Sweat absorbing means or deodorants for wigs},Compilation of Changes
2026.05,N,A41G 3/0095,A41G 3/0095,{Methods for attaching wigs to user's head},{Methods for attaching wigs to user's head},Compilation of Changes
2026.05,C,A41G 5/00,A41G 5/00,"Hair pieces, inserts, rolls, pads, or the like; Toupées","Hair pieces, inserts, rolls, pads, or the like; Toupées",Compilation of Changes
2026.05,M,A41G 5/004,A41G 5/004,"{Hair piecesHairpieces, e.g. hair extensions}","{Hair piecesHairpieces, e.g. hair extensions}",Compilation of Changes
2026.05,M,A41G 5/0086,A41G 5/0086,{Applicators or tools for applying hair extensionshairpieces to the user},{Applicators or tools for applying hair extensionshairpieces to the user},Compilation of Changes
2026.05,M,A41G 5/0093,A41G 5/0093,"{Hair accessories connected to a head coveringhead accessories or to hair accessories, e.g. scarfconnected to scarves}","{Hair accessories connected to a head coveringhead accessories or to hair accessories, e.g. scarfconnected to scarves}",Compilation of Changes
2026.05,N,A41G 5/0095,A41G 5/0095,"{Methods for attaching toupées, hairpieces or hair extensions to the user}","{Methods for attaching toupées, hairpieces or hair extensions to the user}",Compilation of Changes
2026.05,C,A41G 5/02,A41G 5/02,Artificial eyelashes; Artificial eyebrows,Artificial eyelashes; Artificial eyebrows,Compilation of Changes
2026.05,N,A41G 5/026,A41G 5/026,{Applicators or tools for attaching artificial eyelashes or eyebrows to user's head},{Applicators or tools for attaching artificial eyelashes or eyebrows to user's head},Compilation of Changes
2026.05,N,A41G 5/027,A41G 5/027,{Methods for attaching artificial eyelashes or eyebrows to user's head},{Methods for attaching artificial eyelashes or eyebrows to user's head},Compilation of Changes
2026.05,U,A47C 1/00,A47C 1/00,"Chairs adapted for special purposes (chairs or personal conveyances specially adapted for patients or disabled persons, e.g. wheelchairs, A61G5/00; operating chairs or dental chairs A61G15/00)","Chairs adapted for special purposes (chairs or personal conveyances specially adapted for patients or disabled persons, e.g. wheelchairs, A61G5/00; operating chairs or dental chairs A61G15/00)",Compilation of Changes
2026.05,U,A47C 1/02,A47C 1/02,Reclining or easy chairs,Reclining or easy chairs,Compilation of Changes
2026.05,U,A47C 1/022,A47C 1/022,having independently-adjustable supporting parts,having independently-adjustable supporting parts,Compilation of Changes
2026.05,M,A47C 1/023,A47C 1/023,"the parts being horizontally-adjustable seats {; Expandable seats or the like, e.g. seats with horizontally adjustable parts}","the parts being horizontally-adjustable seats {; Expandable seats or the like, e.g. seats with horizontally adjustable parts}",Compilation of Changes
2026.05,M,A47C 1/024,A47C 1/024,"the parts, being the back-rest, or the back-rest and seat unit, having adjustable {and lockable} inclination","the parts, being the back-rest, or the back-rest and seat unit, having adjustable {and lockable} inclination",Compilation of Changes
2026.05,M,A47C 1/025,A47C 1/025,by means of a {rack-and-pinion} or like gearing mechanism,by means of a {rack-and-pinion} or like gearing mechanism,Compilation of Changes
2026.05,M,A47C 1/026,A47C 1/026,by means of a peg-and-notch or {pawl-and-ratchet} mechanism,by means of a peg-and-notch or {pawl-and-ratchet} mechanism,Compilation of Changes
2026.05,U,A47C 1/028,A47C 1/028,"for changing a straight chair into an easy chair {, e.g. by inverting or tilting seat and back-rest in the base frame or by overturning the whole chair}","for changing a straight chair into an easy chair {, e.g. by inverting or tilting seat and back-rest in the base frame or by overturning the whole chair}",Compilation of Changes
2026.05,M,A47C 1/029,A47C 1/029,by changing the length or the inclination of the legs {(varying the height of a seat by inclining the legs A47C3/36)},by changing the length or the inclination of the legs {(varying the height of a seat by inclining the legs A47C3/36)},Compilation of Changes
2026.05,M,A47C 1/03,A47C 1/03,the parts being arm-rests {(conversion into a bed A47C17/12)},the parts being arm-rests {(conversion into a bed A47C17/12)},Compilation of Changes
2026.05,U,A47C 1/031,A47C 1/031,having coupled {concurrently} adjustable supporting parts,having coupled {concurrently} adjustable supporting parts,Compilation of Changes
2026.05,U,A47C 1/034,A47C 1/034,the parts including a leg-rest or foot-rest (A47C1/037 takes precedence),the parts including a leg-rest or foot-rest (A47C1/037 takes precedence),Compilation of Changes
2026.05,M,A47C 1/035,A47C 1/035,"in combination with movably -coupled seat and back-rest, {i.e. the seat and back-rest being movably coupled in such a way that the extension mechanism of the foot-rest is actuated at least by the relative movements of seat and backrest}","in combination with movably -coupled seat and back-rest, {i.e. the seat and back-rest being movably coupled in such a way that the extension mechanism of the foot-rest is actuated at least by the relative movements of seat and backrest}",Compilation of Changes
2026.05,M,A47C 1/04,A47C 1/04,"Hairdressers' or similar chairs {, e.g. beauty salon chairs}","Hairdressers' or similar chairs {, e.g. beauty salon chairs}",Compilation of Changes
2026.05,U,A47C 1/12,A47C 1/12,"Theatre, auditorium or similar chairs (detachable seats for mounting on stadium benches A47C1/16)","Theatre, auditorium or similar chairs (detachable seats for mounting on stadium benches A47C1/16)",Compilation of Changes
2026.05,M,A47C 1/13,A47C 1/13,Indicators; Devices for reserving or the like {(coin-freed apparatus for seats or footstools G07F17/08)},Indicators; Devices for reserving or the like {(coin-freed apparatus for seats or footstools G07F17/08)},Compilation of Changes
2026.05,U,A47C 3/00,A47C 3/00,"Chairs characterised by structural features; Chairs or stools with rotatable or vertically-adjustable seats (A47C1/00, A47C4/00 take precedence)","Chairs characterised by structural features; Chairs or stools with rotatable or vertically-adjustable seats (A47C1/00, A47C4/00 take precedence)",Compilation of Changes
2026.05,U,A47C 3/02,A47C 3/02,Rocking chairs,Rocking chairs,Compilation of Changes
2026.05,M,A47C 3/025,A47C 3/025,"with seat, or seat and back-rest unit elastically {or pivotally}, elastically mounted in a rigid {base} frame","with seat, or seat and back-rest unit elastically {or pivotally}, elastically mounted in a rigid {base} frame",Compilation of Changes
2026.05,M,A47C 3/026,A47C 3/026,"with a central column, e.g. rocking office chairs; Tilting chairs","with a central column, e.g. rocking office chairs; Tilting chairs",Compilation of Changes
2026.05,M,A47C 3/027,A47C 3/027,with curved rocking members between seat and {base} frame,with curved rocking members between seat and {base} frame,Compilation of Changes
2026.05,M,A47C 3/04,A47C 3/04,Stackable chairs or nesting chairs; Nesting chairs,Stackable chairs or nesting chairs; Nesting chairs,Compilation of Changes
2026.05,M,A47C 3/12,A47C 3/12,"with shell-shapeshaped seat and back-rest unit, e.g. having arm -rests","with shell-shapeshaped seat and back-rest unit, e.g. having arm -rests",Compilation of Changes
2026.05,U,A47C 3/02,A47C 3/02,Chairs or stools with vertically-adjustable seats,Chairs or stools with vertically-adjustable seats,Compilation of Changes
2026.05,M,A47C 3/34,A47C 3/34,with pins coacting with holes {or bolt-and-nut adjustment},with pins coacting with holes {or bolt-and-nut adjustment},Compilation of Changes
2026.05,U,A47C 7/00,A47C 7/00,"Parts, details, or accessories of chairs or stools","Parts, details, or accessories of chairs or stools",Compilation of Changes
2026.05,U,A47C 7/02,A47C 7/02,Seat parts,Seat parts,Compilation of Changes
2026.05,M,A47C 7/14,A47C 7/14,of adjustable shape; elastically mounted {; adaptable to a user contour or ergonomic seating positions (movably-coupled seat and backrests with elastic adjustment means A47C1/03261; elastically-mounted back-rests or backrest-seat units in the base frame A47C7/44)},of adjustable shape; elastically mounted {; adaptable to a user contour or ergonomic seating positions (movably-coupled seat and backrests with elastic adjustment means A47C1/03261; elastically-mounted back-rests or backrest-seat units in the base frame A47C7/44)},Compilation of Changes
2026.05,U,A47C 7/36,A47C 7/36,Supports for the head or the back,Supports for the head or the back,Compilation of Changes
2026.05,U,A47C 7/04,A47C 7/04,for the back,for the back,Compilation of Changes
2026.05,M,A47C 7/44,A47C 7/44,with elastically-mounted {back-rest or backrest-seat unit in the base} frame,with elastically-mounted {back-rest or backrest-seat unit in the base} frame,Compilation of Changes
2026.05,U,A47C 7/56,A47C 7/56,"Parts or details of tipping-up chairs, e.g. of theatre chairs","Parts or details of tipping-up chairs, e.g. of theatre chairs",Compilation of Changes
2026.05,M,A47C 7/06,A47C 7/06,Use of locks or ledges for limiting the seat movement {(coin-freed apparatus for seats or footstools G07F17/08)},Use of locks or ledges for limiting the seat movement {(coin-freed apparatus for seats or footstools G07F17/08)},Compilation of Changes
2026.05,U,A47C 7/62,A47C 7/62,Accessories for chairs,Accessories for chairs,Compilation of Changes
2026.05,U,A47C 7/72,A47C 7/72,"Adaptations for incorporating lamps, radio sets, bars, telephones, ventilation, heating or cooling arrangements or the like","Adaptations for incorporating lamps, radio sets, bars, telephones, ventilation, heating or cooling arrangements or the like",Compilation of Changes
2026.05,M,A47C 7/74,A47C 7/74,"for ventilation, heating or cooling {(actuated by rocking the chair A47C3/02)}","for ventilation, heating or cooling {(actuated by rocking the chair A47C3/02)}",Compilation of Changes
2026.05,U,A47C 9/00,A47C 9/00,Stools for specified purposes,Stools for specified purposes,Compilation of Changes
2026.05,M,A47C 9/007,A47C 9/007,"{High stools, e.g. bar stools (children's high chairs A47D1/00)}","{High stools, e.g. bar stools (children's high chairs A47D1/00)}",Compilation of Changes
2026.05,U,A47C 9/02,A47C 9/02,Office stools; Workshop stools,Office stools; Workshop stools,Compilation of Changes
2026.05,M,A47C 9/022,A47C 9/022,{movably mounted on a working-table or the like (for hairdressers A47C1/08)},{movably mounted on a working-table or the like (for hairdressers A47C1/08)},Compilation of Changes
2026.05,M,A47C 9/06,A47C 9/06,Wall stools {; Stools hingedly mounted against the wall},Wall stools {; Stools hingedly mounted against the wall},Compilation of Changes
2026.05,U,A47C 13/00,A47C 13/00,"Convertible chairs, stools or benches (step-stools requiring conversion between the step and seat functions A47C12/02)","Convertible chairs, stools or benches (step-stools requiring conversion between the step and seat functions A47C12/02)",Compilation of Changes
2026.05,M,A47C 13/005,A47C 13/005,{Modular seating (chairs connectible into a row A47C1/124)},{Modular seating (chairs connectible into a row A47C1/124)},Compilation of Changes
2026.05,U,A47C 15/00,A47C 15/00,Other seating furniture,Other seating furniture,Compilation of Changes
2026.05,M,A47C 15/002,A47C 15/002,"{Corner seating furniture, e.g. corner sofas (changing corner couches into double bed A47C17/36)}","{Corner seating furniture, e.g. corner sofas (changing corner couches into double bed A47C17/36)}",Compilation of Changes
2026.05,U,A47C 15/004,A47C 15/004,{Seating furniture for specified purposes not covered by main groups A47C1/00 or A47C9/00},{Seating furniture for specified purposes not covered by main groups A47C1/00 or A47C9/00},Compilation of Changes
2026.05,M,A47C 15/006,A47C 15/006,{Floating seats (floatable vessel furniture for life-saving B63C9/30)},{Floating seats (floatable vessel furniture for life-saving B63C9/30)},Compilation of Changes
2026.05,M,A47C 17/00,A47C 17/00,Sofas; Beds,Sofas; Beds,Compilation of Changes
2026.05,U,A47C 17/00,A47C 17/00,Sofas; Couches; Beds,Sofas; Couches; Beds,Compilation of Changes
2026.05,U,A47C 17/04,A47C 17/04,"{Seating furniture, e.g.} sofas, couches, settees, or the like, with movable parts {changeable to beds}; Chair beds","{Seating furniture, e.g.} sofas, couches, settees, or the like, with movable parts {changeable to beds}; Chair beds",Compilation of Changes
2026.05,U,A47C 17/16,A47C 17/16,{Seating furniture} changeable to beds by tilting or pivoting the back-rest,{Seating furniture} changeable to beds by tilting or pivoting the back-rest,Compilation of Changes
2026.05,U,A47C 17/02,A47C 17/02,thereby uncovering one or more auxiliary parts previously hidden (A47C17/22 takes precedence),thereby uncovering one or more auxiliary parts previously hidden (A47C17/22 takes precedence),Compilation of Changes
2026.05,M,A47C 17/207,A47C 17/207,"with seat cushion consisting of {multiple} superposed parts, at least one lower {hidden} part being used to form part of the {bed} surface","with seat cushion consisting of {multiple} superposed parts, at least one lower {hidden} part being used to form part of the {bed} surface",Compilation of Changes
2026.05,M,A47C 17/213,A47C 17/213,"the surface, when used for lying down {in a bed position}, consisting of one side of the {seating furniture} seat frame and the back-rest frame","the surface, when used for lying down {in a bed position}, consisting of one side of the {seating furniture} seat frame and the back-rest frame",Compilation of Changes
2026.05,M,A47C 17/22,A47C 17/22,{Seating furniture having non-movable back-rest changeable to beds} with means for uncovering a previously hidden mattress or similar bed part,{Seating furniture having non-movable back-rest changeable to beds} with means for uncovering a previously hidden mattress or similar bed part,Compilation of Changes
2026.05,M,A47C 17/23,A47C 17/23,the lying down {bed} surface partly consisting of one side of the seat,the lying down {bed} surface partly consisting of one side of the seat,Compilation of Changes
2026.05,U,A47C 17/38,A47C 17/38,Wall beds,Wall beds,Compilation of Changes
2026.05,M,A47C 17/48,A47C 17/48,characterised by two or more relatively-movable {mattress-support} parts,characterised by two or more relatively-movable {mattress-support} parts,Compilation of Changes
2026.05,U,A47C 21/00,A47C 21/00,"Attachments for beds, e.g. sheet holders or bed-cover holders (bed tables supported on the bedstead A47B23/02); Ventilating, cooling or heating means in connection with bedsteads or mattresses","Attachments for beds, e.g. sheet holders or bed-cover holders (bed tables supported on the bedstead A47B23/02); Ventilating, cooling or heating means in connection with bedsteads or mattresses",Compilation of Changes
2026.05,M,A47C 21/006,A47C 21/006,"{Oscillating, balancing or vibrating mechanisms connected to the bedstead (for children's beds A47D9/02)}","{Oscillating, balancing or vibrating mechanisms connected to the bedstead (for children's beds A47D9/02)}",Compilation of Changes
2026.05,U,A47C 21/02,A47C 21/02,"{Holders for loose bed elements, e.g.} sheet holders; bed cover holders","{Holders for loose bed elements, e.g.} sheet holders; bed cover holders",Compilation of Changes
2026.05,U,A47C 21/022,A47C 21/022,{Sheet holders; Bed cover holders},{Sheet holders; Bed cover holders},Compilation of Changes
2026.05,M,A47C 21/024,A47C 21/024,{for holding bed covers above the body of the user (bed-clothes supports to alleviate the weight of the bed-clothes on the patient A61G7/0501)},{for holding bed covers above the body of the user (bed-clothes supports to alleviate the weight of the bed-clothes on the patient A61G7/0501)},Compilation of Changes
2026.05,M,A47C 21/06,A47C 21/06,Mattress underlays {(mattress tickings or covers A47C27/002)},Mattress underlays {(mattress tickings or covers A47C27/002)},Compilation of Changes
2026.05,U,A47C 23/00,A47C 23/00,"Spring mattresses with rigid frame or forming part of the bedstead, e.g. box springs; Divan bases; Slatted bed bases","Spring mattresses with rigid frame or forming part of the bedstead, e.g. box springs; Divan bases; Slatted bed bases",Compilation of Changes
2026.05,M,A47C 23/007,A47C 23/007,{Edge stiffeners (for chair seats A47C7/342; for stuffed mattresses A47C27/06)},{Edge stiffeners (for chair seats A47C7/342; for stuffed mattresses A47C27/06)},Compilation of Changes
2026.05,M,A47C 23/06,A47C 23/06,"using wooden springs, e.g. of slat type {; Slatted bed bases}","using wooden springs, e.g. of slat type {; Slatted bed bases}",Compilation of Changes
2026.05,U,A47C 27/00,A47C 27/00,"Spring, stuffed or fluid mattresses {or cushions} specially adapted for chairs, beds or sofas","Spring, stuffed or fluid mattresses {or cushions} specially adapted for chairs, beds or sofas",Compilation of Changes
2026.05,M,A47C 27/002,A47C 27/002,"{Mattress or cushion tickings or covers (bed linen, blankets or counterpanes A47G9/02)}","{Mattress or cushion tickings or covers (bed linen, blankets or counterpanes A47G9/02)}",Compilation of Changes
2026.05,U,A47C 27/04,A47C 27/04,with spring inlays (A47C27/20 takes precedence),with spring inlays (A47C27/20 takes precedence),Compilation of Changes
2026.05,M,A47C 27/06,A47C 27/06,Spring inlays or spring units therefor,Spring inlays or spring units therefor,Compilation of Changes
2026.05,U,A47C 27/14,A47C 27/14,with foamed material inlays,with foamed material inlays,Compilation of Changes
2026.05,M,A47C 27/02,A47C 27/02,"with springs moulded in, or situated in {cavities or} openings in foamed material","with springs moulded in, or situated in {cavities or} openings in foamed material",Compilation of Changes
2026.05,U,A47C 31/00,A47C 31/00,"Details or accessories for chairs, beds, or the like, not provided for in other groups of this subclass, e.g. upholstery fasteners, mattress protectors, stretching devices for mattress nets","Details or accessories for chairs, beds, or the like, not provided for in other groups of this subclass, e.g. upholstery fasteners, mattress protectors, stretching devices for mattress nets",Compilation of Changes
2026.05,M,A47C 31/08,A47C 31/08,"Mattress hand-straps {, hand-grips or the like}","Mattress hand-straps {, hand-grips or the like}",Compilation of Changes
2026.05,U,A47C 31/01,A47C 31/01,Loose {or removable} furniture covers,Loose {or removable} furniture covers,Compilation of Changes
2026.05,M,A47C 31/11,A47C 31/11,for chairs {(for headrests only A47C7/386; removable protective covers for car seats B60N2/60)},for chairs {(for headrests only A47C7/386; removable protective covers for car seats B60N2/60)},Compilation of Changes
2026.05,U,A61L 2/00,A61L 2/00,"Disinfection or sterilisation of materials or objects, in general; Accessories therefor","Disinfection or sterilisation of materials or objects, in general; Accessories therefor",Compilation of Changes
2026.05,U,A61L 2/16,A61L 2/16,using chemical substances,using chemical substances,Compilation of Changes
2026.05,C,A61L 2/18,A61L 2/18,Liquid substances,Liquid substances,Compilation of Changes
2026.05,M,A61L 2/183,A61L 2/183,Ozone dissolved in a liquid,Ozone dissolved in a liquid,Compilation of Changes
2026.05,M,A61L 2/186,A61L 2/186,Peroxide solutions,Peroxide solutions,Compilation of Changes
2026.05,C,A61L 2/02,A61L 2/02,"Gaseous substances, e.g. vapours","Gaseous substances, e.g. vapours",Compilation of Changes
2026.05,M,A61L 2/202,A61L 2/202,Ozone,Ozone,Compilation of Changes
2026.05,M,A61L 2/204,A61L 2/204,Formaldehyde,Formaldehyde,Compilation of Changes
2026.05,M,A61L 2/206,A61L 2/206,Ethylene oxide,Ethylene oxide,Compilation of Changes
2026.05,M,A61L 2/208,A61L 2/208,Hydrogen peroxide,Hydrogen peroxide,Compilation of Changes
2026.05,U,B01J 21/00,B01J 21/00,"Catalysts comprising the elements, oxides, or hydroxides of magnesium, boron, aluminium, carbon, silicon, titanium, zirconium, or hafnium","Catalysts comprising the elements, oxides, or hydroxides of magnesium, boron, aluminium, carbon, silicon, titanium, zirconium, or hafnium",Compilation of Changes
2026.05,M,B01J 21/18,B01J 21/18,Carbon,Carbon,Compilation of Changes
2026.05,M,B01J 29/00,B01J 29/00,Catalysts comprising molecular sieves {(molecular sieves per se C01B)},Catalysts comprising molecular sieves {(molecular sieves per se C01B)},Compilation of Changes
2026.05,M,B01J 35/00,B01J 35/00,"Catalysts, in general, characterised by their form or physical properties","Catalysts, in general, characterised by their form or physical properties",Compilation of Changes
2026.05,M,B01J 35/02,B01J 35/02,characterised by their non-solid state,characterised by their non-solid state,Compilation of Changes
2026.05,M,B01J 35/23,B01J 35/23,in a colloidal state,in a colloidal state,Compilation of Changes
2026.05,M,B01J 35/03,B01J 35/03,characterised by their physical properties,characterised by their physical properties,Compilation of Changes
2026.05,M,B01J 35/31,B01J 35/31,Density,Density,Compilation of Changes
2026.05,M,B01J 35/32,B01J 35/32,Bulk density,Bulk density,Compilation of Changes
2026.05,M,B01J 35/34,B01J 35/34,Mechanical properties,Mechanical properties,Compilation of Changes
2026.05,U,B01J 35/391,B01J 35/391,{Physical properties of the active metal ingredient},{Physical properties of the active metal ingredient},Compilation of Changes
2026.05,M,B01J 35/393,B01J 35/393,{Metal or metal oxide crystallite size},{Metal or metal oxide crystallite size},Compilation of Changes
2026.05,M,B01J 35/395,B01J 35/395,{Thickness of the active catalytic layer},{Thickness of the active catalytic layer},Compilation of Changes
2026.05,M,B01J 35/04,B01J 35/04,"characterised by dimensions, e.g. grain size (in a colloidal state B01J35/23; crystallite size B01J35/77)","characterised by dimensions, e.g. grain size (in a colloidal state B01J35/23; crystallite size B01J35/77)",Compilation of Changes
2026.05,M,B01J 35/45,B01J 35/45,Nanoparticles,Nanoparticles,Compilation of Changes
2026.05,M,B01J 35/05,B01J 35/05,characterised by their shape or configuration,characterised by their shape or configuration,Compilation of Changes
2026.05,M,B01J 35/505,B01J 35/505,{with a non-spherical or unspecified core-shell structure},{with a non-spherical or unspecified core-shell structure},Compilation of Changes
2026.05,M,B01J 35/51,B01J 35/51,Spheres,Spheres,Compilation of Changes
2026.05,M,B01J 35/52,B01J 35/52,Hollow spheres,Hollow spheres,Compilation of Changes
2026.05,M,B01J 35/53,B01J 35/53,with a core-shell structure,with a core-shell structure,Compilation of Changes
2026.05,M,B01J 35/54,B01J 35/54,Bars or plates,Bars or plates,Compilation of Changes
2026.05,M,B01J 35/55,B01J 35/55,Cylinders or rings,Cylinders or rings,Compilation of Changes
2026.05,M,B01J 35/56,B01J 35/56,"Foraminous structures having flow-through passages or channels, e.g. grids or three-dimensional [3D] monoliths","Foraminous structures having flow-through passages or channels, e.g. grids or three-dimensional [3D] monoliths",Compilation of Changes
2026.05,M,B01J 35/57,B01J 35/57,Honeycombs,Honeycombs,Compilation of Changes
2026.05,M,B01J 35/07,B01J 35/07,"characterised by their crystalline properties, e.g. semi-crystalline (catalysts comprising carbon B01J21/18; molecular sieves B01J29/00)","characterised by their crystalline properties, e.g. semi-crystalline (catalysts comprising carbon B01J21/18; molecular sieves B01J29/00)",Compilation of Changes
2026.05,M,B01J 35/73,B01J 35/73,"having a two-dimensional [2D] layered crystalline structure, e.g. layered double hydroxide [LDH]","having a two-dimensional [2D] layered crystalline structure, e.g. layered double hydroxide [LDH]",Compilation of Changes
2026.05,M,B01J 35/733,B01J 35/733,{Perovskite-type},{Perovskite-type},Compilation of Changes
2026.05,M,B01J 35/735,B01J 35/735,{Pyrochlore-type A2B2O7},{Pyrochlore-type A2B2O7},Compilation of Changes
2026.05,M,B01J 35/737,B01J 35/737,{Hexaaluminate-type AB12O19},{Hexaaluminate-type AB12O19},Compilation of Changes
2026.05,M,B01J 35/77,B01J 35/77,Compounds characterised by their crystallite size,Compounds characterised by their crystallite size,Compilation of Changes
2026.05,M,B01J 35/08,B01J 35/08,characterised by their amorphous structures,characterised by their amorphous structures,Compilation of Changes
2026.05,M,B01J 2235/00,B01J 2235/00,"Indexing scheme associated with group B01J35/00, related to the analysis techniques used to determine the catalysts form or properties","Indexing scheme associated with group B01J35/00, related to the analysis techniques used to determine the catalysts form or properties",Compilation of Changes
2026.05,M,B08B 1/00,B08B 1/00,Cleaning by methods involving the use of tools (cleaning hollow articles by methods or apparatus specially adapted thereto B08B9/00),Cleaning by methods involving the use of tools (cleaning hollow articles by methods or apparatus specially adapted thereto B08B9/00),Compilation of Changes
2026.05,M,B08B 1/01,B08B 1/01,characterised by the type of cleaning tool,characterised by the type of cleaning tool,Compilation of Changes
2026.05,M,B08B 1/14,B08B 1/14,"Wipes; Absorbent members, e.g. swabs or sponges (with integrated means for dispensing fluids B08B1/40)","Wipes; Absorbent members, e.g. swabs or sponges (with integrated means for dispensing fluids B08B1/40)",Compilation of Changes
2026.05,M,B08B 1/16,B08B 1/16,"Rigid blades, e.g. scrapers; Flexible blades, e.g. wipers","Rigid blades, e.g. scrapers; Flexible blades, e.g. wipers",Compilation of Changes
2026.05,U,B08B 1/03,B08B 1/03,by movement of cleaning members over a surface,by movement of cleaning members over a surface,Compilation of Changes
2026.05,M,B08B 1/32,B08B 1/32,using rotary cleaning members,using rotary cleaning members,Compilation of Changes
2026.05,M,B08B 1/04,B08B 1/04,"Cleaning tools with integrated means for dispensing fluids, e.g. water, steam or detergents (cleaning by the force of jets or sprays B08B3/02)","Cleaning tools with integrated means for dispensing fluids, e.g. water, steam or detergents (cleaning by the force of jets or sprays B08B3/02)",Compilation of Changes
2026.05,M,B08B 1/05,B08B 1/05,involving cleaning of the cleaning members,involving cleaning of the cleaning members,Compilation of Changes
2026.05,M,B08B 1/52,B08B 1/52,using fluids,using fluids,Compilation of Changes
2026.05,M,B08B 1/54,B08B 1/54,using mechanical tools,using mechanical tools,Compilation of Changes
2026.05,M,B09B 3/00,B09B 3/00,Destroying solid waste or transforming solid waste into something useful or harmless,Destroying solid waste or transforming solid waste into something useful or harmless,Compilation of Changes
2026.05,D,B09B 3/0066,B09B 3/0066,{Disposal of asbestos},{Disposal of asbestos},Compilation of Changes
2026.05,D,B09B 3/0075,B09B 3/0075,"{Disposal of medical waste (casings for used articles, e.g. sharps A61B50/362; sterilisation of refuse A61L11/00; disposal of used needles or syringes A61M5/3205; disintegrating medical waste B02C19/0075)}","{Disposal of medical waste (casings for used articles, e.g. sharps A61B50/362; sterilisation of refuse A61L11/00; disposal of used needles or syringes A61M5/3205; disintegrating medical waste B02C19/0075)}",Compilation of Changes
2026.05,M,B09B 3/02,B09B 3/02,"Agglomeration, binding or encapsulation of solid waste","Agglomeration, binding or encapsulation of solid waste",Compilation of Changes
2026.05,M,B09B 3/21,B09B 3/21,using organic binders or matrix,using organic binders or matrix,Compilation of Changes
2026.05,M,B09B 3/23,B09B 3/23,Binders with asphalt,Binders with asphalt,Compilation of Changes
2026.05,M,B09B 3/24,B09B 3/24,Binders with plastic,Binders with plastic,Compilation of Changes
2026.05,M,B09B 3/25,B09B 3/25,using mineral binders or matrix,using mineral binders or matrix,Compilation of Changes
2026.05,M,B09B 3/27,B09B 3/27,"Binding by sodium silicate, e.g. cement or water glass","Binding by sodium silicate, e.g. cement or water glass",Compilation of Changes
2026.05,M,B09B 3/03,B09B 3/03,involving mechanical treatment (involving an extraction step B09B3/80),involving mechanical treatment (involving an extraction step B09B3/80),Compilation of Changes
2026.05,M,B09B 3/32,B09B 3/32,Compressing or compacting,Compressing or compacting,Compilation of Changes
2026.05,M,B09B 3/35,B09B 3/35,"Shredding, crushing or cutting","Shredding, crushing or cutting",Compilation of Changes
2026.05,M,B09B 3/38,B09B 3/38,Stirring or kneading,Stirring or kneading,Compilation of Changes
2026.05,M,B09B 3/04,B09B 3/04,"involving thermal treatment, e.g. evaporation (processes using mineral binders involving a melting or softening step B09B3/29; involving radiation B09B3/50)","involving thermal treatment, e.g. evaporation (processes using mineral binders involving a melting or softening step B09B3/29; involving radiation B09B3/50)",Compilation of Changes
2026.05,M,B09B 3/05,B09B 3/05,"involving radiation, e.g. electro-magnetic waves","involving radiation, e.g. electro-magnetic waves",Compilation of Changes
2026.05,M,B09B 3/06,B09B 3/06,"Biochemical treatment, e.g. by using enzymes","Biochemical treatment, e.g. by using enzymes",Compilation of Changes
2026.05,M,B09B 3/07,B09B 3/07,"Chemical treatment, e.g. pH adjustment or oxidation (involving an extraction step B09B3/80)","Chemical treatment, e.g. pH adjustment or oxidation (involving an extraction step B09B3/80)",Compilation of Changes
2026.05,M,B09B 3/08,B09B 3/08,involving an extraction step,involving an extraction step,Compilation of Changes
2026.05,M,B09B 5/00,B09B 5/00,Operations not covered by a single other subclass or by a single other group in this subclass,Operations not covered by a single other subclass or by a single other group in this subclass,Compilation of Changes
2026.05,U,B09B 2101/00,B09B 2101/00,Type of solid waste,Type of solid waste,Compilation of Changes
2026.05,M,B09B 2101/02,B09B 2101/02,"Gases or liquids enclosed in discarded articles, e.g. aerosol cans or cooling systems of refrigerators","Gases or liquids enclosed in discarded articles, e.g. aerosol cans or cooling systems of refrigerators",Compilation of Changes
2026.05,M,B09B 2101/35,B09B 2101/35,Asbestos,Asbestos,Compilation of Changes
2026.05,M,B09B 2101/65,B09B 2101/65,Medical waste,Medical waste,Compilation of Changes
2026.05,U,B09B 2101/75,B09B 2101/75,Plastic waste,Plastic waste,Compilation of Changes
2026.05,M,B09B 2101/78,B09B 2101/78,"containing foamed plastics, e.g. polystyrol","containing foamed plastics, e.g. polystyrol",Compilation of Changes
2026.05,U,B23C 5/00,B23C 5/00,Milling-cutters (for cutting gear-teeth B23F21/12),Milling-cutters (for cutting gear-teeth B23F21/12),Compilation of Changes
2026.05,U,B23C 5/16,B23C 5/16,characterised by physical features other than shape,characterised by physical features other than shape,Compilation of Changes
2026.05,U,B23C 5/02,B23C 5/02,with removable cutter bits or teeth {or cutting inserts},with removable cutter bits or teeth {or cutting inserts},Compilation of Changes
2026.05,M,B23C 5/202,B23C 5/202,{Plate-like cutting inserts with special form (special form related to securing of the insert B23C5/22)},{Plate-like cutting inserts with special form (special form related to securing of the insert B23C5/22)},Compilation of Changes
2026.05,M,B23C 5/205,B23C 5/205,{characterised by chip-breakers of special form},{characterised by chip-breakers of special form},Compilation of Changes
2026.05,M,B23C 5/22,B23C 5/22,Securing arrangements for bits or teeth {or cutting inserts},Securing arrangements for bits or teeth {or cutting inserts},Compilation of Changes
2026.05,M,B23C 5/2204,B23C 5/2204,{with cutting inserts clamped against the walls of the recess in the cutter body by a clamping member acting upon the wall of a hole in the insert},{with cutting inserts clamped against the walls of the recess in the cutter body by a clamping member acting upon the wall of a hole in the insert},Compilation of Changes
2026.05,M,B23C 5/2208,B23C 5/2208,"{for plate-like cutting inserts  (B23C5/2226, B23C5/2234 take precedence)}","{for plate-like cutting inserts  (B23C5/2226, B23C5/2234 take precedence)}",Compilation of Changes
2026.05,M,B23C 5/2213,B23C 5/2213,{having a special shape},{having a special shape},Compilation of Changes
2026.05,M,B23C 5/2226,B23C 5/2226,"{for plate-like cutting inserts fitted on an intermediate carrier, e.g. shank fixed in the cutter body}","{for plate-like cutting inserts fitted on an intermediate carrier, e.g. shank fixed in the cutter body}",Compilation of Changes
2026.05,M,B23C 5/2234,B23C 5/2234,{for plate-like cutting inserts fitted on a ring or ring segment},{for plate-like cutting inserts fitted on a ring or ring segment},Compilation of Changes
2026.05,M,B23C 5/2239,B23C 5/2239,{with cutting inserts clamped by a clamping member acting almost perpendicular on the cutting face},{with cutting inserts clamped by a clamping member acting almost perpendicular on the cutting face},Compilation of Changes
2026.05,M,B23C 5/2243,B23C 5/2243,"{for plate-like cutting inserts  (B23C5/2252, B23C5/226 take precedence)}","{for plate-like cutting inserts  (B23C5/2252, B23C5/226 take precedence)}",Compilation of Changes
2026.05,M,B23C 5/2247,B23C 5/2247,{having a special shape},{having a special shape},Compilation of Changes
2026.05,M,B23C 5/2252,B23C 5/2252,"{for plate-like cutting inserts fitted on an intermediate carrier, e.g. shank fixed in the cutter body}","{for plate-like cutting inserts fitted on an intermediate carrier, e.g. shank fixed in the cutter body}",Compilation of Changes
2026.05,M,B23C 5/226,B23C 5/226,{for plate-like cutting inserts fitted on a ring or ring segment},{for plate-like cutting inserts fitted on a ring or ring segment},Compilation of Changes
2026.05,M,B23C 5/2265,B23C 5/2265,{by means of a wedge},{by means of a wedge},Compilation of Changes
2026.05,M,B23C 5/2269,B23C 5/2269,"{for plate-like cutting inserts  (B23C5/2278, B23C5/2291 take precedence)}","{for plate-like cutting inserts  (B23C5/2278, B23C5/2291 take precedence)}",Compilation of Changes
2026.05,M,B23C 5/2273,B23C 5/2273,{having a special shape},{having a special shape},Compilation of Changes
2026.05,M,B23C 5/2278,B23C 5/2278,"{for plate-like cutting inserts fitted on an intermediate carrier, e.g. shank fixed in the cutter body}","{for plate-like cutting inserts fitted on an intermediate carrier, e.g. shank fixed in the cutter body}",Compilation of Changes
2026.05,M,B23C 5/2291,B23C 5/2291,{for plate-like cutting inserts fitted on a ring or ring segment},{for plate-like cutting inserts fitted on a ring or ring segment},Compilation of Changes
2026.05,M,B23C 5/2295,B23C 5/2295,{the cutting elements being clamped simultaneously},{the cutting elements being clamped simultaneously},Compilation of Changes
2026.05,M,B23C 5/2298,B23C 5/2298,{secured by resilient/flexible means},{secured by resilient/flexible means},Compilation of Changes
2026.05,M,B23C 5/2301,B23C 5/2301,"{for plate-like cutting inserts  (B23C5/2306, B23C5/2309 take precedence)}","{for plate-like cutting inserts  (B23C5/2306, B23C5/2309 take precedence)}",Compilation of Changes
2026.05,M,B23C 5/2304,B23C 5/2304,{having a special shape},{having a special shape},Compilation of Changes
2026.05,M,B23C 5/2306,B23C 5/2306,"{for plate-like cutting inserts fitted on an intermediate carrier, e.g. shank fixed in the cutter body}","{for plate-like cutting inserts fitted on an intermediate carrier, e.g. shank fixed in the cutter body}",Compilation of Changes
2026.05,M,B23C 5/2309,B23C 5/2309,{for plate-like cutting inserts fitted on a ring or ring segment},{for plate-like cutting inserts fitted on a ring or ring segment},Compilation of Changes
2026.05,M,B23C 5/24,B23C 5/24,adjustable,adjustable,Compilation of Changes
2026.05,M,B23C 5/2462,B23C 5/2462,{the adjusting means being oblique surfaces},{the adjusting means being oblique surfaces},Compilation of Changes
2026.05,M,B23C 5/2465,B23C 5/2465,{the adjusting means being notches},{the adjusting means being notches},Compilation of Changes
2026.05,M,B23C 5/2468,B23C 5/2468,{the adjusting means being serrations},{the adjusting means being serrations},Compilation of Changes
2026.05,M,B23C 5/2472,B23C 5/2472,{the adjusting means being screws},{the adjusting means being screws},Compilation of Changes
2026.05,M,B23C 5/2475,B23C 5/2475,"{the adjusting means being distance elements, e.g. shims or washers}","{the adjusting means being distance elements, e.g. shims or washers}",Compilation of Changes
2026.05,M,B23C 5/2479,B23C 5/2479,{the adjusting means being eccentrics},{the adjusting means being eccentrics},Compilation of Changes
2026.05,M,B23C 5/2482,B23C 5/2482,{the adjusting means being hydraulic cylinders},{the adjusting means being hydraulic cylinders},Compilation of Changes
2026.05,M,B23C 5/2486,B23C 5/2486,{where the adjustment is made by elastically deforming the toolholders},{where the adjustment is made by elastically deforming the toolholders},Compilation of Changes
2026.05,M,B23C 5/2489,B23C 5/2489,{where the adjustment is made by changing the inclination of the inserts},{where the adjustment is made by changing the inclination of the inserts},Compilation of Changes
2026.05,M,B23C 5/2493,B23C 5/2493,{where the adjustment is made by deforming the seating surfaces},{where the adjustment is made by deforming the seating surfaces},Compilation of Changes
2026.05,M,B23C 5/2496,B23C 5/2496,{where the adjusting means are gears and racks},{where the adjusting means are gears and racks},Compilation of Changes
2026.05,M,B23C 5/28,B23C 5/28,Features relating to lubricating or cooling,Features relating to lubricating or cooling,Compilation of Changes
2026.05,M,B23C 5/281,B23C 5/281,{Coolant moving along the outside tool periphery towards the cutting edges},{Coolant moving along the outside tool periphery towards the cutting edges},Compilation of Changes
2026.05,M,B23C 5/282,B23C 5/282,{Coolant channel characterised by its cross-sectional shape},{Coolant channel characterised by its cross-sectional shape},Compilation of Changes
2026.05,M,B23C 5/283,B23C 5/283,{Cutting inserts with internal coolant channels},{Cutting inserts with internal coolant channels},Compilation of Changes
2026.05,M,B23C 5/285,B23C 5/285,{Nozzles},{Nozzles},Compilation of Changes
2026.05,M,B23C 5/286,B23C 5/286,{Deflectors},{Deflectors},Compilation of Changes
2026.05,U,B23C 2200/00,B23C 2200/00,Details of milling cutting inserts,Details of milling cutting inserts,Compilation of Changes
2026.05,M,B23C 2200/28,B23C 2200/28,Angles,Angles,Compilation of Changes
2026.05,M,B23C 2200/281,B23C 2200/281,Negative rake angles,Negative rake angles,Compilation of Changes
2026.05,D,B23C 2200/283,B23C 2200/283,Negative cutting angles,Negative cutting angles,Compilation of Changes
2026.05,M,B23C 2200/284,B23C 2200/284,Negative clearance angles,Negative clearance angles,Compilation of Changes
2026.05,D,B23C 2200/286,B23C 2200/286,Positive cutting angles,Positive cutting angles,Compilation of Changes
2026.05,M,B23C 2200/287,B23C 2200/287,Positive rake angles,Positive rake angles,Compilation of Changes
2026.05,M,B23C 2200/289,B23C 2200/289,Positive clearance angles,Positive clearance angles,Compilation of Changes
2026.05,M,B23C 2200/291,B23C 2200/291,Variable rake angles,Variable rake angles,Compilation of Changes
2026.05,M,B23C 2200/293,B23C 2200/293,Variable clearance angles,Variable clearance angles,Compilation of Changes
2026.05,M,B23C 2200/36,B23C 2200/36,Other features of the milling insert not covered by B23C2200/04 - B23C2200/32,Other features of the milling insert not covered by B23C2200/04 - B23C2200/32,Compilation of Changes
2026.05,M,B23C 2200/364,B23C 2200/364,"Porous inserts, e.g. lattice-shaped constructions","Porous inserts, e.g. lattice-shaped constructions",Compilation of Changes
2026.05,M,B23C 2200/369,B23C 2200/369,Double-sided inserts,Double-sided inserts,Compilation of Changes
2026.05,U,B23C 2210/00,B23C 2210/00,Details of milling cutters,Details of milling cutters,Compilation of Changes
2026.05,M,B23C 2210/05,B23C 2210/05,Cutting inserts,Cutting inserts,Compilation of Changes
2026.05,M,B23C 2210/501,B23C 2210/501,with cutting edges following one or more helices,with cutting edges following one or more helices,Compilation of Changes
2026.05,M,B23C 2210/502,B23C 2210/502,with cutting edges following straight flutes or rows of more than one insert,with cutting edges following straight flutes or rows of more than one insert,Compilation of Changes
2026.05,M,B23C 2210/504,B23C 2210/504,arranged in a manner that only extends longitudinally by one insert,arranged in a manner that only extends longitudinally by one insert,Compilation of Changes
2026.05,M,B23C 2210/64,B23C 2210/64,"End milling cutters having a groove in the end cutting face, the groove not being present so as to provide a cutting edge","End milling cutters having a groove in the end cutting face, the groove not being present so as to provide a cutting edge",Compilation of Changes
2026.05,M,B23C 2210/641,B23C 2210/641,at least one groove or gash being different than another,at least one groove or gash being different than another,Compilation of Changes
2026.05,M,B60B 15/00,B60B 15/00,Wheels or wheel attachments designed for increasing traction (vehicle tires B60C; vehicle tyres B60C; non-skid devices temporarily attachable to resilient tirestyres or resiliently-tiredtyred wheels B60CB60C27/00),Wheels or wheel attachments designed for increasing traction (vehicle tires B60C; vehicle tyres B60C; non-skid devices temporarily attachable to resilient tirestyres or resiliently-tiredtyred wheels B60CB60C27/00),Compilation of Changes
2026.05,M,B60B 33/00,B60B 33/00,Castors in general {; {Anti-clogging castors} (castors for large containers B65D90/18),Castors in general {; {Anti-clogging castors} (castors for large containers B65D90/18),Compilation of Changes
2026.05,M,B60K 35/00,B60K 35/00,Instruments specially adapted for vehicles; Arrangement of instruments in or on vehicles,Instruments specially adapted for vehicles; Arrangement of instruments in or on vehicles,Compilation of Changes
2026.05,M,B60K 35/01,B60K 35/01,"Input arrangements, i.e. from user to vehicle, associated with vehicle functions or specially adapted therefor","Input arrangements, i.e. from user to vehicle, associated with vehicle functions or specially adapted therefor",Compilation of Changes
2026.05,M,B60K 35/02,B60K 35/02,"Output arrangements, i.e. from vehicle to user, associated with vehicle functions or specially adapted therefor","Output arrangements, i.e. from vehicle to user, associated with vehicle functions or specially adapted therefor",Compilation of Changes
2026.05,U,B60K 35/21,B60K 35/21,"using visual output, e.g. blinking lights or matrix displays","using visual output, e.g. blinking lights or matrix displays",Compilation of Changes
2026.05,M,B60K 35/23,B60K 35/23,Head-up displays [HUD] (optical aspects of head-up displays G02B27/01),Head-up displays [HUD] (optical aspects of head-up displays G02B27/01),Compilation of Changes
2026.05,M,B60K 35/231,B60K 35/231,characterised by their arrangement or structure for integration into vehicles,characterised by their arrangement or structure for integration into vehicles,Compilation of Changes
2026.05,M,B60K 35/232,B60K 35/232,controlling the projection distance of virtual images depending on the condition of the vehicle or the driver,controlling the projection distance of virtual images depending on the condition of the vehicle or the driver,Compilation of Changes
2026.05,M,B60K 35/233,B60K 35/233,controlling the size or position in display areas of virtual images depending on the condition of the vehicle or the driver,controlling the size or position in display areas of virtual images depending on the condition of the vehicle or the driver,Compilation of Changes
2026.05,M,B60K 35/234,B60K 35/234,"controlling the brightness, colour or contrast of virtual images depending on the driving conditions or on the condition of the vehicle or the driver","controlling the brightness, colour or contrast of virtual images depending on the driving conditions or on the condition of the vehicle or the driver",Compilation of Changes
2026.05,M,B60K 35/235,B60K 35/235,with means for detecting the driver's gaze direction or eye points,with means for detecting the driver's gaze direction or eye points,Compilation of Changes
2026.05,M,B60K 35/04,B60K 35/04,"Instruments specially adapted for improving the visibility thereof to the user, e.g. fogging prevention or anti-reflection arrangements","Instruments specially adapted for improving the visibility thereof to the user, e.g. fogging prevention or anti-reflection arrangements",Compilation of Changes
2026.05,M,B60K 35/05,B60K 35/05,Instruments characterised by their means of attachment to or integration in the vehicle (B60K35/231 takes precedence),Instruments characterised by their means of attachment to or integration in the vehicle (B60K35/231 takes precedence),Compilation of Changes
2026.05,M,B60K 35/53,B60K 35/53,"Movable instruments, e.g. slidable","Movable instruments, e.g. slidable",Compilation of Changes
2026.05,M,B60K 35/55,B60K 35/55,"Instruments with parts that can change their shape or position to configure an active screen, e.g. by folding or by rolling","Instruments with parts that can change their shape or position to configure an active screen, e.g. by folding or by rolling",Compilation of Changes
2026.05,M,B60K 35/06,B60K 35/06,Instruments characterised by their location or relative disposition in or on vehicles (arrangements of lighting devices on dashboards B60Q3/10),Instruments characterised by their location or relative disposition in or on vehicles (arrangements of lighting devices on dashboards B60Q3/10),Compilation of Changes
2026.05,M,B60K 35/65,B60K 35/65,"Instruments specially adapted for specific vehicle types or users, e.g. for left- or right-hand drive","Instruments specially adapted for specific vehicle types or users, e.g. for left- or right-hand drive",Compilation of Changes
2026.05,M,B60K 35/07,B60K 35/07,Instrument provisions for avoiding injuries to vehicle occupants in case of accidents,Instrument provisions for avoiding injuries to vehicle occupants in case of accidents,Compilation of Changes
2026.05,M,B60K 35/08,B60K 35/08,Arrangements for controlling instruments,Arrangements for controlling instruments,Compilation of Changes
2026.05,M,B60K 35/85,B60K 35/85,Arrangements for transferring vehicle- or driver-related data,Arrangements for transferring vehicle- or driver-related data,Compilation of Changes
2026.05,M,B60K 35/09,B60K 35/09,"Calibration of instruments, e.g. setting initial or reference parameters; Testing of instruments, e.g. detecting malfunction","Calibration of instruments, e.g. setting initial or reference parameters; Testing of instruments, e.g. detecting malfunction",Compilation of Changes
2026.05,M,B60K 37/00,B60K 37/00,Dashboards (as road-vehicle superstructure sub-units B62D25/14),Dashboards (as road-vehicle superstructure sub-units B62D25/14),Compilation of Changes
2026.05,M,B60K 37/01,B60K 37/01,Arrangements for attaching the dashboard to the vehicle,Arrangements for attaching the dashboard to the vehicle,Compilation of Changes
2026.05,M,B60K 37/02,B60K 37/02,Dashboard panels,Dashboard panels,Compilation of Changes
2026.05,U,B60K 2360/00,B60K 2360/00,Indexing scheme associated with groups B60K35/00 or B60K37/00 relating to details of instruments or dashboards,Indexing scheme associated with groups B60K35/00 or B60K37/00 relating to details of instruments or dashboards,Compilation of Changes
2026.05,M,B60K 2360/149,B60K 2360/149,Instrument input by detecting viewing direction not otherwise provided for,Instrument input by detecting viewing direction not otherwise provided for,Compilation of Changes
2026.05,U,B60K 2360/02,B60K 2360/02,Optical features of instruments,Optical features of instruments,Compilation of Changes
2026.05,U,B60K 2360/33,B60K 2360/33,Illumination features,Illumination features,Compilation of Changes
2026.05,M,B60K 2360/349,B60K 2360/349,Adjustment of brightness,Adjustment of brightness,Compilation of Changes
2026.05,U,B60K 2360/06,B60K 2360/06,Structural details of dashboards or instruments,Structural details of dashboards or instruments,Compilation of Changes
2026.05,U,B60K 2360/65,B60K 2360/65,Features of dashboards,Features of dashboards,Compilation of Changes
2026.05,M,B60K 2360/652,B60K 2360/652,Crash protection features,Crash protection features,Compilation of Changes
2026.05,U,B64D 27/00,B64D 27/00,Arrangement or mounting of power plants in aircraft; Aircraft characterised by the type or position of power plants,Arrangement or mounting of power plants in aircraft; Aircraft characterised by the type or position of power plants,Compilation of Changes
2026.05,M,B64D 27/02,B64D 27/02,Aircraft characterised by the type or position of power plants,Aircraft characterised by the type or position of power plants,Compilation of Changes
2026.05,M,B64D 27/026,B64D 27/026,"{comprising different types of power plants, e.g. combination of a piston engine and a gas-turbine (Hybrid electric aircraft B64D27/33)}","{comprising different types of power plants, e.g. combination of a piston engine and a gas-turbine (Hybrid electric aircraft B64D27/33)}",Compilation of Changes
2026.05,M,B64D 27/24,B64D 27/24,using steam or spring force (jet aircraft B64D27/16),using steam or spring force (jet aircraft B64D27/16),Compilation of Changes
2026.05,M,B64D 27/03,B64D 27/03,Aircraft characterised by electric power plants,Aircraft characterised by electric power plants,Compilation of Changes
2026.05,M,B64D 27/33,B64D 27/33,Hybrid electric aircraft,Hybrid electric aircraft,Compilation of Changes
2026.05,U,B64D 27/35,B64D 27/35,"Arrangements for on-board electric energy production, distribution, recovery or storage","Arrangements for on-board electric energy production, distribution, recovery or storage",Compilation of Changes
2026.05,M,B64D 27/353,B64D 27/353,using solar cells,using solar cells,Compilation of Changes
2026.05,M,B64D 27/357,B64D 27/357,using batteries,using batteries,Compilation of Changes
2026.05,M,B64D 27/359,B64D 27/359,using capacitors,using capacitors,Compilation of Changes
2026.05,M,B64D 27/04,B64D 27/04,Arrangements for mounting power plants in aircraft,Arrangements for mounting power plants in aircraft,Compilation of Changes
2026.05,M,B64D 27/402,B64D 27/402,"{comprising box like supporting frames, e.g. pylons or arrangements for embracing the power plant}","{comprising box like supporting frames, e.g. pylons or arrangements for embracing the power plant}",Compilation of Changes
2026.05,M,B64D 27/404,B64D 27/404,{Suspension arrangements specially adapted for supporting vertical loads},{Suspension arrangements specially adapted for supporting vertical loads},Compilation of Changes
2026.05,M,B64D 27/406,B64D 27/406,"{Suspension arrangements specially adapted for supporting thrust loads, e.g. thrust links}","{Suspension arrangements specially adapted for supporting thrust loads, e.g. thrust links}",Compilation of Changes
2026.05,M,B64D 31/00,B64D 31/00,Power plant control systems; Arrangement of power plant control systems in aircraft,Power plant control systems; Arrangement of power plant control systems in aircraft,Compilation of Changes
2026.05,U,B64D 31/02,B64D 31/02,Initiating means,Initiating means,Compilation of Changes
2026.05,M,B64D 31/06,B64D 31/06,actuated automatically,actuated automatically,Compilation of Changes
2026.05,M,B64D 31/09,B64D 31/09,in response to power plant failure,in response to power plant failure,Compilation of Changes
2026.05,M,B64D 31/16,B64D 31/16,for electric power plants,for electric power plants,Compilation of Changes
2026.05,U,B64D 35/00,B64D 35/00,Transmitting power from power plants to propellers or rotors; Arrangements of transmissions,Transmitting power from power plants to propellers or rotors; Arrangements of transmissions,Compilation of Changes
2026.05,M,B64D 35/02,B64D 35/02,specially adapted for specific power plants,specially adapted for specific power plants,Compilation of Changes
2026.05,M,B64D 35/021,B64D 35/021,for electric power plants,for electric power plants,Compilation of Changes
2026.05,M,B64D 35/022,B64D 35/022,of hybrid-electric type,of hybrid-electric type,Compilation of Changes
2026.05,M,B64D 35/023,B64D 35/023,of series-parallel type,of series-parallel type,Compilation of Changes
2026.05,M,B64D 35/024,B64D 35/024,of series type,of series type,Compilation of Changes
2026.05,M,B64D 35/025,B64D 35/025,of parallel type,of parallel type,Compilation of Changes
2026.05,M,B64D 35/026,B64D 35/026,the electric power plant being integral with the propeller or rotor,the electric power plant being integral with the propeller or rotor,Compilation of Changes
2026.05,M,B64D 35/08,B64D 35/08,characterised by the transmission being driven by a plurality of power plants (for hybrid-electric power plants B64D35/022),characterised by the transmission being driven by a plurality of power plants (for hybrid-electric power plants B64D35/022),Compilation of Changes
2026.05,M,B64F 1/00,B64F 1/00,Ground or aircraft-carrier-deck installations,Ground or aircraft-carrier-deck installations,Compilation of Changes
2026.05,M,B64F 1/04,B64F 1/04,for launching aircraft,for launching aircraft,Compilation of Changes
2026.05,M,B64F 1/01,B64F 1/01,using self-propelled vehicles,using self-propelled vehicles,Compilation of Changes
2026.05,M,B64F 1/22,B64F 1/22,for handling aircraft,for handling aircraft,Compilation of Changes
2026.05,M,B64F 1/223,B64F 1/223,for towing aircraft,for towing aircraft,Compilation of Changes
2026.05,M,B64F 1/224,B64F 1/224,{Towing bars},{Towing bars},Compilation of Changes
2026.05,U,B64F 1/225,B64F 1/225,"Vehicles specially adapted therefor, e.g. aircraft tow tractors","Vehicles specially adapted therefor, e.g. aircraft tow tractors",Compilation of Changes
2026.05,M,B64F 1/226,B64F 1/226,"{hand manipulated, e.g. hand carts or motorised walk-type tractors}","{hand manipulated, e.g. hand carts or motorised walk-type tractors}",Compilation of Changes
2026.05,M,B64F 1/228,B64F 1/228,remotely controlled; operating autonomously,remotely controlled; operating autonomously,Compilation of Changes
2026.05,M,B64F 1/34,B64F 1/34,for starting propulsion plant,for starting propulsion plant,Compilation of Changes
2026.05,M,B64F 1/35,B64F 1/35,for supplying electrical power to stationary aircraft,for supplying electrical power to stationary aircraft,Compilation of Changes
2026.05,M,B64F 1/352,B64F 1/352,{Mobile units},{Mobile units},Compilation of Changes
2026.05,M,B64F 1/36,B64F 1/36,Other airport installations (ground installations for de-icing aircraft B64F5/20),Other airport installations (ground installations for de-icing aircraft B64F5/20),Compilation of Changes
2026.05,M,B64F 1/362,B64F 1/362,{Installations for supplying conditioned air to parked aircraft},{Installations for supplying conditioned air to parked aircraft},Compilation of Changes
2026.05,M,B64F 1/364,B64F 1/364,{Mobile units},{Mobile units},Compilation of Changes
2026.05,U,B64U 50/00,B64U 50/00,Propulsion; Power supply,Propulsion; Power supply,Compilation of Changes
2026.05,U,B64U 50/03,B64U 50/03,Supply or distribution of electrical power,Supply or distribution of electrical power,Compilation of Changes
2026.05,M,B64U 50/31,B64U 50/31,generated by photovoltaics,generated by photovoltaics,Compilation of Changes
2026.05,M,B65D 1/00,B65D 1/00,General kinds of rigid or semi-rigid containers (large containers B65D88/00),General kinds of rigid or semi-rigid containers (large containers B65D88/00),Compilation of Changes
2026.05,M,B65D 23/00,B65D 23/00,Details of rigid or semi-rigid containers not otherwise provided for (for pallets B65D19/38; of large containers B65D90/00),Details of rigid or semi-rigid containers not otherwise provided for (for pallets B65D19/38; of large containers B65D90/00),Compilation of Changes
2026.05,M,B65D 27/00,B65D 27/00,General kinds of flexible containers (large containers B65D88/00),General kinds of flexible containers (large containers B65D88/00),Compilation of Changes
2026.05,M,B65D 39/00,B65D 39/00,"Closure members {for rigid or semi-rigid containers} or forof flexible containers presenting similar closing problems (closure flaps or lids attached to, or incorporated in, containers, or foldable or erectable container blanks, made of paper B65D3/00, B65D5/00; closure walls of containers specially constructed to be opened by cutting, piercing, or tearing of wall portions B65D17/00; applying closure members to bottles, jars, or similar containers B67B; covers or similar closure members, for pressure vessels in general F16J13/00); Parts of containers co-operating with closure members or characterised by the form of closure member members(for large containers B65D90/00)","Closure members {for rigid or semi-rigid containers} or forof flexible containers presenting similar closing problems (closure flaps or lids attached to, or incorporated in, containers, or foldable or erectable container blanks, made of paper B65D3/00, B65D5/00; closure walls of containers specially constructed to be opened by cutting, piercing, or tearing of wall portions B65D17/00; applying closure members to bottles, jars, or similar containers B67B; covers or similar closure members, for pressure vessels in general F16J13/00); Parts of containers co-operating with closure members or characterised by the form of closure member members(for large containers B65D90/00)",Compilation of Changes
2026.05,M,B65D 39/00,B65D 39/00,"Closures arranged within necks or pouring openings or in discharge apertures, e.g. stoppers (lids or covers B65D43/00)","Closures arranged within necks or pouring openings or in discharge apertures, e.g. stoppers (lids or covers B65D43/00)",Compilation of Changes
2026.05,M,B81B 7/00,B81B 7/00,Microstructural systems {; {Auxiliary parts of microstructural devices or systems},Microstructural systems {; {Auxiliary parts of microstructural devices or systems},Compilation of Changes
2026.05,U,C01B 13/00,C01B 13/00,Oxygen; Ozone; Oxides or hydroxides in general,Oxygen; Ozone; Oxides or hydroxides in general,Compilation of Changes
2026.05,U,C01B 13/02,C01B 13/02,Preparation of oxygen (by liquefying F25J),Preparation of oxygen (by liquefying F25J),Compilation of Changes
2026.05,M,C01B 13/0296,C01B 13/0296,"{Generators releasing in a self-sustaining way pure oxygen from a solid charge, without interaction of it with a fluid nor external heating, e.g. chlorate candles or canisters containing them (charges per se C01B13/02)}","{Generators releasing in a self-sustaining way pure oxygen from a solid charge, without interaction of it with a fluid nor external heating, e.g. chlorate candles or canisters containing them (charges per se C01B13/02)}",Compilation of Changes
2026.05,U,C01B 21/00,C01B 21/00,Nitrogen; Compounds thereof,Nitrogen; Compounds thereof,Compilation of Changes
2026.05,U,C01B 21/082,C01B 21/082,"Compounds containing nitrogen and non-metals {and optionally metals}(C01B21/06, C01B21/08 take precedence)","Compounds containing nitrogen and non-metals {and optionally metals}(C01B21/06, C01B21/08 take precedence)",Compilation of Changes
2026.05,U,C01B 21/087,C01B 21/087,containing one or more hydrogen atoms,containing one or more hydrogen atoms,Compilation of Changes
2026.05,U,C01B 21/092,C01B 21/092,containing also one or more metal atoms,containing also one or more metal atoms,Compilation of Changes
2026.05,M,C01B 21/0923,C01B 21/0923,{Metal imides or amides (silicon imides or amides C01B21/087)},{Metal imides or amides (silicon imides or amides C01B21/087)},Compilation of Changes
2026.05,U,C01B 25/00,C01B 25/00,"Phosphorus; Compounds thereof ({C01B6/00} , C01B21/00, C01B23/00 take precedence; perphosphates C01B15/16)","Phosphorus; Compounds thereof ({C01B6/00} , C01B21/00, C01B23/00 take precedence; perphosphates C01B15/16)",Compilation of Changes
2026.05,U,C01B 25/16,C01B 25/16,Oxyacids of phosphorus; Salts thereof (peroxyacids or salts thereof C01B15/00),Oxyacids of phosphorus; Salts thereof (peroxyacids or salts thereof C01B15/00),Compilation of Changes
2026.05,U,C01B 25/26,C01B 25/26,Phosphates (perphosphates C01B15/16),Phosphates (perphosphates C01B15/16),Compilation of Changes
2026.05,U,C01B 25/03,C01B 25/03,Alkali metal phosphates,Alkali metal phosphates,Compilation of Changes
2026.05,M,C01B 25/301,C01B 25/301,{Preparation from liquid orthophosphoric acid or from an acid solution or suspension of orthophosphates (using ion-exchangers C01B25/30)},{Preparation from liquid orthophosphoric acid or from an acid solution or suspension of orthophosphates (using ion-exchangers C01B25/30)},Compilation of Changes
2026.05,U,C01B 25/32,C01B 25/32,"Phosphates of magnesium, calcium, strontium, or barium","Phosphates of magnesium, calcium, strontium, or barium",Compilation of Changes
2026.05,M,C01B 25/327,C01B 25/327,{After-treatment (increasing the phosphate content of ores C01B25/32)},{After-treatment (increasing the phosphate content of ores C01B25/32)},Compilation of Changes
2026.05,U,C01B 33/00,C01B 33/00,"Silicon; Compounds thereof ({C01B6/00,} C01B21/00, C01B23/00 take precedence; persilicates C01B15/14; carbides C01B32/956)","Silicon; Compounds thereof ({C01B6/00,} C01B21/00, C01B23/00 take precedence; persilicates C01B15/14; carbides C01B32/956)",Compilation of Changes
2026.05,U,C01B 33/02,C01B 33/02,Silicates (persilicates C01B15/14  {; containing aluminium C01B33/26}),Silicates (persilicates C01B15/14  {; containing aluminium C01B33/26}),Compilation of Changes
2026.05,U,C01B 33/26,C01B 33/26,"Aluminium-containing silicates {, i.e. silico-aluminates}","Aluminium-containing silicates {, i.e. silico-aluminates}",Compilation of Changes
2026.05,U,C01B 33/28,C01B 33/28,"{Base exchange silicates, e.g. zeolites (regeneration B01J49/00)}","{Base exchange silicates, e.g. zeolites (regeneration B01J49/00)}",Compilation of Changes
2026.05,U,C01B 33/2807,C01B 33/2807,"{Zeolitic silicoaluminates with a tridimensional crystalline structure possessing molecular sieve properties; Isomorphous compounds wherein a part of the aluminium ore of the silicon present may be replaced by other elements such as gallium, germanium, phosphorus; Preparation of zeolitic molecular sieves from molecular sieves of another type or from preformed reacting mixtures}","{Zeolitic silicoaluminates with a tridimensional crystalline structure possessing molecular sieve properties; Isomorphous compounds wherein a part of the aluminium ore of the silicon present may be replaced by other elements such as gallium, germanium, phosphorus; Preparation of zeolitic molecular sieves from molecular sieves of another type or from preformed reacting mixtures}",Compilation of Changes
2026.05,U,C01B 33/2815,C01B 33/2815,{of type A (UNION CARBIDE trade name; corresponds to GRACE's types Z-12 or Z-12L)},{of type A (UNION CARBIDE trade name; corresponds to GRACE's types Z-12 or Z-12L)},Compilation of Changes
2026.05,M,C01B 33/283,C01B 33/283,"{from a reaction mixture containing at least one aluminium silicate or aluminosilicate of a clay-type, e.g. kaolin or metakaolin or its exotherm modification or allophane (containing a single clay substantially chemically modified with an acid, i.e. beyond the activation state C01B33/2815)}","{from a reaction mixture containing at least one aluminium silicate or aluminosilicate of a clay-type, e.g. kaolin or metakaolin or its exotherm modification or allophane (containing a single clay substantially chemically modified with an acid, i.e. beyond the activation state C01B33/2815)}",Compilation of Changes
2026.05,U,C01C 1/00,C01C 1/00,"Ammonia; Compounds thereof {(C01C3/08, C01C3/14, C01C3/16, C01C3/20 take precedence)}","Ammonia; Compounds thereof {(C01C3/08, C01C3/14, C01C3/16, C01C3/20 take precedence)}",Compilation of Changes
2026.05,U,C01C 1/02,C01C 1/02,"Preparation, {purification} or separation of ammonia","Preparation, {purification} or separation of ammonia",Compilation of Changes
2026.05,U,C01C 1/04,C01C 1/04,Preparation of ammonia by synthesis (preparation or purification of gas mixtures for ammonia synthesis C01B3/025),Preparation of ammonia by synthesis (preparation or purification of gas mixtures for ammonia synthesis C01B3/025),Compilation of Changes
2026.05,U,C01C 1/0405,C01C 1/0405,{from N2 and H2 in presence of a catalyst},{from N2 and H2 in presence of a catalyst},Compilation of Changes
2026.05,M,C01C 1/0417,C01C 1/0417,"{characterised by the synthesis reactor, e.g. arrangement of catalyst beds and heat exchangers in the reactor (arrangement of several reactors C01C1/0405; fixed-bed reactors in general B01J8/02)}","{characterised by the synthesis reactor, e.g. arrangement of catalyst beds and heat exchangers in the reactor (arrangement of several reactors C01C1/0405; fixed-bed reactors in general B01J8/02)}",Compilation of Changes
2026.05,U,C03B 37/00,C03B 37/00,"Manufacture or treatment of flakes, fibres, or filaments from softened glass, minerals, or slags","Manufacture or treatment of flakes, fibres, or filaments from softened glass, minerals, or slags",Compilation of Changes
2026.05,U,C03B 37/01,C03B 37/01,Manufacture of glass fibres or filaments,Manufacture of glass fibres or filaments,Compilation of Changes
2026.05,U,C03B 37/012,C03B 37/012,Manufacture of preforms for drawing fibres or filaments,Manufacture of preforms for drawing fibres or filaments,Compilation of Changes
2026.05,U,C03B 37/014,C03B 37/014,"made entirely or partially by chemical means {, e.g. vapour phase deposition of bulk porous glass either by outside vapour deposition [OVD], or by outside vapour phase oxidation [OVPO] or by vapour axial deposition [VAD] (C03C17/02 takes precedence)}","made entirely or partially by chemical means {, e.g. vapour phase deposition of bulk porous glass either by outside vapour deposition [OVD], or by outside vapour phase oxidation [OVPO] or by vapour axial deposition [VAD] (C03C17/02 takes precedence)}",Compilation of Changes
2026.05,M,C03B 37/018,C03B 37/018,"by glass deposition on a glass substrate, e.g. by {inside-, modified-, plasma-, or plasma modified-} chemical vapour deposition {[ICVD, MCVD, PCVD, PMCVD], i.e. by thin layer coating on the inside or outside of a glass tube or on a glass rod} (C03B37/016 takes precedence; {bulk deposition of porous glass by OVD or VAD C03B37/014} ; surface treatment of glass by coating with glass C03C17/02)","by glass deposition on a glass substrate, e.g. by {inside-, modified-, plasma-, or plasma modified-} chemical vapour deposition {[ICVD, MCVD, PCVD, PMCVD], i.e. by thin layer coating on the inside or outside of a glass tube or on a glass rod} (C03B37/016 takes precedence; {bulk deposition of porous glass by OVD or VAD C03B37/014} ; surface treatment of glass by coating with glass C03C17/02)",Compilation of Changes
2026.05,U,C04B 33/00,C04B 33/00,Clay-wares (monolithic refractories or refractory mortars C04B35/66; porous products C04B38/00),Clay-wares (monolithic refractories or refractory mortars C04B35/66; porous products C04B38/00),Compilation of Changes
2026.05,U,C04B 33/02,C04B 33/02,Preparing or treating the raw materials individually or as batches,Preparing or treating the raw materials individually or as batches,Compilation of Changes
2026.05,U,C04B 33/13,C04B 33/13,"Compounding ingredients (C04B33/36, C04B35/71 take precedence {; pigments for ceramics C09C1/0009})","Compounding ingredients (C04B33/36, C04B35/71 take precedence {; pigments for ceramics C09C1/0009})",Compilation of Changes
2026.05,M,C04B 33/132,C04B 33/132,Waste materials; Refuse {;{ Residues} (C04B33/16 takes precedence; {waste glass C04B33/13}),Waste materials; Refuse {;{ Residues} (C04B33/16 takes precedence; {waste glass C04B33/13}),Compilation of Changes
2026.05,M,C04B 33/1321,C04B 33/1321,"{Waste slurries, e.g. harbour sludge, industrial muds (slurries of specific well-defined waste streams, e.g. phosphate muds, other than red mud, C04B33/132)}","{Waste slurries, e.g. harbour sludge, industrial muds (slurries of specific well-defined waste streams, e.g. phosphate muds, other than red mud, C04B33/132)}",Compilation of Changes
2026.05,M,C04B 33/135,C04B 33/135,"Combustion residues, e.g. fly ash, incineration waste {(silica fume C04B33/132)}","Combustion residues, e.g. fly ash, incineration waste {(silica fume C04B33/132)}",Compilation of Changes
2026.05,M,C04B 38/067,C04B 38/067,{Macromolecular compounds (C04B38/062 takes precedence; polysaccharides C04B38/0645)},{Macromolecular compounds (C04B38/062 takes precedence; polysaccharides C04B38/0645)},Compilation of Changes
2026.05,M,C06C 15/00,C06C 15/00,Pyrophoric compositions; Flints (chemical lighters C06C9/00; alloys in general C22C),Pyrophoric compositions; Flints (chemical lighters C06C9/00; alloys in general C22C),Compilation of Changes
2026.05,U,C07C 1/00,C07C 1/00,"Preparation of hydrocarbons from one or more compounds, none of them being a hydrocarbon","Preparation of hydrocarbons from one or more compounds, none of them being a hydrocarbon",Compilation of Changes
2026.05,U,C07C 1/02,C07C 1/02,from oxides of a carbon (preparation of liquid hydrocarbon mixtures of undefined composition C10G2/00; of synthetic natural gas C10L3/06),from oxides of a carbon (preparation of liquid hydrocarbon mixtures of undefined composition C10G2/00; of synthetic natural gas C10L3/06),Compilation of Changes
2026.05,U,C07C 1/04,C07C 1/04,from carbon monoxide with hydrogen,from carbon monoxide with hydrogen,Compilation of Changes
2026.05,U,C07C 1/0455,C07C 1/0455,{Reaction conditions},{Reaction conditions},Compilation of Changes
2026.05,M,C07C 1/046,C07C 1/046,{Numerical values of parameters (only to be used if no other subgroup of C07C1/04 is used)},{Numerical values of parameters (only to be used if no other subgroup of C07C1/04 is used)},Compilation of Changes
2026.05,U,C07C 35/00,C07C 35/00,Compounds having at least one hydroxy or O-metal group bound to a carbon atom of a ring other than a six-membered aromatic ring,Compounds having at least one hydroxy or O-metal group bound to a carbon atom of a ring other than a six-membered aromatic ring,Compilation of Changes
2026.05,U,C07C 35/22,C07C 35/22,"polycyclic, at least one hydroxy group bound to a condensed ring system","polycyclic, at least one hydroxy group bound to a condensed ring system",Compilation of Changes
2026.05,U,C07C 35/23,C07C 35/23,with hydroxy on a condensed ring system having two rings,with hydroxy on a condensed ring system having two rings,Compilation of Changes
2026.05,M,C07C 35/36,C07C 35/36,"the condensed ring system being a (4.4.0)[4.4.0] system, e.g. napholshydrogenated naphthols","the condensed ring system being a (4.4.0)[4.4.0] system, e.g. napholshydrogenated naphthols",Compilation of Changes
2026.05,M,C07D 201/00,C07D 201/00,Heterocyclic compounds having only nitrogen as ring hetero atom,Heterocyclic compounds having only nitrogen as ring hetero atom,Compilation of Changes
2026.05,M,C07D 275/00,C07D 275/00,Heterocyclic compounds having nitrogen and sulfur as the only ring hetero atoms,Heterocyclic compounds having nitrogen and sulfur as the only ring hetero atoms,Compilation of Changes
2026.05,M,C07D 331/00,C07D 331/00,"Heterocyclic compounds having sulfur, selenium or tellurium atoms as the only ring hetero atoms","Heterocyclic compounds having sulfur, selenium or tellurium atoms as the only ring hetero atoms",Compilation of Changes
2026.05,U,C07K 14/00,C07K 14/00,Peptides having more than 20 amino acids; Gastrins; Somatostatins; Melanotropins; Derivatives thereof,Peptides having more than 20 amino acids; Gastrins; Somatostatins; Melanotropins; Derivatives thereof,Compilation of Changes
2026.05,U,C07K 14/005,C07K 14/005,from viruses,from viruses,Compilation of Changes
2026.05,U,C07K 14/01,C07K 14/01,DNA viruses,DNA viruses,Compilation of Changes
2026.05,U,C07K 14/03,C07K 14/03,"Herpetoviridae, e.g. pseudorabies virus","Herpetoviridae, e.g. pseudorabies virus",Compilation of Changes
2026.05,M,C07K 14/045,C07K 14/045,Cytomegalovirus,Cytomegalovirus,Compilation of Changes
2026.05,C,C07K 14/435,C07K 14/435,from animals; from humans,from animals; from humans,Compilation of Changes
2026.05,C,C07K 14/46,C07K 14/46,from vertebrates,from vertebrates,Compilation of Changes
2026.05,C,C07K 14/47,C07K 14/47,from mammals,from mammals,Compilation of Changes
2026.05,C,C07K 14/705,C07K 14/705,Receptors; Cell surface antigens; Cell surface determinants {(tumour specific antigens C07K14/4748)},Receptors; Cell surface antigens; Cell surface determinants {(tumour specific antigens C07K14/4748)},Compilation of Changes
2026.05,U,C07K 14/79,C07K 14/79,"Transferrins, e.g. lactoferrins, ovotransferrins","Transferrins, e.g. lactoferrins, ovotransferrins",Compilation of Changes
2026.05,N,C07K 14/791,C07K 14/791,{Ion channels},{Ion channels},Compilation of Changes
2026.05,N,C07K 14/7912,C07K 14/7912,{Voltage gated ion channels},{Voltage gated ion channels},Compilation of Changes
2026.05,N,C07K 14/79122,C07K 14/79122,{Potassium channels},{Potassium channels},Compilation of Changes
2026.05,N,C07K 14/79124,C07K 14/79124,{Sodium channels},{Sodium channels},Compilation of Changes
2026.05,N,C07K 14/79126,C07K 14/79126,{Calcium channels},{Calcium channels},Compilation of Changes
2026.05,N,C07K 14/7914,C07K 14/7914,{Light-gated ion channels},{Light-gated ion channels},Compilation of Changes
2026.05,N,C07K 14/79144,C07K 14/79144,{Rhodopsin},{Rhodopsin},Compilation of Changes
2026.05,N,C07K 14/79148,C07K 14/79148,{Anion-conducting channel rhodopsin},{Anion-conducting channel rhodopsin},Compilation of Changes
2026.05,N,C07K 14/7916,C07K 14/7916,{Ligand-gated ion channels},{Ligand-gated ion channels},Compilation of Changes
2026.05,N,C07K 14/79162,C07K 14/79162,{Serotonin},{Serotonin},Compilation of Changes
2026.05,N,C07K 14/79164,C07K 14/79164,{Nicotinic acetylcholine},{Nicotinic acetylcholine},Compilation of Changes
2026.05,N,C07K 14/79166,C07K 14/79166,{Gamma aminobutyric acid [GABA]},{Gamma aminobutyric acid [GABA]},Compilation of Changes
2026.05,N,C07K 14/79168,C07K 14/79168,{Glycine [GlyR]},{Glycine [GlyR]},Compilation of Changes
2026.05,N,C07K 14/79169,C07K 14/79169,{Glutamate},{Glutamate},Compilation of Changes
2026.05,N,C07K 14/7918,C07K 14/7918,{Mechanosensitive ion channels},{Mechanosensitive ion channels},Compilation of Changes
2026.05,N,C07K 14/79182,C07K 14/79182,{Transient receptor potential cation channels [TRP]},{Transient receptor potential cation channels [TRP]},Compilation of Changes
2026.05,N,C07K 14/79186,C07K 14/79186,{Epithelial sodium channel [ENaC] or degenerin sodium channel [DEG]},{Epithelial sodium channel [ENaC] or degenerin sodium channel [DEG]},Compilation of Changes
2026.05,N,C07K 14/792,C07K 14/792,{Transporters},{Transporters},Compilation of Changes
2026.05,N,C07K 14/7921,C07K 14/7921,{ATP binding cassette [ABC] transporters},{ATP binding cassette [ABC] transporters},Compilation of Changes
2026.05,N,C07K 14/7922,C07K 14/7922,{Na+K+-ATPase},{Na+K+-ATPase},Compilation of Changes
2026.05,N,C07K 14/7924,C07K 14/7924,{Folate},{Folate},Compilation of Changes
2026.05,N,C07K 14/7926,C07K 14/7926,{Glucose},{Glucose},Compilation of Changes
2026.05,N,C07K 14/7928,C07K 14/7928,{Dopamine},{Dopamine},Compilation of Changes
2026.05,N,C07K 14/7929,C07K 14/7929,{Serotonin},{Serotonin},Compilation of Changes
2026.05,M,C08G 77/00,C08G 77/00,"Macromolecular compounds obtained by reactions forming a linkage containing silicon with or without sulfur, nitrogen, oxygen or carbon in the main chain of the macromolecule","Macromolecular compounds obtained by reactions forming a linkage containing silicon with or without sulfur, nitrogen, oxygen or carbon in the main chain of the macromolecule",Compilation of Changes
2026.05,U,C08G 77/04,C08G 77/04,Polysiloxanes,Polysiloxanes,Compilation of Changes
2026.05,M,C08G 77/06,C08G 77/06,Preparatory processes {(C08G77/045 takes precedence)},Preparatory processes {(C08G77/045 takes precedence)},Compilation of Changes
2026.05,M,C08G 77/12,C08G 77/12,containing silicon bound to hydrogen {(C08G77/045 takes precedence)},containing silicon bound to hydrogen {(C08G77/045 takes precedence)},Compilation of Changes
2026.05,M,C08G 77/14,C08G 77/14,containing silicon bound to oxygen-containing groups {(C08G77/045 takes precedence)},containing silicon bound to oxygen-containing groups {(C08G77/045 takes precedence)},Compilation of Changes
2026.05,M,C08G 77/16,C08G 77/16,to hydroxylhydroxy groups,to hydroxylhydroxy groups,Compilation of Changes
2026.05,M,C08G 77/02,C08G 77/02,containing silicon bound to unsaturated aliphatic groups {(C08G77/045 takes precedence)},containing silicon bound to unsaturated aliphatic groups {(C08G77/045 takes precedence)},Compilation of Changes
2026.05,M,C08G 77/22,C08G 77/22,"containing silicon bound to organic groups containing atoms other than carbon, hydrogen and oxygen {(C08G77/045 takes precedence)}","containing silicon bound to organic groups containing atoms other than carbon, hydrogen and oxygen {(C08G77/045 takes precedence)}",Compilation of Changes
2026.05,M,C08G 77/32,C08G 77/32,Post-polymerisation treatment ({C08G77/045 takes precedence} chemical after-treatment C08G77/38),Post-polymerisation treatment ({C08G77/045 takes precedence} chemical after-treatment C08G77/38),Compilation of Changes
2026.05,M,C08G 77/38,C08G 77/38,Polysiloxanes modified by chemical after-treatment {(C08G77/045 takes precedence)},Polysiloxanes modified by chemical after-treatment {(C08G77/045 takes precedence)},Compilation of Changes
2026.05,U,C08G 77/42,C08G 77/42,Block-or graft-polymers containing polysiloxane sequences (polymerising aliphatic unsaturated monomers on to a polysiloxane C08F283/12),Block-or graft-polymers containing polysiloxane sequences (polymerising aliphatic unsaturated monomers on to a polysiloxane C08F283/12),Compilation of Changes
2026.05,M,C08G 77/448,C08G 77/448,containing polycarbonate sequences,containing polycarbonate sequences,Compilation of Changes
2026.05,U,C08G 77/452,C08G 77/452,containing nitrogen-containing sequences,containing nitrogen-containing sequences,Compilation of Changes
2026.05,M,C08G 77/458,C08G 77/458,containing polyurethane sequences,containing polyurethane sequences,Compilation of Changes
2026.05,U,C08G 77/48,C08G 77/48,in which at least two but not all the silicon atoms are connected by linkages other than oxygen atoms (C08G77/42 takes precedence),in which at least two but not all the silicon atoms are connected by linkages other than oxygen atoms (C08G77/42 takes precedence),Compilation of Changes
2026.05,M,C08G 77/05,C08G 77/05,by carbon linkages {(C08G77/485 takes precedence)},by carbon linkages {(C08G77/485 takes precedence)},Compilation of Changes
2026.05,M,C08G 77/54,C08G 77/54,Nitrogen-containing linkages {(C08G77/485 takes precedence)},Nitrogen-containing linkages {(C08G77/485 takes precedence)},Compilation of Changes
2026.05,M,C08G 77/56,C08G 77/56,Boron-containing linkages {(C08G77/485 takes precedence)},Boron-containing linkages {(C08G77/485 takes precedence)},Compilation of Changes
2026.05,M,C08G 77/58,C08G 77/58,Metal-containing linkages {(C08G77/485 takes precedence)},Metal-containing linkages {(C08G77/485 takes precedence)},Compilation of Changes
2026.05,U,C09B 55/00,C09B 55/00,Azomethine dyes,Azomethine dyes,Compilation of Changes
2026.05,M,C09B 55/001,C09B 55/001,"{Azomethine dyes forming a 1,2 complex metal compound, e.g. with Co or Cr, with an otheranother dye, e.g. with an azo or azomethine dye (for 1,1 complexes with other ligands, C09B55/00)}","{Azomethine dyes forming a 1,2 complex metal compound, e.g. with Co or Cr, with an otheranother dye, e.g. with an azo or azomethine dye (for 1,1 complexes with other ligands, C09B55/00)}",Compilation of Changes
2026.05,U,C09B 69/00,C09B 69/00,Dyes not provided for by a single group of this subclass,Dyes not provided for by a single group of this subclass,Compilation of Changes
2026.05,M,C09B 69/01,C09B 69/01,"Polymeric dyes; Reaction products of dyes with monomers or with macromolecular compounds {(addition products of alkylene oxide to dyes, C09B69/00; dyeing with polymeric dyes D06P1/0056)}","Polymeric dyes; Reaction products of dyes with monomers or with macromolecular compounds {(addition products of alkylene oxide to dyes, C09B69/00; dyeing with polymeric dyes D06P1/0056)}",Compilation of Changes
2026.05,U,C09K 11/00,C09K 11/00,"Luminescent materials, e.g. electroluminescent or chemiluminescent","Luminescent materials, e.g. electroluminescent or chemiluminescent",Compilation of Changes
2026.05,,C09K 11/08,C09K 11/08,containing inorganic luminescent materials,containing inorganic luminescent materials,Compilation of Changes
2026.05,U,C10B 53/00,C10B 53/00,"Destructive distillation, specially adapted for particular solid raw materials or solid raw materials in special form (wet carbonising of peat C10F)","Destructive distillation, specially adapted for particular solid raw materials or solid raw materials in special form (wet carbonising of peat C10F)",Compilation of Changes
2026.05,M,C10B 53/07,C10B 53/07,"{of solid raw materials consisting} of synthetic polymeric materials, e.g. tyres ({waste in general, e.g. household waste C10B53/00;} recovery or working-up of waste materials of organic macromolecular compounds or compositions based thereon by dry-heat treatment for obtaining partially depolymerised materials C08J11/10; production of liquid hydrocarbon mixtures from rubber or rubber waste C10G1/10)","{of solid raw materials consisting} of synthetic polymeric materials, e.g. tyres ({waste in general, e.g. household waste C10B53/00;} recovery or working-up of waste materials of organic macromolecular compounds or compositions based thereon by dry-heat treatment for obtaining partially depolymerised materials C08J11/10; production of liquid hydrocarbon mixtures from rubber or rubber waste C10G1/10)",Compilation of Changes
2026.05,U,C11D 1/00,C11D 1/00,Detergent compositions based essentially on surface-active compounds; Use of these compounds as a detergent,Detergent compositions based essentially on surface-active compounds; Use of these compounds as a detergent,Compilation of Changes
2026.05,U,C11D 1/02,C11D 1/02,"Anionic compounds {(C11D1/002, C11D1/004, C11D1/008 take precedence)}","Anionic compounds {(C11D1/002, C11D1/004, C11D1/008 take precedence)}",Compilation of Changes
2026.05,U,C11D 1/34,C11D 1/34,Derivatives of acids of phosphorus,Derivatives of acids of phosphorus,Compilation of Changes
2026.05,M,C11D 1/347,C11D 1/347,"{Other P-containing anionic compounds (C11D1/006, C11D1/34 taketakes precedence)}","{Other P-containing anionic compounds (C11D1/006, C11D1/34 taketakes precedence)}",Compilation of Changes
2026.05,U,C12C 9/00,C12C 9/00,{Methods specially adapted for the making of beerwort},{Methods specially adapted for the making of beerwort},Compilation of Changes
2026.05,U,C12C 9/02,C12C 9/02,{Beerwort treatment; Boiling with hops; Hop extraction},{Beerwort treatment; Boiling with hops; Hop extraction},Compilation of Changes
2026.05,M,C12C 9/025,C12C 9/025,{Preparation of hop extracts (extraction with beerwort C12C9/02); Isomerisation of these extracts; Treatment of beerwort with these extracts; Surrogates of the hop},{Preparation of hop extracts (extraction with beerwort C12C9/02); Isomerisation of these extracts; Treatment of beerwort with these extracts; Surrogates of the hop},Compilation of Changes
2026.05,M,C12P 33/00,C12P 33/00,Preparation of steroids,Preparation of steroids,Compilation of Changes
2026.05,M,C12P 33/02,C12P 33/02,containing heterocyclic rings {(reactions are also classified in groups C12P33/00 - C12P33/18)},containing heterocyclic rings {(reactions are also classified in groups C12P33/00 - C12P33/18)},Compilation of Changes
2026.05,U,C21B 3/00,C21B 3/00,General features in the manufacture of pig-iron (mixers for pig-iron C21C1/06),General features in the manufacture of pig-iron (mixers for pig-iron C21C1/06),Compilation of Changes
2026.05,U,C21B 3/04,C21B 3/04,"Recovery of by-products, e.g. slag","Recovery of by-products, e.g. slag",Compilation of Changes
2026.05,M,C21B 3/06,C21B 3/06,Treatment of liquid slag (slag wool C03B; slag stones C04B),Treatment of liquid slag (slag wool C03B; slag stones C04B),Compilation of Changes
2026.05,U,C21B 5/00,C21B 5/00,Making pig-iron in the blast furnace,Making pig-iron in the blast furnace,Compilation of Changes
2026.05,M,C21B 5/06,C21B 5/06,using top gas in the blast furnace process (in coke ovens C10B),using top gas in the blast furnace process (in coke ovens C10B),Compilation of Changes
2026.05,M,C21B 7/00,C21B 7/00,Blast furnaces (lifts associated with blast furnaces B66B9/06),Blast furnaces (lifts associated with blast furnaces B66B9/06),Compilation of Changes
2026.05,M,C21B 7/04,C21B 7/04,with special refractories (refractory materials C04B),with special refractories (refractory materials C04B),Compilation of Changes
2026.05,U,C21B 9/00,C21B 9/00,Stoves for heating the blast in blast furnaces,Stoves for heating the blast in blast furnaces,Compilation of Changes
2026.05,U,C21B 9/01,C21B 9/01,"Other details, e.g. blast mains","Other details, e.g. blast mains",Compilation of Changes
2026.05,M,C21B 9/12,C21B 9/12,Hot-blast valves or slides for blast furnaces (valves in general F16K),Hot-blast valves or slides for blast furnaces (valves in general F16K),Compilation of Changes
2026.05,M,C21B 15/00,C21B 15/00,Other processes for the manufacture of iron from iron compounds (general methods of reducing to metal C22B5/00; by electrolysis C25C1/06),Other processes for the manufacture of iron from iron compounds (general methods of reducing to metal C22B5/00; by electrolysis C25C1/06),Compilation of Changes
2026.05,U,C21C 5/00,C21C 5/00,"Manufacture of carbon-steel, e.g. plain mild steel, medium carbon steel or cast steel {or stainless steel}","Manufacture of carbon-steel, e.g. plain mild steel, medium carbon steel or cast steel {or stainless steel}",Compilation of Changes
2026.05,M,C21C 5/52,C21C 5/52,Manufacture of steel in electric furnaces {({C21C5/005 takes precedence}; electric heating per se H05B)},Manufacture of steel in electric furnaces {({C21C5/005 takes precedence}; electric heating per se H05B)},Compilation of Changes
2026.05,U,C21C 5/56,C21C 5/56,Manufacture of steel by other methods (making liquid steel by direct processes C21B13/00 {; C21C5/005 takes precedence}),Manufacture of steel by other methods (making liquid steel by direct processes C21B13/00 {; C21C5/005 takes precedence}),Compilation of Changes
2026.05,U,C21C 5/562,C21C 5/562,{starting from scrap},{starting from scrap},Compilation of Changes
2026.05,M,C21C 5/565,C21C 5/565,{Preheating of scrap (apparatus for preheating scrap in general F27D13/002)},{Preheating of scrap (apparatus for preheating scrap in general F27D13/002)},Compilation of Changes
2026.05,M,C21C 7/00,C21C 7/00,"Treating molten ferrous alloys, e.g. steel, not covered by groups C21C1/00 - C21C5/00 (treating molten metals during moulding B22D1/00, B22D27/00; remelting ferrous metals C22B)","Treating molten ferrous alloys, e.g. steel, not covered by groups C21C1/00 - C21C5/00 (treating molten metals during moulding B22D1/00, B22D27/00; remelting ferrous metals C22B)",Compilation of Changes
2026.05,U,C22C 1/00,C22C 1/00,"Making non-ferrous alloys (by electrothermic methods C22B4/00; by electrolysis C25C1/24, C25C3/36)","Making non-ferrous alloys (by electrothermic methods C22B4/00; by electrolysis C25C1/24, C25C3/36)",Compilation of Changes
2026.05,M,C22C 1/04,C22C 1/04,by powder metallurgy (C22C1/08 takes precedence),by powder metallurgy (C22C1/08 takes precedence),Compilation of Changes
2026.05,M,C22C 1/0408,C22C 1/0408,{Light metal alloys},{Light metal alloys},Compilation of Changes
2026.05,M,C22C 1/0416,C22C 1/0416,{Aluminium-based alloys},{Aluminium-based alloys},Compilation of Changes
2026.05,M,C22C 1/0425,C22C 1/0425,{Copper-based alloys},{Copper-based alloys},Compilation of Changes
2026.05,M,C22C 1/0433,C22C 1/0433,{Nickel- or cobalt-based alloys},{Nickel- or cobalt-based alloys},Compilation of Changes
2026.05,M,C22C 1/0441,C22C 1/0441,"{Alloys based on intermetallic compounds of the type rare earth - Co, Ni}","{Alloys based on intermetallic compounds of the type rare earth - Co, Ni}",Compilation of Changes
2026.05,M,C22C 1/045,C22C 1/045,{Alloys based on refractory metals},{Alloys based on refractory metals},Compilation of Changes
2026.05,M,C22C 1/0458,C22C 1/0458,"{Alloys based on titanium, zirconium or hafnium}","{Alloys based on titanium, zirconium or hafnium}",Compilation of Changes
2026.05,M,C22C 1/0466,C22C 1/0466,{Alloys based on noble metals},{Alloys based on noble metals},Compilation of Changes
2026.05,M,C22C 1/047,C22C 1/047,comprising intermetallic compounds {(C22C1/0441 takes precedence)},comprising intermetallic compounds {(C22C1/0441 takes precedence)},Compilation of Changes
2026.05,M,C22C 1/0475,C22C 1/0475,{Impregnated alloys},{Impregnated alloys},Compilation of Changes
2026.05,M,C22C 1/0483,C22C 1/0483,"{Alloys based on the low melting point metals Zn, Pb, Sn, Cd, In or Ga}","{Alloys based on the low melting point metals Zn, Pb, Sn, Cd, In or Ga}",Compilation of Changes
2026.05,M,C22C 1/05,C22C 1/05,Mixtures of metal powder with non-metallic powder (C22C1/08 takes precedence),Mixtures of metal powder with non-metallic powder (C22C1/08 takes precedence),Compilation of Changes
2026.05,M,C22C 1/051,C22C 1/051,"Making hard metals based on borides, carbides, nitrides, oxides or silicides; Preparation of the powder mixture used as the starting material therefor","Making hard metals based on borides, carbides, nitrides, oxides or silicides; Preparation of the powder mixture used as the starting material therefor",Compilation of Changes
2026.05,M,C22C 1/053,C22C 1/053,with in situ formation of hard compounds,with in situ formation of hard compounds,Compilation of Changes
2026.05,M,C22C 1/055,C22C 1/055,using carbon,using carbon,Compilation of Changes
2026.05,M,C22C 1/056,C22C 1/056,using gas,using gas,Compilation of Changes
2026.05,M,C22C 1/057,C22C 1/057,"with in situ formation of phases other than hard compounds by solid state reaction sintering, e.g. metal phase formed by reduction reaction","with in situ formation of phases other than hard compounds by solid state reaction sintering, e.g. metal phase formed by reduction reaction",Compilation of Changes
2026.05,D,C22C 1/058,C22C 1/058,{by reaction sintering (i.e. gasless reaction starting from a mixture of solid metal compounds)},{by reaction sintering (i.e. gasless reaction starting from a mixture of solid metal compounds)},Compilation of Changes
2026.05,M,C22C 1/059,C22C 1/059,Making alloys comprising less than 5% by weight of dispersed reinforcing phases,Making alloys comprising less than 5% by weight of dispersed reinforcing phases,Compilation of Changes
2026.05,M,C22C 1/01,C22C 1/01,"Alloys containing non-metals (C22C1/05, C22C1/08 take precedence)","Alloys containing non-metals (C22C1/05, C22C1/08 take precedence)",Compilation of Changes
2026.05,M,C22C 1/1005,C22C 1/1005,{Pretreatment of the non-metallic additives (pretreatment of non-metallic fibres C22C47/02)},{Pretreatment of the non-metallic additives (pretreatment of non-metallic fibres C22C47/02)},Compilation of Changes
2026.05,M,C22C 1/101,C22C 1/101,{by coating},{by coating},Compilation of Changes
2026.05,M,C22C 1/1015,C22C 1/1015,{by preparing or treating a non-metallic additive preform},{by preparing or treating a non-metallic additive preform},Compilation of Changes
2026.05,M,C22C 1/1021,C22C 1/1021,{the preform being ceramic},{the preform being ceramic},Compilation of Changes
2026.05,M,C22C 1/1026,C22C 1/1026,{starting from a solution or a suspension of (a) compound(s) of at least one of the alloy constituents},{starting from a solution or a suspension of (a) compound(s) of at least one of the alloy constituents},Compilation of Changes
2026.05,M,C22C 1/1031,C22C 1/1031,{starting from gaseous compounds or vapours of at least one of the constituents},{starting from gaseous compounds or vapours of at least one of the constituents},Compilation of Changes
2026.05,M,C22C 1/1036,C22C 1/1036,{starting from a melt},{starting from a melt},Compilation of Changes
2026.05,M,C22C 1/1042,C22C 1/1042,{by atomising},{by atomising},Compilation of Changes
2026.05,M,C22C 1/1047,C22C 1/1047,{by mixing and casting liquid metal matrix composites},{by mixing and casting liquid metal matrix composites},Compilation of Changes
2026.05,M,C22C 1/1052,C22C 1/1052,{by mixing and casting metal matrix composites with reaction},{by mixing and casting metal matrix composites with reaction},Compilation of Changes
2026.05,M,C22C 1/1057,C22C 1/1057,{Reactive infiltration},{Reactive infiltration},Compilation of Changes
2026.05,M,C22C 1/1063,C22C 1/1063,"{Gas reaction, e.g. lanxide}","{Gas reaction, e.g. lanxide}",Compilation of Changes
2026.05,M,C22C 1/1068,C22C 1/1068,"{Making hard metals based on borides, carbides, nitrides, oxides or silicides}","{Making hard metals based on borides, carbides, nitrides, oxides or silicides}",Compilation of Changes
2026.05,M,C22C 1/1073,C22C 1/1073,"{Infiltration or casting under mechanical pressure, e.g. squeeze casting}","{Infiltration or casting under mechanical pressure, e.g. squeeze casting}",Compilation of Changes
2026.05,M,C22C 1/1078,C22C 1/1078,{by internal oxidation of material in solid state},{by internal oxidation of material in solid state},Compilation of Changes
2026.05,M,C22C 1/1084,C22C 1/1084,"{by mechanical alloying (blending, milling)}","{by mechanical alloying (blending, milling)}",Compilation of Changes
2026.05,M,C22C 1/1089,C22C 1/1089,{by partial reduction or decomposition of a solid metal compound},{by partial reduction or decomposition of a solid metal compound},Compilation of Changes
2026.05,M,C22C 1/1094,C22C 1/1094,{comprising an after-treatment},{comprising an after-treatment},Compilation of Changes
2026.05,M,C22C 32/00,C22C 32/00,"Non-ferrous alloys containing at least 5% by weight but less than 50% by weight of oxides, carbides, borides, nitrides, silicides or other metal compounds, e.g. oxynitrides, sulfides, whether added as such or formed in situ","Non-ferrous alloys containing at least 5% by weight but less than 50% by weight of oxides, carbides, borides, nitrides, silicides or other metal compounds, e.g. oxynitrides, sulfides, whether added as such or formed in situ",Compilation of Changes
2026.05,M,C22C 32/0005,C22C 32/0005,"{with at least one oxide and at least one of carbides, nitrides, borides or silicides as the main non-metallic constituents}","{with at least one oxide and at least one of carbides, nitrides, borides or silicides as the main non-metallic constituents}",Compilation of Changes
2026.05,M,C22C 32/001,C22C 32/001,{with only oxides},{with only oxides},Compilation of Changes
2026.05,U,C22C 32/0015,C22C 32/0015,{with only single oxides as main non-metallic constituents},{with only single oxides as main non-metallic constituents},Compilation of Changes
2026.05,M,C22C 32/0026,C22C 32/0026,"{Matrix based on Ni, Co, Cr or alloys thereof}","{Matrix based on Ni, Co, Cr or alloys thereof}",Compilation of Changes
2026.05,M,C22C 32/0031,C22C 32/0031,"{Matrix based on refractory metals, W, Mo, Nb, Hf, Ta, Zr, Ti, V or alloys thereof}","{Matrix based on refractory metals, W, Mo, Nb, Hf, Ta, Zr, Ti, V or alloys thereof}",Compilation of Changes
2026.05,M,C22C 32/0036,C22C 32/0036,"{Matrix based on Al, Mg, Be or alloys thereof}","{Matrix based on Al, Mg, Be or alloys thereof}",Compilation of Changes
2026.05,M,C22C 32/0042,C22C 32/0042,"{Matrix based on low melting metals, Pb, Sn, In, Zn, Cd or alloys thereof}","{Matrix based on low melting metals, Pb, Sn, In, Zn, Cd or alloys thereof}",Compilation of Changes
2026.05,M,C22C 32/0047,C22C 32/0047,"{with carbides, nitrides, borides or silicides as the main non-metallic constituents}","{with carbides, nitrides, borides or silicides as the main non-metallic constituents}",Compilation of Changes
2026.05,M,C22C 32/0084,C22C 32/0084,{carbon or graphite as the main non-metallic constituent},{carbon or graphite as the main non-metallic constituent},Compilation of Changes
2026.05,M,C22C 32/0089,C22C 32/0089,"{with other, not previously mentioned inorganic compounds as the main non-metallic constituent, e.g. sulfides, glass}","{with other, not previously mentioned inorganic compounds as the main non-metallic constituent, e.g. sulfides, glass}",Compilation of Changes
2026.05,M,C22C 32/0094,C22C 32/0094,"{with organic materials as the main non-metallic constituent, e.g. resin}","{with organic materials as the main non-metallic constituent, e.g. resin}",Compilation of Changes
2026.05,U,C22C 33/00,C22C 33/00,Making ferrous alloys,Making ferrous alloys,Compilation of Changes
2026.05,M,C22C 33/02,C22C 33/02,by powder metallurgy (working metallic powder B22F),by powder metallurgy (working metallic powder B22F),Compilation of Changes
2026.05,M,C22C 33/0207,C22C 33/0207,{Using a mixture of prealloyedpre-alloyed powders or a master alloy (mixtures of metal powder in general B22F1/09)},{Using a mixture of prealloyedpre-alloyed powders or a master alloy (mixtures of metal powder in general B22F1/09)},Compilation of Changes
2026.05,M,C22C 33/0235,C22C 33/0235,"{Starting from compounds, e.g. oxides (manufacture of articles starting from powder comprising reducible metal compounds in general B22F3/001)}","{Starting from compounds, e.g. oxides (manufacture of articles starting from powder comprising reducible metal compounds in general B22F3/001)}",Compilation of Changes
2026.05,M,C22C 33/0242,C22C 33/0242,{using the impregnating technique (impregnating articles in general B22F3/26)},{using the impregnating technique (impregnating articles in general B22F3/26)},Compilation of Changes
2026.05,U,C22C 33/0257,C22C 33/0257,{characterised by the range of the alloying elements},{characterised by the range of the alloying elements},Compilation of Changes
2026.05,M,C22C 33/0261,C22C 33/0261,{Matrix based on Fe for ODS steels},{Matrix based on Fe for ODS steels},Compilation of Changes
2026.05,N,C22C 2200/00,C22C 2200/00,Alloys with specific crystalline structure,Alloys with specific crystalline structure,Compilation of Changes
2026.05,U,D06P 1/00,D06P 1/00,"General processes of dyeing or printing textiles, or general processes of dyeing leather, furs, or solid macromolecular substances in any form, classified according to the dyes, pigments, or auxiliary substances employed","General processes of dyeing or printing textiles, or general processes of dyeing leather, furs, or solid macromolecular substances in any form, classified according to the dyes, pigments, or auxiliary substances employed",Compilation of Changes
2026.05,U,D06P 1/44,D06P 1/44,"using insoluble pigments or auxiliary substances, e.g. binders","using insoluble pigments or auxiliary substances, e.g. binders",Compilation of Changes
2026.05,U,D06P 1/673,D06P 1/673,Inorganic compounds,Inorganic compounds,Compilation of Changes
2026.05,U,D06P 1/67333,D06P 1/67333,{Salts or hydroxides (hydroxylamines D06P1/67308)},{Salts or hydroxides (hydroxylamines D06P1/67308)},Compilation of Changes
2026.05,U,D06P 1/6735,D06P 1/6735,{of alkaline or alkaline-earth metals with anions different from those provided for in D06P1/67341},{of alkaline or alkaline-earth metals with anions different from those provided for in D06P1/67341},Compilation of Changes
2026.05,M,D06P 1/67375,D06P 1/67375,{with sulfur-containing anions (sulfates D06P1/6735)},{with sulfur-containing anions (sulfates D06P1/6735)},Compilation of Changes
2026.05,U,E01C 7/00,E01C 7/00,"Coherent pavings made in situ (specially adapted for playgrounds or sports grounds E01C13/06; for footpaths, sidewalks or cycle tracks E01C15/00)","Coherent pavings made in situ (specially adapted for playgrounds or sports grounds E01C13/06; for footpaths, sidewalks or cycle tracks E01C15/00)",Compilation of Changes
2026.05,U,E01C 7/08,E01C 7/08,made of road-metal and binders {(E01C7/36 takes precedence)},made of road-metal and binders {(E01C7/36 takes precedence)},Compilation of Changes
2026.05,U,E01C 7/01,E01C 7/01,"of road-metal and cement or like binders (cement or like binders, composition of mortars C04B)","of road-metal and cement or like binders (cement or like binders, composition of mortars C04B)",Compilation of Changes
2026.05,U,E01C 7/14,E01C 7/14,Concrete paving {(from concrete prepared in situ E01C7/12; small individual units from concrete cast in situ E01C9/001; arrangement or construction of joints E01C11/04; reinforcements E01C11/18)},Concrete paving {(from concrete prepared in situ E01C7/12; small individual units from concrete cast in situ E01C9/001; arrangement or construction of joints E01C11/04; reinforcements E01C11/18)},Compilation of Changes
2026.05,M,E01C 7/142,E01C 7/142,"{Mixtures or their components, e.g. aggregate (E01C7/147, E01C7/355 take precedence; different layers of different composition E01C7/14)}","{Mixtures or their components, e.g. aggregate (E01C7/147, E01C7/355 take precedence; different layers of different composition E01C7/14)}",Compilation of Changes
2026.05,U,E01C 7/18,E01C 7/18,"of road-metal and bituminous binders {(for surface treatments except for penetration coverings, or for thin surface layers E01C7/353; bituminous mixtures C08L95/00)}","of road-metal and bituminous binders {(for surface treatments except for penetration coverings, or for thin surface layers E01C7/353; bituminous mixtures C08L95/00)}",Compilation of Changes
2026.05,M,E01C 7/182,E01C 7/182,"{Aggregate or filler materials, except those according to E01C7/26 (E01C7/187, E01C7/353 take precedence; different aggregates or fillers E01C7/18)}","{Aggregate or filler materials, except those according to E01C7/26 (E01C7/187, E01C7/353 take precedence; different aggregates or fillers E01C7/18)}",Compilation of Changes
2026.05,U,E01H 1/00,E01H 1/00,"Removing undesirable matter from roads or like surfaces, with or without moistening of the surface (for snow or ice E01H5/00; cleaning tramway rails E01H8/00; obstruction removers on vehicles B60R19/00; in combination with application of bitumen or the like E01C19/16; in combination with application of traffic line E01C23/16 {; Sweeping apparatus, particularly for lawns A01G20/30, A01G20/40; removing undesirable matter from floors and similar surfaces A47L5/00 - A47L13/00})","Removing undesirable matter from roads or like surfaces, with or without moistening of the surface (for snow or ice E01H5/00; cleaning tramway rails E01H8/00; obstruction removers on vehicles B60R19/00; in combination with application of bitumen or the like E01C19/16; in combination with application of traffic line E01C23/16 {; Sweeping apparatus, particularly for lawns A01G20/30, A01G20/40; removing undesirable matter from floors and similar surfaces A47L5/00 - A47L13/00})",Compilation of Changes
2026.05,U,E01H 1/08,E01H 1/08,"Pneumatically dislodging or taking-up undesirable matter {or small objects}({E01H1/006 and E01H1/005 take precedence;} suction cleaners in general A47L5/00 - A47L9/00; {sucking-off liquids or semi-liquids E01H1/108}); Drying by heat only or by streams of gas (permanently-installed heating or blowing devices E01C11/26; heating or drying for road- building or repairing E01C23/14; {devices for melting snow or ice in situ E01H5/10, E01H8/08; for scorching undesirable vegetation E01H11/00}); Cleaning by projecting abrasive particles (sand-blasting in general B24C; {roughening of road surfaces E01C23/08; cleaning of road joints E01C23/0906})","Pneumatically dislodging or taking-up undesirable matter {or small objects}({E01H1/006 and E01H1/005 take precedence;} suction cleaners in general A47L5/00 - A47L9/00; {sucking-off liquids or semi-liquids E01H1/108}); Drying by heat only or by streams of gas (permanently-installed heating or blowing devices E01C11/26; heating or drying for road- building or repairing E01C23/14; {devices for melting snow or ice in situ E01H5/10, E01H8/08; for scorching undesirable vegetation E01H11/00}); Cleaning by projecting abrasive particles (sand-blasting in general B24C; {roughening of road surfaces E01C23/08; cleaning of road joints E01C23/0906})",Compilation of Changes
2026.05,M,E01H 1/0809,E01H 1/0809,"{Loosening or dislodging by blowing (combined with suction E01H1/0863; with steam E01H1/10; removing snow by blowing E01H5/106; cleaning rails by blowing E01H8/105, E01H8/125; removing fog by blowing E01H13/00; cleaning joints in road construction by blowing E01C23/0906); Drying by means of gas streams (by heat only E01H1/08; combined with snow or ice melting E01H5/10, E01H5/106, E01H5/108)}","{Loosening or dislodging by blowing (combined with suction E01H1/0863; with steam E01H1/10; removing snow by blowing E01H5/106; cleaning rails by blowing E01H8/105, E01H8/125; removing fog by blowing E01H13/00; cleaning joints in road construction by blowing E01C23/0906); Drying by means of gas streams (by heat only E01H1/08; combined with snow or ice melting E01H5/10, E01H5/106, E01H5/108)}",Compilation of Changes
2026.05,U,E01H 1/0827,E01H 1/0827,"{Dislodging by suction; Mechanical dislodging-cleaning apparatus with independent or dependent exhaust, e.g. dislodging-sweeping machines with independent suction nozzles (combined with blowing E01H1/0872); Mechanical loosening devices working under vacuum}","{Dislodging by suction; Mechanical dislodging-cleaning apparatus with independent or dependent exhaust, e.g. dislodging-sweeping machines with independent suction nozzles (combined with blowing E01H1/0872); Mechanical loosening devices working under vacuum}",Compilation of Changes
2026.05,M,E01H 1/0836,E01H 1/0836,"{Apparatus dislodging all of the dirt by suction (liquids or semi-liquids E01H1/108; combined with loosening by blowing E01H1/0863; for cleaning rails E01H8/105, E01H8/125; liquids or semi-liquids E01H1/108; removing snow by suction E01H5/106, E01H8/08; for cleaning rails E01H8/105, E01H8/125); Suction nozzles (independent suction nozzles in mechanical dislodging-cleaning devices E01H1/0827; suction and blowing nozzles E01H1/0863)}","{Apparatus dislodging all of the dirt by suction (liquids or semi-liquids E01H1/108; combined with loosening by blowing E01H1/0863; for cleaning rails E01H8/105, E01H8/125; liquids or semi-liquids E01H1/108; removing snow by suction E01H5/106, E01H8/08; for cleaning rails E01H8/105, E01H8/125); Suction nozzles (independent suction nozzles in mechanical dislodging-cleaning devices E01H1/0827; suction and blowing nozzles E01H1/0863)}",Compilation of Changes
2026.05,M,E01H 1/0854,E01H 1/0854,"{Apparatus in which the mechanically dislodged dirt is partially sucked-off up, e.g. dislodging- sweeping apparatus with dirt collector in brush housing or dirt container (mechanical dislodging machines with independent suction nozzles E01H1/0827; combined with blowing and suction E01H1/0872)}","{Apparatus in which the mechanically dislodged dirt is partially sucked-off up, e.g. dislodging- sweeping apparatus with dirt collector in brush housing or dirt container (mechanical dislodging machines with independent suction nozzles E01H1/0827; combined with blowing and suction E01H1/0872)}",Compilation of Changes
2026.05,U,E01H 5/00,E01H 5/00,"Removing snow or ice from roads or like surfaces; Grading or roughening snow or ice (by applying de-icing agents E01H10/00; obstruction removers on vehicles B60R19/00; sand, gravel or salt spreaders E01C19/20)","Removing snow or ice from roads or like surfaces; Grading or roughening snow or ice (by applying de-icing agents E01H10/00; obstruction removers on vehicles B60R19/00; sand, gravel or salt spreaders E01C19/20)",Compilation of Changes
2026.05,M,E01H 5/01,E01H 5/01,"by application of heat {for melting snow or ice, whether cleared or not, combined or not with clearing or removing mud or water, e.g. burners for melting in situ, heated clearing instruments} ({drying by heat E01H1/0809; melting by application of defrosting agents E01H10/00; weed scorching devices which can also melt snow E01H11/00;} stationary blowing or paving heating means E01C11/26) {; {Cleaning snow by blowing or suction only}","by application of heat {for melting snow or ice, whether cleared or not, combined or not with clearing or removing mud or water, e.g. burners for melting in situ, heated clearing instruments} ({drying by heat E01H1/0809; melting by application of defrosting agents E01H10/00; weed scorching devices which can also melt snow E01H11/00;} stationary blowing or paving heating means E01C11/26) {; {Cleaning snow by blowing or suction only}",Compilation of Changes
2026.05,M,E01H 5/106,E01H 5/106,"{Clearing snow or ice exclusively by means of rays or streams of gas or steam, or by suction with or without melting (E01H5/108 takes precedence; drying by means of gas streams, blowing- off dirt E01H1/0809; sucking-off dirt E01H1/0827sucking up dirt E01H1/0827)}","{Clearing snow or ice exclusively by means of rays or streams of gas or steam, or by suction with or without melting (E01H5/108 takes precedence; drying by means of gas streams, blowing- off dirt E01H1/0809; sucking-off dirt E01H1/0827sucking up dirt E01H1/0827)}",Compilation of Changes
2026.05,M,E01H 5/108,E01H 5/108,{Devices for melting snow or ice in situ and removing subsequently forremoving the mud or meltingresultant mud and water (melting in situ E01H5/10; by means of hot gases or steam E01H5/106; removing water or mud E01H1/108)},{Devices for melting snow or ice in situ and removing subsequently forremoving the mud or meltingresultant mud and water (melting in situ E01H5/10; by means of hot gases or steam E01H5/106; removing water or mud E01H1/108)},Compilation of Changes
2026.05,U,E02D 29/00,E02D 29/00,"{Independent} underground or underwater structures (underground tanks B65D88/76; hydraulic engineering, e.g. sealings or joints, E02B; underground garages E04H6/00; underground air-raid shelters E04H9/12; burial vaults E04H13/00); Retaining walls","{Independent} underground or underwater structures (underground tanks B65D88/76; hydraulic engineering, e.g. sealings or joints, E02B; underground garages E04H6/00; underground air-raid shelters E04H9/12; burial vaults E04H13/00); Retaining walls",Compilation of Changes
2026.05,U,E02D 29/12,E02D 29/12,Manhole shafts; Other inspection or access chambers; Accessories therefor (for underground tanks B65D90/10; for sewerage E03F5/02  {; climbing irons or ladders E06C9/00}),Manhole shafts; Other inspection or access chambers; Accessories therefor (for underground tanks B65D90/10; for sewerage E03F5/02  {; climbing irons or ladders E06C9/00}),Compilation of Changes
2026.05,U,E02D 29/14,E02D 29/14,Covers for manholes or the like; Frames for covers {(gully gratings E03F5/06)},Covers for manholes or the like; Frames for covers {(gully gratings E03F5/06)},Compilation of Changes
2026.05,M,E02D 29/1427,E02D 29/1427,{Locking devices (of bayonet type E02D29/14)},{Locking devices (of bayonet type E02D29/14)},Compilation of Changes
2026.05,U,E03F 9/00,E03F 9/00,"Arrangements or fixed installations {methods or devices} for cleaning {or clearing} sewer pipes, e.g. by flushing (sediment traps, rakes, screens, or the like, arranged in sewer lines E03F5/14; cleaning pipes in general, devices for cleaning pipes B08B9/02  {; gullies provided with flushing means for cleaning or emptying E03F5/0402; devices to remove obstructions in waste-pipes or sinks E03C1/30})","Arrangements or fixed installations {methods or devices} for cleaning {or clearing} sewer pipes, e.g. by flushing (sediment traps, rakes, screens, or the like, arranged in sewer lines E03F5/14; cleaning pipes in general, devices for cleaning pipes B08B9/02  {; gullies provided with flushing means for cleaning or emptying E03F5/0402; devices to remove obstructions in waste-pipes or sinks E03C1/30})",Compilation of Changes
2026.05,M,E03F 9/002,E03F 9/002,{Cleaning sewer pipes by mechanical means (combined with flushing E03F9/00)},{Cleaning sewer pipes by mechanical means (combined with flushing E03F9/00)},Compilation of Changes
2026.05,U,E04G 21/00,E04G 21/00,"Preparing, conveying, or working-up building materials or building elements in situ; Other devices or measures for constructional work (conveying in general B65G; lifting devices B66; working stone-like materials B28D; measuring instruments G01)","Preparing, conveying, or working-up building materials or building elements in situ; Other devices or measures for constructional work (conveying in general B65G; lifting devices B66; working stone-like materials B28D; measuring instruments G01)",Compilation of Changes
2026.05,M,E04G 21/24,E04G 21/24,"Safety or protective measures preventing damage to building parts or finishing work during construction (as auxiliary structures for scaffolds E04G, {E04G5/12}E04G5/00)","Safety or protective measures preventing damage to building parts or finishing work during construction (as auxiliary structures for scaffolds E04G, {E04G5/12}E04G5/00)",Compilation of Changes
2026.05,U,E21B 17/00,E21B 17/00,Drilling rods or pipes; Flexible drill strings; Kellies; Drill collars; Sucker rods;{Cables;} Casings; Tubings,Drilling rods or pipes; Flexible drill strings; Kellies; Drill collars; Sucker rods;{Cables;} Casings; Tubings,Compilation of Changes
2026.05,U,E21B 17/01,E21B 17/01,"Wear protectors; Centralising devices {, e.g. stabilisers}","Wear protectors; Centralising devices {, e.g. stabilisers}",Compilation of Changes
2026.05,M,E21B 17/1078,E21B 17/1078,"{Stabilisers or centralisers for casing, tubing or drill pipes (devices for off-center positioning E21B17/10; E21B17/1007 - E21B17/1064 take precedence)}","{Stabilisers or centralisers for casing, tubing or drill pipes (devices for off-center positioning E21B17/10; E21B17/1007 - E21B17/1064 take precedence)}",Compilation of Changes
2026.05,U,F04D 29/00,F04D 29/00,"Details, component parts, or accessories (machine elements in general F16)","Details, component parts, or accessories (machine elements in general F16)",Compilation of Changes
2026.05,U,F04D 29/18,F04D 29/18,Rotors (specially for elastic fluids F04D29/26),Rotors (specially for elastic fluids F04D29/26),Compilation of Changes
2026.05,U,F04D 29/22,F04D 29/22,specially for centrifugal pumps,specially for centrifugal pumps,Compilation of Changes
2026.05,M,F04D 29/2205,F04D 29/2205,{Conventional flow pattern (F04D29/18 takes precedence)},{Conventional flow pattern (F04D29/18 takes precedence)},Compilation of Changes
2026.05,U,F16D 3/00,F16D 3/00,"Yielding couplings, i.e. with means permitting movement between the connected parts during the drive (couplings disconnectable simply by axial movement F16D1/10; slip couplings F16D7/00)","Yielding couplings, i.e. with means permitting movement between the connected parts during the drive (couplings disconnectable simply by axial movement F16D1/10; slip couplings F16D7/00)",Compilation of Changes
2026.05,U,F16D 3/16,F16D 3/16,Universal joints in which flexibility is produced by means of pivots or sliding or rolling connecting parts,Universal joints in which flexibility is produced by means of pivots or sliding or rolling connecting parts,Compilation of Changes
2026.05,U,F16D 3/26,F16D 3/26,"Hooke's joints or other joints with an equivalent intermediate member to which each coupling part is pivotally or slidably connected (F16D3/18, F16D3/20 take precedence)","Hooke's joints or other joints with an equivalent intermediate member to which each coupling part is pivotally or slidably connected (F16D3/18, F16D3/20 take precedence)",Compilation of Changes
2026.05,U,F16D 3/38,F16D 3/38,with a single intermediate member with trunnions or bearings arranged on two axes perpendicular to one another (F16D3/36 takes precedence),with a single intermediate member with trunnions or bearings arranged on two axes perpendicular to one another (F16D3/36 takes precedence),Compilation of Changes
2026.05,U,F16D 3/382,F16D 3/382,{constructional details of other than the intermediate member},{constructional details of other than the intermediate member},Compilation of Changes
2026.05,M,F16D 3/385,F16D 3/385,{Bearing cup; Bearing construction; Bearing seal; Mounting of bearing on the intermediate member (mounting of bearing in fork F16D3/382)},{Bearing cup; Bearing construction; Bearing seal; Mounting of bearing on the intermediate member (mounting of bearing in fork F16D3/382)},Compilation of Changes
2026.05,U,F16G 13/00,F16G 13/00,Chains (making thereof B21L),Chains (making thereof B21L),Compilation of Changes
2026.05,U,F16G 13/02,F16G 13/02,Driving-chains (specially adapted to gearings with variable gear-ratio F16H9/00),Driving-chains (specially adapted to gearings with variable gear-ratio F16H9/00),Compilation of Changes
2026.05,M,F16G 13/06,F16G 13/06,with links connected by parallel driving-pins with or without rollers {so -called open links (if the parallel coupling pins have only a joining function - so called closed links - F16G13/02)},with links connected by parallel driving-pins with or without rollers {so -called open links (if the parallel coupling pins have only a joining function - so called closed links - F16G13/02)},Compilation of Changes
2026.05,F,F23B 1/00,F23B 1/00,{Combustion apparatus using only lump fuel},{Combustion apparatus using only lump fuel},Compilation of Changes
2026.05,F,F23B 1/02,F23B 1/02,"{for indirect heating of a medium in a vessel, e.g. for boiling water (steam generation F22)}","{for indirect heating of a medium in a vessel, e.g. for boiling water (steam generation F22)}",Compilation of Changes
2026.05,F,F23B 1/04,F23B 1/04,"{External furnaces, i.e. with furnace in front of the vessel}","{External furnaces, i.e. with furnace in front of the vessel}",Compilation of Changes
2026.05,F,F23B 1/06,F23B 1/06,"{for heating water-tube boilers, e.g. Tenbrink flue furnaces}","{for heating water-tube boilers, e.g. Tenbrink flue furnaces}",Compilation of Changes
2026.05,F,F23B 1/08,F23B 1/08,"{Internal furnaces, i.e. with furnaces inside the vessel}","{Internal furnaces, i.e. with furnaces inside the vessel}",Compilation of Changes
2026.05,F,F23B 1/01,F23B 1/01,{for heating locomotive boilers},{for heating locomotive boilers},Compilation of Changes
2026.05,F,F23B 1/12,F23B 1/12,{with a plurality of combustion chambers},{with a plurality of combustion chambers},Compilation of Changes
2026.05,F,F23B 1/16,F23B 1/16,{the combustion apparatus being modified according to the form of grate or other fuel support (for incinerators F23G5/002)},{the combustion apparatus being modified according to the form of grate or other fuel support (for incinerators F23G5/002)},Compilation of Changes
2026.05,F,F23B 1/165,F23B 1/165,{using roller grate},{using roller grate},Compilation of Changes
2026.05,F,F23B 1/18,F23B 1/18,{using inclined grate},{using inclined grate},Compilation of Changes
2026.05,F,F23B 1/02,F23B 1/02,{using step-type grate},{using step-type grate},Compilation of Changes
2026.05,F,F23B 1/22,F23B 1/22,{using travelling grate},{using travelling grate},Compilation of Changes
2026.05,F,F23B 1/24,F23B 1/24,{using rotating grate},{using rotating grate},Compilation of Changes
2026.05,F,F23B 1/26,F23B 1/26,{using imperforate fuel supports},{using imperforate fuel supports},Compilation of Changes
2026.05,F,F23B 1/28,F23B 1/28,"{using ridge-type grate, e.g. for combustion of peat, sawdust, or pulverulent fuel (combustion of peat, sawdust F23G7/10)}","{using ridge-type grate, e.g. for combustion of peat, sawdust, or pulverulent fuel (combustion of peat, sawdust F23G7/10)}",Compilation of Changes
2026.05,F,F23B 1/03,F23B 1/03,{characterised by the form of combustion chamber},{characterised by the form of combustion chamber},Compilation of Changes
2026.05,F,F23B 1/32,F23B 1/32,{rotating},{rotating},Compilation of Changes
2026.05,F,F23B 1/34,F23B 1/34,{annular},{annular},Compilation of Changes
2026.05,F,F23B 1/36,F23B 1/36,{shaft-type},{shaft-type},Compilation of Changes
2026.05,F,F23B 1/38,F23B 1/38,"{for combustion of peat, sawdust, or pulverulent fuel on a grate or other fuel support (combustion of peat, sawdust F23G7/10)}","{for combustion of peat, sawdust, or pulverulent fuel on a grate or other fuel support (combustion of peat, sawdust F23G7/10)}",Compilation of Changes
2026.05,F,F23B 3/00,F23B 3/00,{Combustion apparatus which is portable or removable with respect to the boiler or other apparatus which is heated},{Combustion apparatus which is portable or removable with respect to the boiler or other apparatus which is heated},Compilation of Changes
2026.05,F,F23B 5/00,F23B 5/00,{Combustion apparatus with arrangements for burning uncombusted material from primary combustion (combustion apparatus characterised by the combination of two or more combustion chambers F23C6/00; the primary combustion being pulverulent fuel F23C9/003)},{Combustion apparatus with arrangements for burning uncombusted material from primary combustion (combustion apparatus characterised by the combination of two or more combustion chambers F23C6/00; the primary combustion being pulverulent fuel F23C9/003)},Compilation of Changes
2026.05,F,F23B 5/02,F23B 5/02,{in main combustion chamber},{in main combustion chamber},Compilation of Changes
2026.05,F,F23B 5/025,F23B 5/025,{recirculating uncombusted solids to combustion chamber},{recirculating uncombusted solids to combustion chamber},Compilation of Changes
2026.05,F,F23B 5/04,F23B 5/04,{in separate combustion chamber; on separate grate},{in separate combustion chamber; on separate grate},Compilation of Changes
2026.05,F,F23B 7/00,F23B 7/00,{Combustion techniques; Other solid-fuel combustion apparatus},{Combustion techniques; Other solid-fuel combustion apparatus},Compilation of Changes
2026.05,F,F23B 7/002,F23B 7/002,{characterised by gas flow arrangements},{characterised by gas flow arrangements},Compilation of Changes
2026.05,F,F23B 7/005,F23B 7/005,{with downdraught through fuel bed and grate},{with downdraught through fuel bed and grate},Compilation of Changes
2026.05,F,F23B 7/007,F23B 7/007,{with fluegas recirculation to combustion chamber},{with fluegas recirculation to combustion chamber},Compilation of Changes
2026.05,M,F23B 10/00,F23B 10/00,Combustion apparatus characterised by the combination of two or more combustion chambers,Combustion apparatus characterised by the combination of two or more combustion chambers,Compilation of Changes
2026.05,M,F23B 20/00,F23B 20/00,Combustion apparatus specially adapted for portability or transportability,Combustion apparatus specially adapted for portability or transportability,Compilation of Changes
2026.05,M,F23B 30/00,F23B 30/00,Combustion apparatus with driven means for agitating the burning fuel; Combustion apparatus with driven means for advancing the burning fuel through the combustion chamber,Combustion apparatus with driven means for agitating the burning fuel; Combustion apparatus with driven means for advancing the burning fuel through the combustion chamber,Compilation of Changes
2026.05,U,F23B 30/02,F23B 30/02,"with movable, e.g. vibratable, fuel-supporting surfaces; with fuel-supporting surfaces that have movable parts","with movable, e.g. vibratable, fuel-supporting surfaces; with fuel-supporting surfaces that have movable parts",Compilation of Changes
2026.05,T,F23B 30/06,F23B 30/06,with fuel -supporting surfaces that are specially adapted for advancing the fuel through the combustion zone,with fuel -supporting surfaces that are specially adapted for advancing the fuel through the combustion zone,Compilation of Changes
2026.05,M,F23B 40/00,F23B 40/00,Combustion apparatus with driven means for feeding fuel into the combustion chamber,Combustion apparatus with driven means for feeding fuel into the combustion chamber,Compilation of Changes
2026.05,M,F23B 50/00,F23B 50/00,"Combustion apparatus in which the fuel is fed into or through the combustion zone by gravity, e.g. from a fuel storage situated above the combustion zone","Combustion apparatus in which the fuel is fed into or through the combustion zone by gravity, e.g. from a fuel storage situated above the combustion zone",Compilation of Changes
2026.05,M,F23B 60/00,F23B 60/00,Combustion apparatus in which the fuel burns essentially without moving,Combustion apparatus in which the fuel burns essentially without moving,Compilation of Changes
2026.05,T,F23B 70/00,F23B 70/00,Combustion apparatus characterised by means for returning solid combustion residues to the combustion chamber,Combustion apparatus characterised by means for returning solid combustion residues to the combustion chamber,Compilation of Changes
2026.05,M,F23B 80/00,F23B 80/00,Combustion apparatus characterised by means creating a distinct flow path for flue gases or for non-combusted gases given off by the fuel,Combustion apparatus characterised by means creating a distinct flow path for flue gases or for non-combusted gases given off by the fuel,Compilation of Changes
2026.05,M,F23B 90/00,F23B 90/00,Combustion methods not related to a particular type of apparatus,Combustion methods not related to a particular type of apparatus,Compilation of Changes
2026.05,M,F23B 99/00,F23B 99/00,Subject matter not provided for in other groups of this subclass,Subject matter not provided for in other groups of this subclass,Compilation of Changes
2026.05,M,F23B 2103/00,F23B 2103/00,"Adaptation of combustion apparatus for placement in or against an opening of a boiler, e.g. for replacing an oil burner","Adaptation of combustion apparatus for placement in or against an opening of a boiler, e.g. for replacing an oil burner",Compilation of Changes
2026.05,U,F23G 7/00,F23G 7/00,"Incinerators or other apparatus for consuming industrial waste, e.g. chemicals (incinerator closets A47K11/02; oxidation of sludge C02F11/06; burners in general, burner details F23D; incinerating radioactive waste G21F9/00)","Incinerators or other apparatus for consuming industrial waste, e.g. chemicals (incinerator closets A47K11/02; oxidation of sludge C02F11/06; burners in general, burner details F23D; incinerating radioactive waste G21F9/00)",Compilation of Changes
2026.05,M,F23G 7/06,F23G 7/06,"of waste gases or noxious gases, e.g. exhaust gases (exhaust apparatus for engines with means for rendering the exhaust innocuous, e.g. by thermal or catalytic conversion, F01N3/08; combustion of uncombusted material from primary combustion within apparatus for combustion of solid or fluent fuel F23B, {, of non combusted material from primary combustion of solid fuels F23B5/00; of gases produced by primary combustion of solid fuels F23B90/04}, F23C)","of waste gases or noxious gases, e.g. exhaust gases (exhaust apparatus for engines with means for rendering the exhaust innocuous, e.g. by thermal or catalytic conversion, F01N3/08; combustion of uncombusted material from primary combustion within apparatus for combustion of solid or fluent fuel F23B, {, of non combusted material from primary combustion of solid fuels F23B5/00; of gases produced by primary combustion of solid fuels F23B90/04}, F23C)",Compilation of Changes
2026.05,U,F25B 2313/00,F25B 2313/00,"Compression machines, plants or systems with reversible cycle not otherwise provided for","Compression machines, plants or systems with reversible cycle not otherwise provided for",Compilation of Changes
2026.05,U,F25B 2313/027,F25B 2313/027,characterised by the reversing means,characterised by the reversing means,Compilation of Changes
2026.05,U,F25B 2313/0276,F25B 2313/0276,using six-way valves,using six-way valves,Compilation of Changes
2026.05,N,F25B 2313/0278,F25B 2313/0278,using eight-way valves,using eight-way valves,Compilation of Changes
2026.05,C,F25B 2327/00,F25B 2327/00,Refrigeration system using an engine for driving a compressorCompressor driving means,Refrigeration system using an engine for driving a compressorCompressor driving means,Compilation of Changes
2026.05,D,F25B 2327/001,F25B 2327/001,of the internal combustion type,of the internal combustion type,Compilation of Changes
2026.05,N,F25B 2327/02,F25B 2327/02,using multiple power sources,using multiple power sources,Compilation of Changes
2026.05,N,F25B 2327/01,F25B 2327/01,using engines,using engines,Compilation of Changes
2026.05,Q,F25B 2327/12,F25B 2327/12,using internal combustion engines,using internal combustion engines,Compilation of Changes
2026.05,M,F25B 2400/00,F25B 2400/00,"General features or devices for refrigeration machines, plants or systems, combined heating and refrigeration systems or heat-pump systems, i.e. not limited to a particular subgroup ofComponent parts or details not F25Botherwise provided for in this subclass","General features or devices for refrigeration machines, plants or systems, combined heating and refrigeration systems or heat-pump systems, i.e. not limited to a particular subgroup ofComponent parts or details not F25Botherwise provided for in this subclass",Compilation of Changes
2026.05,U,F25B 2400/04,F25B 2400/04,Refrigeration circuit bypassing means,Refrigeration circuit bypassing means,Compilation of Changes
2026.05,M,F25B 2400/0401,F25B 2400/0401,for the compressorcompressors,for the compressorcompressors,Compilation of Changes
2026.05,M,F25B 2400/0403,F25B 2400/0403,for the condensercondensers,for the condensercondensers,Compilation of Changes
2026.05,M,F25B 2400/0405,F25B 2400/0405,for the desuperheaterdesuperheaters,for the desuperheaterdesuperheaters,Compilation of Changes
2026.05,M,F25B 2400/0407,F25B 2400/0407,for the ejectorejectors,for the ejectorejectors,Compilation of Changes
2026.05,M,F25B 2400/0409,F25B 2400/0409,for the evaporatorevaporators,for the evaporatorevaporators,Compilation of Changes
2026.05,M,F25B 2400/0411,F25B 2400/0411,for the expansion valvevalves or capillary tubetubes,for the expansion valvevalves or capillary tubetubes,Compilation of Changes
2026.05,M,F25B 2400/0413,F25B 2400/0413,for the filter or drierfilters or driers,for the filter or drierfilters or driers,Compilation of Changes
2026.05,M,F25B 2400/0415,F25B 2400/0415,for the receiverreceivers,for the receiverreceivers,Compilation of Changes
2026.05,M,F25B 2400/0417,F25B 2400/0417,for the subcoolersubcoolers,for the subcoolersubcoolers,Compilation of Changes
2026.05,M,F25B 2400/0419,F25B 2400/0419,for the superheatersuperheaters,for the superheatersuperheaters,Compilation of Changes
2026.05,N,F25B 2400/0421,F25B 2400/0421,for suction line accumulators,for suction line accumulators,Compilation of Changes
2026.05,N,F25B 2400/0423,F25B 2400/0423,for economisers,for economisers,Compilation of Changes
2026.05,N,F25B 2400/0425,F25B 2400/0425,for internal heat exchangers,for internal heat exchangers,Compilation of Changes
2026.05,N,F25B 2400/0427,F25B 2400/0427,for oil separators,for oil separators,Compilation of Changes
2026.05,M,F25B 2400/24,F25B 2400/24,Storage receiver heatThermal storage element,Storage receiver heatThermal storage element,Compilation of Changes
2026.05,N,F25B 2400/25,F25B 2400/25,Liquid pumps,Liquid pumps,Compilation of Changes
2026.05,N,F25B 2400/27,F25B 2400/27,Water as refrigerant,Water as refrigerant,Compilation of Changes
2026.05,U,F25B 2700/00,F25B 2700/00,Sensing or detecting of parameters; Sensors therefor,Sensing or detecting of parameters; Sensors therefor,Compilation of Changes
2026.05,U,F25B 2700/06,F25B 2700/06,Piston positions of a compressor,Piston positions of a compressor,Compilation of Changes
2026.05,N,F25B 2700/08,F25B 2700/08,"Vapour quality, i.e. the mass fraction of vapour in the liquid-vapour mixture","Vapour quality, i.e. the mass fraction of vapour in the liquid-vapour mixture",Compilation of Changes
2026.05,U,F25B 2700/19,F25B 2700/19,Pressures,Pressures,Compilation of Changes
2026.05,U,F25B 2700/197,F25B 2700/197,of the evaporator,of the evaporator,Compilation of Changes
2026.05,N,F25B 2700/198,F25B 2700/198,Intermediate pressures,Intermediate pressures,Compilation of Changes
2026.05,U,F25B 2700/21,F25B 2700/21,Temperatures,Temperatures,Compilation of Changes
2026.05,U,F25B 2700/2117,F25B 2700/2117,of an evaporator,of an evaporator,Compilation of Changes
2026.05,U,F25B 2700/21175,F25B 2700/21175,of the refrigerant at the outlet of the evaporator,of the refrigerant at the outlet of the evaporator,Compilation of Changes
2026.05,N,F25B 2700/2118,F25B 2700/2118,at an intermediate pressure position,at an intermediate pressure position,Compilation of Changes
2026.05,U,G06Q 30/00,G06Q 30/00,Commerce,Commerce,Compilation of Changes
2026.05,M,G06Q 30/01,G06Q 30/01,Customer relationship services,Customer relationship services,Compilation of Changes
2026.05,M,G06Q 30/015,G06Q 30/015,"Providing customer assistance, e.g. assisting a customer within a business location or via helpdesk","Providing customer assistance, e.g. assisting a customer within a business location or via helpdesk",Compilation of Changes
2026.05,M,G06T 5/00,G06T 5/00,Image enhancement or restoration,Image enhancement or restoration,Compilation of Changes
2026.05,M,G06T 5/06,G06T 5/06,"using machine learning, e.g. neural networks","using machine learning, e.g. neural networks",Compilation of Changes
2026.05,M,H04B 5/00,H04B 5/00,"Near-field transmission systems, e.g. inductive or capacitive transmission systems","Near-field transmission systems, e.g. inductive or capacitive transmission systems",Compilation of Changes
2026.05,M,H04B 5/02,H04B 5/02,characterised by the transmission technique; characterised by the transmission medium,characterised by the transmission technique; characterised by the transmission medium,Compilation of Changes
2026.05,M,H04B 5/04,H04B 5/04,characterised by components specially adapted for near-field transmission,characterised by components specially adapted for near-field transmission,Compilation of Changes
2026.05,M,H04B 5/45,H04B 5/45,Transponders,Transponders,Compilation of Changes
2026.05,M,H04B 5/07,H04B 5/07,specially adapted for specific purposes,specially adapted for specific purposes,Compilation of Changes
2026.05,M,H04B 5/72,H04B 5/72,for local intradevice communication,for local intradevice communication,Compilation of Changes
2026.05,U,H04L 9/00,H04L 9/00,{Cryptographic mechanisms or cryptographic} arrangements for secret or secure communications; Network security protocols,{Cryptographic mechanisms or cryptographic} arrangements for secret or secure communications; Network security protocols,Compilation of Changes
2026.05,M,H04L 9/04,H04L 9/04,Network security protocols,Network security protocols,Compilation of Changes
2026.05,M,H04L 41/00,H04L 41/00,"Arrangements for maintenance, administration or management of data switching networks, e.g. of packet switching networks","Arrangements for maintenance, administration or management of data switching networks, e.g. of packet switching networks",Compilation of Changes
2026.05,M,H04L 41/04,H04L 41/04,Network management architectures or arrangements,Network management architectures or arrangements,Compilation of Changes
2026.05,M,H04L 41/045,H04L 41/045,comprising client-server management architectures,comprising client-server management architectures,Compilation of Changes
2026.05,M,H04L 41/052,H04L 41/052,"using standardised network management architectures, e.g. telecommunication management network [TMN] or unified network management architecture [UNMA]","using standardised network management architectures, e.g. telecommunication management network [TMN] or unified network management architecture [UNMA]",Compilation of Changes
2026.05,M,H04L 41/08,H04L 41/08,Configuration management of networks or network elements (address allocation H04L61/50),Configuration management of networks or network elements (address allocation H04L61/50),Compilation of Changes
2026.05,M,H04L 41/0893,H04L 41/0893,Assignment of logical groups to network elements,Assignment of logical groups to network elements,Compilation of Changes
2026.05,M,H04L 41/0894,H04L 41/0894,Policy-based network configuration management,Policy-based network configuration management,Compilation of Changes
2026.05,M,H04L 41/0895,H04L 41/0895,"Configuration of virtualised networks or elements, e.g. virtualised network function or OpenFlow elements","Configuration of virtualised networks or elements, e.g. virtualised network function or OpenFlow elements",Compilation of Changes
2026.05,M,H04L 41/0896,H04L 41/0896,"Bandwidth or capacity management, i.e. automatically increasing or decreasing capacities (flow or congestion control using dynamic resource allocation, e.g. in-call renegotiation, H04L47/76)","Bandwidth or capacity management, i.e. automatically increasing or decreasing capacities (flow or congestion control using dynamic resource allocation, e.g. in-call renegotiation, H04L47/76)",Compilation of Changes
2026.05,M,H04L 41/0897,H04L 41/0897,"by horizontal or vertical scaling of resources, or by migrating entities, e.g. virtual resources or entities","by horizontal or vertical scaling of resources, or by migrating entities, e.g. virtual resources or entities",Compilation of Changes
2026.05,M,H04L 41/12,H04L 41/12,Discovery or management of network topologies,Discovery or management of network topologies,Compilation of Changes
2026.05,M,H04L 41/122,H04L 41/122,"of virtualised topologies, e.g. software-defined networks [SDN] or network function virtualisation [NFV]","of virtualised topologies, e.g. software-defined networks [SDN] or network function virtualisation [NFV]",Compilation of Changes
2026.05,M,H04L 41/14,H04L 41/14,Network analysis or design,Network analysis or design,Compilation of Changes
2026.05,M,H04L 41/147,H04L 41/147,for predicting network behaviour,for predicting network behaviour,Compilation of Changes
2026.05,M,H04L 41/149,H04L 41/149,for prediction of maintenance,for prediction of maintenance,Compilation of Changes
2026.05,M,H04L 41/34,H04L 41/34,Signalling channels for network management communication,Signalling channels for network management communication,Compilation of Changes
2026.05,M,H04L 41/04,H04L 41/04,"using virtualisation of network functions or resources, e.g. SDN or NFV entities","using virtualisation of network functions or resources, e.g. SDN or NFV entities",Compilation of Changes
2026.05,U,H04L 43/00,H04L 43/00,Arrangements for monitoring or testing data switching networks,Arrangements for monitoring or testing data switching networks,Compilation of Changes
2026.05,M,H04L 43/08,H04L 43/08,"Monitoring or testing based on specific metrics, e.g. QoS, energy consumption or environmental parameters","Monitoring or testing based on specific metrics, e.g. QoS, energy consumption or environmental parameters",Compilation of Changes
2026.05,M,H04L 43/02,H04L 43/02,"the monitoring system or the monitored elements being virtualised, abstracted or software-defined entities, e.g. SDN or NFV","the monitoring system or the monitored elements being virtualised, abstracted or software-defined entities, e.g. SDN or NFV",Compilation of Changes
2026.05,M,H04L 45/00,H04L 45/00,Routing or path finding of packets in data switching networks (routing or path finding in wireless networks H04W40/00),Routing or path finding of packets in data switching networks (routing or path finding in wireless networks H04W40/00),Compilation of Changes
2026.05,M,H04L 45/02,H04L 45/02,Topology update or discovery,Topology update or discovery,Compilation of Changes
2026.05,M,H04L 45/03,H04L 45/03,by updating link state protocols,by updating link state protocols,Compilation of Changes
2026.05,M,H04L 45/033,H04L 45/033,by updating distance vector protocols,by updating distance vector protocols,Compilation of Changes
2026.05,M,H04L 45/036,H04L 45/036,"Updating the topology between route computation elements, e.g. between OpenFlow controllers","Updating the topology between route computation elements, e.g. between OpenFlow controllers",Compilation of Changes
2026.05,M,H04L 45/17,H04L 45/17,"Shortcut routing, e.g. using next hop resolution protocol [NHRP]","Shortcut routing, e.g. using next hop resolution protocol [NHRP]",Compilation of Changes
2026.05,M,H04L 45/22,H04L 45/22,{Alternate routing},{Alternate routing},Compilation of Changes
2026.05,U,H04L 45/24,H04L 45/24,Multipath,Multipath,Compilation of Changes
2026.05,M,H04L 45/243,H04L 45/243,using M+N parallel active paths,using M+N parallel active paths,Compilation of Changes
2026.05,M,H04L 45/247,H04L 45/247,using M:N active or standby paths,using M:N active or standby paths,Compilation of Changes
2026.05,M,H04L 45/48,H04L 45/48,Routing tree calculation,Routing tree calculation,Compilation of Changes
2026.05,M,H04L 45/484,H04L 45/484,using multiple routing trees,using multiple routing trees,Compilation of Changes
2026.05,M,H04L 45/488,H04L 45/488,using root node determination,using root node determination,Compilation of Changes
2026.05,M,H04L 45/645,H04L 45/645,"Splitting route computation layer and forwarding layer, e.g. routing according to path computational element [PCE] or based on OpenFlow functionality","Splitting route computation layer and forwarding layer, e.g. routing according to path computational element [PCE] or based on OpenFlow functionality",Compilation of Changes
2026.05,U,H04L 45/74,H04L 45/74,Address processing for routing,Address processing for routing,Compilation of Changes
2026.05,M,H04L 45/745,H04L 45/745,Address table lookup; Address filtering,Address table lookup; Address filtering,Compilation of Changes
2026.05,M,H04L 45/7452,H04L 45/7452,Multiple parallel or consecutive lookup operations (lookup operation involving Bloom filters H04L45/7459),Multiple parallel or consecutive lookup operations (lookup operation involving Bloom filters H04L45/7459),Compilation of Changes
2026.05,U,H04L 45/7453,H04L 45/7453,using hashing,using hashing,Compilation of Changes
2026.05,M,H04L 45/7459,H04L 45/7459,using Bloom filters,using Bloom filters,Compilation of Changes
2026.05,M,H04L 45/76,H04L 45/76,"Routing in software-defined topologies, e.g. routing between virtual machines","Routing in software-defined topologies, e.g. routing between virtual machines",Compilation of Changes
2026.05,M,H04L 45/08,H04L 45/08,"Ingress point selection by the source endpoint, e.g. selection of ISP or POP","Ingress point selection by the source endpoint, e.g. selection of ISP or POP",Compilation of Changes
2026.05,U,H04L 47/00,H04L 47/00,Traffic control in data switching networks (arrangements for detecting or preventing errors in the information received H04L1/00),Traffic control in data switching networks (arrangements for detecting or preventing errors in the information received H04L1/00),Compilation of Changes
2026.05,M,H04L 47/01,H04L 47/01,Flow control; Congestion control,Flow control; Congestion control,Compilation of Changes
2026.05,M,H04L 47/12,H04L 47/12,Avoiding congestion; Recovering from congestion,Avoiding congestion; Recovering from congestion,Compilation of Changes
2026.05,M,H04L 47/129,H04L 47/129,"at the destination endpoint, e.g. reservation of terminal resources or buffer space","at the destination endpoint, e.g. reservation of terminal resources or buffer space",Compilation of Changes
2026.05,M,H04L 47/26,H04L 47/26,"using explicit feedback to the source, e.g. choke packets","using explicit feedback to the source, e.g. choke packets",Compilation of Changes
2026.05,M,H04L 47/265,H04L 47/265,sent by intermediate network nodes,sent by intermediate network nodes,Compilation of Changes
2026.05,M,H04L 47/267,H04L 47/267,sent by the destination endpoint (network streaming of media packets with control of the source by the destination H04L65/613),sent by the destination endpoint (network streaming of media packets with control of the source by the destination H04L65/613),Compilation of Changes
2026.05,M,H04L 47/43,H04L 47/43,"Assembling or disassembling of packets, e.g. segmentation and reassembly [SAR]","Assembling or disassembling of packets, e.g. segmentation and reassembly [SAR]",Compilation of Changes
2026.05,M,H04L 47/07,H04L 47/07,Admission control; Resource allocation,Admission control; Resource allocation,Compilation of Changes
2026.05,M,H04L 47/83,H04L 47/83,based on usage prediction,based on usage prediction,Compilation of Changes
2026.05,U,H04L 49/00,H04L 49/00,Packet switching elements,Packet switching elements,Compilation of Changes
2026.05,M,H04L 49/01,H04L 49/01,characterised by the switching fabric construction,characterised by the switching fabric construction,Compilation of Changes
2026.05,M,H04L 49/111,H04L 49/111,"Switch interfaces, e.g. port details","Switch interfaces, e.g. port details",Compilation of Changes
2026.05,M,H04L 49/112,H04L 49/112,"Switch control, e.g. arbitration","Switch control, e.g. arbitration",Compilation of Changes
2026.05,M,H04L 49/113,H04L 49/113,"Arrangements for redundant switching, e.g. using parallel planes","Arrangements for redundant switching, e.g. using parallel planes",Compilation of Changes
2026.05,M,H04L 49/09,H04L 49/09,Buffering arrangements,Buffering arrangements,Compilation of Changes
2026.05,M,H04L 49/9023,H04L 49/9023,for implementing a jitter-buffer,for implementing a jitter-buffer,Compilation of Changes
2026.05,M,H04L 51/00,H04L 51/00,"User-to-user messaging in packet-switching networks, transmitted according to store-and-forward or real-time protocols, e.g. e-mail","User-to-user messaging in packet-switching networks, transmitted according to store-and-forward or real-time protocols, e.g. e-mail",Compilation of Changes
2026.05,M,H04L 51/07,H04L 51/07,characterised by the inclusion of specific contents,characterised by the inclusion of specific contents,Compilation of Changes
2026.05,M,H04L 51/21,H04L 51/21,Monitoring or handling of messages,Monitoring or handling of messages,Compilation of Changes
2026.05,U,H04L 61/00,H04L 61/00,"Network arrangements, protocols or services for addressing or naming","Network arrangements, protocols or services for addressing or naming",Compilation of Changes
2026.05,M,H04L 61/09,H04L 61/09,Mapping addresses,Mapping addresses,Compilation of Changes
2026.05,M,H04L 63/00,H04L 63/00,{Network architectures or network communication protocols for network security (cryptographic mechanisms or cryptographic arrangements for secret or secure communication H04L9/00; network architectures or network communication protocols for wireless network security H04W12/00; security arrangements for protecting computers or computer systems against unauthorised activity G06F21/00)},{Network architectures or network communication protocols for network security (cryptographic mechanisms or cryptographic arrangements for secret or secure communication H04L9/00; network architectures or network communication protocols for wireless network security H04W12/00; security arrangements for protecting computers or computer systems against unauthorised activity G06F21/00)},Compilation of Changes
2026.05,U,H04L 65/00,H04L 65/00,"Network arrangements, protocols or services for supporting real-time applications in data packet communication (real-time or near real-time messaging, e.g. instant messaging [IM] H04L51/04; selective video distribution H04N21/00)","Network arrangements, protocols or services for supporting real-time applications in data packet communication (real-time or near real-time messaging, e.g. instant messaging [IM] H04L51/04; selective video distribution H04N21/00)",Compilation of Changes
2026.05,U,H04L 65/01,H04L 65/01,Architectures or entities,Architectures or entities,Compilation of Changes
2026.05,M,H04L 65/1053,H04L 65/1053,IP private branch exchange [PBX] functionality entities or arrangements (circuit switched PBXs H04M3/00),IP private branch exchange [PBX] functionality entities or arrangements (circuit switched PBXs H04M3/00),Compilation of Changes
2026.05,M,H04L 65/1055,H04L 65/1055,Single-site,Single-site,Compilation of Changes
2026.05,U,H04L 65/1066,H04L 65/1066,Session management,Session management,Compilation of Changes
2026.05,M,H04L 65/1083,H04L 65/1083,In-session procedures,In-session procedures,Compilation of Changes
2026.05,M,H04L 65/1094,H04L 65/1094,Inter-user-equipment sessions transfer or sharing,Inter-user-equipment sessions transfer or sharing,Compilation of Changes
2026.05,M,H04L 65/1095,H04L 65/1095,Inter-network session transfer or sharing,Inter-network session transfer or sharing,Compilation of Changes
2026.05,M,H04L 65/1101,H04L 65/1101,Session protocols,Session protocols,Compilation of Changes
2026.05,M,H04L 65/1108,H04L 65/1108,"Web based protocols, e.g. webRTC","Web based protocols, e.g. webRTC",Compilation of Changes
2026.05,M,H04L 65/04,H04L 65/04,Support for services or applications,Support for services or applications,Compilation of Changes
2026.05,M,H04L 65/401,H04L 65/401,"wherein the services involve a main real-time session and one or more additional parallel real-time or time sensitive sessions, e.g. white board sharing or spawning of a subconference","wherein the services involve a main real-time session and one or more additional parallel real-time or time sensitive sessions, e.g. white board sharing or spawning of a subconference",Compilation of Changes
2026.05,M,H04L 65/402,H04L 65/402,"wherein the services involve a main real-time session and one or more additional parallel non-real time sessions, e.g. downloading a file in a parallel FTP session, initiating an email or combinational services","wherein the services involve a main real-time session and one or more additional parallel non-real time sessions, e.g. downloading a file in a parallel FTP session, initiating an email or combinational services",Compilation of Changes
2026.05,M,H04L 65/403,H04L 65/403,"Arrangements for multi-party communication, e.g. for conferences (data switching systems for conference H04L12/18; arrangements for connecting several subscribers to a common circuit, i.e. affording conference facilities H04M3/56; television conferencing systems H04N7/15)","Arrangements for multi-party communication, e.g. for conferences (data switching systems for conference H04L12/18; arrangements for connecting several subscribers to a common circuit, i.e. affording conference facilities H04M3/56; television conferencing systems H04N7/15)",Compilation of Changes
2026.05,M,H04L 65/4061,H04L 65/4061,"Push-to services, e.g. push-to-talk or push-to-video","Push-to services, e.g. push-to-talk or push-to-video",Compilation of Changes
2026.05,M,H04L 65/06,H04L 65/06,Network streaming of media packets,Network streaming of media packets,Compilation of Changes
2026.05,M,H04L 65/75,H04L 65/75,Media network packet handling,Media network packet handling,Compilation of Changes
2026.05,M,H04L 65/752,H04L 65/752,adapting media to network capabilities,adapting media to network capabilities,Compilation of Changes
2026.05,M,H04L 65/756,H04L 65/756,adapting media to device capabilities,adapting media to device capabilities,Compilation of Changes
2026.05,U,H04L 67/00,H04L 67/00,"Network arrangements or protocols for supporting network services or applications (user-to-user messaging H04L51/00; network arrangements, protocols or services for supporting real-time applications in data packet communications networks H04L65/00)","Network arrangements or protocols for supporting network services or applications (user-to-user messaging H04L51/00; network arrangements, protocols or services for supporting real-time applications in data packet communications networks H04L65/00)",Compilation of Changes
2026.05,M,H04L 67/01,H04L 67/01,Protocols,Protocols,Compilation of Changes
2026.05,M,H04L 67/02,H04L 67/02,"based on web technology, e.g. hypertext transfer protocol [HTTP]","based on web technology, e.g. hypertext transfer protocol [HTTP]",Compilation of Changes
2026.05,M,H04L 67/04,H04L 67/04,specially adapted for terminals or networks with limited capabilities; specially adapted for terminal portability,specially adapted for terminals or networks with limited capabilities; specially adapted for terminal portability,Compilation of Changes
2026.05,M,H04L 67/06,H04L 67/06,"specially adapted for file transfer, e.g. file transfer protocol [FTP]","specially adapted for file transfer, e.g. file transfer protocol [FTP]",Compilation of Changes
2026.05,M,H04L 67/08,H04L 67/08,"specially adapted for terminal emulation, e.g. Telnet","specially adapted for terminal emulation, e.g. Telnet",Compilation of Changes
2026.05,M,H04L 67/01,H04L 67/01,in which an application is distributed across nodes in the network (software deployment G06F8/60; multiprogramming arrangements G06F9/46),in which an application is distributed across nodes in the network (software deployment G06F8/60; multiprogramming arrangements G06F9/46),Compilation of Changes
2026.05,M,H04L 67/1001,H04L 67/1001,for accessing one among a plurality of replicated servers,for accessing one among a plurality of replicated servers,Compilation of Changes
2026.05,M,H04L 67/10015,H04L 67/10015,"{Access to distributed or replicated servers, e.g. using brokers}","{Access to distributed or replicated servers, e.g. using brokers}",Compilation of Changes
2026.05,M,H04L 67/1004,H04L 67/1004,Server selection for load balancing,Server selection for load balancing,Compilation of Changes
2026.05,M,H04L 67/1006,H04L 67/1006,"with static server selection, e.g. the same server being selected for a specific client","with static server selection, e.g. the same server being selected for a specific client",Compilation of Changes
2026.05,M,H04L 67/1008,H04L 67/1008,"based on parameters of servers, e.g. available memory or workload (monitoring of computer activity G06F11/30)","based on parameters of servers, e.g. available memory or workload (monitoring of computer activity G06F11/30)",Compilation of Changes
2026.05,M,H04L 67/101,H04L 67/101,based on network conditions,based on network conditions,Compilation of Changes
2026.05,M,H04L 67/1012,H04L 67/1012,based on compliance of requirements or conditions with available server resources,based on compliance of requirements or conditions with available server resources,Compilation of Changes
2026.05,M,H04L 67/1014,H04L 67/1014,based on the content of a request,based on the content of a request,Compilation of Changes
2026.05,M,H04L 67/1017,H04L 67/1017,based on a round robin mechanism,based on a round robin mechanism,Compilation of Changes
2026.05,M,H04L 67/1019,H04L 67/1019,Random or heuristic server selection,Random or heuristic server selection,Compilation of Changes
2026.05,M,H04L 67/1021,H04L 67/1021,based on client or server locations,based on client or server locations,Compilation of Changes
2026.05,M,H04L 67/1023,H04L 67/1023,based on a hash applied to IP addresses or costs,based on a hash applied to IP addresses or costs,Compilation of Changes
2026.05,M,H04L 67/1025,H04L 67/1025,Dynamic adaptation of the criteria on which the server selection is based,Dynamic adaptation of the criteria on which the server selection is based,Compilation of Changes
2026.05,M,H04L 67/1027,H04L 67/1027,Persistence of sessions during load balancing,Persistence of sessions during load balancing,Compilation of Changes
2026.05,M,H04L 67/1029,H04L 67/1029,using data related to the state of servers by a load balancer,using data related to the state of servers by a load balancer,Compilation of Changes
2026.05,M,H04L 67/1031,H04L 67/1031,"Controlling of the operation of servers by a load balancer, e.g. adding or removing servers that serve requests","Controlling of the operation of servers by a load balancer, e.g. adding or removing servers that serve requests",Compilation of Changes
2026.05,M,H04L 67/1034,H04L 67/1034,Reaction to server failures by a load balancer,Reaction to server failures by a load balancer,Compilation of Changes
2026.05,M,H04L 67/1036,H04L 67/1036,"Load balancing of requests to servers for services different from user content provisioning, e.g. load balancing across domain name servers","Load balancing of requests to servers for services different from user content provisioning, e.g. load balancing across domain name servers",Compilation of Changes
2026.05,M,H04L 67/1038,H04L 67/1038,Load balancing arrangements to avoid a single path through a load balancer,Load balancing arrangements to avoid a single path through a load balancer,Compilation of Changes
2026.05,M,H04L 67/104,H04L 67/104,Peer-to-peer [P2P] networks,Peer-to-peer [P2P] networks,Compilation of Changes
2026.05,M,H04L 67/1095,H04L 67/1095,"Replication or mirroring of data, e.g. scheduling or transport for data synchronisation between network nodes","Replication or mirroring of data, e.g. scheduling or transport for data synchronisation between network nodes",Compilation of Changes
2026.05,M,H04L 67/1097,H04L 67/1097,"for distributed storage of data in networks, e.g. transport arrangements for network file system [NFS], storage area networks [SAN] or network attached storage [NAS]","for distributed storage of data in networks, e.g. transport arrangements for network file system [NFS], storage area networks [SAN] or network attached storage [NAS]",Compilation of Changes
2026.05,M,H04L 67/12,H04L 67/12,"specially adapted for proprietary or special-purpose networking environments, e.g. medical networks, sensor networks, networks in vehicles or remote metering networks","specially adapted for proprietary or special-purpose networking environments, e.g. medical networks, sensor networks, networks in vehicles or remote metering networks",Compilation of Changes
2026.05,M,H04L 67/131,H04L 67/131,"Protocols for games, networked simulations or virtual reality","Protocols for games, networked simulations or virtual reality",Compilation of Changes
2026.05,M,H04L 67/133,H04L 67/133,Protocols for remote procedure calls [RPC],Protocols for remote procedure calls [RPC],Compilation of Changes
2026.05,M,H04L 67/1396,H04L 67/1396,specially adapted for monitoring users' activity,specially adapted for monitoring users' activity,Compilation of Changes
2026.05,M,H04L 67/2866,H04L 67/2866,Architectures; Arrangements,Architectures; Arrangements,Compilation of Changes
2026.05,M,H04L 67/05,H04L 67/05,Network services,Network services,Compilation of Changes
2026.05,U,H04L 69/00,H04L 69/00,"Network arrangements, protocols or services independent of the application payload and not provided for in the other groups of this subclass (networks security protocols H04L9/40; wireless communication networks H04W)","Network arrangements, protocols or services independent of the application payload and not provided for in the other groups of this subclass (networks security protocols H04L9/40; wireless communication networks H04W)",Compilation of Changes
2026.05,M,H04L 69/08,H04L 69/08,Protocols for interworking; Protocol conversion,Protocols for interworking; Protocol conversion,Compilation of Changes
2026.05,M,H04L 69/085,H04L 69/085,specially adapted for interworking of IP-based networks with other networks,specially adapted for interworking of IP-based networks with other networks,Compilation of Changes
2026.05,U,H04L 69/03,H04L 69/03,"Definitions, standards or architectural aspects of layered protocol stacks","Definitions, standards or architectural aspects of layered protocol stacks",Compilation of Changes
2026.05,M,H04L 69/32,H04L 69/32,"Architecture of open systems interconnection [OSI] 7-layer type protocol stacks, e.g. the interfaces between the data link level and the physical level","Architecture of open systems interconnection [OSI] 7-layer type protocol stacks, e.g. the interfaces between the data link level and the physical level",Compilation of Changes
2026.05,M,H04L 69/321,H04L 69/321,Interlayer communication protocols or service data unit [SDU] definitions; Interfaces between layers,Interlayer communication protocols or service data unit [SDU] definitions; Interfaces between layers,Compilation of Changes
2026.05,M,H04L 69/322,H04L 69/322,Intralayer communication protocols among peer entities or protocol data unit [PDU] definitions,Intralayer communication protocols among peer entities or protocol data unit [PDU] definitions,Compilation of Changes
2026.05,U,H04N 3/00,H04N 3/00,Scanning details of television systems; Combination thereof with generation of supply voltages,Scanning details of television systems; Combination thereof with generation of supply voltages,Compilation of Changes
2026.05,U,H04N 3/01,H04N 3/01,by means not exclusively optical-mechanical (H04N3/36 takes precedence),by means not exclusively optical-mechanical (H04N3/36 takes precedence),Compilation of Changes
2026.05,U,H04N 3/14,H04N 3/14,by means of electrically scanned solid-state devices (for picture generation H04N25/00),by means of electrically scanned solid-state devices (for picture generation H04N25/00),Compilation of Changes
2026.05,D,H04N 3/15,H04N 3/15,{for picture signal generation},{for picture signal generation},Compilation of Changes
2026.05,D,H04N 3/1506,H04N 3/1506,{with addressing of the image-sensor elements (H04N3/1575 takes precedence)},{with addressing of the image-sensor elements (H04N3/1575 takes precedence)},Compilation of Changes
2026.05,D,H04N 3/1512,H04N 3/1512,"{for MOS image-sensors, e.g. MOS-CCD (H04N3/1581 takes precedence)}","{for MOS image-sensors, e.g. MOS-CCD (H04N3/1581 takes precedence)}",Compilation of Changes
2026.05,D,H04N 3/1525,H04N 3/1525,"{with charge transfer within the image-sensor, e.g. time delay and integration (H04N3/1575 takes precedence)}","{with charge transfer within the image-sensor, e.g. time delay and integration (H04N3/1575 takes precedence)}",Compilation of Changes
2026.05,D,H04N 3/155,H04N 3/155,"{Control of the image-sensor operation, e.g. image processing within the image-sensor}","{Control of the image-sensor operation, e.g. image processing within the image-sensor}",Compilation of Changes
2026.05,D,H04N 3/1556,H04N 3/1556,{for variable integration time},{for variable integration time},Compilation of Changes
2026.05,D,H04N 3/1562,H04N 3/1562,"{for selective scanning, e.g. windowing, zooming}","{for selective scanning, e.g. windowing, zooming}",Compilation of Changes
2026.05,D,H04N 3/1568,H04N 3/1568,"{for disturbance correction or prevention within the image-sensor, e.g. biasing, blooming, smearing (correction circuits H04N25/62)}","{for disturbance correction or prevention within the image-sensor, e.g. biasing, blooming, smearing (correction circuits H04N25/62)}",Compilation of Changes
2026.05,D,H04N 3/1575,H04N 3/1575,"{Picture signal readout register, e.g. shift registers, interline shift registers}","{Picture signal readout register, e.g. shift registers, interline shift registers}",Compilation of Changes
2026.05,D,H04N 3/1581,H04N 3/1581,{using linear image-sensor},{using linear image-sensor},Compilation of Changes
2026.05,M,H04N 25/00,H04N 25/00,Circuitry of solid-state image sensors [SSIS]; Control thereof,Circuitry of solid-state image sensors [SSIS]; Control thereof,Compilation of Changes
2026.05,M,H04N 25/04,H04N 25/04,"Extracting pixel data from image sensors by controlling scanning circuits, e.g. by modifying the number of pixels sampled or to be sampled","Extracting pixel data from image sensors by controlling scanning circuits, e.g. by modifying the number of pixels sampled or to be sampled",Compilation of Changes
2026.05,M,H04N 25/47,H04N 25/47,Image sensors with pixel address output; Event-driven image sensors; Selection of pixels to be read out based on image data,Image sensors with pixel address output; Event-driven image sensors; Selection of pixels to be read out based on image data,Compilation of Changes
2026.05,M,H04N 25/48,H04N 25/48,Increasing resolution by shifting the sensor relative to the scene,Increasing resolution by shifting the sensor relative to the scene,Compilation of Changes
2026.05,M,H04N 25/05,H04N 25/05,Control of the SSIS exposure,Control of the SSIS exposure,Compilation of Changes
2026.05,M,H04N 25/06,H04N 25/06,"Noise processing, e.g. detecting, correcting, reducing or removing noise","Noise processing, e.g. detecting, correcting, reducing or removing noise",Compilation of Changes
2026.05,U,H04N 25/07,H04N 25/07,SSIS architectures; Circuits associated therewith,SSIS architectures; Circuits associated therewith,Compilation of Changes
2026.05,M,H04N 25/701,H04N 25/701,Line sensors,Line sensors,Compilation of Changes
2026.05,M,H04N 25/71,H04N 25/71,Charge-coupled device [CCD] sensors; Charge-transfer registers specially adapted for CCD sensors,Charge-coupled device [CCD] sensors; Charge-transfer registers specially adapted for CCD sensors,Compilation of Changes
2026.05,M,H04N 25/711,H04N 25/711,Time delay and integration [TDI] registers; TDI shift registers,Time delay and integration [TDI] registers; TDI shift registers,Compilation of Changes
2026.05,M,H04N 25/713,H04N 25/713,Transfer or readout registers; Split readout registers or multiple readout registers,Transfer or readout registers; Split readout registers or multiple readout registers,Compilation of Changes
2026.05,M,H04N 25/76,H04N 25/76,"Addressed sensors, e.g. MOS or CMOS sensors","Addressed sensors, e.g. MOS or CMOS sensors",Compilation of Changes
2026.05,M,H04N 25/767,H04N 25/767,"Horizontal readout lines, multiplexers or registers","Horizontal readout lines, multiplexers or registers",Compilation of Changes
2026.05,U,H04W 74/00,H04W 74/00,Wireless channel access,Wireless channel access,Compilation of Changes
2026.05,U,H04W 74/08,H04W 74/08,"Non-scheduled access, e.g. ALOHA (hybrid access H04W74/02)","Non-scheduled access, e.g. ALOHA (hybrid access H04W74/02)",Compilation of Changes
2026.05,M,H04W 74/0833,H04W 74/0833,"Random access procedures, e.g. with 4-step access","Random access procedures, e.g. with 4-step access",Compilation of Changes
2026.05,M,H04W 74/0836,H04W 74/0836,with 2-step access,with 2-step access,Compilation of Changes
2026.05,M,H04W 74/0838,H04W 74/0838,using contention-free random access [CFRA],using contention-free random access [CFRA],Compilation of Changes
2026.05,U,H05B 47/00,H05B 47/00,"Circuit arrangements for operating light sources in general, i.e. where the type of light source is not relevant","Circuit arrangements for operating light sources in general, i.e. where the type of light source is not relevant",Compilation of Changes
2026.05,U,H05B 47/01,H05B 47/01,Controlling the light source,Controlling the light source,Compilation of Changes
2026.05,M,H05B 47/17,H05B 47/17,"Operational modes, e.g. switching from manual to automatic mode or prohibiting specific operations","Operational modes, e.g. switching from manual to automatic mode or prohibiting specific operations",Compilation of Changes
2026.05,M,H05B 47/172,H05B 47/172,{Emergency operational modes},{Emergency operational modes},Compilation of Changes
2026.05,M,H05B 47/175,H05B 47/175,by remote control,by remote control,Compilation of Changes
2026.05,M,H05B 47/18,H05B 47/18,via data-bus transmission,via data-bus transmission,Compilation of Changes
2026.05,M,H05B 47/183,H05B 47/183,{using digital addressable lighting interface [DALI] communication protocols},{using digital addressable lighting interface [DALI] communication protocols},Compilation of Changes
2026.05,M,H05B 47/184,H05B 47/184,{using digital multiplexed [DMX] communication protocols},{using digital multiplexed [DMX] communication protocols},Compilation of Changes
2026.05,M,H05B 47/185,H05B 47/185,via power line carrier transmission,via power line carrier transmission,Compilation of Changes
2026.05,M,H05B 47/187,H05B 47/187,{using power over ethernet [PoE] supplies},{using power over ethernet [PoE] supplies},Compilation of Changes
2026.05,M,H05B 47/19,H05B 47/19,via wireless transmission,via wireless transmission,Compilation of Changes
2026.05,M,H05B 47/195,H05B 47/195,the transmission using visible or infrared light,the transmission using visible or infrared light,Compilation of Changes
2026.05,M,H05B 47/196,H05B 47/196,{characterised by user interface arrangements},{characterised by user interface arrangements},Compilation of Changes
2026.05,M,H05B 47/198,H05B 47/198,{Grouping of control procedures or address assignation to light sources},{Grouping of control procedures or address assignation to light sources},Compilation of Changes
2026.05,U,H10W 40/00,H10W 40/00,Arrangements for thermal protection or thermal control (integrated devices comprising arrangements for thermal protection H10D89/60),Arrangements for thermal protection or thermal control (integrated devices comprising arrangements for thermal protection H10D89/60),Compilation of Changes
2026.05,C,H10W 40/01,H10W 40/01,Arrangements for heating,Arrangements for heating,Compilation of Changes
2026.05,M,H10W 40/02,H10W 40/02,Arrangements for cooling,Arrangements for cooling,Compilation of Changes
2026.05,U,H10W 72/00,H10W 72/00,Interconnections or connectors in packages,Interconnections or connectors in packages,Compilation of Changes
2026.05,U,H10W 72/071,H10W 72/071,{Connecting or disconnecting},{Connecting or disconnecting},Compilation of Changes
2026.05,U,H10W 72/075,H10W 72/075,{of bond wires},{of bond wires},Compilation of Changes
2026.05,M,H10W 72/07551,H10W 72/07551,{characterised by changes in properties of the bond wires during the connecting},{characterised by changes in properties of the bond wires during the connecting},Compilation of Changes
2026.05,U,H10W 72/07552,H10W 72/07552,{changes in structures or sizes},{changes in structures or sizes},Compilation of Changes
2026.05,U,H10W 72/07553,H10W 72/07553,{changes in shapes},{changes in shapes},Compilation of Changes
2026.05,U,H10W 72/07554,H10W 72/07554,{changes in dispositions},{changes in dispositions},Compilation of Changes
2026.05,U,H10W 72/07555,H10W 72/07555,{changes in materials},{changes in materials},Compilation of Changes
