改正時期,改正種別,改正前CPC,改正後CPC,改正前標題,改正後標題,資料種別
2024.05,M,A61H 1/00,A61H 1/00,"Apparatus for passive exercising (A61H5/00 takes precedence); Vibrating apparatus {(driving means for vibrating A61H23/00)};  Chiropractic devices, e.g. body impacting devices, external devices for briefly extending or aligning unbroken bones","Apparatus for passive exercising (A61H5/00 takes precedence); Vibrating apparatus {(driving means for vibrating A61H23/00)};  Chiropractic devices, e.g. body impacting devices, external devices for briefly extending or aligning unbroken bones",Compilation of Changes
2024.05,M,A61H 1/003,A61H 1/003,{Rocking or oscillating around a horizontal axis transversaltransverse to the body},{Rocking or oscillating around a horizontal axis transversaltransverse to the body},Compilation of Changes
2024.05,M,A61H 1/005,A61H 1/005,"{Moveable platformplatforms, e.g. vibrating or oscillating platformplatforms for standing, sitting, laying, or leaning}","{Moveable platformplatforms, e.g. vibrating or oscillating platformplatforms for standing, sitting, laying, or leaning}",Compilation of Changes
2024.05,U,A61H 1/02,A61H 1/02,Stretching or bending {or torsioning} apparatus for exercising,Stretching or bending {or torsioning} apparatus for exercising,Compilation of Changes
2024.05,M,A61H 1/0218,A61H 1/0218,{Drawing-out devices (suspension devices for supporting the patient in upright walking or standing position A61H3/008; orthopedic devices for non-surgical treatment A61F5/01; stretching fractured limbs A61F5/04)},{Drawing-out devices (suspension devices for supporting the patient in upright walking or standing position A61H3/008; orthopedic devices for non-surgical treatment A61F5/01; stretching fractured limbs A61F5/04)},Compilation of Changes
2024.05,M,A61H 1/0229,A61H 1/0229,"{by reducing gravity forces normally applied to the body, e.g. by lifting or hanging the body or part of it (suspension devices for supporting the patient in upright walking or standing position A61H3/008)}","{by reducing gravity forces normally applied to the body, e.g. by lifting or hanging the body or part of it (suspension devices for supporting the patient in upright walking or standing position A61H3/008)}",Compilation of Changes
2024.05,U,A61H 1/0237,A61H 1/0237,{for the lower limbs},{for the lower limbs},Compilation of Changes
2024.05,M,A61H 1/0255,A61H 1/0255,"{Both knee and hip of a patient, e.g. in supine or sitting position, the feet being moved together in a plane substantially parallel to the body-symmetrical- plane (A61H1/0214 takes precedence)}","{Both knee and hip of a patient, e.g. in supine or sitting position, the feet being moved together in a plane substantially parallel to the body-symmetrical- plane (A61H1/0214 takes precedence)}",Compilation of Changes
2024.05,M,A61H 3/00,A61H 3/00,"Appliances for aiding patients or disabled persons to walk about (apparatus for helping babies to walk A47D13/04 {; {orthopaedic devices for correcting deformities of, or supporting, limbs A61F5/0102}; exercising apparatus for the feet or toes A63B23/10; {stairways or ramps E04F11/00}; applying electrical currents by contact electrodes for stimulating motor muscles, e.g. walking assistance A61N1/36003})","Appliances for aiding patients or disabled persons to walk about (apparatus for helping babies to walk A47D13/04 {; {orthopaedic devices for correcting deformities of, or supporting, limbs A61F5/0102}; exercising apparatus for the feet or toes A63B23/10; {stairways or ramps E04F11/00}; applying electrical currents by contact electrodes for stimulating motor muscles, e.g. walking assistance A61N1/36003})",Compilation of Changes
2024.05,M,A61H 3/008,A61H 3/008,"{Usingusing suspension devices for supporting the body in an upright walking or standing position, e.g. harnesses (drawing-out devices A61H1/0218)}","{Usingusing suspension devices for supporting the body in an upright walking or standing position, e.g. harnesses (drawing-out devices A61H1/0218)}",Compilation of Changes
2024.05,U,A61H 3/02,A61H 3/02,Crutches,Crutches,Compilation of Changes
2024.05,U,A61H 3/0244,A61H 3/0244,{Arrangements for storing or keeping upright when not in use},{Arrangements for storing or keeping upright when not in use},Compilation of Changes
2024.05,M,A61H 2003/0272,A61H 2003/0272,"{on a single crutch allowing it to remain upright when not in use, e.g. retractable tripods (A61H2003/0205 takes precedence)}","{on a single crutch allowing it to remain upright when not in use, e.g. retractable tripods (A61H2003/0205 takes precedence)}",Compilation of Changes
2024.05,M,A61H 3/0288,A61H 3/0288,{Ferrules or tips therefor (for walking sticks or umbrellas A45B9/04)},{Ferrules or tips therefor (for walking sticks or umbrellas A45B9/04)},Compilation of Changes
2024.05,M,A61H 3/04,A61H 3/04,Wheeled walking aids for disabled persons {patients or disabled persons(A61H3/06 takes precedence)},Wheeled walking aids for disabled persons {patients or disabled persons(A61H3/06 takes precedence)},Compilation of Changes
2024.05,U,A61K 36/00,A61K 36/00,"Medicinal preparations of undetermined constitution containing material from algae, lichens, fungi or plants, or derivatives thereof, e.g. traditional herbal medicines {(antigens from pollen A61K39/36)}","Medicinal preparations of undetermined constitution containing material from algae, lichens, fungi or plants, or derivatives thereof, e.g. traditional herbal medicines {(antigens from pollen A61K39/36)}",Compilation of Changes
2024.05,U,A61K 36/06,A61K 36/06,"Fungi, e.g. yeasts","Fungi, e.g. yeasts",Compilation of Changes
2024.05,C,A61K 36/07,A61K 36/07,"Basidiomycota, e.g. Cryptococcus","Basidiomycota, e.g. Cryptococcus",Compilation of Changes
2024.05,N,A61K 36/071,A61K 36/071,{Agaricus},{Agaricus},Compilation of Changes
2024.05,U,A61K 36/074,A61K 36/074,Ganoderma,Ganoderma,Compilation of Changes
2024.05,U,A61K 36/076,A61K 36/076,Poria,Poria,Compilation of Changes
2024.05,N,A61K 36/078,A61K 36/078,{Psilocybe},{Psilocybe},Compilation of Changes
2024.05,M,A61K 36/01,A61K 36/01,Bryophyta (mosses),Bryophyta (mosses),Compilation of Changes
2024.05,C,A61K 36/18,A61K 36/18,Magnoliophyta (angiosperms),Magnoliophyta (angiosperms),Compilation of Changes
2024.05,C,A61K 36/185,A61K 36/185,Magnoliopsida (dicotyledons),Magnoliopsida (dicotyledons),Compilation of Changes
2024.05,U,A61K 36/34,A61K 36/34,Campanulaceae (Bellflower family),Campanulaceae (Bellflower family),Compilation of Changes
2024.05,U,A61K 36/346,A61K 36/346,Platycodon,Platycodon,Compilation of Changes
2024.05,N,A61K 36/348,A61K 36/348,{Cannabaceae},{Cannabaceae},Compilation of Changes
2024.05,N,A61K 36/3482,A61K 36/3482,{Cannabis},{Cannabis},Compilation of Changes
2024.05,N,A61K 36/3486,A61K 36/3486,{Humulus},{Humulus},Compilation of Changes
2024.05,U,A61K 36/35,A61K 36/35,Caprifoliaceae (Honeysuckle family),Caprifoliaceae (Honeysuckle family),Compilation of Changes
2024.05,U,A61K 36/57,A61K 36/57,Magnoliaceae (Magnolia family),Magnoliaceae (Magnolia family),Compilation of Changes
2024.05,U,A61K 36/575,A61K 36/575,Magnolia,Magnolia,Compilation of Changes
2024.05,N,A61K 36/577,A61K 36/577,{Malvaceae (Mallow family)},{Malvaceae (Mallow family)},Compilation of Changes
2024.05,N,A61K 36/5775,A61K 36/5775,{Hibiscus},{Hibiscus},Compilation of Changes
2024.05,N,A61K 36/5777,A61K 36/5777,"{Theobroma, e.g. cocao or cocoa}","{Theobroma, e.g. cocao or cocoa}",Compilation of Changes
2024.05,U,A61K 36/58,A61K 36/58,"Meliaceae (Chinaberry or Mahogany family), e.g. Azadirachta (neem)","Meliaceae (Chinaberry or Mahogany family), e.g. Azadirachta (neem)",Compilation of Changes
2024.05,C,A61K 36/74,A61K 36/74,Rubiaceae (Madder family),Rubiaceae (Madder family),Compilation of Changes
2024.05,N,A61K 36/742,A61K 36/742,"{Coffea, e.g. coffee}","{Coffea, e.g. coffee}",Compilation of Changes
2024.05,U,A61K 36/744,A61K 36/744,Gardenia,Gardenia,Compilation of Changes
2024.05,U,A61M 1/00,A61M 1/00,"Suction or pumping devices for medical purposes; Devices for carrying-off, for treatment of, or for carrying-over, body-liquids; Drainage systems (catheters A61M25/00; tube connectors, tube couplings, valves or branch units specially adapted for medical use A61M39/00; devices for taking samples of blood A61B5/15; filters implantable into blood vessels A61F2/01)","Suction or pumping devices for medical purposes; Devices for carrying-off, for treatment of, or for carrying-over, body-liquids; Drainage systems (catheters A61M25/00; tube connectors, tube couplings, valves or branch units specially adapted for medical use A61M39/00; devices for taking samples of blood A61B5/15; filters implantable into blood vessels A61F2/01)",Compilation of Changes
2024.05,M,A61M 1/14,A61M 1/14,"Dialysis systems; Artificial kidneys; Blood oxygenators (semi-permeable membranes characterised by the material, manufacturing processes therefor B01D71/00) {; Reciprocating systems for treatment of body fluids, e.g. single needle systems for hemofiltration or pheresis}","Dialysis systems; Artificial kidneys; Blood oxygenators (semi-permeable membranes characterised by the material, manufacturing processes therefor B01D71/00) {; Reciprocating systems for treatment of body fluids, e.g. single needle systems for hemofiltration or pheresis}",Compilation of Changes
2024.05,M,A61M 1/15,A61M 1/15,"{with a cassette forming partially or totally the flow circuit for the treating fluid, e.g. the dialysate fluid circuit or the treating gas circuit}","{with a cassette forming partially or totally the flow circuit for the treating fluid, e.g. the dialysate fluid circuit or the treating gas circuit}",Compilation of Changes
2024.05,U,A61M 1/156,A61M 1/156,"{Constructional details of the cassette, e.g. specific details on material or shape}","{Constructional details of the cassette, e.g. specific details on material or shape}",Compilation of Changes
2024.05,M,A61M 1/1561,A61M 1/1561,"{at least one cassette surface or portion thereof being flexible, e.g. the cassette having a rigid base portion with preformed channels and being covered with a foil}","{at least one cassette surface or portion thereof being flexible, e.g. the cassette having a rigid base portion with preformed channels and being covered with a foil}",Compilation of Changes
2024.05,U,A61M 1/1562,A61M 1/1562,{Details of incorporated reservoirs},{Details of incorporated reservoirs},Compilation of Changes
2024.05,M,A61M 1/15625,A61M 1/15625,{the reservoirs acting as balance chambers},{the reservoirs acting as balance chambers},Compilation of Changes
2024.05,M,A61M 1/159,A61M 1/159,{specially adapted for peritoneal dialysis},{specially adapted for peritoneal dialysis},Compilation of Changes
2024.05,M,A61M 1/16,A61M 1/16,with membranes,with membranes,Compilation of Changes
2024.05,M,A61M 1/1601,A61M 1/1601,{Control or regulation},{Control or regulation},Compilation of Changes
2024.05,M,A61M 1/1603,A61M 1/1603,{Regulation parameters},{Regulation parameters},Compilation of Changes
2024.05,M,A61M 1/1605,A61M 1/1605,{Physical characteristics of the dialysate fluid},{Physical characteristics of the dialysate fluid},Compilation of Changes
2024.05,M,A61M 1/1607,A61M 1/1607,"{before use, i.e. upstream of dialyser}","{before use, i.e. upstream of dialyser}",Compilation of Changes
2024.05,M,A61M 1/1609,A61M 1/1609,"{after use, i.e. downstream of dialyser}","{after use, i.e. downstream of dialyser}",Compilation of Changes
2024.05,M,A61M 1/1611,A61M 1/1611,{Weight of the patient},{Weight of the patient},Compilation of Changes
2024.05,M,A61M 1/1613,A61M 1/1613,{Profiling or modelling of patient or predicted treatment evolution or outcome},{Profiling or modelling of patient or predicted treatment evolution or outcome},Compilation of Changes
2024.05,M,A61M 1/1615,A61M 1/1615,{using measurements made at different flow rates},{using measurements made at different flow rates},Compilation of Changes
2024.05,M,A61M 1/1617,A61M 1/1617,{using measurements made during a temporary variation of a characteristic of the fresh dialysis fluid},{using measurements made during a temporary variation of a characteristic of the fresh dialysis fluid},Compilation of Changes
2024.05,M,A61M 1/1619,A61M 1/1619,"{Sampled collection of used dialysate, i.e. obviating the need for recovery of whole dialysate quantity for post-dialysis analysis}","{Sampled collection of used dialysate, i.e. obviating the need for recovery of whole dialysate quantity for post-dialysis analysis}",Compilation of Changes
2024.05,M,A61M 1/1621,A61M 1/1621,{Constructional aspects thereof (semi-permeable membranes for separation processes characterised by their properties B01D69/00; semi permeable membranes characterised by their material B01D71/00)},{Constructional aspects thereof (semi-permeable membranes for separation processes characterised by their properties B01D69/00; semi permeable membranes characterised by their material B01D71/00)},Compilation of Changes
2024.05,M,A61M 1/1623,A61M 1/1623,{Disposition or location of membranes relative to fluids},{Disposition or location of membranes relative to fluids},Compilation of Changes
2024.05,M,A61M 1/1625,A61M 1/1625,"{Dialyser of the outside perfusion type, i.e. blood flow outside hollow membrane fibres or tubes}","{Dialyser of the outside perfusion type, i.e. blood flow outside hollow membrane fibres or tubes}",Compilation of Changes
2024.05,M,A61M 1/1627,A61M 1/1627,"{Dialyser of the inside perfusion type, i.e. blood flow inside hollow membrane fibres or tubes}","{Dialyser of the inside perfusion type, i.e. blood flow inside hollow membrane fibres or tubes}",Compilation of Changes
2024.05,M,A61M 1/1629,A61M 1/1629,{with integral heat exchanger},{with integral heat exchanger},Compilation of Changes
2024.05,M,A61M 1/1631,A61M 1/1631,"{having non-tubular membranes, e.g. sheets}","{having non-tubular membranes, e.g. sheets}",Compilation of Changes
2024.05,M,A61M 1/1633,A61M 1/1633,{with more than one dialyser unit},{with more than one dialyser unit},Compilation of Changes
2024.05,M,A61M 1/1635,A61M 1/1635,{with volume chamber balancing devices between used and fresh dialysis fluid},{with volume chamber balancing devices between used and fresh dialysis fluid},Compilation of Changes
2024.05,M,A61M 1/1637,A61M 1/1637,{containing the whole volume of dialysis fluid used during a treatment session},{containing the whole volume of dialysis fluid used during a treatment session},Compilation of Changes
2024.05,M,A61M 1/1639,A61M 1/1639,{linked by membranes},{linked by membranes},Compilation of Changes
2024.05,M,A61M 1/1641,A61M 1/1641,{linked by pistons},{linked by pistons},Compilation of Changes
2024.05,M,A61M 1/1643,A61M 1/1643,{with weighing of fresh and used dialysis fluid},{with weighing of fresh and used dialysis fluid},Compilation of Changes
2024.05,M,A61M 1/1645,A61M 1/1645,"{with mechanically linked peristaltic dialysis fluid pumps one upstream, the other one downstream of the dialyser}","{with mechanically linked peristaltic dialysis fluid pumps one upstream, the other one downstream of the dialyser}",Compilation of Changes
2024.05,M,A61M 1/1647,A61M 1/1647,"{with flow rate measurement of the dialysis fluid, upstream and downstream of the dialyser}","{with flow rate measurement of the dialysis fluid, upstream and downstream of the dialyser}",Compilation of Changes
2024.05,M,A61M 1/1649,A61M 1/1649,{with pulsatile dialysis fluid flow},{with pulsatile dialysis fluid flow},Compilation of Changes
2024.05,M,A61M 1/165,A61M 1/165,{with a dialyser bypass on the dialysis fluid line},{with a dialyser bypass on the dialysis fluid line},Compilation of Changes
2024.05,M,A61M 1/1652,A61M 1/1652,{Holding or locking systems for the membrane unit},{Holding or locking systems for the membrane unit},Compilation of Changes
2024.05,M,A61M 1/1654,A61M 1/1654,{Dialysates therefor},{Dialysates therefor},Compilation of Changes
2024.05,M,A61M 1/1656,A61M 1/1656,{Apparatus for preparing dialysates},{Apparatus for preparing dialysates},Compilation of Changes
2024.05,M,A61M 1/1657,A61M 1/1657,{with centralised supply of dialysate or constituent thereof for more than one dialysis unit},{with centralised supply of dialysate or constituent thereof for more than one dialysis unit},Compilation of Changes
2024.05,M,A61M 1/1658,A61M 1/1658,{Degasification},{Degasification},Compilation of Changes
2024.05,M,A61M 1/166,A61M 1/166,{Heating (for sterilisation A61M1/1686)},{Heating (for sterilisation A61M1/1686)},Compilation of Changes
2024.05,M,A61M 1/1662,A61M 1/1662,{with heat exchange between fresh and used dialysate},{with heat exchange between fresh and used dialysate},Compilation of Changes
2024.05,M,A61M 1/1664,A61M 1/1664,{with temperature control},{with temperature control},Compilation of Changes
2024.05,M,A61M 1/1666,A61M 1/1666,{by dissolving solids},{by dissolving solids},Compilation of Changes
2024.05,M,A61M 1/1668,A61M 1/1668,{Details of containers},{Details of containers},Compilation of Changes
2024.05,M,A61M 1/167,A61M 1/167,{Flexible packaging for solid concentrates},{Flexible packaging for solid concentrates},Compilation of Changes
2024.05,M,A61M 1/1672,A61M 1/1672,"{using membrane filters, e.g. for sterilising the dialysate}","{using membrane filters, e.g. for sterilising the dialysate}",Compilation of Changes
2024.05,M,A61M 1/1674,A61M 1/1674,{using UV radiation sources for sterilising the dialysate},{using UV radiation sources for sterilising the dialysate},Compilation of Changes
2024.05,M,A61M 1/1676,A61M 1/1676,"{containing proteins, e.g. albumin}","{containing proteins, e.g. albumin}",Compilation of Changes
2024.05,M,A61M 1/1678,A61M 1/1678,{intracorporal (peritoneal dialysis A61M1/28)},{intracorporal (peritoneal dialysis A61M1/28)},Compilation of Changes
2024.05,M,A61M 1/168,A61M 1/168,{Sterilisation or cleaning before or after use},{Sterilisation or cleaning before or after use},Compilation of Changes
2024.05,M,A61M 1/1682,A61M 1/1682,"{both machine and membrane module, i.e. also the module blood side}","{both machine and membrane module, i.e. also the module blood side}",Compilation of Changes
2024.05,M,A61M 1/1684,A61M 1/1684,{Checking the module characteristics before reuse},{Checking the module characteristics before reuse},Compilation of Changes
2024.05,M,A61M 1/1686,A61M 1/1686,{by heat},{by heat},Compilation of Changes
2024.05,M,A61M 1/1688,A61M 1/1688,{with recirculation of the sterilising fluid},{with recirculation of the sterilising fluid},Compilation of Changes
2024.05,M,A61M 1/169,A61M 1/169,{using chemical substances},{using chemical substances},Compilation of Changes
2024.05,M,A61M 1/1692,A61M 1/1692,{Detection of blood traces in dialysate},{Detection of blood traces in dialysate},Compilation of Changes
2024.05,M,A61M 1/1694,A61M 1/1694,{with recirculating dialysing liquid},{with recirculating dialysing liquid},Compilation of Changes
2024.05,M,A61M 1/1696,A61M 1/1696,{with dialysate regeneration},{with dialysate regeneration},Compilation of Changes
2024.05,M,A61M 1/1698,A61M 1/1698,{Blood oxygenators with or without heat-exchangers (intracorporal A61M1/1678; manufacturing of membranes therefor B01D67/00; semi-permeable membranes for separation processes characterised by their properties B01D69/00; semi-permeable membranes characterised by their material B01D71/00)},{Blood oxygenators with or without heat-exchangers (intracorporal A61M1/1678; manufacturing of membranes therefor B01D67/00; semi-permeable membranes for separation processes characterised by their properties B01D69/00; semi-permeable membranes characterised by their material B01D71/00)},Compilation of Changes
2024.05,M,A61M 1/26,A61M 1/26,{and internal elements} which are moving,{and internal elements} which are moving,Compilation of Changes
2024.05,M,A61M 1/262,A61M 1/262,{rotating},{rotating},Compilation of Changes
2024.05,M,A61M 1/265,A61M 1/265,{inducing Taylor vortices},{inducing Taylor vortices},Compilation of Changes
2024.05,M,A61M 1/267,A61M 1/267,{used for pumping},{used for pumping},Compilation of Changes
2024.05,M,A61M 1/28,A61M 1/28,"Peritoneal dialysis {; Other peritoneal treatment, e.g. oxygenation}","Peritoneal dialysis {; Other peritoneal treatment, e.g. oxygenation}",Compilation of Changes
2024.05,M,A61M 1/281,A61M 1/281,{Instillation other than by gravity},{Instillation other than by gravity},Compilation of Changes
2024.05,M,A61M 1/282,A61M 1/282,{Operational modes},{Operational modes},Compilation of Changes
2024.05,M,A61M 1/284,A61M 1/284,{Continuous flow peritoneal dialysis [CFPD]},{Continuous flow peritoneal dialysis [CFPD]},Compilation of Changes
2024.05,M,A61M 1/285,A61M 1/285,{Catheters therefor},{Catheters therefor},Compilation of Changes
2024.05,M,A61M 1/287,A61M 1/287,{Dialysates therefor},{Dialysates therefor},Compilation of Changes
2024.05,M,A61M 1/288,A61M 1/288,{Priming (priming in extracorporeal blood circuits A61M1/3643)},{Priming (priming in extracorporeal blood circuits A61M1/3643)},Compilation of Changes
2024.05,M,A61M 1/03,A61M 1/03,"Single needle dialysis {; Reciprocating systems, alternately withdrawing blood from and returning it to the patient, e.g. single-lumen-needle dialysis or single needle systems for hemofiltration or pheresis}","Single needle dialysis {; Reciprocating systems, alternately withdrawing blood from and returning it to the patient, e.g. single-lumen-needle dialysis or single needle systems for hemofiltration or pheresis}",Compilation of Changes
2024.05,M,A61M 1/301,A61M 1/301,{Details},{Details},Compilation of Changes
2024.05,M,A61M 1/302,A61M 1/302,{having a reservoir for withdrawn untreated blood},{having a reservoir for withdrawn untreated blood},Compilation of Changes
2024.05,M,A61M 1/303,A61M 1/303,{having a reservoir for treated blood to be returned},{having a reservoir for treated blood to be returned},Compilation of Changes
2024.05,M,A61M 1/304,A61M 1/304,"{Treatment chamber used as reservoir, e.g. centrifuge bowl or filter with movable membrane}","{Treatment chamber used as reservoir, e.g. centrifuge bowl or filter with movable membrane}",Compilation of Changes
2024.05,M,A61M 1/305,A61M 1/305,{Control of inversion point between collection and re-infusion phase},{Control of inversion point between collection and re-infusion phase},Compilation of Changes
2024.05,M,A61M 1/306,A61M 1/306,"{Pressure control, e.g. using substantially rigid closed or gas buffered or elastic reservoirs}","{Pressure control, e.g. using substantially rigid closed or gas buffered or elastic reservoirs}",Compilation of Changes
2024.05,M,A61M 1/307,A61M 1/307,{Time control},{Time control},Compilation of Changes
2024.05,M,A61M 1/308,A61M 1/308,"{Volume control, e.g. with open or flexible containers, by counting the number of pump revolutions, weighing}","{Volume control, e.g. with open or flexible containers, by counting the number of pump revolutions, weighing}",Compilation of Changes
2024.05,M,A61M 1/309,A61M 1/309,{with trans-membrane pressure [TMP] increasing substantially continuously during arterial phase},{with trans-membrane pressure [TMP] increasing substantially continuously during arterial phase},Compilation of Changes
2024.05,M,A61M 1/32,A61M 1/32,Oxygenators without membranes,Oxygenators without membranes,Compilation of Changes
2024.05,M,A61M 1/322,A61M 1/322,{Antifoam; Defoaming},{Antifoam; Defoaming},Compilation of Changes
2024.05,M,A61M 1/325,A61M 1/325,{Surfactant coating; Improving wettability},{Surfactant coating; Improving wettability},Compilation of Changes
2024.05,M,A61M 1/327,A61M 1/327,{using catalytic production of oxygen},{using catalytic production of oxygen},Compilation of Changes
2024.05,M,A61M 1/34,A61M 1/34,"Filtering material out of the blood by passing it through a membrane, i.e. hemofiltration or diafiltration","Filtering material out of the blood by passing it through a membrane, i.e. hemofiltration or diafiltration",Compilation of Changes
2024.05,M,A61M 1/3401,A61M 1/3401,{Cassettes therefor},{Cassettes therefor},Compilation of Changes
2024.05,M,A61M 1/3403,A61M 1/3403,{Regulation parameters},{Regulation parameters},Compilation of Changes
2024.05,M,A61M 1/3406,A61M 1/3406,"{Physical characteristics of the filtrate, e.g. urea}","{Physical characteristics of the filtrate, e.g. urea}",Compilation of Changes
2024.05,M,A61M 1/341,A61M 1/341,{by measuring the filtrate rate or volume},{by measuring the filtrate rate or volume},Compilation of Changes
2024.05,M,A61M 1/3413,A61M 1/3413,{Diafiltration},{Diafiltration},Compilation of Changes
2024.05,M,A61M 1/3417,A61M 1/3417,{using distinct filters for dialysis and ultra-filtration},{using distinct filters for dialysis and ultra-filtration},Compilation of Changes
2024.05,M,A61M 1/342,A61M 1/342,"{Adding solutions to the blood, e.g. substitution solutions (for preventing coagulation A61M1/3672)}","{Adding solutions to the blood, e.g. substitution solutions (for preventing coagulation A61M1/3672)}",Compilation of Changes
2024.05,M,A61M 1/3424,A61M 1/3424,{Substitution fluid path},{Substitution fluid path},Compilation of Changes
2024.05,M,A61M 1/3427,A61M 1/3427,"{back through the membrane, e.g. by inverted trans-membrane pressure [TMP]}","{back through the membrane, e.g. by inverted trans-membrane pressure [TMP]}",Compilation of Changes
2024.05,M,A61M 1/3431,A61M 1/3431,{upstream of the filter},{upstream of the filter},Compilation of Changes
2024.05,M,A61M 1/3434,A61M 1/3434,{with pre-dilution and post-dilution},{with pre-dilution and post-dilution},Compilation of Changes
2024.05,M,A61M 1/3437,A61M 1/3437,"{downstream of the filter, e.g. post-dilution with filtrate}","{downstream of the filter, e.g. post-dilution with filtrate}",Compilation of Changes
2024.05,M,A61M 1/3441,A61M 1/3441,{Substitution rate control as a function of the ultrafiltration rate},{Substitution rate control as a function of the ultrafiltration rate},Compilation of Changes
2024.05,M,A61M 1/3444,A61M 1/3444,{in which the collected ultra-filtrate expels an equal volume of substitution fluid from a reservoir},{in which the collected ultra-filtrate expels an equal volume of substitution fluid from a reservoir},Compilation of Changes
2024.05,M,A61M 1/3448,A61M 1/3448,{by mechanically linked pumps in both ultra-filtrate and substitution flow line},{by mechanically linked pumps in both ultra-filtrate and substitution flow line},Compilation of Changes
2024.05,M,A61M 1/3451,A61M 1/3451,{the difference in weight between both ultra-filtrate and substitution reservoir being used as control signal},{the difference in weight between both ultra-filtrate and substitution reservoir being used as control signal},Compilation of Changes
2024.05,M,A61M 1/3455,A61M 1/3455,{Substitution fluids},{Substitution fluids},Compilation of Changes
2024.05,M,A61M 1/3458,A61M 1/3458,{having electrolytes not present in the dialysate},{having electrolytes not present in the dialysate},Compilation of Changes
2024.05,M,A61M 1/3462,A61M 1/3462,{Circuits for the preparation thereof},{Circuits for the preparation thereof},Compilation of Changes
2024.05,M,A61M 1/3465,A61M 1/3465,{using dialysate as substitution fluid},{using dialysate as substitution fluid},Compilation of Changes
2024.05,M,A61M 1/3468,A61M 1/3468,{using treated filtrate as substitution fluid},{using treated filtrate as substitution fluid},Compilation of Changes
2024.05,M,A61M 1/3472,A61M 1/3472,{with treatment of the filtrate},{with treatment of the filtrate},Compilation of Changes
2024.05,M,A61M 1/3475,A61M 1/3475,{with filtrate treatment agent in the same enclosure as the membrane},{with filtrate treatment agent in the same enclosure as the membrane},Compilation of Changes
2024.05,M,A61M 1/3479,A61M 1/3479,{by dialysing the filtrate},{by dialysing the filtrate},Compilation of Changes
2024.05,M,A61M 1/3482,A61M 1/3482,"{by filtrating the filtrate using another cross-flow filter, e.g. a membrane filter}","{by filtrating the filtrate using another cross-flow filter, e.g. a membrane filter}",Compilation of Changes
2024.05,M,A61M 1/3486,A61M 1/3486,"{Biological, chemical treatment, e.g. chemical precipitation; treatment by absorbents}","{Biological, chemical treatment, e.g. chemical precipitation; treatment by absorbents}",Compilation of Changes
2024.05,M,A61M 1/3489,A61M 1/3489,"{by biological cells, e.g. bioreactor}","{by biological cells, e.g. bioreactor}",Compilation of Changes
2024.05,M,A61M 1/3493,A61M 1/3493,{using treatment agents in suspension},{using treatment agents in suspension},Compilation of Changes
2024.05,M,A61M 1/3496,A61M 1/3496,{Plasmapheresis; Leucopheresis; Lymphopheresis (A61M1/3472 takes precedence)},{Plasmapheresis; Leucopheresis; Lymphopheresis (A61M1/3472 takes precedence)},Compilation of Changes
2024.05,M,A61M 1/36,A61M 1/36,"Other treatment of blood in a by-pass of the natural circulatory system, e.g. temperature adaptation, irradiation {; Extra-corporeal blood circuits}","Other treatment of blood in a by-pass of the natural circulatory system, e.g. temperature adaptation, irradiation {; Extra-corporeal blood circuits}",Compilation of Changes
2024.05,M,A61M 1/3601,A61M 1/3601,{Extra-corporeal circuits in which the blood fluid passes more than once through the treatment unit},{Extra-corporeal circuits in which the blood fluid passes more than once through the treatment unit},Compilation of Changes
2024.05,M,A61M 1/3603,A61M 1/3603,{in the same direction},{in the same direction},Compilation of Changes
2024.05,M,A61M 1/3604,A61M 1/3604,{in opposite directions},{in opposite directions},Compilation of Changes
2024.05,M,A61M 1/3606,A61M 1/3606,{Arrangements for blood-volume reduction of extra-corporeal circuits},{Arrangements for blood-volume reduction of extra-corporeal circuits},Compilation of Changes
2024.05,M,A61M 1/3607,A61M 1/3607,{Regulation parameters},{Regulation parameters},Compilation of Changes
2024.05,M,A61M 1/3609,A61M 1/3609,"{Physical characteristics of the blood, e.g. haematocrit, urea}","{Physical characteristics of the blood, e.g. haematocrit, urea}",Compilation of Changes
2024.05,M,A61M 1/361,A61M 1/361,{before treatment},{before treatment},Compilation of Changes
2024.05,M,A61M 1/3612,A61M 1/3612,{after treatment},{after treatment},Compilation of Changes
2024.05,M,A61M 1/3613,A61M 1/3613,"{Reperfusion, e.g. of the coronary vessels, e.g. retroperfusion}","{Reperfusion, e.g. of the coronary vessels, e.g. retroperfusion}",Compilation of Changes
2024.05,M,A61M 1/3615,A61M 1/3615,{Cleaning blood contaminated by local chemotherapy of a body part temporarily isolated from the blood circuit},{Cleaning blood contaminated by local chemotherapy of a body part temporarily isolated from the blood circuit},Compilation of Changes
2024.05,M,A61M 1/3616,A61M 1/3616,{Batch-type treatment},{Batch-type treatment},Compilation of Changes
2024.05,M,A61M 1/3618,A61M 1/3618,{Magnetic separation},{Magnetic separation},Compilation of Changes
2024.05,M,A61M 1/362,A61M 1/362,"{changing physical properties of target cells by binding them to added particles to facilitate their subsequent separation from other cells, e.g. immunoaffinity}","{changing physical properties of target cells by binding them to added particles to facilitate their subsequent separation from other cells, e.g. immunoaffinity}",Compilation of Changes
2024.05,M,A61M 1/3621,A61M 1/3621,{Extra-corporeal blood circuits (single-needle circuits A61M1/30)},{Extra-corporeal blood circuits (single-needle circuits A61M1/30)},Compilation of Changes
2024.05,M,A61M 1/3622,A61M 1/3622,{with a cassette forming partially or totally the blood circuit},{with a cassette forming partially or totally the blood circuit},Compilation of Changes
2024.05,M,A61M 1/3623,A61M 1/3623,{Means for actively controlling temperature of blood},{Means for actively controlling temperature of blood},Compilation of Changes
2024.05,M,A61M 1/3624,A61M 1/3624,{Level detectors; Level control},{Level detectors; Level control},Compilation of Changes
2024.05,M,A61M 1/3626,A61M 1/3626,{Gas bubble detectors},{Gas bubble detectors},Compilation of Changes
2024.05,M,A61M 1/3627,A61M 1/3627,{Degassing devices; Buffer reservoirs; Drip chambers; Blood filters},{Degassing devices; Buffer reservoirs; Drip chambers; Blood filters},Compilation of Changes
2024.05,M,A61M 1/3629,A61M 1/3629,"{degassing by changing pump speed, e.g. during priming}","{degassing by changing pump speed, e.g. during priming}",Compilation of Changes
2024.05,M,A61M 1/363,A61M 1/363,{Degassing by using vibrations},{Degassing by using vibrations},Compilation of Changes
2024.05,M,A61M 1/3632,A61M 1/3632,{Combined venous-cardiotomy reservoirs},{Combined venous-cardiotomy reservoirs},Compilation of Changes
2024.05,M,A61M 1/3633,A61M 1/3633,"{Blood component filters, e.g. leukocyte filters}","{Blood component filters, e.g. leukocyte filters}",Compilation of Changes
2024.05,M,A61M 1/3635,A61M 1/3635,{Constructional details},{Constructional details},Compilation of Changes
2024.05,M,A61M 1/3636,A61M 1/3636,{having a flexible housing},{having a flexible housing},Compilation of Changes
2024.05,M,A61M 1/3638,A61M 1/3638,{with a vapour trap},{with a vapour trap},Compilation of Changes
2024.05,M,A61M 1/3639,A61M 1/3639,"{Blood pressure control, pressure transducers specially adapted therefor}","{Blood pressure control, pressure transducers specially adapted therefor}",Compilation of Changes
2024.05,M,A61M 1/3641,A61M 1/3641,{Pressure isolators},{Pressure isolators},Compilation of Changes
2024.05,M,A61M 1/3643,A61M 1/3643,"{Priming, rinsing before or after use}","{Priming, rinsing before or after use}",Compilation of Changes
2024.05,M,A61M 1/3644,A61M 1/3644,{Mode of operation},{Mode of operation},Compilation of Changes
2024.05,M,A61M 1/3646,A61M 1/3646,"{Expelling the residual body fluid after use, e.g. back to the body}","{Expelling the residual body fluid after use, e.g. back to the body}",Compilation of Changes
2024.05,M,A61M 1/3647,A61M 1/3647,{with recirculation of the priming solution},{with recirculation of the priming solution},Compilation of Changes
2024.05,M,A61M 1/3649,A61M 1/3649,{using dialysate as priming or rinsing liquid},{using dialysate as priming or rinsing liquid},Compilation of Changes
2024.05,M,A61M 1/365,A61M 1/365,"{through membranes, e.g. by inverted trans-membrane pressure [TMP]}","{through membranes, e.g. by inverted trans-membrane pressure [TMP]}",Compilation of Changes
2024.05,M,A61M 1/3652,A61M 1/3652,"{using gas, e.g. air}","{using gas, e.g. air}",Compilation of Changes
2024.05,M,A61M 1/3653,A61M 1/3653,{Interfaces between patient blood circulation and extra-corporal blood circuit},{Interfaces between patient blood circulation and extra-corporal blood circuit},Compilation of Changes
2024.05,M,A61M 1/3655,A61M 1/3655,{Arterio-venous shunts or fistulae},{Arterio-venous shunts or fistulae},Compilation of Changes
2024.05,M,A61M 1/3656,A61M 1/3656,{Monitoring patency or flow at connection sites; Detecting disconnections},{Monitoring patency or flow at connection sites; Detecting disconnections},Compilation of Changes
2024.05,M,A61M 1/3658,A61M 1/3658,{Indicating the amount of purified blood recirculating in the fistula or shunt},{Indicating the amount of purified blood recirculating in the fistula or shunt},Compilation of Changes
2024.05,M,A61M 1/3659,A61M 1/3659,{Cannulae pertaining to extracorporeal circulation},{Cannulae pertaining to extracorporeal circulation},Compilation of Changes
2024.05,M,A61M 1/3661,A61M 1/3661,{for haemodialysis},{for haemodialysis},Compilation of Changes
2024.05,M,A61M 1/3663,A61M 1/3663,{Flow rate transducers; Flow integrators},{Flow rate transducers; Flow integrators},Compilation of Changes
2024.05,M,A61M 1/3664,A61M 1/3664,{for preparing cardioplegia solutions},{for preparing cardioplegia solutions},Compilation of Changes
2024.05,M,A61M 1/3666,A61M 1/3666,"{Cardiac or cardiopulmonary bypass, e.g. heart-lung machines}","{Cardiac or cardiopulmonary bypass, e.g. heart-lung machines}",Compilation of Changes
2024.05,M,A61M 1/3667,A61M 1/3667,{with assisted venous return},{with assisted venous return},Compilation of Changes
2024.05,M,A61M 1/3669,A61M 1/3669,{Electrical impedance measurement of body fluids; transducers specially adapted therefor},{Electrical impedance measurement of body fluids; transducers specially adapted therefor},Compilation of Changes
2024.05,M,A61M 1/367,A61M 1/367,{Circuit parts not covered by the preceding subgroups of group A61M1/3621},{Circuit parts not covered by the preceding subgroups of group A61M1/3621},Compilation of Changes
2024.05,M,A61M 1/3672,A61M 1/3672,{Means preventing coagulation},{Means preventing coagulation},Compilation of Changes
2024.05,M,A61M 1/3673,A61M 1/3673,"{Anticoagulant coating, e.g. Heparin coating}","{Anticoagulant coating, e.g. Heparin coating}",Compilation of Changes
2024.05,M,A61M 1/3675,A61M 1/3675,{Deactivation},{Deactivation},Compilation of Changes
2024.05,M,A61M 1/3676,A61M 1/3676,{by interposing a liquid layer between blood and air},{by interposing a liquid layer between blood and air},Compilation of Changes
2024.05,M,A61M 1/3678,A61M 1/3678,{Separation of cells using wave pressure; Manipulation of individual corpuscles},{Separation of cells using wave pressure; Manipulation of individual corpuscles},Compilation of Changes
2024.05,M,A61M 1/3679,A61M 1/3679,{by absorption (A61M1/3675 takes precedence)},{by absorption (A61M1/3675 takes precedence)},Compilation of Changes
2024.05,M,A61M 1/3681,A61M 1/3681,{by irradiation},{by irradiation},Compilation of Changes
2024.05,M,A61M 1/3683,A61M 1/3683,{using photoactive agents},{using photoactive agents},Compilation of Changes
2024.05,M,A61M 1/3686,A61M 1/3686,{by removing photoactive agents after irradiation},{by removing photoactive agents after irradiation},Compilation of Changes
2024.05,M,A61M 1/3687,A61M 1/3687,{Chemical treatment (A61M1/3675 takes precedence)},{Chemical treatment (A61M1/3675 takes precedence)},Compilation of Changes
2024.05,M,A61M 1/3689,A61M 1/3689,{by biological cells},{by biological cells},Compilation of Changes
2024.05,M,A61M 1/369,A61M 1/369,{Temperature treatment},{Temperature treatment},Compilation of Changes
2024.05,M,A61M 1/3692,A61M 1/3692,{Washing or rinsing blood or blood constituents},{Washing or rinsing blood or blood constituents},Compilation of Changes
2024.05,M,A61M 1/3693,A61M 1/3693,"{using separation based on different densities of components, e.g. centrifuging}","{using separation based on different densities of components, e.g. centrifuging}",Compilation of Changes
2024.05,M,A61M 1/3695,A61M 1/3695,{with sedimentation by gravity},{with sedimentation by gravity},Compilation of Changes
2024.05,M,A61M 1/3696,A61M 1/3696,"{with means for adding or withdrawing liquid substances during the centrifugation, e.g. continuous centrifugation}","{with means for adding or withdrawing liquid substances during the centrifugation, e.g. continuous centrifugation}",Compilation of Changes
2024.05,M,A61M 1/3698,A61M 1/3698,{Expressing processed fluid out from the turning rotor using another fluid compressing the treatment chamber; Variable volume rotors},{Expressing processed fluid out from the turning rotor using another fluid compressing the treatment chamber; Variable volume rotors},Compilation of Changes
2024.05,M,A61M 1/38,A61M 1/38,"Removing constituents from donor blood and {storing or} returning remainder to body {, e.g. for transfusion}","Removing constituents from donor blood and {storing or} returning remainder to body {, e.g. for transfusion}",Compilation of Changes
2024.05,M,A61M 1/382,A61M 1/382,{Optimisation of blood component yield},{Optimisation of blood component yield},Compilation of Changes
2024.05,M,A61M 1/385,A61M 1/385,{taking into account of the patient characteristics},{taking into account of the patient characteristics},Compilation of Changes
2024.05,M,A61M 1/387,A61M 1/387,{taking into account of the needs or inventory},{taking into account of the needs or inventory},Compilation of Changes
2024.05,C,B23D 47/00,B23D 47/00,"Sawing machines or sawing devices working with circular saw blades, characterised only by constructional features of particular parts (constructional features of these parts per se B23Q; details or components, e.g. casings, bodies, of portable power-driven tools not particularly related to the operation performed B25F5/00)","Sawing machines or sawing devices working with circular saw blades, characterised only by constructional features of particular parts (constructional features of these parts per se B23Q; details or components, e.g. casings, bodies, of portable power-driven tools not particularly related to the operation performed B25F5/00)",Compilation of Changes
2024.05,U,B23D 47/12,B23D 47/12,of drives for circular saw blades,of drives for circular saw blades,Compilation of Changes
2024.05,U,B23D 47/126,B23D 47/126,{Angle drives},{Angle drives},Compilation of Changes
2024.05,N,B23D 47/128,B23D 47/128,{of means to position the saw blade at a specified angle when adjusting about an axis parallel to the work support surface},{of means to position the saw blade at a specified angle when adjusting about an axis parallel to the work support surface},Compilation of Changes
2024.05,N,B23D 47/132,B23D 47/132,{of means to position the saw blade at a specified angle when adjusting about an axis perpendicular to the work support surface},{of means to position the saw blade at a specified angle when adjusting about an axis perpendicular to the work support surface},Compilation of Changes
2024.05,C,B23D 49/00,B23D 49/00,"Machines or devices for sawing with straight reciprocating saw blades, e.g. hacksaws","Machines or devices for sawing with straight reciprocating saw blades, e.g. hacksaws",Compilation of Changes
2024.05,U,B23D 49/007,B23D 49/007,"{Jig saws, i.e. machine saws with a vertically reciprocating narrow saw blade chucked at both ends for contour cutting}","{Jig saws, i.e. machine saws with a vertically reciprocating narrow saw blade chucked at both ends for contour cutting}",Compilation of Changes
2024.05,U,B23D 49/008,B23D 49/008,{hand-driven or foot-driven},{hand-driven or foot-driven},Compilation of Changes
2024.05,N,B23D 49/012,B23D 49/012,{combined with tool of another type},{combined with tool of another type},Compilation of Changes
2024.05,N,B23D 49/013,B23D 49/013,{with means to change to another type of tool},{with means to change to another type of tool},Compilation of Changes
2024.05,U,B23D 49/01,B23D 49/01,Hand-held or hand-operated sawing devices with straight saw blades,Hand-held or hand-operated sawing devices with straight saw blades,Compilation of Changes
2024.05,U,B23D 49/16,B23D 49/16,actuated by electric or magnetic power or prime movers (B23D49/11 takes precedence),actuated by electric or magnetic power or prime movers (B23D49/11 takes precedence),Compilation of Changes
2024.05,U,B23D 49/162,B23D 49/162,{Pad sawing devices},{Pad sawing devices},Compilation of Changes
2024.05,U,B23D 49/167,B23D 49/167,{with means to adjust the guide plate or with means to adjust the plane in which the saw blade moves},{with means to adjust the guide plate or with means to adjust the plane in which the saw blade moves},Compilation of Changes
2024.05,N,B23D 49/211,B23D 49/211,{whereby the saw carrier pivots about an axis to feed the saw blade into the workpiece during cutting},{whereby the saw carrier pivots about an axis to feed the saw blade into the workpiece during cutting},Compilation of Changes
2024.05,U,B23D 51/00,B23D 51/00,"Sawing machines or sawing devices working with straight blades, characterised only by constructional features of particular parts (constructional features of these parts per se B23Q; details or components, e.g. casings, bodies, of portable power-driven tools not particularly related to the operation performed B25F5/00); Carrying or attaching means for tools, covered by this subclass, which are connected to a carrier at both ends","Sawing machines or sawing devices working with straight blades, characterised only by constructional features of particular parts (constructional features of these parts per se B23Q; details or components, e.g. casings, bodies, of portable power-driven tools not particularly related to the operation performed B25F5/00); Carrying or attaching means for tools, covered by this subclass, which are connected to a carrier at both ends",Compilation of Changes
2024.05,U,B23D 51/02,B23D 51/02,of beds; of guiding arrangements for work-tables or saw carriers; of frames,of beds; of guiding arrangements for work-tables or saw carriers; of frames,Compilation of Changes
2024.05,C,B23D 51/025,B23D 51/025,{of arrangements for guiding the saw blade},{of arrangements for guiding the saw blade},Compilation of Changes
2024.05,N,B23D 51/026,B23D 51/026,{by plural opposed guide surfaces},{by plural opposed guide surfaces},Compilation of Changes
2024.05,N,B23D 51/027,B23D 51/027,{with adjustment of a space between the guide surfaces},{with adjustment of a space between the guide surfaces},Compilation of Changes
2024.05,N,B23D 51/028,B23D 51/028,{with adjustment of the guide surfaces by rotation about an axis parallel to the work support surface},{with adjustment of the guide surfaces by rotation about an axis parallel to the work support surface},Compilation of Changes
2024.05,N,B23D 51/029,B23D 51/029,{with adjustment of the guide surfaces by rotation about an axis perpendicular to the work support surface},{with adjustment of the guide surfaces by rotation about an axis perpendicular to the work support surface},Compilation of Changes
2024.05,C,B23D 51/16,B23D 51/16,"of drives or feed mechanisms for straight tools, e.g. saw blades, or bows","of drives or feed mechanisms for straight tools, e.g. saw blades, or bows",Compilation of Changes
2024.05,N,B23D 51/161,B23D 51/161,{with dynamic balancing},{with dynamic balancing},Compilation of Changes
2024.05,N,B23D 51/1615,B23D 51/1615,{with shock absorbing means},{with shock absorbing means},Compilation of Changes
2024.05,N,B23D 51/162,B23D 51/162,{Stored energy furnished drive in one direction},{Stored energy furnished drive in one direction},Compilation of Changes
2024.05,U,B23D 53/00,B23D 53/00,"Machines or devices for sawing with strap saw-blades which are effectively endless in use, e.g. for contour cutting","Machines or devices for sawing with strap saw-blades which are effectively endless in use, e.g. for contour cutting",Compilation of Changes
2024.05,C,B23D 53/005,B23D 53/005,"{with a plurality of band saw blades or band saw blades having plural cutting zones, e.g. contiguous oppositely-moving saw blade portions (for length cutting of trunks B27B15/08)}","{with a plurality of band saw blades or band saw blades having plural cutting zones, e.g. contiguous oppositely-moving saw blade portions (for length cutting of trunks B27B15/08)}",Compilation of Changes
2024.05,N,B23D 53/0051,B23D 53/0051,{Contiguous oppositely moving saw blade portions},{Contiguous oppositely moving saw blade portions},Compilation of Changes
2024.05,N,B23D 53/0052,B23D 53/0052,{with adjustment of separation between cutting zones},{with adjustment of separation between cutting zones},Compilation of Changes
2024.05,N,B23D 53/0054,B23D 53/0054,{by lever means},{by lever means},Compilation of Changes
2024.05,N,B23D 53/0056,B23D 53/0056,{by screw threaded means},{by screw threaded means},Compilation of Changes
2024.05,N,B23D 53/0058,B23D 53/0058,{including a saw blade assuming a figure 8 during use},{including a saw blade assuming a figure 8 during use},Compilation of Changes
2024.05,U,B23D 53/02,B23D 53/02,"with stationarily-mounted wheels, {i.e. during sawing} carrying the strap (B23D53/06 takes precedence)","with stationarily-mounted wheels, {i.e. during sawing} carrying the strap (B23D53/06 takes precedence)",Compilation of Changes
2024.05,C,B23D 53/026,B23D 53/026,{the band saw blade being guided in a horizontal plane},{the band saw blade being guided in a horizontal plane},Compilation of Changes
2024.05,N,B23D 53/028,B23D 53/028,{with adjustment of distance between band and work support surface},{with adjustment of distance between band and work support surface},Compilation of Changes
2024.05,U,B23D 53/04,B23D 53/04,"with the wheels carrying the strap mounted shiftably or swingingly {, i.e. during sawing}, other than merely for adjustment","with the wheels carrying the strap mounted shiftably or swingingly {, i.e. during sawing}, other than merely for adjustment",Compilation of Changes
2024.05,C,B23D 53/045,B23D 53/045,{with pivotedlypivotably mounted head carrying the saw wheels},{with pivotedlypivotably mounted head carrying the saw wheels},Compilation of Changes
2024.05,N,B23D 53/049,B23D 53/049,{Angularly adjustable to cut work at a plurality of different angles},{Angularly adjustable to cut work at a plurality of different angles},Compilation of Changes
2024.05,C,B23D 55/00,B23D 55/00,"Sawing machines or sawing devices working with strap saw blades, characterised only by constructional features of particular parts (constructional features of these parts per se B23Q)","Sawing machines or sawing devices working with strap saw blades, characterised only by constructional features of particular parts (constructional features of these parts per se B23Q)",Compilation of Changes
2024.05,U,B23D 55/08,B23D 55/08,of devices for guiding or feeding strap saw blades,of devices for guiding or feeding strap saw blades,Compilation of Changes
2024.05,C,B23D 55/088,B23D 55/088,{Devices for feeding strap saw blades},{Devices for feeding strap saw blades},Compilation of Changes
2024.05,N,B23D 55/089,B23D 55/089,{with fluid regulating means for in-feed},{with fluid regulating means for in-feed},Compilation of Changes
2024.05,C,B23D 55/01,B23D 55/01,of devices for tensioning strap saw blades (B23D55/06 takes precedence; incorporated in the strap B23D61/12),of devices for tensioning strap saw blades (B23D55/06 takes precedence; incorporated in the strap B23D61/12),Compilation of Changes
2024.05,N,B23D 55/102,B23D 55/102,{with means to vary the distance between pulley or sprocket axes},{with means to vary the distance between pulley or sprocket axes},Compilation of Changes
2024.05,N,B23D 55/104,B23D 55/104,{including means to yieldably bias at least one pulley or sprocket},{including means to yieldably bias at least one pulley or sprocket},Compilation of Changes
2024.05,N,B23D 55/122,B23D 55/122,{of devices for changing angular relationship between pulley or sprocket axes},{of devices for changing angular relationship between pulley or sprocket axes},Compilation of Changes
2024.05,U,B23D 59/00,B23D 59/00,Accessories specially designed for sawing machines or sawing devices (lubricating or cooling machine tools in general B23Q11/12),Accessories specially designed for sawing machines or sawing devices (lubricating or cooling machine tools in general B23Q11/12),Compilation of Changes
2024.05,U,B23D 59/001,B23D 59/001,"{Measuring or control devices, e.g. for automatic control of work feed pressure on band saw blade (measuring in general G01; controlling in general G05)}","{Measuring or control devices, e.g. for automatic control of work feed pressure on band saw blade (measuring in general G01; controlling in general G05)}",Compilation of Changes
2024.05,M,B23D 59/002,B23D 59/002,{for the position of the saw blade (B27B5/36 and B27B9/02 take precedencemounting for swiveling or tilting a circular saw blade B27B5/36; portable power-driven circular saws with adjustment for cutting depth or amount of tilting B27B9/02)},{for the position of the saw blade (B27B5/36 and B27B9/02 take precedencemounting for swiveling or tilting a circular saw blade B27B5/36; portable power-driven circular saws with adjustment for cutting depth or amount of tilting B27B9/02)},Compilation of Changes
2024.05,C,B23D 59/006,B23D 59/006,{for removing or collecting chips},{for removing or collecting chips},Compilation of Changes
2024.05,N,B23D 59/0062,B23D 59/0062,{by blowing},{by blowing},Compilation of Changes
2024.05,N,B23D 59/0064,B23D 59/0064,{by suction},{by suction},Compilation of Changes
2024.05,U,B23D 61/00,B23D 61/00,Tools for sawing machines or sawing devices (tools for trepanning B23B51/04); Clamping devices for these tools,Tools for sawing machines or sawing devices (tools for trepanning B23B51/04); Clamping devices for these tools,Compilation of Changes
2024.05,C,B23D 61/02,B23D 61/02,Circular saw blades,Circular saw blades,Compilation of Changes
2024.05,C,B23D 61/021,B23D 61/021,"{Types of set; Variable teeth, e.g. variable in height or gullet depth: Varying pitch; Varying pitch; Details of gullet}","{Types of set; Variable teeth, e.g. variable in height or gullet depth: Varying pitch; Varying pitch; Details of gullet}",Compilation of Changes
2024.05,N,B23D 61/0212,B23D 61/0212,{Varying pitch},{Varying pitch},Compilation of Changes
2024.05,N,B23D 61/0214,B23D 61/0214,{Varying tooth height},{Varying tooth height},Compilation of Changes
2024.05,N,B23D 61/022,B23D 61/022,{with depth limiter on the saw blade},{with depth limiter on the saw blade},Compilation of Changes
2024.05,N,B23D 61/0225,B23D 61/0225,{with teeth having transversely curved cutting edges},{with teeth having transversely curved cutting edges},Compilation of Changes
2024.05,C,B23D 61/025,B23D 61/025,{Details of saw blade body},{Details of saw blade body},Compilation of Changes
2024.05,M,B23D 61/026,B23D 61/026,"{Composite body, e.g. laminated, body of diverse material}","{Composite body, e.g. laminated, body of diverse material}",Compilation of Changes
2024.05,N,B23D 61/027,B23D 61/027,{Element on or along a side of the saw blade for clearing or widening kerf},{Element on or along a side of the saw blade for clearing or widening kerf},Compilation of Changes
2024.05,N,B23D 61/0275,B23D 61/0275,{Slots in the saw blade body for reducing tension or vibration},{Slots in the saw blade body for reducing tension or vibration},Compilation of Changes
2024.05,C,B23D 61/04,B23D 61/04,"with inserted saw teeth {, i.e. the teeth being individually inserted}","with inserted saw teeth {, i.e. the teeth being individually inserted}",Compilation of Changes
2024.05,C,B23D 61/06,B23D 61/06,in exchangeable arrangement,in exchangeable arrangement,Compilation of Changes
2024.05,C,B23D 61/065,B23D 61/065,{Adjustable teeth},{Adjustable teeth},Compilation of Changes
2024.05,N,B23D 61/071,B23D 61/071,{with teeth connected by independent connecting elements},{with teeth connected by independent connecting elements},Compilation of Changes
2024.05,N,B23D 61/075,B23D 61/075,{with teeth connected by deformation},{with teeth connected by deformation},Compilation of Changes
2024.05,C,B23D 61/12,B23D 61/12,Straight saw blades; Strap saw blades,Straight saw blades; Strap saw blades,Compilation of Changes
2024.05,C,B23D 61/121,B23D 61/121,"{Types of set; Variable teeth, e.g. variable in height or gullet depth; Varying pitch; Details of gullet}","{Types of set; Variable teeth, e.g. variable in height or gullet depth; Varying pitch; Details of gullet}",Compilation of Changes
2024.05,N,B23D 61/1212,B23D 61/1212,{Varying pitch},{Varying pitch},Compilation of Changes
2024.05,N,B23D 61/1214,B23D 61/1214,{Varying height},{Varying height},Compilation of Changes
2024.05,N,B23D 61/1216,B23D 61/1216,{Repeating pattern of groups having three or more teeth},{Repeating pattern of groups having three or more teeth},Compilation of Changes
2024.05,N,B23D 61/1217,B23D 61/1217,"{Reciprocating blades having more than one section of unique teeth on one side, e.g. a fine tooth section and a large tooth section}","{Reciprocating blades having more than one section of unique teeth on one side, e.g. a fine tooth section and a large tooth section}",Compilation of Changes
2024.05,N,B23D 61/1218,B23D 61/1218,{with a depth limiter on the saw blade},{with a depth limiter on the saw blade},Compilation of Changes
2024.05,N,B23D 61/1219,B23D 61/1219,{with teeth having transversely curved cutting edges},{with teeth having transversely curved cutting edges},Compilation of Changes
2024.05,C,B23D 61/123,B23D 61/123,{Details of saw blade body},{Details of saw blade body},Compilation of Changes
2024.05,N,B23D 61/124,B23D 61/124,{Element on a side of the saw blade for clearing or widening kerf},{Element on a side of the saw blade for clearing or widening kerf},Compilation of Changes
2024.05,N,B23D 61/1245,B23D 61/1245,{Slots in the saw blade body for reducing tension or vibration},{Slots in the saw blade body for reducing tension or vibration},Compilation of Changes
2024.05,M,B23D 61/125,B23D 61/125,"{Composite body, e.g. laminated, body of diverse material}","{Composite body, e.g. laminated, body of diverse material}",Compilation of Changes
2024.05,C,B23D 61/126,B23D 61/126,{having cutting teeth along both edges},{having cutting teeth along both edges},Compilation of Changes
2024.05,N,B23D 61/1265,B23D 61/1265,"{Reciprocating blades with teeth on the saw nose, e.g. plunge cutters}","{Reciprocating blades with teeth on the saw nose, e.g. plunge cutters}",Compilation of Changes
2024.05,C,B23D 61/14,B23D 61/14,"with inserted saw teeth {, i.e. the teeth being individually inserted}","with inserted saw teeth {, i.e. the teeth being individually inserted}",Compilation of Changes
2024.05,C,B23D 61/16,B23D 61/16,in exchangeable arrangement,in exchangeable arrangement,Compilation of Changes
2024.05,N,B23D 61/171,B23D 61/171,{with teeth connected by independent connecting elements},{with teeth connected by independent connecting elements},Compilation of Changes
2024.05,N,B23D 61/175,B23D 61/175,{with teeth connected by deformation},{with teeth connected by deformation},Compilation of Changes
2024.05,C,B23D 63/00,B23D 63/00,"Dressing the tools of sawing machines or sawing devices for use in cutting any kind of material, e.g. in the manufacture of sawing tools","Dressing the tools of sawing machines or sawing devices for use in cutting any kind of material, e.g. in the manufacture of sawing tools",Compilation of Changes
2024.05,C,B23D 63/005,B23D 63/005,{Workpiece indexing equipment specially adapted to form part of sawing tool dressing machines},{Workpiece indexing equipment specially adapted to form part of sawing tool dressing machines},Compilation of Changes
2024.05,N,B23D 63/0055,B23D 63/0055,{with tooth engaging feed},{with tooth engaging feed},Compilation of Changes
2024.05,C,B23D 63/02,B23D 63/02,Setting saw teeth by means of hand-operated {or foot-operated} devices {(B23D63/006 takes precedence)},Setting saw teeth by means of hand-operated {or foot-operated} devices {(B23D63/006 takes precedence)},Compilation of Changes
2024.05,C,B23D 63/023,B23D 63/023,"{Devices of the portable type carried by one hand and operable by one hand or two hands, e.g. having a pair of tongs}","{Devices of the portable type carried by one hand and operable by one hand or two hands, e.g. having a pair of tongs}",Compilation of Changes
2024.05,U,B23D 63/026,B23D 63/026,{Foot-operated devices},{Foot-operated devices},Compilation of Changes
2024.05,N,B23D 63/028,B23D 63/028,{with screw-operated setting},{with screw-operated setting},Compilation of Changes
2024.05,C,B23D 63/04,B23D 63/04,"Setting saw teeth of circular, straight, or strap saw blades by means of power-operated devices {(B23D63/006 takes precedence)}","Setting saw teeth of circular, straight, or strap saw blades by means of power-operated devices {(B23D63/006 takes precedence)}",Compilation of Changes
2024.05,N,B23D 63/042,B23D 63/042,{Setting saw teeth by pivotably-operated setting devices},{Setting saw teeth by pivotably-operated setting devices},Compilation of Changes
2024.05,N,B23D 63/044,B23D 63/044,{Setting saw teeth by slidably-operated setting devices},{Setting saw teeth by slidably-operated setting devices},Compilation of Changes
2024.05,N,B23D 63/046,B23D 63/046,{Tooth embracing; Anvil-free setting},{Tooth embracing; Anvil-free setting},Compilation of Changes
2024.05,U,B23D 63/06,B23D 63/06,"Upsetting the cutting edges of saw teeth, e.g. swaging","Upsetting the cutting edges of saw teeth, e.g. swaging",Compilation of Changes
2024.05,N,B23D 63/072,B23D 63/072,{Jointing},{Jointing},Compilation of Changes
2024.05,C,B23D 65/00,B23D 65/00,Making tools for sawing machines or sawing devices for use in cutting any kind of material,Making tools for sawing machines or sawing devices for use in cutting any kind of material,Compilation of Changes
2024.05,U,B23D 65/04,B23D 65/04,Making saw teeth by milling,Making saw teeth by milling,Compilation of Changes
2024.05,N,B23D 65/045,B23D 65/045,{Making saw blades by using tooth inserters},{Making saw blades by using tooth inserters},Compilation of Changes
2024.05,U,B27B 5/00,B27B 5/00,Sawing machines working with circular {or cylindrical} saw blades (for length sawing of trunks B27B7/00); Components or equipment therefor,Sawing machines working with circular {or cylindrical} saw blades (for length sawing of trunks B27B7/00); Components or equipment therefor,Compilation of Changes
2024.05,M,B27B 5/12,B27B 5/12,Cylinder saws {(B27C1/007 takes precedencemachine for producing flat surfaces by cutting through a workpiece with a tool having a rotational vector parallel to the surfaces generated by cutting B27C1/007)},Cylinder saws {(B27C1/007 takes precedencemachine for producing flat surfaces by cutting through a workpiece with a tool having a rotational vector parallel to the surfaces generated by cutting B27C1/007)},Compilation of Changes
2024.05,U,B27B 5/29,B27B 5/29,Details; Component parts; Accessories,Details; Component parts; Accessories,Compilation of Changes
2024.05,C,B27B 5/38,B27B 5/38,"Devices for braking the circular saw blade or the saw spindle; Devices for damping vibrations of the circular saw blade, e.g. silencing {(B23D47/005 takes precedencevibration-damping of sawing machines or devices working with circular saw blades B23D47/005)}","Devices for braking the circular saw blade or the saw spindle; Devices for damping vibrations of the circular saw blade, e.g. silencing {(B23D47/005 takes precedencevibration-damping of sawing machines or devices working with circular saw blades B23D47/005)}",Compilation of Changes
2024.05,N,B27B 5/381,B27B 5/381,{with at least one brake member contacting saw blade portions},{with at least one brake member contacting saw blade portions},Compilation of Changes
2024.05,U,B27B 13/00,B27B 13/00,Band or strap sawing machines (for length cutting of trunks B27B15/00); Components or equipment therefor,Band or strap sawing machines (for length cutting of trunks B27B15/00); Components or equipment therefor,Compilation of Changes
2024.05,M,B27B 13/08,B27B 13/08,Arrangements for stretching the band saw blade {(B23D55/10 takes precedencedevices for tensioning strap saw blades of sawing machines B23D55/10)},Arrangements for stretching the band saw blade {(B23D55/10 takes precedencedevices for tensioning strap saw blades of sawing machines B23D55/10)},Compilation of Changes
2024.05,M,B27B 13/01,B27B 13/01,"Guiding equipment for the band saw blade, e.g. guide rollers, back guides, side guides {(B23D55/08 takes precedencedevices for guiding or feeding strap saw blades to sawing machines B23D55/08)}","Guiding equipment for the band saw blade, e.g. guide rollers, back guides, side guides {(B23D55/08 takes precedencedevices for guiding or feeding strap saw blades to sawing machines B23D55/08)}",Compilation of Changes
2024.05,C,B27B 13/14,B27B 13/14,"Braking devices specially designed for band sawing machines, e.g. acting after damage of the band saw blade","Braking devices specially designed for band sawing machines, e.g. acting after damage of the band saw blade",Compilation of Changes
2024.05,N,B27B 13/141,B27B 13/141,{with at least one brake member contacting saw blade portions},{with at least one brake member contacting saw blade portions},Compilation of Changes
2024.05,U,B27B 17/00,B27B 17/00,Chain saws; Equipment therefor {(slotting or mortising machines equipped with chain cutters B27F5/06)},Chain saws; Equipment therefor {(slotting or mortising machines equipped with chain cutters B27F5/06)},Compilation of Changes
2024.05,C,B27B 17/14,B27B 17/14,Arrangements for stretching the chain saw,Arrangements for stretching the chain saw,Compilation of Changes
2024.05,N,B27B 17/142,B27B 17/142,{with adjustment by at least one cam},{with adjustment by at least one cam},Compilation of Changes
2024.05,N,B27B 17/144,B27B 17/144,{with adjustment by at least one threaded screw},{with adjustment by at least one threaded screw},Compilation of Changes
2024.05,N,B27B 17/146,B27B 17/146,{with adjustment of a non-driven sprocket or pulley relative to the guide bar},{with adjustment of a non-driven sprocket or pulley relative to the guide bar},Compilation of Changes
2024.05,U,B27G 5/00,B27G 5/00,Machines or devices for working mitre joints with even abutting ends,Machines or devices for working mitre joints with even abutting ends,Compilation of Changes
2024.05,M,B27G 5/02,B27G 5/02,for sawing mitre joints; Mitre boxes (guide fences for timber in sawing machines B27B27/06B27B27/00),for sawing mitre joints; Mitre boxes (guide fences for timber in sawing machines B27B27/06B27B27/00),Compilation of Changes
2024.05,C,B27G 19/00,B27G 19/00,Safety guards or devices specially adapted for wood saws; Auxiliary devices facilitating proper operation of wood saws,Safety guards or devices specially adapted for wood saws; Auxiliary devices facilitating proper operation of wood saws,Compilation of Changes
2024.05,U,B27G 19/006,B27G 19/006,{for reciprocating saws},{for reciprocating saws},Compilation of Changes
2024.05,N,B27G 19/008,B27G 19/008,{with sensing of human contact or proximity with the blade},{with sensing of human contact or proximity with the blade},Compilation of Changes
2024.05,C,B27G 19/02,B27G 19/02,for circular saws,for circular saws,Compilation of Changes
2024.05,N,B27G 19/022,B27G 19/022,{with blades dropping below a table in reaction to dangerous situation},{with blades dropping below a table in reaction to dangerous situation},Compilation of Changes
2024.05,N,B27G 19/025,B27G 19/025,{with guards for tool},{with guards for tool},Compilation of Changes
2024.05,N,B27G 19/028,B27G 19/028,{Anti-kickback pawls},{Anti-kickback pawls},Compilation of Changes
2024.05,C,B27G 19/06,B27G 19/06,for band or strap saws,for band or strap saws,Compilation of Changes
2024.05,M,B27G 23/00,B27G 23/00,"Gauging means specially designed for adjusting of tools or guides, e.g. adjusting cutting blades in cutter blocks ({B23Q17/22 takes precedence; boring templates B23B49/02}; {arrangements for indicating or measuring existing or desired position of tool B23Q17/22;} for arrangement on manually operated saws B27B21/08; for guides of sawing machines B27B27/00)","Gauging means specially designed for adjusting of tools or guides, e.g. adjusting cutting blades in cutter blocks ({B23Q17/22 takes precedence; boring templates B23B49/02}; {arrangements for indicating or measuring existing or desired position of tool B23Q17/22;} for arrangement on manually operated saws B27B21/08; for guides of sawing machines B27B27/00)",Compilation of Changes
2024.05,U,B41J 2/00,B41J 2/00,"Typewriters or selective printing mechanisms characterised by the printing or marking process for which they are designed (mounting, arrangement or disposition of types or dies B41J1/00)","Typewriters or selective printing mechanisms characterised by the printing or marking process for which they are designed (mounting, arrangement or disposition of types or dies B41J1/00)",Compilation of Changes
2024.05,U,B41J 2/005,B41J 2/005,characterised by bringing liquid or particles selectively into contact with a printing material (printing by selective application of impact or pressure on a printing or impression-transfer material B41J2/22),characterised by bringing liquid or particles selectively into contact with a printing material (printing by selective application of impact or pressure on a printing or impression-transfer material B41J2/22),Compilation of Changes
2024.05,U,B41J 2/01,B41J 2/01,Ink jet,Ink jet,Compilation of Changes
2024.05,U,B41J 2/135,B41J 2/135,Nozzles,Nozzles,Compilation of Changes
2024.05,M,B41J 2/165,B41J 2/165,"Preventing {or detectingPrevention {or detection} of nozzle clogging, e.g. cleaning, capping or moistening for nozzles","Preventing {or detectingPrevention {or detection} of nozzle clogging, e.g. cleaning, capping or moistening for nozzles",Compilation of Changes
2024.05,D,B41J 2002/16502,B41J 2002/16502,{Printhead constructions to prevent nozzle clogging or facilitate nozzle cleaning},{Printhead constructions to prevent nozzle clogging or facilitate nozzle cleaning},Compilation of Changes
2024.05,N,B41J 2/16502,B41J 2/16502,{Printhead constructions to prevent nozzle clogging or facilitate nozzle cleaning},{Printhead constructions to prevent nozzle clogging or facilitate nozzle cleaning},Compilation of Changes
2024.05,C,B41J 2/16505,B41J 2/16505,"{Caps, spittoons or covers for cleaning or preventing drying out}","{Caps, spittoons or covers for cleaning or preventing drying out}",Compilation of Changes
2024.05,N,B41J 2/16507,B41J 2/16507,{integral with the printhead},{integral with the printhead},Compilation of Changes
2024.05,M,B41J 2/16508,B41J 2/16508,{connected with the printer frame},{connected with the printer frame},Compilation of Changes
2024.05,U,B41J 2/16511,B41J 2/16511,{Constructions for cap positioning (B41J2/16547 takes precedence)},{Constructions for cap positioning (B41J2/16547 takes precedence)},Compilation of Changes
2024.05,D,B41J 2002/16514,B41J 2002/16514,"{creating a distance between cap and print head, e.g. for suction or pressurising}","{creating a distance between cap and print head, e.g. for suction or pressurising}",Compilation of Changes
2024.05,N,B41J 2/16514,B41J 2/16514,"{creating a distance between cap and printhead, e.g. for suction or pressurising}","{creating a distance between cap and printhead, e.g. for suction or pressurising}",Compilation of Changes
2024.05,U,B41J 2/16517,B41J 2/16517,"{Cleaning of print head nozzles (B41J2/16505, B41J2/1707 take precedence)}","{Cleaning of print head nozzles (B41J2/16505, B41J2/1707 take precedence)}",Compilation of Changes
2024.05,U,B41J 2/1652,B41J 2/1652,"{by driving a fluid through the nozzles to the outside thereof, e.g. by applying pressure to the inside or vacuum at the outside of the print head}","{by driving a fluid through the nozzles to the outside thereof, e.g. by applying pressure to the inside or vacuum at the outside of the print head}",Compilation of Changes
2024.05,C,B41J 2/16523,B41J 2/16523,"{Waste ink collectiontransport from caps or spittoons, e.g. by suction (Collecting or collectors of waste ink B41J2/1721)}","{Waste ink collectiontransport from caps or spittoons, e.g. by suction (Collecting or collectors of waste ink B41J2/1721)}",Compilation of Changes
2024.05,U,B41J 2/16526,B41J 2/16526,{by applying pressure only},{by applying pressure only},Compilation of Changes
2024.05,D,B41J 2002/16529,B41J 2002/16529,{Idle discharge on printing matter},{Idle discharge on printing matter},Compilation of Changes
2024.05,N,B41J 2/16529,B41J 2/16529,{Idle discharge on printing matter},{Idle discharge on printing matter},Compilation of Changes
2024.05,U,B41J 2/17,B41J 2/17,"characterised by ink handling {(cleaning by driving a fluid through the nozzles to the outside thereof B41J2/1652; for treating before, during or after printing or for uniform coating or laminating the copy material before or after printing B41J11/0015)}","characterised by ink handling {(cleaning by driving a fluid through the nozzles to the outside thereof B41J2/1652; for treating before, during or after printing or for uniform coating or laminating the copy material before or after printing B41J11/0015)}",Compilation of Changes
2024.05,M,B41J 2/1721,B41J 2/1721,{Collecting waste ink; Collectors therefor},{Collecting waste ink; Collectors therefor},Compilation of Changes
2024.05,D,B41J 2002/1728,B41J 2002/1728,{Closed waste ink collector},{Closed waste ink collector},Compilation of Changes
2024.05,N,B41J 2/1728,B41J 2/1728,{Closed waste ink collectors},{Closed waste ink collectors},Compilation of Changes
2024.05,D,B41J 2002/1735,B41J 2002/1735,{Closed waste ink collector with ink supply tank in common container},{Closed waste ink collector with ink supply tank in common container},Compilation of Changes
2024.05,N,B41J 2/1735,B41J 2/1735,{with ink supply tank in common containers},{with ink supply tank in common containers},Compilation of Changes
2024.05,D,B41J 2002/1742,B41J 2002/1742,"{Open waste ink collector, e.g. ink receiving from a print head above the collector during borderless printing}","{Open waste ink collector, e.g. ink receiving from a print head above the collector during borderless printing}",Compilation of Changes
2024.05,N,B41J 2/1742,B41J 2/1742,"{Open waste ink collectors, e.g. ink receiving from a print head above the collector during borderless printing}","{Open waste ink collectors, e.g. ink receiving from a print head above the collector during borderless printing}",Compilation of Changes
2024.05,U,B41J 2/21,B41J 2/21,for multi-colour printing,for multi-colour printing,Compilation of Changes
2024.05,U,B41J 2/2107,B41J 2/2107,{characterised by the ink properties (supplying ink in a solid state B41J2/17593)},{characterised by the ink properties (supplying ink in a solid state B41J2/17593)},Compilation of Changes
2024.05,M,B41J 2/211,B41J 2/211,"{Mixing of inks, solvent or air prior to paper contact}","{Mixing of inks, solvent or air prior to paper contact}",Compilation of Changes
2024.05,C,B41J 2/2114,B41J 2/2114,"{Ejecting transparent or white colouredspecialized liquids, e.g. transparent or processing liquids (B41J2/211 takes precedence)}","{Ejecting transparent or white colouredspecialized liquids, e.g. transparent or processing liquids (B41J2/211 takes precedence)}",Compilation of Changes
2024.05,M,B41J 2/2117,B41J 2/2117,{Ejecting white liquids},{Ejecting white liquids},Compilation of Changes
2024.05,U,B64G 1/00,B64G 1/00,Cosmonautic vehicles,Cosmonautic vehicles,Compilation of Changes
2024.05,U,B64G 1/01,B64G 1/01,Artificial satellites; Systems of such satellites; Interplanetary vehicles (space shuttles B64G1/14),Artificial satellites; Systems of such satellites; Interplanetary vehicles (space shuttles B64G1/14),Compilation of Changes
2024.05,C,B64G 1/1078,B64G 1/1078,{Maintenance satellites (refueling in space B64G1/4024)},{Maintenance satellites (refueling in space B64G1/4024)},Compilation of Changes
2024.05,U,B64G 1/22,B64G 1/22,"Parts of, or equipment specially adapted for fitting in or to, cosmonautic vehicles","Parts of, or equipment specially adapted for fitting in or to, cosmonautic vehicles",Compilation of Changes
2024.05,U,B64G 1/04,B64G 1/04,Arrangements or adaptations of propulsion systems,Arrangements or adaptations of propulsion systems,Compilation of Changes
2024.05,U,B64G 1/402,B64G 1/402,{Propellant tanks; Feeding propellants},{Propellant tanks; Feeding propellants},Compilation of Changes
2024.05,M,B64G 1/4024,B64G 1/4024,{Refueling in space},{Refueling in space},Compilation of Changes
2024.05,M,C23C 2/00,C23C 2/00,Hot-dipping or immersion processes for applying the coating material in the molten state without affecting the shape; Apparatus therefor,Hot-dipping or immersion processes for applying the coating material in the molten state without affecting the shape; Apparatus therefor,Compilation of Changes
2024.05,M,C23C 2/003,C23C 2/003,{Apparatus},{Apparatus},Compilation of Changes
2024.05,M,C23C 2/0032,C23C 2/0032,{specially adapted for batch coating of substrate},{specially adapted for batch coating of substrate},Compilation of Changes
2024.05,M,C23C 2/0034,C23C 2/0034,{Details related to elements immersed in bath},{Details related to elements immersed in bath},Compilation of Changes
2024.05,M,C23C 2/0035,C23C 2/0035,"{Means for continuously moving substrate through, into or out of the bath (C23C2/00344 takes precedence)}","{Means for continuously moving substrate through, into or out of the bath (C23C2/00344 takes precedence)}",Compilation of Changes
2024.05,M,C23C 2/0036,C23C 2/0036,{Crucibles},{Crucibles},Compilation of Changes
2024.05,M,C23C 2/0038,C23C 2/0038,{characterised by the pre-treatment chambers located immediately upstream of the bath or occurring locally before the dipping process},{characterised by the pre-treatment chambers located immediately upstream of the bath or occurring locally before the dipping process},Compilation of Changes
2024.05,M,C23C 2/006,C23C 2/006,{Pattern or selective deposits},{Pattern or selective deposits},Compilation of Changes
2024.05,M,C23C 2/0062,C23C 2/0062,"{without pre-treatment of the material to be coated, e.g. using masking elements such as casings, shields, fixtures or blocking elements}","{without pre-treatment of the material to be coated, e.g. using masking elements such as casings, shields, fixtures or blocking elements}",Compilation of Changes
2024.05,M,C23C 2/0064,C23C 2/0064,{using masking layers},{using masking layers},Compilation of Changes
2024.05,M,C23C 2/02,C23C 2/02,"Pretreatment of the material to be coated, e.g. for coating on selected surface areas (C23C2/30 takes precedence)","Pretreatment of the material to be coated, e.g. for coating on selected surface areas (C23C2/30 takes precedence)",Compilation of Changes
2024.05,M,C23C 2/022,C23C 2/022,{by heating},{by heating},Compilation of Changes
2024.05,M,C23C 2/024,C23C 2/024,{by cleaning or etching},{by cleaning or etching},Compilation of Changes
2024.05,M,C23C 2/026,C23C 2/026,"{Deposition of sublayers, e.g. adhesion layers or pre-applied alloying elements or corrosion protection}","{Deposition of sublayers, e.g. adhesion layers or pre-applied alloying elements or corrosion protection}",Compilation of Changes
2024.05,M,C23C 2/14,C23C 2/14,Removing excess of molten coatings; Controlling or regulating the coating thickness,Removing excess of molten coatings; Controlling or regulating the coating thickness,Compilation of Changes
2024.05,M,C23C 2/26,C23C 2/26,After-treatment (C23C2/14 takes precedence),After-treatment (C23C2/14 takes precedence),Compilation of Changes
2024.05,M,C23C 2/261,C23C 2/261,"{in a gas atmosphere, e.g. inert or reducing atmosphere}","{in a gas atmosphere, e.g. inert or reducing atmosphere}",Compilation of Changes
2024.05,M,C23C 2/265,C23C 2/265,{by applying solid particles to the molten coating},{by applying solid particles to the molten coating},Compilation of Changes
2024.05,M,C23C 2/28,C23C 2/28,"Thermal after-treatment, e.g. treatment in oil bath","Thermal after-treatment, e.g. treatment in oil bath",Compilation of Changes
2024.05,M,C23C 2/285,C23C 2/285,{for remelting the coating},{for remelting the coating},Compilation of Changes
2024.05,M,C23C 2/29,C23C 2/29,{Cooling or quenching},{Cooling or quenching},Compilation of Changes
2024.05,M,C23C 2/325,C23C 2/325,{Processes or devices for cleaning the bath},{Processes or devices for cleaning the bath},Compilation of Changes
2024.05,M,C23C 2/05,C23C 2/05,{Controlling or regulating the coating processes (C23C2/14 takes precedence)},{Controlling or regulating the coating processes (C23C2/14 takes precedence)},Compilation of Changes
2024.05,U,D21F 1/00,D21F 1/00,Wet end of machines for making continuous webs of paper,Wet end of machines for making continuous webs of paper,Compilation of Changes
2024.05,M,D21F 1/01,D21F 1/01,Wire-cloths (production of wire-cloths B21F),Wire-cloths (production of wire-cloths B21F),Compilation of Changes
2024.05,M,D21F 1/36,D21F 1/36,Guiding mechanisms (suction rolls D21F3/10),Guiding mechanisms (suction rolls D21F3/10),Compilation of Changes
2024.05,U,D21F 1/66,D21F 1/66,"Pulp catching, de-watering, or recovering; Re-use of pulp-water","Pulp catching, de-watering, or recovering; Re-use of pulp-water",Compilation of Changes
2024.05,M,D21F 1/68,D21F 1/68,using hydrocyclones (hydrocyclones B04C),using hydrocyclones (hydrocyclones B04C),Compilation of Changes
2024.05,M,D21F 2/00,D21F 2/00,Transferring continuous webs from wet ends to press sections {(handling webs in general B65H)},Transferring continuous webs from wet ends to press sections {(handling webs in general B65H)},Compilation of Changes
2024.05,U,E05F 15/00,E05F 15/00,Power-operated mechanisms for wings (motor-operated accessories in locks for completing closing or initiating opening of a wing E05B17/00),Power-operated mechanisms for wings (motor-operated accessories in locks for completing closing or initiating opening of a wing E05B17/00),Compilation of Changes
2024.05,U,E05F 15/06,E05F 15/06,using electrical actuators,using electrical actuators,Compilation of Changes
2024.05,U,E05F 15/603,E05F 15/603,using rotary electromotors,using rotary electromotors,Compilation of Changes
2024.05,U,E05F 15/611,E05F 15/611,for swinging wings,for swinging wings,Compilation of Changes
2024.05,M,E05F 15/627,E05F 15/627,"operated by flexible elongated pulling elements, e.g. belts, chains or cables (using flexible elongated push-pull mechanisms E05F15/619)","operated by flexible elongated pulling elements, e.g. belts, chains or cables (using flexible elongated push-pull mechanisms E05F15/619)",Compilation of Changes
2024.05,M,E05Y 2201/00,E05Y 2201/00,Constructional elements; Accessories thereforetherefor,Constructional elements; Accessories thereforetherefor,Compilation of Changes
2024.05,M,E05Y 2201/02,E05Y 2201/02,"Brakes; Disengaging means, e.g. clutches; Holders, e.g. locks; Stops; Valves; Accessories thereforetherefor","Brakes; Disengaging means, e.g. clutches; Holders, e.g. locks; Stops; Valves; Accessories thereforetherefor",Compilation of Changes
2024.05,U,E05Y 2201/218,E05Y 2201/218,Holders,Holders,Compilation of Changes
2024.05,C,E05Y 2201/22,E05Y 2201/22,Locks,Locks,Compilation of Changes
2024.05,N,E05Y 2201/221,E05Y 2201/221,Touch latches,Touch latches,Compilation of Changes
2024.05,U,E05Y 2201/23,E05Y 2201/23,Actuation thereof,Actuation thereof,Compilation of Changes
2024.05,M,E05Y 2201/246,E05Y 2201/246,"by auxiliary motors, magnets, springs or weights","by auxiliary motors, magnets, springs or weights",Compilation of Changes
2024.05,M,E05Y 2201/248,E05Y 2201/248,characterised by the transmissionTransmissions,characterised by the transmissionTransmissions,Compilation of Changes
2024.05,M,E05Y 2201/25,E05Y 2201/25,ForceMechanical means for force or torque adjustment therefore therefor(E05Y2400/21 takes precedence),ForceMechanical means for force or torque adjustment therefore therefor(E05Y2400/21 takes precedence),Compilation of Changes
2024.05,M,E05Y 2201/252,E05Y 2201/252,characterised by typeType of friction,characterised by typeType of friction,Compilation of Changes
2024.05,M,E05Y 2201/262,E05Y 2201/262,"characterised by type of motionType of motion, e.g. braking","characterised by type of motionType of motion, e.g. braking",Compilation of Changes
2024.05,M,E05Y 2201/04,E05Y 2201/04,Motors; Magnets; Springs; Weights; Accessories thereforetherefor,Motors; Magnets; Springs; Weights; Accessories thereforetherefor,Compilation of Changes
2024.05,M,E05Y 2201/404,E05Y 2201/404,characterised by the functionFunction thereof,characterised by the functionFunction thereof,Compilation of Changes
2024.05,M,E05Y 2201/406,E05Y 2201/406,for additional wing movements onlya secondary movement of the wing,for additional wing movements onlya secondary movement of the wing,Compilation of Changes
2024.05,M,E05Y 2201/47,E05Y 2201/47,Springs; Spring tensioners,Springs; Spring tensioners,Compilation of Changes
2024.05,M,E05Y 2201/48,E05Y 2201/48,Leaf or leg springs,Leaf or leg springs,Compilation of Changes
2024.05,D,E05Y 2201/492,E05Y 2201/492,"Spring tensioners, tension sensors","Spring tensioners, tension sensors",Compilation of Changes
2024.05,U,E05Y 2201/496,E05Y 2201/496,Double acting springs,Double acting springs,Compilation of Changes
2024.05,N,E05Y 2201/499,E05Y 2201/499,Spring tensioners; Tension sensors,Spring tensioners; Tension sensors,Compilation of Changes
2024.05,T,E05Y 2201/06,E05Y 2201/06,Suspension or transmission members; Accessories thereforetherefor,Suspension or transmission members; Accessories thereforetherefor,Compilation of Changes
2024.05,D,E05Y 2201/602,E05Y 2201/602,Suspension members,Suspension members,Compilation of Changes
2024.05,M,E05Y 2201/606,E05Y 2201/606,Accessories thereforetherefor,Accessories thereforetherefor,Compilation of Changes
2024.05,M,E05Y 2201/62,E05Y 2201/62,Synchronisation of suspension or transmission members,Synchronisation of suspension or transmission members,Compilation of Changes
2024.05,U,E05Y 2201/622,E05Y 2201/622,Suspension or transmission members elements,Suspension or transmission members elements,Compilation of Changes
2024.05,M,E05Y 2201/644,E05Y 2201/644,Flexible elongated pulling elements; Members cooperating with flexible elongated pulling elements,Flexible elongated pulling elements; Members cooperating with flexible elongated pulling elements,Compilation of Changes
2024.05,M,E05Y 2201/648,E05Y 2201/648,having teeth (toothed gearing E05Y2201/71),having teeth (toothed gearing E05Y2201/71),Compilation of Changes
2024.05,M,E05Y 2201/658,E05Y 2201/658,Members cooperating with flexible elongated pulling elements,Members cooperating with flexible elongated pulling elements,Compilation of Changes
2024.05,M,E05Y 2201/66,E05Y 2201/66,Deflectors; Guides,Deflectors; Guides,Compilation of Changes
2024.05,M,E05Y 2201/662,E05Y 2201/662,Cable sheaths,Cable sheaths,Compilation of Changes
2024.05,M,E05Y 2201/664,E05Y 2201/664,Drums,Drums,Compilation of Changes
2024.05,M,E05Y 2201/666,E05Y 2201/666,Magazines,Magazines,Compilation of Changes
2024.05,M,E05Y 2201/668,E05Y 2201/668,Pulleys; Wheels,Pulleys; Wheels,Compilation of Changes
2024.05,M,E05Y 2201/67,E05Y 2201/67,in tackles,in tackles,Compilation of Changes
2024.05,M,E05Y 2201/672,E05Y 2201/672,"Tensioners, tension sensors","Tensioners, tension sensors",Compilation of Changes
2024.05,M,E05Y 2201/684,E05Y 2201/684,Rails; Tracks,Rails; Tracks,Compilation of Changes
2024.05,M,E05Y 2201/708,E05Y 2201/708,Sliders (E05Y2201/64 takes precedence),Sliders (E05Y2201/64 takes precedence),Compilation of Changes
2024.05,U,E05Y 2201/71,E05Y 2201/71,Toothed gearing,Toothed gearing,Compilation of Changes
2024.05,U,E05Y 2201/716,E05Y 2201/716,Pinions,Pinions,Compilation of Changes
2024.05,U,E05Y 2201/718,E05Y 2201/718,Bevelled pinions,Bevelled pinions,Compilation of Changes
2024.05,M,E05Y 2400/00,E05Y 2400/00,Electronic control; Electrical power; Power supply; Power or signal transmission; User interfaces,Electronic control; Electrical power; Power supply; Power or signal transmission; User interfaces,Compilation of Changes
2024.05,U,E05Y 2400/01,E05Y 2400/01,Electronic control,Electronic control,Compilation of Changes
2024.05,U,E05Y 2400/02,E05Y 2400/02,"of brakes, disengaging means, holders or stops","of brakes, disengaging means, holders or stops",Compilation of Changes
2024.05,M,E05Y 2400/202,E05Y 2400/202,Force or torque control (mechanical aspects E05Y2201/25),Force or torque control (mechanical aspects E05Y2201/25),Compilation of Changes
2024.05,U,E05Y 2400/03,E05Y 2400/03,of motors,of motors,Compilation of Changes
2024.05,N,E05Y 2400/3013,E05Y 2400/3013,during manual wing operation,during manual wing operation,Compilation of Changes
2024.05,N,E05Y 2400/3014,E05Y 2400/3014,Back driving the transmission or motor,Back driving the transmission or motor,Compilation of Changes
2024.05,N,E05Y 2400/3015,E05Y 2400/3015,Power assistance,Power assistance,Compilation of Changes
2024.05,N,E05Y 2400/3016,E05Y 2400/3016,Overriding existing wing movement,Overriding existing wing movement,Compilation of Changes
2024.05,N,E05Y 2400/3017,E05Y 2400/3017,Safety means therefor,Safety means therefor,Compilation of Changes
2024.05,M,E05Y 2400/302,E05Y 2400/302,during electromotoricelectric motor braking,during electromotoricelectric motor braking,Compilation of Changes
2024.05,N,E05Y 2400/304,E05Y 2400/304,Voltage control,Voltage control,Compilation of Changes
2024.05,N,E05Y 2400/306,E05Y 2400/306,Temperature control,Temperature control,Compilation of Changes
2024.05,M,E05Y 2400/32,E05Y 2400/32,"Position control, detection or monitoring","Position control, detection or monitoring",Compilation of Changes
2024.05,M,E05Y 2400/322,E05Y 2400/322,"by using absolute position sensors (sensors for electronic control of hinges, wings, windows as such E05Y2400/44)","by using absolute position sensors (sensors for electronic control of hinges, wings, windows as such E05Y2400/44)",Compilation of Changes
2024.05,M,E05Y 2400/324,E05Y 2400/324,Switches,Switches,Compilation of Changes
2024.05,M,E05Y 2400/326,E05Y 2400/326,of the angular type,of the angular type,Compilation of Changes
2024.05,M,E05Y 2400/328,E05Y 2400/328,of the linear type,of the linear type,Compilation of Changes
2024.05,M,E05Y 2400/33,E05Y 2400/33,"by using load sensors (sensors for electronic control of hinges, wings, windows as such E05Y2400/44)","by using load sensors (sensors for electronic control of hinges, wings, windows as such E05Y2400/44)",Compilation of Changes
2024.05,M,E05Y 2400/332,E05Y 2400/332,Switches,Switches,Compilation of Changes
2024.05,M,E05Y 2400/334,E05Y 2400/334,by using pulse generators,by using pulse generators,Compilation of Changes
2024.05,M,E05Y 2400/336,E05Y 2400/336,of the angular type,of the angular type,Compilation of Changes
2024.05,M,E05Y 2400/337,E05Y 2400/337,Encoder wheels,Encoder wheels,Compilation of Changes
2024.05,M,E05Y 2400/338,E05Y 2400/338,of the linear type,of the linear type,Compilation of Changes
2024.05,M,E05Y 2400/34,E05Y 2400/34,Pulse count limit setting,Pulse count limit setting,Compilation of Changes
2024.05,M,E05Y 2400/342,E05Y 2400/342,Pulse count value setting or correcting,Pulse count value setting or correcting,Compilation of Changes
2024.05,M,E05Y 2400/35,E05Y 2400/35,related to specific positions,related to specific positions,Compilation of Changes
2024.05,M,E05Y 2400/354,E05Y 2400/354,End positions,End positions,Compilation of Changes
2024.05,M,E05Y 2400/356,E05Y 2400/356,Predefined intermediateIntermediate positions,Predefined intermediateIntermediate positions,Compilation of Changes
2024.05,M,E05Y 2400/358,E05Y 2400/358,in the proximity of end positions,in the proximity of end positions,Compilation of Changes
2024.05,C,E05Y 2400/36,E05Y 2400/36,"Speed control, detection or monitoring","Speed control, detection or monitoring",Compilation of Changes
2024.05,N,E05Y 2400/37,E05Y 2400/37,by using acceleration sensors,by using acceleration sensors,Compilation of Changes
2024.05,M,E05Y 2400/04,E05Y 2400/04,Control units thereforetherefor,Control units thereforetherefor,Compilation of Changes
2024.05,M,E05Y 2400/41,E05Y 2400/41,for multiple motors,for multiple motors,Compilation of Changes
2024.05,M,E05Y 2400/415,E05Y 2400/415,for multiple wings,for multiple wings,Compilation of Changes
2024.05,M,E05Y 2400/42,E05Y 2400/42,for multiple openings,for multiple openings,Compilation of Changes
2024.05,M,E05Y 2400/44,E05Y 2400/44,"Sensors therefore not directly associated with the wing movement(E05Y2400/322, E05Y2400/33, E05Y2400/55, E05Y2400/56, E05Y2400/852 take precedence)","Sensors therefore not directly associated with the wing movement(E05Y2400/322, E05Y2400/33, E05Y2400/55, E05Y2400/56, E05Y2400/852 take precedence)",Compilation of Changes
2024.05,U,E05Y 2400/445,E05Y 2400/445,Switches,Switches,Compilation of Changes
2024.05,N,E05Y 2400/446,E05Y 2400/446,"Vehicle state sensors, e.g. parked or inclination","Vehicle state sensors, e.g. parked or inclination",Compilation of Changes
2024.05,N,E05Y 2400/447,E05Y 2400/447,Moisture or submergence sensors,Moisture or submergence sensors,Compilation of Changes
2024.05,N,E05Y 2400/449,E05Y 2400/449,Pollutant or particulate sensors,Pollutant or particulate sensors,Compilation of Changes
2024.05,U,E05Y 2400/45,E05Y 2400/45,Control modes,Control modes,Compilation of Changes
2024.05,M,E05Y 2400/452,E05Y 2400/452,"for saving energy, e.g. sleep or wake-up","for saving energy, e.g. sleep or wake-up",Compilation of Changes
2024.05,M,E05Y 2400/456,E05Y 2400/456,"for programming, e.g. learning or AI [artificial intelligence]","for programming, e.g. learning or AI [artificial intelligence]",Compilation of Changes
2024.05,U,E05Y 2400/05,E05Y 2400/05,Fault detection,Fault detection,Compilation of Changes
2024.05,T,E05Y 2400/502,E05Y 2400/502,of components,of components,Compilation of Changes
2024.05,M,E05Y 2400/504,E05Y 2400/504,"of control, of software","of control, of software",Compilation of Changes
2024.05,M,E05Y 2400/52,E05Y 2400/52,Safety arrangements associated with the wing motor(Safety means for manual wing operation E05Y2800/116),Safety arrangements associated with the wing motor(Safety means for manual wing operation E05Y2800/116),Compilation of Changes
2024.05,U,E05Y 2400/525,E05Y 2400/525,Car-jacking prevention,Car-jacking prevention,Compilation of Changes
2024.05,N,E05Y 2400/528,E05Y 2400/528,Overheating or overcooling prevention,Overheating or overcooling prevention,Compilation of Changes
2024.05,U,E05Y 2400/53,E05Y 2400/53,Wing impact prevention or reduction,Wing impact prevention or reduction,Compilation of Changes
2024.05,M,E05Y 2400/532,E05Y 2400/532,Emergency braking or blocking,Emergency braking or blocking,Compilation of Changes
2024.05,T,E05Y 2400/54,E05Y 2400/54,Obstruction or resistance detection,Obstruction or resistance detection,Compilation of Changes
2024.05,M,E05Y 2400/55,E05Y 2400/55,"by using load sensors (sensors for electronic control of hinges, wings, windows as such E05Y2400/44)","by using load sensors (sensors for electronic control of hinges, wings, windows as such E05Y2400/44)",Compilation of Changes
2024.05,M,E05Y 2400/56,E05Y 2400/56,"by using speed sensors (sensors for electronic control of hinges, wings, windows as such E05Y2400/44)","by using speed sensors (sensors for electronic control of hinges, wings, windows as such E05Y2400/44)",Compilation of Changes
2024.05,D,E05Y 2400/59,E05Y 2400/59,Travel display,Travel display,Compilation of Changes
2024.05,M,E05Y 2400/06,E05Y 2400/06,"Power supply; Power or signal transmissionElectrical power characteristics, e.g. pulsed or alternating powered and powerless modes","Power supply; Power or signal transmissionElectrical power characteristics, e.g. pulsed or alternating powered and powerless modes",Compilation of Changes
2024.05,M,E05Y 2400/61,E05Y 2400/61,Power supply,Power supply,Compilation of Changes
2024.05,M,E05Y 2400/612,E05Y 2400/612,Batteries,Batteries,Compilation of Changes
2024.05,M,E05Y 2400/614,E05Y 2400/614,charging thereof,charging thereof,Compilation of Changes
2024.05,M,E05Y 2400/616,E05Y 2400/616,Generators,Generators,Compilation of Changes
2024.05,M,E05Y 2400/628,E05Y 2400/628,Solar cells,Solar cells,Compilation of Changes
2024.05,M,E05Y 2400/65,E05Y 2400/65,Power or signal transmission,Power or signal transmission,Compilation of Changes
2024.05,M,E05Y 2400/652,E05Y 2400/652,by bus,by bus,Compilation of Changes
2024.05,M,E05Y 2400/654,E05Y 2400/654,by electrical cables,by electrical cables,Compilation of Changes
2024.05,M,E05Y 2400/656,E05Y 2400/656,by travelling contacts,by travelling contacts,Compilation of Changes
2024.05,M,E05Y 2400/658,E05Y 2400/658,with current rails,with current rails,Compilation of Changes
2024.05,M,E05Y 2400/66,E05Y 2400/66,Wireless transmission,Wireless transmission,Compilation of Changes
2024.05,M,E05Y 2400/662,E05Y 2400/662,by optical waves,by optical waves,Compilation of Changes
2024.05,M,E05Y 2400/664,E05Y 2400/664,by radio waves,by radio waves,Compilation of Changes
2024.05,C,E05Y 2400/08,E05Y 2400/08,User interfaces,User interfaces,Compilation of Changes
2024.05,M,E05Y 2400/81,E05Y 2400/81,"User displaysFeedback to user, e.g. tactile","User displaysFeedback to user, e.g. tactile",Compilation of Changes
2024.05,M,E05Y 2400/812,E05Y 2400/812,with acoustic displayAcoustic,with acoustic displayAcoustic,Compilation of Changes
2024.05,M,E05Y 2400/814,E05Y 2400/814,"Sound emitters, e.g. speakersloudspeakers","Sound emitters, e.g. speakersloudspeakers",Compilation of Changes
2024.05,M,E05Y 2400/816,E05Y 2400/816,Voice emitters,Voice emitters,Compilation of Changes
2024.05,C,E05Y 2400/818,E05Y 2400/818,with visual displayVisual,with visual displayVisual,Compilation of Changes
2024.05,M,E05Y 2400/82,E05Y 2400/82,"Images, Symbols; Symbols","Images, Symbols; Symbols",Compilation of Changes
2024.05,M,E05Y 2400/822,E05Y 2400/822,"Light emitters, e.g. LEDslight emitting diodes [LED]","Light emitters, e.g. LEDslight emitting diodes [LED]",Compilation of Changes
2024.05,N,E05Y 2400/83,E05Y 2400/83,Travel information display,Travel information display,Compilation of Changes
2024.05,C,E05Y 2400/85,E05Y 2400/85,User input means,User input means,Compilation of Changes
2024.05,N,E05Y 2400/8505,E05Y 2400/8505,"User authentication, e.g. biometric","User authentication, e.g. biometric",Compilation of Changes
2024.05,N,E05Y 2400/851,E05Y 2400/851,Voice,Voice,Compilation of Changes
2024.05,N,E05Y 2400/8515,E05Y 2400/8515,Smart phones; Tablets,Smart phones; Tablets,Compilation of Changes
2024.05,M,E05Y 2400/856,E05Y 2400/856,Actuation thereof,Actuation thereof,Compilation of Changes
2024.05,M,E05Y 2400/858,E05Y 2400/858,"by body parts, e.g. by feet","by body parts, e.g. by feet",Compilation of Changes
2024.05,M,E05Y 2400/86,E05Y 2400/86,by hand,by hand,Compilation of Changes
2024.05,U,E05Y 2600/00,E05Y 2600/00,Mounting or coupling arrangements for elements provided for in this subclass,Mounting or coupling arrangements for elements provided for in this subclass,Compilation of Changes
2024.05,M,E05Y 2600/01,E05Y 2600/01,Adjustable or movable,Adjustable or movable,Compilation of Changes
2024.05,M,E05Y 2600/13,E05Y 2600/13,"by motors, magnets, springs, or weights","by motors, magnets, springs, or weights",Compilation of Changes
2024.05,M,E05Y 2600/02,E05Y 2600/02,characterised by the movement transmissionwith specific transmission movement,characterised by the movement transmissionwith specific transmission movement,Compilation of Changes
2024.05,M,E05Y 2600/03,E05Y 2600/03,characterised by the type ofAdjustment motion,characterised by the type ofAdjustment motion,Compilation of Changes
2024.05,U,E05Y 2600/05,E05Y 2600/05,Mounting methods; Positioning,Mounting methods; Positioning,Compilation of Changes
2024.05,U,E05Y 2600/506,E05Y 2600/506,Plastic deformation,Plastic deformation,Compilation of Changes
2024.05,M,E05Y 2600/508,E05Y 2600/508,Riveting (in general B21J),Riveting (in general B21J),Compilation of Changes
2024.05,U,E05Y 2600/52,E05Y 2600/52,Toolless,Toolless,Compilation of Changes
2024.05,M,E05Y 2600/526,E05Y 2600/526,GlueingGluing or cementing,GlueingGluing or cementing,Compilation of Changes
2024.05,M,E05Y 2600/54,E05Y 2600/54,"Welding (in general B23K, B29C65/02)","Welding (in general B23K, B29C65/02)",Compilation of Changes
2024.05,C,E05Y 2600/56,E05Y 2600/56,"Positioning, e.g. re-positioning, or pre-mounting","Positioning, e.g. re-positioning, or pre-mounting",Compilation of Changes
2024.05,N,E05Y 2600/58,E05Y 2600/58,"by using indicators or markings, e.g. scales","by using indicators or markings, e.g. scales",Compilation of Changes
2024.05,M,E05Y 2600/06,E05Y 2600/06,"Mounting or coupling members (devices for fastening or securing constructional elements or machine parts together,  e.g. nails, bolts, in general F16B); Accessories thereforetherefor","Mounting or coupling members (devices for fastening or securing constructional elements or machine parts together,  e.g. nails, bolts, in general F16B); Accessories thereforetherefor",Compilation of Changes
2024.05,M,E05Y 2600/628,E05Y 2600/628,Profiles; Strips,Profiles; Strips,Compilation of Changes
2024.05,U,E05Y 2800/00,E05Y 2800/00,"Details, accessories and auxiliary operations not otherwise provided for","Details, accessories and auxiliary operations not otherwise provided for",Compilation of Changes
2024.05,U,E05Y 2800/01,E05Y 2800/01,Additional functions,Additional functions,Compilation of Changes
2024.05,D,E05Y 2800/11,E05Y 2800/11,Manual wing operation,Manual wing operation,Compilation of Changes
2024.05,D,E05Y 2800/112,E05Y 2800/112,Back driving the transmission or motor,Back driving the transmission or motor,Compilation of Changes
2024.05,D,E05Y 2800/113,E05Y 2800/113,Power assistance,Power assistance,Compilation of Changes
2024.05,D,E05Y 2800/114,E05Y 2800/114,Overriding existing wing movement,Overriding existing wing movement,Compilation of Changes
2024.05,D,E05Y 2800/116,E05Y 2800/116,Safety means therefore,Safety means therefore,Compilation of Changes
2024.05,U,E05Y 2800/122,E05Y 2800/122,Telescopic action,Telescopic action,Compilation of Changes
2024.05,N,E05Y 2800/13,E05Y 2800/13,Sequential actions,Sequential actions,Compilation of Changes
2024.05,U,E05Y 2800/15,E05Y 2800/15,Applicability,Applicability,Compilation of Changes
2024.05,M,E05Y 2800/16,E05Y 2800/16,applicableApplicable on combinations of fixed and movable wings,applicableApplicable on combinations of fixed and movable wings,Compilation of Changes
2024.05,U,E05Y 2800/17,E05Y 2800/17,Universally applicable,Universally applicable,Compilation of Changes
2024.05,M,E05Y 2800/176,E05Y 2800/176,"on different wing types, weights or sizes","on different wing types, weights or sizes",Compilation of Changes
2024.05,U,E05Y 2800/02,E05Y 2800/02,Combinations of elements,Combinations of elements,Compilation of Changes
2024.05,U,E05Y 2800/23,E05Y 2800/23,of elements of different categories,of elements of different categories,Compilation of Changes
2024.05,M,E05Y 2800/234,E05Y 2800/234,of motors and brakes; of motors and locks,of motors and brakes; of motors and locks,Compilation of Changes
2024.05,T,E05Y 2800/26,E05Y 2800/26,"Form, or shape","Form, or shape",Compilation of Changes
2024.05,F,E05Y 2800/264,E05Y 2800/264,compact,compact,Compilation of Changes
2024.05,C,E05Y 2800/268,E05Y 2800/268,cylindrical; disc-shaped; circular,cylindrical; disc-shaped; circular,Compilation of Changes
2024.05,N,E05Y 2800/269,E05Y 2800/269,"ball shaped, e.g. spherical","ball shaped, e.g. spherical",Compilation of Changes
2024.05,M,E05Y 2800/27,E05Y 2800/27,profilesProfiles; Strips,profilesProfiles; Strips,Compilation of Changes
2024.05,M,E05Y 2800/28,E05Y 2800/28,"tubular, annular","tubular, annular",Compilation of Changes
2024.05,U,E05Y 2800/298,E05Y 2800/298,having indentations,having indentations,Compilation of Changes
2024.05,N,E05Y 2800/03,E05Y 2800/03,"inclined, angled","inclined, angled",Compilation of Changes
2024.05,N,E05Y 2800/31,E05Y 2800/31,eccentric,eccentric,Compilation of Changes
2024.05,M,E05Y 2800/37,E05Y 2800/37,"Length, width or depth adjustment","Length, width or depth adjustment",Compilation of Changes
2024.05,M,E05Y 2800/372,E05Y 2800/372,TelescopicalTelescopically,TelescopicalTelescopically,Compilation of Changes
2024.05,M,E05Y 2800/04,E05Y 2800/04,"Protection Physical or chemical protection(E05Y2400/50, E05Y2400/52 take precedence)","Protection Physical or chemical protection(E05Y2400/50, E05Y2400/52 take precedence)",Compilation of Changes
2024.05,C,E05Y 2800/404,E05Y 2800/404,against component faults or failure,against component faults or failure,Compilation of Changes
2024.05,C,E05Y 2800/41,E05Y 2800/41,against finger injury,against finger injury,Compilation of Changes
2024.05,C,E05Y 2800/414,E05Y 2800/414,against high or low temperatures,against high or low temperatures,Compilation of Changes
2024.05,M,E05Y 2800/424,E05Y 2800/424,"against unintended use, e.g. protection against vandalism or sabotage","against unintended use, e.g. protection against vandalism or sabotage",Compilation of Changes
2024.05,C,E05Y 2800/426,E05Y 2800/426,"against unauthorised use , e.g. keys(E05Y2400/51, E05Y2400/522 take precedence)","against unauthorised use , e.g. keys(E05Y2400/51, E05Y2400/522 take precedence)",Compilation of Changes
2024.05,C,E05Y 2800/428,E05Y 2800/428,against water or ice,against water or ice,Compilation of Changes
2024.05,U,E05Y 2800/45,E05Y 2800/45,Manufacturing,Manufacturing,Compilation of Changes
2024.05,M,E05Y 2800/455,E05Y 2800/455,"Extrusion (in general B29C48/00, B21C23/00)","Extrusion (in general B29C48/00, B21C23/00)",Compilation of Changes
2024.05,M,E05Y 2800/46,E05Y 2800/46,Injection moulding (in general B29C45/00),Injection moulding (in general B29C45/00),Compilation of Changes
2024.05,U,E05Y 2800/67,E05Y 2800/67,Materials; Strength alteration thereof,Materials; Strength alteration thereof,Compilation of Changes
2024.05,C,E05Y 2800/676,E05Y 2800/676,Plastics,Plastics,Compilation of Changes
2024.05,C,E05Y 2800/678,E05Y 2800/678,Elastomers,Elastomers,Compilation of Changes
2024.05,M,E05Y 2800/68,E05Y 2800/68,Combinations of materials creating distinct article parts,Combinations of materials creating distinct article parts,Compilation of Changes
2024.05,C,E05Y 2800/682,E05Y 2800/682,"Strength alteration by reinforcing, e.g. by applying ribs","Strength alteration by reinforcing, e.g. by applying ribs",Compilation of Changes
2024.05,N,E05Y 2800/683,E05Y 2800/683,by fibre reinforcement,by fibre reinforcement,Compilation of Changes
2024.05,U,E05Y 2800/69,E05Y 2800/69,Permanence of use,Permanence of use,Compilation of Changes
2024.05,M,E05Y 2800/692,E05Y 2800/692,"Temporary use, e.g. removable tools","Temporary use, e.g. removable tools",Compilation of Changes
2024.05,M,E05Y 2800/72,E05Y 2800/72,"Sets of mutually exchangeable elements, e.g. modular","Sets of mutually exchangeable elements, e.g. modular",Compilation of Changes
2024.05,M,E05Y 2800/73,E05Y 2800/73,Single use of elementsMultiple functions,Single use of elementsMultiple functions,Compilation of Changes
2024.05,M,E05Y 2800/74,E05Y 2800/74,Specific positions (E05Y2400/35 takes precedence),Specific positions (E05Y2400/35 takes precedence),Compilation of Changes
2024.05,M,E05Y 2800/748,E05Y 2800/748,end,end,Compilation of Changes
2024.05,U,E05Y 2900/00,E05Y 2900/00,"Application of doors, windows, wings or fittings thereof","Application of doors, windows, wings or fittings thereof",Compilation of Changes
2024.05,U,E05Y 2900/01,E05Y 2900/01,for buildings or parts thereof,for buildings or parts thereof,Compilation of Changes
2024.05,M,E05Y 2900/13,E05Y 2900/13,characterised by the typeType of wing,characterised by the typeType of wing,Compilation of Changes
2024.05,U,E05Y 2900/132,E05Y 2900/132,Doors,Doors,Compilation of Changes
2024.05,M,E05Y 2900/136,E05Y 2900/136,Screens; Insect doors,Screens; Insect doors,Compilation of Changes
2024.05,M,E05Y 2900/02,E05Y 2900/02,"for furnituresfurniture, e.g. cabinets","for furnituresfurniture, e.g. cabinets",Compilation of Changes
2024.05,M,E05Y 2900/202,E05Y 2900/202,"for display cabinets, e.g. for refrigerated cabinets","for display cabinets, e.g. for refrigerated cabinets",Compilation of Changes
2024.05,M,E05Y 2900/204,E05Y 2900/204,"for display counters, e.g. for refrigerated counters","for display counters, e.g. for refrigerated counters",Compilation of Changes
2024.05,U,E05Y 2900/03,E05Y 2900/03,for domestic appliances,for domestic appliances,Compilation of Changes
2024.05,M,E05Y 2900/312,E05Y 2900/312,for washing machines or laundry dryers,for washing machines or laundry dryers,Compilation of Changes
2024.05,U,E05Y 2900/05,E05Y 2900/05,for vehicles,for vehicles,Compilation of Changes
2024.05,M,E05Y 2900/502,E05Y 2900/502,for aircraft or spacecraft,for aircraft or spacecraft,Compilation of Changes
2024.05,M,E05Y 2900/504,E05Y 2900/504,for armoredarmoured vehicles,for armoredarmoured vehicles,Compilation of Changes
2024.05,M,E05Y 2900/53,E05Y 2900/53,characterised by the typeType of wing,characterised by the typeType of wing,Compilation of Changes
2024.05,M,E05Y 2900/534,E05Y 2900/534,"Fuel lids, charger lids","Fuel lids, charger lids",Compilation of Changes
2024.05,N,E05Y 2900/535,E05Y 2900/535,"Hatch covers, e.g. for recreational vehicles or armoured vehicles","Hatch covers, e.g. for recreational vehicles or armoured vehicles",Compilation of Changes
2024.05,M,E05Y 2900/544,E05Y 2900/544,"Tailboards or sideboards, tailgates or sideboards opening downwards","Tailboards or sideboards, tailgates or sideboards opening downwards",Compilation of Changes
2024.05,M,E05Y 2900/546,E05Y 2900/546,"TailgatesTailboards, tailgates or sideboards opening upwards","TailgatesTailboards, tailgates or sideboards opening upwards",Compilation of Changes
2024.05,D,E05Y 2900/06,E05Y 2900/06,for other use,for other use,Compilation of Changes
2024.05,D,E05Y 2900/602,E05Y 2900/602,for containers,for containers,Compilation of Changes
2024.05,D,E05Y 2900/604,E05Y 2900/604,for large containers,for large containers,Compilation of Changes
2024.05,D,E05Y 2900/606,E05Y 2900/606,for electronic devices,for electronic devices,Compilation of Changes
2024.05,D,E05Y 2900/608,E05Y 2900/608,for machines,for machines,Compilation of Changes
2024.05,D,E05Y 2900/612,E05Y 2900/612,for manhole covers,for manhole covers,Compilation of Changes
2024.05,D,E05Y 2900/614,E05Y 2900/614,for toilet seats or covers,for toilet seats or covers,Compilation of Changes
2024.05,N,E05Y 2999/00,E05Y 2999/00,Subject-matter not otherwise provided for in this subclass,Subject-matter not otherwise provided for in this subclass,Compilation of Changes
2024.05,M,E21B 1/00,E21B 1/00,Percussion drilling,Percussion drilling,Compilation of Changes
2024.05,M,E21B 1/02,E21B 1/02,"Surface drives for drop hammers {or percussion drilling}, e.g. with a cable","Surface drives for drop hammers {or percussion drilling}, e.g. with a cable",Compilation of Changes
2024.05,M,E21B 1/04,E21B 1/04,Devices for reversing the movement of the rod or cable at the surface,Devices for reversing the movement of the rod or cable at the surface,Compilation of Changes
2024.05,M,E21B 1/12,E21B 1/12,"with a reciprocating impulse member (E21B1/02, E21B1/38 take precedence)","with a reciprocating impulse member (E21B1/02, E21B1/38 take precedence)",Compilation of Changes
2024.05,M,E21B 1/14,E21B 1/14,driven by a rotating mechanism,driven by a rotating mechanism,Compilation of Changes
2024.05,M,E21B 1/22,E21B 1/22,driven by electromagnets,driven by electromagnets,Compilation of Changes
2024.05,M,E21B 1/24,E21B 1/24,the impulse member being a piston driven directly by fluid pressure,the impulse member being a piston driven directly by fluid pressure,Compilation of Changes
2024.05,M,E21B 1/36,E21B 1/36,"Tool-carrier piston type, i.e. in which the tool is connected to an impulse member","Tool-carrier piston type, i.e. in which the tool is connected to an impulse member",Compilation of Changes
2024.05,M,E21B 1/38,E21B 1/38,"Hammer piston type, i.e. in which the tool bit or anvil is hit by an impulse member","Hammer piston type, i.e. in which the tool bit or anvil is hit by an impulse member",Compilation of Changes
2024.05,M,E21B 3/00,E21B 3/00,Rotary drilling,Rotary drilling,Compilation of Changes
2024.05,M,E21B 3/02,E21B 3/02,Surface drives for rotary drilling,Surface drives for rotary drilling,Compilation of Changes
2024.05,M,E21B 3/022,E21B 3/022,{Top drives},{Top drives},Compilation of Changes
2024.05,M,E21B 3/025,E21B 3/025,with a to-and-fro rotation of the tool,with a to-and-fro rotation of the tool,Compilation of Changes
2024.05,M,E21B 3/03,E21B 3/03,with an intermittent unidirectional rotation of the tool,with an intermittent unidirectional rotation of the tool,Compilation of Changes
2024.05,M,E21B 3/035,E21B 3/035,with slipping or elastic transmission,with slipping or elastic transmission,Compilation of Changes
2024.05,M,E21B 3/04,E21B 3/04,Rotary tables,Rotary tables,Compilation of Changes
2024.05,U,E21B 7/00,E21B 7/00,Special methods or apparatus for drilling,Special methods or apparatus for drilling,Compilation of Changes
2024.05,U,E21B 7/02,E21B 7/02,"Drilling rigs characterised by means for land transport {with their own drive}, e.g. skid mounting or wheel mounting","Drilling rigs characterised by means for land transport {with their own drive}, e.g. skid mounting or wheel mounting",Compilation of Changes
2024.05,U,E21B 7/027,E21B 7/027,"{Drills for drilling shallow holes, e.g. for taking soil samples or for drilling postholes}","{Drills for drilling shallow holes, e.g. for taking soil samples or for drilling postholes}",Compilation of Changes
2024.05,M,E21B 7/028,E21B 7/028,"{the drilling apparatus being detachable from the vehicle, e.g. hand portable drills}","{the drilling apparatus being detachable from the vehicle, e.g. hand portable drills}",Compilation of Changes
2024.05,M,E21B 7/26,E21B 7/26,"Drilling without earth removal, e.g. with self-propelled burrowing devices (E21B7/30 takes precedence)","Drilling without earth removal, e.g. with self-propelled burrowing devices (E21B7/30 takes precedence)",Compilation of Changes
2024.05,M,E21B 7/265,E21B 7/265,{Combined with earth removal},{Combined with earth removal},Compilation of Changes
2024.05,M,E21B 7/267,E21B 7/267,"{Drilling devices with senders, e.g. radio-transmitters for position of drilling tool}","{Drilling devices with senders, e.g. radio-transmitters for position of drilling tool}",Compilation of Changes
2024.05,U,E21B 10/00,E21B 10/00,Drill bits (specially adapted for deflecting the direction of boring {E21B7/064}; with means for collecting substances E21B27/00),Drill bits (specially adapted for deflecting the direction of boring {E21B7/064}; with means for collecting substances E21B27/00),Compilation of Changes
2024.05,M,E21B 10/26,E21B 10/26,"Drill bits with leading portion, i.e. drill bits with a pilot cutter; Drill bits for enlarging the borehole, e.g. reamers (percussion drill bits with leading portion E21B10/40)","Drill bits with leading portion, i.e. drill bits with a pilot cutter; Drill bits for enlarging the borehole, e.g. reamers (percussion drill bits with leading portion E21B10/40)",Compilation of Changes
2024.05,M,E21B 10/265,E21B 10/265,"{Bi-center drill bits, i.e. an integral bit and eccentric reamer used to simultaneously drill and underream the hole}","{Bi-center drill bits, i.e. an integral bit and eccentric reamer used to simultaneously drill and underream the hole}",Compilation of Changes
2024.05,M,E21B 10/28,E21B 10/28,with non-expansible roller cutters,with non-expansible roller cutters,Compilation of Changes
2024.05,M,E21B 10/03,E21B 10/03,"Longitudinal axis roller reamers, e.g. reamer stabilisers","Longitudinal axis roller reamers, e.g. reamer stabilisers",Compilation of Changes
2024.05,M,E21B 10/32,E21B 10/32,with expansible cutting tools,with expansible cutting tools,Compilation of Changes
2024.05,M,E21B 10/322,E21B 10/322,{cutter shifted by fluid pressure (E21B10/345 takes precedence)},{cutter shifted by fluid pressure (E21B10/345 takes precedence)},Compilation of Changes
2024.05,M,E21B 10/325,E21B 10/325,{the cutter being shifted by a spring mechanism},{the cutter being shifted by a spring mechanism},Compilation of Changes
2024.05,M,E21B 10/327,E21B 10/327,{the cutter being pivoted about a longitudinal axis (E21B10/34 takes precedence)},{the cutter being pivoted about a longitudinal axis (E21B10/34 takes precedence)},Compilation of Changes
2024.05,M,E21B 10/34,E21B 10/34,of roller-cutter type,of roller-cutter type,Compilation of Changes
2024.05,M,E21B 10/345,E21B 10/345,{cutter shifted by fluid pressure},{cutter shifted by fluid pressure},Compilation of Changes
2024.05,M,E21B 10/42,E21B 10/42,"Rotary drag type drill bits with teeth, blades or like cutting elements, e.g. fork-type bits, fish tail bits (characterised by wear resisting parts E21B10/46; by conduits or nozzles for drilling fluid E21B10/60; by detachable or adjustable parts E21B10/62)","Rotary drag type drill bits with teeth, blades or like cutting elements, e.g. fork-type bits, fish tail bits (characterised by wear resisting parts E21B10/46; by conduits or nozzles for drilling fluid E21B10/60; by detachable or adjustable parts E21B10/62)",Compilation of Changes
2024.05,M,E21B 10/43,E21B 10/43,characterised by the arrangement of teeth or other cutting elements,characterised by the arrangement of teeth or other cutting elements,Compilation of Changes
2024.05,U,E21B 10/46,E21B 10/46,"characterised by wear resisting parts, e.g. diamond inserts","characterised by wear resisting parts, e.g. diamond inserts",Compilation of Changes
2024.05,U,E21B 10/56,E21B 10/56,Button-type inserts (E21B10/52 takes precedence),Button-type inserts (E21B10/52 takes precedence),Compilation of Changes
2024.05,M,E21B 10/567,E21B 10/567,"with preformed cutting elements mounted on a distinct support, e.g. polycrystalline inserts","with preformed cutting elements mounted on a distinct support, e.g. polycrystalline inserts",Compilation of Changes
2024.05,M,E21B 10/5671,E21B 10/5671,{with chip breaking arrangements},{with chip breaking arrangements},Compilation of Changes
2024.05,M,E21B 10/5673,E21B 10/5673,{having a non planar or non circular cutting face},{having a non planar or non circular cutting face},Compilation of Changes
2024.05,M,E21B 10/62,E21B 10/62,"characterised by parts, e.g. cutting elements, which are detachable or adjustable (E21B10/64 takes precedence; for roller bits E21B10/20; for augers E21B10/44)","characterised by parts, e.g. cutting elements, which are detachable or adjustable (E21B10/64 takes precedence; for roller bits E21B10/20; for augers E21B10/44)",Compilation of Changes
2024.05,M,E21B 11/00,E21B 11/00,Other drilling tools,Other drilling tools,Compilation of Changes
2024.05,M,E21B 11/005,E21B 11/005,{Hand operated drilling tools},{Hand operated drilling tools},Compilation of Changes
2024.05,M,E21B 11/04,E21B 11/04,Boring grabs,Boring grabs,Compilation of Changes
2024.05,U,E21B 17/00,E21B 17/00,Drilling rods or pipes; Flexible drill strings; Kellies; Drill collars; Sucker rods;{Cables;} Casings; Tubings,Drilling rods or pipes; Flexible drill strings; Kellies; Drill collars; Sucker rods;{Cables;} Casings; Tubings,Compilation of Changes
2024.05,M,E21B 17/02,E21B 17/02,Couplings; joints {(expandable couplings or joints E21B43/106)},Couplings; joints {(expandable couplings or joints E21B43/106)},Compilation of Changes
2024.05,M,E21B 17/028,E21B 17/028,{Electrical or electro-magnetic connections},{Electrical or electro-magnetic connections},Compilation of Changes
2024.05,M,E21B 17/0283,E21B 17/0283,"{characterised by the coupling being contactless, e.g. inductive}","{characterised by the coupling being contactless, e.g. inductive}",Compilation of Changes
2024.05,M,E21B 17/0285,E21B 17/0285,{characterised by electrically insulating elements},{characterised by electrically insulating elements},Compilation of Changes
2024.05,M,E21B 17/04,E21B 17/04,between rod {or the like} and bit or between rod and rod {or the like},between rod {or the like} and bit or between rod and rod {or the like},Compilation of Changes
2024.05,M,E21B 17/041,E21B 17/041,{specially adapted for coiled tubing},{specially adapted for coiled tubing},Compilation of Changes
2024.05,M,E21B 17/046,E21B 17/046,"with ribs, pins, or jaws, and complementary grooves or the like, e.g. bayonet catches","with ribs, pins, or jaws, and complementary grooves or the like, e.g. bayonet catches",Compilation of Changes
2024.05,M,E21B 17/0465,E21B 17/0465,{characterised by radially inserted locking elements},{characterised by radially inserted locking elements},Compilation of Changes
2024.05,U,E21B 17/08,E21B 17/08,Casing joints,Casing joints,Compilation of Changes
2024.05,M,E21B 17/085,E21B 17/085,{Riser connections (connectors for wellhead E21B33/038)},{Riser connections (connectors for wellhead E21B33/038)},Compilation of Changes
2024.05,M,E21B 17/0853,E21B 17/0853,"{Connections between sections of riser provided with auxiliary lines, e.g. kill and choke lines}","{Connections between sections of riser provided with auxiliary lines, e.g. kill and choke lines}",Compilation of Changes
2024.05,U,E21B 19/00,E21B 19/00,"Handling rods, casings, tubes or the like outside the borehole, e.g. in the derrick; Apparatus for feeding the rods or cables","Handling rods, casings, tubes or the like outside the borehole, e.g. in the derrick; Apparatus for feeding the rods or cables",Compilation of Changes
2024.05,M,E21B 19/08,E21B 19/08,Apparatus for feeding the rods or cables (E21B19/22 takes precedence; automatic feed E21B44/02); Apparatus for increasing or decreasing the pressure on the drilling tool; Apparatus for counterbalancing the weight of the rods,Apparatus for feeding the rods or cables (E21B19/22 takes precedence; automatic feed E21B44/02); Apparatus for increasing or decreasing the pressure on the drilling tool; Apparatus for counterbalancing the weight of the rods,Compilation of Changes
2024.05,M,E21B 19/081,E21B 19/081,Screw-and-nut feed mechanisms,Screw-and-nut feed mechanisms,Compilation of Changes
2024.05,M,E21B 19/083,E21B 19/083,"Cam, rack or like feed mechanisms","Cam, rack or like feed mechanisms",Compilation of Changes
2024.05,M,E21B 19/084,E21B 19/084,"with flexible drawing means, e.g. cables","with flexible drawing means, e.g. cables",Compilation of Changes
2024.05,M,E21B 19/086,E21B 19/086,"with a fluid-actuated cylinder (E21B19/084, E21B19/087, E21B19/09 take precedence)","with a fluid-actuated cylinder (E21B19/084, E21B19/087, E21B19/09 take precedence)",Compilation of Changes
2024.05,M,E21B 19/087,E21B 19/087,by means of a swinging arm,by means of a swinging arm,Compilation of Changes
2024.05,M,E21B 19/089,E21B 19/089,with a spring or an additional weight,with a spring or an additional weight,Compilation of Changes
2024.05,M,E21B 19/09,E21B 19/09,specially adapted for drilling underwater formations from a floating support using heave compensators supporting the drill string,specially adapted for drilling underwater formations from a floating support using heave compensators supporting the drill string,Compilation of Changes
2024.05,M,E21B 19/01,E21B 19/01,Slips; Spiders {; Catching devices (rotary tables with master bushing or kelly bushing E21B3/04)},Slips; Spiders {; Catching devices (rotary tables with master bushing or kelly bushing E21B3/04)},Compilation of Changes
2024.05,M,E21B 19/102,E21B 19/102,{using rollers or spherical balls as load gripping elements},{using rollers or spherical balls as load gripping elements},Compilation of Changes
2024.05,M,E21B 21/00,E21B 21/00,"Methods or apparatus for flushing boreholes, e.g. by use of exhaust air from motor (freeing objects stuck in boreholes by flushing E21B31/03)","Methods or apparatus for flushing boreholes, e.g. by use of exhaust air from motor (freeing objects stuck in boreholes by flushing E21B31/03)",Compilation of Changes
2024.05,M,E21B 21/001,E21B 21/001,{specially adapted for underwater drilling (dual gradient drilling E21B21/082)},{specially adapted for underwater drilling (dual gradient drilling E21B21/082)},Compilation of Changes
2024.05,M,E21B 21/002,E21B 21/002,{Down-hole drilling fluid separation systems (containers comprising collecting means with a strainer E21B27/005; subsoil filtering E21B43/02; down-hole production separators E21B43/38)},{Down-hole drilling fluid separation systems (containers comprising collecting means with a strainer E21B27/005; subsoil filtering E21B43/02; down-hole production separators E21B43/38)},Compilation of Changes
2024.05,M,E21B 21/003,E21B 21/003,{Means for stopping loss of drilling fluid (plastering the borehole wall E21B33/138)},{Means for stopping loss of drilling fluid (plastering the borehole wall E21B33/138)},Compilation of Changes
2024.05,M,E21B 21/01,E21B 21/01,"Arrangements for handling drilling fluids or cuttings outside the borehole, e.g. mud boxes","Arrangements for handling drilling fluids or cuttings outside the borehole, e.g. mud boxes",Compilation of Changes
2024.05,U,E21B 21/011,E21B 21/011,{Dust eliminating or dust removing while drilling},{Dust eliminating or dust removing while drilling},Compilation of Changes
2024.05,M,E21B 21/012,E21B 21/012,{using exhaust air from the drilling motor for blowing off the dust at the borehole entrance},{using exhaust air from the drilling motor for blowing off the dust at the borehole entrance},Compilation of Changes
2024.05,M,E21B 21/015,E21B 21/015,"Means engaging the bore entrance, e.g. hoods for collecting dust","Means engaging the bore entrance, e.g. hoods for collecting dust",Compilation of Changes
2024.05,M,E21B 21/019,E21B 21/019,{Arrangements for maintaining circulation of drilling fluid while connecting or disconnecting tubular joints},{Arrangements for maintaining circulation of drilling fluid while connecting or disconnecting tubular joints},Compilation of Changes
2024.05,M,E21B 21/02,E21B 21/02,Swivel joints in hose-lines,Swivel joints in hose-lines,Compilation of Changes
2024.05,M,E21B 21/06,E21B 21/06,Arrangements for treating drilling fluids outside the borehole,Arrangements for treating drilling fluids outside the borehole,Compilation of Changes
2024.05,M,E21B 21/08,E21B 21/08,"Controlling or monitoring pressure or flow of drilling fluid, e.g. automatic filling of boreholes, automatic control of bottom pressure (valve arrangements therefor E21B21/10)","Controlling or monitoring pressure or flow of drilling fluid, e.g. automatic filling of boreholes, automatic control of bottom pressure (valve arrangements therefor E21B21/10)",Compilation of Changes
2024.05,M,E21B 21/082,E21B 21/082,"{Dual gradient systems, i.e. using two hydrostatic gradients or drilling fluid densities}","{Dual gradient systems, i.e. using two hydrostatic gradients or drilling fluid densities}",Compilation of Changes
2024.05,M,E21B 21/085,E21B 21/085,"{Underbalanced techniques, i.e. where borehole fluid pressure is below formation pressure}","{Underbalanced techniques, i.e. where borehole fluid pressure is below formation pressure}",Compilation of Changes
2024.05,M,E21B 21/01,E21B 21/01,Valve arrangements in drilling-fluid circulation systems,Valve arrangements in drilling-fluid circulation systems,Compilation of Changes
2024.05,M,E21B 21/12,E21B 21/12,"using drilling pipes with plural fluid passages, e.g. closed circulation systems","using drilling pipes with plural fluid passages, e.g. closed circulation systems",Compilation of Changes
2024.05,M,E21B 21/14,E21B 21/14,"using liquids and gases, e.g. foams","using liquids and gases, e.g. foams",Compilation of Changes
2024.05,M,E21B 21/16,E21B 21/16,using gaseous fluids (E21B21/14 takes precedence),using gaseous fluids (E21B21/14 takes precedence),Compilation of Changes
2024.05,M,E21B 21/18,E21B 21/18,Preventing exhaust air from the drill motor from blowing-off towards the working face,Preventing exhaust air from the drill motor from blowing-off towards the working face,Compilation of Changes
2024.05,U,E21B 23/00,E21B 23/00,"Apparatus for displacing, setting, locking, releasing or removing tools, packers or the like in boreholes or wells (setting of casings, screens or liners E21B43/10)","Apparatus for displacing, setting, locking, releasing or removing tools, packers or the like in boreholes or wells (setting of casings, screens or liners E21B43/10)",Compilation of Changes
2024.05,M,E21B 23/03,E21B 23/03,"for setting the tools into, or removing the tools from, laterally offset landing nipples or pockets","for setting the tools into, or removing the tools from, laterally offset landing nipples or pockets",Compilation of Changes
2024.05,M,E21B 23/04,E21B 23/04,"operated by fluid means, e.g. actuated by explosion (E21B23/08 takes precedence)","operated by fluid means, e.g. actuated by explosion (E21B23/08 takes precedence)",Compilation of Changes
2024.05,M,E21B 23/0411,E21B 23/0411,{specially adapted for anchoring tools or the like to the borehole wall or to well tube},{specially adapted for anchoring tools or the like to the borehole wall or to well tube},Compilation of Changes
2024.05,M,E21B 23/04115,E21B 23/04115,{using radial pistons},{using radial pistons},Compilation of Changes
2024.05,M,E21B 23/0412,E21B 23/0412,"{characterised by pressure chambers, e.g. vacuum chambers}","{characterised by pressure chambers, e.g. vacuum chambers}",Compilation of Changes
2024.05,M,E21B 23/0413,E21B 23/0413,"{using means for blocking fluid flow, e.g. drop balls or darts (using balls or the like for actuating downhole valves E21B34/142)}","{using means for blocking fluid flow, e.g. drop balls or darts (using balls or the like for actuating downhole valves E21B34/142)}",Compilation of Changes
2024.05,M,E21B 23/0414,E21B 23/0414,{using explosives},{using explosives},Compilation of Changes
2024.05,M,E21B 23/0415,E21B 23/0415,"{using particular fluids, e.g. electro-active liquids}","{using particular fluids, e.g. electro-active liquids}",Compilation of Changes
2024.05,M,E21B 23/0416,E21B 23/0416,{characterised by force amplification arrangements},{characterised by force amplification arrangements},Compilation of Changes
2024.05,M,E21B 23/0417,E21B 23/0417,"{Down-hole non-explosive gas generating means, e.g. by chemical reaction}","{Down-hole non-explosive gas generating means, e.g. by chemical reaction}",Compilation of Changes
2024.05,M,E21B 23/0418,E21B 23/0418,{specially adapted for locking the tools in landing nipples or recesses},{specially adapted for locking the tools in landing nipples or recesses},Compilation of Changes
2024.05,M,E21B 23/0419,E21B 23/0419,{using down-hole motor and pump arrangements for generating hydraulic pressure},{using down-hole motor and pump arrangements for generating hydraulic pressure},Compilation of Changes
2024.05,M,E21B 23/042,E21B 23/042,{using a single piston or multiple mechanically interconnected pistons},{using a single piston or multiple mechanically interconnected pistons},Compilation of Changes
2024.05,M,E21B 23/0421,E21B 23/0421,{using multiple hydraulically interconnected pistons},{using multiple hydraulically interconnected pistons},Compilation of Changes
2024.05,M,E21B 23/0422,E21B 23/0422,{characterised by radial pistons (using radial pistons for anchoring E21B23/04115)},{characterised by radial pistons (using radial pistons for anchoring E21B23/04115)},Compilation of Changes
2024.05,M,E21B 23/0423,E21B 23/0423,{using step motors},{using step motors},Compilation of Changes
2024.05,U,E21B 23/08,E21B 23/08,"Introducing or running tools by fluid pressure, e.g. through-the-flow-line tool systems","Introducing or running tools by fluid pressure, e.g. through-the-flow-line tool systems",Compilation of Changes
2024.05,M,E21B 23/12,E21B 23/12,Tool diverters,Tool diverters,Compilation of Changes
2024.05,M,E21B 27/00,E21B 27/00,"Containers for collecting or depositing substances in boreholes or wells, e.g. bailers, {baskets or buckets} for collecting mud or sand; Drill bits with means for collecting substances, e.g. valve drill bits","Containers for collecting or depositing substances in boreholes or wells, e.g. bailers, {baskets or buckets} for collecting mud or sand; Drill bits with means for collecting substances, e.g. valve drill bits",Compilation of Changes
2024.05,M,E21B 31/00,E21B 31/00,Fishing for or freeing objects in boreholes or wells,Fishing for or freeing objects in boreholes or wells,Compilation of Changes
2024.05,M,E21B 31/03,E21B 31/03,Freeing by flushing,Freeing by flushing,Compilation of Changes
2024.05,M,E21B 31/035,E21B 31/035,{controlling differential pipe sticking},{controlling differential pipe sticking},Compilation of Changes
2024.05,M,E21B 31/08,E21B 31/08,using junk baskets or the like,using junk baskets or the like,Compilation of Changes
2024.05,M,E21B 33/00,E21B 33/00,Sealing or packing boreholes or wells,Sealing or packing boreholes or wells,Compilation of Changes
2024.05,U,E21B 33/02,E21B 33/02,Surface sealing or packing,Surface sealing or packing,Compilation of Changes
2024.05,U,E21B 33/03,E21B 33/03,Well heads; Setting-up thereof,Well heads; Setting-up thereof,Compilation of Changes
2024.05,M,E21B 33/035,E21B 33/035,"specially adapted for underwater installations (E21B33/043, E21B33/064, E21B33/076 take precedence)","specially adapted for underwater installations (E21B33/043, E21B33/064, E21B33/076 take precedence)",Compilation of Changes
2024.05,M,E21B 33/0353,E21B 33/0353,"{Horizontal or spool trees, i.e. without production valves in the vertical main bore}","{Horizontal or spool trees, i.e. without production valves in the vertical main bore}",Compilation of Changes
2024.05,M,E21B 33/0355,E21B 33/0355,"{Control systems, e.g. hydraulic, pneumatic, electric, acoustic, for submerged well heads}","{Control systems, e.g. hydraulic, pneumatic, electric, acoustic, for submerged well heads}",Compilation of Changes
2024.05,M,E21B 33/037,E21B 33/037,Protective housings therefor,Protective housings therefor,Compilation of Changes
2024.05,M,E21B 33/0375,E21B 33/0375,{Corrosion protection means},{Corrosion protection means},Compilation of Changes
2024.05,M,E21B 33/038,E21B 33/038,"Connectors used on well heads, e.g. for connecting blow-out preventer and riser","Connectors used on well heads, e.g. for connecting blow-out preventer and riser",Compilation of Changes
2024.05,M,E21B 33/0385,E21B 33/0385,{electrical connectors},{electrical connectors},Compilation of Changes
2024.05,M,E21B 33/0387,E21B 33/0387,{Hydraulic stab connectors},{Hydraulic stab connectors},Compilation of Changes
2024.05,U,E21B 33/04,E21B 33/04,Casing heads; Suspending casings or tubings in well heads,Casing heads; Suspending casings or tubings in well heads,Compilation of Changes
2024.05,M,E21B 33/0422,E21B 33/0422,{a suspended tubing or casing being gripped by a slip or an internally serrated member},{a suspended tubing or casing being gripped by a slip or an internally serrated member},Compilation of Changes
2024.05,U,E21B 33/01,E21B 33/01,in the borehole {(sealing the junction between main bore and laterals E21B41/0042)},in the borehole {(sealing the junction between main bore and laterals E21B41/0042)},Compilation of Changes
2024.05,U,E21B 33/13,E21B 33/13,"Methods or devices for cementing, for plugging holes, crevices or the like","Methods or devices for cementing, for plugging holes, crevices or the like",Compilation of Changes
2024.05,U,E21B 33/14,E21B 33/14,for cementing casings into boreholes,for cementing casings into boreholes,Compilation of Changes
2024.05,M,E21B 33/16,E21B 33/16,using plugs for isolating cement charge; Plugs therefor {(stage cementing E21B33/146; spacer compositions C09K8/424)},using plugs for isolating cement charge; Plugs therefor {(stage cementing E21B33/146; spacer compositions C09K8/424)},Compilation of Changes
2024.05,M,E21B 33/165,E21B 33/165,{Cementing plugs specially adapted for being released down-hole (cementing heads E21B33/05)},{Cementing plugs specially adapted for being released down-hole (cementing heads E21B33/05)},Compilation of Changes
2024.05,M,E21B 33/167,E21B 33/167,"{Cementing plugs provided with anti-rotation mechanisms, e.g. for easier drill-out}","{Cementing plugs provided with anti-rotation mechanisms, e.g. for easier drill-out}",Compilation of Changes
2024.05,U,E21B 34/00,E21B 34/00,Valve arrangements for boreholes or wells,Valve arrangements for boreholes or wells,Compilation of Changes
2024.05,M,E21B 34/02,E21B 34/02,in well heads,in well heads,Compilation of Changes
2024.05,M,E21B 34/025,E21B 34/025,{Chokes or valves in wellheads and sub-sea wellheads for variably regulating fluid flow},{Chokes or valves in wellheads and sub-sea wellheads for variably regulating fluid flow},Compilation of Changes
2024.05,M,E21B 34/04,E21B 34/04,in underwater well heads,in underwater well heads,Compilation of Changes
2024.05,M,E21B 34/045,E21B 34/045,"{adapted to be lowered on a tubular string into position within a blow-out preventer stack, e.g. so-called test trees}","{adapted to be lowered on a tubular string into position within a blow-out preventer stack, e.g. so-called test trees}",Compilation of Changes
2024.05,U,E21B 34/06,E21B 34/06,in wells,in wells,Compilation of Changes
2024.05,M,E21B 34/14,E21B 34/14,"operated by movement of tools, e.g. sleeve valves operated by pistons or wire line tools {(E21B34/066 takes precedence)}","operated by movement of tools, e.g. sleeve valves operated by pistons or wire line tools {(E21B34/066 takes precedence)}",Compilation of Changes
2024.05,M,E21B 34/142,E21B 34/142,"{unsupported or free-falling elements, e.g. balls, plugs, darts or pistons}","{unsupported or free-falling elements, e.g. balls, plugs, darts or pistons}",Compilation of Changes
2024.05,M,E21B 40/00,E21B 40/00,"Tubing catchers, automatically arresting the fall of oil-well tubing {(preventing small objects from falling into the borehole E21B41/0021)}","Tubing catchers, automatically arresting the fall of oil-well tubing {(preventing small objects from falling into the borehole E21B41/0021)}",Compilation of Changes
2024.05,M,E21B 40/001,E21B 40/001,{in the borehole (anchoring tools in the borehole E21B23/01)},{in the borehole (anchoring tools in the borehole E21B23/01)},Compilation of Changes
2024.05,M,E21B 41/00,E21B 41/00,Equipment or details not covered by groups E21B15/00 - E21B40/00,Equipment or details not covered by groups E21B15/00 - E21B40/00,Compilation of Changes
2024.05,D,E21B 41/0092,E21B 41/0092,"{Methods relating to program engineering, design or optimisation}","{Methods relating to program engineering, design or optimisation}",Compilation of Changes
2024.05,M,E21B 41/0099,E21B 41/0099,{specially adapted for drilling for or production of natural hydrate or clathrate gas reservoirs; Drilling through or monitoring of formations containing gas hydrates or clathrates},{specially adapted for drilling for or production of natural hydrate or clathrate gas reservoirs; Drilling through or monitoring of formations containing gas hydrates or clathrates},Compilation of Changes
2024.05,M,E21B 43/00,E21B 43/00,"Methods or apparatus for obtaining oil, gas, water, soluble or meltable materials or a slurry of minerals from wells (applicable only to water E03B)","Methods or apparatus for obtaining oil, gas, water, soluble or meltable materials or a slurry of minerals from wells (applicable only to water E03B)",Compilation of Changes
2024.05,U,E21B 43/01,E21B 43/01,specially adapted for obtaining from underwater installations,specially adapted for obtaining from underwater installations,Compilation of Changes
2024.05,M,E21B 43/017,E21B 43/017,"Production satellite stations, i.e. underwater installations comprising a plurality of satellite well heads connected to a central station","Production satellite stations, i.e. underwater installations comprising a plurality of satellite well heads connected to a central station",Compilation of Changes
2024.05,M,E21B 43/0175,E21B 43/0175,{Hydraulic schemes for production manifolds},{Hydraulic schemes for production manifolds},Compilation of Changes
2024.05,U,E21B 43/11,E21B 43/11,Perforators; Permeators,Perforators; Permeators,Compilation of Changes
2024.05,M,E21B 43/119,E21B 43/119,"Details, e.g. for locating perforating place or direction","Details, e.g. for locating perforating place or direction",Compilation of Changes
2024.05,M,E21B 43/1193,E21B 43/1193,{Dropping perforation guns after gun actuation},{Dropping perforation guns after gun actuation},Compilation of Changes
2024.05,U,E21B 43/12,E21B 43/12,Methods or apparatus for controlling the flow of the obtained fluid to or in wells (E21B43/25 takes precedence; valve arrangements E21B34/00),Methods or apparatus for controlling the flow of the obtained fluid to or in wells (E21B43/25 takes precedence; valve arrangements E21B34/00),Compilation of Changes
2024.05,M,E21B 43/121,E21B 43/121,{Lifting well fluids (monitoring of down-hole pump systems E21B47/008)},{Lifting well fluids (monitoring of down-hole pump systems E21B47/008)},Compilation of Changes
2024.05,M,E21B 43/122,E21B 43/122,{Gas lift},{Gas lift},Compilation of Changes
2024.05,M,E21B 43/123,E21B 43/123,{Gas lift valves},{Gas lift valves},Compilation of Changes
2024.05,M,E21B 43/1235,E21B 43/1235,{characterised by electromagnetic actuation},{characterised by electromagnetic actuation},Compilation of Changes
2024.05,M,E21B 43/124,E21B 43/124,{Adaptation of jet-pump systems},{Adaptation of jet-pump systems},Compilation of Changes
2024.05,M,E21B 43/126,E21B 43/126,"{Adaptations of down-hole pump systems powered by drives outside the borehole, e.g. by a rotary or oscillating drive (powered by fluid E21B43/129)}","{Adaptations of down-hole pump systems powered by drives outside the borehole, e.g. by a rotary or oscillating drive (powered by fluid E21B43/129)}",Compilation of Changes
2024.05,M,E21B 43/127,E21B 43/127,{Adaptations of walking-beam pump systems},{Adaptations of walking-beam pump systems},Compilation of Changes
2024.05,M,E21B 43/128,E21B 43/128,{Adaptation of pump systems with down-hole electric drives},{Adaptation of pump systems with down-hole electric drives},Compilation of Changes
2024.05,M,E21B 43/129,E21B 43/129,{Adaptations of down-hole pump systems powered by fluid supplied from outside the borehole (gas-lift E21B43/122; jet pumps E21B43/124)},{Adaptations of down-hole pump systems powered by fluid supplied from outside the borehole (gas-lift E21B43/122; jet pumps E21B43/124)},Compilation of Changes
2024.05,M,E21B 43/13,E21B 43/13,"{specially adapted to dewatering of wells of gas producing reservoirs, e.g. methane producing coal beds}","{specially adapted to dewatering of wells of gas producing reservoirs, e.g. methane producing coal beds}",Compilation of Changes
2024.05,M,E21B 43/16,E21B 43/16,Enhanced recovery methods for obtaining hydrocarbons,Enhanced recovery methods for obtaining hydrocarbons,Compilation of Changes
2024.05,U,E21B 43/25,E21B 43/25,Methods for stimulating production {(by vibrating earth formations E21B43/003)},Methods for stimulating production {(by vibrating earth formations E21B43/003)},Compilation of Changes
2024.05,M,E21B 43/26,E21B 43/26,by forming crevices or fractures,by forming crevices or fractures,Compilation of Changes
2024.05,M,E21B 43/2605,E21B 43/2605,{using gas or liquefied gas},{using gas or liquefied gas},Compilation of Changes
2024.05,M,E21B 43/2607,E21B 43/2607,{Surface equipment specially adapted for fracturing operations},{Surface equipment specially adapted for fracturing operations},Compilation of Changes
2024.05,M,E21B 43/27,E21B 43/27,"by use of eroding chemicals, e.g. acids","by use of eroding chemicals, e.g. acids",Compilation of Changes
2024.05,M,E21B 43/34,E21B 43/34,Arrangements for separating materials produced by the well,Arrangements for separating materials produced by the well,Compilation of Changes
2024.05,M,E21B 43/35,E21B 43/35,{specially adapted for separating solids (down-hole drilling fluid separation systems E21B21/002; separating solids from drilling fluids E21B21/065)},{specially adapted for separating solids (down-hole drilling fluid separation systems E21B21/002; separating solids from drilling fluids E21B21/065)},Compilation of Changes
2024.05,M,E21B 43/36,E21B 43/36,Underwater separating arrangements (E21B43/38 takes precedence),Underwater separating arrangements (E21B43/38 takes precedence),Compilation of Changes
2024.05,M,E21B 43/38,E21B 43/38,in the well,in the well,Compilation of Changes
2024.05,M,E21B 43/385,E21B 43/385,{by reinjecting the separated materials into an earth formation in the same well},{by reinjecting the separated materials into an earth formation in the same well},Compilation of Changes
2024.05,M,E21B 43/04,E21B 43/04,Separation associated with re-injection of separated materials {(E21B43/385 takes precedence)},Separation associated with re-injection of separated materials {(E21B43/385 takes precedence)},Compilation of Changes
2024.05,M,E21B 47/00,E21B 47/00,Survey of boreholes or wells (monitoring pressure or flow of drilling fluid E21B21/08),Survey of boreholes or wells (monitoring pressure or flow of drilling fluid E21B21/08),Compilation of Changes
2024.05,M,E21B 47/002,E21B 47/002,by visual inspection,by visual inspection,Compilation of Changes
2024.05,M,E21B 47/0025,E21B 47/0025,"{generating an image of the borehole wall using down-hole measurements, e.g. acoustic or electric}","{generating an image of the borehole wall using down-hole measurements, e.g. acoustic or electric}",Compilation of Changes
2024.05,M,E21B 47/006,E21B 47/006,{Detection of corrosion or deposition of substances},{Detection of corrosion or deposition of substances},Compilation of Changes
2024.05,M,E21B 47/01,E21B 47/01,"Devices for supporting measuring instruments on drill bits, pipes, rods or wirelines; Protecting measuring instruments in boreholes against heat, shock, pressure or the like","Devices for supporting measuring instruments on drill bits, pipes, rods or wirelines; Protecting measuring instruments in boreholes against heat, shock, pressure or the like",Compilation of Changes
2024.05,M,E21B 47/013,E21B 47/013,Devices specially adapted for supporting measuring instruments on drill bits,Devices specially adapted for supporting measuring instruments on drill bits,Compilation of Changes
2024.05,M,E21B 47/017,E21B 47/017,Protecting measuring instruments,Protecting measuring instruments,Compilation of Changes
2024.05,M,E21B 47/0175,E21B 47/0175,{Cooling arrangements},{Cooling arrangements},Compilation of Changes
2024.05,M,E21B 47/01,E21B 47/01,"Locating fluid leaks, intrusions or movements","Locating fluid leaks, intrusions or movements",Compilation of Changes
2024.05,M,E21B 47/11,E21B 47/11,using tracers; using radioactivity,using tracers; using radioactivity,Compilation of Changes
2024.05,M,E21B 47/111,E21B 47/111,{using radioactivity},{using radioactivity},Compilation of Changes
2024.05,M,E21B 47/113,E21B 47/113,using electrical indications; using light radiations,using electrical indications; using light radiations,Compilation of Changes
2024.05,M,E21B 47/114,E21B 47/114,{using light radiation},{using light radiation},Compilation of Changes
2024.05,M,E21B 47/12,E21B 47/12,"Means for transmitting measuring-signals or control signals from the well to the surface, or from the surface to the well, e.g. for logging while drilling","Means for transmitting measuring-signals or control signals from the well to the surface, or from the surface to the well, e.g. for logging while drilling",Compilation of Changes
2024.05,M,E21B 47/138,E21B 47/138,"{Devices entrained in the flow of well-bore fluid for transmitting data, control or actuation signals}","{Devices entrained in the flow of well-bore fluid for transmitting data, control or actuation signals}",Compilation of Changes
2024.05,U,E21B 49/00,E21B 49/00,"Testing the nature of borehole walls; Formation testing; Methods or apparatus for obtaining samples of soil or well fluids, specially adapted to earth drilling or wells","Testing the nature of borehole walls; Formation testing; Methods or apparatus for obtaining samples of soil or well fluids, specially adapted to earth drilling or wells",Compilation of Changes
2024.05,U,E21B 49/08,E21B 49/08,"Obtaining fluid samples or testing fluids, in boreholes or wells","Obtaining fluid samples or testing fluids, in boreholes or wells",Compilation of Changes
2024.05,M,E21B 49/081,E21B 49/081,{with down-hole means for trapping a fluid sample (E21B49/10 takes precedence)},{with down-hole means for trapping a fluid sample (E21B49/10 takes precedence)},Compilation of Changes
2024.05,M,E21B 49/0813,E21B 49/0813,{Sampling valve actuated by annulus pressure changes},{Sampling valve actuated by annulus pressure changes},Compilation of Changes
2024.05,M,E21B 49/0815,E21B 49/0815,{Sampling valve actuated by tubing pressure changes},{Sampling valve actuated by tubing pressure changes},Compilation of Changes
2024.05,M,E21B 49/083,E21B 49/083,"{Samplers adapted to be lowered into or retrieved from a landing nipple, e.g. for testing a well without removing the drill string}","{Samplers adapted to be lowered into or retrieved from a landing nipple, e.g. for testing a well without removing the drill string}",Compilation of Changes
2024.05,M,E21B 49/087,E21B 49/087,"{Well testing, e.g. testing for reservoir productivity or formation parameters}","{Well testing, e.g. testing for reservoir productivity or formation parameters}",Compilation of Changes
2024.05,M,E21B 49/0875,E21B 49/0875,{determining specific fluid parameters},{determining specific fluid parameters},Compilation of Changes
2024.05,M,E21B 2200/00,E21B 2200/00,"Special features related to earth drilling for obtaining oil, gas or water","Special features related to earth drilling for obtaining oil, gas or water",Compilation of Changes
2024.05,M,E21B 2200/01,E21B 2200/01,Sealings characterised by their shape,Sealings characterised by their shape,Compilation of Changes
2024.05,M,E21B 2200/02,E21B 2200/02,Down-hole chokes or valves for variably regulating fluid flow,Down-hole chokes or valves for variably regulating fluid flow,Compilation of Changes
2024.05,M,E21B 2200/03,E21B 2200/03,"Valves operated by gear mechanisms, e.g. rack and pinion mechanisms","Valves operated by gear mechanisms, e.g. rack and pinion mechanisms",Compilation of Changes
2024.05,M,E21B 2200/04,E21B 2200/04,Ball valves,Ball valves,Compilation of Changes
2024.05,M,E21B 2200/05,E21B 2200/05,Flapper valves,Flapper valves,Compilation of Changes
2024.05,M,E21B 2200/06,E21B 2200/06,Sleeve valves,Sleeve valves,Compilation of Changes
2024.05,M,E21B 2200/08,E21B 2200/08,Down-hole devices using materials which decompose under well-bore conditions,Down-hole devices using materials which decompose under well-bore conditions,Compilation of Changes
2024.05,M,E21B 2200/09,E21B 2200/09,"Detecting, eliminating, preventing liquid slugs in production pipes","Detecting, eliminating, preventing liquid slugs in production pipes",Compilation of Changes
2024.05,M,E21B 2200/02,E21B 2200/02,"Computer models or simulations, e.g. for reservoirs under production, drill bits","Computer models or simulations, e.g. for reservoirs under production, drill bits",Compilation of Changes
2024.05,M,E21B 2200/22,E21B 2200/22,"Fuzzy logic, artificial intelligence, neural networks or the like","Fuzzy logic, artificial intelligence, neural networks or the like",Compilation of Changes
2024.05,U,F02B 31/00,F02B 31/00,Modifying induction systems for imparting a rotation to the charge in the cylinder (air intakes or induction systems for internal-combustion engines F02M35/10),Modifying induction systems for imparting a rotation to the charge in the cylinder (air intakes or induction systems for internal-combustion engines F02M35/10),Compilation of Changes
2024.05,D,F02B 2031/003,F02B 2031/003,"{with an auxiliary intake conduit starting upstream of personally controlled throttle valve and ending upstream of and close to the intake valve, or with an auxiliary intake conduit being an independent passage, e.g. having its own carburettor}","{with an auxiliary intake conduit starting upstream of personally controlled throttle valve and ending upstream of and close to the intake valve, or with an auxiliary intake conduit being an independent passage, e.g. having its own carburettor}",Compilation of Changes
2024.05,F,F02B 2031/006,F02B 2031/006,{having multiple air intake valves},{having multiple air intake valves},Compilation of Changes
2024.05,C,F02B 31/02,F02B 31/02,in engines having inlet valves arranged eccentrically to cylinder axis (F02B31/08 takes precedence),in engines having inlet valves arranged eccentrically to cylinder axis (F02B31/08 takes precedence),Compilation of Changes
2024.05,C,F02B 31/04,F02B 31/04,"by means within the induction channel, e.g. deflectors","by means within the induction channel, e.g. deflectors",Compilation of Changes
2024.05,N,F02B 31/042,F02B 31/042,{induction channel having a helical shape around the intake valve axis},{induction channel having a helical shape around the intake valve axis},Compilation of Changes
2024.05,U,F02B 31/06,F02B 31/06,"Movable means, e.g. butterfly valves","Movable means, e.g. butterfly valves",Compilation of Changes
2024.05,T,F02B 31/08,F02B 31/08,"having multiple air inlets {, i.e. having main and auxiliary intake passages}","having multiple air inlets {, i.e. having main and auxiliary intake passages}",Compilation of Changes
2024.05,F,F02B 31/082,F02B 31/082,"{the main passage having a helical shape around the intake valve axis; Engines characterised by provision of driven charging or scavenging pumps (introducing fuel into cylinders by air-pressure F02B13/00; after-charging F02B29/06; arrangements of such pumps or other auxiliary apparatus on engines F02B67/00; combined engine pump control, control dependent on variables other than those generic to pump F02D)}","{the main passage having a helical shape around the intake valve axis; Engines characterised by provision of driven charging or scavenging pumps (introducing fuel into cylinders by air-pressure F02B13/00; after-charging F02B29/06; arrangements of such pumps or other auxiliary apparatus on engines F02B67/00; combined engine pump control, control dependent on variables other than those generic to pump F02D)}",Compilation of Changes
2024.05,T,F02B 31/085,F02B 31/085,{having two inlet valves},{having two inlet valves},Compilation of Changes
2024.05,T,F02B 31/087,F02B 31/087,{having three or more inlet valves},{having three or more inlet valves},Compilation of Changes
2024.05,U,F02B 61/00,F02B 61/00,Adaptations of engines for driving vehicles or for driving propellers; Combinations of engines with gearing (the engine torque being divided by a differential gear for driving a scavenging or charging pump and the engine output shaft F02B39/06; adaptations or combinations of rotary-piston or oscillating-piston engines F02B53/14),Adaptations of engines for driving vehicles or for driving propellers; Combinations of engines with gearing (the engine torque being divided by a differential gear for driving a scavenging or charging pump and the engine output shaft F02B39/06; adaptations or combinations of rotary-piston or oscillating-piston engines F02B53/14),Compilation of Changes
2024.05,U,F02B 61/04,F02B 61/04,for driving propellers,for driving propellers,Compilation of Changes
2024.05,M,F02B 61/045,F02B 61/045,{for outboard marine engines},{for outboard marine engines},Compilation of Changes
2024.05,U,F02B 77/00,F02B 77/00,"Component parts, details or accessories, not otherwise provided for","Component parts, details or accessories, not otherwise provided for",Compilation of Changes
2024.05,M,F02B 77/04,F02B 77/04,"Cleaning of, preventing corrosion or erosion in, or preventing unwanted deposits in, combustion engines {(cleaning of fuel injection apparatus F02M65/00)}","Cleaning of, preventing corrosion or erosion in, or preventing unwanted deposits in, combustion engines {(cleaning of fuel injection apparatus F02M65/00)}",Compilation of Changes
2024.05,M,F02B 77/08,F02B 77/08,"Safety, indicating, or supervising devices (thermal insulation F02B77/11; {rendering engines inoperative or idling F02D17/04; dependent on lubricating conditions F01M1/22; dependent on cooling F01P11/14}; monitoring or diagnostic devices for exhaust-gas treatment apparatus F01N11/00)","Safety, indicating, or supervising devices (thermal insulation F02B77/11; {rendering engines inoperative or idling F02D17/04; dependent on lubricating conditions F01M1/22; dependent on cooling F01P11/14}; monitoring or diagnostic devices for exhaust-gas treatment apparatus F01N11/00)",Compilation of Changes
2024.05,M,F02B 77/081,F02B 77/081,"{relating to endless members (endless members, e.g. belts, for driving auxiliary apparatus F02B67/04)}","{relating to endless members (endless members, e.g. belts, for driving auxiliary apparatus F02B67/04)}",Compilation of Changes
2024.05,M,F02B 2730/00,F02B 2730/00,Internal -combustion engines with pistons rotating or oscillating with relation to the housing,Internal -combustion engines with pistons rotating or oscillating with relation to the housing,Compilation of Changes
2024.05,U,F15D 1/00,F15D 1/00,Influencing flow of fluids,Influencing flow of fluids,Compilation of Changes
2024.05,M,F15D 1/0015,F15D 1/0015,"{Whirl chambers, e.g. vortex valves}","{Whirl chambers, e.g. vortex valves}",Compilation of Changes
2024.05,M,F15D 1/002,F15D 1/002,{by influencing the boundary layer (F15D1/06 and F15D1/12 take precedence)},{by influencing the boundary layer (F15D1/06 and F15D1/12 take precedence)},Compilation of Changes
2024.05,U,F15D 1/02,F15D 1/02,in pipes or conduits,in pipes or conduits,Compilation of Changes
2024.05,M,F15D 1/06,F15D 1/06,"by influencing the boundary layer {(use of materials, e.g. to reduce surface friction C09K3/00)}","by influencing the boundary layer {(use of materials, e.g. to reduce surface friction C09K3/00)}",Compilation of Changes
2024.05,U,F15D 1/01,F15D 1/01,around bodies of solid material,around bodies of solid material,Compilation of Changes
2024.05,M,F15D 1/12,F15D 1/12,"by influencing the boundary layer {(use of materials, e.g. to reduce surface friction C09K3/00)}","by influencing the boundary layer {(use of materials, e.g. to reduce surface friction C09K3/00)}",Compilation of Changes
2024.05,U,F21S 41/00,F21S 41/00,"Illuminating devices specially adapted for vehicle exteriors, e.g. headlamps (reversing lights F21S43/00)","Illuminating devices specially adapted for vehicle exteriors, e.g. headlamps (reversing lights F21S43/00)",Compilation of Changes
2024.05,U,F21S 41/02,F21S 41/02,"characterised by refractors, transparent cover plates, light guides or filters","characterised by refractors, transparent cover plates, light guides or filters",Compilation of Changes
2024.05,F,F21S 41/28,F21S 41/28,{Cover glass},{Cover glass},Compilation of Changes
2024.05,N,F21S 41/2805,F21S 41/2805,{Cover glass},{Cover glass},Compilation of Changes
2024.05,M,F21S 41/285,F21S 41/285,"{Refractors, transparent cover plates, light guides or filters not provided in groups F21S41/24 -F21S41/28 F21S41/2805}","{Refractors, transparent cover plates, light guides or filters not provided in groups F21S41/24 -F21S41/28 F21S41/2805}",Compilation of Changes
2024.05,C,F21S 43/00,F21S 43/00,"Signalling devices specially adapted for vehicle exteriors, e.g. brake lamps, direction indicator lights or reversing lights","Signalling devices specially adapted for vehicle exteriors, e.g. brake lamps, direction indicator lights or reversing lights",Compilation of Changes
2024.05,U,F21S 43/01,F21S 43/01,characterised by the light source,characterised by the light source,Compilation of Changes
2024.05,C,F21S 43/19,F21S 43/19,Attachment of light sources or lamp holders,Attachment of light sources or lamp holders,Compilation of Changes
2024.05,C,F21S 43/195,F21S 43/195,"{Details of lamp holders, terminals or connectors}","{Details of lamp holders, terminals or connectors}",Compilation of Changes
2024.05,C,F21S 43/02,F21S 43/02,"characterised by refractors, transparent cover plates, light guides or filters","characterised by refractors, transparent cover plates, light guides or filters",Compilation of Changes
2024.05,C,F21S 43/235,F21S 43/235,Light guides,Light guides,Compilation of Changes
2024.05,C,F21S 43/236,F21S 43/236,characterised by the shape of the light guide,characterised by the shape of the light guide,Compilation of Changes
2024.05,C,F21S 43/237,F21S 43/237,rod-shaped,rod-shaped,Compilation of Changes
2024.05,C,F21S 43/239,F21S 43/239,plate-shaped,plate-shaped,Compilation of Changes
2024.05,C,F21S 43/241,F21S 43/241,of complex shape,of complex shape,Compilation of Changes
2024.05,C,F21S 43/242,F21S 43/242,characterised by the emission area,characterised by the emission area,Compilation of Changes
2024.05,C,F21S 43/243,F21S 43/243,emitting light from one or more of its extremities,emitting light from one or more of its extremities,Compilation of Changes
2024.05,C,F21S 43/245,F21S 43/245,emitting light from one or more of its major surfaces,emitting light from one or more of its major surfaces,Compilation of Changes
2024.05,N,F21S 43/246,F21S 43/246,{having two or more output branches},{having two or more output branches},Compilation of Changes
2024.05,C,F21S 43/247,F21S 43/247,with a single light source being coupled into the light guide,with a single light source being coupled into the light guide,Compilation of Changes
2024.05,C,F21S 43/249,F21S 43/249,with two or more light sources being coupled into the light guide,with two or more light sources being coupled into the light guide,Compilation of Changes
2024.05,N,F21S 43/2492,F21S 43/2492,{having two or more input branches},{having two or more input branches},Compilation of Changes
2024.05,C,F21S 43/251,F21S 43/251,the light guides being used to transmit light from remote light sources,the light guides being used to transmit light from remote light sources,Compilation of Changes
2024.05,N,F21S 43/252,F21S 43/252,{Two or more successive light guides},{Two or more successive light guides},Compilation of Changes
2024.05,N,F21S 43/253,F21S 43/253,{Two or more juxtaposed light guides},{Two or more juxtaposed light guides},Compilation of Changes
2024.05,C,F21S 43/255,F21S 43/255,{Filters},{Filters},Compilation of Changes
2024.05,F,F21S 43/26,F21S 43/26,"{Refractors, transparent cover plates, light guides or filters not provided in groups F21S43/235 - F21S43/255}","{Refractors, transparent cover plates, light guides or filters not provided in groups F21S43/235 - F21S43/255}",Compilation of Changes
2024.05,N,F21S 43/2605,F21S 43/2605,{Refractors},{Refractors},Compilation of Changes
2024.05,N,F21S 43/2621,F21S 43/2621,{characterised by the properties of the light beam shaping surface},{characterised by the properties of the light beam shaping surface},Compilation of Changes
2024.05,N,F21S 43/26211,F21S 43/26211,"{redirecting, i.e. substantially only changing light propagation direction}","{redirecting, i.e. substantially only changing light propagation direction}",Compilation of Changes
2024.05,N,F21S 43/26221,F21S 43/26221,"{dividing, unifying or reunifying}","{dividing, unifying or reunifying}",Compilation of Changes
2024.05,N,F21S 43/26231,F21S 43/26231,"{collimating, focusing, condensing or projecting beams, e.g. projection lenses or Fresnel lenses}","{collimating, focusing, condensing or projecting beams, e.g. projection lenses or Fresnel lenses}",Compilation of Changes
2024.05,N,F21S 43/26241,F21S 43/26241,"{diffusing, scattering or spreading}","{diffusing, scattering or spreading}",Compilation of Changes
2024.05,N,F21S 43/26251,F21S 43/26251,{Holograms},{Holograms},Compilation of Changes
2024.05,N,F21S 43/26261,F21S 43/26261,{Single refractor combining two or more properties of the groups F21S43/26211 - F21S43/26251 on opposite sides},{Single refractor combining two or more properties of the groups F21S43/26211 - F21S43/26251 on opposite sides},Compilation of Changes
2024.05,N,F21S 43/26271,F21S 43/26271,"{using micro-optics, e.g. micro-lenses or micro-structures}","{using micro-optics, e.g. micro-lenses or micro-structures}",Compilation of Changes
2024.05,N,F21S 43/2641,F21S 43/2641,"{Refractors or refracting portions characterised by their relative arrangement, e.g. parallel refractors}","{Refractors or refracting portions characterised by their relative arrangement, e.g. parallel refractors}",Compilation of Changes
2024.05,N,F21S 43/26411,F21S 43/26411,{Two or more successive refractors},{Two or more successive refractors},Compilation of Changes
2024.05,N,F21S 43/26421,F21S 43/26421,{Refractors comprising a plurality of non-successive refracting portions},{Refractors comprising a plurality of non-successive refracting portions},Compilation of Changes
2024.05,N,F21S 43/2643,F21S 43/2643,"{with several light entry surfaces for two or more light sources having distinct functions, at least one of them being signalling}","{with several light entry surfaces for two or more light sources having distinct functions, at least one of them being signalling}",Compilation of Changes
2024.05,N,F21S 43/265,F21S 43/265,"{Transparent cover plates, e.g. for protecting the interior of the signalling devices against environmental influences}","{Transparent cover plates, e.g. for protecting the interior of the signalling devices against environmental influences}",Compilation of Changes
2024.05,N,F21S 43/2651,F21S 43/2651,"{with several light entry surfaces for two or more light sources having distinct functions, at least one of them being signalling}","{with several light entry surfaces for two or more light sources having distinct functions, at least one of them being signalling}",Compilation of Changes
2024.05,C,F21S 43/27,F21S 43/27,Attachment thereof,Attachment thereof,Compilation of Changes
2024.05,N,F21S 43/281,F21S 43/281,{Materials thereof; Structures thereof; Properties thereof; Coatings thereof},{Materials thereof; Structures thereof; Properties thereof; Coatings thereof},Compilation of Changes
2024.05,N,F21S 43/2811,F21S 43/2811,{Heterogeneous materials},{Heterogeneous materials},Compilation of Changes
2024.05,N,F21S 43/28131,F21S 43/28131,{Structures comprising multiple layers},{Structures comprising multiple layers},Compilation of Changes
2024.05,N,F21S 43/28133,F21S 43/28133,{Structures comprising gas or liquid media},{Structures comprising gas or liquid media},Compilation of Changes
2024.05,N,F21S 43/28135,F21S 43/28135,{Structures encapsulating the light source},{Structures encapsulating the light source},Compilation of Changes
2024.05,N,F21S 43/2815,F21S 43/2815,"{Mechanical properties, e.g. flexibility}","{Mechanical properties, e.g. flexibility}",Compilation of Changes
2024.05,N,F21S 43/2817,F21S 43/2817,"{Coatings, e.g. anti-reflection coatings}","{Coatings, e.g. anti-reflection coatings}",Compilation of Changes
2024.05,C,F21S 43/03,F21S 43/03,characterised by reflectors,characterised by reflectors,Compilation of Changes
2024.05,C,F21S 43/31,F21S 43/31,Optical layout thereof,Optical layout thereof,Compilation of Changes
2024.05,C,F21S 43/315,F21S 43/315,{using total internal reflection},{using total internal reflection},Compilation of Changes
2024.05,C,F21S 43/33,F21S 43/33,"characterised by their material, surface treatment or coatings","characterised by their material, surface treatment or coatings",Compilation of Changes
2024.05,N,F21S 43/331,F21S 43/331,{Semi-transparent reflectors},{Semi-transparent reflectors},Compilation of Changes
2024.05,N,F21S 43/332,F21S 43/332,{Diffusing reflectors},{Diffusing reflectors},Compilation of Changes
2024.05,C,F21S 43/37,F21S 43/37,Attachment thereof,Attachment thereof,Compilation of Changes
2024.05,C,F21S 43/04,F21S 43/04,characterised by the combination of reflectors and refractors,characterised by the combination of reflectors and refractors,Compilation of Changes
2024.05,N,F21S 43/401,F21S 43/401,{the refractors and the reflectors being distinct parts},{the refractors and the reflectors being distinct parts},Compilation of Changes
2024.05,N,F21S 43/402,F21S 43/402,{Total internal reflection [TIR] collimators},{Total internal reflection [TIR] collimators},Compilation of Changes
2024.05,U,F21S 43/05,F21S 43/05,"characterised by aesthetic components not otherwise provided for, e.g. decorative trim, partition walls or covers","characterised by aesthetic components not otherwise provided for, e.g. decorative trim, partition walls or covers",Compilation of Changes
2024.05,C,F21S 43/51,F21S 43/51,{Attachment thereof},{Attachment thereof},Compilation of Changes
2024.05,N,F21S 43/601,F21S 43/601,"{characterised by variable optical properties, e.g. involving the use of LCD or movable parts}","{characterised by variable optical properties, e.g. involving the use of LCD or movable parts}",Compilation of Changes
2024.05,N,F21S 2243/00,F21S 2243/00,Indexing code associated with F21S43/00 relating to manufacturing details of signalling devices specially adapted for vehicle exteriors,Indexing code associated with F21S43/00 relating to manufacturing details of signalling devices specially adapted for vehicle exteriors,Compilation of Changes
2024.05,N,F21S 2243/00,F21S 2243/00,Manufacturing details of signalling devices specially adapted for vehicle exteriors,Manufacturing details of signalling devices specially adapted for vehicle exteriors,Compilation of Changes
2024.05,U,G01N 33/00,G01N 33/00,Investigating or analysing materials by specific methods not covered by groups G01N1/00 - G01N31/00,Investigating or analysing materials by specific methods not covered by groups G01N1/00 - G01N31/00,Compilation of Changes
2024.05,U,G01N 33/0001,G01N 33/0001,{by organoleptic means},{by organoleptic means},Compilation of Changes
2024.05,D,G01N 2033/0003,G01N 2033/0003,{Composite materials},{Composite materials},Compilation of Changes
2024.05,N,G01N 33/0003,G01N 33/0003,{Composite materials},{Composite materials},Compilation of Changes
2024.05,M,G01N 33/0004,G01N 33/0004,"{Gaseous mixtures, e.g. polluted air (gaseous biological material G01N33/497; exhaust gas of internal combustion engines G01M15/102)}","{Gaseous mixtures, e.g. polluted air (gaseous biological material G01N33/497; exhaust gas of internal combustion engines G01M15/102)}",Compilation of Changes
2024.05,M,G01N 33/0009,G01N 33/0009,"{General constructional details of gas analysers, e.g. portable test equipment (G01N1/22 takes precedencedevices for withdrawing samples in the gaseous state G01N1/22)}","{General constructional details of gas analysers, e.g. portable test equipment (G01N1/22 takes precedencedevices for withdrawing samples in the gaseous state G01N1/22)}",Compilation of Changes
2024.05,M,G01N 33/0011,G01N 33/0011,{Sample conditioning (in general G01N1/28preparing specimens for investigation G01N1/28)},{Sample conditioning (in general G01N1/28preparing specimens for investigation G01N1/28)},Compilation of Changes
2024.05,M,G01N 33/0013,G01N 33/0013,{by a chemical reaction (G01N33/0024 takes precedencea chemical reaction taking place or a gas being eliminated in one or more analysing channels G01N33/0024)},{by a chemical reaction (G01N33/0024 takes precedencea chemical reaction taking place or a gas being eliminated in one or more analysing channels G01N33/0024)},Compilation of Changes
2024.05,M,G01N 33/0014,G01N 33/0014,{by eliminating a gas (G01N33/0013 and G01N33/0024 take precedenceby a chemical reaction G01N33/0013; a chemical reaction taking place or a gas being eliminated in one or more analysing channels G01N33/0024)},{by eliminating a gas (G01N33/0013 and G01N33/0024 take precedenceby a chemical reaction G01N33/0013; a chemical reaction taking place or a gas being eliminated in one or more analysing channels G01N33/0024)},Compilation of Changes
2024.05,M,G01N 33/0016,G01N 33/0016,"{by regulating a physical variable, e.g. pressure, or temperature}","{by regulating a physical variable, e.g. pressure, or temperature}",Compilation of Changes
2024.05,U,G01N 33/0018,G01N 33/0018,{by diluting a gas},{by diluting a gas},Compilation of Changes
2024.05,D,G01N 2033/0019,G01N 2033/0019,{by preconcentration},{by preconcentration},Compilation of Changes
2024.05,N,G01N 33/0019,G01N 33/0019,{by preconcentration},{by preconcentration},Compilation of Changes
2024.05,M,G01N 33/0026,G01N 33/0026,{use ofusing an alternating circulation of another gas (calibrating gas analysers G01N33/0006)},{use ofusing an alternating circulation of another gas (calibrating gas analysers G01N33/0006)},Compilation of Changes
2024.05,U,G01N 33/0027,G01N 33/0027,{concerning the detector},{concerning the detector},Compilation of Changes
2024.05,M,G01N 33/0029,G01N 33/0029,{cleaningCleaning of the detector},{cleaningCleaning of the detector},Compilation of Changes
2024.05,M,G01N 33/0031,G01N 33/0031,"{comprising two or more sensors, e.g. a sensor array (electrochemical electrode arrays G01N27/27)}","{comprising two or more sensors, e.g. a sensor array (electrochemical electrode arrays G01N27/27)}",Compilation of Changes
2024.05,M,G01N 33/0036,G01N 33/0036,{Speciallyspecially adapted to detect a particular component (all the other sub-groups of G01N33/0004 take precedencephysical analysis of gaseous biological material G01N33/497)},{Speciallyspecially adapted to detect a particular component (all the other sub-groups of G01N33/0004 take precedencephysical analysis of gaseous biological material G01N33/497)},Compilation of Changes
2024.05,M,G01N 33/0037,G01N 33/0037,{for NOxNOx},{for NOxNOx},Compilation of Changes
2024.05,M,G01N 33/0039,G01N 33/0039,{for O3},{for O3},Compilation of Changes
2024.05,M,G01N 33/004,G01N 33/004,"{for CO,CO or CO2}","{for CO,CO or CO2}",Compilation of Changes
2024.05,M,G01N 33/0042,G01N 33/0042,"{for SO2, or SO3}","{for SO2, or SO3}",Compilation of Changes
2024.05,M,G01N 33/0044,G01N 33/0044,"{forSulphides, e.g. H2S, sulfides}","{forSulphides, e.g. H2S, sulfides}",Compilation of Changes
2024.05,M,G01N 33/0045,G01N 33/0045,{for Hg},{for Hg},Compilation of Changes
2024.05,M,G01N 33/0047,G01N 33/0047,{for organicOrganic compounds},{for organicOrganic compounds},Compilation of Changes
2024.05,M,G01N 33/0049,G01N 33/0049,{for halogenatedHalogenated organic compounds},{for halogenatedHalogenated organic compounds},Compilation of Changes
2024.05,M,G01N 33/005,G01N 33/005,{for H2},{for H2},Compilation of Changes
2024.05,M,G01N 33/0052,G01N 33/0052,{for gaseousGaseous halogens},{for gaseousGaseous halogens},Compilation of Changes
2024.05,M,G01N 33/0054,G01N 33/0054,{for ammoniaAmmonia},{for ammoniaAmmonia},Compilation of Changes
2024.05,M,G01N 33/0055,G01N 33/0055,{for radionuclidesRadionuclides},{for radionuclidesRadionuclides},Compilation of Changes
2024.05,M,G01N 33/0057,G01N 33/0057,{for warfareWarfare agents or explosives (properties of explosives G01N33/227)},{for warfareWarfare agents or explosives (properties of explosives G01N33/227)},Compilation of Changes
2024.05,M,G01N 33/0059,G01N 33/0059,{avoidingAvoiding interference of a gas with the gas to be measured},{avoidingAvoiding interference of a gas with the gas to be measured},Compilation of Changes
2024.05,M,G01N 33/006,G01N 33/006,{avoidingAvoiding interference of water vapour with the gas to be measured},{avoidingAvoiding interference of water vapour with the gas to be measured},Compilation of Changes
2024.05,M,G01N 33/0062,G01N 33/0062,"{concerning the measuring method, e.g. intermittent, or the display, e.g. digitalintermittent measurement or digital display}","{concerning the measuring method, e.g. intermittent, or the display, e.g. digitalintermittent measurement or digital display}",Compilation of Changes
2024.05,M,G01N 33/0063,G01N 33/0063,"{using a threshold to release an alarm or displaying means (alarm arrangements G08B, e.g. fire alarm actuated by the presence of smoke or gases G08B17/10, for other abnormal conditions G08B21/00)}","{using a threshold to release an alarm or displaying means (alarm arrangements G08B, e.g. fire alarm actuated by the presence of smoke or gases G08B17/10, for other abnormal conditions G08B21/00)}",Compilation of Changes
2024.05,U,G01N 33/0067,G01N 33/0067,{by measuring the rate of variation of the concentration},{by measuring the rate of variation of the concentration},Compilation of Changes
2024.05,D,G01N 2033/0068,G01N 2033/0068,{using a computer specifically programmed},{using a computer specifically programmed},Compilation of Changes
2024.05,N,G01N 33/0068,G01N 33/0068,{using a computer specifically programmed},{using a computer specifically programmed},Compilation of Changes
2024.05,M,G01N 33/007,G01N 33/007,{Arrangements to check the analyser (calibrating G01N33/0006calibrating gas analysers G01N33/0006)},{Arrangements to check the analyser (calibrating G01N33/0006calibrating gas analysers G01N33/0006)},Compilation of Changes
2024.05,D,G01N 2033/0072,G01N 2033/0072,{by generating a test gas},{by generating a test gas},Compilation of Changes
2024.05,N,G01N 33/0072,G01N 33/0072,{by generating a test gas},{by generating a test gas},Compilation of Changes
2024.05,U,G01N 33/0073,G01N 33/0073,{Control unit therefor},{Control unit therefor},Compilation of Changes
2024.05,M,G01N 33/0075,G01N 33/0075,"{for multiple spatially distributed sensors, e.g. for environmental monitoring (transmission systems for measured values G08C)}","{for multiple spatially distributed sensors, e.g. for environmental monitoring (transmission systems for measured values G08C)}",Compilation of Changes
2024.05,D,G01N 2033/0077,G01N 2033/0077,{testing material properties on individual granules or tablets},{testing material properties on individual granules or tablets},Compilation of Changes
2024.05,N,G01N 33/0077,G01N 33/0077,{Testing material properties on individual granules or tablets},{Testing material properties on individual granules or tablets},Compilation of Changes
2024.05,D,G01N 2033/0078,G01N 2033/0078,{testing material properties on manufactured objects},{testing material properties on manufactured objects},Compilation of Changes
2024.05,N,G01N 33/0078,G01N 33/0078,{Testing material properties on manufactured objects},{Testing material properties on manufactured objects},Compilation of Changes
2024.05,D,G01N 2033/008,G01N 2033/008,"{sport articles (balls, skis, rackets)}","{sport articles (balls, skis, rackets)}",Compilation of Changes
2024.05,N,G01N 33/008,G01N 33/008,"{Sport articles, e.g. balls, skis or rackets}","{Sport articles, e.g. balls, skis or rackets}",Compilation of Changes
2024.05,D,G01N 2033/0081,G01N 2033/0081,{containers; packages; bottles},{containers; packages; bottles},Compilation of Changes
2024.05,N,G01N 33/0081,G01N 33/0081,{Containers; Packages; Bottles},{Containers; Packages; Bottles},Compilation of Changes
2024.05,D,G01N 2033/0083,G01N 2033/0083,{vehicle parts},{vehicle parts},Compilation of Changes
2024.05,N,G01N 33/0083,G01N 33/0083,{Vehicle parts},{Vehicle parts},Compilation of Changes
2024.05,D,G01N 2033/0085,G01N 2033/0085,{wheels},{wheels},Compilation of Changes
2024.05,N,G01N 33/0085,G01N 33/0085,{Wheels},{Wheels},Compilation of Changes
2024.05,D,G01N 2033/0086,G01N 2033/0086,{clothes; hosiery},{clothes; hosiery},Compilation of Changes
2024.05,N,G01N 33/0086,G01N 33/0086,{Clothes; Hosiery},{Clothes; Hosiery},Compilation of Changes
2024.05,D,G01N 2033/0088,G01N 2033/0088,{other articles},{other articles},Compilation of Changes
2024.05,N,G01N 33/009,G01N 33/009,{Seals},{Seals},Compilation of Changes
2024.05,D,G01N 2033/009,G01N 2033/009,{seals},{seals},Compilation of Changes
2024.05,D,G01N 2033/0091,G01N 2033/0091,{Powders},{Powders},Compilation of Changes
2024.05,N,G01N 33/0091,G01N 33/0091,{Powders},{Powders},Compilation of Changes
2024.05,D,G01N 2033/0093,G01N 2033/0093,{radioactive materials},{radioactive materials},Compilation of Changes
2024.05,N,G01N 33/0093,G01N 33/0093,{Radioactive materials},{Radioactive materials},Compilation of Changes
2024.05,D,G01N 2033/0095,G01N 2033/0095,{Semiconductive materials},{Semiconductive materials},Compilation of Changes
2024.05,N,G01N 33/0095,G01N 33/0095,{Semiconductive materials},{Semiconductive materials},Compilation of Changes
2024.05,D,G01N 2033/0096,G01N 2033/0096,{testing material properties on thin layers or coatings},{testing material properties on thin layers or coatings},Compilation of Changes
2024.05,N,G01N 33/0096,G01N 33/0096,{Testing material properties on thin layers or coatings},{Testing material properties on thin layers or coatings},Compilation of Changes
2024.05,U,G01N 33/02,G01N 33/02,Food,Food,Compilation of Changes
2024.05,U,G01N 33/01,G01N 33/01,"Starch-containing substances, e.g. dough","Starch-containing substances, e.g. dough",Compilation of Changes
2024.05,D,G01N 2033/105,G01N 2033/105,{Pasta},{Pasta},Compilation of Changes
2024.05,N,G01N 33/105,G01N 33/105,{Pasta},{Pasta},Compilation of Changes
2024.05,M,G01N 33/12,G01N 33/12,Meat; fishFish,Meat; fishFish,Compilation of Changes
2024.05,M,G01N 33/15,G01N 33/15,"Medicinal preparations {; Physical properties thereof, e.g. dissolubility (drug screening with animal cells G01N33/5008)}","Medicinal preparations {; Physical properties thereof, e.g. dissolubility (drug screening with animal cells G01N33/5008)}",Compilation of Changes
2024.05,U,G01N 33/18,G01N 33/18,Water,Water,Compilation of Changes
2024.05,M,G01N 33/1806,G01N 33/1806,{biologicalBiological oxygen demand [BOD] or chemical oxygen demand (BOD or COD)[COD]},{biologicalBiological oxygen demand [BOD] or chemical oxygen demand (BOD or COD)[COD]},Compilation of Changes
2024.05,M,G01N 33/1813,G01N 33/1813,"{specificSpecific cations in water, e.g. heavy metals (electrochemical analysis G01N27/26; detection of ions by colorimetry G01N31/22)}","{specificSpecific cations in water, e.g. heavy metals (electrochemical analysis G01N27/26; detection of ions by colorimetry G01N31/22)}",Compilation of Changes
2024.05,M,G01N 33/182,G01N 33/182,{specificSpecific anions in water (electrochemical analysis G01N27/26; detection of ions by colorimetry G01N31/22)},{specificSpecific anions in water (electrochemical analysis G01N27/26; detection of ions by colorimetry G01N31/22)},Compilation of Changes
2024.05,M,G01N 33/1826,G01N 33/1826,{organicOrganic contamination in water},{organicOrganic contamination in water},Compilation of Changes
2024.05,M,G01N 33/1833,G01N 33/1833,{Oil in water (water in oil G01N33/2847)},{Oil in water (water in oil G01N33/2847)},Compilation of Changes
2024.05,D,G01N 2033/184,G01N 2033/184,"{herbicides, pesticides, fungicides, insecticides, or the like}","{herbicides, pesticides, fungicides, insecticides, or the like}",Compilation of Changes
2024.05,N,G01N 33/184,G01N 33/184,"{Herbicides, pesticides, fungicides, insecticides or the like}","{Herbicides, pesticides, fungicides, insecticides or the like}",Compilation of Changes
2024.05,M,G01N 33/1853,G01N 33/1853,{hardnessHardness of water},{hardnessHardness of water},Compilation of Changes
2024.05,U,G01N 33/186,G01N 33/186,"{using one or more living organisms, e.g. a fish}","{using one or more living organisms, e.g. a fish}",Compilation of Changes
2024.05,M,G01N 33/1866,G01N 33/1866,{using microorganisms (G01N33/1806 takes precedence)},{using microorganisms (G01N33/1806 takes precedence)},Compilation of Changes
2024.05,D,G01N 2033/1873,G01N 2033/1873,{ice or snow},{ice or snow},Compilation of Changes
2024.05,N,G01N 33/1873,G01N 33/1873,{Ice or snow},{Ice or snow},Compilation of Changes
2024.05,M,G01N 33/188,G01N 33/188,{Determining the state of nitrification (biological treatment of water by aerobic or anaerobic processes for denitrification of water C02F3/305)},{Determining the state of nitrification (biological treatment of water by aerobic or anaerobic processes for denitrification of water C02F3/305)},Compilation of Changes
2024.05,M,G01N 33/22,G01N 33/22,"Fuels, explosives {(liquid hydrocarbons G01N33/28)}; Explosives","Fuels, explosives {(liquid hydrocarbons G01N33/28)}; Explosives",Compilation of Changes
2024.05,M,G01N 33/227,G01N 33/227,"{Explosives, e.g. combustive properties thereof (detecting explosives in air G01N33/0057)}","{Explosives, e.g. combustive properties thereof (detecting explosives in air G01N33/0057)}",Compilation of Changes
2024.05,U,G01N 33/24,G01N 33/24,Earth materials (G01N33/42 takes precedence),Earth materials (G01N33/42 takes precedence),Compilation of Changes
2024.05,M,G01N 33/241,G01N 33/241,{for hydrocarbon content (drilling mud G01N33/2823; drilling per se E21B; prospecting G01V)},{for hydrocarbon content (drilling mud G01N33/2823; drilling per se E21B; prospecting G01V)},Compilation of Changes
2024.05,D,G01N 2033/243,G01N 2033/243,"{for determining biological parameters concerning composting, biodegradability or bioavailability}","{for determining biological parameters concerning composting, biodegradability or bioavailability}",Compilation of Changes
2024.05,N,G01N 33/243,G01N 33/243,"{for determining biological parameters concerning composting, biodegradability or bioavailability}","{for determining biological parameters concerning composting, biodegradability or bioavailability}",Compilation of Changes
2024.05,D,G01N 2033/245,G01N 2033/245,{for agricultural purposes},{for agricultural purposes},Compilation of Changes
2024.05,N,G01N 33/245,G01N 33/245,{for agricultural purposes},{for agricultural purposes},Compilation of Changes
2024.05,M,G01N 33/246,G01N 33/246,{for water content (for control of watering A01G25/167)},{for water content (for control of watering A01G25/167)},Compilation of Changes
2024.05,D,G01N 2033/248,G01N 2033/248,"{related to manure as a biological product, i.e. excluding artificial fertilizers}","{related to manure as a biological product, i.e. excluding artificial fertilizers}",Compilation of Changes
2024.05,N,G01N 33/248,G01N 33/248,{related to manure as a biological product},{related to manure as a biological product},Compilation of Changes
2024.05,M,G01N 33/26,G01N 33/26,Oils; viscousViscous liquids; paintsPaints; inksInks (G01N33/22 takes precedence),Oils; viscousViscous liquids; paintsPaints; inksInks (G01N33/22 takes precedence),Compilation of Changes
2024.05,M,G01N 33/28,G01N 33/28,"Oils {, i.e. hydrocarbon liquids} ({gaseous fuels G01N33/225;} edible oils or edible fats G01N33/03)","Oils {, i.e. hydrocarbon liquids} ({gaseous fuels G01N33/225;} edible oils or edible fats G01N33/03)",Compilation of Changes
2024.05,M,G01N 33/2805,G01N 33/2805,"{investigating the resistance to heat or oxidation (to the weather, to corrosion, or to light G01N17/00)}","{investigating the resistance to heat or oxidation (to the weather, to corrosion, or to light G01N17/00)}",Compilation of Changes
2024.05,M,G01N 33/2817,G01N 33/2817,{using a test engine (testing of engines G01M15/00)},{using a test engine (testing of engines G01M15/00)},Compilation of Changes
2024.05,M,G01N 33/2823,G01N 33/2823,"{rawRaw oil, drilling fluid or polyphasic mixtures (hydrocarbon content of earth materials G01N33/241; prospecting G01V; drilling per se E21B)}","{rawRaw oil, drilling fluid or polyphasic mixtures (hydrocarbon content of earth materials G01N33/241; prospecting G01V; drilling per se E21B)}",Compilation of Changes
2024.05,M,G01N 33/2829,G01N 33/2829,"{mixtures of fuels, e.g. determining the RON-numberMixtures of fuels}","{mixtures of fuels, e.g. determining the RON-numberMixtures of fuels}",Compilation of Changes
2024.05,M,G01N 33/2835,G01N 33/2835,{specificSpecific substances contained in the oil or fueloils or fuels},{specificSpecific substances contained in the oil or fueloils or fuels},Compilation of Changes
2024.05,M,G01N 33/2841,G01N 33/2841,"{gas in oilGas in oils, e.g. hydrogen in insulating oiloils}","{gas in oilGas in oils, e.g. hydrogen in insulating oiloils}",Compilation of Changes
2024.05,M,G01N 33/2847,G01N 33/2847,{Water in oil oils}(basic sediment and water G01N33/2823; oil in water G01N33/1833)},{Water in oil oils}(basic sediment and water G01N33/2823; oil in water G01N33/1833)},Compilation of Changes
2024.05,M,G01N 33/2852,G01N 33/2852,{alcohol/fuel mixturesAlcohol in fuels},{alcohol/fuel mixturesAlcohol in fuels},Compilation of Changes
2024.05,M,G01N 33/2858,G01N 33/2858,{metalMetal particles},{metalMetal particles},Compilation of Changes
2024.05,M,G01N 33/2864,G01N 33/2864,{leadLead content},{leadLead content},Compilation of Changes
2024.05,M,G01N 33/2882,G01N 33/2882,{Markers (marking of fuels C10L1/003)},{Markers (marking of fuels C10L1/003)},Compilation of Changes
2024.05,M,G01N 33/32,G01N 33/32,"Paints; inks {Inks(investigating resistance to the weather, to corrosion, to light G01N17/00)}","Paints; inks {Inks(investigating resistance to the weather, to corrosion, to light G01N17/00)}",Compilation of Changes
2024.05,U,G01N 33/34,G01N 33/34,Paper,Paper,Compilation of Changes
2024.05,M,G01N 33/343,G01N 33/343,{paperPaper pulp},{paperPaper pulp},Compilation of Changes
2024.05,M,G01N 33/346,G01N 33/346,{paperPaper sheets},{paperPaper sheets},Compilation of Changes
2024.05,U,G01N 33/36,G01N 33/36,Textiles,Textiles,Compilation of Changes
2024.05,M,G01N 33/362,G01N 33/362,"{materialMaterial before processing, e.g. bulk cotton or wool}","{materialMaterial before processing, e.g. bulk cotton or wool}",Compilation of Changes
2024.05,M,G01N 33/365,G01N 33/365,"{filiformFiliform textiles, e.g. yarns (for measuring diameter G01B)}","{filiformFiliform textiles, e.g. yarns (for measuring diameter G01B)}",Compilation of Changes
2024.05,M,G01N 33/367,G01N 33/367,{Fabric or woven textiles (optical analysis of moving sheets G01N21/86)},{Fabric or woven textiles (optical analysis of moving sheets G01N21/86)},Compilation of Changes
2024.05,M,G01N 33/38,G01N 33/38,Concrete; ceramicsLime; glassMortar; bricksGypsum; Bricks; Ceramics; Glass,Concrete; ceramicsLime; glassMortar; bricksGypsum; Bricks; Ceramics; Glass,Compilation of Changes
2024.05,D,G01N 33/381,G01N 33/381,{precious stones; pearls},{precious stones; pearls},Compilation of Changes
2024.05,M,G01N 33/383,G01N 33/383,"{Concrete, or cement}","{Concrete, or cement}",Compilation of Changes
2024.05,D,G01N 33/385,G01N 33/385,{Crystals},{Crystals},Compilation of Changes
2024.05,U,G01N 33/388,G01N 33/388,{Ceramics},{Ceramics},Compilation of Changes
2024.05,N,G01N 33/389,G01N 33/389,{Precious stones; Pearls},{Precious stones; Pearls},Compilation of Changes
2024.05,N,G01N 33/39,G01N 33/39,{Crystals},{Crystals},Compilation of Changes
2024.05,M,G01N 33/44,G01N 33/44,Resins; rubberPlastics; leatherRubber; Leather,Resins; rubberPlastics; leatherRubber; Leather,Compilation of Changes
2024.05,M,G01N 33/442,G01N 33/442,"{Resins, plastics}; Plastics}","{Resins, plastics}; Plastics}",Compilation of Changes
2024.05,U,G01N 33/48,G01N 33/48,"Biological material, e.g. blood, urine (G01N33/02, G01N33/26, G01N33/44, G01N33/46 take precedence); Haemocytometers (counting blood corpuscules distributed over a surface by scanning the surface G06M11/02)","Biological material, e.g. blood, urine (G01N33/02, G01N33/26, G01N33/44, G01N33/46 take precedence); Haemocytometers (counting blood corpuscules distributed over a surface by scanning the surface G06M11/02)",Compilation of Changes
2024.05,U,G01N 33/483,G01N 33/483,Physical analysis of biological material,Physical analysis of biological material,Compilation of Changes
2024.05,U,G01N 33/487,G01N 33/487,of liquid biological material,of liquid biological material,Compilation of Changes
2024.05,U,G01N 33/49,G01N 33/49,Blood {(chemical methods for determining blood cell populations G01N33/5094; chemical analysis of blood groups or blood types G01N33/80)},Blood {(chemical methods for determining blood cell populations G01N33/5094; chemical analysis of blood groups or blood types G01N33/80)},Compilation of Changes
2024.05,M,G01N 33/4905,G01N 33/4905,"{Determining clotting time of blood (by chemical methods G01N33/86, C12Q1/54C12Q1/56)}","{Determining clotting time of blood (by chemical methods G01N33/86, C12Q1/54C12Q1/56)}",Compilation of Changes
2024.05,U,G01N 33/497,G01N 33/497,"of gaseous biological material, e.g. breath","of gaseous biological material, e.g. breath",Compilation of Changes
2024.05,U,G01N 33/4972,G01N 33/4972,{Determining alcohol content (for vehicle safety devices B60K28/06)},{Determining alcohol content (for vehicle safety devices B60K28/06)},Compilation of Changes
2024.05,D,G01N 2033/4975,G01N 2033/4975,"{other than oxygen, carbon dioxide or alcohol, e.g. organic vapours}","{other than oxygen, carbon dioxide or alcohol, e.g. organic vapours}",Compilation of Changes
2024.05,N,G01N 33/4975,G01N 33/4975,"{other than oxygen, carbon dioxide or alcohol, e.g. organic vapours}","{other than oxygen, carbon dioxide or alcohol, e.g. organic vapours}",Compilation of Changes
2024.05,D,G01N 2033/4977,G01N 2033/4977,"{metabolic gass from microbes, cell cultures, plant tissues and the like}","{metabolic gass from microbes, cell cultures, plant tissues and the like}",Compilation of Changes
2024.05,N,G01N 33/4977,G01N 33/4977,"{Metabolic gas from microbes, cell cultures or plant tissues}","{Metabolic gas from microbes, cell cultures or plant tissues}",Compilation of Changes
2024.05,U,G06Q 10/00,G06Q 10/00,Administration; Management,Administration; Management,Compilation of Changes
2024.05,M,G06Q 10/06,G06Q 10/06,"Resources, workflows, human or project management; Enterprise or organisation planning; Enterprise or organisation modelling","Resources, workflows, human or project management; Enterprise or organisation planning; Enterprise or organisation modelling",Compilation of Changes
2024.05,U,H01L 21/00,H01L 21/00,Processes or apparatus adapted for the manufacture or treatment of semiconductor or solid state devices or of parts thereof,Processes or apparatus adapted for the manufacture or treatment of semiconductor or solid state devices or of parts thereof,Compilation of Changes
2024.05,U,H01L 21/02,H01L 21/02,Manufacture or treatment of semiconductor devices or of parts thereof,Manufacture or treatment of semiconductor devices or of parts thereof,Compilation of Changes
2024.05,U,H01L 21/02104,H01L 21/02104,{Forming layers (deposition in general C23C; crystal growth in general C30B)},{Forming layers (deposition in general C23C; crystal growth in general C30B)},Compilation of Changes
2024.05,M,H01L 21/02365,H01L 21/02365,{Forming inorganic semiconducting materials on a substrate (for light-sensitive devices H01L31/00)},{Forming inorganic semiconducting materials on a substrate (for light-sensitive devices H01L31/00)},Compilation of Changes
2024.05,U,H01L 21/04,H01L 21/04,"the devices having potential barriers, e.g. a PN junction, depletion layer or carrier concentration layer","the devices having potential barriers, e.g. a PN junction, depletion layer or carrier concentration layer",Compilation of Changes
2024.05,M,H01L 21/18,H01L 21/18,"the devices having semiconductor bodies comprising elements of Group IV of the Periodic Table or AIIIBVAIIIBV compounds with or without impurities, e.g. doping materials {(H01L21/041 - H01L21/0425, H01L21/045 - H01L21/048 take precedence)}","the devices having semiconductor bodies comprising elements of Group IV of the Periodic Table or AIIIBVAIIIBV compounds with or without impurities, e.g. doping materials {(H01L21/041 - H01L21/0425, H01L21/045 - H01L21/048 take precedence)}",Compilation of Changes
2024.05,M,H01L 21/02,H01L 21/02,"Deposition of semiconductor materials on a substrate, e.g. epitaxial growth {solid phase epitaxy}","Deposition of semiconductor materials on a substrate, e.g. epitaxial growth {solid phase epitaxy}",Compilation of Changes
2024.05,D,H01L 21/2018,H01L 21/2018,"{Selective epilaxial growth, e.g. simultaneous deposition of mono - and non-mono semiconductor materials}","{Selective epilaxial growth, e.g. simultaneous deposition of mono - and non-mono semiconductor materials}",Compilation of Changes
2024.05,D,H01L 21/2022,H01L 21/2022,"{Epitaxial regrowth of non-monocrystalline semiconductor materials, e.g. lateral epitaxy by seeded solidification, solid-state crystallization, solid-state graphoepitaxy, explosive crystallization, grain growth in polycrystalline materials}","{Epitaxial regrowth of non-monocrystalline semiconductor materials, e.g. lateral epitaxy by seeded solidification, solid-state crystallization, solid-state graphoepitaxy, explosive crystallization, grain growth in polycrystalline materials}",Compilation of Changes
2024.05,D,H01L 21/2026,H01L 21/2026,"{using a coherent energy beam, e.g. laser or electron beam}","{using a coherent energy beam, e.g. laser or electron beam}",Compilation of Changes
2024.05,D,H01L 21/203,H01L 21/203,"using physical deposition, e.g. vacuum deposition, sputtering","using physical deposition, e.g. vacuum deposition, sputtering",Compilation of Changes
2024.05,D,H01L 21/2033,H01L 21/2033,"{Epitaxial deposition of elements of Group IV of the Periodic System, e.g. Si, Ge}","{Epitaxial deposition of elements of Group IV of the Periodic System, e.g. Si, Ge}",Compilation of Changes
2024.05,D,H01L 21/2036,H01L 21/2036,{Epitaxial deposition of AIII BV compounds},{Epitaxial deposition of AIII BV compounds},Compilation of Changes
2024.05,D,H01L 21/205,H01L 21/205,"using reduction or decomposition of a gaseous compound yielding a solid condensate, i.e. chemical deposition","using reduction or decomposition of a gaseous compound yielding a solid condensate, i.e. chemical deposition",Compilation of Changes
2024.05,D,H01L 21/2053,H01L 21/2053,"{Expitaxial deposition of elements of Group IV of the Periodic System, e.g. Si, Ge}","{Expitaxial deposition of elements of Group IV of the Periodic System, e.g. Si, Ge}",Compilation of Changes
2024.05,D,H01L 21/2056,H01L 21/2056,{Epitaxial deposition of AIIIBV compounds},{Epitaxial deposition of AIIIBV compounds},Compilation of Changes
2024.05,D,H01L 21/208,H01L 21/208,using liquid deposition,using liquid deposition,Compilation of Changes
2024.05,D,H01L 21/2085,H01L 21/2085,{Epitaxial deposition of AIIIBV compounds},{Epitaxial deposition of AIIIBV compounds},Compilation of Changes
2024.05,U,H02K 17/00,H02K 17/00,Asynchronous induction motors; Asynchronous induction generators,Asynchronous induction motors; Asynchronous induction generators,Compilation of Changes
2024.05,U,H02K 17/02,H02K 17/02,Asynchronous induction motors,Asynchronous induction motors,Compilation of Changes
2024.05,M,H02K 17/16,H02K 17/16,"having rotors with internally short-circuited windings, e.g. cage rotors","having rotors with internally short-circuited windings, e.g. cage rotors",Compilation of Changes
2024.05,M,H02K 17/165,H02K 17/165,{characterised by the squirrel-cage or other short-circuited windings},{characterised by the squirrel-cage or other short-circuited windings},Compilation of Changes
2024.05,D,H02K 17/166,H02K 17/166,{having short-circuited rotor windings},{having short-circuited rotor windings},Compilation of Changes
2024.05,M,H02P 1/00,H02P 1/00,"Arrangements for starting electric motors or dynamo-electric converters (starting of synchronous motors with electronic commutators except reluctance motors, H02P6/20, H02P6/22; starting dynamo-electric motors rotating step by step H02P8/04; vector control H02P21/00)","Arrangements for starting electric motors or dynamo-electric converters (starting of synchronous motors with electronic commutators except reluctance motors, H02P6/20, H02P6/22; starting dynamo-electric motors rotating step by step H02P8/04; vector control H02P21/00)",Compilation of Changes
2024.05,M,H02P 1/02,H02P 1/02,Details {of starting control},Details {of starting control},Compilation of Changes
2024.05,U,H02P 1/04,H02P 1/04,"Means for controlling progress of starting sequence in dependence upon time or upon current, speed, or other motor parameter","Means for controlling progress of starting sequence in dependence upon time or upon current, speed, or other motor parameter",Compilation of Changes
2024.05,M,H02P 1/01,H02P 1/01,Manually-operated on/off switch controlling relays or contactors operating sequentially for starting a motor (sequence determined by power-operated multi-position switch H02P1/08),Manually-operated on/off switch controlling relays or contactors operating sequentially for starting a motor (sequence determined by power-operated multi-position switch H02P1/08),Compilation of Changes
2024.05,U,H02P 1/16,H02P 1/16,for starting dynamo-electric motors or dynamo-electric converters,for starting dynamo-electric motors or dynamo-electric converters,Compilation of Changes
2024.05,U,H02P 1/26,H02P 1/26,for starting an individual polyphase induction motor,for starting an individual polyphase induction motor,Compilation of Changes
2024.05,M,H02P 1/32,H02P 1/32,by star-/delta switching,by star-/delta switching,Compilation of Changes
2024.05,M,H02P 3/00,H02P 3/00,"Arrangements for stopping or slowing electric motors, generators, or dynamo-electric converters (stopping of synchronous motors with electronic commutators except reluctance motors, H02P6/24; stopping dynamo-electric motors rotating step by step H02P8/24; vector control H02P21/00)","Arrangements for stopping or slowing electric motors, generators, or dynamo-electric converters (stopping of synchronous motors with electronic commutators except reluctance motors, H02P6/24; stopping dynamo-electric motors rotating step by step H02P8/24; vector control H02P21/00)",Compilation of Changes
2024.05,M,H02P 3/02,H02P 3/02,Details {of stopping control},Details {of stopping control},Compilation of Changes
2024.05,M,H02P 3/04,H02P 3/04,"Means for stopping or slowing by a separate brake, e.g. friction brake, or eddy-current brake (brakes F16D, H02K49/00)","Means for stopping or slowing by a separate brake, e.g. friction brake, or eddy-current brake (brakes F16D, H02K49/00)",Compilation of Changes
2024.05,U,H02P 7/00,H02P 7/00,Arrangements for regulating or controlling the speed or torque of electric DC motors,Arrangements for regulating or controlling the speed or torque of electric DC motors,Compilation of Changes
2024.05,U,H02P 7/06,H02P 7/06,for regulating or controlling an individual dc dynamo-electric motor by varying field or armature current,for regulating or controlling an individual dc dynamo-electric motor by varying field or armature current,Compilation of Changes
2024.05,U,H02P 7/08,H02P 7/08,by manual control without auxiliary power,by manual control without auxiliary power,Compilation of Changes
2024.05,M,H02P 7/14,H02P 7/14,of voltage applied to the armature with or without control of field {Ward-Leonard},of voltage applied to the armature with or without control of field {Ward-Leonard},Compilation of Changes
2024.05,U,H02P 7/18,H02P 7/18,by master control with auxiliary power,by master control with auxiliary power,Compilation of Changes
2024.05,U,H02P 7/24,H02P 7/24,using discharge tubes or semiconductor devices,using discharge tubes or semiconductor devices,Compilation of Changes
2024.05,U,H02P 7/28,H02P 7/28,using semiconductor devices,using semiconductor devices,Compilation of Changes
2024.05,U,H02P 7/285,H02P 7/285,controlling armature supply only,controlling armature supply only,Compilation of Changes
2024.05,U,H02P 7/292,H02P 7/292,"using static converters, e.g. AC to DC","using static converters, e.g. AC to DC",Compilation of Changes
2024.05,M,H02P 7/295,H02P 7/295,of the kind having aone thyristor or the like in series with the power supply and the motor,of the kind having aone thyristor or the like in series with the power supply and the motor,Compilation of Changes
2024.05,M,H02P 7/298,H02P 7/298,controlling armature and field supplysupplies,controlling armature and field supplysupplies,Compilation of Changes
2024.05,M,H02P 8/00,H02P 8/00,Arrangements for controlling dynamo-electric motors of the kind having motors rotating step by step (vector control H02P21/00),Arrangements for controlling dynamo-electric motors of the kind having motors rotating step by step (vector control H02P21/00),Compilation of Changes
2024.05,M,H02P 8/02,H02P 8/02,"specially adapted for single-phase or bi-pole stepper motors, e.g. watch-motors, clock-motors","specially adapted for single-phase or bi-pole stepper motors, e.g. watch-motors, clock-motors",Compilation of Changes
2024.05,U,H02P 8/14,H02P 8/14,"Arrangements for controlling speed or speed and torque (H02P8/12, H02P8/22 take precedence)","Arrangements for controlling speed or speed and torque (H02P8/12, H02P8/22 take precedence)",Compilation of Changes
2024.05,M,H02P 8/18,H02P 8/18,"Shaping of pulses, e.g. to reduce torque ripple {(Reducing overshoot H02P8/32 takes precedence)}","Shaping of pulses, e.g. to reduce torque ripple {(Reducing overshoot H02P8/32 takes precedence)}",Compilation of Changes
2024.05,M,H02P 8/36,H02P 8/36,"Protection against faults, e.g. against overheating, or step-out; Indicating faults (emergency protective arrangements with automatic interruption of supply H02H7/08)","Protection against faults, e.g. against overheating, or step-out; Indicating faults (emergency protective arrangements with automatic interruption of supply H02H7/08)",Compilation of Changes
2024.05,M,H02P 9/00,H02P 9/00,Arrangements for controlling electric generators for the purpose of obtaining a desired output (Ward-Leonard arrangements H02P7/34; vector control H02P21/00; feeding a network by two or more generators H02J; for charging batteries H02J7/14),Arrangements for controlling electric generators for the purpose of obtaining a desired output (Ward-Leonard arrangements H02P7/34; vector control H02P21/00; feeding a network by two or more generators H02J; for charging batteries H02J7/14),Compilation of Changes
2024.05,M,H02P 9/006,H02P 9/006,{Means for protecting the generator by using control (H02H7/06 takes precedence; control effected upon generator excitation circuit to reduce harmful effects of overloads or transients H02P9/10)},{Means for protecting the generator by using control (H02H7/06 takes precedence; control effected upon generator excitation circuit to reduce harmful effects of overloads or transients H02P9/10)},Compilation of Changes
2024.05,M,H02P 9/02,H02P 9/02,Details {of the control},Details {of the control},Compilation of Changes
2024.05,M,H02P 11/00,H02P 11/00,Arrangements for controlling dynamo-electric converters (starting H02P1/00; stopping or slowing H02P3/00; vector control H02P21/00; feeding a network in conjunction with a generator or another converter H02J),Arrangements for controlling dynamo-electric converters (starting H02P1/00; stopping or slowing H02P3/00; vector control H02P21/00; feeding a network in conjunction with a generator or another converter H02J),Compilation of Changes
2024.05,M,H02P 13/00,H02P 13/00,"Arrangements for controlling transformers, reactors or choke coils, for the purpose of obtaining a desired output (regulation systems using transformers, reactors or choke coils G05F; transformers H01F; feeding a network in conjunction with a generator or a converter H02J; control or regulation of converters H02M)","Arrangements for controlling transformers, reactors or choke coils, for the purpose of obtaining a desired output (regulation systems using transformers, reactors or choke coils G05F; transformers H01F; feeding a network in conjunction with a generator or a converter H02J; control or regulation of converters H02M)",Compilation of Changes
2024.05,M,H02P 15/00,H02P 15/00,"Arrangements for controlling dynamo-electric brakes or clutches (controlling speed of dynamo-electric motors by means of a separate brake H02P29/04, vector control H02P21/00 {see provisionally also H02K49/00 and H02P29/0022}vector control H02P21/00)","Arrangements for controlling dynamo-electric brakes or clutches (controlling speed of dynamo-electric motors by means of a separate brake H02P29/04, vector control H02P21/00 {see provisionally also H02K49/00 and H02P29/0022}vector control H02P21/00)",Compilation of Changes
2024.05,U,H02P 23/00,H02P 23/00,Arrangements or methods for the control of AC motors characterised by a control method other than vector control,Arrangements or methods for the control of AC motors characterised by a control method other than vector control,Compilation of Changes
2024.05,M,H02P 23/01,H02P 23/01,Controlling by adding a dc current (dc current braking H02P3/24),Controlling by adding a dc current (dc current braking H02P3/24),Compilation of Changes
2024.05,U,H02P 25/00,H02P 25/00,Arrangements or methods for the control of AC motors characterised by the kind of AC motor or by structural details,Arrangements or methods for the control of AC motors characterised by the kind of AC motor or by structural details,Compilation of Changes
2024.05,U,H02P 25/02,H02P 25/02,characterised by the kind of motor,characterised by the kind of motor,Compilation of Changes
2024.05,U,H02P 25/032,H02P 25/032,"Reciprocating, oscillating or vibrating motors","Reciprocating, oscillating or vibrating motors",Compilation of Changes
2024.05,M,H02P 25/034,H02P 25/034,Voice coil motors (voice coil motors driven by DC power H02P7/025),Voice coil motors (voice coil motors driven by DC power H02P7/025),Compilation of Changes
2024.05,U,H02P 29/00,H02P 29/00,"Arrangements for regulating or controlling electric motors, appropriate for both AC and DC motors (arrangements for starting electric motors H02P1/00; arrangements for stopping or slowing electric motors H02P3/00; control of motors that can be connected to two or more different electric power supplies H02P4/00; regulating or controlling the speed or torque of two or more electric motors H02P5/00; vector control H02P21/00)","Arrangements for regulating or controlling electric motors, appropriate for both AC and DC motors (arrangements for starting electric motors H02P1/00; arrangements for stopping or slowing electric motors H02P3/00; control of motors that can be connected to two or more different electric power supplies H02P4/00; regulating or controlling the speed or torque of two or more electric motors H02P5/00; vector control H02P21/00)",Compilation of Changes
2024.05,M,H02P 29/02,H02P 29/02,Providing protection against overload without automatic interruption of supply (protection against faults of stepper motors H02P8/36),Providing protection against overload without automatic interruption of supply (protection against faults of stepper motors H02P8/36),Compilation of Changes
2024.05,U,H04L 47/00,H04L 47/00,Traffic control in data switching networks (arrangements for detecting or preventing errors in the information received H04L1/00),Traffic control in data switching networks (arrangements for detecting or preventing errors in the information received H04L1/00),Compilation of Changes
2024.05,U,H04L 47/07,H04L 47/07,Admission control; Resource allocation,Admission control; Resource allocation,Compilation of Changes
2024.05,U,H04L 47/82,H04L 47/82,{Miscellaneous aspects},{Miscellaneous aspects},Compilation of Changes
2024.05,D,H04L 47/823,H04L 47/823,{Prediction of resource usage},{Prediction of resource usage},Compilation of Changes
2024.05,D,H05K 999/00,H05K 999/00,"Dummy groups for the purpose of scheme testing, logistics of documents or the like","Dummy groups for the purpose of scheme testing, logistics of documents or the like",Compilation of Changes
2024.05,D,H05K 999/00,H05K 999/00,dummy group,dummy group,Compilation of Changes
2024.05,D,H05K 999/99,H05K 999/99,dummy group,dummy group,Compilation of Changes
2024.05,U,H10N 15/00,H10N 15/00,"Thermoelectric devices without a junction of dissimilar materials; Thermomagnetic devices, e.g. using the Nernst-Ettingshausen effect (integrated devices or assemblies of multiple devices H10N19/00)","Thermoelectric devices without a junction of dissimilar materials; Thermomagnetic devices, e.g. using the Nernst-Ettingshausen effect (integrated devices or assemblies of multiple devices H10N19/00)",Compilation of Changes
2024.05,U,H10N 15/01,H10N 15/01,"Thermoelectric devices using thermal change of the dielectric constant, e.g. working above and below the Curie point","Thermoelectric devices using thermal change of the dielectric constant, e.g. working above and below the Curie point",Compilation of Changes
2024.05,M,H10N 15/15,H10N 15/15,{Selection ofThermoelectric active materials},{Selection ofThermoelectric active materials},Compilation of Changes
2024.05,U,H10N 30/00,H10N 30/00,Piezoelectric or electrostrictive devices (integrated devices or assemblies of multiple devices H10N39/00),Piezoelectric or electrostrictive devices (integrated devices or assemblies of multiple devices H10N39/00),Compilation of Changes
2024.05,U,H10N 30/01,H10N 30/01,Manufacture or treatment,Manufacture or treatment,Compilation of Changes
2024.05,U,H10N 30/09,H10N 30/09,Forming piezoelectric or electrostrictive materials,Forming piezoelectric or electrostrictive materials,Compilation of Changes
2024.05,U,H10N 30/098,H10N 30/098,Forming organic materials,Forming organic materials,Compilation of Changes
2024.05,N,H10N 30/101,H10N 30/101,"{with electrical and mechanical input and output, e.g. having combined actuator and sensor parts}","{with electrical and mechanical input and output, e.g. having combined actuator and sensor parts}",Compilation of Changes
2024.05,D,H10N 30/1051,H10N 30/1051,{based on piezoelectric or electrostrictive films or coatings},{based on piezoelectric or electrostrictive films or coatings},Compilation of Changes
2024.05,D,H10N 30/10513,H10N 30/10513,"{characterised by the underlying bases, e.g. substrates}","{characterised by the underlying bases, e.g. substrates}",Compilation of Changes
2024.05,D,H10N 30/10516,H10N 30/10516,"{Intermediate layers, e.g. barrier, adhesion or growth control buffer layers}","{Intermediate layers, e.g. barrier, adhesion or growth control buffer layers}",Compilation of Changes
2024.05,D,H10N 30/1061,H10N 30/1061,{based on piezoelectric or electrostrictive fibres},{based on piezoelectric or electrostrictive fibres},Compilation of Changes
2024.05,D,H10N 30/1071,H10N 30/1071,"{with electrical and mechanical input and output, e.g. having combined actuator and sensor parts}","{with electrical and mechanical input and output, e.g. having combined actuator and sensor parts}",Compilation of Changes
2024.05,U,H10N 30/05,H10N 30/05,having a stacked or multilayer structure,having a stacked or multilayer structure,Compilation of Changes
2024.05,M,H10N 30/501,H10N 30/501,"{withhaving a non-rectangular cross-section in a plane parallel to the stacking direction, e.g. polygonal, trapezoidal or trapezoidal in side view}","{withhaving a non-rectangular cross-section in a plane parallel to the stacking direction, e.g. polygonal, trapezoidal or trapezoidal in side view}",Compilation of Changes
2024.05,M,H10N 30/503,H10N 30/503,"{withhaving a non-rectangular cross-section in a plane orthogonal to the stacking direction, e.g. polygonal, circular or circular in top view}","{withhaving a non-rectangular cross-section in a plane orthogonal to the stacking direction, e.g. polygonal, circular or circular in top view}",Compilation of Changes
2024.05,M,H10N 30/505,H10N 30/505,{Annularthe cross-section being annular},{Annularthe cross-section being annular},Compilation of Changes
2024.05,M,H10N 30/506,H10N 30/506,"{of cylindrical shape with stacking inhaving a cylindrical shape and having stacking in the radial direction, e.g. coaxial or spiral type rolls}","{of cylindrical shape with stacking inhaving a cylindrical shape and having stacking in the radial direction, e.g. coaxial or spiral type rolls}",Compilation of Changes
2024.05,U,H10N 30/06,H10N 30/06,having a coaxial cable structure,having a coaxial cable structure,Compilation of Changes
2024.05,N,H10N 30/702,H10N 30/702,{based on piezoelectric or electrostrictive fibres},{based on piezoelectric or electrostrictive fibres},Compilation of Changes
2024.05,N,H10N 30/704,H10N 30/704,{based on piezoelectric or electrostrictive films or coatings},{based on piezoelectric or electrostrictive films or coatings},Compilation of Changes
2024.05,N,H10N 30/706,H10N 30/706,"{characterised by the underlying bases, e.g. substrates}","{characterised by the underlying bases, e.g. substrates}",Compilation of Changes
2024.05,N,H10N 30/708,H10N 30/708,"{Intermediate layers, e.g. barrier, adhesion or growth control buffer layers}","{Intermediate layers, e.g. barrier, adhesion or growth control buffer layers}",Compilation of Changes
2024.05,U,H10N 30/08,H10N 30/08,Constructional details,Constructional details,Compilation of Changes
2024.05,M,H10N 30/802,H10N 30/802,"{Drive or control circuitry or methods forCircuitry or processes for operating piezoelectric or electrostrictive devices not otherwise provided for, e.g. drive circuits}","{Drive or control circuitry or methods forCircuitry or processes for operating piezoelectric or electrostrictive devices not otherwise provided for, e.g. drive circuits}",Compilation of Changes
2024.05,M,H10N 30/804,H10N 30/804,{for piezoelectric transformers (conversion of DC or AC power H02M; for operating discharge lamps H05B41/282)},{for piezoelectric transformers (conversion of DC or AC power H02M; for operating discharge lamps H05B41/282)},Compilation of Changes
2024.05,U,H10N 30/85,H10N 30/85,Piezoelectric or electrostrictive active materials,Piezoelectric or electrostrictive active materials,Compilation of Changes
2024.05,U,H10N 30/853,H10N 30/853,Ceramic compositions,Ceramic compositions,Compilation of Changes
2024.05,M,H10N 30/8548,H10N 30/8548,{Lead -based oxides},{Lead -based oxides},Compilation of Changes
2024.05,M,H10N 30/8554,H10N 30/8554,{Lead zirconium titanate-zirconium titanate [PZT] based},{Lead zirconium titanate-zirconium titanate [PZT] based},Compilation of Changes
2024.05,M,H10N 30/8561,H10N 30/8561,{Bismuth -based oxides},{Bismuth -based oxides},Compilation of Changes
2024.05,U,H10N 30/87,H10N 30/87,"Electrodes or interconnections, e.g. leads or terminals","Electrodes or interconnections, e.g. leads or terminals",Compilation of Changes
2024.05,M,H10N 30/872,H10N 30/872,"{ConnectionInterconnections, e.g. connection electrodes of multilayer piezoelectric or electrostrictive devices, e.g. external electrodes}","{ConnectionInterconnections, e.g. connection electrodes of multilayer piezoelectric or electrostrictive devices, e.g. external electrodes}",Compilation of Changes
2024.05,M,H10N 30/877,H10N 30/877,{Conductive materials (in general H01B1/00)},{Conductive materials (in general H01B1/00)},Compilation of Changes
2024.05,U,H10N 30/88,H10N 30/88,Mounts; Supports; Enclosures; Casings,Mounts; Supports; Enclosures; Casings,Compilation of Changes
2024.05,M,H10N 30/883,H10N 30/883,"{Further insulation means againstAdditional insulation means preventing electrical, physical or chemical damage, e.g. protective coatings}","{Further insulation means againstAdditional insulation means preventing electrical, physical or chemical damage, e.g. protective coatings}",Compilation of Changes
2024.05,M,H10N 30/886,H10N 30/886,"{MechanicalAdditional mechanical prestressing means, e.g. springs (springs in general F16F1/00)}","{MechanicalAdditional mechanical prestressing means, e.g. springs (springs in general F16F1/00)}",Compilation of Changes
2024.05,U,H10N 60/00,H10N 60/00,Superconducting devices (integrated devices or assemblies of multiple devices H10N69/00),Superconducting devices (integrated devices or assemblies of multiple devices H10N69/00),Compilation of Changes
2024.05,U,H10N 60/01,H10N 60/01,Manufacture or treatment,Manufacture or treatment,Compilation of Changes
2024.05,M,H10N 60/0156,H10N 60/0156,"{of devices comprising Nb or an alloy of Nb with one or more of the elements of group 4IVB, e.g. Ti, Zr, Hftitanium, zirconium or hafnium}","{of devices comprising Nb or an alloy of Nb with one or more of the elements of group 4IVB, e.g. Ti, Zr, Hftitanium, zirconium or hafnium}",Compilation of Changes
2024.05,U,H10N 60/0268,H10N 60/0268,{of devices comprising copper oxide},{of devices comprising copper oxide},Compilation of Changes
2024.05,M,H10N 60/0296,H10N 60/0296,{Processes for depositing or forming copper oxide superconductor layers},{Processes for depositing or forming copper oxide superconductor layers},Compilation of Changes
2024.05,M,H10N 60/0352,H10N 60/0352,"{from a suspension or slurry, e.g. screen printing or doctor blade casting}; doctor blade casting}","{from a suspension or slurry, e.g. screen printing or doctor blade casting}; doctor blade casting}",Compilation of Changes
2024.05,M,H10N 60/0381,H10N 60/0381,"{by evaporation independent of heat source, e.g. MBE}","{by evaporation independent of heat source, e.g. MBE}",Compilation of Changes
2024.05,M,H10N 60/0521,H10N 60/0521,"{by pulsed laser deposition, e.g. laser sputtering}; laser ablation}","{by pulsed laser deposition, e.g. laser sputtering}; laser ablation}",Compilation of Changes
2024.05,M,H10N 60/0548,H10N 60/0548,"{by precursor deposition followed by after-deposition and subsequent treatment, e.g. oxidation of pre-deposited material}","{by precursor deposition followed by after-deposition and subsequent treatment, e.g. oxidation of pre-deposited material}",Compilation of Changes
2024.05,M,H10N 60/0661,H10N 60/0661,"{After-treatmentProcesses performed after copper oxide formation, e.g. patterning}","{After-treatmentProcesses performed after copper oxide formation, e.g. patterning}",Compilation of Changes
2024.05,M,H10N 60/0716,H10N 60/0716,{PassivationPassivating},{PassivationPassivating},Compilation of Changes
2024.05,M,H10N 60/0744,H10N 60/0744,{Manufacture or deposition of contacts or electrodes},{Manufacture or deposition of contacts or electrodes},Compilation of Changes
2024.05,M,H10N 60/0772,H10N 60/0772,{Processes including the use of non-gaseous precursors},{Processes including the use of non-gaseous precursors},Compilation of Changes
2024.05,M,H10N 60/0801,H10N 60/0801,{Processes peculiar to the manufactureManufacture or treatment of filaments or composite wires},{Processes peculiar to the manufactureManufacture or treatment of filaments or composite wires},Compilation of Changes
2024.05,M,H10N 60/0884,H10N 60/0884,"{Treatment of superconductor layers by irradiation, e.g. ion-beam, electron-beam, laser beam, or X-rays (irradiation devices G21K, H01J)}","{Treatment of superconductor layers by irradiation, e.g. ion-beam, electron-beam, laser beam, or X-rays (irradiation devices G21K, H01J)}",Compilation of Changes
2024.05,U,H10N 60/01,H10N 60/01,Junction-based devices,Junction-based devices,Compilation of Changes
2024.05,M,H10N 60/11,H10N 60/11,{Single -electron tunnelling devices},{Single -electron tunnelling devices},Compilation of Changes
2024.05,U,H10N 60/08,H10N 60/08,Constructional details,Constructional details,Compilation of Changes
2024.05,U,H10N 60/85,H10N 60/85,Superconducting active materials,Superconducting active materials,Compilation of Changes
2024.05,M,H10N 60/851,H10N 60/851,{Organic materialssuperconductors},{Organic materialssuperconductors},Compilation of Changes
2024.05,M,H10N 60/853,H10N 60/853,"{Fullerene superconductors, e.g. soccerball-shaped allotropesoccer ball-shaped allotropes of carbon, e.g. C60, or C94  (fullerenes in general C07C13/00)}","{Fullerene superconductors, e.g. soccerball-shaped allotropesoccer ball-shaped allotropes of carbon, e.g. C60, or C94  (fullerenes in general C07C13/00)}",Compilation of Changes
2024.05,M,H10N 60/855,H10N 60/855,{Ceramic materialssuperconductors},{Ceramic materialssuperconductors},Compilation of Changes
2024.05,U,H10N 60/857,H10N 60/857,{comprising copper oxide},{comprising copper oxide},Compilation of Changes
2024.05,M,H10N 60/858,H10N 60/858,"{Multi-layeredhaving multilayered structures, e.g. superlattices}","{Multi-layeredhaving multilayered structures, e.g. superlattices}",Compilation of Changes
2024.05,U,H10N 70/00,H10N 70/00,"Solid-state devices having no potential barriers, and specially adapted for rectifying, amplifying, oscillating or switching (integrated devices or assemblies of multiple devices H10N79/00)","Solid-state devices having no potential barriers, and specially adapted for rectifying, amplifying, oscillating or switching (integrated devices or assemblies of multiple devices H10N79/00)",Compilation of Changes
2024.05,U,H10N 70/011,H10N 70/011,{Manufacture or treatment of multistable switching devices},{Manufacture or treatment of multistable switching devices},Compilation of Changes
2024.05,M,H10N 70/021,H10N 70/021,"{Formation of the switching materialswitching materials, e.g. layer depositiondeposition of layers}","{Formation of the switching materialswitching materials, e.g. layer depositiondeposition of layers}",Compilation of Changes
2024.05,M,H10N 70/041,H10N 70/041,"{Modification of the switching materialswitching materials after formation, e.g. post-treatment, doping}doping (shaping H10N70/061)}","{Modification of the switching materialswitching materials after formation, e.g. post-treatment, doping}doping (shaping H10N70/061)}",Compilation of Changes
2024.05,M,H10N 70/061,H10N 70/061,{Patterning of the switching materialShaping switching materials},{Patterning of the switching materialShaping switching materials},Compilation of Changes
2024.05,U,H10N 70/02,H10N 70/02,"Multistable switching devices, e.g. memristors","Multistable switching devices, e.g. memristors",Compilation of Changes
2024.05,M,H10N 70/253,H10N 70/253,"{having three or more terminalselectrodes, e.g. transistor-like devices}","{having three or more terminalselectrodes, e.g. transistor-like devices}",Compilation of Changes
2024.05,M,H10N 70/257,H10N 70/257,"{based onhaving switching assisted by radiation or particle beam assisted switching, e.g. optically controlled devices}","{based onhaving switching assisted by radiation or particle beam assisted switching, e.g. optically controlled devices}",Compilation of Changes
2024.05,U,H10N 70/801,H10N 70/801,{Constructional details of multistable switching devices},{Constructional details of multistable switching devices},Compilation of Changes
2024.05,U,H10N 70/821,H10N 70/821,{Device geometry},{Device geometry},Compilation of Changes
2024.05,U,H10N 70/826,H10N 70/826,"{adapted for essentially vertical current flow, e.g. sandwich or pillar type devices}","{adapted for essentially vertical current flow, e.g. sandwich or pillar type devices}",Compilation of Changes
2024.05,M,H10N 70/8265,H10N 70/8265,"{on sidewalls of dielectric structures, e.g. mesa or cup type-shaped or cup-shaped devices}","{on sidewalls of dielectric structures, e.g. mesa or cup type-shaped or cup-shaped devices}",Compilation of Changes
2024.05,U,H10N 70/881,H10N 70/881,{Switching materials},{Switching materials},Compilation of Changes
2024.05,M,H10N 70/884,H10N 70/884,"{Other compounds of groups 13-15,based on at least one element of group IIIA, IVA or VA, e.g. elemental or compound semiconductors (compounds of sulfur, selenium or tellurium, e.g. chalcogenides H10N70/882; oxides or nitrides H10N70/883)}","{Other compounds of groups 13-15,based on at least one element of group IIIA, IVA or VA, e.g. elemental or compound semiconductors (compounds of sulfur, selenium or tellurium, e.g. chalcogenides H10N70/882; oxides or nitrides H10N70/883)}",Compilation of Changes
2024.05,U,H10N 89/00,H10N 89/00,"Integrated devices, or assemblies of multiple devices, comprising at least one bulk negative resistance effect element covered by group H10N80/00","Integrated devices, or assemblies of multiple devices, comprising at least one bulk negative resistance effect element covered by group H10N80/00",Compilation of Changes
2024.05,M,H10N 89/02,H10N 89/02,{Gunn-effect integrated devices},{Gunn-effect integrated devices},Compilation of Changes
2024.05,U,H10N 99/00,H10N 99/00,Subject matter not provided for in other groups of this subclass,Subject matter not provided for in other groups of this subclass,Compilation of Changes
2024.05,M,H10N 99/03,H10N 99/03,"{Devices using Mott metal-insulator transition, e.g. field effect transistors-effect transistor-like devices}","{Devices using Mott metal-insulator transition, e.g. field effect transistors-effect transistor-like devices}",Compilation of Changes
2024.05,M,H10N 99/05,H10N 99/05,"{Quantum devicesDevices based on quantum mechanical effects, e.g. quantum interference devices, metal single or metal single-electron transistors}","{Quantum devicesDevices based on quantum mechanical effects, e.g. quantum interference devices, metal single or metal single-electron transistors}",Compilation of Changes
2024.05,U,Y10S 83/00,Y10S 83/00,Cutting,Cutting,Compilation of Changes
2024.05,C,Y10S 83/01,Y10S 83/01,Safety devices,Safety devices,Compilation of Changes
2024.05,U,Y10T 83/00,Y10T 83/00,Cutting,Cutting,Compilation of Changes
2024.05,C,Y10T 83/081,Y10T 83/081,With randomly actuated stopping means,With randomly actuated stopping means,Compilation of Changes
2024.05,U,Y10T 83/202,Y10T 83/202,With product handling means,With product handling means,Compilation of Changes
2024.05,C,Y10T 83/2066,Y10T 83/2066,By fluid current,By fluid current,Compilation of Changes
2024.05,C,Y10T 83/2068,Y10T 83/2068,Plural blasts directed against plural product pieces,Plural blasts directed against plural product pieces,Compilation of Changes
2024.05,C,Y10T 83/207,Y10T 83/207,By suction means,By suction means,Compilation of Changes
2024.05,U,Y10T 83/687,Y10T 83/687,By tool reciprocable along elongated edge,By tool reciprocable along elongated edge,Compilation of Changes
2024.05,C,Y10T 83/688,Y10T 83/688,With dynamic balancing or shock absorbing means,With dynamic balancing or shock absorbing means,Compilation of Changes
2024.05,C,Y10T 83/6885,Y10T 83/6885,With tool of another type,With tool of another type,Compilation of Changes
2024.05,C,Y10T 83/689,Y10T 83/689,With means to change to other type tool,With means to change to other type tool,Compilation of Changes
2024.05,C,Y10T 83/69,Y10T 83/69,Stored energy furnishes drive in one direction,Stored energy furnishes drive in one direction,Compilation of Changes
2024.05,U,Y10T 83/6905,Y10T 83/6905,With tool in-feed,With tool in-feed,Compilation of Changes
2024.05,U,Y10T 83/693,Y10T 83/693,Of rectilinearly reciprocating tool,Of rectilinearly reciprocating tool,Compilation of Changes
2024.05,C,Y10T 83/6935,Y10T 83/6935,With in-feed by pivoting carrier,With in-feed by pivoting carrier,Compilation of Changes
2024.05,U,Y10T 83/6945,Y10T 83/6945,With passive means to guide tool directly,With passive means to guide tool directly,Compilation of Changes
2024.05,C,Y10T 83/695,Y10T 83/695,By plural opposed guide surfaces,By plural opposed guide surfaces,Compilation of Changes
2024.05,C,Y10T 83/6955,Y10T 83/6955,Having relative adjustment between guide surfaces,Having relative adjustment between guide surfaces,Compilation of Changes
2024.05,C,Y10T 83/696,Y10T 83/696,With relative adjustment between guide and work or work-support,With relative adjustment between guide and work or work-support,Compilation of Changes
2024.05,C,Y10T 83/6965,Y10T 83/6965,By or with additional movable work-support portion,By or with additional movable work-support portion,Compilation of Changes
2024.05,C,Y10T 83/697,Y10T 83/697,By rotation about an axis parallel to the work-support surface,By rotation about an axis parallel to the work-support surface,Compilation of Changes
2024.05,C,Y10T 83/6975,Y10T 83/6975,By rotation about an axis perpendicular to the work-support surface,By rotation about an axis perpendicular to the work-support surface,Compilation of Changes
2024.05,C,Y10T 83/699,Y10T 83/699,Of tool carrier on single moving pivot,Of tool carrier on single moving pivot,Compilation of Changes
2024.05,C,Y10T 83/6995,Y10T 83/6995,Pivot moves in closed loop,Pivot moves in closed loop,Compilation of Changes
2024.05,C,Y10T 83/07,Y10T 83/07,Pivot moves to and fro in arcuate path,Pivot moves to and fro in arcuate path,Compilation of Changes
2024.05,C,Y10T 83/7005,Y10T 83/7005,Axis of arcuate path moves during cutting,Axis of arcuate path moves during cutting,Compilation of Changes
2024.05,C,Y10T 83/701,Y10T 83/701,Pivot moves to and fro in rectilinear path,Pivot moves to and fro in rectilinear path,Compilation of Changes
2024.05,U,Y10T 83/707,Y10T 83/707,By endless band or chain knife,By endless band or chain knife,Compilation of Changes
2024.05,C,Y10T 83/7089,Y10T 83/7089,Including contiguous oppositely moving knife portions,Including contiguous oppositely moving knife portions,Compilation of Changes
2024.05,U,Y10T 83/7101,Y10T 83/7101,With tool in-feed,With tool in-feed,Compilation of Changes
2024.05,U,Y10T 83/7114,Y10T 83/7114,Including means to permit arcuate in-feed motion,Including means to permit arcuate in-feed motion,Compilation of Changes
2024.05,U,Y10T 83/712,Y10T 83/712,Including means to relocate path of in-feed motion,Including means to relocate path of in-feed motion,Compilation of Changes
2024.05,C,Y10T 83/7126,Y10T 83/7126,Angular relative previous path,Angular relative previous path,Compilation of Changes
2024.05,U,Y10T 83/7133,Y10T 83/7133,By gravity,By gravity,Compilation of Changes
2024.05,C,Y10T 83/7139,Y10T 83/7139,With fluid in-feed regulating means,With fluid in-feed regulating means,Compilation of Changes
2024.05,U,Y10T 83/7158,Y10T 83/7158,Including plural cutting zones,Including plural cutting zones,Compilation of Changes
2024.05,C,Y10T 83/7164,Y10T 83/7164,With adjustment of separation between zones,With adjustment of separation between zones,Compilation of Changes
2024.05,C,Y10T 83/717,Y10T 83/717,By lever means,By lever means,Compilation of Changes
2024.05,C,Y10T 83/7176,Y10T 83/7176,By screw-threaded means,By screw-threaded means,Compilation of Changes
2024.05,C,Y10T 83/7183,Y10T 83/7183,"Including ""figure-8"" band","Including ""figure-8"" band",Compilation of Changes
2024.05,U,Y10T 83/7195,Y10T 83/7195,Including means to adjust relationship between band and work-support surface,Including means to adjust relationship between band and work-support surface,Compilation of Changes
2024.05,C,Y10T 83/722,Y10T 83/722,By varying distance between band and work-support surface,By varying distance between band and work-support surface,Compilation of Changes
2024.05,U,Y10T 83/7226,Y10T 83/7226,With means to guard the tension,With means to guard the tension,Compilation of Changes
2024.05,C,Y10T 83/7239,Y10T 83/7239,With means to vary distance between pulley or sprocket axes,With means to vary distance between pulley or sprocket axes,Compilation of Changes
2024.05,C,Y10T 83/7245,Y10T 83/7245,And angular relationship of axes,And angular relationship of axes,Compilation of Changes
2024.05,C,Y10T 83/7251,Y10T 83/7251,Including means to yieldably bias pulley,Including means to yieldably bias pulley,Compilation of Changes
2024.05,C,Y10T 83/7258,Y10T 83/7258,By fluid means,By fluid means,Compilation of Changes
2024.05,U,Y10T 83/768,Y10T 83/768,Rotatable disc tool pair or tool and carrier,Rotatable disc tool pair or tool and carrier,Compilation of Changes
2024.05,U,Y10T 83/7684,Y10T 83/7684,With means to support work relative to tool[s],With means to support work relative to tool[s],Compilation of Changes
2024.05,U,Y10T 83/7693,Y10T 83/7693,Tool moved relative to work-support during cutting,Tool moved relative to work-support during cutting,Compilation of Changes
2024.05,C,Y10T 83/7697,Y10T 83/7697,Tool angularly adjustable relative to work-support,Tool angularly adjustable relative to work-support,Compilation of Changes
2024.05,U,Y10T 83/7701,Y10T 83/7701,Supporting surface and tool axis angularly related,Supporting surface and tool axis angularly related,Compilation of Changes
2024.05,C,Y10T 83/7705,Y10T 83/7705,Adjustable angular relationship,Adjustable angular relationship,Compilation of Changes
2024.05,C,Y10T 83/7734,Y10T 83/7734,With guard for tool,With guard for tool,Compilation of Changes
2024.05,U,Y10T 83/929,Y10T 83/929,Tool or tool with support,Tool or tool with support,Compilation of Changes
2024.05,C,Y10T 83/9319,Y10T 83/9319,Toothed blade or tooth therefor,Toothed blade or tooth therefor,Compilation of Changes
2024.05,C,Y10T 83/9321,Y10T 83/9321,With means to vary tooth position,With means to vary tooth position,Compilation of Changes
2024.05,C,Y10T 83/9324,Y10T 83/9324,With additional cutting means,With additional cutting means,Compilation of Changes
2024.05,C,Y10T 83/9326,Y10T 83/9326,Plural separable sections,Plural separable sections,Compilation of Changes
2024.05,C,Y10T 83/9329,Y10T 83/9329,Tooth separable from blade,Tooth separable from blade,Compilation of Changes
2024.05,C,Y10T 83/9331,Y10T 83/9331,By independent connecting element,By independent connecting element,Compilation of Changes
2024.05,C,Y10T 83/9333,Y10T 83/9333,Transversely movable,Transversely movable,Compilation of Changes
2024.05,C,Y10T 83/9336,Y10T 83/9336,Arcuately movable,Arcuately movable,Compilation of Changes
2024.05,C,Y10T 83/9338,Y10T 83/9338,With additional element to prevent movement of connecting element,With additional element to prevent movement of connecting element,Compilation of Changes
2024.05,C,Y10T 83/9341,Y10T 83/9341,Rectilinearly movable,Rectilinearly movable,Compilation of Changes
2024.05,C,Y10T 83/9343,Y10T 83/9343,By deformation,By deformation,Compilation of Changes
2024.05,C,Y10T 83/9346,Y10T 83/9346,Uniformly varying teeth or tooth spacing,Uniformly varying teeth or tooth spacing,Compilation of Changes
2024.05,C,Y10T 83/9348,Y10T 83/9348,Undulating tooth arrangement,Undulating tooth arrangement,Compilation of Changes
2024.05,C,Y10T 83/935,Y10T 83/935,Plural tooth groups,Plural tooth groups,Compilation of Changes
2024.05,C,Y10T 83/9353,Y10T 83/9353,Including raker tooth group,Including raker tooth group,Compilation of Changes
2024.05,C,Y10T 83/9355,Y10T 83/9355,Including intermediate raker tooth,Including intermediate raker tooth,Compilation of Changes
2024.05,C,Y10T 83/9358,Y10T 83/9358,Series of dissimilar teeth,Series of dissimilar teeth,Compilation of Changes
2024.05,C,Y10T 83/936,Y10T 83/936,Series of allochiral teeth,Series of allochiral teeth,Compilation of Changes
2024.05,C,Y10T 83/9362,Y10T 83/9362,Teeth having transversely curved cutting edge,Teeth having transversely curved cutting edge,Compilation of Changes
2024.05,C,Y10T 83/9365,Y10T 83/9365,Teeth having cutting edge parallel to blade surface,Teeth having cutting edge parallel to blade surface,Compilation of Changes
2024.05,C,Y10T 83/9367,Y10T 83/9367,Teeth having cutting edge perpendicular to blade surface,Teeth having cutting edge perpendicular to blade surface,Compilation of Changes
2024.05,C,Y10T 83/9454,Y10T 83/9454,Reciprocable type,Reciprocable type,Compilation of Changes
