改正時期,改正種別,改正前CPC,改正後CPC,改正前標題,改正後標題,資料種別
2023.05,U,A01C 1/00,A01C 1/00,"Apparatus, or methods of use thereof, for testing or treating seed, roots, or the like, prior to sowing or planting","Apparatus, or methods of use thereof, for testing or treating seed, roots, or the like, prior to sowing or planting",Compilation of Changes
2023.05,M,A01C 1/04,A01C 1/04,"Arranging seedsseed on carriers, e.g. on tapes, on cords {Carrier compositions}; Carrier compositions}","Arranging seedsseed on carriers, e.g. on tapes, on cords {Carrier compositions}; Carrier compositions}",Compilation of Changes
2023.05,U,A01C 7/00,A01C 7/00,Sowing,Sowing,Compilation of Changes
2023.05,U,A01C 7/04,A01C 7/04,Single-grain seeders with or without suction devices,Single-grain seeders with or without suction devices,Compilation of Changes
2023.05,C,A01C 7/042,A01C 7/042,{using pneumatic means},{using pneumatic means},Compilation of Changes
2023.05,C,A01C 7/044,A01C 7/044,{Pneumatic seed wheels},{Pneumatic seed wheels},Compilation of Changes
2023.05,N,A01C 7/0443,A01C 7/0443,{Seed singulators},{Seed singulators},Compilation of Changes
2023.05,N,A01C 7/0445,A01C 7/0445,{Seed ejectors},{Seed ejectors},Compilation of Changes
2023.05,C,A01C 7/046,A01C 7/046,{with perforated seeding discs},{with perforated seeding discs},Compilation of Changes
2023.05,U,A01C 7/048,A01C 7/048,{Seed tape planters},{Seed tape planters},Compilation of Changes
2023.05,U,A01C 7/08,A01C 7/08,Broadcast seeders; Seeders depositing seeds in rows,Broadcast seeders; Seeders depositing seeds in rows,Compilation of Changes
2023.05,M,A01C 7/01,A01C 7/01,Devices for adjusting the seed-box {; Devices for adjusting the seed-box { Regulation of machines for depositing quantities at intervals},Devices for adjusting the seed-box {; Devices for adjusting the seed-box { Regulation of machines for depositing quantities at intervals},Compilation of Changes
2023.05,U,A01C 7/16,A01C 7/16,"Seeders with other distributing devices, e.g. brushes, discs, screws or slides","Seeders with other distributing devices, e.g. brushes, discs, screws or slides",Compilation of Changes
2023.05,U,A01C 7/163,A01C 7/163,{Gravity distributors},{Gravity distributors},Compilation of Changes
2023.05,F,A01C 7/166,A01C 7/166,{Centrifugal distributors},{Centrifugal distributors},Compilation of Changes
2023.05,T,A01C 17/00,A01C 17/00,Fertilisers or seeders with centrifugal wheels,Fertilisers or seeders with centrifugal wheels,Compilation of Changes
2023.05,T,A01C 17/001,A01C 17/001,{Centrifugal throwing devices with a vertical axis},{Centrifugal throwing devices with a vertical axis},Compilation of Changes
2023.05,T,A01C 17/003,A01C 17/003,{Centrifugal throwing devices with a horizontal axis},{Centrifugal throwing devices with a horizontal axis},Compilation of Changes
2023.05,T,A01C 17/005,A01C 17/005,{Driving mechanisms for the throwing devices},{Driving mechanisms for the throwing devices},Compilation of Changes
2023.05,T,A01C 17/006,A01C 17/006,{Regulating or dosing devices},{Regulating or dosing devices},Compilation of Changes
2023.05,T,A01C 17/008,A01C 17/008,{Devices controlling the quantity or the distribution pattern},{Devices controlling the quantity or the distribution pattern},Compilation of Changes
2023.05,M,A01K 3/00,A01K 3/00,"Pasturing equipment, e.g. tethering devices; Grids for preventing cattle from straying; Electrified wire fencing (electric circuits or apparatus for supplying electric wire fencing H05C)","Pasturing equipment, e.g. tethering devices; Grids for preventing cattle from straying; Electrified wire fencing (electric circuits or apparatus for supplying electric wire fencing H05C)",Compilation of Changes
2023.05,M,A01K 3/001,A01K 3/001,"{Portable, temporary, and collapsible fencing for pastures}","{Portable, temporary, and collapsible fencing for pastures}",Compilation of Changes
2023.05,M,A01K 3/002,A01K 3/002,{Grids for preventing cattle from straying through an open passage of an enclosure},{Grids for preventing cattle from straying through an open passage of an enclosure},Compilation of Changes
2023.05,M,A01K 3/004,A01K 3/004,"{of electrical type, e.g. tape, wire, or rod}","{of electrical type, e.g. tape, wire, or rod}",Compilation of Changes
2023.05,M,A01K 3/005,A01K 3/005,{Electrified fencing for pastures},{Electrified fencing for pastures},Compilation of Changes
2023.05,M,A01K 3/006,A01K 3/006,{Gates specially adapted therefor},{Gates specially adapted therefor},Compilation of Changes
2023.05,U,A23C 11/00,A23C 11/00,"Milk substitutes, e.g. coffee whitener compositions (cheese substitutes A23C20/00; butter substitutes A23D)","Milk substitutes, e.g. coffee whitener compositions (cheese substitutes A23C20/00; butter substitutes A23D)",Compilation of Changes
2023.05,U,A23C 11/02,A23C 11/02,containing at least one non-milk component as source of fats or proteins (addition of non-milk fats or non-milk proteins in making cheese curd A23C19/055; whey or whey preparations containing non-milk components as source of fats or proteins A23C21/04),containing at least one non-milk component as source of fats or proteins (addition of non-milk fats or non-milk proteins in making cheese curd A23C19/055; whey or whey preparations containing non-milk components as source of fats or proteins A23C21/04),Compilation of Changes
2023.05,M,A23C 11/01,A23C 11/01,"containing or not lactose but no other milk components as source of fats, carbohydrates or proteins","containing or not lactose but no other milk components as source of fats, carbohydrates or proteins",Compilation of Changes
2023.05,M,A23C 11/103,A23C 11/103,"{containing only proteins from pulses, oilseeds or nuts, e.g. nut milk}","{containing only proteins from pulses, oilseeds or nuts, e.g. nut milk}",Compilation of Changes
2023.05,M,A23C 11/106,A23C 11/106,"{Addition of, or treatment with, microorganisms (A23C20/025 takes precedence)}","{Addition of, or treatment with, microorganisms (A23C20/025 takes precedence)}",Compilation of Changes
2023.05,U,A23C 20/00,A23C 20/00,"Cheese substitutes (A23C19/055, A23C19/093 take precedence)","Cheese substitutes (A23C19/055, A23C19/093 take precedence)",Compilation of Changes
2023.05,M,A23C 20/005,A23C 20/005,{mainly containing proteins from pulses or oilseeds},{mainly containing proteins from pulses or oilseeds},Compilation of Changes
2023.05,M,A23C 20/02,A23C 20/02,"containing neither milk components, nor caseinate, nor lactose, as sources of fats, proteins or carbohydrates","containing neither milk components, nor caseinate, nor lactose, as sources of fats, proteins or carbohydrates",Compilation of Changes
2023.05,M,A23C 20/025,A23C 20/025,{mainly containing proteins from pulses or oilseeds},{mainly containing proteins from pulses or oilseeds},Compilation of Changes
2023.05,U,A23L 2/00,A23L 2/00,Non-alcoholic beverages; Dry compositions or concentrates therefor (soup concentrates A23L23/10); Their preparation (preparation of non-alcoholic beverages by removal of alcohol C12H3/00),Non-alcoholic beverages; Dry compositions or concentrates therefor (soup concentrates A23L23/10); Their preparation (preparation of non-alcoholic beverages by removal of alcohol C12H3/00),Compilation of Changes
2023.05,M,A23L 2/38,A23L 2/38,Other non-alcoholic beverages (drinks from legumes A23L11/60),Other non-alcoholic beverages (drinks from legumes A23L11/60),Compilation of Changes
2023.05,M,A23L 11/00,A23L 11/00,"Pulses, i.e. fruits of leguminous plants, for production of food; Products from legumes; Preparation or treatment thereof","Pulses, i.e. fruits of leguminous plants, for production of food; Products from legumes; Preparation or treatment thereof",Compilation of Changes
2023.05,M,A23L 11/04,A23L 11/04,Pulse curds,Pulse curds,Compilation of Changes
2023.05,M,A23L 11/05,A23L 11/05,Fermented pulses or legumes; Fermentation of pulses or legumes based on the addition of microorganisms (removing undesirable substances A23L11/30; soy sauce A23L27/50),Fermented pulses or legumes; Fermentation of pulses or legumes based on the addition of microorganisms (removing undesirable substances A23L11/30; soy sauce A23L27/50),Compilation of Changes
2023.05,M,A23L 11/06,A23L 11/06,"Drinks from legumes, e.g. lupine drinks","Drinks from legumes, e.g. lupine drinks",Compilation of Changes
2023.05,M,A23L 11/07,A23L 11/07,"Germinated pulse products, e.g. from soy bean sprouts","Germinated pulse products, e.g. from soy bean sprouts",Compilation of Changes
2023.05,U,A45D 7/00,A45D 7/00,"Processes of waving, straightening or curling hair","Processes of waving, straightening or curling hair",Compilation of Changes
2023.05,D,A45D 2007/001,A45D 2007/001,{Processes of bleaching or colouring hair for hair dressing purposes},{Processes of bleaching or colouring hair for hair dressing purposes},Compilation of Changes
2023.05,M,A45D 8/00,A45D 8/00,Hair-holding devices {(as hair-curling or hair-waving appliances A45D2/00)}; Accessories therefor,Hair-holding devices {(as hair-curling or hair-waving appliances A45D2/00)}; Accessories therefor,Compilation of Changes
2023.05,M,A45D 8/001,A45D 8/001,{Multi-step processes of dressing hair using a hair-holding device},{Multi-step processes of dressing hair using a hair-holding device},Compilation of Changes
2023.05,U,A45D 19/00,A45D 19/00,Devices for washing the hair or the scalp; Similar devices for colouring the hair,Devices for washing the hair or the scalp; Similar devices for colouring the hair,Compilation of Changes
2023.05,U,A45D 19/0041,A45D 19/0041,{Processes for treating the hair of the scalp},{Processes for treating the hair of the scalp},Compilation of Changes
2023.05,M,A45D 19/0066,A45D 19/0066,{Coloring or bleaching},{Coloring or bleaching},Compilation of Changes
2023.05,M,A45D 19/02,A45D 19/02,"Hand-actuated implements, e.g. hand-actuated spray heads","Hand-actuated implements, e.g. hand-actuated spray heads",Compilation of Changes
2023.05,M,A45D 19/024,A45D 19/024,{comprising two clamping surfaces for insertion of hair there between},{comprising two clamping surfaces for insertion of hair there between},Compilation of Changes
2023.05,M,A45D 19/026,A45D 19/026,{having brush or comb applicators (A45D24/22 take precedence; brushes with reservoir or other means for applying substances A46B11/00)},{having brush or comb applicators (A45D24/22 take precedence; brushes with reservoir or other means for applying substances A46B11/00)},Compilation of Changes
2023.05,M,A45D 19/028,A45D 19/028,"{having applicators other than brushes or combs, e.g. rollers, balls or sponges}","{having applicators other than brushes or combs, e.g. rollers, balls or sponges}",Compilation of Changes
2023.05,U,A47B 13/00,A47B 13/00,Details of tables or desks (drawers A47B88/00; feet for furniture in general A47B91/00),Details of tables or desks (drawers A47B88/00; feet for furniture in general A47B91/00),Compilation of Changes
2023.05,U,A47B 13/02,A47B 13/02,Underframes,Underframes,Compilation of Changes
2023.05,M,A47B 13/021,A47B 13/021,{Fastening devices of the feet or legs (A47B13/023 takes precedence)},{Fastening devices of the feet or legs (A47B13/023 takes precedence)},Compilation of Changes
2023.05,M,A47J 9/00,A47J 9/00,"Apparatus or utensils for shaping {or dispensing portions of} butter or the like (for use in dairies A01J19/00, A01J21/00, {A01J23/00}; moulding plastic material in general B29C)","Apparatus or utensils for shaping {or dispensing portions of} butter or the like (for use in dairies A01J19/00, A01J21/00, {A01J23/00}; moulding plastic material in general B29C)",Compilation of Changes
2023.05,U,A47J 17/00,A47J 17/00,"Household peeling, stringing, or paring implements or machines (for foodstuffs in bulk A23N)","Household peeling, stringing, or paring implements or machines (for foodstuffs in bulk A23N)",Compilation of Changes
2023.05,M,A47J 17/14,A47J 17/14,Machines for peeling (universal kitchen machines A47J43/04),Machines for peeling (universal kitchen machines A47J43/04),Compilation of Changes
2023.05,U,A47J 27/00,A47J 27/00,Cooking-vessels (A47J29/00 - A47J33/00 take precedence),Cooking-vessels (A47J29/00 - A47J33/00 take precedence),Compilation of Changes
2023.05,M,A47J 27/002,A47J 27/002,"{Construction of cooking-vessels (with enlarged bottom A47J27/022, made of specific materials A47J36/02); Methods or processes of manufacturing specially adapted for cooking-vessels (making cooking pots by processing sheet metal or metal tubes, rods or profiles without removing material B21D51/22)}","{Construction of cooking-vessels (with enlarged bottom A47J27/022, made of specific materials A47J36/02); Methods or processes of manufacturing specially adapted for cooking-vessels (making cooking pots by processing sheet metal or metal tubes, rods or profiles without removing material B21D51/22)}",Compilation of Changes
2023.05,U,A47J 27/04,A47J 27/04,"for cooking food in steam; Devices for extracting fruit juice by means of steam {; Vacuum cooking vessels (steam-heated vessels for hotels, restaurants or canteens A47J27/16)}","for cooking food in steam; Devices for extracting fruit juice by means of steam {; Vacuum cooking vessels (steam-heated vessels for hotels, restaurants or canteens A47J27/16)}",Compilation of Changes
2023.05,M,A47J 27/05,A47J 27/05,"Tier steam-cookers, i.e. with steam-tight joints between cooking-vessels stacked while in use ({tier pressure-cookers A47J27/084}; tier cooking-vessels in general A47J27/13)","Tier steam-cookers, i.e. with steam-tight joints between cooking-vessels stacked while in use ({tier pressure-cookers A47J27/084}; tier cooking-vessels in general A47J27/13)",Compilation of Changes
2023.05,M,A47J 27/06,A47J 27/06,"Steam-heated kettles for domestic use {(cooking-vessels with water-bath A47J27/10; cooking-vessels with steam jacket for hotels, restaurants or canteens A47J27/17; milk-boiling vessels with water or steam jacket A47J27/57)}","Steam-heated kettles for domestic use {(cooking-vessels with water-bath A47J27/10; cooking-vessels with steam jacket for hotels, restaurants or canteens A47J27/17; milk-boiling vessels with water or steam jacket A47J27/57)}",Compilation of Changes
2023.05,U,A47J 27/08,A47J 27/08,Pressure-cookers; Lids or locking devices specially adapted therefor,Pressure-cookers; Lids or locking devices specially adapted therefor,Compilation of Changes
2023.05,M,A47J 27/0817,A47J 27/0817,{Large-capacity pressure cookers; Pressure fryers (cooking-vessels heated by steam A47J27/16)},{Large-capacity pressure cookers; Pressure fryers (cooking-vessels heated by steam A47J27/16)},Compilation of Changes
2023.05,M,A47J 27/082,A47J 27/082,with inserts for cooking different foods separately at the same time; Inserts therefor (inserts for cooking vessels in general A47J36/16),with inserts for cooking different foods separately at the same time; Inserts therefor (inserts for cooking vessels in general A47J36/16),Compilation of Changes
2023.05,M,A47J 27/084,A47J 27/084,with adjustable volume; Tier pressure-cookers {(tier steam-cookers A47J27/05; tier cooking-vessels in general A47J27/13)},with adjustable volume; Tier pressure-cookers {(tier steam-cookers A47J27/05; tier cooking-vessels in general A47J27/13)},Compilation of Changes
2023.05,M,A47J 27/09,A47J 27/09,Safety devices {including the pressure indicators},Safety devices {including the pressure indicators},Compilation of Changes
2023.05,M,A47J 27/01,A47J 27/01,Cooking-vessels with water-bath arrangements for domestic use {(milk-boilers with water-bath A47J27/575)},Cooking-vessels with water-bath arrangements for domestic use {(milk-boilers with water-bath A47J27/575)},Compilation of Changes
2023.05,M,A47J 27/12,A47J 27/12,Multiple-unit cooking vessels {(carriers for prepared food A47J47/14)},Multiple-unit cooking vessels {(carriers for prepared food A47J47/14)},Compilation of Changes
2023.05,M,A47J 27/13,A47J 27/13,Tier cooking-vessels {Cooking-vessels with adjustable volume; Cooking-vessels with lids or covers which may be used as a cooking vessel (tier steam-cookers with steam-tight joints between stacked vessels A47J27/05; tier pressure-cookers A47J27/084)},Tier cooking-vessels {Cooking-vessels with adjustable volume; Cooking-vessels with lids or covers which may be used as a cooking vessel (tier steam-cookers with steam-tight joints between stacked vessels A47J27/05; tier pressure-cookers A47J27/084)},Compilation of Changes
2023.05,M,A47J 27/21,A47J 27/21,"Water-boiling vessels, e.g. kettles {(for coffee-making machines A47J31/54)}","Water-boiling vessels, e.g. kettles {(for coffee-making machines A47J31/54)}",Compilation of Changes
2023.05,M,A47J 27/21166,A47J 27/21166,{Constructional details or accessories (for coffee makers or the like A47J31/44; for cooking vessels in general A47J36/00)},{Constructional details or accessories (for coffee makers or the like A47J31/44; for cooking vessels in general A47J36/00)},Compilation of Changes
2023.05,M,A47J 27/212,A47J 27/212,"with signallingsignaling means, e.g. whistling kettles (signalling milk-boiling vessels A47J27/57)","with signallingsignaling means, e.g. whistling kettles (signalling milk-boiling vessels A47J27/57)",Compilation of Changes
2023.05,U,A47J 27/56,A47J 27/56,"Preventing boiling over, e.g. of milk (appliances for preventing or destroying foam in dairy apparatus for treating milk A01J11/02)","Preventing boiling over, e.g. of milk (appliances for preventing or destroying foam in dairy apparatus for treating milk A01J11/02)",Compilation of Changes
2023.05,M,A47J 27/57,A47J 27/57,"Milk-boiling vessels with water or steam jackets, e.g. with signalling means {signaling means(cooking-vessels with steam jackets A47J27/06, A47J27/17; whistling kettles A47J27/212)}","Milk-boiling vessels with water or steam jackets, e.g. with signalling means {signaling means(cooking-vessels with steam jackets A47J27/06, A47J27/17; whistling kettles A47J27/212)}",Compilation of Changes
2023.05,U,A47J 27/62,A47J 27/62,by devices for automatically controlling the heat supply by switching off heaters or for automatically lifting the cooking-vessels,by devices for automatically controlling the heat supply by switching off heaters or for automatically lifting the cooking-vessels,Compilation of Changes
2023.05,M,A47J 27/64,A47J 27/64,for automatically lifting the cooking-vessels (devices for automatically lifting eggs from boiling water A47J29/04),for automatically lifting the cooking-vessels (devices for automatically lifting eggs from boiling water A47J29/04),Compilation of Changes
2023.05,U,A47J 29/00,A47J 29/00,Egg-cookers,Egg-cookers,Compilation of Changes
2023.05,U,A47J 29/02,A47J 29/02,for eggs or poached eggs; Time-controlled cookers,for eggs or poached eggs; Time-controlled cookers,Compilation of Changes
2023.05,M,A47J 29/04,A47J 29/04,Cookers for eggs with devices for automatically lifting the eggs from the boiling water {(devices for automatically lifting cooking-vessels A47J27/64)},Cookers for eggs with devices for automatically lifting the eggs from the boiling water {(devices for automatically lifting cooking-vessels A47J27/64)},Compilation of Changes
2023.05,M,A47J 29/06,A47J 29/06,"Grasping devices for eggs; Supporting devices for eggs during boiling {(A47J29/04 takes precedence; holding or clamping devices for fowl, venison or other meat or vegetables during cooking or cutting A47J43/18)}","Grasping devices for eggs; Supporting devices for eggs during boiling {(A47J29/04 takes precedence; holding or clamping devices for fowl, venison or other meat or vegetables during cooking or cutting A47J43/18)}",Compilation of Changes
2023.05,U,A47J 31/00,A47J 31/00,"Apparatus for making beverages (household machines or implements for straining foodstuffs A47J19/00; preparation of non-alcoholic beverages, e.g. by adding ingredients to fruit or vegetable juices, A23L2/00; coffee or tea pots A47G19/14; tea infusers A47G19/16; brewing of beer C12C; preparation of wine or other alcoholic beverages C12G)","Apparatus for making beverages (household machines or implements for straining foodstuffs A47J19/00; preparation of non-alcoholic beverages, e.g. by adding ingredients to fruit or vegetable juices, A23L2/00; coffee or tea pots A47G19/14; tea infusers A47G19/16; brewing of beer C12C; preparation of wine or other alcoholic beverages C12G)",Compilation of Changes
2023.05,M,A47J 31/02,A47J 31/02,"Coffee-making machines with removable extraction cups, to be placed on top of drinking-vessels, {i.e. coffee-makers with removable brewing vessels, to be placed on top of beverage containers, into which hot water is poured,}}, e.g. cafe filtrefilter (filters A47J31/06  {; with integral heating means A47J31/10})","Coffee-making machines with removable extraction cups, to be placed on top of drinking-vessels, {i.e. coffee-makers with removable brewing vessels, to be placed on top of beverage containers, into which hot water is poured,}}, e.g. cafe filtrefilter (filters A47J31/06  {; with integral heating means A47J31/10})",Compilation of Changes
2023.05,M,A47J 31/04,A47J 31/04,Coffee-making apparatus with rising pipes {(pressure coffee-makers A47J31/24)},Coffee-making apparatus with rising pipes {(pressure coffee-makers A47J31/24)},Compilation of Changes
2023.05,M,A47J 31/057,A47J 31/057,"with water container separated from beverage container, the hot water passing the filter only once {, i.e. classical type of drip coffee makers (drip coffee makers only functioning  with the water heating container in a higher position than the brewing vessel A47J31/10)}","with water container separated from beverage container, the hot water passing the filter only once {, i.e. classical type of drip coffee makers (drip coffee makers only functioning  with the water heating container in a higher position than the brewing vessel A47J31/10)}",Compilation of Changes
2023.05,U,A47J 31/06,A47J 31/06,Filters or strainers for coffee or tea makers {; Holders therefor},Filters or strainers for coffee or tea makers {; Holders therefor},Compilation of Changes
2023.05,U,A47J 31/0657,A47J 31/0657,"{for brewing coffee under pressure, e.g. for espresso machines}","{for brewing coffee under pressure, e.g. for espresso machines}",Compilation of Changes
2023.05,M,A47J 31/0689,A47J 31/0689,{Reusable cartridges suitable to be opened for being filled with brewing material and to be closed to envelope the brewing material therein (disposable cartridges to be filled by the user with brewing material A47J31/08; disposable cartridges already filled with brewing material B65D85/8043)},{Reusable cartridges suitable to be opened for being filled with brewing material and to be closed to envelope the brewing material therein (disposable cartridges to be filled by the user with brewing material A47J31/08; disposable cartridges already filled with brewing material B65D85/8043)},Compilation of Changes
2023.05,M,A47J 31/01,A47J 31/01,"Coffee-making apparatus, in which the brewing vessel, { {, i.e. water heating container,}}, is placed above or in the upper part of the beverage containers {i.e. brewing vessel}; {i.e. brewing vessel}; Drip coffee-makers {with the water heating container in a higher position than the brewing vessel} (without integral heating means A47J31/02, with hot water transport by rising pipes A47J31/057A47J31/02 takes precedence)}","Coffee-making apparatus, in which the brewing vessel, { {, i.e. water heating container,}}, is placed above or in the upper part of the beverage containers {i.e. brewing vessel}; {i.e. brewing vessel}; Drip coffee-makers {with the water heating container in a higher position than the brewing vessel} (without integral heating means A47J31/02, with hot water transport by rising pipes A47J31/057A47J31/02 takes precedence)}",Compilation of Changes
2023.05,M,A47J 31/18,A47J 31/18,Apparatus in which ground coffee or tea-leaves are immersed in the hot liquid in the beverage container (infusing bags A47G19/16),Apparatus in which ground coffee or tea-leaves are immersed in the hot liquid in the beverage container (infusing bags A47G19/16),Compilation of Changes
2023.05,U,A47J 31/24,A47J 31/24,"Coffee-making apparatus in which hot water is passed through the filter under pressure, {i.e. in which the coffee grounds are extracted under pressure}(A47J31/043 {and A47J31/40} take precedence)","Coffee-making apparatus in which hot water is passed through the filter under pressure, {i.e. in which the coffee grounds are extracted under pressure}(A47J31/043 {and A47J31/40} take precedence)",Compilation of Changes
2023.05,U,A47J 31/34,A47J 31/34,with hot water under liquid pressure,with hot water under liquid pressure,Compilation of Changes
2023.05,U,A47J 31/36,A47J 31/36,with mechanical pressure-producing means,with mechanical pressure-producing means,Compilation of Changes
2023.05,U,A47J 31/3604,A47J 31/3604,"{with a mechanism arranged to move the brewing chamber between loading, infusing and ejecting stations}","{with a mechanism arranged to move the brewing chamber between loading, infusing and ejecting stations}",Compilation of Changes
2023.05,M,A47J 31/3609,A47J 31/3609,{Loose coffee being employed (with a filtering tape A47J31/3652)},{Loose coffee being employed (with a filtering tape A47J31/3652)},Compilation of Changes
2023.05,U,A47J 31/04,A47J 31/04,"Beverage-making apparatus with dispensing means for adding a measured quantity of ingredients, e.g. coffee, water, sugar, cocoa, milk, tea","Beverage-making apparatus with dispensing means for adding a measured quantity of ingredients, e.g. coffee, water, sugar, cocoa, milk, tea",Compilation of Changes
2023.05,M,A47J 31/408,A47J 31/408,{with means for moving a filter in the form of a tape (coffee or tea filters per se A47J31/06)},{with means for moving a filter in the form of a tape (coffee or tea filters per se A47J31/06)},Compilation of Changes
2023.05,U,A47J 31/44,A47J 31/44,Parts or details {or accessories} of beverage-making apparatus (filters or strainers A47J31/06),Parts or details {or accessories} of beverage-making apparatus (filters or strainers A47J31/06),Compilation of Changes
2023.05,U,A47J 31/4403,A47J 31/4403,{Constructional details},{Constructional details},Compilation of Changes
2023.05,U,A47J 31/441,A47J 31/441,{Warming devices or supports for beverage containers (warming devices not being part of the beverage-making apparatus A47J36/24; stands or holders for beverage containers not being part of the beverage-making apparatus A47J47/16)},{Warming devices or supports for beverage containers (warming devices not being part of the beverage-making apparatus A47J36/24; stands or holders for beverage containers not being part of the beverage-making apparatus A47J47/16)},Compilation of Changes
2023.05,U,A47J 31/4425,A47J 31/4425,{Supports for beverage containers when filled or while being filled (supports allowing to adapt the beverage making apparatus to the size of the beverage container A47J31/4482)},{Supports for beverage containers when filled or while being filled (supports allowing to adapt the beverage making apparatus to the size of the beverage container A47J31/4482)},Compilation of Changes
2023.05,U,A47J 31/4432,A47J 31/4432,{with means for keeping the beverage warm (urns with devices for keeping beverages hot or cool A47J31/50)},{with means for keeping the beverage warm (urns with devices for keeping beverages hot or cool A47J31/50)},Compilation of Changes
2023.05,U,A47J 31/4435,A47J 31/4435,{Heated support plates},{Heated support plates},Compilation of Changes
2023.05,M,A47J 31/4442,A47J 31/4442,{in combination with a continuous-flow heater for the water (continuous-flow heaters per se A47J31/542)},{in combination with a continuous-flow heater for the water (continuous-flow heaters per se A47J31/542)},Compilation of Changes
2023.05,M,A47J 31/4457,A47J 31/4457,{Water-level indicators (water-level controls A47J31/56)},{Water-level indicators (water-level controls A47J31/56)},Compilation of Changes
2023.05,M,A47J 31/54,A47J 31/54,Water boiling vessels {in beverage making machines (as an independent water-boiling vessel A47J27/21)},Water boiling vessels {in beverage making machines (as an independent water-boiling vessel A47J27/21)},Compilation of Changes
2023.05,M,A47J 33/00,A47J 33/00,"Camp cooking devices without integral heating means (travelling cookers with one burner A47J36/26; other travelling cookers heated by petroleum, gasoline, spirit, or the like F24C)","Camp cooking devices without integral heating means (travelling cookers with one burner A47J36/26; other travelling cookers heated by petroleum, gasoline, spirit, or the like F24C)",Compilation of Changes
2023.05,U,A47J 36/00,A47J 36/00,"Parts, details or accessories of cooking-vessels (A47J27/00 - A47J33/00 take precedence insofar as these parts, details or accessories are restricted to a particular kind of cooking-vessel provided for in a single one of these groups)","Parts, details or accessories of cooking-vessels (A47J27/00 - A47J33/00 take precedence insofar as these parts, details or accessories are restricted to a particular kind of cooking-vessel provided for in a single one of these groups)",Compilation of Changes
2023.05,M,A47J 36/02,A47J 36/02,"Selection of specific materials, e.g. heavy bottoms with copper inlay or with insulating inlay {(processes for applying fluoropolymers to obtain an anti-adhesive surface B05D5/083)}","Selection of specific materials, e.g. heavy bottoms with copper inlay or with insulating inlay {(processes for applying fluoropolymers to obtain an anti-adhesive surface B05D5/083)}",Compilation of Changes
2023.05,M,A47J 36/022,A47J 36/022,{Cooking- or baking-vessels or supports thereof for using only once (eating- or serving-plates for using only once A47G19/02; heat-resistant food-packages B65D81/34)},{Cooking- or baking-vessels or supports thereof for using only once (eating- or serving-plates for using only once A47G19/02; heat-resistant food-packages B65D81/34)},Compilation of Changes
2023.05,M,A47J 36/14,A47J 36/14,"Pouring-spouts, e.g. as parts separate from vessel (spouts in general B05B1/22)","Pouring-spouts, e.g. as parts separate from vessel (spouts in general B05B1/22)",Compilation of Changes
2023.05,M,A47J 36/16,A47J 36/16,Inserts {(for preventing boiling over of milk A47J27/60; for frying pans A47J37/108)},Inserts {(for preventing boiling over of milk A47J27/60; for frying pans A47J37/108)},Compilation of Changes
2023.05,M,A47J 36/18,A47J 36/18,"Boilers or utensils with sieves inserted therein, e.g. potato-cookers {(perforated supports A47J36/20; basting devices in frying-pans A47J37/106)}","Boilers or utensils with sieves inserted therein, e.g. potato-cookers {(perforated supports A47J36/20; basting devices in frying-pans A47J37/106)}",Compilation of Changes
2023.05,U,A47J 36/24,A47J 36/24,Warming devices,Warming devices,Compilation of Changes
2023.05,M,A47J 36/2477,A47J 36/2477,"{using solid fuel, e.g. with candles (baby bottle warmers A47J36/2422, drinking cups A47J36/245)}","{using solid fuel, e.g. with candles (baby bottle warmers A47J36/2422, drinking cups A47J36/245)}",Compilation of Changes
2023.05,M,A47J 36/2483,A47J 36/2483,"{with electrical heating means (baby bottle warmers A47J36/2433, drinking cups A47J36/2461)}","{with electrical heating means (baby bottle warmers A47J36/2433, drinking cups A47J36/2461)}",Compilation of Changes
2023.05,M,A47J 36/26,A47J 36/26,"Devices for warming vessels containing drinks or food, especially by means of burners {Warming devices with a burner, e.g. using gasoline}; {Warming devices with a burner, e.g. using gasoline}; Travelling cookers, e.g. using petroleum or gasoline with one burner {(baby bottle warmers A47J36/2411, drinking cups A47J36/2444, using solid fuel A47J36/2477, with electrical heating means A47J36/2483)}","Devices for warming vessels containing drinks or food, especially by means of burners {Warming devices with a burner, e.g. using gasoline}; {Warming devices with a burner, e.g. using gasoline}; Travelling cookers, e.g. using petroleum or gasoline with one burner {(baby bottle warmers A47J36/2411, drinking cups A47J36/2444, using solid fuel A47J36/2477, with electrical heating means A47J36/2483)}",Compilation of Changes
2023.05,M,A47J 36/28,A47J 36/28,"Warming devices generating the heat by exothermic reactions, e.g. heat released by the contact of unslaked lime with water {(packages having self-contained heating means generating heat by an exothermic reaction B65D81/3484, materials for producing heat by chemical reactions C09K5/16)}","Warming devices generating the heat by exothermic reactions, e.g. heat released by the contact of unslaked lime with water {(packages having self-contained heating means generating heat by an exothermic reaction B65D81/3484, materials for producing heat by chemical reactions C09K5/16)}",Compilation of Changes
2023.05,M,A47J 36/32,A47J 36/32,Time-controlled igniting mechanisms or alarm devices {; Electronic control devices (in egg-cookers A47J29/02; in coffee-makers A47J31/52; in bread-toasters A47J37/0814)},Time-controlled igniting mechanisms or alarm devices {; Electronic control devices (in egg-cookers A47J29/02; in coffee-makers A47J31/52; in bread-toasters A47J37/0814)},Compilation of Changes
2023.05,M,A47J 36/34,A47J 36/34,Supports for cooking vessels {-vessels(for kitchen utensils A47J47/16)},Supports for cooking vessels {-vessels(for kitchen utensils A47J47/16)},Compilation of Changes
2023.05,M,A47J 36/38,A47J 36/38,for withdrawing or condensing cooking vapoursvapors from cooking utensils (removing cooking fumes from domestic stoves or ranges F24C15/20),for withdrawing or condensing cooking vapoursvapors from cooking utensils (removing cooking fumes from domestic stoves or ranges F24C15/20),Compilation of Changes
2023.05,U,A47J 37/00,A47J 37/00,"Baking; Roasting; Grilling; Frying (bakers' ovens, non-domestic baking apparatus or equipment A21B; domestic stoves or ranges F24B, F24C)","Baking; Roasting; Grilling; Frying (bakers' ovens, non-domestic baking apparatus or equipment A21B; domestic stoves or ranges F24B, F24C)",Compilation of Changes
2023.05,M,A47J 37/04,A47J 37/04,"Roasting apparatus with movably-mounted food supports or with movable heating implements; Spits {(field-cookers A47J33/00, A47J36/26, F24B)}","Roasting apparatus with movably-mounted food supports or with movable heating implements; Spits {(field-cookers A47J33/00, A47J36/26, F24B)}",Compilation of Changes
2023.05,U,A47J 37/06,A47J 37/06,Roasters; Grills; Sandwich grills,Roasters; Grills; Sandwich grills,Compilation of Changes
2023.05,M,A47J 37/0623,A47J 37/0623,"{Small-size cooking ovens, i.e. defining an at least partially closed cooking cavity (A47J37/0605 takes precedence; barbecues A47J37/07)}","{Small-size cooking ovens, i.e. defining an at least partially closed cooking cavity (A47J37/0605 takes precedence; barbecues A47J37/07)}",Compilation of Changes
2023.05,M,A47J 37/07,A47J 37/07,"Roasting devices for outdoor use; Barbecues {(field-cookers A47J33/00, A47J36/26)}","Roasting devices for outdoor use; Barbecues {(field-cookers A47J33/00, A47J36/26)}",Compilation of Changes
2023.05,M,A47J 37/08,A47J 37/08,Bread-toasters (electric heating elements H05B),Bread-toasters (electric heating elements H05B),Compilation of Changes
2023.05,M,A47J 37/0857,A47J 37/0857,{with bread supports or heating means movable during the toasting operation (meat roasting A47J37/04)},{with bread supports or heating means movable during the toasting operation (meat roasting A47J37/04)},Compilation of Changes
2023.05,U,A47J 37/12,A47J 37/12,"Deep fat fryers, e.g. for frying fish or chips","Deep fat fryers, e.g. for frying fish or chips",Compilation of Changes
2023.05,M,A47J 37/1214,A47J 37/1214,{the food being transported through an oil-bath (for bakery products A21B5/08)},{the food being transported through an oil-bath (for bakery products A21B5/08)},Compilation of Changes
2023.05,U,A47J 39/00,A47J 39/00,Heat-insulated warming chambers; Cupboards with heating arrangements for warming kitchen utensils,Heat-insulated warming chambers; Cupboards with heating arrangements for warming kitchen utensils,Compilation of Changes
2023.05,M,A47J 39/02,A47J 39/02,Dish-warmers; Devices to keep food hot {(A47J39/006 takes precedence)},Dish-warmers; Devices to keep food hot {(A47J39/006 takes precedence)},Compilation of Changes
2023.05,M,A47J 41/00,A47J 41/00,"Thermally-insulated vessels, e.g. flasks, jugs, jars (containers with thermal insulation in general B65D81/38)","Thermally-insulated vessels, e.g. flasks, jugs, jars (containers with thermal insulation in general B65D81/38)",Compilation of Changes
2023.05,M,A47J 42/00,A47J 42/00,"Coffee mills; Spice mills (as part of universal or multi-purpose machines A47J43/04, A47J44/00; grinding or pulverising in general B02C)","Coffee mills; Spice mills (as part of universal or multi-purpose machines A47J43/04, A47J44/00; grinding or pulverising in general B02C)",Compilation of Changes
2023.05,U,A47J 42/38,A47J 42/38,Parts or details,Parts or details,Compilation of Changes
2023.05,M,A47J 42/48,A47J 42/48,"Attachment of mills to tables, walls, or the like (attachment of household machines in general to tables, walls, or the like A47J45/02)","Attachment of mills to tables, walls, or the like (attachment of household machines in general to tables, walls, or the like A47J45/02)",Compilation of Changes
2023.05,M,A47J 42/52,A47J 42/52,Coffee mills combined with roasting devices ({combinations of coffee mills with coffee-making machines A47J31/42;} coffee-roasting devices per se A23N12/00),Coffee mills combined with roasting devices ({combinations of coffee mills with coffee-making machines A47J31/42;} coffee-roasting devices per se A23N12/00),Compilation of Changes
2023.05,U,A47J 43/00,A47J 43/00,"Implements for preparing or holding food, not provided for in other groups of this subclass","Implements for preparing or holding food, not provided for in other groups of this subclass",Compilation of Changes
2023.05,M,A47J 43/04,A47J 43/04,"Machines for domestic use not covered elsewhere, e.g. for grinding, mixing, stirring, kneading, emulsifying, whipping or beating foodstuffs, e.g. power-driven (food straining implements A47J19/00; devices for grating A47J43/25; multi-purpose machines A47J44/00)","Machines for domestic use not covered elsewhere, e.g. for grinding, mixing, stirring, kneading, emulsifying, whipping or beating foodstuffs, e.g. power-driven (food straining implements A47J19/00; devices for grating A47J43/25; multi-purpose machines A47J44/00)",Compilation of Changes
2023.05,M,A47J 43/042,A47J 43/042,Mechanically-driven liquid shakers {(hand-held shakers A47J43/27)},Mechanically-driven liquid shakers {(hand-held shakers A47J43/27)},Compilation of Changes
2023.05,M,A47J 43/12,A47J 43/12,"Whipping by introducing a stream of gas {(milk-foaming devices adapted to coffee-making machines A47J31/4485, A47J31/4489; aerating or deaerating milk A01J11/04; making ice-cream A23G9/20)}","Whipping by introducing a stream of gas {(milk-foaming devices adapted to coffee-making machines A47J31/4485, A47J31/4489; aerating or deaerating milk A01J11/04; making ice-cream A23G9/20)}",Compilation of Changes
2023.05,M,A47J 43/14,A47J 43/14,Devices {or machines} for opening raw eggs or separating the contents thereof {(openers for boiled eggs A47G19/28)},Devices {or machines} for opening raw eggs or separating the contents thereof {(openers for boiled eggs A47G19/28)},Compilation of Changes
2023.05,M,A47J 43/24,A47J 43/24,"Devices for washing vegetables or the like {; Colanders (machines for washing potatoes, beets, apples on an industrial scale A23N12/023; machines for washing grain B02B1/04)}","Devices for washing vegetables or the like {; Colanders (machines for washing potatoes, beets, apples on an industrial scale A23N12/023; machines for washing grain B02B1/04)}",Compilation of Changes
2023.05,M,A47J 43/26,A47J 43/26,Nutcrackers (pliers B25B7/00),Nutcrackers (pliers B25B7/00),Compilation of Changes
2023.05,M,A47J 43/28,A47J 43/28,"Other culinary hand implements, e.g. spatulas, pincers, forks or like food holders, ladles, skimming ladles, cooking spoons; Spoon-holders attached to cooking pots ({measuring spoons for powders A61J, measuring flasks B01L3/00}; calibrated capacity measures for fluids or fluent solid material G01F19/00; weighing spoons G01G19/56)","Other culinary hand implements, e.g. spatulas, pincers, forks or like food holders, ladles, skimming ladles, cooking spoons; Spoon-holders attached to cooking pots ({measuring spoons for powders A61J, measuring flasks B01L3/00}; calibrated capacity measures for fluids or fluent solid material G01F19/00; weighing spoons G01G19/56)",Compilation of Changes
2023.05,U,A47J 45/00,A47J 45/00,Devices for fastening or gripping kitchen utensils {or crockery}(kitchen cabinets with provisions for attachment of kitchen implements or utensils A47B77/00),Devices for fastening or gripping kitchen utensils {or crockery}(kitchen cabinets with provisions for attachment of kitchen implements or utensils A47B77/00),Compilation of Changes
2023.05,M,A47J 45/02,A47J 45/02,"for fastening kitchen utensils to tables, walls, or the like (for household utensils A47G29/087)","for fastening kitchen utensils to tables, walls, or the like (for household utensils A47G29/087)",Compilation of Changes
2023.05,M,A47J 45/06,A47J 45/06,Handles for hollow-ware articles {(handles for metallic holders B65D)},Handles for hollow-ware articles {(handles for metallic holders B65D)},Compilation of Changes
2023.05,M,A47J 45/08,A47J 45/08,Heat-insulating handles (of detachable type A47J45/07),Heat-insulating handles (of detachable type A47J45/07),Compilation of Changes
2023.05,M,A47J 45/01,A47J 45/01,"Devices for gripping or lifting hot cooking utensils, e.g. pincers, separate pot handles, fabric or like pads (egg grasping devices  A47J29/06; {plate-holders  A47G19/08})","Devices for gripping or lifting hot cooking utensils, e.g. pincers, separate pot handles, fabric or like pads (egg grasping devices  A47J29/06; {plate-holders  A47G19/08})",Compilation of Changes
2023.05,M,A47J 47/00,A47J 47/00,"Miscellaneous kitchenKitchen containers, stands, or the like , not provided for in other groups of this subclass({bowls for food processors A47J43/0727}; containers in general B65D); Cutting-boards, e.g. for bread {(with slicing devices B26Dbowls for food processors A47J43/0727)}","Miscellaneous kitchenKitchen containers, stands, or the like , not provided for in other groups of this subclass({bowls for food processors A47J43/0727}; containers in general B65D); Cutting-boards, e.g. for bread {(with slicing devices B26Dbowls for food processors A47J43/0727)}",Compilation of Changes
2023.05,M,A47J 47/01,A47J 47/01,with dispensing devices {(for butter or the like A47J9/00; for table use A47G19/32)},with dispensing devices {(for butter or the like A47J9/00; for table use A47G19/32)},Compilation of Changes
2023.05,M,A47J 47/02,A47J 47/02,Closed containers for foodstuffs {(for table use A47G19/30)},Closed containers for foodstuffs {(for table use A47G19/30)},Compilation of Changes
2023.05,M,A47J 47/16,A47J 47/16,"Stands, or holders for kitchen articles (racks A47B)","Stands, or holders for kitchen articles (racks A47B)",Compilation of Changes
2023.05,U,A61B 1/00,A61B 1/00,"Instruments for performing medical examinations of the interior of cavities or tubes of the body by visual or photographical inspection, e.g. endoscopes (examination of body cavities or body tracts using ultrasonic, sonic or infrasonic waves A61B8/12; endoscopic instruments for taking cell samples or for biopsy A61B10/04; for surgical purposes A61B17/00; endoscopic surgical {cutting} instruments {A61B17/32}; surgical instruments using a laser beam being directed along or through a flexible conduit A61B18/22); Illuminating arrangements therefor (for the eyes A61B3/00)","Instruments for performing medical examinations of the interior of cavities or tubes of the body by visual or photographical inspection, e.g. endoscopes (examination of body cavities or body tracts using ultrasonic, sonic or infrasonic waves A61B8/12; endoscopic instruments for taking cell samples or for biopsy A61B10/04; for surgical purposes A61B17/00; endoscopic surgical {cutting} instruments {A61B17/32}; surgical instruments using a laser beam being directed along or through a flexible conduit A61B18/22); Illuminating arrangements therefor (for the eyes A61B3/00)",Compilation of Changes
2023.05,U,A61B 1/00002,A61B 1/00002,{Operational features of endoscopes},{Operational features of endoscopes},Compilation of Changes
2023.05,U,A61B 1/00004,A61B 1/00004,{characterised by electronic signal processing},{characterised by electronic signal processing},Compilation of Changes
2023.05,M,A61B 1/00009,A61B 1/00009,{of image signals during a use of endoscope},{of image signals during a use of endoscope},Compilation of Changes
2023.05,M,A61B 1/000094,A61B 1/000094,{extracting biological structures},{extracting biological structures},Compilation of Changes
2023.05,M,A61B 1/000095,A61B 1/000095,{for image enhancement},{for image enhancement},Compilation of Changes
2023.05,M,A61B 1/000096,A61B 1/000096,{using artificial intelligence},{using artificial intelligence},Compilation of Changes
2023.05,M,A61B 1/00039,A61B 1/00039,{provided with input arrangements for the user},{provided with input arrangements for the user},Compilation of Changes
2023.05,M,A61B 1/0004,A61B 1/0004,{for electronic operation},{for electronic operation},Compilation of Changes
2023.05,M,A61B 1/00042,A61B 1/00042,{for mechanical operation},{for mechanical operation},Compilation of Changes
2023.05,U,A61B 1/00064,A61B 1/00064,{Constructional details of the endoscope body},{Constructional details of the endoscope body},Compilation of Changes
2023.05,U,A61B 1/00071,A61B 1/00071,{Insertion part of the endoscope body (A61B1/0055 takes precedence)},{Insertion part of the endoscope body (A61B1/0055 takes precedence)},Compilation of Changes
2023.05,M,A61B 1/0008,A61B 1/0008,{characterised by distal tip features},{characterised by distal tip features},Compilation of Changes
2023.05,M,A61B 1/00097,A61B 1/00097,{Sensors},{Sensors},Compilation of Changes
2023.05,M,A61B 1/00147,A61B 1/00147,{Holding or positioning arrangements},{Holding or positioning arrangements},Compilation of Changes
2023.05,M,A61B 1/00148,A61B 1/00148,{using anchoring means},{using anchoring means},Compilation of Changes
2023.05,M,A61B 1/00163,A61B 1/00163,"{Optical arrangements (A61B1/002, A61B1/06 take precedence)}","{Optical arrangements (A61B1/002, A61B1/06 take precedence)}",Compilation of Changes
2023.05,M,A61B 1/00194,A61B 1/00194,{adapted for three-dimensional imaging},{adapted for three-dimensional imaging},Compilation of Changes
2023.05,M,A61B 1/005,A61B 1/005,Flexible endoscopes,Flexible endoscopes,Compilation of Changes
2023.05,M,A61B 1/009,A61B 1/009,{with bending or curvature detection of the insertion part},{with bending or curvature detection of the insertion part},Compilation of Changes
2023.05,M,A61B 1/04,A61B 1/04,combined with photographic or television appliances,combined with photographic or television appliances,Compilation of Changes
2023.05,M,A61B 1/044,A61B 1/044,{for absorption imaging},{for absorption imaging},Compilation of Changes
2023.05,M,A61B 1/046,A61B 1/046,{for infrared imaging},{for infrared imaging},Compilation of Changes
2023.05,M,A61B 1/06,A61B 1/06,with illuminating arrangements,with illuminating arrangements,Compilation of Changes
2023.05,M,A61B 1/0605,A61B 1/0605,{for spatially modulated illumination},{for spatially modulated illumination},Compilation of Changes
2023.05,M,A61B 1/0625,A61B 1/0625,{for multiple fixed illumination angles},{for multiple fixed illumination angles},Compilation of Changes
2023.05,M,A61B 1/0627,A61B 1/0627,{for variable illumination angles},{for variable illumination angles},Compilation of Changes
2023.05,M,A61B 1/0655,A61B 1/0655,{Control therefor},{Control therefor},Compilation of Changes
2023.05,U,A61B 17/00,A61B 17/00,"Surgical instruments, devices or methods, e.g. tourniquets (A61B18/00 takes precedence; contraceptive devices, pessaries, or applicators therefor A61F6/00; eye surgery A61F9/007; ear surgery A61F11/00)","Surgical instruments, devices or methods, e.g. tourniquets (A61B18/00 takes precedence; contraceptive devices, pessaries, or applicators therefor A61F6/00; eye surgery A61F9/007; ear surgery A61F11/00)",Compilation of Changes
2023.05,M,A61B 17/32,A61B 17/32,Surgical cutting instruments {(A61B18/042 takes precedence; suture cutters A61B17/0467; instruments for ligaturing or cutting A61B17/128; instruments for rupturing the amniotic membrane A61B17/4208; specially adapted knives for eye surgery A61F9/0133)},Surgical cutting instruments {(A61B18/042 takes precedence; suture cutters A61B17/0467; instruments for ligaturing or cutting A61B17/128; instruments for rupturing the amniotic membrane A61B17/4208; specially adapted knives for eye surgery A61F9/0133)},Compilation of Changes
2023.05,M,A61K 31/00,A61K 31/00,Medicinal preparations containing organic active ingredients,Medicinal preparations containing organic active ingredients,Compilation of Changes
2023.05,U,A61K 31/045,A61K 31/045,"Hydroxy compounds, e.g. alcohols; Salts thereof, e.g. alcoholates","Hydroxy compounds, e.g. alcohols; Salts thereof, e.g. alcoholates",Compilation of Changes
2023.05,C,A61K 31/05,A61K 31/05,Phenols {(cannabinoids A61K31/658)},Phenols {(cannabinoids A61K31/658)},Compilation of Changes
2023.05,M,A61K 31/185,A61K 31/185,"Acids; Anhydrides, halides or salts thereof, e.g. sulfur acids, imidic, hydrazonic, or hydroximic acids (hydroxamic acids A61K31/16; peroxy acids A61K31/327)","Acids; Anhydrides, halides or salts thereof, e.g. sulfur acids, imidic, hydrazonic, or hydroximic acids (hydroxamic acids A61K31/16; peroxy acids A61K31/327)",Compilation of Changes
2023.05,U,A61K 31/19,A61K 31/19,"Carboxylic acids, e.g. valproic acid (salicylic acid A61K31/60)","Carboxylic acids, e.g. valproic acid (salicylic acid A61K31/60)",Compilation of Changes
2023.05,C,A61K 31/192,A61K 31/192,"having aromatic groups, e.g. sulindac, 2-arylpropionicaryl-propionic acids, ethacrynic acid  {(cannabinoids A61K31/658)}","having aromatic groups, e.g. sulindac, 2-arylpropionicaryl-propionic acids, ethacrynic acid  {(cannabinoids A61K31/658)}",Compilation of Changes
2023.05,U,A61K 31/33,A61K 31/33,Heterocyclic compounds,Heterocyclic compounds,Compilation of Changes
2023.05,U,A61K 31/335,A61K 31/335,"having oxygen as the only ring hetero atom, e.g. fungichromin","having oxygen as the only ring hetero atom, e.g. fungichromin",Compilation of Changes
2023.05,U,A61K 31/35,A61K 31/35,having six-membered rings with one oxygen as the only ring hetero atom,having six-membered rings with one oxygen as the only ring hetero atom,Compilation of Changes
2023.05,C,A61K 31/352,A61K 31/352,"condensed with carbocyclic rings, e.g. cannabinols, methanthelinemethantheline  {(cannabinoids A61K31/658)}","condensed with carbocyclic rings, e.g. cannabinols, methanthelinemethantheline  {(cannabinoids A61K31/658)}",Compilation of Changes
2023.05,U,A61K 31/655,A61K 31/655,"Azo (—N=N—), diazo (=N2), azoxy (>N—O—N< or N(=O)—N<), azido (—N3) or diazoamino (—N=N—N<) compounds","Azo (—N=N—), diazo (=N2), azoxy (>N—O—N< or N(=O)—N<), azido (—N3) or diazoamino (—N=N—N<) compounds",Compilation of Changes
2023.05,N,A61K 31/658,A61K 31/658,"{o-phenolic cannabinoids, e.g. cannabidiol, cannabigerolic acid, cannabichromene or tetrahydrocannabinol}","{o-phenolic cannabinoids, e.g. cannabidiol, cannabigerolic acid, cannabichromene or tetrahydrocannabinol}",Compilation of Changes
2023.05,U,A61K 35/00,A61K 35/00,Medicinal preparations containing materials or reaction products thereof with undetermined constitution,Medicinal preparations containing materials or reaction products thereof with undetermined constitution,Compilation of Changes
2023.05,U,A61K 35/12,A61K 35/12,Materials from mammals; Compositions comprising non-specified tissues or cells; Compositions comprising non-embryonic stem cells; Genetically modified cells (vaccines or medicinal preparations containing antigens or antibodies A61K39/00),Materials from mammals; Compositions comprising non-specified tissues or cells; Compositions comprising non-embryonic stem cells; Genetically modified cells (vaccines or medicinal preparations containing antigens or antibodies A61K39/00),Compilation of Changes
2023.05,U,A61K 35/14,A61K 35/14,Blood; Artificial blood (perfluorocarbons A61K31/02; umbilical cord blood A61K35/51; haemoglobin A61K38/42),Blood; Artificial blood (perfluorocarbons A61K31/02; umbilical cord blood A61K35/51; haemoglobin A61K38/42),Compilation of Changes
2023.05,C,A61K 35/15,A61K 35/15,"Cells of the myeloid line, e.g. granulocytes, basophils, eosinophils, neutrophils, leucocytes, monocytes, macrophages or mast cells; Myeloid precursor cells; Antigen-presenting cells, e.g. dendritic cells (presenting a specific antigen A61K39/00; therapeutic combinations of antibodies, or fragments thereof, and blood-derived cells A61K39/00)","Cells of the myeloid line, e.g. granulocytes, basophils, eosinophils, neutrophils, leucocytes, monocytes, macrophages or mast cells; Myeloid precursor cells; Antigen-presenting cells, e.g. dendritic cells (presenting a specific antigen A61K39/00; therapeutic combinations of antibodies, or fragments thereof, and blood-derived cells A61K39/00)",Compilation of Changes
2023.05,C,A61K 35/17,A61K 35/17,Lymphocytes; B-cells; T-cells; Natural killer cells; Interferon-activated or cytokine-activated lymphocytes (when activated by a specific antigen A61K39/00),Lymphocytes; B-cells; T-cells; Natural killer cells; Interferon-activated or cytokine-activated lymphocytes (when activated by a specific antigen A61K39/00),Compilation of Changes
2023.05,C,A61K 39/00,A61K 39/00,Medicinal preparations containing antigens or antibodies (materials for immunoassay G01N33/53),Medicinal preparations containing antigens or antibodies (materials for immunoassay G01N33/53),Compilation of Changes
2023.05,U,A61K 39/0005,A61K 39/0005,{Vertebrate antigens (from snakes A61K39/38)},{Vertebrate antigens (from snakes A61K39/38)},Compilation of Changes
2023.05,C,A61K 39/0011,A61K 39/0011,{Cancer antigens},{Cancer antigens},Compilation of Changes
2023.05,C,A61K 39/001102,A61K 39/001102,"{Receptors, cell surface antigens or cell surface determinants}","{Receptors, cell surface antigens or cell surface determinants}",Compilation of Changes
2023.05,C,A61K 39/001103,A61K 39/001103,{Receptors for growth factors},{Receptors for growth factors},Compilation of Changes
2023.05,C,A61K 39/001104,A61K 39/001104,{Epidermal growth factor receptors [EGFR]},{Epidermal growth factor receptors [EGFR]},Compilation of Changes
2023.05,C,A61K 39/001106,A61K 39/001106,"{Her-2/neu/ErbB2, Her-3/ErbB3, or Her 4/ErbB4}","{Her-2/neu/ErbB2, Her-3/ErbB3, or Her 4/ErbB4}",Compilation of Changes
2023.05,C,A61K 39/001107,A61K 39/001107,{Fibroblast growth factor receptors [FGFR]},{Fibroblast growth factor receptors [FGFR]},Compilation of Changes
2023.05,C,A61K 39/001108,A61K 39/001108,{Platelet-derived growth factor receptors [PDGFR]},{Platelet-derived growth factor receptors [PDGFR]},Compilation of Changes
2023.05,C,A61K 39/001109,A61K 39/001109,{[Vascular endothelial growth factor receptors [VEGFR]},{[Vascular endothelial growth factor receptors [VEGFR]},Compilation of Changes
2023.05,C,A61K 39/00111,A61K 39/00111,{Hepatocyte growth factor receptor [HGFR or c-met]},{Hepatocyte growth factor receptor [HGFR or c-met]},Compilation of Changes
2023.05,C,A61K 39/001111,A61K 39/001111,{Immunoglobulin superfamily},{Immunoglobulin superfamily},Compilation of Changes
2023.05,C,A61K 39/001112,A61K 39/001112,"{CD19, or B4}","{CD19, or B4}",Compilation of Changes
2023.05,C,A61K 39/001113,A61K 39/001113,"{CD22, BL-CAM, siglec-2, or sialic acid- binding Ig-related lectin 2}","{CD22, BL-CAM, siglec-2, or sialic acid- binding Ig-related lectin 2}",Compilation of Changes
2023.05,C,A61K 39/001114,A61K 39/001114,"{CD74, Ii, MHC class II invariant chain, or MHC class II gamma chain}","{CD74, Ii, MHC class II invariant chain, or MHC class II gamma chain}",Compilation of Changes
2023.05,C,A61K 39/001116,A61K 39/001116,{Receptors for cytokines},{Receptors for cytokines},Compilation of Changes
2023.05,C,A61K 39/001117,A61K 39/001117,"{Receptors for tumor necrosis factors [TNF], e.g. lymphotoxin receptor [LTR], or CD30}","{Receptors for tumor necrosis factors [TNF], e.g. lymphotoxin receptor [LTR], or CD30}",Compilation of Changes
2023.05,C,A61K 39/001118,A61K 39/001118,{Receptors for colony stimulating factors [CSF]},{Receptors for colony stimulating factors [CSF]},Compilation of Changes
2023.05,C,A61K 39/001119,A61K 39/001119,{Receptors for interleukins [IL]},{Receptors for interleukins [IL]},Compilation of Changes
2023.05,C,A61K 39/00112,A61K 39/00112,{Receptors for interferons [IFN]},{Receptors for interferons [IFN]},Compilation of Changes
2023.05,C,A61K 39/001121,A61K 39/001121,{Receptors for chemokines },{Receptors for chemokines },Compilation of Changes
2023.05,C,A61K 39/001122,A61K 39/001122,{Ephrin Receptors [Eph]},{Ephrin Receptors [Eph]},Compilation of Changes
2023.05,C,A61K 39/001124,A61K 39/001124,{CD20},{CD20},Compilation of Changes
2023.05,C,A61K 39/001126,A61K 39/001126,{CD38 not IgG},{CD38 not IgG},Compilation of Changes
2023.05,C,A61K 39/001128,A61K 39/001128,{CD44 not IgG},{CD44 not IgG},Compilation of Changes
2023.05,C,A61K 39/001129,A61K 39/001129,"{Molecules with a ""CD"" designation not provided for elsewhere}","{Molecules with a ""CD"" designation not provided for elsewhere}",Compilation of Changes
2023.05,C,A61K 39/00113,A61K 39/00113,{Growth factors},{Growth factors},Compilation of Changes
2023.05,C,A61K 39/001131,A61K 39/001131,{Epidermal growth factor [EGF]},{Epidermal growth factor [EGF]},Compilation of Changes
2023.05,C,A61K 39/001132,A61K 39/001132,{Fibroblast growth factors [FGF]},{Fibroblast growth factors [FGF]},Compilation of Changes
2023.05,C,A61K 39/001133,A61K 39/001133,{Platelet-derived growth factor [PDGF]},{Platelet-derived growth factor [PDGF]},Compilation of Changes
2023.05,C,A61K 39/001134,A61K 39/001134,{Transforming growth factor [TGF]},{Transforming growth factor [TGF]},Compilation of Changes
2023.05,C,A61K 39/001135,A61K 39/001135,{Vascular endothelial growth factor [VEGF]},{Vascular endothelial growth factor [VEGF]},Compilation of Changes
2023.05,C,A61K 39/001136,A61K 39/001136,{Cytokines},{Cytokines},Compilation of Changes
2023.05,C,A61K 39/001138,A61K 39/001138,"{Tumor necrosis factors [TNF], or CD70}","{Tumor necrosis factors [TNF], or CD70}",Compilation of Changes
2023.05,C,A61K 39/001139,A61K 39/001139,{Colony stimulating factors [CSF]},{Colony stimulating factors [CSF]},Compilation of Changes
2023.05,C,A61K 39/00114,A61K 39/00114,{Interleukins [IL]},{Interleukins [IL]},Compilation of Changes
2023.05,C,A61K 39/001141,A61K 39/001141,{Interferons [IFN]},{Interferons [IFN]},Compilation of Changes
2023.05,C,A61K 39/001142,A61K 39/001142,{Chemokines},{Chemokines},Compilation of Changes
2023.05,C,A61K 39/001144,A61K 39/001144,"{Hormones, e.g. calcitonin}","{Hormones, e.g. calcitonin}",Compilation of Changes
2023.05,C,A61K 39/001148,A61K 39/001148,{Regulators of development},{Regulators of development},Compilation of Changes
2023.05,C,A61K 39/001149,A61K 39/001149,"{Cell cycle regulated proteins, e.g. cyclin, CDC, CDK, or INK-CCR}","{Cell cycle regulated proteins, e.g. cyclin, CDC, CDK, or INK-CCR}",Compilation of Changes
2023.05,C,A61K 39/00115,A61K 39/00115,"{Apoptosis related proteins, e.g. survivin, or livin}","{Apoptosis related proteins, e.g. survivin, or livin}",Compilation of Changes
2023.05,C,A61K 39/001151,A61K 39/001151,{p53},{p53},Compilation of Changes
2023.05,C,A61K 39/001152,A61K 39/001152,"{Transcription factors, e.g. SOX, or c-MYC}","{Transcription factors, e.g. SOX, or c-MYC}",Compilation of Changes
2023.05,C,A61K 39/001153,A61K 39/001153,{Wilms tumor 1 [WT1]},{Wilms tumor 1 [WT1]},Compilation of Changes
2023.05,C,A61K 39/001154,A61K 39/001154,{Enzymes},{Enzymes},Compilation of Changes
2023.05,C,A61K 39/001156,A61K 39/001156,"{Tyrosinase and tyrosinase related proteinases [TRP-1, or TRP-2]}","{Tyrosinase and tyrosinase related proteinases [TRP-1, or TRP-2]}",Compilation of Changes
2023.05,C,A61K 39/001157,A61K 39/001157,"{Telomerase, or TERT [telomerase reverse transcriptase]}","{Telomerase, or TERT [telomerase reverse transcriptase]}",Compilation of Changes
2023.05,C,A61K 39/001158,A61K 39/001158,{Proteinases},{Proteinases},Compilation of Changes
2023.05,C,A61K 39/001159,A61K 39/001159,{Matrix metalloproteinases [MMP]},{Matrix metalloproteinases [MMP]},Compilation of Changes
2023.05,C,A61K 39/00116,A61K 39/00116,"{Serine proteases, e.g. kallikrein}","{Serine proteases, e.g. kallikrein}",Compilation of Changes
2023.05,C,A61K 39/001161,A61K 39/001161,{Caspases},{Caspases},Compilation of Changes
2023.05,C,A61K 39/001162,A61K 39/001162,"{Kinases, e.g. Raf, or Src}","{Kinases, e.g. Raf, or Src}",Compilation of Changes
2023.05,C,A61K 39/001163,A61K 39/001163,{Phosphatases},{Phosphatases},Compilation of Changes
2023.05,C,A61K 39/001164,A61K 39/001164,"{GTPases, e.g. Ras, or Rho}","{GTPases, e.g. Ras, or Rho}",Compilation of Changes
2023.05,C,A61K 39/001166,A61K 39/001166,"{Adhesion molecules, e.g. NRCAM, EpCAM, or cadherins}","{Adhesion molecules, e.g. NRCAM, EpCAM, or cadherins}",Compilation of Changes
2023.05,C,A61K 39/001168,A61K 39/001168,{Mesothelin [MSLN]},{Mesothelin [MSLN]},Compilation of Changes
2023.05,C,A61K 39/001169,A61K 39/001169,{Tumor associated carbohydrates},{Tumor associated carbohydrates},Compilation of Changes
2023.05,C,A61K 39/00117,A61K 39/00117,"{Mucins, e.g. MUC-1}","{Mucins, e.g. MUC-1}",Compilation of Changes
2023.05,C,A61K 39/001171,A61K 39/001171,"{Gangliosides, e.g. GM2, GD2, or GD3}","{Gangliosides, e.g. GM2, GD2, or GD3}",Compilation of Changes
2023.05,C,A61K 39/001172,A61K 39/001172,{sialyl Sialyl-Thomson-nouvelle antigen [sTNsTn]},{sialyl Sialyl-Thomson-nouvelle antigen [sTNsTn]},Compilation of Changes
2023.05,C,A61K 39/001173,A61K 39/001173,{Globo-H},{Globo-H},Compilation of Changes
2023.05,C,A61K 39/001174,A61K 39/001174,"{Proteoglycans, e.g. glypican, brevican, or CSPG4}","{Proteoglycans, e.g. glypican, brevican, or CSPG4}",Compilation of Changes
2023.05,C,A61K 39/001176,A61K 39/001176,{Heat shock proteins},{Heat shock proteins},Compilation of Changes
2023.05,C,A61K 39/001178,A61K 39/001178,{Tumor rejection antigen precursor [TRAP]},{Tumor rejection antigen precursor [TRAP]},Compilation of Changes
2023.05,C,A61K 39/00118,A61K 39/00118,{from embryonic or fetal origin},{from embryonic or fetal origin},Compilation of Changes
2023.05,C,A61K 39/001181,A61K 39/001181,{Alpha-feto protein},{Alpha-feto protein},Compilation of Changes
2023.05,C,A61K 39/001182,A61K 39/001182,{Carcinoembryonic antigen [CEA]},{Carcinoembryonic antigen [CEA]},Compilation of Changes
2023.05,C,A61K 39/001184,A61K 39/001184,"{Cancer testis antigens, e.g. SSX, BAGE, GAGE, or SAGE}","{Cancer testis antigens, e.g. SSX, BAGE, GAGE, or SAGE}",Compilation of Changes
2023.05,C,A61K 39/001186,A61K 39/001186,{MAGE},{MAGE},Compilation of Changes
2023.05,C,A61K 39/001188,A61K 39/001188,{NY-ESO},{NY-ESO},Compilation of Changes
2023.05,C,A61K 39/001189,A61K 39/001189,{PRAME},{PRAME},Compilation of Changes
2023.05,C,A61K 39/00119,A61K 39/00119,{Melanoma antigens},{Melanoma antigens},Compilation of Changes
2023.05,C,A61K 39/001191,A61K 39/001191,{Melan-A/MART},{Melan-A/MART},Compilation of Changes
2023.05,C,A61K 39/001192,A61K 39/001192,{Glycoprotein 100 [Gp100]},{Glycoprotein 100 [Gp100]},Compilation of Changes
2023.05,C,A61K 39/001193,A61K 39/001193,"{Prostate associated antigens e.g. Prostate stem cell antigen [PSCA]; Prostate carcinoma tumor antigen [PCTA]; PAP, or PSGR}","{Prostate associated antigens e.g. Prostate stem cell antigen [PSCA]; Prostate carcinoma tumor antigen [PCTA]; PAP, or PSGR}",Compilation of Changes
2023.05,C,A61K 39/001194,A61K 39/001194,{Prostate specific antigen [PSA]},{Prostate specific antigen [PSA]},Compilation of Changes
2023.05,C,A61K 39/001195,A61K 39/001195,{Prostate specific membrane antigen [PSMA]},{Prostate specific membrane antigen [PSMA]},Compilation of Changes
2023.05,C,A61K 39/001196,A61K 39/001196,{Fusion proteins originating from gene translocation in cancer cells},{Fusion proteins originating from gene translocation in cancer cells},Compilation of Changes
2023.05,C,A61K 39/001197,A61K 39/001197,{Breakpoint cluster region-abelson tyrosine kinase [BCR-ABL]},{Breakpoint cluster region-abelson tyrosine kinase [BCR-ABL]},Compilation of Changes
2023.05,C,A61K 39/001198,A61K 39/001198,{Pml-RARalpha},{Pml-RARalpha},Compilation of Changes
2023.05,U,A61K 39/395,A61K 39/395,"Antibodies (agglutinins A61K38/36 {; as drug carriers A61K47/50}); Immunoglobulins; Immune serum, e.g. antilymphocytic serum","Antibodies (agglutinins A61K38/36 {; as drug carriers A61K47/50}); Immunoglobulins; Immune serum, e.g. antilymphocytic serum",Compilation of Changes
2023.05,U,A61K 39/44,A61K 39/44,Antibodies bound to carriers,Antibodies bound to carriers,Compilation of Changes
2023.05,N,A61K 39/46,A61K 39/46,{Cellular immunotherapy},{Cellular immunotherapy},Compilation of Changes
2023.05,N,A61K 39/461,A61K 39/461,{characterised by the cell type used},{characterised by the cell type used},Compilation of Changes
2023.05,N,A61K 39/4611,A61K 39/4611,"{T-cells, e.g. tumor infiltrating lymphocytes [TIL], lymphokine-activated killer cells [LAK] or regulatory T cells [Treg]}","{T-cells, e.g. tumor infiltrating lymphocytes [TIL], lymphokine-activated killer cells [LAK] or regulatory T cells [Treg]}",Compilation of Changes
2023.05,N,A61K 39/4612,A61K 39/4612,{B-cells},{B-cells},Compilation of Changes
2023.05,N,A61K 39/4613,A61K 39/4613,{Natural-killer cells [NK or NK-T]},{Natural-killer cells [NK or NK-T]},Compilation of Changes
2023.05,N,A61K 39/4614,A61K 39/4614,{Monocytes; Macrophages},{Monocytes; Macrophages},Compilation of Changes
2023.05,N,A61K 39/4615,A61K 39/4615,{Dendritic cells},{Dendritic cells},Compilation of Changes
2023.05,N,A61K 39/462,A61K 39/462,{characterized by the effect or the function of the cells},{characterized by the effect or the function of the cells},Compilation of Changes
2023.05,N,A61K 39/4621,A61K 39/4621,{immunosuppressive or immunotolerising},{immunosuppressive or immunotolerising},Compilation of Changes
2023.05,N,A61K 39/4622,A61K 39/4622,{Antigen presenting cells},{Antigen presenting cells},Compilation of Changes
2023.05,N,A61K 39/463,A61K 39/463,{characterised by recombinant expression},{characterised by recombinant expression},Compilation of Changes
2023.05,N,A61K 39/4631,A61K 39/4631,{Chimeric Antigen Receptors [CAR]},{Chimeric Antigen Receptors [CAR]},Compilation of Changes
2023.05,N,A61K 39/4632,A61K 39/4632,{T-cell receptors [TCR]; antibody T-cell receptor constructs},{T-cell receptors [TCR]; antibody T-cell receptor constructs},Compilation of Changes
2023.05,N,A61K 39/4633,A61K 39/4633,{Antibodies or T cell engagers},{Antibodies or T cell engagers},Compilation of Changes
2023.05,N,A61K 39/4634,A61K 39/4634,{Antigenic peptides; polypeptides},{Antigenic peptides; polypeptides},Compilation of Changes
2023.05,N,A61K 39/4635,A61K 39/4635,{Cytokines},{Cytokines},Compilation of Changes
2023.05,N,A61K 39/4636,A61K 39/4636,{Immune checkpoint inhibitors},{Immune checkpoint inhibitors},Compilation of Changes
2023.05,N,A61K 39/4637,A61K 39/4637,{Other peptides or polypeptides},{Other peptides or polypeptides},Compilation of Changes
2023.05,N,A61K 39/464,A61K 39/464,{characterised by the antigen targeted or presented},{characterised by the antigen targeted or presented},Compilation of Changes
2023.05,N,A61K 39/4641,A61K 39/4641,"{Fungal antigens, e.g. Trichophyton, Aspergillus or Candida}","{Fungal antigens, e.g. Trichophyton, Aspergillus or Candida}",Compilation of Changes
2023.05,N,A61K 39/4642,A61K 39/4642,{Invertebrate antigens},{Invertebrate antigens},Compilation of Changes
2023.05,N,A61K 39/4643,A61K 39/4643,{Vertebrate antigens},{Vertebrate antigens},Compilation of Changes
2023.05,N,A61K 39/46431,A61K 39/46431,{Contraceptive or sex hormones},{Contraceptive or sex hormones},Compilation of Changes
2023.05,N,A61K 39/46432,A61K 39/46432,{Nervous system antigens},{Nervous system antigens},Compilation of Changes
2023.05,N,A61K 39/46433,A61K 39/46433,{Antigens related to auto-immune diseases; Preparations to induce self-tolerance},{Antigens related to auto-immune diseases; Preparations to induce self-tolerance},Compilation of Changes
2023.05,N,A61K 39/46434,A61K 39/46434,{Antigens related to induction of tolerance to non-self},{Antigens related to induction of tolerance to non-self},Compilation of Changes
2023.05,N,A61K 39/4644,A61K 39/4644,{Cancer antigens},{Cancer antigens},Compilation of Changes
2023.05,N,A61K 39/464401,A61K 39/464401,{Neoantigens},{Neoantigens},Compilation of Changes
2023.05,N,A61K 39/464402,A61K 39/464402,"{Receptors, cell surface antigens or cell surface determinants}","{Receptors, cell surface antigens or cell surface determinants}",Compilation of Changes
2023.05,N,A61K 39/464403,A61K 39/464403,{Receptors for growth factors},{Receptors for growth factors},Compilation of Changes
2023.05,N,A61K 39/464404,A61K 39/464404,{Epidermal growth factor receptors [EGFR]},{Epidermal growth factor receptors [EGFR]},Compilation of Changes
2023.05,N,A61K 39/464406,A61K 39/464406,"{Her-2/neu/ErbB2, Her-3/ErbB3 or Her 4/ ErbB4}","{Her-2/neu/ErbB2, Her-3/ErbB3 or Her 4/ ErbB4}",Compilation of Changes
2023.05,N,A61K 39/464407,A61K 39/464407,{Fibroblast growth factor receptors [FGFR]},{Fibroblast growth factor receptors [FGFR]},Compilation of Changes
2023.05,N,A61K 39/464408,A61K 39/464408,{Platelet-derived growth factor receptors [PDGFR]},{Platelet-derived growth factor receptors [PDGFR]},Compilation of Changes
2023.05,N,A61K 39/464409,A61K 39/464409,{Vascular endothelial growth factor receptors [VEGFR]},{Vascular endothelial growth factor receptors [VEGFR]},Compilation of Changes
2023.05,N,A61K 39/46441,A61K 39/46441,{Hepatocyte growth factor receptor [HGFR or c-met]},{Hepatocyte growth factor receptor [HGFR or c-met]},Compilation of Changes
2023.05,N,A61K 39/464411,A61K 39/464411,{Immunoglobulin superfamily},{Immunoglobulin superfamily},Compilation of Changes
2023.05,N,A61K 39/464412,A61K 39/464412,{CD19 or B4},{CD19 or B4},Compilation of Changes
2023.05,N,A61K 39/464413,A61K 39/464413,"{CD22, BL-CAM, siglec-2 or sialic acid binding Ig-related lectin 2}","{CD22, BL-CAM, siglec-2 or sialic acid binding Ig-related lectin 2}",Compilation of Changes
2023.05,N,A61K 39/464414,A61K 39/464414,"{CD74, Ii, MHC class II invariant chain or MHC class II gamma chain}","{CD74, Ii, MHC class II invariant chain or MHC class II gamma chain}",Compilation of Changes
2023.05,N,A61K 39/464416,A61K 39/464416,{Receptors for cytokines},{Receptors for cytokines},Compilation of Changes
2023.05,N,A61K 39/464417,A61K 39/464417,"{Receptors for tumor necrosis factors [TNF], e.g. lymphotoxin receptor [LTR], CD30}","{Receptors for tumor necrosis factors [TNF], e.g. lymphotoxin receptor [LTR], CD30}",Compilation of Changes
2023.05,N,A61K 39/464418,A61K 39/464418,{Receptors for colony stimulating factors [CSF]},{Receptors for colony stimulating factors [CSF]},Compilation of Changes
2023.05,N,A61K 39/464419,A61K 39/464419,{Receptors for interleukins [IL]},{Receptors for interleukins [IL]},Compilation of Changes
2023.05,N,A61K 39/46442,A61K 39/46442,{Receptors for interferons [IFN]},{Receptors for interferons [IFN]},Compilation of Changes
2023.05,N,A61K 39/464421,A61K 39/464421,{Receptors for chemokines},{Receptors for chemokines},Compilation of Changes
2023.05,N,A61K 39/464422,A61K 39/464422,{Ephrin Receptors [Eph]},{Ephrin Receptors [Eph]},Compilation of Changes
2023.05,N,A61K 39/464424,A61K 39/464424,{CD20},{CD20},Compilation of Changes
2023.05,N,A61K 39/464426,A61K 39/464426,{CD38 not IgG},{CD38 not IgG},Compilation of Changes
2023.05,N,A61K 39/464428,A61K 39/464428,{CD44 not IgG},{CD44 not IgG},Compilation of Changes
2023.05,N,A61K 39/464429,A61K 39/464429,"{Molecules with a ""CD"" designation not provided for elsewhere}","{Molecules with a ""CD"" designation not provided for elsewhere}",Compilation of Changes
2023.05,N,A61K 39/46443,A61K 39/46443,{Growth factors},{Growth factors},Compilation of Changes
2023.05,N,A61K 39/464431,A61K 39/464431,{Epidermal growth factor [EGF]},{Epidermal growth factor [EGF]},Compilation of Changes
2023.05,N,A61K 39/464432,A61K 39/464432,{Fibroblast growth factors [FGF]},{Fibroblast growth factors [FGF]},Compilation of Changes
2023.05,N,A61K 39/464433,A61K 39/464433,{Platelet-derived growth factor [PDGF]},{Platelet-derived growth factor [PDGF]},Compilation of Changes
2023.05,N,A61K 39/464434,A61K 39/464434,{Transforming growth factor [TGF]},{Transforming growth factor [TGF]},Compilation of Changes
2023.05,N,A61K 39/464435,A61K 39/464435,{Vascular endothelial growth factor [VEGF]},{Vascular endothelial growth factor [VEGF]},Compilation of Changes
2023.05,N,A61K 39/464436,A61K 39/464436,{Cytokines},{Cytokines},Compilation of Changes
2023.05,N,A61K 39/464438,A61K 39/464438,"{Tumor necrosis factors [TNF], CD70}","{Tumor necrosis factors [TNF], CD70}",Compilation of Changes
2023.05,N,A61K 39/464439,A61K 39/464439,{Colony stimulating factors [CSF]},{Colony stimulating factors [CSF]},Compilation of Changes
2023.05,N,A61K 39/46444,A61K 39/46444,{Interleukins [IL]},{Interleukins [IL]},Compilation of Changes
2023.05,N,A61K 39/464441,A61K 39/464441,{Interferons [IFN]},{Interferons [IFN]},Compilation of Changes
2023.05,N,A61K 39/464442,A61K 39/464442,{Chemokines},{Chemokines},Compilation of Changes
2023.05,N,A61K 39/464444,A61K 39/464444,"{Hormones, e.g. calcitonin}","{Hormones, e.g. calcitonin}",Compilation of Changes
2023.05,N,A61K 39/464448,A61K 39/464448,{Regulators of development},{Regulators of development},Compilation of Changes
2023.05,N,A61K 39/464449,A61K 39/464449,"{Cell cycle regulated proteins, e.g. cyclin, CDC, CDK or INK-CCR}","{Cell cycle regulated proteins, e.g. cyclin, CDC, CDK or INK-CCR}",Compilation of Changes
2023.05,N,A61K 39/46445,A61K 39/46445,"{Apoptosis related proteins, e.g. survivin or livin}","{Apoptosis related proteins, e.g. survivin or livin}",Compilation of Changes
2023.05,N,A61K 39/464451,A61K 39/464451,{p53},{p53},Compilation of Changes
2023.05,N,A61K 39/464452,A61K 39/464452,"{Transcription factors, e.g. SOX or c-MYC}","{Transcription factors, e.g. SOX or c-MYC}",Compilation of Changes
2023.05,N,A61K 39/464453,A61K 39/464453,{Wilms tumor 1 [WT1]},{Wilms tumor 1 [WT1]},Compilation of Changes
2023.05,N,A61K 39/464454,A61K 39/464454,{Enzymes},{Enzymes},Compilation of Changes
2023.05,N,A61K 39/464456,A61K 39/464456,{Tyrosinase or tyrosinase related proteinases [TRP-1 or TRP-2]},{Tyrosinase or tyrosinase related proteinases [TRP-1 or TRP-2]},Compilation of Changes
2023.05,N,A61K 39/464457,A61K 39/464457,{Telomerase or [telomerase reverse transcriptase [TERT]},{Telomerase or [telomerase reverse transcriptase [TERT]},Compilation of Changes
2023.05,N,A61K 39/464458,A61K 39/464458,{Proteinases},{Proteinases},Compilation of Changes
2023.05,N,A61K 39/464459,A61K 39/464459,{Matrix metalloproteinases [MMP]},{Matrix metalloproteinases [MMP]},Compilation of Changes
2023.05,N,A61K 39/46446,A61K 39/46446,"{Serine proteases, e.g. kallikrein}","{Serine proteases, e.g. kallikrein}",Compilation of Changes
2023.05,N,A61K 39/464461,A61K 39/464461,{Caspases},{Caspases},Compilation of Changes
2023.05,N,A61K 39/464462,A61K 39/464462,"{Kinases, e.g. Raf or Src}","{Kinases, e.g. Raf or Src}",Compilation of Changes
2023.05,N,A61K 39/464463,A61K 39/464463,{Phosphatases},{Phosphatases},Compilation of Changes
2023.05,N,A61K 39/464464,A61K 39/464464,"{GTPases, e.g. Ras or Rho}","{GTPases, e.g. Ras or Rho}",Compilation of Changes
2023.05,N,A61K 39/464466,A61K 39/464466,"{Adhesion molecules, e.g. NRCAM, EpCAM or cadherins}","{Adhesion molecules, e.g. NRCAM, EpCAM or cadherins}",Compilation of Changes
2023.05,N,A61K 39/464468,A61K 39/464468,{Mesothelin [MSLN]},{Mesothelin [MSLN]},Compilation of Changes
2023.05,N,A61K 39/464469,A61K 39/464469,{Tumor associated carbohydrates},{Tumor associated carbohydrates},Compilation of Changes
2023.05,N,A61K 39/46447,A61K 39/46447,"{Mucins, e.g. MUC-1}","{Mucins, e.g. MUC-1}",Compilation of Changes
2023.05,N,A61K 39/464471,A61K 39/464471,"{Gangliosides, e.g. GM2, GD2 or GD3}","{Gangliosides, e.g. GM2, GD2 or GD3}",Compilation of Changes
2023.05,N,A61K 39/464472,A61K 39/464472,{Sialyl-Thomson-nouvelle antigen [sTn]},{Sialyl-Thomson-nouvelle antigen [sTn]},Compilation of Changes
2023.05,N,A61K 39/464473,A61K 39/464473,{Globo-H},{Globo-H},Compilation of Changes
2023.05,N,A61K 39/464474,A61K 39/464474,"{Proteoglycans, e.g. glypican, brevican or CSPG4}","{Proteoglycans, e.g. glypican, brevican or CSPG4}",Compilation of Changes
2023.05,N,A61K 39/464476,A61K 39/464476,{Heat shock proteins},{Heat shock proteins},Compilation of Changes
2023.05,N,A61K 39/464478,A61K 39/464478,{Tumor rejection antigen precursor [TRAP]},{Tumor rejection antigen precursor [TRAP]},Compilation of Changes
2023.05,N,A61K 39/46448,A61K 39/46448,{from embryonic or fetal origin},{from embryonic or fetal origin},Compilation of Changes
2023.05,N,A61K 39/464481,A61K 39/464481,{Alpha-feto protein},{Alpha-feto protein},Compilation of Changes
2023.05,N,A61K 39/464482,A61K 39/464482,{Carcinoembryonic antigen [CEA]},{Carcinoembryonic antigen [CEA]},Compilation of Changes
2023.05,N,A61K 39/464484,A61K 39/464484,"{Cancer testis antigens, e.g. SSX, BAGE, GAGE or SAGE}","{Cancer testis antigens, e.g. SSX, BAGE, GAGE or SAGE}",Compilation of Changes
2023.05,N,A61K 39/464486,A61K 39/464486,{MAGE},{MAGE},Compilation of Changes
2023.05,N,A61K 39/464488,A61K 39/464488,{NY-ESO},{NY-ESO},Compilation of Changes
2023.05,N,A61K 39/464489,A61K 39/464489,{PRAME},{PRAME},Compilation of Changes
2023.05,N,A61K 39/46449,A61K 39/46449,{Melanoma antigens},{Melanoma antigens},Compilation of Changes
2023.05,N,A61K 39/464491,A61K 39/464491,{Melan-A/MART},{Melan-A/MART},Compilation of Changes
2023.05,N,A61K 39/464492,A61K 39/464492,{Glycoprotein 100 [Gp100]},{Glycoprotein 100 [Gp100]},Compilation of Changes
2023.05,N,A61K 39/464493,A61K 39/464493,{Prostate associated antigens e.g. Prostate stem cell antigen [PSCA]; Prostate carcinoma tumor antigen [PCTA]; Prostatic acid phosphatase [PAP]; Prostate-specific G-protein-coupled receptor [PSGR]},{Prostate associated antigens e.g. Prostate stem cell antigen [PSCA]; Prostate carcinoma tumor antigen [PCTA]; Prostatic acid phosphatase [PAP]; Prostate-specific G-protein-coupled receptor [PSGR]},Compilation of Changes
2023.05,N,A61K 39/464494,A61K 39/464494,{Prostate specific antigen [PSA]},{Prostate specific antigen [PSA]},Compilation of Changes
2023.05,N,A61K 39/464495,A61K 39/464495,{Prostate specific membrane antigen [PSMA]},{Prostate specific membrane antigen [PSMA]},Compilation of Changes
2023.05,N,A61K 39/464496,A61K 39/464496,{Fusion proteins originating from gene translocation in cancer cells},{Fusion proteins originating from gene translocation in cancer cells},Compilation of Changes
2023.05,N,A61K 39/464497,A61K 39/464497,{Breakpoint cluster region-abelson tyrosine kinase [BCR-ABL]},{Breakpoint cluster region-abelson tyrosine kinase [BCR-ABL]},Compilation of Changes
2023.05,N,A61K 39/464498,A61K 39/464498,{Pml-RARalpha},{Pml-RARalpha},Compilation of Changes
2023.05,N,A61K 39/464499,A61K 39/464499,"{Undefined tumor antigens, e.g. tumor lysate or antigens targeted by cells isolated from tumor}","{Undefined tumor antigens, e.g. tumor lysate or antigens targeted by cells isolated from tumor}",Compilation of Changes
2023.05,N,A61K 39/4645,A61K 39/4645,{Lipids; Lipoproteins},{Lipids; Lipoproteins},Compilation of Changes
2023.05,N,A61K 39/4646,A61K 39/4646,{Small organic molecules e.g. cocaine or nicotine},{Small organic molecules e.g. cocaine or nicotine},Compilation of Changes
2023.05,N,A61K 39/4647,A61K 39/4647,{Protozoa antigens},{Protozoa antigens},Compilation of Changes
2023.05,N,A61K 39/464711,A61K 39/464711,{Trypanosoma antigens},{Trypanosoma antigens},Compilation of Changes
2023.05,N,A61K 39/464712,A61K 39/464712,{Leishmania antigens},{Leishmania antigens},Compilation of Changes
2023.05,N,A61K 39/464713,A61K 39/464713,{Coccidia antigens},{Coccidia antigens},Compilation of Changes
2023.05,N,A61K 39/464714,A61K 39/464714,"{Hemosporidia antigens, e.g. Plasmodium antigens}","{Hemosporidia antigens, e.g. Plasmodium antigens}",Compilation of Changes
2023.05,N,A61K 39/464715,A61K 39/464715,"{Babesia antigens, e.g. Theileria antigens}","{Babesia antigens, e.g. Theileria antigens}",Compilation of Changes
2023.05,N,A61K 39/4648,A61K 39/4648,{Bacterial antigens},{Bacterial antigens},Compilation of Changes
2023.05,N,A61K 39/464811,A61K 39/464811,"{Bacteriodetes, e.g. Bacteroides, Ornithobacter or Porphyromonas}","{Bacteriodetes, e.g. Bacteroides, Ornithobacter or Porphyromonas}",Compilation of Changes
2023.05,N,A61K 39/464812,A61K 39/464812,"{Spirochetes, e.g. Treponema, Leptospira or Borrelia}","{Spirochetes, e.g. Treponema, Leptospira or Borrelia}",Compilation of Changes
2023.05,N,A61K 39/464813,A61K 39/464813,"{Rickettsiales, e.g. Anaplasma}","{Rickettsiales, e.g. Anaplasma}",Compilation of Changes
2023.05,N,A61K 39/464814,A61K 39/464814,"{Mollicutes, e.g. Mycoplasma or Erysipelothrix}","{Mollicutes, e.g. Mycoplasma or Erysipelothrix}",Compilation of Changes
2023.05,N,A61K 39/464815,A61K 39/464815,"{Enterobacteriales, e.g. Enterobacter}","{Enterobacteriales, e.g. Enterobacter}",Compilation of Changes
2023.05,N,A61K 39/464816,A61K 39/464816,{Yersinia},{Yersinia},Compilation of Changes
2023.05,N,A61K 39/464817,A61K 39/464817,"{Mycobacterium, e.g. Mycobacterium tuberculosis}","{Mycobacterium, e.g. Mycobacterium tuberculosis}",Compilation of Changes
2023.05,N,A61K 39/464818,A61K 39/464818,"{Corynebacterium or Propionibacterium, Actinobacteria, e.g. Actinomyces, Streptomyces, Nocardia, Bifidobacterium or Gardnerella}","{Corynebacterium or Propionibacterium, Actinobacteria, e.g. Actinomyces, Streptomyces, Nocardia, Bifidobacterium or Gardnerella}",Compilation of Changes
2023.05,N,A61K 39/464819,A61K 39/464819,{Bacillus},{Bacillus},Compilation of Changes
2023.05,N,A61K 39/46482,A61K 39/46482,"{Clostridium, e.g. Clostridium tetani}","{Clostridium, e.g. Clostridium tetani}",Compilation of Changes
2023.05,N,A61K 39/464821,A61K 39/464821,{Staphylococcus},{Staphylococcus},Compilation of Changes
2023.05,N,A61K 39/464822,A61K 39/464822,{Streptococcus},{Streptococcus},Compilation of Changes
2023.05,N,A61K 39/464823,A61K 39/464823,"{Lactobacillales, e.g. aerococcus, enterococcus, lactobacillus or lactococcus}","{Lactobacillales, e.g. aerococcus, enterococcus, lactobacillus or lactococcus}",Compilation of Changes
2023.05,N,A61K 39/464824,A61K 39/464824,{Neisseria},{Neisseria},Compilation of Changes
2023.05,N,A61K 39/464825,A61K 39/464825,"{Brucella; Bordetella, e.g. Bordetella pertussis}","{Brucella; Bordetella, e.g. Bordetella pertussis}",Compilation of Changes
2023.05,N,A61K 39/464826,A61K 39/464826,"{Pasteurellales, e.g. Actinobacillus, Pasteurella; Haemophilus}","{Pasteurellales, e.g. Actinobacillus, Pasteurella; Haemophilus}",Compilation of Changes
2023.05,N,A61K 39/464827,A61K 39/464827,"{Pseudomonadales, e.g. Pseudomonas}","{Pseudomonadales, e.g. Pseudomonas}",Compilation of Changes
2023.05,N,A61K 39/464828,A61K 39/464828,{Moraxella},{Moraxella},Compilation of Changes
2023.05,N,A61K 39/464829,A61K 39/464829,"{Delta proteobacteriales, e.g. Lawsonia; Epsilon proteobacteriales}","{Delta proteobacteriales, e.g. Lawsonia; Epsilon proteobacteriales}",Compilation of Changes
2023.05,N,A61K 39/46483,A61K 39/46483,{Vibrio; Campylobacter},{Vibrio; Campylobacter},Compilation of Changes
2023.05,N,A61K 39/464831,A61K 39/464831,{Escherichia; Klebsiella},{Escherichia; Klebsiella},Compilation of Changes
2023.05,N,A61K 39/464832,A61K 39/464832,{Salmonella; Shigella},{Salmonella; Shigella},Compilation of Changes
2023.05,N,A61K 39/464833,A61K 39/464833,{Fusobacterium},{Fusobacterium},Compilation of Changes
2023.05,N,A61K 39/464834,A61K 39/464834,{Polyvalent bacterial antigens},{Polyvalent bacterial antigens},Compilation of Changes
2023.05,N,A61K 39/464835,A61K 39/464835,"{Chlamydiaceae, e.g. Chlamydia trachomatis or Chlamydia psittaci}","{Chlamydiaceae, e.g. Chlamydia trachomatis or Chlamydia psittaci}",Compilation of Changes
2023.05,N,A61K 39/464838,A61K 39/464838,{Viral antigens},{Viral antigens},Compilation of Changes
2023.05,N,A61K 39/464839,A61K 39/464839,{Allergens},{Allergens},Compilation of Changes
2023.05,N,A61K 39/46484,A61K 39/46484,{from pollen},{from pollen},Compilation of Changes
2023.05,U,A61K 2039/51,A61K 2039/51,"{comprising whole cells, viruses or DNA/RNA}","{comprising whole cells, viruses or DNA/RNA}",Compilation of Changes
2023.05,U,A61K 2039/515,A61K 2039/515,{Animal cells},{Animal cells},Compilation of Changes
2023.05,C,A61K 2039/5152,A61K 2039/5152,{Tumor cells},{Tumor cells},Compilation of Changes
2023.05,C,A61K 2039/5154,A61K 2039/5154,"{Antigen presenting cells [APCs], e.g. dendritic cells, or macrophages}","{Antigen presenting cells [APCs], e.g. dendritic cells, or macrophages}",Compilation of Changes
2023.05,C,A61K 2039/5156,A61K 2039/5156,{expressing foreign proteins},{expressing foreign proteins},Compilation of Changes
2023.05,C,A61K 2039/5158,A61K 2039/5158,"{Antigen-pulsed cells, e.g. T-cells}","{Antigen-pulsed cells, e.g. T-cells}",Compilation of Changes
2023.05,N,A61K 2239/00,A61K 2239/00,Indexing codes associated with cellular immunotherapy of group A61K39/46,Indexing codes associated with cellular immunotherapy of group A61K39/46,Compilation of Changes
2023.05,N,A61K 2239/01,A61K 2239/01,characterized by the structure of the chimeric antigen receptor [CAR],characterized by the structure of the chimeric antigen receptor [CAR],Compilation of Changes
2023.05,N,A61K 2239/11,A61K 2239/11,Antigen recognition domain,Antigen recognition domain,Compilation of Changes
2023.05,N,A61K 2239/13,A61K 2239/13,Antibody-based,Antibody-based,Compilation of Changes
2023.05,N,A61K 2239/15,A61K 2239/15,Non-antibody based,Non-antibody based,Compilation of Changes
2023.05,N,A61K 2239/17,A61K 2239/17,Hinge-spacer domain,Hinge-spacer domain,Compilation of Changes
2023.05,N,A61K 2239/21,A61K 2239/21,Transmembrane domain,Transmembrane domain,Compilation of Changes
2023.05,N,A61K 2239/22,A61K 2239/22,Intracellular domain,Intracellular domain,Compilation of Changes
2023.05,N,A61K 2239/23,A61K 2239/23,On/off switch,On/off switch,Compilation of Changes
2023.05,N,A61K 2239/24,A61K 2239/24,Dimerizable CARs; CARs with adapter,Dimerizable CARs; CARs with adapter,Compilation of Changes
2023.05,N,A61K 2239/25,A61K 2239/25,Suicide switch,Suicide switch,Compilation of Changes
2023.05,N,A61K 2239/26,A61K 2239/26,Universal/off- the- shelf cellular immunotherapy; Allogenic cells or means to avoid rejection,Universal/off- the- shelf cellular immunotherapy; Allogenic cells or means to avoid rejection,Compilation of Changes
2023.05,N,A61K 2239/27,A61K 2239/27,characterized by targeting or presenting multiple antigens,characterized by targeting or presenting multiple antigens,Compilation of Changes
2023.05,N,A61K 2239/28,A61K 2239/28,"Expressing multiple CARs, TCRs or antigens","Expressing multiple CARs, TCRs or antigens",Compilation of Changes
2023.05,N,A61K 2239/29,A61K 2239/29,Multispecific CARs,Multispecific CARs,Compilation of Changes
2023.05,N,A61K 2239/03,A61K 2239/03,Mixture of cells,Mixture of cells,Compilation of Changes
2023.05,N,A61K 2239/31,A61K 2239/31,characterized by the route of administration,characterized by the route of administration,Compilation of Changes
2023.05,N,A61K 2239/38,A61K 2239/38,"characterised by the dose, timing or administration schedule","characterised by the dose, timing or administration schedule",Compilation of Changes
2023.05,N,A61K 2239/39,A61K 2239/39,"characterised by a specific adjuvant, e.g. cytokines or CpG","characterised by a specific adjuvant, e.g. cytokines or CpG",Compilation of Changes
2023.05,N,A61K 2239/46,A61K 2239/46,characterised by the cancer treated,characterised by the cancer treated,Compilation of Changes
2023.05,N,A61K 2239/47,A61K 2239/47,Brain; Nervous system,Brain; Nervous system,Compilation of Changes
2023.05,N,A61K 2239/48,A61K 2239/48,"Blood cells, e.g. leukemia or lymphoma","Blood cells, e.g. leukemia or lymphoma",Compilation of Changes
2023.05,N,A61K 2239/49,A61K 2239/49,Breast,Breast,Compilation of Changes
2023.05,N,A61K 2239/05,A61K 2239/05,Colon,Colon,Compilation of Changes
2023.05,N,A61K 2239/51,A61K 2239/51,Stomach,Stomach,Compilation of Changes
2023.05,N,A61K 2239/52,A61K 2239/52,Intestine,Intestine,Compilation of Changes
2023.05,N,A61K 2239/53,A61K 2239/53,Liver,Liver,Compilation of Changes
2023.05,N,A61K 2239/54,A61K 2239/54,Pancreas,Pancreas,Compilation of Changes
2023.05,N,A61K 2239/55,A61K 2239/55,Lung,Lung,Compilation of Changes
2023.05,N,A61K 2239/56,A61K 2239/56,Kidney,Kidney,Compilation of Changes
2023.05,N,A61K 2239/57,A61K 2239/57,Skin; melanoma,Skin; melanoma,Compilation of Changes
2023.05,N,A61K 2239/58,A61K 2239/58,Prostate,Prostate,Compilation of Changes
2023.05,N,A61K 2239/59,A61K 2239/59,"Reproductive system, e.g. uterus, ovaries, cervix or testes","Reproductive system, e.g. uterus, ovaries, cervix or testes",Compilation of Changes
2023.05,M,A61K 2300/00,A61K 2300/00,"Mixtures or combinations of active ingredients, wherein at least one active ingredient is fully defined in groups A61K31/00 - A61K41/00","Mixtures or combinations of active ingredients, wherein at least one active ingredient is fully defined in groups A61K31/00 - A61K41/00",Compilation of Changes
2023.05,U,A61M 1/00,A61M 1/00,"Suction or pumping devices for medical purposes; Devices for carrying-off, for treatment of, or for carrying-over, body-liquids; Drainage systems (catheters A61M25/00; tube connectors, tube couplings, valves or branch units specially adapted for medical use A61M39/00; devices for taking samples of blood A61B5/15; filters implantable into blood vessels A61F2/01)","Suction or pumping devices for medical purposes; Devices for carrying-off, for treatment of, or for carrying-over, body-liquids; Drainage systems (catheters A61M25/00; tube connectors, tube couplings, valves or branch units specially adapted for medical use A61M39/00; devices for taking samples of blood A61B5/15; filters implantable into blood vessels A61F2/01)",Compilation of Changes
2023.05,D,A61M 1/0001,A61M 1/0001,"{Containers for suction drainage, e.g. rigid containers}","{Containers for suction drainage, e.g. rigid containers}",Compilation of Changes
2023.05,D,A61M 1/0003,A61M 1/0003,{Self-contained vacuum aspirators},{Self-contained vacuum aspirators},Compilation of Changes
2023.05,D,A61M 1/0011,A61M 1/0011,"{Drainage containers incorporating a flexible member creating suction, e.g. bags in a low-pressure chamber, bellows}","{Drainage containers incorporating a flexible member creating suction, e.g. bags in a low-pressure chamber, bellows}",Compilation of Changes
2023.05,D,A61M 1/0023,A61M 1/0023,{Suction drainage systems (containers therefor A61M1/0001; suction-irrigation systems A61M1/0058)},{Suction drainage systems (containers therefor A61M1/0001; suction-irrigation systems A61M1/0058)},Compilation of Changes
2023.05,D,A61M 1/0058,A61M 1/0058,{Suction-irrigation systems (aspiration tips supplying fluids A61M1/85; combined with tracheal tubes A61M16/0463)},{Suction-irrigation systems (aspiration tips supplying fluids A61M1/85; combined with tracheal tubes A61M16/0463)},Compilation of Changes
2023.05,D,A61M 1/0062,A61M 1/0062,{operating alternately (A61M1/774 takes precedence)},{operating alternately (A61M1/774 takes precedence)},Compilation of Changes
2023.05,M,A61M 1/06,A61M 1/06,Milking pumps,Milking pumps,Compilation of Changes
2023.05,U,A61M 1/062,A61M 1/062,{Pump accessories},{Pump accessories},Compilation of Changes
2023.05,M,A61M 1/067,A61M 1/067,{with means for hands-free operation},{with means for hands-free operation},Compilation of Changes
2023.05,M,A61M 1/069,A61M 1/069,{Means for improving milking yield},{Means for improving milking yield},Compilation of Changes
2023.05,M,A61M 1/06,A61M 1/06,"{Containers for suction drainage, adapted to be used with an external suction source (containers not adapted for subjection to vacuum A61M1/69)}","{Containers for suction drainage, adapted to be used with an external suction source (containers not adapted for subjection to vacuum A61M1/69)}",Compilation of Changes
2023.05,M,A61M 1/604,A61M 1/604,"{Bag or liner in a rigid container, with suction applied to both}","{Bag or liner in a rigid container, with suction applied to both}",Compilation of Changes
2023.05,M,A61M 1/62,A61M 1/62,"{Containers comprising a bag in a rigid low-pressure chamber, with suction applied to the outside surface of the bag (liners A61M1/604)}","{Containers comprising a bag in a rigid low-pressure chamber, with suction applied to the outside surface of the bag (liners A61M1/604)}",Compilation of Changes
2023.05,M,A61M 1/64,A61M 1/64,{Containers with integrated suction means (containers not adapted for subjection to vacuum A61M1/69)},{Containers with integrated suction means (containers not adapted for subjection to vacuum A61M1/69)},Compilation of Changes
2023.05,M,A61M 1/68,A61M 1/68,{Containers incorporating a flexible member creating suction},{Containers incorporating a flexible member creating suction},Compilation of Changes
2023.05,M,A61M 1/71,A61M 1/71,"{Suction drainage systems (containers therefor A61M1/60, A61M1/64; negative pressure wound therapy systems A61M1/90)}","{Suction drainage systems (containers therefor A61M1/60, A61M1/64; negative pressure wound therapy systems A61M1/90)}",Compilation of Changes
2023.05,U,A61M 1/74,A61M 1/74,{Suction control (underwater drainage A61M1/61)},{Suction control (underwater drainage A61M1/61)},Compilation of Changes
2023.05,M,A61M 1/741,A61M 1/741,{with means for varying suction manually},{with means for varying suction manually},Compilation of Changes
2023.05,M,A61M 1/76,A61M 1/76,"{Handpieces (specially for suction-irrigation A61M1/774, aspiration tips A61M1/84)}","{Handpieces (specially for suction-irrigation A61M1/774, aspiration tips A61M1/84)}",Compilation of Changes
2023.05,M,A61M 1/77,A61M 1/77,{Suction-irrigation systems (aspiration tips supplying fluids A61M1/85; specific for negative pressure wound therapy A61M1/92; combined with tracheal tubes A61M16/0463)},{Suction-irrigation systems (aspiration tips supplying fluids A61M1/85; specific for negative pressure wound therapy A61M1/92; combined with tracheal tubes A61M16/0463)},Compilation of Changes
2023.05,M,A61M 1/772,A61M 1/772,{operating alternately},{operating alternately},Compilation of Changes
2023.05,M,A61M 1/774,A61M 1/774,"{Handpieces specially adapted for providing suction as well as irrigation, either simultaneously or independently}","{Handpieces specially adapted for providing suction as well as irrigation, either simultaneously or independently}",Compilation of Changes
2023.05,M,A61M 1/777,A61M 1/777,"{Determination of loss or gain of body fluids due to suction-irrigation, e.g. during surgery}","{Determination of loss or gain of body fluids due to suction-irrigation, e.g. during surgery}",Compilation of Changes
2023.05,M,A61M 1/08,A61M 1/08,"{Suction pumps (A61M1/64, A61M1/71, A61M60/00 take precedence)}","{Suction pumps (A61M1/64, A61M1/71, A61M60/00 take precedence)}",Compilation of Changes
2023.05,M,A61M 1/83,A61M 1/83,"{Tube strippers, i.e. for clearing the contents of the tubes}","{Tube strippers, i.e. for clearing the contents of the tubes}",Compilation of Changes
2023.05,M,A61M 1/84,A61M 1/84,{Drainage tubes; Aspiration tips (for negative pressure wound therapy A61M1/90; for surgical cutting instruments A61B17/32)},{Drainage tubes; Aspiration tips (for negative pressure wound therapy A61M1/90; for surgical cutting instruments A61B17/32)},Compilation of Changes
2023.05,M,A61M 1/842,A61M 1/842,{rotating (continuously rotating surgical cutting instruments A61B17/32002)},{rotating (continuously rotating surgical cutting instruments A61B17/32002)},Compilation of Changes
2023.05,M,A61M 1/85,A61M 1/85,"{with gas or fluid supply means, e.g. for supplying rinsing fluids or anticoagulants (for negative pressure wound therapy A61M1/92, A61M1/94; combined with tracheal tubes A61M16/0463; dental instruments with combined rinsing and aspirating A61C17/0208)}","{with gas or fluid supply means, e.g. for supplying rinsing fluids or anticoagulants (for negative pressure wound therapy A61M1/92, A61M1/94; combined with tracheal tubes A61M16/0463; dental instruments with combined rinsing and aspirating A61C17/0208)}",Compilation of Changes
2023.05,M,A61M 1/86,A61M 1/86,"{Connectors between drainage tube and handpiece, e.g. drainage tubes detachable from handpiece}","{Connectors between drainage tube and handpiece, e.g. drainage tubes detachable from handpiece}",Compilation of Changes
2023.05,M,A61M 1/87,A61M 1/87,"{Details of the aspiration tip, not otherwise provided for}","{Details of the aspiration tip, not otherwise provided for}",Compilation of Changes
2023.05,M,A61M 1/88,A61M 1/88,"{Draining devices having means for processing the drained fluid, e.g. an absorber (for liposuction A61M1/892)}","{Draining devices having means for processing the drained fluid, e.g. an absorber (for liposuction A61M1/892)}",Compilation of Changes
2023.05,M,A61M 1/882,A61M 1/882,{Draining devices provided with means for releasing antimicrobial or gelation agents in the drained fluid},{Draining devices provided with means for releasing antimicrobial or gelation agents in the drained fluid},Compilation of Changes
2023.05,M,A61M 1/884,A61M 1/884,{Draining devices provided with means for filtering out the harmless water content before discarding the drainage container},{Draining devices provided with means for filtering out the harmless water content before discarding the drainage container},Compilation of Changes
2023.05,M,A61M 1/89,A61M 1/89,{Suction aspects of liposuction (surgical cutting instruments A61B17/32)},{Suction aspects of liposuction (surgical cutting instruments A61B17/32)},Compilation of Changes
2023.05,M,A61M 1/892,A61M 1/892,{with treatment of the collected fat},{with treatment of the collected fat},Compilation of Changes
2023.05,M,A61M 1/09,A61M 1/09,"{Negative pressure wound therapy devices, i.e. devices for applying suction to a wound to promote healing, e.g. including a vacuum dressing}","{Negative pressure wound therapy devices, i.e. devices for applying suction to a wound to promote healing, e.g. including a vacuum dressing}",Compilation of Changes
2023.05,M,A61M 1/91,A61M 1/91,{Suction aspects of the dressing},{Suction aspects of the dressing},Compilation of Changes
2023.05,M,A61M 1/92,A61M 1/92,{with liquid supply means},{with liquid supply means},Compilation of Changes
2023.05,M,A61M 1/94,A61M 1/94,{with gas supply means},{with gas supply means},Compilation of Changes
2023.05,M,A61M 1/95,A61M 1/95,{with sensors for exudate composition},{with sensors for exudate composition},Compilation of Changes
2023.05,M,A61M 1/96,A61M 1/96,{Suction control thereof},{Suction control thereof},Compilation of Changes
2023.05,M,A61M 1/98,A61M 1/98,{Containers specifically adapted for negative pressure wound therapy},{Containers specifically adapted for negative pressure wound therapy},Compilation of Changes
2023.05,U,A61M 3/00,A61M 3/00,"Medical syringes, e.g. enemata; Irrigators (A61M5/00 takes precedence; pistons A61M5/315)","Medical syringes, e.g. enemata; Irrigators (A61M5/00 takes precedence; pistons A61M5/315)",Compilation of Changes
2023.05,M,A61M 3/02,A61M 3/02,Enemata; Irrigators,Enemata; Irrigators,Compilation of Changes
2023.05,M,A61M 3/0201,A61M 3/0201,{Cassettes therefor},{Cassettes therefor},Compilation of Changes
2023.05,M,A61M 3/0202,A61M 3/0202,{with electronic control means or interfaces},{with electronic control means or interfaces},Compilation of Changes
2023.05,M,A61M 3/0233,A61M 3/0233,"{characterised by liquid supply means, e.g. from pressurised reservoirs}","{characterised by liquid supply means, e.g. from pressurised reservoirs}",Compilation of Changes
2023.05,M,A61M 3/0237,A61M 3/0237,"{the pressure being generated in the reservoir, e.g. by gas generating tablets}","{the pressure being generated in the reservoir, e.g. by gas generating tablets}",Compilation of Changes
2023.05,M,A61M 3/0241,A61M 3/0241,{the liquid being supplied by gravity},{the liquid being supplied by gravity},Compilation of Changes
2023.05,M,A61M 3/0245,A61M 3/0245,"{Containers therefor, e.g. with heating means or with storage means for cannula}","{Containers therefor, e.g. with heating means or with storage means for cannula}",Compilation of Changes
2023.05,M,A61M 3/025,A61M 3/025,"{supplied directly from the pressurised water source, e.g. with medicament supply (combined with bidets A61M3/06)}","{supplied directly from the pressurised water source, e.g. with medicament supply (combined with bidets A61M3/06)}",Compilation of Changes
2023.05,M,A61M 3/0254,A61M 3/0254,{the liquid being pumped (by the patient's weight A61M3/0225)},{the liquid being pumped (by the patient's weight A61M3/0225)},Compilation of Changes
2023.05,M,A61M 3/0258,A61M 3/0258,{by means of electric pumps},{by means of electric pumps},Compilation of Changes
2023.05,M,A61M 3/0262,A61M 3/0262,"{manually, e.g. by squeezing a bulb}","{manually, e.g. by squeezing a bulb}",Compilation of Changes
2023.05,U,A61M 3/0279,A61M 3/0279,{Cannula; Nozzles; Tips; their connection means},{Cannula; Nozzles; Tips; their connection means},Compilation of Changes
2023.05,M,A61M 3/0283,A61M 3/0283,"{with at least two inner passageways, a first one for irrigating and a second for evacuating (suction-irrigation systems A61M1/77; aspiration tips with fluid supply means A61M1/85; for negative pressure wound therapy A61M1/92)}","{with at least two inner passageways, a first one for irrigating and a second for evacuating (suction-irrigation systems A61M1/77; aspiration tips with fluid supply means A61M1/85; for negative pressure wound therapy A61M1/92)}",Compilation of Changes
2023.05,M,A61M 60/00,A61M 60/00,Blood pumps; Devices for mechanical circulatory actuation; Balloon pumps for circulatory assistance (heart stimulation A61H31/00; heart stimulators for electrotherapy A61N1/362),Blood pumps; Devices for mechanical circulatory actuation; Balloon pumps for circulatory assistance (heart stimulation A61H31/00; heart stimulators for electrotherapy A61N1/362),Compilation of Changes
2023.05,M,A61M 60/01,A61M 60/01,Location thereof with respect to the patient's body,Location thereof with respect to the patient's body,Compilation of Changes
2023.05,M,A61M 60/122,A61M 60/122,"Implantable pumps or pumping devices, i.e. the blood being pumped inside the patient's body","Implantable pumps or pumping devices, i.e. the blood being pumped inside the patient's body",Compilation of Changes
2023.05,M,A61M 60/126,A61M 60/126,"implantable via, into, inside, in line, branching on, or around a blood vessel","implantable via, into, inside, in line, branching on, or around a blood vessel",Compilation of Changes
2023.05,M,A61M 60/135,A61M 60/135,"inside a blood vessel, e.g. using grafting","inside a blood vessel, e.g. using grafting",Compilation of Changes
2023.05,M,A61M 60/139,A61M 60/139,"inside the aorta, e.g. intra-aortic balloon pumps","inside the aorta, e.g. intra-aortic balloon pumps",Compilation of Changes
2023.05,M,A61M 60/143,A61M 60/143,"inside the coronary sinus, e.g. for pressure-controlled intermittent coronary sinus occlusion","inside the coronary sinus, e.g. for pressure-controlled intermittent coronary sinus occlusion",Compilation of Changes
2023.05,M,A61M 60/165,A61M 60/165,"implantable in, on, or around the heart","implantable in, on, or around the heart",Compilation of Changes
2023.05,M,A61M 60/17,A61M 60/17,"inside a ventricle, e.g. intraventricular balloon pumps","inside a ventricle, e.g. intraventricular balloon pumps",Compilation of Changes
2023.05,M,A61M 60/174,A61M 60/174,discharging the blood to the ventricle or arterial system via a cannula internal to the ventricle or arterial system,discharging the blood to the ventricle or arterial system via a cannula internal to the ventricle or arterial system,Compilation of Changes
2023.05,M,A61M 60/196,A61M 60/196,"replacing the entire heart, e.g. total artificial hearts [TAH]","replacing the entire heart, e.g. total artificial hearts [TAH]",Compilation of Changes
2023.05,M,A61M 60/02,A61M 60/02,Type thereof,Type thereof,Compilation of Changes
2023.05,M,A61M 60/205,A61M 60/205,Non-positive displacement blood pumps,Non-positive displacement blood pumps,Compilation of Changes
2023.05,M,A61M 60/211,A61M 60/211,"using a jet, venturi or entrainment effect for pumping the blood","using a jet, venturi or entrainment effect for pumping the blood",Compilation of Changes
2023.05,M,A61M 60/216,A61M 60/216,"including a rotating member acting on the blood, e.g. impeller","including a rotating member acting on the blood, e.g. impeller",Compilation of Changes
2023.05,U,A61M 60/247,A61M 60/247,Positive displacement blood pumps,Positive displacement blood pumps,Compilation of Changes
2023.05,U,A61M 60/253,A61M 60/253,including a displacement member directly acting on the blood,including a displacement member directly acting on the blood,Compilation of Changes
2023.05,M,A61M 60/258,A61M 60/258,Piston pumps,Piston pumps,Compilation of Changes
2023.05,M,A61M 60/263,A61M 60/263,"having a spherical housing, e.g. cardan pumps","having a spherical housing, e.g. cardan pumps",Compilation of Changes
2023.05,M,A61M 60/268,A61M 60/268,"the displacement member being flexible, e.g. membranes, diaphragms or bladders","the displacement member being flexible, e.g. membranes, diaphragms or bladders",Compilation of Changes
2023.05,M,A61M 60/274,A61M 60/274,"the inlet and outlet being the same, e.g. para-aortic counter-pulsation blood pumps","the inlet and outlet being the same, e.g. para-aortic counter-pulsation blood pumps",Compilation of Changes
2023.05,M,A61M 60/279,A61M 60/279,"Peristaltic pumps, e.g. roller pumps","Peristaltic pumps, e.g. roller pumps",Compilation of Changes
2023.05,M,A61M 60/03,A61M 60/03,Medical purposes thereof other than the enhancement of the cardiac output,Medical purposes thereof other than the enhancement of the cardiac output,Compilation of Changes
2023.05,M,A61M 60/04,A61M 60/04,Details relating to driving,Details relating to driving,Compilation of Changes
2023.05,M,A61M 60/403,A61M 60/403,for non-positive displacement blood pumps,for non-positive displacement blood pumps,Compilation of Changes
2023.05,M,A61M 60/424,A61M 60/424,for positive displacement blood pumps,for positive displacement blood pumps,Compilation of Changes
2023.05,M,A61M 60/465,A61M 60/465,for devices for mechanical circulatory actuation,for devices for mechanical circulatory actuation,Compilation of Changes
2023.05,M,A61M 60/497,A61M 60/497,for balloon pumps for circulatory assistance,for balloon pumps for circulatory assistance,Compilation of Changes
2023.05,M,A61M 60/05,A61M 60/05,Details relating to control,Details relating to control,Compilation of Changes
2023.05,M,A61M 60/508,A61M 60/508,"Electronic control means, e.g. for feedback regulation","Electronic control means, e.g. for feedback regulation",Compilation of Changes
2023.05,M,A61M 60/562,A61M 60/562,for making blood flow pulsatile in blood pumps that do not intrinsically create pulsatile flow,for making blood flow pulsatile in blood pumps that do not intrinsically create pulsatile flow,Compilation of Changes
2023.05,M,A61M 60/569,A61M 60/569,synchronous with the native heart beat,synchronous with the native heart beat,Compilation of Changes
2023.05,M,A61M 60/585,A61M 60/585,User interfaces,User interfaces,Compilation of Changes
2023.05,M,A61M 60/592,A61M 60/592,Communication of patient or blood pump data to distant operators for treatment purposes,Communication of patient or blood pump data to distant operators for treatment purposes,Compilation of Changes
2023.05,M,A61M 60/08,A61M 60/08,Constructional details other than related to driving,Constructional details other than related to driving,Compilation of Changes
2023.05,M,A61M 60/802,A61M 60/802,of non-positive displacement blood pumps,of non-positive displacement blood pumps,Compilation of Changes
2023.05,M,A61M 60/818,A61M 60/818,Bearings,Bearings,Compilation of Changes
2023.05,M,A61M 60/82,A61M 60/82,Magnetic bearings,Magnetic bearings,Compilation of Changes
2023.05,M,A61M 60/822,A61M 60/822,specially adapted for being actively controlled,specially adapted for being actively controlled,Compilation of Changes
2023.05,M,A61M 60/824,A61M 60/824,Hydrodynamic or fluid film bearings,Hydrodynamic or fluid film bearings,Compilation of Changes
2023.05,M,A61M 60/825,A61M 60/825,"Contact bearings, e.g. ball-and-cup or pivot bearings","Contact bearings, e.g. ball-and-cup or pivot bearings",Compilation of Changes
2023.05,U,A61M 60/855,A61M 60/855,of implantable pumps or pumping devices,of implantable pumps or pumping devices,Compilation of Changes
2023.05,M,A61M 60/857,A61M 60/857,Implantable blood tubes,Implantable blood tubes,Compilation of Changes
2023.05,M,A61M 60/859,A61M 60/859,Connections therefor,Connections therefor,Compilation of Changes
2023.05,M,A61M 60/871,A61M 60/871,Energy supply devices; Converters therefor,Energy supply devices; Converters therefor,Compilation of Changes
2023.05,M,A61M 60/873,A61M 60/873,"specially adapted for wireless or transcutaneous energy transfer [TET], e.g. inductive charging","specially adapted for wireless or transcutaneous energy transfer [TET], e.g. inductive charging",Compilation of Changes
2023.05,M,A61M 60/876,A61M 60/876,Implantable batteries,Implantable batteries,Compilation of Changes
2023.05,M,A61M 60/878,A61M 60/878,Electrical connections within the patient's body,Electrical connections within the patient's body,Compilation of Changes
2023.05,M,A61M 60/88,A61M 60/88,Percutaneous cables,Percutaneous cables,Compilation of Changes
2023.05,M,A61M 60/882,A61M 60/882,"Devices powered by the patient, e.g. skeletal muscle powered devices","Devices powered by the patient, e.g. skeletal muscle powered devices",Compilation of Changes
2023.05,M,A61M 60/884,A61M 60/884,being associated to additional implantable blood treating devices,being associated to additional implantable blood treating devices,Compilation of Changes
2023.05,M,A61M 60/09,A61M 60/09,"Details not provided for in groups A61M60/40, A61M60/50 or A61M60/80","Details not provided for in groups A61M60/40, A61M60/50 or A61M60/80",Compilation of Changes
2023.05,U,A62C 35/00,A62C 35/00,"Permanently-installed equipment (A62C31/00, A62C33/00, A62C37/00 take precedence; for forming water curtains A62C2/08)","Permanently-installed equipment (A62C31/00, A62C33/00, A62C37/00 take precedence; for forming water curtains A62C2/08)",Compilation of Changes
2023.05,U,A62C 35/02,A62C 35/02,with containers for delivering the extinguishing substance,with containers for delivering the extinguishing substance,Compilation of Changes
2023.05,M,A62C 35/08,A62C 35/08,Containers destroyed or opened by bursting charge,Containers destroyed or opened by bursting charge,Compilation of Changes
2023.05,U,A62C 37/00,A62C 37/00,Control of fire-fighting equipment (heat-sensitive devices G01K),Control of fire-fighting equipment (heat-sensitive devices G01K),Compilation of Changes
2023.05,M,A62C 37/08,A62C 37/08,"comprising an outlet device containing a sensor, or itself being the sensor, i.e. self-contained sprinklers","comprising an outlet device containing a sensor, or itself being the sensor, i.e. self-contained sprinklers",Compilation of Changes
2023.05,D,A62C 37/28,A62C 37/28,{with an explosive charge},{with an explosive charge},Compilation of Changes
2023.05,M,A62C 37/36,A62C 37/36,an actuating signal being generated by a sensor separate from an outlet device,an actuating signal being generated by a sensor separate from an outlet device,Compilation of Changes
2023.05,U,B01D 46/00,B01D 46/00,Filters or filtering processes specially modified for separating dispersed particles from gases or vapours (filtering elements B01D24/00-B01D35/00; filtering material B01D39/00; their regeneration outside the filters B01D41/00),Filters or filtering processes specially modified for separating dispersed particles from gases or vapours (filtering elements B01D24/00-B01D35/00; filtering material B01D39/00; their regeneration outside the filters B01D41/00),Compilation of Changes
2023.05,U,B01D 46/24,B01D 46/24,"Particle separators, e.g. dust precipitators, using rigid hollow filter bodies","Particle separators, e.g. dust precipitators, using rigid hollow filter bodies",Compilation of Changes
2023.05,U,B01D 46/2403,B01D 46/2403,{characterised by the physical shape or structure of the filtering element},{characterised by the physical shape or structure of the filtering element},Compilation of Changes
2023.05,U,B01D 46/2418,B01D 46/2418,{Honeycomb filters (used for filtering exhaust gases of an internal combustion engine F01N3/022; ceramic honeycomb structures per se C04B38/0006)},{Honeycomb filters (used for filtering exhaust gases of an internal combustion engine F01N3/022; ceramic honeycomb structures per se C04B38/0006)},Compilation of Changes
2023.05,M,B01D 46/2425,B01D 46/2425,{characterized by parameters related to the physical properties of the honeycomb structure material},{characterized by parameters related to the physical properties of the honeycomb structure material},Compilation of Changes
2023.05,M,B01D 46/2429,B01D 46/2429,{of the honeycomb walls or cells},{of the honeycomb walls or cells},Compilation of Changes
2023.05,M,B01D 46/244,B01D 46/244,{of the plugs},{of the plugs},Compilation of Changes
2023.05,M,B01D 46/2444,B01D 46/2444,{of the outer peripheral sealing},{of the outer peripheral sealing},Compilation of Changes
2023.05,M,B01D 46/2448,B01D 46/2448,"{of the adhesive layers, i.e. joints between segments}","{of the adhesive layers, i.e. joints between segments}",Compilation of Changes
2023.05,M,B01D 46/24491,B01D 46/24491,{Porosity},{Porosity},Compilation of Changes
2023.05,M,B01D 46/24492,B01D 46/24492,{Pore diameter},{Pore diameter},Compilation of Changes
2023.05,M,B01D 46/24493,B01D 46/24493,{Modulus of rupture},{Modulus of rupture},Compilation of Changes
2023.05,M,B01D 46/24494,B01D 46/24494,"{Thermal expansion coefficient, heat capacity or thermal conductivity}","{Thermal expansion coefficient, heat capacity or thermal conductivity}",Compilation of Changes
2023.05,M,B01D 46/24495,B01D 46/24495,{Young's modulus},{Young's modulus},Compilation of Changes
2023.05,M,B01D 46/2451,B01D 46/2451,"{characterized by the geometrical structure, shape, pattern or configuration or parameters related to the geometry of the structure}","{characterized by the geometrical structure, shape, pattern or configuration or parameters related to the geometry of the structure}",Compilation of Changes
2023.05,M,B01D 46/2455,B01D 46/2455,{of the whole honeycomb or segments},{of the whole honeycomb or segments},Compilation of Changes
2023.05,M,B01D 46/2459,B01D 46/2459,{of the plugs},{of the plugs},Compilation of Changes
2023.05,M,B01D 46/2462,B01D 46/2462,{the outer peripheral sealing},{the outer peripheral sealing},Compilation of Changes
2023.05,M,B01D 46/2466,B01D 46/2466,"{of the adhesive layers, i.e. joints between segments}","{of the adhesive layers, i.e. joints between segments}",Compilation of Changes
2023.05,M,B01D 46/247,B01D 46/247,{of the cells},{of the cells},Compilation of Changes
2023.05,M,B01D 46/2474,B01D 46/2474,{of the walls along the length of the honeycomb},{of the walls along the length of the honeycomb},Compilation of Changes
2023.05,M,B01D 46/2476,B01D 46/2476,{Monolithic structures},{Monolithic structures},Compilation of Changes
2023.05,M,B01D 46/2478,B01D 46/2478,{Structures comprising honeycomb segments},{Structures comprising honeycomb segments},Compilation of Changes
2023.05,M,B01D 46/248,B01D 46/248,{Structures comprising laminated bodies or discs},{Structures comprising laminated bodies or discs},Compilation of Changes
2023.05,M,B01D 46/2482,B01D 46/2482,"{Thickness, height, width, length or diameter}","{Thickness, height, width, length or diameter}",Compilation of Changes
2023.05,M,B01D 46/2484,B01D 46/2484,"{Cell density, area or aspect ratio}","{Cell density, area or aspect ratio}",Compilation of Changes
2023.05,M,B01D 46/2486,B01D 46/2486,{characterised by the shapes or configurations},{characterised by the shapes or configurations},Compilation of Changes
2023.05,M,B01D 46/2488,B01D 46/2488,{Triangular},{Triangular},Compilation of Changes
2023.05,M,B01D 46/249,B01D 46/249,{Quadrangular e.g. square or diamond},{Quadrangular e.g. square or diamond},Compilation of Changes
2023.05,M,B01D 46/2492,B01D 46/2492,{Hexagonal},{Hexagonal},Compilation of Changes
2023.05,M,B01D 46/2494,B01D 46/2494,{Octagonal},{Octagonal},Compilation of Changes
2023.05,M,B01D 46/2496,B01D 46/2496,{Circular},{Circular},Compilation of Changes
2023.05,U,B01D 46/66,B01D 46/66,"Regeneration of the filtering material or filter elements inside the filter (B01D46/04, B01D46/48 take precedence)","Regeneration of the filtering material or filter elements inside the filter (B01D46/04, B01D46/48 take precedence)",Compilation of Changes
2023.05,U,B01D 46/68,B01D 46/68,by means acting on the cake side involving movement with regard to the filter elements,by means acting on the cake side involving movement with regard to the filter elements,Compilation of Changes
2023.05,M,B01D 46/681,B01D 46/681,"by scrapers, brushes or the like","by scrapers, brushes or the like",Compilation of Changes
2023.05,M,B01D 46/682,B01D 46/682,by nozzles,by nozzles,Compilation of Changes
2023.05,U,B21D 22/00,B21D 22/00,"Shaping without cutting, by stamping, spinning, or deep-drawing (otherwise than using rigid devices or tools or yieldable or resilient pads B21D26/00)","Shaping without cutting, by stamping, spinning, or deep-drawing (otherwise than using rigid devices or tools or yieldable or resilient pads B21D26/00)",Compilation of Changes
2023.05,U,B21D 22/14,B21D 22/14,Spinning,Spinning,Compilation of Changes
2023.05,U,B21D 22/18,B21D 22/18,using tools guided to produce the required profile,using tools guided to produce the required profile,Compilation of Changes
2023.05,M,B21D 22/185,B21D 22/185,{making bombeddomed objects},{making bombeddomed objects},Compilation of Changes
2023.05,M,B23B 31/00,B23B 31/00,Chucks {(allowing axial oscillation of percussion tool bits B25D17/08)}; Expansion mandrels; Adaptations thereof for remote control (faceplates B23Q1/50; rotary devices holding by magnetic and/or electrical force acting directly on work B23Q3/152),Chucks {(allowing axial oscillation of percussion tool bits B25D17/08)}; Expansion mandrels; Adaptations thereof for remote control (faceplates B23Q1/50; rotary devices holding by magnetic and/or electrical force acting directly on work B23Q3/152),Compilation of Changes
2023.05,M,B23B 31/02,B23B 31/02,Chucks,Chucks,Compilation of Changes
2023.05,M,B23B 31/026,B23B 31/026,{the radial or angular position of the tool being adjustable (boring heads with tools moving radially B23B29/034; holding tools yieldably B23B31/08; with means for adjusting the chuck with respect to the working spindle B23B31/36)},{the radial or angular position of the tool being adjustable (boring heads with tools moving radially B23B29/034; holding tools yieldably B23B31/08; with means for adjusting the chuck with respect to the working spindle B23B31/36)},Compilation of Changes
2023.05,M,B23B 31/0261,B23B 31/0261,{for centering the tool},{for centering the tool},Compilation of Changes
2023.05,U,B23B 31/01,B23B 31/01,characterised by the retaining or gripping devices or their immediate operating means,characterised by the retaining or gripping devices or their immediate operating means,Compilation of Changes
2023.05,M,B23B 31/107,B23B 31/107,"Retention by laterally-acting detents, e.g. pins, screws, wedges; Retention by loose elements, e.g. balls","Retention by laterally-acting detents, e.g. pins, screws, wedges; Retention by loose elements, e.g. balls",Compilation of Changes
2023.05,M,B23B 31/1072,B23B 31/1072,{Retention by axially or circumferentially oriented cylindrical elements (cylindrical elements acting as jaws B23B31/22)},{Retention by axially or circumferentially oriented cylindrical elements (cylindrical elements acting as jaws B23B31/22)},Compilation of Changes
2023.05,M,B23B 31/10741,B23B 31/10741,{Retention by substantially radially oriented pins},{Retention by substantially radially oriented pins},Compilation of Changes
2023.05,M,B23B 31/1079,B23B 31/1079,{Retention by spring or wire},{Retention by spring or wire},Compilation of Changes
2023.05,U,B23B 31/12,B23B 31/12,"Chucks with simultaneously-acting jaws, whether or not also individually adjustable","Chucks with simultaneously-acting jaws, whether or not also individually adjustable",Compilation of Changes
2023.05,M,B23B 31/14,B23B 31/14,involving the use of centrifugal force,involving the use of centrifugal force,Compilation of Changes
2023.05,M,B23B 31/141,B23B 31/141,{To counterbalance the jaws},{To counterbalance the jaws},Compilation of Changes
2023.05,M,B23B 31/142,B23B 31/142,{To grip a tool or workpiece},{To grip a tool or workpiece},Compilation of Changes
2023.05,M,B23B 31/02,B23B 31/02,"Longitudinally-split sleeves, e.g. collet chucks","Longitudinally-split sleeves, e.g. collet chucks",Compilation of Changes
2023.05,M,B23B 31/201,B23B 31/201,{Characterized by features relating primarily to remote control of the gripping means},{Characterized by features relating primarily to remote control of the gripping means},Compilation of Changes
2023.05,M,B23B 31/2012,B23B 31/2012,{Threaded cam actuator},{Threaded cam actuator},Compilation of Changes
2023.05,M,B23B 31/202,B23B 31/202,{Details of the jaws},{Details of the jaws},Compilation of Changes
2023.05,M,B23B 31/2025,B23B 31/2025,{Wherein the sleeve is split into two relatively movable parts},{Wherein the sleeve is split into two relatively movable parts},Compilation of Changes
2023.05,M,B23B 31/206,B23B 31/206,{Reciprocating cam actuator (B23B31/207 takes precedence)},{Reciprocating cam actuator (B23B31/207 takes precedence)},Compilation of Changes
2023.05,M,B23B 31/207,B23B 31/207,{using mechanical transmission through the spindle},{using mechanical transmission through the spindle},Compilation of Changes
2023.05,M,B23B 31/2072,B23B 31/2072,"{Axially moving cam, fixed jaws}","{Axially moving cam, fixed jaws}",Compilation of Changes
2023.05,M,B23B 31/2073,B23B 31/2073,"{Axially fixed cam, moving jaws (B23B31/20125 takes precedence)}","{Axially fixed cam, moving jaws (B23B31/20125 takes precedence)}",Compilation of Changes
2023.05,U,B23B 2231/00,B23B 2231/00,"Details of chucks, toolholder shanks or tool shanks","Details of chucks, toolholder shanks or tool shanks",Compilation of Changes
2023.05,M,B23B 2231/34,B23B 2231/34,Jaws,Jaws,Compilation of Changes
2023.05,M,B23B 2231/341,B23B 2231/341,Jaws with hard inserts,Jaws with hard inserts,Compilation of Changes
2023.05,M,B23B 2231/342,B23B 2231/342,Padded or cushioned jaws,Padded or cushioned jaws,Compilation of Changes
2023.05,M,B23B 2231/56,B23B 2231/56,Chucks with more than one set of gripping means,Chucks with more than one set of gripping means,Compilation of Changes
2023.05,M,B23B 2231/58,B23B 2231/58,"Self-grasping, i.e., automatic grasping upon insertion of tool or workpiece","Self-grasping, i.e., automatic grasping upon insertion of tool or workpiece",Compilation of Changes
2023.05,U,B23B 2270/00,B23B 2270/00,"Details of turning, boring or drilling machines, processes or tools not otherwise provided for","Details of turning, boring or drilling machines, processes or tools not otherwise provided for",Compilation of Changes
2023.05,U,B23B 2270/02,B23B 2270/02,Use of a particular power source,Use of a particular power source,Compilation of Changes
2023.05,M,B23B 2270/025,B23B 2270/025,Hydraulics,Hydraulics,Compilation of Changes
2023.05,M,B29C 64/00,B29C 64/00,"Additive manufacturing, i.e. manufacturing of three-dimensional [3D] objects by additive deposition, additive agglomeration or additive layering, e.g. by 3D printing, stereolithography or selective laser sintering","Additive manufacturing, i.e. manufacturing of three-dimensional [3D] objects by additive deposition, additive agglomeration or additive layering, e.g. by 3D printing, stereolithography or selective laser sintering",Compilation of Changes
2023.05,M,B29C 70/00,B29C 70/00,"Shaping composites, i.e. plastics material comprising reinforcements, fillers or preformed parts, e.g. inserts","Shaping composites, i.e. plastics material comprising reinforcements, fillers or preformed parts, e.g. inserts",Compilation of Changes
2023.05,M,B29C 70/003,B29C 70/003,"{characterised by the matrix material, e.g. material composition or physical properties}","{characterised by the matrix material, e.g. material composition or physical properties}",Compilation of Changes
2023.05,M,B29C 70/0035,B29C 70/0035,{comprising two or more matrix materials},{comprising two or more matrix materials},Compilation of Changes
2023.05,U,B29C 70/04,B29C 70/04,"comprising reinforcements only, e.g. self-reinforcing plastics","comprising reinforcements only, e.g. self-reinforcing plastics",Compilation of Changes
2023.05,U,B29C 70/28,B29C 70/28,Shaping operations therefor,Shaping operations therefor,Compilation of Changes
2023.05,M,B29C 70/03,B29C 70/03,"Shaping by lay-up, i.e. applying fibres, tape or broadsheet on a mould, former or core; Shaping by spray-up, i.e. spraying of fibres on a mould, former or core","Shaping by lay-up, i.e. applying fibres, tape or broadsheet on a mould, former or core; Shaping by spray-up, i.e. spraying of fibres on a mould, former or core",Compilation of Changes
2023.05,M,B29C 70/302,B29C 70/302,"{Details of the edges of fibre composites, e.g. edge finishing or means to avoid delamination}","{Details of the edges of fibre composites, e.g. edge finishing or means to avoid delamination}",Compilation of Changes
2023.05,M,B29C 70/304,B29C 70/304,"{In-plane lamination by juxtaposing or interleaving of plies, e.g. scarf joining}","{In-plane lamination by juxtaposing or interleaving of plies, e.g. scarf joining}",Compilation of Changes
2023.05,U,B29C 70/04,B29C 70/04,Shaping or impregnating by compression (B29C70/34 takes precedence){not applied},Shaping or impregnating by compression (B29C70/34 takes precedence){not applied},Compilation of Changes
2023.05,U,B29C 70/42,B29C 70/42,"for producing articles of definite length, i.e. discrete articles","for producing articles of definite length, i.e. discrete articles",Compilation of Changes
2023.05,M,B29C 70/46,B29C 70/46,"using matched moulds, e.g. for deforming sheet moulding compounds [SMC] or prepregs","using matched moulds, e.g. for deforming sheet moulding compounds [SMC] or prepregs",Compilation of Changes
2023.05,M,B29C 70/461,B29C 70/461,{Rigid movable compressing mould parts acting independently from opening or closing action of the main mould},{Rigid movable compressing mould parts acting independently from opening or closing action of the main mould},Compilation of Changes
2023.05,M,B29C 70/54,B29C 70/54,"Component parts, details or accessories; Auxiliary operations {, e.g. feeding or storage of prepregs or SMC after impregnation or during ageing}","Component parts, details or accessories; Auxiliary operations {, e.g. feeding or storage of prepregs or SMC after impregnation or during ageing}",Compilation of Changes
2023.05,M,B29C 70/544,B29C 70/544,"{Details of vacuum bags, e.g. materials or shape}","{Details of vacuum bags, e.g. materials or shape}",Compilation of Changes
2023.05,M,B29C 70/549,B29C 70/549,"{Details of caul plates, e.g. materials or shape}","{Details of caul plates, e.g. materials or shape}",Compilation of Changes
2023.05,U,B29D 99/00,B29D 99/00,Subject matter not provided for in other groups of this subclass,Subject matter not provided for in other groups of this subclass,Compilation of Changes
2023.05,M,B29D 99/0003,B29D 99/0003,"{Producing profiled members, e.g. beams}","{Producing profiled members, e.g. beams}",Compilation of Changes
2023.05,M,B29D 99/0005,B29D 99/0005,"{Producing noodles, i.e. composite gap fillers, characterised by their construction}","{Producing noodles, i.e. composite gap fillers, characterised by their construction}",Compilation of Changes
2023.05,U,B32B 2307/00,B32B 2307/00,Properties of the layers or laminate,Properties of the layers or laminate,Compilation of Changes
2023.05,U,B32B 2307/07,B32B 2307/07,Other properties,Other properties,Compilation of Changes
2023.05,U,B32B 2307/732,B32B 2307/732,Dimensional properties,Dimensional properties,Compilation of Changes
2023.05,U,B32B 2307/734,B32B 2307/734,Dimensional stability,Dimensional stability,Compilation of Changes
2023.05,U,B32B 2307/736,B32B 2307/736,Shrinkable,Shrinkable,Compilation of Changes
2023.05,N,B32B 2307/737,B32B 2307/737,"Dimensions, e.g. volume or area","Dimensions, e.g. volume or area",Compilation of Changes
2023.05,N,B32B 2307/7375,B32B 2307/7375,"Linear, e.g. length, distance or width","Linear, e.g. length, distance or width",Compilation of Changes
2023.05,N,B32B 2307/7376,B32B 2307/7376,Thickness,Thickness,Compilation of Changes
2023.05,U,B32B 2605/00,B32B 2605/00,Vehicles,Vehicles,Compilation of Changes
2023.05,M,B32B 2605/006,B32B 2605/006,"Transparent parts made from plastic materialother than made from inorganic glass, e.g. windowspolycarbonate glazings","Transparent parts made from plastic materialother than made from inorganic glass, e.g. windowspolycarbonate glazings",Compilation of Changes
2023.05,M,B33Y 40/00,B33Y 40/00,"Auxiliary operations or equipment, e.g. for material handling","Auxiliary operations or equipment, e.g. for material handling",Compilation of Changes
2023.05,M,B33Y 40/01,B33Y 40/01,Pre-treatment,Pre-treatment,Compilation of Changes
2023.05,M,B33Y 40/02,B33Y 40/02,"Post-treatment, e.g. curing, coating or polishing","Post-treatment, e.g. curing, coating or polishing",Compilation of Changes
2023.05,M,B33Y 70/00,B33Y 70/00,Materials specially adapted for additive manufacturing,Materials specially adapted for additive manufacturing,Compilation of Changes
2023.05,M,B33Y 70/01,B33Y 70/01,"Composites of different types of material, e.g. mixtures of ceramics and polymers or mixtures of metals and biomaterials","Composites of different types of material, e.g. mixtures of ceramics and polymers or mixtures of metals and biomaterials",Compilation of Changes
2023.05,M,B62D 1/00,B62D 1/00,Steering of motor vehicles or trailers,Steering of motor vehicles or trailers,Compilation of Changes
2023.05,U,B62D 1/00,B62D 1/00,"Steering controls, i.e. means for initiating a change of direction of the vehicle","Steering controls, i.e. means for initiating a change of direction of the vehicle",Compilation of Changes
2023.05,U,B62D 1/02,B62D 1/02,vehicle-mounted,vehicle-mounted,Compilation of Changes
2023.05,U,B62D 1/04,B62D 1/04,Hand wheels,Hand wheels,Compilation of Changes
2023.05,U,B62D 1/06,B62D 1/06,"Rims, e.g. with heating means; Rim covers (B62D1/11 takes precedence)","Rims, e.g. with heating means; Rim covers (B62D1/11 takes precedence)",Compilation of Changes
2023.05,M,B62D 1/065,B62D 1/065,{Steering wheels with heating and ventilating means (heating and ventilating arrangements for spaces of vehicles B60Hheating and ventilation of steering wheel when connected to vehicle HVAC B60H1/00292)},{Steering wheels with heating and ventilating means (heating and ventilating arrangements for spaces of vehicles B60Hheating and ventilation of steering wheel when connected to vehicle HVAC B60H1/00292)},Compilation of Changes
2023.05,U,B62D 1/01,B62D 1/01,"Hubs; Connecting hubs to steering columns, e.g. adjustable (B62D1/11 takes precedence)","Hubs; Connecting hubs to steering columns, e.g. adjustable (B62D1/11 takes precedence)",Compilation of Changes
2023.05,M,B62D 1/105,B62D 1/105,"{Non-rotatable hubs, e.g. the central part of the steering wheel not rotating (for storing airbags B60R21/2032)}","{Non-rotatable hubs, e.g. the central part of the steering wheel not rotating (for storing airbags B60R21/2032)}",Compilation of Changes
2023.05,U,B62D 1/16,B62D 1/16,Steering columns,Steering columns,Compilation of Changes
2023.05,M,B62D 1/166,B62D 1/166,"{Means changing the transfer ratio between steering wheel and steering gear (by continuous supply of energy, e.g. from electric motor B62D5/008; controlling steering depending on driving conditions sensed and responded to B62D6/00)}","{Means changing the transfer ratio between steering wheel and steering gear (by continuous supply of energy, e.g. from electric motor B62D5/008; controlling steering depending on driving conditions sensed and responded to B62D6/00)}",Compilation of Changes
2023.05,U,B62D 1/18,B62D 1/18,"yieldable or adjustable, e.g. tiltable (padded linings associated with the steering column B60R21/05)","yieldable or adjustable, e.g. tiltable (padded linings associated with the steering column B60R21/05)",Compilation of Changes
2023.05,M,B62D 1/184,B62D 1/184,Mechanisms for locking columns at selected positions {(locking of telescopic systems in general F16B7/10)},Mechanisms for locking columns at selected positions {(locking of telescopic systems in general F16B7/10)},Compilation of Changes
2023.05,M,B62D 1/24,B62D 1/24,"not vehicle-mounted {(special adaptations of automatic tractor steering A01B69/008; devices for lifting, movable on wheels, automatically guided B66F9/063)}","not vehicle-mounted {(special adaptations of automatic tractor steering A01B69/008; devices for lifting, movable on wheels, automatically guided B66F9/063)}",Compilation of Changes
2023.05,M,B62D 1/28,B62D 1/28,"non-mechanical {, e.g. following a line or other known markers (steering position indicators B62D15/02; steering aids B62D15/025; parking aids B62D15/027; steering assistants B62D15/029; determination or calculation of trajectory of land vehicles G05D1/021, B60W60/0027)}","non-mechanical {, e.g. following a line or other known markers (steering position indicators B62D15/02; steering aids B62D15/025; parking aids B62D15/027; steering assistants B62D15/029; determination or calculation of trajectory of land vehicles G05D1/021, B60W60/0027)}",Compilation of Changes
2023.05,M,B62D 5/00,B62D 5/00,Power-assisted or power-driven steering ({controlling steering depending on driving conditions sensed and responded to B62D6/00; } for non-deflectable wheels B62D11/00; fluid pressure servomotors in general F15B; fluid-pressure servomotors in general F15B),Power-assisted or power-driven steering ({controlling steering depending on driving conditions sensed and responded to B62D6/00; } for non-deflectable wheels B62D11/00; fluid pressure servomotors in general F15B; fluid-pressure servomotors in general F15B),Compilation of Changes
2023.05,M,B62D 5/001,B62D 5/001,"{Mechanical components or aspects of steer-by-wire systems, not otherwise provided for in B62D5/00 this maingroup}(hydraulic steer-by-wire systems B62D5/091)}","{Mechanical components or aspects of steer-by-wire systems, not otherwise provided for in B62D5/00 this maingroup}(hydraulic steer-by-wire systems B62D5/091)}",Compilation of Changes
2023.05,M,B62D 5/005,B62D 5/005,"{means for generating torque on steering wheel or input member, e.g. feedback}","{means for generating torque on steering wheel or input member, e.g. feedback}",Compilation of Changes
2023.05,M,B62D 5/006,B62D 5/006,{power actuated (control thereof B62D6/008)},{power actuated (control thereof B62D6/008)},Compilation of Changes
2023.05,U,B62D 5/04,B62D 5/04,"electrical, e.g. using an electric servo-motor connected to, or forming part of, the steering gear","electrical, e.g. using an electric servo-motor connected to, or forming part of, the steering gear",Compilation of Changes
2023.05,U,B62D 5/0442,B62D 5/0442,{Conversion of rotational into longitudinal movement},{Conversion of rotational into longitudinal movement},Compilation of Changes
2023.05,M,B62D 5/0445,B62D 5/0445,{Screw drives (screw mechanisms in general F16H25/20)},{Screw drives (screw mechanisms in general F16H25/20)},Compilation of Changes
2023.05,M,B62D 5/0457,B62D 5/0457,{characterised by control features of the drive means as such (controlling steering depending on driving conditions sensed and responded to B62D6/00; determination of steering angle B62D15/021; measuring torque applied to steering wheels G01L5/221; control of electric motor as such H02P)},{characterised by control features of the drive means as such (controlling steering depending on driving conditions sensed and responded to B62D6/00; determination of steering angle B62D15/021; measuring torque applied to steering wheels G01L5/221; control of electric motor as such H02P)},Compilation of Changes
2023.05,U,B62D 5/046,B62D 5/046,{Controlling the motor},{Controlling the motor},Compilation of Changes
2023.05,M,B62D 5/0463,B62D 5/0463,{for generating assisting torquecalculating assisting torque from the motor based on driver input},{for generating assisting torquecalculating assisting torque from the motor based on driver input},Compilation of Changes
2023.05,U,B62D 5/06,B62D 5/06,"fluid, i.e. using a pressurised fluid for most or all the force required for steering a vehicle","fluid, i.e. using a pressurised fluid for most or all the force required for steering a vehicle",Compilation of Changes
2023.05,U,B62D 5/07,B62D 5/07,Supply of pressurised fluid for steering also supplying other consumers {; control thereof},Supply of pressurised fluid for steering also supplying other consumers {; control thereof},Compilation of Changes
2023.05,M,B62D 5/075,B62D 5/075,{using priority valves (priority valves in general F15B13/022)},{using priority valves (priority valves in general F15B13/022)},Compilation of Changes
2023.05,U,B62D 5/08,B62D 5/08,characterised by type of {steering} valve used (valves in general F16K),characterised by type of {steering} valve used (valves in general F16K),Compilation of Changes
2023.05,U,B62D 5/083,B62D 5/083,Rotary valves,Rotary valves,Compilation of Changes
2023.05,M,B62D 5/0835,B62D 5/0835,"{characterised by means for actively limitinginfluencing the deflection angle of the valve, e.g. depending on driving parameters (controlling steering depending on driving conditions sensed and responded to B62D6/00)}","{characterised by means for actively limitinginfluencing the deflection angle of the valve, e.g. depending on driving parameters (controlling steering depending on driving conditions sensed and responded to B62D6/00)}",Compilation of Changes
2023.05,U,B62D 5/02,B62D 5/02,specially adapted for particular type of steering gear or particular application (steering gears per se B62D3/00; steering linkages not characterised by being power-assisted or power-driven B62D7/00),specially adapted for particular type of steering gear or particular application (steering gears per se B62D3/00; steering linkages not characterised by being power-assisted or power-driven B62D7/00),Compilation of Changes
2023.05,M,B62D 5/22,B62D 5/22,for rack-and-pinion type {(pressure yokes B62D3/123)},for rack-and-pinion type {(pressure yokes B62D3/123)},Compilation of Changes
2023.05,U,B62D 6/00,B62D 6/00,"Arrangements for automatically controlling steering depending on driving conditions sensed and responded to, e.g. control circuits (means for initiating a change in direction B62D1/00; steering valves B62D5/06; combined with means for inclining the vehicle body or wheels on bends B62D9/00)","Arrangements for automatically controlling steering depending on driving conditions sensed and responded to, e.g. control circuits (means for initiating a change in direction B62D1/00; steering valves B62D5/06; combined with means for inclining the vehicle body or wheels on bends B62D9/00)",Compilation of Changes
2023.05,U,B62D 6/002,B62D 6/002,{computing target steering angles for front or rear wheels (B62D7/159 takes precedence)},{computing target steering angles for front or rear wheels (B62D7/159 takes precedence)},Compilation of Changes
2023.05,M,B62D 6/003,B62D 6/003,"{in order to control vehicle yaw movement, i.e. around a vertical axis (B62D6/007 taketakes precedence; stability systems acting on the brakes B60T8/1755)}","{in order to control vehicle yaw movement, i.e. around a vertical axis (B62D6/007 taketakes precedence; stability systems acting on the brakes B60T8/1755)}",Compilation of Changes
2023.05,U,B62D 7/00,B62D 7/00,Steering linkage; Stub axles or their mountings (B62D13/00 takes precedence; power-assisted or power-driven steering B62D5/00),Steering linkage; Stub axles or their mountings (B62D13/00 takes precedence; power-assisted or power-driven steering B62D5/00),Compilation of Changes
2023.05,U,B62D 7/06,B62D 7/06,"for individually-pivoted wheels, e.g. on king-pins","for individually-pivoted wheels, e.g. on king-pins",Compilation of Changes
2023.05,U,B62D 7/14,B62D 7/14,"the pivotal axes being situated in more than one plane transverse to the longitudinal centre line of the vehicle, e.g. all-wheel steering","the pivotal axes being situated in more than one plane transverse to the longitudinal centre line of the vehicle, e.g. all-wheel steering",Compilation of Changes
2023.05,M,B62D 7/146,B62D 7/146,"{characterised by comprising means for steering by acting on the suspension system, e.g. on the mountings of the suspension arms (means on vehicle for adjusting camber, castor or toe-in B62D17/00)}","{characterised by comprising means for steering by acting on the suspension system, e.g. on the mountings of the suspension arms (means on vehicle for adjusting camber, castor or toe-in B62D17/00)}",Compilation of Changes
2023.05,U,B62D 7/15,B62D 7/15,characterised by means varying the ratio between the steering angles of the steered wheels {(B62D7/148 takes precedence)},characterised by means varying the ratio between the steering angles of the steered wheels {(B62D7/148 takes precedence)},Compilation of Changes
2023.05,U,B62D 7/1518,B62D 7/1518,{comprising a mechanical interconnecting system between the steering control means of the different axles},{comprising a mechanical interconnecting system between the steering control means of the different axles},Compilation of Changes
2023.05,M,B62D 7/1536,B62D 7/1536,{provided with hydraulic assistance}; (power-assisted fluid steering per se B62D5/06)},{provided with hydraulic assistance}; (power-assisted fluid steering per se B62D5/06)},Compilation of Changes
2023.05,M,B62D 7/1545,B62D 7/1545,{provided with electrical assistance}; (power-assisted electrical steering per se B62D5/04)},{provided with electrical assistance}; (power-assisted electrical steering per se B62D5/04)},Compilation of Changes
2023.05,M,B62D 7/1554,B62D 7/1554,{comprising a fluid interconnecting system between the steering control means of the different axles}; (power-assisted fluid steering per se B62D5/06)},{comprising a fluid interconnecting system between the steering control means of the different axles}; (power-assisted fluid steering per se B62D5/06)},Compilation of Changes
2023.05,M,B62D 7/1563,B62D 7/1563,{provided with fluid control means (B62D7/1572 takes precedence)}; (B62D7/1572 takes precedence)},{provided with fluid control means (B62D7/1572 takes precedence)}; (B62D7/1572 takes precedence)},Compilation of Changes
2023.05,M,B62D 7/1581,B62D 7/1581,{characterised by comprising an electrical interconnecting system between the steering control means of the different axles}; (power-assisted electrical steering per se B62D5/04)},{characterised by comprising an electrical interconnecting system between the steering control means of the different axles}; (power-assisted electrical steering per se B62D5/04)},Compilation of Changes
2023.05,M,B62D 7/16,B62D 7/16,Arrangement of linkage connections (pivots per se F16C  {; e.g. ball joints F16C11/06}),Arrangement of linkage connections (pivots per se F16C  {; e.g. ball joints F16C11/06}),Compilation of Changes
2023.05,M,B62D 7/166,B62D 7/166,"{substantially perpendicular, e.g. between tie-rod and steering knuckle (steering knuckles in general B62D7/18)}","{substantially perpendicular, e.g. between tie-rod and steering knuckle (steering knuckles in general B62D7/18)}",Compilation of Changes
2023.05,M,B62D 7/22,B62D 7/22,"Arrangements for reducing or eliminating reaction, e.g. vibration, from parts, e.g. wheels, of the steering system {(dampers in general F16F)}","Arrangements for reducing or eliminating reaction, e.g. vibration, from parts, e.g. wheels, of the steering system {(dampers in general F16F)}",Compilation of Changes
2023.05,U,B62D 11/00,B62D 11/00,Steering non-deflectable wheels; Steering endless tracks or the like,Steering non-deflectable wheels; Steering endless tracks or the like,Compilation of Changes
2023.05,M,B62D 11/001,B62D 11/001,{control systems (B62D11/183 takes precedence)},{control systems (B62D11/183 takes precedence)},Compilation of Changes
2023.05,U,B62D 11/02,B62D 11/02,by differentially driving ground-engaging elements on opposite vehicle sides,by differentially driving ground-engaging elements on opposite vehicle sides,Compilation of Changes
2023.05,U,B62D 11/06,B62D 11/06,by means of a single main power source,by means of a single main power source,Compilation of Changes
2023.05,M,B62D 11/01,B62D 11/01,"using gearings with differential power outputs on opposite sides, e.g. with twin-differential or epicyclic gears {(arrangements or mounting of transmissions in vehicles B60K17/00; gearing in general F16H)}","using gearings with differential power outputs on opposite sides, e.g. with twin-differential or epicyclic gears {(arrangements or mounting of transmissions in vehicles B60K17/00; gearing in general F16H)}",Compilation of Changes
2023.05,M,B62D 11/105,B62D 11/105,"{using variable ratio belt and pulley gearings (gearing for conveying rotary motion by endless flexible members F16H7/00, F16H9/00)}","{using variable ratio belt and pulley gearings (gearing for conveying rotary motion by endless flexible members F16H7/00, F16H9/00)}",Compilation of Changes
2023.05,U,B62D 15/00,B62D 15/00,Steering not otherwise provided for,Steering not otherwise provided for,Compilation of Changes
2023.05,U,B62D 15/02,B62D 15/02,Steering position indicators {; Steering position determination; Steering aids},Steering position indicators {; Steering position determination; Steering aids},Compilation of Changes
2023.05,M,B62D 15/021,B62D 15/021,{Determination of steering angle (sensors in general G01B)},{Determination of steering angle (sensors in general G01B)},Compilation of Changes
2023.05,M,B62D 15/025,B62D 15/025,"{Active steering aids, e.g. helping the driver by actively influencing the steering system after environment evaluation (B62D1/28 takes precedence; parking aids B62D15/027)}","{Active steering aids, e.g. helping the driver by actively influencing the steering system after environment evaluation (B62D1/28 takes precedence; parking aids B62D15/027)}",Compilation of Changes
2023.05,M,B62D 15/029,B62D 15/029,"{Steering assistants using warnings or proposing actions to the driver without influencing the steering system (parking aids B62D15/027, determination or calculation of trajectory of land vehicles G05D1/021, B60W60/0027, image processing G06T)}","{Steering assistants using warnings or proposing actions to the driver without influencing the steering system (parking aids B62D15/027, determination or calculation of trajectory of land vehicles G05D1/021, B60W60/0027, image processing G06T)}",Compilation of Changes
2023.05,U,B64C 1/00,B64C 1/00,"Fuselages; Constructional features common to fuselages, wings, stabilising surfaces or the like","Fuselages; Constructional features common to fuselages, wings, stabilising surfaces or the like",Compilation of Changes
2023.05,U,B64C 1/06,B64C 1/06,Frames; Stringers; Longerons {; Fuselage sections},Frames; Stringers; Longerons {; Fuselage sections},Compilation of Changes
2023.05,U,B64C 1/061,B64C 1/061,{Frames},{Frames},Compilation of Changes
2023.05,M,B64C 1/063,B64C 1/063,"{Folding or collapsing to reduce overall dimensions, e.g. foldable tail booms (folding or collapsing wings B64C3/56)}","{Folding or collapsing to reduce overall dimensions, e.g. foldable tail booms (folding or collapsing wings B64C3/56)}",Compilation of Changes
2023.05,M,B64C 1/22,B64C 1/22,"Other structures integral with fuselages to facilitate loading {, e.g. cargo bays, cranes (cargo door type ramps B64C1/1415)}","Other structures integral with fuselages to facilitate loading {, e.g. cargo bays, cranes (cargo door type ramps B64C1/1415)}",Compilation of Changes
2023.05,M,B64C 1/38,B64C 1/38,Constructions adapted to reduce effects of aerodynamic or other external heating {(cooling structural parts of aircrafts with air flow B64D13/006)},Constructions adapted to reduce effects of aerodynamic or other external heating {(cooling structural parts of aircrafts with air flow B64D13/006)},Compilation of Changes
2023.05,U,B64C 1/04,B64C 1/04,"Sound or heat insulation {, e.g. using insulation blankets}","Sound or heat insulation {, e.g. using insulation blankets}",Compilation of Changes
2023.05,M,B64C 1/403,B64C 1/403,"{Arrangement of fasteners specially adapted therefor, e.g. of clips (in vehicles in general B60R13/0206)}","{Arrangement of fasteners specially adapted therefor, e.g. of clips (in vehicles in general B60R13/0206)}",Compilation of Changes
2023.05,M,B64C 1/406,B64C 1/406,"{in combination with supports for lines, e.g. for pipes or cables (arrangement of elements of electric or fluid circuits specially adapted for vehicles, in general B60R16/00; supports for pipes, cables or protective tubing F16L3/00; installations of electric cables or lines in vehicles H02G3/00)}","{in combination with supports for lines, e.g. for pipes or cables (arrangement of elements of electric or fluid circuits specially adapted for vehicles, in general B60R16/00; supports for pipes, cables or protective tubing F16L3/00; installations of electric cables or lines in vehicles H02G3/00)}",Compilation of Changes
2023.05,U,B64C 3/00,B64C 3/00,Wings (ornithopter wings B64C33/02),Wings (ornithopter wings B64C33/02),Compilation of Changes
2023.05,M,B64C 3/36,B64C 3/36,Structures adapted to reduce effects of aerodynamic or other external heating {(cooling structural parts of aircrafts with air flow B64D13/006)},Structures adapted to reduce effects of aerodynamic or other external heating {(cooling structural parts of aircrafts with air flow B64D13/006)},Compilation of Changes
2023.05,U,B64C 11/00,B64C 11/00,"Propellers, e.g. of ducted type; Features common to propellers and rotors for rotorcraft","Propellers, e.g. of ducted type; Features common to propellers and rotors for rotorcraft",Compilation of Changes
2023.05,M,B64C 11/008,B64C 11/008,{characterised by vibration absorbing or balancing means (for rotorcraft B64C27/001)},{characterised by vibration absorbing or balancing means (for rotorcraft B64C27/001)},Compilation of Changes
2023.05,U,B64C 25/00,B64C 25/00,Alighting gear (air-cushion alighting gear B60V3/08),Alighting gear (air-cushion alighting gear B60V3/08),Compilation of Changes
2023.05,U,B64C 25/32,B64C 25/32,characterised by elements which contact the ground or similar surface  (arrester hooks B64C25/68),characterised by elements which contact the ground or similar surface  (arrester hooks B64C25/68),Compilation of Changes
2023.05,M,B64C 25/405,B64C 25/405,"{Powered wheels, e.g. for taxing}","{Powered wheels, e.g. for taxing}",Compilation of Changes
2023.05,U,B64C 25/42,B64C 25/42,Arrangement or adaptation of brakes,Arrangement or adaptation of brakes,Compilation of Changes
2023.05,M,B64C 25/423,B64C 25/423,{Braking devices acting by reaction of gaseous medium (B64C25/426 takes precedence; using rockets B64D27/023)},{Braking devices acting by reaction of gaseous medium (B64C25/426 takes precedence; using rockets B64D27/023)},Compilation of Changes
2023.05,U,B64C 27/00,B64C 27/00,Rotorcraft; Rotors peculiar thereto,Rotorcraft; Rotors peculiar thereto,Compilation of Changes
2023.05,U,B64C 27/32,B64C 27/32,Rotors,Rotors,Compilation of Changes
2023.05,U,B64C 27/46,B64C 27/46,Blades,Blades,Compilation of Changes
2023.05,M,B64C 27/467,B64C 27/467,Aerodynamic features {(B64C27/463 takes precedence)},Aerodynamic features {(B64C27/463 takes precedence)},Compilation of Changes
2023.05,M,B64C 27/473,B64C 27/473,Constructional features {(B64C27/463 takes precedence)},Constructional features {(B64C27/463 takes precedence)},Compilation of Changes
2023.05,M,B64C 30/00,B64C 30/00,Supersonic- type aircraft,Supersonic- type aircraft,Compilation of Changes
2023.05,U,B64C 39/00,B64C 39/00,Aircraft not otherwise provided for,Aircraft not otherwise provided for,Compilation of Changes
2023.05,M,B64C 39/06,B64C 39/06,having disc- or ring-shaped wings {(B64C39/001 takes precedence)},having disc- or ring-shaped wings {(B64C39/001 takes precedence)},Compilation of Changes
2023.05,M,B64C 39/01,B64C 39/01,All-wing aircraft {(B64C39/001 takes precedence)},All-wing aircraft {(B64C39/001 takes precedence)},Compilation of Changes
2023.05,M,B64C 2039/105,B64C 2039/105,{of blended wing body type},{of blended wing body type},Compilation of Changes
2023.05,M,C04B 12/00,C04B 12/00,Cements not provided for in groups C04B7/00 - C04B11/00,Cements not provided for in groups C04B7/00 - C04B11/00,Compilation of Changes
2023.05,M,C04B 12/007,C04B 12/007,"{Non-hydraulic cements containing low lime calcium silicate phases, e.g. wollastonite, pseudowollastonite, rankinite or cements curable in the presence of CO2}","{Non-hydraulic cements containing low lime calcium silicate phases, e.g. wollastonite, pseudowollastonite, rankinite or cements curable in the presence of CO2}",Compilation of Changes
2023.05,U,C04B 22/00,C04B 22/00,"Use of inorganic materials as active ingredients for mortars, concrete or artificial stone, e.g. accelerators {, shrinkage compensating agents}","Use of inorganic materials as active ingredients for mortars, concrete or artificial stone, e.g. accelerators {, shrinkage compensating agents}",Compilation of Changes
2023.05,M,C04B 22/0086,C04B 22/0086,{Seeding materials},{Seeding materials},Compilation of Changes
2023.05,M,C04B 22/00863,C04B 22/00863,{Calcium silicate hydrate},{Calcium silicate hydrate},Compilation of Changes
2023.05,M,C04B 22/00867,C04B 22/00867,{Ettringite},{Ettringite},Compilation of Changes
2023.05,U,C04B 26/00,C04B 26/00,"Compositions of mortars, concrete or artificial stone, containing only organic binders {, e.g. polymer or resin concrete (mechanical aspects of moulding polymer or resin concrete B29C67/242)}","Compositions of mortars, concrete or artificial stone, containing only organic binders {, e.g. polymer or resin concrete (mechanical aspects of moulding polymer or resin concrete B29C67/242)}",Compilation of Changes
2023.05,U,C04B 26/02,C04B 26/02,Macromolecular compounds,Macromolecular compounds,Compilation of Changes
2023.05,M,C04B 26/28,C04B 26/28,Polysaccharides or derivatives thereof,Polysaccharides or derivatives thereof,Compilation of Changes
2023.05,M,C04B 26/285,C04B 26/285,{Cellulose or derivatives thereof (C04B26/24 takes precedence)},{Cellulose or derivatives thereof (C04B26/24 takes precedence)},Compilation of Changes
2023.05,U,C08J 5/00,C08J 5/00,Manufacture of articles or shaped materials containing macromolecular substances (manufacture of semi-permeable membranes B01D67/00 - B01D71/00),Manufacture of articles or shaped materials containing macromolecular substances (manufacture of semi-permeable membranes B01D67/00 - B01D71/00),Compilation of Changes
2023.05,M,C08J 5/24,C08J 5/24,"Impregnating materials with prepolymers which can be polymerised in situ, e.g. manufacture of prepregs","Impregnating materials with prepolymers which can be polymerised in situ, e.g. manufacture of prepregs",Compilation of Changes
2023.05,M,C08J 5/241,C08J 5/241,{using inorganic fibres},{using inorganic fibres},Compilation of Changes
2023.05,M,C08J 5/242,C08J 5/242,{using metal fibres},{using metal fibres},Compilation of Changes
2023.05,M,C08J 5/243,C08J 5/243,{using carbon fibres},{using carbon fibres},Compilation of Changes
2023.05,M,C08J 5/244,C08J 5/244,{using glass fibres},{using glass fibres},Compilation of Changes
2023.05,M,C08J 5/245,C08J 5/245,{using natural fibres},{using natural fibres},Compilation of Changes
2023.05,M,C08J 5/246,C08J 5/246,{using polymer based synthetic fibres},{using polymer based synthetic fibres},Compilation of Changes
2023.05,M,C08J 5/247,C08J 5/247,{using fibres of at least two types},{using fibres of at least two types},Compilation of Changes
2023.05,M,C08J 5/248,C08J 5/248,{using pre-treated fibres},{using pre-treated fibres},Compilation of Changes
2023.05,M,C08J 5/249,C08J 5/249,{characterised by the additives used in the prepolymer mixture},{characterised by the additives used in the prepolymer mixture},Compilation of Changes
2023.05,U,C09K 11/00,C09K 11/00,"Luminescent, e.g. electroluminescent, chemiluminescent materials","Luminescent, e.g. electroluminescent, chemiluminescent materials",Compilation of Changes
2023.05,U,C09K 11/08,C09K 11/08,containing inorganic luminescent materials,containing inorganic luminescent materials,Compilation of Changes
2023.05,U,C09K 11/77,C09K 11/77,containing rare earth metals,containing rare earth metals,Compilation of Changes
2023.05,M,C09K 11/7706,C09K 11/7706,{Aluminates},{Aluminates},Compilation of Changes
2023.05,M,C09K 11/77062,C09K 11/77062,{Silicates},{Silicates},Compilation of Changes
2023.05,M,C09K 11/77064,C09K 11/77064,{Aluminosilicates},{Aluminosilicates},Compilation of Changes
2023.05,M,C09K 11/77066,C09K 11/77066,{Aluminium Nitrides or Aluminium Oxynitrides},{Aluminium Nitrides or Aluminium Oxynitrides},Compilation of Changes
2023.05,M,C09K 11/77067,C09K 11/77067,{Silicon Nitrides or Silicon Oxynitrides},{Silicon Nitrides or Silicon Oxynitrides},Compilation of Changes
2023.05,M,C09K 11/77068,C09K 11/77068,{Silicon Aluminium Nitrides or Silicon Aluminium Oxynitrides},{Silicon Aluminium Nitrides or Silicon Aluminium Oxynitrides},Compilation of Changes
2023.05,U,C09K 11/7715,C09K 11/7715,{containing cerium},{containing cerium},Compilation of Changes
2023.05,M,C09K 11/7721,C09K 11/7721,{Aluminates},{Aluminates},Compilation of Changes
2023.05,M,C09K 11/77212,C09K 11/77212,{Silicates},{Silicates},Compilation of Changes
2023.05,M,C09K 11/77214,C09K 11/77214,{Aluminosilicates},{Aluminosilicates},Compilation of Changes
2023.05,M,C09K 11/77216,C09K 11/77216,{Aluminium Nitrides or Aluminium Oxynitrides},{Aluminium Nitrides or Aluminium Oxynitrides},Compilation of Changes
2023.05,M,C09K 11/77217,C09K 11/77217,{Silicon Nitrides or Silicon Oxynitrides},{Silicon Nitrides or Silicon Oxynitrides},Compilation of Changes
2023.05,M,C09K 11/77218,C09K 11/77218,{Silicon Aluminium Nitrides or Silicon Aluminium Oxynitrides},{Silicon Aluminium Nitrides or Silicon Aluminium Oxynitrides},Compilation of Changes
2023.05,U,C09K 11/7728,C09K 11/7728,{containing europium},{containing europium},Compilation of Changes
2023.05,M,C09K 11/7734,C09K 11/7734,{Aluminates},{Aluminates},Compilation of Changes
2023.05,M,C09K 11/77342,C09K 11/77342,{Silicates},{Silicates},Compilation of Changes
2023.05,M,C09K 11/77344,C09K 11/77344,{Aluminosilicates},{Aluminosilicates},Compilation of Changes
2023.05,M,C09K 11/77346,C09K 11/77346,{Aluminium Nitrides or Aluminium Oxynitrides},{Aluminium Nitrides or Aluminium Oxynitrides},Compilation of Changes
2023.05,M,C09K 11/77347,C09K 11/77347,{Silicon Nitrides or Silicon Oxynitrides},{Silicon Nitrides or Silicon Oxynitrides},Compilation of Changes
2023.05,M,C09K 11/77348,C09K 11/77348,{Silicon Aluminium Nitrides or Silicon Aluminium Oxynitrides},{Silicon Aluminium Nitrides or Silicon Aluminium Oxynitrides},Compilation of Changes
2023.05,U,C09K 11/7743,C09K 11/7743,{containing terbium},{containing terbium},Compilation of Changes
2023.05,M,C09K 11/7749,C09K 11/7749,{Aluminates},{Aluminates},Compilation of Changes
2023.05,M,C09K 11/77492,C09K 11/77492,{Silicates},{Silicates},Compilation of Changes
2023.05,M,C09K 11/77494,C09K 11/77494,{Aluminosilicates},{Aluminosilicates},Compilation of Changes
2023.05,M,C09K 11/77496,C09K 11/77496,{Aluminium Nitrides or Aluminium Oxynitrides},{Aluminium Nitrides or Aluminium Oxynitrides},Compilation of Changes
2023.05,M,C09K 11/77497,C09K 11/77497,{Silicon Nitrides or Silicon Oxynitrides},{Silicon Nitrides or Silicon Oxynitrides},Compilation of Changes
2023.05,M,C09K 11/77498,C09K 11/77498,{Silicon Aluminium Nitrides or Silicon Aluminium Oxynitrides},{Silicon Aluminium Nitrides or Silicon Aluminium Oxynitrides},Compilation of Changes
2023.05,U,C09K 11/7766,C09K 11/7766,{containing two or more rare earth metals},{containing two or more rare earth metals},Compilation of Changes
2023.05,M,C09K 11/7774,C09K 11/7774,{Aluminates},{Aluminates},Compilation of Changes
2023.05,M,C09K 11/77742,C09K 11/77742,{Silicates},{Silicates},Compilation of Changes
2023.05,M,C09K 11/77744,C09K 11/77744,{Aluminosilicates},{Aluminosilicates},Compilation of Changes
2023.05,M,C09K 11/77746,C09K 11/77746,{Aluminium Nitrides or Aluminium Oxynitrides},{Aluminium Nitrides or Aluminium Oxynitrides},Compilation of Changes
2023.05,M,C09K 11/77747,C09K 11/77747,{Silicon Nitrides or Silicon Oxynitrides},{Silicon Nitrides or Silicon Oxynitrides},Compilation of Changes
2023.05,M,C09K 11/77748,C09K 11/77748,{Silicon Aluminium Nitrides or Silicon Aluminium Oxynitrides},{Silicon Aluminium Nitrides or Silicon Aluminium Oxynitrides},Compilation of Changes
2023.05,U,C09K 11/7783,C09K 11/7783,{containing two or more rare earth metals one of which being europium},{containing two or more rare earth metals one of which being europium},Compilation of Changes
2023.05,M,C09K 11/7792,C09K 11/7792,{Aluminates},{Aluminates},Compilation of Changes
2023.05,M,C09K 11/77922,C09K 11/77922,{Silicates},{Silicates},Compilation of Changes
2023.05,M,C09K 11/77924,C09K 11/77924,{Aluminosilicates},{Aluminosilicates},Compilation of Changes
2023.05,M,C09K 11/77926,C09K 11/77926,{Aluminium Nitrides or Aluminium Oxynitrides},{Aluminium Nitrides or Aluminium Oxynitrides},Compilation of Changes
2023.05,M,C09K 11/77927,C09K 11/77927,{Silicon Nitrides or Silicon Oxynitrides},{Silicon Nitrides or Silicon Oxynitrides},Compilation of Changes
2023.05,M,C09K 11/77928,C09K 11/77928,{Silicon Aluminium Nitrides or Silicon Aluminium Oxynitrides},{Silicon Aluminium Nitrides or Silicon Aluminium Oxynitrides},Compilation of Changes
2023.05,U,C12N 5/00,C12N 5/00,"Undifferentiated human, animal or plant cells, e.g. cell lines; Tissues; Cultivation or maintenance thereof; Culture media therefor; (plant reproduction by tissue culture techniques A01H4/00)","Undifferentiated human, animal or plant cells, e.g. cell lines; Tissues; Cultivation or maintenance thereof; Culture media therefor; (plant reproduction by tissue culture techniques A01H4/00)",Compilation of Changes
2023.05,U,C12N 5/06,C12N 5/06,{Animal cells or tissues; Human cells or tissues (preservation of living cells or tissues A01N1/02)},{Animal cells or tissues; Human cells or tissues (preservation of living cells or tissues A01N1/02)},Compilation of Changes
2023.05,U,C12N 5/0602,C12N 5/0602,{Vertebrate cells},{Vertebrate cells},Compilation of Changes
2023.05,C,C12N 5/0634,C12N 5/0634,{Cells from the blood or the immune system},{Cells from the blood or the immune system},Compilation of Changes
2023.05,C,C12N 5/0635,C12N 5/0635,{B lymphocytes},{B lymphocytes},Compilation of Changes
2023.05,C,C12N 5/0636,C12N 5/0636,{T lymphocytes},{T lymphocytes},Compilation of Changes
2023.05,C,C12N 5/0637,C12N 5/0637,"{Immunosuppressive T lymphocytes, e.g. regulatory T cells (Treg)or Treg}","{Immunosuppressive T lymphocytes, e.g. regulatory T cells (Treg)or Treg}",Compilation of Changes
2023.05,C,C12N 5/0638,C12N 5/0638,"{Cytotoxic T lymphocytes [CTL], or lymphokine activated killer cells [LAK]}","{Cytotoxic T lymphocytes [CTL], or lymphokine activated killer cells [LAK]}",Compilation of Changes
2023.05,C,C12N 5/0639,C12N 5/0639,"{Dendritic cells, e.g. Langherhans cells in the epidermis}","{Dendritic cells, e.g. Langherhans cells in the epidermis}",Compilation of Changes
2023.05,C,C12N 5/064,C12N 5/064,{Immunosuppressive dendritic cells},{Immunosuppressive dendritic cells},Compilation of Changes
2023.05,C,C12N 5/0645,C12N 5/0645,"{Macrophages, e.g. Kuepfer cells in the liver; Monocytes}","{Macrophages, e.g. Kuepfer cells in the liver; Monocytes}",Compilation of Changes
2023.05,C,C12N 5/0646,C12N 5/0646,"{Natural killers cells [NK], NKT cells}","{Natural killers cells [NK], NKT cells}",Compilation of Changes
2023.05,U,C25D 5/00,C25D 5/00,Electroplating characterised by the process; Pretreatment or after-treatment of workpieces,Electroplating characterised by the process; Pretreatment or after-treatment of workpieces,Compilation of Changes
2023.05,U,C25D 5/02,C25D 5/02,Electroplating of selected surface areas,Electroplating of selected surface areas,Compilation of Changes
2023.05,M,C25D 5/022,C25D 5/022,{using masking means},{using masking means},Compilation of Changes
2023.05,M,C25D 5/54,C25D 5/54,Electroplating of non-metallic surfaces (C25D7/12 takes precedence),Electroplating of non-metallic surfaces (C25D7/12 takes precedence),Compilation of Changes
2023.05,M,C25D 5/56,C25D 5/56,of plastics,of plastics,Compilation of Changes
2023.05,M,C25D 7/00,C25D 7/00,Electroplating characterised by the article coated,Electroplating characterised by the article coated,Compilation of Changes
2023.05,M,C25D 7/005,C25D 7/005,{Jewels; Clockworks; Coins},{Jewels; Clockworks; Coins},Compilation of Changes
2023.05,M,C25D 7/12,C25D 7/12,Semiconductors,Semiconductors,Compilation of Changes
2023.05,M,C25D 7/123,C25D 7/123,{Semiconductors first coated with a seed layer or a conductive layer},{Semiconductors first coated with a seed layer or a conductive layer},Compilation of Changes
2023.05,M,C25D 7/126,C25D 7/126,{for solar cells},{for solar cells},Compilation of Changes
2023.05,U,C25D 11/00,C25D 11/00,"Electrolytic coating by surface reaction, i.e. forming conversion layers","Electrolytic coating by surface reaction, i.e. forming conversion layers",Compilation of Changes
2023.05,U,C25D 11/02,C25D 11/02,Anodisation,Anodisation,Compilation of Changes
2023.05,M,C25D 11/022,C25D 11/022,{Anodisation on selected surface areas},{Anodisation on selected surface areas},Compilation of Changes
2023.05,U,C25D 13/00,C25D 13/00,Electrophoretic coating characterised by the process (C25D15/00 takes precedence; compositions for electrophoretic coating C09D5/44),Electrophoretic coating characterised by the process (C25D15/00 takes precedence; compositions for electrophoretic coating C09D5/44),Compilation of Changes
2023.05,U,C25D 13/22,C25D 13/22,Servicing or operating {apparatus or multistep processes},Servicing or operating {apparatus or multistep processes},Compilation of Changes
2023.05,M,C25D 13/24,C25D 13/24,Regeneration of process liquids,Regeneration of process liquids,Compilation of Changes
2023.05,U,C25D 21/00,C25D 21/00,Processes for servicing or operating cells for electrolytic coating,Processes for servicing or operating cells for electrolytic coating,Compilation of Changes
2023.05,M,C25D 21/16,C25D 21/16,Regeneration of process solutions,Regeneration of process solutions,Compilation of Changes
2023.05,U,E21C 25/00,E21C 25/00,"Cutting machines, i.e. for making slits approximately parallel or perpendicular to the seam (dislodging machines with slitting means E21C27/02, E21C27/10, E21C27/18)","Cutting machines, i.e. for making slits approximately parallel or perpendicular to the seam (dislodging machines with slitting means E21C27/02, E21C27/10, E21C27/18)",Compilation of Changes
2023.05,M,E21C 25/56,E21C 25/56,"Slitting by cutter cables or cutter chains or by tools drawn along the working face by cables or the like, in each case guided parallel to the face, e.g. by a conveyor, or by a guide parallel to a conveyor (pressing the conveyor equipped with tools towardstoward the working face E21C35/14)","Slitting by cutter cables or cutter chains or by tools drawn along the working face by cables or the like, in each case guided parallel to the face, e.g. by a conveyor, or by a guide parallel to a conveyor (pressing the conveyor equipped with tools towardstoward the working face E21C35/14)",Compilation of Changes
2023.05,M,E21C 25/06,E21C 25/06,Slitting by jets of water or other liquid (picks with arrangements of fluid-spraying nozzles E21C35/187; picks with arrangement of fluid-spraying nozzles E21C35/187; distribution of spraying fluids in rotating cutter-heads E21C35/23),Slitting by jets of water or other liquid (picks with arrangements of fluid-spraying nozzles E21C35/187; picks with arrangement of fluid-spraying nozzles E21C35/187; distribution of spraying fluids in rotating cutter-heads E21C35/23),Compilation of Changes
2023.05,M,E21C 35/00,E21C 35/00,"Details of, or accessories for, machines for slitting or completely freeing the mineral from the seam, not provided for in groups E21C25/00 - E21C33/00, E21C37/00 or E21C39/00","Details of, or accessories for, machines for slitting or completely freeing the mineral from the seam, not provided for in groups E21C25/00 - E21C33/00, E21C37/00 or E21C39/00",Compilation of Changes
2023.05,M,E21C 35/06,E21C 35/06,Equipment for positioning the whole machine in relation to its substructuresub-structure,Equipment for positioning the whole machine in relation to its substructuresub-structure,Compilation of Changes
2023.05,C,E21C 35/08,E21C 35/08,Guiding the machine,Guiding the machine,Compilation of Changes
2023.05,C,E21C 35/01,E21C 35/01,by feelers contacting the working face,by feelers contacting the working face,Compilation of Changes
2023.05,C,E21C 35/12,E21C 35/12,along a conveyor for the cut mineralmaterial,along a conveyor for the cut mineralmaterial,Compilation of Changes
2023.05,C,E21C 35/125,E21C 35/125,{Means for inclining the conveyor},{Means for inclining the conveyor},Compilation of Changes
2023.05,C,E21C 35/14,E21C 35/14,Equipment for pressing the conveyor towards the working face,Equipment for pressing the conveyor towards the working face,Compilation of Changes
2023.05,C,E21C 35/16,E21C 35/16,"by making use of the timbering, filling, or other supports","by making use of the timbering, filling, or other supports",Compilation of Changes
2023.05,M,E21C 35/18,E21C 35/18,Mining picks; Holders therefor (planing knives E21C27/44  {; pick-like bits for milling stone like materials B28D1/186}),Mining picks; Holders therefor (planing knives E21C27/44  {; pick-like bits for milling stone like materials B28D1/186}),Compilation of Changes
2023.05,M,E21C 35/183,E21C 35/183,with inserts or layers of wear-resistantresisting material {(drill bits with wear-resistant parts E21B10/46)},with inserts or layers of wear-resistantresisting material {(drill bits with wear-resistant parts E21B10/46)},Compilation of Changes
2023.05,C,E21C 35/24,E21C 35/24,Remote control specially adapted for machines for slitting or completely freeing the mineral (control in general G05),Remote control specially adapted for machines for slitting or completely freeing the mineral (control in general G05),Compilation of Changes
2023.05,N,E21C 35/282,E21C 35/282,{Autonomous machines; Autonomous operations},{Autonomous machines; Autonomous operations},Compilation of Changes
2023.05,N,E21C 35/302,E21C 35/302,"{Measuring, signaling or indicating specially adapted for machines for slitting or completely freeing the mineral (measuring or indicating on tunneling machines E21D9/003)}","{Measuring, signaling or indicating specially adapted for machines for slitting or completely freeing the mineral (measuring or indicating on tunneling machines E21D9/003)}",Compilation of Changes
2023.05,M,E21C 41/00,E21C 41/00,"Methods of mining or quarrying; Open-pit mining; Layouts therefor (methods or apparatus for obtaining oil, gas, water, soluble or meltable materials or a slurry of minerals from wells E21B43/00)","Methods of mining or quarrying; Open-pit mining; Layouts therefor (methods or apparatus for obtaining oil, gas, water, soluble or meltable materials or a slurry of minerals from wells E21B43/00)",Compilation of Changes
2023.05,U,E21C 51/00,E21C 51/00,"Apparatus for, or methods of, winning materials from extraterrestrial sources (cosmonautics B64G)","Apparatus for, or methods of, winning materials from extraterrestrial sources (cosmonautics B64G)",Compilation of Changes
2023.05,N,E21C 2100/00,E21C 2100/00,"Modeling, simulating or designing mining operations","Modeling, simulating or designing mining operations",Compilation of Changes
2023.05,N,E21C 2200/00,E21C 2200/00,Mining robots,Mining robots,Compilation of Changes
2023.05,U,F01L 1/00,F01L 1/00,"Valve-gear or valve arrangements, e.g. lift-valve gear (lift-valve and valve-seat assemblies per se F01L3/00; slide-valve gear F01L5/00; actuated non-mechanically F01L9/00; valve arrangements in working piston or piston rod F01L11/00; modifications of valve-gear to facilitate reversing, braking, starting, changing compression ratio, or other specific operations F01L13/00)","Valve-gear or valve arrangements, e.g. lift-valve gear (lift-valve and valve-seat assemblies per se F01L3/00; slide-valve gear F01L5/00; actuated non-mechanically F01L9/00; valve arrangements in working piston or piston rod F01L11/00; modifications of valve-gear to facilitate reversing, braking, starting, changing compression ratio, or other specific operations F01L13/00)",Compilation of Changes
2023.05,U,F01L 1/02,F01L 1/02,Valve drive (transmitting-gear between valve drive and valve F01L1/12),Valve drive (transmitting-gear between valve drive and valve F01L1/12),Compilation of Changes
2023.05,U,F01L 1/04,F01L 1/04,"by means of cams, camshafts, cam discs, eccentrics or the like (F01L1/10 takes precedence)","by means of cams, camshafts, cam discs, eccentrics or the like (F01L1/10 takes precedence)",Compilation of Changes
2023.05,M,F01L 1/044,F01L 1/044,{Reciprocating cams},{Reciprocating cams},Compilation of Changes
2023.05,M,F01L 1/01,F01L 1/01,by means of crank-or eccentric-driven rods,by means of crank-or eccentric-driven rods,Compilation of Changes
2023.05,U,F21K 99/00,F21K 99/00,Subject matter not provided for in other groups of this subclass,Subject matter not provided for in other groups of this subclass,Compilation of Changes
2023.05,D,F21K 2099/005,F21K 2099/005,{Other light sources comprising light emitting diodes associated with conversion means},{Other light sources comprising light emitting diodes associated with conversion means},Compilation of Changes
2023.05,C,F21Y 2113/00,F21Y 2113/00,Combination of light sources,Combination of light sources,Compilation of Changes
2023.05,C,F21Y 2113/01,F21Y 2113/01,of different colours,of different colours,Compilation of Changes
2023.05,C,F21Y 2113/13,F21Y 2113/13,comprising an assembly of point-like light sources,comprising an assembly of point-like light sources,Compilation of Changes
2023.05,C,F21Y 2113/17,F21Y 2113/17,forming a single encapsulated light source,forming a single encapsulated light source,Compilation of Changes
2023.05,C,F21Y 2113/02,F21Y 2113/02,of different form,of different form,Compilation of Changes
2023.05,N,F21Y 2113/03,F21Y 2113/03,{of visible and non-visible spectrum},{of visible and non-visible spectrum},Compilation of Changes
2023.05,U,F23D 11/00,F23D 11/00,Burners using a direct spraying action of liquid droplets or vaporised liquid into the combustion space,Burners using a direct spraying action of liquid droplets or vaporised liquid into the combustion space,Compilation of Changes
2023.05,U,F23D 11/36,F23D 11/36,"Details {, e.g. burner cooling means, noise reduction means}","Details {, e.g. burner cooling means, noise reduction means}",Compilation of Changes
2023.05,U,F23D 11/44,F23D 11/44,Preheating devices; Vaporising devices,Preheating devices; Vaporising devices,Compilation of Changes
2023.05,U,F23D 11/441,F23D 11/441,{Vaporising devices incorporated with burners},{Vaporising devices incorporated with burners},Compilation of Changes
2023.05,M,F23D 11/443,F23D 11/443,{heated by the main burner flame},{heated by the main burner flame},Compilation of Changes
2023.05,M,F23D 11/445,F23D 11/445,{the flame and the vaporiser not coming into direct contact},{the flame and the vaporiser not coming into direct contact},Compilation of Changes
2023.05,U,F23D 14/00,F23D 14/00,"Burners for combustion of a gas, e.g. of a gas stored under pressure as a liquid","Burners for combustion of a gas, e.g. of a gas stored under pressure as a liquid",Compilation of Changes
2023.05,M,F23D 14/12,F23D 14/12,Radiant burners,Radiant burners,Compilation of Changes
2023.05,M,F23D 14/126,F23D 14/126,{cooperating with refractory wall surfaces},{cooperating with refractory wall surfaces},Compilation of Changes
2023.05,M,F23D 14/14,F23D 14/14,using screens or perforated plates,using screens or perforated plates,Compilation of Changes
2023.05,M,F23D 14/145,F23D 14/145,{combustion being stabilised at a screen or a perforated plate},{combustion being stabilised at a screen or a perforated plate},Compilation of Changes
2023.05,M,F23D 14/147,F23D 14/147,{with perforated plates as radiation intensifying means},{with perforated plates as radiation intensifying means},Compilation of Changes
2023.05,M,F23D 14/148,F23D 14/148,"{with grids, e.g. strips or rods, as radiation intensifying means}","{with grids, e.g. strips or rods, as radiation intensifying means}",Compilation of Changes
2023.05,M,F23D 14/149,F23D 14/149,"{with wires, threads or gauzes as radiation intensifying means}","{with wires, threads or gauzes as radiation intensifying means}",Compilation of Changes
2023.05,M,F23D 14/151,F23D 14/151,{with radiation intensifying means other than screens or perforated plates},{with radiation intensifying means other than screens or perforated plates},Compilation of Changes
2023.05,M,F23D 14/18,F23D 14/18,using catalysis for flameless combustion,using catalysis for flameless combustion,Compilation of Changes
2023.05,M,F23D 14/181,F23D 14/181,{with carbon containing radiating surface},{with carbon containing radiating surface},Compilation of Changes
2023.05,M,F24D 18/00,F24D 18/00,"Small-scale combined heat and power [CHP] generation systems specially adapted for domestic heating, space heating or domestic hot-water supply","Small-scale combined heat and power [CHP] generation systems specially adapted for domestic heating, space heating or domestic hot-water supply",Compilation of Changes
2023.05,M,F24D 2101/00,F24D 2101/00,Electric generators of small-scale CHP systems,Electric generators of small-scale CHP systems,Compilation of Changes
2023.05,M,F24D 2103/00,F24D 2103/00,Thermal aspects of small-scale CHP systems,Thermal aspects of small-scale CHP systems,Compilation of Changes
2023.05,M,F24D 2105/00,F24D 2105/00,Constructional aspects of small-scale CHP systems,Constructional aspects of small-scale CHP systems,Compilation of Changes
2023.05,U,F24F 11/00,F24F 11/00,Control or safety arrangements,Control or safety arrangements,Compilation of Changes
2023.05,M,F24F 11/03,F24F 11/03,"for purposes related to the operation of the system, e.g. for safety or monitoring","for purposes related to the operation of the system, e.g. for safety or monitoring",Compilation of Changes
2023.05,M,F24F 11/05,F24F 11/05,characterised by user interfaces or communication,characterised by user interfaces or communication,Compilation of Changes
2023.05,M,F24F 11/62,F24F 11/62,"characterised by the type of control or by internal processing, e.g. using fuzzy logic, adaptive control or estimation of values","characterised by the type of control or by internal processing, e.g. using fuzzy logic, adaptive control or estimation of values",Compilation of Changes
2023.05,U,F24F 11/63,F24F 11/63,Electronic processing,Electronic processing,Compilation of Changes
2023.05,M,F24F 11/65,F24F 11/65,for selecting an operating mode,for selecting an operating mode,Compilation of Changes
2023.05,M,F24F 11/67,F24F 11/67,Switching between heating and cooling modes,Switching between heating and cooling modes,Compilation of Changes
2023.05,M,F24F 11/07,F24F 11/07,Control systems characterised by their outputs; Constructional details thereof,Control systems characterised by their outputs; Constructional details thereof,Compilation of Changes
2023.05,U,F24F 11/72,F24F 11/72,"for controlling the supply of treated air, e.g. its pressure","for controlling the supply of treated air, e.g. its pressure",Compilation of Changes
2023.05,M,F24F 11/74,F24F 11/74,for controlling air flow rate or air velocity,for controlling air flow rate or air velocity,Compilation of Changes
2023.05,M,F24F 11/755,F24F 11/755,for cyclical variation of air flow rate or air velocity,for cyclical variation of air flow rate or air velocity,Compilation of Changes
2023.05,M,F24F 11/08,F24F 11/08,for controlling the temperature of the supplied air,for controlling the temperature of the supplied air,Compilation of Changes
2023.05,M,F24F 11/83,F24F 11/83,by controlling the supply of heat-exchange fluids to heat-exchangers,by controlling the supply of heat-exchange fluids to heat-exchangers,Compilation of Changes
2023.05,M,F24F 11/84,F24F 11/84,using valves,using valves,Compilation of Changes
2023.05,M,F24F 11/85,F24F 11/85,using variable-flow pumps,using variable-flow pumps,Compilation of Changes
2023.05,M,F24F 11/88,F24F 11/88,"Electrical aspects, e.g. circuits","Electrical aspects, e.g. circuits",Compilation of Changes
2023.05,U,F24F 2110/00,F24F 2110/00,Control inputs relating to air properties,Control inputs relating to air properties,Compilation of Changes
2023.05,M,F24F 2110/04,F24F 2110/04,"Pressure, e.g. wind pressure","Pressure, e.g. wind pressure",Compilation of Changes
2023.05,M,F24F 2110/05,F24F 2110/05,Air quality properties,Air quality properties,Compilation of Changes
2023.05,M,F24F 2110/65,F24F 2110/65,Concentration of specific substances or contaminants,Concentration of specific substances or contaminants,Compilation of Changes
2023.05,M,F24F 2120/00,F24F 2120/00,Control inputs relating to users or occupants,Control inputs relating to users or occupants,Compilation of Changes
2023.05,M,F24F 2140/00,F24F 2140/00,Control inputs relating to system states,Control inputs relating to system states,Compilation of Changes
2023.05,M,F24F 2140/01,F24F 2140/01,Pressure,Pressure,Compilation of Changes
2023.05,M,F24H 2240/00,F24H 2240/00,Fluid heaters having electrical generators,Fluid heaters having electrical generators,Compilation of Changes
2023.05,M,F24H 2240/01,F24H 2240/01,"Batteries, electrical energy storage device","Batteries, electrical energy storage device",Compilation of Changes
2023.05,M,F24H 2240/02,F24H 2240/02,with combustion engines,with combustion engines,Compilation of Changes
2023.05,M,F24H 2240/04,F24H 2240/04,External combustion engines,External combustion engines,Compilation of Changes
2023.05,M,F24H 2240/06,F24H 2240/06,Internal combustion engines,Internal combustion engines,Compilation of Changes
2023.05,M,F24H 2240/08,F24H 2240/08,with peltier elements,with peltier elements,Compilation of Changes
2023.05,M,F24H 2240/09,F24H 2240/09,with photovoltaic cells,with photovoltaic cells,Compilation of Changes
2023.05,M,F24H 2240/01,F24H 2240/01,with fuel cells,with fuel cells,Compilation of Changes
2023.05,M,F24H 2240/12,F24H 2240/12,with thermodynamic cycle for converting thermal energy to mechanical power to produce electrical energy,with thermodynamic cycle for converting thermal energy to mechanical power to produce electrical energy,Compilation of Changes
2023.05,M,F24H 2240/122,F24H 2240/122,Stirling cycles,Stirling cycles,Compilation of Changes
2023.05,M,F24H 2240/125,F24H 2240/125,Carnot cycles,Carnot cycles,Compilation of Changes
2023.05,M,F24H 2240/127,F24H 2240/127,"Rankine cycles, e.g. steam heat engines","Rankine cycles, e.g. steam heat engines",Compilation of Changes
2023.05,U,F25C 1/00,F25C 1/00,Producing ice (F25C3/00 takes precedence),Producing ice (F25C3/00 takes precedence),Compilation of Changes
2023.05,U,F25C 1/12,F25C 1/12,"by freezing water on cooled surfaces, e.g. to form slabs","by freezing water on cooled surfaces, e.g. to form slabs",Compilation of Changes
2023.05,U,F25C 1/14,F25C 1/14,"to form thin sheets which are removed by scraping or wedging, e.g. in the form of flakes","to form thin sheets which are removed by scraping or wedging, e.g. in the form of flakes",Compilation of Changes
2023.05,U,F25C 1/145,F25C 1/145,from the inner walls of cooled bodies,from the inner walls of cooled bodies,Compilation of Changes
2023.05,M,F25C 1/147,F25C 1/147,by using augers,by using augers,Compilation of Changes
2023.05,U,F25C 5/00,F25C 5/00,Working or handling ice (F25C3/00 takes precedence),Working or handling ice (F25C3/00 takes precedence),Compilation of Changes
2023.05,M,F25C 5/14,F25C 5/14,"Apparatus for shaping or finishing ice pieces, e.g. ice presses","Apparatus for shaping or finishing ice pieces, e.g. ice presses",Compilation of Changes
2023.05,M,F25C 5/142,F25C 5/142,{extrusion of ice crystals},{extrusion of ice crystals},Compilation of Changes
2023.05,U,G01D 5/00,G01D 5/00,Mechanical means for transferring the output of a sensing member; Means for converting the output of a sensing member to another variable where the form or nature of the sensing member does not constrain the means for converting; Transducers not specially adapted for a specific variable (G01D3/00 takes precedence; specially adapted for apparatus giving results other than momentary value of variable G01D1/00),Mechanical means for transferring the output of a sensing member; Means for converting the output of a sensing member to another variable where the form or nature of the sensing member does not constrain the means for converting; Transducers not specially adapted for a specific variable (G01D3/00 takes precedence; specially adapted for apparatus giving results other than momentary value of variable G01D1/00),Compilation of Changes
2023.05,U,G01D 5/12,G01D 5/12,using electric or magnetic means (G01D5/06 takes precedence),using electric or magnetic means (G01D5/06 takes precedence),Compilation of Changes
2023.05,U,G01D 5/14,G01D 5/14,influencing the magnitude of a current or voltage,influencing the magnitude of a current or voltage,Compilation of Changes
2023.05,M,G01D 5/18,G01D 5/18,by varying effective impedance of discharge tubes or semiconductor devices,by varying effective impedance of discharge tubes or semiconductor devices,Compilation of Changes
2023.05,M,G01D 5/183,G01D 5/183,"{Sensing rotation or linear movement using strain, force or pressure sensors}","{Sensing rotation or linear movement using strain, force or pressure sensors}",Compilation of Changes
2023.05,M,G01D 5/24,G01D 5/24,by varying capacitance,by varying capacitance,Compilation of Changes
2023.05,M,G01D 5/2403,G01D 5/2403,"{by moving plates, not forming part of the capacitor itself, e.g. shields}","{by moving plates, not forming part of the capacitor itself, e.g. shields}",Compilation of Changes
2023.05,M,G01D 5/241,G01D 5/241,by relative movement of capacitor electrodes,by relative movement of capacitor electrodes,Compilation of Changes
2023.05,U,G01D 5/26,G01D 5/26,"characterised by optical transfer means, i.e. using infra-red, visible, or ultra-violet light","characterised by optical transfer means, i.e. using infra-red, visible, or ultra-violet light",Compilation of Changes
2023.05,U,G01D 5/32,G01D 5/32,with attenuation or whole or partial obturation of beams of light (G01D5/40 takes precedence {; mechanical adjustment G01D5/264}),with attenuation or whole or partial obturation of beams of light (G01D5/40 takes precedence {; mechanical adjustment G01D5/264}),Compilation of Changes
2023.05,U,G01D 5/34,G01D 5/34,the beams of light being detected by photocells,the beams of light being detected by photocells,Compilation of Changes
2023.05,U,G01D 5/347,G01D 5/347,using displacement encoding scales,using displacement encoding scales,Compilation of Changes
2023.05,U,G01D 5/34776,G01D 5/34776,{Absolute encoders with analogue or digital scales},{Absolute encoders with analogue or digital scales},Compilation of Changes
2023.05,M,G01D 5/34792,G01D 5/34792,{with only digital scales or both digital and incremental scales},{with only digital scales or both digital and incremental scales},Compilation of Changes
2023.05,M,G01D 5/34794,G01D 5/34794,"{Optical encoders using the Vernier principle, i.e. incorporating two or more tracks having a (n, n+1, ...) relationship}","{Optical encoders using the Vernier principle, i.e. incorporating two or more tracks having a (n, n+1, ...) relationship}",Compilation of Changes
2023.05,U,G01D 9/00,G01D 9/00,Recording measured values,Recording measured values,Compilation of Changes
2023.05,M,G01D 9/005,G01D 9/005,{Solid-state data loggers},{Solid-state data loggers},Compilation of Changes
2023.05,M,G01D 9/007,G01D 9/007,"{Data loggers attached to transport containers for perishable products, e.g. food or medicines}","{Data loggers attached to transport containers for perishable products, e.g. food or medicines}",Compilation of Changes
2023.05,U,G01F 1/00,G01F 1/00,Measuring the volume flow or mass flow of fluid or fluent solid material wherein the fluid passes through a meter in a continuous flow (measuring a proportion of the volume flow G01F5/00),Measuring the volume flow or mass flow of fluid or fluent solid material wherein the fluid passes through a meter in a continuous flow (measuring a proportion of the volume flow G01F5/00),Compilation of Changes
2023.05,U,G01F 1/704,G01F 1/704,"using marked regions or existing inhomogeneities within the fluid stream, e.g. statistically occurring variations in a fluid parameter (G01F1/76, G01F25/00 take precedence)","using marked regions or existing inhomogeneities within the fluid stream, e.g. statistically occurring variations in a fluid parameter (G01F1/76, G01F25/00 take precedence)",Compilation of Changes
2023.05,U,G01F 1/708,G01F 1/708,Measuring the time taken to traverse a fixed distance,Measuring the time taken to traverse a fixed distance,Compilation of Changes
2023.05,M,G01F 1/7082,G01F 1/7082,using acoustic detecting arrangements,using acoustic detecting arrangements,Compilation of Changes
2023.05,M,G01F 1/7084,G01F 1/7084,using thermal detecting arrangements,using thermal detecting arrangements,Compilation of Changes
2023.05,M,G01F 1/7086,G01F 1/7086,using optical detecting arrangements,using optical detecting arrangements,Compilation of Changes
2023.05,M,G01F 1/7088,G01F 1/7088,using electrically charged particles as tracers,using electrically charged particles as tracers,Compilation of Changes
2023.05,M,G01F 1/712,G01F 1/712,using auto-correlation or cross-correlation detection means,using auto-correlation or cross-correlation detection means,Compilation of Changes
2023.05,M,G01J 4/00,G01J 4/00,Measuring polarisation of light (investigating or analysing materials by measuring rotation of plane of polarised light G01N21/21),Measuring polarisation of light (investigating or analysing materials by measuring rotation of plane of polarised light G01N21/21),Compilation of Changes
2023.05,D,G01J 2004/001,G01J 2004/001,{Devices},{Devices},Compilation of Changes
2023.05,D,G01J 2004/002,G01J 2004/002,{Selecting polarisation direction},{Selecting polarisation direction},Compilation of Changes
2023.05,D,G01J 2004/004,G01J 2004/004,"{sequential, i.e. time-divided}","{sequential, i.e. time-divided}",Compilation of Changes
2023.05,D,G01J 2004/005,G01J 2004/005,"{simultaneous, i.e. space-divided}","{simultaneous, i.e. space-divided}",Compilation of Changes
2023.05,D,G01J 2004/007,G01J 2004/007,{Mechanical mounting},{Mechanical mounting},Compilation of Changes
2023.05,D,G01J 2004/008,G01J 2004/008,{Polarisation rate},{Polarisation rate},Compilation of Changes
2023.05,U,G01K 5/00,G01K 5/00,Measuring temperature based on the expansion or contraction of a material (G01K9/00 takes precedence; giving other than momentary value of temperature G01K3/00),Measuring temperature based on the expansion or contraction of a material (G01K9/00 takes precedence; giving other than momentary value of temperature G01K3/00),Compilation of Changes
2023.05,U,G01K 5/02,G01K 5/02,the material being a liquid (contained in a hollow body having parts which are deformable or displaceable under the pressure developed by the material G01K5/32),the material being a liquid (contained in a hollow body having parts which are deformable or displaceable under the pressure developed by the material G01K5/32),Compilation of Changes
2023.05,M,G01K 5/22,G01K 5/22,with provision for expansion indicating over not more than a few degrees,with provision for expansion indicating over not more than a few degrees,Compilation of Changes
2023.05,U,G01K 11/00,G01K 11/00,"Measuring temperature based upon physical or chemical changes not covered by groups G01K3/00, G01K5/00, G01K7/00 or G01K9/00","Measuring temperature based upon physical or chemical changes not covered by groups G01K3/00, G01K5/00, G01K7/00 or G01K9/00",Compilation of Changes
2023.05,U,G01K 11/12,G01K 11/12,"using changes in colour, translucency or reflectance","using changes in colour, translucency or reflectance",Compilation of Changes
2023.05,M,G01K 11/14,G01K 11/14,of inorganic materials,of inorganic materials,Compilation of Changes
2023.05,U,G01K 11/16,G01K 11/16,of organic materials,of organic materials,Compilation of Changes
2023.05,M,G01K 11/165,G01K 11/165,of organic liquid crystals,of organic liquid crystals,Compilation of Changes
2023.05,U,G01K 13/00,G01K 13/00,Thermometers specially adapted for specific purposes,Thermometers specially adapted for specific purposes,Compilation of Changes
2023.05,M,G01K 13/02,G01K 13/02,Clinical contact thermometers for use with humans or animals,Clinical contact thermometers for use with humans or animals,Compilation of Changes
2023.05,U,G01N 27/00,G01N 27/00,"Investigating or analysing materials by the use of electric, electrochemical, or magnetic means (G01N3/00 – G01N25/00 take precedence; measurement or testing of electric or magnetic variables or of electric or magnetic properties of materials G01R)","Investigating or analysing materials by the use of electric, electrochemical, or magnetic means (G01N3/00 – G01N25/00 take precedence; measurement or testing of electric or magnetic variables or of electric or magnetic properties of materials G01R)",Compilation of Changes
2023.05,M,G01N 27/62,G01N 27/62,"by investigating the ionisation of gases, e.g. aerosols; by investigating electric discharges, e.g. emission of cathode","by investigating the ionisation of gases, e.g. aerosols; by investigating electric discharges, e.g. emission of cathode",Compilation of Changes
2023.05,M,G01N 27/622,G01N 27/622,Ion mobility spectrometry,Ion mobility spectrometry,Compilation of Changes
2023.05,M,G01N 27/623,G01N 27/623,combined with mass spectrometry,combined with mass spectrometry,Compilation of Changes
2023.05,M,G01S 5/00,G01S 5/00,"Position-fixing by co-ordinating two or more direction or position line determinations; Position-fixing by co-ordinating two or more distance determinations {(using active systems G01S13/00, G01S15/00, G01S17/00)}","Position-fixing by co-ordinating two or more direction or position line determinations; Position-fixing by co-ordinating two or more distance determinations {(using active systems G01S13/00, G01S15/00, G01S17/00)}",Compilation of Changes
2023.05,M,G01S 5/01,G01S 5/01,"{Determining conditions which influence positioning, e.g. radio environment, state of motion or energy consumption}","{Determining conditions which influence positioning, e.g. radio environment, state of motion or energy consumption}",Compilation of Changes
2023.05,M,G01S 5/011,G01S 5/011,{Identifying the radio environment},{Identifying the radio environment},Compilation of Changes
2023.05,M,G01S 5/012,G01S 5/012,{Identifying whether indoors or outdoors},{Identifying whether indoors or outdoors},Compilation of Changes
2023.05,M,G01S 5/013,G01S 5/013,{Identifying areas in a building},{Identifying areas in a building},Compilation of Changes
2023.05,M,G01S 5/014,G01S 5/014,{Identifying transitions between environments},{Identifying transitions between environments},Compilation of Changes
2023.05,M,G01S 5/015,G01S 5/015,{between indoor and outdoor environments},{between indoor and outdoor environments},Compilation of Changes
2023.05,M,G01S 5/016,G01S 5/016,{between areas within a building},{between areas within a building},Compilation of Changes
2023.05,M,G01S 5/017,G01S 5/017,{Detecting state or type of motion},{Detecting state or type of motion},Compilation of Changes
2023.05,M,G01S 5/018,G01S 5/018,{Involving non-radio wave signals or measurements},{Involving non-radio wave signals or measurements},Compilation of Changes
2023.05,M,G01S 5/019,G01S 5/019,{Energy consumption},{Energy consumption},Compilation of Changes
2023.05,M,G01S 5/02,G01S 5/02,using radio waves (using satellite radio beacon systems for determining position G01S19/00),using radio waves (using satellite radio beacon systems for determining position G01S19/00),Compilation of Changes
2023.05,M,G01S 5/0205,G01S 5/0205,{Details},{Details},Compilation of Changes
2023.05,M,G01S 5/0215,G01S 5/0215,{Interference},{Interference},Compilation of Changes
2023.05,M,G01S 5/0218,G01S 5/0218,{Multipath in signal reception},{Multipath in signal reception},Compilation of Changes
2023.05,M,G01S 5/0221,G01S 5/0221,{Receivers},{Receivers},Compilation of Changes
2023.05,M,G01S 5/02213,G01S 5/02213,{Receivers arranged in a network for determining the position of a transmitter},{Receivers arranged in a network for determining the position of a transmitter},Compilation of Changes
2023.05,M,G01S 5/02216,G01S 5/02216,{Timing or synchronisation of the receivers},{Timing or synchronisation of the receivers},Compilation of Changes
2023.05,M,G01S 5/0242,G01S 5/0242,{Determining the position of transmitters to be subsequently used in positioning (G01S5/0289 takes precedence)},{Determining the position of transmitters to be subsequently used in positioning (G01S5/0289 takes precedence)},Compilation of Changes
2023.05,M,G01S 5/0244,G01S 5/0244,{Accuracy or reliability of position solution or of measurements contributing thereto},{Accuracy or reliability of position solution or of measurements contributing thereto},Compilation of Changes
2023.05,M,G01S 5/0246,G01S 5/0246,{involving frequency difference of arrival or Doppler measurements (G01S5/02685 takes precedence)},{involving frequency difference of arrival or Doppler measurements (G01S5/02685 takes precedence)},Compilation of Changes
2023.05,M,G01S 5/0249,G01S 5/0249,{Determining position using measurements made by a non-stationary device other than the device whose position is being determined},{Determining position using measurements made by a non-stationary device other than the device whose position is being determined},Compilation of Changes
2023.05,M,G01S 5/0252,G01S 5/0252,{Radio frequency fingerprinting},{Radio frequency fingerprinting},Compilation of Changes
2023.05,M,G01S 5/02521,G01S 5/02521,{using a radio-map},{using a radio-map},Compilation of Changes
2023.05,M,G01S 5/02522,G01S 5/02522,{The radio-map containing measured values of non-radio values},{The radio-map containing measured values of non-radio values},Compilation of Changes
2023.05,M,G01S 5/02523,G01S 5/02523,{Details of interaction of receiver with radio-map},{Details of interaction of receiver with radio-map},Compilation of Changes
2023.05,M,G01S 5/02524,G01S 5/02524,{Creating or updating the radio-map},{Creating or updating the radio-map},Compilation of Changes
2023.05,M,G01S 5/02525,G01S 5/02525,{Gathering the radio frequency fingerprints},{Gathering the radio frequency fingerprints},Compilation of Changes
2023.05,M,G01S 5/02526,G01S 5/02526,"{using non-dedicated equipment, e.g. user equipment or crowd-sourcing}","{using non-dedicated equipment, e.g. user equipment or crowd-sourcing}",Compilation of Changes
2023.05,M,G01S 5/02527,G01S 5/02527,{Detecting or resolving anomalies in the radio frequency fingerprints of the radio-map},{Detecting or resolving anomalies in the radio frequency fingerprints of the radio-map},Compilation of Changes
2023.05,M,G01S 5/02528,G01S 5/02528,{Simulating radio frequency fingerprints},{Simulating radio frequency fingerprints},Compilation of Changes
2023.05,M,G01S 5/02529,G01S 5/02529,"{not involving signal parameters, i.e. only involving identifiers}","{not involving signal parameters, i.e. only involving identifiers}",Compilation of Changes
2023.05,M,G01S 5/0257,G01S 5/0257,{Hybrid positioning (by coordinating position lines of different shape G01S5/12)},{Hybrid positioning (by coordinating position lines of different shape G01S5/12)},Compilation of Changes
2023.05,M,G01S 5/0258,G01S 5/0258,{by combining or switching between measurements derived from different systems},{by combining or switching between measurements derived from different systems},Compilation of Changes
2023.05,M,G01S 5/02585,G01S 5/02585,{at least one of the measurements being a non-radio measurement},{at least one of the measurements being a non-radio measurement},Compilation of Changes
2023.05,M,G01S 5/0263,G01S 5/0263,{by combining or switching between positions derived from two or more separate positioning systems},{by combining or switching between positions derived from two or more separate positioning systems},Compilation of Changes
2023.05,M,G01S 5/0264,G01S 5/0264,{at least one of the systems being a non-radio wave positioning system},{at least one of the systems being a non-radio wave positioning system},Compilation of Changes
2023.05,M,G01S 5/0268,G01S 5/0268,{by deriving positions from different combinations of signals or of estimated positions in a single positioning system},{by deriving positions from different combinations of signals or of estimated positions in a single positioning system},Compilation of Changes
2023.05,M,G01S 5/02685,G01S 5/02685,{involving dead reckoning based on radio wave measurements},{involving dead reckoning based on radio wave measurements},Compilation of Changes
2023.05,M,G01S 5/0269,G01S 5/0269,"{Inferred or constrained positioning, e.g. employing knowledge of the physical or electromagnetic environment, state of motion or other contextual information to infer or constrain a position}","{Inferred or constrained positioning, e.g. employing knowledge of the physical or electromagnetic environment, state of motion or other contextual information to infer or constrain a position}",Compilation of Changes
2023.05,M,G01S 5/02695,G01S 5/02695,{Constraining the position to lie on a curve or surface},{Constraining the position to lie on a curve or surface},Compilation of Changes
2023.05,M,G01S 5/0295,G01S 5/0295,"{Proximity-based methods, e.g. position inferred from reception of particular signals}","{Proximity-based methods, e.g. position inferred from reception of particular signals}",Compilation of Changes
2023.05,M,G01S 5/02955,G01S 5/02955,{by computing a weighted average of the positions of the signal transmitters},{by computing a weighted average of the positions of the signal transmitters},Compilation of Changes
2023.05,U,G01S 19/00,G01S 19/00,"Satellite radio beacon positioning systems; Determining position, velocity or attitude using signals transmitted by such systems","Satellite radio beacon positioning systems; Determining position, velocity or attitude using signals transmitted by such systems",Compilation of Changes
2023.05,U,G01S 19/38,G01S 19/38,Determining a navigation solution using signals transmitted by a satellite radio beacon positioning system,Determining a navigation solution using signals transmitted by a satellite radio beacon positioning system,Compilation of Changes
2023.05,U,G01S 19/39,G01S 19/39,"the satellite radio beacon positioning system transmitting time-stamped messages, e.g. GPS [Global Positioning System], GLONASS [Global Orbiting Navigation Satellite System] or GALILEO","the satellite radio beacon positioning system transmitting time-stamped messages, e.g. GPS [Global Positioning System], GLONASS [Global Orbiting Navigation Satellite System] or GALILEO",Compilation of Changes
2023.05,U,G01S 19/42,G01S 19/42,Determining position,Determining position,Compilation of Changes
2023.05,M,G01S 19/48,G01S 19/48,by combining or switching between position solutions derived from the satellite radio beacon positioning system and position solutions derived from a further system,by combining or switching between position solutions derived from the satellite radio beacon positioning system and position solutions derived from a further system,Compilation of Changes
2023.05,M,G01S 19/485,G01S 19/485,{whereby the further system is an optical system or imaging system},{whereby the further system is an optical system or imaging system},Compilation of Changes
2023.05,M,G01S 19/49,G01S 19/49,"whereby the further system is an inertial position system, e.g. loosely-coupled","whereby the further system is an inertial position system, e.g. loosely-coupled",Compilation of Changes
2023.05,U,G01S 2205/00,G01S 2205/00,Position-fixing by co-ordinating two or more direction or position line determinations; Position-fixing by co-ordinating two or more distance determinations,Position-fixing by co-ordinating two or more direction or position line determinations; Position-fixing by co-ordinating two or more distance determinations,Compilation of Changes
2023.05,M,G01S 2205/01,G01S 2205/01,specially adapted for specific applications,specially adapted for specific applications,Compilation of Changes
2023.05,M,G01S 2205/02,G01S 2205/02,Indoor,Indoor,Compilation of Changes
2023.05,M,G01S 2205/03,G01S 2205/03,Airborne,Airborne,Compilation of Changes
2023.05,M,G01S 2205/04,G01S 2205/04,Nautical,Nautical,Compilation of Changes
2023.05,M,G01S 2205/05,G01S 2205/05,Anti-theft or abduction,Anti-theft or abduction,Compilation of Changes
2023.05,M,G01S 2205/06,G01S 2205/06,Emergency,Emergency,Compilation of Changes
2023.05,M,G01S 2205/07,G01S 2205/07,Military,Military,Compilation of Changes
2023.05,M,G01S 2205/08,G01S 2205/08,Sport,Sport,Compilation of Changes
2023.05,M,G01S 2205/09,G01S 2205/09,for tracking people,for tracking people,Compilation of Changes
2023.05,M,G01S 2205/01,G01S 2205/01,Elderly or infirm,Elderly or infirm,Compilation of Changes
2023.05,M,G02B 6/00,G02B 6/00,"Light guides; Structural details of arrangements comprising light guides and other optical elements, e.g. couplings","Light guides; Structural details of arrangements comprising light guides and other optical elements, e.g. couplings",Compilation of Changes
2023.05,M,G02B 6/02,G02B 6/02,Optical fibres with cladding {with or without a coating},Optical fibres with cladding {with or without a coating},Compilation of Changes
2023.05,T,G02B 6/02395,G02B 6/02395,"{Glass optical fibre with a protective coating, e.g. two layer polymer coating deposited directly on a silica cladding surface during fibre manufacture (G02B6/02052, G02B6/02057, G02B6/105, G02B6/024, G02B6/032, G02B6/105, G02B6/14 take precedence; optical cables, i.e. comprising protective structures external to the protective coating such as a jacket or plural coated optical fibres G02B6/44; coating on fibre gratings G02B6/02104; coating of glass to obtain optical fibres C03C25/104; multilayer core or cladding G02B6/036; reinforcing splice joints G02B6/2558; optical cables, i.e. comprising protective structures external to the protective coating such as a jacket or plural coated optical fibres G02B6/44; coating of glass to obtain optical fibres C03C25/104)}","{Glass optical fibre with a protective coating, e.g. two layer polymer coating deposited directly on a silica cladding surface during fibre manufacture (G02B6/02052, G02B6/02057, G02B6/105, G02B6/024, G02B6/032, G02B6/105, G02B6/14 take precedence; optical cables, i.e. comprising protective structures external to the protective coating such as a jacket or plural coated optical fibres G02B6/44; coating on fibre gratings G02B6/02104; coating of glass to obtain optical fibres C03C25/104; multilayer core or cladding G02B6/036; reinforcing splice joints G02B6/2558; optical cables, i.e. comprising protective structures external to the protective coating such as a jacket or plural coated optical fibres G02B6/44; coating of glass to obtain optical fibres C03C25/104)}",Compilation of Changes
2023.05,U,G02B 6/3807,G02B 6/3807,"{Dismountable connectors, i.e. comprising plugs}","{Dismountable connectors, i.e. comprising plugs}",Compilation of Changes
2023.05,M,G02B 6/3887,G02B 6/3887,"{Anchoring optical cables to connector housings, e.g. strain relief features}","{Anchoring optical cables to connector housings, e.g. strain relief features}",Compilation of Changes
2023.05,M,G02B 6/38875,G02B 6/38875,{Protection from bending or twisting},{Protection from bending or twisting},Compilation of Changes
2023.05,M,G02B 6/3888,G02B 6/3888,{Protection from over-extension or over-compression},{Protection from over-extension or over-compression},Compilation of Changes
2023.05,M,G02B 6/3889,G02B 6/3889,"{using encapsulation for protection, e.g. adhesive, molding or casting resin}","{using encapsulation for protection, e.g. adhesive, molding or casting resin}",Compilation of Changes
2023.05,C,G02B 6/3897,G02B 6/3897,"{Connectors fixed to housings, casings, frames, circuit boards}casing, frames or circuit boards (G02B6/44528 takes precedence)}","{Connectors fixed to housings, casings, frames, circuit boards}casing, frames or circuit boards (G02B6/44528 takes precedence)}",Compilation of Changes
2023.05,U,G02B 6/44,G02B 6/44,"Mechanical structures for providing tensile strength and external protection for fibres, e.g. optical transmission cables (cables incorporating electric conductors and optical fibres {where features relating to the optical fibres are not of interest} H01B11/22)","Mechanical structures for providing tensile strength and external protection for fibres, e.g. optical transmission cables (cables incorporating electric conductors and optical fibres {where features relating to the optical fibres are not of interest} H01B11/22)",Compilation of Changes
2023.05,C,G02B 6/4401,G02B 6/4401,{Optical cables (glass fibres with a protective coating G02B6/02395)},{Optical cables (glass fibres with a protective coating G02B6/02395)},Compilation of Changes
2023.05,U,G02B 6/4415,G02B 6/4415,"{Cables for special applications (G02B6/4429, G02B6/4439, G02B6/4479 take precedence)}","{Cables for special applications (G02B6/4429, G02B6/4439, G02B6/4479 take precedence)}",Compilation of Changes
2023.05,C,G02B 6/4416,G02B 6/4416,{Heterogeneous cables},{Heterogeneous cables},Compilation of Changes
2023.05,U,G02B 6/4422,G02B 6/4422,{of the overhead type},{of the overhead type},Compilation of Changes
2023.05,M,G02B 6/4426,G02B 6/4426,"{Reducingspecially adapted for reducing drag caused by wiredthe wire, e.g. by oval cross-section}","{Reducingspecially adapted for reducing drag caused by wiredthe wire, e.g. by oval cross-section}",Compilation of Changes
2023.05,N,G02B 6/44265,G02B 6/44265,{Fibre-to-antenna cables; Auxiliary devices thereof},{Fibre-to-antenna cables; Auxiliary devices thereof},Compilation of Changes
2023.05,C,G02B 6/4429,G02B 6/4429,"{Strengthening and protecting features Means specially adapted for strengthening or protecting the cables}(G02B6/4492, G02B6/4494, G02B6/4496 take precedence)}","{Strengthening and protecting features Means specially adapted for strengthening or protecting the cables}(G02B6/4492, G02B6/4494, G02B6/4496 take precedence)}",Compilation of Changes
2023.05,C,G02B 6/443,G02B 6/443,{Protective covering},{Protective covering},Compilation of Changes
2023.05,N,G02B 6/4431,G02B 6/4431,"{with provision in the protective covering, e.g. weak line, for gaining access to one or more fibres, e.g. for branching or tapping (break-out terminations G02B6/4471)}","{with provision in the protective covering, e.g. weak line, for gaining access to one or more fibres, e.g. for branching or tapping (break-out terminations G02B6/4471)}",Compilation of Changes
2023.05,M,G02B 6/4438,G02B 6/4438,{for facilitating insertion by fluid drag in ducts or capillaries},{for facilitating insertion by fluid drag in ducts or capillaries},Compilation of Changes
2023.05,N,G02B 6/44382,G02B 6/44382,"{the means comprising hydrogen absorbing materials (G02B6/4439, G02B6/4479 take precedence)}","{the means comprising hydrogen absorbing materials (G02B6/4439, G02B6/4479 take precedence)}",Compilation of Changes
2023.05,N,G02B 6/44384,G02B 6/44384,"{the means comprising water blocking or hydrophobic materials (G02B6/4439, G02B6/4479 take precedence)}","{the means comprising water blocking or hydrophobic materials (G02B6/4439, G02B6/4479 take precedence)}",Compilation of Changes
2023.05,N,G02B 6/44386,G02B 6/44386,"{Freeze-prevention means (G02B6/4439, G02B6/4479 take precedence)}","{Freeze-prevention means (G02B6/4439, G02B6/4479 take precedence)}",Compilation of Changes
2023.05,M,G02B 6/4439,G02B 6/4439,{Auxiliary devices},{Auxiliary devices},Compilation of Changes
2023.05,M,G02B 6/444,G02B 6/444,{Systems andor boxes with surplus lengthlengths},{Systems andor boxes with surplus lengthlengths},Compilation of Changes
2023.05,C,G02B 6/4441,G02B 6/4441,{[Boxes]Boxes},{[Boxes]Boxes},Compilation of Changes
2023.05,M,G02B 6/4442,G02B 6/4442,{Cap coupling boxes},{Cap coupling boxes},Compilation of Changes
2023.05,M,G02B 6/4444,G02B 6/4444,{Seals},{Seals},Compilation of Changes
2023.05,M,G02B 6/4445,G02B 6/4445,{Divided base plates},{Divided base plates},Compilation of Changes
2023.05,C,G02B 6/4446,G02B 6/4446,"{CableboxesCable boxes, e.g. splicing boxes with two or more multi fibre cables}","{CableboxesCable boxes, e.g. splicing boxes with two or more multi fibre cables}",Compilation of Changes
2023.05,N,G02B 6/44465,G02B 6/44465,{Seals},{Seals},Compilation of Changes
2023.05,M,G02B 6/4447,G02B 6/4447,{with divided shells (G02B6/4448 takes precedence)},{with divided shells (G02B6/4448 takes precedence)},Compilation of Changes
2023.05,M,G02B 6/4448,G02B 6/4448,{electroElectro-optic},{electroElectro-optic},Compilation of Changes
2023.05,M,G02B 6/445,G02B 6/445,{with lateral pivoting cover},{with lateral pivoting cover},Compilation of Changes
2023.05,D,G02B 6/4451,G02B 6/4451,{underground connection boxes (G02B6/4448 takes precedence)},{underground connection boxes (G02B6/4448 takes precedence)},Compilation of Changes
2023.05,N,G02B 6/44515,G02B 6/44515,{Fibre drop terminals with surplus length (without surplus length G02B6/4472)},{Fibre drop terminals with surplus length (without surplus length G02B6/4472)},Compilation of Changes
2023.05,C,G02B 6/4452,G02B 6/4452,{Distribution frames},{Distribution frames},Compilation of Changes
2023.05,N,G02B 6/44524,G02B 6/44524,{with frame parts or auxiliary devices mounted on the frame and collectively not covering a whole width of the frame or rack (cassettes G02B6/4453)},{with frame parts or auxiliary devices mounted on the frame and collectively not covering a whole width of the frame or rack (cassettes G02B6/4453)},Compilation of Changes
2023.05,N,G02B 6/44526,G02B 6/44526,{Panels or rackmounts covering a whole width of the frame or rack},{Panels or rackmounts covering a whole width of the frame or rack},Compilation of Changes
2023.05,N,G02B 6/44528,G02B 6/44528,{Patch-cords; Connector arrangements in the system or in the box (routing arrangements H04Q1/00)},{Patch-cords; Connector arrangements in the system or in the box (routing arrangements H04Q1/00)},Compilation of Changes
2023.05,N,G02B 6/44529,G02B 6/44529,{Optical means for identifying patch-cords},{Optical means for identifying patch-cords},Compilation of Changes
2023.05,M,G02B 6/4453,G02B 6/4453,{Cassettes},{Cassettes},Compilation of Changes
2023.05,M,G02B 6/4454,G02B 6/4454,{with splices},{with splices},Compilation of Changes
2023.05,M,G02B 6/4455,G02B 6/4455,"{characterised by the way of extraction or insertion of the cassette in the distribution frame, e.g. pivoting, sliding, rotating, or gliding}","{characterised by the way of extraction or insertion of the cassette in the distribution frame, e.g. pivoting, sliding, rotating, or gliding}",Compilation of Changes
2023.05,M,G02B 6/4457,G02B 6/4457,{Bobbins; Reels},{Bobbins; Reels},Compilation of Changes
2023.05,M,G02B 6/4458,G02B 6/4458,"{coiledCoiled, e.g. extensible helix}","{coiledCoiled, e.g. extensible helix}",Compilation of Changes
2023.05,M,G02B 6/4459,G02B 6/4459,{Ducts; Conduits}; Hollow tubes for air blown fibres},{Ducts; Conduits}; Hollow tubes for air blown fibres},Compilation of Changes
2023.05,M,G02B 6/446,G02B 6/446,{Desiccating featurescomprising desiccating means},{Desiccating featurescomprising desiccating means},Compilation of Changes
2023.05,M,G02B 6/4461,G02B 6/4461,{articulatedArticulated},{articulatedArticulated},Compilation of Changes
2023.05,D,G02B 6/4463,G02B 6/4463,{Mechanical aspects of installing cables in ducts or the like (methods or apparatus for laying electrical cables through tubing or conduit H02G1/08)},{Mechanical aspects of installing cables in ducts or the like (methods or apparatus for laying electrical cables through tubing or conduit H02G1/08)},Compilation of Changes
2023.05,D,G02B 6/4464,G02B 6/4464,{by fluid drag (G02B6/4466 takes precedence)},{by fluid drag (G02B6/4466 takes precedence)},Compilation of Changes
2023.05,D,G02B 6/4465,G02B 6/4465,{Pulling eyes (G02B6/4466 takes precedence)},{Pulling eyes (G02B6/4466 takes precedence)},Compilation of Changes
2023.05,D,G02B 6/4466,G02B 6/4466,{for buildings},{for buildings},Compilation of Changes
2023.05,D,G02B 6/4467,G02B 6/4467,{Repair sets},{Repair sets},Compilation of Changes
2023.05,M,G02B 6/4469,G02B 6/4469,{Security aspects},{Security aspects},Compilation of Changes
2023.05,D,G02B 6/447,G02B 6/447,"{locatable, e.g. magnetic means (detection of buried cables G01V)}","{locatable, e.g. magnetic means (detection of buried cables G01V)}",Compilation of Changes
2023.05,C,G02B 6/4471,G02B 6/4471,"{terminating, fan-out, clamping, strain-relieving or likeTerminating devices (demountable connectors G02B6/3807)}; Cable clamps}","{terminating, fan-out, clamping, strain-relieving or likeTerminating devices (demountable connectors G02B6/3807)}; Cable clamps}",Compilation of Changes
2023.05,N,G02B 6/44715,G02B 6/44715,{Fan-out devices},{Fan-out devices},Compilation of Changes
2023.05,M,G02B 6/4472,G02B 6/4472,{Manifolds},{Manifolds},Compilation of Changes
2023.05,M,G02B 6/4473,G02B 6/4473,{Three-way systems},{Three-way systems},Compilation of Changes
2023.05,M,G02B 6/4475,G02B 6/4475,{with provision for lateral branching (G02B6/4495G02B6/4431 takes precedence)},{with provision for lateral branching (G02B6/4495G02B6/4431 takes precedence)},Compilation of Changes
2023.05,M,G02B 6/4476,G02B 6/4476,{with heat-shrinkable elements},{with heat-shrinkable elements},Compilation of Changes
2023.05,N,G02B 6/44765,G02B 6/44765,{with means for strain-relieving to exterior cable layers},{with means for strain-relieving to exterior cable layers},Compilation of Changes
2023.05,C,G02B 6/4477,G02B 6/4477,{Strainwith means for strain-relieving to interior strengths element},{Strainwith means for strain-relieving to interior strengths element},Compilation of Changes
2023.05,N,G02B 6/44775,G02B 6/44775,{Cable seals e.g. feed-through (cable seals integrated to the box seals G02B6/4444; pulling eyes G02B6/44465)},{Cable seals e.g. feed-through (cable seals integrated to the box seals G02B6/4444; pulling eyes G02B6/44465)},Compilation of Changes
2023.05,C,G02B 6/4478,G02B 6/4478,{Bending relief means},{Bending relief means},Compilation of Changes
2023.05,N,G02B 6/44785,G02B 6/44785,{Cable clamps},{Cable clamps},Compilation of Changes
2023.05,M,G02B 6/4479,G02B 6/4479,{Fabrication methodsManufacturing methods of optical cables},{Fabrication methodsManufacturing methods of optical cables},Compilation of Changes
2023.05,M,G02B 6/448,G02B 6/448,{ribbonRibbon cables},{ribbonRibbon cables},Compilation of Changes
2023.05,M,G02B 6/4482,G02B 6/4482,{codeCode or colour marking},{codeCode or colour marking},Compilation of Changes
2023.05,M,G02B 6/4483,G02B 6/4483,{Injection or filling devices (hydrogen absorbing materials G02B6/4492; water blocking or hydrophobic materials G02B6/4494)},{Injection or filling devices (hydrogen absorbing materials G02B6/4492; water blocking or hydrophobic materials G02B6/4494)},Compilation of Changes
2023.05,M,G02B 6/4484,G02B 6/4484,{with desired surplus length between fibres and protection featurefeatures},{with desired surplus length between fibres and protection featurefeatures},Compilation of Changes
2023.05,M,G02B 6/4485,G02B 6/4485,{Installing in protective tubing by fluid drag during manufacturing},{Installing in protective tubing by fluid drag during manufacturing},Compilation of Changes
2023.05,M,G02B 6/4486,G02B 6/4486,{protectiveProtective covering},{protectiveProtective covering},Compilation of Changes
2023.05,M,G02B 6/4488,G02B 6/4488,{with metallic tubeusing metallic tubes},{with metallic tubeusing metallic tubes},Compilation of Changes
2023.05,M,G02B 6/4489,G02B 6/4489,{of central supporting membermembers of lobe structure},{of central supporting membermembers of lobe structure},Compilation of Changes
2023.05,M,G02B 6/449,G02B 6/449,{twistingTwisting},{twistingTwisting},Compilation of Changes
2023.05,M,G02B 6/4491,G02B 6/4491,{in a lobe structure},{in a lobe structure},Compilation of Changes
2023.05,D,G02B 6/4492,G02B 6/4492,"{provided with hydrogen absorbing materials (G02B6/4439, G02B6/4479 take precedence)}","{provided with hydrogen absorbing materials (G02B6/4439, G02B6/4479 take precedence)}",Compilation of Changes
2023.05,D,G02B 6/4494,G02B 6/4494,"{provided with water blocking or hydrophobic materials (G02B6/4439, G02B6/4479 take precedence)}","{provided with water blocking or hydrophobic materials (G02B6/4439, G02B6/4479 take precedence)}",Compilation of Changes
2023.05,D,G02B 6/4495,G02B 6/4495,"{with provision in the cable protection, e.g. weak line, for gaining access to one or more fibres, e.g. for branching or tapping (break-out terminations G02B6/4439)}","{with provision in the cable protection, e.g. weak line, for gaining access to one or more fibres, e.g. for branching or tapping (break-out terminations G02B6/4439)}",Compilation of Changes
2023.05,D,G02B 6/4496,G02B 6/4496,"{Freeze-prevention means (G02B6/4439, G02B6/4479 take precedence)}","{Freeze-prevention means (G02B6/4439, G02B6/4479 take precedence)}",Compilation of Changes
2023.05,D,G02B 6/4497,G02B 6/4497,{Devices for opening or removing the mantle},{Devices for opening or removing the mantle},Compilation of Changes
2023.05,D,G02B 6/4498,G02B 6/4498,{for ribbon cables},{for ribbon cables},Compilation of Changes
2023.05,C,G02B 6/46,G02B 6/46,Processes or apparatus adapted for installing {or repairing} optical fibres or optical cables (installation of cables containing electric conductors and optical fibres H02G),Processes or apparatus adapted for installing {or repairing} optical fibres or optical cables (installation of cables containing electric conductors and optical fibres H02G),Compilation of Changes
2023.05,N,G02B 6/47,G02B 6/47,{Installation in buildings},{Installation in buildings},Compilation of Changes
2023.05,N,G02B 6/475,G02B 6/475,{Mechanical aspects of installing cables in ducts or the like for buildings},{Mechanical aspects of installing cables in ducts or the like for buildings},Compilation of Changes
2023.05,N,G02B 6/477,G02B 6/477,{Wall sockets},{Wall sockets},Compilation of Changes
2023.05,C,G02B 6/05,G02B 6/05,"Underground or underwater installation; Installation through tubing, conduits or ducts","Underground or underwater installation; Installation through tubing, conduits or ducts",Compilation of Changes
2023.05,N,G02B 6/501,G02B 6/501,{underground installation of connection boxes},{underground installation of connection boxes},Compilation of Changes
2023.05,M,G02B 6/52,G02B 6/52,"using fluidsfluid, e.g. air","using fluidsfluid, e.g. air",Compilation of Changes
2023.05,C,G02B 6/54,G02B 6/54,"using mechanical means, e.g. pulling or pushing devices","using mechanical means, e.g. pulling or pushing devices",Compilation of Changes
2023.05,N,G02B 6/545,G02B 6/545,{Pulling eyes (G02B6/475 takes precedence)},{Pulling eyes (G02B6/475 takes precedence)},Compilation of Changes
2023.05,N,G02B 6/56,G02B 6/56,{Processes for repairing optical cables},{Processes for repairing optical cables},Compilation of Changes
2023.05,N,G02B 6/562,G02B 6/562,"{locatable, e.g. using magnetic means}","{locatable, e.g. using magnetic means}",Compilation of Changes
2023.05,N,G02B 6/564,G02B 6/564,{Repair sets},{Repair sets},Compilation of Changes
2023.05,N,G02B 6/566,G02B 6/566,{Devices for opening or removing the mantle},{Devices for opening or removing the mantle},Compilation of Changes
2023.05,N,G02B 6/567,G02B 6/567,{for ribbon cables},{for ribbon cables},Compilation of Changes
2023.05,U,G03F 7/00,G03F 7/00,"Photomechanical, e.g. photolithographic, production of textured or patterned surfaces, e.g. printing surfaces; Materials therefor, e.g. comprising photoresists; Apparatus specially adapted therefor (using photoresist structures for special production processes, see the relevant places, e.g. B44C, H01L, e.g. H01L21/00, H05K)","Photomechanical, e.g. photolithographic, production of textured or patterned surfaces, e.g. printing surfaces; Materials therefor, e.g. comprising photoresists; Apparatus specially adapted therefor (using photoresist structures for special production processes, see the relevant places, e.g. B44C, H01L, e.g. H01L21/00, H05K)",Compilation of Changes
2023.05,U,G03F 7/02,G03F 7/02,Exposure; Apparatus therefor (photographic printing apparatus for making copies G03B27/00),Exposure; Apparatus therefor (photographic printing apparatus for making copies G03B27/00),Compilation of Changes
2023.05,D,G03F 2007/2067,G03F 2007/2067,{Apparatus for microlithography},{Apparatus for microlithography},Compilation of Changes
2023.05,T,G03F 7/07,G03F 7/07,{Exposure apparatus for microlithography}Microphotolithographic exposure; Apparatus therefor (photo-masks G03F1/00)},{Exposure apparatus for microlithography}Microphotolithographic exposure; Apparatus therefor (photo-masks G03F1/00)},Compilation of Changes
2023.05,U,G03F 7/70008,G03F 7/70008,"{Production of exposure light, i.e. light sources}","{Production of exposure light, i.e. light sources}",Compilation of Changes
2023.05,M,G03F 7/70016,G03F 7/70016,{by discharge lamps (discharge lamps per se H01J61/00)},{by discharge lamps (discharge lamps per se H01J61/00)},Compilation of Changes
2023.05,M,G03F 7/70025,G03F 7/70025,{by lasers (lasers per se H01S3/00)},{by lasers (lasers per se H01S3/00)},Compilation of Changes
2023.05,M,G03F 7/70033,G03F 7/70033,{by plasma EUV sources extreme ultraviolet [EUV] sources}(plasma EUV sources per se H05G2/00)},{by plasma EUV sources extreme ultraviolet [EUV] sources}(plasma EUV sources per se H05G2/00)},Compilation of Changes
2023.05,M,G03F 7/70041,G03F 7/70041,"{by pulsed sources, e.g. multiplexing, pulse duration, interval control or intensity control}","{by pulsed sources, e.g. multiplexing, pulse duration, interval control or intensity control}",Compilation of Changes
2023.05,M,G03F 7/7005,G03F 7/7005,"{by multiple sources, e.g. light-emitting diodes [LED] or light source arrays (addressable array sources specially adapted to produce patterns without a mask G03F7/70391)}","{by multiple sources, e.g. light-emitting diodes [LED] or light source arrays (addressable array sources specially adapted to produce patterns without a mask G03F7/70391)}",Compilation of Changes
2023.05,U,G03F 7/70058,G03F 7/70058,{Mask illumination systems},{Mask illumination systems},Compilation of Changes
2023.05,M,G03F 7/70066,G03F 7/70066,"{Size and form of the illuminated area in the mask plane, e.g. REMAreticle masking blades or blinds}","{Size and form of the illuminated area in the mask plane, e.g. REMAreticle masking blades or blinds}",Compilation of Changes
2023.05,M,G03F 7/70075,G03F 7/70075,"{Homogenization of illumination intensity in the mask plane, by using an integrator, e.g. fly's eye lenses, facet mirrors, glass rodslens, facet mirror or glass rod, by using a diffusivediffusing optical element or by beam deflection}","{Homogenization of illumination intensity in the mask plane, by using an integrator, e.g. fly's eye lenses, facet mirrors, glass rodslens, facet mirror or glass rod, by using a diffusivediffusing optical element or by beam deflection}",Compilation of Changes
2023.05,M,G03F 7/70091,G03F 7/70091,"{Illumination settings, i.e. intensity distribution in the pupil plane, or angular distribution in the field plane; On-axis or off-axis settings, e.g. annular, dipole, quadrupole or quadrupole settings; Partial coherence control, i.e. sigma or numerical aperture [NA]}","{Illumination settings, i.e. intensity distribution in the pupil plane, or angular distribution in the field plane; On-axis or off-axis settings, e.g. annular, dipole, quadrupole or quadrupole settings; Partial coherence control, i.e. sigma or numerical aperture [NA]}",Compilation of Changes
2023.05,M,G03F 7/70108,G03F 7/70108,"{Off-axis setting using a light-guiding element, e.g. diffractive optical elements [DOEs] or light guides}","{Off-axis setting using a light-guiding element, e.g. diffractive optical elements [DOEs] or light guides}",Compilation of Changes
2023.05,M,G03F 7/70116,G03F 7/70116,"{Off-axis setting using a programmable means, e.g. LCD or DMDliquid crystal display [LCD], digital micromirror device [DMD] or pupil facets}","{Off-axis setting using a programmable means, e.g. LCD or DMDliquid crystal display [LCD], digital micromirror device [DMD] or pupil facets}",Compilation of Changes
2023.05,M,G03F 7/70141,G03F 7/70141,"{Illumination system adjustment, e.g. adjustments during exposure or alignment during assembly of illumination system (alignment of mask with workpiece G03F9/70)}","{Illumination system adjustment, e.g. adjustments during exposure or alignment during assembly of illumination system (alignment of mask with workpiece G03F9/70)}",Compilation of Changes
2023.05,U,G03F 7/7015,G03F 7/7015,{Details of optical elements},{Details of optical elements},Compilation of Changes
2023.05,M,G03F 7/70166,G03F 7/70166,"{Capillary or channel elements, e.g. nested EUV mirrorsextreme ultraviolet [EUV] mirrors or shells, optical fibers or light guides}","{Capillary or channel elements, e.g. nested EUV mirrorsextreme ultraviolet [EUV] mirrors or shells, optical fibers or light guides}",Compilation of Changes
2023.05,M,G03F 7/70175,G03F 7/70175,"{Lamphouse reflector arrangements or collector mirrors, i.e. collecting light from solid angle upstream of the light source}","{Lamphouse reflector arrangements or collector mirrors, i.e. collecting light from solid angle upstream of the light source}",Compilation of Changes
2023.05,M,G03F 7/70183,G03F 7/70183,{Zoom systems for adjusting beam diameter},{Zoom systems for adjusting beam diameter},Compilation of Changes
2023.05,M,G03F 7/70191,G03F 7/70191,"{Optical correction elements, filters or phase plates for controlling intensity, wavelength, polarizationpolarisation, phase or the like}","{Optical correction elements, filters or phase plates for controlling intensity, wavelength, polarizationpolarisation, phase or the like}",Compilation of Changes
2023.05,M,G03F 7/702,G03F 7/702,"{Reflective illumination, i.e. reflective optical elements other than folding mirrors, e.g. extreme ultraviolet [EUV] illumination systems}","{Reflective illumination, i.e. reflective optical elements other than folding mirrors, e.g. extreme ultraviolet [EUV] illumination systems}",Compilation of Changes
2023.05,M,G03F 7/70208,G03F 7/70208,"{Multiple illumination paths, e.g. radiation distribution device, multiplexer, demultiplexerdevices, microlens illumination systems, multiplexers or demultiplexers for single or multiple projection systems}","{Multiple illumination paths, e.g. radiation distribution device, multiplexer, demultiplexerdevices, microlens illumination systems, multiplexers or demultiplexers for single or multiple projection systems}",Compilation of Changes
2023.05,M,G03F 7/70216,G03F 7/70216,{Systems for imaging mask onto workpieceMask projection systems},{Systems for imaging mask onto workpieceMask projection systems},Compilation of Changes
2023.05,M,G03F 7/70225,G03F 7/70225,"{CatadioptricOptical aspects of catadioptric systems, i.e. documents describing optical design aspect detailscomprising reflective and refractive elements}","{CatadioptricOptical aspects of catadioptric systems, i.e. documents describing optical design aspect detailscomprising reflective and refractive elements}",Compilation of Changes
2023.05,M,G03F 7/70233,G03F 7/70233,"{Optical aspects of catoptric systems, i.e. comprising only reflective elements, e.g. extreme ultraviolet [EUV] projection systems}","{Optical aspects of catoptric systems, i.e. comprising only reflective elements, e.g. extreme ultraviolet [EUV] projection systems}",Compilation of Changes
2023.05,M,G03F 7/70241,G03F 7/70241,"{Optical aspects of refractive systemslens systems, i.e. comprising only refractive elements}","{Optical aspects of refractive systemslens systems, i.e. comprising only refractive elements}",Compilation of Changes
2023.05,M,G03F 7/7025,G03F 7/7025,"{Size or form of projection system aperture}, e.g. aperture stops, diaphragms or pupil obscuration; Control thereof}","{Size or form of projection system aperture}, e.g. aperture stops, diaphragms or pupil obscuration; Control thereof}",Compilation of Changes
2023.05,M,G03F 7/70258,G03F 7/70258,"{Projection system adjustment,adjustments, e.g. adjustments during exposure or alignment during assembly of projection system (alignment of mask with workpiece G03F9/70)}","{Projection system adjustment,adjustments, e.g. adjustments during exposure or alignment during assembly of projection system (alignment of mask with workpiece G03F9/70)}",Compilation of Changes
2023.05,M,G03F 7/70266,G03F 7/70266,"{Adaptive optics, e.g. deformable optical elements for wavefront control, e.g. for aberration adjustment or correction}","{Adaptive optics, e.g. deformable optical elements for wavefront control, e.g. for aberration adjustment or correction}",Compilation of Changes
2023.05,M,G03F 7/70275,G03F 7/70275,"{Multiple projection paths, e.g. array of projection systems, microlens projection systems, or tandem projection systems}","{Multiple projection paths, e.g. array of projection systems, microlens projection systems, or tandem projection systems}",Compilation of Changes
2023.05,M,G03F 7/70283,G03F 7/70283,"{Masks or theirMask effects on the imaging process, e.g. Fourier masks, greyscale masks, holographic masks, phase shift masks, phasemasks, lenticular masks, multiple masks, tilted masks, tandem masks (masks per se G03F1/00)}","{Masks or theirMask effects on the imaging process, e.g. Fourier masks, greyscale masks, holographic masks, phase shift masks, phasemasks, lenticular masks, multiple masks, tilted masks, tandem masks (masks per se G03F1/00)}",Compilation of Changes
2023.05,M,G03F 7/70291,G03F 7/70291,"{Addressable masks, e.g. spatial light modulators [SLMs], digital micro-mirror devices [DMDs] or liquid crystal display [LCD] patterning devices}","{Addressable masks, e.g. spatial light modulators [SLMs], digital micro-mirror devices [DMDs] or liquid crystal display [LCD] patterning devices}",Compilation of Changes
2023.05,M,G03F 7/703,G03F 7/703,"{Non-planar pattern areaareas or non-planar masks, e.g. curved masks or substrates}","{Non-planar pattern areaareas or non-planar masks, e.g. curved masks or substrates}",Compilation of Changes
2023.05,M,G03F 7/70308,G03F 7/70308,"{Optical correction elements, filters andor phase plates for manipulating imaging light, e.g. intensity, wavelength, polarization, phase, image shift polarisation, phase or image shift}(filters per se G02B5/20)}","{Optical correction elements, filters andor phase plates for manipulating imaging light, e.g. intensity, wavelength, polarization, phase, image shift polarisation, phase or image shift}(filters per se G02B5/20)}",Compilation of Changes
2023.05,M,G03F 7/70316,G03F 7/70316,"{Details of optical elements, e.g. of Bragg reflectors or, extreme ultraviolet [EUV] multilayer or bilayer mirrors or diffractive optical elements}","{Details of optical elements, e.g. of Bragg reflectors or, extreme ultraviolet [EUV] multilayer or bilayer mirrors or diffractive optical elements}",Compilation of Changes
2023.05,M,G03F 7/70325,G03F 7/70325,"{Resolution enhancement techniques not otherwise provided for, e.g. darkfield imaging, interfering beams, spatial frequency multiplication, nearfield lenslenses or solid immersion lenses}","{Resolution enhancement techniques not otherwise provided for, e.g. darkfield imaging, interfering beams, spatial frequency multiplication, nearfield lenslenses or solid immersion lenses}",Compilation of Changes
2023.05,M,G03F 7/70333,G03F 7/70333,"{Focus drilling, e.g. FLEXi.e. increase in depth of focus for exposure by modulating focus during exposure [FLEX]}","{Focus drilling, e.g. FLEXi.e. increase in depth of focus for exposure by modulating focus during exposure [FLEX]}",Compilation of Changes
2023.05,M,G03F 7/70341,G03F 7/70341,"{ImmersionDetails of immersion lithography aspects, e.g. exposure media or control of immersion liquid supply (chemical composition of immersion liquids G03F7/2041)}","{ImmersionDetails of immersion lithography aspects, e.g. exposure media or control of immersion liquid supply (chemical composition of immersion liquids G03F7/2041)}",Compilation of Changes
2023.05,M,G03F 7/7035,G03F 7/7035,{Proximity or contact printerprinters},{Proximity or contact printerprinters},Compilation of Changes
2023.05,U,G03F 7/70358,G03F 7/70358,"{Scanning exposure, i.e. relative movement of patterned beam and workpiece during imaging}","{Scanning exposure, i.e. relative movement of patterned beam and workpiece during imaging}",Compilation of Changes
2023.05,C,G03F 7/70375,G03F 7/70375,"{Imaging systems not otherwise provided for, e.g. multiphoton lithographyMultiphoton lithography or multiphoton photopolymerization; Imaging systems comprising means for converting one type of radiation into another type of radiation, systems comprising mask with photo-cathode}","{Imaging systems not otherwise provided for, e.g. multiphoton lithographyMultiphoton lithography or multiphoton photopolymerization; Imaging systems comprising means for converting one type of radiation into another type of radiation, systems comprising mask with photo-cathode}",Compilation of Changes
2023.05,M,G03F 7/70383,G03F 7/70383,"{Direct write, i.e. pattern is written directly without the use of a mask by one or multiple beams (""maskless"" lithography using a programmable mask G03F7/70291maskless lithography using a programmable mask G03F7/70291)}","{Direct write, i.e. pattern is written directly without the use of a mask by one or multiple beams (""maskless"" lithography using a programmable mask G03F7/70291maskless lithography using a programmable mask G03F7/70291)}",Compilation of Changes
2023.05,M,G03F 7/70391,G03F 7/70391,"{Addressable array sources specially adapted to produce patterns, e.g. addressable LED arrays (array sources for exposure apparatus comprising a mask G03F7/7005; illumination setting using programmable means in exposure apparatus comprising a mask G03F7/70116)}","{Addressable array sources specially adapted to produce patterns, e.g. addressable LED arrays (array sources for exposure apparatus comprising a mask G03F7/7005; illumination setting using programmable means in exposure apparatus comprising a mask G03F7/70116)}",Compilation of Changes
2023.05,M,G03F 7/704,G03F 7/704,"{Scanned exposure beam, e.g. raster-, rotary- and vector scanning (mask projection exposure involving relative movement of patterned beam and workpiece during imaging G03F7/70358)}","{Scanned exposure beam, e.g. raster-, rotary- and vector scanning (mask projection exposure involving relative movement of patterned beam and workpiece during imaging G03F7/70358)}",Compilation of Changes
2023.05,M,G03F 7/70408,G03F 7/70408,"{Interferometric lithography; Holographic lithography; Self-imaging lithography, e.g. utilizing the Talbot effect}","{Interferometric lithography; Holographic lithography; Self-imaging lithography, e.g. utilizing the Talbot effect}",Compilation of Changes
2023.05,C,G03F 7/70416,G03F 7/70416,"{Stereolithography, 3D printing, rapid prototyping2.5D lithography}","{Stereolithography, 3D printing, rapid prototyping2.5D lithography}",Compilation of Changes
2023.05,M,G03F 7/70425,G03F 7/70425,"{Imaging strategies, e.g. for increasing throughput or resolution, printing product fields larger than the image field, or compensating lithography- or non-lithography errors, e.g. proximity correction, mix-and-match, stitching, or double patterning}","{Imaging strategies, e.g. for increasing throughput or resolution, printing product fields larger than the image field, or compensating lithography- or non-lithography errors, e.g. proximity correction, mix-and-match, stitching, or double patterning}",Compilation of Changes
2023.05,M,G03F 7/70433,G03F 7/70433,"{Layout for increasing efficiency, or for compensating imaging errors, e.g. layout of exposure fields, for reducing focus errors; Use of mask features for increasing efficiency, or for compensating imaging errors (circuit design per se G06F30/30; designing or making of mask G03F1/00)}","{Layout for increasing efficiency, or for compensating imaging errors, e.g. layout of exposure fields, for reducing focus errors; Use of mask features for increasing efficiency, or for compensating imaging errors (circuit design per se G06F30/30; designing or making of mask G03F1/00)}",Compilation of Changes
2023.05,M,G03F 7/70441,G03F 7/70441,{Optical proximity correction [OPC]},{Optical proximity correction [OPC]},Compilation of Changes
2023.05,M,G03F 7/7045,G03F 7/7045,"{Hybrid exposureexposures, i.e. combiningmultiple exposures of the same area using different types of exposure apparatus, e.g. combining projection, proximity, direct write, interferometric, uvUV, x-ray, particle beam or particle beam}(constructional details G03F7/70991)}","{Hybrid exposureexposures, i.e. combiningmultiple exposures of the same area using different types of exposure apparatus, e.g. combining projection, proximity, direct write, interferometric, uvUV, x-ray, particle beam or particle beam}(constructional details G03F7/70991)}",Compilation of Changes
2023.05,M,G03F 7/70458,G03F 7/70458,"{Mix-and-match, i.e. multiple exposures of the same area using similar types of exposurea similar type of exposure apparatus, e.g. UV exposuremultiple exposures using a UV apparatus}","{Mix-and-match, i.e. multiple exposures of the same area using similar types of exposurea similar type of exposure apparatus, e.g. UV exposuremultiple exposures using a UV apparatus}",Compilation of Changes
2023.05,M,G03F 7/70466,G03F 7/70466,"{Multiple exposures, e.g. combination of fine and coarse exposures, double patterning, or multiple exposures for printing a single feature, mix-and-match (stitching G03F7/70475)}","{Multiple exposures, e.g. combination of fine and coarse exposures, double patterning, or multiple exposures for printing a single feature, mix-and-match (stitching G03F7/70475)}",Compilation of Changes
2023.05,C,G03F 7/70483,G03F 7/70483,"{Information management; Active and passive control; Testing; {Information management, control, testing, and wafer Wafer monitoring, e.g. pattern monitoring (detection arrangements G03F7/7085)}","{Information management; Active and passive control; Testing; {Information management, control, testing, and wafer Wafer monitoring, e.g. pattern monitoring (detection arrangements G03F7/7085)}",Compilation of Changes
2023.05,C,G03F 7/70491,G03F 7/70491,"{Information management, e.g. software; {Information management and control, including software Active and passive control, e.g. details of controlling exposure processes or exposure tool monitoring processes}","{Information management, e.g. software; {Information management and control, including software Active and passive control, e.g. details of controlling exposure processes or exposure tool monitoring processes}",Compilation of Changes
2023.05,C,G03F 7/705,G03F 7/705,{Modelling and simulationor simulating from physical phenomena up to complete wafer processprocesses or whole workflow in wafer fabricationproductions},{Modelling and simulationor simulating from physical phenomena up to complete wafer processprocesses or whole workflow in wafer fabricationproductions},Compilation of Changes
2023.05,N,G03F 7/70504,G03F 7/70504,"{Optical system modelling, e.g. lens heating models}","{Optical system modelling, e.g. lens heating models}",Compilation of Changes
2023.05,C,G03F 7/70508,G03F 7/70508,"{Data handling, in all parts of the microlithographic apparatus, e.g. addressable maskshandling pattern data for addressable masks or data transfer to or from different components within the exposure apparatus}","{Data handling, in all parts of the microlithographic apparatus, e.g. addressable maskshandling pattern data for addressable masks or data transfer to or from different components within the exposure apparatus}",Compilation of Changes
2023.05,C,G03F 7/70516,G03F 7/70516,"{Calibration of components of the microlithographic apparatus, e.g. light sources, addressable mask,masks or detectors}","{Calibration of components of the microlithographic apparatus, e.g. light sources, addressable mask,masks or detectors}",Compilation of Changes
2023.05,C,G03F 7/70525,G03F 7/70525,"{Controlling normal operating mode, e.g. matching different apparatus, remote control, or prediction of failure}","{Controlling normal operating mode, e.g. matching different apparatus, remote control, or prediction of failure}",Compilation of Changes
2023.05,C,G03F 7/70533,G03F 7/70533,"{Controlling abnormal operating mode, e.g. taking account of waiting time, decision to rework, or rework flow}","{Controlling abnormal operating mode, e.g. taking account of waiting time, decision to rework, or rework flow}",Compilation of Changes
2023.05,M,G03F 7/70541,G03F 7/70541,"{Tagging, i.e. hardware or software tagging of features or components, e.g. using tagging scripts or tagging identifier codes for identification of chips, shots or wafers}","{Tagging, i.e. hardware or software tagging of features or components, e.g. using tagging scripts or tagging identifier codes for identification of chips, shots or wafers}",Compilation of Changes
2023.05,M,G03F 7/7055,G03F 7/7055,"{Exposure light control, in all parts of the microlithographic apparatus, e.g. pulse length control, or light interruption}","{Exposure light control, in all parts of the microlithographic apparatus, e.g. pulse length control, or light interruption}",Compilation of Changes
2023.05,M,G03F 7/70558,G03F 7/70558,"{Dose control, i.e. achievement of a desired dose (determination of the required dose G03F7/70625)}","{Dose control, i.e. achievement of a desired dose (determination of the required dose G03F7/70625)}",Compilation of Changes
2023.05,M,G03F 7/70575,G03F 7/70575,"{Wavelength control, e.g. control of bandwidth, multiple wavelength, selection of wavelength, or matching of optical components to wavelength}","{Wavelength control, e.g. control of bandwidth, multiple wavelength, selection of wavelength, or matching of optical components to wavelength}",Compilation of Changes
2023.05,M,G03F 7/70583,G03F 7/70583,"{Speckle reduction, e.g. coherence control, or amplitude/wavefront splitting}","{Speckle reduction, e.g. coherence control, or amplitude/wavefront splitting}",Compilation of Changes
2023.05,M,G03F 7/70591,G03F 7/70591,{Testing optical components (testing of optical mirrors G01M11/005; testing of lenses G01M11/02; stray light transmission G03F7/70941)},{Testing optical components (testing of optical mirrors G01M11/005; testing of lenses G01M11/02; stray light transmission G03F7/70941)},Compilation of Changes
2023.05,M,G03F 7/706,G03F 7/706,{Aberration measurement (aberration measurement in general G01M11/0242)},{Aberration measurement (aberration measurement in general G01M11/0242)},Compilation of Changes
2023.05,N,G03F 7/70605,G03F 7/70605,{Workpiece metrology},{Workpiece metrology},Compilation of Changes
2023.05,C,G03F 7/70608,G03F 7/70608,"{Wafer resist monitoringMonitoring the unpatterned workpiece, e.g. measuring thickness, reflectivity, or effects of immersion liquid on resist}","{Wafer resist monitoringMonitoring the unpatterned workpiece, e.g. measuring thickness, reflectivity, or effects of immersion liquid on resist}",Compilation of Changes
2023.05,C,G03F 7/70616,G03F 7/70616,"{Wafer pattern monitoring, i.e. measuring printed patterns or the aerial image at the wafer plane Monitoring the printed patterns}(optical metrology tools per se G01B11/02 and G01B9/04)}","{Wafer pattern monitoring, i.e. measuring printed patterns or the aerial image at the wafer plane Monitoring the printed patterns}(optical metrology tools per se G01B11/02 and G01B9/04)}",Compilation of Changes
2023.05,C,G03F 7/70625,G03F 7/70625,"{Pattern dimensionsDimensions, e.g. line width, critical dimension [CD], profile, sidewall angle, or edge roughness}","{Pattern dimensionsDimensions, e.g. line width, critical dimension [CD], profile, sidewall angle, or edge roughness}",Compilation of Changes
2023.05,C,G03F 7/70633,G03F 7/70633,"{Overlay , i.e. relative alignment between patterns printed by separate exposures in different layers, or in the same layer in multiple exposures or stitching}(alignment between mask and wafer prior to exposure G03F9/70)}","{Overlay , i.e. relative alignment between patterns printed by separate exposures in different layers, or in the same layer in multiple exposures or stitching}(alignment between mask and wafer prior to exposure G03F9/70)}",Compilation of Changes
2023.05,C,G03F 7/70641,G03F 7/70641,{Focus (focus measurement prior to exposure G03F9/7026)},{Focus (focus measurement prior to exposure G03F9/7026)},Compilation of Changes
2023.05,C,G03F 7/7065,G03F 7/7065,"{Defect inspection Defects, e.g. optical inspection of patterned layer for defects}(defect inspection apparatus per se G06T7/0004, G01N21/956)}","{Defect inspection Defects, e.g. optical inspection of patterned layer for defects}(defect inspection apparatus per se G06T7/0004, G01N21/956)}",Compilation of Changes
2023.05,N,G03F 7/70653,G03F 7/70653,{Metrology techniques},{Metrology techniques},Compilation of Changes
2023.05,N,G03F 7/70655,G03F 7/70655,"{Non-optical, e.g. atomic force microscope [AFM] or critical dimension scanning electron microscope [CD-SEM]}","{Non-optical, e.g. atomic force microscope [AFM] or critical dimension scanning electron microscope [CD-SEM]}",Compilation of Changes
2023.05,C,G03F 7/70658,G03F 7/70658,{Electrical testing},{Electrical testing},Compilation of Changes
2023.05,C,G03F 7/70666,G03F 7/70666,"{using aerial image Aerial image, i.e. measuring the image of the patterned exposure light at the image plane of the projection system}(aerial image measurement tools for mask inspection G03F1/68)}","{using aerial image Aerial image, i.e. measuring the image of the patterned exposure light at the image plane of the projection system}(aerial image measurement tools for mask inspection G03F1/68)}",Compilation of Changes
2023.05,C,G03F 7/70675,G03F 7/70675,"{using latent imageLatent image, i.e. measuring the image of the exposed resist prior to development}","{using latent imageLatent image, i.e. measuring the image of the exposed resist prior to development}",Compilation of Changes
2023.05,N,G03F 7/70681,G03F 7/70681,{Metrology strategies},{Metrology strategies},Compilation of Changes
2023.05,C,G03F 7/70683,G03F 7/70683,"{using process control mark, i.e. specific markMark designs}","{using process control mark, i.e. specific markMark designs}",Compilation of Changes
2023.05,N,G03F 7/706831,G03F 7/706831,"{Recipe selection or optimisation, e.g. select or optimise recipe parameters such as wavelength, polarisation or illumination modes}","{Recipe selection or optimisation, e.g. select or optimise recipe parameters such as wavelength, polarisation or illumination modes}",Compilation of Changes
2023.05,N,G03F 7/706833,G03F 7/706833,"{Sampling plan selection or optimisation, e.g. select or optimise the number, order or locations of measurements taken per die, workpiece, lot or batch}","{Sampling plan selection or optimisation, e.g. select or optimise the number, order or locations of measurements taken per die, workpiece, lot or batch}",Compilation of Changes
2023.05,N,G03F 7/706835,G03F 7/706835,{Metrology information management or control},{Metrology information management or control},Compilation of Changes
2023.05,N,G03F 7/706837,G03F 7/706837,"{Data analysis, e.g. filtering, weighting, flyer removal, fingerprints or root cause analysis}","{Data analysis, e.g. filtering, weighting, flyer removal, fingerprints or root cause analysis}",Compilation of Changes
2023.05,N,G03F 7/706839,G03F 7/706839,"{Modelling, e.g. modelling scattering or solving inverse problems}","{Modelling, e.g. modelling scattering or solving inverse problems}",Compilation of Changes
2023.05,N,G03F 7/706841,G03F 7/706841,{Machine learning},{Machine learning},Compilation of Changes
2023.05,N,G03F 7/706843,G03F 7/706843,{Metrology apparatus},{Metrology apparatus},Compilation of Changes
2023.05,N,G03F 7/706845,G03F 7/706845,"{Calibration, e.g. tool-to-tool calibration, beam alignment, spot position or focus}","{Calibration, e.g. tool-to-tool calibration, beam alignment, spot position or focus}",Compilation of Changes
2023.05,N,G03F 7/706847,G03F 7/706847,"{Production of measurement radiation, e.g. synchrotron, free-electron laser, plasma source or higher harmonic generation [HHG]}","{Production of measurement radiation, e.g. synchrotron, free-electron laser, plasma source or higher harmonic generation [HHG]}",Compilation of Changes
2023.05,N,G03F 7/706849,G03F 7/706849,"{Irradiation branch, e.g. optical system details, illumination mode or polarisation control}","{Irradiation branch, e.g. optical system details, illumination mode or polarisation control}",Compilation of Changes
2023.05,N,G03F 7/706851,G03F 7/706851,"{Detection branch, e.g. detector arrangements, polarisation control, wavelength control or dark/bright field detection}","{Detection branch, e.g. detector arrangements, polarisation control, wavelength control or dark/bright field detection}",Compilation of Changes
2023.05,M,G03F 7/70691,G03F 7/70691,{Handling of masks or wafersworkpieces},{Handling of masks or wafersworkpieces},Compilation of Changes
2023.05,M,G03F 7/707,G03F 7/707,"{Chucks, e.g. chucking or un-chucking operations or structural details}(chucks for workpiece processing tools H01L21/683 or H01L21/687 depending on the type of chucking)}","{Chucks, e.g. chucking or un-chucking operations or structural details}(chucks for workpiece processing tools H01L21/683 or H01L21/687 depending on the type of chucking)}",Compilation of Changes
2023.05,M,G03F 7/70708,G03F 7/70708,{being electrostatic; Electrostatically deformable vacuum chucks (electrostatic chucks for workpiece processing tools H01L21/6831)},{being electrostatic; Electrostatically deformable vacuum chucks (electrostatic chucks for workpiece processing tools H01L21/6831)},Compilation of Changes
2023.05,M,G03F 7/70716,G03F 7/70716,{Stages (stages for workpiece processing tools H01L21/682)},{Stages (stages for workpiece processing tools H01L21/682)},Compilation of Changes
2023.05,M,G03F 7/70758,G03F 7/70758,"{Drive means, e.g. actuator, motor actuators, motors for long- or short-stroke modules or fine or coarse driving}(lens or mirror actuators G03F7/70825)}","{Drive means, e.g. actuator, motor actuators, motors for long- or short-stroke modules or fine or coarse driving}(lens or mirror actuators G03F7/70825)}",Compilation of Changes
2023.05,M,G03F 7/70775,G03F 7/70775,"{Position control , e.g. interferometers or encoders for determining the stage position}(interferometers per se G01B9/02; encoders per se G01D5/00; alignment of mask with workpiece G03F9/70)}","{Position control , e.g. interferometers or encoders for determining the stage position}(interferometers per se G01B9/02; encoders per se G01D5/00; alignment of mask with workpiece G03F9/70)}",Compilation of Changes
2023.05,M,G03F 7/70783,G03F 7/70783,"{StressHandling stress or warp of chucks, mask or workpiecemasks or workpieces, e.g. to compensate for imaging errorerrors or considerations related to warpage of masks or workpieces due to their own weight}","{StressHandling stress or warp of chucks, mask or workpiecemasks or workpieces, e.g. to compensate for imaging errorerrors or considerations related to warpage of masks or workpieces due to their own weight}",Compilation of Changes
2023.05,M,G03F 7/70791,G03F 7/70791,"{Large workpieces, e.g. in the shape of web or polygonglass substrates for flat panel displays or solar panels}","{Large workpieces, e.g. in the shape of web or polygonglass substrates for flat panel displays or solar panels}",Compilation of Changes
2023.05,M,G03F 7/708,G03F 7/708,"{Construction of apparatus, e.g. environment aspects, hygiene aspects or materials}","{Construction of apparatus, e.g. environment aspects, hygiene aspects or materials}",Compilation of Changes
2023.05,M,G03F 7/70808,G03F 7/70808,"{Construction details, e.g. housing, load-lock, seals, or windows for passing light in- and or out of apparatus (load-lock chambers for workpiece processors in general H01L21/67201)}","{Construction details, e.g. housing, load-lock, seals, or windows for passing light in- and or out of apparatus (load-lock chambers for workpiece processors in general H01L21/67201)}",Compilation of Changes
2023.05,M,G03F 7/70816,G03F 7/70816,{Bearings (fluid bearings per se F16C32/06)},{Bearings (fluid bearings per se F16C32/06)},Compilation of Changes
2023.05,M,G03F 7/70825,G03F 7/70825,"{Mounting of individual elements, e.g. mounts, holders or supports (mounts or supports for projection- and illumination system and stages on base-plate or ground G03F7/70833; workpiece andor mask holders G03F7/707)}","{Mounting of individual elements, e.g. mounts, holders or supports (mounts or supports for projection- and illumination system and stages on base-plate or ground G03F7/70833; workpiece andor mask holders G03F7/707)}",Compilation of Changes
2023.05,M,G03F 7/70833,G03F 7/70833,"{Mounting of optical systems, e.g. mounting of illumination system, projection system or stage systems on base-plate or ground (mounting of individual elements of said systems G03F7/70825)}","{Mounting of optical systems, e.g. mounting of illumination system, projection system or stage systems on base-plate or ground (mounting of individual elements of said systems G03F7/70825)}",Compilation of Changes
2023.05,M,G03F 7/70841,G03F 7/70841,"{Constructional issues related to vacuum environment, e.g. load-lock chamber}","{Constructional issues related to vacuum environment, e.g. load-lock chamber}",Compilation of Changes
2023.05,U,G03F 7/70858,G03F 7/70858,"{Environment aspects, e.g. pressure of beam-path gas, temperature (pollution aspects G03F7/70916)}","{Environment aspects, e.g. pressure of beam-path gas, temperature (pollution aspects G03F7/70916)}",Compilation of Changes
2023.05,U,G03F 7/70866,G03F 7/70866,{of mask or workpiece},{of mask or workpiece},Compilation of Changes
2023.05,M,G03F 7/70875,G03F 7/70875,"{Temperature, e.g. temperature control of masks or workpieces via control of stage temperature}","{Temperature, e.g. temperature control of masks or workpieces via control of stage temperature}",Compilation of Changes
2023.05,M,G03F 7/709,G03F 7/709,"{Vibration, e.g. vibration detection, compensation, suppression or isolation}","{Vibration, e.g. vibration detection, compensation, suppression or isolation}",Compilation of Changes
2023.05,M,G03F 7/70908,G03F 7/70908,"{Hygiene, e.g. preventing apparatus pollution, mitigating effect of pollution, or removing pollutants from apparatus}; electromagnetic and electrostatic-charge pollution}","{Hygiene, e.g. preventing apparatus pollution, mitigating effect of pollution, or removing pollutants from apparatus}; electromagnetic and electrostatic-charge pollution}",Compilation of Changes
2023.05,M,G03F 7/70925,G03F 7/70925,"{Cleaning, i.e. actively freeing apparatus from pollutants, e.g. using plasma cleaning}","{Cleaning, i.e. actively freeing apparatus from pollutants, e.g. using plasma cleaning}",Compilation of Changes
2023.05,M,G03F 7/70933,G03F 7/70933,"{Purge, e.g. exchanging fluid or gas to remove pollutants}","{Purge, e.g. exchanging fluid or gas to remove pollutants}",Compilation of Changes
2023.05,U,G03F 7/7095,G03F 7/7095,"{Materials, e.g. materials for housing, stage or other support having particular properties, e.g. weight, strength, conductivity, thermal expansion coefficient}","{Materials, e.g. materials for housing, stage or other support having particular properties, e.g. weight, strength, conductivity, thermal expansion coefficient}",Compilation of Changes
2023.05,M,G03F 7/70958,G03F 7/70958,"{Optical materials andor coatings, e.g. with particular transmittance, reflectance or anti-reflection properties}(details of optical elements G03F7/70316)}","{Optical materials andor coatings, e.g. with particular transmittance, reflectance or anti-reflection properties}(details of optical elements G03F7/70316)}",Compilation of Changes
2023.05,M,G03F 7/70975,G03F 7/70975,"{Assembly, maintenance, transport andor storage of apparatus}","{Assembly, maintenance, transport andor storage of apparatus}",Compilation of Changes
2023.05,M,G03F 7/70991,G03F 7/70991,"{Connection with other apparatus, e.g. multiple exposure stations, particular arrangement of exposure apparatus and pre-exposure and/or post-exposure apparatus, shared apparatus, e.g. having shared radiation source, shared mask or workpiece stage, shared base-plate, utilities, e.g. cable, pipe or wireless arrangements for data, power, fluids, vacuum (apparatus for processing a workpiece in a plurality of work-stations including at least one lithography chamber H01L21/67225)}; Shared apparatus, e.g. having shared radiation source, shared mask or workpiece stage, shared base-plate; Utilities, e.g. cable, pipe or wireless arrangements for data, power, fluids or vacuum}","{Connection with other apparatus, e.g. multiple exposure stations, particular arrangement of exposure apparatus and pre-exposure and/or post-exposure apparatus, shared apparatus, e.g. having shared radiation source, shared mask or workpiece stage, shared base-plate, utilities, e.g. cable, pipe or wireless arrangements for data, power, fluids, vacuum (apparatus for processing a workpiece in a plurality of work-stations including at least one lithography chamber H01L21/67225)}; Shared apparatus, e.g. having shared radiation source, shared mask or workpiece stage, shared base-plate; Utilities, e.g. cable, pipe or wireless arrangements for data, power, fluids or vacuum}",Compilation of Changes
2023.05,U,G06Q 20/00,G06Q 20/00,"Payment architectures, schemes or protocols (apparatus for performing or posting payment transactions G07F7/08, G07F19/00; electronic cash registers G07G1/12)","Payment architectures, schemes or protocols (apparatus for performing or posting payment transactions G07F7/08, G07F19/00; electronic cash registers G07G1/12)",Compilation of Changes
2023.05,U,G06Q 20/08,G06Q 20/08,Payment architectures,Payment architectures,Compilation of Changes
2023.05,M,G06Q 20/02,G06Q 20/02,Point-of-sale [POS] network systems,Point-of-sale [POS] network systems,Compilation of Changes
2023.05,M,G06Q 20/206,G06Q 20/206,"{comprising security or operator identification provisions, e.g. password entry}","{comprising security or operator identification provisions, e.g. password entry}",Compilation of Changes
2023.05,M,G06Q 20/03,G06Q 20/03,characterised by the use of specific devices {or networks},characterised by the use of specific devices {or networks},Compilation of Changes
2023.05,M,G06Q 20/306,G06Q 20/306,{using TV related infrastructures (external card used for payment with client device H04N21/4185)},{using TV related infrastructures (external card used for payment with client device H04N21/4185)},Compilation of Changes
2023.05,M,G06Q 20/308,G06Q 20/308,{using the Internet of Things},{using the Internet of Things},Compilation of Changes
2023.05,M,G06Q 20/32,G06Q 20/32,using wireless devices,using wireless devices,Compilation of Changes
2023.05,M,G06Q 20/321,G06Q 20/321,{using wearable devices},{using wearable devices},Compilation of Changes
2023.05,M,G06Q 20/326,G06Q 20/326,{Payment applications installed on the mobile devices},{Payment applications installed on the mobile devices},Compilation of Changes
2023.05,M,G06Q 20/38,G06Q 20/38,Payment protocols; Details thereof,Payment protocols; Details thereof,Compilation of Changes
2023.05,M,G06Q 20/384,G06Q 20/384,{using social networks},{using social networks},Compilation of Changes
2023.05,M,G06Q 20/386,G06Q 20/386,"{using messaging services or messaging apps (using mobile network messaging services for payment, e.g. SMS G06Q20/3255)}","{using messaging services or messaging apps (using mobile network messaging services for payment, e.g. SMS G06Q20/3255)}",Compilation of Changes
2023.05,U,G06Q 20/04,G06Q 20/04,"Authorisation, e.g. identification of payer or payee, verification of customer or shop credentials; Review and approval of payers, e.g. check credit lines or negative lists","Authorisation, e.g. identification of payer or payee, verification of customer or shop credentials; Review and approval of payers, e.g. check credit lines or negative lists",Compilation of Changes
2023.05,M,G06Q 20/401,G06Q 20/401,{Transaction verification},{Transaction verification},Compilation of Changes
2023.05,M,G06Q 20/4015,G06Q 20/4015,{using location information},{using location information},Compilation of Changes
2023.05,M,G10D 1/00,G10D 1/00,General design of stringed musical instruments,General design of stringed musical instruments,Compilation of Changes
2023.05,M,G10D 1/04,G10D 1/04,"Plucked or strummed string instruments, e.g. harps or lyres","Plucked or strummed string instruments, e.g. harps or lyres",Compilation of Changes
2023.05,M,G10D 1/05,G10D 1/05,with fret boards or fingerboards,with fret boards or fingerboards,Compilation of Changes
2023.05,M,G10D 1/14,G10D 1/14,"Struck string instruments, e.g. dulcimers","Struck string instruments, e.g. dulcimers",Compilation of Changes
2023.05,U,G10D 3/00,G10D 3/00,"Details of, or accessories for, stringed musical instruments, e.g. slide-bars","Details of, or accessories for, stringed musical instruments, e.g. slide-bars",Compilation of Changes
2023.05,M,G10D 3/06,G10D 3/06,"Necks; Fingerboards, e.g. fret boards","Necks; Fingerboards, e.g. fret boards",Compilation of Changes
2023.05,M,G10D 3/095,G10D 3/095,"Details of removable or collapsible necks, e.g. suitable for transport or storage","Details of removable or collapsible necks, e.g. suitable for transport or storage",Compilation of Changes
2023.05,M,G10D 3/12,G10D 3/12,"Anchoring devices for strings, e.g. tail pieces or hitchpins","Anchoring devices for strings, e.g. tail pieces or hitchpins",Compilation of Changes
2023.05,M,G10D 3/13,G10D 3/13,Tail pieces,Tail pieces,Compilation of Changes
2023.05,U,G10D 7/00,G10D 7/00,General design of wind musical instruments (accordions or concertinas G10D11/00; whistles G10K5/00),General design of wind musical instruments (accordions or concertinas G10D11/00; whistles G10K5/00),Compilation of Changes
2023.05,M,G10D 7/12,G10D 7/12,Free-reed wind instruments,Free-reed wind instruments,Compilation of Changes
2023.05,U,G10D 7/14,G10D 7/14,Mouth-organs,Mouth-organs,Compilation of Changes
2023.05,M,G10D 7/16,G10D 7/16,with keyboards,with keyboards,Compilation of Changes
2023.05,M,G10D 9/00,G10D 9/00,"Details of, or accessories for, wind musical instruments (accordions or concertinas G10D11/00)","Details of, or accessories for, wind musical instruments (accordions or concertinas G10D11/00)",Compilation of Changes
2023.05,M,G10D 9/02,G10D 9/02,Mouthpieces; Reeds; Ligatures,Mouthpieces; Reeds; Ligatures,Compilation of Changes
2023.05,M,G10D 9/025,G10D 9/025,Movable mouthpieces,Movable mouthpieces,Compilation of Changes
2023.05,M,G10D 9/01,G10D 9/01,"Resonating bodies, e.g. tubes","Resonating bodies, e.g. tubes",Compilation of Changes
2023.05,M,G10D 9/11,G10D 9/11,Bells,Bells,Compilation of Changes
2023.05,M,G10D 11/00,G10D 11/00,"Accordions, concertinas or the like; Keyboards therefor","Accordions, concertinas or the like; Keyboards therefor",Compilation of Changes
2023.05,M,G10D 13/00,G10D 13/00,Percussion musical instruments; Details or accessories therefor (struck string instruments G10D1/14),Percussion musical instruments; Details or accessories therefor (struck string instruments G10D1/14),Compilation of Changes
2023.05,M,G10D 13/01,G10D 13/01,General design of percussion musical instruments,General design of percussion musical instruments,Compilation of Changes
2023.05,M,G10D 13/06,G10D 13/06,"Castanets, cymbals, triangles, tambourines without drumheads or other single-toned percussion musical instruments","Castanets, cymbals, triangles, tambourines without drumheads or other single-toned percussion musical instruments",Compilation of Changes
2023.05,M,G10D 13/063,G10D 13/063,Cymbals,Cymbals,Compilation of Changes
2023.05,M,G10D 13/01,G10D 13/01,"Details of, or accessories for, percussion musical instruments","Details of, or accessories for, percussion musical instruments",Compilation of Changes
2023.05,M,G10D 13/24,G10D 13/24,Material for manufacturing percussion musical instruments; Treatment of the material,Material for manufacturing percussion musical instruments; Treatment of the material,Compilation of Changes
2023.05,M,G10D 13/25,G10D 13/25,{for changing the sound or tone (mutes or dampers G10D13/12)},{for changing the sound or tone (mutes or dampers G10D13/12)},Compilation of Changes
2023.05,M,G10D 17/00,G10D 17/00,Aeolian harps; Singing-flame musical instruments,Aeolian harps; Singing-flame musical instruments,Compilation of Changes
2023.05,M,G10D 99/00,G10D 99/00,Musical instruments not otherwise provided for,Musical instruments not otherwise provided for,Compilation of Changes
2023.05,U,G11B 5/00,G11B 5/00,Recording by magnetisation or demagnetisation of a record carrier; Reproducing by magnetic means; Record carriers therefor (G11B11/00 {and G11B13/00} take precedence),Recording by magnetisation or demagnetisation of a record carrier; Reproducing by magnetic means; Record carriers therefor (G11B11/00 {and G11B13/00} take precedence),Compilation of Changes
2023.05,U,G11B 5/62,G11B 5/62,Record carriers characterised by the selection of the material,Record carriers characterised by the selection of the material,Compilation of Changes
2023.05,U,G11B 5/68,G11B 5/68,comprising one or more layers of magnetisable material homogeneously mixed with a bonding agent,comprising one or more layers of magnetisable material homogeneously mixed with a bonding agent,Compilation of Changes
2023.05,M,G11B 5/07,G11B 5/07,on a base layer,on a base layer,Compilation of Changes
2023.05,D,G11B 5/7006,G11B 5/7006,{comprising a magnetic layer on both sides covered with non-magnetic material},{comprising a magnetic layer on both sides covered with non-magnetic material},Compilation of Changes
2023.05,U,G11B 5/716,G11B 5/716,characterised by two or more magnetic layers,characterised by two or more magnetic layers,Compilation of Changes
2023.05,M,G11B 5/718,G11B 5/718,at least one on each side of the base layer,at least one on each side of the base layer,Compilation of Changes
2023.05,M,G11B 5/72,G11B 5/72,"Protective coatings, e.g. anti-static {or antifriction}","Protective coatings, e.g. anti-static {or antifriction}",Compilation of Changes
2023.05,M,G11B 5/722,G11B 5/722,{containing an anticorrosive material},{containing an anticorrosive material},Compilation of Changes
2023.05,M,G11B 5/725,G11B 5/725,"containing a lubricant {, e.g. organic compounds (inorganic carbon protective coating G11B5/727)}","containing a lubricant {, e.g. organic compounds (inorganic carbon protective coating G11B5/727)}",Compilation of Changes
2023.05,M,G11B 5/7253,G11B 5/7253,{Fluorocarbon lubricant},{Fluorocarbon lubricant},Compilation of Changes
2023.05,M,G11B 5/726,G11B 5/726,{Two or more protective coatings (inorganic carbon protective coating G11B5/727)},{Two or more protective coatings (inorganic carbon protective coating G11B5/727)},Compilation of Changes
2023.05,M,G11B 5/727,G11B 5/727,"{Inorganic carbon protective coating, e.g. graphite, diamond like carbon or doped carbon}","{Inorganic carbon protective coating, e.g. graphite, diamond like carbon or doped carbon}",Compilation of Changes
2023.05,M,G11B 5/728,G11B 5/728,{containing a bonding agent in the protective coating},{containing a bonding agent in the protective coating},Compilation of Changes
2023.05,U,H02K 5/00,H02K 5/00,Casings; Enclosures; Supports,Casings; Enclosures; Supports,Compilation of Changes
2023.05,U,H02K 5/04,H02K 5/04,"Casings or enclosures characterised by the shape, form or construction thereof","Casings or enclosures characterised by the shape, form or construction thereof",Compilation of Changes
2023.05,M,H02K 5/02,H02K 5/02,with channels or ducts for flow of cooling medium,with channels or ducts for flow of cooling medium,Compilation of Changes
2023.05,M,H02K 5/203,H02K 5/203,"{specially adapted for liquids, e.g. cooling jackets}","{specially adapted for liquids, e.g. cooling jackets}",Compilation of Changes
2023.05,M,H02K 5/207,H02K 5/207,{with openings in the casing specially adapted for ambient air},{with openings in the casing specially adapted for ambient air},Compilation of Changes
2023.05,U,H02K 9/00,H02K 9/00,"Arrangements for cooling or ventilating (channels or ducts in parts of the magnetic circuit H02K1/20, H02K1/32; channels or ducts in or between conductors H02K3/22, H02K3/24)","Arrangements for cooling or ventilating (channels or ducts in parts of the magnetic circuit H02K1/20, H02K1/32; channels or ducts in or between conductors H02K3/22, H02K3/24)",Compilation of Changes
2023.05,U,H02K 9/19,H02K 9/19,"for machines with closed casing and closed-circuit cooling using a liquid cooling medium, e.g. oil","for machines with closed casing and closed-circuit cooling using a liquid cooling medium, e.g. oil",Compilation of Changes
2023.05,M,H02K 9/02,H02K 9/02,wherein the cooling medium vaporises within the machine casing,wherein the cooling medium vaporises within the machine casing,Compilation of Changes
2023.05,M,H02K 9/22,H02K 9/22,"by solid heat conducting material embedded in, or arranged in contact with, the stator or rotor, e.g. heat bridges","by solid heat conducting material embedded in, or arranged in contact with, the stator or rotor, e.g. heat bridges",Compilation of Changes
2023.05,M,H02K 9/223,H02K 9/223,{Heat bridges},{Heat bridges},Compilation of Changes
2023.05,M,H02K 9/225,H02K 9/225,{Heat pipes},{Heat pipes},Compilation of Changes
2023.05,M,H02K 9/227,H02K 9/227,{Heat sinks},{Heat sinks},Compilation of Changes
2023.05,U,H02K 17/00,H02K 17/00,Asynchronous induction motors; Asynchronous induction generators,Asynchronous induction motors; Asynchronous induction generators,Compilation of Changes
2023.05,U,H02K 17/02,H02K 17/02,Asynchronous induction motors,Asynchronous induction motors,Compilation of Changes
2023.05,T,H02K 17/16,H02K 17/16,"having rotors with internally short-circuited windings, e.g. cage rotors","having rotors with internally short-circuited windings, e.g. cage rotors",Compilation of Changes
2023.05,F,H02K 17/165,H02K 17/165,{characterised by the squirrel-cage or other short-circuited windings},{characterised by the squirrel-cage or other short-circuited windings},Compilation of Changes
2023.05,N,H02K 17/166,H02K 17/166,{having short-circuited rotor windings},{having short-circuited rotor windings},Compilation of Changes
2023.05,N,H02K 17/168,H02K 17/168,{having single-cage rotors},{having single-cage rotors},Compilation of Changes
2023.05,T,H02K 17/18,H02K 17/18,having  double-cage or multiple-cage rotors,having  double-cage or multiple-cage rotors,Compilation of Changes
2023.05,D,H02K 17/185,H02K 17/185,{characterised by the double- or multiple cage windings},{characterised by the double- or multiple cage windings},Compilation of Changes
2023.05,T,H02K 17/02,H02K 17/02,having deep-bar rotors,having deep-bar rotors,Compilation of Changes
2023.05,D,H02K 17/205,H02K 17/205,{characterised by the deep-bar windings},{characterised by the deep-bar windings},Compilation of Changes
2023.05,M,H02M 1/00,H02M 1/00,Details of apparatus for conversion,Details of apparatus for conversion,Compilation of Changes
2023.05,M,H02M 1/0043,H02M 1/0043,"{Converters switched with a phase shift, i.e. interleaved (non-isolated DC/DC converters H02M3/1586)}","{Converters switched with a phase shift, i.e. interleaved (non-isolated DC/DC converters H02M3/1586)}",Compilation of Changes
2023.05,M,H02M 1/0083,H02M 1/0083,{Converters characterised by their input or output configuration},{Converters characterised by their input or output configuration},Compilation of Changes
2023.05,M,H02M 1/0085,H02M 1/0085,{Partially controlled bridges},{Partially controlled bridges},Compilation of Changes
2023.05,M,H02M 1/0095,H02M 1/0095,"{Hybrid converter topologies, e.g. NPC mixed with flying capacitor, thyristor converter mixed with MMC or charge pump mixed with buck}","{Hybrid converter topologies, e.g. NPC mixed with flying capacitor, thyristor converter mixed with MMC or charge pump mixed with buck}",Compilation of Changes
2023.05,U,H02M 1/42,H02M 1/42,Circuits or arrangements for compensating for or adjusting power factor in converters or inverters,Circuits or arrangements for compensating for or adjusting power factor in converters or inverters,Compilation of Changes
2023.05,U,H02M 1/4208,H02M 1/4208,{Arrangements for improving power factor of AC input},{Arrangements for improving power factor of AC input},Compilation of Changes
2023.05,M,H02M 1/4225,H02M 1/4225,{using a non-isolated boost converter},{using a non-isolated boost converter},Compilation of Changes
2023.05,M,H02M 1/4233,H02M 1/4233,{using a bridge converter comprising active switches},{using a bridge converter comprising active switches},Compilation of Changes
2023.05,M,H02M 3/00,H02M 3/00,Conversion of dc power input into dc power output,Conversion of dc power input into dc power output,Compilation of Changes
2023.05,M,H02M 3/003,H02M 3/003,"{Constructional details, e.g. physical layout, assembly, wiring or busbar connections}","{Constructional details, e.g. physical layout, assembly, wiring or busbar connections}",Compilation of Changes
2023.05,M,H02M 3/01,H02M 3/01,{Resonant DC/DC converters},{Resonant DC/DC converters},Compilation of Changes
2023.05,U,H02M 3/22,H02M 3/22,with intermediate conversion into ac,with intermediate conversion into ac,Compilation of Changes
2023.05,U,H02M 3/24,H02M 3/24,by static converters,by static converters,Compilation of Changes
2023.05,U,H02M 3/28,H02M 3/28,using discharge tubes with control electrode or semiconductor devices with control electrode to produce the intermediate ac,using discharge tubes with control electrode or semiconductor devices with control electrode to produce the intermediate ac,Compilation of Changes
2023.05,U,H02M 3/325,H02M 3/325,using devices of a triode or a transistor type requiring continuous application of a control signal,using devices of a triode or a transistor type requiring continuous application of a control signal,Compilation of Changes
2023.05,U,H02M 3/335,H02M 3/335,using semiconductor devices only,using semiconductor devices only,Compilation of Changes
2023.05,M,H02M 3/33569,H02M 3/33569,{having several active switching elements (H02M3/3353 takes precedence)},{having several active switching elements (H02M3/3353 takes precedence)},Compilation of Changes
2023.05,M,H02M 3/33571,H02M 3/33571,{Half-bridge at primary side of an isolation transformer},{Half-bridge at primary side of an isolation transformer},Compilation of Changes
2023.05,M,H02M 3/33573,H02M 3/33573,{Full-bridge at primary side of an isolation transformer},{Full-bridge at primary side of an isolation transformer},Compilation of Changes
2023.05,M,H02M 3/337,H02M 3/337,"in push-pull configuration {(H02M3/33576 takes precedence; with self-oscillating arrangements H02M3/3382, H02M3/3385)}","in push-pull configuration {(H02M3/33576 takes precedence; with self-oscillating arrangements H02M3/3382, H02M3/3385)}",Compilation of Changes
2023.05,U,H02M 7/00,H02M 7/00,Conversion of ac power input into dc power output; Conversion of dc power input into ac power output,Conversion of ac power input into dc power output; Conversion of dc power input into ac power output,Compilation of Changes
2023.05,U,H02M 7/02,H02M 7/02,Conversion of ac power input into dc power output without possibility of reversal,Conversion of ac power input into dc power output without possibility of reversal,Compilation of Changes
2023.05,M,H02M 7/04,H02M 7/04,by static converters,by static converters,Compilation of Changes
2023.05,M,H02M 7/05,H02M 7/05,{Capacitor coupled rectifiers},{Capacitor coupled rectifiers},Compilation of Changes
2023.05,U,H02M 7/42,H02M 7/42,Conversion of dc power input into ac power output without possibility of reversal,Conversion of dc power input into ac power output without possibility of reversal,Compilation of Changes
2023.05,U,H02M 7/44,H02M 7/44,by static converters,by static converters,Compilation of Changes
2023.05,U,H02M 7/48,H02M 7/48,using discharge tubes with control electrode or semiconductor devices with control electrode,using discharge tubes with control electrode or semiconductor devices with control electrode,Compilation of Changes
2023.05,M,H02M 7/483,H02M 7/483,Converters with outputs that each can have more than two voltages levels,Converters with outputs that each can have more than two voltages levels,Compilation of Changes
2023.05,M,H02M 7/4833,H02M 7/4833,{Capacitor voltage balancing},{Capacitor voltage balancing},Compilation of Changes
2023.05,M,H02M 7/4835,H02M 7/4835,"{comprising two or more cells, each including a switchable capacitor, the capacitors having a nominal charge voltage which corresponds to a given fraction of the input voltage, and the capacitors being selectively connected in series to determine the instantaneous output voltage}","{comprising two or more cells, each including a switchable capacitor, the capacitors having a nominal charge voltage which corresponds to a given fraction of the input voltage, and the capacitors being selectively connected in series to determine the instantaneous output voltage}",Compilation of Changes
2023.05,M,H02M 7/4837,H02M 7/4837,{Flying capacitor converters},{Flying capacitor converters},Compilation of Changes
2023.05,M,H02M 7/493,H02M 7/493,the static converters being arranged for operation in parallel,the static converters being arranged for operation in parallel,Compilation of Changes
2023.05,U,H04B 7/00,H04B 7/00,"Radio transmission systems, i.e. using radiation field (H04B10/00, H04B15/00 take precedence)","Radio transmission systems, i.e. using radiation field (H04B10/00, H04B15/00 take precedence)",Compilation of Changes
2023.05,U,H04B 7/02,H04B 7/02,"Diversity systems; Multi-antenna system, i.e. transmission or reception using multiple antennas (RAKE receivers H04B1/7115)","Diversity systems; Multi-antenna system, i.e. transmission or reception using multiple antennas (RAKE receivers H04B1/7115)",Compilation of Changes
2023.05,C,H04B 7/04,H04B 7/04,using two or more spaced independent antennas,using two or more spaced independent antennas,Compilation of Changes
2023.05,N,H04B 7/04013,H04B 7/04013,{Intelligent reflective surfaces},{Intelligent reflective surfaces},Compilation of Changes
2023.05,N,H04B 7/04026,H04B 7/04026,{with codebook-based beamforming},{with codebook-based beamforming},Compilation of Changes
2023.05,U,H04B 7/0413,H04B 7/0413,MIMO systems,MIMO systems,Compilation of Changes
2023.05,U,H04B 7/0456,H04B 7/0456,"Selection of precoding matrices or codebooks, e.g. using matrices antenna weighting","Selection of precoding matrices or codebooks, e.g. using matrices antenna weighting",Compilation of Changes
2023.05,C,H04B 7/0478,H04B 7/0478,{Special codebook structures directed to feedback optimizationoptimisation},{Special codebook structures directed to feedback optimizationoptimisation},Compilation of Changes
2023.05,N,H04B 7/0479,H04B 7/0479,"{for multi-dimensional arrays, e.g. horizontal or vertical pre-distortion matrix index [PMI]}","{for multi-dimensional arrays, e.g. horizontal or vertical pre-distortion matrix index [PMI]}",Compilation of Changes
2023.05,N,H04B 7/048,H04B 7/048,{using three or more PMIs},{using three or more PMIs},Compilation of Changes
2023.05,N,H04B 7/0481,H04B 7/0481,{using subset selection of codebooks},{using subset selection of codebooks},Compilation of Changes
2023.05,C,H04B 7/0486,H04B 7/0486,{taking channel rank into account},{taking channel rank into account},Compilation of Changes
2023.05,N,H04B 7/0487,H04B 7/0487,{Codebooks having a nested structure},{Codebooks having a nested structure},Compilation of Changes
2023.05,U,H04B 7/06,H04B 7/06,at the transmitting station,at the transmitting station,Compilation of Changes
2023.05,U,H04B 7/0686,H04B 7/0686,"{Hybrid systems, i.e. switching and simultaneous transmission}","{Hybrid systems, i.e. switching and simultaneous transmission}",Compilation of Changes
2023.05,C,H04B 7/0695,H04B 7/0695,{using beam selection},{using beam selection},Compilation of Changes
2023.05,N,H04B 7/06952,H04B 7/06952,"{Selecting one or more beams from a plurality of beams, e.g. beam training, management or sweeping}","{Selecting one or more beams from a plurality of beams, e.g. beam training, management or sweeping}",Compilation of Changes
2023.05,N,H04B 7/06954,H04B 7/06954,"{Sidelink beam training with support from third instance, e.g. the third instance being a base station}","{Sidelink beam training with support from third instance, e.g. the third instance being a base station}",Compilation of Changes
2023.05,N,H04B 7/06956,H04B 7/06956,{using a selection of antenna panels},{using a selection of antenna panels},Compilation of Changes
2023.05,N,H04B 7/06958,H04B 7/06958,"{Multistage beam selection, e.g. beam refinement}","{Multistage beam selection, e.g. beam refinement}",Compilation of Changes
2023.05,N,H04B 7/0696,H04B 7/0696,{Determining beam pairs},{Determining beam pairs},Compilation of Changes
2023.05,N,H04B 7/06962,H04B 7/06962,{Simultaneous selection of transmit [Tx] and receive [Rx] beams at both sides of a link},{Simultaneous selection of transmit [Tx] and receive [Rx] beams at both sides of a link},Compilation of Changes
2023.05,N,H04B 7/06964,H04B 7/06964,{Re-selection of one or more beams after beam failure},{Re-selection of one or more beams after beam failure},Compilation of Changes
2023.05,N,H04B 7/06966,H04B 7/06966,"{using beam correspondence; using channel reciprocity, e.g. downlink beam training based on uplink sounding reference signal [SRS]}","{using beam correspondence; using channel reciprocity, e.g. downlink beam training based on uplink sounding reference signal [SRS]}",Compilation of Changes
2023.05,N,H04B 7/06968,H04B 7/06968,{using quasi-colocation [QCL] between signals},{using quasi-colocation [QCL] between signals},Compilation of Changes
2023.05,U,H04B 17/00,H04B 17/00,Monitoring; Testing (of line transmission systems H04B3/46; arrangements for monitoring or testing transmission systems employing electromagnetic waves other than radio waves H04B10/07),Monitoring; Testing (of line transmission systems H04B3/46; arrangements for monitoring or testing transmission systems employing electromagnetic waves other than radio waves H04B10/07),Compilation of Changes
2023.05,U,H04B 17/01,H04B 17/01,of transmitters,of transmitters,Compilation of Changes
2023.05,M,H04B 17/101,H04B 17/101,{for measurement of parametersspecific parameters of the transmitter or components thereof},{for measurement of parametersspecific parameters of the transmitter or components thereof},Compilation of Changes
2023.05,M,H04B 17/102,H04B 17/102,{of radiated power at antenna portPower radiated at antenna},{of radiated power at antenna portPower radiated at antenna},Compilation of Changes
2023.05,M,H04B 17/103,H04B 17/103,"{of reflectedReflected power, e.g. return loss}","{of reflectedReflected power, e.g. return loss}",Compilation of Changes
2023.05,C,H04B 17/15,H04B 17/15,Performance testing,Performance testing,Compilation of Changes
2023.05,U,H04B 17/19,H04B 17/19,Self-testing arrangements,Self-testing arrangements,Compilation of Changes
2023.05,N,H04B 17/191,H04B 17/191,{Over-the-air testing},{Over-the-air testing},Compilation of Changes
2023.05,C,H04B 17/02,H04B 17/02,of receivers,of receivers,Compilation of Changes
2023.05,N,H04B 17/201,H04B 17/201,{for measurement of specific parameters of the receiver or components thereof},{for measurement of specific parameters of the receiver or components thereof},Compilation of Changes
2023.05,N,H04B 17/202,H04B 17/202,{Power received at the antenna},{Power received at the antenna},Compilation of Changes
2023.05,N,H04B 17/203,H04B 17/203,{Receiver sensitivity},{Receiver sensitivity},Compilation of Changes
2023.05,N,H04B 17/204,H04B 17/204,"{of interfering signals, e.g. passive intermodulation}","{of interfering signals, e.g. passive intermodulation}",Compilation of Changes
2023.05,C,H04B 17/21,H04B 17/21,for calibration; for correcting measurements,for calibration; for correcting measurements,Compilation of Changes
2023.05,N,H04B 17/22,H04B 17/22,{for calibration of the receiver components},{for calibration of the receiver components},Compilation of Changes
2023.05,N,H04B 17/221,H04B 17/221,"{of receiver antennas, e.g. as to amplitude or phase}","{of receiver antennas, e.g. as to amplitude or phase}",Compilation of Changes
2023.05,U,H04B 17/24,H04B 17/24,with feedback of measurements to the transmitter,with feedback of measurements to the transmitter,Compilation of Changes
2023.05,N,H04B 17/25,H04B 17/25,{taking multiple measurements},{taking multiple measurements},Compilation of Changes
2023.05,N,H04B 17/252,H04B 17/252,"{measuring signals from different transmission points or directions of arrival, e.g. in multi RAT or dual connectivity}","{measuring signals from different transmission points or directions of arrival, e.g. in multi RAT or dual connectivity}",Compilation of Changes
2023.05,N,H04B 17/253,H04B 17/253,{measuring at different locations or reception points},{measuring at different locations or reception points},Compilation of Changes
2023.05,N,H04B 17/254,H04B 17/254,{measuring at different reception times},{measuring at different reception times},Compilation of Changes
2023.05,N,H04B 17/255,H04B 17/255,"{measuring at different states of transmission, e.g. active or idle; measuring at different measurement rates; measuring with different measurement schedules}","{measuring at different states of transmission, e.g. active or idle; measuring at different measurement rates; measuring with different measurement schedules}",Compilation of Changes
2023.05,C,H04B 17/29,H04B 17/29,Performance testing,Performance testing,Compilation of Changes
2023.05,N,H04B 17/294,H04B 17/294,{with test equipment located at the receiver},{with test equipment located at the receiver},Compilation of Changes
2023.05,N,H04B 17/295,H04B 17/295,"{Detection of non-compliance or faulty performance, e.g. response deviations (monitoring during normal operations H04B17/296)}","{Detection of non-compliance or faulty performance, e.g. response deviations (monitoring during normal operations H04B17/296)}",Compilation of Changes
2023.05,N,H04B 17/296,H04B 17/296,{Monitoring performance during normal operation},{Monitoring performance during normal operation},Compilation of Changes
2023.05,N,H04B 17/297,H04B 17/297,{Self-testing arrangements},{Self-testing arrangements},Compilation of Changes
2023.05,U,H04B 17/03,H04B 17/03,of propagation channels,of propagation channels,Compilation of Changes
2023.05,C,H04B 17/309,H04B 17/309,Measuring or estimating channel quality parameters,Measuring or estimating channel quality parameters,Compilation of Changes
2023.05,C,H04B 17/318,H04B 17/318,Received signal strength,Received signal strength,Compilation of Changes
2023.05,U,H04B 17/327,H04B 17/327,Received signal code power [RSCP],Received signal code power [RSCP],Compilation of Changes
2023.05,N,H04B 17/328,H04B 17/328,{Reference signal received power [RSRP]; Reference signal received quality [RSRQ]},{Reference signal received power [RSRP]; Reference signal received quality [RSRQ]},Compilation of Changes
2023.05,M,H04B 17/345,H04B 17/345,Interference values (H04B17/336 takes precedence{signal-to-interference ratio [SIR] or carrier-to-interference ratio [CIR]} H04B17/336),Interference values (H04B17/336 takes precedence{signal-to-interference ratio [SIR] or carrier-to-interference ratio [CIR]} H04B17/336),Compilation of Changes
2023.05,N,H04B 17/346,H04B 17/346,{Noise values (signal-to-interference ratio [SIR] or carrier-to-interference ratio [CIR] H04B17/336)},{Noise values (signal-to-interference ratio [SIR] or carrier-to-interference ratio [CIR] H04B17/336)},Compilation of Changes
2023.05,N,H04B 17/347,H04B 17/347,{Path loss},{Path loss},Compilation of Changes
2023.05,M,H04B 17/373,H04B 17/373,Predicting channel quality {or other radio frequency [RF]} parameters,Predicting channel quality {or other radio frequency [RF]} parameters,Compilation of Changes
2023.05,U,H04B 17/391,H04B 17/391,Modelling the propagation channel,Modelling the propagation channel,Compilation of Changes
2023.05,M,H04B 17/3912,H04B 17/3912,"{Simulation models, e.g. distribution of spectral power density or received signal strength indicator [RSSI] for a given geographic region}","{Simulation models, e.g. distribution of spectral power density or received signal strength indicator [RSSI] for a given geographic region}",Compilation of Changes
2023.05,M,H04B 17/3913,H04B 17/3913,"{Predictive models, e.g. based on neural network models}","{Predictive models, e.g. based on neural network models}",Compilation of Changes
2023.05,U,H04L 5/00,H04L 5/00,Arrangements affording multiple use of the transmission path,Arrangements affording multiple use of the transmission path,Compilation of Changes
2023.05,U,H04L 5/003,H04L 5/003,{Arrangements for allocating sub-channels of the transmission path},{Arrangements for allocating sub-channels of the transmission path},Compilation of Changes
2023.05,M,H04L 5/0044,H04L 5/0044,{allocation of payload},{allocation of payload},Compilation of Changes
2023.05,M,H04L 5/0048,H04L 5/0048,"{Allocation of pilot signals, i.e. of signals known to the receiver}","{Allocation of pilot signals, i.e. of signals known to the receiver}",Compilation of Changes
2023.05,U,H04L 25/00,H04L 25/00,Baseband systems,Baseband systems,Compilation of Changes
2023.05,U,H04L 25/02,H04L 25/02,Details {; arrangements for supplying electrical power along data transmission lines (systems for transmitting signals via power distribution lines H04B3/54)},Details {; arrangements for supplying electrical power along data transmission lines (systems for transmitting signals via power distribution lines H04B3/54)},Compilation of Changes
2023.05,U,H04L 25/0202,H04L 25/0202,{Channel estimation},{Channel estimation},Compilation of Changes
2023.05,U,H04L 25/0204,H04L 25/0204,{of multiple channels},{of multiple channels},Compilation of Changes
2023.05,D,H04L 25/0206,H04L 25/0206,{of each channel individually},{of each channel individually},Compilation of Changes
2023.05,D,H04L 25/0208,H04L 25/0208,{of the composite channel},{of the composite channel},Compilation of Changes
2023.05,U,H04L 27/00,H04L 27/00,Modulated-carrier systems,Modulated-carrier systems,Compilation of Changes
2023.05,U,H04L 27/26,H04L 27/26,Systems using multi-frequency codes (H04L27/32 takes precedence),Systems using multi-frequency codes (H04L27/32 takes precedence),Compilation of Changes
2023.05,U,H04L 27/2601,H04L 27/2601,{Multicarrier modulation systems},{Multicarrier modulation systems},Compilation of Changes
2023.05,M,H04L 27/2602,H04L 27/2602,{Signal structure},{Signal structure},Compilation of Changes
2023.05,M,H04L 27/26025,H04L 27/26025,"{Numerology, i.e. varying one or more of symbol duration, subcarrier spacing, Fourier transform size, sampling rate or down-clocking (allocating sub-channels of the transmission path H04L5/003)}","{Numerology, i.e. varying one or more of symbol duration, subcarrier spacing, Fourier transform size, sampling rate or down-clocking (allocating sub-channels of the transmission path H04L5/003)}",Compilation of Changes
2023.05,M,H04L 27/2603,H04L 27/2603,{Signal structure ensuring backward compatibility with legacy system},{Signal structure ensuring backward compatibility with legacy system},Compilation of Changes
2023.05,M,H04L 27/26035,H04L 27/26035,"{Maintenance of orthogonality, e.g. for signals exchanged between cells or users, or by using covering codes or sequences (using different training sequence per antenna H04B7/0684; code allocation H04J13/16)}","{Maintenance of orthogonality, e.g. for signals exchanged between cells or users, or by using covering codes or sequences (using different training sequence per antenna H04B7/0684; code allocation H04J13/16)}",Compilation of Changes
2023.05,D,H04L 27/2608,H04L 27/2608,{Allocation of payload},{Allocation of payload},Compilation of Changes
2023.05,M,H04L 27/261,H04L 27/261,{Details of reference signals},{Details of reference signals},Compilation of Changes
2023.05,D,H04L 27/2611,H04L 27/2611,{Distribution thereof},{Distribution thereof},Compilation of Changes
2023.05,M,H04L 27/2613,H04L 27/2613,{Structure of the reference signals},{Structure of the reference signals},Compilation of Changes
2023.05,M,H04L 27/26132,H04L 27/26132,{using repetition},{using repetition},Compilation of Changes
2023.05,M,H04L 27/26134,H04L 27/26134,"{Pilot insertion in the transmitter chain, e.g. pilot overlapping with data, insertion in time or frequency domain}","{Pilot insertion in the transmitter chain, e.g. pilot overlapping with data, insertion in time or frequency domain}",Compilation of Changes
2023.05,M,H04L 27/26136,H04L 27/26136,{Pilot sequence conveying additional information},{Pilot sequence conveying additional information},Compilation of Changes
2023.05,U,H04L 27/2614,H04L 27/2614,{Peak power aspects},{Peak power aspects},Compilation of Changes
2023.05,M,H04L 27/262,H04L 27/262,{Reduction thereof by selection of pilot symbols},{Reduction thereof by selection of pilot symbols},Compilation of Changes
2023.05,M,H04L 27/2626,H04L 27/2626,{Arrangements specific to the transmitter only},{Arrangements specific to the transmitter only},Compilation of Changes
2023.05,M,H04L 27/26265,H04L 27/26265,"{Arrangements for sidelobes suppression specially adapted to multicarrier systems, e.g. spectral precoding}","{Arrangements for sidelobes suppression specially adapted to multicarrier systems, e.g. spectral precoding}",Compilation of Changes
2023.05,U,H04L 27/2627,H04L 27/2627,{Modulators},{Modulators},Compilation of Changes
2023.05,M,H04L 27/2628,H04L 27/2628,"{Inverse Fourier transform modulators, e.g. inverse fast Fourier transform [IFFT] or inverse discrete Fourier transform [IDFT] modulators (H04L27/2634 takes precedence)}","{Inverse Fourier transform modulators, e.g. inverse fast Fourier transform [IFFT] or inverse discrete Fourier transform [IDFT] modulators (H04L27/2634 takes precedence)}",Compilation of Changes
2023.05,M,H04L 27/263,H04L 27/263,{modification of IFFT/IDFT modulator for performance improvement},{modification of IFFT/IDFT modulator for performance improvement},Compilation of Changes
2023.05,M,H04L 27/2631,H04L 27/2631,{with polyphase implementation},{with polyphase implementation},Compilation of Changes
2023.05,M,H04L 27/2633,H04L 27/2633,{using partial FFTs},{using partial FFTs},Compilation of Changes
2023.05,M,H04L 27/2634,H04L 27/2634,{Inverse fast Fourier transform [IFFT] or inverse discrete Fourier transform [IDFT] modulators in combination with other circuits for modulation},{Inverse fast Fourier transform [IFFT] or inverse discrete Fourier transform [IDFT] modulators in combination with other circuits for modulation},Compilation of Changes
2023.05,M,H04L 27/2636,H04L 27/2636,"{with FFT or DFT modulators, e.g. standard single-carrier frequency-division multiple access [SC-FDMA] transmitter or DFT spread orthogonal frequency division multiplexing [DFT-SOFDM]}","{with FFT or DFT modulators, e.g. standard single-carrier frequency-division multiple access [SC-FDMA] transmitter or DFT spread orthogonal frequency division multiplexing [DFT-SOFDM]}",Compilation of Changes
2023.05,M,H04L 27/26362,H04L 27/26362,"{Subcarrier weighting equivalent to time domain filtering, e.g. weighting per subcarrier multiplication (arrangements for removing intersymbol interference at the transmitter end H04L25/03343)}","{Subcarrier weighting equivalent to time domain filtering, e.g. weighting per subcarrier multiplication (arrangements for removing intersymbol interference at the transmitter end H04L25/03343)}",Compilation of Changes
2023.05,M,H04L 27/264,H04L 27/264,"{Pulse-shaped multi-carrier, i.e. not using rectangular window}","{Pulse-shaped multi-carrier, i.e. not using rectangular window}",Compilation of Changes
2023.05,M,H04L 27/26412,H04L 27/26412,"{Filtering over the entire frequency band, e.g. filtered orthogonal frequency-division multiplexing [OFDM]}","{Filtering over the entire frequency band, e.g. filtered orthogonal frequency-division multiplexing [OFDM]}",Compilation of Changes
2023.05,M,H04L 27/26414,H04L 27/26414,"{Filtering per subband or per resource block, e.g. universal filtered multicarrier [UFMC] or generalized frequency division multiplexing [GFDM]}","{Filtering per subband or per resource block, e.g. universal filtered multicarrier [UFMC] or generalized frequency division multiplexing [GFDM]}",Compilation of Changes
2023.05,M,H04L 27/26416,H04L 27/26416,"{Filtering per subcarrier, e.g. filterbank multicarrier [FBMC]}","{Filtering per subcarrier, e.g. filterbank multicarrier [FBMC]}",Compilation of Changes
2023.05,U,H04L 27/2647,H04L 27/2647,{Arrangements specific to the receiver only (equalisation H04L27/01)},{Arrangements specific to the receiver only (equalisation H04L27/01)},Compilation of Changes
2023.05,M,H04L 27/2649,H04L 27/2649,{Demodulators},{Demodulators},Compilation of Changes
2023.05,M,H04L 27/265,H04L 27/265,"{Fourier transform demodulators, e.g. fast Fourier transform [FFT] or discrete Fourier transform [DFT] demodulators (H04L27/26524 takes precedence)}","{Fourier transform demodulators, e.g. fast Fourier transform [FFT] or discrete Fourier transform [DFT] demodulators (H04L27/26524 takes precedence)}",Compilation of Changes
2023.05,M,H04L 27/2651,H04L 27/2651,{Modification of fast Fourier transform [FFT] or discrete Fourier transform [DFT] demodulators for performance improvement},{Modification of fast Fourier transform [FFT] or discrete Fourier transform [DFT] demodulators for performance improvement},Compilation of Changes
2023.05,M,H04L 27/26522,H04L 27/26522,{using partial FFTs},{using partial FFTs},Compilation of Changes
2023.05,M,H04L 27/26524,H04L 27/26524,{Fast Fourier transform [FFT] or discrete Fourier transform [DFT] demodulators in combination with other circuits for demodulation},{Fast Fourier transform [FFT] or discrete Fourier transform [DFT] demodulators in combination with other circuits for demodulation},Compilation of Changes
2023.05,M,H04L 27/26532,H04L 27/26532,"{Demodulators using other transforms, e.g. discrete cosine transforms, Orthogonal Time Frequency and Space [OTFS] or hermetic transforms}","{Demodulators using other transforms, e.g. discrete cosine transforms, Orthogonal Time Frequency and Space [OTFS] or hermetic transforms}",Compilation of Changes
2023.05,M,H04L 27/26534,H04L 27/26534,"{Pulse-shaped multi-carrier, i.e. not using rectangular window}","{Pulse-shaped multi-carrier, i.e. not using rectangular window}",Compilation of Changes
2023.05,M,H04L 27/26542,H04L 27/26542,{Wavelet transform demodulators  (wavelet-division  H04L5/0008)},{Wavelet transform demodulators  (wavelet-division  H04L5/0008)},Compilation of Changes
2023.05,M,H04L 27/26544,H04L 27/26544,{Demodulators for signals generated by symbol repetition (synchronisation arrangements H04L27/2655)},{Demodulators for signals generated by symbol repetition (synchronisation arrangements H04L27/2655)},Compilation of Changes
2023.05,M,H04L 27/26546,H04L 27/26546,{with oversampling},{with oversampling},Compilation of Changes
2023.05,U,H04L 27/2655,H04L 27/2655,{Synchronisation arrangements},{Synchronisation arrangements},Compilation of Changes
2023.05,U,H04L 27/2668,H04L 27/2668,{Details of algorithms},{Details of algorithms},Compilation of Changes
2023.05,M,H04L 27/2681,H04L 27/2681,{characterised by constraints},{characterised by constraints},Compilation of Changes
2023.05,M,H04L 27/26885,H04L 27/26885,"{Adaptation to rapid radio propagation changes, e.g. due to velocity}","{Adaptation to rapid radio propagation changes, e.g. due to velocity}",Compilation of Changes
2023.05,U,H04L 41/00,H04L 41/00,"Arrangements for maintenance, administration or management of data switching networks, e.g. of packet switching networks","Arrangements for maintenance, administration or management of data switching networks, e.g. of packet switching networks",Compilation of Changes
2023.05,U,H04L 41/06,H04L 41/06,"Management of faults, events, alarms or notifications","Management of faults, events, alarms or notifications",Compilation of Changes
2023.05,U,H04L 41/0654,H04L 41/0654,using network fault recovery (ring fault isolation or reconfiguration in loop networks without recovery actions by a network management system H04L12/437),using network fault recovery (ring fault isolation or reconfiguration in loop networks without recovery actions by a network management system H04L12/437),Compilation of Changes
2023.05,C,H04L 41/0659,H04L 41/0659,by isolating or reconfiguring faulty entities,by isolating or reconfiguring faulty entities,Compilation of Changes
2023.05,N,H04L 41/0661,H04L 41/0661,{by reconfiguring faulty entities},{by reconfiguring faulty entities},Compilation of Changes
2023.05,D,H04L 41/0672,H04L 41/0672,{by re-configuring the faulty entity},{by re-configuring the faulty entity},Compilation of Changes
2023.05,U,H04L 63/00,H04L 63/00,{Network architectures or network communication protocols for network security (cryptographic mechanisms or cryptographic arrangements for secret or secure communication H04L9/00; network architectures or network communication protocols for wireless network security H04W12/00; security arrangements for protecting computers or computer systems against unauthorised activity G06F21/00)},{Network architectures or network communication protocols for network security (cryptographic mechanisms or cryptographic arrangements for secret or secure communication H04L9/00; network architectures or network communication protocols for wireless network security H04W12/00; security arrangements for protecting computers or computer systems against unauthorised activity G06F21/00)},Compilation of Changes
2023.05,M,H04L 63/08,H04L 63/08,{for supporting authentication of entities communicating through a packet data network (cryptographic mechanisms or cryptographic arrangements for entity authentication H04L9/32)},{for supporting authentication of entities communicating through a packet data network (cryptographic mechanisms or cryptographic arrangements for entity authentication H04L9/32)},Compilation of Changes
2023.05,M,H04L 63/01,H04L 63/01,{for controlling access to network resources devices or network resources}(restricting network management access H04L41/28)},{for controlling access to network resources devices or network resources}(restricting network management access H04L41/28)},Compilation of Changes
2023.05,M,H04L 63/18,H04L 63/18,"{using different networks or paths for securitychannels, e.g. using out of band channels (cryptographic mechanisms or cryptographic arrangements for key distribution involving distinctive intermediate devices or communication paths H04L9/0827; cryptographic mechanisms or cryptographic arrangements for authentication using a plurality of channels H04L9/3215)}","{using different networks or paths for securitychannels, e.g. using out of band channels (cryptographic mechanisms or cryptographic arrangements for key distribution involving distinctive intermediate devices or communication paths H04L9/0827; cryptographic mechanisms or cryptographic arrangements for authentication using a plurality of channels H04L9/3215)}",Compilation of Changes
2023.05,M,H04W 28/00,H04W 28/00,Network traffic or resource management; Network resource management,Network traffic or resource management; Network resource management,Compilation of Changes
2023.05,U,H04W 28/02,H04W 28/02,"Traffic management, e.g. flow control or congestion control","Traffic management, e.g. flow control or congestion control",Compilation of Changes
2023.05,C,H04W 28/0289,H04W 28/0289,{Congestion control (performing reselection for handling the traffic H04W36/22; load shedding arrangements in network planning H04W16/08; dynamic wireless traffic scheduling H04W72/12; performing reselection for handling the traffic H04W36/22; wireless traffic scheduling H04W72/12)},{Congestion control (performing reselection for handling the traffic H04W36/22; load shedding arrangements in network planning H04W16/08; dynamic wireless traffic scheduling H04W72/12; performing reselection for handling the traffic H04W36/22; wireless traffic scheduling H04W72/12)},Compilation of Changes
2023.05,C,H04W 28/08,H04W 28/08,Load balancing or load distribution (transferring a connection for handling the traffic H04W36/22; wireless traffic scheduling H04W72/12),Load balancing or load distribution (transferring a connection for handling the traffic H04W36/22; wireless traffic scheduling H04W72/12),Compilation of Changes
2023.05,D,H04W 28/0804,H04W 28/0804,{between access entities (reselecting a network for handling traffic H04W36/22; wireless resource allocation where an allocation plan is defined based on load H04W72/52)},{between access entities (reselecting a network for handling traffic H04W36/22; wireless resource allocation where an allocation plan is defined based on load H04W72/52)},Compilation of Changes
2023.05,D,H04W 28/0808,H04W 28/0808,{between base stations},{between base stations},Compilation of Changes
2023.05,D,H04W 28/0812,H04W 28/0812,{of same hierarchy level},{of same hierarchy level},Compilation of Changes
2023.05,D,H04W 28/0815,H04W 28/0815,"{of different hierarchy levels, e.g. Master Evolved Node B [MeNB] or Secondary Evolved node B [SeNB]}","{of different hierarchy levels, e.g. Master Evolved Node B [MeNB] or Secondary Evolved node B [SeNB]}",Compilation of Changes
2023.05,D,H04W 28/0819,H04W 28/0819,"{of different Radio Access Technologies [RATs], e.g. LTE or WiFi}","{of different Radio Access Technologies [RATs], e.g. LTE or WiFi}",Compilation of Changes
2023.05,N,H04W 28/082,H04W 28/082,among bearers or channels,among bearers or channels,Compilation of Changes
2023.05,D,H04W 28/0823,H04W 28/0823,"{between wireless and wire-based access points, e.g. via LTE and via DSL connected access points}","{between wireless and wire-based access points, e.g. via LTE and via DSL connected access points}",Compilation of Changes
2023.05,M,H04W 28/0827,H04W 28/0827,{Triggering entity},{Triggering entity},Compilation of Changes
2023.05,U,H04W 28/0838,H04W 28/0838,{User device},{User device},Compilation of Changes
2023.05,N,H04W 28/084,H04W 28/084,"among network function virtualisation [NFV] entities; among edge computing entities, e.g. multi-access edge computing","among network function virtualisation [NFV] entities; among edge computing entities, e.g. multi-access edge computing",Compilation of Changes
2023.05,D,H04W 28/0842,H04W 28/0842,{among core entities},{among core entities},Compilation of Changes
2023.05,M,H04W 28/0846,H04W 28/0846,"{between network providers, e.g. operators (selecting a network or a communication service H04W40/18)}","{between network providers, e.g. operators (selecting a network or a communication service H04W40/18)}",Compilation of Changes
2023.05,D,H04W 28/085,H04W 28/085,{among bearers or channels},{among bearers or channels},Compilation of Changes
2023.05,M,H04W 28/0858,H04W 28/0858,{among entities in the uplink},{among entities in the uplink},Compilation of Changes
2023.05,N,H04W 28/086,H04W 28/086,among access entities,among access entities,Compilation of Changes
2023.05,N,H04W 28/0861,H04W 28/0861,{between base stations},{between base stations},Compilation of Changes
2023.05,N,H04W 28/0862,H04W 28/0862,{of same hierarchy level},{of same hierarchy level},Compilation of Changes
2023.05,N,H04W 28/0864,H04W 28/0864,"{of different hierarchy levels, e.g. Master Evolved Node B [MeNB] or Secondary Evolved node B [SeNB]}","{of different hierarchy levels, e.g. Master Evolved Node B [MeNB] or Secondary Evolved node B [SeNB]}",Compilation of Changes
2023.05,N,H04W 28/0865,H04W 28/0865,"{of different Radio Access Technologies [RATs], e.g. LTE or WiFi}","{of different Radio Access Technologies [RATs], e.g. LTE or WiFi}",Compilation of Changes
2023.05,N,H04W 28/0866,H04W 28/0866,"{between wireless and wire-based access points, e.g. via LTE and via DSL connected access points}","{between wireless and wire-based access points, e.g. via LTE and via DSL connected access points}",Compilation of Changes
2023.05,M,H04W 28/0867,H04W 28/0867,{among entities in the downlink},{among entities in the downlink},Compilation of Changes
2023.05,M,H04W 28/0875,H04W 28/0875,"{to or through Device to Device [D2D] links, e.g. direct-mode links}","{to or through Device to Device [D2D] links, e.g. direct-mode links}",Compilation of Changes
2023.05,N,H04W 28/088,H04W 28/088,among core entities,among core entities,Compilation of Changes
2023.05,M,H04W 28/0883,H04W 28/0883,{between entities in ad-hoc networks},{between entities in ad-hoc networks},Compilation of Changes
2023.05,M,H04W 28/09,H04W 28/09,{Management thereof},{Management thereof},Compilation of Changes
2023.05,M,H04W 28/0908,H04W 28/0908,"{based on time, e.g. for a critical period only}","{based on time, e.g. for a critical period only}",Compilation of Changes
2023.05,M,H04W 28/0917,H04W 28/0917,{based on the energy state of entities},{based on the energy state of entities},Compilation of Changes
2023.05,M,H04W 28/0925,H04W 28/0925,{using policies},{using policies},Compilation of Changes
2023.05,M,H04W 28/0958,H04W 28/0958,{based on metrics or performance parameters},{based on metrics or performance parameters},Compilation of Changes
2023.05,M,H04W 28/0992,H04W 28/0992,{based on the type of application},{based on the type of application},Compilation of Changes
2023.05,U,H04W 36/00,H04W 36/00,Hand-off or reselection arrangements,Hand-off or reselection arrangements,Compilation of Changes
2023.05,U,H04W 36/0005,H04W 36/0005,{Control or signalling for completing the hand-off},{Control or signalling for completing the hand-off},Compilation of Changes
2023.05,C,H04W 36/0011,H04W 36/0011,{for data session orsessions of end-to-end connection},{for data session orsessions of end-to-end connection},Compilation of Changes
2023.05,M,H04W 36/0016,H04W 36/0016,{for handHand-off preparation specially adapted for end-to-end data sessions},{for handHand-off preparation specially adapted for end-to-end data sessions},Compilation of Changes
2023.05,N,H04W 36/0019,H04W 36/0019,{adapted for mobile IP [MIP]},{adapted for mobile IP [MIP]},Compilation of Changes
2023.05,C,H04W 36/0022,H04W 36/0022,{for transferring data sessions between adjacent core network technologies},{for transferring data sessions between adjacent core network technologies},Compilation of Changes
2023.05,N,H04W 36/00222,H04W 36/00222,"{between different packet switched [PS] network technologies, e.g. transferring data sessions between LTE and WLAN or LTE and 5G}","{between different packet switched [PS] network technologies, e.g. transferring data sessions between LTE and WLAN or LTE and 5G}",Compilation of Changes
2023.05,N,H04W 36/00224,H04W 36/00224,"{between packet switched [PS] and circuit switched [CS] network technologies, e.g. circuit switched fallback [CSFB]}","{between packet switched [PS] and circuit switched [CS] network technologies, e.g. circuit switched fallback [CSFB]}",Compilation of Changes
2023.05,N,H04W 36/00226,H04W 36/00226,"{wherein the core network technologies comprise IP multimedia system [IMS], e.g. single radio voice call continuity [SRVCC]}","{wherein the core network technologies comprise IP multimedia system [IMS], e.g. single radio voice call continuity [SRVCC]}",Compilation of Changes
2023.05,M,H04W 36/0027,H04W 36/0027,"{for a plurality of sessions ordata sessions of end-to-end connections, e.g. multi-call, or multi-bearer end-to-end data connections}","{for a plurality of sessions ordata sessions of end-to-end connections, e.g. multi-call, or multi-bearer end-to-end data connections}",Compilation of Changes
2023.05,C,H04W 36/0055,H04W 36/0055,{Transmission andor use of information for re-establishing the radio link},{Transmission andor use of information for re-establishing the radio link},Compilation of Changes
2023.05,M,H04W 36/0061,H04W 36/0061,{of neighborneighbour cell information},{of neighborneighbour cell information},Compilation of Changes
2023.05,N,H04W 36/0064,H04W 36/0064,{of control information between different access points},{of control information between different access points},Compilation of Changes
2023.05,C,H04W 36/0069,H04W 36/0069,"{in case of dual connectivity, e.g. CoMP, decoupled uplink/downlink or carrier aggregation (allocation of physical resources in CoMP or in carrier aggregation H04L5/0035)}","{in case of dual connectivity, e.g. CoMP, decoupled uplink/downlink or carrier aggregation (allocation of physical resources in CoMP or in carrier aggregation H04L5/0035)}",Compilation of Changes
2023.05,N,H04W 36/00692,H04W 36/00692,"{using simultaneous multiple data streams, e.g. cooperative multipoint [CoMP], carrier aggregation [CA] or multiple input multiple output [MIMO] (allocation of physical resources in CoMP or in CA H04L5/0035)}","{using simultaneous multiple data streams, e.g. cooperative multipoint [CoMP], carrier aggregation [CA] or multiple input multiple output [MIMO] (allocation of physical resources in CoMP or in CA H04L5/0035)}",Compilation of Changes
2023.05,N,H04W 36/00695,H04W 36/00695,{using split of the control plane or user plane},{using split of the control plane or user plane},Compilation of Changes
2023.05,N,H04W 36/00698,H04W 36/00698,{using different RATs},{using different RATs},Compilation of Changes
2023.05,C,H04W 36/0072,H04W 36/0072,{of resource information of target access point},{of resource information of target access point},Compilation of Changes
2023.05,N,H04W 36/00725,H04W 36/00725,{Random access channel [RACH]-less handover},{Random access channel [RACH]-less handover},Compilation of Changes
2023.05,C,H04W 36/0083,H04W 36/0083,"{Determination of parameters used for hand-off, e.g. generation or modification of neighbour cell lists}","{Determination of parameters used for hand-off, e.g. generation or modification of neighbour cell lists}",Compilation of Changes
2023.05,N,H04W 36/00833,H04W 36/00833,{Handover statistics},{Handover statistics},Compilation of Changes
2023.05,C,H04W 36/00835,H04W 36/00835,{Determination of the neighbour cell listneighbour cell lists},{Determination of the neighbour cell listneighbour cell lists},Compilation of Changes
2023.05,N,H04W 36/008355,H04W 36/008355,"{Determination of target cell based on user equipment [UE] properties, e.g. UE service capabilities}","{Determination of target cell based on user equipment [UE] properties, e.g. UE service capabilities}",Compilation of Changes
2023.05,N,H04W 36/008357,H04W 36/008357,"{Determination of target cell based on access point [AP] properties, e.g. AP service capabilities}","{Determination of target cell based on access point [AP] properties, e.g. AP service capabilities}",Compilation of Changes
2023.05,C,H04W 36/00837,H04W 36/00837,{Determination of triggering parameters for hand-off},{Determination of triggering parameters for hand-off},Compilation of Changes
2023.05,N,H04W 36/008375,H04W 36/008375,{based on historical data},{based on historical data},Compilation of Changes
2023.05,N,H04W 36/00838,H04W 36/00838,{Resource reservation for handover},{Resource reservation for handover},Compilation of Changes
2023.05,U,H04W 36/02,H04W 36/02,Buffering or recovering information during reselection {; Modification of the traffic flow during hand-off},Buffering or recovering information during reselection {; Modification of the traffic flow during hand-off},Compilation of Changes
2023.05,C,H04W 36/023,H04W 36/023,{Buffering or recovering information during reselection},{Buffering or recovering information during reselection},Compilation of Changes
2023.05,N,H04W 36/0235,H04W 36/0235,"{by transmitting sequence numbers, e.g. SN status transfer}","{by transmitting sequence numbers, e.g. SN status transfer}",Compilation of Changes
2023.05,C,H04W 36/03,H04W 36/03,{Reselecting a link using a direct mode connection},{Reselecting a link using a direct mode connection},Compilation of Changes
2023.05,N,H04W 36/033,H04W 36/033,{in pre-organised networks},{in pre-organised networks},Compilation of Changes
2023.05,N,H04W 36/035,H04W 36/035,{in self-organising networks},{in self-organising networks},Compilation of Changes
2023.05,N,H04W 36/037,H04W 36/037,"{by reducing handover delay, e.g. latency}","{by reducing handover delay, e.g. latency}",Compilation of Changes
2023.05,C,H04W 36/08,H04W 36/08,Reselecting an access point,Reselecting an access point,Compilation of Changes
2023.05,N,H04W 36/083,H04W 36/083,{wherein at least one of the access points is a moving node},{wherein at least one of the access points is a moving node},Compilation of Changes
2023.05,N,H04W 36/085,H04W 36/085,{involving beams of access points},{involving beams of access points},Compilation of Changes
2023.05,N,H04W 36/087,H04W 36/087,{between radio units of access points},{between radio units of access points},Compilation of Changes
2023.05,U,H04W 36/12,H04W 36/12,Reselecting a serving backbone network switching or routing node,Reselecting a serving backbone network switching or routing node,Compilation of Changes
2023.05,C,H04W 36/125,H04W 36/125,{involving different types of service backbonebackbones},{involving different types of service backbonebackbones},Compilation of Changes
2023.05,N,H04W 36/13,H04W 36/13,"{Cell handover without a predetermined boundary, e.g. virtual cells}","{Cell handover without a predetermined boundary, e.g. virtual cells}",Compilation of Changes
2023.05,C,H04W 36/14,H04W 36/14,Reselecting a network or an air interface,Reselecting a network or an air interface,Compilation of Changes
2023.05,N,H04W 36/142,H04W 36/142,{over the same radio air interface technology},{over the same radio air interface technology},Compilation of Changes
2023.05,N,H04W 36/144,H04W 36/144,{over a different radio air interface technology},{over a different radio air interface technology},Compilation of Changes
2023.05,N,H04W 36/1443,H04W 36/1443,{between licensed networks},{between licensed networks},Compilation of Changes
2023.05,N,H04W 36/1446,H04W 36/1446,{wherein at least one of the networks is unlicensed},{wherein at least one of the networks is unlicensed},Compilation of Changes
2023.05,U,H04W 36/16,H04W 36/16,Performing reselection for specific purposes,Performing reselection for specific purposes,Compilation of Changes
2023.05,C,H04W 36/165,H04W 36/165,{for improving the overall network performancereducing network power consumption (H04W36/18 - H04W36/22 take precedence)},{for improving the overall network performancereducing network power consumption (H04W36/18 - H04W36/22 take precedence)},Compilation of Changes
2023.05,C,H04W 36/18,H04W 36/18,"for allowing seamless reselection, e.g. soft reselection","for allowing seamless reselection, e.g. soft reselection",Compilation of Changes
2023.05,N,H04W 36/185,H04W 36/185,{using make before break},{using make before break},Compilation of Changes
2023.05,M,H04W 36/22,H04W 36/22,for handling the traffic,for handling the traffic,Compilation of Changes
2023.05,C,H04W 36/24,H04W 36/24,Reselection being triggered by specific parameters {used to improve the performance of a single terminal},Reselection being triggered by specific parameters {used to improve the performance of a single terminal},Compilation of Changes
2023.05,D,H04W 36/245,H04W 36/245,{by historical data},{by historical data},Compilation of Changes
2023.05,N,H04W 36/247,H04W 36/247,{by using coverage extension},{by using coverage extension},Compilation of Changes
2023.05,N,H04W 36/249,H04W 36/249,{according to timing information},{according to timing information},Compilation of Changes
2023.05,U,H04W 36/26,H04W 36/26,by agreed or negotiated communication parameters,by agreed or negotiated communication parameters,Compilation of Changes
2023.05,C,H04W 36/28,H04W 36/28,"involving a plurality of connections, e.g. multi-call, or multi-bearer connections","involving a plurality of connections, e.g. multi-call, or multi-bearer connections",Compilation of Changes
2023.05,C,H04W 36/03,H04W 36/03,by measured or perceived connection quality data,by measured or perceived connection quality data,Compilation of Changes
2023.05,N,H04W 36/302,H04W 36/302,{due to low signal strength},{due to low signal strength},Compilation of Changes
2023.05,N,H04W 36/304,H04W 36/304,{due to measured or perceived resources with higher communication quality},{due to measured or perceived resources with higher communication quality},Compilation of Changes
2023.05,M,H04W 36/305,H04W 36/305,{ReselectionHandover due to radio link failure (control signalling for hand-off failure H04W36/0079)},{ReselectionHandover due to radio link failure (control signalling for hand-off failure H04W36/0079)},Compilation of Changes
2023.05,C,H04W 36/32,H04W 36/32,"by location or mobility data, e.g. speed data","by location or mobility data, e.g. speed data",Compilation of Changes
2023.05,N,H04W 36/322,H04W 36/322,{by location data},{by location data},Compilation of Changes
2023.05,N,H04W 36/324,H04W 36/324,"{by mobility data, e.g. speed data}","{by mobility data, e.g. speed data}",Compilation of Changes
2023.05,N,H04W 36/326,H04W 36/326,{by proximity to another entity},{by proximity to another entity},Compilation of Changes
2023.05,N,H04W 36/328,H04W 36/328,{by altitude},{by altitude},Compilation of Changes
2023.05,U,H04W 36/34,H04W 36/34,Reselection control,Reselection control,Compilation of Changes
2023.05,C,H04W 36/36,H04W 36/36,by user or terminal equipment,by user or terminal equipment,Compilation of Changes
2023.05,N,H04W 36/362,H04W 36/362,{Conditional handover},{Conditional handover},Compilation of Changes
2023.05,U,H04W 72/00,H04W 72/00,Local resource management,Local resource management,Compilation of Changes
2023.05,M,H04W 72/12,H04W 72/12,Wireless traffic scheduling,Wireless traffic scheduling,Compilation of Changes
2023.05,U,Y10S 242/00,Y10S 242/00,"Winding, tensioning, or guiding","Winding, tensioning, or guiding",Compilation of Changes
2023.05,U,Y10S 242/92,Y10S 242/92,Glass strand winding,Glass strand winding,Compilation of Changes
2023.05,D,Y10S 244/00,Y10S 244/00,Aeronautics and astronautics,Aeronautics and astronautics,Compilation of Changes
2023.05,D,Y10S 244/09,Y10S 244/09,"Lightweight, winged, air vehicle, e.g. ultralight or hang glider","Lightweight, winged, air vehicle, e.g. ultralight or hang glider",Compilation of Changes
2023.05,D,Y10S 244/901,Y10S 244/901,having delta shaped wing,having delta shaped wing,Compilation of Changes
2023.05,D,Y10S 244/902,Y10S 244/902,having parachute type wing,having parachute type wing,Compilation of Changes
2023.05,D,Y10S 244/903,Y10S 244/903,Powered,Powered,Compilation of Changes
2023.05,D,Y10S 244/904,Y10S 244/904,Miscellaneous hardware or control,Miscellaneous hardware or control,Compilation of Changes
2023.05,D,Y10S 244/905,Y10S 244/905,Inflatable evacuation slide,Inflatable evacuation slide,Compilation of Changes
2023.05,D,Y10T 16/00,Y10T 16/00,Former US Class 16 series,Former US Class 16 series,Compilation of Changes
2023.05,D,Y10T 16/00,Y10T 16/00,"Miscellaneous hardware [e.g., bushing, carpet fastener, caster, door closer, panel hanger, attachable or adjunct handle, hinge, window sash balance, etc.]","Miscellaneous hardware [e.g., bushing, carpet fastener, caster, door closer, panel hanger, attachable or adjunct handle, hinge, window sash balance, etc.]",Compilation of Changes
2023.05,D,Y10T 16/05,Y10T 16/05,Bushing,Bushing,Compilation of Changes
2023.05,D,Y10T 16/063,Y10T 16/063,"Providing a restricted or insulated environment [i.e., sealable] for internal elements","Providing a restricted or insulated environment [i.e., sealable] for internal elements",Compilation of Changes
2023.05,D,Y10T 16/075,Y10T 16/075,Bung or tap,Bung or tap,Compilation of Changes
2023.05,D,Y10T 16/082,Y10T 16/082,Threaded,Threaded,Compilation of Changes
2023.05,D,Y10T 16/088,Y10T 16/088,Providing strain relief,Providing strain relief,Compilation of Changes
2023.05,D,Y10T 16/01,Y10T 16/01,Carpet fasteners,Carpet fasteners,Compilation of Changes
2023.05,D,Y10T 16/104,Y10T 16/104,Combined fasteners and stretchers,Combined fasteners and stretchers,Compilation of Changes
2023.05,D,Y10T 16/109,Y10T 16/109,Hook,Hook,Compilation of Changes
2023.05,D,Y10T 16/113,Y10T 16/113,Moldings,Moldings,Compilation of Changes
2023.05,D,Y10T 16/118,Y10T 16/118,Rug,Rug,Compilation of Changes
2023.05,D,Y10T 16/122,Y10T 16/122,Stair,Stair,Compilation of Changes
2023.05,D,Y10T 16/124,Y10T 16/124,Risers,Risers,Compilation of Changes
2023.05,D,Y10T 16/125,Y10T 16/125,Rods,Rods,Compilation of Changes
2023.05,D,Y10T 16/126,Y10T 16/126,Catches,Catches,Compilation of Changes
2023.05,D,Y10T 16/1263,Y10T 16/1263,Sliding,Sliding,Compilation of Changes
2023.05,D,Y10T 16/1267,Y10T 16/1267,Swinging,Swinging,Compilation of Changes
2023.05,D,Y10T 16/127,Y10T 16/127,Sliding,Sliding,Compilation of Changes
2023.05,D,Y10T 16/131,Y10T 16/131,Strips,Strips,Compilation of Changes
2023.05,D,Y10T 16/134,Y10T 16/134,Swinging,Swinging,Compilation of Changes
2023.05,D,Y10T 16/14,Y10T 16/14,"Carpet stiffener or anti-slip device, per se","Carpet stiffener or anti-slip device, per se",Compilation of Changes
2023.05,D,Y10T 16/18,Y10T 16/18,Casters,Casters,Compilation of Changes
2023.05,D,Y10T 16/182,Y10T 16/182,Adjustable,Adjustable,Compilation of Changes
2023.05,D,Y10T 16/184,Y10T 16/184,Wheels,Wheels,Compilation of Changes
2023.05,D,Y10T 16/1847,Y10T 16/1847,Antifrictionally mounted,Antifrictionally mounted,Compilation of Changes
2023.05,D,Y10T 16/1853,Y10T 16/1853,Multiple,Multiple,Compilation of Changes
2023.05,D,Y10T 16/1857,Y10T 16/1857,Antifrictionally swivelled,Antifrictionally swivelled,Compilation of Changes
2023.05,D,Y10T 16/186,Y10T 16/186,Antifrictionally swivelled,Antifrictionally swivelled,Compilation of Changes
2023.05,D,Y10T 16/1867,Y10T 16/1867,Ball,Ball,Compilation of Changes
2023.05,D,Y10T 16/1873,Y10T 16/1873,Cylinder,Cylinder,Compilation of Changes
2023.05,D,Y10T 16/1877,Y10T 16/1877,Pivoted,Pivoted,Compilation of Changes
2023.05,D,Y10T 16/188,Y10T 16/188,Ball,Ball,Compilation of Changes
2023.05,D,Y10T 16/1887,Y10T 16/1887,Antifrictionally mounted,Antifrictionally mounted,Compilation of Changes
2023.05,D,Y10T 16/1889,Y10T 16/1889,Ball,Ball,Compilation of Changes
2023.05,D,Y10T 16/1891,Y10T 16/1891,Cylinder,Cylinder,Compilation of Changes
2023.05,D,Y10T 16/1893,Y10T 16/1893,Pivoted,Pivoted,Compilation of Changes
2023.05,D,Y10T 16/19,Y10T 16/19,Bracket supports,Bracket supports,Compilation of Changes
2023.05,D,Y10T 16/191,Y10T 16/191,Detachable,Detachable,Compilation of Changes
2023.05,D,Y10T 16/193,Y10T 16/193,Leg elevators,Leg elevators,Compilation of Changes
2023.05,D,Y10T 16/1937,Y10T 16/1937,Sliding,Sliding,Compilation of Changes
2023.05,D,Y10T 16/1943,Y10T 16/1943,Swinging,Swinging,Compilation of Changes
2023.05,D,Y10T 16/195,Y10T 16/195,Locked,Locked,Compilation of Changes
2023.05,D,Y10T 16/196,Y10T 16/196,Shimmy dampening,Shimmy dampening,Compilation of Changes
2023.05,D,Y10T 16/197,Y10T 16/197,Lubricators,Lubricators,Compilation of Changes
2023.05,D,Y10T 16/199,Y10T 16/199,Pintles,Pintles,Compilation of Changes
2023.05,D,Y10T 16/201,Y10T 16/201,Pintle retainers,Pintle retainers,Compilation of Changes
2023.05,D,Y10T 16/202,Y10T 16/202,Frame,Frame,Compilation of Changes
2023.05,D,Y10T 16/203,Y10T 16/203,Frame,Frame,Compilation of Changes
2023.05,D,Y10T 16/204,Y10T 16/204,Single leg frame or fork,Single leg frame or fork,Compilation of Changes
2023.05,D,Y10T 16/205,Y10T 16/205,Rigid wheel supports,Rigid wheel supports,Compilation of Changes
2023.05,D,Y10T 16/207,Y10T 16/207,Scrapers,Scrapers,Compilation of Changes
2023.05,D,Y10T 16/209,Y10T 16/209,Sliding,Sliding,Compilation of Changes
2023.05,D,Y10T 16/21,Y10T 16/21,for tubular leg,for tubular leg,Compilation of Changes
2023.05,D,Y10T 16/211,Y10T 16/211,Sockets,Sockets,Compilation of Changes
2023.05,D,Y10T 16/212,Y10T 16/212,Spring supported,Spring supported,Compilation of Changes
2023.05,D,Y10T 16/214,Y10T 16/214,Inclined axle,Inclined axle,Compilation of Changes
2023.05,D,Y10T 16/216,Y10T 16/216,Caster guard,Caster guard,Compilation of Changes
2023.05,D,Y10T 16/218,Y10T 16/218,Obstruction climbing aid,Obstruction climbing aid,Compilation of Changes
2023.05,D,Y10T 16/22,Y10T 16/22,Thermally released check or closer,Thermally released check or closer,Compilation of Changes
2023.05,D,Y10T 16/27,Y10T 16/27,Checks and closers,Checks and closers,Compilation of Changes
2023.05,D,Y10T 16/276,Y10T 16/276,Liquid,Liquid,Compilation of Changes
2023.05,D,Y10T 16/2766,Y10T 16/2766,Concentric spring chamber,Concentric spring chamber,Compilation of Changes
2023.05,D,Y10T 16/2769,Y10T 16/2769,Cam,Cam,Compilation of Changes
2023.05,D,Y10T 16/2771,Y10T 16/2771,Hinge,Hinge,Compilation of Changes
2023.05,D,Y10T 16/2774,Y10T 16/2774,Floor pivot,Floor pivot,Compilation of Changes
2023.05,D,Y10T 16/2777,Y10T 16/2777,Multiple piston,Multiple piston,Compilation of Changes
2023.05,D,Y10T 16/2782,Y10T 16/2782,Oscillating cylinder,Oscillating cylinder,Compilation of Changes
2023.05,D,Y10T 16/2788,Y10T 16/2788,Oscillating piston,Oscillating piston,Compilation of Changes
2023.05,D,Y10T 16/2793,Y10T 16/2793,Side spring chamber,Side spring chamber,Compilation of Changes
2023.05,D,Y10T 16/2796,Y10T 16/2796,Cam,Cam,Compilation of Changes
2023.05,D,Y10T 16/2799,Y10T 16/2799,Spring and flexible link,Spring and flexible link,Compilation of Changes
2023.05,D,Y10T 16/2804,Y10T 16/2804,Spring and gear,Spring and gear,Compilation of Changes
2023.05,D,Y10T 16/281,Y10T 16/281,Pneumatic,Pneumatic,Compilation of Changes
2023.05,D,Y10T 16/282,Y10T 16/282,Flexible link,Flexible link,Compilation of Changes
2023.05,D,Y10T 16/283,Y10T 16/283,Hinge,Hinge,Compilation of Changes
2023.05,D,Y10T 16/285,Y10T 16/285,Spring and gear,Spring and gear,Compilation of Changes
2023.05,D,Y10T 16/286,Y10T 16/286,Spring and lever,Spring and lever,Compilation of Changes
2023.05,D,Y10T 16/287,Y10T 16/287,Spring and flexible link,Spring and flexible link,Compilation of Changes
2023.05,D,Y10T 16/293,Y10T 16/293,Spring and gear,Spring and gear,Compilation of Changes
2023.05,D,Y10T 16/299,Y10T 16/299,Spring and lever,Spring and lever,Compilation of Changes
2023.05,D,Y10T 16/304,Y10T 16/304,Hinge,Hinge,Compilation of Changes
2023.05,D,Y10T 16/31,Y10T 16/31,Gate hangers,Gate hangers,Compilation of Changes
2023.05,D,Y10T 16/33,Y10T 16/33,Sliding and swinging,Sliding and swinging,Compilation of Changes
2023.05,D,Y10T 16/35,Y10T 16/35,"Panel hangers, travelers and/or tracks","Panel hangers, travelers and/or tracks",Compilation of Changes
2023.05,D,Y10T 16/353,Y10T 16/353,with flexible panel attaching means,with flexible panel attaching means,Compilation of Changes
2023.05,D,Y10T 16/354,Y10T 16/354,"Covered, hollow or slotted track","Covered, hollow or slotted track",Compilation of Changes
2023.05,D,Y10T 16/3543,Y10T 16/3543,with antifriction means,with antifriction means,Compilation of Changes
2023.05,D,Y10T 16/3545,Y10T 16/3545,Wood track,Wood track,Compilation of Changes
2023.05,D,Y10T 16/3547,Y10T 16/3547,Wood track,Wood track,Compilation of Changes
2023.05,D,Y10T 16/355,Y10T 16/355,with antifriction means,with antifriction means,Compilation of Changes
2023.05,D,Y10T 16/356,Y10T 16/356,Ball,Ball,Compilation of Changes
2023.05,D,Y10T 16/359,Y10T 16/359,Cylinder,Cylinder,Compilation of Changes
2023.05,D,Y10T 16/361,Y10T 16/361,Guide brackets,Guide brackets,Compilation of Changes
2023.05,D,Y10T 16/364,Y10T 16/364,Guide rollers,Guide rollers,Compilation of Changes
2023.05,D,Y10T 16/367,Y10T 16/367,Link and lever,Link and lever,Compilation of Changes
2023.05,D,Y10T 16/37,Y10T 16/37,Sliding shoe,Sliding shoe,Compilation of Changes
2023.05,D,Y10T 16/372,Y10T 16/372,Drapery supports,Drapery supports,Compilation of Changes
2023.05,D,Y10T 16/373,Y10T 16/373,Track and bracket,Track and bracket,Compilation of Changes
2023.05,D,Y10T 16/375,Y10T 16/375,Drapery supports,Drapery supports,Compilation of Changes
2023.05,D,Y10T 16/376,Y10T 16/376,"Covered, hollow or slotted track","Covered, hollow or slotted track",Compilation of Changes
2023.05,D,Y10T 16/377,Y10T 16/377,Wood,Wood,Compilation of Changes
2023.05,D,Y10T 16/378,Y10T 16/378,Drapery supports,Drapery supports,Compilation of Changes
2023.05,D,Y10T 16/3785,Y10T 16/3785,Wood,Wood,Compilation of Changes
2023.05,D,Y10T 16/379,Y10T 16/379,Tracks,Tracks,Compilation of Changes
2023.05,D,Y10T 16/3797,Y10T 16/3797,Drapery supports,Drapery supports,Compilation of Changes
2023.05,D,Y10T 16/3803,Y10T 16/3803,Laminated,Laminated,Compilation of Changes
2023.05,D,Y10T 16/381,Y10T 16/381,Wheel mounts,Wheel mounts,Compilation of Changes
2023.05,D,Y10T 16/3813,Y10T 16/3813,Antifrictionally mounted wheels,Antifrictionally mounted wheels,Compilation of Changes
2023.05,D,Y10T 16/3816,Y10T 16/3816,Door elevating,Door elevating,Compilation of Changes
2023.05,D,Y10T 16/3819,Y10T 16/3819,Floor,Floor,Compilation of Changes
2023.05,D,Y10T 16/3822,Y10T 16/3822,Reciprocating track,Reciprocating track,Compilation of Changes
2023.05,D,Y10T 16/3825,Y10T 16/3825,Traveling wheel,Traveling wheel,Compilation of Changes
2023.05,D,Y10T 16/3828,Y10T 16/3828,Swinging,Swinging,Compilation of Changes
2023.05,D,Y10T 16/3831,Y10T 16/3831,Swiveling,Swiveling,Compilation of Changes
2023.05,D,Y10T 16/3834,Y10T 16/3834,Vertically adjustable,Vertically adjustable,Compilation of Changes
2023.05,D,Y10T 16/3837,Y10T 16/3837,Wheel and guide roller,Wheel and guide roller,Compilation of Changes
2023.05,D,Y10T 16/384,Y10T 16/384,Wheels,Wheels,Compilation of Changes
2023.05,D,Y10T 16/387,Y10T 16/387,"Overlapping doors, common track","Overlapping doors, common track",Compilation of Changes
2023.05,D,Y10T 16/39,Y10T 16/39,"Ferrules, rings, and thimbles","Ferrules, rings, and thimbles",Compilation of Changes
2023.05,D,Y10T 16/42,Y10T 16/42,Ring ferrules,Ring ferrules,Compilation of Changes
2023.05,D,Y10T 16/44,Y10T 16/44,"Handle, handle component, or handle adjunct","Handle, handle component, or handle adjunct",Compilation of Changes
2023.05,D,Y10T 16/444,Y10T 16/444,having receptacle within,having receptacle within,Compilation of Changes
2023.05,D,Y10T 16/447,Y10T 16/447,for plow,for plow,Compilation of Changes
2023.05,D,Y10T 16/451,Y10T 16/451,"Length adjustable pull handle for luggage or luggage cart [e.g., wheeled suitcase handle, etc.]","Length adjustable pull handle for luggage or luggage cart [e.g., wheeled suitcase handle, etc.]",Compilation of Changes
2023.05,D,Y10T 16/455,Y10T 16/455,"Luggage-type [loop style] handgrip for carrying [e.g., suitcase, handbag, briefcase, shopping bag, package, etc.]","Luggage-type [loop style] handgrip for carrying [e.g., suitcase, handbag, briefcase, shopping bag, package, etc.]",Compilation of Changes
2023.05,D,Y10T 16/4554,Y10T 16/4554,Extensible handle,Extensible handle,Compilation of Changes
2023.05,D,Y10T 16/4559,Y10T 16/4559,Detachable handle,Detachable handle,Compilation of Changes
2023.05,D,Y10T 16/4563,Y10T 16/4563,Welded or adhesively attached handle,Welded or adhesively attached handle,Compilation of Changes
2023.05,D,Y10T 16/4567,Y10T 16/4567,Swinging handle,Swinging handle,Compilation of Changes
2023.05,D,Y10T 16/4569,Y10T 16/4569,with means permanently connecting the handle to a carried article,with means permanently connecting the handle to a carried article,Compilation of Changes
2023.05,D,Y10T 16/4571,Y10T 16/4571,with means permanently connecting the handle to a carried article,with means permanently connecting the handle to a carried article,Compilation of Changes
2023.05,D,Y10T 16/4576,Y10T 16/4576,with carrier handle including a user enhanced grip attachment,with carrier handle including a user enhanced grip attachment,Compilation of Changes
2023.05,D,Y10T 16/458,Y10T 16/458,Door handle,Door handle,Compilation of Changes
2023.05,D,Y10T 16/459,Y10T 16/459,Detachable handle,Detachable handle,Compilation of Changes
2023.05,D,Y10T 16/46,Y10T 16/46,Knob type,Knob type,Compilation of Changes
2023.05,D,Y10T 16/462,Y10T 16/462,Drawer pull,Drawer pull,Compilation of Changes
2023.05,D,Y10T 16/4628,Y10T 16/4628,Lift,Lift,Compilation of Changes
2023.05,D,Y10T 16/4636,Y10T 16/4636,Knob type,Knob type,Compilation of Changes
2023.05,D,Y10T 16/464,Y10T 16/464,Swinging,Swinging,Compilation of Changes
2023.05,D,Y10T 16/4644,Y10T 16/4644,Loop type,Loop type,Compilation of Changes
2023.05,D,Y10T 16/4652,Y10T 16/4652,Ring type,Ring type,Compilation of Changes
2023.05,D,Y10T 16/466,Y10T 16/466,"Handle having mounted grip means [e.g., bicycle handlebar grips, etc.]","Handle having mounted grip means [e.g., bicycle handlebar grips, etc.]",Compilation of Changes
2023.05,D,Y10T 16/469,Y10T 16/469,Detachable handle,Detachable handle,Compilation of Changes
2023.05,D,Y10T 16/4696,Y10T 16/4696,for battery,for battery,Compilation of Changes
2023.05,D,Y10T 16/4701,Y10T 16/4701,for casket,for casket,Compilation of Changes
2023.05,D,Y10T 16/4707,Y10T 16/4707,for container,for container,Compilation of Changes
2023.05,D,Y10T 16/4713,Y10T 16/4713,Auxiliary handle,Auxiliary handle,Compilation of Changes
2023.05,D,Y10T 16/4719,Y10T 16/4719,Extension,Extension,Compilation of Changes
2023.05,D,Y10T 16/4724,Y10T 16/4724,Cord or rope related,Cord or rope related,Compilation of Changes
2023.05,D,Y10T 16/473,Y10T 16/473,Extensible handle,Extensible handle,Compilation of Changes
2023.05,D,Y10T 16/476,Y10T 16/476,"Handle with ergonomic structure [e.g., finger engagement structure such as indents, grooves, etc.] and handle user-interaction [human engineering] enhancements such as improved handle dimensions and handle positioning","Handle with ergonomic structure [e.g., finger engagement structure such as indents, grooves, etc.] and handle user-interaction [human engineering] enhancements such as improved handle dimensions and handle positioning",Compilation of Changes
2023.05,D,Y10T 16/48,Y10T 16/48,Insulated handle,Insulated handle,Compilation of Changes
2023.05,D,Y10T 16/484,Y10T 16/484,Handwheel,Handwheel,Compilation of Changes
2023.05,D,Y10T 16/487,Y10T 16/487,Knob type,Knob type,Compilation of Changes
2023.05,D,Y10T 16/491,Y10T 16/491,Wire type,Wire type,Compilation of Changes
2023.05,D,Y10T 16/495,Y10T 16/495,Unshaped or unattached pad,Unshaped or unattached pad,Compilation of Changes
2023.05,D,Y10T 16/498,Y10T 16/498,Bar-type handle,Bar-type handle,Compilation of Changes
2023.05,D,Y10T 16/499,Y10T 16/499,for lawnmower,for lawnmower,Compilation of Changes
2023.05,D,Y10T 16/05,Y10T 16/05,Swinging,Swinging,Compilation of Changes
2023.05,D,Y10T 16/501,Y10T 16/501,Casket handle,Casket handle,Compilation of Changes
2023.05,D,Y10T 16/502,Y10T 16/502,Braced handle,Braced handle,Compilation of Changes
2023.05,D,Y10T 16/506,Y10T 16/506,Knob-type handle,Knob-type handle,Compilation of Changes
2023.05,D,Y10T 16/508,Y10T 16/508,with flexible suspending means,with flexible suspending means,Compilation of Changes
2023.05,D,Y10T 16/509,Y10T 16/509,Lift,Lift,Compilation of Changes
2023.05,D,Y10T 16/513,Y10T 16/513,Loop-type handle,Loop-type handle,Compilation of Changes
2023.05,D,Y10T 16/515,Y10T 16/515,Swinging,Swinging,Compilation of Changes
2023.05,D,Y10T 16/516,Y10T 16/516,Ring-type handle,Ring-type handle,Compilation of Changes
2023.05,D,Y10T 16/52,Y10T 16/52,Hinge,Hinge,Compilation of Changes
2023.05,D,Y10T 16/521,Y10T 16/521,including frangible or fusible portion,including frangible or fusible portion,Compilation of Changes
2023.05,D,Y10T 16/522,Y10T 16/522,with diverse art portion or attachment,with diverse art portion or attachment,Compilation of Changes
2023.05,D,Y10T 16/524,Y10T 16/524,Ball and socket,Ball and socket,Compilation of Changes
2023.05,D,Y10T 16/525,Y10T 16/525,Pliant or elastic hinge,Pliant or elastic hinge,Compilation of Changes
2023.05,D,Y10T 16/5253,Y10T 16/5253,Metallic,Metallic,Compilation of Changes
2023.05,D,Y10T 16/5257,Y10T 16/5257,Snap or X hinge,Snap or X hinge,Compilation of Changes
2023.05,D,Y10T 16/526,Y10T 16/526,Eyeglass hinge,Eyeglass hinge,Compilation of Changes
2023.05,D,Y10T 16/527,Y10T 16/527,Retractable pintle,Retractable pintle,Compilation of Changes
2023.05,D,Y10T 16/5275,Y10T 16/5275,Latch hinge,Latch hinge,Compilation of Changes
2023.05,D,Y10T 16/528,Y10T 16/528,Latch hinge,Latch hinge,Compilation of Changes
2023.05,D,Y10T 16/5285,Y10T 16/5285,Resilient securing means,Resilient securing means,Compilation of Changes
2023.05,D,Y10T 16/529,Y10T 16/529,including lever for shifting one member of hinge relative to another,including lever for shifting one member of hinge relative to another,Compilation of Changes
2023.05,D,Y10T 16/531,Y10T 16/531,having staggered leaves,having staggered leaves,Compilation of Changes
2023.05,D,Y10T 16/532,Y10T 16/532,including adjustment for changing relative orientation of hinged members,including adjustment for changing relative orientation of hinged members,Compilation of Changes
2023.05,D,Y10T 16/5321,Y10T 16/5321,having plural independent adjustments,having plural independent adjustments,Compilation of Changes
2023.05,D,Y10T 16/5322,Y10T 16/5322,All rectilinear,All rectilinear,Compilation of Changes
2023.05,D,Y10T 16/53225,Y10T 16/53225,including screw-operated means to move hinged members,including screw-operated means to move hinged members,Compilation of Changes
2023.05,D,Y10T 16/5323,Y10T 16/5323,Pivotal adjustment,Pivotal adjustment,Compilation of Changes
2023.05,D,Y10T 16/53235,Y10T 16/53235,including screw-operated means to move hinged members,including screw-operated means to move hinged members,Compilation of Changes
2023.05,D,Y10T 16/53238,Y10T 16/53238,About hinge axis,About hinge axis,Compilation of Changes
2023.05,D,Y10T 16/5324,Y10T 16/5324,including means to move hinged members,including means to move hinged members,Compilation of Changes
2023.05,D,Y10T 16/53247,Y10T 16/53247,Along or parallel to hinge axis,Along or parallel to hinge axis,Compilation of Changes
2023.05,D,Y10T 16/5325,Y10T 16/5325,including threaded hinge pin,including threaded hinge pin,Compilation of Changes
2023.05,D,Y10T 16/53253,Y10T 16/53253,Screw-operated,Screw-operated,Compilation of Changes
2023.05,D,Y10T 16/53257,Y10T 16/53257,to shift plate toward or away from hinged member,to shift plate toward or away from hinged member,Compilation of Changes
2023.05,D,Y10T 16/5326,Y10T 16/5326,"having adjustable spacer between leaf and hinged member [e.g., shim]","having adjustable spacer between leaf and hinged member [e.g., shim]",Compilation of Changes
2023.05,D,Y10T 16/5327,Y10T 16/5327,Adjustable along or parallel to hinge axis,Adjustable along or parallel to hinge axis,Compilation of Changes
2023.05,D,Y10T 16/5329,Y10T 16/5329,having interdigitated surfaces or slot for hinge-to-member fastener,having interdigitated surfaces or slot for hinge-to-member fastener,Compilation of Changes
2023.05,D,Y10T 16/533,Y10T 16/533,having cover,having cover,Compilation of Changes
2023.05,D,Y10T 16/5335,Y10T 16/5335,Leaf cover,Leaf cover,Compilation of Changes
2023.05,D,Y10T 16/534,Y10T 16/534,having clamp for attaching hinge to hinged member,having clamp for attaching hinge to hinged member,Compilation of Changes
2023.05,D,Y10T 16/5345,Y10T 16/5345,Circumferential clamp,Circumferential clamp,Compilation of Changes
2023.05,D,Y10T 16/535,Y10T 16/535,having means to facilitate assembly and disassembly of hinge sections to join or disjoin hinged members,having means to facilitate assembly and disassembly of hinge sections to join or disjoin hinged members,Compilation of Changes
2023.05,D,Y10T 16/5353,Y10T 16/5353,Resiliently biased hinge,Resiliently biased hinge,Compilation of Changes
2023.05,D,Y10T 16/5355,Y10T 16/5355,having helical spring along hinge axis,having helical spring along hinge axis,Compilation of Changes
2023.05,D,Y10T 16/5357,Y10T 16/5357,Resiliently biased retaining means,Resiliently biased retaining means,Compilation of Changes
2023.05,D,Y10T 16/5358,Y10T 16/5358,having discrete latch and spring to slide or pivot latch,having discrete latch and spring to slide or pivot latch,Compilation of Changes
2023.05,D,Y10T 16/5359,Y10T 16/5359,Discrete retaining means for pivotal contacting surfaces,Discrete retaining means for pivotal contacting surfaces,Compilation of Changes
2023.05,D,Y10T 16/536,Y10T 16/536,Separation of pivotal contacting surfaces,Separation of pivotal contacting surfaces,Compilation of Changes
2023.05,D,Y10T 16/53605,Y10T 16/53605,having movable or removable connector,having movable or removable connector,Compilation of Changes
2023.05,D,Y10T 16/53607,Y10T 16/53607,Pintle removable from remainder of hinge,Pintle removable from remainder of hinge,Compilation of Changes
2023.05,D,Y10T 16/536075,Y10T 16/536075,and additional connector for pintle or separate pintle sections,and additional connector for pintle or separate pintle sections,Compilation of Changes
2023.05,D,Y10T 16/53608,Y10T 16/53608,Screw-threaded connector,Screw-threaded connector,Compilation of Changes
2023.05,D,Y10T 16/5361,Y10T 16/5361,Axially shifting hinge sections,Axially shifting hinge sections,Compilation of Changes
2023.05,D,Y10T 16/53613,Y10T 16/53613,At specific angular orientation of hinge sections,At specific angular orientation of hinge sections,Compilation of Changes
2023.05,D,Y10T 16/53615,Y10T 16/53615,Hook and pin,Hook and pin,Compilation of Changes
2023.05,D,Y10T 16/5362,Y10T 16/5362,Hook in aperture,Hook in aperture,Compilation of Changes
2023.05,D,Y10T 16/53625,Y10T 16/53625,Hook to hook,Hook to hook,Compilation of Changes
2023.05,D,Y10T 16/5363,Y10T 16/5363,and discrete movable or removable connector to fasten one hinge section to another,and discrete movable or removable connector to fasten one hinge section to another,Compilation of Changes
2023.05,D,Y10T 16/5367,Y10T 16/5367,"by relatively sliding connection [e.g., dovetail]","by relatively sliding connection [e.g., dovetail]",Compilation of Changes
2023.05,D,Y10T 16/5369,Y10T 16/5369,including receiving connector attachable to hinged member,including receiving connector attachable to hinged member,Compilation of Changes
2023.05,D,Y10T 16/537,Y10T 16/537,having means to reduce friction between hinge parts,having means to reduce friction between hinge parts,Compilation of Changes
2023.05,D,Y10T 16/5373,Y10T 16/5373,by fluid lubricant,by fluid lubricant,Compilation of Changes
2023.05,D,Y10T 16/5377,Y10T 16/5377,Ball or roller bearing,Ball or roller bearing,Compilation of Changes
2023.05,D,Y10T 16/5379,Y10T 16/5379,Circularly distributed balls or rollers,Circularly distributed balls or rollers,Compilation of Changes
2023.05,D,Y10T 16/538,Y10T 16/538,Resiliently biased hinge,Resiliently biased hinge,Compilation of Changes
2023.05,D,Y10T 16/5381,Y10T 16/5381,including means to render spring ineffective through all or a portion of swing,including means to render spring ineffective through all or a portion of swing,Compilation of Changes
2023.05,D,Y10T 16/53815,Y10T 16/53815,comprising manipulatable element or portion,comprising manipulatable element or portion,Compilation of Changes
2023.05,D,Y10T 16/5382,Y10T 16/5382,"Biased from either direction toward neutral position [e.g., double acting]","Biased from either direction toward neutral position [e.g., double acting]",Compilation of Changes
2023.05,D,Y10T 16/53822,Y10T 16/53822,Helical spring transverse to hinge axis,Helical spring transverse to hinge axis,Compilation of Changes
2023.05,D,Y10T 16/53824,Y10T 16/53824,"Plural hinge axes [e.g., multiple pintle]","Plural hinge axes [e.g., multiple pintle]",Compilation of Changes
2023.05,D,Y10T 16/53825,Y10T 16/53825,and barrels for helical springs on separate axes,and barrels for helical springs on separate axes,Compilation of Changes
2023.05,D,Y10T 16/53826,Y10T 16/53826,Resiliently biased rolling or sliding cam surface,Resiliently biased rolling or sliding cam surface,Compilation of Changes
2023.05,D,Y10T 16/53828,Y10T 16/53828,by helical spring along hinge axis,by helical spring along hinge axis,Compilation of Changes
2023.05,D,Y10T 16/5383,Y10T 16/5383,having transverse helical spring or elastic strip,having transverse helical spring or elastic strip,Compilation of Changes
2023.05,D,Y10T 16/53832,Y10T 16/53832,"Plural hinge axes [e.g., multiple pintle ]","Plural hinge axes [e.g., multiple pintle ]",Compilation of Changes
2023.05,D,Y10T 16/53833,Y10T 16/53833,Four or more axes,Four or more axes,Compilation of Changes
2023.05,D,Y10T 16/53834,Y10T 16/53834,"to counterbalance weight of hinged member [e.g., closure biased to open position]","to counterbalance weight of hinged member [e.g., closure biased to open position]",Compilation of Changes
2023.05,D,Y10T 16/53835,Y10T 16/53835,including pivoted coaxial spring retaining bar,including pivoted coaxial spring retaining bar,Compilation of Changes
2023.05,D,Y10T 16/53836,Y10T 16/53836,"Over-center spring or linkage travel [e.g., ""holdback hinge""]","Over-center spring or linkage travel [e.g., ""holdback hinge""]",Compilation of Changes
2023.05,D,Y10T 16/53838,Y10T 16/53838,"having means to hold hinged members against pivotal movement about hinge axis [i.e., catch]","having means to hold hinged members against pivotal movement about hinge axis [i.e., catch]",Compilation of Changes
2023.05,D,Y10T 16/5384,Y10T 16/5384,"Over-center spring or linkage travel [e.g., ""holdback hinge""]","Over-center spring or linkage travel [e.g., ""holdback hinge""]",Compilation of Changes
2023.05,D,Y10T 16/53843,Y10T 16/53843,Plural hinge axes,Plural hinge axes,Compilation of Changes
2023.05,D,Y10T 16/53845,Y10T 16/53845,Coil spring having axis along or parallel to hinge axis,Coil spring having axis along or parallel to hinge axis,Compilation of Changes
2023.05,D,Y10T 16/53848,Y10T 16/53848,including camming or sliding surface to deflect spring perpendicularly to the hinge axis,including camming or sliding surface to deflect spring perpendicularly to the hinge axis,Compilation of Changes
2023.05,D,Y10T 16/5385,Y10T 16/5385,"having means to hold hinged members against pivotal movement about hinge axis [e.g., catch]","having means to hold hinged members against pivotal movement about hinge axis [e.g., catch]",Compilation of Changes
2023.05,D,Y10T 16/5386,Y10T 16/5386,having force adjustment,having force adjustment,Compilation of Changes
2023.05,D,Y10T 16/53862,Y10T 16/53862,Rotatable spring-engaging collar,Rotatable spring-engaging collar,Compilation of Changes
2023.05,D,Y10T 16/538627,Y10T 16/538627,having detention aperture or protuberance,having detention aperture or protuberance,Compilation of Changes
2023.05,D,Y10T 16/538633,Y10T 16/538633,having tool-receiving aperture,having tool-receiving aperture,Compilation of Changes
2023.05,D,Y10T 16/53864,Y10T 16/53864,"Plural hinge axes [e.g., multiple pintle]","Plural hinge axes [e.g., multiple pintle]",Compilation of Changes
2023.05,D,Y10T 16/5387,Y10T 16/5387,having axially biased camming surface,having axially biased camming surface,Compilation of Changes
2023.05,D,Y10T 16/5388,Y10T 16/5388,Coil,Coil,Compilation of Changes
2023.05,D,Y10T 16/53883,Y10T 16/53883,Plural coils,Plural coils,Compilation of Changes
2023.05,D,Y10T 16/53885,Y10T 16/53885,"to counterbalance weight of hinged member [e.g., horizontal closure biased to open position]","to counterbalance weight of hinged member [e.g., horizontal closure biased to open position]",Compilation of Changes
2023.05,D,Y10T 16/53888,Y10T 16/53888,On pintle,On pintle,Compilation of Changes
2023.05,D,Y10T 16/5389,Y10T 16/5389,torsion spring,torsion spring,Compilation of Changes
2023.05,D,Y10T 16/539,Y10T 16/539,Gravitating hinge having vertical axis,Gravitating hinge having vertical axis,Compilation of Changes
2023.05,D,Y10T 16/5393,Y10T 16/5393,having lift rod,having lift rod,Compilation of Changes
2023.05,D,Y10T 16/5395,Y10T 16/5395,having plural spaced hinge axes,having plural spaced hinge axes,Compilation of Changes
2023.05,D,Y10T 16/5398,Y10T 16/5398,including cam surface and follower,including cam surface and follower,Compilation of Changes
2023.05,D,Y10T 16/53984,Y10T 16/53984,and rolling element,and rolling element,Compilation of Changes
2023.05,D,Y10T 16/53985,Y10T 16/53985,Between opposing surfaces,Between opposing surfaces,Compilation of Changes
2023.05,D,Y10T 16/53987,Y10T 16/53987,and detent in cam surface,and detent in cam surface,Compilation of Changes
2023.05,D,Y10T 16/53988,Y10T 16/53988,On axially twisted or helically fluted element,On axially twisted or helically fluted element,Compilation of Changes
2023.05,D,Y10T 16/53992,Y10T 16/53992,including means to hold hinged members against pivotal movement,including means to hold hinged members against pivotal movement,Compilation of Changes
2023.05,D,Y10T 16/53996,Y10T 16/53996,"having aperture for slidably receiving pintle [e.g., camming knuckle]","having aperture for slidably receiving pintle [e.g., camming knuckle]",Compilation of Changes
2023.05,D,Y10T 16/54,Y10T 16/54,"including means to hold or retard hinged members against pivotal movement [e.g., catch]","including means to hold or retard hinged members against pivotal movement [e.g., catch]",Compilation of Changes
2023.05,D,Y10T 16/5401,Y10T 16/5401,Magnetic,Magnetic,Compilation of Changes
2023.05,D,Y10T 16/5402,Y10T 16/5402,Resiliently biased catch,Resiliently biased catch,Compilation of Changes
2023.05,D,Y10T 16/54021,Y10T 16/54021,having spring force adjustment,having spring force adjustment,Compilation of Changes
2023.05,D,Y10T 16/54023,Y10T 16/54023,including toggle linkage,including toggle linkage,Compilation of Changes
2023.05,D,Y10T 16/54024,Y10T 16/54024,"having discrete manipulatable release means [e.g., lever]","having discrete manipulatable release means [e.g., lever]",Compilation of Changes
2023.05,D,Y10T 16/540243,Y10T 16/540243,including cam or eccentric,including cam or eccentric,Compilation of Changes
2023.05,D,Y10T 16/540247,Y10T 16/540247,Sliding release means or lever-actuated sliding catch,Sliding release means or lever-actuated sliding catch,Compilation of Changes
2023.05,D,Y10T 16/54025,Y10T 16/54025,Sliding,Sliding,Compilation of Changes
2023.05,D,Y10T 16/540253,Y10T 16/540253,Movement along or parallel to hinge axis,Movement along or parallel to hinge axis,Compilation of Changes
2023.05,D,Y10T 16/540254,Y10T 16/540254,Interdigitated or plural sockets,Interdigitated or plural sockets,Compilation of Changes
2023.05,D,Y10T 16/540255,Y10T 16/540255,Opposed interdigitated sliding collars on hinge axis,Opposed interdigitated sliding collars on hinge axis,Compilation of Changes
2023.05,D,Y10T 16/540256,Y10T 16/540256,and catch receiving socket,and catch receiving socket,Compilation of Changes
2023.05,D,Y10T 16/540257,Y10T 16/540257,and catch receiving socket,and catch receiving socket,Compilation of Changes
2023.05,D,Y10T 16/54026,Y10T 16/54026,Pivoted,Pivoted,Compilation of Changes
2023.05,D,Y10T 16/54028,Y10T 16/54028,Plural alternately useable detents,Plural alternately useable detents,Compilation of Changes
2023.05,D,Y10T 16/54029,Y10T 16/54029,Spring arm,Spring arm,Compilation of Changes
2023.05,D,Y10T 16/540295,Y10T 16/540295,Plural opposed arms,Plural opposed arms,Compilation of Changes
2023.05,D,Y10T 16/5403,Y10T 16/5403,by friction,by friction,Compilation of Changes
2023.05,D,Y10T 16/54033,Y10T 16/54033,Screw-threaded adjustment,Screw-threaded adjustment,Compilation of Changes
2023.05,D,Y10T 16/54034,Y10T 16/54034,Along or parallel to hinge axis,Along or parallel to hinge axis,Compilation of Changes
2023.05,D,Y10T 16/540345,Y10T 16/540345,Threaded pintle,Threaded pintle,Compilation of Changes
2023.05,D,Y10T 16/54035,Y10T 16/54035,Cam or wedge actuator,Cam or wedge actuator,Compilation of Changes
2023.05,D,Y10T 16/54038,Y10T 16/54038,On hinge pin or between surfaces surrounding hinge axis,On hinge pin or between surfaces surrounding hinge axis,Compilation of Changes
2023.05,D,Y10T 16/5404,Y10T 16/5404,Pivoted,Pivoted,Compilation of Changes
2023.05,D,Y10T 16/54044,Y10T 16/54044,Plural alternately useable detents,Plural alternately useable detents,Compilation of Changes
2023.05,D,Y10T 16/54048,Y10T 16/54048,and sliding,and sliding,Compilation of Changes
2023.05,D,Y10T 16/54052,Y10T 16/54052,"Serially connected pivoted arms between leaves [e.g., brace]","Serially connected pivoted arms between leaves [e.g., brace]",Compilation of Changes
2023.05,D,Y10T 16/54056,Y10T 16/54056,About axis along or parallel to hinge axis,About axis along or parallel to hinge axis,Compilation of Changes
2023.05,D,Y10T 16/5406,Y10T 16/5406,by transversely moving pin in slot,by transversely moving pin in slot,Compilation of Changes
2023.05,D,Y10T 16/5407,Y10T 16/5407,"having discrete manipulatable release means [e.g., lever operated]","having discrete manipulatable release means [e.g., lever operated]",Compilation of Changes
2023.05,D,Y10T 16/5408,Y10T 16/5408,by shifting hinged members,by shifting hinged members,Compilation of Changes
2023.05,D,Y10T 16/54085,Y10T 16/54085,Along hinge axis,Along hinge axis,Compilation of Changes
2023.05,D,Y10T 16/5409,Y10T 16/5409,Sliding,Sliding,Compilation of Changes
2023.05,D,Y10T 16/54095,Y10T 16/54095,Along or parallel to hinge axis,Along or parallel to hinge axis,Compilation of Changes
2023.05,D,Y10T 16/541,Y10T 16/541,including toothed gear,including toothed gear,Compilation of Changes
2023.05,D,Y10T 16/542,Y10T 16/542,comprising nested open curved portions attached to hinged members,comprising nested open curved portions attached to hinged members,Compilation of Changes
2023.05,D,Y10T 16/543,Y10T 16/543,including hinge pin,including hinge pin,Compilation of Changes
2023.05,D,Y10T 16/544,Y10T 16/544,including transversely moving pin in slot,including transversely moving pin in slot,Compilation of Changes
2023.05,D,Y10T 16/5443,Y10T 16/5443,Plural noncollinear pins and slots,Plural noncollinear pins and slots,Compilation of Changes
2023.05,D,Y10T 16/5444,Y10T 16/5444,Parallel slots,Parallel slots,Compilation of Changes
2023.05,D,Y10T 16/5445,Y10T 16/5445,having pin fixed to pivoted arm or plate,having pin fixed to pivoted arm or plate,Compilation of Changes
2023.05,D,Y10T 16/5448,Y10T 16/5448,Hinge pin movable along slot,Hinge pin movable along slot,Compilation of Changes
2023.05,D,Y10T 16/545,Y10T 16/545,including sliding surfaces to permit relative translation of hinged members,including sliding surfaces to permit relative translation of hinged members,Compilation of Changes
2023.05,D,Y10T 16/5453,Y10T 16/5453,and stop or abutment for pivotal movement,and stop or abutment for pivotal movement,Compilation of Changes
2023.05,D,Y10T 16/5457,Y10T 16/5457,Movement transverse to hinge axis,Movement transverse to hinge axis,Compilation of Changes
2023.05,D,Y10T 16/546,Y10T 16/546,Three-hinged members,Three-hinged members,Compilation of Changes
2023.05,D,Y10T 16/547,Y10T 16/547,"having plural hinge axes [e.g., multiple pintle]","having plural hinge axes [e.g., multiple pintle]",Compilation of Changes
2023.05,D,Y10T 16/5472,Y10T 16/5472,having transverse or skewed axes,having transverse or skewed axes,Compilation of Changes
2023.05,D,Y10T 16/5474,Y10T 16/5474,Connected by serially arranged pivoted links between hinged members,Connected by serially arranged pivoted links between hinged members,Compilation of Changes
2023.05,D,Y10T 16/5475,Y10T 16/5475,Plural sets of serially arranged pivoted links,Plural sets of serially arranged pivoted links,Compilation of Changes
2023.05,D,Y10T 16/5476,Y10T 16/5476,Four or more axes,Four or more axes,Compilation of Changes
2023.05,D,Y10T 16/5478,Y10T 16/5478,including stop or latch,including stop or latch,Compilation of Changes
2023.05,D,Y10T 16/548,Y10T 16/548,including laminated leaf,including laminated leaf,Compilation of Changes
2023.05,D,Y10T 16/549,Y10T 16/549,Wire hinge,Wire hinge,Compilation of Changes
2023.05,D,Y10T 16/551,Y10T 16/551,having stop or abutment,having stop or abutment,Compilation of Changes
2023.05,D,Y10T 16/5513,Y10T 16/5513,Adjustable or resilient,Adjustable or resilient,Compilation of Changes
2023.05,D,Y10T 16/5515,Y10T 16/5515,comprising relieved axially opposed relatively rotating surfaces,comprising relieved axially opposed relatively rotating surfaces,Compilation of Changes
2023.05,D,Y10T 16/5518,Y10T 16/5518,comprising platelike bearing portion curved about hinge axis,comprising platelike bearing portion curved about hinge axis,Compilation of Changes
2023.05,D,Y10T 16/552,Y10T 16/552,"Hinge axis passes through hinged member [e.g., floor hinge]","Hinge axis passes through hinged member [e.g., floor hinge]",Compilation of Changes
2023.05,D,Y10T 16/5525,Y10T 16/5525,Pintle or pivot concealed in hinged member,Pintle or pivot concealed in hinged member,Compilation of Changes
2023.05,D,Y10T 16/553,Y10T 16/553,"including means to retain pintle in hinge [e.g., tamper proof, nonrising pintle, etc,]","including means to retain pintle in hinge [e.g., tamper proof, nonrising pintle, etc,]",Compilation of Changes
2023.05,D,Y10T 16/5535,Y10T 16/5535,Threaded or slotted pintle or knuckle,Threaded or slotted pintle or knuckle,Compilation of Changes
2023.05,D,Y10T 16/554,Y10T 16/554,including means to fasten leaf to member,including means to fasten leaf to member,Compilation of Changes
2023.05,D,Y10T 16/5543,Y10T 16/5543,by expandable connector,by expandable connector,Compilation of Changes
2023.05,D,Y10T 16/5547,Y10T 16/5547,Self-penetrating fastener,Self-penetrating fastener,Compilation of Changes
2023.05,D,Y10T 16/555,Y10T 16/555,Specified material,Specified material,Compilation of Changes
2023.05,D,Y10T 16/557,Y10T 16/557,Specific pintle structure,Specific pintle structure,Compilation of Changes
2023.05,D,Y10T 16/558,Y10T 16/558,Specific leaf structure,Specific leaf structure,Compilation of Changes
2023.05,D,Y10T 16/559,Y10T 16/559,having prongs or cooperating structure on leaf,having prongs or cooperating structure on leaf,Compilation of Changes
2023.05,D,Y10T 16/5595,Y10T 16/5595,Angular leaf sections,Angular leaf sections,Compilation of Changes
2023.05,D,Y10T 16/55963,Y10T 16/55963,Parallel sections,Parallel sections,Compilation of Changes
2023.05,D,Y10T 16/55975,Y10T 16/55975,Coplanar sections,Coplanar sections,Compilation of Changes
2023.05,D,Y10T 16/55988,Y10T 16/55988,including planar section perpendicular to hinge axis,including planar section perpendicular to hinge axis,Compilation of Changes
2023.05,D,Y10T 16/56,Y10T 16/56,Closers,Closers,Compilation of Changes
2023.05,D,Y10T 16/568,Y10T 16/568,Spring and flexible link,Spring and flexible link,Compilation of Changes
2023.05,D,Y10T 16/577,Y10T 16/577,Spring and gear,Spring and gear,Compilation of Changes
2023.05,D,Y10T 16/585,Y10T 16/585,Spring and lever,Spring and lever,Compilation of Changes
2023.05,D,Y10T 16/593,Y10T 16/593,Spring,Spring,Compilation of Changes
2023.05,D,Y10T 16/595,Y10T 16/595,Bow,Bow,Compilation of Changes
2023.05,D,Y10T 16/597,Y10T 16/597,Rubber,Rubber,Compilation of Changes
2023.05,D,Y10T 16/599,Y10T 16/599,torsional,torsional,Compilation of Changes
2023.05,D,Y10T 16/5995,Y10T 16/5995,Coil,Coil,Compilation of Changes
2023.05,D,Y10T 16/06,Y10T 16/06,Volute,Volute,Compilation of Changes
2023.05,D,Y10T 16/602,Y10T 16/602,Weight,Weight,Compilation of Changes
2023.05,D,Y10T 16/61,Y10T 16/61,Closure checks,Closure checks,Compilation of Changes
2023.05,D,Y10T 16/615,Y10T 16/615,Inertia,Inertia,Compilation of Changes
2023.05,D,Y10T 16/62,Y10T 16/62,Pneumatic,Pneumatic,Compilation of Changes
2023.05,D,Y10T 16/625,Y10T 16/625,Spring,Spring,Compilation of Changes
2023.05,D,Y10T 16/628,Y10T 16/628,Rubber,Rubber,Compilation of Changes
2023.05,D,Y10T 16/6285,Y10T 16/6285,Rubber cushioned,Rubber cushioned,Compilation of Changes
2023.05,D,Y10T 16/629,Y10T 16/629,Multiple or opposed buffer surfaces,Multiple or opposed buffer surfaces,Compilation of Changes
2023.05,D,Y10T 16/6295,Y10T 16/6295,Link type,Link type,Compilation of Changes
2023.05,D,Y10T 16/6298,Y10T 16/6298,Sash balances,Sash balances,Compilation of Changes
2023.05,D,Y10T 16/63,Y10T 16/63,Cord and counterweight,Cord and counterweight,Compilation of Changes
2023.05,D,Y10T 16/635,Y10T 16/635,Sash and cord,Sash and cord,Compilation of Changes
2023.05,D,Y10T 16/64,Y10T 16/64,Spring,Spring,Compilation of Changes
2023.05,D,Y10T 16/641,Y10T 16/641,Drum and cord,Drum and cord,Compilation of Changes
2023.05,D,Y10T 16/642,Y10T 16/642,Friction roller,Friction roller,Compilation of Changes
2023.05,D,Y10T 16/643,Y10T 16/643,Lever,Lever,Compilation of Changes
2023.05,D,Y10T 16/644,Y10T 16/644,Rack and pinion,Rack and pinion,Compilation of Changes
2023.05,D,Y10T 16/645,Y10T 16/645,Rack and pinion,Rack and pinion,Compilation of Changes
2023.05,D,Y10T 16/65,Y10T 16/65,Sash-cord fasteners,Sash-cord fasteners,Compilation of Changes
2023.05,D,Y10T 16/655,Y10T 16/655,Bendable,Bendable,Compilation of Changes
2023.05,D,Y10T 16/66,Y10T 16/66,Chain,Chain,Compilation of Changes
2023.05,D,Y10T 16/665,Y10T 16/665,Clamps,Clamps,Compilation of Changes
2023.05,D,Y10T 16/67,Y10T 16/67,Hooks,Hooks,Compilation of Changes
2023.05,D,Y10T 16/675,Y10T 16/675,Knot,Knot,Compilation of Changes
2023.05,D,Y10T 16/68,Y10T 16/68,Slack-cord holders,Slack-cord holders,Compilation of Changes
2023.05,D,Y10T 16/685,Y10T 16/685,Weight,Weight,Compilation of Changes
2023.05,D,Y10T 16/69,Y10T 16/69,Sash-cord guides,Sash-cord guides,Compilation of Changes
2023.05,D,Y10T 16/698,Y10T 16/698,Wheel and casing,Wheel and casing,Compilation of Changes
2023.05,D,Y10T 16/706,Y10T 16/706,Casings,Casings,Compilation of Changes
2023.05,D,Y10T 16/71,Y10T 16/71,"Sheet metal, single piece","Sheet metal, single piece",Compilation of Changes
2023.05,D,Y10T 16/714,Y10T 16/714,Multiple wheel,Multiple wheel,Compilation of Changes
2023.05,D,Y10T 16/722,Y10T 16/722,Sliding,Sliding,Compilation of Changes
2023.05,D,Y10T 16/73,Y10T 16/73,Sash weights,Sash weights,Compilation of Changes
2023.05,D,Y10T 16/743,Y10T 16/743,Composite,Composite,Compilation of Changes
2023.05,D,Y10T 16/755,Y10T 16/755,Sectional,Sectional,Compilation of Changes
2023.05,D,Y10T 16/767,Y10T 16/767,Weight and wheel,Weight and wheel,Compilation of Changes
2023.05,D,Y10T 16/78,Y10T 16/78,Window-bead fasteners,Window-bead fasteners,Compilation of Changes
2023.05,D,Y10T 16/82,Y10T 16/82,"Counterbalance device, per se","Counterbalance device, per se",Compilation of Changes
2023.05,D,Y10T 16/84,Y10T 16/84,Spring,Spring,Compilation of Changes
2023.05,D,Y10T 16/86,Y10T 16/86,Door escutcheon or similar element,Door escutcheon or similar element,Compilation of Changes
2023.05,D,Y10T 16/09,Y10T 16/09,Paper weight,Paper weight,Compilation of Changes
2023.05,D,Y10T 16/95,Y10T 16/95,Miscellaneous element or attachment,Miscellaneous element or attachment,Compilation of Changes
2023.05,U,Y10T 464/00,Y10T 464/00,"Rotary shafts, gudgeons, housings, and flexible couplings for rotary shafts","Rotary shafts, gudgeons, housings, and flexible couplings for rotary shafts",Compilation of Changes
2023.05,D,Y10T 464/01,Y10T 464/01,having heating or cooling means,having heating or cooling means,Compilation of Changes
2023.05,D,Y10T 464/02,Y10T 464/02,with auxilliary indicator or alarm,with auxilliary indicator or alarm,Compilation of Changes
2023.05,D,Y10T 464/03,Y10T 464/03,Electrical or magnetic coupling,Electrical or magnetic coupling,Compilation of Changes
2023.05,D,Y10T 464/04,Y10T 464/04,"Coupling accommodates drive between members having misaligned or angularly related axes, transmits torque via radially directed pin, and has particular balancing means","Coupling accommodates drive between members having misaligned or angularly related axes, transmits torque via radially directed pin, and has particular balancing means",Compilation of Changes
2023.05,D,Y10T 464/05,Y10T 464/05,Shafting having particular vibration dampening or balancing structure,Shafting having particular vibration dampening or balancing structure,Compilation of Changes
